{"type": "FeatureCollection", "features": [{"type": "Feature", "geometry": {"type": "LineString", "coordinates": [[-160.09231, 22.005152], [-160.092359, 22.005075], [-160.092408, 22.004997], [-160.092457, 22.004919], [-160.092507, 22.004841], [-160.092556, 22.004764], [-160.092588, 22.004686], [-160.092533, 22.004611], [-160.092479, 22.004537], [-160.092425, 22.004462], [-160.092418, 22.004381], [-160.092448, 22.004295], [-160.092478, 22.004209], [-160.092508, 22.004123], [-160.092538, 22.004037], [-160.092568, 22.003951], [-160.092569, 22.003893], [-160.092477, 22.003922], [-160.092385, 22.003951], [-160.092301, 22.003971]]}, "properties": {"seg_id": 0, "ring_id": 0, "i0": 0, "i1": 20, "length_m": 200.0, "score": -2.4476758849412947, "bay": 0.3145681619644165, "exposure": -0.5846447566838947, "strip_m": 95.0, "cx": 387233.349680857, "cy": 2433721.1218239283, "selected": false, "order": -1, "sortie": -1}}, {"type": "Feature", "geometry": {"type": "LineString", "coordinates": [[-160.0923, 22.003881], [-160.092299, 22.003791], [-160.092299, 22.0037], [-160.092298, 22.00361], [-160.092297, 22.00352], [-160.092296, 22.003429], [-160.092296, 22.003339], [-160.092297, 22.003249], [-160.092327, 22.003163], [-160.092357, 22.003077], [-160.092387, 22.002991], [-160.092417, 22.002905], [-160.092447, 22.00282], [-160.092477, 22.002734], [-160.092507, 22.002648], [-160.092537, 22.002562], [-160.092567, 22.002476], [-160.092597, 22.00239], [-160.092627, 22.002304], [-160.092657, 22.002218]]}, "properties": {"seg_id": 1, "ring_id": 0, "i0": 20, "i1": 40, "length_m": 200.0, "score": 0.3184822649661684, "bay": 0.5482830420136452, "exposure": -0.7358592671203081, "strip_m": 59.5, "cx": 387237.5095360799, "cy": 2433566.2602847675, "selected": false, "order": -1, "sortie": -1}}, {"type": "Feature", "geometry": {"type": "LineString", "coordinates": [[-160.092702, 22.00214], [-160.092766, 22.002073], [-160.09283, 22.002005], [-160.092895, 22.001937], [-160.092959, 22.00187], [-160.093023, 22.001802], [-160.093087, 22.001735], [-160.093152, 22.001667], [-160.093216, 22.0016], [-160.09328, 22.001532], [-160.093345, 22.001464], [-160.093409, 22.001397], [-160.093473, 22.001329], [-160.093537, 22.001262], [-160.093602, 22.001194], [-160.093666, 22.001127], [-160.09373, 22.001059], [-160.093795, 22.000991], [-160.093859, 22.000924], [-160.093923, 22.000856]]}, "properties": {"seg_id": 2, "ring_id": 0, "i0": 40, "i1": 60, "length_m": 200.0, "score": 0.6407507443588566, "bay": 0.5405827328562737, "exposure": -0.31465744478200774, "strip_m": 31.5, "cx": 387143.588170322, "cy": 2433396.209078136, "selected": true, "order": 107, "sortie": 7}}, {"type": "Feature", "geometry": {"type": "LineString", "coordinates": [[-160.093987, 22.000789], [-160.094052, 22.000721], [-160.094116, 22.000654], [-160.09418, 22.000586], [-160.094245, 22.000518], [-160.094309, 22.000451], [-160.094373, 22.000383], [-160.094445, 22.000323], [-160.094522, 22.000269], [-160.0946, 22.000216], [-160.094678, 22.000162], [-160.094756, 22.000108], [-160.094834, 22.000055], [-160.094912, 22.000001], [-160.09499, 21.999947], [-160.095068, 21.999894], [-160.095146, 21.99984], [-160.095224, 21.999786], [-160.095302, 21.999733], [-160.09538, 21.999679]]}, "properties": {"seg_id": 3, "ring_id": 0, "i0": 60, "i1": 80, "length_m": 200.0, "score": 0.7405520517170591, "bay": 0.5382414236664772, "exposure": -0.17636008119685356, "strip_m": 34.5, "cx": 387003.8714368703, "cy": 2433254.124645903, "selected": true, "order": 108, "sortie": 7}}, {"type": "Feature", "geometry": {"type": "LineString", "coordinates": [[-160.095458, 21.999625], [-160.095549, 21.999598], [-160.095642, 21.999572], [-160.095735, 21.999547], [-160.095828, 21.999521], [-160.095921, 21.999496], [-160.096014, 21.999471], [-160.096107, 21.999445], [-160.096157, 21.99938], [-160.096183, 21.999293], [-160.096209, 21.999206], [-160.096235, 21.999119], [-160.096261, 21.999032], [-160.096287, 21.998945], [-160.096313, 21.998858], [-160.096356, 21.998782], [-160.096432, 21.998725], [-160.096507, 21.998668], [-160.096582, 21.998611], [-160.096657, 21.998554]]}, "properties": {"seg_id": 4, "ring_id": 0, "i0": 80, "i1": 100, "length_m": 200.0, "score": 0.30198431499628126, "bay": 0.4949531778693199, "exposure": -0.20821387820250087, "strip_m": 59.5, "cx": 386851.74149123754, "cy": 2433140.826755432, "selected": false, "order": -1, "sortie": -1}}, {"type": "Feature", "geometry": {"type": "LineString", "coordinates": [[-160.096732, 21.998497], [-160.096808, 21.99844], [-160.096903, 21.998437], [-160.097, 21.998436], [-160.097097, 21.998436], [-160.097194, 21.998435], [-160.097227, 21.998353], [-160.097257, 21.998267], [-160.097287, 21.998181], [-160.097317, 21.998095], [-160.097347, 21.998009], [-160.097377, 21.997924], [-160.097449, 21.997891], [-160.097546, 21.997891], [-160.097643, 21.99789], [-160.09774, 21.99789], [-160.097748, 21.99794], [-160.097706, 21.998022], [-160.097663, 21.998103], [-160.09762, 21.998184]]}, "properties": {"seg_id": 5, "ring_id": 0, "i0": 100, "i1": 120, "length_m": 200.0, "score": 0.6010893174640466, "bay": 0.5169094771146774, "exposure": 0.04720148518857471, "strip_m": 54.5, "cx": 386725.88013893523, "cy": 2433030.3175866, "selected": true, "order": 109, "sortie": 7}}, {"type": "Feature", "geometry": {"type": "LineString", "coordinates": [[-160.0976, 21.998252], [-160.097697, 21.998251], [-160.097794, 21.998251], [-160.09789, 21.99825], [-160.097974, 21.998235], [-160.097987, 21.998146], [-160.098, 21.998056], [-160.098013, 21.997967], [-160.098026, 21.997877], [-160.098039, 21.997788], [-160.098052, 21.997698], [-160.098072, 21.997616], [-160.098169, 21.997616], [-160.098266, 21.997615], [-160.098352, 21.997607], [-160.098328, 21.997519], [-160.098304, 21.997432], [-160.09828, 21.997344], [-160.098256, 21.997257], [-160.09832, 21.997192]]}, "properties": {"seg_id": 6, "ring_id": 0, "i0": 120, "i1": 140, "length_m": 200.0, "score": -0.9958403656335717, "bay": 0.41800209432840346, "exposure": -0.30650727194667665, "strip_m": 59.5, "cx": 386649.4121046396, "cy": 2432990.150779366, "selected": false, "order": -1, "sortie": -1}}, {"type": "Feature", "geometry": {"type": "LineString", "coordinates": [[-160.098388, 21.997127], [-160.098456, 21.997063], [-160.098524, 21.996999], [-160.098592, 21.996934], [-160.09866, 21.99687], [-160.098728, 21.996806], [-160.098796, 21.996741], [-160.098864, 21.996677], [-160.098932, 21.996613], [-160.099, 21.996548], [-160.099068, 21.996484], [-160.099136, 21.99642], [-160.099204, 21.996355], [-160.099285, 21.996307], [-160.099369, 21.996261], [-160.099453, 21.996216], [-160.099537, 21.996171], [-160.09962, 21.996125], [-160.099704, 21.99608], [-160.099788, 21.996034]]}, "properties": {"seg_id": 7, "ring_id": 0, "i0": 140, "i1": 160, "length_m": 200.0, "score": 1.3170351201356634, "bay": 0.5795005232095718, "exposure": -0.1624965862245706, "strip_m": 54.5, "cx": 386546.7770553955, "cy": 2432851.7553318175, "selected": true, "order": 110, "sortie": 7}}, {"type": "Feature", "geometry": {"type": "LineString", "coordinates": [[-160.099872, 21.995989], [-160.099965, 21.995978], [-160.100062, 21.995977], [-160.100159, 21.995976], [-160.100256, 21.995976], [-160.100353, 21.995975], [-160.10045, 21.995974], [-160.100546, 21.995974], [-160.100643, 21.995973], [-160.10074, 21.995972], [-160.100837, 21.995972], [-160.100934, 21.995971], [-160.101027, 21.995992], [-160.101119, 21.99602], [-160.101211, 21.996048], [-160.101303, 21.996076], [-160.101396, 21.996104], [-160.101488, 21.996132], [-160.10158, 21.99616], [-160.101672, 21.996188]]}, "properties": {"seg_id": 8, "ring_id": 0, "i0": 160, "i1": 180, "length_m": 200.0, "score": 1.9630343078347987, "bay": 0.5703954339027405, "exposure": 0.5853700816025673, "strip_m": 104.0, "cx": 386368.2563637729, "cy": 2432795.4482942256, "selected": true, "order": 111, "sortie": 7}}, {"type": "Feature", "geometry": {"type": "LineString", "coordinates": [[-160.101764, 21.996216], [-160.101856, 21.996244], [-160.101948, 21.996272], [-160.10204, 21.9963], [-160.10213, 21.996332], [-160.102199, 21.996395], [-160.102268, 21.996458], [-160.102337, 21.996522], [-160.102406, 21.996585], [-160.102475, 21.996649], [-160.102544, 21.996712], [-160.102613, 21.996775], [-160.102682, 21.996839], [-160.102751, 21.996902], [-160.10282, 21.996966], [-160.102889, 21.997029], [-160.102958, 21.997092], [-160.103027, 21.997156], [-160.103096, 21.997219], [-160.103171, 21.997166]]}, "properties": {"seg_id": 9, "ring_id": 0, "i0": 180, "i1": 200, "length_m": 200.0, "score": 0.9325559900684173, "bay": 0.4674817964434624, "exposure": 0.8446988256178175, "strip_m": 105.5, "cx": 386191.4418333216, "cy": 2432870.898899045, "selected": true, "order": 112, "sortie": 7}}, {"type": "Feature", "geometry": {"type": "LineString", "coordinates": [[-160.103246, 21.997109], [-160.103321, 21.997052], [-160.103396, 21.996995], [-160.103471, 21.996938], [-160.103547, 21.996881], [-160.103633, 21.996865], [-160.103729, 21.996879], [-160.103825, 21.996893], [-160.10392, 21.996907], [-160.104016, 21.996922], [-160.104112, 21.996936], [-160.104194, 21.996912], [-160.104262, 21.996848], [-160.10433, 21.996783], [-160.104354, 21.99682], [-160.104355, 21.996911], [-160.104355, 21.997001], [-160.104356, 21.997091], [-160.104407, 21.997158], [-160.104485, 21.997211]]}, "properties": {"seg_id": 10, "ring_id": 0, "i0": 200, "i1": 220, "length_m": 200.0, "score": 0.7851519770823207, "bay": 0.5086368441581726, "exposure": 0.42142373146344686, "strip_m": 91.5, "cx": 386040.18261072657, "cy": 2432901.242642268, "selected": true, "order": 113, "sortie": 7}}, {"type": "Feature", "geometry": {"type": "LineString", "coordinates": [[-160.104563, 21.997265], [-160.104641, 21.997319], [-160.104719, 21.997372], [-160.104799, 21.997359], [-160.104881, 21.997311], [-160.104963, 21.997262], [-160.105045, 21.997214], [-160.105126, 21.997165], [-160.105208, 21.997117], [-160.10529, 21.997069], [-160.105372, 21.99702], [-160.105453, 21.996972], [-160.105517, 21.996914], [-160.105516, 21.996824], [-160.105516, 21.996733], [-160.105515, 21.996643], [-160.105514, 21.996553], [-160.105535, 21.996485], [-160.10563, 21.9965], [-160.105726, 21.996514]]}, "properties": {"seg_id": 11, "ring_id": 0, "i0": 220, "i1": 240, "length_m": 200.0, "score": -1.5254815308438248, "bay": 0.39781477898359296, "exposure": -0.01714197610422542, "strip_m": 9.5, "cx": 385910.04607543, "cy": 2432904.937126326, "selected": false, "order": -1, "sortie": -1}}, {"type": "Feature", "geometry": {"type": "LineString", "coordinates": [[-160.105822, 21.996528], [-160.105917, 21.996542], [-160.106013, 21.996556], [-160.106098, 21.996556], [-160.106116, 21.996468], [-160.106135, 21.996379], [-160.106153, 21.99629], [-160.106171, 21.996202], [-160.10619, 21.996113], [-160.106208, 21.996024], [-160.106226, 21.995936], [-160.106245, 21.995847], [-160.106263, 21.995758], [-160.106281, 21.995669], [-160.106372, 21.995652], [-160.106468, 21.995638], [-160.106564, 21.995625], [-160.10666, 21.995611], [-160.106755, 21.995598], [-160.106851, 21.995584]]}, "properties": {"seg_id": 12, "ring_id": 0, "i0": 240, "i1": 260, "length_m": 200.0, "score": -0.9840273474386508, "bay": 0.47101977914571763, "exposure": -0.1594466218351778, "strip_m": 0.0, "cx": 385800.9971837285, "cy": 2432800.371549758, "selected": false, "order": -1, "sortie": -1}}, {"type": "Feature", "geometry": {"type": "LineString", "coordinates": [[-160.106947, 21.995571], [-160.106921, 21.995499], [-160.106877, 21.995419], [-160.106899, 21.995344], [-160.106959, 21.995273], [-160.107019, 21.995202], [-160.107079, 21.995132], [-160.107139, 21.995061], [-160.107199, 21.99499], [-160.107248, 21.994914], [-160.107261, 21.994825], [-160.107274, 21.994735], [-160.107287, 21.994646], [-160.1073, 21.994556], [-160.107313, 21.994467], [-160.107326, 21.994377], [-160.107352, 21.994299], [-160.107447, 21.994279], [-160.107541, 21.994258], [-160.107635, 21.994238]]}, "properties": {"seg_id": 13, "ring_id": 0, "i0": 260, "i1": 280, "length_m": 200.0, "score": 0.08331150054813914, "bay": 0.5519250810146332, "exposure": -0.46474257157119536, "strip_m": 13.0, "cx": 385704.4693198483, "cy": 2432671.036473951, "selected": false, "order": -1, "sortie": -1}}, {"type": "Feature", "geometry": {"type": "LineString", "coordinates": [[-160.10773, 21.994218], [-160.107824, 21.994198], [-160.107919, 21.994177], [-160.108013, 21.994157], [-160.108107, 21.994137], [-160.108202, 21.994117], [-160.108272, 21.994175], [-160.108341, 21.994238], [-160.10841, 21.994302], [-160.108479, 21.994365], [-160.108568, 21.994384], [-160.108664, 21.994383], [-160.108761, 21.994383], [-160.108858, 21.994382], [-160.108955, 21.994381], [-160.109052, 21.994381], [-160.109149, 21.99438], [-160.109246, 21.994379], [-160.109306, 21.994435], [-160.10935, 21.994516]]}, "properties": {"seg_id": 14, "ring_id": 0, "i0": 280, "i1": 300, "length_m": 200.0, "score": 1.3998265785164221, "bay": 0.5228407993912697, "exposure": 0.6145990694088104, "strip_m": 106.0, "cx": 385563.7301602881, "cy": 2432611.1860286696, "selected": true, "order": 114, "sortie": 7}}, {"type": "Feature", "geometry": {"type": "LineString", "coordinates": [[-160.109406, 21.994531], [-160.109478, 21.99447], [-160.109549, 21.994409], [-160.109621, 21.994348], [-160.109692, 21.994288], [-160.109764, 21.994227], [-160.109835, 21.994166], [-160.109907, 21.994105], [-160.109978, 21.994044], [-160.11005, 21.993983], [-160.110121, 21.993922], [-160.110193, 21.993861], [-160.110265, 21.9938], [-160.110336, 21.993739], [-160.110335, 21.993649], [-160.110334, 21.993558], [-160.110333, 21.993468], [-160.110333, 21.993378], [-160.110332, 21.993287], [-160.110332, 21.993197]]}, "properties": {"seg_id": 15, "ring_id": 0, "i0": 300, "i1": 320, "length_m": 200.0, "score": -0.7302188181553888, "bay": 0.4045265346765518, "exposure": -0.39113915212472594, "strip_m": 117.5, "cx": 385413.78504967026, "cy": 2432569.8865995095, "selected": false, "order": -1, "sortie": -1}}, {"type": "Feature", "geometry": {"type": "LineString", "coordinates": [[-160.110405, 21.993138], [-160.110478, 21.993079], [-160.110551, 21.99302], [-160.110624, 21.99296], [-160.110697, 21.992901], [-160.11077, 21.992842], [-160.110843, 21.992782], [-160.110916, 21.992723], [-160.11099, 21.992664], [-160.110991, 21.992581], [-160.110974, 21.992492], [-160.110956, 21.992404], [-160.110939, 21.992315], [-160.110921, 21.992226], [-160.110904, 21.992137], [-160.110886, 21.992048], [-160.110869, 21.991959], [-160.110851, 21.991871], [-160.110834, 21.991782], [-160.110816, 21.991693]]}, "properties": {"seg_id": 16, "ring_id": 0, "i0": 320, "i1": 340, "length_m": 200.0, "score": -0.40989627242373183, "bay": 0.4497398555278778, "exposure": -0.616094034428649, "strip_m": 96.5, "cx": 385329.92534780334, "cy": 2432410.9926748555, "selected": false, "order": -1, "sortie": -1}}, {"type": "Feature", "geometry": {"type": "LineString", "coordinates": [[-160.110799, 21.991604], [-160.110781, 21.991515], [-160.110763, 21.991426], [-160.110746, 21.991338], [-160.110728, 21.991249], [-160.110711, 21.99116], [-160.110725, 21.991075], [-160.110768, 21.990994], [-160.11081, 21.990913], [-160.110853, 21.990832], [-160.110896, 21.990751], [-160.110938, 21.99067], [-160.110981, 21.990589], [-160.111068, 21.990573], [-160.111165, 21.990572], [-160.111192, 21.990499], [-160.111203, 21.990409], [-160.111215, 21.99032], [-160.111226, 21.99023], [-160.111237, 21.99014]]}, "properties": {"seg_id": 17, "ring_id": 0, "i0": 340, "i1": 360, "length_m": 200.0, "score": -0.09258631829159447, "bay": 0.5018210217356682, "exposure": -0.6337047283944963, "strip_m": 40.0, "cx": 385315.2424831693, "cy": 2432229.771180511, "selected": false, "order": -1, "sortie": -1}}, {"type": "Feature", "geometry": {"type": "LineString", "coordinates": [[-160.111248, 21.990051], [-160.11126, 21.989961], [-160.111271, 21.989871], [-160.111228, 21.989796], [-160.111167, 21.989726], [-160.111106, 21.989656], [-160.111045, 21.989586], [-160.110984, 21.989516], [-160.110923, 21.989446], [-160.110889, 21.989369], [-160.110908, 21.98928], [-160.110926, 21.989191], [-160.110944, 21.989103], [-160.110963, 21.989014], [-160.110954, 21.988938], [-160.110867, 21.988898], [-160.11078, 21.988858], [-160.110694, 21.988818], [-160.110607, 21.988778], [-160.11052, 21.988739]]}, "properties": {"seg_id": 18, "ring_id": 0, "i0": 360, "i1": 380, "length_m": 200.0, "score": -1.1535320641229514, "bay": 0.4240374624729156, "exposure": -0.8819230349804398, "strip_m": 40.5, "cx": 385311.56149527046, "cy": 2432062.2766497605, "selected": false, "order": -1, "sortie": -1}}, {"type": "Feature", "geometry": {"type": "LineString", "coordinates": [[-160.110433, 21.988699], [-160.110346, 21.988659], [-160.110259, 21.988619], [-160.110172, 21.988579], [-160.110085, 21.98854], [-160.110003, 21.988496], [-160.109989, 21.988407], [-160.109974, 21.988318], [-160.10996, 21.988228], [-160.109946, 21.988139], [-160.109931, 21.98805], [-160.109917, 21.98796], [-160.109902, 21.987871], [-160.109942, 21.987788], [-160.109981, 21.987706], [-160.110021, 21.987623], [-160.11006, 21.987541], [-160.1101, 21.987458], [-160.110139, 21.987376], [-160.110179, 21.987293]]}, "properties": {"seg_id": 19, "ring_id": 0, "i0": 380, "i1": 400, "length_m": 200.0, "score": 0.9637525017119266, "bay": 0.6068678468465805, "exposure": -0.7805750410992516, "strip_m": 28.0, "cx": 385403.17805304535, "cy": 2431921.8851024075, "selected": true, "order": 115, "sortie": 7}}, {"type": "Feature", "geometry": {"type": "LineString", "coordinates": [[-160.110218, 21.987211], [-160.110257, 21.987128], [-160.110297, 21.987046], [-160.110336, 21.986963], [-160.110376, 21.986881], [-160.110441, 21.986815], [-160.110509, 21.986751], [-160.110577, 21.986686], [-160.110645, 21.986622], [-160.110713, 21.986558], [-160.110781, 21.986493], [-160.110849, 21.986429], [-160.110917, 21.986365], [-160.110985, 21.9863], [-160.111053, 21.986236], [-160.111121, 21.986172], [-160.111189, 21.986107], [-160.111257, 21.986043], [-160.111325, 21.985979], [-160.111407, 21.985932]]}, "properties": {"seg_id": 20, "ring_id": 0, "i0": 400, "i1": 420, "length_m": 200.0, "score": 0.9211329592273637, "bay": 0.5746618181467056, "exposure": -0.3128941719753203, "strip_m": 27.0, "cx": 385330.0934698877, "cy": 2431752.8521776395, "selected": true, "order": 116, "sortie": 7}}, {"type": "Feature", "geometry": {"type": "LineString", "coordinates": [[-160.111494, 21.985891], [-160.11158, 21.985851], [-160.111666, 21.98581], [-160.111753, 21.985769], [-160.111839, 21.985728], [-160.111925, 21.985687], [-160.112012, 21.985646], [-160.112098, 21.985605], [-160.112184, 21.985564], [-160.112271, 21.985523], [-160.112319, 21.985454], [-160.112342, 21.985366], [-160.112365, 21.985278], [-160.112387, 21.98519], [-160.112432, 21.985114], [-160.1125, 21.985049], [-160.112568, 21.984985], [-160.112636, 21.984921], [-160.112704, 21.984856], [-160.112772, 21.984792]]}, "properties": {"seg_id": 21, "ring_id": 0, "i0": 420, "i1": 440, "length_m": 200.0, "score": -0.24665842258761464, "bay": 0.4725286215543747, "exposure": -0.19961331697094548, "strip_m": 32.5, "cx": 385181.6157646341, "cy": 2431628.5991230165, "selected": false, "order": -1, "sortie": -1}}, {"type": "Feature", "geometry": {"type": "LineString", "coordinates": [[-160.112839, 21.984728], [-160.112907, 21.984663], [-160.112975, 21.984599], [-160.113043, 21.984535], [-160.113111, 21.98447], [-160.113179, 21.984406], [-160.113247, 21.984342], [-160.113315, 21.984277], [-160.113383, 21.984213], [-160.113451, 21.984149], [-160.113485, 21.984065], [-160.113514, 21.983979], [-160.113544, 21.983893], [-160.113574, 21.983807], [-160.113604, 21.983721], [-160.113634, 21.983635], [-160.113664, 21.983549], [-160.113694, 21.983463], [-160.113724, 21.983377], [-160.113725, 21.983293]]}, "properties": {"seg_id": 22, "ring_id": 0, "i0": 440, "i1": 460, "length_m": 200.0, "score": -1.073140810218003, "bay": 0.4285640001296997, "exposure": -0.48977527441311225, "strip_m": 23.5, "cx": 385057.7983287145, "cy": 2431480.527226916, "selected": false, "order": -1, "sortie": -1}}, {"type": "Feature", "geometry": {"type": "LineString", "coordinates": [[-160.113686, 21.98321], [-160.113647, 21.983127], [-160.113608, 21.983045], [-160.113569, 21.982962], [-160.113531, 21.982879], [-160.113492, 21.982796], [-160.113453, 21.982713], [-160.113445, 21.982625], [-160.113445, 21.982534], [-160.113444, 21.982444], [-160.113443, 21.982354], [-160.113442, 21.982263], [-160.113442, 21.982173], [-160.113441, 21.982083], [-160.11344, 21.981992], [-160.11344, 21.981902], [-160.113439, 21.981812], [-160.113438, 21.981721], [-160.113438, 21.981631], [-160.113437, 21.981541]]}, "properties": {"seg_id": 23, "ring_id": 0, "i0": 460, "i1": 480, "length_m": 200.0, "score": -0.1342007151800231, "bay": 0.5235171690583229, "exposure": -0.9032716105039507, "strip_m": 24.5, "cx": 385045.6058454382, "cy": 2431295.9693841552, "selected": false, "order": -1, "sortie": -1}}, {"type": "Feature", "geometry": {"type": "LineString", "coordinates": [[-160.113477, 21.98146], [-160.113526, 21.981383], [-160.113575, 21.981305], [-160.113624, 21.981227], [-160.113674, 21.981149], [-160.113723, 21.981071], [-160.113707, 21.980983], [-160.113691, 21.980894], [-160.113674, 21.980805], [-160.113658, 21.980716], [-160.113641, 21.980627], [-160.113624, 21.980538], [-160.113654, 21.980453], [-160.11369, 21.980369], [-160.113725, 21.980285], [-160.11376, 21.980201], [-160.113796, 21.980117], [-160.1138, 21.980031], [-160.113776, 21.979943], [-160.113752, 21.979856]]}, "properties": {"seg_id": 24, "ring_id": 0, "i0": 480, "i1": 500, "length_m": 200.0, "score": -0.5901136859265188, "bay": 0.47700311690568925, "exposure": -0.7393303741318269, "strip_m": 37.5, "cx": 385024.4628983854, "cy": 2431105.74142449, "selected": false, "order": -1, "sortie": -1}}, {"type": "Feature", "geometry": {"type": "LineString", "coordinates": [[-160.113728, 21.979768], [-160.113675, 21.979715], [-160.113578, 21.979716], [-160.113519, 21.979681], [-160.113518, 21.979591], [-160.113518, 21.979501], [-160.113517, 21.97941], [-160.113516, 21.97932], [-160.113516, 21.97923], [-160.113515, 21.979139], [-160.113514, 21.979049], [-160.113514, 21.978959], [-160.113513, 21.978868], [-160.113512, 21.978778], [-160.113511, 21.978688], [-160.113511, 21.978597], [-160.11351, 21.978507], [-160.113547, 21.978452], [-160.113644, 21.978451], [-160.113703, 21.978415]]}, "properties": {"seg_id": 25, "ring_id": 0, "i0": 500, "i1": 520, "length_m": 200.0, "score": -0.08162987775714554, "bay": 0.5369406878948212, "exposure": -0.7388072965385658, "strip_m": 28.0, "cx": 385035.9261337526, "cy": 2430930.863840091, "selected": false, "order": -1, "sortie": -1}}, {"type": "Feature", "geometry": {"type": "LineString", "coordinates": [[-160.113702, 21.978325], [-160.113702, 21.978235], [-160.113701, 21.978144], [-160.1137, 21.978054], [-160.113699, 21.977964], [-160.113699, 21.977873], [-160.113698, 21.977783], [-160.113697, 21.977693], [-160.113697, 21.977602], [-160.113734, 21.977547], [-160.113831, 21.977546], [-160.113878, 21.977513], [-160.113846, 21.977427], [-160.113815, 21.977342], [-160.113784, 21.977256], [-160.113753, 21.977171], [-160.113721, 21.977085], [-160.113698, 21.977007], [-160.11379, 21.977035], [-160.113882, 21.977063]]}, "properties": {"seg_id": 26, "ring_id": 0, "i0": 520, "i1": 540, "length_m": 200.0, "score": -0.2177534241638536, "bay": 0.5124349653720855, "exposure": -0.5793379664591425, "strip_m": 18.0, "cx": 385014.3342380573, "cy": 2430764.019230676, "selected": false, "order": -1, "sortie": -1}}, {"type": "Feature", "geometry": {"type": "LineString", "coordinates": [[-160.113974, 21.977091], [-160.113977, 21.977012], [-160.11397, 21.976922], [-160.113964, 21.976832], [-160.113957, 21.976742], [-160.11395, 21.976652], [-160.113943, 21.976562], [-160.113937, 21.976472], [-160.11393, 21.976381], [-160.113923, 21.976291], [-160.113916, 21.976201], [-160.11391, 21.976111], [-160.113903, 21.976021], [-160.113896, 21.975931], [-160.113889, 21.975841], [-160.113883, 21.975751], [-160.113876, 21.975661], [-160.113934, 21.975593], [-160.114002, 21.975529], [-160.114063, 21.975466]]}, "properties": {"seg_id": 27, "ring_id": 0, "i0": 540, "i1": 560, "length_m": 200.0, "score": -0.608567801269406, "bay": 0.4885015681385994, "exposure": -0.782304363193316, "strip_m": 19.0, "cx": 384993.7901559545, "cy": 2430616.9072334375, "selected": false, "order": -1, "sortie": -1}}, {"type": "Feature", "geometry": {"type": "LineString", "coordinates": [[-160.113969, 21.975445], [-160.113875, 21.975424], [-160.113781, 21.975402], [-160.113687, 21.975381], [-160.113679, 21.975296], [-160.113678, 21.975206], [-160.113767, 21.975198], [-160.113864, 21.975197], [-160.113888, 21.975116], [-160.113907, 21.975027], [-160.113925, 21.974938], [-160.113943, 21.97485], [-160.113962, 21.974761], [-160.11398, 21.974672], [-160.113998, 21.974583], [-160.114017, 21.974495], [-160.114035, 21.974406], [-160.114053, 21.974317], [-160.114121, 21.974263], [-160.114207, 21.974222]]}, "properties": {"seg_id": 28, "ring_id": 0, "i0": 560, "i1": 580, "length_m": 200.0, "score": 0.46037246580108543, "bay": 0.5688345491886139, "exposure": -0.5575992876065033, "strip_m": 25.0, "cx": 384995.1054340026, "cy": 2430468.2173263077, "selected": false, "order": -1, "sortie": -1}}, {"type": "Feature", "geometry": {"type": "LineString", "coordinates": [[-160.114293, 21.974181], [-160.11438, 21.97414], [-160.11445, 21.974087], [-160.114473, 21.974], [-160.114496, 21.973912], [-160.114518, 21.973824], [-160.114541, 21.973736], [-160.114564, 21.973649], [-160.114587, 21.973561], [-160.11461, 21.973473], [-160.114633, 21.973386], [-160.114702, 21.973449], [-160.114771, 21.973513], [-160.11484, 21.973576], [-160.114908, 21.97364], [-160.114977, 21.973703], [-160.115017, 21.973713], [-160.115003, 21.973624], [-160.114989, 21.973535], [-160.114974, 21.973445]]}, "properties": {"seg_id": 29, "ring_id": 0, "i0": 580, "i1": 600, "length_m": 200.0, "score": -0.36604170289267646, "bay": 0.490166500210762, "exposure": -0.2917068868925949, "strip_m": 6.0, "cx": 384914.6868948057, "cy": 2430335.6567722, "selected": false, "order": -1, "sortie": -1}}, {"type": "Feature", "geometry": {"type": "LineString", "coordinates": [[-160.11496, 21.973356], [-160.114945, 21.973267], [-160.114931, 21.973177], [-160.114934, 21.973091], [-160.114984, 21.973013], [-160.115033, 21.972935], [-160.115082, 21.972858], [-160.115131, 21.97278], [-160.11518, 21.972702], [-160.115245, 21.972639], [-160.11533, 21.972595], [-160.115414, 21.97255], [-160.115498, 21.972506], [-160.115583, 21.972461], [-160.115667, 21.972417], [-160.115751, 21.972373], [-160.115835, 21.972328], [-160.11592, 21.972284], [-160.116004, 21.972239], [-160.116085, 21.972191]]}, "properties": {"seg_id": 30, "ring_id": 0, "i0": 600, "i1": 620, "length_m": 200.0, "score": 0.3260683305957769, "bay": 0.5275754481554031, "exposure": -0.2982278365046974, "strip_m": 25.0, "cx": 384842.68319162674, "cy": 2430223.3460265202, "selected": false, "order": -1, "sortie": -1}}, {"type": "Feature", "geometry": {"type": "LineString", "coordinates": [[-160.116145, 21.97212], [-160.116205, 21.972049], [-160.116265, 21.971978], [-160.116325, 21.971907], [-160.116384, 21.971836], [-160.116444, 21.971765], [-160.116504, 21.971694], [-160.116564, 21.971623], [-160.116624, 21.971552], [-160.116684, 21.971481], [-160.116744, 21.97141], [-160.116804, 21.971339], [-160.116853, 21.971263], [-160.116879, 21.971176], [-160.116906, 21.971089], [-160.116933, 21.971002], [-160.116959, 21.970916], [-160.116986, 21.970829], [-160.117012, 21.970742], [-160.117039, 21.970655]]}, "properties": {"seg_id": 31, "ring_id": 0, "i0": 620, "i1": 640, "length_m": 200.0, "score": -0.785922289117082, "bay": 0.4412591099739075, "exposure": -0.4924225618131823, "strip_m": 29.0, "cx": 384708.7343702838, "cy": 2430084.089609229, "selected": false, "order": -1, "sortie": -1}}, {"type": "Feature", "geometry": {"type": "LineString", "coordinates": [[-160.117066, 21.970568], [-160.117092, 21.970481], [-160.117119, 21.970395], [-160.117146, 21.970308], [-160.117172, 21.970221], [-160.117199, 21.970134], [-160.117226, 21.970047], [-160.117252, 21.96996], [-160.117279, 21.969873], [-160.117306, 21.969787], [-160.117356, 21.969712], [-160.11742, 21.969644], [-160.117484, 21.969577], [-160.117548, 21.969509], [-160.117613, 21.969441], [-160.117677, 21.969374], [-160.117741, 21.969306], [-160.117805, 21.969239], [-160.11787, 21.969171], [-160.117934, 21.969104]]}, "properties": {"seg_id": 32, "ring_id": 0, "i0": 640, "i1": 660, "length_m": 200.0, "score": 0.15925571728422602, "bay": 0.5276795044541359, "exposure": -0.49804210363512763, "strip_m": 18.5, "cx": 384629.73979595874, "cy": 2429904.3451635772, "selected": false, "order": -1, "sortie": -1}}, {"type": "Feature", "geometry": {"type": "LineString", "coordinates": [[-160.117998, 21.969036], [-160.118063, 21.968968], [-160.118127, 21.968901], [-160.118177, 21.96883], [-160.118161, 21.968741], [-160.118144, 21.968652], [-160.118127, 21.968563], [-160.118111, 21.968474], [-160.118094, 21.968385], [-160.118087, 21.968303], [-160.118184, 21.968303], [-160.118273, 21.96831], [-160.118273, 21.9684], [-160.118274, 21.968491], [-160.118275, 21.968581], [-160.118283, 21.96866], [-160.118369, 21.968619], [-160.118456, 21.968578], [-160.118468, 21.968495], [-160.118467, 21.968405]]}, "properties": {"seg_id": 33, "ring_id": 0, "i0": 660, "i1": 680, "length_m": 200.0, "score": -0.8369363231657431, "bay": 0.4670135334134102, "exposure": -0.5465122702175946, "strip_m": 12.0, "cx": 384545.60582691, "cy": 2429771.2314562807, "selected": false, "order": -1, "sortie": -1}}, {"type": "Feature", "geometry": {"type": "LineString", "coordinates": [[-160.118466, 21.968314], [-160.118466, 21.968224], [-160.118465, 21.968134], [-160.118464, 21.968043], [-160.118464, 21.967953], [-160.118463, 21.967863], [-160.118462, 21.967772], [-160.118403, 21.967705], [-160.118334, 21.967641], [-160.118269, 21.967579], [-160.118355, 21.967538], [-160.118442, 21.967497], [-160.118528, 21.967456], [-160.118614, 21.967415], [-160.118701, 21.967374], [-160.118787, 21.967333], [-160.118829, 21.967281], [-160.118775, 21.967206], [-160.11872, 21.967131], [-160.118666, 21.967057]]}, "properties": {"seg_id": 34, "ring_id": 0, "i0": 680, "i1": 700, "length_m": 200.0, "score": -0.49544778999459094, "bay": 0.5055150881409645, "exposure": -0.6266299344333334, "strip_m": 13.5, "cx": 384512.5051464684, "cy": 2429665.3109267815, "selected": false, "order": -1, "sortie": -1}}, {"type": "Feature", "geometry": {"type": "LineString", "coordinates": [[-160.118698, 21.966989], [-160.118766, 21.966925], [-160.118834, 21.966861], [-160.118902, 21.966796], [-160.11897, 21.966732], [-160.119035, 21.966666], [-160.119034, 21.966576], [-160.119033, 21.966486], [-160.119032, 21.966395], [-160.119032, 21.966305], [-160.119031, 21.966215], [-160.11903, 21.966124], [-160.11903, 21.966034], [-160.119029, 21.965944], [-160.119028, 21.965853], [-160.119032, 21.965765], [-160.119118, 21.965724], [-160.119205, 21.965684], [-160.119291, 21.965643], [-160.119377, 21.965602]]}, "properties": {"seg_id": 35, "ring_id": 0, "i0": 700, "i1": 720, "length_m": 200.0, "score": -0.6214712703053927, "bay": 0.5058792933821679, "exposure": -0.5037939767725514, "strip_m": 6.5, "cx": 384460.6204712672, "cy": 2429515.152258711, "selected": false, "order": -1, "sortie": -1}}, {"type": "Feature", "geometry": {"type": "LineString", "coordinates": [[-160.119464, 21.965561], [-160.11955, 21.96552], [-160.119575, 21.965483], [-160.119483, 21.965455], [-160.119391, 21.965427], [-160.119317, 21.965388], [-160.119324, 21.965298], [-160.119331, 21.965208], [-160.119339, 21.965118], [-160.119346, 21.965028], [-160.119353, 21.964938], [-160.119361, 21.964848], [-160.119368, 21.964757], [-160.119375, 21.964667], [-160.119383, 21.964577], [-160.11939, 21.964487], [-160.119397, 21.964397], [-160.119417, 21.96432], [-160.119514, 21.964319], [-160.119595, 21.964306]]}, "properties": {"seg_id": 36, "ring_id": 0, "i0": 720, "i1": 740, "length_m": 200.0, "score": -0.9107276901191413, "bay": 0.47934443801641463, "exposure": -0.6364826132802228, "strip_m": 6.0, "cx": 384419.48870287987, "cy": 2429370.3350856025, "selected": false, "order": -1, "sortie": -1}}, {"type": "Feature", "geometry": {"type": "LineString", "coordinates": [[-160.119575, 21.964218], [-160.119555, 21.964129], [-160.119535, 21.964041], [-160.119516, 21.963952], [-160.119496, 21.963864], [-160.119476, 21.963775], [-160.119457, 21.963687], [-160.119437, 21.963598], [-160.119417, 21.96351], [-160.119398, 21.963422], [-160.119488, 21.963416], [-160.119585, 21.963415], [-160.11959, 21.96333], [-160.119589, 21.96324], [-160.119588, 21.963149], [-160.119587, 21.963059], [-160.119587, 21.962969], [-160.119586, 21.962878], [-160.119585, 21.962788], [-160.119585, 21.962698]]}, "properties": {"seg_id": 37, "ring_id": 0, "i0": 740, "i1": 760, "length_m": 200.0, "score": -0.9516644756865889, "bay": 0.5048907399177551, "exposure": -0.779209710488474, "strip_m": 0.0, "cx": 384406.0885034199, "cy": 2429204.5749130673, "selected": false, "order": -1, "sortie": -1}}, {"type": "Feature", "geometry": {"type": "LineString", "coordinates": [[-160.119584, 21.962607], [-160.119583, 21.962517], [-160.119582, 21.962427], [-160.119582, 21.962336], [-160.119581, 21.962246], [-160.11958, 21.962156], [-160.119609, 21.96207], [-160.119638, 21.961984], [-160.119668, 21.961898], [-160.119698, 21.961812], [-160.119728, 21.961726], [-160.119758, 21.96164], [-160.119788, 21.961554], [-160.119818, 21.961468], [-160.119848, 21.961382], [-160.119878, 21.961296], [-160.119908, 21.961211], [-160.119938, 21.961125], [-160.119968, 21.961039], [-160.119998, 21.960953]]}, "properties": {"seg_id": 38, "ring_id": 0, "i0": 760, "i1": 780, "length_m": 200.0, "score": 0.277827993825119, "bay": 0.5314255997538566, "exposure": -0.720305330770999, "strip_m": 78.5, "cx": 384383.52530678426, "cy": 2429018.2483970756, "selected": false, "order": -1, "sortie": -1}}, {"type": "Feature", "geometry": {"type": "LineString", "coordinates": [[-160.120028, 21.960867], [-160.120061, 21.960782], [-160.120115, 21.960707], [-160.120169, 21.960632], [-160.120223, 21.960557], [-160.120277, 21.960482], [-160.120331, 21.960407], [-160.120385, 21.960332], [-160.120439, 21.960257], [-160.120493, 21.960182], [-160.120547, 21.960107], [-160.120601, 21.960032], [-160.120655, 21.959957], [-160.120709, 21.959882], [-160.120762, 21.959807], [-160.120816, 21.959732], [-160.12087, 21.959657], [-160.120924, 21.959582], [-160.120978, 21.959507], [-160.121032, 21.959432]]}, "properties": {"seg_id": 39, "ring_id": 0, "i0": 780, "i1": 800, "length_m": 200.0, "score": 0.5564810338752311, "bay": 0.5327263295650482, "exposure": -0.4499091592134383, "strip_m": 50.5, "cx": 384301.2703715861, "cy": 2428838.7405308434, "selected": false, "order": -1, "sortie": -1}}, {"type": "Feature", "geometry": {"type": "LineString", "coordinates": [[-160.121086, 21.959357], [-160.12114, 21.959282], [-160.121194, 21.959207], [-160.121248, 21.959132], [-160.121302, 21.959057], [-160.121356, 21.958982], [-160.12141, 21.958907], [-160.121464, 21.958832], [-160.121533, 21.958773], [-160.121618, 21.958728], [-160.121702, 21.958684], [-160.121786, 21.958639], [-160.12187, 21.958595], [-160.121955, 21.958551], [-160.122039, 21.958506], [-160.122123, 21.958462], [-160.122208, 21.958417], [-160.122292, 21.958373], [-160.122369, 21.958321], [-160.122416, 21.958242]]}, "properties": {"seg_id": 40, "ring_id": 0, "i0": 800, "i1": 820, "length_m": 200.0, "score": 0.6910817307703759, "bay": 0.5192507863044739, "exposure": -0.20900199471868824, "strip_m": 83.5, "cx": 384177.78104417457, "cy": 2428685.4401617376, "selected": true, "order": 117, "sortie": 8}}, {"type": "Feature", "geometry": {"type": "LineString", "coordinates": [[-160.122463, 21.958164], [-160.122511, 21.958085], [-160.122558, 21.958006], [-160.122606, 21.957927], [-160.122653, 21.957849], [-160.122701, 21.95777], [-160.122754, 21.957698], [-160.122846, 21.957669], [-160.122938, 21.95764], [-160.123029, 21.957611], [-160.12303, 21.957521], [-160.123029, 21.957431], [-160.123029, 21.957341], [-160.123028, 21.95725], [-160.123123, 21.957248], [-160.12322, 21.957248], [-160.123242, 21.957161], [-160.123262, 21.957072], [-160.123282, 21.956984], [-160.123303, 21.956896]]}, "properties": {"seg_id": 41, "ring_id": 0, "i0": 820, "i1": 840, "length_m": 200.0, "score": -0.7423286342132973, "bay": 0.4514568209648132, "exposure": -0.4271224567346228, "strip_m": 51.5, "cx": 384050.3069159455, "cy": 2428550.877363512, "selected": false, "order": -1, "sortie": -1}}, {"type": "Feature", "geometry": {"type": "LineString", "coordinates": [[-160.123323, 21.956807], [-160.123343, 21.956719], [-160.123364, 21.956631], [-160.123384, 21.956543], [-160.123404, 21.956454], [-160.123461, 21.956384], [-160.123529, 21.95632], [-160.123597, 21.956256], [-160.123665, 21.956191], [-160.123669, 21.956121], [-160.123615, 21.956047], [-160.12356, 21.955972], [-160.123506, 21.955897], [-160.123561, 21.955829], [-160.123626, 21.955762], [-160.123691, 21.955695], [-160.123756, 21.955628], [-160.123821, 21.955561], [-160.123886, 21.955494], [-160.12395, 21.955427]]}, "properties": {"seg_id": 42, "ring_id": 0, "i0": 840, "i1": 860, "length_m": 200.0, "score": -0.01374377434771309, "bay": 0.5442768022418022, "exposure": -0.5440671081050363, "strip_m": 20.5, "cx": 383981.4911887515, "cy": 2428391.7855421077, "selected": false, "order": -1, "sortie": -1}}, {"type": "Feature", "geometry": {"type": "LineString", "coordinates": [[-160.124015, 21.95536], [-160.12408, 21.955293], [-160.124145, 21.955226], [-160.12421, 21.955159], [-160.124275, 21.955092], [-160.12434, 21.955025], [-160.124405, 21.954958], [-160.12447, 21.954891], [-160.124535, 21.954824], [-160.124613, 21.954773], [-160.124699, 21.954732], [-160.124786, 21.954691], [-160.124872, 21.95465], [-160.124958, 21.954609], [-160.125045, 21.954568], [-160.125131, 21.954527], [-160.125217, 21.954486], [-160.125303, 21.954445], [-160.125377, 21.954388], [-160.125445, 21.954324]]}, "properties": {"seg_id": 43, "ring_id": 0, "i0": 860, "i1": 880, "length_m": 200.0, "score": 0.9497908468913133, "bay": 0.5314776360988617, "exposure": -0.1350001825489568, "strip_m": 85.5, "cx": 383865.75722246914, "cy": 2428250.2956767036, "selected": true, "order": 118, "sortie": 8}}, {"type": "Feature", "geometry": {"type": "LineString", "coordinates": [[-160.125513, 21.95426], [-160.125581, 21.954195], [-160.125649, 21.954131], [-160.125717, 21.954067], [-160.125785, 21.954002], [-160.125853, 21.953938], [-160.125921, 21.953874], [-160.125989, 21.953809], [-160.126057, 21.953745], [-160.126125, 21.953681], [-160.126193, 21.953616], [-160.126288, 21.953603], [-160.126384, 21.953591], [-160.12648, 21.953579], [-160.126576, 21.953567], [-160.126672, 21.953555], [-160.126768, 21.953543], [-160.126864, 21.953531], [-160.12696, 21.953519], [-160.12703, 21.95346]]}, "properties": {"seg_id": 44, "ring_id": 0, "i0": 880, "i1": 900, "length_m": 200.0, "score": 0.22136775154435098, "bay": 0.5071279972791671, "exposure": 0.0025954610614072004, "strip_m": 53.5, "cx": 383707.5390804415, "cy": 2428136.5464204685, "selected": false, "order": -1, "sortie": -1}}, {"type": "Feature", "geometry": {"type": "LineString", "coordinates": [[-160.127098, 21.953396], [-160.127166, 21.953332], [-160.127234, 21.953267], [-160.127302, 21.953203], [-160.12737, 21.953139], [-160.127438, 21.953074], [-160.127506, 21.95301], [-160.127574, 21.952945], [-160.127642, 21.952881], [-160.12771, 21.952817], [-160.127778, 21.952752], [-160.127846, 21.952688], [-160.127914, 21.952624], [-160.127982, 21.952559], [-160.12805, 21.952495], [-160.128118, 21.952431], [-160.128186, 21.952366], [-160.128254, 21.952302], [-160.128322, 21.952238], [-160.12839, 21.952173]]}, "properties": {"seg_id": 45, "ring_id": 0, "i0": 900, "i1": 920, "length_m": 200.0, "score": -0.692118171009513, "bay": 0.4620187371969223, "exposure": -0.2588190451031176, "strip_m": 13.5, "cx": 383549.3693826361, "cy": 2428029.3693826357, "selected": false, "order": -1, "sortie": -1}}, {"type": "Feature", "geometry": {"type": "LineString", "coordinates": [[-160.128458, 21.952109], [-160.128526, 21.952045], [-160.128593, 21.95198], [-160.128661, 21.951916], [-160.128729, 21.951852], [-160.128797, 21.951787], [-160.128865, 21.951723], [-160.128933, 21.951659], [-160.129001, 21.951594], [-160.129069, 21.95153], [-160.129137, 21.951466], [-160.129205, 21.951401], [-160.129273, 21.951337], [-160.129341, 21.951273], [-160.129409, 21.951208], [-160.129477, 21.951144], [-160.129545, 21.95108], [-160.129613, 21.951015], [-160.129681, 21.950951], [-160.129749, 21.950887]]}, "properties": {"seg_id": 46, "ring_id": 0, "i0": 920, "i1": 940, "length_m": 200.0, "score": -0.08609943744109552, "bay": 0.5152445450425148, "exposure": -0.25881904510331644, "strip_m": 13.5, "cx": 383407.9480263987, "cy": 2427887.9480263987, "selected": false, "order": -1, "sortie": -1}}, {"type": "Feature", "geometry": {"type": "LineString", "coordinates": [[-160.129817, 21.950822], [-160.129885, 21.950758], [-160.129954, 21.950695], [-160.130038, 21.950651], [-160.130123, 21.950607], [-160.130208, 21.950563], [-160.130292, 21.950519], [-160.130377, 21.950476], [-160.130462, 21.950432], [-160.130546, 21.950388], [-160.130631, 21.950344], [-160.130716, 21.9503], [-160.1308, 21.950256], [-160.130885, 21.950213], [-160.13097, 21.950169], [-160.131036, 21.950107], [-160.131085, 21.950029], [-160.131134, 21.949951], [-160.131183, 21.949873], [-160.131232, 21.949796]]}, "properties": {"seg_id": 47, "ring_id": 0, "i0": 940, "i1": 960, "length_m": 200.0, "score": -0.31917925974267874, "bay": 0.5157648369669914, "exposure": -0.13917528071496116, "strip_m": 0.5, "cx": 383255.66621067835, "cy": 2427761.7189867855, "selected": false, "order": -1, "sortie": -1}}, {"type": "Feature", "geometry": {"type": "LineString", "coordinates": [[-160.131282, 21.949718], [-160.131363, 21.949684], [-160.131459, 21.949668], [-160.131554, 21.949653], [-160.131649, 21.949637], [-160.131745, 21.949622], [-160.13184, 21.949606], [-160.131919, 21.94956], [-160.131986, 21.949496], [-160.132054, 21.949432], [-160.132122, 21.949367], [-160.13219, 21.949303], [-160.132258, 21.949239], [-160.132326, 21.949174], [-160.132394, 21.94911], [-160.132464, 21.949049], [-160.13255, 21.949005], [-160.132635, 21.948962], [-160.13272, 21.948919], [-160.132805, 21.948876]]}, "properties": {"seg_id": 48, "ring_id": 0, "i0": 960, "i1": 980, "length_m": 200.0, "score": 0.22713907343071021, "bay": 0.5112383052706718, "exposure": -0.014986444882528769, "strip_m": 30.0, "cx": 383100.24846373626, "cy": 2427652.8902287637, "selected": false, "order": -1, "sortie": -1}}, {"type": "Feature", "geometry": {"type": "LineString", "coordinates": [[-160.13289, 21.948833], [-160.132975, 21.94879], [-160.13306, 21.948747], [-160.133145, 21.948704], [-160.13323, 21.948661], [-160.133315, 21.948618], [-160.133401, 21.948574], [-160.133486, 21.948531], [-160.133571, 21.948488], [-160.133656, 21.948445], [-160.133741, 21.948402], [-160.133826, 21.948359], [-160.13391, 21.948314], [-160.133984, 21.948255], [-160.134058, 21.948197], [-160.134131, 21.948139], [-160.134205, 21.94808], [-160.134279, 21.948022], [-160.134353, 21.947964], [-160.134427, 21.947905]]}, "properties": {"seg_id": 49, "ring_id": 0, "i0": 980, "i1": 1000, "length_m": 200.0, "score": 0.1875006046696153, "bay": 0.4845993846654892, "exposure": -0.04422180289919752, "strip_m": 76.0, "cx": 382932.54125376476, "cy": 2427548.67257787, "selected": false, "order": -1, "sortie": -1}}, {"type": "Feature", "geometry": {"type": "LineString", "coordinates": [[-160.134501, 21.947847], [-160.134575, 21.947789], [-160.134649, 21.94773], [-160.134723, 21.947672], [-160.134797, 21.947614], [-160.134871, 21.947555], [-160.134945, 21.947497], [-160.135019, 21.947439], [-160.135102, 21.947398], [-160.135196, 21.947373], [-160.135289, 21.947349], [-160.135382, 21.947325], [-160.135475, 21.9473], [-160.135568, 21.947276], [-160.135662, 21.947251], [-160.135755, 21.947227], [-160.135848, 21.947202], [-160.135941, 21.947178], [-160.136035, 21.947154], [-160.136117, 21.947122]]}, "properties": {"seg_id": 50, "ring_id": 0, "i0": 1000, "i1": 1020, "length_m": 200.0, "score": 0.8065195763551148, "bay": 0.5094172835350037, "exposure": 0.04642285702963347, "strip_m": 152.5, "cx": 382767.50008545694, "cy": 2427440.676772838, "selected": true, "order": 119, "sortie": 8}}, {"type": "Feature", "geometry": {"type": "LineString", "coordinates": [[-160.136117, 21.947032], [-160.136126, 21.946947], [-160.136214, 21.946909], [-160.136301, 21.946871], [-160.136389, 21.946833], [-160.136477, 21.946795], [-160.136565, 21.946757], [-160.136653, 21.946719], [-160.136741, 21.946681], [-160.136829, 21.946643], [-160.136916, 21.946605], [-160.137004, 21.946567], [-160.137092, 21.946529], [-160.13718, 21.946492], [-160.137276, 21.946481], [-160.137373, 21.946471], [-160.137469, 21.94646], [-160.137565, 21.946449], [-160.137661, 21.946439], [-160.137757, 21.946428]]}, "properties": {"seg_id": 51, "ring_id": 0, "i0": 1020, "i1": 1040, "length_m": 200.0, "score": 1.2355776655101354, "bay": 0.5266389265656471, "exposure": 0.125104895881288, "strip_m": 244.5, "cx": 382600.3180696084, "cy": 2427357.842881336, "selected": true, "order": 120, "sortie": 8}}, {"type": "Feature", "geometry": {"type": "LineString", "coordinates": [[-160.137853, 21.946418], [-160.137949, 21.946407], [-160.138046, 21.946396], [-160.138005, 21.946318], [-160.137962, 21.946237], [-160.138021, 21.946209], [-160.138117, 21.946199], [-160.138213, 21.94619], [-160.13831, 21.94618], [-160.138406, 21.94617], [-160.138502, 21.946161], [-160.138598, 21.946151], [-160.138695, 21.946141], [-160.138791, 21.946132], [-160.138887, 21.946122], [-160.138947, 21.946063], [-160.138989, 21.945982], [-160.139032, 21.945901], [-160.139075, 21.94582], [-160.139123, 21.94577]]}, "properties": {"seg_id": 52, "ring_id": 0, "i0": 1040, "i1": 1060, "length_m": 200.0, "score": 0.5016360393978141, "bay": 0.4812695160508156, "exposure": 0.040536347637851376, "strip_m": 229.5, "cx": 382435.60568044503, "cy": 2427302.9119365355, "selected": false, "order": -1, "sortie": -1}}, {"type": "Feature", "geometry": {"type": "LineString", "coordinates": [[-160.139192, 21.945833], [-160.139261, 21.945897], [-160.139303, 21.945901], [-160.139302, 21.94581], [-160.139302, 21.94572], [-160.139336, 21.945653], [-160.139428, 21.945622], [-160.139519, 21.945592], [-160.13961, 21.945561], [-160.139701, 21.945531], [-160.139792, 21.9455], [-160.139883, 21.94547], [-160.139974, 21.945439], [-160.140066, 21.945409], [-160.140157, 21.945379], [-160.140248, 21.945348], [-160.140339, 21.945318], [-160.14043, 21.945287], [-160.140521, 21.945257], [-160.140612, 21.945226]]}, "properties": {"seg_id": 53, "ring_id": 0, "i0": 1060, "i1": 1080, "length_m": 200.0, "score": 0.842253166016983, "bay": 0.5024974033236503, "exposure": 0.10543263240882346, "strip_m": 205.5, "cx": 382298.5017524828, "cy": 2427236.3331302777, "selected": true, "order": 121, "sortie": 8}}, {"type": "Feature", "geometry": {"type": "LineString", "coordinates": [[-160.140704, 21.945196], [-160.140795, 21.945165], [-160.140886, 21.945135], [-160.140977, 21.945104], [-160.141068, 21.945074], [-160.141159, 21.945043], [-160.141249, 21.945009], [-160.14133, 21.944961], [-160.141412, 21.944912], [-160.141494, 21.944864], [-160.141576, 21.944816], [-160.141657, 21.944767], [-160.141739, 21.944719], [-160.141821, 21.94467], [-160.141902, 21.944622], [-160.141984, 21.944573], [-160.142066, 21.944525], [-160.142148, 21.944476], [-160.142229, 21.944428], [-160.142311, 21.94438]]}, "properties": {"seg_id": 54, "ring_id": 0, "i0": 1080, "i1": 1100, "length_m": 200.0, "score": 0.6191833345976128, "bay": 0.47918835282325745, "exposure": 0.034640797378022184, "strip_m": 252.5, "cx": 382119.60376856837, "cy": 2427158.4299751604, "selected": true, "order": 122, "sortie": 8}}, {"type": "Feature", "geometry": {"type": "LineString", "coordinates": [[-160.142393, 21.944331], [-160.142474, 21.944283], [-160.142556, 21.944234], [-160.142638, 21.944186], [-160.14272, 21.944137], [-160.142804, 21.944094], [-160.142894, 21.94406], [-160.142984, 21.944027], [-160.143074, 21.943994], [-160.143164, 21.94396], [-160.143254, 21.943927], [-160.143344, 21.943894], [-160.143434, 21.94386], [-160.143524, 21.943827], [-160.143614, 21.943794], [-160.143704, 21.94376], [-160.143794, 21.943727], [-160.143884, 21.943693], [-160.143974, 21.94366], [-160.144064, 21.943627]]}, "properties": {"seg_id": 55, "ring_id": 0, "i0": 1100, "i1": 1120, "length_m": 200.0, "score": 1.1352969912050332, "bay": 0.5168054223060607, "exposure": 0.10375062604098433, "strip_m": 230.0, "cx": 381944.4367581479, "cy": 2427063.6181743806, "selected": true, "order": 123, "sortie": 8}}, {"type": "Feature", "geometry": {"type": "LineString", "coordinates": [[-160.144154, 21.943593], [-160.144244, 21.94356], [-160.144334, 21.943527], [-160.144424, 21.943493], [-160.144513, 21.943459], [-160.144581, 21.943395], [-160.144649, 21.943331], [-160.144717, 21.943266], [-160.144785, 21.943202], [-160.144853, 21.943138], [-160.144931, 21.943092], [-160.145027, 21.943078], [-160.145122, 21.943065], [-160.145218, 21.943051], [-160.145314, 21.943038], [-160.14541, 21.943024], [-160.145505, 21.943011], [-160.145598, 21.942989], [-160.145683, 21.942945], [-160.145768, 21.942902]]}, "properties": {"seg_id": 56, "ring_id": 0, "i0": 1120, "i1": 1140, "length_m": 200.0, "score": 0.9367446469768985, "bay": 0.49890739768743514, "exposure": 0.09708335298541479, "strip_m": 207.5, "cx": 381765.4588207856, "cy": 2426982.387400466, "selected": true, "order": 124, "sortie": 8}}, {"type": "Feature", "geometry": {"type": "LineString", "coordinates": [[-160.145853, 21.942859], [-160.145938, 21.942815], [-160.146023, 21.942772], [-160.146108, 21.942728], [-160.146192, 21.942685], [-160.146277, 21.942641], [-160.146362, 21.942598], [-160.146447, 21.942555], [-160.146532, 21.942511], [-160.146617, 21.942468], [-160.146702, 21.942424], [-160.146787, 21.942381], [-160.146877, 21.942351], [-160.146972, 21.942332], [-160.147066, 21.942314], [-160.147161, 21.942295], [-160.147256, 21.942277], [-160.14734, 21.942293], [-160.147409, 21.942357], [-160.147478, 21.94242]]}, "properties": {"seg_id": 57, "ring_id": 0, "i0": 1140, "i1": 1160, "length_m": 200.0, "score": 1.1599978204487198, "bay": 0.5141519352793693, "exposure": 0.2394933441804512, "strip_m": 228.5, "cx": 381586.3837399796, "cy": 2426905.7764704614, "selected": true, "order": 125, "sortie": 8}}, {"type": "Feature", "geometry": {"type": "LineString", "coordinates": [[-160.147556, 21.942419], [-160.14764, 21.942375], [-160.147725, 21.94233], [-160.147809, 21.942286], [-160.147893, 21.942242], [-160.147977, 21.942197], [-160.148062, 21.942153], [-160.148146, 21.942108], [-160.14823, 21.942064], [-160.148315, 21.942019], [-160.148373, 21.941961], [-160.148373, 21.941871], [-160.1484, 21.9418], [-160.148493, 21.941775], [-160.148586, 21.94175], [-160.148679, 21.941725], [-160.148772, 21.9417], [-160.148865, 21.941675], [-160.148958, 21.94165], [-160.149051, 21.941625]]}, "properties": {"seg_id": 58, "ring_id": 0, "i0": 1160, "i1": 1180, "length_m": 200.0, "score": 0.8895072006519064, "bay": 0.4936004221439362, "exposure": 0.019842224812253017, "strip_m": 253.0, "cx": 381418.09508681146, "cy": 2426849.7305615023, "selected": true, "order": 126, "sortie": 8}}, {"type": "Feature", "geometry": {"type": "LineString", "coordinates": [[-160.149144, 21.9416], [-160.149237, 21.941575], [-160.14933, 21.94155], [-160.149423, 21.941525], [-160.149516, 21.9415], [-160.149609, 21.941475], [-160.149703, 21.94145], [-160.149796, 21.941425], [-160.149889, 21.9414], [-160.149982, 21.941375], [-160.150075, 21.94135], [-160.150168, 21.941325], [-160.150261, 21.9413], [-160.150354, 21.941275], [-160.150447, 21.94125], [-160.15054, 21.941225], [-160.150633, 21.9412], [-160.150726, 21.941175], [-160.150816, 21.941144], [-160.150901, 21.941101]]}, "properties": {"seg_id": 59, "ring_id": 0, "i0": 1180, "i1": 1200, "length_m": 200.0, "score": 0.8598171340355076, "bay": 0.489334037899971, "exposure": 0.22834016130462528, "strip_m": 220.5, "cx": 381238.66470022814, "cy": 2426781.838798999, "selected": true, "order": 127, "sortie": 8}}, {"type": "Feature", "geometry": {"type": "LineString", "coordinates": [[-160.150986, 21.941057], [-160.151072, 21.941014], [-160.151157, 21.940971], [-160.151242, 21.940928], [-160.151327, 21.940885], [-160.151412, 21.940842], [-160.151497, 21.940799], [-160.151582, 21.940756], [-160.151667, 21.940713], [-160.151752, 21.940669], [-160.151837, 21.940626], [-160.151922, 21.940583], [-160.152008, 21.94054], [-160.152093, 21.940497], [-160.152178, 21.940454], [-160.152266, 21.940432], [-160.152361, 21.940451], [-160.152455, 21.94047], [-160.15255, 21.940489], [-160.152645, 21.940508]]}, "properties": {"seg_id": 60, "ring_id": 0, "i0": 1200, "i1": 1220, "length_m": 200.0, "score": 1.024481804527922, "bay": 0.5148283109068871, "exposure": 0.19061039954314624, "strip_m": 229.0, "cx": 381054.9986219753, "cy": 2426708.310319242, "selected": true, "order": 128, "sortie": 8}}, {"type": "Feature", "geometry": {"type": "LineString", "coordinates": [[-160.152739, 21.940526], [-160.152834, 21.940545], [-160.152929, 21.940564], [-160.153023, 21.940583], [-160.153117, 21.940594], [-160.1532, 21.940548], [-160.153283, 21.940502], [-160.153366, 21.940456], [-160.15345, 21.94041], [-160.153533, 21.940364], [-160.153616, 21.940318], [-160.1537, 21.940272], [-160.153783, 21.940226], [-160.153866, 21.94018], [-160.153949, 21.940133], [-160.154033, 21.940087], [-160.154116, 21.940041], [-160.154199, 21.939995], [-160.154243, 21.939953], [-160.154151, 21.939925]]}, "properties": {"seg_id": 61, "ring_id": 0, "i0": 1220, "i1": 1240, "length_m": 200.0, "score": 0.09967359934651267, "bay": 0.4576483011245728, "exposure": 0.12885927849859816, "strip_m": 170.0, "cx": 380873.3202633703, "cy": 2426668.3932289323, "selected": false, "order": -1, "sortie": -1}}, {"type": "Feature", "geometry": {"type": "LineString", "coordinates": [[-160.154059, 21.939897], [-160.153977, 21.939867], [-160.154045, 21.939803], [-160.154113, 21.939738], [-160.154187, 21.939695], [-160.15428, 21.939719], [-160.154373, 21.939743], [-160.154466, 21.939767], [-160.15456, 21.939792], [-160.154653, 21.939816], [-160.154746, 21.93984], [-160.15484, 21.939864], [-160.154909, 21.939804], [-160.154977, 21.939739], [-160.155045, 21.939675], [-160.155112, 21.939611], [-160.155201, 21.939592], [-160.155298, 21.939591], [-160.155395, 21.93959], [-160.155491, 21.93959]]}, "properties": {"seg_id": 62, "ring_id": 0, "i0": 1240, "i1": 1260, "length_m": 200.0, "score": 1.295548497331658, "bay": 0.5529136449098587, "exposure": 0.27975329269035365, "strip_m": 190.0, "cx": 380756.1640174944, "cy": 2426605.6522785183, "selected": true, "order": 129, "sortie": 8}}, {"type": "Feature", "geometry": {"type": "LineString", "coordinates": [[-160.155588, 21.939589], [-160.155685, 21.939588], [-160.155782, 21.939588], [-160.155879, 21.939587], [-160.155976, 21.939586], [-160.156072, 21.939585], [-160.156169, 21.939585], [-160.156266, 21.939584], [-160.156363, 21.939583], [-160.15646, 21.939583], [-160.156556, 21.939582], [-160.156653, 21.939581], [-160.15675, 21.939581], [-160.156847, 21.93958], [-160.156944, 21.939579], [-160.157041, 21.939579], [-160.157137, 21.939578], [-160.157234, 21.939577], [-160.157331, 21.939577], [-160.157428, 21.939576]]}, "properties": {"seg_id": 63, "ring_id": 0, "i0": 1260, "i1": 1280, "length_m": 200.0, "score": 1.8247819579414077, "bay": 0.543288254737854, "exposure": 0.5000000000000001, "strip_m": 257.0, "cx": 380567.8744641096, "cy": 2426590.0, "selected": true, "order": 130, "sortie": 8}}, {"type": "Feature", "geometry": {"type": "LineString", "coordinates": [[-160.157525, 21.939575], [-160.157621, 21.939575], [-160.157718, 21.939574], [-160.157815, 21.939573], [-160.157912, 21.939573], [-160.158009, 21.939572], [-160.158106, 21.939571], [-160.158202, 21.93957], [-160.158299, 21.93957], [-160.158396, 21.939569], [-160.158493, 21.939568], [-160.15859, 21.939568], [-160.158686, 21.939567], [-160.158783, 21.939566], [-160.15888, 21.939566], [-160.158977, 21.939565], [-160.159074, 21.939564], [-160.159171, 21.939564], [-160.159267, 21.939563], [-160.159364, 21.939562]]}, "properties": {"seg_id": 64, "ring_id": 0, "i0": 1280, "i1": 1300, "length_m": 200.0, "score": 0.9471481793931499, "bay": 0.5134755581617355, "exposure": 0.5000000000000001, "strip_m": 107.0, "cx": 380367.8744641096, "cy": 2426590.0, "selected": true, "order": 131, "sortie": 8}}, {"type": "Feature", "geometry": {"type": "LineString", "coordinates": [[-160.159461, 21.939562], [-160.159554, 21.939541], [-160.159646, 21.939513], [-160.159738, 21.939485], [-160.15983, 21.939457], [-160.159922, 21.939429], [-160.160014, 21.9394], [-160.160106, 21.939372], [-160.160198, 21.939344], [-160.16029, 21.939316], [-160.160382, 21.939288], [-160.160474, 21.93926], [-160.160566, 21.939231], [-160.160658, 21.939203], [-160.16075, 21.939175], [-160.160842, 21.939147], [-160.160934, 21.939119], [-160.161026, 21.93909], [-160.161118, 21.939062], [-160.16121, 21.939034]]}, "properties": {"seg_id": 65, "ring_id": 0, "i0": 1300, "i1": 1320, "length_m": 200.0, "score": 0.617976056324518, "bay": 0.4812695175409317, "exposure": 0.22389258177346108, "strip_m": 97.0, "cx": 380172.26425279834, "cy": 2426561.87856947, "selected": true, "order": 132, "sortie": 8}}, {"type": "Feature", "geometry": {"type": "LineString", "coordinates": [[-160.161302, 21.939006], [-160.161394, 21.938978], [-160.161486, 21.93895], [-160.161578, 21.938921], [-160.16167, 21.938893], [-160.161762, 21.938865], [-160.161854, 21.938837], [-160.161934, 21.938791], [-160.162, 21.938725], [-160.162066, 21.938659], [-160.162132, 21.938593], [-160.162198, 21.938526], [-160.162264, 21.93846], [-160.16233, 21.938394], [-160.162396, 21.938328], [-160.162462, 21.938262], [-160.162528, 21.938196], [-160.162593, 21.93813], [-160.162659, 21.938063], [-160.162725, 21.937997]]}, "properties": {"seg_id": 66, "ring_id": 0, "i0": 1320, "i1": 1340, "length_m": 200.0, "score": -0.47230719162559553, "bay": 0.4363683730363846, "exposure": -0.11097992405533483, "strip_m": 48.0, "cx": 379992.9400220792, "cy": 2426483.227202076, "selected": false, "order": -1, "sortie": -1}}, {"type": "Feature", "geometry": {"type": "LineString", "coordinates": [[-160.162791, 21.937931], [-160.162857, 21.937865], [-160.162923, 21.937799], [-160.162989, 21.937733], [-160.163055, 21.937667], [-160.163121, 21.9376], [-160.163187, 21.937534], [-160.163253, 21.937468], [-160.163319, 21.937402], [-160.163385, 21.937336], [-160.163451, 21.93727], [-160.163517, 21.937204], [-160.163475, 21.937156], [-160.163388, 21.937116], [-160.163345, 21.937053], [-160.163353, 21.936963], [-160.16336, 21.936873], [-160.163367, 21.936783], [-160.163374, 21.936693], [-160.163382, 21.936603]]}, "properties": {"seg_id": 67, "ring_id": 0, "i0": 1340, "i1": 1360, "length_m": 200.0, "score": -1.2257764465140286, "bay": 0.41789802610874177, "exposure": -0.5407733970676556, "strip_m": 16.0, "cx": 379870.21233798336, "cy": 2426342.8640481615, "selected": false, "order": -1, "sortie": -1}}, {"type": "Feature", "geometry": {"type": "LineString", "coordinates": [[-160.163389, 21.936513], [-160.163396, 21.936422], [-160.163404, 21.936332], [-160.163411, 21.936242], [-160.163418, 21.936152], [-160.163426, 21.936062], [-160.163415, 21.935975], [-160.163379, 21.935891], [-160.163344, 21.935807], [-160.163308, 21.935722], [-160.163273, 21.935638], [-160.163237, 21.935554], [-160.163202, 21.93547], [-160.163167, 21.935386], [-160.163131, 21.935302], [-160.163096, 21.935218], [-160.16306, 21.935134], [-160.163025, 21.93505], [-160.162989, 21.934966], [-160.162954, 21.934882]]}, "properties": {"seg_id": 68, "ring_id": 0, "i0": 1360, "i1": 1380, "length_m": 200.0, "score": -0.8318473584341394, "bay": 0.4932362109422684, "exposure": -0.9381162385215408, "strip_m": 14.0, "cx": 379868.172686854, "cy": 2426163.9278296717, "selected": false, "order": -1, "sortie": -1}}, {"type": "Feature", "geometry": {"type": "LineString", "coordinates": [[-160.162936, 21.934795], [-160.162935, 21.934704], [-160.162934, 21.934614], [-160.162934, 21.934524], [-160.162933, 21.934433], [-160.162956, 21.934349], [-160.163004, 21.93427], [-160.163051, 21.934191], [-160.163098, 21.934112], [-160.163146, 21.934034], [-160.163193, 21.933955], [-160.163241, 21.933876], [-160.163288, 21.933797], [-160.163344, 21.933725], [-160.163412, 21.933661], [-160.16348, 21.933596], [-160.163548, 21.933532], [-160.163616, 21.933468], [-160.163684, 21.933403], [-160.163752, 21.933339]]}, "properties": {"seg_id": 69, "ring_id": 0, "i0": 1380, "i1": 1400, "length_m": 200.0, "score": 0.9836452317109426, "bay": 0.5936004236340523, "exposure": -0.5135407750330988, "strip_m": 24.5, "cx": 379869.5588985523, "cy": 2425979.3597922362, "selected": true, "order": 133, "sortie": 8}}, {"type": "Feature", "geometry": {"type": "LineString", "coordinates": [[-160.16382, 21.933274], [-160.163888, 21.93321], [-160.163956, 21.933146], [-160.164024, 21.933081], [-160.164092, 21.933017], [-160.16416, 21.932953], [-160.164248, 21.932933], [-160.164345, 21.932933], [-160.164442, 21.932932], [-160.164538, 21.932931], [-160.164635, 21.932931], [-160.164637, 21.932871], [-160.164601, 21.932788], [-160.164564, 21.932704], [-160.164528, 21.93262], [-160.164491, 21.932537], [-160.164495, 21.93247], [-160.164586, 21.932439], [-160.164677, 21.932407], [-160.164768, 21.932376]]}, "properties": {"seg_id": 70, "ring_id": 0, "i0": 1400, "i1": 1420, "length_m": 200.0, "score": 0.32159872936892503, "bay": 0.5101977229118347, "exposure": -0.2034070025309936, "strip_m": 40.0, "cx": 379749.7370936804, "cy": 2425848.387588167, "selected": false, "order": -1, "sortie": -1}}, {"type": "Feature", "geometry": {"type": "LineString", "coordinates": [[-160.164858, 21.932344], [-160.164949, 21.932312], [-160.16504, 21.932281], [-160.165131, 21.932249], [-160.165221, 21.932218], [-160.165312, 21.932186], [-160.165403, 21.932155], [-160.165494, 21.932123], [-160.165474, 21.932087], [-160.165387, 21.932047], [-160.1653, 21.932007], [-160.165214, 21.931967], [-160.165149, 21.931924], [-160.165217, 21.93186], [-160.165285, 21.931795], [-160.165353, 21.931731], [-160.165421, 21.931667], [-160.165489, 21.931602], [-160.165557, 21.931538], [-160.165625, 21.931474]]}, "properties": {"seg_id": 71, "ring_id": 0, "i0": 1420, "i1": 1440, "length_m": 200.0, "score": 0.23743369738056147, "bay": 0.5095213398337364, "exposure": -0.25861368515792504, "strip_m": 28.0, "cx": 379654.0659488809, "cy": 2425755.0959961778, "selected": false, "order": -1, "sortie": -1}}, {"type": "Feature", "geometry": {"type": "LineString", "coordinates": [[-160.165693, 21.931409], [-160.165779, 21.931375], [-160.165873, 21.931357], [-160.165968, 21.931338], [-160.166063, 21.93132], [-160.166158, 21.931302], [-160.166241, 21.931262], [-160.166317, 21.931205], [-160.166392, 21.931148], [-160.166467, 21.931091], [-160.166542, 21.931034], [-160.166617, 21.930977], [-160.166692, 21.93092], [-160.166767, 21.930863], [-160.166843, 21.930806], [-160.166918, 21.930749], [-160.166993, 21.930692], [-160.167068, 21.930635], [-160.167143, 21.930578], [-160.167233, 21.930577]]}, "properties": {"seg_id": 72, "ring_id": 0, "i0": 1440, "i1": 1460, "length_m": 200.0, "score": 0.8260144898212541, "bay": 0.5302289381623269, "exposure": 0.018097351371967763, "strip_m": 42.0, "cx": 379529.91641212784, "cy": 2425651.242362456, "selected": true, "order": 134, "sortie": 9}}, {"type": "Feature", "geometry": {"type": "LineString", "coordinates": [[-160.167328, 21.930594], [-160.167423, 21.930611], [-160.167519, 21.930628], [-160.167614, 21.930645], [-160.167661, 21.930593], [-160.167684, 21.930506], [-160.167707, 21.930418], [-160.167729, 21.93033], [-160.167792, 21.930289], [-160.167889, 21.930288], [-160.167985, 21.930287], [-160.168082, 21.930287], [-160.168179, 21.930286], [-160.168276, 21.930285], [-160.168344, 21.930242], [-160.168386, 21.93016], [-160.168429, 21.930079], [-160.168472, 21.929998], [-160.168518, 21.929921], [-160.168614, 21.92991]]}, "properties": {"seg_id": 73, "ring_id": 0, "i0": 1460, "i1": 1480, "length_m": 200.0, "score": 0.6248060188114661, "bay": 0.5065036520361901, "exposure": 0.03191152872605039, "strip_m": 65.0, "cx": 379375.0890623661, "cy": 2425573.3835321153, "selected": true, "order": 135, "sortie": 9}}, {"type": "Feature", "geometry": {"type": "LineString", "coordinates": [[-160.16871, 21.929898], [-160.168805, 21.929886], [-160.168901, 21.929874], [-160.168997, 21.929862], [-160.169093, 21.92985], [-160.169189, 21.929838], [-160.169285, 21.929826], [-160.169333, 21.929748], [-160.16938, 21.929669], [-160.169428, 21.92959], [-160.169475, 21.929511], [-160.169522, 21.929433], [-160.16957, 21.929354], [-160.169617, 21.929275], [-160.169664, 21.929196], [-160.169758, 21.929191], [-160.169855, 21.92919], [-160.169952, 21.929189], [-160.170049, 21.929189], [-160.170145, 21.929188]]}, "properties": {"seg_id": 74, "ring_id": 0, "i0": 1480, "i1": 1500, "length_m": 200.0, "score": 0.24820910989506748, "bay": 0.5278876259922981, "exposure": 0.05893364422860148, "strip_m": 11.0, "cx": 379224.1471824089, "cy": 2425488.175520655, "selected": false, "order": -1, "sortie": -1}}, {"type": "Feature", "geometry": {"type": "LineString", "coordinates": [[-160.170242, 21.929187], [-160.170339, 21.929187], [-160.170436, 21.929186], [-160.170533, 21.929185], [-160.17063, 21.929184], [-160.170726, 21.929184], [-160.170782, 21.929113], [-160.170835, 21.929037], [-160.170888, 21.928962], [-160.170954, 21.928921], [-160.171046, 21.928949], [-160.171138, 21.928976], [-160.171208, 21.928986], [-160.171164, 21.928906], [-160.17112, 21.928825], [-160.171205, 21.92884], [-160.171299, 21.928861], [-160.171393, 21.928882], [-160.171487, 21.928903], [-160.171539, 21.928842]]}, "properties": {"seg_id": 75, "ring_id": 0, "i0": 1500, "i1": 1520, "length_m": 200.0, "score": -0.12248485687054718, "bay": 0.49120708405971525, "exposure": 0.24951969981575112, "strip_m": 4.5, "cx": 379067.5625412978, "cy": 2425430.462691181, "selected": false, "order": -1, "sortie": -1}}, {"type": "Feature", "geometry": {"type": "LineString", "coordinates": [[-160.171582, 21.92876], [-160.171624, 21.928679], [-160.171667, 21.928598], [-160.17171, 21.928517], [-160.171752, 21.928436], [-160.171801, 21.928363], [-160.171897, 21.928362], [-160.171984, 21.928371], [-160.171985, 21.928461], [-160.171986, 21.928552], [-160.171996, 21.928632], [-160.172092, 21.928621], [-160.172189, 21.92861], [-160.172285, 21.9286], [-160.172381, 21.928589], [-160.172477, 21.928578], [-160.172573, 21.928568], [-160.172669, 21.928557], [-160.172765, 21.928546], [-160.172861, 21.928535]]}, "properties": {"seg_id": 76, "ring_id": 0, "i0": 1520, "i1": 1540, "length_m": 200.0, "score": 0.5119182807385575, "bay": 0.5218002170324325, "exposure": 0.2510534149269577, "strip_m": 24.5, "cx": 378946.7688371449, "cy": 2425380.587099313, "selected": false, "order": -1, "sortie": -1}}, {"type": "Feature", "geometry": {"type": "LineString", "coordinates": [[-160.172953, 21.928506], [-160.173045, 21.928476], [-160.173136, 21.928447], [-160.17307, 21.928409], [-160.172983, 21.928369], [-160.17298, 21.928302], [-160.173023, 21.928221], [-160.173087, 21.928181], [-160.173182, 21.928198], [-160.173277, 21.928215], [-160.173372, 21.928232], [-160.173467, 21.928249], [-160.17356, 21.928249], [-160.173648, 21.928211], [-160.173736, 21.928173], [-160.173824, 21.928136], [-160.173912, 21.928098], [-160.174, 21.92806], [-160.174088, 21.928022], [-160.174176, 21.927985]]}, "properties": {"seg_id": 77, "ring_id": 0, "i0": 1540, "i1": 1560, "length_m": 200.0, "score": -0.026005816828377964, "bay": 0.4902705579996109, "exposure": 0.125252188478425, "strip_m": 26.5, "cx": 378810.98858312273, "cy": 2425347.3061403753, "selected": false, "order": -1, "sortie": -1}}, {"type": "Feature", "geometry": {"type": "LineString", "coordinates": [[-160.174264, 21.927947], [-160.174352, 21.927909], [-160.17444, 21.927872], [-160.174528, 21.927834], [-160.174616, 21.927796], [-160.174704, 21.927759], [-160.174792, 21.927721], [-160.17488, 21.927683], [-160.174968, 21.927645], [-160.175056, 21.927608], [-160.175144, 21.92757], [-160.175232, 21.927532], [-160.17532, 21.927495], [-160.175408, 21.927457], [-160.175498, 21.92744], [-160.175594, 21.927456], [-160.175689, 21.927472], [-160.175784, 21.927488], [-160.17588, 21.927504], [-160.175975, 21.92752]]}, "properties": {"seg_id": 78, "ring_id": 0, "i0": 1560, "i1": 1580, "length_m": 200.0, "score": 0.5115401724639863, "bay": 0.5347554713487626, "exposure": 0.2637286004571086, "strip_m": 19.0, "cx": 378636.9430987627, "cy": 2425282.0410866225, "selected": false, "order": -1, "sortie": -1}}, {"type": "Feature", "geometry": {"type": "LineString", "coordinates": [[-160.17607, 21.927536], [-160.176165, 21.927552], [-160.176261, 21.927568], [-160.176356, 21.927583], [-160.176451, 21.927599], [-160.176547, 21.927615], [-160.176642, 21.927631], [-160.176737, 21.927647], [-160.176832, 21.927663], [-160.176928, 21.927679], [-160.177018, 21.927685], [-160.17706, 21.927604], [-160.177103, 21.927523], [-160.177146, 21.927442], [-160.177188, 21.927361], [-160.177231, 21.92728], [-160.177273, 21.927199], [-160.177337, 21.927144], [-160.177432, 21.927129], [-160.177528, 21.927115]]}, "properties": {"seg_id": 79, "ring_id": 0, "i0": 1580, "i1": 1600, "length_m": 200.0, "score": -0.2163815374005998, "bay": 0.4601456895470619, "exposure": 0.20612258768783492, "strip_m": 31.0, "cx": 378455.09962956165, "cy": 2425265.995419978, "selected": false, "order": -1, "sortie": -1}}, {"type": "Feature", "geometry": {"type": "LineString", "coordinates": [[-160.177624, 21.927101], [-160.177719, 21.927086], [-160.177815, 21.927072], [-160.17791, 21.927057], [-160.178006, 21.927043], [-160.178101, 21.927028], [-160.178197, 21.927014], [-160.178293, 21.927], [-160.178388, 21.926985], [-160.178484, 21.926971], [-160.178578, 21.926952], [-160.178668, 21.926917], [-160.178757, 21.926883], [-160.178847, 21.926849], [-160.178936, 21.926815], [-160.179026, 21.926781], [-160.179038, 21.926698], [-160.179037, 21.926608], [-160.17912, 21.926594], [-160.179217, 21.926594]]}, "properties": {"seg_id": 80, "ring_id": 0, "i0": 1600, "i1": 1620, "length_m": 200.0, "score": -0.045908989665511504, "bay": 0.48730489909648894, "exposure": 0.18793030713111553, "strip_m": 23.0, "cx": 378286.9929308685, "cy": 2425203.5867172107, "selected": false, "order": -1, "sortie": -1}}, {"type": "Feature", "geometry": {"type": "LineString", "coordinates": [[-160.179314, 21.926593], [-160.179411, 21.926592], [-160.179424, 21.926515], [-160.179423, 21.926425], [-160.179498, 21.926446], [-160.179584, 21.926486], [-160.17965, 21.926454], [-160.179703, 21.926378], [-160.179757, 21.926303], [-160.17981, 21.926229], [-160.179897, 21.926269], [-160.179984, 21.926308], [-160.180003, 21.926247], [-160.180002, 21.926156], [-160.180073, 21.926158], [-160.180165, 21.926186], [-160.180258, 21.926214], [-160.180292, 21.926169], [-160.180292, 21.926079], [-160.180351, 21.926052]]}, "properties": {"seg_id": 81, "ring_id": 0, "i0": 1620, "i1": 1640, "length_m": 200.0, "score": 0.5593274537153031, "bay": 0.5266389265656471, "exposure": 0.03345364064467761, "strip_m": 42.5, "cx": 378146.3839947676, "cy": 2425139.400597917, "selected": true, "order": 136, "sortie": 9}}, {"type": "Feature", "geometry": {"type": "LineString", "coordinates": [[-160.180446, 21.926064], [-160.180542, 21.926076], [-160.180638, 21.926088], [-160.180734, 21.9261], [-160.18083, 21.926112], [-160.180926, 21.926124], [-160.181007, 21.926094], [-160.181075, 21.92603], [-160.181143, 21.925966], [-160.181211, 21.925901], [-160.181287, 21.925861], [-160.181383, 21.925875], [-160.181478, 21.925889], [-160.181574, 21.925903], [-160.181669, 21.925917], [-160.181765, 21.925932], [-160.181839, 21.925923], [-160.181839, 21.925832], [-160.181859, 21.925759], [-160.181955, 21.925744]]}, "properties": {"seg_id": 82, "ring_id": 0, "i0": 1640, "i1": 1660, "length_m": 200.0, "score": 0.8759579813345217, "bay": 0.5087409034371376, "exposure": 0.2607980845847043, "strip_m": 76.0, "cx": 377999.87621157843, "cy": 2425101.4065983323, "selected": true, "order": 137, "sortie": 9}}, {"type": "Feature", "geometry": {"type": "LineString", "coordinates": [[-160.18205, 21.92573], [-160.182146, 21.925716], [-160.182241, 21.925701], [-160.182337, 21.925687], [-160.182433, 21.925672], [-160.182528, 21.925658], [-160.182624, 21.925643], [-160.182719, 21.925629], [-160.182815, 21.925615], [-160.18291, 21.9256], [-160.183006, 21.925586], [-160.183101, 21.925573], [-160.183197, 21.92559], [-160.183292, 21.925607], [-160.183387, 21.925625], [-160.183482, 21.925642], [-160.183577, 21.925659], [-160.183672, 21.925676], [-160.183767, 21.925693], [-160.183862, 21.92571]]}, "properties": {"seg_id": 83, "ring_id": 0, "i0": 1660, "i1": 1680, "length_m": 200.0, "score": 1.2870266498077672, "bay": 0.5355359122157097, "exposure": 0.49043154688947066, "strip_m": 71.5, "cx": 377824.30501871265, "cy": 2425068.5510778422, "selected": true, "order": 138, "sortie": 9}}, {"type": "Feature", "geometry": {"type": "LineString", "coordinates": [[-160.183957, 21.925727], [-160.184052, 21.925744], [-160.184147, 21.925761], [-160.184242, 21.925778], [-160.184337, 21.925795], [-160.184433, 21.925812], [-160.184528, 21.925829], [-160.184623, 21.925846], [-160.184718, 21.925863], [-160.184813, 21.92588], [-160.184908, 21.925897], [-160.185003, 21.925914], [-160.18508, 21.925876], [-160.185148, 21.925812], [-160.185216, 21.925748], [-160.185284, 21.925683], [-160.185352, 21.925619], [-160.18542, 21.925555], [-160.185514, 21.925533], [-160.185607, 21.92551]]}, "properties": {"seg_id": 84, "ring_id": 0, "i0": 1680, "i1": 1700, "length_m": 200.0, "score": 0.40399585734495036, "bay": 0.47804371267557144, "exposure": 0.3535077679165997, "strip_m": 80.0, "cx": 377632.0971703448, "cy": 2425082.0503629176, "selected": false, "order": -1, "sortie": -1}}, {"type": "Feature", "geometry": {"type": "LineString", "coordinates": [[-160.185701, 21.925487], [-160.185795, 21.925465], [-160.185888, 21.925442], [-160.185982, 21.92542], [-160.186076, 21.925397], [-160.18617, 21.925375], [-160.186263, 21.925352], [-160.186357, 21.925329], [-160.186451, 21.925307], [-160.186545, 21.925284], [-160.186639, 21.925287], [-160.186734, 21.925304], [-160.186829, 21.925321], [-160.186924, 21.925338], [-160.18702, 21.925355], [-160.187046, 21.925316], [-160.187014, 21.925231], [-160.186983, 21.925145], [-160.187, 21.925087], [-160.187096, 21.925071]]}, "properties": {"seg_id": 85, "ring_id": 0, "i0": 1700, "i1": 1720, "length_m": 200.0, "score": -0.41960925585697273, "bay": 0.4086368456482887, "exposure": 0.1649669041903605, "strip_m": 89.0, "cx": 377455.42896852153, "cy": 2425034.339477842, "selected": false, "order": -1, "sortie": -1}}, {"type": "Feature", "geometry": {"type": "LineString", "coordinates": [[-160.187191, 21.925056], [-160.187286, 21.92504], [-160.187382, 21.925025], [-160.187477, 21.925009], [-160.187531, 21.924974], [-160.18749, 21.924892], [-160.187449, 21.92481], [-160.187408, 21.924728], [-160.187366, 21.924647], [-160.187325, 21.924565], [-160.187284, 21.924483], [-160.187243, 21.924402], [-160.187201, 21.92432], [-160.18716, 21.924238], [-160.187119, 21.924156], [-160.187078, 21.924075], [-160.187036, 21.923993], [-160.186995, 21.923911], [-160.186954, 21.92383], [-160.186958, 21.92374]]}, "properties": {"seg_id": 86, "ring_id": 0, "i0": 1720, "i1": 1740, "length_m": 200.0, "score": -1.517512494626049, "bay": 0.38147763162851334, "exposure": -0.7149272806945577, "strip_m": 102.0, "cx": 377380.25383045466, "cy": 2424944.016442565, "selected": false, "order": -1, "sortie": -1}}, {"type": "Feature", "geometry": {"type": "LineString", "coordinates": [[-160.186964, 21.923649], [-160.186969, 21.923559], [-160.186974, 21.923469], [-160.18698, 21.923379], [-160.186985, 21.923289], [-160.18699, 21.923198], [-160.186995, 21.923108], [-160.187001, 21.923018], [-160.187006, 21.922928], [-160.187011, 21.922838], [-160.187017, 21.922747], [-160.187022, 21.922657], [-160.187027, 21.922567], [-160.187032, 21.922477], [-160.187038, 21.922387], [-160.187085, 21.922308], [-160.187134, 21.92223], [-160.187183, 21.922153], [-160.187232, 21.922075], [-160.187281, 21.921997]]}, "properties": {"seg_id": 87, "ring_id": 0, "i0": 1740, "i1": 1760, "length_m": 200.0, "score": 0.17436951499414785, "bay": 0.5586368396878243, "exposure": -0.7393871312112035, "strip_m": 13.5, "cx": 377399.5007840184, "cy": 2424756.4312125305, "selected": false, "order": -1, "sortie": -1}}, {"type": "Feature", "geometry": {"type": "LineString", "coordinates": [[-160.187331, 21.921919], [-160.18738, 21.921841], [-160.187429, 21.921763], [-160.187478, 21.921686], [-160.187527, 21.921608], [-160.187576, 21.92153], [-160.187635, 21.921461], [-160.187718, 21.921414], [-160.187801, 21.921367], [-160.187883, 21.92132], [-160.187966, 21.921273], [-160.188048, 21.921226], [-160.188131, 21.921179], [-160.188214, 21.921132], [-160.188296, 21.921085], [-160.188379, 21.921037], [-160.188462, 21.92099], [-160.188544, 21.920943], [-160.188612, 21.920881], [-160.188671, 21.920809]]}, "properties": {"seg_id": 88, "ring_id": 0, "i0": 1760, "i1": 1780, "length_m": 200.0, "score": 0.3729512924321001, "bay": 0.5311654552817344, "exposure": -0.20141399983811717, "strip_m": 12.0, "cx": 377304.47386200994, "cy": 2424593.4946301407, "selected": false, "order": -1, "sortie": -1}}, {"type": "Feature", "geometry": {"type": "LineString", "coordinates": [[-160.18873, 21.920737], [-160.188788, 21.920666], [-160.188847, 21.920594], [-160.188906, 21.920522], [-160.188965, 21.92045], [-160.189024, 21.920379], [-160.189083, 21.920307], [-160.189141, 21.920235], [-160.1892, 21.920163], [-160.189265, 21.920117], [-160.189352, 21.920157], [-160.189439, 21.920197], [-160.189482, 21.920117], [-160.189525, 21.920035], [-160.189568, 21.919954], [-160.18961, 21.919873], [-160.189653, 21.919792], [-160.189695, 21.919711], [-160.189717, 21.919629], [-160.189686, 21.919543]]}, "properties": {"seg_id": 89, "ring_id": 0, "i0": 1780, "i1": 1800, "length_m": 200.0, "score": -0.5326136115015911, "bay": 0.447970874607563, "exposure": -0.3508713434540235, "strip_m": 29.0, "cx": 377166.1084616127, "cy": 2424465.672800814, "selected": false, "order": -1, "sortie": -1}}, {"type": "Feature", "geometry": {"type": "LineString", "coordinates": [[-160.189655, 21.919458], [-160.189636, 21.919376], [-160.189715, 21.919323], [-160.189793, 21.91927], [-160.189871, 21.919217], [-160.18995, 21.919164], [-160.190028, 21.919111], [-160.190106, 21.919058], [-160.190185, 21.919005], [-160.190263, 21.918952], [-160.190265, 21.918893], [-160.190196, 21.91883], [-160.190127, 21.918766], [-160.19017, 21.918731], [-160.190264, 21.918709], [-160.190358, 21.918686], [-160.190452, 21.918663], [-160.190505, 21.918604], [-160.190528, 21.918516], [-160.190551, 21.918428]]}, "properties": {"seg_id": 90, "ring_id": 0, "i0": 1800, "i1": 1820, "length_m": 200.0, "score": 0.6868797248362082, "bay": 0.546514056622982, "exposure": -0.34705704413248906, "strip_m": 41.5, "cx": 377077.5681834111, "cy": 2424331.192743883, "selected": true, "order": 139, "sortie": 9}}, {"type": "Feature", "geometry": {"type": "LineString", "coordinates": [[-160.190573, 21.918341], [-160.190625, 21.918275], [-160.190713, 21.918238], [-160.190801, 21.9182], [-160.19089, 21.918163], [-160.190978, 21.918126], [-160.191066, 21.918088], [-160.191154, 21.918051], [-160.191242, 21.918014], [-160.19133, 21.917977], [-160.191418, 21.917939], [-160.19148, 21.917876], [-160.191522, 21.917795], [-160.191565, 21.917714], [-160.191607, 21.917633], [-160.19165, 21.917551], [-160.191693, 21.91747], [-160.191735, 21.917389], [-160.191801, 21.917436], [-160.19187, 21.917499]]}, "properties": {"seg_id": 91, "ring_id": 0, "i0": 1820, "i1": 1840, "length_m": 200.0, "score": 0.4555003984337124, "bay": 0.5248699367046357, "exposure": -0.052085237450393826, "strip_m": 35.5, "cx": 376957.3792598116, "cy": 2424215.962661934, "selected": false, "order": -1, "sortie": -1}}, {"type": "Feature", "geometry": {"type": "LineString", "coordinates": [[-160.191937, 21.917554], [-160.191973, 21.91747], [-160.192008, 21.917386], [-160.192043, 21.917302], [-160.192078, 21.917218], [-160.192114, 21.917134], [-160.192187, 21.917125], [-160.192279, 21.917153], [-160.192371, 21.917181], [-160.1924, 21.917151], [-160.192369, 21.917065], [-160.192338, 21.91698], [-160.192349, 21.916914], [-160.192441, 21.916885], [-160.192532, 21.916855], [-160.192607, 21.916848], [-160.192608, 21.916939], [-160.192609, 21.917029], [-160.192627, 21.917103], [-160.192724, 21.917102]]}, "properties": {"seg_id": 92, "ring_id": 0, "i0": 1840, "i1": 1860, "length_m": 200.0, "score": 0.5285446895437859, "bay": 0.5258064553141594, "exposure": 0.05053479632677228, "strip_m": 26.0, "cx": 376848.88501542975, "cy": 2424131.6604789677, "selected": false, "order": -1, "sortie": -1}}, {"type": "Feature", "geometry": {"type": "LineString", "coordinates": [[-160.192819, 21.917094], [-160.192905, 21.917053], [-160.192991, 21.917012], [-160.193077, 21.916971], [-160.193164, 21.91693], [-160.193121, 21.916906], [-160.193026, 21.916889], [-160.192931, 21.916872], [-160.192835, 21.916855], [-160.19274, 21.916838], [-160.192751, 21.916797], [-160.192828, 21.916743], [-160.192905, 21.916688], [-160.192982, 21.916633], [-160.193059, 21.916578], [-160.193148, 21.916553], [-160.193244, 21.916546], [-160.193341, 21.916539], [-160.193437, 21.916531], [-160.193534, 21.916524]]}, "properties": {"seg_id": 93, "ring_id": 0, "i0": 1860, "i1": 1880, "length_m": 200.0, "score": 0.3659663726370959, "bay": 0.5167533963918686, "exposure": 0.17853036778784262, "strip_m": 18.5, "cx": 376775.01816642855, "cy": 2424094.3400621885, "selected": false, "order": -1, "sortie": -1}}, {"type": "Feature", "geometry": {"type": "LineString", "coordinates": [[-160.19363, 21.916517], [-160.193727, 21.91651], [-160.193823, 21.916503], [-160.19392, 21.916496], [-160.194016, 21.916489], [-160.194113, 21.916481], [-160.194209, 21.916474], [-160.194306, 21.916467], [-160.194402, 21.91646], [-160.194491, 21.916431], [-160.194575, 21.916385], [-160.194659, 21.91634], [-160.194743, 21.916294], [-160.194826, 21.916249], [-160.19491, 21.916204], [-160.194994, 21.916158], [-160.195077, 21.916113], [-160.195168, 21.91609], [-160.195264, 21.91609], [-160.195361, 21.916089]]}, "properties": {"seg_id": 94, "ring_id": 0, "i0": 1880, "i1": 1900, "length_m": 200.0, "score": -0.21010734741840928, "bay": 0.47809574455022813, "exposure": 0.273204294845716, "strip_m": 14.5, "cx": 376622.9086341984, "cy": 2424047.3238980905, "selected": false, "order": -1, "sortie": -1}}, {"type": "Feature", "geometry": {"type": "LineString", "coordinates": [[-160.195458, 21.916088], [-160.195555, 21.916088], [-160.195652, 21.916087], [-160.195734, 21.916053], [-160.195801, 21.915989], [-160.195869, 21.915925], [-160.195937, 21.91586], [-160.196005, 21.915796], [-160.196073, 21.915732], [-160.196141, 21.915667], [-160.196209, 21.915603], [-160.196277, 21.915538], [-160.196345, 21.915474], [-160.196413, 21.91541], [-160.196481, 21.915345], [-160.196549, 21.915281], [-160.196616, 21.915217], [-160.196684, 21.915152], [-160.196752, 21.915088], [-160.19682, 21.915023]]}, "properties": {"seg_id": 95, "ring_id": 0, "i0": 1900, "i1": 1920, "length_m": 200.0, "score": -1.3927514642910441, "bay": 0.4090010434389114, "exposure": -0.15036012987743513, "strip_m": 8.0, "cx": 376451.0406047092, "cy": 2423968.8147572633, "selected": false, "order": -1, "sortie": -1}}, {"type": "Feature", "geometry": {"type": "LineString", "coordinates": [[-160.196869, 21.914948], [-160.196903, 21.914863], [-160.196936, 21.914778], [-160.196969, 21.914693], [-160.197002, 21.914609], [-160.197036, 21.914524], [-160.197069, 21.914439], [-160.197102, 21.914354], [-160.197135, 21.914269], [-160.197169, 21.914185], [-160.197202, 21.9141], [-160.197235, 21.914015], [-160.197269, 21.91393], [-160.197302, 21.913845], [-160.197335, 21.91376], [-160.197368, 21.913676], [-160.197402, 21.913591], [-160.197453, 21.913517], [-160.197525, 21.913457], [-160.197598, 21.913397]]}, "properties": {"seg_id": 96, "ring_id": 0, "i0": 1920, "i1": 1940, "length_m": 200.0, "score": -0.30362931364184276, "bay": 0.4949531763792038, "exposure": -0.5671895078355036, "strip_m": 23.0, "cx": 376343.85006177693, "cy": 2423806.5480948063, "selected": false, "order": -1, "sortie": -1}}, {"type": "Feature", "geometry": {"type": "LineString", "coordinates": [[-160.19767, 21.913337], [-160.197742, 21.913277], [-160.197815, 21.913217], [-160.197887, 21.913157], [-160.197959, 21.913097], [-160.198032, 21.913037], [-160.198104, 21.912977], [-160.198176, 21.912917], [-160.198196, 21.912832], [-160.198205, 21.912742], [-160.198214, 21.912652], [-160.198223, 21.912563], [-160.198232, 21.912473], [-160.198241, 21.912383], [-160.19825, 21.912293], [-160.198258, 21.912203], [-160.198267, 21.912113], [-160.198276, 21.912023], [-160.198323, 21.911946], [-160.19838, 21.911874]]}, "properties": {"seg_id": 97, "ring_id": 0, "i0": 1940, "i1": 1960, "length_m": 200.0, "score": -0.41600167331472193, "bay": 0.4758584812283516, "exposure": -0.5311285769717882, "strip_m": 26.5, "cx": 376246.63871642936, "cy": 2423642.146991619, "selected": false, "order": -1, "sortie": -1}}, {"type": "Feature", "geometry": {"type": "LineString", "coordinates": [[-160.198438, 21.911801], [-160.198495, 21.911728], [-160.198553, 21.911656], [-160.19861, 21.911583], [-160.198668, 21.91151], [-160.198725, 21.911438], [-160.198783, 21.911365], [-160.19884, 21.911292], [-160.198819, 21.911213], [-160.198775, 21.911133], [-160.198795, 21.911065], [-160.19887, 21.911008], [-160.198945, 21.910951], [-160.199021, 21.910894], [-160.199096, 21.910837], [-160.199171, 21.91078], [-160.199248, 21.910735], [-160.19934, 21.910763], [-160.199432, 21.910791], [-160.199524, 21.910819]]}, "properties": {"seg_id": 98, "ring_id": 0, "i0": 1960, "i1": 1980, "length_m": 200.0, "score": 0.5138239977119163, "bay": 0.5374089553952217, "exposure": -0.21891116284174786, "strip_m": 32.5, "cx": 376164.2719045846, "cy": 2423478.105570001, "selected": false, "order": -1, "sortie": -1}}, {"type": "Feature", "geometry": {"type": "LineString", "coordinates": [[-160.199578, 21.910746], [-160.199632, 21.91067], [-160.199685, 21.910595], [-160.199709, 21.910515], [-160.199685, 21.910427], [-160.199661, 21.91034], [-160.199636, 21.910252], [-160.19964, 21.910196], [-160.199727, 21.910236], [-160.199813, 21.910274], [-160.19986, 21.910196], [-160.199908, 21.910117], [-160.199955, 21.910038], [-160.200003, 21.909959], [-160.20005, 21.909881], [-160.200097, 21.909802], [-160.200145, 21.909723], [-160.200192, 21.909644], [-160.200286, 21.90964], [-160.200383, 21.909639]]}, "properties": {"seg_id": 99, "ring_id": 0, "i0": 1980, "i1": 2000, "length_m": 200.0, "score": 0.16914788569851985, "bay": 0.5063995912671089, "exposure": -0.31730924788373693, "strip_m": 71.0, "cx": 376062.6898544942, "cy": 2423365.566124842, "selected": false, "order": -1, "sortie": -1}}, {"type": "Feature", "geometry": {"type": "LineString", "coordinates": [[-160.20048, 21.909638], [-160.200577, 21.909637], [-160.200581, 21.909552], [-160.20058, 21.909461], [-160.200579, 21.909371], [-160.200671, 21.909366], [-160.200768, 21.909365], [-160.200865, 21.909364], [-160.200887, 21.90928], [-160.200905, 21.909191], [-160.200924, 21.909103], [-160.200942, 21.909014], [-160.20096, 21.908925], [-160.201033, 21.908872], [-160.201116, 21.908825], [-160.201198, 21.908778], [-160.201281, 21.908731], [-160.201363, 21.908684], [-160.201444, 21.908636], [-160.201427, 21.908547]]}, "properties": {"seg_id": 100, "ring_id": 0, "i0": 2000, "i1": 2020, "length_m": 200.0, "score": -0.905714973904514, "bay": 0.45905307978391646, "exposure": -0.30097457467710453, "strip_m": 8.5, "cx": 375953.65708041406, "cy": 2423252.6690871045, "selected": false, "order": -1, "sortie": -1}}, {"type": "Feature", "geometry": {"type": "LineString", "coordinates": [[-160.201411, 21.908458], [-160.201394, 21.908369], [-160.201378, 21.90828], [-160.201361, 21.908191], [-160.201344, 21.908102], [-160.201417, 21.908047], [-160.201496, 21.907995], [-160.201575, 21.907942], [-160.201654, 21.90789], [-160.201732, 21.907838], [-160.201811, 21.907785], [-160.20189, 21.907733], [-160.201969, 21.907681], [-160.202048, 21.907628], [-160.202127, 21.907576], [-160.202206, 21.907523], [-160.202284, 21.907471], [-160.202305, 21.907391], [-160.202304, 21.907301], [-160.202304, 21.90721]]}, "properties": {"seg_id": 101, "ring_id": 0, "i0": 2020, "i1": 2040, "length_m": 200.0, "score": 0.11235957422957857, "bay": 0.5248179063200951, "exposure": -0.41584061011725504, "strip_m": 31.5, "cx": 375862.5147838108, "cy": 2423109.848407436, "selected": false, "order": -1, "sortie": -1}}, {"type": "Feature", "geometry": {"type": "LineString", "coordinates": [[-160.202303, 21.90712], [-160.20237, 21.907116], [-160.202462, 21.907144], [-160.202554, 21.907172], [-160.202603, 21.907133], [-160.202618, 21.907044], [-160.202633, 21.906955], [-160.202648, 21.906865], [-160.202663, 21.906776], [-160.202678, 21.906687], [-160.202732, 21.90663], [-160.202825, 21.906608], [-160.202919, 21.906585], [-160.203013, 21.906562], [-160.203094, 21.906522], [-160.203154, 21.906451], [-160.203214, 21.90638], [-160.203274, 21.906309], [-160.203334, 21.906238], [-160.203394, 21.906167]]}, "properties": {"seg_id": 102, "ring_id": 0, "i0": 2040, "i1": 2060, "length_m": 200.0, "score": -0.5434940442055636, "bay": 0.4838709756731987, "exposure": -0.20667025397422373, "strip_m": 11.5, "cx": 375755.8117590035, "cy": 2422989.211966741, "selected": false, "order": -1, "sortie": -1}}, {"type": "Feature", "geometry": {"type": "LineString", "coordinates": [[-160.203453, 21.906096], [-160.203495, 21.906015], [-160.203535, 21.905933], [-160.203576, 21.905851], [-160.203616, 21.905769], [-160.203657, 21.905687], [-160.203697, 21.905605], [-160.203738, 21.905523], [-160.203779, 21.905441], [-160.203819, 21.905359], [-160.20386, 21.905277], [-160.2039, 21.905195], [-160.203941, 21.905112], [-160.203981, 21.90503], [-160.204022, 21.904948], [-160.204062, 21.904866], [-160.204103, 21.904784], [-160.204143, 21.904702], [-160.204184, 21.90462], [-160.204233, 21.904556]]}, "properties": {"seg_id": 103, "ring_id": 0, "i0": 2060, "i1": 2080, "length_m": 200.0, "score": 0.28947462291204495, "bay": 0.5291883528232575, "exposure": -0.5220678356595988, "strip_m": 40.0, "cx": 375649.6837987137, "cy": 2422834.512811758, "selected": false, "order": -1, "sortie": -1}}, {"type": "Feature", "geometry": {"type": "LineString", "coordinates": [[-160.204328, 21.904577], [-160.204422, 21.904598], [-160.204516, 21.90462], [-160.204605, 21.904635], [-160.204605, 21.904545], [-160.204604, 21.904455], [-160.204603, 21.904364], [-160.204607, 21.904277], [-160.2047, 21.904255], [-160.204794, 21.904232], [-160.204888, 21.90421], [-160.204982, 21.904187], [-160.205075, 21.904164], [-160.205169, 21.904142], [-160.205263, 21.904119], [-160.205356, 21.904097], [-160.20545, 21.904074], [-160.205544, 21.904051], [-160.205638, 21.904029], [-160.205731, 21.904006]]}, "properties": {"seg_id": 104, "ring_id": 0, "i0": 2080, "i1": 2100, "length_m": 200.0, "score": 0.35001482396934086, "bay": 0.520707605779171, "exposure": 0.0915568616426788, "strip_m": 19.5, "cx": 375534.70933531097, "cy": 2422720.6621928224, "selected": false, "order": -1, "sortie": -1}}, {"type": "Feature", "geometry": {"type": "LineString", "coordinates": [[-160.205761, 21.903938], [-160.20576, 21.903847], [-160.20576, 21.903757], [-160.205759, 21.903667], [-160.205801, 21.903591], [-160.205863, 21.903522], [-160.205926, 21.903453], [-160.205988, 21.903384], [-160.20605, 21.903315], [-160.206113, 21.903246], [-160.206175, 21.903177], [-160.206238, 21.903108], [-160.2063, 21.903038], [-160.206373, 21.902982], [-160.20646, 21.902941], [-160.206546, 21.9029], [-160.206632, 21.902859], [-160.206718, 21.902818], [-160.206812, 21.902841], [-160.206905, 21.902866]]}, "properties": {"seg_id": 105, "ring_id": 0, "i0": 2100, "i1": 2120, "length_m": 200.0, "score": 0.5514613568576391, "bay": 0.5615504756569862, "exposure": -0.21229771346723378, "strip_m": 15.5, "cx": 375404.3751256758, "cy": 2422608.82194555, "selected": false, "order": -1, "sortie": -1}}, {"type": "Feature", "geometry": {"type": "LineString", "coordinates": [[-160.206998, 21.90289], [-160.207091, 21.902914], [-160.207185, 21.902938], [-160.207278, 21.902962], [-160.207371, 21.902986], [-160.207433, 21.902938], [-160.207482, 21.902861], [-160.207532, 21.902783], [-160.207581, 21.902705], [-160.20763, 21.902627], [-160.207679, 21.902549], [-160.207767, 21.90252], [-160.207861, 21.902497], [-160.207955, 21.902475], [-160.208048, 21.902452], [-160.208089, 21.90238], [-160.208111, 21.902293], [-160.208134, 21.902205], [-160.208157, 21.902117], [-160.20818, 21.902029]]}, "properties": {"seg_id": 106, "ring_id": 0, "i0": 2120, "i1": 2140, "length_m": 200.0, "score": -1.1799759912526535, "bay": 0.4159729540348053, "exposure": -0.10267244166745278, "strip_m": 3.5, "cx": 375250.78909840283, "cy": 2422537.35064263, "selected": false, "order": -1, "sortie": -1}}, {"type": "Feature", "geometry": {"type": "LineString", "coordinates": [[-160.208202, 21.901941], [-160.208225, 21.901854], [-160.208248, 21.901766], [-160.208307, 21.901713], [-160.208402, 21.901695], [-160.208497, 21.901676], [-160.208591, 21.901658], [-160.208686, 21.901639], [-160.208734, 21.901592], [-160.208715, 21.901504], [-160.208695, 21.901416], [-160.208675, 21.901327], [-160.208655, 21.901239], [-160.208658, 21.901154], [-160.208711, 21.901079], [-160.208764, 21.901003], [-160.208817, 21.900928], [-160.208881, 21.90086], [-160.208949, 21.900796], [-160.209016, 21.900731]]}, "properties": {"seg_id": 107, "ring_id": 0, "i0": 2140, "i1": 2160, "length_m": 200.0, "score": -0.34093590346729535, "bay": 0.5341311186552048, "exposure": -0.40365934201877585, "strip_m": 2.5, "cx": 375152.2701219999, "cy": 2422402.2324973075, "selected": false, "order": -1, "sortie": -1}}, {"type": "Feature", "geometry": {"type": "LineString", "coordinates": [[-160.209084, 21.900667], [-160.209152, 21.900602], [-160.209221, 21.90054], [-160.209314, 21.900513], [-160.209406, 21.900486], [-160.209499, 21.90046], [-160.209591, 21.900433], [-160.209684, 21.900407], [-160.209776, 21.90038], [-160.209869, 21.900353], [-160.209961, 21.900327], [-160.210054, 21.9003], [-160.210146, 21.900273], [-160.210224, 21.900224], [-160.210292, 21.90016], [-160.21036, 21.900095], [-160.210428, 21.900031], [-160.210495, 21.899966], [-160.210563, 21.899902], [-160.210631, 21.899838]]}, "properties": {"seg_id": 108, "ring_id": 0, "i0": 2160, "i1": 2180, "length_m": 200.0, "score": -0.8356446200217109, "bay": 0.4571800261735916, "exposure": -0.013129608958712378, "strip_m": 1.5, "cx": 375020.52804885653, "cy": 2422283.633171804, "selected": false, "order": -1, "sortie": -1}}, {"type": "Feature", "geometry": {"type": "LineString", "coordinates": [[-160.210662, 21.899759], [-160.210662, 21.899669], [-160.210661, 21.899579], [-160.21066, 21.899488], [-160.210659, 21.899398], [-160.210659, 21.899308], [-160.210658, 21.899217], [-160.210657, 21.899127], [-160.210656, 21.899037], [-160.210656, 21.898947], [-160.210655, 21.898856], [-160.210654, 21.898766], [-160.210653, 21.898676], [-160.210697, 21.898608], [-160.210778, 21.898559], [-160.21086, 21.898511], [-160.210942, 21.898462], [-160.211023, 21.898414], [-160.211105, 21.898365], [-160.211187, 21.898317]]}, "properties": {"seg_id": 109, "ring_id": 0, "i0": 2180, "i1": 2200, "length_m": 200.0, "score": -0.09171265584675076, "bay": 0.548543193936348, "exposure": -0.5732869149681799, "strip_m": 13.0, "cx": 374929.51139615226, "cy": 2422135.474251516, "selected": false, "order": -1, "sortie": -1}}, {"type": "Feature", "geometry": {"type": "LineString", "coordinates": [[-160.211268, 21.898268], [-160.21135, 21.89822], [-160.211432, 21.898171], [-160.211513, 21.898123], [-160.211595, 21.898074], [-160.211677, 21.898026], [-160.211758, 21.897977], [-160.21184, 21.897929], [-160.211922, 21.89788], [-160.212003, 21.897832], [-160.212085, 21.897783], [-160.212167, 21.897735], [-160.212243, 21.89768], [-160.212317, 21.897621], [-160.21239, 21.897563], [-160.212464, 21.897504], [-160.212538, 21.897445], [-160.212611, 21.897387], [-160.212685, 21.897328], [-160.212759, 21.89727]]}, "properties": {"seg_id": 110, "ring_id": 0, "i0": 2200, "i1": 2220, "length_m": 200.0, "score": 0.28561498444798367, "bay": 0.4887617155909538, "exposure": -0.0915326007557913, "strip_m": 45.0, "cx": 374796.915997944, "cy": 2422007.8439315604, "selected": false, "order": -1, "sortie": -1}}, {"type": "Feature", "geometry": {"type": "LineString", "coordinates": [[-160.212832, 21.897211], [-160.212906, 21.897152], [-160.21298, 21.897094], [-160.213053, 21.897035], [-160.213127, 21.896977], [-160.213201, 21.896918], [-160.213274, 21.896859], [-160.213348, 21.896801], [-160.213422, 21.896742], [-160.213495, 21.896684], [-160.213569, 21.896625], [-160.213643, 21.896567], [-160.213716, 21.896508], [-160.21379, 21.896449], [-160.213864, 21.896391], [-160.213937, 21.896332], [-160.214011, 21.896274], [-160.214085, 21.896215], [-160.214158, 21.896156], [-160.214232, 21.896098]]}, "properties": {"seg_id": 111, "ring_id": 0, "i0": 2220, "i1": 2240, "length_m": 200.0, "score": 0.19218599542568834, "bay": 0.49068679064512255, "exposure": -0.17342277209256904, "strip_m": 49.0, "cx": 374640.81409649114, "cy": 2421883.2634357666, "selected": false, "order": -1, "sortie": -1}}, {"type": "Feature", "geometry": {"type": "LineString", "coordinates": [[-160.214306, 21.896039], [-160.214379, 21.895981], [-160.214453, 21.895922], [-160.214527, 21.895863], [-160.2146, 21.895805], [-160.214674, 21.895746], [-160.214748, 21.895688], [-160.214821, 21.895629], [-160.214895, 21.89557], [-160.214969, 21.895512], [-160.215042, 21.895453], [-160.215116, 21.895395], [-160.215194, 21.895343], [-160.215288, 21.895321], [-160.215381, 21.895298], [-160.215475, 21.895276], [-160.215566, 21.895249], [-160.215623, 21.895176], [-160.215681, 21.895104], [-160.215738, 21.895031]]}, "properties": {"seg_id": 112, "ring_id": 0, "i0": 2240, "i1": 2260, "length_m": 200.0, "score": -0.016172985627768588, "bay": 0.499479715526104, "exposure": -0.12036671749729333, "strip_m": 33.5, "cx": 374485.72420547286, "cy": 2421758.906945924, "selected": false, "order": -1, "sortie": -1}}, {"type": "Feature", "geometry": {"type": "LineString", "coordinates": [[-160.215795, 21.894958], [-160.215853, 21.894885], [-160.21591, 21.894813], [-160.215968, 21.89474], [-160.216025, 21.894667], [-160.216083, 21.894595], [-160.216143, 21.894527], [-160.216238, 21.894508], [-160.216333, 21.89449], [-160.216428, 21.894471], [-160.216522, 21.894453], [-160.216617, 21.894434], [-160.216618, 21.894345], [-160.216617, 21.894255], [-160.216702, 21.894213], [-160.216788, 21.894172], [-160.216874, 21.894131], [-160.216961, 21.89409], [-160.217047, 21.894049], [-160.217133, 21.894008]]}, "properties": {"seg_id": 113, "ring_id": 0, "i0": 2260, "i1": 2280, "length_m": 200.0, "score": -0.3673400298208126, "bay": 0.5200312256813049, "exposure": -0.11944993871013523, "strip_m": 0.0, "cx": 374339.2037378207, "cy": 2421640.522978765, "selected": false, "order": -1, "sortie": -1}}, {"type": "Feature", "geometry": {"type": "LineString", "coordinates": [[-160.217219, 21.893967], [-160.217306, 21.893926], [-160.217392, 21.893885], [-160.217478, 21.893844], [-160.217564, 21.893803], [-160.217605, 21.893726], [-160.217635, 21.89364], [-160.217665, 21.893554], [-160.217736, 21.89351], [-160.217831, 21.893491], [-160.217925, 21.893471], [-160.21802, 21.893452], [-160.218114, 21.893432], [-160.218209, 21.893412], [-160.218303, 21.893393], [-160.218398, 21.893373], [-160.218492, 21.893353], [-160.218586, 21.893334], [-160.218681, 21.893314], [-160.218775, 21.893295]]}, "properties": {"seg_id": 114, "ring_id": 0, "i0": 2280, "i1": 2300, "length_m": 200.0, "score": -0.21930461866214124, "bay": 0.5155046910047532, "exposure": 0.09238054961293804, "strip_m": 0.0, "cx": 374182.0256126774, "cy": 2421544.168294697, "selected": false, "order": -1, "sortie": -1}}, {"type": "Feature", "geometry": {"type": "LineString", "coordinates": [[-160.21887, 21.893275], [-160.218964, 21.893255], [-160.219048, 21.893219], [-160.219108, 21.893148], [-160.219167, 21.893077], [-160.219227, 21.893006], [-160.219287, 21.892935], [-160.219347, 21.892864], [-160.219407, 21.892793], [-160.219475, 21.892846], [-160.219544, 21.892909], [-160.219614, 21.892961], [-160.219689, 21.892905], [-160.219764, 21.892848], [-160.219839, 21.892791], [-160.219914, 21.892734], [-160.219989, 21.892677], [-160.220064, 21.89262], [-160.220071, 21.892542], [-160.220047, 21.892454]]}, "properties": {"seg_id": 115, "ring_id": 0, "i0": 2300, "i1": 2320, "length_m": 200.0, "score": -0.5155790166621584, "bay": 0.4520291447639465, "exposure": -0.09099972319448506, "strip_m": 17.0, "cx": 374018.71719769866, "cy": 2421471.753829547, "selected": false, "order": -1, "sortie": -1}}, {"type": "Feature", "geometry": {"type": "LineString", "coordinates": [[-160.220022, 21.892367], [-160.219998, 21.892279], [-160.220037, 21.892264], [-160.220124, 21.892304], [-160.220196, 21.892303], [-160.220239, 21.892222], [-160.220277, 21.892157], [-160.220278, 21.892248], [-160.220279, 21.892338], [-160.220288, 21.892416], [-160.220374, 21.892375], [-160.22046, 21.892334], [-160.220546, 21.892293], [-160.220633, 21.892252], [-160.220707, 21.892196], [-160.220775, 21.892132], [-160.220843, 21.892067], [-160.220838, 21.891985], [-160.220814, 21.891897], [-160.22079, 21.89181]]}, "properties": {"seg_id": 116, "ring_id": 0, "i0": 2320, "i1": 2340, "length_m": 200.0, "score": 0.28408600517957605, "bay": 0.4870967850089073, "exposure": -0.06714728329087168, "strip_m": 90.0, "cx": 373924.7001907056, "cy": 2421397.11150092, "selected": false, "order": -1, "sortie": -1}}, {"type": "Feature", "geometry": {"type": "LineString", "coordinates": [[-160.220765, 21.891722], [-160.220817, 21.89167], [-160.220906, 21.891635], [-160.220996, 21.8916], [-160.221085, 21.891565], [-160.221174, 21.89153], [-160.221263, 21.891495], [-160.221352, 21.89146], [-160.221442, 21.891425], [-160.221531, 21.89139], [-160.22162, 21.891355], [-160.221709, 21.89132], [-160.221798, 21.891284], [-160.221888, 21.891249], [-160.221977, 21.891214], [-160.222066, 21.891179], [-160.222155, 21.891144], [-160.222244, 21.891109], [-160.222334, 21.891074], [-160.222408, 21.891025]]}, "properties": {"seg_id": 117, "ring_id": 0, "i0": 2340, "i1": 2360, "length_m": 200.0, "score": 0.5043547041926445, "bay": 0.5006763830780983, "exposure": 0.048889489483602014, "strip_m": 81.5, "cx": 373805.09066901676, "cy": 2421305.105996591, "selected": false, "order": -1, "sortie": -1}}, {"type": "Feature", "geometry": {"type": "LineString", "coordinates": [[-160.222445, 21.890942], [-160.222483, 21.890859], [-160.22252, 21.890775], [-160.222558, 21.890692], [-160.222595, 21.890609], [-160.222632, 21.890525], [-160.22267, 21.890442], [-160.222738, 21.890383], [-160.22282, 21.890336], [-160.222903, 21.890289], [-160.222985, 21.890242], [-160.223068, 21.890195], [-160.223151, 21.890148], [-160.223242, 21.890121], [-160.223336, 21.890099], [-160.22343, 21.890076], [-160.223524, 21.890053], [-160.223551, 21.890111], [-160.223552, 21.890202], [-160.223552, 21.890292]]}, "properties": {"seg_id": 118, "ring_id": 0, "i0": 2360, "i1": 2380, "length_m": 200.0, "score": 1.0449038387523641, "bay": 0.5534339264035225, "exposure": 0.0060175758387072675, "strip_m": 65.0, "cx": 373658.4015733708, "cy": 2421195.2613919033, "selected": true, "order": 140, "sortie": 10}}, {"type": "Feature", "geometry": {"type": "LineString", "coordinates": [[-160.223553, 21.890382], [-160.223623, 21.890408], [-160.223719, 21.890407], [-160.223763, 21.890344], [-160.223786, 21.890256], [-160.223809, 21.890168], [-160.223831, 21.890081], [-160.223894, 21.890026], [-160.223984, 21.889993], [-160.224075, 21.889961], [-160.224165, 21.889928], [-160.224255, 21.889896], [-160.224346, 21.889864], [-160.224436, 21.889831], [-160.224527, 21.889799], [-160.224616, 21.889771], [-160.224685, 21.889834], [-160.224754, 21.889898], [-160.224823, 21.889961], [-160.224892, 21.890024]]}, "properties": {"seg_id": 119, "ring_id": 0, "i0": 2380, "i1": 2400, "length_m": 200.0, "score": 0.46533598627436756, "bay": 0.4979708731174469, "exposure": 0.2439377245354692, "strip_m": 43.5, "cx": 373535.2626397282, "cy": 2421159.9325689613, "selected": false, "order": -1, "sortie": -1}}, {"type": "Feature", "geometry": {"type": "LineString", "coordinates": [[-160.224961, 21.890088], [-160.22504, 21.890132], [-160.225136, 21.890146], [-160.225231, 21.89016], [-160.225327, 21.890174], [-160.225423, 21.890188], [-160.225518, 21.890203], [-160.225575, 21.890186], [-160.225543, 21.890101], [-160.225512, 21.890015], [-160.225481, 21.88993], [-160.225449, 21.889844], [-160.225418, 21.889759], [-160.225387, 21.889673], [-160.225476, 21.889643], [-160.225568, 21.889614], [-160.225659, 21.889585], [-160.225706, 21.889511], [-160.225744, 21.889428], [-160.225781, 21.889344]]}, "properties": {"seg_id": 120, "ring_id": 0, "i0": 2400, "i1": 2420, "length_m": 200.0, "score": -2.188130174061338, "bay": 0.33173778355121614, "exposure": -0.14736159228313284, "strip_m": 13.5, "cx": 373403.921272064, "cy": 2421143.7721537845, "selected": false, "order": -1, "sortie": -1}}, {"type": "Feature", "geometry": {"type": "LineString", "coordinates": [[-160.225819, 21.889261], [-160.225856, 21.889178], [-160.225893, 21.889094], [-160.225931, 21.889011], [-160.225975, 21.888958], [-160.226044, 21.889021], [-160.226113, 21.889085], [-160.226155, 21.88909], [-160.226155, 21.889], [-160.226154, 21.888909], [-160.226153, 21.888819], [-160.226152, 21.888729], [-160.226152, 21.888638], [-160.226151, 21.888548], [-160.22615, 21.888458], [-160.226149, 21.888367], [-160.226171, 21.888284], [-160.226231, 21.888213], [-160.226291, 21.888142], [-160.226351, 21.888071]]}, "properties": {"seg_id": 121, "ring_id": 0, "i0": 2420, "i1": 2440, "length_m": 200.0, "score": -0.8869598618659722, "bay": 0.4661810651421547, "exposure": -0.5427146624715115, "strip_m": 19.5, "cx": 373335.1823384984, "cy": 2421017.8648700714, "selected": false, "order": -1, "sortie": -1}}, {"type": "Feature", "geometry": {"type": "LineString", "coordinates": [[-160.226411, 21.888], [-160.226471, 21.88793], [-160.22653, 21.887859], [-160.226558, 21.887772], [-160.226585, 21.887685], [-160.226612, 21.887599], [-160.22664, 21.887512], [-160.226667, 21.887425], [-160.226694, 21.887339], [-160.226721, 21.887252], [-160.226748, 21.887165], [-160.226775, 21.887078], [-160.226802, 21.886992], [-160.226853, 21.886919], [-160.226926, 21.886859], [-160.226998, 21.886799], [-160.22707, 21.886739], [-160.227143, 21.886679], [-160.227215, 21.886619], [-160.227287, 21.886559]]}, "properties": {"seg_id": 122, "ring_id": 0, "i0": 2440, "i1": 2460, "length_m": 200.0, "score": -0.34659636892932777, "bay": 0.5347034379839897, "exposure": -0.47402063809619116, "strip_m": 2.0, "cx": 373263.2866560073, "cy": 2420851.8380435496, "selected": false, "order": -1, "sortie": -1}}, {"type": "Feature", "geometry": {"type": "LineString", "coordinates": [[-160.22736, 21.886499], [-160.227432, 21.886439], [-160.227504, 21.886379], [-160.227576, 21.886319], [-160.227649, 21.886259], [-160.227721, 21.886199], [-160.227793, 21.886139], [-160.227866, 21.886079], [-160.227938, 21.886019], [-160.22801, 21.885959], [-160.228083, 21.885899], [-160.228155, 21.885839], [-160.228227, 21.885779], [-160.2283, 21.885719], [-160.228358, 21.885651], [-160.228381, 21.885563], [-160.228404, 21.885476], [-160.228427, 21.885388], [-160.228459, 21.885308], [-160.228549, 21.885274]]}, "properties": {"seg_id": 123, "ring_id": 0, "i0": 2460, "i1": 2480, "length_m": 200.0, "score": -0.7026858665116134, "bay": 0.4707596331834793, "exposure": -0.2782023792017868, "strip_m": 10.5, "cx": 373135.6030065232, "cy": 2420705.625744083, "selected": false, "order": -1, "sortie": -1}}, {"type": "Feature", "geometry": {"type": "LineString", "coordinates": [[-160.228639, 21.88524], [-160.228728, 21.885205], [-160.228818, 21.885171], [-160.228907, 21.885137], [-160.22894, 21.885061], [-160.228955, 21.884971], [-160.22897, 21.884882], [-160.228985, 21.884793], [-160.229, 21.884704], [-160.229016, 21.884615], [-160.229031, 21.884525], [-160.229046, 21.884436], [-160.229061, 21.884347], [-160.229076, 21.884258], [-160.229091, 21.884168], [-160.229106, 21.884079], [-160.229096, 21.883992], [-160.229069, 21.883905], [-160.229041, 21.883818], [-160.229014, 21.883732]]}, "properties": {"seg_id": 124, "ring_id": 0, "i0": 2480, "i1": 2500, "length_m": 200.0, "score": -1.7219477486053993, "bay": 0.41618106663227084, "exposure": -0.6466788686271562, "strip_m": 7.0, "cx": 373034.1942760797, "cy": 2420556.167846201, "selected": false, "order": -1, "sortie": -1}}, {"type": "Feature", "geometry": {"type": "LineString", "coordinates": [[-160.228987, 21.883645], [-160.22896, 21.883558], [-160.228932, 21.883472], [-160.228905, 21.883385], [-160.228878, 21.883298], [-160.22885, 21.883212], [-160.228823, 21.883125], [-160.228796, 21.883038], [-160.228768, 21.882952], [-160.228741, 21.882865], [-160.228718, 21.88278], [-160.228795, 21.882725], [-160.228872, 21.88267], [-160.228949, 21.882615], [-160.229026, 21.882561], [-160.229099, 21.882504], [-160.229099, 21.882414], [-160.229098, 21.882324], [-160.229097, 21.882233], [-160.229096, 21.882143]]}, "properties": {"seg_id": 125, "ring_id": 0, "i0": 2500, "i1": 2520, "length_m": 200.0, "score": -0.918063358990757, "bay": 0.5028095752000808, "exposure": -0.743595697086773, "strip_m": 3.0, "cx": 373038.42021922435, "cy": 2420370.5910944426, "selected": false, "order": -1, "sortie": -1}}, {"type": "Feature", "geometry": {"type": "LineString", "coordinates": [[-160.229092, 21.882055], [-160.229, 21.882027], [-160.228908, 21.881999], [-160.228816, 21.881972], [-160.228804, 21.881889], [-160.228803, 21.881799], [-160.228802, 21.881708], [-160.228801, 21.881618], [-160.228801, 21.881528], [-160.2288, 21.881437], [-160.228799, 21.881347], [-160.228836, 21.881265], [-160.228879, 21.881184], [-160.228922, 21.881103], [-160.228964, 21.881021], [-160.229007, 21.88094], [-160.229049, 21.880859], [-160.229085, 21.880776], [-160.229084, 21.880686], [-160.229083, 21.880596]]}, "properties": {"seg_id": 126, "ring_id": 0, "i0": 2520, "i1": 2540, "length_m": 200.0, "score": -0.7776258657552934, "bay": 0.5245577529072761, "exposure": -0.7644771879739927, "strip_m": 0.0, "cx": 373037.89016044594, "cy": 2420206.1377399885, "selected": false, "order": -1, "sortie": -1}}, {"type": "Feature", "geometry": {"type": "LineString", "coordinates": [[-160.229082, 21.880506], [-160.229081, 21.880415], [-160.229081, 21.880325], [-160.22908, 21.880235], [-160.229079, 21.880144], [-160.229092, 21.880061], [-160.229172, 21.88001], [-160.229252, 21.879959], [-160.229332, 21.879908], [-160.229375, 21.879836], [-160.229387, 21.879746], [-160.2294, 21.879657], [-160.229413, 21.879567], [-160.229426, 21.879478], [-160.229439, 21.879388], [-160.229452, 21.879299], [-160.229501, 21.879233], [-160.229587, 21.879192], [-160.229655, 21.879139], [-160.22967, 21.879049]]}, "properties": {"seg_id": 127, "ring_id": 0, "i0": 2540, "i1": 2560, "length_m": 200.0, "score": -0.8665282703145097, "bay": 0.5057232081890106, "exposure": -0.5947145620615035, "strip_m": 0.0, "cx": 372993.94572587404, "cy": 2420025.686391524, "selected": false, "order": -1, "sortie": -1}}, {"type": "Feature", "geometry": {"type": "LineString", "coordinates": [[-160.229686, 21.87896], [-160.229701, 21.878871], [-160.229716, 21.878782], [-160.229731, 21.878693], [-160.229728, 21.878612], [-160.229642, 21.878572], [-160.229555, 21.878532], [-160.229602, 21.878461], [-160.229658, 21.878388], [-160.229715, 21.878314], [-160.229771, 21.878241], [-160.229827, 21.878167], [-160.229883, 21.878094], [-160.22994, 21.87802], [-160.229996, 21.877947], [-160.230052, 21.877873], [-160.230109, 21.8778], [-160.230165, 21.877726], [-160.230221, 21.877653], [-160.230278, 21.877579]]}, "properties": {"seg_id": 128, "ring_id": 0, "i0": 2560, "i1": 2580, "length_m": 200.0, "score": -0.3061170221630591, "bay": 0.5386576533317566, "exposure": -0.5630721839985526, "strip_m": 3.5, "cx": 372938.81563346, "cy": 2419860.830741023, "selected": false, "order": -1, "sortie": -1}}, {"type": "Feature", "geometry": {"type": "LineString", "coordinates": [[-160.230334, 21.877506], [-160.23039, 21.877432], [-160.230446, 21.877359], [-160.230503, 21.877286], [-160.230559, 21.877212], [-160.230615, 21.877139], [-160.230672, 21.877065], [-160.230728, 21.876992], [-160.230784, 21.876918], [-160.23084, 21.876845], [-160.230897, 21.876771], [-160.230953, 21.876698], [-160.231009, 21.876624], [-160.231066, 21.876551], [-160.231152, 21.876531], [-160.231248, 21.87653], [-160.231345, 21.876529], [-160.231442, 21.876529], [-160.231499, 21.876469], [-160.231542, 21.876388]]}, "properties": {"seg_id": 129, "ring_id": 0, "i0": 2580, "i1": 2600, "length_m": 200.0, "score": 0.22237643151533737, "bay": 0.5476586937904357, "exposure": -0.2411872060613378, "strip_m": 9.0, "cx": 372828.8312803017, "cy": 2419707.193797073, "selected": false, "order": -1, "sortie": -1}}, {"type": "Feature", "geometry": {"type": "LineString", "coordinates": [[-160.231584, 21.876307], [-160.231627, 21.876225], [-160.231683, 21.876162], [-160.231779, 21.876149], [-160.231875, 21.876135], [-160.23197, 21.876122], [-160.232066, 21.876108], [-160.232162, 21.876095], [-160.232257, 21.876081], [-160.232346, 21.876056], [-160.232403, 21.875984], [-160.232461, 21.875911], [-160.232518, 21.875838], [-160.232576, 21.875766], [-160.23262, 21.87569], [-160.23261, 21.8756], [-160.232599, 21.87551], [-160.232589, 21.87542], [-160.232578, 21.87533], [-160.232568, 21.875241]]}, "properties": {"seg_id": 130, "ring_id": 0, "i0": 2600, "i1": 2620, "length_m": 200.0, "score": -1.5600207359579943, "bay": 0.3840790882706642, "exposure": -0.2914096272953359, "strip_m": 12.0, "cx": 372689.2644133215, "cy": 2419599.5732857524, "selected": false, "order": -1, "sortie": -1}}, {"type": "Feature", "geometry": {"type": "LineString", "coordinates": [[-160.232558, 21.875151], [-160.232547, 21.875061], [-160.232537, 21.874971], [-160.232526, 21.874881], [-160.232516, 21.874791], [-160.232506, 21.874702], [-160.232495, 21.874612], [-160.232485, 21.874522], [-160.232474, 21.874432], [-160.232464, 21.874342], [-160.232454, 21.874253], [-160.232443, 21.874163], [-160.232433, 21.874073], [-160.232422, 21.873983], [-160.232405, 21.873905], [-160.232319, 21.873947], [-160.232233, 21.873988], [-160.232193, 21.87392], [-160.232162, 21.873835], [-160.232131, 21.873749]]}, "properties": {"seg_id": 131, "ring_id": 0, "i0": 2620, "i1": 2640, "length_m": 200.0, "score": -1.247295402997366, "bay": 0.49094692766666415, "exposure": -0.8528871739817345, "strip_m": 0.5, "cx": 372670.1853908357, "cy": 2419431.190644149, "selected": false, "order": -1, "sortie": -1}}, {"type": "Feature", "geometry": {"type": "LineString", "coordinates": [[-160.232145, 21.873665], [-160.232181, 21.873581], [-160.232216, 21.873497], [-160.232251, 21.873412], [-160.232286, 21.873328], [-160.232322, 21.873244], [-160.232357, 21.87316], [-160.232392, 21.873076], [-160.232427, 21.872992], [-160.232462, 21.872908], [-160.232498, 21.872824], [-160.232569, 21.872763], [-160.232642, 21.872705], [-160.232716, 21.872646], [-160.23279, 21.872588], [-160.232864, 21.87253], [-160.232938, 21.872471], [-160.233012, 21.872413], [-160.233077, 21.872351], [-160.233076, 21.872261]]}, "properties": {"seg_id": 132, "ring_id": 0, "i0": 2640, "i1": 2660, "length_m": 200.0, "score": -0.6267125696480024, "bay": 0.5141519233584404, "exposure": -0.47098679712906855, "strip_m": 0.0, "cx": 372653.82123364334, "cy": 2419271.521343792, "selected": false, "order": -1, "sortie": -1}}, {"type": "Feature", "geometry": {"type": "LineString", "coordinates": [[-160.233075, 21.87217], [-160.233075, 21.87208], [-160.233074, 21.87199], [-160.233073, 21.871899], [-160.233072, 21.871809], [-160.233064, 21.871722], [-160.232995, 21.871658], [-160.232926, 21.871595], [-160.232857, 21.871532], [-160.232788, 21.871468], [-160.232719, 21.871405], [-160.23265, 21.871341], [-160.232587, 21.871278], [-160.232661, 21.87122], [-160.232735, 21.871162], [-160.232809, 21.871103], [-160.232882, 21.871045], [-160.232956, 21.870986], [-160.23303, 21.870928], [-160.233104, 21.87087]]}, "properties": {"seg_id": 133, "ring_id": 0, "i0": 2660, "i1": 2680, "length_m": 200.0, "score": -0.9123861334643498, "bay": 0.51248699426651, "exposure": -0.6626273913411208, "strip_m": 0.0, "cx": 372616.82032486494, "cy": 2419110.4431790183, "selected": false, "order": -1, "sortie": -1}}, {"type": "Feature", "geometry": {"type": "LineString", "coordinates": [[-160.233159, 21.870804], [-160.233151, 21.870714], [-160.233142, 21.870624], [-160.233134, 21.870534], [-160.233126, 21.870444], [-160.233118, 21.870354], [-160.23311, 21.870264], [-160.233101, 21.870174], [-160.233093, 21.870084], [-160.233085, 21.869994], [-160.233077, 21.869904], [-160.233069, 21.869814], [-160.23306, 21.869724], [-160.233064, 21.869636], [-160.233115, 21.86956], [-160.233166, 21.869483], [-160.233218, 21.869407], [-160.233269, 21.86933], [-160.23332, 21.869254], [-160.233372, 21.869177]]}, "properties": {"seg_id": 134, "ring_id": 0, "i0": 2680, "i1": 2700, "length_m": 200.0, "score": -0.9036367369539227, "bay": 0.5106659784913063, "exposure": -0.7467170909025576, "strip_m": 0.0, "cx": 372590.60627493967, "cy": 2418944.6841152324, "selected": false, "order": -1, "sortie": -1}}, {"type": "Feature", "geometry": {"type": "LineString", "coordinates": [[-160.233423, 21.8691], [-160.233474, 21.869024], [-160.233525, 21.868947], [-160.233577, 21.868871], [-160.233628, 21.868794], [-160.233679, 21.868717], [-160.233717, 21.86864], [-160.233678, 21.868557], [-160.233639, 21.868474], [-160.2336, 21.868392], [-160.233561, 21.868309], [-160.233523, 21.868226], [-160.233484, 21.868143], [-160.233445, 21.868061], [-160.233382, 21.867998], [-160.233299, 21.867952], [-160.233215, 21.867906], [-160.233132, 21.86786], [-160.233048, 21.867814], [-160.232965, 21.867769]]}, "properties": {"seg_id": 135, "ring_id": 0, "i0": 2700, "i1": 2720, "length_m": 200.0, "score": -2.0897861926572263, "bay": 0.40889698415994646, "exposure": -0.8036276849491675, "strip_m": 1.0, "cx": 372557.96469683154, "cy": 2418769.3381374935, "selected": false, "order": -1, "sortie": -1}}, {"type": "Feature", "geometry": {"type": "LineString", "coordinates": [[-160.23294, 21.867691], [-160.232939, 21.867601], [-160.232939, 21.867511], [-160.232875, 21.867459], [-160.232786, 21.867425], [-160.232697, 21.86739], [-160.232608, 21.867355], [-160.232518, 21.86732], [-160.232429, 21.867285], [-160.23234, 21.86725], [-160.232265, 21.867212], [-160.232333, 21.867148], [-160.232401, 21.867084], [-160.232452, 21.867012], [-160.232457, 21.866922], [-160.232463, 21.866832], [-160.232468, 21.866742], [-160.232473, 21.866652], [-160.232478, 21.866561], [-160.232484, 21.866471]]}, "properties": {"seg_id": 136, "ring_id": 0, "i0": 2720, "i1": 2740, "length_m": 200.0, "score": 0.0836637790668617, "bay": 0.5614984452724456, "exposure": -0.7824302264979353, "strip_m": 10.5, "cx": 372648.0579240299, "cy": 2418632.2650023317, "selected": false, "order": -1, "sortie": -1}}, {"type": "Feature", "geometry": {"type": "LineString", "coordinates": [[-160.232489, 21.866381], [-160.232494, 21.866291], [-160.232499, 21.866201], [-160.232505, 21.86611], [-160.23251, 21.86602], [-160.232515, 21.86593], [-160.232521, 21.86584], [-160.232526, 21.86575], [-160.232531, 21.865659], [-160.232525, 21.865572], [-160.232481, 21.865491], [-160.232437, 21.865411], [-160.232393, 21.86533], [-160.232349, 21.86525], [-160.232305, 21.865169], [-160.232261, 21.865089], [-160.232217, 21.865008], [-160.232173, 21.864928], [-160.23217, 21.86487], [-160.232267, 21.86487]]}, "properties": {"seg_id": 137, "ring_id": 0, "i0": 2740, "i1": 2760, "length_m": 200.0, "score": -0.6239704611883992, "bay": 0.4899063542485237, "exposure": -0.80833544847584, "strip_m": 22.5, "cx": 372663.06793671777, "cy": 2418456.3744533816, "selected": false, "order": -1, "sortie": -1}}, {"type": "Feature", "geometry": {"type": "LineString", "coordinates": [[-160.232335, 21.864843], [-160.232334, 21.864753], [-160.232334, 21.864662], [-160.232333, 21.864572], [-160.232332, 21.864482], [-160.232331, 21.864391], [-160.23233, 21.864301], [-160.23233, 21.864211], [-160.232329, 21.86412], [-160.232328, 21.86403], [-160.232327, 21.86394], [-160.232327, 21.863849], [-160.232326, 21.863759], [-160.232335, 21.86367], [-160.232369, 21.863586], [-160.232402, 21.863501], [-160.232436, 21.863416], [-160.232469, 21.863332], [-160.232503, 21.863247], [-160.232537, 21.863162]]}, "properties": {"seg_id": 138, "ring_id": 0, "i0": 2760, "i1": 2780, "length_m": 200.0, "score": 0.1412306058786153, "bay": 0.5391259104013443, "exposure": -0.7701309473867479, "strip_m": 27.5, "cx": 372665.91805958934, "cy": 2418282.8634862723, "selected": false, "order": -1, "sortie": -1}}, {"type": "Feature", "geometry": {"type": "LineString", "coordinates": [[-160.23257, 21.863077], [-160.232604, 21.862993], [-160.232637, 21.862908], [-160.232671, 21.862823], [-160.232705, 21.862739], [-160.232738, 21.862654], [-160.232772, 21.862569], [-160.232805, 21.862484], [-160.232839, 21.8624], [-160.232872, 21.862315], [-160.232906, 21.86223], [-160.23294, 21.862146], [-160.232973, 21.862061], [-160.233007, 21.861976], [-160.23304, 21.861891], [-160.233074, 21.861807], [-160.233108, 21.861722], [-160.233141, 21.861637], [-160.233175, 21.861553], [-160.233208, 21.861468]]}, "properties": {"seg_id": 139, "ring_id": 0, "i0": 2780, "i1": 2800, "length_m": 200.0, "score": 0.2976246515551272, "bay": 0.5241415217518807, "exposure": -0.6324044932061735, "strip_m": 47.0, "cx": 372610.45899150614, "cy": 2418093.028250334, "selected": false, "order": -1, "sortie": -1}}, {"type": "Feature", "geometry": {"type": "LineString", "coordinates": [[-160.233242, 21.861383], [-160.233276, 21.861298], [-160.233309, 21.861214], [-160.233343, 21.861129], [-160.23338, 21.861046], [-160.233425, 21.860966], [-160.23347, 21.860886], [-160.233515, 21.860806], [-160.23356, 21.860726], [-160.233605, 21.860646], [-160.233651, 21.860566], [-160.233696, 21.860487], [-160.233741, 21.860407], [-160.233786, 21.860327], [-160.233831, 21.860247], [-160.233877, 21.860167], [-160.233922, 21.860087], [-160.233967, 21.860007], [-160.234012, 21.859927], [-160.234057, 21.859848]]}, "properties": {"seg_id": 140, "ring_id": 0, "i0": 2800, "i1": 2820, "length_m": 200.0, "score": 0.2629298621327348, "bay": 0.5129032284021378, "exposure": -0.5481544173492594, "strip_m": 53.5, "cx": 372532.1011689406, "cy": 2417909.419129343, "selected": false, "order": -1, "sortie": -1}}, {"type": "Feature", "geometry": {"type": "LineString", "coordinates": [[-160.234103, 21.859768], [-160.234148, 21.859688], [-160.234193, 21.859608], [-160.234238, 21.859528], [-160.234283, 21.859448], [-160.234329, 21.859368], [-160.234374, 21.859288], [-160.234419, 21.859209], [-160.234464, 21.859129], [-160.234509, 21.859049], [-160.234555, 21.858969], [-160.2346, 21.858889], [-160.234645, 21.858809], [-160.23469, 21.858729], [-160.234735, 21.858649], [-160.23478, 21.85857], [-160.234826, 21.85849], [-160.234871, 21.85841], [-160.234916, 21.85833], [-160.234961, 21.85825]]}, "properties": {"seg_id": 141, "ring_id": 0, "i0": 2820, "i1": 2840, "length_m": 200.0, "score": 0.0662243177714267, "bay": 0.5031217530369758, "exposure": -0.525460428313407, "strip_m": 46.0, "cx": 372437.81337217655, "cy": 2417733.081976899, "selected": false, "order": -1, "sortie": -1}}, {"type": "Feature", "geometry": {"type": "LineString", "coordinates": [[-160.235006, 21.85817], [-160.235052, 21.85809], [-160.235097, 21.85801], [-160.235142, 21.857931], [-160.235187, 21.857851], [-160.235232, 21.857771], [-160.235278, 21.857691], [-160.235323, 21.857611], [-160.235368, 21.857531], [-160.235442, 21.857474], [-160.235517, 21.857417], [-160.235592, 21.85736], [-160.235668, 21.857303], [-160.235743, 21.857246], [-160.235818, 21.857189], [-160.235893, 21.857132], [-160.235968, 21.857075], [-160.236043, 21.857018], [-160.236118, 21.856961], [-160.236193, 21.856904]]}, "properties": {"seg_id": 142, "ring_id": 0, "i0": 2840, "i1": 2860, "length_m": 200.0, "score": -0.013004620743410767, "bay": 0.5114984437823296, "exposure": -0.31066998132047213, "strip_m": 22.5, "cx": 372332.90736464504, "cy": 2417565.3972388296, "selected": false, "order": -1, "sortie": -1}}, {"type": "Feature", "geometry": {"type": "LineString", "coordinates": [[-160.236268, 21.856847], [-160.236325, 21.856785], [-160.236294, 21.856699], [-160.236262, 21.856614], [-160.236232, 21.856529], [-160.236324, 21.8565], [-160.236415, 21.856471], [-160.236507, 21.856441], [-160.236551, 21.856366], [-160.236586, 21.856281], [-160.236621, 21.856197], [-160.236656, 21.856113], [-160.236691, 21.856029], [-160.236727, 21.855945], [-160.236762, 21.855861], [-160.236797, 21.855777], [-160.236832, 21.855693], [-160.236867, 21.855608], [-160.236906, 21.855526], [-160.236983, 21.855472]]}, "properties": {"seg_id": 143, "ring_id": 0, "i0": 2860, "i1": 2880, "length_m": 200.0, "score": -0.4720156927191924, "bay": 0.4967741996049881, "exposure": -0.4934264116910126, "strip_m": 21.5, "cx": 372223.62474315526, "cy": 2417422.4677073257, "selected": false, "order": -1, "sortie": -1}}, {"type": "Feature", "geometry": {"type": "LineString", "coordinates": [[-160.23706, 21.855417], [-160.237137, 21.855362], [-160.237214, 21.855307], [-160.237291, 21.855253], [-160.237368, 21.855198], [-160.237444, 21.855143], [-160.237521, 21.855088], [-160.237598, 21.855034], [-160.237672, 21.854976], [-160.237702, 21.85489], [-160.237731, 21.854805], [-160.237761, 21.854719], [-160.237791, 21.854633], [-160.237821, 21.854547], [-160.237851, 21.854461], [-160.237881, 21.854375], [-160.237911, 21.854289], [-160.23794, 21.854203], [-160.23797, 21.854117], [-160.238, 21.854031]]}, "properties": {"seg_id": 144, "ring_id": 0, "i0": 2880, "i1": 2900, "length_m": 200.0, "score": -0.3499156345553391, "bay": 0.4841311156749725, "exposure": -0.43544144402576296, "strip_m": 25.0, "cx": 372113.573314807, "cy": 2417268.872468186, "selected": false, "order": -1, "sortie": -1}}, {"type": "Feature", "geometry": {"type": "LineString", "coordinates": [[-160.23803, 21.853945], [-160.238086, 21.853884], [-160.238178, 21.853854], [-160.238269, 21.853825], [-160.23835, 21.853783], [-160.238401, 21.853706], [-160.238451, 21.853629], [-160.238502, 21.853552], [-160.238553, 21.853475], [-160.238603, 21.853398], [-160.238654, 21.853321], [-160.238704, 21.853244], [-160.238755, 21.853167], [-160.238806, 21.85309], [-160.238895, 21.853077], [-160.238991, 21.853076], [-160.239088, 21.853075], [-160.239129, 21.853004], [-160.239159, 21.852918], [-160.239189, 21.852832]]}, "properties": {"seg_id": 145, "ring_id": 0, "i0": 2900, "i1": 2920, "length_m": 200.0, "score": 0.1579835007129609, "bay": 0.49906348437070847, "exposure": -0.2643986347027599, "strip_m": 44.0, "cx": 372008.315043269, "cy": 2417114.7831822587, "selected": false, "order": -1, "sortie": -1}}, {"type": "Feature", "geometry": {"type": "LineString", "coordinates": [[-160.239219, 21.852746], [-160.239249, 21.85266], [-160.239279, 21.852574], [-160.239308, 21.852488], [-160.239338, 21.852402], [-160.239368, 21.852316], [-160.239414, 21.85224], [-160.239489, 21.852183], [-160.239564, 21.852126], [-160.239639, 21.852069], [-160.239714, 21.852012], [-160.239789, 21.851955], [-160.239864, 21.851898], [-160.239803, 21.851835], [-160.239734, 21.851772], [-160.239678, 21.851707], [-160.239716, 21.851624], [-160.239755, 21.851541], [-160.239793, 21.851458], [-160.239832, 21.851375]]}, "properties": {"seg_id": 146, "ring_id": 0, "i0": 2920, "i1": 2940, "length_m": 200.0, "score": -0.15629653651722794, "bay": 0.4893340304493904, "exposure": -0.5504144757728382, "strip_m": 43.5, "cx": 371910.2265997379, "cy": 2416966.821590765, "selected": false, "order": -1, "sortie": -1}}, {"type": "Feature", "geometry": {"type": "LineString", "coordinates": [[-160.239871, 21.851292], [-160.239909, 21.85121], [-160.239948, 21.851127], [-160.239986, 21.851044], [-160.240025, 21.850961], [-160.240071, 21.850883], [-160.240139, 21.850819], [-160.240207, 21.850754], [-160.240275, 21.85069], [-160.240343, 21.850626], [-160.240411, 21.850561], [-160.240478, 21.850497], [-160.240546, 21.850432], [-160.240614, 21.850368], [-160.240682, 21.850304], [-160.24075, 21.850286], [-160.240819, 21.850349], [-160.240888, 21.850413], [-160.240957, 21.850407], [-160.241024, 21.850343]]}, "properties": {"seg_id": 147, "ring_id": 0, "i0": 2940, "i1": 2960, "length_m": 200.0, "score": 1.0500091957230475, "bay": 0.5655567154288292, "exposure": -0.1539210018299332, "strip_m": 41.0, "cx": 371824.25400192814, "cy": 2416814.621147095, "selected": true, "order": 141, "sortie": 10}}, {"type": "Feature", "geometry": {"type": "LineString", "coordinates": [[-160.241092, 21.850279], [-160.24116, 21.850214], [-160.241228, 21.85015], [-160.241296, 21.850085], [-160.241243, 21.850022], [-160.241174, 21.849959], [-160.241113, 21.849896], [-160.24119, 21.849841], [-160.241267, 21.849786], [-160.241344, 21.849731], [-160.241421, 21.849677], [-160.241497, 21.849628], [-160.241566, 21.849691], [-160.241635, 21.849755], [-160.241689, 21.849784], [-160.241688, 21.849693], [-160.241687, 21.849603], [-160.241704, 21.849521], [-160.241782, 21.849468], [-160.24186, 21.849415]]}, "properties": {"seg_id": 148, "ring_id": 0, "i0": 2960, "i1": 2980, "length_m": 200.0, "score": 0.3869041910121892, "bay": 0.5093652501702308, "exposure": -0.24739503057074805, "strip_m": 51.5, "cx": 371716.5585889945, "cy": 2416720.455292222, "selected": false, "order": -1, "sortie": -1}}, {"type": "Feature", "geometry": {"type": "LineString", "coordinates": [[-160.241939, 21.849362], [-160.242017, 21.849309], [-160.242095, 21.849256], [-160.242174, 21.849202], [-160.242252, 21.849149], [-160.24233, 21.849096], [-160.242408, 21.849043], [-160.242487, 21.84899], [-160.242565, 21.848937], [-160.242643, 21.848884], [-160.242721, 21.848831], [-160.2428, 21.848778], [-160.242878, 21.848725], [-160.242956, 21.848671], [-160.243033, 21.848618], [-160.243032, 21.848527], [-160.243033, 21.848438], [-160.243129, 21.848425], [-160.243225, 21.848411], [-160.24332, 21.848398]]}, "properties": {"seg_id": 149, "ring_id": 0, "i0": 2980, "i1": 3000, "length_m": 200.0, "score": -0.10086827518839905, "bay": 0.5125910580158234, "exposure": -0.09816103689340334, "strip_m": 10.0, "cx": 371589.61416658695, "cy": 2416615.4952340927, "selected": false, "order": -1, "sortie": -1}}, {"type": "Feature", "geometry": {"type": "LineString", "coordinates": [[-160.243416, 21.848384], [-160.243512, 21.848371], [-160.243607, 21.848357], [-160.243703, 21.848344], [-160.243707, 21.848258], [-160.243707, 21.848167], [-160.243706, 21.848077], [-160.243705, 21.847987], [-160.243797, 21.847981], [-160.243893, 21.847981], [-160.24399, 21.84798], [-160.244087, 21.847979], [-160.244184, 21.847978], [-160.24428, 21.847978], [-160.244285, 21.847892], [-160.244284, 21.847802], [-160.244283, 21.847711], [-160.244282, 21.847621], [-160.244347, 21.847555], [-160.244415, 21.847491]]}, "properties": {"seg_id": 150, "ring_id": 0, "i0": 3000, "i1": 3020, "length_m": 200.0, "score": -0.7561717833769523, "bay": 0.46883454769849775, "exposure": -0.17681769907575615, "strip_m": 4.5, "cx": 371453.7118568518, "cy": 2416521.6291743573, "selected": false, "order": -1, "sortie": -1}}, {"type": "Feature", "geometry": {"type": "LineString", "coordinates": [[-160.244482, 21.847427], [-160.24455, 21.847362], [-160.244618, 21.847298], [-160.244686, 21.847233], [-160.244754, 21.847169], [-160.244838, 21.847196], [-160.244925, 21.847236], [-160.244971, 21.847194], [-160.244994, 21.847106], [-160.245016, 21.847018], [-160.245039, 21.84693], [-160.245095, 21.846908], [-160.245182, 21.846948], [-160.245244, 21.846951], [-160.245243, 21.846861], [-160.245243, 21.846771], [-160.245242, 21.84668], [-160.245241, 21.84659], [-160.24524, 21.8465], [-160.24524, 21.846409]]}, "properties": {"seg_id": 151, "ring_id": 0, "i0": 3020, "i1": 3040, "length_m": 200.0, "score": -1.3866650401244451, "bay": 0.42892820537090304, "exposure": -0.30880897004358576, "strip_m": 2.5, "cx": 371346.0776760933, "cy": 2416411.191932936, "selected": false, "order": -1, "sortie": -1}}, {"type": "Feature", "geometry": {"type": "LineString", "coordinates": [[-160.245239, 21.846319], [-160.245238, 21.846229], [-160.245237, 21.846138], [-160.245236, 21.846048], [-160.245236, 21.845958], [-160.245235, 21.845867], [-160.245234, 21.845777], [-160.245233, 21.845687], [-160.245232, 21.845596], [-160.245232, 21.845506], [-160.245231, 21.845416], [-160.24523, 21.845325], [-160.245229, 21.845235], [-160.245229, 21.845145], [-160.245228, 21.845055], [-160.245227, 21.844964], [-160.245226, 21.844874], [-160.245225, 21.844784], [-160.245245, 21.844702], [-160.245317, 21.844641]]}, "properties": {"seg_id": 152, "ring_id": 0, "i0": 3040, "i1": 3060, "length_m": 200.0, "score": -0.49183602411400057, "bay": 0.5437044739723206, "exposure": -0.810476454880271, "strip_m": 3.0, "cx": 371319.4166697961, "cy": 2416242.457258443, "selected": false, "order": -1, "sortie": -1}}, {"type": "Feature", "geometry": {"type": "LineString", "coordinates": [[-160.245389, 21.84458], [-160.24546, 21.84452], [-160.245532, 21.844459], [-160.245604, 21.844399], [-160.245676, 21.844338], [-160.245748, 21.844278], [-160.245819, 21.844217], [-160.245891, 21.844157], [-160.245963, 21.844096], [-160.246035, 21.844035], [-160.246075, 21.843972], [-160.246017, 21.8439], [-160.245958, 21.843829], [-160.245899, 21.843757], [-160.245841, 21.843685], [-160.2458, 21.843609], [-160.245815, 21.84352], [-160.24583, 21.843431], [-160.245845, 21.843341], [-160.24586, 21.843252]]}, "properties": {"seg_id": 153, "ring_id": 0, "i0": 3060, "i1": 3080, "length_m": 200.0, "score": -1.3830603753606776, "bay": 0.4446410000324249, "exposure": -0.5527535428711788, "strip_m": 2.0, "cx": 371259.5992099162, "cy": 2416077.477724603, "selected": false, "order": -1, "sortie": -1}}, {"type": "Feature", "geometry": {"type": "LineString", "coordinates": [[-160.245875, 21.843163], [-160.245883, 21.843074], [-160.245849, 21.84299], [-160.245815, 21.842905], [-160.245781, 21.84282], [-160.245748, 21.842736], [-160.245714, 21.842651], [-160.24568, 21.842567], [-160.245646, 21.842482], [-160.245612, 21.842397], [-160.245579, 21.842313], [-160.245545, 21.842228], [-160.245511, 21.842143], [-160.245522, 21.842067], [-160.245586, 21.842], [-160.245651, 21.841932], [-160.245716, 21.841865], [-160.245781, 21.841798], [-160.245846, 21.841731], [-160.24591, 21.841664]]}, "properties": {"seg_id": 154, "ring_id": 0, "i0": 3080, "i1": 3100, "length_m": 200.0, "score": -0.4117565402013798, "bay": 0.5600416257977485, "exposure": -0.7421853803630313, "strip_m": 0.0, "cx": 371267.5042747057, "cy": 2415901.117958632, "selected": false, "order": -1, "sortie": -1}}, {"type": "Feature", "geometry": {"type": "LineString", "coordinates": [[-160.245975, 21.841597], [-160.24604, 21.84153], [-160.246105, 21.841463], [-160.24617, 21.841396], [-160.246234, 21.841329], [-160.246299, 21.841262], [-160.246364, 21.841195], [-160.246429, 21.841128], [-160.246494, 21.84106], [-160.246564, 21.841005], [-160.246661, 21.841004], [-160.246757, 21.841003], [-160.246829, 21.840989], [-160.246778, 21.840912], [-160.246728, 21.840835], [-160.246677, 21.840758], [-160.246627, 21.840681], [-160.246577, 21.840604], [-160.246513, 21.840542], [-160.246422, 21.840509]]}, "properties": {"seg_id": 155, "ring_id": 0, "i0": 3100, "i1": 3120, "length_m": 200.0, "score": -2.902449838508391, "bay": 0.2842351824045181, "exposure": -0.4472540648384391, "strip_m": 13.0, "cx": 371188.82666025445, "cy": 2415753.8256840864, "selected": false, "order": -1, "sortie": -1}}, {"type": "Feature", "geometry": {"type": "LineString", "coordinates": [[-160.246332, 21.840476], [-160.246242, 21.840443], [-160.246152, 21.840411], [-160.246062, 21.840378], [-160.245967, 21.840389], [-160.245871, 21.840403], [-160.245775, 21.840416], [-160.24568, 21.84043], [-160.245584, 21.840443], [-160.245488, 21.840457], [-160.245393, 21.84047], [-160.245297, 21.840484], [-160.245201, 21.840497], [-160.245106, 21.840511], [-160.24501, 21.840524], [-160.244914, 21.840538], [-160.244819, 21.840551], [-160.244723, 21.840565], [-160.244644, 21.840521], [-160.244569, 21.840463]]}, "properties": {"seg_id": 156, "ring_id": 0, "i0": 3120, "i1": 3140, "length_m": 200.0, "score": -1.3668244380627084, "bay": 0.43943808823823927, "exposure": -0.5163418215304167, "strip_m": 10.5, "cx": 371293.814187145, "cy": 2415689.6866155877, "selected": false, "order": -1, "sortie": -1}}, {"type": "Feature", "geometry": {"type": "LineString", "coordinates": [[-160.244495, 21.840406], [-160.24442, 21.840349], [-160.244345, 21.840292], [-160.24427, 21.840234], [-160.244195, 21.840177], [-160.244121, 21.84012], [-160.244081, 21.840037], [-160.244041, 21.839955], [-160.244001, 21.839873], [-160.243961, 21.839791], [-160.243921, 21.839708], [-160.243881, 21.839626], [-160.243841, 21.839544], [-160.243801, 21.839462], [-160.243761, 21.839379], [-160.243727, 21.839296], [-160.243726, 21.839206], [-160.243725, 21.839115], [-160.243724, 21.839025], [-160.243723, 21.838935]]}, "properties": {"seg_id": 157, "ring_id": 0, "i0": 3140, "i1": 3160, "length_m": 200.0, "score": 0.9560168892176042, "bay": 0.6239854335784912, "exposure": -0.9518019729057443, "strip_m": 17.5, "cx": 371443.39261616004, "cy": 2415606.3273100355, "selected": true, "order": 142, "sortie": 10}}, {"type": "Feature", "geometry": {"type": "LineString", "coordinates": [[-160.243723, 21.838844], [-160.243731, 21.838757], [-160.243788, 21.838684], [-160.243846, 21.838611], [-160.243903, 21.838539], [-160.243961, 21.838466], [-160.244002, 21.838392], [-160.243958, 21.838312], [-160.243914, 21.838231], [-160.24387, 21.838151], [-160.243826, 21.83807], [-160.243782, 21.83799], [-160.243739, 21.837909], [-160.243741, 21.837833], [-160.243801, 21.837762], [-160.243861, 21.837691], [-160.24392, 21.83762], [-160.24398, 21.837549], [-160.24404, 21.837478], [-160.244096, 21.837406]]}, "properties": {"seg_id": 158, "ring_id": 0, "i0": 3160, "i1": 3180, "length_m": 200.0, "score": -0.5792659944666072, "bay": 0.5109781458973884, "exposure": -0.6576404766870052, "strip_m": 5.5, "cx": 371453.68983136234, "cy": 2415427.809928175, "selected": false, "order": -1, "sortie": -1}}, {"type": "Feature", "geometry": {"type": "LineString", "coordinates": [[-160.244065, 21.837321], [-160.244033, 21.837235], [-160.244002, 21.83715], [-160.243971, 21.837065], [-160.243939, 21.836979], [-160.243908, 21.836894], [-160.243877, 21.836808], [-160.243845, 21.836723], [-160.243814, 21.836637], [-160.243838, 21.836564], [-160.243906, 21.836499], [-160.243974, 21.836435], [-160.244041, 21.83637], [-160.244109, 21.836306], [-160.244177, 21.836242], [-160.244271, 21.836235], [-160.244368, 21.836234], [-160.244464, 21.836233], [-160.244561, 21.836232], [-160.244658, 21.836232]]}, "properties": {"seg_id": 159, "ring_id": 0, "i0": 3180, "i1": 3200, "length_m": 200.0, "score": 0.5346834483498206, "bay": 0.5930801272392273, "exposure": -0.3831501075268225, "strip_m": 7.5, "cx": 371429.9420325236, "cy": 2415262.482169729, "selected": false, "order": -1, "sortie": -1}}, {"type": "Feature", "geometry": {"type": "LineString", "coordinates": [[-160.244755, 21.836231], [-160.244851, 21.83623], [-160.244948, 21.836229], [-160.245045, 21.836229], [-160.244993, 21.836172], [-160.244924, 21.836108], [-160.244855, 21.836045], [-160.244786, 21.835982], [-160.244811, 21.835921], [-160.244884, 21.835863], [-160.244958, 21.835805], [-160.245032, 21.835746], [-160.245106, 21.835688], [-160.24518, 21.83563], [-160.245253, 21.835571], [-160.245327, 21.835513], [-160.24535, 21.835428], [-160.245362, 21.835338], [-160.245375, 21.835249], [-160.245388, 21.835159]]}, "properties": {"seg_id": 160, "ring_id": 0, "i0": 3200, "i1": 3220, "length_m": 200.0, "score": -1.5551171818898868, "bay": 0.40879292488098146, "exposure": -0.38781893663585676, "strip_m": 4.0, "cx": 371329.15430793836, "cy": 2415173.3116506394, "selected": false, "order": -1, "sortie": -1}}, {"type": "Feature", "geometry": {"type": "LineString", "coordinates": [[-160.245401, 21.83507], [-160.245414, 21.83498], [-160.245427, 21.834891], [-160.24544, 21.834801], [-160.245453, 21.834712], [-160.245466, 21.834622], [-160.245479, 21.834533], [-160.245492, 21.834443], [-160.245504, 21.834354], [-160.245517, 21.834264], [-160.245466, 21.8342], [-160.245388, 21.834146], [-160.24531, 21.834093], [-160.245233, 21.834039], [-160.245155, 21.833986], [-160.245064, 21.83397], [-160.244967, 21.833971], [-160.24487, 21.833972], [-160.244773, 21.833972], [-160.244677, 21.833973]]}, "properties": {"seg_id": 161, "ring_id": 0, "i0": 3220, "i1": 3240, "length_m": 200.0, "score": -2.640041063875427, "bay": 0.36050989627838137, "exposure": -0.7571896850763566, "strip_m": 1.5, "cx": 371305.56380043295, "cy": 2415012.1753089526, "selected": false, "order": -1, "sortie": -1}}, {"type": "Feature", "geometry": {"type": "LineString", "coordinates": [[-160.24458, 21.833974], [-160.244483, 21.833975], [-160.244406, 21.83393], [-160.244337, 21.833867], [-160.244268, 21.833803], [-160.244199, 21.83374], [-160.24413, 21.833677], [-160.244061, 21.833613], [-160.243992, 21.83355], [-160.243923, 21.833487], [-160.243866, 21.833418], [-160.243852, 21.833328], [-160.243837, 21.833239], [-160.243823, 21.83315], [-160.243808, 21.83306], [-160.243794, 21.832971], [-160.24378, 21.832882], [-160.243754, 21.8328], [-160.243667, 21.83276], [-160.243581, 21.83272]]}, "properties": {"seg_id": 162, "ring_id": 0, "i0": 3240, "i1": 3260, "length_m": 200.0, "score": 0.16317639636722778, "bay": 0.5992195636034012, "exposure": -0.9159351543961796, "strip_m": 5.0, "cx": 371435.7343727442, "cy": 2414905.6788414135, "selected": false, "order": -1, "sortie": -1}}, {"type": "Feature", "geometry": {"type": "LineString", "coordinates": [[-160.243572, 21.832634], [-160.243571, 21.832544], [-160.243571, 21.832454], [-160.24357, 21.832363], [-160.243569, 21.832273], [-160.243568, 21.832183], [-160.243568, 21.832092], [-160.243567, 21.832002], [-160.243566, 21.831912], [-160.243565, 21.831821], [-160.243564, 21.831731], [-160.243564, 21.831641], [-160.243563, 21.83155], [-160.243562, 21.83146], [-160.243561, 21.83137], [-160.243561, 21.83128], [-160.243631, 21.831222], [-160.243708, 21.831167], [-160.243785, 21.831112], [-160.243861, 21.831057]]}, "properties": {"seg_id": 163, "ring_id": 0, "i0": 3260, "i1": 3280, "length_m": 200.0, "score": 0.11370727807640009, "bay": 0.5860561951994896, "exposure": -0.7055053320230388, "strip_m": 5.0, "cx": 371476.13956229424, "cy": 2414727.8024831926, "selected": false, "order": -1, "sortie": -1}}, {"type": "Feature", "geometry": {"type": "LineString", "coordinates": [[-160.243938, 21.831003], [-160.243962, 21.830917], [-160.24398, 21.830828], [-160.243998, 21.830739], [-160.244016, 21.830651], [-160.244035, 21.830562], [-160.244106, 21.830508], [-160.24419, 21.830463], [-160.244273, 21.830418], [-160.244357, 21.830372], [-160.24444, 21.830327], [-160.244524, 21.830281], [-160.244608, 21.830236], [-160.244691, 21.83019], [-160.244679, 21.830119], [-160.244635, 21.830038], [-160.244661, 21.829984], [-160.244752, 21.829955], [-160.244844, 21.829925], [-160.244935, 21.829896]]}, "properties": {"seg_id": 164, "ring_id": 0, "i0": 3280, "i1": 3300, "length_m": 200.0, "score": -0.7672185429393666, "bay": 0.492247661948204, "exposure": -0.2931087564298963, "strip_m": 0.0, "cx": 371394.3609161245, "cy": 2414570.9307177095, "selected": false, "order": -1, "sortie": -1}}, {"type": "Feature", "geometry": {"type": "LineString", "coordinates": [[-160.245027, 21.829867], [-160.245119, 21.829838], [-160.245183, 21.829799], [-160.245132, 21.829722], [-160.245082, 21.829645], [-160.245032, 21.829568], [-160.244981, 21.829491], [-160.244931, 21.829414], [-160.244898, 21.829332], [-160.244897, 21.829242], [-160.244897, 21.829151], [-160.244896, 21.829061], [-160.244895, 21.828971], [-160.244894, 21.82888], [-160.244927, 21.828833], [-160.245019, 21.828861], [-160.245111, 21.828888], [-160.245193, 21.828895], [-160.245236, 21.828814], [-160.245278, 21.828732]]}, "properties": {"seg_id": 165, "ring_id": 0, "i0": 3300, "i1": 3320, "length_m": 200.0, "score": -1.0650610530423368, "bay": 0.46311134546995164, "exposure": -0.51126561321822, "strip_m": 7.5, "cx": 371326.15666981565, "cy": 2414447.45026519, "selected": false, "order": -1, "sortie": -1}}, {"type": "Feature", "geometry": {"type": "LineString", "coordinates": [[-160.245264, 21.828644], [-160.245247, 21.828555], [-160.245231, 21.828466], [-160.245214, 21.828377], [-160.245197, 21.828288], [-160.245181, 21.828199], [-160.245164, 21.82811], [-160.245147, 21.828021], [-160.24513, 21.827932], [-160.245114, 21.827843], [-160.245097, 21.827754], [-160.24508, 21.827665], [-160.245101, 21.827579], [-160.245131, 21.827493], [-160.245161, 21.827407], [-160.24519, 21.827321], [-160.24522, 21.827235], [-160.24525, 21.827149], [-160.24528, 21.827063], [-160.24531, 21.826977]]}, "properties": {"seg_id": 166, "ring_id": 0, "i0": 3320, "i1": 3340, "length_m": 200.0, "score": -0.6498834751161559, "bay": 0.5170135289430619, "exposure": -0.8245871675761004, "strip_m": 4.0, "cx": 371308.9395370863, "cy": 2414287.4556821873, "selected": false, "order": -1, "sortie": -1}}, {"type": "Feature", "geometry": {"type": "LineString", "coordinates": [[-160.24534, 21.826891], [-160.24539, 21.826832], [-160.245487, 21.826831], [-160.245557, 21.826803], [-160.245568, 21.826713], [-160.24558, 21.826623], [-160.245591, 21.826533], [-160.245602, 21.826444], [-160.245613, 21.826354], [-160.245625, 21.826264], [-160.245636, 21.826175], [-160.245647, 21.826085], [-160.245658, 21.825995], [-160.245669, 21.825905], [-160.245681, 21.825816], [-160.245692, 21.825726], [-160.245703, 21.825636], [-160.245714, 21.825547], [-160.245726, 21.825457], [-160.245751, 21.825376]]}, "properties": {"seg_id": 167, "ring_id": 0, "i0": 3340, "i1": 3360, "length_m": 200.0, "score": -1.1045181837656326, "bay": 0.48043704628944395, "exposure": -0.6379896343008007, "strip_m": 1.5, "cx": 371263.46848997136, "cy": 2414110.29505679, "selected": false, "order": -1, "sortie": -1}}, {"type": "Feature", "geometry": {"type": "LineString", "coordinates": [[-160.245837, 21.825335], [-160.245923, 21.825294], [-160.245872, 21.825224], [-160.245813, 21.825152], [-160.245754, 21.82508], [-160.245696, 21.825008], [-160.245637, 21.824936], [-160.245617, 21.824849], [-160.245599, 21.82476], [-160.245581, 21.824671], [-160.245563, 21.824582], [-160.245545, 21.824494], [-160.245527, 21.824405], [-160.245508, 21.824316], [-160.24549, 21.824227], [-160.245472, 21.824139], [-160.245454, 21.82405], [-160.245436, 21.823961], [-160.245478, 21.823886], [-160.245538, 21.823815]]}, "properties": {"seg_id": 168, "ring_id": 0, "i0": 3360, "i1": 3380, "length_m": 200.0, "score": -0.7792007696421042, "bay": 0.5088969826698303, "exposure": -0.83047740832736, "strip_m": 7.0, "cx": 371261.47649265046, "cy": 2413934.169188422, "selected": false, "order": -1, "sortie": -1}}, {"type": "Feature", "geometry": {"type": "LineString", "coordinates": [[-160.245598, 21.823744], [-160.245657, 21.823673], [-160.245717, 21.823602], [-160.245777, 21.823531], [-160.245816, 21.823453], [-160.245818, 21.823363], [-160.245821, 21.823272], [-160.245823, 21.823182], [-160.245825, 21.823092], [-160.245828, 21.823002], [-160.24583, 21.822911], [-160.245832, 21.822821], [-160.245835, 21.822731], [-160.245837, 21.82264], [-160.245839, 21.82255], [-160.245842, 21.82246], [-160.245844, 21.822369], [-160.245846, 21.822279], [-160.245849, 21.822189], [-160.245851, 21.822099]]}, "properties": {"seg_id": 169, "ring_id": 0, "i0": 3380, "i1": 3400, "length_m": 200.0, "score": -1.1108996165644336, "bay": 0.4726847052574158, "exposure": -0.7513831429665482, "strip_m": 4.5, "cx": 371240.6385696401, "cy": 2413750.445397823, "selected": false, "order": -1, "sortie": -1}}, {"type": "Feature", "geometry": {"type": "LineString", "coordinates": [[-160.245853, 21.822008], [-160.245856, 21.821918], [-160.245858, 21.821828], [-160.24586, 21.821737], [-160.245863, 21.821647], [-160.245865, 21.821557], [-160.245867, 21.821466], [-160.24587, 21.821376], [-160.245872, 21.821286], [-160.245874, 21.821196], [-160.245877, 21.821105], [-160.245879, 21.821015], [-160.245881, 21.820925], [-160.245884, 21.820834], [-160.245886, 21.820744], [-160.245911, 21.820663], [-160.245979, 21.820598], [-160.246047, 21.820534], [-160.246115, 21.82047], [-160.246183, 21.820405]]}, "properties": {"seg_id": 170, "ring_id": 0, "i0": 3400, "i1": 3420, "length_m": 200.0, "score": -0.5440157292511892, "bay": 0.539750263094902, "exposure": -0.7092702162274362, "strip_m": 0.5, "cx": 371227.6975110598, "cy": 2413553.199766259, "selected": false, "order": -1, "sortie": -1}}, {"type": "Feature", "geometry": {"type": "LineString", "coordinates": [[-160.24625, 21.820341], [-160.246318, 21.820276], [-160.246364, 21.820205], [-160.246354, 21.820115], [-160.246344, 21.820025], [-160.246333, 21.819936], [-160.246323, 21.819846], [-160.246312, 21.819756], [-160.246302, 21.819666], [-160.246292, 21.819576], [-160.246281, 21.819487], [-160.246271, 21.819397], [-160.246276, 21.819311], [-160.246336, 21.81924], [-160.246396, 21.819169], [-160.246456, 21.819098], [-160.246516, 21.819027], [-160.246575, 21.818956], [-160.246635, 21.818885], [-160.24664, 21.818799]]}, "properties": {"seg_id": 171, "ring_id": 0, "i0": 3420, "i1": 3440, "length_m": 200.0, "score": -0.8407668088956279, "bay": 0.4877211257815361, "exposure": -0.6732474059654876, "strip_m": 6.0, "cx": 371178.21064474777, "cy": 2413375.3586672163, "selected": false, "order": -1, "sortie": -1}}, {"type": "Feature", "geometry": {"type": "LineString", "coordinates": [[-160.246633, 21.818708], [-160.246625, 21.818618], [-160.246618, 21.818528], [-160.246611, 21.818438], [-160.246604, 21.818348], [-160.246596, 21.818258], [-160.246589, 21.818168], [-160.246582, 21.818078], [-160.246575, 21.817988], [-160.246568, 21.817898], [-160.24656, 21.817808], [-160.246553, 21.817718], [-160.246546, 21.817628], [-160.246539, 21.817537], [-160.246532, 21.817447], [-160.246524, 21.817357], [-160.246517, 21.817267], [-160.24651, 21.817177], [-160.246503, 21.817087], [-160.246495, 21.816997]]}, "properties": {"seg_id": 172, "ring_id": 0, "i0": 3440, "i1": 3460, "length_m": 200.0, "score": -1.1914411229664332, "bay": 0.4791363120079041, "exposure": -0.8973667994847634, "strip_m": 3.0, "cx": 371157.53326285846, "cy": 2413187.001057123, "selected": false, "order": -1, "sortie": -1}}, {"type": "Feature", "geometry": {"type": "LineString", "coordinates": [[-160.246488, 21.816907], [-160.246481, 21.816817], [-160.246474, 21.816727], [-160.246467, 21.816637], [-160.246459, 21.816547], [-160.246452, 21.816457], [-160.246445, 21.816366], [-160.246438, 21.816276], [-160.246431, 21.816186], [-160.246449, 21.816099], [-160.246476, 21.816012], [-160.246503, 21.815925], [-160.24653, 21.815839], [-160.246557, 21.815752], [-160.246585, 21.815665], [-160.246612, 21.815578], [-160.246639, 21.815492], [-160.246666, 21.815405], [-160.246693, 21.815318], [-160.246689, 21.815239]]}, "properties": {"seg_id": 173, "ring_id": 0, "i0": 3460, "i1": 3480, "length_m": 200.0, "score": -0.979220057311092, "bay": 0.4904266431927681, "exposure": -0.799767828514008, "strip_m": 4.0, "cx": 371159.78786286374, "cy": 2412988.7494417937, "selected": false, "order": -1, "sortie": -1}}, {"type": "Feature", "geometry": {"type": "LineString", "coordinates": [[-160.24662, 21.815176], [-160.246551, 21.815112], [-160.246482, 21.815049], [-160.24642, 21.814984], [-160.246443, 21.814896], [-160.246466, 21.814808], [-160.246488, 21.81472], [-160.246511, 21.814632], [-160.246461, 21.814557], [-160.246406, 21.814482], [-160.246352, 21.814408], [-160.246293, 21.814337], [-160.246224, 21.814273], [-160.246155, 21.81421], [-160.246086, 21.814147], [-160.246017, 21.814083], [-160.245948, 21.81402], [-160.245879, 21.813957], [-160.24581, 21.813893], [-160.245741, 21.81383]]}, "properties": {"seg_id": 174, "ring_id": 0, "i0": 3480, "i1": 3500, "length_m": 200.0, "score": -2.0171525159938946, "bay": 0.4072320520877838, "exposure": -0.9325057496278342, "strip_m": 5.5, "cx": 371185.1560832887, "cy": 2412813.2396038566, "selected": false, "order": -1, "sortie": -1}}, {"type": "Feature", "geometry": {"type": "LineString", "coordinates": [[-160.245672, 21.813767], [-160.245603, 21.813703], [-160.245534, 21.81364], [-160.245465, 21.813577], [-160.245379, 21.813548], [-160.245283, 21.81354], [-160.245186, 21.813533], [-160.24509, 21.813525], [-160.244994, 21.813518], [-160.244897, 21.813511], [-160.244801, 21.813503], [-160.244704, 21.813496], [-160.244608, 21.813488], [-160.244512, 21.813481], [-160.244415, 21.813473], [-160.24432, 21.813483], [-160.244227, 21.813506], [-160.244133, 21.813528], [-160.244039, 21.813551], [-160.243946, 21.813574]]}, "properties": {"seg_id": 175, "ring_id": 0, "i0": 3500, "i1": 3520, "length_m": 200.0, "score": -1.5459104708043971, "bay": 0.43896982818841934, "exposure": -0.5794519663887504, "strip_m": 2.0, "cx": 371331.85811808554, "cy": 2412708.922856488, "selected": false, "order": -1, "sortie": -1}}, {"type": "Feature", "geometry": {"type": "LineString", "coordinates": [[-160.243852, 21.813596], [-160.243758, 21.813619], [-160.243665, 21.813641], [-160.243579, 21.813636], [-160.24351, 21.813572], [-160.243441, 21.813509], [-160.243372, 21.813446], [-160.243303, 21.813382], [-160.243234, 21.813319], [-160.243147, 21.813299], [-160.24305, 21.813299], [-160.242953, 21.8133], [-160.242857, 21.813301], [-160.242824, 21.813241], [-160.242823, 21.81315], [-160.242823, 21.81306], [-160.242822, 21.81297], [-160.242821, 21.812879], [-160.24282, 21.812789], [-160.24282, 21.812699]]}, "properties": {"seg_id": 176, "ring_id": 0, "i0": 3520, "i1": 3540, "length_m": 200.0, "score": 0.5757992385148059, "bay": 0.6352757617831231, "exposure": -0.7554134811092934, "strip_m": 1.5, "cx": 371503.90428718366, "cy": 2412678.547369719, "selected": true, "order": 143, "sortie": 11}}, {"type": "Feature", "geometry": {"type": "LineString", "coordinates": [[-160.242819, 21.812608], [-160.242818, 21.812518], [-160.242817, 21.812428], [-160.242816, 21.812337], [-160.242816, 21.812247], [-160.242751, 21.812218], [-160.242654, 21.812218], [-160.242557, 21.812219], [-160.24246, 21.81222], [-160.242389, 21.812172], [-160.24233, 21.8121], [-160.242272, 21.812028], [-160.242213, 21.811956], [-160.242154, 21.811885], [-160.242135, 21.8118], [-160.242134, 21.81171], [-160.242133, 21.81162], [-160.242132, 21.811529], [-160.242132, 21.811439], [-160.242131, 21.811349]]}, "properties": {"seg_id": 177, "ring_id": 0, "i0": 3540, "i1": 3560, "length_m": 200.0, "score": -0.856524339899005, "bay": 0.5115504711866379, "exposure": -0.8518785062391476, "strip_m": 2.0, "cx": 371579.34651162056, "cy": 2412538.971760812, "selected": false, "order": -1, "sortie": -1}}, {"type": "Feature", "geometry": {"type": "LineString", "coordinates": [[-160.24213, 21.811258], [-160.242092, 21.811179], [-160.242037, 21.811105], [-160.241981, 21.811031], [-160.241925, 21.810958], [-160.24187, 21.810884], [-160.241814, 21.81081], [-160.241758, 21.810736], [-160.241702, 21.810662], [-160.241647, 21.810588], [-160.241591, 21.810515], [-160.241535, 21.810441], [-160.24148, 21.810367], [-160.241424, 21.810293], [-160.241368, 21.810219], [-160.241313, 21.810145], [-160.241257, 21.810071], [-160.24126, 21.809984], [-160.241273, 21.809895], [-160.241286, 21.809805]]}, "properties": {"seg_id": 178, "ring_id": 0, "i0": 3560, "i1": 3580, "length_m": 200.0, "score": -0.4580984796785339, "bay": 0.5270551562309265, "exposure": -0.9631115881931359, "strip_m": 9.5, "cx": 371660.31116821355, "cy": 2412374.162922733, "selected": false, "order": -1, "sortie": -1}}, {"type": "Feature", "geometry": {"type": "LineString", "coordinates": [[-160.241299, 21.809716], [-160.241312, 21.809626], [-160.241325, 21.809536], [-160.241338, 21.809447], [-160.24135, 21.809357], [-160.241363, 21.809268], [-160.241376, 21.809178], [-160.241389, 21.809089], [-160.241402, 21.808999], [-160.241415, 21.80891], [-160.241428, 21.80882], [-160.24148, 21.808749], [-160.241548, 21.808684], [-160.241616, 21.80862], [-160.241684, 21.808556], [-160.241752, 21.808491], [-160.241819, 21.808427], [-160.241887, 21.808362], [-160.241955, 21.808298], [-160.242023, 21.808234]]}, "properties": {"seg_id": 179, "ring_id": 0, "i0": 3580, "i1": 3600, "length_m": 200.0, "score": 0.0479027962734069, "bay": 0.5454214453697205, "exposure": -0.5452775739019315, "strip_m": 6.5, "cx": 371669.1001719787, "cy": 2412193.7558593126, "selected": false, "order": -1, "sortie": -1}}, {"type": "Feature", "geometry": {"type": "LineString", "coordinates": [[-160.242091, 21.808169], [-160.242091, 21.808085], [-160.242077, 21.807995], [-160.242062, 21.807906], [-160.242048, 21.807817], [-160.242034, 21.807727], [-160.242019, 21.807638], [-160.242005, 21.807549], [-160.242065, 21.807495], [-160.242152, 21.807454], [-160.242238, 21.807413], [-160.242324, 21.807372], [-160.24241, 21.807331], [-160.242496, 21.80729], [-160.242582, 21.807249], [-160.242669, 21.807208], [-160.242755, 21.807167], [-160.242841, 21.807126], [-160.242927, 21.807085], [-160.243013, 21.807044]]}, "properties": {"seg_id": 180, "ring_id": 0, "i0": 3600, "i1": 3620, "length_m": 200.0, "score": 0.2356097773065231, "bay": 0.5382414191961289, "exposure": -0.3110128335525445, "strip_m": 12.5, "cx": 371584.43267124344, "cy": 2412038.077189881, "selected": false, "order": -1, "sortie": -1}}, {"type": "Feature", "geometry": {"type": "LineString", "coordinates": [[-160.243099, 21.807003], [-160.243173, 21.80695], [-160.243222, 21.806872], [-160.243271, 21.806794], [-160.243321, 21.806716], [-160.24337, 21.806638], [-160.243419, 21.806561], [-160.243492, 21.806521], [-160.243588, 21.80652], [-160.243685, 21.80652], [-160.243706, 21.806482], [-160.243652, 21.806407], [-160.243598, 21.806333], [-160.243544, 21.806258], [-160.243489, 21.806183], [-160.243435, 21.806108], [-160.243381, 21.806034], [-160.243354, 21.805957], [-160.243397, 21.805876], [-160.243433, 21.805797]]}, "properties": {"seg_id": 181, "ring_id": 0, "i0": 3620, "i1": 3640, "length_m": 200.0, "score": -2.346246729663272, "bay": 0.3291883528232574, "exposure": -0.5449704246290669, "strip_m": 15.0, "cx": 371471.1471387829, "cy": 2411919.46392513, "selected": false, "order": -1, "sortie": -1}}, {"type": "Feature", "geometry": {"type": "LineString", "coordinates": [[-160.243346, 21.805757], [-160.243259, 21.805717], [-160.243172, 21.805678], [-160.243085, 21.805638], [-160.242998, 21.805598], [-160.242911, 21.805558], [-160.242839, 21.805505], [-160.242795, 21.805424], [-160.242751, 21.805344], [-160.242707, 21.805263], [-160.242663, 21.805183], [-160.24262, 21.805102], [-160.242576, 21.805022], [-160.242532, 21.804941], [-160.242488, 21.804861], [-160.242424, 21.80482], [-160.242329, 21.80484], [-160.242235, 21.80486], [-160.24214, 21.804879], [-160.242046, 21.804899]]}, "properties": {"seg_id": 182, "ring_id": 0, "i0": 3640, "i1": 3660, "length_m": 200.0, "score": -2.1198197307355877, "bay": 0.3809573471546173, "exposure": -0.7938012386926921, "strip_m": 9.5, "cx": 371546.1370669465, "cy": 2411788.008871529, "selected": false, "order": -1, "sortie": -1}}, {"type": "Feature", "geometry": {"type": "LineString", "coordinates": [[-160.241952, 21.804919], [-160.241857, 21.804938], [-160.241763, 21.804958], [-160.241668, 21.804978], [-160.241574, 21.804997], [-160.241479, 21.805017], [-160.241385, 21.805036], [-160.241291, 21.805056], [-160.241196, 21.805076], [-160.241102, 21.805092], [-160.241007, 21.805075], [-160.240912, 21.805058], [-160.240817, 21.805041], [-160.240722, 21.805024], [-160.240627, 21.805007], [-160.240626, 21.805096], [-160.240627, 21.805186], [-160.240533, 21.805173], [-160.240438, 21.805157], [-160.240342, 21.805142]]}, "properties": {"seg_id": 183, "ring_id": 0, "i0": 3660, "i1": 3680, "length_m": 200.0, "score": -0.473861457912367, "bay": 0.5039542227983475, "exposure": -0.3335459546268078, "strip_m": 8.5, "cx": 371711.37807504233, "cy": 2411765.294163617, "selected": false, "order": -1, "sortie": -1}}, {"type": "Feature", "geometry": {"type": "LineString", "coordinates": [[-160.240247, 21.805126], [-160.240152, 21.805111], [-160.240056, 21.805095], [-160.239961, 21.80508], [-160.239866, 21.805064], [-160.239771, 21.805049], [-160.239675, 21.805034], [-160.23958, 21.805018], [-160.23956, 21.804943], [-160.23956, 21.804852], [-160.239559, 21.804762], [-160.239558, 21.804672], [-160.239483, 21.804635], [-160.239389, 21.804612], [-160.239296, 21.804589], [-160.239202, 21.804566], [-160.239109, 21.804543], [-160.239015, 21.80452], [-160.238922, 21.804497], [-160.238828, 21.804474]]}, "properties": {"seg_id": 184, "ring_id": 0, "i0": 3680, "i1": 3700, "length_m": 200.0, "score": -0.04737306902336452, "bay": 0.5340790897607803, "exposure": -0.7434129548159223, "strip_m": 16.5, "cx": 371872.04948852136, "cy": 2411737.5137513876, "selected": false, "order": -1, "sortie": -1}}, {"type": "Feature", "geometry": {"type": "LineString", "coordinates": [[-160.238735, 21.804451], [-160.238641, 21.804428], [-160.238548, 21.804405], [-160.238474, 21.804359], [-160.23843, 21.804278], [-160.238386, 21.804198], [-160.238342, 21.804117], [-160.238298, 21.804037], [-160.238254, 21.803956], [-160.23821, 21.803876], [-160.238131, 21.80386], [-160.238035, 21.803874], [-160.237939, 21.803887], [-160.237844, 21.803901], [-160.237748, 21.803914], [-160.237652, 21.803928], [-160.237557, 21.803941], [-160.237478, 21.803907], [-160.237409, 21.803844], [-160.23734, 21.80378]]}, "properties": {"seg_id": 185, "ring_id": 0, "i0": 3700, "i1": 3720, "length_m": 200.0, "score": -0.5027644307276966, "bay": 0.49510927200317384, "exposure": -0.7491136362619001, "strip_m": 25.0, "cx": 372023.01991940197, "cy": 2411651.594447885, "selected": false, "order": -1, "sortie": -1}}, {"type": "Feature", "geometry": {"type": "LineString", "coordinates": [[-160.237271, 21.803717], [-160.237202, 21.803654], [-160.237133, 21.80359], [-160.237037, 21.803589], [-160.236941, 21.803589], [-160.236844, 21.80359], [-160.236747, 21.803591], [-160.23665, 21.803592], [-160.236631, 21.803506], [-160.236614, 21.803417], [-160.236598, 21.803328], [-160.236581, 21.803239], [-160.236564, 21.80315], [-160.236548, 21.803061], [-160.236485, 21.802994], [-160.236416, 21.802931], [-160.236345, 21.802872], [-160.23625, 21.802888], [-160.236155, 21.802903], [-160.23606, 21.802919]]}, "properties": {"seg_id": 186, "ring_id": 0, "i0": 3720, "i1": 3740, "length_m": 200.0, "score": -0.46741940244585234, "bay": 0.5345473557710647, "exposure": -0.753450158921631, "strip_m": 2.0, "cx": 372169.0615126297, "cy": 2411568.380892446, "selected": false, "order": -1, "sortie": -1}}, {"type": "Feature", "geometry": {"type": "LineString", "coordinates": [[-160.235964, 21.802934], [-160.235869, 21.80295], [-160.235774, 21.802965], [-160.2358, 21.802882], [-160.23583, 21.802797], [-160.23586, 21.802711], [-160.235795, 21.802662], [-160.235708, 21.802622], [-160.235621, 21.802582], [-160.235535, 21.802543], [-160.235471, 21.802486], [-160.235455, 21.802397], [-160.235438, 21.802308], [-160.235421, 21.80222], [-160.235405, 21.802131], [-160.235388, 21.802042], [-160.235393, 21.801959], [-160.235461, 21.801894], [-160.235528, 21.80183], [-160.235529, 21.801805]]}, "properties": {"seg_id": 187, "ring_id": 0, "i0": 3740, "i1": 3760, "length_m": 200.0, "score": -0.11271529564578738, "bay": 0.5684183165431023, "exposure": -0.7381368063016452, "strip_m": 2.0, "cx": 372275.9416198713, "cy": 2411471.2238867492, "selected": false, "order": -1, "sortie": -1}}, {"type": "Feature", "geometry": {"type": "LineString", "coordinates": [[-160.235437, 21.801835], [-160.235346, 21.801864], [-160.23527, 21.801863], [-160.235239, 21.801778], [-160.235207, 21.801692], [-160.235176, 21.801607], [-160.235145, 21.801521], [-160.235113, 21.801436], [-160.235082, 21.80135], [-160.235051, 21.801265], [-160.235019, 21.801179], [-160.234988, 21.801094], [-160.234957, 21.801008], [-160.234925, 21.800923], [-160.234894, 21.800838], [-160.234829, 21.80083], [-160.234743, 21.800871], [-160.234678, 21.800864], [-160.23465, 21.800777], [-160.234621, 21.800691]]}, "properties": {"seg_id": 188, "ring_id": 0, "i0": 3760, "i1": 3780, "length_m": 200.0, "score": -1.1478537087783152, "bay": 0.49885536432266236, "exposure": -0.8375070396168676, "strip_m": 0.5, "cx": 372336.2877152257, "cy": 2411341.0107739503, "selected": false, "order": -1, "sortie": -1}}, {"type": "Feature", "geometry": {"type": "LineString", "coordinates": [[-160.234593, 21.800605], [-160.234564, 21.800518], [-160.234536, 21.800432], [-160.234507, 21.800346], [-160.234479, 21.80026], [-160.23445, 21.800173], [-160.234422, 21.800087], [-160.234393, 21.800001], [-160.234305, 21.799969], [-160.234213, 21.799941], [-160.234121, 21.799913], [-160.2341, 21.799837], [-160.234099, 21.799747], [-160.234098, 21.799656], [-160.234097, 21.799566], [-160.234097, 21.799476], [-160.234029, 21.799425], [-160.233942, 21.799385], [-160.233855, 21.799345], [-160.233769, 21.799305]]}, "properties": {"seg_id": 189, "ring_id": 0, "i0": 3780, "i1": 3800, "length_m": 200.0, "score": -1.1049552543806191, "bay": 0.49802290052175524, "exposure": -0.9113527192148215, "strip_m": 2.5, "cx": 372416.23009042407, "cy": 2411189.261068038, "selected": false, "order": -1, "sortie": -1}}, {"type": "Feature", "geometry": {"type": "LineString", "coordinates": [[-160.233699, 21.799252], [-160.233667, 21.799166], [-160.233636, 21.799081], [-160.233605, 21.798995], [-160.233573, 21.79891], [-160.233542, 21.798824], [-160.233511, 21.798739], [-160.233479, 21.798653], [-160.233448, 21.798568], [-160.233417, 21.798483], [-160.233385, 21.798397], [-160.233354, 21.798312], [-160.233323, 21.798226], [-160.233291, 21.798141], [-160.23326, 21.798055], [-160.233229, 21.79797], [-160.233181, 21.797893], [-160.233117, 21.797826], [-160.233053, 21.797758], [-160.232988, 21.797691]]}, "properties": {"seg_id": 190, "ring_id": 0, "i0": 3800, "i1": 3820, "length_m": 200.0, "score": -1.2170860410990745, "bay": 0.4979188427329063, "exposure": -0.9823259320962612, "strip_m": 0.0, "cx": 372502.36142856895, "cy": 2411027.785836926, "selected": false, "order": -1, "sortie": -1}}, {"type": "Feature", "geometry": {"type": "LineString", "coordinates": [[-160.232924, 21.797623], [-160.23286, 21.797556], [-160.232796, 21.797488], [-160.232731, 21.797421], [-160.232667, 21.797353], [-160.232603, 21.797286], [-160.232539, 21.797218], [-160.232526, 21.797131], [-160.232522, 21.797041], [-160.232518, 21.796951], [-160.232513, 21.79686], [-160.232509, 21.79677], [-160.232505, 21.79668], [-160.232501, 21.79659], [-160.232496, 21.796499], [-160.232492, 21.796409], [-160.232488, 21.796319], [-160.232484, 21.796229], [-160.23248, 21.796138], [-160.232475, 21.796048]]}, "properties": {"seg_id": 191, "ring_id": 0, "i0": 3820, "i1": 3840, "length_m": 200.0, "score": 0.04573878248000228, "bay": 0.5484391316771507, "exposure": -0.9192232122625954, "strip_m": 31.0, "cx": 372584.3570879398, "cy": 2410853.6999850483, "selected": false, "order": -1, "sortie": -1}}, {"type": "Feature", "geometry": {"type": "LineString", "coordinates": [[-160.232471, 21.795958], [-160.232467, 21.795868], [-160.232463, 21.795777], [-160.232458, 21.795687], [-160.232454, 21.795597], [-160.23245, 21.795507], [-160.232446, 21.795416], [-160.232441, 21.795326], [-160.232437, 21.795236], [-160.232433, 21.795146], [-160.232429, 21.795055], [-160.232425, 21.794965], [-160.23242, 21.794875], [-160.232416, 21.794785], [-160.232412, 21.794694], [-160.232488, 21.794656], [-160.23258, 21.794626], [-160.232671, 21.794597], [-160.232642, 21.794561], [-160.232555, 21.794521]]}, "properties": {"seg_id": 192, "ring_id": 0, "i0": 3840, "i1": 3860, "length_m": 200.0, "score": -0.1796148083343428, "bay": 0.5147242456674576, "exposure": -0.7375893353897491, "strip_m": 35.0, "cx": 372593.5175610644, "cy": 2410661.239698152, "selected": false, "order": -1, "sortie": -1}}, {"type": "Feature", "geometry": {"type": "LineString", "coordinates": [[-160.232528, 21.794464], [-160.232577, 21.794386], [-160.232626, 21.794309], [-160.232676, 21.794231], [-160.232725, 21.794153], [-160.232774, 21.794075], [-160.232766, 21.793996], [-160.232722, 21.793915], [-160.232678, 21.793835], [-160.232634, 21.793754], [-160.23261, 21.793685], [-160.232707, 21.793684], [-160.23279, 21.793671], [-160.232795, 21.793581], [-160.2328, 21.793491], [-160.232805, 21.7934], [-160.23281, 21.79331], [-160.232815, 21.79322], [-160.23282, 21.79313], [-160.232825, 21.79304]]}, "properties": {"seg_id": 193, "ring_id": 0, "i0": 3860, "i1": 3880, "length_m": 200.0, "score": -0.9602624320140185, "bay": 0.4886056199669838, "exposure": -0.6713247981572155, "strip_m": 3.0, "cx": 372566.8482861111, "cy": 2410509.10135843, "selected": false, "order": -1, "sortie": -1}}, {"type": "Feature", "geometry": {"type": "LineString", "coordinates": [[-160.23283, 21.792949], [-160.232835, 21.792859], [-160.232839, 21.792769], [-160.232844, 21.792679], [-160.232849, 21.792588], [-160.232854, 21.792498], [-160.232859, 21.792408], [-160.232864, 21.792318], [-160.232869, 21.792228], [-160.232881, 21.79214], [-160.232949, 21.792076], [-160.233017, 21.792012], [-160.233084, 21.791947], [-160.233152, 21.791883], [-160.233089, 21.791835], [-160.233005, 21.791789], [-160.232922, 21.791743], [-160.232839, 21.791697], [-160.232755, 21.791651], [-160.232672, 21.791608]]}, "properties": {"seg_id": 194, "ring_id": 0, "i0": 3880, "i1": 3900, "length_m": 200.0, "score": -2.325311356336439, "bay": 0.3831945836544037, "exposure": -0.7319007776671468, "strip_m": 0.5, "cx": 372547.22768221365, "cy": 2410334.037388985, "selected": false, "order": -1, "sortie": -1}}, {"type": "Feature", "geometry": {"type": "LineString", "coordinates": [[-160.23258, 21.791637], [-160.232489, 21.791667], [-160.232397, 21.791696], [-160.232325, 21.791644], [-160.232256, 21.791581], [-160.232187, 21.791517], [-160.232119, 21.791454], [-160.23205, 21.791391], [-160.232002, 21.791322], [-160.232032, 21.791236], [-160.232062, 21.79115], [-160.232085, 21.791071], [-160.231992, 21.791096], [-160.231899, 21.791122], [-160.231807, 21.791147], [-160.231714, 21.791173], [-160.231621, 21.791198], [-160.231528, 21.791224], [-160.231435, 21.791249], [-160.231414, 21.791185]]}, "properties": {"seg_id": 195, "ring_id": 0, "i0": 3900, "i1": 3920, "length_m": 200.0, "score": -1.645697347756321, "bay": 0.4302809491753578, "exposure": -0.6105227883731806, "strip_m": 7.5, "cx": 372639.58947153547, "cy": 2410239.667078491, "selected": false, "order": -1, "sortie": -1}}, {"type": "Feature", "geometry": {"type": "LineString", "coordinates": [[-160.231413, 21.791095], [-160.231413, 21.791004], [-160.231338, 21.790976], [-160.231242, 21.790965], [-160.231146, 21.790955], [-160.23105, 21.790944], [-160.230954, 21.790934], [-160.230857, 21.790924], [-160.230761, 21.790913], [-160.230665, 21.790903], [-160.230624, 21.790836], [-160.230604, 21.790748], [-160.230584, 21.790659], [-160.230565, 21.790571], [-160.230545, 21.790483], [-160.230478, 21.790456], [-160.230382, 21.790468], [-160.230287, 21.79048], [-160.230191, 21.790492], [-160.230095, 21.790504]]}, "properties": {"seg_id": 196, "ring_id": 0, "i0": 3920, "i1": 3940, "length_m": 200.0, "score": -1.4571877974693244, "bay": 0.44958377778530123, "exposure": -0.701296107024506, "strip_m": 3.5, "cx": 372767.29730102245, "cy": 2410175.2562222634, "selected": false, "order": -1, "sortie": -1}}, {"type": "Feature", "geometry": {"type": "LineString", "coordinates": [[-160.229999, 21.790516], [-160.229903, 21.790527], [-160.229807, 21.790539], [-160.22974, 21.7905], [-160.229696, 21.79042], [-160.229652, 21.790339], [-160.229608, 21.790259], [-160.229567, 21.790192], [-160.229552, 21.790281], [-160.229536, 21.790371], [-160.229521, 21.79046], [-160.229506, 21.790549], [-160.229491, 21.790638], [-160.229476, 21.790727], [-160.22953, 21.790802], [-160.229584, 21.790877], [-160.229639, 21.790952], [-160.229637, 21.790981], [-160.229551, 21.790942], [-160.229464, 21.790902]]}, "properties": {"seg_id": 197, "ring_id": 0, "i0": 3940, "i1": 3960, "length_m": 200.0, "score": -1.7146777122648682, "bay": 0.382882422208786, "exposure": -0.0004447939325092576, "strip_m": 9.5, "cx": 372884.66342623637, "cy": 2410154.755888745, "selected": false, "order": -1, "sortie": -1}}, {"type": "Feature", "geometry": {"type": "LineString", "coordinates": [[-160.229377, 21.790862], [-160.22929, 21.790822], [-160.229324, 21.790893], [-160.229368, 21.790974], [-160.229329, 21.791037], [-160.229252, 21.791092], [-160.229175, 21.791146], [-160.229098, 21.791201], [-160.229021, 21.791256], [-160.228933, 21.791291], [-160.228841, 21.791316], [-160.228748, 21.791342], [-160.228655, 21.791367], [-160.228562, 21.791393], [-160.228469, 21.791418], [-160.228377, 21.791444], [-160.228284, 21.791469], [-160.228191, 21.791495], [-160.228098, 21.79152], [-160.228005, 21.791546]]}, "properties": {"seg_id": 198, "ring_id": 0, "i0": 3960, "i1": 3980, "length_m": 200.0, "score": 0.10902880845551928, "bay": 0.540270559489727, "exposure": -0.04501673661302925, "strip_m": 3.5, "cx": 372968.2814287544, "cy": 2410226.647430538, "selected": false, "order": -1, "sortie": -1}}, {"type": "Feature", "geometry": {"type": "LineString", "coordinates": [[-160.227913, 21.791571], [-160.22782, 21.791597], [-160.227727, 21.791622], [-160.227634, 21.791642], [-160.22754, 21.791621], [-160.227446, 21.791599], [-160.227352, 21.791578], [-160.227258, 21.791557], [-160.227164, 21.791536], [-160.22707, 21.791515], [-160.226976, 21.791493], [-160.226882, 21.791472], [-160.226871, 21.791549], [-160.226872, 21.791639], [-160.226792, 21.791676], [-160.2267, 21.791705], [-160.226609, 21.791734], [-160.226517, 21.791764], [-160.226426, 21.791793], [-160.226334, 21.791822]]}, "properties": {"seg_id": 199, "ring_id": 0, "i0": 3980, "i1": 4000, "length_m": 200.0, "score": -0.27851453102626905, "bay": 0.5113943889737129, "exposure": -0.3168231312872981, "strip_m": 18.5, "cx": 373146.91863270523, "cy": 2410267.3092407407, "selected": false, "order": -1, "sortie": -1}}, {"type": "Feature", "geometry": {"type": "LineString", "coordinates": [[-160.226293, 21.791785], [-160.226292, 21.791695], [-160.226238, 21.791655], [-160.226142, 21.791656], [-160.226045, 21.791656], [-160.225948, 21.791657], [-160.225851, 21.791658], [-160.225755, 21.791659], [-160.225658, 21.791659], [-160.225561, 21.79166], [-160.225465, 21.791661], [-160.225368, 21.791661], [-160.225286, 21.791627], [-160.225218, 21.791563], [-160.225149, 21.7915], [-160.22508, 21.791436], [-160.225005, 21.791406], [-160.224919, 21.791447], [-160.224833, 21.791488], [-160.224747, 21.791529]]}, "properties": {"seg_id": 200, "ring_id": 0, "i0": 4000, "i1": 4020, "length_m": 200.0, "score": -0.844242875782238, "bay": 0.49516129940748216, "exposure": -0.5864366443055433, "strip_m": 0.5, "cx": 373307.41549572174, "cy": 2410263.6612522863, "selected": false, "order": -1, "sortie": -1}}, {"type": "Feature", "geometry": {"type": "LineString", "coordinates": [[-160.224661, 21.79157], [-160.224575, 21.791611], [-160.224488, 21.791652], [-160.224401, 21.791646], [-160.224312, 21.79161], [-160.224223, 21.791574], [-160.224135, 21.791538], [-160.224046, 21.791502], [-160.223957, 21.791466], [-160.223869, 21.79143], [-160.22378, 21.791394], [-160.223691, 21.791358], [-160.223603, 21.791322], [-160.223508, 21.791322], [-160.223413, 21.791334], [-160.223317, 21.791346], [-160.223221, 21.791358], [-160.223125, 21.79137], [-160.223029, 21.791382], [-160.222933, 21.791394]]}, "properties": {"seg_id": 201, "ring_id": 0, "i0": 4020, "i1": 4040, "length_m": 200.0, "score": 0.5325531318174594, "bay": 0.5998439192771912, "exposure": -0.5527211511597272, "strip_m": 14.5, "cx": 373485.9816271761, "cy": 2410246.329801218, "selected": false, "order": -1, "sortie": -1}}, {"type": "Feature", "geometry": {"type": "LineString", "coordinates": [[-160.222837, 21.791406], [-160.222777, 21.791354], [-160.222733, 21.791273], [-160.222746, 21.791206], [-160.222826, 21.791156], [-160.222906, 21.791105], [-160.222986, 21.791054], [-160.223066, 21.791003], [-160.223146, 21.790953], [-160.223226, 21.790902], [-160.223263, 21.790864], [-160.223166, 21.790865], [-160.22307, 21.790865], [-160.222973, 21.790866], [-160.222876, 21.790867], [-160.222779, 21.790868], [-160.222683, 21.790868], [-160.222626, 21.790853], [-160.222694, 21.790789], [-160.222762, 21.790724]]}, "properties": {"seg_id": 202, "ring_id": 0, "i0": 4040, "i1": 4060, "length_m": 200.0, "score": 1.0774405448660176, "bay": 0.6381893910467624, "exposure": -0.44099599373474696, "strip_m": 5.5, "cx": 373579.3525916761, "cy": 2410193.8845189796, "selected": true, "order": 144, "sortie": 11}}, {"type": "Feature", "geometry": {"type": "LineString", "coordinates": [[-160.22283, 21.79066], [-160.222898, 21.790596], [-160.222966, 21.790531], [-160.222953, 21.790467], [-160.222884, 21.790404], [-160.222815, 21.790341], [-160.222746, 21.790277], [-160.222677, 21.790214], [-160.222608, 21.790151], [-160.222539, 21.790087], [-160.22247, 21.790024], [-160.222409, 21.789958], [-160.222408, 21.789867], [-160.222407, 21.789777], [-160.222406, 21.789687], [-160.222405, 21.789596], [-160.222395, 21.789515], [-160.222298, 21.789516], [-160.222201, 21.789517], [-160.222105, 21.789518]]}, "properties": {"seg_id": 203, "ring_id": 0, "i0": 4060, "i1": 4080, "length_m": 200.0, "score": -0.689872412912315, "bay": 0.5070239380002022, "exposure": -0.7903778810942073, "strip_m": 10.5, "cx": 373613.2659596984, "cy": 2410087.677804288, "selected": false, "order": -1, "sortie": -1}}, {"type": "Feature", "geometry": {"type": "LineString", "coordinates": [[-160.222008, 21.789518], [-160.221926, 21.789511], [-160.221975, 21.789433], [-160.222024, 21.789355], [-160.222074, 21.789277], [-160.222123, 21.7892], [-160.222172, 21.789122], [-160.222181, 21.789065], [-160.222085, 21.789066], [-160.222008, 21.789043], [-160.221983, 21.788955], [-160.221959, 21.788868], [-160.221935, 21.78878], [-160.2219, 21.788706], [-160.221803, 21.788707], [-160.221707, 21.788708], [-160.22161, 21.788708], [-160.221524, 21.788696], [-160.221497, 21.788609], [-160.221471, 21.788522]]}, "properties": {"seg_id": 204, "ring_id": 0, "i0": 4080, "i1": 4100, "length_m": 200.0, "score": -0.7557342788062138, "bay": 0.4842872068285942, "exposure": -0.7410553187611346, "strip_m": 31.0, "cx": 373681.9161632654, "cy": 2409971.704137559, "selected": false, "order": -1, "sortie": -1}}, {"type": "Feature", "geometry": {"type": "LineString", "coordinates": [[-160.221445, 21.788435], [-160.221419, 21.788348], [-160.221393, 21.788261], [-160.221366, 21.788174], [-160.22134, 21.788087], [-160.221314, 21.788], [-160.221288, 21.787913], [-160.221262, 21.787826], [-160.221236, 21.787739], [-160.221157, 21.787718], [-160.22106, 21.787719], [-160.220963, 21.787719], [-160.220867, 21.78772], [-160.22077, 21.787721], [-160.220673, 21.787721], [-160.220576, 21.787722], [-160.22048, 21.787723], [-160.220383, 21.787724], [-160.220286, 21.787724], [-160.22019, 21.787725]]}, "properties": {"seg_id": 205, "ring_id": 0, "i0": 4100, "i1": 4120, "length_m": 200.0, "score": -1.4458524406940059, "bay": 0.394797095656395, "exposure": -0.7163433963458111, "strip_m": 34.5, "cx": 373776.5726665334, "cy": 2409848.4642369635, "selected": false, "order": -1, "sortie": -1}}, {"type": "Feature", "geometry": {"type": "LineString", "coordinates": [[-160.220093, 21.787726], [-160.219996, 21.787726], [-160.219899, 21.787727], [-160.219829, 21.787675], [-160.219768, 21.787605], [-160.219707, 21.787535], [-160.219646, 21.787465], [-160.219585, 21.787395], [-160.219524, 21.787325], [-160.219451, 21.787275], [-160.219355, 21.787264], [-160.219259, 21.787254], [-160.219163, 21.787243], [-160.219067, 21.787233], [-160.218971, 21.787222], [-160.218875, 21.787212], [-160.218779, 21.787202], [-160.218703, 21.787169], [-160.218679, 21.787082], [-160.218655, 21.786994]]}, "properties": {"seg_id": 206, "ring_id": 0, "i0": 4120, "i1": 4140, "length_m": 200.0, "score": -0.304758317756369, "bay": 0.5225806504487991, "exposure": -0.783145995063611, "strip_m": 11.5, "cx": 373943.92849738174, "cy": 2409789.6215357576, "selected": false, "order": -1, "sortie": -1}}, {"type": "Feature", "geometry": {"type": "LineString", "coordinates": [[-160.21863, 21.786907], [-160.218595, 21.786835], [-160.218499, 21.786847], [-160.218403, 21.786859], [-160.218307, 21.786871], [-160.218211, 21.786883], [-160.218115, 21.786895], [-160.21802, 21.786907], [-160.217924, 21.786919], [-160.217837, 21.786921], [-160.217836, 21.78683], [-160.217835, 21.78674], [-160.217835, 21.78665], [-160.217834, 21.786559], [-160.217827, 21.786472], [-160.217758, 21.786408], [-160.217689, 21.786345], [-160.21762, 21.786282], [-160.217551, 21.786218], [-160.217586, 21.786144]]}, "properties": {"seg_id": 207, "ring_id": 0, "i0": 4140, "i1": 4160, "length_m": 200.0, "score": 0.5592036511960827, "bay": 0.6061394453048706, "exposure": -0.7198271878294524, "strip_m": 8.0, "cx": 374083.38780359965, "cy": 2409711.9219733006, "selected": false, "order": -1, "sortie": -1}}, {"type": "Feature", "geometry": {"type": "LineString", "coordinates": [[-160.217639, 21.786069], [-160.217692, 21.785993], [-160.217713, 21.785923], [-160.217637, 21.785867], [-160.217561, 21.785811], [-160.217485, 21.785755], [-160.217409, 21.785699], [-160.217333, 21.785643], [-160.217257, 21.785587], [-160.217303, 21.785524], [-160.21737, 21.78546], [-160.217437, 21.785395], [-160.217413, 21.785308], [-160.217388, 21.78522], [-160.217364, 21.785133], [-160.21734, 21.785045], [-160.217255, 21.785011], [-160.217163, 21.784983], [-160.217071, 21.784955], [-160.216979, 21.784928]]}, "properties": {"seg_id": 208, "ring_id": 0, "i0": 4160, "i1": 4180, "length_m": 200.0, "score": -1.4954379303436993, "bay": 0.44474506080150605, "exposure": -0.7907292693162891, "strip_m": 3.0, "cx": 374144.88428455836, "cy": 2409577.584671782, "selected": false, "order": -1, "sortie": -1}}, {"type": "Feature", "geometry": {"type": "LineString", "coordinates": [[-160.216887, 21.7849], [-160.216795, 21.784872], [-160.216703, 21.784844], [-160.216611, 21.784816], [-160.216519, 21.784788], [-160.216474, 21.784736], [-160.216497, 21.784648], [-160.216519, 21.78456], [-160.216542, 21.784472], [-160.216534, 21.784398], [-160.216447, 21.784358], [-160.21636, 21.784319], [-160.216273, 21.784279], [-160.216186, 21.784239], [-160.2161, 21.784199], [-160.216013, 21.78416], [-160.215926, 21.78412], [-160.215839, 21.78408], [-160.215786, 21.784024], [-160.215799, 21.783934]]}, "properties": {"seg_id": 209, "ring_id": 0, "i0": 4180, "i1": 4200, "length_m": 200.0, "score": -0.6459035235588987, "bay": 0.5348074942827225, "exposure": -0.828130974957746, "strip_m": 4.0, "cx": 374252.5461268433, "cy": 2409462.900055903, "selected": false, "order": -1, "sortie": -1}}, {"type": "Feature", "geometry": {"type": "LineString", "coordinates": [[-160.215812, 21.783844], [-160.215825, 21.783755], [-160.215838, 21.783665], [-160.215851, 21.783576], [-160.215864, 21.783486], [-160.215847, 21.783421], [-160.21575, 21.783422], [-160.215654, 21.783422], [-160.215576, 21.7834], [-160.215552, 21.783312], [-160.215528, 21.783225], [-160.215504, 21.783137], [-160.215471, 21.783056], [-160.215388, 21.78301], [-160.215304, 21.782964], [-160.215221, 21.782918], [-160.215138, 21.782872], [-160.215054, 21.782826], [-160.214997, 21.782767], [-160.214996, 21.782676]]}, "properties": {"seg_id": 210, "ring_id": 0, "i0": 4200, "i1": 4220, "length_m": 200.0, "score": -1.4643835621266552, "bay": 0.42970864176750184, "exposure": -0.8584026872813793, "strip_m": 10.5, "cx": 374337.5298826482, "cy": 2409329.433909238, "selected": false, "order": -1, "sortie": -1}}, {"type": "Feature", "geometry": {"type": "LineString", "coordinates": [[-160.214996, 21.782586], [-160.214967, 21.782514], [-160.214876, 21.782483], [-160.214785, 21.782452], [-160.214694, 21.782421], [-160.214603, 21.78239], [-160.214512, 21.782359], [-160.214422, 21.782328], [-160.214331, 21.782297], [-160.21424, 21.782266], [-160.214167, 21.782308], [-160.214099, 21.782373], [-160.214031, 21.782437], [-160.213963, 21.782501], [-160.213895, 21.782566], [-160.213824, 21.782623], [-160.213728, 21.782624], [-160.213631, 21.782624], [-160.213534, 21.782625], [-160.213437, 21.782626]]}, "properties": {"seg_id": 211, "ring_id": 0, "i0": 4220, "i1": 4240, "length_m": 200.0, "score": -1.2662241574310396, "bay": 0.4326743081212044, "exposure": -0.4404543174432448, "strip_m": 13.5, "cx": 374468.35690923425, "cy": 2409243.4233341785, "selected": false, "order": -1, "sortie": -1}}, {"type": "Feature", "geometry": {"type": "LineString", "coordinates": [[-160.213345, 21.782618], [-160.213284, 21.782548], [-160.213223, 21.782478], [-160.213162, 21.782408], [-160.213101, 21.782338], [-160.21304, 21.782268], [-160.212979, 21.782198], [-160.212931, 21.782235], [-160.212888, 21.782316], [-160.21282, 21.782359], [-160.212723, 21.78236], [-160.212627, 21.782361], [-160.21253, 21.782361], [-160.212433, 21.782362], [-160.212336, 21.782363], [-160.21224, 21.782364], [-160.212143, 21.782364], [-160.212051, 21.782346], [-160.211964, 21.782306], [-160.211905, 21.782255]]}, "properties": {"seg_id": 212, "ring_id": 0, "i0": 4240, "i1": 4260, "length_m": 200.0, "score": -0.45953175234357524, "bay": 0.49968784004449845, "exposure": -0.6124713261463027, "strip_m": 20.5, "cx": 374628.5774629024, "cy": 2409230.0254014437, "selected": false, "order": -1, "sortie": -1}}, {"type": "Feature", "geometry": {"type": "LineString", "coordinates": [[-160.211935, 21.782169], [-160.211965, 21.782083], [-160.211986, 21.782006], [-160.211894, 21.782035], [-160.211802, 21.782065], [-160.211711, 21.782094], [-160.211663, 21.782023], [-160.211619, 21.781943], [-160.211564, 21.781965], [-160.211504, 21.782036], [-160.211445, 21.782107], [-160.211385, 21.782178], [-160.211325, 21.782249], [-160.211265, 21.78232], [-160.211197, 21.782379], [-160.211105, 21.782408], [-160.211014, 21.782438], [-160.210922, 21.782467], [-160.210831, 21.782496], [-160.210739, 21.782525]]}, "properties": {"seg_id": 213, "ring_id": 0, "i0": 4260, "i1": 4280, "length_m": 200.0, "score": -0.5297911117488168, "bay": 0.4502081245183945, "exposure": -0.21846884684504095, "strip_m": 25.5, "cx": 374756.922077347, "cy": 2409211.158618744, "selected": false, "order": -1, "sortie": -1}}, {"type": "Feature", "geometry": {"type": "LineString", "coordinates": [[-160.210648, 21.782554], [-160.210556, 21.782584], [-160.210465, 21.782613], [-160.210373, 21.782642], [-160.210282, 21.782671], [-160.21019, 21.782701], [-160.210099, 21.78273], [-160.210064, 21.782684], [-160.210063, 21.782594], [-160.210004, 21.782574], [-160.209911, 21.782597], [-160.209817, 21.782619], [-160.209723, 21.782642], [-160.209676, 21.782608], [-160.209676, 21.782518], [-160.209675, 21.782427], [-160.209634, 21.782408], [-160.209554, 21.782458], [-160.209474, 21.782509], [-160.209394, 21.78256]]}, "properties": {"seg_id": 214, "ring_id": 0, "i0": 4280, "i1": 4300, "length_m": 200.0, "score": 0.11445120491885397, "bay": 0.5633715033531189, "exposure": -0.44684366186466606, "strip_m": 4.5, "cx": 374910.2486182962, "cy": 2409252.6384107294, "selected": false, "order": -1, "sortie": -1}}, {"type": "Feature", "geometry": {"type": "LineString", "coordinates": [[-160.209337, 21.782498], [-160.209283, 21.782423], [-160.209229, 21.782349], [-160.209195, 21.78227], [-160.209214, 21.782181], [-160.209232, 21.782092], [-160.20925, 21.782004], [-160.209268, 21.781915], [-160.209265, 21.781839], [-160.209171, 21.781818], [-160.209077, 21.781797], [-160.208983, 21.781775], [-160.208895, 21.781762], [-160.208882, 21.781851], [-160.208869, 21.781941], [-160.208856, 21.78203], [-160.208843, 21.78212], [-160.20883, 21.782209], [-160.208817, 21.782299], [-160.208804, 21.782389]]}, "properties": {"seg_id": 215, "ring_id": 0, "i0": 4300, "i1": 4320, "length_m": 200.0, "score": -2.290260263844628, "bay": 0.3403225913643837, "exposure": -0.23204594583857233, "strip_m": 6.5, "cx": 375002.7561605118, "cy": 2409195.8280086643, "selected": false, "order": -1, "sortie": -1}}, {"type": "Feature", "geometry": {"type": "LineString", "coordinates": [[-160.208727, 21.782443], [-160.20865, 21.782498], [-160.208573, 21.782553], [-160.208497, 21.782608], [-160.20842, 21.782662], [-160.208323, 21.782663], [-160.208226, 21.782664], [-160.20813, 21.782665], [-160.208033, 21.782665], [-160.207936, 21.782666], [-160.207839, 21.782667], [-160.207819, 21.782755], [-160.207799, 21.782843], [-160.207778, 21.782932], [-160.207758, 21.78302], [-160.207738, 21.783108], [-160.207718, 21.783197], [-160.207698, 21.783285], [-160.207677, 21.783373], [-160.207657, 21.783462]]}, "properties": {"seg_id": 216, "ring_id": 0, "i0": 4320, "i1": 4340, "length_m": 200.0, "score": -0.66984348292039, "bay": 0.4394901230931282, "exposure": 0.21675463733190012, "strip_m": 11.0, "cx": 375108.36700041074, "cy": 2409278.9504683036, "selected": false, "order": -1, "sortie": -1}}, {"type": "Feature", "geometry": {"type": "LineString", "coordinates": [[-160.20759, 21.783521], [-160.20751, 21.783571], [-160.20743, 21.783622], [-160.207364, 21.783679], [-160.207365, 21.78377], [-160.207366, 21.78386], [-160.207366, 21.78395], [-160.207367, 21.784041], [-160.207368, 21.784131], [-160.207352, 21.78421], [-160.207259, 21.784232], [-160.207165, 21.784255], [-160.207071, 21.784278], [-160.206978, 21.784297], [-160.206891, 21.784257], [-160.206804, 21.784218], [-160.206718, 21.784178], [-160.206631, 21.784138], [-160.206544, 21.784098], [-160.206457, 21.784058]]}, "properties": {"seg_id": 217, "ring_id": 0, "i0": 4340, "i1": 4360, "length_m": 200.0, "score": 2.9865274073960366, "bay": 0.7566597327589989, "exposure": -0.0533579120610432, "strip_m": 13.0, "cx": 375204.51084146433, "cy": 2409409.0353521714, "selected": true, "order": 145, "sortie": 11}}, {"type": "Feature", "geometry": {"type": "LineString", "coordinates": [[-160.206412, 21.784004], [-160.206447, 21.783919], [-160.206482, 21.783835], [-160.206517, 21.783751], [-160.206553, 21.783667], [-160.206588, 21.783583], [-160.2065, 21.783559], [-160.206406, 21.783538], [-160.206312, 21.783516], [-160.206218, 21.783495], [-160.206185, 21.783418], [-160.206166, 21.78333], [-160.206146, 21.783241], [-160.206126, 21.783153], [-160.206107, 21.783064], [-160.20616, 21.783004], [-160.20624, 21.782953], [-160.20632, 21.782902], [-160.206385, 21.782847], [-160.206346, 21.782765]]}, "properties": {"seg_id": 218, "ring_id": 0, "i0": 4360, "i1": 4380, "length_m": 200.0, "score": 0.7091292981779497, "bay": 0.6345473490655422, "exposure": -0.7050169618047828, "strip_m": 0.0, "cx": 375286.5722818731, "cy": 2409337.4291702164, "selected": true, "order": 146, "sortie": 11}}, {"type": "Feature", "geometry": {"type": "LineString", "coordinates": [[-160.206307, 21.782682], [-160.206269, 21.782599], [-160.20623, 21.782516], [-160.206191, 21.782434], [-160.206152, 21.782351], [-160.206113, 21.782268], [-160.206047, 21.782214], [-160.205955, 21.782186], [-160.205863, 21.782158], [-160.205797, 21.782109], [-160.205779, 21.78202], [-160.20576, 21.781931], [-160.205741, 21.781843], [-160.205723, 21.781754], [-160.205704, 21.781665], [-160.205686, 21.781577], [-160.205667, 21.781488], [-160.205649, 21.781399], [-160.20563, 21.781311], [-160.205612, 21.781222]]}, "properties": {"seg_id": 219, "ring_id": 0, "i0": 4380, "i1": 4400, "length_m": 200.0, "score": -1.0115021923284737, "bay": 0.48699271827936175, "exposure": -0.9426701751210997, "strip_m": 7.0, "cx": 375330.5452768779, "cy": 2409183.0968956263, "selected": false, "order": -1, "sortie": -1}}, {"type": "Feature", "geometry": {"type": "LineString", "coordinates": [[-160.205593, 21.781133], [-160.205574, 21.781045], [-160.205556, 21.780956], [-160.205537, 21.780867], [-160.205519, 21.780779], [-160.205495, 21.780698], [-160.205401, 21.780721], [-160.205308, 21.780743], [-160.205214, 21.780766], [-160.20512, 21.780788], [-160.205054, 21.780726], [-160.204989, 21.780659], [-160.204924, 21.780592], [-160.204859, 21.780525], [-160.204795, 21.780458], [-160.20473, 21.780391], [-160.204665, 21.780324], [-160.2046, 21.780257], [-160.204535, 21.78019], [-160.204471, 21.780123]]}, "properties": {"seg_id": 220, "ring_id": 0, "i0": 4400, "i1": 4420, "length_m": 200.0, "score": -1.1586086749697329, "bay": 0.46482831090688703, "exposure": -0.8452943099136426, "strip_m": 9.5, "cx": 375411.7737968567, "cy": 2409033.0906991614, "selected": false, "order": -1, "sortie": -1}}, {"type": "Feature", "geometry": {"type": "LineString", "coordinates": [[-160.204406, 21.780056], [-160.204341, 21.779989], [-160.204334, 21.7799], [-160.204333, 21.77981], [-160.204333, 21.77972], [-160.204266, 21.779658], [-160.204193, 21.779599], [-160.20412, 21.77954], [-160.204046, 21.779481], [-160.203973, 21.779422], [-160.2039, 21.779363], [-160.203827, 21.779304], [-160.203753, 21.779245], [-160.20368, 21.779186], [-160.203607, 21.779127], [-160.203528, 21.779092], [-160.203436, 21.779119], [-160.203343, 21.779145], [-160.203251, 21.779172], [-160.203158, 21.779199]]}, "properties": {"seg_id": 221, "ring_id": 0, "i0": 4420, "i1": 4440, "length_m": 200.0, "score": -1.462252584319224, "bay": 0.39672216922044756, "exposure": -0.7805570654576479, "strip_m": 61.0, "cx": 375535.40299814433, "cy": 2408901.4163870867, "selected": false, "order": -1, "sortie": -1}}, {"type": "Feature", "geometry": {"type": "LineString", "coordinates": [[-160.203066, 21.779225], [-160.202974, 21.779252], [-160.202881, 21.779278], [-160.202789, 21.779305], [-160.202696, 21.779332], [-160.202604, 21.779358], [-160.202626, 21.77943], [-160.20267, 21.779511], [-160.202632, 21.779526], [-160.20254, 21.779498], [-160.202448, 21.77947], [-160.202373, 21.779488], [-160.20232, 21.779563], [-160.202267, 21.779639], [-160.202214, 21.779714], [-160.202161, 21.77979], [-160.202108, 21.779865], [-160.202055, 21.779941], [-160.20201, 21.780019], [-160.201994, 21.780108]]}, "properties": {"seg_id": 222, "ring_id": 0, "i0": 4440, "i1": 4460, "length_m": 200.0, "score": -1.1903917466177407, "bay": 0.3701352894306183, "exposure": 0.17510185269112713, "strip_m": 59.0, "cx": 375682.330699203, "cy": 2408912.3675033366, "selected": false, "order": -1, "sortie": -1}}, {"type": "Feature", "geometry": {"type": "LineString", "coordinates": [[-160.201977, 21.780197], [-160.20196, 21.780286], [-160.201944, 21.780375], [-160.201927, 21.780464], [-160.201911, 21.780553], [-160.201894, 21.780642], [-160.201878, 21.780731], [-160.201861, 21.78082], [-160.201845, 21.780909], [-160.201825, 21.780996], [-160.201739, 21.781037], [-160.201652, 21.781078], [-160.201566, 21.781119], [-160.20148, 21.78116], [-160.201436, 21.781229], [-160.201423, 21.781319], [-160.20141, 21.781408], [-160.201397, 21.781498], [-160.201384, 21.781587], [-160.201371, 21.781677]]}, "properties": {"seg_id": 223, "ring_id": 0, "i0": 4460, "i1": 4480, "length_m": 200.0, "score": 0.2687280561451563, "bay": 0.4812174841761589, "exposure": 0.5916686807188142, "strip_m": 35.5, "cx": 375763.8933451799, "cy": 2409065.4881886183, "selected": false, "order": -1, "sortie": -1}}, {"type": "Feature", "geometry": {"type": "LineString", "coordinates": [[-160.201358, 21.781766], [-160.201345, 21.781856], [-160.201333, 21.781945], [-160.20132, 21.782035], [-160.201307, 21.782124], [-160.201294, 21.782214], [-160.201281, 21.782303], [-160.201268, 21.782393], [-160.201235, 21.782474], [-160.201175, 21.782545], [-160.201115, 21.782616], [-160.201055, 21.782687], [-160.200995, 21.782758], [-160.200936, 21.782829], [-160.200876, 21.7829], [-160.200816, 21.782971], [-160.200756, 21.783042], [-160.200696, 21.783113], [-160.200636, 21.783184], [-160.200577, 21.783255]]}, "properties": {"seg_id": 224, "ring_id": 0, "i0": 4480, "i1": 4500, "length_m": 200.0, "score": 1.13668834403386, "bay": 0.577575446665287, "exposure": 0.5359757116502639, "strip_m": 14.0, "cx": 375829.9343968059, "cy": 2409241.68714832, "selected": true, "order": 147, "sortie": 11}}, {"type": "Feature", "geometry": {"type": "LineString", "coordinates": [[-160.200517, 21.783326], [-160.200438, 21.783332], [-160.200348, 21.783299], [-160.200258, 21.783266], [-160.200168, 21.783233], [-160.200078, 21.7832], [-160.200004, 21.783197], [-160.199981, 21.783284], [-160.199958, 21.783372], [-160.199936, 21.78346], [-160.199913, 21.783548], [-160.19989, 21.783636], [-160.199867, 21.783723], [-160.199845, 21.783811], [-160.199822, 21.783899], [-160.199738, 21.783943], [-160.199653, 21.783986], [-160.199568, 21.78403], [-160.199483, 21.784073], [-160.199398, 21.784116]]}, "properties": {"seg_id": 225, "ring_id": 0, "i0": 4500, "i1": 4520, "length_m": 200.0, "score": 0.35107314645645454, "bay": 0.5099896028637886, "exposure": 0.08950943628346045, "strip_m": 26.5, "cx": 375947.1993541271, "cy": 2409355.4795893207, "selected": false, "order": -1, "sortie": -1}}, {"type": "Feature", "geometry": {"type": "LineString", "coordinates": [[-160.199314, 21.78416], [-160.199229, 21.784203], [-160.199144, 21.784247], [-160.199059, 21.78429], [-160.198974, 21.784334], [-160.19889, 21.784377], [-160.198805, 21.784421], [-160.19872, 21.784464], [-160.198635, 21.784507], [-160.198567, 21.784561], [-160.198554, 21.784651], [-160.198541, 21.784741], [-160.198528, 21.78483], [-160.198515, 21.78492], [-160.198502, 21.785009], [-160.198489, 21.785099], [-160.198476, 21.785188], [-160.198463, 21.785278], [-160.19845, 21.785367], [-160.198438, 21.785457]]}, "properties": {"seg_id": 226, "ring_id": 0, "i0": 4520, "i1": 4540, "length_m": 200.0, "score": -0.983731570776543, "bay": 0.37346514463424685, "exposure": 0.4110713243407275, "strip_m": 26.0, "cx": 376075.16815467377, "cy": 2409478.2985155447, "selected": false, "order": -1, "sortie": -1}}, {"type": "Feature", "geometry": {"type": "LineString", "coordinates": [[-160.198425, 21.785546], [-160.198412, 21.785636], [-160.198399, 21.785725], [-160.198395, 21.785808], [-160.198492, 21.785817], [-160.198588, 21.785826], [-160.198684, 21.785836], [-160.19878, 21.785845], [-160.198876, 21.785854], [-160.198973, 21.785863], [-160.199069, 21.785873], [-160.199165, 21.785882], [-160.19926, 21.785893], [-160.199329, 21.785956], [-160.199398, 21.78602], [-160.199467, 21.786083], [-160.199536, 21.786146], [-160.199605, 21.78621], [-160.199683, 21.78626], [-160.199775, 21.786287]]}, "properties": {"seg_id": 227, "ring_id": 0, "i0": 4540, "i1": 4560, "length_m": 200.0, "score": -1.2211005588903048, "bay": 0.3852237343788147, "exposure": 0.7659230527053575, "strip_m": 2.0, "cx": 376045.1064786423, "cy": 2409612.8317211303, "selected": false, "order": -1, "sortie": -1}}, {"type": "Feature", "geometry": {"type": "LineString", "coordinates": [[-160.199867, 21.786314], [-160.19996, 21.78634], [-160.200052, 21.786367], [-160.200144, 21.786394], [-160.200236, 21.786421], [-160.200329, 21.786448], [-160.200421, 21.786475], [-160.200513, 21.786502], [-160.200606, 21.786529], [-160.200698, 21.786556], [-160.20079, 21.786583], [-160.200883, 21.78661], [-160.200975, 21.786637], [-160.201067, 21.786664], [-160.20116, 21.786691], [-160.201252, 21.786718], [-160.201344, 21.786745], [-160.201436, 21.786772], [-160.201529, 21.786799], [-160.201621, 21.786826]]}, "properties": {"seg_id": 228, "ring_id": 0, "i0": 4560, "i1": 4580, "length_m": 200.0, "score": 0.04625425116732203, "bay": 0.4967221707105637, "exposure": 0.7410260046716634, "strip_m": 0.0, "cx": 375866.9416996545, "cy": 2409686.3401679685, "selected": false, "order": -1, "sortie": -1}}, {"type": "Feature", "geometry": {"type": "LineString", "coordinates": [[-160.201713, 21.786853], [-160.201806, 21.78688], [-160.201898, 21.786907], [-160.20199, 21.786934], [-160.202083, 21.786961], [-160.202175, 21.786988], [-160.202267, 21.787015], [-160.20236, 21.787042], [-160.202436, 21.787097], [-160.202512, 21.787152], [-160.202588, 21.787208], [-160.202664, 21.787264], [-160.20274, 21.78732], [-160.202816, 21.787376], [-160.202854, 21.787451], [-160.202863, 21.787541], [-160.202872, 21.787631], [-160.202881, 21.787721], [-160.202889, 21.787811], [-160.202898, 21.787901]]}, "properties": {"seg_id": 229, "ring_id": 0, "i0": 4580, "i1": 4600, "length_m": 200.0, "score": 2.0610299678178468, "bay": 0.6344953224062919, "exposure": 0.8581751333905977, "strip_m": 17.0, "cx": 375689.5840748157, "cy": 2409763.3184005176, "selected": true, "order": 0, "sortie": 0}}, {"type": "Feature", "geometry": {"type": "LineString", "coordinates": [[-160.202907, 21.787991], [-160.202916, 21.788081], [-160.202925, 21.788171], [-160.202933, 21.788261], [-160.202942, 21.788351], [-160.202951, 21.788441], [-160.202926, 21.788522], [-160.202871, 21.788596], [-160.202815, 21.78867], [-160.202759, 21.788744], [-160.202704, 21.788818], [-160.202648, 21.788892], [-160.202593, 21.788966], [-160.202537, 21.78904], [-160.202481, 21.789113], [-160.202388, 21.78912], [-160.202291, 21.789121], [-160.202195, 21.789122], [-160.202098, 21.789122], [-160.202001, 21.789123]]}, "properties": {"seg_id": 230, "ring_id": 0, "i0": 4600, "i1": 4620, "length_m": 200.0, "score": 1.8869692230876498, "bay": 0.6009885594248772, "exposure": 0.330618010999861, "strip_m": 61.5, "cx": 375672.3585819473, "cy": 2409925.141650679, "selected": true, "order": 1, "sortie": 0}}, {"type": "Feature", "geometry": {"type": "LineString", "coordinates": [[-160.201926, 21.789177], [-160.201852, 21.789235], [-160.201778, 21.789293], [-160.201704, 21.789352], [-160.20163, 21.78941], [-160.201556, 21.789468], [-160.201483, 21.789527], [-160.201416, 21.789589], [-160.201412, 21.789679], [-160.201408, 21.789769], [-160.201404, 21.789859], [-160.2014, 21.78995], [-160.201396, 21.79004], [-160.201392, 21.79013], [-160.201388, 21.79022], [-160.201384, 21.790311], [-160.20138, 21.790401], [-160.201375, 21.790491], [-160.201371, 21.790581], [-160.201367, 21.790672]]}, "properties": {"seg_id": 231, "ring_id": 0, "i0": 4620, "i1": 4640, "length_m": 200.0, "score": -0.06847813515655399, "bay": 0.4052549511194229, "exposure": 0.593753433856752, "strip_m": 123.5, "cx": 375791.51592268114, "cy": 2410050.9261056664, "selected": false, "order": -1, "sortie": -1}}, {"type": "Feature", "geometry": {"type": "LineString", "coordinates": [[-160.201363, 21.790762], [-160.201359, 21.790852], [-160.201355, 21.790942], [-160.201351, 21.791033], [-160.201347, 21.791123], [-160.201343, 21.791213], [-160.201339, 21.791303], [-160.201338, 21.791393], [-160.201369, 21.791479], [-160.2014, 21.791564], [-160.201432, 21.79165], [-160.201463, 21.791735], [-160.201494, 21.791821], [-160.201525, 21.791906], [-160.201472, 21.791965], [-160.201392, 21.792016], [-160.201312, 21.792067], [-160.201247, 21.792123], [-160.201264, 21.792212], [-160.20128, 21.792301]]}, "properties": {"seg_id": 232, "ring_id": 0, "i0": 4640, "i1": 4660, "length_m": 200.0, "score": 1.6378040377185523, "bay": 0.5248699307441711, "exposure": 0.7718623621471963, "strip_m": 161.0, "cx": 375806.3134495941, "cy": 2410240.707410585, "selected": true, "order": 2, "sortie": 0}}, {"type": "Feature", "geometry": {"type": "LineString", "coordinates": [[-160.201297, 21.79239], [-160.201313, 21.792479], [-160.20133, 21.792568], [-160.201339, 21.792653], [-160.20125, 21.792687], [-160.20116, 21.792722], [-160.201071, 21.792756], [-160.200981, 21.79279], [-160.200892, 21.792824], [-160.200841, 21.792893], [-160.200807, 21.792978], [-160.200774, 21.793063], [-160.200741, 21.793147], [-160.200708, 21.793232], [-160.200674, 21.793317], [-160.200641, 21.793402], [-160.200608, 21.793487], [-160.200567, 21.793564], [-160.200475, 21.793593], [-160.200383, 21.793622]]}, "properties": {"seg_id": 233, "ring_id": 0, "i0": 4660, "i1": 4680, "length_m": 200.0, "score": 0.929100000297397, "bay": 0.5037460997700691, "exposure": 0.3767279471637041, "strip_m": 134.0, "cx": 375857.13273851725, "cy": 2410399.218986546, "selected": true, "order": 3, "sortie": 0}}, {"type": "Feature", "geometry": {"type": "LineString", "coordinates": [[-160.200292, 21.793651], [-160.200375, 21.793691], [-160.200462, 21.793731], [-160.200434, 21.793789], [-160.200366, 21.793853], [-160.200298, 21.793918], [-160.200293, 21.794006], [-160.200294, 21.794096], [-160.200294, 21.794186], [-160.200295, 21.794277], [-160.200384, 21.794284], [-160.20048, 21.794283], [-160.200468, 21.794363], [-160.200445, 21.794451], [-160.200422, 21.794539], [-160.2004, 21.794627], [-160.200377, 21.794714], [-160.200354, 21.794802], [-160.200332, 21.79489], [-160.200309, 21.794978]]}, "properties": {"seg_id": 234, "ring_id": 0, "i0": 4680, "i1": 4700, "length_m": 200.0, "score": 0.9001405281132426, "bay": 0.48834547996520994, "exposure": 0.7270492816645231, "strip_m": 176.5, "cx": 375912.38344708085, "cy": 2410536.9593257443, "selected": true, "order": 4, "sortie": 0}}, {"type": "Feature", "geometry": {"type": "LineString", "coordinates": [[-160.200248, 21.795041], [-160.200168, 21.795092], [-160.200088, 21.795142], [-160.20001, 21.795195], [-160.199976, 21.795279], [-160.199942, 21.795364], [-160.199907, 21.795448], [-160.199873, 21.795533], [-160.199839, 21.795617], [-160.199804, 21.795702], [-160.19977, 21.795786], [-160.199736, 21.795871], [-160.199701, 21.795955], [-160.199667, 21.796039], [-160.199633, 21.796124], [-160.199598, 21.796208], [-160.199564, 21.796293], [-160.19953, 21.796377], [-160.199495, 21.796462], [-160.199461, 21.796546]]}, "properties": {"seg_id": 235, "ring_id": 0, "i0": 4700, "i1": 4720, "length_m": 200.0, "score": 0.5579763855460325, "bay": 0.5063475623726845, "exposure": 0.536054125040062, "strip_m": 49.0, "cx": 375972.4176416559, "cy": 2410702.253063512, "selected": false, "order": -1, "sortie": -1}}, {"type": "Feature", "geometry": {"type": "LineString", "coordinates": [[-160.199426, 21.796631], [-160.199392, 21.796715], [-160.199358, 21.796799], [-160.199293, 21.796863], [-160.199218, 21.79692], [-160.199143, 21.796977], [-160.199068, 21.797034], [-160.198993, 21.797091], [-160.198918, 21.797148], [-160.198865, 21.797216], [-160.198853, 21.797306], [-160.198842, 21.797396], [-160.198831, 21.797486], [-160.19882, 21.797575], [-160.198808, 21.797665], [-160.198797, 21.797755], [-160.198786, 21.797844], [-160.198752, 21.797917], [-160.19866, 21.797946], [-160.198569, 21.797976]]}, "properties": {"seg_id": 236, "ring_id": 0, "i0": 4720, "i1": 4740, "length_m": 200.0, "score": 1.0055571185690626, "bay": 0.5206035435199737, "exposure": 0.4374456172234652, "strip_m": 120.5, "cx": 376059.66366102314, "cy": 2410874.210294018, "selected": true, "order": 5, "sortie": 0}}, {"type": "Feature", "geometry": {"type": "LineString", "coordinates": [[-160.198484, 21.798011], [-160.198449, 21.798096], [-160.198414, 21.79818], [-160.198378, 21.798264], [-160.198343, 21.798348], [-160.198308, 21.798432], [-160.198228, 21.798455], [-160.198131, 21.798455], [-160.198034, 21.798456], [-160.197992, 21.798521], [-160.197969, 21.798609], [-160.197946, 21.798697], [-160.197924, 21.798784], [-160.197856, 21.798819], [-160.197759, 21.79882], [-160.197662, 21.79882], [-160.197565, 21.798821], [-160.197514, 21.798875], [-160.197491, 21.798963], [-160.197469, 21.799051]]}, "properties": {"seg_id": 237, "ring_id": 0, "i0": 4740, "i1": 4760, "length_m": 200.0, "score": 0.899411734423143, "bay": 0.5495837762951851, "exposure": 0.2532423448159661, "strip_m": 55.0, "cx": 376161.420246095, "cy": 2411012.9851079797, "selected": true, "order": 6, "sortie": 0}}, {"type": "Feature", "geometry": {"type": "LineString", "coordinates": [[-160.197446, 21.799138], [-160.197387, 21.799184], [-160.19729, 21.799184], [-160.197193, 21.799185], [-160.197097, 21.799186], [-160.197, 21.799186], [-160.196903, 21.799187], [-160.196833, 21.799227], [-160.19679, 21.799308], [-160.196748, 21.799389], [-160.196705, 21.79947], [-160.196662, 21.79955], [-160.196565, 21.799551], [-160.196468, 21.799552], [-160.196372, 21.799552], [-160.196275, 21.799553], [-160.19618, 21.799555], [-160.19619, 21.799645], [-160.196201, 21.799735], [-160.196211, 21.799825]]}, "properties": {"seg_id": 238, "ring_id": 0, "i0": 4760, "i1": 4780, "length_m": 200.0, "score": 0.13135453437098235, "bay": 0.44869927912950514, "exposure": 0.05251526649949969, "strip_m": 180.0, "cx": 376293.4277423934, "cy": 2411104.331128491, "selected": false, "order": -1, "sortie": -1}}, {"type": "Feature", "geometry": {"type": "LineString", "coordinates": [[-160.196221, 21.799914], [-160.196232, 21.800004], [-160.196242, 21.800094], [-160.196253, 21.800184], [-160.196263, 21.800274], [-160.196273, 21.800363], [-160.196284, 21.800453], [-160.196195, 21.800429], [-160.196103, 21.800401], [-160.196011, 21.800373], [-160.195919, 21.800345], [-160.195827, 21.800318], [-160.195735, 21.80029], [-160.195675, 21.800332], [-160.195632, 21.800413], [-160.19559, 21.800494], [-160.195547, 21.800575], [-160.195495, 21.800643], [-160.195398, 21.800643], [-160.195302, 21.800644]]}, "properties": {"seg_id": 239, "ring_id": 0, "i0": 4780, "i1": 4800, "length_m": 200.0, "score": 0.900230748066224, "bay": 0.5149843990802765, "exposure": 0.11989004690575858, "strip_m": 185.0, "cx": 376378.59783850994, "cy": 2411208.9828971503, "selected": true, "order": 7, "sortie": 0}}, {"type": "Feature", "geometry": {"type": "LineString", "coordinates": [[-160.195205, 21.800645], [-160.195125, 21.800661], [-160.195126, 21.800751], [-160.195126, 21.800841], [-160.195127, 21.800932], [-160.195128, 21.801022], [-160.195129, 21.801112], [-160.195129, 21.801203], [-160.19513, 21.801293], [-160.195116, 21.801375], [-160.19503, 21.801416], [-160.194944, 21.801457], [-160.194858, 21.801498], [-160.194771, 21.801539], [-160.194746, 21.801614], [-160.194747, 21.801705], [-160.194747, 21.801795], [-160.194748, 21.801885], [-160.194697, 21.801953], [-160.194623, 21.802012]]}, "properties": {"seg_id": 240, "ring_id": 0, "i0": 4800, "i1": 4820, "length_m": 200.0, "score": 0.5258121796560035, "bay": 0.47330905944108964, "exposure": 0.5089939471329626, "strip_m": 161.5, "cx": 376477.36042059335, "cy": 2411316.2751990375, "selected": false, "order": -1, "sortie": -1}}, {"type": "Feature", "geometry": {"type": "LineString", "coordinates": [[-160.194549, 21.80207], [-160.194475, 21.802129], [-160.194402, 21.802187], [-160.194328, 21.802245], [-160.194254, 21.802304], [-160.19418, 21.802362], [-160.194172, 21.802449], [-160.194173, 21.802539], [-160.194174, 21.802629], [-160.194175, 21.80272], [-160.194089, 21.80273], [-160.193992, 21.802731], [-160.193895, 21.802732], [-160.193799, 21.802733], [-160.193702, 21.802733], [-160.193631, 21.80279], [-160.193563, 21.802855], [-160.193495, 21.802919], [-160.193427, 21.802984], [-160.193359, 21.803048]]}, "properties": {"seg_id": 241, "ring_id": 0, "i0": 4820, "i1": 4840, "length_m": 200.0, "score": 0.7702429735608588, "bay": 0.49859522134065626, "exposure": 0.17431101215221856, "strip_m": 130.0, "cx": 376578.80848687014, "cy": 2411454.867385976, "selected": true, "order": 8, "sortie": 0}}, {"type": "Feature", "geometry": {"type": "LineString", "coordinates": [[-160.193297, 21.803116], [-160.193255, 21.803197], [-160.193212, 21.803278], [-160.19317, 21.803359], [-160.193127, 21.803441], [-160.193132, 21.803527], [-160.193151, 21.803616], [-160.193171, 21.803704], [-160.193191, 21.803793], [-160.193211, 21.803881], [-160.193153, 21.803912], [-160.193057, 21.803912], [-160.19296, 21.803913], [-160.192863, 21.803914], [-160.192766, 21.803914], [-160.19267, 21.803915], [-160.192573, 21.803916], [-160.192476, 21.803916], [-160.192454, 21.803975], [-160.192471, 21.804064]]}, "properties": {"seg_id": 242, "ring_id": 0, "i0": 4840, "i1": 4860, "length_m": 200.0, "score": 0.08964616193323449, "bay": 0.43387097120285034, "exposure": 0.28572995633379916, "strip_m": 102.5, "cx": 376685.59304952197, "cy": 2411577.8993336437, "selected": false, "order": -1, "sortie": -1}}, {"type": "Feature", "geometry": {"type": "LineString", "coordinates": [[-160.192488, 21.804153], [-160.192504, 21.804242], [-160.192521, 21.804331], [-160.192538, 21.80442], [-160.192554, 21.804509], [-160.192571, 21.804598], [-160.192588, 21.804687], [-160.192604, 21.804776], [-160.192621, 21.804865], [-160.192637, 21.804954], [-160.192694, 21.804999], [-160.19279, 21.804998], [-160.192887, 21.804997], [-160.192984, 21.804997], [-160.193022, 21.80504], [-160.192999, 21.805128], [-160.192976, 21.805215], [-160.192953, 21.805303], [-160.192971, 21.805343], [-160.193057, 21.805302]]}, "properties": {"seg_id": 243, "ring_id": 0, "i0": 4860, "i1": 4880, "length_m": 200.0, "score": -0.20608651872589578, "bay": 0.40036419928073885, "exposure": 0.786348450657101, "strip_m": 89.5, "cx": 376709.31222958537, "cy": 2411702.7958931644, "selected": false, "order": -1, "sortie": -1}}, {"type": "Feature", "geometry": {"type": "LineString", "coordinates": [[-160.193143, 21.805273], [-160.193226, 21.805319], [-160.19331, 21.805365], [-160.193393, 21.805411], [-160.193476, 21.805456], [-160.19356, 21.805502], [-160.193597, 21.805554], [-160.193529, 21.805618], [-160.193461, 21.805683], [-160.193437, 21.805758], [-160.193461, 21.805845], [-160.193486, 21.805933], [-160.19351, 21.80602], [-160.193534, 21.806108], [-160.193558, 21.806195], [-160.193582, 21.806283], [-160.193607, 21.80637], [-160.193646, 21.806444], [-160.193738, 21.806472], [-160.19383, 21.8065]]}, "properties": {"seg_id": 244, "ring_id": 0, "i0": 4880, "i1": 4900, "length_m": 200.0, "score": 1.0696649546573982, "bay": 0.5111862704157829, "exposure": 0.8267257176247907, "strip_m": 77.5, "cx": 376631.9953745521, "cy": 2411815.466237826, "selected": true, "order": 9, "sortie": 0}}, {"type": "Feature", "geometry": {"type": "LineString", "coordinates": [[-160.193922, 21.806528], [-160.194014, 21.806555], [-160.194106, 21.806583], [-160.194198, 21.806611], [-160.194203, 21.806696], [-160.194198, 21.806786], [-160.194194, 21.806876], [-160.194189, 21.806966], [-160.194184, 21.807057], [-160.19418, 21.807147], [-160.194175, 21.807237], [-160.194171, 21.807327], [-160.194166, 21.807417], [-160.194161, 21.807508], [-160.194157, 21.807598], [-160.194152, 21.807688], [-160.194147, 21.807778], [-160.194143, 21.807869], [-160.194138, 21.807959], [-160.194134, 21.808049]]}, "properties": {"seg_id": 245, "ring_id": 0, "i0": 4900, "i1": 4920, "length_m": 200.0, "score": 2.054008920418927, "bay": 0.5649843916296959, "exposure": 0.8325132945587121, "strip_m": 143.5, "cx": 376566.7552373932, "cy": 2411966.132845757, "selected": true, "order": 10, "sortie": 0}}, {"type": "Feature", "geometry": {"type": "LineString", "coordinates": [[-160.194129, 21.808139], [-160.194124, 21.808229], [-160.194076, 21.808306], [-160.194022, 21.808381], [-160.193968, 21.808456], [-160.193914, 21.808531], [-160.193859, 21.808606], [-160.193805, 21.80868], [-160.193751, 21.808755], [-160.193697, 21.80883], [-160.193643, 21.808905], [-160.193589, 21.80898], [-160.193534, 21.809054], [-160.19348, 21.809129], [-160.193426, 21.809204], [-160.193372, 21.809279], [-160.193318, 21.809354], [-160.193263, 21.809429], [-160.193209, 21.809503], [-160.193155, 21.809578]]}, "properties": {"seg_id": 246, "ring_id": 0, "i0": 4920, "i1": 4940, "length_m": 200.0, "score": 1.7982092869923414, "bay": 0.5573881432414055, "exposure": 0.46479643750844774, "strip_m": 155.0, "cx": 376617.78083708126, "cy": 2412148.928395162, "selected": true, "order": 11, "sortie": 0}}, {"type": "Feature", "geometry": {"type": "LineString", "coordinates": [[-160.193101, 21.809653], [-160.193035, 21.809717], [-160.192955, 21.809768], [-160.192875, 21.809818], [-160.192795, 21.809869], [-160.192715, 21.80992], [-160.192634, 21.80997], [-160.192554, 21.810021], [-160.19249, 21.810081], [-160.192472, 21.81017], [-160.192453, 21.810259], [-160.192435, 21.810347], [-160.192417, 21.810436], [-160.192387, 21.810515], [-160.192294, 21.810537], [-160.1922, 21.81056], [-160.192106, 21.810582], [-160.192013, 21.810605], [-160.191919, 21.810628], [-160.191825, 21.81065]]}, "properties": {"seg_id": 247, "ring_id": 0, "i0": 4940, "i1": 4960, "length_m": 200.0, "score": 0.5093389254618611, "bay": 0.49318418502807615, "exposure": 0.15094457547127652, "strip_m": 113.0, "cx": 376741.2307583323, "cy": 2412296.1894862475, "selected": false, "order": -1, "sortie": -1}}, {"type": "Feature", "geometry": {"type": "LineString", "coordinates": [[-160.191732, 21.810673], [-160.191638, 21.810695], [-160.191657, 21.810775], [-160.191689, 21.81086], [-160.19172, 21.810946], [-160.191751, 21.811031], [-160.191783, 21.811117], [-160.191814, 21.811202], [-160.191791, 21.811278], [-160.191728, 21.811347], [-160.191666, 21.811416], [-160.191604, 21.811485], [-160.191541, 21.811554], [-160.191479, 21.811623], [-160.191416, 21.811692], [-160.191354, 21.811761], [-160.191292, 21.81183], [-160.191277, 21.811897], [-160.191346, 21.811961], [-160.191415, 21.812024]]}, "properties": {"seg_id": 248, "ring_id": 0, "i0": 4960, "i1": 4980, "length_m": 200.0, "score": 0.5000699469477332, "bay": 0.4339750289916992, "exposure": 0.6102163433890611, "strip_m": 206.0, "cx": 376835.16319341684, "cy": 2412423.1398819825, "selected": false, "order": -1, "sortie": -1}}, {"type": "Feature", "geometry": {"type": "LineString", "coordinates": [[-160.191483, 21.812088], [-160.191542, 21.812154], [-160.191527, 21.812243], [-160.191512, 21.812332], [-160.191497, 21.812422], [-160.191482, 21.812511], [-160.191467, 21.8126], [-160.19145, 21.812689], [-160.191401, 21.812767], [-160.191352, 21.812845], [-160.191303, 21.812922], [-160.191254, 21.813], [-160.191205, 21.813078], [-160.191146, 21.81314], [-160.191049, 21.813141], [-160.190952, 21.813141], [-160.190878, 21.81316], [-160.190891, 21.81325], [-160.190903, 21.813339], [-160.190916, 21.813429]]}, "properties": {"seg_id": 249, "ring_id": 0, "i0": 4980, "i1": 5000, "length_m": 200.0, "score": 0.7474902959853382, "bay": 0.5173257067799568, "exposure": 0.552102206032752, "strip_m": 63.0, "cx": 376869.9005937861, "cy": 2412583.8415864655, "selected": true, "order": 12, "sortie": 0}}, {"type": "Feature", "geometry": {"type": "LineString", "coordinates": [[-160.190929, 21.813518], [-160.190942, 21.813608], [-160.190954, 21.813698], [-160.190967, 21.813787], [-160.19097, 21.813874], [-160.19091, 21.813945], [-160.19085, 21.814016], [-160.19079, 21.814087], [-160.19073, 21.814158], [-160.19067, 21.814229], [-160.19061, 21.8143], [-160.190618, 21.814382], [-160.190649, 21.814467], [-160.190681, 21.814552], [-160.190669, 21.814635], [-160.190627, 21.814717], [-160.190584, 21.814798], [-160.190541, 21.814879], [-160.190499, 21.81496], [-160.190456, 21.815041]]}, "properties": {"seg_id": 250, "ring_id": 0, "i0": 5000, "i1": 5020, "length_m": 200.0, "score": 1.0598047687882037, "bay": 0.5203954219818115, "exposure": 0.6538132020582229, "strip_m": 98.0, "cx": 376925.7584457908, "cy": 2412746.140173621, "selected": true, "order": 13, "sortie": 0}}, {"type": "Feature", "geometry": {"type": "LineString", "coordinates": [[-160.190414, 21.815122], [-160.190327, 21.815152], [-160.190233, 21.815175], [-160.190139, 21.815197], [-160.190046, 21.81522], [-160.19003, 21.815293], [-160.190042, 21.815382], [-160.190053, 21.815472], [-160.190065, 21.815562], [-160.190076, 21.815651], [-160.190088, 21.815741], [-160.190099, 21.815831], [-160.19011, 21.815921], [-160.190122, 21.81601], [-160.190062, 21.816058], [-160.189971, 21.816087], [-160.189879, 21.816117], [-160.189872, 21.816164], [-160.189941, 21.816227], [-160.19001, 21.816291]]}, "properties": {"seg_id": 251, "ring_id": 0, "i0": 5020, "i1": 5040, "length_m": 200.0, "score": 0.9998943009659575, "bay": 0.5122788771986961, "exposure": 0.5222848148197825, "strip_m": 98.0, "cx": 376994.49290285405, "cy": 2412900.7371831625, "selected": true, "order": 14, "sortie": 0}}, {"type": "Feature", "geometry": {"type": "LineString", "coordinates": [[-160.189982, 21.816353], [-160.189911, 21.816415], [-160.189841, 21.816477], [-160.18977, 21.816539], [-160.1897, 21.816601], [-160.18963, 21.816663], [-160.189559, 21.816725], [-160.189489, 21.816787], [-160.189419, 21.816849], [-160.189348, 21.816911], [-160.189278, 21.816973], [-160.189207, 21.817035], [-160.189137, 21.817097], [-160.189067, 21.817159], [-160.188996, 21.817221], [-160.188926, 21.817283], [-160.188856, 21.817345], [-160.188785, 21.817407], [-160.188715, 21.817469], [-160.188687, 21.817547]]}, "properties": {"seg_id": 252, "ring_id": 0, "i0": 5040, "i1": 5060, "length_m": 200.0, "score": 0.9772642637737778, "bay": 0.5119667097926139, "exposure": 0.2700494454018473, "strip_m": 95.5, "cx": 377074.52347093704, "cy": 2413039.497631542, "selected": true, "order": 15, "sortie": 0}}, {"type": "Feature", "geometry": {"type": "LineString", "coordinates": [[-160.188687, 21.817638], [-160.188688, 21.817728], [-160.188641, 21.817795], [-160.188561, 21.817846], [-160.188481, 21.817896], [-160.188401, 21.817947], [-160.188431, 21.818032], [-160.188462, 21.818117], [-160.188493, 21.818203], [-160.188438, 21.818266], [-160.188364, 21.818324], [-160.18829, 21.818383], [-160.188216, 21.818441], [-160.188142, 21.818499], [-160.188069, 21.818558], [-160.187995, 21.818616], [-160.187922, 21.818675], [-160.187904, 21.818764], [-160.187885, 21.818852], [-160.187867, 21.818941]]}, "properties": {"seg_id": 253, "ring_id": 0, "i0": 5060, "i1": 5080, "length_m": 200.0, "score": 0.9084737323287442, "bay": 0.4943288266658783, "exposure": 0.4673889515720058, "strip_m": 106.0, "cx": 377180.92599622585, "cy": 2413186.296865126, "selected": true, "order": 16, "sortie": 0}}, {"type": "Feature", "geometry": {"type": "LineString", "coordinates": [[-160.187849, 21.81903], [-160.187831, 21.819119], [-160.187742, 21.819143], [-160.187647, 21.819161], [-160.187553, 21.81918], [-160.187458, 21.819198], [-160.187363, 21.819216], [-160.187311, 21.819286], [-160.187269, 21.819367], [-160.187226, 21.819448], [-160.187183, 21.819529], [-160.187168, 21.819611], [-160.187205, 21.819695], [-160.187242, 21.819779], [-160.187278, 21.819862], [-160.187315, 21.819946], [-160.187351, 21.820029], [-160.18727, 21.820072], [-160.187184, 21.820113], [-160.187098, 21.820154]]}, "properties": {"seg_id": 254, "ring_id": 0, "i0": 5080, "i1": 5100, "length_m": 200.0, "score": -0.11122204239721274, "bay": 0.42471384406089785, "exposure": 0.3741127550085209, "strip_m": 146.0, "cx": 377277.0712141585, "cy": 2413326.2501023, "selected": false, "order": -1, "sortie": -1}}, {"type": "Feature", "geometry": {"type": "LineString", "coordinates": [[-160.187011, 21.820195], [-160.187014, 21.820224], [-160.187109, 21.820241], [-160.187204, 21.820259], [-160.187299, 21.820276], [-160.187394, 21.820293], [-160.187457, 21.820338], [-160.187472, 21.820427], [-160.187486, 21.820516], [-160.187501, 21.820606], [-160.187515, 21.820695], [-160.18753, 21.820784], [-160.187544, 21.820874], [-160.187529, 21.820952], [-160.187452, 21.821007], [-160.187375, 21.821062], [-160.187298, 21.821116], [-160.187221, 21.821171], [-160.187179, 21.821236], [-160.18721, 21.821321]]}, "properties": {"seg_id": 255, "ring_id": 0, "i0": 5100, "i1": 5120, "length_m": 200.0, "score": 1.1190468601294086, "bay": 0.5233610883355141, "exposure": 0.6611674449313203, "strip_m": 83.0, "cx": 377281.87073705386, "cy": 2413451.6068579853, "selected": true, "order": 17, "sortie": 1}}, {"type": "Feature", "geometry": {"type": "LineString", "coordinates": [[-160.187242, 21.821407], [-160.18726, 21.821491], [-160.187211, 21.821569], [-160.187162, 21.821646], [-160.187113, 21.821724], [-160.187064, 21.821802], [-160.187015, 21.82188], [-160.186953, 21.821946], [-160.186867, 21.821987], [-160.186781, 21.822028], [-160.186695, 21.822069], [-160.186609, 21.82211], [-160.186597, 21.822193], [-160.186597, 21.822283], [-160.186598, 21.822374], [-160.186599, 21.822464], [-160.1866, 21.822554], [-160.1866, 21.822645], [-160.186601, 21.822735], [-160.186521, 21.822767]]}, "properties": {"seg_id": 256, "ring_id": 0, "i0": 5120, "i1": 5140, "length_m": 200.0, "score": 0.5179256345471213, "bay": 0.5069198802113533, "exposure": 0.4925564909697301, "strip_m": 47.5, "cx": 377335.34815226763, "cy": 2413606.6250305264, "selected": false, "order": -1, "sortie": -1}}, {"type": "Feature", "geometry": {"type": "LineString", "coordinates": [[-160.186428, 21.82279], [-160.186334, 21.822813], [-160.18624, 21.822835], [-160.186216, 21.822907], [-160.186216, 21.822998], [-160.186217, 21.823088], [-160.186218, 21.823178], [-160.186219, 21.823269], [-160.186219, 21.823359], [-160.186188, 21.823442], [-160.186146, 21.823524], [-160.186103, 21.823605], [-160.186061, 21.823686], [-160.186018, 21.823767], [-160.185975, 21.823848], [-160.185933, 21.823929], [-160.18589, 21.82401], [-160.185848, 21.824091], [-160.185764, 21.824123], [-160.185669, 21.824141]]}, "properties": {"seg_id": 257, "ring_id": 0, "i0": 5140, "i1": 5160, "length_m": 200.0, "score": 0.8020130672528263, "bay": 0.5219563022255898, "exposure": 0.4388482136242233, "strip_m": 76.0, "cx": 377412.93344174995, "cy": 2413759.5211788765, "selected": true, "order": 18, "sortie": 1}}, {"type": "Feature", "geometry": {"type": "LineString", "coordinates": [[-160.185575, 21.82416], [-160.18548, 21.824178], [-160.185385, 21.824197], [-160.185343, 21.824263], [-160.185325, 21.824352], [-160.185307, 21.824441], [-160.185288, 21.824529], [-160.18527, 21.824618], [-160.185252, 21.824707], [-160.185234, 21.824796], [-160.185215, 21.824884], [-160.185197, 21.824973], [-160.185179, 21.825062], [-160.185128, 21.825129], [-160.185044, 21.825172], [-160.184959, 21.825216], [-160.184874, 21.82526], [-160.18479, 21.825304], [-160.184705, 21.825348], [-160.184621, 21.825392]]}, "properties": {"seg_id": 258, "ring_id": 0, "i0": 5160, "i1": 5180, "length_m": 200.0, "score": 0.8756060094518094, "bay": 0.5166493281722069, "exposure": 0.33532061259278195, "strip_m": 79.0, "cx": 377510.8760223244, "cy": 2413905.8934200676, "selected": true, "order": 19, "sortie": 1}}, {"type": "Feature", "geometry": {"type": "LineString", "coordinates": [[-160.184536, 21.825436], [-160.184452, 21.825479], [-160.184367, 21.825523], [-160.184282, 21.825567], [-160.184198, 21.825611], [-160.184113, 21.825655], [-160.184077, 21.825738], [-160.184044, 21.825823], [-160.18401, 21.825907], [-160.183976, 21.825992], [-160.183943, 21.826077], [-160.183909, 21.826161], [-160.183875, 21.826246], [-160.183841, 21.82633], [-160.183808, 21.826415], [-160.183774, 21.8265], [-160.18374, 21.826584], [-160.183706, 21.826669], [-160.183673, 21.826754], [-160.183639, 21.826838]]}, "properties": {"seg_id": 259, "ring_id": 0, "i0": 5180, "i1": 5200, "length_m": 200.0, "score": 0.1642433579241055, "bay": 0.4471384033560753, "exposure": 0.4507837515014604, "strip_m": 87.5, "cx": 377631.89602161536, "cy": 2414045.1431074976, "selected": false, "order": -1, "sortie": -1}}, {"type": "Feature", "geometry": {"type": "LineString", "coordinates": [[-160.183605, 21.826923], [-160.183571, 21.827008], [-160.183538, 21.827092], [-160.183504, 21.827177], [-160.18347, 21.827262], [-160.183436, 21.827346], [-160.183403, 21.827431], [-160.183369, 21.827516], [-160.183308, 21.827576], [-160.183218, 21.82761], [-160.183129, 21.827644], [-160.183039, 21.827678], [-160.18295, 21.827713], [-160.182863, 21.82775], [-160.182803, 21.827821], [-160.182744, 21.827892], [-160.182684, 21.827963], [-160.182624, 21.828034], [-160.182564, 21.828105], [-160.182504, 21.828176]]}, "properties": {"seg_id": 260, "ring_id": 0, "i0": 5200, "i1": 5220, "length_m": 200.0, "score": 1.0028744270613061, "bay": 0.5144641026854515, "exposure": 0.3364811085523243, "strip_m": 81.5, "cx": 377724.3398397756, "cy": 2414212.7855668142, "selected": true, "order": 20, "sortie": 1}}, {"type": "Feature", "geometry": {"type": "LineString", "coordinates": [[-160.182444, 21.828247], [-160.182384, 21.828318], [-160.182325, 21.828389], [-160.182265, 21.82846], [-160.182205, 21.828531], [-160.182145, 21.828602], [-160.182103, 21.828679], [-160.182104, 21.828769], [-160.182104, 21.828859], [-160.182105, 21.82895], [-160.182106, 21.82904], [-160.182107, 21.82913], [-160.182085, 21.829211], [-160.18201, 21.829268], [-160.181935, 21.829325], [-160.18186, 21.829382], [-160.181785, 21.829439], [-160.18171, 21.829496], [-160.181635, 21.829553], [-160.181651, 21.829636]]}, "properties": {"seg_id": 261, "ring_id": 0, "i0": 5220, "i1": 5240, "length_m": 200.0, "score": 0.34601375451951133, "bay": 0.4463579669594765, "exposure": 0.5014839851905626, "strip_m": 98.5, "cx": 377835.37867825717, "cy": 2414364.5140721686, "selected": false, "order": -1, "sortie": -1}}, {"type": "Feature", "geometry": {"type": "LineString", "coordinates": [[-160.181678, 21.829723], [-160.181705, 21.829809], [-160.181733, 21.829896], [-160.18176, 21.829983], [-160.181787, 21.830069], [-160.181815, 21.830156], [-160.181799, 21.830239], [-160.181756, 21.83032], [-160.181714, 21.830402], [-160.181671, 21.830483], [-160.181629, 21.830564], [-160.181586, 21.830645], [-160.181543, 21.830726], [-160.181501, 21.830807], [-160.181458, 21.830888], [-160.181416, 21.830969], [-160.181373, 21.83105], [-160.18133, 21.831132], [-160.181288, 21.831213], [-160.18124, 21.83129]]}, "properties": {"seg_id": 262, "ring_id": 0, "i0": 5240, "i1": 5260, "length_m": 200.0, "score": 1.6751842618260713, "bay": 0.5534339264035225, "exposure": 0.6685014693550166, "strip_m": 102.0, "cx": 377884.67034353665, "cy": 2414536.181658428, "selected": true, "order": 21, "sortie": 1}}, {"type": "Feature", "geometry": {"type": "LineString", "coordinates": [[-160.181172, 21.831355], [-160.181105, 21.831419], [-160.181037, 21.831484], [-160.180969, 21.831548], [-160.180901, 21.831612], [-160.180817, 21.831642], [-160.180721, 21.831643], [-160.180624, 21.831644], [-160.180527, 21.831644], [-160.180467, 21.831691], [-160.180437, 21.831777], [-160.180407, 21.831863], [-160.180377, 21.831949], [-160.180347, 21.832035], [-160.180317, 21.832121], [-160.180276, 21.832198], [-160.180193, 21.832245], [-160.180111, 21.832292], [-160.180028, 21.832339], [-160.179946, 21.832386]]}, "properties": {"seg_id": 263, "ring_id": 0, "i0": 5260, "i1": 5280, "length_m": 200.0, "score": 0.4094205942653774, "bay": 0.4920395493507385, "exposure": 0.18015066180477407, "strip_m": 90.5, "cx": 377994.35781525914, "cy": 2414682.1470326604, "selected": false, "order": -1, "sortie": -1}}, {"type": "Feature", "geometry": {"type": "LineString", "coordinates": [[-160.179863, 21.832433], [-160.179808, 21.832497], [-160.179798, 21.832587], [-160.179788, 21.832677], [-160.179778, 21.832766], [-160.179768, 21.832856], [-160.179759, 21.832946], [-160.179749, 21.833036], [-160.179739, 21.833126], [-160.179729, 21.833216], [-160.179702, 21.833299], [-160.179642, 21.83337], [-160.179583, 21.833441], [-160.179523, 21.833512], [-160.179463, 21.833583], [-160.179403, 21.833654], [-160.179343, 21.833725], [-160.179283, 21.833796], [-160.179223, 21.833867], [-160.179164, 21.833938]]}, "properties": {"seg_id": 264, "ring_id": 0, "i0": 5280, "i1": 5300, "length_m": 200.0, "score": 0.599075234092247, "bay": 0.5029656618833542, "exposure": 0.5494877933289656, "strip_m": 37.0, "cx": 378091.9945285934, "cy": 2414833.2971492517, "selected": true, "order": 22, "sortie": 1}}, {"type": "Feature", "geometry": {"type": "LineString", "coordinates": [[-160.179104, 21.834009], [-160.179044, 21.83408], [-160.178984, 21.834151], [-160.178924, 21.834222], [-160.178864, 21.834293], [-160.178804, 21.834364], [-160.178745, 21.834435], [-160.178685, 21.834506], [-160.178625, 21.834577], [-160.178569, 21.83465], [-160.178543, 21.834737], [-160.178517, 21.834824], [-160.178491, 21.834911], [-160.178466, 21.834998], [-160.17844, 21.835085], [-160.178414, 21.835172], [-160.178388, 21.835259], [-160.178335, 21.835333], [-160.178276, 21.835405], [-160.178217, 21.835477]]}, "properties": {"seg_id": 265, "ring_id": 0, "i0": 5300, "i1": 5320, "length_m": 200.0, "score": 0.8557571594953159, "bay": 0.49895942211151123, "exposure": 0.4879156554409442, "strip_m": 55.0, "cx": 378194.94796761766, "cy": 2414999.4427413694, "selected": true, "order": 23, "sortie": 1}}, {"type": "Feature", "geometry": {"type": "LineString", "coordinates": [[-160.178158, 21.835548], [-160.178099, 21.83562], [-160.17804, 21.835692], [-160.177982, 21.835764], [-160.177923, 21.835835], [-160.177864, 21.835907], [-160.177805, 21.835979], [-160.177746, 21.83605], [-160.177671, 21.836091], [-160.177574, 21.836092], [-160.177477, 21.836092], [-160.177381, 21.836093], [-160.17734, 21.836131], [-160.177371, 21.836216], [-160.177403, 21.836302], [-160.177407, 21.836382], [-160.177339, 21.836446], [-160.177271, 21.83651], [-160.177203, 21.836575], [-160.177134, 21.836638]]}, "properties": {"seg_id": 266, "ring_id": 0, "i0": 5320, "i1": 5340, "length_m": 200.0, "score": 0.8236326626644717, "bay": 0.5097814828157425, "exposure": 0.27117243357349724, "strip_m": 106.5, "cx": 378300.7393020181, "cy": 2415150.729328838, "selected": true, "order": 24, "sortie": 1}}, {"type": "Feature", "geometry": {"type": "LineString", "coordinates": [[-160.177041, 21.83666], [-160.176947, 21.836683], [-160.176853, 21.836705], [-160.176759, 21.836728], [-160.176773, 21.83681], [-160.176797, 21.836897], [-160.176821, 21.836984], [-160.176845, 21.837072], [-160.176809, 21.83715], [-160.176756, 21.837226], [-160.176703, 21.837301], [-160.17665, 21.837377], [-160.176597, 21.837452], [-160.176544, 21.837528], [-160.176491, 21.837603], [-160.176438, 21.837679], [-160.176385, 21.837754], [-160.176332, 21.83783], [-160.176278, 21.837905], [-160.176225, 21.837981]]}, "properties": {"seg_id": 267, "ring_id": 0, "i0": 5340, "i1": 5360, "length_m": 200.0, "score": 1.2772597283488327, "bay": 0.523517170548439, "exposure": 0.43323086704795627, "strip_m": 119.0, "cx": 378400.6645032855, "cy": 2415279.2824133825, "selected": true, "order": 25, "sortie": 1}}, {"type": "Feature", "geometry": {"type": "LineString", "coordinates": [[-160.176172, 21.838056], [-160.176119, 21.838132], [-160.176051, 21.838184], [-160.175954, 21.838194], [-160.175858, 21.838204], [-160.175762, 21.838214], [-160.175666, 21.838224], [-160.17557, 21.838234], [-160.175474, 21.838244], [-160.175377, 21.838254], [-160.175281, 21.838264], [-160.175185, 21.838274], [-160.175089, 21.838284], [-160.174993, 21.838294], [-160.174897, 21.838303], [-160.1748, 21.838313], [-160.174704, 21.838323], [-160.174608, 21.838333], [-160.174512, 21.838343], [-160.174416, 21.838353]]}, "properties": {"seg_id": 268, "ring_id": 0, "i0": 5360, "i1": 5380, "length_m": 200.0, "score": 0.6232736125941793, "bay": 0.5163371533155441, "exposure": -0.31704380129081444, "strip_m": 124.0, "cx": 378538.71807227994, "cy": 2415387.2628744775, "selected": true, "order": 26, "sortie": 1}}, {"type": "Feature", "geometry": {"type": "LineString", "coordinates": [[-160.17432, 21.838363], [-160.174224, 21.838373], [-160.174127, 21.838383], [-160.174031, 21.838393], [-160.173935, 21.838403], [-160.173839, 21.838413], [-160.173743, 21.838423], [-160.173647, 21.838433], [-160.17355, 21.838443], [-160.173454, 21.838453], [-160.173358, 21.838463], [-160.173294, 21.838486], [-160.173351, 21.838559], [-160.173408, 21.838633], [-160.173464, 21.838706], [-160.173521, 21.838779], [-160.173578, 21.838852], [-160.173635, 21.838925], [-160.173692, 21.838998], [-160.173749, 21.839071]]}, "properties": {"seg_id": 269, "ring_id": 0, "i0": 5380, "i1": 5400, "length_m": 200.0, "score": -2.310473348524302, "bay": 0.2603017807006836, "exposure": 0.21660342391589887, "strip_m": 75.5, "cx": 378707.30901608325, "cy": 2415422.134224796, "selected": false, "order": -1, "sortie": -1}}, {"type": "Feature", "geometry": {"type": "LineString", "coordinates": [[-160.17383, 21.8391], [-160.173926, 21.839099], [-160.174023, 21.839098], [-160.17412, 21.839097], [-160.174158, 21.839152], [-160.174159, 21.839242], [-160.17416, 21.839333], [-160.174108, 21.839393], [-160.174022, 21.839434], [-160.173975, 21.839493], [-160.173994, 21.839581], [-160.174014, 21.839669], [-160.174034, 21.839758], [-160.174053, 21.839846], [-160.174052, 21.83993], [-160.173992, 21.840001], [-160.173932, 21.840072], [-160.173872, 21.840143], [-160.173812, 21.840214], [-160.173752, 21.840285]]}, "properties": {"seg_id": 270, "ring_id": 0, "i0": 5400, "i1": 5420, "length_m": 200.0, "score": 1.3103984779396531, "bay": 0.5179500579833984, "exposure": 0.6090251365648334, "strip_m": 145.5, "cx": 378676.80833586067, "cy": 2415535.2076556925, "selected": true, "order": 27, "sortie": 1}}, {"type": "Feature", "geometry": {"type": "LineString", "coordinates": [[-160.173692, 21.840356], [-160.173685, 21.840444], [-160.173686, 21.840534], [-160.173687, 21.840624], [-160.173687, 21.840715], [-160.173618, 21.840771], [-160.173538, 21.840821], [-160.173458, 21.840872], [-160.173378, 21.840923], [-160.173298, 21.840973], [-160.173217, 21.841024], [-160.173137, 21.841075], [-160.17311, 21.841151], [-160.173111, 21.841242], [-160.173112, 21.841332], [-160.173113, 21.841422], [-160.173113, 21.841513], [-160.173114, 21.841603], [-160.173062, 21.841667], [-160.172982, 21.841718]]}, "properties": {"seg_id": 271, "ring_id": 0, "i0": 5420, "i1": 5440, "length_m": 200.0, "score": 0.6200508052901577, "bay": 0.4655046910047531, "exposure": 0.48913465076477286, "strip_m": 168.5, "cx": 378746.18667410815, "cy": 2415694.308381549, "selected": true, "order": 28, "sortie": 1}}, {"type": "Feature", "geometry": {"type": "LineString", "coordinates": [[-160.172901, 21.841769], [-160.172828, 21.841821], [-160.172874, 21.8419], [-160.172921, 21.841979], [-160.172967, 21.842058], [-160.173014, 21.842138], [-160.173061, 21.842217], [-160.173107, 21.842296], [-160.173154, 21.842375], [-160.1732, 21.842454], [-160.173247, 21.842534], [-160.173293, 21.842613], [-160.17334, 21.842692], [-160.173386, 21.842771], [-160.173433, 21.84285], [-160.173479, 21.84293], [-160.173488, 21.842998], [-160.173401, 21.843039], [-160.173315, 21.84308], [-160.173229, 21.843121]]}, "properties": {"seg_id": 272, "ring_id": 0, "i0": 5440, "i1": 5460, "length_m": 200.0, "score": 1.179997864182235, "bay": 0.5204474553465843, "exposure": 0.7537410282407955, "strip_m": 139.0, "cx": 378763.72801463894, "cy": 2415853.900540862, "selected": true, "order": 29, "sortie": 1}}, {"type": "Feature", "geometry": {"type": "LineString", "coordinates": [[-160.173143, 21.843162], [-160.173102, 21.84324], [-160.173073, 21.843325], [-160.173043, 21.843411], [-160.173013, 21.843497], [-160.172983, 21.843583], [-160.172953, 21.843669], [-160.172923, 21.843755], [-160.172893, 21.843841], [-160.172863, 21.843927], [-160.172833, 21.844013], [-160.172803, 21.844099], [-160.172774, 21.844185], [-160.172736, 21.844265], [-160.172659, 21.84432], [-160.172582, 21.844375], [-160.172505, 21.84443], [-160.172428, 21.844484], [-160.172364, 21.844545], [-160.172365, 21.844635]]}, "properties": {"seg_id": 273, "ring_id": 0, "i0": 5460, "i1": 5480, "length_m": 200.0, "score": -0.3309850761271801, "bay": 0.45260147005319595, "exposure": 0.5280350754781256, "strip_m": 16.0, "cx": 378804.2293336759, "cy": 2416014.8159046243, "selected": false, "order": -1, "sortie": -1}}, {"type": "Feature", "geometry": {"type": "LineString", "coordinates": [[-160.172381, 21.844708], [-160.172476, 21.844693], [-160.172572, 21.844677], [-160.172667, 21.844661], [-160.172762, 21.844646], [-160.172858, 21.84463], [-160.172943, 21.844623], [-160.172922, 21.844712], [-160.172901, 21.8448], [-160.17288, 21.844888], [-160.172859, 21.844976], [-160.172838, 21.845064], [-160.172817, 21.845152], [-160.172796, 21.845241], [-160.172775, 21.845329], [-160.172754, 21.845417], [-160.172733, 21.845505], [-160.172712, 21.845593], [-160.172691, 21.845681], [-160.17267, 21.84577]]}, "properties": {"seg_id": 274, "ring_id": 0, "i0": 5480, "i1": 5500, "length_m": 200.0, "score": 0.9077160405126558, "bay": 0.5296045824885368, "exposure": 0.6505974152840935, "strip_m": 44.0, "cx": 378810.4736032929, "cy": 2416136.584675229, "selected": true, "order": 30, "sortie": 1}}, {"type": "Feature", "geometry": {"type": "LineString", "coordinates": [[-160.172616, 21.845842], [-160.172552, 21.845909], [-160.172487, 21.845976], [-160.172422, 21.846043], [-160.172357, 21.84611], [-160.172292, 21.846177], [-160.172227, 21.846244], [-160.172163, 21.846312], [-160.172098, 21.846379], [-160.172033, 21.846446], [-160.171968, 21.846513], [-160.171903, 21.84658], [-160.171838, 21.846647], [-160.171773, 21.846714], [-160.171709, 21.846781], [-160.171644, 21.846848], [-160.171566, 21.846894], [-160.171472, 21.846917], [-160.171378, 21.84694], [-160.171285, 21.846962]]}, "properties": {"seg_id": 275, "ring_id": 0, "i0": 5500, "i1": 5520, "length_m": 200.0, "score": 1.0862378429718265, "bay": 0.5174297645688057, "exposure": 0.197941957770795, "strip_m": 161.5, "cx": 378890.3570875383, "cy": 2416293.551526561, "selected": true, "order": 32, "sortie": 1}}, {"type": "Feature", "geometry": {"type": "LineString", "coordinates": [[-160.171217, 21.847007], [-160.1712, 21.847096], [-160.171184, 21.847185], [-160.171167, 21.847274], [-160.171151, 21.847363], [-160.171134, 21.847452], [-160.171118, 21.847541], [-160.171101, 21.84763], [-160.171084, 21.847719], [-160.171068, 21.847808], [-160.171051, 21.847897], [-160.171026, 21.847982], [-160.170959, 21.848047], [-160.170891, 21.848111], [-160.170823, 21.848175], [-160.170755, 21.84824], [-160.170687, 21.848304], [-160.170619, 21.848368], [-160.170551, 21.848433], [-160.170483, 21.848497]]}, "properties": {"seg_id": 276, "ring_id": 0, "i0": 5520, "i1": 5540, "length_m": 200.0, "score": 1.2936853797894208, "bay": 0.5355879411101341, "exposure": 0.532339491313205, "strip_m": 117.0, "cx": 378997.4863764974, "cy": 2416441.6251078043, "selected": true, "order": 31, "sortie": 1}}, {"type": "Feature", "geometry": {"type": "LineString", "coordinates": [[-160.170415, 21.848561], [-160.170347, 21.848626], [-160.17028, 21.84869], [-160.170212, 21.848755], [-160.170144, 21.848819], [-160.170076, 21.848883], [-160.170008, 21.848948], [-160.16994, 21.849012], [-160.169872, 21.849076], [-160.169804, 21.849141], [-160.169715, 21.849167], [-160.16962, 21.849183], [-160.169525, 21.849198], [-160.169429, 21.849214], [-160.169334, 21.849229], [-160.169239, 21.849245], [-160.169158, 21.84929], [-160.169083, 21.849347], [-160.169009, 21.849405], [-160.168934, 21.849463]]}, "properties": {"seg_id": 277, "ring_id": 0, "i0": 5540, "i1": 5560, "length_m": 200.0, "score": 1.2154586530588838, "bay": 0.5443808630108833, "exposure": 0.052576334767078646, "strip_m": 72.5, "cx": 379128.37173107365, "cy": 2416579.6812417475, "selected": true, "order": 33, "sortie": 1}}, {"type": "Feature", "geometry": {"type": "LineString", "coordinates": [[-160.16886, 21.849521], [-160.168786, 21.849578], [-160.168711, 21.849636], [-160.168637, 21.849694], [-160.168562, 21.849751], [-160.168488, 21.849809], [-160.168414, 21.849867], [-160.168339, 21.849925], [-160.168265, 21.849982], [-160.16819, 21.85004], [-160.168105, 21.850067], [-160.168009, 21.850059], [-160.167912, 21.850052], [-160.167816, 21.850044], [-160.16772, 21.850037], [-160.167623, 21.850029], [-160.167527, 21.850022], [-160.16743, 21.850014], [-160.167334, 21.850007], [-160.167237, 21.849999]]}, "properties": {"seg_id": 278, "ring_id": 0, "i0": 5560, "i1": 5580, "length_m": 200.0, "score": 0.04773827227036811, "bay": 0.47154007107019424, "exposure": -0.20787729113330994, "strip_m": 65.5, "cx": 379295.35923256876, "cy": 2416671.8476565275, "selected": false, "order": -1, "sortie": -1}}, {"type": "Feature", "geometry": {"type": "LineString", "coordinates": [[-160.167141, 21.849992], [-160.1671, 21.850024], [-160.167131, 21.85011], [-160.167163, 21.850195], [-160.167194, 21.850281], [-160.167225, 21.850366], [-160.167256, 21.850452], [-160.167275, 21.850524], [-160.167188, 21.850484], [-160.167101, 21.850444], [-160.167014, 21.850404], [-160.166927, 21.850365], [-160.166889, 21.850407], [-160.166879, 21.850497], [-160.16687, 21.850587], [-160.16686, 21.850677], [-160.16685, 21.850767], [-160.16684, 21.850857], [-160.16683, 21.850946], [-160.16682, 21.851036]]}, "properties": {"seg_id": 279, "ring_id": 0, "i0": 5580, "i1": 5600, "length_m": 200.0, "score": -1.8599113929970994, "bay": 0.3043184220790863, "exposure": 0.43097055057859535, "strip_m": 72.5, "cx": 379406.4775021317, "cy": 2416733.4613440596, "selected": false, "order": -1, "sortie": -1}}, {"type": "Feature", "geometry": {"type": "LineString", "coordinates": [[-160.16681, 21.851126], [-160.166846, 21.851201], [-160.166915, 21.851264], [-160.166984, 21.851327], [-160.167053, 21.851391], [-160.167131, 21.851432], [-160.167228, 21.851432], [-160.167324, 21.851431], [-160.167421, 21.85143], [-160.167518, 21.85143], [-160.167615, 21.851429], [-160.167711, 21.851428], [-160.16778, 21.851458], [-160.167792, 21.851548], [-160.167805, 21.851637], [-160.167818, 21.851727], [-160.167831, 21.851816], [-160.167843, 21.851906], [-160.167856, 21.851995], [-160.167869, 21.852085]]}, "properties": {"seg_id": 280, "ring_id": 0, "i0": 5600, "i1": 5620, "length_m": 200.0, "score": 1.3255157492462808, "bay": 0.5475026071071625, "exposure": 0.8032023467798654, "strip_m": 50.5, "cx": 379362.94427207054, "cy": 2416850.470730655, "selected": true, "order": 34, "sortie": 2}}, {"type": "Feature", "geometry": {"type": "LineString", "coordinates": [[-160.16787, 21.852174], [-160.16784, 21.852259], [-160.16781, 21.852345], [-160.167773, 21.852418], [-160.167681, 21.85239], [-160.167589, 21.852362], [-160.167497, 21.852335], [-160.167428, 21.852394], [-160.16736, 21.852459], [-160.167292, 21.852523], [-160.167224, 21.852588], [-160.167156, 21.852652], [-160.167107, 21.852724], [-160.1671, 21.852814], [-160.167094, 21.852904], [-160.167088, 21.852994], [-160.167082, 21.853084], [-160.167076, 21.853175], [-160.16707, 21.853265], [-160.167063, 21.853355]]}, "properties": {"seg_id": 281, "ring_id": 0, "i0": 5620, "i1": 5640, "length_m": 200.0, "score": 0.6291656273959437, "bay": 0.5206555664539337, "exposure": 0.3950482448900363, "strip_m": 21.5, "cx": 379373.96723576426, "cy": 2416976.154311694, "selected": true, "order": 35, "sortie": 2}}, {"type": "Feature", "geometry": {"type": "LineString", "coordinates": [[-160.167057, 21.853445], [-160.167051, 21.853535], [-160.167045, 21.853625], [-160.167039, 21.853715], [-160.167033, 21.853806], [-160.167026, 21.853896], [-160.167008, 21.853982], [-160.166956, 21.854059], [-160.166905, 21.854135], [-160.166853, 21.854211], [-160.166801, 21.854287], [-160.166749, 21.854363], [-160.166697, 21.85444], [-160.166645, 21.854516], [-160.166593, 21.854592], [-160.166541, 21.854668], [-160.166489, 21.854744], [-160.166437, 21.854821], [-160.166385, 21.854897], [-160.166333, 21.854973]]}, "properties": {"seg_id": 282, "ring_id": 0, "i0": 5640, "i1": 5660, "length_m": 200.0, "score": 1.3629205608008437, "bay": 0.5414672255516052, "exposure": 0.5732250335994565, "strip_m": 102.0, "cx": 379435.0109533983, "cy": 2417150.0261484603, "selected": true, "order": 36, "sortie": 2}}, {"type": "Feature", "geometry": {"type": "LineString", "coordinates": [[-160.166281, 21.855049], [-160.166229, 21.855125], [-160.166177, 21.855202], [-160.166125, 21.855278], [-160.166073, 21.855354], [-160.166021, 21.85543], [-160.165969, 21.855506], [-160.165917, 21.855583], [-160.165866, 21.855659], [-160.165814, 21.855735], [-160.165762, 21.855811], [-160.16571, 21.855888], [-160.165658, 21.855964], [-160.165606, 21.85604], [-160.165554, 21.856116], [-160.165502, 21.856192], [-160.16545, 21.856269], [-160.165398, 21.856345], [-160.165346, 21.856421], [-160.165294, 21.856497]]}, "properties": {"seg_id": 283, "ring_id": 0, "i0": 5660, "i1": 5680, "length_m": 200.0, "score": 1.1223643857545127, "bay": 0.5156607747077941, "exposure": 0.45546344527487337, "strip_m": 70.0, "cx": 379539.0722083219, "cy": 2417319.475231043, "selected": true, "order": 37, "sortie": 2}}, {"type": "Feature", "geometry": {"type": "LineString", "coordinates": [[-160.165242, 21.856573], [-160.16519, 21.85665], [-160.165138, 21.856726], [-160.165086, 21.856802], [-160.165034, 21.856878], [-160.164982, 21.856954], [-160.16493, 21.857031], [-160.164851, 21.857077], [-160.164763, 21.857115], [-160.164675, 21.857152], [-160.164587, 21.857189], [-160.164498, 21.857226], [-160.16441, 21.857264], [-160.164322, 21.857301], [-160.164234, 21.857338], [-160.164146, 21.857376], [-160.164058, 21.857413], [-160.164032, 21.857497], [-160.164013, 21.857586], [-160.163993, 21.857674]]}, "properties": {"seg_id": 284, "ring_id": 0, "i0": 5680, "i1": 5700, "length_m": 200.0, "score": 0.4842747855906526, "bay": 0.47086368650197985, "exposure": 0.23106791824012748, "strip_m": 74.0, "cx": 379661.9890108471, "cy": 2417469.9785711593, "selected": false, "order": -1, "sortie": -1}}, {"type": "Feature", "geometry": {"type": "LineString", "coordinates": [[-160.163974, 21.857762], [-160.163954, 21.857851], [-160.163934, 21.857939], [-160.163915, 21.858028], [-160.163895, 21.858116], [-160.163876, 21.858205], [-160.163856, 21.858293], [-160.163837, 21.858382], [-160.163817, 21.85847], [-160.163798, 21.858559], [-160.163778, 21.858647], [-160.163725, 21.858717], [-160.16365, 21.858774], [-160.163575, 21.858831], [-160.1635, 21.858888], [-160.163425, 21.858945], [-160.16335, 21.859002], [-160.163286, 21.859065], [-160.163271, 21.859154], [-160.163256, 21.859243]]}, "properties": {"seg_id": 285, "ring_id": 0, "i0": 5700, "i1": 5720, "length_m": 200.0, "score": 0.889452359949639, "bay": 0.49203955233097074, "exposure": 0.5606798871665128, "strip_m": 83.0, "cx": 379758.817814218, "cy": 2417624.5015481086, "selected": true, "order": 38, "sortie": 2}}, {"type": "Feature", "geometry": {"type": "LineString", "coordinates": [[-160.163241, 21.859332], [-160.163226, 21.859422], [-160.16321, 21.859511], [-160.163189, 21.859597], [-160.163118, 21.859658], [-160.163047, 21.85972], [-160.162976, 21.859781], [-160.162905, 21.859842], [-160.162833, 21.859903], [-160.162762, 21.859965], [-160.162691, 21.860026], [-160.16262, 21.860087], [-160.162549, 21.860148], [-160.162478, 21.86021], [-160.162407, 21.860271], [-160.162336, 21.860332], [-160.162265, 21.860393], [-160.162193, 21.860455], [-160.162147, 21.860522], [-160.162179, 21.860607]]}, "properties": {"seg_id": 286, "ring_id": 0, "i0": 5720, "i1": 5740, "length_m": 200.0, "score": 0.7597066032137378, "bay": 0.49292404055595396, "exposure": 0.3832905311468822, "strip_m": 72.5, "cx": 379859.7545032295, "cy": 2417783.7775890166, "selected": true, "order": 39, "sortie": 2}}, {"type": "Feature", "geometry": {"type": "LineString", "coordinates": [[-160.16221, 21.860693], [-160.162236, 21.860778], [-160.162201, 21.860862], [-160.162165, 21.860946], [-160.16213, 21.861031], [-160.162095, 21.861115], [-160.16206, 21.861199], [-160.162024, 21.861283], [-160.161989, 21.861367], [-160.161954, 21.861451], [-160.161918, 21.861535], [-160.161883, 21.861619], [-160.16183, 21.861686], [-160.161739, 21.861716], [-160.161647, 21.861745], [-160.161556, 21.861774], [-160.161464, 21.861803], [-160.161373, 21.861833], [-160.161281, 21.861862], [-160.161213, 21.861926]]}, "properties": {"seg_id": 287, "ring_id": 0, "i0": 5740, "i1": 5760, "length_m": 200.0, "score": 1.3991437566923883, "bay": 0.5518730565905571, "exposure": 0.3629686860209924, "strip_m": 70.5, "cx": 379950.867504531, "cy": 2417940.5264129555, "selected": true, "order": 40, "sortie": 2}}, {"type": "Feature", "geometry": {"type": "LineString", "coordinates": [[-160.161145, 21.86199], [-160.161077, 21.862054], [-160.161009, 21.862119], [-160.160941, 21.862183], [-160.160873, 21.862247], [-160.160805, 21.862312], [-160.160737, 21.862376], [-160.16067, 21.86244], [-160.160602, 21.862505], [-160.160534, 21.862569], [-160.160466, 21.862634], [-160.160398, 21.862698], [-160.16033, 21.862762], [-160.160262, 21.862827], [-160.160194, 21.862891], [-160.160127, 21.862955], [-160.160075, 21.863032], [-160.160023, 21.863108], [-160.159971, 21.863185], [-160.15992, 21.863261]]}, "properties": {"seg_id": 288, "ring_id": 0, "i0": 5760, "i1": 5780, "length_m": 200.0, "score": -0.18524001233221438, "bay": 0.452913635969162, "exposure": 0.30392268689445495, "strip_m": 37.5, "cx": 380090.3834391753, "cy": 2418071.8975124657, "selected": false, "order": -1, "sortie": -1}}, {"type": "Feature", "geometry": {"type": "LineString", "coordinates": [[-160.159868, 21.863337], [-160.159816, 21.863414], [-160.159765, 21.86349], [-160.159713, 21.863566], [-160.159661, 21.863643], [-160.159609, 21.863719], [-160.159558, 21.863795], [-160.159506, 21.863872], [-160.159454, 21.863948], [-160.159403, 21.864024], [-160.159351, 21.864101], [-160.159299, 21.864177], [-160.159236, 21.864243], [-160.159153, 21.86429], [-160.159071, 21.864337], [-160.158988, 21.864384], [-160.158905, 21.864431], [-160.158823, 21.864478], [-160.15874, 21.864525], [-160.158658, 21.864572]]}, "properties": {"seg_id": 289, "ring_id": 0, "i0": 5780, "i1": 5800, "length_m": 200.0, "score": 0.9674513339057063, "bay": 0.5253381982445717, "exposure": 0.2848814925696696, "strip_m": 69.5, "cx": 380213.4024079028, "cy": 2418227.0444592345, "selected": true, "order": 41, "sortie": 2}}, {"type": "Feature", "geometry": {"type": "LineString", "coordinates": [[-160.158575, 21.864619], [-160.158492, 21.864666], [-160.15841, 21.864713], [-160.158327, 21.86476], [-160.158273, 21.864831], [-160.15823, 21.864912], [-160.158188, 21.864994], [-160.158145, 21.865075], [-160.158103, 21.865156], [-160.15806, 21.865237], [-160.158017, 21.865318], [-160.157934, 21.865363], [-160.15785, 21.865409], [-160.157766, 21.865454], [-160.157683, 21.865499], [-160.157599, 21.865545], [-160.157515, 21.86559], [-160.157432, 21.865636], [-160.157348, 21.865681], [-160.157281, 21.865746]]}, "properties": {"seg_id": 290, "ring_id": 0, "i0": 5800, "i1": 5820, "length_m": 200.0, "score": 0.6365420069409233, "bay": 0.48792924731969833, "exposure": 0.20864358710334557, "strip_m": 71.5, "cx": 380355.6987569296, "cy": 2418358.0531777013, "selected": true, "order": 42, "sortie": 2}}, {"type": "Feature", "geometry": {"type": "LineString", "coordinates": [[-160.157216, 21.865813], [-160.15715, 21.865879], [-160.157084, 21.865945], [-160.157019, 21.866012], [-160.156953, 21.866078], [-160.156887, 21.866144], [-160.156822, 21.866211], [-160.156756, 21.866277], [-160.15669, 21.866343], [-160.156625, 21.86641], [-160.156559, 21.866476], [-160.156493, 21.866543], [-160.156428, 21.866609], [-160.156362, 21.866675], [-160.156296, 21.866742], [-160.156231, 21.866808], [-160.156165, 21.866874], [-160.156099, 21.866941], [-160.156034, 21.867007], [-160.155968, 21.867073]]}, "properties": {"seg_id": 291, "ring_id": 0, "i0": 5820, "i1": 5840, "length_m": 200.0, "score": 0.849590287683711, "bay": 0.519354847073555, "exposure": 0.28975630719434353, "strip_m": 47.0, "cx": 380498.2446002234, "cy": 2418493.460906905, "selected": true, "order": 43, "sortie": 2}}, {"type": "Feature", "geometry": {"type": "LineString", "coordinates": [[-160.155902, 21.86714], [-160.155816, 21.867181], [-160.15573, 21.867222], [-160.155644, 21.867263], [-160.155557, 21.867304], [-160.155467, 21.86731], [-160.155374, 21.867286], [-160.155281, 21.867261], [-160.155188, 21.867237], [-160.155094, 21.867213], [-160.155001, 21.867189], [-160.154908, 21.867165], [-160.154847, 21.867169], [-160.154878, 21.867254], [-160.154909, 21.86734], [-160.15493, 21.867422], [-160.154848, 21.86747], [-160.154766, 21.867519], [-160.154685, 21.867567], [-160.154603, 21.867615]]}, "properties": {"seg_id": 292, "ring_id": 0, "i0": 5840, "i1": 5860, "length_m": 200.0, "score": -0.10188081453351674, "bay": 0.49313216358423234, "exposure": -0.08879471139883438, "strip_m": 12.0, "cx": 380645.73581633874, "cy": 2418587.907587366, "selected": false, "order": -1, "sortie": -1}}, {"type": "Feature", "geometry": {"type": "LineString", "coordinates": [[-160.154521, 21.867664], [-160.15444, 21.867712], [-160.154358, 21.867761], [-160.154276, 21.867809], [-160.154195, 21.867858], [-160.154167, 21.867934], [-160.154168, 21.868024], [-160.154106, 21.868068], [-160.154012, 21.868088], [-160.153918, 21.868109], [-160.153823, 21.868129], [-160.153729, 21.868149], [-160.153635, 21.868169], [-160.15354, 21.86819], [-160.153446, 21.86821], [-160.153352, 21.86823], [-160.153261, 21.868224], [-160.153174, 21.868184], [-160.153087, 21.868144], [-160.153, 21.868105]]}, "properties": {"seg_id": 293, "ring_id": 0, "i0": 5860, "i1": 5880, "length_m": 200.0, "score": 0.26930633811263205, "bay": 0.5298647359013557, "exposure": -0.20065576952243114, "strip_m": 15.0, "cx": 380786.9813509119, "cy": 2418667.873030396, "selected": false, "order": -1, "sortie": -1}}, {"type": "Feature", "geometry": {"type": "LineString", "coordinates": [[-160.152913, 21.868065], [-160.152911, 21.868151], [-160.152912, 21.868241], [-160.152913, 21.868332], [-160.15282, 21.868346], [-160.152724, 21.868358], [-160.152628, 21.86837], [-160.152532, 21.868382], [-160.152436, 21.868394], [-160.15234, 21.868405], [-160.152244, 21.868417], [-160.152148, 21.868429], [-160.152078, 21.868489], [-160.15201, 21.868553], [-160.151942, 21.868617], [-160.151874, 21.868682], [-160.151806, 21.868746], [-160.151736, 21.86878], [-160.15166, 21.868725], [-160.151584, 21.868669]]}, "properties": {"seg_id": 294, "ring_id": 0, "i0": 5880, "i1": 5900, "length_m": 200.0, "score": -0.6054100940924215, "bay": 0.48818939328193667, "exposure": -0.1063208515228693, "strip_m": 4.5, "cx": 380942.32180279325, "cy": 2418713.143246001, "selected": false, "order": -1, "sortie": -1}}, {"type": "Feature", "geometry": {"type": "LineString", "coordinates": [[-160.151508, 21.868613], [-160.151432, 21.868557], [-160.151356, 21.868501], [-160.15128, 21.868445], [-160.151269, 21.868513], [-160.15127, 21.868603], [-160.15127, 21.868693], [-160.151271, 21.868784], [-160.151272, 21.868874], [-160.151206, 21.868933], [-160.151127, 21.868986], [-160.151049, 21.869039], [-160.150971, 21.869092], [-160.150892, 21.869145], [-160.150814, 21.869198], [-160.150736, 21.869251], [-160.150657, 21.869304], [-160.150575, 21.869339], [-160.150481, 21.869318], [-160.150387, 21.869297]]}, "properties": {"seg_id": 295, "ring_id": 0, "i0": 5900, "i1": 5920, "length_m": 200.0, "score": -0.4377234553294144, "bay": 0.4659729450941086, "exposure": -0.011019873330855228, "strip_m": 14.0, "cx": 381073.8733951255, "cy": 2418763.8336689025, "selected": false, "order": -1, "sortie": -1}}, {"type": "Feature", "geometry": {"type": "LineString", "coordinates": [[-160.150293, 21.869275], [-160.1502, 21.869262], [-160.150118, 21.86931], [-160.150035, 21.869357], [-160.149952, 21.869404], [-160.14987, 21.869451], [-160.149787, 21.869498], [-160.14972, 21.869556], [-160.14969, 21.869642], [-160.14966, 21.869728], [-160.14963, 21.869814], [-160.1496, 21.8699], [-160.14957, 21.869986], [-160.14954, 21.870071], [-160.149447, 21.870063], [-160.149351, 21.870051], [-160.149255, 21.870039], [-160.149159, 21.870026], [-160.149063, 21.870014], [-160.148967, 21.870002]]}, "properties": {"seg_id": 296, "ring_id": 0, "i0": 5920, "i1": 5940, "length_m": 200.0, "score": 0.20164477014468232, "bay": 0.5063995987176895, "exposure": -0.03284461551749559, "strip_m": 16.5, "cx": 381218.74727719015, "cy": 2418851.1046967106, "selected": false, "order": -1, "sortie": -1}}, {"type": "Feature", "geometry": {"type": "LineString", "coordinates": [[-160.148871, 21.86999], [-160.148823, 21.870061], [-160.14878, 21.870142], [-160.148738, 21.870224], [-160.148695, 21.870305], [-160.148653, 21.870386], [-160.14861, 21.870467], [-160.148559, 21.870526], [-160.148469, 21.870491], [-160.14838, 21.870456], [-160.148291, 21.870421], [-160.148202, 21.870387], [-160.148112, 21.870352], [-160.148023, 21.870317], [-160.147934, 21.870282], [-160.147879, 21.870316], [-160.147849, 21.870401], [-160.147819, 21.870487], [-160.147762, 21.870543], [-160.147666, 21.870555]]}, "properties": {"seg_id": 297, "ring_id": 0, "i0": 5940, "i1": 5960, "length_m": 200.0, "score": 0.28729429906049986, "bay": 0.51337149143219, "exposure": -0.07386885579547361, "strip_m": 24.5, "cx": 381357.69844660524, "cy": 2418920.153997281, "selected": false, "order": -1, "sortie": -1}}, {"type": "Feature", "geometry": {"type": "LineString", "coordinates": [[-160.14757, 21.870567], [-160.147474, 21.870579], [-160.147378, 21.870591], [-160.147282, 21.870602], [-160.147186, 21.870614], [-160.14709, 21.870626], [-160.147015, 21.870663], [-160.14698, 21.870747], [-160.146945, 21.870831], [-160.14691, 21.870915], [-160.146874, 21.871], [-160.146839, 21.871084], [-160.146745, 21.871088], [-160.146648, 21.871088], [-160.146551, 21.871089], [-160.146454, 21.87109], [-160.146358, 21.87109], [-160.146261, 21.871091], [-160.146164, 21.871092], [-160.146067, 21.871092]]}, "properties": {"seg_id": 298, "ring_id": 0, "i0": 5960, "i1": 5980, "length_m": 200.0, "score": -0.2783124622446947, "bay": 0.467585863173008, "exposure": -0.12695915397628052, "strip_m": 18.5, "cx": 381509.62211956887, "cy": 2418976.7524601193, "selected": false, "order": -1, "sortie": -1}}, {"type": "Feature", "geometry": {"type": "LineString", "coordinates": [[-160.146064, 21.871179], [-160.146065, 21.871269], [-160.146066, 21.87136], [-160.145987, 21.87141], [-160.145906, 21.871458], [-160.145824, 21.871507], [-160.145742, 21.871555], [-160.14566, 21.871604], [-160.145579, 21.871652], [-160.145497, 21.871701], [-160.145415, 21.871749], [-160.145334, 21.871797], [-160.145295, 21.871868], [-160.145296, 21.871958], [-160.145297, 21.872049], [-160.145298, 21.872139], [-160.145298, 21.872229], [-160.145299, 21.87232], [-160.145268, 21.8724], [-160.145208, 21.872471]]}, "properties": {"seg_id": 299, "ring_id": 0, "i0": 5980, "i1": 6000, "length_m": 200.0, "score": -0.06068954051551957, "bay": 0.4675858661532402, "exposure": 0.43329328938243233, "strip_m": 18.5, "cx": 381641.57021177013, "cy": 2419076.1521692993, "selected": false, "order": -1, "sortie": -1}}, {"type": "Feature", "geometry": {"type": "LineString", "coordinates": [[-160.145148, 21.872542], [-160.145088, 21.872613], [-160.145028, 21.872684], [-160.144968, 21.872754], [-160.144904, 21.872817], [-160.144807, 21.872817], [-160.14471, 21.872818], [-160.144614, 21.872819], [-160.144517, 21.872819], [-160.14442, 21.87282], [-160.144323, 21.872821], [-160.144227, 21.872821], [-160.14413, 21.872822], [-160.144033, 21.872823], [-160.143936, 21.872823], [-160.143839, 21.872824], [-160.143744, 21.87283], [-160.143661, 21.872876], [-160.143577, 21.872921], [-160.143493, 21.872967]]}, "properties": {"seg_id": 300, "ring_id": 0, "i0": 6000, "i1": 6020, "length_m": 200.0, "score": 0.3584480126373023, "bay": 0.5443288326263428, "exposure": -0.22203498195833413, "strip_m": 8.0, "cx": 381767.5894972548, "cy": 2419187.899063743, "selected": false, "order": -1, "sortie": -1}}, {"type": "Feature", "geometry": {"type": "LineString", "coordinates": [[-160.14341, 21.873012], [-160.143326, 21.873057], [-160.143242, 21.873103], [-160.143159, 21.873148], [-160.143074, 21.873192], [-160.142978, 21.873203], [-160.142882, 21.873215], [-160.142786, 21.873227], [-160.14269, 21.873239], [-160.142595, 21.873251], [-160.142499, 21.873263], [-160.142403, 21.873275], [-160.142307, 21.873286], [-160.142211, 21.873298], [-160.142115, 21.87331], [-160.142019, 21.873322], [-160.141923, 21.873334], [-160.141827, 21.873346], [-160.141731, 21.873358], [-160.141635, 21.87337]]}, "properties": {"seg_id": 301, "ring_id": 0, "i0": 6020, "i1": 6040, "length_m": 200.0, "score": -0.18355081601227236, "bay": 0.5131633803248405, "exposure": -0.30364194548799933, "strip_m": 6.5, "cx": 381955.78632925067, "cy": 2419235.08259397, "selected": false, "order": -1, "sortie": -1}}, {"type": "Feature", "geometry": {"type": "LineString", "coordinates": [[-160.141539, 21.873381], [-160.141443, 21.873393], [-160.141347, 21.873405], [-160.141251, 21.873417], [-160.141155, 21.873429], [-160.14106, 21.873441], [-160.140964, 21.873453], [-160.140868, 21.873465], [-160.140772, 21.873476], [-160.140684, 21.873443], [-160.140597, 21.873403], [-160.14051, 21.873363], [-160.140423, 21.873324], [-160.140336, 21.873284], [-160.140249, 21.873244], [-160.140177, 21.873196], [-160.140176, 21.873106], [-160.140175, 21.873015], [-160.140175, 21.872925], [-160.140174, 21.872835]]}, "properties": {"seg_id": 302, "ring_id": 0, "i0": 6040, "i1": 6060, "length_m": 200.0, "score": 0.40482416986693115, "bay": 0.5817377790808678, "exposure": -0.6603992619095154, "strip_m": 11.5, "cx": 382145.6319180293, "cy": 2419240.2548736604, "selected": false, "order": -1, "sortie": -1}}, {"type": "Feature", "geometry": {"type": "LineString", "coordinates": [[-160.140173, 21.872744], [-160.140172, 21.872654], [-160.140172, 21.872564], [-160.140171, 21.872473], [-160.14017, 21.872383], [-160.14017, 21.872293], [-160.140169, 21.872202], [-160.140152, 21.872127], [-160.140055, 21.872128], [-160.139959, 21.872128], [-160.139862, 21.872129], [-160.139775, 21.872144], [-160.13974, 21.872228], [-160.139705, 21.872312], [-160.139669, 21.872396], [-160.139634, 21.87248], [-160.139599, 21.872564], [-160.139518, 21.872566], [-160.139424, 21.872545], [-160.13933, 21.872523]]}, "properties": {"seg_id": 303, "ring_id": 0, "i0": 6060, "i1": 6080, "length_m": 200.0, "score": -2.1368875397963185, "bay": 0.3140478789806366, "exposure": -0.3821773455235101, "strip_m": 47.5, "cx": 382229.8943205134, "cy": 2419137.6969782915, "selected": false, "order": -1, "sortie": -1}}, {"type": "Feature", "geometry": {"type": "LineString", "coordinates": [[-160.139236, 21.872502], [-160.139151, 21.872528], [-160.139071, 21.872579], [-160.13899, 21.87263], [-160.13891, 21.87268], [-160.13883, 21.872731], [-160.13875, 21.872782], [-160.13867, 21.872832], [-160.138582, 21.872857], [-160.138486, 21.872849], [-160.13839, 21.872842], [-160.138293, 21.872834], [-160.138197, 21.872827], [-160.1381, 21.872819], [-160.138004, 21.872812], [-160.137907, 21.872804], [-160.137811, 21.872797], [-160.137715, 21.872789], [-160.137618, 21.872782], [-160.137533, 21.872803]]}, "properties": {"seg_id": 304, "ring_id": 0, "i0": 6080, "i1": 6100, "length_m": 200.0, "score": -0.1158908350145594, "bay": 0.5010405972599983, "exposure": -0.3170368961762339, "strip_m": 18.0, "cx": 382381.96211212, "cy": 2419178.0727096093, "selected": false, "order": -1, "sortie": -1}}, {"type": "Feature", "geometry": {"type": "LineString", "coordinates": [[-160.137465, 21.872867], [-160.137397, 21.872932], [-160.137318, 21.872937], [-160.137232, 21.872897], [-160.137145, 21.872857], [-160.137058, 21.872817], [-160.136971, 21.872777], [-160.136884, 21.872738], [-160.136797, 21.872698], [-160.136727, 21.872748], [-160.136659, 21.872812], [-160.136591, 21.872877], [-160.136523, 21.872941], [-160.136455, 21.873005], [-160.136395, 21.873039], [-160.136363, 21.872953], [-160.136332, 21.872868], [-160.136298, 21.872787], [-160.136207, 21.872817], [-160.136115, 21.872846]]}, "properties": {"seg_id": 305, "ring_id": 0, "i0": 6100, "i1": 6120, "length_m": 200.0, "score": -0.5041300554922337, "bay": 0.49323623031377795, "exposure": -0.4019819895583795, "strip_m": 12.5, "cx": 382554.154563265, "cy": 2419188.593247444, "selected": false, "order": -1, "sortie": -1}}, {"type": "Feature", "geometry": {"type": "LineString", "coordinates": [[-160.136023, 21.872875], [-160.135952, 21.872822], [-160.135883, 21.872759], [-160.135815, 21.872703], [-160.135762, 21.872779], [-160.135709, 21.872854], [-160.135656, 21.87293], [-160.135585, 21.872983], [-160.135492, 21.873008], [-160.135399, 21.873034], [-160.135306, 21.873059], [-160.135213, 21.873085], [-160.13512, 21.87311], [-160.135027, 21.873136], [-160.134935, 21.873161], [-160.134842, 21.873186], [-160.134749, 21.873212], [-160.134656, 21.873237], [-160.134563, 21.873263], [-160.13447, 21.873288]]}, "properties": {"seg_id": 306, "ring_id": 0, "i0": 6120, "i1": 6140, "length_m": 200.0, "score": -0.44488700750882765, "bay": 0.46300728917121886, "exposure": -0.2336692405334652, "strip_m": 21.0, "cx": 382702.9556021056, "cy": 2419205.6074081743, "selected": false, "order": -1, "sortie": -1}}, {"type": "Feature", "geometry": {"type": "LineString", "coordinates": [[-160.134377, 21.873314], [-160.134285, 21.873339], [-160.134248, 21.873418], [-160.134218, 21.873504], [-160.134188, 21.87359], [-160.134109, 21.873614], [-160.134013, 21.873615], [-160.133916, 21.873615], [-160.133819, 21.873616], [-160.133793, 21.873682], [-160.133794, 21.873772], [-160.133795, 21.873863], [-160.133726, 21.873872], [-160.133632, 21.873851], [-160.133538, 21.873829], [-160.133444, 21.873808], [-160.133362, 21.873835], [-160.133288, 21.873893], [-160.133214, 21.873952], [-160.133141, 21.87401]]}, "properties": {"seg_id": 307, "ring_id": 0, "i0": 6140, "i1": 6160, "length_m": 200.0, "score": -0.17903659729305993, "bay": 0.49973985850811004, "exposure": 0.015669365206111913, "strip_m": 5.5, "cx": 382859.81540379964, "cy": 2419279.2241040985, "selected": false, "order": -1, "sortie": -1}}, {"type": "Feature", "geometry": {"type": "LineString", "coordinates": [[-160.133067, 21.874068], [-160.132993, 21.874127], [-160.132919, 21.874185], [-160.132845, 21.874243], [-160.132754, 21.874247], [-160.132657, 21.874236], [-160.132561, 21.874226], [-160.132465, 21.874215], [-160.132369, 21.874205], [-160.132273, 21.874194], [-160.132177, 21.874184], [-160.132081, 21.874173], [-160.132015, 21.874116], [-160.131961, 21.874041], [-160.131907, 21.873966], [-160.131847, 21.873898], [-160.131753, 21.873877], [-160.131659, 21.873855], [-160.131565, 21.873834], [-160.131471, 21.873813]]}, "properties": {"seg_id": 308, "ring_id": 0, "i0": 6160, "i1": 6180, "length_m": 200.0, "score": -0.2020360232485833, "bay": 0.5317898139357566, "exposure": -0.5629512912288146, "strip_m": 5.0, "cx": 383018.01540039806, "cy": 2419320.735277367, "selected": false, "order": -1, "sortie": -1}}, {"type": "Feature", "geometry": {"type": "LineString", "coordinates": [[-160.131377, 21.873792], [-160.131283, 21.87377], [-160.131189, 21.873749], [-160.131095, 21.873728], [-160.131024, 21.873782], [-160.130956, 21.873846], [-160.130888, 21.873911], [-160.13082, 21.873975], [-160.130752, 21.874039], [-160.130679, 21.874083], [-160.130587, 21.874055], [-160.130495, 21.874027], [-160.130406, 21.874006], [-160.130377, 21.874092], [-160.130347, 21.874178], [-160.130317, 21.874264], [-160.130228, 21.87426], [-160.130132, 21.874246], [-160.130037, 21.874231], [-160.129941, 21.874217]]}, "properties": {"seg_id": 309, "ring_id": 0, "i0": 6180, "i1": 6200, "length_m": 200.0, "score": -0.6354126711938769, "bay": 0.4729448601603508, "exposure": -0.21108926335315475, "strip_m": 10.5, "cx": 383185.40346886055, "cy": 2419311.468424455, "selected": false, "order": -1, "sortie": -1}}, {"type": "Feature", "geometry": {"type": "LineString", "coordinates": [[-160.129845, 21.874203], [-160.12975, 21.874189], [-160.129677, 21.874239], [-160.129609, 21.874303], [-160.129541, 21.874367], [-160.129473, 21.874432], [-160.129389, 21.874454], [-160.129293, 21.874446], [-160.129196, 21.874438], [-160.1291, 21.874429], [-160.129003, 21.874421], [-160.128907, 21.874413], [-160.128811, 21.874404], [-160.128714, 21.874396], [-160.128618, 21.874388], [-160.128522, 21.874379], [-160.12845, 21.874416], [-160.128402, 21.874495], [-160.128354, 21.874573], [-160.128306, 21.874652]]}, "properties": {"seg_id": 310, "ring_id": 0, "i0": 6200, "i1": 6220, "length_m": 200.0, "score": -1.1828905786733133, "bay": 0.4387617126107216, "exposure": -0.195282006195011, "strip_m": 3.0, "cx": 383350.8748004761, "cy": 2419353.3576225704, "selected": false, "order": -1, "sortie": -1}}, {"type": "Feature", "geometry": {"type": "LineString", "coordinates": [[-160.128258, 21.87473], [-160.12821, 21.874808], [-160.128162, 21.874887], [-160.128113, 21.874965], [-160.128065, 21.875043], [-160.128017, 21.875122], [-160.127969, 21.8752], [-160.127921, 21.875278], [-160.127873, 21.875357], [-160.127824, 21.875435], [-160.127804, 21.875521], [-160.127799, 21.875611], [-160.127794, 21.875701], [-160.12779, 21.875792], [-160.127785, 21.875882], [-160.12778, 21.875972], [-160.127776, 21.876062], [-160.127771, 21.876153], [-160.127766, 21.876243], [-160.127762, 21.876333]]}, "properties": {"seg_id": 311, "ring_id": 0, "i0": 6220, "i1": 6240, "length_m": 200.0, "score": -0.5890468169708111, "bay": 0.4206555739045143, "exposure": 0.6701547601140583, "strip_m": 7.5, "cx": 383469.15449264285, "cy": 2419474.580641753, "selected": false, "order": -1, "sortie": -1}}, {"type": "Feature", "geometry": {"type": "LineString", "coordinates": [[-160.127757, 21.876423], [-160.127752, 21.876513], [-160.127748, 21.876604], [-160.127743, 21.876694], [-160.127739, 21.876784], [-160.127734, 21.876874], [-160.127729, 21.876965], [-160.127725, 21.877055], [-160.127664, 21.877091], [-160.127568, 21.877092], [-160.127471, 21.877092], [-160.127451, 21.877144], [-160.127482, 21.87723], [-160.127514, 21.877315], [-160.127505, 21.877394], [-160.127445, 21.877465], [-160.127385, 21.877536], [-160.127325, 21.877607], [-160.127265, 21.877678], [-160.127205, 21.877749]]}, "properties": {"seg_id": 312, "ring_id": 0, "i0": 6240, "i1": 6260, "length_m": 200.0, "score": 1.5523280074986843, "bay": 0.6094172790646553, "exposure": 0.5377445339081592, "strip_m": 7.5, "cx": 383506.78932262043, "cy": 2419652.6028199624, "selected": true, "order": 44, "sortie": 2}}, {"type": "Feature", "geometry": {"type": "LineString", "coordinates": [[-160.127144, 21.877817], [-160.127047, 21.877818], [-160.126951, 21.877819], [-160.126854, 21.877819], [-160.126757, 21.87782], [-160.12666, 21.877821], [-160.126563, 21.877821], [-160.126467, 21.877822], [-160.12637, 21.877823], [-160.126273, 21.877823], [-160.126176, 21.877824], [-160.12608, 21.877825], [-160.125983, 21.877825], [-160.125886, 21.877826], [-160.125789, 21.877827], [-160.125692, 21.877827], [-160.125596, 21.877828], [-160.125499, 21.877829], [-160.125404, 21.877826], [-160.125349, 21.877752]]}, "properties": {"seg_id": 313, "ring_id": 0, "i0": 6260, "i1": 6280, "length_m": 200.0, "score": 1.4530666740573683, "bay": 0.6062435060739517, "exposure": -0.5232240692570298, "strip_m": 83.5, "cx": 383645.1325940418, "cy": 2419729.553039206, "selected": true, "order": 45, "sortie": 2}}, {"type": "Feature", "geometry": {"type": "LineString", "coordinates": [[-160.125295, 21.877677], [-160.125241, 21.877602], [-160.125187, 21.877527], [-160.125132, 21.877452], [-160.125078, 21.877378], [-160.125024, 21.877303], [-160.124969, 21.877228], [-160.124915, 21.877153], [-160.124861, 21.877078], [-160.124807, 21.877004], [-160.124752, 21.876929], [-160.124698, 21.876854], [-160.124644, 21.876779], [-160.124637, 21.876697], [-160.12466, 21.876609], [-160.124683, 21.876521], [-160.124705, 21.876433], [-160.124672, 21.876403], [-160.12458, 21.876432], [-160.124489, 21.876461]]}, "properties": {"seg_id": 314, "ring_id": 0, "i0": 6280, "i1": 6300, "length_m": 200.0, "score": -0.9723787311614764, "bay": 0.4814776346087456, "exposure": -0.8608147587398912, "strip_m": 5.5, "cx": 383786.57551836554, "cy": 2419635.136304623, "selected": false, "order": -1, "sortie": -1}}, {"type": "Feature", "geometry": {"type": "LineString", "coordinates": [[-160.124427, 21.876451], [-160.124426, 21.876361], [-160.124426, 21.87627], [-160.124425, 21.87618], [-160.124399, 21.876138], [-160.124322, 21.876192], [-160.124245, 21.876247], [-160.124168, 21.876302], [-160.124091, 21.876356], [-160.124008, 21.876388], [-160.123913, 21.876373], [-160.123817, 21.876357], [-160.123722, 21.876342], [-160.123627, 21.876326], [-160.123531, 21.876311], [-160.123436, 21.876295], [-160.123341, 21.876279], [-160.123245, 21.876264], [-160.12315, 21.876248], [-160.123055, 21.876233]]}, "properties": {"seg_id": 315, "ring_id": 0, "i0": 6300, "i1": 6320, "length_m": 200.0, "score": -1.9530732746304538, "bay": 0.3670135349035263, "exposure": -0.5282875322582183, "strip_m": 14.0, "cx": 383885.4991198853, "cy": 2419559.091579343, "selected": false, "order": -1, "sortie": -1}}, {"type": "Feature", "geometry": {"type": "LineString", "coordinates": [[-160.122984, 21.876229], [-160.123053, 21.876293], [-160.123122, 21.876356], [-160.123137, 21.876399], [-160.123041, 21.8764], [-160.122944, 21.876401], [-160.122847, 21.876401], [-160.12275, 21.876402], [-160.12268, 21.876431], [-160.122665, 21.87652], [-160.122649, 21.876609], [-160.122634, 21.876699], [-160.122619, 21.876788], [-160.122604, 21.876877], [-160.122578, 21.876962], [-160.122518, 21.877033], [-160.122458, 21.877104], [-160.122398, 21.877175], [-160.122338, 21.877246], [-160.122278, 21.877317]]}, "properties": {"seg_id": 316, "ring_id": 0, "i0": 6320, "i1": 6340, "length_m": 200.0, "score": -0.26661401235685245, "bay": 0.47122789472341536, "exposure": 0.1826413645297905, "strip_m": 17.5, "cx": 384007.1056796119, "cy": 2419600.980500202, "selected": false, "order": -1, "sortie": -1}}, {"type": "Feature", "geometry": {"type": "LineString", "coordinates": [[-160.122218, 21.877388], [-160.122128, 21.8774], [-160.122031, 21.877401], [-160.121934, 21.877401], [-160.121837, 21.877402], [-160.121741, 21.877403], [-160.121644, 21.877403], [-160.121547, 21.877404], [-160.121515, 21.87733], [-160.121495, 21.877242], [-160.121475, 21.877153], [-160.121456, 21.877065], [-160.121436, 21.876976], [-160.121399, 21.877013], [-160.121357, 21.877094], [-160.121287, 21.877135], [-160.12119, 21.877135], [-160.121093, 21.877136], [-160.120997, 21.877137], [-160.1209, 21.877137]]}, "properties": {"seg_id": 317, "ring_id": 0, "i0": 6340, "i1": 6360, "length_m": 200.0, "score": 0.6491272172316265, "bay": 0.5873569279909134, "exposure": -0.5135794230864279, "strip_m": 10.5, "cx": 384129.56301375444, "cy": 2419661.5912798396, "selected": true, "order": 46, "sortie": 3}}, {"type": "Feature", "geometry": {"type": "LineString", "coordinates": [[-160.120826, 21.877099], [-160.120776, 21.877022], [-160.120725, 21.876945], [-160.120675, 21.876868], [-160.120625, 21.876791], [-160.120574, 21.876713], [-160.120493, 21.876688], [-160.120396, 21.876689], [-160.120299, 21.87669], [-160.120203, 21.87669], [-160.120106, 21.876691], [-160.120009, 21.876692], [-160.119912, 21.876692], [-160.119834, 21.87665], [-160.119765, 21.876587], [-160.119696, 21.876523], [-160.119649, 21.876581], [-160.119607, 21.876662], [-160.119532, 21.876703], [-160.119436, 21.876716]]}, "properties": {"seg_id": 318, "ring_id": 0, "i0": 6360, "i1": 6380, "length_m": 200.0, "score": -1.392621891746217, "bay": 0.44131114035844804, "exposure": -0.598792316688605, "strip_m": 3.5, "cx": 384271.43429015914, "cy": 2419604.867954715, "selected": false, "order": -1, "sortie": -1}}, {"type": "Feature", "geometry": {"type": "LineString", "coordinates": [[-160.119341, 21.876729], [-160.119245, 21.876743], [-160.119149, 21.876756], [-160.119053, 21.87677], [-160.118958, 21.876783], [-160.118897, 21.876835], [-160.118867, 21.876921], [-160.118837, 21.877007], [-160.118783, 21.877055], [-160.118688, 21.877038], [-160.118593, 21.877021], [-160.118498, 21.877004], [-160.118403, 21.876986], [-160.11832, 21.876995], [-160.118271, 21.877073], [-160.118222, 21.877151], [-160.118173, 21.877229], [-160.118124, 21.877306], [-160.118075, 21.877384], [-160.118009, 21.877446]]}, "properties": {"seg_id": 319, "ring_id": 0, "i0": 6380, "i1": 6400, "length_m": 200.0, "score": -0.5768066128594393, "bay": 0.4723205029964447, "exposure": -0.016050277724668834, "strip_m": 5.5, "cx": 384429.91104154766, "cy": 2419634.3770102235, "selected": false, "order": -1, "sortie": -1}}, {"type": "Feature", "geometry": {"type": "LineString", "coordinates": [[-160.117923, 21.877487], [-160.117836, 21.877528], [-160.11775, 21.877569], [-160.117664, 21.87761], [-160.117578, 21.877651], [-160.117492, 21.877692], [-160.117399, 21.877714], [-160.117303, 21.877729], [-160.117208, 21.877745], [-160.117113, 21.87776], [-160.117017, 21.877776], [-160.116922, 21.877791], [-160.116827, 21.877807], [-160.116731, 21.877822], [-160.116636, 21.877838], [-160.11654, 21.877853], [-160.116445, 21.877869], [-160.11635, 21.877884], [-160.116254, 21.8779], [-160.116159, 21.877915]]}, "properties": {"seg_id": 320, "ring_id": 0, "i0": 6400, "i1": 6420, "length_m": 200.0, "score": -0.3073247210609334, "bay": 0.5108220726251602, "exposure": -0.2671054874382057, "strip_m": 4.5, "cx": 384592.5163445409, "cy": 2419714.6110723363, "selected": false, "order": -1, "sortie": -1}}, {"type": "Feature", "geometry": {"type": "LineString", "coordinates": [[-160.116064, 21.877931], [-160.115968, 21.877946], [-160.115873, 21.877962], [-160.115778, 21.877977], [-160.115701, 21.878021], [-160.115643, 21.878093], [-160.115586, 21.878166], [-160.115528, 21.878239], [-160.115471, 21.878311], [-160.115456, 21.87839], [-160.115487, 21.878476], [-160.115519, 21.878561], [-160.115522, 21.878643], [-160.115467, 21.878717], [-160.115412, 21.878792], [-160.115357, 21.878866], [-160.115303, 21.87894], [-160.115248, 21.879015], [-160.115193, 21.879089], [-160.115138, 21.879164]]}, "properties": {"seg_id": 321, "ring_id": 0, "i0": 6420, "i1": 6440, "length_m": 200.0, "score": -0.4154898915936336, "bay": 0.46212279349565505, "exposure": 0.3602957307370681, "strip_m": 5.0, "cx": 384750.3145408075, "cy": 2419792.9446018604, "selected": false, "order": -1, "sortie": -1}}, {"type": "Feature", "geometry": {"type": "LineString", "coordinates": [[-160.115083, 21.879238], [-160.115028, 21.879312], [-160.114973, 21.879387], [-160.114918, 21.879461], [-160.114858, 21.879527], [-160.114761, 21.879528], [-160.114665, 21.879528], [-160.114568, 21.879529], [-160.114471, 21.87953], [-160.114374, 21.87953], [-160.114278, 21.879531], [-160.11419, 21.879521], [-160.114173, 21.879432], [-160.114157, 21.879343], [-160.11414, 21.879254], [-160.114124, 21.879165], [-160.114107, 21.879076], [-160.114088, 21.878991], [-160.113996, 21.87902], [-160.113905, 21.879049]]}, "properties": {"seg_id": 322, "ring_id": 0, "i0": 6440, "i1": 6460, "length_m": 200.0, "score": 0.8604500918127215, "bay": 0.6139958441257477, "exposure": -0.4211203322680599, "strip_m": 6.5, "cx": 384863.93069338956, "cy": 2419889.8429919593, "selected": true, "order": 47, "sortie": 3}}, {"type": "Feature", "geometry": {"type": "LineString", "coordinates": [[-160.113813, 21.879079], [-160.11378, 21.879006], [-160.113756, 21.878919], [-160.113732, 21.878831], [-160.113708, 21.878744], [-160.113637, 21.878752], [-160.113551, 21.878793], [-160.113486, 21.878772], [-160.113443, 21.878692], [-160.11339, 21.878649], [-160.113315, 21.878706], [-160.11324, 21.878763], [-160.113165, 21.87882], [-160.11309, 21.878877], [-160.113014, 21.878934], [-160.112939, 21.878991], [-160.112957, 21.879073], [-160.112988, 21.879158], [-160.113019, 21.879244], [-160.112964, 21.879289]]}, "properties": {"seg_id": 323, "ring_id": 0, "i0": 6460, "i1": 6480, "length_m": 200.0, "score": -2.397142803101769, "bay": 0.3180541157722473, "exposure": -0.17639372920124008, "strip_m": 8.5, "cx": 384976.55762983346, "cy": 2419839.9711770685, "selected": false, "order": -1, "sortie": -1}}, {"type": "Feature", "geometry": {"type": "LineString", "coordinates": [[-160.112872, 21.879318], [-160.11278, 21.879347], [-160.112739, 21.87941], [-160.11274, 21.8795], [-160.112741, 21.879591], [-160.112701, 21.879664], [-160.112628, 21.879723], [-160.112555, 21.879783], [-160.112482, 21.879842], [-160.112409, 21.879901], [-160.112336, 21.87996], [-160.112263, 21.88002], [-160.11219, 21.880079], [-160.112117, 21.880138], [-160.112054, 21.880205], [-160.112011, 21.880286], [-160.111968, 21.880367], [-160.111926, 21.880448], [-160.111883, 21.880529], [-160.11184, 21.88061]]}, "properties": {"seg_id": 324, "ring_id": 0, "i0": 6480, "i1": 6500, "length_m": 200.0, "score": -0.05875278236149169, "bay": 0.4782518297433853, "exposure": 0.36536754422226797, "strip_m": 11.0, "cx": 385079.4294310763, "cy": 2419953.42810708, "selected": false, "order": -1, "sortie": -1}}, {"type": "Feature", "geometry": {"type": "LineString", "coordinates": [[-160.111798, 21.880691], [-160.111755, 21.880772], [-160.111713, 21.880853], [-160.111654, 21.880921], [-160.11157, 21.880966], [-160.111487, 21.881012], [-160.111403, 21.881057], [-160.111319, 21.881102], [-160.111236, 21.881148], [-160.111152, 21.881193], [-160.111068, 21.881238], [-160.110981, 21.881262], [-160.110888, 21.881239], [-160.110794, 21.881216], [-160.110701, 21.881192], [-160.110607, 21.881169], [-160.110514, 21.881146], [-160.11042, 21.881123], [-160.110327, 21.8811], [-160.110233, 21.881077]]}, "properties": {"seg_id": 325, "ring_id": 0, "i0": 6500, "i1": 6520, "length_m": 200.0, "score": 1.281754205159338, "bay": 0.6352757573127746, "exposure": -0.23027787311731007, "strip_m": 8.5, "cx": 385212.66741639806, "cy": 2420078.4228234915, "selected": true, "order": 48, "sortie": 3}}, {"type": "Feature", "geometry": {"type": "LineString", "coordinates": [[-160.110139, 21.881054], [-160.110046, 21.88103], [-160.109952, 21.881007], [-160.109922, 21.880925], [-160.109896, 21.880838], [-160.109871, 21.880751], [-160.109846, 21.880664], [-160.10982, 21.880576], [-160.109795, 21.880489], [-160.10977, 21.880402], [-160.109744, 21.880315], [-160.109719, 21.880228], [-160.109694, 21.880141], [-160.109669, 21.880053], [-160.109643, 21.879966], [-160.109618, 21.879879], [-160.109593, 21.879792], [-160.109567, 21.879705], [-160.109542, 21.879617], [-160.109517, 21.87953]]}, "properties": {"seg_id": 326, "ring_id": 0, "i0": 6520, "i1": 6540, "length_m": 200.0, "score": -0.6857526277896013, "bay": 0.5161290392279625, "exposure": -0.9392184519912853, "strip_m": 4.0, "cx": 385347.7326634315, "cy": 2419997.1029000925, "selected": false, "order": -1, "sortie": -1}}, {"type": "Feature", "geometry": {"type": "LineString", "coordinates": [[-160.109491, 21.879443], [-160.109466, 21.879356], [-160.10944, 21.879316], [-160.10941, 21.879402], [-160.10938, 21.879488], [-160.109342, 21.879564], [-160.109246, 21.879565], [-160.109149, 21.879565], [-160.109056, 21.879558], [-160.108998, 21.879486], [-160.108939, 21.879414], [-160.10888, 21.879342], [-160.108822, 21.879271], [-160.108759, 21.879207], [-160.108662, 21.879207], [-160.108565, 21.879208], [-160.108468, 21.879209], [-160.108374, 21.879203], [-160.108297, 21.879148], [-160.10822, 21.879093]]}, "properties": {"seg_id": 327, "ring_id": 0, "i0": 6540, "i1": 6560, "length_m": 200.0, "score": -1.7855259699359292, "bay": 0.4065556824207306, "exposure": -0.5645040059326413, "strip_m": 6.0, "cx": 385431.6609292646, "cy": 2419886.25357012, "selected": false, "order": -1, "sortie": -1}}, {"type": "Feature", "geometry": {"type": "LineString", "coordinates": [[-160.108143, 21.879038], [-160.108067, 21.878983], [-160.10799, 21.878928], [-160.107913, 21.878874], [-160.107836, 21.878819], [-160.107759, 21.878764], [-160.107683, 21.878709], [-160.107606, 21.878654], [-160.107529, 21.878599], [-160.107439, 21.878592], [-160.107343, 21.878606], [-160.107247, 21.878619], [-160.107152, 21.878633], [-160.107056, 21.878646], [-160.10696, 21.878659], [-160.106864, 21.878673], [-160.10683, 21.878735], [-160.106831, 21.878826], [-160.106832, 21.878916], [-160.106832, 21.879006]]}, "properties": {"seg_id": 328, "ring_id": 0, "i0": 6560, "i1": 6580, "length_m": 200.0, "score": -1.6235995162745742, "bay": 0.37851197421550753, "exposure": -0.36789335417456104, "strip_m": 17.5, "cx": 385591.60943529423, "cy": 2419819.9665966267, "selected": false, "order": -1, "sortie": -1}}, {"type": "Feature", "geometry": {"type": "LineString", "coordinates": [[-160.10678, 21.879069], [-160.106697, 21.879116], [-160.106615, 21.879163], [-160.106532, 21.87921], [-160.106449, 21.879257], [-160.106367, 21.879304], [-160.106338, 21.879385], [-160.106323, 21.879474], [-160.106308, 21.879564], [-160.106293, 21.879653], [-160.106278, 21.879742], [-160.106262, 21.879831], [-160.106188, 21.879863], [-160.106092, 21.879873], [-160.105996, 21.879882], [-160.1059, 21.879892], [-160.105804, 21.879901], [-160.105707, 21.879911], [-160.105611, 21.879921], [-160.105515, 21.87993]]}, "properties": {"seg_id": 329, "ring_id": 0, "i0": 6580, "i1": 6600, "length_m": 200.0, "score": -0.017282639193226583, "bay": 0.5163371577858925, "exposure": 0.08422969503248581, "strip_m": 4.0, "cx": 385715.5166759295, "cy": 2419911.3108968553, "selected": false, "order": -1, "sortie": -1}}, {"type": "Feature", "geometry": {"type": "LineString", "coordinates": [[-160.105419, 21.87994], [-160.105322, 21.87995], [-160.105292, 21.880014], [-160.105292, 21.880104], [-160.105293, 21.880194], [-160.105231, 21.880243], [-160.10514, 21.880273], [-160.105048, 21.880302], [-160.105026, 21.880357], [-160.10507, 21.880438], [-160.10508, 21.880511], [-160.105002, 21.880564], [-160.104923, 21.880617], [-160.104845, 21.88067], [-160.104767, 21.880723], [-160.104688, 21.880776], [-160.10461, 21.880829], [-160.104532, 21.880882], [-160.104453, 21.880935], [-160.104419, 21.881013]]}, "properties": {"seg_id": 330, "ring_id": 0, "i0": 6600, "i1": 6620, "length_m": 200.0, "score": -0.7393560682933766, "bay": 0.4304890841245651, "exposure": 0.29685660803021563, "strip_m": 6.5, "cx": 385843.31427098997, "cy": 2420006.646760582, "selected": false, "order": -1, "sortie": -1}}, {"type": "Feature", "geometry": {"type": "LineString", "coordinates": [[-160.104406, 21.881102], [-160.104393, 21.881192], [-160.10438, 21.881281], [-160.104367, 21.881371], [-160.104354, 21.88146], [-160.104341, 21.88155], [-160.104292, 21.881621], [-160.104219, 21.88168], [-160.104146, 21.881739], [-160.104073, 21.881799], [-160.104, 21.881858], [-160.103927, 21.881917], [-160.103854, 21.881977], [-160.103781, 21.882036], [-160.103708, 21.882095], [-160.103674, 21.882164], [-160.103706, 21.88225], [-160.103737, 21.882335], [-160.10374, 21.8824], [-160.103644, 21.882393]]}, "properties": {"seg_id": 331, "ring_id": 0, "i0": 6620, "i1": 6640, "length_m": 200.0, "score": 1.1741376371628587, "bay": 0.5823621302843094, "exposure": 0.4405977169030172, "strip_m": 9.5, "cx": 385941.0582744407, "cy": 2420154.777462707, "selected": true, "order": 49, "sortie": 3}}, {"type": "Feature", "geometry": {"type": "LineString", "coordinates": [[-160.103547, 21.882385], [-160.103451, 21.882378], [-160.103354, 21.88237], [-160.103258, 21.882363], [-160.103161, 21.882355], [-160.103065, 21.882348], [-160.102968, 21.88234], [-160.102872, 21.882333], [-160.102776, 21.882325], [-160.102685, 21.882331], [-160.102624, 21.882401], [-160.102562, 21.882471], [-160.102501, 21.882541], [-160.10244, 21.88261], [-160.102378, 21.88268], [-160.102317, 21.88275], [-160.102255, 21.88282], [-160.102181, 21.882864], [-160.102084, 21.882865], [-160.101987, 21.882866]]}, "properties": {"seg_id": 332, "ring_id": 0, "i0": 6640, "i1": 6660, "length_m": 200.0, "score": -0.40490762303700667, "bay": 0.46670136600732803, "exposure": -0.19769358224496897, "strip_m": 11.0, "cx": 386077.3385852446, "cy": 2420232.259883397, "selected": false, "order": -1, "sortie": -1}}, {"type": "Feature", "geometry": {"type": "LineString", "coordinates": [[-160.101919, 21.882898], [-160.101901, 21.882987], [-160.101883, 21.883076], [-160.101864, 21.883165], [-160.101846, 21.883253], [-160.10181, 21.883308], [-160.101723, 21.883268], [-160.101637, 21.883231], [-160.101578, 21.883303], [-160.101519, 21.883375], [-160.10146, 21.883447], [-160.101401, 21.883518], [-160.101342, 21.88359], [-160.101283, 21.883662], [-160.101224, 21.883733], [-160.101166, 21.883805], [-160.101107, 21.883877], [-160.101048, 21.883948], [-160.100989, 21.88402], [-160.100908, 21.884033]]}, "properties": {"seg_id": 333, "ring_id": 0, "i0": 6660, "i1": 6680, "length_m": 200.0, "score": -0.10871425859733133, "bay": 0.5176378861069679, "exposure": 0.2553359674580773, "strip_m": 1.0, "cx": 386206.52084532223, "cy": 2420337.070752257, "selected": false, "order": -1, "sortie": -1}}, {"type": "Feature", "geometry": {"type": "LineString", "coordinates": [[-160.100814, 21.884012], [-160.10072, 21.883991], [-160.100626, 21.88397], [-160.100564, 21.884002], [-160.100534, 21.884088], [-160.100504, 21.884174], [-160.100451, 21.884231], [-160.100355, 21.884232], [-160.100258, 21.884232], [-160.100161, 21.884233], [-160.100064, 21.884233], [-160.100001, 21.884265], [-160.100002, 21.884355], [-160.100002, 21.884446], [-160.100003, 21.884536], [-160.100004, 21.884626], [-160.099977, 21.884703], [-160.099897, 21.884754], [-160.099816, 21.884804], [-160.099736, 21.884855]]}, "properties": {"seg_id": 334, "ring_id": 0, "i0": 6680, "i1": 6700, "length_m": 200.0, "score": -0.5466115635754131, "bay": 0.4384495437145233, "exposure": 0.1266859524679439, "strip_m": 11.0, "cx": 386336.9633308096, "cy": 2420431.587971532, "selected": false, "order": -1, "sortie": -1}}, {"type": "Feature", "geometry": {"type": "LineString", "coordinates": [[-160.099693, 21.884932], [-160.099663, 21.885017], [-160.099633, 21.885103], [-160.099603, 21.885189], [-160.099573, 21.885275], [-160.099543, 21.885361], [-160.099513, 21.885447], [-160.099483, 21.885533], [-160.099454, 21.885619], [-160.099407, 21.885683], [-160.09931, 21.885684], [-160.099213, 21.885685], [-160.099116, 21.885685], [-160.09902, 21.885686], [-160.098923, 21.885686], [-160.098826, 21.885687], [-160.098729, 21.885688], [-160.098633, 21.885688], [-160.098556, 21.885667], [-160.098539, 21.885578]]}, "properties": {"seg_id": 335, "ring_id": 0, "i0": 6700, "i1": 6720, "length_m": 200.0, "score": 1.571403727960116, "bay": 0.6411550551652908, "exposure": -0.015680832477985917, "strip_m": 10.5, "cx": 386441.49269705714, "cy": 2420558.98413007, "selected": true, "order": 50, "sortie": 3}}, {"type": "Feature", "geometry": {"type": "LineString", "coordinates": [[-160.098523, 21.885489], [-160.098506, 21.8854], [-160.098489, 21.885311], [-160.098473, 21.885222], [-160.098444, 21.885153], [-160.098354, 21.885185], [-160.098263, 21.885218], [-160.098173, 21.88525], [-160.098082, 21.885282], [-160.097992, 21.885315], [-160.097902, 21.885347], [-160.097811, 21.885379], [-160.097721, 21.885412], [-160.097651, 21.885378], [-160.097595, 21.885305], [-160.097538, 21.885232], [-160.097481, 21.885159], [-160.097424, 21.885086], [-160.097367, 21.885012], [-160.097311, 21.884939]]}, "properties": {"seg_id": 336, "ring_id": 0, "i0": 6720, "i1": 6740, "length_m": 200.0, "score": 0.5231268147030157, "bay": 0.5968262284994126, "exposure": -0.6554821599564538, "strip_m": 6.0, "cx": 386572.1665049196, "cy": 2420531.3652939606, "selected": false, "order": -1, "sortie": -1}}, {"type": "Feature", "geometry": {"type": "LineString", "coordinates": [[-160.097254, 21.884866], [-160.097198, 21.884793], [-160.097208, 21.884703], [-160.097218, 21.884613], [-160.097228, 21.884523], [-160.097238, 21.884433], [-160.097248, 21.884343], [-160.097258, 21.884254], [-160.097268, 21.884164], [-160.097278, 21.884074], [-160.097288, 21.883984], [-160.097205, 21.883943], [-160.097118, 21.883903], [-160.097031, 21.883863], [-160.096944, 21.883823], [-160.096857, 21.883783], [-160.09677, 21.883743], [-160.096683, 21.883704], [-160.096597, 21.883664], [-160.096512, 21.883623]]}, "properties": {"seg_id": 337, "ring_id": 0, "i0": 6740, "i1": 6760, "length_m": 200.0, "score": -1.984019476259369, "bay": 0.40291363596916197, "exposure": -0.8545429445688544, "strip_m": 4.5, "cx": 386662.69759684283, "cy": 2420407.4285337543, "selected": false, "order": -1, "sortie": -1}}, {"type": "Feature", "geometry": {"type": "LineString", "coordinates": [[-160.096511, 21.883533], [-160.096508, 21.883445], [-160.096414, 21.883467], [-160.096321, 21.88349], [-160.096227, 21.883512], [-160.096133, 21.883535], [-160.096163, 21.883609], [-160.096207, 21.88369], [-160.096159, 21.883727], [-160.096063, 21.883743], [-160.095968, 21.883758], [-160.095873, 21.883774], [-160.095777, 21.883789], [-160.095682, 21.883805], [-160.095642, 21.883864], [-160.095643, 21.883954], [-160.095644, 21.884044], [-160.095644, 21.884135], [-160.095589, 21.884182], [-160.095494, 21.884197]]}, "properties": {"seg_id": 338, "ring_id": 0, "i0": 6760, "i1": 6780, "length_m": 200.0, "score": -1.7562900987518035, "bay": 0.36592093110084534, "exposure": 0.03808647274797006, "strip_m": 11.5, "cx": 386774.70244299964, "cy": 2420364.8633370874, "selected": false, "order": -1, "sortie": -1}}, {"type": "Feature", "geometry": {"type": "LineString", "coordinates": [[-160.095399, 21.884213], [-160.095303, 21.884228], [-160.095208, 21.884244], [-160.095113, 21.884259], [-160.095037, 21.884303], [-160.09498, 21.884377], [-160.094924, 21.88445], [-160.094868, 21.884524], [-160.094811, 21.884597], [-160.094755, 21.88467], [-160.094698, 21.884744], [-160.094642, 21.884817], [-160.094586, 21.884891], [-160.094529, 21.884964], [-160.094473, 21.885038], [-160.094417, 21.885111], [-160.09436, 21.885184], [-160.094304, 21.885258], [-160.094216, 21.885241], [-160.094124, 21.885213]]}, "properties": {"seg_id": 339, "ring_id": 0, "i0": 6780, "i1": 6800, "length_m": 200.0, "score": 0.08916779973639691, "bay": 0.49661812037229536, "exposure": 0.11408028102353245, "strip_m": 18.0, "cx": 386904.1816898207, "cy": 2420469.5121699153, "selected": false, "order": -1, "sortie": -1}}, {"type": "Feature", "geometry": {"type": "LineString", "coordinates": [[-160.094032, 21.885185], [-160.094008, 21.885243], [-160.094008, 21.885334], [-160.094009, 21.885424], [-160.093939, 21.88546], [-160.093844, 21.885475], [-160.093748, 21.88549], [-160.093653, 21.885506], [-160.093558, 21.885521], [-160.093462, 21.885537], [-160.093394, 21.885591], [-160.093341, 21.885667], [-160.093288, 21.885743], [-160.093235, 21.885818], [-160.093182, 21.885894], [-160.093129, 21.885969], [-160.093076, 21.886045], [-160.093023, 21.88612], [-160.09297, 21.886196], [-160.092916, 21.886271]]}, "properties": {"seg_id": 340, "ring_id": 0, "i0": 6800, "i1": 6820, "length_m": 200.0, "score": -0.056349484676904496, "bay": 0.48813736736774443, "exposure": 0.226390439028637, "strip_m": 9.0, "cx": 387033.7272014369, "cy": 2420574.665042908, "selected": false, "order": -1, "sortie": -1}}, {"type": "Feature", "geometry": {"type": "LineString", "coordinates": [[-160.092863, 21.886347], [-160.092788, 21.886401], [-160.092708, 21.886452], [-160.092627, 21.886503], [-160.092547, 21.886553], [-160.092467, 21.886604], [-160.092387, 21.886655], [-160.092307, 21.886705], [-160.092219, 21.886707], [-160.092127, 21.886679], [-160.092035, 21.886651], [-160.091975, 21.886676], [-160.091952, 21.886764], [-160.091929, 21.886852], [-160.091907, 21.88694], [-160.091859, 21.886998], [-160.091762, 21.886999], [-160.091665, 21.886999], [-160.091582, 21.887025], [-160.091526, 21.887098]]}, "properties": {"seg_id": 341, "ring_id": 0, "i0": 6820, "i1": 6840, "length_m": 200.0, "score": -0.3813894075141552, "bay": 0.49625391364097593, "exposure": 0.02886400178467703, "strip_m": 1.5, "cx": 387171.8786297598, "cy": 2420690.586175073, "selected": false, "order": -1, "sortie": -1}}, {"type": "Feature", "geometry": {"type": "LineString", "coordinates": [[-160.091469, 21.887171], [-160.091413, 21.887245], [-160.091357, 21.887318], [-160.0913, 21.887392], [-160.091244, 21.887465], [-160.091188, 21.887539], [-160.091131, 21.887612], [-160.091075, 21.887686], [-160.091018, 21.887759], [-160.090962, 21.887832], [-160.090906, 21.887906], [-160.090849, 21.887979], [-160.090764, 21.888008], [-160.090668, 21.888022], [-160.090573, 21.888035], [-160.090477, 21.888049], [-160.090381, 21.888062], [-160.090285, 21.888076], [-160.09019, 21.888089], [-160.090143, 21.888152]]}, "properties": {"seg_id": 342, "ring_id": 0, "i0": 6840, "i1": 6860, "length_m": 200.0, "score": -0.2796956384104282, "bay": 0.4718522474169731, "exposure": 0.15242767027890708, "strip_m": 9.5, "cx": 387306.17975693184, "cy": 2420804.7038201997, "selected": false, "order": -1, "sortie": -1}}, {"type": "Feature", "geometry": {"type": "LineString", "coordinates": [[-160.090122, 21.88824], [-160.0901, 21.888328], [-160.090079, 21.888416], [-160.090057, 21.888504], [-160.090036, 21.888592], [-160.090014, 21.88868], [-160.089993, 21.888769], [-160.089971, 21.888857], [-160.08995, 21.888945], [-160.089928, 21.889033], [-160.089907, 21.889121], [-160.089885, 21.889209], [-160.089864, 21.889297], [-160.089842, 21.889385], [-160.089821, 21.889473], [-160.089799, 21.889561], [-160.089771, 21.889646], [-160.089715, 21.88972], [-160.08966, 21.889794], [-160.089604, 21.889868]]}, "properties": {"seg_id": 343, "ring_id": 0, "i0": 6860, "i1": 6880, "length_m": 200.0, "score": 0.4793931670941639, "bay": 0.5145681619644165, "exposure": 0.6710459620614839, "strip_m": 6.5, "cx": 387406.77019498905, "cy": 2420948.1387002454, "selected": false, "order": -1, "sortie": -1}}, {"type": "Feature", "geometry": {"type": "LineString", "coordinates": [[-160.089548, 21.889942], [-160.089492, 21.890016], [-160.089437, 21.89009], [-160.089381, 21.890164], [-160.089325, 21.890237], [-160.089251, 21.890292], [-160.089165, 21.890333], [-160.089079, 21.890374], [-160.088993, 21.890415], [-160.088905, 21.890448], [-160.088811, 21.890426], [-160.088717, 21.890405], [-160.088623, 21.890384], [-160.088529, 21.890363], [-160.088435, 21.890341], [-160.088341, 21.89032], [-160.088247, 21.890299], [-160.088153, 21.890277], [-160.088103, 21.890204], [-160.088059, 21.890123]]}, "properties": {"seg_id": 344, "ring_id": 0, "i0": 6880, "i1": 6900, "length_m": 200.0, "score": 1.9109461893761057, "bay": 0.667793969810009, "exposure": -0.32345260931872766, "strip_m": 18.5, "cx": 387518.89501169894, "cy": 2421080.253414211, "selected": true, "order": 51, "sortie": 3}}, {"type": "Feature", "geometry": {"type": "LineString", "coordinates": [[-160.088015, 21.890043], [-160.087971, 21.889962], [-160.087927, 21.889882], [-160.087883, 21.889801], [-160.08784, 21.889721], [-160.087796, 21.88964], [-160.087752, 21.88956], [-160.087708, 21.889479], [-160.087664, 21.889399], [-160.08762, 21.889318], [-160.087576, 21.889238], [-160.087511, 21.889211], [-160.087421, 21.889245], [-160.087332, 21.889279], [-160.087242, 21.889313], [-160.087153, 21.889347], [-160.087067, 21.889385], [-160.087032, 21.889469], [-160.086997, 21.889553], [-160.086961, 21.889637]]}, "properties": {"seg_id": 345, "ring_id": 0, "i0": 6900, "i1": 6920, "length_m": 200.0, "score": -1.447530758852467, "bay": 0.39006244391202927, "exposure": -0.49086757843704565, "strip_m": 14.0, "cx": 387653.27347077604, "cy": 2420996.4538490037, "selected": false, "order": -1, "sortie": -1}}, {"type": "Feature", "geometry": {"type": "LineString", "coordinates": [[-160.086926, 21.889722], [-160.086891, 21.889806], [-160.086817, 21.889809], [-160.086727, 21.889776], [-160.086637, 21.889743], [-160.086547, 21.88971], [-160.086457, 21.889677], [-160.086365, 21.889657], [-160.086269, 21.889667], [-160.086172, 21.889676], [-160.086076, 21.889686], [-160.08598, 21.889695], [-160.085884, 21.889705], [-160.085787, 21.889715], [-160.085691, 21.889724], [-160.085595, 21.889734], [-160.085499, 21.889744], [-160.085438, 21.88973], [-160.085481, 21.889649], [-160.085521, 21.889569]]}, "properties": {"seg_id": 346, "ring_id": 0, "i0": 6920, "i1": 6940, "length_m": 200.0, "score": -0.33332614195047133, "bay": 0.49401665925979615, "exposure": -0.4355418381279857, "strip_m": 20.0, "cx": 387796.54503562674, "cy": 2421015.960738362, "selected": false, "order": -1, "sortie": -1}}, {"type": "Feature", "geometry": {"type": "LineString", "coordinates": [[-160.085429, 21.889541], [-160.085337, 21.889513], [-160.085245, 21.889485], [-160.085232, 21.889559], [-160.085233, 21.889649], [-160.085234, 21.889739], [-160.085234, 21.88983], [-160.085166, 21.889886], [-160.085085, 21.889937], [-160.085005, 21.889987], [-160.084923, 21.890017], [-160.084832, 21.889984], [-160.084742, 21.889951], [-160.084652, 21.889918], [-160.084562, 21.889885], [-160.084472, 21.889852], [-160.084382, 21.889877], [-160.084293, 21.889911], [-160.084203, 21.889945], [-160.084113, 21.88998]]}, "properties": {"seg_id": 347, "ring_id": 0, "i0": 6940, "i1": 6960, "length_m": 200.0, "score": -1.0186081444425554, "bay": 0.39292404651641843, "exposure": -0.15623865372273785, "strip_m": 49.0, "cx": 387927.7706892615, "cy": 2421027.499169174, "selected": false, "order": -1, "sortie": -1}}, {"type": "Feature", "geometry": {"type": "LineString", "coordinates": [[-160.084024, 21.890014], [-160.084011, 21.890062], [-160.08408, 21.890125], [-160.084149, 21.890189], [-160.084116, 21.890238], [-160.08403, 21.890278], [-160.083943, 21.890319], [-160.083857, 21.89036], [-160.083805, 21.890394], [-160.083901, 21.890393], [-160.083998, 21.890392], [-160.084077, 21.890409], [-160.084078, 21.890499], [-160.084071, 21.890588], [-160.084031, 21.89067], [-160.08399, 21.890752], [-160.08395, 21.890834], [-160.08391, 21.890916], [-160.08387, 21.890998], [-160.083829, 21.89108]]}, "properties": {"seg_id": 348, "ring_id": 0, "i0": 6960, "i1": 6980, "length_m": 200.0, "score": -1.1916558649892135, "bay": 0.3870447605848312, "exposure": 0.460380965866049, "strip_m": 12.0, "cx": 388019.479152572, "cy": 2421099.186717513, "selected": false, "order": -1, "sortie": -1}}, {"type": "Feature", "geometry": {"type": "LineString", "coordinates": [[-160.083789, 21.891163], [-160.083749, 21.891245], [-160.083708, 21.891327], [-160.083668, 21.891409], [-160.083628, 21.891491], [-160.083587, 21.891573], [-160.083547, 21.891655], [-160.083507, 21.891737], [-160.083466, 21.89182], [-160.083426, 21.891902], [-160.083363, 21.891967], [-160.083286, 21.892021], [-160.083209, 21.892076], [-160.083132, 21.892131], [-160.083055, 21.892185], [-160.082971, 21.89218], [-160.082884, 21.892141], [-160.082832, 21.892152], [-160.082833, 21.892242], [-160.082799, 21.892281]]}, "properties": {"seg_id": 349, "ring_id": 0, "i0": 6980, "i1": 7000, "length_m": 200.0, "score": 0.5518672642323039, "bay": 0.5515088558197021, "exposure": 0.2666175480949291, "strip_m": 7.0, "cx": 388089.15260455466, "cy": 2421249.1834220868, "selected": false, "order": -1, "sortie": -1}}, {"type": "Feature", "geometry": {"type": "LineString", "coordinates": [[-160.082712, 21.892242], [-160.082635, 21.892222], [-160.082613, 21.89231], [-160.08259, 21.892398], [-160.082567, 21.892485], [-160.082542, 21.892572], [-160.082462, 21.892623], [-160.082382, 21.892673], [-160.082302, 21.892724], [-160.082221, 21.892774], [-160.082141, 21.892825], [-160.082061, 21.892876], [-160.081981, 21.892926], [-160.081967, 21.89301], [-160.081968, 21.8931], [-160.081969, 21.89319], [-160.081889, 21.893207], [-160.081792, 21.893207], [-160.081696, 21.893208], [-160.081626, 21.893264]]}, "properties": {"seg_id": 350, "ring_id": 0, "i0": 7000, "i1": 7020, "length_m": 200.0, "score": 0.193147269047714, "bay": 0.48995838314294815, "exposure": 0.19928349491091865, "strip_m": 20.0, "cx": 388205.20196761197, "cy": 2421354.296562883, "selected": false, "order": -1, "sortie": -1}}, {"type": "Feature", "geometry": {"type": "LineString", "coordinates": [[-160.081563, 21.893333], [-160.0815, 21.893401], [-160.081437, 21.89347], [-160.081374, 21.893538], [-160.08131, 21.893606], [-160.081247, 21.893675], [-160.081184, 21.893743], [-160.081121, 21.893812], [-160.081057, 21.89388], [-160.080988, 21.893935], [-160.080891, 21.893936], [-160.080794, 21.893937], [-160.080697, 21.893937], [-160.080611, 21.893953], [-160.080568, 21.894035], [-160.080526, 21.894116], [-160.080483, 21.894197], [-160.08044, 21.894278], [-160.080398, 21.894359], [-160.080355, 21.89444]]}, "properties": {"seg_id": 351, "ring_id": 0, "i0": 7020, "i1": 7040, "length_m": 200.0, "score": 0.3287234854804838, "bay": 0.5374609902501106, "exposure": 0.2253031545759244, "strip_m": 6.5, "cx": 388338.14630211715, "cy": 2421473.7232052134, "selected": false, "order": -1, "sortie": -1}}, {"type": "Feature", "geometry": {"type": "LineString", "coordinates": [[-160.080287, 21.894493], [-160.080194, 21.894515], [-160.0801, 21.894538], [-160.080006, 21.89456], [-160.079917, 21.894557], [-160.079834, 21.89451], [-160.079752, 21.894463], [-160.079669, 21.894415], [-160.079587, 21.894368], [-160.079504, 21.894321], [-160.079422, 21.894273], [-160.07934, 21.894226], [-160.079257, 21.894179], [-160.079175, 21.894131], [-160.079141, 21.894208], [-160.079111, 21.894294], [-160.079081, 21.89438], [-160.079, 21.8944], [-160.078903, 21.894401], [-160.078806, 21.894401]]}, "properties": {"seg_id": 352, "ring_id": 0, "i0": 7040, "i1": 7060, "length_m": 200.0, "score": -0.7534890789627107, "bay": 0.4758064642548561, "exposure": -0.4459992355436044, "strip_m": 7.5, "cx": 388485.5357664483, "cy": 2421528.321706907, "selected": false, "order": -1, "sortie": -1}}, {"type": "Feature", "geometry": {"type": "LineString", "coordinates": [[-160.078709, 21.894402], [-160.078613, 21.894403], [-160.078567, 21.894469], [-160.078537, 21.894554], [-160.078507, 21.89464], [-160.078477, 21.894726], [-160.078447, 21.894812], [-160.078417, 21.894898], [-160.078387, 21.894984], [-160.078357, 21.89507], [-160.078327, 21.895156], [-160.078283, 21.895232], [-160.078203, 21.895282], [-160.078123, 21.895333], [-160.078043, 21.895384], [-160.077963, 21.895434], [-160.077883, 21.895485], [-160.077802, 21.895536], [-160.077723, 21.895579], [-160.077649, 21.89552]]}, "properties": {"seg_id": 353, "ring_id": 0, "i0": 7060, "i1": 7080, "length_m": 200.0, "score": 0.6424626773501594, "bay": 0.5535379916429519, "exposure": 0.2176459118370107, "strip_m": 11.0, "cx": 388615.53194104973, "cy": 2421600.8457841827, "selected": true, "order": 52, "sortie": 3}}, {"type": "Feature", "geometry": {"type": "LineString", "coordinates": [[-160.077575, 21.895462], [-160.077501, 21.895404], [-160.077427, 21.895346], [-160.077353, 21.895287], [-160.077279, 21.895229], [-160.077205, 21.895171], [-160.077131, 21.895112], [-160.077057, 21.895054], [-160.076966, 21.895061], [-160.076871, 21.895079], [-160.076776, 21.895097], [-160.076681, 21.895116], [-160.076587, 21.895134], [-160.076492, 21.895152], [-160.076397, 21.895171], [-160.076302, 21.895189], [-160.076207, 21.895207], [-160.076113, 21.895226], [-160.076023, 21.895206], [-160.075936, 21.895166]]}, "properties": {"seg_id": 354, "ring_id": 0, "i0": 7080, "i1": 7100, "length_m": 200.0, "score": -0.5182016242894801, "bay": 0.49042664766311644, "exposure": -0.6205953353269998, "strip_m": 9.0, "cx": 388766.16698536935, "cy": 2421616.2345372797, "selected": false, "order": -1, "sortie": -1}}, {"type": "Feature", "geometry": {"type": "LineString", "coordinates": [[-160.075849, 21.895127], [-160.075762, 21.895087], [-160.075683, 21.895069], [-160.075641, 21.89515], [-160.075598, 21.895231], [-160.075555, 21.895312], [-160.075513, 21.895393], [-160.075439, 21.895446], [-160.075353, 21.895487], [-160.075267, 21.895528], [-160.07518, 21.895568], [-160.075094, 21.895609], [-160.075008, 21.89565], [-160.074922, 21.895691], [-160.074825, 21.8957], [-160.074729, 21.895708], [-160.074632, 21.895716], [-160.074536, 21.895724], [-160.07444, 21.895732], [-160.074343, 21.89574]]}, "properties": {"seg_id": 355, "ring_id": 0, "i0": 7100, "i1": 7120, "length_m": 200.0, "score": -0.581581650107011, "bay": 0.4797086462378502, "exposure": -0.13529171113561736, "strip_m": 7.0, "cx": 388934.3173602025, "cy": 2421647.1363703175, "selected": false, "order": -1, "sortie": -1}}, {"type": "Feature", "geometry": {"type": "LineString", "coordinates": [[-160.074247, 21.895748], [-160.07415, 21.895756], [-160.074054, 21.895765], [-160.073958, 21.895773], [-160.073861, 21.895781], [-160.073765, 21.895789], [-160.073729, 21.89587], [-160.073695, 21.895955], [-160.073662, 21.89604], [-160.073629, 21.896125], [-160.073595, 21.89621], [-160.073562, 21.896294], [-160.073529, 21.896379], [-160.073495, 21.896464], [-160.073489, 21.896549], [-160.07352, 21.896635], [-160.073551, 21.89672], [-160.073582, 21.896806], [-160.073614, 21.896891], [-160.073645, 21.896977]]}, "properties": {"seg_id": 356, "ring_id": 0, "i0": 7120, "i1": 7140, "length_m": 200.0, "score": -1.249473148779629, "bay": 0.35691988468170166, "exposure": 0.4474112021609676, "strip_m": 21.5, "cx": 389084.8933273877, "cy": 2421728.3491746183, "selected": false, "order": -1, "sortie": -1}}, {"type": "Feature", "geometry": {"type": "LineString", "coordinates": [[-160.073673, 21.897063], [-160.073674, 21.897153], [-160.073675, 21.897243], [-160.073675, 21.897334], [-160.073676, 21.897424], [-160.073677, 21.897514], [-160.073677, 21.897605], [-160.073678, 21.897695], [-160.073679, 21.897785], [-160.07368, 21.897876], [-160.07368, 21.897966], [-160.073681, 21.898056], [-160.073682, 21.898147], [-160.073682, 21.898237], [-160.073683, 21.898327], [-160.073684, 21.898418], [-160.073684, 21.898508], [-160.073685, 21.898598], [-160.073686, 21.898689], [-160.073686, 21.898779]]}, "properties": {"seg_id": 357, "ring_id": 0, "i0": 7140, "i1": 7160, "length_m": 200.0, "score": 0.669050244730502, "bay": 0.4829344481229782, "exposure": 0.8692117201832751, "strip_m": 36.5, "cx": 389090.0, "cy": 2421915.8834142764, "selected": true, "order": 53, "sortie": 3}}, {"type": "Feature", "geometry": {"type": "LineString", "coordinates": [[-160.073687, 21.898869], [-160.073688, 21.89896], [-160.07369, 21.89905], [-160.073716, 21.899137], [-160.073741, 21.899224], [-160.073766, 21.899311], [-160.073792, 21.899398], [-160.073817, 21.899486], [-160.073842, 21.899573], [-160.073868, 21.89966], [-160.073893, 21.899747], [-160.073918, 21.899834], [-160.073943, 21.899922], [-160.073969, 21.900009], [-160.073994, 21.900096], [-160.074019, 21.900183], [-160.074045, 21.90027], [-160.07407, 21.900358], [-160.074095, 21.900445], [-160.07412, 21.900532]]}, "properties": {"seg_id": 358, "ring_id": 0, "i0": 7160, "i1": 7180, "length_m": 200.0, "score": 0.5286986744289273, "bay": 0.47221644818782804, "exposure": 0.9532932031275066, "strip_m": 26.0, "cx": 389070.3289218927, "cy": 2422113.3384382348, "selected": false, "order": -1, "sortie": -1}}, {"type": "Feature", "geometry": {"type": "LineString", "coordinates": [[-160.074146, 21.900619], [-160.074171, 21.900706], [-160.074215, 21.900727], [-160.074283, 21.900662], [-160.074351, 21.900598], [-160.074387, 21.900628], [-160.074404, 21.900717], [-160.074421, 21.900806], [-160.074437, 21.900895], [-160.074454, 21.900984], [-160.07447, 21.901073], [-160.074464, 21.90116], [-160.074437, 21.901247], [-160.074409, 21.901334], [-160.074382, 21.901421], [-160.074355, 21.901507], [-160.074328, 21.901594], [-160.074301, 21.901681], [-160.074274, 21.901767], [-160.074246, 21.901854]]}, "properties": {"seg_id": 359, "ring_id": 0, "i0": 7180, "i1": 7200, "length_m": 200.0, "score": 1.3107751529290386, "bay": 0.5629032239317894, "exposure": 0.7206620173812358, "strip_m": 18.5, "cx": 389023.56309064827, "cy": 2422268.1858887547, "selected": true, "order": 54, "sortie": 3}}, {"type": "Feature", "geometry": {"type": "LineString", "coordinates": [[-160.074219, 21.901941], [-160.074188, 21.902014], [-160.074119, 21.901951], [-160.074051, 21.901887], [-160.074006, 21.901863], [-160.07403, 21.901951], [-160.074054, 21.902038], [-160.074078, 21.902126], [-160.074089, 21.902209], [-160.074014, 21.902266], [-160.073938, 21.902323], [-160.073863, 21.90238], [-160.073788, 21.902437], [-160.073713, 21.902493], [-160.073638, 21.90255], [-160.073618, 21.902632], [-160.073619, 21.902722], [-160.07362, 21.902813], [-160.073671, 21.902883], [-160.073739, 21.902946]]}, "properties": {"seg_id": 360, "ring_id": 0, "i0": 7200, "i1": 7220, "length_m": 200.0, "score": -0.19546639634725355, "bay": 0.4312174767255783, "exposure": 0.510434200009747, "strip_m": 32.5, "cx": 389070.37482488586, "cy": 2422403.1643887744, "selected": false, "order": -1, "sortie": -1}}, {"type": "Feature", "geometry": {"type": "LineString", "coordinates": [[-160.073808, 21.90301], [-160.073877, 21.903073], [-160.073955, 21.903085], [-160.074041, 21.903044], [-160.074105, 21.903037], [-160.074106, 21.903127], [-160.074129, 21.903184], [-160.074215, 21.903143], [-160.074299, 21.903105], [-160.07429, 21.903195], [-160.074281, 21.903285], [-160.074272, 21.903375], [-160.074263, 21.903465], [-160.074255, 21.903555], [-160.074246, 21.903645], [-160.074237, 21.903734], [-160.074228, 21.903824], [-160.074219, 21.903914], [-160.07421, 21.904004], [-160.074245, 21.904088]]}, "properties": {"seg_id": 361, "ring_id": 0, "i0": 7220, "i1": 7240, "length_m": 200.0, "score": 0.4836634791313938, "bay": 0.4985431894659996, "exposure": 0.756173783303859, "strip_m": 36.0, "cx": 389044.2150475362, "cy": 2422522.1884957426, "selected": false, "order": -1, "sortie": -1}}, {"type": "Feature", "geometry": {"type": "LineString", "coordinates": [[-160.074282, 21.904172], [-160.074318, 21.904255], [-160.074355, 21.904339], [-160.074391, 21.904423], [-160.074428, 21.904506], [-160.074464, 21.90459], [-160.074501, 21.904674], [-160.074538, 21.904757], [-160.074574, 21.904841], [-160.074621, 21.904899], [-160.074707, 21.904859], [-160.074793, 21.904818], [-160.074853, 21.904885], [-160.074911, 21.904957], [-160.07497, 21.905029], [-160.075029, 21.905101], [-160.075087, 21.905173], [-160.075183, 21.905175], [-160.07528, 21.905174], [-160.075376, 21.905174]]}, "properties": {"seg_id": 362, "ring_id": 0, "i0": 7240, "i1": 7260, "length_m": 200.0, "score": -0.43788049472371826, "bay": 0.4301769033074379, "exposure": 0.8294927774065515, "strip_m": 6.5, "cx": 388986.5183272588, "cy": 2422677.069565738, "selected": false, "order": -1, "sortie": -1}}, {"type": "Feature", "geometry": {"type": "LineString", "coordinates": [[-160.075473, 21.905173], [-160.07557, 21.905172], [-160.075574, 21.905259], [-160.075575, 21.90535], [-160.075575, 21.90544], [-160.075576, 21.90553], [-160.075667, 21.905512], [-160.07576, 21.905489], [-160.075854, 21.905467], [-160.075948, 21.905444], [-160.075963, 21.905517], [-160.075964, 21.905607], [-160.075965, 21.905697], [-160.075965, 21.905788], [-160.075966, 21.905878], [-160.075967, 21.905968], [-160.075967, 21.906059], [-160.075932, 21.906141], [-160.075889, 21.906222], [-160.075846, 21.906303]]}, "properties": {"seg_id": 363, "ring_id": 0, "i0": 7260, "i1": 7280, "length_m": 200.0, "score": 1.5203638211027708, "bay": 0.6081165507435798, "exposure": 0.7176691528731991, "strip_m": 20.5, "cx": 388876.9894669079, "cy": 2422773.147359206, "selected": true, "order": 55, "sortie": 4}}, {"type": "Feature", "geometry": {"type": "LineString", "coordinates": [[-160.075803, 21.906385], [-160.075761, 21.906466], [-160.075718, 21.906547], [-160.075687, 21.906628], [-160.075731, 21.906708], [-160.075775, 21.906789], [-160.075819, 21.906869], [-160.075863, 21.90695], [-160.075906, 21.90703], [-160.07595, 21.907111], [-160.076017, 21.907157], [-160.076113, 21.907156], [-160.07621, 21.907156], [-160.076307, 21.907155], [-160.076363, 21.907193], [-160.076364, 21.907283], [-160.076364, 21.907374], [-160.076365, 21.907464], [-160.076366, 21.907554], [-160.076366, 21.907645]]}, "properties": {"seg_id": 364, "ring_id": 0, "i0": 7280, "i1": 7300, "length_m": 200.0, "score": 0.02747210086698982, "bay": 0.4467741996049881, "exposure": 0.8201319717143359, "strip_m": 29.0, "cx": 388852.99422135006, "cy": 2422926.0769839045, "selected": false, "order": -1, "sortie": -1}}, {"type": "Feature", "geometry": {"type": "LineString", "coordinates": [[-160.076396, 21.907724], [-160.076465, 21.907787], [-160.076534, 21.90785], [-160.076603, 21.907914], [-160.076672, 21.907977], [-160.076741, 21.908041], [-160.07681, 21.908104], [-160.076879, 21.908167], [-160.076948, 21.908231], [-160.076924, 21.908315], [-160.076894, 21.908401], [-160.076864, 21.908487], [-160.076834, 21.908573], [-160.076804, 21.908659], [-160.076774, 21.908745], [-160.076787, 21.908828], [-160.076828, 21.90891], [-160.076869, 21.908992], [-160.076909, 21.909074], [-160.07695, 21.909156]]}, "properties": {"seg_id": 365, "ring_id": 0, "i0": 7300, "i1": 7320, "length_m": 200.0, "score": 1.0286404953085502, "bay": 0.5113943859934806, "exposure": 0.891655668176503, "strip_m": 44.5, "cx": 388778.4783764964, "cy": 2423077.819626584, "selected": true, "order": 56, "sortie": 4}}, {"type": "Feature", "geometry": {"type": "LineString", "coordinates": [[-160.076991, 21.909238], [-160.077031, 21.90932], [-160.077072, 21.909402], [-160.077113, 21.909484], [-160.077153, 21.909566], [-160.077194, 21.909648], [-160.077235, 21.90973], [-160.077305, 21.909768], [-160.077402, 21.909767], [-160.077453, 21.909815], [-160.077464, 21.909905], [-160.077475, 21.909994], [-160.077485, 21.910084], [-160.077496, 21.910174], [-160.077507, 21.910264], [-160.077518, 21.910354], [-160.077529, 21.910443], [-160.077539, 21.910533], [-160.07755, 21.910623], [-160.077561, 21.910713]]}, "properties": {"seg_id": 366, "ring_id": 0, "i0": 7320, "i1": 7340, "length_m": 200.0, "score": 0.9353034464774448, "bay": 0.5088969841599464, "exposure": 0.9265995696504042, "strip_m": 24.0, "cx": 388719.8060255925, "cy": 2423249.2075789296, "selected": true, "order": 57, "sortie": 4}}, {"type": "Feature", "geometry": {"type": "LineString", "coordinates": [[-160.077572, 21.910802], [-160.077583, 21.910892], [-160.077594, 21.910982], [-160.077604, 21.911072], [-160.077615, 21.911161], [-160.077626, 21.911251], [-160.077637, 21.911341], [-160.077648, 21.911431], [-160.077683, 21.911455], [-160.077751, 21.91139], [-160.077819, 21.911326], [-160.077877, 21.911346], [-160.077929, 21.911422], [-160.077981, 21.911498], [-160.078033, 21.911575], [-160.078085, 21.911651], [-160.078136, 21.911727], [-160.078188, 21.911804], [-160.07824, 21.91188], [-160.078292, 21.911956]]}, "properties": {"seg_id": 367, "ring_id": 0, "i0": 7340, "i1": 7360, "length_m": 200.0, "score": 0.3506313346053704, "bay": 0.47575442492961884, "exposure": 0.844813991794535, "strip_m": 20.5, "cx": 388670.22482713225, "cy": 2423410.831309069, "selected": false, "order": -1, "sortie": -1}}, {"type": "Feature", "geometry": {"type": "LineString", "coordinates": [[-160.078337, 21.912035], [-160.078349, 21.912124], [-160.07836, 21.912214], [-160.078371, 21.912304], [-160.078383, 21.912393], [-160.078394, 21.912483], [-160.078406, 21.912573], [-160.078417, 21.912662], [-160.078428, 21.912752], [-160.078448, 21.912828], [-160.078534, 21.912787], [-160.07862, 21.912746], [-160.078642, 21.912819], [-160.078655, 21.912908], [-160.078668, 21.912998], [-160.07868, 21.913087], [-160.078693, 21.913177], [-160.078706, 21.913266], [-160.078718, 21.913356], [-160.078731, 21.913446]]}, "properties": {"seg_id": 368, "ring_id": 0, "i0": 7360, "i1": 7380, "length_m": 200.0, "score": 0.4053169904039272, "bay": 0.5012487024068832, "exposure": 0.8612564599226028, "strip_m": 6.0, "cx": 388600.7728640882, "cy": 2423560.738553525, "selected": false, "order": -1, "sortie": -1}}, {"type": "Feature", "geometry": {"type": "LineString", "coordinates": [[-160.078783, 21.913519], [-160.078844, 21.91359], [-160.078905, 21.91366], [-160.078966, 21.91373], [-160.079027, 21.9138], [-160.079088, 21.91387], [-160.079115, 21.913947], [-160.079092, 21.914035], [-160.079069, 21.914123], [-160.079046, 21.914211], [-160.079053, 21.914288], [-160.079132, 21.91434], [-160.079211, 21.914392], [-160.07929, 21.914444], [-160.079369, 21.914496], [-160.079448, 21.914548], [-160.079528, 21.9146], [-160.079607, 21.914652], [-160.079686, 21.914704], [-160.079665, 21.914765]]}, "properties": {"seg_id": 369, "ring_id": 0, "i0": 7380, "i1": 7400, "length_m": 200.0, "score": 0.5896320922284852, "bay": 0.5004162386059761, "exposure": 0.8938348925468205, "strip_m": 13.0, "cx": 388532.77275975473, "cy": 2423720.4049097365, "selected": true, "order": 58, "sortie": 4}}, {"type": "Feature", "geometry": {"type": "LineString", "coordinates": [[-160.079597, 21.914829], [-160.079529, 21.914893], [-160.079461, 21.914958], [-160.079456, 21.915019], [-160.07953, 21.915076], [-160.079605, 21.915134], [-160.07968, 21.915191], [-160.079755, 21.915248], [-160.07983, 21.915306], [-160.079904, 21.915363], [-160.079979, 21.91542], [-160.080007, 21.915498], [-160.080008, 21.915589], [-160.080009, 21.915679], [-160.080009, 21.915769], [-160.08001, 21.91586], [-160.080011, 21.91595], [-160.080012, 21.91604], [-160.080073, 21.916073], [-160.080169, 21.916073]]}, "properties": {"seg_id": 370, "ring_id": 0, "i0": 7400, "i1": 7420, "length_m": 200.0, "score": 0.677832149438041, "bay": 0.5012487009167671, "exposure": 0.8181857996962358, "strip_m": 12.0, "cx": 388468.10974334495, "cy": 2423860.6357504963, "selected": true, "order": 59, "sortie": 4}}, {"type": "Feature", "geometry": {"type": "LineString", "coordinates": [[-160.080228, 21.916125], [-160.080265, 21.916209], [-160.080302, 21.916292], [-160.080338, 21.916376], [-160.080375, 21.91646], [-160.080403, 21.916545], [-160.080403, 21.916635], [-160.080404, 21.916726], [-160.080405, 21.916816], [-160.080405, 21.916906], [-160.080406, 21.916997], [-160.080407, 21.917087], [-160.080407, 21.917177], [-160.080408, 21.917268], [-160.080409, 21.917358], [-160.080409, 21.917448], [-160.08042, 21.917537], [-160.080462, 21.917618], [-160.080503, 21.9177], [-160.080545, 21.917781]]}, "properties": {"seg_id": 371, "ring_id": 0, "i0": 7420, "i1": 7440, "length_m": 200.0, "score": 1.034566516337731, "bay": 0.49412071108818056, "exposure": 0.9260666023535284, "strip_m": 52.0, "cx": 388411.0835787673, "cy": 2424027.607074497, "selected": true, "order": 60, "sortie": 4}}, {"type": "Feature", "geometry": {"type": "LineString", "coordinates": [[-160.080586, 21.917863], [-160.080628, 21.917944], [-160.080669, 21.918026], [-160.080711, 21.918108], [-160.080752, 21.918189], [-160.080794, 21.918271], [-160.080836, 21.918352], [-160.080877, 21.918434], [-160.080919, 21.918516], [-160.08096, 21.918597], [-160.081002, 21.918679], [-160.081043, 21.91876], [-160.081085, 21.918842], [-160.081098, 21.91893], [-160.081099, 21.91902], [-160.0811, 21.91911], [-160.0811, 21.919201], [-160.081101, 21.919291], [-160.081102, 21.919381], [-160.081102, 21.919472]]}, "properties": {"seg_id": 372, "ring_id": 0, "i0": 7440, "i1": 7460, "length_m": 200.0, "score": 1.1933499861358112, "bay": 0.5188865810632706, "exposure": 0.9510026860571166, "strip_m": 30.5, "cx": 388357.3413169549, "cy": 2424215.7592757144, "selected": true, "order": 61, "sortie": 4}}, {"type": "Feature", "geometry": {"type": "LineString", "coordinates": [[-160.081103, 21.919562], [-160.081104, 21.919652], [-160.081104, 21.919742], [-160.081105, 21.919833], [-160.081106, 21.919923], [-160.081106, 21.920013], [-160.081107, 21.920104], [-160.081108, 21.920194], [-160.081108, 21.920284], [-160.081109, 21.920375], [-160.08111, 21.920465], [-160.081111, 21.920555], [-160.081111, 21.920646], [-160.081171, 21.920701], [-160.081258, 21.920741], [-160.081306, 21.920804], [-160.081307, 21.920894], [-160.081307, 21.920985], [-160.081308, 21.921075], [-160.081309, 21.921165]]}, "properties": {"seg_id": 373, "ring_id": 0, "i0": 7460, "i1": 7480, "length_m": 200.0, "score": 0.3423845030659678, "bay": 0.4573881387710571, "exposure": 0.8865837766569745, "strip_m": 13.5, "cx": 388333.93454795034, "cy": 2424408.163460525, "selected": false, "order": -1, "sortie": -1}}, {"type": "Feature", "geometry": {"type": "LineString", "coordinates": [[-160.08134, 21.921243], [-160.081409, 21.921307], [-160.081478, 21.92137], [-160.081547, 21.921434], [-160.081616, 21.921497], [-160.081685, 21.92156], [-160.081754, 21.921624], [-160.081823, 21.921687], [-160.081892, 21.921751], [-160.081908, 21.921839], [-160.081922, 21.921929], [-160.081937, 21.922018], [-160.081951, 21.922107], [-160.081965, 21.922197], [-160.08198, 21.922286], [-160.081994, 21.922375], [-160.082009, 21.922465], [-160.082023, 21.922554], [-160.082037, 21.922643], [-160.082052, 21.922733]]}, "properties": {"seg_id": 374, "ring_id": 0, "i0": 7480, "i1": 7500, "length_m": 200.0, "score": 0.9464360362885218, "bay": 0.5219562992453575, "exposure": 0.9485196055297205, "strip_m": 12.0, "cx": 388268.1803566943, "cy": 2424579.680421847, "selected": true, "order": 62, "sortie": 4}}, {"type": "Feature", "geometry": {"type": "LineString", "coordinates": [[-160.082066, 21.922822], [-160.08208, 21.922911], [-160.082095, 21.923001], [-160.082109, 21.92309], [-160.082123, 21.923179], [-160.082138, 21.923269], [-160.082152, 21.923358], [-160.082167, 21.923447], [-160.082181, 21.923537], [-160.082195, 21.923626], [-160.08223, 21.923709], [-160.082271, 21.923791], [-160.082312, 21.923873], [-160.082354, 21.923955], [-160.082395, 21.924036], [-160.082436, 21.924118], [-160.082477, 21.9242], [-160.082518, 21.924282], [-160.08256, 21.924363], [-160.082601, 21.924445]]}, "properties": {"seg_id": 375, "ring_id": 0, "i0": 7500, "i1": 7520, "length_m": 200.0, "score": 0.6157095284383802, "bay": 0.4827783614397049, "exposure": 0.9635083959909568, "strip_m": 12.5, "cx": 388222.3398193974, "cy": 2424770.3858225136, "selected": true, "order": 63, "sortie": 4}}, {"type": "Feature", "geometry": {"type": "LineString", "coordinates": [[-160.082642, 21.924527], [-160.082683, 21.924609], [-160.082724, 21.92469], [-160.082765, 21.924772], [-160.082789, 21.924858], [-160.08279, 21.924948], [-160.08279, 21.925038], [-160.082791, 21.925129], [-160.082792, 21.925219], [-160.082792, 21.925309], [-160.082793, 21.9254], [-160.082794, 21.92549], [-160.082794, 21.92558], [-160.082795, 21.925671], [-160.082796, 21.925761], [-160.082796, 21.925851], [-160.082797, 21.925942], [-160.082798, 21.926032], [-160.082798, 21.926122], [-160.082799, 21.926213]]}, "properties": {"seg_id": 376, "ring_id": 0, "i0": 7520, "i1": 7540, "length_m": 200.0, "score": 0.6763732525624411, "bay": 0.5204994827508926, "exposure": 0.8940297582385952, "strip_m": 6.5, "cx": 388171.72749378823, "cy": 2424959.767798826, "selected": true, "order": 64, "sortie": 4}}, {"type": "Feature", "geometry": {"type": "LineString", "coordinates": [[-160.0828, 21.926303], [-160.0828, 21.926393], [-160.082758, 21.926444], [-160.082662, 21.926445], [-160.082608, 21.926485], [-160.082608, 21.926575], [-160.082609, 21.926666], [-160.08261, 21.926756], [-160.082621, 21.926845], [-160.082645, 21.926932], [-160.082669, 21.92702], [-160.082693, 21.927107], [-160.082717, 21.927195], [-160.082741, 21.927282], [-160.082765, 21.92737], [-160.08279, 21.927457], [-160.082826, 21.92752], [-160.082912, 21.927479], [-160.082998, 21.927438], [-160.083003, 21.927523]]}, "properties": {"seg_id": 377, "ring_id": 0, "i0": 7540, "i1": 7560, "length_m": 200.0, "score": 0.18602590965703716, "bay": 0.4709677413105965, "exposure": 0.7214494993458228, "strip_m": 16.5, "cx": 388176.51752748806, "cy": 2425137.2796899723, "selected": false, "order": -1, "sortie": -1}}, {"type": "Feature", "geometry": {"type": "LineString", "coordinates": [[-160.083003, 21.927613], [-160.083004, 21.927703], [-160.083005, 21.927794], [-160.083005, 21.927884], [-160.083006, 21.927974], [-160.083007, 21.928065], [-160.082914, 21.928069], [-160.082817, 21.92807], [-160.082836, 21.928154], [-160.08286, 21.928241], [-160.082885, 21.928329], [-160.082909, 21.928416], [-160.082933, 21.928504], [-160.082957, 21.928591], [-160.082981, 21.928678], [-160.083005, 21.928766], [-160.082951, 21.92882], [-160.082865, 21.928861], [-160.082778, 21.928902], [-160.082692, 21.928943]]}, "properties": {"seg_id": 378, "ring_id": 0, "i0": 7560, "i1": 7580, "length_m": 200.0, "score": 0.4761177023313965, "bay": 0.5235171735286712, "exposure": 0.5986018347098693, "strip_m": 4.5, "cx": 388159.0870511029, "cy": 2425287.6406576005, "selected": false, "order": -1, "sortie": -1}}, {"type": "Feature", "geometry": {"type": "LineString", "coordinates": [[-160.082625, 21.928996], [-160.082621, 21.929086], [-160.082616, 21.929176], [-160.082611, 21.929267], [-160.082607, 21.929357], [-160.082602, 21.929447], [-160.082597, 21.929537], [-160.082592, 21.929628], [-160.082588, 21.929718], [-160.082583, 21.929808], [-160.082578, 21.929898], [-160.082574, 21.929989], [-160.082569, 21.930079], [-160.082564, 21.930169], [-160.08256, 21.930259], [-160.082555, 21.930349], [-160.08255, 21.93044], [-160.082546, 21.93053], [-160.082534, 21.930619], [-160.082499, 21.930703]]}, "properties": {"seg_id": 379, "ring_id": 0, "i0": 7580, "i1": 7600, "length_m": 200.0, "score": 0.16372553941390952, "bay": 0.49438086003065107, "exposure": 0.8054336879784536, "strip_m": 1.5, "cx": 388195.6262351215, "cy": 2425457.182458896, "selected": false, "order": -1, "sortie": -1}}, {"type": "Feature", "geometry": {"type": "LineString", "coordinates": [[-160.082464, 21.930787], [-160.082428, 21.930871], [-160.082393, 21.930955], [-160.082358, 21.931039], [-160.082322, 21.931123], [-160.082287, 21.931208], [-160.082252, 21.931292], [-160.082217, 21.931376], [-160.082181, 21.93146], [-160.082146, 21.931544], [-160.082111, 21.931628], [-160.082075, 21.931712], [-160.08204, 21.931796], [-160.082005, 21.93188], [-160.081969, 21.931965], [-160.081934, 21.932049], [-160.081899, 21.932133], [-160.081863, 21.932217], [-160.081828, 21.932301], [-160.081793, 21.932385]]}, "properties": {"seg_id": 380, "ring_id": 0, "i0": 7600, "i1": 7620, "length_m": 200.0, "score": 0.29586588904618144, "bay": 0.5004162311553955, "exposure": 0.6183890629512939, "strip_m": 7.5, "cx": 388243.4915378132, "cy": 2425648.728844533, "selected": false, "order": -1, "sortie": -1}}, {"type": "Feature", "geometry": {"type": "LineString", "coordinates": [[-160.081757, 21.932469], [-160.081722, 21.932553], [-160.081687, 21.932637], [-160.081651, 21.932721], [-160.081616, 21.932806], [-160.081591, 21.932891], [-160.081592, 21.932982], [-160.081592, 21.933072], [-160.081593, 21.933162], [-160.081594, 21.933253], [-160.081594, 21.933343], [-160.081595, 21.933433], [-160.081596, 21.933524], [-160.081596, 21.933614], [-160.081597, 21.933704], [-160.081598, 21.933795], [-160.081598, 21.933885], [-160.081592, 21.933975], [-160.08157, 21.934062], [-160.081547, 21.93415]]}, "properties": {"seg_id": 381, "ring_id": 0, "i0": 7620, "i1": 7640, "length_m": 200.0, "score": 0.31540833898595316, "bay": 0.48267429918050764, "exposure": 0.7823314684445685, "strip_m": 11.0, "cx": 388297.9461962291, "cy": 2425838.2743057203, "selected": false, "order": -1, "sortie": -1}}, {"type": "Feature", "geometry": {"type": "LineString", "coordinates": [[-160.081524, 21.934238], [-160.081489, 21.934312], [-160.081392, 21.934312], [-160.08131, 21.934327], [-160.081302, 21.934417], [-160.081294, 21.934508], [-160.081286, 21.934598], [-160.081278, 21.934688], [-160.08127, 21.934778], [-160.081261, 21.934868], [-160.081253, 21.934958], [-160.081245, 21.935048], [-160.081237, 21.935138], [-160.081229, 21.935228], [-160.081215, 21.935315], [-160.081155, 21.935386], [-160.081095, 21.935457], [-160.081035, 21.935528], [-160.080975, 21.935599], [-160.080915, 21.93567]]}, "properties": {"seg_id": 382, "ring_id": 0, "i0": 7640, "i1": 7660, "length_m": 200.0, "score": 0.1121552823835336, "bay": 0.504162335395813, "exposure": 0.5582759407102179, "strip_m": 1.0, "cx": 388338.03292384377, "cy": 2426016.993727033, "selected": false, "order": -1, "sortie": -1}}, {"type": "Feature", "geometry": {"type": "LineString", "coordinates": [[-160.080855, 21.935741], [-160.080847, 21.935825], [-160.08086, 21.935915], [-160.080872, 21.936004], [-160.080885, 21.936094], [-160.080898, 21.936183], [-160.080911, 21.936273], [-160.080923, 21.936363], [-160.080936, 21.936452], [-160.080906, 21.936533], [-160.080853, 21.936608], [-160.080799, 21.936684], [-160.080746, 21.936759], [-160.080693, 21.936835], [-160.08064, 21.93691], [-160.080587, 21.936986], [-160.080557, 21.937068], [-160.080558, 21.937158], [-160.080559, 21.937248], [-160.08056, 21.937339]]}, "properties": {"seg_id": 383, "ring_id": 0, "i0": 7660, "i1": 7680, "length_m": 200.0, "score": 0.35084952971180094, "bay": 0.49386056661605837, "exposure": 0.7253106714617985, "strip_m": 6.5, "cx": 388387.40792931744, "cy": 2426197.1210666946, "selected": false, "order": -1, "sortie": -1}}, {"type": "Feature", "geometry": {"type": "LineString", "coordinates": [[-160.08056, 21.937429], [-160.080561, 21.937519], [-160.080562, 21.93761], [-160.080545, 21.937697], [-160.080506, 21.937779], [-160.080468, 21.937862], [-160.080429, 21.937945], [-160.08039, 21.938028], [-160.080351, 21.938111], [-160.080313, 21.938193], [-160.080274, 21.938276], [-160.080235, 21.938359], [-160.080197, 21.938442], [-160.080178, 21.938529], [-160.080173, 21.938619], [-160.080168, 21.938709], [-160.080163, 21.9388], [-160.080158, 21.93889], [-160.080153, 21.93898], [-160.080148, 21.93907]]}, "properties": {"seg_id": 384, "ring_id": 0, "i0": 7680, "i1": 7700, "length_m": 200.0, "score": 0.35356392662191805, "bay": 0.4866805404424667, "exposure": 0.7203955814149385, "strip_m": 13.5, "cx": 388434.76898086903, "cy": 2426384.2753907675, "selected": false, "order": -1, "sortie": -1}}, {"type": "Feature", "geometry": {"type": "LineString", "coordinates": [[-160.080143, 21.939161], [-160.080138, 21.939251], [-160.080133, 21.939341], [-160.080128, 21.939431], [-160.080123, 21.939521], [-160.080118, 21.939612], [-160.080113, 21.939702], [-160.080108, 21.939792], [-160.080103, 21.939882], [-160.080098, 21.939972], [-160.080057, 21.940048], [-160.079989, 21.940112], [-160.079921, 21.940177], [-160.079853, 21.940241], [-160.079805, 21.940314], [-160.079798, 21.940404], [-160.079792, 21.940494], [-160.079785, 21.940584], [-160.079778, 21.940674], [-160.079771, 21.940764]]}, "properties": {"seg_id": 385, "ring_id": 0, "i0": 7700, "i1": 7720, "length_m": 200.0, "score": 0.3106388213464523, "bay": 0.5069198757410049, "exposure": 0.715190753952502, "strip_m": 2.0, "cx": 388471.1138727715, "cy": 2426575.6965747303, "selected": false, "order": -1, "sortie": -1}}, {"type": "Feature", "geometry": {"type": "LineString", "coordinates": [[-160.079765, 21.940854], [-160.079758, 21.940944], [-160.079751, 21.941035], [-160.079744, 21.941125], [-160.079738, 21.941215], [-160.079731, 21.941305], [-160.079724, 21.941395], [-160.079695, 21.941471], [-160.079609, 21.941512], [-160.079526, 21.941555], [-160.079527, 21.941646], [-160.079528, 21.941736], [-160.079528, 21.941826], [-160.079529, 21.941917], [-160.07953, 21.942007], [-160.079528, 21.942097], [-160.079486, 21.942178], [-160.079443, 21.942259], [-160.0794, 21.94234], [-160.079358, 21.942421]]}, "properties": {"seg_id": 386, "ring_id": 0, "i0": 7720, "i1": 7740, "length_m": 200.0, "score": 0.4064865555199243, "bay": 0.5133194610476494, "exposure": 0.68489830767401, "strip_m": 5.0, "cx": 388512.9851399565, "cy": 2426760.072922239, "selected": false, "order": -1, "sortie": -1}}, {"type": "Feature", "geometry": {"type": "LineString", "coordinates": [[-160.079315, 21.942502], [-160.079272, 21.942583], [-160.07923, 21.942665], [-160.079187, 21.942746], [-160.079144, 21.942827], [-160.079102, 21.942908], [-160.079059, 21.942989], [-160.079016, 21.94307], [-160.078973, 21.943151], [-160.078931, 21.943232], [-160.078888, 21.943313], [-160.078857, 21.943398], [-160.078844, 21.943487], [-160.078831, 21.943577], [-160.078818, 21.943666], [-160.078805, 21.943756], [-160.078792, 21.943845], [-160.078779, 21.943935], [-160.078744, 21.944012], [-160.078664, 21.944062]]}, "properties": {"seg_id": 387, "ring_id": 0, "i0": 7740, "i1": 7760, "length_m": 200.0, "score": 0.45233391280484503, "bay": 0.502133198082447, "exposure": 0.5935507691134829, "strip_m": 9.0, "cx": 388579.5675728336, "cy": 2426941.6189649287, "selected": false, "order": -1, "sortie": -1}}, {"type": "Feature", "geometry": {"type": "LineString", "coordinates": [[-160.078584, 21.944113], [-160.078504, 21.944164], [-160.078481, 21.944243], [-160.078482, 21.944333], [-160.078483, 21.944423], [-160.078483, 21.944514], [-160.078446, 21.944593], [-160.078393, 21.944669], [-160.078339, 21.944744], [-160.078286, 21.94482], [-160.078233, 21.944895], [-160.07818, 21.944971], [-160.078127, 21.945046], [-160.078074, 21.945122], [-160.078021, 21.945197], [-160.077967, 21.945273], [-160.077914, 21.945348], [-160.077861, 21.945424], [-160.077808, 21.945499], [-160.077755, 21.945575]]}, "properties": {"seg_id": 388, "ring_id": 0, "i0": 7760, "i1": 7780, "length_m": 200.0, "score": 0.5211862881473674, "bay": 0.4958897069096565, "exposure": 0.5039747829232339, "strip_m": 21.0, "cx": 388657.3630449508, "cy": 2427114.0191637995, "selected": false, "order": -1, "sortie": -1}}, {"type": "Feature", "geometry": {"type": "LineString", "coordinates": [[-160.077717, 21.945655], [-160.077718, 21.945745], [-160.077719, 21.945836], [-160.077719, 21.945926], [-160.07772, 21.946016], [-160.077692, 21.94608], [-160.077595, 21.946081], [-160.077499, 21.946081], [-160.077435, 21.946108], [-160.077452, 21.946197], [-160.077468, 21.946286], [-160.077485, 21.946375], [-160.077501, 21.946464], [-160.077518, 21.946553], [-160.077535, 21.946642], [-160.077551, 21.946731], [-160.077568, 21.94682], [-160.077584, 21.946909], [-160.077601, 21.946998], [-160.077617, 21.947087]]}, "properties": {"seg_id": 389, "ring_id": 0, "i0": 7780, "i1": 7800, "length_m": 200.0, "score": 0.2073659790067191, "bay": 0.4630072832107544, "exposure": 0.7081515006170596, "strip_m": 21.0, "cx": 388724.2253313255, "cy": 2427277.51776565, "selected": false, "order": -1, "sortie": -1}}, {"type": "Feature", "geometry": {"type": "LineString", "coordinates": [[-160.077629, 21.947176], [-160.077602, 21.947262], [-160.077575, 21.947349], [-160.077548, 21.947436], [-160.077521, 21.947523], [-160.077494, 21.94761], [-160.077467, 21.947696], [-160.077441, 21.947783], [-160.077414, 21.94787], [-160.077387, 21.947957], [-160.07736, 21.948044], [-160.077333, 21.94813], [-160.077306, 21.948217], [-160.077279, 21.948304], [-160.077253, 21.948391], [-160.077226, 21.948478], [-160.077199, 21.948564], [-160.077172, 21.948651], [-160.077145, 21.948738], [-160.077118, 21.948825]]}, "properties": {"seg_id": 390, "ring_id": 0, "i0": 7800, "i1": 7820, "length_m": 200.0, "score": 0.2974344924496751, "bay": 0.5039542183279991, "exposure": 0.6947392206693357, "strip_m": 3.0, "cx": 388747.35059539526, "cy": 2427462.3082594597, "selected": false, "order": -1, "sortie": -1}}, {"type": "Feature", "geometry": {"type": "LineString", "coordinates": [[-160.077091, 21.948911], [-160.077065, 21.948998], [-160.077038, 21.949085], [-160.077011, 21.949172], [-160.076984, 21.949259], [-160.076957, 21.949345], [-160.07693, 21.949432], [-160.076903, 21.949519], [-160.076877, 21.949606], [-160.076863, 21.949695], [-160.07685, 21.949785], [-160.076836, 21.949874], [-160.076823, 21.949964], [-160.07681, 21.950053], [-160.076796, 21.950143], [-160.076783, 21.950232], [-160.07677, 21.950321], [-160.076756, 21.950411], [-160.076743, 21.9505], [-160.07673, 21.95059]]}, "properties": {"seg_id": 391, "ring_id": 0, "i0": 7820, "i1": 7840, "length_m": 200.0, "score": -0.04544951480626432, "bay": 0.47715920507907866, "exposure": 0.7437341410132621, "strip_m": 2.5, "cx": 388799.5806587363, "cy": 2427655.0765950703, "selected": false, "order": -1, "sortie": -1}}, {"type": "Feature", "geometry": {"type": "LineString", "coordinates": [[-160.076717, 21.950679], [-160.076703, 21.950769], [-160.07669, 21.950858], [-160.076677, 21.950948], [-160.076663, 21.951037], [-160.07665, 21.951127], [-160.076637, 21.951216], [-160.076623, 21.951306], [-160.07661, 21.951395], [-160.076597, 21.951485], [-160.076584, 21.951574], [-160.07657, 21.951664], [-160.076557, 21.951753], [-160.076544, 21.951843], [-160.07653, 21.951932], [-160.076517, 21.952022], [-160.076504, 21.952111], [-160.07649, 21.952201], [-160.076477, 21.95229], [-160.076464, 21.952379]]}, "properties": {"seg_id": 392, "ring_id": 0, "i0": 7840, "i1": 7860, "length_m": 200.0, "score": 0.15765400474253002, "bay": 0.49802289456129073, "exposure": 0.7848072529475427, "strip_m": 0.5, "cx": 388830.97870896437, "cy": 2427852.425432899, "selected": false, "order": -1, "sortie": -1}}, {"type": "Feature", "geometry": {"type": "LineString", "coordinates": [[-160.076451, 21.952469], [-160.076437, 21.952558], [-160.076424, 21.952648], [-160.076411, 21.952737], [-160.076397, 21.952827], [-160.076384, 21.952916], [-160.076371, 21.953006], [-160.076357, 21.953095], [-160.076344, 21.953185], [-160.076331, 21.953274], [-160.076318, 21.953364], [-160.076304, 21.953453], [-160.076291, 21.953543], [-160.076278, 21.953632], [-160.076264, 21.953722], [-160.076251, 21.953811], [-160.076238, 21.953901], [-160.076207, 21.953984], [-160.076156, 21.954061], [-160.076104, 21.954137]]}, "properties": {"seg_id": 393, "ring_id": 0, "i0": 7860, "i1": 7880, "length_m": 200.0, "score": 0.7496761476934087, "bay": 0.5361602500081062, "exposure": 0.7381208616270074, "strip_m": 4.5, "cx": 388860.6995242545, "cy": 2428050.012677763, "selected": true, "order": 65, "sortie": 4}}, {"type": "Feature", "geometry": {"type": "LineString", "coordinates": [[-160.076053, 21.954214], [-160.076001, 21.95429], [-160.07595, 21.954367], [-160.075898, 21.954443], [-160.075847, 21.95452], [-160.075796, 21.954596], [-160.075744, 21.954673], [-160.075693, 21.95475], [-160.075641, 21.954826], [-160.07559, 21.954903], [-160.075532, 21.954974], [-160.075464, 21.955038], [-160.075396, 21.955103], [-160.075328, 21.955167], [-160.07526, 21.955231], [-160.075192, 21.955296], [-160.075124, 21.95536], [-160.075056, 21.955424], [-160.074988, 21.955489], [-160.07492, 21.955553]]}, "properties": {"seg_id": 394, "ring_id": 0, "i0": 7880, "i1": 7900, "length_m": 200.0, "score": 1.3769117829473851, "bay": 0.5384495362639428, "exposure": 0.36147091794439223, "strip_m": 87.5, "cx": 388943.76506330183, "cy": 2428225.9743942507, "selected": true, "order": 66, "sortie": 4}}, {"type": "Feature", "geometry": {"type": "LineString", "coordinates": [[-160.074852, 21.955617], [-160.074784, 21.955682], [-160.074716, 21.955746], [-160.074648, 21.95581], [-160.07458, 21.955875], [-160.074512, 21.955939], [-160.074483, 21.956023], [-160.07446, 21.956111], [-160.074437, 21.956199], [-160.074414, 21.956287], [-160.074353, 21.956352], [-160.074277, 21.956409], [-160.074202, 21.956466], [-160.074127, 21.956523], [-160.074052, 21.956579], [-160.073977, 21.956636], [-160.073902, 21.956693], [-160.073826, 21.95675], [-160.073751, 21.956807], [-160.073676, 21.956864]]}, "properties": {"seg_id": 395, "ring_id": 0, "i0": 7900, "i1": 7920, "length_m": 200.0, "score": 1.030232865673376, "bay": 0.5099375754594803, "exposure": 0.3009657101864608, "strip_m": 111.0, "cx": 389071.02208469703, "cy": 2428375.3702688375, "selected": true, "order": 67, "sortie": 4}}, {"type": "Feature", "geometry": {"type": "LineString", "coordinates": [[-160.073601, 21.956921], [-160.073526, 21.956978], [-160.07345, 21.957035], [-160.073391, 21.957106], [-160.073332, 21.957178], [-160.073274, 21.95725], [-160.073215, 21.957322], [-160.073157, 21.957394], [-160.073098, 21.957466], [-160.07304, 21.957538], [-160.072981, 21.95761], [-160.072923, 21.957682], [-160.072864, 21.957754], [-160.072806, 21.957826], [-160.072747, 21.957898], [-160.072689, 21.95797], [-160.07263, 21.958042], [-160.072572, 21.958114], [-160.072513, 21.958186], [-160.072434, 21.958219]]}, "properties": {"seg_id": 396, "ring_id": 0, "i0": 7920, "i1": 7940, "length_m": 200.0, "score": 0.9450173288673612, "bay": 0.5090010523796081, "exposure": 0.30596204427838136, "strip_m": 92.5, "cx": 389205.16536633886, "cy": 2428518.9912412823, "selected": true, "order": 68, "sortie": 5}}, {"type": "Feature", "geometry": {"type": "LineString", "coordinates": [[-160.072337, 21.95822], [-160.072241, 21.958221], [-160.072144, 21.958221], [-160.072086, 21.958269], [-160.072064, 21.958356], [-160.072041, 21.958444], [-160.072018, 21.958532], [-160.071969, 21.958601], [-160.071884, 21.958644], [-160.071799, 21.958687], [-160.071714, 21.95873], [-160.071628, 21.958773], [-160.071543, 21.958815], [-160.071458, 21.958858], [-160.071373, 21.958901], [-160.071287, 21.958944], [-160.071202, 21.958987], [-160.071117, 21.959029], [-160.071032, 21.959072], [-160.070946, 21.959115]]}, "properties": {"seg_id": 397, "ring_id": 0, "i0": 7940, "i1": 7960, "length_m": 200.0, "score": 0.5631241816209489, "bay": 0.49469303488731386, "exposure": 0.05479222654965092, "strip_m": 52.5, "cx": 389342.1172062325, "cy": 2428639.4447102556, "selected": true, "order": 69, "sortie": 5}}, {"type": "Feature", "geometry": {"type": "LineString", "coordinates": [[-160.070861, 21.959158], [-160.070776, 21.959201], [-160.070691, 21.959244], [-160.070605, 21.959286], [-160.07052, 21.959329], [-160.070435, 21.959372], [-160.070365, 21.959423], [-160.070365, 21.959514], [-160.070366, 21.959604], [-160.070367, 21.959694], [-160.070367, 21.959785], [-160.070368, 21.959875], [-160.070369, 21.959965], [-160.070369, 21.960056], [-160.07037, 21.960146], [-160.070371, 21.960236], [-160.070371, 21.960326], [-160.070372, 21.960417], [-160.070373, 21.960507], [-160.070373, 21.960597]]}, "properties": {"seg_id": 398, "ring_id": 0, "i0": 7960, "i1": 7980, "length_m": 200.0, "score": -0.21875597805445443, "bay": 0.4175338253378868, "exposure": 0.5831367799540532, "strip_m": 77.0, "cx": 389471.18605218054, "cy": 2428762.0636413535, "selected": false, "order": -1, "sortie": -1}}, {"type": "Feature", "geometry": {"type": "LineString", "coordinates": [[-160.070363, 21.960684], [-160.070302, 21.960754], [-160.07024, 21.960824], [-160.070179, 21.960894], [-160.070117, 21.960963], [-160.070056, 21.961033], [-160.069994, 21.961103], [-160.069933, 21.961173], [-160.069878, 21.961188], [-160.069834, 21.961107], [-160.069784, 21.961042], [-160.069698, 21.961083], [-160.069612, 21.961124], [-160.069631, 21.961205], [-160.069662, 21.961291], [-160.069693, 21.961376], [-160.069771, 21.961412], [-160.069866, 21.961429], [-160.069961, 21.961446], [-160.070056, 21.961463]]}, "properties": {"seg_id": 399, "ring_id": 0, "i0": 7980, "i1": 8000, "length_m": 200.0, "score": -0.4766784480421431, "bay": 0.40665973722934723, "exposure": 0.3180819032979655, "strip_m": 80.5, "cx": 389526.041254996, "cy": 2428910.347818441, "selected": false, "order": -1, "sortie": -1}}, {"type": "Feature", "geometry": {"type": "LineString", "coordinates": [[-160.070151, 21.96148], [-160.070193, 21.961543], [-160.070203, 21.961633], [-160.070213, 21.961723], [-160.070224, 21.961812], [-160.070234, 21.961902], [-160.070244, 21.961992], [-160.070255, 21.962082], [-160.070265, 21.962172], [-160.070275, 21.962262], [-160.070286, 21.962351], [-160.070234, 21.962389], [-160.070137, 21.96239], [-160.07004, 21.96239], [-160.070021, 21.962439], [-160.070057, 21.962523], [-160.070094, 21.962607], [-160.070131, 21.96269], [-160.070167, 21.962774], [-160.070179, 21.962849]]}, "properties": {"seg_id": 400, "ring_id": 0, "i0": 8000, "i1": 8020, "length_m": 200.0, "score": 1.2591132823135367, "bay": 0.5361082196235657, "exposure": 0.7156594394339513, "strip_m": 93.5, "cx": 389501.1909889886, "cy": 2429029.0342916944, "selected": true, "order": 70, "sortie": 5}}, {"type": "Feature", "geometry": {"type": "LineString", "coordinates": [[-160.070093, 21.96289], [-160.070007, 21.962931], [-160.069921, 21.962972], [-160.069834, 21.963013], [-160.069797, 21.963089], [-160.069779, 21.963177], [-160.069761, 21.963266], [-160.069742, 21.963355], [-160.069724, 21.963443], [-160.06976, 21.963516], [-160.069829, 21.96358], [-160.069898, 21.963643], [-160.069967, 21.963707], [-160.07001, 21.96378], [-160.070011, 21.963871], [-160.070011, 21.963961], [-160.070012, 21.964051], [-160.070013, 21.964142], [-160.06998, 21.964213], [-160.069894, 21.964254]]}, "properties": {"seg_id": 401, "ring_id": 0, "i0": 8020, "i1": 8040, "length_m": 200.0, "score": 1.0346508097426708, "bay": 0.4796566113829613, "exposure": 0.6210439439123607, "strip_m": 160.5, "cx": 389530.9440244596, "cy": 2429177.4512960534, "selected": true, "order": 71, "sortie": 5}}, {"type": "Feature", "geometry": {"type": "LineString", "coordinates": [[-160.069824, 21.964302], [-160.069848, 21.964389], [-160.069872, 21.964477], [-160.069896, 21.964564], [-160.069917, 21.964651], [-160.069831, 21.964692], [-160.069745, 21.964733], [-160.069717, 21.964812], [-160.069705, 21.964901], [-160.069693, 21.964991], [-160.069681, 21.965081], [-160.069668, 21.96517], [-160.069656, 21.96526], [-160.069644, 21.96535], [-160.069632, 21.965439], [-160.06962, 21.965529], [-160.069608, 21.965618], [-160.069596, 21.965708], [-160.069584, 21.965798], [-160.069571, 21.965887]]}, "properties": {"seg_id": 402, "ring_id": 0, "i0": 8040, "i1": 8060, "length_m": 200.0, "score": 1.4230571825477885, "bay": 0.5047866865992546, "exposure": 0.7302077494351027, "strip_m": 230.5, "cx": 389551.4061453709, "cy": 2429346.1172913946, "selected": true, "order": 72, "sortie": 5}}, {"type": "Feature", "geometry": {"type": "LineString", "coordinates": [[-160.069559, 21.965977], [-160.069547, 21.966067], [-160.069515, 21.966151], [-160.069472, 21.966232], [-160.06943, 21.966313], [-160.069387, 21.966394], [-160.069344, 21.966475], [-160.069301, 21.966556], [-160.069259, 21.966637], [-160.069216, 21.966718], [-160.069173, 21.966799], [-160.069131, 21.96688], [-160.069088, 21.966961], [-160.069045, 21.967042], [-160.069003, 21.967123], [-160.06896, 21.967205], [-160.068917, 21.967286], [-160.068874, 21.967367], [-160.068832, 21.967448], [-160.068789, 21.967529]]}, "properties": {"seg_id": 403, "ring_id": 0, "i0": 8060, "i1": 8080, "length_m": 200.0, "score": 1.713846143953642, "bay": 0.5351196706295014, "exposure": 0.5739196149196649, "strip_m": 219.5, "cx": 389606.73725823534, "cy": 2429532.860420638, "selected": true, "order": 73, "sortie": 5}}, {"type": "Feature", "geometry": {"type": "LineString", "coordinates": [[-160.068746, 21.96761], [-160.068704, 21.967691], [-160.068644, 21.96776], [-160.06857, 21.967818], [-160.068496, 21.967877], [-160.068422, 21.967935], [-160.068348, 21.967993], [-160.068275, 21.968052], [-160.068201, 21.96811], [-160.068127, 21.968168], [-160.068086, 21.968247], [-160.068058, 21.968333], [-160.06803, 21.96842], [-160.068002, 21.968506], [-160.067975, 21.968593], [-160.067947, 21.968679], [-160.067919, 21.968766], [-160.067891, 21.968852], [-160.067863, 21.968939], [-160.067835, 21.969026]]}, "properties": {"seg_id": 404, "ring_id": 0, "i0": 8080, "i1": 8100, "length_m": 200.0, "score": 1.020629148288382, "bay": 0.4987513065338135, "exposure": 0.4704954138407662, "strip_m": 111.5, "cx": 389709.62806792813, "cy": 2429699.401543453, "selected": true, "order": 74, "sortie": 5}}, {"type": "Feature", "geometry": {"type": "LineString", "coordinates": [[-160.067808, 21.969112], [-160.06778, 21.969199], [-160.067752, 21.969285], [-160.067716, 21.969361], [-160.067619, 21.969362], [-160.067522, 21.969363], [-160.067432, 21.969373], [-160.067389, 21.969454], [-160.067346, 21.969535], [-160.067304, 21.969616], [-160.067261, 21.969697], [-160.067186, 21.969708], [-160.067094, 21.96968], [-160.067002, 21.969652], [-160.06697, 21.969679], [-160.067001, 21.969764], [-160.067032, 21.96985], [-160.067029, 21.969926], [-160.066954, 21.969983], [-160.066879, 21.97004]]}, "properties": {"seg_id": 405, "ring_id": 0, "i0": 8100, "i1": 8120, "length_m": 200.0, "score": 1.189267343712413, "bay": 0.5566077113151551, "exposure": 0.2358521900249409, "strip_m": 41.0, "cx": 389803.9052456153, "cy": 2429844.1111722724, "selected": true, "order": 75, "sortie": 5}}, {"type": "Feature", "geometry": {"type": "LineString", "coordinates": [[-160.066804, 21.970097], [-160.066728, 21.970154], [-160.066653, 21.970211], [-160.066578, 21.970268], [-160.066483, 21.970273], [-160.066386, 21.970273], [-160.066289, 21.970274], [-160.066192, 21.970275], [-160.066096, 21.970275], [-160.066037, 21.970344], [-160.065982, 21.970418], [-160.065927, 21.970492], [-160.065872, 21.970567], [-160.065817, 21.970641], [-160.065762, 21.970715], [-160.065707, 21.97079], [-160.065652, 21.970864], [-160.065597, 21.970939], [-160.065542, 21.971013], [-160.065487, 21.971087]]}, "properties": {"seg_id": 406, "ring_id": 0, "i0": 8120, "i1": 8140, "length_m": 200.0, "score": 0.0013643996775083156, "bay": 0.4856919929385185, "exposure": 0.14252846532975666, "strip_m": 18.5, "cx": 389930.99744909967, "cy": 2429944.6946202563, "selected": false, "order": -1, "sortie": -1}}, {"type": "Feature", "geometry": {"type": "LineString", "coordinates": [[-160.065432, 21.971162], [-160.06536, 21.97122], [-160.065281, 21.971273], [-160.065202, 21.971325], [-160.065123, 21.971377], [-160.065045, 21.97143], [-160.064966, 21.971482], [-160.064887, 21.971534], [-160.064808, 21.971586], [-160.064729, 21.971639], [-160.06465, 21.971691], [-160.064571, 21.971743], [-160.064492, 21.971796], [-160.064459, 21.971867], [-160.06447, 21.971957], [-160.064481, 21.972046], [-160.064493, 21.972136], [-160.064504, 21.972226], [-160.064515, 21.972316], [-160.064527, 21.972405]]}, "properties": {"seg_id": 407, "ring_id": 0, "i0": 8140, "i1": 8160, "length_m": 200.0, "score": -0.020462110462750614, "bay": 0.4393340304493904, "exposure": 0.39662933988994326, "strip_m": 52.0, "cx": 390064.0992674932, "cy": 2430077.9536712556, "selected": false, "order": -1, "sortie": -1}}, {"type": "Feature", "geometry": {"type": "LineString", "coordinates": [[-160.064538, 21.972495], [-160.06455, 21.972585], [-160.064545, 21.972674], [-160.064523, 21.972761], [-160.0645, 21.972849], [-160.064477, 21.972937], [-160.06443, 21.972996], [-160.064333, 21.972997], [-160.064268, 21.973027], [-160.064269, 21.973117], [-160.064269, 21.973207], [-160.06427, 21.973298], [-160.064271, 21.973388], [-160.064272, 21.973478], [-160.06424, 21.973539], [-160.064143, 21.97354], [-160.064078, 21.97357], [-160.064079, 21.97366], [-160.06408, 21.973751], [-160.064081, 21.973841]]}, "properties": {"seg_id": 408, "ring_id": 0, "i0": 8160, "i1": 8180, "length_m": 200.0, "score": 0.4756119338911532, "bay": 0.4934443265199661, "exposure": 0.584815967412603, "strip_m": 71.5, "cx": 390115.7169176852, "cy": 2430240.8787494916, "selected": false, "order": -1, "sortie": -1}}, {"type": "Feature", "geometry": {"type": "LineString", "coordinates": [[-160.064081, 21.973931], [-160.064082, 21.974022], [-160.064083, 21.974112], [-160.064083, 21.974202], [-160.064084, 21.974293], [-160.064085, 21.974383], [-160.064085, 21.974473], [-160.064066, 21.974557], [-160.064006, 21.974628], [-160.063946, 21.974699], [-160.063886, 21.97477], [-160.063826, 21.974841], [-160.063766, 21.974912], [-160.063706, 21.974983], [-160.063646, 21.975054], [-160.063586, 21.975125], [-160.063526, 21.975196], [-160.063466, 21.975267], [-160.063406, 21.975337], [-160.063346, 21.975408]]}, "properties": {"seg_id": 409, "ring_id": 0, "i0": 8180, "i1": 8200, "length_m": 200.0, "score": 1.0042054753079228, "bay": 0.5278876230120659, "exposure": 0.5542759776238332, "strip_m": 84.5, "cx": 390165.69266781345, "cy": 2430409.2618618435, "selected": true, "order": 76, "sortie": 5}}, {"type": "Feature", "geometry": {"type": "LineString", "coordinates": [[-160.063318, 21.975489], [-160.063319, 21.97558], [-160.063319, 21.97567], [-160.063284, 21.975747], [-160.063216, 21.975811], [-160.063148, 21.975875], [-160.06308, 21.97594], [-160.063012, 21.976004], [-160.062944, 21.976068], [-160.062876, 21.976133], [-160.062808, 21.976197], [-160.06274, 21.976261], [-160.062672, 21.976326], [-160.062604, 21.97639], [-160.062536, 21.976454], [-160.062468, 21.976519], [-160.0624, 21.976583], [-160.062332, 21.976647], [-160.062264, 21.976712], [-160.062196, 21.976776]]}, "properties": {"seg_id": 410, "ring_id": 0, "i0": 8200, "i1": 8220, "length_m": 200.0, "score": 1.4820657004935198, "bay": 0.5539542257785797, "exposure": 0.3432830167226827, "strip_m": 83.0, "cx": 390271.2158124532, "cy": 2430568.9975942024, "selected": true, "order": 77, "sortie": 5}}, {"type": "Feature", "geometry": {"type": "LineString", "coordinates": [[-160.062117, 21.976825], [-160.062029, 21.976863], [-160.061941, 21.9769], [-160.061852, 21.976937], [-160.061764, 21.976974], [-160.061676, 21.977012], [-160.061588, 21.977049], [-160.061499, 21.977086], [-160.061411, 21.977123], [-160.061323, 21.977161], [-160.061235, 21.977198], [-160.061146, 21.977235], [-160.061058, 21.977272], [-160.06097, 21.97731], [-160.060882, 21.977347], [-160.060794, 21.977384], [-160.060705, 21.977421], [-160.060617, 21.977459], [-160.060529, 21.977496], [-160.060441, 21.977533]]}, "properties": {"seg_id": 411, "ring_id": 0, "i0": 8220, "i1": 8240, "length_m": 200.0, "score": 1.060908087321582, "bay": 0.5420395523309708, "exposure": -0.11295876145129007, "strip_m": 90.5, "cx": 390431.8437727294, "cy": 2430680.8194545466, "selected": true, "order": 78, "sortie": 5}}, {"type": "Feature", "geometry": {"type": "LineString", "coordinates": [[-160.060346, 21.977527], [-160.06025, 21.977514], [-160.060154, 21.9775], [-160.060059, 21.977487], [-160.059963, 21.977473], [-160.059867, 21.97746], [-160.059771, 21.977446], [-160.059676, 21.977433], [-160.05958, 21.977419], [-160.059484, 21.977406], [-160.059388, 21.977393], [-160.059293, 21.977379], [-160.059197, 21.977366], [-160.059101, 21.977352], [-160.059005, 21.977339], [-160.058909, 21.977325], [-160.058814, 21.977312], [-160.058718, 21.977298], [-160.058622, 21.977285], [-160.058549, 21.977235]]}, "properties": {"seg_id": 412, "ring_id": 0, "i0": 8240, "i1": 8260, "length_m": 200.0, "score": 0.6203247908159105, "bay": 0.5596774280071258, "exposure": -0.652303893674516, "strip_m": 35.0, "cx": 390622.1424789413, "cy": 2430703.6544812033, "selected": true, "order": 79, "sortie": 5}}, {"type": "Feature", "geometry": {"type": "LineString", "coordinates": [[-160.058491, 21.977163], [-160.058432, 21.977091], [-160.058373, 21.97702], [-160.058315, 21.976948], [-160.058256, 21.976876], [-160.058197, 21.976804], [-160.058139, 21.976732], [-160.05808, 21.97666], [-160.058022, 21.976588], [-160.058018, 21.976508], [-160.058048, 21.976422], [-160.058078, 21.976336], [-160.05805, 21.976289], [-160.057953, 21.97629], [-160.057856, 21.976291], [-160.057759, 21.976291], [-160.057662, 21.976292], [-160.057566, 21.976293], [-160.057469, 21.976293], [-160.057372, 21.976294]]}, "properties": {"seg_id": 413, "ring_id": 0, "i0": 8260, "i1": 8280, "length_m": 200.0, "score": -0.8337763493894024, "bay": 0.43569199442863465, "exposure": -0.7757295504656923, "strip_m": 50.0, "cx": 390769.22104999266, "cy": 2430611.4751294674, "selected": false, "order": -1, "sortie": -1}}, {"type": "Feature", "geometry": {"type": "LineString", "coordinates": [[-160.057275, 21.976294], [-160.057178, 21.976295], [-160.057081, 21.976296], [-160.056985, 21.976296], [-160.056888, 21.976297], [-160.056791, 21.976298], [-160.056694, 21.976298], [-160.056597, 21.976299], [-160.056508, 21.976322], [-160.056428, 21.976373], [-160.056347, 21.976423], [-160.056267, 21.976474], [-160.056187, 21.976525], [-160.056107, 21.976575], [-160.056027, 21.976626], [-160.055942, 21.976664], [-160.055846, 21.976665], [-160.055749, 21.976666], [-160.055652, 21.976666], [-160.055578, 21.976645]]}, "properties": {"seg_id": 414, "ring_id": 0, "i0": 8280, "i1": 8300, "length_m": 200.0, "score": -0.20414491889937372, "bay": 0.48444330096244814, "exposure": -0.3285669592223179, "strip_m": 62.0, "cx": 390934.37157115375, "cy": 2430596.5861205305, "selected": false, "order": -1, "sortie": -1}}, {"type": "Feature", "geometry": {"type": "LineString", "coordinates": [[-160.055578, 21.976554], [-160.055554, 21.976486], [-160.055457, 21.976487], [-160.05536, 21.976487], [-160.055263, 21.976488], [-160.055166, 21.976489], [-160.055069, 21.976489], [-160.054973, 21.97649], [-160.054876, 21.976491], [-160.054803, 21.976513], [-160.054803, 21.976603], [-160.054781, 21.976675], [-160.054685, 21.976691], [-160.05459, 21.976706], [-160.054494, 21.976722], [-160.054399, 21.976737], [-160.054303, 21.976753], [-160.054209, 21.976761], [-160.054116, 21.976733], [-160.054024, 21.976705]]}, "properties": {"seg_id": 415, "ring_id": 0, "i0": 8300, "i1": 8320, "length_m": 200.0, "score": -0.7230971638999943, "bay": 0.45879293233156204, "exposure": -0.3825942727748103, "strip_m": 45.5, "cx": 391097.7496818334, "cy": 2430612.424584509, "selected": false, "order": -1, "sortie": -1}}, {"type": "Feature", "geometry": {"type": "LineString", "coordinates": [[-160.053932, 21.976677], [-160.05384, 21.976649], [-160.053748, 21.976621], [-160.053656, 21.976593], [-160.053642, 21.976664], [-160.053642, 21.976755], [-160.053643, 21.976845], [-160.053586, 21.976914], [-160.053518, 21.976978], [-160.05345, 21.977042], [-160.053382, 21.977107], [-160.053314, 21.977171], [-160.053246, 21.977235], [-160.053178, 21.977299], [-160.05311, 21.977364], [-160.053072, 21.977437], [-160.053088, 21.977526], [-160.053105, 21.977615], [-160.053121, 21.977704], [-160.053138, 21.977793]]}, "properties": {"seg_id": 416, "ring_id": 0, "i0": 8320, "i1": 8340, "length_m": 200.0, "score": -0.8909468235347555, "bay": 0.38902186304330827, "exposure": 0.3395445774798729, "strip_m": 76.0, "cx": 391243.14427247166, "cy": 2430666.3724005814, "selected": false, "order": -1, "sortie": -1}}, {"type": "Feature", "geometry": {"type": "LineString", "coordinates": [[-160.053155, 21.977882], [-160.05315, 21.977965], [-160.053087, 21.978034], [-160.053025, 21.978103], [-160.052962, 21.978172], [-160.0529, 21.978241], [-160.052837, 21.97831], [-160.052775, 21.978379], [-160.052712, 21.978448], [-160.05265, 21.978517], [-160.052586, 21.978583], [-160.052489, 21.978584], [-160.052392, 21.978584], [-160.052295, 21.978585], [-160.052198, 21.978585], [-160.052101, 21.978586], [-160.052004, 21.978587], [-160.051908, 21.978587], [-160.051812, 21.978591], [-160.051744, 21.978655]]}, "properties": {"seg_id": 417, "ring_id": 0, "i0": 8340, "i1": 8360, "length_m": 200.0, "score": 1.400966765352951, "bay": 0.5771071821451187, "exposure": 0.03435385427673555, "strip_m": 55.5, "cx": 391335.1468257385, "cy": 2430809.6126959315, "selected": true, "order": 80, "sortie": 5}}, {"type": "Feature", "geometry": {"type": "LineString", "coordinates": [[-160.051676, 21.97872], [-160.051608, 21.978784], [-160.05154, 21.978848], [-160.051472, 21.978913], [-160.051404, 21.978977], [-160.051336, 21.979041], [-160.051241, 21.979056], [-160.051145, 21.979069], [-160.051049, 21.979082], [-160.050954, 21.979096], [-160.050858, 21.979109], [-160.050762, 21.979123], [-160.050666, 21.979136], [-160.050596, 21.979196], [-160.050528, 21.97926], [-160.05046, 21.979324], [-160.050392, 21.979389], [-160.050385, 21.979468], [-160.050409, 21.979556], [-160.050433, 21.979643]]}, "properties": {"seg_id": 418, "ring_id": 0, "i0": 8360, "i1": 8380, "length_m": 200.0, "score": -1.030117225293323, "bay": 0.3871488094329834, "exposure": 0.15284309724814385, "strip_m": 89.0, "cx": 391500.23267413845, "cy": 2430890.4457947235, "selected": false, "order": -1, "sortie": -1}}, {"type": "Feature", "geometry": {"type": "LineString", "coordinates": [[-160.050457, 21.979731], [-160.050481, 21.979818], [-160.050505, 21.979906], [-160.05053, 21.979993], [-160.050554, 21.980081], [-160.050553, 21.980167], [-160.050516, 21.98025], [-160.05048, 21.980334], [-160.050444, 21.980418], [-160.050408, 21.980502], [-160.050371, 21.980585], [-160.050335, 21.980669], [-160.050299, 21.980753], [-160.050263, 21.980837], [-160.050226, 21.98092], [-160.05019, 21.981004], [-160.050154, 21.981088], [-160.050118, 21.981172], [-160.050081, 21.981255], [-160.050045, 21.981339]]}, "properties": {"seg_id": 419, "ring_id": 0, "i0": 8380, "i1": 8400, "length_m": 200.0, "score": 1.0649290828539435, "bay": 0.510197713971138, "exposure": 0.7026439986413784, "strip_m": 106.5, "cx": 391562.7491484203, "cy": 2431045.184549698, "selected": true, "order": 81, "sortie": 5}}, {"type": "Feature", "geometry": {"type": "LineString", "coordinates": [[-160.050009, 21.981423], [-160.049972, 21.981507], [-160.049936, 21.981591], [-160.049898, 21.981672], [-160.049801, 21.981672], [-160.049707, 21.981676], [-160.049699, 21.981766], [-160.049691, 21.981856], [-160.049683, 21.981946], [-160.049675, 21.982036], [-160.049667, 21.982126], [-160.049659, 21.982216], [-160.04965, 21.982306], [-160.049642, 21.982396], [-160.049634, 21.982486], [-160.049626, 21.982576], [-160.049618, 21.982666], [-160.049674, 21.982739], [-160.049731, 21.982812], [-160.049788, 21.982886]]}, "properties": {"seg_id": 420, "ring_id": 0, "i0": 8400, "i1": 8420, "length_m": 200.0, "score": 0.41004033466234374, "bay": 0.44417273849248884, "exposure": 0.6873026722463462, "strip_m": 104.5, "cx": 391627.18285618967, "cy": 2431219.263590458, "selected": false, "order": -1, "sortie": -1}}, {"type": "Feature", "geometry": {"type": "LineString", "coordinates": [[-160.049845, 21.982959], [-160.049901, 21.983032], [-160.049958, 21.983105], [-160.050015, 21.983178], [-160.050072, 21.983251], [-160.050107, 21.983331], [-160.050108, 21.983421], [-160.050108, 21.983512], [-160.050109, 21.983602], [-160.05011, 21.983692], [-160.05011, 21.983783], [-160.050121, 21.983872], [-160.050149, 21.983958], [-160.050176, 21.984045], [-160.050203, 21.984132], [-160.05023, 21.984218], [-160.050258, 21.984305], [-160.050285, 21.984392], [-160.050318, 21.984475], [-160.050399, 21.984524]]}, "properties": {"seg_id": 421, "ring_id": 0, "i0": 8420, "i1": 8440, "length_m": 200.0, "score": 0.8550356271872286, "bay": 0.4808012515306473, "exposure": 0.9470266935812954, "strip_m": 86.5, "cx": 391588.03922603634, "cy": 2431399.0694686132, "selected": true, "order": 82, "sortie": 5}}, {"type": "Feature", "geometry": {"type": "LineString", "coordinates": [[-160.05048, 21.984574], [-160.050561, 21.984623], [-160.050608, 21.984693], [-160.050623, 21.984782], [-160.050637, 21.984871], [-160.050651, 21.984961], [-160.050666, 21.98505], [-160.05068, 21.985139], [-160.050694, 21.985229], [-160.050728, 21.98531], [-160.050788, 21.985381], [-160.050848, 21.985452], [-160.050908, 21.985523], [-160.050968, 21.985594], [-160.051028, 21.985665], [-160.051088, 21.985736], [-160.051148, 21.985807], [-160.051208, 21.985878], [-160.051268, 21.985948], [-160.051328, 21.986019]]}, "properties": {"seg_id": 422, "ring_id": 0, "i0": 8440, "i1": 8460, "length_m": 200.0, "score": 1.4916941923482323, "bay": 0.5085848107933998, "exposure": 0.9678683281787631, "strip_m": 138.5, "cx": 391515.2673073715, "cy": 2431573.642616709, "selected": true, "order": 83, "sortie": 5}}, {"type": "Feature", "geometry": {"type": "LineString", "coordinates": [[-160.051385, 21.98609], [-160.051332, 21.986166], [-160.051279, 21.986241], [-160.051226, 21.986317], [-160.051211, 21.986396], [-160.05125, 21.986478], [-160.051289, 21.986561], [-160.051327, 21.986644], [-160.051366, 21.986727], [-160.051405, 21.986809], [-160.051444, 21.986892], [-160.051483, 21.986975], [-160.051475, 21.987063], [-160.051457, 21.987151], [-160.051439, 21.98724], [-160.05142, 21.987329], [-160.051402, 21.987417], [-160.051439, 21.987493], [-160.0515, 21.987564], [-160.05156, 21.987635]]}, "properties": {"seg_id": 423, "ring_id": 0, "i0": 8460, "i1": 8480, "length_m": 200.0, "score": 0.9234858033497865, "bay": 0.4818418323993683, "exposure": 0.8558747480510679, "strip_m": 73.0, "cx": 391460.8088234566, "cy": 2431745.352284567, "selected": true, "order": 84, "sortie": 5}}, {"type": "Feature", "geometry": {"type": "LineString", "coordinates": [[-160.05162, 21.987705], [-160.051681, 21.987776], [-160.051741, 21.987847], [-160.051801, 21.987917], [-160.051862, 21.987988], [-160.051922, 21.988058], [-160.051982, 21.988129], [-160.052043, 21.9882], [-160.052103, 21.98827], [-160.052164, 21.988341], [-160.052224, 21.988412], [-160.052284, 21.988482], [-160.052345, 21.988553], [-160.052405, 21.988624], [-160.052465, 21.988694], [-160.052481, 21.988782], [-160.052491, 21.988872], [-160.052501, 21.988962], [-160.052511, 21.989052], [-160.052522, 21.989141]]}, "properties": {"seg_id": 424, "ring_id": 0, "i0": 8480, "i1": 8500, "length_m": 200.0, "score": 1.0188771350889043, "bay": 0.5096774235367775, "exposure": 0.9709982032943684, "strip_m": 51.5, "cx": 391382.1655463455, "cy": 2431915.363261389, "selected": true, "order": 85, "sortie": 5}}, {"type": "Feature", "geometry": {"type": "LineString", "coordinates": [[-160.052532, 21.989231], [-160.052542, 21.989321], [-160.052553, 21.989411], [-160.052563, 21.989501], [-160.052573, 21.989591], [-160.052636, 21.989656], [-160.052707, 21.989716], [-160.052779, 21.989777], [-160.052851, 21.989838], [-160.052922, 21.989899], [-160.052994, 21.98996], [-160.053066, 21.990021], [-160.053137, 21.990081], [-160.053209, 21.990142], [-160.05328, 21.990203], [-160.053352, 21.990264], [-160.053424, 21.990325], [-160.053495, 21.990385], [-160.053567, 21.990446], [-160.053639, 21.990507]]}, "properties": {"seg_id": 425, "ring_id": 0, "i0": 8500, "i1": 8520, "length_m": 200.0, "score": 0.6669407021162982, "bay": 0.4680541127920151, "exposure": 0.9487418431325905, "strip_m": 47.0, "cx": 391297.25834871165, "cy": 2432084.6050518774, "selected": true, "order": 86, "sortie": 5}}, {"type": "Feature", "geometry": {"type": "LineString", "coordinates": [[-160.05371, 21.990568], [-160.053782, 21.990629], [-160.053839, 21.990694], [-160.053821, 21.990783], [-160.053802, 21.990871], [-160.053784, 21.99096], [-160.053766, 21.991049], [-160.053754, 21.991133], [-160.053847, 21.991158], [-160.053941, 21.991182], [-160.054034, 21.991206], [-160.054127, 21.99123], [-160.054221, 21.991255], [-160.054314, 21.991279], [-160.054407, 21.991303], [-160.05441, 21.991377], [-160.054387, 21.991465], [-160.054364, 21.991552], [-160.054341, 21.99164], [-160.054289, 21.991713]]}, "properties": {"seg_id": 426, "ring_id": 0, "i0": 8520, "i1": 8540, "length_m": 200.0, "score": 1.7121812380512291, "bay": 0.5648803368210793, "exposure": 0.768112092245193, "strip_m": 67.0, "cx": 391189.1841745463, "cy": 2432222.4625690477, "selected": true, "order": 87, "sortie": 5}}, {"type": "Feature", "geometry": {"type": "LineString", "coordinates": [[-160.054221, 21.991777], [-160.054153, 21.991841], [-160.054085, 21.991906], [-160.054009, 21.991927], [-160.053922, 21.991887], [-160.053851, 21.99187], [-160.053851, 21.991961], [-160.053869, 21.992038], [-160.053964, 21.992055], [-160.054059, 21.992072], [-160.054154, 21.992089], [-160.054249, 21.992106], [-160.054338, 21.992129], [-160.054353, 21.992218], [-160.054369, 21.992307], [-160.054384, 21.992397], [-160.0544, 21.992486], [-160.054415, 21.992575], [-160.05443, 21.992664], [-160.054446, 21.992753]]}, "properties": {"seg_id": 427, "ring_id": 0, "i0": 8540, "i1": 8560, "length_m": 200.0, "score": 0.20190117545798064, "bay": 0.45499479919672015, "exposure": 0.5755639972392765, "strip_m": 37.0, "cx": 391176.6172964675, "cy": 2432333.315546757, "selected": false, "order": -1, "sortie": -1}}, {"type": "Feature", "geometry": {"type": "LineString", "coordinates": [[-160.054461, 21.992843], [-160.054477, 21.992932], [-160.054492, 21.993021], [-160.054507, 21.99311], [-160.054523, 21.993199], [-160.054538, 21.993288], [-160.054625, 21.993321], [-160.054717, 21.993349], [-160.054809, 21.993377], [-160.054868, 21.993443], [-160.054916, 21.993521], [-160.054965, 21.993599], [-160.055014, 21.993678], [-160.055062, 21.993756], [-160.055111, 21.993834], [-160.05516, 21.993912], [-160.055208, 21.99399], [-160.055291, 21.994013], [-160.055388, 21.994012], [-160.055484, 21.994012]]}, "properties": {"seg_id": 428, "ring_id": 0, "i0": 8560, "i1": 8580, "length_m": 200.0, "score": 0.35091575316782564, "bay": 0.4491675391793251, "exposure": 0.8986227733213917, "strip_m": 53.0, "cx": 391104.9095822036, "cy": 2432484.1021385123, "selected": false, "order": -1, "sortie": -1}}, {"type": "Feature", "geometry": {"type": "LineString", "coordinates": [[-160.055514, 21.994075], [-160.055514, 21.994165], [-160.055515, 21.994256], [-160.055574, 21.994315], [-160.055657, 21.994361], [-160.055741, 21.994407], [-160.055824, 21.994452], [-160.055907, 21.994498], [-160.055991, 21.994544], [-160.056029, 21.994625], [-160.05606, 21.99471], [-160.056091, 21.994796], [-160.056123, 21.994881], [-160.056154, 21.994967], [-160.056185, 21.995052], [-160.056252, 21.995091], [-160.056349, 21.99509], [-160.056446, 21.995089], [-160.056543, 21.995089], [-160.05664, 21.995088]]}, "properties": {"seg_id": 429, "ring_id": 0, "i0": 8580, "i1": 8600, "length_m": 200.0, "score": 0.38084751976561126, "bay": 0.4627471387386322, "exposure": 0.8398579335178127, "strip_m": 27.5, "cx": 390989.6905582932, "cy": 2432614.0973164584, "selected": false, "order": -1, "sortie": -1}}, {"type": "Feature", "geometry": {"type": "LineString", "coordinates": [[-160.056737, 21.995087], [-160.056818, 21.995122], [-160.056887, 21.995185], [-160.056956, 21.995249], [-160.057025, 21.995312], [-160.057094, 21.995376], [-160.057163, 21.995439], [-160.057232, 21.995503], [-160.057301, 21.995566], [-160.057372, 21.995625], [-160.057468, 21.995625], [-160.057565, 21.995624], [-160.057662, 21.995624], [-160.057755, 21.995628], [-160.057793, 21.995711], [-160.057831, 21.995794], [-160.057869, 21.995878], [-160.057907, 21.995961], [-160.057945, 21.996044], [-160.057983, 21.996127]]}, "properties": {"seg_id": 430, "ring_id": 0, "i0": 8600, "i1": 8620, "length_m": 200.0, "score": 1.4355566935754205, "bay": 0.5388657674193382, "exposure": 0.8749283955201275, "strip_m": 45.0, "cx": 390844.52930727886, "cy": 2432714.3434042647, "selected": true, "order": 88, "sortie": 6}}, {"type": "Feature", "geometry": {"type": "LineString", "coordinates": [[-160.05802, 21.99621], [-160.058058, 21.996293], [-160.058096, 21.996376], [-160.058134, 21.99646], [-160.058172, 21.996543], [-160.05821, 21.996626], [-160.058251, 21.996702], [-160.058343, 21.996673], [-160.058434, 21.996644], [-160.058526, 21.996614], [-160.058618, 21.996585], [-160.058709, 21.996556], [-160.058801, 21.996527], [-160.058893, 21.996498], [-160.058984, 21.996469], [-160.059076, 21.99644], [-160.059168, 21.99641], [-160.05926, 21.996381], [-160.059351, 21.996352], [-160.059405, 21.996372]]}, "properties": {"seg_id": 431, "ring_id": 0, "i0": 8620, "i1": 8640, "length_m": 200.0, "score": -0.5041265929844988, "bay": 0.3984911561012268, "exposure": 0.5190778732515583, "strip_m": 36.5, "cx": 390720.58190971386, "cy": 2432816.2261773786, "selected": false, "order": -1, "sortie": -1}}, {"type": "Feature", "geometry": {"type": "LineString", "coordinates": [[-160.059406, 21.996463], [-160.059407, 21.996553], [-160.059447, 21.996606], [-160.059544, 21.996605], [-160.059641, 21.996604], [-160.059738, 21.996604], [-160.059766, 21.996577], [-160.059697, 21.996514], [-160.059628, 21.99645], [-160.059639, 21.996386], [-160.059707, 21.996322], [-160.059775, 21.996258], [-160.059843, 21.996193], [-160.059921, 21.996151], [-160.060018, 21.99615], [-160.060115, 21.99615], [-160.060179, 21.99618], [-160.060179, 21.996271], [-160.060211, 21.99632], [-160.060303, 21.996291]]}, "properties": {"seg_id": 432, "ring_id": 0, "i0": 8640, "i1": 8660, "length_m": 200.0, "score": 0.31813309685469526, "bay": 0.5084807574748993, "exposure": 0.20270622071127947, "strip_m": 27.5, "cx": 390598.4109337929, "cy": 2432805.541596145, "selected": false, "order": -1, "sortie": -1}}, {"type": "Feature", "geometry": {"type": "LineString", "coordinates": [[-160.060395, 21.996262], [-160.060486, 21.996232], [-160.060578, 21.996203], [-160.06067, 21.996174], [-160.06076, 21.996147], [-160.06076, 21.996237], [-160.060761, 21.996328], [-160.060763, 21.996417], [-160.06086, 21.996416], [-160.060957, 21.996415], [-160.061054, 21.996415], [-160.061151, 21.996414], [-160.061248, 21.996413], [-160.061345, 21.996413], [-160.061441, 21.996414], [-160.061488, 21.996492], [-160.061536, 21.996571], [-160.061583, 21.99665], [-160.061631, 21.996728], [-160.061679, 21.996807]]}, "properties": {"seg_id": 433, "ring_id": 0, "i0": 8660, "i1": 8680, "length_m": 200.0, "score": 2.252742073923886, "bay": 0.6220603615045548, "exposure": 0.6655569418396838, "strip_m": 69.5, "cx": 390469.47895883414, "cy": 2432809.199506483, "selected": true, "order": 89, "sortie": 6}}, {"type": "Feature", "geometry": {"type": "LineString", "coordinates": [[-160.061726, 21.996885], [-160.061774, 21.996964], [-160.061822, 21.997043], [-160.061869, 21.997121], [-160.061917, 21.9972], [-160.061926, 21.997287], [-160.06192, 21.997377], [-160.061914, 21.997467], [-160.061909, 21.997558], [-160.061903, 21.997648], [-160.061897, 21.997738], [-160.061891, 21.997828], [-160.061885, 21.997918], [-160.06188, 21.998008], [-160.061874, 21.998099], [-160.061868, 21.998189], [-160.061862, 21.998279], [-160.061857, 21.998369], [-160.061851, 21.998459], [-160.061845, 21.998549]]}, "properties": {"seg_id": 434, "ring_id": 0, "i0": 8680, "i1": 8700, "length_m": 200.0, "score": 1.284418210298199, "bay": 0.5054630652070046, "exposure": 0.8808832131659636, "strip_m": 52.0, "cx": 390386.6180500189, "cy": 2432952.8102263315, "selected": true, "order": 90, "sortie": 6}}, {"type": "Feature", "geometry": {"type": "LineString", "coordinates": [[-160.061899, 21.998612], [-160.06198, 21.998661], [-160.062061, 21.998711], [-160.062142, 21.99876], [-160.062223, 21.99881], [-160.062304, 21.99886], [-160.062385, 21.998909], [-160.062386, 21.998955], [-160.0623, 21.998996], [-160.062245, 21.999046], [-160.062289, 21.999127], [-160.062333, 21.999206], [-160.062401, 21.999142], [-160.062469, 21.999078], [-160.062541, 21.999029], [-160.062636, 21.99905], [-160.06273, 21.999071], [-160.062824, 21.999092], [-160.06291, 21.999117], [-160.062857, 21.999192]]}, "properties": {"seg_id": 435, "ring_id": 0, "i0": 8700, "i1": 8720, "length_m": 200.0, "score": -1.2290888120624393, "bay": 0.35114464461803435, "exposure": 0.6331262035178594, "strip_m": 33.0, "cx": 390333.2865661632, "cy": 2433093.9704736825, "selected": false, "order": -1, "sortie": -1}}, {"type": "Feature", "geometry": {"type": "LineString", "coordinates": [[-160.062804, 21.999268], [-160.06275, 21.999343], [-160.062765, 21.999385], [-160.062861, 21.999384], [-160.062958, 21.999383], [-160.063022, 21.999344], [-160.063045, 21.999256], [-160.063068, 21.999168], [-160.06309, 21.99908], [-160.063132, 21.999037], [-160.063213, 21.999087], [-160.063294, 21.999136], [-160.063375, 21.999186], [-160.063447, 21.999154], [-160.063515, 21.999089], [-160.063583, 21.999025], [-160.063675, 21.999032], [-160.063771, 21.999047], [-160.063866, 21.999063], [-160.063962, 21.999078]]}, "properties": {"seg_id": 436, "ring_id": 0, "i0": 8720, "i1": 8740, "length_m": 200.0, "score": -0.15117392088049614, "bay": 0.4445889785885811, "exposure": 0.27499378529206, "strip_m": 36.5, "cx": 390244.2309006648, "cy": 2433117.400907959, "selected": false, "order": -1, "sortie": -1}}, {"type": "Feature", "geometry": {"type": "LineString", "coordinates": [[-160.064057, 21.999094], [-160.064152, 21.999109], [-160.064248, 21.999125], [-160.064343, 21.999141], [-160.064439, 21.999156], [-160.064534, 21.999172], [-160.064629, 21.999187], [-160.064706, 21.999237], [-160.064775, 21.9993], [-160.064844, 21.999364], [-160.064913, 21.999427], [-160.064982, 21.99949], [-160.065052, 21.99955], [-160.065149, 21.99955], [-160.065246, 21.999549], [-160.065343, 21.999549], [-160.065436, 21.999553], [-160.065468, 21.999638], [-160.065499, 21.999724], [-160.06553, 21.999809]]}, "properties": {"seg_id": 437, "ring_id": 0, "i0": 8740, "i1": 8760, "length_m": 200.0, "score": 1.646512797939779, "bay": 0.5404266431927681, "exposure": 0.7816775619804718, "strip_m": 68.5, "cx": 390078.4410383773, "cy": 2433141.6825867556, "selected": true, "order": 91, "sortie": 6}}, {"type": "Feature", "geometry": {"type": "LineString", "coordinates": [[-160.065617, 21.999837], [-160.065712, 21.999859], [-160.065806, 21.99988], [-160.0659, 21.999901], [-160.065994, 21.999922], [-160.066088, 21.999944], [-160.066182, 21.999965], [-160.066276, 21.999986], [-160.06633, 22.000049], [-160.066361, 22.000135], [-160.066392, 22.00022], [-160.066453, 22.00025], [-160.066545, 22.000221], [-160.066636, 22.000192], [-160.066717, 22.000195], [-160.066776, 22.000267], [-160.066835, 22.000339], [-160.066893, 22.000411], [-160.066952, 22.000483], [-160.066964, 22.000545]]}, "properties": {"seg_id": 438, "ring_id": 0, "i0": 8760, "i1": 8780, "length_m": 200.0, "score": 1.8671620194285186, "bay": 0.5742455810308457, "exposure": 0.755308407287251, "strip_m": 54.0, "cx": 389923.7265114576, "cy": 2433225.1135279485, "selected": true, "order": 92, "sortie": 6}}, {"type": "Feature", "geometry": {"type": "LineString", "coordinates": [[-160.066878, 22.000586], [-160.066799, 22.000631], [-160.0668, 22.000721], [-160.0668, 22.000811], [-160.066801, 22.000902], [-160.066802, 22.000992], [-160.066802, 22.001082], [-160.06681, 22.001161], [-160.06689, 22.00111], [-160.06697, 22.001059], [-160.06705, 22.001009], [-160.067104, 22.001024], [-160.067128, 22.001112], [-160.067152, 22.001199], [-160.067176, 22.001287], [-160.067226, 22.001343], [-160.067323, 22.001342], [-160.06742, 22.001342], [-160.067517, 22.001341], [-160.067614, 22.00134]]}, "properties": {"seg_id": 439, "ring_id": 0, "i0": 8780, "i1": 8800, "length_m": 200.0, "score": -0.5351386908622864, "bay": 0.4050988629460335, "exposure": 0.621839225171976, "strip_m": 21.5, "cx": 389854.1014147618, "cy": 2433329.633422318, "selected": false, "order": -1, "sortie": -1}}, {"type": "Feature", "geometry": {"type": "LineString", "coordinates": [[-160.067711, 22.00134], [-160.067807, 22.001339], [-160.067904, 22.001339], [-160.068001, 22.001338], [-160.068098, 22.001337], [-160.068167, 22.001368], [-160.068187, 22.001457], [-160.068207, 22.001545], [-160.068226, 22.001634], [-160.068246, 22.001722], [-160.068285, 22.001793], [-160.068379, 22.001815], [-160.068473, 22.001836], [-160.068567, 22.001857], [-160.068653, 22.001887], [-160.068684, 22.001973], [-160.068715, 22.002058], [-160.068747, 22.002144], [-160.068841, 22.00216], [-160.068936, 22.002174]]}, "properties": {"seg_id": 440, "ring_id": 0, "i0": 8800, "i1": 8820, "length_m": 200.0, "score": 0.6818449319724589, "bay": 0.4940686821937561, "exposure": 0.7845925153896646, "strip_m": 22.0, "cx": 389721.55748309556, "cy": 2433400.972481315, "selected": true, "order": 93, "sortie": 6}}, {"type": "Feature", "geometry": {"type": "LineString", "coordinates": [[-160.069032, 22.002188], [-160.069128, 22.002203], [-160.069223, 22.002217], [-160.069319, 22.002231], [-160.069415, 22.002245], [-160.06951, 22.002259], [-160.069606, 22.002274], [-160.069701, 22.002288], [-160.069797, 22.002302], [-160.069893, 22.002316], [-160.069946, 22.002254], [-160.069988, 22.002173], [-160.070031, 22.002092], [-160.070074, 22.002011], [-160.070135, 22.001956], [-160.070232, 22.001956], [-160.070328, 22.001955], [-160.070425, 22.001954], [-160.070522, 22.001954], [-160.070619, 22.001953]]}, "properties": {"seg_id": 441, "ring_id": 0, "i0": 8820, "i1": 8840, "length_m": 200.0, "score": -0.45652130217550557, "bay": 0.41987513601779936, "exposure": 0.33052648421168207, "strip_m": 31.0, "cx": 389566.58127538476, "cy": 2433450.015882603, "selected": false, "order": -1, "sortie": -1}}, {"type": "Feature", "geometry": {"type": "LineString", "coordinates": [[-160.070716, 22.001953], [-160.070813, 22.001952], [-160.070882, 22.001922], [-160.070895, 22.001832], [-160.070908, 22.001743], [-160.070921, 22.001653], [-160.070934, 22.001564], [-160.070947, 22.001474], [-160.07096, 22.001385], [-160.070978, 22.001341], [-160.071009, 22.001427], [-160.07104, 22.001512], [-160.071078, 22.001589], [-160.071175, 22.001588], [-160.071261, 22.001579], [-160.071248, 22.001489], [-160.071235, 22.001399], [-160.071223, 22.00131], [-160.07121, 22.00122], [-160.071197, 22.001131]]}, "properties": {"seg_id": 442, "ring_id": 0, "i0": 8840, "i1": 8860, "length_m": 200.0, "score": -1.5198991089558291, "bay": 0.3892820060253143, "exposure": -0.4503956747340439, "strip_m": 24.0, "cx": 389443.7825614385, "cy": 2433386.0014454005, "selected": false, "order": -1, "sortie": -1}}, {"type": "Feature", "geometry": {"type": "LineString", "coordinates": [[-160.071185, 22.001041], [-160.071172, 22.000952], [-160.071163, 22.000864], [-160.07124, 22.000809], [-160.071317, 22.000754], [-160.071394, 22.000699], [-160.071471, 22.000645], [-160.071544, 22.000589], [-160.071513, 22.000503], [-160.071481, 22.000418], [-160.07145, 22.000332], [-160.071419, 22.000247], [-160.071388, 22.000161], [-160.071356, 22.000076], [-160.071396, 22.000005], [-160.071464, 21.999941], [-160.071532, 21.999877], [-160.0716, 21.999813], [-160.071668, 21.999748], [-160.071736, 21.999684]]}, "properties": {"seg_id": 443, "ring_id": 0, "i0": 8860, "i1": 8880, "length_m": 200.0, "score": 0.5185358748782448, "bay": 0.5834547415375709, "exposure": -0.5516105714631534, "strip_m": 18.0, "cx": 389402.2858926925, "cy": 2433253.982827711, "selected": false, "order": -1, "sortie": -1}}, {"type": "Feature", "geometry": {"type": "LineString", "coordinates": [[-160.071804, 21.99962], [-160.071891, 21.999596], [-160.071987, 21.999596], [-160.072084, 21.999595], [-160.072181, 21.999594], [-160.072278, 21.999594], [-160.072375, 21.999593], [-160.072472, 21.999592], [-160.072569, 21.999592], [-160.072665, 21.999591], [-160.072762, 21.99959], [-160.072859, 21.99959], [-160.072956, 21.999589], [-160.073053, 21.999589], [-160.07315, 21.999588], [-160.073247, 21.999587], [-160.073343, 21.999587], [-160.07344, 21.999586], [-160.073531, 21.999561], [-160.073619, 21.999523]]}, "properties": {"seg_id": 444, "ring_id": 0, "i0": 8880, "i1": 8900, "length_m": 200.0, "score": 1.1670363139167466, "bay": 0.5476587072014809, "exposure": 0.4255587773894195, "strip_m": 34.0, "cx": 389268.617900934, "cy": 2433169.6530634924, "selected": true, "order": 94, "sortie": 6}}, {"type": "Feature", "geometry": {"type": "LineString", "coordinates": [[-160.073707, 21.999486], [-160.073795, 21.999448], [-160.073883, 21.99941], [-160.073971, 21.999372], [-160.074059, 21.999334], [-160.074147, 21.999296], [-160.074235, 21.999258], [-160.074322, 21.99922], [-160.07441, 21.999182], [-160.074498, 21.999144], [-160.074571, 21.999087], [-160.074631, 21.999017], [-160.074691, 21.998946], [-160.07475, 21.998875], [-160.07481, 21.998804], [-160.07487, 21.998733], [-160.074935, 21.998679], [-160.075024, 21.998715], [-160.075113, 21.998751], [-160.075201, 21.998787]]}, "properties": {"seg_id": 445, "ring_id": 0, "i0": 8900, "i1": 8920, "length_m": 200.0, "score": 0.6587004817276855, "bay": 0.5169094771146774, "exposure": 0.08237782862304432, "strip_m": 57.5, "cx": 389085.72166869754, "cy": 2433114.3977281465, "selected": true, "order": 95, "sortie": 6}}, {"type": "Feature", "geometry": {"type": "LineString", "coordinates": [[-160.07529, 21.998823], [-160.075379, 21.998859], [-160.075468, 21.998895], [-160.075556, 21.998931], [-160.075645, 21.998968], [-160.075734, 21.999004], [-160.075825, 21.999027], [-160.075922, 21.999021], [-160.076019, 21.999015], [-160.076115, 21.999009], [-160.076212, 21.999003], [-160.076309, 21.998997], [-160.076405, 21.998991], [-160.076502, 21.998985], [-160.076599, 21.998979], [-160.076695, 21.998973], [-160.076792, 21.998967], [-160.076888, 21.998961], [-160.076985, 21.998956], [-160.077082, 21.99895]]}, "properties": {"seg_id": 446, "ring_id": 0, "i0": 8920, "i1": 8940, "length_m": 200.0, "score": 1.198368952370399, "bay": 0.505463071167469, "exposure": 0.5611551054782161, "strip_m": 93.0, "cx": 388911.1749076971, "cy": 2433103.3125263527, "selected": true, "order": 96, "sortie": 6}}, {"type": "Feature", "geometry": {"type": "LineString", "coordinates": [[-160.077178, 21.998944], [-160.077275, 21.998938], [-160.077372, 21.998932], [-160.077468, 21.998933], [-160.077562, 21.998955], [-160.077656, 21.998976], [-160.07775, 21.998997], [-160.07783, 21.999029], [-160.07783, 21.99912], [-160.077846, 21.999196], [-160.077943, 21.999195], [-160.07804, 21.999195], [-160.078137, 21.999194], [-160.078233, 21.999193], [-160.07833, 21.999193], [-160.078427, 21.999192], [-160.078523, 21.999185], [-160.07861, 21.999146], [-160.078697, 21.999107], [-160.078785, 21.999068]]}, "properties": {"seg_id": 447, "ring_id": 0, "i0": 8940, "i1": 8960, "length_m": 200.0, "score": 0.35255006647832043, "bay": 0.471644127368927, "exposure": 0.5221033663629703, "strip_m": 54.5, "cx": 388725.0846717512, "cy": 2433117.7601779224, "selected": false, "order": -1, "sortie": -1}}, {"type": "Feature", "geometry": {"type": "LineString", "coordinates": [[-160.078872, 21.999029], [-160.078959, 21.99899], [-160.079047, 21.998951], [-160.079134, 21.998912], [-160.079221, 21.998873], [-160.079309, 21.998834], [-160.079396, 21.998795], [-160.079483, 21.998756], [-160.079571, 21.998717], [-160.079658, 21.998678], [-160.079745, 21.998639], [-160.079833, 21.9986], [-160.07992, 21.998561], [-160.080008, 21.998522], [-160.080095, 21.998483], [-160.080186, 21.998458], [-160.080283, 21.998457], [-160.080379, 21.998456], [-160.080476, 21.998456], [-160.080573, 21.998455]]}, "properties": {"seg_id": 448, "ring_id": 0, "i0": 8960, "i1": 8980, "length_m": 200.0, "score": 0.9052200759336972, "bay": 0.5258584916591644, "exposure": 0.18549172581535284, "strip_m": 72.0, "cx": 388545.87722586456, "cy": 2433074.3744805567, "selected": true, "order": 97, "sortie": 6}}, {"type": "Feature", "geometry": {"type": "LineString", "coordinates": [[-160.08067, 21.998455], [-160.08076, 21.998474], [-160.080838, 21.998528], [-160.080916, 21.998581], [-160.080994, 21.998635], [-160.081072, 21.998689], [-160.081153, 21.998708], [-160.081239, 21.998667], [-160.081325, 21.998626], [-160.081412, 21.998585], [-160.081498, 21.998544], [-160.081584, 21.998503], [-160.081671, 21.998462], [-160.081764, 21.998452], [-160.08186, 21.998457], [-160.081957, 21.998463], [-160.082054, 21.998469], [-160.08215, 21.998475], [-160.082247, 21.998481], [-160.082344, 21.998486]]}, "properties": {"seg_id": 449, "ring_id": 0, "i0": 8980, "i1": 9000, "length_m": 200.0, "score": 1.135140194601202, "bay": 0.5028095796704293, "exposure": 0.48854337422046434, "strip_m": 110.0, "cx": 388363.26506588707, "cy": 2433059.69276286, "selected": true, "order": 98, "sortie": 6}}, {"type": "Feature", "geometry": {"type": "LineString", "coordinates": [[-160.08244, 21.998492], [-160.082537, 21.998498], [-160.082634, 21.998504], [-160.08273, 21.99851], [-160.082827, 21.998515], [-160.082924, 21.998521], [-160.08302, 21.998527], [-160.083102, 21.998566], [-160.083176, 21.998625], [-160.083249, 21.998684], [-160.083322, 21.998743], [-160.083396, 21.998802], [-160.083469, 21.998861], [-160.083542, 21.99892], [-160.083616, 21.998979], [-160.083689, 21.999038], [-160.083763, 21.999097], [-160.083836, 21.999156], [-160.083931, 21.999138], [-160.084025, 21.99912]]}, "properties": {"seg_id": 450, "ring_id": 0, "i0": 9000, "i1": 9020, "length_m": 200.0, "score": 1.443250023534567, "bay": 0.5034859657287598, "exposure": 0.7424221832372527, "strip_m": 181.5, "cx": 388179.04634007823, "cy": 2433086.232369619, "selected": true, "order": 99, "sortie": 6}}, {"type": "Feature", "geometry": {"type": "LineString", "coordinates": [[-160.08412, 21.999101], [-160.084215, 21.999083], [-160.08431, 21.999065], [-160.084405, 21.999046], [-160.0845, 21.999028], [-160.084595, 21.99901], [-160.084689, 21.998991], [-160.084784, 21.998973], [-160.08487, 21.999006], [-160.084953, 21.999053], [-160.085036, 21.999099], [-160.085119, 21.999146], [-160.085202, 21.999193], [-160.085285, 21.999239], [-160.085368, 21.999286], [-160.085451, 21.999332], [-160.085534, 21.999379], [-160.085617, 21.999425], [-160.0857, 21.999472], [-160.085783, 21.999518]]}, "properties": {"seg_id": 451, "ring_id": 0, "i0": 9020, "i1": 9040, "length_m": 200.0, "score": 1.550520371767473, "bay": 0.5256503716111183, "exposure": 0.666303225579235, "strip_m": 199.0, "cx": 388002.30049104424, "cy": 2433132.6024530944, "selected": true, "order": 100, "sortie": 6}}, {"type": "Feature", "geometry": {"type": "LineString", "coordinates": [[-160.085866, 21.999565], [-160.085949, 21.999612], [-160.086032, 21.999658], [-160.086115, 21.999705], [-160.086198, 21.999751], [-160.086281, 21.999798], [-160.086364, 21.999844], [-160.086447, 21.999891], [-160.08653, 21.999937], [-160.086585, 22.000008], [-160.086629, 22.000088], [-160.086673, 22.000169], [-160.086717, 22.000249], [-160.086761, 22.00033], [-160.086805, 22.00041], [-160.086849, 22.000491], [-160.086893, 22.000571], [-160.086937, 22.000652], [-160.086981, 22.000732], [-160.087025, 22.000813]]}, "properties": {"seg_id": 452, "ring_id": 0, "i0": 9040, "i1": 9060, "length_m": 200.0, "score": 2.367293325424961, "bay": 0.5766389191150665, "exposure": 0.9471529127481455, "strip_m": 208.5, "cx": 387842.4887318451, "cy": 2433237.9526862437, "selected": true, "order": 101, "sortie": 6}}, {"type": "Feature", "geometry": {"type": "LineString", "coordinates": [[-160.087042, 22.000898], [-160.087034, 22.000988], [-160.087026, 22.001078], [-160.087017, 22.001168], [-160.087009, 22.001258], [-160.087001, 22.001348], [-160.086993, 22.001438], [-160.086985, 22.001528], [-160.086977, 22.001618], [-160.086969, 22.001708], [-160.086961, 22.001798], [-160.086992, 22.001873], [-160.087067, 22.00193], [-160.087142, 22.001988], [-160.087217, 22.002045], [-160.087292, 22.002102], [-160.087366, 22.00216], [-160.087441, 22.002217], [-160.087516, 22.002274], [-160.087542, 22.002354]]}, "properties": {"seg_id": 453, "ring_id": 0, "i0": 9060, "i1": 9080, "length_m": 200.0, "score": 1.3445527494179847, "bay": 0.4818418338894844, "exposure": 0.8854633299418133, "strip_m": 216.0, "cx": 387782.0350626799, "cy": 2433412.745498627, "selected": true, "order": 102, "sortie": 6}}, {"type": "Feature", "geometry": {"type": "LineString", "coordinates": [[-160.087542, 22.002444], [-160.087543, 22.002534], [-160.087544, 22.002625], [-160.087544, 22.002715], [-160.087545, 22.002805], [-160.087546, 22.002895], [-160.087546, 22.002986], [-160.087547, 22.003076], [-160.087548, 22.003166], [-160.087549, 22.003257], [-160.087549, 22.003347], [-160.087613, 22.003367], [-160.087708, 22.003352], [-160.087804, 22.003336], [-160.087899, 22.003321], [-160.087995, 22.003305], [-160.08809, 22.00329], [-160.088139, 22.003335], [-160.088154, 22.003424], [-160.08817, 22.003514]]}, "properties": {"seg_id": 454, "ring_id": 0, "i0": 9080, "i1": 9100, "length_m": 200.0, "score": 0.5633165763480867, "bay": 0.4757023960351944, "exposure": 0.7567133320711198, "strip_m": 139.5, "cx": 387721.2752582097, "cy": 2433569.9383105515, "selected": true, "order": 103, "sortie": 6}}, {"type": "Feature", "geometry": {"type": "LineString", "coordinates": [[-160.088185, 22.003603], [-160.088201, 22.003692], [-160.088216, 22.003781], [-160.088231, 22.00387], [-160.088247, 22.003959], [-160.088262, 22.004049], [-160.088278, 22.004138], [-160.088293, 22.004227], [-160.088308, 22.004316], [-160.088324, 22.004405], [-160.088304, 22.004484], [-160.088236, 22.004548], [-160.088168, 22.004612], [-160.0881, 22.004677], [-160.088062, 22.004727], [-160.088158, 22.004716], [-160.088254, 22.004705], [-160.08835, 22.004694], [-160.088447, 22.004682], [-160.088543, 22.004671]]}, "properties": {"seg_id": 455, "ring_id": 0, "i0": 9100, "i1": 9120, "length_m": 200.0, "score": -0.9302666074393873, "bay": 0.3437044769525528, "exposure": 0.6731459146918132, "strip_m": 150.5, "cx": 387667.58029891393, "cy": 2433705.7242861525, "selected": false, "order": -1, "sortie": -1}}, {"type": "Feature", "geometry": {"type": "LineString", "coordinates": [[-160.088639, 22.00466], [-160.088735, 22.004649], [-160.088831, 22.004638], [-160.088927, 22.004626], [-160.089023, 22.004615], [-160.089119, 22.004604], [-160.089215, 22.004593], [-160.089312, 22.004582], [-160.089408, 22.00457], [-160.089504, 22.004559], [-160.0896, 22.004548], [-160.089692, 22.004543], [-160.089736, 22.004624], [-160.08978, 22.004704], [-160.089824, 22.004785], [-160.089868, 22.004865], [-160.089944, 22.004897], [-160.090041, 22.004897], [-160.090137, 22.004896], [-160.090234, 22.004895]]}, "properties": {"seg_id": 456, "ring_id": 0, "i0": 9120, "i1": 9140, "length_m": 200.0, "score": 0.20963353645001156, "bay": 0.44802290499210357, "exposure": 0.5690565815810055, "strip_m": 192.5, "cx": 387541.8918930578, "cy": 2433746.437516939, "selected": false, "order": -1, "sortie": -1}}, {"type": "Feature", "geometry": {"type": "LineString", "coordinates": [[-160.090331, 22.004895], [-160.090428, 22.004894], [-160.090508, 22.004855], [-160.090576, 22.004791], [-160.090644, 22.004727], [-160.090712, 22.004662], [-160.09079, 22.004621], [-160.090887, 22.00462], [-160.090984, 22.004619], [-160.091081, 22.004619], [-160.091177, 22.004618], [-160.091274, 22.004617], [-160.091371, 22.004617], [-160.091455, 22.004642], [-160.091513, 22.004714], [-160.091572, 22.004786], [-160.091631, 22.004857], [-160.091689, 22.004929], [-160.09176, 22.004986], [-160.091852, 22.005014], [-160.091944, 22.005042], [-160.092036, 22.005069], [-160.092128, 22.005097]]}, "properties": {"seg_id": 457, "ring_id": 0, "i0": 9140, "i1": 9163, "length_m": 230.0, "score": 0.3873629312022978, "bay": 0.4620187357068062, "exposure": 0.49559166432231755, "strip_m": 145.5, "cx": 387373.35793763207, "cy": 2433755.0129768294, "selected": false, "order": -1, "sortie": -1}}, {"type": "Feature", "geometry": {"type": "LineString", "coordinates": [[-160.100242, 22.028857], [-160.100173, 22.028794], [-160.100104, 22.02873], [-160.100064, 22.028678], [-160.100161, 22.028677], [-160.100258, 22.028676], [-160.100349, 22.028665], [-160.100417, 22.0286], [-160.100485, 22.028536], [-160.100554, 22.028472], [-160.100622, 22.028407], [-160.10069, 22.028343], [-160.100758, 22.028279], [-160.100826, 22.028214], [-160.100894, 22.02815], [-160.100929, 22.028069], [-160.100949, 22.027981], [-160.10097, 22.027893], [-160.10099, 22.027804], [-160.10101, 22.027716]]}, "properties": {"seg_id": 458, "ring_id": 1, "i0": 9163, "i1": 9183, "length_m": 200.0, "score": -4.078328318132437, "bay": 0.17825181782245636, "exposure": -0.28603351694192625, "strip_m": 28.5, "cx": 386415.57259113865, "cy": 2436377.1096687126, "selected": false, "order": -1, "sortie": -1}}, {"type": "Feature", "geometry": {"type": "LineString", "coordinates": [[-160.101031, 22.027628], [-160.101051, 22.027539], [-160.101071, 22.027451], [-160.101092, 22.027363], [-160.101134, 22.027286], [-160.101202, 22.027221], [-160.10127, 22.027157], [-160.101338, 22.027093], [-160.10141, 22.027052], [-160.101497, 22.027091], [-160.101584, 22.027131], [-160.101561, 22.027045], [-160.101537, 22.026958], [-160.101513, 22.02687], [-160.101489, 22.026783], [-160.101523, 22.026701], [-160.101565, 22.02662], [-160.101608, 22.026539], [-160.101651, 22.026458], [-160.101693, 22.026377]]}, "properties": {"seg_id": 459, "ring_id": 1, "i0": 9183, "i1": 9203, "length_m": 200.0, "score": -3.12018585207966, "bay": 0.3071280002593994, "exposure": -0.4609568710948473, "strip_m": 9.5, "cx": 386329.96222132427, "cy": 2436227.275737682, "selected": false, "order": -1, "sortie": -1}}, {"type": "Feature", "geometry": {"type": "LineString", "coordinates": [[-160.101736, 22.026296], [-160.101761, 22.026217], [-160.101692, 22.026154], [-160.101623, 22.02609], [-160.101554, 22.026027], [-160.101485, 22.025964], [-160.101568, 22.025958], [-160.101665, 22.025957], [-160.101762, 22.025956], [-160.101859, 22.025956], [-160.101787, 22.025919], [-160.1017, 22.025879], [-160.101614, 22.02584], [-160.101527, 22.0258], [-160.101493, 22.02574], [-160.101526, 22.025655], [-160.101559, 22.02557], [-160.101593, 22.025486], [-160.101626, 22.025401], [-160.10166, 22.025316]]}, "properties": {"seg_id": 460, "ring_id": 1, "i0": 9203, "i1": 9223, "length_m": 200.0, "score": -2.6733336493185442, "bay": 0.33439126014709475, "exposure": -0.5861222372752483, "strip_m": 19.0, "cx": 386303.3924658512, "cy": 2436099.141395339, "selected": false, "order": -1, "sortie": -1}}, {"type": "Feature", "geometry": {"type": "LineString", "coordinates": [[-160.101693, 22.025231], [-160.101726, 22.025146], [-160.10176, 22.025062], [-160.10174, 22.024975], [-160.101713, 22.024888], [-160.101687, 22.024801], [-160.101661, 22.024714], [-160.101635, 22.024627], [-160.101609, 22.02454], [-160.101583, 22.024453], [-160.101556, 22.024366], [-160.10153, 22.024279], [-160.101504, 22.024192], [-160.101478, 22.024105], [-160.10151, 22.024075], [-160.101603, 22.024103], [-160.101695, 22.024131], [-160.101756, 22.024119], [-160.101755, 22.024029], [-160.101724, 22.02396]]}, "properties": {"seg_id": 461, "ring_id": 1, "i0": 9223, "i1": 9243, "length_m": 200.0, "score": -2.3666616117166135, "bay": 0.3659729450941086, "exposure": -0.7812342808024402, "strip_m": 15.5, "cx": 386301.644893977, "cy": 2435947.575118435, "selected": false, "order": -1, "sortie": -1}}, {"type": "Feature", "geometry": {"type": "LineString", "coordinates": [[-160.101632, 22.023932], [-160.10154, 22.023904], [-160.101461, 22.023865], [-160.101446, 22.023776], [-160.101432, 22.023687], [-160.101418, 22.023597], [-160.101403, 22.023508], [-160.101389, 22.023419], [-160.101375, 22.023329], [-160.101352, 22.023249], [-160.101255, 22.02325], [-160.101167, 22.023241], [-160.101161, 22.023151], [-160.101154, 22.023061], [-160.101148, 22.022971], [-160.101142, 22.022881], [-160.101135, 22.022791], [-160.101129, 22.0227], [-160.101122, 22.02261], [-160.101116, 22.02252]]}, "properties": {"seg_id": 462, "ring_id": 1, "i0": 9243, "i1": 9263, "length_m": 200.0, "score": -1.2472549565038964, "bay": 0.4540582835674286, "exposure": -0.8860657928196879, "strip_m": 29.5, "cx": 386336.4938303726, "cy": 2435812.5101691973, "selected": false, "order": -1, "sortie": -1}}, {"type": "Feature", "geometry": {"type": "LineString", "coordinates": [[-160.10111, 22.02243], [-160.101103, 22.02234], [-160.101097, 22.02225], [-160.101091, 22.02216], [-160.101084, 22.022069], [-160.101078, 22.021979], [-160.101071, 22.021889], [-160.101065, 22.021799], [-160.10106, 22.021709], [-160.101068, 22.021619], [-160.101076, 22.021529], [-160.101084, 22.021439], [-160.101092, 22.021349], [-160.1011, 22.021259], [-160.101108, 22.021169], [-160.101116, 22.021079], [-160.101124, 22.020989], [-160.101132, 22.020899], [-160.10114, 22.020809], [-160.101148, 22.020719]]}, "properties": {"seg_id": 463, "ring_id": 1, "i0": 9263, "i1": 9283, "length_m": 200.0, "score": -0.29386433357507863, "bay": 0.5200312182307243, "exposure": -0.8496573879466816, "strip_m": 45.5, "cx": 386355.9333758688, "cy": 2435624.3948614574, "selected": false, "order": -1, "sortie": -1}}, {"type": "Feature", "geometry": {"type": "LineString", "coordinates": [[-160.101157, 22.020629], [-160.101165, 22.020539], [-160.101173, 22.020449], [-160.101181, 22.020359], [-160.101189, 22.020269], [-160.101197, 22.020179], [-160.101205, 22.020089], [-160.101213, 22.019999], [-160.101221, 22.019909], [-160.101229, 22.019819], [-160.101237, 22.019729], [-160.101327, 22.019698], [-160.101419, 22.019669], [-160.101511, 22.01964], [-160.10152, 22.019561], [-160.101512, 22.019471], [-160.101503, 22.019381], [-160.101494, 22.019291], [-160.101485, 22.019201], [-160.101477, 22.019111]]}, "properties": {"seg_id": 464, "ring_id": 1, "i0": 9283, "i1": 9303, "length_m": 200.0, "score": -0.27348294188077177, "bay": 0.5187825188040733, "exposure": -0.6929971742937324, "strip_m": 28.5, "cx": 386331.50789460965, "cy": 2435433.6344918557, "selected": false, "order": -1, "sortie": -1}}, {"type": "Feature", "geometry": {"type": "LineString", "coordinates": [[-160.101468, 22.019021], [-160.101459, 22.018931], [-160.10145, 22.018841], [-160.101442, 22.018751], [-160.101433, 22.018661], [-160.101424, 22.018571], [-160.101486, 22.018515], [-160.101569, 22.018468], [-160.101652, 22.018421], [-160.101735, 22.018374], [-160.101817, 22.018327], [-160.1019, 22.01828], [-160.101892, 22.018192], [-160.10188, 22.018103], [-160.101867, 22.018013], [-160.101854, 22.017924], [-160.101842, 22.017834], [-160.101829, 22.017745], [-160.101816, 22.017655], [-160.101803, 22.017565]]}, "properties": {"seg_id": 465, "ring_id": 1, "i0": 9303, "i1": 9323, "length_m": 200.0, "score": -0.5332079819058141, "bay": 0.5162330955266953, "exposure": -0.6503173413749799, "strip_m": 12.0, "cx": 386293.09819451143, "cy": 2435263.4393962547, "selected": false, "order": -1, "sortie": -1}}, {"type": "Feature", "geometry": {"type": "LineString", "coordinates": [[-160.101867, 22.017503], [-160.101941, 22.017445], [-160.102015, 22.017387], [-160.102089, 22.017328], [-160.102163, 22.01727], [-160.102237, 22.017212], [-160.102311, 22.017154], [-160.102377, 22.017093], [-160.102346, 22.017008], [-160.102315, 22.016922], [-160.102284, 22.016837], [-160.102364, 22.016803], [-160.102456, 22.016773], [-160.102548, 22.016744], [-160.10255, 22.016672], [-160.102523, 22.016585], [-160.102496, 22.016499], [-160.102468, 22.016412], [-160.102441, 22.016325], [-160.102414, 22.016239]]}, "properties": {"seg_id": 466, "ring_id": 1, "i0": 9323, "i1": 9343, "length_m": 200.0, "score": -1.8200370816392148, "bay": 0.3991675406694412, "exposure": -0.5165144788517065, "strip_m": 4.0, "cx": 386227.0115654587, "cy": 2435109.0367667964, "selected": false, "order": -1, "sortie": -1}}, {"type": "Feature", "geometry": {"type": "LineString", "coordinates": [[-160.102387, 22.016152], [-160.10234, 22.016076], [-160.102271, 22.016013], [-160.102202, 22.015949], [-160.102133, 22.015886], [-160.102064, 22.015822], [-160.101995, 22.015759], [-160.101903, 22.015748], [-160.101806, 22.015748], [-160.101709, 22.015749], [-160.101612, 22.01575], [-160.101516, 22.01575], [-160.101419, 22.015751], [-160.101322, 22.015752], [-160.101225, 22.015752], [-160.101128, 22.015753], [-160.101031, 22.015754], [-160.100934, 22.015754], [-160.100838, 22.015755], [-160.100756, 22.015711]]}, "properties": {"seg_id": 467, "ring_id": 1, "i0": 9343, "i1": 9363, "length_m": 200.0, "score": -1.8440538192453517, "bay": 0.3933402821421623, "exposure": -0.692205052938623, "strip_m": 16.5, "cx": 386296.41836969013, "cy": 2434987.7149908366, "selected": false, "order": -1, "sortie": -1}}, {"type": "Feature", "geometry": {"type": "LineString", "coordinates": [[-160.100678, 22.015658], [-160.1006, 22.015604], [-160.100522, 22.01555], [-160.100444, 22.015497], [-160.100366, 22.015443], [-160.100289, 22.015389], [-160.100211, 22.015336], [-160.100133, 22.015282], [-160.100055, 22.015228], [-160.099977, 22.015175], [-160.099899, 22.015121], [-160.099821, 22.015067], [-160.099743, 22.015014], [-160.099665, 22.01496], [-160.099616, 22.015016], [-160.099573, 22.015097], [-160.0995, 22.015121], [-160.099405, 22.015104], [-160.09931, 22.015087], [-160.099215, 22.01507]]}, "properties": {"seg_id": 468, "ring_id": 1, "i0": 9363, "i1": 9383, "length_m": 200.0, "score": -1.1074245310858848, "bay": 0.4707596331834793, "exposure": -0.7093687675117621, "strip_m": 5.0, "cx": 386469.2020716988, "cy": 2434922.45027705, "selected": false, "order": -1, "sortie": -1}}, {"type": "Feature", "geometry": {"type": "LineString", "coordinates": [[-160.09912, 22.015053], [-160.099025, 22.015036], [-160.09893, 22.015019], [-160.098834, 22.015002], [-160.098739, 22.014985], [-160.098644, 22.014968], [-160.098548, 22.014957], [-160.098451, 22.014958], [-160.098355, 22.014958], [-160.098258, 22.014959], [-160.098161, 22.01496], [-160.098064, 22.01496], [-160.097967, 22.014961], [-160.09787, 22.014962], [-160.097773, 22.014962], [-160.097677, 22.014963], [-160.09758, 22.014964], [-160.097483, 22.014964], [-160.097386, 22.014965], [-160.097289, 22.014966]]}, "properties": {"seg_id": 469, "ring_id": 1, "i0": 9383, "i1": 9403, "length_m": 200.0, "score": -0.9964423211708221, "bay": 0.463683670759201, "exposure": -0.549229580616181, "strip_m": 9.5, "cx": 386648.95695653337, "cy": 2434891.8371151728, "selected": false, "order": -1, "sortie": -1}}, {"type": "Feature", "geometry": {"type": "LineString", "coordinates": [[-160.097192, 22.014966], [-160.097095, 22.014967], [-160.096998, 22.014968], [-160.096902, 22.014968], [-160.096816, 22.014993], [-160.096748, 22.015057], [-160.09668, 22.015122], [-160.096649, 22.015101], [-160.096648, 22.015011], [-160.096594, 22.01497], [-160.096497, 22.014971], [-160.096401, 22.014972], [-160.096304, 22.014972], [-160.096207, 22.014973], [-160.09611, 22.014973], [-160.096015, 22.014986], [-160.095921, 22.015009], [-160.095827, 22.015031], [-160.095733, 22.015054], [-160.095693, 22.015103]]}, "properties": {"seg_id": 470, "ring_id": 1, "i0": 9403, "i1": 9423, "length_m": 200.0, "score": -1.1228490810715985, "bay": 0.45442247986793516, "exposure": -0.3425907177966661, "strip_m": 1.5, "cx": 386830.2717483394, "cy": 2434894.1079915813, "selected": false, "order": -1, "sortie": -1}}, {"type": "Feature", "geometry": {"type": "LineString", "coordinates": [[-160.095724, 22.015189], [-160.095755, 22.015274], [-160.09576, 22.01532], [-160.095691, 22.015257], [-160.095622, 22.015193], [-160.095542, 22.015164], [-160.095446, 22.01518], [-160.095351, 22.015195], [-160.095255, 22.015211], [-160.09516, 22.015226], [-160.095065, 22.015242], [-160.094992, 22.015282], [-160.094962, 22.015368], [-160.094932, 22.015454], [-160.094892, 22.015532], [-160.094807, 22.015576], [-160.094722, 22.01562], [-160.094638, 22.015663], [-160.094553, 22.015707], [-160.094468, 22.015751]]}, "properties": {"seg_id": 471, "ring_id": 1, "i0": 9423, "i1": 9443, "length_m": 200.0, "score": -0.602721712969293, "bay": 0.4836628630757332, "exposure": -0.05025009712538477, "strip_m": 4.0, "cx": 386963.14405732584, "cy": 2434933.223762426, "selected": false, "order": -1, "sortie": -1}}, {"type": "Feature", "geometry": {"type": "LineString", "coordinates": [[-160.094384, 22.015795], [-160.094299, 22.015839], [-160.094214, 22.015882], [-160.094129, 22.015926], [-160.094045, 22.01597], [-160.09396, 22.016014], [-160.093875, 22.016058], [-160.093784, 22.016061], [-160.093689, 22.016044], [-160.093593, 22.016027], [-160.093498, 22.01601], [-160.093403, 22.015993], [-160.093323, 22.016022], [-160.093255, 22.016086], [-160.093187, 22.01615], [-160.093119, 22.016215], [-160.093051, 22.016279], [-160.092983, 22.016343], [-160.092915, 22.016408], [-160.092847, 22.016472]]}, "properties": {"seg_id": 472, "ring_id": 1, "i0": 9443, "i1": 9463, "length_m": 200.0, "score": -0.3174581321225334, "bay": 0.48189386129379275, "exposure": -0.07573169821334988, "strip_m": 8.0, "cx": 387127.74664478394, "cy": 2435010.5852886303, "selected": false, "order": -1, "sortie": -1}}, {"type": "Feature", "geometry": {"type": "LineString", "coordinates": [[-160.092779, 22.016536], [-160.092711, 22.016601], [-160.092643, 22.016665], [-160.092575, 22.016729], [-160.092507, 22.016794], [-160.092439, 22.016858], [-160.092371, 22.016922], [-160.092303, 22.016987], [-160.092235, 22.017051], [-160.092167, 22.017115], [-160.092095, 22.017172], [-160.092001, 22.017195], [-160.091907, 22.017217], [-160.091813, 22.01724], [-160.091721, 22.017265], [-160.091664, 22.017338], [-160.091606, 22.01741], [-160.091549, 22.017483], [-160.091491, 22.017556], [-160.091432, 22.017622]]}, "properties": {"seg_id": 473, "ring_id": 1, "i0": 9463, "i1": 9483, "length_m": 200.0, "score": 0.22540176783830024, "bay": 0.504474513232708, "exposure": 0.1487721079309014, "strip_m": 19.0, "cx": 387281.0351982864, "cy": 2435121.0864652586, "selected": false, "order": -1, "sortie": -1}}, {"type": "Feature", "geometry": {"type": "LineString", "coordinates": [[-160.091345, 22.017582], [-160.091258, 22.017543], [-160.091195, 22.017595], [-160.091137, 22.017667], [-160.09108, 22.01774], [-160.091022, 22.017813], [-160.090965, 22.017885], [-160.090907, 22.017958], [-160.09085, 22.018031], [-160.090792, 22.018103], [-160.090734, 22.018176], [-160.090677, 22.018249], [-160.090619, 22.018321], [-160.090562, 22.018394], [-160.090504, 22.018466], [-160.090447, 22.018539], [-160.090389, 22.018612], [-160.090331, 22.018684], [-160.090274, 22.018757], [-160.090216, 22.01883]]}, "properties": {"seg_id": 474, "ring_id": 1, "i0": 9483, "i1": 9503, "length_m": 200.0, "score": 0.21131919200288207, "bay": 0.47247659265995023, "exposure": 0.2858369376144991, "strip_m": 28.5, "cx": 387419.702752943, "cy": 2435237.3898280775, "selected": false, "order": -1, "sortie": -1}}, {"type": "Feature", "geometry": {"type": "LineString", "coordinates": [[-160.090159, 22.018902], [-160.090101, 22.018975], [-160.090033, 22.019039], [-160.089962, 22.019101], [-160.089891, 22.019162], [-160.089821, 22.019224], [-160.08975, 22.019286], [-160.089679, 22.019347], [-160.089609, 22.019409], [-160.089538, 22.019471], [-160.089467, 22.019533], [-160.089396, 22.019594], [-160.089326, 22.019656], [-160.089255, 22.019718], [-160.089184, 22.01978], [-160.089113, 22.019841], [-160.089043, 22.019903], [-160.088972, 22.019965], [-160.088901, 22.020027], [-160.088843, 22.020091]]}, "properties": {"seg_id": 475, "ring_id": 1, "i0": 9503, "i1": 9523, "length_m": 200.0, "score": 0.2925686892731115, "bay": 0.48210198134183885, "exposure": 0.26491662010161804, "strip_m": 38.5, "cx": 387551.14184394927, "cy": 2435386.3484132574, "selected": false, "order": -1, "sortie": -1}}, {"type": "Feature", "geometry": {"type": "LineString", "coordinates": [[-160.088875, 22.020177], [-160.088906, 22.020262], [-160.088937, 22.020348], [-160.088866, 22.020406], [-160.088791, 22.020463], [-160.088716, 22.02052], [-160.08864, 22.020577], [-160.088565, 22.020634], [-160.08849, 22.02069], [-160.088444, 22.020765], [-160.088421, 22.020852], [-160.088398, 22.02094], [-160.088376, 22.021028], [-160.088353, 22.021116], [-160.08833, 22.021204], [-160.088307, 22.021291], [-160.088284, 22.021379], [-160.088247, 22.02146], [-160.088179, 22.021524], [-160.088111, 22.021588]]}, "properties": {"seg_id": 476, "ring_id": 1, "i0": 9523, "i1": 9543, "length_m": 200.0, "score": 0.5067344991405172, "bay": 0.48361082673072814, "exposure": 0.5148524253653843, "strip_m": 45.0, "cx": 387654.43716569577, "cy": 2435536.1639914047, "selected": false, "order": -1, "sortie": -1}}, {"type": "Feature", "geometry": {"type": "LineString", "coordinates": [[-160.088043, 22.021653], [-160.087975, 22.021717], [-160.087907, 22.021781], [-160.087884, 22.021863], [-160.087885, 22.021953], [-160.087886, 22.022043], [-160.087886, 22.022134], [-160.087887, 22.022224], [-160.087888, 22.022314], [-160.087888, 22.022405], [-160.087889, 22.022495], [-160.08789, 22.022585], [-160.087891, 22.022676], [-160.087891, 22.022766], [-160.087892, 22.022856], [-160.087893, 22.022947], [-160.087893, 22.023037], [-160.087894, 22.023127], [-160.087895, 22.023218], [-160.087895, 22.023308]]}, "properties": {"seg_id": 477, "ring_id": 1, "i0": 9543, "i1": 9563, "length_m": 200.0, "score": 0.5852522646469029, "bay": 0.4596774220466614, "exposure": 0.7830447036277446, "strip_m": 73.5, "cx": 387718.5755545787, "cy": 2435712.160224387, "selected": true, "order": 104, "sortie": 6}}, {"type": "Feature", "geometry": {"type": "LineString", "coordinates": [[-160.087896, 22.023398], [-160.087897, 22.023489], [-160.087897, 22.023579], [-160.087898, 22.023669], [-160.087899, 22.02376], [-160.087899, 22.02385], [-160.0879, 22.02394], [-160.087901, 22.024031], [-160.087902, 22.024121], [-160.087931, 22.024205], [-160.087975, 22.024285], [-160.088019, 22.024366], [-160.088062, 22.024446], [-160.088106, 22.024527], [-160.08815, 22.024607], [-160.088194, 22.024688], [-160.088284, 22.024718], [-160.088376, 22.024746], [-160.088468, 22.024774], [-160.088503, 22.02485]]}, "properties": {"seg_id": 478, "ring_id": 1, "i0": 9563, "i1": 9583, "length_m": 200.0, "score": 0.22588236865122696, "bay": 0.4353798121213913, "exposure": 0.9111838965273206, "strip_m": 57.0, "cx": 387703.92551803123, "cy": 2435905.714910056, "selected": false, "order": -1, "sortie": -1}}, {"type": "Feature", "geometry": {"type": "LineString", "coordinates": [[-160.088523, 22.024938], [-160.088543, 22.025027], [-160.088562, 22.025115], [-160.088582, 22.025204], [-160.088653, 22.025246], [-160.088747, 22.025267], [-160.088841, 22.025289], [-160.088935, 22.02531], [-160.089007, 22.025361], [-160.089061, 22.025436], [-160.089116, 22.025511], [-160.08917, 22.025586], [-160.089224, 22.025661], [-160.089279, 22.025735], [-160.089333, 22.02581], [-160.089401, 22.025867], [-160.089495, 22.02589], [-160.089588, 22.025913], [-160.089682, 22.025936], [-160.089776, 22.025959]]}, "properties": {"seg_id": 479, "ring_id": 1, "i0": 9583, "i1": 9603, "length_m": 200.0, "score": -0.24533483253869512, "bay": 0.4281477749347687, "exposure": 0.8746757167367031, "strip_m": 19.0, "cx": 387599.8703984445, "cy": 2436050.434725902, "selected": false, "order": -1, "sortie": -1}}, {"type": "Feature", "geometry": {"type": "LineString", "coordinates": [[-160.089869, 22.025982], [-160.089963, 22.026006], [-160.090057, 22.026029], [-160.09015, 22.026052], [-160.090244, 22.026075], [-160.090338, 22.026098], [-160.090431, 22.026121], [-160.090519, 22.02616], [-160.090606, 22.0262], [-160.090693, 22.02624], [-160.090779, 22.02628], [-160.090866, 22.02632], [-160.090953, 22.026359], [-160.091003, 22.026405], [-160.090935, 22.026469], [-160.090867, 22.026534], [-160.090866, 22.02658], [-160.09096, 22.026602], [-160.091054, 22.026623], [-160.091148, 22.026644]]}, "properties": {"seg_id": 480, "ring_id": 1, "i0": 9603, "i1": 9623, "length_m": 200.0, "score": -1.842478169926968, "bay": 0.2981789857149124, "exposure": 0.7000273479414767, "strip_m": 22.0, "cx": 387441.6353738701, "cy": 2436138.57105368, "selected": false, "order": -1, "sortie": -1}}, {"type": "Feature", "geometry": {"type": "LineString", "coordinates": [[-160.091225, 22.026635], [-160.091261, 22.026551], [-160.091296, 22.026466], [-160.091331, 22.026382], [-160.091367, 22.026298], [-160.091402, 22.026214], [-160.09136, 22.026136], [-160.091309, 22.026059], [-160.091259, 22.025982], [-160.091208, 22.025905], [-160.091158, 22.025828], [-160.091111, 22.02575], [-160.09111, 22.025659], [-160.09111, 22.025569], [-160.091109, 22.025479], [-160.091108, 22.025388], [-160.091108, 22.025298], [-160.091107, 22.025208], [-160.091099, 22.025126], [-160.091008, 22.025156]]}, "properties": {"seg_id": 481, "ring_id": 1, "i0": 9623, "i1": 9643, "length_m": 200.0, "score": -3.264046063208302, "bay": 0.31628512144088744, "exposure": -0.7897057882445097, "strip_m": 0.0, "cx": 387380.67424647935, "cy": 2436090.9095837157, "selected": false, "order": -1, "sortie": -1}}, {"type": "Feature", "geometry": {"type": "LineString", "coordinates": [[-160.090916, 22.025185], [-160.090824, 22.025214], [-160.090837, 22.025136], [-160.09086, 22.025049], [-160.090883, 22.024961], [-160.090906, 22.024873], [-160.090975, 22.024894], [-160.091056, 22.024943], [-160.091137, 22.024993], [-160.091202, 22.025017], [-160.091202, 22.024926], [-160.091201, 22.024836], [-160.0912, 22.024746], [-160.0912, 22.024655], [-160.091199, 22.024565], [-160.091183, 22.024482], [-160.091102, 22.024433], [-160.091021, 22.024383], [-160.09094, 22.024333], [-160.090933, 22.024267]]}, "properties": {"seg_id": 482, "ring_id": 1, "i0": 9643, "i1": 9663, "length_m": 200.0, "score": -0.7763456569393973, "bay": 0.5043184146285057, "exposure": -0.584924954020454, "strip_m": 3.5, "cx": 387396.7024454853, "cy": 2435973.4442638205, "selected": false, "order": -1, "sortie": -1}}, {"type": "Feature", "geometry": {"type": "LineString", "coordinates": [[-160.090979, 22.024187], [-160.091025, 22.024108], [-160.091071, 22.024028], [-160.091117, 22.023949], [-160.091164, 22.023869], [-160.09121, 22.02379], [-160.091256, 22.02371], [-160.091302, 22.023631], [-160.091348, 22.023551], [-160.091394, 22.023472], [-160.09144, 22.023393], [-160.091486, 22.023313], [-160.091532, 22.023234], [-160.091578, 22.023154], [-160.091624, 22.023075], [-160.09167, 22.022995], [-160.091716, 22.022916], [-160.091763, 22.022836], [-160.091809, 22.022757], [-160.091855, 22.022677]]}, "properties": {"seg_id": 483, "ring_id": 1, "i0": 9663, "i1": 9683, "length_m": 200.0, "score": 0.2614157549073297, "bay": 0.5663371503353118, "exposure": -0.5178658612279643, "strip_m": 15.5, "cx": 387356.60717487836, "cy": 2435822.922136142, "selected": false, "order": -1, "sortie": -1}}, {"type": "Feature", "geometry": {"type": "LineString", "coordinates": [[-160.091901, 22.022598], [-160.091947, 22.022518], [-160.092031, 22.022498], [-160.092128, 22.022498], [-160.092112, 22.022555], [-160.092059, 22.02263], [-160.092006, 22.022706], [-160.091971, 22.022779], [-160.09204, 22.022843], [-160.092109, 22.022906], [-160.092167, 22.022923], [-160.092205, 22.022839], [-160.092242, 22.022756], [-160.09228, 22.022673], [-160.092318, 22.022589], [-160.092355, 22.022506], [-160.092393, 22.022423], [-160.09243, 22.02234], [-160.092502, 22.022286], [-160.092588, 22.022245]]}, "properties": {"seg_id": 484, "ring_id": 1, "i0": 9683, "i1": 9703, "length_m": 200.0, "score": -0.12257539194358669, "bay": 0.516024985909462, "exposure": -0.10542868458080652, "strip_m": 7.5, "cx": 387276.2514464903, "cy": 2435731.9782810714, "selected": false, "order": -1, "sortie": -1}}, {"type": "Feature", "geometry": {"type": "LineString", "coordinates": [[-160.092675, 22.022204], [-160.092761, 22.022163], [-160.092827, 22.022111], [-160.092826, 22.02202], [-160.092826, 22.02193], [-160.092825, 22.02184], [-160.092845, 22.02178], [-160.092932, 22.02182], [-160.093019, 22.021859], [-160.093072, 22.021784], [-160.093125, 22.021709], [-160.093178, 22.021633], [-160.093248, 22.02158], [-160.093343, 22.021562], [-160.093437, 22.021543], [-160.093532, 22.021525], [-160.093627, 22.021507], [-160.093679, 22.021472], [-160.093624, 22.021397], [-160.09357, 22.021322]]}, "properties": {"seg_id": 485, "ring_id": 1, "i0": 9703, "i1": 9723, "length_m": 200.0, "score": 0.434976013368484, "bay": 0.5557752400636673, "exposure": -0.2271123796154682, "strip_m": 8.5, "cx": 387176.53553469694, "cy": 2435636.655197847, "selected": false, "order": -1, "sortie": -1}}, {"type": "Feature", "geometry": {"type": "LineString", "coordinates": [[-160.093516, 22.021247], [-160.093565, 22.021221], [-160.093662, 22.021216], [-160.093758, 22.021211], [-160.093855, 22.021206], [-160.093952, 22.021201], [-160.094049, 22.021196], [-160.094145, 22.021191], [-160.094242, 22.021186], [-160.094339, 22.021181], [-160.094435, 22.021176], [-160.094532, 22.021171], [-160.094629, 22.021166], [-160.094726, 22.021161], [-160.094822, 22.021156], [-160.094919, 22.021151], [-160.095016, 22.021146], [-160.095113, 22.021141], [-160.095209, 22.021137], [-160.095306, 22.021132]]}, "properties": {"seg_id": 486, "ring_id": 1, "i0": 9723, "i1": 9743, "length_m": 200.0, "score": 0.69078979678522, "bay": 0.5676378905773163, "exposure": 0.3829944388263093, "strip_m": 2.5, "cx": 387048.00268528535, "cy": 2435575.7540766336, "selected": true, "order": 105, "sortie": 7}}, {"type": "Feature", "geometry": {"type": "LineString", "coordinates": [[-160.095403, 22.021127], [-160.0955, 22.021122], [-160.095561, 22.021173], [-160.095605, 22.021254], [-160.095671, 22.021292], [-160.095766, 22.021274], [-160.095861, 22.021256], [-160.095955, 22.021237], [-160.09605, 22.021219], [-160.096145, 22.021213], [-160.09624, 22.021233], [-160.096334, 22.021252], [-160.096429, 22.021272], [-160.096523, 22.021292], [-160.096618, 22.021311], [-160.096712, 22.021331], [-160.096807, 22.021351], [-160.096902, 22.02137], [-160.096996, 22.02139], [-160.097091, 22.02141]]}, "properties": {"seg_id": 487, "ring_id": 1, "i0": 9743, "i1": 9763, "length_m": 200.0, "score": 0.31840371317824323, "bay": 0.5238813817501068, "exposure": 0.6265683417385398, "strip_m": 0.0, "cx": 386860.3233499959, "cy": 2435586.9775823657, "selected": false, "order": -1, "sortie": -1}}, {"type": "Feature", "geometry": {"type": "LineString", "coordinates": [[-160.097185, 22.021429], [-160.09728, 22.021449], [-160.097374, 22.021469], [-160.097444, 22.021532], [-160.097513, 22.021595], [-160.097582, 22.021658], [-160.097651, 22.021722], [-160.09772, 22.021785], [-160.097789, 22.021849], [-160.097858, 22.021912], [-160.097952, 22.021917], [-160.098049, 22.021916], [-160.098146, 22.021916], [-160.098243, 22.021915], [-160.09834, 22.021914], [-160.098393, 22.021985], [-160.098443, 22.022063], [-160.098492, 22.022141], [-160.098541, 22.022218], [-160.098591, 22.022296]]}, "properties": {"seg_id": 488, "ring_id": 1, "i0": 9763, "i1": 9783, "length_m": 200.0, "score": 0.7872194196358807, "bay": 0.5548387169837952, "exposure": 0.8346199990362766, "strip_m": 0.0, "cx": 386683.1644026431, "cy": 2435650.813339834, "selected": true, "order": 106, "sortie": 7}}, {"type": "Feature", "geometry": {"type": "LineString", "coordinates": [[-160.09864, 22.022374], [-160.09869, 22.022451], [-160.098739, 22.022529], [-160.098788, 22.022607], [-160.098838, 22.022684], [-160.098887, 22.022762], [-160.098937, 22.02284], [-160.098986, 22.022918], [-160.099036, 22.022993], [-160.099131, 22.022975], [-160.099226, 22.022956], [-160.099321, 22.022938], [-160.099416, 22.02292], [-160.099511, 22.022901], [-160.099533, 22.022982], [-160.09955, 22.023071], [-160.099567, 22.02316], [-160.099583, 22.023249], [-160.0996, 22.023338], [-160.099617, 22.023427]]}, "properties": {"seg_id": 489, "ring_id": 1, "i0": 9783, "i1": 9803, "length_m": 200.0, "score": 0.4812287837110536, "bay": 0.5103538036346436, "exposure": 0.8311914368503119, "strip_m": 4.5, "cx": 386554.9199363316, "cy": 2435770.1713943984, "selected": false, "order": -1, "sortie": -1}}, {"type": "Feature", "geometry": {"type": "LineString", "coordinates": [[-160.099701, 22.023441], [-160.099797, 22.02344], [-160.099894, 22.023439], [-160.099885, 22.023512], [-160.099855, 22.023597], [-160.099825, 22.023683], [-160.099879, 22.023723], [-160.099975, 22.02374], [-160.10007, 22.023757], [-160.100165, 22.023774], [-160.10026, 22.023791], [-160.100283, 22.023848], [-160.100253, 22.023934], [-160.100223, 22.02402], [-160.100242, 22.024086], [-160.100329, 22.024126], [-160.100415, 22.024166], [-160.100502, 22.024206], [-160.100589, 22.024246], [-160.100566, 22.024329]]}, "properties": {"seg_id": 490, "ring_id": 1, "i0": 9803, "i1": 9823, "length_m": 200.0, "score": 0.0944751057268329, "bay": 0.4784599468111992, "exposure": 0.7755190981464215, "strip_m": 18.5, "cx": 386457.04398138553, "cy": 2435874.8267002394, "selected": false, "order": -1, "sortie": -1}}, {"type": "Feature", "geometry": {"type": "LineString", "coordinates": [[-160.100536, 22.024415], [-160.100506, 22.024501], [-160.10053, 22.024584], [-160.100569, 22.024667], [-160.100607, 22.02475], [-160.100646, 22.024832], [-160.100685, 22.024915], [-160.100724, 22.024998], [-160.100763, 22.025081], [-160.100786, 22.025162], [-160.100733, 22.025238], [-160.10068, 22.025313], [-160.100627, 22.025389], [-160.100604, 22.025473], [-160.100604, 22.025563], [-160.100605, 22.025653], [-160.100606, 22.025744], [-160.100607, 22.025834], [-160.100607, 22.025924], [-160.100608, 22.026015]]}, "properties": {"seg_id": 491, "ring_id": 1, "i0": 9823, "i1": 9843, "length_m": 200.0, "score": -1.2713133398767824, "bay": 0.357700315117836, "exposure": 0.8329362009529181, "strip_m": 12.5, "cx": 386406.90714610333, "cy": 2436025.719632846, "selected": false, "order": -1, "sortie": -1}}, {"type": "Feature", "geometry": {"type": "LineString", "coordinates": [[-160.100609, 22.026105], [-160.100609, 22.026195], [-160.10061, 22.026286], [-160.100611, 22.026376], [-160.100611, 22.026466], [-160.100612, 22.026557], [-160.100613, 22.026647], [-160.100559, 22.026687], [-160.100462, 22.026688], [-160.10042, 22.026739], [-160.10042, 22.026829], [-160.100421, 22.026919], [-160.100422, 22.02701], [-160.100423, 22.0271], [-160.100423, 22.02719], [-160.100424, 22.027281], [-160.100404, 22.027367], [-160.100369, 22.027452], [-160.100334, 22.027536], [-160.100298, 22.02762]]}, "properties": {"seg_id": 492, "ring_id": 1, "i0": 9843, "i1": 9863, "length_m": 200.0, "score": -1.7484587717285383, "bay": 0.3124870002269745, "exposure": 0.6898225742898312, "strip_m": 34.0, "cx": 386423.59110733145, "cy": 2436208.2502929433, "selected": false, "order": -1, "sortie": -1}}, {"type": "Feature", "geometry": {"type": "LineString", "coordinates": [[-160.100263, 22.027704], [-160.100219, 22.027766], [-160.100132, 22.027726], [-160.100045, 22.027687], [-160.100011, 22.027765], [-160.099981, 22.027851], [-160.099951, 22.027937], [-160.099921, 22.028023], [-160.099891, 22.028108], [-160.099861, 22.028194], [-160.099831, 22.02828], [-160.099802, 22.028366], [-160.099772, 22.028452], [-160.099775, 22.028536], [-160.099819, 22.028616], [-160.099863, 22.028697], [-160.099907, 22.028777], [-160.099951, 22.028858], [-160.100047, 22.028858], [-160.100144, 22.028858]]}, "properties": {"seg_id": 493, "ring_id": 1, "i0": 9863, "i1": 9883, "length_m": 200.0, "score": -3.468019880997737, "bay": 0.1917273670434952, "exposure": 0.55409729030959, "strip_m": 13.5, "cx": 386478.73028937366, "cy": 2436362.899015594, "selected": false, "order": -1, "sortie": -1}}, {"type": "Feature", "geometry": {"type": "LineString", "coordinates": [[-160.201858, 21.786422], [-160.201788, 21.786631], [-160.202474, 21.786835], [-160.203009, 21.787229], [-160.203095, 21.787391], [-160.203147, 21.78788], [-160.203155, 21.78797], [-160.2032, 21.788461], [-160.203151, 21.788623], [-160.202741, 21.789174], [-160.202607, 21.789315], [-160.202081, 21.789344], [-160.201613, 21.790772], [-160.201584, 21.791356], [-160.201773, 21.791939], [-160.201638, 21.79214], [-160.201467, 21.792249], [-160.201485, 21.792193], [-160.201526, 21.792261], [-160.201543, 21.79235], [-160.201551, 21.792777], [-160.201046, 21.793007], [-160.200729, 21.793741], [-160.200464, 21.793843], [-160.20054, 21.793678], [-160.200487, 21.793483], [-160.200679, 21.793617], [-160.200635, 21.793926], [-160.200526, 21.794013], [-160.200544, 21.794184], [-160.200393, 21.794051], [-160.200658, 21.794119], [-160.200713, 21.794408], [-160.20053, 21.795085], [-160.19966, 21.796713], [-160.199569, 21.796923], [-160.199098, 21.797299], [-160.199027, 21.797903], [-160.198916, 21.798093], [-160.198661, 21.798192], [-160.197711, 21.799105], [-160.197738, 21.798977], [-160.197664, 21.799053], [-160.197911, 21.799046], [-160.198129, 21.798917], [-160.198224, 21.798607], [-160.198133, 21.798689], [-160.198483, 21.798598], [-160.198667, 21.79817], [-160.195304, 21.800877], [-160.195605, 21.800852], [-160.195872, 21.800475], [-160.19575, 21.800539], [-160.196122, 21.800652], [-160.196451, 21.800627], [-160.196521, 21.800338], [-160.19647, 21.799889], [-160.193544, 21.803205], [-160.193789, 21.802952], [-160.194106, 21.802963], [-160.194371, 21.802864], [-160.194401, 21.80247], [-160.19471, 21.802248], [-160.193907, 21.806278], [-160.193805, 21.806264], [-160.193841, 21.806289], [-160.193687, 21.805758], [-160.193674, 21.805804], [-160.193839, 21.80561], [-160.193723, 21.805326], [-160.193169, 21.805041], [-160.193999, 21.806306], [-160.194393, 21.806465], [-160.194452, 21.806696], [-160.194383, 21.80806], [-160.194378, 21.80815], [-160.194287, 21.80843], [-160.193362, 21.809709], [-160.191164, 21.813398], [-160.191138, 21.813219], [-160.190983, 21.813373], [-160.191245, 21.813354], [-160.191407, 21.813214], [-160.191685, 21.812769], [-160.191784, 21.812095], [-160.191667, 21.81193], [-160.191176, 21.813488], [-160.191206, 21.813949], [-160.190866, 21.814373], [-160.190862, 21.814332], [-160.190929, 21.814527], [-160.190908, 21.814704], [-160.19068, 21.815144], [-160.190583, 21.815293], [-160.190202, 21.815423], [-160.19028, 21.815298], [-160.190359, 21.816083], [-160.190182, 21.816263], [-160.190039, 21.816296], [-160.190093, 21.816056], [-160.190249, 21.816224], [-160.190182, 21.816492], [-160.188934, 21.817582], [-160.188937, 21.817636], [-160.188929, 21.81779], [-160.188816, 21.817961], [-160.188621, 21.818089], [-160.188637, 21.818023], [-160.188667, 21.817958], [-160.18874, 21.818238], [-160.188615, 21.81843], [-160.188138, 21.818792], [-160.188112, 21.818985], [-160.201858, 21.786422]]}, "properties": {"kind": "sortie", "sortie_id": 0, "segments": [229, 230, 232, 233, 234, 236, 237, 239, 241, 244, 245, 246, 249, 250, 251, 252, 253], "length_m": 10438, "time_min": 23.6}}, {"type": "Feature", "geometry": {"type": "LineString", "coordinates": [[-160.187335, 21.820531], [-160.187178, 21.820369], [-160.187127, 21.820017], [-160.187491, 21.820078], [-160.187677, 21.820227], [-160.187794, 21.820874], [-160.187739, 21.821078], [-160.187404, 21.82133], [-160.187447, 21.821246], [-160.18649, 21.823016], [-160.186396, 21.823038], [-160.186463, 21.822939], [-160.186466, 21.823396], [-160.186114, 21.824113], [-160.18602, 21.824259], [-160.18572, 21.82437], [-160.184742, 21.825595], [-160.185293, 21.825304], [-160.185409, 21.825151], [-160.185578, 21.824343], [-160.185524, 21.824391], [-160.185625, 21.824388], [-160.1827, 21.82832], [-160.183019, 21.827933], [-160.183447, 21.827769], [-160.183582, 21.827637], [-160.183839, 21.827004], [-160.181439, 21.831431], [-160.182036, 21.830312], [-160.182064, 21.830141], [-160.181918, 21.829657], [-160.180026, 21.83261], [-160.179924, 21.833407], [-160.17936, 21.834082], [-160.1793, 21.834153], [-160.178794, 21.83475], [-160.178615, 21.835356], [-160.178415, 21.835618], [-160.178356, 21.83569], [-160.177913, 21.836224], [-160.177733, 21.836317], [-160.177452, 21.836316], [-160.177589, 21.836148], [-160.177647, 21.836256], [-160.177637, 21.836471], [-160.177257, 21.836841], [-160.177103, 21.836886], [-160.176916, 21.836931], [-160.177017, 21.836762], [-160.177094, 21.837088], [-160.177028, 21.837261], [-160.176434, 21.838109], [-160.176381, 21.838184], [-160.176143, 21.8384], [-160.174443, 21.838585], [-160.173871, 21.83887], [-160.174218, 21.838883], [-160.1744, 21.839095], [-160.174409, 21.83924], [-160.174398, 21.839403], [-160.174178, 21.839616], [-160.174239, 21.839534], [-160.174285, 21.840011], [-160.173948, 21.840429], [-160.173925, 21.840441], [-160.173916, 21.840808], [-160.173334, 21.841218], [-160.173357, 21.841185], [-160.173352, 21.841672], [-160.173122, 21.841911], [-160.173047, 21.841958], [-160.173093, 21.841788], [-160.173715, 21.842853], [-160.173696, 21.843127], [-160.173342, 21.843329], [-160.172899, 21.845862], [-160.173166, 21.844762], [-160.173144, 21.844484], [-160.172825, 21.844399], [-160.172433, 21.844463], [-160.172501, 21.844504], [-160.171432, 21.847125], [-160.171243, 21.848099], [-160.170661, 21.848661], [-160.172812, 21.845987], [-160.171806, 21.847025], [-160.171387, 21.847175], [-160.170593, 21.848725], [-160.169936, 21.849339], [-160.169324, 21.849464], [-160.169094, 21.849642], [-160.187335, 21.820531]]}, "properties": {"kind": "sortie", "sortie_id": 1, "segments": [255, 257, 258, 260, 262, 264, 265, 266, 267, 268, 270, 271, 272, 274, 276, 275, 277], "length_m": 10518, "time_min": 23.6}}, {"type": "Feature", "geometry": {"type": "LineString", "coordinates": [[-160.168351, 21.852053], [-160.168118, 21.852068], [-160.167991, 21.851333], [-160.167758, 21.851199], [-160.167192, 21.851206], [-160.167057, 21.851092], [-160.168116, 21.852209], [-160.168042, 21.852431], [-160.16786, 21.852637], [-160.167512, 21.852584], [-160.167549, 21.852563], [-160.167602, 21.852562], [-160.167344, 21.852795], [-160.167313, 21.85337], [-160.167306, 21.85346], [-160.16724, 21.854069], [-160.166544, 21.855098], [-160.166492, 21.855174], [-160.165505, 21.856622], [-160.164218, 21.85781], [-160.164008, 21.858738], [-160.163907, 21.858877], [-160.163511, 21.859166], [-160.163502, 21.85928], [-160.163487, 21.859369], [-160.163404, 21.859715], [-160.162384, 21.860606], [-160.162415, 21.860532], [-160.162448, 21.860623], [-160.162485, 21.86079], [-160.162103, 21.861731], [-160.161976, 21.861876], [-160.16139, 21.86209], [-160.160079, 21.863462], [-160.159498, 21.864318], [-160.158788, 21.864771], [-160.158705, 21.864818], [-160.158497, 21.864931], [-160.1582, 21.865477], [-160.157463, 21.865906], [-160.157399, 21.865971], [-160.156151, 21.867232], [-160.128007, 21.876434], [-160.12795, 21.877155], [-160.127725, 21.877317], [-160.127569, 21.877325], [-160.1277, 21.877126], [-160.127761, 21.877286], [-160.127734, 21.877486], [-160.127399, 21.877896], [-160.12725, 21.878028], [-160.125497, 21.878062], [-160.125283, 21.87803], [-160.125143, 21.877882], [-160.168351, 21.852053]]}, "properties": {"kind": "sortie", "sortie_id": 2, "segments": [280, 281, 282, 283, 285, 286, 287, 289, 290, 291, 312, 313], "length_m": 11473, "time_min": 23.2}}, {"type": "Feature", "geometry": {"type": "LineString", "coordinates": [[-160.122465, 21.877776], [-160.122346, 21.877588], [-160.122146, 21.877632], [-160.121418, 21.877603], [-160.121275, 21.877397], [-160.121211, 21.877112], [-160.121611, 21.877137], [-160.121546, 21.877246], [-160.121351, 21.87736], [-160.120842, 21.877364], [-160.115288, 21.87937], [-160.114962, 21.879739], [-160.114264, 21.879764], [-160.114012, 21.879685], [-160.113862, 21.87912], [-160.114077, 21.879241], [-160.113986, 21.87927], [-160.112022, 21.880794], [-160.111816, 21.881098], [-160.111167, 21.881452], [-160.110982, 21.881495], [-160.110169, 21.881302], [-160.104653, 21.881133], [-160.104576, 21.881629], [-160.10448, 21.881774], [-160.103905, 21.882237], [-160.103924, 21.882167], [-160.103981, 21.882287], [-160.103877, 21.882595], [-160.103623, 21.882625], [-160.099923, 21.885022], [-160.099679, 21.885719], [-160.099516, 21.885893], [-160.0986, 21.885919], [-160.098359, 21.885811], [-160.098293, 21.885618], [-160.089752, 21.890076], [-160.089385, 21.890488], [-160.088923, 21.89068], [-160.088009, 21.890468], [-160.087836, 21.890229], [-160.078711, 21.894635], [-160.078794, 21.894567], [-160.078468, 21.895389], [-160.077935, 21.895733], [-160.077697, 21.895811], [-160.077488, 21.895698], [-160.07392, 21.897027], [-160.073936, 21.898777], [-160.074387, 21.900558], [-160.074118, 21.900512], [-160.074461, 21.900826], [-160.074267, 21.900378], [-160.074618, 21.900538], [-160.07472, 21.90106], [-160.074486, 21.901919], [-160.122465, 21.877776]]}, "properties": {"kind": "sortie", "sortie_id": 3, "segments": [317, 322, 325, 331, 335, 344, 353, 357, 359], "length_m": 12485, "time_min": 24.5}}, {"type": "Feature", "geometry": {"type": "LineString", "coordinates": [[-160.07547, 21.904721], [-160.075471, 21.90494], [-160.075739, 21.905001], [-160.075825, 21.905439], [-160.075609, 21.905285], [-160.076058, 21.905235], [-160.076212, 21.905495], [-160.076213, 21.906102], [-160.07607, 21.906406], [-160.076606, 21.907597], [-160.077188, 21.908167], [-160.077022, 21.908766], [-160.077177, 21.909058], [-160.077217, 21.90914], [-160.077424, 21.909578], [-160.077363, 21.909541], [-160.077482, 21.909547], [-160.077683, 21.909725], [-160.077809, 21.910687], [-160.078985, 21.913382], [-160.079306, 21.913757], [-160.079365, 21.913942], [-160.079295, 21.914233], [-160.079276, 21.91415], [-160.079911, 21.914603], [-160.079873, 21.914894], [-160.079775, 21.914993], [-160.07968, 21.915069], [-160.079675, 21.914907], [-160.080183, 21.915285], [-160.080254, 21.915462], [-160.080261, 21.915948], [-160.080126, 21.915846], [-160.080253, 21.915853], [-160.080437, 21.915997], [-160.08065, 21.91651], [-160.08066, 21.917472], [-160.08077, 21.917681], [-160.080812, 21.917763], [-160.081324, 21.918774], [-160.081352, 21.91947], [-160.081549, 21.921114], [-160.082113, 21.921643], [-160.082299, 21.922698], [-160.082313, 21.922787], [-160.082437, 21.923566], [-160.082827, 21.924346], [-160.082868, 21.924428], [-160.083037, 21.924828], [-160.083049, 21.926211], [-160.076698, 21.952501], [-160.076481, 21.953954], [-160.076316, 21.954261], [-160.076264, 21.954337], [-160.07572, 21.955127], [-160.075098, 21.955717], [-160.07503, 21.955781], [-160.074725, 21.95606], [-160.074636, 21.956394], [-160.074525, 21.95652], [-160.073833, 21.957045], [-160.07547, 21.904721]]}, "properties": {"kind": "sortie", "sortie_id": 4, "segments": [363, 365, 366, 369, 370, 371, 372, 374, 375, 376, 393, 394, 395], "length_m": 12242, "time_min": 24.9}}, {"type": "Feature", "geometry": {"type": "LineString", "coordinates": [[-160.073906, 21.957272], [-160.073758, 21.957102], [-160.072672, 21.958365], [-160.072486, 21.958448], [-160.072339, 21.958453], [-160.072223, 21.958443], [-160.072305, 21.958381], [-160.072248, 21.958623], [-160.072136, 21.958775], [-160.071065, 21.95932], [-160.070284, 21.961283], [-160.070431, 21.961473], [-160.070525, 21.962419], [-160.0703, 21.962614], [-160.070138, 21.962623], [-160.070269, 21.962411], [-160.070407, 21.96271], [-160.070394, 21.962968], [-160.070206, 21.963098], [-160.070012, 21.963177], [-160.069972, 21.963419], [-160.069963, 21.96338], [-160.070252, 21.963724], [-160.070258, 21.964184], [-160.070158, 21.964377], [-160.070023, 21.964453], [-160.070062, 21.964372], [-160.07009, 21.964331], [-160.070143, 21.964751], [-160.069932, 21.964887], [-160.069961, 21.964862], [-160.069819, 21.965916], [-160.069807, 21.966006], [-160.069745, 21.966241], [-160.069013, 21.967632], [-160.068971, 21.967713], [-160.068823, 21.967923], [-160.068323, 21.968312], [-160.068075, 21.969092], [-160.068047, 21.969179], [-160.067848, 21.969559], [-160.067538, 21.969595], [-160.06758, 21.969561], [-160.067421, 21.969876], [-160.067158, 21.969939], [-160.067, 21.969885], [-160.067237, 21.969689], [-160.067248, 21.970038], [-160.067036, 21.970221], [-160.064331, 21.97393], [-160.064292, 21.974658], [-160.063566, 21.975519], [-160.063565, 21.975524], [-160.063565, 21.975714], [-160.063491, 21.975878], [-160.062356, 21.976955], [-160.062238, 21.977029], [-160.060486, 21.977763], [-160.060319, 21.977759], [-160.058529, 21.977501], [-160.058374, 21.977401], [-160.053404, 21.977867], [-160.053381, 21.978054], [-160.052686, 21.978796], [-160.051922, 21.978819], [-160.050699, 21.979673], [-160.050797, 21.980213], [-160.050277, 21.981427], [-160.050047, 21.982822], [-160.050352, 21.983286], [-160.050366, 21.983825], [-160.050536, 21.984329], [-160.050617, 21.984379], [-160.050843, 21.984613], [-160.050945, 21.985194], [-160.051526, 21.985877], [-160.051635, 21.986085], [-160.051457, 21.986405], [-160.051459, 21.986363], [-160.051729, 21.986935], [-160.05165, 21.987392], [-160.051755, 21.987489], [-160.051816, 21.98756], [-160.052694, 21.9886], [-160.05277, 21.989117], [-160.052781, 21.989207], [-160.052802, 21.989497], [-160.053807, 21.990335], [-160.053878, 21.990396], [-160.054082, 21.990641], [-160.054012, 21.991086], [-160.053914, 21.990933], [-160.054592, 21.991146], [-160.054658, 21.991404], [-160.054482, 21.991861], [-160.073906, 21.957272]]}, "properties": {"kind": "sortie", "sortie_id": 5, "segments": [396, 397, 400, 401, 402, 403, 404, 405, 409, 410, 411, 412, 417, 419, 421, 422, 423, 424, 425, 426], "length_m": 10218, "time_min": 23.9}}, {"type": "Feature", "geometry": {"type": "LineString", "coordinates": [[-160.056833, 21.994645], [-160.056786, 21.994859], [-160.056961, 21.994931], [-160.05746, 21.995407], [-160.057901, 21.995439], [-160.058213, 21.996036], [-160.060314, 21.996041], [-160.060591, 21.995953], [-160.060909, 21.995961], [-160.061011, 21.996324], [-160.060859, 21.996183], [-160.061568, 21.996213], [-160.061896, 21.996692], [-160.061944, 21.996771], [-160.062155, 21.997129], [-160.062176, 21.997283], [-160.062085, 21.998484], [-160.0641, 21.998864], [-160.064723, 21.998971], [-160.065141, 21.999333], [-160.065589, 21.999368], [-160.065709, 21.999647], [-160.065688, 21.999614], [-160.066407, 21.999787], [-160.06655, 21.999939], [-160.066593, 22.000081], [-160.066464, 22.0], [-160.066597, 21.999962], [-160.066842, 21.999993], [-160.067176, 22.00038], [-160.067171, 22.000675], [-160.067709, 22.001107], [-160.068146, 22.001109], [-160.068373, 22.001236], [-160.068482, 22.001647], [-160.068434, 22.001607], [-160.068835, 22.001727], [-160.068952, 22.001983], [-160.068883, 22.00193], [-160.068976, 22.001944], [-160.071674, 21.99942], [-160.071856, 21.999365], [-160.073405, 21.999355], [-160.073514, 21.999312], [-160.073602, 21.999274], [-160.074365, 21.998947], [-160.074687, 21.998574], [-160.074904, 21.998447], [-160.075301, 21.998573], [-160.07539, 21.998609], [-160.07585, 21.998795], [-160.077065, 21.998717], [-160.078764, 21.998819], [-160.080005, 21.998265], [-160.080571, 21.998222], [-160.080697, 21.998223], [-160.080866, 21.998263], [-160.081181, 21.998479], [-160.081118, 21.998477], [-160.081598, 21.998239], [-160.08236, 21.998254], [-160.082456, 21.99826], [-160.083085, 21.998302], [-160.083242, 21.998373], [-160.083899, 21.998931], [-160.083975, 21.998892], [-160.08407, 21.998873], [-160.084806, 21.998741], [-160.085912, 21.999319], [-160.085995, 21.999365], [-160.086697, 21.999765], [-160.087261, 22.000737], [-160.087291, 22.000887], [-160.087209, 22.001768], [-160.087192, 22.001733], [-160.087722, 22.002142], [-160.087789, 22.00232], [-160.087792, 22.002442], [-160.087798, 22.003255], [-160.087621, 22.003134], [-160.088144, 22.003062], [-160.088367, 22.00324], [-160.088416, 22.003476], [-160.088145, 22.023306], [-160.088123, 22.021898], [-160.088221, 22.021816], [-160.056833, 21.994645]]}, "properties": {"kind": "sortie", "sortie_id": 6, "segments": [430, 433, 434, 437, 438, 440, 444, 445, 446, 448, 449, 450, 451, 452, 453, 454, 477], "length_m": 11341, "time_min": 24.8}}, {"type": "Feature", "geometry": {"type": "LineString", "coordinates": [[-160.093032, 22.021268], [-160.093266, 22.021258], [-160.093508, 22.020994], [-160.095292, 22.020899], [-160.098806, 22.022177], [-160.098452, 22.021706], [-160.09796, 22.021699], [-160.097493, 22.021264], [-160.09724, 22.021202], [-160.092497, 22.002007], [-160.093736, 22.000702], [-160.0938, 22.000634], [-160.094286, 22.000143], [-160.095231, 21.999492], [-160.096575, 21.998316], [-160.09672, 21.998222], [-160.097095, 21.998203], [-160.097053, 21.998243], [-160.096991, 21.998276], [-160.097182, 21.997777], [-160.097398, 21.997663], [-160.097544, 21.997658], [-160.097853, 21.997682], [-160.097505, 21.997886], [-160.09793, 21.998124], [-160.097853, 21.998269], [-160.09821, 21.996964], [-160.099047, 21.996175], [-160.099662, 21.995833], [-160.099791, 21.995769], [-160.100963, 21.99574], [-160.101749, 21.995966], [-160.101841, 21.995994], [-160.102265, 21.996136], [-160.103202, 21.99699], [-160.103016, 21.996983], [-160.103088, 21.996928], [-160.103437, 21.996672], [-160.10363, 21.996632], [-160.104061, 21.996715], [-160.104254, 21.996561], [-160.1046, 21.996779], [-160.104584, 21.996992], [-160.104634, 21.997024], [-160.107674, 21.993991], [-160.108262, 21.99389], [-160.108601, 21.994162], [-160.109334, 21.994161], [-160.109528, 21.994353], [-160.110323, 21.988908], [-160.109796, 21.988627], [-160.109742, 21.988442], [-160.109655, 21.98784], [-160.10995, 21.987199], [-160.10999, 21.987116], [-160.110167, 21.986752], [-160.111286, 21.985729], [-160.093032, 22.021268]]}, "properties": {"kind": "sortie", "sortie_id": 7, "segments": [486, 488, 2, 3, 5, 7, 8, 9, 10, 14, 19, 20], "length_m": 11015, "time_min": 22.7}}, {"type": "Feature", "geometry": {"type": "LineString", "coordinates": [[-160.120684, 21.959106], [-160.120879, 21.959228], [-160.121386, 21.958584], [-160.122198, 21.958128], [-160.12383, 21.955204], [-160.12437, 21.954649], [-160.125267, 21.95416], [-160.13434, 21.947669], [-160.13501, 21.947181], [-160.135954, 21.946933], [-160.135906, 21.946998], [-160.135867, 21.947021], [-160.135925, 21.946809], [-160.136109, 21.946698], [-160.137113, 21.946267], [-160.137728, 21.946197], [-160.139367, 21.945667], [-160.139397, 21.945701], [-160.139053, 21.945812], [-160.139057, 21.945674], [-160.139177, 21.945474], [-160.140528, 21.945007], [-160.140619, 21.944976], [-160.141134, 21.944802], [-160.142177, 21.944183], [-160.142259, 21.944134], [-160.142697, 21.943883], [-160.143971, 21.94341], [-160.144061, 21.943377], [-160.144375, 21.943266], [-160.144845, 21.942873], [-160.145506, 21.942772], [-160.145648, 21.942698], [-160.145733, 21.942654], [-160.146809, 21.942126], [-160.147253, 21.942044], [-160.147462, 21.94209], [-160.147582, 21.942208], [-160.147484, 21.942196], [-160.148162, 21.941834], [-160.148139, 21.941881], [-160.148238, 21.941623], [-160.148982, 21.941401], [-160.149075, 21.941376], [-160.150782, 21.940896], [-160.150867, 21.940853], [-160.152084, 21.940238], [-160.152261, 21.940199], [-160.152697, 21.94028], [-160.154143, 21.939678], [-160.153729, 21.939899], [-160.153867, 21.939639], [-160.154156, 21.939464], [-160.154813, 21.939615], [-160.154781, 21.939637], [-160.154734, 21.939637], [-160.154989, 21.939408], [-160.15549, 21.939356], [-160.155586, 21.939356], [-160.157426, 21.939343], [-160.157523, 21.939342], [-160.159362, 21.939329], [-160.159432, 21.93933], [-160.161132, 21.938813], [-160.162687, 21.934818], [-160.162725, 21.934262], [-160.163154, 21.933574], [-160.163574, 21.933175], [-160.120684, 21.959106]]}, "properties": {"kind": "sortie", "sortie_id": 8, "segments": [40, 43, 50, 51, 53, 54, 55, 56, 57, 58, 59, 60, 62, 63, 64, 65, 69], "length_m": 11222, "time_min": 24.5}}, {"type": "Feature", "geometry": {"type": "LineString", "coordinates": [[-160.165419, 21.931037], [-160.165552, 21.931217], [-160.166105, 21.931067], [-160.167055, 21.93036], [-160.167256, 21.930345], [-160.167376, 21.930365], [-160.16755, 21.93042], [-160.167435, 21.930494], [-160.167517, 21.930208], [-160.167724, 21.930064], [-160.168207, 21.930061], [-160.168151, 21.930093], [-160.168379, 21.929728], [-160.168581, 21.929679], [-160.179312, 21.92636], [-160.179175, 21.926499], [-160.179246, 21.926261], [-160.179598, 21.926253], [-160.179477, 21.926286], [-160.179747, 21.926003], [-160.180007, 21.926059], [-160.179754, 21.926221], [-160.179802, 21.926017], [-160.180121, 21.925929], [-160.180243, 21.925964], [-160.180049, 21.926116], [-160.180065, 21.925981], [-160.180325, 21.92582], [-160.18048, 21.925833], [-160.180867, 21.925902], [-160.181057, 21.925718], [-160.181246, 21.925631], [-160.181773, 21.925699], [-160.18159, 21.925806], [-160.181701, 21.925578], [-160.181915, 21.925514], [-160.18201, 21.9255], [-160.183108, 21.92534], [-160.183909, 21.925481], [-160.189414, 21.91952], [-160.189406, 21.919287], [-160.189568, 21.919135], [-160.190038, 21.918816], [-160.190043, 21.918999], [-160.189885, 21.918822], [-160.190067, 21.918519], [-160.190324, 21.918463], [-160.19028, 21.918503], [-160.190308, 21.918374], [-160.165419, 21.931037]]}, "properties": {"kind": "sortie", "sortie_id": 9, "segments": [72, 73, 81, 82, 83, 90], "length_m": 6456, "time_min": 13.1}}, {"type": "Feature", "geometry": {"type": "LineString", "coordinates": [[-160.221999, 21.890767], [-160.222215, 21.890852], [-160.222464, 21.89031], [-160.223048, 21.889935], [-160.223599, 21.889831], [-160.223797, 21.890071], [-160.223802, 21.89029], [-160.239642, 21.851199], [-160.239871, 21.850743], [-160.240546, 21.850108], [-160.240834, 21.850066], [-160.240994, 21.850183], [-160.240847, 21.85018], [-160.244336, 21.840586], [-160.243923, 21.840261], [-160.243853, 21.840134], [-160.243481, 21.839339], [-160.243474, 21.838936], [-160.221999, 21.890767]]}, "properties": {"kind": "sortie", "sortie_id": 10, "segments": [118, 147, 157], "length_m": 12613, "time_min": 22.2}}, {"type": "Feature", "geometry": {"type": "LineString", "coordinates": [[-160.243973, 21.814033], [-160.243914, 21.813822], [-160.24369, 21.813873], [-160.243472, 21.813846], [-160.24311, 21.813521], [-160.242746, 21.81351], [-160.24258, 21.813287], [-160.24257, 21.8127], [-160.222771, 21.79163], [-160.222576, 21.791491], [-160.222489, 21.791319], [-160.222545, 21.791068], [-160.223069, 21.790721], [-160.223168, 21.791098], [-160.222658, 21.7911], [-160.222379, 21.790822], [-160.222584, 21.790561], [-160.207746, 21.783703], [-160.207585, 21.783805], [-160.207595, 21.783768], [-160.207617, 21.78415], [-160.207528, 21.784375], [-160.207321, 21.784458], [-160.206948, 21.784528], [-160.206305, 21.784243], [-160.206163, 21.784019], [-160.20632, 21.783582], [-160.206436, 21.783784], [-160.206058, 21.783674], [-160.205946, 21.783483], [-160.205863, 21.783016], [-160.205994, 21.78283], [-160.206167, 21.782718], [-160.206118, 21.782858], [-160.201606, 21.781797], [-160.201451, 21.78259], [-160.200773, 21.783399], [-160.243973, 21.814033]]}, "properties": {"kind": "sortie", "sortie_id": 11, "segments": [176, 202, 217, 218, 224], "length_m": 12192, "time_min": 22.4}}, {"type": "Feature", "geometry": {"type": "Point", "coordinates": [-160.2024, 21.7869]}, "properties": {"kind": "depot"}}]}