item_id,image,cls_raw,cls,score,lat,lon,length_m,width_m,area_m2,weight_est_kg,weight_lo_kg,weight_hi_kg,crew,stop_id
1_1007_14025_13520_1,niihau_1_1007_14025_13520.jpg,plastic debris,plastic_other,0.485,21.8939074,-160.2168073,0.80,0.74,0.588,1.41,0.94,4.70,1인,S001
1_1089_19713_15015_2,niihau_1_1089_19713_15015.jpg,plastic debris,plastic_other,0.678,21.9027685,-160.2062243,5.54,4.99,27.671,66.41,44.27,221.37,장비,S002
1_1089_19713_15015_3,niihau_1_1089_19713_15015.jpg,plastic debris,plastic_other,0.355,21.9027171,-160.2062036,0.53,0.51,0.273,0.66,0.44,2.18,1인,S002
1_1130_16634_16366_25,niihau_1_1130_16634_16366.jpg,Plastic_ETC,plastic_other,0.351,21.9070755,-160.2020701,2.82,2.62,7.395,17.75,11.83,59.16,장비,S003
1_1171_13273_12690_31,niihau_1_1171_13273_12690.jpg,Rope,rope,0.609,21.9122381,-160.1979357,0.56,0.54,0.299,3.59,2.39,5.98,1인,S004
1_1171_13273_12690_32,niihau_1_1171_13273_12690.jpg,plastic debris,plastic_other,0.430,21.9122891,-160.1979910,3.56,3.43,12.209,29.30,19.53,97.67,장비,S004
1_1171_13641_12824_35,niihau_1_1171_13641_12824.jpg,plastic debris,plastic_other,0.528,21.9122382,-160.1979357,0.61,0.60,0.367,0.88,0.59,2.94,1인,S004
1_1171_19103_2678_39,niihau_1_1171_19103_2678.jpg,Plastic_Buoy,plastic_buoy,0.774,21.9141334,-160.1968665,0.70,0.69,0.489,8.80,4.40,11.73,1인,S005
1_1171_19103_2678_40,niihau_1_1171_19103_2678.jpg,Plastic_Buoy,plastic_buoy,0.748,21.9141185,-160.1968559,0.87,0.86,0.752,13.54,6.77,18.05,1인,S005
1_1171_19103_2678_41,niihau_1_1171_19103_2678.jpg,Plastic_Buoy,plastic_buoy,0.542,21.9141285,-160.1968672,0.62,0.62,0.386,6.94,3.47,9.26,1인,S005
1_1212_13145_14015_47,niihau_1_1212_13145_14015.jpg,plastic debris,plastic_other,0.484,21.9166099,-160.1932735,0.50,0.50,0.250,0.60,0.40,2.00,1인,S006
1_1253_11171_18841_48,niihau_1_1253_11171_18841.jpg,Net,net,0.528,21.9202933,-160.1889067,0.62,0.61,0.376,6.77,2.82,16.94,1인,S007
1_1253_21758_1273_49,niihau_1_1253_21758_1273.jpg,plastic debris,plastic_other,0.332,21.9234996,-160.1869283,0.48,0.47,0.223,0.54,0.36,1.79,1인,S008
1_1253_21758_1273_50,niihau_1_1253_21758_1273.jpg,plastic debris,plastic_other,0.322,21.9234424,-160.1869383,0.68,0.64,0.434,1.04,0.69,3.47,1인,S008
1_1253_23761_3032_65,niihau_1_1253_23761_3032.jpg,Plastic_ETC,plastic_other,0.757,21.9231999,-160.1865352,0.60,0.60,0.356,0.86,0.57,2.85,1인,S009
1_1253_23761_3032_66,niihau_1_1253_23761_3032.jpg,plastic debris,plastic_other,0.742,21.9232146,-160.1864482,0.53,0.53,0.277,0.67,0.44,2.22,1인,S009
1_1253_23761_3032_67,niihau_1_1253_23761_3032.jpg,Plastic_ETC,plastic_other,0.731,21.9232120,-160.1865407,0.68,0.65,0.441,1.06,0.71,3.53,1인,S009
1_1253_23761_3032_68,niihau_1_1253_23761_3032.jpg,Plastic_Buoy_China,plastic_buoy,0.666,21.9231765,-160.1865146,0.71,0.68,0.483,8.69,4.35,11.59,1인,S009
1_1253_23761_3032_69,niihau_1_1253_23761_3032.jpg,Net,net,0.524,21.9232196,-160.1865380,0.65,0.64,0.418,7.53,3.14,18.82,1인,S009
1_1253_23761_3032_70,niihau_1_1253_23761_3032.jpg,plastic debris,plastic_other,0.462,21.9231951,-160.1865358,0.56,0.54,0.307,0.74,0.49,2.46,1인,S009
1_1253_23761_3032_71,niihau_1_1253_23761_3032.jpg,plastic debris,plastic_other,0.395,21.9232147,-160.1865461,0.42,0.41,0.170,0.41,0.27,1.36,1인,S009
1_1253_23761_3032_72,niihau_1_1253_23761_3032.jpg,plastic debris,plastic_other,0.391,21.9231384,-160.1864655,0.36,0.35,0.125,0.30,0.20,1.00,1인,S009
1_1253_23761_3032_73,niihau_1_1253_23761_3032.jpg,plastic debris,plastic_other,0.300,21.9231802,-160.1864830,0.81,0.68,0.552,1.32,0.88,4.41,1인,S009
1_1254_197_3352_83,niihau_1_1254_197_3352.jpg,Net,net,0.463,21.9231298,-160.1862719,0.65,0.65,0.417,7.51,3.13,18.77,1인,S010
1_1254_197_3352_84,niihau_1_1254_197_3352.jpg,PET_Bottle,pet_bottle,0.366,21.9231674,-160.1862956,0.69,0.21,0.142,0.28,0.23,0.47,1인,S010
1_1254_92_3028_94,niihau_1_1254_92_3028.jpg,PET_Bottle,pet_bottle,0.742,21.9231691,-160.1862959,0.78,0.71,0.554,1.10,0.91,1.83,1인,S010
1_1254_92_3028_95,niihau_1_1254_92_3028.jpg,Net,net,0.444,21.9231300,-160.1862719,0.67,0.67,0.449,8.09,3.37,20.23,1인,S010
1_1294_19371_10077_105,niihau_1_1294_19371_10077.jpg,plastic debris,plastic_other,0.467,21.9252448,-160.1825807,0.45,0.44,0.198,0.48,0.32,1.59,1인,S011
1_1294_19721_10265_107,niihau_1_1294_19721_10265.jpg,Plastic_ETC,plastic_other,0.725,21.9252114,-160.1825124,0.74,0.69,0.508,1.22,0.81,4.06,1인,S011
1_1294_19721_10265_108,niihau_1_1294_19721_10265.jpg,PET_Bottle,pet_bottle,0.445,21.9251850,-160.1825006,0.53,0.50,0.267,0.53,0.44,0.88,1인,S011
1_1294_22470_9263_109,niihau_1_1294_22470_9263.jpg,PET_Bottle,pet_bottle,0.474,21.9253958,-160.1819809,1.27,1.20,1.521,3.01,2.51,5.02,1인,S012
1_1296_2234_5745_111,niihau_1_1296_2234_5745.jpg,plastic debris,plastic_other,0.389,21.9272266,-160.1763802,0.82,0.72,0.593,1.42,0.95,4.74,1인,S013
1_1296_2234_5745_112,niihau_1_1296_2234_5745.jpg,plastic debris,plastic_other,0.327,21.9272427,-160.1763203,0.57,0.57,0.324,0.78,0.52,2.60,1인,S013
1_1296_23468_1411_118,niihau_1_1296_23468_1411.jpg,Plastic_Buoy_China,plastic_buoy,0.749,21.9280462,-160.1722455,0.65,0.63,0.405,7.29,3.65,9.73,1인,S014
1_1337_10813_15698_123,niihau_1_1337_10813_15698.jpg,plastic debris,plastic_other,0.430,21.9289389,-160.1699282,0.78,0.77,0.602,1.44,0.96,4.81,1인,S015
1_1419_19263_7383_124,niihau_1_1419_19263_7383.jpg,Plastic_ETC,plastic_other,0.763,21.9390624,-160.1587591,0.80,0.76,0.607,1.46,0.97,4.86,1인,S016
1_1419_19263_7383_125,niihau_1_1419_19263_7383.jpg,PET_Bottle,pet_bottle,0.762,21.9390545,-160.1588385,0.52,0.51,0.264,0.52,0.44,0.87,1인,S016
1_1419_19263_7383_126,niihau_1_1419_19263_7383.jpg,Plastic_ETC,plastic_other,0.736,21.9390493,-160.1587765,0.59,0.57,0.339,0.81,0.54,2.71,1인,S016
1_1419_19263_7383_127,niihau_1_1419_19263_7383.jpg,Plastic_ETC,plastic_other,0.684,21.9390570,-160.1587957,1.54,1.33,2.044,4.91,3.27,16.35,1인,S016
1_1419_19263_7383_128,niihau_1_1419_19263_7383.jpg,plastic debris,plastic_other,0.648,21.9390635,-160.1587666,0.44,0.41,0.179,0.43,0.29,1.43,1인,S016
1_1419_19263_7383_129,niihau_1_1419_19263_7383.jpg,PET_Bottle,pet_bottle,0.616,21.9390415,-160.1587786,0.57,0.56,0.321,0.64,0.53,1.06,1인,S016
1_1419_19263_7383_130,niihau_1_1419_19263_7383.jpg,plastic debris,plastic_other,0.526,21.9390470,-160.1588121,0.98,0.97,0.943,2.26,1.51,7.54,1인,S016
1_1419_19263_7383_131,niihau_1_1419_19263_7383.jpg,plastic debris,plastic_other,0.418,21.9391119,-160.1588027,0.73,0.70,0.516,1.24,0.83,4.13,1인,S016
1_1419_19263_7383_132,niihau_1_1419_19263_7383.jpg,plastic debris,plastic_other,0.323,21.9390341,-160.1588139,0.63,0.61,0.388,0.93,0.62,3.11,1인,S016
1_1422_8437_145_140,niihau_1_1422_8437_145.jpg,Plastic_ETC,plastic_other,0.618,21.9420387,-160.1466541,0.65,0.46,0.297,0.71,0.48,2.38,1인,S017
1_1463_10909_13296_144,niihau_1_1463_10909_13296.jpg,PET_Bottle,pet_bottle,0.451,21.9442462,-160.1413542,0.56,0.51,0.283,0.56,0.47,0.93,1인,S018
1_1463_10909_13296_145,niihau_1_1463_10909_13296.jpg,plastic debris,plastic_other,0.444,21.9442012,-160.1413739,0.54,0.53,0.291,0.70,0.46,2.32,1인,S018
1_1463_10909_13296_146,niihau_1_1463_10909_13296.jpg,Plastic_ETC,plastic_other,0.422,21.9442517,-160.1413527,0.98,0.89,0.870,2.09,1.39,6.96,1인,S018
1_1464_7338_3709_152,niihau_1_1464_7338_3709.jpg,Styrofoam_Buoy,eps_buoy,0.812,21.9460123,-160.1372782,1.07,1.06,1.129,9.88,4.23,11.29,1인,S019
1_1464_7338_3709_153,niihau_1_1464_7338_3709.jpg,plastic debris,plastic_other,0.587,21.9459675,-160.1373260,0.54,0.51,0.278,0.67,0.44,2.22,1인,S019
1_1505_9294_13174_155,niihau_1_1505_9294_13174.jpg,plastic debris,plastic_other,0.621,21.9488521,-160.1321344,1.43,1.36,1.938,4.65,3.10,15.50,1인,S020
1_1546_15798_13107_156,niihau_1_1546_15798_13107.jpg,plastic debris,plastic_other,0.510,21.9534473,-160.1260787,0.64,0.64,0.408,0.98,0.65,3.27,1인,S021
1_1546_15798_13107_157,niihau_1_1546_15798_13107.jpg,Plastic_Buoy_China,plastic_buoy,0.495,21.9534386,-160.1261369,0.65,0.64,0.420,7.55,3.78,10.07,1인,S021
1_1546_16155_13210_160,niihau_1_1546_16155_13210.jpg,Plastic_Buoy_China,plastic_buoy,0.821,21.9534611,-160.1260350,0.64,0.62,0.394,7.10,3.55,9.46,1인,S021
1_1546_16155_13210_161,niihau_1_1546_16155_13210.jpg,plastic debris,plastic_other,0.708,21.9534012,-160.1260667,0.63,0.63,0.399,0.96,0.64,3.19,1인,S021
1_1546_16155_13210_162,niihau_1_1546_16155_13210.jpg,PET_Bottle,pet_bottle,0.698,21.9534204,-160.1260675,0.65,0.59,0.384,0.76,0.63,1.27,1인,S021
1_1546_16155_13210_163,niihau_1_1546_16155_13210.jpg,plastic debris,plastic_other,0.597,21.9534473,-160.1260787,0.65,0.64,0.417,1.00,0.67,3.34,1인,S021
1_1546_7290_19351_167,niihau_1_1546_7290_19351.jpg,Plastic_Buoy,plastic_buoy,0.688,21.9522990,-160.1277760,0.59,0.58,0.343,6.18,3.09,8.24,1인,S022
1_1546_9638_17976_168,niihau_1_1546_9638_17976.jpg,PET_Bottle,pet_bottle,0.778,21.9525062,-160.1273313,0.56,0.53,0.298,0.59,0.49,0.98,1인,S023
1_1546_9638_17976_169,niihau_1_1546_9638_17976.jpg,plastic debris,plastic_other,0.457,21.9525076,-160.1273682,0.53,0.49,0.261,0.63,0.42,2.09,1인,S023
1_1546_9638_17976_170,niihau_1_1546_9638_17976.jpg,plastic debris,plastic_other,0.438,21.9525510,-160.1273234,0.50,0.47,0.233,0.56,0.37,1.86,1인,S023
1_1587_5615_22087_175,niihau_1_1587_5615_22087.jpg,Plastic_Buoy_China,plastic_buoy,0.610,21.9563590,-160.1233516,0.74,0.73,0.539,9.69,4.85,12.93,1인,S024
1_1587_7139_20367_176,niihau_1_1587_7139_20367.jpg,Plastic_Buoy,plastic_buoy,0.640,21.9566717,-160.1230588,0.64,0.64,0.407,7.32,3.66,9.76,1인,S025
1_1587_7139_20367_177,niihau_1_1587_7139_20367.jpg,Net,net,0.625,21.9566611,-160.1230048,0.62,0.61,0.375,6.74,2.81,16.86,1인,S025
1_1587_7814_20141_180,niihau_1_1587_7814_20141.jpg,Net,net,0.731,21.9567135,-160.1229286,0.67,0.67,0.449,8.08,3.37,20.21,1인,S025
1_1587_7814_20141_181,niihau_1_1587_7814_20141.jpg,plastic debris,plastic_other,0.557,21.9566732,-160.1229480,0.52,0.49,0.255,0.61,0.41,2.04,1인,S025
1_1587_7814_20141_182,niihau_1_1587_7814_20141.jpg,plastic debris,plastic_other,0.487,21.9566989,-160.1229141,0.58,0.55,0.316,0.76,0.51,2.53,1인,S025
1_1628_1219_1830_183,niihau_1_1628_1219_1830.jpg,Plastic_Buoy_China,plastic_buoy,0.566,21.9645694,-160.1194872,0.87,0.86,0.752,13.54,6.77,18.05,1인,S026
1_1628_1219_1830_184,niihau_1_1628_1219_1830.jpg,Net,net,0.419,21.9645919,-160.1194734,0.70,0.69,0.487,8.77,3.65,21.92,1인,S026
1_1628_1219_1830_185,niihau_1_1628_1219_1830.jpg,plastic debris,plastic_other,0.401,21.9645535,-160.1194960,0.54,0.54,0.291,0.70,0.47,2.33,1인,S026
1_1628_1536_1697_196,niihau_1_1628_1536_1697.jpg,Net,net,0.470,21.9645919,-160.1194734,0.69,0.69,0.473,8.51,3.54,21.27,1인,S026
1_1628_1536_1697_197,niihau_1_1628_1536_1697.jpg,plastic debris,plastic_other,0.326,21.9646070,-160.1194288,0.71,0.66,0.464,1.11,0.74,3.71,1인,S026
1_1628_1536_1697_198,niihau_1_1628_1536_1697.jpg,PET_Bottle,pet_bottle,0.304,21.9645689,-160.1194848,0.89,0.48,0.427,0.85,0.70,1.41,1인,S026
1_1708_19135_8696_206,niihau_1_1708_19135_8696.jpg,Plastic_ETC,plastic_other,0.603,21.9724047,-160.1153784,0.69,0.67,0.466,1.12,0.75,3.73,1인,S027
1_1708_19135_8696_207,niihau_1_1708_19135_8696.jpg,Net,net,0.533,21.9724428,-160.1154206,0.57,0.56,0.318,5.72,2.38,14.30,1인,S027
1_1708_19135_8696_208,niihau_1_1708_19135_8696.jpg,plastic debris,plastic_other,0.435,21.9723510,-160.1153595,0.97,0.91,0.879,2.11,1.41,7.03,1인,S027
1_1708_19135_8696_209,niihau_1_1708_19135_8696.jpg,plastic debris,plastic_other,0.431,21.9723706,-160.1154010,2.11,1.97,4.158,9.98,6.65,33.26,2인,S027
1_1708_19135_8696_210,niihau_1_1708_19135_8696.jpg,plastic debris,plastic_other,0.427,21.9724013,-160.1153250,1.78,1.73,3.078,7.39,4.92,24.62,2인,S027
1_1708_19135_8696_211,niihau_1_1708_19135_8696.jpg,plastic debris,plastic_other,0.392,21.9723749,-160.1153767,0.61,0.59,0.360,0.86,0.58,2.88,1인,S027
1_1708_19135_8696_212,niihau_1_1708_19135_8696.jpg,plastic debris,plastic_other,0.377,21.9723658,-160.1153813,1.14,0.97,1.100,2.64,1.76,8.80,1인,S027
1_1708_19135_8696_213,niihau_1_1708_19135_8696.jpg,plastic debris,plastic_other,0.313,21.9724535,-160.1153850,0.53,0.52,0.276,0.66,0.44,2.21,1인,S027
1_1708_19135_8696_214,niihau_1_1708_19135_8696.jpg,plastic debris,plastic_other,0.306,21.9723541,-160.1154202,0.54,0.52,0.282,0.68,0.45,2.26,1인,S027
1_1708_19135_8696_215,niihau_1_1708_19135_8696.jpg,plastic debris,plastic_other,0.303,21.9723513,-160.1153291,1.39,0.95,1.314,3.15,2.10,10.51,1인,S027
1_1749_4010_22485_238,niihau_1_1749_4010_22485.jpg,PET_Bottle,pet_bottle,0.633,21.9744933,-160.1142644,0.62,0.62,0.386,0.76,0.64,1.27,1인,S028
1_1749_6177_17104_248,niihau_1_1749_6177_17104.jpg,Plastic_ETC,plastic_other,0.841,21.9754566,-160.1138636,1.25,1.24,1.561,3.75,2.50,12.49,1인,S029
1_1749_6177_17104_249,niihau_1_1749_6177_17104.jpg,Plastic_ETC,plastic_other,0.719,21.9754195,-160.1138295,1.52,1.32,2.002,4.81,3.20,16.02,1인,S029
1_1829_19818_7193_256,niihau_1_1829_19818_7193.jpg,PET_Bottle,pet_bottle,0.672,21.9862791,-160.1107655,0.51,0.49,0.247,0.49,0.41,0.82,1인,S030
1_1829_19818_7193_257,niihau_1_1829_19818_7193.jpg,Styrofoam_Piece,eps_fragment,0.652,21.9863113,-160.1107372,1.36,1.24,1.683,1.01,0.67,3.37,1인,S030
1_1829_19818_7193_258,niihau_1_1829_19818_7193.jpg,plastic debris,plastic_other,0.609,21.9862626,-160.1107171,1.62,1.48,2.396,5.75,3.83,19.17,1인,S030
1_1829_19818_7193_259,niihau_1_1829_19818_7193.jpg,Styrofoam_Piece,eps_fragment,0.601,21.9863166,-160.1107074,0.87,0.67,0.582,0.35,0.23,1.16,1인,S030
1_1829_19818_7193_260,niihau_1_1829_19818_7193.jpg,Plastic_ETC,plastic_other,0.548,21.9862494,-160.1107178,1.00,0.96,0.960,2.31,1.54,7.68,1인,S030
1_1829_19818_7193_261,niihau_1_1829_19818_7193.jpg,Plastic_ETC,plastic_other,0.547,21.9863091,-160.1107091,1.15,1.03,1.188,2.85,1.90,9.50,1인,S030
1_1829_19818_7193_262,niihau_1_1829_19818_7193.jpg,plastic debris,plastic_other,0.530,21.9862278,-160.1107210,1.67,1.39,2.332,5.60,3.73,18.66,1인,S030
1_1829_19818_7193_263,niihau_1_1829_19818_7193.jpg,plastic debris,plastic_other,0.520,21.9862682,-160.1107446,1.50,1.33,2.005,4.81,3.21,16.04,1인,S030
1_1829_19818_7193_264,niihau_1_1829_19818_7193.jpg,PET_Bottle,pet_bottle,0.520,21.9862473,-160.1107284,0.97,0.93,0.906,1.79,1.50,2.99,1인,S030
1_1829_19818_7193_265,niihau_1_1829_19818_7193.jpg,PET_Bottle,pet_bottle,0.512,21.9862542,-160.1107060,0.64,0.48,0.308,0.61,0.51,1.02,1인,S030
1_1829_19818_7193_266,niihau_1_1829_19818_7193.jpg,plastic debris,plastic_other,0.484,21.9862377,-160.1107534,1.21,1.18,1.425,3.42,2.28,11.40,1인,S030
1_1829_19818_7193_267,niihau_1_1829_19818_7193.jpg,plastic debris,plastic_other,0.478,21.9863285,-160.1107149,1.81,1.77,3.205,7.69,5.13,25.64,2인,S030
1_1829_19818_7193_268,niihau_1_1829_19818_7193.jpg,Plastic_ETC,plastic_other,0.454,21.9862860,-160.1107269,1.31,1.21,1.594,3.83,2.55,12.75,1인,S030
1_1829_19818_7193_269,niihau_1_1829_19818_7193.jpg,plastic debris,plastic_other,0.430,21.9862739,-160.1107444,1.47,1.42,2.086,5.01,3.34,16.68,1인,S030
1_1829_19818_7193_270,niihau_1_1829_19818_7193.jpg,PET_Bottle,pet_bottle,0.427,21.9862250,-160.1107492,0.96,0.82,0.790,1.56,1.30,2.61,1인,S030
1_1829_19818_7193_271,niihau_1_1829_19818_7193.jpg,plastic debris,plastic_other,0.404,21.9862503,-160.1107414,1.16,1.14,1.326,3.18,2.12,10.61,1인,S030
1_1829_19818_7193_272,niihau_1_1829_19818_7193.jpg,Styrofoam_Piece,eps_fragment,0.342,21.9863158,-160.1107153,1.13,1.11,1.250,0.75,0.50,2.50,1인,S030
1_1829_19818_7193_273,niihau_1_1829_19818_7193.jpg,Plastic_ETC,plastic_other,0.339,21.9863326,-160.1108178,1.91,0.87,1.663,3.99,2.66,13.31,1인,S030
1_1910_13549_13783_286,niihau_1_1910_13549_13783.jpg,Plastic_Buoy,plastic_buoy,0.862,21.9941247,-160.1077458,0.61,0.60,0.367,6.60,3.30,8.80,1인,S031
1_1910_13549_13783_287,niihau_1_1910_13549_13783.jpg,Plastic_ETC,plastic_other,0.622,21.9941250,-160.1077300,1.07,0.99,1.064,2.55,1.70,8.51,1인,S032
1_1910_13549_13783_288,niihau_1_1910_13549_13783.jpg,plastic debris,plastic_other,0.498,21.9941200,-160.1077177,0.39,0.38,0.151,0.36,0.24,1.21,1인,S032
1_1910_13549_13783_289,niihau_1_1910_13549_13783.jpg,plastic debris,plastic_other,0.491,21.9941146,-160.1077217,0.49,0.48,0.237,0.57,0.38,1.90,1인,S032
1_1910_13549_13783_290,niihau_1_1910_13549_13783.jpg,PET_Bottle,pet_bottle,0.442,21.9941401,-160.1077528,0.56,0.48,0.272,0.54,0.45,0.90,1인,S031
1_1910_13549_13783_291,niihau_1_1910_13549_13783.jpg,plastic debris,plastic_other,0.407,21.9941246,-160.1077197,0.42,0.37,0.158,0.38,0.25,1.26,1인,S032
1_1910_13549_13783_292,niihau_1_1910_13549_13783.jpg,plastic debris,plastic_other,0.341,21.9941377,-160.1077086,0.75,0.72,0.542,1.30,0.87,4.33,1인,S032
1_1910_14409_13802_301,niihau_1_1910_14409_13802.jpg,Styrofoam_Piece,eps_fragment,0.723,21.9941262,-160.1076519,0.62,0.60,0.375,0.22,0.15,0.75,1인,S032
1_1910_14409_13802_302,niihau_1_1910_14409_13802.jpg,Plastic_ETC,plastic_other,0.711,21.9941547,-160.1075991,1.23,1.18,1.446,3.47,2.31,11.57,1인,S032
1_1910_14409_13802_303,niihau_1_1910_14409_13802.jpg,Styrofoam_Piece,eps_fragment,0.522,21.9941373,-160.1075947,0.56,0.48,0.270,0.16,0.11,0.54,1인,S032
1_1910_14409_13802_304,niihau_1_1910_14409_13802.jpg,Plastic_ETC,plastic_other,0.454,21.9941165,-160.1076448,0.54,0.49,0.268,0.64,0.43,2.14,1인,S032
1_1910_14409_13802_305,niihau_1_1910_14409_13802.jpg,PET_Bottle,pet_bottle,0.406,21.9941139,-160.1075508,1.00,0.71,0.709,1.40,1.17,2.34,1인,S032
1_1910_14409_13802_306,niihau_1_1910_14409_13802.jpg,plastic debris,plastic_other,0.400,21.9941226,-160.1076182,0.39,0.35,0.138,0.33,0.22,1.10,1인,S032
1_1910_14409_13802_307,niihau_1_1910_14409_13802.jpg,plastic debris,plastic_other,0.395,21.9941126,-160.1076158,0.41,0.40,0.162,0.39,0.26,1.30,1인,S032
1_1910_14409_13802_308,niihau_1_1910_14409_13802.jpg,Plastic_ETC,plastic_other,0.352,21.9941291,-160.1075477,2.15,1.18,2.540,6.10,4.06,20.32,1인,S032
1_1910_14661_14129_324,niihau_1_1910_14661_14129.jpg,plastic debris,plastic_other,0.652,21.9940482,-160.1075673,0.57,0.53,0.303,0.73,0.49,2.43,1인,S032
1_1910_14661_14129_325,niihau_1_1910_14661_14129.jpg,plastic debris,plastic_other,0.643,21.9941515,-160.1076002,0.47,0.32,0.150,0.36,0.24,1.20,1인,S032
1_1910_14661_14129_326,niihau_1_1910_14661_14129.jpg,Net,net,0.571,21.9940433,-160.1075265,0.64,0.63,0.404,7.28,3.03,18.20,1인,S033
1_1910_14661_14129_327,niihau_1_1910_14661_14129.jpg,Styrofoam_Piece,eps_fragment,0.551,21.9941373,-160.1075947,0.54,0.49,0.265,0.16,0.11,0.53,1인,S032
1_1910_14661_14129_328,niihau_1_1910_14661_14129.jpg,Plastic_Buoy_China,plastic_buoy,0.543,21.9940714,-160.1074986,0.60,0.56,0.336,6.05,3.03,8.07,1인,S033
1_1910_14661_14129_329,niihau_1_1910_14661_14129.jpg,plastic debris,plastic_other,0.469,21.9940446,-160.1075687,0.48,0.43,0.207,0.50,0.33,1.65,1인,S032
1_1910_14661_14129_330,niihau_1_1910_14661_14129.jpg,plastic debris,plastic_other,0.437,21.9940734,-160.1075045,0.57,0.54,0.305,0.73,0.49,2.44,1인,S033
1_1910_14661_14129_331,niihau_1_1910_14661_14129.jpg,plastic debris,plastic_other,0.416,21.9941511,-160.1075226,0.63,0.53,0.337,0.81,0.54,2.70,1인,S033
1_1910_14661_14129_332,niihau_1_1910_14661_14129.jpg,plastic debris,plastic_other,0.371,21.9940609,-160.1075523,0.52,0.49,0.255,0.61,0.41,2.04,1인,S032
1_1910_14661_14129_333,niihau_1_1910_14661_14129.jpg,Styrofoam_Piece,eps_fragment,0.354,21.9941139,-160.1075508,0.98,0.66,0.643,0.39,0.26,1.29,1인,S032
1_1910_14661_14129_334,niihau_1_1910_14661_14129.jpg,Plastic_Buoy_China,plastic_buoy,0.324,21.9940583,-160.1075692,0.68,0.57,0.386,6.95,3.48,9.27,1인,S032
1_1910_14661_14129_335,niihau_1_1910_14661_14129.jpg,plastic debris,plastic_other,0.320,21.9940768,-160.1074909,0.62,0.61,0.379,0.91,0.61,3.03,1인,S033
1_1910_14661_14129_336,niihau_1_1910_14661_14129.jpg,plastic debris,plastic_other,0.313,21.9940516,-160.1075873,0.56,0.52,0.292,0.70,0.47,2.33,1인,S032
1_1910_14661_14129_337,niihau_1_1910_14661_14129.jpg,plastic debris,plastic_other,0.303,21.9940614,-160.1075771,0.59,0.50,0.294,0.71,0.47,2.35,1인,S032
1_1910_14661_14129_338,niihau_1_1910_14661_14129.jpg,plastic debris,plastic_other,0.300,21.9941262,-160.1075221,0.82,0.76,0.620,1.49,0.99,4.96,1인,S033
1_1910_14745_14501_383,niihau_1_1910_14745_14501.jpg,Plastic_Buoy_China,plastic_buoy,0.697,21.9940715,-160.1074987,0.62,0.60,0.370,6.67,3.33,8.89,1인,S033
1_1910_14745_14501_384,niihau_1_1910_14745_14501.jpg,plastic debris,plastic_other,0.633,21.9940098,-160.1075685,0.61,0.60,0.364,0.87,0.58,2.91,1인,S032
1_1910_14745_14501_385,niihau_1_1910_14745_14501.jpg,plastic debris,plastic_other,0.595,21.9940482,-160.1075672,0.62,0.59,0.364,0.87,0.58,2.91,1인,S032
1_1910_14745_14501_386,niihau_1_1910_14745_14501.jpg,plastic debris,plastic_other,0.540,21.9940610,-160.1075524,0.54,0.53,0.287,0.69,0.46,2.30,1인,S032
1_1910_14745_14501_387,niihau_1_1910_14745_14501.jpg,plastic debris,plastic_other,0.511,21.9940446,-160.1075685,0.54,0.50,0.272,0.65,0.44,2.18,1인,S032
1_1910_14745_14501_388,niihau_1_1910_14745_14501.jpg,Net,net,0.469,21.9940340,-160.1075685,0.72,0.67,0.481,8.66,3.61,21.65,1인,S032
1_1910_14745_14501_389,niihau_1_1910_14745_14501.jpg,plastic debris,plastic_other,0.438,21.9940285,-160.1075328,0.55,0.54,0.295,0.71,0.47,2.36,1인,S032
1_1910_14745_14501_390,niihau_1_1910_14745_14501.jpg,Net,net,0.400,21.9940434,-160.1075266,0.67,0.64,0.433,7.80,3.25,19.50,1인,S033
1_1910_14745_14501_391,niihau_1_1910_14745_14501.jpg,plastic debris,plastic_other,0.375,21.9940700,-160.1074854,0.56,0.51,0.290,0.70,0.46,2.32,1인,S033
1_1910_14745_14501_392,niihau_1_1910_14745_14501.jpg,plastic debris,plastic_other,0.337,21.9940337,-160.1075639,0.60,0.55,0.330,0.79,0.53,2.64,1인,S032
1_1910_14745_14501_393,niihau_1_1910_14745_14501.jpg,plastic debris,plastic_other,0.325,21.9940734,-160.1075045,0.58,0.55,0.323,0.77,0.52,2.58,1인,S033
1_1910_14745_14501_394,niihau_1_1910_14745_14501.jpg,Plastic_Buoy_China,plastic_buoy,0.324,21.9940583,-160.1075691,0.72,0.63,0.455,8.19,4.09,10.92,1인,S032
1_1910_14863_13038_425,niihau_1_1910_14863_13038.jpg,plastic debris,plastic_other,0.620,21.9943006,-160.1075354,0.64,0.63,0.402,0.96,0.64,3.21,1인,S034
1_1910_14863_13038_426,niihau_1_1910_14863_13038.jpg,plastic debris,plastic_other,0.345,21.9943133,-160.1074569,0.62,0.61,0.374,0.90,0.60,3.00,1인,S034
1_1910_15751_14036_435,niihau_1_1910_15751_14036.jpg,plastic debris,plastic_other,0.473,21.9941562,-160.1073113,0.53,0.51,0.269,0.64,0.43,2.15,1인,S033
1_1910_15751_14036_436,niihau_1_1910_15751_14036.jpg,plastic debris,plastic_other,0.413,21.9940848,-160.1073477,0.62,0.62,0.385,0.93,0.62,3.08,1인,S033
1_1910_15751_14036_437,niihau_1_1910_15751_14036.jpg,plastic debris,plastic_other,0.380,21.9941439,-160.1073587,0.52,0.51,0.267,0.64,0.43,2.14,1인,S033
1_1910_15751_14036_438,niihau_1_1910_15751_14036.jpg,Styrofoam_Piece,eps_fragment,0.364,21.9941493,-160.1073288,0.64,0.64,0.408,0.24,0.16,0.82,1인,S033
1_1910_15751_14036_439,niihau_1_1910_15751_14036.jpg,Styrofoam_Piece,eps_fragment,0.323,21.9941500,-160.1073371,0.75,0.74,0.560,0.34,0.22,1.12,1인,S033
1_1910_15751_14036_440,niihau_1_1910_15751_14036.jpg,Plastic_Buoy_China,plastic_buoy,0.304,21.9940952,-160.1073467,0.76,0.73,0.558,10.04,5.02,13.39,1인,S033
1_1910_16352_13624_462,niihau_1_1910_16352_13624.jpg,Plastic_Buoy,plastic_buoy,0.737,21.9941703,-160.1072595,0.54,0.53,0.285,5.13,2.56,6.84,1인,S033
1_1910_16352_13624_463,niihau_1_1910_16352_13624.jpg,plastic debris,plastic_other,0.607,21.9942215,-160.1072331,0.55,0.55,0.305,0.73,0.49,2.44,1인,S033
1_1910_16352_13624_464,niihau_1_1910_16352_13624.jpg,Plastic_Buoy_China,plastic_buoy,0.568,21.9942261,-160.1072214,0.63,0.58,0.362,6.52,3.26,8.70,1인,S033
1_1910_16352_13624_465,niihau_1_1910_16352_13624.jpg,Plastic_Buoy_China,plastic_buoy,0.391,21.9942372,-160.1072349,0.66,0.64,0.428,7.71,3.85,10.28,1인,S033
1_1910_16352_13624_466,niihau_1_1910_16352_13624.jpg,Plastic_Buoy_China,plastic_buoy,0.344,21.9942188,-160.1072113,0.72,0.68,0.488,8.79,4.40,11.72,1인,S033
1_1910_16352_13624_467,niihau_1_1910_16352_13624.jpg,plastic debris,plastic_other,0.337,21.9942204,-160.1072247,0.63,0.62,0.390,0.94,0.62,3.12,1인,S033
1_1910_16352_13624_468,niihau_1_1910_16352_13624.jpg,plastic debris,plastic_other,0.320,21.9941449,-160.1072244,0.60,0.53,0.316,0.76,0.51,2.53,1인,S033
1_1910_16352_13624_469,niihau_1_1910_16352_13624.jpg,Styrofoam_Piece,eps_fragment,0.312,21.9942124,-160.1072634,0.60,0.58,0.347,0.21,0.14,0.69,1인,S033
1_1910_16352_13624_470,niihau_1_1910_16352_13624.jpg,plastic debris,plastic_other,0.301,21.9942349,-160.1071749,0.41,0.40,0.163,0.39,0.26,1.31,1인,S035
1_1910_17447_12656_496,niihau_1_1910_17447_12656.jpg,Rope,rope,0.772,21.9943696,-160.1070148,0.66,0.56,0.368,4.42,2.95,7.37,1인,S036
1_1910_17447_12656_497,niihau_1_1910_17447_12656.jpg,Plastic_ETC,plastic_other,0.771,21.9943409,-160.1069756,0.55,0.48,0.267,0.64,0.43,2.14,1인,S036
1_1910_17447_12656_498,niihau_1_1910_17447_12656.jpg,Rope,rope,0.758,21.9943653,-160.1070122,0.69,0.64,0.440,5.28,3.52,8.79,1인,S036
1_1910_17447_12656_499,niihau_1_1910_17447_12656.jpg,plastic debris,plastic_other,0.500,21.9943735,-160.1070218,0.44,0.41,0.180,0.43,0.29,1.44,1인,S036
1_1910_17447_12656_500,niihau_1_1910_17447_12656.jpg,Plastic_ETC,plastic_other,0.483,21.9943602,-160.1070549,0.71,0.68,0.480,1.15,0.77,3.84,1인,S036
1_1910_17447_12656_501,niihau_1_1910_17447_12656.jpg,plastic debris,plastic_other,0.372,21.9943188,-160.1069642,0.48,0.46,0.218,0.52,0.35,1.75,1인,S036
1_1910_18143_13151_509,niihau_1_1910_18143_13151.jpg,Plastic_ETC,plastic_other,0.728,21.9942384,-160.1068685,1.47,1.36,1.999,4.80,3.20,16.00,1인,S037
1_1910_18143_13151_510,niihau_1_1910_18143_13151.jpg,plastic debris,plastic_other,0.426,21.9943302,-160.1069221,0.53,0.51,0.270,0.65,0.43,2.16,1인,S036
1_1910_898_19874_521,niihau_1_1910_898_19874.jpg,Plastic_ETC,plastic_other,0.682,21.9929992,-160.1102546,0.78,0.78,0.604,1.45,0.97,4.83,1인,S038
1_1912_127_4397_527,niihau_1_1912_127_4397.jpg,plastic debris,plastic_other,0.402,21.9959128,-160.1007782,0.87,0.87,0.762,1.83,1.22,6.10,1인,S039
1_1920_11528_5860_539,niihau_1_1920_11528_5860.jpg,plastic debris,plastic_other,0.546,21.9958526,-160.0603315,0.56,0.52,0.291,0.70,0.47,2.33,1인,S040
1_1920_11528_5860_540,niihau_1_1920_11528_5860.jpg,plastic debris,plastic_other,0.313,21.9958583,-160.0603113,0.65,0.57,0.367,0.88,0.59,2.93,1인,S040
1_1920_11836_5396_565,niihau_1_1920_11836_5396.jpg,plastic debris,plastic_other,0.716,21.9960081,-160.0602369,0.57,0.57,0.324,0.78,0.52,2.60,1인,S040
1_1920_11836_5396_566,niihau_1_1920_11836_5396.jpg,plastic debris,plastic_other,0.700,21.9960372,-160.0602379,0.52,0.48,0.250,0.60,0.40,2.00,1인,S040
1_1920_11836_5396_567,niihau_1_1920_11836_5396.jpg,plastic debris,plastic_other,0.641,21.9959570,-160.0602694,1.47,1.33,1.952,4.68,3.12,15.61,1인,S040
1_1920_11836_5396_568,niihau_1_1920_11836_5396.jpg,plastic debris,plastic_other,0.581,21.9959733,-160.0602544,0.52,0.50,0.260,0.62,0.42,2.08,1인,S040
1_1920_11836_5396_569,niihau_1_1920_11836_5396.jpg,plastic debris,plastic_other,0.505,21.9959857,-160.0602902,1.97,1.77,3.490,8.38,5.58,27.92,2인,S040
1_1920_11836_5396_570,niihau_1_1920_11836_5396.jpg,plastic debris,plastic_other,0.494,21.9960014,-160.0603002,1.01,0.82,0.827,1.99,1.32,6.62,1인,S040
1_1920_11836_5396_571,niihau_1_1920_11836_5396.jpg,plastic debris,plastic_other,0.463,21.9959934,-160.0603302,0.44,0.43,0.189,0.45,0.30,1.51,1인,S041
1_1920_11836_5396_572,niihau_1_1920_11836_5396.jpg,plastic debris,plastic_other,0.463,21.9959727,-160.0602625,0.40,0.38,0.154,0.37,0.25,1.23,1인,S040
1_1920_11836_5396_573,niihau_1_1920_11836_5396.jpg,PET_Bottle,pet_bottle,0.414,21.9960394,-160.0602722,0.74,0.65,0.479,0.95,0.79,1.58,1인,S041
1_1920_11836_5396_574,niihau_1_1920_11836_5396.jpg,plastic debris,plastic_other,0.354,21.9959454,-160.0602753,0.54,0.54,0.291,0.70,0.47,2.33,1인,S040
1_1920_11836_5396_575,niihau_1_1920_11836_5396.jpg,plastic debris,plastic_other,0.337,21.9960094,-160.0602511,0.55,0.52,0.286,0.69,0.46,2.29,1인,S040
1_1920_12055_5026_597,niihau_1_1920_12055_5026.jpg,plastic debris,plastic_other,0.718,21.9960372,-160.0602378,0.47,0.47,0.220,0.53,0.35,1.76,1인,S040
1_1920_12055_5026_598,niihau_1_1920_12055_5026.jpg,plastic debris,plastic_other,0.706,21.9960080,-160.0602369,0.53,0.51,0.269,0.65,0.43,2.16,1인,S040
1_1920_12055_5026_599,niihau_1_1920_12055_5026.jpg,Styrofoam_Piece,eps_fragment,0.651,21.9960526,-160.0602457,1.19,1.03,1.224,0.73,0.49,2.45,1인,S040
1_1920_12055_5026_600,niihau_1_1920_12055_5026.jpg,PET_Bottle,pet_bottle,0.428,21.9960394,-160.0602723,0.71,0.62,0.440,0.87,0.73,1.45,1인,S041
1_1920_12055_5026_601,niihau_1_1920_12055_5026.jpg,plastic debris,plastic_other,0.358,21.9960798,-160.0601876,0.43,0.29,0.126,0.30,0.20,1.01,1인,S041
1_1920_12055_5026_602,niihau_1_1920_12055_5026.jpg,PET_Bottle,pet_bottle,0.327,21.9960712,-160.0601885,0.87,0.48,0.420,0.83,0.69,1.39,1인,S040
1_1920_12055_5026_603,niihau_1_1920_12055_5026.jpg,plastic debris,plastic_other,0.304,21.9960774,-160.0602846,1.17,0.76,0.891,2.14,1.42,7.12,1인,S041
1_1920_12055_5026_604,niihau_1_1920_12055_5026.jpg,plastic debris,plastic_other,0.303,21.9960096,-160.0602512,0.54,0.50,0.268,0.64,0.43,2.15,1인,S040
1_1920_12348_5674_633,niihau_1_1920_12348_5674.jpg,plastic debris,plastic_other,0.749,21.9958945,-160.0601521,3.61,3.45,12.458,29.90,19.93,99.67,장비,S040
1_1920_12348_5674_634,niihau_1_1920_12348_5674.jpg,Plastic_ETC,plastic_other,0.588,21.9959355,-160.0601891,1.15,1.04,1.196,2.87,1.91,9.57,1인,S040
1_1920_12348_5674_635,niihau_1_1920_12348_5674.jpg,plastic debris,plastic_other,0.475,21.9958834,-160.0602179,0.60,0.58,0.346,0.83,0.55,2.77,1인,S040
1_1920_12348_5674_636,niihau_1_1920_12348_5674.jpg,plastic debris,plastic_other,0.439,21.9958985,-160.0602342,0.52,0.49,0.252,0.60,0.40,2.01,1인,S040
1_1920_12348_5674_637,niihau_1_1920_12348_5674.jpg,plastic debris,plastic_other,0.433,21.9959186,-160.0602271,0.70,0.66,0.465,1.12,0.74,3.72,1인,S040
1_1920_12348_5674_638,niihau_1_1920_12348_5674.jpg,PET_Bottle,pet_bottle,0.330,21.9959860,-160.0601854,0.81,0.74,0.597,1.18,0.98,1.97,1인,S040
1_1920_12524_6327_655,niihau_1_1920_12524_6327.jpg,Net,net,0.651,21.9958422,-160.0601992,0.57,0.55,0.312,5.61,2.34,14.02,1인,S040
1_1920_12524_6327_656,niihau_1_1920_12524_6327.jpg,Styrofoam_Piece,eps_fragment,0.468,21.9958623,-160.0601088,0.75,0.71,0.536,0.32,0.21,1.07,1인,S040
1_1920_12524_6327_657,niihau_1_1920_12524_6327.jpg,plastic debris,plastic_other,0.466,21.9958374,-160.0601106,1.50,1.41,2.106,5.06,3.37,16.85,1인,S040
1_1920_12524_6327_658,niihau_1_1920_12524_6327.jpg,plastic debris,plastic_other,0.357,21.9958722,-160.0601440,2.29,0.86,1.965,4.72,3.14,15.72,1인,S040
1_1920_12524_6327_659,niihau_1_1920_12524_6327.jpg,plastic debris,plastic_other,0.322,21.9958340,-160.0602040,0.45,0.43,0.192,0.46,0.31,1.54,1인,S040
1_1920_12524_6327_660,niihau_1_1920_12524_6327.jpg,plastic debris,plastic_other,0.301,21.9958467,-160.0601803,0.57,0.56,0.323,0.77,0.52,2.58,1인,S040
1_1920_12577_5985_676,niihau_1_1920_12577_5985.jpg,plastic debris,plastic_other,0.804,21.9958940,-160.0601522,3.49,3.45,12.027,28.86,19.24,96.22,장비,S040
1_1920_12577_5985_677,niihau_1_1920_12577_5985.jpg,Net,net,0.650,21.9958420,-160.0601991,0.55,0.54,0.298,5.36,2.23,13.40,1인,S040
1_1920_12577_5985_678,niihau_1_1920_12577_5985.jpg,Plastic_ETC,plastic_other,0.588,21.9959346,-160.0601885,0.95,0.66,0.628,1.51,1.00,5.02,1인,S040
1_1920_12577_5985_679,niihau_1_1920_12577_5985.jpg,Styrofoam_Piece,eps_fragment,0.546,21.9958623,-160.0601087,0.75,0.70,0.523,0.31,0.21,1.05,1인,S040
1_1920_12577_5985_680,niihau_1_1920_12577_5985.jpg,plastic debris,plastic_other,0.526,21.9958374,-160.0601108,1.52,1.37,2.081,5.00,3.33,16.65,1인,S040
1_1920_12577_5985_681,niihau_1_1920_12577_5985.jpg,plastic debris,plastic_other,0.358,21.9958582,-160.0601296,3.24,2.10,6.806,16.33,10.89,54.44,장비,S040
1_1920_12577_5985_682,niihau_1_1920_12577_5985.jpg,plastic debris,plastic_other,0.356,21.9958793,-160.0601386,3.54,3.06,10.831,25.99,17.33,86.65,장비,S040
1_1920_12577_5985_683,niihau_1_1920_12577_5985.jpg,plastic debris,plastic_other,0.305,21.9959008,-160.0601103,0.50,0.49,0.244,0.59,0.39,1.95,1인,S040
1_1920_12577_5985_684,niihau_1_1920_12577_5985.jpg,plastic debris,plastic_other,0.303,21.9958334,-160.0601276,0.49,0.47,0.229,0.55,0.37,1.83,1인,S040
1_1920_17450_3490_698,niihau_1_1920_17450_3490.jpg,Styrofoam_Piece,eps_fragment,0.615,21.9962880,-160.0592547,0.70,0.67,0.467,0.28,0.19,0.93,1인,S042
1_1920_17450_3490_699,niihau_1_1920_17450_3490.jpg,plastic debris,plastic_other,0.345,21.9962837,-160.0592475,0.66,0.61,0.399,0.96,0.64,3.19,1인,S042
1_1920_17450_3490_700,niihau_1_1920_17450_3490.jpg,plastic debris,plastic_other,0.335,21.9963166,-160.0591712,0.59,0.55,0.321,0.77,0.51,2.57,1인,S042
1_1920_18395_3804_723,niihau_1_1920_18395_3804.jpg,Net,net,0.750,21.9962814,-160.0590212,0.69,0.64,0.440,7.92,3.30,19.80,1인,S043
1_1920_18395_3804_724,niihau_1_1920_18395_3804.jpg,plastic debris,plastic_other,0.303,21.9962828,-160.0589894,0.48,0.48,0.233,0.56,0.37,1.86,1인,S043
1_1920_18916_3934_734,niihau_1_1920_18916_3934.jpg,Plastic_Buoy,plastic_buoy,0.671,21.9962975,-160.0589214,0.55,0.54,0.298,5.36,2.68,7.15,1인,S043
1_1920_18916_3934_735,niihau_1_1920_18916_3934.jpg,Plastic_Buoy,plastic_buoy,0.663,21.9962536,-160.0589140,0.77,0.73,0.564,10.15,5.08,13.54,1인,S043
1_1920_18916_3934_736,niihau_1_1920_18916_3934.jpg,plastic debris,plastic_other,0.587,21.9962453,-160.0588930,0.49,0.49,0.239,0.57,0.38,1.91,1인,S043
1_1920_18916_3934_737,niihau_1_1920_18916_3934.jpg,plastic debris,plastic_other,0.574,21.9962558,-160.0588684,0.45,0.43,0.193,0.46,0.31,1.55,1인,S043
1_1920_18916_3934_738,niihau_1_1920_18916_3934.jpg,plastic debris,plastic_other,0.487,21.9962496,-160.0588846,0.36,0.35,0.125,0.30,0.20,1.00,1인,S043
1_1920_18916_3934_739,niihau_1_1920_18916_3934.jpg,plastic debris,plastic_other,0.431,21.9962351,-160.0588889,0.40,0.37,0.146,0.35,0.23,1.17,1인,S043
1_1920_18916_3934_740,niihau_1_1920_18916_3934.jpg,plastic debris,plastic_other,0.384,21.9962867,-160.0589170,0.52,0.47,0.245,0.59,0.39,1.96,1인,S043
1_1920_18916_3934_741,niihau_1_1920_18916_3934.jpg,Styrofoam_Piece,eps_fragment,0.367,21.9962512,-160.0589192,0.50,0.48,0.240,0.14,0.10,0.48,1인,S043
1_1920_18916_3934_742,niihau_1_1920_18916_3934.jpg,plastic debris,plastic_other,0.343,21.9962417,-160.0588912,0.41,0.39,0.161,0.39,0.26,1.29,1인,S043
1_1920_19509_3968_771,niihau_1_1920_19509_3968.jpg,plastic debris,plastic_other,0.784,21.9962765,-160.0588452,0.51,0.47,0.243,0.58,0.39,1.95,1인,S043
1_1920_19509_3968_772,niihau_1_1920_19509_3968.jpg,Plastic_Buoy,plastic_buoy,0.774,21.9962494,-160.0587993,0.63,0.60,0.377,6.79,3.39,9.05,1인,S043
1_1920_19509_3968_773,niihau_1_1920_19509_3968.jpg,plastic debris,plastic_other,0.648,21.9962070,-160.0588228,0.55,0.53,0.289,0.69,0.46,2.31,1인,S043
1_1920_19509_3968_774,niihau_1_1920_19509_3968.jpg,plastic debris,plastic_other,0.632,21.9963005,-160.0588402,0.60,0.60,0.362,0.87,0.58,2.89,1인,S043
1_1920_19509_3968_775,niihau_1_1920_19509_3968.jpg,plastic debris,plastic_other,0.629,21.9962726,-160.0588479,0.40,0.39,0.156,0.37,0.25,1.25,1인,S043
1_1920_19509_3968_776,niihau_1_1920_19509_3968.jpg,plastic debris,plastic_other,0.592,21.9962235,-160.0588418,0.52,0.52,0.272,0.65,0.44,2.18,1인,S043
1_1920_19509_3968_777,niihau_1_1920_19509_3968.jpg,plastic debris,plastic_other,0.552,21.9962982,-160.0588356,0.39,0.39,0.150,0.36,0.24,1.20,1인,S043
1_1920_19509_3968_778,niihau_1_1920_19509_3968.jpg,plastic debris,plastic_other,0.545,21.9962200,-160.0588143,0.56,0.56,0.316,0.76,0.50,2.52,1인,S043
1_1920_19509_3968_779,niihau_1_1920_19509_3968.jpg,Styrofoam_Piece,eps_fragment,0.511,21.9962281,-160.0588010,0.68,0.66,0.449,0.27,0.18,0.90,1인,S043
1_1920_19509_3968_780,niihau_1_1920_19509_3968.jpg,plastic debris,plastic_other,0.433,21.9962910,-160.0588180,0.54,0.48,0.260,0.62,0.42,2.08,1인,S043
1_1920_19509_3968_781,niihau_1_1920_19509_3968.jpg,plastic debris,plastic_other,0.428,21.9962346,-160.0587924,0.57,0.55,0.315,0.75,0.50,2.52,1인,S043
1_1920_19509_3968_782,niihau_1_1920_19509_3968.jpg,plastic debris,plastic_other,0.391,21.9962699,-160.0588511,0.45,0.40,0.177,0.42,0.28,1.42,1인,S043
1_1920_19509_3968_783,niihau_1_1920_19509_3968.jpg,plastic debris,plastic_other,0.366,21.9963088,-160.0588521,0.53,0.42,0.221,0.53,0.35,1.77,1인,S043
1_1920_19509_3968_784,niihau_1_1920_19509_3968.jpg,plastic debris,plastic_other,0.353,21.9962999,-160.0588466,0.55,0.49,0.268,0.64,0.43,2.15,1인,S043
1_1920_19509_3968_785,niihau_1_1920_19509_3968.jpg,plastic debris,plastic_other,0.338,21.9961978,-160.0588016,0.45,0.40,0.180,0.43,0.29,1.44,1인,S043
1_1920_19509_3968_786,niihau_1_1920_19509_3968.jpg,plastic debris,plastic_other,0.326,21.9963017,-160.0588534,0.49,0.46,0.225,0.54,0.36,1.80,1인,S043
1_1920_9486_5165_809,niihau_1_1920_9486_5165.jpg,Plastic_ETC,plastic_other,0.659,21.9960567,-160.0607324,0.77,0.75,0.578,1.39,0.93,4.63,1인,S044
1_1920_9486_5165_810,niihau_1_1920_9486_5165.jpg,Plastic_ETC,plastic_other,0.495,21.9959902,-160.0606964,0.78,0.73,0.571,1.37,0.91,4.57,1인,S044
1_1920_9486_5165_811,niihau_1_1920_9486_5165.jpg,plastic debris,plastic_other,0.488,21.9960192,-160.0607869,0.69,0.68,0.474,1.14,0.76,3.79,1인,S044
1_1920_9486_5165_812,niihau_1_1920_9486_5165.jpg,Plastic_ETC,plastic_other,0.460,21.9959840,-160.0607428,0.86,0.76,0.651,1.56,1.04,5.21,1인,S044
1_1920_9486_5165_813,niihau_1_1920_9486_5165.jpg,plastic debris,plastic_other,0.428,21.9960136,-160.0608028,1.36,0.94,1.279,3.07,2.05,10.23,1인,S044
1_1920_9486_5165_814,niihau_1_1920_9486_5165.jpg,plastic debris,plastic_other,0.359,21.9960156,-160.0607050,0.54,0.52,0.281,0.67,0.45,2.24,1인,S044
1_1920_9630_4848_827,niihau_1_1920_9630_4848.jpg,Plastic_ETC,plastic_other,0.511,21.9960567,-160.0607323,0.71,0.70,0.502,1.20,0.80,4.01,1인,S044
1_1951_5083_4810_836,niihau_1_1951_5083_4810.jpg,Plastic_Buoy,plastic_buoy,0.594,21.9973728,-160.1046484,0.73,0.72,0.526,9.46,4.73,12.62,1인,S045
1_1951_5083_4810_837,niihau_1_1951_5083_4810.jpg,Styrofoam_Piece,eps_fragment,0.411,21.9973480,-160.1045928,0.73,0.72,0.521,0.31,0.21,1.04,1인,S045
1_1951_5083_4810_838,niihau_1_1951_5083_4810.jpg,Plastic_Buoy_China,plastic_buoy,0.348,21.9973999,-160.1046992,0.90,0.88,0.794,14.29,7.15,19.06,1인,S045
1_1951_5112_3882_844,niihau_1_1951_5112_3882.jpg,plastic debris,plastic_other,0.422,21.9975409,-160.1046442,0.94,0.77,0.723,1.74,1.16,5.79,1인,S045
1_1951_5112_3882_845,niihau_1_1951_5112_3882.jpg,plastic debris,plastic_other,0.398,21.9975101,-160.1046370,0.54,0.53,0.287,0.69,0.46,2.29,1인,S045
1_1951_5112_3882_846,niihau_1_1951_5112_3882.jpg,Styrofoam_Piece,eps_fragment,0.335,21.9974891,-160.1046788,0.85,0.84,0.710,0.43,0.28,1.42,1인,S045
1_1951_5112_3882_847,niihau_1_1951_5112_3882.jpg,Styrofoam_Piece,eps_fragment,0.316,21.9975118,-160.1046498,0.66,0.62,0.406,0.24,0.16,0.81,1인,S045
1_1951_8691_8160_857,niihau_1_1951_8691_8160.jpg,plastic debris,plastic_other,0.555,21.9968034,-160.1039015,0.81,0.75,0.605,1.45,0.97,4.84,1인,S046
1_1951_8691_8160_858,niihau_1_1951_8691_8160.jpg,plastic debris,plastic_other,0.523,21.9968142,-160.1038892,0.54,0.50,0.272,0.65,0.43,2.17,1인,S046
1_1951_8691_8160_859,niihau_1_1951_8691_8160.jpg,Styrofoam_Piece,eps_fragment,0.511,21.9967733,-160.1039624,0.72,0.69,0.495,0.30,0.20,0.99,1인,S046
1_1951_8691_8160_860,niihau_1_1951_8691_8160.jpg,plastic debris,plastic_other,0.509,21.9967667,-160.1038845,0.59,0.31,0.181,0.43,0.29,1.45,1인,S046
1_1951_8691_8160_861,niihau_1_1951_8691_8160.jpg,Plastic_Buoy_China,plastic_buoy,0.501,21.9967977,-160.1038997,0.62,0.58,0.358,6.44,3.22,8.59,1인,S046
1_1951_8691_8160_862,niihau_1_1951_8691_8160.jpg,plastic debris,plastic_other,0.411,21.9968192,-160.1038863,0.60,0.52,0.307,0.74,0.49,2.46,1인,S046
1_1951_8691_8160_863,niihau_1_1951_8691_8160.jpg,plastic debris,plastic_other,0.378,21.9968167,-160.1039373,0.70,0.68,0.471,1.13,0.75,3.77,1인,S046
1_1951_8691_8160_864,niihau_1_1951_8691_8160.jpg,plastic debris,plastic_other,0.376,21.9968060,-160.1039951,0.74,0.67,0.493,1.18,0.79,3.94,1인,S046
1_1951_8691_8160_865,niihau_1_1951_8691_8160.jpg,PET_Bottle,pet_bottle,0.376,21.9967502,-160.1039671,0.94,0.80,0.747,1.48,1.23,2.46,1인,S046
1_1951_8691_8160_866,niihau_1_1951_8691_8160.jpg,plastic debris,plastic_other,0.372,21.9967952,-160.1039479,0.60,0.57,0.338,0.81,0.54,2.71,1인,S046
1_1951_8691_8160_867,niihau_1_1951_8691_8160.jpg,Plastic_Buoy,plastic_buoy,0.372,21.9968273,-160.1039517,0.56,0.51,0.285,5.13,2.57,6.84,1인,S046
1_1951_8691_8160_868,niihau_1_1951_8691_8160.jpg,plastic debris,plastic_other,0.329,21.9967768,-160.1038936,0.58,0.51,0.294,0.71,0.47,2.35,1인,S046
1_1951_8691_8160_869,niihau_1_1951_8691_8160.jpg,Styrofoam_Piece,eps_fragment,0.302,21.9967756,-160.1039175,0.68,0.60,0.406,0.24,0.16,0.81,1인,S046
1_1953_13474_1562_921,niihau_1_1953_13474_1562.jpg,Plastic_Buoy_China,plastic_buoy,0.619,22.0010304,-160.0934464,0.76,0.76,0.579,10.42,5.21,13.90,1인,S047
1_1953_13474_1562_922,niihau_1_1953_13474_1562.jpg,plastic debris,plastic_other,0.532,22.0009726,-160.0934917,0.61,0.59,0.356,0.86,0.57,2.85,1인,S047
1_1953_2389_10013_928,niihau_1_1953_2389_10013.jpg,Plastic_ETC,plastic_other,0.813,21.9994429,-160.0956218,0.99,0.89,0.874,2.10,1.40,6.99,1인,S048
1_1953_2389_10013_929,niihau_1_1953_2389_10013.jpg,Plastic_ETC,plastic_other,0.810,21.9994320,-160.0956281,0.71,0.69,0.487,1.17,0.78,3.90,1인,S048
1_1953_2389_10013_930,niihau_1_1953_2389_10013.jpg,Net,net,0.641,21.9994123,-160.0955656,0.73,0.70,0.516,9.28,3.87,23.20,2인,S048
1_1953_2389_10013_931,niihau_1_1953_2389_10013.jpg,plastic debris,plastic_other,0.378,21.9994360,-160.0955853,0.36,0.36,0.129,0.31,0.21,1.03,1인,S048
1_1953_2389_10013_932,niihau_1_1953_2389_10013.jpg,plastic debris,plastic_other,0.308,21.9994498,-160.0955616,0.72,0.31,0.225,0.54,0.36,1.80,1인,S048
1_1956_-34_13892_937,niihau_1_1956_-34_13892.jpg,Plastic_ETC,plastic_other,0.832,21.9980381,-160.0817080,0.70,0.68,0.475,1.14,0.76,3.80,1인,S049
1_1956_-34_13892_938,niihau_1_1956_-34_13892.jpg,Net,net,0.750,21.9980371,-160.0816918,0.67,0.66,0.446,8.02,3.34,20.06,1인,S049
1_1956_-34_13892_939,niihau_1_1956_-34_13892.jpg,Plastic_Buoy_China,plastic_buoy,0.690,21.9980121,-160.0817536,0.72,0.72,0.518,9.32,4.66,12.43,1인,S049
1_1956_-34_13892_940,niihau_1_1956_-34_13892.jpg,Plastic_ETC,plastic_other,0.686,21.9980010,-160.0817335,0.83,0.82,0.679,1.63,1.09,5.43,1인,S049
1_1956_-34_13892_941,niihau_1_1956_-34_13892.jpg,plastic debris,plastic_other,0.523,21.9980149,-160.0817214,0.46,0.44,0.202,0.49,0.32,1.62,1인,S049
1_1956_-34_13892_942,niihau_1_1956_-34_13892.jpg,Net,net,0.512,21.9980152,-160.0817113,0.62,0.62,0.385,6.94,2.89,17.34,1인,S049
1_1956_-34_13892_943,niihau_1_1956_-34_13892.jpg,plastic debris,plastic_other,0.502,21.9980101,-160.0817093,0.56,0.56,0.318,0.76,0.51,2.54,1인,S049
1_1956_-34_13892_944,niihau_1_1956_-34_13892.jpg,plastic debris,plastic_other,0.373,21.9980463,-160.0817158,0.54,0.50,0.269,0.65,0.43,2.15,1인,S049
1_1956_-34_13892_945,niihau_1_1956_-34_13892.jpg,plastic debris,plastic_other,0.348,21.9980270,-160.0817176,0.63,0.63,0.397,0.95,0.64,3.18,1인,S049
1_1956_10458_11579_951,niihau_1_1956_10458_11579.jpg,plastic debris,plastic_other,0.735,21.9984333,-160.0797040,2.20,2.19,4.813,11.55,7.70,38.50,2인,S050
1_1956_366_13563_952,niihau_1_1956_366_13563.jpg,Plastic_ETC,plastic_other,0.838,21.9980382,-160.0817080,0.66,0.64,0.425,1.02,0.68,3.40,1인,S049
1_1956_366_13563_953,niihau_1_1956_366_13563.jpg,Plastic_Buoy,plastic_buoy,0.756,21.9980208,-160.0816166,0.47,0.47,0.223,4.01,2.01,5.35,1인,S049
1_1956_366_13563_954,niihau_1_1956_366_13563.jpg,Net,net,0.705,21.9980371,-160.0816918,0.66,0.64,0.421,7.57,3.15,18.92,1인,S049
1_1956_366_13563_955,niihau_1_1956_366_13563.jpg,Plastic_ETC,plastic_other,0.613,21.9980894,-160.0816898,0.61,0.60,0.367,0.88,0.59,2.94,1인,S049
1_1956_366_13563_956,niihau_1_1956_366_13563.jpg,plastic debris,plastic_other,0.571,21.9980235,-160.0816239,0.49,0.46,0.226,0.54,0.36,1.81,1인,S049
1_1956_366_13563_957,niihau_1_1956_366_13563.jpg,plastic debris,plastic_other,0.555,21.9980729,-160.0817045,0.42,0.41,0.175,0.42,0.28,1.40,1인,S049
1_1956_366_13563_958,niihau_1_1956_366_13563.jpg,Net,net,0.532,21.9980153,-160.0817114,0.57,0.57,0.326,5.86,2.44,14.65,1인,S049
1_1956_366_13563_959,niihau_1_1956_366_13563.jpg,Plastic_Buoy_China,plastic_buoy,0.524,21.9980100,-160.0817093,0.55,0.54,0.297,5.34,2.67,7.12,1인,S049
1_1956_366_13563_960,niihau_1_1956_366_13563.jpg,plastic debris,plastic_other,0.496,21.9981112,-160.0816553,0.52,0.52,0.269,0.64,0.43,2.15,1인,S049
1_1956_366_13563_961,niihau_1_1956_366_13563.jpg,Net,net,0.483,21.9980612,-160.0816563,0.59,0.59,0.349,6.28,2.62,15.71,1인,S049
1_1956_366_13563_962,niihau_1_1956_366_13563.jpg,plastic debris,plastic_other,0.464,21.9980341,-160.0816133,0.57,0.56,0.321,0.77,0.51,2.56,1인,S049
1_1956_366_13563_963,niihau_1_1956_366_13563.jpg,Net,net,0.441,21.9980116,-160.0816369,0.52,0.51,0.261,4.70,1.96,11.74,1인,S049
1_1956_366_13563_964,niihau_1_1956_366_13563.jpg,plastic debris,plastic_other,0.346,21.9980733,-160.0816012,0.53,0.51,0.271,0.65,0.43,2.16,1인,S049
1_1957_13002_13336_982,niihau_1_1957_13002_13336.jpg,Plastic_ETC,plastic_other,0.757,21.9988232,-160.0744322,1.51,1.51,2.289,5.49,3.66,18.31,1인,S051
1_1957_13002_13336_983,niihau_1_1957_13002_13336.jpg,Plastic_ETC,plastic_other,0.625,21.9988227,-160.0744000,1.18,1.14,1.345,3.23,2.15,10.76,1인,S051
1_1957_13002_13336_984,niihau_1_1957_13002_13336.jpg,Plastic_ETC,plastic_other,0.551,21.9987941,-160.0744568,2.87,1.94,5.563,13.35,8.90,44.51,2인,S051
1_1957_1978_13333_992,niihau_1_1957_1978_13333.jpg,Plastic_ETC,plastic_other,0.650,21.9987917,-160.0765244,1.45,1.41,2.052,4.92,3.28,16.42,1인,S052
1_1957_1978_13333_993,niihau_1_1957_1978_13333.jpg,plastic debris,plastic_other,0.460,21.9988094,-160.0765675,0.63,0.60,0.375,0.90,0.60,3.00,1인,S052
1_1957_1978_13333_994,niihau_1_1957_1978_13333.jpg,plastic debris,plastic_other,0.422,21.9988258,-160.0765731,0.56,0.55,0.306,0.73,0.49,2.45,1인,S052
1_1957_1978_13333_995,niihau_1_1957_1978_13333.jpg,Plastic_ETC,plastic_other,0.420,21.9987775,-160.0765252,0.75,0.75,0.564,1.35,0.90,4.51,1인,S052
1_1957_20869_10324_1004,niihau_1_1957_20869_10324.jpg,PET_Bottle,pet_bottle,0.315,21.9993776,-160.0729112,1.16,1.15,1.337,2.65,2.21,4.41,1인,S053
1_1958_1137_10787_1005,niihau_1_1958_1137_10787.jpg,plastic debris,plastic_other,0.498,21.9994624,-160.0718931,0.96,0.41,0.389,0.93,0.62,3.11,1인,S054
1_1958_1137_10787_1006,niihau_1_1958_1137_10787.jpg,plastic debris,plastic_other,0.408,21.9994594,-160.0719539,0.66,0.62,0.407,0.98,0.65,3.25,1인,S054
1_1958_1137_10787_1007,niihau_1_1958_1137_10787.jpg,plastic debris,plastic_other,0.364,21.9995005,-160.0718933,0.52,0.38,0.199,0.48,0.32,1.59,1인,S054
1_1958_1457_10776_1009,niihau_1_1958_1457_10776.jpg,PET_Bottle,pet_bottle,0.668,21.9995093,-160.0718344,1.01,0.92,0.933,1.85,1.54,3.08,1인,S054
1_1958_1457_10776_1010,niihau_1_1958_1457_10776.jpg,PET_Bottle,pet_bottle,0.663,21.9994960,-160.0718611,0.71,0.69,0.492,0.97,0.81,1.62,1인,S054
1_1958_1457_10776_1011,niihau_1_1958_1457_10776.jpg,PET_Bottle,pet_bottle,0.486,21.9994624,-160.0718916,0.95,0.67,0.638,1.26,1.05,2.11,1인,S054
1_1958_4255_8461_1018,niihau_1_1958_4255_8461.jpg,plastic debris,plastic_other,0.631,21.9998842,-160.0713513,1.54,1.31,2.014,4.83,3.22,16.12,1인,S055
1_1958_4255_8461_1019,niihau_1_1958_4255_8461.jpg,plastic debris,plastic_other,0.605,21.9998852,-160.0713772,0.82,0.80,0.664,1.59,1.06,5.31,1인,S055
1_1958_4255_8461_1020,niihau_1_1958_4255_8461.jpg,plastic debris,plastic_other,0.490,21.9999103,-160.0713716,0.88,0.77,0.673,1.62,1.08,5.39,1인,S055
1_1958_4255_8461_1021,niihau_1_1958_4255_8461.jpg,plastic debris,plastic_other,0.481,21.9998864,-160.0713832,0.59,0.56,0.332,0.80,0.53,2.66,1인,S055
1_1958_4255_8461_1022,niihau_1_1958_4255_8461.jpg,plastic debris,plastic_other,0.398,21.9999207,-160.0713530,0.65,0.62,0.408,0.98,0.65,3.26,1인,S055
1_1958_4255_8461_1023,niihau_1_1958_4255_8461.jpg,plastic debris,plastic_other,0.390,21.9998913,-160.0713629,0.63,0.63,0.398,0.96,0.64,3.19,1인,S055
1_1958_4255_8461_1024,niihau_1_1958_4255_8461.jpg,Plastic_ETC,plastic_other,0.349,21.9998662,-160.0713384,1.01,0.97,0.978,2.35,1.57,7.83,1인,S055
1_1958_4255_8461_1025,niihau_1_1958_4255_8461.jpg,PET_Bottle,pet_bottle,0.346,21.9999380,-160.0713130,1.16,0.88,1.028,2.03,1.70,3.39,1인,S055
1_1958_4255_8461_1026,niihau_1_1958_4255_8461.jpg,plastic debris,plastic_other,0.310,21.9998614,-160.0714092,0.65,0.63,0.409,0.98,0.66,3.28,1인,S055
1_1958_4394_8835_1040,niihau_1_1958_4394_8835.jpg,Plastic_Buoy,plastic_buoy,0.770,21.9998165,-160.0713252,0.84,0.83,0.697,12.55,6.27,16.73,1인,S055
1_1958_4394_8835_1041,niihau_1_1958_4394_8835.jpg,PET_Bottle,pet_bottle,0.766,21.9997877,-160.0712726,0.54,0.52,0.282,0.56,0.47,0.93,1인,S055
1_1958_4394_8835_1042,niihau_1_1958_4394_8835.jpg,Plastic_Buoy,plastic_buoy,0.707,21.9998604,-160.0712707,0.64,0.63,0.407,7.33,3.66,9.77,1인,S055
1_1958_4394_8835_1043,niihau_1_1958_4394_8835.jpg,Plastic_ETC,plastic_other,0.524,21.9998413,-160.0712810,1.21,1.18,1.433,3.44,2.29,11.46,1인,S055
1_1958_4394_8835_1044,niihau_1_1958_4394_8835.jpg,Plastic_ETC,plastic_other,0.459,21.9998661,-160.0713382,1.04,1.02,1.058,2.54,1.69,8.46,1인,S055
1_1958_4394_8835_1045,niihau_1_1958_4394_8835.jpg,Styrofoam_Piece,eps_fragment,0.399,21.9997777,-160.0712813,0.72,0.66,0.479,0.29,0.19,0.96,1인,S055
1_1959_10818_13285_1048,niihau_1_1959_10818_13285.jpg,plastic debris,plastic_other,0.690,21.9990788,-160.0653334,0.56,0.56,0.318,0.76,0.51,2.54,1인,S056
1_1959_10818_13285_1049,niihau_1_1959_10818_13285.jpg,plastic debris,plastic_other,0.458,21.9990712,-160.0653068,0.82,0.79,0.650,1.56,1.04,5.20,1인,S056
1_1959_10818_13285_1050,niihau_1_1959_10818_13285.jpg,plastic debris,plastic_other,0.404,21.9990735,-160.0652376,0.65,0.63,0.410,0.98,0.66,3.28,1인,S056
1_1959_10818_13285_1051,niihau_1_1959_10818_13285.jpg,plastic debris,plastic_other,0.392,21.9990950,-160.0652459,0.77,0.75,0.578,1.39,0.92,4.62,1인,S056
1_1959_10818_13285_1052,niihau_1_1959_10818_13285.jpg,plastic debris,plastic_other,0.314,21.9990299,-160.0652480,0.60,0.58,0.346,0.83,0.55,2.77,1인,S056
1_1959_11219_13491_1076,niihau_1_1959_11219_13491.jpg,plastic debris,plastic_other,0.680,21.9990014,-160.0651833,1.41,1.38,1.939,4.65,3.10,15.51,1인,S056
1_1959_11219_13491_1077,niihau_1_1959_11219_13491.jpg,plastic debris,plastic_other,0.433,21.9989724,-160.0651723,0.67,0.61,0.408,0.98,0.65,3.26,1인,S056
1_1959_11219_13491_1078,niihau_1_1959_11219_13491.jpg,plastic debris,plastic_other,0.362,21.9990396,-160.0651909,0.60,0.60,0.362,0.87,0.58,2.90,1인,S056
1_1959_11219_13491_1079,niihau_1_1959_11219_13491.jpg,plastic debris,plastic_other,0.333,21.9990618,-160.0652627,0.61,0.58,0.354,0.85,0.57,2.83,1인,S056
1_1959_12065_12591_1096,niihau_1_1959_12065_12591.jpg,plastic debris,plastic_other,0.628,21.9991474,-160.0650376,0.63,0.61,0.383,0.92,0.61,3.06,1인,S057
1_1959_12065_12591_1097,niihau_1_1959_12065_12591.jpg,plastic debris,plastic_other,0.544,21.9991543,-160.0650062,0.59,0.58,0.342,0.82,0.55,2.74,1인,S057
1_1959_12065_12591_1098,niihau_1_1959_12065_12591.jpg,Plastic_ETC,plastic_other,0.544,21.9991552,-160.0649929,0.71,0.67,0.479,1.15,0.77,3.83,1인,S057
1_1959_12065_12591_1099,niihau_1_1959_12065_12591.jpg,plastic debris,plastic_other,0.514,21.9991863,-160.0650524,1.81,1.60,2.906,6.97,4.65,23.25,2인,S057
1_1959_12065_12591_1100,niihau_1_1959_12065_12591.jpg,plastic debris,plastic_other,0.456,21.9992010,-160.0650363,0.55,0.54,0.295,0.71,0.47,2.36,1인,S057
1_1959_12065_12591_1101,niihau_1_1959_12065_12591.jpg,PET_Bottle,pet_bottle,0.447,21.9991328,-160.0650098,0.95,0.94,0.898,1.78,1.48,2.96,1인,S057
1_1959_12065_12591_1102,niihau_1_1959_12065_12591.jpg,plastic debris,plastic_other,0.423,21.9992064,-160.0650419,0.66,0.65,0.427,1.02,0.68,3.42,1인,S057
1_1959_12065_12591_1103,niihau_1_1959_12065_12591.jpg,plastic debris,plastic_other,0.391,21.9991974,-160.0650693,0.52,0.47,0.247,0.59,0.40,1.98,1인,S057
1_1959_12065_12591_1104,niihau_1_1959_12065_12591.jpg,plastic debris,plastic_other,0.391,21.9991257,-160.0651041,0.61,0.60,0.363,0.87,0.58,2.91,1인,S057
1_1959_12065_12591_1105,niihau_1_1959_12065_12591.jpg,plastic debris,plastic_other,0.367,21.9991351,-160.0649978,0.52,0.51,0.262,0.63,0.42,2.10,1인,S057
1_1959_12065_12591_1106,niihau_1_1959_12065_12591.jpg,PET_Bottle,pet_bottle,0.327,21.9992299,-160.0651108,1.08,0.65,0.700,1.39,1.15,2.31,1인,S057
1_1959_12065_12591_1107,niihau_1_1959_12065_12591.jpg,plastic debris,plastic_other,0.315,21.9991403,-160.0650966,0.48,0.45,0.215,0.52,0.34,1.72,1인,S057
1_1959_12103_12073_1124,niihau_1_1959_12103_12073.jpg,Plastic_ETC,plastic_other,0.597,21.9992715,-160.0650447,1.25,1.23,1.533,3.68,2.45,12.27,1인,S057
1_1959_12103_12073_1125,niihau_1_1959_12103_12073.jpg,PET_Bottle,pet_bottle,0.522,21.9992690,-160.0650727,0.52,0.50,0.257,0.51,0.42,0.85,1인,S057
1_1959_12169_12904_1128,niihau_1_1959_12169_12904.jpg,PET_Bottle,pet_bottle,0.651,21.9991551,-160.0649930,0.69,0.65,0.452,0.89,0.75,1.49,1인,S057
1_1959_12169_12904_1129,niihau_1_1959_12169_12904.jpg,plastic debris,plastic_other,0.584,21.9991474,-160.0650377,0.65,0.62,0.401,0.96,0.64,3.21,1인,S057
1_1959_12169_12904_1130,niihau_1_1959_12169_12904.jpg,PET_Bottle,pet_bottle,0.558,21.9991543,-160.0649823,0.43,0.39,0.167,0.33,0.28,0.55,1인,S057
1_1959_12169_12904_1131,niihau_1_1959_12169_12904.jpg,Styrofoam_Piece,eps_fragment,0.495,21.9991615,-160.0649769,0.56,0.55,0.310,0.19,0.12,0.62,1인,S057
1_1959_12169_12904_1132,niihau_1_1959_12169_12904.jpg,plastic debris,plastic_other,0.423,21.9991098,-160.0650811,0.55,0.52,0.290,0.69,0.46,2.32,1인,S057
1_1959_12169_12904_1133,niihau_1_1959_12169_12904.jpg,PET_Bottle,pet_bottle,0.415,21.9991330,-160.0650098,0.96,0.88,0.844,1.67,1.39,2.79,1인,S057
1_1959_12169_12904_1134,niihau_1_1959_12169_12904.jpg,plastic debris,plastic_other,0.333,21.9991543,-160.0650061,0.56,0.56,0.312,0.75,0.50,2.49,1인,S057
1_1959_12169_12904_1135,niihau_1_1959_12169_12904.jpg,plastic debris,plastic_other,0.322,21.9991351,-160.0649977,0.52,0.51,0.269,0.65,0.43,2.15,1인,S057
1_1959_13116_13200_1151,niihau_1_1959_13116_13200.jpg,Plastic_ETC,plastic_other,0.578,21.9990694,-160.0648464,1.51,1.24,1.877,4.50,3.00,15.01,1인,S058
1_1959_13116_13200_1152,niihau_1_1959_13116_13200.jpg,plastic debris,plastic_other,0.507,21.9991147,-160.0648554,0.61,0.57,0.347,0.83,0.56,2.78,1인,S058
1_1959_13116_13200_1153,niihau_1_1959_13116_13200.jpg,plastic debris,plastic_other,0.423,21.9990260,-160.0648601,0.55,0.53,0.288,0.69,0.46,2.31,1인,S058
1_1959_13212_12798_1176,niihau_1_1959_13212_12798.jpg,plastic debris,plastic_other,0.599,21.9991150,-160.0648554,0.57,0.51,0.292,0.70,0.47,2.34,1인,S058
1_1959_13212_12798_1177,niihau_1_1959_13212_12798.jpg,plastic debris,plastic_other,0.507,21.9991471,-160.0648784,0.60,0.59,0.358,0.86,0.57,2.86,1인,S057
1_1959_13212_12798_1178,niihau_1_1959_13212_12798.jpg,Plastic_ETC,plastic_other,0.484,21.9991424,-160.0648607,1.24,1.19,1.469,3.53,2.35,11.75,1인,S059
1_1959_13212_12798_1179,niihau_1_1959_13212_12798.jpg,plastic debris,plastic_other,0.419,21.9991209,-160.0648549,0.44,0.44,0.195,0.47,0.31,1.56,1인,S058
1_1959_13212_12798_1180,niihau_1_1959_13212_12798.jpg,plastic debris,plastic_other,0.392,21.9991421,-160.0648279,0.93,0.76,0.712,1.71,1.14,5.70,1인,S059
1_1959_13212_12798_1181,niihau_1_1959_13212_12798.jpg,plastic debris,plastic_other,0.370,21.9991009,-160.0647730,0.58,0.56,0.320,0.77,0.51,2.56,1인,S058
1_1959_13212_12798_1182,niihau_1_1959_13212_12798.jpg,plastic debris,plastic_other,0.355,21.9991325,-160.0648068,0.65,0.64,0.414,0.99,0.66,3.31,1인,S058
1_1959_13212_12798_1183,niihau_1_1959_13212_12798.jpg,plastic debris,plastic_other,0.355,21.9991936,-160.0648378,1.04,0.98,1.010,2.42,1.62,8.08,1인,S059
1_1959_13223_13609_1192,niihau_1_1959_13223_13609.jpg,Glass,glass,0.550,21.9989632,-160.0647832,0.67,0.65,0.433,18.19,13.00,25.99,2인,S058
1_1959_13223_13609_1193,niihau_1_1959_13223_13609.jpg,plastic debris,plastic_other,0.516,21.9989434,-160.0648435,0.77,0.71,0.546,1.31,0.87,4.37,1인,S058
1_1959_13223_13609_1194,niihau_1_1959_13223_13609.jpg,plastic debris,plastic_other,0.460,21.9990196,-160.0647769,0.60,0.56,0.337,0.81,0.54,2.69,1인,S058
1_1959_13223_13609_1195,niihau_1_1959_13223_13609.jpg,plastic debris,plastic_other,0.407,21.9989814,-160.0647684,0.64,0.62,0.394,0.95,0.63,3.15,1인,S058
1_1959_13223_13609_1196,niihau_1_1959_13223_13609.jpg,plastic debris,plastic_other,0.381,21.9989719,-160.0648182,1.28,1.02,1.305,3.13,2.09,10.44,1인,S058
1_1959_13223_13609_1197,niihau_1_1959_13223_13609.jpg,plastic debris,plastic_other,0.318,21.9989929,-160.0647670,0.60,0.56,0.338,0.81,0.54,2.70,1인,S058
1_1959_13670_13809_1213,niihau_1_1959_13670_13809.jpg,Plastic_Buoy_China,plastic_buoy,0.684,21.9989979,-160.0647169,0.84,0.79,0.663,11.94,5.97,15.92,1인,S058
1_1959_13670_13809_1214,niihau_1_1959_13670_13809.jpg,Plastic_Buoy_China,plastic_buoy,0.541,21.9989475,-160.0647031,0.72,0.72,0.522,9.40,4.70,12.54,1인,S058
1_1959_13670_13809_1215,niihau_1_1959_13670_13809.jpg,plastic debris,plastic_other,0.469,21.9989814,-160.0647684,0.65,0.64,0.413,0.99,0.66,3.30,1인,S058
1_1959_13670_13809_1216,niihau_1_1959_13670_13809.jpg,plastic debris,plastic_other,0.458,21.9990143,-160.0647023,0.51,0.48,0.247,0.59,0.39,1.97,1인,S058
1_1959_13670_13809_1217,niihau_1_1959_13670_13809.jpg,plastic debris,plastic_other,0.411,21.9989632,-160.0647832,0.71,0.69,0.491,1.18,0.79,3.93,1인,S058
1_1959_13670_13809_1218,niihau_1_1959_13670_13809.jpg,plastic debris,plastic_other,0.315,21.9989660,-160.0646817,0.58,0.53,0.307,0.74,0.49,2.45,1인,S058
1_1959_13670_13809_1219,niihau_1_1959_13670_13809.jpg,plastic debris,plastic_other,0.301,21.9989723,-160.0647149,0.56,0.55,0.312,0.75,0.50,2.50,1인,S058
1_1959_14804_13236_1249,niihau_1_1959_14804_13236.jpg,Styrofoam_Piece,eps_fragment,0.551,21.9990220,-160.0645208,0.80,0.72,0.571,0.34,0.23,1.14,1인,S060
1_1959_14804_13236_1250,niihau_1_1959_14804_13236.jpg,Plastic_Buoy_China,plastic_buoy,0.535,21.9990268,-160.0645565,0.64,0.64,0.409,7.36,3.68,9.82,1인,S060
1_1959_14804_13236_1251,niihau_1_1959_14804_13236.jpg,Plastic_Buoy_China,plastic_buoy,0.520,21.9990394,-160.0645619,0.86,0.83,0.709,12.76,6.38,17.01,1인,S060
1_1959_14804_13236_1252,niihau_1_1959_14804_13236.jpg,plastic debris,plastic_other,0.489,21.9990530,-160.0645407,0.58,0.56,0.326,0.78,0.52,2.61,1인,S060
1_1959_14804_13236_1253,niihau_1_1959_14804_13236.jpg,plastic debris,plastic_other,0.449,21.9990105,-160.0644999,0.53,0.48,0.256,0.61,0.41,2.05,1인,S060
1_1959_14804_13236_1254,niihau_1_1959_14804_13236.jpg,plastic debris,plastic_other,0.405,21.9990301,-160.0644635,0.80,0.73,0.581,1.39,0.93,4.65,1인,S060
1_1959_14804_13236_1255,niihau_1_1959_14804_13236.jpg,plastic debris,plastic_other,0.404,21.9990829,-160.0645372,0.52,0.50,0.256,0.62,0.41,2.05,1인,S060
1_1959_14804_13236_1256,niihau_1_1959_14804_13236.jpg,Plastic_ETC,plastic_other,0.369,21.9990654,-160.0645221,2.56,2.39,6.100,14.64,9.76,48.80,2인,S060
1_1959_14804_13236_1257,niihau_1_1959_14804_13236.jpg,Plastic_Buoy_China,plastic_buoy,0.326,21.9990718,-160.0645508,0.85,0.84,0.717,12.90,6.45,17.20,1인,S060
1_1959_14804_13236_1258,niihau_1_1959_14804_13236.jpg,plastic debris,plastic_other,0.322,21.9990909,-160.0645337,0.80,0.79,0.626,1.50,1.00,5.01,1인,S060
1_1959_14804_13236_1259,niihau_1_1959_14804_13236.jpg,plastic debris,plastic_other,0.318,21.9990482,-160.0645261,0.57,0.55,0.318,0.76,0.51,2.54,1인,S060
1_1959_15459_14395_1292,niihau_1_1959_15459_14395.jpg,Plastic_ETC,plastic_other,0.446,21.9989077,-160.0643436,2.20,1.67,3.679,8.83,5.89,29.43,2인,S061
1_1959_15459_14395_1293,niihau_1_1959_15459_14395.jpg,plastic debris,plastic_other,0.428,21.9988392,-160.0644466,0.56,0.55,0.309,0.74,0.50,2.48,1인,S061
1_1959_15459_14395_1294,niihau_1_1959_15459_14395.jpg,plastic debris,plastic_other,0.373,21.9988953,-160.0644516,0.68,0.48,0.325,0.78,0.52,2.60,1인,S061
1_1959_15459_14395_1295,niihau_1_1959_15459_14395.jpg,plastic debris,plastic_other,0.340,21.9988029,-160.0643992,0.80,0.80,0.636,1.53,1.02,5.09,1인,S061
1_1959_15459_14395_1296,niihau_1_1959_15459_14395.jpg,plastic debris,plastic_other,0.308,21.9988798,-160.0643668,0.60,0.57,0.343,0.82,0.55,2.74,1인,S061
1_1959_2045_5602_1318,niihau_1_1959_2045_5602.jpg,Plastic_Buoy,plastic_buoy,0.671,22.0004497,-160.0670319,0.57,0.52,0.295,5.31,2.66,7.08,1인,S062
1_1959_2045_5602_1319,niihau_1_1959_2045_5602.jpg,Plastic_Buoy,plastic_buoy,0.659,22.0004796,-160.0670493,0.63,0.60,0.375,6.75,3.38,9.00,1인,S062
1_1959_2045_5602_1320,niihau_1_1959_2045_5602.jpg,plastic debris,plastic_other,0.615,22.0003726,-160.0669971,0.52,0.36,0.186,0.45,0.30,1.49,1인,S062
1_1959_2045_5602_1321,niihau_1_1959_2045_5602.jpg,plastic debris,plastic_other,0.344,22.0003771,-160.0670030,0.38,0.38,0.145,0.35,0.23,1.16,1인,S062
1_1959_2045_5602_1322,niihau_1_1959_2045_5602.jpg,plastic debris,plastic_other,0.326,22.0004783,-160.0670444,0.47,0.44,0.208,0.50,0.33,1.66,1인,S062
1_1959_3885_8205_1335,niihau_1_1959_3885_8205.jpg,Plastic_Buoy,plastic_buoy,0.714,21.9999604,-160.0666440,0.52,0.47,0.248,4.46,2.23,5.94,1인,S063
1_1959_3885_8205_1336,niihau_1_1959_3885_8205.jpg,Plastic_Buoy,plastic_buoy,0.708,21.9999411,-160.0666980,0.57,0.54,0.310,5.58,2.79,7.44,1인,S063
1_1959_3885_8205_1337,niihau_1_1959_3885_8205.jpg,PET_Bottle,pet_bottle,0.643,21.9999203,-160.0665898,1.14,1.10,1.252,2.48,2.07,4.13,1인,S063
1_1959_3885_8205_1338,niihau_1_1959_3885_8205.jpg,plastic debris,plastic_other,0.599,21.9999411,-160.0666460,0.74,0.72,0.532,1.28,0.85,4.26,1인,S063
1_1959_3885_8205_1339,niihau_1_1959_3885_8205.jpg,plastic debris,plastic_other,0.564,21.9999854,-160.0666499,0.50,0.48,0.236,0.57,0.38,1.89,1인,S063
1_1959_3885_8205_1340,niihau_1_1959_3885_8205.jpg,plastic debris,plastic_other,0.549,21.9999867,-160.0666545,0.70,0.62,0.436,1.05,0.70,3.49,1인,S063
1_1959_3885_8205_1341,niihau_1_1959_3885_8205.jpg,Plastic_ETC,plastic_other,0.441,21.9999646,-160.0665920,2.27,2.04,4.621,11.09,7.39,36.97,2인,S063
1_1959_4396_6847_1372,niihau_1_1959_4396_6847.jpg,Plastic_ETC,plastic_other,0.711,22.0002073,-160.0665458,1.27,1.18,1.498,3.60,2.40,11.99,1인,S064
1_1959_4396_6847_1373,niihau_1_1959_4396_6847.jpg,plastic debris,plastic_other,0.692,22.0001662,-160.0665204,0.50,0.46,0.231,0.55,0.37,1.84,1인,S064
1_1959_4396_6847_1374,niihau_1_1959_4396_6847.jpg,Net,net,0.617,22.0001547,-160.0665540,0.64,0.60,0.389,7.00,2.92,17.51,1인,S064
1_1959_4396_6847_1375,niihau_1_1959_4396_6847.jpg,plastic debris,plastic_other,0.592,22.0001696,-160.0665701,0.53,0.53,0.283,0.68,0.45,2.27,1인,S064
1_1959_4396_6847_1376,niihau_1_1959_4396_6847.jpg,plastic debris,plastic_other,0.486,22.0001609,-160.0665450,0.41,0.40,0.164,0.39,0.26,1.31,1인,S064
1_1959_4396_6847_1377,niihau_1_1959_4396_6847.jpg,plastic debris,plastic_other,0.419,22.0001804,-160.0665639,0.51,0.44,0.226,0.54,0.36,1.81,1인,S064
1_1959_4396_6847_1378,niihau_1_1959_4396_6847.jpg,plastic debris,plastic_other,0.374,22.0001674,-160.0665757,0.44,0.42,0.183,0.44,0.29,1.46,1인,S064
1_1959_4396_6847_1379,niihau_1_1959_4396_6847.jpg,plastic debris,plastic_other,0.349,22.0001546,-160.0665597,0.55,0.53,0.288,0.69,0.46,2.30,1인,S064
1_1959_4396_6847_1380,niihau_1_1959_4396_6847.jpg,plastic debris,plastic_other,0.337,22.0001632,-160.0665513,0.62,0.58,0.357,0.86,0.57,2.85,1인,S064
1_1959_4396_6847_1381,niihau_1_1959_4396_6847.jpg,plastic debris,plastic_other,0.305,22.0001822,-160.0665703,0.48,0.44,0.211,0.51,0.34,1.69,1인,S064
1_1959_4679_7175_1417,niihau_1_1959_4679_7175.jpg,Styrofoam_Buoy,eps_buoy,0.798,22.0001488,-160.0664434,1.23,1.14,1.402,12.27,5.26,14.02,1인,S064
1_1959_4679_7175_1418,niihau_1_1959_4679_7175.jpg,plastic debris,plastic_other,0.785,22.0001460,-160.0665465,0.62,0.61,0.377,0.90,0.60,3.02,1인,S064
1_1959_4679_7175_1419,niihau_1_1959_4679_7175.jpg,Styrofoam_Piece,eps_fragment,0.751,22.0001077,-160.0664946,0.69,0.67,0.463,0.28,0.19,0.93,1인,S064
1_1959_4679_7175_1420,niihau_1_1959_4679_7175.jpg,Net,net,0.738,22.0001127,-160.0664751,0.70,0.68,0.477,8.59,3.58,21.47,1인,S064
1_1959_4679_7175_1421,niihau_1_1959_4679_7175.jpg,plastic debris,plastic_other,0.697,22.0001662,-160.0665204,0.46,0.45,0.204,0.49,0.33,1.64,1인,S064
1_1959_4679_7175_1422,niihau_1_1959_4679_7175.jpg,Plastic_Buoy_China,plastic_buoy,0.677,22.0001308,-160.0665141,0.76,0.72,0.545,9.82,4.91,13.09,1인,S064
1_1959_4679_7175_1423,niihau_1_1959_4679_7175.jpg,plastic debris,plastic_other,0.670,22.0001173,-160.0665172,0.56,0.54,0.301,0.72,0.48,2.41,1인,S064
1_1959_4679_7175_1424,niihau_1_1959_4679_7175.jpg,plastic debris,plastic_other,0.660,22.0001571,-160.0664652,0.39,0.38,0.147,0.35,0.24,1.18,1인,S064
1_1959_4679_7175_1425,niihau_1_1959_4679_7175.jpg,plastic debris,plastic_other,0.509,22.0001115,-160.0664693,0.59,0.55,0.326,0.78,0.52,2.61,1인,S065
1_1959_4679_7175_1426,niihau_1_1959_4679_7175.jpg,plastic debris,plastic_other,0.500,22.0001200,-160.0665425,0.65,0.57,0.368,0.88,0.59,2.95,1인,S064
1_1959_4679_7175_1427,niihau_1_1959_4679_7175.jpg,Plastic_ETC,plastic_other,0.495,22.0001356,-160.0664887,1.33,1.14,1.514,3.63,2.42,12.11,1인,S064
1_1959_4679_7175_1428,niihau_1_1959_4679_7175.jpg,plastic debris,plastic_other,0.495,22.0001607,-160.0665448,0.49,0.49,0.242,0.58,0.39,1.94,1인,S064
1_1959_4679_7175_1429,niihau_1_1959_4679_7175.jpg,plastic debris,plastic_other,0.494,22.0001434,-160.0664916,0.55,0.55,0.301,0.72,0.48,2.41,1인,S064
1_1959_4679_7175_1430,niihau_1_1959_4679_7175.jpg,plastic debris,plastic_other,0.422,22.0001039,-160.0665360,0.61,0.61,0.375,0.90,0.60,3.00,1인,S064
1_1959_4679_7175_1431,niihau_1_1959_4679_7175.jpg,plastic debris,plastic_other,0.392,22.0002042,-160.0665483,0.69,0.23,0.162,0.39,0.26,1.29,1인,S064
1_1959_4679_7175_1432,niihau_1_1959_4679_7175.jpg,plastic debris,plastic_other,0.391,22.0001640,-160.0664563,0.52,0.47,0.243,0.58,0.39,1.94,1인,S064
1_1959_4679_7175_1433,niihau_1_1959_4679_7175.jpg,plastic debris,plastic_other,0.357,22.0000966,-160.0664552,0.51,0.49,0.252,0.60,0.40,2.01,1인,S065
1_1959_4679_7175_1434,niihau_1_1959_4679_7175.jpg,plastic debris,plastic_other,0.352,22.0002024,-160.0665496,0.58,0.46,0.265,0.64,0.42,2.12,1인,S064
1_1959_4679_7175_1435,niihau_1_1959_4679_7175.jpg,plastic debris,plastic_other,0.352,22.0001750,-160.0665503,0.44,0.34,0.150,0.36,0.24,1.20,1인,S064
1_1959_4679_7175_1436,niihau_1_1959_4679_7175.jpg,Net,net,0.339,22.0001167,-160.0664665,0.77,0.74,0.570,10.26,4.27,25.64,2인,S065
1_1959_4679_7175_1437,niihau_1_1959_4679_7175.jpg,plastic debris,plastic_other,0.316,22.0001665,-160.0665294,0.43,0.42,0.183,0.44,0.29,1.46,1인,S064
1_1959_4679_7175_1438,niihau_1_1959_4679_7175.jpg,plastic debris,plastic_other,0.312,22.0001447,-160.0665252,0.50,0.44,0.220,0.53,0.35,1.76,1인,S064
1_1959_4679_7175_1439,niihau_1_1959_4679_7175.jpg,plastic debris,plastic_other,0.312,22.0001787,-160.0664429,0.58,0.56,0.322,0.77,0.51,2.57,1인,S064
1_1959_4679_7175_1440,niihau_1_1959_4679_7175.jpg,plastic debris,plastic_other,0.305,22.0000918,-160.0664417,0.51,0.31,0.158,0.38,0.25,1.27,1인,S065
1_1959_4705_7544_1471,niihau_1_1959_4705_7544.jpg,Styrofoam_Piece,eps_fragment,0.731,22.0001076,-160.0664947,0.67,0.66,0.441,0.26,0.18,0.88,1인,S064
1_1959_4705_7544_1472,niihau_1_1959_4705_7544.jpg,Net,net,0.689,22.0001127,-160.0664750,0.71,0.68,0.478,8.60,3.58,21.51,1인,S064
1_1959_4705_7544_1473,niihau_1_1959_4705_7544.jpg,Plastic_Buoy_China,plastic_buoy,0.655,22.0001308,-160.0665139,0.75,0.74,0.555,9.99,5.00,13.33,1인,S064
1_1959_4705_7544_1474,niihau_1_1959_4705_7544.jpg,plastic debris,plastic_other,0.638,22.0001172,-160.0665173,0.56,0.54,0.302,0.72,0.48,2.41,1인,S064
1_1959_4705_7544_1475,niihau_1_1959_4705_7544.jpg,PET_Bottle,pet_bottle,0.557,22.0001345,-160.0664891,1.00,1.00,1.006,1.99,1.66,3.32,1인,S064
1_1959_4705_7544_1476,niihau_1_1959_4705_7544.jpg,plastic debris,plastic_other,0.423,22.0001117,-160.0664692,0.67,0.61,0.412,0.99,0.66,3.29,1인,S065
1_1959_4705_7544_1477,niihau_1_1959_4705_7544.jpg,Net,net,0.396,22.0001168,-160.0664669,0.71,0.71,0.509,9.17,3.82,22.93,1인,S065
1_1959_4705_7544_1478,niihau_1_1959_4705_7544.jpg,plastic debris,plastic_other,0.390,22.0000965,-160.0664553,0.46,0.46,0.211,0.51,0.34,1.69,1인,S065
1_1959_4705_7544_1479,niihau_1_1959_4705_7544.jpg,plastic debris,plastic_other,0.375,22.0001192,-160.0665109,1.28,1.09,1.391,3.34,2.23,11.13,1인,S064
1_1959_4705_7544_1480,niihau_1_1959_4705_7544.jpg,plastic debris,plastic_other,0.373,22.0001201,-160.0665426,0.66,0.57,0.377,0.91,0.60,3.02,1인,S064
1_1959_4705_7544_1481,niihau_1_1959_4705_7544.jpg,plastic debris,plastic_other,0.309,22.0001037,-160.0665361,0.62,0.59,0.366,0.88,0.59,2.93,1인,S064
1_1959_5269_8506_1506,niihau_1_1959_5269_8506.jpg,Styrofoam_Piece,eps_fragment,0.706,21.9999618,-160.0663812,0.74,0.70,0.519,0.31,0.21,1.04,1인,S065
1_1959_5269_8506_1507,niihau_1_1959_5269_8506.jpg,plastic debris,plastic_other,0.654,21.9999123,-160.0663815,0.48,0.45,0.215,0.52,0.34,1.72,1인,S065
1_1959_5269_8506_1508,niihau_1_1959_5269_8506.jpg,plastic debris,plastic_other,0.593,21.9999026,-160.0663812,0.53,0.53,0.284,0.68,0.45,2.27,1인,S065
1_1959_5269_8506_1509,niihau_1_1959_5269_8506.jpg,plastic debris,plastic_other,0.550,21.9999494,-160.0663567,0.53,0.47,0.249,0.60,0.40,1.99,1인,S065
1_1959_5269_8506_1510,niihau_1_1959_5269_8506.jpg,plastic debris,plastic_other,0.489,21.9998604,-160.0663468,0.69,0.64,0.444,1.07,0.71,3.55,1인,S065
1_1959_5269_8506_1511,niihau_1_1959_5269_8506.jpg,plastic debris,plastic_other,0.456,21.9998623,-160.0663344,0.48,0.48,0.229,0.55,0.37,1.84,1인,S065
1_1959_5269_8506_1512,niihau_1_1959_5269_8506.jpg,plastic debris,plastic_other,0.454,21.9999095,-160.0663807,0.50,0.48,0.242,0.58,0.39,1.94,1인,S065
1_1959_5269_8506_1513,niihau_1_1959_5269_8506.jpg,Styrofoam_Piece,eps_fragment,0.424,21.9999404,-160.0663645,0.60,0.57,0.343,0.21,0.14,0.69,1인,S065
1_1959_5269_8506_1514,niihau_1_1959_5269_8506.jpg,plastic debris,plastic_other,0.375,21.9999191,-160.0663753,0.71,0.69,0.491,1.18,0.79,3.93,1인,S065
1_1959_5269_8506_1515,niihau_1_1959_5269_8506.jpg,plastic debris,plastic_other,0.370,21.9999058,-160.0663674,0.56,0.54,0.306,0.73,0.49,2.45,1인,S065
1_1959_5269_8506_1516,niihau_1_1959_5269_8506.jpg,plastic debris,plastic_other,0.339,21.9999566,-160.0663400,1.99,1.40,2.783,6.68,4.45,22.26,1인,S065
1_1959_5269_8506_1517,niihau_1_1959_5269_8506.jpg,Styrofoam_Piece,eps_fragment,0.331,21.9999426,-160.0663136,0.67,0.35,0.237,0.14,0.09,0.47,1인,S065
1_1959_5269_8506_1518,niihau_1_1959_5269_8506.jpg,plastic debris,plastic_other,0.329,21.9999105,-160.0663749,0.62,0.60,0.376,0.90,0.60,3.01,1인,S065
1_1959_5269_8506_1519,niihau_1_1959_5269_8506.jpg,plastic debris,plastic_other,0.323,21.9999192,-160.0663471,0.63,0.60,0.378,0.91,0.61,3.03,1인,S065
1_1959_5269_8506_1520,niihau_1_1959_5269_8506.jpg,plastic debris,plastic_other,0.319,21.9999268,-160.0663331,0.55,0.51,0.285,0.68,0.46,2.28,1인,S065
1_1959_5269_8506_1521,niihau_1_1959_5269_8506.jpg,plastic debris,plastic_other,0.305,21.9998554,-160.0663373,0.51,0.50,0.255,0.61,0.41,2.04,1인,S065
1_1959_5476_8059_1564,niihau_1_1959_5476_8059.jpg,Styrofoam_Piece,eps_fragment,0.745,21.9999617,-160.0663812,0.78,0.72,0.565,0.34,0.23,1.13,1인,S065
1_1959_5476_8059_1565,niihau_1_1959_5476_8059.jpg,plastic debris,plastic_other,0.635,21.9999495,-160.0663566,0.53,0.48,0.254,0.61,0.41,2.03,1인,S065
1_1959_5476_8059_1566,niihau_1_1959_5476_8059.jpg,Plastic_ETC,plastic_other,0.467,21.9999883,-160.0663313,3.72,2.71,10.083,24.20,16.13,80.66,장비,S065
1_1959_5476_8059_1567,niihau_1_1959_5476_8059.jpg,plastic debris,plastic_other,0.449,21.9999452,-160.0663576,0.50,0.49,0.245,0.59,0.39,1.96,1인,S065
1_1959_5476_8059_1568,niihau_1_1959_5476_8059.jpg,PET_Bottle,pet_bottle,0.445,21.9999423,-160.0663114,0.85,0.83,0.708,1.40,1.17,2.34,1인,S065
1_1959_5476_8059_1569,niihau_1_1959_5476_8059.jpg,Styrofoam_Piece,eps_fragment,0.442,21.9999720,-160.0663797,0.68,0.64,0.432,0.26,0.17,0.86,1인,S065
1_1959_5476_8059_1570,niihau_1_1959_5476_8059.jpg,Styrofoam_Piece,eps_fragment,0.399,21.9999404,-160.0663646,0.62,0.60,0.369,0.22,0.15,0.74,1인,S065
1_1959_5476_8059_1571,niihau_1_1959_5476_8059.jpg,plastic debris,plastic_other,0.386,21.9999568,-160.0663401,2.00,1.40,2.816,6.76,4.51,22.53,1인,S065
1_1959_5711_8533_1593,niihau_1_1959_5711_8533.jpg,plastic debris,plastic_other,0.735,21.9999136,-160.0662725,0.70,0.65,0.455,1.09,0.73,3.64,1인,S065
1_1959_5711_8533_1594,niihau_1_1959_5711_8533.jpg,plastic debris,plastic_other,0.704,21.9999494,-160.0662433,0.43,0.41,0.177,0.42,0.28,1.41,1인,S065
1_1959_5711_8533_1595,niihau_1_1959_5711_8533.jpg,Plastic_Buoy,plastic_buoy,0.680,21.9999273,-160.0662511,0.71,0.68,0.479,8.62,4.31,11.50,1인,S065
1_1959_5711_8533_1596,niihau_1_1959_5711_8533.jpg,PET_Bottle,pet_bottle,0.590,21.9999020,-160.0662433,0.67,0.54,0.361,0.72,0.60,1.19,1인,S065
1_1959_5711_8533_1597,niihau_1_1959_5711_8533.jpg,plastic debris,plastic_other,0.555,21.9999553,-160.0663405,1.94,1.35,2.608,6.26,4.17,20.87,1인,S065
1_1959_5711_8533_1598,niihau_1_1959_5711_8533.jpg,plastic debris,plastic_other,0.550,21.9999117,-160.0662887,0.57,0.55,0.317,0.76,0.51,2.54,1인,S065
1_1959_5711_8533_1599,niihau_1_1959_5711_8533.jpg,plastic debris,plastic_other,0.549,21.9998970,-160.0663111,0.53,0.51,0.273,0.65,0.44,2.18,1인,S065
1_1959_5711_8533_1600,niihau_1_1959_5711_8533.jpg,Plastic_ETC,plastic_other,0.541,21.9998592,-160.0662302,1.05,0.94,0.988,2.37,1.58,7.90,1인,S065
1_1959_5711_8533_1601,niihau_1_1959_5711_8533.jpg,plastic debris,plastic_other,0.479,21.9999004,-160.0663054,0.53,0.48,0.256,0.61,0.41,2.04,1인,S065
1_1959_5711_8533_1602,niihau_1_1959_5711_8533.jpg,Styrofoam_Piece,eps_fragment,0.478,21.9999281,-160.0662446,0.57,0.56,0.317,0.19,0.13,0.63,1인,S065
1_1959_5711_8533_1603,niihau_1_1959_5711_8533.jpg,plastic debris,plastic_other,0.471,21.9999061,-160.0662477,0.48,0.46,0.221,0.53,0.35,1.77,1인,S065
1_1959_5711_8533_1604,niihau_1_1959_5711_8533.jpg,plastic debris,plastic_other,0.459,21.9998604,-160.0663466,0.65,0.63,0.407,0.98,0.65,3.26,1인,S065
1_1959_5711_8533_1605,niihau_1_1959_5711_8533.jpg,plastic debris,plastic_other,0.447,21.9999423,-160.0663113,0.89,0.87,0.778,1.87,1.24,6.22,1인,S065
1_1959_5711_8533_1606,niihau_1_1959_5711_8533.jpg,plastic debris,plastic_other,0.425,21.9999544,-160.0662514,0.44,0.38,0.168,0.40,0.27,1.34,1인,S065
1_1959_5711_8533_1607,niihau_1_1959_5711_8533.jpg,plastic debris,plastic_other,0.416,21.9999060,-160.0663027,0.56,0.50,0.282,0.68,0.45,2.26,1인,S065
1_1959_5711_8533_1608,niihau_1_1959_5711_8533.jpg,plastic debris,plastic_other,0.391,21.9998812,-160.0662294,0.66,0.62,0.409,0.98,0.65,3.27,1인,S065
1_1959_5711_8533_1609,niihau_1_1959_5711_8533.jpg,plastic debris,plastic_other,0.384,21.9999083,-160.0662438,0.53,0.51,0.267,0.64,0.43,2.14,1인,S065
1_1959_5711_8533_1610,niihau_1_1959_5711_8533.jpg,plastic debris,plastic_other,0.367,21.9999360,-160.0662929,0.66,0.63,0.416,1.00,0.67,3.33,1인,S065
1_1959_5711_8533_1611,niihau_1_1959_5711_8533.jpg,PET_Bottle,pet_bottle,0.330,21.9999180,-160.0662287,0.63,0.52,0.327,0.65,0.54,1.08,1인,S065
1_1959_5711_8533_1612,niihau_1_1959_5711_8533.jpg,plastic debris,plastic_other,0.319,21.9999105,-160.0662400,0.95,0.87,0.828,1.99,1.32,6.62,1인,S065
1_1959_5711_8533_1613,niihau_1_1959_5711_8533.jpg,plastic debris,plastic_other,0.310,21.9998529,-160.0662440,1.38,1.31,1.803,4.33,2.88,14.42,1인,S065
1_1959_7251_10757_1660,niihau_1_1959_7251_10757.jpg,Plastic_ETC,plastic_other,0.811,21.9995042,-160.0659869,0.74,0.73,0.533,1.28,0.85,4.27,1인,S066
1_1959_7251_10757_1661,niihau_1_1959_7251_10757.jpg,Net,net,0.549,21.9995235,-160.0660323,0.60,0.57,0.341,6.14,2.56,15.35,1인,S066
1_1959_8804_11030_1667,niihau_1_1959_8804_11030.jpg,Plastic_ETC,plastic_other,0.702,21.9994573,-160.0656855,0.64,0.62,0.394,0.95,0.63,3.15,1인,S067
1_1959_8804_11030_1668,niihau_1_1959_8804_11030.jpg,Plastic_ETC,plastic_other,0.528,21.9994051,-160.0657183,1.41,1.22,1.714,4.11,2.74,13.71,1인,S067
1_1959_8804_11030_1669,niihau_1_1959_8804_11030.jpg,plastic debris,plastic_other,0.509,21.9994457,-160.0657362,3.34,2.29,7.667,18.40,12.27,61.34,장비,S067
1_1959_8804_11030_1670,niihau_1_1959_8804_11030.jpg,plastic debris,plastic_other,0.335,21.9994634,-160.0657153,0.59,0.58,0.342,0.82,0.55,2.74,1인,S067
1_1959_8804_11030_1671,niihau_1_1959_8804_11030.jpg,plastic debris,plastic_other,0.326,21.9994190,-160.0657231,0.68,0.67,0.456,1.10,0.73,3.65,1인,S067
1_1959_9143_11070_1678,niihau_1_1959_9143_11070.jpg,Plastic_Buoy,plastic_buoy,0.814,21.9994113,-160.0655885,0.64,0.63,0.404,7.28,3.64,9.70,1인,S067
1_1959_9143_11070_1679,niihau_1_1959_9143_11070.jpg,PET_Bottle,pet_bottle,0.629,21.9994717,-160.0655851,0.46,0.43,0.199,0.39,0.33,0.66,1인,S067
1_1959_9143_11070_1680,niihau_1_1959_9143_11070.jpg,PET_Bottle,pet_bottle,0.423,21.9994112,-160.0655950,0.72,0.72,0.518,1.02,0.85,1.71,1인,S067
1_1959_9143_11070_1681,niihau_1_1959_9143_11070.jpg,plastic debris,plastic_other,0.351,21.9994418,-160.0655899,0.65,0.65,0.424,1.02,0.68,3.39,1인,S067
1_1959_9253_11394_1692,niihau_1_1959_9253_11394.jpg,Plastic_Buoy,plastic_buoy,0.795,21.9994113,-160.0655887,0.65,0.63,0.407,7.33,3.66,9.77,1인,S067
1_1959_9253_11394_1693,niihau_1_1959_9253_11394.jpg,plastic debris,plastic_other,0.638,21.9993635,-160.0655443,0.64,0.61,0.388,0.93,0.62,3.10,1인,S068
1_1959_9253_11394_1694,niihau_1_1959_9253_11394.jpg,Plastic_ETC,plastic_other,0.630,21.9993911,-160.0655973,1.01,0.96,0.966,2.32,1.55,7.73,1인,S067
1_1959_9253_11394_1695,niihau_1_1959_9253_11394.jpg,Plastic_ETC,plastic_other,0.576,21.9993699,-160.0655414,0.87,0.86,0.750,1.80,1.20,6.00,1인,S068
1_1959_9253_11394_1696,niihau_1_1959_9253_11394.jpg,plastic debris,plastic_other,0.413,21.9993705,-160.0656377,0.57,0.56,0.315,0.76,0.50,2.52,1인,S067
1_1959_9253_11394_1697,niihau_1_1959_9253_11394.jpg,plastic debris,plastic_other,0.326,21.9993953,-160.0656092,0.54,0.54,0.293,0.70,0.47,2.34,1인,S067
1_1959_9253_11394_1698,niihau_1_1959_9253_11394.jpg,plastic debris,plastic_other,0.307,21.9993663,-160.0656196,0.64,0.62,0.399,0.96,0.64,3.19,1인,S067
1_1959_9831_12576_1712,niihau_1_1959_9831_12576.jpg,Plastic_ETC,plastic_other,0.474,21.9991788,-160.0654844,1.25,1.12,1.403,3.37,2.24,11.22,1인,S069
1_1960_1080_6589_1725,niihau_1_1960_1080_6589.jpg,Styrofoam_Piece,eps_fragment,0.723,21.9987959,-160.0623946,0.77,0.75,0.579,0.35,0.23,1.16,1인,S070
1_1960_1080_6589_1726,niihau_1_1960_1080_6589.jpg,Styrofoam_Piece,eps_fragment,0.632,21.9988059,-160.0624028,0.66,0.65,0.433,0.26,0.17,0.87,1인,S070
1_1960_1080_6589_1727,niihau_1_1960_1080_6589.jpg,plastic debris,plastic_other,0.323,21.9988280,-160.0624310,0.60,0.59,0.352,0.84,0.56,2.82,1인,S070
1_1960_1676_8354_1732,niihau_1_1960_1676_8354.jpg,Plastic_Buoy,plastic_buoy,0.755,21.9984780,-160.0622765,1.34,1.28,1.724,31.03,15.52,41.38,2인,S071
1_1960_1676_8354_1733,niihau_1_1960_1676_8354.jpg,plastic debris,plastic_other,0.425,21.9984773,-160.0622882,0.55,0.53,0.294,0.71,0.47,2.36,1인,S071
1_1960_1997_9575_1747,niihau_1_1960_1997_9575.jpg,Plastic_ETC,plastic_other,0.776,21.9982766,-160.0622001,0.57,0.57,0.328,0.79,0.53,2.63,1인,S072
1_1960_1997_9575_1748,niihau_1_1960_1997_9575.jpg,Plastic_Buoy_China,plastic_buoy,0.474,21.9982045,-160.0622077,0.73,0.71,0.520,9.35,4.68,12.47,1인,S072
1_1960_1997_9575_1749,niihau_1_1960_1997_9575.jpg,plastic debris,plastic_other,0.463,21.9982196,-160.0622278,0.60,0.59,0.351,0.84,0.56,2.81,1인,S072
1_1960_1997_9575_1750,niihau_1_1960_1997_9575.jpg,plastic debris,plastic_other,0.413,21.9982020,-160.0622113,0.60,0.51,0.303,0.73,0.48,2.42,1인,S072
1_1960_1997_9575_1751,niihau_1_1960_1997_9575.jpg,plastic debris,plastic_other,0.400,21.9982920,-160.0621732,0.91,0.80,0.730,1.75,1.17,5.84,1인,S072
1_1960_1997_9575_1752,niihau_1_1960_1997_9575.jpg,plastic debris,plastic_other,0.327,21.9982846,-160.0621591,0.65,0.64,0.417,1.00,0.67,3.34,1인,S072
1_1960_2633_9841_1767,niihau_1_1960_2633_9841.jpg,Plastic_ETC,plastic_other,0.784,21.9982521,-160.0621092,2.08,2.05,4.269,10.25,6.83,34.16,2인,S072
1_1960_2633_9841_1768,niihau_1_1960_2633_9841.jpg,Net,net,0.636,21.9981793,-160.0620772,0.58,0.55,0.317,5.71,2.38,14.29,1인,S072
1_1960_2633_9841_1769,niihau_1_1960_2633_9841.jpg,Net,net,0.580,21.9981686,-160.0621005,0.62,0.57,0.353,6.35,2.64,15.87,1인,S072
1_1960_2633_9841_1770,niihau_1_1960_2633_9841.jpg,Net,net,0.523,21.9981667,-160.0620666,0.59,0.57,0.337,6.06,2.52,15.14,1인,S072
1_1960_2633_9841_1771,niihau_1_1960_2633_9841.jpg,plastic debris,plastic_other,0.499,21.9981914,-160.0620762,0.54,0.52,0.280,0.67,0.45,2.24,1인,S072
1_1960_2633_9841_1772,niihau_1_1960_2633_9841.jpg,Plastic_Buoy_China,plastic_buoy,0.472,21.9981689,-160.0620857,0.82,0.70,0.580,10.43,5.22,13.91,1인,S072
1_1960_2633_9841_1773,niihau_1_1960_2633_9841.jpg,Net,net,0.472,21.9982509,-160.0620803,0.66,0.63,0.420,7.56,3.15,18.89,1인,S072
1_1960_2633_9841_1774,niihau_1_1960_2633_9841.jpg,plastic debris,plastic_other,0.434,21.9982215,-160.0620773,1.32,1.26,1.670,4.01,2.67,13.36,1인,S072
1_1960_2633_9841_1775,niihau_1_1960_2633_9841.jpg,plastic debris,plastic_other,0.427,21.9982193,-160.0621159,0.55,0.49,0.272,0.65,0.43,2.17,1인,S072
1_1960_2633_9841_1776,niihau_1_1960_2633_9841.jpg,plastic debris,plastic_other,0.426,21.9981736,-160.0620768,0.51,0.45,0.229,0.55,0.37,1.83,1인,S072
1_1960_2633_9841_1777,niihau_1_1960_2633_9841.jpg,plastic debris,plastic_other,0.405,21.9981606,-160.0621173,0.52,0.50,0.259,0.62,0.42,2.08,1인,S072
1_1960_2633_9841_1778,niihau_1_1960_2633_9841.jpg,plastic debris,plastic_other,0.399,21.9981764,-160.0620604,0.54,0.52,0.278,0.67,0.44,2.22,1인,S072
1_1960_2633_9841_1779,niihau_1_1960_2633_9841.jpg,Net,net,0.384,21.9982431,-160.0621342,0.74,0.74,0.552,9.93,4.14,24.83,2인,S072
1_1960_2633_9841_1780,niihau_1_1960_2633_9841.jpg,plastic debris,plastic_other,0.343,21.9982149,-160.0620413,0.75,0.69,0.512,1.23,0.82,4.09,1인,S072
1_1960_2633_9841_1781,niihau_1_1960_2633_9841.jpg,plastic debris,plastic_other,0.312,21.9982353,-160.0620832,0.60,0.59,0.359,0.86,0.57,2.87,1인,S072
1_1960_2633_9841_1782,niihau_1_1960_2633_9841.jpg,plastic debris,plastic_other,0.310,21.9982070,-160.0620882,0.95,0.86,0.812,1.95,1.30,6.50,1인,S072
1_1960_2867_8620_1829,niihau_1_1960_2867_8620.jpg,plastic debris,plastic_other,0.625,21.9983871,-160.0620597,0.66,0.65,0.429,1.03,0.69,3.43,1인,S073
1_1960_2867_8620_1830,niihau_1_1960_2867_8620.jpg,Net,net,0.530,21.9984433,-160.0620923,0.61,0.57,0.346,6.22,2.59,15.55,1인,S071
1_1960_2867_8620_1831,niihau_1_1960_2867_8620.jpg,Net,net,0.424,21.9984649,-160.0620967,0.69,0.65,0.447,8.05,3.35,20.12,1인,S071
1_1960_2867_8620_1832,niihau_1_1960_2867_8620.jpg,Net,net,0.401,21.9984358,-160.0620973,0.65,0.59,0.385,6.94,2.89,17.35,1인,S071
1_1960_2867_8620_1833,niihau_1_1960_2867_8620.jpg,plastic debris,plastic_other,0.313,21.9984207,-160.0620444,0.55,0.54,0.300,0.72,0.48,2.40,1인,S073
1_1994_16686_13302_1859,niihau_1_1994_16686_13302.jpg,plastic debris,plastic_other,0.545,22.0034014,-160.0881150,0.51,0.50,0.255,0.61,0.41,2.04,1인,S074
1_1994_16686_13302_1860,niihau_1_1994_16686_13302.jpg,Plastic_ETC,plastic_other,0.445,22.0034092,-160.0880994,1.24,1.14,1.408,3.38,2.25,11.27,1인,S074
1_1994_16686_13302_1861,niihau_1_1994_16686_13302.jpg,plastic debris,plastic_other,0.435,22.0034042,-160.0881339,0.59,0.56,0.330,0.79,0.53,2.64,1인,S074
1_1994_16686_13302_1862,niihau_1_1994_16686_13302.jpg,Net,net,0.420,22.0033846,-160.0880950,0.64,0.60,0.385,6.94,2.89,17.35,1인,S074
1_1994_16686_13302_1863,niihau_1_1994_16686_13302.jpg,plastic debris,plastic_other,0.401,22.0034364,-160.0881372,0.57,0.54,0.305,0.73,0.49,2.44,1인,S075
1_1994_16686_13302_1864,niihau_1_1994_16686_13302.jpg,Plastic_Buoy,plastic_buoy,0.396,22.0033853,-160.0880539,0.59,0.56,0.335,6.02,3.01,8.03,1인,S074
1_1994_16686_13302_1865,niihau_1_1994_16686_13302.jpg,PET_Bottle,pet_bottle,0.368,22.0034354,-160.0881122,0.38,0.36,0.138,0.27,0.23,0.45,1인,S075
1_1994_16686_13302_1866,niihau_1_1994_16686_13302.jpg,plastic debris,plastic_other,0.365,22.0034243,-160.0881561,0.71,0.68,0.478,1.15,0.76,3.82,1인,S074
1_1994_16686_13302_1867,niihau_1_1994_16686_13302.jpg,plastic debris,plastic_other,0.349,22.0034660,-160.0880791,0.62,0.29,0.178,0.43,0.29,1.43,1인,S075
1_1994_16686_13302_1868,niihau_1_1994_16686_13302.jpg,plastic debris,plastic_other,0.312,22.0034169,-160.0880921,0.58,0.56,0.322,0.77,0.52,2.58,1인,S074
1_1994_16823_12215_1896,niihau_1_1994_16823_12215.jpg,Net,net,0.811,22.0035779,-160.0881194,0.61,0.59,0.358,6.44,2.68,16.10,1인,S075
1_1994_16823_12215_1897,niihau_1_1994_16823_12215.jpg,Plastic_Buoy_China,plastic_buoy,0.721,22.0036063,-160.0880749,0.79,0.76,0.603,10.85,5.42,14.46,1인,S075
1_1994_16823_12215_1898,niihau_1_1994_16823_12215.jpg,plastic debris,plastic_other,0.487,22.0035944,-160.0880543,2.45,2.26,5.538,13.29,8.86,44.30,2인,S075
1_1994_16823_12215_1899,niihau_1_1994_16823_12215.jpg,plastic debris,plastic_other,0.341,22.0036014,-160.0880237,0.71,0.70,0.499,1.20,0.80,3.99,1인,S075
1_1998_17802_3785_1910,niihau_1_1998_17802_3785.jpg,Plastic_ETC,plastic_other,0.378,22.0022073,-160.0685176,2.28,1.45,3.303,7.93,5.28,26.42,2인,S076
1_1998_17802_3785_1911,niihau_1_1998_17802_3785.jpg,Styrofoam_Buoy,eps_buoy,0.346,22.0022632,-160.0685066,1.97,0.85,1.677,14.67,6.29,16.77,1인,S076
1_1998_6682_5959_1928,niihau_1_1998_6682_5959.jpg,plastic debris,plastic_other,0.484,22.0018280,-160.0706250,0.42,0.41,0.173,0.41,0.28,1.38,1인,S077
1_1998_6682_5959_1929,niihau_1_1998_6682_5959.jpg,plastic debris,plastic_other,0.451,22.0017519,-160.0706954,0.50,0.49,0.246,0.59,0.39,1.97,1인,S077
1_1998_6682_5959_1930,niihau_1_1998_6682_5959.jpg,plastic debris,plastic_other,0.390,22.0018318,-160.0706187,0.64,0.59,0.380,0.91,0.61,3.04,1인,S077
1_1998_6682_5959_1931,niihau_1_1998_6682_5959.jpg,plastic debris,plastic_other,0.328,22.0017559,-160.0706271,0.59,0.59,0.352,0.84,0.56,2.82,1인,S077
1_1998_6682_5959_1932,niihau_1_1998_6682_5959.jpg,plastic debris,plastic_other,0.322,22.0018048,-160.0706809,0.96,0.86,0.825,1.98,1.32,6.60,1인,S077
1_1998_6682_5959_1933,niihau_1_1998_6682_5959.jpg,Plastic_Buoy_China,plastic_buoy,0.321,22.0017470,-160.0706548,0.81,0.52,0.422,7.59,3.80,10.12,1인,S077
1_1998_6682_5959_1934,niihau_1_1998_6682_5959.jpg,plastic debris,plastic_other,0.315,22.0017986,-160.0706562,2.78,1.15,3.189,7.65,5.10,25.51,2인,S077
1_201_15921_3111_1948,niihau_1_201_15921_3111.jpg,Plastic_ETC,plastic_other,0.696,21.8051492,-160.2405128,1.88,1.61,3.031,7.27,4.85,24.25,2인,S078
1_201_15921_3111_1949,niihau_1_201_15921_3111.jpg,Styrofoam_Buoy,eps_buoy,0.599,21.8051821,-160.2405376,2.27,1.91,4.337,37.95,16.27,43.37,2인,S078
1_201_25860_6614_1961,niihau_1_201_25860_6614.jpg,Styrofoam_Buoy,eps_buoy,0.754,21.8045306,-160.2385812,2.93,2.89,8.468,74.09,31.75,84.68,장비,S079
1_201_25860_6614_1962,niihau_1_201_25860_6614.jpg,Styrofoam_Piece,eps_fragment,0.677,21.8044876,-160.2386281,0.98,0.95,0.931,0.56,0.37,1.86,1인,S079
1_201_25860_6614_1963,niihau_1_201_25860_6614.jpg,Plastic_ETC,plastic_other,0.600,21.8045821,-160.2386268,0.82,0.76,0.624,1.50,1.00,4.99,1인,S079
1_201_25860_6614_1964,niihau_1_201_25860_6614.jpg,Plastic_ETC,plastic_other,0.556,21.8045351,-160.2386229,0.74,0.70,0.521,1.25,0.83,4.17,1인,S079
1_201_25860_6614_1965,niihau_1_201_25860_6614.jpg,Net,net,0.537,21.8045409,-160.2386021,0.68,0.64,0.438,7.89,3.29,19.72,1인,S079
1_201_25860_6614_1966,niihau_1_201_25860_6614.jpg,plastic debris,plastic_other,0.455,21.8045352,-160.2386063,0.74,0.72,0.537,1.29,0.86,4.30,1인,S079
1_201_25860_6614_1967,niihau_1_201_25860_6614.jpg,Plastic_Buoy_China,plastic_buoy,0.452,21.8044755,-160.2385817,0.89,0.49,0.437,7.87,3.94,10.50,1인,S079
1_201_25860_6614_1968,niihau_1_201_25860_6614.jpg,PET_Bottle,pet_bottle,0.408,21.8045771,-160.2385588,0.94,0.87,0.819,1.62,1.35,2.70,1인,S079
1_201_25860_6614_1969,niihau_1_201_25860_6614.jpg,PET_Bottle,pet_bottle,0.326,21.8045752,-160.2385666,1.10,0.95,1.043,2.07,1.72,3.44,1인,S079
1_282_1214_8105_1984,niihau_1_282_1214_8105.jpg,Plastic_Buoy,plastic_buoy,0.643,21.8128140,-160.2424781,0.61,0.60,0.361,6.49,3.24,8.65,1인,S080
1_282_1214_8105_1985,niihau_1_282_1214_8105.jpg,plastic debris,plastic_other,0.540,21.8128459,-160.2424629,0.56,0.55,0.306,0.73,0.49,2.45,1인,S080
1_282_1214_8105_1986,niihau_1_282_1214_8105.jpg,plastic debris,plastic_other,0.503,21.8128065,-160.2424238,0.58,0.55,0.321,0.77,0.51,2.56,1인,S080
1_282_1214_8105_1987,niihau_1_282_1214_8105.jpg,plastic debris,plastic_other,0.484,21.8128011,-160.2424357,1.40,1.20,1.681,4.03,2.69,13.45,1인,S080
1_282_1214_8105_1988,niihau_1_282_1214_8105.jpg,plastic debris,plastic_other,0.397,21.8128192,-160.2424224,0.46,0.46,0.211,0.51,0.34,1.69,1인,S080
1_282_1214_8105_1989,niihau_1_282_1214_8105.jpg,Styrofoam_Piece,eps_fragment,0.330,21.8127670,-160.2424598,0.84,0.80,0.671,0.40,0.27,1.34,1인,S080
1_361_8555_12897_2019,niihau_1_361_8555_12897.jpg,Plastic_ETC,plastic_other,0.314,21.8214311,-160.2458274,1.44,1.11,1.602,3.85,2.56,12.82,1인,S081
1_361_9180_16341_2022,niihau_1_361_9180_16341.jpg,Plastic_Buoy_China,plastic_buoy,0.349,21.8207455,-160.2457013,0.75,0.52,0.386,6.95,3.48,9.27,1인,S082
1_361_9180_16341_2023,niihau_1_361_9180_16341.jpg,plastic debris,plastic_other,0.324,21.8208023,-160.2456672,0.59,0.58,0.340,0.82,0.54,2.72,1인,S082
1_361_9361_9299_2034,niihau_1_361_9361_9299.jpg,Styrofoam_Piece,eps_fragment,0.552,21.8220249,-160.2456993,0.57,0.55,0.314,0.19,0.13,0.63,1인,S083
1_361_9361_9299_2035,niihau_1_361_9361_9299.jpg,plastic debris,plastic_other,0.521,21.8221260,-160.2456938,0.64,0.63,0.405,0.97,0.65,3.24,1인,S083
1_361_9361_9299_2036,niihau_1_361_9361_9299.jpg,Plastic_Buoy,plastic_buoy,0.363,21.8221189,-160.2457295,0.57,0.56,0.318,5.73,2.86,7.64,1인,S083
1_361_9550_16467_2044,niihau_1_361_9550_16467.jpg,plastic debris,plastic_other,0.452,21.8207444,-160.2457005,0.77,0.51,0.393,0.94,0.63,3.14,1인,S082
1_401_10018_4886_2067,niihau_1_401_10018_4886.jpg,plastic debris,plastic_other,0.688,21.8274019,-160.2450946,0.75,0.74,0.553,1.33,0.88,4.42,1인,S084
1_401_10018_4886_2068,niihau_1_401_10018_4886.jpg,Plastic_Buoy,plastic_buoy,0.637,21.8273858,-160.2451282,0.63,0.62,0.391,7.04,3.52,9.38,1인,S084
1_401_10018_4886_2069,niihau_1_401_10018_4886.jpg,plastic debris,plastic_other,0.482,21.8274292,-160.2451585,0.63,0.54,0.339,0.81,0.54,2.71,1인,S084
1_401_10018_4886_2070,niihau_1_401_10018_4886.jpg,plastic debris,plastic_other,0.481,21.8274295,-160.2450882,0.56,0.54,0.301,0.72,0.48,2.41,1인,S084
1_401_10018_4886_2071,niihau_1_401_10018_4886.jpg,Plastic_ETC,plastic_other,0.396,21.8274549,-160.2451850,0.44,0.23,0.102,0.24,0.16,0.82,1인,S084
1_401_10018_4886_2072,niihau_1_401_10018_4886.jpg,plastic debris,plastic_other,0.375,21.8273949,-160.2451342,0.64,0.63,0.403,0.97,0.64,3.22,1인,S084
1_401_10018_4886_2073,niihau_1_401_10018_4886.jpg,plastic debris,plastic_other,0.309,21.8273479,-160.2451847,0.64,0.38,0.244,0.58,0.39,1.95,1인,S084
1_401_10109_4422_2086,niihau_1_401_10109_4422.jpg,Plastic_Buoy,plastic_buoy,0.706,21.8274908,-160.2450930,0.68,0.67,0.455,8.20,4.10,10.93,1인,S084
1_401_10109_4422_2087,niihau_1_401_10109_4422.jpg,Plastic_ETC,plastic_other,0.628,21.8274975,-160.2451485,0.70,0.65,0.457,1.10,0.73,3.66,1인,S084
1_401_10109_4422_2088,niihau_1_401_10109_4422.jpg,plastic debris,plastic_other,0.527,21.8274611,-160.2450901,0.51,0.46,0.234,0.56,0.38,1.88,1인,S084
1_401_10109_4422_2089,niihau_1_401_10109_4422.jpg,plastic debris,plastic_other,0.485,21.8275305,-160.2450654,0.73,0.71,0.518,1.24,0.83,4.14,1인,S084
1_401_10109_4422_2090,niihau_1_401_10109_4422.jpg,plastic debris,plastic_other,0.477,21.8274642,-160.2451115,0.81,0.70,0.568,1.36,0.91,4.54,1인,S084
1_401_10109_4422_2091,niihau_1_401_10109_4422.jpg,plastic debris,plastic_other,0.423,21.8274294,-160.2451584,0.66,0.56,0.365,0.88,0.58,2.92,1인,S084
1_401_10109_4422_2092,niihau_1_401_10109_4422.jpg,plastic debris,plastic_other,0.400,21.8275014,-160.2451521,0.62,0.60,0.374,0.90,0.60,2.99,1인,S084
1_401_9709_4565_2107,niihau_1_401_9709_4565.jpg,Plastic_ETC,plastic_other,0.634,21.8274565,-160.2451856,0.62,0.61,0.377,0.91,0.60,3.02,1인,S084
1_401_9709_4565_2108,niihau_1_401_9709_4565.jpg,Plastic_ETC,plastic_other,0.631,21.8274974,-160.2451487,0.65,0.62,0.406,0.97,0.65,3.25,1인,S084
1_401_9709_4565_2109,niihau_1_401_9709_4565.jpg,plastic debris,plastic_other,0.465,21.8274292,-160.2451584,0.64,0.52,0.329,0.79,0.53,2.63,1인,S084
1_401_9709_4565_2110,niihau_1_401_9709_4565.jpg,plastic debris,plastic_other,0.388,21.8275013,-160.2451522,0.61,0.58,0.350,0.84,0.56,2.80,1인,S084
1_401_9709_4565_2111,niihau_1_401_9709_4565.jpg,plastic debris,plastic_other,0.386,21.8274331,-160.2451517,0.50,0.48,0.240,0.58,0.38,1.92,1인,S084
1_441_11574_13874_2133,niihau_1_441_11574_13874.jpg,Styrofoam_Piece,eps_fragment,0.513,21.8303137,-160.2439636,0.77,0.72,0.560,0.34,0.22,1.12,1인,S085
1_441_11574_13874_2134,niihau_1_441_11574_13874.jpg,Plastic_Buoy,plastic_buoy,0.429,21.8302850,-160.2439607,0.77,0.76,0.587,10.57,5.28,14.09,1인,S085
1_441_11574_13874_2135,niihau_1_441_11574_13874.jpg,plastic debris,plastic_other,0.426,21.8303076,-160.2439694,0.69,0.67,0.461,1.11,0.74,3.69,1인,S085
1_441_11574_13874_2136,niihau_1_441_11574_13874.jpg,plastic debris,plastic_other,0.425,21.8302621,-160.2439091,0.44,0.42,0.185,0.44,0.30,1.48,1인,S085
1_441_11574_13874_2137,niihau_1_441_11574_13874.jpg,plastic debris,plastic_other,0.371,21.8303628,-160.2439362,0.48,0.47,0.225,0.54,0.36,1.80,1인,S085
1_441_11574_13874_2138,niihau_1_441_11574_13874.jpg,plastic debris,plastic_other,0.327,21.8303228,-160.2439928,0.77,0.76,0.586,1.41,0.94,4.69,1인,S085
1_441_11574_13874_2139,niihau_1_441_11574_13874.jpg,plastic debris,plastic_other,0.317,21.8303143,-160.2439098,0.75,0.47,0.355,0.85,0.57,2.84,1인,S085
1_441_11892_14074_2175,niihau_1_441_11892_14074.jpg,Styrofoam_Piece,eps_fragment,0.493,21.8303139,-160.2439635,0.76,0.74,0.562,0.34,0.22,1.12,1인,S085
1_441_11892_14074_2176,niihau_1_441_11892_14074.jpg,plastic debris,plastic_other,0.444,21.8302165,-160.2439412,0.65,0.58,0.377,0.91,0.60,3.02,1인,S085
1_441_11892_14074_2177,niihau_1_441_11892_14074.jpg,plastic debris,plastic_other,0.359,21.8302503,-160.2438909,0.80,0.80,0.638,1.53,1.02,5.11,1인,S085
1_441_11892_14074_2178,niihau_1_441_11892_14074.jpg,plastic debris,plastic_other,0.346,21.8302618,-160.2439089,0.49,0.48,0.238,0.57,0.38,1.91,1인,S085
1_441_11892_14074_2179,niihau_1_441_11892_14074.jpg,plastic debris,plastic_other,0.322,21.8302745,-160.2439019,0.61,0.59,0.361,0.87,0.58,2.89,1인,S085
1_441_13487_654_2199,niihau_1_441_13487_654.jpg,Styrofoam_Piece,eps_fragment,0.753,21.8327408,-160.2436731,1.19,1.12,1.331,0.80,0.53,2.66,1인,S086
1_441_13487_654_2200,niihau_1_441_13487_654.jpg,Styrofoam_Piece,eps_fragment,0.575,21.8326988,-160.2436201,1.04,0.93,0.967,0.58,0.39,1.93,1인,S086
1_441_13487_654_2201,niihau_1_441_13487_654.jpg,plastic debris,plastic_other,0.306,21.8327175,-160.2436788,0.86,0.65,0.562,1.35,0.90,4.49,1인,S086
1_481_7968_6631_2209,niihau_1_481_7968_6631.jpg,Plastic_ETC,plastic_other,0.743,21.8360822,-160.2442845,0.85,0.59,0.497,1.19,0.80,3.98,1인,S087
1_481_7968_6631_2210,niihau_1_481_7968_6631.jpg,Plastic_Buoy,plastic_buoy,0.667,21.8361108,-160.2443320,0.61,0.58,0.352,6.34,3.17,8.45,1인,S087
1_481_7968_6631_2211,niihau_1_481_7968_6631.jpg,Styrofoam_Piece,eps_fragment,0.643,21.8360920,-160.2442492,0.60,0.60,0.359,0.22,0.14,0.72,1인,S087
1_481_7968_6631_2212,niihau_1_481_7968_6631.jpg,plastic debris,plastic_other,0.535,21.8361632,-160.2442940,0.57,0.56,0.316,0.76,0.51,2.53,1인,S087
1_481_7968_6631_2213,niihau_1_481_7968_6631.jpg,Plastic_ETC,plastic_other,0.520,21.8360878,-160.2443531,1.34,1.29,1.725,4.14,2.76,13.80,1인,S087
1_481_7968_6631_2214,niihau_1_481_7968_6631.jpg,Styrofoam_Piece,eps_fragment,0.464,21.8360915,-160.2443080,0.72,0.70,0.504,0.30,0.20,1.01,1인,S087
1_481_7968_6631_2215,niihau_1_481_7968_6631.jpg,plastic debris,plastic_other,0.379,21.8361384,-160.2443009,2.30,2.12,4.866,11.68,7.79,38.93,2인,S087
1_481_7968_6631_2216,niihau_1_481_7968_6631.jpg,Plastic_ETC,plastic_other,0.333,21.8361929,-160.2442447,0.84,0.56,0.473,1.14,0.76,3.79,1인,S087
1_521_1531_3607_2221,niihau_1_521_1531_3607.jpg,Plastic_Buoy,plastic_buoy,0.746,21.8411887,-160.2463405,0.68,0.66,0.446,8.02,4.01,10.70,1인,S088
1_601_11934_12348_2250,niihau_1_601_11934_12348.jpg,Plastic_Buoy,plastic_buoy,0.668,21.8478622,-160.2437162,0.55,0.54,0.297,5.35,2.67,7.13,1인,S089
1_601_11934_12348_2251,niihau_1_601_11934_12348.jpg,plastic debris,plastic_other,0.592,21.8478131,-160.2437301,2.95,2.93,8.667,20.80,13.87,69.34,장비,S089
1_601_11934_12348_2252,niihau_1_601_11934_12348.jpg,Plastic_ETC,plastic_other,0.355,21.8477668,-160.2437421,1.02,1.01,1.036,2.49,1.66,8.29,1인,S089
1_601_11934_12348_2253,niihau_1_601_11934_12348.jpg,Plastic_Buoy,plastic_buoy,0.340,21.8477916,-160.2437157,0.76,0.71,0.543,9.78,4.89,13.04,1인,S089
1_601_11934_12348_2254,niihau_1_601_11934_12348.jpg,plastic debris,plastic_other,0.328,21.8478587,-160.2437284,1.45,1.42,2.059,4.94,3.29,16.47,1인,S089
1_601_11934_12348_2255,niihau_1_601_11934_12348.jpg,plastic debris,plastic_other,0.303,21.8478522,-160.2437143,1.27,1.24,1.573,3.77,2.52,12.58,1인,S089
1_683_16131_14511_2270,niihau_1_683_16131_14511.jpg,plastic debris,plastic_other,0.518,21.8574008,-160.2351988,1.27,1.19,1.515,3.64,2.42,12.12,1인,S090
1_724_7532_842_2272,niihau_1_724_7532_842.jpg,plastic debris,plastic_other,0.523,21.8644297,-160.2321485,0.70,0.68,0.472,1.13,0.76,3.78,1인,S091
1_724_7532_842_2273,niihau_1_724_7532_842.jpg,Plastic_ETC,plastic_other,0.339,21.8643936,-160.2321585,2.10,1.93,4.045,9.71,6.47,32.36,2인,S091
1_724_7546_5105_2274,niihau_1_724_7546_5105.jpg,PET_Bottle,pet_bottle,0.535,21.8636248,-160.2321354,0.98,0.87,0.853,1.69,1.41,2.81,1인,S092
1_724_7546_5105_2275,niihau_1_724_7546_5105.jpg,plastic debris,plastic_other,0.394,21.8636477,-160.2321374,1.12,0.97,1.089,2.61,1.74,8.71,1인,S092
1_804_2504_23196_2280,niihau_1_804_2504_23196.jpg,plastic debris,plastic_other,0.577,21.8694188,-160.2331622,1.36,1.30,1.774,4.26,2.84,14.19,1인,S093
1_804_2504_23196_2281,niihau_1_804_2504_23196.jpg,plastic debris,plastic_other,0.377,21.8694630,-160.2331690,0.62,0.60,0.368,0.88,0.59,2.94,1인,S093
1_804_5758_13972_2290,niihau_1_804_5758_13972.jpg,Plastic_Buoy,plastic_buoy,0.765,21.8710514,-160.2325876,0.61,0.61,0.372,6.70,3.35,8.94,1인,S094
1_804_5758_13972_2291,niihau_1_804_5758_13972.jpg,Plastic_Buoy,plastic_buoy,0.365,21.8711462,-160.2325798,0.52,0.27,0.141,2.55,1.27,3.40,1인,S094
1_844_9585_12329_2302,niihau_1_844_9585_12329.jpg,Net,net,0.629,21.8759384,-160.2318055,0.74,0.73,0.543,9.77,4.07,24.41,2인,S095
1_844_9585_12329_2303,niihau_1_844_9585_12329.jpg,plastic debris,plastic_other,0.435,21.8758949,-160.2318160,0.65,0.64,0.411,0.99,0.66,3.29,1인,S095
1_884_12586_21274_2313,niihau_1_884_12586_21274.jpg,Plastic_Buoy_China,plastic_buoy,0.778,21.8788684,-160.2292255,0.69,0.69,0.476,8.56,4.28,11.41,1인,S096
1_884_12586_21274_2314,niihau_1_884_12586_21274.jpg,Plastic_ETC,plastic_other,0.539,21.8788951,-160.2291845,1.24,1.21,1.506,3.61,2.41,12.05,1인,S096
1_884_12586_21274_2315,niihau_1_884_12586_21274.jpg,plastic debris,plastic_other,0.470,21.8787911,-160.2292086,1.45,1.25,1.811,4.35,2.90,14.49,1인,S096
1_884_12586_21274_2316,niihau_1_884_12586_21274.jpg,plastic debris,plastic_other,0.452,21.8788287,-160.2292348,0.65,0.60,0.387,0.93,0.62,3.10,1인,S096
1_884_12586_21274_2317,niihau_1_884_12586_21274.jpg,PET_Bottle,pet_bottle,0.398,21.8788884,-160.2292473,0.83,0.78,0.650,1.29,1.07,2.14,1인,S096
1_884_12586_21274_2318,niihau_1_884_12586_21274.jpg,plastic debris,plastic_other,0.358,21.8787876,-160.2292826,0.61,0.60,0.366,0.88,0.59,2.93,1인,S096
1_884_12586_21274_2319,niihau_1_884_12586_21274.jpg,plastic debris,plastic_other,0.344,21.8788055,-160.2292419,2.14,1.75,3.735,8.96,5.98,29.88,2인,S096
1_884_12586_21274_2320,niihau_1_884_12586_21274.jpg,plastic debris,plastic_other,0.328,21.8788430,-160.2292346,1.16,1.07,1.250,3.00,2.00,10.00,1인,S096
1_884_12586_21274_2321,niihau_1_884_12586_21274.jpg,PET_Bottle,pet_bottle,0.315,21.8788553,-160.2292296,1.17,1.15,1.349,2.67,2.23,4.45,1인,S096
2_1090_7197_4511_2345,niihau_2_1090_7197_4511.jpg,Plastic_ETC,plastic_other,0.791,21.9167943,-160.0804827,0.78,0.76,0.590,1.42,0.94,4.72,1인,S097
2_1090_7197_4511_2346,niihau_2_1090_7197_4511.jpg,Styrofoam_Buoy,eps_buoy,0.719,21.9168221,-160.0804733,1.29,1.17,1.516,13.26,5.68,15.16,1인,S097
2_1090_7197_4511_2347,niihau_2_1090_7197_4511.jpg,PET_Bottle,pet_bottle,0.582,21.9167383,-160.0804819,0.84,0.68,0.570,1.13,0.94,1.88,1인,S098
2_1090_7197_4511_2348,niihau_2_1090_7197_4511.jpg,Net,net,0.417,21.9168040,-160.0804778,0.66,0.62,0.412,7.41,3.09,18.52,1인,S097
2_1090_7197_4511_2349,niihau_2_1090_7197_4511.jpg,plastic debris,plastic_other,0.390,21.9167781,-160.0805038,0.78,0.78,0.612,1.47,0.98,4.90,1인,S098
2_1090_7197_4511_2350,niihau_2_1090_7197_4511.jpg,plastic debris,plastic_other,0.383,21.9167948,-160.0805147,0.51,0.45,0.232,0.56,0.37,1.85,1인,S097
2_1090_7197_4511_2351,niihau_2_1090_7197_4511.jpg,PET_Bottle,pet_bottle,0.342,21.9168125,-160.0805072,0.78,0.60,0.469,0.93,0.77,1.55,1인,S097
2_1090_7197_4511_2352,niihau_2_1090_7197_4511.jpg,plastic debris,plastic_other,0.311,21.9167482,-160.0804789,0.41,0.39,0.162,0.39,0.26,1.29,1인,S098
2_1090_7197_4511_2353,niihau_2_1090_7197_4511.jpg,plastic debris,plastic_other,0.311,21.9167697,-160.0805099,0.50,0.47,0.236,0.57,0.38,1.89,1인,S098
2_1090_7516_5416_2375,niihau_2_1090_7516_5416.jpg,PET_Bottle,pet_bottle,0.715,21.9166632,-160.0804584,0.58,0.54,0.315,0.62,0.52,1.04,1인,S098
2_1090_7516_5416_2376,niihau_2_1090_7516_5416.jpg,Plastic_ETC,plastic_other,0.625,21.9166013,-160.0804819,0.82,0.75,0.617,1.48,0.99,4.93,1인,S098
2_1090_7516_5416_2377,niihau_2_1090_7516_5416.jpg,PET_Bottle,pet_bottle,0.574,21.9166107,-160.0804666,0.73,0.67,0.489,0.97,0.81,1.61,1인,S098
2_1090_7516_5416_2378,niihau_2_1090_7516_5416.jpg,PET_Bottle,pet_bottle,0.569,21.9165917,-160.0804686,0.77,0.75,0.579,1.15,0.96,1.91,1인,S098
2_1090_7516_5416_2379,niihau_2_1090_7516_5416.jpg,PET_Bottle,pet_bottle,0.566,21.9166309,-160.0804597,0.76,0.76,0.580,1.15,0.96,1.91,1인,S098
2_1090_7516_5416_2380,niihau_2_1090_7516_5416.jpg,Plastic_ETC,plastic_other,0.564,21.9166141,-160.0804714,0.73,0.70,0.510,1.22,0.82,4.08,1인,S098
2_1090_7516_5416_2381,niihau_2_1090_7516_5416.jpg,Plastic_Buoy,plastic_buoy,0.561,21.9166130,-160.0804421,0.55,0.55,0.301,5.42,2.71,7.23,1인,S098
2_1090_7516_5416_2382,niihau_2_1090_7516_5416.jpg,plastic debris,plastic_other,0.439,21.9165527,-160.0804571,0.60,0.44,0.263,0.63,0.42,2.10,1인,S098
2_1090_7516_5416_2383,niihau_2_1090_7516_5416.jpg,Styrofoam_Buoy,eps_buoy,0.436,21.9166078,-160.0804529,3.71,1.18,4.377,38.30,16.41,43.77,2인,S098
2_1090_7516_5416_2384,niihau_2_1090_7516_5416.jpg,plastic debris,plastic_other,0.396,21.9166061,-160.0804816,0.84,0.82,0.688,1.65,1.10,5.50,1인,S098
2_1090_7516_5416_2385,niihau_2_1090_7516_5416.jpg,Plastic_ETC,plastic_other,0.333,21.9166323,-160.0804891,1.68,1.53,2.576,6.18,4.12,20.61,1인,S098
2_1091_1896_27992_2395,niihau_2_1091_1896_27992.jpg,plastic debris,plastic_other,0.761,21.9125391,-160.0786359,0.69,0.67,0.467,1.12,0.75,3.73,1인,S099
2_1091_1896_27992_2396,niihau_2_1091_1896_27992.jpg,Net,net,0.708,21.9125325,-160.0786237,0.62,0.59,0.365,6.57,2.74,16.41,1인,S099
2_1091_1896_27992_2397,niihau_2_1091_1896_27992.jpg,Plastic_Buoy,plastic_buoy,0.703,21.9125013,-160.0786431,0.87,0.78,0.682,12.27,6.13,16.36,1인,S099
2_1091_1896_27992_2398,niihau_2_1091_1896_27992.jpg,Plastic_ETC,plastic_other,0.497,21.9125830,-160.0786292,1.09,0.95,1.032,2.48,1.65,8.26,1인,S099
2_1091_1896_27992_2399,niihau_2_1091_1896_27992.jpg,plastic debris,plastic_other,0.463,21.9125125,-160.0786614,0.50,0.49,0.242,0.58,0.39,1.94,1인,S099
2_1091_1896_27992_2400,niihau_2_1091_1896_27992.jpg,plastic debris,plastic_other,0.430,21.9124914,-160.0786040,1.50,1.43,2.154,5.17,3.45,17.23,1인,S099
2_1091_1896_27992_2401,niihau_2_1091_1896_27992.jpg,plastic debris,plastic_other,0.403,21.9125288,-160.0786740,0.56,0.54,0.305,0.73,0.49,2.44,1인,S099
2_1091_1896_27992_2402,niihau_2_1091_1896_27992.jpg,plastic debris,plastic_other,0.385,21.9125375,-160.0786714,0.84,0.78,0.658,1.58,1.05,5.27,1인,S099
2_1091_1896_27992_2403,niihau_2_1091_1896_27992.jpg,plastic debris,plastic_other,0.379,21.9125768,-160.0786552,0.70,0.64,0.448,1.07,0.72,3.58,1인,S099
2_1091_1896_27992_2404,niihau_2_1091_1896_27992.jpg,plastic debris,plastic_other,0.377,21.9124928,-160.0786384,1.30,1.29,1.669,4.01,2.67,13.35,1인,S099
2_1091_1896_27992_2405,niihau_2_1091_1896_27992.jpg,plastic debris,plastic_other,0.331,21.9125653,-160.0786266,0.67,0.64,0.426,1.02,0.68,3.41,1인,S099
2_1091_1896_27992_2406,niihau_2_1091_1896_27992.jpg,plastic debris,plastic_other,0.324,21.9125173,-160.0786641,0.51,0.50,0.256,0.61,0.41,2.05,1인,S099
2_1091_1945_28408_2423,niihau_2_1091_1945_28408.jpg,Plastic_Buoy,plastic_buoy,0.801,21.9124205,-160.0785843,0.69,0.67,0.461,8.31,4.15,11.08,1인,S099
2_1091_1945_28408_2424,niihau_2_1091_1945_28408.jpg,Plastic_Buoy,plastic_buoy,0.658,21.9125014,-160.0786430,0.90,0.82,0.736,13.24,6.62,17.66,1인,S099
2_1091_1945_28408_2425,niihau_2_1091_1945_28408.jpg,plastic debris,plastic_other,0.611,21.9124505,-160.0785881,0.69,0.67,0.461,1.11,0.74,3.69,1인,S099
2_1091_1945_28408_2426,niihau_2_1091_1945_28408.jpg,Styrofoam_Piece,eps_fragment,0.606,21.9124493,-160.0786311,0.89,0.88,0.784,0.47,0.31,1.57,1인,S099
2_1091_1945_28408_2427,niihau_2_1091_1945_28408.jpg,Plastic_ETC,plastic_other,0.502,21.9124664,-160.0786416,0.93,0.92,0.858,2.06,1.37,6.87,1인,S099
2_1091_1945_28408_2428,niihau_2_1091_1945_28408.jpg,plastic debris,plastic_other,0.443,21.9125124,-160.0786614,0.58,0.56,0.326,0.78,0.52,2.61,1인,S099
2_1091_1945_28408_2429,niihau_2_1091_1945_28408.jpg,plastic debris,plastic_other,0.409,21.9124759,-160.0786064,0.41,0.41,0.166,0.40,0.26,1.32,1인,S099
2_1091_1945_28408_2430,niihau_2_1091_1945_28408.jpg,plastic debris,plastic_other,0.370,21.9125084,-160.0785838,0.74,0.72,0.538,1.29,0.86,4.31,1인,S099
2_1091_1945_28408_2431,niihau_2_1091_1945_28408.jpg,plastic debris,plastic_other,0.352,21.9124916,-160.0786041,1.51,1.48,2.242,5.38,3.59,17.94,1인,S099
2_1091_1945_28408_2432,niihau_2_1091_1945_28408.jpg,plastic debris,plastic_other,0.340,21.9124255,-160.0785895,0.59,0.57,0.335,0.81,0.54,2.68,1인,S099
2_1091_2286_28703_2457,niihau_2_1091_2286_28703.jpg,Plastic_Buoy,plastic_buoy,0.746,21.9124205,-160.0785844,0.69,0.68,0.468,8.43,4.21,11.24,1인,S099
2_1091_2286_28703_2458,niihau_2_1091_2286_28703.jpg,Plastic_ETC,plastic_other,0.693,21.9123595,-160.0785762,0.86,0.83,0.709,1.70,1.14,5.68,1인,S099
2_1091_2286_28703_2459,niihau_2_1091_2286_28703.jpg,plastic debris,plastic_other,0.565,21.9123645,-160.0785595,0.70,0.70,0.488,1.17,0.78,3.91,1인,S099
2_1091_2286_28703_2460,niihau_2_1091_2286_28703.jpg,plastic debris,plastic_other,0.563,21.9123693,-160.0785635,0.79,0.76,0.604,1.45,0.97,4.83,1인,S099
2_1091_2286_28703_2461,niihau_2_1091_2286_28703.jpg,Styrofoam_Piece,eps_fragment,0.535,21.9124492,-160.0786310,0.85,0.84,0.709,0.43,0.28,1.42,1인,S099
2_1091_2286_28703_2462,niihau_2_1091_2286_28703.jpg,plastic debris,plastic_other,0.501,21.9124505,-160.0785881,0.67,0.65,0.436,1.05,0.70,3.49,1인,S099
2_1091_2286_28703_2463,niihau_2_1091_2286_28703.jpg,plastic debris,plastic_other,0.482,21.9123733,-160.0785824,0.52,0.51,0.267,0.64,0.43,2.13,1인,S099
2_1091_2286_28703_2464,niihau_2_1091_2286_28703.jpg,plastic debris,plastic_other,0.452,21.9123721,-160.0785410,0.62,0.60,0.367,0.88,0.59,2.94,1인,S099
2_1091_2286_28703_2465,niihau_2_1091_2286_28703.jpg,Plastic_ETC,plastic_other,0.387,21.9124669,-160.0786333,0.93,0.92,0.854,2.05,1.37,6.83,1인,S099
2_1091_2286_28703_2466,niihau_2_1091_2286_28703.jpg,Plastic_Buoy,plastic_buoy,0.362,21.9123850,-160.0785893,0.66,0.64,0.421,7.58,3.79,10.10,1인,S099
2_1091_2286_28703_2467,niihau_2_1091_2286_28703.jpg,plastic debris,plastic_other,0.328,21.9123696,-160.0785169,1.01,0.78,0.788,1.89,1.26,6.31,1인,S099
2_1091_2286_28703_2468,niihau_2_1091_2286_28703.jpg,plastic debris,plastic_other,0.314,21.9123870,-160.0785626,0.89,0.85,0.752,1.80,1.20,6.01,1인,S099
2_1091_2286_28703_2469,niihau_2_1091_2286_28703.jpg,plastic debris,plastic_other,0.304,21.9124009,-160.0785301,0.69,0.66,0.456,1.09,0.73,3.65,1인,S099
2_1091_4804_33026_2498,niihau_2_1091_4804_33026.jpg,PET_Bottle,pet_bottle,0.687,21.9116089,-160.0780949,0.81,0.75,0.606,1.20,1.00,2.00,1인,S100
2_1091_4804_33026_2499,niihau_2_1091_4804_33026.jpg,Plastic_ETC,plastic_other,0.638,21.9116593,-160.0781149,0.79,0.78,0.613,1.47,0.98,4.90,1인,S100
2_1091_4804_33026_2500,niihau_2_1091_4804_33026.jpg,plastic debris,plastic_other,0.448,21.9116773,-160.0780936,1.14,1.04,1.188,2.85,1.90,9.50,1인,S100
2_1091_4804_33026_2501,niihau_2_1091_4804_33026.jpg,plastic debris,plastic_other,0.439,21.9116273,-160.0781078,1.36,1.35,1.841,4.42,2.95,14.73,1인,S100
2_1091_4804_33026_2502,niihau_2_1091_4804_33026.jpg,Plastic_Buoy,plastic_buoy,0.383,21.9115821,-160.0780987,0.66,0.65,0.424,7.63,3.82,10.18,1인,S100
2_1139_8332_1045_2518,niihau_2_1139_8332_1045.jpg,Plastic_ETC,plastic_other,0.574,21.9236735,-160.0823454,0.77,0.75,0.580,1.39,0.93,4.64,1인,S101
2_1139_8332_1045_2519,niihau_2_1139_8332_1045.jpg,plastic debris,plastic_other,0.485,21.9236900,-160.0823585,1.17,1.04,1.221,2.93,1.95,9.77,1인,S101
2_1139_8332_1045_2520,niihau_2_1139_8332_1045.jpg,plastic debris,plastic_other,0.329,21.9237411,-160.0823850,1.70,1.54,2.630,6.31,4.21,21.04,1인,S101
2_1139_8462_1394_2525,niihau_2_1139_8462_1394.jpg,plastic debris,plastic_other,0.738,21.9236275,-160.0823458,0.70,0.68,0.472,1.13,0.75,3.77,1인,S101
2_1139_8462_1394_2526,niihau_2_1139_8462_1394.jpg,plastic debris,plastic_other,0.540,21.9236150,-160.0823368,0.79,0.78,0.616,1.48,0.99,4.93,1인,S101
2_1139_8462_1394_2527,niihau_2_1139_8462_1394.jpg,plastic debris,plastic_other,0.529,21.9236183,-160.0823432,0.79,0.74,0.590,1.42,0.94,4.72,1인,S101
2_1139_8462_1394_2528,niihau_2_1139_8462_1394.jpg,Styrofoam_Piece,eps_fragment,0.507,21.9236733,-160.0823454,0.74,0.73,0.538,0.32,0.22,1.08,1인,S101
2_1139_8462_1394_2529,niihau_2_1139_8462_1394.jpg,plastic debris,plastic_other,0.491,21.9236238,-160.0823218,0.94,0.72,0.677,1.63,1.08,5.42,1인,S101
2_1139_8462_1394_2530,niihau_2_1139_8462_1394.jpg,plastic debris,plastic_other,0.473,21.9236152,-160.0823523,0.61,0.59,0.359,0.86,0.57,2.87,1인,S101
2_1140_-40_1416_2536,niihau_2_1140_-40_1416.jpg,Plastic_ETC,plastic_other,0.540,21.9236237,-160.0823205,1.11,1.07,1.192,2.86,1.91,9.54,1인,S101
2_1140_-40_1416_2537,niihau_2_1140_-40_1416.jpg,Plastic_Buoy,plastic_buoy,0.508,21.9236165,-160.0822307,0.60,0.58,0.347,6.25,3.12,8.33,1인,S102
2_1140_1546_11517_2545,niihau_2_1140_1546_11517.jpg,plastic debris,plastic_other,0.382,21.9217553,-160.0819501,0.51,0.46,0.234,0.56,0.37,1.87,1인,S103
2_1140_265_4063_2561,niihau_2_1140_265_4063.jpg,Plastic_ETC,plastic_other,0.753,21.9231348,-160.0822258,0.77,0.66,0.508,1.22,0.81,4.06,1인,S104
2_1140_265_4063_2562,niihau_2_1140_265_4063.jpg,plastic debris,plastic_other,0.679,21.9231189,-160.0822280,0.58,0.56,0.322,0.77,0.52,2.58,1인,S104
2_1140_265_4063_2563,niihau_2_1140_265_4063.jpg,plastic debris,plastic_other,0.641,21.9231459,-160.0822102,1.31,1.13,1.490,3.58,2.38,11.92,1인,S104
2_1140_265_4063_2564,niihau_2_1140_265_4063.jpg,plastic debris,plastic_other,0.587,21.9230935,-160.0822179,0.63,0.62,0.391,0.94,0.62,3.12,1인,S104
2_1140_265_4063_2565,niihau_2_1140_265_4063.jpg,plastic debris,plastic_other,0.497,21.9231173,-160.0822337,0.83,0.79,0.658,1.58,1.05,5.26,1인,S104
2_1140_265_4063_2566,niihau_2_1140_265_4063.jpg,plastic debris,plastic_other,0.405,21.9231495,-160.0822374,0.58,0.58,0.334,0.80,0.54,2.68,1인,S104
2_1140_265_4063_2567,niihau_2_1140_265_4063.jpg,plastic debris,plastic_other,0.391,21.9230975,-160.0821572,1.96,1.70,3.331,7.99,5.33,26.65,2인,S104
2_1140_265_4063_2568,niihau_2_1140_265_4063.jpg,plastic debris,plastic_other,0.363,21.9231212,-160.0822338,0.59,0.53,0.309,0.74,0.49,2.47,1인,S104
2_1140_265_4063_2569,niihau_2_1140_265_4063.jpg,plastic debris,plastic_other,0.349,21.9231733,-160.0822261,0.92,0.91,0.830,1.99,1.33,6.64,1인,S104
2_1140_265_4063_2570,niihau_2_1140_265_4063.jpg,plastic debris,plastic_other,0.325,21.9231928,-160.0822554,0.66,0.63,0.418,1.00,0.67,3.34,1인,S104
2_1140_5921_29526_2587,niihau_2_1140_5921_29526.jpg,Plastic_ETC,plastic_other,0.763,21.9185771,-160.0810870,0.73,0.71,0.518,1.24,0.83,4.14,1인,S105
2_1140_5921_29526_2588,niihau_2_1140_5921_29526.jpg,Styrofoam_Piece,eps_fragment,0.711,21.9185305,-160.0810341,1.30,1.12,1.455,0.87,0.58,2.91,1인,S105
2_1140_5921_29526_2589,niihau_2_1140_5921_29526.jpg,plastic debris,plastic_other,0.605,21.9185921,-160.0810862,0.59,0.57,0.334,0.80,0.53,2.67,1인,S105
2_1140_5921_29526_2590,niihau_2_1140_5921_29526.jpg,plastic debris,plastic_other,0.506,21.9185421,-160.0810372,1.54,1.24,1.910,4.58,3.06,15.28,1인,S105
2_1140_5921_29526_2591,niihau_2_1140_5921_29526.jpg,Plastic_Buoy_China,plastic_buoy,0.388,21.9184978,-160.0810467,0.88,0.50,0.440,7.92,3.96,10.56,1인,S105
2_1140_5921_29526_2592,niihau_2_1140_5921_29526.jpg,PET_Bottle,pet_bottle,0.374,21.9185453,-160.0810703,0.66,0.57,0.377,0.75,0.62,1.24,1인,S105
2_1140_5921_29526_2593,niihau_2_1140_5921_29526.jpg,plastic debris,plastic_other,0.337,21.9185603,-160.0810582,0.68,0.62,0.417,1.00,0.67,3.33,1인,S105
2_1189_10182_32223_2610,niihau_2_1189_10182_32223.jpg,Plastic_Buoy,plastic_buoy,0.666,21.9243238,-160.0826044,0.70,0.68,0.478,8.60,4.30,11.47,1인,S106
2_1189_10182_32223_2611,niihau_2_1189_10182_32223.jpg,Plastic_Buoy,plastic_buoy,0.607,21.9243607,-160.0826301,0.62,0.62,0.383,6.89,3.44,9.18,1인,S106
2_1189_10182_32223_2612,niihau_2_1189_10182_32223.jpg,plastic debris,plastic_other,0.443,21.9243357,-160.0825982,0.49,0.48,0.234,0.56,0.37,1.87,1인,S106
2_1189_10182_32223_2613,niihau_2_1189_10182_32223.jpg,plastic debris,plastic_other,0.361,21.9243608,-160.0826267,0.64,0.56,0.361,0.87,0.58,2.89,1인,S106
2_1189_10182_32223_2614,niihau_2_1189_10182_32223.jpg,plastic debris,plastic_other,0.307,21.9243760,-160.0826564,0.58,0.56,0.326,0.78,0.52,2.61,1인,S106
2_1189_10447_33138_2621,niihau_2_1189_10447_33138.jpg,Plastic_ETC,plastic_other,0.694,21.9242148,-160.0825871,1.06,0.94,0.997,2.39,1.60,7.98,1인,S106
2_1189_10447_33138_2622,niihau_2_1189_10447_33138.jpg,plastic debris,plastic_other,0.647,21.9241954,-160.0825771,0.63,0.62,0.390,0.94,0.62,3.12,1인,S106
2_1189_8303_8193_2633,niihau_2_1189_8303_8193.jpg,plastic debris,plastic_other,0.496,21.9286712,-160.0830557,1.04,1.04,1.082,2.60,1.73,8.65,1인,S107
2_1189_8303_8193_2634,niihau_2_1189_8303_8193.jpg,Plastic_ETC,plastic_other,0.415,21.9286697,-160.0829984,1.11,0.96,1.066,2.56,1.71,8.53,1인,S107
2_1189_8303_8193_2635,niihau_2_1189_8303_8193.jpg,plastic debris,plastic_other,0.403,21.9287553,-160.0829817,0.55,0.46,0.252,0.60,0.40,2.01,1인,S107
2_1189_8303_8193_2636,niihau_2_1189_8303_8193.jpg,Styrofoam_Piece,eps_fragment,0.378,21.9286974,-160.0830067,0.74,0.71,0.525,0.32,0.21,1.05,1인,S107
2_1189_9832_400_2661,niihau_2_1189_9832_400.jpg,PET_Bottle,pet_bottle,0.670,21.9301284,-160.0827060,0.57,0.53,0.302,0.60,0.50,1.00,1인,S108
2_1189_9832_400_2662,niihau_2_1189_9832_400.jpg,Plastic_ETC,plastic_other,0.638,21.9301363,-160.0827339,1.43,1.26,1.802,4.32,2.88,14.42,1인,S108
2_1189_9832_400_2663,niihau_2_1189_9832_400.jpg,Styrofoam_Piece,eps_fragment,0.589,21.9301461,-160.0827376,1.45,1.44,2.088,1.25,0.84,4.18,1인,S108
2_1189_9832_400_2664,niihau_2_1189_9832_400.jpg,Styrofoam_Buoy,eps_buoy,0.585,21.9301104,-160.0826904,1.31,1.31,1.709,14.95,6.41,17.09,1인,S108
2_1189_9832_400_2665,niihau_2_1189_9832_400.jpg,Plastic_Buoy,plastic_buoy,0.565,21.9301100,-160.0827121,0.78,0.77,0.596,10.73,5.37,14.31,1인,S108
2_1189_9832_400_2666,niihau_2_1189_9832_400.jpg,plastic debris,plastic_other,0.395,21.9301042,-160.0827271,1.43,1.36,1.938,4.65,3.10,15.50,1인,S108
2_1189_9832_400_2667,niihau_2_1189_9832_400.jpg,Plastic_ETC,plastic_other,0.380,21.9301286,-160.0827428,1.29,1.25,1.606,3.86,2.57,12.85,1인,S108
2_1239_9409_29747_2676,niihau_2_1239_9409_29747.jpg,Styrofoam_Piece,eps_fragment,0.458,21.9308657,-160.0825849,0.71,0.68,0.484,0.29,0.19,0.97,1인,S109
2_1239_9409_29747_2677,niihau_2_1239_9409_29747.jpg,Plastic_Buoy,plastic_buoy,0.457,21.9308860,-160.0825571,0.75,0.69,0.524,9.43,4.72,12.57,1인,S109
2_1239_9409_29747_2678,niihau_2_1239_9409_29747.jpg,plastic debris,plastic_other,0.432,21.9309581,-160.0824803,1.68,1.15,1.939,4.65,3.10,15.51,1인,S109
2_1239_9409_29747_2679,niihau_2_1239_9409_29747.jpg,plastic debris,plastic_other,0.315,21.9308934,-160.0825430,0.62,0.62,0.389,0.93,0.62,3.11,1인,S109
2_1240_1420_23841_2691,niihau_2_1240_1420_23841.jpg,Plastic_Buoy,plastic_buoy,0.610,21.9321498,-160.0820474,0.57,0.56,0.316,5.69,2.85,7.59,1인,S110
2_1240_1420_23841_2692,niihau_2_1240_1420_23841.jpg,Net,net,0.414,21.9321593,-160.0820484,0.75,0.72,0.541,9.73,4.05,24.32,2인,S110
2_1240_1420_23841_2693,niihau_2_1240_1420_23841.jpg,Net,net,0.381,21.9321655,-160.0820926,0.81,0.81,0.655,11.79,4.91,29.48,2인,S110
2_1240_1420_23841_2694,niihau_2_1240_1420_23841.jpg,Styrofoam_Piece,eps_fragment,0.380,21.9321318,-160.0820334,0.99,0.92,0.910,0.55,0.36,1.82,1인,S110
2_1290_10068_24832_2712,niihau_2_1290_10068_24832.jpg,Plastic_Buoy,plastic_buoy,0.691,21.9383198,-160.0803596,0.70,0.70,0.493,8.87,4.44,11.83,1인,S111
2_1290_10068_24832_2713,niihau_2_1290_10068_24832.jpg,plastic debris,plastic_other,0.574,21.9383709,-160.0803137,0.64,0.61,0.390,0.94,0.62,3.12,1인,S111
2_1290_10068_24832_2714,niihau_2_1290_10068_24832.jpg,plastic debris,plastic_other,0.403,21.9383726,-160.0803066,0.97,0.93,0.904,2.17,1.45,7.24,1인,S111
2_1290_10068_24832_2715,niihau_2_1290_10068_24832.jpg,plastic debris,plastic_other,0.349,21.9383371,-160.0803819,1.19,1.09,1.295,3.11,2.07,10.36,1인,S111
2_1290_12774_9172_2731,niihau_2_1290_12774_9172.jpg,Styrofoam_Piece,eps_fragment,0.598,21.9411522,-160.0798567,0.80,0.74,0.593,0.36,0.24,1.19,1인,S112
2_1290_12774_9172_2732,niihau_2_1290_12774_9172.jpg,PET_Bottle,pet_bottle,0.588,21.9411866,-160.0798578,0.52,0.45,0.237,0.47,0.39,0.78,1인,S112
2_1290_12774_9172_2733,niihau_2_1290_12774_9172.jpg,plastic debris,plastic_other,0.496,21.9411579,-160.0798440,0.71,0.69,0.488,1.17,0.78,3.90,1인,S112
2_1290_12774_9172_2734,niihau_2_1290_12774_9172.jpg,plastic debris,plastic_other,0.387,21.9411292,-160.0798511,0.87,0.87,0.762,1.83,1.22,6.10,1인,S112
2_1290_12774_9172_2735,niihau_2_1290_12774_9172.jpg,plastic debris,plastic_other,0.302,21.9411460,-160.0798694,0.68,0.58,0.391,0.94,0.63,3.13,1인,S112
2_1341_1293_31351_2757,niihau_2_1341_1293_31351.jpg,Plastic_ETC,plastic_other,0.783,21.9434734,-160.0790261,0.84,0.74,0.620,1.49,0.99,4.96,1인,S113
2_1341_1293_31351_2758,niihau_2_1341_1293_31351.jpg,plastic debris,plastic_other,0.757,21.9434593,-160.0790215,0.62,0.62,0.382,0.92,0.61,3.06,1인,S113
2_1341_1293_31351_2759,niihau_2_1341_1293_31351.jpg,Plastic_Buoy,plastic_buoy,0.745,21.9434298,-160.0790169,0.72,0.72,0.519,9.35,4.67,12.46,1인,S113
2_1341_1293_31351_2760,niihau_2_1341_1293_31351.jpg,Net,net,0.536,21.9434270,-160.0790423,0.69,0.63,0.436,7.85,3.27,19.63,1인,S113
2_1341_1293_31351_2761,niihau_2_1341_1293_31351.jpg,plastic debris,plastic_other,0.521,21.9434440,-160.0789416,0.60,0.41,0.247,0.59,0.39,1.97,1인,S113
2_1341_1293_31351_2762,niihau_2_1341_1293_31351.jpg,plastic debris,plastic_other,0.443,21.9434450,-160.0790334,0.54,0.53,0.286,0.69,0.46,2.28,1인,S113
2_1341_1293_31351_2763,niihau_2_1341_1293_31351.jpg,plastic debris,plastic_other,0.440,21.9434524,-160.0790310,0.48,0.45,0.214,0.51,0.34,1.71,1인,S113
2_1341_1293_31351_2764,niihau_2_1341_1293_31351.jpg,plastic debris,plastic_other,0.381,21.9434740,-160.0790174,0.71,0.64,0.455,1.09,0.73,3.64,1인,S113
2_1341_1293_31351_2765,niihau_2_1341_1293_31351.jpg,plastic debris,plastic_other,0.344,21.9434248,-160.0790214,0.55,0.53,0.293,0.70,0.47,2.34,1인,S113
2_1341_2442_28116_2786,niihau_2_1341_2442_28116.jpg,Plastic_Buoy,plastic_buoy,0.710,21.9440163,-160.0787794,0.66,0.64,0.426,7.67,3.84,10.23,1인,S114
2_1341_2442_28116_2787,niihau_2_1341_2442_28116.jpg,Plastic_ETC,plastic_other,0.709,21.9440561,-160.0787774,0.87,0.84,0.725,1.74,1.16,5.80,1인,S114
2_1341_2442_28116_2788,niihau_2_1341_2442_28116.jpg,Plastic_ETC,plastic_other,0.675,21.9440407,-160.0787829,0.88,0.86,0.753,1.81,1.20,6.02,1인,S114
2_1341_2442_28116_2789,niihau_2_1341_2442_28116.jpg,Net,net,0.602,21.9440854,-160.0787299,0.62,0.60,0.375,6.75,2.81,16.87,1인,S114
2_1341_2442_28116_2790,niihau_2_1341_2442_28116.jpg,plastic debris,plastic_other,0.459,21.9440863,-160.0787336,0.62,0.61,0.377,0.91,0.60,3.02,1인,S114
2_1341_2442_28116_2791,niihau_2_1341_2442_28116.jpg,plastic debris,plastic_other,0.446,21.9440899,-160.0787368,0.59,0.55,0.325,0.78,0.52,2.60,1인,S114
2_1341_2442_28116_2792,niihau_2_1341_2442_28116.jpg,plastic debris,plastic_other,0.422,21.9440912,-160.0787513,0.77,0.74,0.571,1.37,0.91,4.57,1인,S114
2_1341_2442_28116_2793,niihau_2_1341_2442_28116.jpg,plastic debris,plastic_other,0.372,21.9440546,-160.0787627,0.67,0.66,0.439,1.05,0.70,3.51,1인,S114
2_1341_3202_26636_2811,niihau_2_1341_3202_26636.jpg,plastic debris,plastic_other,0.644,21.9443185,-160.0786337,0.70,0.67,0.473,1.14,0.76,3.78,1인,S115
2_1341_3202_26636_2812,niihau_2_1341_3202_26636.jpg,plastic debris,plastic_other,0.503,21.9443582,-160.0785879,1.91,1.87,3.567,8.56,5.71,28.54,2인,S116
2_1341_3202_26636_2813,niihau_2_1341_3202_26636.jpg,plastic debris,plastic_other,0.489,21.9443367,-160.0786268,0.88,0.85,0.748,1.80,1.20,5.99,1인,S116
2_1341_3202_26636_2814,niihau_2_1341_3202_26636.jpg,Styrofoam_Piece,eps_fragment,0.469,21.9443484,-160.0785810,0.84,0.76,0.642,0.39,0.26,1.28,1인,S116
2_1341_3202_26636_2815,niihau_2_1341_3202_26636.jpg,PET_Bottle,pet_bottle,0.420,21.9443088,-160.0786492,0.65,0.64,0.415,0.82,0.68,1.37,1인,S115
2_1341_3202_26636_2816,niihau_2_1341_3202_26636.jpg,plastic debris,plastic_other,0.395,21.9443101,-160.0786383,0.74,0.72,0.533,1.28,0.85,4.26,1인,S115
2_1341_3202_26636_2817,niihau_2_1341_3202_26636.jpg,Plastic_ETC,plastic_other,0.372,21.9443592,-160.0786344,0.68,0.68,0.464,1.11,0.74,3.71,1인,S116
2_1341_3202_26636_2818,niihau_2_1341_3202_26636.jpg,plastic debris,plastic_other,0.339,21.9443473,-160.0786557,0.54,0.52,0.276,0.66,0.44,2.21,1인,S116
2_1341_3202_26636_2819,niihau_2_1341_3202_26636.jpg,plastic debris,plastic_other,0.323,21.9443565,-160.0786339,0.56,0.47,0.264,0.63,0.42,2.12,1인,S116
2_1341_3231_26265_2833,niihau_2_1341_3231_26265.jpg,Styrofoam_Piece,eps_fragment,0.604,21.9444309,-160.0785917,0.89,0.83,0.741,0.44,0.30,1.48,1인,S116
2_1341_3231_26265_2834,niihau_2_1341_3231_26265.jpg,plastic debris,plastic_other,0.520,21.9443484,-160.0785815,0.88,0.79,0.693,1.66,1.11,5.54,1인,S116
2_1341_3231_26265_2835,niihau_2_1341_3231_26265.jpg,Plastic_Buoy,plastic_buoy,0.478,21.9443768,-160.0786333,0.54,0.51,0.277,4.99,2.49,6.65,1인,S116
2_1341_3231_26265_2836,niihau_2_1341_3231_26265.jpg,Plastic_ETC,plastic_other,0.472,21.9443594,-160.0786344,0.73,0.70,0.511,1.23,0.82,4.09,1인,S116
2_1341_3231_26265_2837,niihau_2_1341_3231_26265.jpg,Plastic_Buoy,plastic_buoy,0.471,21.9444259,-160.0785889,0.64,0.60,0.381,6.85,3.43,9.14,1인,S116
2_1341_3231_26265_2838,niihau_2_1341_3231_26265.jpg,Styrofoam_Piece,eps_fragment,0.451,21.9443366,-160.0786265,0.85,0.82,0.694,0.42,0.28,1.39,1인,S116
2_1341_3231_26265_2839,niihau_2_1341_3231_26265.jpg,Plastic_Buoy,plastic_buoy,0.374,21.9444288,-160.0785882,0.53,0.49,0.259,4.66,2.33,6.21,1인,S116
2_1341_3231_26265_2840,niihau_2_1341_3231_26265.jpg,plastic debris,plastic_other,0.371,21.9443474,-160.0786558,0.62,0.59,0.367,0.88,0.59,2.93,1인,S116
2_1341_3231_26265_2841,niihau_2_1341_3231_26265.jpg,plastic debris,plastic_other,0.307,21.9443581,-160.0785884,1.87,1.83,3.425,8.22,5.48,27.40,2인,S116
2_1341_3707_25814_2850,niihau_2_1341_3707_25814.jpg,Plastic_Buoy,plastic_buoy,0.767,21.9444938,-160.0785248,0.75,0.74,0.554,9.98,4.99,13.31,1인,S116
2_1341_3707_25814_2851,niihau_2_1341_3707_25814.jpg,Plastic_Buoy,plastic_buoy,0.706,21.9444569,-160.0785572,0.67,0.64,0.427,7.69,3.84,10.25,1인,S116
2_1341_3707_25814_2852,niihau_2_1341_3707_25814.jpg,Plastic_ETC,plastic_other,0.611,21.9444697,-160.0785444,0.86,0.86,0.740,1.77,1.18,5.92,1인,S116
2_1341_3707_25814_2853,niihau_2_1341_3707_25814.jpg,Styrofoam_Piece,eps_fragment,0.599,21.9444309,-160.0785917,0.93,0.85,0.798,0.48,0.32,1.60,1인,S116
2_1341_3707_25814_2854,niihau_2_1341_3707_25814.jpg,plastic debris,plastic_other,0.590,21.9444339,-160.0785843,0.72,0.72,0.517,1.24,0.83,4.14,1인,S116
2_1341_3707_25814_2855,niihau_2_1341_3707_25814.jpg,Plastic_Buoy,plastic_buoy,0.583,21.9444777,-160.0785358,0.76,0.73,0.558,10.05,5.03,13.40,1인,S116
2_1341_3707_25814_2856,niihau_2_1341_3707_25814.jpg,Plastic_ETC,plastic_other,0.507,21.9444706,-160.0785513,0.76,0.75,0.573,1.37,0.92,4.58,1인,S116
2_1341_3707_25814_2857,niihau_2_1341_3707_25814.jpg,plastic debris,plastic_other,0.476,21.9444416,-160.0785742,0.82,0.77,0.630,1.51,1.01,5.04,1인,S116
2_1341_3707_25814_2858,niihau_2_1341_3707_25814.jpg,Plastic_Buoy,plastic_buoy,0.399,21.9444286,-160.0785882,0.57,0.53,0.302,5.44,2.72,7.25,1인,S116
2_1341_3707_25814_2859,niihau_2_1341_3707_25814.jpg,plastic debris,plastic_other,0.380,21.9444411,-160.0785332,1.33,1.28,1.702,4.08,2.72,13.62,1인,S116
2_1341_3707_25814_2860,niihau_2_1341_3707_25814.jpg,PET_Bottle,pet_bottle,0.344,21.9444613,-160.0785715,0.62,0.59,0.366,0.72,0.60,1.21,1인,S116
2_1341_3707_25814_2861,niihau_2_1341_3707_25814.jpg,Plastic_Buoy,plastic_buoy,0.335,21.9444261,-160.0785891,0.65,0.64,0.419,7.55,3.77,10.07,1인,S116
2_1341_3707_25814_2862,niihau_2_1341_3707_25814.jpg,plastic debris,plastic_other,0.327,21.9445124,-160.0785427,1.24,1.00,1.236,2.97,1.98,9.89,1인,S116
2_1341_8337_9527_2883,niihau_2_1341_8337_9527.jpg,Plastic_Buoy,plastic_buoy,0.706,21.9474076,-160.0776674,0.52,0.52,0.271,4.88,2.44,6.51,1인,S117
2_1341_8337_9527_2884,niihau_2_1341_8337_9527.jpg,Styrofoam_Piece,eps_fragment,0.583,21.9473685,-160.0776183,0.79,0.73,0.581,0.35,0.23,1.16,1인,S117
2_1341_8337_9527_2885,niihau_2_1341_8337_9527.jpg,plastic debris,plastic_other,0.513,21.9474085,-160.0776816,0.47,0.44,0.203,0.49,0.32,1.62,1인,S117
2_1341_8337_9527_2886,niihau_2_1341_8337_9527.jpg,Styrofoam_Piece,eps_fragment,0.409,21.9473875,-160.0776146,0.59,0.57,0.332,0.20,0.13,0.66,1인,S117
2_1341_8337_9527_2887,niihau_2_1341_8337_9527.jpg,plastic debris,plastic_other,0.386,21.9473865,-160.0776527,0.76,0.66,0.503,1.21,0.80,4.02,1인,S117
2_1341_8337_9527_2888,niihau_2_1341_8337_9527.jpg,Plastic_Buoy,plastic_buoy,0.373,21.9474454,-160.0776585,0.75,0.74,0.555,10.00,5.00,13.33,1인,S117
2_1341_8337_9527_2889,niihau_2_1341_8337_9527.jpg,Plastic_ETC,plastic_other,0.304,21.9473903,-160.0776346,0.71,0.70,0.499,1.20,0.80,3.99,1인,S117
2_1341_8337_9527_2890,niihau_2_1341_8337_9527.jpg,plastic debris,plastic_other,0.303,21.9473748,-160.0776718,0.66,0.63,0.413,0.99,0.66,3.31,1인,S117
2_1391_10034_17652_2918,niihau_2_1391_10034_17652.jpg,Plastic_ETC,plastic_other,0.715,21.9522514,-160.0765697,0.91,0.85,0.777,1.86,1.24,6.22,1인,S118
2_1391_10034_17652_2919,niihau_2_1391_10034_17652.jpg,plastic debris,plastic_other,0.510,21.9522103,-160.0765602,0.78,0.77,0.608,1.46,0.97,4.86,1인,S118
2_1391_10034_17652_2920,niihau_2_1391_10034_17652.jpg,Plastic_Buoy,plastic_buoy,0.469,21.9522692,-160.0765183,0.80,0.72,0.572,10.29,5.15,13.72,1인,S118
2_1391_10168_21147_2938,niihau_2_1391_10168_21147.jpg,plastic debris,plastic_other,0.364,21.9516263,-160.0765402,2.48,2.46,6.091,14.62,9.75,48.73,2인,S119
2_1391_10227_16842_2950,niihau_2_1391_10227_16842.jpg,Plastic_ETC,plastic_other,0.743,21.9524293,-160.0765118,0.80,0.78,0.627,1.50,1.00,5.02,1인,S120
2_1391_10227_16842_2951,niihau_2_1391_10227_16842.jpg,plastic debris,plastic_other,0.734,21.9524285,-160.0765271,0.65,0.63,0.408,0.98,0.65,3.26,1인,S120
2_1391_10227_16842_2952,niihau_2_1391_10227_16842.jpg,plastic debris,plastic_other,0.649,21.9523936,-160.0765217,0.60,0.57,0.341,0.82,0.55,2.73,1인,S118
2_1391_10227_16842_2953,niihau_2_1391_10227_16842.jpg,Plastic_ETC,plastic_other,0.562,21.9524364,-160.0765253,1.19,1.18,1.407,3.38,2.25,11.26,1인,S120
2_1391_10227_16842_2954,niihau_2_1391_10227_16842.jpg,plastic debris,plastic_other,0.560,21.9524081,-160.0765115,0.54,0.52,0.280,0.67,0.45,2.24,1인,S120
2_1391_10227_16842_2955,niihau_2_1391_10227_16842.jpg,Rope,rope,0.507,21.9524527,-160.0765211,0.75,0.67,0.503,6.03,4.02,10.06,1인,S120
2_1391_10227_16842_2956,niihau_2_1391_10227_16842.jpg,plastic debris,plastic_other,0.490,21.9524439,-160.0765104,0.61,0.58,0.355,0.85,0.57,2.84,1인,S120
2_1391_10227_16842_2957,niihau_2_1391_10227_16842.jpg,plastic debris,plastic_other,0.477,21.9523979,-160.0765327,1.02,0.93,0.953,2.29,1.53,7.63,1인,S118
2_1391_10227_16842_2958,niihau_2_1391_10227_16842.jpg,PET_Bottle,pet_bottle,0.457,21.9523838,-160.0765216,0.73,0.59,0.429,0.85,0.71,1.42,1인,S118
2_1391_10227_16842_2959,niihau_2_1391_10227_16842.jpg,plastic debris,plastic_other,0.411,21.9524097,-160.0764976,0.50,0.46,0.228,0.55,0.37,1.83,1인,S120
2_1391_10227_16842_2960,niihau_2_1391_10227_16842.jpg,Plastic_ETC,plastic_other,0.355,21.9523743,-160.0764980,1.20,1.15,1.374,3.30,2.20,10.99,1인,S118
2_1391_10227_16842_2961,niihau_2_1391_10227_16842.jpg,plastic debris,plastic_other,0.306,21.9524120,-160.0765540,0.95,0.84,0.805,1.93,1.29,6.44,1인,S118
2_1391_10423_16050_3001,niihau_2_1391_10423_16050.jpg,Plastic_ETC,plastic_other,0.749,21.9524994,-160.0765323,0.90,0.82,0.739,1.77,1.18,5.91,1인,S120
2_1391_10423_16050_3002,niihau_2_1391_10423_16050.jpg,plastic debris,plastic_other,0.663,21.9525930,-160.0765078,0.91,0.81,0.739,1.77,1.18,5.92,1인,S120
2_1391_10423_16050_3003,niihau_2_1391_10423_16050.jpg,Plastic_ETC,plastic_other,0.661,21.9525944,-160.0764687,0.97,0.85,0.825,1.98,1.32,6.60,1인,S120
2_1391_10423_16050_3004,niihau_2_1391_10423_16050.jpg,plastic debris,plastic_other,0.629,21.9525828,-160.0764864,1.61,1.46,2.354,5.65,3.77,18.83,1인,S120
2_1391_10423_16050_3005,niihau_2_1391_10423_16050.jpg,plastic debris,plastic_other,0.601,21.9525514,-160.0765083,0.94,0.90,0.844,2.02,1.35,6.75,1인,S120
2_1391_10423_16050_3006,niihau_2_1391_10423_16050.jpg,Plastic_ETC,plastic_other,0.594,21.9525955,-160.0764799,1.13,0.79,0.898,2.15,1.44,7.18,1인,S120
2_1391_10423_16050_3007,niihau_2_1391_10423_16050.jpg,Plastic_Buoy,plastic_buoy,0.575,21.9525681,-160.0765157,0.59,0.57,0.332,5.98,2.99,7.98,1인,S120
2_1391_10423_16050_3008,niihau_2_1391_10423_16050.jpg,Net,net,0.513,21.9525114,-160.0765185,0.70,0.69,0.488,8.79,3.66,21.96,1인,S120
2_1391_10423_16050_3009,niihau_2_1391_10423_16050.jpg,plastic debris,plastic_other,0.491,21.9524967,-160.0765132,0.52,0.52,0.268,0.64,0.43,2.15,1인,S120
2_1391_10423_16050_3010,niihau_2_1391_10423_16050.jpg,plastic debris,plastic_other,0.472,21.9525133,-160.0765118,0.53,0.52,0.277,0.66,0.44,2.21,1인,S120
2_1391_10423_16050_3011,niihau_2_1391_10423_16050.jpg,plastic debris,plastic_other,0.467,21.9525754,-160.0764422,0.69,0.68,0.475,1.14,0.76,3.80,1인,S120
2_1391_10423_16050_3012,niihau_2_1391_10423_16050.jpg,plastic debris,plastic_other,0.449,21.9525698,-160.0764842,0.52,0.50,0.261,0.63,0.42,2.09,1인,S120
2_1391_10423_16050_3013,niihau_2_1391_10423_16050.jpg,plastic debris,plastic_other,0.445,21.9525020,-160.0765267,0.64,0.61,0.388,0.93,0.62,3.11,1인,S120
2_1391_10423_16050_3014,niihau_2_1391_10423_16050.jpg,plastic debris,plastic_other,0.429,21.9525329,-160.0764961,1.05,1.02,1.066,2.56,1.71,8.53,1인,S120
2_1391_10423_16050_3015,niihau_2_1391_10423_16050.jpg,plastic debris,plastic_other,0.366,21.9525272,-160.0764579,0.98,0.67,0.658,1.58,1.05,5.26,1인,S120
2_1391_10423_16050_3016,niihau_2_1391_10423_16050.jpg,plastic debris,plastic_other,0.361,21.9525483,-160.0764980,0.76,0.68,0.517,1.24,0.83,4.13,1인,S120
2_1391_10423_16050_3017,niihau_2_1391_10423_16050.jpg,plastic debris,plastic_other,0.350,21.9525602,-160.0764494,0.58,0.56,0.325,0.78,0.52,2.60,1인,S120
2_1391_10423_16050_3018,niihau_2_1391_10423_16050.jpg,plastic debris,plastic_other,0.318,21.9524910,-160.0765179,0.56,0.55,0.309,0.74,0.49,2.47,1인,S120
2_1391_10423_16050_3019,niihau_2_1391_10423_16050.jpg,plastic debris,plastic_other,0.312,21.9525464,-160.0765119,0.83,0.81,0.669,1.60,1.07,5.35,1인,S120
2_1391_10433_16405_3047,niihau_2_1391_10433_16405.jpg,Plastic_ETC,plastic_other,0.759,21.9524293,-160.0765120,0.75,0.75,0.565,1.36,0.90,4.52,1인,S120
2_1391_10433_16405_3048,niihau_2_1391_10433_16405.jpg,Plastic_ETC,plastic_other,0.740,21.9524994,-160.0765323,0.95,0.83,0.793,1.90,1.27,6.34,1인,S120
2_1391_10433_16405_3049,niihau_2_1391_10433_16405.jpg,plastic debris,plastic_other,0.738,21.9524285,-160.0765273,0.59,0.57,0.334,0.80,0.53,2.67,1인,S120
2_1391_10433_16405_3050,niihau_2_1391_10433_16405.jpg,plastic debris,plastic_other,0.588,21.9524367,-160.0765255,1.04,1.04,1.089,2.61,1.74,8.71,1인,S120
2_1391_10433_16405_3051,niihau_2_1391_10433_16405.jpg,plastic debris,plastic_other,0.577,21.9524966,-160.0765132,0.58,0.54,0.313,0.75,0.50,2.50,1인,S120
2_1391_10433_16405_3052,niihau_2_1391_10433_16405.jpg,plastic debris,plastic_other,0.565,21.9524915,-160.0765176,0.68,0.64,0.430,1.03,0.69,3.44,1인,S120
2_1391_10433_16405_3053,niihau_2_1391_10433_16405.jpg,Rope,rope,0.505,21.9524531,-160.0765212,0.82,0.76,0.618,7.41,4.94,12.35,1인,S120
2_1391_10433_16405_3054,niihau_2_1391_10433_16405.jpg,Net,net,0.490,21.9525114,-160.0765184,0.71,0.67,0.476,8.57,3.57,21.42,1인,S120
2_1391_10433_16405_3055,niihau_2_1391_10433_16405.jpg,plastic debris,plastic_other,0.486,21.9525134,-160.0765116,0.57,0.57,0.325,0.78,0.52,2.60,1인,S120
2_1391_10433_16405_3056,niihau_2_1391_10433_16405.jpg,plastic debris,plastic_other,0.457,21.9524726,-160.0765483,0.48,0.45,0.213,0.51,0.34,1.71,1인,S120
2_1391_10433_16405_3057,niihau_2_1391_10433_16405.jpg,plastic debris,plastic_other,0.441,21.9524437,-160.0765104,0.56,0.54,0.299,0.72,0.48,2.39,1인,S120
2_1391_10433_16405_3058,niihau_2_1391_10433_16405.jpg,Net,net,0.424,21.9524726,-160.0765310,0.55,0.53,0.292,5.25,2.19,13.12,1인,S120
2_1391_10433_16405_3059,niihau_2_1391_10433_16405.jpg,plastic debris,plastic_other,0.415,21.9525270,-160.0764580,0.98,0.64,0.626,1.50,1.00,5.01,1인,S120
2_1391_10433_16405_3060,niihau_2_1391_10433_16405.jpg,plastic debris,plastic_other,0.379,21.9525112,-160.0765246,0.98,0.94,0.920,2.21,1.47,7.36,1인,S120
2_1391_10433_16405_3061,niihau_2_1391_10433_16405.jpg,plastic debris,plastic_other,0.345,21.9524484,-160.0765172,1.13,0.97,1.098,2.63,1.76,8.78,1인,S120
2_1391_10433_16405_3062,niihau_2_1391_10433_16405.jpg,plastic debris,plastic_other,0.345,21.9525114,-160.0764672,0.59,0.55,0.325,0.78,0.52,2.60,1인,S120
2_1391_10433_16405_3063,niihau_2_1391_10433_16405.jpg,plastic debris,plastic_other,0.341,21.9525284,-160.0765159,0.53,0.52,0.278,0.67,0.44,2.22,1인,S120
2_1391_10433_16405_3064,niihau_2_1391_10433_16405.jpg,plastic debris,plastic_other,0.329,21.9525020,-160.0765266,0.69,0.65,0.446,1.07,0.71,3.57,1인,S120
2_1391_10433_16405_3065,niihau_2_1391_10433_16405.jpg,plastic debris,plastic_other,0.314,21.9524407,-160.0765216,0.56,0.54,0.299,0.72,0.48,2.40,1인,S120
2_1391_10541_15695_3091,niihau_2_1391_10541_15695.jpg,plastic debris,plastic_other,0.793,21.9526511,-160.0764646,1.56,1.49,2.313,5.55,3.70,18.51,1인,S121
2_1391_10541_15695_3092,niihau_2_1391_10541_15695.jpg,Plastic_ETC,plastic_other,0.722,21.9526210,-160.0765036,0.87,0.74,0.643,1.54,1.03,5.15,1인,S120
2_1391_10541_15695_3093,niihau_2_1391_10541_15695.jpg,plastic debris,plastic_other,0.688,21.9525930,-160.0765078,0.93,0.79,0.728,1.75,1.16,5.82,1인,S120
2_1391_10541_15695_3094,niihau_2_1391_10541_15695.jpg,plastic debris,plastic_other,0.653,21.9525516,-160.0765079,1.00,0.92,0.921,2.21,1.47,7.36,1인,S120
2_1391_10541_15695_3095,niihau_2_1391_10541_15695.jpg,Plastic_ETC,plastic_other,0.629,21.9525946,-160.0764686,0.98,0.87,0.856,2.05,1.37,6.85,1인,S120
2_1391_10541_15695_3096,niihau_2_1391_10541_15695.jpg,Styrofoam_Buoy,eps_buoy,0.622,21.9525560,-160.0764163,1.77,0.99,1.757,15.38,6.59,17.57,1인,S120
2_1391_10541_15695_3097,niihau_2_1391_10541_15695.jpg,Plastic_Buoy,plastic_buoy,0.610,21.9526249,-160.0764624,0.61,0.61,0.370,6.66,3.33,8.88,1인,S120
2_1391_10541_15695_3098,niihau_2_1391_10541_15695.jpg,Net,net,0.587,21.9525993,-160.0764586,0.74,0.72,0.532,9.57,3.99,23.93,2인,S120
2_1391_10541_15695_3099,niihau_2_1391_10541_15695.jpg,plastic debris,plastic_other,0.565,21.9526443,-160.0764340,0.68,0.67,0.454,1.09,0.73,3.63,1인,S121
2_1391_10541_15695_3100,niihau_2_1391_10541_15695.jpg,Plastic_ETC,plastic_other,0.522,21.9526541,-160.0764266,1.62,1.46,2.375,5.70,3.80,19.00,1인,S121
2_1391_10541_15695_3101,niihau_2_1391_10541_15695.jpg,plastic debris,plastic_other,0.513,21.9526066,-160.0764650,1.34,1.02,1.366,3.28,2.19,10.93,1인,S120
2_1391_10541_15695_3102,niihau_2_1391_10541_15695.jpg,plastic debris,plastic_other,0.511,21.9525681,-160.0765156,0.63,0.61,0.381,0.91,0.61,3.04,1인,S120
2_1391_10541_15695_3103,niihau_2_1391_10541_15695.jpg,plastic debris,plastic_other,0.502,21.9525833,-160.0764868,1.60,1.39,2.217,5.32,3.55,17.73,1인,S120
2_1391_10541_15695_3104,niihau_2_1391_10541_15695.jpg,plastic debris,plastic_other,0.490,21.9525966,-160.0764795,1.24,1.24,1.534,3.68,2.45,12.27,1인,S120
2_1391_10541_15695_3105,niihau_2_1391_10541_15695.jpg,plastic debris,plastic_other,0.487,21.9525602,-160.0764494,0.60,0.58,0.347,0.83,0.56,2.78,1인,S120
2_1391_10541_15695_3106,niihau_2_1391_10541_15695.jpg,plastic debris,plastic_other,0.453,21.9526212,-160.0764229,0.43,0.43,0.182,0.44,0.29,1.45,1인,S120
2_1391_10541_15695_3107,niihau_2_1391_10541_15695.jpg,plastic debris,plastic_other,0.433,21.9525753,-160.0764424,0.68,0.66,0.446,1.07,0.71,3.57,1인,S120
2_1391_10541_15695_3108,niihau_2_1391_10541_15695.jpg,plastic debris,plastic_other,0.422,21.9525495,-160.0764992,1.02,0.45,0.464,1.11,0.74,3.71,1인,S120
2_1391_10541_15695_3109,niihau_2_1391_10541_15695.jpg,plastic debris,plastic_other,0.320,21.9526376,-160.0764561,0.76,0.72,0.547,1.31,0.88,4.38,1인,S120
2_1391_10541_15695_3110,niihau_2_1391_10541_15695.jpg,Plastic_ETC,plastic_other,0.313,21.9526333,-160.0764491,0.84,0.79,0.663,1.59,1.06,5.30,1인,S120
2_1391_10858_14287_3155,niihau_2_1391_10858_14287.jpg,Plastic_Buoy,plastic_buoy,0.722,21.9528931,-160.0763892,0.61,0.60,0.367,6.60,3.30,8.81,1인,S121
2_1391_10858_14287_3156,niihau_2_1391_10858_14287.jpg,Plastic_ETC,plastic_other,0.615,21.9528697,-160.0763919,1.01,1.00,1.017,2.44,1.63,8.14,1인,S121
2_1391_10858_14287_3157,niihau_2_1391_10858_14287.jpg,Styrofoam_Buoy,eps_buoy,0.528,21.9528128,-160.0763832,2.33,2.26,5.259,46.02,19.72,52.59,장비,S121
2_1391_10858_14287_3158,niihau_2_1391_10858_14287.jpg,plastic debris,plastic_other,0.518,21.9529090,-160.0763769,1.10,0.98,1.074,2.58,1.72,8.59,1인,S121
2_1391_10858_14287_3159,niihau_2_1391_10858_14287.jpg,plastic debris,plastic_other,0.501,21.9528234,-160.0764123,2.05,1.95,3.997,9.59,6.40,31.98,2인,S121
2_1391_10858_14287_3160,niihau_2_1391_10858_14287.jpg,plastic debris,plastic_other,0.492,21.9528860,-160.0763861,0.58,0.56,0.328,0.79,0.52,2.62,1인,S121
2_1391_10858_14287_3161,niihau_2_1391_10858_14287.jpg,plastic debris,plastic_other,0.451,21.9528480,-160.0764450,0.62,0.62,0.390,0.94,0.62,3.12,1인,S121
2_1391_10858_14287_3162,niihau_2_1391_10858_14287.jpg,plastic debris,plastic_other,0.446,21.9528421,-160.0764231,0.75,0.70,0.524,1.26,0.84,4.19,1인,S121
2_1391_10858_14287_3163,niihau_2_1391_10858_14287.jpg,plastic debris,plastic_other,0.413,21.9528688,-160.0764129,0.55,0.55,0.306,0.73,0.49,2.44,1인,S121
2_1391_10858_14287_3164,niihau_2_1391_10858_14287.jpg,plastic debris,plastic_other,0.403,21.9528112,-160.0764510,0.76,0.70,0.535,1.28,0.86,4.28,1인,S121
2_1391_10858_14287_3165,niihau_2_1391_10858_14287.jpg,plastic debris,plastic_other,0.382,21.9528446,-160.0763910,0.90,0.80,0.725,1.74,1.16,5.80,1인,S121
2_1391_10858_14287_3166,niihau_2_1391_10858_14287.jpg,plastic debris,plastic_other,0.343,21.9528580,-160.0764408,0.82,0.79,0.653,1.57,1.04,5.22,1인,S121
2_1391_10936_13267_3200,niihau_2_1391_10936_13267.jpg,Plastic_ETC,plastic_other,0.770,21.9530390,-160.0763779,0.74,0.68,0.498,1.19,0.80,3.98,1인,S122
2_1391_10936_13267_3201,niihau_2_1391_10936_13267.jpg,Plastic_ETC,plastic_other,0.742,21.9530020,-160.0763763,1.00,0.81,0.810,1.94,1.30,6.48,1인,S122
2_1391_10936_13267_3202,niihau_2_1391_10936_13267.jpg,plastic debris,plastic_other,0.709,21.9530656,-160.0763891,0.79,0.78,0.616,1.48,0.98,4.92,1인,S122
2_1391_10936_13267_3203,niihau_2_1391_10936_13267.jpg,Plastic_ETC,plastic_other,0.699,21.9530451,-160.0764006,1.12,0.83,0.935,2.24,1.50,7.48,1인,S122
2_1391_10936_13267_3204,niihau_2_1391_10936_13267.jpg,Rope,rope,0.687,21.9530985,-160.0763689,0.85,0.81,0.694,8.33,5.55,13.89,1인,S122
2_1391_10936_13267_3205,niihau_2_1391_10936_13267.jpg,plastic debris,plastic_other,0.651,21.9530861,-160.0763983,0.61,0.59,0.358,0.86,0.57,2.87,1인,S122
2_1391_10936_13267_3206,niihau_2_1391_10936_13267.jpg,Plastic_ETC,plastic_other,0.588,21.9530267,-160.0763683,1.03,1.02,1.057,2.54,1.69,8.46,1인,S122
2_1391_10936_13267_3207,niihau_2_1391_10936_13267.jpg,Plastic_ETC,plastic_other,0.547,21.9530568,-160.0763460,0.74,0.71,0.526,1.26,0.84,4.21,1인,S122
2_1391_10936_13267_3208,niihau_2_1391_10936_13267.jpg,plastic debris,plastic_other,0.544,21.9530448,-160.0763807,0.49,0.47,0.233,0.56,0.37,1.86,1인,S122
2_1391_10936_13267_3209,niihau_2_1391_10936_13267.jpg,plastic debris,plastic_other,0.536,21.9530743,-160.0763735,0.50,0.47,0.240,0.57,0.38,1.92,1인,S122
2_1391_10936_13267_3210,niihau_2_1391_10936_13267.jpg,Plastic_ETC,plastic_other,0.525,21.9530792,-160.0764068,1.23,1.02,1.249,3.00,2.00,9.99,1인,S122
2_1391_10936_13267_3211,niihau_2_1391_10936_13267.jpg,plastic debris,plastic_other,0.505,21.9530388,-160.0763697,0.69,0.65,0.451,1.08,0.72,3.61,1인,S122
2_1391_10936_13267_3212,niihau_2_1391_10936_13267.jpg,PET_Bottle,pet_bottle,0.490,21.9530528,-160.0763510,0.93,0.73,0.680,1.35,1.12,2.25,1인,S122
2_1391_10936_13267_3213,niihau_2_1391_10936_13267.jpg,plastic debris,plastic_other,0.477,21.9530660,-160.0763484,0.90,0.69,0.618,1.48,0.99,4.94,1인,S122
2_1391_10936_13267_3214,niihau_2_1391_10936_13267.jpg,Plastic_ETC,plastic_other,0.468,21.9530627,-160.0763682,0.72,0.69,0.493,1.18,0.79,3.94,1인,S122
2_1391_10936_13267_3215,niihau_2_1391_10936_13267.jpg,plastic debris,plastic_other,0.456,21.9530131,-160.0763427,1.04,0.89,0.924,2.22,1.48,7.39,1인,S122
2_1391_10936_13267_3216,niihau_2_1391_10936_13267.jpg,plastic debris,plastic_other,0.442,21.9530902,-160.0764097,0.82,0.63,0.512,1.23,0.82,4.10,1인,S122
2_1391_10936_13267_3217,niihau_2_1391_10936_13267.jpg,plastic debris,plastic_other,0.395,21.9529993,-160.0763467,0.49,0.46,0.226,0.54,0.36,1.80,1인,S122
2_1391_10936_13267_3218,niihau_2_1391_10936_13267.jpg,plastic debris,plastic_other,0.378,21.9530366,-160.0764473,0.60,0.60,0.364,0.87,0.58,2.91,1인,S123
2_1391_10936_13267_3219,niihau_2_1391_10936_13267.jpg,plastic debris,plastic_other,0.373,21.9530731,-160.0763403,0.82,0.28,0.230,0.55,0.37,1.84,1인,S122
2_1391_10936_13267_3220,niihau_2_1391_10936_13267.jpg,plastic debris,plastic_other,0.360,21.9531004,-160.0763728,0.67,0.49,0.326,0.78,0.52,2.61,1인,S122
2_1391_10936_13267_3221,niihau_2_1391_10936_13267.jpg,plastic debris,plastic_other,0.356,21.9530337,-160.0763396,0.41,0.21,0.086,0.21,0.14,0.68,1인,S122
2_1391_10936_13267_3222,niihau_2_1391_10936_13267.jpg,plastic debris,plastic_other,0.338,21.9529936,-160.0763778,0.75,0.70,0.523,1.26,0.84,4.18,1인,S122
2_1391_10936_13267_3223,niihau_2_1391_10936_13267.jpg,plastic debris,plastic_other,0.332,21.9530593,-160.0763996,0.47,0.46,0.215,0.52,0.34,1.72,1인,S122
2_1391_10936_13267_3224,niihau_2_1391_10936_13267.jpg,plastic debris,plastic_other,0.331,21.9530714,-160.0763577,0.70,0.68,0.479,1.15,0.77,3.84,1인,S122
2_1391_10936_13267_3225,niihau_2_1391_10936_13267.jpg,plastic debris,plastic_other,0.312,21.9530054,-160.0764046,0.51,0.47,0.243,0.58,0.39,1.94,1인,S122
2_1391_10970_10278_3260,niihau_2_1391_10970_10278.jpg,plastic debris,plastic_other,0.758,21.9535353,-160.0763411,0.55,0.51,0.276,0.66,0.44,2.21,1인,S124
2_1391_10970_10278_3261,niihau_2_1391_10970_10278.jpg,Net,net,0.740,21.9536189,-160.0763480,0.60,0.60,0.364,6.55,2.73,16.36,1인,S124
2_1391_10970_10278_3262,niihau_2_1391_10970_10278.jpg,Plastic_Buoy,plastic_buoy,0.607,21.9535596,-160.0764055,0.66,0.66,0.432,7.77,3.89,10.36,1인,S124
2_1391_10970_10278_3263,niihau_2_1391_10970_10278.jpg,Styrofoam_Piece,eps_fragment,0.523,21.9536190,-160.0763627,0.63,0.60,0.374,0.22,0.15,0.75,1인,S124
2_1391_10970_10278_3264,niihau_2_1391_10970_10278.jpg,plastic debris,plastic_other,0.520,21.9535313,-160.0763434,0.50,0.41,0.206,0.49,0.33,1.65,1인,S124
2_1391_10970_10278_3265,niihau_2_1391_10970_10278.jpg,Plastic_ETC,plastic_other,0.512,21.9536366,-160.0763444,0.69,0.66,0.457,1.10,0.73,3.66,1인,S124
2_1391_10970_10278_3266,niihau_2_1391_10970_10278.jpg,plastic debris,plastic_other,0.505,21.9535535,-160.0763439,0.58,0.52,0.304,0.73,0.49,2.43,1인,S124
2_1391_10970_10278_3267,niihau_2_1391_10970_10278.jpg,plastic debris,plastic_other,0.500,21.9536384,-160.0763763,0.40,0.38,0.151,0.36,0.24,1.21,1인,S124
2_1391_10970_10278_3268,niihau_2_1391_10970_10278.jpg,plastic debris,plastic_other,0.500,21.9535846,-160.0763960,2.54,2.00,5.075,12.18,8.12,40.60,2인,S124
2_1391_10970_10278_3269,niihau_2_1391_10970_10278.jpg,plastic debris,plastic_other,0.489,21.9535568,-160.0764020,0.49,0.48,0.238,0.57,0.38,1.90,1인,S124
2_1391_10970_10278_3270,niihau_2_1391_10970_10278.jpg,Net,net,0.466,21.9536378,-160.0764034,0.65,0.64,0.419,7.54,3.14,18.85,1인,S124
2_1391_10970_10278_3271,niihau_2_1391_10970_10278.jpg,plastic debris,plastic_other,0.435,21.9536129,-160.0764097,0.57,0.54,0.303,0.73,0.49,2.43,1인,S124
2_1391_10970_10278_3272,niihau_2_1391_10970_10278.jpg,plastic debris,plastic_other,0.433,21.9535654,-160.0763464,0.67,0.62,0.415,1.00,0.66,3.32,1인,S124
2_1391_10970_10278_3273,niihau_2_1391_10970_10278.jpg,plastic debris,plastic_other,0.422,21.9536344,-160.0763987,0.48,0.46,0.222,0.53,0.36,1.78,1인,S124
2_1391_10970_10278_3274,niihau_2_1391_10970_10278.jpg,plastic debris,plastic_other,0.409,21.9535677,-160.0763409,1.15,1.02,1.173,2.82,1.88,9.38,1인,S124
2_1391_10970_10278_3275,niihau_2_1391_10970_10278.jpg,plastic debris,plastic_other,0.391,21.9536126,-160.0763470,0.68,0.67,0.454,1.09,0.73,3.64,1인,S124
2_1391_10970_10278_3276,niihau_2_1391_10970_10278.jpg,plastic debris,plastic_other,0.390,21.9535827,-160.0763519,0.60,0.56,0.336,0.81,0.54,2.69,1인,S124
2_1391_10970_10278_3277,niihau_2_1391_10970_10278.jpg,plastic debris,plastic_other,0.382,21.9535435,-160.0763395,0.63,0.62,0.386,0.93,0.62,3.09,1인,S124
2_1391_10970_10278_3278,niihau_2_1391_10970_10278.jpg,plastic debris,plastic_other,0.365,21.9536324,-160.0763550,0.60,0.57,0.343,0.82,0.55,2.75,1인,S124
2_1391_10970_10278_3279,niihau_2_1391_10970_10278.jpg,plastic debris,plastic_other,0.358,21.9535933,-160.0763408,0.51,0.48,0.246,0.59,0.39,1.97,1인,S124
2_1391_10970_10278_3280,niihau_2_1391_10970_10278.jpg,plastic debris,plastic_other,0.309,21.9535892,-160.0763477,0.83,0.77,0.643,1.54,1.03,5.15,1인,S124
2_1391_10970_10278_3281,niihau_2_1391_10970_10278.jpg,plastic debris,plastic_other,0.309,21.9536346,-160.0763394,0.59,0.54,0.320,0.77,0.51,2.56,1인,S124
2_1391_10970_12368_3313,niihau_2_1391_10970_12368.jpg,Plastic_Buoy,plastic_buoy,0.712,21.9532619,-160.0763590,0.74,0.72,0.527,9.49,4.75,12.65,1인,S122
2_1391_10970_12368_3314,niihau_2_1391_10970_12368.jpg,Plastic_ETC,plastic_other,0.712,21.9532312,-160.0763704,0.80,0.75,0.596,1.43,0.95,4.77,1인,S122
2_1391_10970_12368_3315,niihau_2_1391_10970_12368.jpg,plastic debris,plastic_other,0.694,21.9532064,-160.0764141,0.62,0.61,0.374,0.90,0.60,2.99,1인,S122
2_1391_10970_12368_3316,niihau_2_1391_10970_12368.jpg,Plastic_ETC,plastic_other,0.643,21.9531922,-160.0763691,1.35,1.15,1.551,3.72,2.48,12.40,1인,S122
2_1391_10970_12368_3317,niihau_2_1391_10970_12368.jpg,plastic debris,plastic_other,0.626,21.9531706,-160.0763401,0.77,0.68,0.517,1.24,0.83,4.14,1인,S122
2_1391_10970_12368_3318,niihau_2_1391_10970_12368.jpg,plastic debris,plastic_other,0.603,21.9532382,-160.0763558,1.17,0.98,1.149,2.76,1.84,9.19,1인,S122
2_1391_10970_12368_3319,niihau_2_1391_10970_12368.jpg,plastic debris,plastic_other,0.601,21.9531555,-160.0763917,1.06,0.98,1.033,2.48,1.65,8.27,1인,S122
2_1391_10970_12368_3320,niihau_2_1391_10970_12368.jpg,plastic debris,plastic_other,0.601,21.9531805,-160.0763689,0.53,0.48,0.252,0.61,0.40,2.02,1인,S122
2_1391_10970_12368_3321,niihau_2_1391_10970_12368.jpg,PET_Bottle,pet_bottle,0.543,21.9531878,-160.0763560,0.63,0.58,0.362,0.72,0.60,1.19,1인,S122
2_1391_10970_12368_3322,niihau_2_1391_10970_12368.jpg,plastic debris,plastic_other,0.528,21.9532465,-160.0763498,0.76,0.71,0.537,1.29,0.86,4.30,1인,S122
2_1391_10970_12368_3323,niihau_2_1391_10970_12368.jpg,plastic debris,plastic_other,0.487,21.9532071,-160.0763953,0.61,0.60,0.361,0.87,0.58,2.89,1인,S122
2_1391_10970_12368_3324,niihau_2_1391_10970_12368.jpg,plastic debris,plastic_other,0.449,21.9532164,-160.0763997,0.71,0.70,0.496,1.19,0.79,3.97,1인,S122
2_1391_10970_12368_3325,niihau_2_1391_10970_12368.jpg,Net,net,0.428,21.9532307,-160.0763565,0.75,0.74,0.560,10.07,4.20,25.18,2인,S122
2_1391_10970_12368_3326,niihau_2_1391_10970_12368.jpg,plastic debris,plastic_other,0.417,21.9531743,-160.0763950,0.96,0.82,0.783,1.88,1.25,6.26,1인,S122
2_1391_10970_12368_3327,niihau_2_1391_10970_12368.jpg,plastic debris,plastic_other,0.401,21.9531703,-160.0763356,0.82,0.53,0.436,1.05,0.70,3.49,1인,S122
2_1391_10970_12368_3328,niihau_2_1391_10970_12368.jpg,Plastic_ETC,plastic_other,0.397,21.9532116,-160.0763384,0.79,0.61,0.478,1.15,0.77,3.83,1인,S122
2_1391_10970_12368_3329,niihau_2_1391_10970_12368.jpg,plastic debris,plastic_other,0.391,21.9531746,-160.0763524,0.64,0.62,0.394,0.95,0.63,3.16,1인,S122
2_1391_10970_12368_3330,niihau_2_1391_10970_12368.jpg,plastic debris,plastic_other,0.387,21.9532170,-160.0763626,1.75,1.43,2.501,6.00,4.00,20.01,1인,S122
2_1391_10970_12368_3331,niihau_2_1391_10970_12368.jpg,plastic debris,plastic_other,0.376,21.9531671,-160.0764045,0.43,0.41,0.177,0.42,0.28,1.41,1인,S122
2_1391_10970_12368_3332,niihau_2_1391_10970_12368.jpg,plastic debris,plastic_other,0.368,21.9531829,-160.0763455,0.59,0.58,0.341,0.82,0.54,2.72,1인,S122
2_1391_10970_12368_3333,niihau_2_1391_10970_12368.jpg,plastic debris,plastic_other,0.358,21.9532274,-160.0763360,0.54,0.49,0.269,0.65,0.43,2.15,1인,S122
2_1391_10988_12905_3372,niihau_2_1391_10988_12905.jpg,Plastic_Buoy_China,plastic_buoy,0.721,21.9531262,-160.0763350,0.82,0.82,0.674,12.14,6.07,16.18,1인,S122
2_1391_10988_12905_3373,niihau_2_1391_10988_12905.jpg,Plastic_ETC,plastic_other,0.704,21.9531295,-160.0763556,0.72,0.68,0.489,1.17,0.78,3.91,1인,S122
2_1391_10988_12905_3374,niihau_2_1391_10988_12905.jpg,plastic debris,plastic_other,0.670,21.9530656,-160.0763889,0.77,0.76,0.587,1.41,0.94,4.70,1인,S122
2_1391_10988_12905_3375,niihau_2_1391_10988_12905.jpg,plastic debris,plastic_other,0.656,21.9530743,-160.0763735,0.52,0.51,0.262,0.63,0.42,2.10,1인,S122
2_1391_10988_12905_3376,niihau_2_1391_10988_12905.jpg,Rope,rope,0.655,21.9530984,-160.0763689,0.89,0.83,0.743,8.91,5.94,14.85,1인,S122
2_1391_10988_12905_3377,niihau_2_1391_10988_12905.jpg,plastic debris,plastic_other,0.638,21.9531555,-160.0763916,1.03,0.98,1.010,2.42,1.62,8.08,1인,S122
2_1391_10988_12905_3378,niihau_2_1391_10988_12905.jpg,plastic debris,plastic_other,0.633,21.9531238,-160.0763620,0.63,0.63,0.400,0.96,0.64,3.20,1인,S122
2_1391_10988_12905_3379,niihau_2_1391_10988_12905.jpg,plastic debris,plastic_other,0.601,21.9531223,-160.0763427,0.61,0.59,0.362,0.87,0.58,2.90,1인,S122
2_1391_10988_12905_3380,niihau_2_1391_10988_12905.jpg,plastic debris,plastic_other,0.585,21.9531218,-160.0763703,0.52,0.50,0.257,0.62,0.41,2.06,1인,S122
2_1391_10988_12905_3381,niihau_2_1391_10988_12905.jpg,plastic debris,plastic_other,0.565,21.9531279,-160.0763653,0.71,0.65,0.459,1.10,0.73,3.67,1인,S122
2_1391_10988_12905_3382,niihau_2_1391_10988_12905.jpg,plastic debris,plastic_other,0.560,21.9530568,-160.0763457,0.83,0.82,0.676,1.62,1.08,5.40,1인,S122
2_1391_10988_12905_3383,niihau_2_1391_10988_12905.jpg,Plastic_ETC,plastic_other,0.538,21.9530796,-160.0764065,1.33,1.09,1.444,3.46,2.31,11.55,1인,S122
2_1391_10988_12905_3384,niihau_2_1391_10988_12905.jpg,plastic debris,plastic_other,0.535,21.9531365,-160.0763345,0.68,0.60,0.410,0.98,0.66,3.28,1인,S122
2_1391_10988_12905_3385,niihau_2_1391_10988_12905.jpg,Plastic_ETC,plastic_other,0.524,21.9530627,-160.0763673,0.90,0.71,0.640,1.54,1.02,5.12,1인,S122
2_1391_10988_12905_3386,niihau_2_1391_10988_12905.jpg,PET_Bottle,pet_bottle,0.515,21.9530658,-160.0763485,0.87,0.69,0.595,1.18,0.98,1.96,1인,S122
2_1391_10988_12905_3387,niihau_2_1391_10988_12905.jpg,plastic debris,plastic_other,0.504,21.9531205,-160.0763621,0.57,0.54,0.303,0.73,0.49,2.43,1인,S122
2_1391_10988_12905_3388,niihau_2_1391_10988_12905.jpg,plastic debris,plastic_other,0.478,21.9530861,-160.0763982,0.62,0.60,0.372,0.89,0.60,2.98,1인,S122
2_1391_10988_12905_3389,niihau_2_1391_10988_12905.jpg,Plastic_ETC,plastic_other,0.447,21.9531066,-160.0763578,0.81,0.73,0.592,1.42,0.95,4.73,1인,S122
2_1391_10988_12905_3390,niihau_2_1391_10988_12905.jpg,plastic debris,plastic_other,0.370,21.9530651,-160.0763924,0.59,0.44,0.259,0.62,0.42,2.08,1인,S122
2_1391_10988_12905_3391,niihau_2_1391_10988_12905.jpg,plastic debris,plastic_other,0.369,21.9531393,-160.0763556,0.62,0.58,0.355,0.85,0.57,2.84,1인,S122
2_1391_10988_12905_3392,niihau_2_1391_10988_12905.jpg,plastic debris,plastic_other,0.353,21.9530715,-160.0763579,0.70,0.68,0.473,1.14,0.76,3.78,1인,S122
2_1391_10988_12905_3393,niihau_2_1391_10988_12905.jpg,plastic debris,plastic_other,0.353,21.9530855,-160.0764064,0.46,0.44,0.203,0.49,0.32,1.62,1인,S122
2_1391_10988_12905_3394,niihau_2_1391_10988_12905.jpg,plastic debris,plastic_other,0.346,21.9530696,-160.0763366,1.90,1.24,2.359,5.66,3.77,18.87,1인,S122
2_1391_10988_12905_3395,niihau_2_1391_10988_12905.jpg,plastic debris,plastic_other,0.333,21.9531023,-160.0763585,0.79,0.76,0.604,1.45,0.97,4.83,1인,S122
2_1391_10988_12905_3396,niihau_2_1391_10988_12905.jpg,plastic debris,plastic_other,0.322,21.9531666,-160.0764044,0.38,0.27,0.103,0.25,0.16,0.82,1인,S122
2_1391_10995_13850_3433,niihau_2_1391_10995_13850.jpg,Plastic_ETC,plastic_other,0.751,21.9529390,-160.0763675,0.94,0.79,0.739,1.77,1.18,5.91,1인,S121
2_1391_10995_13850_3434,niihau_2_1391_10995_13850.jpg,plastic debris,plastic_other,0.680,21.9529713,-160.0763669,0.86,0.79,0.684,1.64,1.09,5.47,1인,S121
2_1391_10995_13850_3435,niihau_2_1391_10995_13850.jpg,plastic debris,plastic_other,0.672,21.9528929,-160.0763892,0.60,0.58,0.347,0.83,0.56,2.78,1인,S121
2_1391_10995_13850_3436,niihau_2_1391_10995_13850.jpg,plastic debris,plastic_other,0.630,21.9529618,-160.0764122,0.62,0.59,0.366,0.88,0.59,2.93,1인,S121
2_1391_10995_13850_3437,niihau_2_1391_10995_13850.jpg,Plastic_ETC,plastic_other,0.607,21.9529536,-160.0763789,0.72,0.69,0.503,1.21,0.80,4.02,1인,S121
2_1391_10995_13850_3438,niihau_2_1391_10995_13850.jpg,plastic debris,plastic_other,0.565,21.9529853,-160.0763978,0.58,0.57,0.331,0.79,0.53,2.65,1인,S121
2_1391_10995_13850_3439,niihau_2_1391_10995_13850.jpg,plastic debris,plastic_other,0.553,21.9529335,-160.0763950,0.77,0.76,0.590,1.42,0.94,4.72,1인,S121
2_1391_10995_13850_3440,niihau_2_1391_10995_13850.jpg,Plastic_ETC,plastic_other,0.533,21.9529650,-160.0763643,1.16,1.13,1.317,3.16,2.11,10.53,1인,S121
2_1391_10995_13850_3441,niihau_2_1391_10995_13850.jpg,plastic debris,plastic_other,0.473,21.9529462,-160.0763620,0.75,0.72,0.544,1.30,0.87,4.35,1인,S121
2_1391_10995_13850_3442,niihau_2_1391_10995_13850.jpg,Net,net,0.462,21.9529631,-160.0763292,0.74,0.54,0.398,7.17,2.99,17.93,1인,S121
2_1391_10995_13850_3443,niihau_2_1391_10995_13850.jpg,plastic debris,plastic_other,0.428,21.9529417,-160.0763983,1.84,1.70,3.112,7.47,4.98,24.90,2인,S121
2_1391_10995_13850_3444,niihau_2_1391_10995_13850.jpg,plastic debris,plastic_other,0.417,21.9529692,-160.0764083,0.70,0.68,0.474,1.14,0.76,3.79,1인,S121
2_1391_10995_13850_3445,niihau_2_1391_10995_13850.jpg,PET_Bottle,pet_bottle,0.371,21.9529089,-160.0763769,1.09,1.00,1.086,2.15,1.79,3.59,1인,S121
2_1391_10995_13850_3446,niihau_2_1391_10995_13850.jpg,plastic debris,plastic_other,0.360,21.9529791,-160.0763805,1.14,1.01,1.150,2.76,1.84,9.20,1인,S121
2_1391_10995_13850_3447,niihau_2_1391_10995_13850.jpg,plastic debris,plastic_other,0.349,21.9529281,-160.0763993,0.72,0.71,0.514,1.23,0.82,4.11,1인,S121
2_1391_10995_13850_3448,niihau_2_1391_10995_13850.jpg,plastic debris,plastic_other,0.332,21.9528916,-160.0763841,0.72,0.70,0.506,1.21,0.81,4.05,1인,S121
2_1391_10995_13850_3449,niihau_2_1391_10995_13850.jpg,plastic debris,plastic_other,0.330,21.9529363,-160.0763466,0.56,0.54,0.304,0.73,0.49,2.43,1인,S121
2_1391_10995_13850_3450,niihau_2_1391_10995_13850.jpg,plastic debris,plastic_other,0.316,21.9528858,-160.0763863,0.61,0.60,0.361,0.87,0.58,2.89,1인,S121
2_1391_11002_14653_3483,niihau_2_1391_11002_14653.jpg,Plastic_Buoy,plastic_buoy,0.742,21.9527922,-160.0764009,0.72,0.71,0.511,9.20,4.60,12.27,1인,S121
2_1391_11002_14653_3484,niihau_2_1391_11002_14653.jpg,Plastic_ETC,plastic_other,0.707,21.9527889,-160.0764058,0.95,0.81,0.770,1.85,1.23,6.16,1인,S121
2_1391_11002_14653_3485,niihau_2_1391_11002_14653.jpg,Plastic_Buoy,plastic_buoy,0.629,21.9528481,-160.0764451,0.65,0.61,0.395,7.11,3.55,9.48,1인,S121
2_1391_11002_14653_3486,niihau_2_1391_11002_14653.jpg,Plastic_Buoy,plastic_buoy,0.602,21.9527379,-160.0764100,0.63,0.35,0.220,3.95,1.98,5.27,1인,S121
2_1391_11002_14653_3487,niihau_2_1391_11002_14653.jpg,plastic debris,plastic_other,0.589,21.9527607,-160.0764107,0.82,0.77,0.634,1.52,1.02,5.08,1인,S121
2_1391_11002_14653_3488,niihau_2_1391_11002_14653.jpg,Plastic_Buoy,plastic_buoy,0.563,21.9527542,-160.0764060,0.72,0.68,0.488,8.79,4.40,11.72,1인,S121
2_1391_11002_14653_3489,niihau_2_1391_11002_14653.jpg,plastic debris,plastic_other,0.559,21.9528235,-160.0764118,1.90,1.82,3.458,8.30,5.53,27.67,2인,S121
2_1391_11002_14653_3490,niihau_2_1391_11002_14653.jpg,plastic debris,plastic_other,0.488,21.9527920,-160.0764328,0.56,0.53,0.298,0.71,0.48,2.38,1인,S121
2_1391_11002_14653_3491,niihau_2_1391_11002_14653.jpg,plastic debris,plastic_other,0.485,21.9528421,-160.0764230,0.74,0.66,0.487,1.17,0.78,3.90,1인,S121
2_1391_11002_14653_3492,niihau_2_1391_11002_14653.jpg,plastic debris,plastic_other,0.469,21.9527454,-160.0764096,1.07,1.03,1.101,2.64,1.76,8.81,1인,S121
2_1391_11002_14653_3493,niihau_2_1391_11002_14653.jpg,plastic debris,plastic_other,0.458,21.9527965,-160.0764313,0.65,0.64,0.416,1.00,0.67,3.33,1인,S121
2_1391_11002_14653_3494,niihau_2_1391_11002_14653.jpg,plastic debris,plastic_other,0.447,21.9527389,-160.0764307,0.55,0.52,0.284,0.68,0.45,2.27,1인,S121
2_1391_11002_14653_3495,niihau_2_1391_11002_14653.jpg,plastic debris,plastic_other,0.413,21.9527992,-160.0763999,1.43,1.29,1.848,4.44,2.96,14.79,1인,S121
2_1391_11002_14653_3496,niihau_2_1391_11002_14653.jpg,plastic debris,plastic_other,0.400,21.9527647,-160.0763375,0.77,0.72,0.556,1.33,0.89,4.45,1인,S121
2_1391_11002_14653_3497,niihau_2_1391_11002_14653.jpg,plastic debris,plastic_other,0.391,21.9528104,-160.0763294,2.56,1.09,2.788,6.69,4.46,22.31,1인,S121
2_1391_11002_14653_3498,niihau_2_1391_11002_14653.jpg,plastic debris,plastic_other,0.352,21.9527746,-160.0764193,0.67,0.67,0.449,1.08,0.72,3.59,1인,S121
2_1391_11002_14653_3499,niihau_2_1391_11002_14653.jpg,plastic debris,plastic_other,0.351,21.9528445,-160.0763909,0.88,0.76,0.671,1.61,1.07,5.37,1인,S121
2_1391_11002_14653_3500,niihau_2_1391_11002_14653.jpg,plastic debris,plastic_other,0.345,21.9528322,-160.0764304,0.59,0.57,0.336,0.81,0.54,2.69,1인,S121
2_1391_11017_10986_3546,niihau_2_1391_11017_10986.jpg,Plastic_Buoy,plastic_buoy,0.739,21.9534755,-160.0763938,0.77,0.73,0.565,10.17,5.08,13.55,1인,S124
2_1391_11017_10986_3547,niihau_2_1391_11017_10986.jpg,Styrofoam_Buoy,eps_buoy,0.732,21.9535085,-160.0763409,2.43,1.41,3.428,29.99,12.85,34.28,2인,S124
2_1391_11017_10986_3548,niihau_2_1391_11017_10986.jpg,Net,net,0.705,21.9534090,-160.0763542,0.59,0.58,0.346,6.22,2.59,15.56,1인,S124
2_1391_11017_10986_3549,niihau_2_1391_11017_10986.jpg,plastic debris,plastic_other,0.704,21.9534451,-160.0763452,0.69,0.65,0.448,1.08,0.72,3.59,1인,S124
2_1391_11017_10986_3550,niihau_2_1391_11017_10986.jpg,Plastic_ETC,plastic_other,0.634,21.9534191,-160.0763638,0.69,0.63,0.433,1.04,0.69,3.47,1인,S124
2_1391_11017_10986_3551,niihau_2_1391_11017_10986.jpg,plastic debris,plastic_other,0.614,21.9534255,-160.0763558,1.40,1.26,1.766,4.24,2.82,14.12,1인,S124
2_1391_11017_10986_3552,niihau_2_1391_11017_10986.jpg,plastic debris,plastic_other,0.511,21.9534279,-160.0763320,1.87,1.27,2.374,5.70,3.80,18.99,1인,S124
2_1391_11017_10986_3553,niihau_2_1391_11017_10986.jpg,plastic debris,plastic_other,0.507,21.9534976,-160.0763885,0.45,0.45,0.200,0.48,0.32,1.60,1인,S124
2_1391_11017_10986_3554,niihau_2_1391_11017_10986.jpg,plastic debris,plastic_other,0.453,21.9534153,-160.0763694,0.69,0.63,0.429,1.03,0.69,3.43,1인,S124
2_1391_11017_10986_3555,niihau_2_1391_11017_10986.jpg,plastic debris,plastic_other,0.446,21.9534831,-160.0763417,0.88,0.86,0.752,1.80,1.20,6.02,1인,S124
2_1391_11017_10986_3556,niihau_2_1391_11017_10986.jpg,plastic debris,plastic_other,0.439,21.9535043,-160.0763585,0.47,0.47,0.221,0.53,0.35,1.77,1인,S124
2_1391_11017_10986_3557,niihau_2_1391_11017_10986.jpg,plastic debris,plastic_other,0.410,21.9534676,-160.0763588,1.12,0.98,1.101,2.64,1.76,8.81,1인,S124
2_1391_11017_10986_3558,niihau_2_1391_11017_10986.jpg,plastic debris,plastic_other,0.391,21.9534413,-160.0763722,1.91,1.30,2.479,5.95,3.97,19.83,1인,S124
2_1391_11017_10986_3559,niihau_2_1391_11017_10986.jpg,plastic debris,plastic_other,0.386,21.9534005,-160.0763635,0.57,0.30,0.169,0.40,0.27,1.35,1인,S124
2_1391_11017_10986_3560,niihau_2_1391_11017_10986.jpg,plastic debris,plastic_other,0.362,21.9534567,-160.0763303,1.36,0.89,1.207,2.90,1.93,9.65,1인,S124
2_1391_11017_10986_3561,niihau_2_1391_11017_10986.jpg,Plastic_ETC,plastic_other,0.348,21.9534127,-160.0763653,0.79,0.72,0.572,1.37,0.92,4.58,1인,S124
2_1391_11017_10986_3562,niihau_2_1391_11017_10986.jpg,plastic debris,plastic_other,0.348,21.9534334,-160.0763527,0.64,0.61,0.392,0.94,0.63,3.13,1인,S124
2_1391_11017_10986_3563,niihau_2_1391_11017_10986.jpg,plastic debris,plastic_other,0.343,21.9534998,-160.0763284,0.61,0.42,0.254,0.61,0.41,2.03,1인,S124
2_1391_11017_10986_3564,niihau_2_1391_11017_10986.jpg,plastic debris,plastic_other,0.337,21.9534092,-160.0763440,0.91,0.75,0.687,1.65,1.10,5.50,1인,S124
2_1391_11017_10986_3565,niihau_2_1391_11017_10986.jpg,plastic debris,plastic_other,0.304,21.9534714,-160.0763940,0.52,0.44,0.228,0.55,0.37,1.83,1인,S124
2_1391_11191_11822_3602,niihau_2_1391_11191_11822.jpg,Plastic_ETC,plastic_other,0.581,21.9532620,-160.0763591,0.73,0.72,0.529,1.27,0.85,4.23,1인,S122
2_1391_11191_11822_3603,niihau_2_1391_11191_11822.jpg,PET_Bottle,pet_bottle,0.538,21.9532778,-160.0763544,0.80,0.76,0.606,1.20,1.00,2.00,1인,S122
2_1391_11191_11822_3604,niihau_2_1391_11191_11822.jpg,Plastic_ETC,plastic_other,0.533,21.9532731,-160.0763511,0.80,0.79,0.628,1.51,1.01,5.03,1인,S122
2_1391_11191_11822_3605,niihau_2_1391_11191_11822.jpg,plastic debris,plastic_other,0.526,21.9532894,-160.0763514,0.74,0.71,0.525,1.26,0.84,4.20,1인,S122
2_1391_11191_11822_3606,niihau_2_1391_11191_11822.jpg,plastic debris,plastic_other,0.522,21.9533139,-160.0763553,0.74,0.69,0.509,1.22,0.81,4.07,1인,S125
2_1391_11191_11822_3607,niihau_2_1391_11191_11822.jpg,plastic debris,plastic_other,0.522,21.9532768,-160.0763406,0.76,0.75,0.573,1.37,0.92,4.58,1인,S122
2_1391_11191_11822_3608,niihau_2_1391_11191_11822.jpg,plastic debris,plastic_other,0.517,21.9533350,-160.0763579,0.64,0.63,0.404,0.97,0.65,3.23,1인,S124
2_1391_11191_11822_3609,niihau_2_1391_11191_11822.jpg,plastic debris,plastic_other,0.513,21.9533282,-160.0763630,0.57,0.53,0.304,0.73,0.49,2.43,1인,S125
2_1391_11191_11822_3610,niihau_2_1391_11191_11822.jpg,plastic debris,plastic_other,0.508,21.9532913,-160.0763555,0.61,0.59,0.364,0.87,0.58,2.91,1인,S125
2_1391_11191_11822_3611,niihau_2_1391_11191_11822.jpg,plastic debris,plastic_other,0.402,21.9533072,-160.0763892,0.46,0.46,0.211,0.51,0.34,1.69,1인,S125
2_1391_11191_11822_3612,niihau_2_1391_11191_11822.jpg,plastic debris,plastic_other,0.396,21.9532980,-160.0763768,0.59,0.55,0.321,0.77,0.51,2.57,1인,S125
2_1391_11191_11822_3613,niihau_2_1391_11191_11822.jpg,plastic debris,plastic_other,0.369,21.9533007,-160.0763715,0.60,0.54,0.322,0.77,0.52,2.58,1인,S125
2_1391_11191_11822_3614,niihau_2_1391_11191_11822.jpg,plastic debris,plastic_other,0.362,21.9532638,-160.0763498,0.49,0.47,0.230,0.55,0.37,1.84,1인,S122
2_1391_11191_11822_3615,niihau_2_1391_11191_11822.jpg,plastic debris,plastic_other,0.360,21.9532502,-160.0763524,0.53,0.44,0.234,0.56,0.37,1.87,1인,S122
2_1391_11191_11822_3616,niihau_2_1391_11191_11822.jpg,plastic debris,plastic_other,0.358,21.9533340,-160.0764067,0.46,0.43,0.196,0.47,0.31,1.56,1인,S125
2_1391_11191_11822_3617,niihau_2_1391_11191_11822.jpg,plastic debris,plastic_other,0.349,21.9533064,-160.0763768,0.51,0.49,0.251,0.60,0.40,2.01,1인,S125
2_1391_11191_11822_3618,niihau_2_1391_11191_11822.jpg,plastic debris,plastic_other,0.308,21.9533072,-160.0763582,0.67,0.65,0.438,1.05,0.70,3.50,1인,S125
2_1391_11210_9216_3648,niihau_2_1391_11210_9216.jpg,plastic debris,plastic_other,0.845,21.9537433,-160.0763348,0.66,0.64,0.424,1.02,0.68,3.39,1인,S126
2_1391_11210_9216_3649,niihau_2_1391_11210_9216.jpg,Plastic_Buoy,plastic_buoy,0.677,21.9537662,-160.0763648,0.66,0.65,0.425,7.65,3.83,10.21,1인,S126
2_1391_11210_9216_3650,niihau_2_1391_11210_9216.jpg,Plastic_ETC,plastic_other,0.663,21.9537491,-160.0762960,1.36,1.06,1.439,3.45,2.30,11.51,1인,S126
2_1391_11210_9216_3651,niihau_2_1391_11210_9216.jpg,Plastic_Buoy,plastic_buoy,0.650,21.9537983,-160.0762934,0.61,0.44,0.271,4.89,2.44,6.51,1인,S126
2_1391_11210_9216_3652,niihau_2_1391_11210_9216.jpg,Plastic_ETC,plastic_other,0.650,21.9537748,-160.0763006,0.97,0.96,0.934,2.24,1.49,7.47,1인,S126
2_1391_11210_9216_3653,niihau_2_1391_11210_9216.jpg,plastic debris,plastic_other,0.621,21.9538313,-160.0763501,0.48,0.46,0.219,0.52,0.35,1.75,1인,S126
2_1391_11210_9216_3654,niihau_2_1391_11210_9216.jpg,plastic debris,plastic_other,0.615,21.9537797,-160.0763077,0.64,0.60,0.384,0.92,0.61,3.07,1인,S126
2_1391_11210_9216_3655,niihau_2_1391_11210_9216.jpg,plastic debris,plastic_other,0.604,21.9537216,-160.0763415,0.81,0.57,0.465,1.12,0.74,3.72,1인,S126
2_1391_11210_9216_3656,niihau_2_1391_11210_9216.jpg,Plastic_ETC,plastic_other,0.585,21.9537425,-160.0763016,0.71,0.67,0.478,1.15,0.76,3.82,1인,S126
2_1391_11210_9216_3657,niihau_2_1391_11210_9216.jpg,plastic debris,plastic_other,0.583,21.9537915,-160.0762933,0.59,0.43,0.252,0.60,0.40,2.02,1인,S126
2_1391_11210_9216_3658,niihau_2_1391_11210_9216.jpg,Plastic_Buoy,plastic_buoy,0.579,21.9538238,-160.0763379,0.62,0.60,0.372,6.69,3.34,8.92,1인,S126
2_1391_11210_9216_3659,niihau_2_1391_11210_9216.jpg,plastic debris,plastic_other,0.577,21.9537608,-160.0763006,0.52,0.50,0.258,0.62,0.41,2.06,1인,S126
2_1391_11210_9216_3660,niihau_2_1391_11210_9216.jpg,plastic debris,plastic_other,0.561,21.9538035,-160.0763075,0.54,0.54,0.290,0.70,0.46,2.32,1인,S126
2_1391_11210_9216_3661,niihau_2_1391_11210_9216.jpg,PET_Bottle,pet_bottle,0.537,21.9537592,-160.0763406,0.58,0.57,0.333,0.66,0.55,1.10,1인,S126
2_1391_11210_9216_3662,niihau_2_1391_11210_9216.jpg,plastic debris,plastic_other,0.534,21.9537641,-160.0763057,0.58,0.47,0.272,0.65,0.44,2.18,1인,S126
2_1391_11210_9216_3663,niihau_2_1391_11210_9216.jpg,Plastic_ETC,plastic_other,0.532,21.9537213,-160.0763880,1.11,0.56,0.627,1.51,1.00,5.02,1인,S126
2_1391_11210_9216_3664,niihau_2_1391_11210_9216.jpg,plastic debris,plastic_other,0.530,21.9537275,-160.0763005,0.65,0.64,0.411,0.99,0.66,3.29,1인,S126
2_1391_11210_9216_3665,niihau_2_1391_11210_9216.jpg,plastic debris,plastic_other,0.517,21.9537768,-160.0763531,1.05,1.00,1.058,2.54,1.69,8.46,1인,S126
2_1391_11210_9216_3666,niihau_2_1391_11210_9216.jpg,plastic debris,plastic_other,0.501,21.9538079,-160.0763436,0.85,0.74,0.633,1.52,1.01,5.07,1인,S126
2_1391_11210_9216_3667,niihau_2_1391_11210_9216.jpg,plastic debris,plastic_other,0.487,21.9537269,-160.0763703,0.65,0.60,0.385,0.92,0.62,3.08,1인,S126
2_1391_11210_9216_3668,niihau_2_1391_11210_9216.jpg,Plastic_Buoy,plastic_buoy,0.473,21.9537879,-160.0763169,0.82,0.81,0.663,11.94,5.97,15.92,1인,S126
2_1391_11210_9216_3669,niihau_2_1391_11210_9216.jpg,plastic debris,plastic_other,0.459,21.9537919,-160.0763027,0.51,0.51,0.261,0.63,0.42,2.09,1인,S126
2_1391_11210_9216_3670,niihau_2_1391_11210_9216.jpg,PET_Bottle,pet_bottle,0.421,21.9538129,-160.0763725,0.55,0.54,0.298,0.59,0.49,0.98,1인,S126
2_1391_11210_9216_3671,niihau_2_1391_11210_9216.jpg,Net,net,0.417,21.9537372,-160.0763115,0.82,0.81,0.667,12.00,5.00,30.00,2인,S126
2_1391_11210_9216_3672,niihau_2_1391_11210_9216.jpg,plastic debris,plastic_other,0.382,21.9538277,-160.0763140,1.58,1.37,2.158,5.18,3.45,17.27,1인,S126
2_1391_11210_9216_3673,niihau_2_1391_11210_9216.jpg,Net,net,0.300,21.9537435,-160.0763668,0.63,0.62,0.387,6.96,2.90,17.40,1인,S126
2_1391_11232_11353_3710,niihau_2_1391_11232_11353.jpg,plastic debris,plastic_other,0.729,21.9534452,-160.0763451,0.70,0.66,0.464,1.11,0.74,3.72,1인,S124
2_1391_11232_11353_3711,niihau_2_1391_11232_11353.jpg,plastic debris,plastic_other,0.690,21.9533982,-160.0763630,0.75,0.73,0.550,1.32,0.88,4.40,1인,S124
2_1391_11232_11353_3712,niihau_2_1391_11232_11353.jpg,Plastic_ETC,plastic_other,0.648,21.9534191,-160.0763637,0.71,0.67,0.479,1.15,0.77,3.83,1인,S124
2_1391_11232_11353_3713,niihau_2_1391_11232_11353.jpg,plastic debris,plastic_other,0.602,21.9534292,-160.0763256,3.07,3.00,9.214,22.11,14.74,73.71,장비,S124
2_1391_11232_11353_3714,niihau_2_1391_11232_11353.jpg,Net,net,0.562,21.9534090,-160.0763541,0.63,0.61,0.386,6.95,2.90,17.38,1인,S124
2_1391_11232_11353_3715,niihau_2_1391_11232_11353.jpg,plastic debris,plastic_other,0.533,21.9534256,-160.0763557,1.42,1.34,1.910,4.59,3.06,15.28,1인,S124
2_1391_11232_11353_3716,niihau_2_1391_11232_11353.jpg,plastic debris,plastic_other,0.531,21.9533658,-160.0763587,1.11,1.10,1.223,2.93,1.96,9.78,1인,S124
2_1391_11232_11353_3717,niihau_2_1391_11232_11353.jpg,plastic debris,plastic_other,0.406,21.9533355,-160.0763578,0.66,0.58,0.382,0.92,0.61,3.06,1인,S124
2_1391_11232_11353_3718,niihau_2_1391_11232_11353.jpg,plastic debris,plastic_other,0.380,21.9534411,-160.0763719,1.62,1.23,1.997,4.79,3.20,15.98,1인,S124
2_1391_11232_11353_3719,niihau_2_1391_11232_11353.jpg,plastic debris,plastic_other,0.307,21.9534154,-160.0763694,0.64,0.58,0.375,0.90,0.60,3.00,1인,S124
2_1391_11260_10677_3744,niihau_2_1391_11260_10677.jpg,Styrofoam_Buoy,eps_buoy,0.829,21.9535114,-160.0763402,2.52,2.42,6.090,53.29,22.84,60.90,장비,S124
2_1391_11260_10677_3745,niihau_2_1391_11260_10677.jpg,plastic debris,plastic_other,0.695,21.9534754,-160.0763937,0.73,0.70,0.507,1.22,0.81,4.06,1인,S124
2_1391_11260_10677_3746,niihau_2_1391_11260_10677.jpg,plastic debris,plastic_other,0.693,21.9535352,-160.0763411,0.54,0.51,0.279,0.67,0.45,2.23,1인,S124
2_1391_11260_10677_3747,niihau_2_1391_11260_10677.jpg,plastic debris,plastic_other,0.530,21.9535225,-160.0763018,2.70,2.45,6.608,15.86,10.57,52.86,장비,S124
2_1391_11260_10677_3748,niihau_2_1391_11260_10677.jpg,plastic debris,plastic_other,0.501,21.9534977,-160.0763885,0.46,0.43,0.200,0.48,0.32,1.60,1인,S124
2_1391_11260_10677_3749,niihau_2_1391_11260_10677.jpg,Net,net,0.485,21.9535537,-160.0763437,0.55,0.49,0.271,4.87,2.03,12.18,1인,S124
2_1391_11260_10677_3750,niihau_2_1391_11260_10677.jpg,plastic debris,plastic_other,0.484,21.9535569,-160.0764018,0.45,0.39,0.176,0.42,0.28,1.40,1인,S124
2_1391_11260_10677_3751,niihau_2_1391_11260_10677.jpg,plastic debris,plastic_other,0.472,21.9534832,-160.0763417,0.78,0.77,0.604,1.45,0.97,4.83,1인,S124
2_1391_11260_10677_3752,niihau_2_1391_11260_10677.jpg,plastic debris,plastic_other,0.464,21.9535391,-160.0763140,0.75,0.70,0.527,1.26,0.84,4.22,1인,S124
2_1391_11260_10677_3753,niihau_2_1391_11260_10677.jpg,plastic debris,plastic_other,0.461,21.9535314,-160.0763434,0.50,0.42,0.208,0.50,0.33,1.67,1인,S124
2_1391_11260_10677_3754,niihau_2_1391_11260_10677.jpg,plastic debris,plastic_other,0.455,21.9535042,-160.0763585,0.45,0.45,0.204,0.49,0.33,1.63,1인,S124
2_1391_11260_10677_3755,niihau_2_1391_11260_10677.jpg,plastic debris,plastic_other,0.439,21.9534601,-160.0763540,0.58,0.55,0.319,0.77,0.51,2.55,1인,S124
2_1391_11260_10677_3756,niihau_2_1391_11260_10677.jpg,plastic debris,plastic_other,0.407,21.9535588,-160.0763167,0.61,0.59,0.360,0.86,0.58,2.88,1인,S124
2_1391_11260_10677_3757,niihau_2_1391_11260_10677.jpg,plastic debris,plastic_other,0.370,21.9534724,-160.0763426,0.50,0.47,0.235,0.56,0.38,1.88,1인,S124
2_1391_11260_10677_3758,niihau_2_1391_11260_10677.jpg,plastic debris,plastic_other,0.363,21.9534677,-160.0763580,1.34,1.31,1.748,4.19,2.80,13.98,1인,S124
2_1391_11260_10677_3759,niihau_2_1391_11260_10677.jpg,plastic debris,plastic_other,0.339,21.9535532,-160.0763463,0.51,0.46,0.236,0.57,0.38,1.89,1인,S124
2_1391_11260_10677_3760,niihau_2_1391_11260_10677.jpg,plastic debris,plastic_other,0.338,21.9534713,-160.0763940,0.47,0.43,0.204,0.49,0.33,1.63,1인,S124
2_1391_11260_10677_3761,niihau_2_1391_11260_10677.jpg,plastic debris,plastic_other,0.304,21.9534567,-160.0763582,0.50,0.38,0.193,0.46,0.31,1.54,1인,S124
2_1391_11260_10677_3762,niihau_2_1391_11260_10677.jpg,plastic debris,plastic_other,0.302,21.9535476,-160.0763072,0.65,0.54,0.347,0.83,0.56,2.78,1인,S124
2_1391_11272_6711_3815,niihau_2_1391_11272_6711.jpg,Net,net,0.659,21.9542657,-160.0763596,0.67,0.66,0.441,7.94,3.31,19.84,1인,S127
2_1391_11272_6711_3816,niihau_2_1391_11272_6711.jpg,plastic debris,plastic_other,0.631,21.9541794,-160.0763128,0.66,0.66,0.434,1.04,0.69,3.47,1인,S127
2_1391_11272_6711_3817,niihau_2_1391_11272_6711.jpg,plastic debris,plastic_other,0.590,21.9541945,-160.0763485,1.60,1.29,2.061,4.95,3.30,16.49,1인,S127
2_1391_11272_6711_3818,niihau_2_1391_11272_6711.jpg,Plastic_Buoy,plastic_buoy,0.536,21.9542391,-160.0763161,0.63,0.61,0.386,6.96,3.48,9.27,1인,S127
2_1391_11272_6711_3819,niihau_2_1391_11272_6711.jpg,plastic debris,plastic_other,0.484,21.9541765,-160.0762867,0.95,0.95,0.903,2.17,1.44,7.22,1인,S127
2_1391_11272_6711_3820,niihau_2_1391_11272_6711.jpg,Plastic_Buoy,plastic_buoy,0.413,21.9542124,-160.0762946,0.72,0.70,0.504,9.07,4.53,12.09,1인,S127
2_1391_11272_6711_3821,niihau_2_1391_11272_6711.jpg,plastic debris,plastic_other,0.407,21.9542097,-160.0763118,0.45,0.41,0.187,0.45,0.30,1.50,1인,S127
2_1391_11272_6711_3822,niihau_2_1391_11272_6711.jpg,plastic debris,plastic_other,0.386,21.9541991,-160.0762843,0.53,0.43,0.228,0.55,0.37,1.83,1인,S127
2_1391_11272_6711_3823,niihau_2_1391_11272_6711.jpg,plastic debris,plastic_other,0.343,21.9542687,-160.0763386,0.48,0.47,0.226,0.54,0.36,1.81,1인,S127
2_1391_11272_6711_3824,niihau_2_1391_11272_6711.jpg,Net,net,0.334,21.9542526,-160.0763041,0.85,0.77,0.652,11.73,4.89,29.33,2인,S127
2_1391_11272_6711_3825,niihau_2_1391_11272_6711.jpg,Plastic_Buoy,plastic_buoy,0.322,21.9541914,-160.0763235,0.70,0.68,0.475,8.55,4.28,11.40,1인,S127
2_1391_11272_9629_3845,niihau_2_1391_11272_9629.jpg,Net,net,0.781,21.9536536,-160.0763407,0.57,0.56,0.320,5.76,2.40,14.41,1인,S124
2_1391_11272_9629_3846,niihau_2_1391_11272_9629.jpg,Plastic_ETC,plastic_other,0.774,21.9536698,-160.0763383,0.70,0.70,0.488,1.17,0.78,3.90,1인,S124
2_1391_11272_9629_3847,niihau_2_1391_11272_9629.jpg,plastic debris,plastic_other,0.768,21.9537434,-160.0763347,0.66,0.63,0.419,1.01,0.67,3.35,1인,S126
2_1391_11272_9629_3848,niihau_2_1391_11272_9629.jpg,Plastic_ETC,plastic_other,0.762,21.9536858,-160.0763169,0.77,0.71,0.547,1.31,0.87,4.37,1인,S124
2_1391_11272_9629_3849,niihau_2_1391_11272_9629.jpg,PET_Bottle,pet_bottle,0.738,21.9536636,-160.0763244,0.96,0.78,0.746,1.48,1.23,2.46,1인,S124
2_1391_11272_9629_3850,niihau_2_1391_11272_9629.jpg,plastic debris,plastic_other,0.685,21.9536730,-160.0763264,1.05,0.93,0.979,2.35,1.57,7.83,1인,S124
2_1391_11272_9629_3851,niihau_2_1391_11272_9629.jpg,Plastic_ETC,plastic_other,0.667,21.9537424,-160.0763016,0.69,0.66,0.455,1.09,0.73,3.64,1인,S126
2_1391_11272_9629_3852,niihau_2_1391_11272_9629.jpg,Styrofoam_Piece,eps_fragment,0.659,21.9537105,-160.0763027,0.75,0.70,0.531,0.32,0.21,1.06,1인,S126
2_1391_11272_9629_3853,niihau_2_1391_11272_9629.jpg,Styrofoam_Piece,eps_fragment,0.626,21.9536948,-160.0763207,0.69,0.64,0.438,0.26,0.18,0.88,1인,S126
2_1391_11272_9629_3854,niihau_2_1391_11272_9629.jpg,plastic debris,plastic_other,0.603,21.9536971,-160.0763158,0.68,0.68,0.464,1.11,0.74,3.71,1인,S126
2_1391_11272_9629_3855,niihau_2_1391_11272_9629.jpg,plastic debris,plastic_other,0.602,21.9536857,-160.0763298,0.70,0.68,0.472,1.13,0.76,3.78,1인,S124
2_1391_11272_9629_3856,niihau_2_1391_11272_9629.jpg,Plastic_ETC,plastic_other,0.588,21.9537469,-160.0762858,0.80,0.72,0.570,1.37,0.91,4.56,1인,S126
2_1391_11272_9629_3857,niihau_2_1391_11272_9629.jpg,Plastic_ETC,plastic_other,0.576,21.9537492,-160.0762950,1.33,1.15,1.539,3.69,2.46,12.31,1인,S126
2_1391_11272_9629_3858,niihau_2_1391_11272_9629.jpg,plastic debris,plastic_other,0.574,21.9537584,-160.0763405,0.67,0.37,0.249,0.60,0.40,1.99,1인,S126
2_1391_11272_9629_3859,niihau_2_1391_11272_9629.jpg,plastic debris,plastic_other,0.563,21.9537177,-160.0763426,1.34,1.09,1.458,3.50,2.33,11.66,1인,S126
2_1391_11272_9629_3860,niihau_2_1391_11272_9629.jpg,plastic debris,plastic_other,0.556,21.9537200,-160.0763875,1.09,0.80,0.869,2.09,1.39,6.95,1인,S126
2_1391_11272_9629_3861,niihau_2_1391_11272_9629.jpg,Plastic_Buoy,plastic_buoy,0.523,21.9536462,-160.0763476,0.51,0.41,0.207,3.72,1.86,4.96,1인,S124
2_1391_11272_9629_3862,niihau_2_1391_11272_9629.jpg,plastic debris,plastic_other,0.513,21.9536850,-160.0763741,0.50,0.47,0.236,0.57,0.38,1.89,1인,S124
2_1391_11272_9629_3863,niihau_2_1391_11272_9629.jpg,plastic debris,plastic_other,0.500,21.9536746,-160.0763078,0.56,0.56,0.314,0.75,0.50,2.51,1인,S124
2_1391_11272_9629_3864,niihau_2_1391_11272_9629.jpg,plastic debris,plastic_other,0.496,21.9536837,-160.0763120,0.54,0.49,0.263,0.63,0.42,2.10,1인,S124
2_1391_11272_9629_3865,niihau_2_1391_11272_9629.jpg,plastic debris,plastic_other,0.475,21.9537191,-160.0763815,0.52,0.52,0.272,0.65,0.43,2.17,1인,S126
2_1391_11272_9629_3866,niihau_2_1391_11272_9629.jpg,Plastic_ETC,plastic_other,0.474,21.9536472,-160.0763281,1.29,0.59,0.762,1.83,1.22,6.10,1인,S124
2_1391_11272_9629_3867,niihau_2_1391_11272_9629.jpg,plastic debris,plastic_other,0.453,21.9537276,-160.0763004,0.64,0.63,0.402,0.97,0.64,3.22,1인,S126
2_1391_11272_9629_3868,niihau_2_1391_11272_9629.jpg,PET_Bottle,pet_bottle,0.451,21.9537026,-160.0763138,0.71,0.64,0.454,0.90,0.75,1.50,1인,S126
2_1391_11272_9629_3869,niihau_2_1391_11272_9629.jpg,PET_Bottle,pet_bottle,0.441,21.9536487,-160.0763572,0.83,0.57,0.472,0.93,0.78,1.56,1인,S124
2_1391_11272_9629_3870,niihau_2_1391_11272_9629.jpg,PET_Bottle,pet_bottle,0.436,21.9536769,-160.0762874,0.84,0.84,0.712,1.41,1.17,2.35,1인,S124
2_1391_11272_9629_3871,niihau_2_1391_11272_9629.jpg,plastic debris,plastic_other,0.410,21.9537088,-160.0763088,0.84,0.83,0.700,1.68,1.12,5.60,1인,S126
2_1391_11272_9629_3872,niihau_2_1391_11272_9629.jpg,plastic debris,plastic_other,0.382,21.9537249,-160.0762847,1.24,1.06,1.316,3.16,2.11,10.53,1인,S126
2_1391_11272_9629_3873,niihau_2_1391_11272_9629.jpg,plastic debris,plastic_other,0.371,21.9537373,-160.0762925,0.55,0.54,0.292,0.70,0.47,2.34,1인,S126
2_1391_11272_9629_3874,niihau_2_1391_11272_9629.jpg,Net,net,0.367,21.9537437,-160.0763669,0.61,0.59,0.359,6.46,2.69,16.16,1인,S126
2_1391_11272_9629_3875,niihau_2_1391_11272_9629.jpg,plastic debris,plastic_other,0.353,21.9536596,-160.0762828,0.53,0.49,0.258,0.62,0.41,2.06,1인,S124
2_1391_11272_9629_3876,niihau_2_1391_11272_9629.jpg,plastic debris,plastic_other,0.316,21.9537052,-160.0763009,0.50,0.49,0.245,0.59,0.39,1.96,1인,S126
2_1391_11272_9629_3877,niihau_2_1391_11272_9629.jpg,plastic debris,plastic_other,0.312,21.9537266,-160.0763130,0.59,0.56,0.332,0.80,0.53,2.66,1인,S126
2_1391_11272_9629_3878,niihau_2_1391_11272_9629.jpg,Plastic_Buoy_China,plastic_buoy,0.310,21.9537433,-160.0762859,0.62,0.58,0.359,6.46,3.23,8.61,1인,S126
2_1391_11272_9629_3879,niihau_2_1391_11272_9629.jpg,Rope,rope,0.301,21.9537125,-160.0763118,0.68,0.63,0.426,5.11,3.41,8.51,1인,S126
2_1391_11304_10118_3928,niihau_2_1391_11304_10118.jpg,Net,net,0.793,21.9536536,-160.0763406,0.57,0.57,0.323,5.82,2.42,14.55,1인,S124
2_1391_11304_10118_3929,niihau_2_1391_11304_10118.jpg,PET_Bottle,pet_bottle,0.757,21.9536636,-160.0763243,0.95,0.77,0.736,1.46,1.21,2.43,1인,S124
2_1391_11304_10118_3930,niihau_2_1391_11304_10118.jpg,Plastic_ETC,plastic_other,0.756,21.9536693,-160.0763383,0.66,0.55,0.364,0.87,0.58,2.91,1인,S124
2_1391_11304_10118_3931,niihau_2_1391_11304_10118.jpg,Net,net,0.694,21.9536190,-160.0763480,0.62,0.61,0.381,6.85,2.85,17.13,1인,S124
2_1391_11304_10118_3932,niihau_2_1391_11304_10118.jpg,plastic debris,plastic_other,0.627,21.9536189,-160.0763627,0.64,0.61,0.393,0.94,0.63,3.14,1인,S124
2_1391_11304_10118_3933,niihau_2_1391_11304_10118.jpg,plastic debris,plastic_other,0.613,21.9536456,-160.0763475,0.52,0.52,0.271,0.65,0.43,2.17,1인,S124
2_1391_11304_10118_3934,niihau_2_1391_11304_10118.jpg,plastic debris,plastic_other,0.583,21.9536366,-160.0763444,0.72,0.68,0.489,1.17,0.78,3.91,1인,S124
2_1391_11304_10118_3935,niihau_2_1391_11304_10118.jpg,Rope,rope,0.550,21.9536366,-160.0763030,1.83,1.16,2.119,25.43,16.96,42.39,2인,S124
2_1391_11304_10118_3936,niihau_2_1391_11304_10118.jpg,plastic debris,plastic_other,0.544,21.9535857,-160.0763893,1.59,1.25,1.991,4.78,3.19,15.93,1인,S124
2_1391_11304_10118_3937,niihau_2_1391_11304_10118.jpg,Plastic_ETC,plastic_other,0.543,21.9536448,-160.0763267,0.79,0.74,0.589,1.41,0.94,4.72,1인,S124
2_1391_11304_10118_3938,niihau_2_1391_11304_10118.jpg,plastic debris,plastic_other,0.501,21.9536384,-160.0763761,0.43,0.40,0.171,0.41,0.27,1.37,1인,S124
2_1391_11304_10118_3939,niihau_2_1391_11304_10118.jpg,plastic debris,plastic_other,0.496,21.9536454,-160.0763013,1.76,1.53,2.703,6.49,4.33,21.63,1인,S124
2_1391_11304_10118_3940,niihau_2_1391_11304_10118.jpg,plastic debris,plastic_other,0.423,21.9535829,-160.0763519,0.64,0.62,0.396,0.95,0.63,3.17,1인,S124
2_1391_11304_10118_3941,niihau_2_1391_11304_10118.jpg,plastic debris,plastic_other,0.387,21.9535935,-160.0763408,0.54,0.50,0.272,0.65,0.44,2.18,1인,S124
2_1391_11304_10118_3942,niihau_2_1391_11304_10118.jpg,plastic debris,plastic_other,0.362,21.9536125,-160.0763469,0.69,0.68,0.470,1.13,0.75,3.76,1인,S124
2_1391_11304_10118_3943,niihau_2_1391_11304_10118.jpg,plastic debris,plastic_other,0.350,21.9536347,-160.0763391,0.62,0.61,0.375,0.90,0.60,3.00,1인,S124
2_1391_11304_10118_3944,niihau_2_1391_11304_10118.jpg,plastic debris,plastic_other,0.340,21.9536594,-160.0762830,0.55,0.49,0.267,0.64,0.43,2.14,1인,S124
2_1391_11304_10118_3945,niihau_2_1391_11304_10118.jpg,plastic debris,plastic_other,0.307,21.9535592,-160.0763162,0.71,0.65,0.466,1.12,0.75,3.73,1인,S124
2_1391_11310_12281_3991,niihau_2_1391_11310_12281.jpg,Plastic_ETC,plastic_other,0.701,21.9532312,-160.0763703,0.79,0.69,0.547,1.31,0.88,4.38,1인,S122
2_1391_11310_12281_3992,niihau_2_1391_11310_12281.jpg,Net,net,0.660,21.9531879,-160.0763560,0.61,0.52,0.316,5.70,2.37,14.24,1인,S122
2_1391_11310_12281_3993,niihau_2_1391_11310_12281.jpg,Styrofoam_Piece,eps_fragment,0.627,21.9532379,-160.0763556,1.11,0.84,0.933,0.56,0.37,1.87,1인,S122
2_1391_11310_12281_3994,niihau_2_1391_11310_12281.jpg,Plastic_ETC,plastic_other,0.612,21.9531917,-160.0763689,1.31,1.03,1.339,3.21,2.14,10.71,1인,S122
2_1391_11310_12281_3995,niihau_2_1391_11310_12281.jpg,plastic debris,plastic_other,0.599,21.9531805,-160.0763688,0.53,0.50,0.266,0.64,0.43,2.13,1인,S122
2_1391_11310_12281_3996,niihau_2_1391_11310_12281.jpg,Plastic_ETC,plastic_other,0.578,21.9532729,-160.0763511,0.76,0.71,0.541,1.30,0.87,4.33,1인,S122
2_1391_11310_12281_3997,niihau_2_1391_11310_12281.jpg,plastic debris,plastic_other,0.569,21.9531701,-160.0763345,0.81,0.71,0.574,1.38,0.92,4.59,1인,S122
2_1391_11310_12281_3998,niihau_2_1391_11310_12281.jpg,Plastic_Buoy_China,plastic_buoy,0.567,21.9532620,-160.0763591,0.69,0.68,0.471,8.47,4.24,11.30,1인,S122
2_1391_11310_12281_3999,niihau_2_1391_11310_12281.jpg,plastic debris,plastic_other,0.565,21.9532776,-160.0763544,0.80,0.72,0.571,1.37,0.91,4.57,1인,S122
2_1391_11310_12281_4000,niihau_2_1391_11310_12281.jpg,plastic debris,plastic_other,0.516,21.9532281,-160.0763113,0.95,0.69,0.653,1.57,1.04,5.22,1인,S122
2_1391_11310_12281_4001,niihau_2_1391_11310_12281.jpg,plastic debris,plastic_other,0.508,21.9531705,-160.0763400,0.70,0.62,0.433,1.04,0.69,3.47,1인,S122
2_1391_11310_12281_4002,niihau_2_1391_11310_12281.jpg,plastic debris,plastic_other,0.488,21.9532769,-160.0763407,0.71,0.70,0.497,1.19,0.80,3.98,1인,S122
2_1391_11310_12281_4003,niihau_2_1391_11310_12281.jpg,plastic debris,plastic_other,0.442,21.9532464,-160.0763499,0.71,0.65,0.456,1.09,0.73,3.65,1인,S122
2_1391_11310_12281_4004,niihau_2_1391_11310_12281.jpg,plastic debris,plastic_other,0.425,21.9532114,-160.0763385,0.76,0.62,0.472,1.13,0.75,3.77,1인,S122
2_1391_11310_12281_4005,niihau_2_1391_11310_12281.jpg,Net,net,0.399,21.9532504,-160.0763207,0.68,0.59,0.403,7.26,3.02,18.15,1인,S122
2_1391_11310_12281_4006,niihau_2_1391_11310_12281.jpg,plastic debris,plastic_other,0.393,21.9532446,-160.0763825,0.69,0.68,0.468,1.12,0.75,3.75,1인,S122
2_1391_11310_12281_4007,niihau_2_1391_11310_12281.jpg,plastic debris,plastic_other,0.390,21.9531811,-160.0762726,2.66,1.10,2.936,7.05,4.70,23.48,2인,S122
2_1391_11310_12281_4008,niihau_2_1391_11310_12281.jpg,plastic debris,plastic_other,0.383,21.9532274,-160.0763360,0.49,0.46,0.226,0.54,0.36,1.81,1인,S122
2_1391_11310_12281_4009,niihau_2_1391_11310_12281.jpg,plastic debris,plastic_other,0.382,21.9531747,-160.0763523,0.59,0.57,0.334,0.80,0.53,2.67,1인,S122
2_1391_11310_12281_4010,niihau_2_1391_11310_12281.jpg,plastic debris,plastic_other,0.360,21.9531832,-160.0763456,0.61,0.60,0.371,0.89,0.59,2.97,1인,S122
2_1391_11310_12281_4011,niihau_2_1391_11310_12281.jpg,Net,net,0.317,21.9532299,-160.0763576,0.54,0.51,0.274,4.93,2.05,12.32,1인,S122
2_1391_11310_12281_4012,niihau_2_1391_11310_12281.jpg,plastic debris,plastic_other,0.311,21.9532542,-160.0763503,0.64,0.56,0.359,0.86,0.57,2.87,1인,S122
2_1391_11321_12911_4056,niihau_2_1391_11321_12911.jpg,Plastic_Buoy_China,plastic_buoy,0.722,21.9531264,-160.0763349,0.80,0.78,0.630,11.34,5.67,15.12,1인,S122
2_1391_11321_12911_4057,niihau_2_1391_11321_12911.jpg,Plastic_ETC,plastic_other,0.709,21.9531296,-160.0763557,0.71,0.66,0.473,1.14,0.76,3.79,1인,S122
2_1391_11321_12911_4058,niihau_2_1391_11321_12911.jpg,plastic debris,plastic_other,0.700,21.9530743,-160.0763734,0.54,0.54,0.292,0.70,0.47,2.33,1인,S122
2_1391_11321_12911_4059,niihau_2_1391_11321_12911.jpg,Rope,rope,0.675,21.9530983,-160.0763689,0.85,0.80,0.676,8.11,5.41,13.52,1인,S122
2_1391_11321_12911_4060,niihau_2_1391_11321_12911.jpg,plastic debris,plastic_other,0.596,21.9531240,-160.0763618,0.66,0.64,0.426,1.02,0.68,3.41,1인,S122
2_1391_11321_12911_4061,niihau_2_1391_11321_12911.jpg,Plastic_ETC,plastic_other,0.589,21.9530567,-160.0763459,0.75,0.69,0.519,1.25,0.83,4.15,1인,S122
2_1391_11321_12911_4062,niihau_2_1391_11321_12911.jpg,PET_Bottle,pet_bottle,0.550,21.9530540,-160.0763511,1.00,0.58,0.580,1.15,0.96,1.91,1인,S122
2_1391_11321_12911_4063,niihau_2_1391_11321_12911.jpg,plastic debris,plastic_other,0.548,21.9531393,-160.0763557,0.57,0.56,0.319,0.77,0.51,2.55,1인,S122
2_1391_11321_12911_4064,niihau_2_1391_11321_12911.jpg,plastic debris,plastic_other,0.522,21.9531221,-160.0763427,0.59,0.57,0.339,0.81,0.54,2.71,1인,S122
2_1391_11321_12911_4065,niihau_2_1391_11321_12911.jpg,Plastic_Buoy,plastic_buoy,0.517,21.9531278,-160.0763655,0.65,0.61,0.398,7.16,3.58,9.55,1인,S122
2_1391_11321_12911_4066,niihau_2_1391_11321_12911.jpg,plastic debris,plastic_other,0.517,21.9531218,-160.0763704,0.48,0.48,0.229,0.55,0.37,1.83,1인,S122
2_1391_11321_12911_4067,niihau_2_1391_11321_12911.jpg,plastic debris,plastic_other,0.508,21.9531010,-160.0763732,0.72,0.65,0.465,1.12,0.74,3.72,1인,S122
2_1391_11321_12911_4068,niihau_2_1391_11321_12911.jpg,plastic debris,plastic_other,0.504,21.9531519,-160.0762723,3.47,1.53,5.302,12.72,8.48,42.42,2인,S122
2_1391_11321_12911_4069,niihau_2_1391_11321_12911.jpg,plastic debris,plastic_other,0.504,21.9531205,-160.0763620,0.51,0.51,0.259,0.62,0.41,2.07,1인,S122
2_1391_11321_12911_4070,niihau_2_1391_11321_12911.jpg,Plastic_ETC,plastic_other,0.492,21.9530626,-160.0763679,0.83,0.74,0.614,1.47,0.98,4.91,1인,S122
2_1391_11321_12911_4071,niihau_2_1391_11321_12911.jpg,plastic debris,plastic_other,0.477,21.9531021,-160.0763585,0.83,0.83,0.688,1.65,1.10,5.51,1인,S122
2_1391_11321_12911_4072,niihau_2_1391_11321_12911.jpg,plastic debris,plastic_other,0.418,21.9531266,-160.0762731,3.27,1.73,5.675,13.62,9.08,45.40,2인,S122
2_1391_11321_12911_4073,niihau_2_1391_11321_12911.jpg,plastic debris,plastic_other,0.409,21.9531364,-160.0763345,0.63,0.60,0.377,0.90,0.60,3.01,1인,S122
2_1391_11321_12911_4074,niihau_2_1391_11321_12911.jpg,plastic debris,plastic_other,0.405,21.9530701,-160.0763364,1.98,1.29,2.549,6.12,4.08,20.39,1인,S122
2_1391_11321_12911_4075,niihau_2_1391_11321_12911.jpg,Plastic_ETC,plastic_other,0.376,21.9531066,-160.0763577,0.77,0.71,0.552,1.33,0.88,4.42,1인,S122
2_1391_11321_12911_4076,niihau_2_1391_11321_12911.jpg,plastic debris,plastic_other,0.374,21.9531292,-160.0763175,1.15,0.99,1.143,2.74,1.83,9.14,1인,S122
2_1391_11321_12911_4077,niihau_2_1391_11321_12911.jpg,plastic debris,plastic_other,0.340,21.9530660,-160.0763870,0.69,0.25,0.172,0.41,0.27,1.37,1인,S122
2_1391_11321_12911_4078,niihau_2_1391_11321_12911.jpg,plastic debris,plastic_other,0.337,21.9531190,-160.0763269,0.61,0.57,0.345,0.83,0.55,2.76,1인,S122
2_1391_11321_12911_4079,niihau_2_1391_11321_12911.jpg,plastic debris,plastic_other,0.322,21.9530659,-160.0763486,0.85,0.65,0.546,1.31,0.87,4.37,1인,S122
2_1391_11349_7435_4110,niihau_2_1391_11349_7435.jpg,Plastic_Buoy,plastic_buoy,0.568,21.9541405,-160.0762715,0.66,0.65,0.429,7.72,3.86,10.29,1인,S127
2_1391_11349_7435_4111,niihau_2_1391_11349_7435.jpg,plastic debris,plastic_other,0.567,21.9541275,-160.0763018,0.65,0.64,0.414,0.99,0.66,3.31,1인,S127
2_1391_11349_7435_4112,niihau_2_1391_11349_7435.jpg,plastic debris,plastic_other,0.492,21.9540805,-160.0762967,0.60,0.60,0.362,0.87,0.58,2.89,1인,S127
2_1391_11349_7435_4113,niihau_2_1391_11349_7435.jpg,Plastic_ETC,plastic_other,0.427,21.9541098,-160.0763059,0.99,0.97,0.960,2.30,1.54,7.68,1인,S127
2_1391_11349_7435_4114,niihau_2_1391_11349_7435.jpg,plastic debris,plastic_other,0.395,21.9540921,-160.0762752,1.44,1.29,1.858,4.46,2.97,14.86,1인,S127
2_1391_11349_7435_4115,niihau_2_1391_11349_7435.jpg,Plastic_Buoy,plastic_buoy,0.369,21.9541540,-160.0763007,0.75,0.60,0.448,8.06,4.03,10.75,1인,S127
2_1391_11349_7435_4116,niihau_2_1391_11349_7435.jpg,plastic debris,plastic_other,0.364,21.9541291,-160.0762692,0.98,0.49,0.484,1.16,0.77,3.87,1인,S127
2_1391_11349_7435_4117,niihau_2_1391_11349_7435.jpg,plastic debris,plastic_other,0.337,21.9540947,-160.0762908,0.54,0.49,0.263,0.63,0.42,2.10,1인,S127
2_1391_11380_7806_4138,niihau_2_1391_11380_7806.jpg,plastic debris,plastic_other,0.654,21.9540242,-160.0763522,0.60,0.58,0.345,0.83,0.55,2.76,1인,S128
2_1391_11380_7806_4139,niihau_2_1391_11380_7806.jpg,Net,net,0.649,21.9539921,-160.0763783,0.56,0.54,0.305,5.50,2.29,13.74,1인,S128
2_1391_11380_7806_4140,niihau_2_1391_11380_7806.jpg,plastic debris,plastic_other,0.557,21.9540237,-160.0763082,0.51,0.48,0.244,0.59,0.39,1.95,1인,S128
2_1391_11380_7806_4141,niihau_2_1391_11380_7806.jpg,plastic debris,plastic_other,0.460,21.9540135,-160.0763298,0.38,0.34,0.127,0.31,0.20,1.02,1인,S128
2_1391_11380_7806_4142,niihau_2_1391_11380_7806.jpg,plastic debris,plastic_other,0.450,21.9540806,-160.0762967,0.60,0.59,0.354,0.85,0.57,2.83,1인,S127
2_1391_11380_7806_4143,niihau_2_1391_11380_7806.jpg,plastic debris,plastic_other,0.438,21.9540592,-160.0762862,0.47,0.47,0.222,0.53,0.36,1.78,1인,S128
2_1391_11380_7806_4144,niihau_2_1391_11380_7806.jpg,plastic debris,plastic_other,0.423,21.9540060,-160.0763370,0.56,0.54,0.304,0.73,0.49,2.43,1인,S128
2_1391_11407_7065_4171,niihau_2_1391_11407_7065.jpg,plastic debris,plastic_other,0.723,21.9541285,-160.0762639,1.84,1.71,3.147,7.55,5.03,25.17,2인,S127
2_1391_11407_7065_4172,niihau_2_1391_11407_7065.jpg,PET_Bottle,pet_bottle,0.665,21.9541926,-160.0762620,0.91,0.79,0.716,1.42,1.18,2.36,1인,S127
2_1391_11407_7065_4173,niihau_2_1391_11407_7065.jpg,Plastic_Buoy,plastic_buoy,0.629,21.9542124,-160.0762945,0.70,0.69,0.477,8.59,4.30,11.45,1인,S127
2_1391_11407_7065_4174,niihau_2_1391_11407_7065.jpg,plastic debris,plastic_other,0.607,21.9541672,-160.0762944,0.78,0.75,0.584,1.40,0.93,4.67,1인,S127
2_1391_11407_7065_4175,niihau_2_1391_11407_7065.jpg,plastic debris,plastic_other,0.566,21.9541406,-160.0762714,0.64,0.63,0.403,0.97,0.64,3.22,1인,S127
2_1391_11407_7065_4176,niihau_2_1391_11407_7065.jpg,plastic debris,plastic_other,0.519,21.9541794,-160.0763128,0.70,0.68,0.476,1.14,0.76,3.81,1인,S127
2_1391_11407_7065_4177,niihau_2_1391_11407_7065.jpg,plastic debris,plastic_other,0.500,21.9541945,-160.0763487,1.60,1.36,2.169,5.20,3.47,17.35,1인,S127
2_1391_11407_7065_4178,niihau_2_1391_11407_7065.jpg,plastic debris,plastic_other,0.498,21.9541768,-160.0762860,1.11,0.90,0.994,2.39,1.59,7.95,1인,S127
2_1391_11407_7065_4179,niihau_2_1391_11407_7065.jpg,plastic debris,plastic_other,0.492,21.9541990,-160.0762840,0.48,0.47,0.224,0.54,0.36,1.79,1인,S127
2_1391_11407_7065_4180,niihau_2_1391_11407_7065.jpg,plastic debris,plastic_other,0.424,21.9541923,-160.0762789,0.58,0.55,0.319,0.77,0.51,2.55,1인,S127
2_1391_11407_7065_4181,niihau_2_1391_11407_7065.jpg,plastic debris,plastic_other,0.419,21.9541923,-160.0762761,0.55,0.51,0.278,0.67,0.45,2.23,1인,S127
2_1391_11407_7065_4182,niihau_2_1391_11407_7065.jpg,plastic debris,plastic_other,0.414,21.9541659,-160.0762587,0.97,0.57,0.556,1.34,0.89,4.45,1인,S127
2_1391_11407_7065_4183,niihau_2_1391_11407_7065.jpg,plastic debris,plastic_other,0.402,21.9541614,-160.0762638,0.46,0.45,0.208,0.50,0.33,1.66,1인,S127
2_1391_11407_7065_4184,niihau_2_1391_11407_7065.jpg,plastic debris,plastic_other,0.381,21.9541274,-160.0763018,0.62,0.61,0.379,0.91,0.61,3.03,1인,S127
2_1391_11407_7065_4185,niihau_2_1391_11407_7065.jpg,Plastic_Buoy,plastic_buoy,0.369,21.9541914,-160.0763233,0.73,0.72,0.525,9.44,4.72,12.59,1인,S127
2_1391_11407_7065_4186,niihau_2_1391_11407_7065.jpg,plastic debris,plastic_other,0.312,21.9541951,-160.0762995,0.64,0.57,0.366,0.88,0.58,2.92,1인,S127
2_1391_11407_7065_4187,niihau_2_1391_11407_7065.jpg,plastic debris,plastic_other,0.309,21.9541929,-160.0762915,0.62,0.57,0.353,0.85,0.57,2.83,1인,S127
2_1391_11452_8852_4209,niihau_2_1391_11452_8852.jpg,Plastic_Buoy,plastic_buoy,0.763,21.9538721,-160.0763555,0.62,0.61,0.378,6.81,3.40,9.07,1인,S126
2_1391_11452_8852_4210,niihau_2_1391_11452_8852.jpg,Plastic_Buoy,plastic_buoy,0.729,21.9537965,-160.0762859,0.62,0.62,0.385,6.94,3.47,9.25,1인,S126
2_1391_11452_8852_4211,niihau_2_1391_11452_8852.jpg,Styrofoam_Piece,eps_fragment,0.711,21.9538293,-160.0762710,1.08,1.01,1.086,0.65,0.43,2.17,1인,S126
2_1391_11452_8852_4212,niihau_2_1391_11452_8852.jpg,plastic debris,plastic_other,0.618,21.9538313,-160.0763502,0.46,0.44,0.203,0.49,0.33,1.63,1인,S126
2_1391_11452_8852_4213,niihau_2_1391_11452_8852.jpg,plastic debris,plastic_other,0.610,21.9538078,-160.0763434,0.83,0.69,0.577,1.39,0.92,4.62,1인,S126
2_1391_11452_8852_4214,niihau_2_1391_11452_8852.jpg,plastic debris,plastic_other,0.592,21.9538153,-160.0762507,0.57,0.55,0.314,0.75,0.50,2.51,1인,S126
2_1391_11452_8852_4215,niihau_2_1391_11452_8852.jpg,Plastic_Buoy,plastic_buoy,0.590,21.9537983,-160.0762923,0.63,0.61,0.383,6.89,3.44,9.18,1인,S126
2_1391_11452_8852_4216,niihau_2_1391_11452_8852.jpg,plastic debris,plastic_other,0.589,21.9537920,-160.0763027,0.55,0.54,0.296,0.71,0.47,2.37,1인,S126
2_1391_11452_8852_4217,niihau_2_1391_11452_8852.jpg,plastic debris,plastic_other,0.588,21.9538324,-160.0762533,0.79,0.72,0.567,1.36,0.91,4.53,1인,S126
2_1391_11452_8852_4218,niihau_2_1391_11452_8852.jpg,plastic debris,plastic_other,0.587,21.9538035,-160.0763076,0.49,0.48,0.236,0.57,0.38,1.89,1인,S126
2_1391_11452_8852_4219,niihau_2_1391_11452_8852.jpg,Plastic_Buoy,plastic_buoy,0.559,21.9538237,-160.0763379,0.60,0.55,0.325,5.86,2.93,7.81,1인,S126
2_1391_11452_8852_4220,niihau_2_1391_11452_8852.jpg,plastic debris,plastic_other,0.529,21.9538449,-160.0763458,0.43,0.39,0.164,0.39,0.26,1.32,1인,S126
2_1391_11452_8852_4221,niihau_2_1391_11452_8852.jpg,plastic debris,plastic_other,0.502,21.9538627,-160.0763570,0.56,0.49,0.277,0.67,0.44,2.22,1인,S126
2_1391_11452_8852_4222,niihau_2_1391_11452_8852.jpg,plastic debris,plastic_other,0.482,21.9537917,-160.0762925,0.56,0.52,0.296,0.71,0.47,2.37,1인,S126
2_1391_11452_8852_4223,niihau_2_1391_11452_8852.jpg,plastic debris,plastic_other,0.448,21.9538826,-160.0762711,0.46,0.45,0.207,0.50,0.33,1.66,1인,S126
2_1391_11452_8852_4224,niihau_2_1391_11452_8852.jpg,Plastic_ETC,plastic_other,0.413,21.9537882,-160.0763168,0.76,0.70,0.536,1.29,0.86,4.29,1인,S126
2_1391_11452_8852_4225,niihau_2_1391_11452_8852.jpg,plastic debris,plastic_other,0.359,21.9538296,-160.0763138,2.08,1.53,3.185,7.64,5.10,25.48,2인,S126
2_1391_11452_8852_4226,niihau_2_1391_11452_8852.jpg,plastic debris,plastic_other,0.358,21.9538679,-160.0763308,0.52,0.51,0.266,0.64,0.43,2.13,1인,S126
2_1391_11452_8852_4227,niihau_2_1391_11452_8852.jpg,plastic debris,plastic_other,0.350,21.9538015,-160.0762948,0.49,0.48,0.234,0.56,0.37,1.87,1인,S126
2_1391_11452_8852_4228,niihau_2_1391_11452_8852.jpg,plastic debris,plastic_other,0.341,21.9538476,-160.0762649,0.51,0.49,0.250,0.60,0.40,2.00,1인,S126
2_1391_11452_8852_4229,niihau_2_1391_11452_8852.jpg,plastic debris,plastic_other,0.305,21.9538701,-160.0762686,0.56,0.55,0.306,0.74,0.49,2.45,1인,S126
2_1391_11452_8852_4230,niihau_2_1391_11452_8852.jpg,plastic debris,plastic_other,0.301,21.9538570,-160.0763508,0.51,0.49,0.246,0.59,0.39,1.97,1인,S126
2_1391_11452_8852_4231,niihau_2_1391_11452_8852.jpg,plastic debris,plastic_other,0.301,21.9538309,-160.0763437,0.55,0.52,0.287,0.69,0.46,2.30,1인,S126
2_1391_11602_9287_4261,niihau_2_1391_11602_9287.jpg,Plastic_Buoy,plastic_buoy,0.793,21.9537966,-160.0762860,0.68,0.65,0.440,7.92,3.96,10.56,1인,S126
2_1391_11602_9287_4262,niihau_2_1391_11602_9287.jpg,Net,net,0.753,21.9537984,-160.0762923,0.66,0.64,0.421,7.59,3.16,18.97,1인,S126
2_1391_11602_9287_4263,niihau_2_1391_11602_9287.jpg,plastic debris,plastic_other,0.698,21.9537434,-160.0763348,0.70,0.68,0.475,1.14,0.76,3.80,1인,S126
2_1391_11602_9287_4264,niihau_2_1391_11602_9287.jpg,plastic debris,plastic_other,0.652,21.9537749,-160.0763006,0.96,0.95,0.916,2.20,1.47,7.33,1인,S126
2_1391_11602_9287_4265,niihau_2_1391_11602_9287.jpg,plastic debris,plastic_other,0.634,21.9537797,-160.0763077,0.65,0.61,0.397,0.95,0.64,3.18,1인,S126
2_1391_11602_9287_4266,niihau_2_1391_11602_9287.jpg,Plastic_ETC,plastic_other,0.617,21.9537423,-160.0763015,0.72,0.69,0.496,1.19,0.79,3.97,1인,S126
2_1391_11602_9287_4267,niihau_2_1391_11602_9287.jpg,Plastic_ETC,plastic_other,0.615,21.9537492,-160.0762951,1.42,1.23,1.743,4.18,2.79,13.94,1인,S126
2_1391_11602_9287_4268,niihau_2_1391_11602_9287.jpg,Styrofoam_Piece,eps_fragment,0.607,21.9537107,-160.0763027,0.82,0.75,0.615,0.37,0.25,1.23,1인,S126
2_1391_11602_9287_4269,niihau_2_1391_11602_9287.jpg,Plastic_Buoy,plastic_buoy,0.574,21.9537422,-160.0762643,0.66,0.65,0.433,7.79,3.89,10.38,1인,S126
2_1391_11602_9287_4270,niihau_2_1391_11602_9287.jpg,Plastic_ETC,plastic_other,0.574,21.9537471,-160.0762856,0.87,0.74,0.646,1.55,1.03,5.17,1인,S126
2_1391_11602_9287_4271,niihau_2_1391_11602_9287.jpg,plastic debris,plastic_other,0.558,21.9537919,-160.0763026,0.52,0.49,0.256,0.61,0.41,2.05,1인,S126
2_1391_11602_9287_4272,niihau_2_1391_11602_9287.jpg,plastic debris,plastic_other,0.550,21.9537275,-160.0763005,0.64,0.62,0.398,0.95,0.64,3.18,1인,S126
2_1391_11602_9287_4273,niihau_2_1391_11602_9287.jpg,plastic debris,plastic_other,0.535,21.9538034,-160.0763074,0.53,0.52,0.275,0.66,0.44,2.20,1인,S126
2_1391_11602_9287_4274,niihau_2_1391_11602_9287.jpg,Plastic_Buoy,plastic_buoy,0.529,21.9537879,-160.0763169,0.84,0.82,0.688,12.38,6.19,16.51,1인,S126
2_1391_11602_9287_4275,niihau_2_1391_11602_9287.jpg,plastic debris,plastic_other,0.514,21.9537641,-160.0763057,0.56,0.49,0.277,0.66,0.44,2.21,1인,S126
2_1391_11602_9287_4276,niihau_2_1391_11602_9287.jpg,plastic debris,plastic_other,0.486,21.9537608,-160.0763005,0.56,0.53,0.295,0.71,0.47,2.36,1인,S126
2_1391_11602_9287_4277,niihau_2_1391_11602_9287.jpg,plastic debris,plastic_other,0.475,21.9537916,-160.0762925,0.58,0.57,0.329,0.79,0.53,2.63,1인,S126
2_1391_11602_9287_4278,niihau_2_1391_11602_9287.jpg,plastic debris,plastic_other,0.420,21.9537253,-160.0762842,1.40,1.22,1.705,4.09,2.73,13.64,1인,S126
2_1391_11602_9287_4279,niihau_2_1391_11602_9287.jpg,plastic debris,plastic_other,0.409,21.9538152,-160.0762507,0.60,0.59,0.357,0.86,0.57,2.85,1인,S126
2_1391_11602_9287_4280,niihau_2_1391_11602_9287.jpg,plastic debris,plastic_other,0.373,21.9537659,-160.0762742,2.70,2.59,7.006,16.81,11.21,56.04,장비,S126
2_1391_11602_9287_4281,niihau_2_1391_11602_9287.jpg,plastic debris,plastic_other,0.370,21.9537914,-160.0763330,3.59,1.29,4.643,11.14,7.43,37.14,2인,S126
2_1391_11602_9287_4282,niihau_2_1391_11602_9287.jpg,plastic debris,plastic_other,0.351,21.9537096,-160.0763088,0.94,0.70,0.660,1.58,1.06,5.28,1인,S126
2_1391_11602_9287_4283,niihau_2_1391_11602_9287.jpg,Net,net,0.313,21.9537374,-160.0763115,0.83,0.81,0.671,12.08,5.04,30.21,2인,S126
2_1391_11602_9287_4284,niihau_2_1391_11602_9287.jpg,plastic debris,plastic_other,0.305,21.9537790,-160.0762530,0.81,0.77,0.623,1.50,1.00,4.99,1인,S126
2_1391_11732_7280_4314,niihau_2_1391_11732_7280.jpg,plastic debris,plastic_other,0.737,21.9541288,-160.0762622,2.04,1.90,3.868,9.28,6.19,30.95,2인,S127
2_1391_11732_7280_4315,niihau_2_1391_11732_7280.jpg,Net,net,0.673,21.9541069,-160.0762236,0.55,0.54,0.296,5.33,2.22,13.34,1인,S127
2_1391_11732_7280_4316,niihau_2_1391_11732_7280.jpg,plastic debris,plastic_other,0.597,21.9541673,-160.0762944,0.80,0.76,0.605,1.45,0.97,4.84,1인,S127
2_1391_11732_7280_4317,niihau_2_1391_11732_7280.jpg,plastic debris,plastic_other,0.567,21.9541276,-160.0763018,0.64,0.62,0.395,0.95,0.63,3.16,1인,S127
2_1391_11732_7280_4318,niihau_2_1391_11732_7280.jpg,plastic debris,plastic_other,0.564,21.9540805,-160.0762967,0.60,0.59,0.353,0.85,0.56,2.82,1인,S127
2_1391_11732_7280_4319,niihau_2_1391_11732_7280.jpg,Plastic_Buoy,plastic_buoy,0.518,21.9541405,-160.0762715,0.63,0.62,0.393,7.07,3.53,9.42,1인,S127
2_1391_11732_7280_4320,niihau_2_1391_11732_7280.jpg,plastic debris,plastic_other,0.511,21.9540720,-160.0762458,0.56,0.55,0.309,0.74,0.49,2.47,1인,S128
2_1391_11732_7280_4321,niihau_2_1391_11732_7280.jpg,plastic debris,plastic_other,0.501,21.9541792,-160.0763127,0.71,0.67,0.469,1.13,0.75,3.75,1인,S127
2_1391_11732_7280_4322,niihau_2_1391_11732_7280.jpg,plastic debris,plastic_other,0.483,21.9541652,-160.0762568,0.75,0.73,0.550,1.32,0.88,4.40,1인,S127
2_1391_11732_7280_4323,niihau_2_1391_11732_7280.jpg,Plastic_ETC,plastic_other,0.424,21.9541098,-160.0763060,0.98,0.95,0.929,2.23,1.49,7.43,1인,S127
2_1391_11732_7280_4324,niihau_2_1391_11732_7280.jpg,plastic debris,plastic_other,0.368,21.9540945,-160.0762908,0.54,0.47,0.254,0.61,0.41,2.03,1인,S127
2_1391_11732_7280_4325,niihau_2_1391_11732_7280.jpg,Plastic_Buoy,plastic_buoy,0.361,21.9541546,-160.0763007,0.77,0.68,0.523,9.42,4.71,12.56,1인,S127
2_1391_11732_7280_4326,niihau_2_1391_11732_7280.jpg,plastic debris,plastic_other,0.318,21.9541614,-160.0762640,0.45,0.44,0.199,0.48,0.32,1.59,1인,S127
2_1391_11794_6928_4352,niihau_2_1391_11794_6928.jpg,plastic debris,plastic_other,0.754,21.9541905,-160.0762389,0.62,0.61,0.379,0.91,0.61,3.03,1인,S127
2_1391_11794_6928_4353,niihau_2_1391_11794_6928.jpg,PET_Bottle,pet_bottle,0.697,21.9541927,-160.0762620,0.94,0.81,0.755,1.49,1.25,2.49,1인,S127
2_1391_11794_6928_4354,niihau_2_1391_11794_6928.jpg,Plastic_Buoy,plastic_buoy,0.608,21.9541405,-160.0762715,0.64,0.63,0.404,7.27,3.64,9.69,1인,S127
2_1391_11794_6928_4355,niihau_2_1391_11794_6928.jpg,plastic debris,plastic_other,0.597,21.9541923,-160.0762788,0.57,0.56,0.321,0.77,0.51,2.57,1인,S127
2_1391_11794_6928_4356,niihau_2_1391_11794_6928.jpg,Plastic_Buoy,plastic_buoy,0.594,21.9542124,-160.0762945,0.68,0.65,0.443,7.97,3.98,10.62,1인,S127
2_1391_11794_6928_4357,niihau_2_1391_11794_6928.jpg,Plastic_Buoy,plastic_buoy,0.527,21.9541546,-160.0763009,0.79,0.68,0.538,9.69,4.84,12.92,1인,S127
2_1391_11794_6928_4358,niihau_2_1391_11794_6928.jpg,Styrofoam_Piece,eps_fragment,0.506,21.9541672,-160.0762942,0.79,0.77,0.609,0.37,0.24,1.22,1인,S127
2_1391_11794_6928_4359,niihau_2_1391_11794_6928.jpg,Plastic_Buoy_China,plastic_buoy,0.459,21.9542465,-160.0762664,0.65,0.45,0.292,5.25,2.63,7.00,1인,S127
2_1391_11794_6928_4360,niihau_2_1391_11794_6928.jpg,plastic debris,plastic_other,0.444,21.9541922,-160.0762759,0.54,0.53,0.285,0.68,0.46,2.28,1인,S127
2_1391_11794_6928_4361,niihau_2_1391_11794_6928.jpg,PET_Bottle,pet_bottle,0.422,21.9541954,-160.0762995,0.66,0.61,0.404,0.80,0.67,1.33,1인,S127
2_1391_11794_6928_4362,niihau_2_1391_11794_6928.jpg,plastic debris,plastic_other,0.407,21.9541990,-160.0762839,0.47,0.47,0.219,0.53,0.35,1.76,1인,S127
2_1391_11794_6928_4363,niihau_2_1391_11794_6928.jpg,plastic debris,plastic_other,0.402,21.9541769,-160.0762859,1.06,0.91,0.967,2.32,1.55,7.73,1인,S127
2_1391_11794_6928_4364,niihau_2_1391_11794_6928.jpg,plastic debris,plastic_other,0.349,21.9542419,-160.0762233,0.42,0.38,0.159,0.38,0.25,1.27,1인,S127
2_1391_11794_6928_4365,niihau_2_1391_11794_6928.jpg,plastic debris,plastic_other,0.347,21.9541514,-160.0763006,0.47,0.42,0.200,0.48,0.32,1.60,1인,S127
2_1391_11882_7880_4393,niihau_2_1391_11882_7880.jpg,plastic debris,plastic_other,0.650,21.9540048,-160.0762290,0.66,0.63,0.418,1.00,0.67,3.35,1인,S128
2_1391_11882_7880_4394,niihau_2_1391_11882_7880.jpg,plastic debris,plastic_other,0.627,21.9540716,-160.0762457,0.58,0.50,0.291,0.70,0.47,2.33,1인,S128
2_1391_11882_7880_4395,niihau_2_1391_11882_7880.jpg,plastic debris,plastic_other,0.527,21.9539845,-160.0762282,0.52,0.51,0.264,0.63,0.42,2.11,1인,S128
2_1391_11882_7880_4396,niihau_2_1391_11882_7880.jpg,PET_Bottle,pet_bottle,0.495,21.9539737,-160.0762376,0.71,0.58,0.411,0.81,0.68,1.36,1인,S128
2_1391_11882_7880_4397,niihau_2_1391_11882_7880.jpg,plastic debris,plastic_other,0.405,21.9539935,-160.0762312,0.78,0.77,0.598,1.43,0.96,4.78,1인,S128
2_1391_11882_7880_4398,niihau_2_1391_11882_7880.jpg,plastic debris,plastic_other,0.404,21.9539804,-160.0762222,0.62,0.54,0.332,0.80,0.53,2.66,1인,S128
2_1391_11882_7880_4399,niihau_2_1391_11882_7880.jpg,plastic debris,plastic_other,0.380,21.9540068,-160.0762232,0.67,0.66,0.443,1.06,0.71,3.54,1인,S128
2_1391_11882_7880_4400,niihau_2_1391_11882_7880.jpg,plastic debris,plastic_other,0.370,21.9540379,-160.0762821,0.47,0.47,0.221,0.53,0.35,1.77,1인,S128
2_1391_11882_7880_4401,niihau_2_1391_11882_7880.jpg,plastic debris,plastic_other,0.352,21.9540125,-160.0762844,0.49,0.47,0.229,0.55,0.37,1.83,1인,S128
2_1391_11885_8335_4418,niihau_2_1391_11885_8335.jpg,Net,net,0.665,21.9539359,-160.0762504,0.61,0.58,0.356,6.41,2.67,16.02,1인,S126
2_1391_11885_8335_4419,niihau_2_1391_11885_8335.jpg,PET_Bottle,pet_bottle,0.584,21.9539401,-160.0762498,0.67,0.62,0.415,0.82,0.68,1.37,1인,S126
2_1391_11885_8335_4420,niihau_2_1391_11885_8335.jpg,plastic debris,plastic_other,0.510,21.9539844,-160.0762284,0.47,0.45,0.208,0.50,0.33,1.66,1인,S128
2_1391_11885_8335_4421,niihau_2_1391_11885_8335.jpg,PET_Bottle,pet_bottle,0.448,21.9539738,-160.0762375,0.68,0.57,0.386,0.76,0.64,1.27,1인,S128
2_1391_11885_8335_4422,niihau_2_1391_11885_8335.jpg,Net,net,0.429,21.9539429,-160.0762378,0.67,0.58,0.386,6.94,2.89,17.36,1인,S126
2_1391_11885_8335_4423,niihau_2_1391_11885_8335.jpg,plastic debris,plastic_other,0.394,21.9539609,-160.0762582,0.45,0.42,0.191,0.46,0.30,1.52,1인,S128
2_1391_11885_8335_4424,niihau_2_1391_11885_8335.jpg,plastic debris,plastic_other,0.349,21.9539521,-160.0762299,0.59,0.55,0.328,0.79,0.52,2.62,1인,S128
2_1391_11885_8335_4425,niihau_2_1391_11885_8335.jpg,plastic debris,plastic_other,0.329,21.9539803,-160.0762222,0.57,0.50,0.288,0.69,0.46,2.30,1인,S128
2_1391_11885_8335_4426,niihau_2_1391_11885_8335.jpg,PET_Bottle,pet_bottle,0.316,21.9539099,-160.0762239,0.78,0.60,0.464,0.92,0.77,1.53,1인,S126
2_1391_8393_28533_4454,niihau_2_1391_8393_28533.jpg,Plastic_Buoy_China,plastic_buoy,0.721,21.9502286,-160.0768510,0.78,0.64,0.497,8.95,4.48,11.94,1인,S129
2_1391_8393_28533_4455,niihau_2_1391_8393_28533.jpg,Styrofoam_Buoy,eps_buoy,0.696,21.9503079,-160.0768503,1.12,1.04,1.163,10.18,4.36,11.63,1인,S129
2_1391_8393_28533_4456,niihau_2_1391_8393_28533.jpg,Styrofoam_Piece,eps_fragment,0.479,21.9502784,-160.0768345,0.83,0.75,0.625,0.38,0.25,1.25,1인,S129
2_1391_8393_28533_4457,niihau_2_1391_8393_28533.jpg,plastic debris,plastic_other,0.348,21.9503048,-160.0768696,0.51,0.48,0.241,0.58,0.38,1.92,1인,S129
2_1391_8393_28533_4458,niihau_2_1391_8393_28533.jpg,plastic debris,plastic_other,0.345,21.9502616,-160.0768810,2.24,2.16,4.843,11.62,7.75,38.74,2인,S129
2_1391_8393_28533_4459,niihau_2_1391_8393_28533.jpg,plastic debris,plastic_other,0.313,21.9502401,-160.0769161,0.87,0.84,0.733,1.76,1.17,5.87,1인,S129
2_1392_-135_7683_4477,niihau_2_1392_-135_7683.jpg,Styrofoam_Piece,eps_fragment,0.661,21.9540144,-160.0761965,0.74,0.66,0.492,0.30,0.20,0.98,1인,S128
2_1392_-135_7683_4478,niihau_2_1392_-135_7683.jpg,PET_Bottle,pet_bottle,0.633,21.9540020,-160.0762003,0.62,0.61,0.375,0.74,0.62,1.24,1인,S128
2_1392_-135_7683_4479,niihau_2_1392_-135_7683.jpg,Net,net,0.615,21.9541069,-160.0762235,0.56,0.55,0.313,5.63,2.34,14.07,1인,S127
2_1392_-135_7683_4480,niihau_2_1392_-135_7683.jpg,plastic debris,plastic_other,0.607,21.9540235,-160.0762152,0.56,0.55,0.309,0.74,0.49,2.47,1인,S128
2_1392_-135_7683_4481,niihau_2_1392_-135_7683.jpg,Styrofoam_Piece,eps_fragment,0.588,21.9540466,-160.0761774,0.78,0.71,0.553,0.33,0.22,1.11,1인,S130
2_1392_-135_7683_4482,niihau_2_1392_-135_7683.jpg,plastic debris,plastic_other,0.585,21.9540987,-160.0762139,0.35,0.33,0.115,0.28,0.18,0.92,1인,S127
2_1392_-135_7683_4483,niihau_2_1392_-135_7683.jpg,plastic debris,plastic_other,0.577,21.9540018,-160.0762179,0.67,0.58,0.392,0.94,0.63,3.14,1인,S128
2_1392_-135_7683_4484,niihau_2_1392_-135_7683.jpg,plastic debris,plastic_other,0.537,21.9540113,-160.0762064,0.49,0.46,0.228,0.55,0.37,1.83,1인,S128
2_1392_-135_7683_4485,niihau_2_1392_-135_7683.jpg,Plastic_Buoy_China,plastic_buoy,0.528,21.9541004,-160.0762025,0.60,0.59,0.353,6.35,3.18,8.47,1인,S127
2_1392_-135_7683_4486,niihau_2_1392_-135_7683.jpg,plastic debris,plastic_other,0.515,21.9540659,-160.0761802,0.55,0.52,0.286,0.69,0.46,2.29,1인,S130
2_1392_-135_7683_4487,niihau_2_1392_-135_7683.jpg,plastic debris,plastic_other,0.515,21.9540202,-160.0762040,0.56,0.55,0.307,0.74,0.49,2.45,1인,S128
2_1392_-135_7683_4488,niihau_2_1392_-135_7683.jpg,plastic debris,plastic_other,0.514,21.9540672,-160.0761875,0.57,0.55,0.315,0.76,0.50,2.52,1인,S130
2_1392_-135_7683_4489,niihau_2_1392_-135_7683.jpg,plastic debris,plastic_other,0.437,21.9540066,-160.0762230,0.68,0.68,0.459,1.10,0.74,3.68,1인,S128
2_1392_-135_7683_4490,niihau_2_1392_-135_7683.jpg,plastic debris,plastic_other,0.373,21.9540259,-160.0761983,0.71,0.69,0.491,1.18,0.79,3.93,1인,S128
2_1392_-135_7683_4491,niihau_2_1392_-135_7683.jpg,plastic debris,plastic_other,0.369,21.9540560,-160.0761931,0.46,0.44,0.200,0.48,0.32,1.60,1인,S130
2_1392_-135_7683_4492,niihau_2_1392_-135_7683.jpg,plastic debris,plastic_other,0.356,21.9540946,-160.0761703,0.72,0.71,0.513,1.23,0.82,4.10,1인,S130
2_1392_-135_7683_4493,niihau_2_1392_-135_7683.jpg,plastic debris,plastic_other,0.349,21.9540304,-160.0761833,0.45,0.43,0.192,0.46,0.31,1.54,1인,S130
2_1392_-135_7683_4494,niihau_2_1392_-135_7683.jpg,plastic debris,plastic_other,0.331,21.9540964,-160.0762105,0.53,0.48,0.256,0.62,0.41,2.05,1인,S127
2_1392_-135_7683_4495,niihau_2_1392_-135_7683.jpg,plastic debris,plastic_other,0.315,21.9540361,-160.0762084,0.50,0.47,0.236,0.57,0.38,1.89,1인,S128
2_1392_-156_8032_4524,niihau_2_1392_-156_8032.jpg,Styrofoam_Piece,eps_fragment,0.727,21.9540142,-160.0761965,0.70,0.66,0.461,0.28,0.18,0.92,1인,S128
2_1392_-156_8032_4525,niihau_2_1392_-156_8032.jpg,plastic debris,plastic_other,0.684,21.9540235,-160.0762151,0.60,0.57,0.341,0.82,0.55,2.73,1인,S128
2_1392_-156_8032_4526,niihau_2_1392_-156_8032.jpg,plastic debris,plastic_other,0.659,21.9540017,-160.0762179,0.64,0.57,0.367,0.88,0.59,2.94,1인,S128
2_1392_-156_8032_4527,niihau_2_1392_-156_8032.jpg,plastic debris,plastic_other,0.531,21.9540113,-160.0762063,0.53,0.52,0.277,0.67,0.44,2.22,1인,S128
2_1392_-156_8032_4528,niihau_2_1392_-156_8032.jpg,plastic debris,plastic_other,0.501,21.9540258,-160.0761986,0.70,0.69,0.483,1.16,0.77,3.86,1인,S128
2_1392_-156_8032_4529,niihau_2_1392_-156_8032.jpg,plastic debris,plastic_other,0.490,21.9540202,-160.0762039,0.54,0.53,0.286,0.69,0.46,2.29,1인,S128
2_1392_-156_8032_4530,niihau_2_1392_-156_8032.jpg,Plastic_ETC,plastic_other,0.470,21.9540017,-160.0762005,0.56,0.54,0.307,0.74,0.49,2.45,1인,S128
2_1392_-156_8032_4531,niihau_2_1392_-156_8032.jpg,Styrofoam_Piece,eps_fragment,0.470,21.9540464,-160.0761774,0.72,0.71,0.515,0.31,0.21,1.03,1인,S130
2_1392_-156_8032_4532,niihau_2_1392_-156_8032.jpg,plastic debris,plastic_other,0.450,21.9540067,-160.0762231,0.69,0.68,0.472,1.13,0.76,3.78,1인,S128
2_1392_-156_8032_4533,niihau_2_1392_-156_8032.jpg,plastic debris,plastic_other,0.422,21.9539888,-160.0762149,0.61,0.55,0.337,0.81,0.54,2.70,1인,S128
2_1392_-156_8032_4534,niihau_2_1392_-156_8032.jpg,Plastic_ETC,plastic_other,0.411,21.9539943,-160.0762038,0.81,0.78,0.631,1.51,1.01,5.04,1인,S128
2_1392_-156_8032_4535,niihau_2_1392_-156_8032.jpg,plastic debris,plastic_other,0.392,21.9539844,-160.0762279,0.48,0.45,0.217,0.52,0.35,1.73,1인,S128
2_1392_-156_8032_4536,niihau_2_1392_-156_8032.jpg,plastic debris,plastic_other,0.372,21.9540340,-160.0762122,0.59,0.59,0.346,0.83,0.55,2.77,1인,S128
2_1392_-156_8032_4537,niihau_2_1392_-156_8032.jpg,plastic debris,plastic_other,0.352,21.9540360,-160.0762085,0.51,0.47,0.238,0.57,0.38,1.91,1인,S128
2_1392_-156_8032_4538,niihau_2_1392_-156_8032.jpg,plastic debris,plastic_other,0.316,21.9540305,-160.0761832,0.50,0.43,0.213,0.51,0.34,1.70,1인,S130
2_1392_-156_8032_4539,niihau_2_1392_-156_8032.jpg,plastic debris,plastic_other,0.306,21.9540335,-160.0761890,0.66,0.66,0.435,1.04,0.70,3.48,1인,S130
2_1392_-285_8335_4561,niihau_2_1392_-285_8335.jpg,plastic debris,plastic_other,0.452,21.9539888,-160.0762152,0.59,0.55,0.329,0.79,0.53,2.63,1인,S128
2_1392_-285_8335_4562,niihau_2_1392_-285_8335.jpg,plastic debris,plastic_other,0.408,21.9539373,-160.0762217,2.63,1.53,4.014,9.63,6.42,32.11,2인,S126
2_1392_-285_8335_4563,niihau_2_1392_-285_8335.jpg,plastic debris,plastic_other,0.378,21.9539865,-160.0761733,0.41,0.40,0.164,0.39,0.26,1.31,1인,S130
2_1392_-84_7311_4579,niihau_2_1392_-84_7311.jpg,Plastic_ETC,plastic_other,0.739,21.9541185,-160.0762149,1.02,0.90,0.919,2.21,1.47,7.35,1인,S127
2_1392_-84_7311_4580,niihau_2_1392_-84_7311.jpg,Plastic_ETC,plastic_other,0.727,21.9541715,-160.0761694,0.67,0.66,0.441,1.06,0.71,3.53,1인,S127
2_1392_-84_7311_4581,niihau_2_1392_-84_7311.jpg,plastic debris,plastic_other,0.725,21.9541194,-160.0762003,0.60,0.59,0.357,0.86,0.57,2.85,1인,S127
2_1392_-84_7311_4582,niihau_2_1392_-84_7311.jpg,plastic debris,plastic_other,0.712,21.9541605,-160.0761479,1.76,1.31,2.308,5.54,3.69,18.47,1인,S127
2_1392_-84_7311_4583,niihau_2_1392_-84_7311.jpg,Plastic_ETC,plastic_other,0.693,21.9541567,-160.0761927,1.17,1.12,1.310,3.14,2.10,10.48,1인,S127
2_1392_-84_7311_4584,niihau_2_1392_-84_7311.jpg,plastic debris,plastic_other,0.687,21.9541070,-160.0762235,0.59,0.58,0.341,0.82,0.55,2.73,1인,S127
2_1392_-84_7311_4585,niihau_2_1392_-84_7311.jpg,PET_Bottle,pet_bottle,0.657,21.9541481,-160.0761730,1.20,1.12,1.341,2.66,2.21,4.43,1인,S127
2_1392_-84_7311_4586,niihau_2_1392_-84_7311.jpg,plastic debris,plastic_other,0.651,21.9541374,-160.0762139,0.69,0.68,0.467,1.12,0.75,3.73,1인,S127
2_1392_-84_7311_4587,niihau_2_1392_-84_7311.jpg,plastic debris,plastic_other,0.607,21.9541521,-160.0761982,0.46,0.46,0.214,0.51,0.34,1.71,1인,S127
2_1392_-84_7311_4588,niihau_2_1392_-84_7311.jpg,plastic debris,plastic_other,0.539,21.9541750,-160.0761751,0.61,0.59,0.359,0.86,0.57,2.87,1인,S127
2_1392_-84_7311_4589,niihau_2_1392_-84_7311.jpg,plastic debris,plastic_other,0.513,21.9540672,-160.0761874,0.60,0.58,0.346,0.83,0.55,2.77,1인,S130
2_1392_-84_7311_4590,niihau_2_1392_-84_7311.jpg,plastic debris,plastic_other,0.511,21.9541194,-160.0761726,0.66,0.66,0.430,1.03,0.69,3.44,1인,S130
2_1392_-84_7311_4591,niihau_2_1392_-84_7311.jpg,plastic debris,plastic_other,0.507,21.9540986,-160.0762138,0.37,0.37,0.138,0.33,0.22,1.10,1인,S127
2_1392_-84_7311_4592,niihau_2_1392_-84_7311.jpg,Net,net,0.481,21.9541585,-160.0762020,0.63,0.56,0.350,6.31,2.63,15.77,1인,S127
2_1392_-84_7311_4593,niihau_2_1392_-84_7311.jpg,plastic debris,plastic_other,0.471,21.9541002,-160.0762024,0.60,0.57,0.338,0.81,0.54,2.71,1인,S127
2_1392_-84_7311_4594,niihau_2_1392_-84_7311.jpg,plastic debris,plastic_other,0.458,21.9541642,-160.0761859,0.91,0.83,0.758,1.82,1.21,6.06,1인,S127
2_1392_-84_7311_4595,niihau_2_1392_-84_7311.jpg,plastic debris,plastic_other,0.429,21.9540663,-160.0761803,0.56,0.44,0.246,0.59,0.39,1.97,1인,S130
2_1392_-84_7311_4596,niihau_2_1392_-84_7311.jpg,plastic debris,plastic_other,0.410,21.9541329,-160.0761702,0.85,0.85,0.726,1.74,1.16,5.81,1인,S127
2_1392_-84_7311_4597,niihau_2_1392_-84_7311.jpg,PET_Bottle,pet_bottle,0.328,21.9540934,-160.0761716,1.06,0.95,1.007,1.99,1.66,3.32,1인,S130
2_1392_12_6950_4623,niihau_2_1392_12_6950.jpg,plastic debris,plastic_other,0.756,21.9542302,-160.0761513,0.58,0.54,0.313,0.75,0.50,2.50,1인,S127
2_1392_12_6950_4624,niihau_2_1392_12_6950.jpg,plastic debris,plastic_other,0.718,21.9541605,-160.0761478,1.82,1.33,2.426,5.82,3.88,19.41,1인,S127
2_1392_12_6950_4625,niihau_2_1392_12_6950.jpg,PET_Bottle,pet_bottle,0.682,21.9541715,-160.0761693,0.71,0.68,0.488,0.97,0.80,1.61,1인,S127
2_1392_12_6950_4626,niihau_2_1392_12_6950.jpg,Plastic_ETC,plastic_other,0.679,21.9541567,-160.0761928,1.24,1.23,1.520,3.65,2.43,12.16,1인,S127
2_1392_12_6950_4627,niihau_2_1392_12_6950.jpg,Net,net,0.650,21.9542361,-160.0761664,0.62,0.61,0.374,6.73,2.80,16.82,1인,S127
2_1392_12_6950_4628,niihau_2_1392_12_6950.jpg,Styrofoam_Piece,eps_fragment,0.645,21.9541990,-160.0761635,0.68,0.65,0.437,0.26,0.17,0.87,1인,S127
2_1392_12_6950_4629,niihau_2_1392_12_6950.jpg,plastic debris,plastic_other,0.621,21.9542050,-160.0762147,0.50,0.49,0.244,0.59,0.39,1.96,1인,S127
2_1392_12_6950_4630,niihau_2_1392_12_6950.jpg,plastic debris,plastic_other,0.620,21.9541374,-160.0762138,0.69,0.68,0.471,1.13,0.75,3.77,1인,S127
2_1392_12_6950_4631,niihau_2_1392_12_6950.jpg,PET_Bottle,pet_bottle,0.591,21.9541480,-160.0761730,1.20,1.15,1.374,2.72,2.27,4.53,1인,S127
2_1392_12_6950_4632,niihau_2_1392_12_6950.jpg,PET_Bottle,pet_bottle,0.583,21.9542184,-160.0761582,0.70,0.59,0.417,0.82,0.69,1.37,1인,S127
2_1392_12_6950_4633,niihau_2_1392_12_6950.jpg,plastic debris,plastic_other,0.561,21.9542392,-160.0761463,0.66,0.65,0.428,1.03,0.69,3.43,1인,S127
2_1392_12_6950_4634,niihau_2_1392_12_6950.jpg,Net,net,0.539,21.9541751,-160.0761751,0.61,0.59,0.364,6.55,2.73,16.38,1인,S127
2_1392_12_6950_4635,niihau_2_1392_12_6950.jpg,plastic debris,plastic_other,0.439,21.9541641,-160.0761859,0.91,0.85,0.772,1.85,1.24,6.18,1인,S127
2_1392_12_6950_4636,niihau_2_1392_12_6950.jpg,plastic debris,plastic_other,0.436,21.9541939,-160.0761773,0.68,0.63,0.427,1.02,0.68,3.42,1인,S127
2_1392_12_6950_4637,niihau_2_1392_12_6950.jpg,PET_Bottle,pet_bottle,0.390,21.9542439,-160.0761932,0.60,0.26,0.157,0.31,0.26,0.52,1인,S127
2_1392_12_6950_4638,niihau_2_1392_12_6950.jpg,plastic debris,plastic_other,0.353,21.9541585,-160.0762020,0.66,0.57,0.374,0.90,0.60,2.99,1인,S127
2_1392_12_6950_4639,niihau_2_1392_12_6950.jpg,plastic debris,plastic_other,0.305,21.9541519,-160.0761981,0.57,0.53,0.304,0.73,0.49,2.44,1인,S127
2_1392_1451_2909_4662,niihau_2_1392_1451_2909.jpg,Plastic_ETC,plastic_other,0.785,21.9549196,-160.0758929,1.13,1.09,1.233,2.96,1.97,9.86,1인,S131
2_1392_1451_2909_4663,niihau_2_1392_1451_2909.jpg,Plastic_ETC,plastic_other,0.762,21.9548722,-160.0758575,0.80,0.77,0.615,1.47,0.98,4.92,1인,S131
2_1392_1451_2909_4664,niihau_2_1392_1451_2909.jpg,Plastic_Buoy_China,plastic_buoy,0.635,21.9548813,-160.0758767,0.71,0.69,0.491,8.84,4.42,11.78,1인,S131
2_1392_1451_2909_4665,niihau_2_1392_1451_2909.jpg,PET_Bottle,pet_bottle,0.520,21.9549089,-160.0758484,0.56,0.53,0.296,0.59,0.49,0.98,1인,S131
2_1392_1451_2909_4666,niihau_2_1392_1451_2909.jpg,PET_Bottle,pet_bottle,0.381,21.9548642,-160.0759080,1.02,0.63,0.638,1.26,1.05,2.11,1인,S131
2_1392_1451_2909_4667,niihau_2_1392_1451_2909.jpg,plastic debris,plastic_other,0.379,21.9549047,-160.0758449,0.65,0.62,0.402,0.96,0.64,3.22,1인,S131
2_1392_1514_4035_4674,niihau_2_1392_1514_4035.jpg,Plastic_ETC,plastic_other,0.749,21.9547339,-160.0758281,0.97,0.94,0.911,2.19,1.46,7.28,1인,S131
2_1392_1514_4035_4675,niihau_2_1392_1514_4035.jpg,PET_Bottle,pet_bottle,0.718,21.9546840,-160.0758732,0.61,0.60,0.362,0.72,0.60,1.19,1인,S131
2_1392_1514_4035_4676,niihau_2_1392_1514_4035.jpg,Plastic_Buoy_China,plastic_buoy,0.693,21.9546948,-160.0759026,0.59,0.56,0.333,5.99,3.00,7.99,1인,S131
2_1392_1514_4035_4677,niihau_2_1392_1514_4035.jpg,Plastic_ETC,plastic_other,0.682,21.9547150,-160.0758795,0.78,0.74,0.576,1.38,0.92,4.61,1인,S131
2_1392_1514_4035_4678,niihau_2_1392_1514_4035.jpg,Plastic_Buoy_China,plastic_buoy,0.634,21.9547482,-160.0758434,0.63,0.61,0.386,6.95,3.48,9.27,1인,S131
2_1392_1514_4035_4679,niihau_2_1392_1514_4035.jpg,plastic debris,plastic_other,0.544,21.9547556,-160.0759360,0.55,0.54,0.298,0.72,0.48,2.38,1인,S131
2_1392_1514_4035_4680,niihau_2_1392_1514_4035.jpg,PET_Bottle,pet_bottle,0.536,21.9547538,-160.0758384,0.81,0.71,0.576,1.14,0.95,1.90,1인,S131
2_1392_1514_4035_4681,niihau_2_1392_1514_4035.jpg,plastic debris,plastic_other,0.457,21.9547677,-160.0758266,0.68,0.65,0.439,1.05,0.70,3.51,1인,S131
2_1392_1514_4035_4682,niihau_2_1392_1514_4035.jpg,plastic debris,plastic_other,0.430,21.9547341,-160.0759149,0.71,0.64,0.456,1.10,0.73,3.65,1인,S131
2_1392_1514_4035_4683,niihau_2_1392_1514_4035.jpg,plastic debris,plastic_other,0.372,21.9547049,-160.0758875,0.47,0.46,0.213,0.51,0.34,1.71,1인,S131
2_1392_1514_4035_4684,niihau_2_1392_1514_4035.jpg,PET_Bottle,pet_bottle,0.339,21.9547120,-160.0758756,0.64,0.61,0.394,0.78,0.65,1.30,1인,S131
2_1392_1514_4035_4685,niihau_2_1392_1514_4035.jpg,plastic debris,plastic_other,0.325,21.9547602,-160.0759385,0.40,0.36,0.141,0.34,0.22,1.12,1인,S131
2_1392_1544_3710_4693,niihau_2_1392_1544_3710.jpg,Plastic_ETC,plastic_other,0.835,21.9548029,-160.0759029,0.72,0.71,0.511,1.23,0.82,4.09,1인,S131
2_1392_1544_3710_4694,niihau_2_1392_1544_3710.jpg,Plastic_ETC,plastic_other,0.733,21.9547341,-160.0758280,1.04,0.99,1.029,2.47,1.65,8.23,1인,S131
2_1392_1544_3710_4695,niihau_2_1392_1544_3710.jpg,plastic debris,plastic_other,0.727,21.9547482,-160.0758435,0.66,0.63,0.414,0.99,0.66,3.31,1인,S131
2_1392_1544_3710_4696,niihau_2_1392_1544_3710.jpg,plastic debris,plastic_other,0.668,21.9547899,-160.0758930,0.56,0.56,0.314,0.75,0.50,2.51,1인,S131
2_1392_1544_3710_4697,niihau_2_1392_1544_3710.jpg,Plastic_Buoy_China,plastic_buoy,0.608,21.9548151,-160.0758839,0.72,0.71,0.513,9.24,4.62,12.32,1인,S131
2_1392_1544_3710_4698,niihau_2_1392_1544_3710.jpg,Plastic_Buoy_China,plastic_buoy,0.520,21.9548202,-160.0758855,0.62,0.60,0.370,6.66,3.33,8.87,1인,S131
2_1392_1544_3710_4699,niihau_2_1392_1544_3710.jpg,plastic debris,plastic_other,0.474,21.9547920,-160.0759029,0.65,0.64,0.420,1.01,0.67,3.36,1인,S131
2_1392_1544_3710_4700,niihau_2_1392_1544_3710.jpg,PET_Bottle,pet_bottle,0.448,21.9547535,-160.0758384,0.81,0.75,0.604,1.20,1.00,1.99,1인,S131
2_1392_1544_3710_4701,niihau_2_1392_1544_3710.jpg,plastic debris,plastic_other,0.398,21.9547679,-160.0758265,0.63,0.61,0.386,0.93,0.62,3.09,1인,S131
2_1392_1884_3793_4710,niihau_2_1392_1884_3793.jpg,Plastic_ETC,plastic_other,0.766,21.9547341,-160.0758281,0.99,0.92,0.906,2.17,1.45,7.25,1인,S131
2_1392_1884_3793_4711,niihau_2_1392_1884_3793.jpg,Plastic_Buoy_China,plastic_buoy,0.605,21.9547481,-160.0758434,0.61,0.59,0.364,6.55,3.28,8.74,1인,S131
2_1392_1884_3793_4712,niihau_2_1392_1884_3793.jpg,PET_Bottle,pet_bottle,0.504,21.9548144,-160.0757666,0.54,0.48,0.255,0.51,0.42,0.84,1인,S131
2_1392_1884_3793_4713,niihau_2_1392_1884_3793.jpg,PET_Bottle,pet_bottle,0.422,21.9547535,-160.0758384,0.78,0.68,0.530,1.05,0.87,1.75,1인,S131
2_1392_1884_3793_4714,niihau_2_1392_1884_3793.jpg,Plastic_Buoy,plastic_buoy,0.421,21.9547678,-160.0758266,0.62,0.60,0.374,6.73,3.36,8.97,1인,S131
2_1442_7156_21213_4722,niihau_2_1442_7156_21213.jpg,Plastic_ETC,plastic_other,0.766,21.9563658,-160.0747993,0.75,0.73,0.551,1.32,0.88,4.41,1인,S132
2_1442_7156_21213_4723,niihau_2_1442_7156_21213.jpg,Plastic_ETC,plastic_other,0.754,21.9563510,-160.0747956,0.79,0.78,0.613,1.47,0.98,4.91,1인,S132
2_1442_7156_21213_4724,niihau_2_1442_7156_21213.jpg,plastic debris,plastic_other,0.677,21.9563203,-160.0748223,0.60,0.58,0.351,0.84,0.56,2.80,1인,S132
2_1442_7156_21213_4725,niihau_2_1442_7156_21213.jpg,Plastic_Buoy,plastic_buoy,0.658,21.9563939,-160.0747975,0.64,0.63,0.402,7.24,3.62,9.65,1인,S132
2_1442_7156_21213_4726,niihau_2_1442_7156_21213.jpg,plastic debris,plastic_other,0.649,21.9563909,-160.0747888,0.62,0.60,0.371,0.89,0.59,2.97,1인,S132
2_1442_7156_21213_4727,niihau_2_1442_7156_21213.jpg,plastic debris,plastic_other,0.617,21.9563864,-160.0747895,0.80,0.80,0.641,1.54,1.03,5.13,1인,S132
2_1442_7156_21213_4728,niihau_2_1442_7156_21213.jpg,plastic debris,plastic_other,0.534,21.9563392,-160.0747859,0.58,0.56,0.326,0.78,0.52,2.61,1인,S132
2_1442_7156_21213_4729,niihau_2_1442_7156_21213.jpg,plastic debris,plastic_other,0.483,21.9563993,-160.0747700,0.54,0.54,0.292,0.70,0.47,2.33,1인,S132
2_1442_7156_21213_4730,niihau_2_1442_7156_21213.jpg,plastic debris,plastic_other,0.468,21.9564118,-160.0748233,0.54,0.52,0.279,0.67,0.45,2.23,1인,S132
2_1442_9018_20476_4734,niihau_2_1442_9018_20476.jpg,Plastic_ETC,plastic_other,0.786,21.9565340,-160.0743835,0.77,0.75,0.580,1.39,0.93,4.64,1인,S133
2_1442_9018_20476_4735,niihau_2_1442_9018_20476.jpg,Plastic_ETC,plastic_other,0.755,21.9565164,-160.0744508,0.76,0.68,0.521,1.25,0.83,4.17,1인,S133
2_1442_9018_20476_4736,niihau_2_1442_9018_20476.jpg,Plastic_ETC,plastic_other,0.682,21.9565005,-160.0744391,1.46,1.17,1.702,4.08,2.72,13.61,1인,S133
2_1442_9018_20476_4737,niihau_2_1442_9018_20476.jpg,Plastic_ETC,plastic_other,0.627,21.9565011,-160.0744705,0.74,0.69,0.510,1.22,0.82,4.08,1인,S133
2_1442_9018_20476_4738,niihau_2_1442_9018_20476.jpg,Styrofoam_Piece,eps_fragment,0.599,21.9565250,-160.0744196,0.69,0.64,0.440,0.26,0.18,0.88,1인,S133
2_1442_9018_20476_4739,niihau_2_1442_9018_20476.jpg,Net,net,0.529,21.9565483,-160.0744340,0.54,0.50,0.272,4.89,2.04,12.22,1인,S133
2_1442_9018_20476_4740,niihau_2_1442_9018_20476.jpg,plastic debris,plastic_other,0.525,21.9565115,-160.0744069,0.49,0.49,0.237,0.57,0.38,1.90,1인,S133
2_1442_9018_20476_4741,niihau_2_1442_9018_20476.jpg,plastic debris,plastic_other,0.513,21.9565551,-160.0743927,0.41,0.41,0.170,0.41,0.27,1.36,1인,S133
2_1442_9018_20476_4742,niihau_2_1442_9018_20476.jpg,plastic debris,plastic_other,0.422,21.9565146,-160.0744862,0.59,0.56,0.331,0.79,0.53,2.65,1인,S133
2_1442_9018_20476_4743,niihau_2_1442_9018_20476.jpg,plastic debris,plastic_other,0.316,21.9565268,-160.0744248,0.41,0.40,0.162,0.39,0.26,1.30,1인,S133
2_1442_9457_19562_4762,niihau_2_1442_9457_19562.jpg,Plastic_ETC,plastic_other,0.772,21.9566663,-160.0743560,1.36,1.36,1.862,4.47,2.98,14.89,1인,S133
2_1442_9457_19562_4763,niihau_2_1442_9457_19562.jpg,Styrofoam_Piece,eps_fragment,0.752,21.9566223,-160.0743443,0.73,0.72,0.531,0.32,0.21,1.06,1인,S133
2_1442_9457_19562_4764,niihau_2_1442_9457_19562.jpg,PET_Bottle,pet_bottle,0.726,21.9566648,-160.0743181,0.63,0.60,0.381,0.75,0.63,1.26,1인,S133
2_1442_9457_19562_4765,niihau_2_1442_9457_19562.jpg,PET_Bottle,pet_bottle,0.639,21.9566157,-160.0743084,0.55,0.54,0.295,0.59,0.49,0.98,1인,S133
2_1442_9457_19562_4766,niihau_2_1442_9457_19562.jpg,plastic debris,plastic_other,0.576,21.9566511,-160.0743206,0.49,0.44,0.215,0.52,0.34,1.72,1인,S133
2_1442_9457_19562_4767,niihau_2_1442_9457_19562.jpg,plastic debris,plastic_other,0.318,21.9566205,-160.0743624,0.52,0.50,0.260,0.62,0.42,2.08,1인,S133
2_1443_13296_-153_4775,niihau_2_1443_13296_-153.jpg,Styrofoam_Piece,eps_fragment,0.606,21.9618124,-160.0704864,0.52,0.51,0.267,0.16,0.11,0.53,1인,S134
2_1443_13296_-153_4776,niihau_2_1443_13296_-153.jpg,plastic debris,plastic_other,0.484,21.9618129,-160.0704554,0.53,0.46,0.244,0.59,0.39,1.95,1인,S134
2_1443_13296_-153_4777,niihau_2_1443_13296_-153.jpg,plastic debris,plastic_other,0.464,21.9618027,-160.0705227,1.66,1.19,1.984,4.76,3.18,15.88,1인,S134
2_1443_13296_-153_4778,niihau_2_1443_13296_-153.jpg,plastic debris,plastic_other,0.402,21.9617853,-160.0704601,0.73,0.61,0.449,1.08,0.72,3.59,1인,S134
2_1443_14650_2083_4787,niihau_2_1443_14650_2083.jpg,plastic debris,plastic_other,0.825,21.9613587,-160.0701717,0.83,0.81,0.674,1.62,1.08,5.40,1인,S135
2_1443_14650_2083_4788,niihau_2_1443_14650_2083.jpg,Plastic_ETC,plastic_other,0.803,21.9613914,-160.0702661,0.71,0.67,0.476,1.14,0.76,3.80,1인,S135
2_1443_14650_2083_4789,niihau_2_1443_14650_2083.jpg,plastic debris,plastic_other,0.733,21.9614100,-160.0702231,1.60,1.59,2.531,6.07,4.05,20.25,1인,S135
2_1443_14650_2083_4790,niihau_2_1443_14650_2083.jpg,plastic debris,plastic_other,0.659,21.9614029,-160.0702485,0.46,0.41,0.189,0.45,0.30,1.51,1인,S135
2_1443_14650_2083_4791,niihau_2_1443_14650_2083.jpg,PET_Bottle,pet_bottle,0.628,21.9613912,-160.0702808,0.45,0.41,0.184,0.36,0.30,0.61,1인,S135
2_1443_14650_2083_4792,niihau_2_1443_14650_2083.jpg,Plastic_ETC,plastic_other,0.558,21.9613573,-160.0701609,0.85,0.47,0.395,0.95,0.63,3.16,1인,S135
2_1443_14650_2083_4793,niihau_2_1443_14650_2083.jpg,Plastic_ETC,plastic_other,0.534,21.9614572,-160.0702308,0.69,0.67,0.464,1.11,0.74,3.71,1인,S135
2_1443_14650_2083_4794,niihau_2_1443_14650_2083.jpg,PET_Bottle,pet_bottle,0.531,21.9613741,-160.0702060,0.79,0.78,0.618,1.22,1.02,2.04,1인,S135
2_1443_14650_2083_4795,niihau_2_1443_14650_2083.jpg,plastic debris,plastic_other,0.469,21.9614124,-160.0702438,1.46,1.45,2.114,5.07,3.38,16.91,1인,S135
2_1443_14650_2083_4796,niihau_2_1443_14650_2083.jpg,Net,net,0.452,21.9614598,-160.0702289,0.54,0.52,0.278,5.01,2.09,12.53,1인,S135
2_1443_14650_2083_4797,niihau_2_1443_14650_2083.jpg,plastic debris,plastic_other,0.433,21.9613550,-160.0702280,0.62,0.58,0.363,0.87,0.58,2.90,1인,S135
2_1443_14996_2340_4812,niihau_2_1443_14996_2340.jpg,plastic debris,plastic_other,0.808,21.9613587,-160.0701718,0.86,0.82,0.701,1.68,1.12,5.61,1인,S135
2_1443_14996_2340_4813,niihau_2_1443_14996_2340.jpg,PET_Bottle,pet_bottle,0.478,21.9613742,-160.0702061,0.80,0.77,0.613,1.21,1.01,2.02,1인,S135
2_1443_14996_2340_4814,niihau_2_1443_14996_2340.jpg,PET_Bottle,pet_bottle,0.458,21.9613482,-160.0701580,1.13,0.92,1.038,2.06,1.71,3.43,1인,S135
2_1443_14996_2340_4815,niihau_2_1443_14996_2340.jpg,PET_Bottle,pet_bottle,0.454,21.9613478,-160.0701362,1.59,1.49,2.374,4.70,3.92,7.83,1인,S135
2_1443_14996_2340_4816,niihau_2_1443_14996_2340.jpg,plastic debris,plastic_other,0.328,21.9613313,-160.0701864,0.55,0.49,0.269,0.64,0.43,2.15,1인,S135
2_1443_1542_19434_4826,niihau_2_1443_1542_19434.jpg,PET_Bottle,pet_bottle,0.703,21.9582374,-160.0727065,0.73,0.61,0.446,0.88,0.74,1.47,1인,S136
2_1443_1542_19434_4827,niihau_2_1443_1542_19434.jpg,PET_Bottle,pet_bottle,0.671,21.9582785,-160.0727131,0.53,0.53,0.283,0.56,0.47,0.93,1인,S136
2_1443_1542_19434_4828,niihau_2_1443_1542_19434.jpg,plastic debris,plastic_other,0.526,21.9582386,-160.0727251,0.68,0.68,0.462,1.11,0.74,3.69,1인,S136
2_1443_1542_19434_4829,niihau_2_1443_1542_19434.jpg,plastic debris,plastic_other,0.510,21.9582343,-160.0727144,0.55,0.54,0.299,0.72,0.48,2.39,1인,S136
2_1443_1542_19434_4830,niihau_2_1443_1542_19434.jpg,plastic debris,plastic_other,0.509,21.9582426,-160.0726928,0.72,0.71,0.512,1.23,0.82,4.10,1인,S136
2_1443_1542_19434_4831,niihau_2_1443_1542_19434.jpg,plastic debris,plastic_other,0.459,21.9582407,-160.0727172,0.57,0.57,0.327,0.78,0.52,2.61,1인,S136
2_1443_1542_19434_4832,niihau_2_1443_1542_19434.jpg,plastic debris,plastic_other,0.447,21.9582887,-160.0727299,0.72,0.65,0.467,1.12,0.75,3.73,1인,S136
2_1443_1542_19434_4833,niihau_2_1443_1542_19434.jpg,Plastic_ETC,plastic_other,0.436,21.9583095,-160.0727511,1.40,1.36,1.907,4.58,3.05,15.25,1인,S136
2_1443_1542_19434_4834,niihau_2_1443_1542_19434.jpg,plastic debris,plastic_other,0.397,21.9582705,-160.0727007,0.53,0.51,0.269,0.65,0.43,2.16,1인,S136
2_1443_1642_19861_4852,niihau_2_1443_1642_19861.jpg,PET_Bottle,pet_bottle,0.801,21.9582372,-160.0727064,0.73,0.59,0.432,0.86,0.71,1.43,1인,S136
2_1443_1642_19861_4853,niihau_2_1443_1642_19861.jpg,plastic debris,plastic_other,0.616,21.9581553,-160.0726570,0.41,0.39,0.158,0.38,0.25,1.26,1인,S136
2_1443_1642_19861_4854,niihau_2_1443_1642_19861.jpg,plastic debris,plastic_other,0.557,21.9581303,-160.0726600,1.27,1.26,1.595,3.83,2.55,12.76,1인,S137
2_1443_1642_19861_4855,niihau_2_1443_1642_19861.jpg,plastic debris,plastic_other,0.549,21.9582343,-160.0727143,0.57,0.55,0.311,0.75,0.50,2.49,1인,S136
2_1443_1642_19861_4856,niihau_2_1443_1642_19861.jpg,Net,net,0.505,21.9581717,-160.0726721,0.55,0.54,0.298,5.37,2.24,13.42,1인,S136
2_1443_1642_19861_4857,niihau_2_1443_1642_19861.jpg,plastic debris,plastic_other,0.420,21.9582376,-160.0727248,0.67,0.47,0.312,0.75,0.50,2.49,1인,S136
2_1443_1642_19861_4858,niihau_2_1443_1642_19861.jpg,plastic debris,plastic_other,0.357,21.9581819,-160.0727165,1.62,1.48,2.403,5.77,3.84,19.22,1인,S136
2_1443_1642_19861_4859,niihau_2_1443_1642_19861.jpg,plastic debris,plastic_other,0.329,21.9581333,-160.0726913,1.99,1.98,3.939,9.45,6.30,31.51,2인,S137
2_1443_1642_19861_4860,niihau_2_1443_1642_19861.jpg,plastic debris,plastic_other,0.301,21.9581894,-160.0726671,1.36,1.14,1.544,3.71,2.47,12.35,1인,S136
2_1443_1932_19505_4878,niihau_2_1443_1932_19505.jpg,PET_Bottle,pet_bottle,0.722,21.9582374,-160.0727065,0.71,0.60,0.427,0.85,0.70,1.41,1인,S136
2_1443_1932_19505_4879,niihau_2_1443_1932_19505.jpg,PET_Bottle,pet_bottle,0.667,21.9582785,-160.0727130,0.55,0.54,0.299,0.59,0.49,0.99,1인,S136
2_1443_1932_19505_4880,niihau_2_1443_1932_19505.jpg,Plastic_Buoy_China,plastic_buoy,0.648,21.9581922,-160.0726518,0.64,0.59,0.377,6.78,3.39,9.05,1인,S136
2_1443_1932_19505_4881,niihau_2_1443_1932_19505.jpg,Plastic_Buoy_China,plastic_buoy,0.643,21.9582682,-160.0726239,0.66,0.61,0.406,7.30,3.65,9.74,1인,S136
2_1443_1932_19505_4882,niihau_2_1443_1932_19505.jpg,plastic debris,plastic_other,0.553,21.9582344,-160.0727144,0.58,0.58,0.339,0.81,0.54,2.71,1인,S136
2_1443_1932_19505_4883,niihau_2_1443_1932_19505.jpg,Net,net,0.519,21.9582274,-160.0726050,1.34,1.22,1.634,29.40,12.25,73.51,장비,S136
2_1443_1932_19505_4884,niihau_2_1443_1932_19505.jpg,plastic debris,plastic_other,0.514,21.9582706,-160.0727009,0.47,0.44,0.210,0.50,0.34,1.68,1인,S136
2_1443_1932_19505_4885,niihau_2_1443_1932_19505.jpg,PET_Bottle,pet_bottle,0.505,21.9582515,-160.0726184,0.74,0.69,0.513,1.02,0.85,1.69,1인,S136
2_1443_1932_19505_4886,niihau_2_1443_1932_19505.jpg,plastic debris,plastic_other,0.505,21.9582328,-160.0726161,1.20,1.12,1.345,3.23,2.15,10.76,1인,S136
2_1443_1932_19505_4887,niihau_2_1443_1932_19505.jpg,plastic debris,plastic_other,0.496,21.9582408,-160.0727170,0.56,0.55,0.310,0.74,0.50,2.48,1인,S136
2_1443_1932_19505_4888,niihau_2_1443_1932_19505.jpg,plastic debris,plastic_other,0.488,21.9582424,-160.0726930,0.72,0.69,0.497,1.19,0.79,3.97,1인,S136
2_1443_1932_19505_4889,niihau_2_1443_1932_19505.jpg,plastic debris,plastic_other,0.402,21.9582652,-160.0726120,1.79,1.66,2.981,7.15,4.77,23.84,2인,S136
2_1443_1932_19505_4890,niihau_2_1443_1932_19505.jpg,plastic debris,plastic_other,0.348,21.9582465,-160.0727065,1.12,0.95,1.065,2.56,1.70,8.52,1인,S136
2_1443_1932_19505_4891,niihau_2_1443_1932_19505.jpg,plastic debris,plastic_other,0.341,21.9581919,-160.0726664,1.42,0.68,0.974,2.34,1.56,7.79,1인,S136
2_1443_1932_19505_4892,niihau_2_1443_1932_19505.jpg,plastic debris,plastic_other,0.322,21.9582829,-160.0726961,1.18,0.94,1.114,2.67,1.78,8.91,1인,S136
2_1443_2007_18835_4915,niihau_2_1443_2007_18835.jpg,Plastic_Buoy_China,plastic_buoy,0.743,21.9583688,-160.0726021,0.63,0.62,0.391,7.04,3.52,9.38,1인,S136
2_1443_2007_18835_4916,niihau_2_1443_2007_18835.jpg,Plastic_ETC,plastic_other,0.705,21.9583346,-160.0726116,0.73,0.71,0.515,1.24,0.82,4.12,1인,S136
2_1443_2007_18835_4917,niihau_2_1443_2007_18835.jpg,Styrofoam_Piece,eps_fragment,0.656,21.9583235,-160.0726073,0.61,0.61,0.369,0.22,0.15,0.74,1인,S136
2_1443_2007_18835_4918,niihau_2_1443_2007_18835.jpg,PET_Bottle,pet_bottle,0.605,21.9583540,-160.0726339,0.96,0.83,0.794,1.57,1.31,2.62,1인,S136
2_1443_2007_18835_4919,niihau_2_1443_2007_18835.jpg,Net,net,0.544,21.9583241,-160.0726273,1.45,1.41,2.037,36.66,15.27,91.65,장비,S136
2_1443_2007_18835_4920,niihau_2_1443_2007_18835.jpg,Plastic_ETC,plastic_other,0.495,21.9583135,-160.0726043,1.41,0.72,1.017,2.44,1.63,8.13,1인,S136
2_1443_2007_18835_4921,niihau_2_1443_2007_18835.jpg,PET_Bottle,pet_bottle,0.474,21.9583286,-160.0726044,0.80,0.73,0.586,1.16,0.97,1.93,1인,S136
2_1443_2007_18835_4922,niihau_2_1443_2007_18835.jpg,plastic debris,plastic_other,0.459,21.9583577,-160.0726010,0.72,0.69,0.499,1.20,0.80,3.99,1인,S136
2_1443_2007_18835_4923,niihau_2_1443_2007_18835.jpg,plastic debris,plastic_other,0.439,21.9583221,-160.0726416,1.27,1.25,1.593,3.82,2.55,12.74,1인,S136
2_1443_2007_18835_4924,niihau_2_1443_2007_18835.jpg,plastic debris,plastic_other,0.416,21.9583552,-160.0726216,2.03,1.92,3.910,9.38,6.26,31.28,2인,S136
2_1443_2361_19012_4933,niihau_2_1443_2361_19012.jpg,Plastic_ETC,plastic_other,0.785,21.9583818,-160.0725378,0.77,0.75,0.576,1.38,0.92,4.61,1인,S136
2_1443_2361_19012_4934,niihau_2_1443_2361_19012.jpg,plastic debris,plastic_other,0.708,21.9583368,-160.0725779,3.20,2.78,8.901,21.36,14.24,71.21,장비,S136
2_1443_2361_19012_4935,niihau_2_1443_2361_19012.jpg,Plastic_Buoy_China,plastic_buoy,0.699,21.9583687,-160.0726019,0.63,0.62,0.392,7.06,3.53,9.42,1인,S136
2_1443_2361_19012_4936,niihau_2_1443_2361_19012.jpg,Styrofoam_Piece,eps_fragment,0.684,21.9583236,-160.0726073,0.57,0.55,0.310,0.19,0.12,0.62,1인,S136
2_1443_2361_19012_4937,niihau_2_1443_2361_19012.jpg,Plastic_ETC,plastic_other,0.666,21.9583347,-160.0726116,0.73,0.69,0.504,1.21,0.81,4.03,1인,S136
2_1443_2361_19012_4938,niihau_2_1443_2361_19012.jpg,Plastic_Buoy_China,plastic_buoy,0.654,21.9583146,-160.0725737,0.58,0.56,0.324,5.84,2.92,7.79,1인,S136
2_1443_2361_19012_4939,niihau_2_1443_2361_19012.jpg,Plastic_ETC,plastic_other,0.592,21.9583240,-160.0726273,1.37,1.28,1.742,4.18,2.79,13.93,1인,S136
2_1443_2361_19012_4940,niihau_2_1443_2361_19012.jpg,PET_Bottle,pet_bottle,0.556,21.9583539,-160.0726342,0.81,0.76,0.621,1.23,1.03,2.05,1인,S136
2_1443_2361_19012_4941,niihau_2_1443_2361_19012.jpg,Plastic_ETC,plastic_other,0.543,21.9583553,-160.0726216,1.91,1.77,3.381,8.12,5.41,27.05,2인,S136
2_1443_2361_19012_4942,niihau_2_1443_2361_19012.jpg,PET_Bottle,pet_bottle,0.520,21.9583914,-160.0725321,1.11,0.66,0.735,1.46,1.21,2.43,1인,S136
2_1443_2361_19012_4943,niihau_2_1443_2361_19012.jpg,Plastic_ETC,plastic_other,0.487,21.9583285,-160.0726043,0.84,0.73,0.616,1.48,0.98,4.92,1인,S136
2_1443_2361_19012_4944,niihau_2_1443_2361_19012.jpg,PET_Bottle,pet_bottle,0.468,21.9583146,-160.0725198,1.14,0.77,0.875,1.73,1.44,2.89,1인,S136
2_1443_2361_19012_4945,niihau_2_1443_2361_19012.jpg,plastic debris,plastic_other,0.448,21.9583103,-160.0726042,1.34,1.20,1.604,3.85,2.57,12.83,1인,S136
2_1443_2361_19012_4946,niihau_2_1443_2361_19012.jpg,PET_Bottle,pet_bottle,0.372,21.9582799,-160.0725666,0.59,0.29,0.171,0.34,0.28,0.56,1인,S136
2_1443_2361_19012_4947,niihau_2_1443_2361_19012.jpg,plastic debris,plastic_other,0.353,21.9583703,-160.0725305,0.54,0.53,0.286,0.69,0.46,2.28,1인,S136
2_1443_2361_19012_4948,niihau_2_1443_2361_19012.jpg,plastic debris,plastic_other,0.337,21.9583288,-160.0725576,0.45,0.40,0.179,0.43,0.29,1.43,1인,S136
2_1443_2361_19012_4949,niihau_2_1443_2361_19012.jpg,plastic debris,plastic_other,0.317,21.9583213,-160.0725235,0.54,0.53,0.288,0.69,0.46,2.30,1인,S136
2_1443_2361_19012_4950,niihau_2_1443_2361_19012.jpg,Plastic_ETC,plastic_other,0.312,21.9582883,-160.0725525,1.03,0.91,0.946,2.27,1.51,7.57,1인,S136
2_1443_2704_18820_4966,niihau_2_1443_2704_18820.jpg,Plastic_ETC,plastic_other,0.810,21.9583818,-160.0725378,0.76,0.73,0.553,1.33,0.88,4.42,1인,S136
2_1443_2704_18820_4967,niihau_2_1443_2704_18820.jpg,plastic debris,plastic_other,0.642,21.9583321,-160.0724885,0.63,0.61,0.385,0.92,0.62,3.08,1인,S136
2_1443_2704_18820_4968,niihau_2_1443_2704_18820.jpg,PET_Bottle,pet_bottle,0.629,21.9583920,-160.0725320,1.21,1.08,1.301,2.58,2.15,4.29,1인,S136
2_1443_2704_18820_4969,niihau_2_1443_2704_18820.jpg,plastic debris,plastic_other,0.593,21.9583318,-160.0725695,1.50,0.84,1.263,3.03,2.02,10.11,1인,S136
2_1443_2704_18820_4970,niihau_2_1443_2704_18820.jpg,plastic debris,plastic_other,0.529,21.9583900,-160.0724714,1.71,1.66,2.843,6.82,4.55,22.74,1인,S136
2_1443_2704_18820_4971,niihau_2_1443_2704_18820.jpg,PET_Bottle,pet_bottle,0.467,21.9583708,-160.0725121,1.15,0.87,1.006,1.99,1.66,3.32,1인,S136
2_1443_2704_18820_4972,niihau_2_1443_2704_18820.jpg,plastic debris,plastic_other,0.417,21.9583702,-160.0725307,0.50,0.47,0.235,0.56,0.38,1.88,1인,S136
2_1443_2704_18820_4973,niihau_2_1443_2704_18820.jpg,plastic debris,plastic_other,0.363,21.9583208,-160.0725245,0.32,0.32,0.103,0.25,0.17,0.83,1인,S136
2_1443_2704_18820_4974,niihau_2_1443_2704_18820.jpg,plastic debris,plastic_other,0.338,21.9583348,-160.0725505,0.43,0.40,0.171,0.41,0.27,1.37,1인,S136
2_1443_2704_18820_4975,niihau_2_1443_2704_18820.jpg,plastic debris,plastic_other,0.323,21.9583361,-160.0724808,0.42,0.38,0.158,0.38,0.25,1.27,1인,S136
2_1443_3440_19315_4994,niihau_2_1443_3440_19315.jpg,plastic debris,plastic_other,0.671,21.9582680,-160.0724019,1.70,1.68,2.857,6.86,4.57,22.86,1인,S138
2_1443_3440_19315_4995,niihau_2_1443_3440_19315.jpg,plastic debris,plastic_other,0.669,21.9582486,-160.0724114,0.67,0.67,0.447,1.07,0.71,3.57,1인,S138
2_1443_3440_19315_4996,niihau_2_1443_3440_19315.jpg,Styrofoam_Piece,eps_fragment,0.654,21.9582549,-160.0723647,0.65,0.59,0.386,0.23,0.15,0.77,1인,S139
2_1443_3440_19315_4997,niihau_2_1443_3440_19315.jpg,plastic debris,plastic_other,0.647,21.9582749,-160.0724170,0.52,0.49,0.255,0.61,0.41,2.04,1인,S138
2_1443_3440_19315_4998,niihau_2_1443_3440_19315.jpg,plastic debris,plastic_other,0.622,21.9582970,-160.0724193,1.77,1.24,2.204,5.29,3.53,17.63,1인,S138
2_1443_3440_19315_4999,niihau_2_1443_3440_19315.jpg,plastic debris,plastic_other,0.580,21.9582573,-160.0723743,0.55,0.52,0.287,0.69,0.46,2.29,1인,S139
2_1443_3440_19315_5000,niihau_2_1443_3440_19315.jpg,plastic debris,plastic_other,0.537,21.9583360,-160.0723812,1.19,1.04,1.236,2.97,1.98,9.89,1인,S138
2_1443_3440_19315_5001,niihau_2_1443_3440_19315.jpg,plastic debris,plastic_other,0.535,21.9582455,-160.0723618,0.97,0.92,0.891,2.14,1.43,7.13,1인,S139
2_1443_3440_19315_5002,niihau_2_1443_3440_19315.jpg,plastic debris,plastic_other,0.527,21.9582900,-160.0724043,0.56,0.52,0.291,0.70,0.47,2.33,1인,S138
2_1443_3440_19315_5003,niihau_2_1443_3440_19315.jpg,plastic debris,plastic_other,0.492,21.9582421,-160.0723980,0.55,0.53,0.290,0.70,0.46,2.32,1인,S138
2_1443_3440_19315_5004,niihau_2_1443_3440_19315.jpg,plastic debris,plastic_other,0.449,21.9582962,-160.0723305,0.49,0.45,0.219,0.53,0.35,1.76,1인,S139
2_1443_3440_19315_5005,niihau_2_1443_3440_19315.jpg,plastic debris,plastic_other,0.427,21.9582781,-160.0723805,2.88,2.70,7.772,18.65,12.44,62.18,장비,S139
2_1443_3440_19315_5006,niihau_2_1443_3440_19315.jpg,plastic debris,plastic_other,0.393,21.9582862,-160.0724080,0.55,0.52,0.285,0.68,0.46,2.28,1인,S138
2_1443_3440_19315_5007,niihau_2_1443_3440_19315.jpg,plastic debris,plastic_other,0.391,21.9582331,-160.0723696,0.60,0.58,0.351,0.84,0.56,2.81,1인,S139
2_1443_3440_19315_5008,niihau_2_1443_3440_19315.jpg,plastic debris,plastic_other,0.323,21.9582296,-160.0724105,0.45,0.42,0.189,0.45,0.30,1.51,1인,S138
2_1443_3440_19315_5009,niihau_2_1443_3440_19315.jpg,plastic debris,plastic_other,0.309,21.9582971,-160.0723985,0.46,0.43,0.196,0.47,0.31,1.57,1인,S138
2_1443_3440_19315_5010,niihau_2_1443_3440_19315.jpg,plastic debris,plastic_other,0.308,21.9583005,-160.0723718,0.96,0.96,0.923,2.21,1.48,7.38,1인,S139
2_1443_3535_19685_5041,niihau_2_1443_3535_19685.jpg,plastic debris,plastic_other,0.732,21.9582362,-160.0722952,1.82,1.48,2.700,6.48,4.32,21.60,1인,S139
2_1443_3535_19685_5042,niihau_2_1443_3535_19685.jpg,plastic debris,plastic_other,0.630,21.9582573,-160.0723742,0.59,0.56,0.326,0.78,0.52,2.61,1인,S139
2_1443_3535_19685_5043,niihau_2_1443_3535_19685.jpg,plastic debris,plastic_other,0.607,21.9582667,-160.0724024,1.84,1.54,2.833,6.80,4.53,22.66,1인,S138
2_1443_3535_19685_5044,niihau_2_1443_3535_19685.jpg,plastic debris,plastic_other,0.607,21.9582551,-160.0723646,0.72,0.63,0.457,1.10,0.73,3.65,1인,S139
2_1443_3535_19685_5045,niihau_2_1443_3535_19685.jpg,plastic debris,plastic_other,0.574,21.9582454,-160.0723618,1.06,1.02,1.084,2.60,1.73,8.67,1인,S139
2_1443_3535_19685_5046,niihau_2_1443_3535_19685.jpg,plastic debris,plastic_other,0.490,21.9582487,-160.0724102,0.61,0.39,0.238,0.57,0.38,1.90,1인,S138
2_1443_3535_19685_5047,niihau_2_1443_3535_19685.jpg,plastic debris,plastic_other,0.476,21.9582422,-160.0723980,0.58,0.57,0.330,0.79,0.53,2.64,1인,S138
2_1443_3535_19685_5048,niihau_2_1443_3535_19685.jpg,plastic debris,plastic_other,0.424,21.9582555,-160.0723555,0.66,0.64,0.421,1.01,0.67,3.37,1인,S139
2_1443_3535_19685_5049,niihau_2_1443_3535_19685.jpg,plastic debris,plastic_other,0.380,21.9582119,-160.0723762,2.11,1.77,3.731,8.95,5.97,29.85,2인,S139
2_1443_3535_19685_5050,niihau_2_1443_3535_19685.jpg,plastic debris,plastic_other,0.315,21.9582700,-160.0723825,1.29,0.83,1.073,2.57,1.72,8.58,1인,S139
2_1443_3937_18135_5070,niihau_2_1443_3937_18135.jpg,Plastic_ETC,plastic_other,0.619,21.9585240,-160.0722151,0.65,0.57,0.371,0.89,0.59,2.97,1인,S140
2_1443_3937_18135_5071,niihau_2_1443_3937_18135.jpg,plastic debris,plastic_other,0.414,21.9585346,-160.0723027,0.61,0.55,0.335,0.80,0.54,2.68,1인,S141
2_1443_3937_18135_5072,niihau_2_1443_3937_18135.jpg,plastic debris,plastic_other,0.393,21.9585318,-160.0722193,0.44,0.41,0.179,0.43,0.29,1.43,1인,S140
2_1443_3937_18135_5073,niihau_2_1443_3937_18135.jpg,plastic debris,plastic_other,0.322,21.9584978,-160.0722734,1.32,0.95,1.255,3.01,2.01,10.04,1인,S141
2_1443_4167_19504_5093,niihau_2_1443_4167_19504.jpg,Plastic_Buoy_China,plastic_buoy,0.782,21.9582804,-160.0722351,0.68,0.66,0.449,8.08,4.04,10.78,1인,S139
2_1443_4167_19504_5094,niihau_2_1443_4167_19504.jpg,Plastic_Buoy_China,plastic_buoy,0.731,21.9582343,-160.0722083,0.68,0.66,0.446,8.03,4.01,10.70,1인,S139
2_1443_4167_19504_5095,niihau_2_1443_4167_19504.jpg,Plastic_ETC,plastic_other,0.660,21.9582709,-160.0722018,1.66,1.50,2.487,5.97,3.98,19.89,1인,S139
2_1443_4167_19504_5096,niihau_2_1443_4167_19504.jpg,Plastic_ETC,plastic_other,0.598,21.9582396,-160.0722294,0.88,0.71,0.626,1.50,1.00,5.01,1인,S139
2_1443_4167_19504_5097,niihau_2_1443_4167_19504.jpg,plastic debris,plastic_other,0.581,21.9582588,-160.0722357,0.79,0.74,0.577,1.39,0.92,4.62,1인,S139
2_1443_4167_19504_5098,niihau_2_1443_4167_19504.jpg,plastic debris,plastic_other,0.544,21.9582776,-160.0721812,0.60,0.60,0.362,0.87,0.58,2.89,1인,S139
2_1443_4167_19504_5099,niihau_2_1443_4167_19504.jpg,Plastic_ETC,plastic_other,0.533,21.9583026,-160.0721764,2.12,1.16,2.468,5.92,3.95,19.74,1인,S139
2_1443_4167_19504_5100,niihau_2_1443_4167_19504.jpg,plastic debris,plastic_other,0.449,21.9582858,-160.0721740,0.47,0.42,0.198,0.48,0.32,1.58,1인,S139
2_1443_4167_19504_5101,niihau_2_1443_4167_19504.jpg,Styrofoam_Piece,eps_fragment,0.386,21.9583058,-160.0722154,0.70,0.39,0.276,0.17,0.11,0.55,1인,S139
2_1443_4167_19504_5102,niihau_2_1443_4167_19504.jpg,Styrofoam_Piece,eps_fragment,0.328,21.9582399,-160.0722409,0.91,0.83,0.753,0.45,0.30,1.51,1인,S139
2_1443_4170_17778_5125,niihau_2_1443_4170_17778.jpg,Plastic_ETC,plastic_other,0.770,21.9585293,-160.0721917,0.68,0.66,0.450,1.08,0.72,3.60,1인,S140
2_1443_4170_17778_5126,niihau_2_1443_4170_17778.jpg,Plastic_Buoy_China,plastic_buoy,0.755,21.9585178,-160.0721878,0.60,0.58,0.346,6.22,3.11,8.30,1인,S140
2_1443_4170_17778_5127,niihau_2_1443_4170_17778.jpg,Net,net,0.683,21.9585242,-160.0722149,0.67,0.62,0.417,7.50,3.12,18.75,1인,S140
2_1443_4170_17778_5128,niihau_2_1443_4170_17778.jpg,plastic debris,plastic_other,0.634,21.9585421,-160.0721990,0.58,0.54,0.312,0.75,0.50,2.50,1인,S140
2_1443_4170_17778_5129,niihau_2_1443_4170_17778.jpg,Plastic_Buoy_China,plastic_buoy,0.632,21.9585366,-160.0722005,0.74,0.74,0.550,9.90,4.95,13.20,1인,S140
2_1443_4170_17778_5130,niihau_2_1443_4170_17778.jpg,plastic debris,plastic_other,0.614,21.9585744,-160.0722284,0.58,0.58,0.338,0.81,0.54,2.70,1인,S140
2_1443_4170_17778_5131,niihau_2_1443_4170_17778.jpg,plastic debris,plastic_other,0.581,21.9585970,-160.0722306,0.62,0.58,0.365,0.88,0.58,2.92,1인,S140
2_1443_4170_17778_5132,niihau_2_1443_4170_17778.jpg,plastic debris,plastic_other,0.569,21.9585518,-160.0721878,0.59,0.54,0.317,0.76,0.51,2.54,1인,S140
2_1443_4170_17778_5133,niihau_2_1443_4170_17778.jpg,plastic debris,plastic_other,0.531,21.9585858,-160.0722479,0.65,0.59,0.384,0.92,0.61,3.07,1인,S140
2_1443_4170_17778_5134,niihau_2_1443_4170_17778.jpg,plastic debris,plastic_other,0.481,21.9585792,-160.0722191,0.51,0.50,0.255,0.61,0.41,2.04,1인,S140
2_1443_4170_17778_5135,niihau_2_1443_4170_17778.jpg,Net,net,0.453,21.9585111,-160.0721811,0.67,0.64,0.432,7.78,3.24,19.45,1인,S140
2_1443_4170_17778_5136,niihau_2_1443_4170_17778.jpg,plastic debris,plastic_other,0.438,21.9585578,-160.0721767,0.89,0.85,0.760,1.82,1.22,6.08,1인,S140
2_1443_4170_17778_5137,niihau_2_1443_4170_17778.jpg,plastic debris,plastic_other,0.401,21.9585428,-160.0721947,0.69,0.66,0.453,1.09,0.73,3.63,1인,S140
2_1443_4170_17778_5138,niihau_2_1443_4170_17778.jpg,plastic debris,plastic_other,0.392,21.9585199,-160.0721731,0.53,0.52,0.276,0.66,0.44,2.21,1인,S140
2_1443_4170_17778_5139,niihau_2_1443_4170_17778.jpg,plastic debris,plastic_other,0.386,21.9585786,-160.0722507,0.53,0.48,0.253,0.61,0.40,2.02,1인,S140
2_1443_4170_17778_5140,niihau_2_1443_4170_17778.jpg,plastic debris,plastic_other,0.372,21.9585078,-160.0722713,0.52,0.51,0.267,0.64,0.43,2.13,1인,S141
2_1443_4170_17778_5141,niihau_2_1443_4170_17778.jpg,plastic debris,plastic_other,0.320,21.9585729,-160.0722301,0.60,0.50,0.302,0.73,0.48,2.42,1인,S140
2_1443_4170_17778_5142,niihau_2_1443_4170_17778.jpg,plastic debris,plastic_other,0.312,21.9585317,-160.0722191,0.46,0.46,0.212,0.51,0.34,1.69,1인,S140
2_1443_4170_17778_5143,niihau_2_1443_4170_17778.jpg,plastic debris,plastic_other,0.305,21.9585714,-160.0722320,0.60,0.59,0.355,0.85,0.57,2.84,1인,S140
2_1443_4231_19186_5160,niihau_2_1443_4231_19186.jpg,Plastic_Buoy_China,plastic_buoy,0.815,21.9582805,-160.0722350,0.68,0.66,0.448,8.06,4.03,10.75,1인,S139
2_1443_4231_19186_5161,niihau_2_1443_4231_19186.jpg,plastic debris,plastic_other,0.707,21.9582709,-160.0722018,1.65,1.47,2.422,5.81,3.88,19.38,1인,S139
2_1443_4231_19186_5162,niihau_2_1443_4231_19186.jpg,Plastic_ETC,plastic_other,0.663,21.9583072,-160.0722155,0.73,0.67,0.488,1.17,0.78,3.91,1인,S139
2_1443_4231_19186_5163,niihau_2_1443_4231_19186.jpg,Net,net,0.571,21.9582776,-160.0721812,0.63,0.62,0.389,7.00,2.92,17.50,1인,S139
2_1443_4231_19186_5164,niihau_2_1443_4231_19186.jpg,plastic debris,plastic_other,0.442,21.9582588,-160.0722357,0.81,0.75,0.610,1.46,0.98,4.88,1인,S139
2_1443_4231_19186_5165,niihau_2_1443_4231_19186.jpg,plastic debris,plastic_other,0.433,21.9583189,-160.0722535,1.65,1.17,1.926,4.62,3.08,15.41,1인,S139
2_1443_4510_17340_5195,niihau_2_1443_4510_17340.jpg,plastic debris,plastic_other,0.652,21.9586704,-160.0721651,0.53,0.52,0.273,0.66,0.44,2.19,1인,S140
2_1443_4510_17340_5196,niihau_2_1443_4510_17340.jpg,Plastic_ETC,plastic_other,0.595,21.9585865,-160.0721226,0.82,0.67,0.544,1.31,0.87,4.35,1인,S140
2_1443_4510_17340_5197,niihau_2_1443_4510_17340.jpg,plastic debris,plastic_other,0.552,21.9586410,-160.0721643,0.61,0.61,0.368,0.88,0.59,2.95,1인,S140
2_1443_4510_17340_5198,niihau_2_1443_4510_17340.jpg,plastic debris,plastic_other,0.424,21.9586637,-160.0721181,0.47,0.43,0.204,0.49,0.33,1.63,1인,S140
2_1443_4510_17340_5199,niihau_2_1443_4510_17340.jpg,plastic debris,plastic_other,0.393,21.9586595,-160.0721127,1.20,1.11,1.328,3.19,2.12,10.62,1인,S140
2_1443_4510_17340_5200,niihau_2_1443_4510_17340.jpg,plastic debris,plastic_other,0.316,21.9586888,-160.0721556,3.84,2.24,8.602,20.64,13.76,68.82,장비,S140
2_1443_4603_19330_5206,niihau_2_1443_4603_19330.jpg,Plastic_Buoy_China,plastic_buoy,0.684,21.9582777,-160.0721812,0.63,0.61,0.383,6.89,3.44,9.18,1인,S139
2_1443_4603_19330_5207,niihau_2_1443_4603_19330.jpg,Net,net,0.591,21.9582708,-160.0721995,1.48,1.22,1.801,32.43,13.51,81.07,장비,S139
2_1443_4603_19330_5208,niihau_2_1443_4603_19330.jpg,plastic debris,plastic_other,0.493,21.9582818,-160.0721433,1.74,1.52,2.643,6.34,4.23,21.14,1인,S139
2_1443_4603_19330_5209,niihau_2_1443_4603_19330.jpg,plastic debris,plastic_other,0.434,21.9582357,-160.0721279,3.19,2.60,8.302,19.93,13.28,66.42,장비,S139
2_1443_4813_18567_5230,niihau_2_1443_4813_18567.jpg,plastic debris,plastic_other,0.425,21.9584063,-160.0721326,0.94,0.86,0.804,1.93,1.29,6.43,1인,S139
2_1443_6135_16330_5244,niihau_2_1443_6135_16330.jpg,Plastic_ETC,plastic_other,0.849,21.9588786,-160.0718260,0.94,0.90,0.846,2.03,1.35,6.77,1인,S142
2_1443_6135_16330_5245,niihau_2_1443_6135_16330.jpg,Plastic_Buoy_China,plastic_buoy,0.794,21.9588287,-160.0718241,0.71,0.69,0.488,8.78,4.39,11.70,1인,S142
2_1443_6135_16330_5246,niihau_2_1443_6135_16330.jpg,Plastic_Buoy_China,plastic_buoy,0.738,21.9588130,-160.0718223,0.69,0.69,0.476,8.57,4.28,11.42,1인,S142
2_1443_6135_16330_5247,niihau_2_1443_6135_16330.jpg,plastic debris,plastic_other,0.733,21.9588060,-160.0717947,1.39,1.23,1.711,4.11,2.74,13.69,1인,S142
2_1443_6135_16330_5248,niihau_2_1443_6135_16330.jpg,Plastic_ETC,plastic_other,0.662,21.9588037,-160.0718103,0.74,0.70,0.517,1.24,0.83,4.14,1인,S142
2_1443_6135_16330_5249,niihau_2_1443_6135_16330.jpg,plastic debris,plastic_other,0.470,21.9588257,-160.0718506,0.99,0.93,0.922,2.21,1.48,7.38,1인,S142
2_1443_6135_16330_5250,niihau_2_1443_6135_16330.jpg,plastic debris,plastic_other,0.440,21.9587722,-160.0718883,0.56,0.50,0.281,0.68,0.45,2.25,1인,S142
2_1443_6135_16330_5251,niihau_2_1443_6135_16330.jpg,Plastic_ETC,plastic_other,0.407,21.9588311,-160.0719046,1.66,1.25,2.074,4.98,3.32,16.59,1인,S142
2_1443_6135_16330_5252,niihau_2_1443_6135_16330.jpg,plastic debris,plastic_other,0.399,21.9588472,-160.0718333,0.44,0.43,0.187,0.45,0.30,1.49,1인,S142
2_1443_6135_16330_5253,niihau_2_1443_6135_16330.jpg,plastic debris,plastic_other,0.348,21.9588749,-160.0718630,0.48,0.47,0.226,0.54,0.36,1.81,1인,S142
2_1443_6135_16330_5254,niihau_2_1443_6135_16330.jpg,PET_Bottle,pet_bottle,0.341,21.9588735,-160.0719110,0.90,0.46,0.416,0.82,0.69,1.37,1인,S142
2_1443_8674_15430_5263,niihau_2_1443_8674_15430.jpg,Styrofoam_Piece,eps_fragment,0.728,21.9590001,-160.0713438,0.66,0.66,0.433,0.26,0.17,0.87,1인,S143
2_1443_8674_15430_5264,niihau_2_1443_8674_15430.jpg,Plastic_Buoy_China,plastic_buoy,0.616,21.9590076,-160.0713653,0.66,0.65,0.424,7.63,3.82,10.18,1인,S143
2_1443_8674_15430_5265,niihau_2_1443_8674_15430.jpg,Plastic_ETC,plastic_other,0.509,21.9589915,-160.0713605,1.16,0.99,1.142,2.74,1.83,9.14,1인,S143
2_1443_8674_15430_5266,niihau_2_1443_8674_15430.jpg,plastic debris,plastic_other,0.368,21.9590463,-160.0713036,0.43,0.41,0.180,0.43,0.29,1.44,1인,S143
2_1443_8674_15430_5267,niihau_2_1443_8674_15430.jpg,plastic debris,plastic_other,0.343,21.9590376,-160.0713450,0.51,0.47,0.238,0.57,0.38,1.90,1인,S143
2_1443_8674_15430_5268,niihau_2_1443_8674_15430.jpg,plastic debris,plastic_other,0.319,21.9589371,-160.0713873,1.43,0.81,1.154,2.77,1.85,9.23,1인,S143
2_1493_6569_32523_5279,niihau_2_1493_6569_32523.jpg,Plastic_Buoy_China,plastic_buoy,0.694,21.9621933,-160.0706049,0.65,0.63,0.410,7.37,3.69,9.83,1인,S144
2_1493_6569_32523_5280,niihau_2_1493_6569_32523.jpg,Plastic_Buoy_China,plastic_buoy,0.512,21.9621990,-160.0706093,0.72,0.66,0.473,8.52,4.26,11.36,1인,S144
2_1493_6569_32523_5281,niihau_2_1493_6569_32523.jpg,plastic debris,plastic_other,0.502,21.9621196,-160.0706067,0.53,0.53,0.280,0.67,0.45,2.24,1인,S144
2_1493_6768_32944_5289,niihau_2_1493_6768_32944.jpg,Plastic_ETC,plastic_other,0.602,21.9620756,-160.0705629,0.85,0.79,0.670,1.61,1.07,5.36,1인,S144
2_1493_6768_32944_5290,niihau_2_1493_6768_32944.jpg,plastic debris,plastic_other,0.584,21.9621093,-160.0705130,0.54,0.51,0.275,0.66,0.44,2.20,1인,S144
2_1493_6768_32944_5291,niihau_2_1493_6768_32944.jpg,plastic debris,plastic_other,0.396,21.9621196,-160.0706068,0.49,0.48,0.238,0.57,0.38,1.90,1인,S144
2_1493_6768_32944_5292,niihau_2_1493_6768_32944.jpg,plastic debris,plastic_other,0.336,21.9620428,-160.0705738,0.39,0.38,0.149,0.36,0.24,1.19,1인,S144
2_1493_8503_17214_5303,niihau_2_1493_8503_17214.jpg,Plastic_ETC,plastic_other,0.849,21.9649612,-160.0702693,0.86,0.84,0.722,1.73,1.16,5.78,1인,S145
2_1493_8503_17214_5304,niihau_2_1493_8503_17214.jpg,Plastic_ETC,plastic_other,0.610,21.9649556,-160.0702575,0.72,0.71,0.508,1.22,0.81,4.06,1인,S145
2_1493_8503_17214_5305,niihau_2_1493_8503_17214.jpg,PET_Bottle,pet_bottle,0.571,21.9649624,-160.0702870,0.82,0.74,0.607,1.20,1.00,2.00,1인,S145
2_1493_8503_17214_5306,niihau_2_1493_8503_17214.jpg,Plastic_ETC,plastic_other,0.475,21.9649188,-160.0702479,2.98,2.79,8.325,19.98,13.32,66.60,장비,S145
2_1493_8744_21697_5309,niihau_2_1493_8744_21697.jpg,Plastic_ETC,plastic_other,0.710,21.9641098,-160.0701964,0.86,0.80,0.686,1.65,1.10,5.49,1인,S146
2_1493_8744_21697_5310,niihau_2_1493_8744_21697.jpg,plastic debris,plastic_other,0.593,21.9640624,-160.0701907,0.50,0.50,0.248,0.59,0.40,1.98,1인,S146
2_1493_8744_21697_5311,niihau_2_1493_8744_21697.jpg,plastic debris,plastic_other,0.403,21.9641504,-160.0701672,0.46,0.43,0.196,0.47,0.31,1.57,1인,S146
2_1493_8972_20061_5317,niihau_2_1493_8972_20061.jpg,Plastic_ETC,plastic_other,0.806,21.9644057,-160.0701538,0.67,0.67,0.447,1.07,0.72,3.58,1인,S147
2_1493_8972_20061_5318,niihau_2_1493_8972_20061.jpg,Plastic_ETC,plastic_other,0.788,21.9643662,-160.0701044,0.71,0.69,0.491,1.18,0.79,3.93,1인,S147
2_1493_8972_20061_5319,niihau_2_1493_8972_20061.jpg,PET_Bottle,pet_bottle,0.554,21.9644338,-160.0700954,0.49,0.48,0.234,0.46,0.39,0.77,1인,S147
2_1493_8972_20061_5320,niihau_2_1493_8972_20061.jpg,plastic debris,plastic_other,0.437,21.9643988,-160.0701784,0.75,0.70,0.527,1.26,0.84,4.22,1인,S147
2_1493_8972_20061_5321,niihau_2_1493_8972_20061.jpg,plastic debris,plastic_other,0.414,21.9643545,-160.0701885,0.39,0.36,0.142,0.34,0.23,1.14,1인,S147
2_1493_8972_20061_5322,niihau_2_1493_8972_20061.jpg,plastic debris,plastic_other,0.342,21.9644069,-160.0701906,0.44,0.42,0.185,0.44,0.30,1.48,1인,S147
2_1493_8972_20061_5323,niihau_2_1493_8972_20061.jpg,plastic debris,plastic_other,0.322,21.9644430,-160.0701673,0.44,0.42,0.184,0.44,0.29,1.47,1인,S147
2_1493_8972_20061_5324,niihau_2_1493_8972_20061.jpg,plastic debris,plastic_other,0.315,21.9644512,-160.0701938,0.63,0.61,0.385,0.92,0.62,3.08,1인,S147
2_1493_9310_20022_5333,niihau_2_1493_9310_20022.jpg,Plastic_ETC,plastic_other,0.855,21.9644131,-160.0700881,0.92,0.91,0.831,1.99,1.33,6.65,1인,S147
2_1493_9310_20022_5334,niihau_2_1493_9310_20022.jpg,Plastic_ETC,plastic_other,0.771,21.9643662,-160.0701044,0.70,0.68,0.474,1.14,0.76,3.79,1인,S147
2_1493_9310_20022_5335,niihau_2_1493_9310_20022.jpg,Plastic_ETC,plastic_other,0.687,21.9643953,-160.0700871,0.58,0.56,0.328,0.79,0.53,2.63,1인,S147
2_1493_9310_20022_5336,niihau_2_1493_9310_20022.jpg,Plastic_ETC,plastic_other,0.656,21.9643965,-160.0700606,0.86,0.78,0.669,1.61,1.07,5.35,1인,S147
2_1493_9310_20022_5337,niihau_2_1493_9310_20022.jpg,PET_Bottle,pet_bottle,0.605,21.9644339,-160.0700956,0.53,0.50,0.268,0.53,0.44,0.89,1인,S147
2_1493_9310_20022_5338,niihau_2_1493_9310_20022.jpg,plastic debris,plastic_other,0.590,21.9643995,-160.0700793,0.61,0.56,0.341,0.82,0.55,2.73,1인,S147
2_1493_9310_20022_5339,niihau_2_1493_9310_20022.jpg,plastic debris,plastic_other,0.568,21.9644053,-160.0700715,0.52,0.46,0.236,0.57,0.38,1.89,1인,S147
2_1493_9310_20022_5340,niihau_2_1493_9310_20022.jpg,Net,net,0.535,21.9643885,-160.0700741,0.55,0.53,0.296,5.32,2.22,13.30,1인,S147
2_1493_9310_20022_5341,niihau_2_1493_9310_20022.jpg,plastic debris,plastic_other,0.529,21.9643649,-160.0700318,0.57,0.54,0.311,0.75,0.50,2.49,1인,S147
2_1493_9310_20022_5342,niihau_2_1493_9310_20022.jpg,plastic debris,plastic_other,0.499,21.9644042,-160.0700873,0.45,0.41,0.185,0.44,0.30,1.48,1인,S147
2_1493_9310_20022_5343,niihau_2_1493_9310_20022.jpg,plastic debris,plastic_other,0.402,21.9643987,-160.0700428,0.44,0.40,0.175,0.42,0.28,1.40,1인,S147
2_1493_9310_20022_5344,niihau_2_1493_9310_20022.jpg,plastic debris,plastic_other,0.357,21.9643860,-160.0700725,0.50,0.48,0.243,0.58,0.39,1.95,1인,S147
2_1493_9310_20022_5345,niihau_2_1493_9310_20022.jpg,plastic debris,plastic_other,0.342,21.9643946,-160.0700904,0.44,0.44,0.194,0.47,0.31,1.55,1인,S147
2_1493_9310_20022_5346,niihau_2_1493_9310_20022.jpg,plastic debris,plastic_other,0.328,21.9644084,-160.0700968,0.63,0.60,0.379,0.91,0.61,3.03,1인,S147
2_1494_-225_27987_5357,niihau_2_1494_-225_27987.jpg,PET_Bottle,pet_bottle,0.668,21.9630701,-160.0699105,0.64,0.56,0.358,0.71,0.59,1.18,1인,S148
2_1494_-225_27987_5358,niihau_2_1494_-225_27987.jpg,plastic debris,plastic_other,0.474,21.9630281,-160.0699497,4.03,3.95,15.952,38.28,25.52,127.61,장비,S148
2_1494_1184_11337_5364,niihau_2_1494_1184_11337.jpg,Plastic_ETC,plastic_other,0.827,21.9660460,-160.0696990,1.50,1.47,2.202,5.28,3.52,17.61,1인,S149
2_1494_1184_11337_5365,niihau_2_1494_1184_11337.jpg,Plastic_Buoy_China,plastic_buoy,0.773,21.9660645,-160.0697501,0.65,0.65,0.421,7.57,3.79,10.10,1인,S149
2_1494_1184_11337_5366,niihau_2_1494_1184_11337.jpg,Plastic_Buoy_China,plastic_buoy,0.680,21.9660764,-160.0696797,0.64,0.62,0.402,7.23,3.62,9.65,1인,S149
2_1494_1184_11337_5367,niihau_2_1494_1184_11337.jpg,PET_Bottle,pet_bottle,0.558,21.9660225,-160.0697203,0.73,0.68,0.493,0.98,0.81,1.63,1인,S149
2_1494_1184_11337_5368,niihau_2_1494_1184_11337.jpg,plastic debris,plastic_other,0.533,21.9660931,-160.0697357,0.65,0.62,0.403,0.97,0.65,3.23,1인,S149
2_1494_1184_11337_5369,niihau_2_1494_1184_11337.jpg,plastic debris,plastic_other,0.505,21.9661000,-160.0697381,0.62,0.62,0.385,0.92,0.62,3.08,1인,S149
2_1494_1184_11337_5370,niihau_2_1494_1184_11337.jpg,plastic debris,plastic_other,0.494,21.9660640,-160.0697143,0.57,0.54,0.311,0.75,0.50,2.49,1인,S149
2_1494_1184_11337_5371,niihau_2_1494_1184_11337.jpg,PET_Bottle,pet_bottle,0.484,21.9660010,-160.0696699,0.57,0.50,0.286,0.57,0.47,0.94,1인,S149
2_1494_1184_11337_5372,niihau_2_1494_1184_11337.jpg,plastic debris,plastic_other,0.414,21.9660589,-160.0696670,0.48,0.41,0.199,0.48,0.32,1.60,1인,S149
2_1494_1184_11337_5373,niihau_2_1494_1184_11337.jpg,Plastic_ETC,plastic_other,0.334,21.9660035,-160.0697071,1.02,1.01,1.030,2.47,1.65,8.24,1인,S149
2_1494_1184_11337_5374,niihau_2_1494_1184_11337.jpg,plastic debris,plastic_other,0.327,21.9660288,-160.0696938,0.97,0.90,0.873,2.10,1.40,6.99,1인,S149
2_1494_1471_10148_5384,niihau_2_1494_1471_10148.jpg,Plastic_ETC,plastic_other,0.733,21.9662135,-160.0696153,0.78,0.73,0.569,1.37,0.91,4.55,1인,S150
2_1494_1471_10148_5385,niihau_2_1494_1471_10148.jpg,Plastic_Buoy_China,plastic_buoy,0.695,21.9662894,-160.0695923,0.76,0.74,0.561,10.11,5.05,13.47,1인,S150
2_1494_1471_10148_5386,niihau_2_1494_1471_10148.jpg,Styrofoam_Piece,eps_fragment,0.632,21.9662612,-160.0696448,0.76,0.75,0.571,0.34,0.23,1.14,1인,S150
2_1494_1471_10148_5387,niihau_2_1494_1471_10148.jpg,Plastic_Buoy_China,plastic_buoy,0.629,21.9663151,-160.0696347,0.74,0.72,0.534,9.62,4.81,12.82,1인,S150
2_1494_1471_10148_5388,niihau_2_1494_1471_10148.jpg,plastic debris,plastic_other,0.450,21.9662429,-160.0696359,0.67,0.66,0.440,1.06,0.70,3.52,1인,S150
2_1494_1471_10148_5389,niihau_2_1494_1471_10148.jpg,plastic debris,plastic_other,0.415,21.9662501,-160.0695876,0.70,0.70,0.495,1.19,0.79,3.96,1인,S150
2_1494_1635_9530_5399,niihau_2_1494_1635_9530.jpg,Plastic_ETC,plastic_other,0.737,21.9663798,-160.0696086,0.72,0.68,0.488,1.17,0.78,3.90,1인,S150
2_1494_1635_9530_5400,niihau_2_1494_1635_9530.jpg,Plastic_ETC,plastic_other,0.705,21.9663735,-160.0696141,0.97,0.94,0.909,2.18,1.45,7.27,1인,S150
2_1494_1635_9530_5401,niihau_2_1494_1635_9530.jpg,Plastic_Buoy_China,plastic_buoy,0.682,21.9664062,-160.0696331,0.66,0.64,0.421,7.57,3.79,10.09,1인,S150
2_1494_1635_9530_5402,niihau_2_1494_1635_9530.jpg,plastic debris,plastic_other,0.612,21.9663385,-160.0696203,0.51,0.50,0.255,0.61,0.41,2.04,1인,S150
2_1494_1635_9530_5403,niihau_2_1494_1635_9530.jpg,PET_Bottle,pet_bottle,0.521,21.9663808,-160.0696418,0.65,0.64,0.414,0.82,0.68,1.37,1인,S150
2_1494_1635_9530_5404,niihau_2_1494_1635_9530.jpg,PET_Bottle,pet_bottle,0.505,21.9664009,-160.0695639,0.49,0.41,0.201,0.40,0.33,0.66,1인,S150
2_1494_1635_9530_5405,niihau_2_1494_1635_9530.jpg,plastic debris,plastic_other,0.499,21.9663225,-160.0696439,0.53,0.52,0.272,0.65,0.44,2.18,1인,S150
2_1494_1635_9530_5406,niihau_2_1494_1635_9530.jpg,Plastic_Buoy_China,plastic_buoy,0.467,21.9663611,-160.0695717,0.60,0.58,0.350,6.30,3.15,8.41,1인,S150
2_1494_1635_9530_5407,niihau_2_1494_1635_9530.jpg,PET_Bottle,pet_bottle,0.458,21.9664289,-160.0696559,0.58,0.43,0.251,0.50,0.41,0.83,1인,S150
2_1494_1635_9530_5408,niihau_2_1494_1635_9530.jpg,Plastic_ETC,plastic_other,0.455,21.9663902,-160.0696476,0.63,0.62,0.392,0.94,0.63,3.14,1인,S150
2_1494_1635_9530_5409,niihau_2_1494_1635_9530.jpg,plastic debris,plastic_other,0.418,21.9663250,-160.0696133,0.42,0.40,0.167,0.40,0.27,1.33,1인,S150
2_1494_1635_9530_5410,niihau_2_1494_1635_9530.jpg,plastic debris,plastic_other,0.403,21.9663978,-160.0696297,0.55,0.55,0.302,0.72,0.48,2.41,1인,S150
2_1494_1635_9530_5411,niihau_2_1494_1635_9530.jpg,plastic debris,plastic_other,0.377,21.9663194,-160.0695596,0.39,0.37,0.142,0.34,0.23,1.14,1인,S150
2_1494_1635_9530_5412,niihau_2_1494_1635_9530.jpg,plastic debris,plastic_other,0.314,21.9663661,-160.0695786,0.57,0.56,0.321,0.77,0.51,2.57,1인,S150
2_1494_233_24750_5424,niihau_2_1494_233_24750.jpg,Plastic_ETC,plastic_other,0.736,21.9636311,-160.0698361,0.90,0.86,0.770,1.85,1.23,6.16,1인,S151
2_1494_233_24750_5425,niihau_2_1494_233_24750.jpg,Styrofoam_Piece,eps_fragment,0.595,21.9636597,-160.0698054,0.64,0.37,0.236,0.14,0.09,0.47,1인,S151
2_1494_233_24750_5426,niihau_2_1494_233_24750.jpg,plastic debris,plastic_other,0.419,21.9636334,-160.0698123,1.17,1.11,1.303,3.13,2.08,10.42,1인,S151
2_1494_233_24750_5427,niihau_2_1494_233_24750.jpg,plastic debris,plastic_other,0.413,21.9635819,-160.0698709,0.86,0.76,0.653,1.57,1.04,5.22,1인,S151
2_1494_233_24750_5428,niihau_2_1494_233_24750.jpg,plastic debris,plastic_other,0.320,21.9636053,-160.0698129,1.99,1.86,3.707,8.90,5.93,29.66,2인,S151
2_1494_2884_6732_5444,niihau_2_1494_2884_6732.jpg,Plastic_ETC,plastic_other,0.651,21.9669322,-160.0693218,0.71,0.69,0.491,1.18,0.79,3.93,1인,S152
2_1494_2884_6732_5445,niihau_2_1494_2884_6732.jpg,PET_Bottle,pet_bottle,0.598,21.9668264,-160.0693827,0.45,0.43,0.193,0.38,0.32,0.64,1인,S152
2_1494_2884_6732_5446,niihau_2_1494_2884_6732.jpg,Net,net,0.552,21.9669032,-160.0693579,0.73,0.69,0.501,9.03,3.76,22.56,1인,S152
2_1494_2884_6732_5447,niihau_2_1494_2884_6732.jpg,plastic debris,plastic_other,0.549,21.9669347,-160.0693380,0.66,0.64,0.425,1.02,0.68,3.40,1인,S152
2_1494_2884_6732_5448,niihau_2_1494_2884_6732.jpg,plastic debris,plastic_other,0.530,21.9669027,-160.0693204,0.70,0.69,0.482,1.16,0.77,3.85,1인,S152
2_1494_2884_6732_5449,niihau_2_1494_2884_6732.jpg,plastic debris,plastic_other,0.522,21.9668472,-160.0693615,0.62,0.61,0.379,0.91,0.61,3.04,1인,S152
2_1494_2884_6732_5450,niihau_2_1494_2884_6732.jpg,plastic debris,plastic_other,0.518,21.9668272,-160.0693657,0.59,0.58,0.343,0.82,0.55,2.75,1인,S152
2_1494_2884_6732_5451,niihau_2_1494_2884_6732.jpg,PET_Bottle,pet_bottle,0.510,21.9669003,-160.0694088,0.79,0.73,0.579,1.15,0.96,1.91,1인,S152
2_1494_2884_6732_5452,niihau_2_1494_2884_6732.jpg,plastic debris,plastic_other,0.455,21.9668862,-160.0693465,0.59,0.58,0.346,0.83,0.55,2.77,1인,S152
2_1494_3213_6532_5460,niihau_2_1494_3213_6532.jpg,Plastic_ETC,plastic_other,0.755,21.9669142,-160.0692530,0.63,0.46,0.290,0.70,0.46,2.32,1인,S152
2_1494_3213_6532_5461,niihau_2_1494_3213_6532.jpg,plastic debris,plastic_other,0.733,21.9669096,-160.0692731,0.56,0.53,0.302,0.72,0.48,2.41,1인,S152
2_1494_3213_6532_5462,niihau_2_1494_3213_6532.jpg,Net,net,0.705,21.9669033,-160.0693579,0.64,0.63,0.403,7.26,3.03,18.15,1인,S152
2_1494_3213_6532_5463,niihau_2_1494_3213_6532.jpg,plastic debris,plastic_other,0.666,21.9669322,-160.0693217,0.69,0.69,0.478,1.15,0.76,3.82,1인,S152
2_1494_3213_6532_5464,niihau_2_1494_3213_6532.jpg,plastic debris,plastic_other,0.527,21.9669347,-160.0693382,0.63,0.61,0.385,0.92,0.62,3.08,1인,S152
2_1494_3213_6532_5465,niihau_2_1494_3213_6532.jpg,plastic debris,plastic_other,0.481,21.9668697,-160.0693068,0.51,0.48,0.243,0.58,0.39,1.94,1인,S152
2_1494_3213_6532_5466,niihau_2_1494_3213_6532.jpg,plastic debris,plastic_other,0.480,21.9668863,-160.0693464,0.56,0.56,0.314,0.75,0.50,2.52,1인,S152
2_1494_3213_6532_5467,niihau_2_1494_3213_6532.jpg,plastic debris,plastic_other,0.476,21.9669573,-160.0692956,0.99,0.98,0.974,2.34,1.56,7.79,1인,S152
2_1494_3213_6532_5468,niihau_2_1494_3213_6532.jpg,plastic debris,plastic_other,0.462,21.9669027,-160.0693204,0.68,0.67,0.456,1.09,0.73,3.65,1인,S152
2_1494_3213_6532_5469,niihau_2_1494_3213_6532.jpg,plastic debris,plastic_other,0.431,21.9669519,-160.0693233,0.67,0.63,0.418,1.00,0.67,3.35,1인,S152
2_1494_3213_6532_5470,niihau_2_1494_3213_6532.jpg,plastic debris,plastic_other,0.352,21.9668863,-160.0693515,0.49,0.46,0.225,0.54,0.36,1.80,1인,S152
2_1494_3213_6532_5471,niihau_2_1494_3213_6532.jpg,plastic debris,plastic_other,0.310,21.9669168,-160.0693125,0.60,0.59,0.355,0.85,0.57,2.84,1인,S152
2_1544_10027_19269_5487,niihau_2_1544_10027_19269.jpg,Plastic_Buoy,plastic_buoy,0.820,21.9691372,-160.0680157,1.22,1.17,1.427,25.69,12.85,34.26,2인,S153
2_1544_10027_19269_5488,niihau_2_1544_10027_19269.jpg,plastic debris,plastic_other,0.695,21.9691668,-160.0679447,0.62,0.61,0.379,0.91,0.61,3.03,1인,S153
2_1544_10027_19269_5489,niihau_2_1544_10027_19269.jpg,plastic debris,plastic_other,0.557,21.9691681,-160.0680220,0.53,0.48,0.252,0.61,0.40,2.02,1인,S153
2_1544_10027_19269_5490,niihau_2_1544_10027_19269.jpg,plastic debris,plastic_other,0.556,21.9691526,-160.0679486,0.60,0.59,0.354,0.85,0.57,2.83,1인,S153
2_1544_10027_19269_5491,niihau_2_1544_10027_19269.jpg,plastic debris,plastic_other,0.537,21.9691637,-160.0680063,0.55,0.54,0.298,0.72,0.48,2.39,1인,S153
2_1544_10027_19269_5492,niihau_2_1544_10027_19269.jpg,plastic debris,plastic_other,0.536,21.9691519,-160.0679345,0.84,0.81,0.682,1.64,1.09,5.46,1인,S153
2_1544_10027_19269_5493,niihau_2_1544_10027_19269.jpg,plastic debris,plastic_other,0.522,21.9691497,-160.0679272,0.57,0.57,0.322,0.77,0.52,2.58,1인,S153
2_1544_10027_19269_5494,niihau_2_1544_10027_19269.jpg,Net,net,0.517,21.9691995,-160.0679809,0.59,0.56,0.333,6.00,2.50,15.00,1인,S153
2_1544_10027_19269_5495,niihau_2_1544_10027_19269.jpg,plastic debris,plastic_other,0.444,21.9691545,-160.0679567,0.70,0.67,0.469,1.13,0.75,3.75,1인,S153
2_1544_10027_19269_5496,niihau_2_1544_10027_19269.jpg,plastic debris,plastic_other,0.442,21.9691547,-160.0679635,0.68,0.65,0.444,1.07,0.71,3.55,1인,S153
2_1544_10027_19269_5497,niihau_2_1544_10027_19269.jpg,Styrofoam_Piece,eps_fragment,0.441,21.9691935,-160.0679129,0.75,0.71,0.530,0.32,0.21,1.06,1인,S153
2_1544_10027_19269_5498,niihau_2_1544_10027_19269.jpg,plastic debris,plastic_other,0.371,21.9691474,-160.0679290,0.73,0.72,0.529,1.27,0.85,4.24,1인,S153
2_1544_10027_19269_5499,niihau_2_1544_10027_19269.jpg,Plastic_ETC,plastic_other,0.362,21.9691400,-160.0679717,2.61,2.53,6.594,15.82,10.55,52.75,장비,S153
2_1544_10027_19269_5500,niihau_2_1544_10027_19269.jpg,plastic debris,plastic_other,0.352,21.9691995,-160.0679740,0.61,0.61,0.372,0.89,0.60,2.98,1인,S153
2_1544_10027_19269_5501,niihau_2_1544_10027_19269.jpg,plastic debris,plastic_other,0.337,21.9692239,-160.0679350,0.59,0.56,0.332,0.80,0.53,2.65,1인,S153
2_1544_10027_19269_5502,niihau_2_1544_10027_19269.jpg,plastic debris,plastic_other,0.336,21.9691705,-160.0679683,0.92,0.92,0.846,2.03,1.35,6.77,1인,S153
2_1544_10027_19269_5503,niihau_2_1544_10027_19269.jpg,plastic debris,plastic_other,0.318,21.9691932,-160.0679742,0.48,0.46,0.220,0.53,0.35,1.76,1인,S153
2_1544_10027_19269_5504,niihau_2_1544_10027_19269.jpg,Plastic_ETC,plastic_other,0.315,21.9691592,-160.0679466,0.77,0.68,0.529,1.27,0.85,4.23,1인,S153
2_1544_10027_19269_5505,niihau_2_1544_10027_19269.jpg,plastic debris,plastic_other,0.303,21.9692162,-160.0680190,0.65,0.58,0.374,0.90,0.60,2.99,1인,S153
2_1544_11561_16963_5538,niihau_2_1544_11561_16963.jpg,Net,net,0.776,21.9695593,-160.0676162,0.67,0.66,0.442,7.95,3.31,19.87,1인,S154
2_1544_11561_16963_5539,niihau_2_1544_11561_16963.jpg,PET_Bottle,pet_bottle,0.694,21.9695865,-160.0676152,0.78,0.42,0.331,0.65,0.55,1.09,1인,S154
2_1544_11561_16963_5540,niihau_2_1544_11561_16963.jpg,Plastic_ETC,plastic_other,0.631,21.9696040,-160.0676701,0.77,0.74,0.569,1.37,0.91,4.55,1인,S154
2_1544_11561_16963_5541,niihau_2_1544_11561_16963.jpg,plastic debris,plastic_other,0.519,21.9695584,-160.0676747,0.67,0.63,0.422,1.01,0.67,3.37,1인,S154
2_1544_11561_16963_5542,niihau_2_1544_11561_16963.jpg,Plastic_ETC,plastic_other,0.497,21.9695844,-160.0676342,1.01,0.87,0.877,2.11,1.40,7.02,1인,S154
2_1544_11561_16963_5543,niihau_2_1544_11561_16963.jpg,plastic debris,plastic_other,0.473,21.9695385,-160.0676374,0.60,0.52,0.311,0.75,0.50,2.49,1인,S154
2_1544_11561_16963_5544,niihau_2_1544_11561_16963.jpg,Plastic_Buoy_China,plastic_buoy,0.458,21.9696449,-160.0676510,0.58,0.35,0.203,3.66,1.83,4.88,1인,S154
2_1544_11561_16963_5545,niihau_2_1544_11561_16963.jpg,plastic debris,plastic_other,0.439,21.9695410,-160.0676945,1.62,1.53,2.484,5.96,3.97,19.87,1인,S154
2_1544_11561_16963_5546,niihau_2_1544_11561_16963.jpg,plastic debris,plastic_other,0.358,21.9695440,-160.0676410,0.43,0.42,0.184,0.44,0.29,1.47,1인,S154
2_1544_11561_16963_5547,niihau_2_1544_11561_16963.jpg,PET_Bottle,pet_bottle,0.356,21.9695394,-160.0676515,0.68,0.64,0.437,0.87,0.72,1.44,1인,S154
2_1544_11561_16963_5548,niihau_2_1544_11561_16963.jpg,plastic debris,plastic_other,0.314,21.9695912,-160.0676386,0.55,0.54,0.298,0.71,0.48,2.38,1인,S154
2_1544_13990_14795_5575,niihau_2_1544_13990_14795.jpg,plastic debris,plastic_other,0.734,21.9700202,-160.0671977,0.58,0.56,0.325,0.78,0.52,2.60,1인,S155
2_1544_13990_14795_5576,niihau_2_1544_13990_14795.jpg,Net,net,0.664,21.9699524,-160.0672147,0.66,0.65,0.427,7.68,3.20,19.21,1인,S155
2_1544_13990_14795_5577,niihau_2_1544_13990_14795.jpg,plastic debris,plastic_other,0.649,21.9699420,-160.0672624,0.58,0.57,0.328,0.79,0.53,2.63,1인,S155
2_1544_13990_14795_5578,niihau_2_1544_13990_14795.jpg,plastic debris,plastic_other,0.389,21.9699968,-160.0671843,0.53,0.50,0.264,0.63,0.42,2.11,1인,S155
2_1544_13990_14795_5579,niihau_2_1544_13990_14795.jpg,plastic debris,plastic_other,0.319,21.9700241,-160.0672302,0.44,0.40,0.176,0.42,0.28,1.41,1인,S155
2_1544_15615_12955_5593,niihau_2_1544_15615_12955.jpg,plastic debris,plastic_other,0.554,21.9702871,-160.0669239,0.78,0.67,0.523,1.26,0.84,4.19,1인,S156
2_1544_15615_12955_5594,niihau_2_1544_15615_12955.jpg,plastic debris,plastic_other,0.404,21.9702955,-160.0668675,0.43,0.41,0.179,0.43,0.29,1.43,1인,S156
2_1544_15615_12955_5595,niihau_2_1544_15615_12955.jpg,plastic debris,plastic_other,0.403,21.9702634,-160.0669105,0.76,0.76,0.575,1.38,0.92,4.60,1인,S156
2_1544_15673_13276_5603,niihau_2_1544_15673_13276.jpg,plastic debris,plastic_other,0.552,21.9702424,-160.0668754,0.54,0.53,0.286,0.69,0.46,2.29,1인,S156
2_1544_15673_13276_5604,niihau_2_1544_15673_13276.jpg,plastic debris,plastic_other,0.515,21.9702543,-160.0668745,0.57,0.52,0.295,0.71,0.47,2.36,1인,S156
2_1544_15673_13276_5605,niihau_2_1544_15673_13276.jpg,plastic debris,plastic_other,0.514,21.9702579,-160.0668841,0.50,0.48,0.236,0.57,0.38,1.89,1인,S156
2_1544_15673_13276_5606,niihau_2_1544_15673_13276.jpg,plastic debris,plastic_other,0.494,21.9702634,-160.0669108,0.73,0.69,0.500,1.20,0.80,4.00,1인,S156
2_1544_15673_13276_5607,niihau_2_1544_15673_13276.jpg,plastic debris,plastic_other,0.461,21.9702871,-160.0669239,0.75,0.64,0.478,1.15,0.77,3.83,1인,S156
2_1544_15673_13276_5608,niihau_2_1544_15673_13276.jpg,PET_Bottle,pet_bottle,0.460,21.9702456,-160.0668510,0.58,0.51,0.295,0.58,0.49,0.97,1인,S156
2_1544_15673_13276_5609,niihau_2_1544_15673_13276.jpg,plastic debris,plastic_other,0.376,21.9702542,-160.0668822,0.48,0.46,0.221,0.53,0.35,1.77,1인,S156
2_1544_15673_13276_5610,niihau_2_1544_15673_13276.jpg,plastic debris,plastic_other,0.372,21.9702956,-160.0668673,0.43,0.41,0.176,0.42,0.28,1.41,1인,S156
2_1544_15673_13276_5611,niihau_2_1544_15673_13276.jpg,plastic debris,plastic_other,0.324,21.9702492,-160.0668746,0.51,0.50,0.253,0.61,0.40,2.02,1인,S156
2_1544_9064_20501_5630,niihau_2_1544_9064_20501.jpg,Plastic_ETC,plastic_other,0.606,21.9689463,-160.0681538,0.61,0.59,0.356,0.86,0.57,2.85,1인,S157
2_1544_9064_20501_5631,niihau_2_1544_9064_20501.jpg,plastic debris,plastic_other,0.531,21.9689895,-160.0682021,0.60,0.58,0.346,0.83,0.55,2.77,1인,S157
2_1544_9064_20501_5632,niihau_2_1544_9064_20501.jpg,plastic debris,plastic_other,0.527,21.9689306,-160.0681275,0.57,0.57,0.328,0.79,0.52,2.62,1인,S157
2_1544_9481_20388_5643,niihau_2_1544_9481_20388.jpg,Plastic_Buoy_China,plastic_buoy,0.772,21.9690222,-160.0680988,0.71,0.57,0.404,7.28,3.64,9.70,1인,S153
2_1544_9481_20388_5644,niihau_2_1544_9481_20388.jpg,plastic debris,plastic_other,0.720,21.9689669,-160.0680735,1.48,1.45,2.139,5.13,3.42,17.11,1인,S153
2_1544_9481_20388_5645,niihau_2_1544_9481_20388.jpg,Plastic_ETC,plastic_other,0.684,21.9690004,-160.0680607,1.77,1.68,2.983,7.16,4.77,23.86,2인,S153
2_1544_9481_20388_5646,niihau_2_1544_9481_20388.jpg,plastic debris,plastic_other,0.497,21.9689306,-160.0681276,0.52,0.50,0.263,0.63,0.42,2.10,1인,S157
2_1544_9481_20388_5647,niihau_2_1544_9481_20388.jpg,Styrofoam_Buoy,eps_buoy,0.479,21.9689137,-160.0680888,1.29,0.98,1.262,11.04,4.73,12.62,1인,S157
2_1544_9481_20388_5648,niihau_2_1544_9481_20388.jpg,plastic debris,plastic_other,0.407,21.9689787,-160.0680283,2.02,1.86,3.763,9.03,6.02,30.11,2인,S153
2_1544_9481_20388_5649,niihau_2_1544_9481_20388.jpg,plastic debris,plastic_other,0.370,21.9689920,-160.0681033,0.40,0.39,0.157,0.38,0.25,1.26,1인,S153
2_1544_9481_20388_5650,niihau_2_1544_9481_20388.jpg,plastic debris,plastic_other,0.355,21.9689312,-160.0680731,0.85,0.85,0.723,1.73,1.16,5.78,1인,S157
2_1544_9577_19526_5664,niihau_2_1544_9577_19526.jpg,Plastic_Buoy,plastic_buoy,0.806,21.9691373,-160.0680154,1.23,1.19,1.461,26.31,13.15,35.07,2인,S153
2_1544_9577_19526_5665,niihau_2_1544_9577_19526.jpg,Net,net,0.730,21.9691769,-160.0681086,0.59,0.58,0.346,6.23,2.59,15.56,1인,S153
2_1544_9577_19526_5666,niihau_2_1544_9577_19526.jpg,plastic debris,plastic_other,0.616,21.9691636,-160.0680064,0.56,0.56,0.312,0.75,0.50,2.50,1인,S153
2_1544_9577_19526_5667,niihau_2_1544_9577_19526.jpg,plastic debris,plastic_other,0.563,21.9691342,-160.0680713,0.63,0.61,0.386,0.93,0.62,3.09,1인,S153
2_1544_9577_19526_5668,niihau_2_1544_9577_19526.jpg,plastic debris,plastic_other,0.525,21.9691021,-160.0680685,0.65,0.63,0.409,0.98,0.65,3.27,1인,S153
2_1544_9577_19526_5669,niihau_2_1544_9577_19526.jpg,plastic debris,plastic_other,0.499,21.9691041,-160.0680054,0.67,0.65,0.436,1.05,0.70,3.49,1인,S153
2_1544_9577_19526_5670,niihau_2_1544_9577_19526.jpg,plastic debris,plastic_other,0.491,21.9690763,-160.0680429,2.73,2.44,6.641,15.94,10.63,53.13,장비,S153
2_1544_9577_19526_5671,niihau_2_1544_9577_19526.jpg,plastic debris,plastic_other,0.490,21.9691682,-160.0680217,0.50,0.48,0.243,0.58,0.39,1.95,1인,S153
2_1544_9577_19526_5672,niihau_2_1544_9577_19526.jpg,Plastic_Buoy,plastic_buoy,0.473,21.9691233,-160.0680559,0.69,0.66,0.455,8.19,4.09,10.91,1인,S153
2_1544_9577_19526_5673,niihau_2_1544_9577_19526.jpg,Net,net,0.472,21.9690845,-160.0680789,0.59,0.55,0.322,5.79,2.41,14.47,1인,S153
2_1544_9577_19526_5674,niihau_2_1544_9577_19526.jpg,Plastic_ETC,plastic_other,0.412,21.9690673,-160.0680697,0.80,0.49,0.392,0.94,0.63,3.14,1인,S153
2_1544_9577_19526_5675,niihau_2_1544_9577_19526.jpg,plastic debris,plastic_other,0.377,21.9690789,-160.0680939,0.38,0.37,0.142,0.34,0.23,1.14,1인,S153
2_1544_9577_19526_5676,niihau_2_1544_9577_19526.jpg,Plastic_Buoy_China,plastic_buoy,0.354,21.9691066,-160.0680816,0.70,0.69,0.481,8.65,4.32,11.53,1인,S153
2_1544_9577_19526_5677,niihau_2_1544_9577_19526.jpg,PET_Bottle,pet_bottle,0.307,21.9691074,-160.0680947,0.75,0.65,0.483,0.96,0.80,1.60,1인,S153
2_1544_9911_19607_5702,niihau_2_1544_9911_19607.jpg,Plastic_Buoy,plastic_buoy,0.784,21.9691372,-160.0680152,1.22,1.17,1.435,25.83,12.92,34.45,2인,S153
2_1544_9911_19607_5703,niihau_2_1544_9911_19607.jpg,plastic debris,plastic_other,0.666,21.9691635,-160.0680063,0.58,0.57,0.331,0.79,0.53,2.65,1인,S153
2_1544_9911_19607_5704,niihau_2_1544_9911_19607.jpg,plastic debris,plastic_other,0.603,21.9691525,-160.0679483,0.62,0.59,0.363,0.87,0.58,2.91,1인,S153
2_1544_9911_19607_5705,niihau_2_1544_9911_19607.jpg,plastic debris,plastic_other,0.561,21.9691040,-160.0680053,0.65,0.65,0.425,1.02,0.68,3.40,1인,S153
2_1544_9911_19607_5706,niihau_2_1544_9911_19607.jpg,plastic debris,plastic_other,0.428,21.9691545,-160.0679635,0.71,0.67,0.472,1.13,0.76,3.78,1인,S153
2_1544_9911_19607_5707,niihau_2_1544_9911_19607.jpg,plastic debris,plastic_other,0.416,21.9691521,-160.0679344,1.26,1.00,1.254,3.01,2.01,10.03,1인,S153
2_1544_9911_19607_5708,niihau_2_1544_9911_19607.jpg,plastic debris,plastic_other,0.407,21.9691469,-160.0679311,0.70,0.34,0.235,0.56,0.38,1.88,1인,S153
2_1544_9911_19607_5709,niihau_2_1544_9911_19607.jpg,Plastic_Buoy_China,plastic_buoy,0.405,21.9691546,-160.0679569,0.67,0.65,0.436,7.85,3.93,10.47,1인,S153
2_1544_9911_19607_5710,niihau_2_1544_9911_19607.jpg,plastic debris,plastic_other,0.352,21.9691397,-160.0679725,2.58,2.18,5.622,13.49,9.00,44.98,2인,S153
2_1544_9911_19607_5711,niihau_2_1544_9911_19607.jpg,plastic debris,plastic_other,0.308,21.9690767,-160.0680408,2.88,2.49,7.173,17.21,11.48,57.38,장비,S153
2_1545_10614_11714_5733,niihau_2_1545_10614_11714.jpg,plastic debris,plastic_other,0.446,21.9723176,-160.0647444,0.53,0.47,0.250,0.60,0.40,2.00,1인,S158
2_1545_10904_10860_5748,niihau_2_1545_10904_10860.jpg,plastic debris,plastic_other,0.756,21.9724179,-160.0647257,0.63,0.60,0.381,0.91,0.61,3.05,1인,S159
2_1545_10904_10860_5749,niihau_2_1545_10904_10860.jpg,Plastic_ETC,plastic_other,0.656,21.9725073,-160.0646853,0.98,0.96,0.941,2.26,1.51,7.53,1인,S159
2_1545_10904_10860_5750,niihau_2_1545_10904_10860.jpg,PET_Bottle,pet_bottle,0.655,21.9724295,-160.0647226,0.73,0.64,0.467,0.93,0.77,1.54,1인,S159
2_1545_10904_10860_5751,niihau_2_1545_10904_10860.jpg,plastic debris,plastic_other,0.612,21.9724495,-160.0647033,0.81,0.74,0.594,1.42,0.95,4.75,1인,S159
2_1545_10904_10860_5752,niihau_2_1545_10904_10860.jpg,plastic debris,plastic_other,0.600,21.9725147,-160.0647277,0.57,0.55,0.310,0.74,0.50,2.48,1인,S159
2_1545_10904_10860_5753,niihau_2_1545_10904_10860.jpg,plastic debris,plastic_other,0.569,21.9724908,-160.0646911,0.44,0.44,0.190,0.46,0.30,1.52,1인,S159
2_1545_10904_10860_5754,niihau_2_1545_10904_10860.jpg,plastic debris,plastic_other,0.539,21.9724839,-160.0646967,0.61,0.57,0.343,0.82,0.55,2.74,1인,S159
2_1545_10904_10860_5755,niihau_2_1545_10904_10860.jpg,Net,net,0.467,21.9724375,-160.0646855,0.63,0.62,0.392,7.05,2.94,17.63,1인,S159
2_1545_10904_10860_5756,niihau_2_1545_10904_10860.jpg,plastic debris,plastic_other,0.407,21.9724971,-160.0647185,0.66,0.63,0.419,1.01,0.67,3.35,1인,S159
2_1545_10904_10860_5757,niihau_2_1545_10904_10860.jpg,plastic debris,plastic_other,0.399,21.9725021,-160.0647279,0.58,0.57,0.330,0.79,0.53,2.64,1인,S159
2_1545_10904_10860_5758,niihau_2_1545_10904_10860.jpg,plastic debris,plastic_other,0.374,21.9724743,-160.0647228,0.68,0.64,0.439,1.05,0.70,3.52,1인,S159
2_1545_10904_10860_5759,niihau_2_1545_10904_10860.jpg,plastic debris,plastic_other,0.339,21.9724991,-160.0647028,0.93,0.88,0.820,1.97,1.31,6.56,1인,S159
2_1545_10904_10860_5760,niihau_2_1545_10904_10860.jpg,plastic debris,plastic_other,0.330,21.9725228,-160.0646713,1.54,1.07,1.647,3.95,2.64,13.18,1인,S159
2_1545_1099_22701_5781,niihau_2_1545_1099_22701.jpg,Net,net,0.762,21.9703076,-160.0665611,0.72,0.71,0.509,9.16,3.82,22.89,1인,S160
2_1545_1099_22701_5782,niihau_2_1545_1099_22701.jpg,plastic debris,plastic_other,0.656,21.9703180,-160.0665827,2.76,2.67,7.364,17.67,11.78,58.91,장비,S160
2_1545_1099_22701_5783,niihau_2_1545_1099_22701.jpg,PET_Bottle,pet_bottle,0.573,21.9703386,-160.0665780,0.82,0.72,0.591,1.17,0.98,1.95,1인,S160
2_1545_1099_22701_5784,niihau_2_1545_1099_22701.jpg,plastic debris,plastic_other,0.512,21.9702932,-160.0665997,0.60,0.58,0.348,0.83,0.56,2.78,1인,S160
2_1545_1099_22701_5785,niihau_2_1545_1099_22701.jpg,plastic debris,plastic_other,0.451,21.9702750,-160.0666110,0.61,0.58,0.356,0.86,0.57,2.85,1인,S160
2_1545_1099_22701_5786,niihau_2_1545_1099_22701.jpg,Plastic_ETC,plastic_other,0.439,21.9702823,-160.0666014,1.03,0.95,0.976,2.34,1.56,7.81,1인,S160
2_1545_1099_22701_5787,niihau_2_1545_1099_22701.jpg,plastic debris,plastic_other,0.385,21.9703505,-160.0666431,0.63,0.44,0.278,0.67,0.44,2.22,1인,S160
2_1545_1099_22701_5788,niihau_2_1545_1099_22701.jpg,plastic debris,plastic_other,0.324,21.9703370,-160.0666335,0.59,0.56,0.334,0.80,0.53,2.67,1인,S160
2_1545_11001_11427_5800,niihau_2_1545_11001_11427.jpg,Plastic_ETC,plastic_other,0.798,21.9723963,-160.0646870,0.77,0.76,0.578,1.39,0.93,4.63,1인,S158
2_1545_11001_11427_5801,niihau_2_1545_11001_11427.jpg,Plastic_ETC,plastic_other,0.759,21.9723638,-160.0646442,0.76,0.74,0.567,1.36,0.91,4.54,1인,S158
2_1545_11001_11427_5802,niihau_2_1545_11001_11427.jpg,plastic debris,plastic_other,0.759,21.9724179,-160.0647257,0.60,0.56,0.331,0.79,0.53,2.65,1인,S159
2_1545_11001_11427_5803,niihau_2_1545_11001_11427.jpg,plastic debris,plastic_other,0.721,21.9723949,-160.0647075,0.58,0.56,0.323,0.78,0.52,2.59,1인,S159
2_1545_11001_11427_5804,niihau_2_1545_11001_11427.jpg,plastic debris,plastic_other,0.717,21.9723781,-160.0647036,0.64,0.62,0.400,0.96,0.64,3.20,1인,S158
2_1545_11001_11427_5805,niihau_2_1545_11001_11427.jpg,Styrofoam_Piece,eps_fragment,0.677,21.9723665,-160.0646647,0.88,0.84,0.739,0.44,0.30,1.48,1인,S158
2_1545_11001_11427_5806,niihau_2_1545_11001_11427.jpg,plastic debris,plastic_other,0.673,21.9723979,-160.0647025,0.68,0.66,0.452,1.08,0.72,3.61,1인,S159
2_1545_11001_11427_5807,niihau_2_1545_11001_11427.jpg,plastic debris,plastic_other,0.589,21.9723977,-160.0646812,0.67,0.66,0.442,1.06,0.71,3.54,1인,S158
2_1545_11001_11427_5808,niihau_2_1545_11001_11427.jpg,Styrofoam_Piece,eps_fragment,0.412,21.9723573,-160.0646849,0.53,0.53,0.277,0.17,0.11,0.55,1인,S158
2_1545_11001_11427_5809,niihau_2_1545_11001_11427.jpg,plastic debris,plastic_other,0.346,21.9724110,-160.0647346,0.63,0.58,0.366,0.88,0.59,2.93,1인,S159
2_1545_11001_11427_5810,niihau_2_1545_11001_11427.jpg,plastic debris,plastic_other,0.314,21.9723661,-160.0646794,1.68,1.19,1.998,4.79,3.20,15.98,1인,S158
2_1545_11010_12403_5827,niihau_2_1545_11010_12403.jpg,plastic debris,plastic_other,0.557,21.9721941,-160.0646660,0.68,0.67,0.449,1.08,0.72,3.60,1인,S158
2_1545_11010_12403_5828,niihau_2_1545_11010_12403.jpg,Styrofoam_Piece,eps_fragment,0.550,21.9721911,-160.0646770,0.75,0.71,0.539,0.32,0.22,1.08,1인,S158
2_1545_11043_10535_5834,niihau_2_1545_11043_10535.jpg,Plastic_ETC,plastic_other,0.730,21.9725072,-160.0646851,0.98,0.98,0.960,2.30,1.54,7.68,1인,S159
2_1545_11043_10535_5835,niihau_2_1545_11043_10535.jpg,plastic debris,plastic_other,0.649,21.9725149,-160.0647277,0.54,0.52,0.279,0.67,0.45,2.23,1인,S159
2_1545_11043_10535_5836,niihau_2_1545_11043_10535.jpg,plastic debris,plastic_other,0.613,21.9724841,-160.0646968,0.58,0.53,0.304,0.73,0.49,2.43,1인,S159
2_1545_11043_10535_5837,niihau_2_1545_11043_10535.jpg,plastic debris,plastic_other,0.571,21.9724907,-160.0646911,0.49,0.48,0.235,0.56,0.38,1.88,1인,S159
2_1545_11043_10535_5838,niihau_2_1545_11043_10535.jpg,plastic debris,plastic_other,0.564,21.9724974,-160.0647186,0.60,0.59,0.355,0.85,0.57,2.84,1인,S159
2_1545_11043_10535_5839,niihau_2_1545_11043_10535.jpg,plastic debris,plastic_other,0.557,21.9725265,-160.0646724,1.84,1.79,3.303,7.93,5.29,26.43,2인,S159
2_1545_11043_10535_5840,niihau_2_1545_11043_10535.jpg,plastic debris,plastic_other,0.521,21.9725023,-160.0647278,0.57,0.54,0.305,0.73,0.49,2.44,1인,S159
2_1545_11043_10535_5841,niihau_2_1545_11043_10535.jpg,plastic debris,plastic_other,0.455,21.9724742,-160.0647230,0.66,0.61,0.406,0.97,0.65,3.24,1인,S159
2_1545_11043_10535_5842,niihau_2_1545_11043_10535.jpg,plastic debris,plastic_other,0.341,21.9724951,-160.0646702,0.49,0.46,0.227,0.54,0.36,1.82,1인,S159
2_1545_11043_10535_5843,niihau_2_1545_11043_10535.jpg,Plastic_ETC,plastic_other,0.302,21.9725796,-160.0646544,2.15,1.52,3.272,7.85,5.24,26.18,2인,S159
2_1545_1124_22315_5856,niihau_2_1545_1124_22315.jpg,PET_Bottle,pet_bottle,0.554,21.9703384,-160.0665781,0.79,0.73,0.576,1.14,0.95,1.90,1인,S160
2_1545_1124_22315_5857,niihau_2_1545_1124_22315.jpg,plastic debris,plastic_other,0.528,21.9703850,-160.0666049,1.90,1.74,3.314,7.95,5.30,26.51,2인,S160
2_1545_1124_22315_5858,niihau_2_1545_1124_22315.jpg,plastic debris,plastic_other,0.392,21.9704343,-160.0665863,0.55,0.54,0.297,0.71,0.47,2.37,1인,S160
2_1545_1124_22315_5859,niihau_2_1545_1124_22315.jpg,plastic debris,plastic_other,0.390,21.9703368,-160.0666333,0.60,0.57,0.343,0.82,0.55,2.75,1인,S160
2_1545_1124_22315_5860,niihau_2_1545_1124_22315.jpg,plastic debris,plastic_other,0.357,21.9704064,-160.0665917,1.08,1.05,1.130,2.71,1.81,9.04,1인,S160
2_1545_11310_11886_5883,niihau_2_1545_11310_11886.jpg,Plastic_ETC,plastic_other,0.823,21.9722325,-160.0645687,0.85,0.83,0.706,1.70,1.13,5.65,1인,S158
2_1545_11310_11886_5884,niihau_2_1545_11310_11886.jpg,Plastic_ETC,plastic_other,0.706,21.9722849,-160.0646196,0.77,0.76,0.587,1.41,0.94,4.70,1인,S158
2_1545_11310_11886_5885,niihau_2_1545_11310_11886.jpg,Plastic_ETC,plastic_other,0.631,21.9722378,-160.0646071,1.99,1.88,3.745,8.99,5.99,29.96,2인,S158
2_1545_11310_11886_5886,niihau_2_1545_11310_11886.jpg,Styrofoam_Piece,eps_fragment,0.539,21.9722885,-160.0645936,0.65,0.60,0.389,0.23,0.16,0.78,1인,S158
2_1545_11310_11886_5887,niihau_2_1545_11310_11886.jpg,plastic debris,plastic_other,0.453,21.9723222,-160.0646100,0.45,0.43,0.192,0.46,0.31,1.54,1인,S158
2_1545_11310_11886_5888,niihau_2_1545_11310_11886.jpg,plastic debris,plastic_other,0.445,21.9722516,-160.0646673,0.57,0.54,0.309,0.74,0.49,2.47,1인,S158
2_1545_11310_11886_5889,niihau_2_1545_11310_11886.jpg,plastic debris,plastic_other,0.301,21.9722871,-160.0646157,0.43,0.43,0.184,0.44,0.30,1.48,1인,S158
2_1545_11966_8062_5907,niihau_2_1545_11966_8062.jpg,plastic debris,plastic_other,0.570,21.9729434,-160.0645335,0.59,0.56,0.330,0.79,0.53,2.64,1인,S161
2_1545_11966_8062_5908,niihau_2_1545_11966_8062.jpg,Plastic_Buoy_China,plastic_buoy,0.488,21.9729727,-160.0645002,0.74,0.74,0.545,9.82,4.91,13.09,1인,S161
2_1545_11966_8062_5909,niihau_2_1545_11966_8062.jpg,plastic debris,plastic_other,0.336,21.9729477,-160.0645254,0.71,0.70,0.495,1.19,0.79,3.96,1인,S161
2_1545_12811_1027_5915,niihau_2_1545_12811_1027.jpg,PET_Bottle,pet_bottle,0.671,21.9742484,-160.0643434,0.68,0.63,0.430,0.85,0.71,1.42,1인,S162
2_1545_12811_1027_5916,niihau_2_1545_12811_1027.jpg,PET_Bottle,pet_bottle,0.629,21.9742650,-160.0643263,0.77,0.73,0.558,1.10,0.92,1.84,1인,S162
2_1545_12887_1355_5922,niihau_2_1545_12887_1355.jpg,plastic debris,plastic_other,0.539,21.9741503,-160.0643143,0.58,0.56,0.327,0.78,0.52,2.61,1인,S162
2_1545_12887_1355_5923,niihau_2_1545_12887_1355.jpg,PET_Bottle,pet_bottle,0.497,21.9741888,-160.0643288,1.10,1.00,1.093,2.16,1.80,3.61,1인,S162
2_1545_3279_20174_5932,niihau_2_1545_3279_20174.jpg,PET_Bottle,pet_bottle,0.648,21.9707394,-160.0661133,0.63,0.62,0.386,0.76,0.64,1.27,1인,S163
2_1545_3279_20174_5933,niihau_2_1545_3279_20174.jpg,PET_Bottle,pet_bottle,0.628,21.9708149,-160.0661975,1.27,1.05,1.324,2.62,2.18,4.37,1인,S163
2_1545_3279_20174_5934,niihau_2_1545_3279_20174.jpg,plastic debris,plastic_other,0.494,21.9707319,-160.0661212,0.73,0.65,0.472,1.13,0.75,3.77,1인,S163
2_1545_3279_20174_5935,niihau_2_1545_3279_20174.jpg,plastic debris,plastic_other,0.388,21.9707268,-160.0662215,1.68,0.87,1.468,3.52,2.35,11.74,1인,S163
2_1545_3279_20174_5936,niihau_2_1545_3279_20174.jpg,plastic debris,plastic_other,0.322,21.9708302,-160.0662148,0.43,0.40,0.171,0.41,0.27,1.36,1인,S163
2_1545_3734_20255_5956,niihau_2_1545_3734_20255.jpg,PET_Bottle,pet_bottle,0.634,21.9707393,-160.0661133,0.62,0.61,0.378,0.75,0.62,1.25,1인,S163
2_1545_3734_20255_5957,niihau_2_1545_3734_20255.jpg,plastic debris,plastic_other,0.587,21.9707319,-160.0661211,0.65,0.61,0.402,0.96,0.64,3.21,1인,S163
2_1545_3734_20255_5958,niihau_2_1545_3734_20255.jpg,plastic debris,plastic_other,0.555,21.9707809,-160.0660511,0.65,0.63,0.407,0.98,0.65,3.26,1인,S163
2_1545_3734_20255_5959,niihau_2_1545_3734_20255.jpg,plastic debris,plastic_other,0.485,21.9707121,-160.0661338,0.53,0.49,0.259,0.62,0.41,2.07,1인,S163
2_1545_3734_20255_5960,niihau_2_1545_3734_20255.jpg,Styrofoam_Piece,eps_fragment,0.484,21.9707537,-160.0660588,0.82,0.71,0.578,0.35,0.23,1.16,1인,S163
2_1545_3734_20255_5961,niihau_2_1545_3734_20255.jpg,plastic debris,plastic_other,0.451,21.9707648,-160.0660447,2.35,2.18,5.134,12.32,8.21,41.07,2인,S163
2_1545_3734_20255_5962,niihau_2_1545_3734_20255.jpg,plastic debris,plastic_other,0.418,21.9707899,-160.0660656,0.59,0.56,0.335,0.80,0.54,2.68,1인,S163
2_1545_3734_20255_5963,niihau_2_1545_3734_20255.jpg,PET_Bottle,pet_bottle,0.334,21.9707825,-160.0660169,0.98,0.56,0.548,1.08,0.90,1.81,1인,S163
2_1545_3734_20255_5964,niihau_2_1545_3734_20255.jpg,plastic debris,plastic_other,0.333,21.9707819,-160.0660961,0.54,0.49,0.264,0.63,0.42,2.11,1인,S163
2_1545_3734_20255_5965,niihau_2_1545_3734_20255.jpg,plastic debris,plastic_other,0.325,21.9707439,-160.0660377,0.54,0.51,0.277,0.66,0.44,2.21,1인,S163
2_1545_5511_19451_5985,niihau_2_1545_5511_19451.jpg,plastic debris,plastic_other,0.668,21.9709290,-160.0657911,0.47,0.47,0.221,0.53,0.35,1.76,1인,S164
2_1545_5511_19451_5986,niihau_2_1545_5511_19451.jpg,plastic debris,plastic_other,0.662,21.9709002,-160.0657424,0.94,0.91,0.860,2.06,1.38,6.88,1인,S164
2_1545_5511_19451_5987,niihau_2_1545_5511_19451.jpg,plastic debris,plastic_other,0.652,21.9709492,-160.0657197,0.59,0.56,0.330,0.79,0.53,2.64,1인,S164
2_1545_5511_19451_5988,niihau_2_1545_5511_19451.jpg,plastic debris,plastic_other,0.639,21.9709641,-160.0657154,0.58,0.55,0.319,0.77,0.51,2.55,1인,S164
2_1545_5511_19451_5989,niihau_2_1545_5511_19451.jpg,plastic debris,plastic_other,0.590,21.9708962,-160.0656961,0.56,0.55,0.309,0.74,0.50,2.48,1인,S164
2_1545_5511_19451_5990,niihau_2_1545_5511_19451.jpg,plastic debris,plastic_other,0.475,21.9708622,-160.0656929,2.66,1.99,5.295,12.71,8.47,42.36,2인,S164
2_1545_5511_19451_5991,niihau_2_1545_5511_19451.jpg,plastic debris,plastic_other,0.455,21.9709584,-160.0657821,0.60,0.57,0.343,0.82,0.55,2.74,1인,S164
2_1545_5511_19451_5992,niihau_2_1545_5511_19451.jpg,plastic debris,plastic_other,0.430,21.9709374,-160.0657890,1.28,1.21,1.548,3.72,2.48,12.39,1인,S164
2_1545_5511_19451_5993,niihau_2_1545_5511_19451.jpg,plastic debris,plastic_other,0.409,21.9708859,-160.0657018,1.34,1.23,1.650,3.96,2.64,13.20,1인,S164
2_1545_5511_19451_5994,niihau_2_1545_5511_19451.jpg,plastic debris,plastic_other,0.401,21.9708715,-160.0657776,0.49,0.49,0.243,0.58,0.39,1.94,1인,S164
2_1545_5511_19451_5995,niihau_2_1545_5511_19451.jpg,plastic debris,plastic_other,0.315,21.9709338,-160.0657059,1.78,1.14,2.028,4.87,3.24,16.22,1인,S164
2_1545_5511_19451_5996,niihau_2_1545_5511_19451.jpg,plastic debris,plastic_other,0.304,21.9708852,-160.0657757,0.78,0.69,0.540,1.30,0.86,4.32,1인,S164
2_1545_5523_19072_6016,niihau_2_1545_5523_19072.jpg,plastic debris,plastic_other,0.660,21.9710044,-160.0656892,0.45,0.43,0.193,0.46,0.31,1.55,1인,S164
2_1545_5523_19072_6017,niihau_2_1545_5523_19072.jpg,plastic debris,plastic_other,0.656,21.9709492,-160.0657196,0.58,0.57,0.329,0.79,0.53,2.63,1인,S164
2_1545_5523_19072_6018,niihau_2_1545_5523_19072.jpg,plastic debris,plastic_other,0.641,21.9709291,-160.0657908,0.46,0.38,0.176,0.42,0.28,1.41,1인,S164
2_1545_5523_19072_6019,niihau_2_1545_5523_19072.jpg,plastic debris,plastic_other,0.612,21.9709640,-160.0657152,0.64,0.62,0.399,0.96,0.64,3.19,1인,S164
2_1545_5523_19072_6020,niihau_2_1545_5523_19072.jpg,plastic debris,plastic_other,0.587,21.9709733,-160.0656807,0.58,0.58,0.336,0.81,0.54,2.69,1인,S164
2_1545_5523_19072_6021,niihau_2_1545_5523_19072.jpg,plastic debris,plastic_other,0.487,21.9710251,-160.0657790,0.76,0.71,0.541,1.30,0.87,4.33,1인,S165
2_1545_5523_19072_6022,niihau_2_1545_5523_19072.jpg,Styrofoam_Piece,eps_fragment,0.418,21.9709395,-160.0657080,0.54,0.52,0.283,0.17,0.11,0.57,1인,S164
2_1545_5523_19072_6023,niihau_2_1545_5523_19072.jpg,plastic debris,plastic_other,0.416,21.9709377,-160.0657878,1.28,1.00,1.277,3.07,2.04,10.22,1인,S164
2_1545_5523_19072_6024,niihau_2_1545_5523_19072.jpg,plastic debris,plastic_other,0.404,21.9710144,-160.0656810,1.55,1.39,2.159,5.18,3.45,17.27,1인,S164
2_1545_5523_19072_6025,niihau_2_1545_5523_19072.jpg,plastic debris,plastic_other,0.391,21.9709823,-160.0656756,0.48,0.46,0.221,0.53,0.35,1.77,1인,S164
2_1545_5523_19072_6026,niihau_2_1545_5523_19072.jpg,plastic debris,plastic_other,0.390,21.9709582,-160.0657821,0.62,0.56,0.349,0.84,0.56,2.79,1인,S164
2_1545_5523_19072_6027,niihau_2_1545_5523_19072.jpg,plastic debris,plastic_other,0.379,21.9710207,-160.0656865,0.59,0.56,0.331,0.79,0.53,2.65,1인,S164
2_1545_5523_19072_6028,niihau_2_1545_5523_19072.jpg,plastic debris,plastic_other,0.318,21.9709659,-160.0657271,0.54,0.54,0.292,0.70,0.47,2.33,1인,S164
2_1545_6013_19325_6053,niihau_2_1545_6013_19325.jpg,plastic debris,plastic_other,0.588,21.9709733,-160.0656807,0.56,0.56,0.316,0.76,0.51,2.53,1인,S164
2_1545_6013_19325_6054,niihau_2_1545_6013_19325.jpg,plastic debris,plastic_other,0.563,21.9709873,-160.0656312,0.45,0.43,0.192,0.46,0.31,1.54,1인,S164
2_1545_6013_19325_6055,niihau_2_1545_6013_19325.jpg,plastic debris,plastic_other,0.545,21.9708960,-160.0656954,0.58,0.41,0.238,0.57,0.38,1.90,1인,S164
2_1545_6013_19325_6056,niihau_2_1545_6013_19325.jpg,PET_Bottle,pet_bottle,0.514,21.9709563,-160.0656520,0.82,0.65,0.538,1.06,0.89,1.77,1인,S164
2_1545_6013_19325_6057,niihau_2_1545_6013_19325.jpg,plastic debris,plastic_other,0.448,21.9709821,-160.0656756,0.52,0.48,0.250,0.60,0.40,2.00,1인,S164
2_1545_6013_19325_6058,niihau_2_1545_6013_19325.jpg,plastic debris,plastic_other,0.431,21.9709800,-160.0656241,0.43,0.40,0.173,0.41,0.28,1.38,1인,S164
2_1545_6013_19325_6059,niihau_2_1545_6013_19325.jpg,plastic debris,plastic_other,0.373,21.9709910,-160.0656216,0.46,0.24,0.111,0.27,0.18,0.89,1인,S164
2_1545_6013_19325_6060,niihau_2_1545_6013_19325.jpg,plastic debris,plastic_other,0.342,21.9709745,-160.0656215,1.05,1.02,1.067,2.56,1.71,8.54,1인,S164
2_1545_6124_19002_6078,niihau_2_1545_6124_19002.jpg,PET_Bottle,pet_bottle,0.539,21.9709562,-160.0656520,0.77,0.61,0.471,0.93,0.78,1.55,1인,S164
2_1545_6124_19002_6079,niihau_2_1545_6124_19002.jpg,plastic debris,plastic_other,0.506,21.9709822,-160.0656750,0.42,0.32,0.137,0.33,0.22,1.09,1인,S164
2_1545_6124_19002_6080,niihau_2_1545_6124_19002.jpg,Plastic_ETC,plastic_other,0.489,21.9710085,-160.0655716,1.56,1.23,1.924,4.62,3.08,15.39,1인,S166
2_1545_6124_19002_6081,niihau_2_1545_6124_19002.jpg,plastic debris,plastic_other,0.483,21.9709802,-160.0656242,0.43,0.41,0.174,0.42,0.28,1.39,1인,S164
2_1545_6124_19002_6082,niihau_2_1545_6124_19002.jpg,plastic debris,plastic_other,0.429,21.9710460,-160.0656380,0.66,0.65,0.432,1.04,0.69,3.46,1인,S166
2_1545_6124_19002_6083,niihau_2_1545_6124_19002.jpg,plastic debris,plastic_other,0.414,21.9709916,-160.0656215,0.42,0.41,0.171,0.41,0.27,1.37,1인,S164
2_1545_6124_19002_6084,niihau_2_1545_6124_19002.jpg,plastic debris,plastic_other,0.398,21.9709870,-160.0656310,0.39,0.37,0.145,0.35,0.23,1.16,1인,S164
2_1545_6124_19002_6085,niihau_2_1545_6124_19002.jpg,plastic debris,plastic_other,0.349,21.9709743,-160.0656212,1.05,1.01,1.062,2.55,1.70,8.49,1인,S164
2_1545_6124_19002_6086,niihau_2_1545_6124_19002.jpg,plastic debris,plastic_other,0.338,21.9709393,-160.0656348,2.31,1.01,2.326,5.58,3.72,18.61,1인,S164
2_1545_6124_19002_6087,niihau_2_1545_6124_19002.jpg,plastic debris,plastic_other,0.305,21.9710469,-160.0655982,0.77,0.73,0.560,1.34,0.90,4.48,1인,S166
2_1545_6191_17947_6111,niihau_2_1545_6191_17947.jpg,Plastic_Buoy,plastic_buoy,0.782,21.9711595,-160.0656337,0.78,0.73,0.565,10.17,5.09,13.56,1인,S166
2_1545_6191_17947_6112,niihau_2_1545_6191_17947.jpg,Plastic_ETC,plastic_other,0.755,21.9711649,-160.0655591,0.71,0.68,0.484,1.16,0.77,3.87,1인,S166
2_1545_6191_17947_6113,niihau_2_1545_6191_17947.jpg,plastic debris,plastic_other,0.737,21.9711552,-160.0656435,0.65,0.64,0.416,1.00,0.67,3.33,1인,S166
2_1545_6191_17947_6114,niihau_2_1545_6191_17947.jpg,plastic debris,plastic_other,0.724,21.9711552,-160.0656302,0.54,0.54,0.290,0.70,0.46,2.32,1인,S166
2_1545_6191_17947_6115,niihau_2_1545_6191_17947.jpg,plastic debris,plastic_other,0.703,21.9711795,-160.0656060,0.64,0.63,0.404,0.97,0.65,3.23,1인,S166
2_1545_6191_17947_6116,niihau_2_1545_6191_17947.jpg,plastic debris,plastic_other,0.686,21.9711328,-160.0655461,1.51,1.10,1.666,4.00,2.67,13.33,1인,S166
2_1545_6191_17947_6117,niihau_2_1545_6191_17947.jpg,Net,net,0.686,21.9712139,-160.0655598,0.60,0.60,0.362,6.52,2.72,16.31,1인,S166
2_1545_6191_17947_6118,niihau_2_1545_6191_17947.jpg,plastic debris,plastic_other,0.682,21.9712250,-160.0655689,0.62,0.61,0.376,0.90,0.60,3.01,1인,S166
2_1545_6191_17947_6119,niihau_2_1545_6191_17947.jpg,plastic debris,plastic_other,0.677,21.9711671,-160.0656188,0.50,0.48,0.237,0.57,0.38,1.89,1인,S166
2_1545_6191_17947_6120,niihau_2_1545_6191_17947.jpg,plastic debris,plastic_other,0.628,21.9712139,-160.0655684,0.58,0.52,0.306,0.73,0.49,2.45,1인,S166
2_1545_6191_17947_6121,niihau_2_1545_6191_17947.jpg,plastic debris,plastic_other,0.615,21.9712176,-160.0655548,0.87,0.82,0.712,1.71,1.14,5.70,1인,S166
2_1545_6191_17947_6122,niihau_2_1545_6191_17947.jpg,plastic debris,plastic_other,0.542,21.9711819,-160.0656170,0.67,0.62,0.412,0.99,0.66,3.30,1인,S166
2_1545_6191_17947_6123,niihau_2_1545_6191_17947.jpg,plastic debris,plastic_other,0.517,21.9712253,-160.0655451,1.34,0.75,0.997,2.39,1.60,7.98,1인,S166
2_1545_6191_17947_6124,niihau_2_1545_6191_17947.jpg,plastic debris,plastic_other,0.517,21.9711651,-160.0655679,0.39,0.39,0.152,0.37,0.24,1.22,1인,S166
2_1545_6191_17947_6125,niihau_2_1545_6191_17947.jpg,plastic debris,plastic_other,0.507,21.9712305,-160.0656293,0.79,0.72,0.569,1.37,0.91,4.55,1인,S166
2_1545_6191_17947_6126,niihau_2_1545_6191_17947.jpg,Plastic_ETC,plastic_other,0.473,21.9711561,-160.0656601,1.00,0.99,0.984,2.36,1.57,7.87,1인,S166
2_1545_6191_17947_6127,niihau_2_1545_6191_17947.jpg,PET_Bottle,pet_bottle,0.469,21.9711949,-160.0655582,0.76,0.72,0.548,1.08,0.90,1.81,1인,S166
2_1545_6191_17947_6128,niihau_2_1545_6191_17947.jpg,plastic debris,plastic_other,0.460,21.9711513,-160.0655820,0.53,0.51,0.269,0.65,0.43,2.15,1인,S166
2_1545_6191_17947_6129,niihau_2_1545_6191_17947.jpg,plastic debris,plastic_other,0.417,21.9711549,-160.0655715,0.71,0.65,0.459,1.10,0.73,3.67,1인,S166
2_1545_6191_17947_6130,niihau_2_1545_6191_17947.jpg,plastic debris,plastic_other,0.387,21.9711816,-160.0656050,0.68,0.60,0.405,0.97,0.65,3.24,1인,S166
2_1545_6191_17947_6131,niihau_2_1545_6191_17947.jpg,plastic debris,plastic_other,0.383,21.9712372,-160.0655784,0.56,0.56,0.311,0.75,0.50,2.49,1인,S166
2_1545_6191_17947_6132,niihau_2_1545_6191_17947.jpg,PET_Bottle,pet_bottle,0.378,21.9711822,-160.0656541,0.96,0.92,0.885,1.75,1.46,2.92,1인,S166
2_1545_6191_17947_6133,niihau_2_1545_6191_17947.jpg,plastic debris,plastic_other,0.372,21.9711839,-160.0655853,0.50,0.45,0.227,0.54,0.36,1.82,1인,S166
2_1545_6191_17947_6134,niihau_2_1545_6191_17947.jpg,plastic debris,plastic_other,0.361,21.9711277,-160.0655887,0.86,0.44,0.378,0.91,0.60,3.02,1인,S166
2_1545_6191_17947_6135,niihau_2_1545_6191_17947.jpg,plastic debris,plastic_other,0.356,21.9711284,-160.0656467,1.33,0.69,0.913,2.19,1.46,7.31,1인,S166
2_1545_6191_17947_6136,niihau_2_1545_6191_17947.jpg,plastic debris,plastic_other,0.331,21.9711499,-160.0656142,0.71,0.65,0.459,1.10,0.73,3.67,1인,S166
2_1545_6449_18325_6188,niihau_2_1545_6449_18325.jpg,Plastic_ETC,plastic_other,0.726,21.9711649,-160.0655591,0.73,0.72,0.524,1.26,0.84,4.19,1인,S166
2_1545_6449_18325_6189,niihau_2_1545_6449_18325.jpg,plastic debris,plastic_other,0.709,21.9711543,-160.0655380,0.61,0.56,0.343,0.82,0.55,2.75,1인,S166
2_1545_6449_18325_6190,niihau_2_1545_6449_18325.jpg,plastic debris,plastic_other,0.680,21.9711652,-160.0655681,0.48,0.47,0.225,0.54,0.36,1.80,1인,S166
2_1545_6449_18325_6191,niihau_2_1545_6449_18325.jpg,plastic debris,plastic_other,0.644,21.9710729,-160.0656068,0.48,0.48,0.230,0.55,0.37,1.84,1인,S166
2_1545_6449_18325_6192,niihau_2_1545_6449_18325.jpg,plastic debris,plastic_other,0.627,21.9710714,-160.0655874,0.71,0.70,0.497,1.19,0.79,3.97,1인,S166
2_1545_6449_18325_6193,niihau_2_1545_6449_18325.jpg,PET_Bottle,pet_bottle,0.627,21.9710847,-160.0655937,0.73,0.63,0.456,0.90,0.75,1.50,1인,S166
2_1545_6449_18325_6194,niihau_2_1545_6449_18325.jpg,Plastic_ETC,plastic_other,0.596,21.9711387,-160.0655225,0.76,0.72,0.552,1.32,0.88,4.42,1인,S166
2_1545_6449_18325_6195,niihau_2_1545_6449_18325.jpg,Net,net,0.594,21.9711263,-160.0655882,0.72,0.69,0.501,9.02,3.76,22.56,1인,S166
2_1545_6449_18325_6196,niihau_2_1545_6449_18325.jpg,plastic debris,plastic_other,0.571,21.9711195,-160.0655731,0.54,0.52,0.282,0.68,0.45,2.25,1인,S166
2_1545_6449_18325_6197,niihau_2_1545_6449_18325.jpg,plastic debris,plastic_other,0.568,21.9710620,-160.0655973,0.68,0.67,0.457,1.10,0.73,3.66,1인,S166
2_1545_6449_18325_6198,niihau_2_1545_6449_18325.jpg,plastic debris,plastic_other,0.559,21.9711015,-160.0655768,0.63,0.61,0.385,0.92,0.62,3.08,1인,S166
2_1545_6449_18325_6199,niihau_2_1545_6449_18325.jpg,plastic debris,plastic_other,0.557,21.9711111,-160.0655711,0.67,0.63,0.420,1.01,0.67,3.36,1인,S166
2_1545_6449_18325_6200,niihau_2_1545_6449_18325.jpg,plastic debris,plastic_other,0.470,21.9710741,-160.0655945,0.52,0.48,0.249,0.60,0.40,1.99,1인,S166
2_1545_6449_18325_6201,niihau_2_1545_6449_18325.jpg,plastic debris,plastic_other,0.448,21.9711034,-160.0655700,0.56,0.53,0.293,0.70,0.47,2.35,1인,S166
2_1545_6449_18325_6202,niihau_2_1545_6449_18325.jpg,plastic debris,plastic_other,0.435,21.9711323,-160.0655427,1.93,1.87,3.600,8.64,5.76,28.80,2인,S166
2_1545_6449_18325_6203,niihau_2_1545_6449_18325.jpg,plastic debris,plastic_other,0.402,21.9710666,-160.0655880,0.51,0.48,0.246,0.59,0.39,1.97,1인,S166
2_1545_6449_18325_6204,niihau_2_1545_6449_18325.jpg,plastic debris,plastic_other,0.398,21.9711511,-160.0655821,0.63,0.57,0.361,0.87,0.58,2.89,1인,S166
2_1545_6449_18325_6205,niihau_2_1545_6449_18325.jpg,PET_Bottle,pet_bottle,0.362,21.9711637,-160.0655349,1.07,0.94,1.001,1.98,1.65,3.30,1인,S166
2_1545_6449_18325_6206,niihau_2_1545_6449_18325.jpg,plastic debris,plastic_other,0.348,21.9710911,-160.0655942,0.67,0.61,0.412,0.99,0.66,3.29,1인,S166
2_1545_6449_18325_6207,niihau_2_1545_6449_18325.jpg,plastic debris,plastic_other,0.322,21.9710775,-160.0656110,0.62,0.56,0.350,0.84,0.56,2.80,1인,S166
2_1545_6513_17664_6244,niihau_2_1545_6513_17664.jpg,plastic debris,plastic_other,0.656,21.9712140,-160.0655596,0.64,0.64,0.409,0.98,0.65,3.27,1인,S166
2_1545_6513_17664_6245,niihau_2_1545_6513_17664.jpg,plastic debris,plastic_other,0.635,21.9712252,-160.0655687,0.61,0.60,0.368,0.88,0.59,2.95,1인,S166
2_1545_6513_17664_6246,niihau_2_1545_6513_17664.jpg,PET_Bottle,pet_bottle,0.581,21.9711947,-160.0655584,0.72,0.71,0.513,1.02,0.85,1.69,1인,S166
2_1545_6513_17664_6247,niihau_2_1545_6513_17664.jpg,plastic debris,plastic_other,0.578,21.9712140,-160.0655684,0.59,0.58,0.340,0.82,0.54,2.72,1인,S166
2_1545_6513_17664_6248,niihau_2_1545_6513_17664.jpg,plastic debris,plastic_other,0.566,21.9712349,-160.0655170,0.45,0.45,0.205,0.49,0.33,1.64,1인,S166
2_1545_6513_17664_6249,niihau_2_1545_6513_17664.jpg,plastic debris,plastic_other,0.554,21.9712178,-160.0655549,0.84,0.80,0.673,1.61,1.08,5.38,1인,S166
2_1545_6513_17664_6250,niihau_2_1545_6513_17664.jpg,plastic debris,plastic_other,0.554,21.9712814,-160.0655182,0.84,0.84,0.705,1.69,1.13,5.64,1인,S166
2_1545_6513_17664_6251,niihau_2_1545_6513_17664.jpg,plastic debris,plastic_other,0.484,21.9711839,-160.0655853,0.51,0.44,0.225,0.54,0.36,1.80,1인,S166
2_1545_6513_17664_6252,niihau_2_1545_6513_17664.jpg,plastic debris,plastic_other,0.484,21.9711894,-160.0656010,0.57,0.37,0.210,0.50,0.34,1.68,1인,S166
2_1545_6513_17664_6253,niihau_2_1545_6513_17664.jpg,plastic debris,plastic_other,0.426,21.9712557,-160.0654831,0.50,0.48,0.238,0.57,0.38,1.90,1인,S166
2_1545_6513_17664_6254,niihau_2_1545_6513_17664.jpg,plastic debris,plastic_other,0.418,21.9711838,-160.0655148,0.62,0.59,0.371,0.89,0.59,2.96,1인,S166
2_1545_6513_17664_6255,niihau_2_1545_6513_17664.jpg,plastic debris,plastic_other,0.386,21.9712372,-160.0655784,0.53,0.53,0.282,0.68,0.45,2.25,1인,S166
2_1545_6513_17664_6256,niihau_2_1545_6513_17664.jpg,plastic debris,plastic_other,0.383,21.9712256,-160.0655438,0.94,0.87,0.820,1.97,1.31,6.56,1인,S166
2_1545_6513_17664_6257,niihau_2_1545_6513_17664.jpg,plastic debris,plastic_other,0.364,21.9712750,-160.0655081,0.54,0.52,0.283,0.68,0.45,2.27,1인,S166
2_1545_6513_17664_6258,niihau_2_1545_6513_17664.jpg,plastic debris,plastic_other,0.351,21.9712442,-160.0655406,1.20,1.18,1.414,3.39,2.26,11.31,1인,S166
2_1545_6513_17664_6259,niihau_2_1545_6513_17664.jpg,plastic debris,plastic_other,0.345,21.9712044,-160.0655675,0.56,0.44,0.248,0.60,0.40,1.99,1인,S166
2_1545_6513_17664_6260,niihau_2_1545_6513_17664.jpg,plastic debris,plastic_other,0.330,21.9712886,-160.0655034,1.75,0.97,1.709,4.10,2.73,13.67,1인,S166
2_1545_6513_17664_6261,niihau_2_1545_6513_17664.jpg,plastic debris,plastic_other,0.305,21.9712339,-160.0654935,0.65,0.60,0.386,0.93,0.62,3.09,1인,S166
2_1545_724_22079_6298,niihau_2_1545_724_22079.jpg,plastic debris,plastic_other,0.652,21.9703853,-160.0666057,2.05,1.88,3.840,9.22,6.14,30.72,2인,S160
2_1545_724_22079_6299,niihau_2_1545_724_22079.jpg,plastic debris,plastic_other,0.610,21.9704042,-160.0666705,0.79,0.69,0.546,1.31,0.87,4.37,1인,S160
2_1545_724_22079_6300,niihau_2_1545_724_22079.jpg,plastic debris,plastic_other,0.553,21.9703795,-160.0666722,0.74,0.63,0.471,1.13,0.75,3.77,1인,S160
2_1545_724_22079_6301,niihau_2_1545_724_22079.jpg,PET_Bottle,pet_bottle,0.505,21.9704663,-160.0666929,0.85,0.77,0.653,1.29,1.08,2.16,1인,S160
2_1545_724_22079_6302,niihau_2_1545_724_22079.jpg,plastic debris,plastic_other,0.437,21.9704229,-160.0667114,0.58,0.58,0.338,0.81,0.54,2.70,1인,S160
2_1545_724_22079_6303,niihau_2_1545_724_22079.jpg,plastic debris,plastic_other,0.410,21.9704067,-160.0666374,0.60,0.56,0.333,0.80,0.53,2.66,1인,S160
2_1545_724_22079_6304,niihau_2_1545_724_22079.jpg,plastic debris,plastic_other,0.321,21.9704127,-160.0666069,0.47,0.45,0.211,0.51,0.34,1.69,1인,S160
2_1545_754_22499_6321,niihau_2_1545_754_22499.jpg,plastic debris,plastic_other,0.595,21.9704040,-160.0666705,0.75,0.69,0.517,1.24,0.83,4.14,1인,S160
2_1545_754_22499_6322,niihau_2_1545_754_22499.jpg,Plastic_ETC,plastic_other,0.572,21.9703544,-160.0666515,2.28,1.89,4.305,10.33,6.89,34.44,2인,S160
2_1545_754_22499_6323,niihau_2_1545_754_22499.jpg,plastic debris,plastic_other,0.540,21.9703794,-160.0666719,0.81,0.75,0.605,1.45,0.97,4.84,1인,S160
2_1545_754_22499_6324,niihau_2_1545_754_22499.jpg,Plastic_ETC,plastic_other,0.481,21.9703852,-160.0666027,2.41,2.12,5.114,12.27,8.18,40.92,2인,S160
2_1545_754_22499_6325,niihau_2_1545_754_22499.jpg,plastic debris,plastic_other,0.463,21.9703370,-160.0666333,0.61,0.57,0.349,0.84,0.56,2.80,1인,S160
2_1545_754_22499_6326,niihau_2_1545_754_22499.jpg,plastic debris,plastic_other,0.364,21.9704064,-160.0665972,1.80,1.24,2.225,5.34,3.56,17.80,1인,S160
2_1545_9461_15016_6350,niihau_2_1545_9461_15016.jpg,Plastic_ETC,plastic_other,0.771,21.9717101,-160.0649610,0.76,0.75,0.566,1.36,0.91,4.53,1인,S167
2_1545_9461_15016_6351,niihau_2_1545_9461_15016.jpg,plastic debris,plastic_other,0.638,21.9717454,-160.0649189,0.88,0.86,0.762,1.83,1.22,6.10,1인,S167
2_1545_9461_15016_6352,niihau_2_1545_9461_15016.jpg,plastic debris,plastic_other,0.531,21.9716826,-160.0650028,0.53,0.52,0.275,0.66,0.44,2.20,1인,S167
2_1545_9461_15016_6353,niihau_2_1545_9461_15016.jpg,plastic debris,plastic_other,0.445,21.9716711,-160.0649519,0.53,0.48,0.252,0.60,0.40,2.01,1인,S167
2_1545_9461_15016_6354,niihau_2_1545_9461_15016.jpg,plastic debris,plastic_other,0.416,21.9716651,-160.0649396,0.55,0.53,0.289,0.69,0.46,2.32,1인,S167
2_1545_9461_15016_6355,niihau_2_1545_9461_15016.jpg,plastic debris,plastic_other,0.405,21.9716634,-160.0649314,0.54,0.54,0.295,0.71,0.47,2.36,1인,S167
2_1545_9461_15016_6356,niihau_2_1545_9461_15016.jpg,plastic debris,plastic_other,0.390,21.9716864,-160.0649649,1.94,1.91,3.706,8.89,5.93,29.65,2인,S167
2_1545_9461_15016_6357,niihau_2_1545_9461_15016.jpg,plastic debris,plastic_other,0.358,21.9717530,-160.0649231,1.93,1.59,3.062,7.35,4.90,24.49,2인,S167
2_1545_9461_15016_6358,niihau_2_1545_9461_15016.jpg,plastic debris,plastic_other,0.313,21.9716727,-160.0649506,0.58,0.49,0.285,0.68,0.46,2.28,1인,S167
2_1545_9461_15016_6359,niihau_2_1545_9461_15016.jpg,Net,net,0.309,21.9717325,-160.0649598,0.65,0.64,0.413,7.44,3.10,18.60,1인,S167
2_1545_9461_15016_6360,niihau_2_1545_9461_15016.jpg,plastic debris,plastic_other,0.307,21.9717262,-160.0649585,0.72,0.71,0.516,1.24,0.83,4.13,1인,S167
2_1595_6476_13856_6377,niihau_2_1595_6476_13856.jpg,plastic debris,plastic_other,0.516,21.9745401,-160.0642566,0.36,0.34,0.123,0.30,0.20,0.99,1인,S168
2_1595_6476_13856_6378,niihau_2_1595_6476_13856.jpg,Plastic_ETC,plastic_other,0.489,21.9745140,-160.0642735,0.70,0.69,0.482,1.16,0.77,3.85,1인,S168
2_1595_6476_13856_6379,niihau_2_1595_6476_13856.jpg,plastic debris,plastic_other,0.333,21.9744907,-160.0642718,0.65,0.63,0.412,0.99,0.66,3.29,1인,S168
2_1595_8490_10733_6385,niihau_2_1595_8490_10733.jpg,Net,net,0.762,21.9750798,-160.0639114,0.52,0.50,0.261,4.69,1.96,11.73,1인,S169
2_1595_8490_10733_6386,niihau_2_1595_8490_10733.jpg,plastic debris,plastic_other,0.656,21.9750707,-160.0638979,0.48,0.45,0.220,0.53,0.35,1.76,1인,S169
2_1595_8490_10733_6387,niihau_2_1595_8490_10733.jpg,plastic debris,plastic_other,0.378,21.9750810,-160.0638878,0.60,0.57,0.342,0.82,0.55,2.73,1인,S169
2_1595_8490_10733_6388,niihau_2_1595_8490_10733.jpg,plastic debris,plastic_other,0.352,21.9751096,-160.0639469,1.18,0.62,0.731,1.75,1.17,5.85,1인,S169
2_1595_8845_9993_6396,niihau_2_1595_8845_9993.jpg,Plastic_ETC,plastic_other,0.725,21.9751603,-160.0637900,0.80,0.63,0.510,1.22,0.82,4.08,1인,S169
2_1595_8845_9993_6397,niihau_2_1595_8845_9993.jpg,Net,net,0.529,21.9751877,-160.0638062,0.84,0.81,0.684,12.30,5.13,30.76,2인,S169
2_1595_8845_9993_6398,niihau_2_1595_8845_9993.jpg,plastic debris,plastic_other,0.503,21.9752279,-160.0638490,0.42,0.40,0.168,0.40,0.27,1.34,1인,S169
2_1595_8845_9993_6399,niihau_2_1595_8845_9993.jpg,plastic debris,plastic_other,0.337,21.9752612,-160.0637913,0.73,0.69,0.502,1.20,0.80,4.02,1인,S169
2_1595_8845_9993_6400,niihau_2_1595_8845_9993.jpg,plastic debris,plastic_other,0.335,21.9752148,-160.0638195,1.51,1.37,2.071,4.97,3.31,16.57,1인,S169
2_1596_463_16733_6405,niihau_2_1596_463_16733.jpg,plastic debris,plastic_other,0.554,21.9754350,-160.0635793,2.02,1.91,3.844,9.23,6.15,30.76,2인,S170
2_1596_463_16733_6406,niihau_2_1596_463_16733.jpg,plastic debris,plastic_other,0.324,21.9754752,-160.0636372,0.47,0.46,0.214,0.51,0.34,1.71,1인,S170
2_1597_-63_5169_6408,niihau_2_1597_-63_5169.jpg,Plastic_Buoy,plastic_buoy,0.780,21.9776614,-160.0605329,1.06,1.05,1.112,20.01,10.01,26.69,2인,S171
2_1597_-63_5169_6409,niihau_2_1597_-63_5169.jpg,Plastic_ETC,plastic_other,0.395,21.9776878,-160.0605567,0.84,0.83,0.701,1.68,1.12,5.60,1인,S171
2_1597_10430_7104_6411,niihau_2_1597_10430_7104.jpg,plastic debris,plastic_other,0.690,21.9773564,-160.0584676,1.57,1.50,2.350,5.64,3.76,18.80,1인,S172
2_1597_10430_7104_6412,niihau_2_1597_10430_7104.jpg,plastic debris,plastic_other,0.604,21.9773090,-160.0585325,1.99,1.61,3.192,7.66,5.11,25.53,2인,S173
2_1597_10430_7104_6413,niihau_2_1597_10430_7104.jpg,plastic debris,plastic_other,0.513,21.9773235,-160.0584730,5.01,4.61,23.089,55.41,36.94,184.71,장비,S172
2_1597_11138_6707_6418,niihau_2_1597_11138_6707.jpg,plastic debris,plastic_other,0.383,21.9774019,-160.0583644,5.91,5.19,30.710,73.70,49.14,245.68,장비,S172
2_1597_11888_8118_6420,niihau_2_1597_11888_8118.jpg,plastic debris,plastic_other,0.452,21.9771087,-160.0581850,1.83,1.42,2.597,6.23,4.16,20.78,1인,S174
2_1597_12880_10111_6425,niihau_2_1597_12880_10111.jpg,Styrofoam_Buoy,eps_buoy,0.823,21.9767846,-160.0580192,0.86,0.85,0.737,6.45,2.76,7.37,1인,S175
2_1597_8789_7060_6430,niihau_2_1597_8789_7060.jpg,Styrofoam_Piece,eps_fragment,0.768,21.9772852,-160.0587626,0.83,0.80,0.657,0.39,0.26,1.31,1인,S176
2_1597_8789_7060_6431,niihau_2_1597_8789_7060.jpg,Plastic_ETC,plastic_other,0.680,21.9772770,-160.0587658,0.84,0.74,0.623,1.50,1.00,4.99,1인,S176
2_1597_8789_7060_6432,niihau_2_1597_8789_7060.jpg,plastic debris,plastic_other,0.417,21.9773443,-160.0588593,1.17,1.11,1.296,3.11,2.07,10.37,1인,S176
2_1597_8789_7060_6433,niihau_2_1597_8789_7060.jpg,plastic debris,plastic_other,0.397,21.9773421,-160.0588390,0.55,0.54,0.297,0.71,0.48,2.38,1인,S176
2_1597_8789_7060_6434,niihau_2_1597_8789_7060.jpg,plastic debris,plastic_other,0.381,21.9773544,-160.0588026,1.42,1.09,1.547,3.71,2.47,12.37,1인,S176
2_1597_8789_7060_6435,niihau_2_1597_8789_7060.jpg,plastic debris,plastic_other,0.353,21.9773629,-160.0587861,3.13,2.39,7.483,17.96,11.97,59.87,장비,S176
2_1597_8789_7060_6436,niihau_2_1597_8789_7060.jpg,plastic debris,plastic_other,0.325,21.9773783,-160.0588609,1.12,0.95,1.063,2.55,1.70,8.51,1인,S176
2_1597_8827_6541_6454,niihau_2_1597_8827_6541.jpg,plastic debris,plastic_other,0.576,21.9774067,-160.0587731,2.60,2.35,6.093,14.62,9.75,48.74,2인,S176
2_1597_8827_6541_6455,niihau_2_1597_8827_6541.jpg,plastic debris,plastic_other,0.398,21.9774334,-160.0588338,0.71,0.68,0.485,1.17,0.78,3.88,1인,S176
2_1597_8827_6541_6456,niihau_2_1597_8827_6541.jpg,plastic debris,plastic_other,0.379,21.9773784,-160.0588332,3.23,2.63,8.478,20.35,13.56,67.82,장비,S176
2_1597_9249_7387_6469,niihau_2_1597_9249_7387.jpg,Styrofoam_Piece,eps_fragment,0.812,21.9772854,-160.0587627,0.87,0.85,0.740,0.44,0.30,1.48,1인,S176
2_1597_9249_7387_6470,niihau_2_1597_9249_7387.jpg,Plastic_ETC,plastic_other,0.758,21.9772767,-160.0587661,0.94,0.79,0.739,1.77,1.18,5.91,1인,S176
2_1597_9249_7387_6471,niihau_2_1597_9249_7387.jpg,plastic debris,plastic_other,0.607,21.9772720,-160.0587273,1.85,1.82,3.367,8.08,5.39,26.93,2인,S176
2_1597_9249_7387_6472,niihau_2_1597_9249_7387.jpg,Plastic_Buoy_China,plastic_buoy,0.424,21.9772566,-160.0586667,0.56,0.51,0.288,5.18,2.59,6.91,1인,S173
2_1597_9249_7387_6473,niihau_2_1597_9249_7387.jpg,plastic debris,plastic_other,0.391,21.9772691,-160.0586786,0.56,0.52,0.290,0.70,0.46,2.32,1인,S173
2_1597_9249_7387_6474,niihau_2_1597_9249_7387.jpg,plastic debris,plastic_other,0.336,21.9772276,-160.0587398,0.61,0.55,0.332,0.80,0.53,2.66,1인,S176
2_1597_9587_6935_6488,niihau_2_1597_9587_6935.jpg,plastic debris,plastic_other,0.729,21.9773553,-160.0586617,1.66,1.49,2.466,5.92,3.95,19.73,1인,S176
2_1597_9587_6935_6489,niihau_2_1597_9587_6935.jpg,plastic debris,plastic_other,0.679,21.9773698,-160.0586194,1.62,1.49,2.406,5.77,3.85,19.25,1인,S173
2_1599_-211_22190_6496,niihau_2_1599_-211_22190.jpg,plastic debris,plastic_other,0.715,21.9767982,-160.0542200,0.54,0.52,0.281,0.67,0.45,2.25,1인,S177
2_1599_-211_22190_6497,niihau_2_1599_-211_22190.jpg,PET_Bottle,pet_bottle,0.528,21.9768127,-160.0541765,0.84,0.83,0.699,1.38,1.15,2.31,1인,S177
2_1599_-211_22190_6498,niihau_2_1599_-211_22190.jpg,plastic debris,plastic_other,0.519,21.9768040,-160.0541914,1.35,1.32,1.778,4.27,2.84,14.22,1인,S177
2_1599_-211_22190_6499,niihau_2_1599_-211_22190.jpg,plastic debris,plastic_other,0.509,21.9768203,-160.0541893,0.54,0.49,0.265,0.64,0.42,2.12,1인,S177
2_1599_1323_21499_6505,niihau_2_1599_1323_21499.jpg,Plastic_ETC,plastic_other,0.513,21.9769252,-160.0539121,1.58,1.40,2.202,5.28,3.52,17.62,1인,S178
2_1599_416_22056_6508,niihau_2_1599_416_22056.jpg,Plastic_Buoy,plastic_buoy,0.803,21.9768476,-160.0540910,0.52,0.50,0.259,4.66,2.33,6.21,1인,S177
2_1599_416_22056_6509,niihau_2_1599_416_22056.jpg,PET_Bottle,pet_bottle,0.727,21.9768217,-160.0540521,0.61,0.60,0.366,0.72,0.60,1.21,1인,S178
2_1599_416_22056_6510,niihau_2_1599_416_22056.jpg,plastic debris,plastic_other,0.521,21.9768312,-160.0541073,0.52,0.50,0.256,0.61,0.41,2.05,1인,S177
2_1599_416_22056_6511,niihau_2_1599_416_22056.jpg,plastic debris,plastic_other,0.422,21.9768223,-160.0541121,0.52,0.48,0.247,0.59,0.40,1.98,1인,S177
2_1599_416_22056_6512,niihau_2_1599_416_22056.jpg,plastic debris,plastic_other,0.415,21.9768241,-160.0541199,0.97,0.90,0.873,2.10,1.40,6.98,1인,S177
2_1599_416_22056_6513,niihau_2_1599_416_22056.jpg,plastic debris,plastic_other,0.410,21.9768123,-160.0541575,0.45,0.42,0.188,0.45,0.30,1.51,1인,S177
2_1599_416_22056_6514,niihau_2_1599_416_22056.jpg,plastic debris,plastic_other,0.408,21.9768197,-160.0541480,0.55,0.52,0.285,0.68,0.46,2.28,1인,S177
2_1600_285_8319_6528,niihau_2_1600_285_8319.jpg,Plastic_ETC,plastic_other,0.764,21.9792835,-160.0509737,0.69,0.68,0.467,1.12,0.75,3.73,1인,S179
2_1600_285_8319_6529,niihau_2_1600_285_8319.jpg,plastic debris,plastic_other,0.713,21.9792758,-160.0509902,2.71,2.62,7.101,17.04,11.36,56.81,장비,S179
2_1600_285_8319_6530,niihau_2_1600_285_8319.jpg,Net,net,0.441,21.9792756,-160.0509425,0.69,0.69,0.471,8.47,3.53,21.18,1인,S179
2_1600_285_8319_6531,niihau_2_1600_285_8319.jpg,plastic debris,plastic_other,0.408,21.9792720,-160.0509507,0.66,0.61,0.403,0.97,0.64,3.22,1인,S179
2_1600_285_8319_6532,niihau_2_1600_285_8319.jpg,PET_Bottle,pet_bottle,0.319,21.9793560,-160.0509321,0.62,0.59,0.366,0.72,0.60,1.21,1인,S179
2_1600_808_8392_6540,niihau_2_1600_808_8392.jpg,Net,net,0.508,21.9793057,-160.0509010,0.61,0.59,0.357,6.42,2.67,16.05,1인,S179
2_1600_808_8392_6541,niihau_2_1600_808_8392.jpg,plastic debris,plastic_other,0.394,21.9793030,-160.0509025,0.69,0.64,0.441,1.06,0.71,3.53,1인,S179
2_1600_808_8392_6542,niihau_2_1600_808_8392.jpg,PET_Bottle,pet_bottle,0.325,21.9793355,-160.0509355,0.88,0.79,0.693,1.37,1.14,2.29,1인,S179
2_1649_10311_6881_6549,niihau_2_1649_10311_6881.jpg,Styrofoam_Piece,eps_fragment,0.690,21.9858398,-160.0512642,0.74,0.70,0.515,0.31,0.21,1.03,1인,S180
2_1649_10311_6881_6550,niihau_2_1649_10311_6881.jpg,plastic debris,plastic_other,0.680,21.9858640,-160.0513004,0.85,0.76,0.650,1.56,1.04,5.20,1인,S180
2_1649_10311_6881_6551,niihau_2_1649_10311_6881.jpg,PET_Bottle,pet_bottle,0.665,21.9858583,-160.0513037,0.79,0.72,0.566,1.12,0.93,1.87,1인,S180
2_1649_10311_6881_6552,niihau_2_1649_10311_6881.jpg,plastic debris,plastic_other,0.611,21.9859371,-160.0513318,0.88,0.85,0.755,1.81,1.21,6.04,1인,S180
2_1649_10311_6881_6553,niihau_2_1649_10311_6881.jpg,plastic debris,plastic_other,0.566,21.9858717,-160.0512826,0.59,0.59,0.351,0.84,0.56,2.81,1인,S180
2_1649_10311_6881_6554,niihau_2_1649_10311_6881.jpg,PET_Bottle,pet_bottle,0.565,21.9858897,-160.0513191,0.65,0.63,0.408,0.81,0.67,1.35,1인,S180
2_1649_10311_6881_6555,niihau_2_1649_10311_6881.jpg,plastic debris,plastic_other,0.565,21.9859219,-160.0513055,1.23,1.22,1.503,3.61,2.41,12.03,1인,S180
2_1649_10311_6881_6556,niihau_2_1649_10311_6881.jpg,plastic debris,plastic_other,0.549,21.9859088,-160.0513222,0.63,0.58,0.364,0.87,0.58,2.91,1인,S180
2_1649_10311_6881_6557,niihau_2_1649_10311_6881.jpg,Net,net,0.538,21.9858714,-160.0513156,0.49,0.49,0.240,4.32,1.80,10.81,1인,S180
2_1649_10311_6881_6558,niihau_2_1649_10311_6881.jpg,plastic debris,plastic_other,0.502,21.9858520,-160.0513054,0.47,0.44,0.206,0.49,0.33,1.65,1인,S180
2_1649_10311_6881_6559,niihau_2_1649_10311_6881.jpg,plastic debris,plastic_other,0.485,21.9858645,-160.0512884,0.49,0.47,0.231,0.56,0.37,1.85,1인,S180
2_1649_10311_6881_6560,niihau_2_1649_10311_6881.jpg,plastic debris,plastic_other,0.474,21.9858349,-160.0513541,0.48,0.48,0.231,0.55,0.37,1.85,1인,S180
2_1649_10311_6881_6561,niihau_2_1649_10311_6881.jpg,plastic debris,plastic_other,0.470,21.9858377,-160.0512928,0.58,0.55,0.317,0.76,0.51,2.54,1인,S180
2_1649_10311_6881_6562,niihau_2_1649_10311_6881.jpg,plastic debris,plastic_other,0.430,21.9859105,-160.0513051,0.68,0.68,0.464,1.11,0.74,3.71,1인,S180
2_1649_10311_6881_6563,niihau_2_1649_10311_6881.jpg,plastic debris,plastic_other,0.430,21.9858542,-160.0513022,0.46,0.44,0.204,0.49,0.33,1.63,1인,S180
2_1649_10311_6881_6564,niihau_2_1649_10311_6881.jpg,plastic debris,plastic_other,0.429,21.9858882,-160.0513044,0.46,0.41,0.189,0.45,0.30,1.51,1인,S180
2_1649_10311_6881_6565,niihau_2_1649_10311_6881.jpg,plastic debris,plastic_other,0.424,21.9859275,-160.0513557,1.22,1.21,1.470,3.53,2.35,11.76,1인,S180
2_1649_10311_6881_6566,niihau_2_1649_10311_6881.jpg,plastic debris,plastic_other,0.362,21.9859056,-160.0512795,0.52,0.52,0.271,0.65,0.43,2.17,1인,S180
2_1649_10311_6881_6567,niihau_2_1649_10311_6881.jpg,plastic debris,plastic_other,0.362,21.9859064,-160.0513155,0.56,0.55,0.311,0.75,0.50,2.49,1인,S180
2_1649_10615_7355_6605,niihau_2_1649_10615_7355.jpg,Plastic_ETC,plastic_other,0.747,21.9858172,-160.0512467,0.81,0.78,0.628,1.51,1.00,5.02,1인,S180
2_1649_10615_7355_6606,niihau_2_1649_10615_7355.jpg,Styrofoam_Piece,eps_fragment,0.744,21.9858398,-160.0512642,0.74,0.71,0.524,0.31,0.21,1.05,1인,S180
2_1649_10615_7355_6607,niihau_2_1649_10615_7355.jpg,PET_Bottle,pet_bottle,0.742,21.9858184,-160.0512795,0.76,0.68,0.519,1.03,0.86,1.71,1인,S180
2_1649_10615_7355_6608,niihau_2_1649_10615_7355.jpg,PET_Bottle,pet_bottle,0.738,21.9857607,-160.0512899,0.53,0.47,0.251,0.50,0.41,0.83,1인,S180
2_1649_10615_7355_6609,niihau_2_1649_10615_7355.jpg,Plastic_ETC,plastic_other,0.664,21.9858200,-160.0512878,0.55,0.55,0.301,0.72,0.48,2.41,1인,S180
2_1649_10615_7355_6610,niihau_2_1649_10615_7355.jpg,plastic debris,plastic_other,0.656,21.9857653,-160.0512864,0.56,0.56,0.313,0.75,0.50,2.51,1인,S180
2_1649_10615_7355_6611,niihau_2_1649_10615_7355.jpg,PET_Bottle,pet_bottle,0.591,21.9858044,-160.0512626,0.69,0.59,0.409,0.81,0.68,1.35,1인,S180
2_1649_10615_7355_6612,niihau_2_1649_10615_7355.jpg,Net,net,0.507,21.9857939,-160.0512438,0.99,0.70,0.689,12.41,5.17,31.02,2인,S180
2_1649_10615_7355_6613,niihau_2_1649_10615_7355.jpg,plastic debris,plastic_other,0.455,21.9858543,-160.0513021,0.49,0.47,0.229,0.55,0.37,1.83,1인,S180
2_1649_10615_7355_6614,niihau_2_1649_10615_7355.jpg,plastic debris,plastic_other,0.406,21.9858055,-160.0512681,0.45,0.41,0.185,0.44,0.30,1.48,1인,S180
2_1649_10615_7355_6615,niihau_2_1649_10615_7355.jpg,PET_Bottle,pet_bottle,0.361,21.9858294,-160.0512778,0.75,0.50,0.371,0.74,0.61,1.23,1인,S180
2_1649_10615_7355_6616,niihau_2_1649_10615_7355.jpg,plastic debris,plastic_other,0.353,21.9858149,-160.0512404,0.53,0.49,0.260,0.62,0.42,2.08,1인,S180
2_1649_10615_7355_6617,niihau_2_1649_10615_7355.jpg,plastic debris,plastic_other,0.352,21.9858199,-160.0512346,0.55,0.50,0.275,0.66,0.44,2.20,1인,S180
2_1649_10615_7355_6618,niihau_2_1649_10615_7355.jpg,plastic debris,plastic_other,0.347,21.9857801,-160.0512500,0.62,0.59,0.365,0.87,0.58,2.92,1인,S180
2_1649_10615_7355_6619,niihau_2_1649_10615_7355.jpg,plastic debris,plastic_other,0.344,21.9858376,-160.0512928,0.59,0.55,0.322,0.77,0.52,2.58,1인,S180
2_1649_8335_583_6646,niihau_2_1649_8335_583.jpg,Plastic_ETC,plastic_other,0.659,21.9870197,-160.0517073,1.06,1.05,1.112,2.67,1.78,8.90,1인,S181
2_1649_8335_583_6647,niihau_2_1649_8335_583.jpg,plastic debris,plastic_other,0.421,21.9869803,-160.0516578,0.82,0.77,0.627,1.50,1.00,5.02,1인,S181
2_1649_9625_4576_6654,niihau_2_1649_9625_4576.jpg,plastic debris,plastic_other,0.747,21.9863384,-160.0514625,0.57,0.56,0.323,0.78,0.52,2.59,1인,S182
2_1649_9625_4576_6655,niihau_2_1649_9625_4576.jpg,Plastic_ETC,plastic_other,0.730,21.9863047,-160.0515047,0.79,0.77,0.607,1.46,0.97,4.86,1인,S182
2_1649_9625_4576_6656,niihau_2_1649_9625_4576.jpg,PET_Bottle,pet_bottle,0.716,21.9863000,-160.0514525,1.09,1.06,1.148,2.27,1.89,3.79,1인,S182
2_1649_9625_4576_6657,niihau_2_1649_9625_4576.jpg,plastic debris,plastic_other,0.494,21.9862490,-160.0514531,0.75,0.74,0.555,1.33,0.89,4.44,1인,S182
2_1649_9924_6934_6662,niihau_2_1649_9924_6934.jpg,plastic debris,plastic_other,0.355,21.9859243,-160.0514102,0.56,0.56,0.309,0.74,0.49,2.47,1인,S183
2_1649_9924_6934_6663,niihau_2_1649_9924_6934.jpg,plastic debris,plastic_other,0.336,21.9858738,-160.0513912,0.69,0.67,0.460,1.10,0.74,3.68,1인,S180
2_1649_9924_6934_6664,niihau_2_1649_9924_6934.jpg,plastic debris,plastic_other,0.333,21.9858204,-160.0513622,0.65,0.62,0.403,0.97,0.64,3.22,1인,S180
2_1649_9924_6934_6665,niihau_2_1649_9924_6934.jpg,plastic debris,plastic_other,0.302,21.9858349,-160.0513541,0.50,0.48,0.239,0.57,0.38,1.91,1인,S180
2_1650_4352_25659_6672,niihau_2_1650_4352_25659.jpg,Styrofoam_Buoy,eps_buoy,0.587,21.9824977,-160.0502184,3.32,3.12,10.358,90.63,38.84,103.58,장비,S184
2_1650_4739_32925_6673,niihau_2_1650_4739_32925.jpg,plastic debris,plastic_other,0.763,21.9811689,-160.0501609,0.57,0.54,0.305,0.73,0.49,2.44,1인,S185
2_1650_4739_32925_6674,niihau_2_1650_4739_32925.jpg,plastic debris,plastic_other,0.693,21.9811979,-160.0501157,0.48,0.46,0.218,0.52,0.35,1.75,1인,S185
2_1650_4739_32925_6675,niihau_2_1650_4739_32925.jpg,PET_Bottle,pet_bottle,0.582,21.9812315,-160.0500802,0.49,0.47,0.230,0.45,0.38,0.76,1인,S185
2_1650_4739_32925_6676,niihau_2_1650_4739_32925.jpg,plastic debris,plastic_other,0.566,21.9811488,-160.0501590,0.57,0.56,0.320,0.77,0.51,2.56,1인,S185
2_1650_4739_32925_6677,niihau_2_1650_4739_32925.jpg,plastic debris,plastic_other,0.517,21.9811950,-160.0500998,0.55,0.53,0.287,0.69,0.46,2.30,1인,S185
2_1650_4739_32925_6678,niihau_2_1650_4739_32925.jpg,plastic debris,plastic_other,0.466,21.9812186,-160.0500772,1.84,1.03,1.884,4.52,3.01,15.07,1인,S185
2_1650_4739_32925_6679,niihau_2_1650_4739_32925.jpg,Styrofoam_Piece,eps_fragment,0.461,21.9812067,-160.0500829,0.63,0.63,0.402,0.24,0.16,0.80,1인,S185
2_1650_4739_32925_6680,niihau_2_1650_4739_32925.jpg,plastic debris,plastic_other,0.443,21.9811448,-160.0501626,0.74,0.70,0.518,1.24,0.83,4.15,1인,S185
2_1650_4739_32925_6681,niihau_2_1650_4739_32925.jpg,plastic debris,plastic_other,0.305,21.9811472,-160.0501698,0.43,0.39,0.168,0.40,0.27,1.34,1인,S185
2_1650_4814_22207_6690,niihau_2_1650_4814_22207.jpg,Plastic_ETC,plastic_other,0.617,21.9830980,-160.0500802,0.85,0.75,0.632,1.52,1.01,5.06,1인,S186
2_1650_4814_22207_6691,niihau_2_1650_4814_22207.jpg,plastic debris,plastic_other,0.535,21.9831593,-160.0501002,0.54,0.52,0.284,0.68,0.45,2.27,1인,S186
2_1650_4814_22207_6692,niihau_2_1650_4814_22207.jpg,Plastic_Buoy_China,plastic_buoy,0.496,21.9831252,-160.0500796,0.66,0.61,0.401,7.23,3.61,9.64,1인,S186
2_1650_4814_22207_6693,niihau_2_1650_4814_22207.jpg,plastic debris,plastic_other,0.436,21.9831236,-160.0501745,0.56,0.55,0.307,0.74,0.49,2.46,1인,S186
2_1650_4814_22207_6694,niihau_2_1650_4814_22207.jpg,plastic debris,plastic_other,0.425,21.9830912,-160.0501744,0.56,0.51,0.287,0.69,0.46,2.30,1인,S186
2_1650_4814_22207_6695,niihau_2_1650_4814_22207.jpg,plastic debris,plastic_other,0.398,21.9831032,-160.0501554,0.55,0.49,0.269,0.64,0.43,2.15,1인,S186
2_1650_4814_22207_6696,niihau_2_1650_4814_22207.jpg,Plastic_Buoy_China,plastic_buoy,0.393,21.9831767,-160.0501804,0.74,0.73,0.539,9.70,4.85,12.93,1인,S186
2_1650_4814_22207_6697,niihau_2_1650_4814_22207.jpg,plastic debris,plastic_other,0.343,21.9830661,-160.0501868,0.52,0.34,0.178,0.43,0.28,1.42,1인,S186
2_1650_4814_22207_6698,niihau_2_1650_4814_22207.jpg,plastic debris,plastic_other,0.336,21.9831792,-160.0500990,0.41,0.34,0.139,0.33,0.22,1.11,1인,S186
2_1650_4814_22207_6699,niihau_2_1650_4814_22207.jpg,Plastic_ETC,plastic_other,0.334,21.9831228,-160.0500908,1.16,1.14,1.324,3.18,2.12,10.59,1인,S186
2_1650_4814_22207_6700,niihau_2_1650_4814_22207.jpg,plastic debris,plastic_other,0.330,21.9830709,-160.0501812,0.50,0.50,0.249,0.60,0.40,1.99,1인,S186
2_1650_4888_21861_6744,niihau_2_1650_4888_21861.jpg,plastic debris,plastic_other,0.518,21.9831594,-160.0501001,0.63,0.59,0.367,0.88,0.59,2.94,1인,S186
2_1650_4888_21861_6745,niihau_2_1650_4888_21861.jpg,plastic debris,plastic_other,0.496,21.9831932,-160.0501685,0.64,0.64,0.409,0.98,0.65,3.27,1인,S186
2_1650_4888_21861_6746,niihau_2_1650_4888_21861.jpg,plastic debris,plastic_other,0.318,21.9831666,-160.0501105,0.65,0.61,0.393,0.94,0.63,3.14,1인,S186
2_1650_4975_19349_6778,niihau_2_1650_4975_19349.jpg,Net,net,0.333,21.9836519,-160.0501175,0.75,0.70,0.532,9.57,3.99,23.93,2인,S187
2_1650_5253_32312_6800,niihau_2_1650_5253_32312.jpg,Plastic_Buoy,plastic_buoy,0.829,21.9813005,-160.0500837,0.67,0.67,0.447,8.05,4.02,10.73,1인,S185
2_1650_5253_32312_6801,niihau_2_1650_5253_32312.jpg,plastic debris,plastic_other,0.586,21.9813012,-160.0500945,0.88,0.56,0.496,1.19,0.79,3.97,1인,S185
2_1650_5253_32312_6802,niihau_2_1650_5253_32312.jpg,plastic debris,plastic_other,0.346,21.9813347,-160.0500429,0.64,0.60,0.386,0.93,0.62,3.08,1인,S185
2_1650_5253_32312_6803,niihau_2_1650_5253_32312.jpg,plastic debris,plastic_other,0.319,21.9813181,-160.0500757,0.52,0.49,0.256,0.61,0.41,2.05,1인,S185
2_1650_5751_31105_6819,niihau_2_1650_5751_31105.jpg,plastic debris,plastic_other,0.774,21.9814996,-160.0499522,0.68,0.67,0.454,1.09,0.73,3.63,1인,S188
2_1650_5751_31105_6820,niihau_2_1650_5751_31105.jpg,Plastic_Buoy,plastic_buoy,0.759,21.9815475,-160.0499636,0.63,0.60,0.382,6.88,3.44,9.18,1인,S188
2_1650_5751_31105_6821,niihau_2_1650_5751_31105.jpg,Plastic_ETC,plastic_other,0.726,21.9814862,-160.0499561,0.97,0.97,0.932,2.24,1.49,7.46,1인,S188
2_1650_5751_31105_6822,niihau_2_1650_5751_31105.jpg,Net,net,0.721,21.9814796,-160.0499318,0.66,0.64,0.426,7.67,3.20,19.17,1인,S188
2_1650_5751_31105_6823,niihau_2_1650_5751_31105.jpg,plastic debris,plastic_other,0.487,21.9815216,-160.0499288,0.63,0.56,0.352,0.84,0.56,2.81,1인,S188
2_1650_5751_31105_6824,niihau_2_1650_5751_31105.jpg,plastic debris,plastic_other,0.470,21.9815409,-160.0499200,0.47,0.46,0.217,0.52,0.35,1.74,1인,S188
2_1650_5751_31105_6825,niihau_2_1650_5751_31105.jpg,plastic debris,plastic_other,0.443,21.9815283,-160.0499213,1.03,1.02,1.049,2.52,1.68,8.39,1인,S188
2_1650_5751_31105_6826,niihau_2_1650_5751_31105.jpg,plastic debris,plastic_other,0.439,21.9814658,-160.0499126,0.85,0.74,0.626,1.50,1.00,5.01,1인,S188
2_1650_5751_31105_6827,niihau_2_1650_5751_31105.jpg,plastic debris,plastic_other,0.314,21.9815325,-160.0498845,0.59,0.57,0.332,0.80,0.53,2.65,1인,S188
2_1650_5751_31105_6828,niihau_2_1650_5751_31105.jpg,plastic debris,plastic_other,0.310,21.9815260,-160.0499953,0.53,0.51,0.272,0.65,0.43,2.17,1인,S188
2_1650_6129_30320_6846,niihau_2_1650_6129_30320.jpg,Styrofoam_Piece,eps_fragment,0.737,21.9816624,-160.0498884,0.71,0.71,0.507,0.30,0.20,1.01,1인,S188
2_1650_6129_30320_6847,niihau_2_1650_6129_30320.jpg,plastic debris,plastic_other,0.673,21.9817061,-160.0498867,0.52,0.52,0.271,0.65,0.43,2.17,1인,S188
2_1650_6129_30320_6848,niihau_2_1650_6129_30320.jpg,plastic debris,plastic_other,0.523,21.9816307,-160.0498373,0.42,0.41,0.169,0.41,0.27,1.35,1인,S188
2_1650_6129_30320_6849,niihau_2_1650_6129_30320.jpg,plastic debris,plastic_other,0.479,21.9817033,-160.0498725,0.55,0.50,0.276,0.66,0.44,2.21,1인,S188
2_1650_6129_30320_6850,niihau_2_1650_6129_30320.jpg,Net,net,0.479,21.9817130,-160.0498853,0.68,0.65,0.439,7.90,3.29,19.76,1인,S188
2_1650_6129_30320_6851,niihau_2_1650_6129_30320.jpg,Net,net,0.468,21.9816402,-160.0498853,0.74,0.70,0.513,9.23,3.85,23.08,2인,S188
2_1650_6129_30320_6852,niihau_2_1650_6129_30320.jpg,plastic debris,plastic_other,0.453,21.9816025,-160.0498959,0.49,0.41,0.202,0.49,0.32,1.62,1인,S188
2_1650_6129_30320_6853,niihau_2_1650_6129_30320.jpg,plastic debris,plastic_other,0.452,21.9816026,-160.0498846,0.55,0.41,0.226,0.54,0.36,1.81,1인,S188
2_1650_6129_30320_6854,niihau_2_1650_6129_30320.jpg,Plastic_ETC,plastic_other,0.449,21.9816255,-160.0499139,0.81,0.76,0.620,1.49,0.99,4.96,1인,S188
2_1650_6129_30320_6855,niihau_2_1650_6129_30320.jpg,plastic debris,plastic_other,0.362,21.9816433,-160.0498173,0.51,0.51,0.260,0.62,0.42,2.08,1인,S188
2_1650_6129_30320_6856,niihau_2_1650_6129_30320.jpg,plastic debris,plastic_other,0.339,21.9816574,-160.0499000,0.56,0.54,0.303,0.73,0.48,2.42,1인,S188
2_1650_6129_30320_6857,niihau_2_1650_6129_30320.jpg,Net,net,0.334,21.9816238,-160.0498643,0.79,0.77,0.605,10.89,4.54,27.23,2인,S188
2_1650_6129_30320_6858,niihau_2_1650_6129_30320.jpg,plastic debris,plastic_other,0.330,21.9816212,-160.0498917,0.71,0.63,0.451,1.08,0.72,3.61,1인,S188
2_1650_6237_29026_6888,niihau_2_1650_6237_29026.jpg,Styrofoam_Piece,eps_fragment,0.809,21.9818732,-160.0498995,0.76,0.74,0.563,0.34,0.23,1.13,1인,S189
2_1650_6237_29026_6889,niihau_2_1650_6237_29026.jpg,PET_Bottle,pet_bottle,0.528,21.9819125,-160.0498404,0.74,0.69,0.511,1.01,0.84,1.68,1인,S189
2_1650_6237_29026_6890,niihau_2_1650_6237_29026.jpg,Plastic_ETC,plastic_other,0.397,21.9818489,-160.0498564,1.00,0.90,0.903,2.17,1.44,7.22,1인,S189
2_1650_6237_29026_6891,niihau_2_1650_6237_29026.jpg,plastic debris,plastic_other,0.392,21.9818840,-160.0498614,0.56,0.55,0.303,0.73,0.48,2.42,1인,S189
2_1650_6237_29026_6892,niihau_2_1650_6237_29026.jpg,plastic debris,plastic_other,0.325,21.9818959,-160.0498198,0.53,0.47,0.251,0.60,0.40,2.01,1인,S189
2_1650_6237_29026_6893,niihau_2_1650_6237_29026.jpg,plastic debris,plastic_other,0.302,21.9819195,-160.0498190,1.30,1.20,1.559,3.74,2.50,12.48,1인,S189
2_1650_6246_29356_6910,niihau_2_1650_6246_29356.jpg,Styrofoam_Piece,eps_fragment,0.798,21.9818732,-160.0498994,0.78,0.77,0.603,0.36,0.24,1.21,1인,S189
2_1650_6246_29356_6911,niihau_2_1650_6246_29356.jpg,Plastic_ETC,plastic_other,0.659,21.9817974,-160.0498452,0.65,0.63,0.410,0.98,0.66,3.28,1인,S189
2_1650_6246_29356_6912,niihau_2_1650_6246_29356.jpg,plastic debris,plastic_other,0.545,21.9818329,-160.0498462,0.75,0.74,0.561,1.35,0.90,4.49,1인,S189
2_1650_6246_29356_6913,niihau_2_1650_6246_29356.jpg,plastic debris,plastic_other,0.497,21.9817945,-160.0498216,0.74,0.73,0.539,1.29,0.86,4.31,1인,S189
2_1650_6246_29356_6914,niihau_2_1650_6246_29356.jpg,Plastic_ETC,plastic_other,0.481,21.9818489,-160.0498565,1.18,1.16,1.367,3.28,2.19,10.93,1인,S189
2_1650_6246_29356_6915,niihau_2_1650_6246_29356.jpg,plastic debris,plastic_other,0.458,21.9818840,-160.0498614,0.61,0.61,0.375,0.90,0.60,3.00,1인,S189
2_1650_6308_28643_6929,niihau_2_1650_6308_28643.jpg,plastic debris,plastic_other,0.422,21.9819127,-160.0498404,0.80,0.68,0.547,1.31,0.88,4.38,1인,S189
2_1650_6730_28702_6942,niihau_2_1650_6730_28702.jpg,plastic debris,plastic_other,0.432,21.9819502,-160.0497545,3.13,2.91,9.113,21.87,14.58,72.90,장비,S189
2_1698_12099_2438_6944,niihau_2_1698_12099_2438.jpg,plastic debris,plastic_other,0.660,21.9929298,-160.0547814,0.75,0.70,0.519,1.25,0.83,4.15,1인,S190
2_1698_12099_2438_6945,niihau_2_1698_12099_2438.jpg,plastic debris,plastic_other,0.619,21.9929898,-160.0548568,0.63,0.62,0.390,0.94,0.62,3.12,1인,S190
2_1698_12099_2438_6946,niihau_2_1698_12099_2438.jpg,plastic debris,plastic_other,0.559,21.9929243,-160.0548039,0.76,0.73,0.548,1.32,0.88,4.38,1인,S190
2_1698_12599_12221_6951,niihau_2_1698_12599_12221.jpg,Plastic_Buoy,plastic_buoy,0.824,21.9912226,-160.0547319,0.70,0.70,0.496,8.93,4.47,11.91,1인,S191
2_1698_12599_12221_6952,niihau_2_1698_12599_12221.jpg,Net,net,0.719,21.9911936,-160.0546877,0.56,0.52,0.292,5.26,2.19,13.16,1인,S191
2_1698_12599_12221_6953,niihau_2_1698_12599_12221.jpg,Styrofoam_Piece,eps_fragment,0.698,21.9912428,-160.0547181,0.60,0.56,0.339,0.20,0.14,0.68,1인,S191
2_1698_12599_12221_6954,niihau_2_1698_12599_12221.jpg,plastic debris,plastic_other,0.697,21.9911865,-160.0547401,0.57,0.55,0.310,0.74,0.50,2.48,1인,S191
2_1698_12599_12221_6955,niihau_2_1698_12599_12221.jpg,plastic debris,plastic_other,0.626,21.9911859,-160.0546838,0.48,0.46,0.223,0.54,0.36,1.79,1인,S191
2_1698_12599_12221_6956,niihau_2_1698_12599_12221.jpg,plastic debris,plastic_other,0.525,21.9912004,-160.0547557,0.57,0.55,0.312,0.75,0.50,2.50,1인,S191
2_1698_12599_12221_6957,niihau_2_1698_12599_12221.jpg,plastic debris,plastic_other,0.502,21.9911686,-160.0547601,0.42,0.40,0.168,0.40,0.27,1.34,1인,S191
2_1698_12599_12221_6958,niihau_2_1698_12599_12221.jpg,Styrofoam_Piece,eps_fragment,0.494,21.9912177,-160.0546658,0.65,0.63,0.410,0.25,0.16,0.82,1인,S191
2_1698_12599_12221_6959,niihau_2_1698_12599_12221.jpg,plastic debris,plastic_other,0.411,21.9911573,-160.0547233,0.59,0.57,0.335,0.80,0.54,2.68,1인,S191
2_1698_12599_12221_6960,niihau_2_1698_12599_12221.jpg,plastic debris,plastic_other,0.384,21.9911696,-160.0547760,0.51,0.23,0.115,0.28,0.18,0.92,1인,S191
2_1698_12599_12221_6961,niihau_2_1698_12599_12221.jpg,plastic debris,plastic_other,0.353,21.9911845,-160.0546909,0.48,0.47,0.227,0.54,0.36,1.81,1인,S191
2_1698_12599_12221_6962,niihau_2_1698_12599_12221.jpg,plastic debris,plastic_other,0.303,21.9911962,-160.0546884,0.45,0.45,0.206,0.49,0.33,1.65,1인,S191
2_1698_12613_11860_6990,niihau_2_1698_12613_11860.jpg,Plastic_Buoy,plastic_buoy,0.831,21.9912225,-160.0547318,0.67,0.67,0.452,8.14,4.07,10.86,1인,S191
2_1698_12613_11860_6991,niihau_2_1698_12613_11860.jpg,Styrofoam_Piece,eps_fragment,0.819,21.9912429,-160.0547182,0.58,0.53,0.306,0.18,0.12,0.61,1인,S191
2_1698_12613_11860_6992,niihau_2_1698_12613_11860.jpg,Styrofoam_Piece,eps_fragment,0.760,21.9913129,-160.0547116,0.60,0.60,0.364,0.22,0.15,0.73,1인,S191
2_1698_12613_11860_6993,niihau_2_1698_12613_11860.jpg,plastic debris,plastic_other,0.607,21.9913003,-160.0547026,0.52,0.52,0.272,0.65,0.44,2.18,1인,S191
2_1698_12613_11860_6994,niihau_2_1698_12613_11860.jpg,Styrofoam_Piece,eps_fragment,0.583,21.9913123,-160.0546999,0.55,0.53,0.294,0.18,0.12,0.59,1인,S191
2_1698_12613_11860_6995,niihau_2_1698_12613_11860.jpg,Styrofoam_Piece,eps_fragment,0.575,21.9912178,-160.0546659,0.66,0.64,0.425,0.26,0.17,0.85,1인,S191
2_1698_12613_11860_6996,niihau_2_1698_12613_11860.jpg,plastic debris,plastic_other,0.572,21.9912674,-160.0547135,0.57,0.53,0.303,0.73,0.49,2.43,1인,S191
2_1698_12613_11860_6997,niihau_2_1698_12613_11860.jpg,plastic debris,plastic_other,0.453,21.9912544,-160.0547146,0.44,0.41,0.181,0.43,0.29,1.45,1인,S191
2_1698_12613_11860_6998,niihau_2_1698_12613_11860.jpg,plastic debris,plastic_other,0.447,21.9913215,-160.0546660,0.54,0.48,0.259,0.62,0.41,2.07,1인,S191
2_1698_12613_11860_6999,niihau_2_1698_12613_11860.jpg,plastic debris,plastic_other,0.438,21.9912847,-160.0547715,0.48,0.47,0.230,0.55,0.37,1.84,1인,S191
2_1698_12613_11860_7000,niihau_2_1698_12613_11860.jpg,plastic debris,plastic_other,0.427,21.9913164,-160.0547434,0.40,0.39,0.155,0.37,0.25,1.24,1인,S191
2_1698_12613_11860_7001,niihau_2_1698_12613_11860.jpg,plastic debris,plastic_other,0.315,21.9912303,-160.0547622,0.57,0.57,0.326,0.78,0.52,2.61,1인,S191
2_1698_12613_11860_7002,niihau_2_1698_12613_11860.jpg,plastic debris,plastic_other,0.310,21.9912423,-160.0547063,0.48,0.46,0.219,0.53,0.35,1.76,1인,S191
2_1698_12672_3942_7026,niihau_2_1698_12672_3942.jpg,plastic debris,plastic_other,0.498,21.9926644,-160.0547702,2.53,0.76,1.925,4.62,3.08,15.40,1인,S192
2_1698_12672_3942_7027,niihau_2_1698_12672_3942.jpg,plastic debris,plastic_other,0.360,21.9927019,-160.0547196,0.59,0.51,0.300,0.72,0.48,2.40,1인,S192
2_1698_12783_15993_7040,niihau_2_1698_12783_15993.jpg,Plastic_Buoy,plastic_buoy,0.783,21.9905133,-160.0546762,0.63,0.62,0.388,6.99,3.50,9.32,1인,S193
2_1698_12783_15993_7041,niihau_2_1698_12783_15993.jpg,Plastic_Buoy,plastic_buoy,0.760,21.9905555,-160.0546955,0.72,0.71,0.511,9.20,4.60,12.27,1인,S193
2_1698_12783_15993_7042,niihau_2_1698_12783_15993.jpg,plastic debris,plastic_other,0.589,21.9905051,-160.0546421,0.84,0.81,0.684,1.64,1.09,5.47,1인,S193
2_1698_12783_15993_7043,niihau_2_1698_12783_15993.jpg,plastic debris,plastic_other,0.552,21.9904750,-160.0546184,1.25,1.21,1.513,3.63,2.42,12.10,1인,S193
2_1698_12783_15993_7044,niihau_2_1698_12783_15993.jpg,plastic debris,plastic_other,0.464,21.9905291,-160.0546337,0.77,0.73,0.569,1.37,0.91,4.55,1인,S193
2_1698_12783_15993_7045,niihau_2_1698_12783_15993.jpg,plastic debris,plastic_other,0.442,21.9905552,-160.0546448,0.62,0.57,0.355,0.85,0.57,2.84,1인,S193
2_1698_12783_15993_7046,niihau_2_1698_12783_15993.jpg,plastic debris,plastic_other,0.363,21.9904888,-160.0546649,0.68,0.66,0.447,1.07,0.71,3.57,1인,S193
2_1698_12783_15993_7047,niihau_2_1698_12783_15993.jpg,plastic debris,plastic_other,0.313,21.9904931,-160.0546148,0.74,0.46,0.343,0.82,0.55,2.75,1인,S193
2_1698_12783_15993_7048,niihau_2_1698_12783_15993.jpg,plastic debris,plastic_other,0.307,21.9905394,-160.0546704,0.46,0.46,0.210,0.50,0.34,1.68,1인,S193
2_1698_13113_11468_7067,niihau_2_1698_13113_11468.jpg,plastic debris,plastic_other,0.706,21.9913941,-160.0545676,0.53,0.52,0.277,0.67,0.44,2.22,1인,S194
2_1698_13113_11468_7068,niihau_2_1698_13113_11468.jpg,plastic debris,plastic_other,0.692,21.9913387,-160.0546171,0.56,0.56,0.312,0.75,0.50,2.50,1인,S191
2_1698_13113_11468_7069,niihau_2_1698_13113_11468.jpg,Plastic_Buoy_China,plastic_buoy,0.673,21.9912987,-160.0545797,0.71,0.66,0.471,8.49,4.24,11.31,1인,S191
2_1698_13113_11468_7070,niihau_2_1698_13113_11468.jpg,Styrofoam_Piece,eps_fragment,0.662,21.9913369,-160.0545601,0.71,0.68,0.479,0.29,0.19,0.96,1인,S194
2_1698_13113_11468_7071,niihau_2_1698_13113_11468.jpg,plastic debris,plastic_other,0.603,21.9913382,-160.0546143,0.52,0.49,0.254,0.61,0.41,2.04,1인,S191
2_1698_13113_11468_7072,niihau_2_1698_13113_11468.jpg,plastic debris,plastic_other,0.531,21.9913214,-160.0545792,0.59,0.56,0.330,0.79,0.53,2.64,1인,S191
2_1698_13113_11468_7073,niihau_2_1698_13113_11468.jpg,Net,net,0.525,21.9913713,-160.0546609,0.55,0.54,0.298,5.36,2.23,13.40,1인,S191
2_1698_13113_11468_7074,niihau_2_1698_13113_11468.jpg,plastic debris,plastic_other,0.470,21.9912883,-160.0545626,0.53,0.51,0.270,0.65,0.43,2.16,1인,S191
2_1698_13113_11468_7075,niihau_2_1698_13113_11468.jpg,Plastic_Buoy,plastic_buoy,0.423,21.9913793,-160.0546685,0.39,0.37,0.145,2.60,1.30,3.47,1인,S191
2_1698_13113_11468_7076,niihau_2_1698_13113_11468.jpg,plastic debris,plastic_other,0.377,21.9912836,-160.0546212,0.58,0.57,0.330,0.79,0.53,2.64,1인,S191
2_1698_13113_11468_7077,niihau_2_1698_13113_11468.jpg,plastic debris,plastic_other,0.364,21.9913215,-160.0546660,0.59,0.53,0.316,0.76,0.50,2.52,1인,S191
2_1698_13113_11468_7078,niihau_2_1698_13113_11468.jpg,Styrofoam_Piece,eps_fragment,0.346,21.9913662,-160.0545819,0.47,0.45,0.211,0.13,0.08,0.42,1인,S194
2_1698_13113_11468_7079,niihau_2_1698_13113_11468.jpg,Styrofoam_Piece,eps_fragment,0.341,21.9913702,-160.0545754,0.75,0.73,0.547,0.33,0.22,1.09,1인,S194
2_1698_13113_11468_7080,niihau_2_1698_13113_11468.jpg,plastic debris,plastic_other,0.333,21.9913045,-160.0546079,0.54,0.51,0.277,0.66,0.44,2.21,1인,S191
2_1698_13113_11468_7081,niihau_2_1698_13113_11468.jpg,plastic debris,plastic_other,0.328,21.9913896,-160.0545661,0.61,0.55,0.334,0.80,0.53,2.67,1인,S194
2_1698_13113_11468_7082,niihau_2_1698_13113_11468.jpg,plastic debris,plastic_other,0.316,21.9913142,-160.0545851,0.57,0.53,0.300,0.72,0.48,2.40,1인,S191
2_1698_13113_11468_7083,niihau_2_1698_13113_11468.jpg,plastic debris,plastic_other,0.304,21.9912829,-160.0546528,0.68,0.47,0.316,0.76,0.51,2.53,1인,S191
2_1698_13168_16041_7122,niihau_2_1698_13168_16041.jpg,plastic debris,plastic_other,0.776,21.9905199,-160.0545792,0.54,0.51,0.275,0.66,0.44,2.20,1인,S193
2_1698_13168_16041_7123,niihau_2_1698_13168_16041.jpg,plastic debris,plastic_other,0.737,21.9905265,-160.0545623,1.93,1.72,3.336,8.01,5.34,26.69,2인,S193
2_1698_13168_16041_7124,niihau_2_1698_13168_16041.jpg,plastic debris,plastic_other,0.585,21.9905052,-160.0546421,0.83,0.77,0.641,1.54,1.03,5.13,1인,S193
2_1698_13168_16041_7125,niihau_2_1698_13168_16041.jpg,Plastic_ETC,plastic_other,0.557,21.9904923,-160.0545959,1.61,1.41,2.268,5.44,3.63,18.14,1인,S193
2_1698_13168_16041_7126,niihau_2_1698_13168_16041.jpg,plastic debris,plastic_other,0.532,21.9904719,-160.0546154,2.04,1.99,4.044,9.70,6.47,32.35,2인,S193
2_1698_13168_16041_7127,niihau_2_1698_13168_16041.jpg,plastic debris,plastic_other,0.522,21.9905386,-160.0545956,0.54,0.54,0.290,0.70,0.46,2.32,1인,S193
2_1698_13168_16041_7128,niihau_2_1698_13168_16041.jpg,plastic debris,plastic_other,0.495,21.9905551,-160.0546447,0.60,0.55,0.331,0.79,0.53,2.65,1인,S193
2_1698_13168_16041_7129,niihau_2_1698_13168_16041.jpg,Plastic_ETC,plastic_other,0.459,21.9904914,-160.0546112,1.34,1.24,1.662,3.99,2.66,13.30,1인,S193
2_1698_13168_16041_7130,niihau_2_1698_13168_16041.jpg,plastic debris,plastic_other,0.389,21.9905290,-160.0546336,0.77,0.73,0.562,1.35,0.90,4.50,1인,S193
2_1698_13168_16041_7131,niihau_2_1698_13168_16041.jpg,plastic debris,plastic_other,0.334,21.9905205,-160.0546249,0.73,0.73,0.535,1.28,0.86,4.28,1인,S193
2_1698_13228_15654_7155,niihau_2_1698_13228_15654.jpg,plastic debris,plastic_other,0.557,21.9905556,-160.0546096,0.58,0.52,0.299,0.72,0.48,2.39,1인,S193
2_1698_13228_15654_7156,niihau_2_1698_13228_15654.jpg,plastic debris,plastic_other,0.521,21.9905550,-160.0546448,0.56,0.52,0.292,0.70,0.47,2.33,1인,S193
2_1698_13228_15654_7157,niihau_2_1698_13228_15654.jpg,plastic debris,plastic_other,0.511,21.9905960,-160.0545674,0.54,0.51,0.275,0.66,0.44,2.20,1인,S193
2_1698_13228_15654_7158,niihau_2_1698_13228_15654.jpg,plastic debris,plastic_other,0.503,21.9905301,-160.0545635,1.52,1.10,1.676,4.02,2.68,13.41,1인,S193
2_1698_13228_15654_7159,niihau_2_1698_13228_15654.jpg,plastic debris,plastic_other,0.488,21.9906343,-160.0546223,0.55,0.53,0.288,0.69,0.46,2.30,1인,S193
2_1698_13228_15654_7160,niihau_2_1698_13228_15654.jpg,PET_Bottle,pet_bottle,0.439,21.9906378,-160.0546283,0.58,0.55,0.319,0.63,0.53,1.05,1인,S193
2_1698_13228_15654_7161,niihau_2_1698_13228_15654.jpg,plastic debris,plastic_other,0.417,21.9905465,-160.0546294,0.46,0.46,0.213,0.51,0.34,1.71,1인,S193
2_1698_13228_15654_7162,niihau_2_1698_13228_15654.jpg,plastic debris,plastic_other,0.387,21.9905825,-160.0545892,0.50,0.46,0.227,0.55,0.36,1.82,1인,S193
2_1698_13531_11191_7184,niihau_2_1698_13531_11191.jpg,Plastic_Buoy,plastic_buoy,0.754,21.9914385,-160.0545601,0.65,0.65,0.419,7.55,3.77,10.06,1인,S195
2_1698_13531_11191_7185,niihau_2_1698_13531_11191.jpg,Plastic_Buoy,plastic_buoy,0.731,21.9914278,-160.0545496,0.57,0.56,0.322,5.79,2.89,7.72,1인,S195
2_1698_13531_11191_7186,niihau_2_1698_13531_11191.jpg,Styrofoam_Piece,eps_fragment,0.704,21.9913367,-160.0545601,0.68,0.64,0.438,0.26,0.18,0.88,1인,S194
2_1698_13531_11191_7187,niihau_2_1698_13531_11191.jpg,Plastic_Buoy,plastic_buoy,0.513,21.9914035,-160.0545272,0.71,0.69,0.496,8.93,4.47,11.91,1인,S195
2_1698_13531_11191_7188,niihau_2_1698_13531_11191.jpg,Styrofoam_Piece,eps_fragment,0.507,21.9913941,-160.0545676,0.48,0.46,0.220,0.13,0.09,0.44,1인,S194
2_1698_13531_11191_7189,niihau_2_1698_13531_11191.jpg,Net,net,0.494,21.9914347,-160.0545699,0.64,0.63,0.402,7.24,3.02,18.09,1인,S195
2_1698_13531_11191_7190,niihau_2_1698_13531_11191.jpg,plastic debris,plastic_other,0.484,21.9913351,-160.0545377,0.44,0.43,0.189,0.45,0.30,1.51,1인,S194
2_1698_13531_11191_7191,niihau_2_1698_13531_11191.jpg,Net,net,0.478,21.9914436,-160.0545484,0.65,0.61,0.393,7.07,2.95,17.68,1인,S195
2_1698_13531_11191_7192,niihau_2_1698_13531_11191.jpg,Styrofoam_Piece,eps_fragment,0.450,21.9914405,-160.0545473,0.57,0.54,0.305,0.18,0.12,0.61,1인,S195
2_1698_13531_11191_7193,niihau_2_1698_13531_11191.jpg,plastic debris,plastic_other,0.375,21.9914254,-160.0545325,0.61,0.57,0.347,0.83,0.56,2.78,1인,S195
2_1698_13531_11191_7194,niihau_2_1698_13531_11191.jpg,plastic debris,plastic_other,0.370,21.9913722,-160.0545343,0.69,0.59,0.409,0.98,0.65,3.27,1인,S195
2_1698_13531_11191_7195,niihau_2_1698_13531_11191.jpg,plastic debris,plastic_other,0.354,21.9914448,-160.0544978,0.65,0.59,0.382,0.92,0.61,3.06,1인,S195
2_1698_13531_11191_7196,niihau_2_1698_13531_11191.jpg,Styrofoam_Piece,eps_fragment,0.344,21.9913703,-160.0545755,0.75,0.74,0.561,0.34,0.22,1.12,1인,S194
2_1698_13531_11191_7197,niihau_2_1698_13531_11191.jpg,Styrofoam_Piece,eps_fragment,0.331,21.9914276,-160.0545568,0.59,0.58,0.345,0.21,0.14,0.69,1인,S195
2_1698_13531_11191_7198,niihau_2_1698_13531_11191.jpg,plastic debris,plastic_other,0.328,21.9913334,-160.0545357,0.56,0.40,0.227,0.54,0.36,1.81,1인,S194
2_1698_13531_11191_7199,niihau_2_1698_13531_11191.jpg,Plastic_Buoy,plastic_buoy,0.326,21.9914362,-160.0545198,0.62,0.53,0.328,5.90,2.95,7.86,1인,S195
2_1698_13531_11191_7200,niihau_2_1698_13531_11191.jpg,plastic debris,plastic_other,0.309,21.9914418,-160.0545540,0.67,0.64,0.431,1.04,0.69,3.45,1인,S195
2_1698_13531_11191_7201,niihau_2_1698_13531_11191.jpg,plastic debris,plastic_other,0.306,21.9913804,-160.0545641,0.58,0.54,0.315,0.76,0.50,2.52,1인,S194
2_1698_13821_15001_7258,niihau_2_1698_13821_15001.jpg,Styrofoam_Piece,eps_fragment,0.444,21.9907530,-160.0544341,0.89,0.84,0.748,0.45,0.30,1.50,1인,S196
2_1698_13821_15001_7259,niihau_2_1698_13821_15001.jpg,plastic debris,plastic_other,0.435,21.9906928,-160.0544291,0.59,0.58,0.343,0.82,0.55,2.74,1인,S196
2_1698_13821_15001_7260,niihau_2_1698_13821_15001.jpg,plastic debris,plastic_other,0.393,21.9906463,-160.0545062,0.71,0.63,0.444,1.06,0.71,3.55,1인,S196
2_1698_13821_15001_7261,niihau_2_1698_13821_15001.jpg,plastic debris,plastic_other,0.332,21.9907487,-160.0544248,0.55,0.54,0.294,0.71,0.47,2.35,1인,S196
2_1698_13821_15001_7262,niihau_2_1698_13821_15001.jpg,plastic debris,plastic_other,0.306,21.9906792,-160.0545002,1.02,0.96,0.975,2.34,1.56,7.80,1인,S196
2_1698_14052_10497_7276,niihau_2_1698_14052_10497.jpg,Plastic_ETC,plastic_other,0.807,21.9914633,-160.0544794,0.70,0.66,0.463,1.11,0.74,3.70,1인,S195
2_1698_14052_10497_7277,niihau_2_1698_14052_10497.jpg,Plastic_Buoy,plastic_buoy,0.773,21.9915479,-160.0544406,0.63,0.60,0.375,6.75,3.38,9.00,1인,S195
2_1698_14052_10497_7278,niihau_2_1698_14052_10497.jpg,Styrofoam_Piece,eps_fragment,0.706,21.9914822,-160.0544384,0.87,0.77,0.669,0.40,0.27,1.34,1인,S195
2_1698_14052_10497_7279,niihau_2_1698_14052_10497.jpg,plastic debris,plastic_other,0.636,21.9915291,-160.0544522,0.57,0.56,0.318,0.76,0.51,2.54,1인,S195
2_1698_14052_10497_7280,niihau_2_1698_14052_10497.jpg,plastic debris,plastic_other,0.617,21.9914749,-160.0544817,0.54,0.52,0.281,0.67,0.45,2.25,1인,S195
2_1698_14052_10497_7281,niihau_2_1698_14052_10497.jpg,Plastic_Buoy,plastic_buoy,0.601,21.9915610,-160.0544624,0.62,0.62,0.381,6.87,3.43,9.15,1인,S195
2_1698_14052_10497_7282,niihau_2_1698_14052_10497.jpg,plastic debris,plastic_other,0.575,21.9915347,-160.0544470,0.88,0.83,0.727,1.75,1.16,5.82,1인,S195
2_1698_14052_10497_7283,niihau_2_1698_14052_10497.jpg,plastic debris,plastic_other,0.561,21.9915447,-160.0544255,0.77,0.73,0.560,1.34,0.90,4.48,1인,S195
2_1698_14052_10497_7284,niihau_2_1698_14052_10497.jpg,plastic debris,plastic_other,0.555,21.9915605,-160.0544136,0.64,0.63,0.399,0.96,0.64,3.19,1인,S195
2_1698_14052_10497_7285,niihau_2_1698_14052_10497.jpg,Styrofoam_Piece,eps_fragment,0.553,21.9914886,-160.0544499,0.69,0.63,0.436,0.26,0.17,0.87,1인,S195
2_1698_14052_10497_7286,niihau_2_1698_14052_10497.jpg,plastic debris,plastic_other,0.528,21.9915301,-160.0544201,0.50,0.48,0.238,0.57,0.38,1.90,1인,S195
2_1698_14052_10497_7287,niihau_2_1698_14052_10497.jpg,Plastic_Buoy_China,plastic_buoy,0.522,21.9914756,-160.0543929,0.84,0.80,0.673,12.11,6.06,16.15,1인,S195
2_1698_14052_10497_7288,niihau_2_1698_14052_10497.jpg,plastic debris,plastic_other,0.505,21.9914628,-160.0544963,0.57,0.32,0.183,0.44,0.29,1.46,1인,S195
2_1698_14052_10497_7289,niihau_2_1698_14052_10497.jpg,plastic debris,plastic_other,0.489,21.9914963,-160.0544655,0.46,0.41,0.188,0.45,0.30,1.51,1인,S195
2_1698_14052_10497_7290,niihau_2_1698_14052_10497.jpg,Styrofoam_Piece,eps_fragment,0.454,21.9915058,-160.0544295,0.57,0.55,0.312,0.19,0.12,0.62,1인,S195
2_1698_14052_10497_7291,niihau_2_1698_14052_10497.jpg,plastic debris,plastic_other,0.431,21.9914808,-160.0544775,0.69,0.63,0.433,1.04,0.69,3.46,1인,S195
2_1698_14052_10497_7292,niihau_2_1698_14052_10497.jpg,plastic debris,plastic_other,0.409,21.9915389,-160.0544469,0.61,0.60,0.366,0.88,0.58,2.92,1인,S195
2_1698_14052_10497_7293,niihau_2_1698_14052_10497.jpg,PET_Bottle,pet_bottle,0.405,21.9915517,-160.0544279,0.84,0.81,0.674,1.33,1.11,2.22,1인,S195
2_1698_14052_10497_7294,niihau_2_1698_14052_10497.jpg,plastic debris,plastic_other,0.402,21.9915489,-160.0544541,0.57,0.57,0.329,0.79,0.53,2.63,1인,S195
2_1698_14052_10497_7295,niihau_2_1698_14052_10497.jpg,plastic debris,plastic_other,0.402,21.9915526,-160.0544394,0.63,0.62,0.396,0.95,0.63,3.17,1인,S195
2_1698_14052_10497_7296,niihau_2_1698_14052_10497.jpg,plastic debris,plastic_other,0.397,21.9915113,-160.0544596,0.65,0.62,0.403,0.97,0.65,3.23,1인,S195
2_1698_14052_10497_7297,niihau_2_1698_14052_10497.jpg,plastic debris,plastic_other,0.384,21.9915250,-160.0544777,0.68,0.64,0.435,1.04,0.70,3.48,1인,S195
2_1698_14052_10497_7298,niihau_2_1698_14052_10497.jpg,plastic debris,plastic_other,0.379,21.9915267,-160.0544888,0.65,0.60,0.394,0.94,0.63,3.15,1인,S195
2_1698_14052_10497_7299,niihau_2_1698_14052_10497.jpg,plastic debris,plastic_other,0.370,21.9915296,-160.0544628,0.53,0.51,0.273,0.65,0.44,2.18,1인,S195
2_1698_14052_10497_7300,niihau_2_1698_14052_10497.jpg,plastic debris,plastic_other,0.358,21.9915251,-160.0544354,0.77,0.74,0.573,1.37,0.92,4.58,1인,S195
2_1698_14052_10497_7301,niihau_2_1698_14052_10497.jpg,plastic debris,plastic_other,0.334,21.9914997,-160.0544210,0.70,0.63,0.444,1.07,0.71,3.55,1인,S195
2_1698_14052_10497_7302,niihau_2_1698_14052_10497.jpg,plastic debris,plastic_other,0.321,21.9915265,-160.0544826,0.52,0.51,0.267,0.64,0.43,2.14,1인,S195
2_1698_14052_10497_7303,niihau_2_1698_14052_10497.jpg,plastic debris,plastic_other,0.313,21.9915641,-160.0543760,0.36,0.29,0.104,0.25,0.17,0.83,1인,S195
2_1698_14072_10107_7379,niihau_2_1698_14072_10107.jpg,Plastic_Buoy,plastic_buoy,0.747,21.9915478,-160.0544405,0.60,0.55,0.330,5.93,2.97,7.91,1인,S195
2_1698_14072_10107_7380,niihau_2_1698_14072_10107.jpg,plastic debris,plastic_other,0.711,21.9915446,-160.0544255,0.78,0.75,0.582,1.40,0.93,4.65,1인,S195
2_1698_14072_10107_7381,niihau_2_1698_14072_10107.jpg,Styrofoam_Piece,eps_fragment,0.703,21.9916147,-160.0544106,0.52,0.51,0.267,0.16,0.11,0.53,1인,S195
2_1698_14072_10107_7382,niihau_2_1698_14072_10107.jpg,plastic debris,plastic_other,0.634,21.9916185,-160.0544876,0.42,0.41,0.174,0.42,0.28,1.39,1인,S195
2_1698_14072_10107_7383,niihau_2_1698_14072_10107.jpg,plastic debris,plastic_other,0.629,21.9915874,-160.0544848,0.52,0.50,0.260,0.62,0.42,2.08,1인,S195
2_1698_14072_10107_7384,niihau_2_1698_14072_10107.jpg,plastic debris,plastic_other,0.568,21.9915609,-160.0544622,0.60,0.59,0.356,0.85,0.57,2.85,1인,S195
2_1698_14072_10107_7385,niihau_2_1698_14072_10107.jpg,plastic debris,plastic_other,0.553,21.9915810,-160.0544474,0.72,0.68,0.491,1.18,0.79,3.93,1인,S195
2_1698_14072_10107_7386,niihau_2_1698_14072_10107.jpg,plastic debris,plastic_other,0.536,21.9915345,-160.0544472,0.92,0.91,0.833,2.00,1.33,6.67,1인,S195
2_1698_14072_10107_7387,niihau_2_1698_14072_10107.jpg,plastic debris,plastic_other,0.528,21.9915523,-160.0544391,0.65,0.61,0.393,0.94,0.63,3.14,1인,S195
2_1698_14072_10107_7388,niihau_2_1698_14072_10107.jpg,plastic debris,plastic_other,0.525,21.9916050,-160.0543881,0.39,0.37,0.143,0.34,0.23,1.15,1인,S195
2_1698_14072_10107_7389,niihau_2_1698_14072_10107.jpg,Plastic_Buoy,plastic_buoy,0.514,21.9915606,-160.0544762,0.58,0.57,0.329,5.91,2.96,7.88,1인,S195
2_1698_14072_10107_7390,niihau_2_1698_14072_10107.jpg,plastic debris,plastic_other,0.507,21.9916132,-160.0544158,0.64,0.62,0.393,0.94,0.63,3.15,1인,S195
2_1698_14072_10107_7391,niihau_2_1698_14072_10107.jpg,plastic debris,plastic_other,0.491,21.9915655,-160.0544327,0.57,0.54,0.307,0.74,0.49,2.45,1인,S195
2_1698_14072_10107_7392,niihau_2_1698_14072_10107.jpg,Plastic_Buoy,plastic_buoy,0.483,21.9916243,-160.0544338,0.88,0.73,0.639,11.51,5.75,15.35,1인,S195
2_1698_14072_10107_7393,niihau_2_1698_14072_10107.jpg,plastic debris,plastic_other,0.478,21.9916115,-160.0544070,0.73,0.68,0.496,1.19,0.79,3.97,1인,S195
2_1698_14072_10107_7394,niihau_2_1698_14072_10107.jpg,plastic debris,plastic_other,0.465,21.9915887,-160.0544192,0.73,0.68,0.493,1.18,0.79,3.94,1인,S195
2_1698_14072_10107_7395,niihau_2_1698_14072_10107.jpg,plastic debris,plastic_other,0.456,21.9915773,-160.0544204,0.54,0.52,0.280,0.67,0.45,2.24,1인,S195
2_1698_14072_10107_7396,niihau_2_1698_14072_10107.jpg,plastic debris,plastic_other,0.444,21.9915607,-160.0544136,0.68,0.68,0.461,1.11,0.74,3.69,1인,S195
2_1698_14072_10107_7397,niihau_2_1698_14072_10107.jpg,plastic debris,plastic_other,0.413,21.9916128,-160.0544897,1.12,1.09,1.214,2.91,1.94,9.71,1인,S195
2_1698_14072_10107_7398,niihau_2_1698_14072_10107.jpg,plastic debris,plastic_other,0.412,21.9915389,-160.0544471,0.62,0.61,0.379,0.91,0.61,3.03,1인,S195
2_1698_14072_10107_7399,niihau_2_1698_14072_10107.jpg,Plastic_ETC,plastic_other,0.409,21.9915763,-160.0544674,1.01,0.96,0.961,2.31,1.54,7.69,1인,S195
2_1698_14072_10107_7400,niihau_2_1698_14072_10107.jpg,PET_Bottle,pet_bottle,0.404,21.9915515,-160.0544279,0.82,0.82,0.674,1.33,1.11,2.22,1인,S195
2_1698_14072_10107_7401,niihau_2_1698_14072_10107.jpg,plastic debris,plastic_other,0.401,21.9915900,-160.0543813,0.46,0.45,0.208,0.50,0.33,1.66,1인,S195
2_1698_14072_10107_7402,niihau_2_1698_14072_10107.jpg,Plastic_Buoy,plastic_buoy,0.400,21.9915808,-160.0544629,0.66,0.63,0.415,7.46,3.73,9.95,1인,S195
2_1698_14072_10107_7403,niihau_2_1698_14072_10107.jpg,plastic debris,plastic_other,0.368,21.9916015,-160.0544319,0.61,0.59,0.358,0.86,0.57,2.86,1인,S195
2_1698_14072_10107_7404,niihau_2_1698_14072_10107.jpg,plastic debris,plastic_other,0.367,21.9915828,-160.0544730,0.85,0.82,0.700,1.68,1.12,5.60,1인,S195
2_1698_14072_10107_7405,niihau_2_1698_14072_10107.jpg,Styrofoam_Piece,eps_fragment,0.349,21.9915489,-160.0544541,0.59,0.56,0.330,0.20,0.13,0.66,1인,S195
2_1698_14072_10107_7406,niihau_2_1698_14072_10107.jpg,plastic debris,plastic_other,0.327,21.9916184,-160.0544647,0.58,0.54,0.318,0.76,0.51,2.54,1인,S195
2_1698_14072_10107_7407,niihau_2_1698_14072_10107.jpg,plastic debris,plastic_other,0.326,21.9915297,-160.0544523,0.56,0.39,0.219,0.53,0.35,1.75,1인,S195
2_1698_14072_10107_7408,niihau_2_1698_14072_10107.jpg,plastic debris,plastic_other,0.323,21.9915303,-160.0544201,0.50,0.47,0.236,0.57,0.38,1.89,1인,S195
2_1698_14072_10107_7409,niihau_2_1698_14072_10107.jpg,plastic debris,plastic_other,0.318,21.9915734,-160.0544386,0.47,0.47,0.223,0.54,0.36,1.79,1인,S195
2_1698_14072_10107_7410,niihau_2_1698_14072_10107.jpg,plastic debris,plastic_other,0.318,21.9916169,-160.0543848,1.79,1.67,2.980,7.15,4.77,23.84,2인,S195
2_1698_14072_10107_7411,niihau_2_1698_14072_10107.jpg,plastic debris,plastic_other,0.312,21.9915931,-160.0543985,0.55,0.52,0.288,0.69,0.46,2.30,1인,S195
2_1698_14072_10107_7412,niihau_2_1698_14072_10107.jpg,plastic debris,plastic_other,0.310,21.9916090,-160.0544696,0.47,0.47,0.221,0.53,0.35,1.77,1인,S195
2_1698_14072_10107_7413,niihau_2_1698_14072_10107.jpg,Styrofoam_Piece,eps_fragment,0.302,21.9916026,-160.0544356,0.63,0.59,0.371,0.22,0.15,0.74,1인,S195
2_1698_14084_6083_7476,niihau_2_1698_14084_6083.jpg,plastic debris,plastic_other,0.780,21.9922851,-160.0544258,0.59,0.58,0.341,0.82,0.55,2.73,1인,S197
2_1698_14084_6083_7477,niihau_2_1698_14084_6083.jpg,Plastic_ETC,plastic_other,0.773,21.9922716,-160.0544004,1.00,0.90,0.900,2.16,1.44,7.20,1인,S197
2_1698_14084_6083_7478,niihau_2_1698_14084_6083.jpg,Styrofoam_Piece,eps_fragment,0.712,21.9923225,-160.0544297,0.70,0.67,0.466,0.28,0.19,0.93,1인,S197
2_1698_14084_6083_7479,niihau_2_1698_14084_6083.jpg,plastic debris,plastic_other,0.679,21.9923116,-160.0544287,0.52,0.50,0.264,0.63,0.42,2.11,1인,S197
2_1698_14084_6083_7480,niihau_2_1698_14084_6083.jpg,Plastic_ETC,plastic_other,0.633,21.9922976,-160.0544000,1.09,1.02,1.122,2.69,1.79,8.97,1인,S197
2_1698_14084_6083_7481,niihau_2_1698_14084_6083.jpg,plastic debris,plastic_other,0.608,21.9923293,-160.0544043,0.45,0.43,0.191,0.46,0.31,1.53,1인,S197
2_1698_14084_6083_7482,niihau_2_1698_14084_6083.jpg,plastic debris,plastic_other,0.537,21.9922990,-160.0543792,0.51,0.50,0.255,0.61,0.41,2.04,1인,S197
2_1698_14084_6083_7483,niihau_2_1698_14084_6083.jpg,plastic debris,plastic_other,0.537,21.9922646,-160.0544088,0.68,0.63,0.428,1.03,0.68,3.42,1인,S197
2_1698_14084_6083_7484,niihau_2_1698_14084_6083.jpg,plastic debris,plastic_other,0.532,21.9923132,-160.0544214,0.47,0.46,0.217,0.52,0.35,1.73,1인,S197
2_1698_14084_6083_7485,niihau_2_1698_14084_6083.jpg,PET_Bottle,pet_bottle,0.512,21.9923156,-160.0544043,0.49,0.41,0.203,0.40,0.33,0.67,1인,S197
2_1698_14084_6083_7486,niihau_2_1698_14084_6083.jpg,Plastic_ETC,plastic_other,0.510,21.9923037,-160.0544315,1.07,1.01,1.083,2.60,1.73,8.66,1인,S197
2_1698_14084_6083_7487,niihau_2_1698_14084_6083.jpg,plastic debris,plastic_other,0.494,21.9922570,-160.0544140,0.48,0.38,0.182,0.44,0.29,1.46,1인,S197
2_1698_14084_6083_7488,niihau_2_1698_14084_6083.jpg,plastic debris,plastic_other,0.431,21.9923406,-160.0544962,0.47,0.40,0.187,0.45,0.30,1.50,1인,S198
2_1698_14084_6083_7489,niihau_2_1698_14084_6083.jpg,plastic debris,plastic_other,0.429,21.9922571,-160.0544038,0.76,0.39,0.298,0.72,0.48,2.39,1인,S197
2_1698_14084_6083_7490,niihau_2_1698_14084_6083.jpg,plastic debris,plastic_other,0.422,21.9923652,-160.0544053,0.52,0.52,0.271,0.65,0.43,2.17,1인,S197
2_1698_14084_6083_7491,niihau_2_1698_14084_6083.jpg,plastic debris,plastic_other,0.397,21.9923610,-160.0544480,0.42,0.41,0.170,0.41,0.27,1.36,1인,S198
2_1698_14084_6083_7492,niihau_2_1698_14084_6083.jpg,plastic debris,plastic_other,0.385,21.9923248,-160.0544238,0.88,0.86,0.757,1.82,1.21,6.05,1인,S197
2_1698_14084_6083_7493,niihau_2_1698_14084_6083.jpg,plastic debris,plastic_other,0.348,21.9923174,-160.0544516,0.59,0.56,0.335,0.80,0.54,2.68,1인,S197
2_1698_14084_6083_7494,niihau_2_1698_14084_6083.jpg,PET_Bottle,pet_bottle,0.345,21.9923108,-160.0544561,0.67,0.64,0.425,0.84,0.70,1.40,1인,S197
2_1698_14084_6083_7495,niihau_2_1698_14084_6083.jpg,plastic debris,plastic_other,0.340,21.9923127,-160.0543985,0.40,0.39,0.152,0.37,0.24,1.22,1인,S197
2_1698_14084_6083_7496,niihau_2_1698_14084_6083.jpg,plastic debris,plastic_other,0.322,21.9922756,-160.0543783,0.42,0.41,0.175,0.42,0.28,1.40,1인,S197
2_1698_14084_6083_7497,niihau_2_1698_14084_6083.jpg,plastic debris,plastic_other,0.318,21.9923460,-160.0544305,0.95,0.63,0.598,1.44,0.96,4.78,1인,S197
2_1698_14084_6083_7498,niihau_2_1698_14084_6083.jpg,plastic debris,plastic_other,0.310,21.9922582,-160.0543769,0.59,0.57,0.337,0.81,0.54,2.70,1인,S197
2_1698_14169_14948_7534,niihau_2_1698_14169_14948.jpg,Styrofoam_Piece,eps_fragment,0.510,21.9907530,-160.0544340,0.90,0.78,0.697,0.42,0.28,1.39,1인,S196
2_1698_14169_14948_7535,niihau_2_1698_14169_14948.jpg,plastic debris,plastic_other,0.434,21.9907250,-160.0543769,1.42,1.26,1.787,4.29,2.86,14.30,1인,S196
2_1698_14207_6702_7549,niihau_2_1698_14207_6702.jpg,Styrofoam_Piece,eps_fragment,0.819,21.9922053,-160.0543640,0.64,0.62,0.391,0.23,0.16,0.78,1인,S197
2_1698_14207_6702_7550,niihau_2_1698_14207_6702.jpg,Styrofoam_Piece,eps_fragment,0.812,21.9922182,-160.0543937,0.62,0.62,0.383,0.23,0.15,0.77,1인,S197
2_1698_14207_6702_7551,niihau_2_1698_14207_6702.jpg,Plastic_ETC,plastic_other,0.775,21.9921675,-160.0543629,0.84,0.83,0.702,1.69,1.12,5.62,1인,S199
2_1698_14207_6702_7552,niihau_2_1698_14207_6702.jpg,Plastic_Buoy,plastic_buoy,0.755,21.9921988,-160.0543597,0.60,0.58,0.346,6.23,3.12,8.31,1인,S197
2_1698_14207_6702_7553,niihau_2_1698_14207_6702.jpg,Styrofoam_Piece,eps_fragment,0.747,21.9922357,-160.0543856,0.68,0.65,0.441,0.26,0.18,0.88,1인,S197
2_1698_14207_6702_7554,niihau_2_1698_14207_6702.jpg,Net,net,0.719,21.9921864,-160.0543648,0.63,0.63,0.398,7.16,2.98,17.89,1인,S199
2_1698_14207_6702_7555,niihau_2_1698_14207_6702.jpg,Plastic_ETC,plastic_other,0.650,21.9922432,-160.0544054,1.18,1.11,1.311,3.15,2.10,10.49,1인,S197
2_1698_14207_6702_7556,niihau_2_1698_14207_6702.jpg,Plastic_ETC,plastic_other,0.629,21.9922402,-160.0543909,0.79,0.74,0.586,1.41,0.94,4.69,1인,S197
2_1698_14207_6702_7557,niihau_2_1698_14207_6702.jpg,plastic debris,plastic_other,0.589,21.9921783,-160.0543843,0.51,0.50,0.255,0.61,0.41,2.04,1인,S197
2_1698_14207_6702_7558,niihau_2_1698_14207_6702.jpg,plastic debris,plastic_other,0.546,21.9922001,-160.0543983,0.52,0.52,0.271,0.65,0.43,2.17,1인,S197
2_1698_14207_6702_7559,niihau_2_1698_14207_6702.jpg,Plastic_ETC,plastic_other,0.531,21.9922549,-160.0544037,0.89,0.78,0.698,1.68,1.12,5.59,1인,S197
2_1698_14207_6702_7560,niihau_2_1698_14207_6702.jpg,plastic debris,plastic_other,0.529,21.9922442,-160.0543671,0.58,0.52,0.305,0.73,0.49,2.44,1인,S197
2_1698_14207_6702_7561,niihau_2_1698_14207_6702.jpg,plastic debris,plastic_other,0.521,21.9921879,-160.0543928,0.46,0.46,0.215,0.52,0.34,1.72,1인,S197
2_1698_14207_6702_7562,niihau_2_1698_14207_6702.jpg,plastic debris,plastic_other,0.508,21.9922342,-160.0543890,0.45,0.45,0.203,0.49,0.32,1.62,1인,S197
2_1698_14207_6702_7563,niihau_2_1698_14207_6702.jpg,plastic debris,plastic_other,0.414,21.9921952,-160.0543661,0.74,0.71,0.527,1.26,0.84,4.21,1인,S197
2_1698_14207_6702_7564,niihau_2_1698_14207_6702.jpg,plastic debris,plastic_other,0.412,21.9921573,-160.0544528,0.64,0.63,0.404,0.97,0.65,3.23,1인,S197
2_1698_14207_6702_7565,niihau_2_1698_14207_6702.jpg,plastic debris,plastic_other,0.373,21.9922575,-160.0543772,0.63,0.39,0.241,0.58,0.39,1.93,1인,S197
2_1698_14207_6702_7566,niihau_2_1698_14207_6702.jpg,Net,net,0.350,21.9922402,-160.0543872,0.53,0.47,0.250,4.50,1.87,11.24,1인,S197
2_1698_14207_6702_7567,niihau_2_1698_14207_6702.jpg,Net,net,0.342,21.9922410,-160.0543854,0.48,0.44,0.213,3.84,1.60,9.60,1인,S197
2_1698_14207_6702_7568,niihau_2_1698_14207_6702.jpg,plastic debris,plastic_other,0.332,21.9921730,-160.0543685,0.44,0.43,0.190,0.46,0.30,1.52,1인,S199
2_1698_14386_10480_7597,niihau_2_1698_14386_10480.jpg,plastic debris,plastic_other,0.664,21.9915447,-160.0544256,0.73,0.71,0.522,1.25,0.84,4.18,1인,S195
2_1698_14386_10480_7598,niihau_2_1698_14386_10480.jpg,Plastic_Buoy_China,plastic_buoy,0.602,21.9914755,-160.0543930,0.81,0.77,0.622,11.19,5.60,14.93,1인,S195
2_1698_14386_10480_7599,niihau_2_1698_14386_10480.jpg,plastic debris,plastic_other,0.602,21.9915465,-160.0543495,0.62,0.61,0.376,0.90,0.60,3.01,1인,S195
2_1698_14386_10480_7600,niihau_2_1698_14386_10480.jpg,Styrofoam_Piece,eps_fragment,0.529,21.9915057,-160.0544294,0.54,0.50,0.268,0.16,0.11,0.54,1인,S195
2_1698_14386_10480_7601,niihau_2_1698_14386_10480.jpg,PET_Bottle,pet_bottle,0.525,21.9915517,-160.0544278,0.84,0.79,0.663,1.31,1.09,2.19,1인,S195
2_1698_14386_10480_7602,niihau_2_1698_14386_10480.jpg,plastic debris,plastic_other,0.522,21.9915606,-160.0544137,0.63,0.62,0.388,0.93,0.62,3.10,1인,S195
2_1698_14386_10480_7603,niihau_2_1698_14386_10480.jpg,plastic debris,plastic_other,0.435,21.9915657,-160.0544320,0.59,0.39,0.230,0.55,0.37,1.84,1인,S195
2_1698_14386_10480_7604,niihau_2_1698_14386_10480.jpg,Plastic_ETC,plastic_other,0.383,21.9915154,-160.0544286,1.77,1.01,1.783,4.28,2.85,14.26,1인,S195
2_1698_14386_10480_7605,niihau_2_1698_14386_10480.jpg,plastic debris,plastic_other,0.346,21.9915707,-160.0543914,0.42,0.41,0.172,0.41,0.27,1.37,1인,S195
2_1698_14386_10480_7606,niihau_2_1698_14386_10480.jpg,plastic debris,plastic_other,0.333,21.9915607,-160.0543904,0.61,0.59,0.357,0.86,0.57,2.86,1인,S195
2_1698_14386_10480_7607,niihau_2_1698_14386_10480.jpg,plastic debris,plastic_other,0.317,21.9914761,-160.0544047,1.03,0.91,0.946,2.27,1.51,7.56,1인,S195
2_1698_14386_10480_7608,niihau_2_1698_14386_10480.jpg,plastic debris,plastic_other,0.311,21.9915301,-160.0544202,0.48,0.44,0.211,0.51,0.34,1.69,1인,S195
2_1698_14386_9934_7643,niihau_2_1698_14386_9934.jpg,Net,net,0.663,21.9916179,-160.0543667,0.60,0.58,0.348,6.27,2.61,15.67,1인,S195
2_1698_14386_9934_7644,niihau_2_1698_14386_9934.jpg,Styrofoam_Piece,eps_fragment,0.583,21.9916146,-160.0544107,0.53,0.51,0.268,0.16,0.11,0.54,1인,S195
2_1698_14386_9934_7645,niihau_2_1698_14386_9934.jpg,Styrofoam_Piece,eps_fragment,0.539,21.9915883,-160.0544191,0.65,0.61,0.395,0.24,0.16,0.79,1인,S195
2_1698_14386_9934_7646,niihau_2_1698_14386_9934.jpg,plastic debris,plastic_other,0.523,21.9916216,-160.0543654,0.57,0.53,0.307,0.74,0.49,2.45,1인,S195
2_1698_14386_9934_7647,niihau_2_1698_14386_9934.jpg,plastic debris,plastic_other,0.454,21.9916293,-160.0543486,0.83,0.60,0.495,1.19,0.79,3.96,1인,S195
2_1698_14386_9934_7648,niihau_2_1698_14386_9934.jpg,Plastic_Buoy_China,plastic_buoy,0.445,21.9916115,-160.0544069,0.76,0.71,0.538,9.68,4.84,12.90,1인,S195
2_1698_14386_9934_7649,niihau_2_1698_14386_9934.jpg,plastic debris,plastic_other,0.402,21.9915616,-160.0543904,0.60,0.43,0.260,0.62,0.42,2.08,1인,S195
2_1698_14386_9934_7650,niihau_2_1698_14386_9934.jpg,plastic debris,plastic_other,0.389,21.9915800,-160.0543617,1.12,1.04,1.166,2.80,1.87,9.33,1인,S195
2_1698_14386_9934_7651,niihau_2_1698_14386_9934.jpg,plastic debris,plastic_other,0.384,21.9916647,-160.0544007,0.62,0.60,0.372,0.89,0.59,2.97,1인,S200
2_1698_14386_9934_7652,niihau_2_1698_14386_9934.jpg,plastic debris,plastic_other,0.377,21.9916132,-160.0543668,0.52,0.52,0.269,0.64,0.43,2.15,1인,S195
2_1698_14386_9934_7653,niihau_2_1698_14386_9934.jpg,plastic debris,plastic_other,0.371,21.9915899,-160.0543815,0.45,0.45,0.205,0.49,0.33,1.64,1인,S195
2_1698_14386_9934_7654,niihau_2_1698_14386_9934.jpg,plastic debris,plastic_other,0.359,21.9916135,-160.0544151,0.88,0.75,0.663,1.59,1.06,5.30,1인,S195
2_1698_14386_9934_7655,niihau_2_1698_14386_9934.jpg,plastic debris,plastic_other,0.355,21.9915708,-160.0543913,0.42,0.40,0.169,0.41,0.27,1.36,1인,S195
2_1698_14386_9934_7656,niihau_2_1698_14386_9934.jpg,plastic debris,plastic_other,0.348,21.9915615,-160.0544137,0.63,0.44,0.276,0.66,0.44,2.21,1인,S195
2_1698_14386_9934_7657,niihau_2_1698_14386_9934.jpg,plastic debris,plastic_other,0.340,21.9916097,-160.0543563,0.57,0.55,0.309,0.74,0.50,2.48,1인,S195
2_1698_14386_9934_7658,niihau_2_1698_14386_9934.jpg,plastic debris,plastic_other,0.320,21.9915655,-160.0544318,0.67,0.43,0.290,0.70,0.46,2.32,1인,S195
2_1698_14386_9934_7659,niihau_2_1698_14386_9934.jpg,plastic debris,plastic_other,0.311,21.9916289,-160.0543629,0.55,0.54,0.296,0.71,0.47,2.37,1인,S195
2_1698_14386_9934_7660,niihau_2_1698_14386_9934.jpg,plastic debris,plastic_other,0.308,21.9916317,-160.0543608,0.53,0.51,0.270,0.65,0.43,2.16,1인,S195
2_1698_14416_6333_7705,niihau_2_1698_14416_6333.jpg,Styrofoam_Piece,eps_fragment,0.792,21.9922182,-160.0543937,0.63,0.61,0.381,0.23,0.15,0.76,1인,S197
2_1698_14416_6333_7706,niihau_2_1698_14416_6333.jpg,Styrofoam_Piece,eps_fragment,0.772,21.9923225,-160.0544300,0.70,0.68,0.472,0.28,0.19,0.94,1인,S197
2_1698_14416_6333_7707,niihau_2_1698_14416_6333.jpg,Plastic_ETC,plastic_other,0.763,21.9922717,-160.0544003,0.98,0.86,0.844,2.03,1.35,6.75,1인,S197
2_1698_14416_6333_7708,niihau_2_1698_14416_6333.jpg,Styrofoam_Piece,eps_fragment,0.739,21.9922850,-160.0544259,0.54,0.52,0.281,0.17,0.11,0.56,1인,S197
2_1698_14416_6333_7709,niihau_2_1698_14416_6333.jpg,Styrofoam_Piece,eps_fragment,0.731,21.9922359,-160.0543856,0.66,0.62,0.410,0.25,0.16,0.82,1인,S197
2_1698_14416_6333_7710,niihau_2_1698_14416_6333.jpg,Plastic_ETC,plastic_other,0.676,21.9922976,-160.0544000,1.00,0.95,0.942,2.26,1.51,7.54,1인,S197
2_1698_14416_6333_7711,niihau_2_1698_14416_6333.jpg,Plastic_ETC,plastic_other,0.645,21.9922404,-160.0543908,0.76,0.68,0.522,1.25,0.84,4.18,1인,S197
2_1698_14416_6333_7712,niihau_2_1698_14416_6333.jpg,Plastic_ETC,plastic_other,0.602,21.9922430,-160.0544054,1.05,0.91,0.949,2.28,1.52,7.59,1인,S197
2_1698_14416_6333_7713,niihau_2_1698_14416_6333.jpg,PET_Bottle,pet_bottle,0.592,21.9923156,-160.0544043,0.48,0.39,0.189,0.37,0.31,0.62,1인,S197
2_1698_14416_6333_7714,niihau_2_1698_14416_6333.jpg,plastic debris,plastic_other,0.557,21.9922443,-160.0543671,0.58,0.56,0.327,0.78,0.52,2.62,1인,S197
2_1698_14416_6333_7715,niihau_2_1698_14416_6333.jpg,plastic debris,plastic_other,0.548,21.9923235,-160.0543695,0.52,0.51,0.262,0.63,0.42,2.09,1인,S197
2_1698_14416_6333_7716,niihau_2_1698_14416_6333.jpg,plastic debris,plastic_other,0.534,21.9923116,-160.0544290,0.44,0.44,0.192,0.46,0.31,1.54,1인,S197
2_1698_14416_6333_7717,niihau_2_1698_14416_6333.jpg,plastic debris,plastic_other,0.520,21.9923127,-160.0543984,0.38,0.37,0.141,0.34,0.23,1.13,1인,S197
2_1698_14416_6333_7718,niihau_2_1698_14416_6333.jpg,Plastic_ETC,plastic_other,0.512,21.9922551,-160.0544036,0.83,0.72,0.593,1.42,0.95,4.75,1인,S197
2_1698_14416_6333_7719,niihau_2_1698_14416_6333.jpg,plastic debris,plastic_other,0.500,21.9922646,-160.0544089,0.59,0.57,0.337,0.81,0.54,2.69,1인,S197
2_1698_14416_6333_7720,niihau_2_1698_14416_6333.jpg,plastic debris,plastic_other,0.489,21.9922223,-160.0543605,0.57,0.55,0.314,0.75,0.50,2.51,1인,S197
2_1698_14416_6333_7721,niihau_2_1698_14416_6333.jpg,plastic debris,plastic_other,0.461,21.9922992,-160.0543793,0.50,0.46,0.232,0.56,0.37,1.86,1인,S197
2_1698_14416_6333_7722,niihau_2_1698_14416_6333.jpg,plastic debris,plastic_other,0.431,21.9922343,-160.0543889,0.41,0.41,0.166,0.40,0.27,1.33,1인,S197
2_1698_14416_6333_7723,niihau_2_1698_14416_6333.jpg,plastic debris,plastic_other,0.428,21.9923184,-160.0543824,0.48,0.44,0.209,0.50,0.34,1.68,1인,S197
2_1698_14416_6333_7724,niihau_2_1698_14416_6333.jpg,plastic debris,plastic_other,0.406,21.9922563,-160.0544139,0.48,0.47,0.229,0.55,0.37,1.83,1인,S197
2_1698_14416_6333_7725,niihau_2_1698_14416_6333.jpg,plastic debris,plastic_other,0.389,21.9923216,-160.0544041,0.46,0.46,0.211,0.51,0.34,1.69,1인,S197
2_1698_14416_6333_7726,niihau_2_1698_14416_6333.jpg,plastic debris,plastic_other,0.375,21.9923132,-160.0544215,0.39,0.38,0.145,0.35,0.23,1.16,1인,S197
2_1698_14416_6333_7727,niihau_2_1698_14416_6333.jpg,plastic debris,plastic_other,0.345,21.9922755,-160.0543783,0.36,0.34,0.125,0.30,0.20,1.00,1인,S197
2_1698_14416_6333_7728,niihau_2_1698_14416_6333.jpg,Net,net,0.329,21.9922410,-160.0543855,0.43,0.42,0.180,3.24,1.35,8.11,1인,S197
2_1698_14416_6333_7729,niihau_2_1698_14416_6333.jpg,plastic debris,plastic_other,0.318,21.9922192,-160.0543627,0.78,0.65,0.506,1.22,0.81,4.05,1인,S197
2_1698_14416_6333_7730,niihau_2_1698_14416_6333.jpg,plastic debris,plastic_other,0.316,21.9922680,-160.0543718,1.68,1.16,1.956,4.69,3.13,15.64,1인,S197
2_1698_14416_6333_7731,niihau_2_1698_14416_6333.jpg,plastic debris,plastic_other,0.315,21.9923043,-160.0544303,1.03,0.67,0.693,1.66,1.11,5.54,1인,S197
2_1698_14416_6333_7732,niihau_2_1698_14416_6333.jpg,plastic debris,plastic_other,0.309,21.9922581,-160.0543772,0.55,0.48,0.266,0.64,0.43,2.13,1인,S197
2_1698_14416_6333_7733,niihau_2_1698_14416_6333.jpg,plastic debris,plastic_other,0.306,21.9923137,-160.0544134,0.39,0.36,0.138,0.33,0.22,1.11,1인,S197
2_1698_14416_6333_7734,niihau_2_1698_14416_6333.jpg,Net,net,0.304,21.9922401,-160.0543873,0.46,0.33,0.152,2.74,1.14,6.85,1인,S197
2_1698_14492_14397_7762,niihau_2_1698_14492_14397.jpg,plastic debris,plastic_other,0.634,21.9907949,-160.0543690,0.74,0.69,0.515,1.24,0.82,4.12,1인,S196
2_1698_14492_14397_7763,niihau_2_1698_14492_14397.jpg,plastic debris,plastic_other,0.506,21.9908286,-160.0543826,0.60,0.59,0.358,0.86,0.57,2.86,1인,S196
2_1698_14492_14397_7764,niihau_2_1698_14492_14397.jpg,plastic debris,plastic_other,0.383,21.9908224,-160.0543680,0.67,0.67,0.445,1.07,0.71,3.56,1인,S196
2_1698_14492_14397_7765,niihau_2_1698_14492_14397.jpg,plastic debris,plastic_other,0.361,21.9908054,-160.0543817,1.24,1.05,1.309,3.14,2.09,10.47,1인,S196
2_1698_14508_17251_7784,niihau_2_1698_14508_17251.jpg,Styrofoam_Piece,eps_fragment,0.639,21.9903409,-160.0543687,0.69,0.68,0.469,0.28,0.19,0.94,1인,S201
2_1698_14508_17251_7785,niihau_2_1698_14508_17251.jpg,plastic debris,plastic_other,0.494,21.9903318,-160.0543530,0.74,0.73,0.541,1.30,0.86,4.32,1인,S201
2_1698_14508_17251_7786,niihau_2_1698_14508_17251.jpg,Plastic_ETC,plastic_other,0.475,21.9903489,-160.0543701,0.81,0.78,0.631,1.51,1.01,5.05,1인,S201
2_1698_14508_17251_7787,niihau_2_1698_14508_17251.jpg,plastic debris,plastic_other,0.353,21.9903281,-160.0543425,0.49,0.47,0.231,0.55,0.37,1.85,1인,S201
2_1698_14512_6981_7793,niihau_2_1698_14512_6981.jpg,Styrofoam_Piece,eps_fragment,0.785,21.9922053,-160.0543639,0.62,0.60,0.370,0.22,0.15,0.74,1인,S197
2_1698_14512_6981_7794,niihau_2_1698_14512_6981.jpg,Plastic_ETC,plastic_other,0.746,21.9921674,-160.0543630,0.79,0.77,0.608,1.46,0.97,4.87,1인,S199
2_1698_14512_6981_7795,niihau_2_1698_14512_6981.jpg,Net,net,0.743,21.9921865,-160.0543649,0.56,0.55,0.308,5.55,2.31,13.87,1인,S199
2_1698_14512_6981_7796,niihau_2_1698_14512_6981.jpg,plastic debris,plastic_other,0.720,21.9921988,-160.0543597,0.56,0.56,0.315,0.76,0.50,2.52,1인,S197
2_1698_14512_6981_7797,niihau_2_1698_14512_6981.jpg,plastic debris,plastic_other,0.640,21.9921782,-160.0543845,0.43,0.41,0.177,0.42,0.28,1.41,1인,S197
2_1698_14512_6981_7798,niihau_2_1698_14512_6981.jpg,plastic debris,plastic_other,0.530,21.9922001,-160.0543982,0.50,0.50,0.248,0.60,0.40,1.99,1인,S197
2_1698_14512_6981_7799,niihau_2_1698_14512_6981.jpg,Plastic_ETC,plastic_other,0.517,21.9921168,-160.0543606,1.59,1.15,1.828,4.39,2.93,14.63,1인,S199
2_1698_14512_6981_7800,niihau_2_1698_14512_6981.jpg,plastic debris,plastic_other,0.499,21.9921879,-160.0543929,0.51,0.49,0.252,0.60,0.40,2.01,1인,S197
2_1698_14512_6981_7801,niihau_2_1698_14512_6981.jpg,Plastic_ETC,plastic_other,0.434,21.9920992,-160.0543612,0.76,0.75,0.566,1.36,0.91,4.53,1인,S199
2_1698_14512_6981_7802,niihau_2_1698_14512_6981.jpg,plastic debris,plastic_other,0.434,21.9921951,-160.0543661,0.71,0.65,0.466,1.12,0.75,3.73,1인,S197
2_1698_14512_6981_7803,niihau_2_1698_14512_6981.jpg,plastic debris,plastic_other,0.321,21.9921961,-160.0543741,0.47,0.43,0.200,0.48,0.32,1.60,1인,S197
2_1699_-256_6981_7820,niihau_2_1699_-256_6981.jpg,plastic debris,plastic_other,0.460,21.9921987,-160.0543591,0.51,0.42,0.212,0.51,0.34,1.69,1인,S197
2_1699_-256_6981_7821,niihau_2_1699_-256_6981.jpg,plastic debris,plastic_other,0.409,21.9921887,-160.0543482,0.52,0.50,0.257,0.62,0.41,2.06,1인,S199
2_1699_-256_6981_7822,niihau_2_1699_-256_6981.jpg,PET_Bottle,pet_bottle,0.329,21.9921167,-160.0543563,0.80,0.68,0.539,1.07,0.89,1.78,1인,S199
2_1699_-277_10032_7844,niihau_2_1699_-277_10032.jpg,Plastic_ETC,plastic_other,0.672,21.9916451,-160.0543028,2.11,2.01,4.244,10.19,6.79,33.95,2인,S200
2_1699_-277_10032_7845,niihau_2_1699_-277_10032.jpg,plastic debris,plastic_other,0.576,21.9915464,-160.0543493,0.72,0.71,0.509,1.22,0.81,4.07,1인,S195
2_1699_-295_14397_7855,niihau_2_1699_-295_14397.jpg,plastic debris,plastic_other,0.638,21.9907955,-160.0543396,0.54,0.50,0.274,0.66,0.44,2.19,1인,S196
2_1699_-295_14397_7856,niihau_2_1699_-295_14397.jpg,plastic debris,plastic_other,0.479,21.9907608,-160.0542998,0.63,0.63,0.399,0.96,0.64,3.19,1인,S202
2_1699_-295_14397_7857,niihau_2_1699_-295_14397.jpg,plastic debris,plastic_other,0.395,21.9908344,-160.0542941,0.54,0.51,0.277,0.66,0.44,2.22,1인,S202
2_1699_-93_16940_7868,niihau_2_1699_-93_16940.jpg,plastic debris,plastic_other,0.720,21.9903832,-160.0543333,0.77,0.65,0.501,1.20,0.80,4.01,1인,S201
2_1699_-93_16940_7869,niihau_2_1699_-93_16940.jpg,plastic debris,plastic_other,0.670,21.9903215,-160.0542993,0.46,0.42,0.195,0.47,0.31,1.56,1인,S201
2_1699_-93_16940_7870,niihau_2_1699_-93_16940.jpg,plastic debris,plastic_other,0.667,21.9903361,-160.0542434,0.63,0.59,0.376,0.90,0.60,3.00,1인,S201
2_1699_-93_16940_7871,niihau_2_1699_-93_16940.jpg,plastic debris,plastic_other,0.648,21.9903420,-160.0542768,0.87,0.83,0.726,1.74,1.16,5.81,1인,S201
2_1699_-93_16940_7872,niihau_2_1699_-93_16940.jpg,plastic debris,plastic_other,0.588,21.9903540,-160.0543186,0.83,0.79,0.652,1.57,1.04,5.22,1인,S201
2_1699_-93_16940_7873,niihau_2_1699_-93_16940.jpg,plastic debris,plastic_other,0.582,21.9903016,-160.0543079,0.76,0.66,0.507,1.22,0.81,4.05,1인,S201
2_1699_-93_16940_7874,niihau_2_1699_-93_16940.jpg,Styrofoam_Piece,eps_fragment,0.578,21.9903619,-160.0543261,1.66,1.24,2.066,1.24,0.83,4.13,1인,S201
2_1699_-93_16940_7875,niihau_2_1699_-93_16940.jpg,plastic debris,plastic_other,0.572,21.9903324,-160.0543322,0.60,0.58,0.345,0.83,0.55,2.76,1인,S201
2_1699_-93_16940_7876,niihau_2_1699_-93_16940.jpg,plastic debris,plastic_other,0.545,21.9902961,-160.0543377,0.61,0.43,0.261,0.63,0.42,2.09,1인,S201
2_1699_-93_16940_7877,niihau_2_1699_-93_16940.jpg,plastic debris,plastic_other,0.530,21.9903702,-160.0543162,0.69,0.68,0.468,1.12,0.75,3.74,1인,S201
2_1699_-93_16940_7878,niihau_2_1699_-93_16940.jpg,plastic debris,plastic_other,0.514,21.9903266,-160.0542803,2.01,1.61,3.242,7.78,5.19,25.93,2인,S201
2_1699_-93_16940_7879,niihau_2_1699_-93_16940.jpg,plastic debris,plastic_other,0.511,21.9903555,-160.0543367,0.66,0.63,0.415,1.00,0.66,3.32,1인,S201
2_1699_-93_16940_7880,niihau_2_1699_-93_16940.jpg,PET_Bottle,pet_bottle,0.503,21.9903110,-160.0542759,0.69,0.55,0.383,0.76,0.63,1.26,1인,S201
2_1699_-93_16940_7881,niihau_2_1699_-93_16940.jpg,plastic debris,plastic_other,0.460,21.9903979,-160.0543377,1.36,1.13,1.536,3.69,2.46,12.29,1인,S201
2_1699_-93_16940_7882,niihau_2_1699_-93_16940.jpg,plastic debris,plastic_other,0.432,21.9903629,-160.0542714,1.62,1.48,2.407,5.78,3.85,19.26,1인,S201
2_1699_-93_16940_7883,niihau_2_1699_-93_16940.jpg,plastic debris,plastic_other,0.402,21.9903066,-160.0542783,1.22,0.83,1.012,2.43,1.62,8.10,1인,S201
2_1699_-93_16940_7884,niihau_2_1699_-93_16940.jpg,plastic debris,plastic_other,0.388,21.9903280,-160.0543425,0.49,0.48,0.235,0.56,0.38,1.88,1인,S201
2_1699_-93_16940_7885,niihau_2_1699_-93_16940.jpg,plastic debris,plastic_other,0.387,21.9903910,-160.0543405,0.90,0.87,0.782,1.88,1.25,6.26,1인,S201
2_1699_-93_16940_7886,niihau_2_1699_-93_16940.jpg,Plastic_ETC,plastic_other,0.356,21.9903922,-160.0543043,4.21,3.90,16.436,39.45,26.30,131.49,장비,S201
2_1699_-93_16940_7887,niihau_2_1699_-93_16940.jpg,plastic debris,plastic_other,0.343,21.9904061,-160.0543410,0.71,0.63,0.446,1.07,0.71,3.56,1인,S201
2_1699_-93_16940_7888,niihau_2_1699_-93_16940.jpg,plastic debris,plastic_other,0.338,21.9903602,-160.0542861,0.68,0.62,0.424,1.02,0.68,3.39,1인,S201
2_1699_-93_16940_7889,niihau_2_1699_-93_16940.jpg,plastic debris,plastic_other,0.311,21.9903429,-160.0542820,0.48,0.47,0.225,0.54,0.36,1.80,1인,S201
2_1699_-93_16940_7890,niihau_2_1699_-93_16940.jpg,plastic debris,plastic_other,0.310,21.9903201,-160.0543069,0.89,0.85,0.758,1.82,1.21,6.06,1인,S201
2_1699_-93_16940_7891,niihau_2_1699_-93_16940.jpg,plastic debris,plastic_other,0.310,21.9903173,-160.0542818,0.86,0.76,0.655,1.57,1.05,5.24,1인,S201
2_1699_12104_31888_7909,niihau_2_1699_12104_31888.jpg,plastic debris,plastic_other,0.807,21.9876757,-160.0519255,0.62,0.61,0.375,0.90,0.60,3.00,1인,S203
2_1699_12104_31888_7910,niihau_2_1699_12104_31888.jpg,Plastic_ETC,plastic_other,0.605,21.9877179,-160.0519219,0.93,0.83,0.773,1.85,1.24,6.18,1인,S203
2_1699_12104_31888_7911,niihau_2_1699_12104_31888.jpg,plastic debris,plastic_other,0.555,21.9876784,-160.0518984,0.71,0.70,0.496,1.19,0.79,3.97,1인,S203
2_1699_12104_31888_7912,niihau_2_1699_12104_31888.jpg,plastic debris,plastic_other,0.548,21.9876570,-160.0519431,0.57,0.54,0.311,0.75,0.50,2.49,1인,S203
2_1699_12104_31888_7913,niihau_2_1699_12104_31888.jpg,plastic debris,plastic_other,0.409,21.9876141,-160.0518919,0.40,0.39,0.158,0.38,0.25,1.27,1인,S203
2_1699_12292_31490_7923,niihau_2_1699_12292_31490.jpg,Net,net,0.728,21.9877244,-160.0518420,0.67,0.67,0.454,8.17,3.41,20.44,1인,S203
2_1699_12292_31490_7924,niihau_2_1699_12292_31490.jpg,Plastic_ETC,plastic_other,0.654,21.9877179,-160.0519219,0.96,0.89,0.851,2.04,1.36,6.81,1인,S203
2_1699_12292_31490_7925,niihau_2_1699_12292_31490.jpg,Plastic_ETC,plastic_other,0.621,21.9877393,-160.0518840,1.02,1.00,1.021,2.45,1.63,8.17,1인,S203
2_1699_12292_31490_7926,niihau_2_1699_12292_31490.jpg,PET_Bottle,pet_bottle,0.397,21.9876850,-160.0519406,0.77,0.69,0.529,1.05,0.87,1.75,1인,S203
2_1699_12360_32285_7934,niihau_2_1699_12360_32285.jpg,plastic debris,plastic_other,0.516,21.9875537,-160.0518955,1.08,0.95,1.022,2.45,1.64,8.18,1인,S204
2_1699_12360_32285_7935,niihau_2_1699_12360_32285.jpg,plastic debris,plastic_other,0.482,21.9876011,-160.0518603,0.63,0.62,0.390,0.94,0.62,3.12,1인,S203
2_1699_12360_32285_7936,niihau_2_1699_12360_32285.jpg,plastic debris,plastic_other,0.475,21.9875768,-160.0518255,0.55,0.53,0.291,0.70,0.47,2.33,1인,S204
2_1699_12360_32285_7937,niihau_2_1699_12360_32285.jpg,plastic debris,plastic_other,0.453,21.9875961,-160.0518781,1.24,1.22,1.512,3.63,2.42,12.10,1인,S203
2_1699_12360_32285_7938,niihau_2_1699_12360_32285.jpg,plastic debris,plastic_other,0.444,21.9876294,-160.0518100,0.60,0.37,0.223,0.54,0.36,1.79,1인,S203
2_1699_12360_32285_7939,niihau_2_1699_12360_32285.jpg,plastic debris,plastic_other,0.412,21.9875782,-160.0518615,0.65,0.61,0.392,0.94,0.63,3.14,1인,S203
2_1699_12360_32285_7940,niihau_2_1699_12360_32285.jpg,plastic debris,plastic_other,0.349,21.9876142,-160.0518920,0.43,0.40,0.172,0.41,0.28,1.38,1인,S203
2_1699_1256_16393_7952,niihau_2_1699_1256_16393.jpg,Plastic_ETC,plastic_other,0.681,21.9904364,-160.0540930,0.98,0.97,0.948,2.28,1.52,7.59,1인,S205
2_1699_1256_16393_7953,niihau_2_1699_1256_16393.jpg,Plastic_ETC,plastic_other,0.676,21.9904081,-160.0540903,2.04,2.04,4.166,10.00,6.67,33.33,2인,S205
2_1699_1256_16393_7954,niihau_2_1699_1256_16393.jpg,Plastic_Buoy_China,plastic_buoy,0.666,21.9904506,-160.0540960,0.76,0.75,0.569,10.23,5.12,13.64,1인,S205
2_1699_1256_16393_7955,niihau_2_1699_1256_16393.jpg,Styrofoam_Piece,eps_fragment,0.610,21.9904484,-160.0540562,0.96,0.93,0.897,0.54,0.36,1.79,1인,S205
2_1699_1256_16393_7956,niihau_2_1699_1256_16393.jpg,Plastic_ETC,plastic_other,0.584,21.9904563,-160.0540392,1.57,1.48,2.321,5.57,3.71,18.57,1인,S205
2_1699_1256_16393_7957,niihau_2_1699_1256_16393.jpg,PET_Bottle,pet_bottle,0.578,21.9904615,-160.0540250,0.81,0.78,0.636,1.26,1.05,2.10,1인,S205
2_1699_1256_16393_7958,niihau_2_1699_1256_16393.jpg,plastic debris,plastic_other,0.539,21.9904526,-160.0540527,0.64,0.62,0.398,0.95,0.64,3.18,1인,S205
2_1699_1256_16393_7959,niihau_2_1699_1256_16393.jpg,plastic debris,plastic_other,0.342,21.9904465,-160.0540622,0.57,0.57,0.326,0.78,0.52,2.61,1인,S205
2_1699_1256_16393_7960,niihau_2_1699_1256_16393.jpg,plastic debris,plastic_other,0.301,21.9904551,-160.0540325,0.61,0.57,0.349,0.84,0.56,2.79,1인,S205
2_1699_1256_16393_7961,niihau_2_1699_1256_16393.jpg,plastic debris,plastic_other,0.301,21.9904396,-160.0540611,0.61,0.59,0.360,0.86,0.58,2.88,1인,S205
2_1699_12764_33361_7968,niihau_2_1699_12764_33361.jpg,PET_Bottle,pet_bottle,0.630,21.9874269,-160.0518042,0.56,0.56,0.310,0.61,0.51,1.02,1인,S204
2_1699_12764_33361_7969,niihau_2_1699_12764_33361.jpg,plastic debris,plastic_other,0.473,21.9874230,-160.0518479,0.46,0.45,0.210,0.50,0.34,1.68,1인,S204
2_1699_12764_33361_7970,niihau_2_1699_12764_33361.jpg,plastic debris,plastic_other,0.431,21.9873490,-160.0517904,0.61,0.59,0.359,0.86,0.57,2.87,1인,S204
2_1699_12764_33361_7971,niihau_2_1699_12764_33361.jpg,Net,net,0.347,21.9874051,-160.0518001,0.85,0.81,0.689,12.40,5.17,30.99,2인,S204
2_1699_12878_33778_7985,niihau_2_1699_12878_33778.jpg,plastic debris,plastic_other,0.668,21.9873189,-160.0517704,0.55,0.53,0.289,0.69,0.46,2.31,1인,S204
2_1699_12878_33778_7986,niihau_2_1699_12878_33778.jpg,plastic debris,plastic_other,0.656,21.9872843,-160.0517570,0.52,0.52,0.274,0.66,0.44,2.19,1인,S204
2_1699_12878_33778_7987,niihau_2_1699_12878_33778.jpg,plastic debris,plastic_other,0.503,21.9873336,-160.0517870,1.00,0.93,0.931,2.23,1.49,7.45,1인,S204
2_1699_12878_33778_7988,niihau_2_1699_12878_33778.jpg,plastic debris,plastic_other,0.383,21.9873263,-160.0517672,0.97,0.97,0.940,2.25,1.50,7.52,1인,S204
2_1699_12878_33778_7989,niihau_2_1699_12878_33778.jpg,plastic debris,plastic_other,0.357,21.9873488,-160.0517904,0.59,0.57,0.336,0.81,0.54,2.69,1인,S204
2_1699_12878_33778_7990,niihau_2_1699_12878_33778.jpg,plastic debris,plastic_other,0.307,21.9872881,-160.0517507,0.45,0.44,0.195,0.47,0.31,1.56,1인,S204
2_1699_1442_16737_8010,niihau_2_1699_1442_16737.jpg,Plastic_ETC,plastic_other,0.759,21.9903664,-160.0540397,0.77,0.74,0.576,1.38,0.92,4.60,1인,S205
2_1699_1442_16737_8011,niihau_2_1699_1442_16737.jpg,plastic debris,plastic_other,0.633,21.9903581,-160.0540115,0.57,0.57,0.324,0.78,0.52,2.59,1인,S205
2_1699_1442_16737_8012,niihau_2_1699_1442_16737.jpg,plastic debris,plastic_other,0.626,21.9903550,-160.0539679,0.59,0.55,0.322,0.77,0.52,2.58,1인,S205
2_1699_1442_16737_8013,niihau_2_1699_1442_16737.jpg,plastic debris,plastic_other,0.517,21.9903795,-160.0540148,0.67,0.66,0.439,1.05,0.70,3.51,1인,S205
2_1699_1442_16737_8014,niihau_2_1699_1442_16737.jpg,Net,net,0.347,21.9903908,-160.0540045,1.29,1.21,1.566,28.18,11.74,70.45,장비,S205
2_1699_1581_13552_8024,niihau_2_1699_1581_13552.jpg,plastic debris,plastic_other,0.646,21.9909661,-160.0539825,0.62,0.59,0.368,0.88,0.59,2.94,1인,S206
2_1699_1581_13552_8025,niihau_2_1699_1581_13552.jpg,Plastic_ETC,plastic_other,0.579,21.9909120,-160.0539393,1.02,0.70,0.717,1.72,1.15,5.73,1인,S206
2_1699_1581_13552_8026,niihau_2_1699_1581_13552.jpg,Plastic_Buoy_China,plastic_buoy,0.393,21.9909949,-160.0539377,0.66,0.61,0.406,7.30,3.65,9.73,1인,S206
2_1699_201_7738_8035,niihau_2_1699_201_7738.jpg,Plastic_ETC,plastic_other,0.745,21.9920410,-160.0542826,0.73,0.72,0.521,1.25,0.83,4.17,1인,S199
2_1699_201_7738_8036,niihau_2_1699_201_7738.jpg,Plastic_ETC,plastic_other,0.741,21.9920245,-160.0542825,0.79,0.77,0.604,1.45,0.97,4.83,1인,S199
2_1699_201_7738_8037,niihau_2_1699_201_7738.jpg,Plastic_ETC,plastic_other,0.740,21.9919776,-160.0542783,0.57,0.55,0.316,0.76,0.50,2.52,1인,S199
2_1699_201_7738_8038,niihau_2_1699_201_7738.jpg,plastic debris,plastic_other,0.682,21.9920160,-160.0542684,0.48,0.47,0.223,0.54,0.36,1.79,1인,S199
2_1699_201_7738_8039,niihau_2_1699_201_7738.jpg,Plastic_ETC,plastic_other,0.623,21.9919985,-160.0542579,0.68,0.60,0.409,0.98,0.65,3.27,1인,S199
2_1699_201_7738_8040,niihau_2_1699_201_7738.jpg,Net,net,0.593,21.9920219,-160.0542739,0.59,0.59,0.351,6.33,2.64,15.81,1인,S199
2_1699_201_7738_8041,niihau_2_1699_201_7738.jpg,Plastic_Buoy_China,plastic_buoy,0.585,21.9920519,-160.0542058,0.76,0.75,0.564,10.16,5.08,13.55,1인,S199
2_1699_201_7738_8042,niihau_2_1699_201_7738.jpg,plastic debris,plastic_other,0.533,21.9920360,-160.0542644,0.66,0.60,0.397,0.95,0.64,3.18,1인,S199
2_1699_201_7738_8043,niihau_2_1699_201_7738.jpg,Net,net,0.525,21.9920373,-160.0542798,0.58,0.58,0.339,6.10,2.54,15.25,1인,S199
2_1699_201_7738_8044,niihau_2_1699_201_7738.jpg,plastic debris,plastic_other,0.521,21.9919889,-160.0542485,0.54,0.53,0.286,0.69,0.46,2.28,1인,S199
2_1699_201_7738_8045,niihau_2_1699_201_7738.jpg,plastic debris,plastic_other,0.505,21.9920293,-160.0542912,0.41,0.39,0.161,0.39,0.26,1.29,1인,S199
2_1699_201_7738_8046,niihau_2_1699_201_7738.jpg,Plastic_Buoy,plastic_buoy,0.483,21.9920231,-160.0542781,0.64,0.62,0.401,7.21,3.61,9.62,1인,S199
2_1699_201_7738_8047,niihau_2_1699_201_7738.jpg,plastic debris,plastic_other,0.453,21.9919981,-160.0542084,1.59,1.47,2.343,5.62,3.75,18.75,1인,S199
2_1699_201_7738_8048,niihau_2_1699_201_7738.jpg,plastic debris,plastic_other,0.446,21.9919800,-160.0542445,0.56,0.55,0.306,0.73,0.49,2.44,1인,S199
2_1699_201_7738_8049,niihau_2_1699_201_7738.jpg,plastic debris,plastic_other,0.410,21.9919616,-160.0542079,0.61,0.59,0.363,0.87,0.58,2.90,1인,S199
2_1699_201_7738_8050,niihau_2_1699_201_7738.jpg,plastic debris,plastic_other,0.400,21.9919868,-160.0542425,0.44,0.41,0.179,0.43,0.29,1.43,1인,S199
2_1699_201_7738_8051,niihau_2_1699_201_7738.jpg,plastic debris,plastic_other,0.390,21.9920645,-160.0542937,0.45,0.43,0.195,0.47,0.31,1.56,1인,S199
2_1699_201_7738_8052,niihau_2_1699_201_7738.jpg,plastic debris,plastic_other,0.383,21.9919942,-160.0542536,0.57,0.57,0.326,0.78,0.52,2.61,1인,S199
2_1699_201_7738_8053,niihau_2_1699_201_7738.jpg,Plastic_Buoy_China,plastic_buoy,0.371,21.9920133,-160.0542088,0.72,0.70,0.502,9.04,4.52,12.06,1인,S199
2_1699_201_7738_8054,niihau_2_1699_201_7738.jpg,plastic debris,plastic_other,0.368,21.9919779,-160.0542535,0.50,0.45,0.223,0.54,0.36,1.79,1인,S199
2_1699_201_7738_8055,niihau_2_1699_201_7738.jpg,plastic debris,plastic_other,0.363,21.9919674,-160.0542550,0.41,0.39,0.162,0.39,0.26,1.29,1인,S199
2_1699_201_7738_8056,niihau_2_1699_201_7738.jpg,plastic debris,plastic_other,0.357,21.9920252,-160.0542639,0.44,0.43,0.189,0.45,0.30,1.51,1인,S199
2_1699_201_7738_8057,niihau_2_1699_201_7738.jpg,PET_Bottle,pet_bottle,0.353,21.9920713,-160.0542956,0.72,0.29,0.206,0.41,0.34,0.68,1인,S199
2_1699_201_7738_8058,niihau_2_1699_201_7738.jpg,plastic debris,plastic_other,0.347,21.9920359,-160.0542718,0.52,0.45,0.233,0.56,0.37,1.86,1인,S199
2_1699_201_7738_8059,niihau_2_1699_201_7738.jpg,plastic debris,plastic_other,0.342,21.9919688,-160.0542234,0.51,0.49,0.251,0.60,0.40,2.01,1인,S199
2_1699_201_7738_8060,niihau_2_1699_201_7738.jpg,plastic debris,plastic_other,0.321,21.9920663,-160.0542017,0.46,0.40,0.182,0.44,0.29,1.45,1인,S199
2_1699_521_8641_8097,niihau_2_1699_521_8641.jpg,Plastic_Buoy,plastic_buoy,0.721,21.9918117,-160.0542003,0.73,0.71,0.512,9.22,4.61,12.30,1인,S207
2_1699_521_8641_8098,niihau_2_1699_521_8641.jpg,Plastic_Buoy_China,plastic_buoy,0.700,21.9918414,-160.0542339,0.63,0.62,0.393,7.07,3.53,9.42,1인,S207
2_1699_521_8641_8099,niihau_2_1699_521_8641.jpg,Plastic_ETC,plastic_other,0.670,21.9918943,-160.0541552,0.80,0.71,0.570,1.37,0.91,4.56,1인,S199
2_1699_521_8641_8100,niihau_2_1699_521_8641.jpg,plastic debris,plastic_other,0.502,21.9918359,-160.0541516,0.44,0.42,0.183,0.44,0.29,1.47,1인,S207
2_1699_521_8641_8101,niihau_2_1699_521_8641.jpg,plastic debris,plastic_other,0.500,21.9918702,-160.0541639,0.44,0.44,0.194,0.47,0.31,1.56,1인,S207
2_1699_521_8641_8102,niihau_2_1699_521_8641.jpg,Styrofoam_Piece,eps_fragment,0.369,21.9918009,-160.0541607,1.01,0.89,0.900,0.54,0.36,1.80,1인,S207
2_1699_7629_22321_8127,niihau_2_1699_7629_22321.jpg,plastic debris,plastic_other,0.696,21.9893456,-160.0528099,0.59,0.55,0.326,0.78,0.52,2.61,1인,S208
2_1699_7629_22321_8128,niihau_2_1699_7629_22321.jpg,plastic debris,plastic_other,0.484,21.9894318,-160.0528016,0.62,0.59,0.363,0.87,0.58,2.90,1인,S208
2_1699_7629_22321_8129,niihau_2_1699_7629_22321.jpg,plastic debris,plastic_other,0.393,21.9893925,-160.0527993,3.37,3.20,10.785,25.88,17.26,86.28,장비,S208
2_1699_868_14775_8139,niihau_2_1699_868_14775.jpg,Plastic_Buoy_China,plastic_buoy,0.698,21.9907281,-160.0541522,0.68,0.67,0.458,8.24,4.12,10.98,1인,S202
2_1699_868_14775_8140,niihau_2_1699_868_14775.jpg,Net,net,0.631,21.9907990,-160.0540605,0.77,0.56,0.426,7.67,3.20,19.19,1인,S202
2_1699_868_14775_8141,niihau_2_1699_868_14775.jpg,plastic debris,plastic_other,0.549,21.9907014,-160.0540844,0.96,0.92,0.882,2.12,1.41,7.06,1인,S202
2_1699_868_14775_8142,niihau_2_1699_868_14775.jpg,Plastic_ETC,plastic_other,0.542,21.9907921,-160.0541724,0.93,0.88,0.818,1.96,1.31,6.54,1인,S202
2_1699_868_14775_8143,niihau_2_1699_868_14775.jpg,plastic debris,plastic_other,0.414,21.9907483,-160.0541758,0.71,0.69,0.494,1.19,0.79,3.95,1인,S202
2_1699_868_14775_8144,niihau_2_1699_868_14775.jpg,plastic debris,plastic_other,0.389,21.9907950,-160.0541547,0.48,0.48,0.228,0.55,0.36,1.82,1인,S202
2_1699_868_14775_8145,niihau_2_1699_868_14775.jpg,plastic debris,plastic_other,0.367,21.9907111,-160.0541080,0.63,0.58,0.366,0.88,0.59,2.93,1인,S202
2_1699_868_14775_8146,niihau_2_1699_868_14775.jpg,plastic debris,plastic_other,0.344,21.9907985,-160.0540662,0.74,0.72,0.533,1.28,0.85,4.27,1인,S202
2_1699_868_14775_8147,niihau_2_1699_868_14775.jpg,plastic debris,plastic_other,0.307,21.9907287,-160.0541452,0.51,0.51,0.259,0.62,0.41,2.07,1인,S202
2_1699_868_14775_8148,niihau_2_1699_868_14775.jpg,plastic debris,plastic_other,0.301,21.9907923,-160.0541433,0.46,0.46,0.211,0.51,0.34,1.68,1인,S202
2_1699_888_16546_8166,niihau_2_1699_888_16546.jpg,plastic debris,plastic_other,0.732,21.9904364,-160.0540931,0.96,0.95,0.912,2.19,1.46,7.30,1인,S205
2_1699_888_16546_8167,niihau_2_1699_888_16546.jpg,Plastic_Buoy_China,plastic_buoy,0.701,21.9904506,-160.0540960,0.76,0.74,0.560,10.08,5.04,13.44,1인,S205
2_1699_888_16546_8168,niihau_2_1699_888_16546.jpg,Plastic_ETC,plastic_other,0.664,21.9904083,-160.0540902,1.94,1.83,3.542,8.50,5.67,28.34,2인,S205
2_1699_888_16546_8169,niihau_2_1699_888_16546.jpg,Styrofoam_Piece,eps_fragment,0.594,21.9904482,-160.0540561,0.95,0.93,0.884,0.53,0.35,1.77,1인,S205
2_1699_888_16546_8170,niihau_2_1699_888_16546.jpg,plastic debris,plastic_other,0.495,21.9904464,-160.0540622,0.58,0.56,0.321,0.77,0.51,2.57,1인,S205
2_1699_888_16546_8171,niihau_2_1699_888_16546.jpg,plastic debris,plastic_other,0.462,21.9904528,-160.0540535,0.56,0.45,0.250,0.60,0.40,2.00,1인,S205
2_1699_888_16546_8172,niihau_2_1699_888_16546.jpg,plastic debris,plastic_other,0.428,21.9903835,-160.0541029,0.82,0.82,0.670,1.61,1.07,5.36,1인,S205
2_1699_888_16546_8173,niihau_2_1699_888_16546.jpg,plastic debris,plastic_other,0.354,21.9904395,-160.0540613,0.61,0.59,0.364,0.87,0.58,2.91,1인,S205
2_1699_8_7415_8185,niihau_2_1699_8_7415.jpg,Plastic_ETC,plastic_other,0.768,21.9920410,-160.0542826,0.75,0.75,0.563,1.35,0.90,4.50,1인,S199
2_1699_8_7415_8186,niihau_2_1699_8_7415.jpg,Plastic_Buoy_China,plastic_buoy,0.754,21.9920245,-160.0542826,0.79,0.79,0.626,11.28,5.64,15.03,1인,S199
2_1699_8_7415_8187,niihau_2_1699_8_7415.jpg,plastic debris,plastic_other,0.548,21.9920219,-160.0542739,0.64,0.60,0.385,0.92,0.62,3.08,1인,S199
2_1699_8_7415_8188,niihau_2_1699_8_7415.jpg,plastic debris,plastic_other,0.533,21.9920365,-160.0543237,0.43,0.43,0.183,0.44,0.29,1.47,1인,S199
2_1699_8_7415_8189,niihau_2_1699_8_7415.jpg,plastic debris,plastic_other,0.517,21.9920294,-160.0542912,0.42,0.40,0.170,0.41,0.27,1.36,1인,S199
2_1699_8_7415_8190,niihau_2_1699_8_7415.jpg,Plastic_Buoy_China,plastic_buoy,0.515,21.9920734,-160.0542956,0.79,0.77,0.614,11.05,5.52,14.73,1인,S199
2_1699_8_7415_8191,niihau_2_1699_8_7415.jpg,plastic debris,plastic_other,0.501,21.9920359,-160.0542719,0.55,0.52,0.288,0.69,0.46,2.30,1인,S199
2_1699_8_7415_8192,niihau_2_1699_8_7415.jpg,plastic debris,plastic_other,0.483,21.9920263,-160.0542662,0.46,0.43,0.196,0.47,0.31,1.57,1인,S199
2_1699_8_7415_8193,niihau_2_1699_8_7415.jpg,Plastic_Buoy_China,plastic_buoy,0.475,21.9920230,-160.0542781,0.65,0.64,0.418,7.52,3.76,10.03,1인,S199
2_1699_8_7415_8194,niihau_2_1699_8_7415.jpg,plastic debris,plastic_other,0.447,21.9920167,-160.0542685,0.46,0.27,0.122,0.29,0.19,0.97,1인,S199
2_1699_8_7415_8195,niihau_2_1699_8_7415.jpg,PET_Bottle,pet_bottle,0.444,21.9921167,-160.0543555,0.68,0.54,0.363,0.72,0.60,1.20,1인,S199
2_1699_8_7415_8196,niihau_2_1699_8_7415.jpg,plastic debris,plastic_other,0.421,21.9920278,-160.0543266,0.42,0.40,0.165,0.40,0.26,1.32,1인,S199
2_1699_8_7415_8197,niihau_2_1699_8_7415.jpg,Net,net,0.419,21.9920372,-160.0542798,0.58,0.57,0.332,5.98,2.49,14.96,1인,S199
2_1699_8_7415_8198,niihau_2_1699_8_7415.jpg,plastic debris,plastic_other,0.370,21.9920360,-160.0542644,0.69,0.65,0.448,1.08,0.72,3.59,1인,S199
2_1699_8_7415_8199,niihau_2_1699_8_7415.jpg,plastic debris,plastic_other,0.329,21.9921179,-160.0542432,0.51,0.49,0.252,0.61,0.40,2.02,1인,S199
2_1699_8_7415_8200,niihau_2_1699_8_7415.jpg,plastic debris,plastic_other,0.316,21.9920645,-160.0542935,0.45,0.45,0.206,0.49,0.33,1.65,1인,S199
2_1747_5890_10672_8229,niihau_2_1747_5890_10672.jpg,plastic debris,plastic_other,0.818,21.9956494,-160.0577854,0.58,0.56,0.325,0.78,0.52,2.60,1인,S209
2_1747_5890_10672_8230,niihau_2_1747_5890_10672.jpg,Styrofoam_Piece,eps_fragment,0.678,21.9955933,-160.0577899,0.63,0.55,0.344,0.21,0.14,0.69,1인,S209
2_1747_5890_10672_8231,niihau_2_1747_5890_10672.jpg,plastic debris,plastic_other,0.654,21.9956237,-160.0577761,0.46,0.44,0.203,0.49,0.32,1.62,1인,S209
2_1747_5890_10672_8232,niihau_2_1747_5890_10672.jpg,Styrofoam_Piece,eps_fragment,0.602,21.9956400,-160.0578082,0.51,0.49,0.250,0.15,0.10,0.50,1인,S209
2_1747_5890_10672_8233,niihau_2_1747_5890_10672.jpg,plastic debris,plastic_other,0.594,21.9956608,-160.0578021,0.44,0.43,0.189,0.45,0.30,1.51,1인,S209
2_1747_5890_10672_8234,niihau_2_1747_5890_10672.jpg,Styrofoam_Piece,eps_fragment,0.566,21.9956131,-160.0577680,0.49,0.48,0.233,0.14,0.09,0.47,1인,S209
2_1747_5890_10672_8235,niihau_2_1747_5890_10672.jpg,Plastic_Buoy,plastic_buoy,0.554,21.9955935,-160.0577876,0.56,0.46,0.256,4.61,2.31,6.15,1인,S209
2_1747_5890_10672_8236,niihau_2_1747_5890_10672.jpg,PET_Bottle,pet_bottle,0.543,21.9956588,-160.0577685,1.35,0.84,1.139,2.25,1.88,3.76,1인,S209
2_1747_5890_10672_8237,niihau_2_1747_5890_10672.jpg,plastic debris,plastic_other,0.530,21.9956379,-160.0577651,0.58,0.56,0.324,0.78,0.52,2.59,1인,S209
2_1747_5890_10672_8238,niihau_2_1747_5890_10672.jpg,plastic debris,plastic_other,0.528,21.9955924,-160.0577964,0.39,0.38,0.148,0.36,0.24,1.19,1인,S209
2_1747_5890_10672_8239,niihau_2_1747_5890_10672.jpg,plastic debris,plastic_other,0.501,21.9956716,-160.0578270,0.36,0.34,0.122,0.29,0.20,0.98,1인,S209
2_1747_5890_10672_8240,niihau_2_1747_5890_10672.jpg,plastic debris,plastic_other,0.487,21.9956395,-160.0577414,0.44,0.43,0.189,0.45,0.30,1.51,1인,S209
2_1747_5890_10672_8241,niihau_2_1747_5890_10672.jpg,plastic debris,plastic_other,0.436,21.9956266,-160.0578300,0.35,0.34,0.118,0.28,0.19,0.94,1인,S209
2_1747_5890_10672_8242,niihau_2_1747_5890_10672.jpg,plastic debris,plastic_other,0.420,21.9956663,-160.0577955,0.43,0.41,0.175,0.42,0.28,1.40,1인,S209
2_1747_5890_10672_8243,niihau_2_1747_5890_10672.jpg,plastic debris,plastic_other,0.370,21.9956361,-160.0577921,0.77,0.74,0.571,1.37,0.91,4.57,1인,S209
2_1747_5890_10672_8244,niihau_2_1747_5890_10672.jpg,plastic debris,plastic_other,0.349,21.9956240,-160.0577320,0.59,0.34,0.199,0.48,0.32,1.59,1인,S209
2_1747_5890_10672_8245,niihau_2_1747_5890_10672.jpg,plastic debris,plastic_other,0.345,21.9955811,-160.0577952,0.46,0.46,0.213,0.51,0.34,1.70,1인,S209
2_1748_1293_12474_8270,niihau_2_1748_1293_12474.jpg,plastic debris,plastic_other,0.621,21.9951169,-160.0571872,0.60,0.59,0.356,0.85,0.57,2.85,1인,S210
2_1748_1293_12474_8271,niihau_2_1748_1293_12474.jpg,plastic debris,plastic_other,0.492,21.9951569,-160.0572743,0.55,0.54,0.299,0.72,0.48,2.39,1인,S211
2_1748_1293_12474_8272,niihau_2_1748_1293_12474.jpg,plastic debris,plastic_other,0.483,21.9951236,-160.0572510,0.60,0.57,0.342,0.82,0.55,2.74,1인,S211
2_1748_1293_12474_8273,niihau_2_1748_1293_12474.jpg,plastic debris,plastic_other,0.423,21.9951226,-160.0572348,0.65,0.59,0.384,0.92,0.61,3.07,1인,S211
2_1748_1293_12474_8274,niihau_2_1748_1293_12474.jpg,plastic debris,plastic_other,0.363,21.9951255,-160.0572053,0.48,0.48,0.234,0.56,0.37,1.87,1인,S210
2_1748_1293_12474_8275,niihau_2_1748_1293_12474.jpg,plastic debris,plastic_other,0.347,21.9951281,-160.0572341,0.71,0.67,0.473,1.14,0.76,3.79,1인,S211
2_1748_1293_12474_8276,niihau_2_1748_1293_12474.jpg,plastic debris,plastic_other,0.306,21.9951134,-160.0571962,0.49,0.46,0.223,0.53,0.36,1.78,1인,S210
2_1748_7027_15407_8300,niihau_2_1748_7027_15407.jpg,Plastic_Buoy,plastic_buoy,0.803,21.9945964,-160.0561520,0.60,0.59,0.352,6.34,3.17,8.46,1인,S212
2_1748_7027_15407_8301,niihau_2_1748_7027_15407.jpg,Plastic_Buoy,plastic_buoy,0.779,21.9945702,-160.0561248,0.62,0.61,0.376,6.78,3.39,9.04,1인,S212
2_1748_7027_15407_8302,niihau_2_1748_7027_15407.jpg,plastic debris,plastic_other,0.678,21.9945694,-160.0561619,0.49,0.49,0.239,0.57,0.38,1.91,1인,S212
2_1748_7027_15407_8303,niihau_2_1748_7027_15407.jpg,Plastic_ETC,plastic_other,0.632,21.9946244,-160.0560765,0.90,0.87,0.782,1.88,1.25,6.26,1인,S212
2_1748_7027_15407_8304,niihau_2_1748_7027_15407.jpg,Plastic_Buoy,plastic_buoy,0.532,21.9945440,-160.0561002,0.63,0.38,0.240,4.32,2.16,5.76,1인,S212
2_1748_7027_15407_8305,niihau_2_1748_7027_15407.jpg,Styrofoam_Piece,eps_fragment,0.481,21.9946325,-160.0561431,0.63,0.57,0.364,0.22,0.15,0.73,1인,S212
2_1748_7027_15407_8306,niihau_2_1748_7027_15407.jpg,plastic debris,plastic_other,0.359,21.9946522,-160.0560924,0.78,0.72,0.567,1.36,0.91,4.54,1인,S212
2_1748_7027_15407_8307,niihau_2_1748_7027_15407.jpg,plastic debris,plastic_other,0.322,21.9945448,-160.0561305,0.59,0.59,0.345,0.83,0.55,2.76,1인,S212
2_1748_7027_15407_8308,niihau_2_1748_7027_15407.jpg,plastic debris,plastic_other,0.306,21.9946324,-160.0560920,0.83,0.79,0.655,1.57,1.05,5.24,1인,S212
2_1748_7027_15407_8309,niihau_2_1748_7027_15407.jpg,plastic debris,plastic_other,0.306,21.9945434,-160.0561728,0.52,0.34,0.178,0.43,0.28,1.42,1인,S212
2_1748_7027_15407_8310,niihau_2_1748_7027_15407.jpg,plastic debris,plastic_other,0.304,21.9946131,-160.0560636,0.50,0.46,0.229,0.55,0.37,1.83,1인,S212
2_1748_787_11698_8338,niihau_2_1748_787_11698.jpg,Plastic_Buoy,plastic_buoy,0.697,21.9952066,-160.0572941,0.49,0.42,0.203,3.65,1.82,4.86,1인,S211
2_1748_787_11698_8339,niihau_2_1748_787_11698.jpg,plastic debris,plastic_other,0.663,21.9952476,-160.0573157,0.44,0.43,0.188,0.45,0.30,1.50,1인,S211
2_1748_787_11698_8340,niihau_2_1748_787_11698.jpg,plastic debris,plastic_other,0.657,21.9952678,-160.0572889,0.61,0.59,0.360,0.86,0.58,2.88,1인,S211
2_1748_787_11698_8341,niihau_2_1748_787_11698.jpg,Net,net,0.601,21.9952620,-160.0573338,0.52,0.52,0.273,4.92,2.05,12.31,1인,S211
2_1748_787_11698_8342,niihau_2_1748_787_11698.jpg,plastic debris,plastic_other,0.424,21.9952754,-160.0573626,0.56,0.56,0.314,0.75,0.50,2.51,1인,S211
2_1748_787_11698_8343,niihau_2_1748_787_11698.jpg,plastic debris,plastic_other,0.360,21.9952746,-160.0572896,0.61,0.55,0.335,0.80,0.54,2.68,1인,S211
2_204_4348_7403_8365,niihau_2_204_4348_7403.jpg,Plastic_Buoy_China,plastic_buoy,0.591,21.8082867,-160.1943744,0.62,0.60,0.374,6.72,3.36,8.96,1인,S213
2_204_4348_7403_8366,niihau_2_204_4348_7403.jpg,plastic debris,plastic_other,0.584,21.8082409,-160.1943195,0.62,0.61,0.377,0.91,0.60,3.02,1인,S213
2_204_4348_7403_8367,niihau_2_204_4348_7403.jpg,plastic debris,plastic_other,0.583,21.8082847,-160.1943057,0.76,0.72,0.543,1.30,0.87,4.35,1인,S213
2_204_4348_7403_8368,niihau_2_204_4348_7403.jpg,plastic debris,plastic_other,0.479,21.8082851,-160.1943574,0.62,0.60,0.376,0.90,0.60,3.01,1인,S213
2_204_4348_7403_8369,niihau_2_204_4348_7403.jpg,plastic debris,plastic_other,0.476,21.8082311,-160.1943135,0.61,0.59,0.360,0.86,0.58,2.88,1인,S213
2_204_4348_7403_8370,niihau_2_204_4348_7403.jpg,Plastic_Buoy_China,plastic_buoy,0.372,21.8082669,-160.1943119,0.60,0.59,0.355,6.39,3.19,8.52,1인,S213
2_204_4549_7831_8388,niihau_2_204_4549_7831.jpg,Plastic_ETC,plastic_other,0.795,21.8082252,-160.1942673,0.63,0.62,0.388,0.93,0.62,3.11,1인,S213
2_204_4549_7831_8389,niihau_2_204_4549_7831.jpg,Styrofoam_Piece,eps_fragment,0.752,21.8081667,-160.1943173,0.87,0.84,0.736,0.44,0.29,1.47,1인,S213
2_204_4549_7831_8390,niihau_2_204_4549_7831.jpg,Net,net,0.680,21.8081608,-160.1942649,0.61,0.59,0.355,6.39,2.66,15.98,1인,S213
2_204_4549_7831_8391,niihau_2_204_4549_7831.jpg,plastic debris,plastic_other,0.625,21.8081809,-160.1943471,0.72,0.70,0.501,1.20,0.80,4.01,1인,S213
2_204_4549_7831_8392,niihau_2_204_4549_7831.jpg,plastic debris,plastic_other,0.624,21.8082410,-160.1943196,0.57,0.56,0.314,0.75,0.50,2.51,1인,S213
2_204_4549_7831_8393,niihau_2_204_4549_7831.jpg,plastic debris,plastic_other,0.592,21.8082339,-160.1942848,0.77,0.73,0.560,1.35,0.90,4.48,1인,S213
2_204_4549_7831_8394,niihau_2_204_4549_7831.jpg,Net,net,0.523,21.8081849,-160.1943344,0.55,0.54,0.296,5.33,2.22,13.32,1인,S213
2_204_4549_7831_8395,niihau_2_204_4549_7831.jpg,Net,net,0.520,21.8082312,-160.1943136,0.54,0.54,0.295,5.31,2.21,13.27,1인,S213
2_204_4549_7831_8396,niihau_2_204_4549_7831.jpg,plastic debris,plastic_other,0.494,21.8081990,-160.1943356,0.57,0.55,0.312,0.75,0.50,2.50,1인,S213
2_204_4549_7831_8397,niihau_2_204_4549_7831.jpg,PET_Bottle,pet_bottle,0.452,21.8081789,-160.1943613,0.76,0.65,0.494,0.98,0.82,1.63,1인,S213
2_204_4549_7831_8398,niihau_2_204_4549_7831.jpg,plastic debris,plastic_other,0.413,21.8082034,-160.1943321,0.94,0.80,0.745,1.79,1.19,5.96,1인,S213
2_204_4549_7831_8399,niihau_2_204_4549_7831.jpg,plastic debris,plastic_other,0.374,21.8082515,-160.1943040,0.52,0.48,0.249,0.60,0.40,1.99,1인,S213
2_204_4549_7831_8400,niihau_2_204_4549_7831.jpg,plastic debris,plastic_other,0.364,21.8081936,-160.1943575,0.95,0.72,0.684,1.64,1.10,5.48,1인,S213
2_204_4549_7831_8401,niihau_2_204_4549_7831.jpg,plastic debris,plastic_other,0.318,21.8081524,-160.1943249,0.55,0.47,0.258,0.62,0.41,2.07,1인,S213
2_204_4549_7831_8402,niihau_2_204_4549_7831.jpg,plastic debris,plastic_other,0.313,21.8081910,-160.1943267,0.67,0.67,0.450,1.08,0.72,3.60,1인,S213
2_204_4680_7316_8448,niihau_2_204_4680_7316.jpg,PET_Bottle,pet_bottle,0.696,21.8082998,-160.1942576,1.18,1.08,1.271,2.52,2.10,4.19,1인,S213
2_204_4680_7316_8449,niihau_2_204_4680_7316.jpg,Net,net,0.577,21.8082848,-160.1943056,0.67,0.64,0.429,7.73,3.22,19.33,1인,S213
2_204_4680_7316_8450,niihau_2_204_4680_7316.jpg,plastic debris,plastic_other,0.519,21.8083355,-160.1942883,0.73,0.73,0.534,1.28,0.86,4.28,1인,S213
2_204_4680_7316_8451,niihau_2_204_4680_7316.jpg,Net,net,0.427,21.8082771,-160.1942978,0.47,0.46,0.214,3.86,1.61,9.65,1인,S213
2_204_4680_7316_8452,niihau_2_204_4680_7316.jpg,plastic debris,plastic_other,0.386,21.8082914,-160.1942535,0.61,0.57,0.346,0.83,0.55,2.77,1인,S213
2_204_6862_4641_8477,niihau_2_204_6862_4641.jpg,Plastic_ETC,plastic_other,0.726,21.8088423,-160.1939281,0.78,0.62,0.484,1.16,0.77,3.87,1인,S214
2_204_6862_4641_8478,niihau_2_204_6862_4641.jpg,plastic debris,plastic_other,0.720,21.8088036,-160.1938201,1.42,1.40,1.987,4.77,3.18,15.90,1인,S214
2_204_6862_4641_8479,niihau_2_204_6862_4641.jpg,plastic debris,plastic_other,0.536,21.8088017,-160.1939252,1.73,1.57,2.717,6.52,4.35,21.74,1인,S214
2_204_6862_4641_8480,niihau_2_204_6862_4641.jpg,plastic debris,plastic_other,0.463,21.8088121,-160.1938458,0.84,0.82,0.696,1.67,1.11,5.57,1인,S214
2_204_6862_4641_8481,niihau_2_204_6862_4641.jpg,Net,net,0.462,21.8088386,-160.1939053,0.69,0.66,0.454,8.17,3.41,20.43,1인,S214
2_204_6862_4641_8482,niihau_2_204_6862_4641.jpg,plastic debris,plastic_other,0.435,21.8087993,-160.1939143,2.70,2.02,5.464,13.11,8.74,43.71,2인,S214
2_204_6862_4641_8483,niihau_2_204_6862_4641.jpg,plastic debris,plastic_other,0.342,21.8087614,-160.1938500,1.30,1.29,1.666,4.00,2.67,13.33,1인,S214
2_204_6862_4641_8484,niihau_2_204_6862_4641.jpg,plastic debris,plastic_other,0.325,21.8088290,-160.1938150,0.73,0.31,0.223,0.53,0.36,1.78,1인,S214
2_204_6862_4641_8485,niihau_2_204_6862_4641.jpg,plastic debris,plastic_other,0.317,21.8087881,-160.1938755,0.57,0.56,0.319,0.76,0.51,2.55,1인,S214
2_204_7251_4430_8489,niihau_2_204_7251_4430.jpg,plastic debris,plastic_other,0.501,21.8088013,-160.1938091,4.14,3.29,13.613,32.67,21.78,108.91,장비,S214
2_204_7251_4430_8490,niihau_2_204_7251_4430.jpg,Net,net,0.368,21.8088120,-160.1938457,0.87,0.85,0.743,13.37,5.57,33.43,2인,S214
2_204_7251_4430_8491,niihau_2_204_7251_4430.jpg,plastic debris,plastic_other,0.365,21.8088441,-160.1938418,1.46,1.39,2.029,4.87,3.25,16.23,1인,S214
2_204_8365_2562_8497,niihau_2_204_8365_2562.jpg,Plastic_ETC,plastic_other,0.705,21.8091651,-160.1935860,1.02,1.00,1.023,2.46,1.64,8.19,1인,S215
2_204_8365_2562_8498,niihau_2_204_8365_2562.jpg,Plastic_Buoy_China,plastic_buoy,0.602,21.8091479,-160.1936366,0.67,0.66,0.438,7.88,3.94,10.51,1인,S215
2_204_8365_2562_8499,niihau_2_204_8365_2562.jpg,plastic debris,plastic_other,0.325,21.8091610,-160.1936036,0.55,0.51,0.281,0.67,0.45,2.25,1인,S215
2_204_8523_20924_8505,niihau_2_204_8523_20924.jpg,Plastic_Buoy_China,plastic_buoy,0.501,21.8058483,-160.1935293,0.81,0.79,0.645,11.60,5.80,15.47,1인,S216
2_204_9735_406_8516,niihau_2_204_9735_406.jpg,Plastic_Buoy_China,plastic_buoy,0.687,21.8095703,-160.1933451,0.63,0.62,0.392,7.06,3.53,9.42,1인,S217
2_204_9735_406_8517,niihau_2_204_9735_406.jpg,PET_Bottle,pet_bottle,0.473,21.8095626,-160.1933751,0.86,0.85,0.730,1.45,1.21,2.41,1인,S217
2_305_7935_24980_8524,niihau_2_305_7935_24980.jpg,PET_Bottle,pet_bottle,0.748,21.8163818,-160.1900548,1.50,1.01,1.520,3.01,2.51,5.01,1인,S218
2_305_7935_24980_8525,niihau_2_305_7935_24980.jpg,Plastic_Buoy,plastic_buoy,0.683,21.8164159,-160.1900911,0.58,0.57,0.332,5.97,2.98,7.96,1인,S218
2_305_7935_24980_8526,niihau_2_305_7935_24980.jpg,Plastic_ETC,plastic_other,0.679,21.8164001,-160.1901540,1.01,1.01,1.021,2.45,1.63,8.17,1인,S218
2_305_7935_24980_8527,niihau_2_305_7935_24980.jpg,plastic debris,plastic_other,0.673,21.8163830,-160.1901156,2.31,2.29,5.286,12.69,8.46,42.29,2인,S218
2_305_7935_24980_8528,niihau_2_305_7935_24980.jpg,Plastic_Buoy,plastic_buoy,0.648,21.8164264,-160.1900931,0.78,0.76,0.595,10.71,5.35,14.27,1인,S218
2_305_7935_24980_8529,niihau_2_305_7935_24980.jpg,Styrofoam_Buoy,eps_buoy,0.546,21.8164143,-160.1901447,1.27,1.01,1.292,11.30,4.84,12.92,1인,S218
2_305_7935_24980_8530,niihau_2_305_7935_24980.jpg,PET_Bottle,pet_bottle,0.533,21.8164280,-160.1900853,1.09,0.75,0.825,1.63,1.36,2.72,1인,S218
2_305_7935_24980_8531,niihau_2_305_7935_24980.jpg,Plastic_ETC,plastic_other,0.523,21.8164158,-160.1901385,1.20,1.18,1.410,3.38,2.26,11.28,1인,S218
2_305_7935_24980_8532,niihau_2_305_7935_24980.jpg,plastic debris,plastic_other,0.476,21.8164182,-160.1900954,0.54,0.53,0.281,0.67,0.45,2.25,1인,S218
2_305_7935_24980_8533,niihau_2_305_7935_24980.jpg,plastic debris,plastic_other,0.457,21.8163914,-160.1901527,0.63,0.60,0.380,0.91,0.61,3.04,1인,S218
2_305_7935_24980_8534,niihau_2_305_7935_24980.jpg,plastic debris,plastic_other,0.423,21.8164074,-160.1901290,0.44,0.41,0.180,0.43,0.29,1.44,1인,S218
2_305_7935_24980_8535,niihau_2_305_7935_24980.jpg,plastic debris,plastic_other,0.374,21.8164050,-160.1901283,0.60,0.59,0.352,0.85,0.56,2.82,1인,S218
2_305_7935_24980_8536,niihau_2_305_7935_24980.jpg,plastic debris,plastic_other,0.326,21.8164276,-160.1900975,0.52,0.50,0.264,0.63,0.42,2.11,1인,S218
2_305_7935_24980_8537,niihau_2_305_7935_24980.jpg,plastic debris,plastic_other,0.308,21.8164170,-160.1901330,0.58,0.56,0.324,0.78,0.52,2.59,1인,S218
2_305_7958_24648_8550,niihau_2_305_7958_24648.jpg,Styrofoam_Buoy,eps_buoy,0.670,21.8163842,-160.1900522,1.82,1.39,2.541,22.23,9.53,25.41,2인,S218
2_305_7958_24648_8551,niihau_2_305_7958_24648.jpg,Plastic_Buoy,plastic_buoy,0.655,21.8164526,-160.1901426,0.62,0.59,0.363,6.54,3.27,8.72,1인,S218
2_305_7958_24648_8552,niihau_2_305_7958_24648.jpg,Net,net,0.649,21.8164160,-160.1900912,0.55,0.53,0.289,5.20,2.17,13.01,1인,S218
2_305_7958_24648_8553,niihau_2_305_7958_24648.jpg,plastic debris,plastic_other,0.642,21.8164294,-160.1900852,1.10,1.10,1.214,2.91,1.94,9.71,1인,S218
2_305_7958_24648_8554,niihau_2_305_7958_24648.jpg,Plastic_ETC,plastic_other,0.641,21.8164001,-160.1901541,1.00,1.00,0.995,2.39,1.59,7.96,1인,S218
2_305_7958_24648_8555,niihau_2_305_7958_24648.jpg,Plastic_Buoy,plastic_buoy,0.584,21.8164266,-160.1900930,0.77,0.77,0.589,10.61,5.30,14.14,1인,S218
2_305_7958_24648_8556,niihau_2_305_7958_24648.jpg,Styrofoam_Piece,eps_fragment,0.576,21.8164141,-160.1901451,1.23,0.80,0.980,0.59,0.39,1.96,1인,S218
2_305_7958_24648_8557,niihau_2_305_7958_24648.jpg,plastic debris,plastic_other,0.571,21.8164332,-160.1901490,1.34,1.26,1.690,4.06,2.70,13.52,1인,S218
2_305_7958_24648_8558,niihau_2_305_7958_24648.jpg,plastic debris,plastic_other,0.555,21.8163842,-160.1901157,2.24,1.91,4.273,10.26,6.84,34.18,2인,S218
2_305_7958_24648_8559,niihau_2_305_7958_24648.jpg,plastic debris,plastic_other,0.545,21.8164413,-160.1900992,0.53,0.52,0.280,0.67,0.45,2.24,1인,S218
2_305_7958_24648_8560,niihau_2_305_7958_24648.jpg,Styrofoam_Piece,eps_fragment,0.498,21.8164159,-160.1901386,1.21,1.13,1.365,0.82,0.55,2.73,1인,S218
2_305_7958_24648_8561,niihau_2_305_7958_24648.jpg,plastic debris,plastic_other,0.476,21.8164170,-160.1901332,0.53,0.50,0.264,0.63,0.42,2.11,1인,S218
2_305_7958_24648_8562,niihau_2_305_7958_24648.jpg,Plastic_ETC,plastic_other,0.415,21.8164334,-160.1901075,0.87,0.71,0.622,1.49,1.00,4.98,1인,S218
2_305_7958_24648_8563,niihau_2_305_7958_24648.jpg,Styrofoam_Piece,eps_fragment,0.345,21.8163912,-160.1901527,0.62,0.60,0.377,0.23,0.15,0.75,1인,S218
2_305_7958_24648_8564,niihau_2_305_7958_24648.jpg,plastic debris,plastic_other,0.341,21.8164181,-160.1900955,0.55,0.54,0.295,0.71,0.47,2.36,1인,S218
2_305_7958_24648_8565,niihau_2_305_7958_24648.jpg,plastic debris,plastic_other,0.332,21.8164332,-160.1900777,1.27,1.14,1.452,3.48,2.32,11.61,1인,S218
2_306_6404_9243_8579,niihau_2_306_6404_9243.jpg,Styrofoam_Piece,eps_fragment,0.830,21.8205757,-160.1877638,0.82,0.80,0.656,0.39,0.26,1.31,1인,S219
2_306_6404_9243_8580,niihau_2_306_6404_9243.jpg,Plastic_ETC,plastic_other,0.382,21.8205890,-160.1877167,0.86,0.84,0.718,1.72,1.15,5.75,1인,S219
2_356_11223_13662_8591,niihau_2_356_11223_13662.jpg,plastic debris,plastic_other,0.565,21.8240185,-160.1861616,0.50,0.46,0.232,0.56,0.37,1.86,1인,S220
2_356_11223_13662_8592,niihau_2_356_11223_13662.jpg,Styrofoam_Piece,eps_fragment,0.543,21.8240566,-160.1861702,0.63,0.63,0.396,0.24,0.16,0.79,1인,S220
2_356_11223_13662_8593,niihau_2_356_11223_13662.jpg,plastic debris,plastic_other,0.527,21.8240179,-160.1862170,0.48,0.46,0.223,0.53,0.36,1.78,1인,S220
2_356_11223_13662_8594,niihau_2_356_11223_13662.jpg,plastic debris,plastic_other,0.482,21.8240400,-160.1861673,0.61,0.61,0.368,0.88,0.59,2.94,1인,S220
2_356_11223_13662_8595,niihau_2_356_11223_13662.jpg,plastic debris,plastic_other,0.479,21.8240788,-160.1861925,0.59,0.55,0.329,0.79,0.53,2.63,1인,S220
2_356_11223_13662_8596,niihau_2_356_11223_13662.jpg,plastic debris,plastic_other,0.418,21.8240116,-160.1862456,0.60,0.59,0.350,0.84,0.56,2.80,1인,S220
2_356_11223_13662_8597,niihau_2_356_11223_13662.jpg,plastic debris,plastic_other,0.394,21.8240718,-160.1861947,0.93,0.90,0.832,2.00,1.33,6.66,1인,S220
2_356_11223_13662_8598,niihau_2_356_11223_13662.jpg,plastic debris,plastic_other,0.375,21.8239818,-160.1862492,0.73,0.69,0.497,1.19,0.80,3.98,1인,S220
2_356_11223_13662_8599,niihau_2_356_11223_13662.jpg,plastic debris,plastic_other,0.342,21.8240857,-160.1861888,0.46,0.42,0.192,0.46,0.31,1.53,1인,S220
2_356_11223_13662_8600,niihau_2_356_11223_13662.jpg,plastic debris,plastic_other,0.340,21.8240002,-160.1862464,0.62,0.60,0.372,0.89,0.60,2.98,1인,S220
2_356_11223_13662_8601,niihau_2_356_11223_13662.jpg,plastic debris,plastic_other,0.325,21.8239889,-160.1861781,0.83,0.82,0.678,1.63,1.09,5.43,1인,S220
2_356_11655_14083_8618,niihau_2_356_11655_14083.jpg,Plastic_ETC,plastic_other,0.672,21.8239471,-160.1861322,0.69,0.66,0.455,1.09,0.73,3.64,1인,S220
2_356_11655_14083_8619,niihau_2_356_11655_14083.jpg,plastic debris,plastic_other,0.532,21.8239491,-160.1861268,0.47,0.47,0.221,0.53,0.35,1.77,1인,S220
2_356_11655_14083_8620,niihau_2_356_11655_14083.jpg,plastic debris,plastic_other,0.473,21.8239525,-160.1861204,0.57,0.56,0.320,0.77,0.51,2.56,1인,S220
2_356_11655_14083_8621,niihau_2_356_11655_14083.jpg,Plastic_Buoy,plastic_buoy,0.438,21.8239544,-160.1861314,0.72,0.69,0.501,9.02,4.51,12.02,1인,S220
2_356_7284_19889_8634,niihau_2_356_7284_19889.jpg,plastic debris,plastic_other,0.758,21.8228992,-160.1869679,2.00,1.99,3.970,9.53,6.35,31.76,2인,S221
2_357_2913_18589_8646,niihau_2_357_2913_18589.jpg,Plastic_Buoy,plastic_buoy,0.822,21.8252096,-160.1852850,0.66,0.63,0.420,7.56,3.78,10.08,1인,S222
2_357_2913_18589_8647,niihau_2_357_2913_18589.jpg,Net,net,0.739,21.8252032,-160.1853274,0.66,0.64,0.424,7.64,3.18,19.09,1인,S222
2_357_2913_18589_8648,niihau_2_357_2913_18589.jpg,plastic debris,plastic_other,0.639,21.8252304,-160.1852799,0.56,0.54,0.305,0.73,0.49,2.44,1인,S222
2_357_2913_18589_8649,niihau_2_357_2913_18589.jpg,plastic debris,plastic_other,0.626,21.8252582,-160.1852655,0.72,0.70,0.501,1.20,0.80,4.01,1인,S222
2_357_2913_18589_8650,niihau_2_357_2913_18589.jpg,Net,net,0.621,21.8251944,-160.1853398,0.60,0.58,0.347,6.25,2.60,15.63,1인,S222
2_357_2913_18589_8651,niihau_2_357_2913_18589.jpg,plastic debris,plastic_other,0.598,21.8251925,-160.1853071,0.61,0.59,0.360,0.86,0.58,2.88,1인,S222
2_357_2913_18589_8652,niihau_2_357_2913_18589.jpg,plastic debris,plastic_other,0.593,21.8251866,-160.1853425,0.61,0.34,0.209,0.50,0.33,1.67,1인,S222
2_357_2913_18589_8653,niihau_2_357_2913_18589.jpg,plastic debris,plastic_other,0.582,21.8252126,-160.1852825,0.59,0.57,0.340,0.82,0.54,2.72,1인,S222
2_357_2913_18589_8654,niihau_2_357_2913_18589.jpg,plastic debris,plastic_other,0.570,21.8251982,-160.1853358,0.51,0.49,0.247,0.59,0.40,1.98,1인,S222
2_357_2913_18589_8655,niihau_2_357_2913_18589.jpg,plastic debris,plastic_other,0.518,21.8252619,-160.1852664,0.61,0.60,0.363,0.87,0.58,2.91,1인,S222
2_357_2913_18589_8656,niihau_2_357_2913_18589.jpg,PET_Bottle,pet_bottle,0.512,21.8252089,-160.1853133,0.65,0.62,0.405,0.80,0.67,1.34,1인,S222
2_357_2913_18589_8657,niihau_2_357_2913_18589.jpg,plastic debris,plastic_other,0.414,21.8252694,-160.1852740,0.90,0.83,0.741,1.78,1.19,5.93,1인,S222
2_357_2913_18589_8658,niihau_2_357_2913_18589.jpg,Net,net,0.387,21.8252326,-160.1853132,0.71,0.70,0.496,8.92,3.72,22.31,1인,S222
2_357_2913_18589_8659,niihau_2_357_2913_18589.jpg,plastic debris,plastic_other,0.383,21.8252614,-160.1852724,0.58,0.58,0.340,0.82,0.54,2.72,1인,S222
2_357_2913_18589_8660,niihau_2_357_2913_18589.jpg,plastic debris,plastic_other,0.358,21.8252596,-160.1852433,0.74,0.69,0.510,1.22,0.82,4.08,1인,S222
2_357_2913_18589_8661,niihau_2_357_2913_18589.jpg,plastic debris,plastic_other,0.342,21.8252578,-160.1852883,0.68,0.64,0.435,1.04,0.70,3.48,1인,S222
2_357_3249_18529_8701,niihau_2_357_3249_18529.jpg,Plastic_Buoy,plastic_buoy,0.728,21.8252097,-160.1852848,0.66,0.64,0.425,7.65,3.82,10.20,1인,S222
2_357_3249_18529_8702,niihau_2_357_3249_18529.jpg,plastic debris,plastic_other,0.590,21.8252305,-160.1852798,0.60,0.57,0.344,0.83,0.55,2.76,1인,S222
2_357_3249_18529_8703,niihau_2_357_3249_18529.jpg,PET_Bottle,pet_bottle,0.544,21.8252582,-160.1852656,0.73,0.68,0.496,0.98,0.82,1.64,1인,S222
2_357_3249_18529_8704,niihau_2_357_3249_18529.jpg,plastic debris,plastic_other,0.455,21.8252621,-160.1852665,0.60,0.59,0.351,0.84,0.56,2.81,1인,S222
2_357_3249_18529_8705,niihau_2_357_3249_18529.jpg,plastic debris,plastic_other,0.448,21.8252129,-160.1852823,0.63,0.62,0.392,0.94,0.63,3.13,1인,S222
2_357_3249_18529_8706,niihau_2_357_3249_18529.jpg,Plastic_Buoy,plastic_buoy,0.422,21.8252612,-160.1852723,0.58,0.58,0.340,6.12,3.06,8.16,1인,S222
2_408_14103_10563_8721,niihau_2_408_14103_10563.jpg,Plastic_ETC,plastic_other,0.733,21.8330467,-160.1800137,0.66,0.65,0.427,1.03,0.68,3.42,1인,S223
2_408_14103_10563_8722,niihau_2_408_14103_10563.jpg,Plastic_ETC,plastic_other,0.706,21.8330265,-160.1799959,0.81,0.78,0.630,1.51,1.01,5.04,1인,S223
2_408_14103_10563_8723,niihau_2_408_14103_10563.jpg,Plastic_ETC,plastic_other,0.695,21.8330352,-160.1800283,0.70,0.68,0.481,1.16,0.77,3.85,1인,S223
2_408_14103_10563_8724,niihau_2_408_14103_10563.jpg,plastic debris,plastic_other,0.606,21.8330423,-160.1799907,0.50,0.48,0.240,0.58,0.38,1.92,1인,S223
2_408_14103_10563_8725,niihau_2_408_14103_10563.jpg,Plastic_ETC,plastic_other,0.375,21.8330568,-160.1800064,1.03,0.84,0.856,2.06,1.37,6.85,1인,S223
2_408_14103_10563_8726,niihau_2_408_14103_10563.jpg,plastic debris,plastic_other,0.361,21.8329806,-160.1800801,1.33,0.70,0.929,2.23,1.49,7.43,1인,S223
2_408_14103_10563_8727,niihau_2_408_14103_10563.jpg,plastic debris,plastic_other,0.320,21.8330032,-160.1800274,1.00,0.93,0.930,2.23,1.49,7.44,1인,S223
2_408_1845_25641_8733,niihau_2_408_1845_25641.jpg,Plastic_ETC,plastic_other,0.836,21.8302593,-160.1823261,0.83,0.81,0.666,1.60,1.07,5.33,1인,S224
2_408_1845_25641_8734,niihau_2_408_1845_25641.jpg,plastic debris,plastic_other,0.793,21.8302860,-160.1823304,0.65,0.63,0.414,0.99,0.66,3.31,1인,S224
2_408_1845_25641_8735,niihau_2_408_1845_25641.jpg,Plastic_ETC,plastic_other,0.781,21.8302997,-160.1824190,0.68,0.67,0.460,1.11,0.74,3.68,1인,S224
2_408_1845_25641_8736,niihau_2_408_1845_25641.jpg,Plastic_Buoy_China,plastic_buoy,0.720,21.8302615,-160.1823331,0.64,0.64,0.407,7.32,3.66,9.76,1인,S224
2_408_1845_25641_8737,niihau_2_408_1845_25641.jpg,plastic debris,plastic_other,0.687,21.8302774,-160.1823251,0.56,0.55,0.306,0.73,0.49,2.45,1인,S224
2_408_1845_25641_8738,niihau_2_408_1845_25641.jpg,Plastic_ETC,plastic_other,0.661,21.8303167,-160.1824283,1.38,1.12,1.547,3.71,2.48,12.38,1인,S224
2_408_1845_25641_8739,niihau_2_408_1845_25641.jpg,plastic debris,plastic_other,0.656,21.8302578,-160.1823436,0.56,0.55,0.309,0.74,0.49,2.47,1인,S224
2_408_1845_25641_8740,niihau_2_408_1845_25641.jpg,plastic debris,plastic_other,0.574,21.8302964,-160.1823556,0.61,0.61,0.376,0.90,0.60,3.01,1인,S224
2_408_1845_25641_8741,niihau_2_408_1845_25641.jpg,Plastic_ETC,plastic_other,0.484,21.8302909,-160.1823440,1.15,0.79,0.911,2.19,1.46,7.29,1인,S224
2_408_1845_25641_8742,niihau_2_408_1845_25641.jpg,plastic debris,plastic_other,0.429,21.8303449,-160.1824017,0.40,0.37,0.146,0.35,0.23,1.17,1인,S224
2_408_1845_25641_8743,niihau_2_408_1845_25641.jpg,plastic debris,plastic_other,0.367,21.8302895,-160.1823496,0.58,0.57,0.329,0.79,0.53,2.63,1인,S224
2_408_1845_25641_8744,niihau_2_408_1845_25641.jpg,plastic debris,plastic_other,0.312,21.8303239,-160.1823362,0.58,0.58,0.336,0.81,0.54,2.69,1인,S224
2_408_2007_25184_8755,niihau_2_408_2007_25184.jpg,plastic debris,plastic_other,0.682,21.8303816,-160.1822871,0.63,0.36,0.227,0.54,0.36,1.81,1인,S224
2_408_2007_25184_8756,niihau_2_408_2007_25184.jpg,plastic debris,plastic_other,0.591,21.8303815,-160.1823843,0.52,0.52,0.270,0.65,0.43,2.16,1인,S224
2_408_2007_25184_8757,niihau_2_408_2007_25184.jpg,plastic debris,plastic_other,0.535,21.8303819,-160.1823329,0.52,0.52,0.267,0.64,0.43,2.14,1인,S224
2_408_2007_25184_8758,niihau_2_408_2007_25184.jpg,plastic debris,plastic_other,0.484,21.8303239,-160.1823361,0.62,0.58,0.359,0.86,0.58,2.88,1인,S224
2_408_2007_25184_8759,niihau_2_408_2007_25184.jpg,plastic debris,plastic_other,0.409,21.8303270,-160.1823021,0.70,0.66,0.460,1.10,0.74,3.68,1인,S224
2_408_2007_25184_8760,niihau_2_408_2007_25184.jpg,plastic debris,plastic_other,0.372,21.8304050,-160.1822961,0.72,0.72,0.518,1.24,0.83,4.15,1인,S224
2_408_2007_25184_8761,niihau_2_408_2007_25184.jpg,Net,net,0.341,21.8303521,-160.1823401,0.74,0.69,0.515,9.27,3.86,23.17,2인,S224
2_408_2007_25184_8762,niihau_2_408_2007_25184.jpg,plastic debris,plastic_other,0.320,21.8304310,-160.1823755,1.16,0.90,1.041,2.50,1.66,8.32,1인,S224
2_408_2209_25801_8769,niihau_2_408_2209_25801.jpg,Plastic_ETC,plastic_other,0.857,21.8302592,-160.1823259,0.79,0.77,0.603,1.45,0.97,4.83,1인,S224
2_408_2209_25801_8770,niihau_2_408_2209_25801.jpg,plastic debris,plastic_other,0.743,21.8302774,-160.1823249,0.58,0.57,0.330,0.79,0.53,2.64,1인,S224
2_408_2209_25801_8771,niihau_2_408_2209_25801.jpg,plastic debris,plastic_other,0.732,21.8302578,-160.1823434,0.56,0.55,0.307,0.74,0.49,2.46,1인,S224
2_408_2209_25801_8772,niihau_2_408_2209_25801.jpg,plastic debris,plastic_other,0.711,21.8303005,-160.1822894,0.67,0.67,0.446,1.07,0.71,3.57,1인,S224
2_408_2209_25801_8773,niihau_2_408_2209_25801.jpg,plastic debris,plastic_other,0.707,21.8302860,-160.1823305,0.60,0.60,0.361,0.87,0.58,2.88,1인,S224
2_408_2209_25801_8774,niihau_2_408_2209_25801.jpg,Plastic_ETC,plastic_other,0.702,21.8302653,-160.1822905,0.51,0.49,0.248,0.59,0.40,1.98,1인,S224
2_408_2209_25801_8775,niihau_2_408_2209_25801.jpg,Plastic_ETC,plastic_other,0.666,21.8302651,-160.1823041,2.06,1.82,3.746,8.99,5.99,29.96,2인,S224
2_408_2209_25801_8776,niihau_2_408_2209_25801.jpg,Plastic_Buoy_China,plastic_buoy,0.656,21.8302616,-160.1823333,0.64,0.63,0.409,7.35,3.68,9.81,1인,S224
2_408_2209_25801_8777,niihau_2_408_2209_25801.jpg,plastic debris,plastic_other,0.651,21.8302966,-160.1823558,0.56,0.55,0.307,0.74,0.49,2.46,1인,S224
2_408_2209_25801_8778,niihau_2_408_2209_25801.jpg,plastic debris,plastic_other,0.597,21.8302496,-160.1823039,1.33,1.32,1.763,4.23,2.82,14.11,1인,S224
2_408_2209_25801_8779,niihau_2_408_2209_25801.jpg,PET_Bottle,pet_bottle,0.582,21.8302506,-160.1822498,0.98,0.94,0.925,1.83,1.53,3.05,1인,S224
2_408_2209_25801_8780,niihau_2_408_2209_25801.jpg,plastic debris,plastic_other,0.505,21.8302293,-160.1823619,0.47,0.45,0.212,0.51,0.34,1.70,1인,S224
2_408_2209_25801_8781,niihau_2_408_2209_25801.jpg,Plastic_ETC,plastic_other,0.462,21.8302905,-160.1823453,0.77,0.65,0.503,1.21,0.81,4.03,1인,S224
2_408_2209_25801_8782,niihau_2_408_2209_25801.jpg,Plastic_ETC,plastic_other,0.453,21.8302563,-160.1822571,0.82,0.78,0.638,1.53,1.02,5.11,1인,S224
2_408_2209_25801_8783,niihau_2_408_2209_25801.jpg,plastic debris,plastic_other,0.448,21.8302508,-160.1823586,0.40,0.38,0.155,0.37,0.25,1.24,1인,S224
2_408_2209_25801_8784,niihau_2_408_2209_25801.jpg,plastic debris,plastic_other,0.433,21.8302996,-160.1823095,0.47,0.46,0.217,0.52,0.35,1.73,1인,S224
2_408_2209_25801_8785,niihau_2_408_2209_25801.jpg,plastic debris,plastic_other,0.405,21.8302895,-160.1823495,0.56,0.54,0.307,0.74,0.49,2.45,1인,S224
2_408_2209_25801_8786,niihau_2_408_2209_25801.jpg,plastic debris,plastic_other,0.366,21.8302982,-160.1823153,0.64,0.62,0.398,0.96,0.64,3.19,1인,S224
2_408_2209_25801_8787,niihau_2_408_2209_25801.jpg,plastic debris,plastic_other,0.351,21.8302955,-160.1822597,1.40,1.15,1.610,3.86,2.58,12.88,1인,S224
2_408_2209_25801_8788,niihau_2_408_2209_25801.jpg,plastic debris,plastic_other,0.318,21.8302580,-160.1823638,0.67,0.64,0.428,1.03,0.68,3.42,1인,S224
2_408_2391_25163_8819,niihau_2_408_2391_25163.jpg,Styrofoam_Piece,eps_fragment,0.754,21.8304044,-160.1822324,0.68,0.67,0.452,0.27,0.18,0.90,1인,S224
2_408_2391_25163_8820,niihau_2_408_2391_25163.jpg,Plastic_ETC,plastic_other,0.722,21.8304017,-160.1822232,0.77,0.76,0.585,1.40,0.94,4.68,1인,S224
2_408_2391_25163_8821,niihau_2_408_2391_25163.jpg,plastic debris,plastic_other,0.613,21.8303505,-160.1822716,1.67,1.29,2.155,5.17,3.45,17.24,1인,S224
2_408_2391_25163_8822,niihau_2_408_2391_25163.jpg,plastic debris,plastic_other,0.600,21.8303812,-160.1822860,0.56,0.56,0.311,0.75,0.50,2.48,1인,S224
2_408_2391_25163_8823,niihau_2_408_2391_25163.jpg,plastic debris,plastic_other,0.577,21.8304088,-160.1822136,0.63,0.47,0.296,0.71,0.47,2.37,1인,S224
2_408_2391_25163_8824,niihau_2_408_2391_25163.jpg,plastic debris,plastic_other,0.488,21.8303903,-160.1822248,0.56,0.52,0.290,0.70,0.46,2.32,1인,S224
2_408_2391_25163_8825,niihau_2_408_2391_25163.jpg,plastic debris,plastic_other,0.472,21.8304375,-160.1822400,0.48,0.44,0.215,0.51,0.34,1.72,1인,S224
2_408_2391_25163_8826,niihau_2_408_2391_25163.jpg,plastic debris,plastic_other,0.432,21.8303816,-160.1822726,0.76,0.76,0.576,1.38,0.92,4.61,1인,S224
2_408_2391_25163_8827,niihau_2_408_2391_25163.jpg,plastic debris,plastic_other,0.414,21.8304117,-160.1822589,0.53,0.48,0.254,0.61,0.41,2.03,1인,S224
2_408_2391_25163_8828,niihau_2_408_2391_25163.jpg,plastic debris,plastic_other,0.345,21.8303931,-160.1822379,0.42,0.39,0.168,0.40,0.27,1.34,1인,S224
2_408_2391_25163_8829,niihau_2_408_2391_25163.jpg,plastic debris,plastic_other,0.342,21.8303402,-160.1822428,0.45,0.43,0.194,0.47,0.31,1.55,1인,S224
2_408_2391_25163_8830,niihau_2_408_2391_25163.jpg,plastic debris,plastic_other,0.327,21.8304094,-160.1822889,0.51,0.51,0.264,0.63,0.42,2.11,1인,S224
2_408_2391_25163_8831,niihau_2_408_2391_25163.jpg,plastic debris,plastic_other,0.309,21.8303271,-160.1823022,0.72,0.71,0.509,1.22,0.81,4.07,1인,S224
2_408_2391_25163_8832,niihau_2_408_2391_25163.jpg,plastic debris,plastic_other,0.304,21.8304174,-160.1822650,0.61,0.61,0.372,0.89,0.60,2.98,1인,S224
2_408_3285_27495_8846,niihau_2_408_3285_27495.jpg,Plastic_ETC,plastic_other,0.800,21.8299715,-160.1820792,0.68,0.68,0.459,1.10,0.73,3.67,1인,S225
2_408_3285_27495_8847,niihau_2_408_3285_27495.jpg,PET_Bottle,pet_bottle,0.555,21.8299844,-160.1820460,0.38,0.33,0.127,0.25,0.21,0.42,1인,S225
2_408_3285_27495_8848,niihau_2_408_3285_27495.jpg,plastic debris,plastic_other,0.529,21.8299898,-160.1820555,1.54,1.52,2.343,5.62,3.75,18.74,1인,S225
2_408_3285_27495_8849,niihau_2_408_3285_27495.jpg,PET_Bottle,pet_bottle,0.425,21.8299402,-160.1820922,0.64,0.57,0.366,0.72,0.60,1.21,1인,S225
2_408_4090_23800_8855,niihau_2_408_4090_23800.jpg,Plastic_ETC,plastic_other,0.806,21.8306522,-160.1819641,0.79,0.76,0.599,1.44,0.96,4.79,1인,S226
2_408_4090_23800_8856,niihau_2_408_4090_23800.jpg,Plastic_Buoy,plastic_buoy,0.786,21.8306244,-160.1819560,0.58,0.58,0.336,6.04,3.02,8.06,1인,S226
2_408_4090_23800_8857,niihau_2_408_4090_23800.jpg,Plastic_Buoy,plastic_buoy,0.783,21.8306746,-160.1819447,0.72,0.69,0.494,8.90,4.45,11.86,1인,S226
2_408_4090_23800_8858,niihau_2_408_4090_23800.jpg,Plastic_ETC,plastic_other,0.736,21.8306570,-160.1819278,0.74,0.73,0.539,1.29,0.86,4.31,1인,S226
2_408_4090_23800_8859,niihau_2_408_4090_23800.jpg,Plastic_Buoy,plastic_buoy,0.716,21.8306240,-160.1819350,0.61,0.57,0.348,6.26,3.13,8.35,1인,S226
2_408_4090_23800_8860,niihau_2_408_4090_23800.jpg,Plastic_Buoy,plastic_buoy,0.678,21.8306071,-160.1819723,0.66,0.66,0.441,7.93,3.96,10.57,1인,S226
2_408_4090_23800_8861,niihau_2_408_4090_23800.jpg,PET_Bottle,pet_bottle,0.585,21.8306228,-160.1818946,0.63,0.55,0.342,0.68,0.56,1.13,1인,S226
2_408_4090_23800_8862,niihau_2_408_4090_23800.jpg,Plastic_Buoy,plastic_buoy,0.568,21.8306568,-160.1819220,0.72,0.69,0.501,9.02,4.51,12.03,1인,S226
2_408_4090_23800_8863,niihau_2_408_4090_23800.jpg,Styrofoam_Piece,eps_fragment,0.560,21.8305764,-160.1820047,0.73,0.64,0.466,0.28,0.19,0.93,1인,S226
2_408_4090_23800_8864,niihau_2_408_4090_23800.jpg,Net,net,0.535,21.8306118,-160.1819463,0.71,0.70,0.498,8.96,3.73,22.41,1인,S226
2_408_4090_23800_8865,niihau_2_408_4090_23800.jpg,plastic debris,plastic_other,0.528,21.8306068,-160.1819601,0.61,0.60,0.366,0.88,0.59,2.93,1인,S226
2_408_4090_23800_8866,niihau_2_408_4090_23800.jpg,plastic debris,plastic_other,0.511,21.8306467,-160.1819257,0.56,0.55,0.310,0.75,0.50,2.48,1인,S226
2_408_4090_23800_8867,niihau_2_408_4090_23800.jpg,plastic debris,plastic_other,0.505,21.8306542,-160.1819358,0.65,0.64,0.415,1.00,0.66,3.32,1인,S226
2_408_4090_23800_8868,niihau_2_408_4090_23800.jpg,plastic debris,plastic_other,0.494,21.8306444,-160.1818931,0.71,0.70,0.492,1.18,0.79,3.94,1인,S226
2_408_4090_23800_8869,niihau_2_408_4090_23800.jpg,plastic debris,plastic_other,0.483,21.8306799,-160.1819168,1.72,1.46,2.513,6.03,4.02,20.10,1인,S226
2_408_4090_23800_8870,niihau_2_408_4090_23800.jpg,plastic debris,plastic_other,0.474,21.8306720,-160.1819532,0.66,0.63,0.415,1.00,0.66,3.32,1인,S226
2_408_4090_23800_8871,niihau_2_408_4090_23800.jpg,plastic debris,plastic_other,0.458,21.8306409,-160.1819186,0.57,0.56,0.318,0.76,0.51,2.55,1인,S226
2_408_4090_23800_8872,niihau_2_408_4090_23800.jpg,plastic debris,plastic_other,0.452,21.8306669,-160.1818912,0.41,0.40,0.165,0.40,0.26,1.32,1인,S226
2_408_4090_23800_8873,niihau_2_408_4090_23800.jpg,plastic debris,plastic_other,0.443,21.8306269,-160.1819245,0.58,0.54,0.311,0.75,0.50,2.49,1인,S226
2_408_4090_23800_8874,niihau_2_408_4090_23800.jpg,PET_Bottle,pet_bottle,0.411,21.8306572,-160.1819388,0.56,0.55,0.306,0.61,0.50,1.01,1인,S226
2_408_4090_23800_8875,niihau_2_408_4090_23800.jpg,plastic debris,plastic_other,0.398,21.8306070,-160.1820030,0.56,0.51,0.285,0.68,0.46,2.28,1인,S226
2_408_4090_23800_8876,niihau_2_408_4090_23800.jpg,plastic debris,plastic_other,0.388,21.8306268,-160.1819289,0.72,0.66,0.475,1.14,0.76,3.80,1인,S226
2_408_4090_23800_8877,niihau_2_408_4090_23800.jpg,plastic debris,plastic_other,0.368,21.8305748,-160.1819376,0.58,0.50,0.288,0.69,0.46,2.30,1인,S226
2_408_4090_23800_8878,niihau_2_408_4090_23800.jpg,Plastic_Buoy_China,plastic_buoy,0.364,21.8305743,-160.1819582,0.58,0.40,0.233,4.20,2.10,5.60,1인,S226
2_408_4090_23800_8879,niihau_2_408_4090_23800.jpg,plastic debris,plastic_other,0.362,21.8306333,-160.1819300,0.55,0.49,0.269,0.64,0.43,2.15,1인,S226
2_408_4090_23800_8880,niihau_2_408_4090_23800.jpg,plastic debris,plastic_other,0.348,21.8306665,-160.1819235,0.49,0.43,0.215,0.52,0.34,1.72,1인,S226
2_408_4090_23800_8881,niihau_2_408_4090_23800.jpg,plastic debris,plastic_other,0.326,21.8306346,-160.1819154,0.44,0.41,0.181,0.44,0.29,1.45,1인,S226
2_408_4090_23800_8882,niihau_2_408_4090_23800.jpg,plastic debris,plastic_other,0.311,21.8306866,-160.1819086,0.66,0.41,0.270,0.65,0.43,2.16,1인,S226
2_408_4259_23401_8908,niihau_2_408_4259_23401.jpg,Plastic_ETC,plastic_other,0.817,21.8306522,-160.1819641,0.80,0.76,0.606,1.45,0.97,4.84,1인,S226
2_408_4259_23401_8909,niihau_2_408_4259_23401.jpg,Plastic_ETC,plastic_other,0.806,21.8307486,-160.1818769,0.76,0.73,0.559,1.34,0.89,4.47,1인,S226
2_408_4259_23401_8910,niihau_2_408_4259_23401.jpg,Plastic_Buoy,plastic_buoy,0.782,21.8306744,-160.1819447,0.74,0.70,0.516,9.28,4.64,12.38,1인,S226
2_408_4259_23401_8911,niihau_2_408_4259_23401.jpg,Plastic_ETC,plastic_other,0.774,21.8306569,-160.1819278,0.72,0.70,0.502,1.20,0.80,4.02,1인,S226
2_408_4259_23401_8912,niihau_2_408_4259_23401.jpg,Plastic_Buoy_China,plastic_buoy,0.712,21.8306982,-160.1819378,0.69,0.66,0.458,8.25,4.12,11.00,1인,S226
2_408_4259_23401_8913,niihau_2_408_4259_23401.jpg,Net,net,0.693,21.8307038,-160.1819375,0.66,0.62,0.411,7.40,3.08,18.51,1인,S226
2_408_4259_23401_8914,niihau_2_408_4259_23401.jpg,Plastic_Buoy,plastic_buoy,0.674,21.8306568,-160.1819221,0.73,0.68,0.497,8.95,4.48,11.94,1인,S226
2_408_4259_23401_8915,niihau_2_408_4259_23401.jpg,Plastic_Buoy_China,plastic_buoy,0.568,21.8306940,-160.1818554,0.69,0.66,0.456,8.21,4.10,10.94,1인,S226
2_408_4259_23401_8916,niihau_2_408_4259_23401.jpg,plastic debris,plastic_other,0.518,21.8306648,-160.1818641,0.62,0.58,0.363,0.87,0.58,2.90,1인,S226
2_408_4259_23401_8917,niihau_2_408_4259_23401.jpg,plastic debris,plastic_other,0.504,21.8306719,-160.1819533,0.64,0.62,0.396,0.95,0.63,3.16,1인,S226
2_408_4259_23401_8918,niihau_2_408_4259_23401.jpg,Plastic_Buoy_China,plastic_buoy,0.501,21.8306926,-160.1819635,0.70,0.69,0.478,8.60,4.30,11.47,1인,S226
2_408_4259_23401_8919,niihau_2_408_4259_23401.jpg,plastic debris,plastic_other,0.499,21.8306543,-160.1819358,0.67,0.66,0.441,1.06,0.70,3.52,1인,S226
2_408_4259_23401_8920,niihau_2_408_4259_23401.jpg,plastic debris,plastic_other,0.484,21.8307480,-160.1819223,0.67,0.67,0.453,1.09,0.72,3.62,1인,S226
2_408_4259_23401_8921,niihau_2_408_4259_23401.jpg,plastic debris,plastic_other,0.482,21.8307255,-160.1818753,0.71,0.67,0.470,1.13,0.75,3.76,1인,S226
2_408_4259_23401_8922,niihau_2_408_4259_23401.jpg,plastic debris,plastic_other,0.477,21.8306470,-160.1819257,0.56,0.50,0.278,0.67,0.44,2.22,1인,S226
2_408_4259_23401_8923,niihau_2_408_4259_23401.jpg,plastic debris,plastic_other,0.473,21.8306606,-160.1818643,0.69,0.68,0.468,1.12,0.75,3.74,1인,S226
2_408_4259_23401_8924,niihau_2_408_4259_23401.jpg,plastic debris,plastic_other,0.472,21.8306795,-160.1819167,1.62,1.42,2.301,5.52,3.68,18.41,1인,S226
2_408_4259_23401_8925,niihau_2_408_4259_23401.jpg,Net,net,0.466,21.8307501,-160.1818810,0.59,0.58,0.344,6.19,2.58,15.48,1인,S226
2_408_4259_23401_8926,niihau_2_408_4259_23401.jpg,plastic debris,plastic_other,0.434,21.8306874,-160.1819084,0.57,0.57,0.330,0.79,0.53,2.64,1인,S226
2_408_4259_23401_8927,niihau_2_408_4259_23401.jpg,plastic debris,plastic_other,0.406,21.8307117,-160.1818991,0.56,0.54,0.303,0.73,0.48,2.42,1인,S226
2_408_4259_23401_8928,niihau_2_408_4259_23401.jpg,plastic debris,plastic_other,0.406,21.8306833,-160.1819384,0.44,0.43,0.185,0.44,0.30,1.48,1인,S226
2_408_4259_23401_8929,niihau_2_408_4259_23401.jpg,plastic debris,plastic_other,0.395,21.8307458,-160.1819024,0.72,0.69,0.495,1.19,0.79,3.96,1인,S226
2_408_4259_23401_8930,niihau_2_408_4259_23401.jpg,PET_Bottle,pet_bottle,0.376,21.8306573,-160.1819387,0.58,0.57,0.331,0.65,0.55,1.09,1인,S226
2_408_4259_23401_8931,niihau_2_408_4259_23401.jpg,plastic debris,plastic_other,0.357,21.8307458,-160.1819174,0.74,0.73,0.538,1.29,0.86,4.30,1인,S226
2_408_4259_23401_8932,niihau_2_408_4259_23401.jpg,plastic debris,plastic_other,0.322,21.8307587,-160.1819019,0.55,0.42,0.233,0.56,0.37,1.86,1인,S226
2_408_4335_23012_8959,niihau_2_408_4335_23012.jpg,Styrofoam_Piece,eps_fragment,0.766,21.8307901,-160.1818418,0.71,0.67,0.474,0.28,0.19,0.95,1인,S226
2_408_4335_23012_8960,niihau_2_408_4335_23012.jpg,Plastic_ETC,plastic_other,0.764,21.8307485,-160.1818767,0.73,0.71,0.517,1.24,0.83,4.14,1인,S226
2_408_4335_23012_8961,niihau_2_408_4335_23012.jpg,PET_Bottle,pet_bottle,0.761,21.8308081,-160.1818577,0.52,0.52,0.271,0.54,0.45,0.89,1인,S226
2_408_4335_23012_8962,niihau_2_408_4335_23012.jpg,Rope,rope,0.674,21.8308224,-160.1818525,0.68,0.68,0.466,5.60,3.73,9.33,1인,S226
2_408_4335_23012_8963,niihau_2_408_4335_23012.jpg,Plastic_ETC,plastic_other,0.630,21.8307731,-160.1818984,1.25,1.18,1.478,3.55,2.37,11.83,1인,S226
2_408_4335_23012_8964,niihau_2_408_4335_23012.jpg,plastic debris,plastic_other,0.586,21.8307679,-160.1818851,0.58,0.57,0.333,0.80,0.53,2.66,1인,S226
2_408_4335_23012_8965,niihau_2_408_4335_23012.jpg,Plastic_ETC,plastic_other,0.574,21.8307932,-160.1818540,0.66,0.66,0.438,1.05,0.70,3.50,1인,S226
2_408_4335_23012_8966,niihau_2_408_4335_23012.jpg,plastic debris,plastic_other,0.549,21.8307480,-160.1819223,0.65,0.63,0.414,0.99,0.66,3.32,1인,S226
2_408_4335_23012_8967,niihau_2_408_4335_23012.jpg,plastic debris,plastic_other,0.509,21.8307618,-160.1819194,1.52,1.28,1.953,4.69,3.12,15.62,1인,S226
2_408_4335_23012_8968,niihau_2_408_4335_23012.jpg,plastic debris,plastic_other,0.498,21.8307254,-160.1818753,0.68,0.65,0.444,1.07,0.71,3.55,1인,S226
2_408_4335_23012_8969,niihau_2_408_4335_23012.jpg,PET_Bottle,pet_bottle,0.455,21.8307215,-160.1819326,0.61,0.58,0.355,0.70,0.59,1.17,1인,S226
2_408_4335_23012_8970,niihau_2_408_4335_23012.jpg,plastic debris,plastic_other,0.455,21.8308093,-160.1818524,0.46,0.44,0.201,0.48,0.32,1.60,1인,S226
2_408_4335_23012_8971,niihau_2_408_4335_23012.jpg,Net,net,0.455,21.8307499,-160.1818810,0.58,0.58,0.338,6.08,2.53,15.20,1인,S226
2_408_4335_23012_8972,niihau_2_408_4335_23012.jpg,plastic debris,plastic_other,0.435,21.8307460,-160.1819172,0.68,0.68,0.461,1.11,0.74,3.69,1인,S226
2_408_4335_23012_8973,niihau_2_408_4335_23012.jpg,plastic debris,plastic_other,0.428,21.8307835,-160.1818462,0.48,0.45,0.216,0.52,0.35,1.73,1인,S226
2_408_4335_23012_8974,niihau_2_408_4335_23012.jpg,plastic debris,plastic_other,0.392,21.8307819,-160.1818527,0.62,0.59,0.367,0.88,0.59,2.93,1인,S226
2_408_4335_23012_8975,niihau_2_408_4335_23012.jpg,plastic debris,plastic_other,0.391,21.8307429,-160.1819146,0.79,0.71,0.556,1.34,0.89,4.45,1인,S226
2_408_4335_23012_8976,niihau_2_408_4335_23012.jpg,plastic debris,plastic_other,0.363,21.8307228,-160.1819050,0.95,0.89,0.838,2.01,1.34,6.70,1인,S226
2_408_4335_23012_8977,niihau_2_408_4335_23012.jpg,Net,net,0.354,21.8308005,-160.1818551,0.62,0.58,0.362,6.51,2.71,16.29,1인,S226
2_408_4335_23012_8978,niihau_2_408_4335_23012.jpg,plastic debris,plastic_other,0.334,21.8307593,-160.1819016,0.52,0.52,0.272,0.65,0.43,2.17,1인,S226
2_408_4335_23012_8979,niihau_2_408_4335_23012.jpg,plastic debris,plastic_other,0.334,21.8308253,-160.1818590,0.43,0.43,0.184,0.44,0.29,1.47,1인,S226
2_408_4430_23810_8992,niihau_2_408_4430_23810.jpg,Plastic_ETC,plastic_other,0.776,21.8306569,-160.1819279,0.74,0.72,0.530,1.27,0.85,4.24,1인,S226
2_408_4430_23810_8993,niihau_2_408_4430_23810.jpg,Plastic_ETC,plastic_other,0.768,21.8306122,-160.1818734,0.79,0.77,0.611,1.47,0.98,4.88,1인,S226
2_408_4430_23810_8994,niihau_2_408_4430_23810.jpg,Plastic_ETC,plastic_other,0.744,21.8306288,-160.1818804,0.73,0.72,0.523,1.26,0.84,4.19,1인,S226
2_408_4430_23810_8995,niihau_2_408_4430_23810.jpg,Plastic_ETC,plastic_other,0.662,21.8305911,-160.1818831,1.50,1.40,2.095,5.03,3.35,16.76,1인,S226
2_408_4430_23810_8996,niihau_2_408_4430_23810.jpg,plastic debris,plastic_other,0.661,21.8306239,-160.1819351,0.51,0.50,0.258,0.62,0.41,2.06,1인,S226
2_408_4430_23810_8997,niihau_2_408_4430_23810.jpg,Styrofoam_Piece,eps_fragment,0.619,21.8306467,-160.1819256,0.58,0.54,0.312,0.19,0.12,0.62,1인,S226
2_408_4430_23810_8998,niihau_2_408_4430_23810.jpg,Plastic_Buoy,plastic_buoy,0.557,21.8306569,-160.1819220,0.69,0.67,0.457,8.22,4.11,10.97,1인,S226
2_408_4430_23810_8999,niihau_2_408_4430_23810.jpg,plastic debris,plastic_other,0.532,21.8306409,-160.1819186,0.61,0.61,0.371,0.89,0.59,2.96,1인,S226
2_408_4430_23810_9000,niihau_2_408_4430_23810.jpg,plastic debris,plastic_other,0.528,21.8306228,-160.1818946,0.61,0.51,0.313,0.75,0.50,2.50,1인,S226
2_408_4430_23810_9001,niihau_2_408_4430_23810.jpg,plastic debris,plastic_other,0.512,21.8306541,-160.1819358,0.68,0.66,0.450,1.08,0.72,3.60,1인,S226
2_408_4430_23810_9002,niihau_2_408_4430_23810.jpg,plastic debris,plastic_other,0.472,21.8305742,-160.1819374,0.61,0.55,0.337,0.81,0.54,2.70,1인,S226
2_408_4430_23810_9003,niihau_2_408_4430_23810.jpg,PET_Bottle,pet_bottle,0.453,21.8306572,-160.1819388,0.63,0.59,0.375,0.74,0.62,1.24,1인,S226
2_408_4430_23810_9004,niihau_2_408_4430_23810.jpg,plastic debris,plastic_other,0.450,21.8306607,-160.1818642,0.70,0.66,0.460,1.10,0.74,3.68,1인,S226
2_408_4430_23810_9005,niihau_2_408_4430_23810.jpg,plastic debris,plastic_other,0.418,21.8306265,-160.1819289,0.63,0.61,0.388,0.93,0.62,3.11,1인,S226
2_408_4430_23810_9006,niihau_2_408_4430_23810.jpg,plastic debris,plastic_other,0.415,21.8306647,-160.1818640,0.64,0.60,0.384,0.92,0.61,3.07,1인,S226
2_408_4430_23810_9007,niihau_2_408_4430_23810.jpg,plastic debris,plastic_other,0.400,21.8306791,-160.1819176,1.65,1.62,2.683,6.44,4.29,21.47,1인,S226
2_408_4430_23810_9008,niihau_2_408_4430_23810.jpg,plastic debris,plastic_other,0.391,21.8306367,-160.1819277,0.63,0.62,0.389,0.93,0.62,3.11,1인,S226
2_408_4430_23810_9009,niihau_2_408_4430_23810.jpg,plastic debris,plastic_other,0.379,21.8306415,-160.1818797,0.66,0.63,0.417,1.00,0.67,3.34,1인,S226
2_408_4430_23810_9010,niihau_2_408_4430_23810.jpg,plastic debris,plastic_other,0.377,21.8306332,-160.1819302,0.50,0.49,0.245,0.59,0.39,1.96,1인,S226
2_408_4430_23810_9011,niihau_2_408_4430_23810.jpg,plastic debris,plastic_other,0.364,21.8306444,-160.1818931,0.68,0.66,0.450,1.08,0.72,3.60,1인,S226
2_408_4430_23810_9012,niihau_2_408_4430_23810.jpg,PET_Bottle,pet_bottle,0.364,21.8306270,-160.1819245,0.57,0.50,0.281,0.56,0.46,0.93,1인,S226
2_409_-95_5278_9039,niihau_2_409_-95_5278.jpg,Plastic_ETC,plastic_other,0.669,21.8339387,-160.1795866,1.07,0.66,0.700,1.68,1.12,5.60,1인,S227
2_409_-95_5278_9040,niihau_2_409_-95_5278.jpg,Net,net,0.470,21.8339806,-160.1795762,0.64,0.63,0.405,7.28,3.03,18.20,1인,S227
2_409_-95_5278_9041,niihau_2_409_-95_5278.jpg,plastic debris,plastic_other,0.351,21.8339637,-160.1796564,0.57,0.53,0.300,0.72,0.48,2.40,1인,S227
2_409_-95_5278_9042,niihau_2_409_-95_5278.jpg,plastic debris,plastic_other,0.332,21.8339553,-160.1795927,0.55,0.48,0.263,0.63,0.42,2.10,1인,S227
2_409_-95_5278_9043,niihau_2_409_-95_5278.jpg,plastic debris,plastic_other,0.323,21.8339967,-160.1795844,0.51,0.49,0.251,0.60,0.40,2.01,1인,S227
2_409_-95_5278_9044,niihau_2_409_-95_5278.jpg,plastic debris,plastic_other,0.309,21.8339940,-160.1796219,0.71,0.64,0.454,1.09,0.73,3.63,1인,S227
2_409_3701_-285_9051,niihau_2_409_3701_-285.jpg,PET_Bottle,pet_bottle,0.699,21.8349480,-160.1788524,0.67,0.43,0.287,0.57,0.47,0.95,1인,S228
2_409_3701_-285_9052,niihau_2_409_3701_-285.jpg,plastic debris,plastic_other,0.674,21.8349913,-160.1789187,1.26,1.24,1.555,3.73,2.49,12.44,1인,S228
2_409_3701_-285_9053,niihau_2_409_3701_-285.jpg,plastic debris,plastic_other,0.630,21.8349772,-160.1789149,0.47,0.44,0.208,0.50,0.33,1.67,1인,S228
2_409_3701_-285_9054,niihau_2_409_3701_-285.jpg,Styrofoam_Piece,eps_fragment,0.537,21.8350064,-160.1789379,0.81,0.77,0.622,0.37,0.25,1.24,1인,S228
2_409_3701_-285_9055,niihau_2_409_3701_-285.jpg,plastic debris,plastic_other,0.454,21.8349470,-160.1789222,0.40,0.33,0.128,0.31,0.21,1.03,1인,S228
2_409_3701_-285_9056,niihau_2_409_3701_-285.jpg,plastic debris,plastic_other,0.326,21.8350037,-160.1788959,0.61,0.53,0.324,0.78,0.52,2.59,1인,S228
2_409_3701_-285_9057,niihau_2_409_3701_-285.jpg,plastic debris,plastic_other,0.310,21.8349945,-160.1789437,0.71,0.71,0.506,1.21,0.81,4.05,1인,S228
2_459_10458_15277_9065,niihau_2_459_10458_15277.jpg,Styrofoam_Piece,eps_fragment,0.580,21.8364240,-160.1776026,1.03,1.00,1.030,0.62,0.41,2.06,1인,S229
2_459_10458_15277_9066,niihau_2_459_10458_15277.jpg,Net,net,0.579,21.8363611,-160.1775523,1.01,0.96,0.974,17.53,7.30,43.81,2인,S229
2_459_10458_15277_9067,niihau_2_459_10458_15277.jpg,PET_Bottle,pet_bottle,0.307,21.8363279,-160.1776565,0.96,0.94,0.898,1.78,1.48,2.96,1인,S230
2_459_12026_13988_9072,niihau_2_459_12026_13988.jpg,plastic debris,plastic_other,0.310,21.8365824,-160.1772985,2.18,1.24,2.698,6.48,4.32,21.58,1인,S231
2_459_12710_9276_9076,niihau_2_459_12710_9276.jpg,Plastic_ETC,plastic_other,0.861,21.8374757,-160.1772056,0.63,0.63,0.399,0.96,0.64,3.19,1인,S232
2_459_12710_9276_9077,niihau_2_459_12710_9276.jpg,Plastic_ETC,plastic_other,0.799,21.8374641,-160.1771881,0.71,0.69,0.487,1.17,0.78,3.90,1인,S232
2_459_12710_9276_9078,niihau_2_459_12710_9276.jpg,Plastic_ETC,plastic_other,0.790,21.8374364,-160.1772055,0.71,0.68,0.479,1.15,0.77,3.84,1인,S232
2_459_12710_9276_9079,niihau_2_459_12710_9276.jpg,Plastic_ETC,plastic_other,0.781,21.8374914,-160.1771955,0.74,0.74,0.548,1.32,0.88,4.39,1인,S232
2_459_12710_9276_9080,niihau_2_459_12710_9276.jpg,Net,net,0.770,21.8374916,-160.1772042,0.63,0.61,0.380,6.83,2.85,17.08,1인,S232
2_459_12710_9276_9081,niihau_2_459_12710_9276.jpg,Styrofoam_Piece,eps_fragment,0.770,21.8374842,-160.1772048,0.63,0.60,0.379,0.23,0.15,0.76,1인,S232
2_459_12710_9276_9082,niihau_2_459_12710_9276.jpg,Net,net,0.744,21.8374631,-160.1772126,0.55,0.53,0.292,5.25,2.19,13.12,1인,S232
2_459_12710_9276_9083,niihau_2_459_12710_9276.jpg,Plastic_Buoy_China,plastic_buoy,0.726,21.8374451,-160.1772008,0.71,0.67,0.477,8.58,4.29,11.44,1인,S232
2_459_12710_9276_9084,niihau_2_459_12710_9276.jpg,Plastic_ETC,plastic_other,0.711,21.8374960,-160.1771567,1.00,0.96,0.967,2.32,1.55,7.74,1인,S232
2_459_12710_9276_9085,niihau_2_459_12710_9276.jpg,Plastic_Buoy_China,plastic_buoy,0.699,21.8374942,-160.1772145,0.72,0.71,0.510,9.17,4.59,12.23,1인,S232
2_459_12710_9276_9086,niihau_2_459_12710_9276.jpg,plastic debris,plastic_other,0.689,21.8374999,-160.1772093,0.61,0.59,0.359,0.86,0.57,2.87,1인,S232
2_459_12710_9276_9087,niihau_2_459_12710_9276.jpg,PET_Bottle,pet_bottle,0.688,21.8374678,-160.1772178,0.94,0.70,0.662,1.31,1.09,2.18,1인,S232
2_459_12710_9276_9088,niihau_2_459_12710_9276.jpg,plastic debris,plastic_other,0.665,21.8374527,-160.1772183,0.55,0.54,0.295,0.71,0.47,2.36,1인,S232
2_459_12710_9276_9089,niihau_2_459_12710_9276.jpg,plastic debris,plastic_other,0.645,21.8375163,-160.1772290,0.41,0.38,0.154,0.37,0.25,1.24,1인,S232
2_459_12710_9276_9090,niihau_2_459_12710_9276.jpg,Plastic_Buoy_China,plastic_buoy,0.626,21.8374422,-160.1771951,0.68,0.63,0.432,7.77,3.89,10.36,1인,S232
2_459_12710_9276_9091,niihau_2_459_12710_9276.jpg,plastic debris,plastic_other,0.604,21.8374691,-160.1771539,0.42,0.41,0.173,0.42,0.28,1.38,1인,S232
2_459_12710_9276_9092,niihau_2_459_12710_9276.jpg,PET_Bottle,pet_bottle,0.566,21.8375121,-160.1771576,0.69,0.62,0.423,0.84,0.70,1.40,1인,S232
2_459_12710_9276_9093,niihau_2_459_12710_9276.jpg,plastic debris,plastic_other,0.550,21.8374522,-160.1772003,0.44,0.43,0.190,0.46,0.30,1.52,1인,S232
2_459_12710_9276_9094,niihau_2_459_12710_9276.jpg,plastic debris,plastic_other,0.524,21.8374442,-160.1771781,0.54,0.51,0.276,0.66,0.44,2.21,1인,S232
2_459_12710_9276_9095,niihau_2_459_12710_9276.jpg,plastic debris,plastic_other,0.437,21.8374912,-160.1771591,0.66,0.65,0.425,1.02,0.68,3.40,1인,S232
2_459_12710_9276_9096,niihau_2_459_12710_9276.jpg,plastic debris,plastic_other,0.425,21.8374558,-160.1772193,0.50,0.43,0.218,0.52,0.35,1.74,1인,S232
2_459_12710_9276_9097,niihau_2_459_12710_9276.jpg,plastic debris,plastic_other,0.419,21.8375050,-160.1771668,0.64,0.63,0.400,0.96,0.64,3.20,1인,S232
2_459_12710_9276_9098,niihau_2_459_12710_9276.jpg,plastic debris,plastic_other,0.390,21.8374535,-160.1772322,0.59,0.47,0.281,0.67,0.45,2.25,1인,S232
2_459_12710_9276_9099,niihau_2_459_12710_9276.jpg,plastic debris,plastic_other,0.365,21.8374458,-160.1771275,0.47,0.40,0.190,0.46,0.30,1.52,1인,S232
2_459_12710_9276_9100,niihau_2_459_12710_9276.jpg,plastic debris,plastic_other,0.342,21.8375010,-160.1771464,0.37,0.37,0.137,0.33,0.22,1.10,1인,S232
2_459_12710_9276_9101,niihau_2_459_12710_9276.jpg,plastic debris,plastic_other,0.334,21.8375115,-160.1772085,0.47,0.41,0.193,0.46,0.31,1.54,1인,S232
2_459_12710_9276_9102,niihau_2_459_12710_9276.jpg,plastic debris,plastic_other,0.334,21.8374257,-160.1771926,0.49,0.47,0.230,0.55,0.37,1.84,1인,S232
2_459_12710_9276_9103,niihau_2_459_12710_9276.jpg,PET_Bottle,pet_bottle,0.314,21.8374713,-160.1771729,0.64,0.51,0.324,0.64,0.53,1.07,1인,S232
2_459_13182_8980_9134,niihau_2_459_13182_8980.jpg,Plastic_ETC,plastic_other,0.777,21.8375472,-160.1770976,0.68,0.67,0.460,1.10,0.74,3.68,1인,S232
2_459_13182_8980_9135,niihau_2_459_13182_8980.jpg,PET_Bottle,pet_bottle,0.681,21.8375542,-160.1771292,0.68,0.66,0.447,0.88,0.74,1.47,1인,S232
2_459_13182_8980_9136,niihau_2_459_13182_8980.jpg,plastic debris,plastic_other,0.620,21.8375455,-160.1771325,0.63,0.63,0.400,0.96,0.64,3.20,1인,S232
2_459_13182_8980_9137,niihau_2_459_13182_8980.jpg,PET_Bottle,pet_bottle,0.613,21.8375686,-160.1771286,0.76,0.70,0.530,1.05,0.88,1.75,1인,S232
2_459_13182_8980_9138,niihau_2_459_13182_8980.jpg,Plastic_Buoy_China,plastic_buoy,0.556,21.8375602,-160.1771345,0.66,0.64,0.427,7.68,3.84,10.24,1인,S232
2_459_13182_8980_9139,niihau_2_459_13182_8980.jpg,plastic debris,plastic_other,0.485,21.8375508,-160.1771107,0.55,0.53,0.296,0.71,0.47,2.37,1인,S232
2_459_13182_8980_9140,niihau_2_459_13182_8980.jpg,PET_Bottle,pet_bottle,0.476,21.8375365,-160.1770384,0.71,0.68,0.483,0.96,0.80,1.59,1인,S232
2_459_13209_10892_9149,niihau_2_459_13209_10892.jpg,Plastic_ETC,plastic_other,0.812,21.8371830,-160.1770647,1.45,1.45,2.113,5.07,3.38,16.90,1인,S233
2_459_13209_10892_9150,niihau_2_459_13209_10892.jpg,Plastic_ETC,plastic_other,0.791,21.8371567,-160.1771118,0.70,0.69,0.486,1.17,0.78,3.89,1인,S233
2_459_13209_10892_9151,niihau_2_459_13209_10892.jpg,PET_Bottle,pet_bottle,0.765,21.8371951,-160.1770671,0.69,0.64,0.444,0.88,0.73,1.47,1인,S233
2_459_13209_10892_9152,niihau_2_459_13209_10892.jpg,Plastic_ETC,plastic_other,0.712,21.8372171,-160.1771279,0.71,0.70,0.498,1.19,0.80,3.98,1인,S233
2_459_13209_10892_9153,niihau_2_459_13209_10892.jpg,plastic debris,plastic_other,0.643,21.8371825,-160.1770866,0.49,0.43,0.211,0.51,0.34,1.69,1인,S233
2_459_13209_10892_9154,niihau_2_459_13209_10892.jpg,plastic debris,plastic_other,0.626,21.8371875,-160.1770208,0.95,0.94,0.891,2.14,1.43,7.13,1인,S233
2_459_13209_10892_9155,niihau_2_459_13209_10892.jpg,plastic debris,plastic_other,0.486,21.8371889,-160.1770487,0.38,0.37,0.139,0.33,0.22,1.11,1인,S233
2_459_13209_10892_9156,niihau_2_459_13209_10892.jpg,plastic debris,plastic_other,0.425,21.8371921,-160.1770852,0.73,0.63,0.460,1.10,0.74,3.68,1인,S233
2_459_13209_10892_9157,niihau_2_459_13209_10892.jpg,plastic debris,plastic_other,0.371,21.8371744,-160.1770678,0.39,0.38,0.147,0.35,0.24,1.18,1인,S233
2_459_13860_7007_9163,niihau_2_459_13860_7007.jpg,PET_Bottle,pet_bottle,0.789,21.8378806,-160.1769221,0.73,0.66,0.483,0.96,0.80,1.60,1인,S234
2_459_13860_7007_9164,niihau_2_459_13860_7007.jpg,Plastic_Buoy_China,plastic_buoy,0.701,21.8378822,-160.1769767,0.62,0.62,0.388,6.98,3.49,9.30,1인,S234
2_459_13860_7007_9165,niihau_2_459_13860_7007.jpg,plastic debris,plastic_other,0.692,21.8378587,-160.1769887,0.46,0.43,0.198,0.47,0.32,1.58,1인,S235
2_459_13860_7007_9166,niihau_2_459_13860_7007.jpg,Plastic_Buoy_China,plastic_buoy,0.685,21.8379080,-160.1769393,0.65,0.63,0.412,7.42,3.71,9.89,1인,S234
2_459_13860_7007_9167,niihau_2_459_13860_7007.jpg,PET_Bottle,pet_bottle,0.618,21.8378377,-160.1769712,0.62,0.55,0.340,0.67,0.56,1.12,1인,S235
2_459_13860_7007_9168,niihau_2_459_13860_7007.jpg,PET_Bottle,pet_bottle,0.612,21.8378303,-160.1770014,0.81,0.60,0.482,0.96,0.80,1.59,1인,S235
2_459_13860_7007_9169,niihau_2_459_13860_7007.jpg,plastic debris,plastic_other,0.599,21.8378938,-160.1769052,0.45,0.43,0.195,0.47,0.31,1.56,1인,S234
2_459_13860_7007_9170,niihau_2_459_13860_7007.jpg,plastic debris,plastic_other,0.596,21.8379050,-160.1769173,0.50,0.49,0.249,0.60,0.40,1.99,1인,S234
2_459_13860_7007_9171,niihau_2_459_13860_7007.jpg,plastic debris,plastic_other,0.522,21.8378748,-160.1769471,0.71,0.67,0.480,1.15,0.77,3.84,1인,S234
2_459_13860_7007_9172,niihau_2_459_13860_7007.jpg,PET_Bottle,pet_bottle,0.517,21.8379058,-160.1769361,0.50,0.49,0.245,0.49,0.40,0.81,1인,S234
2_459_13860_7007_9173,niihau_2_459_13860_7007.jpg,plastic debris,plastic_other,0.509,21.8378818,-160.1769381,0.43,0.43,0.184,0.44,0.29,1.47,1인,S234
2_459_13860_7007_9174,niihau_2_459_13860_7007.jpg,Plastic_Buoy_China,plastic_buoy,0.506,21.8378848,-160.1769444,0.60,0.58,0.349,6.29,3.14,8.38,1인,S234
2_459_13860_7007_9175,niihau_2_459_13860_7007.jpg,PET_Bottle,pet_bottle,0.470,21.8378614,-160.1769500,0.50,0.45,0.223,0.44,0.37,0.74,1인,S234
2_459_13860_7007_9176,niihau_2_459_13860_7007.jpg,Plastic_Buoy_China,plastic_buoy,0.459,21.8378164,-160.1770038,0.59,0.54,0.319,5.74,2.87,7.66,1인,S235
2_459_13860_7007_9177,niihau_2_459_13860_7007.jpg,Styrofoam_Piece,eps_fragment,0.421,21.8378157,-160.1769843,0.68,0.35,0.237,0.14,0.09,0.47,1인,S235
2_459_13860_7007_9178,niihau_2_459_13860_7007.jpg,plastic debris,plastic_other,0.415,21.8378905,-160.1769324,0.56,0.45,0.251,0.60,0.40,2.01,1인,S234
2_459_13860_7007_9179,niihau_2_459_13860_7007.jpg,PET_Bottle,pet_bottle,0.388,21.8378169,-160.1769808,0.83,0.61,0.506,1.00,0.83,1.67,1인,S235
2_459_13860_7007_9180,niihau_2_459_13860_7007.jpg,Net,net,0.337,21.8378711,-160.1769534,0.64,0.57,0.364,6.55,2.73,16.36,1인,S234
2_459_13888_7345_9192,niihau_2_459_13888_7345.jpg,Styrofoam_Piece,eps_fragment,0.727,21.8378134,-160.1769842,0.87,0.74,0.641,0.38,0.26,1.28,1인,S235
2_459_13888_7345_9193,niihau_2_459_13888_7345.jpg,Plastic_ETC,plastic_other,0.714,21.8378377,-160.1769711,0.63,0.60,0.372,0.89,0.60,2.98,1인,S235
2_459_13888_7345_9194,niihau_2_459_13888_7345.jpg,Plastic_ETC,plastic_other,0.674,21.8378106,-160.1769472,2.02,1.31,2.649,6.36,4.24,21.20,1인,S235
2_459_13888_7345_9195,niihau_2_459_13888_7345.jpg,plastic debris,plastic_other,0.626,21.8378094,-160.1769739,0.50,0.47,0.237,0.57,0.38,1.89,1인,S235
2_459_13888_7345_9196,niihau_2_459_13888_7345.jpg,plastic debris,plastic_other,0.608,21.8378586,-160.1769887,0.47,0.45,0.209,0.50,0.33,1.67,1인,S235
2_459_13888_7345_9197,niihau_2_459_13888_7345.jpg,Plastic_Buoy_China,plastic_buoy,0.602,21.8378158,-160.1770036,0.65,0.63,0.412,7.42,3.71,9.90,1인,S235
2_459_13888_7345_9198,niihau_2_459_13888_7345.jpg,PET_Bottle,pet_bottle,0.561,21.8378301,-160.1770012,0.84,0.65,0.539,1.07,0.89,1.78,1인,S235
2_459_13888_7345_9199,niihau_2_459_13888_7345.jpg,plastic debris,plastic_other,0.541,21.8377850,-160.1769315,1.70,1.30,2.223,5.33,3.56,17.78,1인,S235
2_459_13888_7345_9200,niihau_2_459_13888_7345.jpg,Plastic_ETC,plastic_other,0.517,21.8378163,-160.1769808,0.71,0.66,0.467,1.12,0.75,3.74,1인,S235
2_459_13888_7345_9201,niihau_2_459_13888_7345.jpg,plastic debris,plastic_other,0.481,21.8377750,-160.1770019,0.42,0.42,0.173,0.42,0.28,1.39,1인,S235
2_459_13888_7345_9202,niihau_2_459_13888_7345.jpg,PET_Bottle,pet_bottle,0.410,21.8378162,-160.1769180,0.74,0.73,0.542,1.07,0.89,1.79,1인,S235
2_459_13888_7345_9203,niihau_2_459_13888_7345.jpg,plastic debris,plastic_other,0.389,21.8378562,-160.1769748,0.55,0.55,0.305,0.73,0.49,2.44,1인,S235
2_459_13888_7345_9204,niihau_2_459_13888_7345.jpg,PET_Bottle,pet_bottle,0.370,21.8378613,-160.1769498,0.54,0.44,0.240,0.47,0.40,0.79,1인,S234
2_459_13888_7345_9205,niihau_2_459_13888_7345.jpg,PET_Bottle,pet_bottle,0.307,21.8377858,-160.1768904,1.16,1.03,1.189,2.35,1.96,3.92,1인,S235
2_459_14310_6063_9214,niihau_2_459_14310_6063.jpg,Plastic_ETC,plastic_other,0.702,21.8380432,-160.1768677,0.97,0.92,0.888,2.13,1.42,7.10,1인,S234
2_459_14310_6063_9215,niihau_2_459_14310_6063.jpg,PET_Bottle,pet_bottle,0.626,21.8380175,-160.1768652,0.53,0.53,0.280,0.56,0.46,0.93,1인,S234
2_459_14310_6063_9216,niihau_2_459_14310_6063.jpg,Plastic_Buoy_China,plastic_buoy,0.622,21.8380134,-160.1768761,0.83,0.79,0.655,11.79,5.90,15.72,1인,S234
2_459_14310_6063_9217,niihau_2_459_14310_6063.jpg,PET_Bottle,pet_bottle,0.495,21.8379879,-160.1769156,1.02,0.61,0.618,1.22,1.02,2.04,1인,S234
2_459_14310_6063_9218,niihau_2_459_14310_6063.jpg,PET_Bottle,pet_bottle,0.454,21.8380348,-160.1768632,1.17,1.08,1.270,2.52,2.10,4.19,1인,S234
2_459_14310_6063_9219,niihau_2_459_14310_6063.jpg,plastic debris,plastic_other,0.411,21.8380422,-160.1768818,0.54,0.51,0.276,0.66,0.44,2.21,1인,S234
2_459_14310_6063_9220,niihau_2_459_14310_6063.jpg,Net,net,0.394,21.8380631,-160.1768156,0.64,0.61,0.391,7.05,2.94,17.61,1인,S234
2_459_14310_6063_9221,niihau_2_459_14310_6063.jpg,PET_Bottle,pet_bottle,0.329,21.8380111,-160.1769282,0.67,0.26,0.173,0.34,0.29,0.57,1인,S234
2_459_14310_6063_9222,niihau_2_459_14310_6063.jpg,plastic debris,plastic_other,0.309,21.8380275,-160.1768823,0.55,0.53,0.289,0.69,0.46,2.31,1인,S234
2_459_14310_6063_9223,niihau_2_459_14310_6063.jpg,PET_Bottle,pet_bottle,0.304,21.8379972,-160.1768521,0.65,0.57,0.372,0.74,0.61,1.23,1인,S234
2_459_3917_22628_9229,niihau_2_459_3917_22628.jpg,Rope,rope,0.706,21.8350514,-160.1788606,0.60,0.60,0.359,4.31,2.87,7.18,1인,S228
2_459_3917_22628_9230,niihau_2_459_3917_22628.jpg,PET_Bottle,pet_bottle,0.641,21.8350761,-160.1788475,0.49,0.48,0.237,0.47,0.39,0.78,1인,S228
2_459_3917_22628_9231,niihau_2_459_3917_22628.jpg,Styrofoam_Buoy,eps_buoy,0.629,21.8350356,-160.1788531,2.65,1.10,2.907,25.43,10.90,29.07,2인,S228
2_459_3917_22628_9232,niihau_2_459_3917_22628.jpg,plastic debris,plastic_other,0.611,21.8350225,-160.1788913,0.70,0.68,0.477,1.15,0.76,3.82,1인,S228
2_459_3917_22628_9233,niihau_2_459_3917_22628.jpg,PET_Bottle,pet_bottle,0.601,21.8350538,-160.1788903,0.57,0.51,0.292,0.58,0.48,0.96,1인,S228
2_459_3917_22628_9234,niihau_2_459_3917_22628.jpg,plastic debris,plastic_other,0.601,21.8350918,-160.1788470,0.49,0.49,0.240,0.58,0.38,1.92,1인,S228
2_459_3917_22628_9235,niihau_2_459_3917_22628.jpg,plastic debris,plastic_other,0.501,21.8350215,-160.1788391,0.60,0.59,0.353,0.85,0.56,2.82,1인,S228
2_459_3917_22628_9236,niihau_2_459_3917_22628.jpg,plastic debris,plastic_other,0.432,21.8350037,-160.1788960,0.70,0.65,0.454,1.09,0.73,3.63,1인,S228
2_459_3917_22628_9237,niihau_2_459_3917_22628.jpg,plastic debris,plastic_other,0.391,21.8350864,-160.1788329,0.68,0.60,0.408,0.98,0.65,3.26,1인,S228
2_459_3917_22628_9238,niihau_2_459_3917_22628.jpg,plastic debris,plastic_other,0.377,21.8350297,-160.1788655,0.60,0.53,0.318,0.76,0.51,2.54,1인,S228
2_459_3917_22628_9239,niihau_2_459_3917_22628.jpg,plastic debris,plastic_other,0.307,21.8350358,-160.1787963,0.75,0.67,0.500,1.20,0.80,4.00,1인,S228
2_459_4842_22017_9253,niihau_2_459_4842_22017.jpg,Plastic_ETC,plastic_other,0.701,21.8351898,-160.1786755,1.01,0.99,0.994,2.39,1.59,7.95,1인,S236
2_459_4842_22017_9254,niihau_2_459_4842_22017.jpg,plastic debris,plastic_other,0.647,21.8351305,-160.1786930,0.51,0.49,0.250,0.60,0.40,2.00,1인,S228
2_459_4842_22017_9255,niihau_2_459_4842_22017.jpg,PET_Bottle,pet_bottle,0.556,21.8351686,-160.1786721,0.57,0.53,0.305,0.60,0.50,1.01,1인,S236
2_459_4976_20196_9263,niihau_2_459_4976_20196.jpg,Plastic_ETC,plastic_other,0.785,21.8354774,-160.1786533,0.88,0.88,0.768,1.84,1.23,6.15,1인,S237
2_459_4976_20196_9264,niihau_2_459_4976_20196.jpg,Rope,rope,0.665,21.8354760,-160.1786326,0.65,0.63,0.406,4.87,3.25,8.12,1인,S237
2_459_4976_20196_9265,niihau_2_459_4976_20196.jpg,plastic debris,plastic_other,0.626,21.8355017,-160.1787122,0.46,0.45,0.209,0.50,0.33,1.67,1인,S237
2_459_4976_20196_9266,niihau_2_459_4976_20196.jpg,plastic debris,plastic_other,0.615,21.8354946,-160.1786430,0.60,0.59,0.355,0.85,0.57,2.84,1인,S237
2_459_4976_20196_9267,niihau_2_459_4976_20196.jpg,Plastic_Buoy_China,plastic_buoy,0.569,21.8354876,-160.1786049,0.56,0.55,0.304,5.48,2.74,7.30,1인,S237
2_459_4976_20196_9268,niihau_2_459_4976_20196.jpg,plastic debris,plastic_other,0.537,21.8354682,-160.1786774,0.64,0.61,0.391,0.94,0.63,3.13,1인,S237
2_459_4976_20196_9269,niihau_2_459_4976_20196.jpg,plastic debris,plastic_other,0.492,21.8354951,-160.1786778,0.59,0.58,0.347,0.83,0.55,2.77,1인,S237
2_459_4976_20196_9270,niihau_2_459_4976_20196.jpg,Plastic_ETC,plastic_other,0.488,21.8355090,-160.1786770,0.72,0.71,0.512,1.23,0.82,4.10,1인,S237
2_459_4976_20196_9271,niihau_2_459_4976_20196.jpg,plastic debris,plastic_other,0.476,21.8355005,-160.1787055,0.70,0.67,0.468,1.12,0.75,3.75,1인,S237
2_459_4976_20196_9272,niihau_2_459_4976_20196.jpg,plastic debris,plastic_other,0.454,21.8355101,-160.1786325,0.91,0.81,0.734,1.76,1.17,5.87,1인,S237
2_459_4976_20196_9273,niihau_2_459_4976_20196.jpg,plastic debris,plastic_other,0.436,21.8354948,-160.1786524,0.54,0.53,0.286,0.69,0.46,2.29,1인,S237
2_459_4976_20196_9274,niihau_2_459_4976_20196.jpg,PET_Bottle,pet_bottle,0.353,21.8354793,-160.1786684,0.98,0.82,0.801,1.59,1.32,2.64,1인,S237
2_459_4976_20196_9275,niihau_2_459_4976_20196.jpg,plastic debris,plastic_other,0.348,21.8355084,-160.1787025,0.72,0.61,0.443,1.06,0.71,3.54,1인,S237
2_459_4976_20196_9276,niihau_2_459_4976_20196.jpg,plastic debris,plastic_other,0.327,21.8354599,-160.1786351,0.53,0.50,0.264,0.63,0.42,2.11,1인,S237
2_459_4976_20196_9277,niihau_2_459_4976_20196.jpg,plastic debris,plastic_other,0.312,21.8354571,-160.1786328,0.37,0.37,0.137,0.33,0.22,1.09,1인,S237
2_459_4976_20196_9278,niihau_2_459_4976_20196.jpg,plastic debris,plastic_other,0.306,21.8354807,-160.1786808,0.58,0.58,0.333,0.80,0.53,2.67,1인,S237
2_459_5189_19805_9292,niihau_2_459_5189_19805.jpg,Plastic_ETC,plastic_other,0.720,21.8355445,-160.1785596,0.94,0.87,0.817,1.96,1.31,6.53,1인,S237
2_459_5189_19805_9293,niihau_2_459_5189_19805.jpg,plastic debris,plastic_other,0.712,21.8354947,-160.1786433,0.59,0.57,0.338,0.81,0.54,2.70,1인,S237
2_459_5189_19805_9294,niihau_2_459_5189_19805.jpg,Plastic_Buoy_China,plastic_buoy,0.676,21.8355572,-160.1785861,0.66,0.66,0.436,7.84,3.92,10.45,1인,S237
2_459_5189_19805_9295,niihau_2_459_5189_19805.jpg,plastic debris,plastic_other,0.553,21.8355100,-160.1786326,0.92,0.83,0.767,1.84,1.23,6.14,1인,S237
2_459_5189_19805_9296,niihau_2_459_5189_19805.jpg,plastic debris,plastic_other,0.535,21.8355478,-160.1786121,0.70,0.68,0.477,1.15,0.76,3.82,1인,S237
2_459_5189_19805_9297,niihau_2_459_5189_19805.jpg,plastic debris,plastic_other,0.443,21.8355573,-160.1786000,0.70,0.67,0.465,1.12,0.74,3.72,1인,S237
2_459_5189_19805_9298,niihau_2_459_5189_19805.jpg,plastic debris,plastic_other,0.356,21.8354913,-160.1786620,0.57,0.31,0.180,0.43,0.29,1.44,1인,S237
2_459_5189_19805_9299,niihau_2_459_5189_19805.jpg,plastic debris,plastic_other,0.327,21.8354948,-160.1786524,0.61,0.59,0.362,0.87,0.58,2.90,1인,S237
2_459_5961_20188_9312,niihau_2_459_5961_20188.jpg,plastic debris,plastic_other,0.612,21.8354799,-160.1784620,0.60,0.59,0.358,0.86,0.57,2.86,1인,S237
2_459_5961_20188_9313,niihau_2_459_5961_20188.jpg,plastic debris,plastic_other,0.406,21.8354695,-160.1784852,0.75,0.75,0.561,1.35,0.90,4.49,1인,S237
2_459_5961_20188_9314,niihau_2_459_5961_20188.jpg,plastic debris,plastic_other,0.383,21.8354790,-160.1784922,0.49,0.48,0.231,0.56,0.37,1.85,1인,S237
2_459_5961_20188_9315,niihau_2_459_5961_20188.jpg,PET_Bottle,pet_bottle,0.380,21.8355035,-160.1785079,0.37,0.33,0.122,0.24,0.20,0.40,1인,S237
2_459_5961_20188_9316,niihau_2_459_5961_20188.jpg,plastic debris,plastic_other,0.315,21.8354372,-160.1784309,0.44,0.44,0.194,0.46,0.31,1.55,1인,S238
2_459_6743_18618_9330,niihau_2_459_6743_18618.jpg,Plastic_ETC,plastic_other,0.854,21.8357451,-160.1782938,0.71,0.66,0.465,1.12,0.74,3.72,1인,S239
2_459_6743_18618_9331,niihau_2_459_6743_18618.jpg,Plastic_ETC,plastic_other,0.784,21.8357401,-160.1783328,1.40,1.26,1.765,4.24,2.82,14.12,1인,S239
2_459_6743_18618_9332,niihau_2_459_6743_18618.jpg,Plastic_ETC,plastic_other,0.706,21.8357647,-160.1783133,0.71,0.71,0.502,1.20,0.80,4.02,1인,S239
2_459_6743_18618_9333,niihau_2_459_6743_18618.jpg,Plastic_ETC,plastic_other,0.681,21.8357546,-160.1783136,0.60,0.58,0.348,0.83,0.56,2.78,1인,S239
2_459_6743_18618_9334,niihau_2_459_6743_18618.jpg,plastic debris,plastic_other,0.607,21.8357462,-160.1783505,0.69,0.66,0.452,1.09,0.72,3.62,1인,S239
2_459_6743_18618_9335,niihau_2_459_6743_18618.jpg,Plastic_Buoy_China,plastic_buoy,0.604,21.8357534,-160.1783255,0.58,0.57,0.330,5.94,2.97,7.91,1인,S239
2_459_6743_18618_9336,niihau_2_459_6743_18618.jpg,PET_Bottle,pet_bottle,0.587,21.8357499,-160.1783517,0.67,0.58,0.390,0.77,0.64,1.29,1인,S239
2_459_6743_18618_9337,niihau_2_459_6743_18618.jpg,PET_Bottle,pet_bottle,0.562,21.8357762,-160.1783271,0.42,0.40,0.167,0.33,0.28,0.55,1인,S239
2_459_6743_18618_9338,niihau_2_459_6743_18618.jpg,plastic debris,plastic_other,0.482,21.8357259,-160.1783548,0.58,0.57,0.332,0.80,0.53,2.66,1인,S239
2_459_6743_18618_9339,niihau_2_459_6743_18618.jpg,plastic debris,plastic_other,0.403,21.8357487,-160.1783311,0.49,0.49,0.242,0.58,0.39,1.94,1인,S239
2_459_6743_18618_9340,niihau_2_459_6743_18618.jpg,plastic debris,plastic_other,0.399,21.8357321,-160.1783637,0.64,0.64,0.410,0.98,0.66,3.28,1인,S239
2_459_6743_18618_9341,niihau_2_459_6743_18618.jpg,plastic debris,plastic_other,0.376,21.8357771,-160.1783153,0.59,0.59,0.352,0.85,0.56,2.82,1인,S239
2_459_6743_18618_9342,niihau_2_459_6743_18618.jpg,PET_Bottle,pet_bottle,0.330,21.8357910,-160.1783087,1.21,1.20,1.452,2.87,2.39,4.79,1인,S239
2_459_6837_18263_9350,niihau_2_459_6837_18263.jpg,PET_Bottle,pet_bottle,0.803,21.8358569,-160.1782471,0.60,0.59,0.355,0.70,0.58,1.17,1인,S240
2_459_6837_18263_9351,niihau_2_459_6837_18263.jpg,Plastic_ETC,plastic_other,0.771,21.8358291,-160.1782944,0.75,0.75,0.564,1.35,0.90,4.51,1인,S240
2_459_6837_18263_9352,niihau_2_459_6837_18263.jpg,plastic debris,plastic_other,0.433,21.8358350,-160.1782678,0.54,0.53,0.286,0.69,0.46,2.29,1인,S240
2_459_6837_18263_9353,niihau_2_459_6837_18263.jpg,plastic debris,plastic_other,0.426,21.8358027,-160.1782397,1.63,1.26,2.040,4.90,3.26,16.32,1인,S240
2_459_6837_18263_9354,niihau_2_459_6837_18263.jpg,plastic debris,plastic_other,0.333,21.8357911,-160.1783088,1.22,1.17,1.430,3.43,2.29,11.44,1인,S239
2_459_6837_18263_9355,niihau_2_459_6837_18263.jpg,plastic debris,plastic_other,0.300,21.8358322,-160.1783522,1.23,1.13,1.394,3.35,2.23,11.15,1인,S239
2_459_7443_17848_9370,niihau_2_459_7443_17848.jpg,Plastic_Buoy,plastic_buoy,0.805,21.8359189,-160.1781430,0.74,0.72,0.536,9.65,4.82,12.87,1인,S240
2_459_7443_17848_9371,niihau_2_459_7443_17848.jpg,Plastic_ETC,plastic_other,0.700,21.8358638,-160.1781972,0.82,0.75,0.615,1.48,0.98,4.92,1인,S240
2_459_7443_17848_9372,niihau_2_459_7443_17848.jpg,Plastic_ETC,plastic_other,0.669,21.8358896,-160.1781815,0.77,0.76,0.581,1.39,0.93,4.65,1인,S240
2_459_7443_17848_9373,niihau_2_459_7443_17848.jpg,plastic debris,plastic_other,0.593,21.8358545,-160.1782335,0.56,0.54,0.301,0.72,0.48,2.41,1인,S240
2_459_7443_17848_9374,niihau_2_459_7443_17848.jpg,Plastic_ETC,plastic_other,0.589,21.8358798,-160.1781876,0.64,0.63,0.404,0.97,0.65,3.23,1인,S240
2_459_7443_17848_9375,niihau_2_459_7443_17848.jpg,PET_Bottle,pet_bottle,0.455,21.8358982,-160.1781544,0.95,0.80,0.758,1.50,1.25,2.50,1인,S240
2_459_7443_17848_9376,niihau_2_459_7443_17848.jpg,plastic debris,plastic_other,0.446,21.8358680,-160.1781684,0.62,0.57,0.352,0.84,0.56,2.82,1인,S240
2_459_7443_17848_9377,niihau_2_459_7443_17848.jpg,plastic debris,plastic_other,0.421,21.8358491,-160.1782088,0.64,0.53,0.341,0.82,0.55,2.73,1인,S240
2_459_7443_17848_9378,niihau_2_459_7443_17848.jpg,Styrofoam_Piece,eps_fragment,0.398,21.8359052,-160.1781792,1.05,1.01,1.059,0.64,0.42,2.12,1인,S240
2_459_7443_17848_9379,niihau_2_459_7443_17848.jpg,Net,net,0.370,21.8358500,-160.1782333,0.61,0.58,0.352,6.34,2.64,15.85,1인,S240
2_459_7791_18162_9394,niihau_2_459_7791_18162.jpg,Plastic_ETC,plastic_other,0.754,21.8358764,-160.1780943,0.73,0.67,0.494,1.18,0.79,3.95,1인,S240
2_459_7791_18162_9395,niihau_2_459_7791_18162.jpg,PET_Bottle,pet_bottle,0.698,21.8358403,-160.1781292,0.82,0.77,0.632,1.25,1.04,2.09,1인,S240
2_459_7791_18162_9396,niihau_2_459_7791_18162.jpg,PET_Bottle,pet_bottle,0.617,21.8358882,-160.1780912,0.38,0.38,0.143,0.28,0.24,0.47,1인,S240
2_459_7791_18162_9397,niihau_2_459_7791_18162.jpg,plastic debris,plastic_other,0.565,21.8358487,-160.1781113,0.67,0.62,0.415,1.00,0.66,3.32,1인,S240
2_459_7791_18162_9398,niihau_2_459_7791_18162.jpg,plastic debris,plastic_other,0.486,21.8358283,-160.1781297,0.72,0.59,0.424,1.02,0.68,3.39,1인,S240
2_459_7791_18162_9399,niihau_2_459_7791_18162.jpg,plastic debris,plastic_other,0.407,21.8358645,-160.1781173,0.51,0.47,0.241,0.58,0.38,1.92,1인,S240
2_459_7791_18162_9400,niihau_2_459_7791_18162.jpg,plastic debris,plastic_other,0.304,21.8358352,-160.1781511,0.61,0.58,0.355,0.85,0.57,2.84,1인,S240
2_459_9731_15808_9416,niihau_2_459_9731_15808.jpg,Plastic_ETC,plastic_other,0.584,21.8362370,-160.1777008,3.46,2.26,7.816,18.76,12.51,62.53,장비,S230
2_459_9731_15808_9417,niihau_2_459_9731_15808.jpg,plastic debris,plastic_other,0.310,21.8362604,-160.1777392,0.65,0.64,0.412,0.99,0.66,3.30,1인,S230
2_510_7419_12308_9423,niihau_2_510_7419_12308.jpg,Plastic_Buoy_China,plastic_buoy,0.770,21.8435187,-160.1738485,0.57,0.57,0.324,5.84,2.92,7.78,1인,S241
2_510_7419_12308_9424,niihau_2_510_7419_12308.jpg,Plastic_ETC,plastic_other,0.718,21.8435543,-160.1738109,0.69,0.69,0.477,1.14,0.76,3.81,1인,S241
2_510_7419_12308_9425,niihau_2_510_7419_12308.jpg,Plastic_ETC,plastic_other,0.716,21.8434934,-160.1738612,0.97,0.96,0.928,2.23,1.48,7.42,1인,S241
2_510_7419_12308_9426,niihau_2_510_7419_12308.jpg,plastic debris,plastic_other,0.702,21.8435036,-160.1738546,0.58,0.57,0.326,0.78,0.52,2.61,1인,S241
2_510_7419_12308_9427,niihau_2_510_7419_12308.jpg,Plastic_ETC,plastic_other,0.660,21.8435075,-160.1738400,0.84,0.77,0.645,1.55,1.03,5.16,1인,S241
2_510_7419_12308_9428,niihau_2_510_7419_12308.jpg,PET_Bottle,pet_bottle,0.654,21.8435236,-160.1738283,0.63,0.62,0.391,0.77,0.64,1.29,1인,S241
2_510_7419_12308_9429,niihau_2_510_7419_12308.jpg,Plastic_Buoy,plastic_buoy,0.638,21.8435026,-160.1738493,0.56,0.55,0.309,5.55,2.78,7.40,1인,S241
2_510_7419_12308_9430,niihau_2_510_7419_12308.jpg,plastic debris,plastic_other,0.633,21.8435058,-160.1737518,0.49,0.32,0.157,0.38,0.25,1.26,1인,S242
2_510_7419_12308_9431,niihau_2_510_7419_12308.jpg,plastic debris,plastic_other,0.620,21.8435062,-160.1738516,0.55,0.52,0.289,0.69,0.46,2.31,1인,S241
2_510_7419_12308_9432,niihau_2_510_7419_12308.jpg,Plastic_Buoy_China,plastic_buoy,0.612,21.8435299,-160.1738262,0.55,0.54,0.299,5.38,2.69,7.17,1인,S241
2_510_7419_12308_9433,niihau_2_510_7419_12308.jpg,plastic debris,plastic_other,0.590,21.8435280,-160.1738424,0.60,0.59,0.352,0.85,0.56,2.82,1인,S241
2_510_7419_12308_9434,niihau_2_510_7419_12308.jpg,plastic debris,plastic_other,0.566,21.8435285,-160.1738475,0.50,0.49,0.246,0.59,0.39,1.97,1인,S241
2_510_7419_12308_9435,niihau_2_510_7419_12308.jpg,PET_Bottle,pet_bottle,0.532,21.8435640,-160.1738078,0.44,0.44,0.192,0.38,0.32,0.63,1인,S241
2_510_7419_12308_9436,niihau_2_510_7419_12308.jpg,PET_Bottle,pet_bottle,0.473,21.8435392,-160.1737935,0.61,0.57,0.349,0.69,0.58,1.15,1인,S242
2_510_7419_12308_9437,niihau_2_510_7419_12308.jpg,plastic debris,plastic_other,0.460,21.8435162,-160.1738150,0.52,0.50,0.260,0.62,0.42,2.08,1인,S241
2_510_7419_12308_9438,niihau_2_510_7419_12308.jpg,plastic debris,plastic_other,0.435,21.8435529,-160.1737987,1.07,0.89,0.960,2.30,1.54,7.68,1인,S241
2_510_7419_12308_9439,niihau_2_510_7419_12308.jpg,PET_Bottle,pet_bottle,0.364,21.8435386,-160.1737958,0.52,0.50,0.257,0.51,0.42,0.85,1인,S242
2_510_7419_12308_9440,niihau_2_510_7419_12308.jpg,plastic debris,plastic_other,0.352,21.8435460,-160.1738033,0.78,0.70,0.549,1.32,0.88,4.39,1인,S241
2_510_7419_12308_9441,niihau_2_510_7419_12308.jpg,plastic debris,plastic_other,0.312,21.8435227,-160.1738416,0.40,0.39,0.158,0.38,0.25,1.27,1인,S241
2_510_7698_13491_9459,niihau_2_510_7698_13491.jpg,Plastic_ETC,plastic_other,0.807,21.8432822,-160.1737642,0.77,0.76,0.589,1.41,0.94,4.71,1인,S243
2_510_7698_13491_9460,niihau_2_510_7698_13491.jpg,Plastic_ETC,plastic_other,0.774,21.8433715,-160.1737194,0.70,0.68,0.480,1.15,0.77,3.84,1인,S242
2_510_7698_13491_9461,niihau_2_510_7698_13491.jpg,Plastic_ETC,plastic_other,0.756,21.8433311,-160.1737060,0.64,0.64,0.409,0.98,0.65,3.27,1인,S243
2_510_7698_13491_9462,niihau_2_510_7698_13491.jpg,Plastic_Buoy_China,plastic_buoy,0.752,21.8433197,-160.1737171,0.72,0.70,0.503,9.05,4.52,12.07,1인,S243
2_510_7698_13491_9463,niihau_2_510_7698_13491.jpg,PET_Bottle,pet_bottle,0.731,21.8433317,-160.1737573,0.56,0.53,0.292,0.58,0.48,0.96,1인,S243
2_510_7698_13491_9464,niihau_2_510_7698_13491.jpg,Plastic_Buoy_China,plastic_buoy,0.725,21.8433612,-160.1737010,0.73,0.73,0.536,9.65,4.82,12.87,1인,S242
2_510_7698_13491_9465,niihau_2_510_7698_13491.jpg,plastic debris,plastic_other,0.714,21.8432982,-160.1737694,0.70,0.68,0.477,1.14,0.76,3.81,1인,S243
2_510_7698_13491_9466,niihau_2_510_7698_13491.jpg,Plastic_ETC,plastic_other,0.713,21.8433373,-160.1736994,1.35,0.95,1.281,3.07,2.05,10.25,1인,S242
2_510_7698_13491_9467,niihau_2_510_7698_13491.jpg,Plastic_ETC,plastic_other,0.674,21.8433047,-160.1737596,0.88,0.82,0.721,1.73,1.15,5.76,1인,S243
2_510_7698_13491_9468,niihau_2_510_7698_13491.jpg,plastic debris,plastic_other,0.596,21.8433530,-160.1737063,0.48,0.46,0.222,0.53,0.35,1.77,1인,S242
2_510_7698_13491_9469,niihau_2_510_7698_13491.jpg,plastic debris,plastic_other,0.584,21.8433844,-160.1737573,1.12,1.03,1.156,2.77,1.85,9.25,1인,S242
2_510_7698_13491_9470,niihau_2_510_7698_13491.jpg,Styrofoam_Piece,eps_fragment,0.572,21.8433188,-160.1737400,0.60,0.55,0.330,0.20,0.13,0.66,1인,S243
2_510_7698_13491_9471,niihau_2_510_7698_13491.jpg,plastic debris,plastic_other,0.525,21.8433096,-160.1737462,0.55,0.54,0.295,0.71,0.47,2.36,1인,S243
2_510_7698_13491_9472,niihau_2_510_7698_13491.jpg,plastic debris,plastic_other,0.511,21.8433154,-160.1737468,0.60,0.59,0.358,0.86,0.57,2.87,1인,S243
2_510_7698_13491_9473,niihau_2_510_7698_13491.jpg,plastic debris,plastic_other,0.478,21.8432917,-160.1737259,0.64,0.63,0.405,0.97,0.65,3.24,1인,S243
2_510_7698_13491_9474,niihau_2_510_7698_13491.jpg,PET_Bottle,pet_bottle,0.476,21.8433081,-160.1737674,0.48,0.41,0.198,0.39,0.33,0.65,1인,S243
2_510_7698_13491_9475,niihau_2_510_7698_13491.jpg,plastic debris,plastic_other,0.473,21.8433129,-160.1737351,0.49,0.46,0.228,0.55,0.36,1.82,1인,S243
2_510_7698_13491_9476,niihau_2_510_7698_13491.jpg,PET_Bottle,pet_bottle,0.442,21.8432997,-160.1737062,1.29,1.10,1.420,2.81,2.34,4.69,1인,S243
2_510_7698_13491_9477,niihau_2_510_7698_13491.jpg,plastic debris,plastic_other,0.441,21.8433244,-160.1737073,0.53,0.49,0.259,0.62,0.41,2.07,1인,S243
2_510_7698_13491_9478,niihau_2_510_7698_13491.jpg,plastic debris,plastic_other,0.437,21.8433695,-160.1737829,1.27,1.12,1.421,3.41,2.27,11.36,1인,S243
2_510_7698_13491_9479,niihau_2_510_7698_13491.jpg,plastic debris,plastic_other,0.350,21.8433328,-160.1737206,0.52,0.50,0.260,0.62,0.42,2.08,1인,S243
2_510_7698_13491_9480,niihau_2_510_7698_13491.jpg,plastic debris,plastic_other,0.332,21.8432968,-160.1736983,0.93,0.69,0.638,1.53,1.02,5.11,1인,S243
2_510_7720_11277_9503,niihau_2_510_7720_11277.jpg,Plastic_ETC,plastic_other,0.740,21.8436877,-160.1736957,0.68,0.46,0.317,0.76,0.51,2.54,1인,S244
2_510_7720_11277_9504,niihau_2_510_7720_11277.jpg,plastic debris,plastic_other,0.553,21.8436812,-160.1737942,0.42,0.36,0.153,0.37,0.24,1.22,1인,S244
2_510_7720_11277_9505,niihau_2_510_7720_11277.jpg,PET_Bottle,pet_bottle,0.467,21.8437311,-160.1737576,0.82,0.67,0.551,1.09,0.91,1.82,1인,S244
2_510_7720_11277_9506,niihau_2_510_7720_11277.jpg,plastic debris,plastic_other,0.459,21.8437066,-160.1737552,0.49,0.45,0.221,0.53,0.35,1.76,1인,S244
2_510_8017_13780_9514,niihau_2_510_8017_13780.jpg,Plastic_Buoy_China,plastic_buoy,0.794,21.8433197,-160.1737169,0.68,0.67,0.456,8.21,4.11,10.95,1인,S243
2_510_8017_13780_9515,niihau_2_510_8017_13780.jpg,Plastic_ETC,plastic_other,0.720,21.8433311,-160.1737061,0.65,0.63,0.408,0.98,0.65,3.26,1인,S243
2_510_8017_13780_9516,niihau_2_510_8017_13780.jpg,PET_Bottle,pet_bottle,0.563,21.8432994,-160.1737062,1.25,1.05,1.315,2.60,2.17,4.34,1인,S243
2_510_8017_13780_9517,niihau_2_510_8017_13780.jpg,Styrofoam_Piece,eps_fragment,0.542,21.8433187,-160.1737400,0.57,0.56,0.316,0.19,0.13,0.63,1인,S243
2_510_8017_13780_9518,niihau_2_510_8017_13780.jpg,plastic debris,plastic_other,0.539,21.8433122,-160.1736716,1.58,1.57,2.489,5.97,3.98,19.91,1인,S243
2_510_8017_13780_9519,niihau_2_510_8017_13780.jpg,plastic debris,plastic_other,0.534,21.8433093,-160.1736397,0.72,0.64,0.462,1.11,0.74,3.69,1인,S243
2_510_8017_13780_9520,niihau_2_510_8017_13780.jpg,Plastic_ETC,plastic_other,0.512,21.8432462,-160.1737390,1.19,1.18,1.406,3.38,2.25,11.25,1인,S243
2_510_8017_13780_9521,niihau_2_510_8017_13780.jpg,plastic debris,plastic_other,0.505,21.8432916,-160.1737259,0.64,0.64,0.409,0.98,0.65,3.27,1인,S243
2_510_8017_13780_9522,niihau_2_510_8017_13780.jpg,plastic debris,plastic_other,0.466,21.8433154,-160.1737468,0.56,0.55,0.309,0.74,0.49,2.47,1인,S243
2_510_8017_13780_9523,niihau_2_510_8017_13780.jpg,plastic debris,plastic_other,0.465,21.8433095,-160.1737461,0.51,0.51,0.259,0.62,0.41,2.07,1인,S243
2_510_8017_13780_9524,niihau_2_510_8017_13780.jpg,plastic debris,plastic_other,0.425,21.8433129,-160.1737352,0.45,0.43,0.196,0.47,0.31,1.57,1인,S243
2_510_8017_13780_9525,niihau_2_510_8017_13780.jpg,plastic debris,plastic_other,0.418,21.8433151,-160.1737293,0.60,0.59,0.349,0.84,0.56,2.79,1인,S243
2_510_8017_13780_9526,niihau_2_510_8017_13780.jpg,plastic debris,plastic_other,0.404,21.8432812,-160.1736978,0.47,0.47,0.222,0.53,0.35,1.77,1인,S243
2_510_8017_13780_9527,niihau_2_510_8017_13780.jpg,plastic debris,plastic_other,0.376,21.8433243,-160.1737074,0.50,0.48,0.238,0.57,0.38,1.90,1인,S243
2_510_8017_13780_9528,niihau_2_510_8017_13780.jpg,PET_Bottle,pet_bottle,0.347,21.8433318,-160.1737561,0.43,0.18,0.075,0.15,0.12,0.25,1인,S243
2_510_8017_13780_9529,niihau_2_510_8017_13780.jpg,plastic debris,plastic_other,0.334,21.8432622,-160.1736974,0.62,0.58,0.356,0.86,0.57,2.85,1인,S243
2_510_8017_13780_9530,niihau_2_510_8017_13780.jpg,plastic debris,plastic_other,0.312,21.8433348,-160.1736978,0.96,0.57,0.551,1.32,0.88,4.41,1인,S242
2_510_8017_13780_9531,niihau_2_510_8017_13780.jpg,plastic debris,plastic_other,0.306,21.8432970,-160.1736982,0.94,0.70,0.658,1.58,1.05,5.26,1인,S243
2_510_8019_17907_9547,niihau_2_510_8019_17907.jpg,plastic debris,plastic_other,0.578,21.8425682,-160.1736920,1.46,1.36,1.986,4.77,3.18,15.89,1인,S245
2_510_8019_17907_9548,niihau_2_510_8019_17907.jpg,PET_Bottle,pet_bottle,0.574,21.8425345,-160.1737228,0.54,0.53,0.288,0.57,0.48,0.95,1인,S245
2_510_8019_17907_9549,niihau_2_510_8019_17907.jpg,plastic debris,plastic_other,0.526,21.8425340,-160.1736882,0.48,0.46,0.216,0.52,0.35,1.73,1인,S245
2_510_8019_17907_9550,niihau_2_510_8019_17907.jpg,plastic debris,plastic_other,0.453,21.8425294,-160.1737016,0.73,0.69,0.506,1.21,0.81,4.05,1인,S245
2_510_8019_17907_9551,niihau_2_510_8019_17907.jpg,PET_Bottle,pet_bottle,0.438,21.8425249,-160.1736789,0.45,0.43,0.192,0.38,0.32,0.63,1인,S245
2_510_8019_17907_9552,niihau_2_510_8019_17907.jpg,plastic debris,plastic_other,0.370,21.8425000,-160.1736446,0.72,0.69,0.497,1.19,0.80,3.98,1인,S245
2_510_8019_17907_9553,niihau_2_510_8019_17907.jpg,plastic debris,plastic_other,0.334,21.8425290,-160.1736635,0.75,0.70,0.524,1.26,0.84,4.19,1인,S245
2_510_8033_13446_9568,niihau_2_510_8033_13446.jpg,Plastic_Buoy_China,plastic_buoy,0.845,21.8433197,-160.1737170,0.69,0.67,0.462,8.32,4.16,11.10,1인,S243
2_510_8033_13446_9569,niihau_2_510_8033_13446.jpg,Plastic_ETC,plastic_other,0.735,21.8433778,-160.1736534,0.75,0.71,0.534,1.28,0.85,4.27,1인,S242
2_510_8033_13446_9570,niihau_2_510_8033_13446.jpg,Plastic_Buoy_China,plastic_buoy,0.728,21.8433611,-160.1737010,0.73,0.71,0.516,9.28,4.64,12.37,1인,S242
2_510_8033_13446_9571,niihau_2_510_8033_13446.jpg,Plastic_ETC,plastic_other,0.707,21.8433714,-160.1737194,0.72,0.72,0.512,1.23,0.82,4.10,1인,S242
2_510_8033_13446_9572,niihau_2_510_8033_13446.jpg,Plastic_Buoy,plastic_buoy,0.700,21.8433311,-160.1737060,0.64,0.64,0.412,7.42,3.71,9.90,1인,S243
2_510_8033_13446_9573,niihau_2_510_8033_13446.jpg,plastic debris,plastic_other,0.638,21.8433529,-160.1737063,0.48,0.47,0.224,0.54,0.36,1.79,1인,S242
2_510_8033_13446_9574,niihau_2_510_8033_13446.jpg,Plastic_ETC,plastic_other,0.629,21.8433664,-160.1736840,0.78,0.70,0.548,1.32,0.88,4.39,1인,S242
2_510_8033_13446_9575,niihau_2_510_8033_13446.jpg,plastic debris,plastic_other,0.569,21.8433092,-160.1736396,0.70,0.64,0.451,1.08,0.72,3.61,1인,S243
2_510_8033_13446_9576,niihau_2_510_8033_13446.jpg,PET_Bottle,pet_bottle,0.553,21.8433188,-160.1737400,0.60,0.58,0.350,0.69,0.58,1.15,1인,S243
2_510_8033_13446_9577,niihau_2_510_8033_13446.jpg,plastic debris,plastic_other,0.528,21.8433122,-160.1736716,1.62,1.61,2.610,6.26,4.18,20.88,1인,S243
2_510_8033_13446_9578,niihau_2_510_8033_13446.jpg,plastic debris,plastic_other,0.515,21.8433913,-160.1736970,0.46,0.40,0.182,0.44,0.29,1.45,1인,S242
2_510_8033_13446_9579,niihau_2_510_8033_13446.jpg,PET_Bottle,pet_bottle,0.495,21.8432995,-160.1737064,1.28,1.10,1.407,2.79,2.32,4.64,1인,S243
2_510_8033_13446_9580,niihau_2_510_8033_13446.jpg,Plastic_ETC,plastic_other,0.474,21.8433513,-160.1736859,0.97,0.94,0.907,2.18,1.45,7.26,1인,S242
2_510_8033_13446_9581,niihau_2_510_8033_13446.jpg,plastic debris,plastic_other,0.429,21.8433157,-160.1737467,0.61,0.60,0.364,0.87,0.58,2.91,1인,S243
2_510_8033_13446_9582,niihau_2_510_8033_13446.jpg,plastic debris,plastic_other,0.383,21.8433242,-160.1737074,0.49,0.46,0.222,0.53,0.36,1.78,1인,S243
2_510_8033_13446_9583,niihau_2_510_8033_13446.jpg,plastic debris,plastic_other,0.352,21.8433710,-160.1736353,0.41,0.40,0.165,0.40,0.26,1.32,1인,S242
2_510_8033_13446_9584,niihau_2_510_8033_13446.jpg,plastic debris,plastic_other,0.320,21.8433168,-160.1737031,0.53,0.49,0.264,0.63,0.42,2.11,1인,S243
2_510_8033_13446_9585,niihau_2_510_8033_13446.jpg,plastic debris,plastic_other,0.319,21.8433129,-160.1737351,0.50,0.48,0.240,0.58,0.38,1.92,1인,S243
2_510_8033_13446_9586,niihau_2_510_8033_13446.jpg,plastic debris,plastic_other,0.318,21.8433150,-160.1737292,0.60,0.59,0.357,0.86,0.57,2.86,1인,S243
2_510_8033_13446_9587,niihau_2_510_8033_13446.jpg,plastic debris,plastic_other,0.312,21.8433094,-160.1737461,0.53,0.53,0.279,0.67,0.45,2.24,1인,S243
2_510_8104_11262_9607,niihau_2_510_8104_11262.jpg,Plastic_ETC,plastic_other,0.843,21.8437370,-160.1736252,0.69,0.68,0.468,1.12,0.75,3.75,1인,S244
2_510_8104_11262_9608,niihau_2_510_8104_11262.jpg,PET_Bottle,pet_bottle,0.749,21.8436881,-160.1736936,0.88,0.81,0.708,1.40,1.17,2.34,1인,S244
2_510_8104_11262_9609,niihau_2_510_8104_11262.jpg,Plastic_Buoy_China,plastic_buoy,0.741,21.8437156,-160.1736319,0.59,0.58,0.339,6.11,3.06,8.15,1인,S244
2_510_8104_11262_9610,niihau_2_510_8104_11262.jpg,Styrofoam_Piece,eps_fragment,0.740,21.8437126,-160.1736268,0.59,0.55,0.324,0.19,0.13,0.65,1인,S244
2_510_8104_11262_9611,niihau_2_510_8104_11262.jpg,Styrofoam_Piece,eps_fragment,0.740,21.8436863,-160.1736339,0.75,0.70,0.527,0.32,0.21,1.05,1인,S244
2_510_8104_11262_9612,niihau_2_510_8104_11262.jpg,plastic debris,plastic_other,0.715,21.8437445,-160.1736339,0.59,0.56,0.331,0.79,0.53,2.65,1인,S244
2_510_8104_11262_9613,niihau_2_510_8104_11262.jpg,PET_Bottle,pet_bottle,0.703,21.8436922,-160.1736795,0.48,0.47,0.226,0.45,0.37,0.75,1인,S244
2_510_8104_11262_9614,niihau_2_510_8104_11262.jpg,plastic debris,plastic_other,0.672,21.8437368,-160.1736516,0.58,0.57,0.328,0.79,0.52,2.62,1인,S244
2_510_8104_11262_9615,niihau_2_510_8104_11262.jpg,Plastic_ETC,plastic_other,0.632,21.8437316,-160.1736694,0.71,0.69,0.491,1.18,0.78,3.92,1인,S244
2_510_8104_11262_9616,niihau_2_510_8104_11262.jpg,PET_Bottle,pet_bottle,0.619,21.8437404,-160.1736440,0.82,0.69,0.570,1.13,0.94,1.88,1인,S244
2_510_8104_11262_9617,niihau_2_510_8104_11262.jpg,PET_Bottle,pet_bottle,0.616,21.8437860,-160.1736864,0.69,0.68,0.466,0.92,0.77,1.54,1인,S244
2_510_8104_11262_9618,niihau_2_510_8104_11262.jpg,plastic debris,plastic_other,0.549,21.8437374,-160.1736334,0.71,0.70,0.497,1.19,0.80,3.98,1인,S244
2_510_8104_11262_9619,niihau_2_510_8104_11262.jpg,plastic debris,plastic_other,0.452,21.8437463,-160.1736913,0.52,0.51,0.262,0.63,0.42,2.09,1인,S244
2_510_8104_11262_9620,niihau_2_510_8104_11262.jpg,plastic debris,plastic_other,0.452,21.8437465,-160.1736419,0.41,0.41,0.168,0.40,0.27,1.35,1인,S244
2_510_8104_11262_9621,niihau_2_510_8104_11262.jpg,plastic debris,plastic_other,0.358,21.8437898,-160.1737224,0.48,0.43,0.204,0.49,0.33,1.63,1인,S244
2_510_8104_11262_9622,niihau_2_510_8104_11262.jpg,plastic debris,plastic_other,0.345,21.8437366,-160.1736600,0.55,0.53,0.288,0.69,0.46,2.31,1인,S244
2_510_8104_11262_9623,niihau_2_510_8104_11262.jpg,plastic debris,plastic_other,0.316,21.8437483,-160.1736586,0.43,0.40,0.170,0.41,0.27,1.36,1인,S244
2_510_8117_10903_9636,niihau_2_510_8117_10903.jpg,PET_Bottle,pet_bottle,0.682,21.8437862,-160.1736865,0.69,0.68,0.473,0.94,0.78,1.56,1인,S244
2_510_8117_10903_9637,niihau_2_510_8117_10903.jpg,plastic debris,plastic_other,0.671,21.8437446,-160.1736339,0.59,0.58,0.342,0.82,0.55,2.74,1인,S244
2_510_8117_10903_9638,niihau_2_510_8117_10903.jpg,Styrofoam_Piece,eps_fragment,0.626,21.8437936,-160.1737084,0.61,0.59,0.362,0.22,0.14,0.72,1인,S244
2_510_8117_10903_9639,niihau_2_510_8117_10903.jpg,Plastic_ETC,plastic_other,0.570,21.8437982,-160.1736964,0.65,0.64,0.411,0.99,0.66,3.29,1인,S244
2_510_8117_10903_9640,niihau_2_510_8117_10903.jpg,plastic debris,plastic_other,0.484,21.8437484,-160.1736587,0.47,0.45,0.208,0.50,0.33,1.67,1인,S244
2_510_8117_10903_9641,niihau_2_510_8117_10903.jpg,PET_Bottle,pet_bottle,0.441,21.8437466,-160.1736419,0.44,0.43,0.186,0.37,0.31,0.61,1인,S244
2_510_8117_10903_9642,niihau_2_510_8117_10903.jpg,plastic debris,plastic_other,0.440,21.8437899,-160.1737223,0.58,0.54,0.312,0.75,0.50,2.49,1인,S244
2_510_8117_10903_9643,niihau_2_510_8117_10903.jpg,plastic debris,plastic_other,0.427,21.8438025,-160.1737345,0.62,0.60,0.368,0.88,0.59,2.95,1인,S244
2_510_8117_10903_9644,niihau_2_510_8117_10903.jpg,plastic debris,plastic_other,0.407,21.8437463,-160.1736913,0.53,0.51,0.274,0.66,0.44,2.19,1인,S244
2_510_8349_17966_9654,niihau_2_510_8349_17966.jpg,Plastic_ETC,plastic_other,0.710,21.8425239,-160.1736240,0.74,0.69,0.509,1.22,0.81,4.07,1인,S245
2_510_8349_17966_9655,niihau_2_510_8349_17966.jpg,Styrofoam_Piece,eps_fragment,0.378,21.8424814,-160.1735748,0.76,0.74,0.561,0.34,0.22,1.12,1인,S245
2_510_8349_17966_9656,niihau_2_510_8349_17966.jpg,PET_Bottle,pet_bottle,0.359,21.8425249,-160.1736789,0.47,0.45,0.213,0.42,0.35,0.70,1인,S245
2_510_8349_17966_9657,niihau_2_510_8349_17966.jpg,PET_Bottle,pet_bottle,0.341,21.8425289,-160.1736637,0.76,0.74,0.566,1.12,0.93,1.87,1인,S245
2_510_8349_17966_9658,niihau_2_510_8349_17966.jpg,plastic debris,plastic_other,0.324,21.8425532,-160.1736759,1.09,0.96,1.044,2.51,1.67,8.35,1인,S245
2_510_8446_11178_9669,niihau_2_510_8446_11178.jpg,Plastic_ETC,plastic_other,0.844,21.8437369,-160.1736251,0.68,0.66,0.452,1.08,0.72,3.61,1인,S244
2_510_8446_11178_9670,niihau_2_510_8446_11178.jpg,Plastic_ETC,plastic_other,0.833,21.8437835,-160.1735689,0.78,0.72,0.563,1.35,0.90,4.50,1인,S244
2_510_8446_11178_9671,niihau_2_510_8446_11178.jpg,Styrofoam_Piece,eps_fragment,0.771,21.8437125,-160.1736265,0.58,0.57,0.334,0.20,0.13,0.67,1인,S244
2_510_8446_11178_9672,niihau_2_510_8446_11178.jpg,Plastic_ETC,plastic_other,0.759,21.8437406,-160.1736440,0.77,0.69,0.533,1.28,0.85,4.27,1인,S244
2_510_8446_11178_9673,niihau_2_510_8446_11178.jpg,Plastic_Buoy_China,plastic_buoy,0.751,21.8437156,-160.1736319,0.60,0.59,0.348,6.27,3.14,8.36,1인,S244
2_510_8446_11178_9674,niihau_2_510_8446_11178.jpg,Styrofoam_Piece,eps_fragment,0.720,21.8437503,-160.1736155,0.74,0.68,0.502,0.30,0.20,1.00,1인,S244
2_510_8446_11178_9675,niihau_2_510_8446_11178.jpg,Net,net,0.717,21.8437119,-160.1735978,0.58,0.57,0.328,5.90,2.46,14.74,1인,S244
2_510_8446_11178_9676,niihau_2_510_8446_11178.jpg,plastic debris,plastic_other,0.712,21.8437300,-160.1735698,0.47,0.47,0.217,0.52,0.35,1.74,1인,S244
2_510_8446_11178_9677,niihau_2_510_8446_11178.jpg,plastic debris,plastic_other,0.704,21.8437626,-160.1736080,0.74,0.69,0.512,1.23,0.82,4.09,1인,S244
2_510_8446_11178_9678,niihau_2_510_8446_11178.jpg,Plastic_Buoy_China,plastic_buoy,0.681,21.8437368,-160.1736515,0.55,0.54,0.293,5.28,2.64,7.04,1인,S244
2_510_8446_11178_9679,niihau_2_510_8446_11178.jpg,Styrofoam_Piece,eps_fragment,0.652,21.8437278,-160.1735995,0.65,0.64,0.418,0.25,0.17,0.84,1인,S244
2_510_8446_11178_9680,niihau_2_510_8446_11178.jpg,Plastic_Buoy_China,plastic_buoy,0.634,21.8437444,-160.1736339,0.58,0.57,0.331,5.96,2.98,7.95,1인,S244
2_510_8446_11178_9681,niihau_2_510_8446_11178.jpg,Plastic_Buoy_China,plastic_buoy,0.627,21.8437375,-160.1736336,0.74,0.72,0.538,9.68,4.84,12.91,1인,S244
2_510_8446_11178_9682,niihau_2_510_8446_11178.jpg,plastic debris,plastic_other,0.594,21.8437130,-160.1735656,0.54,0.51,0.277,0.66,0.44,2.22,1인,S244
2_510_8446_11178_9683,niihau_2_510_8446_11178.jpg,plastic debris,plastic_other,0.579,21.8437316,-160.1736694,0.71,0.70,0.500,1.20,0.80,4.00,1인,S244
2_510_8446_11178_9684,niihau_2_510_8446_11178.jpg,plastic debris,plastic_other,0.572,21.8437483,-160.1736588,0.42,0.41,0.173,0.42,0.28,1.38,1인,S244
2_510_8446_11178_9685,niihau_2_510_8446_11178.jpg,plastic debris,plastic_other,0.546,21.8437676,-160.1735599,1.30,1.28,1.674,4.02,2.68,13.39,1인,S244
2_510_8446_11178_9686,niihau_2_510_8446_11178.jpg,plastic debris,plastic_other,0.454,21.8437465,-160.1736419,0.39,0.36,0.140,0.34,0.22,1.12,1인,S244
2_510_8446_11178_9687,niihau_2_510_8446_11178.jpg,plastic debris,plastic_other,0.438,21.8437540,-160.1735688,0.45,0.38,0.172,0.41,0.27,1.37,1인,S244
2_510_8446_11178_9688,niihau_2_510_8446_11178.jpg,plastic debris,plastic_other,0.429,21.8437366,-160.1736599,0.58,0.56,0.325,0.78,0.52,2.60,1인,S244
2_510_8446_11178_9689,niihau_2_510_8446_11178.jpg,plastic debris,plastic_other,0.425,21.8437343,-160.1736038,0.51,0.50,0.256,0.61,0.41,2.05,1인,S244
2_510_8446_11178_9690,niihau_2_510_8446_11178.jpg,plastic debris,plastic_other,0.397,21.8437021,-160.1735603,0.49,0.40,0.198,0.48,0.32,1.59,1인,S244
2_510_8446_11178_9691,niihau_2_510_8446_11178.jpg,plastic debris,plastic_other,0.365,21.8437144,-160.1735765,0.58,0.58,0.331,0.79,0.53,2.65,1인,S244
2_510_8446_11178_9692,niihau_2_510_8446_11178.jpg,plastic debris,plastic_other,0.322,21.8437441,-160.1736404,0.57,0.54,0.308,0.74,0.49,2.47,1인,S244
2_510_8446_11178_9693,niihau_2_510_8446_11178.jpg,plastic debris,plastic_other,0.309,21.8437060,-160.1735595,0.39,0.37,0.147,0.35,0.24,1.18,1인,S244
2_510_8456_12609_9718,niihau_2_510_8456_12609.jpg,Plastic_ETC,plastic_other,0.813,21.8435146,-160.1736441,1.20,1.19,1.422,3.41,2.27,11.37,1인,S242
2_510_8456_12609_9719,niihau_2_510_8456_12609.jpg,plastic debris,plastic_other,0.733,21.8434918,-160.1736108,2.45,2.33,5.716,13.72,9.15,45.73,2인,S242
2_510_8456_12609_9720,niihau_2_510_8456_12609.jpg,PET_Bottle,pet_bottle,0.684,21.8435192,-160.1736655,0.48,0.47,0.226,0.45,0.37,0.75,1인,S242
2_510_8456_12609_9721,niihau_2_510_8456_12609.jpg,plastic debris,plastic_other,0.671,21.8434373,-160.1736663,1.35,0.83,1.117,2.68,1.79,8.93,1인,S242
2_510_8456_12609_9722,niihau_2_510_8456_12609.jpg,Plastic_ETC,plastic_other,0.602,21.8435205,-160.1736307,0.73,0.71,0.520,1.25,0.83,4.16,1인,S242
2_510_8456_12609_9723,niihau_2_510_8456_12609.jpg,plastic debris,plastic_other,0.595,21.8434550,-160.1736671,0.39,0.37,0.147,0.35,0.23,1.17,1인,S242
2_510_8456_12609_9724,niihau_2_510_8456_12609.jpg,plastic debris,plastic_other,0.585,21.8435035,-160.1736502,1.34,1.11,1.482,3.56,2.37,11.86,1인,S242
2_510_8456_12609_9725,niihau_2_510_8456_12609.jpg,plastic debris,plastic_other,0.546,21.8434423,-160.1736346,0.59,0.58,0.339,0.81,0.54,2.71,1인,S242
2_510_8456_12609_9726,niihau_2_510_8456_12609.jpg,plastic debris,plastic_other,0.479,21.8434484,-160.1736658,0.47,0.43,0.205,0.49,0.33,1.64,1인,S242
2_510_8456_12609_9727,niihau_2_510_8456_12609.jpg,PET_Bottle,pet_bottle,0.461,21.8435015,-160.1736717,0.43,0.33,0.144,0.29,0.24,0.48,1인,S242
2_510_8456_12609_9728,niihau_2_510_8456_12609.jpg,plastic debris,plastic_other,0.377,21.8435426,-160.1736588,1.73,1.40,2.431,5.83,3.89,19.45,1인,S242
2_510_8456_12609_9729,niihau_2_510_8456_12609.jpg,plastic debris,plastic_other,0.366,21.8434563,-160.1736334,1.63,1.42,2.306,5.53,3.69,18.45,1인,S242
2_510_8456_12609_9730,niihau_2_510_8456_12609.jpg,plastic debris,plastic_other,0.359,21.8435358,-160.1736295,0.71,0.70,0.497,1.19,0.79,3.97,1인,S242
2_510_8456_12609_9731,niihau_2_510_8456_12609.jpg,plastic debris,plastic_other,0.351,21.8435278,-160.1735796,1.64,1.53,2.512,6.03,4.02,20.10,1인,S242
2_510_8456_12609_9732,niihau_2_510_8456_12609.jpg,plastic debris,plastic_other,0.324,21.8434829,-160.1736359,1.69,1.27,2.136,5.13,3.42,17.09,1인,S242
2_510_9063_11305_9741,niihau_2_510_9063_11305.jpg,plastic debris,plastic_other,0.792,21.8437477,-160.1734437,0.82,0.78,0.636,1.53,1.02,5.09,1인,S244
2_510_9063_11305_9742,niihau_2_510_9063_11305.jpg,PET_Bottle,pet_bottle,0.792,21.8437465,-160.1735451,0.72,0.58,0.416,0.82,0.69,1.37,1인,S244
2_510_9063_11305_9743,niihau_2_510_9063_11305.jpg,Styrofoam_Piece,eps_fragment,0.775,21.8436823,-160.1735055,0.63,0.59,0.373,0.22,0.15,0.75,1인,S244
2_510_9063_11305_9744,niihau_2_510_9063_11305.jpg,Styrofoam_Piece,eps_fragment,0.752,21.8436925,-160.1735080,0.62,0.59,0.365,0.22,0.15,0.73,1인,S244
2_510_9063_11305_9745,niihau_2_510_9063_11305.jpg,plastic debris,plastic_other,0.699,21.8437697,-160.1734541,0.53,0.52,0.278,0.67,0.44,2.22,1인,S244
2_510_9063_11305_9746,niihau_2_510_9063_11305.jpg,Plastic_ETC,plastic_other,0.678,21.8436960,-160.1735196,0.88,0.77,0.679,1.63,1.09,5.44,1인,S244
2_510_9063_11305_9747,niihau_2_510_9063_11305.jpg,plastic debris,plastic_other,0.650,21.8436763,-160.1734556,1.25,1.25,1.558,3.74,2.49,12.46,1인,S244
2_510_9063_11305_9748,niihau_2_510_9063_11305.jpg,Net,net,0.650,21.8437628,-160.1734522,0.72,0.67,0.482,8.68,3.62,21.69,1인,S244
2_510_9063_11305_9749,niihau_2_510_9063_11305.jpg,plastic debris,plastic_other,0.645,21.8436943,-160.1734433,0.57,0.55,0.314,0.75,0.50,2.51,1인,S246
2_510_9063_11305_9750,niihau_2_510_9063_11305.jpg,PET_Bottle,pet_bottle,0.577,21.8436868,-160.1735122,0.59,0.53,0.315,0.62,0.52,1.04,1인,S244
2_510_9063_11305_9751,niihau_2_510_9063_11305.jpg,plastic debris,plastic_other,0.549,21.8437032,-160.1735394,0.85,0.76,0.652,1.56,1.04,5.21,1인,S244
2_510_9063_11305_9752,niihau_2_510_9063_11305.jpg,plastic debris,plastic_other,0.527,21.8436967,-160.1735437,0.38,0.37,0.139,0.33,0.22,1.11,1인,S244
2_510_9063_11305_9753,niihau_2_510_9063_11305.jpg,plastic debris,plastic_other,0.511,21.8437742,-160.1734394,0.47,0.44,0.207,0.50,0.33,1.66,1인,S246
2_510_9063_11305_9754,niihau_2_510_9063_11305.jpg,plastic debris,plastic_other,0.499,21.8437381,-160.1734394,1.50,1.13,1.690,4.06,2.70,13.52,1인,S246
2_510_9063_11305_9755,niihau_2_510_9063_11305.jpg,Plastic_Buoy_China,plastic_buoy,0.496,21.8437294,-160.1734451,0.55,0.52,0.283,5.09,2.54,6.78,1인,S244
2_510_9063_11305_9756,niihau_2_510_9063_11305.jpg,plastic debris,plastic_other,0.486,21.8437031,-160.1735005,0.56,0.55,0.304,0.73,0.49,2.43,1인,S244
2_510_9063_11305_9757,niihau_2_510_9063_11305.jpg,plastic debris,plastic_other,0.480,21.8437031,-160.1735165,0.68,0.67,0.453,1.09,0.73,3.63,1인,S244
2_510_9063_11305_9758,niihau_2_510_9063_11305.jpg,plastic debris,plastic_other,0.461,21.8437364,-160.1735316,1.26,1.09,1.377,3.31,2.20,11.02,1인,S244
2_510_9063_11305_9759,niihau_2_510_9063_11305.jpg,plastic debris,plastic_other,0.383,21.8437576,-160.1734518,0.67,0.57,0.385,0.92,0.62,3.08,1인,S244
2_510_9063_11305_9760,niihau_2_510_9063_11305.jpg,plastic debris,plastic_other,0.335,21.8436780,-160.1735079,0.37,0.36,0.135,0.32,0.22,1.08,1인,S244
2_510_9063_11305_9761,niihau_2_510_9063_11305.jpg,plastic debris,plastic_other,0.322,21.8437280,-160.1734959,0.44,0.40,0.173,0.42,0.28,1.38,1인,S244
2_510_9063_11305_9762,niihau_2_510_9063_11305.jpg,plastic debris,plastic_other,0.317,21.8437671,-160.1735537,1.27,0.90,1.145,2.75,1.83,9.16,1인,S244
2_510_9291_10913_9777,niihau_2_510_9291_10913.jpg,Plastic_ETC,plastic_other,0.776,21.8438450,-160.1734431,0.89,0.88,0.778,1.87,1.25,6.23,1인,S246
2_510_9291_10913_9778,niihau_2_510_9291_10913.jpg,Styrofoam_Piece,eps_fragment,0.775,21.8438083,-160.1734470,0.69,0.64,0.441,0.26,0.18,0.88,1인,S246
2_510_9291_10913_9779,niihau_2_510_9291_10913.jpg,Plastic_Buoy_China,plastic_buoy,0.749,21.8437615,-160.1734246,0.67,0.66,0.443,7.97,3.98,10.62,1인,S246
2_510_9291_10913_9780,niihau_2_510_9291_10913.jpg,plastic debris,plastic_other,0.713,21.8437478,-160.1734439,0.84,0.79,0.656,1.57,1.05,5.25,1인,S244
2_510_9291_10913_9781,niihau_2_510_9291_10913.jpg,plastic debris,plastic_other,0.707,21.8437697,-160.1734540,0.56,0.56,0.309,0.74,0.49,2.47,1인,S244
2_510_9291_10913_9782,niihau_2_510_9291_10913.jpg,plastic debris,plastic_other,0.627,21.8438340,-160.1734352,0.60,0.59,0.356,0.85,0.57,2.85,1인,S246
2_510_9291_10913_9783,niihau_2_510_9291_10913.jpg,Net,net,0.626,21.8437629,-160.1734522,0.70,0.62,0.433,7.80,3.25,19.49,1인,S244
2_510_9291_10913_9784,niihau_2_510_9291_10913.jpg,plastic debris,plastic_other,0.512,21.8437741,-160.1734394,0.53,0.49,0.258,0.62,0.41,2.06,1인,S246
2_510_9291_10913_9785,niihau_2_510_9291_10913.jpg,plastic debris,plastic_other,0.471,21.8438008,-160.1734540,0.78,0.75,0.583,1.40,0.93,4.66,1인,S244
2_510_9291_10913_9786,niihau_2_510_9291_10913.jpg,PET_Bottle,pet_bottle,0.461,21.8438376,-160.1734601,0.54,0.46,0.247,0.49,0.41,0.82,1인,S246
2_510_9291_10913_9787,niihau_2_510_9291_10913.jpg,plastic debris,plastic_other,0.433,21.8438421,-160.1734833,0.54,0.47,0.254,0.61,0.41,2.03,1인,S244
2_510_9291_10913_9788,niihau_2_510_9291_10913.jpg,plastic debris,plastic_other,0.421,21.8437903,-160.1734734,1.29,1.17,1.505,3.61,2.41,12.04,1인,S244
2_510_9291_10913_9789,niihau_2_510_9291_10913.jpg,Plastic_ETC,plastic_other,0.410,21.8438285,-160.1734243,0.99,0.98,0.965,2.32,1.54,7.72,1인,S246
2_510_9291_10913_9790,niihau_2_510_9291_10913.jpg,PET_Bottle,pet_bottle,0.359,21.8437987,-160.1734257,1.20,0.97,1.166,2.31,1.92,3.85,1인,S246
2_510_9291_10913_9791,niihau_2_510_9291_10913.jpg,plastic debris,plastic_other,0.336,21.8438345,-160.1734221,0.61,0.59,0.357,0.86,0.57,2.86,1인,S246
2_510_9291_10913_9792,niihau_2_510_9291_10913.jpg,plastic debris,plastic_other,0.319,21.8437573,-160.1734519,0.69,0.63,0.438,1.05,0.70,3.50,1인,S244
2_510_9355_13527_9800,niihau_2_510_9355_13527.jpg,plastic debris,plastic_other,0.320,21.8433040,-160.1734830,1.14,0.95,1.085,2.60,1.74,8.68,1인,S247
2_510_9460_11251_9804,niihau_2_510_9460_11251.jpg,plastic debris,plastic_other,0.727,21.8437696,-160.1734541,0.57,0.57,0.323,0.77,0.52,2.58,1인,S244
2_510_9460_11251_9805,niihau_2_510_9460_11251.jpg,plastic debris,plastic_other,0.726,21.8437615,-160.1734248,0.69,0.69,0.476,1.14,0.76,3.80,1인,S246
2_510_9460_11251_9806,niihau_2_510_9460_11251.jpg,Plastic_Buoy_China,plastic_buoy,0.723,21.8437019,-160.1734197,0.71,0.69,0.488,8.78,4.39,11.71,1인,S246
2_510_9460_11251_9807,niihau_2_510_9460_11251.jpg,plastic debris,plastic_other,0.701,21.8436959,-160.1734286,0.66,0.61,0.408,0.98,0.65,3.26,1인,S246
2_510_9460_11251_9808,niihau_2_510_9460_11251.jpg,plastic debris,plastic_other,0.662,21.8437478,-160.1734438,0.86,0.83,0.714,1.71,1.14,5.71,1인,S244
2_510_9460_11251_9809,niihau_2_510_9460_11251.jpg,Net,net,0.639,21.8437629,-160.1734522,0.72,0.66,0.477,8.58,3.58,21.46,1인,S244
2_510_9460_11251_9810,niihau_2_510_9460_11251.jpg,plastic debris,plastic_other,0.625,21.8436942,-160.1734433,0.60,0.58,0.350,0.84,0.56,2.80,1인,S246
2_510_9460_11251_9811,niihau_2_510_9460_11251.jpg,plastic debris,plastic_other,0.584,21.8437742,-160.1734395,0.51,0.49,0.252,0.61,0.40,2.02,1인,S246
2_510_9460_11251_9812,niihau_2_510_9460_11251.jpg,plastic debris,plastic_other,0.459,21.8437901,-160.1734733,1.23,1.15,1.423,3.41,2.28,11.38,1인,S244
2_510_9460_11251_9813,niihau_2_510_9460_11251.jpg,PET_Bottle,pet_bottle,0.409,21.8436849,-160.1734783,0.61,0.46,0.284,0.56,0.47,0.94,1인,S244
2_510_9460_11251_9814,niihau_2_510_9460_11251.jpg,plastic debris,plastic_other,0.393,21.8437296,-160.1734452,0.59,0.59,0.350,0.84,0.56,2.80,1인,S244
2_510_9460_11251_9815,niihau_2_510_9460_11251.jpg,plastic debris,plastic_other,0.363,21.8437383,-160.1734397,1.50,1.32,1.971,4.73,3.15,15.77,1인,S246
2_510_9460_11251_9816,niihau_2_510_9460_11251.jpg,plastic debris,plastic_other,0.338,21.8437404,-160.1734272,0.46,0.46,0.212,0.51,0.34,1.69,1인,S246
2_510_9466_10599_9823,niihau_2_510_9466_10599.jpg,Plastic_ETC,plastic_other,0.741,21.8438449,-160.1734431,0.87,0.85,0.741,1.78,1.19,5.93,1인,S246
2_510_9466_10599_9824,niihau_2_510_9466_10599.jpg,Plastic_ETC,plastic_other,0.709,21.8438082,-160.1734468,0.68,0.64,0.433,1.04,0.69,3.47,1인,S246
2_510_9466_10599_9825,niihau_2_510_9466_10599.jpg,plastic debris,plastic_other,0.660,21.8438341,-160.1734353,0.64,0.63,0.405,0.97,0.65,3.24,1인,S246
2_510_9466_10599_9826,niihau_2_510_9466_10599.jpg,plastic debris,plastic_other,0.494,21.8438931,-160.1734239,0.48,0.47,0.224,0.54,0.36,1.80,1인,S248
2_510_9466_10599_9827,niihau_2_510_9466_10599.jpg,plastic debris,plastic_other,0.465,21.8438966,-160.1734609,0.47,0.44,0.208,0.50,0.33,1.67,1인,S248
2_510_9466_10599_9828,niihau_2_510_9466_10599.jpg,plastic debris,plastic_other,0.367,21.8438376,-160.1734601,0.55,0.51,0.281,0.67,0.45,2.24,1인,S246
2_510_9466_10599_9829,niihau_2_510_9466_10599.jpg,plastic debris,plastic_other,0.364,21.8439003,-160.1734362,0.73,0.72,0.525,1.26,0.84,4.20,1인,S248
2_510_9466_10599_9830,niihau_2_510_9466_10599.jpg,plastic debris,plastic_other,0.349,21.8438564,-160.1734189,1.00,0.99,0.990,2.38,1.58,7.92,1인,S246
2_510_9466_10599_9831,niihau_2_510_9466_10599.jpg,plastic debris,plastic_other,0.313,21.8438344,-160.1734221,0.61,0.61,0.375,0.90,0.60,3.00,1인,S246
2_511_-214_21453_9837,niihau_2_511_-214_21453.jpg,plastic debris,plastic_other,0.631,21.8437642,-160.1733667,0.39,0.38,0.147,0.35,0.24,1.18,1인,S246
2_511_-214_21453_9838,niihau_2_511_-214_21453.jpg,Net,net,0.601,21.8437353,-160.1733956,0.67,0.66,0.440,7.92,3.30,19.81,1인,S246
2_511_-214_21453_9839,niihau_2_511_-214_21453.jpg,plastic debris,plastic_other,0.529,21.8437254,-160.1733989,1.11,0.91,1.018,2.44,1.63,8.14,1인,S246
2_511_-214_21453_9840,niihau_2_511_-214_21453.jpg,plastic debris,plastic_other,0.525,21.8436887,-160.1733981,1.48,1.26,1.854,4.45,2.97,14.84,1인,S246
2_511_-214_21453_9841,niihau_2_511_-214_21453.jpg,Plastic_ETC,plastic_other,0.463,21.8437937,-160.1733639,0.66,0.65,0.433,1.04,0.69,3.47,1인,S246
2_511_-214_21453_9842,niihau_2_511_-214_21453.jpg,plastic debris,plastic_other,0.354,21.8437690,-160.1733940,1.69,1.15,1.931,4.63,3.09,15.45,1인,S246
2_511_-214_21453_9843,niihau_2_511_-214_21453.jpg,plastic debris,plastic_other,0.349,21.8437021,-160.1734193,0.55,0.52,0.287,0.69,0.46,2.30,1인,S246
2_511_-249_20952_9846,niihau_2_511_-249_20952.jpg,Plastic_ETC,plastic_other,0.773,21.8438586,-160.1734032,1.18,1.07,1.267,3.04,2.03,10.14,1인,S246
2_511_-249_20952_9847,niihau_2_511_-249_20952.jpg,Plastic_Buoy,plastic_buoy,0.738,21.8438120,-160.1733736,0.60,0.58,0.349,6.28,3.14,8.38,1인,S246
2_511_-249_20952_9848,niihau_2_511_-249_20952.jpg,PET_Bottle,pet_bottle,0.703,21.8438091,-160.1733907,0.70,0.66,0.461,0.91,0.76,1.52,1인,S246
2_511_-249_20952_9849,niihau_2_511_-249_20952.jpg,Styrofoam_Piece,eps_fragment,0.684,21.8438288,-160.1733646,0.57,0.32,0.179,0.11,0.07,0.36,1인,S246
2_511_-249_20952_9850,niihau_2_511_-249_20952.jpg,Plastic_Buoy_China,plastic_buoy,0.653,21.8438523,-160.1734093,0.71,0.69,0.489,8.81,4.40,11.74,1인,S246
2_511_-249_20952_9851,niihau_2_511_-249_20952.jpg,Plastic_Buoy,plastic_buoy,0.638,21.8438554,-160.1733657,0.80,0.49,0.393,7.07,3.54,9.43,1인,S246
2_511_-249_20952_9852,niihau_2_511_-249_20952.jpg,Plastic_Buoy,plastic_buoy,0.600,21.8438149,-160.1733886,0.63,0.61,0.383,6.89,3.44,9.18,1인,S246
2_511_-249_20952_9853,niihau_2_511_-249_20952.jpg,plastic debris,plastic_other,0.528,21.8438245,-160.1733789,0.72,0.72,0.517,1.24,0.83,4.13,1인,S246
2_511_-249_20952_9854,niihau_2_511_-249_20952.jpg,plastic debris,plastic_other,0.528,21.8437941,-160.1733651,0.66,0.46,0.306,0.73,0.49,2.44,1인,S246
2_511_-249_20952_9855,niihau_2_511_-249_20952.jpg,plastic debris,plastic_other,0.454,21.8438749,-160.1734037,0.61,0.59,0.362,0.87,0.58,2.90,1인,S248
2_511_-249_20952_9856,niihau_2_511_-249_20952.jpg,PET_Bottle,pet_bottle,0.342,21.8438100,-160.1733798,0.54,0.48,0.256,0.51,0.42,0.84,1인,S246
2_511_1073_15311_9869,niihau_2_511_1073_15311.jpg,Styrofoam_Piece,eps_fragment,0.712,21.8448592,-160.1732311,0.67,0.65,0.437,0.26,0.17,0.87,1인,S249
2_511_1073_15311_9870,niihau_2_511_1073_15311.jpg,Styrofoam_Piece,eps_fragment,0.646,21.8448747,-160.1732350,0.78,0.76,0.593,0.36,0.24,1.19,1인,S249
2_511_1073_15311_9871,niihau_2_511_1073_15311.jpg,plastic debris,plastic_other,0.441,21.8448550,-160.1731500,1.47,1.36,1.995,4.79,3.19,15.96,1인,S249
2_511_129_23025_9874,niihau_2_511_129_23025.jpg,plastic debris,plastic_other,0.347,21.8434951,-160.1733523,1.07,1.00,1.069,2.57,1.71,8.55,1인,S250
2_511_132_20268_9882,niihau_2_511_132_20268.jpg,Net,net,0.793,21.8439945,-160.1733083,0.68,0.63,0.428,7.70,3.21,19.25,1인,S248
2_511_132_20268_9883,niihau_2_511_132_20268.jpg,Plastic_ETC,plastic_other,0.692,21.8439174,-160.1733193,0.93,0.89,0.835,2.00,1.34,6.68,1인,S248
2_511_132_20268_9884,niihau_2_511_132_20268.jpg,Plastic_ETC,plastic_other,0.629,21.8440040,-160.1733976,0.68,0.67,0.458,1.10,0.73,3.67,1인,S248
2_511_132_20268_9885,niihau_2_511_132_20268.jpg,plastic debris,plastic_other,0.623,21.8439905,-160.1733580,0.64,0.63,0.406,0.98,0.65,3.25,1인,S248
2_511_132_20268_9886,niihau_2_511_132_20268.jpg,Plastic_ETC,plastic_other,0.594,21.8439520,-160.1733517,0.97,0.95,0.923,2.21,1.48,7.38,1인,S248
2_511_132_20268_9887,niihau_2_511_132_20268.jpg,plastic debris,plastic_other,0.575,21.8439626,-160.1733334,0.61,0.58,0.354,0.85,0.57,2.83,1인,S248
2_511_132_20268_9888,niihau_2_511_132_20268.jpg,Plastic_ETC,plastic_other,0.560,21.8439188,-160.1734011,0.99,0.89,0.889,2.13,1.42,7.12,1인,S248
2_511_132_20268_9889,niihau_2_511_132_20268.jpg,PET_Bottle,pet_bottle,0.538,21.8438987,-160.1733311,0.76,0.74,0.560,1.11,0.92,1.85,1인,S248
2_511_132_20268_9890,niihau_2_511_132_20268.jpg,Net,net,0.525,21.8439703,-160.1733370,0.55,0.53,0.290,5.22,2.18,13.06,1인,S248
2_511_132_20268_9891,niihau_2_511_132_20268.jpg,Plastic_Buoy_China,plastic_buoy,0.505,21.8440082,-160.1734051,0.64,0.50,0.316,5.68,2.84,7.57,1인,S248
2_511_132_20268_9892,niihau_2_511_132_20268.jpg,plastic debris,plastic_other,0.493,21.8439478,-160.1734118,0.41,0.41,0.168,0.40,0.27,1.35,1인,S248
2_511_132_20268_9893,niihau_2_511_132_20268.jpg,plastic debris,plastic_other,0.489,21.8439188,-160.1733570,0.75,0.69,0.518,1.24,0.83,4.14,1인,S248
2_511_132_20268_9894,niihau_2_511_132_20268.jpg,plastic debris,plastic_other,0.452,21.8439401,-160.1733520,0.54,0.50,0.270,0.65,0.43,2.16,1인,S248
2_511_132_20268_9895,niihau_2_511_132_20268.jpg,plastic debris,plastic_other,0.354,21.8439923,-160.1733266,1.57,1.43,2.245,5.39,3.59,17.96,1인,S248
2_511_16_19835_9910,niihau_2_511_16_19835.jpg,PET_Bottle,pet_bottle,0.743,21.8440729,-160.1733592,0.57,0.57,0.325,0.64,0.54,1.07,1인,S248
2_511_16_19835_9911,niihau_2_511_16_19835.jpg,Plastic_ETC,plastic_other,0.740,21.8440311,-160.1733759,1.17,1.15,1.346,3.23,2.15,10.77,1인,S248
2_511_16_19835_9912,niihau_2_511_16_19835.jpg,plastic debris,plastic_other,0.702,21.8440041,-160.1733977,0.71,0.70,0.498,1.19,0.80,3.98,1인,S248
2_511_16_19835_9913,niihau_2_511_16_19835.jpg,Plastic_Buoy_China,plastic_buoy,0.665,21.8440089,-160.1734053,0.70,0.70,0.488,8.78,4.39,11.71,1인,S248
2_511_16_19835_9914,niihau_2_511_16_19835.jpg,plastic debris,plastic_other,0.534,21.8439906,-160.1733580,0.70,0.67,0.469,1.13,0.75,3.75,1인,S248
2_511_16_19835_9915,niihau_2_511_16_19835.jpg,plastic debris,plastic_other,0.432,21.8440127,-160.1733697,0.54,0.54,0.292,0.70,0.47,2.33,1인,S248
2_511_16_19835_9916,niihau_2_511_16_19835.jpg,plastic debris,plastic_other,0.421,21.8440433,-160.1733563,0.61,0.60,0.367,0.88,0.59,2.94,1인,S248
2_511_16_19835_9917,niihau_2_511_16_19835.jpg,plastic debris,plastic_other,0.421,21.8440639,-160.1733507,1.72,1.34,2.296,5.51,3.67,18.37,1인,S248
2_511_16_19835_9918,niihau_2_511_16_19835.jpg,plastic debris,plastic_other,0.380,21.8439924,-160.1733267,1.65,1.53,2.519,6.05,4.03,20.15,1인,S248
2_511_16_19835_9919,niihau_2_511_16_19835.jpg,Plastic_Buoy,plastic_buoy,0.360,21.8440493,-160.1734222,0.94,0.76,0.712,12.82,6.41,17.09,1인,S248
2_511_16_19835_9920,niihau_2_511_16_19835.jpg,plastic debris,plastic_other,0.351,21.8440880,-160.1733279,0.39,0.27,0.106,0.25,0.17,0.85,1인,S248
2_511_2823_18455_9931,niihau_2_511_2823_18455.jpg,plastic debris,plastic_other,0.354,21.8442343,-160.1728733,1.01,0.83,0.838,2.01,1.34,6.71,1인,S251
2_511_2823_18455_9932,niihau_2_511_2823_18455.jpg,PET_Bottle,pet_bottle,0.307,21.8442842,-160.1728342,1.23,1.08,1.329,2.63,2.19,4.39,1인,S251
2_511_314_20788_9945,niihau_2_511_314_20788.jpg,Plastic_ETC,plastic_other,0.817,21.8438876,-160.1733154,0.79,0.77,0.609,1.46,0.97,4.87,1인,S246
2_511_314_20788_9946,niihau_2_511_314_20788.jpg,Plastic_ETC,plastic_other,0.781,21.8438552,-160.1733642,0.83,0.78,0.650,1.56,1.04,5.20,1인,S246
2_511_314_20788_9947,niihau_2_511_314_20788.jpg,Plastic_ETC,plastic_other,0.779,21.8438592,-160.1733163,1.48,1.20,1.771,4.25,2.83,14.16,1인,S246
2_511_314_20788_9948,niihau_2_511_314_20788.jpg,PET_Bottle,pet_bottle,0.742,21.8438287,-160.1733638,0.50,0.45,0.227,0.45,0.37,0.75,1인,S246
2_511_314_20788_9949,niihau_2_511_314_20788.jpg,Plastic_ETC,plastic_other,0.703,21.8438493,-160.1733236,0.93,0.90,0.843,2.02,1.35,6.74,1인,S246
2_511_314_20788_9950,niihau_2_511_314_20788.jpg,Plastic_Buoy,plastic_buoy,0.693,21.8438120,-160.1733735,0.61,0.58,0.352,6.33,3.17,8.44,1인,S246
2_511_314_20788_9951,niihau_2_511_314_20788.jpg,Plastic_ETC,plastic_other,0.680,21.8438321,-160.1733129,0.83,0.83,0.690,1.66,1.10,5.52,1인,S246
2_511_314_20788_9952,niihau_2_511_314_20788.jpg,Plastic_Buoy,plastic_buoy,0.641,21.8438682,-160.1733365,0.69,0.66,0.456,8.20,4.10,10.94,1인,S246
2_511_314_20788_9953,niihau_2_511_314_20788.jpg,plastic debris,plastic_other,0.620,21.8438266,-160.1733360,1.21,1.18,1.433,3.44,2.29,11.47,1인,S246
2_511_314_20788_9954,niihau_2_511_314_20788.jpg,plastic debris,plastic_other,0.569,21.8438533,-160.1733381,0.44,0.42,0.186,0.45,0.30,1.49,1인,S246
2_511_314_20788_9955,niihau_2_511_314_20788.jpg,plastic debris,plastic_other,0.566,21.8438806,-160.1733503,0.86,0.84,0.721,1.73,1.15,5.77,1인,S246
2_511_314_20788_9956,niihau_2_511_314_20788.jpg,plastic debris,plastic_other,0.543,21.8438955,-160.1733171,1.22,1.19,1.444,3.47,2.31,11.55,1인,S246
2_511_314_20788_9957,niihau_2_511_314_20788.jpg,PET_Bottle,pet_bottle,0.472,21.8438987,-160.1733311,0.77,0.77,0.588,1.16,0.97,1.94,1인,S248
2_511_314_20788_9958,niihau_2_511_314_20788.jpg,Plastic_Buoy,plastic_buoy,0.365,21.8438271,-160.1733751,0.65,0.60,0.390,7.01,3.51,9.35,1인,S246
2_511_314_20788_9959,niihau_2_511_314_20788.jpg,plastic debris,plastic_other,0.346,21.8439153,-160.1733193,0.85,0.41,0.350,0.84,0.56,2.80,1인,S248
2_511_314_20788_9960,niihau_2_511_314_20788.jpg,plastic debris,plastic_other,0.344,21.8438936,-160.1733003,1.47,1.27,1.868,4.48,2.99,14.95,1인,S246
2_511_314_20788_9961,niihau_2_511_314_20788.jpg,plastic debris,plastic_other,0.339,21.8438964,-160.1733717,1.41,1.27,1.788,4.29,2.86,14.31,1인,S248
2_511_314_20788_9962,niihau_2_511_314_20788.jpg,plastic debris,plastic_other,0.304,21.8438092,-160.1733640,0.37,0.35,0.131,0.32,0.21,1.05,1인,S246
2_511_5061_5758_9972,niihau_2_511_5061_5758.jpg,PET_Bottle,pet_bottle,0.743,21.8465361,-160.1724069,0.45,0.45,0.202,0.40,0.33,0.67,1인,S252
2_511_5061_5758_9973,niihau_2_511_5061_5758.jpg,plastic debris,plastic_other,0.670,21.8465814,-160.1724190,2.19,1.86,4.059,9.74,6.49,32.47,2인,S252
2_511_5061_5758_9974,niihau_2_511_5061_5758.jpg,plastic debris,plastic_other,0.655,21.8465906,-160.1724335,0.48,0.48,0.229,0.55,0.37,1.83,1인,S252
2_511_5061_5758_9975,niihau_2_511_5061_5758.jpg,plastic debris,plastic_other,0.610,21.8466290,-160.1723733,0.49,0.47,0.233,0.56,0.37,1.86,1인,S252
2_511_5061_5758_9976,niihau_2_511_5061_5758.jpg,plastic debris,plastic_other,0.557,21.8465905,-160.1723650,0.61,0.60,0.367,0.88,0.59,2.93,1인,S252
2_511_5061_5758_9977,niihau_2_511_5061_5758.jpg,plastic debris,plastic_other,0.358,21.8466233,-160.1724313,1.64,1.43,2.343,5.62,3.75,18.74,1인,S252
2_511_7752_2859_9986,niihau_2_511_7752_2859.jpg,Plastic_Buoy_China,plastic_buoy,0.797,21.8471010,-160.1718747,0.68,0.68,0.458,8.24,4.12,10.98,1인,S253
2_511_7752_2859_9987,niihau_2_511_7752_2859.jpg,Plastic_ETC,plastic_other,0.788,21.8471083,-160.1719033,0.74,0.71,0.529,1.27,0.85,4.23,1인,S253
2_511_7752_2859_9988,niihau_2_511_7752_2859.jpg,Plastic_ETC,plastic_other,0.773,21.8471538,-160.1718741,0.68,0.66,0.444,1.07,0.71,3.56,1인,S253
2_511_7752_2859_9989,niihau_2_511_7752_2859.jpg,PET_Bottle,pet_bottle,0.653,21.8471646,-160.1719190,0.61,0.37,0.224,0.44,0.37,0.74,1인,S253
2_511_7752_2859_9990,niihau_2_511_7752_2859.jpg,PET_Bottle,pet_bottle,0.629,21.8470897,-160.1718934,0.66,0.60,0.397,0.79,0.65,1.31,1인,S253
2_511_7752_2859_9991,niihau_2_511_7752_2859.jpg,Plastic_Buoy_China,plastic_buoy,0.620,21.8470656,-160.1718707,0.61,0.61,0.368,6.63,3.32,8.84,1인,S253
2_511_7752_2859_9992,niihau_2_511_7752_2859.jpg,plastic debris,plastic_other,0.556,21.8470934,-160.1718807,0.57,0.53,0.304,0.73,0.49,2.43,1인,S253
2_511_7752_2859_9993,niihau_2_511_7752_2859.jpg,plastic debris,plastic_other,0.518,21.8470803,-160.1718982,0.47,0.42,0.196,0.47,0.31,1.57,1인,S253
2_511_7752_2859_9994,niihau_2_511_7752_2859.jpg,plastic debris,plastic_other,0.444,21.8471134,-160.1718736,0.48,0.46,0.222,0.53,0.36,1.78,1인,S253
2_511_7752_2859_9995,niihau_2_511_7752_2859.jpg,plastic debris,plastic_other,0.362,21.8471573,-160.1718672,0.61,0.57,0.347,0.83,0.56,2.78,1인,S253
2_511_7752_2859_9996,niihau_2_511_7752_2859.jpg,PET_Bottle,pet_bottle,0.331,21.8470520,-160.1718673,0.45,0.22,0.099,0.20,0.16,0.33,1인,S253
2_511_7752_2859_9997,niihau_2_511_7752_2859.jpg,plastic debris,plastic_other,0.309,21.8470986,-160.1718989,0.58,0.53,0.306,0.73,0.49,2.45,1인,S253
2_511_775_13843_10008,niihau_2_511_775_13843.jpg,Plastic_ETC,plastic_other,0.746,21.8451298,-160.1732632,0.90,0.88,0.793,1.90,1.27,6.35,1인,S254
2_511_775_13843_10009,niihau_2_511_775_13843.jpg,PET_Bottle,pet_bottle,0.729,21.8451482,-160.1732802,0.65,0.63,0.405,0.80,0.67,1.34,1인,S254
2_511_775_13843_10010,niihau_2_511_775_13843.jpg,PET_Bottle,pet_bottle,0.728,21.8451672,-160.1732275,0.72,0.68,0.491,0.97,0.81,1.62,1인,S254
2_511_775_13843_10011,niihau_2_511_775_13843.jpg,Plastic_ETC,plastic_other,0.601,21.8451110,-160.1732419,1.24,1.06,1.321,3.17,2.11,10.56,1인,S254
2_511_775_13843_10012,niihau_2_511_775_13843.jpg,plastic debris,plastic_other,0.578,21.8451687,-160.1732145,0.70,0.68,0.475,1.14,0.76,3.80,1인,S254
2_511_775_13843_10013,niihau_2_511_775_13843.jpg,Rope,rope,0.561,21.8451229,-160.1732206,1.40,1.10,1.537,18.44,12.30,30.74,2인,S254
2_511_775_13843_10014,niihau_2_511_775_13843.jpg,plastic debris,plastic_other,0.481,21.8451161,-160.1732727,0.50,0.46,0.229,0.55,0.37,1.83,1인,S254
2_511_775_13843_10015,niihau_2_511_775_13843.jpg,plastic debris,plastic_other,0.353,21.8451540,-160.1732543,0.47,0.43,0.204,0.49,0.33,1.63,1인,S254
2_511_775_13843_10016,niihau_2_511_775_13843.jpg,Net,net,0.330,21.8451224,-160.1732357,0.57,0.57,0.324,5.83,2.43,14.56,1인,S254
2_511_775_13843_10017,niihau_2_511_775_13843.jpg,plastic debris,plastic_other,0.326,21.8451069,-160.1732816,0.42,0.38,0.158,0.38,0.25,1.26,1인,S254
2_511_8069_2845_10028,niihau_2_511_8069_2845.jpg,Plastic_ETC,plastic_other,0.855,21.8471538,-160.1718740,0.68,0.66,0.450,1.08,0.72,3.60,1인,S253
2_511_8069_2845_10029,niihau_2_511_8069_2845.jpg,PET_Bottle,pet_bottle,0.808,21.8471109,-160.1718307,0.63,0.61,0.385,0.76,0.64,1.27,1인,S253
2_511_8069_2845_10030,niihau_2_511_8069_2845.jpg,Plastic_Buoy_China,plastic_buoy,0.753,21.8470657,-160.1718708,0.61,0.60,0.367,6.60,3.30,8.80,1인,S253
2_511_8069_2845_10031,niihau_2_511_8069_2845.jpg,Plastic_ETC,plastic_other,0.716,21.8470732,-160.1718399,0.75,0.75,0.562,1.35,0.90,4.50,1인,S253
2_511_8069_2845_10032,niihau_2_511_8069_2845.jpg,Plastic_Buoy_China,plastic_buoy,0.680,21.8471008,-160.1718746,0.66,0.65,0.432,7.78,3.89,10.37,1인,S253
2_511_8069_2845_10033,niihau_2_511_8069_2845.jpg,Plastic_ETC,plastic_other,0.678,21.8470897,-160.1718933,0.60,0.58,0.345,0.83,0.55,2.76,1인,S253
2_511_8069_2845_10034,niihau_2_511_8069_2845.jpg,plastic debris,plastic_other,0.633,21.8471420,-160.1717969,0.48,0.45,0.217,0.52,0.35,1.73,1인,S255
2_511_8069_2845_10035,niihau_2_511_8069_2845.jpg,Plastic_ETC,plastic_other,0.621,21.8471084,-160.1719021,0.66,0.40,0.268,0.64,0.43,2.15,1인,S253
2_511_8069_2845_10036,niihau_2_511_8069_2845.jpg,Net,net,0.615,21.8470790,-160.1717962,0.72,0.68,0.493,8.88,3.70,22.20,1인,S253
2_511_8069_2845_10037,niihau_2_511_8069_2845.jpg,plastic debris,plastic_other,0.614,21.8470935,-160.1718807,0.55,0.52,0.285,0.68,0.46,2.28,1인,S253
2_511_8069_2845_10038,niihau_2_511_8069_2845.jpg,plastic debris,plastic_other,0.524,21.8471496,-160.1718357,0.52,0.51,0.270,0.65,0.43,2.16,1인,S253
2_511_8069_2845_10039,niihau_2_511_8069_2845.jpg,plastic debris,plastic_other,0.468,21.8471664,-160.1717839,0.49,0.49,0.243,0.58,0.39,1.95,1인,S255
2_511_8069_2845_10040,niihau_2_511_8069_2845.jpg,plastic debris,plastic_other,0.452,21.8470804,-160.1718981,0.44,0.37,0.163,0.39,0.26,1.31,1인,S253
2_511_8069_2845_10041,niihau_2_511_8069_2845.jpg,plastic debris,plastic_other,0.443,21.8471615,-160.1718043,0.36,0.36,0.131,0.31,0.21,1.05,1인,S255
2_511_8069_2845_10042,niihau_2_511_8069_2845.jpg,plastic debris,plastic_other,0.430,21.8470846,-160.1718022,0.55,0.53,0.292,0.70,0.47,2.34,1인,S253
2_511_8069_2845_10043,niihau_2_511_8069_2845.jpg,plastic debris,plastic_other,0.413,21.8471134,-160.1718736,0.50,0.48,0.239,0.57,0.38,1.91,1인,S253
2_511_8069_2845_10044,niihau_2_511_8069_2845.jpg,plastic debris,plastic_other,0.352,21.8471519,-160.1718430,0.41,0.40,0.164,0.39,0.26,1.31,1인,S253
2_511_8069_2845_10045,niihau_2_511_8069_2845.jpg,plastic debris,plastic_other,0.352,21.8470676,-160.1718379,0.90,0.90,0.813,1.95,1.30,6.50,1인,S253
2_511_8069_2845_10046,niihau_2_511_8069_2845.jpg,plastic debris,plastic_other,0.339,21.8471096,-160.1718409,0.72,0.70,0.503,1.21,0.80,4.02,1인,S253
2_511_8069_2845_10047,niihau_2_511_8069_2845.jpg,plastic debris,plastic_other,0.338,21.8471571,-160.1718672,0.64,0.59,0.373,0.90,0.60,2.99,1인,S253
2_511_8069_2845_10048,niihau_2_511_8069_2845.jpg,plastic debris,plastic_other,0.312,21.8471418,-160.1717910,0.38,0.35,0.135,0.32,0.22,1.08,1인,S255
2_511_8964_2258_10062,niihau_2_511_8964_2258.jpg,Plastic_ETC,plastic_other,0.811,21.8472190,-160.1716700,0.73,0.70,0.510,1.22,0.82,4.08,1인,S255
2_511_8964_2258_10063,niihau_2_511_8964_2258.jpg,Plastic_ETC,plastic_other,0.741,21.8471898,-160.1716574,0.94,0.82,0.772,1.85,1.24,6.18,1인,S255
2_511_8964_2258_10064,niihau_2_511_8964_2258.jpg,Plastic_Buoy_China,plastic_buoy,0.729,21.8472023,-160.1717015,0.59,0.58,0.341,6.14,3.07,8.19,1인,S255
2_511_8964_2258_10065,niihau_2_511_8964_2258.jpg,Plastic_Buoy_China,plastic_buoy,0.720,21.8471932,-160.1717215,0.71,0.68,0.479,8.63,4.31,11.50,1인,S255
2_511_8964_2258_10066,niihau_2_511_8964_2258.jpg,Styrofoam_Piece,eps_fragment,0.699,21.8472671,-160.1716841,0.73,0.71,0.516,0.31,0.21,1.03,1인,S255
2_511_8964_2258_10067,niihau_2_511_8964_2258.jpg,PET_Bottle,pet_bottle,0.635,21.8472341,-160.1716298,1.03,0.89,0.915,1.81,1.51,3.02,1인,S255
2_511_8964_2258_10068,niihau_2_511_8964_2258.jpg,plastic debris,plastic_other,0.603,21.8472247,-160.1716736,0.57,0.56,0.323,0.77,0.52,2.58,1인,S255
2_511_8964_2258_10069,niihau_2_511_8964_2258.jpg,plastic debris,plastic_other,0.596,21.8472675,-160.1716924,0.56,0.55,0.306,0.73,0.49,2.45,1인,S255
2_511_8964_2258_10070,niihau_2_511_8964_2258.jpg,Net,net,0.585,21.8472245,-160.1716503,0.61,0.59,0.363,6.53,2.72,16.32,1인,S255
2_511_8964_2258_10071,niihau_2_511_8964_2258.jpg,plastic debris,plastic_other,0.579,21.8472194,-160.1716862,0.48,0.40,0.195,0.47,0.31,1.56,1인,S255
2_511_8964_2258_10072,niihau_2_511_8964_2258.jpg,plastic debris,plastic_other,0.545,21.8472118,-160.1716612,0.48,0.40,0.194,0.47,0.31,1.55,1인,S255
2_511_8964_2258_10073,niihau_2_511_8964_2258.jpg,Plastic_Buoy_China,plastic_buoy,0.538,21.8472216,-160.1716552,0.77,0.74,0.570,10.26,5.13,13.68,1인,S255
2_511_8964_2258_10074,niihau_2_511_8964_2258.jpg,plastic debris,plastic_other,0.514,21.8472565,-160.1716852,0.74,0.70,0.518,1.24,0.83,4.15,1인,S255
2_511_8964_2258_10075,niihau_2_511_8964_2258.jpg,plastic debris,plastic_other,0.509,21.8471995,-160.1716605,0.59,0.57,0.338,0.81,0.54,2.71,1인,S255
2_511_8964_2258_10076,niihau_2_511_8964_2258.jpg,plastic debris,plastic_other,0.491,21.8471912,-160.1716518,0.60,0.59,0.352,0.84,0.56,2.82,1인,S255
2_511_8964_2258_10077,niihau_2_511_8964_2258.jpg,plastic debris,plastic_other,0.438,21.8472061,-160.1716458,0.63,0.61,0.385,0.92,0.62,3.08,1인,S255
2_511_8964_2258_10078,niihau_2_511_8964_2258.jpg,plastic debris,plastic_other,0.427,21.8472425,-160.1716443,1.51,1.25,1.892,4.54,3.03,15.13,1인,S255
2_511_8964_2258_10079,niihau_2_511_8964_2258.jpg,Plastic_ETC,plastic_other,0.396,21.8472008,-160.1716645,0.67,0.67,0.448,1.08,0.72,3.59,1인,S255
2_511_8964_2258_10080,niihau_2_511_8964_2258.jpg,plastic debris,plastic_other,0.350,21.8472073,-160.1716551,0.52,0.51,0.263,0.63,0.42,2.11,1인,S255
2_511_8964_2258_10081,niihau_2_511_8964_2258.jpg,plastic debris,plastic_other,0.326,21.8472094,-160.1716688,0.31,0.31,0.095,0.23,0.15,0.76,1인,S255
2_511_9211_1670_10094,niihau_2_511_9211_1670.jpg,Plastic_ETC,plastic_other,0.842,21.8473228,-160.1716034,0.69,0.64,0.443,1.06,0.71,3.54,1인,S255
2_511_9211_1670_10095,niihau_2_511_9211_1670.jpg,PET_Bottle,pet_bottle,0.816,21.8472781,-160.1716169,0.60,0.60,0.360,0.71,0.59,1.19,1인,S255
2_511_9211_1670_10096,niihau_2_511_9211_1670.jpg,Plastic_Buoy_China,plastic_buoy,0.799,21.8472806,-160.1716381,0.67,0.63,0.422,7.60,3.80,10.14,1인,S255
2_511_9211_1670_10097,niihau_2_511_9211_1670.jpg,PET_Bottle,pet_bottle,0.778,21.8472993,-160.1715718,0.53,0.48,0.253,0.50,0.42,0.83,1인,S255
2_511_9211_1670_10098,niihau_2_511_9211_1670.jpg,PET_Bottle,pet_bottle,0.775,21.8473256,-160.1716235,0.59,0.57,0.333,0.66,0.55,1.10,1인,S255
2_511_9211_1670_10099,niihau_2_511_9211_1670.jpg,PET_Bottle,pet_bottle,0.745,21.8473549,-160.1716067,0.58,0.58,0.340,0.67,0.56,1.12,1인,S255
2_511_9211_1670_10100,niihau_2_511_9211_1670.jpg,Plastic_ETC,plastic_other,0.742,21.8472948,-160.1716222,0.68,0.65,0.443,1.06,0.71,3.54,1인,S255
2_511_9211_1670_10101,niihau_2_511_9211_1670.jpg,plastic debris,plastic_other,0.721,21.8472812,-160.1716050,0.69,0.65,0.450,1.08,0.72,3.60,1인,S255
2_511_9211_1670_10102,niihau_2_511_9211_1670.jpg,plastic debris,plastic_other,0.689,21.8473448,-160.1716797,0.55,0.54,0.296,0.71,0.47,2.36,1인,S255
2_511_9211_1670_10103,niihau_2_511_9211_1670.jpg,Plastic_Buoy_China,plastic_buoy,0.682,21.8473155,-160.1716024,0.62,0.60,0.373,6.72,3.36,8.96,1인,S255
2_511_9211_1670_10104,niihau_2_511_9211_1670.jpg,Plastic_Buoy_China,plastic_buoy,0.681,21.8473445,-160.1715854,0.55,0.54,0.298,5.36,2.68,7.14,1인,S255
2_511_9211_1670_10105,niihau_2_511_9211_1670.jpg,plastic debris,plastic_other,0.676,21.8472993,-160.1716364,0.43,0.39,0.165,0.40,0.26,1.32,1인,S255
2_511_9211_1670_10106,niihau_2_511_9211_1670.jpg,plastic debris,plastic_other,0.648,21.8473414,-160.1716588,0.60,0.59,0.357,0.86,0.57,2.86,1인,S255
2_511_9211_1670_10107,niihau_2_511_9211_1670.jpg,Plastic_Buoy_China,plastic_buoy,0.641,21.8472920,-160.1716679,0.60,0.57,0.343,6.18,3.09,8.24,1인,S255
2_511_9211_1670_10108,niihau_2_511_9211_1670.jpg,Plastic_ETC,plastic_other,0.639,21.8472862,-160.1716640,0.81,0.73,0.589,1.41,0.94,4.71,1인,S255
2_511_9211_1670_10109,niihau_2_511_9211_1670.jpg,PET_Bottle,pet_bottle,0.619,21.8473705,-160.1716368,0.47,0.43,0.202,0.40,0.33,0.67,1인,S255
2_511_9211_1670_10110,niihau_2_511_9211_1670.jpg,plastic debris,plastic_other,0.613,21.8473248,-160.1716527,0.44,0.40,0.175,0.42,0.28,1.40,1인,S255
2_511_9211_1670_10111,niihau_2_511_9211_1670.jpg,plastic debris,plastic_other,0.604,21.8473799,-160.1715631,0.42,0.36,0.150,0.36,0.24,1.20,1인,S255
2_511_9211_1670_10112,niihau_2_511_9211_1670.jpg,plastic debris,plastic_other,0.525,21.8472858,-160.1716698,0.40,0.35,0.140,0.34,0.22,1.12,1인,S255
2_511_9211_1670_10113,niihau_2_511_9211_1670.jpg,plastic debris,plastic_other,0.514,21.8473153,-160.1715630,0.73,0.44,0.319,0.77,0.51,2.56,1인,S255
2_511_9211_1670_10114,niihau_2_511_9211_1670.jpg,plastic debris,plastic_other,0.511,21.8473233,-160.1716640,0.54,0.52,0.277,0.67,0.44,2.22,1인,S255
2_511_9211_1670_10115,niihau_2_511_9211_1670.jpg,plastic debris,plastic_other,0.488,21.8473446,-160.1716458,0.50,0.49,0.245,0.59,0.39,1.96,1인,S255
2_511_9211_1670_10116,niihau_2_511_9211_1670.jpg,plastic debris,plastic_other,0.485,21.8472987,-160.1716536,0.73,0.65,0.473,1.13,0.76,3.78,1인,S255
2_511_9211_1670_10117,niihau_2_511_9211_1670.jpg,plastic debris,plastic_other,0.443,21.8473497,-160.1715909,0.44,0.42,0.184,0.44,0.29,1.47,1인,S255
2_511_9211_1670_10118,niihau_2_511_9211_1670.jpg,plastic debris,plastic_other,0.429,21.8473559,-160.1716226,0.46,0.45,0.210,0.50,0.34,1.68,1인,S255
2_511_9211_1670_10119,niihau_2_511_9211_1670.jpg,plastic debris,plastic_other,0.312,21.8473355,-160.1716740,0.56,0.51,0.284,0.68,0.45,2.27,1인,S255
2_511_9211_1670_10120,niihau_2_511_9211_1670.jpg,plastic debris,plastic_other,0.301,21.8473372,-160.1715813,0.60,0.60,0.357,0.86,0.57,2.85,1인,S255
2_511_9324_2206_10138,niihau_2_511_9324_2206.jpg,Plastic_ETC,plastic_other,0.819,21.8472806,-160.1716380,0.70,0.70,0.492,1.18,0.79,3.94,1인,S255
2_511_9324_2206_10139,niihau_2_511_9324_2206.jpg,PET_Bottle,pet_bottle,0.815,21.8472781,-160.1716170,0.67,0.65,0.434,0.86,0.72,1.43,1인,S255
2_511_9324_2206_10140,niihau_2_511_9324_2206.jpg,Plastic_ETC,plastic_other,0.741,21.8472280,-160.1715998,1.91,1.74,3.327,7.98,5.32,26.62,2인,S255
2_511_9324_2206_10141,niihau_2_511_9324_2206.jpg,PET_Bottle,pet_bottle,0.737,21.8472341,-160.1716299,1.05,0.98,1.031,2.04,1.70,3.40,1인,S255
2_511_9324_2206_10142,niihau_2_511_9324_2206.jpg,Plastic_ETC,plastic_other,0.731,21.8471901,-160.1716574,1.03,0.91,0.942,2.26,1.51,7.54,1인,S255
2_511_9324_2206_10143,niihau_2_511_9324_2206.jpg,plastic debris,plastic_other,0.720,21.8472813,-160.1716051,0.71,0.70,0.502,1.20,0.80,4.01,1인,S255
2_511_9324_2206_10144,niihau_2_511_9324_2206.jpg,plastic debris,plastic_other,0.611,21.8472062,-160.1716461,0.69,0.69,0.479,1.15,0.77,3.83,1인,S255
2_511_9324_2206_10145,niihau_2_511_9324_2206.jpg,Net,net,0.585,21.8472246,-160.1716504,0.65,0.62,0.403,7.26,3.03,18.16,1인,S255
2_511_9324_2206_10146,niihau_2_511_9324_2206.jpg,Plastic_Buoy_China,plastic_buoy,0.564,21.8472217,-160.1716553,0.81,0.81,0.656,11.81,5.90,15.74,1인,S255
2_511_9324_2206_10147,niihau_2_511_9324_2206.jpg,PET_Bottle,pet_bottle,0.484,21.8472119,-160.1716604,0.58,0.32,0.188,0.37,0.31,0.62,1인,S255
2_511_9324_2206_10148,niihau_2_511_9324_2206.jpg,plastic debris,plastic_other,0.457,21.8471912,-160.1716518,0.65,0.64,0.421,1.01,0.67,3.37,1인,S255
2_511_9362_1338_10157,niihau_2_511_9362_1338.jpg,Plastic_Buoy_China,plastic_buoy,0.799,21.8473739,-160.1715589,0.61,0.60,0.366,6.59,3.29,8.79,1인,S255
2_511_9362_1338_10158,niihau_2_511_9362_1338.jpg,PET_Bottle,pet_bottle,0.750,21.8473549,-160.1716067,0.58,0.56,0.323,0.64,0.53,1.07,1인,S255
2_511_9362_1338_10159,niihau_2_511_9362_1338.jpg,Plastic_ETC,plastic_other,0.742,21.8473957,-160.1715670,0.58,0.56,0.328,0.79,0.53,2.63,1인,S256
2_511_9362_1338_10160,niihau_2_511_9362_1338.jpg,plastic debris,plastic_other,0.742,21.8473446,-160.1715855,0.62,0.59,0.364,0.87,0.58,2.91,1인,S255
2_511_9362_1338_10161,niihau_2_511_9362_1338.jpg,Plastic_Buoy_China,plastic_buoy,0.704,21.8474160,-160.1715643,0.59,0.58,0.339,6.10,3.05,8.14,1인,S256
2_511_9362_1338_10162,niihau_2_511_9362_1338.jpg,Plastic_ETC,plastic_other,0.669,21.8473853,-160.1715942,0.62,0.60,0.374,0.90,0.60,2.99,1인,S255
2_511_9362_1338_10163,niihau_2_511_9362_1338.jpg,PET_Bottle,pet_bottle,0.629,21.8473703,-160.1716367,0.54,0.51,0.274,0.54,0.45,0.91,1인,S255
2_511_9362_1338_10164,niihau_2_511_9362_1338.jpg,plastic debris,plastic_other,0.575,21.8473952,-160.1715946,0.43,0.40,0.172,0.41,0.28,1.38,1인,S256
2_511_9362_1338_10165,niihau_2_511_9362_1338.jpg,plastic debris,plastic_other,0.557,21.8474136,-160.1716208,0.50,0.46,0.227,0.54,0.36,1.81,1인,S256
2_511_9362_1338_10166,niihau_2_511_9362_1338.jpg,plastic debris,plastic_other,0.552,21.8473372,-160.1715814,0.59,0.57,0.336,0.81,0.54,2.68,1인,S255
2_511_9362_1338_10167,niihau_2_511_9362_1338.jpg,plastic debris,plastic_other,0.552,21.8473964,-160.1716106,0.71,0.66,0.464,1.11,0.74,3.71,1인,S255
2_511_9362_1338_10168,niihau_2_511_9362_1338.jpg,plastic debris,plastic_other,0.537,21.8473800,-160.1715627,0.47,0.44,0.207,0.50,0.33,1.66,1인,S255
2_511_9362_1338_10169,niihau_2_511_9362_1338.jpg,plastic debris,plastic_other,0.498,21.8474254,-160.1715422,0.54,0.46,0.249,0.60,0.40,1.99,1인,S256
2_511_9362_1338_10170,niihau_2_511_9362_1338.jpg,plastic debris,plastic_other,0.443,21.8473840,-160.1715695,0.53,0.49,0.259,0.62,0.42,2.08,1인,S256
2_511_9362_1338_10171,niihau_2_511_9362_1338.jpg,PET_Bottle,pet_bottle,0.392,21.8473559,-160.1716227,0.51,0.47,0.239,0.47,0.39,0.79,1인,S255
2_511_9362_1338_10172,niihau_2_511_9362_1338.jpg,plastic debris,plastic_other,0.388,21.8473448,-160.1716456,0.50,0.50,0.249,0.60,0.40,1.99,1인,S255
2_511_9362_1338_10173,niihau_2_511_9362_1338.jpg,plastic debris,plastic_other,0.341,21.8473496,-160.1715909,0.45,0.39,0.173,0.41,0.28,1.38,1인,S255
2_511_9362_1338_10174,niihau_2_511_9362_1338.jpg,plastic debris,plastic_other,0.317,21.8473330,-160.1715891,0.45,0.44,0.198,0.47,0.32,1.58,1인,S255
2_511_9595_1657_10184,niihau_2_511_9595_1657.jpg,Plastic_ETC,plastic_other,0.844,21.8473228,-160.1716034,0.68,0.65,0.446,1.07,0.71,3.57,1인,S255
2_511_9595_1657_10185,niihau_2_511_9595_1657.jpg,PET_Bottle,pet_bottle,0.753,21.8473385,-160.1715286,0.77,0.77,0.591,1.17,0.97,1.95,1인,S255
2_511_9595_1657_10186,niihau_2_511_9595_1657.jpg,plastic debris,plastic_other,0.751,21.8473739,-160.1715589,0.64,0.63,0.406,0.98,0.65,3.25,1인,S255
2_511_9595_1657_10187,niihau_2_511_9595_1657.jpg,Plastic_ETC,plastic_other,0.743,21.8472992,-160.1715718,0.50,0.48,0.239,0.57,0.38,1.91,1인,S255
2_511_9595_1657_10188,niihau_2_511_9595_1657.jpg,plastic debris,plastic_other,0.710,21.8473446,-160.1715855,0.61,0.60,0.366,0.88,0.59,2.93,1인,S255
2_511_9595_1657_10189,niihau_2_511_9595_1657.jpg,plastic debris,plastic_other,0.703,21.8472812,-160.1716049,0.68,0.66,0.449,1.08,0.72,3.59,1인,S255
2_511_9595_1657_10190,niihau_2_511_9595_1657.jpg,plastic debris,plastic_other,0.687,21.8473549,-160.1716067,0.57,0.52,0.300,0.72,0.48,2.40,1인,S255
2_511_9595_1657_10191,niihau_2_511_9595_1657.jpg,Plastic_Buoy_China,plastic_buoy,0.668,21.8473156,-160.1716024,0.67,0.64,0.428,7.71,3.85,10.28,1인,S255
2_511_9595_1657_10192,niihau_2_511_9595_1657.jpg,plastic debris,plastic_other,0.620,21.8473799,-160.1715628,0.42,0.42,0.175,0.42,0.28,1.40,1인,S255
2_511_9595_1657_10193,niihau_2_511_9595_1657.jpg,Plastic_ETC,plastic_other,0.476,21.8473842,-160.1715940,0.62,0.33,0.203,0.49,0.32,1.62,1인,S255
2_511_9595_1657_10194,niihau_2_511_9595_1657.jpg,plastic debris,plastic_other,0.465,21.8473580,-160.1714966,0.46,0.40,0.185,0.44,0.30,1.48,1인,S256
2_511_9595_1657_10195,niihau_2_511_9595_1657.jpg,plastic debris,plastic_other,0.432,21.8473048,-160.1715495,0.48,0.44,0.214,0.51,0.34,1.71,1인,S255
2_511_9595_1657_10196,niihau_2_511_9595_1657.jpg,plastic debris,plastic_other,0.409,21.8473840,-160.1715695,0.43,0.43,0.185,0.44,0.30,1.48,1인,S256
2_511_9595_1657_10197,niihau_2_511_9595_1657.jpg,plastic debris,plastic_other,0.383,21.8473496,-160.1715910,0.47,0.43,0.202,0.48,0.32,1.61,1인,S255
2_511_9595_1657_10198,niihau_2_511_9595_1657.jpg,plastic debris,plastic_other,0.371,21.8472746,-160.1715489,1.10,0.90,0.990,2.38,1.58,7.92,1인,S255
2_511_9595_1657_10199,niihau_2_511_9595_1657.jpg,plastic debris,plastic_other,0.358,21.8473373,-160.1715812,0.63,0.61,0.383,0.92,0.61,3.07,1인,S255
2_511_9595_1657_10200,niihau_2_511_9595_1657.jpg,plastic debris,plastic_other,0.327,21.8473146,-160.1715593,1.23,1.14,1.398,3.35,2.24,11.18,1인,S255
2_51_10665_20220_10213,niihau_2_51_10665_20220.jpg,Plastic_Buoy,plastic_buoy,0.890,21.7870100,-160.2024484,0.67,0.63,0.424,7.63,3.81,10.17,1인,S257
2_51_10665_20220_10214,niihau_2_51_10665_20220.jpg,Plastic_Buoy,plastic_buoy,0.867,21.7870035,-160.2024406,0.73,0.71,0.512,9.22,4.61,12.30,1인,S257
2_51_10665_20220_10215,niihau_2_51_10665_20220.jpg,Styrofoam_Buoy,eps_buoy,0.800,21.7869822,-160.2024336,1.10,1.05,1.160,10.15,4.35,11.60,1인,S257
2_51_10665_20220_10216,niihau_2_51_10665_20220.jpg,Styrofoam_Buoy,eps_buoy,0.745,21.7869817,-160.2024453,2.06,1.81,3.715,32.51,13.93,37.15,2인,S257
2_51_10665_20220_10217,niihau_2_51_10665_20220.jpg,Plastic_Buoy,plastic_buoy,0.738,21.7869633,-160.2023768,0.58,0.56,0.327,5.88,2.94,7.84,1인,S257
2_51_10665_20220_10218,niihau_2_51_10665_20220.jpg,Plastic_Buoy,plastic_buoy,0.668,21.7869749,-160.2024907,0.68,0.60,0.406,7.31,3.66,9.75,1인,S257
2_51_10665_20220_10219,niihau_2_51_10665_20220.jpg,plastic debris,plastic_other,0.645,21.7869489,-160.2024089,2.74,2.04,5.588,13.41,8.94,44.71,2인,S257
2_51_10665_20220_10220,niihau_2_51_10665_20220.jpg,plastic debris,plastic_other,0.551,21.7869948,-160.2024007,1.97,1.91,3.769,9.05,6.03,30.15,2인,S257
2_51_10665_20220_10221,niihau_2_51_10665_20220.jpg,plastic debris,plastic_other,0.488,21.7869628,-160.2024660,0.57,0.49,0.279,0.67,0.45,2.24,1인,S257
2_51_10665_20220_10222,niihau_2_51_10665_20220.jpg,plastic debris,plastic_other,0.465,21.7869565,-160.2024368,0.45,0.45,0.202,0.48,0.32,1.61,1인,S257
2_51_6938_12580_10235,niihau_2_51_6938_12580.jpg,Net,net,0.734,21.7883645,-160.2031613,0.64,0.60,0.386,6.94,2.89,17.35,1인,S258
2_51_6938_12580_10236,niihau_2_51_6938_12580.jpg,PET_Bottle,pet_bottle,0.632,21.7884090,-160.2031692,0.90,0.62,0.562,1.11,0.93,1.86,1인,S258
2_51_6938_12580_10237,niihau_2_51_6938_12580.jpg,Plastic_ETC,plastic_other,0.625,21.7883473,-160.2031679,0.73,0.66,0.483,1.16,0.77,3.86,1인,S258
2_51_6938_12580_10238,niihau_2_51_6938_12580.jpg,Net,net,0.621,21.7883165,-160.2031822,0.55,0.48,0.267,4.80,2.00,12.00,1인,S258
2_51_6938_12580_10239,niihau_2_51_6938_12580.jpg,Net,net,0.618,21.7883898,-160.2031649,0.69,0.67,0.459,8.26,3.44,20.65,1인,S258
2_51_6938_12580_10240,niihau_2_51_6938_12580.jpg,plastic debris,plastic_other,0.612,21.7884039,-160.2031777,0.66,0.65,0.432,1.04,0.69,3.46,1인,S258
2_51_6938_12580_10241,niihau_2_51_6938_12580.jpg,Plastic_ETC,plastic_other,0.590,21.7883457,-160.2031236,1.24,1.10,1.362,3.27,2.18,10.89,1인,S258
2_51_6938_12580_10242,niihau_2_51_6938_12580.jpg,plastic debris,plastic_other,0.555,21.7883237,-160.2031770,0.58,0.57,0.329,0.79,0.53,2.63,1인,S258
2_51_6938_12580_10243,niihau_2_51_6938_12580.jpg,plastic debris,plastic_other,0.553,21.7883495,-160.2031111,1.46,1.07,1.559,3.74,2.49,12.47,1인,S258
2_51_6938_12580_10244,niihau_2_51_6938_12580.jpg,plastic debris,plastic_other,0.546,21.7883724,-160.2031687,1.43,1.12,1.600,3.84,2.56,12.80,1인,S258
2_51_6938_12580_10245,niihau_2_51_6938_12580.jpg,plastic debris,plastic_other,0.518,21.7883945,-160.2031590,0.64,0.61,0.395,0.95,0.63,3.16,1인,S258
2_51_6938_12580_10246,niihau_2_51_6938_12580.jpg,plastic debris,plastic_other,0.514,21.7883747,-160.2031983,1.37,1.22,1.661,3.99,2.66,13.29,1인,S258
2_51_6938_12580_10247,niihau_2_51_6938_12580.jpg,Plastic_ETC,plastic_other,0.506,21.7883870,-160.2031592,0.94,0.79,0.744,1.78,1.19,5.95,1인,S258
2_51_6938_12580_10248,niihau_2_51_6938_12580.jpg,plastic debris,plastic_other,0.492,21.7883970,-160.2031142,0.46,0.41,0.190,0.46,0.30,1.52,1인,S258
2_51_6938_12580_10249,niihau_2_51_6938_12580.jpg,Plastic_ETC,plastic_other,0.482,21.7883865,-160.2031477,0.80,0.65,0.523,1.26,0.84,4.19,1인,S258
2_51_6938_12580_10250,niihau_2_51_6938_12580.jpg,plastic debris,plastic_other,0.461,21.7883452,-160.2031799,0.65,0.63,0.412,0.99,0.66,3.30,1인,S258
2_51_6938_12580_10251,niihau_2_51_6938_12580.jpg,plastic debris,plastic_other,0.418,21.7884016,-160.2031620,0.56,0.55,0.309,0.74,0.49,2.47,1인,S258
2_51_6938_12580_10252,niihau_2_51_6938_12580.jpg,plastic debris,plastic_other,0.407,21.7883737,-160.2031454,0.55,0.54,0.297,0.71,0.47,2.37,1인,S258
2_51_6938_12580_10253,niihau_2_51_6938_12580.jpg,Plastic_ETC,plastic_other,0.405,21.7883694,-160.2031777,0.97,0.83,0.813,1.95,1.30,6.50,1인,S258
2_51_6938_12580_10254,niihau_2_51_6938_12580.jpg,plastic debris,plastic_other,0.398,21.7883367,-160.2031994,0.63,0.60,0.377,0.90,0.60,3.01,1인,S258
2_51_6938_12580_10255,niihau_2_51_6938_12580.jpg,plastic debris,plastic_other,0.356,21.7883275,-160.2031943,0.51,0.47,0.240,0.57,0.38,1.92,1인,S258
2_51_6938_12580_10256,niihau_2_51_6938_12580.jpg,plastic debris,plastic_other,0.320,21.7883701,-160.2031513,0.46,0.45,0.207,0.50,0.33,1.65,1인,S258
2_51_7288_12516_10278,niihau_2_51_7288_12516.jpg,Plastic_ETC,plastic_other,0.783,21.7883350,-160.2030687,0.92,0.86,0.787,1.89,1.26,6.29,1인,S258
2_51_7288_12516_10279,niihau_2_51_7288_12516.jpg,Plastic_Buoy,plastic_buoy,0.737,21.7884082,-160.2031051,0.50,0.46,0.229,4.13,2.07,5.51,1인,S258
2_51_7288_12516_10280,niihau_2_51_7288_12516.jpg,Net,net,0.718,21.7884246,-160.2030678,0.69,0.68,0.469,8.44,3.52,21.10,1인,S258
2_51_7288_12516_10281,niihau_2_51_7288_12516.jpg,Plastic_Buoy,plastic_buoy,0.618,21.7883647,-160.2031603,0.64,0.39,0.249,4.47,2.24,5.97,1인,S258
2_51_7288_12516_10282,niihau_2_51_7288_12516.jpg,Net,net,0.592,21.7883457,-160.2031235,1.23,1.11,1.356,24.42,10.17,61.04,장비,S258
2_51_7288_12516_10283,niihau_2_51_7288_12516.jpg,Plastic_ETC,plastic_other,0.558,21.7883869,-160.2031587,0.97,0.74,0.714,1.71,1.14,5.71,1인,S258
2_51_7288_12516_10284,niihau_2_51_7288_12516.jpg,Plastic_ETC,plastic_other,0.548,21.7883865,-160.2031477,0.84,0.66,0.551,1.32,0.88,4.41,1인,S258
2_51_7288_12516_10285,niihau_2_51_7288_12516.jpg,plastic debris,plastic_other,0.537,21.7883494,-160.2031110,1.49,1.12,1.662,3.99,2.66,13.30,1인,S258
2_51_7288_12516_10286,niihau_2_51_7288_12516.jpg,plastic debris,plastic_other,0.488,21.7883701,-160.2031514,0.48,0.47,0.225,0.54,0.36,1.80,1인,S258
2_51_7288_12516_10287,niihau_2_51_7288_12516.jpg,plastic debris,plastic_other,0.462,21.7883970,-160.2031141,0.46,0.39,0.182,0.44,0.29,1.45,1인,S258
2_51_7288_12516_10288,niihau_2_51_7288_12516.jpg,plastic debris,plastic_other,0.418,21.7883946,-160.2031590,0.68,0.66,0.447,1.07,0.72,3.58,1인,S258
2_51_7288_12516_10289,niihau_2_51_7288_12516.jpg,plastic debris,plastic_other,0.368,21.7884014,-160.2030866,0.56,0.54,0.304,0.73,0.49,2.43,1인,S258
2_51_7288_12516_10290,niihau_2_51_7288_12516.jpg,plastic debris,plastic_other,0.352,21.7883738,-160.2031456,0.54,0.53,0.289,0.69,0.46,2.31,1인,S258
2_51_7288_12516_10291,niihau_2_51_7288_12516.jpg,plastic debris,plastic_other,0.342,21.7883971,-160.2030435,0.59,0.49,0.286,0.69,0.46,2.29,1인,S258
2_51_7308_14354_10304,niihau_2_51_7308_14354.jpg,Plastic_ETC,plastic_other,0.777,21.7880706,-160.2030801,0.84,0.81,0.675,1.62,1.08,5.40,1인,S259
2_51_7308_14354_10305,niihau_2_51_7308_14354.jpg,Plastic_ETC,plastic_other,0.770,21.7880024,-160.2031300,0.84,0.81,0.676,1.62,1.08,5.41,1인,S259
2_51_7308_14354_10306,niihau_2_51_7308_14354.jpg,Plastic_ETC,plastic_other,0.735,21.7880459,-160.2031151,0.74,0.71,0.523,1.25,0.84,4.18,1인,S259
2_51_7308_14354_10307,niihau_2_51_7308_14354.jpg,Plastic_ETC,plastic_other,0.716,21.7880211,-160.2031428,1.13,1.10,1.239,2.97,1.98,9.91,1인,S259
2_51_7308_14354_10308,niihau_2_51_7308_14354.jpg,Plastic_ETC,plastic_other,0.708,21.7880443,-160.2030900,0.76,0.66,0.507,1.22,0.81,4.06,1인,S259
2_51_7308_14354_10309,niihau_2_51_7308_14354.jpg,Styrofoam_Piece,eps_fragment,0.693,21.7880099,-160.2030488,0.70,0.65,0.459,0.28,0.18,0.92,1인,S259
2_51_7308_14354_10310,niihau_2_51_7308_14354.jpg,plastic debris,plastic_other,0.687,21.7881026,-160.2031357,0.57,0.52,0.298,0.72,0.48,2.39,1인,S259
2_51_7308_14354_10311,niihau_2_51_7308_14354.jpg,plastic debris,plastic_other,0.678,21.7880386,-160.2030934,0.70,0.66,0.458,1.10,0.73,3.67,1인,S259
2_51_7308_14354_10312,niihau_2_51_7308_14354.jpg,plastic debris,plastic_other,0.623,21.7881000,-160.2031411,0.53,0.52,0.278,0.67,0.45,2.23,1인,S259
2_51_7308_14354_10313,niihau_2_51_7308_14354.jpg,Styrofoam_Piece,eps_fragment,0.611,21.7879996,-160.2031475,0.55,0.54,0.296,0.18,0.12,0.59,1인,S259
2_51_7308_14354_10314,niihau_2_51_7308_14354.jpg,Plastic_ETC,plastic_other,0.601,21.7881038,-160.2030710,1.37,1.30,1.772,4.25,2.84,14.18,1인,S259
2_51_7308_14354_10315,niihau_2_51_7308_14354.jpg,Plastic_Buoy_China,plastic_buoy,0.534,21.7880915,-160.2031233,0.69,0.68,0.469,8.44,4.22,11.26,1인,S259
2_51_7308_14354_10316,niihau_2_51_7308_14354.jpg,plastic debris,plastic_other,0.509,21.7880069,-160.2031516,0.68,0.66,0.447,1.07,0.72,3.58,1인,S259
2_51_7308_14354_10317,niihau_2_51_7308_14354.jpg,plastic debris,plastic_other,0.484,21.7880422,-160.2031505,0.65,0.60,0.392,0.94,0.63,3.13,1인,S259
2_51_7308_14354_10318,niihau_2_51_7308_14354.jpg,plastic debris,plastic_other,0.481,21.7880099,-160.2031460,0.61,0.55,0.337,0.81,0.54,2.69,1인,S259
2_51_7308_14354_10319,niihau_2_51_7308_14354.jpg,plastic debris,plastic_other,0.438,21.7880492,-160.2031046,1.75,1.35,2.368,5.68,3.79,18.95,1인,S259
2_51_7308_14354_10320,niihau_2_51_7308_14354.jpg,plastic debris,plastic_other,0.427,21.7880754,-160.2030542,0.54,0.51,0.274,0.66,0.44,2.19,1인,S259
2_51_7308_14354_10321,niihau_2_51_7308_14354.jpg,plastic debris,plastic_other,0.414,21.7880241,-160.2031534,0.76,0.41,0.313,0.75,0.50,2.50,1인,S259
2_51_7308_14354_10322,niihau_2_51_7308_14354.jpg,plastic debris,plastic_other,0.384,21.7880851,-160.2030759,0.58,0.55,0.317,0.76,0.51,2.54,1인,S259
2_51_7308_14354_10323,niihau_2_51_7308_14354.jpg,plastic debris,plastic_other,0.365,21.7880150,-160.2031340,1.02,0.97,0.993,2.38,1.59,7.94,1인,S259
2_51_7308_14354_10324,niihau_2_51_7308_14354.jpg,plastic debris,plastic_other,0.361,21.7880397,-160.2031469,0.75,0.74,0.552,1.33,0.88,4.42,1인,S259
2_51_7308_14354_10325,niihau_2_51_7308_14354.jpg,plastic debris,plastic_other,0.343,21.7880299,-160.2030801,0.37,0.37,0.138,0.33,0.22,1.10,1인,S259
2_51_7308_14354_10326,niihau_2_51_7308_14354.jpg,plastic debris,plastic_other,0.306,21.7880806,-160.2031468,0.69,0.63,0.432,1.04,0.69,3.45,1인,S259
2_51_7308_14354_10327,niihau_2_51_7308_14354.jpg,plastic debris,plastic_other,0.301,21.7880374,-160.2031300,0.72,0.69,0.501,1.20,0.80,4.00,1인,S259
2_51_7558_13954_10367,niihau_2_51_7558_13954.jpg,Plastic_ETC,plastic_other,0.718,21.7880707,-160.2030800,0.89,0.82,0.734,1.76,1.17,5.87,1인,S259
2_51_7558_13954_10368,niihau_2_51_7558_13954.jpg,Plastic_ETC,plastic_other,0.680,21.7881479,-160.2030950,0.75,0.61,0.460,1.10,0.74,3.68,1인,S259
2_51_7558_13954_10369,niihau_2_51_7558_13954.jpg,Plastic_ETC,plastic_other,0.621,21.7881036,-160.2030713,1.38,1.27,1.753,4.21,2.80,14.02,1인,S259
2_51_7558_13954_10370,niihau_2_51_7558_13954.jpg,PET_Bottle,pet_bottle,0.621,21.7881748,-160.2030549,0.77,0.75,0.575,1.14,0.95,1.90,1인,S259
2_51_7558_13954_10371,niihau_2_51_7558_13954.jpg,plastic debris,plastic_other,0.600,21.7881093,-160.2029886,0.54,0.51,0.271,0.65,0.43,2.17,1인,S259
2_51_7558_13954_10372,niihau_2_51_7558_13954.jpg,Plastic_ETC,plastic_other,0.591,21.7881370,-160.2030134,1.13,1.06,1.197,2.87,1.92,9.58,1인,S259
2_51_7558_13954_10373,niihau_2_51_7558_13954.jpg,plastic debris,plastic_other,0.589,21.7881108,-160.2030772,0.78,0.78,0.605,1.45,0.97,4.84,1인,S259
2_51_7558_13954_10374,niihau_2_51_7558_13954.jpg,plastic debris,plastic_other,0.552,21.7881037,-160.2030281,0.68,0.67,0.460,1.10,0.74,3.68,1인,S259
2_51_7558_13954_10375,niihau_2_51_7558_13954.jpg,plastic debris,plastic_other,0.516,21.7880753,-160.2030540,0.56,0.53,0.298,0.72,0.48,2.39,1인,S259
2_51_7558_13954_10376,niihau_2_51_7558_13954.jpg,PET_Bottle,pet_bottle,0.504,21.7880944,-160.2030061,0.69,0.62,0.431,0.85,0.71,1.42,1인,S259
2_51_7558_13954_10377,niihau_2_51_7558_13954.jpg,plastic debris,plastic_other,0.490,21.7881208,-160.2030444,0.45,0.45,0.201,0.48,0.32,1.61,1인,S259
2_51_7558_13954_10378,niihau_2_51_7558_13954.jpg,plastic debris,plastic_other,0.471,21.7881444,-160.2030960,0.95,0.84,0.795,1.91,1.27,6.36,1인,S259
2_51_7558_13954_10379,niihau_2_51_7558_13954.jpg,plastic debris,plastic_other,0.451,21.7881151,-160.2030666,0.52,0.48,0.248,0.60,0.40,1.99,1인,S259
2_51_7558_13954_10380,niihau_2_51_7558_13954.jpg,plastic debris,plastic_other,0.429,21.7881396,-160.2030989,1.32,0.91,1.197,2.87,1.92,9.58,1인,S259
2_51_7558_13954_10381,niihau_2_51_7558_13954.jpg,plastic debris,plastic_other,0.365,21.7881657,-160.2030863,1.40,1.38,1.939,4.65,3.10,15.51,1인,S259
2_51_7558_13954_10382,niihau_2_51_7558_13954.jpg,plastic debris,plastic_other,0.334,21.7881456,-160.2030410,4.31,3.26,14.055,33.73,22.49,112.44,장비,S259
2_51_7558_13954_10383,niihau_2_51_7558_13954.jpg,plastic debris,plastic_other,0.311,21.7880849,-160.2030755,0.61,0.58,0.357,0.86,0.57,2.86,1인,S259
2_51_7558_13954_10384,niihau_2_51_7558_13954.jpg,plastic debris,plastic_other,0.305,21.7881356,-160.2030923,0.95,0.91,0.862,2.07,1.38,6.90,1인,S259
2_561_10971_6673_10408,niihau_2_561_10971_6673.jpg,PET_Bottle,pet_bottle,0.538,21.8489318,-160.1703080,0.63,0.60,0.373,0.74,0.62,1.23,1인,S260
2_561_10971_6673_10409,niihau_2_561_10971_6673.jpg,Plastic_ETC,plastic_other,0.510,21.8488754,-160.1703514,0.70,0.70,0.493,1.18,0.79,3.95,1인,S260
2_561_10971_6673_10410,niihau_2_561_10971_6673.jpg,plastic debris,plastic_other,0.509,21.8488938,-160.1703075,0.49,0.48,0.237,0.57,0.38,1.90,1인,S260
2_561_10971_6673_10411,niihau_2_561_10971_6673.jpg,plastic debris,plastic_other,0.480,21.8489071,-160.1703191,0.48,0.43,0.208,0.50,0.33,1.66,1인,S260
2_561_10971_6673_10412,niihau_2_561_10971_6673.jpg,plastic debris,plastic_other,0.478,21.8489019,-160.1703177,0.44,0.43,0.191,0.46,0.31,1.53,1인,S260
2_561_10971_6673_10413,niihau_2_561_10971_6673.jpg,plastic debris,plastic_other,0.365,21.8489123,-160.1703026,0.57,0.56,0.319,0.76,0.51,2.55,1인,S260
2_561_10971_6673_10414,niihau_2_561_10971_6673.jpg,plastic debris,plastic_other,0.353,21.8489099,-160.1703126,0.52,0.51,0.264,0.63,0.42,2.11,1인,S260
2_562_-84_27724_10424,niihau_2_562_-84_27724.jpg,Styrofoam_Piece,eps_fragment,0.771,21.8489578,-160.1702756,0.60,0.60,0.360,0.22,0.14,0.72,1인,S260
2_562_-84_27724_10425,niihau_2_562_-84_27724.jpg,Plastic_ETC,plastic_other,0.738,21.8488972,-160.1702418,0.75,0.72,0.544,1.31,0.87,4.35,1인,S260
2_562_-84_27724_10426,niihau_2_562_-84_27724.jpg,plastic debris,plastic_other,0.720,21.8489644,-160.1702827,0.49,0.46,0.228,0.55,0.37,1.83,1인,S260
2_562_-84_27724_10427,niihau_2_562_-84_27724.jpg,Plastic_ETC,plastic_other,0.672,21.8489402,-160.1702703,0.76,0.69,0.526,1.26,0.84,4.21,1인,S260
2_562_-84_27724_10428,niihau_2_562_-84_27724.jpg,plastic debris,plastic_other,0.560,21.8489212,-160.1702365,0.61,0.59,0.357,0.86,0.57,2.86,1인,S260
2_562_-84_27724_10429,niihau_2_562_-84_27724.jpg,Plastic_ETC,plastic_other,0.526,21.8489306,-160.1702862,0.74,0.74,0.550,1.32,0.88,4.40,1인,S260
2_562_-84_27724_10430,niihau_2_562_-84_27724.jpg,PET_Bottle,pet_bottle,0.505,21.8488881,-160.1702927,0.79,0.68,0.538,1.06,0.89,1.77,1인,S260
2_562_-84_27724_10431,niihau_2_562_-84_27724.jpg,plastic debris,plastic_other,0.408,21.8489363,-160.1702261,0.96,0.93,0.886,2.13,1.42,7.09,1인,S260
2_562_11503_13778_10441,niihau_2_562_11503_13778.jpg,Styrofoam_Piece,eps_fragment,0.804,21.8514105,-160.1679949,0.73,0.70,0.508,0.30,0.20,1.02,1인,S261
2_562_11503_13778_10442,niihau_2_562_11503_13778.jpg,Plastic_ETC,plastic_other,0.770,21.8514234,-160.1679823,0.60,0.56,0.332,0.80,0.53,2.66,1인,S261
2_562_11503_13778_10443,niihau_2_562_11503_13778.jpg,plastic debris,plastic_other,0.645,21.8514438,-160.1680358,0.48,0.45,0.213,0.51,0.34,1.71,1인,S261
2_562_11503_13778_10444,niihau_2_562_11503_13778.jpg,plastic debris,plastic_other,0.611,21.8515051,-160.1680871,0.52,0.52,0.268,0.64,0.43,2.15,1인,S261
2_562_11503_13778_10445,niihau_2_562_11503_13778.jpg,plastic debris,plastic_other,0.593,21.8514534,-160.1680345,0.74,0.72,0.532,1.28,0.85,4.26,1인,S261
2_562_11503_13778_10446,niihau_2_562_11503_13778.jpg,Plastic_Buoy,plastic_buoy,0.588,21.8514455,-160.1680252,0.42,0.38,0.162,2.92,1.46,3.90,1인,S261
2_562_11503_13778_10447,niihau_2_562_11503_13778.jpg,PET_Bottle,pet_bottle,0.547,21.8514589,-160.1680395,0.52,0.44,0.227,0.45,0.37,0.75,1인,S261
2_562_11503_13778_10448,niihau_2_562_11503_13778.jpg,plastic debris,plastic_other,0.538,21.8514093,-160.1680594,0.63,0.62,0.388,0.93,0.62,3.10,1인,S261
2_562_11503_13778_10449,niihau_2_562_11503_13778.jpg,plastic debris,plastic_other,0.325,21.8514513,-160.1680751,0.55,0.55,0.305,0.73,0.49,2.44,1인,S261
2_562_11503_13778_10450,niihau_2_562_11503_13778.jpg,plastic debris,plastic_other,0.312,21.8514650,-160.1680393,0.45,0.38,0.171,0.41,0.27,1.37,1인,S261
2_562_12800_5297_10466,niihau_2_562_12800_5297.jpg,Plastic_ETC,plastic_other,0.708,21.8529875,-160.1677988,1.75,1.69,2.973,7.13,4.76,23.78,2인,S262
2_562_12800_5297_10467,niihau_2_562_12800_5297.jpg,PET_Bottle,pet_bottle,0.663,21.8529894,-160.1678241,0.53,0.53,0.279,0.55,0.46,0.92,1인,S262
2_562_12800_5297_10468,niihau_2_562_12800_5297.jpg,Plastic_Buoy_China,plastic_buoy,0.606,21.8529422,-160.1677666,0.63,0.62,0.391,7.03,3.52,9.38,1인,S262
2_562_16036_3278_10472,niihau_2_562_16036_3278.jpg,Styrofoam_Piece,eps_fragment,0.648,21.8534120,-160.1672271,0.52,0.52,0.272,0.16,0.11,0.54,1인,S263
2_562_2263_25053_10474,niihau_2_562_2263_25053.jpg,plastic debris,plastic_other,0.676,21.8493648,-160.1698425,0.52,0.48,0.251,0.60,0.40,2.01,1인,S264
2_562_2263_25053_10475,niihau_2_562_2263_25053.jpg,PET_Bottle,pet_bottle,0.632,21.8494099,-160.1698135,0.86,0.83,0.711,1.41,1.17,2.35,1인,S265
2_562_2263_25053_10476,niihau_2_562_2263_25053.jpg,Styrofoam_Piece,eps_fragment,0.587,21.8493979,-160.1697630,0.58,0.55,0.321,0.19,0.13,0.64,1인,S265
2_562_2263_25053_10477,niihau_2_562_2263_25053.jpg,plastic debris,plastic_other,0.578,21.8494063,-160.1697472,0.49,0.46,0.227,0.55,0.36,1.82,1인,S265
2_562_2263_25053_10478,niihau_2_562_2263_25053.jpg,plastic debris,plastic_other,0.576,21.8493609,-160.1698181,0.80,0.76,0.605,1.45,0.97,4.84,1인,S265
2_562_2263_25053_10479,niihau_2_562_2263_25053.jpg,Plastic_ETC,plastic_other,0.483,21.8494352,-160.1698087,0.57,0.57,0.328,0.79,0.53,2.63,1인,S265
2_562_2263_25053_10480,niihau_2_562_2263_25053.jpg,PET_Bottle,pet_bottle,0.480,21.8493980,-160.1697831,0.54,0.50,0.269,0.53,0.44,0.89,1인,S265
2_562_2263_25053_10481,niihau_2_562_2263_25053.jpg,plastic debris,plastic_other,0.407,21.8494269,-160.1698250,0.57,0.51,0.294,0.71,0.47,2.36,1인,S265
2_562_2263_25053_10482,niihau_2_562_2263_25053.jpg,PET_Bottle,pet_bottle,0.384,21.8494032,-160.1697585,0.62,0.59,0.363,0.72,0.60,1.20,1인,S265
2_562_2263_25053_10483,niihau_2_562_2263_25053.jpg,plastic debris,plastic_other,0.383,21.8494038,-160.1698268,0.42,0.42,0.177,0.42,0.28,1.42,1인,S265
2_562_2263_25053_10484,niihau_2_562_2263_25053.jpg,plastic debris,plastic_other,0.317,21.8493888,-160.1698249,0.51,0.45,0.229,0.55,0.37,1.84,1인,S265
2_562_2265_24327_10502,niihau_2_562_2265_24327.jpg,Plastic_ETC,plastic_other,0.824,21.8495563,-160.1698227,0.62,0.60,0.373,0.89,0.60,2.98,1인,S265
2_562_2265_24327_10503,niihau_2_562_2265_24327.jpg,Plastic_ETC,plastic_other,0.821,21.8494930,-160.1697883,1.03,0.95,0.977,2.35,1.56,7.82,1인,S265
2_562_2265_24327_10504,niihau_2_562_2265_24327.jpg,Plastic_ETC,plastic_other,0.799,21.8495345,-160.1698374,0.69,0.68,0.470,1.13,0.75,3.76,1인,S265
2_562_2265_24327_10505,niihau_2_562_2265_24327.jpg,Plastic_ETC,plastic_other,0.704,21.8495686,-160.1697994,0.66,0.66,0.437,1.05,0.70,3.50,1인,S265
2_562_2265_24327_10506,niihau_2_562_2265_24327.jpg,Plastic_Buoy_China,plastic_buoy,0.691,21.8495697,-160.1698557,0.60,0.59,0.352,6.33,3.16,8.44,1인,S265
2_562_2265_24327_10507,niihau_2_562_2265_24327.jpg,plastic debris,plastic_other,0.601,21.8494849,-160.1698202,0.44,0.44,0.195,0.47,0.31,1.56,1인,S265
2_562_2265_24327_10508,niihau_2_562_2265_24327.jpg,plastic debris,plastic_other,0.582,21.8495644,-160.1698091,0.51,0.49,0.253,0.61,0.40,2.02,1인,S265
2_562_2265_24327_10509,niihau_2_562_2265_24327.jpg,plastic debris,plastic_other,0.565,21.8495612,-160.1698164,0.56,0.54,0.300,0.72,0.48,2.40,1인,S265
2_562_2265_24327_10510,niihau_2_562_2265_24327.jpg,Net,net,0.541,21.8495608,-160.1698101,0.68,0.66,0.443,7.98,3.32,19.94,1인,S265
2_562_2265_24327_10511,niihau_2_562_2265_24327.jpg,plastic debris,plastic_other,0.484,21.8495774,-160.1698532,0.54,0.51,0.274,0.66,0.44,2.19,1인,S265
2_562_2265_24327_10512,niihau_2_562_2265_24327.jpg,plastic debris,plastic_other,0.448,21.8495353,-160.1698066,0.63,0.63,0.393,0.94,0.63,3.15,1인,S265
2_562_2265_24327_10513,niihau_2_562_2265_24327.jpg,plastic debris,plastic_other,0.441,21.8494943,-160.1698459,0.56,0.55,0.308,0.74,0.49,2.46,1인,S265
2_562_2265_24327_10514,niihau_2_562_2265_24327.jpg,Net,net,0.438,21.8495189,-160.1698152,0.76,0.69,0.525,9.45,3.94,23.63,2인,S265
2_562_2265_24327_10515,niihau_2_562_2265_24327.jpg,plastic debris,plastic_other,0.384,21.8495231,-160.1698549,0.70,0.66,0.461,1.11,0.74,3.68,1인,S265
2_562_2265_24327_10516,niihau_2_562_2265_24327.jpg,plastic debris,plastic_other,0.375,21.8495585,-160.1698344,0.56,0.54,0.301,0.72,0.48,2.40,1인,S265
2_562_2265_24327_10517,niihau_2_562_2265_24327.jpg,plastic debris,plastic_other,0.351,21.8495132,-160.1698079,0.74,0.73,0.541,1.30,0.87,4.33,1인,S265
2_562_2265_24327_10518,niihau_2_562_2265_24327.jpg,plastic debris,plastic_other,0.348,21.8495639,-160.1697854,0.36,0.35,0.126,0.30,0.20,1.01,1인,S265
2_562_2265_24327_10519,niihau_2_562_2265_24327.jpg,plastic debris,plastic_other,0.336,21.8494876,-160.1698411,0.37,0.36,0.133,0.32,0.21,1.06,1인,S265
2_562_2265_24327_10520,niihau_2_562_2265_24327.jpg,plastic debris,plastic_other,0.310,21.8495350,-160.1698133,0.54,0.51,0.276,0.66,0.44,2.21,1인,S265
2_562_2597_24685_10529,niihau_2_562_2597_24685.jpg,Plastic_ETC,plastic_other,0.802,21.8494930,-160.1697883,1.07,0.95,1.021,2.45,1.63,8.16,1인,S265
2_562_2597_24685_10530,niihau_2_562_2597_24685.jpg,Plastic_ETC,plastic_other,0.485,21.8494946,-160.1696945,2.94,2.92,8.596,20.63,13.75,68.77,장비,S265
2_562_2597_24685_10531,niihau_2_562_2597_24685.jpg,plastic debris,plastic_other,0.452,21.8494265,-160.1696973,0.48,0.44,0.211,0.51,0.34,1.69,1인,S265
2_562_2597_24685_10532,niihau_2_562_2597_24685.jpg,plastic debris,plastic_other,0.436,21.8494703,-160.1697416,0.71,0.67,0.477,1.14,0.76,3.81,1인,S265
2_562_2611_24066_10542,niihau_2_562_2611_24066.jpg,Plastic_ETC,plastic_other,0.796,21.8495830,-160.1697400,0.92,0.90,0.826,1.98,1.32,6.61,1인,S265
2_562_2611_24066_10543,niihau_2_562_2611_24066.jpg,PET_Bottle,pet_bottle,0.778,21.8496070,-160.1697583,0.57,0.57,0.323,0.64,0.53,1.07,1인,S265
2_562_2611_24066_10544,niihau_2_562_2611_24066.jpg,Plastic_ETC,plastic_other,0.765,21.8495686,-160.1697991,0.69,0.62,0.430,1.03,0.69,3.44,1인,S265
2_562_2611_24066_10545,niihau_2_562_2611_24066.jpg,plastic debris,plastic_other,0.746,21.8495706,-160.1697207,0.60,0.59,0.355,0.85,0.57,2.84,1인,S265
2_562_2611_24066_10546,niihau_2_562_2611_24066.jpg,plastic debris,plastic_other,0.700,21.8496352,-160.1697005,0.54,0.52,0.282,0.68,0.45,2.25,1인,S265
2_562_2611_24066_10547,niihau_2_562_2611_24066.jpg,plastic debris,plastic_other,0.629,21.8496063,-160.1697351,0.52,0.50,0.262,0.63,0.42,2.09,1인,S265
2_562_2611_24066_10548,niihau_2_562_2611_24066.jpg,PET_Bottle,pet_bottle,0.628,21.8496141,-160.1697672,0.46,0.44,0.200,0.40,0.33,0.66,1인,S265
2_562_2611_24066_10549,niihau_2_562_2611_24066.jpg,plastic debris,plastic_other,0.601,21.8496017,-160.1697360,0.66,0.65,0.427,1.02,0.68,3.41,1인,S265
2_562_2611_24066_10550,niihau_2_562_2611_24066.jpg,plastic debris,plastic_other,0.587,21.8495967,-160.1697453,0.62,0.61,0.379,0.91,0.61,3.03,1인,S265
2_562_2611_24066_10551,niihau_2_562_2611_24066.jpg,PET_Bottle,pet_bottle,0.587,21.8496183,-160.1696922,0.59,0.57,0.335,0.66,0.55,1.11,1인,S265
2_562_2611_24066_10552,niihau_2_562_2611_24066.jpg,plastic debris,plastic_other,0.541,21.8495977,-160.1697167,0.60,0.58,0.348,0.84,0.56,2.79,1인,S265
2_562_2611_24066_10553,niihau_2_562_2611_24066.jpg,Styrofoam_Piece,eps_fragment,0.537,21.8496004,-160.1697319,0.91,0.90,0.819,0.49,0.33,1.64,1인,S265
2_562_2611_24066_10554,niihau_2_562_2611_24066.jpg,plastic debris,plastic_other,0.535,21.8495478,-160.1696830,1.88,1.02,1.919,4.60,3.07,15.35,1인,S265
2_562_2611_24066_10555,niihau_2_562_2611_24066.jpg,plastic debris,plastic_other,0.498,21.8495779,-160.1697011,0.45,0.44,0.199,0.48,0.32,1.59,1인,S265
2_562_2611_24066_10556,niihau_2_562_2611_24066.jpg,plastic debris,plastic_other,0.455,21.8496203,-160.1697029,0.47,0.44,0.205,0.49,0.33,1.64,1인,S265
2_562_2611_24066_10557,niihau_2_562_2611_24066.jpg,plastic debris,plastic_other,0.438,21.8495640,-160.1697853,0.41,0.40,0.165,0.40,0.26,1.32,1인,S265
2_562_2611_24066_10558,niihau_2_562_2611_24066.jpg,plastic debris,plastic_other,0.433,21.8496165,-160.1696994,0.59,0.58,0.345,0.83,0.55,2.76,1인,S265
2_562_2611_24066_10559,niihau_2_562_2611_24066.jpg,plastic debris,plastic_other,0.329,21.8496318,-160.1697396,0.87,0.66,0.572,1.37,0.91,4.57,1인,S265
2_562_3148_23362_10565,niihau_2_562_3148_23362.jpg,Plastic_ETC,plastic_other,0.737,21.8496935,-160.1696156,0.71,0.69,0.491,1.18,0.79,3.93,1인,S266
2_562_3148_23362_10566,niihau_2_562_3148_23362.jpg,Plastic_ETC,plastic_other,0.736,21.8496860,-160.1696166,0.66,0.61,0.403,0.97,0.65,3.23,1인,S266
2_562_3148_23362_10567,niihau_2_562_3148_23362.jpg,Net,net,0.721,21.8496621,-160.1696963,0.58,0.54,0.313,5.63,2.35,14.09,1인,S265
2_562_3148_23362_10568,niihau_2_562_3148_23362.jpg,Plastic_Buoy,plastic_buoy,0.706,21.8497529,-160.1696660,0.56,0.54,0.305,5.49,2.74,7.32,1인,S266
2_562_3148_23362_10569,niihau_2_562_3148_23362.jpg,plastic debris,plastic_other,0.705,21.8496792,-160.1696910,0.70,0.70,0.489,1.17,0.78,3.91,1인,S266
2_562_3148_23362_10570,niihau_2_562_3148_23362.jpg,plastic debris,plastic_other,0.657,21.8496981,-160.1695786,0.62,0.60,0.374,0.90,0.60,2.99,1인,S267
2_562_3148_23362_10571,niihau_2_562_3148_23362.jpg,PET_Bottle,pet_bottle,0.636,21.8496766,-160.1696447,0.56,0.55,0.307,0.61,0.51,1.01,1인,S266
2_562_3148_23362_10572,niihau_2_562_3148_23362.jpg,plastic debris,plastic_other,0.612,21.8497211,-160.1696138,0.44,0.39,0.170,0.41,0.27,1.36,1인,S267
2_562_3148_23362_10573,niihau_2_562_3148_23362.jpg,plastic debris,plastic_other,0.598,21.8496911,-160.1695807,0.59,0.58,0.342,0.82,0.55,2.73,1인,S267
2_562_3148_23362_10574,niihau_2_562_3148_23362.jpg,plastic debris,plastic_other,0.556,21.8497115,-160.1695828,0.46,0.43,0.198,0.48,0.32,1.59,1인,S267
2_562_3148_23362_10575,niihau_2_562_3148_23362.jpg,PET_Bottle,pet_bottle,0.525,21.8496705,-160.1696059,0.73,0.68,0.498,0.99,0.82,1.64,1인,S266
2_562_3148_23362_10576,niihau_2_562_3148_23362.jpg,PET_Bottle,pet_bottle,0.503,21.8496567,-160.1696468,1.06,0.82,0.870,1.72,1.44,2.87,1인,S265
2_562_3148_23362_10577,niihau_2_562_3148_23362.jpg,plastic debris,plastic_other,0.493,21.8496867,-160.1696102,0.51,0.50,0.251,0.60,0.40,2.01,1인,S266
2_562_3148_23362_10578,niihau_2_562_3148_23362.jpg,plastic debris,plastic_other,0.487,21.8496937,-160.1695936,0.58,0.57,0.331,0.79,0.53,2.64,1인,S266
2_562_3148_23362_10579,niihau_2_562_3148_23362.jpg,Net,net,0.454,21.8497668,-160.1695933,0.54,0.49,0.265,4.76,1.98,11.90,1인,S267
2_562_3513_23262_10588,niihau_2_562_3513_23262.jpg,Plastic_ETC,plastic_other,0.829,21.8496861,-160.1696166,0.66,0.60,0.391,0.94,0.63,3.13,1인,S266
2_562_3513_23262_10589,niihau_2_562_3513_23262.jpg,Plastic_ETC,plastic_other,0.768,21.8496934,-160.1696157,0.70,0.69,0.482,1.16,0.77,3.86,1인,S266
2_562_3513_23262_10590,niihau_2_562_3513_23262.jpg,Plastic_Buoy_China,plastic_buoy,0.763,21.8497665,-160.1695258,0.74,0.72,0.532,9.57,4.78,12.76,1인,S267
2_562_3513_23262_10591,niihau_2_562_3513_23262.jpg,plastic debris,plastic_other,0.744,21.8497762,-160.1696006,0.64,0.62,0.397,0.95,0.64,3.18,1인,S267
2_562_3513_23262_10592,niihau_2_562_3513_23262.jpg,plastic debris,plastic_other,0.734,21.8496981,-160.1695786,0.62,0.62,0.384,0.92,0.62,3.08,1인,S267
2_562_3513_23262_10593,niihau_2_562_3513_23262.jpg,Plastic_Buoy_China,plastic_buoy,0.684,21.8497550,-160.1695402,0.63,0.61,0.385,6.93,3.46,9.24,1인,S267
2_562_3513_23262_10594,niihau_2_562_3513_23262.jpg,plastic debris,plastic_other,0.657,21.8496911,-160.1695807,0.59,0.56,0.331,0.79,0.53,2.65,1인,S267
2_562_3513_23262_10595,niihau_2_562_3513_23262.jpg,PET_Bottle,pet_bottle,0.649,21.8497440,-160.1695299,0.56,0.55,0.308,0.61,0.51,1.02,1인,S267
2_562_3513_23262_10596,niihau_2_562_3513_23262.jpg,plastic debris,plastic_other,0.616,21.8496936,-160.1695936,0.53,0.53,0.282,0.68,0.45,2.26,1인,S266
2_562_3513_23262_10597,niihau_2_562_3513_23262.jpg,Plastic_ETC,plastic_other,0.549,21.8497100,-160.1695101,1.46,1.10,1.606,3.85,2.57,12.85,1인,S267
2_562_3513_23262_10598,niihau_2_562_3513_23262.jpg,plastic debris,plastic_other,0.534,21.8496867,-160.1696102,0.53,0.51,0.273,0.65,0.44,2.18,1인,S266
2_562_3513_23262_10599,niihau_2_562_3513_23262.jpg,plastic debris,plastic_other,0.525,21.8497295,-160.1695669,0.46,0.46,0.210,0.50,0.34,1.68,1인,S267
2_562_3513_23262_10600,niihau_2_562_3513_23262.jpg,plastic debris,plastic_other,0.506,21.8497210,-160.1696136,0.40,0.38,0.155,0.37,0.25,1.24,1인,S267
2_562_3513_23262_10601,niihau_2_562_3513_23262.jpg,plastic debris,plastic_other,0.470,21.8497607,-160.1695333,0.48,0.45,0.216,0.52,0.35,1.73,1인,S267
2_562_3513_23262_10602,niihau_2_562_3513_23262.jpg,plastic debris,plastic_other,0.458,21.8497116,-160.1695827,0.52,0.50,0.261,0.63,0.42,2.09,1인,S267
2_562_3513_23262_10603,niihau_2_562_3513_23262.jpg,plastic debris,plastic_other,0.403,21.8497030,-160.1695847,0.47,0.44,0.204,0.49,0.33,1.63,1인,S267
2_562_3513_23262_10604,niihau_2_562_3513_23262.jpg,plastic debris,plastic_other,0.329,21.8497671,-160.1695935,0.55,0.53,0.293,0.70,0.47,2.34,1인,S267
2_562_3968_22883_10616,niihau_2_562_3968_22883.jpg,Plastic_Buoy,plastic_buoy,0.813,21.8498377,-160.1694716,0.75,0.74,0.554,9.97,4.99,13.29,1인,S267
2_562_3968_22883_10617,niihau_2_562_3968_22883.jpg,Plastic_ETC,plastic_other,0.782,21.8498028,-160.1694606,0.74,0.74,0.550,1.32,0.88,4.40,1인,S267
2_562_3968_22883_10618,niihau_2_562_3968_22883.jpg,PET_Bottle,pet_bottle,0.719,21.8498032,-160.1695230,0.56,0.51,0.282,0.56,0.46,0.93,1인,S267
2_562_3968_22883_10619,niihau_2_562_3968_22883.jpg,Plastic_Buoy_China,plastic_buoy,0.690,21.8497663,-160.1695259,0.73,0.70,0.511,9.19,4.60,12.26,1인,S267
2_562_3968_22883_10620,niihau_2_562_3968_22883.jpg,Plastic_ETC,plastic_other,0.671,21.8497986,-160.1694792,1.05,1.01,1.067,2.56,1.71,8.53,1인,S267
2_562_3968_22883_10621,niihau_2_562_3968_22883.jpg,PET_Bottle,pet_bottle,0.636,21.8498152,-160.1694572,0.60,0.59,0.357,0.71,0.59,1.18,1인,S267
2_562_3968_22883_10622,niihau_2_562_3968_22883.jpg,PET_Bottle,pet_bottle,0.627,21.8497441,-160.1695301,0.54,0.51,0.277,0.55,0.46,0.91,1인,S267
2_562_3968_22883_10623,niihau_2_562_3968_22883.jpg,plastic debris,plastic_other,0.479,21.8497607,-160.1695333,0.49,0.45,0.223,0.53,0.36,1.78,1인,S267
2_562_3968_22883_10624,niihau_2_562_3968_22883.jpg,plastic debris,plastic_other,0.477,21.8497804,-160.1694580,0.43,0.41,0.176,0.42,0.28,1.41,1인,S267
2_562_3968_22883_10625,niihau_2_562_3968_22883.jpg,plastic debris,plastic_other,0.376,21.8497907,-160.1695094,0.52,0.45,0.237,0.57,0.38,1.89,1인,S267
2_562_4864_22825_10632,niihau_2_562_4864_22825.jpg,PET_Bottle,pet_bottle,0.850,21.8497991,-160.1693453,0.64,0.61,0.393,0.78,0.65,1.30,1인,S267
2_562_4864_22825_10633,niihau_2_562_4864_22825.jpg,PET_Bottle,pet_bottle,0.659,21.8497852,-160.1692521,0.66,0.54,0.359,0.71,0.59,1.19,1인,S268
2_562_4864_22825_10634,niihau_2_562_4864_22825.jpg,plastic debris,plastic_other,0.592,21.8497919,-160.1692767,0.44,0.43,0.190,0.46,0.30,1.52,1인,S268
2_562_4864_22825_10635,niihau_2_562_4864_22825.jpg,plastic debris,plastic_other,0.321,21.8497714,-160.1692628,0.54,0.53,0.283,0.68,0.45,2.27,1인,S268
2_562_5266_22958_10643,niihau_2_562_5266_22958.jpg,PET_Bottle,pet_bottle,0.735,21.8497851,-160.1692519,0.70,0.59,0.413,0.82,0.68,1.36,1인,S268
2_562_5266_22958_10644,niihau_2_562_5266_22958.jpg,Plastic_ETC,plastic_other,0.675,21.8498322,-160.1691684,0.49,0.39,0.188,0.45,0.30,1.51,1인,S268
2_562_5266_22958_10645,niihau_2_562_5266_22958.jpg,plastic debris,plastic_other,0.633,21.8498072,-160.1692385,0.47,0.45,0.210,0.50,0.34,1.68,1인,S268
2_562_5266_22958_10646,niihau_2_562_5266_22958.jpg,plastic debris,plastic_other,0.576,21.8497920,-160.1692766,0.39,0.39,0.152,0.36,0.24,1.22,1인,S268
2_562_5266_22958_10647,niihau_2_562_5266_22958.jpg,plastic debris,plastic_other,0.413,21.8497628,-160.1691866,0.53,0.52,0.279,0.67,0.45,2.23,1인,S268
2_562_8730_19909_10656,niihau_2_562_8730_19909.jpg,Plastic_Buoy,plastic_buoy,0.773,21.8503619,-160.1685228,0.92,0.92,0.847,15.25,7.63,20.34,1인,S269
2_562_8730_19909_10657,niihau_2_562_8730_19909.jpg,Plastic_ETC,plastic_other,0.760,21.8503069,-160.1685220,0.79,0.68,0.542,1.30,0.87,4.33,1인,S269
2_562_8730_19909_10658,niihau_2_562_8730_19909.jpg,plastic debris,plastic_other,0.679,21.8502939,-160.1685943,0.48,0.47,0.225,0.54,0.36,1.80,1인,S269
2_562_8730_19909_10659,niihau_2_562_8730_19909.jpg,Styrofoam_Buoy,eps_buoy,0.652,21.8503175,-160.1685631,1.40,1.32,1.849,16.18,6.93,18.49,1인,S269
2_562_8730_19909_10660,niihau_2_562_8730_19909.jpg,PET_Bottle,pet_bottle,0.613,21.8503896,-160.1685692,0.61,0.58,0.359,0.71,0.59,1.18,1인,S269
2_562_8730_19909_10661,niihau_2_562_8730_19909.jpg,plastic debris,plastic_other,0.466,21.8503213,-160.1685251,0.42,0.42,0.174,0.42,0.28,1.39,1인,S269
2_562_8730_19909_10662,niihau_2_562_8730_19909.jpg,plastic debris,plastic_other,0.439,21.8503428,-160.1685620,1.08,0.88,0.950,2.28,1.52,7.60,1인,S269
2_562_8730_19909_10663,niihau_2_562_8730_19909.jpg,PET_Bottle,pet_bottle,0.438,21.8503160,-160.1685122,1.08,0.84,0.903,1.79,1.49,2.98,1인,S269
2_562_8730_19909_10664,niihau_2_562_8730_19909.jpg,plastic debris,plastic_other,0.397,21.8503152,-160.1685886,1.71,1.51,2.579,6.19,4.13,20.64,1인,S269
2_562_8730_19909_10665,niihau_2_562_8730_19909.jpg,plastic debris,plastic_other,0.362,21.8503946,-160.1685548,0.64,0.61,0.396,0.95,0.63,3.17,1인,S269
2_562_8730_19909_10666,niihau_2_562_8730_19909.jpg,plastic debris,plastic_other,0.354,21.8502940,-160.1685100,2.07,2.01,4.161,9.99,6.66,33.29,2인,S269
2_562_8730_19909_10667,niihau_2_562_8730_19909.jpg,plastic debris,plastic_other,0.352,21.8503972,-160.1686039,0.63,0.59,0.373,0.90,0.60,2.98,1인,S269
2_562_8730_19909_10668,niihau_2_562_8730_19909.jpg,Plastic_ETC,plastic_other,0.331,21.8503849,-160.1685842,0.97,0.83,0.804,1.93,1.29,6.44,1인,S269
2_562_8730_19909_10669,niihau_2_562_8730_19909.jpg,plastic debris,plastic_other,0.311,21.8503133,-160.1685218,0.36,0.34,0.123,0.29,0.20,0.98,1인,S269
2_562_9129_19480_10690,niihau_2_562_9129_19480.jpg,Plastic_Buoy,plastic_buoy,0.841,21.8504211,-160.1684857,0.72,0.72,0.516,9.28,4.64,12.37,1인,S269
2_562_9129_19480_10691,niihau_2_562_9129_19480.jpg,Styrofoam_Piece,eps_fragment,0.803,21.8504420,-160.1684529,0.76,0.70,0.538,0.32,0.22,1.08,1인,S269
2_562_9129_19480_10692,niihau_2_562_9129_19480.jpg,plastic debris,plastic_other,0.697,21.8504335,-160.1684384,0.60,0.59,0.356,0.85,0.57,2.85,1인,S269
2_562_9129_19480_10693,niihau_2_562_9129_19480.jpg,Plastic_ETC,plastic_other,0.669,21.8504314,-160.1685200,1.42,1.25,1.774,4.26,2.84,14.20,1인,S269
2_562_9129_19480_10694,niihau_2_562_9129_19480.jpg,Styrofoam_Piece,eps_fragment,0.642,21.8504278,-160.1684531,0.61,0.59,0.359,0.22,0.14,0.72,1인,S269
2_562_9129_19480_10695,niihau_2_562_9129_19480.jpg,Styrofoam_Buoy,eps_buoy,0.630,21.8504396,-160.1684755,0.99,0.86,0.851,7.45,3.19,8.51,1인,S269
2_562_9129_19480_10696,niihau_2_562_9129_19480.jpg,plastic debris,plastic_other,0.628,21.8504304,-160.1684411,0.52,0.51,0.267,0.64,0.43,2.14,1인,S269
2_562_9129_19480_10697,niihau_2_562_9129_19480.jpg,Styrofoam_Buoy,eps_buoy,0.609,21.8504211,-160.1684527,1.71,1.14,1.947,17.04,7.30,19.47,1인,S269
2_562_9129_19480_10698,niihau_2_562_9129_19480.jpg,Plastic_ETC,plastic_other,0.594,21.8504335,-160.1684925,1.44,1.28,1.849,4.44,2.96,14.79,1인,S269
2_562_9129_19480_10699,niihau_2_562_9129_19480.jpg,plastic debris,plastic_other,0.589,21.8504601,-160.1684863,1.79,1.67,2.985,7.16,4.78,23.88,2인,S269
2_562_9129_19480_10700,niihau_2_562_9129_19480.jpg,Styrofoam_Piece,eps_fragment,0.562,21.8504256,-160.1684458,0.62,0.60,0.373,0.22,0.15,0.75,1인,S269
2_562_9129_19480_10701,niihau_2_562_9129_19480.jpg,plastic debris,plastic_other,0.551,21.8504297,-160.1684983,0.69,0.65,0.449,1.08,0.72,3.59,1인,S269
2_562_9129_19480_10702,niihau_2_562_9129_19480.jpg,PET_Bottle,pet_bottle,0.542,21.8504531,-160.1684858,0.70,0.67,0.468,0.93,0.77,1.54,1인,S269
2_562_9129_19480_10703,niihau_2_562_9129_19480.jpg,Styrofoam_Piece,eps_fragment,0.485,21.8504572,-160.1685368,0.79,0.77,0.605,0.36,0.24,1.21,1인,S269
2_562_9129_19480_10704,niihau_2_562_9129_19480.jpg,plastic debris,plastic_other,0.462,21.8503644,-160.1685224,0.94,0.45,0.421,1.01,0.67,3.37,1인,S269
2_562_9129_19480_10705,niihau_2_562_9129_19480.jpg,Styrofoam_Buoy,eps_buoy,0.438,21.8504552,-160.1685446,1.56,0.67,1.054,9.22,3.95,10.54,1인,S269
2_562_9129_19480_10706,niihau_2_562_9129_19480.jpg,plastic debris,plastic_other,0.437,21.8504533,-160.1684400,0.62,0.60,0.369,0.88,0.59,2.95,1인,S269
2_562_9129_19480_10707,niihau_2_562_9129_19480.jpg,plastic debris,plastic_other,0.406,21.8504057,-160.1684441,0.67,0.50,0.334,0.80,0.53,2.67,1인,S269
2_562_9129_19480_10708,niihau_2_562_9129_19480.jpg,PET_Bottle,pet_bottle,0.389,21.8504698,-160.1685019,0.98,0.90,0.888,1.76,1.46,2.93,1인,S269
2_562_9129_19480_10709,niihau_2_562_9129_19480.jpg,Styrofoam_Buoy,eps_buoy,0.374,21.8504401,-160.1685383,2.30,1.94,4.469,39.10,16.76,44.69,2인,S269
2_562_9129_19480_10710,niihau_2_562_9129_19480.jpg,PET_Bottle,pet_bottle,0.366,21.8504671,-160.1684509,0.73,0.67,0.487,0.96,0.80,1.61,1인,S269
2_562_9129_19480_10711,niihau_2_562_9129_19480.jpg,plastic debris,plastic_other,0.360,21.8503734,-160.1684552,0.48,0.47,0.229,0.55,0.37,1.83,1인,S269
2_562_9129_19480_10712,niihau_2_562_9129_19480.jpg,PET_Bottle,pet_bottle,0.355,21.8504370,-160.1684337,0.57,0.51,0.290,0.57,0.48,0.96,1인,S269
2_562_9129_19480_10713,niihau_2_562_9129_19480.jpg,plastic debris,plastic_other,0.346,21.8503681,-160.1684456,1.09,1.02,1.105,2.65,1.77,8.84,1인,S269
2_562_9129_19480_10714,niihau_2_562_9129_19480.jpg,plastic debris,plastic_other,0.327,21.8504288,-160.1684621,0.60,0.55,0.333,0.80,0.53,2.66,1인,S269
2_562_9129_19480_10715,niihau_2_562_9129_19480.jpg,plastic debris,plastic_other,0.323,21.8504336,-160.1684539,0.46,0.45,0.206,0.50,0.33,1.65,1인,S269
2_562_9129_19480_10716,niihau_2_562_9129_19480.jpg,plastic debris,plastic_other,0.319,21.8504295,-160.1684386,0.61,0.53,0.324,0.78,0.52,2.60,1인,S269
2_562_9129_19480_10717,niihau_2_562_9129_19480.jpg,PET_Bottle,pet_bottle,0.303,21.8504112,-160.1684701,0.96,0.86,0.827,1.64,1.37,2.73,1인,S269
2_613_10724_17789_10755,niihau_2_613_10724_17789.jpg,Styrofoam_Piece,eps_fragment,0.852,21.8570897,-160.1651176,0.74,0.69,0.506,0.30,0.20,1.01,1인,S270
2_613_10724_17789_10756,niihau_2_613_10724_17789.jpg,Plastic_Buoy,plastic_buoy,0.787,21.8570470,-160.1650919,0.66,0.57,0.377,6.79,3.40,9.06,1인,S270
2_613_10724_17789_10757,niihau_2_613_10724_17789.jpg,Plastic_Buoy,plastic_buoy,0.748,21.8570980,-160.1650650,0.57,0.55,0.315,5.67,2.84,7.56,1인,S270
2_613_10724_17789_10758,niihau_2_613_10724_17789.jpg,Plastic_ETC,plastic_other,0.707,21.8570317,-160.1651232,0.63,0.59,0.368,0.88,0.59,2.95,1인,S270
2_613_10724_17789_10759,niihau_2_613_10724_17789.jpg,Plastic_Buoy_China,plastic_buoy,0.662,21.8570006,-160.1650425,0.69,0.66,0.451,8.12,4.06,10.83,1인,S270
2_613_10724_17789_10760,niihau_2_613_10724_17789.jpg,PET_Bottle,pet_bottle,0.575,21.8570881,-160.1650854,0.81,0.62,0.504,1.00,0.83,1.66,1인,S270
2_613_10724_17789_10761,niihau_2_613_10724_17789.jpg,PET_Bottle,pet_bottle,0.514,21.8570550,-160.1650683,0.78,0.69,0.540,1.07,0.89,1.78,1인,S270
2_613_10724_17789_10762,niihau_2_613_10724_17789.jpg,Styrofoam_Piece,eps_fragment,0.510,21.8570076,-160.1650663,0.61,0.61,0.370,0.22,0.15,0.74,1인,S270
2_613_10724_17789_10763,niihau_2_613_10724_17789.jpg,plastic debris,plastic_other,0.488,21.8570909,-160.1650819,0.39,0.38,0.149,0.36,0.24,1.19,1인,S270
2_613_10724_17789_10764,niihau_2_613_10724_17789.jpg,plastic debris,plastic_other,0.482,21.8570885,-160.1650239,0.64,0.60,0.386,0.93,0.62,3.09,1인,S270
2_613_10724_17789_10765,niihau_2_613_10724_17789.jpg,Plastic_ETC,plastic_other,0.468,21.8570760,-160.1650607,1.74,1.07,1.868,4.48,2.99,14.94,1인,S270
2_613_10724_17789_10766,niihau_2_613_10724_17789.jpg,plastic debris,plastic_other,0.457,21.8570218,-160.1650544,0.50,0.47,0.237,0.57,0.38,1.90,1인,S270
2_613_10724_17789_10767,niihau_2_613_10724_17789.jpg,plastic debris,plastic_other,0.408,21.8570945,-160.1650339,0.58,0.56,0.325,0.78,0.52,2.60,1인,S270
2_613_10724_17789_10768,niihau_2_613_10724_17789.jpg,plastic debris,plastic_other,0.393,21.8570035,-160.1650709,0.42,0.38,0.159,0.38,0.25,1.27,1인,S270
2_613_10724_17789_10769,niihau_2_613_10724_17789.jpg,plastic debris,plastic_other,0.367,21.8570959,-160.1650952,0.76,0.70,0.530,1.27,0.85,4.24,1인,S270
2_613_10724_17789_10770,niihau_2_613_10724_17789.jpg,plastic debris,plastic_other,0.309,21.8570897,-160.1650613,0.52,0.46,0.241,0.58,0.39,1.93,1인,S270
2_613_10973_17344_10785,niihau_2_613_10973_17344.jpg,Styrofoam_Piece,eps_fragment,0.691,21.8570980,-160.1650650,0.58,0.56,0.324,0.19,0.13,0.65,1인,S270
2_613_10973_17344_10786,niihau_2_613_10973_17344.jpg,Plastic_Buoy_China,plastic_buoy,0.640,21.8571419,-160.1650213,0.66,0.65,0.427,7.69,3.84,10.25,1인,S270
2_613_10973_17344_10787,niihau_2_613_10973_17344.jpg,PET_Bottle,pet_bottle,0.610,21.8571302,-160.1650366,0.60,0.59,0.354,0.70,0.58,1.17,1인,S270
2_613_10973_17344_10788,niihau_2_613_10973_17344.jpg,plastic debris,plastic_other,0.572,21.8570944,-160.1650338,0.57,0.56,0.317,0.76,0.51,2.53,1인,S270
2_613_10973_17344_10789,niihau_2_613_10973_17344.jpg,plastic debris,plastic_other,0.507,21.8570884,-160.1650240,0.65,0.61,0.397,0.95,0.64,3.18,1인,S270
2_613_10973_17344_10790,niihau_2_613_10973_17344.jpg,plastic debris,plastic_other,0.450,21.8570999,-160.1650533,0.39,0.39,0.153,0.37,0.25,1.23,1인,S270
2_613_10973_17344_10791,niihau_2_613_10973_17344.jpg,PET_Bottle,pet_bottle,0.450,21.8571206,-160.1649887,0.60,0.58,0.351,0.69,0.58,1.16,1인,S270
2_613_10973_17344_10792,niihau_2_613_10973_17344.jpg,PET_Bottle,pet_bottle,0.446,21.8571185,-160.1650326,0.46,0.44,0.201,0.40,0.33,0.66,1인,S270
2_613_10973_17344_10793,niihau_2_613_10973_17344.jpg,plastic debris,plastic_other,0.441,21.8570908,-160.1650814,0.43,0.27,0.117,0.28,0.19,0.94,1인,S270
2_613_10973_17344_10794,niihau_2_613_10973_17344.jpg,plastic debris,plastic_other,0.437,21.8571542,-160.1650228,0.35,0.35,0.126,0.30,0.20,1.00,1인,S270
2_613_10973_17344_10795,niihau_2_613_10973_17344.jpg,plastic debris,plastic_other,0.435,21.8571141,-160.1649943,0.44,0.40,0.176,0.42,0.28,1.41,1인,S270
2_613_10973_17344_10796,niihau_2_613_10973_17344.jpg,plastic debris,plastic_other,0.416,21.8570957,-160.1650180,0.38,0.38,0.141,0.34,0.23,1.13,1인,S270
2_613_10973_17344_10797,niihau_2_613_10973_17344.jpg,plastic debris,plastic_other,0.413,21.8571356,-160.1650212,0.39,0.37,0.142,0.34,0.23,1.14,1인,S270
2_613_10973_17344_10798,niihau_2_613_10973_17344.jpg,plastic debris,plastic_other,0.403,21.8571867,-160.1650283,1.43,1.22,1.735,4.16,2.78,13.88,1인,S271
2_613_10973_17344_10799,niihau_2_613_10973_17344.jpg,Styrofoam_Piece,eps_fragment,0.357,21.8571250,-160.1650816,0.67,0.30,0.205,0.12,0.08,0.41,1인,S270
2_613_10973_17344_10800,niihau_2_613_10973_17344.jpg,plastic debris,plastic_other,0.334,21.8571598,-160.1649962,0.47,0.38,0.178,0.43,0.28,1.42,1인,S270
2_613_10973_17344_10801,niihau_2_613_10973_17344.jpg,plastic debris,plastic_other,0.327,21.8571660,-160.1650001,0.57,0.45,0.257,0.62,0.41,2.05,1인,S270
2_613_10973_17344_10802,niihau_2_613_10973_17344.jpg,plastic debris,plastic_other,0.316,21.8571535,-160.1649701,0.56,0.54,0.298,0.71,0.48,2.38,1인,S270
2_613_10973_17344_10803,niihau_2_613_10973_17344.jpg,plastic debris,plastic_other,0.300,21.8571168,-160.1649900,0.53,0.38,0.203,0.49,0.32,1.62,1인,S270
2_613_11269_16850_10823,niihau_2_613_11269_16850.jpg,plastic debris,plastic_other,0.766,21.8572628,-160.1649227,0.54,0.53,0.287,0.69,0.46,2.30,1인,S272
2_613_11269_16850_10824,niihau_2_613_11269_16850.jpg,Plastic_ETC,plastic_other,0.746,21.8572000,-160.1649433,0.86,0.85,0.733,1.76,1.17,5.86,1인,S272
2_613_11269_16850_10825,niihau_2_613_11269_16850.jpg,Styrofoam_Piece,eps_fragment,0.578,21.8571709,-160.1649407,0.63,0.60,0.376,0.23,0.15,0.75,1인,S272
2_613_11269_16850_10826,niihau_2_613_11269_16850.jpg,plastic debris,plastic_other,0.549,21.8572251,-160.1649646,0.43,0.42,0.179,0.43,0.29,1.43,1인,S272
2_613_11269_16850_10827,niihau_2_613_11269_16850.jpg,plastic debris,plastic_other,0.504,21.8572010,-160.1649523,0.48,0.46,0.219,0.53,0.35,1.75,1인,S272
2_613_11269_16850_10828,niihau_2_613_11269_16850.jpg,plastic debris,plastic_other,0.462,21.8572309,-160.1649616,0.58,0.56,0.326,0.78,0.52,2.61,1인,S272
2_613_11269_16850_10829,niihau_2_613_11269_16850.jpg,plastic debris,plastic_other,0.332,21.8572191,-160.1649844,0.59,0.57,0.335,0.80,0.54,2.68,1인,S272
2_613_11331_17183_10837,niihau_2_613_11331_17183.jpg,Plastic_ETC,plastic_other,0.767,21.8571999,-160.1649432,0.86,0.85,0.729,1.75,1.17,5.83,1인,S272
2_613_11331_17183_10838,niihau_2_613_11331_17183.jpg,plastic debris,plastic_other,0.628,21.8572192,-160.1649843,0.58,0.56,0.320,0.77,0.51,2.56,1인,S272
2_613_11331_17183_10839,niihau_2_613_11331_17183.jpg,plastic debris,plastic_other,0.607,21.8571709,-160.1649406,0.55,0.54,0.300,0.72,0.48,2.40,1인,S272
2_613_11331_17183_10840,niihau_2_613_11331_17183.jpg,PET_Bottle,pet_bottle,0.527,21.8571208,-160.1649889,0.59,0.59,0.348,0.69,0.57,1.15,1인,S270
2_613_11331_17183_10841,niihau_2_613_11331_17183.jpg,plastic debris,plastic_other,0.500,21.8572012,-160.1649523,0.50,0.43,0.214,0.51,0.34,1.71,1인,S272
2_613_11331_17183_10842,niihau_2_613_11331_17183.jpg,plastic debris,plastic_other,0.485,21.8571598,-160.1649961,0.52,0.47,0.245,0.59,0.39,1.96,1인,S270
2_613_11331_17183_10843,niihau_2_613_11331_17183.jpg,plastic debris,plastic_other,0.339,21.8571140,-160.1649942,0.45,0.43,0.198,0.47,0.32,1.58,1인,S270
2_613_11594_16523_10860,niihau_2_613_11594_16523.jpg,PET_Bottle,pet_bottle,0.775,21.8572629,-160.1649227,0.53,0.52,0.276,0.55,0.46,0.91,1인,S272
2_613_11594_16523_10861,niihau_2_613_11594_16523.jpg,plastic debris,plastic_other,0.768,21.8572401,-160.1648962,0.61,0.58,0.356,0.86,0.57,2.85,1인,S272
2_613_11594_16523_10862,niihau_2_613_11594_16523.jpg,Plastic_Buoy,plastic_buoy,0.648,21.8572988,-160.1648731,0.53,0.50,0.267,4.80,2.40,6.41,1인,S272
2_613_11594_16523_10863,niihau_2_613_11594_16523.jpg,Plastic_ETC,plastic_other,0.646,21.8572527,-160.1648759,0.77,0.76,0.585,1.40,0.94,4.68,1인,S272
2_613_11594_16523_10864,niihau_2_613_11594_16523.jpg,Plastic_ETC,plastic_other,0.628,21.8572846,-160.1649022,1.22,1.19,1.452,3.48,2.32,11.62,1인,S272
2_613_11594_16523_10865,niihau_2_613_11594_16523.jpg,plastic debris,plastic_other,0.561,21.8572310,-160.1649613,0.55,0.49,0.272,0.65,0.44,2.18,1인,S272
2_613_11594_16523_10866,niihau_2_613_11594_16523.jpg,PET_Bottle,pet_bottle,0.519,21.8572974,-160.1648429,0.57,0.52,0.297,0.59,0.49,0.98,1인,S272
2_613_11594_16523_10867,niihau_2_613_11594_16523.jpg,Plastic_Buoy,plastic_buoy,0.487,21.8573000,-160.1648702,0.56,0.51,0.288,5.18,2.59,6.91,1인,S272
2_613_11594_16523_10868,niihau_2_613_11594_16523.jpg,plastic debris,plastic_other,0.309,21.8572709,-160.1648486,0.39,0.36,0.140,0.34,0.22,1.12,1인,S272
2_613_12667_15543_10878,niihau_2_613_12667_15543.jpg,Plastic_ETC,plastic_other,0.824,21.8574895,-160.1646893,0.67,0.67,0.453,1.09,0.73,3.63,1인,S273
2_613_12667_15543_10879,niihau_2_613_12667_15543.jpg,Styrofoam_Piece,eps_fragment,0.764,21.8574388,-160.1647191,0.75,0.68,0.509,0.31,0.20,1.02,1인,S273
2_613_12667_15543_10880,niihau_2_613_12667_15543.jpg,plastic debris,plastic_other,0.761,21.8574865,-160.1646750,0.55,0.49,0.268,0.64,0.43,2.15,1인,S273
2_613_12667_15543_10881,niihau_2_613_12667_15543.jpg,PET_Bottle,pet_bottle,0.696,21.8574987,-160.1646560,1.05,0.99,1.044,2.07,1.72,3.45,1인,S273
2_613_12667_15543_10882,niihau_2_613_12667_15543.jpg,Plastic_ETC,plastic_other,0.669,21.8574411,-160.1646911,0.79,0.69,0.543,1.30,0.87,4.34,1인,S273
2_613_12667_15543_10883,niihau_2_613_12667_15543.jpg,plastic debris,plastic_other,0.655,21.8574837,-160.1647095,0.56,0.53,0.301,0.72,0.48,2.40,1인,S273
2_613_12667_15543_10884,niihau_2_613_12667_15543.jpg,Plastic_ETC,plastic_other,0.632,21.8575098,-160.1646449,0.73,0.69,0.498,1.19,0.80,3.98,1인,S273
2_613_12667_15543_10885,niihau_2_613_12667_15543.jpg,plastic debris,plastic_other,0.585,21.8574787,-160.1646896,0.47,0.46,0.217,0.52,0.35,1.73,1인,S273
2_613_12667_15543_10886,niihau_2_613_12667_15543.jpg,Net,net,0.563,21.8575008,-160.1646461,0.68,0.64,0.433,7.80,3.25,19.49,1인,S273
2_613_12667_15543_10887,niihau_2_613_12667_15543.jpg,Plastic_ETC,plastic_other,0.550,21.8574272,-160.1646989,1.49,1.38,2.049,4.92,3.28,16.39,1인,S273
2_613_12667_15543_10888,niihau_2_613_12667_15543.jpg,Plastic_ETC,plastic_other,0.503,21.8574625,-160.1646955,1.44,1.32,1.903,4.57,3.04,15.22,1인,S273
2_613_12667_15543_10889,niihau_2_613_12667_15543.jpg,plastic debris,plastic_other,0.476,21.8574916,-160.1646795,0.60,0.60,0.362,0.87,0.58,2.90,1인,S273
2_613_12667_15543_10890,niihau_2_613_12667_15543.jpg,plastic debris,plastic_other,0.475,21.8574080,-160.1647192,0.59,0.52,0.307,0.74,0.49,2.46,1인,S273
2_613_12667_15543_10891,niihau_2_613_12667_15543.jpg,plastic debris,plastic_other,0.472,21.8574825,-160.1646669,0.57,0.55,0.315,0.76,0.50,2.52,1인,S273
2_613_12667_15543_10892,niihau_2_613_12667_15543.jpg,PET_Bottle,pet_bottle,0.469,21.8574065,-160.1647470,0.63,0.36,0.224,0.44,0.37,0.74,1인,S273
2_613_12667_15543_10893,niihau_2_613_12667_15543.jpg,plastic debris,plastic_other,0.451,21.8574919,-160.1646941,0.48,0.47,0.225,0.54,0.36,1.80,1인,S273
2_613_12667_15543_10894,niihau_2_613_12667_15543.jpg,plastic debris,plastic_other,0.424,21.8575042,-160.1646457,0.48,0.42,0.200,0.48,0.32,1.60,1인,S273
2_613_12667_15543_10895,niihau_2_613_12667_15543.jpg,plastic debris,plastic_other,0.311,21.8574571,-160.1647048,0.54,0.54,0.295,0.71,0.47,2.36,1인,S273
2_613_13229_14602_10907,niihau_2_613_13229_14602.jpg,Plastic_ETC,plastic_other,0.813,21.8576667,-160.1645402,0.67,0.62,0.415,0.99,0.66,3.32,1인,S274
2_613_13229_14602_10908,niihau_2_613_13229_14602.jpg,Plastic_ETC,plastic_other,0.783,21.8575815,-160.1646009,1.24,1.22,1.515,3.64,2.42,12.12,1인,S273
2_613_13229_14602_10909,niihau_2_613_13229_14602.jpg,Styrofoam_Piece,eps_fragment,0.753,21.8576661,-160.1645522,0.48,0.46,0.223,0.13,0.09,0.45,1인,S274
2_613_13229_14602_10910,niihau_2_613_13229_14602.jpg,Plastic_ETC,plastic_other,0.738,21.8576329,-160.1645796,0.67,0.62,0.415,1.00,0.66,3.32,1인,S273
2_613_13229_14602_10911,niihau_2_613_13229_14602.jpg,Plastic_ETC,plastic_other,0.737,21.8576267,-160.1646371,0.87,0.68,0.595,1.43,0.95,4.76,1인,S273
2_613_13229_14602_10912,niihau_2_613_13229_14602.jpg,Plastic_ETC,plastic_other,0.731,21.8575982,-160.1646066,0.58,0.56,0.328,0.79,0.52,2.62,1인,S273
2_613_13229_14602_10913,niihau_2_613_13229_14602.jpg,Plastic_ETC,plastic_other,0.709,21.8576173,-160.1645878,0.55,0.50,0.276,0.66,0.44,2.21,1인,S273
2_613_13229_14602_10914,niihau_2_613_13229_14602.jpg,Plastic_Buoy,plastic_buoy,0.709,21.8576046,-160.1645884,0.59,0.59,0.350,6.29,3.15,8.39,1인,S273
2_613_13229_14602_10915,niihau_2_613_13229_14602.jpg,plastic debris,plastic_other,0.630,21.8576390,-160.1645594,0.64,0.61,0.386,0.93,0.62,3.09,1인,S273
2_613_13229_14602_10916,niihau_2_613_13229_14602.jpg,plastic debris,plastic_other,0.599,21.8576655,-160.1645341,0.55,0.54,0.301,0.72,0.48,2.41,1인,S274
2_613_13229_14602_10917,niihau_2_613_13229_14602.jpg,PET_Bottle,pet_bottle,0.593,21.8576136,-160.1645666,0.74,0.59,0.440,0.87,0.73,1.45,1인,S273
2_613_13229_14602_10918,niihau_2_613_13229_14602.jpg,PET_Bottle,pet_bottle,0.507,21.8576468,-160.1645805,0.72,0.54,0.389,0.77,0.64,1.28,1인,S273
2_613_13229_14602_10919,niihau_2_613_13229_14602.jpg,plastic debris,plastic_other,0.448,21.8575783,-160.1646226,0.45,0.40,0.181,0.43,0.29,1.44,1인,S273
2_613_13229_14602_10920,niihau_2_613_13229_14602.jpg,plastic debris,plastic_other,0.440,21.8576169,-160.1645793,0.67,0.63,0.422,1.01,0.68,3.38,1인,S273
2_613_13229_14602_10921,niihau_2_613_13229_14602.jpg,plastic debris,plastic_other,0.426,21.8576782,-160.1645656,0.38,0.37,0.140,0.34,0.22,1.12,1인,S274
2_613_13229_14602_10922,niihau_2_613_13229_14602.jpg,plastic debris,plastic_other,0.415,21.8576801,-160.1645481,0.31,0.30,0.093,0.22,0.15,0.75,1인,S274
2_613_13229_14602_10923,niihau_2_613_13229_14602.jpg,plastic debris,plastic_other,0.349,21.8576011,-160.1645853,0.40,0.38,0.151,0.36,0.24,1.21,1인,S273
2_613_13229_14602_10924,niihau_2_613_13229_14602.jpg,plastic debris,plastic_other,0.341,21.8576200,-160.1645822,0.35,0.33,0.115,0.28,0.18,0.92,1인,S273
2_613_13229_14602_10925,niihau_2_613_13229_14602.jpg,plastic debris,plastic_other,0.319,21.8576726,-160.1645431,0.58,0.56,0.325,0.78,0.52,2.60,1인,S274
2_613_13229_14602_10926,niihau_2_613_13229_14602.jpg,PET_Bottle,pet_bottle,0.303,21.8575952,-160.1645796,0.59,0.53,0.314,0.62,0.52,1.04,1인,S273
2_613_5809_23465_10942,niihau_2_613_5809_23465.jpg,PET_Bottle,pet_bottle,0.831,21.8560566,-160.1660033,0.61,0.59,0.362,0.72,0.60,1.19,1인,S275
2_613_5809_23465_10943,niihau_2_613_5809_23465.jpg,Styrofoam_Piece,eps_fragment,0.808,21.8560482,-160.1659847,0.60,0.58,0.352,0.21,0.14,0.70,1인,S276
2_613_5809_23465_10944,niihau_2_613_5809_23465.jpg,Plastic_ETC,plastic_other,0.792,21.8559975,-160.1659841,0.66,0.63,0.417,1.00,0.67,3.33,1인,S275
2_613_5809_23465_10945,niihau_2_613_5809_23465.jpg,Plastic_Buoy,plastic_buoy,0.779,21.8559917,-160.1660368,0.67,0.64,0.429,7.72,3.86,10.29,1인,S275
2_613_5809_23465_10946,niihau_2_613_5809_23465.jpg,plastic debris,plastic_other,0.711,21.8559994,-160.1660161,0.55,0.54,0.296,0.71,0.47,2.37,1인,S275
2_613_5809_23465_10947,niihau_2_613_5809_23465.jpg,Plastic_Buoy,plastic_buoy,0.707,21.8560353,-160.1659652,0.72,0.71,0.510,9.17,4.59,12.23,1인,S276
2_613_5809_23465_10948,niihau_2_613_5809_23465.jpg,Styrofoam_Piece,eps_fragment,0.697,21.8560132,-160.1659749,0.62,0.60,0.371,0.22,0.15,0.74,1인,S275
2_613_5809_23465_10949,niihau_2_613_5809_23465.jpg,Plastic_ETC,plastic_other,0.658,21.8559673,-160.1659575,0.72,0.48,0.342,0.82,0.55,2.74,1인,S275
2_613_5809_23465_10950,niihau_2_613_5809_23465.jpg,plastic debris,plastic_other,0.495,21.8560039,-160.1660096,0.71,0.70,0.500,1.20,0.80,4.00,1인,S275
2_613_5809_23465_10951,niihau_2_613_5809_23465.jpg,plastic debris,plastic_other,0.484,21.8560141,-160.1660124,0.68,0.59,0.396,0.95,0.63,3.17,1인,S275
2_613_5809_23465_10952,niihau_2_613_5809_23465.jpg,plastic debris,plastic_other,0.481,21.8559858,-160.1660362,0.56,0.54,0.303,0.73,0.49,2.43,1인,S275
2_613_5809_23465_10953,niihau_2_613_5809_23465.jpg,Net,net,0.475,21.8560093,-160.1659938,0.64,0.62,0.398,7.16,2.98,17.90,1인,S275
2_613_5809_23465_10954,niihau_2_613_5809_23465.jpg,Styrofoam_Piece,eps_fragment,0.467,21.8559759,-160.1659703,1.01,0.78,0.789,0.47,0.32,1.58,1인,S275
2_613_5809_23465_10955,niihau_2_613_5809_23465.jpg,plastic debris,plastic_other,0.451,21.8559705,-160.1660428,0.50,0.47,0.237,0.57,0.38,1.90,1인,S275
2_613_5809_23465_10956,niihau_2_613_5809_23465.jpg,Net,net,0.445,21.8560599,-160.1659838,0.65,0.64,0.415,7.47,3.11,18.67,1인,S276
2_613_5809_23465_10957,niihau_2_613_5809_23465.jpg,plastic debris,plastic_other,0.434,21.8560100,-160.1659600,0.49,0.49,0.242,0.58,0.39,1.93,1인,S276
2_613_5809_23465_10958,niihau_2_613_5809_23465.jpg,plastic debris,plastic_other,0.417,21.8560171,-160.1659749,0.55,0.54,0.295,0.71,0.47,2.36,1인,S275
2_613_5809_23465_10959,niihau_2_613_5809_23465.jpg,plastic debris,plastic_other,0.396,21.8560137,-160.1659593,0.60,0.52,0.314,0.75,0.50,2.52,1인,S276
2_613_5809_23465_10960,niihau_2_613_5809_23465.jpg,plastic debris,plastic_other,0.395,21.8560660,-160.1660257,0.48,0.47,0.227,0.54,0.36,1.82,1인,S275
2_613_5809_23465_10961,niihau_2_613_5809_23465.jpg,plastic debris,plastic_other,0.380,21.8560446,-160.1660416,0.47,0.45,0.213,0.51,0.34,1.71,1인,S275
2_613_5809_23465_10962,niihau_2_613_5809_23465.jpg,plastic debris,plastic_other,0.371,21.8560642,-160.1660463,0.58,0.57,0.334,0.80,0.53,2.67,1인,S275
2_613_5809_23465_10963,niihau_2_613_5809_23465.jpg,plastic debris,plastic_other,0.346,21.8559927,-160.1660334,0.62,0.56,0.348,0.83,0.56,2.78,1인,S275
2_613_5809_23465_10964,niihau_2_613_5809_23465.jpg,plastic debris,plastic_other,0.334,21.8559970,-160.1659806,0.54,0.45,0.240,0.58,0.38,1.92,1인,S275
2_613_5809_23465_10965,niihau_2_613_5809_23465.jpg,plastic debris,plastic_other,0.308,21.8560603,-160.1659699,0.60,0.58,0.350,0.84,0.56,2.80,1인,S276
2_613_5826_23811_10984,niihau_2_613_5826_23811.jpg,Plastic_ETC,plastic_other,0.754,21.8559975,-160.1659841,0.64,0.63,0.404,0.97,0.65,3.23,1인,S275
2_613_5826_23811_10985,niihau_2_613_5826_23811.jpg,PET_Bottle,pet_bottle,0.694,21.8559372,-160.1659816,0.79,0.63,0.498,0.99,0.82,1.64,1인,S275
2_613_5826_23811_10986,niihau_2_613_5826_23811.jpg,Plastic_ETC,plastic_other,0.687,21.8559655,-160.1659577,0.84,0.70,0.592,1.42,0.95,4.73,1인,S275
2_613_5826_23811_10987,niihau_2_613_5826_23811.jpg,Styrofoam_Piece,eps_fragment,0.683,21.8559996,-160.1660160,0.62,0.60,0.374,0.22,0.15,0.75,1인,S275
2_613_5826_23811_10988,niihau_2_613_5826_23811.jpg,plastic debris,plastic_other,0.671,21.8560131,-160.1659750,0.66,0.63,0.416,1.00,0.67,3.33,1인,S275
2_613_5826_23811_10989,niihau_2_613_5826_23811.jpg,plastic debris,plastic_other,0.653,21.8559917,-160.1660369,0.69,0.67,0.460,1.10,0.74,3.68,1인,S275
2_613_5826_23811_10990,niihau_2_613_5826_23811.jpg,plastic debris,plastic_other,0.595,21.8559522,-160.1660579,0.56,0.53,0.295,0.71,0.47,2.36,1인,S275
2_613_5826_23811_10991,niihau_2_613_5826_23811.jpg,plastic debris,plastic_other,0.581,21.8559467,-160.1660304,0.57,0.55,0.312,0.75,0.50,2.50,1인,S275
2_613_5826_23811_10992,niihau_2_613_5826_23811.jpg,Plastic_ETC,plastic_other,0.563,21.8560041,-160.1660096,0.71,0.68,0.484,1.16,0.77,3.87,1인,S275
2_613_5826_23811_10993,niihau_2_613_5826_23811.jpg,PET_Bottle,pet_bottle,0.538,21.8559683,-160.1659477,0.54,0.38,0.201,0.40,0.33,0.66,1인,S275
2_613_5826_23811_10994,niihau_2_613_5826_23811.jpg,plastic debris,plastic_other,0.526,21.8559442,-160.1659821,0.40,0.39,0.157,0.38,0.25,1.25,1인,S275
2_613_5826_23811_10995,niihau_2_613_5826_23811.jpg,plastic debris,plastic_other,0.501,21.8559858,-160.1660362,0.59,0.57,0.337,0.81,0.54,2.69,1인,S275
2_613_5826_23811_10996,niihau_2_613_5826_23811.jpg,plastic debris,plastic_other,0.486,21.8559489,-160.1659818,0.44,0.42,0.186,0.45,0.30,1.49,1인,S275
2_613_5826_23811_10997,niihau_2_613_5826_23811.jpg,plastic debris,plastic_other,0.463,21.8559206,-160.1660243,0.61,0.60,0.367,0.88,0.59,2.94,1인,S275
2_613_5826_23811_10998,niihau_2_613_5826_23811.jpg,plastic debris,plastic_other,0.459,21.8559066,-160.1660594,0.51,0.48,0.242,0.58,0.39,1.93,1인,S275
2_613_5826_23811_10999,niihau_2_613_5826_23811.jpg,Plastic_Buoy_China,plastic_buoy,0.450,21.8560093,-160.1659938,0.64,0.62,0.395,7.10,3.55,9.47,1인,S275
2_613_5826_23811_11000,niihau_2_613_5826_23811.jpg,plastic debris,plastic_other,0.442,21.8559308,-160.1660238,0.61,0.60,0.363,0.87,0.58,2.90,1인,S275
2_613_5826_23811_11001,niihau_2_613_5826_23811.jpg,plastic debris,plastic_other,0.438,21.8560143,-160.1660126,0.68,0.60,0.408,0.98,0.65,3.27,1인,S275
2_613_5826_23811_11002,niihau_2_613_5826_23811.jpg,plastic debris,plastic_other,0.409,21.8559704,-160.1660428,0.49,0.48,0.233,0.56,0.37,1.87,1인,S275
2_613_5826_23811_11003,niihau_2_613_5826_23811.jpg,Styrofoam_Piece,eps_fragment,0.374,21.8559759,-160.1659702,1.01,0.82,0.829,0.50,0.33,1.66,1인,S275
2_613_5826_23811_11004,niihau_2_613_5826_23811.jpg,plastic debris,plastic_other,0.370,21.8559372,-160.1660368,0.64,0.60,0.384,0.92,0.62,3.08,1인,S275
2_613_5826_23811_11005,niihau_2_613_5826_23811.jpg,Plastic_Buoy,plastic_buoy,0.361,21.8559970,-160.1659811,0.58,0.58,0.337,6.06,3.03,8.08,1인,S275
2_613_5826_23811_11006,niihau_2_613_5826_23811.jpg,plastic debris,plastic_other,0.344,21.8559505,-160.1660597,0.32,0.30,0.095,0.23,0.15,0.76,1인,S275
2_613_5826_23811_11007,niihau_2_613_5826_23811.jpg,plastic debris,plastic_other,0.334,21.8559492,-160.1660612,0.47,0.44,0.207,0.50,0.33,1.65,1인,S275
2_613_5826_23811_11008,niihau_2_613_5826_23811.jpg,plastic debris,plastic_other,0.331,21.8559904,-160.1659837,0.38,0.37,0.138,0.33,0.22,1.10,1인,S275
2_613_5826_23811_11009,niihau_2_613_5826_23811.jpg,plastic debris,plastic_other,0.326,21.8560137,-160.1659593,0.60,0.52,0.313,0.75,0.50,2.50,1인,S276
2_613_5826_23811_11010,niihau_2_613_5826_23811.jpg,plastic debris,plastic_other,0.325,21.8560085,-160.1660335,0.69,0.67,0.462,1.11,0.74,3.70,1인,S275
2_613_5826_23811_11011,niihau_2_613_5826_23811.jpg,plastic debris,plastic_other,0.305,21.8560099,-160.1659600,0.52,0.51,0.263,0.63,0.42,2.10,1인,S276
2_613_5826_23811_11012,niihau_2_613_5826_23811.jpg,plastic debris,plastic_other,0.302,21.8559929,-160.1660328,0.53,0.52,0.274,0.66,0.44,2.19,1인,S275
2_613_6248_23203_11038,niihau_2_613_6248_23203.jpg,Plastic_Buoy,plastic_buoy,0.787,21.8560482,-160.1659847,0.57,0.56,0.321,5.79,2.89,7.71,1인,S276
2_613_6248_23203_11039,niihau_2_613_6248_23203.jpg,Styrofoam_Piece,eps_fragment,0.738,21.8560873,-160.1658778,0.61,0.60,0.367,0.22,0.15,0.73,1인,S276
2_613_6248_23203_11040,niihau_2_613_6248_23203.jpg,Plastic_Buoy,plastic_buoy,0.729,21.8560352,-160.1659652,0.70,0.69,0.479,8.63,4.32,11.51,1인,S276
2_613_6248_23203_11041,niihau_2_613_6248_23203.jpg,Styrofoam_Piece,eps_fragment,0.719,21.8560157,-160.1659385,0.94,0.69,0.647,0.39,0.26,1.29,1인,S276
2_613_6248_23203_11042,niihau_2_613_6248_23203.jpg,Styrofoam_Piece,eps_fragment,0.691,21.8560700,-160.1659164,0.52,0.49,0.257,0.15,0.10,0.51,1인,S276
2_613_6248_23203_11043,niihau_2_613_6248_23203.jpg,Plastic_Buoy,plastic_buoy,0.680,21.8560236,-160.1659371,0.66,0.65,0.430,7.74,3.87,10.33,1인,S276
2_613_6248_23203_11044,niihau_2_613_6248_23203.jpg,Plastic_Buoy_China,plastic_buoy,0.662,21.8560302,-160.1659387,0.64,0.64,0.413,7.44,3.72,9.92,1인,S276
2_613_6248_23203_11045,niihau_2_613_6248_23203.jpg,PET_Bottle,pet_bottle,0.604,21.8560141,-160.1659752,0.65,0.40,0.260,0.51,0.43,0.86,1인,S275
2_613_6248_23203_11046,niihau_2_613_6248_23203.jpg,plastic debris,plastic_other,0.548,21.8561117,-160.1659165,0.39,0.37,0.148,0.35,0.24,1.18,1인,S276
2_613_6248_23203_11047,niihau_2_613_6248_23203.jpg,plastic debris,plastic_other,0.535,21.8560631,-160.1659419,0.53,0.50,0.265,0.64,0.42,2.12,1인,S276
2_613_6248_23203_11048,niihau_2_613_6248_23203.jpg,Net,net,0.514,21.8560599,-160.1659837,0.59,0.58,0.342,6.15,2.56,15.37,1인,S276
2_613_6248_23203_11049,niihau_2_613_6248_23203.jpg,Styrofoam_Piece,eps_fragment,0.500,21.8560746,-160.1658671,0.65,0.41,0.263,0.16,0.11,0.53,1인,S276
2_613_6248_23203_11050,niihau_2_613_6248_23203.jpg,PET_Bottle,pet_bottle,0.488,21.8560545,-160.1658964,0.74,0.45,0.334,0.66,0.55,1.10,1인,S276
2_613_6248_23203_11051,niihau_2_613_6248_23203.jpg,PET_Bottle,pet_bottle,0.458,21.8560707,-160.1658664,0.64,0.27,0.173,0.34,0.28,0.57,1인,S276
2_613_6248_23203_11052,niihau_2_613_6248_23203.jpg,plastic debris,plastic_other,0.441,21.8560889,-160.1659797,0.46,0.43,0.196,0.47,0.31,1.57,1인,S276
2_613_6248_23203_11053,niihau_2_613_6248_23203.jpg,plastic debris,plastic_other,0.440,21.8560605,-160.1659700,0.61,0.58,0.353,0.85,0.57,2.83,1인,S276
2_613_6248_23203_11054,niihau_2_613_6248_23203.jpg,plastic debris,plastic_other,0.436,21.8560190,-160.1659496,0.68,0.66,0.451,1.08,0.72,3.61,1인,S276
2_613_6248_23203_11055,niihau_2_613_6248_23203.jpg,plastic debris,plastic_other,0.386,21.8560435,-160.1659212,1.24,1.16,1.439,3.45,2.30,11.51,1인,S276
2_613_6248_23203_11056,niihau_2_613_6248_23203.jpg,Styrofoam_Piece,eps_fragment,0.382,21.8560170,-160.1658834,0.53,0.49,0.260,0.16,0.10,0.52,1인,S276
2_613_6248_23203_11057,niihau_2_613_6248_23203.jpg,plastic debris,plastic_other,0.379,21.8560693,-160.1658809,0.39,0.39,0.150,0.36,0.24,1.20,1인,S276
2_613_6248_23203_11058,niihau_2_613_6248_23203.jpg,Plastic_ETC,plastic_other,0.362,21.8560427,-160.1658728,0.69,0.62,0.425,1.02,0.68,3.40,1인,S276
2_613_6248_23203_11059,niihau_2_613_6248_23203.jpg,plastic debris,plastic_other,0.358,21.8560168,-160.1659749,0.56,0.54,0.303,0.73,0.48,2.42,1인,S275
2_613_6248_23203_11060,niihau_2_613_6248_23203.jpg,plastic debris,plastic_other,0.339,21.8560709,-160.1659471,0.44,0.42,0.187,0.45,0.30,1.50,1인,S276
2_613_6248_23203_11061,niihau_2_613_6248_23203.jpg,plastic debris,plastic_other,0.317,21.8560256,-160.1658671,0.34,0.32,0.109,0.26,0.17,0.87,1인,S276
2_613_6248_23203_11062,niihau_2_613_6248_23203.jpg,plastic debris,plastic_other,0.311,21.8560457,-160.1659135,0.41,0.38,0.156,0.38,0.25,1.25,1인,S276
2_613_6575_23129_11084,niihau_2_613_6575_23129.jpg,Plastic_ETC,plastic_other,0.804,21.8560898,-160.1658492,1.35,1.31,1.765,4.24,2.82,14.12,1인,S276
2_613_6575_23129_11085,niihau_2_613_6575_23129.jpg,Plastic_ETC,plastic_other,0.775,21.8560916,-160.1658195,0.61,0.54,0.329,0.79,0.53,2.63,1인,S276
2_613_6575_23129_11086,niihau_2_613_6575_23129.jpg,Styrofoam_Piece,eps_fragment,0.709,21.8560873,-160.1658777,0.63,0.61,0.384,0.23,0.15,0.77,1인,S276
2_613_6575_23129_11087,niihau_2_613_6575_23129.jpg,plastic debris,plastic_other,0.706,21.8560701,-160.1659164,0.51,0.50,0.256,0.62,0.41,2.05,1인,S276
2_613_6575_23129_11088,niihau_2_613_6575_23129.jpg,Net,net,0.701,21.8560914,-160.1658409,0.57,0.55,0.315,5.66,2.36,14.15,1인,S276
2_613_6575_23129_11089,niihau_2_613_6575_23129.jpg,Plastic_Buoy,plastic_buoy,0.687,21.8561142,-160.1658094,1.19,1.16,1.386,24.94,12.47,33.25,2인,S276
2_613_6575_23129_11090,niihau_2_613_6575_23129.jpg,Plastic_ETC,plastic_other,0.671,21.8560937,-160.1658327,0.71,0.68,0.482,1.16,0.77,3.86,1인,S276
2_613_6575_23129_11091,niihau_2_613_6575_23129.jpg,PET_Bottle,pet_bottle,0.667,21.8560316,-160.1658607,0.62,0.61,0.381,0.75,0.63,1.26,1인,S276
2_613_6575_23129_11092,niihau_2_613_6575_23129.jpg,plastic debris,plastic_other,0.646,21.8561376,-160.1658215,0.44,0.42,0.184,0.44,0.29,1.47,1인,S276
2_613_6575_23129_11093,niihau_2_613_6575_23129.jpg,Styrofoam_Piece,eps_fragment,0.642,21.8561145,-160.1658392,0.71,0.71,0.503,0.30,0.20,1.01,1인,S276
2_613_6575_23129_11094,niihau_2_613_6575_23129.jpg,Styrofoam_Piece,eps_fragment,0.573,21.8560747,-160.1658658,0.66,0.64,0.418,0.25,0.17,0.84,1인,S276
2_613_6575_23129_11095,niihau_2_613_6575_23129.jpg,PET_Bottle,pet_bottle,0.557,21.8560604,-160.1658242,0.93,0.73,0.682,1.35,1.12,2.25,1인,S276
2_613_6575_23129_11096,niihau_2_613_6575_23129.jpg,plastic debris,plastic_other,0.534,21.8560660,-160.1658455,0.60,0.51,0.307,0.74,0.49,2.46,1인,S276
2_613_6575_23129_11097,niihau_2_613_6575_23129.jpg,Net,net,0.527,21.8560764,-160.1658342,0.59,0.58,0.345,6.21,2.59,15.52,1인,S276
2_613_6575_23129_11098,niihau_2_613_6575_23129.jpg,plastic debris,plastic_other,0.526,21.8560724,-160.1658544,0.51,0.49,0.248,0.59,0.40,1.98,1인,S276
2_613_6575_23129_11099,niihau_2_613_6575_23129.jpg,PET_Bottle,pet_bottle,0.523,21.8560546,-160.1658965,0.75,0.48,0.363,0.72,0.60,1.20,1인,S276
2_613_6575_23129_11100,niihau_2_613_6575_23129.jpg,PET_Bottle,pet_bottle,0.491,21.8560891,-160.1658296,0.80,0.74,0.592,1.17,0.98,1.96,1인,S276
2_613_6575_23129_11101,niihau_2_613_6575_23129.jpg,Plastic_ETC,plastic_other,0.472,21.8560709,-160.1658640,0.72,0.63,0.455,1.09,0.73,3.64,1인,S276
2_613_6575_23129_11102,niihau_2_613_6575_23129.jpg,plastic debris,plastic_other,0.454,21.8561018,-160.1658089,0.62,0.59,0.367,0.88,0.59,2.94,1인,S276
2_613_6575_23129_11103,niihau_2_613_6575_23129.jpg,plastic debris,plastic_other,0.416,21.8561118,-160.1659166,0.41,0.38,0.157,0.38,0.25,1.26,1인,S276
2_613_6575_23129_11104,niihau_2_613_6575_23129.jpg,Net,net,0.413,21.8560815,-160.1658548,0.64,0.62,0.397,7.15,2.98,17.87,1인,S276
2_613_6575_23129_11105,niihau_2_613_6575_23129.jpg,Net,net,0.399,21.8560844,-160.1658378,0.55,0.54,0.298,5.36,2.23,13.40,1인,S276
2_613_6575_23129_11106,niihau_2_613_6575_23129.jpg,plastic debris,plastic_other,0.384,21.8560434,-160.1659202,1.23,1.08,1.324,3.18,2.12,10.59,1인,S276
2_613_6575_23129_11107,niihau_2_613_6575_23129.jpg,plastic debris,plastic_other,0.359,21.8561014,-160.1658321,0.35,0.35,0.126,0.30,0.20,1.01,1인,S276
2_613_6575_23129_11108,niihau_2_613_6575_23129.jpg,plastic debris,plastic_other,0.353,21.8561387,-160.1658335,0.44,0.44,0.195,0.47,0.31,1.56,1인,S276
2_613_6575_23129_11109,niihau_2_613_6575_23129.jpg,plastic debris,plastic_other,0.349,21.8561140,-160.1658833,0.80,0.79,0.637,1.53,1.02,5.10,1인,S276
2_613_6575_23129_11110,niihau_2_613_6575_23129.jpg,plastic debris,plastic_other,0.325,21.8560279,-160.1658822,0.78,0.34,0.261,0.63,0.42,2.09,1인,S276
2_613_6575_23129_11111,niihau_2_613_6575_23129.jpg,plastic debris,plastic_other,0.322,21.8560428,-160.1658724,0.67,0.61,0.408,0.98,0.65,3.26,1인,S276
2_613_6575_23129_11112,niihau_2_613_6575_23129.jpg,plastic debris,plastic_other,0.311,21.8560456,-160.1659134,0.38,0.37,0.140,0.34,0.22,1.12,1인,S276
2_613_6575_23129_11113,niihau_2_613_6575_23129.jpg,plastic debris,plastic_other,0.309,21.8560970,-160.1658361,0.46,0.46,0.212,0.51,0.34,1.70,1인,S276
2_613_6575_23129_11114,niihau_2_613_6575_23129.jpg,Plastic_ETC,plastic_other,0.307,21.8560844,-160.1658634,1.35,0.90,1.217,2.92,1.95,9.74,1인,S276
2_613_7075_23028_11162,niihau_2_613_7075_23028.jpg,Plastic_ETC,plastic_other,0.744,21.8561191,-160.1657492,0.66,0.60,0.399,0.96,0.64,3.19,1인,S276
2_613_7075_23028_11163,niihau_2_613_7075_23028.jpg,Plastic_ETC,plastic_other,0.743,21.8560915,-160.1658195,0.63,0.57,0.361,0.87,0.58,2.89,1인,S276
2_613_7075_23028_11164,niihau_2_613_7075_23028.jpg,Plastic_Buoy,plastic_buoy,0.696,21.8561009,-160.1657963,0.70,0.70,0.486,8.76,4.38,11.67,1인,S276
2_613_7075_23028_11165,niihau_2_613_7075_23028.jpg,plastic debris,plastic_other,0.696,21.8561364,-160.1657202,0.46,0.44,0.203,0.49,0.32,1.62,1인,S276
2_613_7075_23028_11166,niihau_2_613_7075_23028.jpg,Plastic_Buoy,plastic_buoy,0.695,21.8561228,-160.1657908,0.66,0.64,0.422,7.60,3.80,10.13,1인,S276
2_613_7075_23028_11167,niihau_2_613_7075_23028.jpg,Net,net,0.694,21.8561535,-160.1658148,0.67,0.66,0.443,7.98,3.33,19.96,1인,S276
2_613_7075_23028_11168,niihau_2_613_7075_23028.jpg,Plastic_Buoy,plastic_buoy,0.690,21.8561142,-160.1658090,1.23,1.21,1.484,26.72,13.36,35.63,2인,S276
2_613_7075_23028_11169,niihau_2_613_7075_23028.jpg,plastic debris,plastic_other,0.683,21.8561468,-160.1657701,0.65,0.62,0.401,0.96,0.64,3.21,1인,S276
2_613_7075_23028_11170,niihau_2_613_7075_23028.jpg,PET_Bottle,pet_bottle,0.602,21.8561446,-160.1657377,0.71,0.59,0.422,0.84,0.70,1.39,1인,S276
2_613_7075_23028_11171,niihau_2_613_7075_23028.jpg,plastic debris,plastic_other,0.582,21.8561377,-160.1658216,0.44,0.44,0.193,0.46,0.31,1.54,1인,S276
2_613_7075_23028_11172,niihau_2_613_7075_23028.jpg,Plastic_ETC,plastic_other,0.575,21.8561593,-160.1658043,0.58,0.33,0.196,0.47,0.31,1.56,1인,S276
2_613_7075_23028_11173,niihau_2_613_7075_23028.jpg,PET_Bottle,pet_bottle,0.564,21.8560604,-160.1658241,0.96,0.80,0.764,1.51,1.26,2.52,1인,S276
2_613_7075_23028_11174,niihau_2_613_7075_23028.jpg,plastic debris,plastic_other,0.546,21.8561167,-160.1657729,0.66,0.65,0.428,1.03,0.69,3.43,1인,S276
2_613_7075_23028_11175,niihau_2_613_7075_23028.jpg,Styrofoam_Piece,eps_fragment,0.526,21.8561016,-160.1657668,0.66,0.64,0.423,0.25,0.17,0.85,1인,S276
2_613_7075_23028_11176,niihau_2_613_7075_23028.jpg,Plastic_ETC,plastic_other,0.500,21.8560889,-160.1658272,0.62,0.37,0.228,0.55,0.36,1.82,1인,S276
2_613_7075_23028_11177,niihau_2_613_7075_23028.jpg,plastic debris,plastic_other,0.466,21.8560664,-160.1658249,1.41,0.82,1.162,2.79,1.86,9.30,1인,S276
2_613_7075_23028_11178,niihau_2_613_7075_23028.jpg,plastic debris,plastic_other,0.447,21.8561466,-160.1658239,0.52,0.50,0.258,0.62,0.41,2.06,1인,S276
2_613_7075_23028_11179,niihau_2_613_7075_23028.jpg,plastic debris,plastic_other,0.424,21.8561523,-160.1657697,0.49,0.46,0.225,0.54,0.36,1.80,1인,S276
2_613_7075_23028_11180,niihau_2_613_7075_23028.jpg,plastic debris,plastic_other,0.422,21.8561499,-160.1658272,0.53,0.49,0.260,0.62,0.42,2.08,1인,S276
2_613_7075_23028_11181,niihau_2_613_7075_23028.jpg,plastic debris,plastic_other,0.395,21.8561302,-160.1657893,0.48,0.47,0.225,0.54,0.36,1.80,1인,S276
2_613_7075_23028_11182,niihau_2_613_7075_23028.jpg,plastic debris,plastic_other,0.362,21.8561459,-160.1658026,0.45,0.42,0.189,0.45,0.30,1.51,1인,S276
2_613_7075_23028_11183,niihau_2_613_7075_23028.jpg,plastic debris,plastic_other,0.352,21.8561019,-160.1658090,0.57,0.51,0.293,0.70,0.47,2.34,1인,S276
2_613_7075_23028_11184,niihau_2_613_7075_23028.jpg,plastic debris,plastic_other,0.343,21.8561228,-160.1657586,0.51,0.48,0.244,0.59,0.39,1.96,1인,S276
2_613_7075_23028_11185,niihau_2_613_7075_23028.jpg,plastic debris,plastic_other,0.323,21.8561012,-160.1658142,0.89,0.83,0.736,1.77,1.18,5.89,1인,S276
2_613_7075_23028_11186,niihau_2_613_7075_23028.jpg,plastic debris,plastic_other,0.319,21.8561504,-160.1657956,0.62,0.53,0.331,0.80,0.53,2.65,1인,S276
2_613_7075_23028_11187,niihau_2_613_7075_23028.jpg,plastic debris,plastic_other,0.306,21.8561550,-160.1658086,0.50,0.43,0.217,0.52,0.35,1.74,1인,S276
2_613_7075_23028_11188,niihau_2_613_7075_23028.jpg,plastic debris,plastic_other,0.304,21.8561096,-160.1657783,0.61,0.57,0.347,0.83,0.56,2.78,1인,S276
2_613_9238_18926_11238,niihau_2_613_9238_18926.jpg,Plastic_ETC,plastic_other,0.790,21.8568537,-160.1653309,0.70,0.66,0.463,1.11,0.74,3.70,1인,S277
2_613_9238_18926_11239,niihau_2_613_9238_18926.jpg,Plastic_Buoy,plastic_buoy,0.763,21.8568215,-160.1652957,0.64,0.60,0.383,6.89,3.44,9.19,1인,S277
2_613_9238_18926_11240,niihau_2_613_9238_18926.jpg,Styrofoam_Piece,eps_fragment,0.700,21.8568453,-160.1653003,0.57,0.55,0.314,0.19,0.13,0.63,1인,S277
2_613_9238_18926_11241,niihau_2_613_9238_18926.jpg,Styrofoam_Piece,eps_fragment,0.640,21.8568472,-160.1653547,0.63,0.62,0.392,0.24,0.16,0.78,1인,S277
2_613_9238_18926_11242,niihau_2_613_9238_18926.jpg,Styrofoam_Piece,eps_fragment,0.581,21.8568020,-160.1653356,0.55,0.54,0.297,0.18,0.12,0.59,1인,S277
2_613_9238_18926_11243,niihau_2_613_9238_18926.jpg,plastic debris,plastic_other,0.540,21.8568358,-160.1654083,0.64,0.59,0.384,0.92,0.61,3.07,1인,S277
2_613_9238_18926_11244,niihau_2_613_9238_18926.jpg,plastic debris,plastic_other,0.525,21.8568556,-160.1653530,0.48,0.45,0.217,0.52,0.35,1.73,1인,S277
2_613_9238_18926_11245,niihau_2_613_9238_18926.jpg,plastic debris,plastic_other,0.492,21.8568206,-160.1653476,0.61,0.60,0.367,0.88,0.59,2.94,1인,S277
2_613_9238_18926_11246,niihau_2_613_9238_18926.jpg,Styrofoam_Piece,eps_fragment,0.465,21.8567916,-160.1653320,0.50,0.44,0.221,0.13,0.09,0.44,1인,S277
2_613_9238_18926_11247,niihau_2_613_9238_18926.jpg,Styrofoam_Piece,eps_fragment,0.462,21.8567910,-160.1653195,0.45,0.29,0.127,0.08,0.05,0.25,1인,S277
2_613_9238_18926_11248,niihau_2_613_9238_18926.jpg,plastic debris,plastic_other,0.455,21.8568000,-160.1653248,0.40,0.38,0.154,0.37,0.25,1.23,1인,S277
2_613_9238_18926_11249,niihau_2_613_9238_18926.jpg,plastic debris,plastic_other,0.427,21.8568437,-160.1653708,0.60,0.60,0.359,0.86,0.57,2.87,1인,S277
2_613_9238_18926_11250,niihau_2_613_9238_18926.jpg,plastic debris,plastic_other,0.419,21.8568155,-160.1653075,0.77,0.71,0.550,1.32,0.88,4.40,1인,S277
2_613_9238_18926_11251,niihau_2_613_9238_18926.jpg,plastic debris,plastic_other,0.398,21.8568028,-160.1653669,0.40,0.39,0.156,0.37,0.25,1.25,1인,S277
2_613_9238_18926_11252,niihau_2_613_9238_18926.jpg,plastic debris,plastic_other,0.393,21.8568541,-160.1653984,0.45,0.42,0.189,0.45,0.30,1.51,1인,S277
2_613_9238_18926_11253,niihau_2_613_9238_18926.jpg,plastic debris,plastic_other,0.376,21.8568201,-160.1653228,0.56,0.54,0.305,0.73,0.49,2.44,1인,S277
2_613_9238_18926_11254,niihau_2_613_9238_18926.jpg,Plastic_ETC,plastic_other,0.371,21.8567906,-160.1653410,0.47,0.23,0.106,0.26,0.17,0.85,1인,S277
2_613_9238_18926_11255,niihau_2_613_9238_18926.jpg,plastic debris,plastic_other,0.370,21.8568555,-160.1653918,0.39,0.39,0.151,0.36,0.24,1.21,1인,S277
2_613_9238_18926_11256,niihau_2_613_9238_18926.jpg,plastic debris,plastic_other,0.351,21.8568342,-160.1653573,0.51,0.51,0.263,0.63,0.42,2.10,1인,S277
2_613_9238_18926_11257,niihau_2_613_9238_18926.jpg,plastic debris,plastic_other,0.350,21.8568148,-160.1653137,1.11,0.94,1.039,2.49,1.66,8.31,1인,S277
2_613_9238_18926_11258,niihau_2_613_9238_18926.jpg,plastic debris,plastic_other,0.324,21.8567989,-160.1653204,0.42,0.39,0.163,0.39,0.26,1.30,1인,S277
2_613_9238_18926_11259,niihau_2_613_9238_18926.jpg,plastic debris,plastic_other,0.320,21.8568804,-160.1653486,0.42,0.40,0.169,0.41,0.27,1.35,1인,S277
2_613_9526_18589_11274,niihau_2_613_9526_18589.jpg,Styrofoam_Piece,eps_fragment,0.776,21.8568538,-160.1653309,0.71,0.68,0.485,0.29,0.19,0.97,1인,S277
2_613_9526_18589_11275,niihau_2_613_9526_18589.jpg,PET_Bottle,pet_bottle,0.491,21.8569088,-160.1653012,1.40,1.21,1.692,3.35,2.79,5.58,1인,S277
2_613_9526_18589_11276,niihau_2_613_9526_18589.jpg,Plastic_Buoy,plastic_buoy,0.486,21.8568939,-160.1652514,0.65,0.65,0.427,7.69,3.84,10.25,1인,S277
2_613_9526_18589_11277,niihau_2_613_9526_18589.jpg,PET_Bottle,pet_bottle,0.479,21.8568549,-160.1652424,1.10,0.85,0.938,1.86,1.55,3.10,1인,S277
2_613_9526_18589_11278,niihau_2_613_9526_18589.jpg,plastic debris,plastic_other,0.458,21.8568556,-160.1653530,0.50,0.46,0.228,0.55,0.37,1.83,1인,S277
2_613_9526_18589_11279,niihau_2_613_9526_18589.jpg,plastic debris,plastic_other,0.428,21.8568715,-160.1652918,0.60,0.59,0.351,0.84,0.56,2.81,1인,S277
2_613_9526_18589_11280,niihau_2_613_9526_18589.jpg,plastic debris,plastic_other,0.408,21.8569477,-160.1652399,0.56,0.44,0.245,0.59,0.39,1.96,1인,S277
2_613_9526_18589_11281,niihau_2_613_9526_18589.jpg,plastic debris,plastic_other,0.387,21.8569025,-160.1652752,0.78,0.73,0.567,1.36,0.91,4.54,1인,S277
2_613_9526_18589_11282,niihau_2_613_9526_18589.jpg,plastic debris,plastic_other,0.371,21.8568578,-160.1652871,0.63,0.62,0.387,0.93,0.62,3.10,1인,S277
2_613_9526_18589_11283,niihau_2_613_9526_18589.jpg,plastic debris,plastic_other,0.333,21.8568804,-160.1653487,0.42,0.40,0.165,0.40,0.26,1.32,1인,S277
2_614_2108_3526_11296,niihau_2_614_2108_3526.jpg,Styrofoam_Piece,eps_fragment,0.809,21.8596629,-160.1635697,0.57,0.57,0.327,0.20,0.13,0.65,1인,S278
2_614_2108_3526_11297,niihau_2_614_2108_3526.jpg,Plastic_ETC,plastic_other,0.768,21.8596477,-160.1635821,0.79,0.70,0.552,1.33,0.88,4.42,1인,S278
2_614_2108_3526_11298,niihau_2_614_2108_3526.jpg,Plastic_ETC,plastic_other,0.729,21.8596408,-160.1635942,0.72,0.59,0.429,1.03,0.69,3.44,1인,S278
2_614_2108_3526_11299,niihau_2_614_2108_3526.jpg,plastic debris,plastic_other,0.659,21.8596853,-160.1636053,0.74,0.69,0.507,1.22,0.81,4.06,1인,S278
2_614_2108_3526_11300,niihau_2_614_2108_3526.jpg,plastic debris,plastic_other,0.658,21.8596752,-160.1636148,0.69,0.69,0.479,1.15,0.77,3.83,1인,S278
2_614_2108_3526_11301,niihau_2_614_2108_3526.jpg,Plastic_ETC,plastic_other,0.656,21.8596331,-160.1636043,0.62,0.60,0.371,0.89,0.59,2.97,1인,S278
2_614_2108_3526_11302,niihau_2_614_2108_3526.jpg,PET_Bottle,pet_bottle,0.613,21.8596984,-160.1635694,0.72,0.35,0.250,0.50,0.41,0.83,1인,S278
2_614_2108_3526_11303,niihau_2_614_2108_3526.jpg,plastic debris,plastic_other,0.552,21.8596111,-160.1636214,0.61,0.61,0.377,0.90,0.60,3.01,1인,S278
2_614_2108_3526_11304,niihau_2_614_2108_3526.jpg,plastic debris,plastic_other,0.535,21.8596977,-160.1635882,0.47,0.43,0.202,0.49,0.32,1.62,1인,S278
2_614_2108_3526_11305,niihau_2_614_2108_3526.jpg,plastic debris,plastic_other,0.532,21.8595995,-160.1635602,0.44,0.42,0.186,0.45,0.30,1.49,1인,S278
2_614_2108_3526_11306,niihau_2_614_2108_3526.jpg,plastic debris,plastic_other,0.525,21.8596240,-160.1636257,0.42,0.40,0.170,0.41,0.27,1.36,1인,S278
2_614_2108_3526_11307,niihau_2_614_2108_3526.jpg,plastic debris,plastic_other,0.511,21.8596088,-160.1635432,0.40,0.40,0.159,0.38,0.25,1.27,1인,S278
2_614_2108_3526_11308,niihau_2_614_2108_3526.jpg,plastic debris,plastic_other,0.490,21.8596493,-160.1635426,0.42,0.37,0.157,0.38,0.25,1.25,1인,S278
2_614_2108_3526_11309,niihau_2_614_2108_3526.jpg,plastic debris,plastic_other,0.484,21.8596155,-160.1635787,0.70,0.69,0.482,1.16,0.77,3.86,1인,S278
2_614_2108_3526_11310,niihau_2_614_2108_3526.jpg,plastic debris,plastic_other,0.471,21.8596525,-160.1635707,0.57,0.52,0.297,0.71,0.48,2.38,1인,S278
2_614_2108_3526_11311,niihau_2_614_2108_3526.jpg,plastic debris,plastic_other,0.364,21.8596898,-160.1635882,0.51,0.49,0.251,0.60,0.40,2.00,1인,S278
2_614_2244_3207_11322,niihau_2_614_2244_3207.jpg,Styrofoam_Piece,eps_fragment,0.838,21.8596629,-160.1635697,0.61,0.60,0.366,0.22,0.15,0.73,1인,S278
2_614_2244_3207_11323,niihau_2_614_2244_3207.jpg,Plastic_ETC,plastic_other,0.826,21.8596478,-160.1635822,0.75,0.70,0.524,1.26,0.84,4.19,1인,S278
2_614_2244_3207_11324,niihau_2_614_2244_3207.jpg,Plastic_ETC,plastic_other,0.775,21.8597001,-160.1635695,0.77,0.77,0.599,1.44,0.96,4.80,1인,S278
2_614_2244_3207_11325,niihau_2_614_2244_3207.jpg,plastic debris,plastic_other,0.679,21.8596754,-160.1636148,0.75,0.74,0.557,1.34,0.89,4.45,1인,S278
2_614_2244_3207_11326,niihau_2_614_2244_3207.jpg,plastic debris,plastic_other,0.640,21.8596855,-160.1636053,0.77,0.73,0.565,1.36,0.90,4.52,1인,S278
2_614_2244_3207_11327,niihau_2_614_2244_3207.jpg,Styrofoam_Piece,eps_fragment,0.634,21.8596977,-160.1635882,0.47,0.43,0.203,0.12,0.08,0.41,1인,S278
2_614_2244_3207_11328,niihau_2_614_2244_3207.jpg,plastic debris,plastic_other,0.619,21.8596494,-160.1635426,0.45,0.43,0.194,0.46,0.31,1.55,1인,S278
2_614_2244_3207_11329,niihau_2_614_2244_3207.jpg,plastic debris,plastic_other,0.527,21.8597104,-160.1635594,0.73,0.71,0.515,1.24,0.82,4.12,1인,S278
2_614_2244_3207_11330,niihau_2_614_2244_3207.jpg,plastic debris,plastic_other,0.481,21.8596525,-160.1635705,0.59,0.55,0.326,0.78,0.52,2.61,1인,S278
2_614_2244_3207_11331,niihau_2_614_2244_3207.jpg,plastic debris,plastic_other,0.463,21.8597180,-160.1635946,0.67,0.62,0.415,1.00,0.66,3.32,1인,S278
2_614_2244_3207_11332,niihau_2_614_2244_3207.jpg,plastic debris,plastic_other,0.436,21.8596898,-160.1635883,0.53,0.51,0.269,0.65,0.43,2.16,1인,S278
2_614_2244_3207_11333,niihau_2_614_2244_3207.jpg,plastic debris,plastic_other,0.394,21.8597550,-160.1635192,0.57,0.57,0.326,0.78,0.52,2.61,1인,S278
2_614_2244_3207_11334,niihau_2_614_2244_3207.jpg,plastic debris,plastic_other,0.352,21.8597144,-160.1635637,0.55,0.47,0.258,0.62,0.41,2.06,1인,S278
2_614_6262_-33_11346,niihau_2_614_6262_-33.jpg,plastic debris,plastic_other,0.796,21.8602671,-160.1627880,1.73,1.61,2.793,6.70,4.47,22.34,1인,S279
2_614_6262_-33_11347,niihau_2_614_6262_-33.jpg,Styrofoam_Piece,eps_fragment,0.758,21.8602402,-160.1628312,0.64,0.63,0.400,0.24,0.16,0.80,1인,S279
2_614_6262_-33_11348,niihau_2_614_6262_-33.jpg,PET_Bottle,pet_bottle,0.643,21.8603288,-160.1627961,0.56,0.54,0.301,0.60,0.50,0.99,1인,S279
2_614_6262_-33_11349,niihau_2_614_6262_-33.jpg,PET_Bottle,pet_bottle,0.460,21.8603238,-160.1628243,0.45,0.43,0.194,0.38,0.32,0.64,1인,S279
2_614_6262_-33_11350,niihau_2_614_6262_-33.jpg,plastic debris,plastic_other,0.346,21.8603169,-160.1627856,0.72,0.72,0.519,1.24,0.83,4.15,1인,S279
2_614_6262_-33_11351,niihau_2_614_6262_-33.jpg,plastic debris,plastic_other,0.326,21.8602739,-160.1627371,1.65,0.58,0.950,2.28,1.52,7.60,1인,S279
2_614_6262_-33_11352,niihau_2_614_6262_-33.jpg,plastic debris,plastic_other,0.323,21.8603380,-160.1627705,0.45,0.45,0.203,0.49,0.33,1.63,1인,S279
2_614_6262_-33_11353,niihau_2_614_6262_-33.jpg,plastic debris,plastic_other,0.316,21.8602777,-160.1627860,0.40,0.38,0.155,0.37,0.25,1.24,1인,S279
2_614_6584_62_11372,niihau_2_614_6584_62.jpg,Styrofoam_Buoy,eps_buoy,0.757,21.8602668,-160.1627875,1.94,1.69,3.276,28.66,12.28,32.76,2인,S279
2_614_6584_62_11373,niihau_2_614_6584_62.jpg,plastic debris,plastic_other,0.542,21.8602757,-160.1627330,2.05,1.78,3.646,8.75,5.83,29.17,2인,S279
2_614_6584_62_11374,niihau_2_614_6584_62.jpg,PET_Bottle,pet_bottle,0.482,21.8603056,-160.1626870,0.61,0.60,0.365,0.72,0.60,1.20,1인,S279
2_614_6584_62_11375,niihau_2_614_6584_62.jpg,PET_Bottle,pet_bottle,0.428,21.8603132,-160.1626864,0.48,0.45,0.217,0.43,0.36,0.71,1인,S279
2_614_6584_62_11376,niihau_2_614_6584_62.jpg,plastic debris,plastic_other,0.377,21.8603166,-160.1627857,0.79,0.77,0.606,1.45,0.97,4.85,1인,S279
2_614_6584_62_11377,niihau_2_614_6584_62.jpg,PET_Bottle,pet_bottle,0.348,21.8603288,-160.1627949,0.55,0.27,0.150,0.30,0.25,0.49,1인,S279
2_614_6584_62_11378,niihau_2_614_6584_62.jpg,plastic debris,plastic_other,0.319,21.8602777,-160.1627861,0.47,0.42,0.199,0.48,0.32,1.59,1인,S279
2_664_10764_14858_11387,niihau_2_664_10764_14858.jpg,Plastic_ETC,plastic_other,0.753,21.8618340,-160.1619824,0.77,0.76,0.581,1.40,0.93,4.65,1인,S280
2_664_10764_14858_11388,niihau_2_664_10764_14858.jpg,Plastic_ETC,plastic_other,0.734,21.8617580,-160.1619859,0.83,0.77,0.640,1.54,1.02,5.12,1인,S280
2_664_10764_14858_11389,niihau_2_664_10764_14858.jpg,Plastic_Buoy,plastic_buoy,0.694,21.8618225,-160.1619190,0.61,0.59,0.359,6.47,3.23,8.62,1인,S280
2_664_10764_14858_11390,niihau_2_664_10764_14858.jpg,Plastic_Buoy,plastic_buoy,0.614,21.8617775,-160.1619782,0.54,0.53,0.287,5.17,2.58,6.89,1인,S280
2_664_10764_14858_11391,niihau_2_664_10764_14858.jpg,Styrofoam_Piece,eps_fragment,0.593,21.8617631,-160.1619801,0.58,0.58,0.337,0.20,0.13,0.67,1인,S280
2_664_10764_14858_11392,niihau_2_664_10764_14858.jpg,plastic debris,plastic_other,0.575,21.8618229,-160.1619833,0.64,0.63,0.405,0.97,0.65,3.24,1인,S280
2_664_10764_14858_11393,niihau_2_664_10764_14858.jpg,Rope,rope,0.534,21.8617938,-160.1619371,0.98,0.78,0.767,9.20,6.14,15.34,1인,S280
2_664_10764_14858_11394,niihau_2_664_10764_14858.jpg,PET_Bottle,pet_bottle,0.519,21.8618146,-160.1619452,0.70,0.62,0.438,0.87,0.72,1.45,1인,S280
2_664_10764_14858_11395,niihau_2_664_10764_14858.jpg,PET_Bottle,pet_bottle,0.410,21.8618496,-160.1619814,0.78,0.38,0.301,0.60,0.50,0.99,1인,S280
2_664_10800_14466_11414,niihau_2_664_10800_14466.jpg,Plastic_ETC,plastic_other,0.778,21.8618340,-160.1619825,0.80,0.79,0.634,1.52,1.01,5.07,1인,S280
2_664_10800_14466_11415,niihau_2_664_10800_14466.jpg,Plastic_ETC,plastic_other,0.762,21.8619175,-160.1619189,0.86,0.82,0.708,1.70,1.13,5.67,1인,S280
2_664_10800_14466_11416,niihau_2_664_10800_14466.jpg,Styrofoam_Piece,eps_fragment,0.750,21.8618832,-160.1618737,0.67,0.66,0.445,0.27,0.18,0.89,1인,S280
2_664_10800_14466_11417,niihau_2_664_10800_14466.jpg,Plastic_ETC,plastic_other,0.717,21.8618514,-160.1619813,0.76,0.74,0.565,1.36,0.90,4.52,1인,S280
2_664_10800_14466_11418,niihau_2_664_10800_14466.jpg,PET_Bottle,pet_bottle,0.694,21.8618955,-160.1619503,0.53,0.48,0.258,0.51,0.43,0.85,1인,S280
2_664_10800_14466_11419,niihau_2_664_10800_14466.jpg,Plastic_ETC,plastic_other,0.674,21.8618226,-160.1619191,0.59,0.58,0.343,0.82,0.55,2.75,1인,S280
2_664_10800_14466_11420,niihau_2_664_10800_14466.jpg,PET_Bottle,pet_bottle,0.579,21.8618147,-160.1619454,0.73,0.63,0.465,0.92,0.77,1.53,1인,S280
2_664_10800_14466_11421,niihau_2_664_10800_14466.jpg,Net,net,0.547,21.8618905,-160.1618823,0.60,0.58,0.348,6.27,2.61,15.68,1인,S280
2_664_10800_14466_11422,niihau_2_664_10800_14466.jpg,plastic debris,plastic_other,0.545,21.8619010,-160.1619602,0.43,0.42,0.180,0.43,0.29,1.44,1인,S280
2_664_10800_14466_11423,niihau_2_664_10800_14466.jpg,plastic debris,plastic_other,0.339,21.8618699,-160.1619400,0.51,0.50,0.254,0.61,0.41,2.03,1인,S280
2_664_10800_14466_11424,niihau_2_664_10800_14466.jpg,plastic debris,plastic_other,0.334,21.8618229,-160.1619832,0.63,0.58,0.363,0.87,0.58,2.90,1인,S280
2_664_10800_14466_11425,niihau_2_664_10800_14466.jpg,plastic debris,plastic_other,0.321,21.8618558,-160.1619904,0.57,0.45,0.256,0.61,0.41,2.05,1인,S280
2_664_12621_7627_11444,niihau_2_664_12621_7627.jpg,Plastic_ETC,plastic_other,0.858,21.8631351,-160.1616136,0.73,0.73,0.528,1.27,0.84,4.22,1인,S281
2_664_12621_7627_11445,niihau_2_664_12621_7627.jpg,Plastic_ETC,plastic_other,0.799,21.8631438,-160.1615906,0.83,0.81,0.677,1.62,1.08,5.41,1인,S281
2_664_12621_7627_11446,niihau_2_664_12621_7627.jpg,Plastic_ETC,plastic_other,0.791,21.8631027,-160.1615577,0.64,0.64,0.410,0.98,0.66,3.28,1인,S281
2_664_12621_7627_11447,niihau_2_664_12621_7627.jpg,Plastic_ETC,plastic_other,0.714,21.8630721,-160.1616067,0.80,0.79,0.626,1.50,1.00,5.00,1인,S281
2_664_12621_7627_11448,niihau_2_664_12621_7627.jpg,PET_Bottle,pet_bottle,0.693,21.8630965,-160.1615308,0.79,0.78,0.619,1.23,1.02,2.04,1인,S281
2_664_12621_7627_11449,niihau_2_664_12621_7627.jpg,Plastic_Buoy_China,plastic_buoy,0.686,21.8630495,-160.1615540,0.80,0.78,0.620,11.17,5.58,14.89,1인,S281
2_664_12621_7627_11450,niihau_2_664_12621_7627.jpg,Plastic_ETC,plastic_other,0.674,21.8630589,-160.1615886,2.12,1.72,3.632,8.72,5.81,29.06,2인,S281
2_664_12621_7627_11451,niihau_2_664_12621_7627.jpg,plastic debris,plastic_other,0.651,21.8630920,-160.1616445,1.36,1.16,1.571,3.77,2.51,12.57,1인,S281
2_664_12621_7627_11452,niihau_2_664_12621_7627.jpg,plastic debris,plastic_other,0.637,21.8630647,-160.1615595,0.67,0.66,0.439,1.05,0.70,3.51,1인,S281
2_664_12621_7627_11453,niihau_2_664_12621_7627.jpg,Plastic_Buoy_China,plastic_buoy,0.620,21.8631536,-160.1615532,0.87,0.87,0.761,13.70,6.85,18.26,1인,S281
2_664_12621_7627_11454,niihau_2_664_12621_7627.jpg,plastic debris,plastic_other,0.459,21.8631034,-160.1615356,0.64,0.63,0.397,0.95,0.64,3.18,1인,S281
2_664_12621_7627_11455,niihau_2_664_12621_7627.jpg,plastic debris,plastic_other,0.432,21.8631549,-160.1615386,0.89,0.82,0.731,1.75,1.17,5.85,1인,S281
2_664_12621_7627_11456,niihau_2_664_12621_7627.jpg,plastic debris,plastic_other,0.391,21.8630667,-160.1615504,0.45,0.45,0.203,0.49,0.33,1.63,1인,S281
2_664_12621_7627_11457,niihau_2_664_12621_7627.jpg,plastic debris,plastic_other,0.383,21.8630909,-160.1615401,0.59,0.58,0.340,0.82,0.54,2.72,1인,S281
2_664_12621_7627_11458,niihau_2_664_12621_7627.jpg,PET_Bottle,pet_bottle,0.304,21.8631016,-160.1615878,0.97,0.84,0.813,1.61,1.34,2.68,1인,S281
2_664_12701_7218_11465,niihau_2_664_12701_7218.jpg,Plastic_ETC,plastic_other,0.837,21.8631352,-160.1616136,0.75,0.75,0.565,1.36,0.90,4.52,1인,S281
2_664_12701_7218_11466,niihau_2_664_12701_7218.jpg,Styrofoam_Piece,eps_fragment,0.810,21.8632067,-160.1616296,0.76,0.73,0.554,0.33,0.22,1.11,1인,S281
2_664_12701_7218_11467,niihau_2_664_12701_7218.jpg,Plastic_ETC,plastic_other,0.773,21.8631439,-160.1615906,0.83,0.82,0.683,1.64,1.09,5.46,1인,S281
2_664_12701_7218_11468,niihau_2_664_12701_7218.jpg,Plastic_ETC,plastic_other,0.629,21.8631536,-160.1615532,0.91,0.91,0.826,1.98,1.32,6.60,1인,S281
2_664_12701_7218_11469,niihau_2_664_12701_7218.jpg,plastic debris,plastic_other,0.543,21.8631550,-160.1615386,0.90,0.84,0.749,1.80,1.20,5.99,1인,S281
2_664_12701_7218_11470,niihau_2_664_12701_7218.jpg,Plastic_Buoy_China,plastic_buoy,0.531,21.8632002,-160.1616116,0.85,0.83,0.706,12.70,6.35,16.94,1인,S281
2_664_12701_7218_11471,niihau_2_664_12701_7218.jpg,Net,net,0.455,21.8632059,-160.1616132,0.78,0.74,0.577,10.38,4.33,25.95,2인,S281
2_664_12983_7640_11476,niihau_2_664_12983_7640.jpg,Plastic_ETC,plastic_other,0.845,21.8631195,-160.1614953,0.66,0.65,0.429,1.03,0.69,3.43,1인,S281
2_664_12983_7640_11477,niihau_2_664_12983_7640.jpg,Plastic_ETC,plastic_other,0.801,21.8631028,-160.1615578,0.65,0.63,0.411,0.99,0.66,3.29,1인,S281
2_664_12983_7640_11478,niihau_2_664_12983_7640.jpg,Plastic_Buoy_China,plastic_buoy,0.768,21.8630494,-160.1615543,0.75,0.73,0.551,9.92,4.96,13.22,1인,S281
2_664_12983_7640_11479,niihau_2_664_12983_7640.jpg,PET_Bottle,pet_bottle,0.734,21.8630716,-160.1615182,0.48,0.45,0.216,0.43,0.36,0.71,1인,S281
2_664_12983_7640_11480,niihau_2_664_12983_7640.jpg,Styrofoam_Piece,eps_fragment,0.721,21.8631346,-160.1614921,0.76,0.68,0.519,0.31,0.21,1.04,1인,S281
2_664_12983_7640_11481,niihau_2_664_12983_7640.jpg,Styrofoam_Piece,eps_fragment,0.709,21.8630603,-160.1614760,0.73,0.68,0.496,0.30,0.20,0.99,1인,S281
2_664_12983_7640_11482,niihau_2_664_12983_7640.jpg,Plastic_Buoy_China,plastic_buoy,0.684,21.8630965,-160.1615308,0.68,0.67,0.455,8.20,4.10,10.93,1인,S281
2_664_12983_7640_11483,niihau_2_664_12983_7640.jpg,plastic debris,plastic_other,0.667,21.8630832,-160.1615218,0.59,0.57,0.336,0.81,0.54,2.69,1인,S281
2_664_12983_7640_11484,niihau_2_664_12983_7640.jpg,Plastic_Buoy_China,plastic_buoy,0.628,21.8631538,-160.1615532,0.80,0.80,0.637,11.46,5.73,15.28,1인,S281
2_664_12983_7640_11485,niihau_2_664_12983_7640.jpg,plastic debris,plastic_other,0.573,21.8631386,-160.1614612,0.73,0.66,0.481,1.16,0.77,3.85,1인,S281
2_664_12983_7640_11486,niihau_2_664_12983_7640.jpg,Net,net,0.560,21.8631391,-160.1614704,0.78,0.58,0.451,8.11,3.38,20.29,1인,S281
2_664_12983_7640_11487,niihau_2_664_12983_7640.jpg,plastic debris,plastic_other,0.557,21.8631550,-160.1615385,0.83,0.78,0.643,1.54,1.03,5.14,1인,S281
2_664_12983_7640_11488,niihau_2_664_12983_7640.jpg,plastic debris,plastic_other,0.553,21.8630604,-160.1615197,0.49,0.46,0.226,0.54,0.36,1.81,1인,S281
2_664_12983_7640_11489,niihau_2_664_12983_7640.jpg,plastic debris,plastic_other,0.521,21.8631034,-160.1615356,0.60,0.58,0.349,0.84,0.56,2.80,1인,S281
2_664_12983_7640_11490,niihau_2_664_12983_7640.jpg,plastic debris,plastic_other,0.513,21.8630645,-160.1615595,0.61,0.59,0.356,0.86,0.57,2.85,1인,S281
2_664_12983_7640_11491,niihau_2_664_12983_7640.jpg,plastic debris,plastic_other,0.510,21.8630552,-160.1614692,0.51,0.51,0.263,0.63,0.42,2.11,1인,S281
2_664_12983_7640_11492,niihau_2_664_12983_7640.jpg,plastic debris,plastic_other,0.490,21.8630444,-160.1615726,0.75,0.39,0.294,0.70,0.47,2.35,1인,S281
2_664_12983_7640_11493,niihau_2_664_12983_7640.jpg,Plastic_ETC,plastic_other,0.469,21.8631362,-160.1614979,1.32,1.16,1.533,3.68,2.45,12.26,1인,S281
2_664_12983_7640_11494,niihau_2_664_12983_7640.jpg,plastic debris,plastic_other,0.449,21.8630907,-160.1615402,0.54,0.53,0.288,0.69,0.46,2.31,1인,S281
2_664_12983_7640_11495,niihau_2_664_12983_7640.jpg,plastic debris,plastic_other,0.447,21.8630764,-160.1615057,0.57,0.55,0.316,0.76,0.51,2.53,1인,S281
2_664_12983_7640_11496,niihau_2_664_12983_7640.jpg,PET_Bottle,pet_bottle,0.410,21.8631343,-160.1614784,0.65,0.58,0.380,0.75,0.63,1.25,1인,S281
2_664_12983_7640_11497,niihau_2_664_12983_7640.jpg,plastic debris,plastic_other,0.388,21.8631024,-160.1614857,0.56,0.56,0.315,0.76,0.50,2.52,1인,S281
2_664_12983_7640_11498,niihau_2_664_12983_7640.jpg,plastic debris,plastic_other,0.340,21.8630665,-160.1615506,0.46,0.42,0.192,0.46,0.31,1.53,1인,S281
2_664_12983_7640_11499,niihau_2_664_12983_7640.jpg,plastic debris,plastic_other,0.328,21.8631012,-160.1615184,0.51,0.48,0.244,0.59,0.39,1.95,1인,S281
2_664_13529_9178_11508,niihau_2_664_13529_9178.jpg,Plastic_Buoy,plastic_buoy,0.727,21.8628235,-160.1614102,0.56,0.55,0.304,5.48,2.74,7.31,1인,S282
2_664_13529_9178_11509,niihau_2_664_13529_9178.jpg,plastic debris,plastic_other,0.423,21.8627884,-160.1613518,0.45,0.45,0.206,0.49,0.33,1.65,1인,S282
2_664_14859_9123_11511,niihau_2_664_14859_9123.jpg,PET_Bottle,pet_bottle,0.829,21.8628635,-160.1611553,0.77,0.75,0.584,1.16,0.96,1.93,1인,S283
2_664_14859_9123_11512,niihau_2_664_14859_9123.jpg,Plastic_ETC,plastic_other,0.666,21.8627922,-160.1611442,0.91,0.83,0.756,1.81,1.21,6.05,1인,S283
2_664_14859_9123_11513,niihau_2_664_14859_9123.jpg,plastic debris,plastic_other,0.658,21.8628489,-160.1611959,0.74,0.72,0.535,1.28,0.86,4.28,1인,S283
2_664_14859_9123_11514,niihau_2_664_14859_9123.jpg,Plastic_Buoy_China,plastic_buoy,0.648,21.8628402,-160.1611111,0.78,0.76,0.595,10.71,5.35,14.27,1인,S283
2_664_14859_9123_11515,niihau_2_664_14859_9123.jpg,Plastic_ETC,plastic_other,0.491,21.8628355,-160.1611532,1.67,1.43,2.378,5.71,3.80,19.02,1인,S283
2_664_14859_9123_11516,niihau_2_664_14859_9123.jpg,Plastic_ETC,plastic_other,0.414,21.8628310,-160.1611046,0.88,0.86,0.756,1.81,1.21,6.04,1인,S283
2_664_14859_9123_11517,niihau_2_664_14859_9123.jpg,plastic debris,plastic_other,0.407,21.8628265,-160.1611610,0.78,0.74,0.577,1.38,0.92,4.61,1인,S283
2_664_14859_9123_11518,niihau_2_664_14859_9123.jpg,plastic debris,plastic_other,0.406,21.8628624,-160.1612080,0.54,0.50,0.272,0.65,0.43,2.17,1인,S283
2_664_14859_9123_11519,niihau_2_664_14859_9123.jpg,plastic debris,plastic_other,0.395,21.8628747,-160.1610931,0.64,0.37,0.234,0.56,0.37,1.87,1인,S283
2_664_14859_9123_11520,niihau_2_664_14859_9123.jpg,plastic debris,plastic_other,0.347,21.8628225,-160.1611409,0.57,0.55,0.311,0.75,0.50,2.49,1인,S283
2_664_14859_9123_11521,niihau_2_664_14859_9123.jpg,plastic debris,plastic_other,0.319,21.8628267,-160.1611659,0.55,0.53,0.291,0.70,0.47,2.33,1인,S283
2_664_15447_6580_11527,niihau_2_664_15447_6580.jpg,Plastic_ETC,plastic_other,0.654,21.8633503,-160.1610181,0.97,0.75,0.726,1.74,1.16,5.81,1인,S284
2_664_15447_6580_11528,niihau_2_664_15447_6580.jpg,plastic debris,plastic_other,0.307,21.8633159,-160.1609863,1.63,1.06,1.727,4.14,2.76,13.82,1인,S284
2_664_15763_6621_11531,niihau_2_664_15763_6621.jpg,Plastic_ETC,plastic_other,0.809,21.8632648,-160.1609680,0.82,0.74,0.607,1.46,0.97,4.85,1인,S284
2_664_15763_6621_11532,niihau_2_664_15763_6621.jpg,plastic debris,plastic_other,0.693,21.8632796,-160.1609624,0.77,0.75,0.574,1.38,0.92,4.59,1인,S284
2_664_5863_16171_11540,niihau_2_664_5863_16171.jpg,Styrofoam_Piece,eps_fragment,0.733,21.8615499,-160.1628837,1.12,1.00,1.125,0.67,0.45,2.25,1인,S285
2_664_5863_16171_11541,niihau_2_664_5863_16171.jpg,Plastic_ETC,plastic_other,0.692,21.8615398,-160.1628754,0.92,0.92,0.848,2.04,1.36,6.79,1인,S285
2_664_5863_16171_11542,niihau_2_664_5863_16171.jpg,plastic debris,plastic_other,0.666,21.8615595,-160.1628751,0.49,0.49,0.244,0.59,0.39,1.96,1인,S285
2_664_5863_16171_11543,niihau_2_664_5863_16171.jpg,plastic debris,plastic_other,0.611,21.8615631,-160.1628863,0.47,0.46,0.218,0.52,0.35,1.74,1인,S285
2_664_5863_16171_11544,niihau_2_664_5863_16171.jpg,Net,net,0.566,21.8615514,-160.1628287,0.72,0.71,0.514,9.25,3.85,23.12,2인,S285
2_664_5863_16171_11545,niihau_2_664_5863_16171.jpg,plastic debris,plastic_other,0.500,21.8615538,-160.1628759,0.60,0.58,0.349,0.84,0.56,2.79,1인,S285
2_664_5863_16171_11546,niihau_2_664_5863_16171.jpg,plastic debris,plastic_other,0.487,21.8615597,-160.1628858,0.55,0.55,0.305,0.73,0.49,2.44,1인,S285
2_664_5863_16171_11547,niihau_2_664_5863_16171.jpg,plastic debris,plastic_other,0.454,21.8615393,-160.1628806,0.60,0.58,0.352,0.85,0.56,2.82,1인,S285
2_664_5863_16171_11548,niihau_2_664_5863_16171.jpg,plastic debris,plastic_other,0.307,21.8615205,-160.1628354,0.69,0.65,0.448,1.08,0.72,3.59,1인,S285
2_664_6261_16162_11553,niihau_2_664_6261_16162.jpg,Plastic_ETC,plastic_other,0.846,21.8615035,-160.1627805,0.87,0.86,0.752,1.81,1.20,6.02,1인,S285
2_664_6261_16162_11554,niihau_2_664_6261_16162.jpg,Plastic_Buoy,plastic_buoy,0.554,21.8615518,-160.1628065,0.69,0.67,0.460,8.27,4.14,11.03,1인,S285
2_664_6261_16162_11555,niihau_2_664_6261_16162.jpg,Plastic_Buoy,plastic_buoy,0.493,21.8615537,-160.1627963,0.52,0.51,0.264,4.76,2.38,6.34,1인,S285
2_664_6261_16162_11556,niihau_2_664_6261_16162.jpg,Net,net,0.468,21.8615514,-160.1628287,0.79,0.77,0.612,11.02,4.59,27.54,2인,S285
2_664_6261_16162_11557,niihau_2_664_6261_16162.jpg,plastic debris,plastic_other,0.399,21.8615087,-160.1628094,0.55,0.55,0.300,0.72,0.48,2.40,1인,S285
2_664_6261_16162_11558,niihau_2_664_6261_16162.jpg,plastic debris,plastic_other,0.316,21.8615205,-160.1628356,0.65,0.61,0.398,0.95,0.64,3.18,1인,S285
2_664_6464_22885_11563,niihau_2_664_6464_22885.jpg,Plastic_ETC,plastic_other,0.574,21.8603875,-160.1627102,0.76,0.76,0.578,1.39,0.92,4.62,1인,S279
2_664_6464_22885_11564,niihau_2_664_6464_22885.jpg,PET_Bottle,pet_bottle,0.387,21.8603695,-160.1627361,0.95,0.76,0.725,1.44,1.20,2.39,1인,S279
2_664_6464_22885_11565,niihau_2_664_6464_22885.jpg,Styrofoam_Piece,eps_fragment,0.341,21.8603504,-160.1627680,0.50,0.49,0.247,0.15,0.10,0.49,1인,S279
2_664_7378_21415_11575,niihau_2_664_7378_21415.jpg,Plastic_ETC,plastic_other,0.782,21.8606411,-160.1626198,0.68,0.67,0.460,1.10,0.74,3.68,1인,S286
2_664_7378_21415_11576,niihau_2_664_7378_21415.jpg,Plastic_Buoy,plastic_buoy,0.610,21.8605576,-160.1625467,0.49,0.48,0.232,4.18,2.09,5.58,1인,S286
2_664_7378_21415_11577,niihau_2_664_7378_21415.jpg,Styrofoam_Piece,eps_fragment,0.594,21.8606134,-160.1625287,0.86,0.85,0.727,0.44,0.29,1.45,1인,S286
2_664_7378_21415_11578,niihau_2_664_7378_21415.jpg,PET_Bottle,pet_bottle,0.565,21.8606365,-160.1625913,0.74,0.63,0.461,0.91,0.76,1.52,1인,S286
2_664_7378_21415_11579,niihau_2_664_7378_21415.jpg,Styrofoam_Piece,eps_fragment,0.556,21.8605615,-160.1626108,0.59,0.58,0.346,0.21,0.14,0.69,1인,S286
2_664_7378_21415_11580,niihau_2_664_7378_21415.jpg,plastic debris,plastic_other,0.541,21.8606047,-160.1625828,0.49,0.46,0.226,0.54,0.36,1.81,1인,S286
2_664_7378_21415_11581,niihau_2_664_7378_21415.jpg,PET_Bottle,pet_bottle,0.501,21.8605477,-160.1626151,0.49,0.25,0.123,0.24,0.20,0.41,1인,S286
2_664_7378_21415_11582,niihau_2_664_7378_21415.jpg,PET_Bottle,pet_bottle,0.443,21.8605868,-160.1626059,0.78,0.56,0.436,0.86,0.72,1.44,1인,S286
2_664_7378_21415_11583,niihau_2_664_7378_21415.jpg,plastic debris,plastic_other,0.406,21.8605617,-160.1625389,0.47,0.46,0.216,0.52,0.35,1.73,1인,S286
2_664_7378_21415_11584,niihau_2_664_7378_21415.jpg,PET_Bottle,pet_bottle,0.380,21.8605940,-160.1625626,1.58,1.21,1.907,3.78,3.15,6.29,1인,S286
2_664_7378_21415_11585,niihau_2_664_7378_21415.jpg,Styrofoam_Piece,eps_fragment,0.336,21.8605544,-160.1625399,0.56,0.52,0.289,0.17,0.12,0.58,1인,S286
2_664_7378_21415_11586,niihau_2_664_7378_21415.jpg,plastic debris,plastic_other,0.325,21.8605578,-160.1626013,0.52,0.49,0.256,0.61,0.41,2.05,1인,S286
2_664_7635_15287_11595,niihau_2_664_7635_15287.jpg,Plastic_ETC,plastic_other,0.825,21.8617030,-160.1625490,0.74,0.70,0.520,1.25,0.83,4.16,1인,S287
2_664_7635_15287_11596,niihau_2_664_7635_15287.jpg,Styrofoam_Piece,eps_fragment,0.732,21.8616571,-160.1625586,0.76,0.66,0.503,0.30,0.20,1.01,1인,S287
2_664_7635_15287_11597,niihau_2_664_7635_15287.jpg,Plastic_ETC,plastic_other,0.578,21.8616595,-160.1625987,1.11,1.01,1.125,2.70,1.80,9.00,1인,S287
2_664_7635_15287_11598,niihau_2_664_7635_15287.jpg,PET_Bottle,pet_bottle,0.388,21.8617124,-160.1625421,0.55,0.53,0.293,0.58,0.48,0.97,1인,S287
2_664_7737_21409_11603,niihau_2_664_7737_21409.jpg,plastic debris,plastic_other,0.738,21.8606073,-160.1625132,1.34,1.24,1.662,3.99,2.66,13.30,1인,S286
2_664_7737_21409_11604,niihau_2_664_7737_21409.jpg,Plastic_ETC,plastic_other,0.734,21.8605805,-160.1624583,0.67,0.60,0.402,0.97,0.64,3.22,1인,S286
2_664_7737_21409_11605,niihau_2_664_7737_21409.jpg,plastic debris,plastic_other,0.656,21.8605578,-160.1625467,0.49,0.48,0.232,0.56,0.37,1.86,1인,S286
2_664_7737_21409_11606,niihau_2_664_7737_21409.jpg,plastic debris,plastic_other,0.648,21.8606622,-160.1624833,0.56,0.46,0.256,0.61,0.41,2.05,1인,S286
2_664_7737_21409_11607,niihau_2_664_7737_21409.jpg,PET_Bottle,pet_bottle,0.642,21.8606136,-160.1625288,0.85,0.79,0.673,1.33,1.11,2.22,1인,S286
2_664_7737_21409_11608,niihau_2_664_7737_21409.jpg,Plastic_ETC,plastic_other,0.616,21.8605548,-160.1624667,2.01,1.35,2.707,6.50,4.33,21.66,1인,S286
2_664_7737_21409_11609,niihau_2_664_7737_21409.jpg,plastic debris,plastic_other,0.597,21.8605797,-160.1625021,0.58,0.55,0.317,0.76,0.51,2.53,1인,S286
2_664_7737_21409_11610,niihau_2_664_7737_21409.jpg,plastic debris,plastic_other,0.534,21.8605616,-160.1625389,0.48,0.44,0.212,0.51,0.34,1.70,1인,S286
2_664_7737_21409_11611,niihau_2_664_7737_21409.jpg,plastic debris,plastic_other,0.475,21.8605831,-160.1625144,0.49,0.49,0.238,0.57,0.38,1.90,1인,S286
2_664_7737_21409_11612,niihau_2_664_7737_21409.jpg,plastic debris,plastic_other,0.466,21.8606367,-160.1624921,0.44,0.41,0.183,0.44,0.29,1.47,1인,S286
2_664_7737_21409_11613,niihau_2_664_7737_21409.jpg,plastic debris,plastic_other,0.452,21.8606226,-160.1624595,0.62,0.54,0.337,0.81,0.54,2.70,1인,S286
2_664_7737_21409_11614,niihau_2_664_7737_21409.jpg,plastic debris,plastic_other,0.419,21.8606213,-160.1624794,0.41,0.39,0.159,0.38,0.25,1.27,1인,S286
2_664_7737_21409_11615,niihau_2_664_7737_21409.jpg,plastic debris,plastic_other,0.408,21.8605943,-160.1625624,1.49,1.14,1.704,4.09,2.73,13.63,1인,S286
2_664_7737_21409_11616,niihau_2_664_7737_21409.jpg,plastic debris,plastic_other,0.350,21.8606177,-160.1624869,0.38,0.34,0.129,0.31,0.21,1.03,1인,S286
2_664_7737_21409_11617,niihau_2_664_7737_21409.jpg,plastic debris,plastic_other,0.308,21.8605564,-160.1625265,0.66,0.66,0.430,1.03,0.69,3.44,1인,S286
2_664_7822_16092_11632,niihau_2_664_7822_16092.jpg,Plastic_ETC,plastic_other,0.792,21.8615221,-160.1624546,0.68,0.67,0.453,1.09,0.73,3.63,1인,S287
2_664_7822_16092_11633,niihau_2_664_7822_16092.jpg,PET_Bottle,pet_bottle,0.744,21.8615281,-160.1625480,0.60,0.59,0.353,0.70,0.58,1.17,1인,S287
2_664_8095_15639_11641,niihau_2_664_8095_15639.jpg,Styrofoam_Piece,eps_fragment,0.866,21.8616460,-160.1624270,0.78,0.73,0.570,0.34,0.23,1.14,1인,S287
2_664_8095_15639_11642,niihau_2_664_8095_15639.jpg,Plastic_ETC,plastic_other,0.698,21.8616611,-160.1624637,1.29,1.27,1.633,3.92,2.61,13.07,1인,S287
2_664_8095_15639_11643,niihau_2_664_8095_15639.jpg,Plastic_Buoy_China,plastic_buoy,0.641,21.8616467,-160.1624699,0.79,0.73,0.574,10.33,5.16,13.77,1인,S287
2_664_8095_15639_11644,niihau_2_664_8095_15639.jpg,Plastic_ETC,plastic_other,0.543,21.8616493,-160.1624523,1.33,1.31,1.737,4.17,2.78,13.90,1인,S287
2_664_8095_15639_11645,niihau_2_664_8095_15639.jpg,plastic debris,plastic_other,0.435,21.8616797,-160.1624886,0.51,0.49,0.247,0.59,0.39,1.97,1인,S287
2_664_8095_15639_11646,niihau_2_664_8095_15639.jpg,plastic debris,plastic_other,0.398,21.8615955,-160.1624940,1.05,1.00,1.048,2.52,1.68,8.39,1인,S287
2_664_8095_15639_11647,niihau_2_664_8095_15639.jpg,plastic debris,plastic_other,0.368,21.8616249,-160.1624448,0.52,0.50,0.258,0.62,0.41,2.07,1인,S287
2_664_8095_15639_11648,niihau_2_664_8095_15639.jpg,plastic debris,plastic_other,0.359,21.8616634,-160.1624083,0.59,0.58,0.343,0.82,0.55,2.74,1인,S287
2_664_8095_15639_11649,niihau_2_664_8095_15639.jpg,plastic debris,plastic_other,0.326,21.8616507,-160.1623954,0.71,0.70,0.497,1.19,0.79,3.97,1인,S287
2_664_8095_15639_11650,niihau_2_664_8095_15639.jpg,plastic debris,plastic_other,0.304,21.8616834,-160.1624884,0.55,0.53,0.291,0.70,0.46,2.32,1인,S287
2_664_8937_18307_11654,niihau_2_664_8937_18307.jpg,Plastic_ETC,plastic_other,0.799,21.8612013,-160.1622422,0.75,0.71,0.534,1.28,0.85,4.27,1인,S288
2_664_8937_18307_11655,niihau_2_664_8937_18307.jpg,Styrofoam_Piece,eps_fragment,0.737,21.8611686,-160.1622862,0.79,0.77,0.608,0.36,0.24,1.22,1인,S288
2_664_8937_18307_11656,niihau_2_664_8937_18307.jpg,Styrofoam_Piece,eps_fragment,0.647,21.8611406,-160.1623344,0.58,0.56,0.325,0.20,0.13,0.65,1인,S288
2_664_8937_18307_11657,niihau_2_664_8937_18307.jpg,PET_Bottle,pet_bottle,0.586,21.8611590,-160.1622884,0.75,0.65,0.489,0.97,0.81,1.61,1인,S288
2_664_8937_18307_11658,niihau_2_664_8937_18307.jpg,plastic debris,plastic_other,0.555,21.8611964,-160.1622646,0.40,0.40,0.158,0.38,0.25,1.27,1인,S288
2_664_8937_18307_11659,niihau_2_664_8937_18307.jpg,PET_Bottle,pet_bottle,0.545,21.8611865,-160.1622819,0.61,0.59,0.361,0.71,0.60,1.19,1인,S288
2_664_8937_18307_11660,niihau_2_664_8937_18307.jpg,Styrofoam_Piece,eps_fragment,0.535,21.8612036,-160.1622990,0.65,0.63,0.411,0.25,0.16,0.82,1인,S288
2_664_8937_18307_11661,niihau_2_664_8937_18307.jpg,plastic debris,plastic_other,0.363,21.8611521,-160.1622843,0.60,0.53,0.318,0.76,0.51,2.54,1인,S288
2_664_8937_18307_11662,niihau_2_664_8937_18307.jpg,Plastic_ETC,plastic_other,0.357,21.8611823,-160.1622938,0.71,0.67,0.473,1.14,0.76,3.79,1인,S288
2_664_8937_18307_11663,niihau_2_664_8937_18307.jpg,PET_Bottle,pet_bottle,0.352,21.8611864,-160.1623096,0.55,0.48,0.264,0.52,0.43,0.87,1인,S288
2_664_8937_18307_11664,niihau_2_664_8937_18307.jpg,plastic debris,plastic_other,0.322,21.8611756,-160.1622680,0.43,0.42,0.181,0.44,0.29,1.45,1인,S288
2_664_9628_13639_11678,niihau_2_664_9628_13639.jpg,Styrofoam_Piece,eps_fragment,0.797,21.8619767,-160.1621489,0.78,0.77,0.604,0.36,0.24,1.21,1인,S289
2_664_9628_13639_11679,niihau_2_664_9628_13639.jpg,PET_Bottle,pet_bottle,0.755,21.8619700,-160.1621171,0.69,0.66,0.453,0.90,0.75,1.49,1인,S289
2_664_9628_13639_11680,niihau_2_664_9628_13639.jpg,Styrofoam_Buoy,eps_buoy,0.742,21.8620125,-160.1621590,1.50,1.35,2.025,17.72,7.59,20.25,1인,S289
2_664_9628_13639_11681,niihau_2_664_9628_13639.jpg,Styrofoam_Piece,eps_fragment,0.740,21.8620146,-160.1621916,0.89,0.85,0.755,0.45,0.30,1.51,1인,S289
2_664_9628_13639_11682,niihau_2_664_9628_13639.jpg,plastic debris,plastic_other,0.501,21.8619707,-160.1621385,0.61,0.59,0.361,0.87,0.58,2.89,1인,S289
2_665_10432_9198_11687,niihau_2_665_10432_9198.jpg,Plastic_ETC,plastic_other,0.840,21.8649364,-160.1588559,0.84,0.82,0.689,1.65,1.10,5.51,1인,S290
2_665_10432_9198_11688,niihau_2_665_10432_9198.jpg,Plastic_Buoy,plastic_buoy,0.737,21.8649246,-160.1588605,0.54,0.51,0.280,5.03,2.52,6.71,1인,S290
2_665_10432_9198_11689,niihau_2_665_10432_9198.jpg,Plastic_ETC,plastic_other,0.678,21.8649975,-160.1588803,0.75,0.75,0.559,1.34,0.90,4.48,1인,S290
2_665_10432_9198_11690,niihau_2_665_10432_9198.jpg,plastic debris,plastic_other,0.649,21.8649906,-160.1588189,0.55,0.53,0.294,0.71,0.47,2.35,1인,S290
2_665_10432_9198_11691,niihau_2_665_10432_9198.jpg,plastic debris,plastic_other,0.637,21.8649849,-160.1588910,0.59,0.57,0.336,0.81,0.54,2.69,1인,S290
2_665_10432_9198_11692,niihau_2_665_10432_9198.jpg,Plastic_Buoy_China,plastic_buoy,0.612,21.8649912,-160.1589228,0.78,0.76,0.586,10.56,5.28,14.07,1인,S290
2_665_10432_9198_11693,niihau_2_665_10432_9198.jpg,plastic debris,plastic_other,0.600,21.8649960,-160.1588931,0.60,0.56,0.333,0.80,0.53,2.66,1인,S290
2_665_10432_9198_11694,niihau_2_665_10432_9198.jpg,Plastic_Buoy_China,plastic_buoy,0.597,21.8649521,-160.1588474,0.74,0.70,0.517,9.31,4.65,12.41,1인,S290
2_665_10432_9198_11695,niihau_2_665_10432_9198.jpg,Styrofoam_Piece,eps_fragment,0.596,21.8649895,-160.1588137,0.62,0.58,0.361,0.22,0.14,0.72,1인,S290
2_665_10432_9198_11696,niihau_2_665_10432_9198.jpg,Plastic_Buoy,plastic_buoy,0.589,21.8650037,-160.1588787,0.62,0.58,0.359,6.46,3.23,8.61,1인,S290
2_665_10432_9198_11697,niihau_2_665_10432_9198.jpg,plastic debris,plastic_other,0.574,21.8650099,-160.1588657,0.50,0.49,0.245,0.59,0.39,1.96,1인,S290
2_665_10432_9198_11698,niihau_2_665_10432_9198.jpg,Plastic_Buoy_China,plastic_buoy,0.535,21.8649620,-160.1588515,0.71,0.69,0.485,8.73,4.37,11.64,1인,S290
2_665_10432_9198_11699,niihau_2_665_10432_9198.jpg,plastic debris,plastic_other,0.532,21.8649028,-160.1588910,0.52,0.51,0.266,0.64,0.43,2.13,1인,S290
2_665_10432_9198_11700,niihau_2_665_10432_9198.jpg,plastic debris,plastic_other,0.509,21.8649906,-160.1588054,0.58,0.51,0.297,0.71,0.47,2.37,1인,S290
2_665_10432_9198_11701,niihau_2_665_10432_9198.jpg,Net,net,0.500,21.8649927,-160.1589114,0.75,0.74,0.552,9.94,4.14,24.85,2인,S290
2_665_10432_9198_11702,niihau_2_665_10432_9198.jpg,plastic debris,plastic_other,0.449,21.8649357,-160.1588911,0.49,0.44,0.217,0.52,0.35,1.74,1인,S290
2_665_10432_9198_11703,niihau_2_665_10432_9198.jpg,plastic debris,plastic_other,0.437,21.8649762,-160.1589117,0.57,0.57,0.323,0.78,0.52,2.58,1인,S290
2_665_10432_9198_11704,niihau_2_665_10432_9198.jpg,plastic debris,plastic_other,0.431,21.8650041,-160.1588422,0.59,0.57,0.336,0.81,0.54,2.69,1인,S290
2_665_10432_9198_11705,niihau_2_665_10432_9198.jpg,plastic debris,plastic_other,0.408,21.8649391,-160.1588093,0.71,0.68,0.483,1.16,0.77,3.87,1인,S290
2_665_10432_9198_11706,niihau_2_665_10432_9198.jpg,PET_Bottle,pet_bottle,0.318,21.8649589,-160.1588641,0.68,0.55,0.370,0.73,0.61,1.22,1인,S290
2_665_13017_6621_11727,niihau_2_665_13017_6621.jpg,Plastic_ETC,plastic_other,0.846,21.8654402,-160.1583703,0.61,0.61,0.373,0.90,0.60,2.98,1인,S291
2_665_13017_6621_11728,niihau_2_665_13017_6621.jpg,Plastic_ETC,plastic_other,0.830,21.8654192,-160.1583854,1.00,0.97,0.971,2.33,1.55,7.77,1인,S291
2_665_13017_6621_11729,niihau_2_665_13017_6621.jpg,Styrofoam_Piece,eps_fragment,0.788,21.8653799,-160.1584096,0.63,0.62,0.395,0.24,0.16,0.79,1인,S291
2_665_13017_6621_11730,niihau_2_665_13017_6621.jpg,Plastic_ETC,plastic_other,0.752,21.8654242,-160.1583679,0.78,0.77,0.597,1.43,0.96,4.78,1인,S291
2_665_13017_6621_11731,niihau_2_665_13017_6621.jpg,Plastic_ETC,plastic_other,0.737,21.8654010,-160.1583178,0.84,0.79,0.662,1.59,1.06,5.30,1인,S291
2_665_13017_6621_11732,niihau_2_665_13017_6621.jpg,PET_Bottle,pet_bottle,0.736,21.8653973,-160.1584083,0.73,0.70,0.515,1.02,0.85,1.70,1인,S291
2_665_13017_6621_11733,niihau_2_665_13017_6621.jpg,Plastic_Buoy_China,plastic_buoy,0.728,21.8653901,-160.1584234,0.67,0.66,0.447,8.05,4.02,10.73,1인,S291
2_665_13017_6621_11734,niihau_2_665_13017_6621.jpg,plastic debris,plastic_other,0.667,21.8654102,-160.1584236,0.52,0.52,0.271,0.65,0.43,2.17,1인,S291
2_665_13017_6621_11735,niihau_2_665_13017_6621.jpg,plastic debris,plastic_other,0.627,21.8654080,-160.1583555,0.44,0.42,0.185,0.44,0.30,1.48,1인,S291
2_665_13017_6621_11736,niihau_2_665_13017_6621.jpg,plastic debris,plastic_other,0.573,21.8654217,-160.1584160,0.42,0.41,0.175,0.42,0.28,1.40,1인,S291
2_665_13017_6621_11737,niihau_2_665_13017_6621.jpg,plastic debris,plastic_other,0.571,21.8654182,-160.1583352,0.52,0.49,0.259,0.62,0.41,2.07,1인,S291
2_665_13017_6621_11738,niihau_2_665_13017_6621.jpg,plastic debris,plastic_other,0.551,21.8654048,-160.1583659,0.92,0.91,0.837,2.01,1.34,6.69,1인,S291
2_665_13017_6621_11739,niihau_2_665_13017_6621.jpg,plastic debris,plastic_other,0.542,21.8653719,-160.1584197,0.50,0.47,0.236,0.57,0.38,1.89,1인,S291
2_665_13017_6621_11740,niihau_2_665_13017_6621.jpg,plastic debris,plastic_other,0.539,21.8653865,-160.1583566,0.61,0.59,0.361,0.87,0.58,2.89,1인,S291
2_665_13017_6621_11741,niihau_2_665_13017_6621.jpg,Net,net,0.513,21.8654307,-160.1583970,0.84,0.83,0.691,12.44,5.18,31.09,2인,S291
2_665_13017_6621_11742,niihau_2_665_13017_6621.jpg,PET_Bottle,pet_bottle,0.502,21.8653919,-160.1584203,0.56,0.52,0.293,0.58,0.48,0.97,1인,S291
2_665_13017_6621_11743,niihau_2_665_13017_6621.jpg,plastic debris,plastic_other,0.468,21.8653816,-160.1584278,0.41,0.37,0.152,0.36,0.24,1.21,1인,S291
2_665_13017_6621_11744,niihau_2_665_13017_6621.jpg,plastic debris,plastic_other,0.455,21.8654270,-160.1583474,0.56,0.55,0.308,0.74,0.49,2.46,1인,S291
2_665_13017_6621_11745,niihau_2_665_13017_6621.jpg,plastic debris,plastic_other,0.415,21.8653888,-160.1584056,0.60,0.58,0.349,0.84,0.56,2.79,1인,S291
2_665_13017_6621_11746,niihau_2_665_13017_6621.jpg,plastic debris,plastic_other,0.380,21.8654447,-160.1583482,0.54,0.49,0.264,0.63,0.42,2.12,1인,S291
2_665_13017_6621_11747,niihau_2_665_13017_6621.jpg,plastic debris,plastic_other,0.376,21.8653766,-160.1583712,0.50,0.46,0.226,0.54,0.36,1.81,1인,S291
2_665_13017_6621_11748,niihau_2_665_13017_6621.jpg,plastic debris,plastic_other,0.375,21.8654036,-160.1584042,0.61,0.57,0.350,0.84,0.56,2.80,1인,S291
2_665_13017_6621_11749,niihau_2_665_13017_6621.jpg,PET_Bottle,pet_bottle,0.371,21.8654313,-160.1583448,0.61,0.57,0.347,0.69,0.57,1.14,1인,S291
2_665_13017_6621_11750,niihau_2_665_13017_6621.jpg,plastic debris,plastic_other,0.328,21.8654047,-160.1583446,1.38,1.20,1.664,3.99,2.66,13.31,1인,S291
2_665_13017_6621_11751,niihau_2_665_13017_6621.jpg,Plastic_ETC,plastic_other,0.323,21.8654009,-160.1584272,0.85,0.53,0.449,1.08,0.72,3.59,1인,S291
2_665_13017_6621_11752,niihau_2_665_13017_6621.jpg,plastic debris,plastic_other,0.303,21.8654065,-160.1584087,0.63,0.60,0.379,0.91,0.61,3.03,1인,S291
2_665_13022_7668_11773,niihau_2_665_13022_7668.jpg,Plastic_ETC,plastic_other,0.742,21.8652204,-160.1583964,0.79,0.72,0.574,1.38,0.92,4.59,1인,S292
2_665_13022_7668_11774,niihau_2_665_13022_7668.jpg,Styrofoam_Piece,eps_fragment,0.734,21.8652614,-160.1583527,0.88,0.70,0.614,0.37,0.25,1.23,1인,S291
2_665_13022_7668_11775,niihau_2_665_13022_7668.jpg,Plastic_ETC,plastic_other,0.725,21.8652322,-160.1583061,0.74,0.52,0.384,0.92,0.61,3.07,1인,S292
2_665_13022_7668_11776,niihau_2_665_13022_7668.jpg,PET_Bottle,pet_bottle,0.676,21.8651851,-160.1583389,0.65,0.65,0.422,0.84,0.70,1.39,1인,S292
2_665_13022_7668_11777,niihau_2_665_13022_7668.jpg,plastic debris,plastic_other,0.664,21.8652253,-160.1584255,0.59,0.40,0.235,0.56,0.38,1.88,1인,S292
2_665_13022_7668_11778,niihau_2_665_13022_7668.jpg,Plastic_Buoy_China,plastic_buoy,0.659,21.8652853,-160.1584033,0.61,0.59,0.358,6.44,3.22,8.58,1인,S291
2_665_13022_7668_11779,niihau_2_665_13022_7668.jpg,PET_Bottle,pet_bottle,0.658,21.8652733,-160.1583436,0.65,0.63,0.406,0.80,0.67,1.34,1인,S291
2_665_13022_7668_11780,niihau_2_665_13022_7668.jpg,PET_Bottle,pet_bottle,0.649,21.8652142,-160.1583567,0.70,0.69,0.483,0.96,0.80,1.59,1인,S292
2_665_13022_7668_11781,niihau_2_665_13022_7668.jpg,plastic debris,plastic_other,0.648,21.8652445,-160.1583783,0.49,0.47,0.229,0.55,0.37,1.83,1인,S292
2_665_13022_7668_11782,niihau_2_665_13022_7668.jpg,plastic debris,plastic_other,0.621,21.8652330,-160.1584049,0.43,0.41,0.178,0.43,0.28,1.42,1인,S292
2_665_13022_7668_11783,niihau_2_665_13022_7668.jpg,plastic debris,plastic_other,0.585,21.8652248,-160.1583690,0.78,0.66,0.513,1.23,0.82,4.10,1인,S292
2_665_13022_7668_11784,niihau_2_665_13022_7668.jpg,plastic debris,plastic_other,0.568,21.8652594,-160.1583632,0.55,0.54,0.300,0.72,0.48,2.40,1인,S291
2_665_13022_7668_11785,niihau_2_665_13022_7668.jpg,Plastic_Buoy_China,plastic_buoy,0.555,21.8652599,-160.1583237,0.81,0.74,0.596,10.72,5.36,14.30,1인,S292
2_665_13022_7668_11786,niihau_2_665_13022_7668.jpg,Plastic_ETC,plastic_other,0.550,21.8652376,-160.1583686,0.66,0.64,0.420,1.01,0.67,3.36,1인,S292
2_665_13022_7668_11787,niihau_2_665_13022_7668.jpg,plastic debris,plastic_other,0.528,21.8652399,-160.1583950,0.41,0.38,0.156,0.38,0.25,1.25,1인,S292
2_665_13022_7668_11788,niihau_2_665_13022_7668.jpg,PET_Bottle,pet_bottle,0.525,21.8652726,-160.1583973,0.56,0.50,0.282,0.56,0.46,0.93,1인,S291
2_665_13022_7668_11789,niihau_2_665_13022_7668.jpg,plastic debris,plastic_other,0.523,21.8651984,-160.1584169,0.41,0.38,0.155,0.37,0.25,1.24,1인,S292
2_665_13022_7668_11790,niihau_2_665_13022_7668.jpg,plastic debris,plastic_other,0.522,21.8651968,-160.1583937,0.52,0.48,0.249,0.60,0.40,1.99,1인,S292
2_665_13022_7668_11791,niihau_2_665_13022_7668.jpg,plastic debris,plastic_other,0.508,21.8652722,-160.1583212,0.59,0.58,0.339,0.81,0.54,2.71,1인,S291
2_665_13022_7668_11792,niihau_2_665_13022_7668.jpg,plastic debris,plastic_other,0.498,21.8652006,-160.1583653,0.63,0.58,0.365,0.88,0.58,2.92,1인,S292
2_665_13022_7668_11793,niihau_2_665_13022_7668.jpg,PET_Bottle,pet_bottle,0.493,21.8651792,-160.1583943,0.52,0.49,0.254,0.50,0.42,0.84,1인,S292
2_665_13022_7668_11794,niihau_2_665_13022_7668.jpg,plastic debris,plastic_other,0.491,21.8652829,-160.1583184,0.50,0.46,0.231,0.55,0.37,1.85,1인,S291
2_665_13022_7668_11795,niihau_2_665_13022_7668.jpg,plastic debris,plastic_other,0.480,21.8652372,-160.1584217,0.50,0.45,0.225,0.54,0.36,1.80,1인,S292
2_665_13022_7668_11796,niihau_2_665_13022_7668.jpg,PET_Bottle,pet_bottle,0.462,21.8652605,-160.1583181,0.65,0.59,0.383,0.76,0.63,1.26,1인,S292
2_665_13022_7668_11797,niihau_2_665_13022_7668.jpg,Plastic_Buoy_China,plastic_buoy,0.455,21.8652627,-160.1583568,0.59,0.56,0.330,5.93,2.97,7.91,1인,S291
2_665_13022_7668_11798,niihau_2_665_13022_7668.jpg,Plastic_ETC,plastic_other,0.442,21.8652702,-160.1583507,1.08,1.00,1.081,2.59,1.73,8.65,1인,S291
2_665_13022_7668_11799,niihau_2_665_13022_7668.jpg,plastic debris,plastic_other,0.432,21.8652348,-160.1583655,0.72,0.72,0.519,1.25,0.83,4.16,1인,S292
2_665_13022_7668_11800,niihau_2_665_13022_7668.jpg,plastic debris,plastic_other,0.393,21.8652404,-160.1583619,0.74,0.70,0.517,1.24,0.83,4.14,1인,S292
2_665_13022_7668_11801,niihau_2_665_13022_7668.jpg,plastic debris,plastic_other,0.386,21.8652910,-160.1583815,0.81,0.38,0.304,0.73,0.49,2.43,1인,S291
2_665_13022_7668_11802,niihau_2_665_13022_7668.jpg,plastic debris,plastic_other,0.382,21.8652568,-160.1583919,0.41,0.39,0.160,0.38,0.26,1.28,1인,S291
2_665_13022_7668_11803,niihau_2_665_13022_7668.jpg,plastic debris,plastic_other,0.378,21.8652656,-160.1583177,0.37,0.36,0.135,0.32,0.22,1.08,1인,S292
2_665_13022_7668_11804,niihau_2_665_13022_7668.jpg,plastic debris,plastic_other,0.361,21.8652722,-160.1583076,0.35,0.34,0.121,0.29,0.19,0.97,1인,S291
2_665_13022_7668_11805,niihau_2_665_13022_7668.jpg,plastic debris,plastic_other,0.317,21.8652209,-160.1584037,0.85,0.76,0.648,1.55,1.04,5.18,1인,S292
2_665_13022_7668_11806,niihau_2_665_13022_7668.jpg,plastic debris,plastic_other,0.300,21.8652883,-160.1584142,0.49,0.46,0.223,0.54,0.36,1.78,1인,S291
2_665_13345_7682_11823,niihau_2_665_13345_7682.jpg,Plastic_ETC,plastic_other,0.781,21.8652319,-160.1583035,1.11,0.92,1.020,2.45,1.63,8.16,1인,S292
2_665_13345_7682_11824,niihau_2_665_13345_7682.jpg,Styrofoam_Piece,eps_fragment,0.761,21.8651861,-160.1582744,0.72,0.68,0.488,0.29,0.20,0.98,1인,S292
2_665_13345_7682_11825,niihau_2_665_13345_7682.jpg,Plastic_ETC,plastic_other,0.707,21.8652708,-160.1582522,0.73,0.71,0.518,1.24,0.83,4.14,1인,S292
2_665_13345_7682_11826,niihau_2_665_13345_7682.jpg,PET_Bottle,pet_bottle,0.702,21.8651849,-160.1583388,0.63,0.61,0.380,0.75,0.63,1.25,1인,S292
2_665_13345_7682_11827,niihau_2_665_13345_7682.jpg,plastic debris,plastic_other,0.693,21.8652152,-160.1582985,0.52,0.49,0.258,0.62,0.41,2.06,1인,S292
2_665_13345_7682_11828,niihau_2_665_13345_7682.jpg,Plastic_ETC,plastic_other,0.676,21.8652614,-160.1583526,0.87,0.73,0.639,1.53,1.02,5.12,1인,S291
2_665_13345_7682_11829,niihau_2_665_13345_7682.jpg,Styrofoam_Piece,eps_fragment,0.663,21.8652576,-160.1582479,0.51,0.50,0.258,0.16,0.10,0.52,1인,S292
2_665_13345_7682_11830,niihau_2_665_13345_7682.jpg,Net,net,0.639,21.8652387,-160.1582873,0.55,0.55,0.299,5.39,2.25,13.47,1인,S292
2_665_13345_7682_11831,niihau_2_665_13345_7682.jpg,plastic debris,plastic_other,0.636,21.8652845,-160.1582550,0.51,0.50,0.259,0.62,0.41,2.07,1인,S292
2_665_13345_7682_11832,niihau_2_665_13345_7682.jpg,PET_Bottle,pet_bottle,0.613,21.8652143,-160.1583565,0.71,0.71,0.500,0.99,0.83,1.65,1인,S292
2_665_13345_7682_11833,niihau_2_665_13345_7682.jpg,plastic debris,plastic_other,0.611,21.8652100,-160.1582945,0.49,0.45,0.221,0.53,0.35,1.77,1인,S292
2_665_13345_7682_11834,niihau_2_665_13345_7682.jpg,plastic debris,plastic_other,0.605,21.8652477,-160.1582802,0.43,0.41,0.178,0.43,0.29,1.43,1인,S292
2_665_13345_7682_11835,niihau_2_665_13345_7682.jpg,PET_Bottle,pet_bottle,0.589,21.8652605,-160.1583179,0.63,0.52,0.325,0.64,0.54,1.07,1인,S292
2_665_13345_7682_11836,niihau_2_665_13345_7682.jpg,plastic debris,plastic_other,0.572,21.8652734,-160.1583436,0.64,0.61,0.390,0.93,0.62,3.12,1인,S291
2_665_13345_7682_11837,niihau_2_665_13345_7682.jpg,Plastic_Buoy_China,plastic_buoy,0.556,21.8652596,-160.1583235,0.80,0.71,0.563,10.13,5.07,13.51,1인,S292
2_665_13345_7682_11838,niihau_2_665_13345_7682.jpg,PET_Bottle,pet_bottle,0.507,21.8652695,-160.1582659,1.00,0.88,0.887,1.76,1.46,2.93,1인,S292
2_665_13345_7682_11839,niihau_2_665_13345_7682.jpg,plastic debris,plastic_other,0.488,21.8652828,-160.1583184,0.48,0.48,0.229,0.55,0.37,1.84,1인,S291
2_665_13345_7682_11840,niihau_2_665_13345_7682.jpg,Plastic_ETC,plastic_other,0.479,21.8652701,-160.1583506,1.06,1.02,1.078,2.59,1.72,8.62,1인,S291
2_665_13345_7682_11841,niihau_2_665_13345_7682.jpg,plastic debris,plastic_other,0.478,21.8652595,-160.1583629,0.51,0.47,0.237,0.57,0.38,1.90,1인,S291
2_665_13345_7682_11842,niihau_2_665_13345_7682.jpg,Net,net,0.475,21.8652627,-160.1583568,0.58,0.57,0.327,5.89,2.45,14.73,1인,S291
2_665_13345_7682_11843,niihau_2_665_13345_7682.jpg,plastic debris,plastic_other,0.462,21.8652722,-160.1583077,0.40,0.40,0.161,0.39,0.26,1.28,1인,S291
2_665_13345_7682_11844,niihau_2_665_13345_7682.jpg,plastic debris,plastic_other,0.459,21.8652723,-160.1583218,0.41,0.41,0.168,0.40,0.27,1.34,1인,S291
2_665_13345_7682_11845,niihau_2_665_13345_7682.jpg,plastic debris,plastic_other,0.459,21.8652658,-160.1583395,0.50,0.48,0.240,0.58,0.38,1.92,1인,S291
2_665_13345_7682_11846,niihau_2_665_13345_7682.jpg,plastic debris,plastic_other,0.456,21.8652705,-160.1582467,0.75,0.66,0.491,1.18,0.78,3.92,1인,S292
2_665_13345_7682_11847,niihau_2_665_13345_7682.jpg,plastic debris,plastic_other,0.419,21.8652072,-160.1582863,0.51,0.47,0.235,0.56,0.38,1.88,1인,S292
2_665_13345_7682_11848,niihau_2_665_13345_7682.jpg,plastic debris,plastic_other,0.415,21.8652686,-160.1583390,0.34,0.34,0.113,0.27,0.18,0.90,1인,S291
2_665_13345_7682_11849,niihau_2_665_13345_7682.jpg,plastic debris,plastic_other,0.390,21.8651935,-160.1582851,0.38,0.38,0.142,0.34,0.23,1.14,1인,S292
2_665_13345_7682_11850,niihau_2_665_13345_7682.jpg,plastic debris,plastic_other,0.388,21.8652283,-160.1583203,0.46,0.39,0.180,0.43,0.29,1.44,1인,S292
2_665_13345_7682_11851,niihau_2_665_13345_7682.jpg,plastic debris,plastic_other,0.355,21.8651922,-160.1583447,0.46,0.44,0.203,0.49,0.32,1.62,1인,S292
2_665_13345_7682_11852,niihau_2_665_13345_7682.jpg,plastic debris,plastic_other,0.355,21.8652074,-160.1583033,0.45,0.44,0.196,0.47,0.31,1.57,1인,S292
2_665_13345_7682_11853,niihau_2_665_13345_7682.jpg,plastic debris,plastic_other,0.333,21.8652052,-160.1582894,0.49,0.45,0.220,0.53,0.35,1.76,1인,S292
2_665_13345_7682_11854,niihau_2_665_13345_7682.jpg,plastic debris,plastic_other,0.306,21.8652423,-160.1582893,0.56,0.48,0.269,0.64,0.43,2.15,1인,S292
2_665_13390_7274_11874,niihau_2_665_13390_7274.jpg,Plastic_ETC,plastic_other,0.854,21.8653439,-160.1582515,0.69,0.67,0.463,1.11,0.74,3.70,1인,S291
2_665_13390_7274_11875,niihau_2_665_13390_7274.jpg,Styrofoam_Piece,eps_fragment,0.787,21.8653503,-160.1582382,0.70,0.69,0.484,0.29,0.19,0.97,1인,S291
2_665_13390_7274_11876,niihau_2_665_13390_7274.jpg,Plastic_ETC,plastic_other,0.761,21.8652614,-160.1583529,0.86,0.73,0.628,1.51,1.01,5.03,1인,S291
2_665_13390_7274_11877,niihau_2_665_13390_7274.jpg,Plastic_ETC,plastic_other,0.736,21.8653145,-160.1582908,0.73,0.72,0.527,1.27,0.84,4.22,1인,S291
2_665_13390_7274_11878,niihau_2_665_13390_7274.jpg,Plastic_ETC,plastic_other,0.720,21.8652709,-160.1582524,0.71,0.71,0.503,1.21,0.80,4.02,1인,S292
2_665_13390_7274_11879,niihau_2_665_13390_7274.jpg,Net,net,0.710,21.8653059,-160.1582668,0.54,0.52,0.279,5.02,2.09,12.55,1인,S291
2_665_13390_7274_11880,niihau_2_665_13390_7274.jpg,PET_Bottle,pet_bottle,0.709,21.8653071,-160.1582946,0.90,0.81,0.727,1.44,1.20,2.40,1인,S291
2_665_13390_7274_11881,niihau_2_665_13390_7274.jpg,plastic debris,plastic_other,0.700,21.8653600,-160.1582939,0.47,0.45,0.209,0.50,0.33,1.67,1인,S291
2_665_13390_7274_11882,niihau_2_665_13390_7274.jpg,plastic debris,plastic_other,0.676,21.8653321,-160.1583376,0.58,0.55,0.318,0.76,0.51,2.54,1인,S291
2_665_13390_7274_11883,niihau_2_665_13390_7274.jpg,Styrofoam_Piece,eps_fragment,0.672,21.8652577,-160.1582478,0.54,0.53,0.287,0.17,0.11,0.57,1인,S292
2_665_13390_7274_11884,niihau_2_665_13390_7274.jpg,plastic debris,plastic_other,0.667,21.8653571,-160.1582646,0.49,0.43,0.214,0.51,0.34,1.71,1인,S291
2_665_13390_7274_11885,niihau_2_665_13390_7274.jpg,Styrofoam_Piece,eps_fragment,0.644,21.8653167,-160.1582399,0.58,0.56,0.325,0.19,0.13,0.65,1인,S292
2_665_13390_7274_11886,niihau_2_665_13390_7274.jpg,plastic debris,plastic_other,0.635,21.8652733,-160.1583437,0.64,0.62,0.402,0.96,0.64,3.21,1인,S291
2_665_13390_7274_11887,niihau_2_665_13390_7274.jpg,plastic debris,plastic_other,0.617,21.8653230,-160.1583541,0.49,0.49,0.239,0.57,0.38,1.91,1인,S291
2_665_13390_7274_11888,niihau_2_665_13390_7274.jpg,PET_Bottle,pet_bottle,0.611,21.8652846,-160.1582550,0.50,0.48,0.238,0.47,0.39,0.78,1인,S292
2_665_13390_7274_11889,niihau_2_665_13390_7274.jpg,PET_Bottle,pet_bottle,0.575,21.8652694,-160.1582669,0.69,0.67,0.463,0.92,0.76,1.53,1인,S292
2_665_13390_7274_11890,niihau_2_665_13390_7274.jpg,plastic debris,plastic_other,0.565,21.8652996,-160.1582449,0.59,0.56,0.331,0.79,0.53,2.65,1인,S292
2_665_13390_7274_11891,niihau_2_665_13390_7274.jpg,plastic debris,plastic_other,0.515,21.8652599,-160.1583237,0.79,0.72,0.567,1.36,0.91,4.53,1인,S292
2_665_13390_7274_11892,niihau_2_665_13390_7274.jpg,plastic debris,plastic_other,0.515,21.8652706,-160.1582466,0.77,0.73,0.566,1.36,0.91,4.53,1인,S292
2_665_13390_7274_11893,niihau_2_665_13390_7274.jpg,plastic debris,plastic_other,0.515,21.8652828,-160.1583183,0.48,0.45,0.219,0.53,0.35,1.75,1인,S291
2_665_13390_7274_11894,niihau_2_665_13390_7274.jpg,plastic debris,plastic_other,0.461,21.8652658,-160.1583397,0.47,0.46,0.221,0.53,0.35,1.77,1인,S291
2_665_13390_7274_11895,niihau_2_665_13390_7274.jpg,PET_Bottle,pet_bottle,0.457,21.8653609,-160.1583218,0.74,0.63,0.468,0.93,0.77,1.55,1인,S291
2_665_13390_7274_11896,niihau_2_665_13390_7274.jpg,plastic debris,plastic_other,0.444,21.8652722,-160.1583213,0.50,0.47,0.234,0.56,0.37,1.87,1인,S291
2_665_13390_7274_11897,niihau_2_665_13390_7274.jpg,plastic debris,plastic_other,0.438,21.8653462,-160.1582628,0.45,0.43,0.194,0.47,0.31,1.56,1인,S291
2_665_13390_7274_11898,niihau_2_665_13390_7274.jpg,plastic debris,plastic_other,0.435,21.8652702,-160.1583506,1.06,1.01,1.068,2.56,1.71,8.54,1인,S291
2_665_13390_7274_11899,niihau_2_665_13390_7274.jpg,plastic debris,plastic_other,0.431,21.8652954,-160.1582916,0.46,0.38,0.173,0.41,0.28,1.38,1인,S291
2_665_13390_7274_11900,niihau_2_665_13390_7274.jpg,plastic debris,plastic_other,0.420,21.8652603,-160.1583179,0.62,0.56,0.346,0.83,0.55,2.77,1인,S292
2_665_13390_7274_11901,niihau_2_665_13390_7274.jpg,plastic debris,plastic_other,0.413,21.8653318,-160.1582416,0.54,0.51,0.277,0.66,0.44,2.21,1인,S291
2_665_13390_7274_11902,niihau_2_665_13390_7274.jpg,plastic debris,plastic_other,0.403,21.8653027,-160.1583534,0.79,0.69,0.551,1.32,0.88,4.41,1인,S291
2_665_13390_7274_11903,niihau_2_665_13390_7274.jpg,PET_Bottle,pet_bottle,0.393,21.8653287,-160.1582817,0.60,0.52,0.313,0.62,0.52,1.03,1인,S291
2_665_13390_7274_11904,niihau_2_665_13390_7274.jpg,plastic debris,plastic_other,0.386,21.8653267,-160.1582607,0.36,0.31,0.111,0.27,0.18,0.89,1인,S291
2_665_13390_7274_11905,niihau_2_665_13390_7274.jpg,PET_Bottle,pet_bottle,0.367,21.8652712,-160.1582644,0.58,0.50,0.291,0.58,0.48,0.96,1인,S292
2_665_13390_7274_11906,niihau_2_665_13390_7274.jpg,plastic debris,plastic_other,0.354,21.8653307,-160.1582864,0.35,0.34,0.118,0.28,0.19,0.94,1인,S291
2_665_13390_7274_11907,niihau_2_665_13390_7274.jpg,plastic debris,plastic_other,0.318,21.8652686,-160.1583390,0.35,0.33,0.118,0.28,0.19,0.94,1인,S291
2_665_13390_7274_11908,niihau_2_665_13390_7274.jpg,plastic debris,plastic_other,0.317,21.8652655,-160.1583176,0.31,0.29,0.091,0.22,0.15,0.73,1인,S292
2_665_13390_7274_11909,niihau_2_665_13390_7274.jpg,plastic debris,plastic_other,0.312,21.8653094,-160.1582839,0.60,0.57,0.345,0.83,0.55,2.76,1인,S291
2_665_13466_6806_11928,niihau_2_665_13466_6806.jpg,Plastic_ETC,plastic_other,0.867,21.8653440,-160.1582514,0.67,0.65,0.435,1.05,0.70,3.48,1인,S291
2_665_13466_6806_11929,niihau_2_665_13466_6806.jpg,Styrofoam_Piece,eps_fragment,0.828,21.8653503,-160.1582383,0.68,0.66,0.450,0.27,0.18,0.90,1인,S291
2_665_13466_6806_11930,niihau_2_665_13466_6806.jpg,Plastic_ETC,plastic_other,0.797,21.8653470,-160.1582209,0.65,0.49,0.315,0.76,0.50,2.52,1인,S292
2_665_13466_6806_11931,niihau_2_665_13466_6806.jpg,Plastic_ETC,plastic_other,0.754,21.8654447,-160.1582593,0.70,0.69,0.486,1.17,0.78,3.89,1인,S291
2_665_13466_6806_11932,niihau_2_665_13466_6806.jpg,Plastic_ETC,plastic_other,0.722,21.8654076,-160.1582774,0.64,0.64,0.408,0.98,0.65,3.26,1인,S291
2_665_13466_6806_11933,niihau_2_665_13466_6806.jpg,Styrofoam_Piece,eps_fragment,0.709,21.8653611,-160.1582248,0.57,0.56,0.316,0.19,0.13,0.63,1인,S291
2_665_13466_6806_11934,niihau_2_665_13466_6806.jpg,Plastic_ETC,plastic_other,0.696,21.8654155,-160.1582254,0.72,0.69,0.499,1.20,0.80,3.99,1인,S291
2_665_13466_6806_11935,niihau_2_665_13466_6806.jpg,Plastic_ETC,plastic_other,0.688,21.8654388,-160.1582518,0.83,0.81,0.668,1.60,1.07,5.34,1인,S291
2_665_13466_6806_11936,niihau_2_665_13466_6806.jpg,PET_Bottle,pet_bottle,0.682,21.8653600,-160.1582938,0.53,0.48,0.251,0.50,0.41,0.83,1인,S291
2_665_13466_6806_11937,niihau_2_665_13466_6806.jpg,Plastic_ETC,plastic_other,0.676,21.8654008,-160.1583178,0.78,0.72,0.564,1.35,0.90,4.51,1인,S291
2_665_13466_6806_11938,niihau_2_665_13466_6806.jpg,plastic debris,plastic_other,0.641,21.8653570,-160.1582645,0.48,0.47,0.225,0.54,0.36,1.80,1인,S291
2_665_13466_6806_11939,niihau_2_665_13466_6806.jpg,Plastic_Buoy_China,plastic_buoy,0.634,21.8654031,-160.1583040,0.71,0.70,0.490,8.83,4.41,11.77,1인,S291
2_665_13466_6806_11940,niihau_2_665_13466_6806.jpg,plastic debris,plastic_other,0.622,21.8654181,-160.1583353,0.48,0.44,0.211,0.51,0.34,1.69,1인,S291
2_665_13466_6806_11941,niihau_2_665_13466_6806.jpg,plastic debris,plastic_other,0.575,21.8653927,-160.1582280,0.74,0.67,0.495,1.19,0.79,3.96,1인,S291
2_665_13466_6806_11942,niihau_2_665_13466_6806.jpg,plastic debris,plastic_other,0.413,21.8653708,-160.1582611,0.50,0.41,0.201,0.48,0.32,1.61,1인,S291
2_665_13466_6806_11943,niihau_2_665_13466_6806.jpg,plastic debris,plastic_other,0.379,21.8653912,-160.1582801,1.71,1.60,2.733,6.56,4.37,21.86,1인,S291
2_665_13466_6806_11944,niihau_2_665_13466_6806.jpg,plastic debris,plastic_other,0.347,21.8653375,-160.1582206,0.39,0.34,0.133,0.32,0.21,1.06,1인,S292
2_665_13466_6806_11945,niihau_2_665_13466_6806.jpg,plastic debris,plastic_other,0.323,21.8653464,-160.1582628,0.46,0.42,0.192,0.46,0.31,1.54,1인,S291
2_665_13466_6806_11946,niihau_2_665_13466_6806.jpg,plastic debris,plastic_other,0.307,21.8654391,-160.1582832,0.50,0.48,0.241,0.58,0.39,1.93,1인,S291
2_665_13712_7136_11967,niihau_2_665_13712_7136.jpg,Styrofoam_Piece,eps_fragment,0.847,21.8653503,-160.1582385,0.71,0.69,0.491,0.29,0.20,0.98,1인,S291
2_665_13712_7136_11968,niihau_2_665_13712_7136.jpg,Plastic_ETC,plastic_other,0.847,21.8653469,-160.1582201,0.68,0.67,0.460,1.10,0.74,3.68,1인,S292
2_665_13712_7136_11969,niihau_2_665_13712_7136.jpg,Plastic_ETC,plastic_other,0.843,21.8653440,-160.1582515,0.68,0.68,0.461,1.11,0.74,3.69,1인,S291
2_665_13712_7136_11970,niihau_2_665_13712_7136.jpg,Plastic_ETC,plastic_other,0.772,21.8653357,-160.1581877,1.16,1.07,1.245,2.99,1.99,9.96,1인,S292
2_665_13712_7136_11971,niihau_2_665_13712_7136.jpg,Plastic_ETC,plastic_other,0.762,21.8653705,-160.1582103,0.96,0.83,0.801,1.92,1.28,6.41,1인,S292
2_665_13712_7136_11972,niihau_2_665_13712_7136.jpg,Styrofoam_Piece,eps_fragment,0.753,21.8653610,-160.1582248,0.61,0.58,0.355,0.21,0.14,0.71,1인,S291
2_665_13712_7136_11973,niihau_2_665_13712_7136.jpg,Plastic_Buoy,plastic_buoy,0.742,21.8652982,-160.1582055,0.67,0.65,0.432,7.77,3.88,10.36,1인,S292
2_665_13712_7136_11974,niihau_2_665_13712_7136.jpg,Plastic_ETC,plastic_other,0.734,21.8653147,-160.1582908,0.78,0.76,0.590,1.42,0.94,4.72,1인,S291
2_665_13712_7136_11975,niihau_2_665_13712_7136.jpg,PET_Bottle,pet_bottle,0.683,21.8652845,-160.1582550,0.51,0.48,0.244,0.48,0.40,0.80,1인,S292
2_665_13712_7136_11976,niihau_2_665_13712_7136.jpg,plastic debris,plastic_other,0.681,21.8653570,-160.1582646,0.53,0.49,0.260,0.62,0.42,2.08,1인,S291
2_665_13712_7136_11977,niihau_2_665_13712_7136.jpg,plastic debris,plastic_other,0.679,21.8653684,-160.1581973,0.44,0.40,0.177,0.42,0.28,1.42,1인,S292
2_665_13712_7136_11978,niihau_2_665_13712_7136.jpg,Net,net,0.662,21.8653058,-160.1582667,0.56,0.54,0.304,5.47,2.28,13.69,1인,S291
2_665_13712_7136_11979,niihau_2_665_13712_7136.jpg,Styrofoam_Piece,eps_fragment,0.661,21.8653167,-160.1582399,0.61,0.60,0.364,0.22,0.15,0.73,1인,S292
2_665_13712_7136_11980,niihau_2_665_13712_7136.jpg,Plastic_ETC,plastic_other,0.659,21.8653867,-160.1581736,0.75,0.48,0.364,0.87,0.58,2.91,1인,S293
2_665_13712_7136_11981,niihau_2_665_13712_7136.jpg,PET_Bottle,pet_bottle,0.603,21.8653699,-160.1581878,0.44,0.40,0.175,0.35,0.29,0.58,1인,S292
2_665_13712_7136_11982,niihau_2_665_13712_7136.jpg,plastic debris,plastic_other,0.599,21.8653720,-160.1581761,0.54,0.52,0.280,0.67,0.45,2.24,1인,S292
2_665_13712_7136_11983,niihau_2_665_13712_7136.jpg,plastic debris,plastic_other,0.598,21.8653782,-160.1581951,0.50,0.48,0.242,0.58,0.39,1.94,1인,S292
2_665_13712_7136_11984,niihau_2_665_13712_7136.jpg,plastic debris,plastic_other,0.554,21.8653629,-160.1581974,0.42,0.40,0.166,0.40,0.27,1.33,1인,S292
2_665_13712_7136_11985,niihau_2_665_13712_7136.jpg,Styrofoam_Piece,eps_fragment,0.554,21.8653076,-160.1582925,0.64,0.41,0.264,0.16,0.11,0.53,1인,S291
2_665_13712_7136_11986,niihau_2_665_13712_7136.jpg,plastic debris,plastic_other,0.549,21.8653374,-160.1582207,0.41,0.39,0.163,0.39,0.26,1.30,1인,S292
2_665_13712_7136_11987,niihau_2_665_13712_7136.jpg,plastic debris,plastic_other,0.545,21.8652996,-160.1582447,0.64,0.63,0.400,0.96,0.64,3.20,1인,S292
2_665_13712_7136_11988,niihau_2_665_13712_7136.jpg,plastic debris,plastic_other,0.517,21.8653080,-160.1581724,0.46,0.36,0.165,0.40,0.26,1.32,1인,S292
2_665_13712_7136_11989,niihau_2_665_13712_7136.jpg,plastic debris,plastic_other,0.514,21.8653364,-160.1582134,0.47,0.44,0.205,0.49,0.33,1.64,1인,S292
2_665_13712_7136_11990,niihau_2_665_13712_7136.jpg,plastic debris,plastic_other,0.503,21.8653307,-160.1582864,0.40,0.39,0.155,0.37,0.25,1.24,1인,S291
2_665_13712_7136_11991,niihau_2_665_13712_7136.jpg,plastic debris,plastic_other,0.495,21.8653095,-160.1582839,0.58,0.54,0.315,0.76,0.50,2.52,1인,S291
2_665_13712_7136_11992,niihau_2_665_13712_7136.jpg,plastic debris,plastic_other,0.492,21.8653733,-160.1582157,0.66,0.60,0.392,0.94,0.63,3.14,1인,S291
2_665_13712_7136_11993,niihau_2_665_13712_7136.jpg,PET_Bottle,pet_bottle,0.475,21.8653599,-160.1582932,0.42,0.35,0.147,0.29,0.24,0.49,1인,S291
2_665_13712_7136_11994,niihau_2_665_13712_7136.jpg,plastic debris,plastic_other,0.474,21.8653708,-160.1582613,0.45,0.39,0.176,0.42,0.28,1.41,1인,S291
2_665_13712_7136_11995,niihau_2_665_13712_7136.jpg,plastic debris,plastic_other,0.453,21.8653597,-160.1581827,0.37,0.34,0.123,0.30,0.20,0.99,1인,S292
2_665_13712_7136_11996,niihau_2_665_13712_7136.jpg,plastic debris,plastic_other,0.443,21.8653267,-160.1582607,0.36,0.35,0.126,0.30,0.20,1.00,1인,S291
2_665_13712_7136_11997,niihau_2_665_13712_7136.jpg,plastic debris,plastic_other,0.413,21.8652954,-160.1582915,0.44,0.39,0.169,0.41,0.27,1.35,1인,S291
2_665_13712_7136_11998,niihau_2_665_13712_7136.jpg,plastic debris,plastic_other,0.388,21.8653548,-160.1582340,0.39,0.33,0.129,0.31,0.21,1.03,1인,S291
2_665_13712_7136_11999,niihau_2_665_13712_7136.jpg,plastic debris,plastic_other,0.309,21.8653318,-160.1582418,0.47,0.46,0.219,0.53,0.35,1.75,1인,S291
2_665_13712_7136_12000,niihau_2_665_13712_7136.jpg,plastic debris,plastic_other,0.303,21.8653462,-160.1582627,0.44,0.42,0.184,0.44,0.30,1.48,1인,S291
2_665_14330_6495_12016,niihau_2_665_14330_6495.jpg,Plastic_Buoy,plastic_buoy,0.838,21.8654261,-160.1581258,0.71,0.71,0.504,9.07,4.54,12.10,1인,S293
2_665_14330_6495_12017,niihau_2_665_14330_6495.jpg,Styrofoam_Piece,eps_fragment,0.801,21.8654882,-160.1581450,0.68,0.67,0.455,0.27,0.18,0.91,1인,S293
2_665_14330_6495_12018,niihau_2_665_14330_6495.jpg,Plastic_ETC,plastic_other,0.778,21.8654709,-160.1581508,0.77,0.70,0.541,1.30,0.87,4.33,1인,S293
2_665_14330_6495_12019,niihau_2_665_14330_6495.jpg,Plastic_ETC,plastic_other,0.760,21.8654465,-160.1581023,1.29,1.12,1.450,3.48,2.32,11.60,1인,S293
2_665_14330_6495_12020,niihau_2_665_14330_6495.jpg,plastic debris,plastic_other,0.732,21.8654989,-160.1581357,0.60,0.59,0.356,0.85,0.57,2.85,1인,S293
2_665_14330_6495_12021,niihau_2_665_14330_6495.jpg,Plastic_ETC,plastic_other,0.710,21.8655025,-160.1581035,0.76,0.74,0.567,1.36,0.91,4.54,1인,S293
2_665_14330_6495_12022,niihau_2_665_14330_6495.jpg,PET_Bottle,pet_bottle,0.694,21.8654663,-160.1581427,0.66,0.59,0.385,0.76,0.64,1.27,1인,S293
2_665_14330_6495_12023,niihau_2_665_14330_6495.jpg,PET_Bottle,pet_bottle,0.666,21.8654432,-160.1581580,0.61,0.58,0.352,0.70,0.58,1.16,1인,S293
2_665_14330_6495_12024,niihau_2_665_14330_6495.jpg,plastic debris,plastic_other,0.663,21.8654858,-160.1580940,0.81,0.79,0.638,1.53,1.02,5.10,1인,S293
2_665_14330_6495_12025,niihau_2_665_14330_6495.jpg,Net,net,0.663,21.8654998,-160.1580584,0.71,0.67,0.478,8.61,3.59,21.53,1인,S293
2_665_14330_6495_12026,niihau_2_665_14330_6495.jpg,Styrofoam_Piece,eps_fragment,0.661,21.8654490,-160.1581143,1.30,1.13,1.473,0.88,0.59,2.95,1인,S293
2_665_14330_6495_12027,niihau_2_665_14330_6495.jpg,Net,net,0.647,21.8654408,-160.1580927,0.66,0.65,0.433,7.79,3.25,19.49,1인,S293
2_665_14330_6495_12028,niihau_2_665_14330_6495.jpg,plastic debris,plastic_other,0.635,21.8655008,-160.1581629,0.55,0.54,0.294,0.70,0.47,2.35,1인,S293
2_665_14330_6495_12029,niihau_2_665_14330_6495.jpg,plastic debris,plastic_other,0.632,21.8654692,-160.1581016,0.71,0.69,0.489,1.17,0.78,3.91,1인,S293
2_665_14330_6495_12030,niihau_2_665_14330_6495.jpg,plastic debris,plastic_other,0.619,21.8654782,-160.1581490,0.65,0.65,0.421,1.01,0.67,3.37,1인,S293
2_665_14330_6495_12031,niihau_2_665_14330_6495.jpg,Plastic_ETC,plastic_other,0.604,21.8654784,-160.1580770,0.80,0.76,0.612,1.47,0.98,4.89,1인,S293
2_665_14330_6495_12032,niihau_2_665_14330_6495.jpg,plastic debris,plastic_other,0.581,21.8654842,-160.1580571,0.42,0.41,0.171,0.41,0.27,1.37,1인,S293
2_665_14330_6495_12033,niihau_2_665_14330_6495.jpg,plastic debris,plastic_other,0.573,21.8654448,-160.1581397,1.89,1.59,3.012,7.23,4.82,24.09,2인,S293
2_665_14330_6495_12034,niihau_2_665_14330_6495.jpg,plastic debris,plastic_other,0.563,21.8655033,-160.1581160,0.52,0.47,0.245,0.59,0.39,1.96,1인,S293
2_665_14330_6495_12035,niihau_2_665_14330_6495.jpg,plastic debris,plastic_other,0.553,21.8654664,-160.1581130,0.56,0.55,0.312,0.75,0.50,2.49,1인,S293
2_665_14330_6495_12036,niihau_2_665_14330_6495.jpg,plastic debris,plastic_other,0.552,21.8654730,-160.1581562,0.44,0.43,0.192,0.46,0.31,1.54,1인,S293
2_665_14330_6495_12037,niihau_2_665_14330_6495.jpg,plastic debris,plastic_other,0.522,21.8654369,-160.1580937,0.81,0.78,0.639,1.53,1.02,5.11,1인,S293
2_665_14330_6495_12038,niihau_2_665_14330_6495.jpg,plastic debris,plastic_other,0.519,21.8654675,-160.1581192,0.48,0.48,0.230,0.55,0.37,1.84,1인,S293
2_665_14330_6495_12039,niihau_2_665_14330_6495.jpg,plastic debris,plastic_other,0.519,21.8654114,-160.1581297,0.53,0.50,0.267,0.64,0.43,2.13,1인,S293
2_665_14330_6495_12040,niihau_2_665_14330_6495.jpg,plastic debris,plastic_other,0.509,21.8654395,-160.1581140,0.53,0.46,0.246,0.59,0.39,1.97,1인,S293
2_665_14330_6495_12041,niihau_2_665_14330_6495.jpg,PET_Bottle,pet_bottle,0.493,21.8654911,-160.1581139,0.68,0.61,0.417,0.83,0.69,1.38,1인,S293
2_665_14330_6495_12042,niihau_2_665_14330_6495.jpg,PET_Bottle,pet_bottle,0.458,21.8654274,-160.1581741,0.61,0.37,0.224,0.44,0.37,0.74,1인,S293
2_665_14330_6495_12043,niihau_2_665_14330_6495.jpg,plastic debris,plastic_other,0.455,21.8654358,-160.1581320,0.50,0.48,0.241,0.58,0.39,1.93,1인,S293
2_665_14330_6495_12044,niihau_2_665_14330_6495.jpg,plastic debris,plastic_other,0.451,21.8654686,-160.1580858,0.48,0.47,0.229,0.55,0.37,1.83,1인,S293
2_665_14330_6495_12045,niihau_2_665_14330_6495.jpg,plastic debris,plastic_other,0.447,21.8654161,-160.1580912,0.66,0.58,0.384,0.92,0.61,3.07,1인,S293
2_665_14330_6495_12046,niihau_2_665_14330_6495.jpg,plastic debris,plastic_other,0.425,21.8654213,-160.1581721,0.49,0.46,0.224,0.54,0.36,1.79,1인,S293
2_665_14330_6495_12047,niihau_2_665_14330_6495.jpg,plastic debris,plastic_other,0.408,21.8655055,-160.1580878,0.73,0.27,0.195,0.47,0.31,1.56,1인,S293
2_665_14330_6495_12048,niihau_2_665_14330_6495.jpg,plastic debris,plastic_other,0.392,21.8654826,-160.1580680,0.42,0.38,0.160,0.38,0.26,1.28,1인,S293
2_665_14330_6495_12049,niihau_2_665_14330_6495.jpg,plastic debris,plastic_other,0.373,21.8654680,-160.1580957,0.58,0.58,0.339,0.81,0.54,2.71,1인,S293
2_665_14330_6495_12050,niihau_2_665_14330_6495.jpg,plastic debris,plastic_other,0.368,21.8654609,-160.1580727,0.51,0.46,0.234,0.56,0.37,1.87,1인,S293
2_665_14330_6495_12051,niihau_2_665_14330_6495.jpg,plastic debris,plastic_other,0.324,21.8654193,-160.1581094,1.23,1.11,1.374,3.30,2.20,10.99,1인,S293
2_665_14437_6146_12069,niihau_2_665_14437_6146.jpg,Plastic_ETC,plastic_other,0.834,21.8655580,-160.1581179,0.72,0.71,0.510,1.22,0.82,4.08,1인,S293
2_665_14437_6146_12070,niihau_2_665_14437_6146.jpg,Styrofoam_Piece,eps_fragment,0.827,21.8655446,-160.1580547,0.65,0.65,0.423,0.25,0.17,0.85,1인,S293
2_665_14437_6146_12071,niihau_2_665_14437_6146.jpg,Plastic_ETC,plastic_other,0.814,21.8655556,-160.1581316,1.48,1.45,2.142,5.14,3.43,17.14,1인,S293
2_665_14437_6146_12072,niihau_2_665_14437_6146.jpg,Plastic_ETC,plastic_other,0.807,21.8655113,-160.1580478,0.71,0.70,0.503,1.21,0.81,4.03,1인,S293
2_665_14437_6146_12073,niihau_2_665_14437_6146.jpg,Styrofoam_Piece,eps_fragment,0.784,21.8654881,-160.1581450,0.64,0.63,0.403,0.24,0.16,0.81,1인,S293
2_665_14437_6146_12074,niihau_2_665_14437_6146.jpg,Plastic_ETC,plastic_other,0.763,21.8654709,-160.1581507,0.79,0.73,0.571,1.37,0.91,4.57,1인,S293
2_665_14437_6146_12075,niihau_2_665_14437_6146.jpg,Plastic_ETC,plastic_other,0.752,21.8655271,-160.1581091,0.86,0.82,0.707,1.70,1.13,5.66,1인,S293
2_665_14437_6146_12076,niihau_2_665_14437_6146.jpg,Styrofoam_Piece,eps_fragment,0.751,21.8655512,-160.1581206,0.71,0.63,0.445,0.27,0.18,0.89,1인,S293
2_665_14437_6146_12077,niihau_2_665_14437_6146.jpg,plastic debris,plastic_other,0.743,21.8654692,-160.1581015,0.67,0.66,0.445,1.07,0.71,3.56,1인,S293
2_665_14437_6146_12078,niihau_2_665_14437_6146.jpg,plastic debris,plastic_other,0.741,21.8655153,-160.1580759,0.56,0.56,0.316,0.76,0.51,2.53,1인,S293
2_665_14437_6146_12079,niihau_2_665_14437_6146.jpg,Plastic_Buoy_China,plastic_buoy,0.728,21.8655356,-160.1580508,0.70,0.69,0.487,8.76,4.38,11.68,1인,S293
2_665_14437_6146_12080,niihau_2_665_14437_6146.jpg,PET_Bottle,pet_bottle,0.722,21.8655267,-160.1580672,0.69,0.64,0.442,0.87,0.73,1.46,1인,S293
2_665_14437_6146_12081,niihau_2_665_14437_6146.jpg,Plastic_ETC,plastic_other,0.710,21.8655024,-160.1581035,0.78,0.72,0.563,1.35,0.90,4.50,1인,S293
2_665_14437_6146_12082,niihau_2_665_14437_6146.jpg,Plastic_Buoy_China,plastic_buoy,0.680,21.8655073,-160.1580877,0.75,0.70,0.524,9.44,4.72,12.59,1인,S293
2_665_14437_6146_12083,niihau_2_665_14437_6146.jpg,Plastic_Buoy_China,plastic_buoy,0.676,21.8654858,-160.1580941,0.75,0.75,0.567,10.21,5.11,13.62,1인,S293
2_665_14437_6146_12084,niihau_2_665_14437_6146.jpg,PET_Bottle,pet_bottle,0.674,21.8654662,-160.1581427,0.66,0.63,0.414,0.82,0.68,1.37,1인,S293
2_665_14437_6146_12085,niihau_2_665_14437_6146.jpg,plastic debris,plastic_other,0.669,21.8654988,-160.1581357,0.60,0.60,0.358,0.86,0.57,2.86,1인,S293
2_665_14437_6146_12086,niihau_2_665_14437_6146.jpg,Net,net,0.629,21.8655000,-160.1580584,0.66,0.65,0.434,7.82,3.26,19.54,1인,S293
2_665_14437_6146_12087,niihau_2_665_14437_6146.jpg,Plastic_ETC,plastic_other,0.626,21.8654786,-160.1580769,0.80,0.75,0.603,1.45,0.97,4.83,1인,S293
2_665_14437_6146_12088,niihau_2_665_14437_6146.jpg,plastic debris,plastic_other,0.602,21.8654842,-160.1580570,0.42,0.40,0.168,0.40,0.27,1.34,1인,S293
2_665_14437_6146_12089,niihau_2_665_14437_6146.jpg,plastic debris,plastic_other,0.596,21.8655535,-160.1580662,0.51,0.46,0.232,0.56,0.37,1.86,1인,S293
2_665_14437_6146_12090,niihau_2_665_14437_6146.jpg,plastic debris,plastic_other,0.569,21.8654664,-160.1581130,0.61,0.58,0.354,0.85,0.57,2.83,1인,S293
2_665_14437_6146_12091,niihau_2_665_14437_6146.jpg,plastic debris,plastic_other,0.536,21.8654675,-160.1581194,0.52,0.50,0.258,0.62,0.41,2.06,1인,S293
2_665_14437_6146_12092,niihau_2_665_14437_6146.jpg,plastic debris,plastic_other,0.509,21.8654685,-160.1580859,0.47,0.43,0.200,0.48,0.32,1.60,1인,S293
2_665_14437_6146_12093,niihau_2_665_14437_6146.jpg,plastic debris,plastic_other,0.509,21.8654780,-160.1581490,0.65,0.61,0.397,0.95,0.64,3.18,1인,S293
2_665_14437_6146_12094,niihau_2_665_14437_6146.jpg,plastic debris,plastic_other,0.506,21.8655434,-160.1580972,0.64,0.60,0.383,0.92,0.61,3.06,1인,S293
2_665_14437_6146_12095,niihau_2_665_14437_6146.jpg,plastic debris,plastic_other,0.504,21.8655488,-160.1580866,0.49,0.48,0.231,0.56,0.37,1.85,1인,S293
2_665_14437_6146_12096,niihau_2_665_14437_6146.jpg,PET_Bottle,pet_bottle,0.500,21.8655033,-160.1581159,0.57,0.50,0.281,0.56,0.46,0.93,1인,S293
2_665_14437_6146_12097,niihau_2_665_14437_6146.jpg,plastic debris,plastic_other,0.486,21.8655498,-160.1580742,0.43,0.41,0.174,0.42,0.28,1.40,1인,S293
2_665_14437_6146_12098,niihau_2_665_14437_6146.jpg,plastic debris,plastic_other,0.457,21.8655370,-160.1580818,0.40,0.39,0.154,0.37,0.25,1.23,1인,S293
2_665_14437_6146_12099,niihau_2_665_14437_6146.jpg,plastic debris,plastic_other,0.420,21.8655006,-160.1580402,0.50,0.49,0.247,0.59,0.39,1.97,1인,S293
2_665_14437_6146_12100,niihau_2_665_14437_6146.jpg,plastic debris,plastic_other,0.414,21.8654963,-160.1580356,0.35,0.35,0.123,0.30,0.20,0.99,1인,S293
2_665_14437_6146_12101,niihau_2_665_14437_6146.jpg,PET_Bottle,pet_bottle,0.414,21.8654910,-160.1581137,0.61,0.58,0.353,0.70,0.58,1.17,1인,S293
2_665_14437_6146_12102,niihau_2_665_14437_6146.jpg,plastic debris,plastic_other,0.403,21.8654824,-160.1580678,0.47,0.42,0.198,0.48,0.32,1.58,1인,S293
2_665_14437_6146_12103,niihau_2_665_14437_6146.jpg,plastic debris,plastic_other,0.400,21.8655337,-160.1581491,1.01,0.96,0.969,2.33,1.55,7.75,1인,S293
2_665_14437_6146_12104,niihau_2_665_14437_6146.jpg,plastic debris,plastic_other,0.375,21.8655630,-160.1580453,0.74,0.66,0.486,1.17,0.78,3.89,1인,S293
2_665_14437_6146_12105,niihau_2_665_14437_6146.jpg,plastic debris,plastic_other,0.351,21.8654681,-160.1580957,0.60,0.57,0.343,0.82,0.55,2.75,1인,S293
2_665_14437_6146_12106,niihau_2_665_14437_6146.jpg,plastic debris,plastic_other,0.347,21.8655651,-160.1581252,0.67,0.66,0.442,1.06,0.71,3.54,1인,S293
2_665_14437_6146_12107,niihau_2_665_14437_6146.jpg,plastic debris,plastic_other,0.332,21.8655559,-160.1581493,0.55,0.51,0.280,0.67,0.45,2.24,1인,S293
2_665_14596_3915_12122,niihau_2_665_14596_3915.jpg,Plastic_ETC,plastic_other,0.686,21.8659153,-160.1580661,1.10,1.07,1.178,2.83,1.88,9.42,1인,S294
2_665_14790_6258_12125,niihau_2_665_14790_6258.jpg,Plastic_ETC,plastic_other,0.814,21.8655113,-160.1580478,0.74,0.72,0.530,1.27,0.85,4.24,1인,S293
2_665_14790_6258_12126,niihau_2_665_14790_6258.jpg,Plastic_ETC,plastic_other,0.810,21.8655445,-160.1580547,0.69,0.68,0.463,1.11,0.74,3.70,1인,S293
2_665_14790_6258_12127,niihau_2_665_14790_6258.jpg,Styrofoam_Piece,eps_fragment,0.757,21.8654987,-160.1579979,0.59,0.56,0.328,0.20,0.13,0.66,1인,S293
2_665_14790_6258_12128,niihau_2_665_14790_6258.jpg,Plastic_ETC,plastic_other,0.746,21.8655233,-160.1580287,0.71,0.69,0.490,1.18,0.78,3.92,1인,S293
2_665_14790_6258_12129,niihau_2_665_14790_6258.jpg,Styrofoam_Piece,eps_fragment,0.739,21.8655153,-160.1580758,0.58,0.57,0.331,0.20,0.13,0.66,1인,S293
2_665_14790_6258_12130,niihau_2_665_14790_6258.jpg,Plastic_Buoy_China,plastic_buoy,0.715,21.8655356,-160.1580508,0.74,0.71,0.529,9.53,4.77,12.71,1인,S293
2_665_14790_6258_12131,niihau_2_665_14790_6258.jpg,PET_Bottle,pet_bottle,0.678,21.8655267,-160.1580671,0.71,0.67,0.476,0.94,0.79,1.57,1인,S293
2_665_14790_6258_12132,niihau_2_665_14790_6258.jpg,plastic debris,plastic_other,0.673,21.8655000,-160.1580585,0.70,0.68,0.475,1.14,0.76,3.80,1인,S293
2_665_14790_6258_12133,niihau_2_665_14790_6258.jpg,Plastic_ETC,plastic_other,0.638,21.8654787,-160.1580771,0.79,0.74,0.582,1.40,0.93,4.65,1인,S293
2_665_14790_6258_12134,niihau_2_665_14790_6258.jpg,plastic debris,plastic_other,0.606,21.8655418,-160.1579927,0.62,0.61,0.381,0.91,0.61,3.05,1인,S293
2_665_14790_6258_12135,niihau_2_665_14790_6258.jpg,plastic debris,plastic_other,0.578,21.8655222,-160.1580170,0.42,0.41,0.170,0.41,0.27,1.36,1인,S293
2_665_14790_6258_12136,niihau_2_665_14790_6258.jpg,plastic debris,plastic_other,0.556,21.8654842,-160.1580570,0.44,0.42,0.186,0.45,0.30,1.49,1인,S293
2_665_14790_6258_12137,niihau_2_665_14790_6258.jpg,plastic debris,plastic_other,0.514,21.8655028,-160.1580304,0.38,0.36,0.136,0.33,0.22,1.09,1인,S293
2_665_14790_6258_12138,niihau_2_665_14790_6258.jpg,plastic debris,plastic_other,0.497,21.8655224,-160.1579947,0.59,0.58,0.342,0.82,0.55,2.74,1인,S293
2_665_14790_6258_12139,niihau_2_665_14790_6258.jpg,plastic debris,plastic_other,0.432,21.8655303,-160.1579800,0.55,0.53,0.295,0.71,0.47,2.36,1인,S293
2_665_14790_6258_12140,niihau_2_665_14790_6258.jpg,plastic debris,plastic_other,0.366,21.8654686,-160.1580855,0.43,0.34,0.147,0.35,0.24,1.18,1인,S293
2_665_14790_6258_12141,niihau_2_665_14790_6258.jpg,plastic debris,plastic_other,0.359,21.8655439,-160.1580023,0.58,0.53,0.308,0.74,0.49,2.47,1인,S293
2_665_14790_6258_12142,niihau_2_665_14790_6258.jpg,plastic debris,plastic_other,0.341,21.8655370,-160.1580818,0.39,0.38,0.147,0.35,0.24,1.18,1인,S293
2_665_14790_6258_12143,niihau_2_665_14790_6258.jpg,plastic debris,plastic_other,0.318,21.8655003,-160.1580404,0.45,0.42,0.189,0.45,0.30,1.51,1인,S293
2_665_14790_6258_12144,niihau_2_665_14790_6258.jpg,plastic debris,plastic_other,0.315,21.8655072,-160.1580858,0.71,0.35,0.244,0.59,0.39,1.95,1인,S293
2_665_14790_6258_12145,niihau_2_665_14790_6258.jpg,plastic debris,plastic_other,0.313,21.8654610,-160.1580730,0.49,0.48,0.235,0.56,0.38,1.88,1인,S293
2_665_14790_6258_12146,niihau_2_665_14790_6258.jpg,plastic debris,plastic_other,0.310,21.8654964,-160.1580356,0.35,0.33,0.116,0.28,0.18,0.92,1인,S293
2_665_2518_16591_12162,niihau_2_665_2518_16591.jpg,Plastic_ETC,plastic_other,0.836,21.8636089,-160.1603852,0.88,0.85,0.745,1.79,1.19,5.96,1인,S295
2_665_2518_16591_12163,niihau_2_665_2518_16591.jpg,Plastic_ETC,plastic_other,0.822,21.8636000,-160.1603873,0.77,0.77,0.593,1.42,0.95,4.74,1인,S295
2_665_2518_16591_12164,niihau_2_665_2518_16591.jpg,Plastic_ETC,plastic_other,0.781,21.8635668,-160.1603381,0.76,0.74,0.563,1.35,0.90,4.50,1인,S295
2_665_2518_16591_12165,niihau_2_665_2518_16591.jpg,plastic debris,plastic_other,0.754,21.8636282,-160.1603661,0.71,0.71,0.509,1.22,0.81,4.07,1인,S295
2_665_2518_16591_12166,niihau_2_665_2518_16591.jpg,Styrofoam_Piece,eps_fragment,0.753,21.8636053,-160.1603670,0.75,0.70,0.520,0.31,0.21,1.04,1인,S295
2_665_2518_16591_12167,niihau_2_665_2518_16591.jpg,plastic debris,plastic_other,0.714,21.8636238,-160.1604284,0.71,0.71,0.503,1.21,0.80,4.02,1인,S295
2_665_2518_16591_12168,niihau_2_665_2518_16591.jpg,Plastic_ETC,plastic_other,0.708,21.8636562,-160.1604133,0.75,0.72,0.545,1.31,0.87,4.36,1인,S295
2_665_2518_16591_12169,niihau_2_665_2518_16591.jpg,plastic debris,plastic_other,0.692,21.8635755,-160.1603386,0.57,0.56,0.319,0.76,0.51,2.55,1인,S295
2_665_2518_16591_12170,niihau_2_665_2518_16591.jpg,Net,net,0.649,21.8636118,-160.1603693,0.64,0.61,0.391,7.03,2.93,17.57,1인,S295
2_665_2518_16591_12171,niihau_2_665_2518_16591.jpg,plastic debris,plastic_other,0.638,21.8636425,-160.1603354,0.78,0.76,0.591,1.42,0.94,4.72,1인,S295
2_665_2518_16591_12172,niihau_2_665_2518_16591.jpg,plastic debris,plastic_other,0.633,21.8636244,-160.1603733,0.62,0.61,0.379,0.91,0.61,3.03,1인,S295
2_665_2518_16591_12173,niihau_2_665_2518_16591.jpg,Plastic_ETC,plastic_other,0.616,21.8636208,-160.1603617,0.63,0.61,0.385,0.92,0.62,3.08,1인,S295
2_665_2518_16591_12174,niihau_2_665_2518_16591.jpg,plastic debris,plastic_other,0.595,21.8636302,-160.1604165,0.54,0.54,0.289,0.69,0.46,2.31,1인,S295
2_665_2518_16591_12175,niihau_2_665_2518_16591.jpg,plastic debris,plastic_other,0.593,21.8636430,-160.1604215,0.61,0.60,0.371,0.89,0.59,2.96,1인,S295
2_665_2518_16591_12176,niihau_2_665_2518_16591.jpg,plastic debris,plastic_other,0.575,21.8635923,-160.1603875,0.53,0.50,0.262,0.63,0.42,2.09,1인,S295
2_665_2518_16591_12177,niihau_2_665_2518_16591.jpg,plastic debris,plastic_other,0.570,21.8635827,-160.1603443,0.74,0.71,0.522,1.25,0.84,4.18,1인,S295
2_665_2518_16591_12178,niihau_2_665_2518_16591.jpg,plastic debris,plastic_other,0.510,21.8635801,-160.1603526,1.26,1.04,1.309,3.14,2.09,10.47,1인,S295
2_665_2518_16591_12179,niihau_2_665_2518_16591.jpg,plastic debris,plastic_other,0.506,21.8636564,-160.1603312,0.71,0.69,0.489,1.17,0.78,3.91,1인,S295
2_665_2518_16591_12180,niihau_2_665_2518_16591.jpg,plastic debris,plastic_other,0.484,21.8636073,-160.1603991,1.07,0.94,1.006,2.41,1.61,8.05,1인,S295
2_665_2518_16591_12181,niihau_2_665_2518_16591.jpg,plastic debris,plastic_other,0.427,21.8635559,-160.1603249,0.46,0.38,0.175,0.42,0.28,1.40,1인,S295
2_665_2518_16591_12182,niihau_2_665_2518_16591.jpg,plastic debris,plastic_other,0.416,21.8635760,-160.1604015,0.52,0.49,0.252,0.61,0.40,2.02,1인,S295
2_665_2518_16591_12183,niihau_2_665_2518_16591.jpg,plastic debris,plastic_other,0.373,21.8636348,-160.1603884,0.79,0.62,0.493,1.18,0.79,3.95,1인,S295
2_665_2518_16591_12184,niihau_2_665_2518_16591.jpg,plastic debris,plastic_other,0.363,21.8636024,-160.1604114,0.59,0.58,0.343,0.82,0.55,2.74,1인,S295
2_665_2518_16591_12185,niihau_2_665_2518_16591.jpg,Net,net,0.335,21.8636050,-160.1603812,0.58,0.57,0.331,5.95,2.48,14.88,1인,S295
2_665_2518_16591_12186,niihau_2_665_2518_16591.jpg,plastic debris,plastic_other,0.326,21.8636101,-160.1604287,0.56,0.48,0.268,0.64,0.43,2.14,1인,S295
2_665_2518_16591_12187,niihau_2_665_2518_16591.jpg,plastic debris,plastic_other,0.304,21.8636081,-160.1604102,0.77,0.74,0.569,1.36,0.91,4.55,1인,S295
2_665_2793_17025_12198,niihau_2_665_2793_17025.jpg,plastic debris,plastic_other,0.782,21.8635755,-160.1603387,0.57,0.56,0.319,0.76,0.51,2.55,1인,S295
2_665_2793_17025_12199,niihau_2_665_2793_17025.jpg,Plastic_ETC,plastic_other,0.770,21.8635667,-160.1603380,0.78,0.76,0.597,1.43,0.95,4.77,1인,S295
2_665_2793_17025_12200,niihau_2_665_2793_17025.jpg,Styrofoam_Piece,eps_fragment,0.765,21.8635734,-160.1602885,0.70,0.69,0.483,0.29,0.19,0.97,1인,S295
2_665_2793_17025_12201,niihau_2_665_2793_17025.jpg,Plastic_ETC,plastic_other,0.735,21.8634881,-160.1603042,1.08,0.96,1.031,2.48,1.65,8.25,1인,S295
2_665_2793_17025_12202,niihau_2_665_2793_17025.jpg,Plastic_Buoy,plastic_buoy,0.735,21.8634812,-160.1603047,0.65,0.65,0.422,7.60,3.80,10.14,1인,S295
2_665_2793_17025_12203,niihau_2_665_2793_17025.jpg,Plastic_ETC,plastic_other,0.720,21.8635859,-160.1603208,0.74,0.59,0.433,1.04,0.69,3.47,1인,S295
2_665_2793_17025_12204,niihau_2_665_2793_17025.jpg,Plastic_Buoy_China,plastic_buoy,0.698,21.8634905,-160.1602830,0.80,0.79,0.627,11.29,5.64,15.05,1인,S295
2_665_2793_17025_12205,niihau_2_665_2793_17025.jpg,Plastic_Buoy_China,plastic_buoy,0.558,21.8635383,-160.1602791,0.61,0.59,0.360,6.48,3.24,8.64,1인,S295
2_665_2793_17025_12206,niihau_2_665_2793_17025.jpg,plastic debris,plastic_other,0.551,21.8634999,-160.1602968,1.60,1.27,2.034,4.88,3.25,16.27,1인,S295
2_665_2793_17025_12207,niihau_2_665_2793_17025.jpg,plastic debris,plastic_other,0.549,21.8635797,-160.1603525,1.29,1.11,1.439,3.45,2.30,11.51,1인,S295
2_665_2793_17025_12208,niihau_2_665_2793_17025.jpg,Styrofoam_Piece,eps_fragment,0.548,21.8635303,-160.1602729,0.77,0.66,0.513,0.31,0.21,1.03,1인,S295
2_665_2793_17025_12209,niihau_2_665_2793_17025.jpg,PET_Bottle,pet_bottle,0.512,21.8635665,-160.1602714,0.87,0.30,0.259,0.51,0.43,0.85,1인,S295
2_665_2793_17025_12210,niihau_2_665_2793_17025.jpg,plastic debris,plastic_other,0.467,21.8635841,-160.1603008,0.59,0.57,0.336,0.81,0.54,2.69,1인,S295
2_665_2793_17025_12211,niihau_2_665_2793_17025.jpg,plastic debris,plastic_other,0.467,21.8635471,-160.1602980,0.42,0.41,0.173,0.41,0.28,1.38,1인,S295
2_665_2793_17025_12212,niihau_2_665_2793_17025.jpg,plastic debris,plastic_other,0.424,21.8635830,-160.1603442,0.74,0.70,0.515,1.24,0.82,4.12,1인,S295
2_665_2793_17025_12213,niihau_2_665_2793_17025.jpg,PET_Bottle,pet_bottle,0.419,21.8635041,-160.1603208,0.78,0.69,0.540,1.07,0.89,1.78,1인,S295
2_665_2793_17025_12214,niihau_2_665_2793_17025.jpg,plastic debris,plastic_other,0.355,21.8635558,-160.1603249,0.45,0.42,0.190,0.46,0.30,1.52,1인,S295
2_665_2793_17025_12215,niihau_2_665_2793_17025.jpg,plastic debris,plastic_other,0.331,21.8635321,-160.1602896,0.72,0.70,0.504,1.21,0.81,4.03,1인,S295
2_665_2793_17025_12216,niihau_2_665_2793_17025.jpg,plastic debris,plastic_other,0.318,21.8635267,-160.1603519,0.56,0.53,0.295,0.71,0.47,2.36,1인,S295
2_665_2793_17025_12217,niihau_2_665_2793_17025.jpg,plastic debris,plastic_other,0.308,21.8634848,-160.1602990,0.69,0.66,0.455,1.09,0.73,3.64,1인,S295
2_665_3119_15180_12236,niihau_2_665_3119_15180.jpg,Plastic_ETC,plastic_other,0.819,21.8638175,-160.1602823,0.69,0.68,0.467,1.12,0.75,3.74,1인,S296
2_665_3119_15180_12237,niihau_2_665_3119_15180.jpg,Plastic_ETC,plastic_other,0.793,21.8638645,-160.1602712,0.72,0.70,0.500,1.20,0.80,4.00,1인,S296
2_665_3119_15180_12238,niihau_2_665_3119_15180.jpg,Plastic_ETC,plastic_other,0.776,21.8638341,-160.1602727,0.90,0.84,0.761,1.83,1.22,6.09,1인,S296
2_665_3119_15180_12239,niihau_2_665_3119_15180.jpg,PET_Bottle,pet_bottle,0.704,21.8639192,-160.1602628,0.61,0.61,0.370,0.73,0.61,1.22,1인,S296
2_665_3119_15180_12240,niihau_2_665_3119_15180.jpg,plastic debris,plastic_other,0.659,21.8638312,-160.1602460,0.59,0.59,0.346,0.83,0.55,2.77,1인,S296
2_665_3119_15180_12241,niihau_2_665_3119_15180.jpg,Plastic_ETC,plastic_other,0.600,21.8638117,-160.1602149,0.81,0.77,0.621,1.49,0.99,4.97,1인,S296
2_665_3119_15180_12242,niihau_2_665_3119_15180.jpg,plastic debris,plastic_other,0.576,21.8638848,-160.1602112,0.59,0.38,0.224,0.54,0.36,1.79,1인,S296
2_665_3119_15180_12243,niihau_2_665_3119_15180.jpg,Styrofoam_Piece,eps_fragment,0.492,21.8638082,-160.1602567,0.65,0.33,0.214,0.13,0.09,0.43,1인,S296
2_665_3119_15180_12244,niihau_2_665_3119_15180.jpg,plastic debris,plastic_other,0.448,21.8638765,-160.1602492,0.50,0.49,0.249,0.60,0.40,1.99,1인,S296
2_665_3119_15180_12245,niihau_2_665_3119_15180.jpg,Plastic_ETC,plastic_other,0.431,21.8638088,-160.1602644,0.79,0.46,0.365,0.88,0.58,2.92,1인,S296
2_665_3119_15180_12246,niihau_2_665_3119_15180.jpg,plastic debris,plastic_other,0.413,21.8638075,-160.1603286,0.59,0.28,0.168,0.40,0.27,1.34,1인,S296
2_665_3119_15180_12247,niihau_2_665_3119_15180.jpg,plastic debris,plastic_other,0.357,21.8638341,-160.1602151,0.71,0.67,0.472,1.13,0.76,3.78,1인,S296
2_665_3119_15180_12248,niihau_2_665_3119_15180.jpg,plastic debris,plastic_other,0.329,21.8638220,-160.1602988,0.45,0.39,0.174,0.42,0.28,1.39,1인,S296
2_665_3130_16839_12256,niihau_2_665_3130_16839.jpg,Styrofoam_Buoy,eps_buoy,0.844,21.8635643,-160.1602665,1.41,1.39,1.952,17.08,7.32,19.52,1인,S295
2_665_3130_16839_12257,niihau_2_665_3130_16839.jpg,Plastic_ETC,plastic_other,0.837,21.8635120,-160.1602451,0.78,0.76,0.588,1.41,0.94,4.71,1인,S295
2_665_3130_16839_12258,niihau_2_665_3130_16839.jpg,Plastic_ETC,plastic_other,0.835,21.8635735,-160.1602884,0.66,0.64,0.421,1.01,0.67,3.37,1인,S295
2_665_3130_16839_12259,niihau_2_665_3130_16839.jpg,PET_Bottle,pet_bottle,0.788,21.8635607,-160.1602283,0.77,0.75,0.577,1.14,0.95,1.90,1인,S295
2_665_3130_16839_12260,niihau_2_665_3130_16839.jpg,Plastic_ETC,plastic_other,0.757,21.8635869,-160.1603208,0.80,0.76,0.610,1.46,0.98,4.88,1인,S295
2_665_3130_16839_12261,niihau_2_665_3130_16839.jpg,Plastic_Buoy_China,plastic_buoy,0.751,21.8635237,-160.1602610,0.72,0.71,0.508,9.14,4.57,12.18,1인,S295
2_665_3130_16839_12262,niihau_2_665_3130_16839.jpg,Net,net,0.749,21.8635907,-160.1602540,0.67,0.62,0.415,7.46,3.11,18.66,1인,S295
2_665_3130_16839_12263,niihau_2_665_3130_16839.jpg,plastic debris,plastic_other,0.693,21.8635188,-160.1602573,0.66,0.66,0.433,1.04,0.69,3.46,1인,S295
2_665_3130_16839_12264,niihau_2_665_3130_16839.jpg,Styrofoam_Piece,eps_fragment,0.675,21.8635817,-160.1602513,0.68,0.66,0.447,0.27,0.18,0.89,1인,S295
2_665_3130_16839_12265,niihau_2_665_3130_16839.jpg,Styrofoam_Piece,eps_fragment,0.635,21.8635396,-160.1602413,0.78,0.74,0.577,0.35,0.23,1.15,1인,S295
2_665_3130_16839_12266,niihau_2_665_3130_16839.jpg,Styrofoam_Piece,eps_fragment,0.612,21.8635527,-160.1602156,0.75,0.73,0.546,0.33,0.22,1.09,1인,S295
2_665_3130_16839_12267,niihau_2_665_3130_16839.jpg,Styrofoam_Piece,eps_fragment,0.589,21.8635926,-160.1603191,0.74,0.73,0.537,0.32,0.21,1.07,1인,S295
2_665_3130_16839_12268,niihau_2_665_3130_16839.jpg,Styrofoam_Piece,eps_fragment,0.586,21.8635302,-160.1602723,0.77,0.75,0.575,0.34,0.23,1.15,1인,S295
2_665_3130_16839_12269,niihau_2_665_3130_16839.jpg,Styrofoam_Piece,eps_fragment,0.559,21.8635123,-160.1602611,0.57,0.52,0.292,0.18,0.12,0.58,1인,S295
2_665_3130_16839_12270,niihau_2_665_3130_16839.jpg,plastic debris,plastic_other,0.502,21.8635721,-160.1603196,0.62,0.55,0.342,0.82,0.55,2.74,1인,S295
2_665_3130_16839_12271,niihau_2_665_3130_16839.jpg,plastic debris,plastic_other,0.498,21.8635288,-160.1602618,0.55,0.54,0.296,0.71,0.47,2.37,1인,S295
2_665_3130_16839_12272,niihau_2_665_3130_16839.jpg,plastic debris,plastic_other,0.494,21.8635383,-160.1602790,0.61,0.61,0.374,0.90,0.60,2.99,1인,S295
2_665_3130_16839_12273,niihau_2_665_3130_16839.jpg,Plastic_Buoy_China,plastic_buoy,0.462,21.8636101,-160.1602593,0.62,0.61,0.376,6.76,3.38,9.01,1인,S295
2_665_3130_16839_12274,niihau_2_665_3130_16839.jpg,plastic debris,plastic_other,0.379,21.8635470,-160.1602980,0.45,0.42,0.190,0.46,0.30,1.52,1인,S295
2_665_3130_16839_12275,niihau_2_665_3130_16839.jpg,plastic debris,plastic_other,0.362,21.8635152,-160.1602498,0.48,0.43,0.209,0.50,0.33,1.67,1인,S295
2_665_3130_16839_12276,niihau_2_665_3130_16839.jpg,plastic debris,plastic_other,0.348,21.8635558,-160.1603248,0.41,0.36,0.148,0.35,0.24,1.18,1인,S295
2_665_3130_16839_12277,niihau_2_665_3130_16839.jpg,plastic debris,plastic_other,0.342,21.8635114,-160.1602638,0.59,0.57,0.339,0.81,0.54,2.71,1인,S295
2_665_3130_16839_12278,niihau_2_665_3130_16839.jpg,plastic debris,plastic_other,0.318,21.8635574,-160.1602141,0.68,0.61,0.415,0.99,0.66,3.32,1인,S295
2_665_3163_14856_12295,niihau_2_665_3163_14856.jpg,plastic debris,plastic_other,0.597,21.8639235,-160.1602633,0.55,0.50,0.277,0.66,0.44,2.21,1인,S296
2_665_3163_14856_12296,niihau_2_665_3163_14856.jpg,PET_Bottle,pet_bottle,0.560,21.8639192,-160.1602629,0.59,0.57,0.334,0.66,0.55,1.10,1인,S296
2_665_3163_14856_12297,niihau_2_665_3163_14856.jpg,plastic debris,plastic_other,0.554,21.8638766,-160.1602492,0.48,0.46,0.217,0.52,0.35,1.74,1인,S296
2_665_3163_14856_12298,niihau_2_665_3163_14856.jpg,plastic debris,plastic_other,0.547,21.8638847,-160.1602104,0.46,0.46,0.208,0.50,0.33,1.67,1인,S296
2_665_3163_14856_12299,niihau_2_665_3163_14856.jpg,PET_Bottle,pet_bottle,0.375,21.8638663,-160.1602715,0.66,0.24,0.161,0.32,0.26,0.53,1인,S296
2_665_3163_14856_12300,niihau_2_665_3163_14856.jpg,plastic debris,plastic_other,0.318,21.8639306,-160.1602407,0.50,0.48,0.240,0.58,0.38,1.92,1인,S296
2_665_3752_16328_12304,niihau_2_665_3752_16328.jpg,Plastic_Buoy,plastic_buoy,0.832,21.8636995,-160.1602039,0.81,0.78,0.630,11.34,5.67,15.11,1인,S295
2_665_3752_16328_12305,niihau_2_665_3752_16328.jpg,Plastic_ETC,plastic_other,0.775,21.8636474,-160.1601581,0.88,0.88,0.777,1.87,1.24,6.22,1인,S295
2_665_3752_16328_12306,niihau_2_665_3752_16328.jpg,Plastic_ETC,plastic_other,0.758,21.8637082,-160.1601481,0.85,0.77,0.654,1.57,1.05,5.23,1인,S297
2_665_3752_16328_12307,niihau_2_665_3752_16328.jpg,PET_Bottle,pet_bottle,0.728,21.8636650,-160.1601864,0.60,0.56,0.335,0.66,0.55,1.11,1인,S295
2_665_3752_16328_12308,niihau_2_665_3752_16328.jpg,plastic debris,plastic_other,0.715,21.8636585,-160.1601475,2.26,2.05,4.628,11.11,7.40,37.02,2인,S295
2_665_3752_16328_12309,niihau_2_665_3752_16328.jpg,Plastic_ETC,plastic_other,0.664,21.8636788,-160.1600926,0.79,0.75,0.597,1.43,0.95,4.77,1인,S297
2_665_3752_16328_12310,niihau_2_665_3752_16328.jpg,plastic debris,plastic_other,0.630,21.8636417,-160.1600941,0.54,0.51,0.277,0.67,0.44,2.22,1인,S295
2_665_3752_16328_12311,niihau_2_665_3752_16328.jpg,plastic debris,plastic_other,0.539,21.8636907,-160.1601664,0.63,0.57,0.359,0.86,0.57,2.87,1인,S295
2_665_3752_16328_12312,niihau_2_665_3752_16328.jpg,Plastic_ETC,plastic_other,0.480,21.8636487,-160.1601009,0.96,0.89,0.856,2.05,1.37,6.85,1인,S295
2_665_3752_16328_12313,niihau_2_665_3752_16328.jpg,PET_Bottle,pet_bottle,0.460,21.8637133,-160.1602041,0.82,0.46,0.373,0.74,0.62,1.23,1인,S295
2_665_3752_16328_12314,niihau_2_665_3752_16328.jpg,plastic debris,plastic_other,0.421,21.8636247,-160.1601445,0.46,0.45,0.209,0.50,0.33,1.67,1인,S295
2_665_3752_16328_12315,niihau_2_665_3752_16328.jpg,PET_Bottle,pet_bottle,0.398,21.8637147,-160.1601292,0.65,0.25,0.164,0.33,0.27,0.54,1인,S297
2_665_3752_16328_12316,niihau_2_665_3752_16328.jpg,plastic debris,plastic_other,0.392,21.8636694,-160.1601390,0.40,0.40,0.161,0.39,0.26,1.29,1인,S295
2_665_3752_16328_12317,niihau_2_665_3752_16328.jpg,plastic debris,plastic_other,0.374,21.8636507,-160.1601776,0.71,0.64,0.453,1.09,0.72,3.62,1인,S295
2_665_3752_16328_12318,niihau_2_665_3752_16328.jpg,plastic debris,plastic_other,0.314,21.8636426,-160.1601373,0.46,0.44,0.199,0.48,0.32,1.59,1인,S295
2_665_3752_16328_12319,niihau_2_665_3752_16328.jpg,plastic debris,plastic_other,0.307,21.8636025,-160.1601453,0.75,0.52,0.387,0.93,0.62,3.09,1인,S295
2_665_375_20009_12329,niihau_2_665_375_20009.jpg,Plastic_Buoy,plastic_buoy,0.843,21.8630240,-160.1608115,0.83,0.78,0.647,11.64,5.82,15.52,1인,S298
2_665_375_20009_12330,niihau_2_665_375_20009.jpg,Plastic_Buoy,plastic_buoy,0.821,21.8630111,-160.1607959,0.61,0.60,0.366,6.59,3.29,8.78,1인,S298
2_665_375_20009_12331,niihau_2_665_375_20009.jpg,Styrofoam_Piece,eps_fragment,0.739,21.8629716,-160.1608153,0.61,0.56,0.341,0.20,0.14,0.68,1인,S298
2_665_375_20009_12332,niihau_2_665_375_20009.jpg,plastic debris,plastic_other,0.725,21.8629655,-160.1608427,0.67,0.66,0.443,1.06,0.71,3.54,1인,S298
2_665_375_20009_12333,niihau_2_665_375_20009.jpg,plastic debris,plastic_other,0.711,21.8630158,-160.1607435,0.59,0.58,0.343,0.82,0.55,2.75,1인,S298
2_665_375_20009_12334,niihau_2_665_375_20009.jpg,plastic debris,plastic_other,0.709,21.8629829,-160.1608230,0.65,0.63,0.413,0.99,0.66,3.30,1인,S298
2_665_375_20009_12335,niihau_2_665_375_20009.jpg,Plastic_Buoy,plastic_buoy,0.703,21.8630328,-160.1607586,0.58,0.55,0.321,5.77,2.89,7.70,1인,S298
2_665_375_20009_12336,niihau_2_665_375_20009.jpg,plastic debris,plastic_other,0.685,21.8629729,-160.1607967,0.67,0.67,0.451,1.08,0.72,3.60,1인,S298
2_665_375_20009_12337,niihau_2_665_375_20009.jpg,Styrofoam_Buoy,eps_buoy,0.680,21.8630430,-160.1607576,1.03,0.76,0.780,6.83,2.93,7.80,1인,S298
2_665_375_20009_12338,niihau_2_665_375_20009.jpg,PET_Bottle,pet_bottle,0.651,21.8630221,-160.1608391,0.69,0.68,0.465,0.92,0.77,1.53,1인,S298
2_665_375_20009_12339,niihau_2_665_375_20009.jpg,Styrofoam_Piece,eps_fragment,0.639,21.8630431,-160.1607360,0.73,0.47,0.339,0.20,0.14,0.68,1인,S298
2_665_375_20009_12340,niihau_2_665_375_20009.jpg,plastic debris,plastic_other,0.592,21.8629798,-160.1608118,0.54,0.52,0.283,0.68,0.45,2.27,1인,S298
2_665_375_20009_12341,niihau_2_665_375_20009.jpg,Styrofoam_Piece,eps_fragment,0.582,21.8630400,-160.1607950,0.71,0.68,0.482,0.29,0.19,0.96,1인,S298
2_665_375_20009_12342,niihau_2_665_375_20009.jpg,plastic debris,plastic_other,0.567,21.8630169,-160.1607891,0.52,0.51,0.267,0.64,0.43,2.14,1인,S298
2_665_375_20009_12343,niihau_2_665_375_20009.jpg,plastic debris,plastic_other,0.514,21.8629880,-160.1607948,1.69,1.43,2.413,5.79,3.86,19.30,1인,S298
2_665_375_20009_12344,niihau_2_665_375_20009.jpg,Plastic_ETC,plastic_other,0.510,21.8630367,-160.1607922,0.70,0.70,0.486,1.17,0.78,3.89,1인,S298
2_665_375_20009_12345,niihau_2_665_375_20009.jpg,PET_Bottle,pet_bottle,0.506,21.8630025,-160.1607746,0.71,0.62,0.438,0.87,0.72,1.44,1인,S298
2_665_375_20009_12346,niihau_2_665_375_20009.jpg,Styrofoam_Piece,eps_fragment,0.480,21.8629564,-160.1607604,0.54,0.51,0.273,0.16,0.11,0.55,1인,S298
2_665_375_20009_12347,niihau_2_665_375_20009.jpg,Plastic_Buoy_China,plastic_buoy,0.478,21.8630440,-160.1607849,0.70,0.48,0.337,6.07,3.04,8.09,1인,S298
2_665_375_20009_12348,niihau_2_665_375_20009.jpg,plastic debris,plastic_other,0.451,21.8629850,-160.1608032,0.71,0.70,0.499,1.20,0.80,3.99,1인,S298
2_665_375_20009_12349,niihau_2_665_375_20009.jpg,plastic debris,plastic_other,0.432,21.8629971,-160.1607707,0.47,0.47,0.223,0.53,0.36,1.78,1인,S298
2_665_375_20009_12350,niihau_2_665_375_20009.jpg,plastic debris,plastic_other,0.430,21.8629951,-160.1608066,0.64,0.63,0.407,0.98,0.65,3.25,1인,S298
2_665_375_20009_12351,niihau_2_665_375_20009.jpg,plastic debris,plastic_other,0.382,21.8630118,-160.1608063,0.41,0.40,0.164,0.39,0.26,1.31,1인,S298
2_665_375_20009_12352,niihau_2_665_375_20009.jpg,plastic debris,plastic_other,0.360,21.8629369,-160.1608436,0.47,0.47,0.221,0.53,0.35,1.77,1인,S298
2_665_375_20009_12353,niihau_2_665_375_20009.jpg,plastic debris,plastic_other,0.360,21.8630028,-160.1607536,0.48,0.47,0.222,0.53,0.35,1.77,1인,S298
2_665_375_20009_12354,niihau_2_665_375_20009.jpg,plastic debris,plastic_other,0.333,21.8630415,-160.1608141,0.52,0.46,0.243,0.58,0.39,1.94,1인,S298
2_665_375_20009_12355,niihau_2_665_375_20009.jpg,plastic debris,plastic_other,0.332,21.8630005,-160.1607582,0.40,0.39,0.155,0.37,0.25,1.24,1인,S298
2_665_3865_13213_12368,niihau_2_665_3865_13213.jpg,Plastic_ETC,plastic_other,0.826,21.8641692,-160.1601614,0.78,0.76,0.592,1.42,0.95,4.73,1인,S299
2_665_3865_13213_12369,niihau_2_665_3865_13213.jpg,plastic debris,plastic_other,0.790,21.8642394,-160.1600735,0.71,0.70,0.498,1.20,0.80,3.98,1인,S299
2_665_3865_13213_12370,niihau_2_665_3865_13213.jpg,Plastic_ETC,plastic_other,0.744,21.8641713,-160.1601667,0.62,0.61,0.383,0.92,0.61,3.07,1인,S299
2_665_3865_13213_12371,niihau_2_665_3865_13213.jpg,Plastic_Buoy,plastic_buoy,0.738,21.8642261,-160.1601175,0.80,0.79,0.630,11.35,5.67,15.13,1인,S299
2_665_3865_13213_12372,niihau_2_665_3865_13213.jpg,Plastic_ETC,plastic_other,0.695,21.8642558,-160.1601127,0.70,0.67,0.471,1.13,0.75,3.77,1인,S299
2_665_3865_13213_12373,niihau_2_665_3865_13213.jpg,plastic debris,plastic_other,0.653,21.8642148,-160.1601235,0.54,0.52,0.279,0.67,0.45,2.23,1인,S299
2_665_3865_13213_12374,niihau_2_665_3865_13213.jpg,PET_Bottle,pet_bottle,0.638,21.8641751,-160.1600786,0.60,0.58,0.345,0.68,0.57,1.14,1인,S299
2_665_3865_13213_12375,niihau_2_665_3865_13213.jpg,Plastic_Buoy_China,plastic_buoy,0.637,21.8641871,-160.1601309,0.70,0.67,0.471,8.48,4.24,11.31,1인,S299
2_665_3865_13213_12376,niihau_2_665_3865_13213.jpg,Styrofoam_Piece,eps_fragment,0.623,21.8642133,-160.1601525,0.65,0.64,0.417,0.25,0.17,0.83,1인,S299
2_665_3865_13213_12377,niihau_2_665_3865_13213.jpg,plastic debris,plastic_other,0.619,21.8641735,-160.1601127,0.58,0.57,0.332,0.80,0.53,2.66,1인,S299
2_665_3865_13213_12378,niihau_2_665_3865_13213.jpg,plastic debris,plastic_other,0.575,21.8642293,-160.1601239,0.46,0.40,0.185,0.44,0.30,1.48,1인,S299
2_665_3865_13213_12379,niihau_2_665_3865_13213.jpg,plastic debris,plastic_other,0.575,21.8641935,-160.1600852,0.54,0.51,0.278,0.67,0.44,2.22,1인,S299
2_665_3865_13213_12380,niihau_2_665_3865_13213.jpg,Net,net,0.567,21.8642164,-160.1601100,0.63,0.61,0.382,6.87,2.86,17.18,1인,S299
2_665_3865_13213_12381,niihau_2_665_3865_13213.jpg,plastic debris,plastic_other,0.545,21.8641965,-160.1601279,0.55,0.55,0.303,0.73,0.49,2.43,1인,S299
2_665_3865_13213_12382,niihau_2_665_3865_13213.jpg,plastic debris,plastic_other,0.522,21.8641986,-160.1601052,0.45,0.43,0.195,0.47,0.31,1.56,1인,S299
2_665_3865_13213_12383,niihau_2_665_3865_13213.jpg,plastic debris,plastic_other,0.516,21.8642212,-160.1601300,0.59,0.57,0.340,0.82,0.54,2.72,1인,S299
2_665_3865_13213_12384,niihau_2_665_3865_13213.jpg,plastic debris,plastic_other,0.330,21.8642410,-160.1600947,0.82,0.80,0.656,1.58,1.05,5.25,1인,S299
2_665_3865_13213_12385,niihau_2_665_3865_13213.jpg,PET_Bottle,pet_bottle,0.321,21.8642058,-160.1600690,0.67,0.29,0.196,0.39,0.32,0.65,1인,S299
2_665_4199_13220_12392,niihau_2_665_4199_13220.jpg,Plastic_Buoy,plastic_buoy,0.811,21.8642261,-160.1601175,0.74,0.72,0.530,9.54,4.77,12.73,1인,S299
2_665_4199_13220_12393,niihau_2_665_4199_13220.jpg,Styrofoam_Piece,eps_fragment,0.764,21.8642352,-160.1600151,0.69,0.68,0.468,0.28,0.19,0.94,1인,S299
2_665_4199_13220_12394,niihau_2_665_4199_13220.jpg,Plastic_ETC,plastic_other,0.757,21.8642396,-160.1600519,0.61,0.59,0.363,0.87,0.58,2.91,1인,S299
2_665_4199_13220_12395,niihau_2_665_4199_13220.jpg,Plastic_Buoy_China,plastic_buoy,0.744,21.8642394,-160.1600732,0.62,0.60,0.370,6.65,3.33,8.87,1인,S299
2_665_4199_13220_12396,niihau_2_665_4199_13220.jpg,Plastic_ETC,plastic_other,0.741,21.8642558,-160.1601127,0.65,0.60,0.387,0.93,0.62,3.10,1인,S299
2_665_4199_13220_12397,niihau_2_665_4199_13220.jpg,Plastic_ETC,plastic_other,0.740,21.8642061,-160.1600664,0.63,0.61,0.388,0.93,0.62,3.10,1인,S299
2_665_4199_13220_12398,niihau_2_665_4199_13220.jpg,plastic debris,plastic_other,0.692,21.8642341,-160.1600450,0.47,0.45,0.215,0.52,0.34,1.72,1인,S299
2_665_4199_13220_12399,niihau_2_665_4199_13220.jpg,Plastic_Buoy_China,plastic_buoy,0.669,21.8642404,-160.1600175,0.56,0.52,0.292,5.25,2.63,7.00,1인,S299
2_665_4199_13220_12400,niihau_2_665_4199_13220.jpg,plastic debris,plastic_other,0.626,21.8642399,-160.1600260,0.54,0.53,0.285,0.68,0.46,2.28,1인,S299
2_665_4199_13220_12401,niihau_2_665_4199_13220.jpg,plastic debris,plastic_other,0.589,21.8641985,-160.1601052,0.43,0.42,0.178,0.43,0.29,1.43,1인,S299
2_665_4199_13220_12402,niihau_2_665_4199_13220.jpg,plastic debris,plastic_other,0.566,21.8642294,-160.1601239,0.40,0.35,0.139,0.33,0.22,1.11,1인,S299
2_665_4199_13220_12403,niihau_2_665_4199_13220.jpg,plastic debris,plastic_other,0.564,21.8641751,-160.1600787,0.54,0.50,0.270,0.65,0.43,2.16,1인,S299
2_665_4199_13220_12404,niihau_2_665_4199_13220.jpg,plastic debris,plastic_other,0.526,21.8642441,-160.1600309,0.33,0.32,0.104,0.25,0.17,0.83,1인,S299
2_665_4199_13220_12405,niihau_2_665_4199_13220.jpg,plastic debris,plastic_other,0.501,21.8642148,-160.1601235,0.46,0.46,0.212,0.51,0.34,1.69,1인,S299
2_665_4199_13220_12406,niihau_2_665_4199_13220.jpg,plastic debris,plastic_other,0.494,21.8641934,-160.1600852,0.40,0.39,0.156,0.38,0.25,1.25,1인,S299
2_665_4199_13220_12407,niihau_2_665_4199_13220.jpg,plastic debris,plastic_other,0.488,21.8642163,-160.1601098,0.62,0.58,0.363,0.87,0.58,2.90,1인,S299
2_665_4199_13220_12408,niihau_2_665_4199_13220.jpg,plastic debris,plastic_other,0.479,21.8642411,-160.1600608,0.68,0.65,0.438,1.05,0.70,3.50,1인,S299
2_665_4199_13220_12409,niihau_2_665_4199_13220.jpg,plastic debris,plastic_other,0.428,21.8642410,-160.1600949,0.73,0.69,0.501,1.20,0.80,4.01,1인,S299
2_665_4199_13220_12410,niihau_2_665_4199_13220.jpg,plastic debris,plastic_other,0.416,21.8641735,-160.1601127,0.53,0.51,0.267,0.64,0.43,2.13,1인,S299
2_665_4199_13220_12411,niihau_2_665_4199_13220.jpg,plastic debris,plastic_other,0.394,21.8642252,-160.1600882,0.72,0.70,0.504,1.21,0.81,4.03,1인,S299
2_665_4199_13220_12412,niihau_2_665_4199_13220.jpg,plastic debris,plastic_other,0.348,21.8642205,-160.1600657,0.61,0.50,0.300,0.72,0.48,2.40,1인,S299
2_665_4199_13220_12413,niihau_2_665_4199_13220.jpg,plastic debris,plastic_other,0.319,21.8642461,-160.1600534,0.49,0.47,0.234,0.56,0.37,1.87,1인,S299
2_665_4630_15790_12420,niihau_2_665_4630_15790.jpg,PET_Bottle,pet_bottle,0.798,21.8637188,-160.1600150,0.57,0.57,0.328,0.65,0.54,1.08,1인,S297
2_665_4630_15790_12421,niihau_2_665_4630_15790.jpg,Styrofoam_Piece,eps_fragment,0.776,21.8637373,-160.1599847,0.88,0.85,0.745,0.45,0.30,1.49,1인,S297
2_665_4630_15790_12422,niihau_2_665_4630_15790.jpg,Plastic_ETC,plastic_other,0.736,21.8638101,-160.1599328,0.90,0.83,0.745,1.79,1.19,5.96,1인,S297
2_665_4630_15790_12423,niihau_2_665_4630_15790.jpg,Net,net,0.622,21.8637172,-160.1599872,0.65,0.63,0.410,7.37,3.07,18.44,1인,S297
2_665_4630_15790_12424,niihau_2_665_4630_15790.jpg,plastic debris,plastic_other,0.588,21.8637282,-160.1599853,0.57,0.57,0.327,0.78,0.52,2.62,1인,S297
2_665_4630_15790_12425,niihau_2_665_4630_15790.jpg,Plastic_ETC,plastic_other,0.581,21.8637950,-160.1599903,0.93,0.90,0.833,2.00,1.33,6.66,1인,S297
2_665_4630_15790_12426,niihau_2_665_4630_15790.jpg,Plastic_Buoy_China,plastic_buoy,0.474,21.8637939,-160.1599982,0.65,0.64,0.418,7.52,3.76,10.02,1인,S297
2_665_4630_15790_12427,niihau_2_665_4630_15790.jpg,PET_Bottle,pet_bottle,0.448,21.8637341,-160.1600300,0.61,0.54,0.331,0.66,0.55,1.09,1인,S297
2_665_4630_15790_12428,niihau_2_665_4630_15790.jpg,plastic debris,plastic_other,0.412,21.8637619,-160.1599846,0.55,0.52,0.283,0.68,0.45,2.27,1인,S297
2_665_4630_15790_12429,niihau_2_665_4630_15790.jpg,plastic debris,plastic_other,0.404,21.8637598,-160.1600353,0.59,0.59,0.352,0.84,0.56,2.81,1인,S297
2_665_4630_15790_12430,niihau_2_665_4630_15790.jpg,PET_Bottle,pet_bottle,0.390,21.8637568,-160.1599779,1.41,1.17,1.651,3.27,2.72,5.45,1인,S297
2_665_4630_15790_12431,niihau_2_665_4630_15790.jpg,plastic debris,plastic_other,0.342,21.8637407,-160.1599526,0.71,0.62,0.440,1.06,0.70,3.52,1인,S297
2_665_4630_15790_12432,niihau_2_665_4630_15790.jpg,plastic debris,plastic_other,0.340,21.8637118,-160.1599483,0.47,0.46,0.214,0.51,0.34,1.71,1인,S297
2_665_4630_15790_12433,niihau_2_665_4630_15790.jpg,plastic debris,plastic_other,0.300,21.8637456,-160.1599766,0.38,0.36,0.135,0.32,0.22,1.08,1인,S297
2_665_5013_15921_12444,niihau_2_665_5013_15921.jpg,Plastic_ETC,plastic_other,0.796,21.8637131,-160.1598803,1.27,1.26,1.603,3.85,2.57,12.83,1인,S297
2_665_5013_15921_12445,niihau_2_665_5013_15921.jpg,Plastic_ETC,plastic_other,0.767,21.8637425,-160.1598593,1.07,0.93,0.996,2.39,1.59,7.97,1인,S297
2_665_5013_15921_12446,niihau_2_665_5013_15921.jpg,PET_Bottle,pet_bottle,0.709,21.8637071,-160.1598726,0.87,0.76,0.660,1.31,1.09,2.18,1인,S297
2_665_5013_15921_12447,niihau_2_665_5013_15921.jpg,Styrofoam_Buoy,eps_buoy,0.652,21.8636831,-160.1599621,1.11,0.62,0.681,5.96,2.55,6.81,1인,S297
2_665_5013_15921_12448,niihau_2_665_5013_15921.jpg,Styrofoam_Piece,eps_fragment,0.532,21.8637331,-160.1599034,0.82,0.82,0.679,0.41,0.27,1.36,1인,S297
2_665_5013_15921_12449,niihau_2_665_5013_15921.jpg,plastic debris,plastic_other,0.505,21.8637408,-160.1599527,0.73,0.65,0.475,1.14,0.76,3.80,1인,S297
2_665_7161_12670_12459,niihau_2_665_7161_12670.jpg,Plastic_ETC,plastic_other,0.819,21.8643022,-160.1595106,0.76,0.67,0.509,1.22,0.81,4.07,1인,S300
2_665_7161_12670_12460,niihau_2_665_7161_12670.jpg,Plastic_ETC,plastic_other,0.791,21.8643234,-160.1594923,0.73,0.71,0.514,1.23,0.82,4.12,1인,S300
2_665_7161_12670_12461,niihau_2_665_7161_12670.jpg,Plastic_ETC,plastic_other,0.738,21.8642923,-160.1594785,0.73,0.66,0.477,1.15,0.76,3.82,1인,S300
2_665_7161_12670_12462,niihau_2_665_7161_12670.jpg,plastic debris,plastic_other,0.671,21.8643398,-160.1594650,0.44,0.43,0.192,0.46,0.31,1.53,1인,S300
2_665_7161_12670_12463,niihau_2_665_7161_12670.jpg,Styrofoam_Piece,eps_fragment,0.663,21.8643168,-160.1594520,0.74,0.71,0.526,0.32,0.21,1.05,1인,S300
2_665_7161_12670_12464,niihau_2_665_7161_12670.jpg,Plastic_ETC,plastic_other,0.632,21.8642922,-160.1594662,0.55,0.49,0.270,0.65,0.43,2.16,1인,S300
2_665_7161_12670_12465,niihau_2_665_7161_12670.jpg,Plastic_ETC,plastic_other,0.625,21.8643120,-160.1595021,0.80,0.79,0.638,1.53,1.02,5.10,1인,S300
2_665_7161_12670_12466,niihau_2_665_7161_12670.jpg,plastic debris,plastic_other,0.598,21.8642987,-160.1594628,0.42,0.39,0.161,0.39,0.26,1.29,1인,S300
2_665_7161_12670_12467,niihau_2_665_7161_12670.jpg,plastic debris,plastic_other,0.575,21.8643025,-160.1594984,0.60,0.56,0.338,0.81,0.54,2.71,1인,S300
2_665_7161_12670_12468,niihau_2_665_7161_12670.jpg,PET_Bottle,pet_bottle,0.565,21.8643134,-160.1594932,0.59,0.59,0.351,0.69,0.58,1.16,1인,S300
2_665_7161_12670_12469,niihau_2_665_7161_12670.jpg,plastic debris,plastic_other,0.544,21.8643175,-160.1595403,0.40,0.40,0.161,0.39,0.26,1.28,1인,S300
2_665_7161_12670_12470,niihau_2_665_7161_12670.jpg,plastic debris,plastic_other,0.539,21.8643328,-160.1595029,0.36,0.35,0.125,0.30,0.20,1.00,1인,S300
2_665_7161_12670_12471,niihau_2_665_7161_12670.jpg,plastic debris,plastic_other,0.538,21.8643224,-160.1594803,0.50,0.47,0.236,0.57,0.38,1.89,1인,S300
2_665_7161_12670_12472,niihau_2_665_7161_12670.jpg,Plastic_ETC,plastic_other,0.538,21.8643509,-160.1594330,1.17,0.43,0.508,1.22,0.81,4.06,1인,S300
2_665_7161_12670_12473,niihau_2_665_7161_12670.jpg,plastic debris,plastic_other,0.469,21.8642723,-160.1595174,0.47,0.45,0.214,0.51,0.34,1.71,1인,S300
2_665_7161_12670_12474,niihau_2_665_7161_12670.jpg,plastic debris,plastic_other,0.401,21.8643104,-160.1595097,0.39,0.38,0.145,0.35,0.23,1.16,1인,S300
2_665_7161_12670_12475,niihau_2_665_7161_12670.jpg,plastic debris,plastic_other,0.398,21.8643368,-160.1595086,0.36,0.36,0.129,0.31,0.21,1.03,1인,S300
2_665_7273_13004_12490,niihau_2_665_7273_13004.jpg,Plastic_ETC,plastic_other,0.851,21.8642349,-160.1594538,0.81,0.80,0.655,1.57,1.05,5.24,1인,S300
2_665_7273_13004_12491,niihau_2_665_7273_13004.jpg,Plastic_ETC,plastic_other,0.793,21.8643021,-160.1595106,0.76,0.66,0.501,1.20,0.80,4.01,1인,S300
2_665_7273_13004_12492,niihau_2_665_7273_13004.jpg,Plastic_ETC,plastic_other,0.775,21.8643075,-160.1594279,0.78,0.67,0.527,1.27,0.84,4.22,1인,S300
2_665_7273_13004_12493,niihau_2_665_7273_13004.jpg,Plastic_ETC,plastic_other,0.748,21.8642630,-160.1594702,0.76,0.69,0.525,1.26,0.84,4.20,1인,S300
2_665_7273_13004_12494,niihau_2_665_7273_13004.jpg,Plastic_ETC,plastic_other,0.725,21.8642924,-160.1594785,0.72,0.66,0.479,1.15,0.77,3.83,1인,S300
2_665_7273_13004_12495,niihau_2_665_7273_13004.jpg,Plastic_ETC,plastic_other,0.701,21.8642532,-160.1594623,0.67,0.67,0.450,1.08,0.72,3.60,1인,S300
2_665_7273_13004_12496,niihau_2_665_7273_13004.jpg,Styrofoam_Piece,eps_fragment,0.641,21.8643168,-160.1594519,0.74,0.74,0.548,0.33,0.22,1.10,1인,S300
2_665_7273_13004_12497,niihau_2_665_7273_13004.jpg,plastic debris,plastic_other,0.614,21.8643025,-160.1594983,0.59,0.55,0.321,0.77,0.51,2.57,1인,S300
2_665_7273_13004_12498,niihau_2_665_7273_13004.jpg,Plastic_ETC,plastic_other,0.606,21.8642921,-160.1594662,0.54,0.50,0.268,0.64,0.43,2.14,1인,S300
2_665_7273_13004_12499,niihau_2_665_7273_13004.jpg,Plastic_Buoy_China,plastic_buoy,0.574,21.8643120,-160.1595023,0.81,0.80,0.650,11.69,5.85,15.59,1인,S300
2_665_7273_13004_12500,niihau_2_665_7273_13004.jpg,plastic debris,plastic_other,0.550,21.8642987,-160.1594628,0.41,0.40,0.163,0.39,0.26,1.31,1인,S300
2_665_7273_13004_12501,niihau_2_665_7273_13004.jpg,plastic debris,plastic_other,0.536,21.8643133,-160.1594933,0.60,0.58,0.348,0.83,0.56,2.78,1인,S300
2_665_7273_13004_12502,niihau_2_665_7273_13004.jpg,plastic debris,plastic_other,0.412,21.8642217,-160.1595044,0.45,0.42,0.190,0.46,0.30,1.52,1인,S300
2_665_7273_13004_12503,niihau_2_665_7273_13004.jpg,plastic debris,plastic_other,0.394,21.8643148,-160.1594455,0.60,0.60,0.359,0.86,0.57,2.87,1인,S300
2_665_7273_13004_12504,niihau_2_665_7273_13004.jpg,plastic debris,plastic_other,0.384,21.8642317,-160.1595243,0.62,0.61,0.381,0.91,0.61,3.05,1인,S300
2_665_7273_13004_12505,niihau_2_665_7273_13004.jpg,plastic debris,plastic_other,0.348,21.8642723,-160.1595173,0.53,0.51,0.274,0.66,0.44,2.19,1인,S300
2_665_7273_13004_12506,niihau_2_665_7273_13004.jpg,plastic debris,plastic_other,0.345,21.8643184,-160.1594891,0.55,0.54,0.294,0.71,0.47,2.35,1인,S300
2_665_7273_13004_12507,niihau_2_665_7273_13004.jpg,plastic debris,plastic_other,0.343,21.8643103,-160.1595098,0.40,0.38,0.152,0.36,0.24,1.22,1인,S300
2_665_7389_12286_12516,niihau_2_665_7389_12286.jpg,Plastic_ETC,plastic_other,0.861,21.8644391,-160.1594039,0.73,0.72,0.525,1.26,0.84,4.20,1인,S300
2_665_7389_12286_12517,niihau_2_665_7389_12286.jpg,Plastic_Buoy_China,plastic_buoy,0.781,21.8643885,-160.1594038,0.77,0.73,0.561,10.09,5.05,13.46,1인,S300
2_665_7389_12286_12518,niihau_2_665_7389_12286.jpg,PET_Bottle,pet_bottle,0.768,21.8644123,-160.1594435,0.57,0.53,0.301,0.60,0.50,0.99,1인,S300
2_665_7389_12286_12519,niihau_2_665_7389_12286.jpg,Plastic_ETC,plastic_other,0.738,21.8643504,-160.1594301,1.44,1.26,1.813,4.35,2.90,14.50,1인,S300
2_665_7389_12286_12520,niihau_2_665_7389_12286.jpg,Plastic_ETC,plastic_other,0.674,21.8643461,-160.1593892,0.77,0.51,0.392,0.94,0.63,3.13,1인,S300
2_665_7389_12286_12521,niihau_2_665_7389_12286.jpg,Net,net,0.621,21.8644437,-160.1594867,0.62,0.62,0.387,6.96,2.90,17.40,1인,S300
2_665_7389_12286_12522,niihau_2_665_7389_12286.jpg,plastic debris,plastic_other,0.592,21.8643397,-160.1594649,0.50,0.49,0.241,0.58,0.39,1.93,1인,S300
2_665_7389_12286_12523,niihau_2_665_7389_12286.jpg,plastic debris,plastic_other,0.566,21.8643895,-160.1594605,0.68,0.67,0.451,1.08,0.72,3.61,1인,S300
2_665_7389_12286_12524,niihau_2_665_7389_12286.jpg,plastic debris,plastic_other,0.557,21.8644077,-160.1593939,0.57,0.54,0.307,0.74,0.49,2.46,1인,S300
2_665_7389_12286_12525,niihau_2_665_7389_12286.jpg,plastic debris,plastic_other,0.550,21.8644495,-160.1594045,0.38,0.37,0.140,0.34,0.22,1.12,1인,S300
2_665_7389_12286_12526,niihau_2_665_7389_12286.jpg,plastic debris,plastic_other,0.547,21.8644176,-160.1594138,0.60,0.59,0.356,0.85,0.57,2.85,1인,S300
2_665_7389_12286_12527,niihau_2_665_7389_12286.jpg,plastic debris,plastic_other,0.542,21.8644226,-160.1594702,0.62,0.59,0.364,0.87,0.58,2.91,1인,S300
2_665_7389_12286_12528,niihau_2_665_7389_12286.jpg,plastic debris,plastic_other,0.522,21.8644009,-160.1594187,0.62,0.60,0.370,0.89,0.59,2.96,1인,S300
2_665_7389_12286_12529,niihau_2_665_7389_12286.jpg,plastic debris,plastic_other,0.515,21.8644439,-160.1594056,0.45,0.42,0.189,0.45,0.30,1.51,1인,S300
2_665_7389_12286_12530,niihau_2_665_7389_12286.jpg,Plastic_ETC,plastic_other,0.501,21.8643897,-160.1594319,0.84,0.82,0.692,1.66,1.11,5.53,1인,S300
2_665_7389_12286_12531,niihau_2_665_7389_12286.jpg,PET_Bottle,pet_bottle,0.495,21.8643593,-160.1593888,0.69,0.41,0.280,0.55,0.46,0.92,1인,S300
2_665_7389_12286_12532,niihau_2_665_7389_12286.jpg,plastic debris,plastic_other,0.483,21.8643464,-160.1594055,0.45,0.44,0.199,0.48,0.32,1.59,1인,S300
2_665_7389_12286_12533,niihau_2_665_7389_12286.jpg,plastic debris,plastic_other,0.457,21.8643716,-160.1594162,1.72,1.57,2.704,6.49,4.33,21.63,1인,S300
2_665_7389_12286_12534,niihau_2_665_7389_12286.jpg,plastic debris,plastic_other,0.437,21.8643973,-160.1594260,0.39,0.38,0.147,0.35,0.23,1.17,1인,S300
2_665_7389_12286_12535,niihau_2_665_7389_12286.jpg,plastic debris,plastic_other,0.433,21.8643911,-160.1594416,1.27,1.05,1.336,3.21,2.14,10.69,1인,S300
2_665_7389_12286_12536,niihau_2_665_7389_12286.jpg,plastic debris,plastic_other,0.419,21.8643440,-160.1594222,0.50,0.47,0.234,0.56,0.38,1.88,1인,S300
2_665_7389_12286_12537,niihau_2_665_7389_12286.jpg,plastic debris,plastic_other,0.381,21.8644294,-160.1594747,0.45,0.43,0.192,0.46,0.31,1.53,1인,S300
2_665_7389_12286_12538,niihau_2_665_7389_12286.jpg,plastic debris,plastic_other,0.371,21.8644201,-160.1594525,0.69,0.56,0.388,0.93,0.62,3.10,1인,S300
2_665_7389_12286_12539,niihau_2_665_7389_12286.jpg,plastic debris,plastic_other,0.367,21.8643818,-160.1594430,0.48,0.44,0.210,0.50,0.34,1.68,1인,S300
2_665_7389_12286_12540,niihau_2_665_7389_12286.jpg,plastic debris,plastic_other,0.366,21.8643369,-160.1595087,0.39,0.37,0.145,0.35,0.23,1.16,1인,S300
2_665_7389_12286_12541,niihau_2_665_7389_12286.jpg,plastic debris,plastic_other,0.361,21.8643429,-160.1594292,0.40,0.37,0.148,0.35,0.24,1.18,1인,S300
2_665_7389_12286_12542,niihau_2_665_7389_12286.jpg,plastic debris,plastic_other,0.335,21.8644048,-160.1594768,0.55,0.54,0.298,0.72,0.48,2.38,1인,S300
2_666_3655_1594_12559,niihau_2_666_3655_1594.jpg,plastic debris,plastic_other,0.646,21.8662928,-160.1570792,0.56,0.53,0.298,0.72,0.48,2.39,1인,S301
2_666_3655_1594_12560,niihau_2_666_3655_1594.jpg,Plastic_ETC,plastic_other,0.641,21.8663496,-160.1569771,0.72,0.71,0.513,1.23,0.82,4.10,1인,S302
2_666_3655_1594_12561,niihau_2_666_3655_1594.jpg,Plastic_ETC,plastic_other,0.612,21.8663416,-160.1570251,1.14,0.99,1.128,2.71,1.81,9.03,1인,S302
2_666_3655_1594_12562,niihau_2_666_3655_1594.jpg,plastic debris,plastic_other,0.526,21.8663309,-160.1570356,0.55,0.49,0.271,0.65,0.43,2.17,1인,S301
2_666_3655_1594_12563,niihau_2_666_3655_1594.jpg,plastic debris,plastic_other,0.408,21.8662854,-160.1570683,0.48,0.36,0.174,0.42,0.28,1.39,1인,S301
2_666_3655_1594_12564,niihau_2_666_3655_1594.jpg,plastic debris,plastic_other,0.327,21.8663251,-160.1570617,0.45,0.37,0.169,0.41,0.27,1.35,1인,S301
2_666_3655_1594_12565,niihau_2_666_3655_1594.jpg,PET_Bottle,pet_bottle,0.302,21.8663156,-160.1570433,0.67,0.59,0.398,0.79,0.66,1.31,1인,S301
2_666_386_4742_12584,niihau_2_666_386_4742.jpg,Plastic_Buoy,plastic_buoy,0.805,21.8657293,-160.1576941,0.68,0.67,0.460,8.28,4.14,11.04,1인,S303
2_666_386_4742_12585,niihau_2_666_386_4742.jpg,Styrofoam_Piece,eps_fragment,0.798,21.8657812,-160.1576386,0.63,0.62,0.391,0.23,0.16,0.78,1인,S303
2_666_386_4742_12586,niihau_2_666_386_4742.jpg,Styrofoam_Piece,eps_fragment,0.742,21.8658233,-160.1576101,0.73,0.72,0.526,0.32,0.21,1.05,1인,S303
2_666_386_4742_12587,niihau_2_666_386_4742.jpg,Plastic_ETC,plastic_other,0.739,21.8658204,-160.1576422,0.91,0.76,0.696,1.67,1.11,5.56,1인,S303
2_666_386_4742_12588,niihau_2_666_386_4742.jpg,Plastic_ETC,plastic_other,0.732,21.8657191,-160.1577080,0.77,0.73,0.560,1.34,0.90,4.48,1인,S303
2_666_386_4742_12589,niihau_2_666_386_4742.jpg,Plastic_ETC,plastic_other,0.722,21.8657344,-160.1576647,0.60,0.56,0.338,0.81,0.54,2.71,1인,S303
2_666_386_4742_12590,niihau_2_666_386_4742.jpg,plastic debris,plastic_other,0.676,21.8657278,-160.1576786,0.54,0.52,0.282,0.68,0.45,2.26,1인,S303
2_666_386_4742_12591,niihau_2_666_386_4742.jpg,PET_Bottle,pet_bottle,0.665,21.8657219,-160.1576600,1.20,1.18,1.419,2.81,2.34,4.68,1인,S303
2_666_386_4742_12592,niihau_2_666_386_4742.jpg,Styrofoam_Piece,eps_fragment,0.661,21.8657944,-160.1576462,0.58,0.57,0.329,0.20,0.13,0.66,1인,S303
2_666_386_4742_12593,niihau_2_666_386_4742.jpg,PET_Bottle,pet_bottle,0.624,21.8657851,-160.1576855,0.70,0.66,0.461,0.91,0.76,1.52,1인,S303
2_666_386_4742_12594,niihau_2_666_386_4742.jpg,plastic debris,plastic_other,0.613,21.8657657,-160.1576688,0.47,0.46,0.214,0.51,0.34,1.71,1인,S303
2_666_386_4742_12595,niihau_2_666_386_4742.jpg,plastic debris,plastic_other,0.608,21.8657514,-160.1576392,0.51,0.48,0.246,0.59,0.39,1.97,1인,S303
2_666_386_4742_12596,niihau_2_666_386_4742.jpg,Plastic_Buoy_China,plastic_buoy,0.575,21.8658116,-160.1576406,0.73,0.72,0.520,9.36,4.68,12.48,1인,S303
2_666_386_4742_12597,niihau_2_666_386_4742.jpg,plastic debris,plastic_other,0.558,21.8657873,-160.1576571,0.51,0.51,0.260,0.62,0.42,2.08,1인,S303
2_666_386_4742_12598,niihau_2_666_386_4742.jpg,plastic debris,plastic_other,0.525,21.8657880,-160.1577075,0.54,0.53,0.285,0.69,0.46,2.28,1인,S303
2_666_386_4742_12599,niihau_2_666_386_4742.jpg,plastic debris,plastic_other,0.506,21.8657714,-160.1576774,0.46,0.45,0.206,0.49,0.33,1.65,1인,S303
2_666_386_4742_12600,niihau_2_666_386_4742.jpg,Plastic_ETC,plastic_other,0.503,21.8658228,-160.1576229,0.86,0.83,0.720,1.73,1.15,5.76,1인,S303
2_666_386_4742_12601,niihau_2_666_386_4742.jpg,plastic debris,plastic_other,0.500,21.8657679,-160.1576823,0.66,0.65,0.434,1.04,0.69,3.47,1인,S303
2_666_386_4742_12602,niihau_2_666_386_4742.jpg,plastic debris,plastic_other,0.429,21.8657422,-160.1577133,0.48,0.32,0.154,0.37,0.25,1.23,1인,S303
2_666_386_4742_12603,niihau_2_666_386_4742.jpg,PET_Bottle,pet_bottle,0.423,21.8657583,-160.1576873,0.75,0.56,0.424,0.84,0.70,1.40,1인,S303
2_666_386_4742_12604,niihau_2_666_386_4742.jpg,plastic debris,plastic_other,0.379,21.8657321,-160.1576888,0.43,0.40,0.175,0.42,0.28,1.40,1인,S303
2_666_386_4742_12605,niihau_2_666_386_4742.jpg,plastic debris,plastic_other,0.355,21.8657472,-160.1576992,0.47,0.44,0.211,0.51,0.34,1.69,1인,S303
2_666_4539_915_12617,niihau_2_666_4539_915.jpg,Plastic_ETC,plastic_other,0.790,21.8664562,-160.1568833,1.44,1.35,1.947,4.67,3.12,15.58,1인,S302
2_666_4539_915_12618,niihau_2_666_4539_915.jpg,Styrofoam_Piece,eps_fragment,0.744,21.8665100,-160.1568060,1.46,1.40,2.042,1.23,0.82,4.08,1인,S302
2_666_4539_915_12619,niihau_2_666_4539_915.jpg,Plastic_ETC,plastic_other,0.741,21.8664966,-160.1568540,1.08,1.04,1.126,2.70,1.80,9.00,1인,S302
2_666_4539_915_12620,niihau_2_666_4539_915.jpg,Plastic_ETC,plastic_other,0.701,21.8664375,-160.1568970,0.76,0.71,0.535,1.28,0.86,4.28,1인,S302
2_666_4539_915_12621,niihau_2_666_4539_915.jpg,plastic debris,plastic_other,0.551,21.8665212,-160.1568278,0.49,0.48,0.238,0.57,0.38,1.91,1인,S302
2_666_4539_915_12622,niihau_2_666_4539_915.jpg,Net,net,0.545,21.8664658,-160.1568952,0.59,0.57,0.336,6.05,2.52,15.12,1인,S302
2_666_4539_915_12623,niihau_2_666_4539_915.jpg,plastic debris,plastic_other,0.545,21.8664966,-160.1568674,0.93,0.90,0.830,1.99,1.33,6.64,1인,S302
2_666_4539_915_12624,niihau_2_666_4539_915.jpg,Styrofoam_Piece,eps_fragment,0.500,21.8665217,-160.1568150,0.58,0.47,0.270,0.16,0.11,0.54,1인,S302
2_666_4539_915_12625,niihau_2_666_4539_915.jpg,plastic debris,plastic_other,0.469,21.8664965,-160.1568460,0.42,0.41,0.172,0.41,0.28,1.38,1인,S302
2_666_4539_915_12626,niihau_2_666_4539_915.jpg,plastic debris,plastic_other,0.440,21.8664497,-160.1569066,0.49,0.48,0.234,0.56,0.37,1.87,1인,S302
2_666_4539_915_12627,niihau_2_666_4539_915.jpg,plastic debris,plastic_other,0.363,21.8664856,-160.1568306,0.45,0.43,0.194,0.46,0.31,1.55,1인,S302
2_666_495_4348_12640,niihau_2_666_495_4348.jpg,Styrofoam_Piece,eps_fragment,0.809,21.8658233,-160.1576101,0.72,0.71,0.510,0.31,0.20,1.02,1인,S303
2_666_495_4348_12641,niihau_2_666_495_4348.jpg,Plastic_Buoy_China,plastic_buoy,0.725,21.8658752,-160.1576157,0.59,0.57,0.337,6.06,3.03,8.08,1인,S303
2_666_495_4348_12642,niihau_2_666_495_4348.jpg,Styrofoam_Piece,eps_fragment,0.720,21.8658685,-160.1576080,0.72,0.69,0.498,0.30,0.20,1.00,1인,S303
2_666_495_4348_12643,niihau_2_666_495_4348.jpg,PET_Bottle,pet_bottle,0.704,21.8657852,-160.1576854,0.65,0.57,0.372,0.74,0.61,1.23,1인,S303
2_666_495_4348_12644,niihau_2_666_495_4348.jpg,Styrofoam_Piece,eps_fragment,0.669,21.8658491,-160.1576168,0.69,0.68,0.472,0.28,0.19,0.94,1인,S303
2_666_495_4348_12645,niihau_2_666_495_4348.jpg,Plastic_ETC,plastic_other,0.665,21.8658204,-160.1576419,0.90,0.81,0.725,1.74,1.16,5.80,1인,S303
2_666_495_4348_12646,niihau_2_666_495_4348.jpg,Styrofoam_Piece,eps_fragment,0.647,21.8657946,-160.1576462,0.57,0.56,0.322,0.19,0.13,0.64,1인,S303
2_666_495_4348_12647,niihau_2_666_495_4348.jpg,plastic debris,plastic_other,0.637,21.8658362,-160.1576443,0.66,0.65,0.430,1.03,0.69,3.44,1인,S303
2_666_495_4348_12648,niihau_2_666_495_4348.jpg,plastic debris,plastic_other,0.624,21.8658775,-160.1576040,0.57,0.56,0.319,0.77,0.51,2.55,1인,S303
2_666_495_4348_12649,niihau_2_666_495_4348.jpg,PET_Bottle,pet_bottle,0.614,21.8658550,-160.1576063,0.74,0.74,0.547,1.08,0.90,1.80,1인,S303
2_666_495_4348_12650,niihau_2_666_495_4348.jpg,plastic debris,plastic_other,0.603,21.8658948,-160.1575975,0.52,0.52,0.268,0.64,0.43,2.14,1인,S303
2_666_495_4348_12651,niihau_2_666_495_4348.jpg,plastic debris,plastic_other,0.600,21.8658402,-160.1576321,0.71,0.68,0.486,1.17,0.78,3.89,1인,S303
2_666_495_4348_12652,niihau_2_666_495_4348.jpg,plastic debris,plastic_other,0.572,21.8657872,-160.1576572,0.53,0.48,0.256,0.62,0.41,2.05,1인,S303
2_666_495_4348_12653,niihau_2_666_495_4348.jpg,PET_Bottle,pet_bottle,0.570,21.8658829,-160.1575796,0.55,0.55,0.304,0.60,0.50,1.00,1인,S303
2_666_495_4348_12654,niihau_2_666_495_4348.jpg,plastic debris,plastic_other,0.550,21.8658622,-160.1575897,0.45,0.42,0.190,0.46,0.30,1.52,1인,S303
2_666_495_4348_12655,niihau_2_666_495_4348.jpg,Plastic_Buoy_China,plastic_buoy,0.527,21.8658117,-160.1576403,0.69,0.67,0.467,8.40,4.20,11.20,1인,S303
2_666_495_4348_12656,niihau_2_666_495_4348.jpg,Plastic_ETC,plastic_other,0.424,21.8658231,-160.1576231,0.95,0.72,0.677,1.63,1.08,5.42,1인,S303
2_666_495_4348_12657,niihau_2_666_495_4348.jpg,plastic debris,plastic_other,0.394,21.8658414,-160.1576097,0.60,0.54,0.328,0.79,0.52,2.62,1인,S303
2_666_495_4348_12658,niihau_2_666_495_4348.jpg,plastic debris,plastic_other,0.369,21.8658469,-160.1575818,1.79,1.71,3.064,7.35,4.90,24.51,2인,S303
2_666_847_4338_12674,niihau_2_666_847_4338.jpg,Styrofoam_Piece,eps_fragment,0.785,21.8658233,-160.1576102,0.72,0.72,0.524,0.31,0.21,1.05,1인,S303
2_666_847_4338_12675,niihau_2_666_847_4338.jpg,Styrofoam_Piece,eps_fragment,0.721,21.8658685,-160.1576080,0.69,0.66,0.457,0.27,0.18,0.91,1인,S303
2_666_847_4338_12676,niihau_2_666_847_4338.jpg,Plastic_Buoy_China,plastic_buoy,0.718,21.8658751,-160.1576158,0.57,0.56,0.319,5.74,2.87,7.66,1인,S303
2_666_847_4338_12677,niihau_2_666_847_4338.jpg,Styrofoam_Piece,eps_fragment,0.675,21.8658491,-160.1576166,0.68,0.67,0.459,0.28,0.18,0.92,1인,S303
2_666_847_4338_12678,niihau_2_666_847_4338.jpg,plastic debris,plastic_other,0.665,21.8658776,-160.1576041,0.56,0.55,0.312,0.75,0.50,2.50,1인,S303
2_666_847_4338_12679,niihau_2_666_847_4338.jpg,Plastic_ETC,plastic_other,0.630,21.8658552,-160.1576063,0.76,0.73,0.561,1.35,0.90,4.48,1인,S303
2_666_847_4338_12680,niihau_2_666_847_4338.jpg,plastic debris,plastic_other,0.595,21.8658948,-160.1575975,0.52,0.51,0.266,0.64,0.43,2.13,1인,S303
2_666_847_4338_12681,niihau_2_666_847_4338.jpg,plastic debris,plastic_other,0.575,21.8658931,-160.1575153,0.44,0.41,0.184,0.44,0.30,1.48,1인,S303
2_666_847_4338_12682,niihau_2_666_847_4338.jpg,PET_Bottle,pet_bottle,0.573,21.8658422,-160.1575644,1.01,0.76,0.769,1.52,1.27,2.54,1인,S303
2_666_847_4338_12683,niihau_2_666_847_4338.jpg,PET_Bottle,pet_bottle,0.481,21.8658828,-160.1575797,0.56,0.54,0.300,0.59,0.49,0.99,1인,S303
2_666_847_4338_12684,niihau_2_666_847_4338.jpg,plastic debris,plastic_other,0.435,21.8658414,-160.1576097,0.61,0.57,0.347,0.83,0.56,2.78,1인,S303
2_666_847_4338_12685,niihau_2_666_847_4338.jpg,plastic debris,plastic_other,0.370,21.8658930,-160.1575661,1.50,1.46,2.194,5.27,3.51,17.55,1인,S303
2_716_10655_9613_12706,niihau_2_716_10655_9613.jpg,Plastic_Buoy,plastic_buoy,0.828,21.8673134,-160.1557300,0.68,0.66,0.445,8.02,4.01,10.69,1인,S304
2_716_10655_9613_12707,niihau_2_716_10655_9613.jpg,Styrofoam_Piece,eps_fragment,0.768,21.8673635,-160.1557075,0.60,0.59,0.355,0.21,0.14,0.71,1인,S304
2_716_10655_9613_12708,niihau_2_716_10655_9613.jpg,Plastic_Buoy,plastic_buoy,0.714,21.8673055,-160.1557305,0.75,0.72,0.537,9.67,4.84,12.90,1인,S304
2_716_10655_9613_12709,niihau_2_716_10655_9613.jpg,Plastic_ETC,plastic_other,0.695,21.8673188,-160.1556708,0.63,0.59,0.377,0.90,0.60,3.02,1인,S304
2_716_10655_9613_12710,niihau_2_716_10655_9613.jpg,Plastic_ETC,plastic_other,0.683,21.8672905,-160.1557750,0.81,0.54,0.432,1.04,0.69,3.45,1인,S304
2_716_10655_9613_12711,niihau_2_716_10655_9613.jpg,Styrofoam_Piece,eps_fragment,0.639,21.8673774,-160.1556916,0.82,0.68,0.558,0.33,0.22,1.12,1인,S304
2_716_10655_9613_12712,niihau_2_716_10655_9613.jpg,Plastic_ETC,plastic_other,0.628,21.8673175,-160.1556819,0.86,0.84,0.723,1.73,1.16,5.78,1인,S304
2_716_10655_9613_12713,niihau_2_716_10655_9613.jpg,Plastic_Buoy,plastic_buoy,0.623,21.8673462,-160.1557294,0.62,0.61,0.380,6.83,3.42,9.11,1인,S304
2_716_10655_9613_12714,niihau_2_716_10655_9613.jpg,plastic debris,plastic_other,0.551,21.8673094,-160.1557180,0.56,0.46,0.260,0.62,0.42,2.08,1인,S304
2_716_10655_9613_12715,niihau_2_716_10655_9613.jpg,plastic debris,plastic_other,0.538,21.8673212,-160.1556980,0.75,0.72,0.536,1.29,0.86,4.29,1인,S304
2_716_10655_9613_12716,niihau_2_716_10655_9613.jpg,plastic debris,plastic_other,0.536,21.8673984,-160.1556727,0.45,0.43,0.193,0.46,0.31,1.55,1인,S304
2_716_10655_9613_12717,niihau_2_716_10655_9613.jpg,plastic debris,plastic_other,0.535,21.8673590,-160.1557167,0.56,0.50,0.280,0.67,0.45,2.24,1인,S304
2_716_10655_9613_12718,niihau_2_716_10655_9613.jpg,plastic debris,plastic_other,0.388,21.8673185,-160.1557462,0.61,0.60,0.364,0.87,0.58,2.91,1인,S304
2_716_10655_9613_12719,niihau_2_716_10655_9613.jpg,Plastic_ETC,plastic_other,0.341,21.8673734,-160.1556855,0.93,0.79,0.733,1.76,1.17,5.86,1인,S304
2_716_10655_9613_12720,niihau_2_716_10655_9613.jpg,Plastic_ETC,plastic_other,0.337,21.8673004,-160.1556754,2.58,1.72,4.441,10.66,7.11,35.53,2인,S304
2_716_10655_9613_12721,niihau_2_716_10655_9613.jpg,plastic debris,plastic_other,0.317,21.8673497,-160.1557260,0.45,0.43,0.195,0.47,0.31,1.56,1인,S304
2_716_10655_9613_12722,niihau_2_716_10655_9613.jpg,Plastic_ETC,plastic_other,0.301,21.8672932,-160.1557138,1.07,1.02,1.092,2.62,1.75,8.74,1인,S304
2_716_10768_9951_12735,niihau_2_716_10768_9951.jpg,Plastic_Buoy,plastic_buoy,0.787,21.8673134,-160.1557300,0.70,0.69,0.484,8.71,4.35,11.61,1인,S304
2_716_10768_9951_12736,niihau_2_716_10768_9951.jpg,Plastic_Buoy,plastic_buoy,0.724,21.8673056,-160.1557305,0.73,0.73,0.533,9.59,4.79,12.78,1인,S304
2_716_10768_9951_12737,niihau_2_716_10768_9951.jpg,Plastic_ETC,plastic_other,0.674,21.8673402,-160.1556611,0.81,0.73,0.587,1.41,0.94,4.70,1인,S304
2_716_10768_9951_12738,niihau_2_716_10768_9951.jpg,Plastic_Buoy,plastic_buoy,0.633,21.8672845,-160.1557085,0.68,0.64,0.437,7.87,3.93,10.49,1인,S304
2_716_10768_9951_12739,niihau_2_716_10768_9951.jpg,Plastic_ETC,plastic_other,0.610,21.8673187,-160.1556706,0.64,0.56,0.355,0.85,0.57,2.84,1인,S304
2_716_10768_9951_12740,niihau_2_716_10768_9951.jpg,plastic debris,plastic_other,0.563,21.8673175,-160.1556819,0.87,0.84,0.734,1.76,1.17,5.87,1인,S304
2_716_10768_9951_12741,niihau_2_716_10768_9951.jpg,plastic debris,plastic_other,0.562,21.8673214,-160.1556980,0.77,0.73,0.564,1.35,0.90,4.51,1인,S304
2_716_10768_9951_12742,niihau_2_716_10768_9951.jpg,plastic debris,plastic_other,0.550,21.8673129,-160.1556656,0.60,0.60,0.363,0.87,0.58,2.91,1인,S304
2_716_10768_9951_12743,niihau_2_716_10768_9951.jpg,Plastic_ETC,plastic_other,0.511,21.8673094,-160.1557181,0.54,0.47,0.251,0.60,0.40,2.01,1인,S304
2_716_10768_9951_12744,niihau_2_716_10768_9951.jpg,plastic debris,plastic_other,0.459,21.8672604,-160.1557437,1.49,1.22,1.823,4.38,2.92,14.58,1인,S304
2_716_10768_9951_12745,niihau_2_716_10768_9951.jpg,plastic debris,plastic_other,0.390,21.8673126,-160.1556892,0.43,0.43,0.184,0.44,0.30,1.48,1인,S304
2_716_10768_9951_12746,niihau_2_716_10768_9951.jpg,plastic debris,plastic_other,0.354,21.8673074,-160.1556800,0.35,0.34,0.119,0.28,0.19,0.95,1인,S304
2_716_10768_9951_12747,niihau_2_716_10768_9951.jpg,plastic debris,plastic_other,0.349,21.8672483,-160.1557079,1.11,1.09,1.206,2.89,1.93,9.65,1인,S304
2_716_10768_9951_12748,niihau_2_716_10768_9951.jpg,plastic debris,plastic_other,0.302,21.8672312,-160.1557239,1.05,0.84,0.889,2.13,1.42,7.12,1인,S304
2_716_10983_9610_12765,niihau_2_716_10983_9610.jpg,Styrofoam_Piece,eps_fragment,0.763,21.8673635,-160.1557074,0.63,0.61,0.381,0.23,0.15,0.76,1인,S304
2_716_10983_9610_12766,niihau_2_716_10983_9610.jpg,Styrofoam_Piece,eps_fragment,0.706,21.8673773,-160.1556913,0.81,0.68,0.546,0.33,0.22,1.09,1인,S304
2_716_10983_9610_12767,niihau_2_716_10983_9610.jpg,Plastic_ETC,plastic_other,0.648,21.8673187,-160.1556705,0.69,0.60,0.410,0.98,0.66,3.28,1인,S304
2_716_10983_9610_12768,niihau_2_716_10983_9610.jpg,Plastic_Buoy,plastic_buoy,0.612,21.8673649,-160.1556184,0.50,0.47,0.234,4.20,2.10,5.61,1인,S304
2_716_10983_9610_12769,niihau_2_716_10983_9610.jpg,Plastic_ETC,plastic_other,0.608,21.8673408,-160.1556611,0.93,0.79,0.737,1.77,1.18,5.89,1인,S304
2_716_10983_9610_12770,niihau_2_716_10983_9610.jpg,plastic debris,plastic_other,0.596,21.8673215,-160.1556979,0.73,0.71,0.517,1.24,0.83,4.14,1인,S304
2_716_10983_9610_12771,niihau_2_716_10983_9610.jpg,plastic debris,plastic_other,0.540,21.8673175,-160.1556819,0.88,0.84,0.741,1.78,1.19,5.93,1인,S304
2_716_10983_9610_12772,niihau_2_716_10983_9610.jpg,Styrofoam_Piece,eps_fragment,0.533,21.8673474,-160.1556660,0.69,0.63,0.436,0.26,0.17,0.87,1인,S304
2_716_10983_9610_12773,niihau_2_716_10983_9610.jpg,Plastic_ETC,plastic_other,0.506,21.8673732,-160.1556856,0.91,0.77,0.702,1.69,1.12,5.62,1인,S304
2_716_10983_9610_12774,niihau_2_716_10983_9610.jpg,plastic debris,plastic_other,0.496,21.8673588,-160.1557167,0.54,0.52,0.278,0.67,0.45,2.23,1인,S304
2_716_10983_9610_12775,niihau_2_716_10983_9610.jpg,Styrofoam_Piece,eps_fragment,0.495,21.8673992,-160.1556065,0.64,0.43,0.275,0.17,0.11,0.55,1인,S304
2_716_10983_9610_12776,niihau_2_716_10983_9610.jpg,Plastic_Buoy,plastic_buoy,0.486,21.8673131,-160.1556656,0.64,0.63,0.400,7.20,3.60,9.60,1인,S304
2_716_10983_9610_12777,niihau_2_716_10983_9610.jpg,plastic debris,plastic_other,0.472,21.8673095,-160.1557180,0.54,0.47,0.256,0.62,0.41,2.05,1인,S304
2_716_10983_9610_12778,niihau_2_716_10983_9610.jpg,plastic debris,plastic_other,0.425,21.8673984,-160.1556726,0.40,0.40,0.158,0.38,0.25,1.26,1인,S304
2_716_10983_9610_12779,niihau_2_716_10983_9610.jpg,plastic debris,plastic_other,0.408,21.8673524,-160.1556534,0.59,0.56,0.330,0.79,0.53,2.64,1인,S304
2_716_10983_9610_12780,niihau_2_716_10983_9610.jpg,plastic debris,plastic_other,0.390,21.8673517,-160.1556272,0.36,0.35,0.127,0.30,0.20,1.01,1인,S304
2_716_10983_9610_12781,niihau_2_716_10983_9610.jpg,plastic debris,plastic_other,0.380,21.8673496,-160.1557259,0.40,0.40,0.160,0.38,0.26,1.28,1인,S304
2_716_10983_9610_12782,niihau_2_716_10983_9610.jpg,plastic debris,plastic_other,0.348,21.8672937,-160.1557169,1.93,1.03,1.989,4.77,3.18,15.91,1인,S304
2_716_14892_7509_12796,niihau_2_716_14892_7509.jpg,Plastic_Buoy,plastic_buoy,0.686,21.8676860,-160.1548896,0.78,0.71,0.554,9.98,4.99,13.30,1인,S305
2_716_14892_7509_12797,niihau_2_716_14892_7509.jpg,Plastic_Buoy,plastic_buoy,0.664,21.8676881,-160.1548951,0.77,0.75,0.573,10.31,5.16,13.75,1인,S305
2_716_14892_7509_12798,niihau_2_716_14892_7509.jpg,Plastic_ETC,plastic_other,0.575,21.8676790,-160.1548862,1.12,1.01,1.131,2.71,1.81,9.05,1인,S305
2_716_14892_7509_12799,niihau_2_716_14892_7509.jpg,Plastic_Buoy,plastic_buoy,0.571,21.8677623,-160.1548613,0.52,0.50,0.260,4.68,2.34,6.24,1인,S305
2_716_14892_7509_12800,niihau_2_716_14892_7509.jpg,plastic debris,plastic_other,0.537,21.8677079,-160.1548742,0.62,0.60,0.369,0.89,0.59,2.95,1인,S305
2_716_14892_7509_12801,niihau_2_716_14892_7509.jpg,plastic debris,plastic_other,0.497,21.8677544,-160.1548636,0.54,0.52,0.283,0.68,0.45,2.26,1인,S305
2_716_14892_7509_12802,niihau_2_716_14892_7509.jpg,plastic debris,plastic_other,0.487,21.8676973,-160.1548693,0.91,0.76,0.692,1.66,1.11,5.54,1인,S305
2_716_14892_7509_12803,niihau_2_716_14892_7509.jpg,Plastic_Buoy,plastic_buoy,0.467,21.8677381,-160.1548920,0.60,0.60,0.364,6.55,3.27,8.73,1인,S305
2_716_14892_7509_12804,niihau_2_716_14892_7509.jpg,Styrofoam_Piece,eps_fragment,0.450,21.8677269,-160.1549683,0.96,0.91,0.871,0.52,0.35,1.74,1인,S305
2_716_14892_7509_12805,niihau_2_716_14892_7509.jpg,plastic debris,plastic_other,0.361,21.8677083,-160.1548844,0.52,0.51,0.264,0.63,0.42,2.11,1인,S305
2_716_14892_7509_12806,niihau_2_716_14892_7509.jpg,plastic debris,plastic_other,0.359,21.8677326,-160.1549690,0.59,0.55,0.324,0.78,0.52,2.59,1인,S305
2_716_14892_7509_12807,niihau_2_716_14892_7509.jpg,plastic debris,plastic_other,0.342,21.8677001,-160.1548753,0.49,0.47,0.232,0.56,0.37,1.85,1인,S305
2_716_14892_7509_12808,niihau_2_716_14892_7509.jpg,plastic debris,plastic_other,0.320,21.8677264,-160.1549064,0.51,0.47,0.242,0.58,0.39,1.94,1인,S305
2_716_14986_7923_12835,niihau_2_716_14986_7923.jpg,Plastic_Buoy,plastic_buoy,0.795,21.8676414,-160.1548966,0.67,0.66,0.444,7.98,3.99,10.65,1인,S305
2_716_14986_7923_12836,niihau_2_716_14986_7923.jpg,Plastic_Buoy,plastic_buoy,0.779,21.8676515,-160.1549488,0.64,0.64,0.411,7.40,3.70,9.87,1인,S305
2_716_14986_7923_12837,niihau_2_716_14986_7923.jpg,plastic debris,plastic_other,0.733,21.8676655,-160.1548934,0.78,0.75,0.586,1.41,0.94,4.69,1인,S305
2_716_14986_7923_12838,niihau_2_716_14986_7923.jpg,Plastic_Buoy,plastic_buoy,0.692,21.8676431,-160.1548535,0.65,0.62,0.409,7.36,3.68,9.81,1인,S305
2_716_14986_7923_12839,niihau_2_716_14986_7923.jpg,Plastic_Buoy,plastic_buoy,0.671,21.8676784,-160.1548862,1.06,1.02,1.080,19.44,9.72,25.92,2인,S305
2_716_14986_7923_12840,niihau_2_716_14986_7923.jpg,Plastic_Buoy,plastic_buoy,0.617,21.8676859,-160.1548897,0.71,0.70,0.498,8.97,4.49,11.96,1인,S305
2_716_14986_7923_12841,niihau_2_716_14986_7923.jpg,Plastic_Buoy,plastic_buoy,0.588,21.8676882,-160.1548952,0.72,0.71,0.509,9.17,4.58,12.22,1인,S305
2_716_14986_7923_12842,niihau_2_716_14986_7923.jpg,plastic debris,plastic_other,0.581,21.8677030,-160.1548376,0.76,0.75,0.567,1.36,0.91,4.54,1인,S305
2_716_14986_7923_12843,niihau_2_716_14986_7923.jpg,plastic debris,plastic_other,0.575,21.8676107,-160.1549514,0.52,0.51,0.267,0.64,0.43,2.14,1인,S305
2_716_14986_7923_12844,niihau_2_716_14986_7923.jpg,plastic debris,plastic_other,0.557,21.8676976,-160.1548694,0.94,0.81,0.761,1.83,1.22,6.09,1인,S305
2_716_14986_7923_12845,niihau_2_716_14986_7923.jpg,plastic debris,plastic_other,0.545,21.8676241,-160.1548568,0.61,0.59,0.357,0.86,0.57,2.86,1인,S305
2_716_14986_7923_12846,niihau_2_716_14986_7923.jpg,plastic debris,plastic_other,0.509,21.8677080,-160.1548743,0.60,0.56,0.337,0.81,0.54,2.70,1인,S305
2_716_14986_7923_12847,niihau_2_716_14986_7923.jpg,plastic debris,plastic_other,0.497,21.8676319,-160.1549209,0.63,0.62,0.387,0.93,0.62,3.10,1인,S305
2_716_14986_7923_12848,niihau_2_716_14986_7923.jpg,plastic debris,plastic_other,0.487,21.8676457,-160.1548640,0.64,0.59,0.380,0.91,0.61,3.04,1인,S305
2_716_14986_7923_12849,niihau_2_716_14986_7923.jpg,plastic debris,plastic_other,0.485,21.8676495,-160.1548364,0.95,0.83,0.790,1.90,1.26,6.32,1인,S305
2_716_14986_7923_12850,niihau_2_716_14986_7923.jpg,plastic debris,plastic_other,0.474,21.8676606,-160.1548364,1.02,0.98,0.995,2.39,1.59,7.96,1인,S305
2_716_14986_7923_12851,niihau_2_716_14986_7923.jpg,plastic debris,plastic_other,0.468,21.8677022,-160.1549049,0.84,0.80,0.668,1.60,1.07,5.34,1인,S305
2_716_14986_7923_12852,niihau_2_716_14986_7923.jpg,Styrofoam_Buoy,eps_buoy,0.461,21.8677027,-160.1548971,1.27,1.22,1.548,13.55,5.81,15.48,1인,S305
2_716_14986_7923_12853,niihau_2_716_14986_7923.jpg,plastic debris,plastic_other,0.458,21.8676429,-160.1548601,0.51,0.45,0.232,0.56,0.37,1.86,1인,S305
2_716_14986_7923_12854,niihau_2_716_14986_7923.jpg,plastic debris,plastic_other,0.456,21.8676744,-160.1548988,0.56,0.54,0.306,0.73,0.49,2.44,1인,S305
2_716_14986_7923_12855,niihau_2_716_14986_7923.jpg,plastic debris,plastic_other,0.444,21.8677082,-160.1548844,0.51,0.50,0.259,0.62,0.41,2.07,1인,S305
2_716_14986_7923_12856,niihau_2_716_14986_7923.jpg,plastic debris,plastic_other,0.438,21.8676435,-160.1549138,1.01,0.92,0.924,2.22,1.48,7.39,1인,S305
2_716_14986_7923_12857,niihau_2_716_14986_7923.jpg,plastic debris,plastic_other,0.438,21.8676441,-160.1548837,0.55,0.53,0.292,0.70,0.47,2.34,1인,S305
2_716_14986_7923_12858,niihau_2_716_14986_7923.jpg,Plastic_ETC,plastic_other,0.418,21.8676306,-160.1548360,1.01,0.90,0.908,2.18,1.45,7.27,1인,S305
2_716_14986_7923_12859,niihau_2_716_14986_7923.jpg,plastic debris,plastic_other,0.395,21.8676455,-160.1548404,0.66,0.64,0.422,1.01,0.68,3.38,1인,S305
2_716_14986_7923_12860,niihau_2_716_14986_7923.jpg,plastic debris,plastic_other,0.327,21.8676615,-160.1549257,0.81,0.64,0.521,1.25,0.83,4.17,1인,S305
2_716_14986_7923_12861,niihau_2_716_14986_7923.jpg,plastic debris,plastic_other,0.326,21.8677059,-160.1549293,0.44,0.44,0.196,0.47,0.31,1.57,1인,S305
2_716_15453_7248_12901,niihau_2_716_15453_7248.jpg,Plastic_Buoy,plastic_buoy,0.715,21.8677758,-160.1548004,0.61,0.59,0.361,6.50,3.25,8.67,1인,S305
2_716_15453_7248_12902,niihau_2_716_15453_7248.jpg,plastic debris,plastic_other,0.651,21.8677324,-160.1547461,1.85,0.88,1.620,3.89,2.59,12.96,1인,S305
2_716_15453_7248_12903,niihau_2_716_15453_7248.jpg,Plastic_ETC,plastic_other,0.645,21.8677912,-160.1547578,0.71,0.65,0.463,1.11,0.74,3.71,1인,S305
2_716_15453_7248_12904,niihau_2_716_15453_7248.jpg,Plastic_Buoy,plastic_buoy,0.632,21.8677360,-160.1548231,0.62,0.57,0.358,6.45,3.22,8.60,1인,S305
2_716_15453_7248_12905,niihau_2_716_15453_7248.jpg,plastic debris,plastic_other,0.620,21.8677530,-160.1547444,0.82,0.49,0.400,0.96,0.64,3.20,1인,S305
2_716_15453_7248_12906,niihau_2_716_15453_7248.jpg,Plastic_Buoy,plastic_buoy,0.616,21.8678350,-160.1548497,0.57,0.56,0.316,5.70,2.85,7.59,1인,S305
2_716_15453_7248_12907,niihau_2_716_15453_7248.jpg,plastic debris,plastic_other,0.616,21.8677745,-160.1548233,0.74,0.66,0.484,1.16,0.77,3.87,1인,S305
2_716_15453_7248_12908,niihau_2_716_15453_7248.jpg,plastic debris,plastic_other,0.577,21.8677377,-160.1548058,0.53,0.50,0.265,0.64,0.42,2.12,1인,S305
2_716_15453_7248_12909,niihau_2_716_15453_7248.jpg,plastic debris,plastic_other,0.568,21.8677803,-160.1548046,0.98,0.91,0.897,2.15,1.44,7.18,1인,S305
2_716_15453_7248_12910,niihau_2_716_15453_7248.jpg,plastic debris,plastic_other,0.562,21.8677545,-160.1548635,0.49,0.44,0.214,0.51,0.34,1.71,1인,S305
2_716_15453_7248_12911,niihau_2_716_15453_7248.jpg,plastic debris,plastic_other,0.561,21.8677622,-160.1548614,0.50,0.48,0.237,0.57,0.38,1.89,1인,S305
2_716_15453_7248_12912,niihau_2_716_15453_7248.jpg,plastic debris,plastic_other,0.512,21.8677721,-160.1547799,1.01,0.97,0.986,2.37,1.58,7.89,1인,S305
2_716_15453_7248_12913,niihau_2_716_15453_7248.jpg,plastic debris,plastic_other,0.511,21.8677480,-160.1547893,0.92,0.81,0.744,1.79,1.19,5.95,1인,S305
2_716_15453_7248_12914,niihau_2_716_15453_7248.jpg,Plastic_Buoy,plastic_buoy,0.509,21.8678221,-160.1547764,0.68,0.66,0.448,8.07,4.03,10.76,1인,S305
2_716_15453_7248_12915,niihau_2_716_15453_7248.jpg,Plastic_Buoy,plastic_buoy,0.502,21.8677261,-160.1548168,0.71,0.68,0.481,8.66,4.33,11.54,1인,S305
2_716_15453_7248_12916,niihau_2_716_15453_7248.jpg,plastic debris,plastic_other,0.498,21.8678115,-160.1547943,0.50,0.48,0.236,0.57,0.38,1.89,1인,S305
2_716_15453_7248_12917,niihau_2_716_15453_7248.jpg,Plastic_ETC,plastic_other,0.497,21.8677337,-160.1548451,1.10,1.05,1.151,2.76,1.84,9.21,1인,S305
2_716_15453_7248_12918,niihau_2_716_15453_7248.jpg,plastic debris,plastic_other,0.482,21.8677601,-160.1547958,0.99,0.95,0.935,2.24,1.50,7.48,1인,S305
2_716_15453_7248_12919,niihau_2_716_15453_7248.jpg,Plastic_ETC,plastic_other,0.475,21.8678339,-160.1547959,0.89,0.79,0.702,1.68,1.12,5.61,1인,S305
2_716_15453_7248_12920,niihau_2_716_15453_7248.jpg,plastic debris,plastic_other,0.475,21.8677620,-160.1547790,0.73,0.70,0.508,1.22,0.81,4.07,1인,S305
2_716_15453_7248_12921,niihau_2_716_15453_7248.jpg,plastic debris,plastic_other,0.453,21.8677644,-160.1548365,1.15,1.07,1.231,2.96,1.97,9.85,1인,S305
2_716_15453_7248_12922,niihau_2_716_15453_7248.jpg,plastic debris,plastic_other,0.446,21.8677346,-160.1548143,0.85,0.84,0.715,1.72,1.14,5.72,1인,S305
2_716_15453_7248_12923,niihau_2_716_15453_7248.jpg,Plastic_Buoy,plastic_buoy,0.434,21.8677564,-160.1548118,0.72,0.70,0.503,9.06,4.53,12.08,1인,S305
2_716_15453_7248_12924,niihau_2_716_15453_7248.jpg,plastic debris,plastic_other,0.423,21.8677622,-160.1548482,0.39,0.35,0.138,0.33,0.22,1.11,1인,S305
2_716_15453_7248_12925,niihau_2_716_15453_7248.jpg,plastic debris,plastic_other,0.406,21.8677342,-160.1547996,0.79,0.66,0.518,1.24,0.83,4.14,1인,S305
2_716_15453_7248_12926,niihau_2_716_15453_7248.jpg,plastic debris,plastic_other,0.396,21.8678097,-160.1548079,0.50,0.46,0.226,0.54,0.36,1.81,1인,S305
2_716_15453_7248_12927,niihau_2_716_15453_7248.jpg,plastic debris,plastic_other,0.355,21.8677300,-160.1548122,0.75,0.74,0.554,1.33,0.89,4.43,1인,S305
2_716_15453_7248_12928,niihau_2_716_15453_7248.jpg,plastic debris,plastic_other,0.346,21.8678353,-160.1547713,1.08,0.60,0.642,1.54,1.03,5.14,1인,S306
2_716_15453_7248_12929,niihau_2_716_15453_7248.jpg,plastic debris,plastic_other,0.346,21.8677726,-160.1547533,0.51,0.48,0.245,0.59,0.39,1.96,1인,S305
2_716_15453_7248_12930,niihau_2_716_15453_7248.jpg,plastic debris,plastic_other,0.332,21.8677254,-160.1547751,0.68,0.67,0.452,1.08,0.72,3.61,1인,S305
2_716_15453_7248_12931,niihau_2_716_15453_7248.jpg,plastic debris,plastic_other,0.330,21.8678010,-160.1548346,0.68,0.63,0.428,1.03,0.68,3.42,1인,S305
2_716_15453_7248_12932,niihau_2_716_15453_7248.jpg,plastic debris,plastic_other,0.328,21.8677805,-160.1547561,0.46,0.43,0.195,0.47,0.31,1.56,1인,S305
2_716_15453_7248_12933,niihau_2_716_15453_7248.jpg,plastic debris,plastic_other,0.307,21.8677552,-160.1548286,0.56,0.51,0.286,0.69,0.46,2.29,1인,S305
2_716_15482_7610_12965,niihau_2_716_15482_7610.jpg,plastic debris,plastic_other,0.745,21.8677353,-160.1547436,1.27,1.11,1.410,3.38,2.26,11.28,1인,S305
2_716_15482_7610_12966,niihau_2_716_15482_7610.jpg,plastic debris,plastic_other,0.694,21.8677529,-160.1547425,0.79,0.78,0.623,1.49,1.00,4.98,1인,S305
2_716_15482_7610_12967,niihau_2_716_15482_7610.jpg,Styrofoam_Piece,eps_fragment,0.677,21.8676935,-160.1547383,0.85,0.48,0.408,0.24,0.16,0.82,1인,S305
2_716_15482_7610_12968,niihau_2_716_15482_7610.jpg,plastic debris,plastic_other,0.581,21.8676610,-160.1548362,1.21,0.97,1.171,2.81,1.87,9.37,1인,S305
2_716_15482_7610_12969,niihau_2_716_15482_7610.jpg,plastic debris,plastic_other,0.575,21.8677641,-160.1548366,1.16,1.10,1.280,3.07,2.05,10.24,1인,S305
2_716_15482_7610_12970,niihau_2_716_15482_7610.jpg,Plastic_Buoy,plastic_buoy,0.570,21.8677359,-160.1548231,0.59,0.57,0.336,6.04,3.02,8.06,1인,S305
2_716_15482_7610_12971,niihau_2_716_15482_7610.jpg,plastic debris,plastic_other,0.561,21.8676767,-160.1547523,0.40,0.39,0.159,0.38,0.25,1.27,1인,S305
2_716_15482_7610_12972,niihau_2_716_15482_7610.jpg,Plastic_Buoy,plastic_buoy,0.558,21.8677252,-160.1547750,0.64,0.63,0.401,7.22,3.61,9.63,1인,S305
2_716_15482_7610_12973,niihau_2_716_15482_7610.jpg,plastic debris,plastic_other,0.553,21.8677031,-160.1548375,0.80,0.78,0.617,1.48,0.99,4.94,1인,S305
2_716_15482_7610_12974,niihau_2_716_15482_7610.jpg,plastic debris,plastic_other,0.544,21.8677376,-160.1548059,0.55,0.52,0.283,0.68,0.45,2.27,1인,S305
2_716_15482_7610_12975,niihau_2_716_15482_7610.jpg,plastic debris,plastic_other,0.527,21.8677126,-160.1547672,0.66,0.63,0.415,1.00,0.66,3.32,1인,S305
2_716_15482_7610_12976,niihau_2_716_15482_7610.jpg,Styrofoam_Piece,eps_fragment,0.521,21.8676998,-160.1547924,0.99,0.98,0.976,0.59,0.39,1.95,1인,S305
2_716_15482_7610_12977,niihau_2_716_15482_7610.jpg,Styrofoam_Piece,eps_fragment,0.509,21.8677602,-160.1547958,1.07,1.01,1.082,0.65,0.43,2.16,1인,S305
2_716_15482_7610_12978,niihau_2_716_15482_7610.jpg,plastic debris,plastic_other,0.508,21.8676589,-160.1547830,0.63,0.45,0.284,0.68,0.45,2.27,1인,S305
2_716_15482_7610_12979,niihau_2_716_15482_7610.jpg,plastic debris,plastic_other,0.495,21.8677112,-160.1547739,1.12,0.97,1.080,2.59,1.73,8.64,1인,S305
2_716_15482_7610_12980,niihau_2_716_15482_7610.jpg,plastic debris,plastic_other,0.494,21.8677567,-160.1548118,0.75,0.75,0.562,1.35,0.90,4.49,1인,S305
2_716_15482_7610_12981,niihau_2_716_15482_7610.jpg,plastic debris,plastic_other,0.468,21.8677044,-160.1547650,0.86,0.84,0.719,1.73,1.15,5.75,1인,S305
2_716_15482_7610_12982,niihau_2_716_15482_7610.jpg,plastic debris,plastic_other,0.461,21.8676928,-160.1547543,1.09,1.07,1.167,2.80,1.87,9.34,1인,S305
2_716_15482_7610_12983,niihau_2_716_15482_7610.jpg,plastic debris,plastic_other,0.438,21.8677168,-160.1547574,0.94,0.90,0.848,2.03,1.36,6.78,1인,S305
2_716_15482_7610_12984,niihau_2_716_15482_7610.jpg,plastic debris,plastic_other,0.434,21.8676641,-160.1547430,0.49,0.45,0.223,0.53,0.36,1.78,1인,S305
2_716_15482_7610_12985,niihau_2_716_15482_7610.jpg,plastic debris,plastic_other,0.427,21.8677619,-160.1547789,0.75,0.69,0.516,1.24,0.83,4.13,1인,S305
2_716_15482_7610_12986,niihau_2_716_15482_7610.jpg,plastic debris,plastic_other,0.422,21.8676734,-160.1547664,1.28,1.21,1.550,3.72,2.48,12.40,1인,S305
2_716_15482_7610_12987,niihau_2_716_15482_7610.jpg,plastic debris,plastic_other,0.414,21.8677347,-160.1548142,0.90,0.86,0.766,1.84,1.23,6.13,1인,S305
2_716_15482_7610_12988,niihau_2_716_15482_7610.jpg,plastic debris,plastic_other,0.413,21.8677622,-160.1548483,0.37,0.37,0.137,0.33,0.22,1.09,1인,S305
2_716_15482_7610_12989,niihau_2_716_15482_7610.jpg,plastic debris,plastic_other,0.408,21.8677481,-160.1547893,0.98,0.90,0.881,2.11,1.41,7.05,1인,S305
2_716_15482_7610_12990,niihau_2_716_15482_7610.jpg,Plastic_Buoy,plastic_buoy,0.400,21.8677248,-160.1547707,0.60,0.57,0.341,6.14,3.07,8.19,1인,S305
2_716_15482_7610_12991,niihau_2_716_15482_7610.jpg,plastic debris,plastic_other,0.393,21.8677290,-160.1547462,1.15,1.06,1.218,2.92,1.95,9.74,1인,S305
2_716_15482_7610_12992,niihau_2_716_15482_7610.jpg,Plastic_Buoy,plastic_buoy,0.387,21.8677262,-160.1548167,0.70,0.69,0.482,8.67,4.34,11.56,1인,S305
2_716_15482_7610_12993,niihau_2_716_15482_7610.jpg,plastic debris,plastic_other,0.383,21.8677311,-160.1548097,1.40,1.16,1.623,3.89,2.60,12.98,1인,S305
2_716_15482_7610_12994,niihau_2_716_15482_7610.jpg,plastic debris,plastic_other,0.366,21.8676617,-160.1547547,0.53,0.53,0.284,0.68,0.45,2.27,1인,S305
2_716_15482_7610_12995,niihau_2_716_15482_7610.jpg,plastic debris,plastic_other,0.317,21.8677427,-160.1548219,0.50,0.45,0.225,0.54,0.36,1.80,1인,S305
2_716_15482_7610_12996,niihau_2_716_15482_7610.jpg,plastic debris,plastic_other,0.311,21.8677702,-160.1547799,0.96,0.52,0.495,1.19,0.79,3.96,1인,S305
2_716_15801_7680_13024,niihau_2_716_15801_7680.jpg,plastic debris,plastic_other,0.758,21.8677354,-160.1547440,1.15,1.10,1.257,3.02,2.01,10.06,1인,S305
2_716_15801_7680_13025,niihau_2_716_15801_7680.jpg,Styrofoam_Piece,eps_fragment,0.712,21.8676936,-160.1547368,0.83,0.78,0.647,0.39,0.26,1.29,1인,S305
2_716_15801_7680_13026,niihau_2_716_15801_7680.jpg,plastic debris,plastic_other,0.699,21.8677529,-160.1547426,0.80,0.80,0.641,1.54,1.03,5.13,1인,S305
2_716_15801_7680_13027,niihau_2_716_15801_7680.jpg,plastic debris,plastic_other,0.685,21.8677412,-160.1547266,0.73,0.61,0.449,1.08,0.72,3.59,1인,S305
2_716_15801_7680_13028,niihau_2_716_15801_7680.jpg,Styrofoam_Piece,eps_fragment,0.685,21.8677572,-160.1546914,0.65,0.63,0.405,0.24,0.16,0.81,1인,S306
2_716_15801_7680_13029,niihau_2_716_15801_7680.jpg,Styrofoam_Piece,eps_fragment,0.609,21.8676999,-160.1547923,0.99,0.98,0.971,0.58,0.39,1.94,1인,S305
2_716_15801_7680_13030,niihau_2_716_15801_7680.jpg,Plastic_Buoy,plastic_buoy,0.607,21.8676837,-160.1547290,0.82,0.77,0.630,11.34,5.67,15.12,1인,S305
2_716_15801_7680_13031,niihau_2_716_15801_7680.jpg,Plastic_ETC,plastic_other,0.593,21.8676547,-160.1547801,0.91,0.90,0.816,1.96,1.31,6.53,1인,S305
2_716_15801_7680_13032,niihau_2_716_15801_7680.jpg,plastic debris,plastic_other,0.591,21.8676927,-160.1547544,1.14,1.07,1.218,2.92,1.95,9.75,1인,S305
2_716_15801_7680_13033,niihau_2_716_15801_7680.jpg,plastic debris,plastic_other,0.565,21.8677236,-160.1547215,0.61,0.60,0.364,0.87,0.58,2.92,1인,S305
2_716_15801_7680_13034,niihau_2_716_15801_7680.jpg,plastic debris,plastic_other,0.561,21.8677287,-160.1547093,0.67,0.66,0.442,1.06,0.71,3.54,1인,S305
2_716_15801_7680_13035,niihau_2_716_15801_7680.jpg,plastic debris,plastic_other,0.545,21.8677045,-160.1547650,0.86,0.85,0.733,1.76,1.17,5.86,1인,S305
2_716_15801_7680_13036,niihau_2_716_15801_7680.jpg,plastic debris,plastic_other,0.533,21.8677293,-160.1547156,0.71,0.68,0.484,1.16,0.77,3.87,1인,S305
2_716_15801_7680_13037,niihau_2_716_15801_7680.jpg,plastic debris,plastic_other,0.517,21.8676767,-160.1547523,0.38,0.37,0.139,0.33,0.22,1.11,1인,S305
2_716_15801_7680_13038,niihau_2_716_15801_7680.jpg,Net,net,0.507,21.8677071,-160.1547311,0.63,0.62,0.389,7.01,2.92,17.52,1인,S305
2_716_15801_7680_13039,niihau_2_716_15801_7680.jpg,Styrofoam_Piece,eps_fragment,0.504,21.8676720,-160.1546990,1.09,1.00,1.089,0.65,0.44,2.18,1인,S305
2_716_15801_7680_13040,niihau_2_716_15801_7680.jpg,plastic debris,plastic_other,0.490,21.8677111,-160.1547741,1.16,1.00,1.162,2.79,1.86,9.30,1인,S305
2_716_15801_7680_13041,niihau_2_716_15801_7680.jpg,Styrofoam_Piece,eps_fragment,0.482,21.8676753,-160.1546762,0.55,0.43,0.239,0.14,0.10,0.48,1인,S306
2_716_15801_7680_13042,niihau_2_716_15801_7680.jpg,plastic debris,plastic_other,0.479,21.8677288,-160.1547457,0.98,0.96,0.945,2.27,1.51,7.56,1인,S305
2_716_15801_7680_13043,niihau_2_716_15801_7680.jpg,plastic debris,plastic_other,0.468,21.8677122,-160.1547674,0.72,0.69,0.497,1.19,0.80,3.98,1인,S305
2_716_15801_7680_13044,niihau_2_716_15801_7680.jpg,Plastic_ETC,plastic_other,0.462,21.8676902,-160.1547338,0.81,0.80,0.648,1.55,1.04,5.18,1인,S305
2_716_15801_7680_13045,niihau_2_716_15801_7680.jpg,plastic debris,plastic_other,0.459,21.8677251,-160.1547751,0.71,0.70,0.501,1.20,0.80,4.00,1인,S305
2_716_15801_7680_13046,niihau_2_716_15801_7680.jpg,plastic debris,plastic_other,0.456,21.8677481,-160.1547894,0.96,0.88,0.845,2.03,1.35,6.76,1인,S305
2_716_15801_7680_13047,niihau_2_716_15801_7680.jpg,plastic debris,plastic_other,0.453,21.8677273,-160.1546906,1.28,1.23,1.570,3.77,2.51,12.56,1인,S306
2_716_15801_7680_13048,niihau_2_716_15801_7680.jpg,plastic debris,plastic_other,0.425,21.8676585,-160.1547828,0.62,0.56,0.348,0.83,0.56,2.78,1인,S305
2_716_15801_7680_13049,niihau_2_716_15801_7680.jpg,plastic debris,plastic_other,0.400,21.8676616,-160.1547547,0.55,0.54,0.298,0.72,0.48,2.39,1인,S305
2_716_15801_7680_13050,niihau_2_716_15801_7680.jpg,Styrofoam_Piece,eps_fragment,0.394,21.8677577,-160.1547950,0.75,0.47,0.349,0.21,0.14,0.70,1인,S305
2_716_15801_7680_13051,niihau_2_716_15801_7680.jpg,plastic debris,plastic_other,0.344,21.8677231,-160.1547346,0.46,0.46,0.212,0.51,0.34,1.70,1인,S305
2_716_15801_7680_13052,niihau_2_716_15801_7680.jpg,PET_Bottle,pet_bottle,0.334,21.8677202,-160.1547614,0.54,0.52,0.280,0.55,0.46,0.92,1인,S305
2_716_15801_7680_13053,niihau_2_716_15801_7680.jpg,plastic debris,plastic_other,0.322,21.8677167,-160.1547572,0.89,0.85,0.758,1.82,1.21,6.07,1인,S305
2_716_15801_7680_13054,niihau_2_716_15801_7680.jpg,plastic debris,plastic_other,0.319,21.8677247,-160.1547706,0.64,0.59,0.381,0.91,0.61,3.05,1인,S305
2_716_15801_7680_13055,niihau_2_716_15801_7680.jpg,plastic debris,plastic_other,0.312,21.8676731,-160.1547661,1.31,1.30,1.712,4.11,2.74,13.70,1인,S305
2_716_15801_7680_13056,niihau_2_716_15801_7680.jpg,plastic debris,plastic_other,0.309,21.8676833,-160.1547107,0.56,0.52,0.294,0.71,0.47,2.35,1인,S305
2_716_6059_12969_13102,niihau_2_716_6059_12969.jpg,Plastic_ETC,plastic_other,0.790,21.8667631,-160.1565636,0.71,0.62,0.443,1.06,0.71,3.55,1인,S307
2_716_6059_12969_13103,niihau_2_716_6059_12969.jpg,Styrofoam_Piece,eps_fragment,0.741,21.8667333,-160.1566140,0.66,0.66,0.432,0.26,0.17,0.86,1인,S307
2_716_6059_12969_13104,niihau_2_716_6059_12969.jpg,Styrofoam_Piece,eps_fragment,0.724,21.8667431,-160.1565984,0.68,0.67,0.453,0.27,0.18,0.91,1인,S307
2_716_6059_12969_13105,niihau_2_716_6059_12969.jpg,Styrofoam_Piece,eps_fragment,0.638,21.8666919,-160.1566214,0.53,0.50,0.262,0.16,0.10,0.52,1인,S307
2_716_6059_12969_13106,niihau_2_716_6059_12969.jpg,PET_Bottle,pet_bottle,0.628,21.8667383,-160.1565701,0.84,0.73,0.616,1.22,1.02,2.03,1인,S307
2_716_6059_12969_13107,niihau_2_716_6059_12969.jpg,Styrofoam_Piece,eps_fragment,0.517,21.8667697,-160.1565726,0.45,0.45,0.200,0.12,0.08,0.40,1인,S307
2_716_6059_12969_13108,niihau_2_716_6059_12969.jpg,plastic debris,plastic_other,0.500,21.8667047,-160.1566299,1.66,1.41,2.334,5.60,3.73,18.67,1인,S307
2_716_6059_12969_13109,niihau_2_716_6059_12969.jpg,PET_Bottle,pet_bottle,0.482,21.8667723,-160.1565627,0.66,0.58,0.383,0.76,0.63,1.26,1인,S307
2_716_6059_12969_13110,niihau_2_716_6059_12969.jpg,PET_Bottle,pet_bottle,0.392,21.8667270,-160.1566217,0.66,0.55,0.363,0.72,0.60,1.20,1인,S307
2_716_6059_12969_13111,niihau_2_716_6059_12969.jpg,plastic debris,plastic_other,0.388,21.8667538,-160.1565975,1.21,1.08,1.307,3.14,2.09,10.46,1인,S307
2_716_6059_12969_13112,niihau_2_716_6059_12969.jpg,plastic debris,plastic_other,0.352,21.8667224,-160.1566256,0.50,0.49,0.248,0.59,0.40,1.98,1인,S307
2_716_6391_12569_13123,niihau_2_716_6391_12569.jpg,Plastic_ETC,plastic_other,0.737,21.8667631,-160.1565635,0.74,0.70,0.523,1.25,0.84,4.18,1인,S307
2_716_6391_12569_13124,niihau_2_716_6391_12569.jpg,Plastic_ETC,plastic_other,0.674,21.8668185,-160.1565067,0.92,0.87,0.796,1.91,1.27,6.37,1인,S307
2_716_6391_12569_13125,niihau_2_716_6391_12569.jpg,Styrofoam_Piece,eps_fragment,0.658,21.8668158,-160.1565358,0.63,0.62,0.387,0.23,0.15,0.77,1인,S307
2_716_6391_12569_13126,niihau_2_716_6391_12569.jpg,Styrofoam_Piece,eps_fragment,0.608,21.8668322,-160.1565102,0.64,0.60,0.382,0.23,0.15,0.76,1인,S307
2_716_6391_12569_13127,niihau_2_716_6391_12569.jpg,Net,net,0.536,21.8668232,-160.1565222,0.51,0.49,0.251,4.52,1.88,11.30,1인,S307
2_716_6391_12569_13128,niihau_2_716_6391_12569.jpg,plastic debris,plastic_other,0.531,21.8668466,-160.1565163,0.58,0.57,0.331,0.79,0.53,2.64,1인,S307
2_716_6391_12569_13129,niihau_2_716_6391_12569.jpg,plastic debris,plastic_other,0.489,21.8667957,-160.1565640,0.57,0.55,0.313,0.75,0.50,2.50,1인,S307
2_716_6391_12569_13130,niihau_2_716_6391_12569.jpg,Styrofoam_Piece,eps_fragment,0.459,21.8668548,-160.1565039,0.69,0.69,0.483,0.29,0.19,0.97,1인,S308
2_716_6391_12569_13131,niihau_2_716_6391_12569.jpg,Styrofoam_Piece,eps_fragment,0.452,21.8667697,-160.1565725,0.51,0.49,0.249,0.15,0.10,0.50,1인,S307
2_716_6391_12569_13132,niihau_2_716_6391_12569.jpg,plastic debris,plastic_other,0.437,21.8668136,-160.1565084,0.52,0.51,0.265,0.63,0.42,2.12,1인,S307
2_716_6391_12569_13133,niihau_2_716_6391_12569.jpg,PET_Bottle,pet_bottle,0.430,21.8667724,-160.1565626,0.69,0.62,0.426,0.84,0.70,1.41,1인,S307
2_716_6391_12569_13134,niihau_2_716_6391_12569.jpg,plastic debris,plastic_other,0.341,21.8668210,-160.1565810,0.68,0.64,0.437,1.05,0.70,3.50,1인,S307
2_716_6391_12569_13135,niihau_2_716_6391_12569.jpg,plastic debris,plastic_other,0.332,21.8668302,-160.1565375,0.55,0.54,0.295,0.71,0.47,2.36,1인,S307
2_716_6391_12569_13136,niihau_2_716_6391_12569.jpg,plastic debris,plastic_other,0.321,21.8668063,-160.1565379,0.46,0.43,0.198,0.48,0.32,1.59,1인,S307
2_716_6391_12569_13137,niihau_2_716_6391_12569.jpg,Plastic_ETC,plastic_other,0.315,21.8668176,-160.1565003,0.83,0.77,0.634,1.52,1.01,5.07,1인,S307
2_719_14721_3972_13152,niihau_2_719_14721_3972.jpg,Styrofoam_Piece,eps_fragment,0.760,21.8723043,-160.1454402,0.79,0.77,0.608,0.36,0.24,1.22,1인,S309
2_719_14721_3972_13153,niihau_2_719_14721_3972.jpg,Styrofoam_Piece,eps_fragment,0.669,21.8722980,-160.1454432,0.85,0.69,0.580,0.35,0.23,1.16,1인,S309
2_719_14721_3972_13154,niihau_2_719_14721_3972.jpg,plastic debris,plastic_other,0.318,21.8722599,-160.1455012,0.80,0.76,0.611,1.47,0.98,4.89,1인,S309
2_720_2121_785_13170,niihau_2_720_2121_785.jpg,plastic debris,plastic_other,0.747,21.8728940,-160.1447138,0.69,0.66,0.455,1.09,0.73,3.64,1인,S310
2_720_2121_785_13171,niihau_2_720_2121_785.jpg,plastic debris,plastic_other,0.745,21.8728497,-160.1447285,1.53,1.21,1.847,4.43,2.95,14.77,1인,S310
2_720_2121_785_13172,niihau_2_720_2121_785.jpg,plastic debris,plastic_other,0.648,21.8728779,-160.1447593,0.58,0.57,0.326,0.78,0.52,2.61,1인,S311
2_720_787_692_13202,niihau_2_720_787_692.jpg,Styrofoam_Buoy,eps_buoy,0.751,21.8729196,-160.1449419,1.74,1.54,2.689,23.53,10.09,26.89,2인,S311
2_720_787_692_13203,niihau_2_720_787_692.jpg,plastic debris,plastic_other,0.606,21.8728552,-160.1449883,0.67,0.63,0.418,1.00,0.67,3.34,1인,S311
2_720_787_692_13204,niihau_2_720_787_692.jpg,plastic debris,plastic_other,0.447,21.8728862,-160.1449947,0.65,0.60,0.385,0.93,0.62,3.08,1인,S311
2_720_787_692_13205,niihau_2_720_787_692.jpg,plastic debris,plastic_other,0.444,21.8728381,-160.1449931,0.63,0.56,0.352,0.85,0.56,2.82,1인,S311
2_720_787_692_13206,niihau_2_720_787_692.jpg,plastic debris,plastic_other,0.391,21.8728904,-160.1449445,0.85,0.79,0.670,1.61,1.07,5.36,1인,S311
2_720_787_692_13207,niihau_2_720_787_692.jpg,plastic debris,plastic_other,0.357,21.8729101,-160.1449273,0.79,0.76,0.599,1.44,0.96,4.79,1인,S311
2_720_787_692_13208,niihau_2_720_787_692.jpg,plastic debris,plastic_other,0.354,21.8728487,-160.1449276,1.15,1.00,1.149,2.76,1.84,9.19,1인,S311
2_770_12804_7496_13230,niihau_2_770_12804_7496.jpg,Plastic_Buoy,plastic_buoy,0.832,21.8733016,-160.1426287,0.76,0.70,0.532,9.58,4.79,12.78,1인,S312
2_770_12804_7496_13231,niihau_2_770_12804_7496.jpg,Styrofoam_Piece,eps_fragment,0.813,21.8733196,-160.1426978,0.76,0.69,0.527,0.32,0.21,1.05,1인,S312
2_770_12804_7496_13232,niihau_2_770_12804_7496.jpg,Plastic_ETC,plastic_other,0.755,21.8733309,-160.1426280,0.75,0.73,0.542,1.30,0.87,4.34,1인,S312
2_770_12804_7496_13233,niihau_2_770_12804_7496.jpg,plastic debris,plastic_other,0.742,21.8733165,-160.1426595,0.78,0.71,0.552,1.33,0.88,4.42,1인,S312
2_770_12804_7496_13234,niihau_2_770_12804_7496.jpg,Styrofoam_Buoy,eps_buoy,0.736,21.8733046,-160.1426746,0.82,0.81,0.667,5.83,2.50,6.67,1인,S312
2_770_12804_7496_13235,niihau_2_770_12804_7496.jpg,Plastic_ETC,plastic_other,0.715,21.8732860,-160.1426178,0.91,0.82,0.753,1.81,1.20,6.02,1인,S312
2_770_12804_7496_13236,niihau_2_770_12804_7496.jpg,Plastic_Buoy,plastic_buoy,0.705,21.8733137,-160.1426064,0.82,0.76,0.627,11.28,5.64,15.04,1인,S312
2_770_12804_7496_13237,niihau_2_770_12804_7496.jpg,Styrofoam_Piece,eps_fragment,0.701,21.8733099,-160.1427155,0.73,0.72,0.524,0.31,0.21,1.05,1인,S312
2_770_12804_7496_13238,niihau_2_770_12804_7496.jpg,plastic debris,plastic_other,0.670,21.8732946,-160.1425996,0.71,0.33,0.231,0.55,0.37,1.85,1인,S312
2_770_12804_7496_13239,niihau_2_770_12804_7496.jpg,Plastic_Buoy,plastic_buoy,0.596,21.8733257,-160.1426496,0.53,0.52,0.274,4.94,2.47,6.58,1인,S312
2_770_12804_7496_13240,niihau_2_770_12804_7496.jpg,Plastic_ETC,plastic_other,0.564,21.8732733,-160.1426696,1.04,0.85,0.889,2.13,1.42,7.11,1인,S312
2_770_12804_7496_13241,niihau_2_770_12804_7496.jpg,plastic debris,plastic_other,0.527,21.8732814,-160.1426908,0.77,0.75,0.582,1.40,0.93,4.66,1인,S312
2_770_12804_7496_13242,niihau_2_770_12804_7496.jpg,Styrofoam_Piece,eps_fragment,0.478,21.8733096,-160.1426910,0.95,0.85,0.806,0.48,0.32,1.61,1인,S312
2_770_12804_7496_13243,niihau_2_770_12804_7496.jpg,Plastic_ETC,plastic_other,0.432,21.8732800,-160.1426151,0.74,0.70,0.522,1.25,0.83,4.17,1인,S312
2_770_12804_7496_13244,niihau_2_770_12804_7496.jpg,plastic debris,plastic_other,0.407,21.8733261,-160.1426705,0.81,0.78,0.633,1.52,1.01,5.07,1인,S312
2_770_12804_7496_13245,niihau_2_770_12804_7496.jpg,Styrofoam_Piece,eps_fragment,0.398,21.8732738,-160.1426334,0.68,0.66,0.442,0.27,0.18,0.88,1인,S312
2_770_12804_7496_13246,niihau_2_770_12804_7496.jpg,plastic debris,plastic_other,0.365,21.8732542,-160.1426101,0.75,0.74,0.558,1.34,0.89,4.46,1인,S312
2_770_12804_7496_13247,niihau_2_770_12804_7496.jpg,Plastic_ETC,plastic_other,0.359,21.8733336,-160.1426488,1.12,1.09,1.226,2.94,1.96,9.81,1인,S312
2_770_12804_7496_13248,niihau_2_770_12804_7496.jpg,plastic debris,plastic_other,0.325,21.8732870,-160.1426324,1.02,0.86,0.875,2.10,1.40,7.00,1인,S312
2_770_12804_7496_13249,niihau_2_770_12804_7496.jpg,plastic debris,plastic_other,0.318,21.8733080,-160.1426397,0.42,0.42,0.174,0.42,0.28,1.39,1인,S312
2_770_12804_7496_13250,niihau_2_770_12804_7496.jpg,plastic debris,plastic_other,0.307,21.8732981,-160.1426889,1.21,0.98,1.186,2.85,1.90,9.49,1인,S312
2_770_8981_8354_13276,niihau_2_770_8981_8354.jpg,Plastic_Buoy,plastic_buoy,0.768,21.8731400,-160.1433463,0.74,0.74,0.544,9.79,4.89,13.05,1인,S313
2_770_8981_8354_13277,niihau_2_770_8981_8354.jpg,Plastic_ETC,plastic_other,0.714,21.8731308,-160.1433986,0.97,0.96,0.934,2.24,1.49,7.47,1인,S313
2_770_8981_8354_13278,niihau_2_770_8981_8354.jpg,Plastic_Buoy,plastic_buoy,0.707,21.8731363,-160.1433911,0.67,0.66,0.446,8.03,4.02,10.71,1인,S313
2_770_8981_8354_13279,niihau_2_770_8981_8354.jpg,Styrofoam_Piece,eps_fragment,0.650,21.8731031,-160.1434012,0.71,0.65,0.460,0.28,0.18,0.92,1인,S313
2_770_8981_8354_13280,niihau_2_770_8981_8354.jpg,plastic debris,plastic_other,0.599,21.8731094,-160.1434358,0.65,0.62,0.406,0.97,0.65,3.25,1인,S313
2_770_8981_8354_13281,niihau_2_770_8981_8354.jpg,plastic debris,plastic_other,0.587,21.8731527,-160.1433813,0.61,0.59,0.354,0.85,0.57,2.84,1인,S313
2_770_8981_8354_13282,niihau_2_770_8981_8354.jpg,plastic debris,plastic_other,0.585,21.8730973,-160.1433509,0.73,0.69,0.502,1.20,0.80,4.01,1인,S313
2_770_8981_8354_13283,niihau_2_770_8981_8354.jpg,plastic debris,plastic_other,0.548,21.8731131,-160.1434040,0.55,0.55,0.300,0.72,0.48,2.40,1인,S313
2_770_8981_8354_13284,niihau_2_770_8981_8354.jpg,Plastic_ETC,plastic_other,0.543,21.8731610,-160.1433821,0.72,0.70,0.501,1.20,0.80,4.01,1인,S313
2_770_8981_8354_13285,niihau_2_770_8981_8354.jpg,plastic debris,plastic_other,0.526,21.8731567,-160.1433518,0.54,0.54,0.294,0.71,0.47,2.35,1인,S313
2_770_8981_8354_13286,niihau_2_770_8981_8354.jpg,Plastic_Buoy,plastic_buoy,0.526,21.8731500,-160.1433387,0.72,0.38,0.270,4.86,2.43,6.47,1인,S313
2_770_8981_8354_13287,niihau_2_770_8981_8354.jpg,plastic debris,plastic_other,0.524,21.8731398,-160.1434083,0.58,0.57,0.328,0.79,0.52,2.62,1인,S313
2_770_8981_8354_13288,niihau_2_770_8981_8354.jpg,plastic debris,plastic_other,0.521,21.8731815,-160.1433965,0.39,0.38,0.148,0.35,0.24,1.18,1인,S313
2_770_8981_8354_13289,niihau_2_770_8981_8354.jpg,plastic debris,plastic_other,0.487,21.8731604,-160.1433389,0.46,0.41,0.188,0.45,0.30,1.51,1인,S313
2_770_8981_8354_13290,niihau_2_770_8981_8354.jpg,plastic debris,plastic_other,0.472,21.8731836,-160.1434001,0.54,0.54,0.291,0.70,0.47,2.33,1인,S313
2_770_8981_8354_13291,niihau_2_770_8981_8354.jpg,plastic debris,plastic_other,0.466,21.8731847,-160.1433590,0.48,0.48,0.230,0.55,0.37,1.84,1인,S313
2_770_8981_8354_13292,niihau_2_770_8981_8354.jpg,plastic debris,plastic_other,0.450,21.8731860,-160.1433898,0.48,0.44,0.209,0.50,0.33,1.67,1인,S313
2_770_8981_8354_13293,niihau_2_770_8981_8354.jpg,plastic debris,plastic_other,0.436,21.8731589,-160.1433767,0.65,0.63,0.408,0.98,0.65,3.27,1인,S313
2_770_8981_8354_13294,niihau_2_770_8981_8354.jpg,plastic debris,plastic_other,0.416,21.8730814,-160.1434276,0.67,0.62,0.416,1.00,0.67,3.33,1인,S313
2_770_8981_8354_13295,niihau_2_770_8981_8354.jpg,plastic debris,plastic_other,0.379,21.8731663,-160.1433792,0.53,0.53,0.278,0.67,0.45,2.23,1인,S313
2_770_8981_8354_13296,niihau_2_770_8981_8354.jpg,plastic debris,plastic_other,0.361,21.8731323,-160.1433758,0.82,0.79,0.649,1.56,1.04,5.19,1인,S313
2_770_8981_8354_13297,niihau_2_770_8981_8354.jpg,plastic debris,plastic_other,0.333,21.8730826,-160.1433778,0.73,0.64,0.469,1.13,0.75,3.75,1인,S313
2_770_8981_8354_13298,niihau_2_770_8981_8354.jpg,Plastic_Buoy,plastic_buoy,0.327,21.8731191,-160.1434034,0.65,0.65,0.423,7.62,3.81,10.16,1인,S313
2_770_9206_7919_13330,niihau_2_770_9206_7919.jpg,Plastic_Buoy,plastic_buoy,0.654,21.8732193,-160.1433665,0.73,0.72,0.528,9.51,4.76,12.68,1인,S313
2_770_9206_7919_13331,niihau_2_770_9206_7919.jpg,Plastic_Buoy,plastic_buoy,0.630,21.8732228,-160.1433178,0.63,0.61,0.385,6.93,3.47,9.25,1인,S313
2_770_9206_7919_13332,niihau_2_770_9206_7919.jpg,plastic debris,plastic_other,0.596,21.8731773,-160.1433135,0.72,0.68,0.486,1.17,0.78,3.89,1인,S313
2_770_9206_7919_13333,niihau_2_770_9206_7919.jpg,Plastic_ETC,plastic_other,0.581,21.8731609,-160.1433822,0.77,0.72,0.550,1.32,0.88,4.40,1인,S313
2_770_9206_7919_13334,niihau_2_770_9206_7919.jpg,plastic debris,plastic_other,0.575,21.8731738,-160.1433235,0.55,0.51,0.284,0.68,0.45,2.27,1인,S313
2_770_9206_7919_13335,niihau_2_770_9206_7919.jpg,plastic debris,plastic_other,0.571,21.8732095,-160.1433551,0.76,0.67,0.509,1.22,0.81,4.07,1인,S313
2_770_9206_7919_13336,niihau_2_770_9206_7919.jpg,plastic debris,plastic_other,0.570,21.8731664,-160.1433792,0.56,0.55,0.310,0.74,0.50,2.48,1인,S313
2_770_9206_7919_13337,niihau_2_770_9206_7919.jpg,plastic debris,plastic_other,0.534,21.8732104,-160.1433797,0.53,0.52,0.275,0.66,0.44,2.20,1인,S313
2_770_9206_7919_13338,niihau_2_770_9206_7919.jpg,plastic debris,plastic_other,0.509,21.8731849,-160.1433589,0.59,0.56,0.328,0.79,0.52,2.62,1인,S313
2_770_9206_7919_13339,niihau_2_770_9206_7919.jpg,plastic debris,plastic_other,0.483,21.8732234,-160.1433327,0.58,0.55,0.317,0.76,0.51,2.54,1인,S313
2_770_9206_7919_13340,niihau_2_770_9206_7919.jpg,plastic debris,plastic_other,0.482,21.8731815,-160.1433963,0.41,0.38,0.153,0.37,0.25,1.23,1인,S313
2_770_9206_7919_13341,niihau_2_770_9206_7919.jpg,plastic debris,plastic_other,0.468,21.8731859,-160.1433898,0.46,0.43,0.201,0.48,0.32,1.60,1인,S313
2_770_9206_7919_13342,niihau_2_770_9206_7919.jpg,plastic debris,plastic_other,0.455,21.8731599,-160.1433167,0.50,0.47,0.234,0.56,0.38,1.88,1인,S313
2_770_9206_7919_13343,niihau_2_770_9206_7919.jpg,plastic debris,plastic_other,0.444,21.8731604,-160.1433386,0.49,0.46,0.225,0.54,0.36,1.80,1인,S313
2_770_9206_7919_13344,niihau_2_770_9206_7919.jpg,plastic debris,plastic_other,0.444,21.8731587,-160.1433769,0.66,0.64,0.426,1.02,0.68,3.41,1인,S313
2_770_9206_7919_13345,niihau_2_770_9206_7919.jpg,plastic debris,plastic_other,0.443,21.8731570,-160.1433520,0.64,0.62,0.401,0.96,0.64,3.21,1인,S313
2_770_9206_7919_13346,niihau_2_770_9206_7919.jpg,plastic debris,plastic_other,0.432,21.8731537,-160.1433814,0.63,0.47,0.294,0.71,0.47,2.35,1인,S313
2_770_9206_7919_13347,niihau_2_770_9206_7919.jpg,plastic debris,plastic_other,0.398,21.8731836,-160.1434001,0.56,0.56,0.315,0.76,0.50,2.52,1인,S313
2_770_9206_7919_13348,niihau_2_770_9206_7919.jpg,plastic debris,plastic_other,0.345,21.8732020,-160.1433443,0.71,0.64,0.456,1.09,0.73,3.65,1인,S313
2_770_9206_7919_13349,niihau_2_770_9206_7919.jpg,plastic debris,plastic_other,0.327,21.8731660,-160.1433676,0.59,0.57,0.338,0.81,0.54,2.70,1인,S313
2_770_9206_7919_13350,niihau_2_770_9206_7919.jpg,plastic debris,plastic_other,0.320,21.8732588,-160.1433014,1.33,0.96,1.273,3.06,2.04,10.19,1인,S313
2_770_9206_7919_13351,niihau_2_770_9206_7919.jpg,Plastic_Buoy,plastic_buoy,0.311,21.8732051,-160.1434037,0.77,0.71,0.549,9.88,4.94,13.17,1인,S313
2_770_9299_8252_13380,niihau_2_770_9299_8252.jpg,Plastic_Buoy,plastic_buoy,0.736,21.8731499,-160.1433369,0.77,0.76,0.584,10.52,5.26,14.03,1인,S313
2_770_9299_8252_13381,niihau_2_770_9299_8252.jpg,Plastic_Buoy,plastic_buoy,0.639,21.8731364,-160.1433912,0.68,0.68,0.467,8.40,4.20,11.20,1인,S313
2_770_9299_8252_13382,niihau_2_770_9299_8252.jpg,Plastic_ETC,plastic_other,0.605,21.8731611,-160.1433821,0.74,0.73,0.538,1.29,0.86,4.31,1인,S313
2_770_9299_8252_13383,niihau_2_770_9299_8252.jpg,plastic debris,plastic_other,0.596,21.8731587,-160.1433769,0.66,0.65,0.430,1.03,0.69,3.44,1인,S313
2_770_9299_8252_13384,niihau_2_770_9299_8252.jpg,Plastic_Buoy,plastic_buoy,0.576,21.8731399,-160.1433463,0.78,0.77,0.596,10.72,5.36,14.30,1인,S313
2_770_9299_8252_13385,niihau_2_770_9299_8252.jpg,Plastic_Buoy,plastic_buoy,0.555,21.8731772,-160.1433135,0.67,0.61,0.407,7.33,3.67,9.77,1인,S313
2_770_9299_8252_13386,niihau_2_770_9299_8252.jpg,plastic debris,plastic_other,0.530,21.8731527,-160.1433814,0.66,0.65,0.433,1.04,0.69,3.46,1인,S313
2_770_9299_8252_13387,niihau_2_770_9299_8252.jpg,plastic debris,plastic_other,0.514,21.8731603,-160.1433388,0.45,0.44,0.200,0.48,0.32,1.60,1인,S313
2_770_9299_8252_13388,niihau_2_770_9299_8252.jpg,plastic debris,plastic_other,0.492,21.8731663,-160.1433793,0.54,0.53,0.284,0.68,0.45,2.27,1인,S313
2_770_9299_8252_13389,niihau_2_770_9299_8252.jpg,plastic debris,plastic_other,0.471,21.8731738,-160.1433236,0.49,0.47,0.226,0.54,0.36,1.81,1인,S313
2_770_9299_8252_13390,niihau_2_770_9299_8252.jpg,plastic debris,plastic_other,0.465,21.8731568,-160.1433518,0.59,0.57,0.335,0.80,0.54,2.68,1인,S313
2_770_9299_8252_13391,niihau_2_770_9299_8252.jpg,plastic debris,plastic_other,0.431,21.8731269,-160.1433659,0.56,0.56,0.314,0.75,0.50,2.51,1인,S313
2_770_9299_8252_13392,niihau_2_770_9299_8252.jpg,plastic debris,plastic_other,0.421,21.8731599,-160.1433168,0.50,0.48,0.242,0.58,0.39,1.93,1인,S313
2_770_9299_8252_13393,niihau_2_770_9299_8252.jpg,plastic debris,plastic_other,0.363,21.8731313,-160.1433785,0.68,0.68,0.462,1.11,0.74,3.70,1인,S313
2_770_9299_8252_13394,niihau_2_770_9299_8252.jpg,plastic debris,plastic_other,0.340,21.8731199,-160.1433267,0.70,0.69,0.480,1.15,0.77,3.84,1인,S313
2_770_9299_8252_13395,niihau_2_770_9299_8252.jpg,plastic debris,plastic_other,0.332,21.8731318,-160.1433959,1.87,0.63,1.170,2.81,1.87,9.36,1인,S313
2_770_9299_8252_13396,niihau_2_770_9299_8252.jpg,plastic debris,plastic_other,0.321,21.8732019,-160.1433443,0.68,0.58,0.398,0.95,0.64,3.18,1인,S313
2_770_9299_8252_13397,niihau_2_770_9299_8252.jpg,plastic debris,plastic_other,0.302,21.8731859,-160.1433897,0.46,0.43,0.198,0.47,0.32,1.58,1인,S313
2_770_9299_8252_13398,niihau_2_770_9299_8252.jpg,plastic debris,plastic_other,0.301,21.8731019,-160.1433018,0.61,0.60,0.369,0.88,0.59,2.95,1인,S313
2_771_4923_6607_13432,niihau_2_771_4923_6607.jpg,Styrofoam_Buoy,eps_buoy,0.776,21.8735449,-160.1410470,1.65,1.44,2.377,20.80,8.91,23.77,2인,S314
2_771_4923_6607_13433,niihau_2_771_4923_6607.jpg,Plastic_Buoy,plastic_buoy,0.773,21.8735922,-160.1410252,0.72,0.69,0.497,8.95,4.48,11.94,1인,S314
2_771_4923_6607_13434,niihau_2_771_4923_6607.jpg,plastic debris,plastic_other,0.721,21.8736226,-160.1410684,0.58,0.56,0.324,0.78,0.52,2.59,1인,S314
2_771_4923_6607_13435,niihau_2_771_4923_6607.jpg,Plastic_ETC,plastic_other,0.686,21.8735281,-160.1409770,0.84,0.62,0.519,1.25,0.83,4.15,1인,S314
2_771_4923_6607_13436,niihau_2_771_4923_6607.jpg,Plastic_Buoy,plastic_buoy,0.654,21.8735921,-160.1410583,0.84,0.77,0.649,11.69,5.85,15.59,1인,S314
2_771_4923_6607_13437,niihau_2_771_4923_6607.jpg,Styrofoam_Piece,eps_fragment,0.637,21.8735826,-160.1410252,0.85,0.77,0.652,0.39,0.26,1.30,1인,S314
2_771_4923_6607_13438,niihau_2_771_4923_6607.jpg,plastic debris,plastic_other,0.538,21.8735990,-160.1410676,0.75,0.71,0.532,1.28,0.85,4.26,1인,S314
2_771_4923_6607_13439,niihau_2_771_4923_6607.jpg,plastic debris,plastic_other,0.471,21.8735972,-160.1410717,0.65,0.62,0.404,0.97,0.65,3.23,1인,S314
2_771_4923_6607_13440,niihau_2_771_4923_6607.jpg,plastic debris,plastic_other,0.442,21.8735719,-160.1410107,0.59,0.57,0.334,0.80,0.53,2.67,1인,S314
2_771_4923_6607_13441,niihau_2_771_4923_6607.jpg,Styrofoam_Piece,eps_fragment,0.424,21.8736328,-160.1410055,0.56,0.53,0.296,0.18,0.12,0.59,1인,S314
2_771_4923_6607_13442,niihau_2_771_4923_6607.jpg,plastic debris,plastic_other,0.314,21.8736135,-160.1410729,0.44,0.43,0.191,0.46,0.30,1.52,1인,S314
2_771_4923_6607_13443,niihau_2_771_4923_6607.jpg,plastic debris,plastic_other,0.309,21.8735771,-160.1410044,0.98,0.62,0.610,1.46,0.98,4.88,1인,S314
2_771_9296_7276_13464,niihau_2_771_9296_7276.jpg,plastic debris,plastic_other,0.721,21.8734678,-160.1401778,0.68,0.67,0.454,1.09,0.73,3.63,1인,S315
2_775_10249_5171_13467,niihau_2_775_10249_5171.jpg,Plastic_Buoy,plastic_buoy,0.839,21.8775629,-160.1273978,0.68,0.67,0.454,8.18,4.09,10.90,1인,S316
2_775_10249_5171_13468,niihau_2_775_10249_5171.jpg,Styrofoam_Piece,eps_fragment,0.768,21.8775227,-160.1273814,0.83,0.79,0.654,0.39,0.26,1.31,1인,S316
2_775_10249_5171_13469,niihau_2_775_10249_5171.jpg,Plastic_Buoy,plastic_buoy,0.731,21.8775375,-160.1273970,0.62,0.60,0.372,6.70,3.35,8.93,1인,S316
2_775_10249_5171_13470,niihau_2_775_10249_5171.jpg,Plastic_Buoy,plastic_buoy,0.611,21.8775330,-160.1273996,0.68,0.64,0.439,7.90,3.95,10.53,1인,S316
2_775_10249_5171_13471,niihau_2_775_10249_5171.jpg,plastic debris,plastic_other,0.581,21.8775547,-160.1274144,0.67,0.64,0.428,1.03,0.69,3.43,1인,S316
2_775_10249_5171_13472,niihau_2_775_10249_5171.jpg,plastic debris,plastic_other,0.559,21.8775453,-160.1274173,0.66,0.63,0.417,1.00,0.67,3.34,1인,S316
2_775_10249_5171_13473,niihau_2_775_10249_5171.jpg,Net,net,0.537,21.8775792,-160.1273619,0.68,0.32,0.220,3.96,1.65,9.91,1인,S316
2_775_10249_5171_13474,niihau_2_775_10249_5171.jpg,plastic debris,plastic_other,0.528,21.8774964,-160.1273638,0.52,0.46,0.240,0.58,0.38,1.92,1인,S317
2_775_10249_5171_13475,niihau_2_775_10249_5171.jpg,plastic debris,plastic_other,0.504,21.8775364,-160.1274001,0.53,0.49,0.258,0.62,0.41,2.06,1인,S316
2_775_10249_5171_13476,niihau_2_775_10249_5171.jpg,plastic debris,plastic_other,0.459,21.8775074,-160.1274181,0.61,0.57,0.352,0.84,0.56,2.81,1인,S317
2_775_10249_5171_13477,niihau_2_775_10249_5171.jpg,plastic debris,plastic_other,0.414,21.8775554,-160.1273851,1.21,1.19,1.436,3.45,2.30,11.49,1인,S316
2_775_10249_5171_13478,niihau_2_775_10249_5171.jpg,plastic debris,plastic_other,0.326,21.8775700,-160.1273685,0.61,0.60,0.365,0.88,0.58,2.92,1인,S316
2_775_10249_5171_13479,niihau_2_775_10249_5171.jpg,plastic debris,plastic_other,0.313,21.8775470,-160.1274024,0.56,0.54,0.305,0.73,0.49,2.44,1인,S316
2_775_10367_4834_13516,niihau_2_775_10367_4834.jpg,Plastic_Buoy,plastic_buoy,0.835,21.8775629,-160.1273977,0.73,0.70,0.510,9.19,4.59,12.25,1인,S316
2_775_10367_4834_13517,niihau_2_775_10367_4834.jpg,plastic debris,plastic_other,0.641,21.8776051,-160.1273233,0.59,0.58,0.337,0.81,0.54,2.70,1인,S316
2_775_10367_4834_13518,niihau_2_775_10367_4834.jpg,Net,net,0.636,21.8775811,-160.1273618,0.73,0.72,0.525,9.44,3.93,23.61,2인,S316
2_775_10367_4834_13519,niihau_2_775_10367_4834.jpg,Plastic_Buoy,plastic_buoy,0.631,21.8775375,-160.1273970,0.66,0.63,0.417,7.51,3.76,10.01,1인,S316
2_775_10367_4834_13520,niihau_2_775_10367_4834.jpg,Plastic_Buoy,plastic_buoy,0.628,21.8775329,-160.1273995,0.75,0.69,0.519,9.35,4.67,12.46,1인,S316
2_775_10367_4834_13521,niihau_2_775_10367_4834.jpg,plastic debris,plastic_other,0.550,21.8775832,-160.1273668,0.52,0.48,0.250,0.60,0.40,2.00,1인,S316
2_775_10367_4834_13522,niihau_2_775_10367_4834.jpg,plastic debris,plastic_other,0.392,21.8775359,-160.1273999,0.61,0.54,0.328,0.79,0.52,2.62,1인,S316
2_775_10367_4834_13523,niihau_2_775_10367_4834.jpg,plastic debris,plastic_other,0.385,21.8775545,-160.1274123,0.79,0.38,0.295,0.71,0.47,2.36,1인,S316
2_775_10367_4834_13524,niihau_2_775_10367_4834.jpg,plastic debris,plastic_other,0.379,21.8775554,-160.1273852,1.32,1.28,1.690,4.06,2.70,13.52,1인,S316
2_775_8473_8295_13544,niihau_2_775_8473_8295.jpg,Plastic_Buoy,plastic_buoy,0.855,21.8769742,-160.1277397,0.61,0.60,0.364,6.55,3.28,8.73,1인,S318
2_775_8473_8295_13545,niihau_2_775_8473_8295.jpg,Plastic_Buoy,plastic_buoy,0.808,21.8769395,-160.1276706,0.71,0.70,0.498,8.97,4.48,11.95,1인,S318
2_775_8473_8295_13546,niihau_2_775_8473_8295.jpg,plastic debris,plastic_other,0.575,21.8769561,-160.1277143,0.86,0.76,0.653,1.57,1.04,5.22,1인,S318
2_775_8473_8295_13547,niihau_2_775_8473_8295.jpg,plastic debris,plastic_other,0.553,21.8769314,-160.1276670,0.61,0.57,0.347,0.83,0.55,2.77,1인,S318
2_775_8473_8295_13548,niihau_2_775_8473_8295.jpg,Net,net,0.531,21.8769446,-160.1276774,0.55,0.54,0.297,5.35,2.23,13.39,1인,S318
2_775_8473_8295_13549,niihau_2_775_8473_8295.jpg,Plastic_Buoy,plastic_buoy,0.513,21.8769154,-160.1276790,0.86,0.80,0.681,12.26,6.13,16.35,1인,S318
2_775_8473_8295_13550,niihau_2_775_8473_8295.jpg,plastic debris,plastic_other,0.494,21.8769411,-160.1276774,0.47,0.43,0.202,0.49,0.32,1.62,1인,S318
2_775_8809_8374_13570,niihau_2_775_8809_8374.jpg,Plastic_Buoy,plastic_buoy,0.788,21.8769395,-160.1276706,0.70,0.69,0.481,8.66,4.33,11.55,1인,S318
2_775_8809_8374_13571,niihau_2_775_8809_8374.jpg,Plastic_ETC,plastic_other,0.619,21.8769154,-160.1276791,0.84,0.78,0.658,1.58,1.05,5.26,1인,S318
2_775_8809_8374_13572,niihau_2_775_8809_8374.jpg,plastic debris,plastic_other,0.592,21.8769425,-160.1276490,0.50,0.46,0.232,0.56,0.37,1.85,1인,S318
2_775_8809_8374_13573,niihau_2_775_8809_8374.jpg,Net,net,0.529,21.8769446,-160.1276773,0.58,0.53,0.310,5.57,2.32,13.93,1인,S318
2_775_8809_8374_13574,niihau_2_775_8809_8374.jpg,plastic debris,plastic_other,0.506,21.8769314,-160.1276669,0.61,0.57,0.342,0.82,0.55,2.74,1인,S318
2_775_8809_8374_13575,niihau_2_775_8809_8374.jpg,plastic debris,plastic_other,0.439,21.8769411,-160.1276774,0.44,0.43,0.188,0.45,0.30,1.51,1인,S318
2_775_8809_8374_13576,niihau_2_775_8809_8374.jpg,Styrofoam_Buoy,eps_buoy,0.403,21.8768916,-160.1276724,2.12,1.63,3.460,30.28,12.98,34.60,2인,S318
2_775_8809_8374_13577,niihau_2_775_8809_8374.jpg,plastic debris,plastic_other,0.391,21.8769594,-160.1275894,0.57,0.46,0.265,0.64,0.42,2.12,1인,S318
2_775_8809_8374_13578,niihau_2_775_8809_8374.jpg,plastic debris,plastic_other,0.307,21.8769260,-160.1276832,0.44,0.43,0.191,0.46,0.31,1.53,1인,S318
2_775_9449_6462_13601,niihau_2_775_9449_6462.jpg,Plastic_Buoy,plastic_buoy,0.835,21.8772964,-160.1275254,0.65,0.64,0.413,7.43,3.71,9.90,1인,S317
2_775_9449_6462_13602,niihau_2_775_9449_6462.jpg,Plastic_Buoy,plastic_buoy,0.792,21.8773279,-160.1275671,0.71,0.65,0.460,8.27,4.14,11.03,1인,S317
2_775_9449_6462_13603,niihau_2_775_9449_6462.jpg,Net,net,0.722,21.8773149,-160.1275526,0.66,0.65,0.424,7.63,3.18,19.06,1인,S317
2_775_9449_6462_13604,niihau_2_775_9449_6462.jpg,plastic debris,plastic_other,0.722,21.8773054,-160.1275213,0.68,0.66,0.446,1.07,0.71,3.57,1인,S317
2_775_9449_6462_13605,niihau_2_775_9449_6462.jpg,Styrofoam_Piece,eps_fragment,0.679,21.8772884,-160.1275276,0.87,0.78,0.679,0.41,0.27,1.36,1인,S317
2_775_9449_6462_13606,niihau_2_775_9449_6462.jpg,Plastic_Buoy,plastic_buoy,0.657,21.8773259,-160.1275718,0.52,0.48,0.251,4.51,2.26,6.02,1인,S317
2_775_9449_6462_13607,niihau_2_775_9449_6462.jpg,Plastic_Buoy,plastic_buoy,0.617,21.8772330,-160.1274802,0.68,0.43,0.292,5.26,2.63,7.01,1인,S317
2_775_9449_6462_13608,niihau_2_775_9449_6462.jpg,plastic debris,plastic_other,0.559,21.8773180,-160.1275427,0.53,0.52,0.274,0.66,0.44,2.19,1인,S317
2_775_9449_6462_13609,niihau_2_775_9449_6462.jpg,plastic debris,plastic_other,0.553,21.8773128,-160.1275581,0.73,0.62,0.447,1.07,0.72,3.58,1인,S317
2_775_9449_6462_13610,niihau_2_775_9449_6462.jpg,plastic debris,plastic_other,0.552,21.8773153,-160.1275828,1.47,1.36,2.006,4.81,3.21,16.05,1인,S317
2_775_9449_6462_13611,niihau_2_775_9449_6462.jpg,plastic debris,plastic_other,0.517,21.8772899,-160.1274707,1.62,1.00,1.612,3.87,2.58,12.89,1인,S317
2_775_9449_6462_13612,niihau_2_775_9449_6462.jpg,plastic debris,plastic_other,0.508,21.8773053,-160.1275719,0.96,0.96,0.925,2.22,1.48,7.40,1인,S317
2_775_9449_6462_13613,niihau_2_775_9449_6462.jpg,plastic debris,plastic_other,0.490,21.8773319,-160.1275731,0.54,0.51,0.277,0.67,0.44,2.22,1인,S317
2_775_9449_6462_13614,niihau_2_775_9449_6462.jpg,plastic debris,plastic_other,0.370,21.8773257,-160.1275107,0.69,0.65,0.450,1.08,0.72,3.60,1인,S317
2_775_9449_6462_13615,niihau_2_775_9449_6462.jpg,plastic debris,plastic_other,0.368,21.8773092,-160.1275760,0.42,0.40,0.166,0.40,0.27,1.33,1인,S317
2_775_9449_6462_13616,niihau_2_775_9449_6462.jpg,plastic debris,plastic_other,0.368,21.8772683,-160.1274861,0.50,0.42,0.211,0.51,0.34,1.68,1인,S317
2_775_9449_6462_13617,niihau_2_775_9449_6462.jpg,plastic debris,plastic_other,0.341,21.8773191,-160.1275297,0.42,0.41,0.170,0.41,0.27,1.36,1인,S317
2_775_9449_6462_13618,niihau_2_775_9449_6462.jpg,plastic debris,plastic_other,0.305,21.8772571,-160.1275405,0.51,0.47,0.242,0.58,0.39,1.94,1인,S317
2_775_9472_6089_13645,niihau_2_775_9472_6089.jpg,Plastic_Buoy,plastic_buoy,0.860,21.8773742,-160.1275401,0.72,0.72,0.518,9.32,4.66,12.43,1인,S317
2_775_9472_6089_13646,niihau_2_775_9472_6089.jpg,Plastic_Buoy,plastic_buoy,0.773,21.8773148,-160.1275526,0.70,0.69,0.479,8.62,4.31,11.49,1인,S317
2_775_9472_6089_13647,niihau_2_775_9472_6089.jpg,Plastic_Buoy,plastic_buoy,0.751,21.8773279,-160.1275671,0.74,0.68,0.504,9.07,4.53,12.09,1인,S317
2_775_9472_6089_13648,niihau_2_775_9472_6089.jpg,Plastic_ETC,plastic_other,0.711,21.8773054,-160.1275212,0.67,0.64,0.431,1.03,0.69,3.45,1인,S317
2_775_9472_6089_13649,niihau_2_775_9472_6089.jpg,plastic debris,plastic_other,0.690,21.8773479,-160.1275323,0.54,0.52,0.281,0.67,0.45,2.25,1인,S317
2_775_9472_6089_13650,niihau_2_775_9472_6089.jpg,plastic debris,plastic_other,0.657,21.8773628,-160.1275227,0.65,0.64,0.418,1.00,0.67,3.35,1인,S317
2_775_9472_6089_13651,niihau_2_775_9472_6089.jpg,Plastic_Buoy,plastic_buoy,0.637,21.8773259,-160.1275717,0.53,0.50,0.265,4.77,2.38,6.36,1인,S317
2_775_9472_6089_13652,niihau_2_775_9472_6089.jpg,plastic debris,plastic_other,0.603,21.8773562,-160.1275241,1.13,0.96,1.083,2.60,1.73,8.67,1인,S317
2_775_9472_6089_13653,niihau_2_775_9472_6089.jpg,plastic debris,plastic_other,0.583,21.8773180,-160.1275426,0.54,0.53,0.285,0.68,0.46,2.28,1인,S317
2_775_9472_6089_13654,niihau_2_775_9472_6089.jpg,plastic debris,plastic_other,0.525,21.8773128,-160.1275581,0.75,0.67,0.501,1.20,0.80,4.01,1인,S317
2_775_9472_6089_13655,niihau_2_775_9472_6089.jpg,plastic debris,plastic_other,0.507,21.8773629,-160.1275517,0.61,0.60,0.366,0.88,0.59,2.93,1인,S317
2_775_9472_6089_13656,niihau_2_775_9472_6089.jpg,plastic debris,plastic_other,0.500,21.8773052,-160.1275720,0.98,0.96,0.948,2.28,1.52,7.58,1인,S317
2_775_9472_6089_13657,niihau_2_775_9472_6089.jpg,plastic debris,plastic_other,0.479,21.8773320,-160.1275732,0.56,0.53,0.297,0.71,0.48,2.38,1인,S317
2_775_9472_6089_13658,niihau_2_775_9472_6089.jpg,plastic debris,plastic_other,0.478,21.8773492,-160.1275467,0.56,0.54,0.307,0.74,0.49,2.46,1인,S317
2_775_9472_6089_13659,niihau_2_775_9472_6089.jpg,plastic debris,plastic_other,0.474,21.8773562,-160.1275294,0.64,0.64,0.406,0.98,0.65,3.25,1인,S317
2_775_9472_6089_13660,niihau_2_775_9472_6089.jpg,plastic debris,plastic_other,0.373,21.8773257,-160.1275108,0.66,0.64,0.417,1.00,0.67,3.34,1인,S317
2_775_9472_6089_13661,niihau_2_775_9472_6089.jpg,plastic debris,plastic_other,0.356,21.8773127,-160.1275774,0.60,0.55,0.327,0.78,0.52,2.62,1인,S317
2_775_9738_5604_13684,niihau_2_775_9738_5604.jpg,Plastic_Buoy,plastic_buoy,0.815,21.8774722,-160.1274676,0.66,0.66,0.440,7.92,3.96,10.56,1인,S317
2_775_9738_5604_13685,niihau_2_775_9738_5604.jpg,Plastic_Buoy,plastic_buoy,0.796,21.8774927,-160.1274525,0.71,0.69,0.486,8.75,4.37,11.66,1인,S317
2_775_9738_5604_13686,niihau_2_775_9738_5604.jpg,Plastic_Buoy,plastic_buoy,0.792,21.8774395,-160.1274935,0.63,0.61,0.383,6.89,3.44,9.19,1인,S317
2_775_9738_5604_13687,niihau_2_775_9738_5604.jpg,Plastic_Buoy,plastic_buoy,0.730,21.8774695,-160.1274764,0.68,0.66,0.450,8.10,4.05,10.80,1인,S317
2_775_9738_5604_13688,niihau_2_775_9738_5604.jpg,plastic debris,plastic_other,0.665,21.8774679,-160.1274622,0.52,0.51,0.268,0.64,0.43,2.15,1인,S317
2_775_9738_5604_13689,niihau_2_775_9738_5604.jpg,plastic debris,plastic_other,0.664,21.8774248,-160.1275014,0.57,0.53,0.298,0.71,0.48,2.38,1인,S317
2_775_9738_5604_13690,niihau_2_775_9738_5604.jpg,Plastic_Buoy,plastic_buoy,0.630,21.8774203,-160.1275056,0.71,0.71,0.502,9.04,4.52,12.05,1인,S317
2_775_9738_5604_13691,niihau_2_775_9738_5604.jpg,plastic debris,plastic_other,0.604,21.8774714,-160.1274631,0.57,0.56,0.318,0.76,0.51,2.54,1인,S317
2_775_9738_5604_13692,niihau_2_775_9738_5604.jpg,plastic debris,plastic_other,0.569,21.8774205,-160.1274677,0.56,0.56,0.314,0.75,0.50,2.51,1인,S317
2_775_9738_5604_13693,niihau_2_775_9738_5604.jpg,plastic debris,plastic_other,0.559,21.8774342,-160.1274936,0.58,0.54,0.311,0.75,0.50,2.49,1인,S317
2_775_9738_5604_13694,niihau_2_775_9738_5604.jpg,plastic debris,plastic_other,0.511,21.8774614,-160.1274845,0.45,0.43,0.191,0.46,0.31,1.53,1인,S317
2_775_9738_5604_13695,niihau_2_775_9738_5604.jpg,plastic debris,plastic_other,0.509,21.8774746,-160.1274775,0.67,0.67,0.449,1.08,0.72,3.59,1인,S317
2_775_9738_5604_13696,niihau_2_775_9738_5604.jpg,plastic debris,plastic_other,0.388,21.8774440,-160.1274732,0.45,0.44,0.197,0.47,0.31,1.57,1인,S317
2_775_9738_5604_13697,niihau_2_775_9738_5604.jpg,plastic debris,plastic_other,0.350,21.8774255,-160.1274603,0.45,0.43,0.196,0.47,0.31,1.57,1인,S317
2_775_9738_5604_13698,niihau_2_775_9738_5604.jpg,plastic debris,plastic_other,0.312,21.8774726,-160.1274147,0.45,0.42,0.188,0.45,0.30,1.50,1인,S317
2_775_9738_5604_13699,niihau_2_775_9738_5604.jpg,plastic debris,plastic_other,0.311,21.8774830,-160.1274129,0.54,0.31,0.168,0.40,0.27,1.34,1인,S317
2_775_9851_5938_13717,niihau_2_775_9851_5938.jpg,Plastic_Buoy,plastic_buoy,0.803,21.8774390,-160.1274935,0.61,0.49,0.296,5.34,2.67,7.11,1인,S317
2_775_9851_5938_13718,niihau_2_775_9851_5938.jpg,plastic debris,plastic_other,0.662,21.8774203,-160.1275055,0.70,0.69,0.488,1.17,0.78,3.90,1인,S317
2_775_9851_5938_13719,niihau_2_775_9851_5938.jpg,plastic debris,plastic_other,0.660,21.8774248,-160.1275015,0.57,0.56,0.320,0.77,0.51,2.56,1인,S317
2_775_9851_5938_13720,niihau_2_775_9851_5938.jpg,plastic debris,plastic_other,0.606,21.8774342,-160.1274936,0.57,0.56,0.319,0.76,0.51,2.55,1인,S317
2_775_9851_5938_13721,niihau_2_775_9851_5938.jpg,Rope,rope,0.532,21.8773381,-160.1274153,0.98,0.88,0.864,10.37,6.91,17.28,1인,S317
2_775_9851_5938_13722,niihau_2_775_9851_5938.jpg,Net,net,0.497,21.8774206,-160.1274677,0.56,0.54,0.301,5.41,2.26,13.53,1인,S317
2_775_9851_5938_13723,niihau_2_775_9851_5938.jpg,plastic debris,plastic_other,0.314,21.8774255,-160.1274603,0.45,0.45,0.202,0.49,0.32,1.62,1인,S317
2_776_4268_5362_13741,niihau_2_776_4268_5362.jpg,Styrofoam_Buoy,eps_buoy,0.797,21.8780499,-160.1253742,2.35,2.10,4.942,43.24,18.53,49.42,2인,S319
2_776_7656_10364_13743,niihau_2_776_7656_10364.jpg,Net,net,0.607,21.8771468,-160.1246853,0.62,0.61,0.373,6.71,2.80,16.78,1인,S320
2_776_7656_10364_13744,niihau_2_776_7656_10364.jpg,plastic debris,plastic_other,0.466,21.8771521,-160.1246879,0.71,0.68,0.484,1.16,0.77,3.87,1인,S320
2_776_7656_10364_13745,niihau_2_776_7656_10364.jpg,plastic debris,plastic_other,0.338,21.8771630,-160.1246712,0.62,0.61,0.383,0.92,0.61,3.07,1인,S320
2_776_7656_10364_13746,niihau_2_776_7656_10364.jpg,plastic debris,plastic_other,0.308,21.8771516,-160.1247107,0.67,0.66,0.439,1.05,0.70,3.51,1인,S320
2_776_7656_10364_13747,niihau_2_776_7656_10364.jpg,plastic debris,plastic_other,0.301,21.8771266,-160.1246562,0.39,0.35,0.139,0.33,0.22,1.11,1인,S320
2_779_11999_-7_13762,niihau_2_779_11999_-7.jpg,Net,net,0.680,21.8795449,-160.1144224,0.81,0.68,0.556,10.00,4.17,25.01,2인,S321
2_779_11999_-7_13763,niihau_2_779_11999_-7.jpg,plastic debris,plastic_other,0.650,21.8795520,-160.1144458,1.09,1.04,1.139,2.73,1.82,9.11,1인,S321
2_779_11999_-7_13764,niihau_2_779_11999_-7.jpg,plastic debris,plastic_other,0.413,21.8795184,-160.1144178,0.73,0.69,0.502,1.21,0.80,4.02,1인,S321
2_831_2295_3331_13785,niihau_2_831_2295_3331.jpg,Plastic_Buoy,plastic_buoy,0.733,21.8809282,-160.1099613,0.73,0.71,0.521,9.38,4.69,12.50,1인,S322
2_831_2295_3331_13786,niihau_2_831_2295_3331.jpg,Plastic_ETC,plastic_other,0.627,21.8809781,-160.1100221,1.01,0.86,0.872,2.09,1.39,6.97,1인,S322
2_831_2295_3331_13787,niihau_2_831_2295_3331.jpg,plastic debris,plastic_other,0.489,21.8809326,-160.1099631,0.79,0.72,0.569,1.37,0.91,4.56,1인,S322
2_831_2295_3331_13788,niihau_2_831_2295_3331.jpg,plastic debris,plastic_other,0.467,21.8808840,-160.1099780,0.77,0.72,0.556,1.33,0.89,4.45,1인,S322
2_831_2295_3331_13789,niihau_2_831_2295_3331.jpg,plastic debris,plastic_other,0.456,21.8809650,-160.1100066,0.65,0.62,0.405,0.97,0.65,3.24,1인,S322
2_831_2295_3331_13790,niihau_2_831_2295_3331.jpg,Styrofoam_Piece,eps_fragment,0.455,21.8809385,-160.1099648,1.08,0.76,0.818,0.49,0.33,1.64,1인,S322
2_831_2295_3331_13791,niihau_2_831_2295_3331.jpg,plastic debris,plastic_other,0.448,21.8809282,-160.1100045,0.62,0.56,0.347,0.83,0.55,2.77,1인,S322
2_831_2295_3331_13792,niihau_2_831_2295_3331.jpg,plastic debris,plastic_other,0.447,21.8809929,-160.1099798,0.85,0.76,0.650,1.56,1.04,5.20,1인,S322
2_831_2295_3331_13793,niihau_2_831_2295_3331.jpg,Plastic_ETC,plastic_other,0.412,21.8808853,-160.1100105,1.44,1.06,1.528,3.67,2.45,12.23,1인,S322
2_831_2295_3331_13794,niihau_2_831_2295_3331.jpg,plastic debris,plastic_other,0.371,21.8809684,-160.1100120,0.52,0.48,0.248,0.60,0.40,1.99,1인,S322
2_831_2295_3331_13795,niihau_2_831_2295_3331.jpg,plastic debris,plastic_other,0.327,21.8808845,-160.1099258,0.43,0.42,0.179,0.43,0.29,1.43,1인,S322
2_831_2295_3331_13796,niihau_2_831_2295_3331.jpg,plastic debris,plastic_other,0.314,21.8809336,-160.1099935,0.45,0.45,0.203,0.49,0.33,1.63,1인,S322
2_831_2295_3331_13797,niihau_2_831_2295_3331.jpg,plastic debris,plastic_other,0.307,21.8809763,-160.1100177,0.65,0.65,0.419,1.01,0.67,3.35,1인,S322
2_831_840_1722_13819,niihau_2_831_840_1722.jpg,Plastic_ETC,plastic_other,0.755,21.8811735,-160.1101994,0.80,0.78,0.630,1.51,1.01,5.04,1인,S323
2_831_840_1722_13820,niihau_2_831_840_1722.jpg,Styrofoam_Buoy,eps_buoy,0.744,21.8812278,-160.1102491,1.38,1.17,1.617,14.15,6.06,16.17,1인,S323
2_831_840_1722_13821,niihau_2_831_840_1722.jpg,Plastic_ETC,plastic_other,0.660,21.8811722,-160.1102624,0.83,0.59,0.494,1.19,0.79,3.95,1인,S323
2_831_840_1722_13822,niihau_2_831_840_1722.jpg,Plastic_ETC,plastic_other,0.637,21.8812430,-160.1102344,0.99,0.99,0.976,2.34,1.56,7.81,1인,S323
2_831_840_1722_13823,niihau_2_831_840_1722.jpg,Plastic_Buoy,plastic_buoy,0.626,21.8811713,-160.1102360,0.60,0.36,0.216,3.89,1.95,5.19,1인,S323
2_831_840_1722_13824,niihau_2_831_840_1722.jpg,plastic debris,plastic_other,0.507,21.8811824,-160.1102269,0.46,0.46,0.211,0.51,0.34,1.69,1인,S323
2_831_840_1722_13825,niihau_2_831_840_1722.jpg,plastic debris,plastic_other,0.465,21.8812524,-160.1101994,0.46,0.44,0.200,0.48,0.32,1.60,1인,S323
2_831_840_1722_13826,niihau_2_831_840_1722.jpg,plastic debris,plastic_other,0.300,21.8812352,-160.1102573,1.18,1.10,1.306,3.13,2.09,10.45,1인,S323
2_834_7487_1113_13844,niihau_2_834_7487_1113.jpg,PET_Bottle,pet_bottle,0.596,21.8857313,-160.0995130,0.64,0.60,0.382,0.76,0.63,1.26,1인,S324
2_834_7487_1113_13845,niihau_2_834_7487_1113.jpg,plastic debris,plastic_other,0.516,21.8857365,-160.0995080,0.59,0.58,0.342,0.82,0.55,2.73,1인,S324
2_834_7487_1113_13846,niihau_2_834_7487_1113.jpg,plastic debris,plastic_other,0.497,21.8857312,-160.0994762,0.55,0.53,0.293,0.70,0.47,2.35,1인,S324
2_834_7487_1113_13847,niihau_2_834_7487_1113.jpg,plastic debris,plastic_other,0.335,21.8857473,-160.0995063,0.64,0.63,0.402,0.96,0.64,3.21,1인,S324
2_834_7487_1113_13848,niihau_2_834_7487_1113.jpg,plastic debris,plastic_other,0.314,21.8857574,-160.0994807,0.67,0.64,0.428,1.03,0.68,3.42,1인,S324
2_834_7487_1113_13849,niihau_2_834_7487_1113.jpg,plastic debris,plastic_other,0.313,21.8857397,-160.0995032,0.54,0.53,0.283,0.68,0.45,2.26,1인,S324
2_835_1600_4548_13874,niihau_2_835_1600_4548.jpg,plastic debris,plastic_other,0.551,21.8851298,-160.0974800,0.86,0.86,0.740,1.78,1.18,5.92,1인,S325
2_835_625_3685_13888,niihau_2_835_625_3685.jpg,Styrofoam_Piece,eps_fragment,0.593,21.8852807,-160.0976813,0.93,0.91,0.844,0.51,0.34,1.69,1인,S326
2_835_625_3685_13889,niihau_2_835_625_3685.jpg,Plastic_Buoy_China,plastic_buoy,0.517,21.8853051,-160.0976825,0.72,0.71,0.517,9.31,4.65,12.41,1인,S326
2_835_625_3685_13890,niihau_2_835_625_3685.jpg,plastic debris,plastic_other,0.498,21.8852825,-160.0976377,0.64,0.62,0.392,0.94,0.63,3.14,1인,S326
2_835_625_3685_13891,niihau_2_835_625_3685.jpg,plastic debris,plastic_other,0.474,21.8852653,-160.0976574,0.54,0.54,0.290,0.70,0.46,2.32,1인,S326
2_835_625_3685_13892,niihau_2_835_625_3685.jpg,Plastic_Buoy,plastic_buoy,0.371,21.8852425,-160.0976447,0.61,0.60,0.367,6.61,3.30,8.81,1인,S326
2_835_625_3685_13893,niihau_2_835_625_3685.jpg,plastic debris,plastic_other,0.323,21.8853238,-160.0977146,0.79,0.75,0.591,1.42,0.95,4.73,1인,S326
2_887_14335_4588_13921,niihau_2_887_14335_4588.jpg,plastic debris,plastic_other,0.468,21.8903131,-160.0887504,0.70,0.69,0.485,1.16,0.78,3.88,1인,S327
2_887_14335_4588_13922,niihau_2_887_14335_4588.jpg,plastic debris,plastic_other,0.411,21.8903152,-160.0887466,1.02,0.95,0.965,2.32,1.54,7.72,1인,S327
2_887_14335_4588_13923,niihau_2_887_14335_4588.jpg,plastic debris,plastic_other,0.390,21.8903826,-160.0886997,0.70,0.66,0.464,1.11,0.74,3.71,1인,S327
2_887_16053_4171_13940,niihau_2_887_16053_4171.jpg,Styrofoam_Piece,eps_fragment,0.664,21.8904108,-160.0883968,0.65,0.64,0.420,0.25,0.17,0.84,1인,S328
2_887_16053_4171_13941,niihau_2_887_16053_4171.jpg,Plastic_Buoy,plastic_buoy,0.570,21.8903650,-160.0884390,0.84,0.79,0.667,12.01,6.00,16.01,1인,S328
2_887_16053_4171_13942,niihau_2_887_16053_4171.jpg,plastic debris,plastic_other,0.499,21.8904044,-160.0884264,0.68,0.63,0.428,1.03,0.68,3.42,1인,S328
2_887_16053_4171_13943,niihau_2_887_16053_4171.jpg,plastic debris,plastic_other,0.440,21.8904066,-160.0883954,0.49,0.45,0.222,0.53,0.35,1.77,1인,S328
2_887_16053_4171_13944,niihau_2_887_16053_4171.jpg,plastic debris,plastic_other,0.427,21.8904187,-160.0884571,0.61,0.35,0.212,0.51,0.34,1.70,1인,S328
2_887_16053_4171_13945,niihau_2_887_16053_4171.jpg,plastic debris,plastic_other,0.307,21.8904132,-160.0884137,0.57,0.57,0.326,0.78,0.52,2.61,1인,S328
2_888_-108_10078_13948,niihau_2_888_-108_10078.jpg,Plastic_Buoy,plastic_buoy,0.698,21.8903790,-160.0883586,0.72,0.67,0.483,8.69,4.34,11.58,1인,S328
2_888_-108_10078_13949,niihau_2_888_-108_10078.jpg,Plastic_Buoy,plastic_buoy,0.663,21.8903238,-160.0883211,0.78,0.69,0.537,9.66,4.83,12.89,1인,S328
2_888_-108_10078_13950,niihau_2_888_-108_10078.jpg,Plastic_Buoy,plastic_buoy,0.661,21.8904031,-160.0883870,0.68,0.68,0.461,8.30,4.15,11.07,1인,S328
2_888_-108_10078_13951,niihau_2_888_-108_10078.jpg,Styrofoam_Piece,eps_fragment,0.613,21.8904106,-160.0883966,0.64,0.63,0.402,0.24,0.16,0.80,1인,S328
2_888_-108_10078_13952,niihau_2_888_-108_10078.jpg,Plastic_Buoy,plastic_buoy,0.583,21.8903755,-160.0883579,0.62,0.62,0.380,6.83,3.42,9.11,1인,S328
2_888_-108_10078_13953,niihau_2_888_-108_10078.jpg,plastic debris,plastic_other,0.440,21.8903204,-160.0883558,0.40,0.40,0.161,0.39,0.26,1.29,1인,S328
2_888_-108_10078_13954,niihau_2_888_-108_10078.jpg,plastic debris,plastic_other,0.335,21.8904163,-160.0883387,0.63,0.61,0.385,0.92,0.62,3.08,1인,S328
2_888_-123_9743_13977,niihau_2_888_-123_9743.jpg,Plastic_Buoy,plastic_buoy,0.707,21.8903789,-160.0883586,0.72,0.72,0.522,9.39,4.70,12.52,1인,S328
2_888_-123_9743_13978,niihau_2_888_-123_9743.jpg,Styrofoam_Piece,eps_fragment,0.684,21.8904108,-160.0883966,0.69,0.65,0.450,0.27,0.18,0.90,1인,S328
2_888_-123_9743_13979,niihau_2_888_-123_9743.jpg,Plastic_Buoy,plastic_buoy,0.682,21.8904031,-160.0883871,0.69,0.68,0.464,8.35,4.17,11.13,1인,S328
2_888_-123_9743_13980,niihau_2_888_-123_9743.jpg,Plastic_ETC,plastic_other,0.595,21.8904325,-160.0883652,1.10,1.04,1.148,2.76,1.84,9.19,1인,S328
2_888_-123_9743_13981,niihau_2_888_-123_9743.jpg,plastic debris,plastic_other,0.347,21.8904163,-160.0883387,0.60,0.58,0.347,0.83,0.55,2.77,1인,S328
2_888_-123_9743_13982,niihau_2_888_-123_9743.jpg,plastic debris,plastic_other,0.319,21.8903912,-160.0883541,0.59,0.57,0.337,0.81,0.54,2.69,1인,S328
2_888_-123_9743_13983,niihau_2_888_-123_9743.jpg,plastic debris,plastic_other,0.318,21.8904067,-160.0883950,0.56,0.53,0.300,0.72,0.48,2.40,1인,S328
2_940_2435_15151_13991,niihau_2_940_2435_15151.jpg,plastic debris,plastic_other,0.357,21.8934241,-160.0815531,0.72,0.71,0.513,1.23,0.82,4.10,1인,S329
2_940_3978_13691_14003,niihau_2_940_3978_13691.jpg,plastic debris,plastic_other,0.601,21.8937260,-160.0812699,1.82,1.77,3.218,7.72,5.15,25.75,2인,S330
2_940_3978_13691_14004,niihau_2_940_3978_13691.jpg,plastic debris,plastic_other,0.440,21.8937293,-160.0812302,0.77,0.75,0.583,1.40,0.93,4.66,1인,S330
2_940_3978_13691_14005,niihau_2_940_3978_13691.jpg,plastic debris,plastic_other,0.421,21.8937083,-160.0812408,0.61,0.60,0.366,0.88,0.59,2.93,1인,S330
2_940_6103_11449_14012,niihau_2_940_6103_11449.jpg,Plastic_ETC,plastic_other,0.470,21.8940845,-160.0808709,1.04,0.96,0.999,2.40,1.60,8.00,1인,S331
