{"type": "FeatureCollection", "features": [{"type": "Feature", "geometry": {"type": "Point", "coordinates": [-160.20243478933028, 21.78697785671768]}, "properties": {"stop_id": "S257", "x": 375692.4981036429, "y": 2409732.8788582934, "n_items": 10, "kg_est": 96.31204914988899, "kg_hi": 167.51641274663, "bulk_m3": 0.9403581685826644, "crew": "2인", "tools": [], "max_item_kg_hi": 44.70623732758904, "r95_m": 3.0, "buried_suspect": false, "classes": ["eps_buoy", "plastic_buoy", "plastic_other"], "visit_order": 1}}, {"type": "Feature", "geometry": {"type": "Point", "coordinates": [-160.19352931802337, 21.805848286623267]}, "properties": {"stop_id": "S216", "x": 376629.40176595945, "y": 2411814.703367739, "n_items": 1, "kg_est": 11.601796417166778, "kg_hi": 15.469061889555705, "bulk_m3": 0.1933632736194463, "crew": "1인", "tools": [], "max_item_kg_hi": 15.469061889555705, "r95_m": 3.0, "buried_suspect": false, "classes": ["plastic_buoy"], "visit_order": 2}}, {"type": "Feature", "geometry": {"type": "Point", "coordinates": [-160.1943144727623, 21.808233793057113]}, "properties": {"stop_id": "S213", "x": 376550.2799016253, "y": 2412079.409486605, "n_items": 26, "kg_est": 62.46619325245724, "kg_hi": 152.32475954701457, "bulk_m3": 0.3935458466268152, "crew": "1인", "tools": ["절단기"], "max_item_kg_hi": 19.32715561831327, "r95_m": 3.0, "buried_suspect": false, "classes": ["eps_fragment", "net", "pet_bottle", "plastic_buoy", "plastic_other"], "visit_order": 3}}, {"type": "Feature", "geometry": {"type": "Point", "coordinates": [-160.19386465415502, 21.80881113774508]}, "properties": {"stop_id": "S214", "x": 376597.2749059682, "y": 2412142.9620024697, "n_items": 12, "kg_est": 91.61738142948239, "kg_hi": 287.43763978495315, "bulk_m3": 0.34942255232553127, "crew": "장비", "tools": ["절단기"], "max_item_kg_hi": 108.90590017113156, "r95_m": 3.0, "buried_suspect": false, "classes": ["net", "plastic_other"], "visit_order": 4}}, {"type": "Feature", "geometry": {"type": "Point", "coordinates": [-160.1936087283614, 21.809158007413334]}, "properties": {"stop_id": "S215", "x": 376624.02846254985, "y": 2412181.1559847374, "n_items": 3, "kg_est": 11.014581861888258, "kg_hi": 20.948224593404525, "bulk_m3": 0.14443814283842818, "crew": "1인", "tools": [], "max_item_kg_hi": 10.511365519704226, "r95_m": 3.0, "buried_suspect": false, "classes": ["plastic_buoy", "plastic_other"], "visit_order": 5}}, {"type": "Feature", "geometry": {"type": "Point", "coordinates": [-160.19336010178898, 21.809566417123193]}, "properties": {"stop_id": "S217", "x": 376650.0800651944, "y": 2412226.1683866703, "n_items": 2, "kg_est": 8.510171710005968, "kg_hi": 11.828986139001993, "bulk_m3": 0.12868827173965613, "crew": "1인", "tools": [], "max_item_kg_hi": 9.418533510698495, "r95_m": 3.0, "buried_suspect": false, "classes": ["pet_bottle", "plastic_buoy"], "visit_order": 6}}, {"type": "Feature", "geometry": {"type": "Point", "coordinates": [-160.19011484672075, 21.816414090657222]}, "properties": {"stop_id": "S218", "x": 376991.4079132492, "y": 2412981.619018033, "n_items": 30, "kg_est": 128.2370813877565, "kg_hi": 274.277810339182, "bulk_m3": 1.095029499639264, "crew": "2인", "tools": ["절단기"], "max_item_kg_hi": 42.29103936538696, "r95_m": 3.0, "buried_suspect": false, "classes": ["eps_buoy", "eps_fragment", "net", "pet_bottle", "plastic_buoy", "plastic_other"], "visit_order": 7}}, {"type": "Feature", "geometry": {"type": "Point", "coordinates": [-160.18774025583951, 21.820582359113807]}, "properties": {"stop_id": "S219", "x": 377240.4236122344, "y": 2413441.156794802, "n_items": 2, "kg_est": 2.1172986643019946, "kg_hi": 7.057662214339983, "bulk_m3": 0.009149831353090773, "crew": "1인", "tools": [], "max_item_kg_hi": 5.746647873676803, "r95_m": 3.0, "buried_suspect": false, "classes": ["eps_fragment", "plastic_other"], "visit_order": 8}}, {"type": "Feature", "geometry": {"type": "Point", "coordinates": [-160.1869678822545, 21.822899183523383]}, "properties": {"stop_id": "S221", "x": 377322.2363828945, "y": 2413697.0162580083, "n_items": 1, "kg_est": 9.527489231409659, "kg_hi": 31.7582974380322, "bulk_m3": 0.039697871797540245, "crew": "2인", "tools": [], "max_item_kg_hi": 31.7582974380322, "r95_m": 3.0, "buried_suspect": false, "classes": ["plastic_other"], "visit_order": 9}}, {"type": "Feature", "geometry": {"type": "Point", "coordinates": [-160.18618147913205, 21.82401032892212]}, "properties": {"stop_id": "S220", "x": 377404.4694878751, "y": 2413819.3951649037, "n_items": 15, "kg_est": 21.42125112839973, "kg_hi": 53.367353305893516, "bulk_m3": 0.2021834903374608, "crew": "1인", "tools": [], "max_item_kg_hi": 12.024544748070403, "r95_m": 3.0, "buried_suspect": false, "classes": ["eps_fragment", "plastic_buoy", "plastic_other"], "visit_order": 10}}, {"type": "Feature", "geometry": {"type": "Point", "coordinates": [-160.18529035562628, 21.82523054545015]}, "properties": {"stop_id": "S222", "x": 377497.6184576472, "y": 2413953.765456851, "n_items": 22, "kg_est": 58.97871023220611, "kg_hi": 131.9549376103371, "bulk_m3": 0.48421566534858546, "crew": "1인", "tools": ["절단기"], "max_item_kg_hi": 22.310629314895795, "r95_m": 3.0, "buried_suspect": false, "classes": ["net", "pet_bottle", "plastic_buoy", "plastic_other"], "visit_order": 11}}, {"type": "Feature", "geometry": {"type": "Point", "coordinates": [-160.18206824750243, 21.82997147706024]}, "properties": {"stop_id": "S225", "x": 377834.6914007843, "y": 2414476.0321391164, "n_items": 4, "kg_est": 7.6986623313550355, "kg_hi": 24.036704658177122, "bulk_m3": 0.03540265244512863, "crew": "1인", "tools": [], "max_item_kg_hi": 18.74312479000411, "r95_m": 3.0, "buried_suspect": false, "classes": ["pet_bottle", "plastic_other"], "visit_order": 12}}, {"type": "Feature", "geometry": {"type": "Point", "coordinates": [-160.18231257817155, 21.830321861709468]}, "properties": {"stop_id": "S224", "x": 377809.7351892051, "y": 2414515.0138116484, "n_items": 54, "kg_est": 92.55619040229645, "kg_hi": 268.3991086994196, "bulk_m3": 0.5616259224196788, "crew": "2인", "tools": ["절단기"], "max_item_kg_hi": 29.9646904888681, "r95_m": 3.0, "buried_suspect": false, "classes": ["eps_fragment", "net", "pet_bottle", "plastic_buoy", "plastic_other"], "visit_order": 13}}, {"type": "Feature", "geometry": {"type": "Point", "coordinates": [-160.1819127208582, 21.830681440279875]}, "properties": {"stop_id": "S226", "x": 377851.36951275263, "y": 2414554.5023415466, "n_items": 95, "kg_est": 228.45465133812547, "kg_hi": 527.6917394177442, "bulk_m3": 2.0721172106796737, "crew": "1인", "tools": ["절단기"], "max_item_kg_hi": 22.407706267122272, "r95_m": 3.0, "buried_suspect": false, "classes": ["eps_fragment", "net", "pet_bottle", "plastic_buoy", "plastic_other", "rope"], "visit_order": 14}}, {"type": "Feature", "geometry": {"type": "Point", "coordinates": [-160.18002036732895, 21.83302732650574]}, "properties": {"stop_id": "S223", "x": 378048.9504021861, "y": 2414812.694485882, "n_items": 7, "kg_est": 10.784145740062643, "kg_hi": 35.94715246687548, "bulk_m3": 0.044933940583594345, "crew": "1인", "tools": [], "max_item_kg_hi": 7.437304148579912, "r95_m": 3.0, "buried_suspect": false, "classes": ["plastic_other"], "visit_order": 15}}, {"type": "Feature", "geometry": {"type": "Point", "coordinates": [-160.17960303145637, 21.83397148173516]}, "properties": {"stop_id": "S227", "x": 378092.88547277526, "y": 2414916.8828764283, "n_items": 6, "kg_est": 12.004725162087936, "kg_hi": 33.94823179343921, "bulk_m3": 0.03909815443102936, "crew": "1인", "tools": ["절단기"], "max_item_kg_hi": 18.202556240561726, "r95_m": 3.0, "buried_suspect": false, "classes": ["net", "plastic_other"], "visit_order": 16}}, {"type": "Feature", "geometry": {"type": "Point", "coordinates": [-160.17886833486418, 21.835026677510008]}, "properties": {"stop_id": "S228", "x": 378169.71516268916, "y": 2415033.1125706886, "n_items": 19, "kg_est": 45.46488937531597, "kg_hi": 85.96313461543892, "bulk_m3": 0.28017280949098516, "crew": "2인", "tools": ["절단기"], "max_item_kg_hi": 29.06725737275679, "r95_m": 3.0, "buried_suspect": false, "classes": ["eps_buoy", "eps_fragment", "pet_bottle", "plastic_other", "rope"], "visit_order": 17}}, {"type": "Feature", "geometry": {"type": "Point", "coordinates": [-160.17867379780728, 21.835179210232816]}, "properties": {"stop_id": "S236", "x": 378189.9509005058, "y": 2415049.8441906506, "n_items": 2, "kg_est": 2.9900571445625155, "kg_hi": 8.960158904238083, "bulk_m3": 0.014517726935389132, "crew": "1인", "tools": [], "max_item_kg_hi": 7.953460659934446, "r95_m": 3.0, "buried_suspect": false, "classes": ["pet_bottle", "plastic_other"], "visit_order": 18}}, {"type": "Feature", "geometry": {"type": "Point", "coordinates": [-160.1786244201159, 21.835497493875227]}, "properties": {"stop_id": "S237", "x": 378195.3239833152, "y": 2415085.039400219, "n_items": 28, "kg_est": 43.54636634567016, "kg_hi": 107.3539749872559, "bulk_m3": 0.3399576033639481, "crew": "1인", "tools": ["절단기"], "max_item_kg_hi": 10.454018055226202, "r95_m": 3.0, "buried_suspect": false, "classes": ["pet_bottle", "plastic_buoy", "plastic_other", "rope"], "visit_order": 19}}, {"type": "Feature", "geometry": {"type": "Point", "coordinates": [-160.17843088100034, 21.835437157491363]}, "properties": {"stop_id": "S238", "x": 378215.2761908228, "y": 2415078.207053011, "n_items": 1, "kg_est": 0.4646738525391417, "kg_hi": 1.548912841797139, "bulk_m3": 0.0019361410522464237, "crew": "1인", "tools": [], "max_item_kg_hi": 1.548912841797139, "r95_m": 3.0, "buried_suspect": false, "classes": ["plastic_other"], "visit_order": 20}}, {"type": "Feature", "geometry": {"type": "Point", "coordinates": [-160.1783295219763, 21.83576188679264]}, "properties": {"stop_id": "S239", "x": 378226.0272115515, "y": 2415114.074704163, "n_items": 15, "kg_est": 28.375731063648825, "kg_hi": 76.08325560533211, "bulk_m3": 0.2059956205488608, "crew": "1인", "tools": [], "max_item_kg_hi": 14.117690587904475, "r95_m": 3.0, "buried_suspect": false, "classes": ["pet_bottle", "plastic_buoy", "plastic_other"], "visit_order": 21}}, {"type": "Feature", "geometry": {"type": "Point", "coordinates": [-160.17817904438854, 21.835861067788432]}, "properties": {"stop_id": "S240", "x": 378241.66383826715, "y": 2415124.9351451094, "n_items": 21, "kg_est": 38.15411332592629, "kg_hi": 96.36878417365949, "bulk_m3": 0.28335572139310966, "crew": "1인", "tools": ["절단기"], "max_item_kg_hi": 16.319982526638903, "r95_m": 3.0, "buried_suspect": false, "classes": ["eps_fragment", "net", "pet_bottle", "plastic_buoy", "plastic_other"], "visit_order": 22}}, {"type": "Feature", "geometry": {"type": "Point", "coordinates": [-160.1776988454899, 21.836275107740033]}, "properties": {"stop_id": "S230", "x": 378291.6453218674, "y": 2415170.3901251643, "n_items": 3, "kg_est": 21.52500862030839, "kg_hi": 68.7881468918614, "bulk_m3": 0.09574593059579237, "crew": "장비", "tools": [], "max_item_kg_hi": 62.52645927255028, "r95_m": 3.0, "buried_suspect": false, "classes": ["pet_bottle", "plastic_other"], "visit_order": 23}}, {"type": "Feature", "geometry": {"type": "Point", "coordinates": [-160.17757747910434, 21.836392549125158]}, "properties": {"stop_id": "S229", "x": 378304.28852400987, "y": 2415183.295069428, "n_items": 2, "kg_est": 18.143716843520217, "kg_hi": 45.87430286213048, "bulk_m3": 0.04982527502537771, "crew": "2인", "tools": ["절단기"], "max_item_kg_hi": 43.81425984881075, "r95_m": 3.0, "buried_suspect": false, "classes": ["eps_fragment", "net"], "visit_order": 24}}, {"type": "Feature", "geometry": {"type": "Point", "coordinates": [-160.17729847366783, 21.836582400731693]}, "properties": {"stop_id": "S231", "x": 378333.2857033624, "y": 2415204.0913421665, "n_items": 1, "kg_est": 6.4754812149535725, "kg_hi": 21.584937383178577, "bulk_m3": 0.026981171728973217, "crew": "1인", "tools": [], "max_item_kg_hi": 21.584937383178577, "r95_m": 3.0, "buried_suspect": false, "classes": ["plastic_other"], "visit_order": 25}}, {"type": "Feature", "geometry": {"type": "Point", "coordinates": [-160.1770756098619, 21.837186374332127]}, "properties": {"stop_id": "S233", "x": 378356.83069021173, "y": 2415270.7756466917, "n_items": 9, "kg_est": 12.750433729784872, "kg_hi": 41.035413522938924, "bulk_m3": 0.05612550952268602, "crew": "1인", "tools": [], "max_item_kg_hi": 16.904452040460605, "r95_m": 3.0, "buried_suspect": false, "classes": ["pet_bottle", "plastic_other"], "visit_order": 26}}, {"type": "Feature", "geometry": {"type": "Point", "coordinates": [-160.17717555448522, 21.837489205357787]}, "properties": {"stop_id": "S232", "x": 378346.7572367701, "y": 2415304.3782372344, "n_items": 35, "kg_est": 69.33017299219154, "kg_hi": 145.15163975309295, "bulk_m3": 0.7053915602560198, "crew": "1인", "tools": ["절단기"], "max_item_kg_hi": 17.080739204420823, "r95_m": 3.0, "buried_suspect": false, "classes": ["eps_fragment", "net", "pet_bottle", "plastic_buoy", "plastic_other"], "visit_order": 27}}, {"type": "Feature", "geometry": {"type": "Point", "coordinates": [-160.17697355155698, 21.837820297082185]}, "properties": {"stop_id": "S235", "x": 378367.91513785295, "y": 2415340.870791153, "n_items": 19, "kg_est": 37.21984992298806, "kg_hi": 85.85693940503324, "bulk_m3": 0.3443993861712938, "crew": "1인", "tools": [], "max_item_kg_hi": 21.19528763666514, "r95_m": 3.0, "buried_suspect": false, "classes": ["eps_fragment", "pet_bottle", "plastic_buoy", "plastic_other"], "visit_order": 28}}, {"type": "Feature", "geometry": {"type": "Point", "coordinates": [-160.17691128605773, 21.837945177929672]}, "properties": {"stop_id": "S234", "x": 378374.45614982955, "y": 2415354.6460219864, "n_items": 23, "kg_est": 60.54400664407328, "kg_hi": 112.653918217698, "bulk_m3": 0.6641577134873746, "crew": "1인", "tools": ["절단기"], "max_item_kg_hi": 17.61341737009885, "r95_m": 3.0, "buried_suspect": false, "classes": ["net", "pet_bottle", "plastic_buoy", "plastic_other"], "visit_order": 29}}, {"type": "Feature", "geometry": {"type": "Point", "coordinates": [-160.17366739861555, 21.84252771058696]}, "properties": {"stop_id": "S245", "x": 378713.5898050552, "y": 2415859.3772231094, "n_items": 12, "kg_est": 15.50591769068205, "kg_hi": 47.532319205200494, "bulk_m3": 0.0733852337379165, "crew": "1인", "tools": [], "max_item_kg_hi": 15.885661472130952, "r95_m": 3.0, "buried_suspect": false, "classes": ["eps_fragment", "pet_bottle", "plastic_other"], "visit_order": 30}}, {"type": "Feature", "geometry": {"type": "Point", "coordinates": [-160.17372300946704, 21.84331107258387]}, "properties": {"stop_id": "S243", "x": 378708.50346236565, "y": 2415946.139817172, "n_items": 46, "kg_est": 88.06964167787328, "kg_hi": 210.85682560808345, "bulk_m3": 0.8140582783401921, "crew": "1인", "tools": [], "max_item_kg_hi": 20.882214325572548, "r95_m": 3.0, "buried_suspect": false, "classes": ["eps_fragment", "pet_bottle", "plastic_buoy", "plastic_other"], "visit_order": 31}}, {"type": "Feature", "geometry": {"type": "Point", "coordinates": [-160.1736796536025, 21.843439009357304]}, "properties": {"stop_id": "S242", "x": 378713.09223413793, "y": 2415960.2683620327, "n_items": 32, "kg_est": 87.45974172943662, "kg_hi": 250.4501306438162, "bulk_m3": 0.6076274319999576, "crew": "2인", "tools": [], "max_item_kg_hi": 45.73110522401659, "r95_m": 3.0, "buried_suspect": false, "classes": ["pet_bottle", "plastic_buoy", "plastic_other"], "visit_order": 32}}, {"type": "Feature", "geometry": {"type": "Point", "coordinates": [-160.17383292842612, 21.843524885786778]}, "properties": {"stop_id": "S241", "x": 378697.3238269697, "y": 2415969.895709931, "n_items": 16, "kg_est": 30.375276070378675, "kg_hi": 65.79246778897247, "bulk_m3": 0.3400944076881427, "crew": "1인", "tools": [], "max_item_kg_hi": 7.782811274082022, "r95_m": 3.0, "buried_suspect": false, "classes": ["pet_bottle", "plastic_buoy", "plastic_other"], "visit_order": 33}}, {"type": "Feature", "geometry": {"type": "Point", "coordinates": [-160.1735870468605, 21.843738466405494]}, "properties": {"stop_id": "S244", "x": 378722.9157781173, "y": 2415993.345540292, "n_items": 87, "kg_est": 144.52659869258096, "kg_hi": 365.32107780142894, "bulk_m3": 1.0656359001360816, "crew": "1인", "tools": ["절단기"], "max_item_kg_hi": 21.69055433227276, "r95_m": 3.0, "buried_suspect": false, "classes": ["eps_fragment", "net", "pet_bottle", "plastic_buoy", "plastic_other"], "visit_order": 34}}, {"type": "Feature", "geometry": {"type": "Point", "coordinates": [-160.17348301844314, 21.84330400800763]}, "properties": {"stop_id": "S247", "x": 378733.3004871405, "y": 2415945.16870768, "n_items": 1, "kg_est": 2.6043106382450825, "kg_hi": 8.681035460816942, "bulk_m3": 0.010851294326021178, "crew": "1인", "tools": [], "max_item_kg_hi": 8.681035460816942, "r95_m": 3.0, "buried_suspect": false, "classes": ["plastic_other"], "visit_order": 35}}, {"type": "Feature", "geometry": {"type": "Point", "coordinates": [-160.17335234479154, 21.843495135000357]}, "properties": {"stop_id": "S250", "x": 378746.96679910796, "y": 2415966.223690942, "n_items": 1, "kg_est": 2.5654665764916307, "kg_hi": 8.551555254972103, "bulk_m3": 0.010689444068715128, "crew": "1인", "tools": [], "max_item_kg_hi": 8.551555254972103, "r95_m": 3.0, "buried_suspect": false, "classes": ["plastic_other"], "visit_order": 36}}, {"type": "Feature", "geometry": {"type": "Point", "coordinates": [-160.17339537520843, 21.84380469287721]}, "properties": {"stop_id": "S246", "x": 378742.780786196, "y": 2416000.5258811684, "n_items": 57, "kg_est": 152.13651767734132, "kg_hi": 358.04388677688365, "bulk_m3": 1.4800821986494235, "crew": "1인", "tools": ["절단기"], "max_item_kg_hi": 19.81104283368616, "r95_m": 3.0, "buried_suspect": false, "classes": ["eps_fragment", "net", "pet_bottle", "plastic_buoy", "plastic_other"], "visit_order": 37}}, {"type": "Feature", "geometry": {"type": "Point", "coordinates": [-160.17336831862883, 21.843970264621248]}, "properties": {"stop_id": "S248", "x": 378745.71674826543, "y": 2416018.8334922222, "n_items": 32, "kg_est": 87.31953923986076, "kg_hi": 220.8739669350867, "bulk_m3": 0.6953851021053177, "crew": "1인", "tools": ["절단기"], "max_item_kg_hi": 20.153303164625456, "r95_m": 3.0, "buried_suspect": false, "classes": ["net", "pet_bottle", "plastic_buoy", "plastic_other"], "visit_order": 38}}, {"type": "Feature", "geometry": {"type": "Point", "coordinates": [-160.17285376423303, 21.84425925793283]}, "properties": {"stop_id": "S251", "x": 378799.1392102995, "y": 2416050.420089433, "n_items": 2, "kg_est": 4.643841985118575, "kg_hi": 11.092915269027511, "bulk_m3": 0.0283218466347311, "crew": "1인", "tools": [], "max_item_kg_hi": 6.70635725432644, "r95_m": 3.0, "buried_suspect": false, "classes": ["pet_bottle", "plastic_other"], "visit_order": 39}}, {"type": "Feature", "geometry": {"type": "Point", "coordinates": [-160.17320537988925, 21.84486298688961]}, "properties": {"stop_id": "S249", "x": 378763.309381974, "y": 2416117.530222586, "n_items": 3, "kg_est": 5.406260821242782, "kg_hi": 18.020869404142605, "bulk_m3": 0.023041519435574812, "crew": "1인", "tools": [], "max_item_kg_hi": 15.959138682556379, "r95_m": 3.0, "buried_suspect": false, "classes": ["eps_fragment", "plastic_other"], "visit_order": 40}}, {"type": "Feature", "geometry": {"type": "Point", "coordinates": [-160.17324920605847, 21.84513473310806]}, "properties": {"stop_id": "S254", "x": 378759.00925721705, "y": 2416147.6472595064, "n_items": 10, "kg_est": 33.67485484292316, "kg_hi": 73.69872885370856, "bulk_m3": 0.0838325851166033, "crew": "2인", "tools": ["절단기"], "max_item_kg_hi": 30.73800114774748, "r95_m": 3.0, "buried_suspect": false, "classes": ["net", "pet_bottle", "plastic_other", "rope"], "visit_order": 41}}, {"type": "Feature", "geometry": {"type": "Point", "coordinates": [-160.1724048239307, 21.846591831694862]}, "properties": {"stop_id": "S252", "x": 378847.5030865657, "y": 2416308.2844356033, "n_items": 6, "kg_est": 17.753414091400387, "kg_hi": 58.510753760351335, "bulk_m3": 0.07533747664572499, "crew": "2인", "tools": [], "max_item_kg_hi": 32.47272245714711, "r95_m": 3.0, "buried_suspect": false, "classes": ["pet_bottle", "plastic_other"], "visit_order": 42}}, {"type": "Feature", "geometry": {"type": "Point", "coordinates": [-160.17186834259704, 21.847105768045495]}, "properties": {"stop_id": "S253", "x": 378903.380031081, "y": 2416364.755448778, "n_items": 29, "kg_est": 57.29801542784834, "kg_hi": 121.44968280364192, "bulk_m3": 0.5984758352782585, "crew": "1인", "tools": ["절단기"], "max_item_kg_hi": 22.199932412535265, "r95_m": 3.0, "buried_suspect": false, "classes": ["net", "pet_bottle", "plastic_buoy", "plastic_other"], "visit_order": 43}}, {"type": "Feature", "geometry": {"type": "Point", "coordinates": [-160.17163235982343, 21.847286871146895]}, "properties": {"stop_id": "S255", "x": 378927.92068965273, "y": 2416384.618073358, "n_items": 89, "kg_est": 167.15090651650002, "kg_hi": 373.62377078309953, "bulk_m3": 1.675300961880567, "crew": "2인", "tools": ["절단기"], "max_item_kg_hi": 26.616273607254413, "r95_m": 3.0, "buried_suspect": false, "classes": ["eps_fragment", "net", "pet_bottle", "plastic_buoy", "plastic_other"], "visit_order": 44}}, {"type": "Feature", "geometry": {"type": "Point", "coordinates": [-160.17156555983712, 21.847396492310594]}, "properties": {"stop_id": "S256", "x": 378934.91660427465, "y": 2416396.7006805707, "n_items": 8, "kg_est": 9.954817417161513, "kg_hi": 20.979132104428597, "bulk_m3": 0.11775085977635912, "crew": "1인", "tools": [], "max_item_kg_hi": 8.135728412962075, "r95_m": 3.0, "buried_suspect": false, "classes": ["plastic_buoy", "plastic_other"], "visit_order": 45}}, {"type": "Feature", "geometry": {"type": "Point", "coordinates": [-160.17028872095952, 21.848917878790644]}, "properties": {"stop_id": "S260", "x": 379068.1539699331, "y": 2416564.1156060863, "n_items": 15, "kg_est": 13.545460198976993, "kg_hi": 42.145381044296784, "bulk_m3": 0.06276829868682626, "crew": "1인", "tools": [], "max_item_kg_hi": 7.085018512101189, "r95_m": 3.0, "buried_suspect": false, "classes": ["eps_fragment", "pet_bottle", "plastic_other"], "visit_order": 46}}, {"type": "Feature", "geometry": {"type": "Point", "coordinates": [-160.16984248941756, 21.849364786807087]}, "properties": {"stop_id": "S264", "x": 379114.6459794651, "y": 2416613.2381229596, "n_items": 1, "kg_est": 0.6030986212189033, "kg_hi": 2.0103287373963443, "bulk_m3": 0.0025129109217454306, "crew": "1인", "tools": [], "max_item_kg_hi": 2.0103287373963443, "r95_m": 3.0, "buried_suspect": false, "classes": ["plastic_other"], "visit_order": 47}}, {"type": "Feature", "geometry": {"type": "Point", "coordinates": [-160.16977367903394, 21.849531943775915]}, "properties": {"stop_id": "S265", "x": 379121.89782254153, "y": 2416631.688483209, "n_items": 53, "kg_est": 95.42821139289234, "kg_hi": 276.0830304988419, "bulk_m3": 0.4634260596744703, "crew": "장비", "tools": ["절단기"], "max_item_kg_hi": 68.76833183918276, "r95_m": 3.0, "buried_suspect": false, "classes": ["eps_fragment", "net", "pet_bottle", "plastic_buoy", "plastic_other"], "visit_order": 48}}, {"type": "Feature", "geometry": {"type": "Point", "coordinates": [-160.16962330238093, 21.8496915656681]}, "properties": {"stop_id": "S266", "x": 379137.5727750331, "y": 2416649.2406523167, "n_items": 12, "kg_est": 15.226363746607394, "kg_hi": 37.11764968862749, "bulk_m3": 0.1375018271024685, "crew": "1인", "tools": [], "max_item_kg_hi": 7.319854847897346, "r95_m": 3.0, "buried_suspect": false, "classes": ["pet_bottle", "plastic_buoy", "plastic_other"], "visit_order": 49}}, {"type": "Feature", "geometry": {"type": "Point", "coordinates": [-160.16953735136914, 21.849752457100823]}, "properties": {"stop_id": "S267", "x": 379146.5065916487, "y": 2416655.913888064, "n_items": 29, "kg_est": 61.366784210745955, "kg_hi": 123.92685103936013, "bulk_m3": 0.7052510514216962, "crew": "1인", "tools": ["절단기"], "max_item_kg_hi": 13.294689645733717, "r95_m": 3.0, "buried_suspect": false, "classes": ["net", "pet_bottle", "plastic_buoy", "plastic_other"], "visit_order": 50}}, {"type": "Feature", "geometry": {"type": "Point", "coordinates": [-160.16923919901257, 21.84979097619599]}, "properties": {"stop_id": "S268", "x": 379177.35150527564, "y": 2416659.9438963514, "n_items": 8, "kg_est": 4.652846318458545, "kg_hi": 12.959549925895306, "bulk_m3": 0.02460264152858453, "crew": "1인", "tools": [], "max_item_kg_hi": 2.265648885727315, "r95_m": 3.0, "buried_suspect": false, "classes": ["pet_bottle", "plastic_other"], "visit_order": 51}}, {"type": "Feature", "geometry": {"type": "Point", "coordinates": [-160.1685000082357, 21.8503998231013]}, "properties": {"stop_id": "S269", "x": 379254.2547190564, "y": 2416726.763597033, "n_items": 42, "kg_est": 174.1966497145338, "kg_hi": 322.72649891467285, "bulk_m3": 1.4030458683894165, "crew": "2인", "tools": [], "max_item_kg_hi": 44.690448721084906, "r95_m": 3.0, "buried_suspect": false, "classes": ["eps_buoy", "eps_fragment", "pet_bottle", "plastic_buoy", "plastic_other"], "visit_order": 52}}, {"type": "Feature", "geometry": {"type": "Point", "coordinates": [-160.16803731344785, 21.851446599866566]}, "properties": {"stop_id": "S261", "x": 379302.9509947872, "y": 2416842.2796092196, "n_items": 10, "kg_est": 8.982933936486058, "kg_hi": 23.345449185100044, "bulk_m3": 0.07577424795868724, "crew": "1인", "tools": [], "max_item_kg_hi": 4.2573760925300235, "r95_m": 3.0, "buried_suspect": false, "classes": ["eps_fragment", "pet_bottle", "plastic_buoy", "plastic_other"], "visit_order": 53}}, {"type": "Feature", "geometry": {"type": "Point", "coordinates": [-160.16779648318456, 21.85297303731453]}, "properties": {"stop_id": "S262", "x": 379329.12138507835, "y": 2417011.068494832, "n_items": 3, "kg_est": 14.719915154760008, "kg_hi": 34.07937249649152, "bulk_m3": 0.1511270223105211, "crew": "2인", "tools": [], "max_item_kg_hi": 23.780841951374292, "r95_m": 3.0, "buried_suspect": false, "classes": ["pet_bottle", "plastic_buoy", "plastic_other"], "visit_order": 54}}, {"type": "Feature", "geometry": {"type": "Point", "coordinates": [-160.16722707789944, 21.853411975180382]}, "properties": {"stop_id": "S263", "x": 379388.3336802558, "y": 2417059.2128524147, "n_items": 1, "kg_est": 0.16332256066136053, "kg_hi": 0.5444085355378684, "bulk_m3": 0.0008166128033068026, "crew": "1인", "tools": [], "max_item_kg_hi": 0.5444085355378684, "r95_m": 3.0, "buried_suspect": false, "classes": ["eps_fragment"], "visit_order": 55}}, {"type": "Feature", "geometry": {"type": "Point", "coordinates": [-160.1660085774879, 21.85598736444046]}, "properties": {"stop_id": "S275", "x": 379516.4162655127, "y": 2417343.3557514604, "n_items": 47, "kg_est": 59.11467014400576, "kg_hi": 144.96186076214914, "bulk_m3": 0.5066899351583452, "crew": "1인", "tools": ["절단기"], "max_item_kg_hi": 17.89684472287006, "r95_m": 3.0, "buried_suspect": false, "classes": ["eps_fragment", "net", "pet_bottle", "plastic_buoy", "plastic_other"], "visit_order": 56}}, {"type": "Feature", "geometry": {"type": "Point", "coordinates": [-160.16586427546332, 21.856082774728222]}, "properties": {"stop_id": "S276", "x": 379531.4084997152, "y": 2417353.804755833, "n_items": 89, "kg_est": 213.6149201721308, "kg_hi": 447.93011834746216, "bulk_m3": 2.1828390793495585, "crew": "2인", "tools": ["절단기"], "max_item_kg_hi": 35.6273173569442, "r95_m": 3.0, "buried_suspect": false, "classes": ["eps_fragment", "net", "pet_bottle", "plastic_buoy", "plastic_other"], "visit_order": 57}}, {"type": "Feature", "geometry": {"type": "Point", "coordinates": [-160.1653269703516, 21.856843803143562]}, "properties": {"stop_id": "S277", "x": 379587.5717201029, "y": 2417437.630569528, "n_items": 32, "kg_est": 37.63205087302152, "kg_hi": 87.609839773016, "bulk_m3": 0.3576610689630276, "crew": "1인", "tools": [], "max_item_kg_hi": 10.246692148305732, "r95_m": 3.0, "buried_suspect": false, "classes": ["eps_fragment", "pet_bottle", "plastic_buoy", "plastic_other"], "visit_order": 58}}, {"type": "Feature", "geometry": {"type": "Point", "coordinates": [-160.16504195635548, 21.85709666609405]}, "properties": {"stop_id": "S270", "x": 379617.2369056255, "y": 2417465.399656816, "n_items": 37, "kg_est": 50.97534558848619, "kg_hi": 105.78184437021444, "bulk_m3": 0.5820707366557849, "crew": "1인", "tools": [], "max_item_kg_hi": 14.942302021994752, "r95_m": 3.0, "buried_suspect": false, "classes": ["eps_fragment", "pet_bottle", "plastic_buoy", "plastic_other"], "visit_order": 59}}, {"type": "Feature", "geometry": {"type": "Point", "coordinates": [-160.16502832309706, 21.857186749470394]}, "properties": {"stop_id": "S271", "x": 379618.7212617074, "y": 2417475.361283701, "n_items": 1, "kg_est": 4.164572774584667, "kg_hi": 13.88190924861556, "bulk_m3": 0.017352386560769446, "crew": "1인", "tools": [], "max_item_kg_hi": 13.88190924861556, "r95_m": 3.0, "buried_suspect": false, "classes": ["plastic_other"], "visit_order": 60}}, {"type": "Feature", "geometry": {"type": "Point", "coordinates": [-160.16492415905037, 21.857236969406394]}, "properties": {"stop_id": "S272", "x": 379629.5276002128, "y": 2417480.8391729323, "n_items": 20, "kg_est": 26.82330719529177, "kg_hi": 67.5455291820075, "bulk_m3": 0.2406546183497865, "crew": "1인", "tools": [], "max_item_kg_hi": 11.615433664133143, "r95_m": 3.0, "buried_suspect": false, "classes": ["eps_fragment", "pet_bottle", "plastic_buoy", "plastic_other"], "visit_order": 61}}, {"type": "Feature", "geometry": {"type": "Point", "coordinates": [-160.16464463243403, 21.857532221211187]}, "properties": {"stop_id": "S273", "x": 379658.66108553414, "y": 2417513.3051010054, "n_items": 32, "kg_est": 48.730974197713614, "kg_hi": 135.39891635673453, "bulk_m3": 0.28653018260282614, "crew": "1인", "tools": ["절단기"], "max_item_kg_hi": 19.487675946596607, "r95_m": 3.0, "buried_suspect": false, "classes": ["eps_fragment", "net", "pet_bottle", "plastic_buoy", "plastic_other"], "visit_order": 62}}, {"type": "Feature", "geometry": {"type": "Point", "coordinates": [-160.16454721545767, 21.85767154363047]}, "properties": {"stop_id": "S274", "x": 379668.8448012055, "y": 2417528.651998831, "n_items": 6, "kg_est": 3.1911229413938, "kg_hi": 10.637076471312668, "bulk_m3": 0.01340798079206278, "crew": "1인", "tools": [], "max_item_kg_hi": 3.3161165473109175, "r95_m": 3.0, "buried_suspect": false, "classes": ["eps_fragment", "plastic_other"], "visit_order": 63}}, {"type": "Feature", "geometry": {"type": "Point", "coordinates": [-160.16358023218652, 21.859667254966922]}, "properties": {"stop_id": "S278", "x": 379770.4426251263, "y": 2417748.8226728006, "n_items": 29, "kg_est": 23.032722753658636, "kg_hi": 75.94985142580943, "bulk_m3": 0.09810725365896518, "crew": "1인", "tools": [], "max_item_kg_hi": 4.795074439955575, "r95_m": 3.0, "buried_suspect": false, "classes": ["eps_fragment", "pet_bottle", "plastic_other"], "visit_order": 64}}, {"type": "Feature", "geometry": {"type": "Point", "coordinates": [-160.16276631947744, 21.86030879300844]}, "properties": {"stop_id": "S279", "x": 379855.0871138418, "y": 2417819.205528146, "n_items": 18, "kg_est": 56.072326145322336, "kg_hi": 117.68021191441746, "bulk_m3": 0.3570098942033163, "crew": "2인", "tools": [], "max_item_kg_hi": 32.75734250759892, "r95_m": 3.0, "buried_suspect": false, "classes": ["eps_buoy", "eps_fragment", "pet_bottle", "plastic_other"], "visit_order": 65}}, {"type": "Feature", "geometry": {"type": "Point", "coordinates": [-160.16253715033847, 21.86059137293762]}, "properties": {"stop_id": "S286", "x": 379879.0051565028, "y": 2417850.3083643652, "n_items": 27, "kg_est": 36.434423784993, "kg_hi": 101.19895242438164, "bulk_m3": 0.229097649393, "crew": "1인", "tools": [], "max_item_kg_hi": 21.65951982381713, "r95_m": 3.0, "buried_suspect": false, "classes": ["eps_fragment", "pet_bottle", "plastic_buoy", "plastic_other"], "visit_order": 66}}, {"type": "Feature", "geometry": {"type": "Point", "coordinates": [-160.162286580451, 21.861177467587158]}, "properties": {"stop_id": "S288", "x": 379905.3884183964, "y": 2417914.9938129405, "n_items": 11, "kg_est": 7.006805283804269, "kg_hi": 19.681309853381965, "bulk_m3": 0.037383684750868416, "crew": "1인", "tools": [], "max_item_kg_hi": 4.274118253827823, "r95_m": 3.0, "buried_suspect": false, "classes": ["eps_fragment", "pet_bottle", "plastic_other"], "visit_order": 67}}, {"type": "Feature", "geometry": {"type": "Point", "coordinates": [-160.16284561294827, 21.86154178290924]}, "properties": {"stop_id": "S285", "x": 379847.9247929959, "y": 2417955.76030028, "n_items": 15, "kg_est": 44.08555371873593, "kg_hi": 104.00597004468723, "bulk_m3": 0.31670949797133535, "crew": "2인", "tools": ["절단기"], "max_item_kg_hi": 27.541758416672273, "r95_m": 3.0, "buried_suspect": false, "classes": ["eps_fragment", "net", "plastic_buoy", "plastic_other"], "visit_order": 68}}, {"type": "Feature", "geometry": {"type": "Point", "coordinates": [-160.1624864645316, 21.861642685033637]}, "properties": {"stop_id": "S287", "x": 379885.12223496917, "y": 2417966.649765411, "n_items": 16, "kg_est": 31.81799709748405, "kg_hi": 83.27199968095023, "bulk_m3": 0.2665710430752985, "crew": "1인", "tools": [], "max_item_kg_hi": 13.89811330347298, "r95_m": 3.0, "buried_suspect": false, "classes": ["eps_fragment", "pet_bottle", "plastic_buoy", "plastic_other"], "visit_order": 69}}, {"type": "Feature", "geometry": {"type": "Point", "coordinates": [-160.1619533305535, 21.861837853094727]}, "properties": {"stop_id": "S280", "x": 379940.37741816667, "y": 2417987.8388186614, "n_items": 21, "kg_est": 42.30314562218519, "kg_hi": 92.35548921689097, "bulk_m3": 0.2956773652622706, "crew": "1인", "tools": ["절단기"], "max_item_kg_hi": 15.680542185905267, "r95_m": 3.0, "buried_suspect": false, "classes": ["eps_fragment", "net", "pet_bottle", "plastic_buoy", "plastic_other", "rope"], "visit_order": 70}}, {"type": "Feature", "geometry": {"type": "Point", "coordinates": [-160.16215103858377, 21.861988908824536]}, "properties": {"stop_id": "S289", "x": 379920.07338052755, "y": 2418004.71510938, "n_items": 5, "kg_est": 20.298273895010116, "kg_hi": 27.352141289589298, "bulk_m3": 0.15623768612547795, "crew": "1인", "tools": [], "max_item_kg_hi": 20.250821088555927, "r95_m": 3.0, "buried_suspect": false, "classes": ["eps_buoy", "eps_fragment", "pet_bottle", "plastic_other"], "visit_order": 71}}, {"type": "Feature", "geometry": {"type": "Point", "coordinates": [-160.16154576880916, 21.863109282704563]}, "properties": {"stop_id": "S281", "x": 379983.55589526816, "y": 2418128.268913365, "n_items": 46, "kg_est": 136.3207953493828, "kg_hi": 298.0191762346571, "bulk_m3": 1.3939621902004937, "crew": "2인", "tools": ["절단기"], "max_item_kg_hi": 29.057249940281096, "r95_m": 3.0, "buried_suspect": false, "classes": ["eps_fragment", "net", "pet_bottle", "plastic_buoy", "plastic_other"], "visit_order": 72}}, {"type": "Feature", "geometry": {"type": "Point", "coordinates": [-160.16138098152237, 21.862805932770407]}, "properties": {"stop_id": "S282", "x": 380000.3306859446, "y": 2418094.5593056343, "n_items": 2, "kg_est": 5.974144601198261, "kg_hi": 8.952610453511811, "bulk_m3": 0.09339979969550771, "crew": "1인", "tools": [], "max_item_kg_hi": 7.307469922543818, "r95_m": 3.0, "buried_suspect": false, "classes": ["plastic_buoy", "plastic_other"], "visit_order": 73}}, {"type": "Feature", "geometry": {"type": "Point", "coordinates": [-160.16114848518373, 21.86283855795997]}, "properties": {"stop_id": "S283", "x": 380024.38301882346, "y": 2418097.989582589, "n_items": 11, "kg_est": 26.523156464535, "kg_hi": 65.07353813117578, "bulk_m3": 0.24826909097210637, "crew": "1인", "tools": [], "max_item_kg_hi": 19.020450233462714, "r95_m": 3.0, "buried_suspect": false, "classes": ["pet_bottle", "plastic_buoy", "plastic_other"], "visit_order": 74}}, {"type": "Feature", "geometry": {"type": "Point", "coordinates": [-160.16079181683665, 21.863004436058684]}, "properties": {"stop_id": "S298", "x": 380061.3779859899, "y": 2418116.0742575782, "n_items": 27, "kg_est": 56.906967648613595, "kg_hi": 111.60592710988435, "bulk_m3": 0.646019986147421, "crew": "1인", "tools": [], "max_item_kg_hi": 19.300332290569255, "r95_m": 3.0, "buried_suspect": false, "classes": ["eps_buoy", "eps_fragment", "pet_bottle", "plastic_buoy", "plastic_other"], "visit_order": 75}}, {"type": "Feature", "geometry": {"type": "Point", "coordinates": [-160.16098369786994, 21.86330265201619]}, "properties": {"stop_id": "S284", "x": 380041.7990768253, "y": 2418149.236590392, "n_items": 4, "kg_est": 8.723110490260417, "kg_hi": 29.077034967534733, "bulk_m3": 0.036346293709418415, "crew": "1인", "tools": [], "max_item_kg_hi": 13.816081970932457, "r95_m": 3.0, "buried_suspect": false, "classes": ["plastic_other"], "visit_order": 76}}, {"type": "Feature", "geometry": {"type": "Point", "coordinates": [-160.16029512019784, 21.863583813723057]}, "properties": {"stop_id": "S295", "x": 380113.1879387031, "y": 2418179.8245485034, "n_items": 82, "kg_est": 174.87443776630906, "kg_hi": 416.37410073184463, "bulk_m3": 1.4373325123835015, "crew": "2인", "tools": ["절단기"], "max_item_kg_hi": 37.02058882356321, "r95_m": 3.0, "buried_suspect": false, "classes": ["eps_buoy", "eps_fragment", "net", "pet_bottle", "plastic_buoy", "plastic_other"], "visit_order": 77}}, {"type": "Feature", "geometry": {"type": "Point", "coordinates": [-160.15998256736648, 21.863736205962788]}, "properties": {"stop_id": "S297", "x": 380145.6126946424, "y": 2418196.4508981034, "n_items": 23, "kg_est": 46.27360830303687, "kg_hi": 109.67564168969785, "bulk_m3": 0.3204093157378882, "crew": "1인", "tools": ["절단기"], "max_item_kg_hi": 18.436437901500028, "r95_m": 3.0, "buried_suspect": false, "classes": ["eps_buoy", "eps_fragment", "net", "pet_bottle", "plastic_buoy", "plastic_other"], "visit_order": 78}}, {"type": "Feature", "geometry": {"type": "Point", "coordinates": [-160.16025641803284, 21.86385899792625]}, "properties": {"stop_id": "S296", "x": 380117.41697558423, "y": 2418210.2574560978, "n_items": 19, "kg_est": 14.533559917064622, "kg_hi": 45.590966257647864, "bulk_m3": 0.06650174756363078, "crew": "1인", "tools": [], "max_item_kg_hi": 6.0860539110670935, "r95_m": 3.0, "buried_suspect": false, "classes": ["eps_fragment", "pet_bottle", "plastic_other"], "visit_order": 79}}, {"type": "Feature", "geometry": {"type": "Point", "coordinates": [-160.16009334772133, 21.864216586642932]}, "properties": {"stop_id": "S299", "x": 380134.56628772337, "y": 2418249.715678786, "n_items": 40, "kg_est": 73.31540695351798, "kg_hi": 154.31074968508597, "bulk_m3": 0.8152789662121044, "crew": "1인", "tools": ["절단기"], "max_item_kg_hi": 17.1806395005166, "r95_m": 3.0, "buried_suspect": false, "classes": ["eps_fragment", "net", "pet_bottle", "plastic_buoy", "plastic_other"], "visit_order": 80}}, {"type": "Feature", "geometry": {"type": "Point", "coordinates": [-160.15946270429893, 21.86433968799531]}, "properties": {"stop_id": "S300", "x": 380199.83604785084, "y": 2418262.8517633695, "n_items": 62, "kg_est": 84.86481474287355, "kg_hi": 230.43087390907215, "bulk_m3": 0.6223405221991379, "crew": "1인", "tools": ["절단기"], "max_item_kg_hi": 21.632713425067777, "r95_m": 3.0, "buried_suspect": false, "classes": ["eps_fragment", "net", "pet_bottle", "plastic_buoy", "plastic_other"], "visit_order": 81}}, {"type": "Feature", "geometry": {"type": "Point", "coordinates": [-160.1588652851326, 21.864971925088703]}, "properties": {"stop_id": "S290", "x": 380262.0970944427, "y": 2418332.3756242506, "n_items": 20, "kg_est": 61.48356786544681, "kg_hi": 115.26763698527635, "bulk_m3": 0.745035243518522, "crew": "2인", "tools": ["절단기"], "max_item_kg_hi": 24.849512974850413, "r95_m": 3.0, "buried_suspect": false, "classes": ["eps_fragment", "net", "pet_bottle", "plastic_buoy", "plastic_other"], "visit_order": 82}}, {"type": "Feature", "geometry": {"type": "Point", "coordinates": [-160.15829178002423, 21.86526368319482]}, "properties": {"stop_id": "S292", "x": 380321.60266665154, "y": 2418364.2270797286, "n_items": 72, "kg_est": 86.24535221739181, "kg_hi": 209.10106837878376, "bulk_m3": 0.7439638623129952, "crew": "1인", "tools": ["절단기"], "max_item_kg_hi": 14.296868526938013, "r95_m": 3.0, "buried_suspect": false, "classes": ["eps_fragment", "net", "pet_bottle", "plastic_buoy", "plastic_other"], "visit_order": 83}}, {"type": "Feature", "geometry": {"type": "Point", "coordinates": [-160.1583209143742, 21.865342593266682]}, "properties": {"stop_id": "S291", "x": 380318.65789574455, "y": 2418372.985143513, "n_items": 108, "kg_est": 144.8981391996954, "kg_hi": 388.1186940242382, "bulk_m3": 0.9530341053058027, "crew": "2인", "tools": ["절단기"], "max_item_kg_hi": 31.09212898546987, "r95_m": 3.0, "buried_suspect": false, "classes": ["eps_fragment", "net", "pet_bottle", "plastic_buoy", "plastic_other"], "visit_order": 84}}, {"type": "Feature", "geometry": {"type": "Point", "coordinates": [-160.15809186322525, 21.865492417540825]}, "properties": {"stop_id": "S293", "x": 380342.4513910736, "y": 2418389.3925713473, "n_items": 98, "kg_est": 157.50875727143256, "kg_hi": 399.77461478092187, "bulk_m3": 1.2321516187354753, "crew": "2인", "tools": ["절단기"], "max_item_kg_hi": 24.093368473390875, "r95_m": 3.0, "buried_suspect": false, "classes": ["eps_fragment", "net", "pet_bottle", "plastic_buoy", "plastic_other"], "visit_order": 85}}, {"type": "Feature", "geometry": {"type": "Point", "coordinates": [-160.15806612306065, 21.86591529425146]}, "properties": {"stop_id": "S294", "x": 380345.4636440472, "y": 2418436.1852620053, "n_items": 1, "kg_est": 2.826328561878686, "kg_hi": 9.421095206262287, "bulk_m3": 0.011776369007827858, "crew": "1인", "tools": [], "max_item_kg_hi": 9.421095206262287, "r95_m": 3.0, "buried_suspect": false, "classes": ["plastic_other"], "visit_order": 86}}, {"type": "Feature", "geometry": {"type": "Point", "coordinates": [-160.15763388847833, 21.865816115107712]}, "properties": {"stop_id": "S303", "x": 380390.04508755484, "y": 2418424.869869072, "n_items": 53, "kg_est": 86.57324722255966, "kg_hi": 197.71999695868055, "bulk_m3": 0.8670559193913415, "crew": "2인", "tools": [], "max_item_kg_hi": 24.51326633606375, "r95_m": 3.0, "buried_suspect": false, "classes": ["eps_fragment", "pet_bottle", "plastic_buoy", "plastic_other"], "visit_order": 87}}, {"type": "Feature", "geometry": {"type": "Point", "coordinates": [-160.15705763324587, 21.866309940260134]}, "properties": {"stop_id": "S301", "x": 380450.0024892931, "y": 2418479.088583078, "n_items": 5, "kg_est": 2.9798010590468804, "kg_hi": 8.617950210630724, "bulk_m3": 0.015105037717785465, "crew": "1인", "tools": [], "max_item_kg_hi": 2.3857195548426704, "r95_m": 3.0, "buried_suspect": false, "classes": ["pet_bottle", "plastic_other"], "visit_order": 88}}, {"type": "Feature", "geometry": {"type": "Point", "coordinates": [-160.15687931294826, 21.866463738180506]}, "properties": {"stop_id": "S302", "x": 380468.55684601504, "y": 2418495.9755085856, "n_items": 13, "kg_est": 24.032932852582928, "kg_hi": 75.06952011168761, "bulk_m3": 0.09222076702186137, "crew": "1인", "tools": ["절단기"], "max_item_kg_hi": 15.575452064755233, "r95_m": 3.0, "buried_suspect": false, "classes": ["eps_fragment", "net", "plastic_other"], "visit_order": 89}}, {"type": "Feature", "geometry": {"type": "Point", "coordinates": [-160.15656384971928, 21.86677780762828]}, "properties": {"stop_id": "S307", "x": 380501.415883509, "y": 2418530.498042715, "n_items": 25, "kg_est": 28.97631277400831, "kg_hi": 86.91768763624947, "bulk_m3": 0.1272132219334284, "crew": "1인", "tools": ["절단기"], "max_item_kg_hi": 18.67337588253648, "r95_m": 3.0, "buried_suspect": false, "classes": ["eps_fragment", "net", "pet_bottle", "plastic_other"], "visit_order": 90}}, {"type": "Feature", "geometry": {"type": "Point", "coordinates": [-160.15650386217877, 21.866854760227397]}, "properties": {"stop_id": "S308", "x": 380507.6785856048, "y": 2418538.9701327337, "n_items": 1, "kg_est": 0.28959036900746105, "kg_hi": 0.9653012300248703, "bulk_m3": 0.0014479518450373054, "crew": "1인", "tools": [], "max_item_kg_hi": 0.9653012300248703, "r95_m": 3.0, "buried_suspect": false, "classes": ["eps_fragment"], "visit_order": 91}}, {"type": "Feature", "geometry": {"type": "Point", "coordinates": [-160.15569512106217, 21.86732838026933]}, "properties": {"stop_id": "S304", "x": 380591.6415471586, "y": 2418590.772018276, "n_items": 49, "kg_est": 119.08041080943094, "kg_hi": 272.7400979703999, "bulk_m3": 1.273659932274528, "crew": "2인", "tools": [], "max_item_kg_hi": 35.525204201948654, "r95_m": 3.0, "buried_suspect": false, "classes": ["eps_fragment", "plastic_buoy", "plastic_other"], "visit_order": 92}}, {"type": "Feature", "geometry": {"type": "Point", "coordinates": [-160.15481268921533, 21.86771673231293]}, "properties": {"stop_id": "S305", "x": 380683.14765116014, "y": 2418633.077936536, "n_items": 134, "kg_est": 349.9225848944893, "kg_hi": 778.592167884178, "bulk_m3": 3.7006191311427235, "crew": "2인", "tools": ["절단기"], "max_item_kg_hi": 25.915560684808845, "r95_m": 3.0, "buried_suspect": false, "classes": ["eps_buoy", "eps_fragment", "net", "pet_bottle", "plastic_buoy", "plastic_other"], "visit_order": 93}}, {"type": "Feature", "geometry": {"type": "Point", "coordinates": [-160.1547073485656, 21.867748776583202]}, "properties": {"stop_id": "S306", "x": 380694.0592991103, "y": 2418636.543531572, "n_items": 4, "kg_est": 5.696304314388374, "kg_hi": 18.987681047961246, "bulk_m3": 0.024056772474899905, "crew": "1인", "tools": [], "max_item_kg_hi": 12.561250830034655, "r95_m": 3.0, "buried_suspect": false, "classes": ["eps_fragment", "plastic_other"], "visit_order": 94}}, {"type": "Feature", "geometry": {"type": "Point", "coordinates": [-160.14546152172102, 21.872287407874]}, "properties": {"stop_id": "S309", "x": 381653.1858629678, "y": 2419131.8276683423, "n_items": 3, "kg_est": 2.179382563311084, "kg_hi": 7.2646085443702795, "bulk_m3": 0.00967475410822683, "crew": "1인", "tools": [], "max_item_kg_hi": 4.888634833314358, "r95_m": 3.0, "buried_suspect": false, "classes": ["eps_fragment", "plastic_other"], "visit_order": 95}}, {"type": "Feature", "geometry": {"type": "Point", "coordinates": [-160.14493458716944, 21.87287827026401]}, "properties": {"stop_id": "S311", "x": 381708.11996969004, "y": 2419196.830864705, "n_items": 8, "kg_est": 32.88961318851882, "kg_hi": 58.08348117915488, "bulk_m3": 0.2272500398216672, "crew": "2인", "tools": [], "max_item_kg_hi": 26.89490232134324, "r95_m": 3.0, "buried_suspect": false, "classes": ["eps_buoy", "plastic_other"], "visit_order": 96}}, {"type": "Feature", "geometry": {"type": "Point", "coordinates": [-160.14472113365338, 21.87287182179795]}, "properties": {"stop_id": "S310", "x": 381730.170293047, "y": 2419195.952813521, "n_items": 2, "kg_est": 5.5242069464269745, "kg_hi": 18.414023154756585, "bulk_m3": 0.023017528943445727, "crew": "1인", "tools": [], "max_item_kg_hi": 14.774350451877252, "r95_m": 3.0, "buried_suspect": false, "classes": ["plastic_other"], "visit_order": 97}}, {"type": "Feature", "geometry": {"type": "Point", "coordinates": [-160.14336616005028, 21.87316001092384]}, "properties": {"stop_id": "S313", "x": 381870.4136371624, "y": 2419226.8138200366, "n_items": 64, "kg_est": 142.72315292728382, "kg_hi": 288.5726965606403, "bulk_m3": 1.7647297039612715, "crew": "1인", "tools": [], "max_item_kg_hi": 14.295170058634334, "r95_m": 3.0, "buried_suspect": false, "classes": ["eps_fragment", "plastic_buoy", "plastic_other"], "visit_order": 98}}, {"type": "Feature", "geometry": {"type": "Point", "coordinates": [-160.14265085201492, 21.87330134259641]}, "properties": {"stop_id": "S312", "x": 381944.4407721894, "y": 2419241.9098854163, "n_items": 21, "kg_est": 53.95232043691716, "kg_hi": 115.45883846483672, "bulk_m3": 0.5708300781759164, "crew": "1인", "tools": [], "max_item_kg_hi": 15.042147707107247, "r95_m": 3.0, "buried_suspect": false, "classes": ["eps_buoy", "eps_fragment", "plastic_buoy", "plastic_other"], "visit_order": 99}}, {"type": "Feature", "geometry": {"type": "Point", "coordinates": [-160.14103614645688, 21.87358782363276]}, "properties": {"stop_id": "S314", "x": 382111.5191143377, "y": 2419272.3844920597, "n_items": 12, "kg_est": 49.004194056004366, "kg_hi": 76.49927703295462, "bulk_m3": 0.5424181024487902, "crew": "2인", "tools": [], "max_item_kg_hi": 23.77276697767186, "r95_m": 3.0, "buried_suspect": false, "classes": ["eps_buoy", "eps_fragment", "plastic_buoy", "plastic_other"], "visit_order": 100}}, {"type": "Feature", "geometry": {"type": "Point", "coordinates": [-160.14017775556337, 21.873467758832906]}, "properties": {"stop_id": "S315", "x": 382200.1154895994, "y": 2419258.435381499, "n_items": 1, "kg_est": 1.0888371041681237, "kg_hi": 3.629457013893746, "bulk_m3": 0.004536821267367182, "crew": "1인", "tools": [], "max_item_kg_hi": 3.629457013893746, "r95_m": 3.0, "buried_suspect": false, "classes": ["plastic_other"], "visit_order": 101}}, {"type": "Feature", "geometry": {"type": "Point", "coordinates": [-160.12767441636274, 21.87693710573974]}, "properties": {"stop_id": "S318", "x": 383494.8632164538, "y": 2419632.9647910297, "n_items": 16, "kg_est": 85.03379367963436, "kg_hi": 135.1338915296785, "bulk_m3": 0.9095010630643859, "crew": "2인", "tools": ["절단기"], "max_item_kg_hi": 34.60395901367658, "r95_m": 3.0, "buried_suspect": false, "classes": ["eps_buoy", "net", "plastic_buoy", "plastic_other"], "visit_order": 102}}, {"type": "Feature", "geometry": {"type": "Point", "coordinates": [-160.1275101342333, 21.877371914210286]}, "properties": {"stop_id": "S317", "x": 383512.19052808435, "y": 2419680.9735616087, "n_items": 60, "kg_est": 170.56497400787075, "kg_hi": 333.83807863467587, "bulk_m3": 1.9522475802311547, "crew": "1인", "tools": ["절단기"], "max_item_kg_hi": 19.064752001136068, "r95_m": 3.0, "buried_suspect": false, "classes": ["eps_fragment", "net", "plastic_buoy", "plastic_other", "rope"], "visit_order": 103}}, {"type": "Feature", "geometry": {"type": "Point", "coordinates": [-160.1273884477322, 21.877554628834524]}, "properties": {"stop_id": "S316", "x": 383524.9119727924, "y": 2419701.1078522755, "n_items": 20, "kg_est": 77.2794495318572, "kg_hi": 148.7899496272093, "bulk_m3": 0.9124440769477472, "crew": "2인", "tools": ["절단기"], "max_item_kg_hi": 23.60603664292797, "r95_m": 3.0, "buried_suspect": false, "classes": ["eps_fragment", "net", "plastic_buoy", "plastic_other"], "visit_order": 104}}, {"type": "Feature", "geometry": {"type": "Point", "coordinates": [-160.1253741614368, 21.878049948097175]}, "properties": {"stop_id": "S319", "x": 383733.43693296274, "y": 2419754.414830717, "n_items": 1, "kg_est": 43.238539835389616, "kg_hi": 49.41547409758814, "bulk_m3": 0.34590831868311694, "crew": "2인", "tools": [], "max_item_kg_hi": 49.41547409758814, "r95_m": 3.0, "buried_suspect": false, "classes": ["eps_buoy"], "visit_order": 105}}, {"type": "Feature", "geometry": {"type": "Point", "coordinates": [-160.12468227202066, 21.877148024466063]}, "properties": {"stop_id": "S320", "x": 383804.19487849914, "y": 2419654.0488916356, "n_items": 5, "kg_est": 10.178515140082187, "kg_hi": 28.336215527241286, "bulk_m3": 0.032344576858883645, "crew": "1인", "tools": ["절단기"], "max_item_kg_hi": 16.77650481909799, "r95_m": 3.0, "buried_suspect": false, "classes": ["net", "plastic_other"], "visit_order": 106}}, {"type": "Feature", "geometry": {"type": "Point", "coordinates": [-160.11442867510848, 21.879538434571828]}, "properties": {"stop_id": "S321", "x": 384865.55425562616, "y": 2419910.9515599017, "n_items": 3, "kg_est": 13.941186419362602, "kg_hi": 38.134901545549354, "bulk_m3": 0.043083981013157385, "crew": "2인", "tools": ["절단기"], "max_item_kg_hi": 25.00715955697799, "r95_m": 3.0, "buried_suspect": false, "classes": ["net", "plastic_other"], "visit_order": 107}}, {"type": "Feature", "geometry": {"type": "Point", "coordinates": [-160.11023311154594, 21.88120721181483]}, "properties": {"stop_id": "S323", "x": 385300.3822529979, "y": 2420092.547745408, "n_items": 8, "kg_est": 27.203470709036157, "kg_hi": 51.9011790580838, "bulk_m3": 0.21624014082648563, "crew": "1인", "tools": [], "max_item_kg_hi": 16.169769018712415, "r95_m": 3.0, "buried_suspect": false, "classes": ["eps_buoy", "plastic_buoy", "plastic_other"], "visit_order": 108}}, {"type": "Feature", "geometry": {"type": "Point", "coordinates": [-160.10998767527207, 21.880938120020915]}, "properties": {"stop_id": "S322", "x": 385325.5258022627, "y": 2420062.5762899877, "n_items": 13, "kg_est": 24.21249936820791, "kg_hi": 61.956482098156535, "bulk_m3": 0.21849359856550304, "crew": "1인", "tools": [], "max_item_kg_hi": 12.501232752802121, "r95_m": 3.0, "buried_suspect": false, "classes": ["eps_fragment", "plastic_buoy", "plastic_other"], "visit_order": 109}}, {"type": "Feature", "geometry": {"type": "Point", "coordinates": [-160.0994979074677, 21.885740549286236]}, "properties": {"stop_id": "S324", "x": 386413.1393596138, "y": 2420586.4125183052, "n_items": 6, "kg_est": 4.950379308714995, "kg_hi": 15.240260095144725, "bulk_m3": 0.023205907363239905, "crew": "1인", "tools": [], "max_item_kg_hi": 3.424893753433811, "r95_m": 3.0, "buried_suspect": false, "classes": ["pet_bottle", "plastic_other"], "visit_order": 110}}, {"type": "Feature", "geometry": {"type": "Point", "coordinates": [-160.09766968270696, 21.88528330875913]}, "properties": {"stop_id": "S326", "x": 386601.66479982337, "y": 2420534.4461718453, "n_items": 6, "kg_est": 19.47971713156898, "kg_hi": 33.099216667462564, "bulk_m3": 0.28054477317051635, "crew": "1인", "tools": [], "max_item_kg_hi": 12.412863258363931, "r95_m": 3.0, "buried_suspect": false, "classes": ["eps_fragment", "plastic_buoy", "plastic_other"], "visit_order": 111}}, {"type": "Feature", "geometry": {"type": "Point", "coordinates": [-160.09748002789976, 21.885129826970896]}, "properties": {"stop_id": "S325", "x": 386621.13812492735, "y": 2420517.3159273504, "n_items": 1, "kg_est": 1.7759465283396887, "kg_hi": 5.919821761132296, "bulk_m3": 0.007399777201415369, "crew": "1인", "tools": [], "max_item_kg_hi": 5.919821761132296, "r95_m": 3.0, "buried_suspect": false, "classes": ["plastic_other"], "visit_order": 112}}, {"type": "Feature", "geometry": {"type": "Point", "coordinates": [-160.08873221410624, 21.890336995707614]}, "properties": {"stop_id": "S327", "x": 387529.02358957817, "y": 2421087.3162271944, "n_items": 3, "kg_est": 4.594131966900789, "kg_hi": 15.31377322300263, "bulk_m3": 0.019142216528753288, "crew": "1인", "tools": [], "max_item_kg_hi": 7.723180167926675, "r95_m": 3.0, "buried_suspect": false, "classes": ["plastic_other"], "visit_order": 113}}, {"type": "Feature", "geometry": {"type": "Point", "coordinates": [-160.08838197192668, 21.8903943412326]}, "properties": {"stop_id": "S328", "x": 387565.253325038, "y": 2421093.4079790628, "n_items": 20, "kg_est": 73.273515057708, "kg_hi": 117.77827374039913, "bulk_m3": 1.0963595990806811, "crew": "1인", "tools": [], "max_item_kg_hi": 16.00707274811541, "r95_m": 3.0, "buried_suspect": false, "classes": ["eps_fragment", "plastic_buoy", "plastic_other"], "visit_order": 114}}, {"type": "Feature", "geometry": {"type": "Point", "coordinates": [-160.08155309630877, 21.893424099111694]}, "properties": {"stop_id": "S329", "x": 388273.128823136, "y": 2421423.817158353, "n_items": 1, "kg_est": 1.2313349868198347, "kg_hi": 4.104449956066116, "bulk_m3": 0.005130562445082645, "crew": "1인", "tools": [], "max_item_kg_hi": 4.104449956066116, "r95_m": 3.0, "buried_suspect": false, "classes": ["plastic_other"], "visit_order": 115}}, {"type": "Feature", "geometry": {"type": "Point", "coordinates": [-160.08124696543146, 21.893721173558152]}, "properties": {"stop_id": "S330", "x": 388304.98700070364, "y": 2421456.4803575054, "n_items": 3, "kg_est": 10.002048350717342, "kg_hi": 33.34016116905781, "bulk_m3": 0.04167520146132225, "crew": "2인", "tools": [], "max_item_kg_hi": 25.747584813313104, "r95_m": 3.0, "buried_suspect": false, "classes": ["plastic_other"], "visit_order": 116}}, {"type": "Feature", "geometry": {"type": "Point", "coordinates": [-160.08087089244677, 21.89408448995387]}, "properties": {"stop_id": "S331", "x": 388344.12240742927, "y": 2421496.4256874793, "n_items": 1, "kg_est": 2.3987375299076352, "kg_hi": 7.995791766358784, "bulk_m3": 0.00999473970794848, "crew": "1인", "tools": [], "max_item_kg_hi": 7.995791766358784, "r95_m": 3.0, "buried_suspect": false, "classes": ["plastic_other"], "visit_order": 117}}, {"type": "Feature", "geometry": {"type": "Point", "coordinates": [-160.07810197825455, 21.911630988350943]}, "properties": {"stop_id": "S100", "x": 388643.81623332493, "y": 2423436.794038627, "n_items": 5, "kg_est": 17.57332854311354, "kg_hi": 41.30909199966319, "bulk_m3": 0.1727409741408898, "crew": "1인", "tools": [], "max_item_kg_hi": 14.72601433198703, "r95_m": 3.0, "buried_suspect": false, "classes": ["pet_bottle", "plastic_buoy", "plastic_other"], "visit_order": 118}}, {"type": "Feature", "geometry": {"type": "Point", "coordinates": [-160.07860911167214, 21.912464244770057]}, "properties": {"stop_id": "S099", "x": 388592.078479507, "y": 2423529.4027051963, "n_items": 35, "kg_est": 101.22316070625183, "kg_hi": 232.29242715745858, "bulk_m3": 1.0354534809801577, "crew": "1인", "tools": ["절단기"], "max_item_kg_hi": 17.935938530477955, "r95_m": 3.0, "buried_suspect": false, "classes": ["eps_fragment", "net", "plastic_buoy", "plastic_other"], "visit_order": 119}}, {"type": "Feature", "geometry": {"type": "Point", "coordinates": [-160.08047358623142, 21.916650545118653]}, "properties": {"stop_id": "S098", "x": 388402.745146407, "y": 2423994.1768912002, "n_items": 15, "kg_est": 62.32759969449876, "kg_hi": 104.66531741098686, "bulk_m3": 0.49136177962640953, "crew": "2인", "tools": [], "max_item_kg_hi": 43.77165906545657, "r95_m": 3.0, "buried_suspect": false, "classes": ["eps_buoy", "pet_bottle", "plastic_buoy", "plastic_other"], "visit_order": 120}}, {"type": "Feature", "geometry": {"type": "Point", "coordinates": [-160.08049114789998, 21.91680555887075]}, "properties": {"stop_id": "S097", "x": 388401.0519260778, "y": 2424011.349552854, "n_items": 5, "kg_est": 23.574083136547767, "kg_hi": 41.801622513755675, "bulk_m3": 0.14112803634141827, "crew": "1인", "tools": ["절단기"], "max_item_kg_hi": 18.521923331134598, "r95_m": 3.0, "buried_suspect": false, "classes": ["eps_buoy", "net", "pet_bottle", "plastic_other"], "visit_order": 121}}, {"type": "Feature", "geometry": {"type": "Point", "coordinates": [-160.08105995169254, 21.918549311841385]}, "properties": {"stop_id": "S105", "x": 388343.65742275916, "y": 2424204.7953109513, "n_items": 7, "kg_est": 17.164436710122114, "kg_hi": 40.136289586179245, "bulk_m3": 0.1737560102858154, "crew": "1인", "tools": [], "max_item_kg_hi": 15.28196641016267, "r95_m": 3.0, "buried_suspect": false, "classes": ["eps_fragment", "pet_bottle", "plastic_buoy", "plastic_other"], "visit_order": 122}}, {"type": "Feature", "geometry": {"type": "Point", "coordinates": [-160.08195013732197, 21.921755251230334]}, "properties": {"stop_id": "S103", "x": 388254.2095733139, "y": 2424560.338330115, "n_items": 1, "kg_est": 0.5613330239869121, "kg_hi": 1.8711100799563738, "bulk_m3": 0.002338887599945467, "crew": "1인", "tools": [], "max_item_kg_hi": 1.8711100799563738, "r95_m": 3.0, "buried_suspect": false, "classes": ["plastic_other"], "visit_order": 123}}, {"type": "Feature", "geometry": {"type": "Point", "coordinates": [-160.0822225592196, 21.923134469514864]}, "properties": {"stop_id": "S104", "x": 388227.1477282784, "y": 2424713.2152222604, "n_items": 10, "kg_est": 20.616510493086512, "kg_hi": 68.72170164362171, "bulk_m3": 0.08590212705452713, "crew": "2인", "tools": [], "max_item_kg_hi": 26.649737655942218, "r95_m": 3.0, "buried_suspect": false, "classes": ["plastic_other"], "visit_order": 124}}, {"type": "Feature", "geometry": {"type": "Point", "coordinates": [-160.08223071767642, 21.923616528091667]}, "properties": {"stop_id": "S102", "x": 388226.681425411, "y": 2424766.5847068746, "n_items": 1, "kg_est": 6.247826288653484, "kg_hi": 8.33043505153798, "bulk_m3": 0.10413043814422474, "crew": "1인", "tools": [], "max_item_kg_hi": 8.33043505153798, "r95_m": 3.0, "buried_suspect": false, "classes": ["plastic_buoy"], "visit_order": 125}}, {"type": "Feature", "geometry": {"type": "Point", "coordinates": [-160.0823454806012, 21.923650118534226]}, "properties": {"stop_id": "S101", "x": 388214.8538608146, "y": 2424770.386757515, "n_items": 10, "kg_est": 20.331136922700903, "kg_hi": 67.770456409003, "bulk_m3": 0.08498205569429183, "crew": "1인", "tools": [], "max_item_kg_hi": 21.03661286889402, "r95_m": 3.0, "buried_suspect": false, "classes": ["eps_fragment", "plastic_other"], "visit_order": 126}}, {"type": "Feature", "geometry": {"type": "Point", "coordinates": [-160.08261142271513, 21.924309592679272]}, "properties": {"stop_id": "S106", "x": 388187.8999625129, "y": 2424843.5838783034, "n_items": 7, "kg_est": 21.033838909856126, "kg_hi": 39.127065110270735, "bulk_m3": 0.2813018158072111, "crew": "1인", "tools": [], "max_item_kg_hi": 11.472389380074873, "r95_m": 3.0, "buried_suspect": false, "classes": ["plastic_buoy", "plastic_other"], "visit_order": 127}}, {"type": "Feature", "geometry": {"type": "Point", "coordinates": [-160.08301061249074, 21.92869840326442]}, "properties": {"stop_id": "S107", "x": 388150.0977184898, "y": 2425329.71333836, "n_items": 4, "kg_est": 6.074558034646319, "kg_hi": 20.248526782154396, "bulk_m3": 0.02557335887939555, "crew": "1인", "tools": [], "max_item_kg_hi": 8.654923558307694, "r95_m": 3.0, "buried_suspect": false, "classes": ["eps_fragment", "plastic_other"], "visit_order": 128}}, {"type": "Feature", "geometry": {"type": "Point", "coordinates": [-160.082721401586, 21.930123413157105]}, "properties": {"stop_id": "S108", "x": 388181.08250451647, "y": 2425487.2501887083, "n_items": 7, "kg_est": 40.364117966187465, "kg_hi": 79.33685672414222, "bulk_m3": 0.3627174889751034, "crew": "1인", "tools": [], "max_item_kg_hi": 17.08840336311061, "r95_m": 3.0, "buried_suspect": false, "classes": ["eps_buoy", "eps_fragment", "pet_bottle", "plastic_buoy", "plastic_other"], "visit_order": 129}}, {"type": "Feature", "geometry": {"type": "Point", "coordinates": [-160.0825413500834, 21.930900788544953]}, "properties": {"stop_id": "S109", "x": 388200.2863959692, "y": 2425573.1739176693, "n_items": 4, "kg_est": 15.307617931053208, "kg_hi": 32.16344766755991, "bulk_m3": 0.18191101638946297, "crew": "1인", "tools": [], "max_item_kg_hi": 15.508326851208924, "r95_m": 3.0, "buried_suspect": false, "classes": ["eps_fragment", "plastic_buoy", "plastic_other"], "visit_order": 130}}, {"type": "Feature", "geometry": {"type": "Point", "coordinates": [-160.08205544222255, 21.9321516035398]}, "properties": {"stop_id": "S110", "x": 388251.4497797978, "y": 2425711.2842609296, "n_items": 4, "kg_est": 27.75943534358207, "kg_hi": 63.2120424684351, "bulk_m3": 0.15499924362577158, "crew": "2인", "tools": ["절단기"], "max_item_kg_hi": 29.47701505925729, "r95_m": 3.0, "buried_suspect": false, "classes": ["eps_fragment", "net", "plastic_buoy"], "visit_order": 131}}, {"type": "Feature", "geometry": {"type": "Point", "coordinates": [-160.08034043758124, 21.93835010356682]}, "properties": {"stop_id": "S111", "x": 388433.4146964079, "y": 2426396.2058266676, "n_items": 4, "kg_est": 15.084486080766933, "kg_hi": 32.53891305295694, "bulk_m3": 0.1737439454381924, "crew": "1인", "tools": [], "max_item_kg_hi": 11.828471477510778, "r95_m": 3.0, "buried_suspect": false, "classes": ["plastic_buoy", "plastic_other"], "visit_order": 132}}, {"type": "Feature", "geometry": {"type": "Point", "coordinates": [-160.0798557824844, 21.941154369885446]}, "properties": {"stop_id": "S112", "x": 388485.6555221359, "y": 2426706.283954856, "n_items": 5, "kg_est": 4.764643817340514, "kg_hi": 15.099848098669444, "bulk_m3": 0.021749486690734707, "crew": "1인", "tools": [], "max_item_kg_hi": 6.095756767274101, "r95_m": 3.0, "buried_suspect": false, "classes": ["eps_fragment", "pet_bottle", "plastic_other"], "visit_order": 133}}, {"type": "Feature", "geometry": {"type": "Point", "coordinates": [-160.0790168555814, 21.943447751787026]}, "properties": {"stop_id": "S113", "x": 388574.083883794, "y": 2426959.550077424, "n_items": 9, "kg_est": 23.185606320464387, "kg_hi": 52.051790505435996, "bulk_m3": 0.20165566920674302, "crew": "1인", "tools": ["절단기"], "max_item_kg_hi": 19.625142166170843, "r95_m": 3.0, "buried_suspect": false, "classes": ["net", "plastic_buoy", "plastic_other"], "visit_order": 134}}, {"type": "Feature", "geometry": {"type": "Point", "coordinates": [-160.07875674423963, 21.944065072850186]}, "properties": {"stop_id": "S114", "x": 388601.42775461945, "y": 2427027.698137815, "n_items": 8, "kg_est": 22.07546916164044, "kg_hi": 52.61831722723695, "bulk_m3": 0.17776042568737652, "crew": "1인", "tools": ["절단기"], "max_item_kg_hi": 16.867759260895742, "r95_m": 3.0, "buried_suspect": false, "classes": ["net", "plastic_buoy", "plastic_other"], "visit_order": 135}}, {"type": "Feature", "geometry": {"type": "Point", "coordinates": [-160.07864038340276, 21.94431246008473]}, "properties": {"stop_id": "S115", "x": 388613.6375571443, "y": 2427054.999213882, "n_items": 3, "kg_est": 3.2341874722811723, "kg_hi": 9.412206084247643, "bulk_m3": 0.01627481963682452, "crew": "1인", "tools": [], "max_item_kg_hi": 4.2601891011006945, "r95_m": 3.0, "buried_suspect": false, "classes": ["pet_bottle", "plastic_other"], "visit_order": 136}}, {"type": "Feature", "geometry": {"type": "Point", "coordinates": [-160.07858918088547, 21.944409393250037]}, "properties": {"stop_id": "S116", "x": 388619.00096167176, "y": 2427065.6924581067, "n_items": 28, "kg_est": 97.36961063336877, "kg_hi": 208.94825842280858, "bulk_m3": 1.1246746994726322, "crew": "2인", "tools": [], "max_item_kg_hi": 28.53602431080828, "r95_m": 3.0, "buried_suspect": false, "classes": ["eps_fragment", "pet_bottle", "plastic_buoy", "plastic_other"], "visit_order": 137}}, {"type": "Feature", "geometry": {"type": "Point", "coordinates": [-160.07764992515507, 21.947396131203888]}, "properties": {"stop_id": "S117", "x": 388718.3263229792, "y": 2427395.640547962, "n_items": 8, "kg_est": 19.310860019173337, "kg_hi": 34.610914714640316, "bulk_m3": 0.26690982726793366, "crew": "1인", "tools": [], "max_item_kg_hi": 13.331706445314774, "r95_m": 3.0, "buried_suspect": false, "classes": ["eps_fragment", "plastic_buoy", "plastic_other"], "visit_order": 138}}, {"type": "Feature", "geometry": {"type": "Point", "coordinates": [-160.07686708248426, 21.95027021914362]}, "properties": {"stop_id": "S129", "x": 388801.40751909977, "y": 2427713.2323889234, "n_items": 6, "kg_est": 33.46470458771744, "kg_hi": 71.35052073698921, "bulk_m3": 0.2906620861622708, "crew": "2인", "tools": [], "max_item_kg_hi": 38.7405186331926, "r95_m": 3.0, "buried_suspect": false, "classes": ["eps_buoy", "eps_fragment", "plastic_buoy", "plastic_other"], "visit_order": 139}}, {"type": "Feature", "geometry": {"type": "Point", "coordinates": [-160.07654019291553, 21.951626270266264]}, "properties": {"stop_id": "S119", "x": 388836.21988498094, "y": 2427863.1094038556, "n_items": 1, "kg_est": 14.617997690666442, "kg_hi": 48.72665896888815, "bulk_m3": 0.06090832371111018, "crew": "2인", "tools": [], "max_item_kg_hi": 48.72665896888815, "r95_m": 3.0, "buried_suspect": false, "classes": ["plastic_other"], "visit_order": 140}}, {"type": "Feature", "geometry": {"type": "Point", "coordinates": [-160.0765345247064, 21.95233657715491]}, "properties": {"stop_id": "S118", "x": 388837.35759520263, "y": 2427941.735915996, "n_items": 8, "kg_est": 22.801084086256072, "kg_hi": 54.00581548160458, "bulk_m3": 0.226539418375834, "crew": "1인", "tools": [], "max_item_kg_hi": 13.72156334002645, "r95_m": 3.0, "buried_suspect": false, "classes": ["pet_bottle", "plastic_buoy", "plastic_other"], "visit_order": 141}}, {"type": "Feature", "geometry": {"type": "Point", "coordinates": [-160.07649714234506, 21.952525130945407]}, "properties": {"stop_id": "S120", "x": 388841.3646401655, "y": 2427962.581610628, "n_items": 62, "kg_est": 156.59165630446128, "kg_hi": 413.7808469407408, "bulk_m3": 0.7819530575811472, "crew": "2인", "tools": ["절단기"], "max_item_kg_hi": 23.92900705903372, "r95_m": 3.0, "buried_suspect": false, "classes": ["eps_buoy", "net", "plastic_buoy", "plastic_other", "rope"], "visit_order": 142}}, {"type": "Feature", "geometry": {"type": "Point", "coordinates": [-160.07639993442513, 21.95285126813867]}, "properties": {"stop_id": "S121", "x": 388851.65673733625, "y": 2427998.6143256696, "n_items": 51, "kg_est": 188.51205714235533, "kg_hi": 446.69200874409694, "bulk_m3": 1.4041927265128125, "crew": "장비", "tools": ["절단기"], "max_item_kg_hi": 52.591245255494314, "r95_m": 3.0, "buried_suspect": false, "classes": ["eps_buoy", "net", "pet_bottle", "plastic_buoy", "plastic_other"], "visit_order": 143}}, {"type": "Feature", "geometry": {"type": "Point", "coordinates": [-160.076447264834, 21.953036631799]}, "properties": {"stop_id": "S123", "x": 388846.91315417795, "y": 2428019.168326212, "n_items": 1, "kg_est": 0.8726263323215656, "kg_hi": 2.9087544410718857, "bulk_m3": 0.003635943051339857, "crew": "1인", "tools": [], "max_item_kg_hi": 2.9087544410718857, "r95_m": 3.0, "buried_suspect": false, "classes": ["plastic_other"], "visit_order": 144}}, {"type": "Feature", "geometry": {"type": "Point", "coordinates": [-160.07635979998247, 21.953140349766233]}, "properties": {"stop_id": "S122", "x": 388856.0261212625, "y": 2428030.5864105737, "n_items": 124, "kg_est": 280.27849843445296, "kg_hi": 762.1946440700328, "bulk_m3": 1.6789770670455877, "crew": "2인", "tools": ["절단기"], "max_item_kg_hi": 45.4027427251308, "r95_m": 3.0, "buried_suspect": false, "classes": ["eps_fragment", "net", "pet_bottle", "plastic_buoy", "plastic_other", "rope"], "visit_order": 145}}, {"type": "Feature", "geometry": {"type": "Point", "coordinates": [-160.07637255862198, 21.95330965666123]}, "properties": {"stop_id": "S125", "x": 388854.84020956606, "y": 2428049.3378571174, "n_items": 9, "kg_est": 7.0001651199813875, "kg_hi": 23.333883733271296, "bulk_m3": 0.029167354666589117, "crew": "1인", "tools": [], "max_item_kg_hi": 4.074749263765289, "r95_m": 3.0, "buried_suspect": false, "classes": ["plastic_other"], "visit_order": 146}}, {"type": "Feature", "geometry": {"type": "Point", "coordinates": [-160.07634960248316, 21.953546292336686]}, "properties": {"stop_id": "S124", "x": 388857.39483580866, "y": 2428075.5166623374, "n_items": 104, "kg_est": 351.442069140448, "kg_hi": 852.4048672820616, "bulk_m3": 1.9224800206945105, "crew": "장비", "tools": ["절단기"], "max_item_kg_hi": 73.7084355928281, "r95_m": 3.0, "buried_suspect": false, "classes": ["eps_buoy", "eps_fragment", "net", "pet_bottle", "plastic_buoy", "plastic_other", "rope"], "visit_order": 147}}, {"type": "Feature", "geometry": {"type": "Point", "coordinates": [-160.07630908736928, 21.95378163459315]}, "properties": {"stop_id": "S126", "x": 388861.7617218342, "y": 2428101.5395512288, "n_items": 99, "kg_est": 292.01599798034135, "kg_hi": 725.2835580365387, "bulk_m3": 2.281292541921417, "crew": "장비", "tools": ["절단기"], "max_item_kg_hi": 56.044399988319256, "r95_m": 3.0, "buried_suspect": false, "classes": ["eps_fragment", "net", "pet_bottle", "plastic_buoy", "plastic_other", "rope"], "visit_order": 148}}, {"type": "Feature", "geometry": {"type": "Point", "coordinates": [-160.07623662867934, 21.95400866273201]}, "properties": {"stop_id": "S128", "x": 388869.42085929774, "y": 2428126.61890398, "n_items": 44, "kg_est": 38.18673740585668, "kg_hi": 118.84036834912355, "bulk_m3": 0.15925807557766594, "crew": "1인", "tools": ["절단기"], "max_item_kg_hi": 13.739486428505503, "r95_m": 3.0, "buried_suspect": false, "classes": ["eps_fragment", "net", "pet_bottle", "plastic_other"], "visit_order": 149}}, {"type": "Feature", "geometry": {"type": "Point", "coordinates": [-160.07618048622825, 21.954057414392803]}, "properties": {"stop_id": "S130", "x": 388875.2564410139, "y": 2428131.9749706346, "n_items": 14, "kg_est": 10.651270619809655, "kg_hi": 32.181093413026154, "bulk_m3": 0.051711433009949195, "crew": "1인", "tools": [], "max_item_kg_hi": 4.103874479699834, "r95_m": 3.0, "buried_suspect": false, "classes": ["eps_fragment", "pet_bottle", "plastic_other"], "visit_order": 150}}, {"type": "Feature", "geometry": {"type": "Point", "coordinates": [-160.07625272791364, 21.954165353012286]}, "properties": {"stop_id": "S127", "x": 388867.88016201445, "y": 2428143.9761212766, "n_items": 99, "kg_est": 283.05427456669565, "kg_hi": 660.1961810505536, "bulk_m3": 2.5353429687422517, "crew": "2인", "tools": ["절단기"], "max_item_kg_hi": 30.946576994671663, "r95_m": 3.0, "buried_suspect": false, "classes": ["eps_fragment", "net", "pet_bottle", "plastic_buoy", "plastic_other"], "visit_order": 151}}, {"type": "Feature", "geometry": {"type": "Point", "coordinates": [-160.07586500986957, 21.954779905763026]}, "properties": {"stop_id": "S131", "x": 388908.3963682795, "y": 2428211.725654596, "n_items": 32, "kg_est": 80.42257692336311, "kg_hi": 154.10814101786934, "bulk_m3": 0.9966694510014472, "crew": "1인", "tools": [], "max_item_kg_hi": 12.316260287093234, "r95_m": 3.0, "buried_suspect": false, "classes": ["pet_bottle", "plastic_buoy", "plastic_other"], "visit_order": 152}}, {"type": "Feature", "geometry": {"type": "Point", "coordinates": [-160.07479691377654, 21.956373176332647]}, "properties": {"stop_id": "S132", "x": 389019.9323357753, "y": 2428387.3258771687, "n_items": 9, "kg_est": 15.4577479870073, "kg_hi": 37.043625095425895, "bulk_m3": 0.15492104282877067, "crew": "1인", "tools": [], "max_item_kg_hi": 9.654801018621182, "r95_m": 3.0, "buried_suspect": false, "classes": ["plastic_buoy", "plastic_other"], "visit_order": 153}}, {"type": "Feature", "geometry": {"type": "Point", "coordinates": [-160.0743948651754, 21.956567122538473]}, "properties": {"stop_id": "S133", "x": 389061.6006568414, "y": 2428408.5044462886, "n_items": 16, "kg_est": 22.5288917588755, "kg_hi": 68.79100806730914, "bulk_m3": 0.09158860099809743, "crew": "1인", "tools": ["절단기"], "max_item_kg_hi": 14.892499039557134, "r95_m": 3.0, "buried_suspect": false, "classes": ["eps_fragment", "net", "pet_bottle", "plastic_other"], "visit_order": 154}}, {"type": "Feature", "geometry": {"type": "Point", "coordinates": [-160.0726756458884, 21.95813179815918]}, "properties": {"stop_id": "S137", "x": 389240.3491830711, "y": 2428580.4693029094, "n_items": 2, "kg_est": 13.28154304584372, "kg_hi": 44.2718101528124, "bulk_m3": 0.055339762691015495, "crew": "2인", "tools": [], "max_item_kg_hi": 31.50915623302997, "r95_m": 3.0, "buried_suspect": false, "classes": ["plastic_other"], "visit_order": 155}}, {"type": "Feature", "geometry": {"type": "Point", "coordinates": [-160.07262444665702, 21.958295360772397]}, "properties": {"stop_id": "S136", "x": 389245.7629949647, "y": 2428598.538585953, "n_items": 69, "kg_est": 242.839401038086, "kg_hi": 653.8740223795431, "bulk_m3": 1.3876280717458813, "crew": "장비", "tools": ["절단기"], "max_item_kg_hi": 91.64884796477926, "r95_m": 3.0, "buried_suspect": false, "classes": ["eps_fragment", "net", "pet_bottle", "plastic_buoy", "plastic_other"], "visit_order": 156}}, {"type": "Feature", "geometry": {"type": "Point", "coordinates": [-160.0724046731412, 21.958271303470692]}, "properties": {"stop_id": "S138", "x": 389268.4390745872, "y": 2428595.716580816, "n_items": 13, "kg_est": 27.959900116529237, "kg_hi": 93.19966705509746, "bulk_m3": 0.11649958381887182, "crew": "1인", "tools": [], "max_item_kg_hi": 22.857021703294834, "r95_m": 3.0, "buried_suspect": false, "classes": ["plastic_other"], "visit_order": 157}}, {"type": "Feature", "geometry": {"type": "Point", "coordinates": [-160.0722648147465, 21.9582708301501]}, "properties": {"stop_id": "S139", "x": 389282.8810629022, "y": 2428595.563101315, "n_items": 35, "kg_est": 177.29188464733184, "kg_hi": 495.9949428632555, "bulk_m3": 1.0685526145362119, "crew": "장비", "tools": ["절단기"], "max_item_kg_hi": 81.06507534314582, "r95_m": 3.0, "buried_suspect": false, "classes": ["eps_fragment", "net", "plastic_buoy", "plastic_other"], "visit_order": 158}}, {"type": "Feature", "geometry": {"type": "Point", "coordinates": [-160.07228243580525, 21.958513413812337]}, "properties": {"stop_id": "S141", "x": 389281.2493892258, "y": 2428622.4297196497, "n_items": 3, "kg_est": 4.456208757456108, "kg_hi": 14.854029191520361, "bulk_m3": 0.01856753648940045, "crew": "1인", "tools": [], "max_item_kg_hi": 10.04066785812549, "r95_m": 3.0, "buried_suspect": false, "classes": ["plastic_other"], "visit_order": 159}}, {"type": "Feature", "geometry": {"type": "Point", "coordinates": [-160.07219377156582, 21.958572701204137]}, "properties": {"stop_id": "S140", "x": 389290.4511395999, "y": 2428628.9287248007, "n_items": 26, "kg_est": 71.97002522409056, "kg_hi": 194.92497337797627, "bulk_m3": 0.4784660492249812, "crew": "장비", "tools": ["절단기"], "max_item_kg_hi": 68.81530768268686, "r95_m": 3.0, "buried_suspect": false, "classes": ["net", "plastic_buoy", "plastic_other"], "visit_order": 160}}, {"type": "Feature", "geometry": {"type": "Point", "coordinates": [-160.0718480138266, 21.958832240756042]}, "properties": {"stop_id": "S142", "x": 389326.35644239193, "y": 2428657.40978343, "n_items": 11, "kg_est": 34.3998360192055, "kg_hi": 78.60991341743666, "bulk_m3": 0.36291301518095687, "crew": "1인", "tools": [], "max_item_kg_hi": 16.59069361481353, "r95_m": 3.0, "buried_suspect": false, "classes": ["pet_bottle", "plastic_buoy", "plastic_other"], "visit_order": 161}}, {"type": "Feature", "geometry": {"type": "Point", "coordinates": [-160.07135091093434, 21.959003371275916]}, "properties": {"stop_id": "S143", "x": 389377.8216062595, "y": 2428675.994787651, "n_items": 6, "kg_est": 14.407036442510332, "kg_hi": 32.75479823929555, "bulk_m3": 0.15567507202896036, "crew": "1인", "tools": [], "max_item_kg_hi": 10.179104379381485, "r95_m": 3.0, "buried_suspect": false, "classes": ["eps_fragment", "plastic_buoy", "plastic_other"], "visit_order": 162}}, {"type": "Feature", "geometry": {"type": "Point", "coordinates": [-160.07020918236537, 21.961383135250323]}, "properties": {"stop_id": "S135", "x": 389497.56093770923, "y": 2428938.6093176487, "n_items": 16, "kg_est": 34.18908234774078, "kg_hi": 93.85951671966838, "bulk_m3": 0.16751486872174248, "crew": "1인", "tools": ["절단기"], "max_item_kg_hi": 20.24888585590469, "r95_m": 3.0, "buried_suspect": false, "classes": ["net", "pet_bottle", "plastic_other"], "visit_order": 163}}, {"type": "Feature", "geometry": {"type": "Point", "coordinates": [-160.07048115270626, 21.961803314160356]}, "properties": {"stop_id": "S134", "x": 389469.8018244074, "y": 2428985.3191314684, "n_items": 4, "kg_est": 6.584514593133558, "kg_hi": 21.94838197711186, "bulk_m3": 0.027568776205148773, "crew": "1인", "tools": [], "max_item_kg_hi": 15.875737659650767, "r95_m": 3.0, "buried_suspect": false, "classes": ["eps_fragment", "plastic_other"], "visit_order": 164}}, {"type": "Feature", "geometry": {"type": "Point", "coordinates": [-160.0705824914181, 21.962122742408216]}, "properties": {"stop_id": "S144", "x": 389459.584566006, "y": 2429020.752804156, "n_items": 7, "kg_est": 19.762520479356958, "kg_hi": 34.087896309136866, "bulk_m3": 0.2810136600518186, "crew": "1인", "tools": [], "max_item_kg_hi": 11.359912765380082, "r95_m": 3.0, "buried_suspect": false, "classes": ["plastic_buoy", "plastic_other"], "visit_order": 165}}, {"type": "Feature", "geometry": {"type": "Point", "coordinates": [-160.06993006934914, 21.963049119470313]}, "properties": {"stop_id": "S148", "x": 389527.6708065693, "y": 2429122.83155408, "n_items": 2, "kg_est": 38.99284124817496, "kg_hi": 128.79478742915097, "bulk_m3": 0.16488656972714344, "crew": "장비", "tools": [], "max_item_kg_hi": 127.61343736438542, "r95_m": 3.0, "buried_suspect": false, "classes": ["pet_bottle", "plastic_other"], "visit_order": 166}}, {"type": "Feature", "geometry": {"type": "Point", "coordinates": [-160.06982752174034, 21.963622283231953]}, "properties": {"stop_id": "S151", "x": 389538.7030889363, "y": 2429186.206523445, "n_items": 5, "kg_est": 15.581006277427347, "kg_hi": 51.936687591424494, "bulk_m3": 0.06503875416232562, "crew": "2인", "tools": [], "max_item_kg_hi": 29.659923754411032, "r95_m": 3.0, "buried_suspect": false, "classes": ["eps_fragment", "plastic_other"], "visit_order": 167}}, {"type": "Feature", "geometry": {"type": "Point", "coordinates": [-160.0701847606143, 21.9641075383457]}, "properties": {"stop_id": "S146", "x": 389502.1898474916, "y": 2429240.1817110036, "n_items": 3, "kg_est": 2.712457092011529, "kg_hi": 9.041523640038431, "bulk_m3": 0.01130190455004804, "crew": "1인", "tools": [], "max_item_kg_hi": 5.4892476824294825, "r95_m": 3.0, "buried_suspect": false, "classes": ["plastic_other"], "visit_order": 168}}, {"type": "Feature", "geometry": {"type": "Point", "coordinates": [-160.0701070191373, 21.964400690799636]}, "properties": {"stop_id": "S147", "x": 389510.44414682523, "y": 2429272.5774553674, "n_items": 22, "kg_est": 22.463148900607923, "kg_hi": 68.78637017075388, "bulk_m3": 0.08900315017306602, "crew": "1인", "tools": ["절단기"], "max_item_kg_hi": 13.302778587075807, "r95_m": 3.0, "buried_suspect": false, "classes": ["net", "pet_bottle", "plastic_other"], "visit_order": 169}}, {"type": "Feature", "geometry": {"type": "Point", "coordinates": [-160.07026542442176, 21.96494949883391]}, "properties": {"stop_id": "S145", "x": 389494.5117929798, "y": 2429333.444521404, "n_items": 4, "kg_est": 24.1349758752645, "kg_hi": 78.44667210219852, "bulk_m3": 0.10465995114802973, "crew": "장비", "tools": [], "max_item_kg_hi": 66.60248921931853, "r95_m": 3.0, "buried_suspect": false, "classes": ["pet_bottle", "plastic_other"], "visit_order": 170}}, {"type": "Feature", "geometry": {"type": "Point", "coordinates": [-160.0697068097672, 21.966050794060745]}, "properties": {"stop_id": "S149", "x": 389553.0453937494, "y": 2429454.9543955093, "n_items": 11, "kg_est": 29.316203462374308, "kg_hi": 65.53704653961138, "bulk_m3": 0.31249233011772276, "crew": "1인", "tools": [], "max_item_kg_hi": 17.613743074420114, "r95_m": 3.0, "buried_suspect": false, "classes": ["pet_bottle", "plastic_buoy", "plastic_other"], "visit_order": 171}}, {"type": "Feature", "geometry": {"type": "Point", "coordinates": [-160.06961462807354, 21.966338142458927]}, "properties": {"stop_id": "S150", "x": 389562.78608416364, "y": 2429486.6972443038, "n_items": 20, "kg_est": 47.05930323324015, "kg_hi": 86.81185363151117, "bulk_m3": 0.6221863237123143, "crew": "1인", "tools": [], "max_item_kg_hi": 13.474775015547188, "r95_m": 3.0, "buried_suspect": false, "classes": ["eps_fragment", "pet_bottle", "plastic_buoy", "plastic_other"], "visit_order": 172}}, {"type": "Feature", "geometry": {"type": "Point", "coordinates": [-160.06933351318634, 21.966901185735974]}, "properties": {"stop_id": "S152", "x": 389592.2486983181, "y": 2429548.8231608686, "n_items": 21, "kg_est": 34.39555184173635, "kg_hi": 98.53116025685685, "bulk_m3": 0.12409598359601488, "crew": "1인", "tools": ["절단기"], "max_item_kg_hi": 22.563561324391635, "r95_m": 3.0, "buried_suspect": false, "classes": ["net", "pet_bottle", "plastic_other"], "visit_order": 173}}, {"type": "Feature", "geometry": {"type": "Point", "coordinates": [-160.06812882521652, 21.968940305575032]}, "properties": {"stop_id": "S157", "x": 389718.21652939514, "y": 2429773.684641809, "n_items": 6, "kg_est": 15.881842262874576, "kg_hi": 28.74602503281227, "bulk_m3": 0.1085128788213243, "crew": "1인", "tools": [], "max_item_kg_hi": 12.622669135705907, "r95_m": 3.0, "buried_suspect": false, "classes": ["eps_buoy", "plastic_other"], "visit_order": 174}}, {"type": "Feature", "geometry": {"type": "Point", "coordinates": [-160.06800592876814, 21.96912947357754]}, "properties": {"stop_id": "S153", "x": 389731.05240753427, "y": 2429794.536940317, "n_items": 48, "kg_est": 241.59101516670177, "kg_hi": 569.100928104187, "bulk_m3": 2.3555965094213636, "crew": "장비", "tools": ["절단기"], "max_item_kg_hi": 57.38033266246897, "r95_m": 3.0, "buried_suspect": false, "classes": ["eps_fragment", "net", "pet_bottle", "plastic_buoy", "plastic_other"], "visit_order": 175}}, {"type": "Feature", "geometry": {"type": "Point", "coordinates": [-160.06764766668186, 21.96957195925201]}, "properties": {"stop_id": "S154", "x": 389768.3866886117, "y": 2429843.261929395, "n_items": 11, "kg_est": 25.473851709105194, "kg_hi": 68.43777697397206, "bulk_m3": 0.14514141869887978, "crew": "1인", "tools": ["절단기"], "max_item_kg_hi": 19.87137436332903, "r95_m": 3.0, "buried_suspect": false, "classes": ["net", "pet_bottle", "plastic_buoy", "plastic_other"], "visit_order": 176}}, {"type": "Feature", "geometry": {"type": "Point", "coordinates": [-160.06721787369474, 21.9699871125903]}, "properties": {"stop_id": "S155", "x": 389813.0856152276, "y": 2429888.9098470598, "n_items": 5, "kg_est": 10.307472533076847, "kg_hi": 27.955264502265884, "bulk_m3": 0.03142244312677103, "crew": "1인", "tools": ["절단기"], "max_item_kg_hi": 19.208931823970822, "r95_m": 3.0, "buried_suspect": false, "classes": ["net", "plastic_other"], "visit_order": 177}}, {"type": "Feature", "geometry": {"type": "Point", "coordinates": [-160.06688714628473, 21.970266311711796]}, "properties": {"stop_id": "S156", "x": 389847.45038863487, "y": 2429919.579084854, "n_items": 12, "kg_est": 9.519767011694377, "kg_hi": 30.7606977291615, "bulk_m3": 0.04165358924305486, "crew": "1인", "tools": [], "max_item_kg_hi": 4.602481522703634, "r95_m": 3.0, "buried_suspect": false, "classes": ["pet_bottle", "plastic_other"], "visit_order": 178}}, {"type": "Feature", "geometry": {"type": "Point", "coordinates": [-160.0666241910754, 21.97036719689175]}, "properties": {"stop_id": "S160", "x": 389874.67970555736, "y": 2429930.557873671, "n_items": 26, "kg_est": 93.3874324317568, "kg_hi": 297.6519475413541, "bulk_m3": 0.38766927830728787, "crew": "장비", "tools": ["절단기"], "max_item_kg_hi": 58.91370540063119, "r95_m": 3.0, "buried_suspect": false, "classes": ["net", "pet_bottle", "plastic_other"], "visit_order": 179}}, {"type": "Feature", "geometry": {"type": "Point", "coordinates": [-160.06610715681316, 21.970761604716078]}, "properties": {"stop_id": "S163", "x": 389928.37018082564, "y": 2429973.8468354302, "n_items": 15, "kg_est": 27.61481581023235, "kg_hi": 83.3520980207754, "bulk_m3": 0.13314074419136704, "crew": "2인", "tools": [], "max_item_kg_hi": 41.07079940027698, "r95_m": 3.0, "buried_suspect": false, "classes": ["eps_fragment", "pet_bottle", "plastic_other"], "visit_order": 180}}, {"type": "Feature", "geometry": {"type": "Point", "coordinates": [-160.0657790190062, 21.971025069793857]}, "properties": {"stop_id": "S165", "x": 389962.4550305491, "y": 2430002.776418558, "n_items": 1, "kg_est": 1.2978540667632197, "kg_hi": 4.326180222544066, "bulk_m3": 0.005407725278180082, "crew": "1인", "tools": [], "max_item_kg_hi": 4.326180222544066, "r95_m": 3.0, "buried_suspect": false, "classes": ["plastic_other"], "visit_order": 181}}, {"type": "Feature", "geometry": {"type": "Point", "coordinates": [-160.0656973148361, 21.970952902737633]}, "properties": {"stop_id": "S164", "x": 389970.83577306423, "y": 2429994.7288474543, "n_items": 39, "kg_est": 64.82846845511081, "kg_hi": 212.76730064011596, "bulk_m3": 0.27706664753169824, "crew": "2인", "tools": [], "max_item_kg_hi": 42.36293487277753, "r95_m": 3.0, "buried_suspect": false, "classes": ["eps_fragment", "pet_bottle", "plastic_other"], "visit_order": 182}}, {"type": "Feature", "geometry": {"type": "Point", "coordinates": [-160.0655755917971, 21.971165267235644]}, "properties": {"stop_id": "S166", "x": 389983.56785680226, "y": 2430018.1500160694, "n_items": 67, "kg_est": 110.82632339071743, "kg_hi": 324.8924082414815, "bulk_m3": 0.5885707449365751, "crew": "2인", "tools": ["절단기"], "max_item_kg_hi": 28.79990092955126, "r95_m": 3.0, "buried_suspect": false, "classes": ["net", "pet_bottle", "plastic_buoy", "plastic_other"], "visit_order": 183}}, {"type": "Feature", "geometry": {"type": "Point", "coordinates": [-160.0649511352532, 21.97170076685239]}, "properties": {"stop_id": "S167", "x": 390048.4581798333, "y": 2430076.980962588, "n_items": 11, "kg_est": 31.458836142586463, "kg_hi": 98.66271591234697, "bulk_m3": 0.11991835571414934, "crew": "2인", "tools": ["절단기"], "max_item_kg_hi": 29.646248967175772, "r95_m": 3.0, "buried_suspect": false, "classes": ["net", "plastic_other"], "visit_order": 184}}, {"type": "Feature", "geometry": {"type": "Point", "coordinates": [-160.0646537886949, 21.97230783928407]}, "properties": {"stop_id": "S158", "x": 390079.6277480097, "y": 2430143.9700454613, "n_items": 17, "kg_est": 26.14719900602056, "kg_hi": 87.15733002006854, "bulk_m3": 0.10991825954525518, "crew": "2인", "tools": [], "max_item_kg_hi": 29.961208097081524, "r95_m": 3.0, "buried_suspect": false, "classes": ["eps_fragment", "plastic_other"], "visit_order": 185}}, {"type": "Feature", "geometry": {"type": "Point", "coordinates": [-160.0647043860712, 21.972478526252097]}, "properties": {"stop_id": "S159", "x": 390074.5347650014, "y": 2430162.9013284678, "n_items": 27, "kg_est": 50.05608594042531, "kg_hi": 159.4350088112182, "bulk_m3": 0.2011423355094496, "crew": "2인", "tools": ["절단기"], "max_item_kg_hi": 26.427066531138156, "r95_m": 3.0, "buried_suspect": false, "classes": ["net", "pet_bottle", "plastic_other"], "visit_order": 186}}, {"type": "Feature", "geometry": {"type": "Point", "coordinates": [-160.06451971457363, 21.972954613458374]}, "properties": {"stop_id": "S161", "x": 390093.9691934144, "y": 2430215.4713452454, "n_items": 3, "kg_est": 11.796350598165615, "kg_hi": 19.688855420020598, "bulk_m3": 0.17185341857901165, "crew": "1인", "tools": [], "max_item_kg_hi": 13.088208827020969, "r95_m": 3.0, "buried_suspect": false, "classes": ["plastic_buoy", "plastic_other"], "visit_order": 187}}, {"type": "Feature", "geometry": {"type": "Point", "coordinates": [-160.06432822137577, 21.97421314416204]}, "properties": {"stop_id": "S162", "x": 390114.70998678106, "y": 2430354.652570259, "n_items": 4, "kg_est": 4.905301257778854, "kg_hi": 9.482402767828084, "bulk_m3": 0.0344881672459527, "crew": "1인", "tools": [], "max_item_kg_hi": 3.607963546527643, "r95_m": 3.0, "buried_suspect": false, "classes": ["pet_bottle", "plastic_other"], "visit_order": 188}}, {"type": "Feature", "geometry": {"type": "Point", "coordinates": [-160.06426731152, 21.974514943213304]}, "properties": {"stop_id": "S168", "x": 390121.2313154047, "y": 2430388.017848923, "n_items": 3, "kg_est": 2.439850658419484, "kg_hi": 8.132835528064948, "bulk_m3": 0.010166044410081185, "crew": "1인", "tools": [], "max_item_kg_hi": 3.852838430786689, "r95_m": 3.0, "buried_suspect": false, "classes": ["plastic_other"], "visit_order": 189}}, {"type": "Feature", "geometry": {"type": "Point", "coordinates": [-160.06385555284186, 21.97515478898746]}, "properties": {"stop_id": "S169", "x": 390164.23848850135, "y": 2430458.5529568545, "n_items": 9, "kg_est": 27.90107297801234, "kg_hi": 78.83916582778414, "bulk_m3": 0.0907585313636555, "crew": "2인", "tools": ["절단기"], "max_item_kg_hi": 30.76083051556793, "r95_m": 3.0, "buried_suspect": false, "classes": ["net", "plastic_other"], "visit_order": 190}}, {"type": "Feature", "geometry": {"type": "Point", "coordinates": [-160.063608253104, 21.975455094422845]}, "properties": {"stop_id": "S170", "x": 390190.0035692223, "y": 2430491.619195029, "n_items": 2, "kg_est": 9.73958200072879, "kg_hi": 32.46527333576264, "bulk_m3": 0.04058159166970329, "crew": "2인", "tools": [], "max_item_kg_hi": 30.755008955960747, "r95_m": 3.0, "buried_suspect": false, "classes": ["plastic_other"], "visit_order": 191}}, {"type": "Feature", "geometry": {"type": "Point", "coordinates": [-160.06054482828267, 21.977674592058413]}, "properties": {"stop_id": "S171", "x": 390508.00877115, "y": 2430735.121946506, "n_items": 2, "kg_est": 21.696315474270108, "kg_hi": 32.29120528342082, "bulk_m3": 0.34058785383537254, "crew": "2인", "tools": [], "max_item_kg_hi": 26.686564198319694, "r95_m": 3.0, "buried_suspect": false, "classes": ["plastic_buoy", "plastic_other"], "visit_order": 192}}, {"type": "Feature", "geometry": {"type": "Point", "coordinates": [-160.05878493636968, 21.977331970803014]}, "properties": {"stop_id": "S176", "x": 390689.454916528, "y": 2430695.936141109, "n_items": 15, "kg_est": 83.08700429269626, "kg_hi": 276.95668097565425, "bulk_m3": 0.34689463588176916, "crew": "장비", "tools": [], "max_item_kg_hi": 67.82138027608656, "r95_m": 3.0, "buried_suspect": false, "classes": ["eps_fragment", "plastic_other"], "visit_order": 193}}, {"type": "Feature", "geometry": {"type": "Point", "coordinates": [-160.0586242948429, 21.977301131636217]}, "properties": {"stop_id": "S173", "x": 390706.0175465805, "y": 2430692.4075551312, "n_items": 4, "kg_est": 19.31267007992835, "kg_hi": 54.00844112680879, "bulk_m3": 0.14526399495565387, "crew": "2인", "tools": [], "max_item_kg_hi": 25.532058686475338, "r95_m": 3.0, "buried_suspect": false, "classes": ["plastic_buoy", "plastic_other"], "visit_order": 194}}, {"type": "Feature", "geometry": {"type": "Point", "coordinates": [-160.0584349743533, 21.977360581762625]}, "properties": {"stop_id": "S172", "x": 390725.6103964783, "y": 2430698.853480087, "n_items": 3, "kg_est": 134.76041353208333, "kg_hi": 449.20137844027784, "bulk_m3": 0.5615017230503472, "crew": "장비", "tools": [], "max_item_kg_hi": 245.6832974563183, "r95_m": 3.0, "buried_suspect": false, "classes": ["plastic_other"], "visit_order": 195}}, {"type": "Feature", "geometry": {"type": "Point", "coordinates": [-160.0581849888758, 21.9771087439925]}, "properties": {"stop_id": "S174", "x": 390751.22868529754, "y": 2430670.7967582797, "n_items": 1, "kg_est": 6.233294667920339, "kg_hi": 20.7776488930678, "bulk_m3": 0.02597206111633475, "crew": "1인", "tools": [], "max_item_kg_hi": 20.7776488930678, "r95_m": 3.0, "buried_suspect": false, "classes": ["plastic_other"], "visit_order": 196}}, {"type": "Feature", "geometry": {"type": "Point", "coordinates": [-160.05801917739709, 21.97678458267634]}, "properties": {"stop_id": "S175", "x": 390768.1007372267, "y": 2430634.7939780746, "n_items": 1, "kg_est": 6.450113459085283, "kg_hi": 7.371558238954609, "bulk_m3": 0.05160090767268226, "crew": "1인", "tools": [], "max_item_kg_hi": 7.371558238954609, "r95_m": 3.0, "buried_suspect": false, "classes": ["eps_buoy"], "visit_order": 197}}, {"type": "Feature", "geometry": {"type": "Point", "coordinates": [-160.05415129777427, 21.976819233298507]}, "properties": {"stop_id": "S177", "x": 391167.48707456014, "y": 2430635.8747208584, "n_items": 10, "kg_est": 16.05630755841767, "kg_hi": 41.90448670231818, "bulk_m3": 0.12981151601558152, "crew": "1인", "tools": [], "max_item_kg_hi": 14.220176461460632, "r95_m": 3.0, "buried_suspect": false, "classes": ["pet_bottle", "plastic_buoy", "plastic_other"], "visit_order": 198}}, {"type": "Feature", "geometry": {"type": "Point", "coordinates": [-160.0539821014312, 21.976873452221703]}, "properties": {"stop_id": "S178", "x": 391184.997964903, "y": 2430641.7564290334, "n_items": 2, "kg_est": 6.009315381186555, "kg_hi": 18.823528693173753, "bulk_m3": 0.027508746633057513, "crew": "1인", "tools": [], "max_item_kg_hi": 17.616006115725657, "r95_m": 3.0, "buried_suspect": false, "classes": ["pet_bottle", "plastic_other"], "visit_order": 199}}, {"type": "Feature", "geometry": {"type": "Point", "coordinates": [-160.05094101685285, 21.979300886144117]}, "properties": {"stop_id": "S179", "x": 391500.83540350385, "y": 2430908.3126715263, "n_items": 8, "kg_est": 37.17704954009064, "kg_hi": 108.01901377124796, "bulk_m3": 0.1397109888161863, "crew": "장비", "tools": ["절단기"], "max_item_kg_hi": 56.80662595727242, "r95_m": 3.0, "buried_suspect": false, "classes": ["net", "pet_bottle", "plastic_other"], "visit_order": 200}}, {"type": "Feature", "geometry": {"type": "Point", "coordinates": [-160.05010806063984, 21.981224153868848]}, "properties": {"stop_id": "S185", "x": 391588.29745735566, "y": 2431120.626615172, "n_items": 13, "kg_est": 20.35674513485746, "kg_hi": 51.00478941092457, "bulk_m3": 0.18715530874500486, "crew": "1인", "tools": [], "max_item_kg_hi": 15.072337388783925, "r95_m": 3.0, "buried_suspect": false, "classes": ["eps_fragment", "pet_bottle", "plastic_buoy", "plastic_other"], "visit_order": 201}}, {"type": "Feature", "geometry": {"type": "Point", "coordinates": [-160.04990388764787, 21.981589570703708]}, "properties": {"stop_id": "S188", "x": 391609.65518737107, "y": 2431160.9333499908, "n_items": 23, "kg_est": 59.71084675068209, "kg_hi": 155.52319585942678, "bulk_m3": 0.281532881273143, "crew": "2인", "tools": ["절단기"], "max_item_kg_hi": 27.234829182520922, "r95_m": 3.0, "buried_suspect": false, "classes": ["eps_fragment", "net", "plastic_buoy", "plastic_other"], "visit_order": 202}}, {"type": "Feature", "geometry": {"type": "Point", "coordinates": [-160.04984441207492, 21.981873415953675]}, "properties": {"stop_id": "S189", "x": 391616.01137765526, "y": 2431192.312670623, "n_items": 14, "kg_est": 39.936628533747495, "kg_hi": 131.4374410442274, "bulk_m3": 0.17043156651252137, "crew": "장비", "tools": [], "max_item_kg_hi": 72.90322727553658, "r95_m": 3.0, "buried_suspect": false, "classes": ["eps_fragment", "pet_bottle", "plastic_other"], "visit_order": 203}}, {"type": "Feature", "geometry": {"type": "Point", "coordinates": [-160.05021839169285, 21.98249765076635]}, "properties": {"stop_id": "S184", "x": 391577.8734594023, "y": 2431261.6798790656, "n_items": 1, "kg_est": 90.63180832347972, "kg_hi": 103.57920951254826, "bulk_m3": 0.7250544665878378, "crew": "장비", "tools": [], "max_item_kg_hi": 103.57920951254826, "r95_m": 3.0, "buried_suspect": false, "classes": ["eps_buoy"], "visit_order": 204}}, {"type": "Feature", "geometry": {"type": "Point", "coordinates": [-160.05013439262217, 21.983131105850322]}, "properties": {"stop_id": "S186", "x": 391587.02718822187, "y": 2431331.7433565324, "n_items": 14, "kg_est": 28.534514076410147, "kg_hi": 61.265107732505925, "bulk_m3": 0.3304559285820917, "crew": "1인", "tools": [], "max_item_kg_hi": 12.930893620109012, "r95_m": 3.0, "buried_suspect": false, "classes": ["plastic_buoy", "plastic_other"], "visit_order": 205}}, {"type": "Feature", "geometry": {"type": "Point", "coordinates": [-160.05011751623485, 21.98365190603071]}, "properties": {"stop_id": "S187", "x": 391589.1651903991, "y": 2431389.383579557, "n_items": 1, "kg_est": 9.571634648716596, "kg_hi": 23.929086621791487, "bulk_m3": 0.025524359063244257, "crew": "2인", "tools": ["절단기"], "max_item_kg_hi": 23.929086621791487, "r95_m": 3.0, "buried_suspect": false, "classes": ["net"], "visit_order": 206}}, {"type": "Feature", "geometry": {"type": "Point", "coordinates": [-160.0512968182877, 21.985849588477546]}, "properties": {"stop_id": "S180", "x": 391469.0791411147, "y": 2431633.501376364, "n_items": 37, "kg_est": 49.9517630696324, "kg_hi": 144.22944221376224, "bulk_m3": 0.20059627966710433, "crew": "2인", "tools": ["절단기"], "max_item_kg_hi": 31.02163477546539, "r95_m": 3.0, "buried_suspect": false, "classes": ["eps_fragment", "net", "pet_bottle", "plastic_other"], "visit_order": 207}}, {"type": "Feature", "geometry": {"type": "Point", "coordinates": [-160.05141022415282, 21.985924273797973]}, "properties": {"stop_id": "S183", "x": 391457.4275074855, "y": 2431641.8494306295, "n_items": 1, "kg_est": 0.742262506435052, "kg_hi": 2.474208354783507, "bulk_m3": 0.0030927604434793834, "crew": "1인", "tools": [], "max_item_kg_hi": 2.474208354783507, "r95_m": 3.0, "buried_suspect": false, "classes": ["plastic_other"], "visit_order": 208}}, {"type": "Feature", "geometry": {"type": "Point", "coordinates": [-160.0514682265234, 21.98629801906266]}, "properties": {"stop_id": "S182", "x": 391451.7234205279, "y": 2431683.263916672, "n_items": 4, "kg_est": 5.838333361739324, "kg_hi": 15.672474318572148, "bulk_m3": 0.03207587354929955, "crew": "1인", "tools": [], "max_item_kg_hi": 4.858098026815938, "r95_m": 3.0, "buried_suspect": false, "classes": ["pet_bottle", "plastic_other"], "visit_order": 209}}, {"type": "Feature", "geometry": {"type": "Point", "coordinates": [-160.0516825459598, 21.986999984157805]}, "properties": {"stop_id": "S181", "x": 391430.13043091283, "y": 2431761.1230288125, "n_items": 2, "kg_est": 4.174600869706435, "kg_hi": 13.915336232354782, "bulk_m3": 0.017394170290443475, "crew": "1인", "tools": [], "max_item_kg_hi": 8.899324858833975, "r95_m": 3.0, "buried_suspect": false, "classes": ["plastic_other"], "visit_order": 210}}, {"type": "Feature", "geometry": {"type": "Point", "coordinates": [-160.05179885974377, 21.98738620289807]}, "properties": {"stop_id": "S204", "x": 391418.4157479829, "y": 2431803.9597213417, "n_items": 12, "kg_est": 24.645641268889452, "kg_hi": 70.79791843405947, "bulk_m3": 0.08618872159387521, "crew": "2인", "tools": ["절단기"], "max_item_kg_hi": 30.99190669209293, "r95_m": 3.0, "buried_suspect": false, "classes": ["net", "pet_bottle", "plastic_other"], "visit_order": 211}}, {"type": "Feature", "geometry": {"type": "Point", "coordinates": [-160.0518907894711, 21.98765921127325]}, "properties": {"stop_id": "S203", "x": 391409.1324431839, "y": 2431834.2468081717, "n_items": 14, "kg_est": 25.24058676120026, "kg_hi": 75.5764577944035, "bulk_m3": 0.09647996934296345, "crew": "1인", "tools": ["절단기"], "max_item_kg_hi": 20.43647308498969, "r95_m": 3.0, "buried_suspect": false, "classes": ["net", "pet_bottle", "plastic_other"], "visit_order": 212}}, {"type": "Feature", "geometry": {"type": "Point", "coordinates": [-160.05280358956534, 21.989389954892584]}, "properties": {"stop_id": "S208", "x": 391316.21107263956, "y": 2432026.4871623963, "n_items": 3, "kg_est": 27.53552291782111, "kg_hi": 91.78507639273704, "bulk_m3": 0.11473134549092129, "crew": "장비", "tools": [], "max_item_kg_hi": 86.27628473488298, "r95_m": 3.0, "buried_suspect": false, "classes": ["plastic_other"], "visit_order": 213}}, {"type": "Feature", "geometry": {"type": "Point", "coordinates": [-160.0540548740524, 21.990424796778555]}, "properties": {"stop_id": "S205", "x": 391187.8162218421, "y": 2432141.932998273, "n_items": 23, "kg_est": 90.63237500235, "kg_hi": 235.90100606314982, "bulk_m3": 0.5944505009949501, "crew": "장비", "tools": ["절단기"], "max_item_kg_hi": 70.44872322009213, "r95_m": 3.0, "buried_suspect": false, "classes": ["eps_fragment", "net", "pet_bottle", "plastic_buoy", "plastic_other"], "visit_order": 214}}, {"type": "Feature", "geometry": {"type": "Point", "coordinates": [-160.05431397101705, 21.99034525217879]}, "properties": {"stop_id": "S201", "x": 391161.0062584797, "y": 2432133.3117675153, "n_items": 28, "kg_est": 83.88944125398953, "kg_hi": 278.3687011349321, "bulk_m3": 0.35338967299572627, "crew": "장비", "tools": [], "max_item_kg_hi": 131.48608130448912, "r95_m": 3.0, "buried_suspect": false, "classes": ["eps_fragment", "pet_bottle", "plastic_other"], "visit_order": 215}}, {"type": "Feature", "geometry": {"type": "Point", "coordinates": [-160.0546229698143, 21.990534913622493]}, "properties": {"stop_id": "S193", "x": 391129.2497941903, "y": 2432154.5270507825, "n_items": 27, "kg_est": 68.0305589597184, "kg_hi": 193.3288397756923, "bulk_m3": 0.4880323611969893, "crew": "2인", "tools": [], "max_item_kg_hi": 32.34899887057664, "r95_m": 3.0, "buried_suspect": false, "classes": ["pet_bottle", "plastic_buoy", "plastic_other"], "visit_order": 216}}, {"type": "Feature", "geometry": {"type": "Point", "coordinates": [-160.0544121991688, 21.99075374226061]}, "properties": {"stop_id": "S196", "x": 391151.17678032845, "y": 2432178.6012762208, "n_items": 12, "kg_est": 17.05089348029215, "kg_hi": 56.83631160097384, "bulk_m3": 0.07176795484801358, "crew": "1인", "tools": [], "max_item_kg_hi": 14.295876304654794, "r95_m": 3.0, "buried_suspect": false, "classes": ["eps_fragment", "plastic_other"], "visit_order": 217}}, {"type": "Feature", "geometry": {"type": "Point", "coordinates": [-160.05415472780606, 21.990765798880954]}, "properties": {"stop_id": "S202", "x": 391177.7673729851, "y": 2432179.7527641417, "n_items": 12, "kg_est": 26.63024936984768, "kg_hi": 65.90003863688335, "bulk_m3": 0.20240041548700907, "crew": "1인", "tools": ["절단기"], "max_item_kg_hi": 19.18530830260693, "r95_m": 3.0, "buried_suspect": false, "classes": ["net", "plastic_buoy", "plastic_other"], "visit_order": 218}}, {"type": "Feature", "geometry": {"type": "Point", "coordinates": [-160.0539531629819, 21.99095769702593]}, "properties": {"stop_id": "S206", "x": 391198.7233036596, "y": 2432200.8524079625, "n_items": 3, "kg_est": 9.90188850192358, "kg_hi": 18.408290464571277, "bulk_m3": 0.13249539714451902, "crew": "1인", "tools": [], "max_item_kg_hi": 9.732003027893771, "r95_m": 3.0, "buried_suspect": false, "classes": ["plastic_buoy", "plastic_other"], "visit_order": 219}}, {"type": "Feature", "geometry": {"type": "Point", "coordinates": [-160.05468499069585, 21.991262009773514]}, "properties": {"stop_id": "S191", "x": 391123.4016052587, "y": 2432235.0603316333, "n_items": 37, "kg_est": 55.78286913167445, "kg_hi": 120.76423775371376, "bulk_m3": 0.5695838647388388, "crew": "1인", "tools": ["절단기"], "max_item_kg_hi": 13.401959661566199, "r95_m": 3.0, "buried_suspect": false, "classes": ["eps_fragment", "net", "plastic_buoy", "plastic_other"], "visit_order": 220}}, {"type": "Feature", "geometry": {"type": "Point", "coordinates": [-160.0545628941005, 21.991364288545352]}, "properties": {"stop_id": "S194", "x": 391136.0848840155, "y": 2432246.2956407904, "n_items": 11, "kg_est": 4.693546855071765, "kg_hi": 15.645156183572551, "bulk_m3": 0.02078465373773854, "crew": "1인", "tools": [], "max_item_kg_hi": 2.6715667384603057, "r95_m": 3.0, "buried_suspect": false, "classes": ["eps_fragment", "plastic_other"], "visit_order": 221}}, {"type": "Feature", "geometry": {"type": "Point", "coordinates": [-160.0544399885548, 21.991544193559207]}, "properties": {"stop_id": "S195", "x": 391148.91088427824, "y": 2432266.1235677684, "n_items": 105, "kg_est": 213.5844083751684, "kg_hi": 477.0042078509303, "bulk_m3": 2.1943830741862307, "crew": "2인", "tools": ["절단기"], "max_item_kg_hi": 23.843746326328844, "r95_m": 3.0, "buried_suspect": false, "classes": ["eps_fragment", "net", "pet_bottle", "plastic_buoy", "plastic_other"], "visit_order": 222}}, {"type": "Feature", "geometry": {"type": "Point", "coordinates": [-160.05435175245162, 21.99165486352509]}, "properties": {"stop_id": "S200", "x": 391158.10478022235, "y": 2432278.3118889877, "n_items": 2, "kg_est": 11.077146065606701, "kg_hi": 36.92382021868901, "bulk_m3": 0.04615477527336125, "crew": "2인", "tools": [], "max_item_kg_hi": 33.95129293907267, "r95_m": 3.0, "buried_suspect": false, "classes": ["plastic_other"], "visit_order": 223}}, {"type": "Feature", "geometry": {"type": "Point", "coordinates": [-160.05418207737802, 21.99183201445854]}, "properties": {"stop_id": "S207", "x": 391175.75708731264, "y": 2432297.801683514, "n_items": 5, "kg_est": 17.737407663294714, "kg_hi": 26.542400521402115, "bulk_m3": 0.2779952572540995, "crew": "1인", "tools": [], "max_item_kg_hi": 12.297173217775534, "r95_m": 3.0, "buried_suspect": false, "classes": ["eps_fragment", "plastic_buoy", "plastic_other"], "visit_order": 224}}, {"type": "Feature", "geometry": {"type": "Point", "coordinates": [-160.05428150290007, 21.992045818762087]}, "properties": {"stop_id": "S199", "x": 391165.6555623378, "y": 2432321.5404368336, "n_items": 52, "kg_est": 126.93124943416876, "kg_hi": 281.0059084998269, "bulk_m3": 1.1929049230242328, "crew": "1인", "tools": ["절단기"], "max_item_kg_hi": 18.746576287511207, "r95_m": 3.0, "buried_suspect": false, "classes": ["net", "pet_bottle", "plastic_buoy", "plastic_other"], "visit_order": 225}}, {"type": "Feature", "geometry": {"type": "Point", "coordinates": [-160.05439663148772, 21.99226128955129]}, "properties": {"stop_id": "S197", "x": 391153.93416710565, "y": 2432345.474849741, "n_items": 76, "kg_est": 84.54591045316398, "kg_hi": 254.7205216635305, "bulk_m3": 0.4160412719602013, "crew": "1인", "tools": ["절단기"], "max_item_kg_hi": 15.644095389061112, "r95_m": 3.0, "buried_suspect": false, "classes": ["eps_fragment", "net", "pet_bottle", "plastic_buoy", "plastic_other"], "visit_order": 226}}, {"type": "Feature", "geometry": {"type": "Point", "coordinates": [-160.05447209527057, 21.99235078584209]}, "properties": {"stop_id": "S198", "x": 391146.211640649, "y": 2432355.4357388867, "n_items": 2, "kg_est": 0.8567306079116916, "kg_hi": 2.8557686930389723, "bulk_m3": 0.0035697108662987153, "crew": "1인", "tools": [], "max_item_kg_hi": 1.49546938554617, "r95_m": 3.0, "buried_suspect": false, "classes": ["plastic_other"], "visit_order": 227}}, {"type": "Feature", "geometry": {"type": "Point", "coordinates": [-160.05474489585674, 21.992683187352398]}, "properties": {"stop_id": "S192", "x": 391118.30166606454, "y": 2432392.4265604774, "n_items": 2, "kg_est": 5.339506720662003, "kg_hi": 17.798355735540014, "bulk_m3": 0.022247944669425014, "crew": "1인", "tools": [], "max_item_kg_hi": 15.4020258003462, "r95_m": 3.0, "buried_suspect": false, "classes": ["plastic_other"], "visit_order": 228}}, {"type": "Feature", "geometry": {"type": "Point", "coordinates": [-160.05481402134484, 21.992947953136284]}, "properties": {"stop_id": "S190", "x": 391111.36732666736, "y": 2432421.7851986256, "n_items": 3, "kg_est": 3.4966966176735403, "kg_hi": 11.655655392245135, "bulk_m3": 0.014569569240306418, "crew": "1인", "tools": [], "max_item_kg_hi": 4.384470379735415, "r95_m": 3.0, "buried_suspect": false, "classes": ["plastic_other"], "visit_order": 229}}, {"type": "Feature", "geometry": {"type": "Point", "coordinates": [-160.05611908148978, 21.994592986374887]}, "properties": {"stop_id": "S212", "x": 390977.89193745493, "y": 2432604.81917109, "n_items": 11, "kg_est": 24.848039378733546, "kg_hi": 47.93951980910075, "bulk_m3": 0.32176085710740165, "crew": "1인", "tools": [], "max_item_kg_hi": 9.03510458378946, "r95_m": 3.0, "buried_suspect": false, "classes": ["eps_fragment", "plastic_buoy", "plastic_other"], "visit_order": 230}}, {"type": "Feature", "geometry": {"type": "Point", "coordinates": [-160.057196227319, 21.995118608523217]}, "properties": {"stop_id": "S210", "x": 390867.0922663782, "y": 2432663.773465105, "n_items": 3, "kg_est": 1.9499597242644773, "kg_hi": 6.499865747548258, "bulk_m3": 0.008124832184435321, "crew": "1인", "tools": [], "max_item_kg_hi": 2.849975363827238, "r95_m": 3.0, "buried_suspect": false, "classes": ["plastic_other"], "visit_order": 231}}, {"type": "Feature", "geometry": {"type": "Point", "coordinates": [-160.05728788319493, 21.99520652967598]}, "properties": {"stop_id": "S211", "x": 390857.69725395914, "y": 2432673.571700008, "n_items": 10, "kg_est": 15.035212535525066, "kg_hi": 38.72396439083059, "bulk_m3": 0.10083443082721777, "crew": "1인", "tools": ["절단기"], "max_item_kg_hi": 12.306001907410332, "r95_m": 3.0, "buried_suspect": false, "classes": ["net", "plastic_buoy", "plastic_other"], "visit_order": 232}}, {"type": "Feature", "geometry": {"type": "Point", "coordinates": [-160.05778591719766, 21.995629883976996]}, "properties": {"stop_id": "S209", "x": 390806.60577955045, "y": 2432720.792315095, "n_items": 17, "kg_est": 14.02350889343181, "kg_hi": 33.76491514294944, "bulk_m3": 0.1241708219291244, "crew": "1인", "tools": [], "max_item_kg_hi": 6.148280331233026, "r95_m": 3.0, "buried_suspect": false, "classes": ["eps_fragment", "pet_bottle", "plastic_buoy", "plastic_other"], "visit_order": 233}}, {"type": "Feature", "geometry": {"type": "Point", "coordinates": [-160.05886561447417, 21.9962614821118]}, "properties": {"stop_id": "S043", "x": 390695.62533706805, "y": 2432791.48120644, "n_items": 27, "kg_est": 42.09606769315081, "kg_hi": 89.11804256174013, "bulk_m3": 0.4426275426906983, "crew": "1인", "tools": ["절단기"], "max_item_kg_hi": 19.800224289001623, "r95_m": 3.0, "buried_suspect": false, "classes": ["eps_fragment", "net", "plastic_buoy", "plastic_other"], "visit_order": 234}}, {"type": "Feature", "geometry": {"type": "Point", "coordinates": [-160.05922445559926, 21.996296106812053]}, "properties": {"stop_id": "S042", "x": 390658.60644073127, "y": 2432795.5706443354, "n_items": 3, "kg_est": 2.007030976462153, "kg_hi": 6.690103254873843, "bulk_m3": 0.008595951683770437, "crew": "1인", "tools": [], "max_item_kg_hi": 3.189440254926938, "r95_m": 3.0, "buried_suspect": false, "classes": ["eps_fragment", "plastic_other"], "visit_order": 235}}, {"type": "Feature", "geometry": {"type": "Point", "coordinates": [-160.06020537595356, 21.995925212491645]}, "properties": {"stop_id": "S040", "x": 390557.055251676, "y": 2432755.2143701743, "n_items": 37, "kg_est": 161.7125414604061, "kg_hi": 526.5455095136163, "bulk_m3": 0.6653562126911303, "crew": "장비", "tools": ["절단기"], "max_item_kg_hi": 99.66764702540245, "r95_m": 3.0, "buried_suspect": false, "classes": ["eps_fragment", "net", "pet_bottle", "plastic_other"], "visit_order": 236}}, {"type": "Feature", "geometry": {"type": "Point", "coordinates": [-160.06026936119102, 21.99604588419885]}, "properties": {"stop_id": "S041", "x": 390550.54222785466, "y": 2432768.6184731377, "n_items": 5, "kg_est": 4.716260501605219, "kg_hi": 12.685830528784594, "bulk_m3": 0.025859117307240356, "crew": "1인", "tools": [], "max_item_kg_hi": 7.1244326133644345, "r95_m": 3.0, "buried_suspect": false, "classes": ["pet_bottle", "plastic_other"], "visit_order": 237}}, {"type": "Feature", "geometry": {"type": "Point", "coordinates": [-160.06074266419722, 21.99601943013184]}, "properties": {"stop_id": "S044", "x": 390501.659766991, "y": 2432766.0287940144, "n_items": 7, "kg_est": 10.403866536605745, "kg_hi": 34.67955512201915, "bulk_m3": 0.04334944390252394, "crew": "1인", "tools": [], "max_item_kg_hi": 10.232289960683215, "r95_m": 3.0, "buried_suspect": false, "classes": ["plastic_other"], "visit_order": 238}}, {"type": "Feature", "geometry": {"type": "Point", "coordinates": [-160.06211679123288, 21.9982140255312]}, "properties": {"stop_id": "S072", "x": 390361.4866519192, "y": 2433009.954308556, "n_items": 22, "kg_est": 81.9554111418727, "kg_hi": 203.94433592899222, "bulk_m3": 0.5353721185598211, "crew": "2인", "tools": ["절단기"], "max_item_kg_hi": 34.15573126909668, "r95_m": 3.0, "buried_suspect": false, "classes": ["net", "plastic_buoy", "plastic_other"], "visit_order": 239}}, {"type": "Feature", "geometry": {"type": "Point", "coordinates": [-160.0620520261719, 21.998403916466792]}, "properties": {"stop_id": "S073", "x": 390368.31864274095, "y": 2433030.928753679, "n_items": 2, "kg_est": 1.7512478390693331, "kg_hi": 5.837492796897777, "bulk_m3": 0.007296865996122221, "crew": "1인", "tools": [], "max_item_kg_hi": 3.4337031753539393, "r95_m": 3.0, "buried_suspect": false, "classes": ["plastic_other"], "visit_order": 240}}, {"type": "Feature", "geometry": {"type": "Point", "coordinates": [-160.06217019666934, 21.998459847556482]}, "properties": {"stop_id": "S071", "x": 390356.16233041254, "y": 2433037.2050320758, "n_items": 5, "kg_est": 52.947287173671015, "kg_hi": 96.75085293083082, "bulk_m3": 0.5767264325565109, "crew": "2인", "tools": ["절단기"], "max_item_kg_hi": 41.378461595534496, "r95_m": 3.0, "buried_suspect": false, "classes": ["net", "plastic_buoy", "plastic_other"], "visit_order": 241}}, {"type": "Feature", "geometry": {"type": "Point", "coordinates": [-160.06240947396034, 21.9988099342966]}, "properties": {"stop_id": "S070", "x": 390331.729794278, "y": 2433076.131114186, "n_items": 3, "kg_est": 1.4523209935685717, "kg_hi": 4.841069978561905, "bulk_m3": 0.006557486331919456, "crew": "1인", "tools": [], "max_item_kg_hi": 2.8164745436936083, "r95_m": 3.0, "buried_suspect": false, "classes": ["eps_fragment", "plastic_other"], "visit_order": 242}}, {"type": "Feature", "geometry": {"type": "Point", "coordinates": [-160.0644015609152, 21.998864973453635]}, "properties": {"stop_id": "S061", "x": 390126.1199289453, "y": 2433083.6538642035, "n_items": 5, "kg_est": 12.702528976952811, "kg_hi": 42.341763256509374, "bulk_m3": 0.05292720407063671, "crew": "2인", "tools": [], "max_item_kg_hi": 29.432530646629537, "r95_m": 3.0, "buried_suspect": false, "classes": ["plastic_other"], "visit_order": 243}}, {"type": "Feature", "geometry": {"type": "Point", "coordinates": [-160.06452847586135, 21.999049176152337]}, "properties": {"stop_id": "S060", "x": 390113.1598527903, "y": 2433104.13625773, "n_items": 11, "kg_est": 53.67095366495922, "kg_hi": 112.87112967404065, "bulk_m3": 0.6366149751139539, "crew": "2인", "tools": [], "max_item_kg_hi": 48.80118423815005, "r95_m": 3.0, "buried_suspect": false, "classes": ["eps_fragment", "plastic_buoy", "plastic_other"], "visit_order": 244}}, {"type": "Feature", "geometry": {"type": "Point", "coordinates": [-160.06478399461042, 21.999019704949053]}, "properties": {"stop_id": "S058", "x": 390086.75880480476, "y": 2433101.0574314375, "n_items": 20, "kg_est": 59.74716397969491, "kg_hi": 121.82119113467986, "bulk_m3": 0.470222683899761, "crew": "2인", "tools": [], "max_item_kg_hi": 25.990807041407862, "r95_m": 3.0, "buried_suspect": false, "classes": ["glass", "plastic_buoy", "plastic_other"], "visit_order": 245}}, {"type": "Feature", "geometry": {"type": "Point", "coordinates": [-160.06484214525616, 21.999159383242148]}, "properties": {"stop_id": "S059", "x": 390080.8633107616, "y": 2433116.561587949, "n_items": 3, "kg_est": 7.658496873251709, "kg_hi": 25.528322910839034, "bulk_m3": 0.03191040363854879, "crew": "1인", "tools": [], "max_item_kg_hi": 11.75160316574033, "r95_m": 3.0, "buried_suspect": false, "classes": ["plastic_other"], "visit_order": 246}}, {"type": "Feature", "geometry": {"type": "Point", "coordinates": [-160.06502765233506, 21.999167376379717]}, "properties": {"stop_id": "S057", "x": 390061.7187670096, "y": 2433117.5797784687, "n_items": 23, "kg_est": 28.548828798925026, "kg_hi": 84.21402229956371, "bulk_m3": 0.14150379932293597, "crew": "2인", "tools": [], "max_item_kg_hi": 23.2465527087461, "r95_m": 3.0, "buried_suspect": false, "classes": ["eps_fragment", "pet_bottle", "plastic_other"], "visit_order": 247}}, {"type": "Feature", "geometry": {"type": "Point", "coordinates": [-160.06524232738494, 21.999047064541024]}, "properties": {"stop_id": "S056", "x": 390039.46415826865, "y": 2433104.4156259787, "n_items": 9, "kg_est": 12.874872683730732, "kg_hi": 42.91624227910245, "bulk_m3": 0.05364530284887806, "crew": "1인", "tools": [], "max_item_kg_hi": 15.513625984669464, "r95_m": 3.0, "buried_suspect": false, "classes": ["plastic_other"], "visit_order": 248}}, {"type": "Feature", "geometry": {"type": "Point", "coordinates": [-160.06548441309894, 21.999178825851686]}, "properties": {"stop_id": "S069", "x": 390014.57418685686, "y": 2433119.1756714876, "n_items": 1, "kg_est": 3.3674775696303048, "kg_hi": 11.224925232101018, "bulk_m3": 0.014031156540126271, "crew": "1인", "tools": [], "max_item_kg_hi": 11.224925232101018, "r95_m": 3.0, "buried_suspect": false, "classes": ["plastic_other"], "visit_order": 249}}, {"type": "Feature", "geometry": {"type": "Point", "coordinates": [-160.06554288101597, 21.999366681743602]}, "properties": {"stop_id": "S068", "x": 390008.68317646696, "y": 2433140.0133402217, "n_items": 2, "kg_est": 2.73084751510633, "kg_hi": 9.102825050354433, "bulk_m3": 0.011378531312943042, "crew": "1인", "tools": [], "max_item_kg_hi": 6.001662048912332, "r95_m": 3.0, "buried_suspect": false, "classes": ["plastic_other"], "visit_order": 250}}, {"type": "Feature", "geometry": {"type": "Point", "coordinates": [-160.0656420944534, 21.999418638975985]}, "properties": {"stop_id": "S067", "x": 389998.48103069066, "y": 2433145.836362347, "n_items": 14, "kg_est": 47.15204065395399, "kg_hi": 125.5993675277233, "bulk_m3": 0.383860818046953, "crew": "장비", "tools": [], "max_item_kg_hi": 61.33550451404147, "r95_m": 3.0, "buried_suspect": false, "classes": ["pet_bottle", "plastic_buoy", "plastic_other"], "visit_order": 251}}, {"type": "Feature", "geometry": {"type": "Point", "coordinates": [-160.06600963612385, 21.999513837816238]}, "properties": {"stop_id": "S066", "x": 389960.6116164392, "y": 2433156.639287888, "n_items": 2, "kg_est": 7.419749762994104, "kg_hi": 19.616267223826235, "bulk_m3": 0.021706406437398032, "crew": "1인", "tools": ["절단기"], "max_item_kg_hi": 15.348695958462338, "r95_m": 3.0, "buried_suspect": false, "classes": ["net", "plastic_other"], "visit_order": 252}}, {"type": "Feature", "geometry": {"type": "Point", "coordinates": [-160.06633522483529, 21.999945240765]}, "properties": {"stop_id": "S065", "x": 389927.33273108804, "y": 2433204.629859618, "n_items": 52, "kg_est": 109.14769683995124, "kg_hi": 325.78418280181177, "bulk_m3": 0.5442339034960691, "crew": "장비", "tools": ["절단기"], "max_item_kg_hi": 80.66320667217158, "r95_m": 3.0, "buried_suspect": false, "classes": ["eps_fragment", "net", "pet_bottle", "plastic_buoy", "plastic_other"], "visit_order": 253}}, {"type": "Feature", "geometry": {"type": "Point", "coordinates": [-160.06663918168206, 21.999957077613118]}, "properties": {"stop_id": "S063", "x": 389895.96323617414, "y": 2433206.1590185603, "n_items": 7, "kg_est": 26.49511919842659, "kg_hi": 64.11331539727306, "bulk_m3": 0.24429223879279233, "crew": "2인", "tools": [], "max_item_kg_hi": 36.96654418248113, "r95_m": 3.0, "buried_suspect": false, "classes": ["pet_bottle", "plastic_buoy", "plastic_other"], "visit_order": 254}}, {"type": "Feature", "geometry": {"type": "Point", "coordinates": [-160.0665215230422, 22.000148363857896]}, "properties": {"stop_id": "S064", "x": 389908.2572627751, "y": 2433227.249669893, "n_items": 38, "kg_est": 85.81173051158477, "kg_hi": 196.05888189383833, "bulk_m3": 0.6231725718772023, "crew": "1인", "tools": ["절단기"], "max_item_kg_hi": 21.505733267293394, "r95_m": 3.0, "buried_suspect": false, "classes": ["eps_buoy", "eps_fragment", "net", "pet_bottle", "plastic_buoy", "plastic_other"], "visit_order": 255}}, {"type": "Feature", "geometry": {"type": "Point", "coordinates": [-160.06702513579847, 22.00043145342115]}, "properties": {"stop_id": "S062", "x": 389856.4861094529, "y": 2433258.950310316, "n_items": 5, "kg_est": 13.36044294763915, "kg_hi": 20.402103673523886, "bulk_m3": 0.20649792573145448, "crew": "1인", "tools": [], "max_item_kg_hi": 9.004833103218356, "r95_m": 3.0, "buried_suspect": false, "classes": ["plastic_buoy", "plastic_other"], "visit_order": 256}}, {"type": "Feature", "geometry": {"type": "Point", "coordinates": [-160.0685121122806, 22.002235257515654]}, "properties": {"stop_id": "S076", "x": 389704.3755260051, "y": 2433459.7031165203, "n_items": 2, "kg_est": 22.59866453257285, "kg_hi": 43.19167867245293, "bulk_m3": 0.1504012076489359, "crew": "2인", "tools": [], "max_item_kg_hi": 26.424442270997325, "r95_m": 3.0, "buried_suspect": false, "classes": ["eps_buoy", "plastic_other"], "visit_order": 257}}, {"type": "Feature", "geometry": {"type": "Point", "coordinates": [-160.07065116087875, 22.00178828003252]}, "properties": {"stop_id": "S077", "x": 389483.21028225386, "y": 2433411.76723551, "n_items": 7, "kg_est": 19.986213524804104, "kg_hi": 51.436139076429754, "bulk_m3": 0.17817946889241665, "crew": "2인", "tools": [], "max_item_kg_hi": 25.509191649439984, "r95_m": 3.0, "buried_suspect": false, "classes": ["plastic_buoy", "plastic_other"], "visit_order": 258}}, {"type": "Feature", "geometry": {"type": "Point", "coordinates": [-160.07133526009116, 21.999866221154512]}, "properties": {"stop_id": "S055", "x": 389411.09834069584, "y": 2433199.4899103763, "n_items": 15, "kg_est": 42.83426942901799, "kg_hi": 98.71584169003152, "bulk_m3": 0.4359536883211593, "crew": "1인", "tools": [], "max_item_kg_hi": 16.726877960801914, "r95_m": 3.0, "buried_suspect": false, "classes": ["eps_fragment", "pet_bottle", "plastic_buoy", "plastic_other"], "visit_order": 259}}, {"type": "Feature", "geometry": {"type": "Point", "coordinates": [-160.07188790738238, 21.999481664790167]}, "properties": {"stop_id": "S054", "x": 389353.7479686322, "y": 2433157.319287647, "n_items": 6, "kg_est": 6.471515402837404, "kg_hi": 14.765541564757331, "bulk_m3": 0.04088637205780118, "crew": "1인", "tools": [], "max_item_kg_hi": 3.2541605802537554, "r95_m": 3.0, "buried_suspect": false, "classes": ["pet_bottle", "plastic_other"], "visit_order": 260}}, {"type": "Feature", "geometry": {"type": "Point", "coordinates": [-160.0729111996015, 21.999377551731467]}, "properties": {"stop_id": "S053", "x": 389248.0282404389, "y": 2433146.5347239673, "n_items": 1, "kg_est": 2.646682175053542, "kg_hi": 4.411136958422571, "bulk_m3": 0.02005062253828441, "crew": "1인", "tools": [], "max_item_kg_hi": 4.411136958422571, "r95_m": 3.0, "buried_suspect": false, "classes": ["pet_bottle"], "visit_order": 261}}, {"type": "Feature", "geometry": {"type": "Point", "coordinates": [-160.07442967767057, 21.998813355652544]}, "properties": {"stop_id": "S051", "x": 389090.8302562108, "y": 2433085.178697823, "n_items": 3, "kg_est": 22.071718012130113, "kg_hi": 73.57239337376704, "bulk_m3": 0.0919654917172088, "crew": "2인", "tools": [], "max_item_kg_hi": 44.50527715376826, "r95_m": 3.0, "buried_suspect": false, "classes": ["plastic_other"], "visit_order": 262}}, {"type": "Feature", "geometry": {"type": "Point", "coordinates": [-160.0765475139985, 21.998801078944034]}, "properties": {"stop_id": "S052", "x": 388872.1861192202, "y": 2433085.3571357857, "n_items": 4, "kg_est": 7.911065122754946, "kg_hi": 26.370217075849823, "bulk_m3": 0.03296277134481228, "crew": "1인", "tools": [], "max_item_kg_hi": 16.41504161243516, "r95_m": 3.0, "buried_suspect": false, "classes": ["plastic_other"], "visit_order": 263}}, {"type": "Feature", "geometry": {"type": "Point", "coordinates": [-160.0797039847907, 21.998433306873512]}, "properties": {"stop_id": "S050", "x": 388546.0405992731, "y": 2433046.9417961948, "n_items": 1, "kg_est": 11.550584022503443, "kg_hi": 38.501946741678154, "bulk_m3": 0.04812743342709768, "crew": "2인", "tools": [], "max_item_kg_hi": 38.501946741678154, "r95_m": 3.0, "buried_suspect": false, "classes": ["plastic_other"], "visit_order": 264}}, {"type": "Feature", "geometry": {"type": "Point", "coordinates": [-160.08168548255435, 21.998036378573037]}, "properties": {"stop_id": "S049", "x": 388341.16935784835, "y": 2433004.4471774157, "n_items": 22, "kg_est": 68.58431013740066, "kg_hi": 158.46344943588892, "bulk_m3": 0.46008602546382776, "crew": "1인", "tools": ["절단기"], "max_item_kg_hi": 20.05969339057898, "r95_m": 3.0, "buried_suspect": false, "classes": ["net", "plastic_buoy", "plastic_other"], "visit_order": 265}}, {"type": "Feature", "geometry": {"type": "Point", "coordinates": [-160.08808585316527, 22.00353111102631]}, "properties": {"stop_id": "S075", "x": 387684.75073143997, "y": 2433617.4034461374, "n_items": 7, "kg_est": 33.211911652792125, "kg_hi": 83.1866191619773, "bulk_m3": 0.26525776194991446, "crew": "2인", "tools": ["절단기"], "max_item_kg_hi": 44.3049824382803, "r95_m": 3.0, "buried_suspect": false, "classes": ["net", "pet_bottle", "plastic_buoy", "plastic_other"], "visit_order": 266}}, {"type": "Feature", "geometry": {"type": "Point", "coordinates": [-160.08810646561264, 22.003403691017315]}, "properties": {"stop_id": "S074", "x": 387682.5224975519, "y": 2433603.3131312616, "n_items": 7, "kg_est": 19.6644018150326, "kg_hi": 47.72202396956181, "bulk_m3": 0.14680266112728574, "crew": "1인", "tools": ["절단기"], "max_item_kg_hi": 17.34586376600049, "r95_m": 3.0, "buried_suspect": false, "classes": ["net", "plastic_buoy", "plastic_other"], "visit_order": 267}}, {"type": "Feature", "geometry": {"type": "Point", "coordinates": [-160.0934690795092, 22.001001519326365]}, "properties": {"stop_id": "S047", "x": 387127.02796750725, "y": 2433341.3403813476, "n_items": 2, "kg_est": 11.279924517129338, "kg_hi": 16.75053662425076, "bulk_m3": 0.1773072590266662, "crew": "1인", "tools": [], "max_item_kg_hi": 13.899474510786911, "r95_m": 3.0, "buried_suspect": false, "classes": ["plastic_buoy", "plastic_other"], "visit_order": 268}}, {"type": "Feature", "geometry": {"type": "Point", "coordinates": [-160.09559249528783, 21.999434599497906]}, "properties": {"stop_id": "S048", "x": 386906.57709651795, "y": 2433169.4503040253, "n_items": 5, "kg_est": 13.39694104102121, "kg_hi": 36.92260053161345, "bulk_m3": 0.04189962238169865, "crew": "2인", "tools": ["절단기"], "max_item_kg_hi": 23.201608815371753, "r95_m": 3.0, "buried_suspect": false, "classes": ["net", "plastic_other"], "visit_order": 269}}, {"type": "Feature", "geometry": {"type": "Point", "coordinates": [-160.10077823754924, 21.99591281523409]}, "properties": {"stop_id": "S039", "x": 386368.4211273134, "y": 2432783.4303847817, "n_items": 1, "kg_est": 1.828829027108965, "kg_hi": 6.096096757029885, "bulk_m3": 0.007620120946287355, "crew": "1인", "tools": [], "max_item_kg_hi": 6.096096757029885, "r95_m": 3.0, "buried_suspect": false, "classes": ["plastic_other"], "visit_order": 270}}, {"type": "Feature", "geometry": {"type": "Point", "coordinates": [-160.10392566676867, 21.996794034008676]}, "properties": {"stop_id": "S046", "x": 386044.1920190948, "y": 2432883.32379524, "n_items": 13, "kg_est": 20.699673488341876, "kg_hi": 43.38570791642275, "bulk_m3": 0.23642086679040714, "crew": "1인", "tools": [], "max_item_kg_hi": 8.589013273430277, "r95_m": 3.0, "buried_suspect": false, "classes": ["eps_fragment", "pet_bottle", "plastic_buoy", "plastic_other"], "visit_order": 271}}, {"type": "Feature", "geometry": {"type": "Point", "coordinates": [-160.10465002136291, 21.99745322862703]}, "properties": {"stop_id": "S045", "x": 385969.9388245304, "y": 2432956.8371001547, "n_items": 7, "kg_est": 27.16409435017207, "kg_hi": 43.03218751166666, "bulk_m3": 0.4109702344273433, "crew": "1인", "tools": [], "max_item_kg_hi": 19.05873553581924, "r95_m": 3.0, "buried_suspect": false, "classes": ["eps_fragment", "plastic_buoy", "plastic_other"], "visit_order": 272}}, {"type": "Feature", "geometry": {"type": "Point", "coordinates": [-160.10686854093626, 21.994238427172732]}, "properties": {"stop_id": "S037", "x": 385738.3310582929, "y": 2432602.6115592583, "n_items": 1, "kg_est": 4.798781624751317, "kg_hi": 15.995938749171062, "bulk_m3": 0.019994923436463825, "crew": "1인", "tools": [], "max_item_kg_hi": 15.995938749171062, "r95_m": 3.0, "buried_suspect": false, "classes": ["plastic_other"], "visit_order": 273}}, {"type": "Feature", "geometry": {"type": "Point", "coordinates": [-160.10699508419853, 21.994351212949677]}, "properties": {"stop_id": "S036", "x": 385725.3572174943, "y": 2432615.191580923, "n_items": 7, "kg_est": 13.095810544107964, "kg_hi": 27.488805551583177, "bulk_m3": 0.026279058808423947, "crew": "1인", "tools": ["절단기"], "max_item_kg_hi": 8.794143060923039, "r95_m": 3.0, "buried_suspect": false, "classes": ["plastic_other", "rope"], "visit_order": 274}}, {"type": "Feature", "geometry": {"type": "Point", "coordinates": [-160.10717487520157, 21.99423490062587]}, "properties": {"stop_id": "S035", "x": 385706.70259774145, "y": 2432602.450040624, "n_items": 1, "kg_est": 0.392082603578586, "kg_hi": 1.30694201192862, "bulk_m3": 0.0016336775149107749, "crew": "1인", "tools": [], "max_item_kg_hi": 1.30694201192862, "r95_m": 3.0, "buried_suspect": false, "classes": ["plastic_other"], "visit_order": 275}}, {"type": "Feature", "geometry": {"type": "Point", "coordinates": [-160.10737431134012, 21.994134645687524]}, "properties": {"stop_id": "S033", "x": 385686.0326657609, "y": 2432591.5007753056, "n_items": 24, "kg_est": 76.8231465373515, "kg_hi": 141.6909197755344, "bulk_m3": 0.9345267717326936, "crew": "1인", "tools": ["절단기"], "max_item_kg_hi": 19.496384485960927, "r95_m": 3.0, "buried_suspect": false, "classes": ["eps_fragment", "net", "plastic_buoy", "plastic_other"], "visit_order": 276}}, {"type": "Feature", "geometry": {"type": "Point", "coordinates": [-160.10749614624888, 21.994306987417804]}, "properties": {"stop_id": "S034", "x": 385673.5926774601, "y": 2432610.670213823, "n_items": 2, "kg_est": 1.8628285874033854, "kg_hi": 6.209428624677951, "bulk_m3": 0.007761785780847439, "crew": "1인", "tools": [], "max_item_kg_hi": 3.2139778872014615, "r95_m": 3.0, "buried_suspect": false, "classes": ["plastic_other"], "visit_order": 277}}, {"type": "Feature", "geometry": {"type": "Point", "coordinates": [-160.1076026342259, 21.994089364090033]}, "properties": {"stop_id": "S032", "x": 385662.4245358407, "y": 2432586.6587182493, "n_items": 30, "kg_est": 50.42686586582548, "kg_hi": 128.2469508223353, "bulk_m3": 0.3919711667515189, "crew": "1인", "tools": ["절단기"], "max_item_kg_hi": 21.65217693824889, "r95_m": 3.0, "buried_suspect": false, "classes": ["eps_fragment", "net", "pet_bottle", "plastic_buoy", "plastic_other"], "visit_order": 278}}, {"type": "Feature", "geometry": {"type": "Point", "coordinates": [-160.10774927604263, 21.994132412082912]}, "properties": {"stop_id": "S031", "x": 385647.3198759024, "y": 2432591.533793641, "n_items": 2, "kg_est": 7.137564440502385, "kg_hi": 9.696037425361734, "bulk_m3": 0.11406982085010949, "crew": "1인", "tools": [], "max_item_kg_hi": 8.79961323523563, "r95_m": 3.0, "buried_suspect": false, "classes": ["pet_bottle", "plastic_buoy"], "visit_order": 279}}, {"type": "Feature", "geometry": {"type": "Point", "coordinates": [-160.1102546162704, 21.99299915789975]}, "properties": {"stop_id": "S038", "x": 385387.7602884993, "y": 2432467.956649946, "n_items": 1, "kg_est": 1.4503737014428464, "kg_hi": 4.8345790048094885, "bulk_m3": 0.00604322375601186, "crew": "1인", "tools": [], "max_item_kg_hi": 4.8345790048094885, "r95_m": 3.0, "buried_suspect": false, "classes": ["plastic_other"], "visit_order": 280}}, {"type": "Feature", "geometry": {"type": "Point", "coordinates": [-160.11073431334793, 21.986276404798517]}, "properties": {"stop_id": "S030", "x": 385332.83354246785, "y": 2431724.101255467, "n_items": 18, "kg_est": 55.00469048065789, "kg_hi": 175.91781363028576, "bulk_m3": 0.2461439637432357, "crew": "2인", "tools": [], "max_item_kg_hi": 25.64300371408489, "r95_m": 3.0, "buried_suspect": false, "classes": ["eps_fragment", "pet_bottle", "plastic_other"], "visit_order": 281}}, {"type": "Feature", "geometry": {"type": "Point", "coordinates": [-160.11384656955678, 21.975438054786117]}, "properties": {"stop_id": "S029", "x": 385002.77755870693, "y": 2430526.62201403, "n_items": 2, "kg_est": 8.551604081222585, "kg_hi": 28.505346937408625, "bulk_m3": 0.035631683671760776, "crew": "1인", "tools": [], "max_item_kg_hi": 16.01790254152007, "r95_m": 3.0, "buried_suspect": false, "classes": ["plastic_other"], "visit_order": 282}}, {"type": "Feature", "geometry": {"type": "Point", "coordinates": [-160.11426439959448, 21.974493319321642]}, "properties": {"stop_id": "S028", "x": 384958.8742740513, "y": 2430422.3529714816, "n_items": 1, "kg_est": 0.764219113131338, "kg_hi": 1.2736985218855632, "bulk_m3": 0.005789538735843469, "crew": "1인", "tools": [], "max_item_kg_hi": 1.2736985218855632, "r95_m": 3.0, "buried_suspect": false, "classes": ["pet_bottle"], "visit_order": 283}}, {"type": "Feature", "geometry": {"type": "Point", "coordinates": [-160.11537767500886, 21.972386996750583]}, "properties": {"stop_id": "S027", "x": 384842.226070274, "y": 2430190.0183497267, "n_items": 10, "kg_est": 34.31021565381082, "kg_hi": 109.60200099136648, "bulk_m3": 0.13438153975247316, "crew": "2인", "tools": ["절단기"], "max_item_kg_hi": 33.26043227387098, "r95_m": 3.0, "buried_suspect": false, "classes": ["net", "plastic_other"], "visit_order": 284}}, {"type": "Feature", "geometry": {"type": "Point", "coordinates": [-160.11947395103502, 21.964580435612664]}, "properties": {"stop_id": "S026", "x": 384412.9474270293, "y": 2429328.911998033, "n_items": 6, "kg_est": 33.471511018505836, "kg_hi": 68.6886256931365, "bulk_m3": 0.2856785894855307, "crew": "1인", "tools": ["절단기"], "max_item_kg_hi": 21.91604603040102, "r95_m": 3.0, "buried_suspect": false, "classes": ["net", "pet_bottle", "plastic_buoy", "plastic_other"], "visit_order": 285}}, {"type": "Feature", "geometry": {"type": "Point", "coordinates": [-160.12297086297175, 21.956683700747483]}, "properties": {"stop_id": "S025", "x": 384045.44530837424, "y": 2428457.379933181, "n_items": 5, "kg_est": 23.515811739933405, "kg_hi": 51.3920745458955, "bulk_m3": 0.167222445715781, "crew": "1인", "tools": ["절단기"], "max_item_kg_hi": 20.209504156486155, "r95_m": 3.0, "buried_suspect": false, "classes": ["net", "plastic_buoy", "plastic_other"], "visit_order": 286}}, {"type": "Feature", "geometry": {"type": "Point", "coordinates": [-160.12335159621333, 21.95635904840036]}, "properties": {"stop_id": "S024", "x": 384005.86480098515, "y": 2428421.7288648454, "n_items": 1, "kg_est": 9.694472338343125, "kg_hi": 12.925963117790834, "bulk_m3": 0.1615745389723854, "crew": "1인", "tools": [], "max_item_kg_hi": 12.925963117790834, "r95_m": 3.0, "buried_suspect": false, "classes": ["plastic_buoy"], "visit_order": 287}}, {"type": "Feature", "geometry": {"type": "Point", "coordinates": [-160.1260772391208, 21.953435970953873]}, "properties": {"stop_id": "S021", "x": 383722.0182478824, "y": 2428100.207764742, "n_items": 6, "kg_est": 18.348807740245135, "kg_hi": 30.5949822300687, "bulk_m3": 0.26217186315742624, "crew": "1인", "tools": [], "max_item_kg_hi": 10.069400905073165, "r95_m": 3.0, "buried_suspect": false, "classes": ["pet_bottle", "plastic_buoy", "plastic_other"], "visit_order": 288}}, {"type": "Feature", "geometry": {"type": "Point", "coordinates": [-160.1273409682916, 21.952521596087383]}, "properties": {"stop_id": "S023", "x": 383590.7695513183, "y": 2427999.945208544, "n_items": 3, "kg_est": 1.7774272843423726, "kg_hi": 4.939947957911725, "bulk_m3": 0.009420330406517234, "crew": "1인", "tools": [], "max_item_kg_hi": 2.0904034985304865, "r95_m": 3.0, "buried_suspect": false, "classes": ["pet_bottle", "plastic_other"], "visit_order": 289}}, {"type": "Feature", "geometry": {"type": "Point", "coordinates": [-160.12777596479796, 21.95229903524525]}, "properties": {"stop_id": "S022", "x": 383545.6662866551, "y": 2427975.638057278, "n_items": 1, "kg_est": 6.182273549008662, "kg_hi": 8.243031398678216, "bulk_m3": 0.1030378924834777, "crew": "1인", "tools": [], "max_item_kg_hi": 8.243031398678216, "r95_m": 3.0, "buried_suspect": false, "classes": ["plastic_buoy"], "visit_order": 290}}, {"type": "Feature", "geometry": {"type": "Point", "coordinates": [-160.13213444651612, 21.948852058204988]}, "properties": {"stop_id": "S020", "x": 383092.7474908308, "y": 2427597.373099662, "n_items": 1, "kg_est": 4.651083993301961, "kg_hi": 15.50361331100654, "bulk_m3": 0.01937951663875817, "crew": "1인", "tools": [], "max_item_kg_hi": 15.50361331100654, "r95_m": 3.0, "buried_suspect": false, "classes": ["plastic_other"], "visit_order": 291}}, {"type": "Feature", "geometry": {"type": "Point", "coordinates": [-160.1373021064132, 21.945989878801985]}, "properties": {"stop_id": "S019", "x": 382556.71929960145, "y": 2427284.477788569, "n_items": 2, "kg_est": 10.543095800298577, "kg_hi": 13.510517380849166, "bulk_m3": 0.08178755258649974, "crew": "1인", "tools": [], "max_item_kg_hi": 11.286853193119702, "r95_m": 3.0, "buried_suspect": false, "classes": ["eps_buoy", "plastic_other"], "visit_order": 292}}, {"type": "Feature", "geometry": {"type": "Point", "coordinates": [-160.14136024811455, 21.94423301959928]}, "properties": {"stop_id": "S018", "x": 382136.1678557303, "y": 2427093.106470349, "n_items": 3, "kg_est": 3.3473597696379813, "kg_hi": 10.223224531718975, "bulk_m3": 0.015859098806143557, "crew": "1인", "tools": [], "max_item_kg_hi": 6.963729872751565, "r95_m": 3.0, "buried_suspect": false, "classes": ["pet_bottle", "plastic_other"], "visit_order": 293}}, {"type": "Feature", "geometry": {"type": "Point", "coordinates": [-160.1466540900202, 21.942038697234086]}, "properties": {"stop_id": "S017", "x": 381587.62366527336, "y": 2426854.272156695, "n_items": 1, "kg_est": 0.7137134699558058, "kg_hi": 2.379044899852686, "bulk_m3": 0.0029738061248158576, "crew": "1인", "tools": [], "max_item_kg_hi": 2.379044899852686, "r95_m": 3.0, "buried_suspect": false, "classes": ["plastic_other"], "visit_order": 294}}, {"type": "Feature", "geometry": {"type": "Point", "coordinates": [-160.15879372741992, 21.939057903013534]}, "properties": {"stop_id": "S016", "x": 380331.3733925934, "y": 2426533.720179843, "n_items": 9, "kg_est": 13.199019246441273, "kg_hi": 42.064931534669, "bulk_m3": 0.05894732115893344, "crew": "1인", "tools": [], "max_item_kg_hi": 16.35370034914094, "r95_m": 3.0, "buried_suspect": false, "classes": ["pet_bottle", "plastic_other"], "visit_order": 295}}, {"type": "Feature", "geometry": {"type": "Point", "coordinates": [-160.16992820993553, 21.928938941572795]}, "properties": {"stop_id": "S015", "x": 379172.85472720116, "y": 2425422.2650999944, "n_items": 1, "kg_est": 1.4441399386811937, "kg_hi": 4.8137997956039795, "bulk_m3": 0.006017249744504974, "crew": "1인", "tools": [], "max_item_kg_hi": 4.8137997956039795, "r95_m": 3.0, "buried_suspect": false, "classes": ["plastic_other"], "visit_order": 296}}, {"type": "Feature", "geometry": {"type": "Point", "coordinates": [-160.17224549039486, 21.9280462071977]}, "properties": {"stop_id": "S014", "x": 378932.75259419216, "y": 2425325.2650030013, "n_items": 1, "kg_est": 7.294337463497909, "kg_hi": 9.725783284663878, "bulk_m3": 0.12157229105829848, "crew": "1인", "tools": [], "max_item_kg_hi": 9.725783284663878, "r95_m": 3.0, "buried_suspect": false, "classes": ["plastic_buoy"], "visit_order": 297}}, {"type": "Feature", "geometry": {"type": "Point", "coordinates": [-160.17635024811773, 21.927234637076523]}, "properties": {"stop_id": "S013", "x": 378508.0890518634, "y": 2425238.668101698, "n_items": 2, "kg_est": 2.20106797574037, "kg_hi": 7.336893252467901, "bulk_m3": 0.009171116565584876, "crew": "1인", "tools": [], "max_item_kg_hi": 4.741722748279437, "r95_m": 3.0, "buried_suspect": false, "classes": ["plastic_other"], "visit_order": 298}}, {"type": "Feature", "geometry": {"type": "Point", "coordinates": [-160.1819808991387, 21.925395762136713]}, "properties": {"stop_id": "S012", "x": 377924.9346692416, "y": 2425039.5710941725, "n_items": 1, "kg_est": 3.0113218320421806, "kg_hi": 5.0188697200703025, "bulk_m3": 0.022813044182137733, "crew": "1인", "tools": [], "max_item_kg_hi": 5.0188697200703025, "r95_m": 3.0, "buried_suspect": false, "classes": ["pet_bottle"], "visit_order": 299}}, {"type": "Feature", "geometry": {"type": "Point", "coordinates": [-160.1825312508605, 21.92521372385374]}, "properties": {"stop_id": "S011", "x": 377867.9331228339, "y": 2425019.857128028, "n_items": 3, "kg_est": 2.2235246076551536, "kg_hi": 6.530669227412056, "bulk_m3": 0.01106689386135392, "crew": "1인", "tools": [], "max_item_kg_hi": 4.062948773575021, "r95_m": 3.0, "buried_suspect": false, "classes": ["pet_bottle", "plastic_other"], "visit_order": 300}}, {"type": "Feature", "geometry": {"type": "Point", "coordinates": [-160.18628381249187, 21.923149094721623]}, "properties": {"stop_id": "S010", "x": 377478.5604790775, "y": 2424794.2904350474, "n_items": 4, "kg_est": 16.975262795658452, "kg_hi": 41.28966236572944, "bulk_m3": 0.05203304487303477, "crew": "1인", "tools": ["절단기"], "max_item_kg_hi": 20.22590287703625, "r95_m": 3.0, "buried_suspect": false, "classes": ["net", "pet_bottle"], "visit_order": 301}}, {"type": "Feature", "geometry": {"type": "Point", "coordinates": [-160.18651189950998, 21.923194563482994]}, "properties": {"stop_id": "S009", "x": 377455.03973663994, "y": 2424799.5060939416, "n_items": 9, "kg_est": 21.567530255791038, "kg_hi": 48.23613667025198, "bulk_m3": 0.18720156580526195, "crew": "1인", "tools": ["절단기"], "max_item_kg_hi": 18.82391418649904, "r95_m": 3.0, "buried_suspect": false, "classes": ["net", "plastic_buoy", "plastic_other"], "visit_order": 302}}, {"type": "Feature", "geometry": {"type": "Point", "coordinates": [-160.1869333146783, 21.92347104166685]}, "properties": {"stop_id": "S008", "x": 377411.7475079225, "y": 2424830.449502345, "n_items": 2, "kg_est": 1.5774059434033187, "kg_hi": 5.258019811344395, "bulk_m3": 0.006572524764180495, "crew": "1인", "tools": [], "max_item_kg_hi": 3.472265903115437, "r95_m": 3.0, "buried_suspect": false, "classes": ["plastic_other"], "visit_order": 303}}, {"type": "Feature", "geometry": {"type": "Point", "coordinates": [-160.18890670223252, 21.920293260976226]}, "properties": {"stop_id": "S007", "x": 377205.1861711126, "y": 2424480.240213617, "n_items": 1, "kg_est": 6.774798953962645, "kg_hi": 16.93699738490661, "bulk_m3": 0.01806613054390039, "crew": "1인", "tools": ["절단기"], "max_item_kg_hi": 16.93699738490661, "r95_m": 3.0, "buried_suspect": false, "classes": ["net"], "visit_order": 304}}, {"type": "Feature", "geometry": {"type": "Point", "coordinates": [-160.19327349235257, 21.91660990584209]}, "properties": {"stop_id": "S006", "x": 376750.94970536255, "y": 2424075.985344752, "n_items": 1, "kg_est": 0.5990039828253074, "kg_hi": 1.9966799427510251, "bulk_m3": 0.002495849928438781, "crew": "1인", "tools": [], "max_item_kg_hi": 1.9966799427510251, "r95_m": 3.0, "buried_suspect": false, "classes": ["plastic_other"], "visit_order": 305}}, {"type": "Feature", "geometry": {"type": "Point", "coordinates": [-160.19686317882758, 21.914126821107146]}, "properties": {"stop_id": "S005", "x": 376378.0009389138, "y": 2423803.989216353, "n_items": 3, "kg_est": 29.27609395412792, "kg_hi": 39.03479193883723, "bulk_m3": 0.4879348992354653, "crew": "1인", "tools": [], "max_item_kg_hi": 18.048447081185245, "r95_m": 3.0, "buried_suspect": false, "classes": ["plastic_buoy"], "visit_order": 306}}, {"type": "Feature", "geometry": {"type": "Point", "coordinates": [-160.1979541422672, 21.912255142554546]}, "properties": {"stop_id": "S004", "x": 376263.68821246084, "y": 2423597.669059426, "n_items": 3, "kg_est": 33.7704007480527, "kg_hi": 106.5897439235529, "bulk_m3": 0.13024805061946307, "crew": "장비", "tools": ["절단기"], "max_item_kg_hi": 97.67485722926423, "r95_m": 3.0, "buried_suspect": false, "classes": ["plastic_other", "rope"], "visit_order": 307}}, {"type": "Feature", "geometry": {"type": "Point", "coordinates": [-160.20207005342982, 21.907075498980902]}, "properties": {"stop_id": "S003", "x": 375834.0222060799, "y": 2423027.5934577202, "n_items": 1, "kg_est": 17.747915519100072, "kg_hi": 59.15971839700025, "bulk_m3": 0.0739496479962503, "crew": "장비", "tools": [], "max_item_kg_hi": 59.15971839700025, "r95_m": 3.0, "buried_suspect": false, "classes": ["plastic_other"], "visit_order": 308}}, {"type": "Feature", "geometry": {"type": "Point", "coordinates": [-160.20621394886763, 21.90274281823187]}, "properties": {"stop_id": "S002", "x": 375402.17139995494, "y": 2422551.311951165, "n_items": 2, "kg_est": 67.06518886159975, "kg_hi": 223.55062953866585, "bulk_m3": 0.2794382869233323, "crew": "장비", "tools": [], "max_item_kg_hi": 221.36694902337643, "r95_m": 3.0, "buried_suspect": false, "classes": ["plastic_other"], "visit_order": 309}}, {"type": "Feature", "geometry": {"type": "Point", "coordinates": [-160.216807264028, 21.893907436148634]}, "properties": {"stop_id": "S001", "x": 374300.05027129257, "y": 2421581.8442149027, "n_items": 1, "kg_est": 1.4112945510864925, "kg_hi": 4.704315170288308, "bulk_m3": 0.005880393962860385, "crew": "1인", "tools": [], "max_item_kg_hi": 4.704315170288308, "r95_m": 3.0, "buried_suspect": false, "classes": ["plastic_other"], "visit_order": 310}}, {"type": "Feature", "geometry": {"type": "Point", "coordinates": [-160.2292321628317, 21.878840352630693]}, "properties": {"stop_id": "S096", "x": 373003.03589664015, "y": 2419924.0923406444, "n_items": 9, "kg_est": 34.24838847016299, "kg_hi": 90.44245361641224, "bulk_m3": 0.26320586699566617, "crew": "2인", "tools": [], "max_item_kg_hi": 29.87663407444806, "r95_m": 3.0, "buried_suspect": false, "classes": ["pet_bottle", "plastic_buoy", "plastic_other"], "visit_order": 311}}, {"type": "Feature", "geometry": {"type": "Point", "coordinates": [-160.23181075892052, 21.875916651874007]}, "properties": {"stop_id": "S095", "x": 372734.00756889296, "y": 2419602.5627384013, "n_items": 2, "kg_est": 10.751690031481296, "kg_hi": 27.701136777283068, "bulk_m3": 0.030150614474727142, "crew": "2인", "tools": ["절단기"], "max_item_kg_hi": 24.41348998296376, "r95_m": 3.0, "buried_suspect": false, "classes": ["net", "plastic_other"], "visit_order": 312}}, {"type": "Feature", "geometry": {"type": "Point", "coordinates": [-160.23258369436653, 21.87109882099756]}, "properties": {"stop_id": "S094", "x": 372649.866561663, "y": 2419069.854906531, "n_items": 2, "kg_est": 9.248462572244412, "kg_hi": 12.331283429659218, "bulk_m3": 0.1541410428707402, "crew": "1인", "tools": [], "max_item_kg_hi": 8.936195513247542, "r95_m": 3.0, "buried_suspect": false, "classes": ["plastic_buoy"], "visit_order": 313}}, {"type": "Feature", "geometry": {"type": "Point", "coordinates": [-160.2331656186861, 21.869440899779683]}, "properties": {"stop_id": "S093", "x": 372588.2638706562, "y": 2418886.8003140017, "n_items": 2, "kg_est": 5.139348438351828, "kg_hi": 17.13116146117276, "bulk_m3": 0.021413951826465952, "crew": "1인", "tools": [], "max_item_kg_hi": 14.18906424665308, "r95_m": 3.0, "buried_suspect": false, "classes": ["plastic_other"], "visit_order": 314}}, {"type": "Feature", "geometry": {"type": "Point", "coordinates": [-160.23215350861602, 21.864411641382606]}, "properties": {"stop_id": "S091", "x": 372688.3876036786, "y": 2418329.2090164833, "n_items": 2, "kg_est": 10.841922082710969, "kg_hi": 36.13974027570323, "bulk_m3": 0.04517467534462904, "crew": "2인", "tools": [], "max_item_kg_hi": 32.36345597727153, "r95_m": 3.0, "buried_suspect": false, "classes": ["plastic_other"], "visit_order": 315}}, {"type": "Feature", "geometry": {"type": "Point", "coordinates": [-160.2321363625337, 21.86363622937345]}, "properties": {"stop_id": "S092", "x": 372689.47185211116, "y": 2418243.3545628404, "n_items": 2, "kg_est": 4.302018035186096, "kg_hi": 11.525985471102672, "bulk_m3": 0.023681136922894835, "crew": "1인", "tools": [], "max_item_kg_hi": 8.711910824918354, "r95_m": 3.0, "buried_suspect": false, "classes": ["pet_bottle", "plastic_other"], "visit_order": 316}}, {"type": "Feature", "geometry": {"type": "Point", "coordinates": [-160.2351987902949, 21.85740082429159]}, "properties": {"stop_id": "S090", "x": 372367.4689243252, "y": 2417555.61550284, "n_items": 1, "kg_est": 3.6358955972816274, "kg_hi": 12.11965199093876, "bulk_m3": 0.015149564988673448, "crew": "1인", "tools": [], "max_item_kg_hi": 12.11965199093876, "r95_m": 3.0, "buried_suspect": false, "classes": ["plastic_other"], "visit_order": 317}}, {"type": "Feature", "geometry": {"type": "Point", "coordinates": [-160.24372448165232, 21.847824097732857]}, "properties": {"stop_id": "S089", "x": 371477.84537456377, "y": 2416502.5402958975, "n_items": 6, "kg_est": 47.127549129709585, "kg_hi": 126.84141316598878, "bulk_m3": 0.38542989595530974, "crew": "장비", "tools": [], "max_item_kg_hi": 69.33546464433037, "r95_m": 3.0, "buried_suspect": false, "classes": ["plastic_buoy", "plastic_other"], "visit_order": 318}}, {"type": "Feature", "geometry": {"type": "Point", "coordinates": [-160.2463404757815, 21.84118872579951]}, "properties": {"stop_id": "S088", "x": 371201.5402351155, "y": 2415770.1716366196, "n_items": 1, "kg_est": 8.023402485474254, "kg_hi": 10.697869980632339, "bulk_m3": 0.13372337475790422, "crew": "1인", "tools": [], "max_item_kg_hi": 10.697869980632339, "r95_m": 3.0, "buried_suspect": false, "classes": ["plastic_buoy"], "visit_order": 319}}, {"type": "Feature", "geometry": {"type": "Point", "coordinates": [-160.24429578184572, 21.836119858287056]}, "properties": {"stop_id": "S087", "x": 371408.33185578877, "y": 2415207.3246232597, "n_items": 8, "kg_est": 25.761451368918234, "kg_hi": 73.19717638739392, "bulk_m3": 0.1869852651325481, "crew": "2인", "tools": [], "max_item_kg_hi": 38.93195858982505, "r95_m": 3.0, "buried_suspect": false, "classes": ["eps_fragment", "plastic_buoy", "plastic_other"], "visit_order": 320}}, {"type": "Feature", "geometry": {"type": "Point", "coordinates": [-160.24365734737432, 21.832719048729953]}, "properties": {"stop_id": "S086", "x": 371471.2785817047, "y": 2414830.3126939763, "n_items": 3, "kg_est": 2.726300641623012, "kg_hi": 9.087668805410042, "bulk_m3": 0.012508442984859357, "crew": "1인", "tools": [], "max_item_kg_hi": 4.492240893022816, "r95_m": 3.0, "buried_suspect": false, "classes": ["eps_fragment", "plastic_other"], "visit_order": 321}}, {"type": "Feature", "geometry": {"type": "Point", "coordinates": [-160.24393734083327, 21.830290435778767]}, "properties": {"stop_id": "S085", "x": 371440.16766778653, "y": 2414561.692316414, "n_items": 12, "kg_est": 19.462883813425158, "kg_hi": 43.74134228110265, "bulk_m3": 0.2137496369700077, "crew": "1인", "tools": [], "max_item_kg_hi": 14.08995806465414, "r95_m": 3.0, "buried_suspect": false, "classes": ["eps_fragment", "plastic_buoy", "plastic_other"], "visit_order": 322}}, {"type": "Feature", "geometry": {"type": "Point", "coordinates": [-160.24513625292815, 21.827449286727635]}, "properties": {"stop_id": "S084", "x": 371313.70500195964, "y": 2414248.170482221, "n_items": 19, "kg_est": 30.013859231682932, "kg_hi": 69.58221224092217, "bulk_m3": 0.31545765428630973, "crew": "1인", "tools": [], "max_item_kg_hi": 10.927331216812135, "r95_m": 3.0, "buried_suspect": false, "classes": ["plastic_buoy", "plastic_other"], "visit_order": 323}}, {"type": "Feature", "geometry": {"type": "Point", "coordinates": [-160.2457075403968, 21.822089938148583]}, "properties": {"stop_id": "S083", "x": 371249.85869309754, "y": 2413655.35351456, "n_items": 3, "kg_est": 6.885729294897022, "kg_hi": 11.499706991713255, "bulk_m3": 0.10042682300811437, "crew": "1인", "tools": [], "max_item_kg_hi": 7.6351493275178814, "r95_m": 3.0, "buried_suspect": false, "classes": ["eps_fragment", "plastic_buoy", "plastic_other"], "visit_order": 324}}, {"type": "Feature", "geometry": {"type": "Point", "coordinates": [-160.24582741301668, 21.821431146711504]}, "properties": {"stop_id": "S081", "x": 371236.8782730305, "y": 2413582.5237186686, "n_items": 1, "kg_est": 3.845115834274959, "kg_hi": 12.817052780916534, "bulk_m3": 0.016021315976145662, "crew": "1인", "tools": [], "max_item_kg_hi": 12.817052780916534, "r95_m": 3.0, "buried_suspect": false, "classes": ["plastic_other"], "visit_order": 325}}, {"type": "Feature", "geometry": {"type": "Point", "coordinates": [-160.2456896442628, 21.820764064619286]}, "properties": {"stop_id": "S082", "x": 371250.522172003, "y": 2413508.5608575544, "n_items": 3, "kg_est": 8.712235495226553, "kg_hi": 15.133986217473092, "bulk_m3": 0.123218473521457, "crew": "1인", "tools": [], "max_item_kg_hi": 9.271199177743613, "r95_m": 3.0, "buried_suspect": false, "classes": ["plastic_buoy", "plastic_other"], "visit_order": 326}}, {"type": "Feature", "geometry": {"type": "Point", "coordinates": [-160.24244710492312, 21.812808952141378]}, "properties": {"stop_id": "S080", "x": 371578.5981083482, "y": 2412625.20456826, "n_items": 6, "kg_est": 12.936750889003058, "kg_hi": 30.14378180075515, "bulk_m3": 0.13535555735972796, "crew": "1인", "tools": [], "max_item_kg_hi": 13.448705926127253, "r95_m": 3.0, "buried_suspect": false, "classes": ["eps_fragment", "plastic_buoy", "plastic_other"], "visit_order": 327}}, {"type": "Feature", "geometry": {"type": "Point", "coordinates": [-160.24052520567614, 21.805165662273986]}, "properties": {"stop_id": "S078", "x": 371770.4643372776, "y": 2411777.474763969, "n_items": 2, "kg_est": 45.22711683197123, "kg_hi": 67.623064664829, "bulk_m3": 0.33393080515626156, "crew": "2인", "tools": [], "max_item_kg_hi": 43.37425640438702, "r95_m": 3.0, "buried_suspect": false, "classes": ["eps_buoy", "plastic_other"], "visit_order": 328}}, {"type": "Feature", "geometry": {"type": "Point", "coordinates": [-160.2385971675284, 21.804537694223328]}, "properties": {"stop_id": "S079", "x": 371969.22446936625, "y": 2411706.355305414, "n_items": 9, "kg_est": 98.13738461368591, "kg_hi": 136.36278298317487, "bulk_m3": 0.7925522912259749, "crew": "장비", "tools": ["절단기"], "max_item_kg_hi": 84.67511533347918, "r95_m": 3.0, "buried_suspect": false, "classes": ["eps_buoy", "eps_fragment", "net", "pet_bottle", "plastic_buoy", "plastic_other"], "visit_order": 329}}, {"type": "Feature", "geometry": {"type": "Point", "coordinates": [-160.20314542303777, 21.788372814235718]}, "properties": {"stop_id": "S258", "x": 375620.22880664165, "y": 2409887.874509876, "n_items": 36, "kg_est": 104.28365742802184, "kg_hi": 284.4992977389157, "bulk_m3": 0.4665838029258663, "crew": "장비", "tools": ["절단기"], "max_item_kg_hi": 61.03961142485922, "r95_m": 3.0, "buried_suspect": false, "classes": ["net", "pet_bottle", "plastic_buoy", "plastic_other"], "visit_order": 330}}, {"type": "Feature", "geometry": {"type": "Point", "coordinates": [-160.20309196294, 21.78807869416488]}, "properties": {"stop_id": "S259", "x": 375625.50223747885, "y": 2409855.272056118, "n_items": 42, "kg_est": 104.30152216618283, "kg_hi": 327.46321460512496, "bulk_m3": 0.5473048541860291, "crew": "장비", "tools": [], "max_item_kg_hi": 112.44032220289192, "r95_m": 3.0, "buried_suspect": false, "classes": ["eps_fragment", "pet_bottle", "plastic_buoy", "plastic_other"], "visit_order": 331}}]}