item_id,stop_id,cls,cls_raw,lat,lon,x,y,r95_m,n_views,area_m2,length_m,h_p90_m,volume_m3,valid_3d,buried_suspect,weight_est_kg,weight_lo_kg,weight_hi_kg,weight_method,crew,tools,weight_kg,image
1_1007_14025_13520_1,S001,pet_bottle,PET_Bottle,21.89390743868283,-160.21680737543352,374300.03876372264,2421581.8445866075,3.0,1,0.13143536252976085,0.47197998046876116,0.0,0.00788612175178565,False,False,0.2602420178089265,0.2168683481741054,0.4337366963482108,2d:area×thick_range×rho,1인,,,niihau_1_1007_14025_13520.jpg
1_1130_16634_16366_3,S002,plastic_other,Plastic_ETC,21.90707828176592,-160.20206960807815,375834.0706246738,2423027.901158603,3.0,1,2.5095764315204017,2.4709289550781834,0.0,0.07528729294561205,False,False,6.022983435648964,4.015322290432643,20.076611452163213,2d:area×thick_range×rho,1인,,,niihau_1_1130_16634_16366.jpg
1_1130_16634_16366_4,S002,plastic_other,Plastic_ETC,21.90706926529955,-160.20208009800325,375832.9791540707,2423026.911497713,3.0,1,0.34441524569393833,0.6640283203125157,0.0,0.01033245737081815,False,False,0.826596589665452,0.5510643931103013,2.7553219655515067,2d:area×thick_range×rho,1인,,,niihau_1_1130_16634_16366.jpg
1_1130_16634_16366_5,S002,net,Net,21.907074365432315,-160.20208951048363,375832.0112229224,2423027.483707325,3.0,1,0.23157170218826434,0.5239184570312624,0.0,0.02778860426259172,False,False,4.168290639388758,1.7367877664119826,10.420726598471894,2d:area×thick_range×rho,1인,절단기,,niihau_1_1130_16634_16366.jpg
1_1171_19103_2678_10,S003,plastic_buoy,Plastic_Buoy,21.91413323666533,-160.19686648380966,376377.6650745726,2423804.7020958615,3.0,1,0.2024097154498196,0.45907958984376085,0.0,0.060722914634945876,False,False,3.6433748780967528,1.8216874390483764,4.85783317079567,2d:area×thick_range×rho,1인,,,niihau_1_1171_19103_2678.jpg
1_1171_19103_2678_11,S003,plastic_buoy,Plastic_Buoy,21.91412857875667,-160.19686715735554,376377.5914771447,2423804.1869968586,3.0,1,0.18500713430941979,0.4317358398437602,0.0,0.055502140292825936,False,False,3.330128417569556,1.665064208784778,4.440171223426075,2d:area×thick_range×rho,1인,,,niihau_1_1171_19103_2678.jpg
1_1253_11171_18841_14,S004,net,Net,21.92029302529415,-160.1889067790405,377205.17803512415,2424480.2141845576,3.0,1,0.1217615810990391,0.3632397460937586,0.0,0.014611389731884692,False,False,2.1917084597827037,0.9132118582427934,5.47927114945676,2d:area×thick_range×rho,1인,절단기,,niihau_1_1253_11171_18841.jpg
1_1253_21758_1273_15,S005,plastic_buoy,Plastic_Buoy_China,21.92353324212321,-160.18694242025862,377410.86023921927,2424837.3425054364,3.0,1,0.11857609583878925,0.356006240844735,0.0,0.035572828751636774,False,False,2.1343697250982063,1.0671848625491032,2.845826300130942,2d:area×thick_range×rho,1인,,,niihau_1_1253_21758_1273.jpg
1_1253_23761_3032_16,S006,plastic_buoy,Plastic_Buoy,21.923214567653954,-160.18644825835446,377461.63050877326,2424801.669766659,3.0,1,0.07617883278131846,0.28976562500000685,0.0,0.022853649834395535,False,False,1.3712189900637322,0.6856094950318661,1.8282919867516432,2d:area×thick_range×rho,1인,,,niihau_1_1253_23761_3032.jpg
1_1253_23761_3032_17,S006,pet_bottle,PET_Bottle,21.923180342424555,-160.18648258261868,377458.0557752293,2424797.9083746527,3.0,1,0.15852661757171904,0.465207519531261,0.0,0.009511597054303142,False,False,0.3138827027920037,0.26156891899333645,0.5231378379866729,2d:area×thick_range×rho,1인,,,niihau_1_1253_23761_3032.jpg
1_1253_23761_3032_18,S006,plastic_other,Plastic_ETC,21.923199926028374,-160.1865351580048,377452.6419009038,2424800.118316982,3.0,1,0.1709036738569929,0.4194305419921974,0.0,0.005127110215709787,False,False,0.41016881725678295,0.27344587817118865,1.3672293908559432,2d:area×thick_range×rho,1인,,,niihau_1_1253_23761_3032.jpg
1_1254_92_3028_24,S006,pet_bottle,PET_Bottle,21.923168836791323,-160.18629591812598,377477.3269555175,2424796.485592651,3.0,1,0.24720193672184448,0.5541479492187978,0.0,0.014832116203310668,False,False,0.48945983470925203,0.4078831955910434,0.8157663911820868,2d:area×thick_range×rho,1인,,,niihau_1_1254_92_3028.jpg
1_1294_19371_10077_27,S007,pet_bottle,PET_Bottle,21.92529767175698,-160.18259977707464,377860.9266243098,2425029.2048937776,3.0,1,0.1572923735054284,0.5318347167968875,0.0,0.009437542410325704,False,False,0.3114388995407482,0.2595324162839569,0.5190648325679138,2d:area×thick_range×rho,1인,,,niihau_1_1294_19371_10077.jpg
1_1294_19721_10265_28,S007,plastic_other,Plastic_ETC,21.92521130345868,-160.18251239125308,377869.87908197334,2425019.574170197,3.0,1,0.23297931389809753,0.5492578125000129,0.0,0.006989379416942926,False,False,0.5591503533554341,0.3727669022369561,1.8638345111847805,2d:area×thick_range×rho,1인,,,niihau_1_1294_19721_10265.jpg
1_1294_22470_9263_30,S008,pet_bottle,PET_Bottle,21.92539598835549,-160.18198161455004,377924.8609668325,2425039.596706361,3.0,1,0.5507256022632382,0.7767529296875183,0.0,0.03304353613579429,False,False,1.0904366924812117,0.908697243734343,1.817394487468686,2d:area×thick_range×rho,1인,,,niihau_1_1294_22470_9263.jpg
1_1296_23468_1411_31,S009,plastic_buoy,Plastic_Buoy_China,21.928046111992824,-160.17224557675206,378932.7435939445,2425325.254531807,3.0,1,0.13237872362136466,0.36425781249999484,0.0,0.03971361708640939,False,False,2.3828170251845635,1.1914085125922818,3.177089366912752,2d:area×thick_range×rho,1인,,,niihau_1_1296_23468_1411.jpg
1_1419_19263_7383_33,S010,plastic_other,Plastic_ETC,21.93906216674776,-160.15875914998276,380334.94812488713,2426534.1651933854,3.0,1,0.3041489435672904,0.5773632812500137,0.0,0.009124468307018711,False,False,0.7299574645614969,0.48663830970766464,2.433191548538323,2d:area×thick_range×rho,1인,,,niihau_1_1419_19263_7383.jpg
1_1419_19263_7383_34,S010,plastic_other,Plastic_ETC,21.93905714791156,-160.15879603169995,380331.134774333,2426533.63838722,3.0,1,0.7298610302448617,1.1371630859375268,0.0,0.02189583090734585,False,False,1.7516664725876678,1.1677776483917788,5.838888241958894,2d:area×thick_range×rho,1인,,,niihau_1_1419_19263_7383.jpg
1_1422_8437_145_39,S011,plastic_other,Plastic_ETC,21.942038577298053,-160.14665452947315,381587.5781802624,2426854.2592190704,3.0,1,0.1497740160813626,0.4107055664062597,0.0,0.004493220482440877,False,False,0.3594576385952702,0.23963842573018013,1.1981921286509007,2d:area×thick_range×rho,1인,,,niihau_1_1422_8437_145.jpg
1_1463_10909_13296_40,S012,plastic_other,Plastic_ETC,21.944251454438962,-160.14135273441363,382136.95903512504,2427095.1414511204,3.0,1,0.3843462157234731,0.6906457519531413,0.0,0.011530386471704193,False,False,0.9224309177363355,0.614953945157557,3.074769725787785,2d:area×thick_range×rho,1인,,,niihau_1_1463_10909_13296.jpg
1_1464_7338_3709_43,S013,eps_buoy,Styrofoam_Buoy,21.946012156843256,-160.1372782331225,382559.20310315926,2427286.92569903,3.0,1,0.5087065865814926,0.7182788085937669,0.0,0.1780473053035224,False,False,4.4511826325880595,1.9076496996805974,5.087065865814926,2d:area×thick_range×rho,1인,,,niihau_1_1464_7338_3709.jpg
1_1505_9294_13174_45,S014,pet_bottle,PET_Bottle,21.948853171855788,-160.1321335859624,383092.83727295685,2427597.4957254245,3.0,1,0.5170944134563841,0.7705725097656722,0.0,0.031025664807383044,False,False,1.0238469386436404,0.8532057822030338,1.7064115644060676,2d:area×thick_range×rho,1인,,,niihau_1_1505_9294_13174.jpg
1_1546_15798_13107_46,S015,plastic_buoy,Plastic_Buoy_China,21.953438425675134,-160.1261369701326,383715.85188446776,2428100.524834057,3.0,1,0.1317370875835481,0.381684570312509,0.0,0.039521126275064426,False,False,2.3712675765038655,1.1856337882519328,3.1616901020051547,2d:area×thick_range×rho,1인,,,niihau_1_1546_15798_13107.jpg
1_1546_16155_13210_47,S015,plastic_buoy,Plastic_Buoy_China,21.953461002135583,-160.12603509736812,383726.39054550667,2428102.946757888,3.0,1,0.1370446991622513,0.3773529052734464,0.0,0.04111340974867538,False,False,2.466804584920523,1.2334022924602615,3.289072779894031,2d:area×thick_range×rho,1인,,,niihau_1_1546_16155_13210.jpg
1_1546_16155_13210_48,S015,pet_bottle,PET_Bottle,21.95342038128173,-160.12606759386787,383723.001621334,2428098.474654724,3.0,1,0.1840055786758748,0.4706762695312611,0.0,0.011040334720552488,False,False,0.3643310457782321,0.30360920481519343,0.6072184096303869,2d:area×thick_range×rho,1인,,,niihau_1_1546_16155_13210.jpg
1_1546_9638_17976_50,S016,pet_bottle,PET_Bottle,21.952505985230403,-160.12733133089182,383591.75208960945,2427998.209751165,3.0,1,0.14164375015497876,0.3980493164062594,0.0,0.008498625009298726,False,False,0.28045462530685794,0.23371218775571498,0.46742437551142996,2d:area×thick_range×rho,1인,,,niihau_1_1546_9638_17976.jpg
1_1587_7139_20367_52,S017,net,Net,21.95666083726544,-160.12300486662738,384041.9153176405,2428454.874662902,3.0,1,0.1315313965380254,0.36985473632813376,0.0,0.015783767584563048,False,False,2.367565137684457,0.9864854740351906,5.9189128442111425,2d:area×thick_range×rho,1인,절단기,,niihau_1_1587_7139_20367.jpg
1_1587_7814_20141_54,S017,net,Net,21.95671337794164,-160.12292862358922,384049.83130224893,2428460.6332525956,3.0,1,0.17011060519517274,0.4184948730468849,0.0,0.020413272623420728,False,False,3.061990893513109,1.2758295389637955,7.654977233782773,2d:area×thick_range×rho,1인,절단기,,niihau_1_1587_7814_20141.jpg
1_1628_1219_1830_55,S018,plastic_buoy,Plastic_Buoy_China,21.964568717611595,-160.1194869844219,384411.592108691,2429327.6246422627,3.0,1,0.3510553075790219,0.5929675292968593,0.0,0.10531659227370657,False,False,6.318995536422395,3.1594977682111973,8.425327381896526,2d:area×thick_range×rho,1인,,,niihau_1_1628_1219_1830.jpg
1_1628_1219_1830_56,S018,net,Net,21.964591761392946,-160.11947324708717,384413.0292812806,2429330.165239819,3.0,1,0.19881077440379996,0.45079711914061305,0.0,0.023857292928455995,False,False,3.578593939268399,1.4910808080284998,8.946484848170998,2d:area×thick_range×rho,1인,절단기,,niihau_1_1628_1219_1830.jpg
1_1628_1219_1830_57,S018,net,Net,21.9645478721034,-160.11945533782725,384414.8430939925,2429325.293142666,3.0,1,0.15289193449019575,0.3997583007812394,0.0,0.01834703213882349,False,False,2.7520548208235236,1.1466895086764681,6.880137052058809,2d:area×thick_range×rho,1인,절단기,,niihau_1_1628_1219_1830.jpg
1_1628_1536_1697_61,S018,net,Net,21.964591690383028,-160.11947331681733,384413.02202343865,2429330.15743159,3.0,1,0.20228559989369332,0.4518167114257693,0.0,0.024274271987243197,False,False,3.6411407980864796,1.5171419992027,9.102851995216199,2d:area×thick_range×rho,1인,절단기,,niihau_1_1628_1536_1697.jpg
1_1708_19135_8696_64,S019,net,Net,21.972442590013827,-160.11542056609088,384837.8421848764,2430196.204831548,3.0,1,0.11810656227471657,0.36997497558597214,0.0,0.014172787472965987,False,False,2.125918120944898,0.8857992170603742,5.314795302362245,2d:area×thick_range×rho,1인,절단기,,niihau_1_1708_19135_8696.jpg
1_1708_19135_8696_65,S019,plastic_other,Plastic_ETC,21.97240457931184,-160.1153784881358,384842.1562896443,2430191.9653648646,3.0,1,0.25172158749108264,0.522517089843799,0.0,0.007551647624732479,False,False,0.6041318099785984,0.4027545399857323,2.013772699928661,2d:area×thick_range×rho,1인,,,niihau_1_1708_19135_8696.jpg
1_1749_6177_17104_68,S020,plastic_other,Plastic_ETC,21.975456646289594,-160.1138636329779,385001.0306875085,2430528.6929271687,3.0,1,0.7755120862306064,0.8809912109375511,0.0,0.023265362586918192,False,False,1.8612290069534554,1.2408193379689703,6.204096689844851,2d:area×thick_range×rho,1인,,,niihau_1_1749_6177_17104.jpg
1_1749_6177_17104_69,S020,plastic_other,Plastic_ETC,21.97541975160081,-160.1138295976274,385004.51521535043,2430524.583086678,3.0,1,1.1159649873973232,1.2285302734375712,0.0,0.0334789496219197,False,False,2.6783159697535757,1.7855439798357173,8.927719899178586,2d:area×thick_range×rho,1인,,,niihau_1_1749_6177_17104.jpg
1_1829_19818_7193_70,S021,eps_fragment,Styrofoam_Piece,21.986316419497992,-160.11070707404326,385335.67801274813,2431728.510503598,3.0,1,0.43165751857459994,0.72878814697266,0.0,0.012949725557237998,False,False,0.25899451114475996,0.17266300742983998,0.8633150371491999,2d:area×thick_range×rho,1인,,,niihau_1_1829_19818_7193.jpg
1_1829_19818_7193_71,S021,pet_bottle,PET_Bottle,21.986243099440873,-160.11076587876076,385329.5478134952,2431720.437979464,3.0,1,0.2399165708780314,0.4997143554687526,0.0,0.014394994252681884,False,False,0.47503481033850214,0.3958623419487518,0.7917246838975036,2d:area×thick_range×rho,1인,,,niihau_1_1829_19818_7193.jpg
1_1829_19818_7193_72,S021,pet_bottle,PET_Bottle,21.986224702623655,-160.11074905655673,385331.2698366293,2431718.388828567,3.0,1,0.5439109455049095,0.7595190429687539,0.0,0.032634656730294566,False,False,1.0769436720997208,0.8974530600831007,1.7949061201662013,2d:area×thick_range×rho,1인,,,niihau_1_1829_19818_7193.jpg
1_1910_13549_13783_83,S022,plastic_buoy,Plastic_Buoy,21.994124605938477,-160.10774585767325,385647.6665272956,2432590.667090851,3.0,1,0.16601696715355704,0.40979492187500965,0.0,0.04980509014606711,False,False,2.9883054087640266,1.4941527043820133,3.984407211685369,2d:area×thick_range×rho,1인,,,niihau_1_1910_13549_13783.jpg
1_1910_13549_13783_84,S022,pet_bottle,PET_Bottle,21.994126455374282,-160.10773528828435,385648.75918381393,2432590.863923176,3.0,1,0.1497702510297369,0.3962426757812594,0.0,0.008986215061784214,False,False,0.29654509703887905,0.2471209141990659,0.4942418283981318,2d:area×thick_range×rho,1인,,,niihau_1_1910_13549_13783.jpg
1_1910_13549_13783_85,S022,plastic_other,Plastic_ETC,21.994125408323626,-160.10772967632533,385649.3377178912,2432590.743818167,3.0,1,0.4955694660246606,0.8327685546875196,0.0,0.014867083980739819,False,False,1.1893667184591856,0.7929111456394571,3.9645557281972854,2d:area×thick_range×rho,1인,,,niihau_1_1910_13549_13783.jpg
1_1910_13549_13783_86,S022,pet_bottle,PET_Bottle,21.99414000775782,-160.10775268816036,385646.973701195,2432592.3771925927,3.0,1,0.10832492871881043,0.3870654296875091,0.0,0.006499495723128626,False,False,0.21448335886324466,0.17873613238603722,0.35747226477207444,2d:area×thick_range×rho,1인,,,niihau_1_1910_13549_13783.jpg
1_1910_14409_13802_90,S023,eps_fragment,Styrofoam_Piece,21.994126205848016,-160.10765182315015,385657.37584670464,2432590.773903023,3.0,1,0.16393261968345224,0.40648223876954087,0.0,0.004917978590503567,False,False,0.09835957181007134,0.06557304787338089,0.32786523936690454,2d:area×thick_range×rho,1인,,,niihau_1_1910_14409_13802.jpg
1_1910_14409_13802_91,S023,pet_bottle,PET_Bottle,21.99411374448618,-160.10755068735338,385667.8070242062,2432589.318817837,3.0,1,0.3568725771367718,0.8564624023437702,0.0,0.021412354628206308,False,False,0.7066077027308082,0.5888397522756734,1.1776795045513468,2d:area×thick_range×rho,1인,,,niihau_1_1910_14409_13802.jpg
1_1910_14409_13802_92,S023,pet_bottle,PET_Bottle,21.994125076129695,-160.1075898149801,385663.7766069509,2432590.6024888046,3.0,1,0.22136166796089263,0.4744995117187612,0.0,0.013281700077653558,False,False,0.4382961025625674,0.36524675213547286,0.7304935042709457,2d:area×thick_range×rho,1인,,,niihau_1_1910_14409_13802.jpg
1_1910_14409_13802_93,S023,eps_fragment,Styrofoam_Piece,21.99413716316584,-160.10759482964266,385663.26858619385,2432591.94428296,3.0,1,0.08937394947410052,0.3648425292968836,0.0,0.0026812184842230154,False,False,0.053624369684460306,0.035749579789640204,0.17874789894820106,2d:area×thick_range×rho,1인,,,niihau_1_1910_14409_13802.jpg
1_1910_14409_13802_94,S023,plastic_other,Plastic_ETC,21.994154562833334,-160.10759950779897,385662.7995644691,2432593.873938589,3.0,1,0.8824805575132786,0.9642846679687728,0.0,0.026474416725398357,False,False,2.1179533380318687,1.4119688920212459,7.05984446010623,2d:area×thick_range×rho,1인,,,niihau_1_1910_14409_13802.jpg
1_1910_14409_13802_95,S023,plastic_other,Plastic_ETC,21.994116468168066,-160.10764472342507,385658.10101015336,2432589.690625778,3.0,1,0.09459026826918572,0.3766552734375089,0.0,0.0028377080480755717,False,False,0.22701664384604575,0.15134442923069716,0.7567221461534858,2d:area×thick_range×rho,1인,,,niihau_1_1910_14409_13802.jpg
1_1910_14661_14129_97,S023,net,Net,21.99413428996367,-160.10751370592504,385671.64141967485,2432591.5655775843,3.0,1,0.15275648194254166,0.4028085327148533,0.0,0.018330777833104998,False,False,2.7496166749657496,1.1456736145690625,6.8740416874143735,2d:area×thick_range×rho,1인,절단기,,niihau_1_1910_14661_14129.jpg
1_1910_14661_14129_98,S023,eps_fragment,Styrofoam_Piece,21.994137208141883,-160.10759481440775,385663.27019508195,2432591.9492504597,3.0,1,0.0920640635946809,0.3635214233398523,0.0,0.002761921907840427,False,False,0.05523843815680854,0.036825625437872364,0.18412812718936183,2d:area×thick_range×rho,1인,,,niihau_1_1910_14661_14129.jpg
1_1910_14661_14129_99,S023,net,Net,21.99412411061929,-160.1075155792611,385671.4398595716,2432590.4401154225,3.0,1,0.21199142688811826,0.48140136718751136,0.0,0.02543897122657419,False,False,3.8158456839861286,1.589935701660887,9.539614209965322,2d:area×thick_range×rho,1인,절단기,,niihau_1_1910_14661_14129.jpg
1_1910_14661_14129_100,S023,eps_fragment,Styrofoam_Piece,21.994113642611104,-160.1075507782461,385667.79755887116,2432589.3076081173,3.0,1,0.3874280314505283,0.8137182617187693,0.0,0.011622840943515848,False,False,0.23245681887031694,0.15497121258021132,0.7748560629010566,2d:area×thick_range×rho,1인,,,niihau_1_1910_14661_14129.jpg
1_1910_14661_14129_101,S023,pet_bottle,PET_Bottle,21.994125071605026,-160.1075898979764,385663.7680348614,2432590.602049961,3.0,1,0.22179151028395744,0.47731933593751125,0.0,0.013307490617037445,False,False,0.4391471903622357,0.3659559919685298,0.7319119839370596,2d:area×thick_range×rho,1인,,,niihau_1_1910_14661_14129.jpg
1_1910_14661_14129_102,S023,plastic_buoy,Plastic_Buoy_China,21.994071261469145,-160.10749881139103,385673.1286014493,2432584.5771345403,3.0,1,0.12437898167372338,0.39022949218750924,0.0,0.037313694502117016,False,False,2.238821670127021,1.1194108350635106,2.9850955601693614,2d:area×thick_range×rho,1인,,,niihau_1_1910_14661_14129.jpg
1_1910_14661_14129_103,S023,plastic_buoy,Plastic_Buoy_China,21.99405825235173,-160.10756900141737,385665.87181865727,2432583.1894791573,3.0,1,0.16044443247915072,0.5008538818359494,0.0,0.048133329743745214,False,False,2.887999784624713,1.4439998923123565,3.8506663794996174,2d:area×thick_range×rho,1인,,,niihau_1_1910_14661_14129.jpg
1_1910_14661_14129_104,S023,net,Net,21.99404309345644,-160.10752654416234,385670.2429183689,2432581.4796398715,3.0,1,0.17951641274691477,0.4338330078125102,0.0,0.02154196952962977,False,False,3.2312954294444656,1.346373095601861,8.078238573611165,2d:area×thick_range×rho,1인,절단기,,niihau_1_1910_14661_14129.jpg
1_1910_14745_14501_106,S023,net,Net,21.99403386334897,-160.10756861937594,385665.89171185356,2432580.48930942,3.0,1,0.18825205192641314,0.46789001464844854,0.0,0.022590246231169578,False,False,3.388536934675437,1.4118903894480987,8.47134233668859,2d:area×thick_range×rho,1인,절단기,,niihau_1_1910_14745_14501.jpg
1_1910_14745_14501_107,S023,plastic_buoy,Plastic_Buoy_China,21.99405818327323,-160.10756900788977,385665.87109508633,2432583.1818369445,3.0,1,0.1725842677339993,0.5104266357421996,0.0,0.05177528032019978,False,False,3.106516819211987,1.5532584096059936,4.142022425615983,2d:area×thick_range×rho,1인,,,niihau_1_1910_14745_14501.jpg
1_1910_14745_14501_108,S023,plastic_buoy,Plastic_Buoy_China,21.994071243843816,-160.10749881281495,385673.128440316,2432584.5751844654,3.0,1,0.11956879873574344,0.3744323730468838,0.0,0.03587063962072303,False,False,2.152238377243382,1.076119188621691,2.8696511696578426,2d:area×thick_range×rho,1인,,,niihau_1_1910_14745_14501.jpg
1_1910_14745_14501_109,S023,net,Net,21.994083666980984,-160.10756327979342,385666.4828844775,2432585.998624179,3.0,1,0.14493808706962258,0.38200996398926684,0.0,0.017392570448354707,False,False,2.608885567253206,1.0870356530221694,6.522213918133016,2d:area×thick_range×rho,1인,절단기,,niihau_1_1910_14745_14501.jpg
1_1910_15751_14036_116,S024,eps_fragment,Styrofoam_Piece,21.994149155703532,-160.10732896795588,385690.72550641076,2432593.0731544294,3.0,1,0.17347057873011457,0.4200195312500099,0.0,0.005204117361903437,False,False,0.10408234723806875,0.06938823149204583,0.34694115746022913,2d:area×thick_range×rho,1인,,,niihau_1_1910_15751_14036.jpg
1_1910_15751_14036_117,S024,eps_fragment,Styrofoam_Piece,21.99414997736774,-160.10733696045543,385689.9010268379,2432593.1700865203,3.0,1,0.28090830290765895,0.5412463378906378,0.0,0.008427249087229768,False,False,0.16854498174459537,0.11236332116306358,0.5618166058153179,2d:area×thick_range×rho,1인,,,niihau_1_1910_15751_14036.jpg
1_1910_15751_14036_118,S024,net,Net,21.99412299037863,-160.10729985633006,385693.70999567216,2432590.1548739853,3.0,1,0.2686959850192197,0.5452026367187629,0.0,0.032243518202306365,False,False,4.836527730345955,2.0152198876441476,12.091319325864887,2d:area×thick_range×rho,1인,절단기,,niihau_1_1910_15751_14036.jpg
1_1910_16352_13624_121,S024,net,Net,21.994200545323704,-160.1072619013821,385697.69057434466,2432598.711910413,3.0,1,0.1888481170177549,0.5131054687500121,0.0,0.022661774042130586,False,False,3.399266106319588,1.4163608776331618,8.49816526579897,2d:area×thick_range×rho,1인,절단기,,niihau_1_1910_16352_13624.jpg
1_1910_16352_13624_122,S024,net,Net,21.994156448194857,-160.10720161354226,385703.8792974921,2432593.785267965,3.0,1,0.12005194258690448,0.38758789062500915,0.0,0.014406233110428537,False,False,2.1609349665642807,0.9003895694017836,5.402337416410702,2d:area×thick_range×rho,1인,절단기,,niihau_1_1910_16352_13624.jpg
1_1910_16352_13624_123,S024,net,Net,21.994137460603525,-160.10718809270423,385705.2599618996,2432591.673221544,3.0,1,0.2963955182552478,0.5870410156250139,0.0,0.035567462190629735,False,False,5.335119328594461,2.2229663869143583,13.33779832148615,2d:area×thick_range×rho,1인,절단기,,niihau_1_1910_16352_13624.jpg
1_1910_16352_13624_124,S024,plastic_buoy,Plastic_Buoy,21.99417016664215,-160.10725961408636,385697.90236982366,2432595.347254427,3.0,1,0.10627644409761335,0.34189559936524244,0.0,0.031882933229284004,False,False,1.9129759937570403,0.9564879968785202,2.5506346583427204,2d:area×thick_range×rho,1인,,,niihau_1_1910_16352_13624.jpg
1_1910_16352_13624_125,S024,net,Net,21.994161134116702,-160.1072312983953,385700.81841660995,2432594.3261860623,3.0,1,0.2912925242722172,0.5461743164062629,0.0,0.03495510291266606,False,False,5.243265436899909,2.184693932041629,13.108163592249774,2d:area×thick_range×rho,1인,절단기,,niihau_1_1910_16352_13624.jpg
1_1910_16352_13624_126,S024,pet_bottle,PET_Bottle,21.99417585253767,-160.10727565426743,385696.2509533272,2432595.988674873,3.0,1,0.1715823401812545,0.44361450195313545,0.0,0.01029494041087527,False,False,0.3397330335588839,0.2831108612990699,0.5662217225981399,2d:area×thick_range×rho,1인,,,niihau_1_1910_16352_13624.jpg
1_1910_16352_13624_127,S024,plastic_buoy,Plastic_Buoy_China,21.994225956289277,-160.107221641976,385701.86727672495,2432601.4948414066,3.0,1,0.1241073069721519,0.40927124023438466,0.0,0.03723219209164557,False,False,2.2339315254987344,1.1169657627493672,2.9785753673316457,2d:area×thick_range×rho,1인,,,niihau_1_1910_16352_13624.jpg
1_1910_17447_12656_133,S025,rope,Rope,21.994366915843905,-160.1070135419911,385723.4642351534,2432616.9436947503,3.0,1,0.823900651359597,1.0096386718750239,0.0,0.02471701954078791,False,False,9.886807816315164,6.591205210876776,16.478013027191942,2d:area×thick_range×rho,1인,절단기,,niihau_1_1910_17447_12656.jpg
1_1910_18143_13151_137,S026,pet_bottle,PET_Bottle,21.994268646981848,-160.10683921965492,385741.3823633655,2432605.935014677,3.0,1,0.25534605735541593,0.5574462890625131,0.0,0.015320763441324955,False,False,0.5055851935637236,0.4213209946364363,0.8426419892728726,2d:area×thick_range×rho,1인,,,niihau_1_1910_18143_13151.jpg
1_1910_18143_13151_138,S026,plastic_other,Plastic_ETC,21.99423851224651,-160.10686869247724,385738.31548150646,2432602.621090205,3.0,1,1.4249723792061884,1.2301409912109667,0.0,0.04274917137618565,False,False,3.4199337100948517,2.2799558067299013,11.399779033649507,2d:area×thick_range×rho,1인,,,niihau_1_1910_18143_13151.jpg
1_1910_898_19874_141,S027,pet_bottle,PET_Bottle,21.99302859697965,-160.1102215325108,385391.19950591814,2432471.1907950398,3.0,1,0.14701322485358218,0.42188293457032244,0.0,0.00882079349121493,False,False,0.2910861852100927,0.2425718210084106,0.4851436420168212,2d:area×thick_range×rho,1인,,,niihau_1_1910_898_19874.jpg
1_1920_11836_5396_146,S028,pet_bottle,PET_Bottle,21.996039272422365,-160.06027216302766,390550.2479032893,2432767.888556084,3.0,1,0.17937724389728665,0.4938696289062698,0.0,0.010762634633837198,False,False,0.35516694291662754,0.29597245243052295,0.5919449048610459,2d:area×thick_range×rho,1인,,,niihau_1_1920_11836_5396.jpg
1_1920_11836_5396_147,S028,pet_bottle,PET_Bottle,21.996035807036233,-160.06026852283583,390550.62104486127,2432767.502334056,3.0,1,0.32712744266495875,0.5854614257812735,0.0,0.019627646559897523,False,False,0.6477123364766183,0.5397602803971819,1.0795205607943639,2d:area×thick_range×rho,1인,,,niihau_1_1920_11836_5396.jpg
1_1920_11836_5396_148,S028,pet_bottle,PET_Bottle,21.996028324391215,-160.06028239329547,390549.1833650649,2432766.6839337545,3.0,1,0.20225142605269086,0.6462881469726821,0.0,0.012135085563161452,False,False,0.4004578235843279,0.3337148529869399,0.6674297059738798,2d:area×thick_range×rho,1인,,,niihau_1_1920_11836_5396.jpg
1_1920_11836_5396_149,S028,pet_bottle,PET_Bottle,21.996040874824963,-160.06026915267287,390550.5599114247,2432768.0637872512,3.0,1,0.17576824291349866,0.5861994552612539,0.0,0.010546094574809919,False,False,0.34802112096872734,0.2900176008072728,0.5800352016145456,2d:area×thick_range×rho,1인,,,niihau_1_1920_11836_5396.jpg
1_1920_12055_5026_154,S028,pet_bottle,PET_Bottle,21.996071077804483,-160.06018813918962,390558.9466352884,2432771.3492745836,3.0,1,0.28794408277275485,0.6952563476562779,0.0,0.01727664496636529,False,False,0.5701292838900546,0.47510773657504557,0.9502154731500911,2d:area×thick_range×rho,1인,,,niihau_1_1920_12055_5026.jpg
1_1920_12055_5026_155,S028,eps_fragment,Styrofoam_Piece,21.99605245479666,-160.06024576908231,390552.98283743334,2432769.3289527246,3.0,1,0.732291434794723,0.9185107421875368,0.0,0.02196874304384169,False,False,0.4393748608768338,0.2929165739178892,1.464582869589446,2d:area×thick_range×rho,1인,,,niihau_1_1920_12055_5026.jpg
1_1920_12055_5026_156,S028,pet_bottle,PET_Bottle,21.996039499825724,-160.06027234474348,390550.2293180809,2432767.913859597,3.0,1,0.18851052612812838,0.512827758789083,0.0,0.011310631567687702,False,False,0.37325084173369416,0.31104236811141184,0.6220847362228237,2d:area×thick_range×rho,1인,,,niihau_1_1920_12055_5026.jpg
1_1920_12348_5674_158,S029,pet_bottle,PET_Bottle,21.995903322182237,-160.06014905408404,390562.85293265723,2432752.750818134,3.0,1,0.5480075304866276,0.746153564453155,0.0,0.03288045182919766,False,False,1.0850549103635228,0.9042124253029357,1.8084248506058713,2d:area×thick_range×rho,1인,,,niihau_1_1920_12348_5674.jpg
1_1920_12348_5674_159,S029,plastic_other,Plastic_ETC,21.99593537569423,-160.06018857402918,390558.7976215968,2432756.3274089824,3.0,1,0.5227963481784286,0.7288989257812792,0.0,0.015683890445352858,False,False,1.2547112356282286,0.8364741570854857,4.182370785427429,2d:area×thick_range×rho,1인,,,niihau_1_1920_12348_5674.jpg
1_1920_12348_5674_160,S029,net,Net,21.995893119694887,-160.0602133901603,390556.20326579764,2432751.6674420037,3.0,1,0.17615229440630895,0.5018011474609576,0.0,0.02113827532875707,False,False,3.1707412993135606,1.3211422080473172,7.926853248283902,2d:area×thick_range×rho,1인,절단기,,niihau_1_1920_12348_5674.jpg
1_1920_12348_5674_161,S029,pet_bottle,PET_Bottle,21.995879981455083,-160.0601509979859,390562.634342517,2432750.1683986713,3.0,1,0.17403190627099477,0.5073339843750203,0.0,0.010441914376259685,False,False,0.3445831744165696,0.2871526453471414,0.5743052906942828,2d:area×thick_range×rho,1인,,,niihau_1_1920_12348_5674.jpg
1_1920_12348_5674_162,S028,net,Net,21.99598448511919,-160.06015945707736,390561.84123623226,2432761.7429707837,3.0,1,0.16520599569567873,0.43759887695314253,0.0,0.019824719483481447,False,False,2.973707922522217,1.2390449677175905,7.434269806305543,2d:area×thick_range×rho,1인,절단기,,niihau_1_1920_12348_5674.jpg
1_1920_12524_6327_165,S029,eps_fragment,Styrofoam_Piece,21.99586233512571,-160.0601087164712,390566.9858047768,2432748.184703117,3.0,1,0.23179478064777326,0.5112207031250205,0.0,0.006953843419433198,False,False,0.13907686838866395,0.0927179122591093,0.4635895612955465,2d:area×thick_range×rho,1인,,,niihau_1_1920_12524_6327.jpg
1_1920_12524_6327_166,S029,net,Net,21.995811431971855,-160.06015909378144,390561.74596462667,2432742.585787537,3.0,1,0.18523002150060233,0.44150634765626773,0.0,0.022227602580072277,False,False,3.3341403870108417,1.3892251612545177,8.335350967527104,2d:area×thick_range×rho,1인,절단기,,niihau_1_1920_12524_6327.jpg
1_1920_12524_6327_167,S029,plastic_buoy,Plastic_Buoy,21.995806396138406,-160.06021308020192,390556.1687219501,2432742.066952563,3.0,1,0.2195245583719284,0.48272798538209943,0.0,0.06585736751157852,False,False,3.9514420506947108,1.9757210253473554,5.268589400926282,2d:area×thick_range×rho,1인,,,niihau_1_1920_12524_6327.jpg
1_1920_12577_5985_169,S029,pet_bottle,PET_Bottle,21.99590330170172,-160.06014893812437,390562.86488822615,2432752.748467975,3.0,1,0.4937234592512646,0.7198175048828414,0.0,0.029623407555075875,False,False,0.9775724493175039,0.8146437077645866,1.6292874155291732,2d:area×thick_range×rho,1인,,,niihau_1_1920_12577_5985.jpg
1_1920_12577_5985_170,S029,eps_fragment,Styrofoam_Piece,21.995862260006497,-160.06010870912579,390566.98650545813,2432748.17638219,3.0,1,0.23286077404620129,0.5056420898437702,0.0,0.006985823221386038,False,False,0.13971646442772076,0.09314430961848051,0.4657215480924026,2d:area×thick_range×rho,1인,,,niihau_1_1920_12577_5985.jpg
1_1920_12577_5985_171,S029,plastic_other,Plastic_ETC,21.995934931282697,-160.06018853077325,390558.801746201,2432756.278181827,3.0,1,0.4350918646373436,0.7407736206054985,0.0,0.013052755939120309,False,False,1.0442204751296247,0.6961469834197498,3.480734917098749,2d:area×thick_range×rho,1인,,,niihau_1_1920_12577_5985.jpg
1_1920_17450_3490_173,S030,eps_fragment,Styrofoam_Piece,21.996322407563106,-160.05918913467025,390662.27300471533,2432798.4568763366,3.0,1,0.4196401159286836,0.7008203125000281,0.0,0.012589203477860508,False,False,0.25178406955721017,0.16785604637147344,0.8392802318573672,2d:area×thick_range×rho,1인,,,niihau_1_1920_17450_3490.jpg
1_1920_18395_3804_177,S031,net,Net,21.996309507964373,-160.05904188618118,390677.46450413065,2432796.9236362292,3.0,1,0.1770207029700421,0.49520507812501985,0.0,0.02124248435640505,False,False,3.1863726534607575,1.3276552722753157,7.965931633651895,2d:area×thick_range×rho,1인,절단기,,niihau_1_1920_18395_3804.jpg
1_1920_18916_3934_180,S031,plastic_buoy,Plastic_Buoy,21.99625424119295,-160.0589132748003,390690.6995107548,2432790.713700623,3.0,1,0.2841527576625575,0.5549572753906472,0.0,0.08524582729876724,False,False,5.114749637926034,2.557374818963017,6.81966618390138,2d:area×thick_range×rho,1인,,,niihau_1_1920_18916_3934.jpg
1_1920_18916_3934_181,S031,plastic_buoy,Plastic_Buoy,21.99629742941665,-160.05892135892904,390689.89803350146,2432795.5003985865,3.0,1,0.13695888130665923,0.3965136718750159,0.0,0.04108766439199777,False,False,2.4652598635198664,1.2326299317599332,3.287013151359822,2d:area×thick_range×rho,1인,,,niihau_1_1920_18916_3934.jpg
1_1920_19509_3968_184,S031,eps_fragment,Styrofoam_Piece,21.996227820293843,-160.05880101755199,390702.26829046634,2432787.7086907383,3.0,1,0.2336161343068072,0.5120983886718955,0.0,0.007008484029204215,False,False,0.1401696805840843,0.09344645372272288,0.4672322686136144,2d:area×thick_range×rho,1인,,,niihau_1_1920_19509_3968.jpg
1_1920_19509_3968_185,S031,plastic_buoy,Plastic_Buoy,21.996249219336026,-160.05879943246268,390702.4483271278,2432790.0764238704,3.0,1,0.18160512030126122,0.449133300781268,0.0,0.05448153609037836,False,False,3.268892165422702,1.634446082711351,4.3585228872302695,2d:area×thick_range×rho,1인,,,niihau_1_1920_19509_3968.jpg
1_1920_9486_5165_189,S032,plastic_other,Plastic_ETC,21.996056476513566,-160.06073216205252,390502.7724118484,2432770.122296976,3.0,1,0.30300955883415986,0.5664001464843977,0.0,0.009090286765024795,False,False,0.7272229412019836,0.48481529413465574,2.424076470673279,2d:area×thick_range×rho,1인,,,niihau_1_1920_9486_5165.jpg
1_1920_9486_5165_190,S032,plastic_other,Plastic_ETC,21.99598300813675,-160.06074133020695,390501.769522818,2432761.995935709,3.0,1,0.6336806322098286,0.8836596679687855,0.0,0.019010418966294858,False,False,1.5208335173035885,1.0138890115357257,5.069445057678629,2d:area×thick_range×rho,1인,,,niihau_1_1920_9486_5165.jpg
1_1920_9486_5165_191,S032,plastic_other,Plastic_ETC,21.99598984095595,-160.06069617426462,390506.43651249225,2432762.7199986987,3.0,1,0.2248883384347142,0.5234478759765835,0.0,0.006746650153041426,False,False,0.539732012243314,0.3598213414955427,1.7991067074777136,2d:area×thick_range×rho,1인,,,niihau_1_1920_9486_5165.jpg
1_1920_9630_4848_194,S032,plastic_other,Plastic_ETC,21.996056464908524,-160.06073204253747,390502.7847412583,2432770.120926738,3.0,1,0.29175536247345163,0.5431732177734593,0.0,0.008752660874203549,False,False,0.700212869936284,0.4668085799575227,2.334042899787613,2d:area×thick_range×rho,1인,,,niihau_1_1920_9630_4848.jpg
1_1951_5083_4810_195,S033,eps_fragment,Styrofoam_Piece,21.997393990423532,-160.10460296086103,385974.7498289028,2432950.2442919114,3.0,1,0.17724659470618606,0.42926696777344764,0.0,0.005317397841185582,False,False,0.10634795682371163,0.07089863788247443,0.3544931894123721,2d:area×thick_range×rho,1인,,,niihau_1_1951_5083_4810.jpg
1_1951_5083_4810_196,S033,plastic_buoy,Plastic_Buoy_China,21.9973995782074,-160.10469911217726,385964.8279590121,2432950.9345566593,3.0,1,0.32605464841724985,0.5927003479004046,0.0,0.09781639452517495,False,False,5.868983671510497,2.9344918357552485,7.825311562013997,2d:area×thick_range×rho,1인,,,niihau_1_1951_5083_4810.jpg
1_1951_5083_4810_197,S033,eps_fragment,Styrofoam_Piece,21.99732842674635,-160.10463085118357,385971.8181069972,2432943.007132215,3.0,1,0.21036455976964039,0.5810595703125138,0.0,0.006310936793089211,False,False,0.12621873586178423,0.08414582390785616,0.4207291195392808,2d:area×thick_range×rho,1인,,,niihau_1_1951_5083_4810.jpg
1_1951_5112_3882_200,S033,eps_fragment,Styrofoam_Piece,21.99748909054959,-160.10467920665747,385966.9545074493,2432960.82880655,3.0,1,0.3338763709366479,0.5951232910156391,0.0,0.010016291128099437,False,False,0.20032582256198875,0.13355054837465916,0.6677527418732958,2d:area×thick_range×rho,1인,,,niihau_1_1951_5112_3882.jpg
1_1951_5112_3882_201,S033,pet_bottle,PET_Bottle,21.997536954901367,-160.10459527496306,385975.6575940016,2432966.064850339,3.0,1,0.24123178938032336,0.5898559570312639,0.0,0.0144739073628194,False,False,0.4776389429730402,0.39803245247753355,0.7960649049550671,2d:area×thick_range×rho,1인,,,niihau_1_1951_5112_3882.jpg
1_1951_5112_3882_202,S033,pet_bottle,PET_Bottle,21.99754122864395,-160.1046445235054,385970.57676266856,2432966.5746771186,3.0,1,0.18499766780138888,0.5537573242187631,0.0,0.011099860068083332,False,False,0.36629538224674996,0.30524615187229165,0.6104923037445833,2d:area×thick_range×rho,1인,,,niihau_1_1951_5112_3882.jpg
1_1951_8691_8160_205,S034,pet_bottle,PET_Bottle,21.99674939681625,-160.10396637383909,386039.9538758238,2432878.4127528863,3.0,1,0.3070494842648651,0.6333276367187649,0.0,0.018422969055891907,False,False,0.6079579788444329,0.5066316490370274,1.0132632980740548,2d:area×thick_range×rho,1인,,,niihau_1_1951_8691_8160.jpg
1_1951_8691_8160_206,S034,pet_bottle,PET_Bottle,21.996763645979904,-160.10396005283962,386040.61782252067,2432879.9854369937,3.0,1,0.2240791267812358,0.5042651367187619,0.0,0.013444747606874146,False,False,0.4436766710268468,0.3697305591890391,0.7394611183780782,2d:area×thick_range×rho,1인,,,niihau_1_1951_8691_8160.jpg
1_1951_8691_8160_207,S034,pet_bottle,PET_Bottle,21.996755021426885,-160.10397459201786,386039.10994922393,2432879.0415256238,3.0,1,0.22746207704545143,0.4988085937500118,0.0,0.013647724622727085,False,False,0.4503749125499938,0.3753124271249949,0.7506248542499898,2d:area×thick_range×rho,1인,,,niihau_1_1951_8691_8160.jpg
1_1951_8691_8160_208,S034,plastic_buoy,Plastic_Buoy,21.996827270168644,-160.10395162951912,386041.5382573079,2432887.0224104794,3.0,1,0.13826888342500385,0.3925784301757905,0.0,0.041480665027501154,False,False,2.4888399016500693,1.2444199508250346,3.318453202200092,2d:area×thick_range×rho,1인,,,niihau_1_1951_8691_8160.jpg
1_1951_8691_8160_209,S034,pet_bottle,PET_Bottle,21.996770859443306,-160.10392137884634,386044.616175557,2432880.755156426,3.0,1,0.18932231944800318,0.5546557617187631,0.0,0.01135933916688019,False,False,0.3748581925070463,0.31238182708920526,0.6247636541784105,2d:area×thick_range×rho,1인,,,niihau_1_1951_8691_8160.jpg
1_1951_8691_8160_210,S034,eps_fragment,Styrofoam_Piece,21.996775661862095,-160.1039175418429,386045.01613353926,2432881.283929142,3.0,1,0.2229557738453255,0.4963256835937617,0.0,0.006688673215359765,False,False,0.1337734643071953,0.08918230953813021,0.44591154769065106,2d:area×thick_range×rho,1인,,,niihau_1_1951_8691_8160.jpg
1_1953_13474_1562_216,S035,plastic_buoy,Plastic_Buoy_China,22.00103027292708,-160.0934465692771,387129.37454293953,2433344.506805799,3.0,1,0.2549887430258069,0.5140502929687474,0.0,0.07649662290774206,False,False,4.589797374464524,2.294898687232262,6.119729832619365,2d:area×thick_range×rho,1인,,,niihau_1_1953_13474_1562.jpg
1_1953_2389_10013_218,S036,plastic_other,Plastic_ETC,21.99943191422401,-160.09562815629153,386902.89350588876,2433169.179416015,3.0,1,0.22553980660438303,0.5205566406249973,0.0,0.006766194198131491,False,False,0.5412955358505193,0.36086369056701284,1.8043184528350642,2d:area×thick_range×rho,1인,,,niihau_1_1953_2389_10013.jpg
1_1953_2389_10013_219,S036,plastic_other,Plastic_ETC,21.99944274054741,-160.0956216923421,386903.5693971662,2433170.3731162613,3.0,1,0.43723972330092925,0.7457128906249961,0.0,0.013117191699027878,False,False,1.0493753359222302,0.6995835572814868,3.497917786407434,2d:area×thick_range×rho,1인,,,niihau_1_1953_2389_10013.jpg
1_1953_2389_10013_220,S036,net,Net,21.999412021112065,-160.09556573535593,386909.3217508832,2433166.931071959,3.0,1,0.2157442246675469,0.4878051757812475,0.0,0.025889306960105624,False,False,3.8833960440158437,1.6180816850066018,9.708490110039609,2d:area×thick_range×rho,1인,절단기,,niihau_1_1953_2389_10013.jpg
1_1956_-34_13892_221,S037,plastic_buoy,Plastic_Buoy_China,21.99801196500429,-160.08175348082005,388334.130401832,2433001.7942377455,3.0,1,0.22604828471020932,0.4868493652343865,0.0,0.0678144854130628,False,False,4.068869124783768,2.034434562391884,5.425158833045025,2d:area×thick_range×rho,1인,,,niihau_1_1956_-34_13892.jpg
1_1956_-34_13892_222,S037,net,Net,21.998036933262103,-160.0816917317532,388340.5246526707,2433004.5131437606,3.0,1,0.18337766187191873,0.45214111328126066,0.0,0.022005319424630247,False,False,3.300797913694537,1.3753324640393907,8.251994784236341,2d:area×thick_range×rho,1인,절단기,,niihau_1_1956_-34_13892.jpg
1_1956_-34_13892_223,S037,plastic_other,Plastic_ETC,21.9980379510903,-160.08170797094525,388338.84898697666,2433004.637674431,3.0,1,0.21283659512848666,0.4625286865234484,0.0,0.006385097853854599,False,False,0.5108078283083679,0.34053855220557866,1.7026927610278932,2d:area×thick_range×rho,1인,,,niihau_1_1956_-34_13892.jpg
1_1956_-34_13892_224,S037,net,Net,21.998014680420315,-160.08171123581096,388338.4937171161,2433002.0639894046,3.0,1,0.17653545123339534,0.44672363281251054,0.0,0.02118425414800744,False,False,3.177638122201116,1.3240158842504652,7.94409530550279,2d:area×thick_range×rho,1인,절단기,,niihau_1_1956_-34_13892.jpg
1_1956_-34_13892_225,S037,plastic_other,Plastic_ETC,21.998000914218824,-160.08173355329072,388336.17898021836,2433000.5563626853,3.0,1,0.32664789971710795,0.6039587402343892,0.0,0.009799436991513238,False,False,0.7839549593210591,0.5226366395473727,2.6131831977368636,2d:area×thick_range×rho,1인,,,niihau_1_1956_-34_13892.jpg
1_1956_10458_11579_226,S038,plastic_other,Plastic_ETC,21.998432672203695,-160.07970021514205,388546.42926391965,2433046.8687908067,3.0,1,0.7552626708984732,1.0275000000000243,0.0,0.022657880126954195,False,False,1.8126304101563355,1.2084202734375573,6.042101367187787,2d:area×thick_range×rho,1인,,,niihau_1_1956_10458_11579.jpg
1_1956_366_13563_228,S037,net,Net,21.998036855795753,-160.08169170388967,388340.52746852685,2433004.5045478735,3.0,1,0.20510990059376732,0.4820507812500114,0.0,0.02461318807125208,False,False,3.691978210687812,1.538324254453255,9.22994552671953,2d:area×thick_range×rho,1인,절단기,,niihau_1_1956_366_13563.jpg
1_1956_366_13563_229,S037,net,Net,21.998060869252004,-160.08165623977956,388344.207427014,2433007.1369502638,3.0,1,0.16077440738082693,0.40306274414063453,0.0,0.01929292888569923,False,False,2.8939393328548846,1.205808055356202,7.2348483321372115,2d:area×thick_range×rho,1인,절단기,,niihau_1_1956_366_13563.jpg
1_1956_366_13563_230,S037,net,Net,21.99801480006819,-160.08171111988182,388338.50577881,2433002.0771498093,3.0,1,0.18385694453121101,0.42965820312501013,0.0,0.02206283334374532,False,False,3.3094250015617983,1.3789270839840826,8.273562503904495,2d:area×thick_range×rho,1인,절단기,,niihau_1_1956_366_13563.jpg
1_1956_366_13563_231,S037,plastic_other,Plastic_ETC,21.998038022832976,-160.0817079688052,388338.84926407656,2433004.6456148,3.0,1,0.22425960068778264,0.47501220703126124,0.0,0.006727788020633479,False,False,0.5382230416506782,0.3588153611004522,1.7940768055022613,2d:area×thick_range×rho,1인,,,niihau_1_1956_366_13563.jpg
1_1956_366_13563_232,S037,plastic_buoy,Plastic_Buoy_China,21.998023378322138,-160.08162397331887,388347.5091227798,2433002.9631375885,3.0,1,0.06463992268741436,0.26414306640625623,0.0,0.019391976806224308,False,False,1.1635186083734586,0.5817593041867293,1.551358144497945,2d:area×thick_range×rho,1인,,,niihau_1_1956_366_13563.jpg
1_1957_13002_13336_240,S039,plastic_other,Plastic_ETC,21.99882243952834,-160.07443118595862,389090.681612985,2433086.18537715,3.0,1,0.9866782115459908,1.0689135742187752,0.0,0.029600346346379723,False,False,2.368027707710378,1.5786851384735854,7.893425692367927,2d:area×thick_range×rho,1인,,,niihau_1_1957_13002_13336.jpg
1_1957_13002_13336_241,S039,plastic_other,Plastic_ETC,21.998791912442677,-160.07445723506686,389087.9686960609,2433082.8249191605,3.0,1,2.7243253130481935,2.8288928222656917,0.0,0.0817297593914458,False,False,6.538380751315664,4.35892050087711,21.79460250438555,2d:area×thick_range×rho,1인,,,niihau_1_1957_13002_13336.jpg
1_1957_20869_10324_249,S040,pet_bottle,PET_Bottle,21.999377218624783,-160.07291121043372,389248.0268634852,2433146.4978568926,3.0,1,0.4479806055784437,0.7433886718750176,0.0,0.026878836334706623,False,False,0.8870015990453186,0.7391679992044322,1.4783359984088644,2d:area×thick_range×rho,1인,,,niihau_1_1957_20869_10324.jpg
1_1958_1457_10776_250,S041,pet_bottle,PET_Bottle,21.99950931475433,-160.0718339036198,389359.3444617056,2433160.341064959,3.0,1,0.40896715842189335,0.7883300781250187,0.0,0.0245380295053136,False,False,0.8097549736753488,0.6747958113961241,1.3495916227922482,2d:area×thick_range×rho,1인,,,niihau_1_1958_1457_10776.jpg
1_1958_1457_10776_251,S041,pet_bottle,PET_Bottle,21.999495939267568,-160.07186112104083,389356.5243133055,2433158.8800909296,3.0,1,0.24952968978883014,0.5118750000000121,0.0,0.014971781387329807,False,False,0.4940687857818836,0.41172398815156974,0.8234479763031395,2d:area×thick_range×rho,1인,,,niihau_1_1958_1457_10776.jpg
1_1958_1457_10776_252,S041,pet_bottle,PET_Bottle,21.999461855144663,-160.0718918917063,389353.321280299,2433155.129242218,3.0,1,0.29804935547114825,0.7708935546875182,0.0,0.017882961328268894,False,False,0.5901377238328736,0.49178143652739464,0.9835628730547893,2d:area×thick_range×rho,1인,,,niihau_1_1958_1457_10776.jpg
1_1958_4255_8461_253,S042,plastic_buoy,Plastic_Buoy_China,21.999937490453828,-160.07132621108707,389412.0877729928,2433207.372876762,3.0,1,0.2016690127730465,0.4937219238281367,0.0,0.06050070383191394,False,False,3.6300422299148365,1.8150211149574182,4.840056306553117,2d:area×thick_range×rho,1인,,,niihau_1_1958_4255_8461.jpg
1_1958_4255_8461_254,S042,pet_bottle,PET_Bottle,21.99991475197194,-160.07135508018797,389409.08986759075,2433204.876604777,3.0,1,0.3616696286201648,0.6036669921875143,0.0,0.021700177717209886,False,False,0.7161058646679263,0.5967548872232719,1.1935097744465437,2d:area×thick_range×rho,1인,,,niihau_1_1958_4255_8461.jpg
1_1958_4255_8461_255,S042,plastic_other,Plastic_ETC,21.999886477246424,-160.0713515540348,389409.43195935246,2433201.7440426606,3.0,1,0.4983969401598212,0.7362939453125174,0.0,0.014951908204794636,False,False,1.196152656383571,0.797435104255714,3.98717552127857,2d:area×thick_range×rho,1인,,,niihau_1_1958_4255_8461.jpg
1_1958_4394_8835_258,S042,plastic_other,Plastic_ETC,21.999841034520525,-160.07128110798052,389416.669148642,2433196.6625884674,3.0,1,0.8448452138066691,0.9463360595703348,0.0,0.025345356414200073,False,False,2.0276285131360057,1.3517523420906705,6.758761710453354,2d:area×thick_range×rho,1인,,,niihau_1_1958_4394_8835.jpg
1_1958_4394_8835_259,S042,plastic_buoy,Plastic_Buoy,21.999816351248434,-160.07132508974544,389412.109592471,2433193.9619563837,3.0,1,0.27035472840072,0.5277099609375124,0.0,0.081106418520216,False,False,4.86638511121296,2.43319255560648,6.4885134816172805,2d:area×thick_range×rho,1인,,,niihau_1_1958_4394_8835.jpg
1_1958_4394_8835_260,S042,eps_fragment,Styrofoam_Piece,21.99977780044234,-160.07128123572,389416.60692695837,2433189.6626688233,3.0,1,0.22781402499676828,0.5022802734375119,0.0,0.006834420749903048,False,False,0.13668841499806098,0.09112560999870732,0.4556280499935366,2d:area×thick_range×rho,1인,,,niihau_1_1958_4394_8835.jpg
1_1959_10818_13285_264,S043,plastic_buoy,Plastic_Buoy_China,21.99910716293139,-160.06528215553786,390035.39885996573,2433111.097145399,3.0,1,0.23465849862625998,0.5288035202026492,0.0,0.07039754958787799,False,False,4.2238529752726794,2.1119264876363397,5.6318039670302396,2d:area×thick_range×rho,1인,,,niihau_1_1959_10818_13285.jpg
1_1959_12065_12591_266,S044,pet_bottle,PET_Bottle,21.999229005447468,-160.0651120152903,390053.0571238114,2433124.462756128,3.0,1,0.2573007711241609,0.6926119995117351,0.0,0.015438046267449653,False,False,0.5094555268258385,0.4245462723548655,0.849092544709731,2d:area×thick_range×rho,1인,,,niihau_1_1959_12065_12591.jpg
1_1959_12103_12073_271,S044,plastic_other,Plastic_ETC,21.99927151214822,-160.06504481213585,390060.02756474493,2433129.119925108,3.0,1,0.837146059763471,0.9496057128906474,0.0,0.02511438179290413,False,False,2.0091505434323302,1.3394336956215536,6.697168478107769,2d:area×thick_range×rho,1인,,,niihau_1_1959_12103_12073.jpg
1_1959_12169_12904_273,S044,pet_bottle,PET_Bottle,21.999154604056965,-160.06499309082565,390065.27685621474,2433116.1410376187,3.0,1,0.30600628245474354,0.5714306640625135,0.0,0.018360376947284613,False,False,0.6058924392603923,0.5049103660503268,1.0098207321006536,2d:area×thick_range×rho,1인,,,niihau_1_1959_12169_12904.jpg
1_1959_13116_13200_278,S045,plastic_other,Plastic_ETC,21.99906997801458,-160.0648464593396,390080.3490388979,2433106.667546519,3.0,1,0.7757727564275632,1.0935815429687759,0.0,0.023273182692826893,False,False,1.8618546154261515,1.2412364102841011,6.206182051420505,2d:area×thick_range×rho,1인,,,niihau_1_1959_13116_13200.jpg
1_1959_13212_12798_280,S045,plastic_other,Plastic_ETC,21.999142398003055,-160.0648603716599,390078.9686277807,2433114.69442595,3.0,1,0.7017210816979739,0.8845532226562709,0.0,0.021051632450939214,False,False,1.6841305960751372,1.122753730716758,5.613768653583792,2d:area×thick_range×rho,1인,,,niihau_1_1959_13212_12798.jpg
1_1959_13670_13809_287,S046,plastic_buoy,Plastic_Buoy_China,21.998946024682972,-160.06469038742077,390096.36551014805,2433092.833762592,3.0,1,0.3412938811928195,0.6061987304687643,0.0,0.10238816435784585,False,False,6.143289861470751,3.0716449307353755,8.191053148627669,2d:area×thick_range×rho,1인,,,niihau_1_1959_13670_13809.jpg
1_1959_13670_13809_288,S046,plastic_buoy,Plastic_Buoy_China,21.998997804817954,-160.06471682561755,390093.676080766,2433098.5848144293,3.0,1,0.2553611911296965,0.5731787109375135,0.0,0.07660835733890896,False,False,4.596501440334538,2.298250720167269,6.128668587112717,2d:area×thick_range×rho,1인,,,niihau_1_1959_13670_13809.jpg
1_1959_13670_13809_289,S046,plastic_buoy,Plastic_Buoy_China,21.998947530660725,-160.06470315026385,390095.0491047928,2433093.009646424,3.0,1,0.2236492224037753,0.47820800781251127,0.0,0.06709476672113258,False,False,4.025686003267955,2.0128430016339776,5.367581337690607,2d:area×thick_range×rho,1인,,,niihau_1_1959_13670_13809.jpg
1_1959_13670_13809_290,S046,pet_bottle,PET_Bottle,21.99896418704694,-160.06473981786516,390091.2765794473,2433094.879858063,3.0,1,0.2322879712939372,0.7427441406250176,0.0,0.01393727827763623,False,False,0.45993018316199563,0.3832751526349964,0.7665503052699928,2d:area×thick_range×rho,1인,,,niihau_1_1959_13670_13809.jpg
1_1959_14804_13236_293,S046,plastic_buoy,Plastic_Buoy_China,21.99902677312861,-160.0645565117073,390110.24832514167,2433101.6763929753,3.0,1,0.12351748576462852,0.35912719726563347,0.0,0.03705524572938856,False,False,2.2233147437633134,1.1116573718816567,2.9644196583510847,2d:area×thick_range×rho,1인,,,niihau_1_1959_14804_13236.jpg
1_1959_14804_13236_294,S046,plastic_buoy,Plastic_Buoy_China,21.999039166521616,-160.06456184228045,390109.7075761078,2433103.052169682,3.0,1,0.29323820279540014,0.5598376464843883,0.0,0.08797146083862004,False,False,5.2782876503172025,2.6391438251586012,7.037716867089604,2d:area×thick_range×rho,1인,,,niihau_1_1959_14804_13236.jpg
1_1959_14804_13236_295,S046,plastic_buoy,Plastic_Buoy_China,21.999071424389925,-160.0645509775827,390110.8540433657,2433106.6153022805,3.0,1,0.263832617913199,0.5281268310546999,0.0,0.0791497853739597,False,False,4.7489871224375815,2.3744935612187907,6.331982829916777,2d:area×thick_range×rho,1인,,,niihau_1_1959_14804_13236.jpg
1_1959_14804_13236_296,S047,pet_bottle,PET_Bottle,21.999059058049813,-160.0645274227127,390113.27618812834,2433105.2294248664,3.0,1,0.15137159911394835,0.41616699218750985,0.0,0.009082295946836901,False,False,0.29971576624561774,0.2497631385380148,0.4995262770760296,2d:area×thick_range×rho,1인,,,niihau_1_1959_14804_13236.jpg
1_1959_14804_13236_297,S047,net,Net,21.999057123035637,-160.06453134398558,390112.86988676,2433105.0180368726,3.0,1,0.194820130723724,0.46040771484376086,0.0,0.02337841568684688,False,False,3.506762353027032,1.4611509804279301,8.76690588256758,2d:area×thick_range×rho,1인,절단기,,niihau_1_1959_14804_13236.jpg
1_1959_14804_13236_298,S047,net,Net,21.999049485789286,-160.0644818614259,390117.97230623034,2433104.137039347,3.0,1,0.20020106713772765,0.4562695312500108,0.0,0.024024128056527316,False,False,3.6036192084790972,1.5015080035329575,9.009048021197744,2d:area×thick_range×rho,1인,절단기,,niihau_1_1959_14804_13236.jpg
1_1959_15459_14395_302,S048,plastic_other,Plastic_ETC,21.99890674703025,-160.06433947165448,390132.5618691721,2433088.233581766,3.0,1,1.1056013981958441,1.0646997070312751,0.0,0.033168041945875325,False,False,2.653443355670026,1.7689622371133507,8.844811185566753,2d:area×thick_range×rho,1인,,,niihau_1_1959_15459_14395.jpg
1_1959_2045_5602_303,S049,plastic_buoy,Plastic_Buoy,22.00044953959359,-160.06703170549562,389855.82186544925,2433260.957179526,3.0,1,0.12875037668273462,0.3639831542968836,0.0,0.03862511300482038,False,False,2.317506780289223,1.1587533901446114,3.090009040385631,2d:area×thick_range×rho,1인,,,niihau_1_1959_2045_5602.jpg
1_1959_3885_8205_305,S050,plastic_buoy,Plastic_Buoy,21.99994105020446,-160.06669784381037,389889.89494444465,2433204.427024868,3.0,1,0.15341144776084253,0.39254638671875924,0.0,0.04602343432825276,False,False,2.7614060596951657,1.3807030298475829,3.681874746260221,2d:area×thick_range×rho,1인,,,niihau_1_1959_3885_8205.jpg
1_1959_3885_8205_306,S050,pet_bottle,PET_Bottle,21.99992009521776,-160.06658994760255,389901.01730634854,2433202.029623164,3.0,1,0.6314502392649949,0.8307568359375196,0.0,0.03788701435589969,False,False,1.2502714737446896,1.0418928947872417,2.0837857895744833,2d:area×thick_range×rho,1인,,,niihau_1_1959_3885_8205.jpg
1_1959_4396_6847_309,S051,pet_bottle,PET_Bottle,22.000150668962462,-160.06649497804273,389910.9993803135,2433227.4857336134,3.0,1,0.1380752531886166,0.46416992187501094,0.0,0.008284515191316996,False,False,0.2733890013134609,0.2278241677612174,0.4556483355224348,2d:area×thick_range×rho,1인,,,niihau_1_1959_4396_6847.jpg
1_1959_4396_6847_310,S051,net,Net,22.0001545868272,-160.06655378440018,389904.9316078198,2433227.9617780354,3.0,1,0.1916952473402114,0.44259765625001046,0.0,0.023003429680825367,False,False,3.450514452123805,1.4377143550515856,8.626286130309513,2d:area×thick_range×rho,1인,절단기,,niihau_1_1959_4396_6847.jpg
1_1959_4679_7175_315,S051,plastic_buoy,Plastic_Buoy_China,22.000130848085814,-160.06651393791796,389909.02678064606,2433225.3052148814,3.0,1,0.3127647343754916,0.5696923828125134,0.0,0.09382942031264749,False,False,5.629765218758849,2.8148826093794246,7.5063536250117995,2d:area×thick_range×rho,1인,,,niihau_1_1959_4679_7175.jpg
1_1959_4679_7175_316,S051,eps_buoy,Styrofoam_Buoy,22.000149100968404,-160.06644351794807,389916.31058523257,2433227.275110398,3.0,1,0.7618101562142732,0.9383935546875222,0.0,0.2666335546749956,False,False,6.66583886687489,2.856788085803524,7.618101562142732,2d:area×thick_range×rho,1인,,,niihau_1_1959_4679_7175.jpg
1_1959_4679_7175_317,S051,net,Net,22.000116424226402,-160.06646656295166,389913.90633904154,2433223.674389288,3.0,1,0.23730410581828285,0.5246667480468874,0.0,0.02847649269819394,False,False,4.271473904729091,1.7797807936371215,10.678684761822728,2d:area×thick_range×rho,1인,절단기,,niihau_1_1959_4679_7175.jpg
1_1959_4679_7175_318,S051,eps_fragment,Styrofoam_Piece,22.000107793423822,-160.06649475615157,389910.9891874452,2433222.7392572165,3.0,1,0.2533795403331638,0.505665283203137,0.0,0.007601386209994914,False,False,0.15202772419989827,0.10135181613326551,0.5067590806663276,2d:area×thick_range×rho,1인,,,niihau_1_1959_4679_7175.jpg
1_1959_4679_7175_319,S051,pet_bottle,PET_Bottle,22.000149092387613,-160.06649518691293,389910.97660076927,2433227.3113573487,3.0,1,0.3504045116424726,0.6678906250000157,0.0,0.021024270698548356,False,False,0.6938009330520958,0.5781674442100798,1.1563348884201596,2d:area×thick_range×rho,1인,,,niihau_1_1959_4679_7175.jpg
1_1959_4679_7175_320,S051,plastic_other,Plastic_ETC,22.00014322890967,-160.06650601976088,389909.85375930584,2433226.6700699567,3.0,1,4.189258718276222,4.036894531250096,0.0,0.12567776154828667,False,False,10.054220923862934,6.702813949241956,33.51406974620978,2d:area×thick_range×rho,2인,,,niihau_1_1959_4679_7175.jpg
1_1959_4679_7175_321,S051,net,Net,22.000112385536006,-160.0664750748959,389913.02450166456,2433223.233434588,3.0,1,0.19734125423432328,0.4850634765625115,0.0,0.023680950508118793,False,False,3.5521425762178187,1.4800594067574246,8.880356440544547,2d:area×thick_range×rho,1인,절단기,,niihau_1_1959_4679_7175.jpg
1_1959_4705_7544_327,S051,net,Net,22.00011633932043,-160.0664666983476,389913.8922960693,2433223.6650876803,3.0,1,0.22889763067663796,0.4997363281250118,0.0,0.027467715681196554,False,False,4.120157352179483,1.716732230074785,10.300393380448707,2d:area×thick_range×rho,1인,절단기,,niihau_1_1959_4705_7544.jpg
1_1959_4705_7544_328,S051,eps_fragment,Styrofoam_Piece,22.00010780039911,-160.06649489509618,389910.9748490604,2433222.740129409,3.0,1,0.268428136065615,0.5266284179687625,0.0,0.00805284408196845,False,False,0.161056881639369,0.10737125442624601,0.53685627213123,2d:area×thick_range×rho,1인,,,niihau_1_1959_4705_7544.jpg
1_1959_4705_7544_329,S051,plastic_buoy,Plastic_Buoy_China,22.00013080174115,-160.06651402433778,389909.01782342995,2433225.3001467497,3.0,1,0.3034577054228777,0.552043457031263,0.0,0.09103731162686331,False,False,5.462238697611799,2.7311193488058993,7.282984930149065,2d:area×thick_range×rho,1인,,,niihau_1_1959_4705_7544.jpg
1_1959_4705_7544_330,S051,pet_bottle,PET_Bottle,22.00013507619085,-160.0664892290927,389911.58082821034,2433225.7554769893,3.0,1,0.6106914019257119,0.8640924072265829,0.0,0.036641484115542716,False,False,1.2091689758129096,1.0076408131774248,2.0152816263548496,2d:area×thick_range×rho,1인,,,niihau_1_1959_4705_7544.jpg
1_1959_4705_7544_331,S051,net,Net,22.000112369806462,-160.0664751595729,389913.01574800286,2433223.23175429,3.0,1,0.22405754715801343,0.5003869628906368,0.0,0.02688690565896161,False,False,4.033035848844242,1.6804316036851008,10.082589622110605,2d:area×thick_range×rho,1인,절단기,,niihau_1_1959_4705_7544.jpg
1_1959_5269_8506_333,S052,eps_fragment,Styrofoam_Piece,21.999961598466587,-160.06638125071277,389922.5939272632,2433206.4737839135,3.0,1,0.3050388184670503,0.5769360351562636,0.0,0.009151164554011508,False,False,0.18302329108023016,0.1220155273868201,0.6100776369341006,2d:area×thick_range×rho,1인,,,niihau_1_1959_5269_8506.jpg
1_1959_5269_8506_334,S052,eps_fragment,Styrofoam_Piece,21.99994268125449,-160.0663133229633,389929.59176712646,2433204.3307553614,3.0,1,0.15175812266171695,0.5192797851562623,0.0,0.004552743679851508,False,False,0.09105487359703016,0.060703249064686784,0.3035162453234339,2d:area×thick_range×rho,1인,,,niihau_1_1959_5269_8506.jpg
1_1959_5476_8059_339,S052,eps_fragment,Styrofoam_Piece,21.999961697755417,-160.06638120051718,389922.59918578714,2433206.4847390405,3.0,1,0.3116763934968187,0.5724346160888807,0.0,0.00935029180490456,False,False,0.18700583609809118,0.12467055739872748,0.6233527869936374,2d:area×thick_range×rho,1인,,,niihau_1_1959_5476_8059.jpg
1_1959_5476_8059_340,S053,eps_fragment,Styrofoam_Piece,21.999972007878856,-160.06637970444143,389922.76158980775,2433207.624991398,3.0,1,0.20536446693317073,0.46841186523438605,0.0,0.006160934007995122,False,False,0.12321868015990244,0.08214578677326831,0.41072893386634146,2d:area×thick_range×rho,1인,,,niihau_1_1959_5476_8059.jpg
1_1959_5476_8059_341,S052,pet_bottle,PET_Bottle,21.99994217117277,-160.06631156247443,389929.77311543596,2433204.2730221916,3.0,1,0.4247595754027567,0.6831860351562661,0.0,0.025485574524165402,False,False,0.8410239592974583,0.7008532994145487,1.4017065988290973,2d:area×thick_range×rho,1인,,,niihau_1_1959_5476_8059.jpg
1_1959_5711_8533_344,S052,net,Net,21.999853361778687,-160.06622947240993,389938.1790452553,2433194.382748754,3.0,1,0.23707669855357336,0.48915527343751153,0.0,0.028449203826428803,False,False,4.267380573964321,1.7780752391518004,10.668451434910802,2d:area×thick_range×rho,1인,절단기,,niihau_1_1959_5711_8533.jpg
1_1959_5711_8533_345,S052,pet_bottle,PET_Bottle,21.999953956971726,-160.0662488625757,389936.25496273726,2433205.5325787864,3.0,1,0.3240677985258553,0.6817456054687661,0.0,0.01944406791155132,False,False,0.6416542410811935,0.5347118675676613,1.0694237351353226,2d:area×thick_range×rho,1인,,,niihau_1_1959_5711_8533.jpg
1_1959_5711_8533_346,S052,pet_bottle,PET_Bottle,21.99991588359231,-160.06631153881747,389929.7552675363,2433201.362973558,3.0,1,0.3046619848281289,0.7613482666015805,0.0,0.018279719089687733,False,False,0.6032307299596952,0.5026922749664127,1.0053845499328253,2d:area×thick_range×rho,1인,,,niihau_1_1959_5711_8533.jpg
1_1959_5711_8533_347,S052,eps_fragment,Styrofoam_Piece,21.99992810517882,-160.06624469080413,389936.6656781753,2433202.667786207,3.0,1,0.1202565032005367,0.380839843750009,0.0,0.0036076950960161006,False,False,0.072153901920322,0.04810260128021468,0.2405130064010734,2d:area×thick_range×rho,1인,,,niihau_1_1959_5711_8533.jpg
1_1959_5711_8533_348,S052,pet_bottle,PET_Bottle,21.99991521798619,-160.06623940919667,389937.20097249624,2433201.237374325,3.0,1,0.18023952841834084,0.5311694335937626,0.0,0.01081437170510045,False,False,0.35687426626831487,0.2973952218902624,0.5947904437805248,2d:area×thick_range×rho,1인,,,niihau_1_1959_5711_8533.jpg
1_1959_7251_10757_353,S054,plastic_other,Plastic_ETC,21.999503924182022,-160.06598685646475,389962.95560536423,2433155.5254582684,3.0,1,0.2954804963588854,0.552675781250013,0.0,0.008864414890766562,False,False,0.7091531912613249,0.4727687941742167,2.3638439708710832,2d:area×thick_range×rho,1인,,,niihau_1_1959_7251_10757.jpg
1_1959_7251_10757_354,S054,net,Net,21.999523290911885,-160.06603230394737,389958.27881740517,2433157.7020554813,3.0,1,0.1493148404985737,0.41369873046875977,0.0,0.01791778085982884,False,False,2.687667128974326,1.1198613037393028,6.719167822435815,2d:area×thick_range×rho,1인,절단기,,niihau_1_1959_7251_10757.jpg
1_1959_7251_10757_355,S054,pet_bottle,PET_Bottle,21.99952206543903,-160.06602177682282,389959.36463035305,2433157.5588205853,3.0,1,0.16219277858734898,0.43530273437501027,0.0,0.009731566715240938,False,False,0.32114170160295097,0.26761808466912584,0.5352361693382517,2d:area×thick_range×rho,1인,,,niihau_1_1959_7251_10757.jpg
1_1959_8804_11030_358,S055,plastic_other,Plastic_ETC,21.999457018517884,-160.0656854902457,389994.03070580226,2433150.1161869452,3.0,1,0.1903658005863518,0.4386059570312604,0.0,0.005710974017590554,False,False,0.4568779214072443,0.3045852809381629,1.5229264046908144,2d:area×thick_range×rho,1인,,,niihau_1_1959_8804_11030.jpg
1_1959_9143_11070_362,S055,plastic_buoy,Plastic_Buoy,21.999411210036477,-160.0655886025371,390003.99749537674,2433144.9755014796,3.0,1,0.18703892465830732,0.43789306640626036,0.0,0.0561116773974922,False,False,3.3667006438495317,1.6833503219247659,4.488934191799376,2d:area×thick_range×rho,1인,,,niihau_1_1959_9143_11070.jpg
1_1959_9143_11070_363,S055,pet_bottle,PET_Bottle,21.999420590492893,-160.06557996454436,390004.8964668467,2433146.007703275,3.0,1,0.24966316566244948,0.698046264648454,0.0,0.014979789939746968,False,False,0.49433306801164995,0.41194422334304165,0.8238884466860833,2d:area×thick_range×rho,1인,,,niihau_1_1959_9143_11070.jpg
1_1959_9143_11070_364,S055,pet_bottle,PET_Bottle,21.999458220603675,-160.06556141193687,390006.840754126,2433150.160005943,3.0,1,0.17080597900153013,0.42090332031250993,0.0,0.010248358740091808,False,False,0.3381958384230297,0.28182986535252474,0.5636597307050495,2d:area×thick_range×rho,1인,,,niihau_1_1959_9143_11070.jpg
1_1959_9253_11394_367,S055,plastic_buoy,Plastic_Buoy,21.999411280043123,-160.06558860326118,390003.99747462454,2433144.9832517244,3.0,1,0.19786030029655438,0.4532055664062607,0.0,0.05935809008896631,False,False,3.5614854053379785,1.7807427026689893,4.748647207117306,2d:area×thick_range×rho,1인,,,niihau_1_1959_9253_11394.jpg
1_1959_9253_11394_368,S055,plastic_other,Plastic_ETC,21.999369901814763,-160.06554139672764,390008.8388893944,2433140.368733986,3.0,1,0.4604012410342911,0.7035595703125166,0.0,0.013812037231028732,False,False,1.1049629784822985,0.7366419856548657,3.683209928274329,2d:area×thick_range×rho,1인,,,niihau_1_1959_9253_11394.jpg
1_1959_9253_11394_369,S055,plastic_other,Plastic_ETC,21.999391271910078,-160.06559754902975,390003.0585327436,2433142.7747892635,3.0,1,0.625861800897151,0.803498535156269,0.0,0.01877585402691453,False,False,1.5020683221531625,1.0013788814354416,5.006894407177208,2d:area×thick_range×rho,1인,,,niihau_1_1959_9253_11394.jpg
1_1959_9831_12576_374,S056,plastic_other,Plastic_ETC,21.999178661158016,-160.0654845841705,390014.55639937706,2433119.1575629637,3.0,1,0.6633275637030914,0.9156591796875216,0.0,0.019899826911092742,False,False,1.5919861528874193,1.0613241019249462,5.306620509624732,2d:area×thick_range×rho,1인,,,niihau_1_1959_9831_12576.jpg
1_1960_1080_6589_376,S057,eps_fragment,Styrofoam_Piece,21.998805624608405,-160.06240290423395,390332.4047028648,2433075.649321363,3.0,1,0.14397012932300293,0.3975927734374962,0.0,0.004319103879690088,False,False,0.08638207759380176,0.05758805172920117,0.28794025864600586,2d:area×thick_range×rho,1인,,,niihau_1_1960_1080_6589.jpg
1_1960_1080_6589_377,S057,eps_fragment,Styrofoam_Piece,21.998795968078145,-160.06239480844047,390333.2330429171,2433074.5745402128,3.0,1,0.25664099305271615,0.5084802246093701,0.0,0.0076992297915814845,False,False,0.15398459583162968,0.10265639722108645,0.5132819861054323,2d:area×thick_range×rho,1인,,,niihau_1_1960_1080_6589.jpg
1_1960_1080_6589_378,S057,plastic_other,Plastic_ETC,21.998808698264828,-160.06241674923476,390330.97778387234,2433075.999503027,3.0,1,0.2130036888554652,0.5077862548828077,0.0,0.0063901106656639554,False,False,0.5112088532531165,0.3408059021687443,1.7040295108437218,2d:area×thick_range×rho,1인,,,niihau_1_1960_1080_6589.jpg
1_1960_1676_8354_382,S058,plastic_buoy,Plastic_Buoy,21.998477714225043,-160.0622769890132,390345.1513796372,2433039.259434427,3.0,1,0.6157201044082524,0.8888256835937416,0.0,0.18471603132247572,False,False,11.082961879348543,5.541480939674272,14.777282505798059,2d:area×thick_range×rho,1인,,,niihau_1_1960_1676_8354.jpg
1_1960_2633_9841_392,S059,net,Net,21.998157344646007,-160.06212780154823,390360.30642736156,2433003.687642181,3.0,1,0.319453082448238,0.5974084472656193,0.0,0.03833436989378856,False,False,5.750155484068284,2.395898118361785,14.37538871017071,2d:area×thick_range×rho,1인,절단기,,niihau_1_1960_2633_9841.jpg
1_1960_2633_9841_393,S059,plastic_buoy,Plastic_Buoy_China,21.998168800946623,-160.06208591795175,390364.63908833585,2433004.925824865,3.0,1,0.3399098095893795,0.6944824218749934,0.0,0.10197294287681384,False,False,6.11837657260883,3.059188286304415,8.15783543014511,2d:area×thick_range×rho,1인,,,niihau_1_1960_2633_9841.jpg
1_1960_2633_9841_394,S059,net,Net,21.998166577756905,-160.0620667862027,390366.612445757,2433004.6660030265,3.0,1,0.11036423379182606,0.35127197265624666,0.0,0.013243708055019126,False,False,1.986556208252869,0.8277317534386954,4.966390520632173,2d:area×thick_range×rho,1인,절단기,,niihau_1_1960_2633_9841.jpg
1_1960_2633_9841_395,S059,net,Net,21.998250647259717,-160.0620805531384,390365.2558426318,2433013.9823438353,3.0,1,0.22652775816618964,0.49212646484374534,0.0,0.027183330979942757,False,False,4.077499646991414,1.6989581862464225,10.193749117478532,2d:area×thick_range×rho,1인,절단기,,niihau_1_1960_2633_9841.jpg
1_1960_2867_8620_405,S058,net,Net,21.998443317402515,-160.06209245506182,390364.17526189645,2433035.3194099753,3.0,1,0.12981232390962294,0.38414489746093383,0.0,0.015577478869154752,False,False,2.336621830373213,0.973592429322172,5.841554575933031,2d:area×thick_range×rho,1인,절단기,,niihau_1_1960_2867_8620.jpg
1_1960_2867_8620_406,S058,net,Net,21.99843586207054,-160.06209742453797,390363.6565076477,2433034.4976693527,3.0,1,0.1312236196130489,0.4433007812499958,0.0,0.01574683435356587,False,False,2.3620251530348804,0.9841771470978667,5.9050628825872,2d:area×thick_range×rho,1인,절단기,,niihau_1_1960_2867_8620.jpg
1_1994_16686_13302_409,S060,plastic_buoy,Plastic_Buoy,22.003385332154274,-160.0880537816382,387687.9467005704,2433601.2420949,3.0,1,0.17351748275757656,0.42421875000001,0.0,0.052055244827272966,False,False,3.123314689636378,1.561657344818189,4.164419586181838,2d:area×thick_range×rho,1인,,,niihau_1_1994_16686_13302.jpg
1_1994_16823_12215_414,S061,plastic_buoy,Plastic_Buoy_China,22.003606091744366,-160.0880749051207,387685.939983737,2433625.6958051845,3.0,1,0.24088386189044658,0.5048327636718869,0.0,0.07226515856713397,False,False,4.335909514028039,2.1679547570140194,5.781212685370718,2d:area×thick_range×rho,1인,,,niihau_1_1994_16823_12215.jpg
1_1998_17802_3785_416,S062,eps_fragment,Styrofoam_Piece,22.002247766265423,-160.0684912283005,389706.541101491,2433461.072770184,3.0,1,0.2125363717865451,0.5103161621094053,0.0,0.006376091153596353,False,False,0.12752182307192705,0.08501454871461804,0.4250727435730903,2d:area×thick_range×rho,1인,,,niihau_1_1998_17802_3785.jpg
1_1998_6682_5959_419,S063,plastic_other,Plastic_ETC,22.001796028452045,-160.0707019202624,389477.9762649366,2433412.6616737656,3.0,1,5.216948562595867,3.2308215332033168,0.0,0.156508456877876,False,False,12.520676550230082,8.347117700153388,41.735588500766944,2d:area×thick_range×rho,2인,,,niihau_1_1998_6682_5959.jpg
1_1998_6682_5959_420,S063,plastic_other,Plastic_ETC,22.001799264964394,-160.0707118978715,389476.94875903946,2433413.02716763,3.0,1,4.050411265101765,3.5750808715822435,0.0,0.12151233795305294,False,False,9.720987036244235,6.480658024162825,32.40329012081412,2d:area×thick_range×rho,2인,,,niihau_1_1998_6682_5959.jpg
1_1998_6682_5959_421,S063,plastic_buoy,Plastic_Buoy_China,22.00174628124154,-160.07065521479916,389482.7592342639,2433407.120899083,3.0,1,0.2086619368911037,0.5674633789062837,0.0,0.06259858106733111,False,False,3.755914864039867,1.8779574320199335,5.007886485386489,2d:area×thick_range×rho,1인,,,niihau_1_1998_6682_5959.jpg
1_201_15921_3111_427,S064,pet_bottle,PET_Bottle,21.805099000619016,-160.2405287080182,371770.0429097255,2411770.0980792497,3.0,1,0.2766149173453581,0.8316864013672072,0.0,0.016596895040721486,False,False,0.547697536343809,0.45641461361984087,0.9128292272396817,2d:area×thick_range×rho,1인,,,niihau_1_201_15921_3111.jpg
1_201_15921_3111_428,S064,pet_bottle,PET_Bottle,21.80509247740639,-160.24055680718635,371767.13223823265,2411769.3993107607,3.0,1,0.14333060131073674,0.5432324218750129,0.0,0.008599836078644204,False,False,0.28379459059525874,0.23649549216271562,0.47299098432543124,2d:area×thick_range×rho,1인,,,niihau_1_201_15921_3111.jpg
1_201_15921_3111_429,S064,plastic_other,Plastic_ETC,21.805149465734218,-160.24051302803835,371771.70882595767,2411775.671643865,3.0,1,2.007667747020816,1.5941284179687876,0.0,0.060230032410624475,False,False,4.818402592849958,3.212268395233306,16.061341976166528,2d:area×thick_range×rho,1인,,,niihau_1_201_15921_3111.jpg
1_201_25860_6614_431,S065,eps_buoy,Styrofoam_Buoy,21.80453162268767,-160.23858167846453,371970.82032040175,2411705.670313337,3.0,1,5.1457591655226995,2.326335449218805,0.0,1.8010157079329447,False,False,45.02539269832362,19.296596870710122,51.457591655227,2d:area×thick_range×rho,장비,,,niihau_1_201_25860_6614.jpg
1_201_25860_6614_432,S065,eps_fragment,Styrofoam_Piece,21.80448749343325,-160.23862819569698,371965.9721672059,2411700.823727656,3.0,1,0.49706776484849413,0.7084228515625167,0.0,0.014912032945454824,False,False,0.29824065890909646,0.19882710593939767,0.9941355296969884,2d:area×thick_range×rho,1인,,,niihau_1_201_25860_6614.jpg
1_201_25860_6614_433,S065,plastic_buoy,Plastic_Buoy_China,21.804562861299424,-160.23862102629167,371966.78034214076,2411709.161164721,3.0,1,0.325596717401423,0.6050347900390768,0.0,0.09767901522042689,False,False,5.860740913225613,2.9303704566128066,7.814321217634152,2d:area×thick_range×rho,1인,,,niihau_1_201_25860_6614.jpg
1_201_25860_6614_434,S065,net,Net,21.804540871723546,-160.23860210131411,371968.71724310075,2411706.7111577066,3.0,1,0.17164902213514663,0.4403820800781354,0.0,0.020597882656217596,False,False,3.089682398432639,1.2873676660135998,7.724205996081598,2d:area×thick_range×rho,1인,절단기,,niihau_1_201_25860_6614.jpg
1_201_25860_6614_435,S065,pet_bottle,PET_Bottle,21.804576953255868,-160.23855919511283,371973.1849334057,2411710.6698414027,3.0,1,0.4428341442011506,0.7480212402343926,0.0,0.026570048652069033,False,False,0.8768116055182781,0.7306763379318985,1.461352675863797,2d:area×thick_range×rho,1인,,,niihau_1_201_25860_6614.jpg
1_201_25860_6614_436,S065,pet_bottle,PET_Bottle,21.80457502225804,-160.2385666378033,371972.4137967408,2411710.46225468,3.0,1,0.42210033802243085,0.8013891601562689,0.0,0.02532602028134585,False,False,0.8357586692844131,0.6964655577370109,1.3929311154740218,2d:area×thick_range×rho,1인,,,niihau_1_201_25860_6614.jpg
1_201_25860_6614_437,S065,net,Net,21.804518740201836,-160.23857830394664,371971.15772283333,2411704.2413920844,3.0,1,0.10647739266157653,0.41750244140625986,0.0,0.012777287119389184,False,False,1.9165930679083776,0.7985804449618241,4.791482669770944,2d:area×thick_range×rho,1인,절단기,,niihau_1_201_25860_6614.jpg
1_201_25860_6614_438,S065,plastic_other,Plastic_ETC,21.804582049834156,-160.2386269761526,371966.18230960984,2411711.29031785,3.0,1,0.24197300574929667,0.551123046875013,0.0,0.0072591901724789,False,False,0.5807352137983119,0.3871568091988747,1.9357840459943734,2d:area×thick_range×rho,1인,,,niihau_1_201_25860_6614.jpg
1_201_25860_6614_439,S065,net,Net,21.804513735705413,-160.23859914493733,371968.99874616775,2411703.7046860163,3.0,1,0.21287700667829326,0.48059936523438634,0.0,0.02554524080139519,False,False,3.8317861202092787,1.5965775500871995,9.579465300523196,2d:area×thick_range×rho,1인,절단기,,niihau_1_201_25860_6614.jpg
1_361_8555_12897_447,S066,net,Net,21.821404495020353,-160.245820820871,371237.53583545116,2413579.5677975286,3.0,1,0.2027108151913041,0.5133886718750446,0.0,0.02432529782295649,False,False,3.6487946734434735,1.5203311139347808,9.121986683608684,2d:area×thick_range×rho,1인,절단기,,niihau_1_361_8555_12897.jpg
1_361_8555_12897_448,S066,net,Net,21.82136613312371,-160.24584637111465,371234.860442958,2413575.3423838797,3.0,1,0.17396000490191618,0.4431054687500384,0.0,0.02087520058822994,False,False,3.131280088234491,1.3047000367643713,7.828200220586228,2d:area×thick_range×rho,1인,절단기,,niihau_1_361_8555_12897.jpg
1_361_8555_12897_449,S066,plastic_other,Plastic_ETC,21.821432391553255,-160.2458276055695,371236.8594833566,2413582.6616868437,3.0,1,0.4862947879464278,0.6984350585938106,0.0,0.014588843638392832,False,False,1.1671074910714265,0.7780716607142845,3.890358303571422,2d:area×thick_range×rho,1인,,,niihau_1_361_8555_12897.jpg
1_361_8555_12897_450,S066,net,Net,21.821406293160976,-160.24589257714962,371230.1201851119,2413579.826817357,3.0,1,0.21282521797417633,0.5113772964477983,0.0,0.025539026156901158,False,False,3.8308539235351735,1.5961891348063226,9.577134808837934,2d:area×thick_range×rho,1인,절단기,,niihau_1_361_8555_12897.jpg
1_361_8555_12897_451,S066,net,Net,21.82143685166826,-160.24582301322133,371237.3381736555,2413583.151596023,3.0,1,0.16708572912368097,0.5428015136719221,0.0,0.020050287494841716,False,False,3.0075431242262574,1.2531429684276074,7.518857810565643,2d:area×thick_range×rho,1인,절단기,,niihau_1_361_8555_12897.jpg
1_361_8555_12897_452,S066,net,Net,21.82147101595558,-160.24583609708716,371236.0163026015,2413586.944605993,3.0,1,0.26627814840902536,0.5905297851563013,0.0,0.03195337780908304,False,False,4.793006671362456,1.9970861130676905,11.982516678406142,2d:area×thick_range×rho,1인,절단기,,niihau_1_361_8555_12897.jpg
1_361_8555_12897_453,S066,net,Net,21.821433565701575,-160.2458916839909,371230.23691596,2413582.8452134905,3.0,1,0.32517901711767594,0.5778540039063002,0.0,0.039021482054121114,False,False,5.853222308118167,2.4388426283825697,14.633055770295416,2d:area×thick_range×rho,1인,절단기,,niihau_1_361_8555_12897.jpg
1_361_8555_12897_454,S066,net,Net,21.821372458478983,-160.24583562621362,371235.9767762373,2413576.0336389346,3.0,1,0.09646396121980434,0.41274902343753583,0.0,0.01157567534637652,False,False,1.736351301956478,0.7234797091485325,4.340878254891195,2d:area×thick_range×rho,1인,절단기,,niihau_1_361_8555_12897.jpg
1_361_8555_12897_455,S066,net,Net,21.821373322480124,-160.24584830910896,371234.6665513029,2413576.1398840765,3.0,1,0.20760956829789903,0.4807983398437917,0.0,0.024913148195747883,False,False,3.7369722293621823,1.5570717622342427,9.342430573405457,2d:area×thick_range×rho,1인,절단기,,niihau_1_361_8555_12897.jpg
1_361_9180_16341_468,S067,net,Net,21.820777774613287,-160.24569231476028,371250.2583960594,2413510.0808211057,3.0,1,0.23291575743262039,0.5885070800781761,0.0,0.027949890891914447,False,False,4.192483633787167,1.746868180744653,10.481209084467917,2d:area×thick_range×rho,1인,절단기,,niihau_1_361_9180_16341.jpg
1_361_9180_16341_469,S067,net,Net,21.82082913657941,-160.24575398392773,371243.92974703177,2413515.818251411,3.0,1,0.21836911875534867,0.46782348632816556,0.0,0.02620429425064184,False,False,3.930644137596276,1.637768390665115,9.82661034399069,2d:area×thick_range×rho,1인,절단기,,niihau_1_361_9180_16341.jpg
1_361_9180_16341_470,S067,net,Net,21.820820508435006,-160.24569953973548,371249.5498033493,2413514.817604199,3.0,1,0.19871930352154843,0.45654541015628963,0.0,0.02384631642258581,False,False,3.5769474633878713,1.4903947764116132,8.942368658469679,2d:area×thick_range×rho,1인,절단기,,niihau_1_361_9180_16341.jpg
1_361_9361_9299_473,S068,net,Net,21.82204908020125,-160.2456909243783,371251.5396785232,2413650.8165481063,3.0,1,0.24487992563996985,0.5400158691406719,0.0,0.02938559107679638,False,False,4.407838661519457,1.836599442299774,11.019596653798642,2d:area×thick_range×rho,1인,절단기,,niihau_1_361_9361_9299.jpg
1_361_9361_9299_474,S068,net,Net,21.82211083003027,-160.24571256786047,371249.3577144768,2413657.6705018273,3.0,1,0.2079986732006434,0.5089990234375441,0.0,0.02495984078407721,False,False,3.7439761176115813,1.5599900490048257,9.359940294028954,2d:area×thick_range×rho,1인,절단기,,niihau_1_361_9361_9299.jpg
1_361_9361_9299_475,S068,net,Net,21.822028522273538,-160.24570994775354,371249.5548947095,2413648.5566256684,3.0,1,0.2062452830851436,0.5910119628906763,0.0,0.02474943397021723,False,False,3.7124150955325845,1.546839623138577,9.281037738831461,2d:area×thick_range×rho,1인,절단기,,niihau_1_361_9361_9299.jpg
1_361_9361_9299_476,S068,net,Net,21.822084066037053,-160.24565030933195,371255.7692361424,2413654.6556384186,3.0,1,0.1902316604845556,0.4716418457031659,0.0,0.02282779925814667,False,False,3.4241698887220005,1.426737453634167,8.560424721805001,2d:area×thick_range×rho,1인,절단기,,niihau_1_361_9361_9299.jpg
1_361_9361_9299_477,S068,net,Net,21.822100444913747,-160.24568129022506,371252.5814933478,2413656.494708389,3.0,1,0.21807534003261536,0.47992187500004163,0.0,0.026169040803913843,False,False,3.9253561205870766,1.6355650502446153,9.81339030146769,2d:area×thick_range×rho,1인,절단기,,niihau_1_361_9361_9299.jpg
1_361_9361_9299_478,S068,net,Net,21.822025406548104,-160.24574729651184,371245.69147961447,2413648.2429134273,3.0,1,0.3415742369511757,0.612651653289848,0.0,0.04098890843414109,False,False,6.148336265121164,2.561806777133818,15.370840662802907,2d:area×thick_range×rho,1인,절단기,,niihau_1_361_9361_9299.jpg
1_361_9361_9299_479,S068,net,Net,21.822105031815234,-160.24571901020667,371248.6866007258,2413657.034006918,3.0,1,0.29523957311069127,0.5944250488281766,0.0,0.03542874877328295,False,False,5.314312315992442,2.2142967983301847,13.285780789981107,2d:area×thick_range×rho,1인,절단기,,niihau_1_361_9361_9299.jpg
1_361_9361_9299_480,S068,net,Net,21.822124532371717,-160.24569048519712,371251.65259174677,2413659.1689364975,3.0,1,0.274985289866525,0.5545263671875481,0.0,0.032998234783983,False,False,4.94973521759745,2.0623896739989376,12.374338043993625,2d:area×thick_range×rho,1인,절단기,,niihau_1_361_9361_9299.jpg
1_361_9361_9299_481,S068,net,Net,21.822059074282105,-160.24573626106016,371246.86230828735,2413651.960800092,3.0,1,0.12287649871411072,0.37162170410159473,0.0,0.014745179845693285,False,False,2.2117769768539928,0.9215737403558305,5.5294424421349815,2d:area×thick_range×rho,1인,절단기,,niihau_1_361_9361_9299.jpg
1_361_9361_9299_482,S068,net,Net,21.822122111829056,-160.24574257246132,371246.2663280632,2413658.944497348,3.0,1,0.21183690709922415,0.49165161132816765,0.0,0.025420428851906898,False,False,3.8130643277860345,1.5887768032441814,9.532660819465086,2d:area×thick_range×rho,1인,절단기,,niihau_1_361_9361_9299.jpg
1_361_9361_9299_483,S068,net,Net,21.822059628250724,-160.2456788985929,371252.7921855459,2413651.9741973197,3.0,1,0.23257335178260072,0.5305688476562961,0.0,0.027908802213912086,False,False,4.1863203320868125,1.7443001383695056,10.465800830217033,2d:area×thick_range×rho,1인,절단기,,niihau_1_361_9361_9299.jpg
1_361_9361_9299_484,S068,net,Net,21.822127801375334,-160.2456523055175,371255.6020308921,2413659.4989241115,3.0,1,0.1691662225495852,0.4723834228516035,0.0,0.02029994670595022,False,False,3.0449920058925333,1.268746669121889,7.612480014731333,2d:area×thick_range×rho,1인,절단기,,niihau_1_361_9361_9299.jpg
1_361_9361_9299_485,S068,eps_fragment,Styrofoam_Piece,21.822024748729127,-160.2456994252397,371250.63919811253,2413648.13009236,3.0,1,0.12029942616822424,0.3843576049805021,0.0,0.003608982785046727,False,False,0.07217965570093454,0.0481197704672897,0.2405988523364485,2d:area×thick_range×rho,1인,,,niihau_1_361_9361_9299.jpg
1_361_9550_16467_491,S067,net,Net,21.82077787290732,-160.2456923234577,371250.2575849771,2413510.0917097805,3.0,1,0.20947155570391476,0.5687211608887213,0.0,0.02513658668446977,False,False,3.770488002670466,1.571036667779361,9.426220006676164,2d:area×thick_range×rho,1인,절단기,,niihau_1_361_9550_16467.jpg
1_361_9550_16467_492,S067,net,Net,21.8208205320855,-160.24563034408604,371256.7024271812,2413514.7624113257,3.0,1,0.27794250985984853,0.645029296875056,0.0,0.03335310118318182,False,False,5.002965177477273,2.0845688239488642,12.507412943693183,2d:area×thick_range×rho,1인,절단기,,niihau_1_361_9550_16467.jpg
1_401_10018_4886_497,S069,net,Net,21.827437280763032,-160.24514291148716,371313.00601239805,2414246.846951113,3.0,1,0.35858713971450923,0.62257080078125,0.0,0.043030456765741104,False,False,6.454568514861165,2.6894035478588196,16.136421287152913,2d:area×thick_range×rho,1인,절단기,,niihau_1_401_10018_4886.jpg
1_401_10109_4422_504,S069,net,Net,21.827528417375934,-160.24510229865675,371317.28540980007,2414256.902096126,3.0,1,0.14210105310082438,0.414698486328125,0.0,0.017052126372098925,False,False,2.557818955814839,1.065757898256183,6.394547389537097,2d:area×thick_range×rho,1인,절단기,,niihau_1_401_10109_4422.jpg
1_401_10109_4422_505,S069,net,Net,21.827429402838767,-160.2450841683502,371319.07083384093,2414245.925775203,3.0,1,0.1909295471429825,0.495694580078125,0.0,0.0229115456571579,False,False,3.436731848573685,1.4319716035723689,8.591829621434211,2d:area×thick_range×rho,1인,절단기,,niihau_1_401_10109_4422.jpg
1_401_10109_4422_506,S069,net,Net,21.82752969103483,-160.24507401698287,371320.2098270236,2414257.0194701985,3.0,1,0.1810413487572223,0.49229736328125,0.0,0.021724961850866677,False,False,3.2587442776300013,1.3578101156791673,8.146860694075004,2d:area×thick_range×rho,1인,절단기,,niihau_1_401_10109_4422.jpg
1_401_10109_4422_507,S069,net,Net,21.82749099396838,-160.24511564161895,371315.8727617555,2414252.770369179,3.0,1,0.14347710828185084,0.39672607421875,0.0,0.0172172529938221,False,False,2.582587949073315,1.0760783121138813,6.456469872683287,2d:area×thick_range×rho,1인,절단기,,niihau_1_401_10109_4422.jpg
1_401_9709_4565_517,S069,plastic_other,Plastic_ETC,21.827456293325355,-160.24518560211524,371308.6103893677,2414248.987354315,3.0,1,0.19002136440575126,0.45350341796875,0.0,0.005700640932172538,False,False,0.456051274573803,0.30403418304920204,1.5201709152460103,2d:area×thick_range×rho,1인,,,niihau_1_401_9709_4565.jpg
1_401_9709_4565_518,S069,net,Net,21.82745908433704,-160.24519272996648,371307.8761301519,2414249.3022811506,3.0,1,0.2845455014526844,0.58003173828125,0.0,0.03414546017432213,False,False,5.121819026148319,2.1340912608951332,12.804547565370799,2d:area×thick_range×rho,1인,절단기,,niihau_1_401_9709_4565.jpg
1_401_9709_4565_519,S069,net,Net,21.82746015566001,-160.24518740756926,371308.42722770205,2414249.416433402,3.0,1,0.14888862767219543,0.42550292968750003,0.0,0.017866635320663453,False,False,2.679995298099518,1.1166647075414657,6.699988245248794,2d:area×thick_range×rho,1인,절단기,,niihau_1_401_9709_4565.jpg
1_401_9709_4565_520,S069,net,Net,21.82742003293311,-160.2451972430156,371307.37470929045,2414244.9829551284,3.0,1,0.17551915782764554,0.4399606323242188,0.0,0.021062298939317464,False,False,3.1593448408976195,1.3163936837073418,7.898362102244049,2d:area×thick_range×rho,1인,절단기,,niihau_1_401_9709_4565.jpg
1_441_11574_13874_528,S070,plastic_buoy,Plastic_Buoy,21.830285174098865,-160.24396058268294,371437.76066426444,2414561.1292317477,3.0,1,0.28123155011241957,0.5538391113281771,0.0,0.08436946503372587,False,False,5.062167902023552,2.531083951011776,6.74955720269807,2d:area×thick_range×rho,1인,,,niihau_1_441_11574_13874.jpg
1_441_11574_13874_529,S070,pet_bottle,PET_Bottle,21.830277276342713,-160.2439760118965,371436.15882610367,2414560.2678063614,3.0,1,0.2205031707525668,0.680495605468814,0.0,0.013230190245154008,False,False,0.4365962780900822,0.3638302317417353,0.7276604634834706,2d:area×thick_range×rho,1인,,,niihau_1_441_11574_13874.jpg
1_441_11892_14074_538,S070,eps_fragment,Styrofoam_Piece,21.830313907888588,-160.24396351300226,371437.48346889124,2414564.3125856556,3.0,1,0.28167256533222446,0.5566583251953648,0.0,0.008450176959966733,False,False,0.16900353919933467,0.11266902613288979,0.5633451306644489,2d:area×thick_range×rho,1인,,,niihau_1_441_11892_14074.jpg
1_441_11892_14074_539,S070,plastic_buoy,Plastic_Buoy,21.830285134638572,-160.24396047746652,371437.77150426246,2414561.1247755717,3.0,1,0.28196391679575383,0.5473840332031765,0.0,0.08458917503872615,False,False,5.075350502323569,2.5376752511617844,6.767134003098092,2d:area×thick_range×rho,1인,,,niihau_1_441_11892_14074.jpg
1_441_11892_14074_540,S070,pet_bottle,PET_Bottle,21.830316085296293,-160.24396714210786,371437.1103075397,2414564.556659506,3.0,1,0.2549140323953484,0.5173471069336424,0.0,0.015294841943720902,False,False,0.5047297841427898,0.42060815345232483,0.8412163069046497,2d:area×thick_range×rho,1인,,,niihau_1_441_11892_14074.jpg
1_441_11892_14074_541,S070,pet_bottle,PET_Bottle,21.830288567832433,-160.24396651396523,371437.15063493286,2414561.5098775937,3.0,1,0.38000863680259955,0.6345522308350207,0.0,0.022800518208155974,False,False,0.7524171008691471,0.6270142507242893,1.2540285014485786,2d:area×thick_range×rho,1인,,,niihau_1_441_11892_14074.jpg
1_441_11892_14074_542,S070,pet_bottle,PET_Bottle,21.830269987427265,-160.24386516368835,371447.60968829825,2414559.368390872,3.0,1,0.22146363067929142,0.5943676757813059,0.0,0.013287817840757485,False,False,0.438497988744997,0.3654149906208309,0.7308299812416618,2d:area×thick_range×rho,1인,,,niihau_1_441_11892_14074.jpg
1_441_13487_654_546,S071,eps_fragment,Styrofoam_Piece,21.832698670371318,-160.24362003336086,371475.11711473844,2414828.025616274,3.0,1,0.41755535235263813,0.7479284667969454,0.0,0.012526660570579143,False,False,0.25053321141158286,0.16702214094105525,0.8351107047052764,2d:area×thick_range×rho,1인,,,niihau_1_441_13487_654.jpg
1_441_13487_654_547,S071,eps_fragment,Styrofoam_Piece,21.832740660966103,-160.24367284101848,371469.69648761593,2414832.718156529,3.0,1,0.7784412891790135,0.9211709976197155,0.0,0.023353238675370404,False,False,0.46706477350740805,0.3113765156716054,1.5568825783580271,2d:area×thick_range×rho,1인,,,niihau_1_441_13487_654.jpg
1_441_13487_654_548,S071,plastic_buoy,Plastic_Buoy_China,21.832712710733027,-160.24363797427378,371473.27530489466,2414829.594893699,3.0,1,0.24431092698392395,0.5186822509766112,0.0,0.07329327809517719,False,False,4.3975966857106314,2.1987983428553157,5.863462247614176,2d:area×thick_range×rho,1인,,,niihau_1_441_13487_654.jpg
1_481_7968_6631_551,S072,eps_fragment,Styrofoam_Piece,21.83609202791865,-160.24424903184791,371413.1388952058,2415204.204687031,3.0,1,0.11420782504084354,0.36955322265629253,0.0,0.003426234751225306,False,False,0.06852469502450612,0.04568313001633742,0.2284156500816871,2d:area×thick_range×rho,1인,,,niihau_1_481_7968_6631.jpg
1_481_7968_6631_552,S072,plastic_other,Plastic_ETC,21.836081529362513,-160.24428447814623,371409.4658901558,2415203.0720652854,3.0,1,0.30914338197119196,0.704018554687581,0.0,0.009274301459135758,False,False,0.7419441167308606,0.49462941115390713,2.4731470557695356,2d:area×thick_range×rho,1인,,,niihau_1_481_7968_6631.jpg
1_481_7968_6631_553,S072,plastic_buoy,Plastic_Buoy,21.836110914616906,-160.24433179349103,371404.60180966515,2415206.364604546,3.0,1,0.15440054610673165,0.41253784179692243,0.0,0.04632016383201949,False,False,2.7792098299211694,1.3896049149605847,3.70561310656156,2d:area×thick_range×rho,1인,,,niihau_1_481_7968_6631.jpg
1_481_7968_6631_554,S072,plastic_other,Plastic_ETC,21.83619336672535,-160.24424360039464,371413.79090340785,2415215.418640158,3.0,1,0.36357308295135365,0.7906176757813409,0.0,0.010907192488540609,False,False,0.8725753990832487,0.5817169327221658,2.9085846636108292,2d:area×thick_range×rho,1인,,,niihau_1_481_7968_6631.jpg
1_481_7968_6631_555,S072,eps_fragment,Styrofoam_Piece,21.836091399757226,-160.24430776318067,371407.06805143016,2415204.1841889713,3.0,1,0.1908628425598584,0.4568359375000525,0.0,0.005725885276795751,False,False,0.11451770553591503,0.07634513702394335,0.3817256851197168,2d:area×thick_range×rho,1인,,,niihau_1_481_7968_6631.jpg
1_481_7968_6631_556,S072,pet_bottle,PET_Bottle,21.83608143814408,-160.24430041257736,371407.8188768091,2415203.0752726807,3.0,1,0.16417345426086388,0.44552734375005126,0.0,0.009850407255651833,False,False,0.3250634394365105,0.2708861995304254,0.5417723990608508,2d:area×thick_range×rho,1인,,,niihau_1_481_7968_6631.jpg
1_481_7968_6631_557,S072,plastic_other,Plastic_ETC,21.8360883951715,-160.24435294143834,371402.39588437014,2415203.8892987543,3.0,1,0.7711675354337232,0.9664634704590955,0.0,0.023135026063011696,False,False,1.8508020850409357,1.233868056693957,6.169340283469786,2d:area×thick_range×rho,1인,,,niihau_1_481_7968_6631.jpg
1_481_7968_6631_558,S072,plastic_buoy,Plastic_Buoy_China,21.836120395797664,-160.24435223936072,371402.49707053025,2415207.431271067,3.0,1,0.3554525310144646,0.610336608886789,0.0,0.10663575930433938,False,False,6.398145558260363,3.1990727791301814,8.530860744347152,2d:area×thick_range×rho,1인,,,niihau_1_481_7968_6631.jpg
1_521_1531_3607_561,S073,plastic_buoy,Plastic_Buoy,21.841188724705702,-160.24634062490645,371201.5248215961,2415770.1716402834,3.0,1,0.19825671829877578,0.4565087890624804,0.0,0.05947701548963273,False,False,3.568620929377964,1.784310464688982,4.758161239170619,2d:area×thick_range×rho,1인,,,niihau_1_521_1531_3607.jpg
1_521_1531_3607_562,S073,eps_fragment,Styrofoam_Piece,21.84114773061951,-160.24634922581112,371200.59915822756,2415765.64067053,3.0,1,0.14696697818039584,0.406983032226545,0.0,0.004409009345411875,False,False,0.08818018690823749,0.058786791272158335,0.29393395636079167,2d:area×thick_range×rho,1인,,,niihau_1_521_1531_3607.jpg
1_601_11934_12348_563,S074,plastic_buoy,Plastic_Buoy,21.847862179536637,-160.24371618862534,371478.73650596204,2416506.7491381373,3.0,1,0.10613238653915821,0.3364501953125425,0.0,0.031839715961747464,False,False,1.910382957704848,0.955191478852424,2.547177276939797,2d:area×thick_range×rho,1인,,,niihau_1_601_11934_12348.jpg
1_601_11934_12348_564,S074,net,Net,21.847842181435492,-160.24371348046657,371478.9985031007,2416504.5330286557,3.0,1,0.2138494992733542,0.46841796875005914,0.0,0.025661939912802502,False,False,3.849290986920375,1.6038712445501566,9.623227467300937,2d:area×thick_range×rho,1인,절단기,,niihau_1_601_11934_12348.jpg
1_601_11934_12348_565,S074,plastic_buoy,Plastic_Buoy,21.84779155730628,-160.24371568417874,371478.7254744737,2416498.9306298075,3.0,1,0.2672926338911732,0.5823876953125735,0.0,0.08018779016735196,False,False,4.8112674100411175,2.4056337050205587,6.4150232133881575,2d:area×thick_range×rho,1인,,,niihau_1_601_11934_12348.jpg
1_601_11934_12348_566,S074,pet_bottle,PET_Bottle,21.847806916858147,-160.2437601927236,371474.1393277163,2416500.668141829,3.0,1,0.1698780616298747,0.5880065917969493,0.0,0.010192683697792483,False,False,0.3363585620271519,0.2802988016892933,0.5605976033785866,2d:area×thick_range×rho,1인,,,niihau_1_601_11934_12348.jpg
1_683_16131_14511_571,S075,pet_bottle,PET_Bottle,21.857400603535613,-160.23520099145483,372367.24125764816,2417555.592890529,3.0,1,0.19480357947946514,0.44524047851563553,0.0,0.011688214768767908,False,False,0.38571108736934095,0.32142590614111755,0.6428518122822351,2d:area×thick_range×rho,1인,,,niihau_1_683_16131_14511.jpg
1_724_7546_5105_573,S076,pet_bottle,PET_Bottle,21.863624594602406,-160.23213530725397,372689.57058474317,2418242.0656880094,3.0,1,0.35090528446732366,0.7305139160156086,0.0,0.021054317068039417,False,False,0.6947924632453008,0.5789937193710841,1.1579874387421683,2d:area×thick_range×rho,1인,,,niihau_1_724_7546_5105.jpg
1_724_7546_5105_574,S076,pet_bottle,PET_Bottle,21.86362907560003,-160.23212659195593,372690.475167485,2418242.5545333466,3.0,1,0.1555825921833445,0.4528161621093648,0.0,0.00933495553100067,False,False,0.3080535325230221,0.25671127710251845,0.5134225542050369,2d:area×thick_range×rho,1인,,,niihau_1_724_7546_5105.jpg
1_804_5758_13972_577,S077,plastic_buoy,Plastic_Buoy,21.871051453290562,-160.23258746779902,372649.43461881706,2419064.61429018,3.0,1,0.15127130093871022,0.4037213134765421,0.0,0.04538139028161307,False,False,2.722883416896784,1.361441708448392,3.6305112225290457,2d:area×thick_range×rho,1인,,,niihau_1_804_5758_13972.jpg
1_804_5758_13972_578,S077,net,Net,21.87104036707678,-160.23253831838213,372654.5034552104,2419063.346308916,3.0,1,0.14919372135399267,0.3924902343749802,0.0,0.01790324656247912,False,False,2.685486984371868,1.1189529101549451,6.7137174609296695,2d:area×thick_range×rho,1인,절단기,,niihau_1_804_5758_13972.jpg
1_804_5758_13972_579,S077,net,Net,21.87109558758508,-160.23258873235628,372649.34311090957,2419069.5011309893,3.0,1,0.1915726046606705,0.5569500732421594,0.0,0.02298871255928046,False,False,3.448306883892069,1.4367945349550288,8.620767209730172,2d:area×thick_range×rho,1인,절단기,,niihau_1_804_5758_13972.jpg
1_804_5758_13972_580,S077,net,Net,21.871038362660503,-160.23250869750103,372657.5624409496,2419063.0998830786,3.0,1,0.27599105250832634,0.5879541015624703,0.0,0.03311892630099916,False,False,4.967838945149874,2.0699328938124477,12.419597362874685,2d:area×thick_range×rho,1인,절단기,,niihau_1_804_5758_13972.jpg
1_804_5758_13972_581,S077,net,Net,21.87114039183166,-160.2325206581194,372656.4170604016,2419074.4047112972,3.0,1,0.21181753050245072,0.4858706283569091,0.0,0.025418103660294084,False,False,3.8127155490441127,1.5886314787683804,9.531788872610282,2d:area×thick_range×rho,1인,절단기,,niihau_1_804_5758_13972.jpg
1_804_5758_13972_582,S077,net,Net,21.871066086208724,-160.23260133735658,372648.01444342546,2419066.245683405,3.0,1,0.18671404179379322,0.5063800430297596,0.0,0.022405685015255188,False,False,3.3608527522882783,1.4003553134534492,8.402131880720695,2d:area×thick_range×rho,1인,절단기,,niihau_1_804_5758_13972.jpg
1_804_5758_13972_583,S077,net,Net,21.871045382236275,-160.23259285400962,372648.87266783905,2419063.9466679436,3.0,1,0.1775759736060917,0.47843749999997587,0.0,0.021309116832731005,False,False,3.196367524909651,1.3318198020456877,7.990918812274127,2d:area×thick_range×rho,1인,절단기,,niihau_1_804_5758_13972.jpg
1_804_5758_13972_584,S077,net,Net,21.871064696408883,-160.23259325142374,372648.84874006745,2419066.085131608,3.0,1,0.22926384742853712,0.49439941406247506,0.0,0.027511661691424452,False,False,4.126749253713668,1.7194788557140286,10.31687313428417,2d:area×thick_range×rho,1인,절단기,,niihau_1_804_5758_13972.jpg
1_844_9585_12329_596,S078,net,Net,21.875902057223556,-160.23179538702405,372735.5829684531,2419600.9343426144,3.0,1,0.22486124267579188,0.5191601562500122,0.0,0.026983349121095027,False,False,4.047502368164254,1.6864593200684392,10.118755920410633,2d:area×thick_range×rho,1인,절단기,,niihau_1_844_9585_12329.jpg
1_844_9585_12329_597,S078,net,Net,21.875938251503335,-160.23180550241855,372734.5698688295,2419604.949528849,3.0,1,0.22563451367319698,0.4838427734375114,0.0,0.027076141640783636,False,False,4.061421246117545,1.6922588525489775,10.153553115293864,2d:area×thick_range×rho,1인,절단기,,niihau_1_844_9585_12329.jpg
1_884_12586_21274_601,S079,plastic_buoy,Plastic_Buoy_China,21.878868078471314,-160.22922546869512,373003.7521148682,2419927.156140128,3.0,1,0.19611089911459903,0.46842285156248836,0.0,0.0588332697343797,False,False,3.529996184062782,1.764998092031391,4.706661578750378,2d:area×thick_range×rho,1인,,,niihau_1_884_12586_21274.jpg
1_884_12586_21274_602,S079,pet_bottle,PET_Bottle,21.878888075422463,-160.22924736218567,373001.5076587479,2419929.38794854,3.0,1,0.2265824578903503,0.6314587402343593,0.0,0.013594947473421017,False,False,0.44863326662289355,0.37386105551907806,0.7477221110381561,2d:area×thick_range×rho,1인,,,niihau_1_884_12586_21274.jpg
1_884_12586_21274_603,S079,pet_bottle,PET_Bottle,21.87889957446411,-160.22927393349008,372998.77234313183,2419930.6828791704,3.0,1,0.13372076140465716,0.6034149169921725,0.0,0.00802324568427943,False,False,0.2647671075812212,0.22063925631768433,0.44127851263536866,2d:area×thick_range×rho,1인,,,niihau_1_884_12586_21274.jpg
1_884_12586_21274_604,S079,pet_bottle,PET_Bottle,21.878845426814888,-160.22927550398856,372998.5621381604,2419924.689876083,3.0,1,0.3651057450771151,0.6763174438476395,0.0,0.021906344704626903,False,False,0.7229093752526878,0.6024244793772399,1.2048489587544797,2d:area×thick_range×rho,1인,,,niihau_1_884_12586_21274.jpg
1_884_12586_21274_605,S079,plastic_other,Plastic_ETC,21.87889451697274,-160.22918484159197,373007.9733353894,2419930.0493931104,3.0,1,0.6982695101812135,0.9027001953124776,0.0,0.020948085305436404,False,False,1.6758468244349123,1.1172312162899418,5.586156081449708,2d:area×thick_range×rho,1인,,,niihau_1_884_12586_21274.jpg
1_884_12586_21274_606,S079,pet_bottle,PET_Bottle,21.878855256303247,-160.22922988369038,373003.284583019,2419925.740336859,3.0,1,0.5978774179681839,0.785139770507793,0.0,0.035872645078091035,False,False,1.1837972875770042,0.9864977396475035,1.972995479295007,2d:area×thick_range×rho,1인,,,niihau_1_884_12586_21274.jpg
1_925_11956_1052_607,S080,plastic_buoy,Plastic_Buoy_China,21.887038970377752,-160.2267133653437,373270.5357315858,2420829.6238427474,3.0,1,0.19545438308714683,0.48372314453123594,0.0,0.058636314926144045,False,False,3.5181788955686426,1.7590894477843213,4.690905194091524,2d:area×thick_range×rho,1인,,,niihau_1_925_11956_1052.jpg
2_1090_7197_4511_609,S081,plastic_other,Plastic_ETC,21.916794700504038,-160.08048224680434,388401.9628965197,2424010.1410681037,3.0,1,0.39022892537118226,0.6358715820312599,0.0,0.011706867761135466,False,False,0.9365494208908374,0.6243662805938917,3.121831402969458,2d:area×thick_range×rho,1인,,,niihau_2_1090_7197_4511.jpg
2_1090_7197_4511_610,S081,eps_buoy,Styrofoam_Buoy,21.916822317516775,-160.08047334707192,388402.9037097337,2424013.1917765443,3.0,1,0.9325163519418158,1.0436657333374186,0.0,0.3263807231796355,False,False,8.159518079490887,3.4969363197818093,9.325163519418158,2d:area×thick_range×rho,1인,,,niihau_2_1090_7197_4511.jpg
2_1090_7197_4511_611,S081,net,Net,21.916804068552313,-160.0804781055965,388402.39796009986,2424011.175091798,3.0,1,0.17851211481690965,0.44516357421875696,0.0,0.02142145377802916,False,False,3.213218066704374,1.3388408611268225,8.033045166760933,2d:area×thick_range×rho,1인,절단기,,niihau_2_1090_7197_4511.jpg
2_1090_7197_4511_612,S081,pet_bottle,PET_Bottle,21.91681243898004,-160.08050754929633,388399.36311743443,2424012.1231018254,3.0,1,0.20413489397876602,0.6365368652343849,0.0,0.01224809363872596,False,False,0.4041870900779567,0.33682257506496394,0.6736451501299279,2d:area×thick_range×rho,1인,,,niihau_2_1090_7197_4511.jpg
2_1090_7197_4511_613,S081,pet_bottle,PET_Bottle,21.916738113777054,-160.0804823136938,388401.91188943456,2424003.8770138174,3.0,1,0.2797089030951349,0.6007580566406344,0.0,0.016782534185708093,False,False,0.553823628128367,0.46151969010697264,0.9230393802139453,2d:area×thick_range×rho,1인,,,niihau_2_1090_7197_4511.jpg
2_1090_7516_5416_615,S082,plastic_other,Plastic_ETC,21.916601266780667,-160.08048179457313,388401.85886789724,2423988.7277894816,3.0,1,0.42600701507331273,0.6847729492187608,0.0,0.012780210452199382,False,False,1.0224168361759505,0.6816112241173005,3.4080561205865023,2d:area×thick_range×rho,1인,,,niihau_2_1090_7516_5416.jpg
2_1090_7516_5416_616,S082,pet_bottle,PET_Bottle,21.91663091762484,-160.08045969545043,388404.1646902935,2423991.994043346,3.0,1,0.2997618103727792,0.5929699707031343,0.0,0.01798570862236675,False,False,0.5935283845381027,0.4946069871150857,0.9892139742301714,2d:area×thick_range×rho,1인,,,niihau_2_1090_7516_5416.jpg
2_1090_7516_5416_617,S082,pet_bottle,PET_Bottle,21.916611040958475,-160.08046612591622,388403.48496967263,2423989.7983891154,3.0,1,0.3051836294397807,0.5969860839843844,0.0,0.018311017766386842,False,False,0.6042635862907658,0.5035529885756382,1.0071059771512765,2d:area×thick_range×rho,1인,,,niihau_2_1090_7516_5416.jpg
2_1090_7516_5416_618,S082,plastic_other,Plastic_ETC,21.916614191708124,-160.0804712228043,388402.96094488783,2423990.1508806576,3.0,1,0.2533543265089472,0.5058996582031329,0.0,0.007600629795268415,False,False,0.6080503836214732,0.4053669224143155,2.0268346120715774,2d:area×thick_range×rho,1인,,,niihau_2_1090_7516_5416.jpg
2_1090_7516_5416_619,S081,net,Net,21.91665662470679,-160.0805051880202,388399.485595969,2423994.872876147,3.0,1,0.3519561395449674,0.6432879638671976,0.0,0.04223473674539609,False,False,6.335210511809413,2.6396710465872553,15.838026279523534,2d:area×thick_range×rho,1인,절단기,,niihau_2_1090_7516_5416.jpg
2_1091_1896_27992_626,S083,net,Net,21.912489041560544,-160.07860784436835,388592.2286739603,2423532.146765934,3.0,1,0.21878305095437914,0.49777832031254243,0.0,0.026253966114525497,False,False,3.9380949171788244,1.6408728821578435,9.845237292947061,2d:area×thick_range×rho,1인,절단기,,niihau_2_1091_1896_27992.jpg
2_1091_1896_27992_627,S083,plastic_buoy,Plastic_Buoy,21.91250153650231,-160.07864295275473,388588.6117895242,2423533.5554259466,3.0,1,0.35815369529730223,0.6971875000000594,0.0,0.10744610858919067,False,False,6.44676651535144,3.22338325767572,8.595688687135254,2d:area×thick_range×rho,1인,,,niihau_2_1091_1896_27992.jpg
2_1091_1896_27992_628,S083,plastic_other,Plastic_ETC,21.91258293274447,-160.07862963586825,388590.05069977656,2423542.55624727,3.0,1,0.6795249611557689,0.8297290039063207,0.0,0.020385748834673065,False,False,1.6308599067738452,1.0872399378492301,5.436199689246152,2d:area×thick_range×rho,1인,,,niihau_2_1091_1896_27992.jpg
2_1091_1945_28408_630,S083,plastic_buoy,Plastic_Buoy,21.912420494047037,-160.07858456428835,388594.5801296261,2423524.54172499,3.0,1,0.21327879660133184,0.49806152343754245,0.0,0.06398363898039955,False,False,3.8390183388239727,1.9195091694119863,5.118691118431965,2d:area×thick_range×rho,1인,,,niihau_2_1091_1945_28408.jpg
2_1091_1945_28408_631,S083,net,Net,21.91247264852003,-160.0786199118417,388590.9693853196,2423530.3408304257,3.0,1,0.13611003276410039,0.39135498046878336,0.0,0.016333203931692047,False,False,2.449980589753807,1.020825245730753,6.124951474384517,2d:area×thick_range×rho,1인,절단기,,niihau_2_1091_1945_28408.jpg
2_1091_1945_28408_632,S083,plastic_buoy,Plastic_Buoy,21.912501502226817,-160.0786428930671,388588.61792843824,2423533.5515883607,3.0,1,0.346542214357912,0.6760961914063076,0.0,0.1039626643073736,False,False,6.237759858442415,3.1188799292212077,8.317013144589888,2d:area×thick_range×rho,1인,,,niihau_2_1091_1945_28408.jpg
2_1091_2286_28703_638,S083,plastic_buoy,Plastic_Buoy,21.912420388248062,-160.07858449254024,388594.5874587297,2423524.529961071,3.0,1,0.21977471597049406,0.49129760742191686,0.0,0.06593241479114821,False,False,3.9559448874688927,1.9779724437344464,5.274593183291858,2d:area×thick_range×rho,1인,,,niihau_2_1091_2286_28703.jpg
2_1091_2286_28703_639,S083,plastic_other,Plastic_ETC,21.91246755530941,-160.07863475727737,388589.4319293851,2423529.787791729,3.0,1,0.43535692015451344,0.7056451416016226,0.0,0.013060707604635402,False,False,1.0448566083708322,0.6965710722472216,3.482855361236108,2d:area×thick_range×rho,1인,,,niihau_2_1091_2286_28703.jpg
2_1091_2286_28703_640,S083,plastic_other,Plastic_ETC,21.91235930984943,-160.0785760954592,388595.4073502979,2423517.7625460657,3.0,1,0.46385516762741363,0.7026367187500598,0.0,0.013915655028822409,False,False,1.1132524023057928,0.742168268203862,3.710841341019309,2d:area×thick_range×rho,1인,,,niihau_2_1091_2286_28703.jpg
2_1091_2286_28703_641,S083,plastic_buoy,Plastic_Buoy,21.91238498786044,-160.0785893001096,388594.0633155398,2423520.6146610286,3.0,1,0.2126029344171648,0.48534423828129136,0.0,0.06378088032514943,False,False,3.826852819508966,1.913426409754483,5.102470426011956,2d:area×thick_range×rho,1인,,,niihau_2_1091_2286_28703.jpg
2_1091_4804_33026_645,S084,pet_bottle,PET_Bottle,21.91160868822899,-160.07809486534038,388644.5336466824,2423434.320276914,3.0,1,0.25921206289385207,0.5467761230469216,0.0,0.015552723773631124,False,False,0.513239884529827,0.42769990377485595,0.8553998075497119,2d:area×thick_range×rho,1인,,,niihau_2_1091_4804_33026.jpg
2_1091_4804_33026_646,S084,plastic_other,Plastic_ETC,21.911659299463086,-160.0781151358333,388642.479091726,2423439.937596114,3.0,1,0.2856249534309397,0.575200195312549,0.0,0.008568748602928191,False,False,0.6854998882342553,0.4569999254895035,2.2849996274475175,2d:area×thick_range×rho,1인,,,niihau_2_1091_4804_33026.jpg
2_1139_8332_1045_649,S085,pet_bottle,PET_Bottle,21.923709977029322,-160.0823823896484,388211.08829106047,2424777.03994321,3.0,1,0.3317518277840844,0.6204040527345637,0.0,0.019905109667045062,False,False,0.656868619012487,0.5473905158437392,1.0947810316874784,2d:area×thick_range×rho,1인,,,niihau_2_1139_8332_1045.jpg
2_1139_8332_1045_650,S085,plastic_other,Plastic_ETC,21.9236735644781,-160.08234518458048,388214.90274451755,2424772.981991161,3.0,1,0.27515299386994885,0.5728857421876742,0.0,0.008254589816098465,False,False,0.6603671852878772,0.44024479019191814,2.201223950959591,2d:area×thick_range×rho,1인,,,niihau_2_1139_8332_1045.jpg
2_1139_8462_1394_652,S085,eps_fragment,Styrofoam_Piece,21.923673288744066,-160.08234545058485,388214.87505378,2424772.9516614093,3.0,1,0.22830610601263968,0.5216976928712524,0.0,0.00684918318037919,False,False,0.1369836636075838,0.09132244240505587,0.4566122120252794,2d:area×thick_range×rho,1인,,,niihau_2_1139_8462_1394.jpg
2_1140_-40_1416_653,S085,plastic_buoy,Plastic_Buoy,21.92361655676242,-160.08223037920482,388226.7164083287,2424766.5876341215,3.0,1,0.1379743472814795,0.3957250976562837,0.0,0.04139230418444385,False,False,2.483538251066631,1.2417691255333154,3.311384334755508,2d:area×thick_range×rho,1인,,,niihau_2_1140_-40_1416.jpg
2_1140_-40_1416_654,S085,plastic_buoy,Plastic_Buoy_China,21.92364385878278,-160.08226560972446,388223.09878658375,2424769.635615218,3.0,1,0.27311775516276243,0.5304162597656702,0.0,0.08193532654882872,False,False,4.916119592929723,2.4580597964648616,6.554826123906299,2d:area×thick_range×rho,1인,,,niihau_2_1140_-40_1416.jpg
2_1140_-40_1416_655,S085,plastic_other,Plastic_ETC,21.923623738695916,-160.08232043036372,388217.4206852483,2424767.448276413,3.0,1,0.537757652178964,0.737518844604555,0.0,0.01613272956536892,False,False,1.2906183652295136,0.8604122434863425,4.302061217431712,2d:area×thick_range×rho,1인,,,niihau_2_1140_-40_1416.jpg
2_1140_1546_11517_656,S086,eps_fragment,Styrofoam_Piece,21.921814909416995,-160.0818973349342,388259.7101337407,2424566.9039927614,3.0,1,0.15637795773449226,0.5817895507812996,0.0,0.004691338732034768,False,False,0.09382677464069536,0.06255118309379691,0.31275591546898457,2d:area×thick_range×rho,1인,,,niihau_2_1140_1546_11517.jpg
2_1140_265_4063_662,S087,pet_bottle,PET_Bottle,21.923144840623802,-160.08220850548796,388228.6074318043,2424714.353058192,3.0,1,0.19335419906083062,0.6592077636719311,0.0,0.011601251943649837,False,False,0.38284131414044464,0.31903442845037056,0.6380688569007411,2d:area×thick_range×rho,1인,,,niihau_2_1140_265_4063.jpg
2_1140_265_4063_663,S087,pet_bottle,PET_Bottle,21.923135492023224,-160.08216330284384,388233.2691028785,2424713.285245433,3.0,1,0.3821655765355284,0.657624511718806,0.0,0.022929934592131704,False,False,0.7566878415403462,0.6305732012836219,1.2611464025672439,2d:area×thick_range×rho,1인,,,niihau_2_1140_265_4063.jpg
2_1140_5921_29526_667,S088,plastic_other,Plastic_ETC,21.91857704007842,-160.0810866190831,388340.9244889082,2424207.884207849,3.0,1,0.26603814752404453,0.5717993164062987,0.0,0.007981144425721336,False,False,0.6384915540577069,0.4256610360384713,2.1283051801923563,2d:area×thick_range×rho,1인,,,niihau_2_1140_5921_29526.jpg
2_1140_5921_29526_668,S088,eps_fragment,Styrofoam_Piece,21.918530466191804,-160.08103397632084,388346.3258025004,2424202.6902130395,3.0,1,0.961707366657421,1.0810742187500921,0.0,0.028851220999722628,False,False,0.5770244199944525,0.3846829466629684,1.9234147333148421,2d:area×thick_range×rho,1인,,,niihau_2_1140_5921_29526.jpg
2_1189_10182_32223_671,S089,plastic_buoy,Plastic_Buoy,21.92432374168511,-160.0826040430192,388188.67325371865,2424845.1447848896,3.0,1,0.15265831209720945,0.4252014160156496,0.0,0.045797493629162835,False,False,2.74784961774977,1.373924808874885,3.663799490333027,2d:area×thick_range×rho,1인,,,niihau_2_1189_10182_32223.jpg
2_1189_10182_32223_672,S089,plastic_buoy,Plastic_Buoy,21.92436048284496,-160.08263010305436,388186.01023975067,2424849.230998666,3.0,1,0.14558738763930096,0.39484985351564783,0.0,0.04367621629179028,False,False,2.620572977507417,1.3102864887537085,3.494097303343223,2d:area×thick_range×rho,1인,,,niihau_2_1189_10182_32223.jpg
2_1189_10182_32223_673,S089,pet_bottle,PET_Bottle,21.924357880620715,-160.08263017143398,388186.00114429096,2424848.942984069,3.0,1,0.19414814786913254,0.7501611328125434,0.0,0.011648888872147952,False,False,0.3844133327808824,0.3203444439840687,0.6406888879681374,2d:area×thick_range×rho,1인,,,niihau_2_1189_10182_32223.jpg
2_1189_10182_32223_674,S089,pet_bottle,PET_Bottle,21.924356691481695,-160.08258730932013,388190.42739537917,2424848.780109278,3.0,1,0.4049141348183623,0.6392797851562869,0.0,0.024294848089101737,False,False,0.8017299869403574,0.6681083224502978,1.3362166449005957,2d:area×thick_range×rho,1인,,,niihau_2_1189_10182_32223.jpg
2_1189_10447_33138_678,S089,plastic_other,Plastic_ETC,21.92421479550843,-160.0825872386526,388190.3238638774,2424833.0722715245,3.0,1,0.5753458181143472,0.8244299316406727,0.0,0.017260374543430414,False,False,1.380829963474433,0.9205533089829554,4.602766544914777,2d:area×thick_range×rho,1인,,,niihau_2_1189_10447_33138.jpg
2_1189_10447_33138_679,S089,pet_bottle,PET_Bottle,21.924241681498618,-160.0825262304429,388196.6463385767,2424836.004071574,3.0,1,0.27531401323977317,0.6048455810547224,0.0,0.01651884079438639,False,False,0.5451217462147508,0.45426812184562576,0.9085362436912515,2d:area×thick_range×rho,1인,,,niihau_2_1189_10447_33138.jpg
2_1189_10447_33138_680,S089,pet_bottle,PET_Bottle,21.92423692821266,-160.08252271615257,388197.0056135728,2424835.4753251066,3.0,1,0.4176085985631233,0.7190576171875416,0.0,0.025056515913787398,False,False,0.8268650251549842,0.6890541876291536,1.3781083752583072,2d:area×thick_range×rho,1인,,,niihau_2_1189_10447_33138.jpg
2_1189_9832_400_690,S090,eps_buoy,Styrofoam_Buoy,21.93011052241787,-160.08269023381044,388184.2915874246,2425485.800469769,3.0,1,1.1173063020588259,1.0631396484375615,0.0,0.39105720572058905,False,False,9.776430143014727,4.189898632720597,11.173063020588259,2d:area×thick_range×rho,1인,,,niihau_2_1189_9832_400.jpg
2_1189_9832_400_691,S090,plastic_other,Plastic_ETC,21.930136388834452,-160.08273348064435,388179.8450610604,2425488.6953941863,3.0,1,0.96550024623882,1.1023461914063137,0.0,0.0289650073871646,False,False,2.317200590973168,1.544800393982112,7.724001969910561,2d:area×thick_range×rho,1인,,,niihau_2_1189_9832_400.jpg
2_1189_9832_400_692,S090,pet_bottle,PET_Bottle,21.930154759390653,-160.0826866313158,388184.69823424687,2425490.694849338,3.0,1,0.3229519058615342,0.6311279296875365,0.0,0.01937711435169205,False,False,0.6394447736058377,0.5328706446715316,1.0657412893430631,2d:area×thick_range×rho,1인,,,niihau_2_1189_9832_400.jpg
2_1239_9409_29747_700,S091,plastic_buoy,Plastic_Buoy,21.93088601955683,-160.082557226772,388198.63504788757,2425571.5505722146,3.0,1,0.24542311144185594,0.5349096679688857,0.0,0.07362693343255677,False,False,4.417616005953406,2.208808002976703,5.890154674604543,2d:area×thick_range×rho,1인,,,niihau_2_1239_9409_29747.jpg
2_1239_9409_29747_701,S091,eps_fragment,Styrofoam_Piece,21.930865858798708,-160.0825851061267,388195.739800441,2425569.339111091,3.0,1,0.18697577760527082,0.43796051025401733,0.0,0.0056092733281581245,False,False,0.11218546656316249,0.07479031104210833,0.37395155521054163,2d:area×thick_range×rho,1인,,,niihau_2_1239_9409_29747.jpg
2_1240_1420_23841_706,S092,net,Net,21.932141246956323,-160.08207745292384,388249.1683548487,2425710.1538311117,3.0,1,0.2437291515082536,0.5024243164062928,0.0,0.02924749818099043,False,False,4.3871247271485645,1.827968636311902,10.967811817871413,2d:area×thick_range×rho,1인,절단기,,niihau_2_1240_1420_23841.jpg
2_1240_1420_23841_707,S092,plastic_other,Plastic_ETC,21.932216116029444,-160.08203537251475,388253.573024502,2425718.411131138,3.0,1,0.7453174939708193,0.9661022949219573,0.0,0.022359524819124576,False,False,1.7887619855299661,1.192507990353311,5.962539951766555,2d:area×thick_range×rho,1인,,,niihau_2_1240_1420_23841.jpg
2_1240_1420_23841_708,S092,net,Net,21.93214482105089,-160.08205302096215,388251.69455847034,2425710.53167911,3.0,1,0.12983911451699562,0.4191857910156607,0.0,0.015580693742039473,False,False,2.337104061305921,0.9737933588774672,5.842760153264802,2d:area×thick_range×rho,1인,절단기,,niihau_2_1240_1420_23841.jpg
2_1290_10068_24832_716,S093,plastic_buoy,Plastic_Buoy,21.9383196571516,-160.08035967577482,388431.40405443986,2426392.849424108,3.0,1,0.22064608713988657,0.4759545898437949,0.0,0.06619382614196596,False,False,3.9716295685179577,1.9858147842589788,5.295506091357279,2d:area×thick_range×rho,1인,,,niihau_2_1290_10068_24832.jpg
2_1290_12774_9172_718,S094,pet_bottle,PET_Bottle,21.94117318027938,-160.07985400875506,388485.8533728913,2426708.3649650156,3.0,1,0.2160558017135074,0.5342504882813004,0.0,0.012963348102810444,False,False,0.42779048739274467,0.35649207282728723,0.7129841456545745,2d:area×thick_range×rho,1인,,,niihau_2_1290_12774_9172.jpg
2_1290_12774_9172_719,S094,eps_fragment,Styrofoam_Piece,21.941152181274543,-160.07985646926812,388485.58288698667,2426706.0421763533,3.0,1,0.25453878682856595,0.5547363281250524,0.0,0.007636163604856978,False,False,0.15272327209713957,0.10181551473142639,0.5090775736571319,2d:area×thick_range×rho,1인,,,niihau_2_1290_12774_9172.jpg
2_1290_12774_9172_720,S094,pet_bottle,PET_Bottle,21.94118643058389,-160.07985757408582,388485.49548827996,2426709.8343599103,3.0,1,0.12430190982522928,0.4439721679687919,0.0,0.0074581145895137564,False,False,0.24611778145395397,0.2050981512116283,0.4101963024232566,2d:area×thick_range×rho,1인,,,niihau_2_1290_12774_9172.jpg
2_1290_12774_9172_721,S094,pet_bottle,PET_Bottle,21.94113631615946,-160.07986661310068,388484.5228958843,2426704.293295304,3.0,1,0.27945111743515044,0.8138562011719518,0.0,0.016767067046109026,False,False,0.5533132125215978,0.46109434376799824,0.9221886875359965,2d:area×thick_range×rho,1인,,,niihau_2_1290_12774_9172.jpg
2_1341_1293_31351_724,S095,plastic_buoy,Plastic_Buoy,21.94342986148954,-160.07901695877644,388574.0592872657,2426957.56970584,3.0,1,0.27207764108781685,0.5426806640625462,0.0,0.08162329232634505,False,False,4.897397539580703,2.4486987697903513,6.529863386107605,2d:area×thick_range×rho,1인,,,niihau_2_1341_1293_31351.jpg
2_1341_1293_31351_725,S095,net,Net,21.9434269160876,-160.07904228446037,388571.44148174813,2426957.2620604965,3.0,1,0.17017035577002088,0.46292480468753944,0.0,0.020420442692402504,False,False,3.0630664038603754,1.2762776682751567,7.6576660096509395,2d:area×thick_range×rho,1인,절단기,,niihau_2_1341_1293_31351.jpg
2_1341_1293_31351_726,S095,pet_bottle,PET_Bottle,21.943429858143762,-160.07895602543906,388580.35217639164,2426957.525045191,3.0,1,0.4201072577834845,0.6612963867188063,0.0,0.02520643546700907,False,False,0.8318123704112993,0.6931769753427495,1.386353950685499,2d:area×thick_range×rho,1인,,,niihau_2_1341_1293_31351.jpg
2_1341_1293_31351_727,S095,plastic_other,Plastic_ETC,21.94347340961479,-160.07902614099143,388573.1449242443,2426962.397134403,3.0,1,0.3075451138560253,0.616939086914115,0.0,0.009226353415680759,False,False,0.7381082732544607,0.4920721821696405,2.4603609108482023,2d:area×thick_range×rho,1인,,,niihau_2_1341_1293_31351.jpg
2_1341_1293_31351_728,S095,net,Net,21.94341881181283,-160.07894127845734,388581.8665651931,2426956.2915036273,3.0,1,0.11719607311489195,0.38018066406253237,0.0,0.014063528773787033,False,False,2.109529316068055,0.8789705483616896,5.273823290170138,2d:area×thick_range×rho,1인,절단기,,niihau_2_1341_1293_31351.jpg
2_1341_2442_28116_733,S096,plastic_other,Plastic_ETC,21.94405608640774,-160.0787772480742,388599.3032301696,2427026.7182441265,3.0,1,0.2884520180896416,0.6727111816406823,0.0,0.008653560542689247,False,False,0.6922848434151397,0.46152322894342657,2.307616144717133,2d:area×thick_range×rho,1인,,,niihau_2_1341_2442_28116.jpg
2_1341_2442_28116_734,S096,plastic_other,Plastic_ETC,21.944040607727715,-160.07878301829086,388598.6952557806,2427025.008955982,3.0,1,0.3367501248121835,0.5886767578125501,0.0,0.010102503744365506,False,False,0.8082002995492404,0.5388001996994937,2.694000998497468,2d:area×thick_range×rho,1인,,,niihau_2_1341_2442_28116.jpg
2_1341_3202_26636_737,S097,plastic_other,Plastic_ETC,21.94435945494022,-160.078634218436,388614.3108443014,2427060.1970394445,3.0,1,0.2581654294580661,0.5320213317871547,0.0,0.007744962883741983,False,False,0.6195970306993586,0.41306468713290573,2.0653234356645287,2d:area×thick_range×rho,1인,,,niihau_2_1341_3202_26636.jpg
2_1341_3202_26636_738,S097,eps_fragment,Styrofoam_Piece,21.944348230747345,-160.0785813428584,388619.7627926698,2427058.9161061356,3.0,1,0.26380785394911493,0.5788842773437993,0.0,0.007914235618473448,False,False,0.15828471236946895,0.10552314157964598,0.52761570789823,2d:area×thick_range×rho,1인,,,niihau_2_1341_3202_26636.jpg
2_1341_3202_26636_739,S098,plastic_other,Plastic_ETC,21.944309212281027,-160.07863353588567,388614.3422005164,2427054.6347079733,3.0,1,1.814869194853615,1.818549804687655,0.0,0.05444607584560845,False,False,4.3556860676486755,2.903790711765784,14.518953558828922,2d:area×thick_range×rho,1인,,,niihau_2_1341_3202_26636.jpg
2_1341_3231_26265_743,S097,plastic_other,Plastic_ETC,21.94435944690468,-160.07863415105453,388614.31779682013,2427060.1961009526,3.0,1,0.2727867870569694,0.5420849609375462,0.0,0.008183603611709082,False,False,0.6546882889367266,0.4364588592911511,2.1822942964557552,2d:area×thick_range×rho,1인,,,niihau_2_1341_3231_26265.jpg
2_1341_3231_26265_744,S097,eps_fragment,Styrofoam_Piece,21.944431059165264,-160.07859152127142,388618.77613591973,2427068.092563486,3.0,1,0.3538703736849732,0.6459957885742738,0.0,0.010616111210549195,False,False,0.2123222242109839,0.14154814947398928,0.7077407473699464,2d:area×thick_range×rho,1인,,,niihau_2_1341_3231_26265.jpg
2_1341_3231_26265_745,S098,pet_bottle,PET_Bottle,21.944320800021917,-160.0786202796012,388615.72026054777,2427055.9078320684,3.0,1,0.2755918860435955,0.7994506835938181,0.0,0.01653551316261573,False,False,0.5456719343663191,0.45472661197193265,0.9094532239438653,2d:area×thick_range×rho,1인,,,niihau_2_1341_3231_26265.jpg
2_1341_3707_25814_749,S097,plastic_buoy,Plastic_Buoy_China,21.94451582438685,-160.0785221783068,388626.00349791953,2427077.425643392,3.0,1,0.1260446953146002,0.4868200683594165,0.0,0.03781340859438006,False,False,2.2688045156628034,1.1344022578314017,3.025072687550405,2d:area×thick_range×rho,1인,,,niihau_2_1341_3707_25814.jpg
2_1341_3707_25814_750,S097,plastic_buoy,Plastic_Buoy,21.94449357593013,-160.0785248818143,388625.706967698,2427074.964715467,3.0,1,0.26007933534090183,0.5263421630859824,0.0,0.07802380060227054,False,False,4.681428036136232,2.340714018068116,6.241904048181644,2d:area×thick_range×rho,1인,,,niihau_2_1341_3707_25814.jpg
2_1341_3707_25814_751,S097,pet_bottle,PET_Bottle,21.944425019283063,-160.0785167419357,388626.4942146038,2427067.3696171483,3.0,1,0.20459366784695296,0.5005200195312927,0.0,0.012275620070817178,False,False,0.40509546233696686,0.3375795519474724,0.6751591038949448,2d:area×thick_range×rho,1인,,,niihau_2_1341_3707_25814.jpg
2_1341_3707_25814_752,S097,plastic_other,Plastic_ETC,21.94446963696247,-160.07854464070556,388623.64773867745,2427072.329041136,3.0,1,0.5093850830775623,0.7209304809570927,0.0,0.015281552492326867,False,False,1.2225241993861493,0.8150161329240996,4.075080664620499,2d:area×thick_range×rho,1인,,,niihau_2_1341_3707_25814.jpg
2_1341_3707_25814_753,S097,eps_fragment,Styrofoam_Piece,21.944431049495773,-160.07859152358466,388618.77588949125,2427068.09149476,3.0,1,0.405971248567546,0.657174072265681,0.0,0.01217913745702638,False,False,0.2435827491405276,0.16238849942701838,0.811942497135092,2d:area×thick_range×rho,1인,,,niihau_2_1341_3707_25814.jpg
2_1341_3707_25814_754,S097,plastic_buoy,Plastic_Buoy,21.944456918206658,-160.07855714509566,388622.34645112633,2427070.9301673435,3.0,1,0.19692033626887576,0.5000415039062927,0.0,0.05907610088066272,False,False,3.5445660528397633,1.7722830264198817,4.726088070453018,2d:area×thick_range×rho,1인,,,niihau_2_1341_3707_25814.jpg
2_1341_3707_25814_755,S097,plastic_other,Plastic_ETC,21.94447057397436,-160.0785515354964,388622.9364140405,2427072.4377775807,3.0,1,0.27621727903490007,0.5376977539062958,0.0,0.008286518371047002,False,False,0.6629214696837602,0.44194764645584017,2.2097382322792005,2d:area×thick_range×rho,1인,,,niihau_2_1341_3707_25814.jpg
2_1341_8337_9527_761,S099,eps_fragment,Styrofoam_Piece,21.947368331194912,-160.07761822957883,388721.577956513,2427392.5400884813,3.0,1,0.2552994881630379,0.5487084960937968,0.0,0.007658984644891136,False,False,0.1531796928978227,0.10211979526521515,0.5105989763260758,2d:area×thick_range×rho,1인,,,niihau_2_1341_8337_9527.jpg
2_1341_8337_9527_762,S099,pet_bottle,PET_Bottle,21.947372087018074,-160.07760863470278,388722.57176291,2427392.9488898516,3.0,1,0.16540214579108198,0.4786474609375408,0.0,0.009924128747464919,False,False,0.3274962486663423,0.27291354055528527,0.5458270811105705,2d:area×thick_range×rho,1인,,,niihau_2_1341_8337_9527.jpg
2_1341_8337_9527_763,S099,net,Net,21.947351274540893,-160.07763815703092,388719.50673103204,2427390.6663941653,3.0,1,0.12907017856838518,0.3777465820312822,0.0,0.015488421428206221,False,False,2.3232632142309333,0.9680263392628888,5.808158035577333,2d:area×thick_range×rho,1인,절단기,,niihau_2_1341_8337_9527.jpg
2_1391_10034_17652_770,S100,plastic_buoy,Plastic_Buoy,21.95226919212995,-160.07651822030772,388838.98892595,2427934.2645984953,3.0,1,0.2546441028715344,0.6052294921876383,0.0,0.07639323086146031,False,False,4.583593851687619,2.2917969258438093,6.111458468916825,2d:area×thick_range×rho,1인,,,niihau_2_1391_10034_17652.jpg
2_1391_10034_17652_771,S100,net,Net,21.952253930555685,-160.0765598216963,388834.6809414932,2427932.605329281,3.0,1,0.15813921226866318,0.4406787109376007,0.0,0.01897670547223958,False,False,2.846505820835937,1.186044092014974,7.116264552089842,2d:area×thick_range×rho,1인,절단기,,niihau_2_1391_10034_17652.jpg
2_1391_10034_17652_772,S100,net,Net,21.95225850008848,-160.07652495702084,388838.28492064896,2427933.085881771,3.0,1,0.1832964232922438,0.4439135742188514,0.0,0.021995570795069256,False,False,3.2993356192603884,1.3747231746918285,8.24833904815097,2d:area×thick_range×rho,1인,절단기,,niihau_2_1391_10034_17652.jpg
2_1391_10227_16842_779,S100,plastic_other,Plastic_ETC,21.952429327441237,-160.07651197536055,388839.75835910183,2427951.986969222,3.0,1,0.35176640386597496,0.6007885742188873,0.0,0.010552992115979248,False,False,0.8442393692783399,0.56282624618556,2.8141312309278,2d:area×thick_range×rho,1인,,,niihau_2_1391_10227_16842.jpg
2_1391_10227_16842_780,S100,pet_bottle,PET_Bottle,21.952415989978437,-160.07655308193807,388835.5029741426,2427950.540339219,3.0,1,0.11759176796978126,0.45839355468760473,0.0,0.007055506078186875,False,False,0.23283170058016686,0.19402641715013907,0.38805283430027815,2d:area×thick_range×rho,1인,,,niihau_2_1391_10227_16842.jpg
2_1391_10227_16842_781,S100,pet_bottle,PET_Bottle,21.95238381142302,-160.07652170145545,388838.71856515144,2427946.9554237844,3.0,1,0.161392676323726,0.5585791015626276,0.0,0.00968356057942356,False,False,0.3195574991209775,0.2662979159341479,0.5325958318682958,2d:area×thick_range×rho,1인,,,niihau_2_1391_10227_16842.jpg
2_1391_10423_16050_789,S101,plastic_other,Plastic_ETC,21.952499355540517,-160.07653263795635,388837.6790221119,2427959.7540353523,3.0,1,0.4946303903261597,0.7800791931154126,0.0,0.01483891170978479,False,False,1.1871129367827833,0.7914086245218555,3.957043122609278,2d:area×thick_range×rho,1인,,,niihau_2_1391_10423_16050.jpg
2_1391_10423_16050_790,S101,net,Net,21.95251125074177,-160.07651840811496,388839.1577653778,2427961.060505405,3.0,1,0.2662064885170484,0.5416754150391863,0.0,0.03194477862204581,False,False,4.791716793306872,1.9965486638778631,11.97929198326718,2d:area×thick_range×rho,1인,절단기,,niihau_2_1391_10423_16050.jpg
2_1391_10423_16050_791,S101,plastic_other,Plastic_ETC,21.952594585429004,-160.07646879735657,388844.3457906318,2427970.249626037,3.0,1,0.5110214841815184,0.7939703369142439,0.0,0.01533064452544555,False,False,1.226451562035644,0.8176343746904293,4.088171873452147,2d:area×thick_range×rho,1인,,,niihau_2_1391_10423_16050.jpg
2_1391_10433_16405_795,S100,plastic_other,Plastic_ETC,21.95242921276471,-160.0765121544757,388839.73977298,2427951.9744045227,3.0,1,0.3718919535757811,0.6148388671876405,0.0,0.011156758607273432,False,False,0.8925406885818745,0.5950271257212497,2.9751356286062487,2d:area×thick_range×rho,1인,,,niihau_2_1391_10433_16405.jpg
2_1391_10433_16405_796,S101,plastic_other,Plastic_ETC,21.95249948553132,-160.0765328197393,388837.6603507612,2427959.7685571457,3.0,1,0.5082093219371973,0.7993139648439326,0.0,0.015246279658115917,False,False,1.2197023726492735,0.8131349150995157,4.065674575497578,2d:area×thick_range×rho,1인,,,niihau_2_1391_10433_16405.jpg
2_1391_10433_16405_797,S101,net,Net,21.952511313899553,-160.0765183471762,388839.16410754074,2427961.067452734,3.0,1,0.22863494629237072,0.48988952636729943,0.0,0.027436193555084486,False,False,4.115429033262673,1.7147620971927806,10.288572583156682,2d:area×thick_range×rho,1인,절단기,,niihau_2_1391_10433_16405.jpg
2_1391_10541_15695_803,S102,plastic_other,Plastic_ETC,21.952654788299476,-160.07642533238374,388848.8811585619,2427976.882525331,3.0,1,1.0241008315500826,1.073243103027589,0.0,0.030723024946502475,False,False,2.457841995720198,1.6385613304801323,8.192806652400662,2d:area×thick_range×rho,1인,,,niihau_2_1391_10541_15695.jpg
2_1391_10541_15695_804,S102,plastic_other,Plastic_ETC,21.95265058445344,-160.076465489321,388844.73095124017,2427976.446291238,3.0,1,0.5862121486293969,0.7866821289064297,0.0,0.017586364458881905,False,False,1.4069091567105523,0.9379394378070349,4.689697189035175,2d:area×thick_range×rho,1인,,,niihau_2_1391_10541_15695.jpg
2_1391_10541_15695_805,S102,pet_bottle,PET_Bottle,21.952654904725048,-160.0764661289105,388844.66826140543,2427976.9250071775,3.0,1,0.13575936600572114,0.5410034179688736,0.0,0.008145561960343268,False,False,0.26880354469132783,0.2240029539094399,0.4480059078188798,2d:area×thick_range×rho,1인,,,niihau_2_1391_10541_15695.jpg
2_1391_10541_15695_806,S101,plastic_other,Plastic_ETC,21.95262100014395,-160.07650359290747,388840.7730529306,2427973.198963615,3.0,1,0.2765254352883768,0.6111553955079522,0.0,0.008295763058651304,False,False,0.6636610446921043,0.44244069646140294,2.2122034823070145,2d:area×thick_range×rho,1인,,,niihau_2_1391_10541_15695.jpg
2_1391_10541_15695_807,S101,plastic_other,Plastic_ETC,21.9525945487945,-160.07646878465127,388844.34707419947,2427970.245561399,3.0,1,0.5413386755886167,0.7990209960939325,0.0,0.0162401602676585,False,False,1.29921282141268,0.8661418809417867,4.330709404708934,2d:area×thick_range×rho,1인,,,niihau_2_1391_10541_15695.jpg
2_1391_10541_15695_808,S101,rope,Rope,21.95263535107458,-160.07645852189555,388845.43861987366,2427974.7549093664,3.0,1,1.8586638357200773,1.5252929687503485,0.0,0.055759915071602315,False,False,22.303966028640925,14.86931068576062,37.173276714401545,2d:area×thick_range×rho,2인,절단기,,niihau_2_1391_10541_15695.jpg
2_1391_10858_14287_814,S102,plastic_other,Plastic_ETC,21.952869436374208,-160.07639184904477,388852.5058273961,2428000.6196753834,3.0,1,0.5758182964506396,0.8032202148439336,0.0,0.01727454889351919,False,False,1.3819639114815352,0.9213092743210234,4.606546371605117,2d:area×thick_range×rho,1인,,,niihau_2_1391_10858_14287.jpg
2_1391_10858_14287_815,S102,net,Net,21.952825203724103,-160.07637129209996,388854.5943118016,2427995.7082312964,3.0,1,0.33048235949292976,0.6127856445313901,0.0,0.03965788313915157,False,False,5.948682470872735,2.4786176961969737,14.871706177181839,2d:area×thick_range×rho,1인,절단기,,niihau_2_1391_10858_14287.jpg
2_1391_10858_14287_816,S102,eps_buoy,Styrofoam_Buoy,21.95281130478417,-160.07638379721791,388853.2921239798,2427994.1786960033,3.0,1,3.192871831537752,1.92598876953169,0.0,1.117505141038213,False,False,27.937628525955326,11.97326936826657,31.92871831537752,2d:area×thick_range×rho,2인,,,niihau_2_1391_10858_14287.jpg
2_1391_10858_14287_817,S102,pet_bottle,PET_Bottle,21.952892393650302,-160.07638520654922,388853.2096361595,2428003.15621654,3.0,1,0.2698876628578943,0.6116552734376397,0.0,0.016193259771473657,False,False,0.5343775724586307,0.4453146437155256,0.8906292874310512,2d:area×thick_range×rho,1인,,,niihau_2_1391_10858_14287.jpg
2_1391_10936_13267_819,S103,plastic_other,Plastic_ETC,21.953045028902476,-160.0764006093684,388851.73770095897,2428020.0640381104,3.0,1,0.6393110900166572,0.91915527343771,0.0,0.019179332700499714,False,False,1.534346616039977,1.0228977440266516,5.114488720133258,2d:area×thick_range×rho,1인,,,niihau_2_1391_10936_13267.jpg
2_1391_10936_13267_820,S103,plastic_other,Plastic_ETC,21.95303903035967,-160.0763779039898,388854.07777600246,2428019.3835325744,3.0,1,0.25401792612087415,0.529335937500121,0.0,0.007620537783626224,False,False,0.609643022690098,0.4064286817933987,2.032143408966993,2d:area×thick_range×rho,1인,,,niihau_2_1391_10936_13267.jpg
2_1391_10936_13267_821,S103,plastic_other,Plastic_ETC,21.953002104963037,-160.07637649951508,388854.19410171936,2428015.294890203,3.0,1,0.4723479432912839,0.8057678222658091,0.0,0.014170438298738515,False,False,1.1336350638990813,0.7557567092660543,3.778783546330271,2d:area×thick_range×rho,1인,,,niihau_2_1391_10936_13267.jpg
2_1391_10936_13267_822,S104,plastic_other,Plastic_ETC,21.95307934942928,-160.0764072843223,388851.07507872506,2428023.868145802,3.0,1,0.6269681844416145,0.9154418945314592,0.0,0.018809045533248435,False,False,1.504723642659875,1.0031490951065833,5.015745475532917,2d:area×thick_range×rho,1인,,,niihau_2_1391_10936_13267.jpg
2_1391_10936_13267_823,S103,plastic_other,Plastic_ETC,21.953026678607934,-160.0763684147596,388855.048105833,2428018.0093165357,3.0,1,0.6682145784172489,0.8280297851564392,0.0,0.020046437352517463,False,False,1.603714988201397,1.0691433254675982,5.345716627337991,2d:area×thick_range×rho,1인,,,niihau_2_1391_10936_13267.jpg
2_1391_10936_13267_824,S104,pet_bottle,PET_Bottle,21.95305539333758,-160.07639913826685,388851.89767780644,2428021.2103089946,3.0,1,0.2320188228824305,0.5495285034180943,0.0,0.01392112937294583,False,False,0.45939726930721236,0.38283105775601034,0.7656621155120207,2d:area×thick_range×rho,1인,,,niihau_2_1391_10936_13267.jpg
2_1391_10970_10278_830,S105,plastic_buoy,Plastic_Buoy,21.95355949091582,-160.07640545117593,388851.6377362684,2428077.0182496146,3.0,1,0.2234211331040688,0.48247802734386025,0.0,0.06702633993122063,False,False,4.021580395873238,2.010790197936619,5.362107194497652,2d:area×thick_range×rho,1인,,,niihau_2_1391_10970_10278.jpg
2_1391_10970_10278_831,S105,net,Net,21.95361887762463,-160.07634808547604,388857.60793304513,2428083.5507185864,3.0,1,0.1640234321058546,0.4428222656251012,0.0,0.019682811852702552,False,False,2.952421777905383,1.2301757407939096,7.381054444763456,2d:area×thick_range×rho,1인,절단기,,niihau_2_1391_10970_10278.jpg
2_1391_10970_12368_835,S104,plastic_other,Plastic_ETC,21.953231097514884,-160.07637065558052,388854.9756479001,2428040.6400167244,3.0,1,0.32265360247507535,0.6424853515626467,0.0,0.00967960807425226,False,False,0.7743686459401808,0.5162457639601206,2.581228819800603,2d:area×thick_range×rho,1인,,,niihau_2_1391_10970_12368.jpg
2_1391_10970_12368_836,S104,net,Net,21.95323055541529,-160.07635660890344,388856.42579688027,2428040.569817735,3.0,1,0.32884129793658984,0.5779046630860696,0.0,0.03946095575239078,False,False,5.919143362858617,2.466309734524424,14.797858407146542,2d:area×thick_range×rho,1인,절단기,,niihau_2_1391_10970_12368.jpg
2_1391_10970_12368_837,S104,plastic_other,Plastic_ETC,21.953192669534555,-160.07636944028138,388855.0712692656,2428036.385176193,3.0,1,0.5533830056491043,0.9480151367189666,0.0,0.016601490169473127,False,False,1.3281192135578501,0.8854128090385669,4.427064045192834,2d:area×thick_range×rho,1인,,,niihau_2_1391_10970_12368.jpg
2_1391_10970_12368_838,S104,net,Net,21.953184564878196,-160.07634234436046,388857.8631065034,2428035.4683406414,3.0,1,0.3157733147622598,0.5885974121095094,0.0,0.03789279777147117,False,False,5.683919665720675,2.3682998607169488,14.209799164301689,2d:area×thick_range×rho,1인,절단기,,niihau_2_1391_10970_12368.jpg
2_1391_10970_12368_839,S104,plastic_buoy,Plastic_Buoy,21.953262133116006,-160.0763591458168,388856.1883685316,2428044.0672942256,3.0,1,0.2607220490076839,0.5335639190675048,0.0,0.07821661470230518,False,False,4.692996882138311,2.3464984410691554,6.257329176184414,2d:area×thick_range×rho,1인,,,niihau_2_1391_10970_12368.jpg
2_1391_10988_12905_843,S104,plastic_other,Plastic_ETC,21.953129369453674,-160.07635577229198,388856.433515097,2428029.3679735283,3.0,1,0.2473361997396884,0.5364147949219976,0.0,0.0074200859921906516,False,False,0.5936068793752521,0.39573791958350146,1.9786895979175072,2d:area×thick_range×rho,1인,,,niihau_2_1391_10988_12905.jpg
2_1391_10988_12905_844,S104,plastic_other,Plastic_ETC,21.95310653752081,-160.0763577638126,388856.21010195615,2428026.8419340835,3.0,1,0.2966679622651502,0.5781152343751321,0.0,0.008900038867954506,False,False,0.7120031094363605,0.4746687396242403,2.3733436981212015,2d:area×thick_range×rho,1인,,,niihau_2_1391_10988_12905.jpg
2_1391_10988_12905_845,S104,pet_bottle,PET_Bottle,21.953053657992594,-160.07635153233127,388856.81249835546,2428020.9836757956,3.0,1,0.18733996403225878,0.7319824218751673,0.0,0.011240397841935526,False,False,0.37093312878387236,0.30911094065322703,0.6182218813064541,2d:area×thick_range×rho,1인,,,niihau_2_1391_10988_12905.jpg
2_1391_10988_12905_846,S104,plastic_other,Plastic_ETC,21.953079354834298,-160.07640730383767,388851.07306761446,2428023.868758291,3.0,1,0.5784651197346709,0.8588024902345712,0.0,0.017353953592040124,False,False,1.3883162873632098,0.9255441915754734,4.627720957877367,2d:area×thick_range×rho,1인,,,niihau_2_1391_10988_12905.jpg
2_1391_10995_13850_855,S102,plastic_other,Plastic_ETC,21.952938838082222,-160.07636752036038,388855.07216834923,2428008.2847639555,3.0,1,0.3525781742455186,0.6887744140626574,0.0,0.010577345227365559,False,False,0.8461876181892447,0.5641250787928298,2.820625393964149,2d:area×thick_range×rho,1인,,,niihau_2_1391_10995_13850.jpg
2_1391_10995_13850_856,S102,plastic_other,Plastic_ETC,21.952953780323536,-160.07637902137782,388853.89609872014,2428009.947205163,3.0,1,0.26975749638688973,0.595679931640761,0.0,0.008092724891606692,False,False,0.6474179913285354,0.4316119942190236,2.158059971095118,2d:area×thick_range×rho,1인,,,niihau_2_1391_10995_13850.jpg
2_1391_10995_13850_857,S102,pet_bottle,PET_Bottle,21.952909021848942,-160.0763769257536,388854.0777076615,2428004.990943557,3.0,1,0.5943933330896233,0.8342333984376906,0.0,0.035663599985377395,False,False,1.176898799517454,0.9807489995978784,1.9614979991957568,2d:area×thick_range×rho,1인,,,niihau_2_1391_10995_13850.jpg
2_1391_11002_14653_864,S102,plastic_other,Plastic_ETC,21.95278892345714,-160.07640570096711,388851.0127606286,2427991.7169821328,3.0,1,0.578703125417497,0.8119812011720605,0.0,0.01736109376252491,False,False,1.3888875010019928,0.9259250006679952,4.629625003339976,2d:area×thick_range×rho,1인,,,niihau_2_1391_11002_14653.jpg
2_1391_11002_14653_865,S102,net,Net,21.952771753355616,-160.0763505553843,388856.6941951406,2427989.7762602237,3.0,1,0.2817693367452717,0.534083251953247,0.0,0.033812320409432606,False,False,5.071848061414891,2.113270025589538,12.679620153537227,2d:area×thick_range×rho,1인,절단기,,niihau_2_1391_11002_14653.jpg
2_1391_11002_14653_866,S102,plastic_buoy,Plastic_Buoy,21.952737519161353,-160.07640958020366,388850.572188325,2427986.029365367,3.0,1,0.15951162785000939,0.5966809082032614,0.0,0.04785348835500281,False,False,2.8712093013001687,1.4356046506500844,3.8282790684002257,2d:area×thick_range×rho,1인,,,niihau_2_1391_11002_14653.jpg
2_1391_11002_14653_867,S102,net,Net,21.952842165261362,-160.07639650802582,388852.0034980194,2427997.604155835,3.0,1,0.36192337055613993,0.6066336059571699,0.0,0.04343080446673679,False,False,6.514620670010519,2.7144252791710497,16.286551675026296,2d:area×thick_range×rho,1인,절단기,,niihau_2_1391_11002_14653.jpg
2_1391_11017_10986_876,S105,eps_buoy,Styrofoam_Buoy,21.953510759029953,-160.07634144771635,388858.20933091186,2428071.57722685,3.0,1,1.825189421699285,2.0248779296879627,0.0,0.6388162975947497,False,False,15.970407439868742,6.844460331372318,18.251894216992852,2d:area×thick_range×rho,1인,,,niihau_2_1391_11017_10986.jpg
2_1391_11017_10986_877,S105,pet_bottle,PET_Bottle,21.95346851367113,-160.07633705824142,388858.629774136,2428066.897501875,3.0,1,0.3233051539422559,0.6582714843751504,0.0,0.019398309236535353,False,False,0.6401442048056667,0.5334535040047222,1.0669070080094445,2d:area×thick_range×rho,1인,,,niihau_2_1391_11017_10986.jpg
2_1391_11017_10986_878,S105,pet_bottle,PET_Bottle,21.953406207126203,-160.07634737068628,388857.51638519956,2428060.0076771677,3.0,1,0.25126116247188607,0.6041796875001381,0.0,0.015075669748313163,False,False,0.49749710169433436,0.414580918078612,0.829161836157224,2d:area×thick_range×rho,1인,,,niihau_2_1391_11017_10986.jpg
2_1391_11017_10986_879,S105,plastic_other,Plastic_ETC,21.953412505002884,-160.07636646136535,388855.54983075697,2428060.718696628,3.0,1,0.6126401702466426,0.8407458496095671,0.0,0.01837920510739928,False,False,1.4703364085919424,0.9802242723946282,4.901121361973141,2d:area×thick_range×rho,1인,,,niihau_2_1391_11017_10986.jpg
2_1391_11017_10986_880,S105,net,Net,21.95350607282553,-160.07643563566364,388848.47911668464,2428071.126788189,3.0,1,0.2569525696964246,0.5594001007081356,0.0,0.030834308363570952,False,False,4.625146254535643,1.9271442727231847,11.562865636339106,2d:area×thick_range×rho,1인,절단기,,niihau_2_1391_11017_10986.jpg
2_1391_11017_10986_881,S105,net,Net,21.95340793342786,-160.0763640773896,388855.7924638753,2428060.210896211,3.0,1,0.2638453646780266,0.5621264648438784,0.0,0.03166144376136319,False,False,4.749216564204479,1.9788402350851997,11.873041410511195,2d:area×thick_range×rho,1인,절단기,,niihau_2_1391_11017_10986.jpg
2_1391_11017_10986_882,S105,plastic_other,Plastic_ETC,21.953507309973304,-160.07634198517204,388858.1511473067,2428071.1958077634,3.0,1,1.1821249110324124,1.5861279296878623,0.0,0.03546374733097237,False,False,2.83709978647779,1.8913998576518598,9.456999288259299,2d:area×thick_range×rho,1인,,,niihau_2_1391_11017_10986.jpg
2_1391_11191_11822_891,S104,plastic_other,Plastic_ETC,21.953250628186968,-160.0763200649639,388860.21521889174,2428042.7653572247,3.0,1,0.4295198425056513,0.8761083984377002,0.0,0.012885595275169538,False,False,1.030847622013563,0.687231748009042,3.4361587400452103,2d:area×thick_range×rho,1인,,,niihau_2_1391_11191_11822.jpg
2_1391_11191_11822_892,S104,pet_bottle,PET_Bottle,21.95327787223204,-160.07635442580704,388856.688031741,2428045.806183168,3.0,1,0.3411124732853541,0.6414941406251465,0.0,0.020466748397121245,False,False,0.6754026971050011,0.5628355809208343,1.1256711618416686,2d:area×thick_range×rho,1인,,,niihau_2_1391_11191_11822.jpg
2_1391_11191_11822_893,S104,net,Net,21.953271117849983,-160.07629287186927,388863.0393223658,2428045.0138294646,3.0,1,0.1322859561324724,0.39662353515634063,0.0,0.015874314735896688,False,False,2.381147210384503,0.9921446709935431,5.9528680259612585,2d:area×thick_range×rho,1인,절단기,,niihau_2_1391_11191_11822.jpg
2_1391_11191_11822_894,S104,pet_bottle,PET_Bottle,21.95332777855954,-160.07632031583364,388860.24929848127,2428051.3060484277,3.0,1,0.4127317924620607,0.7140893554689132,0.0,0.024763907547723642,False,False,0.8172089490748802,0.6810074575624002,1.3620149151248004,2d:area×thick_range×rho,1인,,,niihau_2_1391_11191_11822.jpg
2_1391_11191_11822_895,S104,plastic_other,Plastic_ETC,21.953262087101713,-160.07635849667665,388856.25536806136,2428044.06172961,3.0,1,0.3564493248583515,0.643326416015772,0.0,0.010693479745750545,False,False,0.8554783796600436,0.5703189197733625,2.8515945988668125,2d:area×thick_range×rho,1인,,,niihau_2_1391_11191_11822.jpg
2_1391_11191_11822_896,S104,plastic_other,Plastic_ETC,21.95327309510845,-160.07635158600323,388856.9775777088,2428045.275298027,3.0,1,0.3109883853675356,0.5901660156251348,0.0,0.009329651561026067,False,False,0.7463721248820854,0.497581416588057,2.4879070829402847,2d:area×thick_range×rho,1인,,,niihau_2_1391_11191_11822.jpg
2_1391_11210_9216_903,S106,plastic_other,Plastic_ETC,21.953742393233252,-160.07630152986977,388862.51165493915,2428097.190069202,3.0,1,0.24808937444698226,0.5094140625001163,0.0,0.007442681233409468,False,False,0.5954144986727574,0.3969429991151716,1.984714995575858,2d:area×thick_range×rho,1인,,,niihau_2_1391_11210_9216.jpg
2_1391_11210_9216_904,S106,plastic_other,Plastic_ETC,21.953749227012874,-160.0762951311907,388863.1777439703,2428097.9419242474,3.0,1,1.0470609557514206,1.1901391601565219,0.0,0.031411828672542615,False,False,2.512946293803409,1.675297529202273,8.376487646011364,2d:area×thick_range×rho,1인,,,niihau_2_1391_11210_9216.jpg
2_1391_11210_9216_905,S106,net,Net,21.953736955717808,-160.07631158430874,388861.4691302702,2428096.5954316026,3.0,1,0.31018368730559215,0.5848535156251337,0.0,0.037222042476671054,False,False,5.583306371500658,2.326377654791941,13.958265928751647,2d:area×thick_range×rho,1인,절단기,,niihau_2_1391_11210_9216.jpg
2_1391_11210_9216_906,S106,net,Net,21.95372410595409,-160.07631497242463,388861.1092568288,2428095.1754263663,3.0,1,0.21161661230335368,0.46931640625010723,0.0,0.025393993476402442,False,False,3.809099021460366,1.587124592275153,9.522747553650916,2d:area×thick_range×rho,1인,절단기,,niihau_2_1391_11210_9216.jpg
2_1391_11210_9216_907,S106,plastic_buoy,Plastic_Buoy,21.953798180744634,-160.07629284596456,388863.4517961541,2428103.359421624,3.0,1,0.14295329816273428,0.431002807617286,0.0,0.04288598944882028,False,False,2.5731593669292168,1.2865796834646084,3.4308791559056226,2d:area×thick_range×rho,1인,,,niihau_2_1391_11210_9216.jpg
2_1391_11210_9216_908,S106,plastic_buoy,Plastic_Buoy,21.953787822168376,-160.0763172666672,388860.92187792814,2428102.2304452052,3.0,1,0.36655494461672367,0.6738305664064039,0.0,0.10996648338501709,False,False,6.597989003101025,3.2989945015505127,8.797318670801369,2d:area×thick_range×rho,1인,,,niihau_2_1391_11210_9216.jpg
2_1391_11210_9216_909,S106,plastic_other,Plastic_ETC,21.953720369907412,-160.0763881943108,388853.54490926326,2428094.81495996,3.0,1,0.28475140231860774,0.796746826172057,0.0,0.008542542069558233,False,False,0.6834033655646586,0.45560224370977237,2.278011218548862,2d:area×thick_range×rho,1인,,,niihau_2_1391_11210_9216.jpg
2_1391_11232_11353_918,S105,plastic_other,Plastic_ETC,21.95340031373107,-160.07634102386072,388858.16722520324,2428059.3506774944,3.0,1,0.3966596307547713,0.6569055175782751,0.0,0.011899788922643139,False,False,0.9519831138114511,0.6346554092076341,3.1732770460381703,2d:area×thick_range×rho,1인,,,niihau_2_1391_11232_11353.jpg
2_1391_11232_11353_919,S105,net,Net,21.953411875569603,-160.0763547255422,388856.7612733161,2428060.640505997,3.0,1,0.22889798137034503,0.5287268066407458,0.0,0.0274677577644414,False,False,4.12016366466621,1.7167348602775878,10.300409161665526,2d:area×thick_range×rho,1인,절단기,,niihau_2_1391_11232_11353.jpg
2_1391_11232_11353_920,S105,plastic_other,Plastic_ETC,21.95341244205172,-160.07636600526598,388855.5968821622,2428060.711397128,3.0,1,0.46572469535342276,0.6978399658204719,0.0,0.013971740860602683,False,False,1.1177392688482146,0.7451595125654764,3.725797562827382,2d:area×thick_range×rho,1인,,,niihau_2_1391_11232_11353.jpg
2_1391_11260_10677_929,S105,eps_buoy,Styrofoam_Buoy,21.953513961902736,-160.0763412577876,388858.23143479985,2428071.9316455782,3.0,1,2.9529306843651915,1.9229809570316894,0.0,1.033525739527817,False,False,25.838143488195424,11.073490066369468,29.529306843651916,2d:area×thick_range×rho,2인,,,niihau_2_1391_11260_10677.jpg
2_1391_11260_10677_930,S105,plastic_buoy,Plastic_Buoy_China,21.95355012067611,-160.07630298982372,388862.2113924417,2428075.9066474834,3.0,1,0.21200608737701926,0.5012866210938646,0.0,0.06360182621310577,False,False,3.8161095727863463,1.9080547863931732,5.088146097048463,2d:area×thick_range×rho,1인,,,niihau_2_1391_11260_10677.jpg
2_1391_11260_10677_931,S105,net,Net,21.95347776492588,-160.07638565972834,388853.6180037932,2428067.9568649246,3.0,1,0.2625087712706335,0.5459436035157498,0.0,0.03150105255247602,False,False,4.725157882871403,1.9688157845297514,11.812894707178506,2d:area×thick_range×rho,1인,절단기,,niihau_2_1391_11260_10677.jpg
2_1391_11260_10677_932,S105,pet_bottle,PET_Bottle,21.95346836144263,-160.07633708995695,388858.6263805797,2428066.8806732576,3.0,1,0.35632544250504566,0.695693359375159,0.0,0.02137952655030274,False,False,0.7055243761599904,0.5879369801333254,1.1758739602666508,2d:area×thick_range×rho,1인,,,niihau_2_1391_11260_10677.jpg
2_1391_11260_10677_933,S105,plastic_other,Plastic_ETC,21.953507572549984,-160.07634243268578,388858.10513776983,2428071.22519948,3.0,1,1.4374227420694243,1.824560546875417,0.0,0.043122682262082726,False,False,3.449814580966618,2.299876387311079,11.499381936555395,2d:area×thick_range×rho,1인,,,niihau_2_1391_11260_10677.jpg
2_1391_11272_6711_937,S107,net,Net,21.954268322401276,-160.07630720477363,388862.3345527747,2428155.4142967355,3.0,1,0.1458918347292315,0.45183349609385326,0.0,0.01750702016750778,False,False,2.626053025126167,1.0941887604692364,6.565132562815418,2d:area×thick_range×rho,1인,절단기,,niihau_2_1391_11272_6711.jpg
2_1391_11272_6711_938,S107,plastic_buoy,Plastic_Buoy,21.954212332963085,-160.07629452675263,388863.60024157085,2428149.207096256,3.0,1,0.24472551784526567,0.503203125000115,0.0,0.07341765535357969,False,False,4.4050593212147815,2.2025296606073907,5.873412428286376,2d:area×thick_range×rho,1인,,,niihau_2_1391_11272_6711.jpg
2_1391_11272_9629_946,S106,plastic_other,Plastic_ETC,21.953749228192716,-160.07629497278919,388863.1941026165,2428097.9419399635,3.0,1,1.0709447803979046,1.1414849853518234,0.0,0.03212834341193714,False,False,2.5702674729549715,1.7135116486366475,8.567558243183237,2d:area×thick_range×rho,1인,,,niihau_2_1391_11272_9629.jpg
2_1391_11272_9629_947,S106,net,Net,21.953737284511966,-160.076311596371,388861.46814027865,2428096.6318377093,3.0,1,0.2618950774827306,0.5122045898438671,0.0,0.03142740929792767,False,False,4.714111394689151,1.9642130811204797,11.785278486722877,2d:area×thick_range×rho,1인,절단기,,niihau_2_1391_11272_9629.jpg
2_1391_11272_9629_948,S105,pet_bottle,PET_Bottle,21.953663361931234,-160.07632449363896,388860.0787936307,2428088.4579979433,3.0,1,0.39537860834914634,0.7769519042970525,0.0,0.02372271650094878,False,False,0.7828496445313098,0.6523747037760915,1.304749407552183,2d:area×thick_range×rho,1인,,,niihau_2_1391_11272_9629.jpg
2_1391_11272_9629_949,S105,net,Net,21.953675372489347,-160.0763853271296,388853.80600659107,2428089.8316872404,3.0,1,0.12212408158300438,0.37511688232430446,0.0,0.014654889789960525,False,False,2.1982334684940787,0.9159306118725329,5.495583671235196,2d:area×thick_range×rho,1인,절단기,,niihau_2_1391_11272_9629.jpg
2_1391_11272_9629_950,S105,plastic_other,Plastic_ETC,21.953669700575304,-160.0763382774641,388858.6603002406,2428089.169680856,3.0,1,0.2609377226502896,0.512062988281367,0.0,0.007828131679508687,False,False,0.626250534360695,0.41750035624046333,2.0875017812023167,2d:area×thick_range×rho,1인,,,niihau_2_1391_11272_9629.jpg
2_1391_11272_9629_951,S106,plastic_other,Plastic_ETC,21.95374245972297,-160.07630159824535,388862.50464566017,2428097.1974791763,3.0,1,0.2496580319226929,0.5123974609376171,0.0,0.007489740957680787,False,False,0.599179276614463,0.3994528510763087,1.9972642553815434,2d:area×thick_range×rho,1인,,,niihau_2_1391_11272_9629.jpg
2_1391_11272_9629_952,S105,pet_bottle,PET_Bottle,21.953645855414283,-160.07633163768222,388859.3274335855,2428086.5252167005,3.0,1,0.154290098381113,0.5160473632813679,0.0,0.00925740590286678,False,False,0.3054943947946037,0.25457866232883647,0.5091573246576729,2d:area×thick_range×rho,1인,,,niihau_2_1391_11272_9629.jpg
2_1391_11272_9629_953,S105,net,Net,21.95365342032877,-160.07634056981493,388858.4109160216,2428087.369128042,3.0,1,0.15245489411957078,0.39505981445321525,0.0,0.01829458729434849,False,False,2.744188094152274,1.143411705896781,6.860470235380685,2d:area×thick_range×rho,1인,절단기,,niihau_2_1391_11272_9629.jpg
2_1391_11272_9629_954,S106,eps_fragment,Styrofoam_Piece,21.95371067922628,-160.0763026164604,388862.37478693045,2428093.680131808,3.0,1,0.2907813673274058,0.5765454101563817,0.0,0.008723441019822174,False,False,0.17446882039644346,0.11631254693096232,0.5815627346548116,2d:area×thick_range×rho,1인,,,niihau_2_1391_11272_9629.jpg
2_1391_11272_9629_955,S105,plastic_buoy,Plastic_Buoy,21.953645793520288,-160.0763470058515,388857.7403518975,2428086.529512355,3.0,1,0.14625801961130627,0.47551879882823367,0.0,0.04387740588339188,False,False,2.632644353003513,1.3163221765017565,3.5101924706713508,2d:area×thick_range×rho,1인,,,niihau_2_1391_11272_9629.jpg
2_1391_11272_9629_956,S105,plastic_other,Plastic_ETC,21.95368582874774,-160.0763166832564,388860.90282154275,2428090.9393987055,3.0,1,0.3102451582910048,0.6309277343751442,0.0,0.009307354748730144,False,False,0.7445883798984115,0.49639225326560765,2.4819612663280384,2d:area×thick_range×rho,1인,,,niihau_2_1391_11272_9629.jpg
2_1391_11272_9629_957,S105,net,Net,21.953657573238598,-160.07639071825866,388853.23543737736,2428087.8652292322,3.0,1,0.1655485850975674,0.4513719177247125,0.0,0.019865830211708086,False,False,2.979874531756213,1.2416143882317554,7.449686329390533,2d:area×thick_range×rho,1인,절단기,,niihau_2_1391_11272_9629.jpg
2_1391_11272_9629_958,S106,plastic_other,Plastic_ETC,21.953746822715782,-160.07628548682797,388864.17182380473,2428097.6687744614,3.0,1,0.3235945471824694,0.6500537109376485,0.0,0.009707836415474081,False,False,0.7766269132379265,0.517751275491951,2.588756377459755,2d:area×thick_range×rho,1인,,,niihau_2_1391_11272_9629.jpg
2_1391_11272_9629_959,S106,pet_bottle,PET_Bottle,21.953702653528442,-160.07631330855995,388861.2643999983,2428092.799446163,3.0,1,0.3145529492975719,0.6626049804689014,0.0,0.01887317695785431,False,False,0.6228148396091923,0.5190123663409937,1.0380247326819874,2d:area×thick_range×rho,1인,,,niihau_2_1391_11272_9629.jpg
2_1391_11272_9629_960,S105,pet_bottle,PET_Bottle,21.953677030547336,-160.07628745934556,388863.9138623249,2428089.944245265,3.0,1,0.457441443503112,0.6973779296876593,0.0,0.02744648661018672,False,False,0.9057340581361617,0.7547783817801349,1.5095567635602698,2d:area×thick_range×rho,1인,,,niihau_2_1391_11272_9629.jpg
2_1391_11304_10118_971,S105,plastic_other,Plastic_ETC,21.953644880693716,-160.07632697942714,388859.8077223995,2428086.4139367663,3.0,1,0.3794051529886072,0.6182934570313913,0.0,0.011382154589658217,False,False,0.9105723671726573,0.6070482447817716,3.0352412239088578,2d:area×thick_range×rho,1인,,,niihau_2_1391_11304_10118.jpg
2_1391_11304_10118_972,S105,plastic_other,Plastic_ETC,21.953669614292338,-160.07633838703143,388858.64891840017,2428089.160208847,3.0,1,0.24264333289174275,0.5151306152344927,0.0,0.007279299986752283,False,False,0.5823439989401826,0.3882293326267884,1.9411466631339422,2d:area×thick_range×rho,1인,,,niihau_2_1391_11304_10118.jpg
2_1391_11304_10118_973,S105,pet_bottle,PET_Bottle,21.953663404961475,-160.07632457366458,388860.07056303933,2428088.4628194165,3.0,1,0.38877188815492275,0.7680273437501755,0.0,0.023326313289295363,False,False,0.769768338546747,0.6414736154556225,1.282947230911245,2d:area×thick_range×rho,1인,,,niihau_2_1391_11304_10118.jpg
2_1391_11304_10118_974,S105,net,Net,21.953618849561984,-160.0763479703845,388857.6197964525,2428083.5475285826,3.0,1,0.15575413189984524,0.44984252929697777,0.0,0.018690495827981428,False,False,2.8035743741972143,1.1681559892488393,7.008935935493036,2d:area×thick_range×rho,1인,절단기,,niihau_2_1391_11304_10118.jpg
2_1391_11304_10118_975,S105,net,Net,21.95365342903873,-160.07634050399145,388858.41772022564,2428087.370044485,3.0,1,0.14912899622327944,0.4000146484375914,0.0,0.017895479546793533,False,False,2.68432193201903,1.118467471674596,6.710804830047575,2d:area×thick_range×rho,1인,절단기,,niihau_2_1391_11304_10118.jpg
2_1391_11304_10118_976,S105,rope,Rope,21.95363691635211,-160.07630237214934,388862.342663823,2428085.514439477,3.0,1,1.6914360145367962,1.646021728516001,0.0,0.050743080436103885,False,False,20.297232174441554,13.53148811629437,33.82872029073592,2d:area×thick_range×rho,2인,절단기,,niihau_2_1391_11304_10118.jpg
2_1391_11310_12281_982,S104,plastic_other,Plastic_ETC,21.953231056069047,-160.0763705807209,388854.9833462674,2428040.635374389,3.0,1,0.3074466750500266,0.6261148071290493,0.0,0.009223400251500797,False,False,0.7378720201200638,0.4919146800800426,2.4595734004002128,2d:area×thick_range×rho,1인,,,niihau_2_1391_11310_12281.jpg
2_1391_11310_12281_983,S104,net,Net,21.95318442862628,-160.0763423940219,388857.8578721299,2428035.453293641,3.0,1,0.29548024401678236,0.559970703125128,0.0,0.03545762928201388,False,False,5.318644392302082,2.2161018301258677,13.296610980755204,2d:area×thick_range×rho,1인,절단기,,niihau_2_1391_11310_12281.jpg
2_1391_11310_12281_984,S104,plastic_other,Plastic_ETC,21.95327295753905,-160.0763514692511,388856.9895274804,2428045.2599844746,3.0,1,0.3229501941412533,0.5902545166016974,0.0,0.009688505824237598,False,False,0.7750804659390078,0.5167203106260053,2.5836015531300265,2d:area×thick_range×rho,1인,,,niihau_2_1391_11310_12281.jpg
2_1391_11310_12281_985,S104,net,Net,21.953250456843325,-160.07632022914066,388860.1981314868,2428042.7465086468,3.0,1,0.2916934875102184,0.6033813476563878,0.0,0.03500321850122621,False,False,5.250482775183931,2.187701156326638,13.126206937959829,2d:area×thick_range×rho,1인,절단기,,niihau_2_1391_11310_12281.jpg
2_1391_11310_12281_986,S104,net,Net,21.9532310773567,-160.07635643342695,388856.4443238002,2428040.627469117,3.0,1,0.24514358717810392,0.5174694824219932,0.0,0.02941723046137247,False,False,4.412584569205871,1.8385769038357795,11.031461423014676,2d:area×thick_range×rho,1인,절단기,,niihau_2_1391_11310_12281.jpg
2_1391_11310_12281_987,S104,plastic_other,Plastic_ETC,21.953192655646,-160.07636942426757,388855.0729121794,2428036.383627121,3.0,1,0.5217108974794448,0.9196823120119288,0.0,0.01565132692438334,False,False,1.2521061539506673,0.8347374359671117,4.173687179835558,2d:area×thick_range×rho,1인,,,niihau_2_1391_11310_12281.jpg
2_1391_11321_12911_995,S104,net,Net,21.953147377238093,-160.07630406454243,388861.7872694656,2428031.3239214364,3.0,1,0.2361749575202501,0.5435070800782492,0.0,0.028340994902430014,False,False,4.251149235364502,1.771312181401876,10.627873088411254,2d:area×thick_range×rho,1인,절단기,,niihau_2_1391_11321_12911.jpg
2_1391_11321_12911_996,S104,plastic_other,Plastic_ETC,21.953129486500448,-160.07635570263602,388856.4407993336,2428029.3808800257,3.0,1,0.23984762791480654,0.5410144042969987,0.0,0.007195428837444196,False,False,0.5756343069955356,0.3837562046636905,1.9187810233184524,2d:area×thick_range×rho,1인,,,niihau_2_1391_11321_12911.jpg
2_1391_11321_12911_997,S104,plastic_other,Plastic_ETC,21.953106402297827,-160.07635779023332,388856.2072684006,2428026.826984128,3.0,1,0.31298207214787005,0.6080377197267014,0.0,0.009389462164436101,False,False,0.7511569731548882,0.5007713154365921,2.503856577182961,2d:area×thick_range×rho,1인,,,niihau_2_1391_11321_12911.jpg
2_1391_11321_12911_998,S104,rope,Rope,21.95309828209164,-160.076369059171,388855.0372342405,2428025.9362551463,3.0,1,0.40019945902023124,0.6476776123048354,0.0,0.012005983770606937,False,False,4.8023935082427744,3.20159567216185,8.003989180404625,2d:area×thick_range×rho,1인,절단기,,niihau_2_1391_11321_12911.jpg
2_1391_11349_7435_1008,S107,plastic_buoy,Plastic_Buoy,21.954154513562973,-160.07630065683625,388862.9222482485,2428142.8109621224,3.0,1,0.27391784778762085,0.5716979980470056,0.0,0.08217535433628625,False,False,4.9305212601771755,2.4652606300885878,6.5740283469029,2d:area×thick_range×rho,1인,,,niihau_2_1391_11349_7435.jpg
2_1391_11349_7435_1009,S108,plastic_other,Plastic_ETC,21.954109586541346,-160.07630604517107,388862.3308772561,2428137.841470268,3.0,1,0.5878160291197602,0.814238281250186,0.0,0.017634480873592803,False,False,1.4107584698874243,0.9405056465916163,4.702528232958081,2d:area×thick_range×rho,1인,,,niihau_2_1391_11349_7435.jpg
2_1391_11380_7806_1013,S108,pet_bottle,PET_Bottle,21.953974811516076,-160.07630653999666,388862.17498489976,2428122.9222972584,3.0,1,0.10282189217214514,0.5939086914063857,0.0,0.006169313530328708,False,False,0.20358734650084737,0.1696561220840395,0.339312244168079,2d:area×thick_range×rho,1인,,,niihau_2_1391_11380_7806.jpg
2_1391_11380_7806_1014,S108,net,Net,21.95399200294885,-160.07637826547867,388854.7814533001,2428124.877407598,3.0,1,0.10502711787303122,0.32926757812507523,0.0,0.012603254144763746,False,False,1.890488121714562,0.7877033840477342,4.726220304286405,2d:area×thick_range×rho,1인,절단기,,niihau_2_1391_11380_7806.jpg
2_1391_11407_7065_1016,S107,pet_bottle,PET_Bottle,21.954192418115813,-160.07626194189953,388866.94970285014,2428146.978897466,3.0,1,0.41837118047494937,0.7562988281251728,0.0,0.02510227082849696,False,False,0.8283749373403997,0.6903124477836665,1.380624895567333,2d:area×thick_range×rho,1인,,,niihau_2_1391_11407_7065.jpg
2_1391_11407_7065_1017,S108,plastic_other,Plastic_ETC,21.954110638876603,-160.07630618055254,388862.31771502027,2428137.9580614846,3.0,1,0.40792897061128186,0.6874792480470321,0.0,0.012237869118338456,False,False,0.9790295294670764,0.6526863529780511,3.263431764890255,2d:area×thick_range×rho,1인,,,niihau_2_1391_11407_7065.jpg
2_1391_11407_7065_1018,S107,plastic_buoy,Plastic_Buoy,21.9541545174795,-160.07630092040515,388862.89503327233,2428142.8115868564,3.0,1,0.2736953944714128,0.5698596191407552,0.0,0.08210861834142383,False,False,4.926517100485429,2.4632585502427147,6.568689467313908,2d:area×thick_range×rho,1인,,,niihau_2_1391_11407_7065.jpg
2_1391_11407_7065_1019,S107,net,Net,21.954167969695973,-160.0763138761477,388861.56758970796,2428144.3101382516,3.0,1,0.1381051370651161,0.37484130859383563,0.0,0.01657261644781393,False,False,2.4858924671720897,1.0357885279883707,6.214731167930224,2d:area×thick_range×rho,1인,절단기,,niihau_2_1391_11407_7065.jpg
2_1391_11452_8852_1022,S106,plastic_buoy,Plastic_Buoy,21.953798133881328,-160.07629222418666,388863.51596914383,2428103.3537828885,3.0,1,0.1875530406475924,0.4452246093751017,0.0,0.05626591219427772,False,False,3.3759547316566634,1.6879773658283317,4.501272975542218,2d:area×thick_range×rho,1인,,,niihau_2_1391_11452_8852.jpg
2_1391_11452_8852_1023,S106,eps_fragment,Styrofoam_Piece,21.953829140097405,-160.07627119409443,388865.711800979,2428106.7709028795,3.0,1,0.6237670138838757,0.8233911132814381,0.0,0.018713010416516268,False,False,0.37426020833032536,0.2495068055535503,1.2475340277677514,2d:area×thick_range×rho,1인,,,niihau_2_1391_11452_8852.jpg
2_1391_11452_8852_1024,S106,plastic_buoy,Plastic_Buoy,21.953796494900157,-160.07628592822556,388864.1648627367,2428103.167781867,3.0,1,0.1668072773785161,0.4118139648438441,0.0,0.05004218321355483,False,False,3.00253099281329,1.501265496406645,4.003374657084387,2d:area×thick_range×rho,1인,,,niihau_2_1391_11452_8852.jpg
2_1391_11452_8852_1025,S106,pet_bottle,PET_Bottle,21.953848497671803,-160.07627947582276,388864.8716188836,2428108.919784026,3.0,1,0.11656012636428438,0.4476440429688523,0.0,0.006993607581857062,False,False,0.23078905020128307,0.19232420850106924,0.3846484170021385,2d:area×thick_range×rho,1인,,,niihau_2_1391_11452_8852.jpg
2_1391_11452_8852_1026,S106,plastic_other,Plastic_ETC,21.9537877321683,-160.07631714492246,388860.9343802206,2428102.2203939334,3.0,1,0.3809880165533972,0.6547756958009309,0.0,0.011429640496601915,False,False,0.9143712397281533,0.6095808264854355,3.0479041324271776,2d:area×thick_range×rho,1인,,,niihau_2_1391_11452_8852.jpg
2_1391_11602_9287_1030,S106,plastic_other,Plastic_ETC,21.953749247557862,-160.0762948507671,388863.2067185859,2428097.9439951708,3.0,1,1.0310934798603002,1.1651464843752661,0.0,0.030932804395809005,False,False,2.4746243516647204,1.6497495677764804,8.248747838882402,2d:area×thick_range×rho,1인,,,niihau_2_1391_11602_9287.jpg
2_1391_11602_9287_1031,S106,plastic_other,Plastic_ETC,21.953742424133335,-160.0763016423349,388862.500064972,2428097.1935714004,3.0,1,0.24799587807070622,0.5091735839844913,0.0,0.007439876342121186,False,False,0.5951901073696949,0.39679340491313,1.9839670245656498,2d:area×thick_range×rho,1인,,,niihau_2_1391_11602_9287.jpg
2_1391_11602_9287_1032,S106,net,Net,21.953737061180327,-160.07631154918238,388861.4728396816,2428096.607080775,3.0,1,0.2983369744019084,0.5671887207032545,0.0,0.035800436928229006,False,False,5.370065539234351,2.2375273080143128,13.425163848085875,2d:area×thick_range×rho,1인,절단기,,niihau_2_1391_11602_9287.jpg
2_1391_11602_9287_1033,S106,eps_fragment,Styrofoam_Piece,21.95371060221783,-160.0763025735681,388862.3791564333,2428093.6715758983,3.0,1,0.27787815251959147,0.5848413085938836,0.0,0.008336344575587743,False,False,0.16672689151175485,0.1111512610078366,0.5557563050391829,2d:area×thick_range×rho,1인,,,niihau_2_1391_11602_9287.jpg
2_1391_11602_9287_1034,S106,plastic_buoy,Plastic_Buoy,21.953742232354802,-160.0762642182039,388866.36461242853,2428097.1451973696,3.0,1,0.1723793657661272,0.4184887695313456,0.0,0.051713809729838155,False,False,3.102828583790289,1.5514142918951446,4.137104778387053,2d:area×thick_range×rho,1인,,,niihau_2_1391_11602_9287.jpg
2_1391_11602_9287_1035,S106,plastic_other,Plastic_ETC,21.953746862852984,-160.07628538737453,388864.1821253213,2428097.6731454954,3.0,1,0.3265751251102987,0.6787939453126551,0.0,0.009797253753308961,False,False,0.7837803002647169,0.5225202001764779,2.61260100088239,2d:area×thick_range×rho,1인,,,niihau_2_1391_11602_9287.jpg
2_1391_11602_9287_1036,S106,net,Net,21.953743430146115,-160.07628599345676,388864.11686773814,2428097.293586076,3.0,1,0.18764194110640517,0.44228027343760107,0.0,0.02251703293276862,False,False,3.3775549399152927,1.4073145582980389,8.443887349788232,2d:area×thick_range×rho,1인,절단기,,niihau_2_1391_11602_9287.jpg
2_1391_11602_9287_1037,S106,plastic_buoy,Plastic_Buoy,21.953796511388216,-160.0762859110263,388864.1666516788,2428103.169594613,3.0,1,0.1710888901621885,0.4240893554688469,0.0,0.05132666704865655,False,False,3.079600022919393,1.5398000114596966,4.106133363892524,2d:area×thick_range×rho,1인,,,niihau_2_1391_11602_9287.jpg
2_1391_11732_7280_1044,S108,plastic_buoy,Plastic_Buoy,21.95414032930775,-160.0762715278731,388865.91928634123,2428141.219643717,3.0,1,0.15854246521003337,0.4091418457032185,0.0,0.04756273956301001,False,False,2.8537643737806007,1.4268821868903003,3.8050191650408007,2d:area×thick_range×rho,1인,,,niihau_2_1391_11732_7280.jpg
2_1391_11732_7280_1045,S107,plastic_buoy,Plastic_Buoy,21.954154488197666,-160.07630088577716,388862.89858643827,2428142.808320254,3.0,1,0.2674069536031515,0.5708740234376304,0.0,0.08022208608094544,False,False,4.813325164856726,2.406662582428363,6.417766886475635,2d:area×thick_range×rho,1인,,,niihau_2_1391_11732_7280.jpg
2_1391_11732_7280_1046,S108,plastic_other,Plastic_ETC,21.954109510793394,-160.07630603121214,388862.332259858,2428137.8330748808,3.0,1,0.5398222141175204,0.7859582519533046,0.0,0.01619466642352561,False,False,1.2955733138820489,0.8637155425880326,4.318577712940163,2d:area×thick_range×rho,1인,,,niihau_2_1391_11732_7280.jpg
2_1391_11794_6928_1051,S107,pet_bottle,PET_Bottle,21.954192506323675,-160.0762620342401,388866.94023568125,2428146.98872901,3.0,1,0.41759046117980486,0.757342529297048,0.0,0.02505542767078829,False,False,0.8268291131360136,0.689024260946678,1.378048521893356,2d:area×thick_range×rho,1인,,,niihau_2_1391_11794_6928.jpg
2_1391_11794_6928_1052,S107,plastic_buoy,Plastic_Buoy_China,21.954246887672376,-160.0762664952227,388866.5218450707,2428153.0119544184,3.0,1,0.17040933370202185,0.46360656738291844,0.0,0.051122800110606555,False,False,3.0673680066363933,1.5336840033181967,4.089824008848525,2d:area×thick_range×rho,1인,,,niihau_2_1391_11794_6928.jpg
2_1391_11794_6928_1053,S107,plastic_buoy,Plastic_Buoy,21.954154481012953,-160.07630095780056,388862.8911431986,2428142.8075771513,3.0,1,0.2731010541159045,0.5570486450196586,0.0,0.08193031623477136,False,False,4.915818974086282,2.457909487043141,6.554425298781709,2d:area×thick_range×rho,1인,,,niihau_2_1391_11794_6928.jpg
2_1391_11794_6928_1054,S107,plastic_buoy,Plastic_Buoy,21.954212308744708,-160.07629434498392,388863.6189934809,2428149.2042834493,3.0,1,0.23210712613026974,0.490876922607534,0.0,0.06963213783908091,False,False,4.177928270344855,2.0889641351724273,5.570571027126474,2d:area×thick_range×rho,1인,,,niihau_2_1391_11794_6928.jpg
2_1391_11794_6928_1055,S108,plastic_buoy,Plastic_Buoy,21.954140316425697,-160.0762715324335,388865.9188053847,2428141.218220987,3.0,1,0.1538484252334344,0.40260742187509196,0.0,0.046154527570030315,False,False,2.7692716542018188,1.3846358271009094,3.692362205602426,2d:area×thick_range×rho,1인,,,niihau_2_1391_11794_6928.jpg
2_1391_11882_7880_1061,S108,pet_bottle,PET_Bottle,21.95397360718638,-160.07623753295977,388869.30022134,2428122.73892686,3.0,1,0.1512749512539005,0.5200921630860563,0.0,0.00907649707523403,False,False,0.299524403482723,0.24960366956893582,0.49920733913787163,2d:area×thick_range×rho,1인,,,niihau_2_1391_11882_7880.jpg
2_1391_11882_7880_1062,S108,net,Net,21.953976501644497,-160.07623264868167,388869.80685812124,2428123.055799498,3.0,1,0.2037476801634766,0.5171850585938682,0.0,0.02444972161961719,False,False,3.667458242942579,1.5281076012260746,9.168645607356448,2d:area×thick_range×rho,1인,절단기,,niihau_2_1391_11882_7880.jpg
2_1391_11882_7880_1063,S108,net,Net,21.95396302343341,-160.07623538025337,388869.514296864,2428121.565749079,3.0,1,0.31688823292046364,0.7544387817384536,0.0,0.03802658795045564,False,False,5.703988192568346,2.376661746903477,14.259970481420863,2d:area×thick_range×rho,1인,절단기,,niihau_2_1391_11882_7880.jpg
2_1391_11885_8335_1064,S106,net,Net,21.9539427458603,-160.0762379794418,388869.2301200058,2428119.3229164924,3.0,1,0.2075345838838274,0.4891864013672993,0.0,0.024904150066059286,False,False,3.735622509908893,1.5565093791287057,9.339056274772233,2d:area×thick_range×rho,1인,절단기,,niihau_2_1391_11885_8335.jpg
2_1391_11885_8335_1065,S106,net,Net,21.953935876941365,-160.07625025411693,388867.9572061818,2428118.5714331497,3.0,1,0.20637804400930296,0.48955078125011187,0.0,0.024765365281116353,False,False,3.714804792167453,1.5478353300697725,9.287011980418633,2d:area×thick_range×rho,1인,절단기,,niihau_2_1391_11885_8335.jpg
2_1391_11885_8335_1066,S108,pet_bottle,PET_Bottle,21.953973705348165,-160.07623769780713,388869.28327431215,2428122.7499128855,3.0,1,0.14275479641190733,0.501231079101677,0.0,0.008565287784714439,False,False,0.2826544968955765,0.2355454140796471,0.4710908281592942,2d:area×thick_range×rho,1인,,,niihau_2_1391_11885_8335.jpg
2_1391_11885_8335_1067,S108,net,Net,21.953976590947388,-160.07623244219434,388869.8282509466,2428123.0655355244,3.0,1,0.20551195013532492,0.5253881835938701,0.0,0.02466143401623899,False,False,3.6992151024358484,1.541339626014937,9.248037756089621,2d:area×thick_range×rho,1인,절단기,,niihau_2_1391_11885_8335.jpg
2_1391_11885_8335_1068,S106,pet_bottle,PET_Bottle,21.95393966666585,-160.07624988506274,388867.9982639312,2428118.990686184,3.0,1,0.25586555894326934,0.5555895996095019,0.0,0.01535193353659616,False,False,0.5066138067076733,0.4221781722563944,0.8443563445127888,2d:area×thick_range×rho,1인,,,niihau_2_1391_11885_8335.jpg
2_1391_8393_28533_1071,S109,eps_fragment,Styrofoam_Piece,21.95027838497076,-160.07683437523028,388804.79154962744,2427714.112609076,3.0,1,0.28952964423014044,0.5943579101563858,0.0,0.008685889326904212,False,False,0.17371778653808426,0.11581185769205618,0.5790592884602809,2d:area×thick_range×rho,1인,,,niihau_2_1391_8393_28533.jpg
2_1391_8393_28533_1072,S109,plastic_buoy,Plastic_Buoy_China,21.9502283724386,-160.07685083044484,388803.05331922433,2427708.588186928,3.0,1,0.2533579419137205,0.5050488281251154,0.0,0.07600738257411616,False,False,4.56044295444697,2.280221477223485,6.0805906059292925,2d:area×thick_range×rho,1인,,,niihau_2_1391_8393_28533.jpg
2_1391_8393_28533_1073,S109,plastic_other,Plastic_ETC,21.950273418687313,-160.07685554223264,388802.60177003377,2427713.578202813,3.0,1,0.4218885282876035,0.6683227539064027,0.0,0.012656655848628105,False,False,1.0125324678902483,0.6750216452601655,3.375108226300828,2d:area×thick_range×rho,1인,,,niihau_2_1391_8393_28533.jpg
2_1391_8393_28533_1074,S109,eps_buoy,Styrofoam_Buoy,21.95030781498984,-160.07685031637874,388803.16819778254,2427717.382064231,3.0,1,0.5384580600621777,0.7901904296876805,0.0,0.18846032102176216,False,False,4.711508025544054,2.0192177252331662,5.384580600621777,2d:area×thick_range×rho,1인,,,niihau_2_1391_8393_28533.jpg
2_1392_-135_7683_1076,S108,eps_fragment,Styrofoam_Piece,21.954014315252707,-160.07619655278057,388873.56378409185,2428127.2155686,3.0,1,0.21551241235736704,0.5082910156250433,0.0,0.006465372370721011,False,False,0.1293074474144202,0.08620496494294681,0.43102482471473413,2d:area×thick_range×rho,1인,,,niihau_2_1392_-135_7683.jpg
2_1392_-135_7683_1077,S108,net,Net,21.954087494471725,-160.07617699872472,388875.6399717269,2428135.3022917975,3.0,1,0.2346408110976619,0.504704589843793,0.0,0.02815689733171943,False,False,4.223534599757914,1.7598060832324645,10.558836499394785,2d:area×thick_range×rho,1인,절단기,,niihau_2_1392_-135_7683.jpg
2_1392_-135_7683_1078,S108,pet_bottle,PET_Bottle,21.954002123811883,-160.07620053700663,388873.14286541025,2428125.8688714895,3.0,1,0.2376998528302121,0.4949487304687922,0.0,0.014261991169812726,False,False,0.47064570860382,0.39220475716985,0.7844095143397,2d:area×thick_range×rho,1인,,,niihau_2_1392_-135_7683.jpg
2_1392_-135_7683_1079,S108,plastic_buoy,Plastic_Buoy_China,21.954100340653742,-160.0761853509854,388874.78744404943,2428136.7304155864,3.0,1,0.21101221221037078,0.49871826171879247,0.0,0.06330366366311123,False,False,3.7982198197866737,1.8991099098933368,5.064293093048899,2d:area×thick_range×rho,1인,,,niihau_2_1392_-135_7683.jpg
2_1392_-156_8032_1085,S108,eps_fragment,Styrofoam_Piece,21.954014251409873,-160.07619649486261,388873.5697154873,2428127.2084592236,3.0,1,0.21694356358054998,0.5073486328125433,0.0,0.006508306907416499,False,False,0.13016613814832997,0.08677742543221999,0.4338871271611,2d:area×thick_range×rho,1인,,,niihau_2_1392_-156_8032.jpg
2_1392_-156_8032_1086,S108,pet_bottle,PET_Bottle,21.95394536858972,-160.0762201989713,388871.06830130855,2428119.6003555283,3.0,1,0.20698499450091076,0.5181542968750441,0.0,0.012419099670054645,False,False,0.4098302891118033,0.34152524092650277,0.6830504818530055,2d:area×thick_range×rho,1인,,,niihau_2_1392_-156_8032.jpg
2_1392_-285_8335_1091,S108,pet_bottle,PET_Bottle,21.953945465668536,-160.07622019123852,388871.0691753301,2428119.611096498,3.0,1,0.2156739502758155,0.5304211425781702,0.0,0.01294043701654893,False,False,0.4270344215461147,0.3558620179550956,0.7117240359101912,2d:area×thick_range×rho,1인,,,niihau_2_1392_-285_8335.jpg
2_1392_-84_7311_1095,S108,plastic_other,Plastic_ETC,21.95411819598984,-160.07621477015292,388871.7632898553,2428138.728329631,3.0,1,0.5594968289733887,0.8194091796875698,0.0,0.016784904869201662,False,False,1.342792389536133,0.895194926357422,4.47597463178711,2d:area×thick_range×rho,1인,,,niihau_2_1392_-84_7311.jpg
2_1392_-84_7311_1096,S107,net,Net,21.954158263928427,-160.0762022243594,388873.09001076233,2428143.1547324015,3.0,1,0.12746850355493214,0.39372436523440857,0.0,0.015296220426591857,False,False,2.2944330639887784,0.9560137766619912,5.736082659971946,2d:area×thick_range×rho,1인,절단기,,niihau_2_1392_-84_7311.jpg
2_1392_-84_7311_1097,S108,plastic_buoy,Plastic_Buoy_China,21.954100339150646,-160.07618539573957,388874.7828212438,2428136.730281653,3.0,1,0.21422942721847368,0.49859863281254246,0.0,0.06426882816554211,False,False,3.8561296899325264,1.9280648449662632,5.141506253243369,2d:area×thick_range×rho,1인,,,niihau_2_1392_-84_7311.jpg
2_1392_-84_7311_1098,S107,plastic_buoy,Plastic_Buoy,21.95416576521865,-160.07615015135127,388878.4732762487,2428143.94735559,3.0,1,0.1770154407576028,0.42200439453128596,0.0,0.05310463222728084,False,False,3.1862779336368505,1.5931389668184253,4.248370578182468,2d:area×thick_range×rho,1인,,,niihau_2_1392_-84_7311.jpg
2_1392_12_6950_1106,S107,plastic_buoy,Plastic_Buoy,21.95416576850002,-160.07615016048985,388878.4723350849,2428143.9477254637,3.0,1,0.17670048028233679,0.42797851562503647,0.0,0.05301014408470103,False,False,3.180608645082062,1.590304322541031,4.240811526776083,2d:area×thick_range×rho,1인,,,niihau_2_1392_12_6950.jpg
2_1392_12_6950_1107,S107,plastic_buoy,Plastic_Buoy_China,21.95413240935795,-160.07614392141855,388879.09069217666,2428140.250359436,3.0,1,0.13300657968523386,0.37215820312503173,0.0,0.039901973905570154,False,False,2.3941184343342092,1.1970592171671046,3.1921579124456128,2d:area×thick_range×rho,1인,,,niihau_2_1392_12_6950.jpg
2_1392_12_6950_1108,S107,net,Net,21.95415842880487,-160.0762021392378,388873.0989292198,2428143.172922409,3.0,1,0.11009491523804156,0.387916259765658,0.0,0.013211389828564986,False,False,1.981708474284748,0.8257118642853117,4.95427118571187,2d:area×thick_range×rho,1인,절단기,,niihau_2_1392_12_6950.jpg
2_1392_12_6950_1109,S107,net,Net,21.954236141895933,-160.07616658081096,388876.83136604365,2428151.749935876,3.0,1,0.12392215534208591,0.353391571044952,0.0,0.014870658641050308,False,False,2.230598796157546,0.9294161650656444,5.576496990393865,2d:area×thick_range×rho,1인,절단기,,niihau_2_1392_12_6950.jpg
2_1392_12_6950_1110,S107,pet_bottle,PET_Bottle,21.95421835021572,-160.07615810254893,388877.69305998366,2428149.774256448,3.0,1,0.23855118453208696,0.5444653320312964,0.0,0.014313071071925218,False,False,0.47233134537353216,0.3936094544779435,0.787218908955887,2d:area×thick_range×rho,1인,,,niihau_2_1392_12_6950.jpg
2_1392_12_6950_1111,S107,net,Net,21.954132512948263,-160.07614867459452,388878.59992545156,2428140.26527399,3.0,1,0.1539944654107356,0.411096191406285,0.0,0.01847933584928827,False,False,2.7719003773932407,1.154958490580517,6.929750943483103,2d:area×thick_range×rho,1인,절단기,,niihau_2_1392_12_6950.jpg
2_1392_12_6950_1112,S107,pet_bottle,PET_Bottle,21.954141535989784,-160.07618200656103,388875.16484098893,2428141.288294259,3.0,1,0.17080324178042938,0.5688037109375484,0.0,0.010248194506825762,False,False,0.33819041872525013,0.2818253489377085,0.563650697875417,2d:area×thick_range×rho,1인,,,niihau_2_1392_12_6950.jpg
2_1392_12_6950_1113,S107,pet_bottle,PET_Bottle,21.954171705324175,-160.076169460387,388876.48390441935,2428144.6189261884,3.0,1,0.2807715548873426,0.5355126953125456,0.0,0.016846293293240555,False,False,0.5559276786769383,0.46327306556411535,0.9265461311282307,2d:area×thick_range×rho,1인,,,niihau_2_1392_12_6950.jpg
2_1392_12_6950_1114,S107,pet_bottle,PET_Bottle,21.954244251286465,-160.07619314346906,388874.0946209832,2428152.6669063536,3.0,1,0.07878638358473723,0.4549652099609763,0.0,0.004727183015084234,False,False,0.1559970394977797,0.12999753291481644,0.2599950658296329,2d:area×thick_range×rho,1인,,,niihau_2_1392_12_6950.jpg
2_1392_12_6950_1115,S107,plastic_other,Plastic_ETC,21.954157113026053,-160.0761931850046,388874.0225848453,2428143.020772103,3.0,1,0.7966393517286943,0.9331127929688295,0.0,0.023899180551860827,False,False,1.9119344441488662,1.274622962765911,6.373114813829554,2d:area×thick_range×rho,1인,,,niihau_2_1392_12_6950.jpg
2_1392_1451_2909_1120,S110,plastic_other,Plastic_ETC,21.954872016907267,-160.07585755689806,388909.2376050232,2428221.916910474,3.0,1,0.27996993970875744,0.5601586914062977,0.0,0.008399098191262723,False,False,0.6719278553010178,0.4479519035340119,2.2397595176700595,2d:area×thick_range×rho,1인,,,niihau_2_1392_1451_2909.jpg
2_1392_1451_2909_1121,S110,plastic_other,Plastic_ETC,21.95491946515892,-160.07589309831565,388905.6042410832,2428227.195179601,3.0,1,0.5437823009491893,0.7597045898438147,0.0,0.01631346902847568,False,False,1.3050775222780544,0.870051681518703,4.350258407593515,2d:area×thick_range×rho,1인,,,niihau_2_1392_1451_2909.jpg
2_1392_1451_2909_1122,S110,pet_bottle,PET_Bottle,21.95486287673079,-160.07590784341815,388904.0375787184,2428220.941558665,3.0,1,0.23357225537304088,0.7043762207031851,0.0,0.014014335322382452,False,False,0.4624730656386209,0.3853942213655175,0.770788442731035,2d:area×thick_range×rho,1인,,,niihau_2_1392_1451_2909.jpg
2_1392_1451_2909_1123,S110,pet_bottle,PET_Bottle,21.954908801032197,-160.0758482305271,388910.22929837793,2428225.982133651,3.0,1,0.12262304186823073,0.4082617187500348,0.0,0.007357382512093843,False,False,0.2427936228990968,0.2023280190825807,0.4046560381651614,2d:area×thick_range×rho,1인,,,niihau_2_1392_1451_2909.jpg
2_1392_1451_2909_1124,S110,plastic_buoy,Plastic_Buoy_China,21.95488107201407,-160.07587632101092,388907.30693560204,2428222.9329116996,3.0,1,0.1683978071451474,0.46770507812503986,0.0,0.05051934214354422,False,False,3.031160528612653,1.5155802643063265,4.041547371483538,2d:area×thick_range×rho,1인,,,niihau_2_1392_1451_2909.jpg
2_1392_1451_2909_1125,S110,pet_bottle,PET_Bottle,21.954879354533006,-160.07583333333983,388911.7447943594,2428222.7116189264,3.0,1,0.40432349174029564,0.8010278320313182,0.0,0.024259409504417736,False,False,0.8005605136457853,0.6671337613714878,1.3342675227429757,2d:area×thick_range×rho,1인,,,niihau_2_1392_1451_2909.jpg
2_1392_1514_4035_1126,S110,plastic_buoy,Plastic_Buoy_China,21.954694552583113,-160.07590252369977,388904.45609447104,2428202.3042975757,3.0,1,0.14423975891547872,0.3843347167969077,0.0,0.043271927674643614,False,False,2.596315660478617,1.2981578302393084,3.4617542139714894,2d:area×thick_range×rho,1인,,,niihau_2_1392_1514_4035.jpg
2_1392_1514_4035_1127,S110,pet_bottle,PET_Bottle,21.954753493267923,-160.07583837145333,388911.1267021841,2428208.782489192,3.0,1,0.25283755190674795,0.5812390136719245,0.0,0.015170253114404876,False,False,0.5006183527753609,0.41718196064613416,0.8343639212922683,2d:area×thick_range×rho,1인,,,niihau_2_1392_1514_4035.jpg
2_1392_1514_4035_1128,S110,pet_bottle,PET_Bottle,21.954739374139574,-160.07589305086535,388905.46916203585,2428207.2591541517,3.0,1,0.4027508196011872,0.6896746826172463,0.0,0.02416504917607123,False,False,0.7974466228103506,0.664538852341959,1.329077704683918,2d:area×thick_range×rho,1인,,,niihau_2_1392_1514_4035.jpg
2_1392_1514_4035_1129,S110,plastic_buoy,Plastic_Buoy_China,21.954748109988223,-160.07584348780478,388910.5941690947,2428208.1902722474,3.0,1,0.12573577755691764,0.37420166015628187,0.0,0.03772073326707529,False,False,2.2632439960245176,1.1316219980122588,3.0176586613660237,2d:area×thick_range×rho,1인,,,niihau_2_1392_1514_4035.jpg
2_1392_1514_4035_1130,S110,plastic_other,Plastic_ETC,21.954714899456405,-160.0758792589508,388906.8743854685,2428204.539818152,3.0,1,0.3587262794733659,0.621816406250053,0.0,0.010761788384200976,False,False,0.8609430707360781,0.5739620471573854,2.869810235786927,2d:area×thick_range×rho,1인,,,niihau_2_1392_1514_4035.jpg
2_1392_1514_4035_1131,S110,pet_bottle,PET_Bottle,21.95467608489737,-160.0759130847278,388903.3511363126,2428200.2675911365,3.0,1,0.1474941463619722,0.5007385253906677,0.0,0.00884964878171833,False,False,0.2920384097967049,0.24336534149725414,0.4867306829945083,2d:area×thick_range×rho,1인,,,niihau_2_1392_1514_4035.jpg
2_1392_1514_4035_1132,S110,plastic_other,Plastic_ETC,21.954733742309994,-160.0758282728875,388912.1541975564,2428206.5887456685,3.0,1,0.45319606429346176,0.6822216796875581,0.0,0.013595881928803852,False,False,1.0876705543043081,0.7251137028695388,3.6255685143476946,2d:area×thick_range×rho,1인,,,niihau_2_1392_1514_4035.jpg
2_1392_1514_4035_1133,S110,pet_bottle,PET_Bottle,21.954683840927746,-160.07587298190657,388907.4984554509,2428201.0971024567,3.0,1,0.17456986245515937,0.42356567382816107,0.0,0.010474191747309562,False,False,0.34564832766121556,0.288040273051013,0.576080546102026,2d:area×thick_range×rho,1인,,,niihau_2_1392_1514_4035.jpg
2_1392_1514_4035_1134,S110,pet_bottle,PET_Bottle,21.954711868221487,-160.07587586171445,388907.222851129,2428204.2017986593,3.0,1,0.2491808863342233,0.5378637695312958,0.0,0.014950853180053398,False,False,0.4933781549417621,0.4111484624514685,0.822296924902937,2d:area×thick_range×rho,1인,,,niihau_2_1392_1514_4035.jpg
2_1392_1544_3710_1138,S110,pet_bottle,PET_Bottle,21.954753373913867,-160.07583840491833,388911.12315359863,2428208.7693010177,3.0,1,0.23522750433687403,0.5508154296875469,0.0,0.014113650260212442,False,False,0.4657504585870106,0.3881253821558422,0.7762507643116844,2d:area×thick_range×rho,1인,,,niihau_2_1392_1544_3710.jpg
2_1392_1544_3710_1139,S110,plastic_buoy,Plastic_Buoy_China,21.95481498733245,-160.07588403837815,388906.458623633,2428215.6229642094,3.0,1,0.21679353881482005,0.4824780273437911,0.0,0.06503806164444602,False,False,3.902283698666761,1.9511418493333805,5.203044931555682,2d:area×thick_range×rho,1인,,,niihau_2_1392_1544_3710.jpg
2_1392_1544_3710_1140,S110,plastic_other,Plastic_ETC,21.954802667835118,-160.07590273499196,388904.5183100453,2428214.2727581845,3.0,1,0.2496590718329378,0.5314697265625453,0.0,0.007489772154988134,False,False,0.5991817723990507,0.3994545149327005,1.9972725746635025,2d:area×thick_range×rho,1인,,,niihau_2_1392_1544_3710.jpg
2_1392_1544_3710_1141,S110,pet_bottle,PET_Bottle,21.954739023970188,-160.07589316218588,388905.457394149,2428207.2204712806,3.0,1,0.33501552153831465,0.6892236328125587,0.0,0.02010093129229888,False,False,0.663330732645863,0.5527756105382192,1.1055512210764384,2d:area×thick_range×rho,1인,,,niihau_2_1392_1544_3710.jpg
2_1392_1544_3710_1142,S110,plastic_other,Plastic_ETC,21.954733904234608,-160.07582820110048,388912.161736622,2428206.6066185986,3.0,1,0.44169090815790074,0.6753466796875576,0.0,0.013250727244737021,False,False,1.0600581795789616,0.7067054530526412,3.533527265263206,2d:area×thick_range×rho,1인,,,niihau_2_1392_1544_3710.jpg
2_1392_1544_3710_1143,S110,pet_bottle,PET_Bottle,21.954724160519287,-160.07586448000342,388908.4077580371,2428205.554297776,3.0,1,0.20306371453407887,0.4744311523437904,0.0,0.012183822872044732,False,False,0.40206615477747615,0.33505512898123013,0.6701102579624603,2d:area×thick_range×rho,1인,,,niihau_2_1392_1544_3710.jpg
2_1392_1544_3710_1144,S110,plastic_buoy,Plastic_Buoy_China,21.95474808646412,-160.0758435829867,388910.5843216825,2428208.187737152,3.0,1,0.12235932159425912,0.36812500000003134,0.0,0.03670779647827774,False,False,2.2024677886966644,1.1012338943483322,2.936623718262219,2d:area×thick_range×rho,1인,,,niihau_2_1392_1544_3710.jpg
2_1392_1544_3710_1145,S110,plastic_buoy,Plastic_Buoy_China,21.954820164536322,-160.0758857591495,388906.2849492737,2428216.1973259244,3.0,1,0.11784177565949183,0.3664703369140937,0.0,0.03535253269784755,False,False,2.121151961870853,1.0605759809354265,2.828202615827804,2d:area×thick_range×rho,1인,,,niihau_2_1392_1544_3710.jpg
2_1392_1884_3793_1149,S110,pet_bottle,PET_Bottle,21.954753592881236,-160.07583853276896,388911.11012106435,2428208.7936332994,3.0,1,0.27232039774809946,0.5693286132812985,0.0,0.01633922386488597,False,False,0.5391943875412369,0.44932865628436414,0.8986573125687283,2d:area×thick_range×rho,1인,,,niihau_2_1392_1884_3793.jpg
2_1392_1884_3793_1150,S110,plastic_other,Plastic_ETC,21.95473381696693,-160.075828197518,388912.16203874664,2428206.59695551,3.0,1,0.4339523196757579,0.6684399414063069,0.0,0.013018569590272738,False,False,1.041485567221819,0.6943237114812127,3.471618557406064,2d:area×thick_range×rho,1인,,,niihau_2_1392_1884_3793.jpg
2_1392_1884_3793_1151,S110,plastic_buoy,Plastic_Buoy_China,21.954748110101363,-160.07584358207043,388910.5844346726,2428208.1903531197,3.0,1,0.12193519541213504,0.3613549804687808,0.0,0.03658055862364051,False,False,2.194833517418431,1.0974167587092154,2.926444689891241,2d:area×thick_range×rho,1인,,,niihau_2_1392_1884_3793.jpg
2_1442_7156_21213_1157,S111,plastic_other,Plastic_ETC,21.956350906233567,-160.07479562922978,389020.04769194755,2428384.8596572946,3.0,1,0.27006069451575115,0.528198242187545,0.0,0.008101820835472534,False,False,0.6481456668378027,0.4320971112252019,2.1604855561260097,2d:area×thick_range×rho,1인,,,niihau_2_1442_7156_21213.jpg
2_1442_7156_21213_1158,S111,plastic_other,Plastic_ETC,21.956365684549613,-160.07479909401465,389019.70137471956,2428386.4981196146,3.0,1,0.23755500988070244,0.5248999023437947,0.0,0.007126650296421073,False,False,0.5701320237136858,0.3800880158091239,1.9004400790456197,2d:area×thick_range×rho,1인,,,niihau_2_1442_7156_21213.jpg
2_1442_7156_21213_1159,S111,plastic_buoy,Plastic_Buoy_China,21.956320134240034,-160.0748223017718,389017.2694405346,2428381.472533649,3.0,1,0.10244438052179174,0.32528076171877773,0.0,0.03073331415653752,False,False,1.8439988493922512,0.9219994246961256,2.458665132523002,2d:area×thick_range×rho,1인,,,niihau_2_1442_7156_21213.jpg
2_1442_7156_21213_1160,S111,plastic_buoy,Plastic_Buoy_China,21.95639071967056,-160.07478898541348,389020.7646855267,2428389.262173035,3.0,1,0.10885789954515167,0.3462878417969045,0.0,0.0326573698635455,False,False,1.9594421918127298,0.9797210959063649,2.6125895890836404,2d:area×thick_range×rho,1인,,,niihau_2_1442_7156_21213.jpg
2_1442_9018_20476_1162,S112,plastic_other,Plastic_ETC,21.956516392933814,-160.07445095086607,389055.7695661151,2428402.9293163577,3.0,1,0.23134125436771877,0.5444918823242652,0.0,0.006940237631031563,False,False,0.5552190104825251,0.37014600698835004,1.8507300349417501,2d:area×thick_range×rho,1인,,,niihau_2_1442_9018_20476.jpg
2_1442_9018_20476_1163,S112,plastic_other,Plastic_ETC,21.956534003718662,-160.0743834986433,389062.7487205084,2428404.829977543,3.0,1,0.3599504898429531,0.6018945312500513,0.0,0.010798514695288593,False,False,0.8638811756230874,0.5759207837487249,2.8796039187436246,2d:area×thick_range×rho,1인,,,niihau_2_1442_9018_20476.jpg
2_1442_9018_20476_1164,S112,pet_bottle,PET_Bottle,21.9564907297162,-160.0743943879143,389061.5906440619,2428400.0474516368,3.0,1,0.11433734333517116,0.41713867187503556,0.0,0.00686024060011027,False,False,0.2263879398036389,0.18865661650303245,0.3773132330060649,2d:area×thick_range×rho,1인,,,niihau_2_1442_9018_20476.jpg
2_1442_9018_20476_1165,S112,pet_bottle,PET_Bottle,21.956499285708755,-160.07439818880738,389061.20478459063,2428400.9973481135,3.0,1,0.1482389787316575,0.5266650390625449,0.0,0.00889433872389945,False,False,0.29351317788868186,0.24459431490723488,0.48918862981446976,2d:area×thick_range×rho,1인,,,niihau_2_1442_9018_20476.jpg
2_1442_9018_20476_1166,S112,plastic_other,Plastic_ETC,21.956500845500276,-160.07447047668438,389053.7411542081,2428401.2223628066,3.0,1,0.2929959694147609,0.5748486328125489,0.0,0.008789879082442827,False,False,0.7031903265954262,0.46879355106361753,2.3439677553180873,2d:area×thick_range×rho,1인,,,niihau_2_1442_9018_20476.jpg
2_1442_9018_20476_1167,S112,net,Net,21.9565480166968,-160.07443390023073,389057.5548563137,2428406.417704371,3.0,1,0.13109417142497748,0.4082257080078473,0.0,0.015731300570997298,False,False,2.359695085649595,0.9832062856873311,5.899237714123987,2d:area×thick_range×rho,1인,절단기,,niihau_2_1442_9018_20476.jpg
2_1442_9457_19562_1170,S112,plastic_other,Plastic_ETC,21.95666678324347,-160.0743558278255,389065.709225376,2428419.5085697463,3.0,1,0.8096190923453757,0.9676684570313324,0.0,0.02428857277036127,False,False,1.9430858216289015,1.2953905477526013,6.476952738763005,2d:area×thick_range×rho,1인,,,niihau_2_1442_9457_19562.jpg
2_1442_9457_19562_1171,S112,eps_fragment,Styrofoam_Piece,21.956622395785953,-160.07434414888084,389066.88080159784,2428414.5864432845,3.0,1,0.2421734181642945,0.49685058593754233,0.0,0.007265202544928835,False,False,0.1453040508985767,0.0968693672657178,0.48434683632858905,2d:area×thick_range×rho,1인,,,niihau_2_1442_9457_19562.jpg
2_1442_9457_19562_1172,S112,pet_bottle,PET_Bottle,21.956664365761924,-160.07431787777614,389069.6262737623,2428419.213476905,3.0,1,0.23720244153593054,0.49086181640629184,0.0,0.014232146492155831,False,False,0.4696608342411424,0.39138402853428544,0.7827680570685709,2d:area×thick_range×rho,1인,,,niihau_2_1442_9457_19562.jpg
2_1443_13296_-153_1174,S113,pet_bottle,PET_Bottle,21.9617646636299,-160.07051531177706,389466.2446056907,2428981.065187691,3.0,1,0.26002057224516534,0.5687060546875484,0.0,0.01560123433470992,False,False,0.5148407330454273,0.42903394420452284,0.8580678884090457,2d:area×thick_range×rho,1인,,,niihau_2_1443_13296_-153.jpg
2_1443_14650_2083_1179,S114,pet_bottle,PET_Bottle,21.96141252808678,-160.07022105034142,389496.3581602172,2428941.8716501817,3.0,1,0.30623297208850836,0.6109936523438021,0.0,0.0183739783253105,False,False,0.6063412847352465,0.5052844039460388,1.0105688078920776,2d:area×thick_range×rho,1인,,,niihau_2_1443_14650_2083.jpg
2_1443_14650_2083_1180,S114,plastic_other,Plastic_ETC,21.961391265826,-160.0702661644692,389491.68314899475,2428939.550476504,3.0,1,0.2780530704260346,0.5468408203125465,0.0,0.008341592112781038,False,False,0.667327369022483,0.44488491268165536,2.2244245634082773,2d:area×thick_range×rho,1인,,,niihau_2_1443_14650_2083.jpg
2_1443_14650_2083_1181,S114,plastic_buoy,Plastic_Buoy,21.96135888849454,-160.07017174115498,389501.4084336839,2428935.898203882,3.0,1,0.15798484337332555,0.41622558593753545,0.0,0.047395453011997664,False,False,2.84372718071986,1.42186359035993,3.7916362409598134,2d:area×thick_range×rho,1인,,,niihau_2_1443_14650_2083.jpg
2_1443_14996_2340_1187,S114,pet_bottle,PET_Bottle,21.96134827554303,-160.07015824580796,389502.7937807049,2428934.7136204606,3.0,1,0.32947678496247185,0.6784814453125578,0.0,0.01976860709774831,False,False,0.6523640342256942,0.5436366951880786,1.0872733903761571,2d:area×thick_range×rho,1인,,,niihau_2_1443_14996_2340.jpg
2_1443_14996_2340_1188,S114,plastic_buoy,Plastic_Buoy,21.961358998530866,-160.07017170961197,389501.4117759678,2428935.9103620895,3.0,1,0.1764087725229862,0.43498657226566206,0.0,0.052922631756895856,False,False,3.1753579054137515,1.5876789527068758,4.233810540551669,2d:area×thick_range×rho,1인,,,niihau_2_1443_14996_2340.jpg
2_1443_14996_2340_1189,S114,pet_bottle,PET_Bottle,21.961347409719732,-160.07013573914693,389505.1171907036,2428934.6015385264,3.0,1,0.7948032654525203,1.1122167968750947,0.0,0.04768819592715122,False,False,1.5737104655959901,1.3114253879966586,2.6228507759933173,2d:area×thick_range×rho,1인,,,niihau_2_1443_14996_2340.jpg
2_1443_14996_2340_1190,S114,pet_bottle,PET_Bottle,21.961368298734214,-160.07014817710083,389503.8489787191,2428936.922913613,3.0,1,0.1630041341781894,0.5017773437500428,0.0,0.009780248050691364,False,False,0.32274818567281505,0.26895682139401256,0.5379136427880251,2d:area×thick_range×rho,1인,,,niihau_2_1443_14996_2340.jpg
2_1443_1542_19434_1192,S115,pet_bottle,PET_Bottle,21.958237430603706,-160.07270618545957,389237.27741075715,2428592.184840782,3.0,1,0.2275136757970244,0.5760302734375491,0.0,0.013650820547821463,False,False,0.4504770780781083,0.37539756506509026,0.7507951301301805,2d:area×thick_range×rho,1인,,,niihau_2_1443_1542_19434.jpg
2_1443_1542_19434_1193,S115,pet_bottle,PET_Bottle,21.958237909867865,-160.0726993450122,389237.98415531503,2428592.2329493137,3.0,1,0.23236760232154513,0.6625463867188065,0.0,0.013942056139292707,False,False,0.46008785259665935,0.38340654383054945,0.7668130876610989,2d:area×thick_range×rho,1인,,,niihau_2_1443_1542_19434.jpg
2_1443_1542_19434_1194,S115,pet_bottle,PET_Bottle,21.95827838156341,-160.07271301937115,389236.6034530625,2428596.723032213,3.0,1,0.12539269832672825,0.3721166992187817,0.0,0.007523561899603695,False,False,0.24827754268692193,0.20689795223910162,0.41379590447820325,2d:area×thick_range×rho,1인,,,niihau_2_1443_1542_19434.jpg
2_1443_1642_19861_1200,S115,pet_bottle,PET_Bottle,21.95823817279947,-160.07269941046542,389237.9776001371,2428592.2621030323,3.0,1,0.2808124807119848,0.7246875000000618,0.0,0.016848748842719086,False,False,0.5560087118097299,0.46334059317477494,0.9266811863495499,2d:area×thick_range×rho,1인,,,niihau_2_1443_1642_19861.jpg
2_1443_1642_19861_1201,S115,pet_bottle,PET_Bottle,21.958237285010505,-160.0727063944881,389237.2557127521,2428592.1688748207,3.0,1,0.20446039109494293,0.5430346679687963,0.0,0.012267623465696575,False,False,0.404831574367987,0.33735964530665585,0.6747192906133117,2d:area×thick_range×rho,1인,,,niihau_2_1443_1642_19861.jpg
2_1443_1642_19861_1202,S115,net,Net,21.95817150461342,-160.0726721544579,389240.7404975558,2428584.862262678,3.0,1,0.12027761343123577,0.3603454589844057,0.0,0.014433313611748292,False,False,2.164997041762244,0.9020821007342683,5.412492604405609,2d:area×thick_range×rho,1인,절단기,,niihau_2_1443_1642_19861.jpg
2_1443_1932_19505_1207,S115,pet_bottle,PET_Bottle,21.958237252789086,-160.07270634605283,389237.2606894081,2428592.1652729064,3.0,1,0.2016525664568291,0.5595388793945789,0.0,0.012099153987409746,False,False,0.3992720815845216,0.33272673465376806,0.6654534693075361,2d:area×thick_range×rho,1인,,,niihau_2_1443_1932_19505.jpg
2_1443_1932_19505_1208,S115,pet_bottle,PET_Bottle,21.958244872639117,-160.0726098487838,389247.2313048086,2428592.939020057,3.0,1,0.2413118842482978,0.8354931640625711,0.0,0.014478713054897868,False,False,0.4777975308116297,0.39816460900969136,0.7963292180193827,2d:area×thick_range×rho,1인,,,niihau_2_1443_1932_19505.jpg
2_1443_1932_19505_1209,S115,pet_bottle,PET_Bottle,21.958263503637767,-160.0727186206955,389236.0135054098,2428595.080103338,3.0,1,0.3615966640532633,0.8315600585938209,0.0,0.021695799843195796,False,False,0.7159613948254613,0.5966344956878844,1.1932689913757688,2d:area×thick_range×rho,1인,,,niihau_2_1443_1932_19505.jpg
2_1443_1932_19505_1210,S115,pet_bottle,PET_Bottle,21.958238002596524,-160.07269933387374,389237.9853773925,2428592.2432062766,3.0,1,0.2657637387052631,0.6727114868164635,0.0,0.015945824322315786,False,False,0.526212202636421,0.43851016886368416,0.8770203377273683,2d:area×thick_range×rho,1인,,,niihau_2_1443_1932_19505.jpg
2_1443_1932_19505_1211,S115,net,Net,21.958244731185726,-160.07267568809687,389240.4323538549,2428592.970961586,3.0,1,0.1786523278564519,0.434760742187537,0.0,0.021438279342774227,False,False,3.215741901416134,1.3398924589233894,8.039354753540335,2d:area×thick_range×rho,1인,절단기,,niihau_2_1443_1932_19505.jpg
2_1443_2007_18835_1221,S115,plastic_buoy,Plastic_Buoy_China,21.958368480881965,-160.07260218342833,389248.118658526,2428606.616847546,3.0,1,0.15215746240618439,0.3980615234375339,0.0,0.04564723872185531,False,False,2.738834323311319,1.3694171616556594,3.6517790977484252,2d:area×thick_range×rho,1인,,,niihau_2_1443_2007_18835.jpg
2_1443_2007_18835_1222,S115,eps_fragment,Styrofoam_Piece,21.95832347647816,-160.07260727640957,389247.5578576114,2428601.6385650607,3.0,1,0.14114064776899835,0.3784545898437822,0.0,0.0042342194330699506,False,False,0.08468438866139902,0.05645625910759934,0.2822812955379967,2d:area×thick_range×rho,1인,,,niihau_2_1443_2007_18835.jpg
2_1443_2007_18835_1223,S115,plastic_other,Plastic_ETC,21.958334459722934,-160.07261161238455,389247.11861922534,2428602.8575393627,3.0,1,0.23238217452768473,0.48758789062504154,0.0,0.006971465235830541,False,False,0.5577172188664433,0.3718114792442956,1.8590573962214778,2d:area×thick_range×rho,1인,,,niihau_2_1443_2007_18835.jpg
2_1443_2007_18835_1224,S116,pet_bottle,PET_Bottle,21.958314272709256,-160.07258666272915,389249.679377913,2428600.6048099245,3.0,1,0.3231464345217302,0.7399707031250631,0.0,0.01938878607130381,False,False,0.6398299403530258,0.5331916169608548,1.0663832339217096,2d:area×thick_range×rho,1인,,,niihau_2_1443_2007_18835.jpg
2_1443_2007_18835_1225,S115,pet_bottle,PET_Bottle,21.95835873135691,-160.0726219178175,389246.0732490898,2428605.5518472786,3.0,1,0.3886173867703146,0.6969433593750594,0.0,0.023317043206218874,False,False,0.7694624258052228,0.6412186881710191,1.2824373763420382,2d:area×thick_range×rho,1인,,,niihau_2_1443_2007_18835.jpg
2_1443_2007_18835_1226,S115,pet_bottle,PET_Bottle,21.958328439959235,-160.07260440044973,389247.8586877654,2428602.1859406866,3.0,1,0.37495133901840877,0.669270019531307,0.0,0.022497080341104526,False,False,0.7424036512564494,0.6186697093803745,1.237339418760749,2d:area×thick_range×rho,1인,,,niihau_2_1443_2007_18835.jpg
2_1443_2007_18835_1227,S116,pet_bottle,PET_Bottle,21.958336829547076,-160.0725866360702,389249.69961229095,2428603.1018210426,3.0,1,0.1873365945518336,0.4799926757812909,0.0,0.011240195673110015,False,False,0.3709264572126305,0.3091053810105254,0.6182107620210509,2d:area×thick_range×rho,1인,,,niihau_2_1443_2007_18835.jpg
2_1443_2361_19012_1232,S116,pet_bottle,PET_Bottle,21.958391616570328,-160.07253215610805,389255.36789370526,2428609.127331538,3.0,1,0.5882123322599638,0.9532714843750812,0.0,0.03529273993559783,False,False,1.1646604178747284,0.9705503482289404,1.9411006964578807,2d:area×thick_range×rho,1인,,,niihau_2_1443_2361_19012.jpg
2_1443_2361_19012_1233,S115,plastic_other,Plastic_ETC,21.958328247365507,-160.0726041241471,389247.8870706472,2428602.1644209055,3.0,1,0.38462478567815417,0.6616339111328688,0.0,0.011538743570344625,False,False,0.9230994856275699,0.6153996570850466,3.076998285425234,2d:area×thick_range×rho,1인,,,niihau_2_1443_2361_19012.jpg
2_1443_2361_19012_1234,S116,pet_bottle,PET_Bottle,21.958283507288588,-160.07257683226032,389250.6706696662,2428597.1919868146,3.0,1,0.18952800117734325,0.5486499023437967,0.0,0.011371680070640594,False,False,0.3752654423311396,0.31272120194261643,0.6254424038852329,2d:area×thick_range×rho,1인,,,niihau_2_1443_2361_19012.jpg
2_1443_2361_19012_1235,S116,pet_bottle,PET_Bottle,21.958279537399772,-160.07256662052183,389251.7220993693,2428596.745139782,3.0,1,0.09686478704811793,0.44316162109378776,0.0,0.005811887222887076,False,False,0.19179227835527352,0.15982689862939461,0.31965379725878923,2d:area×thick_range×rho,1인,,,niihau_2_1443_2361_19012.jpg
2_1443_2361_19012_1236,S115,plastic_buoy,Plastic_Buoy_China,21.958368491236513,-160.07260212854933,389248.1243335792,2428606.6179541135,3.0,1,0.15243570837381099,0.4080493164062848,0.0,0.04573071251214329,False,False,2.7438427507285974,1.3719213753642987,3.658457000971464,2d:area×thick_range×rho,1인,,,niihau_2_1443_2361_19012.jpg
2_1443_2361_19012_1237,S116,plastic_buoy,Plastic_Buoy_China,21.958314565807733,-160.07257380854634,389251.006980779,2428600.6279630084,3.0,1,0.12449625225665306,0.35534912109378025,0.0,0.037348875676995914,False,False,2.2409325406197547,1.1204662703098773,2.9879100541596735,2d:area×thick_range×rho,1인,,,niihau_2_1443_2361_19012.jpg
2_1443_2704_18820_1247,S116,pet_bottle,PET_Bottle,21.958371243771126,-160.07251201976172,389257.4314666048,2428606.857516563,3.0,1,0.4623368461266948,1.0129968261719613,0.0,0.027740210767601685,False,False,0.9154269553308556,0.7628557961090464,1.5257115922180928,2d:area×thick_range×rho,1인,,,niihau_2_1443_2704_18820.jpg
2_1443_2704_18820_1248,S116,pet_bottle,PET_Bottle,21.958392236328617,-160.07253204255315,389255.38010013266,2428609.1958563733,3.0,1,0.7611799934626922,0.9931555175782096,0.0,0.04567079960776153,False,False,1.5071363870561303,1.2559469892134423,2.5118939784268846,2d:area×thick_range×rho,1인,,,niihau_2_1443_2704_18820.jpg
2_1443_2704_18820_1249,S116,pet_bottle,PET_Bottle,21.958318700195438,-160.0725457092446,389253.91183409374,2428601.065323961,3.0,1,0.35774195898777383,0.7928271484375675,0.0,0.02146451753926643,False,False,0.7083290787957922,0.5902742323298269,1.1805484646596538,2d:area×thick_range×rho,1인,,,niihau_2_1443_2704_18820.jpg
2_1443_3440_19315_1254,S116,pet_bottle,PET_Bottle,21.95826410720773,-160.0724055089323,389268.34719128354,2428594.9205623236,3.0,1,0.2565096789075499,0.7288404846192027,0.0,0.015390580734452992,False,False,0.5078891642369487,0.4232409701974573,0.8464819403949146,2d:area×thick_range×rho,1인,,,niihau_2_1443_3440_19315.jpg
2_1443_3440_19315_1255,S116,net,Net,21.958302401927703,-160.0724063994715,389268.2849037396,2428599.160411702,3.0,1,0.1821389841836256,0.4531121826172261,0.0,0.02185667810203507,False,False,3.2785017153052602,1.366042381377192,8.196254288263152,2d:area×thick_range×rho,1인,절단기,,niihau_2_1443_3440_19315.jpg
2_1443_3440_19315_1256,S117,pet_bottle,PET_Bottle,21.95822670455359,-160.07232652517067,389276.47440161696,2428590.723019178,3.0,1,0.2663992280960537,0.9050781250000771,0.0,0.015983953685763223,False,False,0.5274704716301863,0.43955872635848864,0.8791174527169773,2d:area×thick_range×rho,1인,,,niihau_2_1443_3440_19315.jpg
2_1443_3535_19685_1260,S116,pet_bottle,PET_Bottle,21.958264204521047,-160.07240566675927,389268.3309688202,2428594.9314489383,3.0,1,0.22761107005927864,0.7230651855469366,0.0,0.013656664203556717,False,False,0.45066991871737166,0.37555826559780975,0.7511165311956195,2d:area×thick_range×rho,1인,,,niihau_2_1443_3535_19685.jpg
2_1443_3937_18135_1262,S118,plastic_other,Plastic_ETC,21.95852386858975,-160.0722145997325,389288.26250995096,2428623.538031599,3.0,1,0.2171077453494442,0.4765283203125406,0.0,0.006513232360483325,False,False,0.5210585888386661,0.34737239255911073,1.7368619627955537,2d:area×thick_range×rho,1인,,,niihau_2_1443_3937_18135.jpg
2_1443_4167_19504_1268,S117,plastic_buoy,Plastic_Buoy_China,21.958280270974456,-160.07223511964762,389285.95481654594,2428596.5867321915,3.0,1,0.18647858852151236,0.44786132812503815,0.0,0.055943576556453704,False,False,3.3566145933872225,1.6783072966936112,4.475486124516297,2d:area×thick_range×rho,1인,,,niihau_2_1443_4167_19504.jpg
2_1443_4167_19504_1269,S117,plastic_other,Plastic_ETC,21.958239697363005,-160.07222948491136,389286.50524881465,2428592.091182371,3.0,1,0.41505865609652914,0.7564990234375645,0.0,0.012451759682895873,False,False,0.9961407746316698,0.6640938497544466,3.320469248772233,2d:area×thick_range×rho,1인,,,niihau_2_1443_4167_19504.jpg
2_1443_4167_19504_1270,S117,eps_fragment,Styrofoam_Piece,21.95830650022148,-160.0722155335725,389287.9976759304,2428599.4761413354,3.0,1,0.123470355687684,0.5206054687500443,0.0,0.00370411067063052,False,False,0.0740822134126104,0.0493881422750736,0.246940711375368,2d:area×thick_range×rho,1인,,,niihau_2_1443_4167_19504.jpg
2_1443_4167_19504_1271,S117,pet_bottle,PET_Bottle,21.95825900498745,-160.0722209444772,389287.4021276967,2428594.2223541653,3.0,1,0.2540663211822943,0.7498437500000639,0.0,0.015243979270937656,False,False,0.5030513159409427,0.4192094299507856,0.8384188599015712,2d:area×thick_range×rho,1인,,,niihau_2_1443_4167_19504.jpg
2_1443_4167_19504_1272,S117,pet_bottle,PET_Bottle,21.95826728061152,-160.07223267289413,389286.1974142627,2428595.1469375235,3.0,1,0.14006053622069362,0.5087036132812933,0.0,0.008403632173241617,False,False,0.27731986171697337,0.23109988476414448,0.46219976952828895,2d:area×thick_range×rho,1인,,,niihau_2_1443_4167_19504.jpg
2_1443_4170_17778_1279,S118,plastic_buoy,Plastic_Buoy_China,21.958517609926865,-160.0721879087939,389291.01387293846,2428622.825911674,3.0,1,0.13287829427721382,0.3678515625000313,0.0,0.03986348828316414,False,False,2.3918092969898486,1.1959046484949243,3.1890790626531316,2d:area×thick_range×rho,1인,,,niihau_2_1443_4170_17778.jpg
2_1443_4170_17778_1280,S118,plastic_buoy,Plastic_Buoy_China,21.958536651857102,-160.07220047627442,389289.7308574812,2428624.942925749,3.0,1,0.26056439251904157,0.528530273437545,0.0,0.07816931775571247,False,False,4.690159065342748,2.345079532671374,6.253545420456998,2d:area×thick_range×rho,1인,,,niihau_2_1443_4170_17778.jpg
2_1443_4170_17778_1281,S118,plastic_other,Plastic_ETC,21.958528940692315,-160.0721918666611,389290.61394607776,2428624.0830817856,3.0,1,0.29276540500228626,0.5737133789062989,0.0,0.008782962150068588,False,False,0.702636972005487,0.468424648003658,2.34212324001829,2d:area×thick_range×rho,1인,,,niihau_2_1443_4170_17778.jpg
2_1443_4170_17778_1282,S118,net,Net,21.95852394086833,-160.0722144931806,389288.2735689137,2428623.545955795,3.0,1,0.22047396435741368,0.47123046875004015,0.0,0.02645687572288964,False,False,3.968531358433446,1.6535547326806028,9.921328396083615,2d:area×thick_range×rho,1인,절단기,,niihau_2_1443_4170_17778.jpg
2_1443_4231_19186_1285,S117,plastic_buoy,Plastic_Buoy_China,21.958280278747957,-160.07223512143776,389285.9546377108,2428596.587594008,3.0,1,0.1957309560478067,0.46085449218753927,0.0,0.058719286814342006,False,False,3.5231572088605203,1.7615786044302602,4.697542945147361,2d:area×thick_range×rho,1인,,,niihau_2_1443_4231_19186.jpg
2_1443_4231_19186_1286,S117,pet_bottle,PET_Bottle,21.95825897814302,-160.07222089868154,389287.40683594916,2428594.219349405,3.0,1,0.28307853742246686,0.7723803710938159,0.0,0.016984712245348012,False,False,0.5604955040964844,0.46707958674707034,0.9341591734941407,2d:area×thick_range×rho,1인,,,niihau_2_1443_4231_19186.jpg
2_1443_4231_19186_1287,S117,plastic_other,Plastic_ETC,21.958307150124526,-160.07221556932524,389287.9944874532,2428599.548111102,3.0,1,0.22015409755710538,0.5137890625000437,0.0,0.006604622926713161,False,False,0.5283698341370529,0.35224655609136857,1.761232780456843,2d:area×thick_range×rho,1인,,,niihau_2_1443_4231_19186.jpg
2_1443_4231_19186_1288,S117,net,Net,21.958277444255934,-160.07218113945166,389291.5268442855,2428596.2348052314,3.0,1,0.16473201425674386,0.410749511718785,0.0,0.019767841710809263,False,False,2.9651762566213895,1.235490106925579,7.412940641553473,2d:area×thick_range×rho,1인,절단기,,niihau_2_1443_4231_19186.jpg
2_1443_4603_19330_1293,S117,pet_bottle,PET_Bottle,21.95825479381362,-160.0721059201415,389299.27675433987,2428593.6730565587,3.0,1,0.2459812620804133,0.635085449218804,0.0,0.014758875724824797,False,False,0.4870428989192183,0.405869082432682,0.811738164865364,2d:area×thick_range×rho,1인,,,niihau_2_1443_4603_19330.jpg
2_1443_4603_19330_1294,S117,plastic_buoy,Plastic_Buoy_China,21.958277418294546,-160.07218123118574,389291.51735133503,2428596.231997613,3.0,1,0.14692786219346046,0.38436279296878273,0.0,0.044078358658038136,False,False,2.6447015194822883,1.3223507597411441,3.5262686926430513,2d:area×thick_range×rho,1인,,,niihau_2_1443_4603_19330.jpg
2_1443_4603_19330_1295,S117,plastic_other,Plastic_ETC,21.958300334154924,-160.07215654034803,389294.0847816197,2428598.7509282934,3.0,1,3.074845372009801,3.504097290039361,0.0,0.09224536116029403,False,False,7.379628892823522,4.919752595215682,24.59876297607841,2d:area×thick_range×rho,2인,,,niihau_2_1443_4603_19330.jpg
2_1443_4813_18567_1298,S117,pet_bottle,PET_Bottle,21.958363312905036,-160.07209594249588,389300.39115065755,2428605.6788529926,3.0,1,0.15759664398434464,0.551040039062547,0.0,0.009455798639060679,False,False,0.3120413550890024,0.2600344625741687,0.5200689251483374,2d:area×thick_range×rho,1인,,,niihau_2_1443_4813_18567.jpg
2_1443_4813_18567_1299,S117,pet_bottle,PET_Bottle,21.958363513392406,-160.07211464078736,389298.46044446056,2428605.7145585655,3.0,1,0.16316687187182702,0.45652618408207013,0.0,0.009790012312309622,False,False,0.32307040630621753,0.2692253385885146,0.5384506771770292,2d:area×thick_range×rho,1인,,,niihau_2_1443_4813_18567.jpg
2_1443_6135_16330_1302,S119,plastic_buoy,Plastic_Buoy_China,21.958828640827516,-160.07182416353615,389328.81652381126,2428656.994042137,3.0,1,0.19378245992663823,0.45226562500003853,0.0,0.058134737977991464,False,False,3.4880842786794877,1.7440421393397438,4.650779038239318,2d:area×thick_range×rho,1인,,,niihau_2_1443_6135_16330.jpg
2_1443_6135_16330_1303,S119,plastic_buoy,Plastic_Buoy_China,21.95881262060598,-160.0718220143748,389329.02604718134,2428655.2190593984,3.0,1,0.23499977838997077,0.49117675781254183,0.0,0.07049993351699123,False,False,4.229996011019474,2.114998005509737,5.6399946813592985,2d:area×thick_range×rho,1인,,,niihau_2_1443_6135_16330.jpg
2_1443_6135_16330_1304,S119,plastic_other,Plastic_ETC,21.958803712710328,-160.0718101879407,389330.24039013125,2428654.2244162085,3.0,1,0.22039832954410493,0.49671875000004234,0.0,0.0066119498863231475,False,False,0.5289559909058518,0.3526373272705679,1.7631866363528395,2d:area×thick_range×rho,1인,,,niihau_2_1443_6135_16330.jpg
2_1443_6135_16330_1305,S119,pet_bottle,PET_Bottle,21.958873599768303,-160.07191173095848,389319.80880803993,2428662.03423823,3.0,1,0.1471096883798967,0.5193499755859817,0.0,0.008826581302793802,False,False,0.29127718299219546,0.2427309858268296,0.4854619716536592,2d:area×thick_range×rho,1인,,,niihau_2_1443_6135_16330.jpg
2_1443_6135_16330_1306,S119,plastic_other,Plastic_ETC,21.95887857835686,-160.0718262238739,389328.6424405103,2428662.5235888725,3.0,1,0.382196895023128,0.6414607238770078,0.0,0.01146590685069384,False,False,0.9172725480555072,0.6115150320370047,3.0575751601850243,2d:area×thick_range×rho,1인,,,niihau_2_1443_6135_16330.jpg
2_1443_8674_15430_1308,S120,plastic_other,Plastic_ETC,21.958991166105918,-160.07136064173443,389376.80732114014,2428674.65070856,3.0,1,0.5416892791033714,0.857736816406323,0.0,0.01625067837310114,False,False,1.3000542698480912,0.8667028465653942,4.333514232826971,2d:area×thick_range×rho,1인,,,niihau_2_1443_8674_15430.jpg
2_1443_8674_15430_1309,S120,eps_fragment,Styrofoam_Piece,21.958999818796073,-160.07134358697687,389378.5751548263,2428675.5962410225,3.0,1,0.15353098980190985,0.3968115234375338,0.0,0.004605929694057295,False,False,0.0921185938811459,0.061412395920763946,0.30706197960381976,2d:area×thick_range×rho,1인,,,niihau_2_1443_8674_15430.jpg
2_1493_6569_32523_1315,S121,plastic_buoy,Plastic_Buoy_China,21.962198725109847,-160.07060937559092,389456.86725804635,2429029.183452016,3.0,1,0.20358356836591351,0.49248077392583156,0.0,0.06107507050977405,False,False,3.6645042305864433,1.8322521152932216,4.886005640781924,2d:area×thick_range×rho,1인,,,niihau_2_1493_6569_32523.jpg
2_1493_6569_32523_1316,S121,plastic_buoy,Plastic_Buoy_China,21.962193241719685,-160.0706049442592,389457.3206004407,2429028.5732454136,3.0,1,0.17046528950337078,0.4372314453125447,0.0,0.051139586851011234,False,False,3.068375211060674,1.534187605530337,4.0911669480808985,2d:area×thick_range×rho,1인,,,niihau_2_1493_6569_32523.jpg
2_1493_6768_32944_1317,S121,pet_bottle,PET_Bottle,21.962111629483125,-160.0705934638759,389458.44293715333,2429019.530527415,3.0,1,0.38599873818465014,0.6265930175781891,0.0,0.023159924291079007,False,False,0.7642775016056073,0.6368979180046728,1.2737958360093455,2d:area×thick_range×rho,1인,,,niihau_2_1493_6768_32944.jpg
2_1493_8503_17214_1319,S122,plastic_other,Plastic_ETC,21.964961013971816,-160.07026922176766,389494.12858918344,2429334.721981465,3.0,1,0.2821708718481119,0.5479714965820872,0.0,0.008465126155443356,False,False,0.6772100924354685,0.4514733949569791,2.2573669747848952,2d:area×thick_range×rho,1인,,,niihau_2_1493_8503_17214.jpg
2_1493_8503_17214_1320,S122,plastic_other,Plastic_ETC,21.96495598424631,-160.07025761424276,389495.32328277774,2429334.1568179047,3.0,1,0.24689667363171855,0.5440136718750556,0.0,0.007406900208951556,False,False,0.5925520167161245,0.3950346778107497,1.9751733890537484,2d:area×thick_range×rho,1인,,,niihau_2_1493_8503_17214.jpg
2_1493_8744_21697_1323,S123,plastic_other,Plastic_ETC,21.964109630516756,-160.0701962908174,389501.00085875555,2429240.4216320203,3.0,1,0.29613718601322264,0.5912048339844355,0.0,0.008884115580396678,False,False,0.7107292464317343,0.47381949762115627,2.3690974881057816,2d:area×thick_range×rho,1인,,,niihau_2_1493_8744_21697.jpg
2_1493_8972_20061_1324,S124,plastic_other,Plastic_ETC,21.96440552729406,-160.0701537353895,389505.62398363446,2429273.146555298,3.0,1,0.2438965557098887,0.49673828125005076,0.0,0.0073168966712966604,False,False,0.5853517337037328,0.3902344891358219,1.9511724456791097,2d:area×thick_range×rho,1인,,,niihau_2_1493_8972_20061.jpg
2_1493_8972_20061_1325,S124,plastic_other,Plastic_ETC,21.96436595803989,-160.07010426923267,389510.70123830665,2429268.7305715433,3.0,1,0.22391823252444076,0.4874047851562998,0.0,0.006717546975733223,False,False,0.5374037580586578,0.3582691720391052,1.791345860195526,2d:area×thick_range×rho,1인,,,niihau_2_1493_8972_20061.jpg
2_1493_8972_20061_1326,S124,pet_bottle,PET_Bottle,21.96443361519129,-160.07009519227532,389511.6908479191,2429276.213636144,3.0,1,0.15200846910479793,0.39356933593754023,0.0,0.009120508146287875,False,False,0.3009767688274999,0.2508139740229166,0.5016279480458332,2d:area×thick_range×rho,1인,,,niihau_2_1493_8972_20061.jpg
2_1493_9310_20022_1328,S124,plastic_other,Plastic_ETC,21.964366033315837,-160.0701041230391,389510.716392427,2429268.738799086,3.0,1,0.22929354119901577,0.5130651855469275,0.0,0.006878806235970473,False,False,0.5503044988776378,0.3668696659184252,1.8343483295921261,2d:area×thick_range×rho,1인,,,niihau_2_1493_9310_20022.jpg
2_1493_9310_20022_1329,S124,plastic_other,Plastic_ETC,21.964413079440146,-160.07008822897106,389512.3939938462,2429273.935315267,3.0,1,0.34676663335568836,0.6143701171875627,0.0,0.01040299900067065,False,False,0.8322399200536521,0.5548266133691014,2.7741330668455073,2d:area×thick_range×rho,1인,,,niihau_2_1493_9310_20022.jpg
2_1493_9310_20022_1330,S124,plastic_other,Plastic_ETC,21.96439643038597,-160.0700606087865,389515.2331681316,2429272.07234789,3.0,1,0.34029465770430367,0.616307373046938,0.0,0.01020883973112911,False,False,0.8167071784903288,0.5444714523268859,2.7223572616344294,2d:area×thick_range×rho,1인,,,niihau_2_1493_9310_20022.jpg
2_1493_9310_20022_1331,S124,pet_bottle,PET_Bottle,21.964433583010337,-160.0700954618762,389511.66298414435,2429276.210268224,3.0,1,0.12284476967158445,0.37353637695316316,0.0,0.007370686180295067,False,False,0.2432326439497372,0.20269386995811436,0.40538773991622873,2d:area×thick_range×rho,1인,,,niihau_2_1493_9310_20022.jpg
2_1494_-225_27987_1334,S125,pet_bottle,PET_Bottle,21.963070086206976,-160.06991048477545,389529.70933398616,2429125.138435072,3.0,1,0.19091009101088618,0.4978833007812924,0.0,0.011454605460653172,False,False,0.3780019802015547,0.3150016501679622,0.6300033003359244,2d:area×thick_range×rho,1인,,,niihau_2_1494_-225_27987.jpg
2_1494_-225_27987_1335,S125,plastic_buoy,Plastic_Buoy_China,21.963009304087983,-160.0699112056821,389529.5878947561,2429118.410406136,3.0,1,0.2726200871170032,0.5316162109375453,0.0,0.08178602613510096,False,False,4.907161568106058,2.453580784053029,6.542882090808077,2d:area×thick_range×rho,1인,,,niihau_2_1494_-225_27987.jpg
2_1494_-225_27987_1336,S125,pet_bottle,PET_Bottle,21.963062245186126,-160.06994237562742,389526.41020231374,2429124.293440122,3.0,1,0.16709227658513057,0.4142315673828478,0.0,0.010025536595107834,False,False,0.33084270763855855,0.2757022563654654,0.5514045127309308,2d:area×thick_range×rho,1인,,,niihau_2_1494_-225_27987.jpg
2_1494_-225_27987_1337,S125,plastic_other,Plastic_ETC,21.96302147219822,-160.0699449765245,389526.1101045888,2429119.781767555,3.0,1,1.534843898737692,1.5337841796876306,0.0,0.04604531696213076,False,False,3.683625356970461,2.455750237980307,12.278751189901538,2d:area×thick_range×rho,1인,,,niihau_2_1494_-225_27987.jpg
2_1494_-225_27987_1338,S125,plastic_other,Plastic_ETC,21.96300635805677,-160.06990774850914,389529.9426067561,2429118.081788501,3.0,1,0.6963059916378254,0.8625683593750735,0.0,0.02088917974913476,False,False,1.6711343799307807,1.1140895866205205,5.570447933102604,2d:area×thick_range×rho,1인,,,niihau_2_1494_-225_27987.jpg
2_1494_1184_11337_1341,S126,plastic_buoy,Plastic_Buoy_China,21.966076440173172,-160.0696798909118,389555.84482098377,2429457.7739936993,3.0,1,0.1535515579283499,0.4068090820312847,0.0,0.04606546737850497,False,False,2.7639280427102983,1.3819640213551492,3.6852373902803977,2d:area×thick_range×rho,1인,,,niihau_2_1494_1184_11337.jpg
2_1494_1184_11337_1342,S126,pet_bottle,PET_Bottle,21.966022445044114,-160.06972015676345,389551.64528443,2429451.8257988603,3.0,1,0.24056192904714868,0.5330493164062954,0.0,0.01443371574282892,False,False,0.47631261951335435,0.39692718292779533,0.7938543658555907,2d:area×thick_range×rho,1인,,,niihau_2_1494_1184_11337.jpg
2_1494_1184_11337_1343,S126,plastic_other,Plastic_ETC,21.96604615336585,-160.06969898143893,389553.8501464237,2429454.4350268045,3.0,1,1.4096707325460929,1.1893701171876014,0.0,0.04229012197638279,False,False,3.383209758110623,2.2554731720737484,11.277365860368745,2d:area×thick_range×rho,1인,,,niihau_2_1494_1184_11337.jpg
2_1494_1471_10148_1350,S127,plastic_buoy,Plastic_Buoy_China,21.966315111632316,-160.06963483897863,389560.68133581313,2429484.16231785,3.0,1,0.22823118688244534,0.49317085266117483,0.0,0.0684693560647336,False,False,4.108161363884016,2.054080681942008,5.477548485178688,2d:area×thick_range×rho,1인,,,niihau_2_1494_1471_10148.jpg
2_1494_1471_10148_1351,S127,plastic_other,Plastic_ETC,21.966213168979063,-160.06961530279548,389562.6197945577,2429472.863227183,3.0,1,0.26625188641552694,0.5340527343750455,0.0,0.007987556592465807,False,False,0.6390045273972645,0.4260030182648431,2.1300150913242155,2d:area×thick_range×rho,1인,,,niihau_2_1494_1471_10148.jpg
2_1494_1471_10148_1352,S127,plastic_buoy,Plastic_Buoy_China,21.96628943946862,-160.06959225142117,389565.0590053561,2429481.289709988,3.0,1,0.23644937996868345,0.5033007812500429,0.0,0.07093481399060503,False,False,4.256088839436302,2.128044419718151,5.674785119248403,2d:area×thick_range×rho,1인,,,niihau_2_1494_1471_10148.jpg
2_1494_1635_9530_1355,S127,plastic_other,Plastic_ETC,21.966373478449146,-160.06961420873958,389562.856702556,2429490.6086185453,3.0,1,0.6010998890639376,0.7910327148438174,0.0,0.018032996671918128,False,False,1.4426397337534502,0.9617598225023003,4.808799112511501,2d:area×thick_range×rho,1인,,,niihau_2_1494_1635_9530.jpg
2_1494_1635_9530_1356,S127,plastic_other,Plastic_ETC,21.96637959882417,-160.06960861371925,389563.43916607404,2429491.2821062617,3.0,1,0.294246859419396,0.563420410156298,0.0,0.00882740578258188,False,False,0.7061924626065503,0.4707949750710336,2.353974875355168,2d:area×thick_range×rho,1인,,,niihau_2_1494_1635_9530.jpg
2_1494_1635_9530_1357,S127,pet_bottle,PET_Bottle,21.966380709824392,-160.06964178213468,389560.01511402417,2429491.4290130325,3.0,1,0.22662076065693187,0.48725158691410403,0.0,0.013597245639415912,False,False,0.44870910610072506,0.3739242550839376,0.7478485101678752,2d:area×thick_range×rho,1인,,,niihau_2_1494_1635_9530.jpg
2_1494_1635_9530_1358,S127,pet_bottle,PET_Bottle,21.96640073952981,-160.06956362076556,389568.1014011111,2429493.5899263583,3.0,1,0.07983428433091809,0.3540209960937802,0.0,0.004790057059855086,False,False,0.15807188297521782,0.13172656914601485,0.2634531382920297,2d:area×thick_range×rho,1인,,,niihau_2_1494_1635_9530.jpg
2_1494_233_24750_1364,S128,pet_bottle,PET_Bottle,21.963668449428567,-160.06986649750067,389534.7141404358,2429191.3452080777,3.0,1,0.164984405768132,0.5431956481934056,0.0,0.00989906434608792,False,False,0.3266691234209013,0.2722242695174178,0.5444485390348356,2d:area×thick_range×rho,1인,,,niihau_2_1494_233_24750.jpg
2_1494_233_24750_1365,S128,plastic_other,Plastic_ETC,21.963630920190873,-160.06983616227478,389537.81754391675,2429187.168861909,3.0,1,0.46875537824638724,0.7016406250000597,0.0,0.014062661347391616,False,False,1.1250129077913293,0.7500086051942196,3.750043025971098,2d:area×thick_range×rho,1인,,,niihau_2_1494_233_24750.jpg
2_1494_233_24750_1366,S128,plastic_other,Plastic_ETC,21.963677028038667,-160.06987394896117,389533.9513344612,2429192.3002301725,3.0,1,0.506432121282064,0.8836975097657003,0.0,0.01519296363846192,False,False,1.2154370910769536,0.8102913940513025,4.051456970256513,2d:area×thick_range×rho,1인,,,niihau_2_1494_233_24750.jpg
2_1494_233_24750_1367,S128,eps_fragment,Styrofoam_Piece,21.96365969170752,-160.06980491823947,389541.06605423486,2429190.331320277,3.0,1,0.13281654403211948,0.5060430908203556,0.0,0.003984496320963584,False,False,0.0796899264192717,0.0531266176128478,0.26563308806423896,2d:area×thick_range×rho,1인,,,niihau_2_1494_233_24750.jpg
2_1494_233_24750_1368,S128,pet_bottle,PET_Bottle,21.963675272597317,-160.06985027148517,389536.3949172171,2429192.088826467,3.0,1,0.3316855544482923,0.6547204589844308,0.0,0.019901133266897537,False,False,0.6567373978076188,0.5472811648396824,1.0945623296793647,2d:area×thick_range×rho,1인,,,niihau_2_1494_233_24750.jpg
2_1494_2884_6732_1373,S129,net,Net,21.966902802894822,-160.06935769556912,389589.7529285928,2429549.0196141973,3.0,1,0.22521417491141818,0.4861572265625414,0.0,0.02702570098937018,False,False,4.0538551484055265,1.6891063118356364,10.134637871013819,2d:area×thick_range×rho,1인,절단기,,niihau_2_1494_2884_6732.jpg
2_1494_2884_6732_1374,S129,pet_bottle,PET_Bottle,21.96689996591487,-160.06940879467206,389584.4743536849,2429548.7424046467,3.0,1,0.27744566526715714,0.5902056884766128,0.0,0.016646739916029427,False,False,0.549342417228971,0.4577853476908093,0.9155706953816186,2d:area×thick_range×rho,1인,,,niihau_2_1494_2884_6732.jpg
2_1494_3213_6532_1378,S129,net,Net,21.96690311395637,-160.0693578346149,389589.7388114659,2429549.05414881,3.0,1,0.19613092313710218,0.45881591796878907,0.0,0.02353571077645226,False,False,3.5303566164678393,1.4709819235282664,8.825891541169597,2d:area×thick_range×rho,1인,절단기,,niihau_2_1494_3213_6532.jpg
2_1494_3213_6532_1379,S129,plastic_other,Plastic_ETC,21.96691408234934,-160.06925250970198,389600.62290929945,2429550.1924102143,3.0,1,0.15151127014162738,0.4331250000000369,0.0,0.004545338104248821,False,False,0.36362704833990567,0.24241803222660382,1.212090161133019,2d:area×thick_range×rho,1인,,,niihau_2_1494_3213_6532.jpg
2_1544_10027_19269_1380,S130,plastic_buoy,Plastic_Buoy,21.96913723572785,-160.06801591256894,389730.0275126941,2429795.403395224,3.0,1,0.7491853984416286,0.9157031250000461,0.0,0.22475561953248857,False,False,13.485337171949315,6.742668585974657,17.980449562599084,2d:area×thick_range×rho,1인,,,niihau_2_1544_10027_19269.jpg
2_1544_10027_19269_1381,S130,eps_fragment,Styrofoam_Piece,21.969193522071908,-160.06791269908166,389740.72839396447,2429801.559940952,3.0,1,0.25875606118890265,0.5228149414062763,0.0,0.007762681835667079,False,False,0.15525363671334158,0.10350242447556106,0.5175121223778054,2d:area×thick_range×rho,1인,,,niihau_2_1544_10027_19269.jpg
2_1544_10027_19269_1382,S130,eps_buoy,Styrofoam_Buoy,21.969120042510074,-160.06799223567234,389732.4590245627,2429793.4830639395,3.0,1,2.6958532737898557,1.7738305664063392,0.0,0.9435486458264495,False,False,23.588716145661238,10.109449776711958,26.95853273789856,2d:area×thick_range×rho,2인,,,niihau_2_1544_10027_19269.jpg
2_1544_11561_16963_1390,S131,plastic_buoy,Plastic_Buoy_China,21.969619148860936,-160.06769640080736,389763.3910279734,2429848.5208803536,3.0,1,0.3440302117377866,0.6228387451172188,0.0,0.10320906352133598,False,False,6.192543811280158,3.096271905640079,8.256725081706877,2d:area×thick_range×rho,1인,,,niihau_2_1544_11561_16963.jpg
2_1544_11561_16963_1391,S131,pet_bottle,PET_Bottle,21.969586148024142,-160.0676147838127,389771.79298774875,2429844.808947071,3.0,1,0.20533500716688316,0.6269677734375315,0.0,0.01232010043001299,False,False,0.4065633141904286,0.33880276182535723,0.6776055236507145,2d:area×thick_range×rho,1인,,,niihau_2_1544_11561_16963.jpg
2_1544_11561_16963_1392,S131,net,Net,21.96955902621395,-160.06761624661692,389771.62101261236,2429841.807629188,3.0,1,0.22757769870760347,0.516660156250026,0.0,0.027309323844912414,False,False,4.0963985767368625,1.7068327403070263,10.240996441842155,2d:area×thick_range×rho,1인,절단기,,niihau_2_1544_11561_16963.jpg
2_1544_11561_16963_1393,S131,plastic_other,Plastic_ETC,21.96960363548582,-160.0676701516468,389766.089432876,2429846.7846598336,3.0,1,0.3786010209203148,0.6193139648437812,0.0,0.011358030627609443,False,False,0.9086424502087554,0.6057616334725037,3.0288081673625182,2d:area×thick_range×rho,1인,,,niihau_2_1544_11561_16963.jpg
2_1544_13990_14795_1397,S132,net,Net,21.969952444248914,-160.06721469769536,389813.3868083743,2429885.069793282,3.0,1,0.18070203705133828,0.43612060546877196,0.0,0.021684244446160593,False,False,3.252636666924089,1.3552652778850371,8.131591667310222,2d:area×thick_range×rho,1인,절단기,,niihau_2_1544_13990_14795.jpg
2_1544_13990_14795_1398,S132,pet_bottle,PET_Bottle,21.969940941145786,-160.06719251986755,389815.66791794996,2429883.780446041,3.0,1,0.17449731094838947,0.5176806640625261,0.0,0.010469838656903367,False,False,0.3455046756778111,0.28792056306484265,0.5758411261296853,2d:area×thick_range×rho,1인,,,niihau_2_1544_13990_14795.jpg
2_1544_15673_13276_1399,S133,pet_bottle,PET_Bottle,21.97024537578084,-160.06685116814114,389851.1491766548,2429917.2356051337,3.0,1,0.1537507930845177,0.4933959960937748,0.0,0.009225047585071061,False,False,0.304426570307345,0.2536888085894542,0.5073776171789084,2d:area×thick_range×rho,1인,,,niihau_2_1544_15673_13276.jpg
2_1544_9064_20501_1400,S130,pet_bottle,PET_Bottle,21.96899173526149,-160.06810306006074,389720.91665326833,2429779.359326028,3.0,1,0.10880725381394081,0.338107910156267,0.0,0.006528435228836448,False,False,0.21543836255160279,0.17953196879300234,0.3590639375860047,2d:area×thick_range×rho,1인,,,niihau_2_1544_9064_20501.jpg
2_1544_9481_20388_1403,S130,plastic_buoy,Plastic_Buoy_China,21.969022295894373,-160.06809887333182,389721.37255547714,2429782.739357822,3.0,1,0.22856561302908204,0.5197143554687762,0.0,0.06856968390872462,False,False,4.114181034523477,2.0570905172617384,5.48557471269797,2d:area×thick_range×rho,1인,,,niihau_2_1544_9481_20388.jpg
2_1544_9481_20388_1404,S130,plastic_other,Plastic_ETC,21.969002773144346,-160.06805899644945,389725.4750198687,2429780.5494804042,3.0,1,1.059088223621356,1.1568237304688083,0.0,0.031772646708640676,False,False,2.541811736691254,1.6945411577941694,8.472705788970847,2d:area×thick_range×rho,1인,,,niihau_2_1544_9481_20388.jpg
2_1544_9481_20388_1405,S130,pet_bottle,PET_Bottle,21.968965129717873,-160.06807615961006,389723.67375172634,2429776.394732056,3.0,1,0.23523479875328523,0.5221264648437762,0.0,0.014114087925197114,False,False,0.4657649015315048,0.38813741794292067,0.7762748358858413,2d:area×thick_range×rho,1인,,,niihau_2_1544_9481_20388.jpg
2_1544_9577_19526_1407,S130,plastic_buoy,Plastic_Buoy,21.96913728404105,-160.068015779024,389730.04133933486,2429795.4086473,3.0,1,0.7434769852400575,0.9162792968750462,0.0,0.22304309557201724,False,False,13.382585734321035,6.691292867160517,17.84344764576138,2d:area×thick_range×rho,1인,,,niihau_2_1544_9577_19526.jpg
2_1544_9577_19526_1408,S130,net,Net,21.969084121150043,-160.06800906484102,389730.69357583154,2429789.5187062672,3.0,1,0.1971006345033844,0.46377685546877334,0.0,0.023652076140406125,False,False,3.547811421060919,1.478254758775383,8.869528552652296,2d:area×thick_range×rho,1인,절단기,,niihau_2_1544_9577_19526.jpg
2_1544_9577_19526_1409,S130,pet_bottle,PET_Bottle,21.96917730708625,-160.0681168907067,389719.63183697744,2429799.9119970594,3.0,1,0.1170081969584791,0.3799118804931832,0.0,0.007020491817508746,False,False,0.2316762299777886,0.19306352498149051,0.38612704996298103,2d:area×thick_range×rho,1인,,,niihau_2_1544_9577_19526.jpg
2_1544_9577_19526_1410,S130,net,Net,21.969076628754667,-160.06807333603655,389724.0513909689,2429788.735587167,3.0,1,0.2588183339983485,0.5273651123047141,0.0,0.031058200079801822,False,False,4.658730011970273,1.9411375049876138,11.646825029925683,2d:area×thick_range×rho,1인,절단기,,niihau_2_1544_9577_19526.jpg
2_1544_9577_19526_1411,S130,plastic_other,Plastic_ETC,21.969066700413116,-160.06806984400464,389724.4042993842,2429787.6340097464,3.0,1,0.1876923206001709,0.5276330566406515,0.0,0.005630769618005127,False,False,0.45046156944041016,0.3003077129602735,1.5015385648013675,2d:area×thick_range×rho,1인,,,niihau_2_1544_9577_19526.jpg
2_1544_9911_19607_1419,S130,plastic_buoy,Plastic_Buoy,21.969137253106314,-160.0680158177021,389730.0373216976,2429795.405250693,3.0,1,0.7398392639898509,0.9124591064453584,0.0,0.22195177919695527,False,False,13.317106751817317,6.658553375908658,17.756142335756422,2d:area×thick_range×rho,1인,,,niihau_2_1544_9911_19607.jpg
2_1544_9911_19607_1420,S130,net,Net,21.969083980215643,-160.0680090218484,389730.697906279,2429789.5030739377,3.0,1,0.19923952293099978,0.4689416503906486,0.0,0.02390874275171997,False,False,3.5863114127579956,1.4942964219824986,8.965778531894989,2d:area×thick_range×rho,1인,절단기,,niihau_2_1544_9911_19607.jpg
2_1544_9911_19607_1421,S130,plastic_other,Plastic_ETC,21.96915932123207,-160.06794668456303,389737.1927815266,2429797.798397276,3.0,1,0.2305884259209269,0.5744654846191696,0.0,0.006917652777627807,False,False,0.5534122222102246,0.3689414814734831,1.8447074073674152,2d:area×thick_range×rho,1인,,,niihau_2_1544_9911_19607.jpg
2_1545_10904_10860_1429,S134,pet_bottle,PET_Bottle,21.972429283202274,-160.06472275298304,390072.6004076997,2430157.4633364556,3.0,1,0.23655391336981513,0.5681677246094234,0.0,0.014193234802188906,False,False,0.46837674847223393,0.39031395706019495,0.7806279141203899,2d:area×thick_range×rho,1인,,,niihau_2_1545_10904_10860.jpg
2_1545_1099_22701_1434,S135,net,Net,21.970307333758406,-160.06656117185074,389881.14061348134,2429923.8857307206,3.0,1,0.25186549410228254,0.516530761718794,0.0,0.030223859292273905,False,False,4.533578893841086,1.8889912057671192,11.333947234602713,2d:area×thick_range×rho,1인,절단기,,niihau_2_1545_1099_22701.jpg
2_1545_1099_22701_1435,S135,pet_bottle,PET_Bottle,21.97033852847262,-160.06657809991225,389879.41675440606,2429927.3511441746,3.0,1,0.29668360340600297,0.5936425781250506,0.0,0.017801016204360177,False,False,0.5874335347438858,0.4895279456199049,0.9790558912398099,2d:area×thick_range×rho,1인,,,niihau_2_1545_1099_22701.jpg
2_1545_1099_22701_1436,S135,plastic_other,Plastic_ETC,21.970282279601523,-160.06660149136067,389876.9580923114,2429921.1412463933,3.0,1,0.5829001601100962,0.8033496093750685,0.0,0.017487004803302883,False,False,1.3989603842642306,0.9326402561761539,4.663201280880769,2d:area×thick_range×rho,1인,,,niihau_2_1545_1099_22701.jpg
2_1545_11001_11427_1437,S134,plastic_other,Plastic_ETC,21.972363822297464,-160.06464421718871,390080.6591328408,2430150.1604623403,3.0,1,0.2987127546072515,0.5629101562500479,0.0,0.008961382638217545,False,False,0.7169106110574036,0.47794040737160237,2.389702036858012,2d:area×thick_range×rho,1인,,,niihau_2_1545_11001_11427.jpg
2_1545_11001_11427_1438,S134,plastic_other,Plastic_ETC,21.972396046413092,-160.06468699615073,390076.2668490358,2430153.7583685014,3.0,1,0.3440293510482301,0.6010925292969262,0.0,0.010320880531446903,False,False,0.8256704425157523,0.5504469616771682,2.752234808385841,2d:area×thick_range×rho,1인,,,niihau_2_1545_11001_11427.jpg
2_1545_11001_11427_1439,S134,pet_bottle,PET_Bottle,21.972328108414107,-160.06464969150164,390080.066399543,2430146.210884946,3.0,1,0.21892209141258157,0.5542382812500473,0.0,0.013135325484754894,False,False,0.4334657409969115,0.36122145083075957,0.7224429016615191,2d:area×thick_range×rho,1인,,,niihau_2_1545_11001_11427.jpg
2_1545_11001_11427_1440,S134,eps_fragment,Styrofoam_Piece,21.972366513583296,-160.0646646690742,390078.54947045154,2430150.4730698382,3.0,1,0.40488317103988875,0.6669836425781819,0.0,0.012146495131196661,False,False,0.2429299026239332,0.1619532684159555,0.8097663420797775,2d:area×thick_range×rho,1인,,,niihau_2_1545_11001_11427.jpg
2_1545_11010_12403_1443,S136,eps_fragment,Styrofoam_Piece,21.972190988364897,-160.06467691899707,390077.14951041486,2430131.0513175856,3.0,1,0.23021791230891098,0.52743530273442,0.0,0.006906537369267329,False,False,0.1381307473853466,0.09208716492356439,0.46043582461782195,2d:area×thick_range×rho,1인,,,niihau_2_1545_11010_12403.jpg
2_1545_11010_12403_1444,S136,eps_fragment,Styrofoam_Piece,21.97213595190072,-160.06463848299217,390081.075814796,2430124.9312153654,3.0,1,0.15346022215339175,0.46304748535160195,0.0,0.004603806664601752,False,False,0.09207613329203504,0.0613840888613567,0.3069204443067835,2d:area×thick_range×rho,1인,,,niihau_2_1545_11010_12403.jpg
2_1545_11010_12403_1445,S136,pet_bottle,PET_Bottle,21.972165660767928,-160.06472606698028,390072.0552938077,2430128.2828537575,3.0,1,0.17702251975483482,0.6209057617188029,0.0,0.010621351185290088,False,False,0.3505045891145729,0.2920871575954775,0.584174315190955,2d:area×thick_range×rho,1인,,,niihau_2_1545_11010_12403.jpg
2_1545_11043_10535_1447,S134,pet_bottle,PET_Bottle,21.97252275483391,-160.06466917042414,390078.20495496603,2430167.772124418,3.0,1,0.25841868057851425,0.5119750976562936,0.0,0.015505120834710855,False,False,0.5116689875454582,0.4263908229545485,0.852781645909097,2d:area×thick_range×rho,1인,,,niihau_2_1545_11043_10535.jpg
2_1545_1124_22315_1451,S135,pet_bottle,PET_Bottle,21.97033845238159,-160.06657800709547,389879.426279557,2429927.3426541826,3.0,1,0.24146931159500423,0.6008056640625512,0.0,0.014488158695700254,False,False,0.47810923695810836,0.39842436413175697,0.7968487282635139,2d:area×thick_range×rho,1인,,,niihau_2_1545_1124_22315.jpg
2_1545_11310_11886_1454,S134,pet_bottle,PET_Bottle,21.97232816175068,-160.06464969413366,390080.0661688312,2430146.216791166,3.0,1,0.23108745730523234,0.5530630493164533,0.0,0.01386524743831394,False,False,0.45755316546436003,0.3812943045536334,0.7625886091072668,2d:area×thick_range×rho,1인,,,niihau_2_1545_11310_11886.jpg
2_1545_11310_11886_1455,S136,pet_bottle,PET_Bottle,21.9722429028071,-160.06457081444748,390088.14517351787,2430136.722042272,3.0,1,0.14394268814923833,0.5407934570312961,0.0,0.008636561288954299,False,False,0.28500652253549186,0.23750543544624325,0.4750108708924865,2d:area×thick_range×rho,1인,,,niihau_2_1545_11310_11886.jpg
2_1545_11310_11886_1456,S134,eps_fragment,Styrofoam_Piece,21.97228845884774,-160.06459366834832,390085.8204842156,2430141.781478337,3.0,1,0.2027628643125641,0.516520996093794,0.0,0.006082885929376923,False,False,0.12165771858753846,0.08110514572502564,0.4055257286251282,2d:area×thick_range×rho,1인,,,niihau_2_1545_11310_11886.jpg
2_1545_11310_11886_1457,S134,plastic_other,Plastic_ETC,21.972284825716713,-160.0646197961975,390083.1198878528,2430141.3980505043,3.0,1,0.258956480023309,0.5152136230469189,0.0,0.00776869440069927,False,False,0.6214955520559416,0.41433036803729445,2.071651840186472,2d:area×thick_range×rho,1인,,,niihau_2_1545_11310_11886.jpg
2_1545_11966_8062_1463,S137,plastic_buoy,Plastic_Buoy_China,21.972972497721972,-160.06450004383933,390096.01402667933,2430217.4370024744,3.0,1,0.2089169113755582,0.4709619140625401,0.0,0.06267507341266745,False,False,3.7605044047600473,1.8802522023800237,5.014005873013397,2d:area×thick_range×rho,1인,,,niihau_2_1545_11966_8062.jpg
2_1545_12811_1027_1464,S138,pet_bottle,PET_Bottle,21.974248367742927,-160.06434334291558,390113.175758034,2430358.5626563705,3.0,1,0.20394877651933332,0.48739990234379155,0.0,0.01223692659116,False,False,0.40381857750828,0.3365154812569,0.6730309625138,2d:area×thick_range×rho,1인,,,niihau_2_1545_12811_1027.jpg
2_1545_12811_1027_1465,S138,glass,Glass,21.97423825924596,-160.0643109020906,390116.5175716031,2430357.4203654425,3.0,1,0.07392003589869806,0.43823486328128736,0.0,0.0051744025129088645,False,False,3.1046415077453187,2.2176010769609418,4.4352021539218835,2d:area×thick_range×rho,1인,,,niihau_2_1545_12811_1027.jpg
2_1545_12811_1027_1466,S138,pet_bottle,PET_Bottle,21.974264996410433,-160.06432629052648,390114.9492545626,2430360.391201138,3.0,1,0.20310433759692792,0.5208325195312944,0.0,0.012186260255815675,False,False,0.40214658844191725,0.3351221570349311,0.6702443140698622,2d:area×thick_range×rho,1인,,,niihau_2_1545_12811_1027.jpg
2_1545_12887_1355_1467,S138,pet_bottle,PET_Bottle,21.974189341970447,-160.06432871849208,390114.64034092205,2430352.01803683,3.0,1,0.37310453776723546,0.8954150390625762,0.0,0.022386272266034127,False,False,0.7387469847791263,0.6156224873159385,1.231244974631877,2d:area×thick_range×rho,1인,,,niihau_2_1545_12887_1355.jpg
2_1545_12887_1355_1468,S138,glass,Glass,21.974238351272902,-160.0643108773876,390116.52019306435,2430357.4305350455,3.0,1,0.06788310444095397,0.4376147460937873,0.0,0.004751817310866778,False,False,2.8510903865200667,2.0364931332286194,4.072986266457239,2d:area×thick_range×rho,1인,,,niihau_2_1545_12887_1355.jpg
2_1545_3279_20174_1471,S139,pet_bottle,PET_Bottle,21.970814863748345,-160.06619768165794,389919.0640941328,2429979.8076622,3.0,1,0.7943232513779265,1.0734252929688415,0.0,0.04765939508267559,False,False,1.5727600377282944,1.3106333647735788,2.6212667295471577,2d:area×thick_range×rho,1인,,,niihau_2_1545_3279_20174.jpg
2_1545_3279_20174_1472,S139,pet_bottle,PET_Bottle,21.970791103215724,-160.06622255166772,389916.4778285068,2429977.1952642403,3.0,1,0.1761511323354507,0.4582029724121484,0.0,0.010569067940127042,False,False,0.34877924202419236,0.29064936835349364,0.5812987367069873,2d:area×thick_range×rho,1인,,,niihau_2_1545_3279_20174.jpg
2_1545_3279_20174_1473,S139,pet_bottle,PET_Bottle,21.970722316686427,-160.06613432814063,389925.5343255365,2429969.517203266,3.0,1,0.2932866567373775,0.5457983398437966,0.0,0.01759719940424265,False,False,0.5807075803400075,0.4839229836166729,0.9678459672333458,2d:area×thick_range×rho,1인,,,niihau_2_1545_3279_20174.jpg
2_1545_3734_20255_1476,S139,eps_fragment,Styrofoam_Piece,21.97075345269988,-160.0660587371004,389933.363472967,2429972.909602188,3.0,1,0.28791019471590656,0.6319592285156789,0.0,0.008637305841477197,False,False,0.17274611682954394,0.11516407788636263,0.5758203894318131,2d:area×thick_range×rho,1인,,,niihau_2_1545_3734_20255.jpg
2_1545_6013_19325_1483,S140,pet_bottle,PET_Bottle,21.97095532495961,-160.0656434274293,389976.40177334857,2429994.9582612696,3.0,1,0.24936736351255853,0.5024169921875428,0.0,0.014962041810753512,False,False,0.4937473797548659,0.4114561497957216,0.8229122995914432,2d:area×thick_range×rho,1인,,,niihau_2_1545_6013_19325.jpg
2_1545_6013_19325_1484,S140,pet_bottle,PET_Bottle,21.97093811719841,-160.0656394473176,389976.799482188,2429993.050511163,3.0,1,0.33746498911386513,0.8122607421875692,0.0,0.020247899346831907,False,False,0.6681806784454529,0.5568172320378775,1.113634464075755,2d:area×thick_range×rho,1인,,,niihau_2_1545_6013_19325.jpg
2_1545_6013_19325_1485,S140,pet_bottle,PET_Bottle,21.97095297395556,-160.06565167867885,389975.5479810209,2429994.703935644,3.0,1,0.1066490442998889,0.38661254882815793,0.0,0.006398942657993334,False,False,0.21116510771378003,0.1759709230948167,0.3519418461896334,2d:area×thick_range×rho,1인,,,niihau_2_1545_6013_19325.jpg
2_1545_6124_19002_1490,S140,pet_bottle,PET_Bottle,21.97095548632425,-160.0656377691329,389976.98614391277,2429994.9720582715,3.0,1,0.33439389925455787,0.6111602783203646,0.0,0.020063633955273472,False,False,0.6620999205240246,0.5517499337700205,1.103499867540041,2d:area×thick_range×rho,1인,,,niihau_2_1545_6124_19002.jpg
2_1545_6124_19002_1491,S140,pet_bottle,PET_Bottle,21.97093819695114,-160.06563955370402,389976.7885587217,2429993.059416196,3.0,1,0.39683762007064427,0.8173907470703822,0.0,0.023810257204238655,False,False,0.7857384877398756,0.6547820731165631,1.3095641462331262,2d:area×thick_range×rho,1인,,,niihau_2_1545_6124_19002.jpg
2_1545_6124_19002_1492,S140,pet_bottle,PET_Bottle,21.970956130972333,-160.0656521729839,389975.49937383307,2429995.053770935,3.0,1,0.24536955166612276,0.5819366455078621,0.0,0.014722173099967366,False,False,0.4858317122989231,0.4048597602491026,0.8097195204982052,2d:area×thick_range×rho,1인,,,niihau_2_1545_6124_19002.jpg
2_1545_6124_19002_1493,S140,pet_bottle,PET_Bottle,21.970939836643044,-160.0656309487258,389977.67832731205,2429993.2347458308,3.0,1,0.246641169834179,0.7795800781250665,0.0,0.01479847019005074,False,False,0.48834951627167444,0.40695793022639537,0.8139158604527907,2d:area×thick_range×rho,1인,,,niihau_2_1545_6124_19002.jpg
2_1545_6191_17947_1497,S141,pet_bottle,PET_Bottle,21.971194685862013,-160.0655586761135,389985.3371429477,2430021.394487316,3.0,1,0.29481706343298214,0.551999511718797,0.0,0.017689023805978928,False,False,0.5837377855973046,0.48644815466442054,0.9728963093288411,2d:area×thick_range×rho,1인,,,niihau_2_1545_6191_17947.jpg
2_1545_6191_17947_1498,S141,pet_bottle,PET_Bottle,21.97122412246317,-160.0655446043354,389986.81279516243,2430024.6429924564,3.0,1,0.2801187183335901,0.6502270507813054,0.0,0.016807123100015406,False,False,0.5546350623005084,0.46219588525042365,0.9243917705008473,2d:area×thick_range×rho,1인,,,niihau_2_1545_6191_17947.jpg
2_1545_6191_17947_1499,S141,plastic_other,Plastic_ETC,21.97116453214053,-160.0655591658269,389985.26334898814,2430018.056838174,3.0,1,0.2940240817904973,0.5946508789063006,0.0,0.00882072245371492,False,False,0.7056577962971935,0.4704385308647957,2.3521926543239786,2d:area×thick_range×rho,1인,,,niihau_2_1545_6191_17947.jpg
2_1545_6191_17947_1500,S141,pet_bottle,PET_Bottle,21.97119025384466,-160.06556168043565,389985.02351860434,2430020.9060240597,3.0,1,0.24055121376518535,0.6450732421875549,0.0,0.01443307282591112,False,False,0.47629140325506697,0.3969095027125559,0.7938190054251117,2d:area×thick_range×rho,1인,,,niihau_2_1545_6191_17947.jpg
2_1545_6191_17947_1501,S141,pet_bottle,PET_Bottle,21.971160807027694,-160.06562697381568,389978.2589893552,2430017.6931942767,3.0,1,0.29768802011018103,0.7871826171875671,0.0,0.01786128120661086,False,False,0.5894222798181584,0.4911852331817987,0.9823704663635974,2d:area×thick_range×rho,1인,,,niihau_2_1545_6191_17947.jpg
2_1545_6191_17947_1502,S141,pet_bottle,PET_Bottle,21.9711823481238,-160.0656543295064,389975.4509826752,2430020.0974398633,3.0,1,0.32140428233524676,0.5816436767578621,0.0,0.019284256940114805,False,False,0.6363804790237886,0.5303170658531572,1.0606341317063144,2d:area×thick_range×rho,1인,,,niihau_2_1545_6191_17947.jpg
2_1545_6191_17947_1503,S141,plastic_buoy,Plastic_Buoy,21.971159526469553,-160.06563359455183,389977.57438103005,2430017.5561947287,3.0,1,0.31483589383369087,0.6036511230469265,0.0,0.09445076815010726,False,False,5.667046089006436,2.833523044503218,7.5560614520085805,2d:area×thick_range×rho,1인,,,niihau_2_1545_6191_17947.jpg
2_1545_6191_17947_1504,S141,plastic_other,Plastic_ETC,21.971156256794153,-160.06566095682228,389974.74658034736,2430017.2139058234,3.0,1,0.5533123316216294,0.7811302185059259,0.0,0.01659936994864888,False,False,1.3279495958919105,0.8852997305946071,4.426498652973035,2d:area×thick_range×rho,1인,,,niihau_2_1545_6191_17947.jpg
2_1545_6449_18325_1507,S141,plastic_other,Plastic_ETC,21.97116456084498,-160.0655592276232,389985.25699034607,2430018.0600601435,3.0,1,0.29416102601033994,0.5897474670410658,0.0,0.008824830780310197,False,False,0.7059864624248158,0.47065764161654394,2.3532882080827195,2d:area×thick_range×rho,1인,,,niihau_2_1545_6449_18325.jpg
2_1545_6449_18325_1508,S141,pet_bottle,PET_Bottle,21.97105824461735,-160.06557979899952,389983.05099860503,2430006.305691459,3.0,1,0.07708559564949395,0.4323937988281618,0.0,0.004625135738969637,False,False,0.15262947938599802,0.12719123282166503,0.25438246564333006,2d:area×thick_range×rho,1인,,,niihau_2_1545_6449_18325.jpg
2_1545_6449_18325_1509,S141,net,Net,21.9711261846627,-160.06558818141696,389982.2378129703,2430013.832641719,3.0,1,0.201988036478904,0.4545013427734762,0.0,0.02423856437746848,False,False,3.635784656620272,1.51491027359178,9.08946164155068,2d:area×thick_range×rho,1인,절단기,,niihau_2_1545_6449_18325.jpg
2_1545_6449_18325_1510,S141,pet_bottle,PET_Bottle,21.971084797999765,-160.06559367328722,389981.6388687339,2430009.2551062494,3.0,1,0.20979610540125368,0.5427874755859837,0.0,0.01258776632407522,False,False,0.41539628869448225,0.34616357391206865,0.6923271478241373,2d:area×thick_range×rho,1인,,,niihau_2_1545_6449_18325.jpg
2_1545_6513_17664_1514,S141,pet_bottle,PET_Bottle,21.971194698587286,-160.06555853257385,389985.351973886,2430021.3957928577,3.0,1,0.2905907109797496,0.5567059326172349,0.0,0.017435442658784973,False,False,0.5753696077399041,0.47947467311658687,0.9589493462331737,2d:area×thick_range×rho,1인,,,niihau_2_1545_6513_17664.jpg
2_1545_6513_17664_1515,S141,pet_bottle,PET_Bottle,21.97122433199238,-160.06554450511376,389986.82320165995,2430024.6661159364,3.0,1,0.22805777280334547,0.6083837890625519,0.0,0.013683466368200727,False,False,0.451554390150624,0.37629532512552,0.75259065025104,2d:area×thick_range×rho,1인,,,niihau_2_1545_6513_17664.jpg
2_1545_6513_17664_1516,S141,pet_bottle,PET_Bottle,21.971190113175382,-160.0655613051406,389985.06216119236,2430020.890182381,3.0,1,0.26365957069401463,0.6496093750000553,0.0,0.015819574241640877,False,False,0.522045949974149,0.4350382916451242,0.8700765832902484,2d:area×thick_range×rho,1인,,,niihau_2_1545_6513_17664.jpg
2_1545_6513_17664_1517,S141,pet_bottle,PET_Bottle,21.971245997948603,-160.06554284630784,389987.01117106364,2430027.0633339384,3.0,1,0.25159496289197913,0.5792163085937994,0.0,0.015095697773518747,False,False,0.4981580265261187,0.4151316887717656,0.8302633775435312,2d:area×thick_range×rho,1인,,,niihau_2_1545_6513_17664.jpg
2_1545_724_22079_1524,S142,pet_bottle,PET_Bottle,21.97046614681143,-160.06669294346233,389867.65696443064,2429941.56102958,3.0,1,0.2969696717807598,0.5872120666504407,0.0,0.017818180306845587,False,False,0.5879999501259043,0.48999995843825367,0.9799999168765073,2d:area×thick_range×rho,1인,,,niihau_2_1545_724_22079.jpg
2_1595_8490_10733_1534,S143,pet_bottle,PET_Bottle,21.975068010801376,-160.06388234269008,390161.40563736623,2430448.9658776894,3.0,1,0.11396550546886182,0.4109106445312797,0.0,0.006837930328131709,False,False,0.2256517008283464,0.18804308402362202,0.37608616804724404,2d:area×thick_range×rho,1인,,,niihau_2_1595_8490_10733.jpg
2_1595_8490_10733_1535,S144,pet_bottle,PET_Bottle,21.975025436818576,-160.0639113015207,390158.38283511135,2430444.273738461,3.0,1,0.2126221584678003,0.541032714843789,0.0,0.012757329508068018,False,False,0.4209918737662446,0.3508265614718705,0.701653122943741,2d:area×thick_range×rho,1인,,,niihau_2_1595_8490_10733.jpg
2_1595_8845_9993_1537,S143,plastic_other,Plastic_ETC,21.975159547481624,-160.0637900029695,390171.01028755144,2430459.0326886685,3.0,1,0.25713576521877185,0.5439160156250392,0.0,0.007714072956563155,False,False,0.6171258365250524,0.41141722435003497,2.057086121750175,2d:area×thick_range×rho,1인,,,niihau_2_1595_8845_9993.jpg
2_1595_8845_9993_1538,S143,net,Net,21.975187552506704,-160.06380629356326,390169.34979763365,2430462.1445180504,3.0,1,0.2856499011934216,0.5498559570312896,0.0,0.03427798814321059,False,False,5.1416982214815885,2.142374258950662,12.854245553703972,2d:area×thick_range×rho,1인,절단기,,niihau_2_1595_8845_9993.jpg
2_1597_-63_5169_1539,S145,plastic_buoy,Plastic_Buoy,21.97766123713935,-160.06053310714955,390509.2087336056,2430733.63518024,3.0,1,0.4340352474213386,0.6757055664063075,0.0,0.13021057422640156,False,False,7.812634453584094,3.906317226792047,10.416845938112127,2d:area×thick_range×rho,1인,,,niihau_2_1597_-63_5169.jpg
2_1597_10430_7104_1541,S146,pet_bottle,PET_Bottle,21.977312294524207,-160.05845290179045,390723.72243032197,2430693.520910913,3.0,1,0.32055088810926174,0.6236914062500531,0.0,0.019233053286555703,False,False,0.6346907584563382,0.5289089653802819,1.0578179307605637,2d:area×thick_range×rho,1인,,,niihau_2_1597_10430_7104.jpg
2_1597_12880_10111_1548,S147,eps_buoy,Styrofoam_Buoy,21.97678421205149,-160.05801927673429,390768.0901970649,2430634.753021032,3.0,1,0.2594625163913215,0.5247827148437947,0.0,0.09081188073696252,False,False,2.270297018424063,0.9729844364674556,2.594625163913215,2d:area×thick_range×rho,1인,,,niihau_2_1597_12880_10111.jpg
2_1597_12972_11226_1549,S148,pet_bottle,PET_Bottle,21.976582933416715,-160.0580448854654,390765.2920884899,2430612.4898819663,3.0,1,0.24338588042561385,0.6885131835938086,0.0,0.014603152825536831,False,False,0.4819040432427154,0.4015867027022629,0.8031734054045258,2d:area×thick_range×rho,1인,,,niihau_2_1597_12972_11226.jpg
2_1597_8789_7060_1551,S146,plastic_other,Plastic_ETC,21.977276498437814,-160.0587660671477,390691.36069139093,2430689.7819090923,3.0,1,0.3346728701592062,0.7118554687500607,0.0,0.010040186104776186,False,False,0.8032148883820949,0.53547659225473,2.6773829612736497,2d:area×thick_range×rho,1인,,,niihau_2_1597_8789_7060.jpg
2_1597_8789_7060_1552,S146,eps_fragment,Styrofoam_Piece,21.97728525986558,-160.05876279664827,390691.7050786833,2430690.74945816,3.0,1,0.2648955121040796,0.5314257812500452,0.0,0.007946865363122387,False,False,0.15893730726244776,0.10595820484163185,0.5297910242081592,2d:area×thick_range×rho,1인,,,niihau_2_1597_8789_7060.jpg
2_1597_8827_6541_1554,S149,plastic_other,Plastic_ETC,21.97741835814206,-160.05882780701052,390685.09466627176,2430705.529780419,3.0,1,1.9354698350432833,1.4421313476563729,0.0,0.058064095051298496,False,False,4.645127604103879,3.096751736069253,15.483758680346266,2d:area×thick_range×rho,1인,,,niihau_2_1597_8827_6541.jpg
2_1597_9249_7387_1557,S146,plastic_other,Plastic_ETC,21.977276550987632,-160.05876605095,390691.36240404093,2430689.7877147566,3.0,1,0.3472053850830193,0.7135839843750608,0.0,0.010416161552490578,False,False,0.8332929241992462,0.5555286161328309,2.7776430806641543,2d:area×thick_range×rho,1인,,,niihau_2_1597_9249_7387.jpg
2_1597_9249_7387_1558,S146,net,Net,21.97727288482509,-160.05867664492808,390700.59077423473,2430689.318029593,3.0,1,0.2687758542180519,0.5432910156250463,0.0,0.032253102506166226,False,False,4.8379653759249335,2.0158189066353893,12.094913439812334,2d:area×thick_range×rho,1인,절단기,,niihau_2_1597_9249_7387.jpg
2_1597_9249_7387_1559,S146,eps_fragment,Styrofoam_Piece,21.977285269974992,-160.05876285601377,390691.6989569313,2430690.7506196587,3.0,1,0.2839990221441276,0.5422265625000462,0.0,0.008519970664323827,False,False,0.17039941328647654,0.11359960885765104,0.5679980442882552,2d:area×thick_range×rho,1인,,,niihau_2_1597_9249_7387.jpg
2_1597_9249_7387_1560,S146,pet_bottle,PET_Bottle,21.977327772091765,-160.05866797644393,390701.5278154766,2430695.3878258117,3.0,1,0.32238851136132984,0.5770951461792484,0.0,0.01934331068167979,False,False,0.6383292524954332,0.5319410437461942,1.0638820874923884,2d:area×thick_range×rho,1인,,,niihau_2_1597_9249_7387.jpg
2_1597_9587_6935_1564,S146,eps_buoy,Styrofoam_Buoy,21.97735570696794,-160.0586616555694,390702.2018317522,2430698.4756856738,3.0,1,0.4004443305731502,0.6531982421875556,0.0,0.14015551570060256,False,False,3.503887892515064,1.5016662396493132,4.0044433057315025,2d:area×thick_range×rho,1인,,,niihau_2_1597_9587_6935.jpg
2_1597_9587_6935_1565,S146,eps_buoy,Styrofoam_Buoy,21.97737113781522,-160.05861994931752,390706.5198149919,2430700.154091246,3.0,1,0.6660563069702329,0.844819335937572,0.0,0.2331197074395815,False,False,5.827992685989537,2.497711151138373,6.660563069702328,2d:area×thick_range×rho,1인,,,niihau_2_1597_9587_6935.jpg
2_1597_9587_6935_1566,S146,eps_fragment,Styrofoam_Piece,21.97729757044379,-160.05868390372683,390699.86020154145,2430692.0558952605,3.0,1,0.17061862359347868,0.6114367675781771,0.0,0.00511855870780436,False,False,0.1023711741560872,0.06824744943739147,0.34123724718695736,2d:area×thick_range×rho,1인,,,niihau_2_1597_9587_6935.jpg
2_1597_9890_6138_1567,S146,plastic_other,Plastic_ETC,21.97746274937356,-160.05856955005643,390711.79366637766,2430710.259448067,3.0,1,0.5282912140355415,0.7379321289063129,0.0,0.015848736421066243,False,False,1.2678989136852994,0.8452659424568664,4.226329712284332,2d:area×thick_range×rho,1인,,,niihau_2_1597_9890_6138.jpg
2_1599_-211_22190_1568,S150,pet_bottle,PET_Bottle,21.976811995763153,-160.05417627220595,391164.90294073167,2430635.091287282,3.0,1,0.40723874845213676,0.6532482910156806,0.0,0.024434324907128203,False,False,0.8063327219352306,0.6719439349460257,1.3438878698920513,2d:area×thick_range×rho,1인,,,niihau_2_1599_-211_22190.jpg
2_1599_-211_22190_1569,S150,pet_bottle,PET_Bottle,21.97677535153247,-160.0541863924082,391163.8300928778,2430631.0419939794,3.0,1,0.2635551362991782,0.5721875000000487,0.0,0.01581330817795069,False,False,0.5218391698723728,0.4348659748936441,0.8697319497872882,2d:area×thick_range×rho,1인,,,niihau_2_1599_-211_22190.jpg
2_1599_1323_21499_1571,S151,plastic_other,Plastic_ETC,21.976924928922394,-160.05391282456924,391192.1900507104,2430647.405613792,3.0,1,0.7544147604705188,1.0296020507813377,0.0,0.022632442814115562,False,False,1.8105954251292449,1.2070636167528301,6.0353180837641505,2d:area×thick_range×rho,1인,,,niihau_2_1599_1323_21499.jpg
2_1599_1323_21499_1572,S151,pet_bottle,PET_Bottle,21.97687155445499,-160.0539160544567,391191.8158868082,2430641.4993965067,3.0,1,0.18143015266659965,0.47668212890629064,0.0,0.010885809159995978,False,False,0.3592317022798673,0.29935975189988945,0.5987195037997789,2d:area×thick_range×rho,1인,,,niihau_2_1599_1323_21499.jpg
2_1599_416_22056_1573,S150,pet_bottle,PET_Bottle,21.976823938757903,-160.05411874530736,391170.8517129485,2430636.37246711,3.0,1,0.19305539862963866,0.5007360839844177,0.0,0.01158332391777832,False,False,0.38224968928668457,0.3185414077389038,0.6370828154778077,2d:area×thick_range×rho,1인,,,niihau_2_1599_416_22056.jpg
2_1599_416_22056_1574,S151,pet_bottle,PET_Bottle,21.976821545254403,-160.05405208005578,391177.7330940388,2430636.0601129155,3.0,1,0.1872925887465796,0.4650439453125396,0.0,0.011237555324794776,False,False,0.3708393257182276,0.30903277143185637,0.6180655428637127,2d:area×thick_range×rho,1인,,,niihau_2_1599_416_22056.jpg
2_1599_416_22056_1575,S150,plastic_buoy,Plastic_Buoy,21.976847473314013,-160.0540912274806,391173.71087502385,2430638.9581608083,3.0,1,0.08882215825320804,0.29859863281252547,0.0,0.02664664747596241,False,False,1.5987988485577447,0.7993994242788723,2.1317317980769928,2d:area×thick_range×rho,1인,,,niihau_2_1599_416_22056.jpg
2_1599_416_22056_1576,S150,pet_bottle,PET_Bottle,21.97681096513162,-160.05414287739634,391168.35017867293,2430634.9534536945,3.0,1,0.40458219096369485,0.7452441406250635,0.0,0.02427493145782169,False,False,0.8010727381081157,0.6675606150900966,1.3351212301801931,2d:area×thick_range×rho,1인,,,niihau_2_1599_416_22056.jpg
2_1600_285_8319_1578,S152,pet_bottle,PET_Bottle,21.979269124419368,-160.05099145882423,391495.6032092922,2430904.832432115,3.0,1,0.2609881798922718,0.7147827148437093,0.0,0.01565929079353631,False,False,0.5167565961866982,0.4306304968222485,0.861260993644497,2d:area×thick_range×rho,1인,,,niihau_2_1600_285_8319.jpg
2_1600_285_8319_1579,S152,net,Net,21.979279562700043,-160.050984138901,391496.36691370216,2430905.9827522254,3.0,1,0.22012016444203725,0.4716210937499731,0.0,0.02641441973304447,False,False,3.9621629599566703,1.6509012333152793,9.905407399891676,2d:area×thick_range×rho,1인,절단기,,niihau_2_1600_285_8319.jpg
2_1600_285_8319_1580,S152,plastic_other,Plastic_ETC,21.979283297728305,-160.05097370021494,391497.4475304233,2430906.3888167804,3.0,1,0.20837053966519842,0.4626440429687236,0.0,0.006251116189955952,False,False,0.5000892951964762,0.33339286346431746,1.6669643173215876,2d:area×thick_range×rho,1인,,,niihau_2_1600_285_8319.jpg
2_1600_808_8392_1585,S152,pet_bottle,PET_Bottle,21.979355222321384,-160.05093069336925,391501.9425843165,2430914.3203244125,3.0,1,0.34728351835176113,0.6022961425780906,0.0,0.020837011101105668,False,False,0.6876213663364871,0.5730178052804059,1.1460356105608118,2d:area×thick_range×rho,1인,,,niihau_2_1600_808_8392.jpg
2_1600_808_8392_1586,S152,net,Net,21.97930552038804,-160.0509008985387,391504.98107780947,2430908.7972396277,3.0,1,0.12238455283640419,0.36892578124997893,0.0,0.014686146340368501,False,False,2.2029219510552753,0.9178841462730314,5.507304877638188,2d:area×thick_range×rho,1인,절단기,,niihau_2_1600_808_8392.jpg
2_1649_10311_6881_1590,S153,eps_fragment,Styrofoam_Piece,21.98583986869001,-160.05126393010988,391472.46724508953,2431632.402075324,3.0,1,0.2758516461849713,0.5426416015625493,0.0,0.00827554938554914,False,False,0.1655109877109828,0.11034065847398854,0.5517032923699426,2d:area×thick_range×rho,1인,,,niihau_2_1649_10311_6881.jpg
2_1649_10311_6881_1591,S153,pet_bottle,PET_Bottle,21.985889307331693,-160.05131904114884,391466.81497806706,2431637.913987695,3.0,1,0.21405026077334,0.5056140136719209,0.0,0.0128430156464004,False,False,0.4238195163312132,0.353182930276011,0.706365860552022,2d:area×thick_range×rho,1인,,,niihau_2_1649_10311_6881.jpg
2_1649_10311_6881_1592,S153,pet_bottle,PET_Bottle,21.98590043437149,-160.05125560956674,391473.3723478452,2431639.100751913,3.0,1,0.1431662120580933,0.6896655273438126,0.0,0.008589972723485597,False,False,0.2834690998750247,0.23622424989585394,0.4724484997917079,2d:area×thick_range×rho,1인,,,niihau_2_1649_10311_6881.jpg
2_1649_10311_6881_1593,S153,pet_bottle,PET_Bottle,21.98585808690659,-160.051303924365,391468.351946223,2431634.447186299,3.0,1,0.3267014012992975,0.6237255859375566,0.0,0.019602084077957847,False,False,0.6468687745726089,0.5390573121438409,1.0781146242876818,2d:area×thick_range×rho,1인,,,niihau_2_1649_10311_6881.jpg
2_1649_10615_7355_1596,S153,plastic_other,Plastic_ETC,21.985817085851384,-160.0512467347871,391474.22522770346,2431629.8678351967,3.0,1,0.3867920123041378,0.639152832031308,0.0,0.011603760369124133,False,False,0.9283008295299306,0.6188672196866205,3.0943360984331028,2d:area×thick_range×rho,1인,,,niihau_2_1649_10615_7355.jpg
2_1649_10615_7355_1597,S153,pet_bottle,PET_Bottle,21.985818379739086,-160.05127937363426,391470.8564564249,2431630.0342173744,3.0,1,0.337720852518143,0.606728515625055,0.0,0.02026325115108858,False,False,0.6686872879859231,0.557239406654936,1.114478813309872,2d:area×thick_range×rho,1인,,,niihau_2_1649_10615_7355.jpg
2_1649_10615_7355_1598,S153,net,Net,21.985793374992834,-160.05124551425254,391474.3332086923,2431627.242194287,3.0,1,0.23230622096065923,0.49777343750004516,0.0,0.027876746515279105,False,False,4.181511977291866,1.7422966572049443,10.453779943229664,2d:area×thick_range×rho,1인,절단기,,niihau_2_1649_10615_7355.jpg
2_1649_10615_7355_1599,S153,pet_bottle,PET_Bottle,21.985804404869267,-160.05126270181597,391472.56708887045,2431628.4753842875,3.0,1,0.177792826214465,0.5102270507812963,0.0,0.010667569572867899,False,False,0.3520297959046407,0.2933581632538672,0.5867163265077344,2d:area×thick_range×rho,1인,,,niihau_2_1649_10615_7355.jpg
2_1649_10615_7355_1600,S153,eps_fragment,Styrofoam_Piece,21.985839967226745,-160.0512639782362,391472.462351287,2431632.413017405,3.0,1,0.29070276982342513,0.5558618164063004,0.0,0.008721083094702754,False,False,0.17442166189405506,0.11628110792937005,0.5814055396468503,2d:area×thick_range×rho,1인,,,niihau_2_1649_10615_7355.jpg
2_1649_10615_7355_1601,S153,pet_bottle,PET_Bottle,21.98582901536634,-160.05127728792772,391471.0798808555,2431631.2100944356,3.0,1,0.22158431109492033,0.523280639648485,0.0,0.01329505866569522,False,False,0.4387369359679423,0.3656141133066185,0.731228226613237,2d:area×thick_range×rho,1인,,,niihau_2_1649_10615_7355.jpg
2_1649_10615_7355_1602,S153,pet_bottle,PET_Bottle,21.98576053773992,-160.0512897670692,391469.7394105615,2431623.638520903,3.0,1,0.08360728191138832,0.35950683593753263,0.0,0.005016436914683299,False,False,0.16554241818454885,0.1379520151537907,0.2759040303075814,2d:area×thick_range×rho,1인,,,niihau_2_1649_10615_7355.jpg
2_1649_9625_4576_1610,S154,plastic_other,Plastic_ETC,21.986304632377603,-160.0515047815209,391447.95439040224,2431684.0219391645,3.0,1,0.2704330245292305,0.5232881164551256,0.0,0.008112990735876915,False,False,0.6490392588701532,0.4326928392467688,2.163464196233844,2d:area×thick_range×rho,1인,,,niihau_2_1649_9625_4576.jpg
2_1649_9625_4576_1611,S154,pet_bottle,PET_Bottle,21.986299875273268,-160.05145263136953,391453.33492830105,2431683.458334295,3.0,1,0.570362307876452,0.7566040039063187,0.0,0.034221738472587124,False,False,1.129317369595375,0.941097807996146,1.882195615992292,2d:area×thick_range×rho,1인,,,niihau_2_1649_9625_4576.jpg
2_1649_9924_6934_1613,S153,pet_bottle,PET_Bottle,21.985817089209423,-160.05140697059807,391457.68189232965,2431629.981864136,3.0,1,0.1186400498002983,0.5635668945313012,0.0,0.007118402988017898,False,False,0.23490729860459061,0.1957560821704922,0.3915121643409844,2d:area×thick_range×rho,1인,,,niihau_2_1649_9924_6934.jpg
2_1649_9924_6934_1614,S153,plastic_other,Plastic_ETC,21.98582045255718,-160.0513623584258,391462.29037612944,2431630.322538663,3.0,1,0.1183648639321542,0.3601147460937827,0.0,0.003550945917964626,False,False,0.2840756734371701,0.18938378229144676,0.9469189114572336,2d:area×thick_range×rho,1인,,,niihau_2_1649_9924_6934.jpg
2_1649_9924_6934_1615,S153,pet_bottle,PET_Bottle,21.98591429506277,-160.0513329093023,391465.4021835254,2431640.6899487693,3.0,1,0.21061736848358162,0.46843505859379253,0.0,0.012637042109014897,False,False,0.4170223895974916,0.3475186579979097,0.6950373159958194,2d:area×thick_range×rho,1인,,,niihau_2_1649_9924_6934.jpg
2_1650_4352_25659_1617,S155,eps_buoy,Styrofoam_Buoy,21.982498880044208,-160.05021926388264,391577.78434301703,2431261.816577096,3.0,1,5.265183809882483,2.4069116210937684,0.0,1.842814333458869,False,False,46.07035833647172,19.74443928705931,52.65183809882483,2d:area×thick_range×rho,장비,,,niihau_2_1650_4352_25659.jpg
2_1650_4814_22207_1624,S156,plastic_other,Plastic_ETC,21.983122652382814,-160.05009061890723,391591.54021180456,2431330.776553313,3.0,1,0.6448462235331633,0.8150268554687562,0.0,0.0193453867059949,False,False,1.547630936479592,1.0317539576530614,5.158769788265307,2d:area×thick_range×rho,1인,,,niihau_2_1650_4814_22207.jpg
2_1650_4814_22207_1625,S156,plastic_other,Plastic_ETC,21.983098194077595,-160.0500799294144,391592.6252779935,2431328.061465361,3.0,1,0.23985692979097734,0.5444677734375042,0.0,0.00719570789372932,False,False,0.5756566314983456,0.3837710876655637,1.918855438327819,2d:area×thick_range×rho,1인,,,niihau_2_1650_4814_22207.jpg
2_1650_4814_22207_1626,S156,pet_bottle,PET_Bottle,21.98309578451802,-160.050077524518,391592.8717428973,2431327.793025353,3.0,1,0.27686969472766343,0.7209204101562555,0.0,0.016612181683659806,False,False,0.5482019955607736,0.4568349963006447,0.9136699926012894,2d:area×thick_range×rho,1인,,,niihau_2_1650_4814_22207.jpg
2_1650_4814_22207_1627,S156,plastic_buoy,Plastic_Buoy_China,21.983176597024915,-160.0501807153622,391582.279124616,2431336.812011456,3.0,1,0.25561806629388983,0.5084613037109413,0.0,0.07668541988816695,False,False,4.601125193290017,2.3005625966450083,6.134833591053356,2d:area×thick_range×rho,1인,,,niihau_2_1650_4814_22207.jpg
2_1650_4975_19349_1634,S157,plastic_buoy,Plastic_Buoy_China,21.983681392793205,-160.05012162319682,391588.76356401446,2431392.650651137,3.0,1,0.34924258211385995,0.6155636596679734,0.0,0.10477277463415798,False,False,6.286366478049478,3.143183239024739,8.38182197073264,2d:area×thick_range×rho,1인,,,niihau_2_1650_4975_19349.jpg
2_1650_4975_19349_1635,S157,net,Net,21.983651550929352,-160.05011788375344,391589.1269761244,2431389.3445304735,3.0,1,0.24200002267770837,0.5522888183593793,0.0,0.029040002721325002,False,False,4.35600040819875,1.815000170082813,10.890001020496877,2d:area×thick_range×rho,1인,절단기,,niihau_2_1650_4975_19349.jpg
2_1650_4975_19349_1636,S157,net,Net,21.983673736925997,-160.0501350279457,391587.3737724109,2431391.8126490656,3.0,1,0.23799754735976825,0.519593505859379,0.0,0.02855970568317219,False,False,4.283955852475828,1.784981605198262,10.70988963118957,2d:area×thick_range×rho,1인,절단기,,niihau_2_1650_4975_19349.jpg
2_1650_5253_32312_1640,S158,pet_bottle,PET_Bottle,21.981242196742112,-160.0500856406581,391590.62595790107,2431122.6080648233,3.0,1,0.29451090654060696,0.5831689453125045,0.0,0.017670654392436418,False,False,0.5831315949504018,0.4859429957920015,0.971885991584003,2d:area×thick_range×rho,1인,,,niihau_2_1650_5253_32312.jpg
2_1650_5253_32312_1641,S158,plastic_buoy,Plastic_Buoy,21.981300206583185,-160.0500836558549,391590.8749404213,2431129.0283020097,3.0,1,0.19861831963658638,0.44867919921875343,0.0,0.05958549589097591,False,False,3.5751297534585547,1.7875648767292773,4.766839671278073,2d:area×thick_range×rho,1인,,,niihau_2_1650_5253_32312.jpg
2_1650_5253_32312_1642,S158,pet_bottle,PET_Bottle,21.98130928817389,-160.050079515368,391591.3093303315,2431130.0306939227,3.0,1,0.6206225355256444,0.9128973388671945,0.0,0.03723735213153866,False,False,1.2288326203407758,1.0240271836173134,2.0480543672346267,2d:area×thick_range×rho,1인,,,niihau_2_1650_5253_32312.jpg
2_1650_5253_32312_1643,S158,pet_bottle,PET_Bottle,21.981252497147977,-160.0500470988386,391594.6131070914,2431123.7210106603,3.0,1,0.5364439755499445,0.914719238281257,0.0,0.03218663853299667,False,False,1.0621590715888902,0.8851325596574084,1.770265119314817,2d:area×thick_range×rho,1인,,,niihau_2_1650_5253_32312.jpg
2_1650_5751_31105_1645,S159,plastic_other,Plastic_ETC,21.98148645303283,-160.04995666840654,391604.1274404613,2431149.5556880953,3.0,1,0.3817337592825352,0.6349401855468798,0.0,0.011452012778476055,False,False,0.9161610222780845,0.6107740148520564,3.0538700742602822,2d:area×thick_range×rho,1인,,,niihau_2_1650_5751_31105.jpg
2_1650_5751_31105_1646,S159,net,Net,21.981479011744128,-160.0499306365738,391606.8094931266,2431148.713505883,3.0,1,0.2961105897426651,0.5718652343750044,0.0,0.03553327076911981,False,False,5.329990615367971,2.220829423069988,13.324976538419927,2d:area×thick_range×rho,1인,절단기,,niihau_2_1650_5751_31105.jpg
2_1650_6129_30320_1649,S159,net,Net,21.981639595548017,-160.04988515307485,391611.62745846424,2431166.4577912935,3.0,1,0.2630910248562734,0.5386407470703166,0.0,0.031570922982752804,False,False,4.735638447412921,1.9731826864220505,11.839096118532304,2d:area×thick_range×rho,1인,절단기,,niihau_2_1650_6129_30320.jpg
2_1650_6129_30320_1650,S160,eps_fragment,Styrofoam_Piece,21.981662182864426,-160.04988851845542,391611.2971458776,2431168.960572675,3.0,1,0.25302468335628897,0.512246093750004,0.0,0.007590740500688669,False,False,0.15181481001377337,0.10120987334251558,0.5060493667125779,2d:area×thick_range×rho,1인,,,niihau_2_1650_6129_30320.jpg
2_1650_6129_30320_1651,S160,net,Net,21.981712175767044,-160.0498851246043,391611.6855120589,2431174.4923434933,3.0,1,0.23549746451620374,0.5048954010009804,0.0,0.028259695741944448,False,False,4.238954361291667,1.7662309838715282,10.597385903229167,2d:area×thick_range×rho,1인,절단기,,niihau_2_1650_6129_30320.jpg
2_1650_6237_29026_1655,S160,eps_fragment,Styrofoam_Piece,21.981873053993002,-160.04989923937362,391610.35037544667,2431192.3114317334,3.0,1,0.29012466037273854,0.5491406250000042,0.0,0.008703739811182156,False,False,0.17407479622364314,0.11604986414909542,0.5802493207454771,2d:area×thick_range×rho,1인,,,niihau_2_1650_6237_29026.jpg
2_1650_6237_29026_1656,S161,pet_bottle,PET_Bottle,21.98191233820145,-160.04984014091218,391616.4819154964,2431196.618307198,3.0,1,0.27391177588701665,0.5856506347656295,0.0,0.016434706553220997,False,False,0.5423453162562929,0.4519544302135775,0.903908860427155,2d:area×thick_range×rho,1인,,,niihau_2_1650_6237_29026.jpg
2_1650_6246_29356_1659,S160,eps_fragment,Styrofoam_Piece,21.981873139625986,-160.0498993994791,391610.3339101399,2431192.3210246307,3.0,1,0.2899709547776773,0.5625793457031293,0.0,0.008699128643330318,False,False,0.17398257286660637,0.11598838191107091,0.5799419095553546,2d:area×thick_range×rho,1인,,,niihau_2_1650_6246_29356.jpg
2_1650_6246_29356_1660,S160,plastic_other,Plastic_ETC,21.981848830312547,-160.04985667580834,391614.7265213961,2431189.5997446654,3.0,1,0.49047462315560136,0.7354174804687557,0.0,0.014714238694668041,False,False,1.1771390955734433,0.7847593970489621,3.9237969852448114,2d:area×thick_range×rho,1인,,,niihau_2_1650_6246_29356.jpg
2_1650_6730_28702_1665,S161,pet_bottle,PET_Bottle,21.981945224771255,-160.04974638169497,391626.18719498283,2431200.192426137,3.0,1,0.29622331215143655,0.5826513671875044,0.0,0.017773398729086193,False,False,0.5865221580598444,0.4887684650498703,0.9775369300997406,2d:area×thick_range×rho,1인,,,niihau_2_1650_6730_28702.jpg
2_1650_6730_28702_1666,S161,pet_bottle,PET_Bottle,21.981956220386174,-160.0497583366241,391624.9612394812,2431201.418097827,3.0,1,0.17207454773783948,0.4149841308593782,0.0,0.010324472864270368,False,False,0.34070760452092214,0.2839230037674351,0.5678460075348702,2d:area×thick_range×rho,1인,,,niihau_2_1650_6730_28702.jpg
2_1698_12599_12221_1667,S162,plastic_buoy,Plastic_Buoy,21.991222418162913,-160.05473205123306,391118.5128688184,2432230.711055606,3.0,1,0.23962477156527406,0.490832519531327,0.0,0.07188743146958222,False,False,4.313245888174933,2.1566229440874665,5.750994517566578,2d:area×thick_range×rho,1인,,,niihau_2_1698_12599_12221.jpg
2_1698_12599_12221_1668,S162,eps_fragment,Styrofoam_Piece,21.991217628382653,-160.05466576340086,391125.35276063735,2432230.133650687,3.0,1,0.16987149090027176,0.44531005859381984,0.0,0.005096144727008153,False,False,0.10192289454016305,0.0679485963601087,0.3397429818005435,2d:area×thick_range×rho,1인,,,niihau_2_1698_12599_12221.jpg
2_1698_12599_12221_1669,S162,pet_bottle,PET_Bottle,21.991222336022712,-160.05472854756087,391118.87452478823,2432230.6994689964,3.0,1,0.27750839809486033,0.5598443603516503,0.0,0.016650503885691618,False,False,0.5494666282278234,0.45788885685651953,0.9157777137130391,2d:area×thick_range×rho,1인,,,niihau_2_1698_12599_12221.jpg
2_1698_12613_11860_1673,S162,plastic_buoy,Plastic_Buoy,21.991222552630227,-160.05473207925075,391118.51007889875,2432230.725961006,3.0,1,0.23764609930522743,0.48884033203132665,0.0,0.07129382979156823,False,False,4.277629787494094,2.138814893747047,5.7035063833254585,2d:area×thick_range×rho,1인,,,niihau_2_1698_12613_11860.jpg
2_1698_12613_11860_1674,S162,eps_fragment,Styrofoam_Piece,21.991312854980254,-160.05471155821246,391120.6975836967,2432240.707775923,3.0,1,0.15672000552569776,0.3991687011719376,0.0,0.004701600165770933,False,False,0.09403200331541865,0.0626880022102791,0.3134400110513955,2d:area×thick_range×rho,1인,,,niihau_2_1698_12613_11860.jpg
2_1698_12613_11860_1675,S162,pet_bottle,PET_Bottle,21.99122187246678,-160.05472879934237,391118.8481771237,2432230.6483328138,3.0,1,0.38626774659466934,0.6677905273438547,0.0,0.02317606479568016,False,False,0.7648101382574453,0.6373417818812044,1.2746835637624088,2d:area×thick_range×rho,1인,,,niihau_2_1698_12613_11860.jpg
2_1698_12613_11860_1676,S162,pet_bottle,PET_Bottle,21.991211285758638,-160.05468338099465,391123.5290822113,2432229.444064332,3.0,1,0.3555169780821723,1.0624487304689165,0.0,0.02133101868493034,False,False,0.7039236166027012,0.5866030138355843,1.1732060276711687,2d:area×thick_range×rho,1인,,,niihau_2_1698_12613_11860.jpg
2_1698_12613_11860_1677,S162,pet_bottle,PET_Bottle,21.99130963100893,-160.05469648256073,391122.25153061515,2432240.340154221,3.0,1,0.11325155912343239,0.4276904296875671,0.0,0.006795093547405943,False,False,0.22423808706439613,0.18686507255366344,0.3737301451073269,2d:area×thick_range×rho,1인,,,niihau_2_1698_12613_11860.jpg
2_1698_12783_15993_1686,S163,plastic_buoy,Plastic_Buoy,21.99051341566161,-160.05467622286955,391123.7355240052,2432152.1851371005,3.0,1,0.20016353914147933,0.4483715820313203,0.0,0.060049061742443795,False,False,3.6029437045466275,1.8014718522733137,4.803924939395505,2d:area×thick_range×rho,1인,,,niihau_2_1698_12783_15993.jpg
2_1698_12783_15993_1687,S163,pet_bottle,PET_Bottle,21.990491757018944,-160.0546262681531,391128.8763407019,2432149.7519858684,3.0,1,0.17031808113461114,0.547976074218836,0.0,0.010219084868076668,False,False,0.33722980064653,0.2810248338721084,0.5620496677442168,2d:area×thick_range×rho,1인,,,niihau_2_1698_12783_15993.jpg
2_1698_12783_15993_1688,S163,pet_bottle,PET_Bottle,21.990550638181425,-160.0546930498332,391122.0267073542,2432156.3176249997,3.0,1,0.23716156046807754,0.6389398193360377,0.0,0.014229693628084652,False,False,0.4695798897267935,0.39131657477232795,0.7826331495446559,2d:area×thick_range×rho,1인,,,niihau_2_1698_12783_15993.jpg
2_1698_12783_15993_1689,S163,plastic_buoy,Plastic_Buoy,21.990555461126394,-160.0546956456262,391121.76239729294,2432156.853369761,3.0,1,0.22555889288492123,0.4769519042969498,0.0,0.06766766786547637,False,False,4.060060071928582,2.030030035964291,5.41341342923811,2d:area×thick_range×rho,1인,,,niihau_2_1698_12783_15993.jpg
2_1698_13113_11468_1693,S162,plastic_buoy,Plastic_Buoy_China,21.991298672714915,-160.0545799734673,391134.27154456463,2432239.044158889,3.0,1,0.21534639898545346,0.5031079101563289,0.0,0.06460391969563603,False,False,3.8762351817381617,1.9381175908690809,5.168313575650883,2d:area×thick_range×rho,1인,,,niihau_2_1698_13113_11468.jpg
2_1698_13113_11468_1694,S164,eps_fragment,Styrofoam_Piece,21.991336702728645,-160.05456001645933,391136.3609212968,2432243.239858173,3.0,1,0.19842323613173032,0.4921679687500772,0.0,0.0059526970839519095,False,False,0.11905394167903818,0.07936929445269213,0.3968464722634607,2d:area×thick_range×rho,1인,,,niihau_2_1698_13113_11468.jpg
2_1698_13113_11468_1695,S164,eps_fragment,Styrofoam_Piece,21.99136594328078,-160.05458186718593,391134.12736971607,2432246.492321134,3.0,1,0.08923422448935923,0.31328369140629914,0.0,0.002677026734680777,False,False,0.05354053469361554,0.035693689795743694,0.17846844897871847,2d:area×thick_range×rho,1인,,,niihau_2_1698_13113_11468.jpg
2_1698_13113_11468_1696,S162,eps_fragment,Styrofoam_Piece,21.991355230308862,-160.0546017358543,391132.0679581954,2432245.3205407513,3.0,1,0.27085250477501305,0.5747741699219652,0.0,0.008125575143250392,False,False,0.16251150286500785,0.10834100191000522,0.5417050095500262,2d:area×thick_range×rho,1인,,,niihau_2_1698_13113_11468.jpg
2_1698_13113_11468_1697,S164,pet_bottle,PET_Bottle,21.99132548276605,-160.0545653244543,391135.80436354433,2432242.0015918743,3.0,1,0.31349588107476534,0.5957995605469685,0.0,0.01880975286448592,False,False,0.6207218445280354,0.5172682037733628,1.0345364075467256,2d:area×thick_range×rho,1인,,,niihau_2_1698_13113_11468.jpg
2_1698_13168_16041_1702,S163,pet_bottle,PET_Bottle,21.99049167923479,-160.05462656636206,391128.8454941358,2432149.74358743,3.0,1,0.2272366117850659,0.6140051269532213,0.0,0.013634196707103955,False,False,0.4499284913344305,0.3749404094453587,0.7498808188907174,2d:area×thick_range×rho,1인,,,niihau_2_1698_13168_16041.jpg
2_1698_13168_16041_1703,S163,plastic_other,Plastic_ETC,21.99049255310696,-160.05459632869082,391131.96791006543,2432149.818805958,3.0,1,1.5210667610411646,1.3029199218752043,0.0,0.04563200283123493,False,False,3.6505602264987944,2.4337068176658634,12.168534088329316,2d:area×thick_range×rho,1인,,,niihau_2_1698_13168_16041.jpg
2_1698_13228_15654_1705,S163,pet_bottle,PET_Bottle,21.990638148739304,-160.0546279500467,391128.81440997764,2432165.9586643092,3.0,1,0.23031941154070903,0.48371368408210713,0.0,0.013819164692442541,False,False,0.45603243485060385,0.38002702904216995,0.7600540580843399,2d:area×thick_range×rho,1인,,,niihau_2_1698_13228_15654.jpg
2_1698_13228_15654_1706,S163,pet_bottle,PET_Bottle,21.990608396808806,-160.05461524733727,391130.10313847347,2432162.6561022284,3.0,1,0.5317496686281442,0.7675732421876204,0.0,0.03190498011768865,False,False,1.0528643438837255,0.877386953236438,1.754773906472876,2d:area×thick_range×rho,1인,,,niihau_2_1698_13228_15654.jpg
2_1698_13531_11191_1711,S165,net,Net,21.99144334452109,-160.05454823552023,391137.65855587984,2432255.0366621306,3.0,1,0.22264834834968206,0.5321789550782084,0.0,0.026717801801961847,False,False,4.007670270294277,1.6698626126226155,10.019175675735692,2d:area×thick_range×rho,1인,절단기,,niihau_2_1698_13531_11191.jpg
2_1698_13531_11191_1712,S165,plastic_buoy,Plastic_Buoy,21.991403536265935,-160.05452731456398,391139.78805408924,2432250.6150223594,3.0,1,0.26240864658363944,0.529575195312583,0.0,0.07872259397509183,False,False,4.72335563850551,2.361677819252755,6.297807518007347,2d:area×thick_range×rho,1인,,,niihau_2_1698_13531_11191.jpg
2_1698_13531_11191_1713,S165,eps_fragment,Styrofoam_Piece,21.991440658474662,-160.05454731115725,391137.7519372503,2432254.7386604636,3.0,1,0.1274083876703334,0.37953369140630955,0.0,0.0038222516301100024,False,False,0.07644503260220005,0.05096335506813336,0.2548167753406668,2d:area×thick_range×rho,1인,,,niihau_2_1698_13531_11191.jpg
2_1698_13531_11191_1714,S164,eps_fragment,Styrofoam_Piece,21.99133675767339,-160.0545599810152,391136.3646224666,2432243.245915303,3.0,1,0.18974425760513536,0.48301025390632574,0.0,0.00569232772815406,False,False,0.11384655456308121,0.07589770304205415,0.3794885152102707,2d:area×thick_range×rho,1인,,,niihau_2_1698_13531_11191.jpg
2_1698_14052_10497_1730,S165,plastic_other,Plastic_ETC,21.99146326531779,-160.05447953289524,391144.7665941296,2432257.192993966,3.0,1,0.2658914881528258,0.5523242187500866,0.0,0.007976744644584774,False,False,0.6381395715667819,0.4254263810445213,2.1271319052226065,2d:area×thick_range×rho,1인,,,niihau_2_1698_14052_10497.jpg
2_1698_14052_10497_1731,S165,eps_fragment,Styrofoam_Piece,21.991482150722906,-160.054438396353,391149.0279269634,2432259.2543262695,3.0,1,0.37867613554012736,0.6679833984376048,0.0,0.01136028406620382,False,False,0.2272056813240764,0.15147045421605093,0.7573522710802548,2d:area×thick_range×rho,1인,,,niihau_2_1698_14052_10497.jpg
2_1698_14052_10497_1732,S165,pet_bottle,PET_Bottle,21.99156128924275,-160.05449215146803,391143.53865016263,2432268.0531677087,3.0,1,0.2688743184358725,0.8490917968751331,0.0,0.01613245910615235,False,False,0.5323711505030275,0.44364262541918964,0.8872852508383793,2d:area×thick_range×rho,1인,,,niihau_2_1698_14052_10497.jpg
2_1698_14052_10497_1733,S165,plastic_buoy,Plastic_Buoy_China,21.991475475292212,-160.05439308500075,391153.70076319936,2432258.4831188084,3.0,1,0.3523253008724364,0.5954711914063434,0.0,0.10569759026173092,False,False,6.341855415703855,3.1709277078519276,8.455807220938475,2d:area×thick_range×rho,1인,,,niihau_2_1698_14052_10497.jpg
2_1698_14052_10497_1734,S165,pet_bottle,PET_Bottle,21.991551781884368,-160.05442794644765,391150.1598980557,2432266.955021692,3.0,1,0.4339605459229519,0.6705908203126052,0.0,0.026037632755377113,False,False,0.8592418809274447,0.7160349007728707,1.4320698015457414,2d:area×thick_range×rho,1인,,,niihau_2_1698_14052_10497.jpg
2_1698_14052_10497_1735,S165,eps_fragment,Styrofoam_Piece,21.991520316802756,-160.05447149769427,391145.63967592083,2432263.502844165,3.0,1,0.27348194848754637,0.5244789123535979,0.0,0.00820445845462639,False,False,0.1640891690925278,0.10939277939501856,0.5469638969750927,2d:area×thick_range×rho,1인,,,niihau_2_1698_14052_10497.jpg
2_1698_14072_10107_1741,S165,eps_fragment,Styrofoam_Piece,21.991614533349598,-160.05441050978763,391152.00792889885,2432273.8891672418,3.0,1,0.09083114763277639,0.30654113769536057,0.0,0.0027249344289832916,False,False,0.05449868857966583,0.036332459053110555,0.18166229526555278,2d:area×thick_range×rho,1인,,,niihau_2_1698_14072_10107.jpg
2_1698_14072_10107_1742,S165,eps_fragment,Styrofoam_Piece,21.991548921855603,-160.05445401298743,391147.46661614155,2432266.656966042,3.0,1,0.12134974724654189,0.35215332031255525,0.0,0.003640492417396257,False,False,0.07280984834792514,0.04853989889861676,0.2426994944930838,2d:area×thick_range×rho,1인,,,niihau_2_1698_14072_10107.jpg
2_1698_14072_10107_1743,S165,plastic_buoy,Plastic_Buoy,21.99154771518617,-160.05444056467218,391148.85409451206,2432266.513819036,3.0,1,0.1325585107207714,0.36927490234380794,0.0,0.03976755321623142,False,False,2.3860531929738853,1.1930265964869426,3.181404257298514,2d:area×thick_range×rho,1인,,,niihau_2_1698_14072_10107.jpg
2_1698_14084_6083_1756,S166,plastic_other,Plastic_ETC,21.992271604334828,-160.05440050519917,391153.54211803584,2432346.6194468075,3.0,1,0.5431955843807971,0.7877026367188735,0.0,0.01629586753142391,False,False,1.3036694025139128,0.8691129350092753,4.345564675046377,2d:area×thick_range×rho,1인,,,niihau_2_1698_14084_6083.jpg
2_1698_14084_6083_1757,S166,pet_bottle,PET_Bottle,21.992255820789243,-160.05447603705244,391145.73223405774,2432344.925963714,3.0,1,0.11978359787691416,0.5485556030274298,0.0,0.007187015872614849,False,False,0.23717152379629003,0.19764293649690837,0.39528587299381673,2d:area×thick_range×rho,1인,,,niihau_2_1698_14084_6083.jpg
2_1698_14084_6083_1758,S166,eps_fragment,Styrofoam_Piece,21.99232246189849,-160.0544301926688,391150.51601437834,2432352.2704760376,3.0,1,0.2777429857850946,0.5346972656250839,0.0,0.008332289573552837,False,False,0.16664579147105674,0.11109719431403785,0.5554859715701892,2d:area×thick_range×rho,1인,,,niihau_2_1698_14084_6083.jpg
2_1698_14084_6083_1759,S166,plastic_other,Plastic_ETC,21.992297729769923,-160.05439999677242,391153.61454053526,2432349.511156509,3.0,1,0.7225104483412982,0.873414306640762,0.0,0.021675313450238945,False,False,1.7340250760191156,1.1560167173460771,5.7800835867303855,2d:area×thick_range×rho,1인,,,niihau_2_1698_14084_6083.jpg
2_1698_14084_6083_1760,S166,pet_bottle,PET_Bottle,21.992315531503912,-160.05440422427736,391153.191679096,2432351.484806901,3.0,1,0.07710114001038108,0.3648999023438072,0.0,0.004626068400622864,False,False,0.1526602572205545,0.1272168810171288,0.2544337620342576,2d:area×thick_range×rho,1인,,,niihau_2_1698_14084_6083.jpg
2_1698_14084_6083_1761,S166,pet_bottle,PET_Bottle,21.992310830272093,-160.0544560135471,391147.84141594265,2432351.001234996,3.0,1,0.2105997730851834,0.4777239990235124,0.0,0.012635986385111004,False,False,0.4169875507086631,0.3474896255905527,0.6949792511811054,2d:area×thick_range×rho,1인,,,niihau_2_1698_14084_6083.jpg
2_1698_14169_14948_1764,S167,pet_bottle,PET_Bottle,21.990761123360116,-160.05445613715088,391146.6462474295,2432179.449622474,3.0,1,0.9184694668474723,1.061253585815596,0.0,0.055108168010848335,False,False,1.818569544357995,1.5154746202983296,3.030949240596659,2d:area×thick_range×rho,1인,,,niihau_2_1698_14169_14948.jpg
2_1698_14169_14948_1765,S167,eps_fragment,Styrofoam_Piece,21.990752879669202,-160.05443429263923,391148.895189594,2432178.5215071845,3.0,1,0.3712792643354507,0.663651123046979,0.0,0.01113837793006352,False,False,0.2227675586012704,0.1485117057341803,0.7425585286709014,2d:area×thick_range×rho,1인,,,niihau_2_1698_14169_14948.jpg
2_1698_14169_14948_1766,S167,pet_bottle,PET_Bottle,21.990743108688108,-160.05446477518302,391145.74071067444,2432177.4615548304,3.0,1,0.6220385208569555,0.9814437866212476,0.0,0.03732231125141733,False,False,1.231636271296772,1.0263635594139766,2.0527271188279532,2d:area×thick_range×rho,1인,,,niihau_2_1698_14169_14948.jpg
2_1698_14169_14948_1767,S167,pet_bottle,PET_Bottle,21.99076696984437,-160.0544626136481,391145.9820732624,2432180.1014333763,3.0,1,0.2705575465134146,0.628301849365333,0.0,0.016233452790804875,False,False,0.5357039420965609,0.44641995174713417,0.8928399034942683,2d:area×thick_range×rho,1인,,,niihau_2_1698_14169_14948.jpg
2_1698_14207_6702_1768,S166,plastic_other,Plastic_ETC,21.99224029963858,-160.0543908552077,391154.51449010527,2432343.147167507,3.0,1,0.3275407348216608,0.6891485595704205,0.0,0.009826222044649823,False,False,0.7860977635719858,0.5240651757146573,2.6203258785732864,2d:area×thick_range×rho,1인,,,niihau_2_1698_14207_6702.jpg
2_1698_14207_6702_1769,S166,eps_fragment,Styrofoam_Piece,21.992236068126314,-160.0543857823903,391155.03497485135,2432342.675131868,3.0,1,0.19164588283902456,0.439632568359444,0.0,0.0057493764851707365,False,False,0.11498752970341473,0.07665835313560983,0.3832917656780491,2d:area×thick_range×rho,1인,,,niihau_2_1698_14207_6702.jpg
2_1698_14207_6702_1770,S166,eps_fragment,Styrofoam_Piece,21.992205271308816,-160.0543640381354,391157.2563364883,2432339.250469156,3.0,1,0.14794150218968263,0.39116943359381134,0.0,0.004438245065690479,False,False,0.08876490131380957,0.05917660087587305,0.29588300437936527,2d:area×thick_range×rho,1인,,,niihau_2_1698_14207_6702.jpg
2_1698_14207_6702_1771,S168,plastic_other,Plastic_ETC,21.992167264106367,-160.05436313236,391157.32085066754,2432335.0424480927,3.0,1,0.37198473448765024,0.6214208984375975,0.0,0.011159542034629507,False,False,0.8927633627703606,0.5951755751802403,2.9758778759012023,2d:area×thick_range×rho,1인,,,niihau_2_1698_14207_6702.jpg
2_1698_14207_6702_1772,S166,pet_bottle,PET_Bottle,21.99224809281722,-160.05441414813885,391152.11569434835,2432344.026442319,3.0,1,0.2972588052735665,0.6168798828125968,0.0,0.017835528316413992,False,False,0.5885724344416617,0.4904770287013848,0.9809540574027696,2d:area×thick_range×rho,1인,,,niihau_2_1698_14207_6702.jpg
2_1698_14207_6702_1773,S166,net,Net,21.99223974935526,-160.05438780222977,391154.8292570282,2432343.084079112,3.0,1,0.10216937713626251,0.3415429687500536,0.0,0.0122603252563515,False,False,1.839048788452725,0.7662703285219687,4.5976219711318125,2d:area×thick_range×rho,1인,절단기,,niihau_2_1698_14207_6702.jpg
2_1698_14207_6702_1774,S166,net,Net,21.99224075216317,-160.05438594365367,391155.02189989766,2432343.1937669446,3.0,1,0.14666917864684892,0.4047436523438135,0.0,0.017600301437621868,False,False,2.6400452156432803,1.100018839851367,6.6001130391082015,2d:area×thick_range×rho,1인,절단기,,niihau_2_1698_14207_6702.jpg
2_1698_14207_6702_1775,S166,eps_fragment,Styrofoam_Piece,21.992218056694508,-160.054393561088,391154.218166795,2432340.6868110606,3.0,1,0.14000281060342412,0.38101318359380976,0.0,0.004200084318102724,False,False,0.08400168636205448,0.05600112424136965,0.28000562120684824,2d:area×thick_range×rho,1인,,,niihau_2_1698_14207_6702.jpg
2_1698_14207_6702_1776,S166,pet_bottle,PET_Bottle,21.992255895709487,-160.05437394673382,391156.27200518426,2432344.8616130087,3.0,1,0.21155130638654462,0.7186059570313627,0.0,0.012693078383192677,False,False,0.41887158664535834,0.34905965553779866,0.6981193110755973,2d:area×thick_range×rho,1인,,,niihau_2_1698_14207_6702.jpg
2_1698_14386_10480_1783,S165,pet_bottle,PET_Bottle,21.991551698347045,-160.05442798314675,391150.1560455185,2432266.945800269,3.0,1,0.40439479708851894,0.6367272949219749,0.0,0.024263687825311134,False,False,0.8007016982352675,0.6672514151960562,1.3345028303921125,2d:area×thick_range×rho,1인,,,niihau_2_1698_14386_10480.jpg
2_1698_14386_10480_1784,S165,eps_fragment,Styrofoam_Piece,21.99150590430352,-160.05442931664084,391149.983436686,2432261.8773737955,3.0,1,0.14065718782474043,0.4125292968750647,0.0,0.0042197156347422125,False,False,0.08439431269484425,0.056262875129896174,0.28131437564948086,2d:area×thick_range×rho,1인,,,niihau_2_1698_14386_10480.jpg
2_1698_14386_10480_1785,S165,eps_fragment,Styrofoam_Piece,21.991499488526678,-160.05442115145118,391150.821513066,2432261.161340904,3.0,1,0.2166363052093172,0.5126831054688304,0.0,0.006499089156279516,False,False,0.1299817831255903,0.08665452208372687,0.4332726104186344,2d:area×thick_range×rho,1인,,,niihau_2_1698_14386_10480.jpg
2_1698_14386_9934_1789,S165,eps_fragment,Styrofoam_Piece,21.991614579046843,-160.05441064222438,391151.99429104774,2432273.894320136,3.0,1,0.10101444281231055,0.3241921997070821,0.0,0.003030433284369316,False,False,0.06060866568738632,0.04040577712492422,0.2020288856246211,2d:area×thick_range×rho,1인,,,niihau_2_1698_14386_9934.jpg
2_1698_14386_9934_1790,S165,net,Net,21.991617779821244,-160.05436676622605,391156.52647249197,2432274.2174250796,3.0,1,0.14217081629042316,0.3810522460938098,0.0,0.01706049795485078,False,False,2.559074693227617,1.0662811221781738,6.397686733069042,2d:area×thick_range×rho,1인,절단기,,niihau_2_1698_14386_9934.jpg
2_1698_14416_6333_1795,S166,plastic_other,Plastic_ETC,21.992240280806012,-160.0543908600642,391154.5139743581,2432343.145086207,3.0,1,0.33857675955902233,0.7014331054688601,0.0,0.01015730278677067,False,False,0.8125842229416536,0.5417228152944358,2.7086140764721787,2d:area×thick_range×rho,1인,,,niihau_2_1698_14416_6333.jpg
2_1698_14416_6333_1796,S166,eps_fragment,Styrofoam_Piece,21.99223610649359,-160.0543857577961,391155.037543209,2432342.679361605,3.0,1,0.18059304729109707,0.4299072265625674,0.0,0.005417791418732912,False,False,0.10835582837465824,0.07223721891643883,0.3611860945821942,2d:area×thick_range×rho,1인,,,niihau_2_1698_14416_6333.jpg
2_1698_14416_6333_1797,S166,plastic_other,Plastic_ETC,21.992271561390154,-160.05440044590347,391153.54820690415,2432346.6146506644,3.0,1,0.5563994066657381,0.7993139648438754,0.0,0.01669198219997214,False,False,1.3353585759977713,0.8902390506651809,4.4511952533259045,2d:area×thick_range×rho,1인,,,niihau_2_1698_14416_6333.jpg
2_1698_14416_6333_1798,S166,pet_bottle,PET_Bottle,21.992248203202724,-160.05441421408887,391152.1089699482,2432344.0387088624,3.0,1,0.3130584542379765,0.6340737915040057,0.0,0.01878350725427859,False,False,0.6198557393911934,0.5165464494926613,1.0330928989853225,2d:area×thick_range×rho,1인,,,niihau_2_1698_14416_6333.jpg
2_1698_14416_6333_1799,S166,plastic_other,Plastic_ETC,21.99229766577717,-160.05440001509677,391153.6125999193,2432349.504085585,3.0,1,0.7056116385760137,0.882369995117326,0.0,0.02116834915728041,False,False,1.6934679325824329,1.128978621721622,5.64489310860811,2d:area×thick_range×rho,1인,,,niihau_2_1698_14416_6333.jpg
2_1698_14416_6333_1800,S166,eps_fragment,Styrofoam_Piece,21.992322569914013,-160.05443006817103,391150.5289498276,2432352.282344708,3.0,1,0.2828692788134285,0.5352581787110214,0.0,0.008486078364402854,False,False,0.1697215672880571,0.1131477115253714,0.565738557626857,2d:area×thick_range×rho,1인,,,niihau_2_1698_14416_6333.jpg
2_1698_14416_6333_1801,S166,eps_fragment,Styrofoam_Piece,21.992218039017544,-160.05439361776303,391154.2123022255,2432340.6848945576,3.0,1,0.1470752852470144,0.38740112304693575,0.0,0.004412258557410432,False,False,0.08824517114820864,0.05883011409880576,0.2941505704940288,2d:area×thick_range×rho,1인,,,niihau_2_1698_14416_6333.jpg
2_1698_14416_6333_1802,S166,plastic_other,Plastic_ETC,21.992243025298304,-160.05440531238764,391153.0240231251,2432343.4591835737,3.0,1,0.6621254915924957,0.8827966308595134,0.0,0.01986376474777487,False,False,1.5891011798219896,1.059400786547993,5.297003932739965,2d:area×thick_range×rho,1인,,,niihau_2_1698_14416_6333.jpg
2_1698_14492_14397_1809,S167,pet_bottle,PET_Bottle,21.990792705994874,-160.05437330762248,391155.22167858103,2432182.8868671595,3.0,1,0.3045626951099398,0.5815771484375912,0.0,0.018273761706596385,False,False,0.6030341363176807,0.5025284469314006,1.0050568938628013,2d:area×thick_range×rho,1인,,,niihau_2_1698_14492_14397.jpg
2_1698_14492_14397_1810,S167,pet_bottle,PET_Bottle,21.990813530899267,-160.0543649941819,391156.0958468835,2432185.186257381,3.0,1,0.18665628402835024,0.5387072753907095,0.0,0.011199377041701014,False,False,0.3695794423761335,0.30798286864677793,0.6159657372935559,2d:area×thick_range×rho,1인,,,niihau_2_1698_14492_14397.jpg
2_1698_14508_17251_1811,S169,eps_fragment,Styrofoam_Piece,21.990340763183628,-160.0543690054808,391155.32104847464,2432132.853992974,3.0,1,0.21403771632264565,0.4777313232422624,0.0,0.006421131489679369,False,False,0.12842262979358737,0.08561508652905825,0.4280754326452913,2d:area×thick_range×rho,1인,,,niihau_2_1698_14508_17251.jpg
2_1698_14508_17251_1812,S169,pet_bottle,PET_Bottle,21.990298532555293,-160.05434242061415,391158.0334670573,2432128.16017208,3.0,1,0.29300669479379304,0.6292761230469737,0.0,0.017580401687627582,False,False,0.5801532556917102,0.4834610464097585,0.966922092819517,2d:area×thick_range×rho,1인,,,niihau_2_1698_14508_17251.jpg
2_1698_14512_6981_1815,S168,plastic_other,Plastic_ETC,21.992167381029514,-160.05436306000965,391157.3284092654,2432335.055339942,3.0,1,0.3509385487676768,0.6106286621094708,0.0,0.010528156463030302,False,False,0.8422525170424242,0.5615016780282829,2.8075083901414146,2d:area×thick_range×rho,1인,,,niihau_2_1698_14512_6981.jpg
2_1698_14512_6981_1816,S166,eps_fragment,Styrofoam_Piece,21.992205234690186,-160.0543640432979,391157.2557755758,2432339.2464191676,3.0,1,0.1411944917431544,0.3782894134522078,0.0,0.004235834752294632,False,False,0.08471669504589263,0.05647779669726176,0.2823889834863088,2d:area×thick_range×rho,1인,,,niihau_2_1698_14512_6981.jpg
2_1698_14512_6981_1817,S168,pet_bottle,PET_Bottle,21.9921363613031,-160.05435793711408,391157.8336266774,2432331.617828105,3.0,1,0.26880126854189723,0.6558081054688528,0.0,0.016128076112513833,False,False,0.5322265117129565,0.44352209309413043,0.8870441861882609,2d:area×thick_range×rho,1인,,,niihau_2_1698_14512_6981.jpg
2_1699_-256_6981_1822,S168,pet_bottle,PET_Bottle,21.992116565827555,-160.0543565836648,391157.9582530246,2432329.425516771,3.0,1,0.20280911629203438,0.665459289550838,0.0,0.012168546977522062,False,False,0.40156205025822805,0.3346350418818567,0.6692700837637134,2d:area×thick_range×rho,1인,,,niihau_2_1699_-256_6981.jpg
2_1699_-256_6981_1823,S166,pet_bottle,PET_Bottle,21.99220742480192,-160.05434937933288,391158.7713417419,2432339.4784296094,3.0,1,0.15698891525569253,0.4452441406250379,0.0,0.009419334915341552,False,False,0.3108380522062712,0.2590317101718927,0.5180634203437854,2d:area×thick_range×rho,1인,,,niihau_2_1699_-256_6981.jpg
2_1699_-277_10032_1825,S170,plastic_other,Plastic_ETC,21.99164453196942,-160.05430011076933,391163.4283620091,2432277.131448294,3.0,1,1.7131511912754862,1.582280807495252,0.0,0.051394535738264586,False,False,4.111562859061167,2.741041906040778,13.70520953020389,2d:area×thick_range×rho,1인,,,niihau_2_1699_-277_10032.jpg
2_1699_-93_16940_1828,S169,pet_bottle,PET_Bottle,21.990310873963303,-160.05427612747073,391164.88702037977,2432129.479195242,3.0,1,0.1643410891533178,0.6204980468750528,0.0,0.009860465349199068,False,False,0.3253953565235692,0.2711627971029744,0.5423255942059488,2d:area×thick_range×rho,1인,,,niihau_2_1699_-93_16940.jpg
2_1699_-93_16940_1829,S169,pet_bottle,PET_Bottle,21.99029844739859,-160.05434248912505,391158.0263289924,2432128.150794025,3.0,1,0.321545482650454,0.6496533203125553,0.0,0.01929272895902724,False,False,0.636660055647899,0.5305500463732491,1.0611000927464982,2d:area×thick_range×rho,1인,,,niihau_2_1699_-93_16940.jpg
2_1699_12104_31888_1834,S171,pet_bottle,PET_Bottle,21.987685099260755,-160.0519389521936,391404.179710318,2431837.1467744317,3.0,1,0.5383390582264387,0.891813964843826,0.0,0.03230034349358632,False,False,1.0659113352883485,0.8882594460736238,1.7765188921472477,2d:area×thick_range×rho,1인,,,niihau_2_1699_12104_31888.jpg
2_1699_12104_31888_1835,S171,plastic_other,Plastic_ETC,21.987717769622563,-160.05192195702202,391405.95919500303,2431840.751299082,3.0,1,0.38276093626629565,0.6999947738648057,0.0,0.011482828087988868,False,False,0.9186262470391094,0.612417498026073,3.062087490130365,2d:area×thick_range×rho,1인,,,niihau_2_1699_12104_31888.jpg
2_1699_12292_31490_1838,S171,net,Net,21.987724445239905,-160.05184176418538,391414.2435708253,2431841.433369745,3.0,1,0.23745147576932185,0.5074353027344183,0.0,0.02849417709231862,False,False,4.274126563847793,1.7808860682699141,10.685316409619483,2d:area×thick_range×rho,1인,절단기,,niihau_2_1699_12292_31490.jpg
2_1699_12292_31490_1839,S171,plastic_other,Plastic_ETC,21.98771786328547,-160.05192157922193,391405.9982712463,2431840.761399355,3.0,1,0.4532707430095253,0.7207104492188114,0.0,0.013598122290285758,False,False,1.0878497832228606,0.7252331888152406,3.626165944076203,2d:area×thick_range×rho,1인,,,niihau_2_1699_12292_31490.jpg
2_1699_12292_31490_1840,S171,pet_bottle,PET_Bottle,21.987684970135284,-160.05193939888457,391404.1334946179,2431837.132797378,3.0,1,0.38703898660621683,0.7302353286743786,0.0,0.02322233919637301,False,False,0.7663371934803094,0.6386143279002577,1.2772286558005155,2d:area×thick_range×rho,1인,,,niihau_2_1699_12292_31490.jpg
2_1699_12292_31490_1841,S171,plastic_other,Plastic_ETC,21.987739132343187,-160.05188414158536,391409.87960612564,2431843.0892984956,3.0,1,0.5959030384422364,0.8001464843750682,0.0,0.01787709115326709,False,False,1.4301672922613673,0.9534448615075781,4.767224307537891,2d:area×thick_range×rho,1인,,,niihau_2_1699_12292_31490.jpg
2_1699_12360_32285_1845,S171,plastic_buoy,Plastic_Buoy_China,21.987594754702684,-160.05189317485096,391408.8371187055,2431827.113201394,3.0,1,0.12967351344677036,0.36942504882815647,0.0,0.03890205403403111,False,False,2.3341232420418665,1.1670616210209332,3.112164322722489,2d:area×thick_range×rho,1인,,,niihau_2_1699_12360_32285.jpg
2_1699_12360_32285_1846,S171,pet_bottle,PET_Bottle,21.98757954022586,-160.05187460948974,391410.74227359483,2431825.415792529,3.0,1,0.19554999228719228,0.4557092285156638,0.0,0.011732999537231536,False,False,0.3871889847286407,0.3226574872738672,0.6453149745477345,2d:area×thick_range×rho,1인,,,niihau_2_1699_12360_32285.jpg
2_1699_12360_32285_1847,S172,pet_bottle,PET_Bottle,21.98754536514335,-160.05187322470553,391410.85923529573,2431821.6316509657,3.0,1,0.14823684382441185,0.48173828125004103,0.0,0.008894210629464711,False,False,0.29350895077233546,0.24459079231027958,0.48918158462055916,2d:area×thick_range×rho,1인,,,niihau_2_1699_12360_32285.jpg
2_1699_1256_16393_1848,S173,pet_bottle,PET_Bottle,21.99046149426373,-160.05402519327984,391190.90846415306,2432145.974277488,3.0,1,0.23402369711403065,0.5713610839844236,0.0,0.014041421826841838,False,False,0.46336692028578064,0.3861391002381506,0.7722782004763012,2d:area×thick_range×rho,1인,,,niihau_2_1699_1256_16393.jpg
2_1699_1256_16393_1849,S173,eps_fragment,Styrofoam_Piece,21.990447996209333,-160.05405615835494,391187.7013228609,2432144.502074971,3.0,1,0.529744292137117,0.7296179199219371,0.0,0.01589232876411351,False,False,0.31784657528227017,0.21189771685484682,1.059488584274234,2d:area×thick_range×rho,1인,,,niihau_2_1699_1256_16393.jpg
2_1699_12764_33361_1854,S172,pet_bottle,PET_Bottle,21.987426760312296,-160.05180411814246,391417.9037164181,2431808.453130862,3.0,1,0.1636299795359652,0.4290869140625366,0.0,0.009817798772157911,False,False,0.3239873594812111,0.2699894662343426,0.5399789324686852,2d:area×thick_range×rho,1인,,,niihau_2_1699_12764_33361.jpg
2_1699_12878_33778_1856,S172,net,Net,21.987328412159094,-160.05177309244945,391421.03205399646,2431797.544038806,3.0,1,0.12219851145746405,0.36657226562503126,0.0,0.014663821374895684,False,False,2.1995732062343527,0.9164888359309804,5.498933015585882,2d:area×thick_range×rho,1인,절단기,,niihau_2_1699_12878_33778.jpg
2_1699_12878_33778_1857,S172,glass,Glass,21.98737325965772,-160.051822219861,391415.99413785996,2431802.543490875,3.0,1,0.10886203800851471,0.44985992431644456,0.0,0.007620342660596031,False,False,4.572205596357619,3.2658611402554416,6.531722280510883,2d:area×thick_range×rho,1인,,,niihau_2_1699_12878_33778.jpg
2_1699_1442_16737_1859,S173,plastic_other,Plastic_ETC,21.99036629521171,-160.05404000252432,391189.3069482631,2432135.4463305394,3.0,1,0.2869898428798211,0.539982910156296,0.0,0.008609695286394633,False,False,0.6887756229115706,0.45918374860771377,2.295918743038569,2d:area×thick_range×rho,1인,,,niihau_2_1699_1442_16737.jpg
2_1699_1442_16737_1860,S173,net,Net,21.99039069178028,-160.0540047244395,391192.967679756,2432138.1219250793,3.0,1,0.5856527812481924,0.8315136718750709,0.0,0.07027833374978308,False,False,10.541750062467463,4.392395859361443,26.354375156168658,2d:area×thick_range×rho,2인,절단기,,niihau_2_1699_1442_16737.jpg
2_1699_1581_13552_1863,S174,plastic_other,Plastic_ETC,21.990911567797898,-160.05393921311912,391200.12831011706,2432195.7360073626,3.0,1,0.45414661390193095,0.7692211914063155,0.0,0.013624398417057927,False,False,1.0899518733646343,0.7266345822430896,3.6331729112154476,2d:area×thick_range×rho,1인,,,niihau_2_1699_1581_13552.jpg
2_1699_201_7738_1866,S168,plastic_buoy,Plastic_Buoy_China,21.992051711982615,-160.05420589736718,391173.4655153071,2432322.139023283,3.0,1,0.23088775483671783,0.49448181152347964,0.0,0.06926632645101535,False,False,4.155979587060921,2.0779897935304605,5.541306116081229,2d:area×thick_range×rho,1인,,,niihau_2_1699_201_7738.jpg
2_1699_201_7738_1867,S168,plastic_other,Plastic_ETC,21.99202443380497,-160.05428251329593,391165.5349338279,2432319.1738517927,3.0,1,0.3337724439481842,0.5802862548828619,0.0,0.010013173318445527,False,False,0.8010538654756422,0.5340359103170947,2.670179551585474,2d:area×thick_range×rho,1인,,,niihau_2_1699_201_7738.jpg
2_1699_201_7738_1868,S168,plastic_other,Plastic_ETC,21.992041011539325,-160.05428248597661,391165.5504010543,2432321.0089784395,3.0,1,0.30599280917798727,0.5683093261719234,0.0,0.009179784275339617,False,False,0.7343827420271694,0.4895884946847796,2.447942473423898,2d:area×thick_range×rho,1인,,,niihau_2_1699_201_7738.jpg
2_1699_201_7738_1869,S168,plastic_other,Plastic_ETC,21.991977482332178,-160.0542780739976,391165.95742569945,2432313.973191171,3.0,1,0.14488232170345866,0.40459106445315945,0.0,0.00434646965110376,False,False,0.3477175720883008,0.23181171472553386,1.1590585736276693,2d:area×thick_range×rho,1인,,,niihau_2_1699_201_7738.jpg
2_1699_201_7738_1870,S168,net,Net,21.992037391922185,-160.05427976454976,391165.82859784097,2432320.6063526063,3.0,1,0.16790422817881284,0.4190667724609732,0.0,0.02014850738145754,False,False,3.0222761072186306,1.2592817113410966,7.555690268046577,2d:area×thick_range×rho,1인,절단기,,niihau_2_1699_201_7738.jpg
2_1699_201_7738_1871,S168,pet_bottle,PET_Bottle,21.992071692685066,-160.05429526470277,391164.25454105204,2432324.4144561365,3.0,1,0.11629914670472151,0.5683020019531734,0.0,0.0069779488022832905,False,False,0.23027231047534857,0.1918935920627905,0.383787184125581,2d:area×thick_range×rho,1인,,,niihau_2_1699_201_7738.jpg
2_1699_201_7738_1872,S168,plastic_buoy,Plastic_Buoy_China,21.992013098582706,-160.05420895480236,391173.12041268975,2432317.8667163164,3.0,1,0.2262462161302952,0.47950683593754084,0.0,0.06787386483908855,False,False,4.072431890345313,2.0362159451726565,5.429909187127085,2d:area×thick_range×rho,1인,,,niihau_2_1699_201_7738.jpg
2_1699_201_7738_1873,S168,plastic_buoy,Plastic_Buoy,21.99202314959499,-160.05427824863375,391165.97423477797,2432319.0286562927,3.0,1,0.21947340211275979,0.4789233398437908,0.0,0.06584202063382794,False,False,3.950521238029676,1.975260619014838,5.267361650706235,2d:area×thick_range×rho,1인,,,niihau_2_1699_201_7738.jpg
2_1699_521_8641_1878,S175,plastic_buoy,Plastic_Buoy_China,21.991841139087633,-160.05423393049287,391170.41076269024,2432298.848663503,3.0,1,0.13007978346052002,0.36574279785159364,0.0,0.039023935038156,False,False,2.34143610228936,1.17071805114468,3.121914803052481,2d:area×thick_range×rho,1인,,,niihau_2_1699_521_8641.jpg
2_1699_521_8641_1879,S168,plastic_other,Plastic_ETC,21.99189420674364,-160.0541551875481,391178.5806166879,2432304.6672056043,3.0,1,0.3790877613902738,0.6357397460938041,0.0,0.011372632841708212,False,False,0.909810627336657,0.606540418224438,3.0327020911221902,2d:area×thick_range×rho,1인,,,niihau_2_1699_521_8641.jpg
2_1699_521_8641_1880,S175,plastic_buoy,Plastic_Buoy,21.991811584015036,-160.05420040350384,391173.84952422476,2432295.553081636,3.0,1,0.24435759347681393,0.49694091796879236,0.0,0.07330727804304418,False,False,4.398436682582651,2.1992183412913255,5.864582243443535,2d:area×thick_range×rho,1인,,,niihau_2_1699_521_8641.jpg
2_1699_7629_22321_1884,S176,plastic_other,Plastic_ETC,21.989395704138087,-160.0527974306274,391316.8513078308,2432027.1192249833,3.0,1,1.1129683465721119,1.1665869140625993,0.0,0.033389050397163354,False,False,2.6711240317730685,1.780749354515379,8.903746772576895,2d:area×thick_range×rho,1인,,,niihau_2_1699_7629_22321.jpg
2_1699_868_14775_1887,S177,plastic_buoy,Plastic_Buoy_China,21.990727971261702,-160.0541522050603,391177.99896844313,2432175.563471819,3.0,1,0.2076146662354823,0.45835449218753904,0.0,0.062284399870644686,False,False,3.737063992238681,1.8685319961193405,4.982751989651576,2d:area×thick_range×rho,1인,,,niihau_2_1699_868_14775.jpg
2_1699_868_14775_1888,S177,net,Net,21.99079859440915,-160.0540600261541,391187.5694007833,2432183.315845655,3.0,1,0.19991922890472838,0.457602539062539,0.0,0.023990307468567406,False,False,3.598546120285111,1.499394216785463,8.996365300712776,2d:area×thick_range×rho,1인,절단기,,niihau_2_1699_868_14775.jpg
2_1699_868_14775_1889,S177,plastic_other,Plastic_ETC,21.990792110346042,-160.05417271806505,391175.9301240085,2432182.678223946,3.0,1,0.38750490622662087,0.6457986450195863,0.0,0.011625147186798626,False,False,0.9300117749438901,0.6200078499625934,3.100039249812967,2d:area×thick_range×rho,1인,,,niihau_2_1699_868_14775.jpg
2_1699_868_14775_1890,S177,pet_bottle,PET_Bottle,21.990775703247046,-160.05414501695478,391178.7774769289,2432180.8422621908,3.0,1,0.20379866027611987,0.5164678955078565,0.0,0.012227919616567192,False,False,0.40352134734671735,0.3362677894555978,0.6725355789111956,2d:area×thick_range×rho,1인,,,niihau_2_1699_868_14775.jpg
2_1699_888_16546_1892,S173,eps_fragment,Styrofoam_Piece,21.990448049378568,-160.05405623790276,391187.6931508596,2432144.5080173537,3.0,1,0.5395448377133335,0.750849609375064,0.0,0.016186345131400003,False,False,0.3237269026280001,0.2158179350853334,1.0790896754266672,2d:area×thick_range×rho,1인,,,niihau_2_1699_888_16546.jpg
2_1699_8_7415_1897,S168,plastic_buoy,Plastic_Buoy_China,21.992024533014128,-160.0542825014512,391165.5362323524,2432319.184825765,3.0,1,0.34986402988439796,0.6068359375000517,0.0,0.10495920896531939,False,False,6.297552537919164,3.148776268959582,8.39673671722555,2d:area×thick_range×rho,1인,,,niihau_2_1699_8_7415.jpg
2_1699_8_7415_1898,S168,plastic_other,Plastic_ETC,21.992040965687746,-160.05428249206415,391165.54973760294,2432321.0039070263,3.0,1,0.28758128947024475,0.5429638671875463,0.0,0.008627438684107341,False,False,0.6901950947285873,0.46013006315239163,2.300650315761958,2d:area×thick_range×rho,1인,,,niihau_2_1699_8_7415.jpg
2_1699_8_7415_1899,S168,pet_bottle,PET_Bottle,21.992116412179882,-160.05435606302956,391158.0118857746,2432329.4081376153,3.0,1,0.13170049158104144,0.42738235473636454,0.0,0.007902029494862486,False,False,0.260766973330462,0.21730581110871838,0.43461162221743677,2d:area×thick_range×rho,1인,,,niihau_2_1699_8_7415.jpg
2_1699_8_7415_1900,S168,plastic_buoy,Plastic_Buoy_China,21.99207306032407,-160.05429566028113,391164.21474520164,2432324.5661344687,3.0,1,0.26911954599623494,0.5326782226562954,0.0,0.08073586379887047,False,False,4.844151827932229,2.4220759139661143,6.458869103909639,2d:area×thick_range×rho,1인,,,niihau_2_1699_8_7415.jpg
2_1699_8_7415_1901,S168,plastic_buoy,Plastic_Buoy_China,21.992023182422752,-160.0542782932696,391165.9696516482,2432319.032322065,3.0,1,0.21882332782749092,0.4861474609375414,0.0,0.06564699834824728,False,False,3.9388199008948366,1.9694099504474183,5.251759867859782,2d:area×thick_range×rho,1인,,,niihau_2_1699_8_7415.jpg
2_1699_8_7415_1902,S168,net,Net,21.99203735373184,-160.05427981737813,391165.82311474346,2432320.602162542,3.0,1,0.17242463793757518,0.4153710937500354,0.0,0.02069095655250902,False,False,3.103643482876353,1.2931847845318138,7.759108707190883,2d:area×thick_range×rho,1인,절단기,,niihau_2_1699_8_7415.jpg
2_1699_8_7415_1903,S168,pet_bottle,PET_Bottle,21.992097473862547,-160.05434350150892,391159.29427874676,2432327.3027385366,3.0,1,0.14787815101000207,0.4946096801758234,0.0,0.008872689060600123,False,False,0.2927987389998041,0.24399894916650341,0.48799789833300683,2d:area×thick_range×rho,1인,,,niihau_2_1699_8_7415.jpg
2_1747_5890_10672_1906,S178,eps_fragment,Styrofoam_Piece,21.995593235126115,-160.05778985340282,390806.1713624251,2432716.738112358,3.0,1,0.14968415021903325,0.4665527343751085,0.0,0.004490524506570997,False,False,0.08981049013141994,0.0598736600876133,0.2993683004380665,2d:area×thick_range×rho,1인,,,niihau_2_1747_5890_10672.jpg
2_1747_5890_10672_1907,S178,plastic_buoy,Plastic_Buoy,21.995593566141572,-160.0577871498587,390806.4507210101,2432716.7728255014,3.0,1,0.08944924965504994,0.29974975585944474,0.0,0.026834774896514983,False,False,1.610086493790899,0.8050432468954495,2.1467819917211983,2d:area×thick_range×rho,1인,,,niihau_2_1747_5890_10672.jpg
2_1747_5890_10672_1908,S178,eps_fragment,Styrofoam_Piece,21.995639926002177,-160.05780819585593,390804.3134908627,2432721.919868401,3.0,1,0.1046646926999579,0.37447509765633713,0.0,0.003139940780998737,False,False,0.06279881561997475,0.04186587707998317,0.2093293853999158,2d:area×thick_range×rho,1인,,,niihau_2_1747_5890_10672.jpg
2_1747_5890_10672_1909,S178,pet_bottle,PET_Bottle,21.99560798476854,-160.0577340999934,390811.93845552014,2432718.3310888335,3.0,1,0.3181395692826798,0.6630065917970293,0.0,0.019088374156960786,False,False,0.6299163471797059,0.5249302893164217,1.0498605786328434,2d:area×thick_range×rho,1인,,,niihau_2_1747_5890_10672.jpg
2_1747_5890_10672_1910,S178,pet_bottle,PET_Bottle,21.995659022651232,-160.0577682160885,390808.4554907874,2432724.005316921,3.0,1,0.529504523635157,1.0716723632814993,0.0,0.03177027141810942,False,False,1.0484189567976108,0.873682463998009,1.747364927996018,2d:area×thick_range×rho,1인,,,niihau_2_1747_5890_10672.jpg
2_1748_7027_15407_1920,S179,plastic_other,Plastic_ETC,21.994624401180406,-160.05607677793822,390982.28325837775,2432608.266622667,3.0,1,0.5200051942766599,0.7295043945313121,0.0,0.015600155828299798,False,False,1.2480124662639838,0.8320083108426558,4.160041554213279,2d:area×thick_range×rho,1인,,,niihau_2_1748_7027_15407.jpg
2_1748_7027_15407_1921,S179,plastic_buoy,Plastic_Buoy,21.9945701408165,-160.0561248678396,390977.27710907743,2432602.2943024556,3.0,1,0.14369289741816585,0.3850939941406578,0.0,0.043107869225449756,False,False,2.5864721535269855,1.2932360767634927,3.4486295380359806,2d:area×thick_range×rho,1인,,,niihau_2_1748_7027_15407.jpg
2_1748_7027_15407_1922,S179,eps_fragment,Styrofoam_Piece,21.994632325746874,-160.05614310813144,390975.44155594637,2432609.1911465083,3.0,1,0.14937762561592025,0.43487121582034954,0.0,0.004481328768477607,False,False,0.08962657536955214,0.05975105024636809,0.2987552512318405,2d:area×thick_range×rho,1인,,,niihau_2_1748_7027_15407.jpg
2_1748_787_11698_1927,S180,net,Net,21.995261886961355,-160.05733384163636,390852.99499766354,2432679.7325227964,3.0,1,0.12576767095925567,0.37238769531253174,0.0,0.01509212051511068,False,False,2.263818077266602,0.9432575321944177,5.659545193166505,2d:area×thick_range×rho,1인,절단기,,niihau_2_1748_787_11698.jpg
2_1748_787_11698_1928,S180,plastic_buoy,Plastic_Buoy,21.995206190237653,-160.05729401727888,390857.0637279251,2432673.5385008794,3.0,1,0.09829080553056484,0.3192089843750272,0.0,0.02948724165916945,False,False,1.769234499550167,0.8846172497750835,2.3589793327335564,2d:area×thick_range×rho,1인,,,niihau_2_1748_787_11698.jpg
2_1748_787_11698_1929,S180,pet_bottle,PET_Bottle,21.995235902257992,-160.05734536255267,390851.78572918224,2432676.864248768,3.0,1,0.2969698550820857,0.7767041015625662,0.0,0.01781819130492514,False,False,0.5880003130625296,0.49000026088544135,0.9800005217708827,2d:area×thick_range×rho,1인,,,niihau_2_1748_787_11698.jpg
2_204_4348_7403_1932,S181,pet_bottle,PET_Bottle,21.80833520757206,-160.19431869972593,376549.929888719,2412090.639552153,3.0,1,0.18150238161164634,0.42659912109378634,0.0,0.01089014289669878,False,False,0.3593747155910597,0.29947892965921646,0.5989578593184329,2d:area×thick_range×rho,1인,,,niihau_2_204_4348_7403.jpg
2_204_4348_7403_1933,S182,plastic_buoy,Plastic_Buoy_China,21.808286670680918,-160.1943744381779,376544.12629049574,2412085.3111006594,3.0,1,0.11726876656564088,0.34423950195315434,0.0,0.03518062996969226,False,False,2.1108377981815356,1.0554188990907678,2.8144503975753814,2d:area×thick_range×rho,1인,,,niihau_2_204_4348_7403.jpg
2_204_4348_7403_1934,S182,net,Net,21.808278827874013,-160.19430126867385,376551.68349145475,2412084.3843108895,3.0,1,0.11884211108090519,0.3746948242187819,0.0,0.014261053329708622,False,False,2.1391579994562933,0.891315833106789,5.347894998640734,2d:area×thick_range×rho,1인,절단기,,niihau_2_204_4348_7403.jpg
2_204_4348_7403_1935,S182,net,Net,21.808231345421174,-160.19431370597607,376550.35707023344,2412079.1379167666,3.0,1,0.10770421266557623,0.33459472656252853,0.0,0.012924505519869147,False,False,1.938675827980372,0.8077815949918218,4.8466895699509305,2d:area×thick_range×rho,1인,절단기,,niihau_2_204_4348_7403.jpg
2_204_4549_7831_1939,S182,net,Net,21.80816063342199,-160.19426493288213,376555.3383849508,2412071.270983672,3.0,1,0.1805146090150187,0.4286157226562865,0.0,0.021661753081802244,False,False,3.2492629622703366,1.3538595676126404,8.12315740567584,2d:area×thick_range×rho,1인,절단기,,niihau_2_204_4549_7831.jpg
2_204_4549_7831_1940,S182,plastic_other,Plastic_ETC,21.808158942579215,-160.19437075953857,376544.3970550645,2412071.168534901,3.0,1,0.26928657837682335,0.5216748046875445,0.0,0.0080785973513047,False,False,0.646287788104376,0.43085852540291736,2.154292627014587,2d:area×thick_range×rho,1인,,,niihau_2_204_4549_7831.jpg
2_204_4549_7831_1941,S182,eps_fragment,Styrofoam_Piece,21.808166478307456,-160.1943175037473,376549.90885846486,2412071.9601073703,3.0,1,0.32886206133669255,0.5869555664063,0.0,0.009865861840100775,False,False,0.19731723680201552,0.13154482453467703,0.6577241226733852,2d:area×thick_range×rho,1인,,,niihau_2_204_4549_7831.jpg
2_204_4549_7831_1942,S182,plastic_other,Plastic_ETC,21.8082251389762,-160.19426761888317,376555.1160216055,2412078.4139590734,3.0,1,0.2086923338771222,0.481186523437541,0.0,0.006260770016313665,False,False,0.5008616013050933,0.33390773420339553,1.6695386710169777,2d:area×thick_range×rho,1인,,,niihau_2_204_4549_7831.jpg
2_204_4680_7316_1949,S182,pet_bottle,PET_Bottle,21.80830039886159,-160.1942579976691,376556.1751417259,2412086.7375957808,3.0,1,0.5481553562403659,0.9131445312500778,0.0,0.03288932137442196,False,False,1.0853476053559246,0.9044563377966038,1.8089126755932077,2d:area×thick_range×rho,1인,,,niihau_2_204_4680_7316.jpg
2_204_4680_7316_1950,S182,net,Net,21.808278964095624,-160.19430106678092,376551.70447900624,2412084.399229107,3.0,1,0.14285463893415978,0.40439453125003444,0.0,0.017142556672099175,False,False,2.571383500814876,1.0714097920061985,6.42845875203719,2d:area×thick_range×rho,1인,절단기,,niihau_2_204_4680_7316.jpg
2_204_4680_7316_1951,S181,pet_bottle,PET_Bottle,21.808354125645987,-160.19426443825185,376555.55540645815,2412092.69035735,3.0,1,0.15096903780275267,0.5292602729797814,0.0,0.00905814226816516,False,False,0.2989186948494503,0.24909891237454193,0.49819782474908386,2d:area×thick_range×rho,1인,,,niihau_2_204_4680_7316.jpg
2_204_6862_4641_1956,S183,plastic_other,Plastic_ETC,21.80884263020031,-160.1939282429071,376590.7284121787,2412146.4991409346,3.0,1,0.3298230323695208,0.6177563476563026,0.0,0.009894690971085624,False,False,0.79157527768685,0.5277168517912333,2.6385842589561666,2d:area×thick_range×rho,1인,,,niihau_2_204_6862_4641.jpg
2_204_6862_4641_1957,S183,net,Net,21.808838447125517,-160.19390541425665,376593.08473783266,2412146.0177988075,3.0,1,0.2185878005281463,0.4788012695312908,0.0,0.026230536063377555,False,False,3.9345804095066335,1.6394085039610975,9.836451023766584,2d:area×thick_range×rho,1인,절단기,,niihau_2_204_6862_4641.jpg
2_204_6862_4641_1958,S183,net,Net,21.80881158144591,-160.1938455378143,376599.25143765804,2412142.995820224,3.0,1,0.1991489000797611,0.4795947265625409,0.0,0.023897868009571333,False,False,3.5846802014356998,1.4936167505982083,8.961700503589249,2d:area×thick_range×rho,1인,절단기,,niihau_2_204_6862_4641.jpg
2_204_7251_4430_1960,S183,net,Net,21.808811747698105,-160.19384535436603,376599.27054410806,2412143.0140776746,3.0,1,0.23152134808901917,0.5221044921875445,0.0,0.0277825617706823,False,False,4.167384265602345,1.736410110667644,10.418460664005863,2d:area×thick_range×rho,1인,절단기,,niihau_2_204_7251_4430.jpg
2_204_7251_4430_1961,S183,plastic_other,Plastic_ETC,21.808798965883252,-160.19380526986873,376603.40332406055,2412141.5670381365,3.0,1,2.843756989603229,2.748502197265859,0.0,0.08531270968809687,False,False,6.82501677504775,4.550011183365167,22.750055916825836,2d:area×thick_range×rho,1인,,,niihau_2_204_7251_4430.jpg
2_204_8365_2562_1963,S184,plastic_other,Plastic_ETC,21.809164966900497,-160.19358635099076,376626.34768085217,2412181.9085001852,3.0,1,0.3867581582070056,0.6529931640625556,0.0,0.011602744746210168,False,False,0.9282195796968135,0.6188130531312089,3.0940652656560452,2d:area×thick_range×rho,1인,,,niihau_2_204_8365_2562.jpg
2_204_8365_2562_1964,S184,pet_bottle,PET_Bottle,21.809195729510645,-160.19356486332788,376628.59532177955,2412185.2967557283,3.0,1,0.19466094505939224,0.517429199218794,0.0,0.011679656703563534,False,False,0.3854286712175966,0.32119055934799723,0.6423811186959945,2d:area×thick_range×rho,1인,,,niihau_2_204_8365_2562.jpg
2_204_8523_20924_1967,S185,plastic_buoy,Plastic_Buoy_China,21.8058481761502,-160.1935293605563,376629.3972743816,2411814.691172301,3.0,1,0.2333210507572095,0.49860595703129246,0.0,0.06999631522716285,False,False,4.199778913629771,2.0998894568148856,5.599705218173028,2d:area×thick_range×rho,1인,,,niihau_2_204_8523_20924.jpg
2_204_8523_20924_1968,S185,pet_bottle,PET_Bottle,21.805800750477317,-160.19349200024655,376633.2188457665,2411809.4112192155,3.0,1,0.3980283142179929,0.6401184082031796,0.0,0.023881698853079572,False,False,0.7880960621516259,0.6567467184596884,1.3134934369193767,2d:area×thick_range×rho,1인,,,niihau_2_204_8523_20924.jpg
2_204_9735_406_1970,S186,pet_bottle,PET_Bottle,21.80956241732385,-160.1933753102354,376648.5044738893,2412225.737772547,3.0,1,0.4533315295995054,0.6823828125000582,0.0,0.027199891775970323,False,False,0.8975964286070207,0.747997023839184,1.495994047678368,2d:area×thick_range×rho,1인,,,niihau_2_204_9735_406.jpg
2_204_9735_406_1971,S186,plastic_buoy,Plastic_Buoy_China,21.80957014856062,-160.19334487916925,376651.65689173434,2412226.5692815464,3.0,1,0.19870453385267067,0.4537829589844137,0.0,0.0596113601558012,False,False,3.576681609348072,1.788340804674036,4.768908812464097,2d:area×thick_range×rho,1인,,,niihau_2_204_9735_406.jpg
2_204_9735_406_1972,S186,pet_bottle,PET_Bottle,21.80957430466439,-160.19334650013235,376651.49288626306,2412227.030662887,3.0,1,0.24937821607817487,0.622056884765678,0.0,0.014962692964690492,False,False,0.49376886783478624,0.4114740565289886,0.8229481130579772,2d:area×thick_range×rho,1인,,,niihau_2_204_9735_406.jpg
2_204_9735_406_1973,S186,pet_bottle,PET_Bottle,21.809501909492294,-160.19333908399446,376652.19750253705,2412219.010517468,3.0,1,0.27883228805665955,0.7092889404297479,0.0,0.01672993728339957,False,False,0.5520879303521858,0.4600732752934883,0.9201465505869766,2d:area×thick_range×rho,1인,,,niihau_2_204_9735_406.jpg
2_305_7935_24980_1974,S187,plastic_buoy,Plastic_Buoy,21.816426510510848,-160.1900931697923,376993.6592594777,2412982.9766075155,3.0,1,0.24252020009001718,0.49960405349731446,0.0,0.07275606002700515,False,False,4.365363601620309,2.1826818008101543,5.820484802160412,2d:area×thick_range×rho,1인,,,niihau_2_305_7935_24980.jpg
2_305_7935_24980_1975,S187,net,Net,21.81642796179551,-160.19008789212523,376994.20604916423,2412983.1330542313,3.0,1,0.23073275317810477,0.51002685546875,0.0,0.027687930381372572,False,False,4.153189557205886,1.7304956488357857,10.382973893014714,2d:area×thick_range×rho,1인,절단기,,niihau_2_305_7935_24980.jpg
2_305_7935_24980_1976,S187,plastic_other,Plastic_ETC,21.816400223131936,-160.19015398647562,376987.3502068737,2412980.115106468,3.0,1,0.5279084961786866,0.7432723999023437,0.0,0.0158372548853606,False,False,1.266980390828848,0.8446535938858986,4.223267969429493,2d:area×thick_range×rho,1인,,,niihau_2_305_7935_24980.jpg
2_305_7935_24980_1977,S187,eps_buoy,Styrofoam_Buoy,21.816413881759104,-160.1901450487076,376988.285772746,2412981.6199959107,3.0,1,0.6410367839658634,1.0456747436523437,0.0,0.22436287438805216,False,False,5.609071859701304,2.4038879398719875,6.410367839658634,2d:area×thick_range×rho,1인,,,niihau_2_305_7935_24980.jpg
2_305_7935_24980_1978,S187,plastic_buoy,Plastic_Buoy,21.816415892677664,-160.1900911595368,376993.8579838959,2412981.799599386,3.0,1,0.1416967684954405,0.383802490234375,0.0,0.04250903054863215,False,False,2.550541832917929,1.2752709164589644,3.4007224438905723,2d:area×thick_range×rho,1인,,,niihau_2_305_7935_24980.jpg
2_305_7935_24980_1979,S187,pet_bottle,PET_Bottle,21.816382585129183,-160.1900540402046,376997.66652243433,2412978.082800833,3.0,1,0.9919478750020266,1.1582546997070313,0.0,0.059516872500121595,False,False,1.9640567925040127,1.636713993753344,3.273427987506688,2d:area×thick_range×rho,1인,,,niihau_2_305_7935_24980.jpg
2_305_7935_24980_1980,S187,pet_bottle,PET_Bottle,21.816428493898258,-160.1900846012679,376994.5466779123,2412983.1893322445,3.0,1,0.4537712615713478,0.7032275390625,0.0,0.027226275694280867,False,False,0.8984670979112686,0.7487225815927239,1.4974451631854477,2d:area×thick_range×rho,1인,,,niihau_2_305_7935_24980.jpg
2_305_7958_24648_1985,S187,plastic_buoy,Plastic_Buoy,21.816426507460072,-160.19009316381525,376993.65987471456,2412982.9762650225,3.0,1,0.24399523150920868,0.494033203125,0.0,0.0731985694527626,False,False,4.391914167165756,2.195957083582878,5.855885556221009,2d:area×thick_range×rho,1인,,,niihau_2_305_7958_24648.jpg
2_305_7958_24648_1986,S187,plastic_other,Plastic_ETC,21.81640015527474,-160.19015416651644,376987.33153815905,2412980.1077383016,3.0,1,0.47223244001856074,0.6991901397705078,0.0,0.014166973200556822,False,False,1.1333578560445459,0.7555719040296972,3.777859520148486,2d:area×thick_range×rho,1인,,,niihau_2_305_7958_24648.jpg
2_305_7958_24648_1987,S187,net,Net,21.816427989322772,-160.19008785307562,376994.2101092249,2412983.136070361,3.0,1,0.2334385269790888,0.51192138671875,0.0,0.028012623237490653,False,False,4.201893485623598,1.7507889523431661,10.504733714058995,2d:area×thick_range×rho,1인,절단기,,niihau_2_305_7958_24648.jpg
2_305_7958_24648_1988,S187,net,Net,21.816415933756087,-160.19009121767033,376993.8520097729,2412981.8041931977,3.0,1,0.14919927281141282,0.4002490234375,0.0,0.017903912737369538,False,False,2.685586910605431,1.1189945460855963,6.713967276513577,2d:area×thick_range×rho,1인,절단기,,niihau_2_305_7958_24648.jpg
2_305_7958_24648_1989,S187,eps_fragment,Styrofoam_Piece,21.816413940980983,-160.19014488851778,376988.30238209025,2412981.6264239824,3.0,1,0.6160824709642679,1.032113037109375,0.0,0.018482474128928037,False,False,0.36964948257856073,0.24643298838570718,1.2321649419285359,2d:area×thick_range×rho,1인,,,niihau_2_305_7958_24648.jpg
2_305_7958_24648_1990,S187,plastic_buoy,Plastic_Buoy,21.816397189230273,-160.19013054830643,376989.770404156,2412979.760545226,3.0,1,0.21137624029219151,0.478470458984375,0.0,0.06341287208765745,False,False,3.8047723252594468,1.9023861626297234,5.073029767012597,2d:area×thick_range×rho,1인,,,niihau_2_305_7958_24648.jpg
2_305_7958_24648_1991,S187,net,Net,21.816395384604753,-160.19014257761387,376988.5253990423,2412979.570371838,3.0,1,0.1958225348137319,0.4492539978027344,0.0,0.02349870417764783,False,False,3.5248056266471743,1.4686690111029894,8.812014066617936,2d:area×thick_range×rho,1인,절단기,,niihau_2_305_7958_24648.jpg
2_306_6404_9243_1998,S188,eps_fragment,Styrofoam_Piece,21.820575705857493,-160.1877638035757,377237.983892396,2413440.4390312545,3.0,1,0.3647675531358148,0.6054760742188016,0.0,0.010943026594074444,False,False,0.21886053188148888,0.14590702125432595,0.7295351062716298,2d:area×thick_range×rho,1인,,,niihau_2_306_6404_9243.jpg
2_306_6404_9243_1999,S188,plastic_other,Plastic_ETC,21.820589012882312,-160.18771656643506,377242.87797623896,2413441.8745021983,3.0,1,0.4706653007776347,0.739597167968813,0.0,0.01411995902332904,False,False,1.1295967218663232,0.7530644812442155,3.7653224062210775,2d:area×thick_range×rho,1인,,,niihau_2_306_6404_9243.jpg
2_306_6404_9243_2000,S188,pet_bottle,PET_Bottle,21.820580737686846,-160.18771343358935,377243.1947475604,2413440.955935077,3.0,1,0.26744885972146776,0.6612963867188063,0.0,0.016046931583288064,False,False,0.5295487422485061,0.4412906185404218,0.8825812370808436,2d:area×thick_range×rho,1인,,,niihau_2_306_6404_9243.jpg
2_356_11655_14083_2006,S189,plastic_other,Plastic_ETC,21.823946961875635,-160.18613199226897,377409.53064618085,2413812.3410022687,3.0,1,0.2269031163990978,0.5053271484375534,0.0,0.006807093491972934,False,False,0.5445674793578347,0.36304498623855647,1.8152249311927826,2d:area×thick_range×rho,1인,,,niihau_2_356_11655_14083.jpg
2_356_11655_14083_2007,S189,plastic_buoy,Plastic_Buoy,21.823954167531145,-160.18613136525005,377409.6015971235,2413813.138175929,3.0,1,0.24934492847328693,0.5056774902344285,0.0,0.07480347854198607,False,False,4.488208712519165,2.2441043562595824,5.984278283358887,2d:area×thick_range×rho,1인,,,niihau_2_356_11655_14083.jpg
2_357_2913_18589_2009,S190,pet_bottle,PET_Bottle,21.825208943126157,-160.18531340478452,377495.21763364866,2413951.3923863163,3.0,1,0.24245546586815672,0.5195043945312943,0.0,0.014547327952089403,False,False,0.4800618224189503,0.4000515186824586,0.8001030373649172,2d:area×thick_range×rho,1인,,,niihau_2_357_2913_18589.jpg
2_357_2913_18589_2010,S190,pet_bottle,PET_Bottle,21.825207563963552,-160.18532518259718,377493.99906950287,2413951.2490763417,3.0,1,0.3269510022029838,0.6666333007813068,0.0,0.019617060132179027,False,False,0.6473629843619079,0.5394691536349233,1.0789383072698466,2d:area×thick_range×rho,1인,,,niihau_2_357_2913_18589.jpg
2_357_2913_18589_2011,S190,plastic_buoy,Plastic_Buoy,21.825209609176923,-160.18528504218034,377498.14984384336,2413951.443567974,3.0,1,0.20795655656162468,0.46050048828128926,0.0,0.0623869669684874,False,False,3.743218018109244,1.871609009054622,4.990957357478992,2d:area×thick_range×rho,1인,,,niihau_2_357_2913_18589.jpg
2_357_2913_18589_2012,S190,net,Net,21.82523255362505,-160.18531336696108,377495.2416485423,2413954.00605945,3.0,1,0.23641267411414837,0.49629516601566726,0.0,0.028369520893697805,False,False,4.255428134054671,1.773095055856113,10.638570335136675,2d:area×thick_range×rho,1인,절단기,,niihau_2_357_2913_18589.jpg
2_357_2913_18589_2013,S190,net,Net,21.82520303770042,-160.1853274906596,377493.7566469612,2413950.749850144,3.0,1,0.1878124204159103,0.46760742187503984,0.0,0.022537490449909235,False,False,3.3806235674863854,1.4085931531193272,8.451558918715962,2d:area×thick_range×rho,1인,절단기,,niihau_2_357_2913_18589.jpg
2_357_3249_18529_2019,S190,plastic_buoy,Plastic_Buoy,21.825209559830576,-160.1852850737007,377498.1465437853,2413951.438130351,3.0,1,0.2208184883065898,0.4727834320068762,0.0,0.06624554649197693,False,False,3.974732789518616,1.987366394759308,5.299643719358155,2d:area×thick_range×rho,1인,,,niihau_2_357_3249_18529.jpg
2_357_3249_18529_2020,S190,pet_bottle,PET_Bottle,21.825257976587736,-160.1852658589035,377500.17386960314,2413956.782631189,3.0,1,0.2793665631264924,0.5290698242187951,0.0,0.01676199378758954,False,False,0.5531457949904549,0.46095482915871244,0.9219096583174249,2d:area×thick_range×rho,1인,,,niihau_2_357_3249_18529.jpg
2_408_14103_10563_2023,S191,plastic_other,Plastic_ETC,21.833026486841863,-160.17999598445635,378051.4698361359,2414812.5822286895,3.0,1,0.3082684659898806,0.5800927734375494,0.0,0.009248053979696419,False,False,0.7398443183757135,0.493229545583809,2.466147727919045,2d:area×thick_range×rho,1인,,,niihau_2_408_14103_10563.jpg
2_408_14103_10563_2024,S191,plastic_other,Plastic_ETC,21.83304655494947,-160.18001358833894,378049.66736621055,2414814.8177230163,3.0,1,0.25113625617031565,0.5073046875000432,0.0,0.007534087685109469,False,False,0.6027270148087576,0.40181800987250504,2.009090049362525,2d:area×thick_range×rho,1인,,,niihau_2_408_14103_10563.jpg
2_408_14103_10563_2025,S191,plastic_other,Plastic_ETC,21.83303527524273,-160.1800284824813,378048.11838389345,2414813.5808428237,3.0,1,0.1794816105664082,0.47199707031254023,0.0,0.005384448316992246,False,False,0.43075586535937965,0.28717057690625314,1.4358528845312657,2d:area×thick_range×rho,1인,,,niihau_2_408_14103_10563.jpg
2_408_14103_10563_2026,S191,plastic_other,Plastic_ETC,21.833056623293558,-160.18000661134332,378050.39702702925,2414815.926772974,3.0,1,0.4270901656866801,0.8308886718750708,0.0,0.012812704970600403,False,False,1.0250163976480322,0.6833442650986882,3.4167213254934414,2d:area×thick_range×rho,1인,,,niihau_2_408_14103_10563.jpg
2_408_1845_25641_2027,S192,plastic_other,Plastic_ETC,21.830316809085723,-160.182428215629,377797.7787001445,2414514.5462127463,3.0,1,0.7616249977537798,1.1703570556641623,0.0,0.022848749932613394,False,False,1.8278999946090715,1.2185999964060477,6.092999982030238,2d:area×thick_range×rho,1인,,,niihau_2_408_1845_25641.jpg
2_408_1845_25641_2028,S192,plastic_buoy,Plastic_Buoy_China,21.830261373621866,-160.18233301102794,377807.57187608804,2414508.33393522,3.0,1,0.20568977397683785,0.4719653320312902,0.0,0.06170693219305135,False,False,3.702415931583081,1.8512079657915406,4.936554575444109,2d:area×thick_range×rho,1인,,,niihau_2_408_1845_25641.jpg
2_408_1845_25641_2029,S192,plastic_other,Plastic_ETC,21.830259136558418,-160.18232625014198,377808.26877567475,2414508.080927346,3.0,1,0.28917693786626025,0.551469726562547,0.0,0.008675308135987807,False,False,0.6940246508790247,0.46268310058601647,2.313415502930082,2d:area×thick_range×rho,1인,,,niihau_2_408_1845_25641.jpg
2_408_2007_25184_2033,S192,pet_bottle,PET_Bottle,21.8304315772168,-160.1823739527553,377803.48477788654,2414527.208098377,3.0,1,0.311875192327641,0.5758874511719241,0.0,0.018712511539658458,False,False,0.6175128808087291,0.5145940673406076,1.0291881346812153,2d:area×thick_range×rho,1인,,,niihau_2_408_2007_25184.jpg
2_408_2007_25184_2034,S192,glass,Glass,21.830381392847354,-160.1823843052687,377802.37211290153,2414521.660857459,3.0,1,0.05346305947714465,0.23923095703127037,0.0,0.003742414163400126,False,False,2.2454484980400755,1.6038917843143394,3.207783568628679,2d:area×thick_range×rho,1인,,,niihau_2_408_2007_25184.jpg
2_408_2209_25801_2036,S192,pet_bottle,PET_Bottle,21.830250649049233,-160.18224934082528,377816.210855267,2414507.0803472763,3.0,1,0.6477601754845291,0.8297021484375707,0.0,0.03886561052907175,False,False,1.2825651474593676,1.0688042895494732,2.1376085790989463,2d:area×thick_range×rho,1인,,,niihau_2_408_2209_25801.jpg
2_408_2209_25801_2037,S192,plastic_other,Plastic_ETC,21.830264688232553,-160.18230515826792,377810.4535326807,2414508.678771735,3.0,1,2.8431575559769944,2.0791174316408023,0.0,0.08529472667930983,False,False,6.823578134344786,4.549052089563191,22.745260447815955,2d:area×thick_range×rho,1인,,,niihau_2_408_2209_25801.jpg
2_408_2209_25801_2038,S192,plastic_buoy,Plastic_Buoy_China,21.8302613676683,-160.1823332278633,377807.5494590882,2414508.3334481586,3.0,1,0.2002720898896797,0.4744897460937904,0.0,0.06008162696690391,False,False,3.6048976180142347,1.8024488090071173,4.806530157352313,2d:area×thick_range×rho,1인,,,niihau_2_408_2209_25801.jpg
2_408_2209_25801_2039,S192,plastic_other,Plastic_ETC,21.83029034731179,-160.18234548778346,377806.3069038492,2414511.551244975,3.0,1,0.3134080142789123,0.5965667724609883,0.0,0.009402240428367369,False,False,0.7521792342693895,0.5014528228462597,2.5072641142312984,2d:area×thick_range×rho,1인,,,niihau_2_408_2209_25801.jpg
2_408_2391_25163_2044,S192,pet_bottle,PET_Bottle,21.830413731075076,-160.18222197185764,377819.1782314602,2414525.1119600222,3.0,1,0.2865135854602348,0.5487988281250468,0.0,0.017190815127614088,False,False,0.5672968992112649,0.47274741600938747,0.9454948320187749,2d:area×thick_range×rho,1인,,,niihau_2_408_2391_25163.jpg
2_408_2391_25163_2045,S192,plastic_other,Plastic_ETC,21.83040161193695,-160.18222321028696,377819.03993308643,2414523.771343235,3.0,1,0.36006704678541596,0.6191113281250528,0.0,0.010802011403562479,False,False,0.8641609122849983,0.5761072748566656,2.880536374283328,2d:area×thick_range×rho,1인,,,niihau_2_408_2391_25163.jpg
2_408_2391_25163_2046,S192,eps_fragment,Styrofoam_Piece,21.830404327107846,-160.1822323537748,377818.09717650665,2414524.079167406,3.0,1,0.21808833333853625,0.47377441406254034,0.0,0.0065426500001560875,False,False,0.13085300000312175,0.0872353333354145,0.4361766666770725,2d:area×thick_range×rho,1인,,,niihau_2_408_2391_25163.jpg
2_408_3285_27495_2049,S193,plastic_other,Plastic_ETC,21.82997154805153,-160.18207913679498,377833.56594991544,2414476.048633679,3.0,1,0.23823652744297272,0.4904785156250418,0.0,0.007147095823289182,False,False,0.5717676658631345,0.3811784439087563,1.905892219543782,2d:area×thick_range×rho,1인,,,niihau_2_408_3285_27495.jpg
2_408_3285_27495_2050,S193,pet_bottle,PET_Bottle,21.82994003212656,-160.18209220458138,377832.18850084813,2414472.5701574734,3.0,1,0.18298019064667959,0.4777270507812907,0.0,0.010978811438800775,False,False,0.36230077748042555,0.30191731456702137,0.6038346291340427,2d:area×thick_range×rho,1인,,,niihau_2_408_3285_27495.jpg
2_408_3285_27495_2051,S193,pet_bottle,PET_Bottle,21.829984408634544,-160.182045877808,377837.0145042279,2414477.4459350556,3.0,1,0.06218655545712577,0.30958740234377635,0.0,0.0037311933274275463,False,False,0.12312937980510903,0.10260781650425753,0.20521563300851506,2d:area×thick_range×rho,1인,,,niihau_2_408_3285_27495.jpg
2_408_4090_23800_2053,S194,plastic_other,Plastic_ETC,21.830657035160936,-160.18192775587562,377849.7947825473,2414551.8125959495,3.0,1,0.27910003557806,0.5452880859375464,0.0,0.0083730010673418,False,False,0.6698400853873441,0.4465600569248961,2.23280028462448,2d:area×thick_range×rho,1인,,,niihau_2_408_4090_23800.jpg
2_408_4090_23800_2054,S194,plastic_buoy,Plastic_Buoy,21.830607003551357,-160.18197230348773,377845.14789359167,2414546.309379859,3.0,1,0.17581694131347553,0.42419555664066116,0.0,0.05274508239404266,False,False,3.1647049436425596,1.5823524718212798,4.219606591523412,2d:area×thick_range×rho,1인,,,niihau_2_408_4090_23800.jpg
2_408_4090_23800_2055,S194,plastic_buoy,Plastic_Buoy,21.830656553919727,-160.18192223202115,377850.3653136921,2414551.7549418225,3.0,1,0.1938767344758245,0.4433435058594128,0.0,0.058163020342747354,False,False,3.4897812205648413,1.7448906102824207,4.653041627419788,2d:area×thick_range×rho,1인,,,niihau_2_408_4090_23800.jpg
2_408_4090_23800_2056,S194,plastic_buoy,Plastic_Buoy,21.830674505203866,-160.18194445081062,377848.08404908865,2414553.7597836247,3.0,1,0.22354432716969483,0.4907226562500418,0.0,0.06706329815090845,False,False,4.0237978890545065,2.0118989445272533,5.3650638520726766,2d:area×thick_range×rho,1인,,,niihau_2_408_4090_23800.jpg
2_408_4090_23800_2057,S194,eps_fragment,Styrofoam_Piece,21.830576530416334,-160.18200471813634,377841.77166513616,2414542.961683102,3.0,1,0.25035599127378855,0.5333886718750455,0.0,0.007510679738213656,False,False,0.15021359476427312,0.10014239650951542,0.5007119825475771,2d:area×thick_range×rho,1인,,,niihau_2_408_4090_23800.jpg
2_408_4090_23800_2058,S194,plastic_other,Plastic_ETC,21.830651844551788,-160.1819642439952,377846.01899975655,2414551.2669259487,3.0,1,0.34175229883684083,0.5968218994141133,0.0,0.010252568965105225,False,False,0.820205517208418,0.5468036781389454,2.734018390694727,2d:area×thick_range×rho,1인,,,niihau_2_408_4090_23800.jpg
2_408_4090_23800_2059,S194,pet_bottle,PET_Bottle,21.83062284241996,-160.18189459643096,377853.1930689115,2414548.0011356603,3.0,1,0.1974649885595181,0.5052893066406681,0.0,0.011847899313571086,False,False,0.39098067734784586,0.3258172311232049,0.6516344622464098,2d:area×thick_range×rho,1인,,,niihau_2_408_4090_23800.jpg
2_408_4259_23401_2069,S194,net,Net,21.830703790154832,-160.18193741068535,377848.83658131235,2414556.996070134,3.0,1,0.20757560119930465,0.481282958984416,0.0,0.024909072143916557,False,False,3.7363608215874833,1.556817008994785,9.340902053968708,2d:area×thick_range×rho,1인,절단기,,niihau_2_408_4259_23401.jpg
2_408_4259_23401_2070,S194,plastic_other,Plastic_ETC,21.830656978702528,-160.18192778973253,377849.7912351795,2414551.8063728036,3.0,1,0.2843762588024624,0.551381835937547,0.0,0.008531287764073872,False,False,0.6825030211259098,0.4550020140839399,2.2750100704196994,2d:area×thick_range×rho,1인,,,niihau_2_408_4259_23401.jpg
2_408_4259_23401_2071,S194,plastic_other,Plastic_ETC,21.83074842442797,-160.18187684739559,377855.13424490823,2414561.8890976296,3.0,1,0.30788842281331896,0.5999487304688012,0.0,0.009236652684399568,False,False,0.7389322147519655,0.4926214765013104,2.4631073825065517,2d:area×thick_range×rho,1인,,,niihau_2_408_4259_23401.jpg
2_408_4259_23401_2072,S194,plastic_buoy,Plastic_Buoy,21.83065662930346,-160.18192222277307,377850.3663335886,2414551.7632795325,3.0,1,0.18893745236996054,0.4377465820312873,0.0,0.05668123571098816,False,False,3.4008741426592897,1.7004370713296448,4.534498856879053,2d:area×thick_range×rho,1인,,,niihau_2_408_4259_23401.jpg
2_408_4259_23401_2073,S194,plastic_buoy,Plastic_Buoy_China,21.830698271423135,-160.1819379885298,377848.77216876077,2414556.385600011,3.0,1,0.24272131571177802,0.5101806640625435,0.0,0.0728163947135334,False,False,4.368983682812004,2.184491841406002,5.825311577082672,2d:area×thick_range×rho,1인,,,niihau_2_408_4259_23401.jpg
2_408_4259_23401_2074,S194,plastic_buoy,Plastic_Buoy,21.8306745579166,-160.18194452306238,377848.07662599167,2414553.7656762656,3.0,1,0.2154239734173188,0.48876464843754164,0.0,0.06462719202519564,False,False,3.8776315215117383,1.9388157607558691,5.170175362015652,2d:area×thick_range×rho,1인,,,niihau_2_408_4259_23401.jpg
2_408_4259_23401_2075,S194,plastic_other,Plastic_ETC,21.830651945024194,-160.18196429217213,377846.01410557365,2414551.278086535,3.0,1,0.33690594899362103,0.5880273437500501,0.0,0.010107178469808631,False,False,0.8085742775846905,0.5390495183897936,2.6952475919489682,2d:area×thick_range×rho,1인,,,niihau_2_408_4259_23401.jpg
2_408_4259_23401_2076,S194,pet_bottle,PET_Bottle,21.830657355783085,-160.18193900565547,377848.6322892768,2414551.8570100227,3.0,1,0.16422779076996263,0.4672601318359773,0.0,0.009853667446197758,False,False,0.325171025724526,0.2709758547704384,0.5419517095408768,2d:area×thick_range×rho,1인,,,niihau_2_408_4259_23401.jpg
2_408_4259_23401_2077,S194,net,Net,21.830749793732263,-160.18188075581023,377854.7314384094,2414562.0437799795,3.0,1,0.16417905902418312,0.4165991210937855,0.0,0.019701487082901974,False,False,2.955223062435296,1.2313429426813736,7.38805765608824,2d:area×thick_range×rho,1인,절단기,,niihau_2_408_4259_23401.jpg
2_408_4259_23401_2078,S194,pet_bottle,PET_Bottle,21.830755139214528,-160.1819079569317,377851.9245004644,2414562.6570989527,3.0,1,0.1461732018918048,0.503789062500043,0.0,0.008770392113508288,False,False,0.2894229397457735,0.24118578312147793,0.48237156624295585,2d:area×thick_range×rho,1인,,,niihau_2_408_4259_23401.jpg
2_408_4259_23401_2079,S194,plastic_buoy,Plastic_Buoy_China,21.830692535796672,-160.1819634073876,377846.140031235,2414555.7708183606,3.0,1,0.20276707396361704,0.45567634582523414,0.0,0.06083012218908511,False,False,3.6498073313451065,1.8249036656725532,4.866409775126809,2d:area×thick_range×rho,1인,,,niihau_2_408_4259_23401.jpg
2_408_4335_23012_2085,S194,plastic_other,Plastic_ETC,21.830748434066425,-160.18187683246384,377855.1357964218,2414561.8901527748,3.0,1,0.2867125555038941,0.5785937500000493,0.0,0.008601376665116822,False,False,0.6881101332093458,0.4587400888062305,2.2937004440311526,2d:area×thick_range×rho,1인,,,niihau_2_408_4335_23012.jpg
2_408_4335_23012_2086,S194,eps_fragment,Styrofoam_Piece,21.83079008879618,-160.18184180443853,377858.7916298316,2414566.4735920257,3.0,1,0.26398305280213086,0.5486865234375468,0.0,0.007919491584063925,False,False,0.1583898316812785,0.10559322112085234,0.5279661056042617,2d:area×thick_range×rho,1인,,,niihau_2_408_4335_23012.jpg
2_408_4335_23012_2087,S194,pet_bottle,PET_Bottle,21.830755090782837,-160.18190826161842,377851.8929672484,2414562.6519791316,3.0,1,0.16074462637307996,0.528344726562545,0.0,0.009644677582384797,False,False,0.3182743602186983,0.2652286335155819,0.5304572670311638,2d:area×thick_range×rho,1인,,,niihau_2_408_4335_23012.jpg
2_408_4335_23012_2088,S194,net,Net,21.830749751355746,-160.18188076133177,377854.73083171906,2414562.039093241,3.0,1,0.16094130798282982,0.4012927246094092,0.0,0.019312956957939578,False,False,2.8969435436909365,1.2070598098712237,7.242358859227342,2d:area×thick_range×rho,1인,절단기,,niihau_2_408_4335_23012.jpg
2_408_4335_23012_2089,S194,net,Net,21.83080039277566,-160.1818549016418,377857.44666856324,2414567.6246366207,3.0,1,0.11761218152048208,0.3885058593750331,0.0,0.01411346178245785,False,False,2.1170192673686774,0.8820913614036157,5.292548168421694,2d:area×thick_range×rho,1인,절단기,,niihau_2_408_4335_23012.jpg
2_408_4335_23012_2090,S194,pet_bottle,PET_Bottle,21.830807991568758,-160.1818575941472,377857.17482767464,2414568.4679645416,3.0,1,0.10233155829833702,0.34488296508792,0.0,0.0061398934979002215,False,False,0.20261648543070732,0.1688470711922561,0.3376941423845122,2d:area×thick_range×rho,1인,,,niihau_2_408_4335_23012.jpg
2_408_4335_23012_2091,S194,pet_bottle,PET_Bottle,21.830721002725067,-160.18193278294868,377849.32951813785,2414558.8978467295,3.0,1,0.16085597610476374,0.4768310546875406,0.0,0.009651358566285824,False,False,0.3184948326874322,0.26541236057286016,0.5308247211457203,2d:area×thick_range×rho,1인,,,niihau_2_408_4335_23012.jpg
2_408_4430_23810_2096,S194,plastic_other,Plastic_ETC,21.83065702623205,-160.1819277862419,377849.7916363338,2414551.8116315943,3.0,1,0.28687516205352964,0.5480868530273905,0.0,0.00860625486160589,False,False,0.6885003889284712,0.4590002592856474,2.2950012964282376,2d:area×thick_range×rho,1인,,,niihau_2_408_4430_23810.jpg
2_408_4430_23810_2097,S194,plastic_other,Plastic_ETC,21.830612100570367,-160.18187330544853,377855.38456053985,2414546.7951209596,3.0,1,0.3303521129608717,0.586966552734425,0.0,0.00991056338882615,False,False,0.792845071106092,0.5285633807373947,2.6428169036869735,2d:area×thick_range×rho,1인,,,niihau_2_408_4430_23810.jpg
2_408_4430_23810_2098,S194,plastic_other,Plastic_ETC,21.830628809505097,-160.18188042622893,377854.66275433084,2414548.650460776,3.0,1,0.26775455234651363,0.5236865234375446,0.0,0.008032636570395409,False,False,0.6426109256316327,0.4284072837544218,2.142036418772109,2d:area×thick_range×rho,1인,,,niihau_2_408_4430_23810.jpg
2_408_4430_23810_2099,S194,pet_bottle,PET_Bottle,21.830657292226125,-160.18193893058717,377848.63999428006,2414551.8499146835,3.0,1,0.1968734526228495,0.49984420776371447,0.0,0.01181240715737097,False,False,0.389809436193242,0.32484119682770174,0.6496823936554035,2d:area×thick_range×rho,1인,,,niihau_2_408_4430_23810.jpg
2_408_4430_23810_2100,S194,plastic_buoy,Plastic_Buoy,21.830656539936,-160.18192228494644,377850.35983151465,2414551.7534357808,3.0,1,0.20072660239044274,0.4540026855469137,0.0,0.060217980717132816,False,False,3.613078843027969,1.8065394215139845,4.817438457370626,2d:area×thick_range×rho,1인,,,niihau_2_408_4430_23810.jpg
2_408_4430_23810_2101,S194,eps_fragment,Styrofoam_Piece,21.83064647844949,-160.18192569575112,377849.99874896754,2414550.6423252746,3.0,1,0.1469682421162975,0.4127807617187852,0.0,0.004409047263488924,False,False,0.08818094526977849,0.058787296846519004,0.293936484232595,2d:area×thick_range×rho,1인,,,niihau_2_408_4430_23810.jpg
2_408_4430_23810_2102,S194,pet_bottle,PET_Bottle,21.830626848099943,-160.18192452392,377850.1031960159,2414548.4682994676,3.0,1,0.12152633008362933,0.45155517578128845,0.0,0.007291579805017759,False,False,0.24062213356558607,0.2005184446379884,0.4010368892759768,2d:area×thick_range×rho,1인,,,niihau_2_408_4430_23810.jpg
2_409_-95_5278_2108,S195,plastic_other,Plastic_ETC,21.83393799160603,-160.17958630281726,378094.5860954041,2414913.162250001,3.0,1,0.3445741820335975,0.7067480468750602,0.0,0.010337225461007925,False,False,0.826978036880634,0.5513186912537561,2.7565934562687806,2d:area×thick_range×rho,1인,,,niihau_2_409_-95_5278.jpg
2_409_-95_5278_2109,S195,net,Net,21.833980331217266,-160.1795762376366,378095.6622907311,2414917.841313661,3.0,1,0.1601459269762312,0.4202001953125358,0.0,0.019217511237147742,False,False,2.8826266855721614,1.201094452321734,7.206566713930404,2d:area×thick_range×rho,1인,절단기,,niihau_2_409_-95_5278.jpg
2_409_3701_-285_2110,S196,eps_fragment,Styrofoam_Piece,21.835006806953675,-160.1789378667328,378162.5118096051,2415030.9678877955,3.0,1,0.489926887531662,0.7078112792969353,0.0,0.01469780662594986,False,False,0.2939561325189972,0.1959707550126648,0.979853775063324,2d:area×thick_range×rho,1인,,,niihau_2_409_3701_-285.jpg
2_409_3701_-285_2111,S196,pet_bottle,PET_Bottle,21.83500501148915,-160.178851894799,378171.39598232694,2415030.701118333,3.0,1,0.2220153262317559,0.4723754882812902,0.0,0.013320919573905354,False,False,0.4395903459388767,0.36632528828239724,0.7326505765647945,2d:area×thick_range×rho,1인,,,niihau_2_409_3701_-285.jpg
2_409_3701_-285_2112,S196,pet_bottle,PET_Bottle,21.834947721669153,-160.17885159236963,378171.3787008359,2415024.3588486947,3.0,1,0.29124157049660876,0.8003955078125682,0.0,0.017474494229796526,False,False,0.5766583095832853,0.4805485913194045,0.961097182638809,2d:area×thick_range×rho,1인,,,niihau_2_409_3701_-285.jpg
2_409_3701_-285_2113,S196,pet_bottle,PET_Bottle,21.83498990635855,-160.1789177915732,378164.5723728599,2415029.0810965593,3.0,1,0.40992194627008866,0.8117913818360066,0.0,0.024595316776205318,False,False,0.8116454536147755,0.6763712113456464,1.3527424226912927,2d:area×thick_range×rho,1인,,,niihau_2_409_3701_-285.jpg
2_459_10458_15277_2115,S197,pet_bottle,PET_Bottle,21.836328392401104,-160.17765712423736,378296.00251733756,2415176.255807877,3.0,1,0.3331721884325714,0.7623617553711587,0.0,0.019990331305954283,False,False,0.6596809330964913,0.5497341109137428,1.0994682218274856,2d:area×thick_range×rho,1인,,,niihau_2_459_10458_15277.jpg
2_459_10458_15277_2116,S198,eps_fragment,Styrofoam_Piece,21.836424087513684,-160.17760247315175,378301.73196514824,2415186.8061455046,3.0,1,0.540643365820962,0.7459284973145167,0.0,0.01621930097462886,False,False,0.32438601949257717,0.2162573463283848,1.081286731641924,2d:area×thick_range×rho,1인,,,niihau_2_459_10458_15277.jpg
2_459_10458_15277_2117,S198,net,Net,21.836361174662272,-160.17755182994253,378306.91293078696,2415179.801622368,3.0,1,0.4431462626159946,0.7239990234375617,0.0,0.05317755151391935,False,False,7.976632727087902,3.3235969696199597,19.941581817719758,2d:area×thick_range×rho,1인,절단기,,niihau_2_459_10458_15277.jpg
2_459_12710_9276_2119,S199,plastic_buoy,Plastic_Buoy_China,21.837493919715065,-160.1772146540262,378342.7201357869,2415304.9310085764,3.0,1,0.19173959981429864,0.44902526855472574,0.0,0.05752187994428959,False,False,3.4513127966573753,1.7256563983286877,4.601750395543168,2d:area×thick_range×rho,1인,,,niihau_2_459_12710_9276.jpg
2_459_12710_9276_2120,S199,plastic_other,Plastic_ETC,21.837495752300555,-160.17715680600915,378348.7005056113,2415305.088177508,3.0,1,0.5915224806846195,0.7727246093750658,0.0,0.017745674420538586,False,False,1.419653953643087,0.9464359690953914,4.732179845476956,2d:area×thick_range×rho,1인,,,niihau_2_459_12710_9276.jpg
2_459_12710_9276_2121,S199,plastic_other,Plastic_ETC,21.837436183144973,-160.17720541013688,378343.6266731934,2415298.5322206775,3.0,1,0.2500745347544977,0.5429400634766087,0.0,0.007502236042634931,False,False,0.6001788834107945,0.40011925560719636,2.0005962780359816,2d:area×thick_range×rho,1인,,,niihau_2_459_12710_9276.jpg
2_459_12710_9276_2122,S199,pet_bottle,PET_Bottle,21.83746758300604,-160.17721776242743,378342.3765848359,2415302.017969219,3.0,1,0.46801880530499446,0.7655346679688152,0.0,0.028081128318299665,False,False,0.926677234503889,0.7722310287532409,1.5444620575064818,2d:area×thick_range×rho,1인,,,niihau_2_459_12710_9276.jpg
2_459_12710_9276_2123,S199,pet_bottle,PET_Bottle,21.837471300115155,-160.17717259724645,378347.0477293229,2415302.393775593,3.0,1,0.15807346562149832,0.5351159667969206,0.0,0.009484407937289899,False,False,0.31298546193056664,0.2608212182754723,0.5216424365509446,2d:area×thick_range×rho,1인,,,niihau_2_459_12710_9276.jpg
2_459_12710_9276_2124,S199,plastic_other,Plastic_ETC,21.8374640094025,-160.17718798930903,378345.4507300303,2415301.5988474153,3.0,1,0.24383648969833238,0.5026013183594178,0.0,0.007315094690949971,False,False,0.5852075752759976,0.39013838351733177,1.950691917586659,2d:area×thick_range×rho,1인,,,niihau_2_459_12710_9276.jpg
2_459_12710_9276_2125,S199,plastic_other,Plastic_ETC,21.837475562549248,-160.1772057580153,378343.6240401274,2415302.8918274688,3.0,1,0.22913427605632872,0.4868066406250415,0.0,0.0068740282816898614,False,False,0.5499222625351889,0.366614841690126,1.83307420845063,2d:area×thick_range×rho,1인,,,niihau_2_459_12710_9276.jpg
2_459_12710_9276_2126,S199,glass,Glass,21.83750622704464,-160.1771881526245,378345.46957341675,2415306.272503624,3.0,1,0.05286171025364629,0.25405883789064665,0.0,0.0037003197177552407,False,False,2.2201918306531443,1.585851307609389,3.171702615218778,2d:area×thick_range×rho,1인,,,niihau_2_459_12710_9276.jpg
2_459_12710_9276_2127,S199,plastic_other,Plastic_ETC,21.837491351767003,-160.17719527815458,378344.72053514747,2415304.631427512,3.0,1,0.2839950125478692,0.539642333984421,0.0,0.008519850376436076,False,False,0.681588030114886,0.45439202007659074,2.2719601003829535,2d:area×thick_range×rho,1인,,,niihau_2_459_12710_9276.jpg
2_459_12710_9276_2128,S199,net,Net,21.837462813575375,-160.17721268190107,378342.89764148014,2415301.4859756804,3.0,1,0.13857188792082048,0.3980615234375339,0.0,0.016628626550498456,False,False,2.4942939825747685,1.0392891594061537,6.2357349564369215,2d:area×thick_range×rho,1인,절단기,,niihau_2_459_12710_9276.jpg
2_459_12710_9276_2129,S199,plastic_buoy,Plastic_Buoy_China,21.837444989702018,-160.1772008910321,378344.10119234974,2415299.5035435506,3.0,1,0.21063502626124636,0.5030236816406679,0.0,0.06319050787837391,False,False,3.7914304727024346,1.8957152363512173,5.055240630269912,2d:area×thick_range×rho,1인,,,niihau_2_459_12710_9276.jpg
2_459_12710_9276_2130,S199,pet_bottle,PET_Bottle,21.837511776520582,-160.17715774323102,378348.6171987014,2415306.862812022,3.0,1,0.19348424769103098,0.45357910156253867,0.0,0.011609054861461859,False,False,0.38309881042824134,0.3192490086902012,0.6384980173804023,2d:area×thick_range×rho,1인,,,niihau_2_459_12710_9276.jpg
2_459_13182_8980_2136,S199,pet_bottle,PET_Bottle,21.83753642936598,-160.1770386202623,378360.94987995876,2415309.4978020294,3.0,1,0.20026701503995495,0.47036132812504006,0.0,0.012016020902397296,False,False,0.39652868977911077,0.3304405748159257,0.6608811496318514,2d:area×thick_range×rho,1인,,,niihau_2_459_13182_8980.jpg
2_459_13182_8980_2137,S199,glass,Glass,21.837462212116105,-160.17705099077642,378359.6085472428,2415301.291664131,3.0,1,0.03041664409041923,0.20152465820314217,0.0,0.002129165086329346,False,False,1.2774990517976077,0.9124993227125769,1.8249986454251539,2d:area×thick_range×rho,1인,,,niihau_2_459_13182_8980.jpg
2_459_13182_8980_2138,S199,pet_bottle,PET_Bottle,21.83755427878451,-160.17712911630443,378351.61186511343,2415311.5452326387,3.0,1,0.23528468762900964,0.5031970214844179,0.0,0.014117081257740577,False,False,0.46586368150543905,0.3882197345878659,0.7764394691757318,2d:area×thick_range×rho,1인,,,niihau_2_459_13182_8980.jpg
2_459_13182_8980_2139,S199,pet_bottle,PET_Bottle,21.837568407155654,-160.17712858307314,378351.6789308605,2415313.1088335295,3.0,1,0.15987764982879557,0.4894846343994558,0.0,0.009592658989727734,False,False,0.3165577466610152,0.2637981222175127,0.5275962444350254,2d:area×thick_range×rho,1인,,,niihau_2_459_13182_8980.jpg
2_459_13182_8980_2140,S199,glass,Glass,21.83754863659648,-160.17704324118247,378360.4826178779,2415310.852802364,3.0,1,0.03681332960129412,0.23263916015626981,0.0,0.0025769330720905883,False,False,1.546159843254353,1.1043998880388235,2.208799776077647,2d:area×thick_range×rho,1인,,,niihau_2_459_13182_8980.jpg
2_459_13209_10892_2144,S200,plastic_other,Plastic_ETC,21.837183103073638,-160.17706472218117,378357.9532093512,2415270.4049151447,3.0,1,1.4268780877771425,1.2007397460938523,0.0,0.04280634263331427,False,False,3.424507410665142,2.283004940443428,11.41502470221714,2d:area×thick_range×rho,1인,,,niihau_2_459_13209_10892.jpg
2_459_13209_10892_2145,S200,plastic_other,Plastic_ETC,21.837156587969123,-160.1771116933956,378353.0761057976,2415267.5067753834,3.0,1,0.22822220019404008,0.48745605468754155,0.0,0.006846666005821202,False,False,0.5477332804656962,0.36515552031046417,1.8257776015523208,2d:area×thick_range×rho,1인,,,niihau_2_459_13209_10892.jpg
2_459_13209_10892_2146,S200,pet_bottle,PET_Bottle,21.837195050427994,-160.1770670871045,378357.71889288595,2415271.7293649362,3.0,1,0.20745772634897192,0.4844885253906663,0.0,0.012447463580938314,False,False,0.41076629817096433,0.3423052484758037,0.6846104969516074,2d:area×thick_range×rho,1인,,,niihau_2_459_13209_10892.jpg
2_459_13209_10892_2147,S200,plastic_other,Plastic_ETC,21.837216953410536,-160.1771279331233,378351.448737661,2415274.2021067813,3.0,1,0.21857037547177402,0.46955780029300875,0.0,0.00655711126415322,False,False,0.5245689011322576,0.34971260075483845,1.7485630037741924,2d:area×thick_range×rho,1인,,,niihau_2_459_13209_10892.jpg
2_459_13860_7007_2149,S201,pet_bottle,PET_Bottle,21.837880574493596,-160.17692197512855,378373.2967445217,2415347.502811461,3.0,1,0.25594679144178223,0.5502917480469219,0.0,0.015356807486506934,False,False,0.5067746470547289,0.4223122058789407,0.8446244117578814,2d:area×thick_range×rho,1인,,,niihau_2_459_13860_7007.jpg
2_459_13860_7007_2150,S201,plastic_buoy,Plastic_Buoy_China,21.83787484960609,-160.17694761989404,378370.6414215981,2415346.889317043,3.0,1,0.13206226044299468,0.38186767578128256,0.0,0.039618678132898405,False,False,2.377120687973904,1.188560343986952,3.1694942506318724,2d:area×thick_range×rho,1인,,,niihau_2_459_13860_7007.jpg
2_459_13860_7007_2151,S201,pet_bottle,PET_Bottle,21.837830104155262,-160.1770012465334,378365.06105711416,2415341.9783172836,3.0,1,0.32067545257234825,0.6874913787842383,0.0,0.019240527154340895,False,False,0.6349373960932495,0.5291144967443746,1.0582289934887492,2d:area×thick_range×rho,1인,,,niihau_2_459_13860_7007.jpg
2_459_13860_7007_2152,S201,plastic_buoy,Plastic_Buoy_China,21.837882115629682,-160.1769768050443,378367.63117732794,2415347.7167238584,3.0,1,0.12377983139755451,0.35981079101565566,0.0,0.03713394941926635,False,False,2.228036965155981,1.1140184825779904,2.9707159535413084,2d:area×thick_range×rho,1인,,,niihau_2_459_13860_7007.jpg
2_459_13860_7007_2153,S201,eps_fragment,Styrofoam_Piece,21.837815278705484,-160.1769842002766,378366.8103076898,2415340.3236635546,3.0,1,0.12754226270022181,0.48639099121097895,0.0,0.0038262678810066543,False,False,0.07652535762013309,0.05101690508008873,0.25508452540044363,2d:area×thick_range×rho,1인,,,niihau_2_459_13860_7007.jpg
2_459_13860_7007_2154,S201,pet_bottle,PET_Bottle,21.837837567537086,-160.17697108591938,378368.1845814015,2415342.7806966365,3.0,1,0.16493056437375972,0.44796630859378817,0.0,0.009895833862425582,False,False,0.3265625174600442,0.2721354312167035,0.544270862433407,2d:area×thick_range×rho,1인,,,niihau_2_459_13860_7007.jpg
2_459_13860_7007_2155,S201,plastic_buoy,Plastic_Buoy_China,21.837907887246583,-160.17693950047968,378371.5085421697,2415350.540197465,3.0,1,0.14530852157401536,0.3823748779297201,0.0,0.043592556472204606,False,False,2.6155533883322764,1.3077766941661382,3.4874045177763686,2d:area×thick_range×rho,1인,,,niihau_2_459_13860_7007.jpg
2_459_13860_7007_2156,S201,plastic_buoy,Plastic_Buoy_China,21.83781568865522,-160.17700381841814,378364.78304736444,2415340.3845412536,3.0,1,0.14713133356871727,0.38746154785159553,0.0,0.04413940007061518,False,False,2.6483640042369108,1.3241820021184554,3.531152005649215,2d:area×thick_range×rho,1인,,,niihau_2_459_13860_7007.jpg
2_459_13860_7007_2157,S201,glass,Glass,21.837874893671447,-160.17693267163446,378372.1864158785,2415346.8823883315,3.0,1,0.07924022077919403,0.3259008789062778,0.0,0.0055468154545435825,False,False,3.3280892727261495,2.377206623375821,4.754413246751642,2d:area×thick_range×rho,1인,,,niihau_2_459_13860_7007.jpg
2_459_13860_7007_2158,S201,pet_bottle,PET_Bottle,21.837905690404064,-160.17693609463552,378371.858689965,2415350.2943151416,3.0,1,0.13340419107007273,0.3728015136719068,0.0,0.008004251464204363,False,False,0.26414029831874397,0.22011691526562002,0.44023383053124004,2d:area×thick_range×rho,1인,,,niihau_2_459_13860_7007.jpg
2_459_13888_7345_2164,S201,pet_bottle,PET_Bottle,21.83782987527499,-160.1770012986982,378365.05547204893,2415341.9530212563,3.0,1,0.32540858727252064,0.6732653808594323,0.0,0.019524515236351236,False,False,0.6443090027995908,0.536924168999659,1.073848337999318,2d:area×thick_range×rho,1인,,,niihau_2_459_13888_7345.jpg
2_459_13888_7345_2165,S201,pet_bottle,PET_Bottle,21.83781613458011,-160.17691759752486,378373.6946712656,2415340.365803469,3.0,1,0.27142599797849515,0.5258715820312948,0.0,0.016285559878709707,False,False,0.5374234759974204,0.447852896664517,0.895705793329034,2d:area×thick_range×rho,1인,,,niihau_2_459_13888_7345.jpg
2_459_13888_7345_2166,S201,eps_fragment,Styrofoam_Piece,21.837813361477146,-160.17698423415692,378366.80518401717,2415340.1114515886,3.0,1,0.32860566593488694,0.6541845703125557,0.0,0.009858169978046607,False,False,0.19716339956093215,0.13144226637395479,0.6572113318697739,2d:area×thick_range×rho,1인,,,niihau_2_459_13888_7345.jpg
2_459_13888_7345_2167,S201,pet_bottle,PET_Bottle,21.837861736293128,-160.17694924054294,378370.4628278082,2415345.4389427663,3.0,1,0.12277524825373894,0.45938796997074227,0.0,0.007366514895224336,False,False,0.24309499154240308,0.20257915961866926,0.4051583192373385,2d:area×thick_range×rho,1인,,,niihau_2_459_13888_7345.jpg
2_459_13888_7345_2168,S201,plastic_other,Plastic_ETC,21.83783745135845,-160.17697110104305,378368.1829200242,2415342.767847513,3.0,1,0.14267382291408826,0.42550903320316125,0.0,0.0042802146874226475,False,False,0.3424171749938118,0.22827811666254122,1.141390583312706,2d:area×thick_range×rho,1인,,,niihau_2_459_13888_7345.jpg
2_459_13888_7345_2169,S201,plastic_other,Plastic_ETC,21.837811083428523,-160.17694695399976,378370.6562983244,2415339.8298237165,3.0,1,1.8872032704982395,1.7393872070313983,0.0,0.05661609811494719,False,False,4.529287849195775,3.019525232797183,15.097626163985918,2d:area×thick_range×rho,1인,,,niihau_2_459_13888_7345.jpg
2_459_13888_7345_2170,S201,plastic_other,Plastic_ETC,21.83781610270656,-160.17698080581238,378367.16183518246,2415340.412199955,3.0,1,0.2775065714419361,0.5390380859375459,0.0,0.008325197143258082,False,False,0.6660157714606465,0.4440105143070977,2.2200525715354886,2d:area×thick_range×rho,1인,,,niihau_2_459_13888_7345.jpg
2_459_14310_6063_2177,S202,plastic_buoy,Plastic_Buoy_China,21.838013296106503,-160.1768761244989,378378.1478492099,2415362.1589875845,3.0,1,0.2296041282028351,0.5125659179687937,0.0,0.06888123846085052,False,False,4.132874307651031,2.0664371538255155,5.510499076868043,2d:area×thick_range×rho,1인,,,niihau_2_459_14310_6063.jpg
2_459_14310_6063_2178,S202,glass,Glass,21.838042168902437,-160.17688203991014,378377.5608956343,2415365.3599014613,3.0,1,0.0758845711887012,0.28937744140627464,0.0,0.0053119199832090845,False,False,3.1871519899254506,2.2765371356610364,4.553074271322073,2d:area×thick_range×rho,1인,,,niihau_2_459_14310_6063.jpg
2_459_14310_6063_2179,S202,pet_bottle,PET_Bottle,21.837997152729024,-160.1768523650351,378380.58981758734,2415360.35313753,3.0,1,0.1273963950395801,0.41821533203128564,0.0,0.007643783702374806,False,False,0.2522448621783686,0.21020405181530719,0.42040810363061437,2d:area×thick_range×rho,1인,,,niihau_2_459_14310_6063.jpg
2_459_14310_6063_2180,S202,net,Net,21.83806301565344,-160.17681561441648,378384.443838305,2415367.615191642,3.0,1,0.16782032453122617,0.43604003906253713,0.0,0.02013843894374714,False,False,3.020765841562071,1.2586524339841965,7.551914603905177,2d:area×thick_range×rho,1인,절단기,,niihau_2_459_14310_6063.jpg
2_459_14310_6063_2181,S202,plastic_other,Plastic_ETC,21.838043135199158,-160.1768679679566,378379.0160989324,2415365.4557572,3.0,1,0.4322973300219319,0.6706396484375572,0.0,0.012968919900657955,False,False,1.0375135920526364,0.691675728035091,3.458378640175455,2d:area×thick_range×rho,1인,,,niihau_2_459_14310_6063.jpg
2_459_14310_6063_2182,S202,pet_bottle,PET_Bottle,21.838011118013377,-160.176928700343,378372.7121071294,2415361.9593964634,3.0,1,0.07632428644575548,0.4996337890625426,0.0,0.004579457186745329,False,False,0.15112208716259584,0.12593507263549655,0.2518701452709931,2d:area×thick_range×rho,1인,,,niihau_2_459_14310_6063.jpg
2_459_14310_6063_2183,S202,glass,Glass,21.838035077098354,-160.17684703832134,378381.17243369576,2415364.5471888636,3.0,1,0.04308428448737402,0.2534497070312716,0.0,0.0030158999141161815,False,False,1.8095399484697088,1.2925285346212205,2.585057069242441,2d:area×thick_range×rho,1인,,,niihau_2_459_14310_6063.jpg
2_459_14310_6063_2184,S201,pet_bottle,PET_Bottle,21.83798652931311,-160.17691632824483,378373.9700057419,2415359.227635532,3.0,1,0.18995993644002337,0.612465286254935,0.0,0.011397596186401402,False,False,0.3761206741512463,0.3134338951260386,0.6268677902520772,2d:area×thick_range×rho,1인,,,niihau_2_459_14310_6063.jpg
2_459_3917_22628_2189,S196,pet_bottle,PET_Bottle,21.83509223631572,-160.17884027297484,378172.6710662421,2415040.347785418,3.0,1,0.16991349767868508,0.44815284729007726,0.0,0.010194809860721105,False,False,0.3364287254037964,0.2803572711698304,0.5607145423396608,2d:area×thick_range×rho,1인,,,niihau_2_459_3917_22628.jpg
2_459_3917_22628_2190,S196,eps_buoy,Styrofoam_Buoy,21.835035867272854,-160.17885357062212,378171.2489192967,2415034.118204749,3.0,1,2.2060912323895874,2.431883544922082,0.0,0.7721319313363555,False,False,19.303298283408886,8.272842121460952,22.060912323895877,2d:area×thick_range×rho,1인,,,niihau_2_459_3917_22628.jpg
2_459_4842_22017_2195,S203,plastic_other,Plastic_ETC,21.835189830078455,-160.17867537554312,378189.7968291167,2415051.021064186,3.0,1,0.5689690116674677,0.7606787109375648,0.0,0.01706907035002403,False,False,1.3655256280019223,0.9103504186679484,4.551752093339742,2d:area×thick_range×rho,1인,,,niihau_2_459_4842_22017.jpg
2_459_4976_20196_2199,S204,pet_bottle,PET_Bottle,21.83547913733571,-160.17866876902923,378190.7247333551,2415083.04239109,3.0,1,0.49519185912617536,0.8318115234375709,0.0,0.02971151154757052,False,False,0.9804798810698272,0.8170665675581894,1.6341331351163788,2d:area×thick_range×rho,1인,,,niihau_2_459_4976_20196.jpg
2_459_4976_20196_2200,S204,glass,Glass,21.835456962607513,-160.17862802339155,378194.91723072936,2415080.5554037844,3.0,1,0.0375360489398305,0.246671142578146,0.0,0.0026275234257881353,False,False,1.5765140554728811,1.126081468194915,2.25216293638983,2d:area×thick_range×rho,1인,,,niihau_2_459_4976_20196.jpg
2_459_4976_20196_2201,S204,plastic_other,Plastic_ETC,21.83547720514952,-160.17865324329253,378192.3277653662,2415082.8162167193,3.0,1,0.43790178740777086,0.6637048339844316,0.0,0.013137053622233125,False,False,1.05096428977865,0.7006428598524334,3.5032142992621673,2d:area×thick_range×rho,1인,,,niihau_2_459_4976_20196.jpg
2_459_5189_19805_2205,S204,plastic_other,Plastic_ETC,21.835544310890693,-160.17855994718767,378202.0272654261,2415090.17109038,3.0,1,0.38086305971748163,0.6655908203125567,0.0,0.011425891791524449,False,False,0.9140713433219559,0.6093808955479706,3.0469044777398535,2d:area×thick_range×rho,1인,,,niihau_2_459_5189_19805.jpg
2_459_5189_19805_2206,S204,glass,Glass,21.83554626596977,-160.1786036901556,378197.50785147154,2415090.4221146055,3.0,1,0.09071306290628071,0.317402343750027,0.0,0.0063499144034396505,False,False,3.8099486420637905,2.7213918871884215,5.442783774376843,2d:area×thick_range×rho,1인,,,niihau_2_459_5189_19805.jpg
2_459_5189_19805_2207,S204,pet_bottle,PET_Bottle,21.835542778359542,-160.1785843007955,378199.50889139104,2415090.020698493,3.0,1,0.13356854346247804,0.4613171386719143,0.0,0.008014112607748682,False,False,0.2644657160557065,0.22038809671308876,0.4407761934261775,2d:area×thick_range×rho,1인,,,niihau_2_459_5189_19805.jpg
2_459_5189_19805_2208,S204,plastic_buoy,Plastic_Buoy_China,21.835557157224162,-160.17858619761833,378199.3250247665,2415091.613950841,3.0,1,0.13963384665551182,0.38192749023440753,0.0,0.041890153996653544,False,False,2.5134092397992127,1.2567046198996064,3.3512123197322836,2d:area×thick_range×rho,1인,,,niihau_2_459_5189_19805.jpg
2_459_5961_20188_2211,S204,pet_bottle,PET_Bottle,21.835503540797035,-160.17850782869158,378207.3794576064,2415085.616589748,3.0,1,0.06088308302016103,0.2901403808593997,0.0,0.003652984981209662,False,False,0.12054850437991885,0.1004570869832657,0.2009141739665314,2d:area×thick_range×rho,1인,,,niihau_2_459_5961_20188.jpg
2_459_6743_18618_2213,S205,pet_bottle,PET_Bottle,21.83574945053976,-160.17835169105138,378223.7253899414,2415112.715530197,3.0,1,0.20940643707889905,0.5161273193359814,0.0,0.012564386224733944,False,False,0.41462474541622013,0.3455206211801835,0.691041242360367,2d:area×thick_range×rho,1인,,,niihau_2_459_6743_18618.jpg
2_459_6743_18618_2214,S205,pet_bottle,PET_Bottle,21.835789668299014,-160.17830942990471,378228.1273597096,2415117.134252613,3.0,1,0.46225120358474975,0.8026269531250684,0.0,0.027735072215084984,False,False,0.9152573830978045,0.7627144859148371,1.5254289718296743,2d:area×thick_range×rho,1인,,,niihau_2_459_6743_18618.jpg
2_459_6743_18618_2215,S205,plastic_other,Plastic_ETC,21.83573992318491,-160.1783328516178,378225.66447458905,2415111.645947416,3.0,1,1.1545304190369428,1.1222839355469707,0.0,0.034635912571108284,False,False,2.770873005688663,1.8472486704591085,9.236243352295542,2d:area×thick_range×rho,1인,,,niihau_2_459_6743_18618.jpg
2_459_6743_18618_2216,S205,plastic_other,Plastic_ETC,21.835744943403125,-160.17829369888685,378229.7153648697,2415112.1707314868,3.0,1,0.18861271597448223,0.4438073730469128,0.0,0.005658381479234467,False,False,0.4526705183387574,0.3017803455591716,1.508901727795858,2d:area×thick_range×rho,1인,,,niihau_2_459_6743_18618.jpg
2_459_6743_18618_2217,S205,plastic_other,Plastic_ETC,21.83576461591084,-160.1783134069796,378227.69509153895,2415114.3640773655,3.0,1,0.23993286840621744,0.5020190429687927,0.0,0.007197986052186523,False,False,0.5758388841749219,0.3838925894499479,1.9194629472497395,2d:area×thick_range×rho,1인,,,niihau_2_459_6743_18618.jpg
2_459_6743_18618_2218,S205,plastic_buoy,Plastic_Buoy_China,21.83575335941537,-160.1783256270996,378226.42254545155,2415113.1276366273,3.0,1,0.12050352242591049,0.3473364257812796,0.0,0.03615105672777315,False,False,2.1690634036663887,1.0845317018331944,2.892084538221852,2d:area×thick_range×rho,1인,,,niihau_2_459_6743_18618.jpg
2_459_6837_18263_2223,S205,pet_bottle,PET_Bottle,21.83578980514392,-160.17830929415703,378228.1415058308,2415117.1492941203,3.0,1,0.413697856843542,0.7496887207031888,0.0,0.02482187141061252,False,False,0.8191217565502131,0.6826014637918444,1.3652029275836888,2d:area×thick_range×rho,1인,,,niihau_2_459_6837_18263.jpg
2_459_6837_18263_2224,S206,plastic_other,Plastic_ETC,21.835828935236137,-160.17829420079764,378229.73462145106,2415121.469093166,3.0,1,0.24021577903036395,0.5072216796875432,0.0,0.007206473370910918,False,False,0.5765178696728734,0.38434524644858237,1.9217262322429118,2d:area×thick_range×rho,1인,,,niihau_2_459_6837_18263.jpg
2_459_6837_18263_2225,S206,pet_bottle,PET_Bottle,21.835856886096813,-160.17824715716165,378234.62049361924,2415124.5260800133,3.0,1,0.17539131664040694,0.41914306640628574,0.0,0.010523478998424415,False,False,0.3472748069480057,0.2893956724566714,0.5787913449133428,2d:area×thick_range×rho,1인,,,niihau_2_459_6837_18263.jpg
2_459_6837_18263_2226,S205,pet_bottle,PET_Bottle,21.83584961995943,-160.17835307948383,378223.666724789,2415123.8054651967,3.0,1,0.7047899154755556,0.8406225585938216,0.0,0.04228739492853333,False,False,1.3954840326416,1.1629033605346668,2.3258067210693336,2d:area×thick_range×rho,1인,,,niihau_2_459_6837_18263.jpg
2_459_7443_17848_2230,S206,plastic_other,Plastic_ETC,21.835863864604683,-160.1781973420759,378239.7750475038,2415125.259220462,3.0,1,0.2588026276439869,0.5594964599609852,0.0,0.0077640788293196076,False,False,0.6211263063455686,0.4140842042303791,2.0704210211518954,2d:area×thick_range×rho,1인,,,niihau_2_459_7443_17848.jpg
2_459_7443_17848_2231,S206,plastic_other,Plastic_ETC,21.835889378738006,-160.17818144232209,378241.43997405336,2415128.071085173,3.0,1,0.23289514913562928,0.49074951171879183,0.0,0.006986854474068879,False,False,0.5589483579255103,0.3726322386170069,1.8631611930850345,2d:area×thick_range×rho,1인,,,niihau_2_459_7443_17848.jpg
2_459_7443_17848_2232,S206,pet_bottle,PET_Bottle,21.835897917813394,-160.17815425811338,378244.2568314399,2415128.994875689,3.0,1,0.3499714658260942,0.7652099609375652,0.0,0.02099828794956565,False,False,0.6929435023356664,0.5774529186130554,1.1549058372261107,2d:area×thick_range×rho,1인,,,niihau_2_459_7443_17848.jpg
2_459_7443_17848_2233,S206,plastic_buoy,Plastic_Buoy,21.835918887670644,-160.17814282335476,378245.4564288985,2415131.307215741,3.0,1,0.26738361129467275,0.5187414550781692,0.0,0.08021508338840182,False,False,4.812905003304109,2.4064525016520544,6.4172066710721465,2d:area×thick_range×rho,1인,,,niihau_2_459_7443_17848.jpg
2_459_7443_17848_2234,S206,pet_bottle,PET_Bottle,21.835847743157036,-160.17817387823536,378242.18650378997,2415123.4560120096,3.0,1,0.07613319532872544,0.45581542968753885,0.0,0.004567991719723526,False,False,0.15074372675087636,0.125619772292397,0.251239544584794,2d:area×thick_range×rho,1인,,,niihau_2_459_7443_17848.jpg
2_459_7443_17848_2235,S206,net,Net,21.835859682346253,-160.17823223308065,378236.1653418532,2415124.823827282,3.0,1,0.24029661968894672,0.5135046768188914,0.0,0.028835594362673606,False,False,4.325339154401041,1.8022246476671004,10.813347886002601,2d:area×thick_range×rho,1인,절단기,,niihau_2_459_7443_17848.jpg
2_459_7443_17848_2236,S206,eps_fragment,Styrofoam_Piece,21.835904889772213,-160.17817937104468,378241.6671860256,2415129.7865317655,3.0,1,0.5355446940422971,0.7693139648438155,0.0,0.016066340821268912,False,False,0.32132681642537825,0.21421787761691885,1.0710893880845942,2d:area×thick_range×rho,1인,,,niihau_2_459_7443_17848.jpg
2_459_7791_18162_2241,S206,pet_bottle,PET_Bottle,21.83587753237333,-160.17817113729214,378242.4950199056,2415126.7515355926,3.0,1,0.14479294987435126,0.4737336730957435,0.0,0.008687576992461076,False,False,0.2866900407512155,0.23890836729267959,0.47781673458535917,2d:area×thick_range×rho,1인,,,niihau_2_459_7791_18162.jpg
2_459_7791_18162_2242,S206,plastic_other,Plastic_ETC,21.835876342394368,-160.1780942464476,378250.441073688,2415126.559015109,3.0,1,0.2182884526491537,0.5146679687500438,0.0,0.00654865357947461,False,False,0.5238922863579688,0.3492615242386459,1.7463076211932296,2d:area×thick_range×rho,1인,,,niihau_2_459_7791_18162.jpg
2_459_7791_18162_2243,S206,pet_bottle,PET_Bottle,21.835840221912747,-160.17812903234469,378246.8151877896,2415122.5879490576,3.0,1,0.33513136634236323,0.5953033447266132,0.0,0.020107881980541795,False,False,0.6635601053578792,0.5529667544648993,1.1059335089297986,2d:area×thick_range×rho,1인,,,niihau_2_459_7791_18162.jpg
2_459_7791_18162_2244,S206,pet_bottle,PET_Bottle,21.835893421389134,-160.178095137924,378250.36339666526,2415128.4503785307,3.0,1,0.25475772058409324,0.6328693389893117,0.0,0.015285463235045593,False,False,0.5044202867565046,0.4203502389637539,0.8407004779275078,2d:area×thick_range×rho,1인,,,niihau_2_459_7791_18162.jpg
2_459_7791_18162_2245,S206,pet_bottle,PET_Bottle,21.835846588814608,-160.17817252692683,378242.32519095636,2415123.3271569978,3.0,1,0.05600045286119938,0.39910888671878403,0.0,0.003360027171671963,False,False,0.11088089666517478,0.09240074722097898,0.18480149444195795,2d:area×thick_range×rho,1인,,,niihau_2_459_7791_18162.jpg
2_459_9731_15808_2250,S197,plastic_other,Plastic_ETC,21.836238343167107,-160.17770318023827,378291.1661849789,2415166.3236826076,3.0,1,6.074091618968091,3.0968969726565136,0.0,0.18222274856904272,False,False,14.577819885523418,9.718546590348947,48.592732951744736,2d:area×thick_range×rho,2인,,,niihau_2_459_9731_15808.jpg
2_510_7419_12308_2252,S207,plastic_other,Plastic_ETC,21.843493291276662,-160.17386138307214,378694.3563887755,2415966.4205927746,3.0,1,0.49698585161067355,0.7096308135986581,0.0,0.014909575548320207,False,False,1.1927660438656165,0.7951773625770776,3.9758868128853884,2d:area×thick_range×rho,1인,,,niihau_2_510_7419_12308.jpg
2_510_7419_12308_2253,S208,glass,Glass,21.843537199615433,-160.17377791037174,378703.0203069545,2415971.215511577,3.0,1,0.13689924651385327,0.4926977539062675,0.0,0.00958294725596973,False,False,5.749768353581838,4.106977395415598,8.213954790831195,2d:area×thick_range×rho,1인,,,niihau_2_510_7419_12308.jpg
2_510_7419_12308_2254,S207,plastic_buoy,Plastic_Buoy_China,21.843503408095632,-160.17385477941187,378695.0474122353,2415967.5353293805,3.0,1,0.09337627303899,0.31310668945313613,0.0,0.028012881911697,False,False,1.68077291470182,0.84038645735091,2.24103055293576,2d:area×thick_range×rho,1인,,,niihau_2_510_7419_12308.jpg
2_510_7419_12308_2255,S207,glass,Glass,21.843522700427688,-160.17384149890228,378696.4362284925,2415969.6605417,3.0,1,0.02833523285836183,0.18748413085938168,0.0,0.0019834663000853282,False,False,1.1900797800511969,0.850056985750855,1.70011397150171,2d:area×thick_range×rho,1인,,,niihau_2_510_7419_12308.jpg
2_510_7419_12308_2256,S208,pet_bottle,PET_Bottle,21.843538813965374,-160.17379417677373,378701.3405451884,2415971.407037501,3.0,1,0.3088556438729387,0.5721838378906453,0.0,0.01853133863237632,False,False,0.6115341748684185,0.5096118123903488,1.0192236247806976,2d:area×thick_range×rho,1인,,,niihau_2_510_7419_12308.jpg
2_510_7419_12308_2257,S207,plastic_buoy,Plastic_Buoy_China,21.843518610867232,-160.1738487194492,378695.68653714773,2415969.2135133897,3.0,1,0.10327756803632518,0.33904785156251205,0.0,0.030983270410897552,False,False,1.8589962246538532,0.9294981123269266,2.4786616328718045,2d:area×thick_range×rho,1인,,,niihau_2_510_7419_12308.jpg
2_510_7419_12308_2258,S208,pet_bottle,PET_Bottle,21.843488158223835,-160.17379351264202,378701.36643265304,2415965.7988836453,3.0,1,0.1370834369361498,0.5432250976562694,0.0,0.008225006216168987,False,False,0.2714252051335766,0.22618767094464717,0.45237534188929435,2d:area×thick_range×rho,1인,,,niihau_2_510_7419_12308.jpg
2_510_7698_13491_2267,S208,plastic_other,Plastic_ETC,21.84328206052323,-160.1737643259435,378704.2089358239,2415942.9607102685,3.0,1,0.361521530973937,0.6027001953125214,0.0,0.01084564592921811,False,False,0.8676516743374487,0.5784344495582993,2.892172247791496,2d:area×thick_range×rho,1인,,,niihau_2_510_7698_13491.jpg
2_510_7698_13491_2268,S208,plastic_buoy,Plastic_Buoy_China,21.84331976756854,-160.17371715434697,378709.11592433346,2415947.097745601,3.0,1,0.18125454915763237,0.4410180664062657,0.0,0.054376364747289706,False,False,3.2625818848373824,1.6312909424186912,4.3501091797831775,2d:area×thick_range×rho,1인,,,niihau_2_510_7698_13491.jpg
2_510_7698_13491_2269,S208,plastic_buoy,Plastic_Buoy_China,21.843361135473348,-160.17370100317657,378710.82005072385,2415951.664480744,3.0,1,0.17650014996529884,0.42482421875001514,0.0,0.05295004498958965,False,False,3.177002699375379,1.5885013496876894,4.236003599167172,2d:area×thick_range×rho,1인,,,niihau_2_510_7698_13491.jpg
2_510_7698_13491_2270,S208,plastic_other,Plastic_ETC,21.843379986672318,-160.17371749464058,378709.1315725232,2415953.7643157803,3.0,1,4.124879697509776,3.436770019531372,0.0,0.12374639092529328,False,False,9.899711274023463,6.599807516015642,32.99903758007821,2d:area×thick_range×rho,2인,,,niihau_2_510_7698_13491.jpg
2_510_7698_13491_2271,S208,plastic_buoy,Plastic_Buoy_China,21.843291634423363,-160.17372627990073,378708.1490606959,2415943.9905738104,3.0,1,0.1068801597595291,0.3432177734375122,0.0,0.032064047927858726,False,False,1.9238428756715236,0.9619214378357618,2.5651238342286984,2d:area×thick_range×rho,1인,,,niihau_2_510_7698_13491.jpg
2_510_7698_13491_2272,S208,plastic_other,Plastic_ETC,21.843331208198784,-160.1737059763592,378710.2808196364,2415948.355425969,3.0,1,0.20805224257709076,0.47803955078126703,0.0,0.006241567277312722,False,False,0.49932538218501776,0.33288358812334523,1.664417940616726,2d:area×thick_range×rho,1인,,,niihau_2_510_7698_13491.jpg
2_510_7698_13491_2273,S208,plastic_other,Plastic_ETC,21.843304513664666,-160.17375973828567,378704.7020169984,2415945.4426762164,3.0,1,0.29276101069452465,0.56352050781252,0.0,0.008782830320835738,False,False,0.7026264256668591,0.46841761711123947,2.342088085556197,2d:area×thick_range×rho,1인,,,niihau_2_510_7698_13491.jpg
2_510_7698_13491_2274,S208,plastic_other,Plastic_ETC,21.843383300030407,-160.17370904774123,378710.0073521558,2415954.1244523604,3.0,1,3.93073882785989,2.8555920410157265,0.0,0.11792216483579669,False,False,9.433773186863736,6.289182124575824,31.44591062287912,2d:area×thick_range×rho,2인,,,niihau_2_510_7698_13491.jpg
2_510_7698_13491_2275,S208,net,Net,21.8432897252791,-160.17371842856878,378708.95888206264,2415943.77304446,3.0,1,0.22625952396394433,0.5070019531250181,0.0,0.027151142875673318,False,False,4.072671431350997,1.6969464297295827,10.181678578377493,2d:area×thick_range×rho,1인,절단기,,niihau_2_510_7698_13491.jpg
2_510_7698_13491_2276,S208,plastic_other,Plastic_ETC,21.843371329731447,-160.17371949989064,378708.91702535166,2415952.8075654367,3.0,1,0.21099155282975746,0.4848638916015798,0.0,0.0063297465848927235,False,False,0.5063797267914179,0.3375864845276119,1.6879324226380599,2d:area×thick_range×rho,1인,,,niihau_2_510_7698_13491.jpg
2_510_7698_13491_2277,S208,pet_bottle,PET_Bottle,21.84333167839658,-160.17375746138737,378704.96025802335,2415948.4480395094,3.0,1,0.1280426143169494,0.42298095703126504,0.0,0.0076825568590169644,False,False,0.2535243763475598,0.21127031362296653,0.42254062724593305,2d:area×thick_range×rho,1인,,,niihau_2_510_7698_13491.jpg
2_510_7720_11277_2284,S209,pet_bottle,PET_Bottle,21.84373089220676,-160.1737574597586,378705.29732714087,2415992.641321942,3.0,1,0.2834448337733947,0.6093188476562716,0.0,0.01700669002640368,False,False,0.5612207708713214,0.4676839757261012,0.9353679514522024,2d:area×thick_range×rho,1인,,,niihau_2_510_7720_11277.jpg
2_510_8017_13780_2286,S208,pet_bottle,PET_Bottle,21.843335479317872,-160.1737000794259,378710.89386971766,2415948.8235964417,3.0,1,0.14459068054539248,0.4128656768798975,0.0,0.008675440832723548,False,False,0.28628954747987706,0.2385746228998976,0.4771492457997952,2d:area×thick_range×rho,1인,,,niihau_2_510_8017_13780.jpg
2_510_8017_13780_2287,S208,pet_bottle,PET_Bottle,21.843233347777325,-160.1737448176022,378706.1840080363,2415937.5528012165,3.0,1,0.23865609859676865,0.5659194946289264,0.0,0.014319365915806119,False,False,0.47253907522160193,0.3937825626846683,0.7875651253693366,2d:area×thick_range×rho,1인,,,niihau_2_510_8017_13780.jpg
2_510_8017_13780_2288,S208,plastic_buoy,Plastic_Buoy_China,21.843291701871816,-160.1737263625879,378708.1405719238,2415943.998105551,3.0,1,0.10371398892403387,0.3539868164062626,0.0,0.03111419667721016,False,False,1.8668518006326096,0.9334259003163048,2.489135734176813,2d:area×thick_range×rho,1인,,,niihau_2_510_8017_13780.jpg
2_510_8017_13780_2289,S208,plastic_other,Plastic_ETC,21.843246273656042,-160.17373871987024,378706.82511475874,2415938.9789020345,3.0,1,0.5947430964135058,0.8480114746094052,0.0,0.017842292892405173,False,False,1.4273834313924139,0.9515889542616092,4.757944771308046,2d:area×thick_range×rho,1인,,,niihau_2_510_8017_13780.jpg
2_510_8017_13780_2290,S208,plastic_buoy,Plastic_Buoy_China,21.843319763306493,-160.17371714777454,378709.1165999946,2415947.0972686107,3.0,1,0.18151460311786632,0.44188049316407824,0.0,0.0544543809353599,False,False,3.2672628561215937,1.6336314280607969,4.356350474828792,2d:area×thick_range×rho,1인,,,niihau_2_510_8017_13780.jpg
2_510_8017_13780_2291,S208,pet_bottle,PET_Bottle,21.84328349692119,-160.17372869083036,378707.89302486816,2415943.0916453637,3.0,1,0.33949630860688723,0.6077111816406466,0.0,0.020369778516413233,False,False,0.6722026910416367,0.560168909201364,1.120337818402728,2d:area×thick_range×rho,1인,,,niihau_2_510_8017_13780.jpg
2_510_8017_13780_2292,S208,plastic_other,Plastic_ETC,21.84333114624221,-160.17370601011226,378710.2772789868,2415948.348593919,3.0,1,0.21486960790494125,0.48869659423829864,0.0,0.006446088237148238,False,False,0.515687058971859,0.34379137264790605,1.7189568632395302,2d:area×thick_range×rho,1인,,,niihau_2_510_8017_13780.jpg
2_510_8017_13780_2293,S208,pet_bottle,PET_Bottle,21.843274242046544,-160.17373361198528,378707.3766151342,2415942.0710005797,3.0,1,0.34239318889083914,0.8082403564453413,0.0,0.020543591333450347,False,False,0.6779385140038614,0.5649487616698846,1.1298975233397692,2d:area×thick_range×rho,1인,,,niihau_2_510_8017_13780.jpg
2_510_8017_13780_2294,S208,pet_bottle,PET_Bottle,21.84329957413797,-160.17370654167217,378710.1956998409,2415944.853955985,3.0,1,0.7098848606087773,0.982980957031285,0.0,0.04259309163652664,False,False,1.405572024005379,1.1713100200044826,2.342620040008965,2d:area×thick_range×rho,1인,,,niihau_2_510_8017_13780.jpg
2_510_8017_13780_2295,S208,eps_fragment,Styrofoam_Piece,21.84331856902757,-160.1737399433962,378706.7596729912,2415946.98302038,3.0,1,0.15243502155468952,0.4095516967773583,0.0,0.004573050646640686,False,False,0.09146101293281372,0.06097400862187581,0.30487004310937904,2d:area×thick_range×rho,1인,,,niihau_2_510_8017_13780.jpg
2_510_8019_17907_2299,S210,pet_bottle,PET_Bottle,21.842514048885665,-160.17365813903675,378714.535256231,2415857.8575672517,3.0,1,0.4564353420138684,0.7129028320312754,0.0,0.027386120520832103,False,False,0.9037419771874594,0.7531183143228828,1.5062366286457656,2d:area×thick_range×rho,1인,,,niihau_2_510_8019_17907.jpg
2_510_8019_17907_2300,S210,pet_bottle,PET_Bottle,21.842511898049505,-160.17362767942205,378717.6814490238,2415857.595473076,3.0,1,0.14557054595948302,0.42357421875001505,0.0,0.008734232757568981,False,False,0.28822968099977636,0.240191400833147,0.480382801666294,2d:area×thick_range×rho,1인,,,niihau_2_510_8019_17907.jpg
2_510_8033_13446_2305,S208,pet_bottle,PET_Bottle,21.84328405805666,-160.17372855267672,378707.90777653264,2415943.153654658,3.0,1,0.30485303922148727,0.6428929138183822,0.0,0.018291182353289234,False,False,0.6036090176585447,0.503007514715454,1.006015029430908,2d:area×thick_range×rho,1인,,,niihau_2_510_8033_13446.jpg
2_510_8033_13446_2306,S208,plastic_buoy,Plastic_Buoy_China,21.84331974430384,-160.17371713929236,378709.1174605892,2415947.09515832,3.0,1,0.17813218407185152,0.43921630859376565,0.0,0.05343965522155546,False,False,3.2063793132933274,1.6031896566466637,4.275172417724437,2d:area×thick_range×rho,1인,,,niihau_2_510_8033_13446.jpg
2_510_8033_13446_2307,S208,plastic_other,Plastic_ETC,21.84337746829603,-160.17365315308766,378715.77912054444,2415953.434840228,3.0,1,0.2543778554313066,0.5248153686523624,0.0,0.007631335662939197,False,False,0.6105068530351357,0.40700456869009055,2.0350228434504527,2d:area×thick_range×rho,1인,,,niihau_2_510_8033_13446.jpg
2_510_8033_13446_2308,S208,plastic_buoy,Plastic_Buoy_China,21.84336113954293,-160.1737010619715,378710.81397772377,2415951.6649775705,3.0,1,0.16106632237286522,0.4023931884765768,0.0,0.048319896711859565,False,False,2.899193802711574,1.449596901355787,3.8655917369487653,2d:area×thick_range×rho,1인,,,niihau_2_510_8033_13446.jpg
2_510_8033_13446_2309,S208,plastic_other,Plastic_ETC,21.843366190375246,-160.1736839580326,378712.58592518297,2415952.2106338353,3.0,1,0.23936975342633043,0.5444677734375194,0.0,0.007181092602789913,False,False,0.574487408223193,0.3829916054821287,1.9149580274106437,2d:area×thick_range×rho,1인,,,niihau_2_510_8033_13446.jpg
2_510_8033_13446_2310,S208,plastic_other,Plastic_ETC,21.84338105586329,-160.17371558355757,378709.3299844321,2415953.8811704386,3.0,1,4.971337443736549,3.5284899902345006,0.0,0.14914012331209647,False,False,11.931209864967718,7.954139909978478,39.77069954989239,2d:area×thick_range×rho,2인,,,niihau_2_510_8033_13446.jpg
2_510_8033_13446_2311,S208,plastic_other,Plastic_ETC,21.843351029874448,-160.17368554173802,378712.4094566341,2415950.5336021706,3.0,1,0.44002398167553697,0.6805834960937742,0.0,0.013200719450266109,False,False,1.0560575560212886,0.7040383706808593,3.5201918534042957,2d:area×thick_range×rho,1인,,,niihau_2_510_8033_13446.jpg
2_510_8033_13446_2312,S208,plastic_other,Plastic_ETC,21.843384259402008,-160.17370343020156,378710.5887321479,2415954.2262298814,3.0,1,5.925329082784944,3.704587707519663,0.0,0.1777598724835483,False,False,14.220789798683864,9.480526532455912,47.40263266227955,2d:area×thick_range×rho,2인,,,niihau_2_510_8033_13446.jpg
2_510_8033_13446_2313,S208,plastic_other,Plastic_ETC,21.843371166833943,-160.1737195886461,378708.9077150446,2415952.7896024804,3.0,1,0.2142374722346816,0.47729125976564196,0.0,0.006427124167040448,False,False,0.5141699333632358,0.34277995557549057,1.7138997778774527,2d:area×thick_range×rho,1인,,,niihau_2_510_8033_13446.jpg
2_510_8033_13446_2314,S208,plastic_buoy,Plastic_Buoy,21.843331188965763,-160.1737059866877,378710.27973595896,2415948.3533049957,3.0,1,0.1987495306484543,0.45587524414064123,0.0,0.059624859194536285,False,False,3.577491551672177,1.7887457758360885,4.769988735562904,2d:area×thick_range×rho,1인,,,niihau_2_510_8033_13446.jpg
2_510_8104_11262_2319,S209,plastic_buoy,Plastic_Buoy_China,21.843744337961475,-160.17363413714872,378718.05398311396,2415994.0326199103,3.0,1,0.09222695081234634,0.3119238281250111,0.0,0.027668085243703903,False,False,1.6600851146222342,0.8300425573111171,2.2134468194963124,2d:area×thick_range×rho,1인,,,niihau_2_510_8104_11262.jpg
2_510_8104_11262_2320,S209,plastic_other,Plastic_ETC,21.843736924749738,-160.17362515450293,378718.9760780635,2415993.204895098,3.0,1,0.23054344568254204,0.49330078125001753,0.0,0.006916303370476261,False,False,0.5533042696381009,0.3688695130920672,1.8443475654603363,2d:area×thick_range×rho,1인,,,niihau_2_510_8104_11262.jpg
2_510_8104_11262_2321,S209,plastic_buoy,Plastic_Buoy_China,21.843715434090115,-160.17363205039732,378718.2452575787,2415990.831294655,3.0,1,0.11449179275036672,0.3397412109375121,0.0,0.03434753782511001,False,False,2.0608522695066007,1.0304261347533004,2.7478030260088016,2d:area×thick_range×rho,1인,,,niihau_2_510_8104_11262.jpg
2_510_8104_11262_2322,S209,pet_bottle,PET_Bottle,21.843687897800045,-160.1736934267984,378711.87880947907,2415987.8313586023,3.0,1,0.31288944010736786,0.5911853027343961,0.0,0.01877336640644207,False,False,0.6195210914125884,0.5162675761771569,1.0325351523543138,2d:area×thick_range×rho,1인,,,niihau_2_510_8104_11262.jpg
2_510_8104_11262_2323,S209,plastic_buoy,Plastic_Buoy_China,21.843736672080087,-160.17365172737843,378716.229575926,2415993.1978583494,3.0,1,0.08761755714417128,0.3059375000000109,0.0,0.026285267143251384,False,False,1.577116028595083,0.7885580142975415,2.102821371460111,2d:area×thick_range×rho,1인,,,niihau_2_510_8104_11262.jpg
2_510_8104_11262_2324,S209,net,Net,21.843736566212534,-160.17366010815292,378715.36333914154,2415993.192741159,3.0,1,0.0806559357941208,0.28854248046876024,0.0,0.009678712295294494,False,False,1.4518068442941743,0.604919518455906,3.6295171107354354,2d:area×thick_range×rho,1인,절단기,,niihau_2_510_8104_11262.jpg
2_510_8104_11262_2325,S209,pet_bottle,PET_Bottle,21.843740351088297,-160.17364391434697,378717.0401519912,2415993.598972341,3.0,1,0.3253473500423365,0.6637683105468987,0.0,0.01952084100254019,False,False,0.6441877530838263,0.5368231275698552,1.0736462551397103,2d:area×thick_range×rho,1인,,,niihau_2_510_8104_11262.jpg
2_510_8104_11262_2326,S209,eps_fragment,Styrofoam_Piece,21.843712599510962,-160.17362669184237,378718.7966688487,2415990.5132831037,3.0,1,0.15442075932027008,0.394616699218764,0.0,0.004632622779608102,False,False,0.09265245559216205,0.061768303728108036,0.30884151864054016,2d:area×thick_range×rho,1인,,,niihau_2_510_8104_11262.jpg
2_510_8117_10903_2333,S209,plastic_buoy,Plastic_Buoy_China,21.843744273658885,-160.17363411909557,378718.0557946354,2415994.025487341,3.0,1,0.10103450419903522,0.3301928710937618,0.0,0.030310351259710565,False,False,1.818621075582634,0.909310537791317,2.4248281007768453,2d:area×thick_range×rho,1인,,,niihau_2_510_8117_10903.jpg
2_510_8117_10903_2334,S209,pet_bottle,PET_Bottle,21.843786593339747,-160.1736865603065,378712.6717430111,2415998.751623148,3.0,1,0.15327122386098999,0.4292260742187653,0.0,0.009196273431659399,False,False,0.30347702324476017,0.2528975193706335,0.505795038741267,2d:area×thick_range×rho,1인,,,niihau_2_510_8117_10903.jpg
2_510_8117_10903_2335,S209,glass,Glass,21.843800681305385,-160.17371905779623,378709.3250389981,2416000.336774903,3.0,1,0.023831609156729487,0.15973632812500568,0.0,0.0016682126409710643,False,False,1.0009275845826386,0.7149482747018847,1.4298965494037694,2d:area×thick_range×rho,1인,,,niihau_2_510_8117_10903.jpg
2_510_8349_17966_2339,S210,pet_bottle,PET_Bottle,21.842514024706098,-160.17365800848657,378714.54872821574,2415857.854787711,3.0,1,0.41888883512097597,0.6954132080078372,0.0,0.02513333010725856,False,False,0.8293998935395325,0.6911665779496105,1.382333155899221,2d:area×thick_range×rho,1인,,,niihau_2_510_8349_17966.jpg
2_510_8349_17966_2340,S210,plastic_other,Plastic_ETC,21.8425238603924,-160.1736239183361,378718.0802516104,2415858.9167508697,3.0,1,0.21474836266042333,0.505537109375018,0.0,0.0064424508798127,False,False,0.515396070385016,0.3435973802566773,1.7179869012833868,2d:area×thick_range×rho,1인,,,niihau_2_510_8349_17966.jpg
2_510_8349_17966_2341,S210,eps_fragment,Styrofoam_Piece,21.842510991304263,-160.17362553654257,378717.9021509821,2415857.493407621,3.0,1,0.47855102932456556,0.7137792968750254,0.0,0.014356530879736967,False,False,0.28713061759473935,0.19142041172982624,0.9571020586491312,2d:area×thick_range×rho,1인,,,niihau_2_510_8349_17966.jpg
2_510_8349_17966_2342,S210,pet_bottle,PET_Bottle,21.84252871577068,-160.17366263449276,378714.08302589314,2415859.484744169,3.0,1,0.4798068576470359,0.7784509277344027,0.0,0.028788411458822154,False,False,0.9500175781411311,0.7916813151176093,1.5833626302352186,2d:area×thick_range×rho,1인,,,niihau_2_510_8349_17966.jpg
2_510_8446_11178_2345,S209,plastic_buoy,Plastic_Buoy_China,21.8437154336172,-160.1736321087183,378718.2392297432,2415990.8312882464,3.0,1,0.11885524507501077,0.3463763427734498,0.0,0.03565657352250323,False,False,2.139394411350194,1.069697205675097,2.8525258818002586,2d:area×thick_range×rho,1인,,,niihau_2_510_8446_11178.jpg
2_510_8446_11178_2346,S209,plastic_other,Plastic_ETC,21.843783329448744,-160.17356879899347,378724.8395377583,2415998.2975367475,3.0,1,0.2562224376484934,0.5687329101562703,0.0,0.007686673129454802,False,False,0.6149338503563841,0.40995590023758943,2.049779501187947,2d:area×thick_range×rho,1인,,,niihau_2_510_8446_11178.jpg
2_510_8446_11178_2347,S209,plastic_buoy,Plastic_Buoy_China,21.843744296789932,-160.17363404833907,378718.0631267909,2415994.027992225,3.0,1,0.1017280881479455,0.32674560546876164,0.0,0.03051842644438365,False,False,1.831105586663019,0.9155527933315095,2.441474115550692,2d:area×thick_range×rho,1인,,,niihau_2_510_8446_11178.jpg
2_510_8446_11178_2348,S209,pet_bottle,PET_Bottle,21.843769655607215,-160.17356108011867,378725.6257403456,2415996.777751216,3.0,1,0.428571276068718,0.7355273437500262,0.0,0.02571427656412308,False,False,0.8485711266160616,0.7071426055133847,1.4142852110267694,2d:area×thick_range×rho,1인,,,niihau_2_510_8446_11178.jpg
2_510_8446_11178_2349,S209,plastic_other,Plastic_ETC,21.843736886058153,-160.17362524172148,378718.9670314363,2415993.200680619,3.0,1,0.21650769261719335,0.4796215820312671,0.0,0.006495230778515801,False,False,0.5196184622812641,0.34641230818750934,1.732061540937547,2d:area×thick_range×rho,1인,,,niihau_2_510_8446_11178.jpg
2_510_8446_11178_2350,S209,plastic_other,Plastic_ETC,21.843740677452406,-160.17364380328237,378717.0519058398,2415993.635013609,3.0,1,0.27933777534367643,0.5921533203125211,0.0,0.008380133260310292,False,False,0.6704106608248234,0.4469404405498823,2.2347022027494114,2d:area×thick_range×rho,1인,,,niihau_2_510_8446_11178.jpg
2_510_8446_11178_2351,S209,net,Net,21.843711741175984,-160.17359798947126,378721.76231594005,2415990.3956536828,3.0,1,0.11258788211346475,0.3481713867187624,0.0,0.013510545853615769,False,False,2.0265818780423652,0.8444091158509857,5.0664546951059135,2d:area×thick_range×rho,1인,절단기,,niihau_2_510_8446_11178.jpg
2_510_8446_11178_2352,S209,plastic_buoy,Plastic_Buoy_China,21.843736676180384,-160.173651745445,378716.22771221824,2415993.198326489,3.0,1,0.08883263775855935,0.2985083007812606,0.0,0.026649791327567802,False,False,1.5989874796540682,0.7994937398270341,2.1319833062054245,2d:area×thick_range×rho,1인,,,niihau_2_510_8446_11178.jpg
2_510_8446_11178_2353,S209,plastic_buoy,Plastic_Buoy_China,21.84373734060595,-160.1736334051911,378718.1237258679,2415993.2574305097,3.0,1,0.26516235933901766,0.5404589843750193,0.0,0.0795487078017053,False,False,4.772922468102318,2.386461234051159,6.363896624136424,2d:area×thick_range×rho,1인,,,niihau_2_510_8446_11178.jpg
2_510_8446_11178_2354,S209,eps_fragment,Styrofoam_Piece,21.84375030399664,-160.17361553459443,378719.98157880286,2415994.6784098675,3.0,1,0.26312231869699443,0.5386132812500192,0.0,0.007893669560909833,False,False,0.15787339121819666,0.10524892747879779,0.5262446373939889,2d:area×thick_range×rho,1인,,,niihau_2_510_8446_11178.jpg
2_510_8446_11178_2355,S209,eps_fragment,Styrofoam_Piece,21.84372756903638,-160.17359961911077,378721.60724936833,2415992.149094058,3.0,1,0.21746794939042685,0.4800585937500171,0.0,0.006524038481712805,False,False,0.13048076963425612,0.08698717975617075,0.43493589878085376,2d:area×thick_range×rho,1인,,,niihau_2_510_8446_11178.jpg
2_510_8456_12609_2358,S208,plastic_other,Plastic_ETC,21.84351464616742,-160.17364460461783,378716.77835569874,2415968.613803798,3.0,1,0.9218901456490814,0.9791638183594098,0.0,0.027656704369472443,False,False,2.212536349557795,1.4750242330385306,7.375121165192652,2d:area×thick_range×rho,1인,,,niihau_2_510_8456_12609.jpg
2_510_8456_12609_2359,S208,plastic_other,Plastic_ETC,21.843436495356375,-160.1736694373658,378714.14595661545,2415959.982010885,3.0,1,0.31176250313653037,0.6274342155456766,0.0,0.00935287509409591,False,False,0.7482300075276728,0.4988200050184486,2.494100025092243,2d:area×thick_range×rho,1인,,,niihau_2_510_8456_12609.jpg
2_510_8456_12609_2360,S208,plastic_other,Plastic_ETC,21.843520318949327,-160.17363074367307,378718.21566409396,2415969.2308657197,3.0,1,0.24115967404695082,0.49865844726564273,0.0,0.007234790221408525,False,False,0.5787832177126819,0.38585547847512136,1.9292773923756068,2d:area×thick_range×rho,1인,,,niihau_2_510_8456_12609.jpg
2_510_8456_12609_2361,S208,pet_bottle,PET_Bottle,21.84351910094806,-160.17366550205944,378714.62237486267,2415969.1234145164,3.0,1,0.1102642313998271,0.33656173706055886,0.0,0.006615853883989626,False,False,0.21832317817165767,0.18193598180971474,0.3638719636194295,2d:area×thick_range×rho,1인,,,niihau_2_510_8456_12609.jpg
2_510_9063_11305_2365,S209,plastic_other,Plastic_ETC,21.84369594855762,-160.1735196548813,378729.8448197631,2415988.5856910865,3.0,1,0.42869283342960546,0.7178735351562755,0.0,0.012860785002888163,False,False,1.0288628002310531,0.6859085334873688,3.429542667436844,2d:area×thick_range×rho,1인,,,niihau_2_510_9063_11305.jpg
2_510_9063_11305_2366,S209,pet_bottle,PET_Bottle,21.843746460875735,-160.17354513766463,378727.2538109731,2415994.1975177294,3.0,1,0.26395463819002746,0.5739157104492392,0.0,0.015837278291401646,False,False,0.5226301836162544,0.43552515301354533,0.8710503060270907,2d:area×thick_range×rho,1인,,,niihau_2_510_9063_11305.jpg
2_510_9063_11305_2367,S209,eps_fragment,Styrofoam_Piece,21.84368220971166,-160.17350548268485,378731.29791521607,2415987.053626501,3.0,1,0.18040689930321072,0.44381713867189077,0.0,0.0054122069790963215,False,False,0.10824413958192643,0.07216275972128429,0.36081379860642143,2d:area×thick_range×rho,1인,,,niihau_2_510_9063_11305.jpg
2_510_9291_10913_2378,S209,net,Net,21.843762871591068,-160.17345239826776,378736.8522103965,2415995.9411458005,3.0,1,0.18702818707229035,0.49406494140626755,0.0,0.02244338244867484,False,False,3.3665073673012262,1.4027114030421777,8.416268418253066,2d:area×thick_range×rho,1인,절단기,,niihau_2_510_9291_10913.jpg
2_510_9291_10913_2379,S211,eps_fragment,Styrofoam_Piece,21.84380815474721,-160.1734469570741,378737.4527592403,2416000.9497407917,3.0,1,0.18429243947566865,0.45931396484376635,0.0,0.005528773184270059,False,False,0.11057546368540118,0.07371697579026745,0.36858487895133735,2d:area×thick_range×rho,1인,,,niihau_2_510_9291_10913.jpg
2_510_9291_10913_2380,S211,plastic_other,Plastic_ETC,21.843844946099402,-160.17344318337953,378737.8738085375,2416005.019599894,3.0,1,0.4335527159393142,0.6628637695312736,0.0,0.013006581478179426,False,False,1.0405265182543542,0.6936843455029028,3.468421727514514,2d:area×thick_range×rho,1인,,,niihau_2_510_9291_10913.jpg
2_510_9291_10913_2381,S211,plastic_buoy,Plastic_Buoy_China,21.84383402062922,-160.1734352660988,378738.68283584,2416003.803905624,3.0,1,0.08088427703828195,0.28886108398438526,0.0,0.024265283111484584,False,False,1.455916986689075,0.7279584933445375,1.941222648918767,2d:area×thick_range×rho,1인,,,niihau_2_510_9291_10913.jpg
2_510_9291_10913_2382,S211,plastic_other,Plastic_ETC,21.843828269050395,-160.17342454429857,378739.7860734158,2416003.1587562338,3.0,1,0.4666592949271534,0.6950122070312748,0.0,0.013999778847814602,False,False,1.1199823078251683,0.7466548718834455,3.7332743594172273,2d:area×thick_range×rho,1인,,,niihau_2_510_9291_10913.jpg
2_510_9355_13527_2386,S212,plastic_other,Plastic_ETC,21.8432714909712,-160.17346450536002,378735.18637326395,2415941.554464235,3.0,1,0.4816537395447836,0.9200219726562827,0.0,0.014449612186343507,False,False,1.1559689749074806,0.7706459832716538,3.853229916358269,2d:area×thick_range×rho,1인,,,niihau_2_510_9355_13527.jpg
2_510_9460_11251_2387,S209,pet_bottle,PET_Bottle,21.84368456371509,-160.17347877908898,378734.059701061,2415987.2931822287,3.0,1,0.12411687174477566,0.3690940093994272,0.0,0.007447012304686539,False,False,0.24575140605465579,0.20479283837887985,0.4095856767577597,2d:area×thick_range×rho,1인,,,niihau_2_510_9460_11251.jpg
2_510_9460_11251_2388,S211,plastic_buoy,Plastic_Buoy_China,21.84370187521059,-160.1734198175996,378740.16793876176,2415989.1631363127,3.0,1,0.1722879746675614,0.45979980468751636,0.0,0.05168639240026842,False,False,3.1011835440161053,1.5505917720080526,4.134911392021474,2d:area×thick_range×rho,1인,,,niihau_2_510_9460_11251.jpg
2_510_9460_11251_2389,S209,net,Net,21.843729306906837,-160.173445319583,378737.55546924286,2415992.2199333305,3.0,1,0.08534608024061333,0.2983532714843856,0.0,0.010241529628873598,False,False,1.5362294443310398,0.6400956018046,3.840573610827599,2d:area×thick_range×rho,1인,절단기,,niihau_2_510_9460_11251.jpg
2_510_9460_11251_2390,S209,net,Net,21.843762763339758,-160.17345233067306,378736.8591049304,2415995.9291090537,3.0,1,0.18829284726755172,0.48975402832032994,0.0,0.022595141672106207,False,False,3.389271250815931,1.4121963545066378,8.473178127039827,2d:area×thick_range×rho,1인,절단기,,niihau_2_510_9460_11251.jpg
2_510_9460_11251_2391,S211,plastic_buoy,Plastic_Buoy_China,21.84376141660728,-160.17342475519624,378739.7078751613,2415995.7583045717,3.0,1,0.14242578302920877,0.38705688476563876,0.0,0.04272773490876263,False,False,2.563664094525758,1.281832047262879,3.4182187927010106,2d:area×thick_range×rho,1인,,,niihau_2_510_9460_11251.jpg
2_510_9466_10599_2395,S211,plastic_other,Plastic_ETC,21.843844750985735,-160.17344320405127,378737.87150751124,2416004.99801694,3.0,1,0.4367359598160101,0.674160156250024,0.0,0.013102078794480302,False,False,1.048166303558424,0.6987775357056161,3.493887678528081,2d:area×thick_range×rho,1인,,,niihau_2_510_9466_10599.jpg
2_510_9466_10599_2396,S213,plastic_buoy,Plastic_Buoy,21.843912429353384,-160.17342691723002,378739.61183752015,2416012.4772367827,3.0,1,0.1443621379137142,0.41132812500001464,0.0,0.043308641374114255,False,False,2.5985184824468552,1.2992592412234276,3.4646913099291408,2d:area×thick_range×rho,1인,,,niihau_2_510_9466_10599.jpg
2_510_9466_10599_2397,S211,plastic_buoy,Plastic_Buoy_China,21.84383399587123,-160.17343525053005,378738.68442396953,2416003.801152632,3.0,1,0.08011155835688684,0.28780029296876025,0.0,0.02403346750706605,False,False,1.4420080504239632,0.7210040252119816,1.9226774005652842,2d:area×thick_range×rho,1인,,,niihau_2_510_9466_10599.jpg
2_510_9466_10599_2398,S211,plastic_other,Plastic_ETC,21.843828220786477,-160.17342459833168,378739.7804484134,2416003.15345594,3.0,1,0.45545057613852885,0.6889501953125245,0.0,0.013663517284155866,False,False,1.0930813827324692,0.7287209218216462,3.643604609108231,2d:area×thick_range×rho,1인,,,niihau_2_510_9466_10599.jpg
2_511_-214_21453_2401,S211,plastic_other,Plastic_ETC,21.84368633201835,-160.17339673577447,378742.5403172788,2415987.4243126432,3.0,1,0.2598050123333968,0.5688208007812541,0.0,0.007794150370001904,False,False,0.6235320296001523,0.41568801973343494,2.0784400986671745,2d:area×thick_range×rho,1인,,,niihau_2_511_-214_21453.jpg
2_511_-214_21453_2402,S211,net,Net,21.843735117220263,-160.17339549960954,378742.70923210663,2415992.823898942,3.0,1,0.1881637663543251,0.45582275390625326,0.0,0.02257965196251901,False,False,3.3869477943778517,1.4112282476574383,8.46736948594463,2d:area×thick_range×rho,1인,절단기,,niihau_2_511_-214_21453.jpg
2_511_-249_20952_2406,S211,plastic_other,Plastic_ETC,21.843858163304773,-160.17340336442732,378742.0002182434,2416006.4513913305,3.0,1,0.5712689524769864,0.848201904296881,0.0,0.017138068574309592,False,False,1.3710454859447674,0.9140303239631782,4.570151619815891,2d:area×thick_range×rho,1인,,,niihau_2_511_-249_20952.jpg
2_511_-249_20952_2407,S211,plastic_buoy,Plastic_Buoy,21.843811951875846,-160.17337360020562,378745.0373417989,2416001.31230681,3.0,1,0.15165460540950515,0.3967687988281278,0.0,0.045496381622851544,False,False,2.7297828973710927,1.3648914486855463,3.6397105298281236,2d:area×thick_range×rho,1인,,,niihau_2_511_-249_20952.jpg
2_511_-249_20952_2408,S211,plastic_buoy,Plastic_Buoy,21.843826944639645,-160.17337547918942,378744.85579878604,2416002.9734974056,3.0,1,0.20975815680623353,0.4598669433593783,0.0,0.06292744704187006,False,False,3.7756468225122037,1.8878234112561019,5.034195763349605,2d:area×thick_range×rho,1인,,,niihau_2_511_-249_20952.jpg
2_511_-249_20952_2409,S211,plastic_buoy,Plastic_Buoy,21.843814995899766,-160.1733885949999,378743.4902088511,2416001.661092904,3.0,1,0.15896923316717373,0.39916259765625284,0.0,0.04769076995015212,False,False,2.861446197009127,1.4307230985045636,3.81526159601217,2d:area×thick_range×rho,1인,,,niihau_2_511_-249_20952.jpg
2_511_-249_20952_2410,S211,plastic_buoy,Plastic_Buoy,21.84385530508676,-160.173365008056,378745.9619086711,2416006.104773818,3.0,1,0.16198630616069074,0.46749755859375336,0.0,0.04859589184820722,False,False,2.9157535108924333,1.4578767554462166,3.8876713478565774,2d:area×thick_range×rho,1인,,,niihau_2_511_-249_20952.jpg
2_511_-249_20952_2411,S211,plastic_buoy,Plastic_Buoy_China,21.843852190287116,-160.17340926990371,378741.3848524893,2416005.7948250044,3.0,1,0.16907965205013994,0.42174926757812803,0.0,0.05072389561504198,False,False,3.043433736902519,1.5217168684512594,4.057911649203359,2d:area×thick_range×rho,1인,,,niihau_2_511_-249_20952.jpg
2_511_-249_20952_2412,S211,pet_bottle,PET_Bottle,21.843809064491623,-160.17339070359736,378743.2672827686,2416001.00614218,3.0,1,0.21272427275777167,0.5046997070312536,0.0,0.012763456365466299,False,False,0.42119406006038784,0.3509950500503233,0.7019901001006466,2d:area×thick_range×rho,1인,,,niihau_2_511_-249_20952.jpg
2_511_-309_23729_2415,S212,plastic_other,Plastic_ETC,21.843339215310014,-160.17337875946706,378744.1053164922,2415948.9840644756,3.0,1,0.4906325815558503,0.7439440917968803,0.0,0.014718977446675508,False,False,1.1775181957340406,0.7850121304893605,3.925060652446803,2d:area×thick_range×rho,1인,,,niihau_2_511_-309_23729.jpg
2_511_1073_15311_2416,S214,eps_fragment,Styrofoam_Piece,21.844874667313398,-160.17323512337393,378760.24529041274,2416118.846678597,3.0,1,0.2609292606527023,0.5345202636718788,0.0,0.007827877819581068,False,False,0.15655755639162136,0.1043717042610809,0.5218585213054046,2d:area×thick_range×rho,1인,,,niihau_2_511_1073_15311.jpg
2_511_1073_15311_2417,S214,eps_fragment,Styrofoam_Piece,21.844859132927027,-160.17323103876808,378760.6543237949,2416117.1237928867,3.0,1,0.20084539967235465,0.4719992065429721,0.0,0.006025361990170639,False,False,0.12050723980341278,0.08033815986894186,0.40169079934470936,2d:area×thick_range×rho,1인,,,niihau_2_511_1073_15311.jpg
2_511_129_23025_2418,S212,pet_bottle,PET_Bottle,21.843439388841638,-160.1733000683478,378752.3225169879,2415960.011376178,3.0,1,0.15535698623657448,0.419062500000003,0.0,0.009321419174194469,False,False,0.3076068327484175,0.2563390272903479,0.5126780545806958,2d:area×thick_range×rho,1인,,,niihau_2_511_129_23025.jpg
2_511_132_20268_2422,S213,plastic_buoy,Plastic_Buoy_China,21.844008782139504,-160.17340531175742,378741.92603607284,2416023.1265482022,3.0,1,0.13633695126052675,0.3725912475585964,0.0,0.04090108537815802,False,False,2.454065122689481,1.2270325613447406,3.2720868302526425,2d:area×thick_range×rho,1인,,,niihau_2_511_132_20268.jpg
2_511_132_20268_2423,S213,plastic_other,Plastic_ETC,21.843917419300674,-160.17331955380038,378750.711971476,2416012.945066046,3.0,1,0.34049818002284055,0.6127514648437544,0.0,0.010214945400685215,False,False,0.8171956320548173,0.5447970880365449,2.723985440182725,2d:area×thick_range×rho,1인,,,niihau_2_511_132_20268.jpg
2_511_132_20268_2424,S213,pet_bottle,PET_Bottle,21.843898460724326,-160.17333115116853,378749.49739903695,2416010.8554708012,3.0,1,0.2661234140396156,0.556640625000004,0.0,0.015967404842376937,False,False,0.5269243597984389,0.4391036331653657,0.8782072663307314,2d:area×thick_range×rho,1인,,,niihau_2_511_132_20268.jpg
2_511_132_20268_2425,S213,plastic_other,Plastic_ETC,21.84395180330052,-160.17335217484631,378747.3696201862,2416016.7770939698,3.0,1,0.5783424167156302,0.7618554687500054,0.0,0.017350272501468908,False,False,1.3880218001175126,0.9253478667450084,4.626739333725042,2d:area×thick_range×rho,1인,,,niihau_2_511_132_20268.jpg
2_511_132_20268_2426,S213,net,Net,21.84399432433363,-160.17330839579898,378751.930019252,2416021.449725442,3.0,1,0.15061454772949434,0.416835937500003,0.0,0.01807374572753932,False,False,2.711061859130898,1.1296091079712076,6.777654647827245,2d:area×thick_range×rho,1인,절단기,,niihau_2_511_132_20268.jpg
2_511_16_19835_2430,S213,plastic_other,Plastic_ETC,21.844030948542223,-160.1733758047587,378744.99425948184,2416025.5571455783,3.0,1,0.7501593375206101,0.8724169921875062,0.0,0.022504780125618302,False,False,1.800382410049464,1.2002549400329763,6.001274700164881,2d:area×thick_range×rho,1인,,,niihau_2_511_16_19835.jpg
2_511_16_19835_2431,S213,plastic_buoy,Plastic_Buoy_China,21.844008989529538,-160.17340547369642,378741.90947478684,2416023.1496339925,3.0,1,0.1805988333225276,0.44007812500000315,0.0,0.054179649996758276,False,False,3.2507789998054966,1.6253894999027483,4.334371999740663,2d:area×thick_range×rho,1인,,,niihau_2_511_16_19835.jpg
2_511_16_19835_2432,S213,plastic_buoy,Plastic_Buoy,21.84404939789964,-160.17342258283418,378740.1753523452,2416027.636348358,3.0,1,0.29887640338689514,0.6574938964843797,0.0,0.08966292101606854,False,False,5.379775260964113,2.6898876304820565,7.173033681285483,2d:area×thick_range×rho,1인,,,niihau_2_511_16_19835.jpg
2_511_2823_18455_2434,S215,pet_bottle,PET_Bottle,21.844283761385586,-160.17283363863382,378801.2398329895,2416053.1167960376,3.0,1,0.445918104603893,0.8176818847656309,0.0,0.02675508627623358,False,False,0.8829178471157081,0.7357648725964234,1.4715297451928468,2d:area×thick_range×rho,1인,,,niihau_2_511_2823_18455.jpg
2_511_314_20788_2436,S211,plastic_other,Plastic_ETC,21.84388763194187,-160.17331537847764,378751.11835890816,2416009.6442937455,3.0,1,0.3400023612201262,0.5950756835937543,0.0,0.010200070836603787,False,False,0.8160056669283029,0.544003777952202,2.7200188897610103,2d:area×thick_range×rho,1인,,,niihau_2_511_314_20788.jpg
2_511_314_20788_2437,S211,pet_bottle,PET_Bottle,21.84382765687711,-160.17331335290305,378751.27710529673,2416003.003411974,3.0,1,0.26656669732928656,0.5763452148437541,0.0,0.01599400183975719,False,False,0.5278020607119873,0.43983505059332284,0.8796701011866457,2d:area×thick_range×rho,1인,,,niihau_2_511_314_20788.jpg
2_511_314_20788_2438,S211,plastic_other,Plastic_ETC,21.843849328315923,-160.17332388963138,378750.2064244887,2416005.4107557083,3.0,1,0.37204681585729654,0.6213256835937544,0.0,0.011161404475718896,False,False,0.8929123580575117,0.5952749053716745,2.9763745268583723,2d:area×thick_range×rho,1인,,,niihau_2_511_314_20788.jpg
2_511_314_20788_2439,S211,plastic_other,Plastic_ETC,21.843859353604508,-160.17331610526358,378751.01939038554,2416006.5144321304,3.0,1,0.7760589346528164,1.1722607421875084,0.0,0.02328176803958449,False,False,1.862541443166759,1.2416942954445063,6.208471477222531,2d:area×thick_range×rho,1인,,,niihau_2_511_314_20788.jpg
2_511_314_20788_2440,S211,plastic_other,Plastic_ETC,21.843855228073615,-160.173364302893,378746.034721761,2416006.0956930057,3.0,1,0.2520289233838244,0.5022619628906286,0.0,0.007560867701514731,False,False,0.6048694161211785,0.403246277414119,2.016231387070595,2d:area×thick_range×rho,1인,,,niihau_2_511_314_20788.jpg
2_511_314_20788_2441,S211,plastic_buoy,Plastic_Buoy,21.84382693390316,-160.17337560573517,378744.8427113163,2416002.972408538,3.0,1,0.21761965503692937,0.4692607116699252,0.0,0.06528589651107881,False,False,3.9171537906647287,1.9585768953323643,5.222871720886306,2d:area×thick_range×rho,1인,,,niihau_2_511_314_20788.jpg
2_511_314_20788_2442,S211,plastic_buoy,Plastic_Buoy,21.843868156270148,-160.17333654560014,378748.9143233392,2416007.5049926755,3.0,1,0.18226541334092877,0.44564575195312817,0.0,0.05467962400227863,False,False,3.280777440136718,1.640388720068359,4.374369920182291,2d:area×thick_range×rho,1인,,,niihau_2_511_314_20788.jpg
2_511_314_20788_2443,S213,pet_bottle,PET_Bottle,21.84389881246797,-160.17333128292032,378749.484079332,2416010.8945128634,3.0,1,0.259164731276039,0.5279199218750038,0.0,0.01554988387656234,False,False,0.5131461679265572,0.4276218066054644,0.8552436132109288,2d:area×thick_range×rho,1인,,,niihau_2_511_314_20788.jpg
2_511_5061_5758_2449,S216,glass,Glass,21.84660204807387,-160.1724428163021,378843.5852929081,2416309.4452989222,3.0,1,0.058809297846258525,0.28842895507812705,0.0,0.004116650849238097,False,False,2.4699905095428583,1.764278935387756,3.528557870775512,2d:area×thick_range×rho,1인,,,niihau_2_511_5061_5758.jpg
2_511_7752_2859_2452,S217,plastic_other,Plastic_ETC,21.847108193972815,-160.17190333917992,378899.76528836234,2416365.0515328664,3.0,1,0.22270279687643368,0.4926818847656285,0.0,0.00668108390629301,False,False,0.5344867125034408,0.3563244750022939,1.7816223750114695,2d:area×thick_range×rho,1인,,,niihau_2_511_7752_2859.jpg
2_511_7752_2859_2453,S217,pet_bottle,PET_Bottle,21.84716507265963,-160.17191909380588,378898.18503008934,2416371.36044266,3.0,1,0.117219042703511,0.44278320312500313,0.0,0.007033142562210659,False,False,0.23209370455295175,0.19341142046079315,0.3868228409215863,2d:area×thick_range×rho,1인,,,niihau_2_511_7752_2859.jpg
2_511_7752_2859_2454,S217,pet_bottle,PET_Bottle,21.847051784287267,-160.171867395181,378903.4324523599,2416358.778659003,3.0,1,0.07600480967760195,0.44684326171875316,0.0,0.004560288580656117,False,False,0.15048952316165187,0.12540793596804323,0.25081587193608645,2d:area×thick_range×rho,1인,,,niihau_2_511_7752_2859.jpg
2_511_7752_2859_2455,S217,pet_bottle,PET_Bottle,21.84705267846058,-160.17188531679395,378901.5810627432,2416358.8917437447,3.0,1,0.22568070510626162,0.5713647460937541,0.0,0.013540842306375696,False,False,0.446847796110398,0.37237316342533167,0.7447463268506633,2d:area×thick_range×rho,1인,,,niihau_2_511_7752_2859.jpg
2_511_7752_2859_2456,S217,pet_bottle,PET_Bottle,21.847089845244646,-160.17189317726965,378900.8000273892,2416363.012319715,3.0,1,0.25901806111336123,0.5321826171875038,0.0,0.015541083666801674,False,False,0.5128557610044552,0.427379800837046,0.854759601674092,2d:area×thick_range×rho,1인,,,niihau_2_511_7752_2859.jpg
2_511_7752_2859_2457,S217,plastic_other,Plastic_ETC,21.847153629668107,-160.1718741078852,378902.82453898655,2416370.0583030623,3.0,1,0.20967856379896702,0.4673062133789096,0.0,0.00629035691396901,False,False,0.5032285531175208,0.3354857020783472,1.6774285103917363,2d:area×thick_range×rho,1인,,,niihau_2_511_7752_2859.jpg
2_511_7752_2859_2458,S217,plastic_buoy,Plastic_Buoy_China,21.847101006696903,-160.17187469852735,378902.71915322397,2416364.2333637215,3.0,1,0.15517301931977492,0.4022216796875029,0.0,0.04655190579593248,False,False,2.7931143477559486,1.3965571738779743,3.7241524636745984,2d:area×thick_range×rho,1인,,,niihau_2_511_7752_2859.jpg
2_511_7752_2859_2459,S217,plastic_buoy,Plastic_Buoy_China,21.84706554915858,-160.1718707485043,378903.0974962211,2416360.3050790587,3.0,1,0.12204292237758811,0.3512915039062525,0.0,0.036612876713276434,False,False,2.196772602796586,1.098386301398293,2.9290301370621146,2d:area×thick_range×rho,1인,,,niihau_2_511_7752_2859.jpg
2_511_7752_2859_2460,S217,pet_bottle,PET_Bottle,21.84705148663484,-160.17185735491623,378904.46983176615,2416358.737809995,3.0,1,0.029050609469414172,0.3227539062500023,0.0,0.0017430365681648503,False,False,0.05752020674944006,0.047933505624533385,0.09586701124906677,2d:area×thick_range×rho,1인,,,niihau_2_511_7752_2859.jpg
2_511_775_13843_2461,S218,plastic_other,Plastic_ETC,21.845129497180967,-160.17326302886414,378757.57627657923,2416147.0785245765,3.0,1,0.5126227591037823,0.7428369140625053,0.0,0.015378682773113468,False,False,1.2302946218490776,0.8201964145660517,4.100982072830258,2d:area×thick_range×rho,1인,,,niihau_2_511_775_13843.jpg
2_511_775_13843_2462,S218,plastic_buoy,Plastic_Buoy_China,21.84516952863528,-160.17328947723834,378754.8766534113,2416151.5308689675,3.0,1,0.3475224660513041,0.6164254760742232,0.0,0.10425673981539123,False,False,6.255404388923473,3.1277021944617367,8.340539185231298,2d:area×thick_range×rho,1인,,,niihau_2_511_775_13843.jpg
2_511_775_13843_2463,S218,pet_bottle,PET_Bottle,21.84514800212795,-160.17328007081645,378755.83063069853,2416149.1404589834,3.0,1,0.1890726576499668,0.4622766113281283,0.0,0.011344359458998008,False,False,0.3743638621469343,0.3119698851224453,0.6239397702448906,2d:area×thick_range×rho,1인,,,niihau_2_511_775_13843.jpg
2_511_775_13843_2464,S218,plastic_other,Plastic_ETC,21.845110109260958,-160.17324187474534,378759.7461635929,2416144.9156059544,3.0,1,0.7293874294728145,1.0466967773437574,0.0,0.021881622884184434,False,False,1.7505298307347548,1.1670198871565032,5.835099435782517,2d:area×thick_range×rho,1인,,,niihau_2_511_775_13843.jpg
2_511_775_13843_2465,S218,pet_bottle,PET_Bottle,21.845167016626913,-160.17322760346863,378761.2690826566,2416151.204057028,3.0,1,0.2728530997969249,0.5286190032959022,0.0,0.016371185987815493,False,False,0.5402491375979113,0.4502076146649261,0.9004152293298522,2d:area×thick_range×rho,1인,,,niihau_2_511_775_13843.jpg
2_511_775_13843_2466,S218,net,Net,21.845122321869507,-160.17323591053898,378760.37285686017,2416146.262854212,3.0,1,0.10892427808642542,0.3552661132812525,0.0,0.01307091337037105,False,False,1.9606370055556575,0.8169320856481908,4.9015925138891445,2d:area×thick_range×rho,1인,절단기,,niihau_2_511_775_13843.jpg
2_511_8069_2845_2470,S217,plastic_other,Plastic_ETC,21.847153700222545,-160.171874042244,378902.83138224937,2416370.0660618534,3.0,1,0.22772781537063747,0.4807254028320347,0.0,0.006831834461119124,False,False,0.5465467568895299,0.36436450459301994,1.8218225229650997,2d:area×thick_range×rho,1인,,,niihau_2_511_8069_2845.jpg
2_511_8069_2845_2471,S217,plastic_other,Plastic_ETC,21.847108182253983,-160.1719024496883,378899.8572046536,2416365.0495357956,3.0,1,0.13915787616162759,0.4356396484375031,0.0,0.004174736284848828,False,False,0.3339789027879062,0.22265260185860417,1.1132630092930207,2d:area×thick_range×rho,1인,,,niihau_2_511_8069_2845.jpg
2_511_8069_2845_2472,S217,pet_bottle,PET_Bottle,21.847110765431687,-160.17183056508563,378907.28842925373,2416365.2789438227,3.0,1,0.20588958524465853,0.4648486328125033,0.0,0.01235337511467951,False,False,0.4076613787844238,0.3397178156536866,0.6794356313073732,2d:area×thick_range×rho,1인,,,niihau_2_511_8069_2845.jpg
2_511_8069_2845_2473,S217,plastic_buoy,Plastic_Buoy_China,21.847065593272468,-160.17187084546015,378903.0875133069,2416360.310038776,3.0,1,0.11827090904116798,0.34432983398437744,0.0,0.035481272712350395,False,False,2.128876362741024,1.064438181370512,2.838501816988032,2d:area×thick_range×rho,1인,,,niihau_2_511_8069_2845.jpg
2_511_8069_2845_2474,S217,net,Net,21.84707881971015,-160.17179574625635,378910.85992732923,2416361.715136791,3.0,1,0.20265780442357353,0.45559326171875325,0.0,0.024318936530828825,False,False,3.647840479624324,1.5199335331768018,9.119601199060808,2d:area×thick_range×rho,1인,절단기,,niihau_2_511_8069_2845.jpg
2_511_8069_2845_2475,S217,plastic_buoy,Plastic_Buoy_China,21.847101015062766,-160.1718747207691,378902.716861659,2416364.2343073264,3.0,1,0.1818581610918071,0.4379296875000031,0.0,0.054557448327542134,False,False,3.273446899652528,1.636723449826264,4.364595866203371,2d:area×thick_range×rho,1인,,,niihau_2_511_8069_2845.jpg
2_511_8069_2845_2476,S217,glass,Glass,21.847067155713734,-160.17180975369857,378909.40247335937,2416360.4349423815,3.0,1,0.025032231420278907,0.16788574218750119,0.0,0.0017522561994195236,False,False,1.0513537196517142,0.7509669426083673,1.5019338852167345,2d:area×thick_range×rho,1인,,,niihau_2_511_8069_2845.jpg
2_511_8069_2845_2477,S217,plastic_other,Plastic_ETC,21.847073012119527,-160.17184019498706,378906.2613959237,2416361.107198402,3.0,1,0.3104756872236773,0.5768994140625041,0.0,0.00931427061671032,False,False,0.7451416493368256,0.49676109955788367,2.483805497789419,2d:area×thick_range×rho,1인,,,niihau_2_511_8069_2845.jpg
2_511_8964_2258_2480,S219,plastic_other,Plastic_ETC,21.84719016308086,-160.17165761729137,378925.22893475846,2416373.9322809502,3.0,1,0.27390435262918866,0.6004443359375042,0.0,0.008217130578875659,False,False,0.6573704463100527,0.4382469642067019,2.1912348210335093,2d:area×thick_range×rho,1인,,,niihau_2_511_8964_2258.jpg
2_511_8964_2258_2481,S219,pet_bottle,PET_Bottle,21.847234086807156,-160.17162984051498,378928.13658195245,2416378.7728235354,3.0,1,0.49596739125252476,0.7837207031250056,0.0,0.029758043475151486,False,False,0.982015434679999,0.8183461955666659,1.6366923911333318,2d:area×thick_range×rho,1인,,,niihau_2_511_8964_2258.jpg
2_511_8964_2258_2482,S219,plastic_other,Plastic_ETC,21.847218674422773,-160.1716700202517,378923.9711506284,2416377.098264399,3.0,1,0.22674212340116823,0.4934729003906285,0.0,0.006802263702035047,False,False,0.5441810961628037,0.36278739744186916,1.8139369872093458,2d:area×thick_range×rho,1인,,,niihau_2_511_8964_2258.jpg
2_511_8964_2258_2483,S219,plastic_buoy,Plastic_Buoy_China,21.847221333265082,-160.17165528165083,378925.49657764274,2416377.3810073896,3.0,1,0.29027845487595016,0.562460937500004,0.0,0.08708353646278505,False,False,5.225012187767103,2.6125060938835514,6.966682917022804,2d:area×thick_range×rho,1인,,,niihau_2_511_8964_2258.jpg
2_511_8964_2258_2484,S219,eps_fragment,Styrofoam_Piece,21.847266977635456,-160.1716841038931,378922.55634986144,2416382.456545449,3.0,1,0.21750199732482745,0.47001159667969084,0.0,0.006525059919744823,False,False,0.13050119839489646,0.08700079892993097,0.4350039946496549,2d:area×thick_range×rho,1인,,,niihau_2_511_8964_2258.jpg
2_511_8964_2258_2485,S219,plastic_buoy,Plastic_Buoy_China,21.84719312632824,-160.17172153202551,378918.6260486105,2416374.310589141,3.0,1,0.2111926794409782,0.4804492187500034,0.0,0.06335780383229346,False,False,3.8014682299376075,1.9007341149688037,5.0686243065834775,2d:area×thick_range×rho,1인,,,niihau_2_511_8964_2258.jpg
2_511_8964_2258_2486,S219,glass,Glass,21.8472107913556,-160.17171701668067,378919.1075791823,2416376.2625696054,3.0,1,0.1195094686292129,0.4748590087890659,0.0,0.008365662804044903,False,False,5.019397682426942,3.585284058876387,7.170568117752774,2d:area×thick_range×rho,1인,,,niihau_2_511_8964_2258.jpg
2_511_8964_2258_2487,S219,net,Net,21.84722426090533,-160.17165027329912,378926.01664124744,2416377.701160059,3.0,1,0.15823253810405957,0.4032104492187529,0.0,0.018987904572487148,False,False,2.848185685873072,1.1867440357804468,7.120464214682681,2d:area×thick_range×rho,1인,절단기,,niihau_2_511_8964_2258.jpg
2_511_9211_1670_2492,S219,plastic_other,Plastic_ETC,21.847322684827045,-160.17160338181768,378930.94564635004,2416388.559882238,3.0,1,0.2582409126281775,0.5144921875000037,0.0,0.007747227378845325,False,False,0.6197781903076259,0.41318546020508395,2.06592730102542,2d:area×thick_range×rho,1인,,,niihau_2_511_9211_1670.jpg
2_511_9211_1670_2493,S219,plastic_buoy,Plastic_Buoy_China,21.847315336878903,-160.17160262818342,378931.0173413177,2416387.745865924,3.0,1,0.1555796489119552,0.39617919921875283,0.0,0.046673894673586555,False,False,2.8004336804151935,1.4002168402075967,3.733911573886925,2d:area×thick_range×rho,1인,,,niihau_2_511_9211_1670.jpg
2_511_9211_1670_2494,S219,plastic_other,Plastic_ETC,21.847285811512435,-160.17166396196814,378924.6538204676,2416384.5256270794,3.0,1,0.31382289812565295,0.6141406250000043,0.0,0.009414686943769589,False,False,0.7531749555015671,0.5021166370010447,2.5105831850052236,2d:area×thick_range×rho,1인,,,niihau_2_511_9211_1670.jpg
2_511_9211_1670_2495,S219,plastic_buoy,Plastic_Buoy_China,21.847280491376228,-160.17163821540757,378927.31016084226,2416383.9164325963,3.0,1,0.2183792049586804,0.48410522460937844,0.0,0.06551376148760411,False,False,3.9308256892562468,1.9654128446281234,5.24110091900833,2d:area×thick_range×rho,1인,,,niihau_2_511_9211_1670.jpg
2_511_9211_1670_2496,S219,plastic_buoy,Plastic_Buoy_China,21.847344541598936,-160.17158553224576,378932.80875471834,2416390.965404688,3.0,1,0.09192812737822663,0.3132983398437522,0.0,0.027578438213467987,False,False,1.6547062928080791,0.8273531464040396,2.2062750570774394,2d:area×thick_range×rho,1인,,,niihau_2_511_9211_1670.jpg
2_511_9211_1670_2497,S219,plastic_other,Plastic_ETC,21.847294842540116,-160.17162209828697,378928.98790356034,2416385.492440679,3.0,1,0.2014055160641699,0.47383544921875337,0.0,0.006042165481925097,False,False,0.4833732385540077,0.3222488257026718,1.6112441285133594,2d:area×thick_range×rho,1인,,,niihau_2_511_9211_1670.jpg
2_511_9211_1670_2498,S219,plastic_buoy,Plastic_Buoy_China,21.847291834000384,-160.17166775151514,378924.26725741563,2416385.195301928,3.0,1,0.16976696121506635,0.41531372070312794,0.0,0.050930088364519906,False,False,3.055805301871194,1.527902650935597,4.074407069161592,2d:area×thick_range×rho,1인,,,niihau_2_511_9211_1670.jpg
2_511_9211_1670_2499,S219,glass,Glass,21.847382719046042,-160.17159094916494,378932.28109833214,2416395.1959382235,3.0,1,0.028640385291329996,0.1972192382812514,0.0,0.0020048269703931,False,False,1.20289618223586,0.8592115587399,1.7184231174798,2d:area×thick_range×rho,1인,,,niihau_2_511_9211_1670.jpg
2_511_9211_1670_2500,S219,pet_bottle,PET_Bottle,21.847299254942175,-160.171571792992,378934.19050799473,2416385.9413305675,3.0,1,0.13770540056228833,0.38533203125000276,0.0,0.008262324033737299,False,False,0.27265669311333085,0.22721391092777576,0.45442782185555153,2d:area×thick_range×rho,1인,,,niihau_2_511_9211_1670.jpg
2_511_9211_1670_2501,S219,pet_bottle,PET_Bottle,21.84727789597285,-160.1716170431417,378929.4960585971,2416383.6124664596,3.0,1,0.2154845736622841,0.4821716308593784,0.0,0.012929074419737046,False,False,0.42665945585132253,0.3555495465427688,0.7110990930855376,2d:area×thick_range×rho,1인,,,niihau_2_511_9211_1670.jpg
2_511_9211_1670_2502,S219,pet_bottle,PET_Bottle,21.847370433478545,-160.17163668137334,378927.5444766829,2416393.8718865705,3.0,1,0.12754458295181575,0.3938873291015653,0.0,0.007652674977108945,False,False,0.2525382742445952,0.21044856187049601,0.42089712374099203,2d:area×thick_range×rho,1인,,,niihau_2_511_9211_1670.jpg
2_511_9324_2206_2507,S219,plastic_other,Plastic_ETC,21.8471901176171,-160.17165763580397,378925.22698323487,2416373.9272626387,3.0,1,0.2892640276245814,0.6067919921875043,0.0,0.008677920828737442,False,False,0.6942336662989954,0.4628224441993303,2.3141122209966514,2d:area×thick_range×rho,1인,,,niihau_2_511_9324_2206.jpg
2_511_9324_2206_2508,S219,pet_bottle,PET_Bottle,21.84723409610277,-160.1716298343335,378928.1372286192,2416378.773847705,3.0,1,0.5070277781702651,0.768737182617193,0.0,0.030421666690215905,False,False,1.003915000777125,0.8365958339809375,1.673191667961875,2d:area×thick_range×rho,1인,,,niihau_2_511_9324_2206.jpg
2_511_9324_2206_2509,S219,plastic_buoy,Plastic_Buoy_China,21.84722150867022,-160.17165535956025,378925.4886737408,2416377.4004861554,3.0,1,0.3080812816578939,0.5668530273437541,0.0,0.09242438449736816,False,False,5.545463069842089,2.7727315349210446,7.393950759789454,2d:area×thick_range×rho,1인,,,niihau_2_511_9324_2206.jpg
2_511_9324_2206_2510,S219,plastic_other,Plastic_ETC,21.84728042120591,-160.17163805191927,378927.32699770265,2416383.908536096,3.0,1,0.21142974441713025,0.4618902587890658,0.0,0.006342892332513907,False,False,0.5074313866011125,0.33828759106740836,1.691437955337042,2d:area×thick_range×rho,1인,,,niihau_2_511_9324_2206.jpg
2_511_9324_2206_2511,S219,net,Net,21.847224207748933,-160.17165030983796,378926.0128202922,2416377.6953043444,3.0,1,0.1671934327021265,0.41286560058594046,0.0,0.02006321192425518,False,False,3.009481788638277,1.2539507452659489,7.523704471595692,2d:area×thick_range×rho,1인,절단기,,niihau_2_511_9324_2206.jpg
2_511_9324_2206_2512,S219,pet_bottle,PET_Bottle,21.84721191899198,-160.17166081784833,378924.9164976232,2416376.3431946337,3.0,1,0.09634304125677001,0.4026306152343779,0.0,0.005780582475406201,False,False,0.19075922168840462,0.15896601807367053,0.31793203614734106,2d:area×thick_range×rho,1인,,,niihau_2_511_9324_2206.jpg
2_511_9362_1338_2515,S219,plastic_buoy,Plastic_Buoy_China,21.84734453882339,-160.17158551703915,378932.810323933,2416390.965085473,3.0,1,0.08876404021680481,0.29937133789062714,0.0,0.026629212065041444,False,False,1.5977527239024867,0.7988763619512433,2.1303369652033153,2d:area×thick_range×rho,1인,,,niihau_2_511_9362_1338.jpg
2_511_9362_1338_2516,S220,plastic_other,Plastic_ETC,21.847395704443382,-160.17156691254078,378934.7761428911,2416396.6145265717,3.0,1,0.17809527993500487,0.4341137695312531,0.0,0.005342858398050146,False,False,0.4274286718440117,0.2849524478960078,1.4247622394800392,2d:area×thick_range×rho,1인,,,niihau_2_511_9362_1338.jpg
2_511_9362_1338_2517,S219,plastic_other,Plastic_ETC,21.847384768128475,-160.17159325482436,378932.04454248794,2416395.4245867003,3.0,1,0.41424426539242853,0.6525024414062547,0.0,0.012427327961772856,False,False,0.9941862369418285,0.6627908246278856,3.3139541231394287,2d:area×thick_range×rho,1인,,,niihau_2_511_9362_1338.jpg
2_511_9362_1338_2518,S219,plastic_buoy,Plastic_Buoy_China,21.847373879247254,-160.17155906981046,378935.568275654,2416394.1922920872,3.0,1,0.12536950603127658,0.3572143554687526,0.0,0.03761085180938297,False,False,2.2566511085629783,1.1283255542814892,3.0088681447506382,2d:area×thick_range×rho,1인,,,niihau_2_511_9362_1338.jpg
2_511_9362_1338_2519,S220,plastic_buoy,Plastic_Buoy_China,21.847415990620604,-160.17156433560498,378935.05955116,2416398.8581953426,3.0,1,0.10414700599312932,0.34391845703125246,0.0,0.031244101797938795,False,False,1.8746461078763277,0.9373230539381638,2.4995281438351036,2d:area×thick_range×rho,1인,,,niihau_2_511_9362_1338.jpg
2_511_9362_1338_2520,S219,pet_bottle,PET_Bottle,21.847370267466644,-160.17163642078188,378927.5712680727,2416393.8533039545,3.0,1,0.143247131395342,0.418535156250003,0.0,0.00859482788372052,False,False,0.28362932016277714,0.23635776680231432,0.47271553360462865,2d:area×thick_range×rho,1인,,,niihau_2_511_9362_1338.jpg
2_511_9595_1657_2524,S220,pet_bottle,PET_Bottle,21.84738387817119,-160.17149168141702,378942.5410642398,2416395.246181041,3.0,1,0.2833285795482847,0.5718648147583049,0.0,0.016999714772897082,False,False,0.5609905875056037,0.4674921562546698,0.9349843125093396,2d:area×thick_range×rho,1인,,,niihau_2_511_9595_1657.jpg
2_511_9595_1657_2525,S219,plastic_other,Plastic_ETC,21.84732271585918,-160.1716033706716,378930.94682440604,2416388.563308753,3.0,1,0.2675059294328132,0.5270263671875037,0.0,0.008025177882984395,False,False,0.6420142306387516,0.42800948709250114,2.1400474354625056,2d:area×thick_range×rho,1인,,,niihau_2_511_9595_1657.jpg
2_511_9595_1657_2526,S219,pet_bottle,PET_Bottle,21.84733848083607,-160.17152877955164,378938.6688513794,2416390.2498375,3.0,1,0.3931221258044299,0.6523315429687546,0.0,0.023587327548265792,False,False,0.7783818090927711,0.6486515075773094,1.2973030151546188,2d:area×thick_range×rho,1인,,,niihau_2_511_9595_1657.jpg
2_511_9595_1657_2527,S219,plastic_buoy,Plastic_Buoy_China,21.847344525583004,-160.171585534451,378932.8085133231,2416390.9636334465,3.0,1,0.0952133794650449,0.3091479492187522,0.0,0.028564013839513472,False,False,1.7138408303708084,0.8569204151854042,2.2851211071610775,2d:area×thick_range×rho,1인,,,niihau_2_511_9595_1657.jpg
2_511_9595_1657_2528,S219,plastic_buoy,Plastic_Buoy_China,21.847373879193945,-160.17155908585033,378935.56661794236,2416394.192298801,3.0,1,0.1206850709654408,0.35420166015625254,0.0,0.03620552128963224,False,False,2.172331277377934,1.086165638688967,2.8964417031705794,2d:area×thick_range×rho,1인,,,niihau_2_511_9595_1657.jpg
2_511_9595_1657_2529,S219,plastic_buoy,Plastic_Buoy_China,21.84731523976567,-160.17160263100024,378931.01696839015,2416387.7351176287,3.0,1,0.15681876675989703,0.40839492797851856,0.0,0.04704563002796911,False,False,2.8227378016781466,1.4113689008390733,3.763650402237529,2d:area×thick_range×rho,1인,,,niihau_2_511_9595_1657.jpg
2_51_10665_20220_2533,S221,plastic_buoy,Plastic_Buoy,21.7870100726341,-160.20244848567987,375691.10980922513,2409736.4562208713,3.0,1,0.200957728946269,0.4626000976563191,0.0,0.0602873186838807,False,False,3.617239121032842,1.808619560516421,4.822985494710457,2d:area×thick_range×rho,1인,,,niihau_2_51_10665_20220.jpg
2_51_10665_20220_2534,S221,plastic_buoy,Plastic_Buoy,21.78700343797441,-160.20244071526648,375691.90747727343,2409735.715499254,3.0,1,0.20813566598302383,0.47144775390632043,0.0,0.06244069979490714,False,False,3.7464419876944284,1.8732209938472142,4.995255983592573,2d:area×thick_range×rho,1인,,,niihau_2_51_10665_20220.jpg
2_51_10665_20220_2535,S221,eps_buoy,Styrofoam_Buoy,21.78698195681197,-160.20243366583122,375692.6177991066,2409733.331837166,3.0,1,0.6215545943485568,0.823961181640748,0.0,0.21754410802199486,False,False,5.438602700549872,2.330829728807088,6.2155459434855675,2d:area×thick_range×rho,1인,,,niihau_2_51_10665_20220.jpg
2_51_10665_20220_2536,S221,plastic_buoy,Plastic_Buoy,21.786974744749735,-160.20249074452767,375686.71016139304,2409732.579430964,3.0,1,0.16030474540894052,0.502072753906325,0.0,0.04809142362268216,False,False,2.8854854173609294,1.4427427086804647,3.8473138898145725,2d:area×thick_range×rho,1인,,,niihau_2_51_10665_20220.jpg
2_51_10665_20220_2537,S221,eps_buoy,Styrofoam_Buoy,21.786980815224933,-160.2024450204054,375691.4428549695,2409733.21460813,3.0,1,2.080321008481707,1.465404052734594,0.0,0.7281123529685974,False,False,18.202808824214937,7.801203781806401,20.80321008481707,2d:area×thick_range×rho,1인,,,niihau_2_51_10665_20220.jpg
2_51_10665_20220_2538,S221,plastic_buoy,Plastic_Buoy,21.78696332437513,-160.20237683336,375698.47769130045,2409731.223434552,3.0,1,0.12337889935079922,0.37503662109380603,0.0,0.03701366980523976,False,False,2.2208201883143857,1.1104100941571928,2.9610935844191815,2d:area×thick_range×rho,1인,,,niihau_2_51_10665_20220.jpg
2_51_6938_12580_2540,S222,net,Net,21.788356663760787,-160.2031656266535,375618.1260190793,2409886.102920428,3.0,1,0.2513609398186958,0.5374487304688302,0.0,0.03016331277824349,False,False,4.524496916736524,1.8852070486402186,11.31124229184131,2d:area×thick_range×rho,1인,절단기,,niihau_2_51_6938_12580.jpg
2_51_6938_12580_2541,S222,plastic_other,Plastic_ETC,21.78838645160605,-160.20314778429878,375619.9964449502,2409889.3860822557,3.0,1,0.3203844665140871,0.6815734863282268,0.0,0.009611533995422613,False,False,0.768922719633809,0.5126151464225394,2.5630757321126967,2d:area×thick_range×rho,1인,,,niihau_2_51_6938_12580.jpg
2_51_6938_12580_2542,S222,pet_bottle,PET_Bottle,21.788363678423327,-160.2031663445367,375618.05785072694,2409886.880028774,3.0,1,0.27763116042622277,0.7102563476563561,0.0,0.016657869625573366,False,False,0.5497096976439211,0.4580914147032676,0.9161828294065352,2d:area×thick_range×rho,1인,,,niihau_2_51_6938_12580.jpg
2_51_6938_12580_2543,S222,net,Net,21.788316038033688,-160.20318206357987,375616.39154661354,2409881.6188623086,3.0,1,0.16017764651035088,0.42676391601568875,0.0,0.019221317581242105,False,False,2.8831976371863157,1.2013323488276315,7.20799409296579,2d:area×thick_range×rho,1인,절단기,,niihau_2_51_6938_12580.jpg
2_51_6938_12580_2544,S222,pet_bottle,PET_Bottle,21.788408877798545,-160.20316903995783,375617.8181778089,2409891.885814621,3.0,1,0.32891501939306544,0.7370483398438601,0.0,0.019734901163583927,False,False,0.6512517383982696,0.542709781998558,1.085419563997116,2d:area×thick_range×rho,1인,,,niihau_2_51_6938_12580.jpg
2_51_6938_12580_2545,S222,plastic_other,Plastic_ETC,21.788386865299604,-160.20315938836438,375618.79705867014,2409889.441231193,3.0,1,0.48791436576261793,0.7299060058594841,0.0,0.014637430972878538,False,False,1.170994477830283,0.7806629852201886,3.9033149261009434,2d:area×thick_range×rho,1인,,,niihau_2_51_6938_12580.jpg
2_51_6938_12580_2546,S222,net,Net,21.788364314486298,-160.20316158868582,375618.5501067065,2409886.9466083813,3.0,1,0.19959986209875347,0.4699707031250702,0.0,0.023951983451850414,False,False,3.592797517777562,1.496998965740651,8.981993794443905,2d:area×thick_range×rho,1인,절단기,,niihau_2_51_6938_12580.jpg
2_51_6938_12580_2547,S222,plastic_other,Plastic_ETC,21.788369196030885,-160.20317804308175,375616.85310067167,2409887.500262081,3.0,1,0.482131635671998,0.7018481445313548,0.0,0.01446394907015994,False,False,1.1571159256127952,0.7714106170751968,3.857053085375984,2d:area×thick_range×rho,1인,,,niihau_2_51_6938_12580.jpg
2_51_6938_12580_2548,S222,net,Net,21.78838932740268,-160.2031648888147,375618.2304923661,2409889.7182216165,3.0,1,0.26620202432431783,0.5548443603516454,0.0,0.03194424291891814,False,False,4.791636437837721,1.9965151824323837,11.9790910945943,2d:area×thick_range×rho,1인,절단기,,niihau_2_51_6938_12580.jpg
2_51_7288_12516_2551,S223,plastic_other,Plastic_ETC,21.788334980469404,-160.2030687875982,375628.1194913925,2409883.624511625,3.0,1,0.4332658145130975,0.7144897460938567,0.0,0.012997974435392924,False,False,1.0398379548314338,0.6932253032209559,3.46612651610478,2d:area×thick_range×rho,1인,,,niihau_2_51_7288_12516.jpg
2_51_7288_12516_2552,S222,plastic_other,Plastic_ETC,21.788370535689445,-160.20307441034097,375627.56883756514,2409887.565039334,3.0,1,3.1567778786951792,3.2429138183598596,0.0,0.09470333636085537,False,False,7.57626690886843,5.050844605912287,25.254223029561437,2d:area×thick_range×rho,2인,,,niihau_2_51_7288_12516.jpg
2_51_7288_12516_2553,S222,plastic_other,Plastic_ETC,21.788386295997523,-160.20314775028922,375619.9998269108,2409889.3688288336,3.0,1,0.2778139214889045,0.6671826171875996,0.0,0.008334417644667134,False,False,0.6667534115733708,0.4445022743822472,2.222511371911236,2d:area×thick_range×rho,1인,,,niihau_2_51_7288_12516.jpg
2_51_7288_12516_2554,S222,net,Net,21.788424507943887,-160.20306789670386,375628.2888554351,2409893.5345690115,3.0,1,0.23342713065154372,0.49918945312507457,0.0,0.028011255678185246,False,False,4.201688351727787,1.750703479886578,10.504220879319465,2d:area×thick_range×rho,1인,절단기,,niihau_2_51_7288_12516.jpg
2_51_7288_12516_2555,S222,plastic_other,Plastic_ETC,21.788386897678468,-160.2031591129958,375618.8255569452,2409889.4445936205,3.0,1,0.4852351551900205,0.7400964355469856,0.0,0.014557054655700613,False,False,1.164564372456049,0.7763762483040327,3.8818812415201642,2d:area×thick_range×rho,1인,,,niihau_2_51_7288_12516.jpg
2_51_7308_14354_2561,S223,plastic_buoy,Plastic_Buoy_China,21.7880911540052,-160.20312329177048,375622.27389856166,2409856.6766207274,3.0,1,0.1873315004725569,0.4443182373047539,0.0,0.05619945014176707,False,False,3.371967008506024,1.685983504253012,4.495956011341366,2d:area×thick_range×rho,1인,,,niihau_2_51_7308_14354.jpg
2_51_7308_14354_2562,S224,plastic_other,Plastic_ETC,21.788002376180632,-160.20312996793484,375621.5070386433,2409846.8542132042,3.0,1,0.3613886999548561,0.6238244628907181,0.0,0.010841660998645683,False,False,0.8673328798916546,0.5782219199277698,2.891109599638849,2d:area×thick_range×rho,1인,,,niihau_2_51_7308_14354.jpg
2_51_7308_14354_2563,S223,plastic_other,Plastic_ETC,21.788045887056267,-160.2031149986478,375623.09226302226,2409851.6588433017,3.0,1,0.24833227787025242,0.5364843750000802,0.0,0.007449968336107572,False,False,0.5959974668886058,0.3973316445924039,1.9866582229620193,2d:area×thick_range×rho,1인,,,niihau_2_51_7308_14354.jpg
2_51_7308_14354_2564,S224,plastic_other,Plastic_ETC,21.788020971861148,-160.20314251288346,375620.2260613041,2409848.922883147,3.0,1,0.7983146020265818,0.9283255004884199,0.0,0.023949438060797454,False,False,1.9159550448637963,1.277303363242531,6.386516816212655,2d:area×thick_range×rho,1인,,,niihau_2_51_7308_14354.jpg
2_51_7308_14354_2565,S223,plastic_other,Plastic_ETC,21.78804417433059,-160.20308988378056,375625.68741503276,2409851.449001944,3.0,1,0.25150835273571376,0.6001306152344646,0.0,0.007545250582071413,False,False,0.603620046565713,0.40241336437714204,2.01206682188571,2d:area×thick_range×rho,1인,,,niihau_2_51_7308_14354.jpg
2_51_7308_14354_2566,S223,plastic_other,Plastic_ETC,21.78810389385332,-160.20307165757137,375627.6233578828,2409858.0453199567,3.0,1,1.0144392352807572,1.0767980957032859,0.0,0.030433177058422713,False,False,2.434654164673817,1.6231027764492114,8.115513882246058,2d:area×thick_range×rho,1인,,,niihau_2_51_7308_14354.jpg
2_51_7308_14354_2567,S223,plastic_other,Plastic_ETC,21.788070534524806,-160.20307998982128,375626.73309949005,2409854.3591262624,3.0,1,0.35833382768343663,0.6436962890625961,0.0,0.010750014830503099,False,False,0.8600011864402479,0.5733341242934986,2.866670621467493,2d:area×thick_range×rho,1인,,,niihau_2_51_7308_14354.jpg
2_51_7308_14354_2568,S223,pet_bottle,PET_Bottle,21.78802008339077,-160.20305028305978,375629.76095180644,2409848.7501975703,3.0,1,0.194143098205386,0.608801269531341,0.0,0.01164858589232316,False,False,0.38440333444666425,0.3203361120388869,0.6406722240777738,2d:area×thick_range×rho,1인,,,niihau_2_51_7308_14354.jpg
2_51_7558_13954_2571,S223,plastic_other,Plastic_ETC,21.78814779596657,-160.2030950681428,375625.24082051474,2409862.9241921646,3.0,1,0.2594588972390473,0.5989599609375895,0.0,0.007783766917171419,False,False,0.6227013533737135,0.41513423558247564,2.0756711779123784,2d:area×thick_range×rho,1인,,,niihau_2_51_7558_13954.jpg
2_51_7558_13954_2572,S223,pet_bottle,PET_Bottle,21.788094308189706,-160.20300609146025,375634.3939741763,2409856.9313385193,3.0,1,0.13677518570427213,0.508935546875076,0.0,0.008206511142256328,False,False,0.27081486769445884,0.22567905641204902,0.45135811282409805,2d:area×thick_range×rho,1인,,,niihau_2_51_7558_13954.jpg
2_51_7558_13954_2573,S223,pet_bottle,PET_Bottle,21.788120347798376,-160.20303253774932,375631.68215831945,2409859.8352601323,3.0,1,0.2822934849859127,0.6586767578125984,0.0,0.016937609099154764,False,False,0.5589411002721072,0.465784250226756,0.931568500453512,2d:area×thick_range×rho,1인,,,niihau_2_51_7558_13954.jpg
2_51_7558_13954_2574,S223,plastic_other,Plastic_ETC,21.788103810794702,-160.20307153623656,375627.63583102956,2409858.0360275037,3.0,1,0.9380635719302118,1.044687500000156,0.0,0.028141907157906355,False,False,2.2513525726325083,1.5009017150883388,7.504508575441696,2d:area×thick_range×rho,1인,,,niihau_2_51_7558_13954.jpg
2_51_7558_13954_2575,S223,plastic_other,Plastic_ETC,21.78807047757518,-160.2030800887206,375626.72282513336,2409854.352901591,3.0,1,0.3315680927605428,0.6241339111329057,0.0,0.009947042782816284,False,False,0.7957634226253028,0.5305089484168685,2.652544742084342,2d:area×thick_range×rho,1인,,,niihau_2_51_7558_13954.jpg
2_51_7558_13954_2576,S223,plastic_other,Plastic_ETC,21.78813693294837,-160.20301344654968,375633.6703100508,2409861.655866361,3.0,1,0.544656506759091,0.762958984375114,0.0,0.01633969520277273,False,False,1.3071756162218184,0.8714504108145458,4.357252054072729,2d:area×thick_range×rho,1인,,,niihau_2_51_7558_13954.jpg
2_51_7558_13954_2577,S223,pet_bottle,PET_Bottle,21.788116808955003,-160.20298986305977,375636.09124509915,2409859.4091162356,3.0,1,0.2357065748215426,0.6220068359375929,0.0,0.014142394489292557,False,False,0.4666990181466544,0.38891584845554533,0.7778316969110907,2d:area×thick_range×rho,1인,,,niihau_2_51_7558_13954.jpg
2_51_7558_13954_2578,S223,rope,Rope,21.788165270387438,-160.2030103666469,375634.0131928219,2409864.790365276,3.0,1,1.167596083934209,1.1633273315431425,0.0,0.03502788251802627,False,False,14.011153007210508,9.340768671473672,23.35192167868418,2d:area×thick_range×rho,2인,절단기,,niihau_2_51_7558_13954.jpg
2_51_9456_18823_2583,S225,pet_bottle,PET_Bottle,21.787204191654318,-160.20263305274352,375672.194696206,2409758.0940472493,3.0,1,0.26036516233094364,0.53571289062508,0.0,0.015621909739856618,False,False,0.5155230214152684,0.429602517846057,0.859205035692114,2d:area×thick_range×rho,1인,,,niihau_2_51_9456_18823.jpg
2_51_9456_18823_2584,S225,plastic_other,Plastic_ETC,21.787289996609474,-160.20272720389121,375662.53435659263,2409767.668585129,3.0,1,3.8887312193658645,2.8595690917973022,0.0,0.11666193658097593,False,False,9.332954926478074,6.221969950985383,31.109849754926916,2d:area×thick_range×rho,2인,,,niihau_2_51_9456_18823.jpg
2_561_10971_6673_2588,S226,plastic_other,Plastic_ETC,21.848875210919463,-160.17035132001703,379061.64872664434,2416559.44142499,3.0,1,0.2209325053721803,0.4974169921875154,0.0,0.006627975161165409,False,False,0.5302380128932327,0.35349200859548846,1.7674600429774423,2d:area×thick_range×rho,1인,,,niihau_2_561_10971_6673.jpg
2_561_10971_6673_2589,S226,pet_bottle,PET_Bottle,21.84893168199753,-160.17030798300948,379066.1749408994,2416565.6587654036,3.0,1,0.1531064390391206,0.45173706054688895,0.0,0.009186386342347237,False,False,0.30315074929745883,0.252625624414549,0.505251248829098,2d:area×thick_range×rho,1인,,,niihau_2_561_10971_6673.jpg
2_562_-84_27724_2591,S226,plastic_other,Plastic_ETC,21.848940034605363,-160.17027033871832,379070.0723387098,2416566.5538284965,3.0,1,0.23464503867630188,0.5125024414062936,0.0,0.007039351160289056,False,False,0.5631480928231245,0.375432061882083,1.877160309410415,2d:area×thick_range×rho,1인,,,niihau_2_562_-84_27724.jpg
2_562_-84_27724_2592,S226,plastic_other,Plastic_ETC,21.84889711105937,-160.1702416057644,379073.00563655864,2416561.779584765,3.0,1,0.2851931004882345,0.5669287109375483,0.0,0.008555793014647034,False,False,0.6844634411717627,0.45630896078117517,2.2815448039058763,2d:area×thick_range×rho,1인,,,niihau_2_562_-84_27724.jpg
2_562_-84_27724_2593,S226,eps_fragment,Styrofoam_Piece,21.848957605101972,-160.17027556998636,379069.5464981228,2416568.5030059195,3.0,1,0.13370909997450603,0.3765948486328446,0.0,0.0040112729992351805,False,False,0.08022545998470361,0.05348363998980241,0.26741819994901206,2d:area×thick_range×rho,1인,,,niihau_2_562_-84_27724.jpg
2_562_-84_27724_2594,S226,pet_bottle,PET_Bottle,21.8489397945482,-160.17027665844586,379069.4190212871,2416566.5322192996,3.0,1,0.1414389332756641,0.4331970214844119,0.0,0.008486335996539845,False,False,0.2800490878858149,0.23337423990484574,0.4667484798096915,2d:area×thick_range×rho,1인,,,niihau_2_562_-84_27724.jpg
2_562_-84_27724_2595,S226,glass,Glass,21.84891065645604,-160.1702416083274,379073.01677120174,2416563.2790724407,3.0,1,0.03490241266787647,0.22745361328126937,0.0,0.0024431688867513532,False,False,1.4659013320508119,1.0470723800362942,2.0941447600725884,2d:area×thick_range×rho,1인,,,niihau_2_562_-84_27724.jpg
2_562_11503_13778_2599,S227,eps_fragment,Styrofoam_Piece,21.85141046367882,-160.16799459123533,379307.3357067283,2416838.245802249,3.0,1,0.27137786870603414,0.5342797851562955,0.0,0.008141336061181025,False,False,0.1628267212236205,0.10855114748241365,0.5427557374120683,2d:area×thick_range×rho,1인,,,niihau_2_562_11503_13778.jpg
2_562_11503_13778_2600,S227,pet_bottle,PET_Bottle,21.85146185419465,-160.16803213838622,379303.49861898035,2416843.9642155264,3.0,1,0.4436686885983508,0.6733374023438073,0.0,0.026620121315901045,False,False,0.8784640034247345,0.7320533361872789,1.4641066723745577,2d:area×thick_range×rho,1인,,,niihau_2_562_11503_13778.jpg
2_562_11503_13778_2601,S227,plastic_other,Plastic_ETC,21.85142334360876,-160.16798214719293,379308.63253932056,2416839.661860951,3.0,1,0.15552623668315677,0.4411450195312876,0.0,0.004665787100494703,False,False,0.37326296803957626,0.24884197869305083,1.2442098934652541,2d:area×thick_range×rho,1인,,,niihau_2_562_11503_13778.jpg
2_562_11503_13778_2602,S227,pet_bottle,PET_Bottle,21.85145887707989,-160.16803936710505,379302.74907594855,2416843.6403159085,3.0,1,0.10843185800315798,0.38664306640628293,0.0,0.006505911480189479,False,False,0.2146950788462528,0.17891256570521066,0.3578251314104213,2d:area×thick_range×rho,1인,,,niihau_2_562_11503_13778.jpg
2_562_12800_5297_2605,S228,plastic_other,Plastic_ETC,21.852986962633246,-160.16779872291835,379328.9016218387,2417012.6117939614,3.0,1,1.0958509312303741,1.1475964355469728,0.0,0.032875527936911224,False,False,2.630042234952898,1.7533614899685988,8.766807449842993,2d:area×thick_range×rho,1인,,,niihau_2_562_12800_5297.jpg
2_562_12800_5297_2606,S228,pet_bottle,PET_Bottle,21.852989311223457,-160.167823946108,379326.2969666596,2417012.891563313,3.0,1,0.15252503591778493,0.39400024414065854,0.0,0.009151502155067095,False,False,0.30199957111721415,0.2516663092643452,0.5033326185286904,2d:area×thick_range×rho,1인,,,niihau_2_562_12800_5297.jpg
2_562_16036_3278_2608,S229,pet_bottle,PET_Bottle,21.85335635633167,-160.1671696373315,379394.2230209343,2417053.010786601,3.0,1,0.44540517031707005,0.7378430175781878,0.0,0.026724310219024203,False,False,0.8819022372277987,0.7349185310231656,1.4698370620463312,2d:area×thick_range×rho,1인,,,niihau_2_562_16036_3278.jpg
2_562_2263_25053_2611,S230,pet_bottle,PET_Bottle,21.849409774598513,-160.16981374465018,379117.65446034214,2416618.195729172,3.0,1,0.4298959699512261,0.669350585937557,0.0,0.025793758197073566,False,False,0.8511940205034276,0.7093283504195231,1.4186567008390463,2d:area×thick_range×rho,1인,,,niihau_2_562_2263_25053.jpg
2_562_2263_25053_2612,S230,pet_bottle,PET_Bottle,21.84942642641672,-160.16985484748534,379113.42069125536,2416620.071380264,3.0,1,0.4309567434535164,0.7173505401611939,0.0,0.025857404607210983,False,False,0.8532943520379624,0.7110786266983021,1.4221572533966043,2d:area×thick_range×rho,1인,,,niihau_2_562_2263_25053.jpg
2_562_2263_25053_2613,S230,pet_bottle,PET_Bottle,21.849403146390642,-160.16975841284116,379123.3671582886,2416617.4185256176,3.0,1,0.17688715192082557,0.45608642578128883,0.0,0.010613229115249534,False,False,0.3502365608032346,0.29186380066936224,0.5837276013387245,2d:area×thick_range×rho,1인,,,niihau_2_562_2263_25053.jpg
2_562_2263_25053_2614,S230,pet_bottle,PET_Bottle,21.84939796023613,-160.16978294903132,379120.8270990696,2416616.863684167,3.0,1,0.14230048263075393,0.3918945312500334,0.0,0.008538028957845235,False,False,0.28175495560889274,0.234795796340744,0.469591592681488,2d:area×thick_range×rho,1인,,,niihau_2_562_2263_25053.jpg
2_562_2263_25053_2615,S231,pet_bottle,PET_Bottle,21.849375641599245,-160.16984833013245,379114.0515020048,2416614.444343959,3.0,1,0.1552022805318501,0.5104565429687935,0.0,0.009312136831911006,False,False,0.3073005154530632,0.25608376287755263,0.5121675257551053,2d:area×thick_range×rho,1인,,,niihau_2_562_2263_25053.jpg
2_562_2263_25053_2616,S230,pet_bottle,PET_Bottle,21.849367737173875,-160.16982276715018,379116.68666287034,2416613.5492408974,3.0,1,0.24660440502468975,0.5498773193359844,0.0,0.014796264301481385,False,False,0.4882767219488857,0.4068972682907381,0.8137945365814762,2d:area×thick_range×rho,1인,,,niihau_2_562_2263_25053.jpg
2_562_2265_24327_2620,S230,plastic_other,Plastic_ETC,21.84953437103036,-160.16983746444316,379115.3079588972,2416632.0072773886,3.0,1,0.23426907128919183,0.5200329589844193,0.0,0.007028072138675755,False,False,0.5622457710940604,0.37483051406270695,1.8741525703135347,2d:area×thick_range×rho,1인,,,niihau_2_562_2265_24327.jpg
2_562_2265_24327_2621,S230,plastic_other,Plastic_ETC,21.84949281607965,-160.16978837493542,379120.3461577728,2416627.368558597,3.0,1,0.6312524142743233,0.8382617187500714,0.0,0.018937572428229698,False,False,1.515005794258376,1.0100038628389174,5.0500193141945875,2d:area×thick_range×rho,1인,,,niihau_2_562_2265_24327.jpg
2_562_2265_24327_2622,S230,net,Net,21.84956070610825,-160.1698102153894,379118.1461694285,2416634.901188938,3.0,1,0.22305991159681304,0.48903320312504167,0.0,0.026767189391617565,False,False,4.015078408742634,1.672949336976098,10.037696021856586,2d:area×thick_range×rho,1인,절단기,,niihau_2_562_2265_24327.jpg
2_562_2265_24327_2623,S230,plastic_other,Plastic_ETC,21.84956850489627,-160.1697994176432,379119.2686239282,2416635.7560402253,3.0,1,0.18876594208184122,0.434600830078162,0.0,0.005662978262455236,False,False,0.4530382609964189,0.30202550733094596,1.5101275366547298,2d:area×thick_range×rho,1인,,,niihau_2_562_2265_24327.jpg
2_562_2265_24327_2624,S230,plastic_other,Plastic_ETC,21.84955616658431,-160.16982278879104,379116.84295163915,2416634.40853531,3.0,1,0.16617623981426508,0.4238568115234736,0.0,0.004985287194427952,False,False,0.3988229755542361,0.2658819837028241,1.3294099185141206,2d:area×thick_range×rho,1인,,,niihau_2_562_2265_24327.jpg
2_562_2265_24327_2625,S230,net,Net,21.8495190174752,-160.1698152722458,379117.5884959586,2416630.2901975,3.0,1,0.19803324796858823,0.48282104492191613,0.0,0.023763989756230588,False,False,3.564598463434588,1.4852493597644119,8.91149615858647,2d:area×thick_range×rho,1인,절단기,,niihau_2_562_2265_24327.jpg
2_562_2597_24685_2627,S230,plastic_other,Plastic_ETC,21.84949285664751,-160.16978850170483,379120.3330909065,2416627.373149051,3.0,1,0.6194555432018948,0.8309777832031958,0.0,0.01858366629605684,False,False,1.4866933036845473,0.9911288691230316,4.955644345615158,2d:area×thick_range×rho,1인,,,niihau_2_562_2597_24685.jpg
2_562_2597_24685_2628,S230,plastic_other,Plastic_ETC,21.849495739656025,-160.16969534743566,379129.96255204617,2416627.619142167,3.0,1,3.104991726666473,3.1053973388674523,0.0,0.09314975179999418,False,False,7.451980143999535,4.9679867626663565,24.839933813331783,2d:area×thick_range×rho,2인,,,niihau_2_562_2597_24685.jpg
2_562_2611_24066_2629,S230,plastic_other,Plastic_ETC,21.849582920486686,-160.16974042214923,379125.3776421536,2416637.3055239553,3.0,1,0.4369457190037518,0.6619018554688064,0.0,0.013108371570112553,False,False,1.0486697256090043,0.6991131504060029,3.4955657520300143,2d:area×thick_range×rho,1인,,,niihau_2_562_2611_24066.jpg
2_562_2611_24066_2630,S230,eps_fragment,Styrofoam_Piece,21.849600333201344,-160.1697317690158,379126.28654862515,2416639.2263288754,3.0,1,0.40351700438714944,0.6609411621094313,0.0,0.012105510131614483,False,False,0.24211020263228966,0.16140680175485977,0.8070340087742989,2d:area×thick_range×rho,1인,,,niihau_2_562_2611_24066.jpg
2_562_2611_24066_2631,S230,plastic_other,Plastic_ETC,21.849568433606503,-160.1697995726602,379119.2525437158,2416635.7482701424,3.0,1,0.22141416114339652,0.4766387176514078,0.0,0.006642424834301895,False,False,0.5313939867441516,0.35426265782943445,1.7713132891471721,2d:area×thick_range×rho,1인,,,niihau_2_562_2611_24066.jpg
2_562_2611_24066_2632,S230,pet_bottle,PET_Bottle,21.849607039738856,-160.1697582332557,379123.5572434501,2416639.9895312707,3.0,1,0.11864545338528389,0.3588507080078431,0.0,0.007118727203117033,False,False,0.2349179977028621,0.19576499808571843,0.39152999617143686,2d:area×thick_range×rho,1인,,,niihau_2_562_2611_24066.jpg
2_562_3148_23362_2635,S232,pet_bottle,PET_Bottle,21.849670416988996,-160.16960598395494,379139.3447573991,2416646.88587791,3.0,1,0.2927838862181209,0.5611962890625478,0.0,0.017567033173087252,False,False,0.5797120947118793,0.4830934122598995,0.966186824519799,2d:area×thick_range×rho,1인,,,niihau_2_562_3148_23362.jpg
2_562_3148_23362_2636,S233,glass,Glass,21.849702895726864,-160.16958478809184,379141.5625618921,2416650.464654434,3.0,1,0.03560076105595242,0.23230957031251978,0.0,0.0024920532739166694,False,False,1.4952319643500016,1.0680228316785725,2.136045663357145,2d:area×thick_range×rho,1인,,,niihau_2_562_3148_23362.jpg
2_562_3148_23362_2637,S230,pet_bottle,PET_Bottle,21.849655872742456,-160.16964653152664,379135.1421361264,2416645.3076597396,3.0,1,0.49543191975363593,0.7936645507813176,0.0,0.029725915185218155,False,False,0.9809552011121991,0.8174626675934993,1.6349253351869986,2d:area×thick_range×rho,1인,,,niihau_2_562_3148_23362.jpg
2_562_3148_23362_2638,S230,net,Net,21.849661817258756,-160.16969654938163,379129.9780431898,2416646.0050012153,3.0,1,0.1326880437587614,0.3846220779419273,0.0,0.015922565251051367,False,False,2.388384787657705,0.9951603281907104,5.970961969144262,2d:area×thick_range×rho,1인,절단기,,niihau_2_562_3148_23362.jpg
2_562_3148_23362_2639,S232,pet_bottle,PET_Bottle,21.84967629032705,-160.1696453676631,379135.27959038084,2416647.5669876924,3.0,1,0.2636129712582084,0.5739550781250489,0.0,0.0158167782754925,False,False,0.5219536830912526,0.4349614025760438,0.8699228051520876,2d:area×thick_range×rho,1인,,,niihau_2_562_3148_23362.jpg
2_562_3148_23362_2640,S232,plastic_other,Plastic_ETC,21.849685867217367,-160.16961634034126,379138.2874731957,2416648.604362221,3.0,1,0.24954884558920343,0.5187377929687942,0.0,0.0074864653676761025,False,False,0.5989172294140882,0.3992781529427255,1.9963907647136274,2d:area×thick_range×rho,1인,,,niihau_2_562_3148_23362.jpg
2_562_3513_23262_2647,S233,glass,Glass,21.849702842988542,-160.1695849429718,379141.5465114759,2416650.4589378806,3.0,1,0.03245336443782406,0.2171545410156435,0.0,0.0022717355106476843,False,False,1.3630413063886107,0.973600933134722,1.947201866269444,2d:area×thick_range×rho,1인,,,niihau_2_562_3513_23262.jpg
2_562_3513_23262_2648,S232,pet_bottle,PET_Bottle,21.849672046454906,-160.1696077719779,379139.16134487453,2416647.0676650642,3.0,1,0.05411688811630933,0.36180389404299956,0.0,0.00324701328697856,False,False,0.10715143847029247,0.0892928653919104,0.1785857307838208,2d:area×thick_range×rho,1인,,,niihau_2_562_3513_23262.jpg
2_562_3513_23262_2649,S233,plastic_buoy,Plastic_Buoy_China,21.84977608754791,-160.1696008690313,379139.96224349504,2416658.5796713964,3.0,1,0.11356278244705943,0.3385739135742476,0.0,0.03406883473411783,False,False,2.0441300840470698,1.0220650420235349,2.7255067787294265,2d:area×thick_range×rho,1인,,,niihau_2_562_3513_23262.jpg
2_562_3513_23262_2650,S232,plastic_other,Plastic_ETC,21.849685985327426,-160.1696164321629,379138.27808324195,2416648.617509198,3.0,1,0.24039820818905158,0.504453125000043,0.0,0.007211946245671547,False,False,0.5769556996537237,0.38463713310248254,1.9231856655124127,2d:area×thick_range×rho,1인,,,niihau_2_562_3513_23262.jpg
2_562_3513_23262_2651,S233,plastic_buoy,Plastic_Buoy_China,21.84975480241611,-160.1695403043909,379146.20338578505,2416656.1758338334,3.0,1,0.15091769725086876,0.3953686523437837,0.0,0.045275309175260625,False,False,2.7165185505156373,1.3582592752578186,3.6220247340208505,2d:area×thick_range×rho,1인,,,niihau_2_562_3513_23262.jpg
2_562_3513_23262_2652,S232,plastic_other,Plastic_ETC,21.849693745882234,-160.16961586023493,379138.34371695615,2416649.4761593123,3.0,1,0.3243002071239607,0.6231616210938031,0.0,0.00972900621371882,False,False,0.7783204970975056,0.5188803313983371,2.5944016569916855,2d:area×thick_range×rho,1인,,,niihau_2_562_3513_23262.jpg
2_562_3513_23262_2653,S233,plastic_other,Plastic_ETC,21.849709936139543,-160.169509308112,379149.3689566385,2416651.1847650968,3.0,1,0.8002245142222814,0.9171191406250782,0.0,0.02400673542666844,False,False,1.9205388341334753,1.2803592227556502,6.401796113778251,2d:area×thick_range×rho,1인,,,niihau_2_562_3513_23262.jpg
2_562_3968_22883_2658,S233,plastic_buoy,Plastic_Buoy,21.84983762503268,-160.16947141460972,379153.392451265,2416665.290267559,3.0,1,0.27069189137224997,0.5268341064453573,0.0,0.081207567411675,False,False,4.8724540447005,2.43622702235025,6.496605392934,2d:area×thick_range×rho,1인,,,niihau_2_562_3968_22883.jpg
2_562_3968_22883_2659,S233,plastic_other,Plastic_ETC,21.849798534856085,-160.16947950466846,379152.52350817976,2416660.9693079297,3.0,1,0.5238708532960116,0.7378247070313129,0.0,0.015716125598880346,False,False,1.2572900479104276,0.8381933652736185,4.190966826368093,2d:area×thick_range×rho,1인,,,niihau_2_562_3968_22883.jpg
2_562_3968_22883_2660,S233,plastic_other,Plastic_ETC,21.84980294251768,-160.1694606985081,379154.47073522524,2416661.442473333,3.0,1,0.2262646268010525,0.4846313476562913,0.0,0.006787938804031575,False,False,0.543035104322526,0.362023402881684,1.81011701440842,2d:area×thick_range×rho,1인,,,niihau_2_562_3968_22883.jpg
2_562_3968_22883_2661,S233,plastic_buoy,Plastic_Buoy_China,21.849766303193338,-160.169526272675,379147.6631651934,2416657.4379606126,3.0,1,0.15608869091275013,0.4252636718750362,0.0,0.04682660727382504,False,False,2.8095964364295023,1.4047982182147511,3.746128581906003,2d:area×thick_range×rho,1인,,,niihau_2_562_3968_22883.jpg
2_562_3968_22883_2662,S233,pet_bottle,PET_Bottle,21.849803156604054,-160.16952299784168,379148.0325996395,2416661.515089309,3.0,1,0.1360702048793667,0.3834301757812827,0.0,0.008164212292762001,False,False,0.269419005661146,0.22451583805095504,0.4490316761019101,2d:area×thick_range×rho,1인,,,niihau_2_562_3968_22883.jpg
2_562_4864_22825_2665,S234,pet_bottle,PET_Bottle,21.849784860381924,-160.16925192238006,379176.03146807826,2416659.2768588113,3.0,1,0.23916139937047265,0.5790209960937993,0.0,0.014349683962228358,False,False,0.4735395707535358,0.39461630896127986,0.7892326179225597,2d:area×thick_range×rho,1인,,,niihau_2_562_4864_22825.jpg
2_562_4864_22825_2666,S233,pet_bottle,PET_Bottle,21.849798900896047,-160.16934535274547,379166.3877272982,2416660.904502024,3.0,1,0.18012948756072014,0.4258166503906613,0.0,0.010807769253643209,False,False,0.35665638537022587,0.29721365447518827,0.5944273089503765,2d:area×thick_range×rho,1인,,,niihau_2_562_4864_22825.jpg
2_562_5266_22958_2667,S234,pet_bottle,PET_Bottle,21.849784698221704,-160.16925186121537,379176.03765277413,2416659.25885954,3.0,1,0.2846675779819974,0.5868725585938,0.0,0.01708005467891984,False,False,0.5636418044043547,0.4697015036702957,0.9394030073405913,2d:area×thick_range×rho,1인,,,niihau_2_562_5266_22958.jpg
2_562_5266_22958_2668,S234,plastic_other,Plastic_ETC,21.849832102913265,-160.1691680138271,379184.74270923034,2416664.4407741344,3.0,1,0.10313910801039904,0.33803924560549753,0.0,0.003094173240311971,False,False,0.24753385922495766,0.16502257281663846,0.8251128640831923,2d:area×thick_range×rho,1인,,,niihau_2_562_5266_22958.jpg
2_562_5266_22958_2669,S234,pet_bottle,PET_Bottle,21.849786832600333,-160.16922774023672,379178.5322267499,2416659.476201515,3.0,1,0.16915436205568812,0.44872802734378825,0.0,0.010149261723341288,False,False,0.3349256368702625,0.2791046973918854,0.5582093947837709,2d:area×thick_range×rho,1인,,,niihau_2_562_5266_22958.jpg
2_562_8730_19909_2672,S235,plastic_buoy,Plastic_Buoy,21.850362005466156,-160.1685229918789,379251.84770737274,2416722.5951881986,3.0,1,0.3620929872990271,0.6120605468750522,0.0,0.10862789618970813,False,False,6.517673771382488,3.258836885691244,8.690231695176651,2d:area×thick_range×rho,1인,,,niihau_2_562_8730_19909.jpg
2_562_8730_19909_2673,S235,eps_buoy,Styrofoam_Buoy,21.85031757789778,-160.1685630136525,379247.6743420947,2416717.7084236755,3.0,1,0.9628269220592232,1.0266357421875876,0.0,0.33698942272072807,False,False,8.424735568018201,3.610600957722087,9.628269220592232,2d:area×thick_range×rho,1인,,,niihau_2_562_8730_19909.jpg
2_562_8730_19909_2674,S235,pet_bottle,PET_Bottle,21.850389430599357,-160.16856916684807,379247.09883046563,2416725.6673976616,3.0,1,0.12326912677401915,0.3567883300781554,0.0,0.007396147606441149,False,False,0.2440728710125579,0.2033940591771316,0.4067881183542632,2d:area×thick_range×rho,1인,,,niihau_2_562_8730_19909.jpg
2_562_8730_19909_2675,S235,pet_bottle,PET_Bottle,21.850316624191663,-160.16851210545795,379252.9346204868,2416717.562907289,3.0,1,0.5828346474410097,0.844912109375072,0.0,0.03497007884646058,False,False,1.154012601933199,0.961677168277666,1.923354336555332,2d:area×thick_range×rho,1인,,,niihau_2_562_8730_19909.jpg
2_562_8730_19909_2676,S235,plastic_other,Plastic_ETC,21.850306860933355,-160.16852202450895,379251.901336545,2416716.4898894443,3.0,1,0.3558503032923351,0.644970703125055,0.0,0.010675509098770053,False,False,0.8540407279016042,0.5693604852677361,2.846802426338681,2d:area×thick_range×rho,1인,,,niihau_2_562_8730_19909.jpg
2_562_8730_19909_2677,S235,pet_bottle,PET_Bottle,21.850360436178164,-160.168539887545,379250.10031558544,2416722.434722458,3.0,1,0.1225047596812457,0.44680664062503805,0.0,0.007350285580874742,False,False,0.2425594241688665,0.2021328534740554,0.4042657069481108,2d:area×thick_range×rho,1인,,,niihau_2_562_8730_19909.jpg
2_562_9129_19480_2680,S235,eps_fragment,Styrofoam_Piece,21.85042788209757,-160.16845305010716,379259.13115886116,2416729.8329078956,3.0,1,0.17567040917876378,0.4518115234375385,0.0,0.0052701122753629134,False,False,0.10540224550725827,0.07026816367150551,0.35134081835752756,2d:area×thick_range×rho,1인,,,niihau_2_562_9129_19480.jpg
2_562_9129_19480_2681,S235,pet_bottle,PET_Bottle,21.850467568386918,-160.1684513526114,379259.339935761,2416734.2248772164,3.0,1,0.36544657106107736,0.6274316406250534,0.0,0.02192679426366464,False,False,0.7235842107009332,0.6029868422507776,1.2059736845015552,2d:area×thick_range×rho,1인,,,niihau_2_562_9129_19480.jpg
2_562_9129_19480_2682,S235,eps_fragment,Styrofoam_Piece,21.850457151106223,-160.1685369803352,379250.482039448,2416733.138854443,3.0,1,0.3398620268859548,0.5899334716797378,0.0,0.010195860806578643,False,False,0.20391721613157288,0.13594481075438192,0.6797240537719096,2d:area×thick_range×rho,1인,,,niihau_2_562_9129_19480.jpg
2_562_9129_19480_2683,S235,plastic_buoy,Plastic_Buoy,21.850421200479815,-160.16848581048018,379255.7399434246,2416729.1189489746,3.0,1,0.19465378172698955,0.45245971679691355,0.0,0.05839613451809686,False,False,3.5037680710858115,1.7518840355429057,4.67169076144775,2d:area×thick_range×rho,1인,,,niihau_2_562_9129_19480.jpg
2_562_9129_19480_2684,S235,eps_buoy,Styrofoam_Buoy,21.850454615255043,-160.16854552151815,379249.5972251989,2416732.864834979,3.0,1,0.5044370418934313,1.0470716857911049,0.0,0.17655296466270096,False,False,4.413824116567524,1.8916389071003674,5.044370418934313,2d:area×thick_range×rho,1인,,,niihau_2_562_9129_19480.jpg
2_562_9129_19480_2685,S235,eps_buoy,Styrofoam_Buoy,21.850439851507076,-160.16853874929836,379250.2846883289,2416731.225164089,3.0,1,2.6156678371001765,1.632725830078264,0.0,0.9154837429850617,False,False,22.887093574626544,9.80875438912566,26.156678371001767,2d:area×thick_range×rho,2인,,,niihau_2_562_9129_19480.jpg
2_562_9129_19480_2686,S235,plastic_other,Plastic_ETC,21.850431218457135,-160.1685201730303,379252.1971858995,2416730.254905062,3.0,1,1.0367736549185491,1.2276684570313545,0.0,0.031103209647556473,False,False,2.488256771804518,1.6588378478696786,8.294189239348393,2d:area×thick_range×rho,1인,,,niihau_2_562_9129_19480.jpg
2_562_9129_19480_2687,S235,eps_fragment,Styrofoam_Piece,21.850441868403237,-160.16845287617966,379259.1608866517,2416731.3810656276,3.0,1,0.2734065470219124,0.5616552734375478,0.0,0.008202196410657373,False,False,0.16404392821314745,0.10936261880876498,0.5468130940438248,2d:area×thick_range×rho,1인,,,niihau_2_562_9129_19480.jpg
2_562_9129_19480_2688,S235,eps_fragment,Styrofoam_Piece,21.850425645256813,-160.16844593622767,379259.8644586038,2416729.579707151,3.0,1,0.19832527382079165,0.4966589355469173,0.0,0.00594975821462375,False,False,0.11899516429247499,0.07933010952831666,0.3966505476415833,2d:area×thick_range×rho,1인,,,niihau_2_562_9129_19480.jpg
2_562_9129_19480_2689,S235,pet_bottle,PET_Bottle,21.850411224609733,-160.16847006837216,379257.35841856187,2416728.002262909,3.0,1,0.49454974684425673,0.7729846191406908,0.0,0.029672984810655403,False,False,0.9792084987516283,0.8160070822930237,1.6320141645860473,2d:area×thick_range×rho,1인,,,niihau_2_562_9129_19480.jpg
2_562_9129_19480_2690,S235,plastic_other,Plastic_ETC,21.850433027479884,-160.16849228802658,379255.0804645065,2416730.4332882897,3.0,1,1.0277214799405896,1.1046679687500942,0.0,0.030831644398217686,False,False,2.4665315518574147,1.6443543679049433,8.221771839524717,2d:area×thick_range×rho,1인,,,niihau_2_562_9129_19480.jpg
2_562_9129_19480_2691,S235,eps_buoy,Styrofoam_Buoy,21.850422039637564,-160.16845259169514,379259.1736234722,2416729.185783712,3.0,1,1.1723294018032164,1.4640356445313747,0.0,0.4103152906311257,False,False,10.257882265778143,4.396235256762061,11.723294018032165,2d:area×thick_range×rho,1인,,,niihau_2_562_9129_19480.jpg
2_563_-295_3278_2698,S229,pet_bottle,PET_Bottle,21.853362094168574,-160.16711099975288,379400.28757626074,2417053.6000146605,3.0,1,0.23655420792702175,0.7051196289062994,0.0,0.014193252475621304,False,False,0.46837733169550305,0.39031444307958596,0.7806288861591719,2d:area×thick_range×rho,1인,,,niihau_2_563_-295_3278.jpg
2_613_10724_17789_2701,S236,pet_bottle,PET_Bottle,21.857088137313564,-160.16508558973214,379612.7207069612,2417464.4896537843,3.0,1,0.3163987338610532,0.6700207519531821,0.0,0.018983924031663192,False,False,0.6264694930448853,0.5220579108707378,1.0441158217414757,2d:area×thick_range×rho,1인,,,niihau_2_613_10724_17789.jpg
2_613_10724_17789_2702,S236,plastic_buoy,Plastic_Buoy,21.85704678155846,-160.16509194940647,379612.0288382071,2417459.9165181895,3.0,1,0.16673007157149772,0.4625524902344144,0.0,0.050019021471449314,False,False,3.001141288286959,1.5005706441434794,4.001521717715946,2d:area×thick_range×rho,1인,,,niihau_2_613_10724_17789.jpg
2_613_10724_17789_2703,S236,eps_fragment,Styrofoam_Piece,21.85708956093992,-160.16511759126874,379609.41487759387,2417464.6722896276,3.0,1,0.28431121110771973,0.5625695800781729,0.0,0.008529336333231592,False,False,0.17058672666463184,0.1137244844430879,0.5686224222154395,2d:area×thick_range×rho,1인,,,niihau_2_613_10724_17789.jpg
2_613_10724_17789_2704,S236,plastic_other,Plastic_ETC,21.857031392875797,-160.16512311126587,379608.79568776756,2417458.237362496,3.0,1,0.13848052235918615,0.4390307617187874,0.0,0.004154415670775584,False,False,0.3323532536620467,0.22156883577469783,1.1078441788734892,2d:area×thick_range×rho,1인,,,niihau_2_613_10724_17789.jpg
2_613_10724_17789_2705,S236,pet_bottle,PET_Bottle,21.857055163624192,-160.16506837084268,379614.4724612398,2417460.8259703233,3.0,1,0.32835254688566556,0.6434204101563048,0.0,0.019701152813139933,False,False,0.6501380428336178,0.5417817023613483,1.0835634047226965,2d:area×thick_range×rho,1인,,,niihau_2_613_10724_17789.jpg
2_613_10973_17344_2711,S237,eps_fragment,Styrofoam_Piece,21.857097907291998,-160.16506499098418,379614.8575599031,2417465.5550803817,3.0,1,0.13299496904017807,0.37260742187503176,0.0,0.003989849071205342,False,False,0.07979698142410685,0.05319798761607124,0.26598993808035615,2d:area×thick_range×rho,1인,,,niihau_2_613_10973_17344.jpg
2_613_11269_16850_2717,S237,plastic_other,Plastic_ETC,21.857199804521297,-160.16494308397768,379627.5407640012,2417476.7397987456,3.0,1,0.3829566785693821,0.6248120117188032,0.0,0.011488700357081463,False,False,0.9190960285665171,0.6127306857110114,3.063653428555057,2d:area×thick_range×rho,1인,,,niihau_2_613_11269_16850.jpg
2_613_11269_16850_2718,S237,plastic_buoy,Plastic_Buoy_China,21.85721433211815,-160.16492862647692,379629.0469685924,2417478.3367034397,3.0,1,0.2515939853042793,0.5430725097656712,0.0,0.07547819559128378,False,False,4.528691735477027,2.2643458677385135,6.038255647302703,2d:area×thick_range×rho,1인,,,niihau_2_613_11269_16850.jpg
2_613_11331_17183_2723,S237,plastic_other,Plastic_ETC,21.85719989327513,-160.16494310741302,379627.53841658833,2417476.7496421924,3.0,1,0.37611299461132736,0.6140039062500523,0.0,0.01128338983833982,False,False,0.9026711870671856,0.6017807913781238,3.008903956890619,2d:area×thick_range×rho,1인,,,niihau_2_613_11331_17183.jpg
2_613_11331_17183_2724,S237,net,Net,21.857166290879782,-160.16493867543346,379627.96825373406,2417473.026365819,3.0,1,0.15220666511210412,0.4411584472656626,0.0,0.018264799813452495,False,False,2.739719972017874,1.141549988340781,6.849299930044686,2d:area×thick_range×rho,1인,절단기,,niihau_2_613_11331_17183.jpg
2_613_11594_16523_2727,S237,pet_bottle,PET_Bottle,21.85729729527475,-160.16484258104134,379638.00837520673,2417487.453470237,3.0,1,0.15657578029635236,0.43163085937503676,0.0,0.009394546817781142,False,False,0.31002004498677765,0.2583500374889814,0.5167000749779628,2d:area×thick_range×rho,1인,,,niihau_2_613_11594_16523.jpg
2_613_11594_16523_2728,S237,plastic_buoy,Plastic_Buoy,21.857299587669,-160.1648703402766,379635.1416752822,2417487.7289555306,3.0,1,0.12819916523697178,0.37148925781253167,0.0,0.03845974957109153,False,False,2.3075849742654917,1.1537924871327458,3.0767799656873227,2d:area×thick_range×rho,1인,,,niihau_2_613_11594_16523.jpg
2_613_12667_15543_2733,S238,plastic_other,Plastic_ETC,21.85744089547759,-160.16469109656163,379653.78300248476,2417503.2316193087,3.0,1,0.22803277103010725,0.5659008789062983,0.0,0.006840983130903217,False,False,0.5472786504722573,0.36485243364817166,1.824262168240858,2d:area×thick_range×rho,1인,,,niihau_2_613_12667_15543.jpg
2_613_12667_15543_2734,S238,pet_bottle,PET_Bottle,21.85749850157543,-160.16465582946884,379657.4757432556,2417509.581070349,3.0,1,0.6226263884187806,0.8152905273438195,0.0,0.03735758330512683,False,False,1.2328002490691854,1.027333540890988,2.054667081781976,2d:area×thick_range×rho,1인,,,niihau_2_613_12667_15543.jpg
2_613_12667_15543_2735,S238,eps_fragment,Styrofoam_Piece,21.857438612693947,-160.16471897642992,379650.9000055595,2417503.000720811,3.0,1,0.26821565802101893,0.5577783203125475,0.0,0.008046469740630568,False,False,0.16092939481261137,0.10728626320840759,0.5364313160420379,2d:area×thick_range×rho,1인,,,niihau_2_613_12667_15543.jpg
2_613_12667_15543_2736,S238,plastic_other,Plastic_ETC,21.857509771789598,-160.16464509326178,379658.5946571013,2417510.8202936803,3.0,1,0.255700390553518,0.5234231567383258,0.0,0.00767101171660554,False,False,0.6136809373284432,0.40912062488562884,2.045603124428144,2d:area×thick_range×rho,1인,,,niihau_2_613_12667_15543.jpg
2_613_12667_15543_2737,S238,plastic_other,Plastic_ETC,21.85748932884233,-160.16468928935294,379654.0103401781,2417508.5918135075,3.0,1,0.24007413318235793,0.49166137695316686,0.0,0.007202223995470738,False,False,0.5761779196376591,0.38411861309177275,1.9205930654588634,2d:area×thick_range×rho,1인,,,niihau_2_613_12667_15543.jpg
2_613_12667_15543_2738,S238,pet_bottle,PET_Bottle,21.857440618290617,-160.16469660793848,379653.21322878695,2417503.2052454003,3.0,1,0.2847767743409165,0.692873535156309,0.0,0.01708660646045499,False,False,0.5638580131950147,0.4698816776625123,0.9397633553250246,2d:area×thick_range×rho,1인,,,niihau_2_613_12667_15543.jpg
2_613_12667_15543_2739,S238,net,Net,21.857500395856626,-160.164645980252,379658.49514047883,2417509.78306503,3.0,1,0.2839614209175594,0.5521142578125471,0.0,0.034075370510107124,False,False,5.111305576516068,2.1297106568816955,12.77826394129017,2d:area×thick_range×rho,1인,절단기,,niihau_2_613_12667_15543.jpg
2_613_13229_14602_2743,S238,pet_bottle,PET_Bottle,21.857613572286265,-160.1645665935986,379666.7937130638,2417522.249685561,3.0,1,0.25008900815848795,0.6237036132813031,0.0,0.015005340489509276,False,False,0.4951762361538061,0.41264686346150514,0.8252937269230103,2d:area×thick_range×rho,1인,,,niihau_2_613_13229_14602.jpg
2_613_13229_14602_2744,S238,plastic_other,Plastic_ETC,21.85763282934617,-160.16457952375237,379665.4736565825,2417524.3915684144,3.0,1,0.2624082789719552,0.5345336914062956,0.0,0.007872248369158655,False,False,0.6297798695326924,0.4198532463551283,2.0992662317756414,2d:area×thick_range×rho,1인,,,niihau_2_613_13229_14602.jpg
2_613_13229_14602_2745,S238,plastic_other,Plastic_ETC,21.857581578322574,-160.16459997635593,379663.3171631348,2417518.7340401523,3.0,1,0.7168450071008234,0.9205981445313284,0.0,0.0215053502130247,False,False,1.7204280170419761,1.1469520113613176,5.734760056806588,2d:area×thick_range×rho,1인,,,niihau_2_613_13229_14602.jpg
2_613_13229_14602_2746,S238,pet_bottle,PET_Bottle,21.857646608931944,-160.16458030575313,379665.40439020714,2417525.917589909,3.0,1,0.2073345836580153,0.5787060546875493,0.0,0.012440075019480917,False,False,0.41052247564287025,0.34210206303572527,0.6842041260714505,2d:area×thick_range×rho,1인,,,niihau_2_613_13229_14602.jpg
2_613_13229_14602_2747,S239,plastic_other,Plastic_ETC,21.857666501676334,-160.16453998011437,379669.5882706266,2417528.088192259,3.0,1,0.19762047538164643,0.49677246093754235,0.0,0.005928614261449393,False,False,0.4742891409159514,0.3161927606106343,1.5809638030531714,2d:area×thick_range×rho,1인,,,niihau_2_613_13229_14602.jpg
2_613_13229_14602_2748,S238,plastic_other,Plastic_ETC,21.857617113615554,-160.16458771580903,379664.61392981175,2417522.658233022,3.0,1,0.12852853928806587,0.42337402343753605,0.0,0.003855856178641976,False,False,0.3084684942913581,0.2056456628609054,1.028228314304527,2d:area×thick_range×rho,1인,,,niihau_2_613_13229_14602.jpg
2_613_13229_14602_2749,S238,pet_bottle,PET_Bottle,21.857595451762386,-160.1645794682285,379665.44807857746,2417520.2538000555,3.0,1,0.2724501958728301,0.575300292968799,0.0,0.016347011752369803,False,False,0.5394513878282036,0.44954282319016964,0.8990856463803393,2d:area×thick_range×rho,1인,,,niihau_2_613_13229_14602.jpg
2_613_13229_14602_2750,S238,plastic_other,Plastic_ETC,21.85762676442571,-160.1646370753162,379659.5212487661,2417523.765190078,3.0,1,0.367249267654556,0.7451740264893213,0.0,0.01101747802963668,False,False,0.8813982423709343,0.5875988282472897,2.937994141236448,2d:area×thick_range×rho,1인,,,niihau_2_613_13229_14602.jpg
2_613_13229_14602_2751,S239,eps_fragment,Styrofoam_Piece,21.857666137310638,-160.16455209037724,379668.3365021299,2417528.0573279927,3.0,1,0.0988935596913268,0.31998168945315225,0.0,0.0029668067907398037,False,False,0.059336135814796076,0.03955742387653072,0.1977871193826536,2d:area×thick_range×rho,1인,,,niihau_2_613_13229_14602.jpg
2_613_5809_23465_2754,S240,plastic_other,Plastic_ETC,21.855966758605483,-160.16595779869064,379521.6464790638,2417341.0349102495,3.0,1,0.1876926698685012,0.5160351562500439,0.0,0.005630780096055036,False,False,0.4504624076844028,0.30030827178960195,1.5015413589480098,2d:area×thick_range×rho,1인,,,niihau_2_613_5809_23465.jpg
2_613_5809_23465_2755,S240,plastic_other,Plastic_ETC,21.85599746215594,-160.1659839300855,379518.9718055489,2417344.4542763266,3.0,1,0.17254694737198908,0.4290185546875365,0.0,0.005176408421159673,False,False,0.4141126736927738,0.2760751157951825,1.380375578975913,2d:area×thick_range×rho,1인,,,niihau_2_613_5809_23465.jpg
2_613_5809_23465_2756,S240,eps_fragment,Styrofoam_Piece,21.855975872061645,-160.165969803209,379520.4135722628,2417342.05317588,3.0,1,0.49651759868868706,0.7975341796875679,0.0,0.01489552796066061,False,False,0.2979105592132122,0.1986070394754748,0.9930351973773742,2d:area×thick_range×rho,1인,,,niihau_2_613_5809_23465.jpg
2_613_5809_23465_2757,S241,plastic_buoy,Plastic_Buoy,21.85603523632933,-160.16596519328974,379520.939755245,2417348.6212338433,3.0,1,0.22677296060923627,0.4928277587891045,0.0,0.06803188818277088,False,False,4.081913290966253,2.0409566454831265,5.442551054621671,2d:area×thick_range×rho,1인,,,niihau_2_613_5809_23465.jpg
2_613_5809_23465_2758,S241,net,Net,21.856059715304433,-160.16598398066884,379519.01879468246,2417351.3457846865,3.0,1,0.1261065777838445,0.3598025512695619,0.0,0.015132789334061338,False,False,2.2699184001092005,0.9457993333788337,5.674796000273002,2d:area×thick_range×rho,1인,절단기,,niihau_2_613_5809_23465.jpg
2_613_5809_23465_2759,S240,pet_bottle,PET_Bottle,21.85605644914901,-160.16600327908873,379517.021751348,2417350.9993298245,3.0,1,0.17090649710971048,0.42103576660159836,0.0,0.010254389826582628,False,False,0.3383948642772267,0.2819957202310223,0.5639914404620446,2d:area×thick_range×rho,1인,,,niihau_2_613_5809_23465.jpg
2_613_5809_23465_2760,S240,net,Net,21.85600918930309,-160.1659939026217,379517.95107714797,2417345.760288612,3.0,1,0.1280343043729881,0.36321411132815595,0.0,0.015364116524758572,False,False,2.304617478713786,0.9602572827974108,5.761543696784464,2d:area×thick_range×rho,1인,절단기,,niihau_2_613_5809_23465.jpg
2_613_5809_23465_2761,S241,eps_fragment,Styrofoam_Piece,21.8560482880642,-160.16598472836898,379518.9319422478,2417350.0813663434,3.0,1,0.13204372725489005,0.3686230468750314,0.0,0.0039613118176467016,False,False,0.07922623635293403,0.052817490901956025,0.2640874545097801,2d:area×thick_range×rho,1인,,,niihau_2_613_5809_23465.jpg
2_613_5826_23811_2765,S240,pet_bottle,PET_Bottle,21.85593691512755,-160.16598133284197,379519.18942035874,2417337.7496427083,3.0,1,0.3203260404408524,0.6636279296875566,0.0,0.019219562426451144,False,False,0.6342455600728878,0.5285379667274065,1.057075933454813,2d:area×thick_range×rho,1인,,,niihau_2_613_5826_23811.jpg
2_613_5826_23811_2766,S240,plastic_other,Plastic_ETC,21.85599749889586,-160.165983974834,379518.9672120422,2417344.458378501,3.0,1,0.16311324678364195,0.40667236328128464,0.0,0.004893397403509258,False,False,0.39147179228074064,0.26098119485382715,1.3049059742691358,2d:area×thick_range×rho,1인,,,niihau_2_613_5826_23811.jpg
2_613_5826_23811_2767,S240,eps_fragment,Styrofoam_Piece,21.855976030904888,-160.16596992386022,379520.40123736,2417342.0708544115,3.0,1,0.4527960679550495,0.7609588623047523,0.0,0.013583882038651485,False,False,0.2716776407730297,0.18111842718201981,0.9055921359100991,2d:area×thick_range×rho,1인,,,niihau_2_613_5826_23811.jpg
2_613_5826_23811_2768,S240,pet_bottle,PET_Bottle,21.85596855544811,-160.1659475113685,379522.71108137525,2417341.225767231,3.0,1,0.1588457434773716,0.4896020507812917,0.0,0.009530744608642295,False,False,0.31451457208519573,0.26209547673766315,0.5241909534753263,2d:area×thick_range×rho,1인,,,niihau_2_613_5826_23811.jpg
2_613_5826_23811_2769,S240,plastic_other,Plastic_ETC,21.855965351090543,-160.1659576067959,379521.66512896994,2417340.8789470745,3.0,1,0.3001482903481041,0.6870654296875586,0.0,0.009004448710443123,False,False,0.7203558968354498,0.4802372645569666,2.4011863227848327,2d:area×thick_range×rho,1인,,,niihau_2_613_5826_23811.jpg
2_613_5826_23811_2770,S240,net,Net,21.856004404357694,-160.1659991806854,379517.4016269391,2417345.234724477,3.0,1,0.20474478995803508,0.5296550750732874,0.0,0.024569374794964207,False,False,3.685406219244631,1.5355859246852632,9.213515548111578,2d:area×thick_range×rho,1인,절단기,,niihau_2_613_5826_23811.jpg
2_613_6248_23203_2775,S241,pet_bottle,PET_Bottle,21.856054519197944,-160.16589628926255,379528.0764891783,2417350.7019115523,3.0,1,0.17866965389254752,0.622644042968803,0.0,0.01072017923355285,False,False,0.35376591470724406,0.2948049289227034,0.5896098578454068,2d:area×thick_range×rho,1인,,,niihau_2_613_6248_23203.jpg
2_613_6248_23203_2776,S241,eps_fragment,Styrofoam_Piece,21.85601526442688,-160.16593845487486,379523.68615912314,2417346.389394,3.0,1,0.43308864281780945,0.7329748535156875,0.0,0.012992659284534283,False,False,0.25985318569068566,0.1732354571271238,0.8661772856356189,2d:area×thick_range×rho,1인,,,niihau_2_613_6248_23203.jpg
2_613_6248_23203_2777,S241,eps_fragment,Styrofoam_Piece,21.85607460799958,-160.16586657101064,379531.1644293897,2417352.902488885,3.0,1,0.1383504507065055,0.45835937500003904,0.0,0.004150513521195165,False,False,0.0830102704239033,0.05534018028260221,0.27670090141301107,2d:area×thick_range×rho,1인,,,niihau_2_613_6248_23203.jpg
2_613_6248_23203_2778,S241,eps_fragment,Styrofoam_Piece,21.85608720164035,-160.1658776993324,379530.02498818695,2417354.3053267547,3.0,1,0.1898182550132598,0.4413500976562876,0.0,0.005694547650397794,False,False,0.11389095300795588,0.07592730200530393,0.37963651002651966,2d:area×thick_range×rho,1인,,,niihau_2_613_6248_23203.jpg
2_613_6248_23203_2779,S241,plastic_buoy,Plastic_Buoy,21.856023729532577,-160.165937111477,379523.8320862835,2417347.32543549,3.0,1,0.20250983085635776,0.457487792968789,0.0,0.06075294925690733,False,False,3.6451769554144398,1.8225884777072199,4.860235940552586,2d:area×thick_range×rho,1인,,,niihau_2_613_6248_23203.jpg
2_613_6248_23203_2780,S241,net,Net,21.85605976395668,-160.16598405031135,379519.0116386175,2417351.351225056,3.0,1,0.12145224486218972,0.3556225585937803,0.0,0.014574269383462766,False,False,2.186140407519415,0.9108918364664229,5.465351018798537,2d:area×thick_range×rho,1인,절단기,,niihau_2_613_6248_23203.jpg
2_613_6248_23203_2781,S241,plastic_buoy,Plastic_Buoy_China,21.85603015189665,-160.16593887698326,379523.6550250826,2417348.037778196,3.0,1,0.1292772755265456,0.36439941406253107,0.0,0.03878318265796368,False,False,2.326990959477821,1.1634954797389105,3.1026546126370946,2d:area×thick_range×rho,1인,,,niihau_2_613_6248_23203.jpg
2_613_6248_23203_2782,S241,plastic_buoy,Plastic_Buoy,21.856035321612673,-160.1659652419996,379520.9347930867,2417348.630712911,3.0,1,0.22959998964224196,0.4894799804687917,0.0,0.06887999689267259,False,False,4.132799813560355,2.0663999067801777,5.510399751413807,2d:area×thick_range×rho,1인,,,niihau_2_613_6248_23203.jpg
2_613_6248_23203_2783,S241,pet_bottle,PET_Bottle,21.856070685036112,-160.16586615924805,379531.2036908747,2417352.46789161,3.0,1,0.12025407450201177,0.5554736328125474,0.0,0.007215244470120705,False,False,0.23810306751398327,0.19841922292831943,0.39683844585663886,2d:area×thick_range×rho,1인,,,niihau_2_613_6248_23203.jpg
2_613_6575_23129_2792,S241,pet_bottle,PET_Bottle,21.856054503763872,-160.1658962965201,379528.0757262372,2417350.7002086714,3.0,1,0.16560539712014635,0.6323303222656789,0.0,0.009936323827208781,False,False,0.32789868629788976,0.2732489052482415,0.546497810496483,2d:area×thick_range×rho,1인,,,niihau_2_613_6575_23129.jpg
2_613_6575_23129_2793,S241,net,Net,21.856091395270546,-160.16584093265016,379533.82798289997,2417354.7407791386,3.0,1,0.19127755774262825,0.4374304199219123,0.0,0.02295330692911539,False,False,3.4429960393673085,1.434581683069712,8.607490098418271,2d:area×thick_range×rho,1인,절단기,,niihau_2_613_6575_23129.jpg
2_613_6575_23129_2794,S241,eps_fragment,Styrofoam_Piece,21.856087270573106,-160.1658776514105,379530.02999826154,2417354.312920141,3.0,1,0.1832772513225987,0.44491149902347543,0.0,0.005498317539677961,False,False,0.10996635079355922,0.07331090052903948,0.3665545026451974,2d:area×thick_range×rho,1인,,,niihau_2_613_6575_23129.jpg
2_613_6575_23129_2795,S241,plastic_other,Plastic_ETC,21.856093569144047,-160.16583277744508,379534.6725668474,2417354.975043724,3.0,1,0.24245874571059306,0.4976989746094174,0.0,0.007273762371317791,False,False,0.5819009897054233,0.3879339931369489,1.9396699656847447,2d:area×thick_range×rho,1인,,,niihau_2_613_6575_23129.jpg
2_613_6575_23129_2796,S241,plastic_buoy,Plastic_Buoy,21.856114235034934,-160.16580953402874,379537.09187835595,2417357.24457554,3.0,1,1.0058575946153925,1.008845214843836,0.0,0.30175727838461774,False,False,18.105436703077064,9.052718351538532,24.14058227076942,2d:area×thick_range×rho,2인,,,niihau_2_613_6575_23129.jpg
2_613_6575_23129_2797,S241,eps_fragment,Styrofoam_Piece,21.85607463921037,-160.16586581032834,379531.243064661,2417352.905348382,3.0,1,0.20054858511689744,0.4671386718750398,0.0,0.006016457553506923,False,False,0.12032915107013846,0.08021943404675896,0.4010971702337949,2d:area×thick_range×rho,1인,,,niihau_2_613_6575_23129.jpg
2_613_6575_23129_2798,S241,plastic_other,Plastic_ETC,21.856091390851795,-160.16581950414937,379536.0424054411,2417354.7235135124,3.0,1,0.17569643408063065,0.46905517578128997,0.0,0.00527089302241892,False,False,0.42167144179351357,0.28111429452900905,1.4055714726450452,2d:area×thick_range×rho,1인,,,niihau_2_613_6575_23129.jpg
2_613_6575_23129_2799,S241,plastic_other,Plastic_ETC,21.85608999170028,-160.16584899077696,379532.99407705443,2417354.591711717,3.0,1,1.306293238640054,1.1585937500000987,0.0,0.03918879715920162,False,False,3.1351037727361297,2.0900691818240866,10.450345909120433,2d:area×thick_range×rho,1인,,,niihau_2_613_6575_23129.jpg
2_613_6575_23129_2800,S241,net,Net,21.856081398454272,-160.16585513264724,379532.35216771794,2417353.6452417555,3.0,1,0.2150642637133965,0.4974072265625424,0.0,0.02580771164560758,False,False,3.8711567468411365,1.6129819778504737,9.677891867102842,2d:area×thick_range×rho,1인,절단기,,niihau_2_613_6575_23129.jpg
2_613_6575_23129_2801,S241,pet_bottle,PET_Bottle,21.856031488701742,-160.16586039842585,379531.76614218997,2417348.1243187566,3.0,1,0.25645556472842296,0.5359753417969206,0.0,0.015387333883705378,False,False,0.5077820181622774,0.4231516818018979,0.8463033636037958,2d:area×thick_range×rho,1인,,,niihau_2_613_6575_23129.jpg
2_613_6575_23129_2802,S241,eps_fragment,Styrofoam_Piece,21.856114792414363,-160.16583952218596,379533.99336318584,2417357.3297556103,3.0,1,0.33611746351724625,0.5978613281250509,0.0,0.010083523905517387,False,False,0.20167047811034775,0.1344469854068985,0.6722349270344925,2d:area×thick_range×rho,1인,,,niihau_2_613_6575_23129.jpg
2_613_6575_23129_2803,S241,pet_bottle,PET_Bottle,21.856088965012248,-160.16582967361563,379534.9894559652,2417354.462933003,3.0,1,0.4465942620635794,0.727495117187562,0.0,0.026795655723814763,False,False,0.8842566388858872,0.736880532404906,1.473761064809812,2d:area×thick_range×rho,1인,,,niihau_2_613_6575_23129.jpg
2_613_6575_23129_2804,S241,plastic_other,Plastic_ETC,21.856070743359517,-160.16586365272576,379531.4627644258,2417352.4723856286,3.0,1,0.33662350019818316,0.6647509765625567,0.0,0.010098705005945494,False,False,0.8078964004756395,0.5385976003170931,2.6929880015854653,2d:area×thick_range×rho,1인,,,niihau_2_613_6575_23129.jpg
2_613_7075_23028_2810,S241,plastic_buoy,Plastic_Buoy,21.856100832976956,-160.16579632365742,379538.4458014193,2417355.750615822,3.0,1,0.24769457539026188,0.5128564453125437,0.0,0.07430837261707857,False,False,4.458502357024714,2.229251178512357,5.944669809366285,2d:area×thick_range×rho,1인,,,niihau_2_613_7075_23028.jpg
2_613_7075_23028_2811,S241,plastic_buoy,Plastic_Buoy,21.85612277400843,-160.1657909055461,379539.02411088324,2417358.175262113,3.0,1,0.23936179711673763,0.49049499511722927,0.0,0.07180853913502129,False,False,4.308512348101277,2.1542561740506385,5.744683130801703,2d:area×thick_range×rho,1인,,,niihau_2_613_7075_23028.jpg
2_613_7075_23028_2812,S241,plastic_buoy,Plastic_Buoy,21.856114397998248,-160.1658093640852,379537.1095770287,2417357.2624826487,3.0,1,1.110609669633399,1.0738500976563414,0.0,0.3331829008900197,False,False,19.99097405340118,9.99548702670059,26.654632071201576,2d:area×thick_range×rho,2인,,,niihau_2_613_7075_23028.jpg
2_613_7075_23028_2813,S241,plastic_other,Plastic_ETC,21.856091354673776,-160.1658195070185,379536.0420785998,2417354.7195108263,3.0,1,0.174379248333007,0.4569726562500389,0.0,0.00523137744999021,False,False,0.4185101959992168,0.2790067973328112,1.395033986664056,2d:area×thick_range×rho,1인,,,niihau_2_613_7075_23028.jpg
2_613_7075_23028_2814,S241,plastic_other,Plastic_ETC,21.856118983723253,-160.16574913263815,379543.337753304,2417357.7229722715,3.0,1,0.19044056575301554,0.4728918457031653,0.0,0.005713216972590466,False,False,0.4570573578072373,0.30470490520482485,1.5235245260241246,2d:area×thick_range×rho,1인,,,niihau_2_613_7075_23028.jpg
2_613_7075_23028_2815,S241,pet_bottle,PET_Bottle,21.85611713520316,-160.16579211200778,379538.89470594726,2417357.551986812,3.0,1,0.1824264071330739,0.5817510986328621,0.0,0.010945584427984434,False,False,0.3612042861234863,0.30100357176957193,0.6020071435391439,2d:area×thick_range×rho,1인,,,niihau_2_613_7075_23028.jpg
2_613_7075_23028_2816,S241,net,Net,21.856153363983598,-160.1658147880475,379536.58174272504,2417361.5802917737,3.0,1,0.23828717210483139,0.5025292968750428,0.0,0.028594460652579767,False,False,4.289169097886965,1.7871537907862356,10.722922744717414,2d:area×thick_range×rho,1인,절단기,,niihau_2_613_7075_23028.jpg
2_613_7075_23028_2817,S241,eps_fragment,Styrofoam_Piece,21.85610156366615,-160.1657664040673,379541.53831133567,2417355.808080438,3.0,1,0.27727706054453805,0.5542456054687972,0.0,0.008318311816336141,False,False,0.16636623632672282,0.11091082421781522,0.5545541210890761,2d:area×thick_range×rho,1인,,,niihau_2_613_7075_23028.jpg
2_613_7075_23028_2818,S241,plastic_other,Plastic_ETC,21.856063044524657,-160.16572456016345,379545.8301678691,2417351.511226353,3.0,1,3.7871966370112196,3.9703808593753385,0.0,0.11361589911033658,False,False,9.089271928826927,6.059514619217952,30.297573096089756,2d:area×thick_range×rho,2인,,,niihau_2_613_7075_23028.jpg
2_613_7075_23028_2819,S241,pet_bottle,PET_Bottle,21.85615328203529,-160.1657876084887,379539.3904146834,2417361.5499415235,3.0,1,0.2869597521991027,0.5950483703613788,0.0,0.01721758513194616,False,False,0.5681803093542233,0.47348359112851945,0.9469671822570389,2d:area×thick_range×rho,1인,,,niihau_2_613_7075_23028.jpg
2_613_9238_18926_2827,S242,plastic_other,Plastic_ETC,21.85685368105871,-160.16533070360123,379587.19420870347,2417438.7269828785,3.0,1,0.23051693201068993,0.5091796875000434,0.0,0.0069155079603206975,False,False,0.5532406368256558,0.3688270912171039,1.8441354560855194,2d:area×thick_range×rho,1인,,,niihau_2_613_9238_18926.jpg
2_613_9238_18926_2828,S242,plastic_buoy,Plastic_Buoy,21.856821461145564,-160.16529555743844,379590.79919128557,2417435.132710751,3.0,1,0.20536311790946646,0.47511230468754045,0.0,0.061608935372839936,False,False,3.696536122370396,1.848268061185198,4.928714829827195,2d:area×thick_range×rho,1인,,,niihau_2_613_9238_18926.jpg
2_613_9238_18926_2829,S242,pet_bottle,PET_Bottle,21.856813713342817,-160.16531176327769,379589.1179896953,2417434.2877056575,3.0,1,0.1143556879878239,0.4508276367187884,0.0,0.006861341279269434,False,False,0.22642426221589132,0.18868688517990945,0.3773737703598189,2d:area×thick_range×rho,1인,,,niihau_2_613_9238_18926.jpg
2_613_9238_18926_2830,S242,pet_bottle,PET_Bottle,21.856814245391266,-160.16531617944432,379588.66207039804,2417434.3500597985,3.0,1,0.20757198152247627,0.49814697265629243,0.0,0.012454318891348575,False,False,0.410992523414503,0.3424937695120859,0.6849875390241718,2d:area×thick_range×rho,1인,,,niihau_2_613_9238_18926.jpg
2_613_9238_18926_2831,S242,eps_fragment,Styrofoam_Piece,21.856790654853388,-160.16531947404846,379588.30183044367,2417431.741148628,3.0,1,0.06738748047352985,0.31416503906252674,0.0,0.0020216244142058954,False,False,0.040432488284117905,0.02695499218941194,0.1347749609470597,2d:area×thick_range×rho,1인,,,niihau_2_613_9238_18926.jpg
2_613_9238_18926_2832,S242,eps_fragment,Styrofoam_Piece,21.856801950688585,-160.1653356242756,379586.64234028704,2417433.004244643,3.0,1,0.17336864986422632,0.4427832031250377,0.0,0.005201059495926789,False,False,0.10402118991853579,0.06934745994569053,0.34673729972845263,2d:area×thick_range×rho,1인,,,niihau_2_613_9238_18926.jpg
2_613_9526_18589_2839,S242,pet_bottle,PET_Bottle,21.856908374714767,-160.16529917104052,379590.4986235712,2417444.756933107,3.0,1,0.5224964716733392,0.7705932617188157,0.0,0.031349788300400354,False,False,1.0345430139132117,0.8621191782610098,1.7242383565220196,2d:area×thick_range×rho,1인,,,niihau_2_613_9526_18589.jpg
2_613_9526_18589_2840,S242,eps_fragment,Styrofoam_Piece,21.856853724390724,-160.16533077128423,379587.18725069216,2417438.7318327315,3.0,1,0.23606167335216252,0.5250073242187947,0.0,0.007081850200564875,False,False,0.1416370040112975,0.094424669340865,0.4721233467043251,2d:area×thick_range×rho,1인,,,niihau_2_613_9526_18589.jpg
2_613_9526_18589_2841,S242,plastic_buoy,Plastic_Buoy,21.856893856817752,-160.16525133386273,379595.4299297206,2417443.1123562884,3.0,1,0.15000528116228753,0.3933154296875335,0.0,0.04500158434868626,False,False,2.7000950609211753,1.3500475304605877,3.600126747894901,2d:area×thick_range×rho,1인,,,niihau_2_613_9526_18589.jpg
2_613_9526_18589_2842,S242,net,Net,21.8569025975148,-160.1652750673015,379592.9846520185,2417444.0985302366,3.0,1,0.14386409083011217,0.4662939453125397,0.0,0.017263690899613462,False,False,2.5895536349420194,1.0789806812258413,6.473884087355048,2d:area×thick_range×rho,1인,절단기,,niihau_2_613_9526_18589.jpg
2_613_9526_18589_2843,S242,pet_bottle,PET_Bottle,21.85685356979408,-160.16524261413497,379596.29725171544,2417438.6457304284,3.0,1,0.3059488641739413,0.950722656250081,0.0,0.018356931850436478,False,False,0.6057787510644038,0.5048156258870031,1.0096312517740063,2d:area×thick_range×rho,1인,,,niihau_2_613_9526_18589.jpg
2_614_2108_3526_2844,S243,plastic_other,Plastic_ETC,21.859633103683546,-160.1636041716915,379767.94018299755,2417745.0608102297,3.0,1,0.20146856741312597,0.45646728515628887,0.0,0.006044057022393779,False,False,0.4835245617915023,0.32234970786100153,1.611748539305008,2d:area×thick_range×rho,1인,,,niihau_2_614_2108_3526.jpg
2_614_2108_3526_2845,S243,eps_fragment,Styrofoam_Piece,21.859662754485004,-160.1635696773241,379771.52957169176,2417748.3162175366,3.0,1,0.1738755864724813,0.4375122070312873,0.0,0.005216267594174439,False,False,0.10432535188348878,0.06955023458899252,0.3477511729449626,2d:area×thick_range×rho,1인,,,niihau_2_614_2108_3526.jpg
2_614_2108_3526_2846,S243,plastic_other,Plastic_ETC,21.859640723160847,-160.16359404083224,379768.9934608427,2417745.896374404,3.0,1,0.2592581900358642,0.5900219726563003,0.0,0.007777745701075926,False,False,0.622219656086074,0.4148131040573827,2.0740655202869136,2d:area×thick_range×rho,1인,,,niihau_2_614_2108_3526.jpg
2_614_2108_3526_2847,S243,plastic_other,Plastic_ETC,21.859647507489772,-160.16358221395632,379770.2213017186,2417746.638161699,3.0,1,0.3279589938879572,0.6179394531250526,0.0,0.009838769816638716,False,False,0.7871015853310972,0.5247343902207315,2.623671951103658,2d:area×thick_range×rho,1인,,,niihau_2_614_2108_3526.jpg
2_614_2244_3207_2849,S243,plastic_other,Plastic_ETC,21.859699990292736,-160.1635696488106,379771.5636909561,2417752.438225394,3.0,1,0.2852332303047666,0.5351953125000456,0.0,0.008556996909142998,False,False,0.6845597527314398,0.45637316848762655,2.281865842438133,2d:area×thick_range×rho,1인,,,niihau_2_614_2244_3207.jpg
2_614_2244_3207_2850,S243,eps_fragment,Styrofoam_Piece,21.85966272390532,-160.16356970410988,379771.5267781119,2417748.3128532763,3.0,1,0.1703594579637341,0.4178747558594106,0.0,0.005110783738912023,False,False,0.10221567477824046,0.06814378318549365,0.3407189159274682,2d:area×thick_range×rho,1인,,,niihau_2_614_2244_3207.jpg
2_614_2244_3207_2851,S243,plastic_other,Plastic_ETC,21.859647471166554,-160.16358214836106,379770.22804976616,2417746.634089431,3.0,1,0.3112300352931553,0.6033862304688014,0.0,0.009336901058794658,False,False,0.7469520847035727,0.4979680564690485,2.4898402823452424,2d:area×thick_range×rho,1인,,,niihau_2_614_2244_3207.jpg
2_614_2244_3207_2852,S243,pet_bottle,PET_Bottle,21.859752502828396,-160.16352441380374,379776.2821271721,2417758.216050089,3.0,1,0.4892819169760584,0.7324279785156874,0.0,0.029356915018563502,False,False,0.9687781956125956,0.8073151630104964,1.6146303260209929,2d:area×thick_range×rho,1인,,,niihau_2_614_2244_3207.jpg
2_614_6262_-33_2855,S244,eps_fragment,Styrofoam_Piece,21.860240195324543,-160.16283121331628,379848.3237790636,2417811.6623978824,3.0,1,0.19694923689368743,0.44938476562503826,0.0,0.0059084771068106225,False,False,0.11816954213621245,0.07877969475747497,0.3938984737873749,2d:area×thick_range×rho,1인,,,niihau_2_614_6262_-33.jpg
2_614_6262_-33_2856,S245,pet_bottle,PET_Bottle,21.86029057958289,-160.1627963051277,379851.97324559116,2417817.2127068797,3.0,1,0.159047635459927,0.422578125000036,0.0,0.00954285812759562,False,False,0.31491431821065546,0.26242859850887956,0.5248571970177591,2d:area×thick_range×rho,1인,,,niihau_2_614_6262_-33.jpg
2_614_6262_-33_2857,S245,pet_bottle,PET_Bottle,21.86032867539931,-160.16279625970571,379852.00981175713,2417821.4299045806,3.0,1,0.19292590347531746,0.4439550781250378,0.0,0.011575554208519048,False,False,0.38199328888112855,0.31832774073427383,0.6366554814685477,2d:area×thick_range×rho,1인,,,niihau_2_614_6262_-33.jpg
2_614_6584_62_2859,S245,pet_bottle,PET_Bottle,21.86030549335163,-160.16268696103987,379863.28502571833,2417818.778279181,3.0,1,0.20213998288217652,0.45944091796878916,0.0,0.01212839897293059,False,False,0.4002371661067095,0.3335309717555913,0.6670619435111826,2d:area×thick_range×rho,1인,,,niihau_2_614_6584_62.jpg
2_614_6584_62_2860,S245,pet_bottle,PET_Bottle,21.860328701055877,-160.1627950290583,379852.13700476143,2417821.431783662,3.0,1,0.11734759437610881,0.48497329711918197,0.0,0.007040855662566528,False,False,0.2323482368646954,0.19362353072057956,0.3872470614411591,2d:area×thick_range×rho,1인,,,niihau_2_614_6584_62.jpg
2_614_6584_62_2861,S245,pet_bottle,PET_Bottle,21.860313196583938,-160.16268627902735,379863.36194712506,2417819.630499699,3.0,1,0.12921171819867905,0.3748556518555007,0.0,0.007752703091920742,False,False,0.2558392020333845,0.21319933502782043,0.42639867005564086,2d:area×thick_range×rho,1인,,,niihau_2_614_6584_62.jpg
2_664_10764_14858_2864,S246,plastic_other,Plastic_ETC,21.8617579820983,-160.16198580316996,379936.95504777296,2417979.0223881933,3.0,1,0.34429866686469224,0.6154052734375525,0.0,0.010328960005940767,False,False,0.8263168004752613,0.5508778669835076,2.754389334917538,2d:area×thick_range×rho,1인,,,niihau_2_664_10764_14858.jpg
2_664_10764_14858_2865,S246,plastic_other,Plastic_ETC,21.861833870170162,-160.1619824664637,379937.3633002753,2417987.420645585,3.0,1,0.3239469974041537,0.575007324218799,0.0,0.009718409922124612,False,False,0.7774727937699689,0.518315195846646,2.59157597923323,2d:area×thick_range×rho,1인,,,niihau_2_664_10764_14858.jpg
2_664_10764_14858_2866,S246,pet_bottle,PET_Bottle,21.861814291932717,-160.16194551455263,379941.1653938048,2417985.2244814103,3.0,1,0.2658457624912715,0.58754882812505,0.0,0.01595074574947629,False,False,0.5263746097327175,0.438645508110598,0.877291016221196,2d:area×thick_range×rho,1인,,,niihau_2_664_10764_14858.jpg
2_664_10764_14858_2867,S246,pet_bottle,PET_Bottle,21.861849666612905,-160.1619811988816,379937.50749464665,2417989.1683333195,3.0,1,0.23840859265685418,0.6648663330078691,0.0,0.01430451555941125,False,False,0.47204901346057127,0.39337417788380946,0.7867483557676189,2d:area×thick_range×rho,1인,,,niihau_2_664_10764_14858.jpg
2_664_10764_14858_2868,S246,plastic_buoy,Plastic_Buoy,21.861777417587117,-160.16197802857732,379937.7746935104,2417981.167842218,3.0,1,0.11792260753290874,0.3780804443359697,0.0,0.03537678225987262,False,False,2.122606935592357,1.0613034677961786,2.83014258078981,2d:area×thick_range×rho,1인,,,niihau_2_664_10764_14858.jpg
2_664_10764_14858_2869,S246,plastic_buoy,Plastic_Buoy,21.861822576687878,-160.16191916622415,379943.8950514592,2417986.1210459666,3.0,1,0.1724886784941252,0.4257824707031613,0.0,0.051746603548237555,False,False,3.1047962128942532,1.5523981064471266,4.139728283859005,2d:area×thick_range×rho,1인,,,niihau_2_664_10764_14858.jpg
2_664_10764_14858_2870,S246,rope,Rope,21.861793566569006,-160.1619380161265,379941.9229232917,2417982.9243172663,3.0,1,0.6627613332391914,1.0830371093750923,0.0,0.01988283999717574,False,False,7.953135998870296,5.302090665913531,13.255226664783828,2d:area×thick_range×rho,1인,절단기,,niihau_2_664_10764_14858.jpg
2_664_10800_14466_2872,S246,pet_bottle,PET_Bottle,21.86181439041571,-160.1619455246787,379941.1644297539,2417985.2353914483,3.0,1,0.2321299980730214,0.5704986572266111,0.0,0.013927799884381283,False,False,0.45961739618458236,0.38301449682048533,0.7660289936409707,2d:area×thick_range×rho,1인,,,niihau_2_664_10800_14466.jpg
2_664_10800_14466_2873,S246,eps_fragment,Styrofoam_Piece,21.861883119943432,-160.16187382484176,379948.63106457796,2417992.787840227,3.0,1,0.21795432913456103,0.48100524902347847,0.0,0.0065386298740368306,False,False,0.1307725974807366,0.08718173165382441,0.4359086582691221,2d:area×thick_range×rho,1인,,,niihau_2_664_10800_14466.jpg
2_664_10800_14466_2874,S246,plastic_other,Plastic_ETC,21.86183398003267,-160.1619823831942,379937.3719968705,2417987.4327424495,3.0,1,0.32423899561321295,0.57283966064458,0.0,0.009727169868396389,False,False,0.7781735894717111,0.5187823929811407,2.5939119649057036,2d:area×thick_range×rho,1인,,,niihau_2_664_10800_14466.jpg
2_664_10800_14466_2875,S246,plastic_other,Plastic_ETC,21.861917287224077,-160.16191906127196,379943.9850807636,2417996.6054853243,3.0,1,0.408144960543676,0.6617980957031814,0.0,0.01224434881631028,False,False,0.9795479053048224,0.6530319368698816,3.265159684349408,2d:area×thick_range×rho,1인,,,niihau_2_664_10800_14466.jpg
2_664_10800_14466_2876,S246,pet_bottle,PET_Bottle,21.861895417206107,-160.16195014833545,379940.7543847815,2417994.208721306,3.0,1,0.12083607107253941,0.4065161132812846,0.0,0.0072501642643523646,False,False,0.23925542072362804,0.19937951726969003,0.39875903453938005,2d:area×thick_range×rho,1인,,,niihau_2_664_10800_14466.jpg
2_664_10800_14466_2877,S246,plastic_other,Plastic_ETC,21.86185134655005,-160.1619811614467,379937.5127676232,2417989.354274298,3.0,1,0.34362151380932227,0.599216308593801,0.0,0.010308645414279668,False,False,0.8246916331423735,0.5497944220949157,2.7489721104745786,2d:area×thick_range×rho,1인,,,niihau_2_664_10800_14466.jpg
2_664_10800_14466_2878,S246,plastic_other,Plastic_ETC,21.86182255347466,-160.16191905691417,379943.9063277063,2417986.1183909373,3.0,1,0.1707653398335271,0.4143542480469103,0.0,0.005122960195005813,False,False,0.40983681560046503,0.27322454373364335,1.3661227186682168,2d:area×thick_range×rho,1인,,,niihau_2_664_10800_14466.jpg
2_664_12621_7627_2881,S247,pet_bottle,PET_Bottle,21.863101406344708,-160.16158760563653,379979.2261000148,2418127.42963693,3.0,1,0.4223377272189383,0.7076611328125603,0.0,0.0253402636331363,False,False,0.8362286998934979,0.6968572499112482,1.3937144998224964,2d:area×thick_range×rho,1인,,,niihau_2_664_12621_7627.jpg
2_664_12621_7627_2882,S247,plastic_other,Plastic_ETC,21.86314379188653,-160.1615906519571,379978.9467371473,2418132.124122651,3.0,1,0.34954829111403224,0.6077075195313018,0.0,0.010486448733420967,False,False,0.8389158986736773,0.5592772657824516,2.7963863289122584,2d:area×thick_range×rho,1인,,,niihau_2_664_12621_7627.jpg
2_664_12621_7627_2883,S247,plastic_buoy,Plastic_Buoy_China,21.863049376510915,-160.16155452332617,379982.6011740958,2418121.644086185,3.0,1,0.19217678794864113,0.47357421875004035,0.0,0.057653036384592335,False,False,3.4591821830755403,1.7295910915377701,4.612242910767387,2d:area×thick_range×rho,1인,,,niihau_2_664_12621_7627.jpg
2_664_12621_7627_2884,S247,plastic_other,Plastic_ETC,21.86307181675442,-160.16160677074814,379977.2209383921,2418124.1690025744,3.0,1,0.30809709414695985,0.5561047363281724,0.0,0.009242912824408795,False,False,0.7394330259527037,0.4929553506351358,2.464776753175679,2d:area×thick_range×rho,1인,,,niihau_2_664_12621_7627.jpg
2_664_12621_7627_2885,S247,plastic_other,Plastic_ETC,21.863135126425316,-160.16161368670146,379976.55919749715,2418131.182823282,3.0,1,0.2662861839652515,0.5267480468750448,0.0,0.007988585518957545,False,False,0.6390868415166036,0.4260578943444024,2.130289471722012,2d:area×thick_range×rho,1인,,,niihau_2_664_12621_7627.jpg
2_664_12621_7627_2886,S247,plastic_buoy,Plastic_Buoy_China,21.863153540219884,-160.1615535170177,379982.7922257645,2418133.174295571,3.0,1,0.3130047827968907,0.5673304748535639,0.0,0.09390143483906721,False,False,5.634086090344033,2.8170430451720163,7.512114787125377,2d:area×thick_range×rho,1인,,,niihau_2_664_12621_7627.jpg
2_664_12621_7627_2887,S247,pet_bottle,PET_Bottle,21.863090349498677,-160.1616438259607,379973.40732617205,2418126.2495035743,3.0,1,0.3826094089986943,0.7357092285156877,0.0,0.022956564539921655,False,False,0.7575666298174146,0.6313055248478456,1.2626110496956913,2d:area×thick_range×rho,1인,,,niihau_2_664_12621_7627.jpg
2_664_12621_7627_2888,S247,plastic_other,Plastic_ETC,21.863058897371868,-160.1615883347415,379979.1152259703,2418122.724433129,3.0,1,1.602943898061191,1.6371130371095144,0.0,0.048088316941835726,False,False,3.8470653553468583,2.5647102368979056,12.823551184489528,2d:area×thick_range×rho,1인,,,niihau_2_664_12621_7627.jpg
2_664_12701_7218_2891,S247,eps_fragment,Styrofoam_Piece,21.863206606981418,-160.16162975404308,379974.95862870204,2418139.1083074217,3.0,1,0.262360197484538,0.5444873046875464,0.0,0.007870805924536138,False,False,0.15741611849072276,0.10494407899381519,0.524720394969076,2d:area×thick_range×rho,1인,,,niihau_2_664_12701_7218.jpg
2_664_12701_7218_2892,S247,plastic_other,Plastic_ETC,21.86314387490054,-160.16159073103194,379978.93863533624,2418132.133374058,3.0,1,0.34041336749201856,0.598627929687551,0.0,0.010212401024760556,False,False,0.8169920819808445,0.5446613879872297,2.7233069399361485,2d:area×thick_range×rho,1인,,,niihau_2_664_12701_7218.jpg
2_664_12701_7218_2893,S247,plastic_other,Plastic_ETC,21.863135182137555,-160.16161365256642,379976.56277141196,2418131.1889640302,3.0,1,0.271591051912354,0.528984375000045,0.0,0.00814773155737062,False,False,0.6518185245896496,0.4345456830597664,2.172728415298832,2d:area×thick_range×rho,1인,,,niihau_2_664_12701_7218.jpg
2_664_12701_7218_2894,S247,plastic_other,Plastic_ETC,21.863153500930874,-160.16155336255716,379982.80815411214,2418133.1698257355,3.0,1,0.3589672602087871,0.599323730468801,0.0,0.010769017806263614,False,False,0.8615214245010892,0.5743476163340594,2.871738081670297,2d:area×thick_range×rho,1인,,,niihau_2_664_12701_7218.jpg
2_664_12983_7640_2897,S247,eps_fragment,Styrofoam_Piece,21.863060323461372,-160.16147611055317,379990.71311579004,2418122.7947432203,3.0,1,0.28418403630261496,0.5560205078125474,0.0,0.008525521089078449,False,False,0.17051042178156897,0.11367361452104598,0.5683680726052299,2d:area×thick_range×rho,1인,,,niihau_2_664_12983_7640.jpg
2_664_12983_7640_2898,S247,eps_fragment,Styrofoam_Piece,21.863134450586756,-160.1614920692244,379989.1259803799,2418131.0131177516,3.0,1,0.2425469688177522,0.5533740234375472,0.0,0.007276409064532566,False,False,0.14552818129065132,0.09701878752710087,0.48509393763550446,2d:area×thick_range×rho,1인,,,niihau_2_664_12983_7640.jpg
2_664_12983_7640_2899,S247,plastic_buoy,Plastic_Buoy_China,21.863049384166466,-160.16155438212462,379982.61577157374,2418121.6448234897,3.0,1,0.21274977741841128,0.5110791015625435,0.0,0.06382493322552338,False,False,3.8294959935314026,1.9147479967657013,5.105994658041872,2d:area×thick_range×rho,1인,,,niihau_2_664_12983_7640.jpg
2_664_12983_7640_2900,S247,plastic_other,Plastic_ETC,21.86311944217822,-160.16149536943263,379988.7724091257,2418129.3542513726,3.0,1,0.22505180570040006,0.487058715820354,0.0,0.006751554171012001,False,False,0.5401243336809601,0.3600828891206401,1.8004144456032005,2d:area×thick_range×rho,1인,,,niihau_2_664_12983_7640.jpg
2_664_12983_7640_2901,S247,pet_bottle,PET_Bottle,21.863071504293487,-160.1615181804586,379986.3751630568,2418124.0652916254,3.0,1,0.10179451032878703,0.32116210937502737,0.0,0.006107670619727222,False,False,0.20155313045099832,0.16796094204249862,0.33592188408499724,2d:area×thick_range×rho,1인,,,niihau_2_664_12983_7640.jpg
2_664_12983_7640_2902,S247,plastic_buoy,Plastic_Buoy_China,21.863096300083743,-160.16153116554224,379985.0540732496,2418126.8203338096,3.0,1,0.23049170194570176,0.49829467773441743,0.0,0.06914751058371052,False,False,4.148850635022631,2.0744253175113156,5.531800846696842,2d:area×thick_range×rho,1인,,,niihau_2_664_12983_7640.jpg
2_664_12983_7640_2903,S247,plastic_buoy,Plastic_Buoy_China,21.86315359523495,-160.1615533648143,379982.8079996931,2418133.1802670225,3.0,1,0.3066263812594638,0.5561065673828599,0.0,0.09198791437783914,False,False,5.519274862670349,2.7596374313351744,7.359033150227131,2d:area×thick_range×rho,1인,,,niihau_2_664_12983_7640.jpg
2_664_12983_7640_2904,S247,net,Net,21.863138244359043,-160.16147043660567,379991.3645588107,2418131.4162135576,3.0,1,0.17349128049018955,0.4425555419922252,0.0,0.020818953658822744,False,False,3.1228430488234116,1.3011846036764219,7.807107622058529,2d:area×thick_range×rho,1인,절단기,,niihau_2_664_12983_7640.jpg
2_664_14859_9123_2910,S248,plastic_other,Plastic_ETC,21.86279241190127,-160.161144397204,380024.7668943548,2418092.8779939106,3.0,1,0.2841159401983507,0.5893676757813002,0.0,0.00852347820595052,False,False,0.6818782564760416,0.4545855043173611,2.2729275215868054,2d:area×thick_range×rho,1인,,,niihau_2_664_14859_9123.jpg
2_664_14859_9123_2911,S248,pet_bottle,PET_Bottle,21.86286334328042,-160.16115541121417,380023.688025065,2418100.7387359077,3.0,1,0.2848098227978238,0.5352148437500456,0.0,0.017088589367869427,False,False,0.5639234491396911,0.46993620761640925,0.9398724152328185,2d:area×thick_range×rho,1인,,,niihau_2_664_14859_9123.jpg
2_664_15447_6580_2916,S249,plastic_other,Plastic_ETC,21.863350632238703,-160.1610183798748,380038.25530030945,2418154.5750806695,3.0,1,0.4853844508309744,0.7341137695313126,0.0,0.014561533524929232,False,False,1.1649226819943386,0.7766151213295591,3.883075606647796,2d:area×thick_range×rho,1인,,,niihau_2_664_15447_6580.jpg
2_664_15763_6621_2919,S249,plastic_other,Plastic_ETC,21.86326453291658,-160.16096783026507,380043.4069080374,2418145.0044057746,3.0,1,0.2589685725331748,0.5929638671875506,0.0,0.007769057175995244,False,False,0.6215245740796195,0.41434971605307963,2.0717485802653983,2d:area×thick_range×rho,1인,,,niihau_2_664_15763_6621.jpg
2_664_5863_16171_2922,S250,eps_fragment,Styrofoam_Piece,21.86154984727797,-160.16288397446542,379843.9674060324,2417956.682994107,3.0,1,0.7520882089377732,0.9556933593750814,0.0,0.022562646268133195,False,False,0.4512529253626639,0.3008352835751093,1.5041764178755466,2d:area×thick_range×rho,1인,,,niihau_2_664_5863_16171.jpg
2_664_5863_16171_2923,S250,plastic_other,Plastic_ETC,21.8615398676514,-160.16287570060047,379844.8140456441,2417955.5717798434,3.0,1,0.4411383052767075,0.6814025878906831,0.0,0.013234149158301225,False,False,1.058731932664098,0.705821288442732,3.5291064422136604,2d:area×thick_range×rho,1인,,,niihau_2_664_5863_16171.jpg
2_664_5863_16171_2924,S250,net,Net,21.861551291881263,-160.16282925850624,379849.6227553243,2417956.800176151,3.0,1,0.2005821962356909,0.48057128906254093,0.0,0.02406986354828291,False,False,3.6104795322424366,1.504366471767682,9.02619883060609,2d:area×thick_range×rho,1인,절단기,,niihau_2_664_5863_16171.jpg
2_664_6261_16162_2926,S250,plastic_other,Plastic_ETC,21.86150338667225,-160.16278064944683,379854.60575094656,2417951.459070708,3.0,1,0.3485682492972014,0.5906152343750504,0.0,0.010457047478916043,False,False,0.8365637983132834,0.5577091988755223,2.7885459943776114,2d:area×thick_range×rho,1인,,,niihau_2_664_6261_16162.jpg
2_664_6261_16162_2927,S250,plastic_buoy,Plastic_Buoy,21.861551924450715,-160.16280648947074,379851.9761506828,2417956.852418597,3.0,1,0.18549273644688904,0.43374755859378694,0.0,0.055647820934066713,False,False,3.3388692560440028,1.6694346280220014,4.451825674725337,2d:area×thick_range×rho,1인,,,niihau_2_664_6261_16162.jpg
2_664_6261_16162_2928,S250,net,Net,21.861551101498737,-160.1628292522986,379849.62323750544,2417956.7790958225,3.0,1,0.2171427300721777,0.49498657226566717,0.0,0.026057127608661322,False,False,3.9085691412991985,1.6285704755413328,9.771422853247996,2d:area×thick_range×rho,1인,절단기,,niihau_2_664_6261_16162.jpg
2_664_6464_22885_2931,S245,plastic_other,Plastic_ETC,21.860387670586334,-160.16271015841917,379860.95662303595,2417827.8934709327,3.0,1,0.35235111245928746,0.6227154159546429,0.0,0.010570533373778623,False,False,0.8456426699022899,0.56376177993486,2.8188088996743,2d:area×thick_range×rho,1인,,,niihau_2_664_6464_22885.jpg
2_664_6464_22885_2932,S245,pet_bottle,PET_Bottle,21.860394958531703,-160.162743634527,379857.5033976965,2417828.726394403,3.0,1,0.08204237024599222,0.4765820312500406,0.0,0.0049225422147595324,False,False,0.16244389308706458,0.13536991090588715,0.2707398218117743,2d:area×thick_range×rho,1인,,,niihau_2_664_6464_22885.jpg
2_664_7378_21415_2935,S251,pet_bottle,PET_Bottle,21.860636444545882,-160.16259142074827,379873.4347229956,2417855.340198043,3.0,1,0.27423303779219294,0.5813403320312995,0.0,0.016453982267531576,False,False,0.542981414828542,0.4524845123571184,0.9049690247142368,2d:area×thick_range×rho,1인,,,niihau_2_664_7378_21415.jpg
2_664_7378_21415_2936,S251,pet_bottle,PET_Bottle,21.860586953485537,-160.1626055588478,379871.932336158,2417849.872543489,3.0,1,0.30742278951188196,0.64521362304693,0.0,0.018445367370712916,False,False,0.6086971232335262,0.5072476026946052,1.0144952053892105,2d:area×thick_range×rho,1인,,,niihau_2_664_7378_21415.jpg
2_664_7378_21415_2937,S251,plastic_other,Plastic_ETC,21.860641017967218,-160.1626197972182,379870.50621305825,2417855.868637197,3.0,1,0.2090672344878672,0.4613562011719143,0.0,0.006272017034636016,False,False,0.5017613627708812,0.33450757518058755,1.6725378759029377,2d:area×thick_range×rho,1인,,,niihau_2_664_7378_21415.jpg
2_664_7378_21415_2938,S251,pet_bottle,PET_Bottle,21.860547581120088,-160.16261513555642,379870.90977304446,2417845.5214736843,3.0,1,0.10303211358489363,0.47583129882816555,0.0,0.0061819268150936175,False,False,0.20400358489808937,0.1700029874150745,0.340005974830149,2d:area×thick_range×rho,1인,,,niihau_2_664_7378_21415.jpg
2_664_7635_15287_2944,S252,eps_fragment,Styrofoam_Piece,21.86165661425524,-160.16255878003417,379877.6610813081,2417968.2482057572,3.0,1,0.2811838309765341,0.5482543945312968,0.0,0.008435514929296022,False,False,0.16871029858592043,0.11247353239061364,0.5623676619530682,2d:area×thick_range×rho,1인,,,niihau_2_664_7635_15287.jpg
2_664_7635_15287_2945,S252,plastic_other,Plastic_ETC,21.86165956242758,-160.1625994463434,379873.4612481984,2417968.606325958,3.0,1,0.705253539863349,0.8411523437500716,0.0,0.021157606195900472,False,False,1.6926084956720377,1.1284056637813584,5.642028318906792,2d:area×thick_range×rho,1인,,,niihau_2_664_7635_15287.jpg
2_664_7635_15287_2946,S252,plastic_other,Plastic_ETC,21.861703133991732,-160.16254907608945,379878.7027636899,2417973.3903957526,3.0,1,0.19599938249591353,0.49712890625004236,0.0,0.005879981474877406,False,False,0.4703985179901925,0.3135990119934617,1.5679950599673085,2d:area×thick_range×rho,1인,,,niihau_2_664_7635_15287.jpg
2_664_7737_21409_2948,S251,plastic_other,Plastic_ETC,21.86060761537667,-160.16251580212878,379881.22480060114,2417852.089743757,3.0,1,0.42421641871340354,0.6720520019531823,0.0,0.012726492561402106,False,False,1.0181194049121685,0.6787462699414457,3.3937313497072283,2d:area×thick_range×rho,1인,,,niihau_2_664_7737_21409.jpg
2_664_7737_21409_2949,S251,plastic_other,Plastic_ETC,21.860580486752426,-160.16245834669508,379887.13937603857,2417849.0417260416,3.0,1,0.19567171168330663,0.4884399414062916,0.0,0.005870151350499199,False,False,0.4696121080399359,0.3130747386932906,1.565373693466453,2d:area×thick_range×rho,1인,,,niihau_2_664_7737_21409.jpg
2_664_7822_16092_2954,S252,plastic_other,Plastic_ETC,21.86152215507063,-160.16245457411404,379888.31685177656,2417953.2821131977,3.0,1,0.19911112109426077,0.45143066406253846,0.0,0.005973333632827823,False,False,0.47786669062622583,0.31857779375081724,1.5928889687540861,2d:area×thick_range×rho,1인,,,niihau_2_664_7822_16092.jpg
2_664_7822_16092_2955,S252,plastic_other,Plastic_ETC,21.861566501620803,-160.16249169414314,379884.51810205413,2417958.220290685,3.0,1,0.40394825727946493,0.6474755859375552,0.0,0.012118447718383947,False,False,0.9694758174707158,0.6463172116471438,3.23158605823572,2d:area×thick_range×rho,1인,,,niihau_2_664_7822_16092.jpg
2_664_7822_16092_2956,S252,pet_bottle,PET_Bottle,21.861534036940746,-160.16246629323078,379887.11578092456,2417954.606594724,3.0,1,0.32263946156507267,0.6062792968750517,0.0,0.01935836769390436,False,False,0.6388261338988438,0.5323551115823699,1.0647102231647398,2d:area×thick_range×rho,1인,,,niihau_2_664_7822_16092.jpg
2_664_8095_15639_2958,S252,eps_fragment,Styrofoam_Piece,21.861645982040493,-160.1624269136593,379891.2787500721,2417966.968248184,3.0,1,0.28457544854884226,0.5576440429687975,0.0,0.008537263456465268,False,False,0.17074526912930538,0.11383017941953691,0.5691508970976845,2d:area×thick_range×rho,1인,,,niihau_2_664_8095_15639.jpg
2_664_8095_15639_2959,S252,plastic_buoy,Plastic_Buoy_China,21.86164663867467,-160.16246993424554,379886.8337178449,2417967.0745281116,3.0,1,0.17483976069691776,0.48500488281254134,0.0,0.05245192820907533,False,False,3.14711569254452,1.57355784627226,4.196154256726026,2d:area×thick_range×rho,1인,,,niihau_2_664_8095_15639.jpg
2_664_8095_15639_2960,S252,plastic_other,Plastic_ETC,21.86166082704217,-160.16246400249838,379887.4585495438,2417968.640558772,3.0,1,0.6427704292000436,0.8191979980469448,0.0,0.019283112876001308,False,False,1.5426490300801046,1.0284326867200697,5.1421634336003486,2d:area×thick_range×rho,1인,,,niihau_2_664_8095_15639.jpg
2_664_8095_15639_2961,S252,plastic_other,Plastic_ETC,21.861648937869504,-160.16245226504898,379888.66150760633,2417967.3152544913,3.0,1,0.9534497346581653,1.0086340332032109,0.0,0.02860349203974496,False,False,2.288279363179597,1.5255195754530646,7.627597877265323,2d:area×thick_range×rho,1인,,,niihau_2_664_8095_15639.jpg
2_664_8937_18307_2962,S253,plastic_other,Plastic_ETC,21.86120108126159,-160.16224200141576,379910.01480638643,2417917.573061945,3.0,1,0.27067796189864124,0.5424951171875462,0.0,0.008120338856959237,False,False,0.649627108556739,0.43308473903782596,2.16542369518913,2d:area×thick_range×rho,1인,,,niihau_2_664_8937_18307.jpg
2_664_8937_18307_2963,S253,eps_fragment,Styrofoam_Piece,21.861168429102875,-160.16228607033202,379905.4335735702,2417913.9928481146,3.0,1,0.30099470855002763,0.563249511718798,0.0,0.00902984125650083,False,False,0.1805968251300166,0.12039788342001105,0.6019894171000553,2d:area×thick_range×rho,1인,,,niihau_2_664_8937_18307.jpg
2_664_8937_18307_2964,S253,pet_bottle,PET_Bottle,21.861158763192538,-160.16228826345446,379905.19886038336,2417912.924537303,3.0,1,0.25865359374289154,0.5617626953125479,0.0,0.015519215624573491,False,False,0.5121341156109253,0.42677842967577106,0.8535568593515421,2d:area×thick_range×rho,1인,,,niihau_2_664_8937_18307.jpg
2_664_8937_18307_2965,S253,eps_fragment,Styrofoam_Piece,21.861202799091462,-160.16229832052176,379904.19642604596,2417917.807192854,3.0,1,0.35973024749873744,0.6382212829590388,0.0,0.010791907424962123,False,False,0.21583814849924246,0.14389209899949498,0.7194604949974749,2d:area×thick_range×rho,1인,,,niihau_2_664_8937_18307.jpg
2_664_8937_18307_2966,S253,pet_bottle,PET_Bottle,21.86118673368607,-160.16228190852243,379905.87894843746,2417916.0159290605,3.0,1,0.2658466490790701,0.5405645751953585,0.0,0.015950798944744205,False,False,0.5263763651765587,0.4386469709804656,0.8772939419609312,2d:area×thick_range×rho,1인,,,niihau_2_664_8937_18307.jpg
2_664_9628_13639_2972,S254,eps_fragment,Styrofoam_Piece,21.862014754948717,-160.16219165900088,379915.89744748845,2418007.608001936,3.0,1,0.38167137711799687,0.6198767089844278,0.0,0.011450141313539906,False,False,0.22900282627079813,0.15266855084719874,0.7633427542359938,2d:area×thick_range×rho,1인,,,niihau_2_664_9628_13639.jpg
2_664_9628_13639_2973,S254,eps_fragment,Styrofoam_Piece,21.86197672712828,-160.1621489201146,379920.28210738616,2418003.3649332644,3.0,1,0.27239126348500126,0.5242773437500446,0.0,0.008171737904550037,False,False,0.16343475809100075,0.10895650539400051,0.5447825269700025,2d:area×thick_range×rho,1인,,,niihau_2_664_9628_13639.jpg
2_664_9628_13639_2974,S254,eps_buoy,Styrofoam_Buoy,21.86201367220079,-160.16215882000773,379919.28998799616,2418007.4625062994,3.0,1,0.820527278781077,0.9715209960938328,0.0,0.2871845475733769,False,False,7.179613689334423,3.076977295429039,8.20527278781077,2d:area×thick_range×rho,1인,,,niihau_2_664_9628_13639.jpg
2_665_10432_9198_2977,S255,plastic_other,Plastic_ETC,21.864936372917068,-160.15885595670863,380263.03138510924,2418328.4327138397,3.0,1,0.31038709449773355,0.5574121093750475,0.0,0.009311612834932006,False,False,0.7449290267945605,0.4966193511963737,2.4830967559818684,2d:area×thick_range×rho,1인,,,niihau_2_665_10432_9198.jpg
2_665_10432_9198_2978,S255,plastic_other,Plastic_ETC,21.864997524525062,-160.15888036562498,380260.5601216763,2418335.2212377037,3.0,1,0.26435718740564623,0.5336666870117642,0.0,0.007930715622169387,False,False,0.634457249773551,0.42297149984903404,2.11485749924517,2d:area×thick_range×rho,1인,,,niihau_2_665_10432_9198.jpg
2_665_10432_9198_2979,S255,plastic_buoy,Plastic_Buoy_China,21.86499106040822,-160.15892289239568,380256.16028463753,2418334.5387630127,3.0,1,0.17773943708940176,0.4309826660156617,0.0,0.053321831126820526,False,False,3.1993098676092315,1.5996549338046158,4.265746490145642,2d:area×thick_range×rho,1인,,,niihau_2_665_10432_9198.jpg
2_665_10432_9198_2980,S255,pet_bottle,PET_Bottle,21.864958816468363,-160.1588640651461,380262.21222780517,2418330.9235414816,3.0,1,0.13157273853572465,0.5017077636719177,0.0,0.007894364312143479,False,False,0.2605140223007348,0.2170950185839457,0.4341900371678914,2d:area×thick_range×rho,1인,,,niihau_2_665_10432_9198.jpg
2_665_10432_9198_2981,S255,plastic_buoy,Plastic_Buoy_China,21.864952123397796,-160.15884753350457,380263.91492109507,2418330.169744911,3.0,1,0.1794223341003366,0.47118774414066517,0.0,0.05382670023010098,False,False,3.229602013806059,1.6148010069030294,4.306136018408078,2d:area×thick_range×rho,1인,,,niihau_2_665_10432_9198.jpg
2_665_10432_9198_2982,S255,net,Net,21.864992454181262,-160.15891176297313,380257.31149081275,2418334.6843901854,3.0,1,0.21803898448873302,0.49921264648441754,0.0,0.02616467813864796,False,False,3.924701720797194,1.6352923836654976,9.811754301992986,2d:area×thick_range×rho,1인,절단기,,niihau_2_665_10432_9198.jpg
2_665_10432_9198_2983,S255,plastic_buoy,Plastic_Buoy,21.865003571984587,-160.1588788300256,380260.7238442508,2418335.8894998934,3.0,1,0.15337743444445362,0.41046020507815995,0.0,0.04601323033333608,False,False,2.760793820000165,1.3803969100000826,3.6810584266668873,2d:area×thick_range×rho,1인,,,niihau_2_665_10432_9198.jpg
2_665_13017_6621_2988,S256,plastic_other,Plastic_ETC,21.865419191267513,-160.15838547330878,380312.0506588977,2418381.514825444,3.0,1,0.6116105834872573,0.8002124023438182,0.0,0.01834831750461772,False,False,1.4678654003694174,0.9785769335796117,4.892884667898059,2d:area×thick_range×rho,1인,,,niihau_2_665_13017_6621.jpg
2_665_13017_6621_2989,S256,plastic_other,Plastic_ETC,21.865424201509953,-160.1583679242176,380313.8682414382,2418382.0558064156,3.0,1,0.27606514260475573,0.5346472167969205,0.0,0.008281954278142671,False,False,0.6625563422514137,0.4417042281676092,2.208521140838046,2d:area×thick_range×rho,1인,,,niihau_2_665_13017_6621.jpg
2_665_13017_6621_2990,S257,plastic_other,Plastic_ETC,21.86540085969433,-160.15831757731812,380319.0512956951,2418379.4326758906,3.0,1,0.29264692839389067,0.5476708984375467,0.0,0.008779407851816719,False,False,0.7023526281453375,0.4682350854302251,2.3411754271511254,2d:area×thick_range×rho,1인,,,niihau_2_665_13017_6621.jpg
2_665_13017_6621_2991,S256,plastic_buoy,Plastic_Buoy_China,21.86539018142028,-160.15842331751685,380308.11590649927,2418378.332866643,3.0,1,0.23419240971286112,0.49219360351566693,0.0,0.07025772291385833,False,False,4.2154633748315,2.10773168741575,5.620617833108668,2d:area×thick_range×rho,1인,,,niihau_2_665_13017_6621.jpg
2_665_13017_6621_2992,S256,glass,Glass,21.865368906377782,-160.1584211129601,380308.3259743034,2418375.975990449,3.0,1,0.07172193412483961,0.3382144165039351,0.0,0.005020535388738773,False,False,3.012321233243264,2.1516580237451883,4.303316047490377,2d:area×thick_range×rho,1인,,,niihau_2_665_13017_6621.jpg
2_665_13017_6621_2993,S256,pet_bottle,PET_Bottle,21.865397304098646,-160.1584080847527,380309.69589681475,2418379.109497697,3.0,1,0.2879042297870411,0.5699121093750485,0.0,0.017274253787222468,False,False,0.5700503749783414,0.4750419791486179,0.9500839582972358,2d:area×thick_range×rho,1인,,,niihau_2_665_13017_6621.jpg
2_665_13017_6621_2994,S256,eps_fragment,Styrofoam_Piece,21.865379687217246,-160.1584096672925,380309.5176811381,2418377.1605293183,3.0,1,0.17581003848019255,0.42735351562503643,0.0,0.005274301154405777,False,False,0.10548602308811553,0.07032401539207703,0.3516200769603851,2d:area×thick_range×rho,1인,,,niihau_2_665_13017_6621.jpg
2_665_13017_6621_2995,S256,plastic_other,Plastic_ETC,21.865400295807827,-160.15842765764103,380307.67585910513,2418379.4559131856,3.0,1,0.26330756051759063,0.6049340820313015,0.0,0.007899226815527719,False,False,0.6319381452422175,0.421292096828145,2.106460484140725,2d:area×thick_range×rho,1인,,,niihau_2_665_13017_6621.jpg
2_665_13022_7668_3001,S258,plastic_other,Plastic_ETC,21.865231822215165,-160.15830537867726,380320.1709145268,2418360.710629018,3.0,1,0.1783499349385804,0.48300048828129116,0.0,0.005350498048157412,False,False,0.4280398438525929,0.2853598959017286,1.4267994795086434,2d:area×thick_range×rho,1인,,,niihau_2_665_13022_7668.jpg
2_665_13022_7668_3002,S256,eps_fragment,Styrofoam_Piece,21.8652613909278,-160.15835254044836,380315.32217492274,2418364.0206017545,3.0,1,0.4222686605305199,0.7118713378906857,0.0,0.012668059815915598,False,False,0.25336119631831194,0.16890746421220795,0.8445373210610398,2d:area×thick_range×rho,1인,,,niihau_2_665_13022_7668.jpg
2_665_13022_7668_3003,S256,plastic_other,Plastic_ETC,21.86522053280017,-160.15839636467285,380310.7596060581,2418359.5316834003,3.0,1,0.3134708451748428,0.6378613281250544,0.0,0.009404125355245284,False,False,0.7523300284196227,0.5015533522797485,2.5077667613987424,2d:area×thick_range×rho,1인,,,niihau_2_665_13022_7668.jpg
2_665_13022_7668_3004,S258,pet_bottle,PET_Bottle,21.8652142207314,-160.15835676615788,380314.84619581053,2418358.8021196253,3.0,1,0.2916859973341724,0.5475073242187967,0.0,0.017501159840050344,False,False,0.5775382747216613,0.48128189560138446,0.9625637912027689,2d:area×thick_range×rho,1인,,,niihau_2_665_13022_7668.jpg
2_665_13022_7668_3005,S256,plastic_buoy,Plastic_Buoy_China,21.86526275702013,-160.15835654253343,380314.90976454446,2418364.1749432227,3.0,1,0.10944827529789883,0.34916992187502977,0.0,0.03283448258936965,False,False,1.9700689553621789,0.9850344776810894,2.626758607149572,2d:area×thick_range×rho,1인,,,niihau_2_665_13022_7668.jpg
2_665_13022_7668_3006,S256,plastic_other,Plastic_ETC,21.865237193640763,-160.15836860744514,380313.6417454366,2418361.354449358,3.0,1,0.1926910207227201,0.4508435058594134,0.0,0.0057807306216816024,False,False,0.4624584497345282,0.3083056331563522,1.5415281657817608,2d:area×thick_range×rho,1인,,,niihau_2_665_13022_7668.jpg
2_665_13022_7668_3007,S258,pet_bottle,PET_Bottle,21.865178835145528,-160.15839428720713,380310.9395166916,2418354.914110233,3.0,1,0.11589550698997564,0.35300048828128006,0.0,0.0069537304193985384,False,False,0.22947310384015177,0.19122758653345984,0.3824551730669197,2d:area×thick_range×rho,1인,,,niihau_2_665_13022_7668.jpg
2_665_13022_7668_3008,S256,plastic_buoy,Plastic_Buoy_China,21.865285114181564,-160.1584034662068,380310.0796185459,2418366.6864091405,3.0,1,0.1398601052704971,0.3775930786133134,0.0,0.04195803158114913,False,False,2.517481894868948,1.258740947434474,3.356642526491931,2d:area×thick_range×rho,1인,,,niihau_2_665_13022_7668.jpg
2_665_13022_7668_3009,S256,pet_bottle,PET_Bottle,21.865272348528713,-160.15839727426092,380310.7088113609,2418365.2684249333,3.0,1,0.182468616295637,0.43921508789066244,0.0,0.01094811697773822,False,False,0.36128786026536125,0.30107321688780103,0.6021464337756021,2d:area×thick_range×rho,1인,,,niihau_2_665_13022_7668.jpg
2_665_13022_7668_3010,S256,plastic_buoy,Plastic_Buoy_China,21.865259887935157,-160.15832349602675,380318.32218176546,2418363.831619168,3.0,1,0.20139701283577538,0.4788153076172283,0.0,0.06041910385073261,False,False,3.625146231043957,1.8125731155219784,4.833528308058609,2d:area×thick_range×rho,1인,,,niihau_2_665_13022_7668.jpg
2_665_13345_7682_3015,S256,plastic_other,Plastic_ETC,21.865261425552898,-160.15835244395504,380315.33217477286,2418364.024359689,3.0,1,0.42558994973756176,0.70346191406256,0.0,0.012767698492126852,False,False,1.0214158793701482,0.6809439195800988,3.404719597900494,2d:area×thick_range×rho,1인,,,niihau_2_665_13345_7682.jpg
2_665_13345_7682_3016,S258,pet_bottle,PET_Bottle,21.865176808912757,-160.1583140157161,380319.2325610311,2418354.6273425967,3.0,1,0.1916211792648165,0.49376586914066706,0.0,0.01149727075588899,False,False,0.37940993494433667,0.31617494578694727,0.6323498915738945,2d:area×thick_range×rho,1인,,,niihau_2_665_13345_7682.jpg
2_665_13345_7682_3017,S257,plastic_other,Plastic_ETC,21.86527069939624,-160.1582522331941,380325.6950265969,2418364.973005264,3.0,1,0.23015841343257773,0.4834457397461349,0.0,0.006904752402977331,False,False,0.5523801922381865,0.36825346149212435,1.841267307460622,2d:area×thick_range×rho,1인,,,niihau_2_665_13345_7682.jpg
2_665_13345_7682_3018,S258,plastic_other,Plastic_ETC,21.86523192255232,-160.15830326208646,380320.3897127955,2418360.7200894686,3.0,1,0.4386351533056053,0.8528588867188227,0.0,0.01315905459916816,False,False,1.0527243679334528,0.7018162452889686,3.509081226444843,2d:area×thick_range×rho,1인,,,niihau_2_665_13345_7682.jpg
2_665_13345_7682_3019,S258,pet_bottle,PET_Bottle,21.865214113042956,-160.15835651018196,380314.8725569188,2418358.7899992615,3.0,1,0.2851436852660516,0.5340722656250455,0.0,0.017108621115963094,False,False,0.5645844968267821,0.47048708068898515,0.9409741613779703,2d:area×thick_range×rho,1인,,,niihau_2_665_13345_7682.jpg
2_665_13345_7682_3020,S256,net,Net,21.8652626714213,-160.15835663918253,380314.89970610256,2418364.1655425853,3.0,1,0.10495118600709288,0.33801315307620067,0.0,0.012594142320851145,False,False,1.8891213481276719,0.7871338950531966,4.72280337031918,2d:area×thick_range×rho,1인,절단기,,niihau_2_665_13345_7682.jpg
2_665_13345_7682_3021,S258,net,Net,21.86523867613962,-160.15828728935892,380322.04585944593,2418361.455287406,3.0,1,0.1591651663184437,0.40430419921878447,0.0,0.019099819958213245,False,False,2.8649729937319868,1.1937387473883279,7.162432484329967,2d:area×thick_range×rho,1인,절단기,,niihau_2_665_13345_7682.jpg
2_665_13345_7682_3022,S258,eps_fragment,Styrofoam_Piece,21.865186109719296,-160.15827430981332,380323.34326333716,2418355.626052566,3.0,1,0.21749829754833114,0.4717382812500402,0.0,0.006524948926449934,False,False,0.1304989785289987,0.08699931901933246,0.4349965950966623,2d:area×thick_range×rho,1인,,,niihau_2_665_13345_7682.jpg
2_665_13345_7682_3023,S257,eps_fragment,Styrofoam_Piece,21.86525755183689,-160.1582477044356,380326.15203965397,2418363.5140385325,3.0,1,0.13177043530943255,0.3818554687500325,0.0,0.003953113059282976,False,False,0.07906226118565952,0.05270817412377302,0.2635408706188651,2d:area×thick_range×rho,1인,,,niihau_2_665_13345_7682.jpg
2_665_13345_7682_3024,S256,pet_bottle,PET_Bottle,21.865260413112598,-160.15831770021273,380318.9215209002,2418363.885246807,3.0,1,0.20636202678683935,0.504531250000043,0.0,0.01238172160721036,False,False,0.4085968130379419,0.3404973441982849,0.6809946883965698,2d:area×thick_range×rho,1인,,,niihau_2_665_13345_7682.jpg
2_665_13390_7274_3030,S256,plastic_other,Plastic_ETC,21.86526146197134,-160.15835253315396,380315.3229878999,2418364.0284606433,3.0,1,0.4132098623352829,0.6960253906250593,0.0,0.012396295870058487,False,False,0.9917036696046789,0.6611357797364527,3.305678898682263,2d:area×thick_range×rho,1인,,,niihau_2_665_13390_7274.jpg
2_665_13390_7274_3031,S257,pet_bottle,PET_Bottle,21.86530690323972,-160.15829471455103,380321.33546131186,2418369.013847628,3.0,1,0.5284126812637753,0.7828930664063167,0.0,0.031704760875826514,False,False,1.046257108902275,0.8718809240852292,1.7437618481704584,2d:area×thick_range×rho,1인,,,niihau_2_665_13390_7274.jpg
2_665_13390_7274_3032,S257,plastic_other,Plastic_ETC,21.865343742906013,-160.15825142860749,380325.8390525028,2418373.0583414347,3.0,1,0.25119287870530593,0.5113061523437935,0.0,0.007535786361159178,False,False,0.6028629088927342,0.40190860592848954,2.0095430296424475,2d:area×thick_range×rho,1인,,,niihau_2_665_13390_7274.jpg
2_665_13390_7274_3033,S257,eps_fragment,Styrofoam_Piece,21.86535032493189,-160.158238140721,380327.21762095834,2418373.7766369022,3.0,1,0.2499544050693938,0.5208496093750443,0.0,0.007498632152081813,False,False,0.14997264304163627,0.09998176202775752,0.49990881013878763,2d:area×thick_range×rho,1인,,,niihau_2_665_13390_7274.jpg
2_665_13390_7274_3034,S257,plastic_other,Plastic_ETC,21.865270683373886,-160.1582522618301,380325.6920541847,2418364.9712538593,3.0,1,0.23208044629100938,0.4941064453125421,0.0,0.006962413388730281,False,False,0.5569930710984226,0.3713287140656151,1.856643570328075,2d:area×thick_range×rho,1인,,,niihau_2_665_13390_7274.jpg
2_665_13390_7274_3035,S257,pet_bottle,PET_Bottle,21.865361165879705,-160.15832153713947,380318.6090253891,2418375.0416269037,3.0,1,0.298292399251605,0.7033604431152943,0.0,0.0178975439550963,False,False,0.5906189505181779,0.49218245876514827,0.9843649175302965,2d:area×thick_range×rho,1인,,,niihau_2_665_13390_7274.jpg
2_665_13390_7274_3036,S257,plastic_other,Plastic_ETC,21.8653143530088,-160.158290763877,380321.7499078246,2418369.835467705,3.0,1,0.2817648309469703,0.539902343750046,0.0,0.008452944928409109,False,False,0.6762355942727287,0.4508237295151525,2.2541186475757624,2d:area×thick_range×rho,1인,,,niihau_2_665_13390_7274.jpg
2_665_13466_6806_3043,S257,eps_fragment,Styrofoam_Piece,21.865350389248558,-160.1582382056457,380327.2109656824,2418373.783807314,3.0,1,0.25452433962826293,0.5251757812500447,0.0,0.007635730188847887,False,False,0.15271460377695775,0.10180973585130518,0.5090486792565259,2d:area×thick_range×rho,1인,,,niihau_2_665_13466_6806.jpg
2_665_13466_6806_3044,S257,plastic_other,Plastic_ETC,21.86534681444889,-160.15822048333536,380329.03929193766,2418373.374285731,3.0,1,0.18680529516342484,0.47593261718754054,0.0,0.005604158854902745,False,False,0.44833270839221956,0.29888847226147974,1.4944423613073987,2d:area×thick_range×rho,1인,,,niihau_2_665_13466_6806.jpg
2_665_13466_6806_3045,S257,plastic_other,Plastic_ETC,21.865444552238486,-160.15825917341343,380325.12278583273,2418384.224023759,3.0,1,0.22952546443042066,0.507363147735639,0.0,0.006885763932912619,False,False,0.5508611146330096,0.3672407430886731,1.8362037154433652,2d:area×thick_range×rho,1인,,,niihau_2_665_13466_6806.jpg
2_665_13466_6806_3046,S257,plastic_other,Plastic_ETC,21.8654156443155,-160.15822544744842,380328.58370526804,2418380.9976573694,3.0,1,0.3512104527831676,0.6271533203125534,0.0,0.010536313583495027,False,False,0.8429050866796022,0.5619367244530682,2.809683622265341,2d:area×thick_range×rho,1인,,,niihau_2_665_13466_6806.jpg
2_665_13466_6806_3047,S257,plastic_other,Plastic_ETC,21.865343869050808,-160.15825149440894,380325.83235816495,2418373.0723569402,3.0,1,0.21302358913425262,0.4623046875000394,0.0,0.006390707674027578,False,False,0.5112566139222062,0.34083774261480415,1.704188713074021,2d:area×thick_range×rho,1인,,,niihau_2_665_13466_6806.jpg
2_665_13466_6806_3048,S257,plastic_other,Plastic_ETC,21.865438727871137,-160.15825189541977,380325.8699899965,2418383.5735997767,3.0,1,0.39120424296862594,0.6850292968750583,0.0,0.011736127289058778,False,False,0.9388901831247022,0.6259267887498016,3.129633943749008,2d:area×thick_range×rho,1인,,,niihau_2_665_13466_6806.jpg
2_665_13466_6806_3049,S257,plastic_other,Plastic_ETC,21.865400732229205,-160.1583177370085,380319.03468810127,2418379.41868968,3.0,1,0.25998784992848295,0.5419433593750461,0.0,0.007799635497854489,False,False,0.6239708398283591,0.4159805598855727,2.0799027994278636,2d:area×thick_range×rho,1인,,,niihau_2_665_13466_6806.jpg
2_665_13466_6806_3050,S257,plastic_other,Plastic_ETC,21.865407376822596,-160.1582773744371,380323.21102572343,2418380.1228439133,3.0,1,0.1772195472419564,0.4233959960937861,0.0,0.005316586417258692,False,False,0.42532691338069534,0.2835512755871302,1.4177563779356515,2d:area×thick_range×rho,1인,,,niihau_2_665_13466_6806.jpg
2_665_13466_6806_3051,S257,pet_bottle,PET_Bottle,21.865359986187176,-160.15829361009023,380321.4938378055,2418374.8893037965,3.0,1,0.13596757391097478,0.4133056640625352,0.0,0.008158054434658486,False,False,0.26921579634373005,0.2243464969531084,0.4486929939062168,2d:area×thick_range×rho,1인,,,niihau_2_665_13466_6806.jpg
2_665_13712_7136_3054,S257,plastic_buoy,Plastic_Buoy,21.86529792156853,-160.1582054455777,380330.5524411224,2418367.9501132467,3.0,1,0.17979636014703,0.42818115234378645,0.0,0.053938908044108995,False,False,3.23633448264654,1.61816724132327,4.31511264352872,2d:area×thick_range×rho,1인,,,niihau_2_665_13712_7136.jpg
2_665_13712_7136_3055,S257,plastic_other,Plastic_ETC,21.86533555221912,-160.15818790078956,380332.3967689636,2418372.1021992387,3.0,1,0.5658589263261329,0.809626464843819,0.0,0.016975767789783987,False,False,1.358061423182719,0.9053742821218126,4.526871410609063,2d:area×thick_range×rho,1인,,,niihau_2_665_13712_7136.jpg
2_665_13712_7136_3056,S257,eps_fragment,Styrofoam_Piece,21.865350326153617,-160.1582381535955,380327.21629161097,2418373.7767821653,3.0,1,0.24504633527402286,0.5063793945312931,0.0,0.007351390058220685,False,False,0.14702780116441372,0.09801853410960916,0.49009267054804573,2d:area×thick_range×rho,1인,,,niihau_2_665_13712_7136.jpg
2_665_13712_7136_3057,S257,plastic_other,Plastic_ETC,21.865370266068954,-160.1582100788783,380330.1339668849,2418375.9622995267,3.0,1,0.569134766472973,0.7843637084961605,0.0,0.01707404299418919,False,False,1.3659234395351352,0.9106156263567567,4.553078131783784,2d:area×thick_range×rho,1인,,,niihau_2_665_13712_7136.jpg
2_665_13712_7136_3058,S257,plastic_other,Plastic_ETC,21.865346818970643,-160.1582200580651,380329.0832403144,2418373.3744554087,3.0,1,0.23558420805637084,0.48541320800785387,0.0,0.007067526241691125,False,False,0.56540209933529,0.37693473289019336,1.8846736644509667,2d:area×thick_range×rho,1인,,,niihau_2_665_13712_7136.jpg
2_665_13712_7136_3059,S257,plastic_other,Plastic_ETC,21.865343856094917,-160.15825155703283,380325.82587622956,2418373.0709714415,3.0,1,0.25118198104803074,0.503748779296918,0.0,0.0075354594314409225,False,False,0.6028367545152737,0.40189116967684924,2.0094558483842464,2d:area×thick_range×rho,1인,,,niihau_2_665_13712_7136.jpg
2_665_13712_7136_3060,S257,plastic_other,Plastic_ETC,21.865386848696463,-160.15817279880886,380334.00006280816,2418377.769001524,3.0,1,0.17865169299676334,0.5813457489014168,0.0,0.0053595507899029,False,False,0.42876406319223204,0.2858427087948213,1.429213543974107,2d:area×thick_range×rho,1인,,,niihau_2_665_13712_7136.jpg
2_665_13712_7136_3061,S257,eps_fragment,Styrofoam_Piece,21.8653610661519,-160.15822475872906,380328.6093803313,2418374.955284656,3.0,1,0.16888362371924415,0.4189208984375357,0.0,0.005066508711577324,False,False,0.10133017423154647,0.06755344948769766,0.3377672474384883,2d:area×thick_range×rho,1인,,,niihau_2_665_13712_7136.jpg
2_665_13712_7136_3062,S257,plastic_other,Plastic_ETC,21.865314423192505,-160.15829095342977,380321.73037919804,2418369.843384577,3.0,1,0.228453105981035,0.5100329589844185,0.0,0.00685359317943105,False,False,0.548287454354484,0.365524969569656,1.8276248478482802,2d:area×thick_range×rho,1인,,,niihau_2_665_13712_7136.jpg
2_665_14330_6495_3069,S257,plastic_other,Plastic_ETC,21.865502408168886,-160.158103475278,380341.2598070124,2418390.5075733787,3.0,1,0.23037086354199998,0.48740234375004154,0.0,0.006911125906259999,False,False,0.5528900725007999,0.36859338166719996,1.842966908336,2d:area×thick_range×rho,1인,,,niihau_2_665_14330_6495.jpg
2_665_14330_6495_3070,S257,plastic_other,Plastic_ETC,21.865470929303243,-160.15815057840598,380336.3662505885,2418387.059489327,3.0,1,0.24049448996805028,0.5334727478027799,0.0,0.0072148346990415085,False,False,0.5771867759233207,0.38479118394888046,1.9239559197444023,2d:area×thick_range×rho,1인,,,niihau_2_665_14330_6495.jpg
2_665_14330_6495_3071,S257,plastic_other,Plastic_ETC,21.865446671147037,-160.15810108683712,380341.4601586289,2418384.3355921744,3.0,1,0.5631386449337965,0.751184082031314,0.0,0.016894159348013894,False,False,1.3515327478411114,0.9010218318940744,4.505109159470372,2d:area×thick_range×rho,1인,,,niihau_2_665_14330_6495.jpg
2_665_14330_6495_3072,S257,pet_bottle,PET_Bottle,21.865442975309872,-160.15813880742755,380337.5592854794,2418383.9558069175,3.0,1,0.45111448849447305,0.6993493652344346,0.0,0.02706686930966838,False,False,0.8932066872190566,0.7443389060158806,1.4886778120317612,2d:area×thick_range×rho,1인,,,niihau_2_665_14330_6495.jpg
2_665_14330_6495_3073,S257,eps_fragment,Styrofoam_Piece,21.865448820061182,-160.1581141959474,380340.1073421338,2418384.5836769515,3.0,1,0.9437006469757974,1.0538061523438398,0.0,0.02831101940927392,False,False,0.5662203881854784,0.37748025879031893,1.887401293951595,2d:area×thick_range×rho,1인,,,niihau_2_665_14330_6495.jpg
2_665_14330_6495_3074,S257,eps_fragment,Styrofoam_Piece,21.86548808203913,-160.15814499463184,380336.9575366661,2418388.953963673,3.0,1,0.22482846369449155,0.47757080078129066,0.0,0.0067448539108347465,False,False,0.13489707821669494,0.08993138547779664,0.4496569273889831,2d:area×thick_range×rho,1인,,,niihau_2_665_14330_6495.jpg
2_665_14330_6495_3075,S257,plastic_buoy,Plastic_Buoy_China,21.86549866076817,-160.15813586667912,380337.90957486077,2418390.117933995,3.0,1,0.08642554612757247,0.29493652343752513,0.0,0.02592766383827174,False,False,1.5556598302963045,0.7778299151481523,2.0742131070617393,2d:area×thick_range×rho,1인,,,niihau_2_665_14330_6495.jpg
2_665_14330_6495_3076,S257,plastic_buoy,Plastic_Buoy,21.865426034617588,-160.15812562426723,380338.9074254577,2418382.070205256,3.0,1,0.2200342231929677,0.4752429199219155,0.0,0.0660102669578903,False,False,3.960616017473418,1.980308008736709,5.280821356631225,2d:area×thick_range×rho,1인,,,niihau_2_665_14330_6495.jpg
2_665_14330_6495_3077,S257,pet_bottle,PET_Bottle,21.865491090482337,-160.1581138325098,380340.1801277929,2418389.262756173,3.0,1,0.23625933147225828,0.5149731445312938,0.0,0.014175559888335496,False,False,0.4677934763150714,0.3898278969292262,0.7796557938584524,2d:area×thick_range×rho,1인,,,niihau_2_665_14330_6495.jpg
2_665_14330_6495_3078,S257,plastic_other,Plastic_ETC,21.865478486163838,-160.1580767572253,380344.00073298253,2418387.8386066556,3.0,1,0.31022251367574255,0.5826416015625496,0.0,0.009306675410272277,False,False,0.7445340328217821,0.49635602188118805,2.4817801094059404,2d:area×thick_range×rho,1인,,,niihau_2_665_14330_6495.jpg
2_665_14330_6495_3079,S257,plastic_other,Plastic_ETC,21.865405436906045,-160.15814991763943,380336.37994322734,2418379.808926006,3.0,1,5.6591492314165786,2.560197753906468,0.0,0.16977447694249734,False,False,13.581958155399787,9.054638770266525,45.273193851332636,2d:area×thick_range×rho,2인,,,niihau_2_665_14330_6495.jpg
2_665_14330_6495_3080,S257,pet_bottle,PET_Bottle,21.865443078705585,-160.15815793987989,380335.58235231333,2418383.9821380987,3.0,1,0.1656466658547803,0.45751403808597646,0.0,0.009938799951286818,False,False,0.327980398392465,0.2733169986603875,0.546633997320775,2d:area×thick_range×rho,1인,,,niihau_2_665_14330_6495.jpg
2_665_14437_6146_3086,S257,plastic_other,Plastic_ETC,21.865470809267194,-160.1581503204313,380336.39280790766,2418387.0460005538,3.0,1,0.27767483072285615,0.5777369689941898,0.0,0.008330244921685685,False,False,0.6664195937348548,0.4442797291565698,2.221398645782849,2d:area×thick_range×rho,1인,,,niihau_2_665_14437_6146.jpg
2_665_14437_6146_3087,S257,plastic_other,Plastic_ETC,21.86550233925897,-160.1581034869017,380341.2585484669,2418390.499954052,3.0,1,0.25199526556734564,0.5133935546875438,0.0,0.007559857967020369,False,False,0.6047886373616295,0.403192424907753,2.015962124538765,2d:area×thick_range×rho,1인,,,niihau_2_665_14437_6146.jpg
2_665_14437_6146_3088,S257,plastic_other,Plastic_ETC,21.865511039888332,-160.15804787994716,380347.011847001,2418391.419859073,3.0,1,0.2994704995453868,0.5583972167969226,0.0,0.008984114986361603,False,False,0.7187291989089283,0.4791527992726189,2.3957639963630943,2d:area×thick_range×rho,1인,,,niihau_2_665_14437_6146.jpg
2_665_14437_6146_3089,S257,plastic_other,Plastic_ETC,21.865527094180376,-160.15810920216413,380340.6886038648,2418393.244785664,3.0,1,0.4460957210318014,0.6772930908203701,0.0,0.013382871630954042,False,False,1.0706297304763233,0.7137531536508822,3.5687657682544116,2d:area×thick_range×rho,1인,,,niihau_2_665_14437_6146.jpg
2_665_14437_6146_3090,S257,eps_fragment,Styrofoam_Piece,21.865551037640163,-160.15812071503973,380339.5188971526,2418395.9042984988,3.0,1,0.2177531340625508,0.5303405761719202,0.0,0.006532594021876524,False,False,0.13065188043753048,0.08710125362502033,0.4355062681251016,2d:area×thick_range×rho,1인,,,niihau_2_665_14437_6146.jpg
2_665_14437_6146_3091,S257,eps_fragment,Styrofoam_Piece,21.865487948183162,-160.15814507285168,380336.949342389,2418388.93920659,3.0,1,0.2191528687626497,0.48186279296879103,0.0,0.006574586062879491,False,False,0.13149172125758982,0.08766114750505988,0.4383057375252994,2d:area×thick_range×rho,1인,,,niihau_2_665_14437_6146.jpg
2_665_14437_6146_3092,S257,plastic_other,Plastic_ETC,21.86555590210328,-160.15813125107996,380338.4342286077,2418396.450994609,3.0,1,1.3428872055026664,1.1691204833985371,0.0,0.04028661616507999,False,False,3.2229292932063993,2.148619528804266,10.743097644021331,2d:area×thick_range×rho,1인,,,niihau_2_665_14437_6146.jpg
2_665_14437_6146_3093,S257,plastic_other,Plastic_ETC,21.86555775213262,-160.1581179894338,380339.806139042,2418396.6454765075,3.0,1,0.2686359103441696,0.5233349609375446,0.0,0.008059077310325088,False,False,0.6447261848260071,0.4298174565506714,2.149087282753357,2d:area×thick_range×rho,1인,,,niihau_2_665_14437_6146.jpg
2_665_14437_6146_3094,S257,pet_bottle,PET_Bottle,21.86546604600659,-160.15814259416885,380337.18721785455,2418386.512693538,3.0,1,0.2157515326377372,0.5114111328125436,0.0,0.01294509195826423,False,False,0.4271880346227196,0.3559900288522664,0.7119800577045328,2d:area×thick_range×rho,1인,,,niihau_2_665_14437_6146.jpg
2_665_14437_6146_3095,S257,plastic_buoy,Plastic_Buoy_China,21.865535565110783,-160.1580509428456,380346.7157873552,2418394.137199223,3.0,1,0.2018541098356591,0.46666992187503975,0.0,0.06055623295069773,False,False,3.633373977041864,1.816686988520932,4.844498636055818,2d:area×thick_range×rho,1인,,,niihau_2_665_14437_6146.jpg
2_665_14437_6146_3096,S257,pet_bottle,PET_Bottle,21.865526615824276,-160.15806741764504,380345.00593463826,2418393.1593242222,3.0,1,0.15850239725711662,0.4399316406250375,0.0,0.009510143835426997,False,False,0.3138347465690909,0.26152895547424243,0.5230579109484849,2d:area×thick_range×rho,1인,,,niihau_2_665_14437_6146.jpg
2_665_14437_6146_3097,S257,pet_bottle,PET_Bottle,21.865518973340947,-160.15814757186612,380336.71696990763,2418392.3756551947,3.0,1,0.45746673406482086,0.7342675781250626,0.0,0.02744800404388925,False,False,0.9057841334483453,0.7548201112069544,1.5096402224139087,2d:area×thick_range×rho,1인,,,niihau_2_665_14437_6146.jpg
2_665_14437_6146_3098,S257,plastic_buoy,Plastic_Buoy_China,21.865498753486573,-160.1581359733654,380337.8986279002,2418390.128280982,3.0,1,0.08687740393133452,0.3136608886719017,0.0,0.026063221179400353,False,False,1.5637932707640212,0.7818966353820106,2.0850576943520287,2d:area×thick_range×rho,1인,,,niihau_2_665_14437_6146.jpg
2_665_14437_6146_3099,S257,eps_fragment,Styrofoam_Piece,21.86554444725283,-160.1580546443703,380346.3406993684,2418395.1233374677,3.0,1,0.20902468948069797,0.4624694824219144,0.0,0.006270740684420939,False,False,0.12541481368841878,0.08360987579227919,0.41804937896139593,2d:area×thick_range×rho,1인,,,niihau_2_665_14437_6146.jpg
2_665_14437_6146_3100,S257,pet_bottle,PET_Bottle,21.865491084911387,-160.158113754772,380340.1881560521,2418389.2620789874,3.0,1,0.2177591593623532,0.49904968261723004,0.0,0.013065549561741193,False,False,0.4311631355374594,0.3593026129478828,0.7186052258957656,2d:area×thick_range×rho,1인,,,niihau_2_665_14437_6146.jpg
2_665_14596_3915_3106,S259,plastic_other,Plastic_ETC,21.865915126237716,-160.1580661379429,380345.46196618926,2418436.1666743564,3.0,1,0.4550484490872205,0.6836132812500583,0.0,0.013651453472616613,False,False,1.0921162778093292,0.7280775185395527,3.6403875926977642,2d:area×thick_range×rho,1인,,,niihau_2_665_14596_3915.jpg
2_665_14790_6258_3107,S257,plastic_other,Plastic_ETC,21.86551105558577,-160.15804789244228,380347.01056892134,2418391.42160651,3.0,1,0.31024712140118405,0.5653247070312981,0.0,0.00930741364203552,False,False,0.7445930913628417,0.4963953942418945,2.4819769712094724,2d:area×thick_range×rho,1인,,,niihau_2_665_14790_6258.jpg
2_665_14790_6258_3108,S257,plastic_other,Plastic_ETC,21.865523055453988,-160.15802873121925,380349.0005608679,2418392.735093166,3.0,1,0.22921207932237717,0.48192382812504103,0.0,0.006876362379671315,False,False,0.5501089903737052,0.36673932691580347,1.8336966345790173,2d:area×thick_range×rho,1인,,,niihau_2_665_14790_6258.jpg
2_665_14790_6258_3109,S257,eps_fragment,Styrofoam_Piece,21.865498770040873,-160.15799787104564,380352.16920361994,2418390.022676117,3.0,1,0.1475537074506534,0.4235021972656611,0.0,0.004426611223519602,False,False,0.08853222447039204,0.05902148298026136,0.2951074149013068,2d:area×thick_range×rho,1인,,,niihau_2_665_14790_6258.jpg
2_665_14790_6258_3110,S257,plastic_other,Plastic_ETC,21.865478442902678,-160.1580769807112,380343.9776033993,2418387.833991481,3.0,1,0.3099933520943455,0.5864721679688,0.0,0.009299800562830364,False,False,0.7439840450264291,0.49598936335095273,2.479946816754764,2d:area×thick_range×rho,1인,,,niihau_2_665_14790_6258.jpg
2_665_14790_6258_3111,S260,pet_bottle,PET_Bottle,21.865531104134536,-160.1579854240509,380353.48233809555,2418393.5923977667,3.0,1,0.42156008124954736,0.7294653320313121,0.0,0.02529360487497284,False,False,0.8346889608741037,0.6955741340617532,1.3911482681235063,2d:area×thick_range×rho,1인,,,niihau_2_665_14790_6258.jpg
2_665_14790_6258_3112,S257,plastic_buoy,Plastic_Buoy_China,21.865499971794485,-160.15805858043518,380345.8969065432,2418390.2029386032,3.0,1,0.13340450894238837,0.36662475585940624,0.0,0.04002135268271651,False,False,2.4012811609629905,1.2006405804814952,3.2017082146173212,2d:area×thick_range×rho,1인,,,niihau_2_665_14790_6258.jpg
2_665_14790_6258_3113,S257,plastic_buoy,Plastic_Buoy_China,21.865535555772386,-160.15805095047256,380346.7149914531,2418394.13617139,3.0,1,0.19563447222973762,0.45461059570316376,0.0,0.058690341668921286,False,False,3.521420500135277,1.7607102500676386,4.695227333513703,2d:area×thick_range×rho,1인,,,niihau_2_665_14790_6258.jpg
2_665_2518_16591_3119,S261,plastic_other,Plastic_ETC,21.863599786583006,-160.16038732861705,380103.6729482212,2418181.664622457,3.0,1,0.29053566414122767,0.5573486328125474,0.0,0.00871606992423683,False,False,0.6972855939389464,0.46485706262596427,2.3242853131298213,2d:area×thick_range×rho,1인,,,niihau_2_665_2518_16591.jpg
2_665_2518_16591_3120,S261,plastic_other,Plastic_ETC,21.863656331187524,-160.16041314477292,380101.0524611218,2418187.9442706923,3.0,1,0.2498668502840639,0.5139933776855906,0.0,0.007496005508521917,False,False,0.5996804406817534,0.3997869604545023,1.9989348022725115,2d:area×thick_range×rho,1인,,,niihau_2_665_2518_16591.jpg
2_665_2518_16591_3121,S261,eps_fragment,Styrofoam_Piece,21.863605265751524,-160.1603667866078,380105.8002253583,2418182.2551584947,3.0,1,0.2896260516077774,0.5437329101562963,0.0,0.008688781548233321,False,False,0.17377563096466642,0.11585042064311095,0.5792521032155549,2d:area×thick_range×rho,1인,,,niihau_2_665_2518_16591.jpg
2_665_2518_16591_3122,S261,plastic_other,Plastic_ETC,21.863608741356074,-160.1603854168847,380103.877973908,2418182.654431662,3.0,1,0.3483062744141219,0.5937500000000506,0.0,0.010449188232423657,False,False,0.8359350585938925,0.557290039062595,2.786450195312975,2d:area×thick_range×rho,1인,,,niihau_2_665_2518_16591.jpg
2_665_2518_16591_3123,S261,plastic_buoy,Plastic_Buoy_China,21.863575478301723,-160.16033882485425,380108.66477196844,2418178.935873618,3.0,1,0.08442060844303617,0.3058923339844011,0.0,0.02532618253291085,False,False,1.519570951974651,0.7597854759873255,2.026094602632868,2d:area×thick_range×rho,1인,,,niihau_2_665_2518_16591.jpg
2_665_2518_16591_3124,S261,pet_bottle,PET_Bottle,21.863635380575005,-160.16038822888947,380103.6096407088,2418185.6056027412,3.0,1,0.11027416419984788,0.4438708496094128,0.0,0.006616449851990873,False,False,0.2183428451156988,0.181952370929749,0.363904741859498,2d:area×thick_range×rho,1인,,,niihau_2_665_2518_16591.jpg
2_665_2518_16591_3125,S261,pet_bottle,PET_Bottle,21.86357613854464,-160.16044328764352,380097.8706923867,2418179.0903878026,3.0,1,0.28613115090043506,0.7904106140137392,0.0,0.017167869054026102,False,False,0.5665396787828614,0.4721163989857179,0.9442327979714358,2d:area×thick_range×rho,1인,,,niihau_2_665_2518_16591.jpg
2_665_2518_16591_3126,S261,plastic_other,Plastic_ETC,21.86358038757599,-160.16034966297553,380107.54891719716,2418179.4877811037,3.0,1,0.2566174450010498,0.5456799316406715,0.0,0.007698523350031495,False,False,0.6158818680025195,0.4105879120016797,2.052939560008399,2d:area×thick_range×rho,1인,,,niihau_2_665_2518_16591.jpg
2_665_2793_17025_3135,S261,plastic_other,Plastic_ETC,21.863487916619523,-160.16030435112253,380112.1539940319,2418169.2158681634,3.0,1,0.41528023285276816,0.6995861816406846,0.0,0.012458406985583044,False,False,0.9966725588466435,0.664448372564429,3.3222418628221457,2d:area×thick_range×rho,1인,,,niihau_2_665_2793_17025.jpg
2_665_2793_17025_3136,S261,pet_bottle,PET_Bottle,21.863566256700782,-160.1602708458873,380115.6816584616,2418177.8620531717,3.0,1,0.12641978788378008,0.681425781250058,0.0,0.0075851872730268045,False,False,0.25031118000988456,0.20859265000823715,0.4171853000164743,2d:area×thick_range×rho,1인,,,niihau_2_665_2793_17025.jpg
2_665_2793_17025_3137,S261,plastic_other,Plastic_ETC,21.86358624247297,-160.16032085895938,380110.530260095,2418180.113471492,3.0,1,0.30614028077652305,0.5892138671875502,0.0,0.009184208423295691,False,False,0.7347366738636553,0.4898244492424369,2.4491222462121844,2d:area×thick_range×rho,1인,,,niihau_2_665_2793_17025.jpg
2_665_2793_17025_3138,S261,eps_fragment,Styrofoam_Piece,21.863573354398987,-160.16028848079088,380113.86528716446,2418178.661517478,3.0,1,0.20547606035474464,0.45336181640628864,0.0,0.006164281810642339,False,False,0.12328563621284677,0.08219042414189787,0.41095212070948933,2d:area×thick_range×rho,1인,,,niihau_2_665_2793_17025.jpg
2_665_2793_17025_3139,S261,eps_fragment,Styrofoam_Piece,21.86353012355918,-160.16027193845287,380115.53858958586,2418173.862942073,3.0,1,0.24021357305650035,0.5257836914062948,0.0,0.00720640719169501,False,False,0.1441281438339002,0.09608542922260015,0.48042714611300075,2d:area×thick_range×rho,1인,,,niihau_2_665_2793_17025.jpg
2_665_2793_17025_3140,S261,plastic_other,Plastic_ETC,21.863580461283835,-160.16034986867615,380107.52772273496,2418179.4961009407,3.0,1,0.2770464341575286,0.5382678222656708,0.0,0.008311393024725859,False,False,0.6649114419780687,0.44327429465204576,2.216371473260229,2d:area×thick_range×rho,1인,,,niihau_2_665_2793_17025.jpg
2_665_2793_17025_3141,S261,plastic_buoy,Plastic_Buoy_China,21.86349058196786,-160.16028304792957,380114.3575797782,2418169.4943203833,3.0,1,0.20718272745612815,0.4788378906250408,0.0,0.06215481823683844,False,False,3.7292890942103063,1.8646445471051531,4.972385458947076,2d:area×thick_range×rho,1인,,,niihau_2_665_2793_17025.jpg
2_665_2793_17025_3142,S261,plastic_buoy,Plastic_Buoy,21.863481090455778,-160.16030467094336,380112.11524585396,2418168.4604566,3.0,1,0.1801012549639055,0.4324169921875368,0.0,0.054030376489171646,False,False,3.2418225893502988,1.6209112946751494,4.322430119133733,2d:area×thick_range×rho,1인,,,niihau_2_665_2793_17025.jpg
2_665_3119_15180_3149,S262,plastic_other,Plastic_ETC,21.8638339000089,-160.16027283377682,380115.69970774115,2418207.4918938866,3.0,1,0.2412901685715133,0.5185986328125441,0.0,0.007238705057145399,False,False,0.5790964045716319,0.38606426971442126,1.9303213485721065,2d:area×thick_range×rho,1인,,,niihau_2_665_3119_15180.jpg
2_665_3119_15180_3150,S262,plastic_other,Plastic_ETC,21.863864475827302,-160.16027135527628,380115.87801710854,2418210.8755049533,3.0,1,0.27072796387080994,0.5308569335937953,0.0,0.008121838916124297,False,False,0.6497471132899437,0.4331647421932959,2.1658237109664795,2d:area×thick_range×rho,1인,,,niihau_2_665_3119_15180.jpg
2_665_3119_15180_3151,S262,eps_fragment,Styrofoam_Piece,21.863807877242166,-160.16025658655994,380117.3568785666,2418204.5984935137,3.0,1,0.13252554319801205,0.5291333007812951,0.0,0.003975766295940361,False,False,0.07951532591880722,0.053010217279204824,0.26505108639602415,2d:area×thick_range×rho,1인,,,niihau_2_665_3119_15180.jpg
2_665_3119_15180_3152,S262,plastic_other,Plastic_ETC,21.86381729311801,-160.16028245094867,380114.6920559791,2418205.660995605,3.0,1,0.23222920463014626,0.4882006835937916,0.0,0.0069668761389043874,False,False,0.557350091112351,0.37156672740823404,1.8578336370411703,2d:area×thick_range×rho,1인,,,niihau_2_665_3119_15180.jpg
2_665_3119_15180_3153,S262,plastic_other,Plastic_ETC,21.863811387378135,-160.16021506207358,380121.6507223974,2418204.954705155,3.0,1,0.29164718480115137,0.5443896484375463,0.0,0.008749415544034541,False,False,0.6999532435227633,0.4666354956818422,2.333177478409211,2d:area×thick_range×rho,1인,,,niihau_2_665_3119_15180.jpg
2_665_3119_15180_3154,S262,pet_bottle,PET_Bottle,21.8639189872631,-160.16026257334522,380116.83100745035,2418216.9031125735,3.0,1,0.22076907008890098,0.4719726562500402,0.0,0.013246144205334058,False,False,0.4371227587760239,0.36426896564668665,0.7285379312933733,2d:area×thick_range×rho,1인,,,niihau_2_665_3119_15180.jpg
2_665_3119_15180_3155,S262,plastic_buoy,Plastic_Buoy_China,21.863831321727485,-160.16024621531685,380118.44816057093,2418207.1857304843,3.0,1,0.09676900040508965,0.3135656738281517,0.0,0.029030700121526892,False,False,1.7418420072916136,0.8709210036458068,2.322456009722152,2d:area×thick_range×rho,1인,,,niihau_2_665_3119_15180.jpg
2_665_3130_16839_3157,S261,plastic_other,Plastic_ETC,21.86351197911431,-160.16024523576658,380118.2827553019,2418171.833528733,3.0,1,0.30115277791624434,0.5612963867187978,0.0,0.00903458333748733,False,False,0.7227666669989864,0.4818444446659909,2.4092222233299547,2d:area×thick_range×rho,1인,,,niihau_2_665_3130_16839.jpg
2_665_3130_16839_3158,S261,pet_bottle,PET_Bottle,21.863560461525854,-160.16022828549237,380120.0747857683,2418177.187353303,3.0,1,0.3474832072914239,0.5902270507813003,0.0,0.020848992437485434,False,False,0.6880167504370193,0.5733472920308494,1.1466945840616989,2d:area×thick_range×rho,1인,,,niihau_2_665_3130_16839.jpg
2_665_3130_16839_3159,S261,eps_buoy,Styrofoam_Buoy,21.86356449576739,-160.16026660438177,380116.11848291097,2418177.6638109363,3.0,1,1.2470273701967933,1.1223779296875955,0.0,0.43645957956887765,False,False,10.91148948922194,4.676352638237975,12.470273701967933,2d:area×thick_range×rho,1인,,,niihau_2_665_3130_16839.jpg
2_665_3130_16839_3160,S261,plastic_other,Plastic_ETC,21.863586900829375,-160.16032081100346,380110.53576531605,2418180.1863146047,3.0,1,0.3692905267488841,0.6086596679688019,0.0,0.011078715802466521,False,False,0.8862972641973217,0.5908648427982145,2.9543242139910726,2d:area×thick_range×rho,1인,,,niihau_2_665_3130_16839.jpg
2_665_3130_16839_3161,S261,eps_fragment,Styrofoam_Piece,21.86353961340804,-160.16024119885085,380118.72298123693,2418174.889517039,3.0,1,0.3402498285890206,0.6213916015625529,0.0,0.010207494857670618,False,False,0.20414989715341236,0.13609993143560822,0.6804996571780413,2d:area×thick_range×rho,1인,,,niihau_2_665_3130_16839.jpg
2_665_3130_16839_3162,S261,eps_fragment,Styrofoam_Piece,21.863592574455936,-160.16031915121442,380110.7120164278,2418180.813095155,3.0,1,0.26626948766489394,0.5512377929687969,0.0,0.007988084629946818,False,False,0.15976169259893636,0.10650779506595758,0.532538975329788,2d:area×thick_range×rho,1인,,,niihau_2_665_3130_16839.jpg
2_665_3130_16839_3163,S261,eps_fragment,Styrofoam_Piece,21.863552734009208,-160.16021558151442,380121.38109590305,2418176.3220112934,3.0,1,0.25186404998306755,0.5416772460937962,0.0,0.007555921499492026,False,False,0.1511184299898405,0.10074561999322702,0.5037280999661351,2d:area×thick_range×rho,1인,,,niihau_2_665_3130_16839.jpg
2_665_3130_16839_3164,S261,eps_fragment,Styrofoam_Piece,21.863581769942176,-160.16025125878994,380117.7186377225,2418179.5641135327,3.0,1,0.16303737486007608,0.4051318359375345,0.0,0.004891121245802282,False,False,0.09782242491604565,0.06521494994403043,0.32607474972015216,2d:area×thick_range×rho,1인,,,niihau_2_665_3130_16839.jpg
2_665_3130_16839_3165,S261,eps_fragment,Styrofoam_Piece,21.86353014969013,-160.16027199137406,380115.53314280586,2418173.8658760325,3.0,1,0.24263690654937586,0.5130798339844187,0.0,0.007279107196481276,False,False,0.1455821439296255,0.09705476261975035,0.4852738130987517,2d:area×thick_range×rho,1인,,,niihau_2_665_3130_16839.jpg
2_665_3130_16839_3166,S261,plastic_buoy,Plastic_Buoy_China,21.86352381644956,-160.16026107848273,380116.6555356628,2418173.1562768593,3.0,1,0.16110389081242446,0.43086425781253673,0.0,0.04833116724372734,False,False,2.8998700346236403,1.4499350173118202,3.866493379498187,2d:area×thick_range×rho,1인,,,niihau_2_665_3130_16839.jpg
2_665_3130_16839_3167,S261,net,Net,21.863590555516488,-160.1602540150716,380117.44115352025,2418180.5388305704,3.0,1,0.17889174615743822,0.45602050781253883,0.0,0.021467009538892586,False,False,3.220051430833888,1.3416880961807867,8.05012857708472,2d:area×thick_range×rho,1인,절단기,,niihau_2_665_3130_16839.jpg
2_665_3130_16839_3168,S261,plastic_other,Plastic_ETC,21.863573357049273,-160.16028840194213,380113.8734371917,2418178.6617494123,3.0,1,0.20683295984718747,0.4556512451172263,0.0,0.006204988795415624,False,False,0.4963991036332499,0.3309327357555,1.6546636787774998,2d:area×thick_range×rho,1인,,,niihau_2_665_3130_16839.jpg
2_665_3163_14856_3172,S262,pet_bottle,PET_Bottle,21.86391904115821,-160.1602627503811,380116.8127585446,2418216.9092167765,3.0,1,0.1738963270724116,0.42465576171878616,0.0,0.010433779624344695,False,False,0.34431472760337495,0.28692893966947913,0.5738578793389583,2d:area×thick_range×rho,1인,,,niihau_2_665_3163_14856.jpg
2_665_3163_14856_3173,S262,pet_bottle,PET_Bottle,21.86386601601919,-160.1602713759785,380115.8771638362,2418211.046021354,3.0,1,0.09126733109356529,0.49197998046879193,0.0,0.005476039865613917,False,False,0.18070931556525927,0.15059109630438272,0.30118219260876544,2d:area×thick_range×rho,1인,,,niihau_2_665_3163_14856.jpg
2_665_3752_16328_3174,S261,plastic_other,Plastic_ETC,21.863647410230172,-160.16015796825675,380127.41358639,2418186.757831758,3.0,1,0.4734508410842034,0.6976049804688095,0.0,0.0142035252325261,False,False,1.136282018602088,0.7575213457347254,3.787606728673627,2d:area×thick_range×rho,1인,,,niihau_2_665_3752_16328.jpg
2_665_3752_16328_3175,S261,pet_bottle,PET_Bottle,21.863664951643617,-160.16018653129115,380124.4766804477,2418188.721937465,3.0,1,0.17370516629222016,0.4331103515625369,0.0,0.010422309977533208,False,False,0.34393622925859585,0.2866135243821633,0.5732270487643266,2d:area×thick_range×rho,1인,,,niihau_2_665_3752_16328.jpg
2_665_3752_16328_3176,S263,plastic_other,Plastic_ETC,21.863707978937192,-160.16014790107366,380128.5044411427,2418193.454982085,3.0,1,0.2633081975885184,0.518946228027388,0.0,0.007899245927655552,False,False,0.6319396742124441,0.42129311614162945,2.1064655807081474,2d:area×thick_range×rho,1인,,,niihau_2_665_3752_16328.jpg
2_665_3752_16328_3177,S263,pet_bottle,PET_Bottle,21.863715091232823,-160.16012926056513,380130.4365882246,2418194.2277914025,3.0,1,0.08555446925830623,0.5009704589844177,0.0,0.005133268155498374,False,False,0.16939784913144632,0.14116487427620528,0.28232974855241055,2d:area×thick_range×rho,1인,,,niihau_2_665_3752_16328.jpg
2_665_3752_16328_3178,S263,plastic_other,Plastic_ETC,21.863678647682267,-160.1600923886609,380134.216307787,2418190.1647329405,3.0,1,0.22368736096028322,0.4969873046875423,0.0,0.006710620828808496,False,False,0.5368496663046797,0.35789977753645313,1.789498887682266,2d:area×thick_range×rho,1인,,,niihau_2_665_3752_16328.jpg
2_665_3752_16328_3179,S261,pet_bottle,PET_Bottle,21.86371368718603,-160.1602044809326,380122.66254993837,2418194.130982935,3.0,1,0.2560146600901207,0.7114391326904903,0.0,0.01536087960540724,False,False,0.506909026978439,0.42242418914869917,0.8448483782973983,2d:area×thick_range×rho,1인,,,niihau_2_665_3752_16328.jpg
2_665_3752_16328_3180,S261,pet_bottle,PET_Bottle,21.863611349339152,-160.16016273697,380126.8907072335,2418182.7695836998,3.0,1,0.16084642361405255,0.4161047363281605,0.0,0.009650785416843152,False,False,0.31847591875582404,0.26539659896318674,0.5307931979263735,2d:area×thick_range×rho,1인,,,niihau_2_665_3752_16328.jpg
2_665_3752_16328_3181,S261,plastic_buoy,Plastic_Buoy,21.863699122289756,-160.16020390804522,380122.70958886686,2418192.518192828,3.0,1,0.3035060861915402,0.5564486694336411,0.0,0.09105182585746205,False,False,5.463109551447723,2.7315547757238616,7.284146068596965,2d:area×thick_range×rho,1인,,,niihau_2_665_3752_16328.jpg
2_665_3752_16328_3182,S261,pet_bottle,PET_Bottle,21.86370054591197,-160.16015082663216,380128.19592422305,2418192.634421197,3.0,1,0.11801225296856983,0.5199627685547318,0.0,0.0070807351781141895,False,False,0.23366426087776826,0.19472021739814024,0.3894404347962805,2d:area×thick_range×rho,1인,,,niihau_2_665_3752_16328.jpg
2_665_375_20009_3184,S264,eps_buoy,Styrofoam_Buoy,21.86304334724499,-160.16075755128384,380064.9513225564,2418120.3550345767,3.0,1,0.612107219459407,0.9120874023438277,0.0,0.21423752681079244,False,False,5.355938170269811,2.2954020729727764,6.121072194594071,2d:area×thick_range×rho,1인,,,niihau_2_665_375_20009.jpg
2_665_375_20009_3185,S264,plastic_buoy,Plastic_Buoy,21.86302398523203,-160.16081149457722,380059.36091407563,2418118.2537070294,3.0,1,0.3225481754802717,0.5822570800781746,0.0,0.09676445264408151,False,False,5.80586715864489,2.902933579322445,7.741156211526521,2d:area×thick_range×rho,1인,,,niihau_2_665_375_20009.jpg
2_665_375_20009_3186,S264,eps_fragment,Styrofoam_Piece,21.86297153585586,-160.16081532671092,380058.92110867467,2418112.4505140632,3.0,1,0.15957339541467763,0.4114147949219101,0.0,0.004787201862440329,False,False,0.09574403724880658,0.06382935816587106,0.31914679082935526,2d:area×thick_range×rho,1인,,,niihau_2_665_375_20009.jpg
2_665_375_20009_3187,S264,eps_fragment,Styrofoam_Piece,21.86304359999771,-160.1607353988936,380067.24065295386,2418120.365742552,3.0,1,0.2270967774462342,0.6550022888184152,0.0,0.006812903323387025,False,False,0.1362580664677405,0.09083871097849368,0.4541935548924684,2d:area×thick_range×rho,1인,,,niihau_2_665_375_20009.jpg
2_665_3865_13213_3196,S265,plastic_other,Plastic_ETC,21.864169143077454,-160.16016152893013,380127.4812254913,2418244.516777951,3.0,1,0.3142660138756572,0.5688110351562985,0.0,0.009427980416269716,False,False,0.7542384333015772,0.5028256222010516,2.514128111005258,2d:area×thick_range×rho,1인,,,niihau_2_665_3865_13213.jpg
2_665_3865_13213_3197,S265,net,Net,21.86421612545258,-160.1601100700051,380132.83791869757,2418249.6776557034,3.0,1,0.12218636273147757,0.3848803710937828,0.0,0.014662363527777307,False,False,2.199354529166596,0.9163977204860818,5.498386322916491,2d:area×thick_range×rho,1인,절단기,,niihau_2_665_3865_13213.jpg
2_665_3865_13213_3198,S265,plastic_buoy,Plastic_Buoy_China,21.86423938774795,-160.16007335537313,380136.65121675207,2418252.2241962557,3.0,1,0.12329919850828365,0.3613964843750308,0.0,0.036989759552485096,False,False,2.219385573149106,1.109692786574553,2.9591807641988077,2d:area×thick_range×rho,1인,,,niihau_2_665_3865_13213.jpg
2_665_3865_13213_3199,S265,pet_bottle,PET_Bottle,21.864205616594163,-160.16006838889143,380137.1362315266,2418248.4818369313,3.0,1,0.06375285890103473,0.4188562011719107,0.0,0.0038251715340620837,False,False,0.12623066062404875,0.1051922171867073,0.2103844343734146,2d:area×thick_range×rho,1인,,,niihau_2_665_3865_13213.jpg
2_665_3865_13213_3200,S265,plastic_buoy,Plastic_Buoy_China,21.86418700747246,-160.16013103647575,380130.64705512766,2418246.4706151113,3.0,1,0.14989369812014272,0.4537500000000387,0.0,0.04496810943604281,False,False,2.698086566162569,1.3490432830812844,3.5974487548834255,2d:area×thick_range×rho,1인,,,niihau_2_665_3865_13213.jpg
2_665_3865_13213_3201,S265,plastic_buoy,Plastic_Buoy,21.86422614757222,-160.16011746498464,380132.08213115484,2418250.7928738734,3.0,1,0.2855504225492964,0.5423217773437962,0.0,0.08566512676478892,False,False,5.139907605887335,2.5699538029436675,6.853210141183114,2d:area×thick_range×rho,1인,,,niihau_2_665_3865_13213.jpg
2_665_3865_13213_3202,S265,plastic_other,Plastic_ETC,21.864255806197335,-160.16011269454552,380132.59984124295,2418254.0723857954,3.0,1,0.2054214752957575,0.46560302734378967,0.0,0.006162644258872725,False,False,0.49301154070981795,0.328674360473212,1.6433718023660602,2d:area×thick_range×rho,1인,,,niihau_2_665_3865_13213.jpg
2_665_3865_13213_3203,S265,eps_fragment,Styrofoam_Piece,21.864213285621684,-160.16015221517088,380128.480509484,2418249.396128528,3.0,1,0.1633375840366165,0.4061303710937846,0.0,0.004900127521098495,False,False,0.0980025504219699,0.0653350336146466,0.326675168073233,2d:area×thick_range×rho,1인,,,niihau_2_665_3865_13213.jpg
2_665_4199_13220_3206,S265,eps_fragment,Styrofoam_Piece,21.86423521357141,-160.16001511194764,380142.66627072485,2418251.716726045,3.0,1,0.27846477890019394,0.5335852050781704,0.0,0.008353943367005817,False,False,0.16707886734011634,0.11138591156007759,0.5569295578003879,2d:area×thick_range×rho,1인,,,niihau_2_665_4199_13220.jpg
2_665_4199_13220_3207,S265,plastic_buoy,Plastic_Buoy_China,21.86424019183269,-160.16001760135097,380142.41318594076,2418252.2697626804,3.0,1,0.12543067250551931,0.37068847656253157,0.0,0.037629201751655794,False,False,2.257752105099348,1.128876052549674,3.0103361401324635,2d:area×thick_range×rho,1인,,,niihau_2_665_4199_13220.jpg
2_665_4199_13220_3208,S265,plastic_buoy,Plastic_Buoy,21.864226195658983,-160.16011748018903,380132.0806001653,2418250.7982089585,3.0,1,0.30119168433440396,0.5496928405762187,0.0,0.09035750530032119,False,False,5.4214503180192715,2.7107251590096357,7.228600424025695,2d:area×thick_range×rho,1인,,,niihau_2_665_4199_13220.jpg
2_665_4199_13220_3209,S265,plastic_buoy,Plastic_Buoy_China,21.864239228203697,-160.16007357025316,380136.62887910247,2418252.2067020503,3.0,1,0.11590542279483863,0.34158508300784163,0.0,0.034771626838451586,False,False,2.086297610307095,1.0431488051535476,2.7817301470761273,2d:area×thick_range×rho,1인,,,niihau_2_665_4199_13220.jpg
2_665_4199_13220_3210,S265,plastic_other,Plastic_ETC,21.86425578779691,-160.16011265211128,380132.60421078786,2418254.070315787,3.0,1,0.2122801377597161,0.47575309753422024,0.0,0.006368404132791483,False,False,0.5094723306233186,0.33964822041554577,1.6982411020777288,2d:area×thick_range×rho,1인,,,niihau_2_665_4199_13220.jpg
2_665_4199_13220_3211,S265,plastic_other,Plastic_ETC,21.864205979270547,-160.16006649790089,380137.33193835896,2418248.5205118684,3.0,1,0.20340317761901505,0.45646972656253887,0.0,0.006102095328570451,False,False,0.4881676262856361,0.3254450841904241,1.6272254209521206,2d:area×thick_range×rho,1인,,,niihau_2_665_4199_13220.jpg
2_665_4199_13220_3212,S265,plastic_buoy,Plastic_Buoy_China,21.86423393745361,-160.16004507418413,380139.5690812429,2418251.5988067016,3.0,1,0.0594518686294657,0.2618664550781473,0.0,0.01783556058883971,False,False,1.0701336353303825,0.5350668176651913,1.4268448471071769,2d:area×thick_range×rho,1인,,,niihau_2_665_4199_13220.jpg
2_665_4199_13220_3213,S265,plastic_other,Plastic_ETC,21.864239177962272,-160.16005190758617,380138.86733180087,2418252.18425942,3.0,1,0.19400000184777705,0.44165039062503764,0.0,0.005820000055433311,False,False,0.46560000443466487,0.3104000029564433,1.5520000147822166,2d:area×thick_range×rho,1인,,,niihau_2_665_4199_13220.jpg
2_665_4630_15790_3214,S263,plastic_other,Plastic_ETC,21.863810124167937,-160.15993269138656,380150.8283077094,2418204.5948278247,3.0,1,0.3501359504506588,0.6368143463135308,0.0,0.010504078513519765,False,False,0.8403262810815813,0.5602175207210541,2.8010876036052705,2d:area×thick_range×rho,1인,,,niihau_2_665_4630_15790.jpg
2_665_4630_15790_3215,S263,eps_fragment,Styrofoam_Piece,21.863737244096072,-160.1599848802212,380145.37456370133,2418196.56762059,3.0,1,0.37325364252931276,0.6145068359375524,0.0,0.011197609275879383,False,False,0.22395218551758767,0.14930145701172512,0.7465072850586256,2d:area×thick_range×rho,1인,,,niihau_2_665_4630_15790.jpg
2_665_4630_15790_3216,S263,pet_bottle,PET_Bottle,21.863734204070937,-160.16002997234247,380140.7124508916,2418196.266224025,3.0,1,0.1599886994216864,0.4436878967285534,0.0,0.009599321965301184,False,False,0.31677762485493904,0.26398135404578255,0.5279627080915651,2d:area×thick_range×rho,1인,,,niihau_2_665_4630_15790.jpg
2_665_4630_15790_3217,S263,pet_bottle,PET_Bottle,21.86378167637322,-160.16002597007707,380141.16565167846,2418201.518320357,3.0,1,0.30594826588170226,0.827234497070383,0.0,0.018356895952902134,False,False,0.6057775664457704,0.5048146387048087,1.0096292774096174,2d:area×thick_range×rho,1인,,,niihau_2_665_4630_15790.jpg
2_665_4630_15790_3218,S263,plastic_other,Plastic_ETC,21.863794851875493,-160.1599905922173,380144.8324047469,2418202.9492902607,3.0,1,0.3828957623251435,0.6316607666016163,0.0,0.011486872869754304,False,False,0.9189498295803443,0.6126332197202295,3.0631660986011484,2d:area×thick_range×rho,1인,,,niihau_2_665_4630_15790.jpg
2_665_4630_15790_3219,S263,net,Net,21.8637171401984,-160.15998725071904,380145.11282780115,2418194.343953045,3.0,1,0.18508521474602993,0.46531738281253965,0.0,0.02221022576952359,False,False,3.3315338654285385,1.3881391105952243,8.328834663571348,2d:area×thick_range×rho,1인,절단기,,niihau_2_665_4630_15790.jpg
2_665_4630_15790_3220,S263,plastic_buoy,Plastic_Buoy_China,21.863793798171738,-160.1599982832827,380144.0367725322,2418202.838637461,3.0,1,0.13424837572800422,0.3836584472656577,0.0,0.04027451271840126,False,False,2.416470763104076,1.208235381552038,3.2219610174721014,2d:area×thick_range×rho,1인,,,niihau_2_665_4630_15790.jpg
2_665_5013_15921_3223,S263,eps_buoy,Styrofoam_Buoy,21.863682723498613,-160.15996248094606,380147.6436737091,2418190.5147016128,3.0,1,0.4225802809121807,0.7992724609375681,0.0,0.14790309831926324,False,False,3.697577457981581,1.5846760534206774,4.225802809121807,2d:area×thick_range×rho,1인,,,niihau_2_665_5013_15921.jpg
2_665_5013_15921_3224,S263,pet_bottle,PET_Bottle,21.863772627639282,-160.15986623500328,380157.6642493415,2418200.392158908,3.0,1,0.303973540869407,0.5874536132813001,0.0,0.01823841245216442,False,False,0.6018676109214258,0.5015563424345215,1.003112684869043,2d:area×thick_range×rho,1인,,,niihau_2_665_5013_15921.jpg
2_665_5013_15921_3225,S263,plastic_other,Plastic_ETC,21.863742656694832,-160.1598591509294,380158.37126367557,2418197.0688365507,3.0,1,0.48620831065186204,0.810043945312569,0.0,0.01458624931955586,False,False,1.1668999455644689,0.7779332970429793,3.8896664852148968,2d:area×thick_range×rho,1인,,,niihau_2_665_5013_15921.jpg
2_665_5013_15921_3226,S263,eps_fragment,Styrofoam_Piece,21.863733135719702,-160.1599035415067,380153.7762356935,2418196.0494442023,3.0,1,0.36689241092211294,0.6211010742188029,0.0,0.011006772327663387,False,False,0.22013544655326775,0.1467569643688452,0.733784821844226,2d:area×thick_range×rho,1인,,,niihau_2_665_5013_15921.jpg
2_665_5013_15921_3227,S263,pet_bottle,PET_Bottle,21.86370689541061,-160.15987262065644,380156.9495268833,2418193.1205335697,3.0,1,0.2988799372971567,0.6213549804688029,0.0,0.0179327962378294,False,False,0.5917822758483702,0.4931518965403085,0.986303793080617,2d:area×thick_range×rho,1인,,,niihau_2_665_5013_15921.jpg
2_665_5013_15921_3228,S263,plastic_other,Plastic_ETC,21.86371312788198,-160.15988087504095,380156.1017654449,2418193.8169033704,3.0,1,0.5941488656551659,0.7725024414063159,0.0,0.017824465969654976,False,False,1.425957277572398,0.9506381850482655,4.753190925241327,2d:area×thick_range×rho,1인,,,niihau_2_665_5013_15921.jpg
2_665_7161_12670_3229,S266,plastic_other,Plastic_ETC,21.864301940583022,-160.1595105371722,380194.8617834501,2418258.710355778,3.0,1,0.24125388689045246,0.5594799804687977,0.0,0.007237616606713574,False,False,0.5790093285370859,0.386006219024724,1.93003109512362,2d:area×thick_range×rho,1인,,,niihau_2_665_7161_12670.jpg
2_665_7161_12670_3230,S266,plastic_other,Plastic_ETC,21.864292220308634,-160.1594785366818,380198.1604164671,2418257.609390544,3.0,1,0.25312502954904575,0.550954589843797,0.0,0.007593750886471373,False,False,0.6075000709177099,0.4050000472784732,2.025000236392366,2d:area×thick_range×rho,1인,,,niihau_2_665_7161_12670.jpg
2_665_7161_12670_3231,S266,plastic_other,Plastic_ETC,21.86432341572094,-160.15949237557297,380196.7564158742,2418261.0735216476,3.0,1,0.2660901962757564,0.5382421875000458,0.0,0.007982705888272693,False,False,0.6386164710618154,0.4257443140412103,2.1287215702060514,2d:area×thick_range×rho,1인,,,niihau_2_665_7161_12670.jpg
2_665_7161_12670_3232,S266,eps_fragment,Styrofoam_Piece,21.864316683760823,-160.15945177463382,380200.9462618758,2418260.2966666035,3.0,1,0.28501838164334387,0.5570117187500474,0.0,0.008550551449300316,False,False,0.1710110289860063,0.11400735265733755,0.5700367632866877,2d:area×thick_range×rho,1인,,,niihau_2_665_7161_12670.jpg
2_665_7273_13004_3237,S266,plastic_other,Plastic_ETC,21.86430199978386,-160.1595104933922,380194.86635681795,2418258.7168752486,3.0,1,0.23852561665442182,0.5653997802734857,0.0,0.0071557684996326545,False,False,0.5724614799706124,0.3816409866470749,1.9082049332353745,2d:area×thick_range×rho,1인,,,niihau_2_665_7273_13004.jpg
2_665_7273_13004_3238,S266,plastic_other,Plastic_ETC,21.864307539214046,-160.15942795697018,380203.39980984596,2418259.265809112,3.0,1,0.33229245394846496,0.621716308593803,0.0,0.009968773618453948,False,False,0.7975018894763158,0.531667926317544,2.65833963158772,2d:area×thick_range×rho,1인,,,niihau_2_665_7273_13004.jpg
2_665_7273_13004_3239,S266,plastic_other,Plastic_ETC,21.864253178382818,-160.1594621577806,380199.82034058485,2418253.2746671806,3.0,1,0.2122082757801179,0.4867614746094165,0.0,0.0063662482734035365,False,False,0.5092998618722829,0.3395332412481886,1.697666206240943,2d:area×thick_range×rho,1인,,,niihau_2_665_7273_13004.jpg
2_665_7273_13004_3240,S266,plastic_other,Plastic_ETC,21.864292293273035,-160.159478577672,380198.15624166036,2418257.617499676,3.0,1,0.23925988590721392,0.5433398437500463,0.0,0.007177796577216417,False,False,0.5742237261773133,0.38281581745154225,1.9140790872577116,2d:area×thick_range×rho,1인,,,niihau_2_665_7273_13004.jpg
2_665_7273_13004_3241,S266,plastic_other,Plastic_ETC,21.86426278814518,-160.15947000381132,380199.01759563864,2418254.3445850476,3.0,1,0.2203063102215904,0.5133764648437937,0.0,0.006609189306647711,False,False,0.5287351445318169,0.35249009635454465,1.7624504817727233,2d:area×thick_range×rho,1인,,,niihau_2_665_7273_13004.jpg
2_665_7389_12286_3247,S266,plastic_other,Plastic_ETC,21.864439079388188,-160.15940378320295,380206.0075350781,2418273.808564145,3.0,1,0.3073206322890299,0.5633812713623527,0.0,0.009219618968670896,False,False,0.7375695174936716,0.49171301166244785,2.458565058312239,2d:area×thick_range×rho,1인,,,niihau_2_665_7389_12286.jpg
2_665_7389_12286_3248,S266,plastic_other,Plastic_ETC,21.86435051704616,-160.1594300812691,380203.216156231,2418264.0251373784,3.0,1,0.9737225755693188,1.0976171875000935,0.0,0.029211677267079565,False,False,2.3369341813663653,1.5579561209109103,7.789780604554552,2d:area×thick_range×rho,1인,,,niihau_2_665_7389_12286.jpg
2_665_7389_12286_3249,S266,plastic_other,Plastic_ETC,21.86438941014674,-160.1594319382974,380203.0567128256,2418268.332075091,3.0,1,0.33847765944605873,0.5967919921875509,0.0,0.010154329783381762,False,False,0.812346382670541,0.541564255113694,2.70782127556847,2d:area×thick_range×rho,1인,,,niihau_2_665_7389_12286.jpg
2_665_7389_12286_3250,S266,pet_bottle,PET_Bottle,21.864412196500876,-160.1594436138866,380201.86923877674,2418270.863632723,3.0,1,0.18389410682174717,0.4506677246094134,0.0,0.01103364640930483,False,False,0.3641103315070594,0.30342527625588284,0.6068505525117657,2d:area×thick_range×rho,1인,,,niihau_2_665_7389_12286.jpg
2_665_7389_12286_3251,S266,plastic_buoy,Plastic_Buoy_China,21.86438816015872,-160.1594035094322,380205.99334074854,2418268.1715593077,3.0,1,0.23316576229337851,0.4955053710937922,0.0,0.06994972868801355,False,False,4.196983721280813,2.0984918606404066,5.595978295041085,2d:area×thick_range×rho,1인,,,niihau_2_665_7389_12286.jpg
2_665_7389_12286_3252,S266,plastic_other,Plastic_ETC,21.864346034680768,-160.15938850619358,380207.50854009925,2418263.496556931,3.0,1,0.29432408848409897,0.787072753906317,0.0,0.008829722654522969,False,False,0.7063778123618375,0.47091854157455837,2.3545927078727917,2d:area×thick_range×rho,1인,,,niihau_2_665_7389_12286.jpg
2_665_7389_12286_3253,S266,net,Net,21.864443535939937,-160.15948685232635,380197.42738449463,2418274.3666058443,3.0,1,0.15639682515629438,0.4038168334961282,0.0,0.018767619018755326,False,False,2.815142852813299,1.172976188672208,7.037857132033246,2d:area×thick_range×rho,1인,절단기,,niihau_2_665_7389_12286.jpg
2_666_3655_1594_3255,S267,pet_bottle,PET_Bottle,21.8663166164032,-160.15704269063494,380451.5521082284,2418479.816021248,3.0,1,0.40473280645764814,0.7340417480469376,0.0,0.024283968387458887,False,False,0.8013709567861433,0.6678091306551195,1.335618261310239,2d:area×thick_range×rho,1인,,,niihau_2_666_3655_1594.jpg
2_666_3655_1594_3256,S268,pet_bottle,PET_Bottle,21.866334812049793,-160.15701768973628,380454.15066844004,2418481.8108575614,3.0,1,0.29532292868798043,0.7055346679688101,0.0,0.017719375721278824,False,False,0.5847393988022012,0.4872828323351677,0.9745656646703355,2d:area×thick_range×rho,1인,,,niihau_2_666_3655_1594.jpg
2_666_3655_1594_3257,S268,pet_bottle,PET_Bottle,21.866367942927504,-160.15699351748742,380456.6760377091,2418485.459677439,3.0,1,0.2421893646866496,0.6495172119141178,0.0,0.014531361881198974,False,False,0.47953494207956615,0.39961245173297183,0.7992249034659437,2d:area×thick_range×rho,1인,,,niihau_2_666_3655_1594.jpg
2_666_3655_1594_3258,S268,plastic_other,Plastic_ETC,21.866342253994034,-160.1570253772735,380453.3624919743,2418482.6406606226,3.0,1,0.6408790462018151,0.8284020996094456,0.0,0.019226371386054455,False,False,1.5381097108843564,1.0254064739229043,5.127032369614522,2d:area×thick_range×rho,1인,,,niihau_2_666_3655_1594.jpg
2_666_386_4742_3261,S269,eps_fragment,Styrofoam_Piece,21.865823507057712,-160.15761025121904,380392.49375635316,2418425.669780043,3.0,1,0.31739200419137076,0.5937220954895526,0.0,0.009521760125741123,False,False,0.19043520251482246,0.1269568016765483,0.6347840083827415,2d:area×thick_range×rho,1인,,,niihau_2_666_386_4742.jpg
2_666_386_4742_3262,S269,plastic_other,Plastic_ETC,21.86571897027895,-160.15770799642002,380382.30635350023,2418414.1735097775,3.0,1,0.28672036940013285,0.5781950378418461,0.0,0.008601611082003986,False,False,0.6881288865603188,0.4587525910402126,2.293762955201063,2d:area×thick_range×rho,1인,,,niihau_2_666_386_4742.jpg
2_666_386_4742_3263,S269,plastic_other,Plastic_ETC,21.865820200533953,-160.15764189937403,380389.22070256947,2418425.3283575955,3.0,1,0.39527504928863827,0.6808323669434174,0.0,0.011858251478659147,False,False,0.9486601182927318,0.6324400788618212,3.1622003943091066,2d:area×thick_range×rho,1인,,,niihau_2_666_386_4742.jpg
2_666_386_4742_3264,S269,pet_bottle,PET_Bottle,21.865721752757132,-160.15765977506123,380387.29153340595,2418414.44402987,3.0,1,0.9092444507719636,0.9902050781250844,0.0,0.05455466704631781,False,False,1.8003040125284877,1.50025334377374,3.00050668754748,2d:area×thick_range×rho,1인,,,niihau_2_666_386_4742.jpg
2_666_386_4742_3265,S269,pet_bottle,PET_Bottle,21.865733766736763,-160.15771308751314,380381.7926031798,2418415.815446217,3.0,1,0.20540416291005684,0.5800854492187995,0.0,0.01232424977460341,False,False,0.4067002425619125,0.3389168688015938,0.6778337376031875,2d:area×thick_range×rho,1인,,,niihau_2_666_386_4742.jpg
2_666_386_4742_3266,S269,pet_bottle,PET_Bottle,21.865785109317688,-160.15768523922833,380384.71302842867,2418421.477443473,3.0,1,0.2070893539727087,0.5104931640625435,0.0,0.012425361238362522,False,False,0.4100369208659632,0.3416974340549694,0.6833948681099388,2d:area×thick_range×rho,1인,,,niihau_2_666_386_4742.jpg
2_666_386_4742_3267,S269,plastic_buoy,Plastic_Buoy,21.865729068033414,-160.15769398747045,380383.76235452655,2418415.2804424255,3.0,1,0.20850238464403723,0.46992431640629,0.0,0.06255071539321116,False,False,3.7530429235926697,1.8765214617963348,5.004057231456894,2d:area×thick_range×rho,1인,,,niihau_2_666_386_4742.jpg
2_666_386_4742_3268,S269,eps_fragment,Styrofoam_Piece,21.865781096814576,-160.15763851079987,380389.5382758959,2418420.9969166284,3.0,1,0.18936526870730766,0.4427978515625377,0.0,0.005680958061219229,False,False,0.11361916122438459,0.07574610748292307,0.3787305374146154,2d:area×thick_range×rho,1인,,,niihau_2_666_386_4742.jpg
2_666_386_4742_3269,S269,plastic_other,Plastic_ETC,21.865822941454365,-160.15762317738668,380391.1575853688,2418425.617219594,3.0,1,0.4337586313486838,0.7752990722656911,0.0,0.013012758940460514,False,False,1.0410207152368411,0.6940138101578941,3.4700690507894705,2d:area×thick_range×rho,1인,,,niihau_2_666_386_4742.jpg
2_666_386_4742_3270,S269,eps_fragment,Styrofoam_Piece,21.86579438708279,-160.1576462085611,380388.75391534646,2418422.474143861,3.0,1,0.15154844491484362,0.40896972656253483,0.0,0.004546453347445308,False,False,0.09092906694890616,0.06061937796593745,0.30309688982968724,2d:area×thick_range×rho,1인,,,niihau_2_666_386_4742.jpg
2_666_4539_915_3276,S268,plastic_other,Plastic_ETC,21.866437454069548,-160.156897149014,380466.6919181587,2418493.079702533,3.0,1,0.2369830574021147,0.49368896484379204,0.0,0.007109491722063441,False,False,0.5687593377650753,0.3791728918433835,1.8958644592169178,2d:area×thick_range×rho,1인,,,niihau_2_666_4539_915.jpg
2_666_4539_915_3277,S268,plastic_other,Plastic_ETC,21.86645661631735,-160.15688412293883,380468.0538902306,2418495.1908511296,3.0,1,0.8240569447921131,0.962003173828207,0.0,0.02472170834376339,False,False,1.9777366675010712,1.318491111667381,6.592455558336905,2d:area×thick_range×rho,1인,,,niihau_2_666_4539_915.jpg
2_666_4539_915_3278,S268,plastic_other,Plastic_ETC,21.866496443598336,-160.15685434631112,380471.1639440909,2418499.5766133284,3.0,1,0.609948045015439,0.8068945312500687,0.0,0.018298441350463168,False,False,1.4638753080370535,0.9759168720247025,4.879584360123513,2d:area×thick_range×rho,1인,,,niihau_2_666_4539_915.jpg
2_666_4539_915_3279,S268,eps_fragment,Styrofoam_Piece,21.866510317804273,-160.1568061717552,380476.1534924392,2418501.075057271,3.0,1,1.3913470935291188,1.2153466796876036,0.0,0.04174041280587356,False,False,0.8348082561174712,0.5565388374116476,2.7826941870582376,2d:area×thick_range×rho,1인,,,niihau_2_666_4539_915.jpg
2_666_495_4348_3285,S269,eps_fragment,Styrofoam_Piece,21.865823426544246,-160.15761029388338,380392.4892806423,2418425.660900331,3.0,1,0.2828405253291612,0.5431030273437962,0.0,0.008485215759874836,False,False,0.1697043151974967,0.11313621013166449,0.5656810506583224,2d:area×thick_range×rho,1인,,,niihau_2_666_495_4348.jpg
2_666_495_4348_3286,S269,plastic_buoy,Plastic_Buoy_China,21.8658668975909,-160.1575990007007,380393.69245476107,2418430.464389682,3.0,1,0.21486865657571638,0.5368603515625457,0.0,0.06446059697271492,False,False,3.867635818362895,1.9338179091814476,5.156847757817194,2d:area×thick_range×rho,1인,,,niihau_2_666_495_4348.jpg
2_666_495_4348_3287,S269,plastic_other,Plastic_ETC,21.86581995512862,-160.1576419947252,380389.210645192,2418425.3012652276,3.0,1,0.37226965863711026,0.6658398437500568,0.0,0.011168089759113308,False,False,0.8934471807290646,0.5956314538193764,2.978157269096882,2d:area×thick_range×rho,1인,,,niihau_2_666_495_4348.jpg
2_666_495_4348_3288,S269,eps_fragment,Styrofoam_Piece,21.865868377311802,-160.1576078337753,380392.7809396444,2418430.6350647723,3.0,1,0.2723349054925608,0.5245959472656697,0.0,0.008170047164776824,False,False,0.16340094329553648,0.10893396219702431,0.5446698109851216,2d:area×thick_range×rho,1인,,,niihau_2_666_495_4348.jpg
2_666_495_4348_3289,S269,plastic_buoy,Plastic_Buoy_China,21.865874934803166,-160.1576158469361,380391.95837901405,2418431.36721461,3.0,1,0.1245428593427155,0.3603155517578432,0.0,0.03736285780281465,False,False,2.2417714681688787,1.1208857340844394,2.9890286242251722,2d:area×thick_range×rho,1인,,,niihau_2_666_495_4348.jpg
2_666_495_4348_3290,S269,eps_fragment,Styrofoam_Piece,21.86579438225054,-160.15764624382615,380388.7502672763,2418422.473636353,3.0,1,0.153338396716144,0.41257690429691013,0.0,0.00460015190148432,False,False,0.0920030380296864,0.061335358686457606,0.306676793432288,2d:area×thick_range×rho,1인,,,niihau_2_666_495_4348.jpg
2_666_495_4348_3291,S269,pet_bottle,PET_Bottle,21.865785170501216,-160.15768528398755,380384.7084542993,2418421.4842513376,3.0,1,0.19721478475261114,0.5314965820312952,0.0,0.011832887085156668,False,False,0.39048527381017006,0.3254043948418084,0.6508087896836168,2d:area×thick_range×rho,1인,,,niihau_2_666_495_4348.jpg
2_666_495_4348_3292,S269,plastic_buoy,Plastic_Buoy_China,21.8658115974779,-160.15764061616,380389.34613350814,2418424.3749960773,3.0,1,0.16077079212668297,0.4248168945312862,0.0,0.04823123763800489,False,False,2.8938742582802934,1.4469371291401467,3.8584990110403914,2d:area×thick_range×rho,1인,,,niihau_2_666_495_4348.jpg
2_666_495_4348_3293,S269,pet_bottle,PET_Bottle,21.865882859026367,-160.1575796371851,380395.7066416565,2418432.2162724426,3.0,1,0.16672216141822793,0.4157763671875354,0.0,0.010003329685093676,False,False,0.3301098796080913,0.2750915663400761,0.5501831326801522,2d:area×thick_range×rho,1인,,,niihau_2_666_495_4348.jpg
2_666_495_4348_3294,S269,plastic_other,Plastic_ETC,21.86582281829773,-160.15762309469892,380391.16602713976,2418425.6035217755,3.0,1,0.457578885063607,0.7816918945313166,0.0,0.01372736655190821,False,False,1.0981893241526568,0.7321262161017712,3.660631080508856,2d:area×thick_range×rho,1인,,,niihau_2_666_495_4348.jpg
2_666_495_4348_3295,S269,eps_fragment,Styrofoam_Piece,21.865849119116255,-160.15761672414695,380391.8462268951,2418428.5100843846,3.0,1,0.2497833180427977,0.5289453125000451,0.0,0.007493499541283931,False,False,0.14986999082567862,0.09991332721711907,0.49956663608559543,2d:area×thick_range×rho,1인,,,niihau_2_666_495_4348.jpg
2_666_847_4338_3297,S269,pet_bottle,PET_Bottle,21.86584215781014,-160.15756426088385,380397.2616133583,2418427.698665736,3.0,1,0.4566944513977352,0.8168041992188196,0.0,0.02740166708386411,False,False,0.9042550137675157,0.7535458448062631,1.5070916896125262,2d:area×thick_range×rho,1인,,,niihau_2_666_847_4338.jpg
2_666_847_4338_3298,S269,eps_fragment,Styrofoam_Piece,21.86582313767747,-160.15761016304643,380392.50255976175,2418425.6288208556,3.0,1,0.33201321279784735,0.6124255371094272,0.0,0.00996039638393542,False,False,0.1992079276787084,0.13280528511913894,0.6640264255956947,2d:area×thick_range×rho,1인,,,niihau_2_666_847_4338.jpg
2_666_847_4338_3299,S269,eps_fragment,Styrofoam_Piece,21.86586840949126,-160.15760808065363,380392.7554557796,2418430.6388190454,3.0,1,0.29606662585330584,0.5511984252930157,0.0,0.008881998775599175,False,False,0.17763997551198352,0.11842665034132234,0.5921332517066117,2d:area×thick_range×rho,1인,,,niihau_2_666_847_4338.jpg
2_666_847_4338_3300,S269,plastic_buoy,Plastic_Buoy_China,21.865874936930364,-160.15761587573044,380391.9554053832,2418431.3674724842,3.0,1,0.12382076399551951,0.35956359863284315,0.0,0.03714622919865585,False,False,2.228773751919351,1.1143868759596756,2.9716983358924685,2d:area×thick_range×rho,1인,,,niihau_2_666_847_4338.jpg
2_666_847_4338_3301,S269,eps_fragment,Styrofoam_Piece,21.86584899655573,-160.15761657897312,380391.8611260364,2418428.4964039633,3.0,1,0.25227031725053317,0.5127148437500437,0.0,0.007568109517515995,False,False,0.1513621903503199,0.10090812690021328,0.5045406345010663,2d:area×thick_range×rho,1인,,,niihau_2_666_847_4338.jpg
2_716_10655_9613_3305,S270,plastic_other,Plastic_ETC,21.867290090883003,-160.1557751991028,380583.3350830603,2418586.5955364024,3.0,1,0.2752183041126459,0.6335070800782313,0.0,0.008256549123379378,False,False,0.6605239298703502,0.4403492865802334,2.2017464329011673,2d:area×thick_range×rho,1인,,,niihau_2_716_10655_9613.jpg
2_716_10655_9613_3306,S270,plastic_buoy,Plastic_Buoy,21.867313214270496,-160.15573006397352,380588.0182159224,2418589.1202635975,3.0,1,0.22484726108916198,0.4816333007813308,0.0,0.06745417832674859,False,False,4.047250699604915,2.0236253498024577,5.396334266139887,2d:area×thick_range×rho,1인,,,niihau_2_716_10655_9613.jpg
2_716_10655_9613_3307,S270,eps_fragment,Styrofoam_Piece,21.86736347446004,-160.1557074177728,380590.40009638557,2418594.666512532,3.0,1,0.16257585085635873,0.41316772460944434,0.0,0.004877275525690761,False,False,0.09754551051381523,0.06503034034254349,0.3251517017127175,2d:area×thick_range×rho,1인,,,niihau_2_716_10655_9613.jpg
2_716_10655_9613_3308,S270,plastic_buoy,Plastic_Buoy,21.867305646024587,-160.15573046509112,380587.9704723819,2418588.282765832,3.0,1,0.26847881733784146,0.5237463378907129,0.0,0.08054364520135243,False,False,4.832618712081146,2.416309356040573,6.443491616108195,2d:area×thick_range×rho,1인,,,niihau_2_716_10655_9613.jpg
2_716_10655_9613_3309,S270,eps_fragment,Styrofoam_Piece,21.86737741150037,-160.15569130177033,380592.07698522194,2418596.1968382327,3.0,1,0.28060498988637805,0.6191894531251039,0.0,0.008418149696591342,False,False,0.16836299393182683,0.11224199595455121,0.5612099797727561,2d:area×thick_range×rho,1인,,,niihau_2_716_10655_9613.jpg
2_716_10655_9613_3310,S270,pet_bottle,PET_Bottle,21.86736199857541,-160.15568847110436,380592.3566630285,2418594.488420755,3.0,1,0.1967089399368231,0.6587939453126105,0.0,0.011802536396209385,False,False,0.3894837010749097,0.3245697508957581,0.6491395017915162,2d:area×thick_range×rho,1인,,,niihau_2_716_10655_9613.jpg
2_716_10655_9613_3311,S270,plastic_other,Plastic_ETC,21.86730137407822,-160.15567579924706,380593.61564406054,2418587.7674153694,3.0,1,3.841618419982292,2.134316406250358,0.0,0.11524855259946876,False,False,9.2198842079575,6.146589471971668,30.732947359858336,2d:area×thick_range×rho,2인,,,niihau_2_716_10655_9613.jpg
2_716_10768_9951_3319,S270,plastic_buoy,Plastic_Buoy,21.867313214145444,-160.15572992144058,380588.03294401616,2418589.120139086,3.0,1,0.23218260526664894,0.506616210937585,0.0,0.06965478157999468,False,False,4.179286894799681,2.0896434473998404,5.572382526399576,2d:area×thick_range×rho,1인,,,niihau_2_716_10768_9951.jpg
2_716_10768_9951_3320,S270,plastic_other,Plastic_ETC,21.867340504928432,-160.1556612005928,380595.1566979028,2418592.087888778,3.0,1,0.37919118653176037,0.6462858581544053,0.0,0.011375735595952811,False,False,0.9100588476762249,0.6067058984508166,3.0335294922540834,2d:area×thick_range×rho,1인,,,niihau_2_716_10768_9951.jpg
2_716_10768_9951_3321,S270,plastic_buoy,Plastic_Buoy,21.867305577505256,-160.1557305849479,380587.9580303616,2418588.275273763,3.0,1,0.27987232005009505,0.5360302734375899,0.0,0.08396169601502851,False,False,5.037701760901711,2.5188508804508554,6.716935681202282,2d:area×thick_range×rho,1인,,,niihau_2_716_10768_9951.jpg
2_716_10768_9951_3322,S270,plastic_buoy,Plastic_Buoy,21.867284444381543,-160.15570838806607,380590.2340978189,2418585.9185904437,3.0,1,0.2176974189371601,0.4988439941407087,0.0,0.06530922568114803,False,False,3.9185535408688814,1.9592767704344407,5.224738054491843,2d:area×thick_range×rho,1인,,,niihau_2_716_10768_9951.jpg
2_716_10768_9951_3323,S270,plastic_other,Plastic_ETC,21.86732872325164,-160.15567472533857,380593.7493611317,2418590.7941508912,3.0,1,3.2111752479273425,3.808508300781889,0.0,0.09633525743782027,False,False,7.706820595025622,5.137880396683748,25.68940198341874,2d:area×thick_range×rho,2인,,,niihau_2_716_10768_9951.jpg
2_716_10983_9610_3334,S270,eps_fragment,Styrofoam_Piece,21.867363474320374,-160.1557073873757,380590.40323725477,2418594.6664734706,3.0,1,0.16406809770619413,0.41558959960944475,0.0,0.0049220429311858235,False,False,0.09844085862371647,0.06562723908247765,0.32813619541238825,2d:area×thick_range×rho,1인,,,niihau_2_716_10983_9610.jpg
2_716_10983_9610_3335,S270,plastic_other,Plastic_ETC,21.867340923630888,-160.15566102002802,380595.1757042525,2418592.134099193,3.0,1,0.4908492684485175,0.7685498046876289,0.0,0.014725478053455525,False,False,1.178038244276442,0.7853588295176281,3.92679414758814,2d:area×thick_range×rho,1인,,,niihau_2_716_10983_9610.jpg
2_716_10983_9610_3336,S270,eps_fragment,Styrofoam_Piece,21.867377357944495,-160.15569126837977,380592.0803909829,2418596.190883641,3.0,1,0.3028762974963608,0.6263885498047926,0.0,0.009086288924890823,False,False,0.18172577849781646,0.12115051899854432,0.6057525949927216,2d:area×thick_range×rho,1인,,,niihau_2_716_10983_9610.jpg
2_716_10983_9610_3337,S270,plastic_buoy,Plastic_Buoy,21.86736493370725,-160.15561826320967,380599.6138156961,2418594.7588331252,3.0,1,0.08126602615716799,0.2856884765625479,0.0,0.0243798078471504,False,False,1.462788470829024,0.731394235414512,1.9503846277720318,2d:area×thick_range×rho,1인,,,niihau_2_716_10983_9610.jpg
2_716_10983_9610_3338,S270,plastic_other,Plastic_ETC,21.86733476440685,-160.15563831877753,380597.5163438719,2418591.4346446767,3.0,1,7.401577822283904,3.897628173828779,0.0,0.22204733466851712,False,False,17.76378677348137,11.842524515654247,59.21262257827124,2d:area×thick_range×rho,장비,,,niihau_2_716_10983_9610.jpg
2_716_14892_7509_3349,S271,plastic_buoy,Plastic_Buoy,21.86768817759841,-160.15489511540014,380674.6066893473,2418629.9808634343,3.0,1,0.2778537864864805,0.5638598632813446,0.0,0.08335613594594415,False,False,5.00136815675665,2.500684078378325,6.668490875675532,2d:area×thick_range×rho,1인,,,niihau_2_716_14892_7509.jpg
2_716_14892_7509_3350,S271,plastic_buoy,Plastic_Buoy,21.867686053610196,-160.15488949827468,380675.1853503785,2418629.7413785136,3.0,1,0.2736494552136386,0.5326611328125893,0.0,0.08209483656409157,False,False,4.925690193845494,2.462845096922747,6.567586925127326,2d:area×thick_range×rho,1인,,,niihau_2_716_14892_7509.jpg
2_716_14892_7509_3351,S271,plastic_other,Plastic_ETC,21.867678464788963,-160.1548865670435,380675.48193126003,2418628.8990174653,3.0,1,0.7463510072233797,0.8718994140626463,0.0,0.022390530216701388,False,False,1.791242417336111,1.1941616115574074,5.970808057787037,2d:area×thick_range×rho,1인,,,niihau_2_716_14892_7509.jpg
2_716_14892_7509_3352,S271,plastic_buoy,Plastic_Buoy,21.867746574998197,-160.15488809544186,380675.380613478,2418636.4400416724,3.0,1,0.2967135928363604,0.5770593261719719,0.0,0.08901407785090812,False,False,5.340844671054487,2.6704223355272436,7.121126228072649,2d:area×thick_range×rho,1인,,,niihau_2_716_14892_7509.jpg
2_716_14892_7509_3353,S271,eps_buoy,Styrofoam_Buoy,21.867702664168895,-160.15489682660788,380674.44190902996,2418631.5858626124,3.0,1,0.8708751489731611,0.9558337402345354,0.0,0.3048063021406064,False,False,7.62015755351516,3.265781808649354,8.708751489731611,2d:area×thick_range×rho,1인,,,niihau_2_716_14892_7509.jpg
2_716_14986_7923_3359,S271,net,Net,21.8676456109164,-160.154859711339,380678.2296663194,2418625.2412388525,3.0,1,0.17302771753674592,0.4534033203125761,0.0,0.02076332610440951,False,False,3.1144989156614264,1.2977078815255945,7.786247289153566,2d:area×thick_range×rho,1인,절단기,,niihau_2_716_14986_7923.jpg
2_716_14986_7923_3360,S271,plastic_buoy,Plastic_Buoy,21.867651272521293,-160.15494902702693,380669.0052375471,2418625.937280882,3.0,1,0.1801817749154427,0.43434814453132287,0.0,0.054054532474632815,False,False,3.243271948477969,1.6216359742389845,4.324362597970625,2d:area×thick_range×rho,1인,,,niihau_2_716_14986_7923.jpg
2_716_14986_7923_3361,S271,plastic_other,Plastic_ETC,21.86763097720189,-160.154836295193,380680.63713151246,2418623.60311101,3.0,1,0.4600429584564322,0.7305383300782475,0.0,0.013801288753692966,False,False,1.1041031002954373,0.7360687335302917,3.680343667651458,2d:area×thick_range×rho,1인,,,niihau_2_716_14986_7923.jpg
2_716_14986_7923_3362,S271,plastic_buoy,Plastic_Buoy,21.86764127050177,-160.1548966449289,380674.4096507297,2418624.789408291,3.0,1,0.2556291128874683,0.5332006835938394,0.0,0.07668873386624049,False,False,4.601324031974429,2.3006620159872146,6.13509870929924,2d:area×thick_range×rho,1인,,,niihau_2_716_14986_7923.jpg
2_716_14986_7923_3363,S271,plastic_buoy,Plastic_Buoy,21.86764297870192,-160.15485357473023,380678.86158419785,2418624.9450900992,3.0,1,0.192949826121395,0.46052734375007726,0.0,0.057884947836418496,False,False,3.4730968701851097,1.7365484350925549,4.63079582691348,2d:area×thick_range×rho,1인,,,niihau_2_716_14986_7923.jpg
2_716_14986_7923_3364,S271,plastic_buoy,Plastic_Buoy,21.867678486503856,-160.15488654779682,380675.48393810005,2418628.9014063827,3.0,1,0.7039611734079696,0.8541583251954558,0.0,0.21118835202239086,False,False,12.671301121343452,6.335650560671726,16.895068161791272,2d:area×thick_range×rho,1인,,,niihau_2_716_14986_7923.jpg
2_716_15453_7248_3369,S271,plastic_buoy,Plastic_Buoy,21.867775806665637,-160.15480060690476,380684.4452354593,2418639.608125355,3.0,1,0.18928443387753163,0.4500598144532005,0.0,0.056785330163259484,False,False,3.407119809795569,1.7035599048977845,4.54282641306076,2d:area×thick_range×rho,1인,,,niihau_2_716_15453_7248.jpg
2_716_15453_7248_3370,S271,plastic_other,Plastic_ETC,21.867791285868666,-160.1547577954145,380688.88187717367,2418641.288468185,3.0,1,0.20978502836234458,0.5187695312500871,0.0,0.006293550850870337,False,False,0.503484068069627,0.33565604537975136,1.6782802268987567,2d:area×thick_range×rho,1인,,,niihau_2_716_15453_7248.jpg
2_716_15453_7248_3371,S271,plastic_buoy,Plastic_Buoy,21.867726112918373,-160.15481675013064,380682.73582769645,2418634.1195241394,3.0,1,0.2482942989588617,0.5200146484375873,0.0,0.07448828968765851,False,False,4.469297381259511,2.2346486906297556,5.959063175012681,2d:area×thick_range×rho,1인,,,niihau_2_716_15453_7248.jpg
2_716_15453_7248_3372,S271,plastic_buoy,Plastic_Buoy,21.86783535855772,-160.1548496519559,380679.4268342528,2418646.2386043626,3.0,1,0.15925132403164857,0.4052002716065133,0.0,0.04777539720949457,False,False,2.8665238325696745,1.4332619162848372,3.822031776759566,2d:area×thick_range×rho,1인,,,niihau_2_716_15453_7248.jpg
2_716_15453_7248_3373,S271,plastic_buoy,Plastic_Buoy,21.86782200816495,-160.1547763754376,380686.98750963924,2418644.7038579746,3.0,1,0.2086458437592491,0.4657775878907031,0.0,0.06259375312777472,False,False,3.7556251876664835,1.8778125938332417,5.0075002502219785,2d:area×thick_range×rho,1인,,,niihau_2_716_15453_7248.jpg
2_716_15482_7610_3379,S271,eps_fragment,Styrofoam_Piece,21.867693452869037,-160.15473770584887,380690.8764528741,2418630.4427153775,3.0,1,0.22243146067865205,0.6235229492188546,0.0,0.006672943820359561,False,False,0.13345887640719123,0.08897258427146082,0.4448629213573041,2d:area×thick_range×rho,1인,,,niihau_2_716_15482_7610.jpg
2_716_15801_7680_3389,S271,plastic_other,Plastic_ETC,21.867654520523214,-160.1547801645671,380686.45676825737,2418626.1658222233,3.0,1,0.5349487078236349,0.7609136962891901,0.0,0.016048461234709047,False,False,1.2838768987767237,0.8559179325178158,4.279589662589079,2d:area×thick_range×rho,1인,,,niihau_2_716_15801_7680.jpg
2_716_15801_7680_3390,S271,eps_fragment,Styrofoam_Piece,21.86769352743053,-160.1547365828705,380690.9925539784,2418630.4500981923,3.0,1,0.3753617390157052,0.620412597656354,0.0,0.011260852170471155,False,False,0.22521704340942308,0.15014469560628207,0.7507234780314104,2d:area×thick_range×rho,1인,,,niihau_2_716_15801_7680.jpg
2_716_15801_7680_3391,S271,pet_bottle,PET_Bottle,21.867729847445343,-160.15479528810064,380684.9566367296,2418634.5162875457,3.0,1,0.1533009567470804,0.6420112609864358,0.0,0.009198057404824824,False,False,0.3035358943592192,0.25294657863268266,0.5058931572653653,2d:area×thick_range×rho,1인,,,niihau_2_716_15801_7680.jpg
2_716_15801_7680_3392,S271,eps_fragment,Styrofoam_Piece,21.86767199347888,-160.15469900691338,380694.85744079924,2418628.0371276294,3.0,1,0.6085137572856799,0.845925292968892,0.0,0.018255412718570396,False,False,0.3651082543714079,0.243405502914272,1.21702751457136,2d:area×thick_range×rho,1인,,,niihau_2_716_15801_7680.jpg
2_716_15801_7680_3393,S271,pet_bottle,PET_Bottle,21.867720193114675,-160.1547613374148,380688.45679010276,2418633.4212085437,3.0,1,0.20300396577499166,0.482808837890706,0.0,0.012180237946499499,False,False,0.4019478522344834,0.3349565435287363,0.6699130870574725,2d:area×thick_range×rho,1인,,,niihau_2_716_15801_7680.jpg
2_716_15801_7680_3394,S272,eps_fragment,Styrofoam_Piece,21.867757179540234,-160.1546913732499,380695.71703511284,2418637.4613500964,3.0,1,0.18338593129563713,0.4364672851563232,0.0,0.005501577938869113,False,False,0.11003155877738227,0.07335437251825486,0.36677186259127426,2d:area×thick_range×rho,1인,,,niihau_2_716_15801_7680.jpg
2_716_6059_12969_3403,S273,eps_fragment,Styrofoam_Piece,21.866743041960206,-160.15659835475972,380497.82146038755,2418526.6762721767,3.0,1,0.20815986261970829,0.4624658203125776,0.0,0.006244795878591248,False,False,0.12489591757182497,0.08326394504788331,0.41631972523941657,2d:area×thick_range×rho,1인,,,niihau_2_716_6059_12969.jpg
2_716_6059_12969_3404,S273,eps_fragment,Styrofoam_Piece,21.86673349030046,-160.15661387326452,380496.2099463206,2418525.630955754,3.0,1,0.22841711819179572,0.4929199218750827,0.0,0.006852513545753871,False,False,0.13705027091507743,0.0913668472767183,0.45683423638359144,2d:area×thick_range×rho,1인,,,niihau_2_716_6059_12969.jpg
2_716_6059_12969_3405,S273,plastic_other,Plastic_ETC,21.86676307848973,-160.15656346172003,380501.443717133,2418528.8672163277,3.0,1,0.2602750039369741,0.5538629150391554,0.0,0.007808250118109223,False,False,0.6246600094487378,0.41644000629915856,2.082200031495793,2d:area×thick_range×rho,1인,,,niihau_2_716_6059_12969.jpg
2_716_6059_12969_3406,S273,pet_bottle,PET_Bottle,21.866726980315562,-160.15662172108028,380495.39359419316,2418524.9163944186,3.0,1,0.22530214889653138,0.5432482910157161,0.0,0.013518128933791883,False,False,0.44609825481513216,0.3717485456792768,0.7434970913585536,2d:area×thick_range×rho,1인,,,niihau_2_716_6059_12969.jpg
2_716_6059_12969_3407,S273,pet_bottle,PET_Bottle,21.866737686297515,-160.15656978995983,380500.7686693675,2418526.0612024497,3.0,1,0.2871617023349772,0.542009277343841,0.0,0.01722970214009863,False,False,0.5685801706232548,0.4738168088527124,0.9476336177054248,2d:area×thick_range×rho,1인,,,niihau_2_716_6059_12969.jpg
2_716_6059_12969_3408,S273,eps_fragment,Styrofoam_Piece,21.86676959252637,-160.15657248334645,380500.5169139296,2418529.5953337257,3.0,1,0.09313859874534752,0.3229418945313042,0.0,0.0027941579623604255,False,False,0.05588315924720851,0.03725543949813901,0.18627719749069505,2d:area×thick_range×rho,1인,,,niihau_2_716_6059_12969.jpg
2_716_6059_12969_3409,S273,pet_bottle,PET_Bottle,21.866772103692295,-160.1565627558375,380501.5241700376,2418529.8657631753,3.0,1,0.23902723010488425,0.5435449218750912,0.0,0.014341633806293054,False,False,0.4732739156076708,0.39439492967305906,0.7887898593461181,2d:area×thick_range×rho,1인,,,niihau_2_716_6059_12969.jpg
2_716_6391_12569_3413,S273,plastic_other,Plastic_ETC,21.866763082554773,-160.15656330831467,380501.459572245,2418528.867547138,3.0,1,0.2812639694930067,0.5638867187500946,0.0,0.008437919084790201,False,False,0.6750335267832162,0.45002235118881073,2.2501117559440535,2d:area×thick_range×rho,1인,,,niihau_2_716_6391_12569.jpg
2_716_6391_12569_3414,S273,eps_fragment,Styrofoam_Piece,21.866832134479044,-160.15651010699844,380507.0144619075,2418536.4703007997,3.0,1,0.17207450624114087,0.45756652832038924,0.0,0.005162235187234226,False,False,0.10324470374468452,0.06882980249645636,0.3441490124822818,2d:area×thick_range×rho,1인,,,niihau_2_716_6391_12569.jpg
2_716_6391_12569_3415,S273,pet_bottle,PET_Bottle,21.866801116263353,-160.15654861022907,380503.01001756714,2418533.0664812857,3.0,1,0.6915397820147212,0.8844067382813984,0.0,0.04149238692088327,False,False,1.3692487683891479,1.14104064032429,2.28208128064858,2d:area×thick_range×rho,1인,,,niihau_2_716_6391_12569.jpg
2_716_6391_12569_3416,S273,plastic_other,Plastic_ETC,21.866817920040393,-160.1565000672514,380508.0400603089,2418534.8889536685,3.0,1,0.3428937186003882,0.5995507812501006,0.0,0.010286811558011645,False,False,0.8229449246409316,0.5486299497606211,2.743149748803106,2d:area×thick_range×rho,1인,,,niihau_2_716_6391_12569.jpg
2_716_6391_12569_3417,S273,plastic_other,Plastic_ETC,21.866818586224586,-160.15650675724308,380507.3493228337,2418534.96789839,3.0,1,0.32811431559335275,0.6724707031251128,0.0,0.009843429467800582,False,False,0.7874743574240466,0.5249829049493644,2.624914524746822,2d:area×thick_range×rho,1인,,,niihau_2_716_6391_12569.jpg
2_716_6391_12569_3418,S273,eps_fragment,Styrofoam_Piece,21.866815543816955,-160.15653580132113,380504.34560016834,2418534.6536679603,3.0,1,0.16035709915166516,0.41208007812506914,0.0,0.004810712974549955,False,False,0.0962142594909991,0.06414283966066607,0.32071419830333037,2d:area×thick_range×rho,1인,,,niihau_2_716_6391_12569.jpg
2_716_6391_12569_3419,S273,eps_fragment,Styrofoam_Piece,21.86676960499738,-160.1565725185858,380500.51328294736,2418529.596741654,3.0,1,0.08964413684013514,0.3188952636719285,0.0,0.002689324105204054,False,False,0.05378648210408108,0.035857654736054054,0.1792882736802703,2d:area×thick_range×rho,1인,,,niihau_2_716_6391_12569.jpg
2_716_6391_12569_3420,S273,pet_bottle,PET_Bottle,21.86679386229508,-160.1565546482558,380502.38005647424,2418532.2681540614,3.0,1,0.21435631982095282,0.47174560546882915,0.0,0.012861379189257168,False,False,0.42442551324548655,0.3536879277045722,0.7073758554091444,2d:area×thick_range×rho,1인,,,niihau_2_716_6391_12569.jpg
2_716_6391_12569_3421,S273,eps_fragment,Styrofoam_Piece,21.866854671388666,-160.1565038431997,380507.68047281133,2418538.9602834876,3.0,1,0.24218834718101404,0.5068431091309444,0.0,0.007265650415430421,False,False,0.14531300830860844,0.09687533887240563,0.4843766943620281,2d:area×thick_range×rho,1인,,,niihau_2_716_6391_12569.jpg
2_716_6391_12569_3422,S273,pet_bottle,PET_Bottle,21.866772058375247,-160.15656289918812,380501.5093195669,2418529.8608579314,3.0,1,0.24229910550125625,0.5444445800782164,0.0,0.014537946330075375,False,False,0.47975222889248736,0.3997935240770728,0.7995870481541456,2d:area×thick_range×rho,1인,,,niihau_2_716_6391_12569.jpg
2_719_14721_3972_3426,S274,eps_fragment,Styrofoam_Piece,21.872304320110313,-160.14544022300538,381655.40056310204,2419133.6834657206,3.0,1,0.33035112369066144,0.5907910156250503,0.0,0.009910533710719843,False,False,0.19821067421439686,0.13214044947626458,0.6607022473813229,2d:area×thick_range×rho,1인,,,niihau_2_719_14721_3972.jpg
2_719_14721_3972_3427,S274,eps_fragment,Styrofoam_Piece,21.872297928088503,-160.1454431088109,381655.0971078279,2419132.9780877386,3.0,1,0.26869232623283673,0.6478820800781802,0.0,0.008060769786985101,False,False,0.161215395739702,0.1074769304931347,0.5373846524656735,2d:area×thick_range×rho,1인,,,niihau_2_719_14721_3972.jpg
2_720_787_692_3429,S275,eps_buoy,Styrofoam_Buoy,21.87291963329598,-160.14494223732308,381707.3635909515,2419201.415650538,3.0,1,1.8104426131236657,1.444416503906373,0.0,0.6336549145932829,False,False,15.841372864832074,6.7891597992137465,18.104426131236657,2d:area×thick_range×rho,1인,,,niihau_2_720_787_692.jpg
2_720_787_692_3430,S275,pet_bottle,PET_Bottle,21.87284219337864,-160.14494892160496,381706.6090912657,2419192.8481673356,3.0,1,0.24655638804439933,0.6298046875000537,0.0,0.01479338328266396,False,False,0.48818164832791067,0.4068180402732589,0.8136360805465178,2d:area×thick_range×rho,1인,,,niihau_2_720_787_692.jpg
2_720_787_692_3431,S275,pet_bottle,PET_Bottle,21.87285569147762,-160.14495905318344,381705.57334515767,2419194.350206281,3.0,1,0.14135843933227085,0.5115148925781686,0.0,0.00848150635993625,False,False,0.2798897098778963,0.23324142489824692,0.46648284979649385,2d:area×thick_range×rho,1인,,,niihau_2_720_787_692.jpg
2_770_12804_7496_3434,S276,plastic_buoy,Plastic_Buoy,21.87330153864079,-160.1426283366397,381946.7673846142,2419241.914299803,3.0,1,0.2551276596487003,0.5445275878906713,0.0,0.0765382978946101,False,False,4.592297873676606,2.296148936838303,6.123063831568809,2d:area×thick_range×rho,1인,,,niihau_2_770_12804_7496.jpg
2_770_12804_7496_3435,S276,plastic_buoy,Plastic_Buoy,21.873313735405915,-160.1426064086743,381949.0431731342,2419243.2476491346,3.0,1,0.29170653447513784,0.5997314453125511,0.0,0.08751196034254134,False,False,5.25071762055248,2.62535881027624,7.000956827403308,2d:area×thick_range×rho,1인,,,niihau_2_770_12804_7496.jpg
2_770_12804_7496_3436,S276,plastic_buoy,Plastic_Buoy,21.8733256940967,-160.14264940740196,381944.6100714563,2419244.6044939472,3.0,1,0.09925558940620922,0.33124755859377825,0.0,0.029776676821862767,False,False,1.7866006093117661,0.8933003046558831,2.3821341457490215,2d:area×thick_range×rho,1인,,,niihau_2_770_12804_7496.jpg
2_770_12804_7496_3437,S276,eps_fragment,Styrofoam_Piece,21.873319501357628,-160.14269792864812,381939.59141207946,2419243.9562119204,3.0,1,0.2686098998390596,0.5489855957031717,0.0,0.008058296995171787,False,False,0.16116593990343572,0.10744395993562383,0.5372197996781192,2d:area×thick_range×rho,1인,,,niihau_2_770_12804_7496.jpg
2_770_12804_7496_3438,S276,eps_buoy,Styrofoam_Buoy,21.87330468094681,-160.142674528678,381941.99707429396,2419242.297620814,3.0,1,0.38851918808526464,0.6243310546875532,0.0,0.13598171582984261,False,False,3.399542895746065,1.4569469553197423,3.8851918808526467,2d:area×thick_range×rho,1인,,,niihau_2_770_12804_7496.jpg
2_770_12804_7496_3439,S276,eps_fragment,Styrofoam_Piece,21.873273804893444,-160.14263333915045,381946.2276756211,2419238.8480069274,3.0,1,0.1986142432213168,0.46800781250003987,0.0,0.005958427296639503,False,False,0.11916854593279007,0.07944569728852671,0.39722848644263364,2d:area×thick_range×rho,1인,,,niihau_2_770_12804_7496.jpg
2_770_12804_7496_3440,S276,eps_fragment,Styrofoam_Piece,21.873310370144207,-160.1427154003021,381937.7786029489,2419242.9587995606,3.0,1,0.31218846788635213,0.5943786621094257,0.0,0.009365654036590563,False,False,0.18731308073181127,0.12487538715454086,0.6243769357727043,2d:area×thick_range×rho,1인,,,niihau_2_770_12804_7496.jpg
2_770_12804_7496_3441,S276,eps_buoy,Styrofoam_Buoy,21.87324097757509,-160.1427107876913,381938.19812591793,2419235.273480275,3.0,1,4.055862082775628,2.204373779297063,0.0,1.4195517289714699,False,False,35.488793224286745,15.209482810408606,40.558620827756286,2d:area×thick_range×rho,2인,,,niihau_2_770_12804_7496.jpg
2_770_8981_8354_3450,S277,plastic_buoy,Plastic_Buoy,21.87313630381882,-160.14339117845336,381867.809038159,2419224.2086574947,3.0,1,0.2237653158903503,0.48583007812504136,0.0,0.06712959476710509,False,False,4.027775686026305,2.0138878430131526,5.370367581368408,2d:area×thick_range×rho,1인,,,niihau_2_770_8981_8354.jpg
2_770_8981_8354_3451,S277,eps_fragment,Styrofoam_Piece,21.87310310267368,-160.14340120397745,381866.7457981576,2419220.5409832457,3.0,1,0.2608823644161669,0.5414257812500461,0.0,0.007826470932485008,False,False,0.15652941864970016,0.10435294576646675,0.5217647288323338,2d:area×thick_range×rho,1인,,,niihau_2_770_8981_8354.jpg
2_770_8981_8354_3452,S277,plastic_buoy,Plastic_Buoy,21.87313979633967,-160.14334634077667,381872.44487182295,2419224.560832271,3.0,1,0.3602062773228305,0.6512548828125555,0.0,0.10806188319684915,False,False,6.483712991810949,3.2418564959054743,8.644950655747932,2d:area×thick_range×rho,1인,,,niihau_2_770_8981_8354.jpg
2_770_8981_8354_3453,S277,plastic_buoy,Plastic_Buoy,21.873149959855727,-160.14333826365575,381873.2878249081,2419225.6797311692,3.0,1,0.1828851187318875,0.6174456787109901,0.0,0.05486553561956625,False,False,3.2919321371739754,1.6459660685869877,4.3892428495653,2d:area×thick_range×rho,1인,,,niihau_2_770_8981_8354.jpg
2_770_8981_8354_3454,S277,plastic_other,Plastic_ETC,21.873160653412395,-160.14338229621208,381868.7468594324,2419226.8973407187,3.0,1,0.26965847826306644,0.5423944091797337,0.0,0.008089754347891992,False,False,0.6471803478313594,0.4314535652209063,2.1572678261045315,2d:area×thick_range×rho,1인,,,niihau_2_770_8981_8354.jpg
2_770_9206_7919_3457,S277,plastic_buoy,Plastic_Buoy,21.873219374197493,-160.14336632446398,381870.44551157387,2419233.385478619,3.0,1,0.21405041031543087,0.4660034179687897,0.0,0.06421512309462926,False,False,3.8529073856777556,1.9264536928388778,5.137209847570341,2d:area×thick_range×rho,1인,,,niihau_2_770_9206_7919.jpg
2_770_9206_7919_3458,S277,plastic_other,Plastic_ETC,21.873160741606323,-160.14338232214922,381868.7442520105,2419226.9071237408,3.0,1,0.26832017837171357,0.5487939453125468,0.0,0.008049605351151406,False,False,0.6439684280921125,0.4293122853947417,2.146561426973709,2d:area×thick_range×rho,1인,,,niihau_2_770_9206_7919.jpg
2_770_9206_7919_3459,S277,plastic_buoy,Plastic_Buoy,21.873222626459143,-160.14331780134617,381875.4619514098,2419233.7082258994,3.0,1,0.17836372289660632,0.44070312500003755,0.0,0.053509116868981896,False,False,3.210547012138914,1.605273506069457,4.280729349518552,2d:area×thick_range×rho,1인,,,niihau_2_770_9206_7919.jpg
2_770_9206_7919_3460,S277,plastic_buoy,Plastic_Buoy,21.87320504321811,-160.14340357769242,381866.5844394594,2419231.827656573,3.0,1,0.21794565771337587,0.5241784667969197,0.0,0.06538369731401276,False,False,3.923021838840766,1.961510919420383,5.230695785121021,2d:area×thick_range×rho,1인,,,niihau_2_770_9206_7919.jpg
2_770_9206_7919_3461,S277,pet_bottle,PET_Bottle,21.873221827256252,-160.14335000159915,381872.13412832154,2419233.644492357,3.0,1,0.5839455675066513,0.9194384765625784,0.0,0.035036734050399074,False,False,1.1562122236631693,0.9635101863859746,1.9270203727719493,2d:area×thick_range×rho,1인,,,niihau_2_770_9206_7919.jpg
2_770_9299_8252_3463,S277,plastic_buoy,Plastic_Buoy,21.873136277948404,-160.1433912167053,381867.8050643889,2419224.205823021,3.0,1,0.2095717974007487,0.46783447265628986,0.0,0.0628715392202246,False,False,3.7722923532134764,1.8861461766067382,5.029723137617968,2d:area×thick_range×rho,1인,,,niihau_2_770_9299_8252.jpg
2_770_9299_8252_3464,S277,plastic_buoy,Plastic_Buoy,21.87313990945047,-160.14334631213106,381872.44792480103,2419224.573331663,3.0,1,0.33560645773416514,0.6054980468750516,0.0,0.10068193732024953,False,False,6.0409162392149724,3.0204581196074862,8.054554985619964,2d:area×thick_range×rho,1인,,,niihau_2_770_9299_8252.jpg
2_770_9299_8252_3465,S277,plastic_buoy,Plastic_Buoy,21.873149561459307,-160.14333671701422,381873.4473073698,2419225.6344403266,3.0,1,0.33869926438635395,0.6135522460938023,0.0,0.10160977931590619,False,False,6.096586758954372,3.048293379477186,8.128782345272494,2d:area×thick_range×rho,1인,,,niihau_2_770_9299_8252.jpg
2_770_9299_8252_3466,S277,plastic_other,Plastic_ETC,21.873160735514464,-160.14338228154492,381868.74844253174,2419226.9064181736,3.0,1,0.269969278909312,0.5352294921875456,0.0,0.008099078367279359,False,False,0.6479262693823487,0.4319508462548992,2.159754231274496,2d:area×thick_range×rho,1인,,,niihau_2_770_9299_8252.jpg
2_770_9299_8252_3467,S277,net,Net,21.87309489284853,-160.14328886846684,381878.34637596423,2419219.5458487356,3.0,1,0.17235575866702157,0.45640625000003887,0.0,0.020682691040042587,False,False,3.102403656006388,1.2926681900026618,7.756009140015971,2d:area×thick_range×rho,1인,절단기,,niihau_2_770_9299_8252.jpg
2_771_4923_6607_3471,S278,plastic_buoy,Plastic_Buoy,21.873591993052653,-160.14105807133302,382109.25710782624,2419272.862858251,3.0,1,0.3160332353655787,0.6122863769531771,0.0,0.09480997060967361,False,False,5.688598236580416,2.844299118290208,7.584797648773889,2d:area×thick_range×rho,1인,,,niihau_2_771_4923_6607.jpg
2_771_4923_6607_3472,S278,plastic_other,Plastic_ETC,21.87352765539101,-160.14097678548174,382117.60328176734,2419265.678339728,3.0,1,0.33286014872795056,0.6404223632813045,0.0,0.009985804461838516,False,False,0.7988643569470812,0.5325762379647209,2.6628811898236044,2d:area×thick_range×rho,1인,,,niihau_2_771_4923_6607.jpg
2_771_4923_6607_3473,S278,eps_buoy,Styrofoam_Buoy,21.87354519119924,-160.14104702673734,382110.35986689257,2419267.6734131495,3.0,1,1.7205803610555033,1.3949066162110564,0.0,0.6022031263694261,False,False,15.055078159235652,6.452176353958137,17.205803610555034,2d:area×thick_range×rho,1인,,,niihau_2_771_4923_6607.jpg
2_771_4923_6607_3474,S278,plastic_buoy,Plastic_Buoy,21.873592277885102,-160.141025313911,382112.6420671565,2419272.8692729,3.0,1,0.28124268451337836,0.5602490234375477,0.0,0.08437280535401351,False,False,5.06236832124081,2.531184160620405,6.74982442832108,2d:area×thick_range×rho,1인,,,niihau_2_771_4923_6607.jpg
2_771_4923_6607_3475,S278,plastic_other,Plastic_ETC,21.87355021637083,-160.14106155418673,382108.862916986,2419268.2408397407,3.0,1,0.6739148838027598,0.8755554199219496,0.0,0.020217446514082794,False,False,1.6173957211266234,1.0782638140844156,5.391319070422078,2d:area×thick_range×rho,1인,,,niihau_2_771_4923_6607.jpg
2_771_4923_6607_3476,S278,eps_fragment,Styrofoam_Piece,21.873582615678444,-160.14102520595566,382112.64528493327,2419271.7995814723,3.0,1,0.42278082395203165,0.7059301757813101,0.0,0.012683424718560949,False,False,0.25366849437121897,0.16911232958081265,0.8455616479040634,2d:area×thick_range×rho,1인,,,niihau_2_771_4923_6607.jpg
2_771_4923_6607_3477,S278,rope,Rope,21.873558335979812,-160.14106488272006,382108.5256595911,2419269.142234617,3.0,1,1.0787844362096837,1.0716912841797788,0.0,0.03236353308629051,False,False,12.945413234516204,8.63027548967747,21.575688724193675,2d:area×thick_range×rho,1인,절단기,,niihau_2_771_4923_6607.jpg
2_775_10249_5171_3482,S279,net,Net,21.877566752385867,-160.12732034291395,383531.95866013016,2419702.3983289213,3.0,1,0.21226305001977722,0.4895849609375417,0.0,0.025471566002373266,False,False,3.82073490035599,1.5919728751483293,9.551837250889974,2d:area×thick_range×rho,1인,절단기,,niihau_2_775_10249_5171.jpg
2_775_10249_5171_3483,S279,plastic_buoy,Plastic_Buoy,21.877562893167234,-160.1273977760097,383523.95484895544,2419702.0297808466,3.0,1,0.2240075104773426,0.48211120605472857,0.0,0.06720225314320277,False,False,4.032135188592166,2.016067594296083,5.376180251456223,2d:area×thick_range×rho,1인,,,niihau_2_775_10249_5171.jpg
2_775_10249_5171_3484,S279,net,Net,21.87747891121752,-160.12736744785946,383527.0202958907,2419692.710007423,3.0,1,0.37287944784170785,0.6866308593750585,0.0,0.04474553374100494,False,False,6.711830061150741,2.7965958588128093,16.779575152876852,2d:area×thick_range×rho,1인,절단기,,niihau_2_775_10249_5171.jpg
2_775_10249_5171_3485,S279,plastic_buoy,Plastic_Buoy,21.877533071793355,-160.12739962454953,383523.7396429115,2419698.7299577934,3.0,1,0.23323487299777818,0.5040704345703555,0.0,0.06997046189933345,False,False,4.198227713960007,2.0991138569800034,5.597636951946676,2d:area×thick_range×rho,1인,,,niihau_2_775_10249_5171.jpg
2_775_10249_5171_3486,S279,net,Net,21.877570950540104,-160.12732195843913,383531.7951456852,2419702.864288203,3.0,1,0.13046015072802442,0.42179443359378593,0.0,0.015655218087362928,False,False,2.3482827131044393,0.9784511304601832,5.870706782761099,2d:area×thick_range×rho,1인,절단기,,niihau_2_775_10249_5171.jpg
2_775_10249_5171_3487,S279,net,Net,21.877481512832738,-160.12736277162898,383527.5055737153,2419692.9944630605,3.0,1,0.24222969141606643,0.4937902832031671,0.0,0.02906756296992797,False,False,4.360134445489195,1.8167226856204983,10.900336113722988,2d:area×thick_range×rho,1인,절단기,,niihau_2_775_10249_5171.jpg
2_775_10367_4834_3500,S279,net,Net,21.877580958689542,-160.1273620526084,383527.66058961226,2419704.002566374,3.0,1,0.25797146009807215,0.5090356445312934,0.0,0.030956575211768658,False,False,4.643486281765298,1.9347859507355414,11.608715704413246,2d:area×thick_range×rho,1인,절단기,,niihau_2_775_10367_4834.jpg
2_775_10367_4834_3501,S279,plastic_buoy,Plastic_Buoy,21.87756286335605,-160.12739779524256,383523.95283754385,2419702.0264953226,3.0,1,0.23527604707185462,0.4897897338867605,0.0,0.07058281412155638,False,False,4.234968847293383,2.1174844236466916,5.646625129724511,2d:area×thick_range×rho,1인,,,niihau_2_775_10367_4834.jpg
2_775_10367_4834_3502,S279,net,Net,21.8775685761115,-160.1273226522916,383531.721526891,2419702.6019648355,3.0,1,0.1375684335381027,0.4246704101562862,0.0,0.01650821202457232,False,False,2.4762318036858484,1.0317632515357702,6.19057950921462,2d:area×thick_range×rho,1인,절단기,,niihau_2_775_10367_4834.jpg
2_775_10367_4834_3503,S279,plastic_buoy,Plastic_Buoy,21.877533005884484,-160.12739959690927,383523.74244530324,2419698.722640745,3.0,1,0.2303372168988382,0.4868824005127368,0.0,0.06910116506965146,False,False,4.146069904179088,2.073034952089544,5.528093205572118,2d:area×thick_range×rho,1인,,,niihau_2_775_10367_4834.jpg
2_775_10367_4834_3504,S279,net,Net,21.877542093674524,-160.12734755759422,383529.12672096,2419699.689230345,3.0,1,0.28782188522820606,0.5562011718750474,0.0,0.034538626227384725,False,False,5.180793934107709,2.1586641392115453,12.951984835269274,2d:area×thick_range×rho,1인,절단기,,niihau_2_775_10367_4834.jpg
2_775_10367_4834_3505,S279,net,Net,21.877566635982834,-160.12732032929904,383531.9599723885,2419702.3854328,3.0,1,0.196331031775508,0.4906958007812918,0.0,0.02355972381306096,False,False,3.533958571959144,1.4724827383163102,8.83489642989786,2d:area×thick_range×rho,1인,절단기,,niihau_2_775_10367_4834.jpg
2_775_10367_4834_3506,S279,net,Net,21.877540625725075,-160.12735274321278,383528.5897316942,2419699.5306573086,3.0,1,0.2391622634232452,0.49471435546879217,0.0,0.028699471610789423,False,False,4.304920741618414,1.7937169756743392,10.762301854046033,2d:area×thick_range×rho,1인,절단기,,niihau_2_775_10367_4834.jpg
2_775_10367_4834_3507,S279,plastic_other,Plastic_ETC,21.877550836752814,-160.12735592913054,383528.2688392767,2419700.663431025,3.0,1,0.4898540772051454,0.7188586425781862,0.0,0.014695622316154362,False,False,1.1756497852923489,0.7837665235282326,3.9188326176411636,2d:area×thick_range×rho,1인,,,niihau_2_775_10367_4834.jpg
2_775_10367_4834_3508,S279,plastic_buoy,Plastic_Buoy,21.877537366771787,-160.1273972630559,383523.9871278689,2419699.203622309,3.0,1,0.21713141153011445,0.46987792968754005,0.0,0.06513942345903433,False,False,3.9083654075420595,1.9541827037710298,5.211153876722747,2d:area×thick_range×rho,1인,,,niihau_2_775_10367_4834.jpg
2_775_8473_8295_3525,S280,plastic_buoy,Plastic_Buoy,21.876939390543743,-160.12767081325651,383495.23735966795,2419633.2149877585,3.0,1,0.25966192493443147,0.5310229492187952,0.0,0.07789857748032944,False,False,4.673914648819767,2.3369573244098834,6.231886198426356,2d:area×thick_range×rho,1인,,,niihau_2_775_8473_8295.jpg
2_775_8473_8295_3526,S280,net,Net,21.876937140359153,-160.1276734456873,383494.96353880246,2419632.967887477,3.0,1,0.14092571754457967,0.45816406250003905,0.0,0.016911086105349558,False,False,2.5366629158024336,1.0569428815843476,6.3416572895060845,2d:area×thick_range×rho,1인,절단기,,niihau_2_775_8473_8295.jpg
2_775_8473_8295_3527,S280,net,Net,21.876942299196553,-160.12767220463462,383495.095958267,2419633.5380298304,3.0,1,0.2033388782501567,0.481386718750041,0.0,0.024400665390018804,False,False,3.6600998085028205,1.5250415868761755,9.15024952125705,2d:area×thick_range×rho,1인,절단기,,niihau_2_775_8473_8295.jpg
2_775_8473_8295_3528,S280,net,Net,21.876943364532536,-160.12765396444112,383496.9814769186,2419633.6421393566,3.0,1,0.1897418255880798,0.48690307617191647,0.0,0.022769019070569576,False,False,3.415352860585436,1.4230636919105986,8.53838215146359,2d:area×thick_range×rho,1인,절단기,,niihau_2_775_8473_8295.jpg
2_775_8473_8295_3529,S280,net,Net,21.876944163653036,-160.12767739789592,383494.5608824511,2419633.748360693,3.0,1,0.12409458413424222,0.3616870117187808,0.0,0.014891350096109066,False,False,2.23370251441636,0.9307093810068168,5.584256286040899,2d:area×thick_range×rho,1인,절단기,,niihau_2_775_8473_8295.jpg
2_775_8809_8374_3535,S280,net,Net,21.8768931538285,-160.12764240010887,383498.1355854883,2419628.0750548486,3.0,1,0.13763223085405787,0.3721484375000317,0.0,0.016515867702486944,False,False,2.4773801553730417,1.0322417314054342,6.193450388432604,2d:area×thick_range×rho,1인,절단기,,niihau_2_775_8809_8374.jpg
2_775_8809_8374_3536,S280,plastic_buoy,Plastic_Buoy,21.876939241655304,-160.12767080359203,383495.23823735485,2419633.198498497,3.0,1,0.2630933602601738,0.5346118164062955,0.0,0.07892800807805214,False,False,4.735680484683129,2.3678402423415643,6.314240646244173,2d:area×thick_range×rho,1인,,,niihau_2_775_8809_8374.jpg
2_775_8809_8374_3537,S280,net,Net,21.876942351672312,-160.1276721904888,383495.0974624789,2419633.5438281726,3.0,1,0.20551443943980857,0.481362304687541,0.0,0.02466173273277703,False,False,3.699259909916554,1.5413582957985643,9.248149774791386,2d:area×thick_range×rho,1인,절단기,,niihau_2_775_8809_8374.jpg
2_775_8809_8374_3538,S280,eps_buoy,Styrofoam_Buoy,21.876891109174355,-160.1276722031482,383495.05454865785,2419627.8712974703,3.0,1,2.6168754486326864,1.7269097900392096,0.0,0.9159064070214402,False,False,22.897660175536004,9.813282932372573,26.16875448632687,2d:area×thick_range×rho,2인,,,niihau_2_775_8809_8374.jpg
2_775_8809_8374_3539,S280,plastic_other,Plastic_ETC,21.876910528855063,-160.12764927363872,383497.43949034234,2419630.0036777616,3.0,1,0.6517817356334247,0.9060681152344522,0.0,0.01955345206900274,False,False,1.5642761655202193,1.0428507770134796,5.214253885067398,2d:area×thick_range×rho,1인,,,niihau_2_775_8809_8374.jpg
2_775_8809_8374_3540,S280,net,Net,21.876980236109404,-160.12762405844202,383500.1014270212,2419637.70115648,3.0,1,0.24212561931614235,0.5696484375000486,0.0,0.02905507431793708,False,False,4.358261147690562,1.8159421448710678,10.895652869226405,2d:area×thick_range×rho,1인,절단기,,niihau_2_775_8809_8374.jpg
2_775_8809_8374_3541,S280,net,Net,21.876937204197823,-160.12767339618492,383494.968705428,2419632.9749168972,3.0,1,0.1636884653955977,0.5212963867187944,0.0,0.019642615847471723,False,False,2.9463923771207585,1.2276634904669828,7.365980942801896,2d:area×thick_range×rho,1인,절단기,,niihau_2_775_8809_8374.jpg
2_775_9449_6462_3555,S281,plastic_buoy,Plastic_Buoy,21.87729628349614,-160.12752546734288,383510.54485240346,2419672.612865581,3.0,1,0.17351772676411248,0.4188110351562857,0.0,0.052055318029233744,False,False,3.1233190817540244,1.5616595408770122,4.1644254423386995,2d:area×thick_range×rho,1인,,,niihau_2_775_9449_6462.jpg
2_775_9449_6462_3556,S279,net,Net,21.87732444582362,-160.1274963383217,383513.5774410374,2419675.7083605845,3.0,1,0.20069771647456727,0.5229687500000445,0.0,0.02408372597694807,False,False,3.6125588965422106,1.5052328735592546,9.031397241355528,2d:area×thick_range×rho,1인,절단기,,niihau_2_775_9449_6462.jpg
2_775_9449_6462_3557,S281,eps_fragment,Styrofoam_Piece,21.8772885208937,-160.12752782065547,383510.29539677815,2419671.755329358,3.0,1,0.39375072536922245,0.6793566894531828,0.0,0.011812521761076673,False,False,0.23625043522153347,0.15750029014768901,0.7875014507384449,2d:area×thick_range×rho,1인,,,niihau_2_775_9449_6462.jpg
2_775_9449_6462_3558,S281,net,Net,21.877246933043665,-160.1275613162376,383506.80073649826,2419667.176939546,3.0,1,0.20507758340839066,0.4989843750000425,0.0,0.024609310009006877,False,False,3.6913965013510315,1.53808187556293,9.22849125337758,2d:area×thick_range×rho,1인,절단기,,niihau_2_775_9449_6462.jpg
2_775_9449_6462_3559,S281,net,Net,21.877254752532462,-160.12751606174675,383511.482959332,2419668.0082642226,3.0,1,0.22345304021243087,0.5119067382812936,0.0,0.026814364825491703,False,False,4.022154723823755,1.6758978015932315,10.055386809559389,2d:area×thick_range×rho,1인,절단기,,niihau_2_775_9449_6462.jpg
2_775_9449_6462_3560,S279,net,Net,21.877322008422958,-160.12749538930007,383513.6735189395,2419675.437821424,3.0,1,0.29371727022980687,0.5961401367188008,0.0,0.035246072427576824,False,False,5.286910864136524,2.2028795267235517,13.21727716034131,2d:area×thick_range×rho,1인,절단기,,niihau_2_775_9449_6462.jpg
2_775_9449_6462_3561,S279,net,Net,21.877327066277456,-160.1274757242674,383515.7094935624,2419675.9828247656,3.0,1,0.4040983272635135,0.7068286132813102,0.0,0.04849179927162162,False,False,7.273769890743243,3.0307374544763515,18.184424726858108,2d:area×thick_range×rho,1인,절단기,,niihau_2_775_9449_6462.jpg
2_775_9449_6462_3562,S281,plastic_buoy,Plastic_Buoy,21.877328035587517,-160.12756711656633,383506.2672686421,2419676.1593799735,3.0,1,0.21038508177272836,0.5037521362305116,0.0,0.0631155245318185,False,False,3.78693147190911,1.893465735954555,5.049241962545481,2d:area×thick_range×rho,1인,,,niihau_2_775_9449_6462.jpg
2_775_9449_6462_3563,S281,net,Net,21.87723695330195,-160.1275350282235,383509.5088170022,2419666.052262758,3.0,1,0.20872618131641132,0.47487304687504045,0.0,0.02504714175796936,False,False,3.757071263695404,1.565446359873085,9.39267815923851,2d:area×thick_range×rho,1인,절단기,,niihau_2_775_9449_6462.jpg
2_775_9449_6462_3564,S281,net,Net,21.87724652670992,-160.12755500554113,383507.4524529675,2419667.1271763523,3.0,1,0.3072422317117976,0.6126745605469271,0.0,0.03686906780541571,False,False,5.530360170812357,2.304316737838482,13.825900427030891,2d:area×thick_range×rho,1인,절단기,,niihau_2_775_9449_6462.jpg
2_775_9449_6462_3565,S281,net,Net,21.87728567970049,-160.12753352597767,383509.70359365345,2419671.4451327478,3.0,1,0.3730293602407614,0.6721545410156823,0.0,0.044763523228891364,False,False,6.714528484333704,2.7977202018057103,16.786321210834263,2d:area×thick_range×rho,1인,절단기,,niihau_2_775_9449_6462.jpg
2_775_9449_6462_3566,S281,net,Net,21.877287270069075,-160.12752359105576,383510.7314003015,2419671.6136581805,3.0,1,0.13849250078203654,0.40527343750003453,0.0,0.016619100093844385,False,False,2.4928650140766577,1.038693755865274,6.232162535191644,2d:area×thick_range×rho,1인,절단기,,niihau_2_775_9449_6462.jpg
2_775_9449_6462_3567,S281,net,Net,21.87731489946702,-160.12755258678683,383507.7578778366,2419674.694202154,3.0,1,0.23339284333888694,0.5002221679687926,0.0,0.02800714120066643,False,False,4.201071180099965,1.7504463250416522,10.502677950249911,2d:area×thick_range×rho,1인,절단기,,niihau_2_775_9449_6462.jpg
2_775_9449_6462_3568,S281,plastic_other,Plastic_ETC,21.877233787289573,-160.12752843614138,383510.18736697244,2419665.696790259,3.0,1,1.2234546325924096,1.782634277343902,0.0,0.036703638977772284,False,False,2.936291118221783,1.9575274121478552,9.787637060739277,2d:area×thick_range×rho,1인,,,niihau_2_775_9449_6462.jpg
2_775_9449_6462_3569,S281,net,Net,21.877269266086248,-160.12752166997748,383510.9152773035,2419669.619163058,3.0,1,0.18926445419195537,0.5299267578125452,0.0,0.022711734503034643,False,False,3.4067601754551964,1.4194834064396655,8.516900438637991,2d:area×thick_range×rho,1인,절단기,,niihau_2_775_9449_6462.jpg
2_775_9472_6089_3579,S279,net,Net,21.877388397843287,-160.12753670175286,383509.45885236934,2419682.818429327,3.0,1,0.2815058838531855,0.5379992675781708,0.0,0.03378070606238225,False,False,5.067105909357338,2.111294128898891,12.667764773393346,2d:area×thick_range×rho,1인,절단기,,niihau_2_775_9472_6089.jpg
2_775_9472_6089_3580,S279,plastic_buoy,Plastic_Buoy,21.87737428831043,-160.12753998111896,383509.1085605338,2419681.258990159,3.0,1,0.20354553942981848,0.457593994140664,0.0,0.06106366182894554,False,False,3.6638197097367327,1.8319098548683663,4.885092946315644,2d:area×thick_range×rho,1인,,,niihau_2_775_9472_6089.jpg
2_775_9472_6089_3581,S281,plastic_buoy,Plastic_Buoy,21.877327977764285,-160.1275671461189,383506.26416820625,2419676.153001341,3.0,1,0.2149499353301146,0.5057678222656681,0.0,0.06448498059903437,False,False,3.8690988359420624,1.9345494179710312,5.15879844792275,2d:area×thick_range×rho,1인,,,niihau_2_775_9472_6089.jpg
2_775_9472_6089_3582,S281,plastic_buoy,Plastic_Buoy,21.87731493399863,-160.12755263267923,383507.7531640904,2419674.698059577,3.0,1,0.23572876632217607,0.5074804687500433,0.0,0.07071862989665281,False,False,4.243117793799168,2.121558896899584,5.6574903917322255,2d:area×thick_range×rho,1인,,,niihau_2_775_9472_6089.jpg
2_775_9472_6089_3583,S279,plastic_other,Plastic_ETC,21.877343758890127,-160.12746484533469,383516.84709882113,2419677.822452452,3.0,1,0.5141581732750815,0.8492724609375724,0.0,0.015424745198252444,False,False,1.2339796158601954,0.8226530772401304,4.113265386200652,2d:area×thick_range×rho,1인,,,niihau_2_775_9472_6089.jpg
2_775_9472_6089_3584,S281,net,Net,21.87729980660459,-160.12752653326845,383510.43757698376,2419673.0036811084,3.0,1,0.20202181227508648,0.5315014648437952,0.0,0.024242617473010375,False,False,3.6363926209515562,1.5151635920631488,9.09098155237889,2d:area×thick_range×rho,1인,절단기,,niihau_2_775_9472_6089.jpg
2_775_9472_6089_3585,S279,net,Net,21.877324608069866,-160.12749642091455,383513.5690389327,2419675.7263838137,3.0,1,0.1722167801857288,0.4734863281250403,0.0,0.020666013622287455,False,False,3.099902043343118,1.291625851392966,7.749755108357797,2d:area×thick_range×rho,1인,절단기,,niihau_2_775_9472_6089.jpg
2_775_9472_6089_3586,S279,plastic_other,Plastic_ETC,21.877327001122847,-160.127475494203,383515.7332118283,2419675.9754378325,3.0,1,0.3869753036499683,0.6822705078125582,0.0,0.011609259109499049,False,False,0.9287407287599239,0.6191604858399493,3.095802429199747,2d:area×thick_range×rho,1인,,,niihau_2_775_9472_6089.jpg
2_775_9472_6089_3587,S281,plastic_buoy,Plastic_Buoy,21.87732599507398,-160.12757172581473,383505.7893663039,2419675.9369881037,3.0,1,0.08225449489580007,0.2885461425781496,0.0,0.02467634846874002,False,False,1.4805809081244012,0.7402904540622006,1.9741078774992018,2d:area×thick_range×rho,1인,,,niihau_2_775_9472_6089.jpg
2_775_9738_5604_3595,S279,plastic_buoy,Plastic_Buoy,21.877469649924883,-160.12747633173313,383515.7624793949,2419691.7672831765,3.0,1,0.20498912791911278,0.458228759765664,0.0,0.06149673837573383,False,False,3.6898043025440295,1.8449021512720147,4.919739070058707,2d:area×thick_range×rho,1인,,,niihau_2_775_9738_5604.jpg
2_775_9738_5604_3596,S279,net,Net,21.877413324343582,-160.127429104865,383520.5964161419,2419685.496261731,3.0,1,0.23868308974508537,0.49561035156254224,0.0,0.028641970769410243,False,False,4.296295615411537,1.7901231730881404,10.74073903852884,2d:area×thick_range×rho,1인,절단기,,niihau_2_775_9738_5604.jpg
2_775_9738_5604_3597,S279,plastic_buoy,Plastic_Buoy,21.877492515877364,-160.1274526549871,383518.227414083,2419694.2806019774,3.0,1,0.24632017941032078,0.5054541015625431,0.0,0.07389605382309623,False,False,4.433763229385774,2.216881614692887,5.911684305847698,2d:area×thick_range×rho,1인,,,niihau_2_775_9738_5604.jpg
2_775_9738_5604_3598,S279,plastic_buoy,Plastic_Buoy,21.877439636261236,-160.12749353983395,383513.96010652074,2419688.4578121384,3.0,1,0.1560716098666457,0.3958642578125337,0.0,0.04682148295999371,False,False,2.8092889775996226,1.4046444887998113,3.7457186367994972,2d:area×thick_range×rho,1인,,,niihau_2_775_9738_5604.jpg
2_775_9738_5604_3599,S279,net,Net,21.877483436195863,-160.12749341019145,383514.00905977376,2419693.3063631444,3.0,1,0.24326450893212528,0.4971350097656674,0.0,0.029191741071855033,False,False,4.378761160778255,1.8244838169909399,10.946902901945636,2d:area×thick_range×rho,1인,절단기,,niihau_2_775_9738_5604.jpg
2_775_9738_5604_3600,S279,plastic_other,Plastic_ETC,21.87739997304427,-160.12742220014223,383521.29900054575,2419684.01304237,3.0,1,0.6722182533503723,0.82178466796882,0.0,0.02016654760051117,False,False,1.6133238080408936,1.0755492053605957,5.377746026802979,2d:area×thick_range×rho,1인,,,niihau_2_775_9738_5604.jpg
2_775_9738_5604_3601,S279,rope,Rope,21.877450951752802,-160.12741543031325,383522.0398686424,2419689.651251775,3.0,1,2.2021230931583817,2.533038330078341,0.0,0.06606369279475145,False,False,26.42547711790058,17.616984745267054,44.04246186316764,2d:area×thick_range×rho,2인,절단기,,niihau_2_775_9738_5604.jpg
2_775_9738_5604_3602,S279,net,Net,21.877387686289367,-160.12742725519328,383520.7667189235,2419682.656729778,3.0,1,0.11658636929394801,0.4073754882812847,0.0,0.013990364315273762,False,False,2.0985546472910643,0.8743977697046101,5.24638661822766,2d:area×thick_range×rho,1인,절단기,,niihau_2_775_9738_5604.jpg
2_775_9738_5604_3603,S279,net,Net,21.87738720571505,-160.12751746116658,383511.44589677174,2419682.671881136,3.0,1,0.1756014129408003,0.554837341308641,0.0,0.021072169552896036,False,False,3.1608254329344057,1.3170105970560024,7.902063582336013,2d:area×thick_range×rho,1인,절단기,,niihau_2_775_9738_5604.jpg
2_775_9738_5604_3604,S279,plastic_buoy,Plastic_Buoy,21.877471946378257,-160.12746763920111,383516.66248938546,2419692.0149138533,3.0,1,0.2038151060432543,0.46944946289066497,0.0,0.06114453181297629,False,False,3.6686719087785775,1.8343359543892888,4.891562545038104,2d:area×thick_range×rho,1인,,,niihau_2_775_9738_5604.jpg
2_775_9738_5604_3605,S279,plastic_other,Plastic_ETC,21.877398496545243,-160.127438328395,383519.6313683002,2419683.8618143033,3.0,1,0.7389454691292114,0.8609228515625733,0.0,0.022168364073876342,False,False,1.7734691259101074,1.1823127506067383,5.9115637530336915,2d:area×thick_range×rho,1인,,,niihau_2_775_9738_5604.jpg
2_775_9738_5604_3606,S279,plastic_buoy,Plastic_Buoy,21.877420076405226,-160.12750563976587,383512.6940155136,2419686.301706256,3.0,1,0.24012060569379845,0.5062084960937931,0.0,0.07203618170813954,False,False,4.322170902488372,2.161085451244186,5.762894536651164,2d:area×thick_range×rho,1인,,,niihau_2_775_9738_5604.jpg
2_775_9851_5938_3612,S279,plastic_buoy,Plastic_Buoy,21.87743952995356,-160.12749357522736,383513.956363233,2419688.446070706,3.0,1,0.14849046978973987,0.4060491943359721,0.0,0.04454714093692196,False,False,2.672828456215318,1.336414228107659,3.563771274953757,2d:area×thick_range×rho,1인,,,niihau_2_775_9851_5938.jpg
2_775_9851_5938_3613,S279,net,Net,21.877404397320177,-160.1274222134236,383521.30121978425,2419684.502819408,3.0,1,0.2646119016677592,0.5866625976563,0.0,0.031753428200131106,False,False,4.763014230019666,1.9845892625081942,11.907535575049165,2d:area×thick_range×rho,1인,절단기,,niihau_2_775_9851_5938.jpg
2_775_9851_5938_3614,S279,net,Net,21.877357633905056,-160.12746028838345,383517.32920465263,2419679.354962597,3.0,1,0.2634661043435784,0.5906555175781754,0.0,0.031615932521229406,False,False,4.742389878184411,1.9759957825768384,11.855974695461029,2d:area×thick_range×rho,1인,절단기,,niihau_2_775_9851_5938.jpg
2_775_9851_5938_3615,S279,net,Net,21.87741322175077,-160.127429194545,383520.58706677554,2419685.4849726646,3.0,1,0.20677784375253863,0.45685668945316393,0.0,0.024813341250304634,False,False,3.722001187545695,1.5508338281440397,9.305002968864239,2d:area×thick_range×rho,1인,절단기,,niihau_2_775_9851_5938.jpg
2_775_9851_5938_3616,S279,pet_bottle,PET_Bottle,21.877327090981936,-160.12743700965768,383519.70965934097,2419675.956225186,3.0,1,0.13502400026621736,0.5507067871094219,0.0,0.008101440015973042,False,False,0.26734752052711036,0.22278960043925866,0.4455792008785173,2d:area×thick_range×rho,1인,,,niihau_2_775_9851_5938.jpg
2_775_9851_5938_3617,S279,plastic_other,Plastic_ETC,21.87740004231352,-160.12742218732444,383521.30038116046,2419684.0207007583,3.0,1,0.6126489632205219,0.7906860351563174,0.0,0.018379468896615656,False,False,1.4703575117292524,0.9802383411528349,4.901191705764175,2d:area×thick_range×rho,1인,,,niihau_2_775_9851_5938.jpg
2_775_9851_5938_3618,S279,net,Net,21.877430668507408,-160.1274434781239,383519.1253952716,2419687.4271498104,3.0,1,0.15439716273623355,0.4611840820312893,0.0,0.018527659528348027,False,False,2.7791489292522042,1.1579787205217518,6.947872323130509,2d:area×thick_range×rho,1인,절단기,,niihau_2_775_9851_5938.jpg
2_775_9851_5938_3619,S279,plastic_other,Plastic_ETC,21.87739860550439,-160.12743827241226,383519.6372411042,2419683.873833653,3.0,1,0.7091928704084174,0.8465722656250722,0.0,0.02127578611225252,False,False,1.7020628889802016,1.134708592653468,5.673542963267339,2d:area×thick_range×rho,1인,,,niihau_2_775_9851_5938.jpg
2_775_9851_5938_3620,S279,plastic_other,Plastic_ETC,21.87734382949173,-160.1274633236625,383517.00438127003,2419677.829115052,3.0,1,0.7742551695497163,0.9370989990235173,0.0,0.023227655086491487,False,False,1.858212406919319,1.238808271279546,6.19404135639773,2d:area×thick_range×rho,1인,,,niihau_2_775_9851_5938.jpg
2_775_9851_5938_3621,S279,rope,Rope,21.877369863625557,-160.12745629544597,383517.7516986499,2419680.7057661572,3.0,1,1.1546727777959884,1.2029003906251026,0.0,0.03464018333387965,False,False,13.85607333355186,9.237382222367907,23.09345555591977,2d:area×thick_range×rho,2인,절단기,,niihau_2_775_9851_5938.jpg
2_776_4268_5362_3633,S282,eps_buoy,Styrofoam_Buoy,21.878049887223955,-160.1253733565524,383733.52004699735,2419754.4074833025,3.0,1,2.424442298502143,1.6563696289063912,0.0,0.84855480447575,False,False,21.21387011189375,9.091658619383036,24.24442298502143,2d:area×thick_range×rho,2인,,,niihau_2_776_4268_5362.jpg
2_776_7656_10364_3634,S283,net,Net,21.877146614772055,-160.12468524060517,383803.8870108663,2419653.895082393,3.0,1,0.19596703464392184,0.44798339843753815,0.0,0.02351604415727062,False,False,3.527406623590593,1.4697527598294138,8.818516558976484,2d:area×thick_range×rho,1인,절단기,,niihau_2_776_7656_10364.jpg
2_776_7656_10364_3635,S283,plastic_other,Plastic_ETC,21.877142182323716,-160.12470852076046,383801.47802285035,2419653.4220073214,3.0,1,0.5273625050247615,0.8182202148438197,0.0,0.015820875150742843,False,False,1.2656700120594275,0.8437800080396184,4.218900040198092,2d:area×thick_range×rho,1인,,,niihau_2_776_7656_10364.jpg
2_776_7656_10364_3636,S283,net,Net,21.877136145954605,-160.12473874478363,383798.35026756546,2419652.7766275196,3.0,1,0.15993585462572915,0.4669726562500398,0.0,0.019192302555087498,False,False,2.878845383263125,1.1995189096929686,7.197113458157812,2d:area×thick_range×rho,1인,절단기,,niihau_2_776_7656_10364.jpg
2_779_11999_-7_3646,S284,net,Net,21.879544680980707,-160.11442272280865,384866.1742717368,2419911.6385764196,3.0,1,0.1839638462260679,0.5643896484375481,0.0,0.022075661547128148,False,False,3.3113492320692224,1.3797288466955093,8.278373080173056,2d:area×thick_range×rho,1인,절단기,,niihau_2_779_11999_-7.jpg
2_831_2295_3331_3648,S285,plastic_other,Plastic_ETC,21.88097792780092,-160.11002259328941,385321.9498624456,2420067.0090418267,3.0,1,0.47774871362430266,0.8480120086670644,0.0,0.01433246140872908,False,False,1.1465969126983264,0.7643979417988843,3.8219897089944217,2d:area×thick_range×rho,1인,,,niihau_2_831_2295_3331.jpg
2_831_2295_3331_3649,S285,plastic_buoy,Plastic_Buoy,21.88092827043597,-160.10996128152473,385328.2449542211,2420061.4662546637,3.0,1,0.2326415562630096,0.5113769531250436,0.0,0.06979246687890288,False,False,4.187548012734172,2.093774006367086,5.583397350312231,2d:area×thick_range×rho,1인,,,niihau_2_831_2295_3331.jpg
2_831_2295_3331_3650,S285,plastic_other,Plastic_ETC,21.880939953839775,-160.1099833534942,385325.97379765275,2420062.776068218,3.0,1,3.180235526717251,2.942879638672126,0.0,0.09540706580151752,False,False,7.632565264121402,5.088376842747602,25.441884213738007,2d:area×thick_range×rho,2인,,,niihau_2_831_2295_3331.jpg
2_831_2295_3331_3651,S285,plastic_other,Plastic_ETC,21.880979149858096,-160.1099957564948,385324.72363986884,2420067.124300649,3.0,1,0.5568188974960725,0.8903350830078883,0.0,0.016704566924882175,False,False,1.336365353990574,0.890910235993716,4.45455117996858,2d:area×thick_range×rho,1인,,,niihau_2_831_2295_3331.jpg
2_831_2295_3331_3652,S285,plastic_buoy,Plastic_Buoy_China,21.880896735663626,-160.10994338359671,385330.0689781127,2420057.9620191795,3.0,1,0.2352855607867642,0.5213012695312944,0.0,0.07058566823602926,False,False,4.235140094161755,2.1175700470808776,5.64685345888234,2d:area×thick_range×rho,1인,,,niihau_2_831_2295_3331.jpg
2_831_2295_3331_3653,S285,net,Net,21.88089819216179,-160.1100201046565,385322.14325241547,2420058.180490903,3.0,1,0.24624002198599748,0.5153012466431103,0.0,0.029548802638319698,False,False,4.432320395747955,1.8468001648949812,11.080800989369887,2d:area×thick_range×rho,1인,절단기,,niihau_2_831_2295_3331.jpg
2_831_2295_3331_3654,S285,plastic_other,Plastic_ETC,21.880884486483193,-160.11001043558912,385323.1313135944,2420056.656065478,3.0,1,1.0219182445431005,1.1551400756836923,0.0,0.030657547336293015,False,False,2.452603786903441,1.6350691912689608,8.175345956344804,2d:area×thick_range×rho,1인,,,niihau_2_831_2295_3331.jpg
2_831_840_1722_3656,S286,eps_buoy,Styrofoam_Buoy,21.88122771190129,-160.11024914622564,385298.74192933337,2420094.829060135,3.0,1,0.9127706575395231,1.1216406250000956,0.0,0.31946973013883306,False,False,7.986743253470826,3.4228899657732117,9.127706575395232,2d:area×thick_range×rho,1인,,,niihau_2_831_840_1722.jpg
2_831_840_1722_3657,S286,plastic_other,Plastic_ETC,21.88117135508005,-160.1102623086722,385297.33691648254,2420088.600210933,3.0,1,0.24529858293015963,0.5940216064453631,0.0,0.007358957487904789,False,False,0.588716599032383,0.3924777326882555,1.962388663441277,2d:area×thick_range×rho,1인,,,niihau_2_831_840_1722.jpg
2_831_840_1722_3658,S286,plastic_other,Plastic_ETC,21.88117318937416,-160.11019938254867,385303.8399554986,2420088.756309002,3.0,1,0.3371424809218027,0.58696777343755,0.0,0.010114274427654082,False,False,0.8091419542123266,0.5394279694748844,2.6971398473744217,2d:area×thick_range×rho,1인,,,niihau_2_831_840_1722.jpg
2_831_840_1722_3659,S286,plastic_other,Plastic_ETC,21.88124318997594,-160.1102346034777,385300.2568711115,2420096.5316228145,3.0,1,0.5255744096756877,0.7266406250000619,0.0,0.01576723229027063,False,False,1.2613785832216504,0.8409190554811004,4.2045952774055015,2d:area×thick_range×rho,1인,,,niihau_2_831_840_1722.jpg
2_835_1600_4548_3665,S287,plastic_buoy,Plastic_Buoy,21.885186014690408,-160.0974227406923,386627.10131120466,2420523.4935996733,3.0,1,0.20715836793485834,0.5746484375000489,0.0,0.0621475103804575,False,False,3.72885062282745,1.864425311413725,4.9718008304366,2d:area×thick_range×rho,1인,,,niihau_2_835_1600_4548.jpg
2_835_625_3685_3669,S288,eps_fragment,Styrofoam_Piece,21.885280831730572,-160.09768131099696,386600.461435856,2420534.180546982,3.0,1,0.40763046071536335,0.6517810058594306,0.0,0.0122289138214609,False,False,0.244578276429218,0.16305218428614537,0.8152609214307267,2d:area×thick_range×rho,1인,,,niihau_2_835_625_3685.jpg
2_887_14335_4588_3674,S289,pet_bottle,PET_Bottle,21.8902758500681,-160.08875146381246,387526.98687399836,2421080.5615551025,3.0,1,0.08677797796727704,0.4954870605469172,0.0,0.005206678678036623,False,False,0.17182039637520855,0.14318366364600713,0.28636732729201425,2d:area×thick_range×rho,1인,,,niihau_2_887_14335_4588.jpg
2_887_16053_4171_3678,S290,plastic_buoy,Plastic_Buoy,21.890365159822434,-160.08843898774904,387559.3399369186,2421090.2193492837,3.0,1,0.26744607009668736,0.5500314331055156,0.0,0.08023382102900621,False,False,4.814029261740373,2.4070146308701865,6.418705682320497,2d:area×thick_range×rho,1인,,,niihau_2_887_16053_4171.jpg
2_887_16053_4171_3679,S290,eps_fragment,Styrofoam_Piece,21.890410710194157,-160.08839678882052,387563.7353742407,2421095.2308495548,3.0,1,0.17932203120592313,0.4439184570312878,0.0,0.005379660936177694,False,False,0.10759321872355387,0.07172881248236926,0.3586440624118463,2d:area×thick_range×rho,1인,,,niihau_2_887_16053_4171.jpg
2_888_-108_10078_3680,S290,plastic_buoy,Plastic_Buoy,21.8903787750003,-160.0883584016144,387567.67625167937,2421091.6675637634,3.0,1,0.23465407118205256,0.49352661132816705,0.0,0.07039622135461576,False,False,4.223773281276946,2.111886640638473,5.631697708369262,2d:area×thick_range×rho,1인,,,niihau_2_888_-108_10078.jpg
2_888_-108_10078_3681,S290,net,Net,21.890372592213815,-160.0883531279297,387568.2162469327,2421090.97927624,3.0,1,0.16532963630857903,0.5106225585937935,0.0,0.019839556357029484,False,False,2.9759334535544224,1.2399722723143427,7.439833633886057,2d:area×thick_range×rho,1인,절단기,,niihau_2_888_-108_10078.jpg
2_888_-108_10078_3682,S290,plastic_buoy,Plastic_Buoy,21.890395730244066,-160.08838123795783,387565.3302428009,2421093.561203756,3.0,1,0.28011270170440083,0.6236340332031781,0.0,0.08403381051132025,False,False,5.042028630679215,2.5210143153396074,6.72270484090562,2d:area×thick_range×rho,1인,,,niihau_2_888_-108_10078.jpg
2_888_-108_10078_3683,S290,plastic_buoy,Plastic_Buoy,21.890402945067617,-160.0883869729157,387564.7434012263,2421094.364074438,3.0,1,0.2528389475048019,0.5545458984375472,0.0,0.07585168425144057,False,False,4.551101055086434,2.275550527543217,6.068134740115246,2d:area×thick_range×rho,1인,,,niihau_2_888_-108_10078.jpg
2_888_-123_9743_3688,S290,plastic_buoy,Plastic_Buoy,21.890378793873037,-160.0883583457875,387567.68203415436,2421091.6696121045,3.0,1,0.22847829806212505,0.48407470703129124,0.0,0.06854348941863751,False,False,4.112609365118251,2.0563046825591256,5.483479153491001,2d:area×thick_range×rho,1인,,,niihau_2_888_-123_9743.jpg
2_888_-123_9743_3689,S290,plastic_other,Plastic_ETC,21.890432482885632,-160.08836531767378,387567.00384061795,2421097.618035208,3.0,1,0.5992483489216396,0.7992553710938181,0.0,0.017977450467649186,False,False,1.438196037411935,0.9587973582746234,4.793986791373117,2d:area×thick_range×rho,1인,,,niihau_2_888_-123_9743.jpg
2_888_-123_9743_3690,S290,eps_fragment,Styrofoam_Piece,21.89041060601395,-160.08839675803017,387563.7384736104,2421095.219294375,3.0,1,0.20280485419038416,0.4597924804687892,0.0,0.006084145625711524,False,False,0.12168291251423048,0.08112194167615366,0.4056097083807683,2d:area×thick_range×rho,1인,,,niihau_2_888_-123_9743.jpg
2_888_-123_9743_3691,S290,net,Net,21.890394842166064,-160.08838134390834,387565.3186003426,2421093.4629719206,3.0,1,0.17684955808225308,0.4236865234375361,0.0,0.02122194696987037,False,False,3.1832920454805556,1.326371685616898,7.958230113701389,2d:area×thick_range×rho,1인,절단기,,niihau_2_888_-123_9743.jpg
2_940_2435_15151_3694,S291,plastic_other,Plastic_ETC,21.89348942886988,-160.08158275139235,388270.11603307794,2421431.070657156,3.0,1,0.7881435707585367,0.9252624511719538,0.0,0.0236443071227561,False,False,1.891544569820488,1.261029713213659,6.3051485660682935,2d:area×thick_range×rho,1인,,,niihau_2_940_2435_15151.jpg
2_940_2435_15151_3695,S291,net,Net,21.89343191175694,-160.0816204302223,388266.1785661434,2421424.730980898,3.0,1,0.23142791562717627,0.49285888671879197,0.0,0.027771349875261152,False,False,4.1657024812891725,1.7357093672038222,10.414256203222932,2d:area×thick_range×rho,1인,절단기,,niihau_2_940_2435_15151.jpg
2_940_6103_11449_3699,S292,plastic_other,Plastic_ETC,21.894084412531985,-160.08087079665543,388344.1322434005,2421496.41704734,3.0,1,0.4313450995818516,0.7376437377930316,0.0,0.012940352987455547,False,False,1.0352282389964438,0.6901521593309625,3.4507607966548126,2d:area×thick_range×rho,1인,,,niihau_2_940_6103_11449.jpg
2_940_6103_11449_3700,S292,pet_bottle,PET_Bottle,21.894139934644418,-160.08085445143826,388345.86411927885,2421502.551402501,3.0,1,0.25273294951920044,0.727529296875062,0.0,0.015163976971152026,False,False,0.5004112400480168,0.41700936670668076,0.8340187334133615,2d:area×thick_range×rho,1인,,,niihau_2_940_6103_11449.jpg
