item_id,image,cls_raw,cls,score,lat,lon,length_m,width_m,area_m2,weight_est_kg,weight_lo_kg,weight_hi_kg,crew,stop_id
1_1007_14025_13520_1,niihau_1_1007_14025_13520.jpg,PET_Bottle,pet_bottle,0.322,21.8939074,-160.2168074,0.47,0.28,0.131,0.26,0.22,0.43,1인,S001
1_1130_16634_16366_3,niihau_1_1130_16634_16366.jpg,Plastic_ETC,plastic_other,0.254,21.9070783,-160.2020696,2.47,1.02,2.510,6.02,4.02,20.08,1인,S002
1_1130_16634_16366_4,niihau_1_1130_16634_16366.jpg,Plastic_ETC,plastic_other,0.211,21.9070693,-160.2020801,0.66,0.52,0.344,0.83,0.55,2.76,1인,S002
1_1130_16634_16366_5,niihau_1_1130_16634_16366.jpg,Net,net,0.203,21.9070744,-160.2020895,0.52,0.44,0.232,4.17,1.74,10.42,1인,S002
1_1171_19103_2678_10,niihau_1_1171_19103_2678.jpg,Plastic_Buoy,plastic_buoy,0.463,21.9141332,-160.1968665,0.46,0.44,0.202,3.64,1.82,4.86,1인,S003
1_1171_19103_2678_11,niihau_1_1171_19103_2678.jpg,Plastic_Buoy,plastic_buoy,0.165,21.9141286,-160.1968672,0.43,0.43,0.185,3.33,1.67,4.44,1인,S003
1_1253_11171_18841_14,niihau_1_1253_11171_18841.jpg,Net,net,0.294,21.9202930,-160.1889068,0.36,0.34,0.122,2.19,0.91,5.48,1인,S004
1_1253_21758_1273_15,niihau_1_1253_21758_1273.jpg,Plastic_Buoy_China,plastic_buoy,0.133,21.9235332,-160.1869424,0.36,0.33,0.119,2.13,1.07,2.85,1인,S005
1_1253_23761_3032_16,niihau_1_1253_23761_3032.jpg,Plastic_Buoy,plastic_buoy,0.183,21.9232146,-160.1864483,0.29,0.26,0.076,1.37,0.69,1.83,1인,S006
1_1253_23761_3032_17,niihau_1_1253_23761_3032.jpg,PET_Bottle,pet_bottle,0.131,21.9231803,-160.1864826,0.47,0.34,0.159,0.31,0.26,0.52,1인,S006
1_1253_23761_3032_18,niihau_1_1253_23761_3032.jpg,Plastic_ETC,plastic_other,0.103,21.9231999,-160.1865352,0.42,0.41,0.171,0.41,0.27,1.37,1인,S006
1_1254_92_3028_24,niihau_1_1254_92_3028.jpg,PET_Bottle,pet_bottle,0.262,21.9231688,-160.1862959,0.55,0.45,0.247,0.49,0.41,0.82,1인,S006
1_1294_19371_10077_27,niihau_1_1294_19371_10077.jpg,PET_Bottle,pet_bottle,0.318,21.9252977,-160.1825998,0.53,0.30,0.157,0.31,0.26,0.52,1인,S007
1_1294_19721_10265_28,niihau_1_1294_19721_10265.jpg,Plastic_ETC,plastic_other,0.320,21.9252113,-160.1825124,0.55,0.42,0.233,0.56,0.37,1.86,1인,S007
1_1294_22470_9263_30,niihau_1_1294_22470_9263.jpg,PET_Bottle,pet_bottle,0.189,21.9253960,-160.1819816,0.78,0.71,0.551,1.09,0.91,1.82,1인,S008
1_1296_23468_1411_31,niihau_1_1296_23468_1411.jpg,Plastic_Buoy_China,plastic_buoy,0.219,21.9280461,-160.1722456,0.36,0.36,0.132,2.38,1.19,3.18,1인,S009
1_1419_19263_7383_33,niihau_1_1419_19263_7383.jpg,Plastic_ETC,plastic_other,0.453,21.9390622,-160.1587591,0.58,0.53,0.304,0.73,0.49,2.43,1인,S010
1_1419_19263_7383_34,niihau_1_1419_19263_7383.jpg,Plastic_ETC,plastic_other,0.212,21.9390571,-160.1587960,1.14,0.64,0.730,1.75,1.17,5.84,1인,S010
1_1422_8437_145_39,niihau_1_1422_8437_145.jpg,Plastic_ETC,plastic_other,0.207,21.9420386,-160.1466545,0.41,0.36,0.150,0.36,0.24,1.20,1인,S011
1_1463_10909_13296_40,niihau_1_1463_10909_13296.jpg,Plastic_ETC,plastic_other,0.109,21.9442515,-160.1413527,0.69,0.56,0.384,0.92,0.61,3.07,1인,S012
1_1464_7338_3709_43,niihau_1_1464_7338_3709.jpg,Styrofoam_Buoy,eps_buoy,0.255,21.9460122,-160.1372782,0.72,0.71,0.509,4.45,1.91,5.09,1인,S013
1_1505_9294_13174_45,niihau_1_1505_9294_13174.jpg,PET_Bottle,pet_bottle,0.119,21.9488532,-160.1321336,0.77,0.67,0.517,1.02,0.85,1.71,1인,S014
1_1546_15798_13107_46,niihau_1_1546_15798_13107.jpg,Plastic_Buoy_China,plastic_buoy,0.109,21.9534384,-160.1261370,0.38,0.35,0.132,2.37,1.19,3.16,1인,S015
1_1546_16155_13210_47,niihau_1_1546_16155_13210.jpg,Plastic_Buoy_China,plastic_buoy,0.248,21.9534610,-160.1260351,0.38,0.36,0.137,2.47,1.23,3.29,1인,S015
1_1546_16155_13210_48,niihau_1_1546_16155_13210.jpg,PET_Bottle,pet_bottle,0.172,21.9534204,-160.1260676,0.47,0.39,0.184,0.36,0.30,0.61,1인,S015
1_1546_9638_17976_50,niihau_1_1546_9638_17976.jpg,PET_Bottle,pet_bottle,0.270,21.9525060,-160.1273313,0.40,0.36,0.142,0.28,0.23,0.47,1인,S016
1_1587_7139_20367_52,niihau_1_1587_7139_20367.jpg,Net,net,0.138,21.9566608,-160.1230049,0.37,0.36,0.132,2.37,0.99,5.92,1인,S017
1_1587_7814_20141_54,niihau_1_1587_7814_20141.jpg,Net,net,0.452,21.9567134,-160.1229286,0.42,0.41,0.170,3.06,1.28,7.65,1인,S017
1_1628_1219_1830_55,niihau_1_1628_1219_1830.jpg,Plastic_Buoy_China,plastic_buoy,0.249,21.9645687,-160.1194870,0.59,0.59,0.351,6.32,3.16,8.43,1인,S018
1_1628_1219_1830_56,niihau_1_1628_1219_1830.jpg,Net,net,0.198,21.9645918,-160.1194732,0.45,0.44,0.199,3.58,1.49,8.95,1인,S018
1_1628_1219_1830_57,niihau_1_1628_1219_1830.jpg,Net,net,0.102,21.9645479,-160.1194553,0.40,0.38,0.153,2.75,1.15,6.88,1인,S018
1_1628_1536_1697_61,niihau_1_1628_1536_1697.jpg,Net,net,0.491,21.9645917,-160.1194733,0.45,0.45,0.202,3.64,1.52,9.10,1인,S018
1_1708_19135_8696_64,niihau_1_1708_19135_8696.jpg,Net,net,0.138,21.9724426,-160.1154206,0.37,0.32,0.118,2.13,0.89,5.31,1인,S019
1_1708_19135_8696_65,niihau_1_1708_19135_8696.jpg,Plastic_ETC,plastic_other,0.112,21.9724046,-160.1153785,0.52,0.48,0.252,0.60,0.40,2.01,1인,S019
1_1749_6177_17104_68,niihau_1_1749_6177_17104.jpg,Plastic_ETC,plastic_other,0.201,21.9754566,-160.1138636,0.88,0.88,0.776,1.86,1.24,6.20,1인,S020
1_1749_6177_17104_69,niihau_1_1749_6177_17104.jpg,Plastic_ETC,plastic_other,0.117,21.9754198,-160.1138296,1.23,0.91,1.116,2.68,1.79,8.93,1인,S020
1_1829_19818_7193_70,niihau_1_1829_19818_7193.jpg,Styrofoam_Piece,eps_fragment,0.199,21.9863164,-160.1107071,0.73,0.59,0.432,0.26,0.17,0.86,1인,S021
1_1829_19818_7193_71,niihau_1_1829_19818_7193.jpg,PET_Bottle,pet_bottle,0.115,21.9862431,-160.1107659,0.50,0.48,0.240,0.48,0.40,0.79,1인,S021
1_1829_19818_7193_72,niihau_1_1829_19818_7193.jpg,PET_Bottle,pet_bottle,0.110,21.9862247,-160.1107491,0.76,0.72,0.544,1.08,0.90,1.79,1인,S021
1_1910_13549_13783_83,niihau_1_1910_13549_13783.jpg,Plastic_Buoy,plastic_buoy,0.518,21.9941246,-160.1077459,0.41,0.41,0.166,2.99,1.49,3.98,1인,S022
1_1910_13549_13783_84,niihau_1_1910_13549_13783.jpg,PET_Bottle,pet_bottle,0.485,21.9941265,-160.1077353,0.40,0.38,0.150,0.30,0.25,0.49,1인,S022
1_1910_13549_13783_85,niihau_1_1910_13549_13783.jpg,Plastic_ETC,plastic_other,0.254,21.9941254,-160.1077297,0.83,0.60,0.496,1.19,0.79,3.96,1인,S022
1_1910_13549_13783_86,niihau_1_1910_13549_13783.jpg,PET_Bottle,pet_bottle,0.109,21.9941400,-160.1077527,0.39,0.28,0.108,0.21,0.18,0.36,1인,S022
1_1910_14409_13802_90,niihau_1_1910_14409_13802.jpg,Styrofoam_Piece,eps_fragment,0.608,21.9941262,-160.1076518,0.41,0.40,0.164,0.10,0.07,0.33,1인,S023
1_1910_14409_13802_91,niihau_1_1910_14409_13802.jpg,PET_Bottle,pet_bottle,0.272,21.9941137,-160.1075507,0.86,0.42,0.357,0.71,0.59,1.18,1인,S023
1_1910_14409_13802_92,niihau_1_1910_14409_13802.jpg,PET_Bottle,pet_bottle,0.261,21.9941251,-160.1075898,0.47,0.47,0.221,0.44,0.37,0.73,1인,S023
1_1910_14409_13802_93,niihau_1_1910_14409_13802.jpg,Styrofoam_Piece,eps_fragment,0.257,21.9941372,-160.1075948,0.36,0.24,0.089,0.05,0.04,0.18,1인,S023
1_1910_14409_13802_94,niihau_1_1910_14409_13802.jpg,Plastic_ETC,plastic_other,0.161,21.9941546,-160.1075995,0.96,0.92,0.882,2.12,1.41,7.06,1인,S023
1_1910_14409_13802_95,niihau_1_1910_14409_13802.jpg,Plastic_ETC,plastic_other,0.120,21.9941165,-160.1076447,0.38,0.25,0.095,0.23,0.15,0.76,1인,S023
1_1910_14661_14129_97,niihau_1_1910_14661_14129.jpg,Net,net,0.477,21.9941343,-160.1075137,0.40,0.38,0.153,2.75,1.15,6.87,1인,S023
1_1910_14661_14129_98,niihau_1_1910_14661_14129.jpg,Styrofoam_Piece,eps_fragment,0.337,21.9941372,-160.1075948,0.36,0.25,0.092,0.06,0.04,0.18,1인,S023
1_1910_14661_14129_99,niihau_1_1910_14661_14129.jpg,Net,net,0.254,21.9941241,-160.1075156,0.48,0.44,0.212,3.82,1.59,9.54,1인,S023
1_1910_14661_14129_100,niihau_1_1910_14661_14129.jpg,Styrofoam_Piece,eps_fragment,0.247,21.9941136,-160.1075508,0.81,0.48,0.387,0.23,0.15,0.77,1인,S023
1_1910_14661_14129_101,niihau_1_1910_14661_14129.jpg,PET_Bottle,pet_bottle,0.177,21.9941251,-160.1075899,0.48,0.46,0.222,0.44,0.37,0.73,1인,S023
1_1910_14661_14129_102,niihau_1_1910_14661_14129.jpg,Plastic_Buoy_China,plastic_buoy,0.173,21.9940713,-160.1074988,0.39,0.32,0.124,2.24,1.12,2.99,1인,S023
1_1910_14661_14129_103,niihau_1_1910_14661_14129.jpg,Plastic_Buoy_China,plastic_buoy,0.153,21.9940583,-160.1075690,0.50,0.32,0.160,2.89,1.44,3.85,1인,S023
1_1910_14661_14129_104,niihau_1_1910_14661_14129.jpg,Net,net,0.115,21.9940431,-160.1075265,0.43,0.41,0.180,3.23,1.35,8.08,1인,S023
1_1910_14745_14501_106,niihau_1_1910_14745_14501.jpg,Net,net,0.595,21.9940339,-160.1075686,0.47,0.40,0.188,3.39,1.41,8.47,1인,S023
1_1910_14745_14501_107,niihau_1_1910_14745_14501.jpg,Plastic_Buoy_China,plastic_buoy,0.278,21.9940582,-160.1075690,0.51,0.34,0.173,3.11,1.55,4.14,1인,S023
1_1910_14745_14501_108,niihau_1_1910_14745_14501.jpg,Plastic_Buoy_China,plastic_buoy,0.149,21.9940712,-160.1074988,0.37,0.32,0.120,2.15,1.08,2.87,1인,S023
1_1910_14745_14501_109,niihau_1_1910_14745_14501.jpg,Net,net,0.101,21.9940837,-160.1075633,0.38,0.38,0.145,2.61,1.09,6.52,1인,S023
1_1910_15751_14036_116,niihau_1_1910_15751_14036.jpg,Styrofoam_Piece,eps_fragment,0.247,21.9941492,-160.1073290,0.42,0.41,0.173,0.10,0.07,0.35,1인,S024
1_1910_15751_14036_117,niihau_1_1910_15751_14036.jpg,Styrofoam_Piece,eps_fragment,0.218,21.9941500,-160.1073370,0.54,0.52,0.281,0.17,0.11,0.56,1인,S024
1_1910_15751_14036_118,niihau_1_1910_15751_14036.jpg,Net,net,0.137,21.9941230,-160.1072999,0.55,0.49,0.269,4.84,2.02,12.09,1인,S024
1_1910_16352_13624_121,niihau_1_1910_16352_13624.jpg,Net,net,0.517,21.9942005,-160.1072619,0.51,0.37,0.189,3.40,1.42,8.50,1인,S024
1_1910_16352_13624_122,niihau_1_1910_16352_13624.jpg,Net,net,0.375,21.9941564,-160.1072016,0.39,0.31,0.120,2.16,0.90,5.40,1인,S024
1_1910_16352_13624_123,niihau_1_1910_16352_13624.jpg,Net,net,0.218,21.9941375,-160.1071881,0.59,0.50,0.296,5.34,2.22,13.34,1인,S024
1_1910_16352_13624_124,niihau_1_1910_16352_13624.jpg,Plastic_Buoy,plastic_buoy,0.214,21.9941702,-160.1072596,0.34,0.31,0.106,1.91,0.96,2.55,1인,S024
1_1910_16352_13624_125,niihau_1_1910_16352_13624.jpg,Net,net,0.191,21.9941611,-160.1072313,0.55,0.53,0.291,5.24,2.18,13.11,1인,S024
1_1910_16352_13624_126,niihau_1_1910_16352_13624.jpg,PET_Bottle,pet_bottle,0.167,21.9941759,-160.1072757,0.44,0.39,0.172,0.34,0.28,0.57,1인,S024
1_1910_16352_13624_127,niihau_1_1910_16352_13624.jpg,Plastic_Buoy_China,plastic_buoy,0.110,21.9942260,-160.1072216,0.41,0.30,0.124,2.23,1.12,2.98,1인,S024
1_1910_17447_12656_133,niihau_1_1910_17447_12656.jpg,Rope,rope,0.255,21.9943669,-160.1070135,1.01,0.82,0.824,9.89,6.59,16.48,1인,S025
1_1910_18143_13151_137,niihau_1_1910_18143_13151.jpg,PET_Bottle,pet_bottle,0.342,21.9942686,-160.1068392,0.56,0.46,0.255,0.51,0.42,0.84,1인,S026
1_1910_18143_13151_138,niihau_1_1910_18143_13151.jpg,Plastic_ETC,plastic_other,0.119,21.9942385,-160.1068687,1.23,1.16,1.425,3.42,2.28,11.40,1인,S026
1_1910_898_19874_141,niihau_1_1910_898_19874.jpg,PET_Bottle,pet_bottle,0.202,21.9930286,-160.1102215,0.42,0.35,0.147,0.29,0.24,0.49,1인,S027
1_1920_11836_5396_146,niihau_1_1920_11836_5396.jpg,PET_Bottle,pet_bottle,0.177,21.9960393,-160.0602722,0.49,0.36,0.179,0.36,0.30,0.59,1인,S028
1_1920_11836_5396_147,niihau_1_1920_11836_5396.jpg,PET_Bottle,pet_bottle,0.129,21.9960358,-160.0602685,0.59,0.56,0.327,0.65,0.54,1.08,1인,S028
1_1920_11836_5396_148,niihau_1_1920_11836_5396.jpg,PET_Bottle,pet_bottle,0.124,21.9960283,-160.0602824,0.65,0.31,0.202,0.40,0.33,0.67,1인,S028
1_1920_11836_5396_149,niihau_1_1920_11836_5396.jpg,PET_Bottle,pet_bottle,0.112,21.9960409,-160.0602692,0.59,0.30,0.176,0.35,0.29,0.58,1인,S028
1_1920_12055_5026_154,niihau_1_1920_12055_5026.jpg,PET_Bottle,pet_bottle,0.207,21.9960711,-160.0601881,0.70,0.41,0.288,0.57,0.48,0.95,1인,S028
1_1920_12055_5026_155,niihau_1_1920_12055_5026.jpg,Styrofoam_Piece,eps_fragment,0.129,21.9960525,-160.0602458,0.92,0.80,0.732,0.44,0.29,1.46,1인,S028
1_1920_12055_5026_156,niihau_1_1920_12055_5026.jpg,PET_Bottle,pet_bottle,0.127,21.9960395,-160.0602723,0.51,0.37,0.189,0.37,0.31,0.62,1인,S028
1_1920_12348_5674_158,niihau_1_1920_12348_5674.jpg,PET_Bottle,pet_bottle,0.335,21.9959033,-160.0601491,0.75,0.73,0.548,1.09,0.90,1.81,1인,S029
1_1920_12348_5674_159,niihau_1_1920_12348_5674.jpg,Plastic_ETC,plastic_other,0.290,21.9959354,-160.0601886,0.73,0.72,0.523,1.25,0.84,4.18,1인,S029
1_1920_12348_5674_160,niihau_1_1920_12348_5674.jpg,Net,net,0.121,21.9958931,-160.0602134,0.50,0.35,0.176,3.17,1.32,7.93,1인,S029
1_1920_12348_5674_161,niihau_1_1920_12348_5674.jpg,PET_Bottle,pet_bottle,0.112,21.9958800,-160.0601510,0.51,0.34,0.174,0.34,0.29,0.57,1인,S029
1_1920_12348_5674_162,niihau_1_1920_12348_5674.jpg,Net,net,0.106,21.9959845,-160.0601595,0.44,0.38,0.165,2.97,1.24,7.43,1인,S028
1_1920_12524_6327_165,niihau_1_1920_12524_6327.jpg,Styrofoam_Piece,eps_fragment,0.279,21.9958623,-160.0601087,0.51,0.45,0.232,0.14,0.09,0.46,1인,S029
1_1920_12524_6327_166,niihau_1_1920_12524_6327.jpg,Net,net,0.273,21.9958114,-160.0601591,0.44,0.42,0.185,3.33,1.39,8.34,1인,S029
1_1920_12524_6327_167,niihau_1_1920_12524_6327.jpg,Plastic_Buoy,plastic_buoy,0.157,21.9958064,-160.0602131,0.48,0.45,0.220,3.95,1.98,5.27,1인,S029
1_1920_12577_5985_169,niihau_1_1920_12577_5985.jpg,PET_Bottle,pet_bottle,0.360,21.9959033,-160.0601489,0.72,0.69,0.494,0.98,0.81,1.63,1인,S029
1_1920_12577_5985_170,niihau_1_1920_12577_5985.jpg,Styrofoam_Piece,eps_fragment,0.268,21.9958623,-160.0601087,0.51,0.46,0.233,0.14,0.09,0.47,1인,S029
1_1920_12577_5985_171,niihau_1_1920_12577_5985.jpg,Plastic_ETC,plastic_other,0.198,21.9959349,-160.0601885,0.74,0.59,0.435,1.04,0.70,3.48,1인,S029
1_1920_17450_3490_173,niihau_1_1920_17450_3490.jpg,Styrofoam_Piece,eps_fragment,0.191,21.9963224,-160.0591891,0.70,0.60,0.420,0.25,0.17,0.84,1인,S030
1_1920_18395_3804_177,niihau_1_1920_18395_3804.jpg,Net,net,0.267,21.9963095,-160.0590419,0.50,0.36,0.177,3.19,1.33,7.97,1인,S031
1_1920_18916_3934_180,niihau_1_1920_18916_3934.jpg,Plastic_Buoy,plastic_buoy,0.202,21.9962542,-160.0589133,0.55,0.51,0.284,5.11,2.56,6.82,1인,S031
1_1920_18916_3934_181,niihau_1_1920_18916_3934.jpg,Plastic_Buoy,plastic_buoy,0.106,21.9962974,-160.0589214,0.40,0.35,0.137,2.47,1.23,3.29,1인,S031
1_1920_19509_3968_184,niihau_1_1920_19509_3968.jpg,Styrofoam_Piece,eps_fragment,0.132,21.9962278,-160.0588010,0.51,0.46,0.234,0.14,0.09,0.47,1인,S031
1_1920_19509_3968_185,niihau_1_1920_19509_3968.jpg,Plastic_Buoy,plastic_buoy,0.104,21.9962492,-160.0587994,0.45,0.40,0.182,3.27,1.63,4.36,1인,S031
1_1920_9486_5165_189,niihau_1_1920_9486_5165.jpg,Plastic_ETC,plastic_other,0.155,21.9960565,-160.0607322,0.57,0.53,0.303,0.73,0.48,2.42,1인,S032
1_1920_9486_5165_190,niihau_1_1920_9486_5165.jpg,Plastic_ETC,plastic_other,0.154,21.9959830,-160.0607413,0.88,0.72,0.634,1.52,1.01,5.07,1인,S032
1_1920_9486_5165_191,niihau_1_1920_9486_5165.jpg,Plastic_ETC,plastic_other,0.107,21.9959898,-160.0606962,0.52,0.43,0.225,0.54,0.36,1.80,1인,S032
1_1920_9630_4848_194,niihau_1_1920_9630_4848.jpg,Plastic_ETC,plastic_other,0.145,21.9960565,-160.0607320,0.54,0.54,0.292,0.70,0.47,2.33,1인,S032
1_1951_5083_4810_195,niihau_1_1951_5083_4810.jpg,Styrofoam_Piece,eps_fragment,0.152,21.9973940,-160.1046030,0.43,0.41,0.177,0.11,0.07,0.35,1인,S033
1_1951_5083_4810_196,niihau_1_1951_5083_4810.jpg,Plastic_Buoy_China,plastic_buoy,0.145,21.9973996,-160.1046991,0.59,0.55,0.326,5.87,2.93,7.83,1인,S033
1_1951_5083_4810_197,niihau_1_1951_5083_4810.jpg,Styrofoam_Piece,eps_fragment,0.103,21.9973284,-160.1046309,0.58,0.36,0.210,0.13,0.08,0.42,1인,S033
1_1951_5112_3882_200,niihau_1_1951_5112_3882.jpg,Styrofoam_Piece,eps_fragment,0.414,21.9974891,-160.1046792,0.60,0.56,0.334,0.20,0.13,0.67,1인,S033
1_1951_5112_3882_201,niihau_1_1951_5112_3882.jpg,PET_Bottle,pet_bottle,0.295,21.9975370,-160.1045953,0.59,0.41,0.241,0.48,0.40,0.80,1인,S033
1_1951_5112_3882_202,niihau_1_1951_5112_3882.jpg,PET_Bottle,pet_bottle,0.292,21.9975412,-160.1046445,0.55,0.33,0.185,0.37,0.31,0.61,1인,S033
1_1951_8691_8160_205,niihau_1_1951_8691_8160.jpg,PET_Bottle,pet_bottle,0.290,21.9967494,-160.1039664,0.63,0.48,0.307,0.61,0.51,1.01,1인,S034
1_1951_8691_8160_206,niihau_1_1951_8691_8160.jpg,PET_Bottle,pet_bottle,0.236,21.9967636,-160.1039601,0.50,0.44,0.224,0.44,0.37,0.74,1인,S034
1_1951_8691_8160_207,niihau_1_1951_8691_8160.jpg,PET_Bottle,pet_bottle,0.150,21.9967550,-160.1039746,0.50,0.46,0.227,0.45,0.38,0.75,1인,S034
1_1951_8691_8160_208,niihau_1_1951_8691_8160.jpg,Plastic_Buoy,plastic_buoy,0.146,21.9968273,-160.1039516,0.39,0.35,0.138,2.49,1.24,3.32,1인,S034
1_1951_8691_8160_209,niihau_1_1951_8691_8160.jpg,PET_Bottle,pet_bottle,0.118,21.9967709,-160.1039214,0.55,0.34,0.189,0.37,0.31,0.62,1인,S034
1_1951_8691_8160_210,niihau_1_1951_8691_8160.jpg,Styrofoam_Piece,eps_fragment,0.117,21.9967757,-160.1039175,0.50,0.45,0.223,0.13,0.09,0.45,1인,S034
1_1953_13474_1562_216,niihau_1_1953_13474_1562.jpg,Plastic_Buoy_China,plastic_buoy,0.125,22.0010303,-160.0934466,0.51,0.50,0.255,4.59,2.29,6.12,1인,S035
1_1953_2389_10013_218,niihau_1_1953_2389_10013.jpg,Plastic_ETC,plastic_other,0.549,21.9994319,-160.0956282,0.52,0.43,0.226,0.54,0.36,1.80,1인,S036
1_1953_2389_10013_219,niihau_1_1953_2389_10013.jpg,Plastic_ETC,plastic_other,0.450,21.9994427,-160.0956217,0.75,0.59,0.437,1.05,0.70,3.50,1인,S036
1_1953_2389_10013_220,niihau_1_1953_2389_10013.jpg,Net,net,0.105,21.9994120,-160.0955657,0.49,0.44,0.216,3.88,1.62,9.71,1인,S036
1_1956_-34_13892_221,niihau_1_1956_-34_13892.jpg,Plastic_Buoy_China,plastic_buoy,0.322,21.9980120,-160.0817535,0.49,0.46,0.226,4.07,2.03,5.43,1인,S037
1_1956_-34_13892_222,niihau_1_1956_-34_13892.jpg,Net,net,0.195,21.9980369,-160.0816917,0.45,0.41,0.183,3.30,1.38,8.25,1인,S037
1_1956_-34_13892_223,niihau_1_1956_-34_13892.jpg,Plastic_ETC,plastic_other,0.164,21.9980380,-160.0817080,0.46,0.46,0.213,0.51,0.34,1.70,1인,S037
1_1956_-34_13892_224,niihau_1_1956_-34_13892.jpg,Net,net,0.128,21.9980147,-160.0817112,0.45,0.40,0.177,3.18,1.32,7.94,1인,S037
1_1956_-34_13892_225,niihau_1_1956_-34_13892.jpg,Plastic_ETC,plastic_other,0.122,21.9980009,-160.0817336,0.60,0.54,0.327,0.78,0.52,2.61,1인,S037
1_1956_10458_11579_226,niihau_1_1956_10458_11579.jpg,Plastic_ETC,plastic_other,0.187,21.9984327,-160.0797002,1.03,0.74,0.755,1.81,1.21,6.04,1인,S038
1_1956_366_13563_228,niihau_1_1956_366_13563.jpg,Net,net,0.259,21.9980369,-160.0816917,0.48,0.43,0.205,3.69,1.54,9.23,1인,S037
1_1956_366_13563_229,niihau_1_1956_366_13563.jpg,Net,net,0.208,21.9980609,-160.0816562,0.40,0.40,0.161,2.89,1.21,7.23,1인,S037
1_1956_366_13563_230,niihau_1_1956_366_13563.jpg,Net,net,0.173,21.9980148,-160.0817111,0.43,0.43,0.184,3.31,1.38,8.27,1인,S037
1_1956_366_13563_231,niihau_1_1956_366_13563.jpg,Plastic_ETC,plastic_other,0.107,21.9980380,-160.0817080,0.48,0.47,0.224,0.54,0.36,1.79,1인,S037
1_1956_366_13563_232,niihau_1_1956_366_13563.jpg,Plastic_Buoy_China,plastic_buoy,0.101,21.9980234,-160.0816240,0.26,0.24,0.065,1.16,0.58,1.55,1인,S037
1_1957_13002_13336_240,niihau_1_1957_13002_13336.jpg,Plastic_ETC,plastic_other,0.299,21.9988224,-160.0744312,1.07,0.92,0.987,2.37,1.58,7.89,1인,S039
1_1957_13002_13336_241,niihau_1_1957_13002_13336.jpg,Plastic_ETC,plastic_other,0.170,21.9987919,-160.0744572,2.83,0.96,2.724,6.54,4.36,21.79,1인,S039
1_1957_20869_10324_249,niihau_1_1957_20869_10324.jpg,PET_Bottle,pet_bottle,0.484,21.9993772,-160.0729112,0.74,0.60,0.448,0.89,0.74,1.48,1인,S040
1_1958_1457_10776_250,niihau_1_1958_1457_10776.jpg,PET_Bottle,pet_bottle,0.470,21.9995093,-160.0718339,0.79,0.52,0.409,0.81,0.67,1.35,1인,S041
1_1958_1457_10776_251,niihau_1_1958_1457_10776.jpg,PET_Bottle,pet_bottle,0.312,21.9994959,-160.0718611,0.51,0.49,0.250,0.49,0.41,0.82,1인,S041
1_1958_1457_10776_252,niihau_1_1958_1457_10776.jpg,PET_Bottle,pet_bottle,0.115,21.9994619,-160.0718919,0.77,0.39,0.298,0.59,0.49,0.98,1인,S041
1_1958_4255_8461_253,niihau_1_1958_4255_8461.jpg,Plastic_Buoy_China,plastic_buoy,0.165,21.9999375,-160.0713262,0.49,0.41,0.202,3.63,1.82,4.84,1인,S042
1_1958_4255_8461_254,niihau_1_1958_4255_8461.jpg,PET_Bottle,pet_bottle,0.156,21.9999148,-160.0713551,0.60,0.60,0.362,0.72,0.60,1.19,1인,S042
1_1958_4255_8461_255,niihau_1_1958_4255_8461.jpg,Plastic_ETC,plastic_other,0.119,21.9998865,-160.0713516,0.74,0.68,0.498,1.20,0.80,3.99,1인,S042
1_1958_4394_8835_258,niihau_1_1958_4394_8835.jpg,Plastic_ETC,plastic_other,0.249,21.9998410,-160.0712811,0.95,0.89,0.845,2.03,1.35,6.76,1인,S042
1_1958_4394_8835_259,niihau_1_1958_4394_8835.jpg,Plastic_Buoy,plastic_buoy,0.229,21.9998164,-160.0713251,0.53,0.51,0.270,4.87,2.43,6.49,1인,S042
1_1958_4394_8835_260,niihau_1_1958_4394_8835.jpg,Styrofoam_Piece,eps_fragment,0.161,21.9997778,-160.0712812,0.50,0.45,0.228,0.14,0.09,0.46,1인,S042
1_1959_10818_13285_264,niihau_1_1959_10818_13285.jpg,Plastic_Buoy_China,plastic_buoy,0.106,21.9991072,-160.0652822,0.53,0.44,0.235,4.22,2.11,5.63,1인,S043
1_1959_12065_12591_266,niihau_1_1959_12065_12591.jpg,PET_Bottle,pet_bottle,0.115,21.9992290,-160.0651120,0.69,0.37,0.257,0.51,0.42,0.85,1인,S044
1_1959_12103_12073_271,niihau_1_1959_12103_12073.jpg,Plastic_ETC,plastic_other,0.312,21.9992715,-160.0650448,0.95,0.88,0.837,2.01,1.34,6.70,1인,S044
1_1959_12169_12904_273,niihau_1_1959_12169_12904.jpg,PET_Bottle,pet_bottle,0.159,21.9991546,-160.0649931,0.57,0.54,0.306,0.61,0.50,1.01,1인,S044
1_1959_13116_13200_278,niihau_1_1959_13116_13200.jpg,Plastic_ETC,plastic_other,0.112,21.9990700,-160.0648465,1.09,0.71,0.776,1.86,1.24,6.21,1인,S045
1_1959_13212_12798_280,niihau_1_1959_13212_12798.jpg,Plastic_ETC,plastic_other,0.110,21.9991424,-160.0648604,0.88,0.79,0.702,1.68,1.12,5.61,1인,S045
1_1959_13670_13809_287,niihau_1_1959_13670_13809.jpg,Plastic_Buoy_China,plastic_buoy,0.479,21.9989460,-160.0646904,0.61,0.56,0.341,6.14,3.07,8.19,1인,S046
1_1959_13670_13809_288,niihau_1_1959_13670_13809.jpg,Plastic_Buoy_China,plastic_buoy,0.209,21.9989978,-160.0647168,0.57,0.45,0.255,4.60,2.30,6.13,1인,S046
1_1959_13670_13809_289,niihau_1_1959_13670_13809.jpg,Plastic_Buoy_China,plastic_buoy,0.207,21.9989475,-160.0647032,0.48,0.47,0.224,4.03,2.01,5.37,1인,S046
1_1959_13670_13809_290,niihau_1_1959_13670_13809.jpg,PET_Bottle,pet_bottle,0.105,21.9989642,-160.0647398,0.74,0.31,0.232,0.46,0.38,0.77,1인,S046
1_1959_14804_13236_293,niihau_1_1959_14804_13236.jpg,Plastic_Buoy_China,plastic_buoy,0.323,21.9990268,-160.0645565,0.36,0.34,0.124,2.22,1.11,2.96,1인,S046
1_1959_14804_13236_294,niihau_1_1959_14804_13236.jpg,Plastic_Buoy_China,plastic_buoy,0.307,21.9990392,-160.0645618,0.56,0.52,0.293,5.28,2.64,7.04,1인,S046
1_1959_14804_13236_295,niihau_1_1959_14804_13236.jpg,Plastic_Buoy_China,plastic_buoy,0.230,21.9990714,-160.0645510,0.53,0.50,0.264,4.75,2.37,6.33,1인,S046
1_1959_14804_13236_296,niihau_1_1959_14804_13236.jpg,PET_Bottle,pet_bottle,0.157,21.9990591,-160.0645274,0.42,0.36,0.151,0.30,0.25,0.50,1인,S047
1_1959_14804_13236_297,niihau_1_1959_14804_13236.jpg,Net,net,0.126,21.9990571,-160.0645313,0.46,0.42,0.195,3.51,1.46,8.77,1인,S047
1_1959_14804_13236_298,niihau_1_1959_14804_13236.jpg,Net,net,0.109,21.9990495,-160.0644819,0.46,0.44,0.200,3.60,1.50,9.01,1인,S047
1_1959_15459_14395_302,niihau_1_1959_15459_14395.jpg,Plastic_ETC,plastic_other,0.101,21.9989067,-160.0643395,1.06,1.04,1.106,2.65,1.77,8.84,1인,S048
1_1959_2045_5602_303,niihau_1_1959_2045_5602.jpg,Plastic_Buoy,plastic_buoy,0.335,22.0004495,-160.0670317,0.36,0.35,0.129,2.32,1.16,3.09,1인,S049
1_1959_3885_8205_305,niihau_1_1959_3885_8205.jpg,Plastic_Buoy,plastic_buoy,0.155,21.9999411,-160.0666978,0.39,0.39,0.153,2.76,1.38,3.68,1인,S050
1_1959_3885_8205_306,niihau_1_1959_3885_8205.jpg,PET_Bottle,pet_bottle,0.107,21.9999201,-160.0665899,0.83,0.76,0.631,1.25,1.04,2.08,1인,S050
1_1959_4396_6847_309,niihau_1_1959_4396_6847.jpg,PET_Bottle,pet_bottle,0.396,22.0001507,-160.0664950,0.46,0.30,0.138,0.27,0.23,0.46,1인,S051
1_1959_4396_6847_310,niihau_1_1959_4396_6847.jpg,Net,net,0.168,22.0001546,-160.0665538,0.44,0.43,0.192,3.45,1.44,8.63,1인,S051
1_1959_4679_7175_315,niihau_1_1959_4679_7175.jpg,Plastic_Buoy_China,plastic_buoy,0.367,22.0001308,-160.0665139,0.57,0.55,0.313,5.63,2.81,7.51,1인,S051
1_1959_4679_7175_316,niihau_1_1959_4679_7175.jpg,Styrofoam_Buoy,eps_buoy,0.333,22.0001491,-160.0664435,0.94,0.81,0.762,6.67,2.86,7.62,1인,S051
1_1959_4679_7175_317,niihau_1_1959_4679_7175.jpg,Net,net,0.331,22.0001164,-160.0664666,0.52,0.45,0.237,4.27,1.78,10.68,1인,S051
1_1959_4679_7175_318,niihau_1_1959_4679_7175.jpg,Styrofoam_Piece,eps_fragment,0.313,22.0001078,-160.0664948,0.51,0.50,0.253,0.15,0.10,0.51,1인,S051
1_1959_4679_7175_319,niihau_1_1959_4679_7175.jpg,PET_Bottle,pet_bottle,0.201,22.0001491,-160.0664952,0.67,0.52,0.350,0.69,0.58,1.16,1인,S051
1_1959_4679_7175_320,niihau_1_1959_4679_7175.jpg,Plastic_ETC,plastic_other,0.118,22.0001432,-160.0665060,4.04,1.04,4.189,10.05,6.70,33.51,2인,S051
1_1959_4679_7175_321,niihau_1_1959_4679_7175.jpg,Net,net,0.109,22.0001124,-160.0664751,0.49,0.41,0.197,3.55,1.48,8.88,1인,S051
1_1959_4705_7544_327,niihau_1_1959_4705_7544.jpg,Net,net,0.496,22.0001163,-160.0664667,0.50,0.46,0.229,4.12,1.72,10.30,1인,S051
1_1959_4705_7544_328,niihau_1_1959_4705_7544.jpg,Styrofoam_Piece,eps_fragment,0.206,22.0001078,-160.0664949,0.53,0.51,0.268,0.16,0.11,0.54,1인,S051
1_1959_4705_7544_329,niihau_1_1959_4705_7544.jpg,Plastic_Buoy_China,plastic_buoy,0.134,22.0001308,-160.0665140,0.55,0.55,0.303,5.46,2.73,7.28,1인,S051
1_1959_4705_7544_330,niihau_1_1959_4705_7544.jpg,PET_Bottle,pet_bottle,0.125,22.0001351,-160.0664892,0.86,0.71,0.611,1.21,1.01,2.02,1인,S051
1_1959_4705_7544_331,niihau_1_1959_4705_7544.jpg,Net,net,0.101,22.0001124,-160.0664752,0.50,0.45,0.224,4.03,1.68,10.08,1인,S051
1_1959_5269_8506_333,niihau_1_1959_5269_8506.jpg,Styrofoam_Piece,eps_fragment,0.177,21.9999616,-160.0663813,0.58,0.53,0.305,0.18,0.12,0.61,1인,S052
1_1959_5269_8506_334,niihau_1_1959_5269_8506.jpg,Styrofoam_Piece,eps_fragment,0.110,21.9999427,-160.0663133,0.52,0.29,0.152,0.09,0.06,0.30,1인,S052
1_1959_5476_8059_339,niihau_1_1959_5476_8059.jpg,Styrofoam_Piece,eps_fragment,0.162,21.9999617,-160.0663812,0.57,0.54,0.312,0.19,0.12,0.62,1인,S052
1_1959_5476_8059_340,niihau_1_1959_5476_8059.jpg,Styrofoam_Piece,eps_fragment,0.160,21.9999720,-160.0663797,0.47,0.44,0.205,0.12,0.08,0.41,1인,S053
1_1959_5476_8059_341,niihau_1_1959_5476_8059.jpg,PET_Bottle,pet_bottle,0.145,21.9999422,-160.0663116,0.68,0.62,0.425,0.84,0.70,1.40,1인,S052
1_1959_5711_8533_344,niihau_1_1959_5711_8533.jpg,Net,net,0.187,21.9998534,-160.0662295,0.49,0.48,0.237,4.27,1.78,10.67,1인,S052
1_1959_5711_8533_345,niihau_1_1959_5711_8533.jpg,PET_Bottle,pet_bottle,0.174,21.9999540,-160.0662489,0.68,0.48,0.324,0.64,0.53,1.07,1인,S052
1_1959_5711_8533_346,niihau_1_1959_5711_8533.jpg,PET_Bottle,pet_bottle,0.121,21.9999159,-160.0663115,0.76,0.40,0.305,0.60,0.50,1.01,1인,S052
1_1959_5711_8533_347,niihau_1_1959_5711_8533.jpg,Styrofoam_Piece,eps_fragment,0.105,21.9999281,-160.0662447,0.38,0.32,0.120,0.07,0.05,0.24,1인,S052
1_1959_5711_8533_348,niihau_1_1959_5711_8533.jpg,PET_Bottle,pet_bottle,0.104,21.9999152,-160.0662394,0.53,0.34,0.180,0.36,0.30,0.59,1인,S052
1_1959_7251_10757_353,niihau_1_1959_7251_10757.jpg,Plastic_ETC,plastic_other,0.540,21.9995039,-160.0659869,0.55,0.53,0.295,0.71,0.47,2.36,1인,S054
1_1959_7251_10757_354,niihau_1_1959_7251_10757.jpg,Net,net,0.249,21.9995233,-160.0660323,0.41,0.36,0.149,2.69,1.12,6.72,1인,S054
1_1959_7251_10757_355,niihau_1_1959_7251_10757.jpg,PET_Bottle,pet_bottle,0.105,21.9995221,-160.0660218,0.44,0.37,0.162,0.32,0.27,0.54,1인,S054
1_1959_8804_11030_358,niihau_1_1959_8804_11030.jpg,Plastic_ETC,plastic_other,0.111,21.9994570,-160.0656855,0.44,0.43,0.190,0.46,0.30,1.52,1인,S055
1_1959_9143_11070_362,niihau_1_1959_9143_11070.jpg,Plastic_Buoy,plastic_buoy,0.457,21.9994112,-160.0655886,0.44,0.43,0.187,3.37,1.68,4.49,1인,S055
1_1959_9143_11070_363,niihau_1_1959_9143_11070.jpg,PET_Bottle,pet_bottle,0.135,21.9994206,-160.0655800,0.70,0.36,0.250,0.49,0.41,0.82,1인,S055
1_1959_9143_11070_364,niihau_1_1959_9143_11070.jpg,PET_Bottle,pet_bottle,0.130,21.9994582,-160.0655614,0.42,0.41,0.171,0.34,0.28,0.56,1인,S055
1_1959_9253_11394_367,niihau_1_1959_9253_11394.jpg,Plastic_Buoy,plastic_buoy,0.513,21.9994113,-160.0655886,0.45,0.44,0.198,3.56,1.78,4.75,1인,S055
1_1959_9253_11394_368,niihau_1_1959_9253_11394.jpg,Plastic_ETC,plastic_other,0.266,21.9993699,-160.0655414,0.70,0.65,0.460,1.10,0.74,3.68,1인,S055
1_1959_9253_11394_369,niihau_1_1959_9253_11394.jpg,Plastic_ETC,plastic_other,0.101,21.9993913,-160.0655975,0.80,0.78,0.626,1.50,1.00,5.01,1인,S055
1_1959_9831_12576_374,niihau_1_1959_9831_12576.jpg,Plastic_ETC,plastic_other,0.155,21.9991787,-160.0654846,0.92,0.72,0.663,1.59,1.06,5.31,1인,S056
1_1960_1080_6589_376,niihau_1_1960_1080_6589.jpg,Styrofoam_Piece,eps_fragment,0.218,21.9988056,-160.0624029,0.40,0.36,0.144,0.09,0.06,0.29,1인,S057
1_1960_1080_6589_377,niihau_1_1960_1080_6589.jpg,Styrofoam_Piece,eps_fragment,0.184,21.9987960,-160.0623948,0.51,0.50,0.257,0.15,0.10,0.51,1인,S057
1_1960_1080_6589_378,niihau_1_1960_1080_6589.jpg,Plastic_ETC,plastic_other,0.141,21.9988087,-160.0624167,0.51,0.42,0.213,0.51,0.34,1.70,1인,S057
1_1960_1676_8354_382,niihau_1_1960_1676_8354.jpg,Plastic_Buoy,plastic_buoy,0.222,21.9984777,-160.0622770,0.89,0.69,0.616,11.08,5.54,14.78,1인,S058
1_1960_2633_9841_392,niihau_1_1960_2633_9841.jpg,Net,net,0.283,21.9981573,-160.0621278,0.60,0.53,0.319,5.75,2.40,14.38,1인,S059
1_1960_2633_9841_393,niihau_1_1960_2633_9841.jpg,Plastic_Buoy_China,plastic_buoy,0.160,21.9981688,-160.0620859,0.69,0.49,0.340,6.12,3.06,8.16,1인,S059
1_1960_2633_9841_394,niihau_1_1960_2633_9841.jpg,Net,net,0.129,21.9981666,-160.0620668,0.35,0.31,0.110,1.99,0.83,4.97,1인,S059
1_1960_2633_9841_395,niihau_1_1960_2633_9841.jpg,Net,net,0.119,21.9982506,-160.0620806,0.49,0.46,0.227,4.08,1.70,10.19,1인,S059
1_1960_2867_8620_405,niihau_1_1960_2867_8620.jpg,Net,net,0.239,21.9984433,-160.0620925,0.38,0.34,0.130,2.34,0.97,5.84,1인,S058
1_1960_2867_8620_406,niihau_1_1960_2867_8620.jpg,Net,net,0.161,21.9984359,-160.0620974,0.44,0.30,0.131,2.36,0.98,5.91,1인,S058
1_1994_16686_13302_409,niihau_1_1994_16686_13302.jpg,Plastic_Buoy,plastic_buoy,0.115,22.0033853,-160.0880538,0.42,0.41,0.174,3.12,1.56,4.16,1인,S060
1_1994_16823_12215_414,niihau_1_1994_16823_12215.jpg,Plastic_Buoy_China,plastic_buoy,0.369,22.0036061,-160.0880749,0.50,0.48,0.241,4.34,2.17,5.78,1인,S061
1_1998_17802_3785_416,niihau_1_1998_17802_3785.jpg,Styrofoam_Piece,eps_fragment,0.115,22.0022478,-160.0684912,0.51,0.42,0.213,0.13,0.09,0.43,1인,S062
1_1998_6682_5959_419,niihau_1_1998_6682_5959.jpg,Plastic_ETC,plastic_other,0.134,22.0017960,-160.0707019,3.23,1.61,5.217,12.52,8.35,41.74,2인,S063
1_1998_6682_5959_420,niihau_1_1998_6682_5959.jpg,Plastic_ETC,plastic_other,0.130,22.0017993,-160.0707119,3.58,1.13,4.050,9.72,6.48,32.40,2인,S063
1_1998_6682_5959_421,niihau_1_1998_6682_5959.jpg,Plastic_Buoy_China,plastic_buoy,0.120,22.0017463,-160.0706552,0.57,0.37,0.209,3.76,1.88,5.01,1인,S063
1_201_15921_3111_427,niihau_1_201_15921_3111.jpg,PET_Bottle,pet_bottle,0.157,21.8050990,-160.2405287,0.83,0.33,0.277,0.55,0.46,0.91,1인,S064
1_201_15921_3111_428,niihau_1_201_15921_3111.jpg,PET_Bottle,pet_bottle,0.140,21.8050925,-160.2405568,0.54,0.26,0.143,0.28,0.24,0.47,1인,S064
1_201_15921_3111_429,niihau_1_201_15921_3111.jpg,Plastic_ETC,plastic_other,0.102,21.8051495,-160.2405130,1.59,1.26,2.008,4.82,3.21,16.06,1인,S064
1_201_25860_6614_431,niihau_1_201_25860_6614.jpg,Styrofoam_Buoy,eps_buoy,0.585,21.8045316,-160.2385817,2.33,2.21,5.146,45.03,19.30,51.46,장비,S065
1_201_25860_6614_432,niihau_1_201_25860_6614.jpg,Styrofoam_Piece,eps_fragment,0.249,21.8044875,-160.2386282,0.71,0.70,0.497,0.30,0.20,0.99,1인,S065
1_201_25860_6614_433,niihau_1_201_25860_6614.jpg,Plastic_Buoy_China,plastic_buoy,0.196,21.8045629,-160.2386210,0.61,0.54,0.326,5.86,2.93,7.81,1인,S065
1_201_25860_6614_434,niihau_1_201_25860_6614.jpg,Net,net,0.186,21.8045409,-160.2386021,0.44,0.39,0.172,3.09,1.29,7.72,1인,S065
1_201_25860_6614_435,niihau_1_201_25860_6614.jpg,PET_Bottle,pet_bottle,0.181,21.8045770,-160.2385592,0.75,0.59,0.443,0.88,0.73,1.46,1인,S065
1_201_25860_6614_436,niihau_1_201_25860_6614.jpg,PET_Bottle,pet_bottle,0.156,21.8045750,-160.2385666,0.80,0.53,0.422,0.84,0.70,1.39,1인,S065
1_201_25860_6614_437,niihau_1_201_25860_6614.jpg,Net,net,0.150,21.8045187,-160.2385783,0.42,0.26,0.106,1.92,0.80,4.79,1인,S065
1_201_25860_6614_438,niihau_1_201_25860_6614.jpg,Plastic_ETC,plastic_other,0.119,21.8045820,-160.2386270,0.55,0.44,0.242,0.58,0.39,1.94,1인,S065
1_201_25860_6614_439,niihau_1_201_25860_6614.jpg,Net,net,0.116,21.8045137,-160.2385991,0.48,0.44,0.213,3.83,1.60,9.58,1인,S065
1_361_8555_12897_447,niihau_1_361_8555_12897.jpg,Net,net,0.536,21.8214045,-160.2458208,0.51,0.39,0.203,3.65,1.52,9.12,1인,S066
1_361_8555_12897_448,niihau_1_361_8555_12897.jpg,Net,net,0.480,21.8213661,-160.2458464,0.44,0.39,0.174,3.13,1.30,7.83,1인,S066
1_361_8555_12897_449,niihau_1_361_8555_12897.jpg,Plastic_ETC,plastic_other,0.205,21.8214324,-160.2458276,0.70,0.70,0.486,1.17,0.78,3.89,1인,S066
1_361_8555_12897_450,niihau_1_361_8555_12897.jpg,Net,net,0.193,21.8214063,-160.2458926,0.51,0.42,0.213,3.83,1.60,9.58,1인,S066
1_361_8555_12897_451,niihau_1_361_8555_12897.jpg,Net,net,0.189,21.8214369,-160.2458230,0.54,0.31,0.167,3.01,1.25,7.52,1인,S066
1_361_8555_12897_452,niihau_1_361_8555_12897.jpg,Net,net,0.160,21.8214710,-160.2458361,0.59,0.45,0.266,4.79,2.00,11.98,1인,S066
1_361_8555_12897_453,niihau_1_361_8555_12897.jpg,Net,net,0.132,21.8214336,-160.2458917,0.58,0.56,0.325,5.85,2.44,14.63,1인,S066
1_361_8555_12897_454,niihau_1_361_8555_12897.jpg,Net,net,0.131,21.8213725,-160.2458356,0.41,0.23,0.096,1.74,0.72,4.34,1인,S066
1_361_8555_12897_455,niihau_1_361_8555_12897.jpg,Net,net,0.106,21.8213733,-160.2458483,0.48,0.43,0.208,3.74,1.56,9.34,1인,S066
1_361_9180_16341_468,niihau_1_361_9180_16341.jpg,Net,net,0.325,21.8207778,-160.2456923,0.59,0.40,0.233,4.19,1.75,10.48,1인,S067
1_361_9180_16341_469,niihau_1_361_9180_16341.jpg,Net,net,0.153,21.8208291,-160.2457540,0.47,0.47,0.218,3.93,1.64,9.83,1인,S067
1_361_9180_16341_470,niihau_1_361_9180_16341.jpg,Net,net,0.126,21.8208205,-160.2456995,0.46,0.44,0.199,3.58,1.49,8.94,1인,S067
1_361_9361_9299_473,niihau_1_361_9361_9299.jpg,Net,net,0.426,21.8220491,-160.2456909,0.54,0.45,0.245,4.41,1.84,11.02,1인,S068
1_361_9361_9299_474,niihau_1_361_9361_9299.jpg,Net,net,0.310,21.8221108,-160.2457126,0.51,0.41,0.208,3.74,1.56,9.36,1인,S068
1_361_9361_9299_475,niihau_1_361_9361_9299.jpg,Net,net,0.305,21.8220285,-160.2457099,0.59,0.35,0.206,3.71,1.55,9.28,1인,S068
1_361_9361_9299_476,niihau_1_361_9361_9299.jpg,Net,net,0.205,21.8220841,-160.2456503,0.47,0.40,0.190,3.42,1.43,8.56,1인,S068
1_361_9361_9299_477,niihau_1_361_9361_9299.jpg,Net,net,0.184,21.8221004,-160.2456813,0.48,0.45,0.218,3.93,1.64,9.81,1인,S068
1_361_9361_9299_478,niihau_1_361_9361_9299.jpg,Net,net,0.177,21.8220254,-160.2457473,0.61,0.56,0.342,6.15,2.56,15.37,1인,S068
1_361_9361_9299_479,niihau_1_361_9361_9299.jpg,Net,net,0.166,21.8221050,-160.2457190,0.59,0.50,0.295,5.31,2.21,13.29,1인,S068
1_361_9361_9299_480,niihau_1_361_9361_9299.jpg,Net,net,0.162,21.8221245,-160.2456905,0.55,0.50,0.275,4.95,2.06,12.37,1인,S068
1_361_9361_9299_481,niihau_1_361_9361_9299.jpg,Net,net,0.160,21.8220591,-160.2457363,0.37,0.33,0.123,2.21,0.92,5.53,1인,S068
1_361_9361_9299_482,niihau_1_361_9361_9299.jpg,Net,net,0.140,21.8221221,-160.2457426,0.49,0.43,0.212,3.81,1.59,9.53,1인,S068
1_361_9361_9299_483,niihau_1_361_9361_9299.jpg,Net,net,0.134,21.8220596,-160.2456789,0.53,0.44,0.233,4.19,1.74,10.47,1인,S068
1_361_9361_9299_484,niihau_1_361_9361_9299.jpg,Net,net,0.123,21.8221278,-160.2456523,0.47,0.36,0.169,3.04,1.27,7.61,1인,S068
1_361_9361_9299_485,niihau_1_361_9361_9299.jpg,Styrofoam_Piece,eps_fragment,0.121,21.8220247,-160.2456994,0.38,0.31,0.120,0.07,0.05,0.24,1인,S068
1_361_9550_16467_491,niihau_1_361_9550_16467.jpg,Net,net,0.225,21.8207779,-160.2456923,0.57,0.37,0.209,3.77,1.57,9.43,1인,S067
1_361_9550_16467_492,niihau_1_361_9550_16467.jpg,Net,net,0.185,21.8208205,-160.2456303,0.65,0.43,0.278,5.00,2.08,12.51,1인,S067
1_401_10018_4886_497,niihau_1_401_10018_4886.jpg,Net,net,0.116,21.8274373,-160.2451429,0.62,0.58,0.359,6.45,2.69,16.14,1인,S069
1_401_10109_4422_504,niihau_1_401_10109_4422.jpg,Net,net,0.227,21.8275284,-160.2451023,0.41,0.34,0.142,2.56,1.07,6.39,1인,S069
1_401_10109_4422_505,niihau_1_401_10109_4422.jpg,Net,net,0.193,21.8274294,-160.2450842,0.50,0.39,0.191,3.44,1.43,8.59,1인,S069
1_401_10109_4422_506,niihau_1_401_10109_4422.jpg,Net,net,0.182,21.8275297,-160.2450740,0.49,0.37,0.181,3.26,1.36,8.15,1인,S069
1_401_10109_4422_507,niihau_1_401_10109_4422.jpg,Net,net,0.128,21.8274910,-160.2451156,0.40,0.36,0.143,2.58,1.08,6.46,1인,S069
1_401_9709_4565_517,niihau_1_401_9709_4565.jpg,Plastic_ETC,plastic_other,0.312,21.8274563,-160.2451856,0.45,0.42,0.190,0.46,0.30,1.52,1인,S069
1_401_9709_4565_518,niihau_1_401_9709_4565.jpg,Net,net,0.120,21.8274591,-160.2451927,0.58,0.49,0.285,5.12,2.13,12.80,1인,S069
1_401_9709_4565_519,niihau_1_401_9709_4565.jpg,Net,net,0.120,21.8274602,-160.2451874,0.43,0.35,0.149,2.68,1.12,6.70,1인,S069
1_401_9709_4565_520,niihau_1_401_9709_4565.jpg,Net,net,0.101,21.8274200,-160.2451972,0.44,0.40,0.176,3.16,1.32,7.90,1인,S069
1_441_11574_13874_528,niihau_1_441_11574_13874.jpg,Plastic_Buoy,plastic_buoy,0.244,21.8302852,-160.2439606,0.55,0.51,0.281,5.06,2.53,6.75,1인,S070
1_441_11574_13874_529,niihau_1_441_11574_13874.jpg,PET_Bottle,pet_bottle,0.234,21.8302773,-160.2439760,0.68,0.32,0.221,0.44,0.36,0.73,1인,S070
1_441_11892_14074_538,niihau_1_441_11892_14074.jpg,Styrofoam_Piece,eps_fragment,0.208,21.8303139,-160.2439635,0.56,0.51,0.282,0.17,0.11,0.56,1인,S070
1_441_11892_14074_539,niihau_1_441_11892_14074.jpg,Plastic_Buoy,plastic_buoy,0.174,21.8302851,-160.2439605,0.55,0.52,0.282,5.08,2.54,6.77,1인,S070
1_441_11892_14074_540,niihau_1_441_11892_14074.jpg,PET_Bottle,pet_bottle,0.166,21.8303161,-160.2439671,0.52,0.49,0.255,0.50,0.42,0.84,1인,S070
1_441_11892_14074_541,niihau_1_441_11892_14074.jpg,PET_Bottle,pet_bottle,0.127,21.8302886,-160.2439665,0.63,0.60,0.380,0.75,0.63,1.25,1인,S070
1_441_11892_14074_542,niihau_1_441_11892_14074.jpg,PET_Bottle,pet_bottle,0.117,21.8302700,-160.2438652,0.59,0.37,0.221,0.44,0.37,0.73,1인,S070
1_441_13487_654_546,niihau_1_441_13487_654.jpg,Styrofoam_Piece,eps_fragment,0.298,21.8326987,-160.2436200,0.75,0.56,0.418,0.25,0.17,0.84,1인,S071
1_441_13487_654_547,niihau_1_441_13487_654.jpg,Styrofoam_Piece,eps_fragment,0.277,21.8327407,-160.2436728,0.92,0.85,0.778,0.47,0.31,1.56,1인,S071
1_441_13487_654_548,niihau_1_441_13487_654.jpg,Plastic_Buoy_China,plastic_buoy,0.120,21.8327127,-160.2436380,0.52,0.47,0.244,4.40,2.20,5.86,1인,S071
1_481_7968_6631_551,niihau_1_481_7968_6631.jpg,Styrofoam_Piece,eps_fragment,0.480,21.8360920,-160.2442490,0.37,0.31,0.114,0.07,0.05,0.23,1인,S072
1_481_7968_6631_552,niihau_1_481_7968_6631.jpg,Plastic_ETC,plastic_other,0.449,21.8360815,-160.2442845,0.70,0.44,0.309,0.74,0.49,2.47,1인,S072
1_481_7968_6631_553,niihau_1_481_7968_6631.jpg,Plastic_Buoy,plastic_buoy,0.214,21.8361109,-160.2443318,0.41,0.37,0.154,2.78,1.39,3.71,1인,S072
1_481_7968_6631_554,niihau_1_481_7968_6631.jpg,Plastic_ETC,plastic_other,0.146,21.8361934,-160.2442436,0.79,0.46,0.364,0.87,0.58,2.91,1인,S072
1_481_7968_6631_555,niihau_1_481_7968_6631.jpg,Styrofoam_Piece,eps_fragment,0.139,21.8360914,-160.2443078,0.46,0.42,0.191,0.11,0.08,0.38,1인,S072
1_481_7968_6631_556,niihau_1_481_7968_6631.jpg,PET_Bottle,pet_bottle,0.125,21.8360814,-160.2443004,0.45,0.37,0.164,0.33,0.27,0.54,1인,S072
1_481_7968_6631_557,niihau_1_481_7968_6631.jpg,Plastic_ETC,plastic_other,0.119,21.8360884,-160.2443529,0.97,0.80,0.771,1.85,1.23,6.17,1인,S072
1_481_7968_6631_558,niihau_1_481_7968_6631.jpg,Plastic_Buoy_China,plastic_buoy,0.107,21.8361204,-160.2443522,0.61,0.58,0.355,6.40,3.20,8.53,1인,S072
1_521_1531_3607_561,niihau_1_521_1531_3607.jpg,Plastic_Buoy,plastic_buoy,0.539,21.8411887,-160.2463406,0.46,0.43,0.198,3.57,1.78,4.76,1인,S073
1_521_1531_3607_562,niihau_1_521_1531_3607.jpg,Styrofoam_Piece,eps_fragment,0.367,21.8411477,-160.2463492,0.41,0.36,0.147,0.09,0.06,0.29,1인,S073
1_601_11934_12348_563,niihau_1_601_11934_12348.jpg,Plastic_Buoy,plastic_buoy,0.568,21.8478622,-160.2437162,0.34,0.32,0.106,1.91,0.96,2.55,1인,S074
1_601_11934_12348_564,niihau_1_601_11934_12348.jpg,Net,net,0.198,21.8478422,-160.2437135,0.47,0.46,0.214,3.85,1.60,9.62,1인,S074
1_601_11934_12348_565,niihau_1_601_11934_12348.jpg,Plastic_Buoy,plastic_buoy,0.137,21.8477916,-160.2437157,0.58,0.46,0.267,4.81,2.41,6.42,1인,S074
1_601_11934_12348_566,niihau_1_601_11934_12348.jpg,PET_Bottle,pet_bottle,0.133,21.8478069,-160.2437602,0.59,0.29,0.170,0.34,0.28,0.56,1인,S074
1_683_16131_14511_571,niihau_1_683_16131_14511.jpg,PET_Bottle,pet_bottle,0.323,21.8574006,-160.2352010,0.45,0.44,0.195,0.39,0.32,0.64,1인,S075
1_724_7546_5105_573,niihau_1_724_7546_5105.jpg,PET_Bottle,pet_bottle,0.572,21.8636246,-160.2321353,0.73,0.48,0.351,0.69,0.58,1.16,1인,S076
1_724_7546_5105_574,niihau_1_724_7546_5105.jpg,PET_Bottle,pet_bottle,0.343,21.8636291,-160.2321266,0.45,0.34,0.156,0.31,0.26,0.51,1인,S076
1_804_5758_13972_577,niihau_1_804_5758_13972.jpg,Plastic_Buoy,plastic_buoy,0.426,21.8710515,-160.2325875,0.40,0.37,0.151,2.72,1.36,3.63,1인,S077
1_804_5758_13972_578,niihau_1_804_5758_13972.jpg,Net,net,0.279,21.8710404,-160.2325383,0.39,0.38,0.149,2.69,1.12,6.71,1인,S077
1_804_5758_13972_579,niihau_1_804_5758_13972.jpg,Net,net,0.169,21.8710956,-160.2325887,0.56,0.34,0.192,3.45,1.44,8.62,1인,S077
1_804_5758_13972_580,niihau_1_804_5758_13972.jpg,Net,net,0.157,21.8710384,-160.2325087,0.59,0.47,0.276,4.97,2.07,12.42,1인,S077
1_804_5758_13972_581,niihau_1_804_5758_13972.jpg,Net,net,0.144,21.8711404,-160.2325207,0.49,0.44,0.212,3.81,1.59,9.53,1인,S077
1_804_5758_13972_582,niihau_1_804_5758_13972.jpg,Net,net,0.136,21.8710661,-160.2326013,0.51,0.37,0.187,3.36,1.40,8.40,1인,S077
1_804_5758_13972_583,niihau_1_804_5758_13972.jpg,Net,net,0.107,21.8710454,-160.2325929,0.48,0.37,0.178,3.20,1.33,7.99,1인,S077
1_804_5758_13972_584,niihau_1_804_5758_13972.jpg,Net,net,0.102,21.8710647,-160.2325933,0.49,0.46,0.229,4.13,1.72,10.32,1인,S077
1_844_9585_12329_596,niihau_1_844_9585_12329.jpg,Net,net,0.627,21.8759021,-160.2317954,0.52,0.43,0.225,4.05,1.69,10.12,1인,S078
1_844_9585_12329_597,niihau_1_844_9585_12329.jpg,Net,net,0.250,21.8759383,-160.2318055,0.48,0.47,0.226,4.06,1.69,10.15,1인,S078
1_884_12586_21274_601,niihau_1_884_12586_21274.jpg,Plastic_Buoy_China,plastic_buoy,0.366,21.8788681,-160.2292255,0.47,0.42,0.196,3.53,1.76,4.71,1인,S079
1_884_12586_21274_602,niihau_1_884_12586_21274.jpg,PET_Bottle,pet_bottle,0.282,21.8788881,-160.2292474,0.63,0.36,0.227,0.45,0.37,0.75,1인,S079
1_884_12586_21274_603,niihau_1_884_12586_21274.jpg,PET_Bottle,pet_bottle,0.212,21.8788996,-160.2292739,0.60,0.22,0.134,0.26,0.22,0.44,1인,S079
1_884_12586_21274_604,niihau_1_884_12586_21274.jpg,PET_Bottle,pet_bottle,0.183,21.8788454,-160.2292755,0.68,0.54,0.365,0.72,0.60,1.20,1인,S079
1_884_12586_21274_605,niihau_1_884_12586_21274.jpg,Plastic_ETC,plastic_other,0.122,21.8788945,-160.2291848,0.90,0.77,0.698,1.68,1.12,5.59,1인,S079
1_884_12586_21274_606,niihau_1_884_12586_21274.jpg,PET_Bottle,pet_bottle,0.118,21.8788553,-160.2292299,0.79,0.76,0.598,1.18,0.99,1.97,1인,S079
1_925_11956_1052_607,niihau_1_925_11956_1052.jpg,Plastic_Buoy_China,plastic_buoy,0.337,21.8870390,-160.2267134,0.48,0.40,0.195,3.52,1.76,4.69,1인,S080
2_1090_7197_4511_609,niihau_2_1090_7197_4511.jpg,Plastic_ETC,plastic_other,0.464,21.9167947,-160.0804822,0.64,0.61,0.390,0.94,0.62,3.12,1인,S081
2_1090_7197_4511_610,niihau_2_1090_7197_4511.jpg,Styrofoam_Buoy,eps_buoy,0.263,21.9168223,-160.0804733,1.04,0.89,0.933,8.16,3.50,9.33,1인,S081
2_1090_7197_4511_611,niihau_2_1090_7197_4511.jpg,Net,net,0.180,21.9168041,-160.0804781,0.45,0.40,0.179,3.21,1.34,8.03,1인,S081
2_1090_7197_4511_612,niihau_2_1090_7197_4511.jpg,PET_Bottle,pet_bottle,0.178,21.9168124,-160.0805075,0.64,0.32,0.204,0.40,0.34,0.67,1인,S081
2_1090_7197_4511_613,niihau_2_1090_7197_4511.jpg,PET_Bottle,pet_bottle,0.135,21.9167381,-160.0804823,0.60,0.47,0.280,0.55,0.46,0.92,1인,S081
2_1090_7516_5416_615,niihau_2_1090_7516_5416.jpg,Plastic_ETC,plastic_other,0.274,21.9166013,-160.0804818,0.68,0.62,0.426,1.02,0.68,3.41,1인,S082
2_1090_7516_5416_616,niihau_2_1090_7516_5416.jpg,PET_Bottle,pet_bottle,0.198,21.9166309,-160.0804597,0.59,0.51,0.300,0.59,0.49,0.99,1인,S082
2_1090_7516_5416_617,niihau_2_1090_7516_5416.jpg,PET_Bottle,pet_bottle,0.182,21.9166110,-160.0804661,0.60,0.51,0.305,0.60,0.50,1.01,1인,S082
2_1090_7516_5416_618,niihau_2_1090_7516_5416.jpg,Plastic_ETC,plastic_other,0.144,21.9166142,-160.0804712,0.51,0.50,0.253,0.61,0.41,2.03,1인,S082
2_1090_7516_5416_619,niihau_2_1090_7516_5416.jpg,Net,net,0.136,21.9166566,-160.0805052,0.64,0.55,0.352,6.34,2.64,15.84,1인,S081
2_1091_1896_27992_626,niihau_2_1091_1896_27992.jpg,Net,net,0.136,21.9124890,-160.0786078,0.50,0.44,0.219,3.94,1.64,9.85,1인,S083
2_1091_1896_27992_627,niihau_2_1091_1896_27992.jpg,Plastic_Buoy,plastic_buoy,0.131,21.9125015,-160.0786430,0.70,0.51,0.358,6.45,3.22,8.60,1인,S083
2_1091_1896_27992_628,niihau_2_1091_1896_27992.jpg,Plastic_ETC,plastic_other,0.108,21.9125829,-160.0786296,0.83,0.82,0.680,1.63,1.09,5.44,1인,S083
2_1091_1945_28408_630,niihau_2_1091_1945_28408.jpg,Plastic_Buoy,plastic_buoy,0.303,21.9124205,-160.0785846,0.50,0.43,0.213,3.84,1.92,5.12,1인,S083
2_1091_1945_28408_631,niihau_2_1091_1945_28408.jpg,Net,net,0.130,21.9124726,-160.0786199,0.39,0.35,0.136,2.45,1.02,6.12,1인,S083
2_1091_1945_28408_632,niihau_2_1091_1945_28408.jpg,Plastic_Buoy,plastic_buoy,0.123,21.9125015,-160.0786429,0.68,0.51,0.347,6.24,3.12,8.32,1인,S083
2_1091_2286_28703_638,niihau_2_1091_2286_28703.jpg,Plastic_Buoy,plastic_buoy,0.253,21.9124204,-160.0785845,0.49,0.45,0.220,3.96,1.98,5.27,1인,S083
2_1091_2286_28703_639,niihau_2_1091_2286_28703.jpg,Plastic_ETC,plastic_other,0.161,21.9124676,-160.0786348,0.71,0.62,0.435,1.04,0.70,3.48,1인,S083
2_1091_2286_28703_640,niihau_2_1091_2286_28703.jpg,Plastic_ETC,plastic_other,0.160,21.9123593,-160.0785761,0.70,0.66,0.464,1.11,0.74,3.71,1인,S083
2_1091_2286_28703_641,niihau_2_1091_2286_28703.jpg,Plastic_Buoy,plastic_buoy,0.141,21.9123850,-160.0785893,0.49,0.44,0.213,3.83,1.91,5.10,1인,S083
2_1091_4804_33026_645,niihau_2_1091_4804_33026.jpg,PET_Bottle,pet_bottle,0.107,21.9116087,-160.0780949,0.55,0.47,0.259,0.51,0.43,0.86,1인,S084
2_1091_4804_33026_646,niihau_2_1091_4804_33026.jpg,Plastic_ETC,plastic_other,0.102,21.9116593,-160.0781151,0.58,0.50,0.286,0.69,0.46,2.28,1인,S084
2_1139_8332_1045_649,niihau_2_1139_8332_1045.jpg,PET_Bottle,pet_bottle,0.123,21.9237100,-160.0823824,0.62,0.53,0.332,0.66,0.55,1.09,1인,S085
2_1139_8332_1045_650,niihau_2_1139_8332_1045.jpg,Plastic_ETC,plastic_other,0.110,21.9236736,-160.0823452,0.57,0.48,0.275,0.66,0.44,2.20,1인,S085
2_1139_8462_1394_652,niihau_2_1139_8462_1394.jpg,Styrofoam_Piece,eps_fragment,0.108,21.9236733,-160.0823455,0.52,0.44,0.228,0.14,0.09,0.46,1인,S085
2_1140_-40_1416_653,niihau_2_1140_-40_1416.jpg,Plastic_Buoy,plastic_buoy,0.154,21.9236166,-160.0822304,0.40,0.35,0.138,2.48,1.24,3.31,1인,S085
2_1140_-40_1416_654,niihau_2_1140_-40_1416.jpg,Plastic_Buoy_China,plastic_buoy,0.154,21.9236439,-160.0822656,0.53,0.51,0.273,4.92,2.46,6.55,1인,S085
2_1140_-40_1416_655,niihau_2_1140_-40_1416.jpg,Plastic_ETC,plastic_other,0.110,21.9236237,-160.0823204,0.74,0.73,0.538,1.29,0.86,4.30,1인,S085
2_1140_1546_11517_656,niihau_2_1140_1546_11517.jpg,Styrofoam_Piece,eps_fragment,0.108,21.9218149,-160.0818973,0.58,0.27,0.156,0.09,0.06,0.31,1인,S086
2_1140_265_4063_662,niihau_2_1140_265_4063.jpg,PET_Bottle,pet_bottle,0.163,21.9231448,-160.0822085,0.66,0.29,0.193,0.38,0.32,0.64,1인,S087
2_1140_265_4063_663,niihau_2_1140_265_4063.jpg,PET_Bottle,pet_bottle,0.129,21.9231355,-160.0821633,0.66,0.58,0.382,0.76,0.63,1.26,1인,S087
2_1140_5921_29526_667,niihau_2_1140_5921_29526.jpg,Plastic_ETC,plastic_other,0.203,21.9185770,-160.0810866,0.57,0.47,0.266,0.64,0.43,2.13,1인,S088
2_1140_5921_29526_668,niihau_2_1140_5921_29526.jpg,Styrofoam_Piece,eps_fragment,0.184,21.9185305,-160.0810340,1.08,0.89,0.962,0.58,0.38,1.92,1인,S088
2_1189_10182_32223_671,niihau_2_1189_10182_32223.jpg,Plastic_Buoy,plastic_buoy,0.382,21.9243237,-160.0826040,0.43,0.36,0.153,2.75,1.37,3.66,1인,S089
2_1189_10182_32223_672,niihau_2_1189_10182_32223.jpg,Plastic_Buoy,plastic_buoy,0.228,21.9243605,-160.0826301,0.39,0.37,0.146,2.62,1.31,3.49,1인,S089
2_1189_10182_32223_673,niihau_2_1189_10182_32223.jpg,PET_Bottle,pet_bottle,0.214,21.9243579,-160.0826302,0.75,0.26,0.194,0.38,0.32,0.64,1인,S089
2_1189_10182_32223_674,niihau_2_1189_10182_32223.jpg,PET_Bottle,pet_bottle,0.142,21.9243567,-160.0825873,0.64,0.63,0.405,0.80,0.67,1.34,1인,S089
2_1189_10447_33138_678,niihau_2_1189_10447_33138.jpg,Plastic_ETC,plastic_other,0.233,21.9242148,-160.0825872,0.82,0.70,0.575,1.38,0.92,4.60,1인,S089
2_1189_10447_33138_679,niihau_2_1189_10447_33138.jpg,PET_Bottle,pet_bottle,0.173,21.9242417,-160.0825262,0.60,0.46,0.275,0.55,0.45,0.91,1인,S089
2_1189_10447_33138_680,niihau_2_1189_10447_33138.jpg,PET_Bottle,pet_bottle,0.155,21.9242369,-160.0825227,0.72,0.58,0.418,0.83,0.69,1.38,1인,S089
2_1189_9832_400_690,niihau_2_1189_9832_400.jpg,Styrofoam_Buoy,eps_buoy,0.369,21.9301105,-160.0826902,1.06,1.05,1.117,9.78,4.19,11.17,1인,S090
2_1189_9832_400_691,niihau_2_1189_9832_400.jpg,Plastic_ETC,plastic_other,0.166,21.9301364,-160.0827335,1.10,0.88,0.966,2.32,1.54,7.72,1인,S090
2_1189_9832_400_692,niihau_2_1189_9832_400.jpg,PET_Bottle,pet_bottle,0.164,21.9301548,-160.0826866,0.63,0.51,0.323,0.64,0.53,1.07,1인,S090
2_1239_9409_29747_700,niihau_2_1239_9409_29747.jpg,Plastic_Buoy,plastic_buoy,0.226,21.9308860,-160.0825572,0.53,0.46,0.245,4.42,2.21,5.89,1인,S091
2_1239_9409_29747_701,niihau_2_1239_9409_29747.jpg,Styrofoam_Piece,eps_fragment,0.188,21.9308659,-160.0825851,0.44,0.43,0.187,0.11,0.07,0.37,1인,S091
2_1240_1420_23841_706,niihau_2_1240_1420_23841.jpg,Net,net,0.205,21.9321412,-160.0820775,0.50,0.49,0.244,4.39,1.83,10.97,1인,S092
2_1240_1420_23841_707,niihau_2_1240_1420_23841.jpg,Plastic_ETC,plastic_other,0.153,21.9322161,-160.0820354,0.97,0.77,0.745,1.79,1.19,5.96,1인,S092
2_1240_1420_23841_708,niihau_2_1240_1420_23841.jpg,Net,net,0.129,21.9321448,-160.0820530,0.42,0.31,0.130,2.34,0.97,5.84,1인,S092
2_1290_10068_24832_716,niihau_2_1290_10068_24832.jpg,Plastic_Buoy,plastic_buoy,0.263,21.9383197,-160.0803597,0.48,0.46,0.221,3.97,1.99,5.30,1인,S093
2_1290_12774_9172_718,niihau_2_1290_12774_9172.jpg,PET_Bottle,pet_bottle,0.221,21.9411732,-160.0798540,0.53,0.40,0.216,0.43,0.36,0.71,1인,S094
2_1290_12774_9172_719,niihau_2_1290_12774_9172.jpg,Styrofoam_Piece,eps_fragment,0.173,21.9411522,-160.0798565,0.55,0.46,0.255,0.15,0.10,0.51,1인,S094
2_1290_12774_9172_720,niihau_2_1290_12774_9172.jpg,PET_Bottle,pet_bottle,0.159,21.9411864,-160.0798576,0.44,0.28,0.124,0.25,0.21,0.41,1인,S094
2_1290_12774_9172_721,niihau_2_1290_12774_9172.jpg,PET_Bottle,pet_bottle,0.130,21.9411363,-160.0798666,0.81,0.34,0.279,0.55,0.46,0.92,1인,S094
2_1341_1293_31351_724,niihau_2_1341_1293_31351.jpg,Plastic_Buoy,plastic_buoy,0.482,21.9434299,-160.0790170,0.54,0.50,0.272,4.90,2.45,6.53,1인,S095
2_1341_1293_31351_725,niihau_2_1341_1293_31351.jpg,Net,net,0.341,21.9434269,-160.0790423,0.46,0.37,0.170,3.06,1.28,7.66,1인,S095
2_1341_1293_31351_726,niihau_2_1341_1293_31351.jpg,PET_Bottle,pet_bottle,0.204,21.9434299,-160.0789560,0.66,0.64,0.420,0.83,0.69,1.39,1인,S095
2_1341_1293_31351_727,niihau_2_1341_1293_31351.jpg,Plastic_ETC,plastic_other,0.175,21.9434734,-160.0790261,0.62,0.50,0.308,0.74,0.49,2.46,1인,S095
2_1341_1293_31351_728,niihau_2_1341_1293_31351.jpg,Net,net,0.105,21.9434188,-160.0789413,0.38,0.31,0.117,2.11,0.88,5.27,1인,S095
2_1341_2442_28116_733,niihau_2_1341_2442_28116.jpg,Plastic_ETC,plastic_other,0.390,21.9440561,-160.0787772,0.67,0.43,0.288,0.69,0.46,2.31,1인,S096
2_1341_2442_28116_734,niihau_2_1341_2442_28116.jpg,Plastic_ETC,plastic_other,0.221,21.9440406,-160.0787830,0.59,0.57,0.337,0.81,0.54,2.69,1인,S096
2_1341_3202_26636_737,niihau_2_1341_3202_26636.jpg,Plastic_ETC,plastic_other,0.215,21.9443595,-160.0786342,0.53,0.49,0.258,0.62,0.41,2.07,1인,S097
2_1341_3202_26636_738,niihau_2_1341_3202_26636.jpg,Styrofoam_Piece,eps_fragment,0.117,21.9443482,-160.0785813,0.58,0.46,0.264,0.16,0.11,0.53,1인,S097
2_1341_3202_26636_739,niihau_2_1341_3202_26636.jpg,Plastic_ETC,plastic_other,0.117,21.9443092,-160.0786335,1.82,1.00,1.815,4.36,2.90,14.52,1인,S098
2_1341_3231_26265_743,niihau_2_1341_3231_26265.jpg,Plastic_ETC,plastic_other,0.306,21.9443594,-160.0786342,0.54,0.50,0.273,0.65,0.44,2.18,1인,S097
2_1341_3231_26265_744,niihau_2_1341_3231_26265.jpg,Styrofoam_Piece,eps_fragment,0.211,21.9444311,-160.0785915,0.65,0.55,0.354,0.21,0.14,0.71,1인,S097
2_1341_3231_26265_745,niihau_2_1341_3231_26265.jpg,PET_Bottle,pet_bottle,0.104,21.9443208,-160.0786203,0.80,0.34,0.276,0.55,0.45,0.91,1인,S098
2_1341_3707_25814_749,niihau_2_1341_3707_25814.jpg,Plastic_Buoy_China,plastic_buoy,0.328,21.9445158,-160.0785222,0.49,0.26,0.126,2.27,1.13,3.03,1인,S097
2_1341_3707_25814_750,niihau_2_1341_3707_25814.jpg,Plastic_Buoy,plastic_buoy,0.218,21.9444936,-160.0785249,0.53,0.49,0.260,4.68,2.34,6.24,1인,S097
2_1341_3707_25814_751,niihau_2_1341_3707_25814.jpg,PET_Bottle,pet_bottle,0.206,21.9444250,-160.0785167,0.50,0.41,0.205,0.41,0.34,0.68,1인,S097
2_1341_3707_25814_752,niihau_2_1341_3707_25814.jpg,Plastic_ETC,plastic_other,0.156,21.9444696,-160.0785446,0.72,0.71,0.509,1.22,0.82,4.08,1인,S097
2_1341_3707_25814_753,niihau_2_1341_3707_25814.jpg,Styrofoam_Piece,eps_fragment,0.138,21.9444310,-160.0785915,0.66,0.62,0.406,0.24,0.16,0.81,1인,S097
2_1341_3707_25814_754,niihau_2_1341_3707_25814.jpg,Plastic_Buoy,plastic_buoy,0.125,21.9444569,-160.0785571,0.50,0.39,0.197,3.54,1.77,4.73,1인,S097
2_1341_3707_25814_755,niihau_2_1341_3707_25814.jpg,Plastic_ETC,plastic_other,0.107,21.9444706,-160.0785515,0.54,0.51,0.276,0.66,0.44,2.21,1인,S097
2_1341_8337_9527_761,niihau_2_1341_8337_9527.jpg,Styrofoam_Piece,eps_fragment,0.277,21.9473683,-160.0776182,0.55,0.47,0.255,0.15,0.10,0.51,1인,S099
2_1341_8337_9527_762,niihau_2_1341_8337_9527.jpg,PET_Bottle,pet_bottle,0.192,21.9473721,-160.0776086,0.48,0.35,0.165,0.33,0.27,0.55,1인,S099
2_1341_8337_9527_763,niihau_2_1341_8337_9527.jpg,Net,net,0.116,21.9473513,-160.0776382,0.38,0.34,0.129,2.32,0.97,5.81,1인,S099
2_1391_10034_17652_770,niihau_2_1391_10034_17652.jpg,Plastic_Buoy,plastic_buoy,0.157,21.9522692,-160.0765182,0.61,0.42,0.255,4.58,2.29,6.11,1인,S100
2_1391_10034_17652_771,niihau_2_1391_10034_17652.jpg,Net,net,0.131,21.9522539,-160.0765598,0.44,0.36,0.158,2.85,1.19,7.12,1인,S100
2_1391_10034_17652_772,niihau_2_1391_10034_17652.jpg,Net,net,0.114,21.9522585,-160.0765250,0.44,0.41,0.183,3.30,1.37,8.25,1인,S100
2_1391_10227_16842_779,niihau_2_1391_10227_16842.jpg,Plastic_ETC,plastic_other,0.345,21.9524293,-160.0765120,0.60,0.59,0.352,0.84,0.56,2.81,1인,S100
2_1391_10227_16842_780,niihau_2_1391_10227_16842.jpg,PET_Bottle,pet_bottle,0.198,21.9524160,-160.0765531,0.46,0.26,0.118,0.23,0.19,0.39,1인,S100
2_1391_10227_16842_781,niihau_2_1391_10227_16842.jpg,PET_Bottle,pet_bottle,0.105,21.9523838,-160.0765217,0.56,0.29,0.161,0.32,0.27,0.53,1인,S100
2_1391_10423_16050_789,niihau_2_1391_10423_16050.jpg,Plastic_ETC,plastic_other,0.303,21.9524994,-160.0765326,0.78,0.63,0.495,1.19,0.79,3.96,1인,S101
2_1391_10423_16050_790,niihau_2_1391_10423_16050.jpg,Net,net,0.245,21.9525113,-160.0765184,0.54,0.49,0.266,4.79,2.00,11.98,1인,S101
2_1391_10423_16050_791,niihau_2_1391_10423_16050.jpg,Plastic_ETC,plastic_other,0.149,21.9525946,-160.0764688,0.79,0.64,0.511,1.23,0.82,4.09,1인,S101
2_1391_10433_16405_795,niihau_2_1391_10433_16405.jpg,Plastic_ETC,plastic_other,0.315,21.9524292,-160.0765122,0.61,0.60,0.372,0.89,0.60,2.98,1인,S100
2_1391_10433_16405_796,niihau_2_1391_10433_16405.jpg,Plastic_ETC,plastic_other,0.298,21.9524995,-160.0765328,0.80,0.64,0.508,1.22,0.81,4.07,1인,S101
2_1391_10433_16405_797,niihau_2_1391_10433_16405.jpg,Net,net,0.170,21.9525113,-160.0765183,0.49,0.47,0.229,4.12,1.71,10.29,1인,S101
2_1391_10541_15695_803,niihau_2_1391_10541_15695.jpg,Plastic_ETC,plastic_other,0.291,21.9526548,-160.0764253,1.07,0.95,1.024,2.46,1.64,8.19,1인,S102
2_1391_10541_15695_804,niihau_2_1391_10541_15695.jpg,Plastic_ETC,plastic_other,0.254,21.9526506,-160.0764655,0.79,0.75,0.586,1.41,0.94,4.69,1인,S102
2_1391_10541_15695_805,niihau_2_1391_10541_15695.jpg,PET_Bottle,pet_bottle,0.251,21.9526549,-160.0764661,0.54,0.25,0.136,0.27,0.22,0.45,1인,S102
2_1391_10541_15695_806,niihau_2_1391_10541_15695.jpg,Plastic_ETC,plastic_other,0.170,21.9526210,-160.0765036,0.61,0.45,0.277,0.66,0.44,2.21,1인,S101
2_1391_10541_15695_807,niihau_2_1391_10541_15695.jpg,Plastic_ETC,plastic_other,0.146,21.9525945,-160.0764688,0.80,0.68,0.541,1.30,0.87,4.33,1인,S101
2_1391_10541_15695_808,niihau_2_1391_10541_15695.jpg,Rope,rope,0.118,21.9526354,-160.0764585,1.53,1.22,1.859,22.30,14.87,37.17,2인,S101
2_1391_10858_14287_814,niihau_2_1391_10858_14287.jpg,Plastic_ETC,plastic_other,0.256,21.9528694,-160.0763918,0.80,0.72,0.576,1.38,0.92,4.61,1인,S102
2_1391_10858_14287_815,niihau_2_1391_10858_14287.jpg,Net,net,0.151,21.9528252,-160.0763713,0.61,0.54,0.330,5.95,2.48,14.87,1인,S102
2_1391_10858_14287_816,niihau_2_1391_10858_14287.jpg,Styrofoam_Buoy,eps_buoy,0.128,21.9528113,-160.0763838,1.93,1.66,3.193,27.94,11.97,31.93,2인,S102
2_1391_10858_14287_817,niihau_2_1391_10858_14287.jpg,PET_Bottle,pet_bottle,0.110,21.9528924,-160.0763852,0.61,0.44,0.270,0.53,0.45,0.89,1인,S102
2_1391_10936_13267_819,niihau_2_1391_10936_13267.jpg,Plastic_ETC,plastic_other,0.322,21.9530450,-160.0764006,0.92,0.70,0.639,1.53,1.02,5.11,1인,S103
2_1391_10936_13267_820,niihau_2_1391_10936_13267.jpg,Plastic_ETC,plastic_other,0.286,21.9530390,-160.0763779,0.53,0.48,0.254,0.61,0.41,2.03,1인,S103
2_1391_10936_13267_821,niihau_2_1391_10936_13267.jpg,Plastic_ETC,plastic_other,0.272,21.9530021,-160.0763765,0.81,0.59,0.472,1.13,0.76,3.78,1인,S103
2_1391_10936_13267_822,niihau_2_1391_10936_13267.jpg,Plastic_ETC,plastic_other,0.152,21.9530793,-160.0764073,0.92,0.68,0.627,1.50,1.00,5.02,1인,S104
2_1391_10936_13267_823,niihau_2_1391_10936_13267.jpg,Plastic_ETC,plastic_other,0.138,21.9530267,-160.0763684,0.83,0.81,0.668,1.60,1.07,5.35,1인,S103
2_1391_10936_13267_824,niihau_2_1391_10936_13267.jpg,PET_Bottle,pet_bottle,0.114,21.9530554,-160.0763991,0.55,0.42,0.232,0.46,0.38,0.77,1인,S104
2_1391_10970_10278_830,niihau_2_1391_10970_10278.jpg,Plastic_Buoy,plastic_buoy,0.345,21.9535595,-160.0764055,0.48,0.46,0.223,4.02,2.01,5.36,1인,S105
2_1391_10970_10278_831,niihau_2_1391_10970_10278.jpg,Net,net,0.204,21.9536189,-160.0763481,0.44,0.37,0.164,2.95,1.23,7.38,1인,S105
2_1391_10970_12368_835,niihau_2_1391_10970_12368.jpg,Plastic_ETC,plastic_other,0.330,21.9532311,-160.0763707,0.64,0.50,0.323,0.77,0.52,2.58,1인,S104
2_1391_10970_12368_836,niihau_2_1391_10970_12368.jpg,Net,net,0.172,21.9532306,-160.0763566,0.58,0.57,0.329,5.92,2.47,14.80,1인,S104
2_1391_10970_12368_837,niihau_2_1391_10970_12368.jpg,Plastic_ETC,plastic_other,0.139,21.9531927,-160.0763694,0.95,0.58,0.553,1.33,0.89,4.43,1인,S104
2_1391_10970_12368_838,niihau_2_1391_10970_12368.jpg,Net,net,0.128,21.9531846,-160.0763423,0.59,0.54,0.316,5.68,2.37,14.21,1인,S104
2_1391_10970_12368_839,niihau_2_1391_10970_12368.jpg,Plastic_Buoy,plastic_buoy,0.115,21.9532621,-160.0763591,0.53,0.49,0.261,4.69,2.35,6.26,1인,S104
2_1391_10988_12905_843,niihau_2_1391_10988_12905.jpg,Plastic_ETC,plastic_other,0.322,21.9531294,-160.0763558,0.54,0.46,0.247,0.59,0.40,1.98,1인,S104
2_1391_10988_12905_844,niihau_2_1391_10988_12905.jpg,Plastic_ETC,plastic_other,0.290,21.9531065,-160.0763578,0.58,0.51,0.297,0.71,0.47,2.37,1인,S104
2_1391_10988_12905_845,niihau_2_1391_10988_12905.jpg,PET_Bottle,pet_bottle,0.252,21.9530537,-160.0763515,0.73,0.26,0.187,0.37,0.31,0.62,1인,S104
2_1391_10988_12905_846,niihau_2_1391_10988_12905.jpg,Plastic_ETC,plastic_other,0.167,21.9530794,-160.0764073,0.86,0.67,0.578,1.39,0.93,4.63,1인,S104
2_1391_10995_13850_855,niihau_2_1391_10995_13850.jpg,Plastic_ETC,plastic_other,0.429,21.9529388,-160.0763675,0.69,0.51,0.353,0.85,0.56,2.82,1인,S102
2_1391_10995_13850_856,niihau_2_1391_10995_13850.jpg,Plastic_ETC,plastic_other,0.139,21.9529538,-160.0763790,0.60,0.45,0.270,0.65,0.43,2.16,1인,S102
2_1391_10995_13850_857,niihau_2_1391_10995_13850.jpg,PET_Bottle,pet_bottle,0.109,21.9529090,-160.0763769,0.83,0.71,0.594,1.18,0.98,1.96,1인,S102
2_1391_11002_14653_864,niihau_2_1391_11002_14653.jpg,Plastic_ETC,plastic_other,0.255,21.9527889,-160.0764057,0.81,0.71,0.579,1.39,0.93,4.63,1인,S102
2_1391_11002_14653_865,niihau_2_1391_11002_14653.jpg,Net,net,0.240,21.9527718,-160.0763506,0.53,0.53,0.282,5.07,2.11,12.68,1인,S102
2_1391_11002_14653_866,niihau_2_1391_11002_14653.jpg,Plastic_Buoy,plastic_buoy,0.132,21.9527375,-160.0764096,0.60,0.27,0.160,2.87,1.44,3.83,1인,S102
2_1391_11002_14653_867,niihau_2_1391_11002_14653.jpg,Net,net,0.116,21.9528422,-160.0763965,0.61,0.60,0.362,6.51,2.71,16.29,1인,S102
2_1391_11017_10986_876,niihau_2_1391_11017_10986.jpg,Styrofoam_Buoy,eps_buoy,0.280,21.9535108,-160.0763414,2.02,0.90,1.825,15.97,6.84,18.25,1인,S105
2_1391_11017_10986_877,niihau_2_1391_11017_10986.jpg,PET_Bottle,pet_bottle,0.263,21.9534685,-160.0763371,0.66,0.49,0.323,0.64,0.53,1.07,1인,S105
2_1391_11017_10986_878,niihau_2_1391_11017_10986.jpg,PET_Bottle,pet_bottle,0.212,21.9534062,-160.0763474,0.60,0.42,0.251,0.50,0.41,0.83,1인,S105
2_1391_11017_10986_879,niihau_2_1391_11017_10986.jpg,Plastic_ETC,plastic_other,0.124,21.9534125,-160.0763665,0.84,0.73,0.613,1.47,0.98,4.90,1인,S105
2_1391_11017_10986_880,niihau_2_1391_11017_10986.jpg,Net,net,0.119,21.9535061,-160.0764356,0.56,0.46,0.257,4.63,1.93,11.56,1인,S105
2_1391_11017_10986_881,niihau_2_1391_11017_10986.jpg,Net,net,0.115,21.9534079,-160.0763641,0.56,0.47,0.264,4.75,1.98,11.87,1인,S105
2_1391_11017_10986_882,niihau_2_1391_11017_10986.jpg,Plastic_ETC,plastic_other,0.105,21.9535073,-160.0763420,1.59,0.75,1.182,2.84,1.89,9.46,1인,S105
2_1391_11191_11822_891,niihau_2_1391_11191_11822.jpg,Plastic_ETC,plastic_other,0.177,21.9532506,-160.0763201,0.88,0.49,0.430,1.03,0.69,3.44,1인,S104
2_1391_11191_11822_892,niihau_2_1391_11191_11822.jpg,PET_Bottle,pet_bottle,0.164,21.9532779,-160.0763544,0.64,0.53,0.341,0.68,0.56,1.13,1인,S104
2_1391_11191_11822_893,niihau_2_1391_11191_11822.jpg,Net,net,0.139,21.9532711,-160.0762929,0.40,0.33,0.132,2.38,0.99,5.95,1인,S104
2_1391_11191_11822_894,niihau_2_1391_11191_11822.jpg,PET_Bottle,pet_bottle,0.122,21.9533278,-160.0763203,0.71,0.58,0.413,0.82,0.68,1.36,1인,S104
2_1391_11191_11822_895,niihau_2_1391_11191_11822.jpg,Plastic_ETC,plastic_other,0.115,21.9532621,-160.0763585,0.64,0.55,0.356,0.86,0.57,2.85,1인,S104
2_1391_11191_11822_896,niihau_2_1391_11191_11822.jpg,Plastic_ETC,plastic_other,0.112,21.9532731,-160.0763516,0.59,0.53,0.311,0.75,0.50,2.49,1인,S104
2_1391_11210_9216_903,niihau_2_1391_11210_9216.jpg,Plastic_ETC,plastic_other,0.306,21.9537424,-160.0763015,0.51,0.49,0.248,0.60,0.40,1.98,1인,S106
2_1391_11210_9216_904,niihau_2_1391_11210_9216.jpg,Plastic_ETC,plastic_other,0.289,21.9537492,-160.0762951,1.19,0.88,1.047,2.51,1.68,8.38,1인,S106
2_1391_11210_9216_905,niihau_2_1391_11210_9216.jpg,Net,net,0.225,21.9537370,-160.0763116,0.58,0.53,0.310,5.58,2.33,13.96,1인,S106
2_1391_11210_9216_906,niihau_2_1391_11210_9216.jpg,Net,net,0.137,21.9537241,-160.0763150,0.47,0.45,0.212,3.81,1.59,9.52,1인,S106
2_1391_11210_9216_907,niihau_2_1391_11210_9216.jpg,Plastic_Buoy,plastic_buoy,0.112,21.9537982,-160.0762928,0.43,0.33,0.143,2.57,1.29,3.43,1인,S106
2_1391_11210_9216_908,niihau_2_1391_11210_9216.jpg,Plastic_Buoy,plastic_buoy,0.105,21.9537878,-160.0763173,0.67,0.54,0.367,6.60,3.30,8.80,1인,S106
2_1391_11210_9216_909,niihau_2_1391_11210_9216.jpg,Plastic_ETC,plastic_other,0.104,21.9537204,-160.0763882,0.80,0.36,0.285,0.68,0.46,2.28,1인,S106
2_1391_11232_11353_918,niihau_2_1391_11232_11353.jpg,Plastic_ETC,plastic_other,0.210,21.9534003,-160.0763410,0.66,0.60,0.397,0.95,0.63,3.17,1인,S105
2_1391_11232_11353_919,niihau_2_1391_11232_11353.jpg,Net,net,0.147,21.9534119,-160.0763547,0.53,0.43,0.229,4.12,1.72,10.30,1인,S105
2_1391_11232_11353_920,niihau_2_1391_11232_11353.jpg,Plastic_ETC,plastic_other,0.123,21.9534124,-160.0763660,0.70,0.67,0.466,1.12,0.75,3.73,1인,S105
2_1391_11260_10677_929,niihau_2_1391_11260_10677.jpg,Styrofoam_Buoy,eps_buoy,0.395,21.9535140,-160.0763413,1.92,1.54,2.953,25.84,11.07,29.53,2인,S105
2_1391_11260_10677_930,niihau_2_1391_11260_10677.jpg,Plastic_Buoy_China,plastic_buoy,0.210,21.9535501,-160.0763030,0.50,0.42,0.212,3.82,1.91,5.09,1인,S105
2_1391_11260_10677_931,niihau_2_1391_11260_10677.jpg,Net,net,0.166,21.9534778,-160.0763857,0.55,0.48,0.263,4.73,1.97,11.81,1인,S105
2_1391_11260_10677_932,niihau_2_1391_11260_10677.jpg,PET_Bottle,pet_bottle,0.163,21.9534684,-160.0763371,0.70,0.51,0.356,0.71,0.59,1.18,1인,S105
2_1391_11260_10677_933,niihau_2_1391_11260_10677.jpg,Plastic_ETC,plastic_other,0.158,21.9535076,-160.0763424,1.82,0.79,1.437,3.45,2.30,11.50,1인,S105
2_1391_11272_6711_937,niihau_2_1391_11272_6711.jpg,Net,net,0.137,21.9542683,-160.0763072,0.45,0.32,0.146,2.63,1.09,6.57,1인,S107
2_1391_11272_6711_938,niihau_2_1391_11272_6711.jpg,Plastic_Buoy,plastic_buoy,0.128,21.9542123,-160.0762945,0.50,0.49,0.245,4.41,2.20,5.87,1인,S107
2_1391_11272_9629_946,niihau_2_1391_11272_9629.jpg,Plastic_ETC,plastic_other,0.314,21.9537492,-160.0762950,1.14,0.94,1.071,2.57,1.71,8.57,1인,S106
2_1391_11272_9629_947,niihau_2_1391_11272_9629.jpg,Net,net,0.287,21.9537373,-160.0763116,0.51,0.51,0.262,4.71,1.96,11.79,1인,S106
2_1391_11272_9629_948,niihau_2_1391_11272_9629.jpg,PET_Bottle,pet_bottle,0.283,21.9536634,-160.0763245,0.78,0.51,0.395,0.78,0.65,1.30,1인,S105
2_1391_11272_9629_949,niihau_2_1391_11272_9629.jpg,Net,net,0.282,21.9536754,-160.0763853,0.38,0.33,0.122,2.20,0.92,5.50,1인,S105
2_1391_11272_9629_950,niihau_2_1391_11272_9629.jpg,Plastic_ETC,plastic_other,0.276,21.9536697,-160.0763383,0.51,0.51,0.261,0.63,0.42,2.09,1인,S105
2_1391_11272_9629_951,niihau_2_1391_11272_9629.jpg,Plastic_ETC,plastic_other,0.222,21.9537425,-160.0763016,0.51,0.49,0.250,0.60,0.40,2.00,1인,S106
2_1391_11272_9629_952,niihau_2_1391_11272_9629.jpg,PET_Bottle,pet_bottle,0.177,21.9536459,-160.0763316,0.52,0.30,0.154,0.31,0.25,0.51,1인,S105
2_1391_11272_9629_953,niihau_2_1391_11272_9629.jpg,Net,net,0.174,21.9536534,-160.0763406,0.40,0.39,0.152,2.74,1.14,6.86,1인,S105
2_1391_11272_9629_954,niihau_2_1391_11272_9629.jpg,Styrofoam_Piece,eps_fragment,0.172,21.9537107,-160.0763026,0.58,0.50,0.291,0.17,0.12,0.58,1인,S106
2_1391_11272_9629_955,niihau_2_1391_11272_9629.jpg,Plastic_Buoy,plastic_buoy,0.168,21.9536458,-160.0763470,0.48,0.31,0.146,2.63,1.32,3.51,1인,S105
2_1391_11272_9629_956,niihau_2_1391_11272_9629.jpg,Plastic_ETC,plastic_other,0.162,21.9536858,-160.0763167,0.63,0.49,0.310,0.74,0.50,2.48,1인,S105
2_1391_11272_9629_957,niihau_2_1391_11272_9629.jpg,Net,net,0.138,21.9536576,-160.0763907,0.45,0.37,0.166,2.98,1.24,7.45,1인,S105
2_1391_11272_9629_958,niihau_2_1391_11272_9629.jpg,Plastic_ETC,plastic_other,0.134,21.9537468,-160.0762855,0.65,0.50,0.324,0.78,0.52,2.59,1인,S106
2_1391_11272_9629_959,niihau_2_1391_11272_9629.jpg,PET_Bottle,pet_bottle,0.132,21.9537027,-160.0763133,0.66,0.47,0.315,0.62,0.52,1.04,1인,S106
2_1391_11272_9629_960,niihau_2_1391_11272_9629.jpg,PET_Bottle,pet_bottle,0.110,21.9536770,-160.0762875,0.70,0.66,0.457,0.91,0.75,1.51,1인,S105
2_1391_11304_10118_971,niihau_2_1391_11304_10118.jpg,Plastic_ETC,plastic_other,0.325,21.9536449,-160.0763270,0.62,0.61,0.379,0.91,0.61,3.04,1인,S105
2_1391_11304_10118_972,niihau_2_1391_11304_10118.jpg,Plastic_ETC,plastic_other,0.298,21.9536696,-160.0763384,0.52,0.47,0.243,0.58,0.39,1.94,1인,S105
2_1391_11304_10118_973,niihau_2_1391_11304_10118.jpg,PET_Bottle,pet_bottle,0.282,21.9536634,-160.0763246,0.77,0.51,0.389,0.77,0.64,1.28,1인,S105
2_1391_11304_10118_974,niihau_2_1391_11304_10118.jpg,Net,net,0.225,21.9536188,-160.0763480,0.45,0.35,0.156,2.80,1.17,7.01,1인,S105
2_1391_11304_10118_975,niihau_2_1391_11304_10118.jpg,Net,net,0.121,21.9536534,-160.0763405,0.40,0.37,0.149,2.68,1.12,6.71,1인,S105
2_1391_11304_10118_976,niihau_2_1391_11304_10118.jpg,Rope,rope,0.114,21.9536369,-160.0763024,1.65,1.03,1.691,20.30,13.53,33.83,2인,S105
2_1391_11310_12281_982,niihau_2_1391_11310_12281.jpg,Plastic_ETC,plastic_other,0.322,21.9532311,-160.0763706,0.63,0.49,0.307,0.74,0.49,2.46,1인,S104
2_1391_11310_12281_983,niihau_2_1391_11310_12281.jpg,Net,net,0.270,21.9531844,-160.0763424,0.56,0.53,0.295,5.32,2.22,13.30,1인,S104
2_1391_11310_12281_984,niihau_2_1391_11310_12281.jpg,Plastic_ETC,plastic_other,0.235,21.9532730,-160.0763515,0.59,0.55,0.323,0.78,0.52,2.58,1인,S104
2_1391_11310_12281_985,niihau_2_1391_11310_12281.jpg,Net,net,0.223,21.9532505,-160.0763202,0.60,0.48,0.292,5.25,2.19,13.13,1인,S104
2_1391_11310_12281_986,niihau_2_1391_11310_12281.jpg,Net,net,0.169,21.9532311,-160.0763564,0.52,0.47,0.245,4.41,1.84,11.03,1인,S104
2_1391_11310_12281_987,niihau_2_1391_11310_12281.jpg,Plastic_ETC,plastic_other,0.165,21.9531927,-160.0763694,0.92,0.57,0.522,1.25,0.83,4.17,1인,S104
2_1391_11321_12911_995,niihau_2_1391_11321_12911.jpg,Net,net,0.469,21.9531474,-160.0763041,0.54,0.43,0.236,4.25,1.77,10.63,1인,S104
2_1391_11321_12911_996,niihau_2_1391_11321_12911.jpg,Plastic_ETC,plastic_other,0.295,21.9531295,-160.0763557,0.54,0.44,0.240,0.58,0.38,1.92,1인,S104
2_1391_11321_12911_997,niihau_2_1391_11321_12911.jpg,Plastic_ETC,plastic_other,0.254,21.9531064,-160.0763578,0.61,0.51,0.313,0.75,0.50,2.50,1인,S104
2_1391_11321_12911_998,niihau_2_1391_11321_12911.jpg,Rope,rope,0.125,21.9530983,-160.0763691,0.65,0.62,0.400,4.80,3.20,8.00,1인,S104
2_1391_11349_7435_1008,niihau_2_1391_11349_7435.jpg,Plastic_Buoy,plastic_buoy,0.223,21.9541545,-160.0763007,0.57,0.48,0.274,4.93,2.47,6.57,1인,S107
2_1391_11349_7435_1009,niihau_2_1391_11349_7435.jpg,Plastic_ETC,plastic_other,0.165,21.9541096,-160.0763060,0.81,0.72,0.588,1.41,0.94,4.70,1인,S108
2_1391_11380_7806_1013,niihau_2_1391_11380_7806.jpg,PET_Bottle,pet_bottle,0.205,21.9539748,-160.0763065,0.59,0.17,0.103,0.20,0.17,0.34,1인,S108
2_1391_11380_7806_1014,niihau_2_1391_11380_7806.jpg,Net,net,0.127,21.9539920,-160.0763783,0.33,0.32,0.105,1.89,0.79,4.73,1인,S108
2_1391_11407_7065_1016,niihau_2_1391_11407_7065.jpg,PET_Bottle,pet_bottle,0.274,21.9541924,-160.0762619,0.76,0.55,0.418,0.83,0.69,1.38,1인,S107
2_1391_11407_7065_1017,niihau_2_1391_11407_7065.jpg,Plastic_ETC,plastic_other,0.201,21.9541106,-160.0763062,0.69,0.59,0.408,0.98,0.65,3.26,1인,S108
2_1391_11407_7065_1018,niihau_2_1391_11407_7065.jpg,Plastic_Buoy,plastic_buoy,0.115,21.9541545,-160.0763009,0.57,0.48,0.274,4.93,2.46,6.57,1인,S107
2_1391_11407_7065_1019,niihau_2_1391_11407_7065.jpg,Net,net,0.107,21.9541680,-160.0763139,0.37,0.37,0.138,2.49,1.04,6.21,1인,S107
2_1391_11452_8852_1022,niihau_2_1391_11452_8852.jpg,Plastic_Buoy,plastic_buoy,0.242,21.9537981,-160.0762922,0.45,0.42,0.188,3.38,1.69,4.50,1인,S106
2_1391_11452_8852_1023,niihau_2_1391_11452_8852.jpg,Styrofoam_Piece,eps_fragment,0.208,21.9538291,-160.0762712,0.82,0.76,0.624,0.37,0.25,1.25,1인,S106
2_1391_11452_8852_1024,niihau_2_1391_11452_8852.jpg,Plastic_Buoy,plastic_buoy,0.151,21.9537965,-160.0762859,0.41,0.41,0.167,3.00,1.50,4.00,1인,S106
2_1391_11452_8852_1025,niihau_2_1391_11452_8852.jpg,PET_Bottle,pet_bottle,0.144,21.9538485,-160.0762795,0.45,0.26,0.117,0.23,0.19,0.38,1인,S106
2_1391_11452_8852_1026,niihau_2_1391_11452_8852.jpg,Plastic_ETC,plastic_other,0.128,21.9537877,-160.0763171,0.65,0.58,0.381,0.91,0.61,3.05,1인,S106
2_1391_11602_9287_1030,niihau_2_1391_11602_9287.jpg,Plastic_ETC,plastic_other,0.294,21.9537492,-160.0762949,1.17,0.88,1.031,2.47,1.65,8.25,1인,S106
2_1391_11602_9287_1031,niihau_2_1391_11602_9287.jpg,Plastic_ETC,plastic_other,0.260,21.9537424,-160.0763016,0.51,0.49,0.248,0.60,0.40,1.98,1인,S106
2_1391_11602_9287_1032,niihau_2_1391_11602_9287.jpg,Net,net,0.220,21.9537371,-160.0763115,0.57,0.53,0.298,5.37,2.24,13.43,1인,S106
2_1391_11602_9287_1033,niihau_2_1391_11602_9287.jpg,Styrofoam_Piece,eps_fragment,0.162,21.9537106,-160.0763026,0.58,0.48,0.278,0.17,0.11,0.56,1인,S106
2_1391_11602_9287_1034,niihau_2_1391_11602_9287.jpg,Plastic_Buoy,plastic_buoy,0.134,21.9537422,-160.0762642,0.42,0.41,0.172,3.10,1.55,4.14,1인,S106
2_1391_11602_9287_1035,niihau_2_1391_11602_9287.jpg,Plastic_ETC,plastic_other,0.128,21.9537469,-160.0762854,0.68,0.48,0.327,0.78,0.52,2.61,1인,S106
2_1391_11602_9287_1036,niihau_2_1391_11602_9287.jpg,Net,net,0.122,21.9537434,-160.0762860,0.44,0.42,0.188,3.38,1.41,8.44,1인,S106
2_1391_11602_9287_1037,niihau_2_1391_11602_9287.jpg,Plastic_Buoy,plastic_buoy,0.116,21.9537965,-160.0762859,0.42,0.40,0.171,3.08,1.54,4.11,1인,S106
2_1391_11732_7280_1044,niihau_2_1391_11732_7280.jpg,Plastic_Buoy,plastic_buoy,0.155,21.9541403,-160.0762715,0.41,0.39,0.159,2.85,1.43,3.81,1인,S108
2_1391_11732_7280_1045,niihau_2_1391_11732_7280.jpg,Plastic_Buoy,plastic_buoy,0.134,21.9541545,-160.0763009,0.57,0.47,0.267,4.81,2.41,6.42,1인,S107
2_1391_11732_7280_1046,niihau_2_1391_11732_7280.jpg,Plastic_ETC,plastic_other,0.128,21.9541095,-160.0763060,0.79,0.69,0.540,1.30,0.86,4.32,1인,S108
2_1391_11794_6928_1051,niihau_2_1391_11794_6928.jpg,PET_Bottle,pet_bottle,0.257,21.9541925,-160.0762620,0.76,0.55,0.418,0.83,0.69,1.38,1인,S107
2_1391_11794_6928_1052,niihau_2_1391_11794_6928.jpg,Plastic_Buoy_China,plastic_buoy,0.154,21.9542469,-160.0762665,0.46,0.37,0.170,3.07,1.53,4.09,1인,S107
2_1391_11794_6928_1053,niihau_2_1391_11794_6928.jpg,Plastic_Buoy,plastic_buoy,0.148,21.9541545,-160.0763010,0.56,0.49,0.273,4.92,2.46,6.55,1인,S107
2_1391_11794_6928_1054,niihau_2_1391_11794_6928.jpg,Plastic_Buoy,plastic_buoy,0.130,21.9542123,-160.0762943,0.49,0.47,0.232,4.18,2.09,5.57,1인,S107
2_1391_11794_6928_1055,niihau_2_1391_11794_6928.jpg,Plastic_Buoy,plastic_buoy,0.100,21.9541403,-160.0762715,0.40,0.38,0.154,2.77,1.38,3.69,1인,S108
2_1391_11882_7880_1061,niihau_2_1391_11882_7880.jpg,PET_Bottle,pet_bottle,0.190,21.9539736,-160.0762375,0.52,0.29,0.151,0.30,0.25,0.50,1인,S108
2_1391_11882_7880_1062,niihau_2_1391_11882_7880.jpg,Net,net,0.153,21.9539765,-160.0762326,0.52,0.39,0.204,3.67,1.53,9.17,1인,S108
2_1391_11882_7880_1063,niihau_2_1391_11882_7880.jpg,Net,net,0.129,21.9539630,-160.0762354,0.75,0.42,0.317,5.70,2.38,14.26,1인,S108
2_1391_11885_8335_1064,niihau_2_1391_11885_8335.jpg,Net,net,0.346,21.9539427,-160.0762380,0.49,0.42,0.208,3.74,1.56,9.34,1인,S106
2_1391_11885_8335_1065,niihau_2_1391_11885_8335.jpg,Net,net,0.185,21.9539359,-160.0762503,0.49,0.42,0.206,3.71,1.55,9.29,1인,S106
2_1391_11885_8335_1066,niihau_2_1391_11885_8335.jpg,PET_Bottle,pet_bottle,0.114,21.9539737,-160.0762377,0.50,0.28,0.143,0.28,0.24,0.47,1인,S108
2_1391_11885_8335_1067,niihau_2_1391_11885_8335.jpg,Net,net,0.106,21.9539766,-160.0762324,0.53,0.39,0.206,3.70,1.54,9.25,1인,S108
2_1391_11885_8335_1068,niihau_2_1391_11885_8335.jpg,PET_Bottle,pet_bottle,0.104,21.9539397,-160.0762499,0.56,0.46,0.256,0.51,0.42,0.84,1인,S106
2_1391_8393_28533_1071,niihau_2_1391_8393_28533.jpg,Styrofoam_Piece,eps_fragment,0.194,21.9502784,-160.0768344,0.59,0.49,0.290,0.17,0.12,0.58,1인,S109
2_1391_8393_28533_1072,niihau_2_1391_8393_28533.jpg,Plastic_Buoy_China,plastic_buoy,0.189,21.9502284,-160.0768508,0.51,0.50,0.253,4.56,2.28,6.08,1인,S109
2_1391_8393_28533_1073,niihau_2_1391_8393_28533.jpg,Plastic_ETC,plastic_other,0.182,21.9502734,-160.0768555,0.67,0.63,0.422,1.01,0.68,3.38,1인,S109
2_1391_8393_28533_1074,niihau_2_1391_8393_28533.jpg,Styrofoam_Buoy,eps_buoy,0.173,21.9503078,-160.0768503,0.79,0.68,0.538,4.71,2.02,5.38,1인,S109
2_1392_-135_7683_1076,niihau_2_1392_-135_7683.jpg,Styrofoam_Piece,eps_fragment,0.173,21.9540143,-160.0761966,0.51,0.42,0.216,0.13,0.09,0.43,1인,S108
2_1392_-135_7683_1077,niihau_2_1392_-135_7683.jpg,Net,net,0.172,21.9540875,-160.0761770,0.50,0.46,0.235,4.22,1.76,10.56,1인,S108
2_1392_-135_7683_1078,niihau_2_1392_-135_7683.jpg,PET_Bottle,pet_bottle,0.134,21.9540021,-160.0762005,0.49,0.48,0.238,0.47,0.39,0.78,1인,S108
2_1392_-135_7683_1079,niihau_2_1392_-135_7683.jpg,Plastic_Buoy_China,plastic_buoy,0.126,21.9541003,-160.0761854,0.50,0.42,0.211,3.80,1.90,5.06,1인,S108
2_1392_-156_8032_1085,niihau_2_1392_-156_8032.jpg,Styrofoam_Piece,eps_fragment,0.153,21.9540143,-160.0761965,0.51,0.43,0.217,0.13,0.09,0.43,1인,S108
2_1392_-156_8032_1086,niihau_2_1392_-156_8032.jpg,PET_Bottle,pet_bottle,0.140,21.9539454,-160.0762202,0.52,0.40,0.207,0.41,0.34,0.68,1인,S108
2_1392_-285_8335_1091,niihau_2_1392_-285_8335.jpg,PET_Bottle,pet_bottle,0.117,21.9539455,-160.0762202,0.53,0.41,0.216,0.43,0.36,0.71,1인,S108
2_1392_-84_7311_1095,niihau_2_1392_-84_7311.jpg,Plastic_ETC,plastic_other,0.227,21.9541182,-160.0762148,0.82,0.68,0.559,1.34,0.90,4.48,1인,S108
2_1392_-84_7311_1096,niihau_2_1392_-84_7311.jpg,Net,net,0.223,21.9541583,-160.0762022,0.39,0.32,0.127,2.29,0.96,5.74,1인,S107
2_1392_-84_7311_1097,niihau_2_1392_-84_7311.jpg,Plastic_Buoy_China,plastic_buoy,0.167,21.9541003,-160.0761854,0.50,0.43,0.214,3.86,1.93,5.14,1인,S108
2_1392_-84_7311_1098,niihau_2_1392_-84_7311.jpg,Plastic_Buoy,plastic_buoy,0.118,21.9541658,-160.0761502,0.42,0.42,0.177,3.19,1.59,4.25,1인,S107
2_1392_12_6950_1106,niihau_2_1392_12_6950.jpg,Plastic_Buoy,plastic_buoy,0.203,21.9541658,-160.0761502,0.43,0.41,0.177,3.18,1.59,4.24,1인,S107
2_1392_12_6950_1107,niihau_2_1392_12_6950.jpg,Plastic_Buoy_China,plastic_buoy,0.185,21.9541324,-160.0761439,0.37,0.36,0.133,2.39,1.20,3.19,1인,S107
2_1392_12_6950_1108,niihau_2_1392_12_6950.jpg,Net,net,0.155,21.9541584,-160.0762021,0.39,0.28,0.110,1.98,0.83,4.95,1인,S107
2_1392_12_6950_1109,niihau_2_1392_12_6950.jpg,Net,net,0.147,21.9542361,-160.0761666,0.35,0.35,0.124,2.23,0.93,5.58,1인,S107
2_1392_12_6950_1110,niihau_2_1392_12_6950.jpg,PET_Bottle,pet_bottle,0.141,21.9542184,-160.0761581,0.54,0.44,0.239,0.47,0.39,0.79,1인,S107
2_1392_12_6950_1111,niihau_2_1392_12_6950.jpg,Net,net,0.132,21.9541325,-160.0761487,0.41,0.37,0.154,2.77,1.15,6.93,1인,S107
2_1392_12_6950_1112,niihau_2_1392_12_6950.jpg,PET_Bottle,pet_bottle,0.127,21.9541415,-160.0761820,0.57,0.30,0.171,0.34,0.28,0.56,1인,S107
2_1392_12_6950_1113,niihau_2_1392_12_6950.jpg,PET_Bottle,pet_bottle,0.122,21.9541717,-160.0761695,0.54,0.52,0.281,0.56,0.46,0.93,1인,S107
2_1392_12_6950_1114,niihau_2_1392_12_6950.jpg,PET_Bottle,pet_bottle,0.116,21.9542443,-160.0761931,0.45,0.17,0.079,0.16,0.13,0.26,1인,S107
2_1392_12_6950_1115,niihau_2_1392_12_6950.jpg,Plastic_ETC,plastic_other,0.100,21.9541571,-160.0761932,0.93,0.85,0.797,1.91,1.27,6.37,1인,S107
2_1392_1451_2909_1120,niihau_2_1392_1451_2909.jpg,Plastic_ETC,plastic_other,0.362,21.9548720,-160.0758576,0.56,0.50,0.280,0.67,0.45,2.24,1인,S110
2_1392_1451_2909_1121,niihau_2_1392_1451_2909.jpg,Plastic_ETC,plastic_other,0.345,21.9549195,-160.0758931,0.76,0.72,0.544,1.31,0.87,4.35,1인,S110
2_1392_1451_2909_1122,niihau_2_1392_1451_2909.jpg,PET_Bottle,pet_bottle,0.160,21.9548629,-160.0759078,0.70,0.33,0.234,0.46,0.39,0.77,1인,S110
2_1392_1451_2909_1123,niihau_2_1392_1451_2909.jpg,PET_Bottle,pet_bottle,0.155,21.9549088,-160.0758482,0.41,0.30,0.123,0.24,0.20,0.40,1인,S110
2_1392_1451_2909_1124,niihau_2_1392_1451_2909.jpg,Plastic_Buoy_China,plastic_buoy,0.154,21.9548811,-160.0758763,0.47,0.36,0.168,3.03,1.52,4.04,1인,S110
2_1392_1451_2909_1125,niihau_2_1392_1451_2909.jpg,PET_Bottle,pet_bottle,0.148,21.9548794,-160.0758333,0.80,0.50,0.404,0.80,0.67,1.33,1인,S110
2_1392_1514_4035_1126,niihau_2_1392_1514_4035.jpg,Plastic_Buoy_China,plastic_buoy,0.443,21.9546946,-160.0759025,0.38,0.38,0.144,2.60,1.30,3.46,1인,S110
2_1392_1514_4035_1127,niihau_2_1392_1514_4035.jpg,PET_Bottle,pet_bottle,0.432,21.9547535,-160.0758384,0.58,0.43,0.253,0.50,0.42,0.83,1인,S110
2_1392_1514_4035_1128,niihau_2_1392_1514_4035.jpg,PET_Bottle,pet_bottle,0.402,21.9547394,-160.0758931,0.69,0.58,0.403,0.80,0.66,1.33,1인,S110
2_1392_1514_4035_1129,niihau_2_1392_1514_4035.jpg,Plastic_Buoy_China,plastic_buoy,0.264,21.9547481,-160.0758435,0.37,0.34,0.126,2.26,1.13,3.02,1인,S110
2_1392_1514_4035_1130,niihau_2_1392_1514_4035.jpg,Plastic_ETC,plastic_other,0.246,21.9547149,-160.0758793,0.62,0.58,0.359,0.86,0.57,2.87,1인,S110
2_1392_1514_4035_1131,niihau_2_1392_1514_4035.jpg,PET_Bottle,pet_bottle,0.240,21.9546761,-160.0759131,0.50,0.29,0.147,0.29,0.24,0.49,1인,S110
2_1392_1514_4035_1132,niihau_2_1392_1514_4035.jpg,Plastic_ETC,plastic_other,0.163,21.9547337,-160.0758283,0.68,0.66,0.453,1.09,0.73,3.63,1인,S110
2_1392_1514_4035_1133,niihau_2_1392_1514_4035.jpg,PET_Bottle,pet_bottle,0.123,21.9546838,-160.0758730,0.42,0.41,0.175,0.35,0.29,0.58,1인,S110
2_1392_1514_4035_1134,niihau_2_1392_1514_4035.jpg,PET_Bottle,pet_bottle,0.118,21.9547119,-160.0758759,0.54,0.46,0.249,0.49,0.41,0.82,1인,S110
2_1392_1544_3710_1138,niihau_2_1392_1544_3710.jpg,PET_Bottle,pet_bottle,0.539,21.9547534,-160.0758384,0.55,0.43,0.235,0.47,0.39,0.78,1인,S110
2_1392_1544_3710_1139,niihau_2_1392_1544_3710.jpg,Plastic_Buoy_China,plastic_buoy,0.459,21.9548150,-160.0758840,0.48,0.45,0.217,3.90,1.95,5.20,1인,S110
2_1392_1544_3710_1140,niihau_2_1392_1544_3710.jpg,Plastic_ETC,plastic_other,0.451,21.9548027,-160.0759027,0.53,0.47,0.250,0.60,0.40,2.00,1인,S110
2_1392_1544_3710_1141,niihau_2_1392_1544_3710.jpg,PET_Bottle,pet_bottle,0.314,21.9547390,-160.0758932,0.69,0.49,0.335,0.66,0.55,1.11,1인,S110
2_1392_1544_3710_1142,niihau_2_1392_1544_3710.jpg,Plastic_ETC,plastic_other,0.263,21.9547339,-160.0758282,0.68,0.65,0.442,1.06,0.71,3.53,1인,S110
2_1392_1544_3710_1143,niihau_2_1392_1544_3710.jpg,PET_Bottle,pet_bottle,0.260,21.9547242,-160.0758645,0.47,0.43,0.203,0.40,0.34,0.67,1인,S110
2_1392_1544_3710_1144,niihau_2_1392_1544_3710.jpg,Plastic_Buoy_China,plastic_buoy,0.167,21.9547481,-160.0758436,0.37,0.33,0.122,2.20,1.10,2.94,1인,S110
2_1392_1544_3710_1145,niihau_2_1392_1544_3710.jpg,Plastic_Buoy_China,plastic_buoy,0.107,21.9548202,-160.0758858,0.37,0.32,0.118,2.12,1.06,2.83,1인,S110
2_1392_1884_3793_1149,niihau_2_1392_1884_3793.jpg,PET_Bottle,pet_bottle,0.277,21.9547536,-160.0758385,0.57,0.48,0.272,0.54,0.45,0.90,1인,S110
2_1392_1884_3793_1150,niihau_2_1392_1884_3793.jpg,Plastic_ETC,plastic_other,0.270,21.9547338,-160.0758282,0.67,0.65,0.434,1.04,0.69,3.47,1인,S110
2_1392_1884_3793_1151,niihau_2_1392_1884_3793.jpg,Plastic_Buoy_China,plastic_buoy,0.246,21.9547481,-160.0758436,0.36,0.34,0.122,2.19,1.10,2.93,1인,S110
2_1442_7156_21213_1157,niihau_2_1442_7156_21213.jpg,Plastic_ETC,plastic_other,0.296,21.9563509,-160.0747956,0.53,0.51,0.270,0.65,0.43,2.16,1인,S111
2_1442_7156_21213_1158,niihau_2_1442_7156_21213.jpg,Plastic_ETC,plastic_other,0.281,21.9563657,-160.0747991,0.52,0.45,0.238,0.57,0.38,1.90,1인,S111
2_1442_7156_21213_1159,niihau_2_1442_7156_21213.jpg,Plastic_Buoy_China,plastic_buoy,0.247,21.9563201,-160.0748223,0.33,0.31,0.102,1.84,0.92,2.46,1인,S111
2_1442_7156_21213_1160,niihau_2_1442_7156_21213.jpg,Plastic_Buoy_China,plastic_buoy,0.121,21.9563907,-160.0747890,0.35,0.31,0.109,1.96,0.98,2.61,1인,S111
2_1442_9018_20476_1162,niihau_2_1442_9018_20476.jpg,Plastic_ETC,plastic_other,0.496,21.9565164,-160.0744510,0.54,0.42,0.231,0.56,0.37,1.85,1인,S112
2_1442_9018_20476_1163,niihau_2_1442_9018_20476.jpg,Plastic_ETC,plastic_other,0.321,21.9565340,-160.0743835,0.60,0.60,0.360,0.86,0.58,2.88,1인,S112
2_1442_9018_20476_1164,niihau_2_1442_9018_20476.jpg,PET_Bottle,pet_bottle,0.219,21.9564907,-160.0743944,0.42,0.27,0.114,0.23,0.19,0.38,1인,S112
2_1442_9018_20476_1165,niihau_2_1442_9018_20476.jpg,PET_Bottle,pet_bottle,0.169,21.9564993,-160.0743982,0.53,0.28,0.148,0.29,0.24,0.49,1인,S112
2_1442_9018_20476_1166,niihau_2_1442_9018_20476.jpg,Plastic_ETC,plastic_other,0.165,21.9565008,-160.0744705,0.57,0.51,0.293,0.70,0.47,2.34,1인,S112
2_1442_9018_20476_1167,niihau_2_1442_9018_20476.jpg,Net,net,0.101,21.9565480,-160.0744339,0.41,0.32,0.131,2.36,0.98,5.90,1인,S112
2_1442_9457_19562_1170,niihau_2_1442_9457_19562.jpg,Plastic_ETC,plastic_other,0.353,21.9566668,-160.0743558,0.97,0.84,0.810,1.94,1.30,6.48,1인,S112
2_1442_9457_19562_1171,niihau_2_1442_9457_19562.jpg,Styrofoam_Piece,eps_fragment,0.307,21.9566224,-160.0743441,0.50,0.49,0.242,0.15,0.10,0.48,1인,S112
2_1442_9457_19562_1172,niihau_2_1442_9457_19562.jpg,PET_Bottle,pet_bottle,0.216,21.9566644,-160.0743179,0.49,0.48,0.237,0.47,0.39,0.78,1인,S112
2_1443_13296_-153_1174,niihau_2_1443_13296_-153.jpg,PET_Bottle,pet_bottle,0.158,21.9617647,-160.0705153,0.57,0.46,0.260,0.51,0.43,0.86,1인,S113
2_1443_14650_2083_1179,niihau_2_1443_14650_2083.jpg,PET_Bottle,pet_bottle,0.494,21.9614125,-160.0702211,0.61,0.50,0.306,0.61,0.51,1.01,1인,S114
2_1443_14650_2083_1180,niihau_2_1443_14650_2083.jpg,Plastic_ETC,plastic_other,0.344,21.9613913,-160.0702662,0.55,0.51,0.278,0.67,0.44,2.22,1인,S114
2_1443_14650_2083_1181,niihau_2_1443_14650_2083.jpg,Plastic_Buoy,plastic_buoy,0.277,21.9613589,-160.0701717,0.42,0.38,0.158,2.84,1.42,3.79,1인,S114
2_1443_14996_2340_1187,niihau_2_1443_14996_2340.jpg,PET_Bottle,pet_bottle,0.388,21.9613483,-160.0701582,0.68,0.49,0.329,0.65,0.54,1.09,1인,S114
2_1443_14996_2340_1188,niihau_2_1443_14996_2340.jpg,Plastic_Buoy,plastic_buoy,0.225,21.9613590,-160.0701717,0.43,0.41,0.176,3.18,1.59,4.23,1인,S114
2_1443_14996_2340_1189,niihau_2_1443_14996_2340.jpg,PET_Bottle,pet_bottle,0.187,21.9613474,-160.0701357,1.11,0.71,0.795,1.57,1.31,2.62,1인,S114
2_1443_14996_2340_1190,niihau_2_1443_14996_2340.jpg,PET_Bottle,pet_bottle,0.102,21.9613683,-160.0701482,0.50,0.32,0.163,0.32,0.27,0.54,1인,S114
2_1443_1542_19434_1192,niihau_2_1443_1542_19434.jpg,PET_Bottle,pet_bottle,0.205,21.9582374,-160.0727062,0.58,0.39,0.228,0.45,0.38,0.75,1인,S115
2_1443_1542_19434_1193,niihau_2_1443_1542_19434.jpg,PET_Bottle,pet_bottle,0.161,21.9582379,-160.0726993,0.66,0.35,0.232,0.46,0.38,0.77,1인,S115
2_1443_1542_19434_1194,niihau_2_1443_1542_19434.jpg,PET_Bottle,pet_bottle,0.145,21.9582784,-160.0727130,0.37,0.34,0.125,0.25,0.21,0.41,1인,S115
2_1443_1642_19861_1200,niihau_2_1443_1642_19861.jpg,PET_Bottle,pet_bottle,0.273,21.9582382,-160.0726994,0.72,0.39,0.281,0.56,0.46,0.93,1인,S115
2_1443_1642_19861_1201,niihau_2_1443_1642_19861.jpg,PET_Bottle,pet_bottle,0.128,21.9582373,-160.0727064,0.54,0.38,0.204,0.40,0.34,0.67,1인,S115
2_1443_1642_19861_1202,niihau_2_1443_1642_19861.jpg,Net,net,0.104,21.9581715,-160.0726722,0.36,0.33,0.120,2.16,0.90,5.41,1인,S115
2_1443_1932_19505_1207,niihau_2_1443_1932_19505.jpg,PET_Bottle,pet_bottle,0.292,21.9582373,-160.0727063,0.56,0.36,0.202,0.40,0.33,0.67,1인,S115
2_1443_1932_19505_1208,niihau_2_1443_1932_19505.jpg,PET_Bottle,pet_bottle,0.188,21.9582449,-160.0726098,0.84,0.29,0.241,0.48,0.40,0.80,1인,S115
2_1443_1932_19505_1209,niihau_2_1443_1932_19505.jpg,PET_Bottle,pet_bottle,0.186,21.9582635,-160.0727186,0.83,0.43,0.362,0.72,0.60,1.19,1인,S115
2_1443_1932_19505_1210,niihau_2_1443_1932_19505.jpg,PET_Bottle,pet_bottle,0.175,21.9582380,-160.0726993,0.67,0.40,0.266,0.53,0.44,0.88,1인,S115
2_1443_1932_19505_1211,niihau_2_1443_1932_19505.jpg,Net,net,0.138,21.9582447,-160.0726757,0.43,0.41,0.179,3.22,1.34,8.04,1인,S115
2_1443_2007_18835_1221,niihau_2_1443_2007_18835.jpg,Plastic_Buoy_China,plastic_buoy,0.216,21.9583685,-160.0726022,0.40,0.38,0.152,2.74,1.37,3.65,1인,S115
2_1443_2007_18835_1222,niihau_2_1443_2007_18835.jpg,Styrofoam_Piece,eps_fragment,0.183,21.9583235,-160.0726073,0.38,0.37,0.141,0.08,0.06,0.28,1인,S115
2_1443_2007_18835_1223,niihau_2_1443_2007_18835.jpg,Plastic_ETC,plastic_other,0.157,21.9583345,-160.0726116,0.49,0.48,0.232,0.56,0.37,1.86,1인,S115
2_1443_2007_18835_1224,niihau_2_1443_2007_18835.jpg,PET_Bottle,pet_bottle,0.135,21.9583143,-160.0725867,0.74,0.44,0.323,0.64,0.53,1.07,1인,S116
2_1443_2007_18835_1225,niihau_2_1443_2007_18835.jpg,PET_Bottle,pet_bottle,0.131,21.9583587,-160.0726219,0.70,0.56,0.389,0.77,0.64,1.28,1인,S115
2_1443_2007_18835_1226,niihau_2_1443_2007_18835.jpg,PET_Bottle,pet_bottle,0.119,21.9583284,-160.0726044,0.67,0.56,0.375,0.74,0.62,1.24,1인,S115
2_1443_2007_18835_1227,niihau_2_1443_2007_18835.jpg,PET_Bottle,pet_bottle,0.107,21.9583368,-160.0725866,0.48,0.39,0.187,0.37,0.31,0.62,1인,S116
2_1443_2361_19012_1232,niihau_2_1443_2361_19012.jpg,PET_Bottle,pet_bottle,0.393,21.9583916,-160.0725322,0.95,0.62,0.588,1.16,0.97,1.94,1인,S116
2_1443_2361_19012_1233,niihau_2_1443_2361_19012.jpg,Plastic_ETC,plastic_other,0.224,21.9583282,-160.0726041,0.66,0.58,0.385,0.92,0.62,3.08,1인,S115
2_1443_2361_19012_1234,niihau_2_1443_2361_19012.jpg,PET_Bottle,pet_bottle,0.146,21.9582835,-160.0725768,0.55,0.35,0.190,0.38,0.31,0.63,1인,S116
2_1443_2361_19012_1235,niihau_2_1443_2361_19012.jpg,PET_Bottle,pet_bottle,0.129,21.9582795,-160.0725666,0.44,0.22,0.097,0.19,0.16,0.32,1인,S116
2_1443_2361_19012_1236,niihau_2_1443_2361_19012.jpg,Plastic_Buoy_China,plastic_buoy,0.114,21.9583685,-160.0726021,0.41,0.37,0.152,2.74,1.37,3.66,1인,S115
2_1443_2361_19012_1237,niihau_2_1443_2361_19012.jpg,Plastic_Buoy_China,plastic_buoy,0.109,21.9583146,-160.0725738,0.36,0.35,0.124,2.24,1.12,2.99,1인,S116
2_1443_2704_18820_1247,niihau_2_1443_2704_18820.jpg,PET_Bottle,pet_bottle,0.471,21.9583712,-160.0725120,1.01,0.46,0.462,0.92,0.76,1.53,1인,S116
2_1443_2704_18820_1248,niihau_2_1443_2704_18820.jpg,PET_Bottle,pet_bottle,0.403,21.9583922,-160.0725320,0.99,0.77,0.761,1.51,1.26,2.51,1인,S116
2_1443_2704_18820_1249,niihau_2_1443_2704_18820.jpg,PET_Bottle,pet_bottle,0.212,21.9583187,-160.0725457,0.79,0.45,0.358,0.71,0.59,1.18,1인,S116
2_1443_3440_19315_1254,niihau_2_1443_3440_19315.jpg,PET_Bottle,pet_bottle,0.170,21.9582641,-160.0724055,0.73,0.35,0.257,0.51,0.42,0.85,1인,S116
2_1443_3440_19315_1255,niihau_2_1443_3440_19315.jpg,Net,net,0.136,21.9583024,-160.0724064,0.45,0.40,0.182,3.28,1.37,8.20,1인,S116
2_1443_3440_19315_1256,niihau_2_1443_3440_19315.jpg,PET_Bottle,pet_bottle,0.129,21.9582267,-160.0723265,0.91,0.29,0.266,0.53,0.44,0.88,1인,S117
2_1443_3535_19685_1260,niihau_2_1443_3535_19685.jpg,PET_Bottle,pet_bottle,0.131,21.9582642,-160.0724057,0.72,0.31,0.228,0.45,0.38,0.75,1인,S116
2_1443_3937_18135_1262,niihau_2_1443_3937_18135.jpg,Plastic_ETC,plastic_other,0.145,21.9585239,-160.0722146,0.48,0.46,0.217,0.52,0.35,1.74,1인,S118
2_1443_4167_19504_1268,niihau_2_1443_4167_19504.jpg,Plastic_Buoy_China,plastic_buoy,0.509,21.9582803,-160.0722351,0.45,0.42,0.186,3.36,1.68,4.48,1인,S117
2_1443_4167_19504_1269,niihau_2_1443_4167_19504.jpg,Plastic_ETC,plastic_other,0.283,21.9582397,-160.0722295,0.76,0.55,0.415,1.00,0.66,3.32,1인,S117
2_1443_4167_19504_1270,niihau_2_1443_4167_19504.jpg,Styrofoam_Piece,eps_fragment,0.245,21.9583065,-160.0722155,0.52,0.24,0.123,0.07,0.05,0.25,1인,S117
2_1443_4167_19504_1271,niihau_2_1443_4167_19504.jpg,PET_Bottle,pet_bottle,0.175,21.9582590,-160.0722209,0.75,0.34,0.254,0.50,0.42,0.84,1인,S117
2_1443_4167_19504_1272,niihau_2_1443_4167_19504.jpg,PET_Bottle,pet_bottle,0.115,21.9582673,-160.0722327,0.51,0.28,0.140,0.28,0.23,0.46,1인,S117
2_1443_4170_17778_1279,niihau_2_1443_4170_17778.jpg,Plastic_Buoy_China,plastic_buoy,0.248,21.9585176,-160.0721879,0.37,0.36,0.133,2.39,1.20,3.19,1인,S118
2_1443_4170_17778_1280,niihau_2_1443_4170_17778.jpg,Plastic_Buoy_China,plastic_buoy,0.142,21.9585367,-160.0722005,0.53,0.49,0.261,4.69,2.35,6.25,1인,S118
2_1443_4170_17778_1281,niihau_2_1443_4170_17778.jpg,Plastic_ETC,plastic_other,0.125,21.9585289,-160.0721919,0.57,0.51,0.293,0.70,0.47,2.34,1인,S118
2_1443_4170_17778_1282,niihau_2_1443_4170_17778.jpg,Net,net,0.120,21.9585239,-160.0722145,0.47,0.47,0.220,3.97,1.65,9.92,1인,S118
2_1443_4231_19186_1285,niihau_2_1443_4231_19186.jpg,Plastic_Buoy_China,plastic_buoy,0.555,21.9582803,-160.0722351,0.46,0.42,0.196,3.52,1.76,4.70,1인,S117
2_1443_4231_19186_1286,niihau_2_1443_4231_19186.jpg,PET_Bottle,pet_bottle,0.276,21.9582590,-160.0722209,0.77,0.37,0.283,0.56,0.47,0.93,1인,S117
2_1443_4231_19186_1287,niihau_2_1443_4231_19186.jpg,Plastic_ETC,plastic_other,0.272,21.9583072,-160.0722156,0.51,0.43,0.220,0.53,0.35,1.76,1인,S117
2_1443_4231_19186_1288,niihau_2_1443_4231_19186.jpg,Net,net,0.116,21.9582774,-160.0721811,0.41,0.40,0.165,2.97,1.24,7.41,1인,S117
2_1443_4603_19330_1293,niihau_2_1443_4603_19330.jpg,PET_Bottle,pet_bottle,0.221,21.9582548,-160.0721059,0.64,0.39,0.246,0.49,0.41,0.81,1인,S117
2_1443_4603_19330_1294,niihau_2_1443_4603_19330.jpg,Plastic_Buoy_China,plastic_buoy,0.109,21.9582774,-160.0721812,0.38,0.38,0.147,2.64,1.32,3.53,1인,S117
2_1443_4603_19330_1295,niihau_2_1443_4603_19330.jpg,Plastic_ETC,plastic_other,0.103,21.9583003,-160.0721565,3.50,0.88,3.075,7.38,4.92,24.60,2인,S117
2_1443_4813_18567_1298,niihau_2_1443_4813_18567.jpg,PET_Bottle,pet_bottle,0.141,21.9583633,-160.0720959,0.55,0.29,0.158,0.31,0.26,0.52,1인,S117
2_1443_4813_18567_1299,niihau_2_1443_4813_18567.jpg,PET_Bottle,pet_bottle,0.108,21.9583635,-160.0721146,0.46,0.36,0.163,0.32,0.27,0.54,1인,S117
2_1443_6135_16330_1302,niihau_2_1443_6135_16330.jpg,Plastic_Buoy_China,plastic_buoy,0.588,21.9588286,-160.0718242,0.45,0.43,0.194,3.49,1.74,4.65,1인,S119
2_1443_6135_16330_1303,niihau_2_1443_6135_16330.jpg,Plastic_Buoy_China,plastic_buoy,0.323,21.9588126,-160.0718220,0.49,0.48,0.235,4.23,2.11,5.64,1인,S119
2_1443_6135_16330_1304,niihau_2_1443_6135_16330.jpg,Plastic_ETC,plastic_other,0.259,21.9588037,-160.0718102,0.50,0.44,0.220,0.53,0.35,1.76,1인,S119
2_1443_6135_16330_1305,niihau_2_1443_6135_16330.jpg,PET_Bottle,pet_bottle,0.219,21.9588736,-160.0719117,0.52,0.28,0.147,0.29,0.24,0.49,1인,S119
2_1443_6135_16330_1306,niihau_2_1443_6135_16330.jpg,Plastic_ETC,plastic_other,0.151,21.9588786,-160.0718262,0.64,0.60,0.382,0.92,0.61,3.06,1인,S119
2_1443_8674_15430_1308,niihau_2_1443_8674_15430.jpg,Plastic_ETC,plastic_other,0.221,21.9589912,-160.0713606,0.86,0.63,0.542,1.30,0.87,4.33,1인,S120
2_1443_8674_15430_1309,niihau_2_1443_8674_15430.jpg,Styrofoam_Piece,eps_fragment,0.134,21.9589998,-160.0713436,0.40,0.39,0.154,0.09,0.06,0.31,1인,S120
2_1493_6569_32523_1315,niihau_2_1493_6569_32523.jpg,Plastic_Buoy_China,plastic_buoy,0.316,21.9621987,-160.0706094,0.49,0.41,0.204,3.66,1.83,4.89,1인,S121
2_1493_6569_32523_1316,niihau_2_1493_6569_32523.jpg,Plastic_Buoy_China,plastic_buoy,0.289,21.9621932,-160.0706049,0.44,0.39,0.170,3.07,1.53,4.09,1인,S121
2_1493_6768_32944_1317,niihau_2_1493_6768_32944.jpg,PET_Bottle,pet_bottle,0.215,21.9621116,-160.0705935,0.63,0.62,0.386,0.76,0.64,1.27,1인,S121
2_1493_8503_17214_1319,niihau_2_1493_8503_17214.jpg,Plastic_ETC,plastic_other,0.187,21.9649610,-160.0702692,0.55,0.51,0.282,0.68,0.45,2.26,1인,S122
2_1493_8503_17214_1320,niihau_2_1493_8503_17214.jpg,Plastic_ETC,plastic_other,0.147,21.9649560,-160.0702576,0.54,0.45,0.247,0.59,0.40,1.98,1인,S122
2_1493_8744_21697_1323,niihau_2_1493_8744_21697.jpg,Plastic_ETC,plastic_other,0.322,21.9641096,-160.0701963,0.59,0.50,0.296,0.71,0.47,2.37,1인,S123
2_1493_8972_20061_1324,niihau_2_1493_8972_20061.jpg,Plastic_ETC,plastic_other,0.427,21.9644055,-160.0701537,0.50,0.49,0.244,0.59,0.39,1.95,1인,S124
2_1493_8972_20061_1325,niihau_2_1493_8972_20061.jpg,Plastic_ETC,plastic_other,0.365,21.9643660,-160.0701043,0.49,0.46,0.224,0.54,0.36,1.79,1인,S124
2_1493_8972_20061_1326,niihau_2_1493_8972_20061.jpg,PET_Bottle,pet_bottle,0.104,21.9644336,-160.0700952,0.39,0.39,0.152,0.30,0.25,0.50,1인,S124
2_1493_9310_20022_1328,niihau_2_1493_9310_20022.jpg,Plastic_ETC,plastic_other,0.313,21.9643660,-160.0701041,0.51,0.45,0.229,0.55,0.37,1.83,1인,S124
2_1493_9310_20022_1329,niihau_2_1493_9310_20022.jpg,Plastic_ETC,plastic_other,0.164,21.9644131,-160.0700882,0.61,0.56,0.347,0.83,0.55,2.77,1인,S124
2_1493_9310_20022_1330,niihau_2_1493_9310_20022.jpg,Plastic_ETC,plastic_other,0.156,21.9643964,-160.0700606,0.62,0.55,0.340,0.82,0.54,2.72,1인,S124
2_1493_9310_20022_1331,niihau_2_1493_9310_20022.jpg,PET_Bottle,pet_bottle,0.152,21.9644336,-160.0700955,0.37,0.33,0.123,0.24,0.20,0.41,1인,S124
2_1494_-225_27987_1334,niihau_2_1494_-225_27987.jpg,PET_Bottle,pet_bottle,0.572,21.9630701,-160.0699105,0.50,0.38,0.191,0.38,0.32,0.63,1인,S125
2_1494_-225_27987_1335,niihau_2_1494_-225_27987.jpg,Plastic_Buoy_China,plastic_buoy,0.228,21.9630093,-160.0699112,0.53,0.51,0.273,4.91,2.45,6.54,1인,S125
2_1494_-225_27987_1336,niihau_2_1494_-225_27987.jpg,PET_Bottle,pet_bottle,0.205,21.9630622,-160.0699424,0.41,0.40,0.167,0.33,0.28,0.55,1인,S125
2_1494_-225_27987_1337,niihau_2_1494_-225_27987.jpg,Plastic_ETC,plastic_other,0.117,21.9630215,-160.0699450,1.53,1.00,1.535,3.68,2.46,12.28,1인,S125
2_1494_-225_27987_1338,niihau_2_1494_-225_27987.jpg,Plastic_ETC,plastic_other,0.101,21.9630064,-160.0699077,0.86,0.81,0.696,1.67,1.11,5.57,1인,S125
2_1494_1184_11337_1341,niihau_2_1494_1184_11337.jpg,Plastic_Buoy_China,plastic_buoy,0.525,21.9660764,-160.0696799,0.41,0.38,0.154,2.76,1.38,3.69,1인,S126
2_1494_1184_11337_1342,niihau_2_1494_1184_11337.jpg,PET_Bottle,pet_bottle,0.466,21.9660224,-160.0697202,0.53,0.45,0.241,0.48,0.40,0.79,1인,S126
2_1494_1184_11337_1343,niihau_2_1494_1184_11337.jpg,Plastic_ETC,plastic_other,0.114,21.9660462,-160.0696990,1.19,1.19,1.410,3.38,2.26,11.28,1인,S126
2_1494_1471_10148_1350,niihau_2_1494_1471_10148.jpg,Plastic_Buoy_China,plastic_buoy,0.631,21.9663151,-160.0696348,0.49,0.46,0.228,4.11,2.05,5.48,1인,S127
2_1494_1471_10148_1351,niihau_2_1494_1471_10148.jpg,Plastic_ETC,plastic_other,0.185,21.9662132,-160.0696153,0.53,0.50,0.266,0.64,0.43,2.13,1인,S127
2_1494_1471_10148_1352,niihau_2_1494_1471_10148.jpg,Plastic_Buoy_China,plastic_buoy,0.176,21.9662894,-160.0695923,0.50,0.47,0.236,4.26,2.13,5.67,1인,S127
2_1494_1635_9530_1355,niihau_2_1494_1635_9530.jpg,Plastic_ETC,plastic_other,0.229,21.9663735,-160.0696142,0.79,0.76,0.601,1.44,0.96,4.81,1인,S127
2_1494_1635_9530_1356,niihau_2_1494_1635_9530.jpg,Plastic_ETC,plastic_other,0.187,21.9663796,-160.0696086,0.56,0.52,0.294,0.71,0.47,2.35,1인,S127
2_1494_1635_9530_1357,niihau_2_1494_1635_9530.jpg,PET_Bottle,pet_bottle,0.154,21.9663807,-160.0696418,0.49,0.47,0.227,0.45,0.37,0.75,1인,S127
2_1494_1635_9530_1358,niihau_2_1494_1635_9530.jpg,PET_Bottle,pet_bottle,0.150,21.9664007,-160.0695636,0.35,0.23,0.080,0.16,0.13,0.26,1인,S127
2_1494_233_24750_1364,niihau_2_1494_233_24750.jpg,PET_Bottle,pet_bottle,0.331,21.9636684,-160.0698665,0.54,0.30,0.165,0.33,0.27,0.54,1인,S128
2_1494_233_24750_1365,niihau_2_1494_233_24750.jpg,Plastic_ETC,plastic_other,0.247,21.9636309,-160.0698362,0.70,0.67,0.469,1.13,0.75,3.75,1인,S128
2_1494_233_24750_1366,niihau_2_1494_233_24750.jpg,Plastic_ETC,plastic_other,0.213,21.9636770,-160.0698739,0.88,0.57,0.506,1.22,0.81,4.05,1인,S128
2_1494_233_24750_1367,niihau_2_1494_233_24750.jpg,Styrofoam_Piece,eps_fragment,0.210,21.9636597,-160.0698049,0.51,0.26,0.133,0.08,0.05,0.27,1인,S128
2_1494_233_24750_1368,niihau_2_1494_233_24750.jpg,PET_Bottle,pet_bottle,0.122,21.9636753,-160.0698503,0.65,0.51,0.332,0.66,0.55,1.09,1인,S128
2_1494_2884_6732_1373,niihau_2_1494_2884_6732.jpg,Net,net,0.258,21.9669028,-160.0693577,0.49,0.46,0.225,4.05,1.69,10.13,1인,S129
2_1494_2884_6732_1374,niihau_2_1494_2884_6732.jpg,PET_Bottle,pet_bottle,0.211,21.9669000,-160.0694088,0.59,0.47,0.277,0.55,0.46,0.92,1인,S129
2_1494_3213_6532_1378,niihau_2_1494_3213_6532.jpg,Net,net,0.279,21.9669031,-160.0693578,0.46,0.43,0.196,3.53,1.47,8.83,1인,S129
2_1494_3213_6532_1379,niihau_2_1494_3213_6532.jpg,Plastic_ETC,plastic_other,0.196,21.9669141,-160.0692525,0.43,0.35,0.152,0.36,0.24,1.21,1인,S129
2_1544_10027_19269_1380,niihau_2_1544_10027_19269.jpg,Plastic_Buoy,plastic_buoy,0.276,21.9691372,-160.0680159,0.92,0.82,0.749,13.49,6.74,17.98,1인,S130
2_1544_10027_19269_1381,niihau_2_1544_10027_19269.jpg,Styrofoam_Piece,eps_fragment,0.184,21.9691935,-160.0679127,0.52,0.49,0.259,0.16,0.10,0.52,1인,S130
2_1544_10027_19269_1382,niihau_2_1544_10027_19269.jpg,Styrofoam_Buoy,eps_buoy,0.109,21.9691200,-160.0679922,1.77,1.52,2.696,23.59,10.11,26.96,2인,S130
2_1544_11561_16963_1390,niihau_2_1544_11561_16963.jpg,Plastic_Buoy_China,plastic_buoy,0.143,21.9696191,-160.0676964,0.62,0.55,0.344,6.19,3.10,8.26,1인,S131
2_1544_11561_16963_1391,niihau_2_1544_11561_16963.jpg,PET_Bottle,pet_bottle,0.132,21.9695861,-160.0676148,0.63,0.33,0.205,0.41,0.34,0.68,1인,S131
2_1544_11561_16963_1392,niihau_2_1544_11561_16963.jpg,Net,net,0.110,21.9695590,-160.0676162,0.52,0.44,0.228,4.10,1.71,10.24,1인,S131
2_1544_11561_16963_1393,niihau_2_1544_11561_16963.jpg,Plastic_ETC,plastic_other,0.102,21.9696036,-160.0676702,0.62,0.61,0.379,0.91,0.61,3.03,1인,S131
2_1544_13990_14795_1397,niihau_2_1544_13990_14795.jpg,Net,net,0.359,21.9699524,-160.0672147,0.44,0.41,0.181,3.25,1.36,8.13,1인,S132
2_1544_13990_14795_1398,niihau_2_1544_13990_14795.jpg,PET_Bottle,pet_bottle,0.338,21.9699409,-160.0671925,0.52,0.34,0.174,0.35,0.29,0.58,1인,S132
2_1544_15673_13276_1399,niihau_2_1544_15673_13276.jpg,PET_Bottle,pet_bottle,0.211,21.9702454,-160.0668512,0.49,0.31,0.154,0.30,0.25,0.51,1인,S133
2_1544_9064_20501_1400,niihau_2_1544_9064_20501.jpg,PET_Bottle,pet_bottle,0.141,21.9689917,-160.0681031,0.34,0.32,0.109,0.22,0.18,0.36,1인,S130
2_1544_9481_20388_1403,niihau_2_1544_9481_20388.jpg,Plastic_Buoy_China,plastic_buoy,0.203,21.9690223,-160.0680989,0.52,0.44,0.229,4.11,2.06,5.49,1인,S130
2_1544_9481_20388_1404,niihau_2_1544_9481_20388.jpg,Plastic_ETC,plastic_other,0.118,21.9690028,-160.0680590,1.16,0.92,1.059,2.54,1.69,8.47,1인,S130
2_1544_9481_20388_1405,niihau_2_1544_9481_20388.jpg,PET_Bottle,pet_bottle,0.103,21.9689651,-160.0680762,0.52,0.45,0.235,0.47,0.39,0.78,1인,S130
2_1544_9577_19526_1407,niihau_2_1544_9577_19526.jpg,Plastic_Buoy,plastic_buoy,0.326,21.9691373,-160.0680158,0.92,0.81,0.743,13.38,6.69,17.84,1인,S130
2_1544_9577_19526_1408,niihau_2_1544_9577_19526.jpg,Net,net,0.244,21.9690841,-160.0680091,0.46,0.42,0.197,3.55,1.48,8.87,1인,S130
2_1544_9577_19526_1409,niihau_2_1544_9577_19526.jpg,PET_Bottle,pet_bottle,0.221,21.9691773,-160.0681169,0.38,0.31,0.117,0.23,0.19,0.39,1인,S130
2_1544_9577_19526_1410,niihau_2_1544_9577_19526.jpg,Net,net,0.173,21.9690766,-160.0680733,0.53,0.49,0.259,4.66,1.94,11.65,1인,S130
2_1544_9577_19526_1411,niihau_2_1544_9577_19526.jpg,Plastic_ETC,plastic_other,0.130,21.9690667,-160.0680698,0.53,0.36,0.188,0.45,0.30,1.50,1인,S130
2_1544_9911_19607_1419,niihau_2_1544_9911_19607.jpg,Plastic_Buoy,plastic_buoy,0.296,21.9691373,-160.0680158,0.91,0.81,0.740,13.32,6.66,17.76,1인,S130
2_1544_9911_19607_1420,niihau_2_1544_9911_19607.jpg,Net,net,0.121,21.9690840,-160.0680090,0.47,0.42,0.199,3.59,1.49,8.97,1인,S130
2_1544_9911_19607_1421,niihau_2_1544_9911_19607.jpg,Plastic_ETC,plastic_other,0.114,21.9691593,-160.0679467,0.57,0.40,0.231,0.55,0.37,1.84,1인,S130
2_1545_10904_10860_1429,niihau_2_1545_10904_10860.jpg,PET_Bottle,pet_bottle,0.227,21.9724293,-160.0647228,0.57,0.42,0.237,0.47,0.39,0.78,1인,S134
2_1545_1099_22701_1434,niihau_2_1545_1099_22701.jpg,Net,net,0.328,21.9703073,-160.0665612,0.52,0.49,0.252,4.53,1.89,11.33,1인,S135
2_1545_1099_22701_1435,niihau_2_1545_1099_22701.jpg,PET_Bottle,pet_bottle,0.129,21.9703385,-160.0665781,0.59,0.50,0.297,0.59,0.49,0.98,1인,S135
2_1545_1099_22701_1436,niihau_2_1545_1099_22701.jpg,Plastic_ETC,plastic_other,0.109,21.9702823,-160.0666015,0.80,0.73,0.583,1.40,0.93,4.66,1인,S135
2_1545_11001_11427_1437,niihau_2_1545_11001_11427.jpg,Plastic_ETC,plastic_other,0.410,21.9723638,-160.0646442,0.56,0.53,0.299,0.72,0.48,2.39,1인,S134
2_1545_11001_11427_1438,niihau_2_1545_11001_11427.jpg,Plastic_ETC,plastic_other,0.400,21.9723960,-160.0646870,0.60,0.57,0.344,0.83,0.55,2.75,1인,S134
2_1545_11001_11427_1439,niihau_2_1545_11001_11427.jpg,PET_Bottle,pet_bottle,0.325,21.9723281,-160.0646497,0.55,0.39,0.219,0.43,0.36,0.72,1인,S134
2_1545_11001_11427_1440,niihau_2_1545_11001_11427.jpg,Styrofoam_Piece,eps_fragment,0.292,21.9723665,-160.0646647,0.67,0.61,0.405,0.24,0.16,0.81,1인,S134
2_1545_11010_12403_1443,niihau_2_1545_11010_12403.jpg,Styrofoam_Piece,eps_fragment,0.250,21.9721910,-160.0646769,0.53,0.44,0.230,0.14,0.09,0.46,1인,S136
2_1545_11010_12403_1444,niihau_2_1545_11010_12403.jpg,Styrofoam_Piece,eps_fragment,0.119,21.9721360,-160.0646385,0.46,0.33,0.153,0.09,0.06,0.31,1인,S136
2_1545_11010_12403_1445,niihau_2_1545_11010_12403.jpg,PET_Bottle,pet_bottle,0.103,21.9721657,-160.0647261,0.62,0.29,0.177,0.35,0.29,0.58,1인,S136
2_1545_11043_10535_1447,niihau_2_1545_11043_10535.jpg,PET_Bottle,pet_bottle,0.202,21.9725228,-160.0646692,0.51,0.50,0.258,0.51,0.43,0.85,1인,S134
2_1545_1124_22315_1451,niihau_2_1545_1124_22315.jpg,PET_Bottle,pet_bottle,0.218,21.9703385,-160.0665780,0.60,0.40,0.241,0.48,0.40,0.80,1인,S135
2_1545_11310_11886_1454,niihau_2_1545_11310_11886.jpg,PET_Bottle,pet_bottle,0.380,21.9723282,-160.0646497,0.55,0.42,0.231,0.46,0.38,0.76,1인,S134
2_1545_11310_11886_1455,niihau_2_1545_11310_11886.jpg,PET_Bottle,pet_bottle,0.180,21.9722429,-160.0645708,0.54,0.27,0.144,0.29,0.24,0.48,1인,S136
2_1545_11310_11886_1456,niihau_2_1545_11310_11886.jpg,Styrofoam_Piece,eps_fragment,0.164,21.9722885,-160.0645937,0.52,0.39,0.203,0.12,0.08,0.41,1인,S134
2_1545_11310_11886_1457,niihau_2_1545_11310_11886.jpg,Plastic_ETC,plastic_other,0.118,21.9722848,-160.0646198,0.52,0.50,0.259,0.62,0.41,2.07,1인,S134
2_1545_11966_8062_1463,niihau_2_1545_11966_8062.jpg,Plastic_Buoy_China,plastic_buoy,0.107,21.9729725,-160.0645000,0.47,0.44,0.209,3.76,1.88,5.01,1인,S137
2_1545_12811_1027_1464,niihau_2_1545_12811_1027.jpg,PET_Bottle,pet_bottle,0.286,21.9742484,-160.0643433,0.49,0.42,0.204,0.40,0.34,0.67,1인,S138
2_1545_12811_1027_1465,niihau_2_1545_12811_1027.jpg,Glass,glass,0.129,21.9742383,-160.0643109,0.44,0.17,0.074,3.10,2.22,4.44,1인,S138
2_1545_12811_1027_1466,niihau_2_1545_12811_1027.jpg,PET_Bottle,pet_bottle,0.101,21.9742650,-160.0643263,0.52,0.39,0.203,0.40,0.34,0.67,1인,S138
2_1545_12887_1355_1467,niihau_2_1545_12887_1355.jpg,PET_Bottle,pet_bottle,0.249,21.9741893,-160.0643287,0.90,0.42,0.373,0.74,0.62,1.23,1인,S138
2_1545_12887_1355_1468,niihau_2_1545_12887_1355.jpg,Glass,glass,0.202,21.9742384,-160.0643109,0.44,0.16,0.068,2.85,2.04,4.07,1인,S138
2_1545_3279_20174_1471,niihau_2_1545_3279_20174.jpg,PET_Bottle,pet_bottle,0.318,21.9708149,-160.0661977,1.07,0.74,0.794,1.57,1.31,2.62,1인,S139
2_1545_3279_20174_1472,niihau_2_1545_3279_20174.jpg,PET_Bottle,pet_bottle,0.119,21.9707911,-160.0662226,0.46,0.38,0.176,0.35,0.29,0.58,1인,S139
2_1545_3279_20174_1473,niihau_2_1545_3279_20174.jpg,PET_Bottle,pet_bottle,0.111,21.9707223,-160.0661343,0.55,0.54,0.293,0.58,0.48,0.97,1인,S139
2_1545_3734_20255_1476,niihau_2_1545_3734_20255.jpg,Styrofoam_Piece,eps_fragment,0.142,21.9707535,-160.0660587,0.63,0.46,0.288,0.17,0.12,0.58,1인,S139
2_1545_6013_19325_1483,niihau_2_1545_6013_19325.jpg,PET_Bottle,pet_bottle,0.159,21.9709553,-160.0656434,0.50,0.50,0.249,0.49,0.41,0.82,1인,S140
2_1545_6013_19325_1484,niihau_2_1545_6013_19325.jpg,PET_Bottle,pet_bottle,0.146,21.9709381,-160.0656394,0.81,0.42,0.337,0.67,0.56,1.11,1인,S140
2_1545_6013_19325_1485,niihau_2_1545_6013_19325.jpg,PET_Bottle,pet_bottle,0.115,21.9709530,-160.0656517,0.39,0.28,0.107,0.21,0.18,0.35,1인,S140
2_1545_6124_19002_1490,niihau_2_1545_6124_19002.jpg,PET_Bottle,pet_bottle,0.168,21.9709555,-160.0656378,0.61,0.55,0.334,0.66,0.55,1.10,1인,S140
2_1545_6124_19002_1491,niihau_2_1545_6124_19002.jpg,PET_Bottle,pet_bottle,0.134,21.9709382,-160.0656396,0.82,0.49,0.397,0.79,0.65,1.31,1인,S140
2_1545_6124_19002_1492,niihau_2_1545_6124_19002.jpg,PET_Bottle,pet_bottle,0.113,21.9709561,-160.0656522,0.58,0.42,0.245,0.49,0.40,0.81,1인,S140
2_1545_6124_19002_1493,niihau_2_1545_6124_19002.jpg,PET_Bottle,pet_bottle,0.100,21.9709398,-160.0656309,0.78,0.32,0.247,0.49,0.41,0.81,1인,S140
2_1545_6191_17947_1497,niihau_2_1545_6191_17947.jpg,PET_Bottle,pet_bottle,0.485,21.9711947,-160.0655587,0.55,0.53,0.295,0.58,0.49,0.97,1인,S141
2_1545_6191_17947_1498,niihau_2_1545_6191_17947.jpg,PET_Bottle,pet_bottle,0.371,21.9712241,-160.0655446,0.65,0.43,0.280,0.55,0.46,0.92,1인,S141
2_1545_6191_17947_1499,niihau_2_1545_6191_17947.jpg,Plastic_ETC,plastic_other,0.248,21.9711645,-160.0655592,0.59,0.49,0.294,0.71,0.47,2.35,1인,S141
2_1545_6191_17947_1500,niihau_2_1545_6191_17947.jpg,PET_Bottle,pet_bottle,0.165,21.9711903,-160.0655617,0.65,0.37,0.241,0.48,0.40,0.79,1인,S141
2_1545_6191_17947_1501,niihau_2_1545_6191_17947.jpg,PET_Bottle,pet_bottle,0.156,21.9711608,-160.0656270,0.79,0.38,0.298,0.59,0.49,0.98,1인,S141
2_1545_6191_17947_1502,niihau_2_1545_6191_17947.jpg,PET_Bottle,pet_bottle,0.142,21.9711823,-160.0656543,0.58,0.55,0.321,0.64,0.53,1.06,1인,S141
2_1545_6191_17947_1503,niihau_2_1545_6191_17947.jpg,Plastic_Buoy,plastic_buoy,0.137,21.9711595,-160.0656336,0.60,0.52,0.315,5.67,2.83,7.56,1인,S141
2_1545_6191_17947_1504,niihau_2_1545_6191_17947.jpg,Plastic_ETC,plastic_other,0.127,21.9711563,-160.0656610,0.78,0.71,0.553,1.33,0.89,4.43,1인,S141
2_1545_6449_18325_1507,niihau_2_1545_6449_18325.jpg,Plastic_ETC,plastic_other,0.210,21.9711646,-160.0655592,0.59,0.50,0.294,0.71,0.47,2.35,1인,S141
2_1545_6449_18325_1508,niihau_2_1545_6449_18325.jpg,PET_Bottle,pet_bottle,0.161,21.9710582,-160.0655798,0.43,0.18,0.077,0.15,0.13,0.25,1인,S141
2_1545_6449_18325_1509,niihau_2_1545_6449_18325.jpg,Net,net,0.138,21.9711262,-160.0655882,0.45,0.44,0.202,3.64,1.51,9.09,1인,S141
2_1545_6449_18325_1510,niihau_2_1545_6449_18325.jpg,PET_Bottle,pet_bottle,0.132,21.9710848,-160.0655937,0.54,0.39,0.210,0.42,0.35,0.69,1인,S141
2_1545_6513_17664_1514,niihau_2_1545_6513_17664.jpg,PET_Bottle,pet_bottle,0.421,21.9711947,-160.0655585,0.56,0.52,0.291,0.58,0.48,0.96,1인,S141
2_1545_6513_17664_1515,niihau_2_1545_6513_17664.jpg,PET_Bottle,pet_bottle,0.313,21.9712243,-160.0655445,0.61,0.37,0.228,0.45,0.38,0.75,1인,S141
2_1545_6513_17664_1516,niihau_2_1545_6513_17664.jpg,PET_Bottle,pet_bottle,0.292,21.9711901,-160.0655613,0.65,0.41,0.264,0.52,0.44,0.87,1인,S141
2_1545_6513_17664_1517,niihau_2_1545_6513_17664.jpg,PET_Bottle,pet_bottle,0.216,21.9712460,-160.0655428,0.58,0.43,0.252,0.50,0.42,0.83,1인,S141
2_1545_724_22079_1524,niihau_2_1545_724_22079.jpg,PET_Bottle,pet_bottle,0.198,21.9704661,-160.0666929,0.59,0.51,0.297,0.59,0.49,0.98,1인,S142
2_1595_8490_10733_1534,niihau_2_1595_8490_10733.jpg,PET_Bottle,pet_bottle,0.149,21.9750680,-160.0638823,0.41,0.28,0.114,0.23,0.19,0.38,1인,S143
2_1595_8490_10733_1535,niihau_2_1595_8490_10733.jpg,PET_Bottle,pet_bottle,0.122,21.9750254,-160.0639113,0.54,0.39,0.213,0.42,0.35,0.70,1인,S144
2_1595_8845_9993_1537,niihau_2_1595_8845_9993.jpg,Plastic_ETC,plastic_other,0.501,21.9751595,-160.0637900,0.54,0.47,0.257,0.62,0.41,2.06,1인,S143
2_1595_8845_9993_1538,niihau_2_1595_8845_9993.jpg,Net,net,0.291,21.9751876,-160.0638063,0.55,0.52,0.286,5.14,2.14,12.85,1인,S143
2_1597_-63_5169_1539,niihau_2_1597_-63_5169.jpg,Plastic_Buoy,plastic_buoy,0.287,21.9776612,-160.0605331,0.68,0.64,0.434,7.81,3.91,10.42,1인,S145
2_1597_10430_7104_1541,niihau_2_1597_10430_7104.jpg,PET_Bottle,pet_bottle,0.179,21.9773123,-160.0584529,0.62,0.51,0.321,0.63,0.53,1.06,1인,S146
2_1597_12880_10111_1548,niihau_2_1597_12880_10111.jpg,Styrofoam_Buoy,eps_buoy,0.140,21.9767842,-160.0580193,0.52,0.49,0.259,2.27,0.97,2.59,1인,S147
2_1597_12972_11226_1549,niihau_2_1597_12972_11226.jpg,PET_Bottle,pet_bottle,0.135,21.9765829,-160.0580449,0.69,0.35,0.243,0.48,0.40,0.80,1인,S148
2_1597_8789_7060_1551,niihau_2_1597_8789_7060.jpg,Plastic_ETC,plastic_other,0.313,21.9772765,-160.0587661,0.71,0.47,0.335,0.80,0.54,2.68,1인,S146
2_1597_8789_7060_1552,niihau_2_1597_8789_7060.jpg,Styrofoam_Piece,eps_fragment,0.183,21.9772853,-160.0587628,0.53,0.50,0.265,0.16,0.11,0.53,1인,S146
2_1597_8827_6541_1554,niihau_2_1597_8827_6541.jpg,Plastic_ETC,plastic_other,0.118,21.9774184,-160.0588278,1.44,1.34,1.935,4.65,3.10,15.48,1인,S149
2_1597_9249_7387_1557,niihau_2_1597_9249_7387.jpg,Plastic_ETC,plastic_other,0.331,21.9772766,-160.0587661,0.71,0.49,0.347,0.83,0.56,2.78,1인,S146
2_1597_9249_7387_1558,niihau_2_1597_9249_7387.jpg,Net,net,0.194,21.9772729,-160.0586766,0.54,0.49,0.269,4.84,2.02,12.09,1인,S146
2_1597_9249_7387_1559,niihau_2_1597_9249_7387.jpg,Styrofoam_Piece,eps_fragment,0.144,21.9772853,-160.0587629,0.54,0.52,0.284,0.17,0.11,0.57,1인,S146
2_1597_9249_7387_1560,niihau_2_1597_9249_7387.jpg,PET_Bottle,pet_bottle,0.107,21.9773278,-160.0586680,0.58,0.56,0.322,0.64,0.53,1.06,1인,S146
2_1597_9587_6935_1564,niihau_2_1597_9587_6935.jpg,Styrofoam_Buoy,eps_buoy,0.174,21.9773557,-160.0586617,0.65,0.61,0.400,3.50,1.50,4.00,1인,S146
2_1597_9587_6935_1565,niihau_2_1597_9587_6935.jpg,Styrofoam_Buoy,eps_buoy,0.167,21.9773711,-160.0586199,0.84,0.79,0.666,5.83,2.50,6.66,1인,S146
2_1597_9587_6935_1566,niihau_2_1597_9587_6935.jpg,Styrofoam_Piece,eps_fragment,0.141,21.9772976,-160.0586839,0.61,0.28,0.171,0.10,0.07,0.34,1인,S146
2_1597_9890_6138_1567,niihau_2_1597_9890_6138.jpg,Plastic_ETC,plastic_other,0.123,21.9774627,-160.0585696,0.74,0.72,0.528,1.27,0.85,4.23,1인,S146
2_1599_-211_22190_1568,niihau_2_1599_-211_22190.jpg,PET_Bottle,pet_bottle,0.244,21.9768120,-160.0541763,0.65,0.62,0.407,0.81,0.67,1.34,1인,S150
2_1599_-211_22190_1569,niihau_2_1599_-211_22190.jpg,PET_Bottle,pet_bottle,0.123,21.9767754,-160.0541864,0.57,0.46,0.264,0.52,0.43,0.87,1인,S150
2_1599_1323_21499_1571,niihau_2_1599_1323_21499.jpg,Plastic_ETC,plastic_other,0.228,21.9769249,-160.0539128,1.03,0.73,0.754,1.81,1.21,6.04,1인,S151
2_1599_1323_21499_1572,niihau_2_1599_1323_21499.jpg,PET_Bottle,pet_bottle,0.168,21.9768716,-160.0539161,0.48,0.38,0.181,0.36,0.30,0.60,1인,S151
2_1599_416_22056_1573,niihau_2_1599_416_22056.jpg,PET_Bottle,pet_bottle,0.409,21.9768239,-160.0541187,0.50,0.39,0.193,0.38,0.32,0.64,1인,S150
2_1599_416_22056_1574,niihau_2_1599_416_22056.jpg,PET_Bottle,pet_bottle,0.232,21.9768215,-160.0540521,0.47,0.40,0.187,0.37,0.31,0.62,1인,S151
2_1599_416_22056_1575,niihau_2_1599_416_22056.jpg,Plastic_Buoy,plastic_buoy,0.194,21.9768475,-160.0540912,0.30,0.30,0.089,1.60,0.80,2.13,1인,S150
2_1599_416_22056_1576,niihau_2_1599_416_22056.jpg,PET_Bottle,pet_bottle,0.140,21.9768110,-160.0541429,0.75,0.54,0.405,0.80,0.67,1.34,1인,S150
2_1600_285_8319_1578,niihau_2_1600_285_8319.jpg,PET_Bottle,pet_bottle,0.294,21.9792691,-160.0509915,0.71,0.37,0.261,0.52,0.43,0.86,1인,S152
2_1600_285_8319_1579,niihau_2_1600_285_8319.jpg,Net,net,0.132,21.9792796,-160.0509841,0.47,0.47,0.220,3.96,1.65,9.91,1인,S152
2_1600_285_8319_1580,niihau_2_1600_285_8319.jpg,Plastic_ETC,plastic_other,0.127,21.9792833,-160.0509737,0.46,0.45,0.208,0.50,0.33,1.67,1인,S152
2_1600_808_8392_1585,niihau_2_1600_808_8392.jpg,PET_Bottle,pet_bottle,0.157,21.9793552,-160.0509307,0.60,0.58,0.347,0.69,0.57,1.15,1인,S152
2_1600_808_8392_1586,niihau_2_1600_808_8392.jpg,Net,net,0.123,21.9793055,-160.0509009,0.37,0.33,0.122,2.20,0.92,5.51,1인,S152
2_1649_10311_6881_1590,niihau_2_1649_10311_6881.jpg,Styrofoam_Piece,eps_fragment,0.234,21.9858399,-160.0512639,0.54,0.51,0.276,0.17,0.11,0.55,1인,S153
2_1649_10311_6881_1591,niihau_2_1649_10311_6881.jpg,PET_Bottle,pet_bottle,0.207,21.9858893,-160.0513190,0.51,0.42,0.214,0.42,0.35,0.71,1인,S153
2_1649_10311_6881_1592,niihau_2_1649_10311_6881.jpg,PET_Bottle,pet_bottle,0.146,21.9859004,-160.0512556,0.69,0.21,0.143,0.28,0.24,0.47,1인,S153
2_1649_10311_6881_1593,niihau_2_1649_10311_6881.jpg,PET_Bottle,pet_bottle,0.128,21.9858581,-160.0513039,0.62,0.52,0.327,0.65,0.54,1.08,1인,S153
2_1649_10615_7355_1596,niihau_2_1649_10615_7355.jpg,Plastic_ETC,plastic_other,0.408,21.9858171,-160.0512467,0.64,0.61,0.387,0.93,0.62,3.09,1인,S153
2_1649_10615_7355_1597,niihau_2_1649_10615_7355.jpg,PET_Bottle,pet_bottle,0.390,21.9858184,-160.0512794,0.61,0.56,0.338,0.67,0.56,1.11,1인,S153
2_1649_10615_7355_1598,niihau_2_1649_10615_7355.jpg,Net,net,0.315,21.9857934,-160.0512455,0.50,0.47,0.232,4.18,1.74,10.45,1인,S153
2_1649_10615_7355_1599,niihau_2_1649_10615_7355.jpg,PET_Bottle,pet_bottle,0.300,21.9858044,-160.0512627,0.51,0.35,0.178,0.35,0.29,0.59,1인,S153
2_1649_10615_7355_1600,niihau_2_1649_10615_7355.jpg,Styrofoam_Piece,eps_fragment,0.287,21.9858400,-160.0512640,0.56,0.52,0.291,0.17,0.12,0.58,1인,S153
2_1649_10615_7355_1601,niihau_2_1649_10615_7355.jpg,PET_Bottle,pet_bottle,0.250,21.9858290,-160.0512773,0.52,0.42,0.222,0.44,0.37,0.73,1인,S153
2_1649_10615_7355_1602,niihau_2_1649_10615_7355.jpg,PET_Bottle,pet_bottle,0.131,21.9857605,-160.0512898,0.36,0.23,0.084,0.17,0.14,0.28,1인,S153
2_1649_9625_4576_1610,niihau_2_1649_9625_4576.jpg,Plastic_ETC,plastic_other,0.434,21.9863046,-160.0515048,0.52,0.52,0.270,0.65,0.43,2.16,1인,S154
2_1649_9625_4576_1611,niihau_2_1649_9625_4576.jpg,PET_Bottle,pet_bottle,0.300,21.9862999,-160.0514526,0.76,0.75,0.570,1.13,0.94,1.88,1인,S154
2_1649_9924_6934_1613,niihau_2_1649_9924_6934.jpg,PET_Bottle,pet_bottle,0.356,21.9858171,-160.0514070,0.56,0.21,0.119,0.23,0.20,0.39,1인,S153
2_1649_9924_6934_1614,niihau_2_1649_9924_6934.jpg,Plastic_ETC,plastic_other,0.128,21.9858205,-160.0513624,0.36,0.33,0.118,0.28,0.19,0.95,1인,S153
2_1649_9924_6934_1615,niihau_2_1649_9924_6934.jpg,PET_Bottle,pet_bottle,0.108,21.9859143,-160.0513329,0.47,0.45,0.211,0.42,0.35,0.70,1인,S153
2_1650_4352_25659_1617,niihau_2_1650_4352_25659.jpg,Styrofoam_Buoy,eps_buoy,0.120,21.9824989,-160.0502193,2.41,2.19,5.265,46.07,19.74,52.65,장비,S155
2_1650_4814_22207_1624,niihau_2_1650_4814_22207.jpg,Plastic_ETC,plastic_other,0.244,21.9831227,-160.0500906,0.82,0.79,0.645,1.55,1.03,5.16,1인,S156
2_1650_4814_22207_1625,niihau_2_1650_4814_22207.jpg,Plastic_ETC,plastic_other,0.186,21.9830982,-160.0500799,0.54,0.44,0.240,0.58,0.38,1.92,1인,S156
2_1650_4814_22207_1626,niihau_2_1650_4814_22207.jpg,PET_Bottle,pet_bottle,0.111,21.9830958,-160.0500775,0.72,0.38,0.277,0.55,0.46,0.91,1인,S156
2_1650_4814_22207_1627,niihau_2_1650_4814_22207.jpg,Plastic_Buoy_China,plastic_buoy,0.108,21.9831766,-160.0501807,0.51,0.50,0.256,4.60,2.30,6.13,1인,S156
2_1650_4975_19349_1634,niihau_2_1650_4975_19349.jpg,Plastic_Buoy_China,plastic_buoy,0.134,21.9836814,-160.0501216,0.62,0.57,0.349,6.29,3.14,8.38,1인,S157
2_1650_4975_19349_1635,niihau_2_1650_4975_19349.jpg,Net,net,0.126,21.9836516,-160.0501179,0.55,0.44,0.242,4.36,1.82,10.89,1인,S157
2_1650_4975_19349_1636,niihau_2_1650_4975_19349.jpg,Net,net,0.115,21.9836737,-160.0501350,0.52,0.46,0.238,4.28,1.78,10.71,1인,S157
2_1650_5253_32312_1640,niihau_2_1650_5253_32312.jpg,PET_Bottle,pet_bottle,0.286,21.9812422,-160.0500856,0.58,0.51,0.295,0.58,0.49,0.97,1인,S158
2_1650_5253_32312_1641,niihau_2_1650_5253_32312.jpg,Plastic_Buoy,plastic_buoy,0.168,21.9813002,-160.0500837,0.45,0.44,0.199,3.58,1.79,4.77,1인,S158
2_1650_5253_32312_1642,niihau_2_1650_5253_32312.jpg,PET_Bottle,pet_bottle,0.146,21.9813093,-160.0500795,0.91,0.68,0.621,1.23,1.02,2.05,1인,S158
2_1650_5253_32312_1643,niihau_2_1650_5253_32312.jpg,PET_Bottle,pet_bottle,0.114,21.9812525,-160.0500471,0.91,0.59,0.536,1.06,0.89,1.77,1인,S158
2_1650_5751_31105_1645,niihau_2_1650_5751_31105.jpg,Plastic_ETC,plastic_other,0.292,21.9814865,-160.0499567,0.63,0.60,0.382,0.92,0.61,3.05,1인,S159
2_1650_5751_31105_1646,niihau_2_1650_5751_31105.jpg,Net,net,0.149,21.9814790,-160.0499306,0.57,0.52,0.296,5.33,2.22,13.32,1인,S159
2_1650_6129_30320_1649,niihau_2_1650_6129_30320.jpg,Net,net,0.314,21.9816396,-160.0498852,0.54,0.49,0.263,4.74,1.97,11.84,1인,S159
2_1650_6129_30320_1650,niihau_2_1650_6129_30320.jpg,Styrofoam_Piece,eps_fragment,0.158,21.9816622,-160.0498885,0.51,0.49,0.253,0.15,0.10,0.51,1인,S160
2_1650_6129_30320_1651,niihau_2_1650_6129_30320.jpg,Net,net,0.131,21.9817122,-160.0498851,0.50,0.47,0.235,4.24,1.77,10.60,1인,S160
2_1650_6237_29026_1655,niihau_2_1650_6237_29026.jpg,Styrofoam_Piece,eps_fragment,0.298,21.9818731,-160.0498992,0.55,0.53,0.290,0.17,0.12,0.58,1인,S160
2_1650_6237_29026_1656,niihau_2_1650_6237_29026.jpg,PET_Bottle,pet_bottle,0.198,21.9819123,-160.0498401,0.59,0.47,0.274,0.54,0.45,0.90,1인,S161
2_1650_6246_29356_1659,niihau_2_1650_6246_29356.jpg,Styrofoam_Piece,eps_fragment,0.298,21.9818731,-160.0498994,0.56,0.52,0.290,0.17,0.12,0.58,1인,S160
2_1650_6246_29356_1660,niihau_2_1650_6246_29356.jpg,Plastic_ETC,plastic_other,0.172,21.9818488,-160.0498567,0.74,0.67,0.490,1.18,0.78,3.92,1인,S160
2_1650_6730_28702_1665,niihau_2_1650_6730_28702.jpg,PET_Bottle,pet_bottle,0.186,21.9819452,-160.0497464,0.58,0.51,0.296,0.59,0.49,0.98,1인,S161
2_1650_6730_28702_1666,niihau_2_1650_6730_28702.jpg,PET_Bottle,pet_bottle,0.141,21.9819562,-160.0497583,0.41,0.41,0.172,0.34,0.28,0.57,1인,S161
2_1698_12599_12221_1667,niihau_2_1698_12599_12221.jpg,Plastic_Buoy,plastic_buoy,0.182,21.9912224,-160.0547321,0.49,0.49,0.240,4.31,2.16,5.75,1인,S162
2_1698_12599_12221_1668,niihau_2_1698_12599_12221.jpg,Styrofoam_Piece,eps_fragment,0.176,21.9912176,-160.0546658,0.45,0.38,0.170,0.10,0.07,0.34,1인,S162
2_1698_12599_12221_1669,niihau_2_1698_12599_12221.jpg,PET_Bottle,pet_bottle,0.118,21.9912223,-160.0547285,0.56,0.50,0.278,0.55,0.46,0.92,1인,S162
2_1698_12613_11860_1673,niihau_2_1698_12613_11860.jpg,Plastic_Buoy,plastic_buoy,0.249,21.9912226,-160.0547321,0.49,0.49,0.238,4.28,2.14,5.70,1인,S162
2_1698_12613_11860_1674,niihau_2_1698_12613_11860.jpg,Styrofoam_Piece,eps_fragment,0.187,21.9913129,-160.0547116,0.40,0.39,0.157,0.09,0.06,0.31,1인,S162
2_1698_12613_11860_1675,niihau_2_1698_12613_11860.jpg,PET_Bottle,pet_bottle,0.156,21.9912219,-160.0547288,0.67,0.58,0.386,0.76,0.64,1.27,1인,S162
2_1698_12613_11860_1676,niihau_2_1698_12613_11860.jpg,PET_Bottle,pet_bottle,0.114,21.9912113,-160.0546834,1.06,0.33,0.356,0.70,0.59,1.17,1인,S162
2_1698_12613_11860_1677,niihau_2_1698_12613_11860.jpg,PET_Bottle,pet_bottle,0.104,21.9913096,-160.0546965,0.43,0.26,0.113,0.22,0.19,0.37,1인,S162
2_1698_12783_15993_1686,niihau_2_1698_12783_15993.jpg,Plastic_Buoy,plastic_buoy,0.170,21.9905134,-160.0546762,0.45,0.45,0.200,3.60,1.80,4.80,1인,S163
2_1698_12783_15993_1687,niihau_2_1698_12783_15993.jpg,PET_Bottle,pet_bottle,0.139,21.9904918,-160.0546263,0.55,0.31,0.170,0.34,0.28,0.56,1인,S163
2_1698_12783_15993_1688,niihau_2_1698_12783_15993.jpg,PET_Bottle,pet_bottle,0.129,21.9905506,-160.0546930,0.64,0.37,0.237,0.47,0.39,0.78,1인,S163
2_1698_12783_15993_1689,niihau_2_1698_12783_15993.jpg,Plastic_Buoy,plastic_buoy,0.117,21.9905555,-160.0546956,0.48,0.47,0.226,4.06,2.03,5.41,1인,S163
2_1698_13113_11468_1693,niihau_2_1698_13113_11468.jpg,Plastic_Buoy_China,plastic_buoy,0.419,21.9912987,-160.0545800,0.50,0.43,0.215,3.88,1.94,5.17,1인,S162
2_1698_13113_11468_1694,niihau_2_1698_13113_11468.jpg,Styrofoam_Piece,eps_fragment,0.318,21.9913367,-160.0545600,0.49,0.40,0.198,0.12,0.08,0.40,1인,S164
2_1698_13113_11468_1695,niihau_2_1698_13113_11468.jpg,Styrofoam_Piece,eps_fragment,0.177,21.9913659,-160.0545819,0.31,0.28,0.089,0.05,0.04,0.18,1인,S164
2_1698_13113_11468_1696,niihau_2_1698_13113_11468.jpg,Styrofoam_Piece,eps_fragment,0.166,21.9913552,-160.0546017,0.57,0.47,0.271,0.16,0.11,0.54,1인,S162
2_1698_13113_11468_1697,niihau_2_1698_13113_11468.jpg,PET_Bottle,pet_bottle,0.104,21.9913255,-160.0545653,0.60,0.53,0.313,0.62,0.52,1.03,1인,S164
2_1698_13168_16041_1702,niihau_2_1698_13168_16041.jpg,PET_Bottle,pet_bottle,0.156,21.9904917,-160.0546266,0.61,0.37,0.227,0.45,0.37,0.75,1인,S163
2_1698_13168_16041_1703,niihau_2_1698_13168_16041.jpg,Plastic_ETC,plastic_other,0.138,21.9904926,-160.0545963,1.30,1.17,1.521,3.65,2.43,12.17,1인,S163
2_1698_13228_15654_1705,niihau_2_1698_13228_15654.jpg,PET_Bottle,pet_bottle,0.307,21.9906381,-160.0546280,0.48,0.48,0.230,0.46,0.38,0.76,1인,S163
2_1698_13228_15654_1706,niihau_2_1698_13228_15654.jpg,PET_Bottle,pet_bottle,0.135,21.9906084,-160.0546152,0.77,0.69,0.532,1.05,0.88,1.75,1인,S163
2_1698_13531_11191_1711,niihau_2_1698_13531_11191.jpg,Net,net,0.288,21.9914433,-160.0545482,0.53,0.42,0.223,4.01,1.67,10.02,1인,S165
2_1698_13531_11191_1712,niihau_2_1698_13531_11191.jpg,Plastic_Buoy,plastic_buoy,0.238,21.9914035,-160.0545273,0.53,0.50,0.262,4.72,2.36,6.30,1인,S165
2_1698_13531_11191_1713,niihau_2_1698_13531_11191.jpg,Styrofoam_Piece,eps_fragment,0.122,21.9914407,-160.0545473,0.38,0.34,0.127,0.08,0.05,0.25,1인,S165
2_1698_13531_11191_1714,niihau_2_1698_13531_11191.jpg,Styrofoam_Piece,eps_fragment,0.111,21.9913368,-160.0545600,0.48,0.39,0.190,0.11,0.08,0.38,1인,S164
2_1698_14052_10497_1730,niihau_2_1698_14052_10497.jpg,Plastic_ETC,plastic_other,0.410,21.9914633,-160.0544795,0.55,0.48,0.266,0.64,0.43,2.13,1인,S165
2_1698_14052_10497_1731,niihau_2_1698_14052_10497.jpg,Styrofoam_Piece,eps_fragment,0.390,21.9914822,-160.0544384,0.67,0.57,0.379,0.23,0.15,0.76,1인,S165
2_1698_14052_10497_1732,niihau_2_1698_14052_10497.jpg,PET_Bottle,pet_bottle,0.159,21.9915613,-160.0544922,0.85,0.32,0.269,0.53,0.44,0.89,1인,S165
2_1698_14052_10497_1733,niihau_2_1698_14052_10497.jpg,Plastic_Buoy_China,plastic_buoy,0.134,21.9914755,-160.0543931,0.60,0.59,0.352,6.34,3.17,8.46,1인,S165
2_1698_14052_10497_1734,niihau_2_1698_14052_10497.jpg,PET_Bottle,pet_bottle,0.128,21.9915518,-160.0544279,0.67,0.65,0.434,0.86,0.72,1.43,1인,S165
2_1698_14052_10497_1735,niihau_2_1698_14052_10497.jpg,Styrofoam_Piece,eps_fragment,0.127,21.9915203,-160.0544715,0.52,0.52,0.273,0.16,0.11,0.55,1인,S165
2_1698_14072_10107_1741,niihau_2_1698_14072_10107.jpg,Styrofoam_Piece,eps_fragment,0.131,21.9916145,-160.0544105,0.31,0.30,0.091,0.05,0.04,0.18,1인,S165
2_1698_14072_10107_1742,niihau_2_1698_14072_10107.jpg,Styrofoam_Piece,eps_fragment,0.112,21.9915489,-160.0544540,0.35,0.34,0.121,0.07,0.05,0.24,1인,S165
2_1698_14072_10107_1743,niihau_2_1698_14072_10107.jpg,Plastic_Buoy,plastic_buoy,0.111,21.9915477,-160.0544406,0.37,0.36,0.133,2.39,1.19,3.18,1인,S165
2_1698_14084_6083_1756,niihau_2_1698_14084_6083.jpg,Plastic_ETC,plastic_other,0.424,21.9922716,-160.0544005,0.79,0.69,0.543,1.30,0.87,4.35,1인,S166
2_1698_14084_6083_1757,niihau_2_1698_14084_6083.jpg,PET_Bottle,pet_bottle,0.220,21.9922558,-160.0544760,0.55,0.22,0.120,0.24,0.20,0.40,1인,S166
2_1698_14084_6083_1758,niihau_2_1698_14084_6083.jpg,Styrofoam_Piece,eps_fragment,0.217,21.9923225,-160.0544302,0.53,0.52,0.278,0.17,0.11,0.56,1인,S166
2_1698_14084_6083_1759,niihau_2_1698_14084_6083.jpg,Plastic_ETC,plastic_other,0.191,21.9922977,-160.0544000,0.87,0.83,0.723,1.73,1.16,5.78,1인,S166
2_1698_14084_6083_1760,niihau_2_1698_14084_6083.jpg,PET_Bottle,pet_bottle,0.138,21.9923155,-160.0544042,0.36,0.21,0.077,0.15,0.13,0.25,1인,S166
2_1698_14084_6083_1761,niihau_2_1698_14084_6083.jpg,PET_Bottle,pet_bottle,0.132,21.9923108,-160.0544560,0.48,0.44,0.211,0.42,0.35,0.69,1인,S166
2_1698_14169_14948_1764,niihau_2_1698_14169_14948.jpg,PET_Bottle,pet_bottle,0.248,21.9907611,-160.0544561,1.06,0.87,0.918,1.82,1.52,3.03,1인,S167
2_1698_14169_14948_1765,niihau_2_1698_14169_14948.jpg,Styrofoam_Piece,eps_fragment,0.140,21.9907529,-160.0544343,0.66,0.56,0.371,0.22,0.15,0.74,1인,S167
2_1698_14169_14948_1766,niihau_2_1698_14169_14948.jpg,PET_Bottle,pet_bottle,0.119,21.9907431,-160.0544648,0.98,0.63,0.622,1.23,1.03,2.05,1인,S167
2_1698_14169_14948_1767,niihau_2_1698_14169_14948.jpg,PET_Bottle,pet_bottle,0.115,21.9907670,-160.0544626,0.63,0.43,0.271,0.54,0.45,0.89,1인,S167
2_1698_14207_6702_1768,niihau_2_1698_14207_6702.jpg,Plastic_ETC,plastic_other,0.451,21.9922403,-160.0543909,0.69,0.48,0.328,0.79,0.52,2.62,1인,S166
2_1698_14207_6702_1769,niihau_2_1698_14207_6702.jpg,Styrofoam_Piece,eps_fragment,0.424,21.9922361,-160.0543858,0.44,0.44,0.192,0.11,0.08,0.38,1인,S166
2_1698_14207_6702_1770,niihau_2_1698_14207_6702.jpg,Styrofoam_Piece,eps_fragment,0.254,21.9922053,-160.0543640,0.39,0.38,0.148,0.09,0.06,0.30,1인,S166
2_1698_14207_6702_1771,niihau_2_1698_14207_6702.jpg,Plastic_ETC,plastic_other,0.234,21.9921673,-160.0543631,0.62,0.60,0.372,0.89,0.60,2.98,1인,S168
2_1698_14207_6702_1772,niihau_2_1698_14207_6702.jpg,PET_Bottle,pet_bottle,0.233,21.9922481,-160.0544141,0.62,0.48,0.297,0.59,0.49,0.98,1인,S166
2_1698_14207_6702_1773,niihau_2_1698_14207_6702.jpg,Net,net,0.166,21.9922397,-160.0543878,0.34,0.30,0.102,1.84,0.77,4.60,1인,S166
2_1698_14207_6702_1774,niihau_2_1698_14207_6702.jpg,Net,net,0.157,21.9922408,-160.0543859,0.40,0.36,0.147,2.64,1.10,6.60,1인,S166
2_1698_14207_6702_1775,niihau_2_1698_14207_6702.jpg,Styrofoam_Piece,eps_fragment,0.120,21.9922181,-160.0543936,0.38,0.37,0.140,0.08,0.06,0.28,1인,S166
2_1698_14207_6702_1776,niihau_2_1698_14207_6702.jpg,PET_Bottle,pet_bottle,0.106,21.9922559,-160.0543739,0.72,0.29,0.212,0.42,0.35,0.70,1인,S166
2_1698_14386_10480_1783,niihau_2_1698_14386_10480.jpg,PET_Bottle,pet_bottle,0.111,21.9915517,-160.0544280,0.64,0.64,0.404,0.80,0.67,1.33,1인,S165
2_1698_14386_10480_1784,niihau_2_1698_14386_10480.jpg,Styrofoam_Piece,eps_fragment,0.110,21.9915059,-160.0544293,0.41,0.34,0.141,0.08,0.06,0.28,1인,S165
2_1698_14386_10480_1785,niihau_2_1698_14386_10480.jpg,Styrofoam_Piece,eps_fragment,0.106,21.9914995,-160.0544212,0.51,0.42,0.217,0.13,0.09,0.43,1인,S165
2_1698_14386_9934_1789,niihau_2_1698_14386_9934.jpg,Styrofoam_Piece,eps_fragment,0.292,21.9916146,-160.0544106,0.32,0.31,0.101,0.06,0.04,0.20,1인,S165
2_1698_14386_9934_1790,niihau_2_1698_14386_9934.jpg,Net,net,0.104,21.9916178,-160.0543668,0.38,0.37,0.142,2.56,1.07,6.40,1인,S165
2_1698_14416_6333_1795,niihau_2_1698_14416_6333.jpg,Plastic_ETC,plastic_other,0.445,21.9922403,-160.0543909,0.70,0.48,0.339,0.81,0.54,2.71,1인,S166
2_1698_14416_6333_1796,niihau_2_1698_14416_6333.jpg,Styrofoam_Piece,eps_fragment,0.442,21.9922361,-160.0543858,0.43,0.42,0.181,0.11,0.07,0.36,1인,S166
2_1698_14416_6333_1797,niihau_2_1698_14416_6333.jpg,Plastic_ETC,plastic_other,0.407,21.9922716,-160.0544004,0.80,0.70,0.556,1.34,0.89,4.45,1인,S166
2_1698_14416_6333_1798,niihau_2_1698_14416_6333.jpg,PET_Bottle,pet_bottle,0.321,21.9922482,-160.0544142,0.63,0.49,0.313,0.62,0.52,1.03,1인,S166
2_1698_14416_6333_1799,niihau_2_1698_14416_6333.jpg,Plastic_ETC,plastic_other,0.203,21.9922977,-160.0544000,0.88,0.80,0.706,1.69,1.13,5.64,1인,S166
2_1698_14416_6333_1800,niihau_2_1698_14416_6333.jpg,Styrofoam_Piece,eps_fragment,0.172,21.9923226,-160.0544301,0.54,0.53,0.283,0.17,0.11,0.57,1인,S166
2_1698_14416_6333_1801,niihau_2_1698_14416_6333.jpg,Styrofoam_Piece,eps_fragment,0.143,21.9922180,-160.0543936,0.39,0.38,0.147,0.09,0.06,0.29,1인,S166
2_1698_14416_6333_1802,niihau_2_1698_14416_6333.jpg,Plastic_ETC,plastic_other,0.123,21.9922430,-160.0544053,0.88,0.75,0.662,1.59,1.06,5.30,1인,S166
2_1698_14492_14397_1809,niihau_2_1698_14492_14397.jpg,PET_Bottle,pet_bottle,0.132,21.9907927,-160.0543733,0.58,0.52,0.305,0.60,0.50,1.01,1인,S167
2_1698_14492_14397_1810,niihau_2_1698_14492_14397.jpg,PET_Bottle,pet_bottle,0.127,21.9908135,-160.0543650,0.54,0.35,0.187,0.37,0.31,0.62,1인,S167
2_1698_14508_17251_1811,niihau_2_1698_14508_17251.jpg,Styrofoam_Piece,eps_fragment,0.247,21.9903408,-160.0543690,0.48,0.45,0.214,0.13,0.09,0.43,1인,S169
2_1698_14508_17251_1812,niihau_2_1698_14508_17251.jpg,PET_Bottle,pet_bottle,0.146,21.9902985,-160.0543424,0.63,0.47,0.293,0.58,0.48,0.97,1인,S169
2_1698_14512_6981_1815,niihau_2_1698_14512_6981.jpg,Plastic_ETC,plastic_other,0.274,21.9921674,-160.0543631,0.61,0.57,0.351,0.84,0.56,2.81,1인,S168
2_1698_14512_6981_1816,niihau_2_1698_14512_6981.jpg,Styrofoam_Piece,eps_fragment,0.266,21.9922052,-160.0543640,0.38,0.37,0.141,0.08,0.06,0.28,1인,S166
2_1698_14512_6981_1817,niihau_2_1698_14512_6981.jpg,PET_Bottle,pet_bottle,0.203,21.9921364,-160.0543579,0.66,0.41,0.269,0.53,0.44,0.89,1인,S168
2_1699_-256_6981_1822,niihau_2_1699_-256_6981.jpg,PET_Bottle,pet_bottle,0.467,21.9921166,-160.0543566,0.67,0.30,0.203,0.40,0.33,0.67,1인,S168
2_1699_-256_6981_1823,niihau_2_1699_-256_6981.jpg,PET_Bottle,pet_bottle,0.121,21.9922074,-160.0543494,0.45,0.35,0.157,0.31,0.26,0.52,1인,S166
2_1699_-277_10032_1825,niihau_2_1699_-277_10032.jpg,Plastic_ETC,plastic_other,0.122,21.9916445,-160.0543001,1.58,1.08,1.713,4.11,2.74,13.71,1인,S170
2_1699_-93_16940_1828,niihau_2_1699_-93_16940.jpg,PET_Bottle,pet_bottle,0.243,21.9903109,-160.0542761,0.62,0.26,0.164,0.33,0.27,0.54,1인,S169
2_1699_-93_16940_1829,niihau_2_1699_-93_16940.jpg,PET_Bottle,pet_bottle,0.154,21.9902984,-160.0543425,0.65,0.49,0.322,0.64,0.53,1.06,1인,S169
2_1699_12104_31888_1834,niihau_2_1699_12104_31888.jpg,PET_Bottle,pet_bottle,0.489,21.9876851,-160.0519390,0.89,0.60,0.538,1.07,0.89,1.78,1인,S171
2_1699_12104_31888_1835,niihau_2_1699_12104_31888.jpg,Plastic_ETC,plastic_other,0.297,21.9877178,-160.0519220,0.70,0.55,0.383,0.92,0.61,3.06,1인,S171
2_1699_12292_31490_1838,niihau_2_1699_12292_31490.jpg,Net,net,0.320,21.9877244,-160.0518418,0.51,0.47,0.237,4.27,1.78,10.69,1인,S171
2_1699_12292_31490_1839,niihau_2_1699_12292_31490.jpg,Plastic_ETC,plastic_other,0.301,21.9877179,-160.0519216,0.72,0.63,0.453,1.09,0.73,3.63,1인,S171
2_1699_12292_31490_1840,niihau_2_1699_12292_31490.jpg,PET_Bottle,pet_bottle,0.239,21.9876850,-160.0519394,0.73,0.53,0.387,0.77,0.64,1.28,1인,S171
2_1699_12292_31490_1841,niihau_2_1699_12292_31490.jpg,Plastic_ETC,plastic_other,0.172,21.9877391,-160.0518841,0.80,0.74,0.596,1.43,0.95,4.77,1인,S171
2_1699_12360_32285_1845,niihau_2_1699_12360_32285.jpg,Plastic_Buoy_China,plastic_buoy,0.192,21.9875948,-160.0518932,0.37,0.35,0.130,2.33,1.17,3.11,1인,S171
2_1699_12360_32285_1846,niihau_2_1699_12360_32285.jpg,PET_Bottle,pet_bottle,0.132,21.9875795,-160.0518746,0.46,0.43,0.196,0.39,0.32,0.65,1인,S171
2_1699_12360_32285_1847,niihau_2_1699_12360_32285.jpg,PET_Bottle,pet_bottle,0.107,21.9875454,-160.0518732,0.48,0.31,0.148,0.29,0.24,0.49,1인,S172
2_1699_1256_16393_1848,niihau_2_1699_1256_16393.jpg,PET_Bottle,pet_bottle,0.314,21.9904615,-160.0540252,0.57,0.41,0.234,0.46,0.39,0.77,1인,S173
2_1699_1256_16393_1849,niihau_2_1699_1256_16393.jpg,Styrofoam_Piece,eps_fragment,0.279,21.9904480,-160.0540562,0.73,0.73,0.530,0.32,0.21,1.06,1인,S173
2_1699_12764_33361_1854,niihau_2_1699_12764_33361.jpg,PET_Bottle,pet_bottle,0.320,21.9874268,-160.0518041,0.43,0.38,0.164,0.32,0.27,0.54,1인,S172
2_1699_12878_33778_1856,niihau_2_1699_12878_33778.jpg,Net,net,0.289,21.9873284,-160.0517731,0.37,0.33,0.122,2.20,0.92,5.50,1인,S172
2_1699_12878_33778_1857,niihau_2_1699_12878_33778.jpg,Glass,glass,0.101,21.9873733,-160.0518222,0.45,0.24,0.109,4.57,3.27,6.53,1인,S172
2_1699_1442_16737_1859,niihau_2_1699_1442_16737.jpg,Plastic_ETC,plastic_other,0.107,21.9903663,-160.0540400,0.54,0.53,0.287,0.69,0.46,2.30,1인,S173
2_1699_1442_16737_1860,niihau_2_1699_1442_16737.jpg,Net,net,0.106,21.9903907,-160.0540047,0.83,0.70,0.586,10.54,4.39,26.35,2인,S173
2_1699_1581_13552_1863,niihau_2_1699_1581_13552.jpg,Plastic_ETC,plastic_other,0.282,21.9909116,-160.0539392,0.77,0.59,0.454,1.09,0.73,3.63,1인,S174
2_1699_201_7738_1866,niihau_2_1699_201_7738.jpg,Plastic_Buoy_China,plastic_buoy,0.479,21.9920517,-160.0542059,0.49,0.47,0.231,4.16,2.08,5.54,1인,S168
2_1699_201_7738_1867,niihau_2_1699_201_7738.jpg,Plastic_ETC,plastic_other,0.291,21.9920244,-160.0542825,0.58,0.58,0.334,0.80,0.53,2.67,1인,S168
2_1699_201_7738_1868,niihau_2_1699_201_7738.jpg,Plastic_ETC,plastic_other,0.226,21.9920410,-160.0542825,0.57,0.54,0.306,0.73,0.49,2.45,1인,S168
2_1699_201_7738_1869,niihau_2_1699_201_7738.jpg,Plastic_ETC,plastic_other,0.151,21.9919775,-160.0542781,0.40,0.36,0.145,0.35,0.23,1.16,1인,S168
2_1699_201_7738_1870,niihau_2_1699_201_7738.jpg,Net,net,0.129,21.9920374,-160.0542798,0.42,0.40,0.168,3.02,1.26,7.56,1인,S168
2_1699_201_7738_1871,niihau_2_1699_201_7738.jpg,PET_Bottle,pet_bottle,0.127,21.9920717,-160.0542953,0.57,0.20,0.116,0.23,0.19,0.38,1인,S168
2_1699_201_7738_1872,niihau_2_1699_201_7738.jpg,Plastic_Buoy_China,plastic_buoy,0.121,21.9920131,-160.0542090,0.48,0.47,0.226,4.07,2.04,5.43,1인,S168
2_1699_201_7738_1873,niihau_2_1699_201_7738.jpg,Plastic_Buoy,plastic_buoy,0.104,21.9920231,-160.0542782,0.48,0.46,0.219,3.95,1.98,5.27,1인,S168
2_1699_521_8641_1878,niihau_2_1699_521_8641.jpg,Plastic_Buoy_China,plastic_buoy,0.218,21.9918411,-160.0542339,0.37,0.36,0.130,2.34,1.17,3.12,1인,S175
2_1699_521_8641_1879,niihau_2_1699_521_8641.jpg,Plastic_ETC,plastic_other,0.164,21.9918942,-160.0541552,0.64,0.60,0.379,0.91,0.61,3.03,1인,S168
2_1699_521_8641_1880,niihau_2_1699_521_8641.jpg,Plastic_Buoy,plastic_buoy,0.103,21.9918116,-160.0542004,0.50,0.49,0.244,4.40,2.20,5.86,1인,S175
2_1699_7629_22321_1884,niihau_2_1699_7629_22321.jpg,Plastic_ETC,plastic_other,0.179,21.9893957,-160.0527974,1.17,0.95,1.113,2.67,1.78,8.90,1인,S176
2_1699_868_14775_1887,niihau_2_1699_868_14775.jpg,Plastic_Buoy_China,plastic_buoy,0.331,21.9907280,-160.0541522,0.46,0.45,0.208,3.74,1.87,4.98,1인,S177
2_1699_868_14775_1888,niihau_2_1699_868_14775.jpg,Net,net,0.166,21.9907986,-160.0540600,0.46,0.44,0.200,3.60,1.50,9.00,1인,S177
2_1699_868_14775_1889,niihau_2_1699_868_14775.jpg,Plastic_ETC,plastic_other,0.150,21.9907921,-160.0541727,0.65,0.60,0.388,0.93,0.62,3.10,1인,S177
2_1699_868_14775_1890,niihau_2_1699_868_14775.jpg,PET_Bottle,pet_bottle,0.108,21.9907757,-160.0541450,0.52,0.39,0.204,0.40,0.34,0.67,1인,S177
2_1699_888_16546_1892,niihau_2_1699_888_16546.jpg,Styrofoam_Piece,eps_fragment,0.270,21.9904480,-160.0540562,0.75,0.72,0.540,0.32,0.22,1.08,1인,S173
2_1699_8_7415_1897,niihau_2_1699_8_7415.jpg,Plastic_Buoy_China,plastic_buoy,0.295,21.9920245,-160.0542825,0.61,0.58,0.350,6.30,3.15,8.40,1인,S168
2_1699_8_7415_1898,niihau_2_1699_8_7415.jpg,Plastic_ETC,plastic_other,0.284,21.9920410,-160.0542825,0.54,0.53,0.288,0.69,0.46,2.30,1인,S168
2_1699_8_7415_1899,niihau_2_1699_8_7415.jpg,PET_Bottle,pet_bottle,0.239,21.9921164,-160.0543561,0.43,0.31,0.132,0.26,0.22,0.43,1인,S168
2_1699_8_7415_1900,niihau_2_1699_8_7415.jpg,Plastic_Buoy_China,plastic_buoy,0.187,21.9920731,-160.0542957,0.53,0.51,0.269,4.84,2.42,6.46,1인,S168
2_1699_8_7415_1901,niihau_2_1699_8_7415.jpg,Plastic_Buoy_China,plastic_buoy,0.155,21.9920232,-160.0542783,0.49,0.45,0.219,3.94,1.97,5.25,1인,S168
2_1699_8_7415_1902,niihau_2_1699_8_7415.jpg,Net,net,0.140,21.9920374,-160.0542798,0.42,0.42,0.172,3.10,1.29,7.76,1인,S168
2_1699_8_7415_1903,niihau_2_1699_8_7415.jpg,PET_Bottle,pet_bottle,0.102,21.9920975,-160.0543435,0.49,0.30,0.148,0.29,0.24,0.49,1인,S168
2_1747_5890_10672_1906,niihau_2_1747_5890_10672.jpg,Styrofoam_Piece,eps_fragment,0.539,21.9955932,-160.0577899,0.47,0.32,0.150,0.09,0.06,0.30,1인,S178
2_1747_5890_10672_1907,niihau_2_1747_5890_10672.jpg,Plastic_Buoy,plastic_buoy,0.227,21.9955936,-160.0577871,0.30,0.30,0.089,1.61,0.81,2.15,1인,S178
2_1747_5890_10672_1908,niihau_2_1747_5890_10672.jpg,Styrofoam_Piece,eps_fragment,0.154,21.9956399,-160.0578082,0.37,0.28,0.105,0.06,0.04,0.21,1인,S178
2_1747_5890_10672_1909,niihau_2_1747_5890_10672.jpg,PET_Bottle,pet_bottle,0.108,21.9956080,-160.0577341,0.66,0.48,0.318,0.63,0.52,1.05,1인,S178
2_1747_5890_10672_1910,niihau_2_1747_5890_10672.jpg,PET_Bottle,pet_bottle,0.106,21.9956590,-160.0577682,1.07,0.49,0.530,1.05,0.87,1.75,1인,S178
2_1748_7027_15407_1920,niihau_2_1748_7027_15407.jpg,Plastic_ETC,plastic_other,0.502,21.9946244,-160.0560768,0.73,0.71,0.520,1.25,0.83,4.16,1인,S179
2_1748_7027_15407_1921,niihau_2_1748_7027_15407.jpg,Plastic_Buoy,plastic_buoy,0.154,21.9945701,-160.0561249,0.39,0.37,0.144,2.59,1.29,3.45,1인,S179
2_1748_7027_15407_1922,niihau_2_1748_7027_15407.jpg,Styrofoam_Piece,eps_fragment,0.153,21.9946323,-160.0561431,0.43,0.34,0.149,0.09,0.06,0.30,1인,S179
2_1748_787_11698_1927,niihau_2_1748_787_11698.jpg,Net,net,0.356,21.9952619,-160.0573338,0.37,0.34,0.126,2.26,0.94,5.66,1인,S180
2_1748_787_11698_1928,niihau_2_1748_787_11698.jpg,Plastic_Buoy,plastic_buoy,0.127,21.9952062,-160.0572940,0.32,0.31,0.098,1.77,0.88,2.36,1인,S180
2_1748_787_11698_1929,niihau_2_1748_787_11698.jpg,PET_Bottle,pet_bottle,0.117,21.9952359,-160.0573454,0.78,0.38,0.297,0.59,0.49,0.98,1인,S180
2_204_4348_7403_1932,niihau_2_204_4348_7403.jpg,PET_Bottle,pet_bottle,0.263,21.8083352,-160.1943187,0.43,0.43,0.182,0.36,0.30,0.60,1인,S181
2_204_4348_7403_1933,niihau_2_204_4348_7403.jpg,Plastic_Buoy_China,plastic_buoy,0.194,21.8082867,-160.1943744,0.34,0.34,0.117,2.11,1.06,2.81,1인,S182
2_204_4348_7403_1934,niihau_2_204_4348_7403.jpg,Net,net,0.176,21.8082788,-160.1943013,0.37,0.32,0.119,2.14,0.89,5.35,1인,S182
2_204_4348_7403_1935,niihau_2_204_4348_7403.jpg,Net,net,0.124,21.8082313,-160.1943137,0.33,0.32,0.108,1.94,0.81,4.85,1인,S182
2_204_4549_7831_1939,niihau_2_204_4549_7831.jpg,Net,net,0.261,21.8081606,-160.1942649,0.43,0.42,0.181,3.25,1.35,8.12,1인,S182
2_204_4549_7831_1940,niihau_2_204_4549_7831.jpg,Plastic_ETC,plastic_other,0.231,21.8081589,-160.1943708,0.52,0.52,0.269,0.65,0.43,2.15,1인,S182
2_204_4549_7831_1941,niihau_2_204_4549_7831.jpg,Styrofoam_Piece,eps_fragment,0.121,21.8081665,-160.1943175,0.59,0.56,0.329,0.20,0.13,0.66,1인,S182
2_204_4549_7831_1942,niihau_2_204_4549_7831.jpg,Plastic_ETC,plastic_other,0.113,21.8082251,-160.1942676,0.48,0.43,0.209,0.50,0.33,1.67,1인,S182
2_204_4680_7316_1949,niihau_2_204_4680_7316.jpg,PET_Bottle,pet_bottle,0.232,21.8083004,-160.1942580,0.91,0.60,0.548,1.09,0.90,1.81,1인,S182
2_204_4680_7316_1950,niihau_2_204_4680_7316.jpg,Net,net,0.172,21.8082790,-160.1943011,0.40,0.35,0.143,2.57,1.07,6.43,1인,S182
2_204_4680_7316_1951,niihau_2_204_4680_7316.jpg,PET_Bottle,pet_bottle,0.114,21.8083541,-160.1942644,0.53,0.29,0.151,0.30,0.25,0.50,1인,S181
2_204_6862_4641_1956,niihau_2_204_6862_4641.jpg,Plastic_ETC,plastic_other,0.366,21.8088426,-160.1939282,0.62,0.53,0.330,0.79,0.53,2.64,1인,S183
2_204_6862_4641_1957,niihau_2_204_6862_4641.jpg,Net,net,0.200,21.8088384,-160.1939054,0.48,0.46,0.219,3.93,1.64,9.84,1인,S183
2_204_6862_4641_1958,niihau_2_204_6862_4641.jpg,Net,net,0.152,21.8088116,-160.1938455,0.48,0.42,0.199,3.58,1.49,8.96,1인,S183
2_204_7251_4430_1960,niihau_2_204_7251_4430.jpg,Net,net,0.157,21.8088117,-160.1938454,0.52,0.44,0.232,4.17,1.74,10.42,1인,S183
2_204_7251_4430_1961,niihau_2_204_7251_4430.jpg,Plastic_ETC,plastic_other,0.129,21.8087990,-160.1938053,2.75,1.03,2.844,6.83,4.55,22.75,1인,S183
2_204_8365_2562_1963,niihau_2_204_8365_2562.jpg,Plastic_ETC,plastic_other,0.191,21.8091650,-160.1935864,0.65,0.59,0.387,0.93,0.62,3.09,1인,S184
2_204_8365_2562_1964,niihau_2_204_8365_2562.jpg,PET_Bottle,pet_bottle,0.163,21.8091957,-160.1935649,0.52,0.38,0.195,0.39,0.32,0.64,1인,S184
2_204_8523_20924_1967,niihau_2_204_8523_20924.jpg,Plastic_Buoy_China,plastic_buoy,0.353,21.8058482,-160.1935294,0.50,0.47,0.233,4.20,2.10,5.60,1인,S185
2_204_8523_20924_1968,niihau_2_204_8523_20924.jpg,PET_Bottle,pet_bottle,0.110,21.8058008,-160.1934920,0.64,0.62,0.398,0.79,0.66,1.31,1인,S185
2_204_9735_406_1970,niihau_2_204_9735_406.jpg,PET_Bottle,pet_bottle,0.372,21.8095624,-160.1933753,0.68,0.66,0.453,0.90,0.75,1.50,1인,S186
2_204_9735_406_1971,niihau_2_204_9735_406.jpg,Plastic_Buoy_China,plastic_buoy,0.152,21.8095701,-160.1933449,0.45,0.44,0.199,3.58,1.79,4.77,1인,S186
2_204_9735_406_1972,niihau_2_204_9735_406.jpg,PET_Bottle,pet_bottle,0.136,21.8095743,-160.1933465,0.62,0.40,0.249,0.49,0.41,0.82,1인,S186
2_204_9735_406_1973,niihau_2_204_9735_406.jpg,PET_Bottle,pet_bottle,0.124,21.8095019,-160.1933391,0.71,0.39,0.279,0.55,0.46,0.92,1인,S186
2_305_7935_24980_1974,niihau_2_305_7935_24980.jpg,Plastic_Buoy,plastic_buoy,0.632,21.8164265,-160.1900932,0.50,0.49,0.243,4.37,2.18,5.82,1인,S187
2_305_7935_24980_1975,niihau_2_305_7935_24980.jpg,Net,net,0.454,21.8164280,-160.1900879,0.51,0.45,0.231,4.15,1.73,10.38,1인,S187
2_305_7935_24980_1976,niihau_2_305_7935_24980.jpg,Plastic_ETC,plastic_other,0.395,21.8164002,-160.1901540,0.74,0.71,0.528,1.27,0.84,4.22,1인,S187
2_305_7935_24980_1977,niihau_2_305_7935_24980.jpg,Styrofoam_Buoy,eps_buoy,0.313,21.8164139,-160.1901450,1.05,0.61,0.641,5.61,2.40,6.41,1인,S187
2_305_7935_24980_1978,niihau_2_305_7935_24980.jpg,Plastic_Buoy,plastic_buoy,0.300,21.8164159,-160.1900912,0.38,0.37,0.142,2.55,1.28,3.40,1인,S187
2_305_7935_24980_1979,niihau_2_305_7935_24980.jpg,PET_Bottle,pet_bottle,0.123,21.8163826,-160.1900540,1.16,0.86,0.992,1.96,1.64,3.27,1인,S187
2_305_7935_24980_1980,niihau_2_305_7935_24980.jpg,PET_Bottle,pet_bottle,0.119,21.8164285,-160.1900846,0.70,0.65,0.454,0.90,0.75,1.50,1인,S187
2_305_7958_24648_1985,niihau_2_305_7958_24648.jpg,Plastic_Buoy,plastic_buoy,0.616,21.8164265,-160.1900932,0.49,0.49,0.244,4.39,2.20,5.86,1인,S187
2_305_7958_24648_1986,niihau_2_305_7958_24648.jpg,Plastic_ETC,plastic_other,0.320,21.8164002,-160.1901542,0.70,0.68,0.472,1.13,0.76,3.78,1인,S187
2_305_7958_24648_1987,niihau_2_305_7958_24648.jpg,Net,net,0.311,21.8164280,-160.1900879,0.51,0.46,0.233,4.20,1.75,10.50,1인,S187
2_305_7958_24648_1988,niihau_2_305_7958_24648.jpg,Net,net,0.310,21.8164159,-160.1900912,0.40,0.37,0.149,2.69,1.12,6.71,1인,S187
2_305_7958_24648_1989,niihau_2_305_7958_24648.jpg,Styrofoam_Piece,eps_fragment,0.278,21.8164139,-160.1901449,1.03,0.60,0.616,0.37,0.25,1.23,1인,S187
2_305_7958_24648_1990,niihau_2_305_7958_24648.jpg,Plastic_Buoy,plastic_buoy,0.160,21.8163972,-160.1901305,0.48,0.44,0.211,3.80,1.90,5.07,1인,S187
2_305_7958_24648_1991,niihau_2_305_7958_24648.jpg,Net,net,0.106,21.8163954,-160.1901426,0.45,0.44,0.196,3.52,1.47,8.81,1인,S187
2_306_6404_9243_1998,niihau_2_306_6404_9243.jpg,Styrofoam_Piece,eps_fragment,0.494,21.8205757,-160.1877638,0.61,0.60,0.365,0.22,0.15,0.73,1인,S188
2_306_6404_9243_1999,niihau_2_306_6404_9243.jpg,Plastic_ETC,plastic_other,0.145,21.8205890,-160.1877166,0.74,0.64,0.471,1.13,0.75,3.77,1인,S188
2_306_6404_9243_2000,niihau_2_306_6404_9243.jpg,PET_Bottle,pet_bottle,0.126,21.8205807,-160.1877134,0.66,0.40,0.267,0.53,0.44,0.88,1인,S188
2_356_11655_14083_2006,niihau_2_356_11655_14083.jpg,Plastic_ETC,plastic_other,0.277,21.8239470,-160.1861320,0.51,0.45,0.227,0.54,0.36,1.82,1인,S189
2_356_11655_14083_2007,niihau_2_356_11655_14083.jpg,Plastic_Buoy,plastic_buoy,0.134,21.8239542,-160.1861314,0.51,0.49,0.249,4.49,2.24,5.98,1인,S189
2_357_2913_18589_2009,niihau_2_357_2913_18589.jpg,PET_Bottle,pet_bottle,0.226,21.8252089,-160.1853134,0.52,0.47,0.242,0.48,0.40,0.80,1인,S190
2_357_2913_18589_2010,niihau_2_357_2913_18589.jpg,PET_Bottle,pet_bottle,0.199,21.8252076,-160.1853252,0.67,0.49,0.327,0.65,0.54,1.08,1인,S190
2_357_2913_18589_2011,niihau_2_357_2913_18589.jpg,Plastic_Buoy,plastic_buoy,0.159,21.8252096,-160.1852850,0.46,0.45,0.208,3.74,1.87,4.99,1인,S190
2_357_2913_18589_2012,niihau_2_357_2913_18589.jpg,Net,net,0.142,21.8252326,-160.1853134,0.50,0.48,0.236,4.26,1.77,10.64,1인,S190
2_357_2913_18589_2013,niihau_2_357_2913_18589.jpg,Net,net,0.133,21.8252030,-160.1853275,0.47,0.40,0.188,3.38,1.41,8.45,1인,S190
2_357_3249_18529_2019,niihau_2_357_3249_18529.jpg,Plastic_Buoy,plastic_buoy,0.243,21.8252096,-160.1852851,0.47,0.47,0.221,3.97,1.99,5.30,1인,S190
2_357_3249_18529_2020,niihau_2_357_3249_18529.jpg,PET_Bottle,pet_bottle,0.115,21.8252580,-160.1852659,0.53,0.53,0.279,0.55,0.46,0.92,1인,S190
2_408_14103_10563_2023,niihau_2_408_14103_10563.jpg,Plastic_ETC,plastic_other,0.395,21.8330265,-160.1799960,0.58,0.53,0.308,0.74,0.49,2.47,1인,S191
2_408_14103_10563_2024,niihau_2_408_14103_10563.jpg,Plastic_ETC,plastic_other,0.233,21.8330466,-160.1800136,0.51,0.50,0.251,0.60,0.40,2.01,1인,S191
2_408_14103_10563_2025,niihau_2_408_14103_10563.jpg,Plastic_ETC,plastic_other,0.176,21.8330353,-160.1800285,0.47,0.38,0.179,0.43,0.29,1.44,1인,S191
2_408_14103_10563_2026,niihau_2_408_14103_10563.jpg,Plastic_ETC,plastic_other,0.108,21.8330566,-160.1800066,0.83,0.51,0.427,1.03,0.68,3.42,1인,S191
2_408_1845_25641_2027,niihau_2_408_1845_25641.jpg,Plastic_ETC,plastic_other,0.160,21.8303168,-160.1824282,1.17,0.65,0.762,1.83,1.22,6.09,1인,S192
2_408_1845_25641_2028,niihau_2_408_1845_25641.jpg,Plastic_Buoy_China,plastic_buoy,0.152,21.8302614,-160.1823330,0.47,0.44,0.206,3.70,1.85,4.94,1인,S192
2_408_1845_25641_2029,niihau_2_408_1845_25641.jpg,Plastic_ETC,plastic_other,0.121,21.8302591,-160.1823263,0.55,0.52,0.289,0.69,0.46,2.31,1인,S192
2_408_2007_25184_2033,niihau_2_408_2007_25184.jpg,PET_Bottle,pet_bottle,0.352,21.8304316,-160.1823740,0.58,0.54,0.312,0.62,0.51,1.03,1인,S192
2_408_2007_25184_2034,niihau_2_408_2007_25184.jpg,Glass,glass,0.104,21.8303814,-160.1823843,0.24,0.22,0.053,2.25,1.60,3.21,1인,S192
2_408_2209_25801_2036,niihau_2_408_2209_25801.jpg,PET_Bottle,pet_bottle,0.230,21.8302506,-160.1822493,0.83,0.78,0.648,1.28,1.07,2.14,1인,S192
2_408_2209_25801_2037,niihau_2_408_2209_25801.jpg,Plastic_ETC,plastic_other,0.144,21.8302647,-160.1823052,2.08,1.37,2.843,6.82,4.55,22.75,1인,S192
2_408_2209_25801_2038,niihau_2_408_2209_25801.jpg,Plastic_Buoy_China,plastic_buoy,0.132,21.8302614,-160.1823332,0.47,0.42,0.200,3.60,1.80,4.81,1인,S192
2_408_2209_25801_2039,niihau_2_408_2209_25801.jpg,Plastic_ETC,plastic_other,0.100,21.8302903,-160.1823455,0.60,0.53,0.313,0.75,0.50,2.51,1인,S192
2_408_2391_25163_2044,niihau_2_408_2391_25163.jpg,PET_Bottle,pet_bottle,0.237,21.8304137,-160.1822220,0.55,0.52,0.287,0.57,0.47,0.95,1인,S192
2_408_2391_25163_2045,niihau_2_408_2391_25163.jpg,Plastic_ETC,plastic_other,0.175,21.8304016,-160.1822232,0.62,0.58,0.360,0.86,0.58,2.88,1인,S192
2_408_2391_25163_2046,niihau_2_408_2391_25163.jpg,Styrofoam_Piece,eps_fragment,0.111,21.8304043,-160.1822324,0.47,0.46,0.218,0.13,0.09,0.44,1인,S192
2_408_3285_27495_2049,niihau_2_408_3285_27495.jpg,Plastic_ETC,plastic_other,0.250,21.8299715,-160.1820791,0.49,0.49,0.238,0.57,0.38,1.91,1인,S193
2_408_3285_27495_2050,niihau_2_408_3285_27495.jpg,PET_Bottle,pet_bottle,0.243,21.8299400,-160.1820922,0.48,0.38,0.183,0.36,0.30,0.60,1인,S193
2_408_3285_27495_2051,niihau_2_408_3285_27495.jpg,PET_Bottle,pet_bottle,0.126,21.8299844,-160.1820459,0.31,0.20,0.062,0.12,0.10,0.21,1인,S193
2_408_4090_23800_2053,niihau_2_408_4090_23800.jpg,Plastic_ETC,plastic_other,0.362,21.8306570,-160.1819278,0.55,0.51,0.279,0.67,0.45,2.23,1인,S194
2_408_4090_23800_2054,niihau_2_408_4090_23800.jpg,Plastic_Buoy,plastic_buoy,0.341,21.8306070,-160.1819723,0.42,0.41,0.176,3.16,1.58,4.22,1인,S194
2_408_4090_23800_2055,niihau_2_408_4090_23800.jpg,Plastic_Buoy,plastic_buoy,0.237,21.8306566,-160.1819222,0.44,0.44,0.194,3.49,1.74,4.65,1인,S194
2_408_4090_23800_2056,niihau_2_408_4090_23800.jpg,Plastic_Buoy,plastic_buoy,0.220,21.8306745,-160.1819445,0.49,0.46,0.224,4.02,2.01,5.37,1인,S194
2_408_4090_23800_2057,niihau_2_408_4090_23800.jpg,Styrofoam_Piece,eps_fragment,0.129,21.8305765,-160.1820047,0.53,0.47,0.250,0.15,0.10,0.50,1인,S194
2_408_4090_23800_2058,niihau_2_408_4090_23800.jpg,Plastic_ETC,plastic_other,0.122,21.8306518,-160.1819642,0.60,0.57,0.342,0.82,0.55,2.73,1인,S194
2_408_4090_23800_2059,niihau_2_408_4090_23800.jpg,PET_Bottle,pet_bottle,0.120,21.8306228,-160.1818946,0.51,0.39,0.197,0.39,0.33,0.65,1인,S194
2_408_4259_23401_2069,niihau_2_408_4259_23401.jpg,Net,net,0.446,21.8307038,-160.1819374,0.48,0.43,0.208,3.74,1.56,9.34,1인,S194
2_408_4259_23401_2070,niihau_2_408_4259_23401.jpg,Plastic_ETC,plastic_other,0.417,21.8306570,-160.1819278,0.55,0.52,0.284,0.68,0.46,2.28,1인,S194
2_408_4259_23401_2071,niihau_2_408_4259_23401.jpg,Plastic_ETC,plastic_other,0.399,21.8307484,-160.1818768,0.60,0.51,0.308,0.74,0.49,2.46,1인,S194
2_408_4259_23401_2072,niihau_2_408_4259_23401.jpg,Plastic_Buoy,plastic_buoy,0.286,21.8306566,-160.1819222,0.44,0.43,0.189,3.40,1.70,4.53,1인,S194
2_408_4259_23401_2073,niihau_2_408_4259_23401.jpg,Plastic_Buoy_China,plastic_buoy,0.219,21.8306983,-160.1819380,0.51,0.48,0.243,4.37,2.18,5.83,1인,S194
2_408_4259_23401_2074,niihau_2_408_4259_23401.jpg,Plastic_Buoy,plastic_buoy,0.199,21.8306746,-160.1819445,0.49,0.44,0.215,3.88,1.94,5.17,1인,S194
2_408_4259_23401_2075,niihau_2_408_4259_23401.jpg,Plastic_ETC,plastic_other,0.142,21.8306519,-160.1819643,0.59,0.57,0.337,0.81,0.54,2.70,1인,S194
2_408_4259_23401_2076,niihau_2_408_4259_23401.jpg,PET_Bottle,pet_bottle,0.134,21.8306574,-160.1819390,0.47,0.35,0.164,0.33,0.27,0.54,1인,S194
2_408_4259_23401_2077,niihau_2_408_4259_23401.jpg,Net,net,0.122,21.8307498,-160.1818808,0.42,0.39,0.164,2.96,1.23,7.39,1인,S194
2_408_4259_23401_2078,niihau_2_408_4259_23401.jpg,PET_Bottle,pet_bottle,0.118,21.8307551,-160.1819080,0.50,0.29,0.146,0.29,0.24,0.48,1인,S194
2_408_4259_23401_2079,niihau_2_408_4259_23401.jpg,Plastic_Buoy_China,plastic_buoy,0.114,21.8306925,-160.1819634,0.46,0.44,0.203,3.65,1.82,4.87,1인,S194
2_408_4335_23012_2085,niihau_2_408_4335_23012.jpg,Plastic_ETC,plastic_other,0.336,21.8307484,-160.1818768,0.58,0.50,0.287,0.69,0.46,2.29,1인,S194
2_408_4335_23012_2086,niihau_2_408_4335_23012.jpg,Styrofoam_Piece,eps_fragment,0.297,21.8307901,-160.1818418,0.55,0.48,0.264,0.16,0.11,0.53,1인,S194
2_408_4335_23012_2087,niihau_2_408_4335_23012.jpg,PET_Bottle,pet_bottle,0.271,21.8307551,-160.1819083,0.53,0.30,0.161,0.32,0.27,0.53,1인,S194
2_408_4335_23012_2088,niihau_2_408_4335_23012.jpg,Net,net,0.227,21.8307498,-160.1818808,0.40,0.40,0.161,2.90,1.21,7.24,1인,S194
2_408_4335_23012_2089,niihau_2_408_4335_23012.jpg,Net,net,0.226,21.8308004,-160.1818549,0.39,0.30,0.118,2.12,0.88,5.29,1인,S194
2_408_4335_23012_2090,niihau_2_408_4335_23012.jpg,PET_Bottle,pet_bottle,0.101,21.8308080,-160.1818576,0.34,0.30,0.102,0.20,0.17,0.34,1인,S194
2_408_4335_23012_2091,niihau_2_408_4335_23012.jpg,PET_Bottle,pet_bottle,0.100,21.8307210,-160.1819328,0.48,0.34,0.161,0.32,0.27,0.53,1인,S194
2_408_4430_23810_2096,niihau_2_408_4430_23810.jpg,Plastic_ETC,plastic_other,0.422,21.8306570,-160.1819278,0.55,0.52,0.287,0.69,0.46,2.30,1인,S194
2_408_4430_23810_2097,niihau_2_408_4430_23810.jpg,Plastic_ETC,plastic_other,0.392,21.8306121,-160.1818733,0.59,0.56,0.330,0.79,0.53,2.64,1인,S194
2_408_4430_23810_2098,niihau_2_408_4430_23810.jpg,Plastic_ETC,plastic_other,0.288,21.8306288,-160.1818804,0.52,0.51,0.268,0.64,0.43,2.14,1인,S194
2_408_4430_23810_2099,niihau_2_408_4430_23810.jpg,PET_Bottle,pet_bottle,0.215,21.8306573,-160.1819389,0.50,0.39,0.197,0.39,0.32,0.65,1인,S194
2_408_4430_23810_2100,niihau_2_408_4430_23810.jpg,Plastic_Buoy,plastic_buoy,0.211,21.8306565,-160.1819223,0.45,0.44,0.201,3.61,1.81,4.82,1인,S194
2_408_4430_23810_2101,niihau_2_408_4430_23810.jpg,Styrofoam_Piece,eps_fragment,0.129,21.8306465,-160.1819257,0.41,0.36,0.147,0.09,0.06,0.29,1인,S194
2_408_4430_23810_2102,niihau_2_408_4430_23810.jpg,PET_Bottle,pet_bottle,0.101,21.8306268,-160.1819245,0.45,0.27,0.122,0.24,0.20,0.40,1인,S194
2_409_-95_5278_2108,niihau_2_409_-95_5278.jpg,Plastic_ETC,plastic_other,0.341,21.8339380,-160.1795863,0.71,0.49,0.345,0.83,0.55,2.76,1인,S195
2_409_-95_5278_2109,niihau_2_409_-95_5278.jpg,Net,net,0.203,21.8339803,-160.1795762,0.42,0.38,0.160,2.88,1.20,7.21,1인,S195
2_409_3701_-285_2110,niihau_2_409_3701_-285.jpg,Styrofoam_Piece,eps_fragment,0.376,21.8350068,-160.1789379,0.71,0.69,0.490,0.29,0.20,0.98,1인,S196
2_409_3701_-285_2111,niihau_2_409_3701_-285.jpg,PET_Bottle,pet_bottle,0.204,21.8350050,-160.1788519,0.47,0.47,0.222,0.44,0.37,0.73,1인,S196
2_409_3701_-285_2112,niihau_2_409_3701_-285.jpg,PET_Bottle,pet_bottle,0.180,21.8349477,-160.1788516,0.80,0.36,0.291,0.58,0.48,0.96,1인,S196
2_409_3701_-285_2113,niihau_2_409_3701_-285.jpg,PET_Bottle,pet_bottle,0.138,21.8349899,-160.1789178,0.81,0.50,0.410,0.81,0.68,1.35,1인,S196
2_459_10458_15277_2115,niihau_2_459_10458_15277.jpg,PET_Bottle,pet_bottle,0.209,21.8363284,-160.1776571,0.76,0.44,0.333,0.66,0.55,1.10,1인,S197
2_459_10458_15277_2116,niihau_2_459_10458_15277.jpg,Styrofoam_Piece,eps_fragment,0.183,21.8364241,-160.1776025,0.75,0.72,0.541,0.32,0.22,1.08,1인,S198
2_459_10458_15277_2117,niihau_2_459_10458_15277.jpg,Net,net,0.151,21.8363612,-160.1775518,0.72,0.61,0.443,7.98,3.32,19.94,1인,S198
2_459_12710_9276_2119,niihau_2_459_12710_9276.jpg,Plastic_Buoy_China,plastic_buoy,0.600,21.8374939,-160.1772147,0.45,0.43,0.192,3.45,1.73,4.60,1인,S199
2_459_12710_9276_2120,niihau_2_459_12710_9276.jpg,Plastic_ETC,plastic_other,0.460,21.8374958,-160.1771568,0.77,0.77,0.592,1.42,0.95,4.73,1인,S199
2_459_12710_9276_2121,niihau_2_459_12710_9276.jpg,Plastic_ETC,plastic_other,0.430,21.8374362,-160.1772054,0.54,0.46,0.250,0.60,0.40,2.00,1인,S199
2_459_12710_9276_2122,niihau_2_459_12710_9276.jpg,PET_Bottle,pet_bottle,0.346,21.8374676,-160.1772178,0.77,0.61,0.468,0.93,0.77,1.54,1인,S199
2_459_12710_9276_2123,niihau_2_459_12710_9276.jpg,PET_Bottle,pet_bottle,0.325,21.8374713,-160.1771726,0.54,0.30,0.158,0.31,0.26,0.52,1인,S199
2_459_12710_9276_2124,niihau_2_459_12710_9276.jpg,Plastic_ETC,plastic_other,0.300,21.8374640,-160.1771880,0.50,0.49,0.244,0.59,0.39,1.95,1인,S199
2_459_12710_9276_2125,niihau_2_459_12710_9276.jpg,Plastic_ETC,plastic_other,0.233,21.8374756,-160.1772058,0.49,0.47,0.229,0.55,0.37,1.83,1인,S199
2_459_12710_9276_2126,niihau_2_459_12710_9276.jpg,Glass,glass,0.224,21.8375062,-160.1771882,0.25,0.21,0.053,2.22,1.59,3.17,1인,S199
2_459_12710_9276_2127,niihau_2_459_12710_9276.jpg,Plastic_ETC,plastic_other,0.219,21.8374914,-160.1771953,0.54,0.53,0.284,0.68,0.45,2.27,1인,S199
2_459_12710_9276_2128,niihau_2_459_12710_9276.jpg,Net,net,0.136,21.8374628,-160.1772127,0.40,0.35,0.139,2.49,1.04,6.24,1인,S199
2_459_12710_9276_2129,niihau_2_459_12710_9276.jpg,Plastic_Buoy_China,plastic_buoy,0.127,21.8374450,-160.1772009,0.50,0.42,0.211,3.79,1.90,5.06,1인,S199
2_459_12710_9276_2130,niihau_2_459_12710_9276.jpg,PET_Bottle,pet_bottle,0.100,21.8375118,-160.1771577,0.45,0.43,0.193,0.38,0.32,0.64,1인,S199
2_459_13182_8980_2136,niihau_2_459_13182_8980.jpg,PET_Bottle,pet_bottle,0.542,21.8375364,-160.1770386,0.47,0.43,0.200,0.40,0.33,0.66,1인,S199
2_459_13182_8980_2137,niihau_2_459_13182_8980.jpg,Glass,glass,0.214,21.8374622,-160.1770510,0.20,0.15,0.030,1.28,0.91,1.82,1인,S199
2_459_13182_8980_2138,niihau_2_459_13182_8980.jpg,PET_Bottle,pet_bottle,0.187,21.8375543,-160.1771291,0.50,0.47,0.235,0.47,0.39,0.78,1인,S199
2_459_13182_8980_2139,niihau_2_459_13182_8980.jpg,PET_Bottle,pet_bottle,0.124,21.8375684,-160.1771286,0.49,0.33,0.160,0.32,0.26,0.53,1인,S199
2_459_13182_8980_2140,niihau_2_459_13182_8980.jpg,Glass,glass,0.120,21.8375486,-160.1770432,0.23,0.16,0.037,1.55,1.10,2.21,1인,S199
2_459_13209_10892_2144,niihau_2_459_13209_10892.jpg,Plastic_ETC,plastic_other,0.353,21.8371831,-160.1770647,1.20,1.19,1.427,3.42,2.28,11.42,1인,S200
2_459_13209_10892_2145,niihau_2_459_13209_10892.jpg,Plastic_ETC,plastic_other,0.269,21.8371566,-160.1771117,0.49,0.47,0.228,0.55,0.37,1.83,1인,S200
2_459_13209_10892_2146,niihau_2_459_13209_10892.jpg,PET_Bottle,pet_bottle,0.152,21.8371951,-160.1770671,0.48,0.43,0.207,0.41,0.34,0.68,1인,S200
2_459_13209_10892_2147,niihau_2_459_13209_10892.jpg,Plastic_ETC,plastic_other,0.143,21.8372170,-160.1771279,0.47,0.47,0.219,0.52,0.35,1.75,1인,S200
2_459_13860_7007_2149,niihau_2_459_13860_7007.jpg,PET_Bottle,pet_bottle,0.558,21.8378806,-160.1769220,0.55,0.47,0.256,0.51,0.42,0.84,1인,S201
2_459_13860_7007_2150,niihau_2_459_13860_7007.jpg,Plastic_Buoy_China,plastic_buoy,0.435,21.8378748,-160.1769476,0.38,0.35,0.132,2.38,1.19,3.17,1인,S201
2_459_13860_7007_2151,niihau_2_459_13860_7007.jpg,PET_Bottle,pet_bottle,0.430,21.8378301,-160.1770012,0.69,0.47,0.321,0.63,0.53,1.06,1인,S201
2_459_13860_7007_2152,niihau_2_459_13860_7007.jpg,Plastic_Buoy_China,plastic_buoy,0.316,21.8378821,-160.1769768,0.36,0.34,0.124,2.23,1.11,2.97,1인,S201
2_459_13860_7007_2153,niihau_2_459_13860_7007.jpg,Styrofoam_Piece,eps_fragment,0.208,21.8378153,-160.1769842,0.49,0.26,0.128,0.08,0.05,0.26,1인,S201
2_459_13860_7007_2154,niihau_2_459_13860_7007.jpg,PET_Bottle,pet_bottle,0.159,21.8378376,-160.1769711,0.45,0.37,0.165,0.33,0.27,0.54,1인,S201
2_459_13860_7007_2155,niihau_2_459_13860_7007.jpg,Plastic_Buoy_China,plastic_buoy,0.144,21.8379079,-160.1769395,0.38,0.38,0.145,2.62,1.31,3.49,1인,S201
2_459_13860_7007_2156,niihau_2_459_13860_7007.jpg,Plastic_Buoy_China,plastic_buoy,0.135,21.8378157,-160.1770038,0.39,0.38,0.147,2.65,1.32,3.53,1인,S201
2_459_13860_7007_2157,niihau_2_459_13860_7007.jpg,Glass,glass,0.128,21.8378749,-160.1769327,0.33,0.24,0.079,3.33,2.38,4.75,1인,S201
2_459_13860_7007_2158,niihau_2_459_13860_7007.jpg,PET_Bottle,pet_bottle,0.117,21.8379057,-160.1769361,0.37,0.36,0.133,0.26,0.22,0.44,1인,S201
2_459_13888_7345_2164,niihau_2_459_13888_7345.jpg,PET_Bottle,pet_bottle,0.437,21.8378299,-160.1770013,0.67,0.48,0.325,0.64,0.54,1.07,1인,S201
2_459_13888_7345_2165,niihau_2_459_13888_7345.jpg,PET_Bottle,pet_bottle,0.345,21.8378161,-160.1769176,0.53,0.52,0.271,0.54,0.45,0.90,1인,S201
2_459_13888_7345_2166,niihau_2_459_13888_7345.jpg,Styrofoam_Piece,eps_fragment,0.190,21.8378134,-160.1769842,0.65,0.50,0.329,0.20,0.13,0.66,1인,S201
2_459_13888_7345_2167,niihau_2_459_13888_7345.jpg,PET_Bottle,pet_bottle,0.187,21.8378617,-160.1769492,0.46,0.27,0.123,0.24,0.20,0.41,1인,S201
2_459_13888_7345_2168,niihau_2_459_13888_7345.jpg,Plastic_ETC,plastic_other,0.139,21.8378375,-160.1769711,0.43,0.34,0.143,0.34,0.23,1.14,1인,S201
2_459_13888_7345_2169,niihau_2_459_13888_7345.jpg,Plastic_ETC,plastic_other,0.120,21.8378111,-160.1769470,1.74,1.08,1.887,4.53,3.02,15.10,1인,S201
2_459_13888_7345_2170,niihau_2_459_13888_7345.jpg,Plastic_ETC,plastic_other,0.116,21.8378161,-160.1769808,0.54,0.51,0.278,0.67,0.44,2.22,1인,S201
2_459_14310_6063_2177,niihau_2_459_14310_6063.jpg,Plastic_Buoy_China,plastic_buoy,0.313,21.8380133,-160.1768761,0.51,0.45,0.230,4.13,2.07,5.51,1인,S202
2_459_14310_6063_2178,niihau_2_459_14310_6063.jpg,Glass,glass,0.278,21.8380422,-160.1768820,0.29,0.26,0.076,3.19,2.28,4.55,1인,S202
2_459_14310_6063_2179,niihau_2_459_14310_6063.jpg,PET_Bottle,pet_bottle,0.162,21.8379972,-160.1768524,0.42,0.30,0.127,0.25,0.21,0.42,1인,S202
2_459_14310_6063_2180,niihau_2_459_14310_6063.jpg,Net,net,0.159,21.8380630,-160.1768156,0.44,0.38,0.168,3.02,1.26,7.55,1인,S202
2_459_14310_6063_2181,niihau_2_459_14310_6063.jpg,Plastic_ETC,plastic_other,0.148,21.8380431,-160.1768680,0.67,0.64,0.432,1.04,0.69,3.46,1인,S202
2_459_14310_6063_2182,niihau_2_459_14310_6063.jpg,PET_Bottle,pet_bottle,0.135,21.8380111,-160.1769287,0.50,0.15,0.076,0.15,0.13,0.25,1인,S202
2_459_14310_6063_2183,niihau_2_459_14310_6063.jpg,Glass,glass,0.131,21.8380351,-160.1768470,0.25,0.17,0.043,1.81,1.29,2.59,1인,S202
2_459_14310_6063_2184,niihau_2_459_14310_6063.jpg,PET_Bottle,pet_bottle,0.117,21.8379865,-160.1769163,0.61,0.31,0.190,0.38,0.31,0.63,1인,S201
2_459_3917_22628_2189,niihau_2_459_3917_22628.jpg,PET_Bottle,pet_bottle,0.279,21.8350922,-160.1788403,0.45,0.38,0.170,0.34,0.28,0.56,1인,S196
2_459_3917_22628_2190,niihau_2_459_3917_22628.jpg,Styrofoam_Buoy,eps_buoy,0.130,21.8350359,-160.1788536,2.43,0.91,2.206,19.30,8.27,22.06,1인,S196
2_459_4842_22017_2195,niihau_2_459_4842_22017.jpg,Plastic_ETC,plastic_other,0.359,21.8351898,-160.1786754,0.76,0.75,0.569,1.37,0.91,4.55,1인,S203
2_459_4976_20196_2199,niihau_2_459_4976_20196.jpg,PET_Bottle,pet_bottle,0.480,21.8354791,-160.1786688,0.83,0.60,0.495,0.98,0.82,1.63,1인,S204
2_459_4976_20196_2200,niihau_2_459_4976_20196.jpg,Glass,glass,0.367,21.8354570,-160.1786280,0.25,0.15,0.038,1.58,1.13,2.25,1인,S204
2_459_4976_20196_2201,niihau_2_459_4976_20196.jpg,Plastic_ETC,plastic_other,0.340,21.8354772,-160.1786532,0.66,0.66,0.438,1.05,0.70,3.50,1인,S204
2_459_5189_19805_2205,niihau_2_459_5189_19805.jpg,Plastic_ETC,plastic_other,0.254,21.8355443,-160.1785599,0.67,0.57,0.381,0.91,0.61,3.05,1인,S204
2_459_5189_19805_2206,niihau_2_459_5189_19805.jpg,Glass,glass,0.174,21.8355463,-160.1786037,0.32,0.29,0.091,3.81,2.72,5.44,1인,S204
2_459_5189_19805_2207,niihau_2_459_5189_19805.jpg,PET_Bottle,pet_bottle,0.108,21.8355428,-160.1785843,0.46,0.29,0.134,0.26,0.22,0.44,1인,S204
2_459_5189_19805_2208,niihau_2_459_5189_19805.jpg,Plastic_Buoy_China,plastic_buoy,0.102,21.8355572,-160.1785862,0.38,0.37,0.140,2.51,1.26,3.35,1인,S204
2_459_5961_20188_2211,niihau_2_459_5961_20188.jpg,PET_Bottle,pet_bottle,0.113,21.8355035,-160.1785078,0.29,0.21,0.061,0.12,0.10,0.20,1인,S204
2_459_6743_18618_2213,niihau_2_459_6743_18618.jpg,PET_Bottle,pet_bottle,0.696,21.8357495,-160.1783517,0.52,0.41,0.209,0.41,0.35,0.69,1인,S205
2_459_6743_18618_2214,niihau_2_459_6743_18618.jpg,PET_Bottle,pet_bottle,0.322,21.8357897,-160.1783094,0.80,0.58,0.462,0.92,0.76,1.53,1인,S205
2_459_6743_18618_2215,niihau_2_459_6743_18618.jpg,Plastic_ETC,plastic_other,0.225,21.8357399,-160.1783329,1.12,1.03,1.155,2.77,1.85,9.24,1인,S205
2_459_6743_18618_2216,niihau_2_459_6743_18618.jpg,Plastic_ETC,plastic_other,0.222,21.8357449,-160.1782937,0.44,0.42,0.189,0.45,0.30,1.51,1인,S205
2_459_6743_18618_2217,niihau_2_459_6743_18618.jpg,Plastic_ETC,plastic_other,0.205,21.8357646,-160.1783134,0.50,0.48,0.240,0.58,0.38,1.92,1인,S205
2_459_6743_18618_2218,niihau_2_459_6743_18618.jpg,Plastic_Buoy_China,plastic_buoy,0.144,21.8357534,-160.1783256,0.35,0.35,0.121,2.17,1.08,2.89,1인,S205
2_459_6837_18263_2223,niihau_2_459_6837_18263.jpg,PET_Bottle,pet_bottle,0.587,21.8357898,-160.1783093,0.75,0.55,0.414,0.82,0.68,1.37,1인,S205
2_459_6837_18263_2224,niihau_2_459_6837_18263.jpg,Plastic_ETC,plastic_other,0.279,21.8358289,-160.1782942,0.51,0.47,0.240,0.58,0.38,1.92,1인,S206
2_459_6837_18263_2225,niihau_2_459_6837_18263.jpg,PET_Bottle,pet_bottle,0.189,21.8358569,-160.1782472,0.42,0.42,0.175,0.35,0.29,0.58,1인,S206
2_459_6837_18263_2226,niihau_2_459_6837_18263.jpg,PET_Bottle,pet_bottle,0.168,21.8358496,-160.1783531,0.84,0.84,0.705,1.40,1.16,2.33,1인,S205
2_459_7443_17848_2230,niihau_2_459_7443_17848.jpg,Plastic_ETC,plastic_other,0.416,21.8358639,-160.1781973,0.56,0.46,0.259,0.62,0.41,2.07,1인,S206
2_459_7443_17848_2231,niihau_2_459_7443_17848.jpg,Plastic_ETC,plastic_other,0.294,21.8358894,-160.1781814,0.49,0.47,0.233,0.56,0.37,1.86,1인,S206
2_459_7443_17848_2232,niihau_2_459_7443_17848.jpg,PET_Bottle,pet_bottle,0.228,21.8358979,-160.1781543,0.77,0.46,0.350,0.69,0.58,1.15,1인,S206
2_459_7443_17848_2233,niihau_2_459_7443_17848.jpg,Plastic_Buoy,plastic_buoy,0.206,21.8359189,-160.1781428,0.52,0.52,0.267,4.81,2.41,6.42,1인,S206
2_459_7443_17848_2234,niihau_2_459_7443_17848.jpg,PET_Bottle,pet_bottle,0.196,21.8358477,-160.1781739,0.46,0.17,0.076,0.15,0.13,0.25,1인,S206
2_459_7443_17848_2235,niihau_2_459_7443_17848.jpg,Net,net,0.125,21.8358597,-160.1782322,0.51,0.47,0.240,4.33,1.80,10.81,1인,S206
2_459_7443_17848_2236,niihau_2_459_7443_17848.jpg,Styrofoam_Piece,eps_fragment,0.118,21.8359049,-160.1781794,0.77,0.70,0.536,0.32,0.21,1.07,1인,S206
2_459_7791_18162_2241,niihau_2_459_7791_18162.jpg,PET_Bottle,pet_bottle,0.411,21.8358775,-160.1781711,0.47,0.31,0.145,0.29,0.24,0.48,1인,S206
2_459_7791_18162_2242,niihau_2_459_7791_18162.jpg,Plastic_ETC,plastic_other,0.317,21.8358763,-160.1780942,0.51,0.42,0.218,0.52,0.35,1.75,1인,S206
2_459_7791_18162_2243,niihau_2_459_7791_18162.jpg,PET_Bottle,pet_bottle,0.231,21.8358402,-160.1781290,0.60,0.56,0.335,0.66,0.55,1.11,1인,S206
2_459_7791_18162_2244,niihau_2_459_7791_18162.jpg,PET_Bottle,pet_bottle,0.189,21.8358934,-160.1780951,0.63,0.40,0.255,0.50,0.42,0.84,1인,S206
2_459_7791_18162_2245,niihau_2_459_7791_18162.jpg,PET_Bottle,pet_bottle,0.123,21.8358466,-160.1781725,0.40,0.14,0.056,0.11,0.09,0.18,1인,S206
2_459_9731_15808_2250,niihau_2_459_9731_15808.jpg,Plastic_ETC,plastic_other,0.115,21.8362383,-160.1777032,3.10,1.96,6.074,14.58,9.72,48.59,2인,S197
2_510_7419_12308_2252,niihau_2_510_7419_12308.jpg,Plastic_ETC,plastic_other,0.225,21.8434933,-160.1738614,0.71,0.70,0.497,1.19,0.80,3.98,1인,S207
2_510_7419_12308_2253,niihau_2_510_7419_12308.jpg,Glass,glass,0.220,21.8435372,-160.1737779,0.49,0.28,0.137,5.75,4.11,8.21,1인,S208
2_510_7419_12308_2254,niihau_2_510_7419_12308.jpg,Plastic_Buoy_China,plastic_buoy,0.201,21.8435034,-160.1738548,0.31,0.30,0.093,1.68,0.84,2.24,1인,S207
2_510_7419_12308_2255,niihau_2_510_7419_12308.jpg,Glass,glass,0.196,21.8435227,-160.1738415,0.19,0.15,0.028,1.19,0.85,1.70,1인,S207
2_510_7419_12308_2256,niihau_2_510_7419_12308.jpg,PET_Bottle,pet_bottle,0.163,21.8435388,-160.1737942,0.57,0.54,0.309,0.61,0.51,1.02,1인,S208
2_510_7419_12308_2257,niihau_2_510_7419_12308.jpg,Plastic_Buoy_China,plastic_buoy,0.158,21.8435186,-160.1738487,0.34,0.30,0.103,1.86,0.93,2.48,1인,S207
2_510_7419_12308_2258,niihau_2_510_7419_12308.jpg,PET_Bottle,pet_bottle,0.111,21.8434882,-160.1737935,0.54,0.25,0.137,0.27,0.23,0.45,1인,S208
2_510_7698_13491_2267,niihau_2_510_7698_13491.jpg,Plastic_ETC,plastic_other,0.472,21.8432821,-160.1737643,0.60,0.60,0.362,0.87,0.58,2.89,1인,S208
2_510_7698_13491_2268,niihau_2_510_7698_13491.jpg,Plastic_Buoy_China,plastic_buoy,0.256,21.8433198,-160.1737172,0.44,0.41,0.181,3.26,1.63,4.35,1인,S208
2_510_7698_13491_2269,niihau_2_510_7698_13491.jpg,Plastic_Buoy_China,plastic_buoy,0.209,21.8433611,-160.1737010,0.42,0.42,0.177,3.18,1.59,4.24,1인,S208
2_510_7698_13491_2270,niihau_2_510_7698_13491.jpg,Plastic_ETC,plastic_other,0.173,21.8433800,-160.1737175,3.44,1.20,4.125,9.90,6.60,33.00,2인,S208
2_510_7698_13491_2271,niihau_2_510_7698_13491.jpg,Plastic_Buoy_China,plastic_buoy,0.166,21.8432916,-160.1737263,0.34,0.31,0.107,1.92,0.96,2.57,1인,S208
2_510_7698_13491_2272,niihau_2_510_7698_13491.jpg,Plastic_ETC,plastic_other,0.163,21.8433312,-160.1737060,0.48,0.44,0.208,0.50,0.33,1.66,1인,S208
2_510_7698_13491_2273,niihau_2_510_7698_13491.jpg,Plastic_ETC,plastic_other,0.130,21.8433045,-160.1737597,0.56,0.52,0.293,0.70,0.47,2.34,1인,S208
2_510_7698_13491_2274,niihau_2_510_7698_13491.jpg,Plastic_ETC,plastic_other,0.120,21.8433833,-160.1737090,2.86,1.38,3.931,9.43,6.29,31.45,2인,S208
2_510_7698_13491_2275,niihau_2_510_7698_13491.jpg,Net,net,0.116,21.8432897,-160.1737184,0.51,0.45,0.226,4.07,1.70,10.18,1인,S208
2_510_7698_13491_2276,niihau_2_510_7698_13491.jpg,Plastic_ETC,plastic_other,0.108,21.8433713,-160.1737195,0.48,0.44,0.211,0.51,0.34,1.69,1인,S208
2_510_7698_13491_2277,niihau_2_510_7698_13491.jpg,PET_Bottle,pet_bottle,0.102,21.8433317,-160.1737575,0.42,0.30,0.128,0.25,0.21,0.42,1인,S208
2_510_7720_11277_2284,niihau_2_510_7720_11277.jpg,PET_Bottle,pet_bottle,0.308,21.8437309,-160.1737575,0.61,0.47,0.283,0.56,0.47,0.94,1인,S209
2_510_8017_13780_2286,niihau_2_510_8017_13780.jpg,PET_Bottle,pet_bottle,0.266,21.8433355,-160.1737001,0.41,0.35,0.145,0.29,0.24,0.48,1인,S208
2_510_8017_13780_2287,niihau_2_510_8017_13780.jpg,PET_Bottle,pet_bottle,0.233,21.8432333,-160.1737448,0.57,0.42,0.239,0.47,0.39,0.79,1인,S208
2_510_8017_13780_2288,niihau_2_510_8017_13780.jpg,Plastic_Buoy_China,plastic_buoy,0.200,21.8432917,-160.1737264,0.35,0.29,0.104,1.87,0.93,2.49,1인,S208
2_510_8017_13780_2289,niihau_2_510_8017_13780.jpg,Plastic_ETC,plastic_other,0.197,21.8432463,-160.1737387,0.85,0.70,0.595,1.43,0.95,4.76,1인,S208
2_510_8017_13780_2290,niihau_2_510_8017_13780.jpg,Plastic_Buoy_China,plastic_buoy,0.192,21.8433198,-160.1737171,0.44,0.41,0.182,3.27,1.63,4.36,1인,S208
2_510_8017_13780_2291,niihau_2_510_8017_13780.jpg,PET_Bottle,pet_bottle,0.170,21.8432835,-160.1737287,0.61,0.56,0.339,0.67,0.56,1.12,1인,S208
2_510_8017_13780_2292,niihau_2_510_8017_13780.jpg,Plastic_ETC,plastic_other,0.151,21.8433311,-160.1737060,0.49,0.44,0.215,0.52,0.34,1.72,1인,S208
2_510_8017_13780_2293,niihau_2_510_8017_13780.jpg,PET_Bottle,pet_bottle,0.126,21.8432742,-160.1737336,0.81,0.42,0.342,0.68,0.56,1.13,1인,S208
2_510_8017_13780_2294,niihau_2_510_8017_13780.jpg,PET_Bottle,pet_bottle,0.116,21.8432996,-160.1737065,0.98,0.72,0.710,1.41,1.17,2.34,1인,S208
2_510_8017_13780_2295,niihau_2_510_8017_13780.jpg,Styrofoam_Piece,eps_fragment,0.104,21.8433186,-160.1737399,0.41,0.37,0.152,0.09,0.06,0.30,1인,S208
2_510_8019_17907_2299,niihau_2_510_8019_17907.jpg,PET_Bottle,pet_bottle,0.347,21.8425140,-160.1736581,0.71,0.64,0.456,0.90,0.75,1.51,1인,S210
2_510_8019_17907_2300,niihau_2_510_8019_17907.jpg,PET_Bottle,pet_bottle,0.123,21.8425119,-160.1736277,0.42,0.34,0.146,0.29,0.24,0.48,1인,S210
2_510_8033_13446_2305,niihau_2_510_8033_13446.jpg,PET_Bottle,pet_bottle,0.381,21.8432841,-160.1737286,0.64,0.47,0.305,0.60,0.50,1.01,1인,S208
2_510_8033_13446_2306,niihau_2_510_8033_13446.jpg,Plastic_Buoy_China,plastic_buoy,0.285,21.8433197,-160.1737171,0.44,0.41,0.178,3.21,1.60,4.28,1인,S208
2_510_8033_13446_2307,niihau_2_510_8033_13446.jpg,Plastic_ETC,plastic_other,0.210,21.8433775,-160.1736532,0.52,0.48,0.254,0.61,0.41,2.04,1인,S208
2_510_8033_13446_2308,niihau_2_510_8033_13446.jpg,Plastic_Buoy_China,plastic_buoy,0.209,21.8433611,-160.1737011,0.40,0.40,0.161,2.90,1.45,3.87,1인,S208
2_510_8033_13446_2309,niihau_2_510_8033_13446.jpg,Plastic_ETC,plastic_other,0.194,21.8433662,-160.1736840,0.54,0.44,0.239,0.57,0.38,1.91,1인,S208
2_510_8033_13446_2310,niihau_2_510_8033_13446.jpg,Plastic_ETC,plastic_other,0.180,21.8433811,-160.1737156,3.53,1.41,4.971,11.93,7.95,39.77,2인,S208
2_510_8033_13446_2311,niihau_2_510_8033_13446.jpg,Plastic_ETC,plastic_other,0.161,21.8433510,-160.1736855,0.68,0.65,0.440,1.06,0.70,3.52,1인,S208
2_510_8033_13446_2312,niihau_2_510_8033_13446.jpg,Plastic_ETC,plastic_other,0.147,21.8433843,-160.1737034,3.70,1.60,5.925,14.22,9.48,47.40,2인,S208
2_510_8033_13446_2313,niihau_2_510_8033_13446.jpg,Plastic_ETC,plastic_other,0.131,21.8433712,-160.1737196,0.48,0.45,0.214,0.51,0.34,1.71,1인,S208
2_510_8033_13446_2314,niihau_2_510_8033_13446.jpg,Plastic_Buoy,plastic_buoy,0.119,21.8433312,-160.1737060,0.46,0.44,0.199,3.58,1.79,4.77,1인,S208
2_510_8104_11262_2319,niihau_2_510_8104_11262.jpg,Plastic_Buoy_China,plastic_buoy,0.355,21.8437443,-160.1736341,0.31,0.30,0.092,1.66,0.83,2.21,1인,S209
2_510_8104_11262_2320,niihau_2_510_8104_11262.jpg,Plastic_ETC,plastic_other,0.305,21.8437369,-160.1736252,0.49,0.47,0.231,0.55,0.37,1.84,1인,S209
2_510_8104_11262_2321,niihau_2_510_8104_11262.jpg,Plastic_Buoy_China,plastic_buoy,0.251,21.8437154,-160.1736321,0.34,0.34,0.114,2.06,1.03,2.75,1인,S209
2_510_8104_11262_2322,niihau_2_510_8104_11262.jpg,PET_Bottle,pet_bottle,0.161,21.8436879,-160.1736934,0.59,0.53,0.313,0.62,0.52,1.03,1인,S209
2_510_8104_11262_2323,niihau_2_510_8104_11262.jpg,Plastic_Buoy_China,plastic_buoy,0.158,21.8437367,-160.1736517,0.31,0.29,0.088,1.58,0.79,2.10,1인,S209
2_510_8104_11262_2324,niihau_2_510_8104_11262.jpg,Net,net,0.116,21.8437366,-160.1736601,0.29,0.28,0.081,1.45,0.60,3.63,1인,S209
2_510_8104_11262_2325,niihau_2_510_8104_11262.jpg,PET_Bottle,pet_bottle,0.109,21.8437404,-160.1736439,0.66,0.49,0.325,0.64,0.54,1.07,1인,S209
2_510_8104_11262_2326,niihau_2_510_8104_11262.jpg,Styrofoam_Piece,eps_fragment,0.103,21.8437126,-160.1736267,0.39,0.39,0.154,0.09,0.06,0.31,1인,S209
2_510_8117_10903_2333,niihau_2_510_8117_10903.jpg,Plastic_Buoy_China,plastic_buoy,0.253,21.8437443,-160.1736341,0.33,0.31,0.101,1.82,0.91,2.42,1인,S209
2_510_8117_10903_2334,niihau_2_510_8117_10903.jpg,PET_Bottle,pet_bottle,0.227,21.8437866,-160.1736866,0.43,0.36,0.153,0.30,0.25,0.51,1인,S209
2_510_8117_10903_2335,niihau_2_510_8117_10903.jpg,Glass,glass,0.105,21.8438007,-160.1737191,0.16,0.15,0.024,1.00,0.71,1.43,1인,S209
2_510_8349_17966_2339,niihau_2_510_8349_17966.jpg,PET_Bottle,pet_bottle,0.536,21.8425140,-160.1736580,0.70,0.60,0.419,0.83,0.69,1.38,1인,S210
2_510_8349_17966_2340,niihau_2_510_8349_17966.jpg,Plastic_ETC,plastic_other,0.307,21.8425239,-160.1736239,0.51,0.42,0.215,0.52,0.34,1.72,1인,S210
2_510_8349_17966_2341,niihau_2_510_8349_17966.jpg,Styrofoam_Piece,eps_fragment,0.179,21.8425110,-160.1736255,0.71,0.67,0.479,0.29,0.19,0.96,1인,S210
2_510_8349_17966_2342,niihau_2_510_8349_17966.jpg,PET_Bottle,pet_bottle,0.129,21.8425287,-160.1736626,0.78,0.62,0.480,0.95,0.79,1.58,1인,S210
2_510_8446_11178_2345,niihau_2_510_8446_11178.jpg,Plastic_Buoy_China,plastic_buoy,0.367,21.8437154,-160.1736321,0.35,0.34,0.119,2.14,1.07,2.85,1인,S209
2_510_8446_11178_2346,niihau_2_510_8446_11178.jpg,Plastic_ETC,plastic_other,0.288,21.8437833,-160.1735688,0.57,0.45,0.256,0.61,0.41,2.05,1인,S209
2_510_8446_11178_2347,niihau_2_510_8446_11178.jpg,Plastic_Buoy_China,plastic_buoy,0.246,21.8437443,-160.1736340,0.33,0.31,0.102,1.83,0.92,2.44,1인,S209
2_510_8446_11178_2348,niihau_2_510_8446_11178.jpg,PET_Bottle,pet_bottle,0.218,21.8437697,-160.1735611,0.74,0.58,0.429,0.85,0.71,1.41,1인,S209
2_510_8446_11178_2349,niihau_2_510_8446_11178.jpg,Plastic_ETC,plastic_other,0.195,21.8437369,-160.1736252,0.48,0.45,0.217,0.52,0.35,1.73,1인,S209
2_510_8446_11178_2350,niihau_2_510_8446_11178.jpg,Plastic_ETC,plastic_other,0.182,21.8437407,-160.1736438,0.59,0.47,0.279,0.67,0.45,2.23,1인,S209
2_510_8446_11178_2351,niihau_2_510_8446_11178.jpg,Net,net,0.154,21.8437117,-160.1735980,0.35,0.32,0.113,2.03,0.84,5.07,1인,S209
2_510_8446_11178_2352,niihau_2_510_8446_11178.jpg,Plastic_Buoy_China,plastic_buoy,0.142,21.8437367,-160.1736517,0.30,0.30,0.089,1.60,0.80,2.13,1인,S209
2_510_8446_11178_2353,niihau_2_510_8446_11178.jpg,Plastic_Buoy_China,plastic_buoy,0.119,21.8437373,-160.1736334,0.54,0.49,0.265,4.77,2.39,6.36,1인,S209
2_510_8446_11178_2354,niihau_2_510_8446_11178.jpg,Styrofoam_Piece,eps_fragment,0.107,21.8437503,-160.1736155,0.54,0.49,0.263,0.16,0.11,0.53,1인,S209
2_510_8446_11178_2355,niihau_2_510_8446_11178.jpg,Styrofoam_Piece,eps_fragment,0.106,21.8437276,-160.1735996,0.48,0.45,0.217,0.13,0.09,0.43,1인,S209
2_510_8456_12609_2358,niihau_2_510_8456_12609.jpg,Plastic_ETC,plastic_other,0.423,21.8435146,-160.1736446,0.98,0.94,0.922,2.21,1.48,7.38,1인,S208
2_510_8456_12609_2359,niihau_2_510_8456_12609.jpg,Plastic_ETC,plastic_other,0.273,21.8434365,-160.1736694,0.63,0.50,0.312,0.75,0.50,2.49,1인,S208
2_510_8456_12609_2360,niihau_2_510_8456_12609.jpg,Plastic_ETC,plastic_other,0.112,21.8435203,-160.1736307,0.50,0.48,0.241,0.58,0.39,1.93,1인,S208
2_510_8456_12609_2361,niihau_2_510_8456_12609.jpg,PET_Bottle,pet_bottle,0.109,21.8435191,-160.1736655,0.34,0.33,0.110,0.22,0.18,0.36,1인,S208
2_510_9063_11305_2365,niihau_2_510_9063_11305.jpg,Plastic_ETC,plastic_other,0.348,21.8436959,-160.1735197,0.72,0.60,0.429,1.03,0.69,3.43,1인,S209
2_510_9063_11305_2366,niihau_2_510_9063_11305.jpg,PET_Bottle,pet_bottle,0.300,21.8437465,-160.1735451,0.57,0.46,0.264,0.52,0.44,0.87,1인,S209
2_510_9063_11305_2367,niihau_2_510_9063_11305.jpg,Styrofoam_Piece,eps_fragment,0.178,21.8436822,-160.1735055,0.44,0.41,0.180,0.11,0.07,0.36,1인,S209
2_510_9291_10913_2378,niihau_2_510_9291_10913.jpg,Net,net,0.182,21.8437629,-160.1734524,0.49,0.38,0.187,3.37,1.40,8.42,1인,S209
2_510_9291_10913_2379,niihau_2_510_9291_10913.jpg,Styrofoam_Piece,eps_fragment,0.159,21.8438082,-160.1734470,0.46,0.40,0.184,0.11,0.07,0.37,1인,S211
2_510_9291_10913_2380,niihau_2_510_9291_10913.jpg,Plastic_ETC,plastic_other,0.153,21.8438449,-160.1734432,0.66,0.65,0.434,1.04,0.69,3.47,1인,S211
2_510_9291_10913_2381,niihau_2_510_9291_10913.jpg,Plastic_Buoy_China,plastic_buoy,0.135,21.8438340,-160.1734353,0.29,0.28,0.081,1.46,0.73,1.94,1인,S211
2_510_9291_10913_2382,niihau_2_510_9291_10913.jpg,Plastic_ETC,plastic_other,0.134,21.8438283,-160.1734245,0.70,0.67,0.467,1.12,0.75,3.73,1인,S211
2_510_9355_13527_2386,niihau_2_510_9355_13527.jpg,Plastic_ETC,plastic_other,0.117,21.8432715,-160.1734645,0.92,0.52,0.482,1.16,0.77,3.85,1인,S212
2_510_9460_11251_2387,niihau_2_510_9460_11251.jpg,PET_Bottle,pet_bottle,0.307,21.8436846,-160.1734788,0.37,0.34,0.124,0.25,0.20,0.41,1인,S209
2_510_9460_11251_2388,niihau_2_510_9460_11251.jpg,Plastic_Buoy_China,plastic_buoy,0.252,21.8437019,-160.1734198,0.46,0.37,0.172,3.10,1.55,4.13,1인,S211
2_510_9460_11251_2389,niihau_2_510_9460_11251.jpg,Net,net,0.145,21.8437293,-160.1734453,0.30,0.29,0.085,1.54,0.64,3.84,1인,S209
2_510_9460_11251_2390,niihau_2_510_9460_11251.jpg,Net,net,0.137,21.8437628,-160.1734523,0.49,0.38,0.188,3.39,1.41,8.47,1인,S209
2_510_9460_11251_2391,niihau_2_510_9460_11251.jpg,Plastic_Buoy_China,plastic_buoy,0.130,21.8437614,-160.1734248,0.39,0.37,0.142,2.56,1.28,3.42,1인,S211
2_510_9466_10599_2395,niihau_2_510_9466_10599.jpg,Plastic_ETC,plastic_other,0.159,21.8438448,-160.1734432,0.67,0.65,0.437,1.05,0.70,3.49,1인,S211
2_510_9466_10599_2396,niihau_2_510_9466_10599.jpg,Plastic_Buoy,plastic_buoy,0.139,21.8439124,-160.1734269,0.41,0.35,0.144,2.60,1.30,3.46,1인,S213
2_510_9466_10599_2397,niihau_2_510_9466_10599.jpg,Plastic_Buoy_China,plastic_buoy,0.134,21.8438340,-160.1734353,0.29,0.28,0.080,1.44,0.72,1.92,1인,S211
2_510_9466_10599_2398,niihau_2_510_9466_10599.jpg,Plastic_ETC,plastic_other,0.114,21.8438282,-160.1734246,0.69,0.66,0.455,1.09,0.73,3.64,1인,S211
2_511_-214_21453_2401,niihau_2_511_-214_21453.jpg,Plastic_ETC,plastic_other,0.435,21.8436863,-160.1733967,0.57,0.46,0.260,0.62,0.42,2.08,1인,S211
2_511_-214_21453_2402,niihau_2_511_-214_21453.jpg,Net,net,0.102,21.8437351,-160.1733955,0.46,0.41,0.188,3.39,1.41,8.47,1인,S211
2_511_-249_20952_2406,niihau_2_511_-249_20952.jpg,Plastic_ETC,plastic_other,0.381,21.8438582,-160.1734034,0.85,0.67,0.571,1.37,0.91,4.57,1인,S211
2_511_-249_20952_2407,niihau_2_511_-249_20952.jpg,Plastic_Buoy,plastic_buoy,0.224,21.8438120,-160.1733736,0.40,0.38,0.152,2.73,1.36,3.64,1인,S211
2_511_-249_20952_2408,niihau_2_511_-249_20952.jpg,Plastic_Buoy,plastic_buoy,0.179,21.8438269,-160.1733755,0.46,0.46,0.210,3.78,1.89,5.03,1인,S211
2_511_-249_20952_2409,niihau_2_511_-249_20952.jpg,Plastic_Buoy,plastic_buoy,0.171,21.8438150,-160.1733886,0.40,0.40,0.159,2.86,1.43,3.82,1인,S211
2_511_-249_20952_2410,niihau_2_511_-249_20952.jpg,Plastic_Buoy,plastic_buoy,0.156,21.8438553,-160.1733650,0.47,0.35,0.162,2.92,1.46,3.89,1인,S211
2_511_-249_20952_2411,niihau_2_511_-249_20952.jpg,Plastic_Buoy_China,plastic_buoy,0.135,21.8438522,-160.1734093,0.42,0.40,0.169,3.04,1.52,4.06,1인,S211
2_511_-249_20952_2412,niihau_2_511_-249_20952.jpg,PET_Bottle,pet_bottle,0.107,21.8438091,-160.1733907,0.50,0.42,0.213,0.42,0.35,0.70,1인,S211
2_511_-309_23729_2415,niihau_2_511_-309_23729.jpg,Plastic_ETC,plastic_other,0.115,21.8433392,-160.1733788,0.74,0.66,0.491,1.18,0.79,3.93,1인,S212
2_511_1073_15311_2416,niihau_2_511_1073_15311.jpg,Styrofoam_Piece,eps_fragment,0.253,21.8448747,-160.1732351,0.53,0.49,0.261,0.16,0.10,0.52,1인,S214
2_511_1073_15311_2417,niihau_2_511_1073_15311.jpg,Styrofoam_Piece,eps_fragment,0.127,21.8448591,-160.1732310,0.47,0.43,0.201,0.12,0.08,0.40,1인,S214
2_511_129_23025_2418,niihau_2_511_129_23025.jpg,PET_Bottle,pet_bottle,0.164,21.8434394,-160.1733001,0.42,0.37,0.155,0.31,0.26,0.51,1인,S212
2_511_132_20268_2422,niihau_2_511_132_20268.jpg,Plastic_Buoy_China,plastic_buoy,0.241,21.8440088,-160.1734053,0.37,0.37,0.136,2.45,1.23,3.27,1인,S213
2_511_132_20268_2423,niihau_2_511_132_20268.jpg,Plastic_ETC,plastic_other,0.230,21.8439174,-160.1733196,0.61,0.56,0.340,0.82,0.54,2.72,1인,S213
2_511_132_20268_2424,niihau_2_511_132_20268.jpg,PET_Bottle,pet_bottle,0.185,21.8438985,-160.1733312,0.56,0.48,0.266,0.53,0.44,0.88,1인,S213
2_511_132_20268_2425,niihau_2_511_132_20268.jpg,Plastic_ETC,plastic_other,0.183,21.8439518,-160.1733522,0.76,0.76,0.578,1.39,0.93,4.63,1인,S213
2_511_132_20268_2426,niihau_2_511_132_20268.jpg,Net,net,0.102,21.8439943,-160.1733084,0.42,0.36,0.151,2.71,1.13,6.78,1인,S213
2_511_16_19835_2430,niihau_2_511_16_19835.jpg,Plastic_ETC,plastic_other,0.291,21.8440309,-160.1733758,0.87,0.86,0.750,1.80,1.20,6.00,1인,S213
2_511_16_19835_2431,niihau_2_511_16_19835.jpg,Plastic_Buoy_China,plastic_buoy,0.185,21.8440090,-160.1734055,0.44,0.41,0.181,3.25,1.63,4.33,1인,S213
2_511_16_19835_2432,niihau_2_511_16_19835.jpg,Plastic_Buoy,plastic_buoy,0.120,21.8440494,-160.1734226,0.66,0.45,0.299,5.38,2.69,7.17,1인,S213
2_511_2823_18455_2434,niihau_2_511_2823_18455.jpg,PET_Bottle,pet_bottle,0.340,21.8442838,-160.1728336,0.82,0.55,0.446,0.88,0.74,1.47,1인,S215
2_511_314_20788_2436,niihau_2_511_314_20788.jpg,Plastic_ETC,plastic_other,0.371,21.8438876,-160.1733154,0.60,0.57,0.340,0.82,0.54,2.72,1인,S211
2_511_314_20788_2437,niihau_2_511_314_20788.jpg,PET_Bottle,pet_bottle,0.316,21.8438277,-160.1733134,0.58,0.46,0.267,0.53,0.44,0.88,1인,S211
2_511_314_20788_2438,niihau_2_511_314_20788.jpg,Plastic_ETC,plastic_other,0.232,21.8438493,-160.1733239,0.62,0.60,0.372,0.89,0.60,2.98,1인,S211
2_511_314_20788_2439,niihau_2_511_314_20788.jpg,Plastic_ETC,plastic_other,0.221,21.8438594,-160.1733161,1.17,0.66,0.776,1.86,1.24,6.21,1인,S211
2_511_314_20788_2440,niihau_2_511_314_20788.jpg,Plastic_ETC,plastic_other,0.209,21.8438552,-160.1733643,0.50,0.50,0.252,0.60,0.40,2.02,1인,S211
2_511_314_20788_2441,niihau_2_511_314_20788.jpg,Plastic_Buoy,plastic_buoy,0.207,21.8438269,-160.1733756,0.47,0.46,0.218,3.92,1.96,5.22,1인,S211
2_511_314_20788_2442,niihau_2_511_314_20788.jpg,Plastic_Buoy,plastic_buoy,0.117,21.8438682,-160.1733365,0.45,0.41,0.182,3.28,1.64,4.37,1인,S211
2_511_314_20788_2443,niihau_2_511_314_20788.jpg,PET_Bottle,pet_bottle,0.113,21.8438988,-160.1733313,0.53,0.49,0.259,0.51,0.43,0.86,1인,S213
2_511_5061_5758_2449,niihau_2_511_5061_5758.jpg,Glass,glass,0.280,21.8466020,-160.1724428,0.29,0.20,0.059,2.47,1.76,3.53,1인,S216
2_511_7752_2859_2452,niihau_2_511_7752_2859.jpg,Plastic_ETC,plastic_other,0.389,21.8471082,-160.1719033,0.49,0.45,0.223,0.53,0.36,1.78,1인,S217
2_511_7752_2859_2453,niihau_2_511_7752_2859.jpg,PET_Bottle,pet_bottle,0.324,21.8471651,-160.1719191,0.44,0.26,0.117,0.23,0.19,0.39,1인,S217
2_511_7752_2859_2454,niihau_2_511_7752_2859.jpg,PET_Bottle,pet_bottle,0.303,21.8470518,-160.1718674,0.45,0.17,0.076,0.15,0.13,0.25,1인,S217
2_511_7752_2859_2455,niihau_2_511_7752_2859.jpg,PET_Bottle,pet_bottle,0.267,21.8470527,-160.1718853,0.57,0.39,0.226,0.45,0.37,0.74,1인,S217
2_511_7752_2859_2456,niihau_2_511_7752_2859.jpg,PET_Bottle,pet_bottle,0.264,21.8470898,-160.1718932,0.53,0.49,0.259,0.51,0.43,0.85,1인,S217
2_511_7752_2859_2457,niihau_2_511_7752_2859.jpg,Plastic_ETC,plastic_other,0.207,21.8471536,-160.1718741,0.47,0.45,0.210,0.50,0.34,1.68,1인,S217
2_511_7752_2859_2458,niihau_2_511_7752_2859.jpg,Plastic_Buoy_China,plastic_buoy,0.207,21.8471010,-160.1718747,0.40,0.39,0.155,2.79,1.40,3.72,1인,S217
2_511_7752_2859_2459,niihau_2_511_7752_2859.jpg,Plastic_Buoy_China,plastic_buoy,0.204,21.8470655,-160.1718707,0.35,0.35,0.122,2.20,1.10,2.93,1인,S217
2_511_7752_2859_2460,niihau_2_511_7752_2859.jpg,PET_Bottle,pet_bottle,0.118,21.8470515,-160.1718574,0.32,0.09,0.029,0.06,0.05,0.10,1인,S217
2_511_775_13843_2461,niihau_2_511_775_13843.jpg,Plastic_ETC,plastic_other,0.451,21.8451295,-160.1732630,0.74,0.69,0.513,1.23,0.82,4.10,1인,S218
2_511_775_13843_2462,niihau_2_511_775_13843.jpg,Plastic_Buoy_China,plastic_buoy,0.362,21.8451695,-160.1732895,0.62,0.56,0.348,6.26,3.13,8.34,1인,S218
2_511_775_13843_2463,niihau_2_511_775_13843.jpg,PET_Bottle,pet_bottle,0.168,21.8451480,-160.1732801,0.46,0.41,0.189,0.37,0.31,0.62,1인,S218
2_511_775_13843_2464,niihau_2_511_775_13843.jpg,Plastic_ETC,plastic_other,0.161,21.8451101,-160.1732419,1.05,0.70,0.729,1.75,1.17,5.84,1인,S218
2_511_775_13843_2465,niihau_2_511_775_13843.jpg,PET_Bottle,pet_bottle,0.159,21.8451670,-160.1732276,0.53,0.52,0.273,0.54,0.45,0.90,1인,S218
2_511_775_13843_2466,niihau_2_511_775_13843.jpg,Net,net,0.147,21.8451223,-160.1732359,0.36,0.31,0.109,1.96,0.82,4.90,1인,S218
2_511_8069_2845_2470,niihau_2_511_8069_2845.jpg,Plastic_ETC,plastic_other,0.336,21.8471537,-160.1718740,0.48,0.47,0.228,0.55,0.36,1.82,1인,S217
2_511_8069_2845_2471,niihau_2_511_8069_2845.jpg,Plastic_ETC,plastic_other,0.266,21.8471082,-160.1719024,0.44,0.32,0.139,0.33,0.22,1.11,1인,S217
2_511_8069_2845_2472,niihau_2_511_8069_2845.jpg,PET_Bottle,pet_bottle,0.256,21.8471108,-160.1718306,0.46,0.44,0.206,0.41,0.34,0.68,1인,S217
2_511_8069_2845_2473,niihau_2_511_8069_2845.jpg,Plastic_Buoy_China,plastic_buoy,0.198,21.8470656,-160.1718708,0.34,0.34,0.118,2.13,1.06,2.84,1인,S217
2_511_8069_2845_2474,niihau_2_511_8069_2845.jpg,Net,net,0.161,21.8470788,-160.1717957,0.46,0.44,0.203,3.65,1.52,9.12,1인,S217
2_511_8069_2845_2475,niihau_2_511_8069_2845.jpg,Plastic_Buoy_China,plastic_buoy,0.124,21.8471010,-160.1718747,0.44,0.42,0.182,3.27,1.64,4.36,1인,S217
2_511_8069_2845_2476,niihau_2_511_8069_2845.jpg,Glass,glass,0.115,21.8470672,-160.1718098,0.17,0.15,0.025,1.05,0.75,1.50,1인,S217
2_511_8069_2845_2477,niihau_2_511_8069_2845.jpg,Plastic_ETC,plastic_other,0.101,21.8470730,-160.1718402,0.58,0.54,0.310,0.75,0.50,2.48,1인,S217
2_511_8964_2258_2480,niihau_2_511_8964_2258.jpg,Plastic_ETC,plastic_other,0.440,21.8471902,-160.1716576,0.60,0.46,0.274,0.66,0.44,2.19,1인,S219
2_511_8964_2258_2481,niihau_2_511_8964_2258.jpg,PET_Bottle,pet_bottle,0.399,21.8472341,-160.1716298,0.78,0.63,0.496,0.98,0.82,1.64,1인,S219
2_511_8964_2258_2482,niihau_2_511_8964_2258.jpg,Plastic_ETC,plastic_other,0.293,21.8472187,-160.1716700,0.49,0.46,0.227,0.54,0.36,1.81,1인,S219
2_511_8964_2258_2483,niihau_2_511_8964_2258.jpg,Plastic_Buoy_China,plastic_buoy,0.257,21.8472213,-160.1716553,0.56,0.52,0.290,5.23,2.61,6.97,1인,S219
2_511_8964_2258_2484,niihau_2_511_8964_2258.jpg,Styrofoam_Piece,eps_fragment,0.210,21.8472670,-160.1716841,0.47,0.46,0.218,0.13,0.09,0.44,1인,S219
2_511_8964_2258_2485,niihau_2_511_8964_2258.jpg,Plastic_Buoy_China,plastic_buoy,0.187,21.8471931,-160.1717215,0.48,0.44,0.211,3.80,1.90,5.07,1인,S219
2_511_8964_2258_2486,niihau_2_511_8964_2258.jpg,Glass,glass,0.172,21.8472108,-160.1717170,0.47,0.25,0.120,5.02,3.59,7.17,1인,S219
2_511_8964_2258_2487,niihau_2_511_8964_2258.jpg,Net,net,0.104,21.8472243,-160.1716503,0.40,0.39,0.158,2.85,1.19,7.12,1인,S219
2_511_9211_1670_2492,niihau_2_511_9211_1670.jpg,Plastic_ETC,plastic_other,0.383,21.8473227,-160.1716034,0.51,0.50,0.258,0.62,0.41,2.07,1인,S219
2_511_9211_1670_2493,niihau_2_511_9211_1670.jpg,Plastic_Buoy_China,plastic_buoy,0.330,21.8473153,-160.1716026,0.40,0.39,0.156,2.80,1.40,3.73,1인,S219
2_511_9211_1670_2494,niihau_2_511_9211_1670.jpg,Plastic_ETC,plastic_other,0.228,21.8472858,-160.1716640,0.61,0.51,0.314,0.75,0.50,2.51,1인,S219
2_511_9211_1670_2495,niihau_2_511_9211_1670.jpg,Plastic_Buoy_China,plastic_buoy,0.173,21.8472805,-160.1716382,0.48,0.45,0.218,3.93,1.97,5.24,1인,S219
2_511_9211_1670_2496,niihau_2_511_9211_1670.jpg,Plastic_Buoy_China,plastic_buoy,0.170,21.8473445,-160.1715855,0.31,0.29,0.092,1.65,0.83,2.21,1인,S219
2_511_9211_1670_2497,niihau_2_511_9211_1670.jpg,Plastic_ETC,plastic_other,0.152,21.8472948,-160.1716221,0.47,0.43,0.201,0.48,0.32,1.61,1인,S219
2_511_9211_1670_2498,niihau_2_511_9211_1670.jpg,Plastic_Buoy_China,plastic_buoy,0.137,21.8472918,-160.1716678,0.42,0.41,0.170,3.06,1.53,4.07,1인,S219
2_511_9211_1670_2499,niihau_2_511_9211_1670.jpg,Glass,glass,0.121,21.8473827,-160.1715909,0.20,0.15,0.029,1.20,0.86,1.72,1인,S219
2_511_9211_1670_2500,niihau_2_511_9211_1670.jpg,PET_Bottle,pet_bottle,0.110,21.8472993,-160.1715718,0.39,0.36,0.138,0.27,0.23,0.45,1인,S219
2_511_9211_1670_2501,niihau_2_511_9211_1670.jpg,PET_Bottle,pet_bottle,0.108,21.8472779,-160.1716170,0.48,0.45,0.215,0.43,0.36,0.71,1인,S219
2_511_9211_1670_2502,niihau_2_511_9211_1670.jpg,PET_Bottle,pet_bottle,0.103,21.8473704,-160.1716367,0.39,0.32,0.128,0.25,0.21,0.42,1인,S219
2_511_9324_2206_2507,niihau_2_511_9324_2206.jpg,Plastic_ETC,plastic_other,0.450,21.8471901,-160.1716576,0.61,0.48,0.289,0.69,0.46,2.31,1인,S219
2_511_9324_2206_2508,niihau_2_511_9324_2206.jpg,PET_Bottle,pet_bottle,0.355,21.8472341,-160.1716298,0.77,0.66,0.507,1.00,0.84,1.67,1인,S219
2_511_9324_2206_2509,niihau_2_511_9324_2206.jpg,Plastic_Buoy_China,plastic_buoy,0.319,21.8472215,-160.1716554,0.57,0.54,0.308,5.55,2.77,7.39,1인,S219
2_511_9324_2206_2510,niihau_2_511_9324_2206.jpg,Plastic_ETC,plastic_other,0.188,21.8472804,-160.1716381,0.46,0.46,0.211,0.51,0.34,1.69,1인,S219
2_511_9324_2206_2511,niihau_2_511_9324_2206.jpg,Net,net,0.111,21.8472242,-160.1716503,0.41,0.40,0.167,3.01,1.25,7.52,1인,S219
2_511_9324_2206_2512,niihau_2_511_9324_2206.jpg,PET_Bottle,pet_bottle,0.101,21.8472119,-160.1716608,0.40,0.24,0.096,0.19,0.16,0.32,1인,S219
2_511_9362_1338_2515,niihau_2_511_9362_1338.jpg,Plastic_Buoy_China,plastic_buoy,0.337,21.8473445,-160.1715855,0.30,0.30,0.089,1.60,0.80,2.13,1인,S219
2_511_9362_1338_2516,niihau_2_511_9362_1338.jpg,Plastic_ETC,plastic_other,0.215,21.8473957,-160.1715669,0.43,0.41,0.178,0.43,0.28,1.42,1인,S220
2_511_9362_1338_2517,niihau_2_511_9362_1338.jpg,Plastic_ETC,plastic_other,0.184,21.8473848,-160.1715933,0.65,0.63,0.414,0.99,0.66,3.31,1인,S219
2_511_9362_1338_2518,niihau_2_511_9362_1338.jpg,Plastic_Buoy_China,plastic_buoy,0.178,21.8473739,-160.1715591,0.36,0.35,0.125,2.26,1.13,3.01,1인,S219
2_511_9362_1338_2519,niihau_2_511_9362_1338.jpg,Plastic_Buoy_China,plastic_buoy,0.148,21.8474160,-160.1715643,0.34,0.30,0.104,1.87,0.94,2.50,1인,S220
2_511_9362_1338_2520,niihau_2_511_9362_1338.jpg,PET_Bottle,pet_bottle,0.102,21.8473703,-160.1716364,0.42,0.34,0.143,0.28,0.24,0.47,1인,S219
2_511_9595_1657_2524,niihau_2_511_9595_1657.jpg,PET_Bottle,pet_bottle,0.410,21.8473839,-160.1714917,0.57,0.50,0.283,0.56,0.47,0.93,1인,S220
2_511_9595_1657_2525,niihau_2_511_9595_1657.jpg,Plastic_ETC,plastic_other,0.396,21.8473227,-160.1716034,0.53,0.51,0.268,0.64,0.43,2.14,1인,S219
2_511_9595_1657_2526,niihau_2_511_9595_1657.jpg,PET_Bottle,pet_bottle,0.212,21.8473385,-160.1715288,0.65,0.60,0.393,0.78,0.65,1.30,1인,S219
2_511_9595_1657_2527,niihau_2_511_9595_1657.jpg,Plastic_Buoy_China,plastic_buoy,0.202,21.8473445,-160.1715855,0.31,0.31,0.095,1.71,0.86,2.29,1인,S219
2_511_9595_1657_2528,niihau_2_511_9595_1657.jpg,Plastic_Buoy_China,plastic_buoy,0.138,21.8473739,-160.1715591,0.35,0.34,0.121,2.17,1.09,2.90,1인,S219
2_511_9595_1657_2529,niihau_2_511_9595_1657.jpg,Plastic_Buoy_China,plastic_buoy,0.130,21.8473152,-160.1716026,0.41,0.38,0.157,2.82,1.41,3.76,1인,S219
2_51_10665_20220_2533,niihau_2_51_10665_20220.jpg,Plastic_Buoy,plastic_buoy,0.594,21.7870101,-160.2024485,0.46,0.43,0.201,3.62,1.81,4.82,1인,S221
2_51_10665_20220_2534,niihau_2_51_10665_20220.jpg,Plastic_Buoy,plastic_buoy,0.475,21.7870034,-160.2024407,0.47,0.44,0.208,3.75,1.87,5.00,1인,S221
2_51_10665_20220_2535,niihau_2_51_10665_20220.jpg,Styrofoam_Buoy,eps_buoy,0.409,21.7869820,-160.2024337,0.82,0.75,0.622,5.44,2.33,6.22,1인,S221
2_51_10665_20220_2536,niihau_2_51_10665_20220.jpg,Plastic_Buoy,plastic_buoy,0.339,21.7869747,-160.2024907,0.50,0.32,0.160,2.89,1.44,3.85,1인,S221
2_51_10665_20220_2537,niihau_2_51_10665_20220.jpg,Styrofoam_Buoy,eps_buoy,0.180,21.7869808,-160.2024450,1.47,1.42,2.080,18.20,7.80,20.80,1인,S221
2_51_10665_20220_2538,niihau_2_51_10665_20220.jpg,Plastic_Buoy,plastic_buoy,0.126,21.7869633,-160.2023768,0.38,0.33,0.123,2.22,1.11,2.96,1인,S221
2_51_6938_12580_2540,niihau_2_51_6938_12580.jpg,Net,net,0.302,21.7883567,-160.2031656,0.54,0.47,0.251,4.52,1.89,11.31,1인,S222
2_51_6938_12580_2541,niihau_2_51_6938_12580.jpg,Plastic_ETC,plastic_other,0.223,21.7883865,-160.2031478,0.68,0.47,0.320,0.77,0.51,2.56,1인,S222
2_51_6938_12580_2542,niihau_2_51_6938_12580.jpg,PET_Bottle,pet_bottle,0.219,21.7883637,-160.2031663,0.71,0.39,0.278,0.55,0.46,0.92,1인,S222
2_51_6938_12580_2543,niihau_2_51_6938_12580.jpg,Net,net,0.208,21.7883160,-160.2031821,0.43,0.38,0.160,2.88,1.20,7.21,1인,S222
2_51_6938_12580_2544,niihau_2_51_6938_12580.jpg,PET_Bottle,pet_bottle,0.174,21.7884089,-160.2031690,0.74,0.45,0.329,0.65,0.54,1.09,1인,S222
2_51_6938_12580_2545,niihau_2_51_6938_12580.jpg,Plastic_ETC,plastic_other,0.165,21.7883869,-160.2031594,0.73,0.67,0.488,1.17,0.78,3.90,1인,S222
2_51_6938_12580_2546,niihau_2_51_6938_12580.jpg,Net,net,0.144,21.7883643,-160.2031616,0.47,0.42,0.200,3.59,1.50,8.98,1인,S222
2_51_6938_12580_2547,niihau_2_51_6938_12580.jpg,Plastic_ETC,plastic_other,0.136,21.7883692,-160.2031780,0.70,0.69,0.482,1.16,0.77,3.86,1인,S222
2_51_6938_12580_2548,niihau_2_51_6938_12580.jpg,Net,net,0.115,21.7883893,-160.2031649,0.55,0.48,0.266,4.79,2.00,11.98,1인,S222
2_51_7288_12516_2551,niihau_2_51_7288_12516.jpg,Plastic_ETC,plastic_other,0.342,21.7883350,-160.2030688,0.71,0.61,0.433,1.04,0.69,3.47,1인,S223
2_51_7288_12516_2552,niihau_2_51_7288_12516.jpg,Plastic_ETC,plastic_other,0.214,21.7883705,-160.2030744,3.24,0.97,3.157,7.58,5.05,25.25,2인,S222
2_51_7288_12516_2553,niihau_2_51_7288_12516.jpg,Plastic_ETC,plastic_other,0.197,21.7883863,-160.2031478,0.67,0.42,0.278,0.67,0.44,2.22,1인,S222
2_51_7288_12516_2554,niihau_2_51_7288_12516.jpg,Net,net,0.188,21.7884245,-160.2030679,0.50,0.47,0.233,4.20,1.75,10.50,1인,S222
2_51_7288_12516_2555,niihau_2_51_7288_12516.jpg,Plastic_ETC,plastic_other,0.182,21.7883869,-160.2031591,0.74,0.66,0.485,1.16,0.78,3.88,1인,S222
2_51_7308_14354_2561,niihau_2_51_7308_14354.jpg,Plastic_Buoy_China,plastic_buoy,0.530,21.7880912,-160.2031233,0.44,0.42,0.187,3.37,1.69,4.50,1인,S223
2_51_7308_14354_2562,niihau_2_51_7308_14354.jpg,Plastic_ETC,plastic_other,0.435,21.7880024,-160.2031300,0.62,0.58,0.361,0.87,0.58,2.89,1인,S224
2_51_7308_14354_2563,niihau_2_51_7308_14354.jpg,Plastic_ETC,plastic_other,0.431,21.7880459,-160.2031150,0.54,0.46,0.248,0.60,0.40,1.99,1인,S223
2_51_7308_14354_2564,niihau_2_51_7308_14354.jpg,Plastic_ETC,plastic_other,0.271,21.7880210,-160.2031425,0.93,0.86,0.798,1.92,1.28,6.39,1인,S224
2_51_7308_14354_2565,niihau_2_51_7308_14354.jpg,Plastic_ETC,plastic_other,0.222,21.7880442,-160.2030899,0.60,0.42,0.252,0.60,0.40,2.01,1인,S223
2_51_7308_14354_2566,niihau_2_51_7308_14354.jpg,Plastic_ETC,plastic_other,0.209,21.7881039,-160.2030717,1.08,0.94,1.014,2.43,1.62,8.12,1인,S223
2_51_7308_14354_2567,niihau_2_51_7308_14354.jpg,Plastic_ETC,plastic_other,0.124,21.7880705,-160.2030800,0.64,0.56,0.358,0.86,0.57,2.87,1인,S223
2_51_7308_14354_2568,niihau_2_51_7308_14354.jpg,PET_Bottle,pet_bottle,0.118,21.7880201,-160.2030503,0.61,0.32,0.194,0.38,0.32,0.64,1인,S223
2_51_7558_13954_2571,niihau_2_51_7558_13954.jpg,Plastic_ETC,plastic_other,0.293,21.7881478,-160.2030951,0.60,0.43,0.259,0.62,0.42,2.08,1인,S223
2_51_7558_13954_2572,niihau_2_51_7558_13954.jpg,PET_Bottle,pet_bottle,0.247,21.7880943,-160.2030061,0.51,0.27,0.137,0.27,0.23,0.45,1인,S223
2_51_7558_13954_2573,niihau_2_51_7558_13954.jpg,PET_Bottle,pet_bottle,0.200,21.7881203,-160.2030325,0.66,0.43,0.282,0.56,0.47,0.93,1인,S223
2_51_7558_13954_2574,niihau_2_51_7558_13954.jpg,Plastic_ETC,plastic_other,0.180,21.7881038,-160.2030715,1.04,0.90,0.938,2.25,1.50,7.50,1인,S223
2_51_7558_13954_2575,niihau_2_51_7558_13954.jpg,Plastic_ETC,plastic_other,0.177,21.7880705,-160.2030801,0.62,0.53,0.332,0.80,0.53,2.65,1인,S223
2_51_7558_13954_2576,niihau_2_51_7558_13954.jpg,Plastic_ETC,plastic_other,0.148,21.7881369,-160.2030134,0.76,0.71,0.545,1.31,0.87,4.36,1인,S223
2_51_7558_13954_2577,niihau_2_51_7558_13954.jpg,PET_Bottle,pet_bottle,0.133,21.7881168,-160.2029899,0.62,0.38,0.236,0.47,0.39,0.78,1인,S223
2_51_7558_13954_2578,niihau_2_51_7558_13954.jpg,Rope,rope,0.108,21.7881653,-160.2030104,1.16,1.00,1.168,14.01,9.34,23.35,2인,S223
2_51_9456_18823_2583,niihau_2_51_9456_18823.jpg,PET_Bottle,pet_bottle,0.132,21.7872042,-160.2026331,0.54,0.49,0.260,0.52,0.43,0.86,1인,S225
2_51_9456_18823_2584,niihau_2_51_9456_18823.jpg,Plastic_ETC,plastic_other,0.100,21.7872900,-160.2027272,2.86,1.36,3.889,9.33,6.22,31.11,2인,S225
2_561_10971_6673_2588,niihau_2_561_10971_6673.jpg,Plastic_ETC,plastic_other,0.131,21.8488752,-160.1703513,0.50,0.44,0.221,0.53,0.35,1.77,1인,S226
2_561_10971_6673_2589,niihau_2_561_10971_6673.jpg,PET_Bottle,pet_bottle,0.127,21.8489317,-160.1703080,0.45,0.34,0.153,0.30,0.25,0.51,1인,S226
2_562_-84_27724_2591,niihau_2_562_-84_27724.jpg,Plastic_ETC,plastic_other,0.283,21.8489400,-160.1702703,0.51,0.46,0.235,0.56,0.38,1.88,1인,S226
2_562_-84_27724_2592,niihau_2_562_-84_27724.jpg,Plastic_ETC,plastic_other,0.254,21.8488971,-160.1702416,0.57,0.50,0.285,0.68,0.46,2.28,1인,S226
2_562_-84_27724_2593,niihau_2_562_-84_27724.jpg,Styrofoam_Piece,eps_fragment,0.142,21.8489576,-160.1702756,0.38,0.36,0.134,0.08,0.05,0.27,1인,S226
2_562_-84_27724_2594,niihau_2_562_-84_27724.jpg,PET_Bottle,pet_bottle,0.106,21.8489398,-160.1702767,0.43,0.33,0.141,0.28,0.23,0.47,1인,S226
2_562_-84_27724_2595,niihau_2_562_-84_27724.jpg,Glass,glass,0.101,21.8489107,-160.1702416,0.23,0.15,0.035,1.47,1.05,2.09,1인,S226
2_562_11503_13778_2599,niihau_2_562_11503_13778.jpg,Styrofoam_Piece,eps_fragment,0.311,21.8514105,-160.1679946,0.53,0.51,0.271,0.16,0.11,0.54,1인,S227
2_562_11503_13778_2600,niihau_2_562_11503_13778.jpg,PET_Bottle,pet_bottle,0.245,21.8514619,-160.1680321,0.67,0.66,0.444,0.88,0.73,1.46,1인,S227
2_562_11503_13778_2601,niihau_2_562_11503_13778.jpg,Plastic_ETC,plastic_other,0.153,21.8514233,-160.1679821,0.44,0.35,0.156,0.37,0.25,1.24,1인,S227
2_562_11503_13778_2602,niihau_2_562_11503_13778.jpg,PET_Bottle,pet_bottle,0.132,21.8514589,-160.1680394,0.39,0.28,0.108,0.21,0.18,0.36,1인,S227
2_562_12800_5297_2605,niihau_2_562_12800_5297.jpg,Plastic_ETC,plastic_other,0.193,21.8529870,-160.1677987,1.15,0.95,1.096,2.63,1.75,8.77,1인,S228
2_562_12800_5297_2606,niihau_2_562_12800_5297.jpg,PET_Bottle,pet_bottle,0.166,21.8529893,-160.1678239,0.39,0.39,0.153,0.30,0.25,0.50,1인,S228
2_562_16036_3278_2608,niihau_2_562_16036_3278.jpg,PET_Bottle,pet_bottle,0.456,21.8533564,-160.1671696,0.74,0.60,0.445,0.88,0.73,1.47,1인,S229
2_562_2263_25053_2611,niihau_2_562_2263_25053.jpg,PET_Bottle,pet_bottle,0.428,21.8494098,-160.1698137,0.67,0.64,0.430,0.85,0.71,1.42,1인,S230
2_562_2263_25053_2612,niihau_2_562_2263_25053.jpg,PET_Bottle,pet_bottle,0.343,21.8494264,-160.1698548,0.72,0.60,0.431,0.85,0.71,1.42,1인,S230
2_562_2263_25053_2613,niihau_2_562_2263_25053.jpg,PET_Bottle,pet_bottle,0.320,21.8494031,-160.1697584,0.46,0.39,0.177,0.35,0.29,0.58,1인,S230
2_562_2263_25053_2614,niihau_2_562_2263_25053.jpg,PET_Bottle,pet_bottle,0.183,21.8493980,-160.1697829,0.39,0.36,0.142,0.28,0.23,0.47,1인,S230
2_562_2263_25053_2615,niihau_2_562_2263_25053.jpg,PET_Bottle,pet_bottle,0.161,21.8493756,-160.1698483,0.51,0.30,0.155,0.31,0.26,0.51,1인,S231
2_562_2263_25053_2616,niihau_2_562_2263_25053.jpg,PET_Bottle,pet_bottle,0.156,21.8493677,-160.1698228,0.55,0.45,0.247,0.49,0.41,0.81,1인,S230
2_562_2265_24327_2620,niihau_2_562_2265_24327.jpg,Plastic_ETC,plastic_other,0.335,21.8495344,-160.1698375,0.52,0.45,0.234,0.56,0.37,1.87,1인,S230
2_562_2265_24327_2621,niihau_2_562_2265_24327.jpg,Plastic_ETC,plastic_other,0.294,21.8494928,-160.1697884,0.84,0.75,0.631,1.52,1.01,5.05,1인,S230
2_562_2265_24327_2622,niihau_2_562_2265_24327.jpg,Net,net,0.267,21.8495607,-160.1698102,0.49,0.46,0.223,4.02,1.67,10.04,1인,S230
2_562_2265_24327_2623,niihau_2_562_2265_24327.jpg,Plastic_ETC,plastic_other,0.142,21.8495685,-160.1697994,0.43,0.43,0.189,0.45,0.30,1.51,1인,S230
2_562_2265_24327_2624,niihau_2_562_2265_24327.jpg,Plastic_ETC,plastic_other,0.128,21.8495562,-160.1698228,0.42,0.39,0.166,0.40,0.27,1.33,1인,S230
2_562_2265_24327_2625,niihau_2_562_2265_24327.jpg,Net,net,0.121,21.8495190,-160.1698153,0.48,0.41,0.198,3.56,1.49,8.91,1인,S230
2_562_2597_24685_2627,niihau_2_562_2597_24685.jpg,Plastic_ETC,plastic_other,0.356,21.8494929,-160.1697885,0.83,0.75,0.619,1.49,0.99,4.96,1인,S230
2_562_2597_24685_2628,niihau_2_562_2597_24685.jpg,Plastic_ETC,plastic_other,0.239,21.8494957,-160.1696953,3.11,1.00,3.105,7.45,4.97,24.84,2인,S230
2_562_2611_24066_2629,niihau_2_562_2611_24066.jpg,Plastic_ETC,plastic_other,0.231,21.8495829,-160.1697404,0.66,0.66,0.437,1.05,0.70,3.50,1인,S230
2_562_2611_24066_2630,niihau_2_562_2611_24066.jpg,Styrofoam_Piece,eps_fragment,0.161,21.8496003,-160.1697318,0.66,0.61,0.404,0.24,0.16,0.81,1인,S230
2_562_2611_24066_2631,niihau_2_562_2611_24066.jpg,Plastic_ETC,plastic_other,0.143,21.8495684,-160.1697996,0.48,0.46,0.221,0.53,0.35,1.77,1인,S230
2_562_2611_24066_2632,niihau_2_562_2611_24066.jpg,PET_Bottle,pet_bottle,0.115,21.8496070,-160.1697582,0.36,0.33,0.119,0.23,0.20,0.39,1인,S230
2_562_3148_23362_2635,niihau_2_562_3148_23362.jpg,PET_Bottle,pet_bottle,0.469,21.8496704,-160.1696060,0.56,0.52,0.293,0.58,0.48,0.97,1인,S232
2_562_3148_23362_2636,niihau_2_562_3148_23362.jpg,Glass,glass,0.293,21.8497029,-160.1695848,0.23,0.15,0.036,1.50,1.07,2.14,1인,S233
2_562_3148_23362_2637,niihau_2_562_3148_23362.jpg,PET_Bottle,pet_bottle,0.265,21.8496559,-160.1696465,0.79,0.62,0.495,0.98,0.82,1.63,1인,S230
2_562_3148_23362_2638,niihau_2_562_3148_23362.jpg,Net,net,0.176,21.8496618,-160.1696965,0.38,0.34,0.133,2.39,1.00,5.97,1인,S230
2_562_3148_23362_2639,niihau_2_562_3148_23362.jpg,PET_Bottle,pet_bottle,0.158,21.8496763,-160.1696454,0.57,0.46,0.264,0.52,0.43,0.87,1인,S232
2_562_3148_23362_2640,niihau_2_562_3148_23362.jpg,Plastic_ETC,plastic_other,0.115,21.8496859,-160.1696163,0.52,0.48,0.250,0.60,0.40,2.00,1인,S232
2_562_3513_23262_2647,niihau_2_562_3513_23262.jpg,Glass,glass,0.294,21.8497028,-160.1695849,0.22,0.15,0.032,1.36,0.97,1.95,1인,S233
2_562_3513_23262_2648,niihau_2_562_3513_23262.jpg,PET_Bottle,pet_bottle,0.257,21.8496720,-160.1696078,0.36,0.15,0.054,0.11,0.09,0.18,1인,S232
2_562_3513_23262_2649,niihau_2_562_3513_23262.jpg,Plastic_Buoy_China,plastic_buoy,0.242,21.8497761,-160.1696009,0.34,0.34,0.114,2.04,1.02,2.73,1인,S233
2_562_3513_23262_2650,niihau_2_562_3513_23262.jpg,Plastic_ETC,plastic_other,0.182,21.8496860,-160.1696164,0.50,0.48,0.240,0.58,0.38,1.92,1인,S232
2_562_3513_23262_2651,niihau_2_562_3513_23262.jpg,Plastic_Buoy_China,plastic_buoy,0.124,21.8497548,-160.1695403,0.40,0.38,0.151,2.72,1.36,3.62,1인,S233
2_562_3513_23262_2652,niihau_2_562_3513_23262.jpg,Plastic_ETC,plastic_other,0.119,21.8496937,-160.1696159,0.62,0.52,0.324,0.78,0.52,2.59,1인,S232
2_562_3513_23262_2653,niihau_2_562_3513_23262.jpg,Plastic_ETC,plastic_other,0.109,21.8497099,-160.1695093,0.92,0.87,0.800,1.92,1.28,6.40,1인,S233
2_562_3968_22883_2658,niihau_2_562_3968_22883.jpg,Plastic_Buoy,plastic_buoy,0.379,21.8498376,-160.1694714,0.53,0.51,0.271,4.87,2.44,6.50,1인,S233
2_562_3968_22883_2659,niihau_2_562_3968_22883.jpg,Plastic_ETC,plastic_other,0.335,21.8497985,-160.1694795,0.74,0.71,0.524,1.26,0.84,4.19,1인,S233
2_562_3968_22883_2660,niihau_2_562_3968_22883.jpg,Plastic_ETC,plastic_other,0.183,21.8498029,-160.1694607,0.48,0.47,0.226,0.54,0.36,1.81,1인,S233
2_562_3968_22883_2661,niihau_2_562_3968_22883.jpg,Plastic_Buoy_China,plastic_buoy,0.150,21.8497663,-160.1695263,0.43,0.37,0.156,2.81,1.40,3.75,1인,S233
2_562_3968_22883_2662,niihau_2_562_3968_22883.jpg,PET_Bottle,pet_bottle,0.133,21.8498032,-160.1695230,0.38,0.35,0.136,0.27,0.22,0.45,1인,S233
2_562_4864_22825_2665,niihau_2_562_4864_22825.jpg,PET_Bottle,pet_bottle,0.416,21.8497849,-160.1692519,0.58,0.41,0.239,0.47,0.39,0.79,1인,S234
2_562_4864_22825_2666,niihau_2_562_4864_22825.jpg,PET_Bottle,pet_bottle,0.221,21.8497989,-160.1693454,0.43,0.42,0.180,0.36,0.30,0.59,1인,S233
2_562_5266_22958_2667,niihau_2_562_5266_22958.jpg,PET_Bottle,pet_bottle,0.307,21.8497847,-160.1692519,0.59,0.49,0.285,0.56,0.47,0.94,1인,S234
2_562_5266_22958_2668,niihau_2_562_5266_22958.jpg,Plastic_ETC,plastic_other,0.132,21.8498321,-160.1691680,0.34,0.31,0.103,0.25,0.17,0.83,1인,S234
2_562_5266_22958_2669,niihau_2_562_5266_22958.jpg,PET_Bottle,pet_bottle,0.106,21.8497868,-160.1692277,0.45,0.38,0.169,0.33,0.28,0.56,1인,S234
2_562_8730_19909_2672,niihau_2_562_8730_19909.jpg,Plastic_Buoy,plastic_buoy,0.416,21.8503620,-160.1685230,0.61,0.59,0.362,6.52,3.26,8.69,1인,S235
2_562_8730_19909_2673,niihau_2_562_8730_19909.jpg,Styrofoam_Buoy,eps_buoy,0.223,21.8503176,-160.1685630,1.03,0.94,0.963,8.42,3.61,9.63,1인,S235
2_562_8730_19909_2674,niihau_2_562_8730_19909.jpg,PET_Bottle,pet_bottle,0.214,21.8503894,-160.1685692,0.36,0.35,0.123,0.24,0.20,0.41,1인,S235
2_562_8730_19909_2675,niihau_2_562_8730_19909.jpg,PET_Bottle,pet_bottle,0.207,21.8503166,-160.1685121,0.84,0.69,0.583,1.15,0.96,1.92,1인,S235
2_562_8730_19909_2676,niihau_2_562_8730_19909.jpg,Plastic_ETC,plastic_other,0.181,21.8503069,-160.1685220,0.64,0.55,0.356,0.85,0.57,2.85,1인,S235
2_562_8730_19909_2677,niihau_2_562_8730_19909.jpg,PET_Bottle,pet_bottle,0.143,21.8503604,-160.1685399,0.45,0.27,0.123,0.24,0.20,0.40,1인,S235
2_562_9129_19480_2680,niihau_2_562_9129_19480.jpg,Styrofoam_Piece,eps_fragment,0.608,21.8504279,-160.1684531,0.45,0.39,0.176,0.11,0.07,0.35,1인,S235
2_562_9129_19480_2681,niihau_2_562_9129_19480.jpg,PET_Bottle,pet_bottle,0.364,21.8504676,-160.1684514,0.63,0.58,0.365,0.72,0.60,1.21,1인,S235
2_562_9129_19480_2682,niihau_2_562_9129_19480.jpg,Styrofoam_Piece,eps_fragment,0.362,21.8504572,-160.1685370,0.59,0.58,0.340,0.20,0.14,0.68,1인,S235
2_562_9129_19480_2683,niihau_2_562_9129_19480.jpg,Plastic_Buoy,plastic_buoy,0.347,21.8504212,-160.1684858,0.45,0.43,0.195,3.50,1.75,4.67,1인,S235
2_562_9129_19480_2684,niihau_2_562_9129_19480.jpg,Styrofoam_Buoy,eps_buoy,0.302,21.8504546,-160.1685455,1.05,0.48,0.504,4.41,1.89,5.04,1인,S235
2_562_9129_19480_2685,niihau_2_562_9129_19480.jpg,Styrofoam_Buoy,eps_buoy,0.227,21.8504399,-160.1685387,1.63,1.60,2.616,22.89,9.81,26.16,2인,S235
2_562_9129_19480_2686,niihau_2_562_9129_19480.jpg,Plastic_ETC,plastic_other,0.226,21.8504312,-160.1685202,1.23,0.84,1.037,2.49,1.66,8.29,1인,S235
2_562_9129_19480_2687,niihau_2_562_9129_19480.jpg,Styrofoam_Piece,eps_fragment,0.216,21.8504419,-160.1684529,0.56,0.49,0.273,0.16,0.11,0.55,1인,S235
2_562_9129_19480_2688,niihau_2_562_9129_19480.jpg,Styrofoam_Piece,eps_fragment,0.193,21.8504256,-160.1684459,0.50,0.40,0.198,0.12,0.08,0.40,1인,S235
2_562_9129_19480_2689,niihau_2_562_9129_19480.jpg,PET_Bottle,pet_bottle,0.148,21.8504112,-160.1684701,0.77,0.64,0.495,0.98,0.82,1.63,1인,S235
2_562_9129_19480_2690,niihau_2_562_9129_19480.jpg,Plastic_ETC,plastic_other,0.121,21.8504330,-160.1684923,1.10,0.93,1.028,2.47,1.64,8.22,1인,S235
2_562_9129_19480_2691,niihau_2_562_9129_19480.jpg,Styrofoam_Buoy,eps_buoy,0.117,21.8504220,-160.1684526,1.46,0.80,1.172,10.26,4.40,11.72,1인,S235
2_563_-295_3278_2698,niihau_2_563_-295_3278.jpg,PET_Bottle,pet_bottle,0.131,21.8533621,-160.1671110,0.71,0.34,0.237,0.47,0.39,0.78,1인,S229
2_613_10724_17789_2701,niihau_2_613_10724_17789.jpg,PET_Bottle,pet_bottle,0.445,21.8570881,-160.1650856,0.67,0.47,0.316,0.63,0.52,1.04,1인,S236
2_613_10724_17789_2702,niihau_2_613_10724_17789.jpg,Plastic_Buoy,plastic_buoy,0.387,21.8570468,-160.1650919,0.46,0.36,0.167,3.00,1.50,4.00,1인,S236
2_613_10724_17789_2703,niihau_2_613_10724_17789.jpg,Styrofoam_Piece,eps_fragment,0.373,21.8570896,-160.1651176,0.56,0.51,0.284,0.17,0.11,0.57,1인,S236
2_613_10724_17789_2704,niihau_2_613_10724_17789.jpg,Plastic_ETC,plastic_other,0.110,21.8570314,-160.1651231,0.44,0.32,0.138,0.33,0.22,1.11,1인,S236
2_613_10724_17789_2705,niihau_2_613_10724_17789.jpg,PET_Bottle,pet_bottle,0.101,21.8570552,-160.1650684,0.64,0.51,0.328,0.65,0.54,1.08,1인,S236
2_613_10973_17344_2711,niihau_2_613_10973_17344.jpg,Styrofoam_Piece,eps_fragment,0.211,21.8570979,-160.1650650,0.37,0.36,0.133,0.08,0.05,0.27,1인,S237
2_613_11269_16850_2717,niihau_2_613_11269_16850.jpg,Plastic_ETC,plastic_other,0.464,21.8571998,-160.1649431,0.62,0.61,0.383,0.92,0.61,3.06,1인,S237
2_613_11269_16850_2718,niihau_2_613_11269_16850.jpg,Plastic_Buoy_China,plastic_buoy,0.230,21.8572143,-160.1649286,0.54,0.46,0.252,4.53,2.26,6.04,1인,S237
2_613_11331_17183_2723,niihau_2_613_11331_17183.jpg,Plastic_ETC,plastic_other,0.459,21.8571999,-160.1649431,0.61,0.61,0.376,0.90,0.60,3.01,1인,S237
2_613_11331_17183_2724,niihau_2_613_11331_17183.jpg,Net,net,0.190,21.8571663,-160.1649387,0.44,0.35,0.152,2.74,1.14,6.85,1인,S237
2_613_11594_16523_2727,niihau_2_613_11594_16523.jpg,PET_Bottle,pet_bottle,0.228,21.8572973,-160.1648426,0.43,0.36,0.157,0.31,0.26,0.52,1인,S237
2_613_11594_16523_2728,niihau_2_613_11594_16523.jpg,Plastic_Buoy,plastic_buoy,0.101,21.8572996,-160.1648703,0.37,0.35,0.128,2.31,1.15,3.08,1인,S237
2_613_12667_15543_2733,niihau_2_613_12667_15543.jpg,Plastic_ETC,plastic_other,0.386,21.8574409,-160.1646911,0.57,0.40,0.228,0.55,0.36,1.82,1인,S238
2_613_12667_15543_2734,niihau_2_613_12667_15543.jpg,PET_Bottle,pet_bottle,0.386,21.8574985,-160.1646558,0.82,0.76,0.623,1.23,1.03,2.05,1인,S238
2_613_12667_15543_2735,niihau_2_613_12667_15543.jpg,Styrofoam_Piece,eps_fragment,0.357,21.8574386,-160.1647190,0.56,0.48,0.268,0.16,0.11,0.54,1인,S238
2_613_12667_15543_2736,niihau_2_613_12667_15543.jpg,Plastic_ETC,plastic_other,0.336,21.8575098,-160.1646451,0.52,0.49,0.256,0.61,0.41,2.05,1인,S238
2_613_12667_15543_2737,niihau_2_613_12667_15543.jpg,Plastic_ETC,plastic_other,0.148,21.8574893,-160.1646893,0.49,0.49,0.240,0.58,0.38,1.92,1인,S238
2_613_12667_15543_2738,niihau_2_613_12667_15543.jpg,PET_Bottle,pet_bottle,0.137,21.8574406,-160.1646966,0.69,0.41,0.285,0.56,0.47,0.94,1인,S238
2_613_12667_15543_2739,niihau_2_613_12667_15543.jpg,Net,net,0.108,21.8575004,-160.1646460,0.55,0.51,0.284,5.11,2.13,12.78,1인,S238
2_613_13229_14602_2743,niihau_2_613_13229_14602.jpg,PET_Bottle,pet_bottle,0.683,21.8576136,-160.1645666,0.62,0.40,0.250,0.50,0.41,0.83,1인,S238
2_613_13229_14602_2744,niihau_2_613_13229_14602.jpg,Plastic_ETC,plastic_other,0.278,21.8576328,-160.1645795,0.53,0.49,0.262,0.63,0.42,2.10,1인,S238
2_613_13229_14602_2745,niihau_2_613_13229_14602.jpg,Plastic_ETC,plastic_other,0.274,21.8575816,-160.1646000,0.92,0.78,0.717,1.72,1.15,5.73,1인,S238
2_613_13229_14602_2746,niihau_2_613_13229_14602.jpg,PET_Bottle,pet_bottle,0.238,21.8576466,-160.1645803,0.58,0.36,0.207,0.41,0.34,0.68,1인,S238
2_613_13229_14602_2747,niihau_2_613_13229_14602.jpg,Plastic_ETC,plastic_other,0.196,21.8576665,-160.1645400,0.50,0.40,0.198,0.47,0.32,1.58,1인,S239
2_613_13229_14602_2748,niihau_2_613_13229_14602.jpg,Plastic_ETC,plastic_other,0.178,21.8576171,-160.1645877,0.42,0.30,0.129,0.31,0.21,1.03,1인,S238
2_613_13229_14602_2749,niihau_2_613_13229_14602.jpg,PET_Bottle,pet_bottle,0.176,21.8575955,-160.1645795,0.58,0.47,0.272,0.54,0.45,0.90,1인,S238
2_613_13229_14602_2750,niihau_2_613_13229_14602.jpg,Plastic_ETC,plastic_other,0.162,21.8576268,-160.1646371,0.75,0.49,0.367,0.88,0.59,2.94,1인,S238
2_613_13229_14602_2751,niihau_2_613_13229_14602.jpg,Styrofoam_Piece,eps_fragment,0.125,21.8576661,-160.1645521,0.32,0.31,0.099,0.06,0.04,0.20,1인,S239
2_613_5809_23465_2754,niihau_2_613_5809_23465.jpg,Plastic_ETC,plastic_other,0.216,21.8559668,-160.1659578,0.52,0.36,0.188,0.45,0.30,1.50,1인,S240
2_613_5809_23465_2755,niihau_2_613_5809_23465.jpg,Plastic_ETC,plastic_other,0.203,21.8559975,-160.1659839,0.43,0.40,0.173,0.41,0.28,1.38,1인,S240
2_613_5809_23465_2756,niihau_2_613_5809_23465.jpg,Styrofoam_Piece,eps_fragment,0.198,21.8559759,-160.1659698,0.80,0.62,0.497,0.30,0.20,0.99,1인,S240
2_613_5809_23465_2757,niihau_2_613_5809_23465.jpg,Plastic_Buoy,plastic_buoy,0.193,21.8560352,-160.1659652,0.49,0.46,0.227,4.08,2.04,5.44,1인,S241
2_613_5809_23465_2758,niihau_2_613_5809_23465.jpg,Net,net,0.186,21.8560597,-160.1659840,0.36,0.35,0.126,2.27,0.95,5.67,1인,S241
2_613_5809_23465_2759,niihau_2_613_5809_23465.jpg,PET_Bottle,pet_bottle,0.149,21.8560564,-160.1660033,0.42,0.41,0.171,0.34,0.28,0.56,1인,S240
2_613_5809_23465_2760,niihau_2_613_5809_23465.jpg,Net,net,0.111,21.8560092,-160.1659939,0.36,0.35,0.128,2.30,0.96,5.76,1인,S240
2_613_5809_23465_2761,niihau_2_613_5809_23465.jpg,Styrofoam_Piece,eps_fragment,0.105,21.8560483,-160.1659847,0.37,0.36,0.132,0.08,0.05,0.26,1인,S241
2_613_5826_23811_2765,niihau_2_613_5826_23811.jpg,PET_Bottle,pet_bottle,0.303,21.8559369,-160.1659813,0.66,0.48,0.320,0.63,0.53,1.06,1인,S240
2_613_5826_23811_2766,niihau_2_613_5826_23811.jpg,Plastic_ETC,plastic_other,0.271,21.8559975,-160.1659840,0.41,0.40,0.163,0.39,0.26,1.30,1인,S240
2_613_5826_23811_2767,niihau_2_613_5826_23811.jpg,Styrofoam_Piece,eps_fragment,0.233,21.8559760,-160.1659699,0.76,0.60,0.453,0.27,0.18,0.91,1인,S240
2_613_5826_23811_2768,niihau_2_613_5826_23811.jpg,PET_Bottle,pet_bottle,0.224,21.8559686,-160.1659475,0.49,0.32,0.159,0.31,0.26,0.52,1인,S240
2_613_5826_23811_2769,niihau_2_613_5826_23811.jpg,Plastic_ETC,plastic_other,0.222,21.8559654,-160.1659576,0.69,0.44,0.300,0.72,0.48,2.40,1인,S240
2_613_5826_23811_2770,niihau_2_613_5826_23811.jpg,Net,net,0.196,21.8560044,-160.1659992,0.53,0.39,0.205,3.69,1.54,9.21,1인,S240
2_613_6248_23203_2775,niihau_2_613_6248_23203.jpg,PET_Bottle,pet_bottle,0.388,21.8560545,-160.1658963,0.62,0.29,0.179,0.35,0.29,0.59,1인,S241
2_613_6248_23203_2776,niihau_2_613_6248_23203.jpg,Styrofoam_Piece,eps_fragment,0.326,21.8560153,-160.1659385,0.73,0.59,0.433,0.26,0.17,0.87,1인,S241
2_613_6248_23203_2777,niihau_2_613_6248_23203.jpg,Styrofoam_Piece,eps_fragment,0.232,21.8560746,-160.1658666,0.46,0.30,0.138,0.08,0.06,0.28,1인,S241
2_613_6248_23203_2778,niihau_2_613_6248_23203.jpg,Styrofoam_Piece,eps_fragment,0.229,21.8560872,-160.1658777,0.44,0.43,0.190,0.11,0.08,0.38,1인,S241
2_613_6248_23203_2779,niihau_2_613_6248_23203.jpg,Plastic_Buoy,plastic_buoy,0.190,21.8560237,-160.1659371,0.46,0.44,0.203,3.65,1.82,4.86,1인,S241
2_613_6248_23203_2780,niihau_2_613_6248_23203.jpg,Net,net,0.182,21.8560598,-160.1659841,0.36,0.34,0.121,2.19,0.91,5.47,1인,S241
2_613_6248_23203_2781,niihau_2_613_6248_23203.jpg,Plastic_Buoy_China,plastic_buoy,0.172,21.8560302,-160.1659389,0.36,0.35,0.129,2.33,1.16,3.10,1인,S241
2_613_6248_23203_2782,niihau_2_613_6248_23203.jpg,Plastic_Buoy,plastic_buoy,0.159,21.8560353,-160.1659652,0.49,0.47,0.230,4.13,2.07,5.51,1인,S241
2_613_6248_23203_2783,niihau_2_613_6248_23203.jpg,PET_Bottle,pet_bottle,0.144,21.8560707,-160.1658662,0.56,0.22,0.120,0.24,0.20,0.40,1인,S241
2_613_6575_23129_2792,niihau_2_613_6575_23129.jpg,PET_Bottle,pet_bottle,0.320,21.8560545,-160.1658963,0.63,0.26,0.166,0.33,0.27,0.55,1인,S241
2_613_6575_23129_2793,niihau_2_613_6575_23129.jpg,Net,net,0.305,21.8560914,-160.1658409,0.44,0.44,0.191,3.44,1.43,8.61,1인,S241
2_613_6575_23129_2794,niihau_2_613_6575_23129.jpg,Styrofoam_Piece,eps_fragment,0.228,21.8560873,-160.1658777,0.44,0.41,0.183,0.11,0.07,0.37,1인,S241
2_613_6575_23129_2795,niihau_2_613_6575_23129.jpg,Plastic_ETC,plastic_other,0.222,21.8560936,-160.1658328,0.50,0.49,0.242,0.58,0.39,1.94,1인,S241
2_613_6575_23129_2796,niihau_2_613_6575_23129.jpg,Plastic_Buoy,plastic_buoy,0.214,21.8561142,-160.1658095,1.01,1.00,1.006,18.11,9.05,24.14,2인,S241
2_613_6575_23129_2797,niihau_2_613_6575_23129.jpg,Styrofoam_Piece,eps_fragment,0.214,21.8560746,-160.1658658,0.47,0.43,0.201,0.12,0.08,0.40,1인,S241
2_613_6575_23129_2798,niihau_2_613_6575_23129.jpg,Plastic_ETC,plastic_other,0.201,21.8560914,-160.1658195,0.47,0.37,0.176,0.42,0.28,1.41,1인,S241
2_613_6575_23129_2799,niihau_2_613_6575_23129.jpg,Plastic_ETC,plastic_other,0.177,21.8560900,-160.1658490,1.16,1.13,1.306,3.14,2.09,10.45,1인,S241
2_613_6575_23129_2800,niihau_2_613_6575_23129.jpg,Net,net,0.152,21.8560814,-160.1658551,0.50,0.43,0.215,3.87,1.61,9.68,1인,S241
2_613_6575_23129_2801,niihau_2_613_6575_23129.jpg,PET_Bottle,pet_bottle,0.128,21.8560315,-160.1658604,0.54,0.48,0.256,0.51,0.42,0.85,1인,S241
2_613_6575_23129_2802,niihau_2_613_6575_23129.jpg,Styrofoam_Piece,eps_fragment,0.125,21.8561148,-160.1658395,0.60,0.56,0.336,0.20,0.13,0.67,1인,S241
2_613_6575_23129_2803,niihau_2_613_6575_23129.jpg,PET_Bottle,pet_bottle,0.115,21.8560890,-160.1658297,0.73,0.61,0.447,0.88,0.74,1.47,1인,S241
2_613_6575_23129_2804,niihau_2_613_6575_23129.jpg,Plastic_ETC,plastic_other,0.115,21.8560707,-160.1658637,0.66,0.51,0.337,0.81,0.54,2.69,1인,S241
2_613_7075_23028_2810,niihau_2_613_7075_23028.jpg,Plastic_Buoy,plastic_buoy,0.415,21.8561008,-160.1657963,0.51,0.48,0.248,4.46,2.23,5.94,1인,S241
2_613_7075_23028_2811,niihau_2_613_7075_23028.jpg,Plastic_Buoy,plastic_buoy,0.244,21.8561228,-160.1657909,0.49,0.49,0.239,4.31,2.15,5.74,1인,S241
2_613_7075_23028_2812,niihau_2_613_7075_23028.jpg,Plastic_Buoy,plastic_buoy,0.239,21.8561144,-160.1658094,1.07,1.03,1.111,19.99,10.00,26.65,2인,S241
2_613_7075_23028_2813,niihau_2_613_7075_23028.jpg,Plastic_ETC,plastic_other,0.218,21.8560914,-160.1658195,0.46,0.38,0.174,0.42,0.28,1.40,1인,S241
2_613_7075_23028_2814,niihau_2_613_7075_23028.jpg,Plastic_ETC,plastic_other,0.168,21.8561190,-160.1657491,0.47,0.40,0.190,0.46,0.30,1.52,1인,S241
2_613_7075_23028_2815,niihau_2_613_7075_23028.jpg,PET_Bottle,pet_bottle,0.148,21.8561171,-160.1657921,0.58,0.31,0.182,0.36,0.30,0.60,1인,S241
2_613_7075_23028_2816,niihau_2_613_7075_23028.jpg,Net,net,0.129,21.8561534,-160.1658148,0.50,0.47,0.238,4.29,1.79,10.72,1인,S241
2_613_7075_23028_2817,niihau_2_613_7075_23028.jpg,Styrofoam_Piece,eps_fragment,0.113,21.8561016,-160.1657664,0.55,0.50,0.277,0.17,0.11,0.55,1인,S241
2_613_7075_23028_2818,niihau_2_613_7075_23028.jpg,Plastic_ETC,plastic_other,0.109,21.8560630,-160.1657246,3.97,0.95,3.787,9.09,6.06,30.30,2인,S241
2_613_7075_23028_2819,niihau_2_613_7075_23028.jpg,PET_Bottle,pet_bottle,0.103,21.8561533,-160.1657876,0.60,0.48,0.287,0.57,0.47,0.95,1인,S241
2_613_9238_18926_2827,niihau_2_613_9238_18926.jpg,Plastic_ETC,plastic_other,0.300,21.8568537,-160.1653307,0.51,0.45,0.231,0.55,0.37,1.84,1인,S242
2_613_9238_18926_2828,niihau_2_613_9238_18926.jpg,Plastic_Buoy,plastic_buoy,0.265,21.8568215,-160.1652956,0.48,0.43,0.205,3.70,1.85,4.93,1인,S242
2_613_9238_18926_2829,niihau_2_613_9238_18926.jpg,PET_Bottle,pet_bottle,0.161,21.8568137,-160.1653118,0.45,0.25,0.114,0.23,0.19,0.38,1인,S242
2_613_9238_18926_2830,niihau_2_613_9238_18926.jpg,PET_Bottle,pet_bottle,0.143,21.8568142,-160.1653162,0.50,0.42,0.208,0.41,0.34,0.68,1인,S242
2_613_9238_18926_2831,niihau_2_613_9238_18926.jpg,Styrofoam_Piece,eps_fragment,0.123,21.8567907,-160.1653195,0.31,0.21,0.067,0.04,0.03,0.13,1인,S242
2_613_9238_18926_2832,niihau_2_613_9238_18926.jpg,Styrofoam_Piece,eps_fragment,0.100,21.8568020,-160.1653356,0.44,0.39,0.173,0.10,0.07,0.35,1인,S242
2_613_9526_18589_2839,niihau_2_613_9526_18589.jpg,PET_Bottle,pet_bottle,0.322,21.8569084,-160.1652992,0.77,0.68,0.522,1.03,0.86,1.72,1인,S242
2_613_9526_18589_2840,niihau_2_613_9526_18589.jpg,Styrofoam_Piece,eps_fragment,0.283,21.8568537,-160.1653308,0.53,0.45,0.236,0.14,0.09,0.47,1인,S242
2_613_9526_18589_2841,niihau_2_613_9526_18589.jpg,Plastic_Buoy,plastic_buoy,0.161,21.8568939,-160.1652513,0.39,0.38,0.150,2.70,1.35,3.60,1인,S242
2_613_9526_18589_2842,niihau_2_613_9526_18589.jpg,Net,net,0.116,21.8569026,-160.1652751,0.47,0.31,0.144,2.59,1.08,6.47,1인,S242
2_613_9526_18589_2843,niihau_2_613_9526_18589.jpg,PET_Bottle,pet_bottle,0.104,21.8568536,-160.1652426,0.95,0.32,0.306,0.61,0.50,1.01,1인,S242
2_614_2108_3526_2844,niihau_2_614_2108_3526.jpg,Plastic_ETC,plastic_other,0.239,21.8596331,-160.1636042,0.46,0.44,0.201,0.48,0.32,1.61,1인,S243
2_614_2108_3526_2845,niihau_2_614_2108_3526.jpg,Styrofoam_Piece,eps_fragment,0.186,21.8596628,-160.1635697,0.44,0.40,0.174,0.10,0.07,0.35,1인,S243
2_614_2108_3526_2846,niihau_2_614_2108_3526.jpg,Plastic_ETC,plastic_other,0.167,21.8596407,-160.1635940,0.59,0.44,0.259,0.62,0.41,2.07,1인,S243
2_614_2108_3526_2847,niihau_2_614_2108_3526.jpg,Plastic_ETC,plastic_other,0.164,21.8596475,-160.1635822,0.62,0.53,0.328,0.79,0.52,2.62,1인,S243
2_614_2244_3207_2849,niihau_2_614_2244_3207.jpg,Plastic_ETC,plastic_other,0.283,21.8597000,-160.1635696,0.54,0.53,0.285,0.68,0.46,2.28,1인,S243
2_614_2244_3207_2850,niihau_2_614_2244_3207.jpg,Styrofoam_Piece,eps_fragment,0.221,21.8596627,-160.1635697,0.42,0.41,0.170,0.10,0.07,0.34,1인,S243
2_614_2244_3207_2851,niihau_2_614_2244_3207.jpg,Plastic_ETC,plastic_other,0.193,21.8596475,-160.1635821,0.60,0.52,0.311,0.75,0.50,2.49,1인,S243
2_614_2244_3207_2852,niihau_2_614_2244_3207.jpg,PET_Bottle,pet_bottle,0.139,21.8597525,-160.1635244,0.73,0.67,0.489,0.97,0.81,1.61,1인,S243
2_614_6262_-33_2855,niihau_2_614_6262_-33.jpg,Styrofoam_Piece,eps_fragment,0.227,21.8602402,-160.1628312,0.45,0.44,0.197,0.12,0.08,0.39,1인,S244
2_614_6262_-33_2856,niihau_2_614_6262_-33.jpg,PET_Bottle,pet_bottle,0.156,21.8602906,-160.1627963,0.42,0.38,0.159,0.31,0.26,0.52,1인,S245
2_614_6262_-33_2857,niihau_2_614_6262_-33.jpg,PET_Bottle,pet_bottle,0.124,21.8603287,-160.1627963,0.44,0.43,0.193,0.38,0.32,0.64,1인,S245
2_614_6584_62_2859,niihau_2_614_6584_62.jpg,PET_Bottle,pet_bottle,0.321,21.8603055,-160.1626870,0.46,0.44,0.202,0.40,0.33,0.67,1인,S245
2_614_6584_62_2860,niihau_2_614_6584_62.jpg,PET_Bottle,pet_bottle,0.152,21.8603287,-160.1627950,0.48,0.24,0.117,0.23,0.19,0.39,1인,S245
2_614_6584_62_2861,niihau_2_614_6584_62.jpg,PET_Bottle,pet_bottle,0.128,21.8603132,-160.1626863,0.37,0.34,0.129,0.26,0.21,0.43,1인,S245
2_664_10764_14858_2864,niihau_2_664_10764_14858.jpg,Plastic_ETC,plastic_other,0.414,21.8617580,-160.1619858,0.62,0.56,0.344,0.83,0.55,2.75,1인,S246
2_664_10764_14858_2865,niihau_2_664_10764_14858.jpg,Plastic_ETC,plastic_other,0.296,21.8618339,-160.1619825,0.58,0.56,0.324,0.78,0.52,2.59,1인,S246
2_664_10764_14858_2866,niihau_2_664_10764_14858.jpg,PET_Bottle,pet_bottle,0.278,21.8618143,-160.1619455,0.59,0.45,0.266,0.53,0.44,0.88,1인,S246
2_664_10764_14858_2867,niihau_2_664_10764_14858.jpg,PET_Bottle,pet_bottle,0.112,21.8618497,-160.1619812,0.66,0.36,0.238,0.47,0.39,0.79,1인,S246
2_664_10764_14858_2868,niihau_2_664_10764_14858.jpg,Plastic_Buoy,plastic_buoy,0.110,21.8617774,-160.1619780,0.38,0.31,0.118,2.12,1.06,2.83,1인,S246
2_664_10764_14858_2869,niihau_2_664_10764_14858.jpg,Plastic_Buoy,plastic_buoy,0.107,21.8618226,-160.1619192,0.43,0.41,0.172,3.10,1.55,4.14,1인,S246
2_664_10764_14858_2870,niihau_2_664_10764_14858.jpg,Rope,rope,0.105,21.8617936,-160.1619380,1.08,0.61,0.663,7.95,5.30,13.26,1인,S246
2_664_10800_14466_2872,niihau_2_664_10800_14466.jpg,PET_Bottle,pet_bottle,0.506,21.8618144,-160.1619455,0.57,0.41,0.232,0.46,0.38,0.77,1인,S246
2_664_10800_14466_2873,niihau_2_664_10800_14466.jpg,Styrofoam_Piece,eps_fragment,0.484,21.8618831,-160.1618738,0.48,0.45,0.218,0.13,0.09,0.44,1인,S246
2_664_10800_14466_2874,niihau_2_664_10800_14466.jpg,Plastic_ETC,plastic_other,0.342,21.8618340,-160.1619824,0.57,0.57,0.324,0.78,0.52,2.59,1인,S246
2_664_10800_14466_2875,niihau_2_664_10800_14466.jpg,Plastic_ETC,plastic_other,0.233,21.8619173,-160.1619191,0.66,0.62,0.408,0.98,0.65,3.27,1인,S246
2_664_10800_14466_2876,niihau_2_664_10800_14466.jpg,PET_Bottle,pet_bottle,0.211,21.8618954,-160.1619501,0.41,0.30,0.121,0.24,0.20,0.40,1인,S246
2_664_10800_14466_2877,niihau_2_664_10800_14466.jpg,Plastic_ETC,plastic_other,0.128,21.8618513,-160.1619812,0.60,0.57,0.344,0.82,0.55,2.75,1인,S246
2_664_10800_14466_2878,niihau_2_664_10800_14466.jpg,Plastic_ETC,plastic_other,0.115,21.8618226,-160.1619191,0.41,0.41,0.171,0.41,0.27,1.37,1인,S246
2_664_12621_7627_2881,niihau_2_664_12621_7627.jpg,PET_Bottle,pet_bottle,0.524,21.8631014,-160.1615876,0.71,0.60,0.422,0.84,0.70,1.39,1인,S247
2_664_12621_7627_2882,niihau_2_664_12621_7627.jpg,Plastic_ETC,plastic_other,0.461,21.8631438,-160.1615907,0.61,0.58,0.350,0.84,0.56,2.80,1인,S247
2_664_12621_7627_2883,niihau_2_664_12621_7627.jpg,Plastic_Buoy_China,plastic_buoy,0.340,21.8630494,-160.1615545,0.47,0.41,0.192,3.46,1.73,4.61,1인,S247
2_664_12621_7627_2884,niihau_2_664_12621_7627.jpg,Plastic_ETC,plastic_other,0.338,21.8630718,-160.1616068,0.56,0.55,0.308,0.74,0.49,2.46,1인,S247
2_664_12621_7627_2885,niihau_2_664_12621_7627.jpg,Plastic_ETC,plastic_other,0.303,21.8631351,-160.1616137,0.53,0.51,0.266,0.64,0.43,2.13,1인,S247
2_664_12621_7627_2886,niihau_2_664_12621_7627.jpg,Plastic_Buoy_China,plastic_buoy,0.257,21.8631535,-160.1615535,0.57,0.55,0.313,5.63,2.82,7.51,1인,S247
2_664_12621_7627_2887,niihau_2_664_12621_7627.jpg,PET_Bottle,pet_bottle,0.142,21.8630903,-160.1616438,0.74,0.52,0.383,0.76,0.63,1.26,1인,S247
2_664_12621_7627_2888,niihau_2_664_12621_7627.jpg,Plastic_ETC,plastic_other,0.136,21.8630589,-160.1615883,1.64,0.98,1.603,3.85,2.56,12.82,1인,S247
2_664_12701_7218_2891,niihau_2_664_12701_7218.jpg,Styrofoam_Piece,eps_fragment,0.480,21.8632066,-160.1616298,0.54,0.48,0.262,0.16,0.10,0.52,1인,S247
2_664_12701_7218_2892,niihau_2_664_12701_7218.jpg,Plastic_ETC,plastic_other,0.408,21.8631439,-160.1615907,0.60,0.57,0.340,0.82,0.54,2.72,1인,S247
2_664_12701_7218_2893,niihau_2_664_12701_7218.jpg,Plastic_ETC,plastic_other,0.350,21.8631352,-160.1616137,0.53,0.51,0.272,0.65,0.43,2.17,1인,S247
2_664_12701_7218_2894,niihau_2_664_12701_7218.jpg,Plastic_ETC,plastic_other,0.123,21.8631535,-160.1615534,0.60,0.60,0.359,0.86,0.57,2.87,1인,S247
2_664_12983_7640_2897,niihau_2_664_12983_7640.jpg,Styrofoam_Piece,eps_fragment,0.328,21.8630603,-160.1614761,0.56,0.51,0.284,0.17,0.11,0.57,1인,S247
2_664_12983_7640_2898,niihau_2_664_12983_7640.jpg,Styrofoam_Piece,eps_fragment,0.299,21.8631345,-160.1614921,0.55,0.44,0.243,0.15,0.10,0.49,1인,S247
2_664_12983_7640_2899,niihau_2_664_12983_7640.jpg,Plastic_Buoy_China,plastic_buoy,0.225,21.8630494,-160.1615544,0.51,0.42,0.213,3.83,1.91,5.11,1인,S247
2_664_12983_7640_2900,niihau_2_664_12983_7640.jpg,Plastic_ETC,plastic_other,0.199,21.8631194,-160.1614954,0.49,0.46,0.225,0.54,0.36,1.80,1인,S247
2_664_12983_7640_2901,niihau_2_664_12983_7640.jpg,PET_Bottle,pet_bottle,0.153,21.8630715,-160.1615182,0.32,0.32,0.102,0.20,0.17,0.34,1인,S247
2_664_12983_7640_2902,niihau_2_664_12983_7640.jpg,Plastic_Buoy_China,plastic_buoy,0.152,21.8630963,-160.1615312,0.50,0.46,0.230,4.15,2.07,5.53,1인,S247
2_664_12983_7640_2903,niihau_2_664_12983_7640.jpg,Plastic_Buoy_China,plastic_buoy,0.116,21.8631536,-160.1615534,0.56,0.55,0.307,5.52,2.76,7.36,1인,S247
2_664_12983_7640_2904,niihau_2_664_12983_7640.jpg,Net,net,0.106,21.8631382,-160.1614704,0.44,0.39,0.173,3.12,1.30,7.81,1인,S247
2_664_14859_9123_2910,niihau_2_664_14859_9123.jpg,Plastic_ETC,plastic_other,0.369,21.8627924,-160.1611444,0.59,0.48,0.284,0.68,0.45,2.27,1인,S248
2_664_14859_9123_2911,niihau_2_664_14859_9123.jpg,PET_Bottle,pet_bottle,0.155,21.8628633,-160.1611554,0.54,0.53,0.285,0.56,0.47,0.94,1인,S248
2_664_15447_6580_2916,niihau_2_664_15447_6580.jpg,Plastic_ETC,plastic_other,0.398,21.8633506,-160.1610184,0.73,0.66,0.485,1.16,0.78,3.88,1인,S249
2_664_15763_6621_2919,niihau_2_664_15763_6621.jpg,Plastic_ETC,plastic_other,0.429,21.8632645,-160.1609678,0.59,0.44,0.259,0.62,0.41,2.07,1인,S249
2_664_5863_16171_2922,niihau_2_664_5863_16171.jpg,Styrofoam_Piece,eps_fragment,0.353,21.8615498,-160.1628840,0.96,0.79,0.752,0.45,0.30,1.50,1인,S250
2_664_5863_16171_2923,niihau_2_664_5863_16171.jpg,Plastic_ETC,plastic_other,0.193,21.8615399,-160.1628757,0.68,0.65,0.441,1.06,0.71,3.53,1인,S250
2_664_5863_16171_2924,niihau_2_664_5863_16171.jpg,Net,net,0.128,21.8615513,-160.1628293,0.48,0.42,0.201,3.61,1.50,9.03,1인,S250
2_664_6261_16162_2926,niihau_2_664_6261_16162.jpg,Plastic_ETC,plastic_other,0.191,21.8615034,-160.1627806,0.59,0.59,0.349,0.84,0.56,2.79,1인,S250
2_664_6261_16162_2927,niihau_2_664_6261_16162.jpg,Plastic_Buoy,plastic_buoy,0.116,21.8615519,-160.1628065,0.43,0.43,0.185,3.34,1.67,4.45,1인,S250
2_664_6261_16162_2928,niihau_2_664_6261_16162.jpg,Net,net,0.106,21.8615511,-160.1628293,0.49,0.44,0.217,3.91,1.63,9.77,1인,S250
2_664_6464_22885_2931,niihau_2_664_6464_22885.jpg,Plastic_ETC,plastic_other,0.199,21.8603877,-160.1627102,0.62,0.57,0.352,0.85,0.56,2.82,1인,S245
2_664_6464_22885_2932,niihau_2_664_6464_22885.jpg,PET_Bottle,pet_bottle,0.143,21.8603950,-160.1627436,0.48,0.17,0.082,0.16,0.14,0.27,1인,S245
2_664_7378_21415_2935,niihau_2_664_7378_21415.jpg,PET_Bottle,pet_bottle,0.297,21.8606364,-160.1625914,0.58,0.47,0.274,0.54,0.45,0.90,1인,S251
2_664_7378_21415_2936,niihau_2_664_7378_21415.jpg,PET_Bottle,pet_bottle,0.293,21.8605870,-160.1626056,0.65,0.48,0.307,0.61,0.51,1.01,1인,S251
2_664_7378_21415_2937,niihau_2_664_7378_21415.jpg,Plastic_ETC,plastic_other,0.233,21.8606410,-160.1626198,0.46,0.45,0.209,0.50,0.33,1.67,1인,S251
2_664_7378_21415_2938,niihau_2_664_7378_21415.jpg,PET_Bottle,pet_bottle,0.158,21.8605476,-160.1626151,0.48,0.22,0.103,0.20,0.17,0.34,1인,S251
2_664_7635_15287_2944,niihau_2_664_7635_15287.jpg,Styrofoam_Piece,eps_fragment,0.461,21.8616566,-160.1625588,0.55,0.51,0.281,0.17,0.11,0.56,1인,S252
2_664_7635_15287_2945,niihau_2_664_7635_15287.jpg,Plastic_ETC,plastic_other,0.412,21.8616596,-160.1625994,0.84,0.84,0.705,1.69,1.13,5.64,1인,S252
2_664_7635_15287_2946,niihau_2_664_7635_15287.jpg,Plastic_ETC,plastic_other,0.328,21.8617031,-160.1625491,0.50,0.39,0.196,0.47,0.31,1.57,1인,S252
2_664_7737_21409_2948,niihau_2_664_7737_21409.jpg,Plastic_ETC,plastic_other,0.277,21.8606076,-160.1625158,0.67,0.63,0.424,1.02,0.68,3.39,1인,S251
2_664_7737_21409_2949,niihau_2_664_7737_21409.jpg,Plastic_ETC,plastic_other,0.117,21.8605805,-160.1624583,0.49,0.40,0.196,0.47,0.31,1.57,1인,S251
2_664_7822_16092_2954,niihau_2_664_7822_16092.jpg,Plastic_ETC,plastic_other,0.281,21.8615222,-160.1624546,0.45,0.44,0.199,0.48,0.32,1.59,1인,S252
2_664_7822_16092_2955,niihau_2_664_7822_16092.jpg,Plastic_ETC,plastic_other,0.186,21.8615665,-160.1624917,0.65,0.62,0.404,0.97,0.65,3.23,1인,S252
2_664_7822_16092_2956,niihau_2_664_7822_16092.jpg,PET_Bottle,pet_bottle,0.165,21.8615340,-160.1624663,0.61,0.53,0.323,0.64,0.53,1.06,1인,S252
2_664_8095_15639_2958,niihau_2_664_8095_15639.jpg,Styrofoam_Piece,eps_fragment,0.367,21.8616460,-160.1624269,0.56,0.51,0.285,0.17,0.11,0.57,1인,S252
2_664_8095_15639_2959,niihau_2_664_8095_15639.jpg,Plastic_Buoy_China,plastic_buoy,0.264,21.8616466,-160.1624699,0.49,0.36,0.175,3.15,1.57,4.20,1인,S252
2_664_8095_15639_2960,niihau_2_664_8095_15639.jpg,Plastic_ETC,plastic_other,0.242,21.8616608,-160.1624640,0.82,0.78,0.643,1.54,1.03,5.14,1인,S252
2_664_8095_15639_2961,niihau_2_664_8095_15639.jpg,Plastic_ETC,plastic_other,0.104,21.8616489,-160.1624523,1.01,0.95,0.953,2.29,1.53,7.63,1인,S252
2_664_8937_18307_2962,niihau_2_664_8937_18307.jpg,Plastic_ETC,plastic_other,0.547,21.8612011,-160.1622420,0.54,0.50,0.271,0.65,0.43,2.17,1인,S253
2_664_8937_18307_2963,niihau_2_664_8937_18307.jpg,Styrofoam_Piece,eps_fragment,0.354,21.8611684,-160.1622861,0.56,0.53,0.301,0.18,0.12,0.60,1인,S253
2_664_8937_18307_2964,niihau_2_664_8937_18307.jpg,PET_Bottle,pet_bottle,0.293,21.8611588,-160.1622883,0.56,0.46,0.259,0.51,0.43,0.85,1인,S253
2_664_8937_18307_2965,niihau_2_664_8937_18307.jpg,Styrofoam_Piece,eps_fragment,0.163,21.8612028,-160.1622983,0.64,0.56,0.360,0.22,0.14,0.72,1인,S253
2_664_8937_18307_2966,niihau_2_664_8937_18307.jpg,PET_Bottle,pet_bottle,0.145,21.8611867,-160.1622819,0.54,0.49,0.266,0.53,0.44,0.88,1인,S253
2_664_9628_13639_2972,niihau_2_664_9628_13639.jpg,Styrofoam_Piece,eps_fragment,0.308,21.8620148,-160.1621917,0.62,0.62,0.382,0.23,0.15,0.76,1인,S254
2_664_9628_13639_2973,niihau_2_664_9628_13639.jpg,Styrofoam_Piece,eps_fragment,0.284,21.8619767,-160.1621489,0.52,0.52,0.272,0.16,0.11,0.54,1인,S254
2_664_9628_13639_2974,niihau_2_664_9628_13639.jpg,Styrofoam_Buoy,eps_buoy,0.266,21.8620137,-160.1621588,0.97,0.84,0.821,7.18,3.08,8.21,1인,S254
2_665_10432_9198_2977,niihau_2_665_10432_9198.jpg,Plastic_ETC,plastic_other,0.328,21.8649364,-160.1588560,0.56,0.56,0.310,0.74,0.50,2.48,1인,S255
2_665_10432_9198_2978,niihau_2_665_10432_9198.jpg,Plastic_ETC,plastic_other,0.299,21.8649975,-160.1588804,0.53,0.50,0.264,0.63,0.42,2.11,1인,S255
2_665_10432_9198_2979,niihau_2_665_10432_9198.jpg,Plastic_Buoy_China,plastic_buoy,0.266,21.8649911,-160.1589229,0.43,0.41,0.178,3.20,1.60,4.27,1인,S255
2_665_10432_9198_2980,niihau_2_665_10432_9198.jpg,PET_Bottle,pet_bottle,0.199,21.8649588,-160.1588641,0.50,0.26,0.132,0.26,0.22,0.43,1인,S255
2_665_10432_9198_2981,niihau_2_665_10432_9198.jpg,Plastic_Buoy_China,plastic_buoy,0.142,21.8649521,-160.1588475,0.47,0.38,0.179,3.23,1.61,4.31,1인,S255
2_665_10432_9198_2982,niihau_2_665_10432_9198.jpg,Net,net,0.124,21.8649925,-160.1589118,0.50,0.44,0.218,3.92,1.64,9.81,1인,S255
2_665_10432_9198_2983,niihau_2_665_10432_9198.jpg,Plastic_Buoy,plastic_buoy,0.105,21.8650036,-160.1588788,0.41,0.37,0.153,2.76,1.38,3.68,1인,S255
2_665_13017_6621_2988,niihau_2_665_13017_6621.jpg,Plastic_ETC,plastic_other,0.525,21.8654192,-160.1583855,0.80,0.76,0.612,1.47,0.98,4.89,1인,S256
2_665_13017_6621_2989,niihau_2_665_13017_6621.jpg,Plastic_ETC,plastic_other,0.430,21.8654242,-160.1583679,0.53,0.52,0.276,0.66,0.44,2.21,1인,S256
2_665_13017_6621_2990,niihau_2_665_13017_6621.jpg,Plastic_ETC,plastic_other,0.267,21.8654009,-160.1583176,0.55,0.53,0.293,0.70,0.47,2.34,1인,S257
2_665_13017_6621_2991,niihau_2_665_13017_6621.jpg,Plastic_Buoy_China,plastic_buoy,0.198,21.8653902,-160.1584233,0.49,0.48,0.234,4.22,2.11,5.62,1인,S256
2_665_13017_6621_2992,niihau_2_665_13017_6621.jpg,Glass,glass,0.183,21.8653689,-160.1584211,0.34,0.21,0.072,3.01,2.15,4.30,1인,S256
2_665_13017_6621_2993,niihau_2_665_13017_6621.jpg,PET_Bottle,pet_bottle,0.178,21.8653973,-160.1584081,0.57,0.51,0.288,0.57,0.48,0.95,1인,S256
2_665_13017_6621_2994,niihau_2_665_13017_6621.jpg,Styrofoam_Piece,eps_fragment,0.167,21.8653797,-160.1584097,0.43,0.41,0.176,0.11,0.07,0.35,1인,S256
2_665_13017_6621_2995,niihau_2_665_13017_6621.jpg,Plastic_ETC,plastic_other,0.119,21.8654003,-160.1584277,0.60,0.44,0.263,0.63,0.42,2.11,1인,S256
2_665_13022_7668_3001,niihau_2_665_13022_7668.jpg,Plastic_ETC,plastic_other,0.360,21.8652318,-160.1583054,0.48,0.37,0.178,0.43,0.29,1.43,1인,S258
2_665_13022_7668_3002,niihau_2_665_13022_7668.jpg,Styrofoam_Piece,eps_fragment,0.327,21.8652614,-160.1583525,0.71,0.59,0.422,0.25,0.17,0.84,1인,S256
2_665_13022_7668_3003,niihau_2_665_13022_7668.jpg,Plastic_ETC,plastic_other,0.282,21.8652205,-160.1583964,0.64,0.49,0.313,0.75,0.50,2.51,1인,S256
2_665_13022_7668_3004,niihau_2_665_13022_7668.jpg,PET_Bottle,pet_bottle,0.177,21.8652142,-160.1583568,0.55,0.53,0.292,0.58,0.48,0.96,1인,S258
2_665_13022_7668_3005,niihau_2_665_13022_7668.jpg,Plastic_Buoy_China,plastic_buoy,0.159,21.8652628,-160.1583565,0.35,0.31,0.109,1.97,0.99,2.63,1인,S256
2_665_13022_7668_3006,niihau_2_665_13022_7668.jpg,Plastic_ETC,plastic_other,0.131,21.8652372,-160.1583686,0.45,0.43,0.193,0.46,0.31,1.54,1인,S256
2_665_13022_7668_3007,niihau_2_665_13022_7668.jpg,PET_Bottle,pet_bottle,0.129,21.8651788,-160.1583943,0.35,0.33,0.116,0.23,0.19,0.38,1인,S258
2_665_13022_7668_3008,niihau_2_665_13022_7668.jpg,Plastic_Buoy_China,plastic_buoy,0.116,21.8652851,-160.1584035,0.38,0.37,0.140,2.52,1.26,3.36,1인,S256
2_665_13022_7668_3009,niihau_2_665_13022_7668.jpg,PET_Bottle,pet_bottle,0.114,21.8652723,-160.1583973,0.44,0.42,0.182,0.36,0.30,0.60,1인,S256
2_665_13022_7668_3010,niihau_2_665_13022_7668.jpg,Plastic_Buoy_China,plastic_buoy,0.107,21.8652599,-160.1583235,0.48,0.42,0.201,3.63,1.81,4.83,1인,S256
2_665_13345_7682_3015,niihau_2_665_13345_7682.jpg,Plastic_ETC,plastic_other,0.294,21.8652614,-160.1583524,0.70,0.60,0.426,1.02,0.68,3.40,1인,S256
2_665_13345_7682_3016,niihau_2_665_13345_7682.jpg,PET_Bottle,pet_bottle,0.267,21.8651768,-160.1583140,0.49,0.39,0.192,0.38,0.32,0.63,1인,S258
2_665_13345_7682_3017,niihau_2_665_13345_7682.jpg,Plastic_ETC,plastic_other,0.181,21.8652707,-160.1582522,0.48,0.48,0.230,0.55,0.37,1.84,1인,S257
2_665_13345_7682_3018,niihau_2_665_13345_7682.jpg,Plastic_ETC,plastic_other,0.164,21.8652319,-160.1583033,0.85,0.51,0.439,1.05,0.70,3.51,1인,S258
2_665_13345_7682_3019,niihau_2_665_13345_7682.jpg,PET_Bottle,pet_bottle,0.160,21.8652141,-160.1583565,0.53,0.53,0.285,0.56,0.47,0.94,1인,S258
2_665_13345_7682_3020,niihau_2_665_13345_7682.jpg,Net,net,0.138,21.8652627,-160.1583566,0.34,0.31,0.105,1.89,0.79,4.72,1인,S256
2_665_13345_7682_3021,niihau_2_665_13345_7682.jpg,Net,net,0.138,21.8652387,-160.1582873,0.40,0.39,0.159,2.86,1.19,7.16,1인,S258
2_665_13345_7682_3022,niihau_2_665_13345_7682.jpg,Styrofoam_Piece,eps_fragment,0.134,21.8651861,-160.1582743,0.47,0.46,0.217,0.13,0.09,0.43,1인,S258
2_665_13345_7682_3023,niihau_2_665_13345_7682.jpg,Styrofoam_Piece,eps_fragment,0.117,21.8652576,-160.1582477,0.38,0.35,0.132,0.08,0.05,0.26,1인,S257
2_665_13345_7682_3024,niihau_2_665_13345_7682.jpg,PET_Bottle,pet_bottle,0.102,21.8652604,-160.1583177,0.50,0.41,0.206,0.41,0.34,0.68,1인,S256
2_665_13390_7274_3030,niihau_2_665_13390_7274.jpg,Plastic_ETC,plastic_other,0.354,21.8652615,-160.1583525,0.70,0.59,0.413,0.99,0.66,3.31,1인,S256
2_665_13390_7274_3031,niihau_2_665_13390_7274.jpg,PET_Bottle,pet_bottle,0.346,21.8653069,-160.1582947,0.78,0.67,0.528,1.05,0.87,1.74,1인,S257
2_665_13390_7274_3032,niihau_2_665_13390_7274.jpg,Plastic_ETC,plastic_other,0.322,21.8653437,-160.1582514,0.51,0.49,0.251,0.60,0.40,2.01,1인,S257
2_665_13390_7274_3033,niihau_2_665_13390_7274.jpg,Styrofoam_Piece,eps_fragment,0.285,21.8653503,-160.1582381,0.52,0.48,0.250,0.15,0.10,0.50,1인,S257
2_665_13390_7274_3034,niihau_2_665_13390_7274.jpg,Plastic_ETC,plastic_other,0.192,21.8652707,-160.1582523,0.49,0.47,0.232,0.56,0.37,1.86,1인,S257
2_665_13390_7274_3035,niihau_2_665_13390_7274.jpg,PET_Bottle,pet_bottle,0.159,21.8653612,-160.1583215,0.70,0.42,0.298,0.59,0.49,0.98,1인,S257
2_665_13390_7274_3036,niihau_2_665_13390_7274.jpg,Plastic_ETC,plastic_other,0.130,21.8653144,-160.1582908,0.54,0.52,0.282,0.68,0.45,2.25,1인,S257
2_665_13466_6806_3043,niihau_2_665_13466_6806.jpg,Styrofoam_Piece,eps_fragment,0.349,21.8653504,-160.1582382,0.53,0.48,0.255,0.15,0.10,0.51,1인,S257
2_665_13466_6806_3044,niihau_2_665_13466_6806.jpg,Plastic_ETC,plastic_other,0.341,21.8653468,-160.1582205,0.48,0.39,0.187,0.45,0.30,1.49,1인,S257
2_665_13466_6806_3045,niihau_2_665_13466_6806.jpg,Plastic_ETC,plastic_other,0.308,21.8654446,-160.1582592,0.51,0.45,0.230,0.55,0.37,1.84,1인,S257
2_665_13466_6806_3046,niihau_2_665_13466_6806.jpg,Plastic_ETC,plastic_other,0.218,21.8654156,-160.1582254,0.63,0.56,0.351,0.84,0.56,2.81,1인,S257
2_665_13466_6806_3047,niihau_2_665_13466_6806.jpg,Plastic_ETC,plastic_other,0.209,21.8653439,-160.1582515,0.46,0.46,0.213,0.51,0.34,1.70,1인,S257
2_665_13466_6806_3048,niihau_2_665_13466_6806.jpg,Plastic_ETC,plastic_other,0.195,21.8654387,-160.1582519,0.69,0.57,0.391,0.94,0.63,3.13,1인,S257
2_665_13466_6806_3049,niihau_2_665_13466_6806.jpg,Plastic_ETC,plastic_other,0.160,21.8654007,-160.1583177,0.54,0.48,0.260,0.62,0.42,2.08,1인,S257
2_665_13466_6806_3050,niihau_2_665_13466_6806.jpg,Plastic_ETC,plastic_other,0.149,21.8654074,-160.1582774,0.42,0.42,0.177,0.43,0.28,1.42,1인,S257
2_665_13466_6806_3051,niihau_2_665_13466_6806.jpg,PET_Bottle,pet_bottle,0.143,21.8653600,-160.1582936,0.41,0.33,0.136,0.27,0.22,0.45,1인,S257
2_665_13712_7136_3054,niihau_2_665_13712_7136.jpg,Plastic_Buoy,plastic_buoy,0.426,21.8652979,-160.1582054,0.43,0.42,0.180,3.24,1.62,4.32,1인,S257
2_665_13712_7136_3055,niihau_2_665_13712_7136.jpg,Plastic_ETC,plastic_other,0.416,21.8653356,-160.1581879,0.81,0.70,0.566,1.36,0.91,4.53,1인,S257
2_665_13712_7136_3056,niihau_2_665_13712_7136.jpg,Styrofoam_Piece,eps_fragment,0.327,21.8653503,-160.1582382,0.51,0.48,0.245,0.15,0.10,0.49,1인,S257
2_665_13712_7136_3057,niihau_2_665_13712_7136.jpg,Plastic_ETC,plastic_other,0.325,21.8653703,-160.1582101,0.78,0.73,0.569,1.37,0.91,4.55,1인,S257
2_665_13712_7136_3058,niihau_2_665_13712_7136.jpg,Plastic_ETC,plastic_other,0.255,21.8653468,-160.1582201,0.49,0.49,0.236,0.57,0.38,1.88,1인,S257
2_665_13712_7136_3059,niihau_2_665_13712_7136.jpg,Plastic_ETC,plastic_other,0.206,21.8653439,-160.1582516,0.50,0.50,0.251,0.60,0.40,2.01,1인,S257
2_665_13712_7136_3060,niihau_2_665_13712_7136.jpg,Plastic_ETC,plastic_other,0.188,21.8653868,-160.1581728,0.58,0.31,0.179,0.43,0.29,1.43,1인,S257
2_665_13712_7136_3061,niihau_2_665_13712_7136.jpg,Styrofoam_Piece,eps_fragment,0.130,21.8653611,-160.1582248,0.42,0.40,0.169,0.10,0.07,0.34,1인,S257
2_665_13712_7136_3062,niihau_2_665_13712_7136.jpg,Plastic_ETC,plastic_other,0.118,21.8653144,-160.1582910,0.51,0.45,0.228,0.55,0.37,1.83,1인,S257
2_665_14330_6495_3069,niihau_2_665_14330_6495.jpg,Plastic_ETC,plastic_other,0.378,21.8655024,-160.1581035,0.49,0.47,0.230,0.55,0.37,1.84,1인,S257
2_665_14330_6495_3070,niihau_2_665_14330_6495.jpg,Plastic_ETC,plastic_other,0.317,21.8654709,-160.1581506,0.53,0.45,0.240,0.58,0.38,1.92,1인,S257
2_665_14330_6495_3071,niihau_2_665_14330_6495.jpg,Plastic_ETC,plastic_other,0.286,21.8654467,-160.1581011,0.75,0.75,0.563,1.35,0.90,4.51,1인,S257
2_665_14330_6495_3072,niihau_2_665_14330_6495.jpg,PET_Bottle,pet_bottle,0.275,21.8654430,-160.1581388,0.70,0.65,0.451,0.89,0.74,1.49,1인,S257
2_665_14330_6495_3073,niihau_2_665_14330_6495.jpg,Styrofoam_Piece,eps_fragment,0.263,21.8654488,-160.1581142,1.05,0.90,0.944,0.57,0.38,1.89,1인,S257
2_665_14330_6495_3074,niihau_2_665_14330_6495.jpg,Styrofoam_Piece,eps_fragment,0.253,21.8654881,-160.1581450,0.48,0.47,0.225,0.13,0.09,0.45,1인,S257
2_665_14330_6495_3075,niihau_2_665_14330_6495.jpg,Plastic_Buoy_China,plastic_buoy,0.230,21.8654987,-160.1581359,0.29,0.29,0.086,1.56,0.78,2.07,1인,S257
2_665_14330_6495_3076,niihau_2_665_14330_6495.jpg,Plastic_Buoy,plastic_buoy,0.196,21.8654260,-160.1581256,0.48,0.46,0.220,3.96,1.98,5.28,1인,S257
2_665_14330_6495_3077,niihau_2_665_14330_6495.jpg,PET_Bottle,pet_bottle,0.160,21.8654911,-160.1581138,0.51,0.46,0.236,0.47,0.39,0.78,1인,S257
2_665_14330_6495_3078,niihau_2_665_14330_6495.jpg,Plastic_ETC,plastic_other,0.158,21.8654785,-160.1580768,0.58,0.53,0.310,0.74,0.50,2.48,1인,S257
2_665_14330_6495_3079,niihau_2_665_14330_6495.jpg,Plastic_ETC,plastic_other,0.150,21.8654054,-160.1581499,2.56,2.21,5.659,13.58,9.05,45.27,2인,S257
2_665_14330_6495_3080,niihau_2_665_14330_6495.jpg,PET_Bottle,pet_bottle,0.101,21.8654431,-160.1581579,0.46,0.36,0.166,0.33,0.27,0.55,1인,S257
2_665_14437_6146_3086,niihau_2_665_14437_6146.jpg,Plastic_ETC,plastic_other,0.471,21.8654708,-160.1581503,0.58,0.48,0.278,0.67,0.44,2.22,1인,S257
2_665_14437_6146_3087,niihau_2_665_14437_6146.jpg,Plastic_ETC,plastic_other,0.397,21.8655023,-160.1581035,0.51,0.49,0.252,0.60,0.40,2.02,1인,S257
2_665_14437_6146_3088,niihau_2_665_14437_6146.jpg,Plastic_ETC,plastic_other,0.316,21.8655110,-160.1580479,0.56,0.54,0.299,0.72,0.48,2.40,1인,S257
2_665_14437_6146_3089,niihau_2_665_14437_6146.jpg,Plastic_ETC,plastic_other,0.308,21.8655271,-160.1581092,0.68,0.66,0.446,1.07,0.71,3.57,1인,S257
2_665_14437_6146_3090,niihau_2_665_14437_6146.jpg,Styrofoam_Piece,eps_fragment,0.245,21.8655510,-160.1581207,0.53,0.41,0.218,0.13,0.09,0.44,1인,S257
2_665_14437_6146_3091,niihau_2_665_14437_6146.jpg,Styrofoam_Piece,eps_fragment,0.242,21.8654879,-160.1581451,0.48,0.45,0.219,0.13,0.09,0.44,1인,S257
2_665_14437_6146_3092,niihau_2_665_14437_6146.jpg,Plastic_ETC,plastic_other,0.233,21.8655559,-160.1581313,1.17,1.15,1.343,3.22,2.15,10.74,1인,S257
2_665_14437_6146_3093,niihau_2_665_14437_6146.jpg,Plastic_ETC,plastic_other,0.232,21.8655578,-160.1581180,0.52,0.51,0.269,0.64,0.43,2.15,1인,S257
2_665_14437_6146_3094,niihau_2_665_14437_6146.jpg,PET_Bottle,pet_bottle,0.168,21.8654660,-160.1581426,0.51,0.42,0.216,0.43,0.36,0.71,1인,S257
2_665_14437_6146_3095,niihau_2_665_14437_6146.jpg,Plastic_Buoy_China,plastic_buoy,0.159,21.8655356,-160.1580509,0.47,0.43,0.202,3.63,1.82,4.84,1인,S257
2_665_14437_6146_3096,niihau_2_665_14437_6146.jpg,PET_Bottle,pet_bottle,0.131,21.8655266,-160.1580674,0.44,0.36,0.159,0.31,0.26,0.52,1인,S257
2_665_14437_6146_3097,niihau_2_665_14437_6146.jpg,PET_Bottle,pet_bottle,0.122,21.8655190,-160.1581476,0.73,0.62,0.457,0.91,0.75,1.51,1인,S257
2_665_14437_6146_3098,niihau_2_665_14437_6146.jpg,Plastic_Buoy_China,plastic_buoy,0.111,21.8654988,-160.1581360,0.31,0.28,0.087,1.56,0.78,2.09,1인,S257
2_665_14437_6146_3099,niihau_2_665_14437_6146.jpg,Styrofoam_Piece,eps_fragment,0.103,21.8655444,-160.1580546,0.46,0.45,0.209,0.13,0.08,0.42,1인,S257
2_665_14437_6146_3100,niihau_2_665_14437_6146.jpg,PET_Bottle,pet_bottle,0.102,21.8654911,-160.1581138,0.50,0.44,0.218,0.43,0.36,0.72,1인,S257
2_665_14596_3915_3106,niihau_2_665_14596_3915.jpg,Plastic_ETC,plastic_other,0.476,21.8659151,-160.1580661,0.68,0.67,0.455,1.09,0.73,3.64,1인,S259
2_665_14790_6258_3107,niihau_2_665_14790_6258.jpg,Plastic_ETC,plastic_other,0.374,21.8655111,-160.1580479,0.57,0.55,0.310,0.74,0.50,2.48,1인,S257
2_665_14790_6258_3108,niihau_2_665_14790_6258.jpg,Plastic_ETC,plastic_other,0.328,21.8655231,-160.1580287,0.48,0.48,0.229,0.55,0.37,1.83,1인,S257
2_665_14790_6258_3109,niihau_2_665_14790_6258.jpg,Styrofoam_Piece,eps_fragment,0.182,21.8654988,-160.1579979,0.42,0.35,0.148,0.09,0.06,0.30,1인,S257
2_665_14790_6258_3110,niihau_2_665_14790_6258.jpg,Plastic_ETC,plastic_other,0.150,21.8654784,-160.1580770,0.59,0.53,0.310,0.74,0.50,2.48,1인,S257
2_665_14790_6258_3111,niihau_2_665_14790_6258.jpg,PET_Bottle,pet_bottle,0.130,21.8655311,-160.1579854,0.73,0.58,0.422,0.83,0.70,1.39,1인,S260
2_665_14790_6258_3112,niihau_2_665_14790_6258.jpg,Plastic_Buoy_China,plastic_buoy,0.123,21.8655000,-160.1580586,0.37,0.36,0.133,2.40,1.20,3.20,1인,S257
2_665_14790_6258_3113,niihau_2_665_14790_6258.jpg,Plastic_Buoy_China,plastic_buoy,0.116,21.8655356,-160.1580510,0.45,0.43,0.196,3.52,1.76,4.70,1인,S257
2_665_2518_16591_3119,niihau_2_665_2518_16591.jpg,Plastic_ETC,plastic_other,0.594,21.8635998,-160.1603873,0.56,0.52,0.291,0.70,0.46,2.32,1인,S261
2_665_2518_16591_3120,niihau_2_665_2518_16591.jpg,Plastic_ETC,plastic_other,0.258,21.8636563,-160.1604131,0.51,0.49,0.250,0.60,0.40,2.00,1인,S261
2_665_2518_16591_3121,niihau_2_665_2518_16591.jpg,Styrofoam_Piece,eps_fragment,0.224,21.8636053,-160.1603668,0.54,0.53,0.290,0.17,0.12,0.58,1인,S261
2_665_2518_16591_3122,niihau_2_665_2518_16591.jpg,Plastic_ETC,plastic_other,0.203,21.8636087,-160.1603854,0.59,0.59,0.348,0.84,0.56,2.79,1인,S261
2_665_2518_16591_3123,niihau_2_665_2518_16591.jpg,Plastic_Buoy_China,plastic_buoy,0.164,21.8635755,-160.1603388,0.31,0.28,0.084,1.52,0.76,2.03,1인,S261
2_665_2518_16591_3124,niihau_2_665_2518_16591.jpg,PET_Bottle,pet_bottle,0.144,21.8636354,-160.1603882,0.44,0.25,0.110,0.22,0.18,0.36,1인,S261
2_665_2518_16591_3125,niihau_2_665_2518_16591.jpg,PET_Bottle,pet_bottle,0.121,21.8635761,-160.1604433,0.79,0.36,0.286,0.57,0.47,0.94,1인,S261
2_665_2518_16591_3126,niihau_2_665_2518_16591.jpg,Plastic_ETC,plastic_other,0.118,21.8635804,-160.1603497,0.55,0.47,0.257,0.62,0.41,2.05,1인,S261
2_665_2793_17025_3135,niihau_2_665_2793_17025.jpg,Plastic_ETC,plastic_other,0.411,21.8634879,-160.1603044,0.70,0.59,0.415,1.00,0.66,3.32,1인,S261
2_665_2793_17025_3136,niihau_2_665_2793_17025.jpg,PET_Bottle,pet_bottle,0.256,21.8635663,-160.1602708,0.68,0.19,0.126,0.25,0.21,0.42,1인,S261
2_665_2793_17025_3137,niihau_2_665_2793_17025.jpg,Plastic_ETC,plastic_other,0.251,21.8635862,-160.1603209,0.59,0.52,0.306,0.73,0.49,2.45,1인,S261
2_665_2793_17025_3138,niihau_2_665_2793_17025.jpg,Styrofoam_Piece,eps_fragment,0.183,21.8635734,-160.1602885,0.45,0.45,0.205,0.12,0.08,0.41,1인,S261
2_665_2793_17025_3139,niihau_2_665_2793_17025.jpg,Styrofoam_Piece,eps_fragment,0.157,21.8635301,-160.1602719,0.53,0.46,0.240,0.14,0.10,0.48,1인,S261
2_665_2793_17025_3140,niihau_2_665_2793_17025.jpg,Plastic_ETC,plastic_other,0.155,21.8635805,-160.1603499,0.54,0.51,0.277,0.66,0.44,2.22,1인,S261
2_665_2793_17025_3141,niihau_2_665_2793_17025.jpg,Plastic_Buoy_China,plastic_buoy,0.121,21.8634906,-160.1602830,0.48,0.43,0.207,3.73,1.86,4.97,1인,S261
2_665_2793_17025_3142,niihau_2_665_2793_17025.jpg,Plastic_Buoy,plastic_buoy,0.108,21.8634811,-160.1603047,0.43,0.42,0.180,3.24,1.62,4.32,1인,S261
2_665_3119_15180_3149,niihau_2_665_3119_15180.jpg,Plastic_ETC,plastic_other,0.434,21.8638339,-160.1602728,0.52,0.47,0.241,0.58,0.39,1.93,1인,S262
2_665_3119_15180_3150,niihau_2_665_3119_15180.jpg,Plastic_ETC,plastic_other,0.302,21.8638645,-160.1602714,0.53,0.51,0.271,0.65,0.43,2.17,1인,S262
2_665_3119_15180_3151,niihau_2_665_3119_15180.jpg,Styrofoam_Piece,eps_fragment,0.266,21.8638079,-160.1602566,0.53,0.25,0.133,0.08,0.05,0.27,1인,S262
2_665_3119_15180_3152,niihau_2_665_3119_15180.jpg,Plastic_ETC,plastic_other,0.264,21.8638173,-160.1602825,0.49,0.48,0.232,0.56,0.37,1.86,1인,S262
2_665_3119_15180_3153,niihau_2_665_3119_15180.jpg,Plastic_ETC,plastic_other,0.188,21.8638114,-160.1602151,0.54,0.54,0.292,0.70,0.47,2.33,1인,S262
2_665_3119_15180_3154,niihau_2_665_3119_15180.jpg,PET_Bottle,pet_bottle,0.146,21.8639190,-160.1602626,0.47,0.47,0.221,0.44,0.36,0.73,1인,S262
2_665_3119_15180_3155,niihau_2_665_3119_15180.jpg,Plastic_Buoy_China,plastic_buoy,0.114,21.8638313,-160.1602462,0.31,0.31,0.097,1.74,0.87,2.32,1인,S262
2_665_3130_16839_3157,niihau_2_665_3130_16839.jpg,Plastic_ETC,plastic_other,0.373,21.8635120,-160.1602452,0.56,0.54,0.301,0.72,0.48,2.41,1인,S261
2_665_3130_16839_3158,niihau_2_665_3130_16839.jpg,PET_Bottle,pet_bottle,0.297,21.8635605,-160.1602283,0.59,0.59,0.347,0.69,0.57,1.15,1인,S261
2_665_3130_16839_3159,niihau_2_665_3130_16839.jpg,Styrofoam_Buoy,eps_buoy,0.289,21.8635645,-160.1602666,1.12,1.11,1.247,10.91,4.68,12.47,1인,S261
2_665_3130_16839_3160,niihau_2_665_3130_16839.jpg,Plastic_ETC,plastic_other,0.244,21.8635869,-160.1603208,0.61,0.61,0.369,0.89,0.59,2.95,1인,S261
2_665_3130_16839_3161,niihau_2_665_3130_16839.jpg,Styrofoam_Piece,eps_fragment,0.218,21.8635396,-160.1602412,0.62,0.55,0.340,0.20,0.14,0.68,1인,S261
2_665_3130_16839_3162,niihau_2_665_3130_16839.jpg,Styrofoam_Piece,eps_fragment,0.216,21.8635926,-160.1603192,0.55,0.48,0.266,0.16,0.11,0.53,1인,S261
2_665_3130_16839_3163,niihau_2_665_3130_16839.jpg,Styrofoam_Piece,eps_fragment,0.175,21.8635527,-160.1602156,0.54,0.46,0.252,0.15,0.10,0.50,1인,S261
2_665_3130_16839_3164,niihau_2_665_3130_16839.jpg,Styrofoam_Piece,eps_fragment,0.172,21.8635818,-160.1602513,0.41,0.40,0.163,0.10,0.07,0.33,1인,S261
2_665_3130_16839_3165,niihau_2_665_3130_16839.jpg,Styrofoam_Piece,eps_fragment,0.145,21.8635301,-160.1602720,0.51,0.47,0.243,0.15,0.10,0.49,1인,S261
2_665_3130_16839_3166,niihau_2_665_3130_16839.jpg,Plastic_Buoy_China,plastic_buoy,0.119,21.8635238,-160.1602611,0.43,0.37,0.161,2.90,1.45,3.87,1인,S261
2_665_3130_16839_3167,niihau_2_665_3130_16839.jpg,Net,net,0.114,21.8635906,-160.1602540,0.46,0.39,0.179,3.22,1.34,8.05,1인,S261
2_665_3130_16839_3168,niihau_2_665_3130_16839.jpg,Plastic_ETC,plastic_other,0.112,21.8635734,-160.1602884,0.46,0.45,0.207,0.50,0.33,1.65,1인,S261
2_665_3163_14856_3172,niihau_2_665_3163_14856.jpg,PET_Bottle,pet_bottle,0.196,21.8639190,-160.1602628,0.42,0.41,0.174,0.34,0.29,0.57,1인,S262
2_665_3163_14856_3173,niihau_2_665_3163_14856.jpg,PET_Bottle,pet_bottle,0.178,21.8638660,-160.1602714,0.49,0.19,0.091,0.18,0.15,0.30,1인,S262
2_665_3752_16328_3174,niihau_2_665_3752_16328.jpg,Plastic_ETC,plastic_other,0.467,21.8636474,-160.1601580,0.70,0.68,0.473,1.14,0.76,3.79,1인,S261
2_665_3752_16328_3175,niihau_2_665_3752_16328.jpg,PET_Bottle,pet_bottle,0.257,21.8636650,-160.1601865,0.43,0.40,0.174,0.34,0.29,0.57,1인,S261
2_665_3752_16328_3176,niihau_2_665_3752_16328.jpg,Plastic_ETC,plastic_other,0.252,21.8637080,-160.1601479,0.52,0.51,0.263,0.63,0.42,2.11,1인,S263
2_665_3752_16328_3177,niihau_2_665_3752_16328.jpg,PET_Bottle,pet_bottle,0.236,21.8637151,-160.1601293,0.50,0.17,0.086,0.17,0.14,0.28,1인,S263
2_665_3752_16328_3178,niihau_2_665_3752_16328.jpg,Plastic_ETC,plastic_other,0.162,21.8636786,-160.1600924,0.50,0.45,0.224,0.54,0.36,1.79,1인,S263
2_665_3752_16328_3179,niihau_2_665_3752_16328.jpg,PET_Bottle,pet_bottle,0.159,21.8637137,-160.1602045,0.71,0.36,0.256,0.51,0.42,0.84,1인,S261
2_665_3752_16328_3180,niihau_2_665_3752_16328.jpg,PET_Bottle,pet_bottle,0.150,21.8636113,-160.1601627,0.42,0.39,0.161,0.32,0.27,0.53,1인,S261
2_665_3752_16328_3181,niihau_2_665_3752_16328.jpg,Plastic_Buoy,plastic_buoy,0.135,21.8636991,-160.1602039,0.56,0.55,0.304,5.46,2.73,7.28,1인,S261
2_665_3752_16328_3182,niihau_2_665_3752_16328.jpg,PET_Bottle,pet_bottle,0.128,21.8637005,-160.1601508,0.52,0.23,0.118,0.23,0.19,0.39,1인,S261
2_665_375_20009_3184,niihau_2_665_375_20009.jpg,Styrofoam_Buoy,eps_buoy,0.480,21.8630433,-160.1607576,0.91,0.67,0.612,5.36,2.30,6.12,1인,S264
2_665_375_20009_3185,niihau_2_665_375_20009.jpg,Plastic_Buoy,plastic_buoy,0.167,21.8630240,-160.1608115,0.58,0.55,0.323,5.81,2.90,7.74,1인,S264
2_665_375_20009_3186,niihau_2_665_375_20009.jpg,Styrofoam_Piece,eps_fragment,0.113,21.8629715,-160.1608153,0.41,0.39,0.160,0.10,0.06,0.32,1인,S264
2_665_375_20009_3187,niihau_2_665_375_20009.jpg,Styrofoam_Piece,eps_fragment,0.105,21.8630436,-160.1607354,0.66,0.35,0.227,0.14,0.09,0.45,1인,S264
2_665_3865_13213_3196,niihau_2_665_3865_13213.jpg,Plastic_ETC,plastic_other,0.395,21.8641691,-160.1601615,0.57,0.55,0.314,0.75,0.50,2.51,1인,S265
2_665_3865_13213_3197,niihau_2_665_3865_13213.jpg,Net,net,0.236,21.8642161,-160.1601101,0.38,0.32,0.122,2.20,0.92,5.50,1인,S265
2_665_3865_13213_3198,niihau_2_665_3865_13213.jpg,Plastic_Buoy_China,plastic_buoy,0.199,21.8642394,-160.1600734,0.36,0.34,0.123,2.22,1.11,2.96,1인,S265
2_665_3865_13213_3199,niihau_2_665_3865_13213.jpg,PET_Bottle,pet_bottle,0.187,21.8642056,-160.1600684,0.42,0.15,0.064,0.13,0.11,0.21,1인,S265
2_665_3865_13213_3200,niihau_2_665_3865_13213.jpg,Plastic_Buoy_China,plastic_buoy,0.174,21.8641870,-160.1601310,0.45,0.33,0.150,2.70,1.35,3.60,1인,S265
2_665_3865_13213_3201,niihau_2_665_3865_13213.jpg,Plastic_Buoy,plastic_buoy,0.150,21.8642261,-160.1601175,0.54,0.53,0.286,5.14,2.57,6.85,1인,S265
2_665_3865_13213_3202,niihau_2_665_3865_13213.jpg,Plastic_ETC,plastic_other,0.140,21.8642558,-160.1601127,0.47,0.44,0.205,0.49,0.33,1.64,1인,S265
2_665_3865_13213_3203,niihau_2_665_3865_13213.jpg,Styrofoam_Piece,eps_fragment,0.137,21.8642133,-160.1601522,0.41,0.40,0.163,0.10,0.07,0.33,1인,S265
2_665_4199_13220_3206,niihau_2_665_4199_13220.jpg,Styrofoam_Piece,eps_fragment,0.279,21.8642352,-160.1600151,0.53,0.52,0.278,0.17,0.11,0.56,1인,S265
2_665_4199_13220_3207,niihau_2_665_4199_13220.jpg,Plastic_Buoy_China,plastic_buoy,0.238,21.8642402,-160.1600176,0.37,0.34,0.125,2.26,1.13,3.01,1인,S265
2_665_4199_13220_3208,niihau_2_665_4199_13220.jpg,Plastic_Buoy,plastic_buoy,0.224,21.8642262,-160.1601175,0.55,0.55,0.301,5.42,2.71,7.23,1인,S265
2_665_4199_13220_3209,niihau_2_665_4199_13220.jpg,Plastic_Buoy_China,plastic_buoy,0.195,21.8642392,-160.1600736,0.34,0.34,0.116,2.09,1.04,2.78,1인,S265
2_665_4199_13220_3210,niihau_2_665_4199_13220.jpg,Plastic_ETC,plastic_other,0.171,21.8642558,-160.1601127,0.48,0.45,0.212,0.51,0.34,1.70,1인,S265
2_665_4199_13220_3211,niihau_2_665_4199_13220.jpg,Plastic_ETC,plastic_other,0.152,21.8642060,-160.1600665,0.46,0.45,0.203,0.49,0.33,1.63,1인,S265
2_665_4199_13220_3212,niihau_2_665_4199_13220.jpg,Plastic_Buoy_China,plastic_buoy,0.131,21.8642339,-160.1600451,0.26,0.23,0.059,1.07,0.54,1.43,1인,S265
2_665_4199_13220_3213,niihau_2_665_4199_13220.jpg,Plastic_ETC,plastic_other,0.114,21.8642392,-160.1600519,0.44,0.44,0.194,0.47,0.31,1.55,1인,S265
2_665_4630_15790_3214,niihau_2_665_4630_15790.jpg,Plastic_ETC,plastic_other,0.386,21.8638101,-160.1599327,0.64,0.55,0.350,0.84,0.56,2.80,1인,S263
2_665_4630_15790_3215,niihau_2_665_4630_15790.jpg,Styrofoam_Piece,eps_fragment,0.306,21.8637372,-160.1599849,0.61,0.61,0.373,0.22,0.15,0.75,1인,S263
2_665_4630_15790_3216,niihau_2_665_4630_15790.jpg,PET_Bottle,pet_bottle,0.221,21.8637342,-160.1600300,0.44,0.36,0.160,0.32,0.26,0.53,1인,S263
2_665_4630_15790_3217,niihau_2_665_4630_15790.jpg,PET_Bottle,pet_bottle,0.195,21.8637817,-160.1600260,0.83,0.37,0.306,0.61,0.50,1.01,1인,S263
2_665_4630_15790_3218,niihau_2_665_4630_15790.jpg,Plastic_ETC,plastic_other,0.141,21.8637949,-160.1599906,0.63,0.61,0.383,0.92,0.61,3.06,1인,S263
2_665_4630_15790_3219,niihau_2_665_4630_15790.jpg,Net,net,0.140,21.8637171,-160.1599873,0.47,0.40,0.185,3.33,1.39,8.33,1인,S263
2_665_4630_15790_3220,niihau_2_665_4630_15790.jpg,Plastic_Buoy_China,plastic_buoy,0.104,21.8637938,-160.1599983,0.38,0.35,0.134,2.42,1.21,3.22,1인,S263
2_665_5013_15921_3223,niihau_2_665_5013_15921.jpg,Styrofoam_Buoy,eps_buoy,0.472,21.8636827,-160.1599625,0.80,0.53,0.423,3.70,1.58,4.23,1인,S263
2_665_5013_15921_3224,niihau_2_665_5013_15921.jpg,PET_Bottle,pet_bottle,0.377,21.8637726,-160.1598662,0.59,0.52,0.304,0.60,0.50,1.00,1인,S263
2_665_5013_15921_3225,niihau_2_665_5013_15921.jpg,Plastic_ETC,plastic_other,0.366,21.8637427,-160.1598592,0.81,0.60,0.486,1.17,0.78,3.89,1인,S263
2_665_5013_15921_3226,niihau_2_665_5013_15921.jpg,Styrofoam_Piece,eps_fragment,0.357,21.8637331,-160.1599035,0.62,0.59,0.367,0.22,0.15,0.73,1인,S263
2_665_5013_15921_3227,niihau_2_665_5013_15921.jpg,PET_Bottle,pet_bottle,0.234,21.8637069,-160.1598726,0.62,0.48,0.299,0.59,0.49,0.99,1인,S263
2_665_5013_15921_3228,niihau_2_665_5013_15921.jpg,Plastic_ETC,plastic_other,0.182,21.8637131,-160.1598809,0.77,0.77,0.594,1.43,0.95,4.75,1인,S263
2_665_7161_12670_3229,niihau_2_665_7161_12670.jpg,Plastic_ETC,plastic_other,0.537,21.8643019,-160.1595105,0.56,0.43,0.241,0.58,0.39,1.93,1인,S266
2_665_7161_12670_3230,niihau_2_665_7161_12670.jpg,Plastic_ETC,plastic_other,0.255,21.8642922,-160.1594785,0.55,0.46,0.253,0.61,0.41,2.03,1인,S266
2_665_7161_12670_3231,niihau_2_665_7161_12670.jpg,Plastic_ETC,plastic_other,0.212,21.8643234,-160.1594924,0.54,0.49,0.266,0.64,0.43,2.13,1인,S266
2_665_7161_12670_3232,niihau_2_665_7161_12670.jpg,Styrofoam_Piece,eps_fragment,0.182,21.8643167,-160.1594518,0.56,0.51,0.285,0.17,0.11,0.57,1인,S266
2_665_7273_13004_3237,niihau_2_665_7273_13004.jpg,Plastic_ETC,plastic_other,0.550,21.8643020,-160.1595105,0.57,0.42,0.239,0.57,0.38,1.91,1인,S266
2_665_7273_13004_3238,niihau_2_665_7273_13004.jpg,Plastic_ETC,plastic_other,0.275,21.8643075,-160.1594280,0.62,0.53,0.332,0.80,0.53,2.66,1인,S266
2_665_7273_13004_3239,niihau_2_665_7273_13004.jpg,Plastic_ETC,plastic_other,0.254,21.8642532,-160.1594622,0.49,0.44,0.212,0.51,0.34,1.70,1인,S266
2_665_7273_13004_3240,niihau_2_665_7273_13004.jpg,Plastic_ETC,plastic_other,0.247,21.8642923,-160.1594786,0.54,0.44,0.239,0.57,0.38,1.91,1인,S266
2_665_7273_13004_3241,niihau_2_665_7273_13004.jpg,Plastic_ETC,plastic_other,0.222,21.8642628,-160.1594700,0.51,0.43,0.220,0.53,0.35,1.76,1인,S266
2_665_7389_12286_3247,niihau_2_665_7389_12286.jpg,Plastic_ETC,plastic_other,0.390,21.8644391,-160.1594038,0.56,0.55,0.307,0.74,0.49,2.46,1인,S266
2_665_7389_12286_3248,niihau_2_665_7389_12286.jpg,Plastic_ETC,plastic_other,0.349,21.8643505,-160.1594301,1.10,0.89,0.974,2.34,1.56,7.79,1인,S266
2_665_7389_12286_3249,niihau_2_665_7389_12286.jpg,Plastic_ETC,plastic_other,0.255,21.8643894,-160.1594319,0.60,0.57,0.338,0.81,0.54,2.71,1인,S266
2_665_7389_12286_3250,niihau_2_665_7389_12286.jpg,PET_Bottle,pet_bottle,0.185,21.8644122,-160.1594436,0.45,0.41,0.184,0.36,0.30,0.61,1인,S266
2_665_7389_12286_3251,niihau_2_665_7389_12286.jpg,Plastic_Buoy_China,plastic_buoy,0.183,21.8643882,-160.1594035,0.50,0.47,0.233,4.20,2.10,5.60,1인,S266
2_665_7389_12286_3252,niihau_2_665_7389_12286.jpg,Plastic_ETC,plastic_other,0.180,21.8643460,-160.1593885,0.79,0.37,0.294,0.71,0.47,2.35,1인,S266
2_665_7389_12286_3253,niihau_2_665_7389_12286.jpg,Net,net,0.104,21.8644435,-160.1594869,0.40,0.39,0.156,2.82,1.17,7.04,1인,S266
2_666_3655_1594_3255,niihau_2_666_3655_1594.jpg,PET_Bottle,pet_bottle,0.382,21.8663166,-160.1570427,0.73,0.55,0.405,0.80,0.67,1.34,1인,S267
2_666_3655_1594_3256,niihau_2_666_3655_1594.jpg,PET_Bottle,pet_bottle,0.221,21.8663348,-160.1570177,0.71,0.42,0.295,0.58,0.49,0.97,1인,S268
2_666_3655_1594_3257,niihau_2_666_3655_1594.jpg,PET_Bottle,pet_bottle,0.194,21.8663679,-160.1569935,0.65,0.37,0.242,0.48,0.40,0.80,1인,S268
2_666_3655_1594_3258,niihau_2_666_3655_1594.jpg,Plastic_ETC,plastic_other,0.172,21.8663423,-160.1570254,0.83,0.77,0.641,1.54,1.03,5.13,1인,S268
2_666_386_4742_3261,niihau_2_666_386_4742.jpg,Styrofoam_Piece,eps_fragment,0.387,21.8658235,-160.1576103,0.59,0.53,0.317,0.19,0.13,0.63,1인,S269
2_666_386_4742_3262,niihau_2_666_386_4742.jpg,Plastic_ETC,plastic_other,0.346,21.8657190,-160.1577080,0.58,0.50,0.287,0.69,0.46,2.29,1인,S269
2_666_386_4742_3263,niihau_2_666_386_4742.jpg,Plastic_ETC,plastic_other,0.326,21.8658202,-160.1576419,0.68,0.58,0.395,0.95,0.63,3.16,1인,S269
2_666_386_4742_3264,niihau_2_666_386_4742.jpg,PET_Bottle,pet_bottle,0.295,21.8657218,-160.1576598,0.99,0.92,0.909,1.80,1.50,3.00,1인,S269
2_666_386_4742_3265,niihau_2_666_386_4742.jpg,PET_Bottle,pet_bottle,0.236,21.8657338,-160.1577131,0.58,0.35,0.205,0.41,0.34,0.68,1인,S269
2_666_386_4742_3266,niihau_2_666_386_4742.jpg,PET_Bottle,pet_bottle,0.222,21.8657851,-160.1576852,0.51,0.41,0.207,0.41,0.34,0.68,1인,S269
2_666_386_4742_3267,niihau_2_666_386_4742.jpg,Plastic_Buoy,plastic_buoy,0.127,21.8657291,-160.1576940,0.47,0.44,0.209,3.75,1.88,5.00,1인,S269
2_666_386_4742_3268,niihau_2_666_386_4742.jpg,Styrofoam_Piece,eps_fragment,0.114,21.8657811,-160.1576385,0.44,0.43,0.189,0.11,0.08,0.38,1인,S269
2_666_386_4742_3269,niihau_2_666_386_4742.jpg,Plastic_ETC,plastic_other,0.114,21.8658229,-160.1576232,0.78,0.56,0.434,1.04,0.69,3.47,1인,S269
2_666_386_4742_3270,niihau_2_666_386_4742.jpg,Styrofoam_Piece,eps_fragment,0.103,21.8657944,-160.1576462,0.41,0.37,0.152,0.09,0.06,0.30,1인,S269
2_666_4539_915_3276,niihau_2_666_4539_915.jpg,Plastic_ETC,plastic_other,0.363,21.8664375,-160.1568971,0.49,0.48,0.237,0.57,0.38,1.90,1인,S268
2_666_4539_915_3277,niihau_2_666_4539_915.jpg,Plastic_ETC,plastic_other,0.207,21.8664566,-160.1568841,0.96,0.86,0.824,1.98,1.32,6.59,1인,S268
2_666_4539_915_3278,niihau_2_666_4539_915.jpg,Plastic_ETC,plastic_other,0.200,21.8664964,-160.1568543,0.81,0.76,0.610,1.46,0.98,4.88,1인,S268
2_666_4539_915_3279,niihau_2_666_4539_915.jpg,Styrofoam_Piece,eps_fragment,0.104,21.8665103,-160.1568062,1.22,1.14,1.391,0.83,0.56,2.78,1인,S268
2_666_495_4348_3285,niihau_2_666_495_4348.jpg,Styrofoam_Piece,eps_fragment,0.388,21.8658234,-160.1576103,0.54,0.52,0.283,0.17,0.11,0.57,1인,S269
2_666_495_4348_3286,niihau_2_666_495_4348.jpg,Plastic_Buoy_China,plastic_buoy,0.347,21.8658669,-160.1575990,0.54,0.40,0.215,3.87,1.93,5.16,1인,S269
2_666_495_4348_3287,niihau_2_666_495_4348.jpg,Plastic_ETC,plastic_other,0.325,21.8658200,-160.1576420,0.67,0.56,0.372,0.89,0.60,2.98,1인,S269
2_666_495_4348_3288,niihau_2_666_495_4348.jpg,Styrofoam_Piece,eps_fragment,0.259,21.8658684,-160.1576078,0.52,0.52,0.272,0.16,0.11,0.54,1인,S269
2_666_495_4348_3289,niihau_2_666_495_4348.jpg,Plastic_Buoy_China,plastic_buoy,0.222,21.8658749,-160.1576158,0.36,0.35,0.125,2.24,1.12,2.99,1인,S269
2_666_495_4348_3290,niihau_2_666_495_4348.jpg,Styrofoam_Piece,eps_fragment,0.217,21.8657944,-160.1576462,0.41,0.37,0.153,0.09,0.06,0.31,1인,S269
2_666_495_4348_3291,niihau_2_666_495_4348.jpg,PET_Bottle,pet_bottle,0.188,21.8657852,-160.1576853,0.53,0.37,0.197,0.39,0.33,0.65,1인,S269
2_666_495_4348_3292,niihau_2_666_495_4348.jpg,Plastic_Buoy_China,plastic_buoy,0.151,21.8658116,-160.1576406,0.42,0.38,0.161,2.89,1.45,3.86,1인,S269
2_666_495_4348_3293,niihau_2_666_495_4348.jpg,PET_Bottle,pet_bottle,0.147,21.8658829,-160.1575796,0.42,0.40,0.167,0.33,0.28,0.55,1인,S269
2_666_495_4348_3294,niihau_2_666_495_4348.jpg,Plastic_ETC,plastic_other,0.135,21.8658228,-160.1576231,0.78,0.59,0.458,1.10,0.73,3.66,1인,S269
2_666_495_4348_3295,niihau_2_666_495_4348.jpg,Styrofoam_Piece,eps_fragment,0.134,21.8658491,-160.1576167,0.53,0.47,0.250,0.15,0.10,0.50,1인,S269
2_666_847_4338_3297,niihau_2_666_847_4338.jpg,PET_Bottle,pet_bottle,0.684,21.8658422,-160.1575643,0.82,0.56,0.457,0.90,0.75,1.51,1인,S269
2_666_847_4338_3298,niihau_2_666_847_4338.jpg,Styrofoam_Piece,eps_fragment,0.341,21.8658231,-160.1576102,0.61,0.54,0.332,0.20,0.13,0.66,1인,S269
2_666_847_4338_3299,niihau_2_666_847_4338.jpg,Styrofoam_Piece,eps_fragment,0.251,21.8658684,-160.1576081,0.55,0.54,0.296,0.18,0.12,0.59,1인,S269
2_666_847_4338_3300,niihau_2_666_847_4338.jpg,Plastic_Buoy_China,plastic_buoy,0.192,21.8658749,-160.1576159,0.36,0.34,0.124,2.23,1.11,2.97,1인,S269
2_666_847_4338_3301,niihau_2_666_847_4338.jpg,Styrofoam_Piece,eps_fragment,0.127,21.8658490,-160.1576166,0.51,0.49,0.252,0.15,0.10,0.50,1인,S269
2_716_10655_9613_3305,niihau_2_716_10655_9613.jpg,Plastic_ETC,plastic_other,0.328,21.8672901,-160.1557752,0.63,0.43,0.275,0.66,0.44,2.20,1인,S270
2_716_10655_9613_3306,niihau_2_716_10655_9613.jpg,Plastic_Buoy,plastic_buoy,0.324,21.8673132,-160.1557301,0.48,0.47,0.225,4.05,2.02,5.40,1인,S270
2_716_10655_9613_3307,niihau_2_716_10655_9613.jpg,Styrofoam_Piece,eps_fragment,0.297,21.8673635,-160.1557074,0.41,0.39,0.163,0.10,0.07,0.33,1인,S270
2_716_10655_9613_3308,niihau_2_716_10655_9613.jpg,Plastic_Buoy,plastic_buoy,0.280,21.8673056,-160.1557305,0.52,0.51,0.268,4.83,2.42,6.44,1인,S270
2_716_10655_9613_3309,niihau_2_716_10655_9613.jpg,Styrofoam_Piece,eps_fragment,0.188,21.8673774,-160.1556913,0.62,0.45,0.281,0.17,0.11,0.56,1인,S270
2_716_10655_9613_3310,niihau_2_716_10655_9613.jpg,PET_Bottle,pet_bottle,0.172,21.8673620,-160.1556885,0.66,0.30,0.197,0.39,0.32,0.65,1인,S270
2_716_10655_9613_3311,niihau_2_716_10655_9613.jpg,Plastic_ETC,plastic_other,0.115,21.8673014,-160.1556758,2.13,1.80,3.842,9.22,6.15,30.73,2인,S270
2_716_10768_9951_3319,niihau_2_716_10768_9951.jpg,Plastic_Buoy,plastic_buoy,0.346,21.8673132,-160.1557299,0.51,0.46,0.232,4.18,2.09,5.57,1인,S270
2_716_10768_9951_3320,niihau_2_716_10768_9951.jpg,Plastic_ETC,plastic_other,0.336,21.8673405,-160.1556612,0.65,0.59,0.379,0.91,0.61,3.03,1인,S270
2_716_10768_9951_3321,niihau_2_716_10768_9951.jpg,Plastic_Buoy,plastic_buoy,0.331,21.8673056,-160.1557306,0.54,0.52,0.280,5.04,2.52,6.72,1인,S270
2_716_10768_9951_3322,niihau_2_716_10768_9951.jpg,Plastic_Buoy,plastic_buoy,0.214,21.8672844,-160.1557084,0.50,0.44,0.218,3.92,1.96,5.22,1인,S270
2_716_10768_9951_3323,niihau_2_716_10768_9951.jpg,Plastic_ETC,plastic_other,0.108,21.8673287,-160.1556747,3.81,0.84,3.211,7.71,5.14,25.69,2인,S270
2_716_10983_9610_3334,niihau_2_716_10983_9610.jpg,Styrofoam_Piece,eps_fragment,0.322,21.8673635,-160.1557074,0.42,0.39,0.164,0.10,0.07,0.33,1인,S270
2_716_10983_9610_3335,niihau_2_716_10983_9610.jpg,Plastic_ETC,plastic_other,0.189,21.8673409,-160.1556610,0.77,0.64,0.491,1.18,0.79,3.93,1인,S270
2_716_10983_9610_3336,niihau_2_716_10983_9610.jpg,Styrofoam_Piece,eps_fragment,0.182,21.8673774,-160.1556913,0.63,0.48,0.303,0.18,0.12,0.61,1인,S270
2_716_10983_9610_3337,niihau_2_716_10983_9610.jpg,Plastic_Buoy,plastic_buoy,0.134,21.8673649,-160.1556183,0.29,0.28,0.081,1.46,0.73,1.95,1인,S270
2_716_10983_9610_3338,niihau_2_716_10983_9610.jpg,Plastic_ETC,plastic_other,0.122,21.8673348,-160.1556383,3.90,1.90,7.402,17.76,11.84,59.21,장비,S270
2_716_14892_7509_3349,niihau_2_716_14892_7509.jpg,Plastic_Buoy,plastic_buoy,0.174,21.8676882,-160.1548951,0.56,0.49,0.278,5.00,2.50,6.67,1인,S271
2_716_14892_7509_3350,niihau_2_716_14892_7509.jpg,Plastic_Buoy,plastic_buoy,0.160,21.8676861,-160.1548895,0.53,0.51,0.274,4.93,2.46,6.57,1인,S271
2_716_14892_7509_3351,niihau_2_716_14892_7509.jpg,Plastic_ETC,plastic_other,0.159,21.8676785,-160.1548866,0.87,0.86,0.746,1.79,1.19,5.97,1인,S271
2_716_14892_7509_3352,niihau_2_716_14892_7509.jpg,Plastic_Buoy,plastic_buoy,0.158,21.8677466,-160.1548881,0.58,0.51,0.297,5.34,2.67,7.12,1인,S271
2_716_14892_7509_3353,niihau_2_716_14892_7509.jpg,Styrofoam_Buoy,eps_buoy,0.111,21.8677027,-160.1548968,0.96,0.91,0.871,7.62,3.27,8.71,1인,S271
2_716_14986_7923_3359,niihau_2_716_14986_7923.jpg,Net,net,0.314,21.8676456,-160.1548597,0.45,0.38,0.173,3.11,1.30,7.79,1인,S271
2_716_14986_7923_3360,niihau_2_716_14986_7923.jpg,Plastic_Buoy,plastic_buoy,0.285,21.8676513,-160.1549490,0.43,0.41,0.180,3.24,1.62,4.32,1인,S271
2_716_14986_7923_3361,niihau_2_716_14986_7923.jpg,Plastic_ETC,plastic_other,0.170,21.8676310,-160.1548363,0.73,0.63,0.460,1.10,0.74,3.68,1인,S271
2_716_14986_7923_3362,niihau_2_716_14986_7923.jpg,Plastic_Buoy,plastic_buoy,0.149,21.8676413,-160.1548966,0.53,0.48,0.256,4.60,2.30,6.14,1인,S271
2_716_14986_7923_3363,niihau_2_716_14986_7923.jpg,Plastic_Buoy,plastic_buoy,0.132,21.8676430,-160.1548536,0.46,0.42,0.193,3.47,1.74,4.63,1인,S271
2_716_14986_7923_3364,niihau_2_716_14986_7923.jpg,Plastic_Buoy,plastic_buoy,0.104,21.8676785,-160.1548865,0.85,0.82,0.704,12.67,6.34,16.90,1인,S271
2_716_15453_7248_3369,niihau_2_716_15453_7248.jpg,Plastic_Buoy,plastic_buoy,0.317,21.8677758,-160.1548006,0.45,0.42,0.189,3.41,1.70,4.54,1인,S271
2_716_15453_7248_3370,niihau_2_716_15453_7248.jpg,Plastic_ETC,plastic_other,0.224,21.8677913,-160.1547578,0.52,0.40,0.210,0.50,0.34,1.68,1인,S271
2_716_15453_7248_3371,niihau_2_716_15453_7248.jpg,Plastic_Buoy,plastic_buoy,0.215,21.8677261,-160.1548168,0.52,0.48,0.248,4.47,2.23,5.96,1인,S271
2_716_15453_7248_3372,niihau_2_716_15453_7248.jpg,Plastic_Buoy,plastic_buoy,0.177,21.8678354,-160.1548497,0.41,0.39,0.159,2.87,1.43,3.82,1인,S271
2_716_15453_7248_3373,niihau_2_716_15453_7248.jpg,Plastic_Buoy,plastic_buoy,0.143,21.8678220,-160.1547764,0.47,0.45,0.209,3.76,1.88,5.01,1인,S271
2_716_15482_7610_3379,niihau_2_716_15482_7610.jpg,Styrofoam_Piece,eps_fragment,0.157,21.8676935,-160.1547377,0.62,0.36,0.222,0.13,0.09,0.44,1인,S271
2_716_15801_7680_3389,niihau_2_716_15801_7680.jpg,Plastic_ETC,plastic_other,0.389,21.8676545,-160.1547802,0.76,0.70,0.535,1.28,0.86,4.28,1인,S271
2_716_15801_7680_3390,niihau_2_716_15801_7680.jpg,Styrofoam_Piece,eps_fragment,0.263,21.8676935,-160.1547366,0.62,0.61,0.375,0.23,0.15,0.75,1인,S271
2_716_15801_7680_3391,niihau_2_716_15801_7680.jpg,PET_Bottle,pet_bottle,0.242,21.8677298,-160.1547953,0.64,0.24,0.153,0.30,0.25,0.51,1인,S271
2_716_15801_7680_3392,niihau_2_716_15801_7680.jpg,Styrofoam_Piece,eps_fragment,0.149,21.8676720,-160.1546990,0.85,0.72,0.609,0.37,0.24,1.22,1인,S271
2_716_15801_7680_3393,niihau_2_716_15801_7680.jpg,PET_Bottle,pet_bottle,0.108,21.8677202,-160.1547613,0.48,0.42,0.203,0.40,0.33,0.67,1인,S271
2_716_15801_7680_3394,niihau_2_716_15801_7680.jpg,Styrofoam_Piece,eps_fragment,0.107,21.8677572,-160.1546914,0.44,0.42,0.183,0.11,0.07,0.37,1인,S272
2_716_6059_12969_3403,niihau_2_716_6059_12969.jpg,Styrofoam_Piece,eps_fragment,0.554,21.8667430,-160.1565984,0.46,0.45,0.208,0.12,0.08,0.42,1인,S273
2_716_6059_12969_3404,niihau_2_716_6059_12969.jpg,Styrofoam_Piece,eps_fragment,0.420,21.8667335,-160.1566139,0.49,0.46,0.228,0.14,0.09,0.46,1인,S273
2_716_6059_12969_3405,niihau_2_716_6059_12969.jpg,Plastic_ETC,plastic_other,0.418,21.8667631,-160.1565635,0.55,0.47,0.260,0.62,0.42,2.08,1인,S273
2_716_6059_12969_3406,niihau_2_716_6059_12969.jpg,PET_Bottle,pet_bottle,0.223,21.8667270,-160.1566217,0.54,0.41,0.225,0.45,0.37,0.74,1인,S273
2_716_6059_12969_3407,niihau_2_716_6059_12969.jpg,PET_Bottle,pet_bottle,0.135,21.8667377,-160.1565698,0.54,0.53,0.287,0.57,0.47,0.95,1인,S273
2_716_6059_12969_3408,niihau_2_716_6059_12969.jpg,Styrofoam_Piece,eps_fragment,0.125,21.8667696,-160.1565725,0.32,0.29,0.093,0.06,0.04,0.19,1인,S273
2_716_6059_12969_3409,niihau_2_716_6059_12969.jpg,PET_Bottle,pet_bottle,0.116,21.8667721,-160.1565628,0.54,0.44,0.239,0.47,0.39,0.79,1인,S273
2_716_6391_12569_3413,niihau_2_716_6391_12569.jpg,Plastic_ETC,plastic_other,0.399,21.8667631,-160.1565633,0.56,0.50,0.281,0.68,0.45,2.25,1인,S273
2_716_6391_12569_3414,niihau_2_716_6391_12569.jpg,Styrofoam_Piece,eps_fragment,0.288,21.8668321,-160.1565101,0.46,0.38,0.172,0.10,0.07,0.34,1인,S273
2_716_6391_12569_3415,niihau_2_716_6391_12569.jpg,PET_Bottle,pet_bottle,0.261,21.8668011,-160.1565486,0.88,0.78,0.692,1.37,1.14,2.28,1인,S273
2_716_6391_12569_3416,niihau_2_716_6391_12569.jpg,Plastic_ETC,plastic_other,0.158,21.8668179,-160.1565001,0.60,0.57,0.343,0.82,0.55,2.74,1인,S273
2_716_6391_12569_3417,niihau_2_716_6391_12569.jpg,Plastic_ETC,plastic_other,0.157,21.8668186,-160.1565068,0.67,0.49,0.328,0.79,0.52,2.62,1인,S273
2_716_6391_12569_3418,niihau_2_716_6391_12569.jpg,Styrofoam_Piece,eps_fragment,0.143,21.8668155,-160.1565358,0.41,0.39,0.160,0.10,0.06,0.32,1인,S273
2_716_6391_12569_3419,niihau_2_716_6391_12569.jpg,Styrofoam_Piece,eps_fragment,0.126,21.8667696,-160.1565725,0.32,0.28,0.090,0.05,0.04,0.18,1인,S273
2_716_6391_12569_3420,niihau_2_716_6391_12569.jpg,PET_Bottle,pet_bottle,0.117,21.8667939,-160.1565546,0.47,0.45,0.214,0.42,0.35,0.71,1인,S273
2_716_6391_12569_3421,niihau_2_716_6391_12569.jpg,Styrofoam_Piece,eps_fragment,0.110,21.8668547,-160.1565038,0.51,0.48,0.242,0.15,0.10,0.48,1인,S273
2_716_6391_12569_3422,niihau_2_716_6391_12569.jpg,PET_Bottle,pet_bottle,0.101,21.8667721,-160.1565629,0.54,0.45,0.242,0.48,0.40,0.80,1인,S273
2_719_14721_3972_3426,niihau_2_719_14721_3972.jpg,Styrofoam_Piece,eps_fragment,0.313,21.8723043,-160.1454402,0.59,0.56,0.330,0.20,0.13,0.66,1인,S274
2_719_14721_3972_3427,niihau_2_719_14721_3972.jpg,Styrofoam_Piece,eps_fragment,0.283,21.8722979,-160.1454431,0.65,0.41,0.269,0.16,0.11,0.54,1인,S274
2_720_787_692_3429,niihau_2_720_787_692.jpg,Styrofoam_Buoy,eps_buoy,0.327,21.8729196,-160.1449422,1.44,1.25,1.810,15.84,6.79,18.10,1인,S275
2_720_787_692_3430,niihau_2_720_787_692.jpg,PET_Bottle,pet_bottle,0.128,21.8728422,-160.1449489,0.63,0.39,0.247,0.49,0.41,0.81,1인,S275
2_720_787_692_3431,niihau_2_720_787_692.jpg,PET_Bottle,pet_bottle,0.122,21.8728557,-160.1449591,0.51,0.28,0.141,0.28,0.23,0.47,1인,S275
2_770_12804_7496_3434,niihau_2_770_12804_7496.jpg,Plastic_Buoy,plastic_buoy,0.396,21.8733015,-160.1426283,0.54,0.47,0.255,4.59,2.30,6.12,1인,S276
2_770_12804_7496_3435,niihau_2_770_12804_7496.jpg,Plastic_Buoy,plastic_buoy,0.256,21.8733137,-160.1426064,0.60,0.49,0.292,5.25,2.63,7.00,1인,S276
2_770_12804_7496_3436,niihau_2_770_12804_7496.jpg,Plastic_Buoy,plastic_buoy,0.196,21.8733257,-160.1426494,0.33,0.30,0.099,1.79,0.89,2.38,1인,S276
2_770_12804_7496_3437,niihau_2_770_12804_7496.jpg,Styrofoam_Piece,eps_fragment,0.190,21.8733195,-160.1426979,0.55,0.49,0.269,0.16,0.11,0.54,1인,S276
2_770_12804_7496_3438,niihau_2_770_12804_7496.jpg,Styrofoam_Buoy,eps_buoy,0.154,21.8733047,-160.1426745,0.62,0.62,0.389,3.40,1.46,3.89,1인,S276
2_770_12804_7496_3439,niihau_2_770_12804_7496.jpg,Styrofoam_Piece,eps_fragment,0.126,21.8732738,-160.1426333,0.47,0.42,0.199,0.12,0.08,0.40,1인,S276
2_770_12804_7496_3440,niihau_2_770_12804_7496.jpg,Styrofoam_Piece,eps_fragment,0.108,21.8733104,-160.1427154,0.59,0.53,0.312,0.19,0.12,0.62,1인,S276
2_770_12804_7496_3441,niihau_2_770_12804_7496.jpg,Styrofoam_Buoy,eps_buoy,0.101,21.8732410,-160.1427108,2.20,1.84,4.056,35.49,15.21,40.56,2인,S276
2_770_8981_8354_3450,niihau_2_770_8981_8354.jpg,Plastic_Buoy,plastic_buoy,0.365,21.8731363,-160.1433912,0.49,0.46,0.224,4.03,2.01,5.37,1인,S277
2_770_8981_8354_3451,niihau_2_770_8981_8354.jpg,Styrofoam_Piece,eps_fragment,0.348,21.8731031,-160.1434012,0.54,0.48,0.261,0.16,0.10,0.52,1인,S277
2_770_8981_8354_3452,niihau_2_770_8981_8354.jpg,Plastic_Buoy,plastic_buoy,0.223,21.8731398,-160.1433463,0.65,0.55,0.360,6.48,3.24,8.64,1인,S277
2_770_8981_8354_3453,niihau_2_770_8981_8354.jpg,Plastic_Buoy,plastic_buoy,0.176,21.8731500,-160.1433383,0.62,0.30,0.183,3.29,1.65,4.39,1인,S277
2_770_8981_8354_3454,niihau_2_770_8981_8354.jpg,Plastic_ETC,plastic_other,0.148,21.8731607,-160.1433823,0.54,0.50,0.270,0.65,0.43,2.16,1인,S277
2_770_9206_7919_3457,niihau_2_770_9206_7919.jpg,Plastic_Buoy,plastic_buoy,0.335,21.8732194,-160.1433663,0.47,0.46,0.214,3.85,1.93,5.14,1인,S277
2_770_9206_7919_3458,niihau_2_770_9206_7919.jpg,Plastic_ETC,plastic_other,0.180,21.8731607,-160.1433823,0.55,0.49,0.268,0.64,0.43,2.15,1인,S277
2_770_9206_7919_3459,niihau_2_770_9206_7919.jpg,Plastic_Buoy,plastic_buoy,0.160,21.8732226,-160.1433178,0.44,0.40,0.178,3.21,1.61,4.28,1인,S277
2_770_9206_7919_3460,niihau_2_770_9206_7919.jpg,Plastic_Buoy,plastic_buoy,0.116,21.8732050,-160.1434036,0.52,0.42,0.218,3.92,1.96,5.23,1인,S277
2_770_9206_7919_3461,niihau_2_770_9206_7919.jpg,PET_Bottle,pet_bottle,0.109,21.8732218,-160.1433500,0.92,0.64,0.584,1.16,0.96,1.93,1인,S277
2_770_9299_8252_3463,niihau_2_770_9299_8252.jpg,Plastic_Buoy,plastic_buoy,0.489,21.8731363,-160.1433912,0.47,0.45,0.210,3.77,1.89,5.03,1인,S277
2_770_9299_8252_3464,niihau_2_770_9299_8252.jpg,Plastic_Buoy,plastic_buoy,0.299,21.8731399,-160.1433463,0.61,0.55,0.336,6.04,3.02,8.05,1인,S277
2_770_9299_8252_3465,niihau_2_770_9299_8252.jpg,Plastic_Buoy,plastic_buoy,0.259,21.8731496,-160.1433367,0.61,0.55,0.339,6.10,3.05,8.13,1인,S277
2_770_9299_8252_3466,niihau_2_770_9299_8252.jpg,Plastic_ETC,plastic_other,0.157,21.8731607,-160.1433823,0.54,0.50,0.270,0.65,0.43,2.16,1인,S277
2_770_9299_8252_3467,niihau_2_770_9299_8252.jpg,Net,net,0.146,21.8730949,-160.1432889,0.46,0.38,0.172,3.10,1.29,7.76,1인,S277
2_771_4923_6607_3471,niihau_2_771_4923_6607.jpg,Plastic_Buoy,plastic_buoy,0.293,21.8735920,-160.1410581,0.61,0.52,0.316,5.69,2.84,7.58,1인,S278
2_771_4923_6607_3472,niihau_2_771_4923_6607.jpg,Plastic_ETC,plastic_other,0.253,21.8735277,-160.1409768,0.64,0.52,0.333,0.80,0.53,2.66,1인,S278
2_771_4923_6607_3473,niihau_2_771_4923_6607.jpg,Styrofoam_Buoy,eps_buoy,0.194,21.8735452,-160.1410470,1.39,1.23,1.721,15.06,6.45,17.21,1인,S278
2_771_4923_6607_3474,niihau_2_771_4923_6607.jpg,Plastic_Buoy,plastic_buoy,0.178,21.8735923,-160.1410253,0.56,0.50,0.281,5.06,2.53,6.75,1인,S278
2_771_4923_6607_3475,niihau_2_771_4923_6607.jpg,Plastic_ETC,plastic_other,0.167,21.8735502,-160.1410616,0.88,0.77,0.674,1.62,1.08,5.39,1인,S278
2_771_4923_6607_3476,niihau_2_771_4923_6607.jpg,Styrofoam_Piece,eps_fragment,0.166,21.8735826,-160.1410252,0.71,0.60,0.423,0.25,0.17,0.85,1인,S278
2_771_4923_6607_3477,niihau_2_771_4923_6607.jpg,Rope,rope,0.102,21.8735583,-160.1410649,1.07,1.01,1.079,12.95,8.63,21.58,1인,S278
2_775_10249_5171_3482,niihau_2_775_10249_5171.jpg,Net,net,0.446,21.8775668,-160.1273203,0.49,0.43,0.212,3.82,1.59,9.55,1인,S279
2_775_10249_5171_3483,niihau_2_775_10249_5171.jpg,Plastic_Buoy,plastic_buoy,0.289,21.8775629,-160.1273978,0.48,0.46,0.224,4.03,2.02,5.38,1인,S279
2_775_10249_5171_3484,niihau_2_775_10249_5171.jpg,Net,net,0.133,21.8774789,-160.1273674,0.69,0.54,0.373,6.71,2.80,16.78,1인,S279
2_775_10249_5171_3485,niihau_2_775_10249_5171.jpg,Plastic_Buoy,plastic_buoy,0.125,21.8775331,-160.1273996,0.50,0.46,0.233,4.20,2.10,5.60,1인,S279
2_775_10249_5171_3486,niihau_2_775_10249_5171.jpg,Net,net,0.114,21.8775710,-160.1273220,0.42,0.31,0.130,2.35,0.98,5.87,1인,S279
2_775_10249_5171_3487,niihau_2_775_10249_5171.jpg,Net,net,0.109,21.8774815,-160.1273628,0.49,0.49,0.242,4.36,1.82,10.90,1인,S279
2_775_10367_4834_3500,niihau_2_775_10367_4834.jpg,Net,net,0.266,21.8775810,-160.1273621,0.51,0.51,0.258,4.64,1.93,11.61,1인,S279
2_775_10367_4834_3501,niihau_2_775_10367_4834.jpg,Plastic_Buoy,plastic_buoy,0.240,21.8775629,-160.1273978,0.49,0.48,0.235,4.23,2.12,5.65,1인,S279
2_775_10367_4834_3502,niihau_2_775_10367_4834.jpg,Net,net,0.188,21.8775686,-160.1273227,0.42,0.32,0.138,2.48,1.03,6.19,1인,S279
2_775_10367_4834_3503,niihau_2_775_10367_4834.jpg,Plastic_Buoy,plastic_buoy,0.173,21.8775330,-160.1273996,0.49,0.47,0.230,4.15,2.07,5.53,1인,S279
2_775_10367_4834_3504,niihau_2_775_10367_4834.jpg,Net,net,0.144,21.8775421,-160.1273476,0.56,0.52,0.288,5.18,2.16,12.95,1인,S279
2_775_10367_4834_3505,niihau_2_775_10367_4834.jpg,Net,net,0.129,21.8775666,-160.1273203,0.49,0.40,0.196,3.53,1.47,8.83,1인,S279
2_775_10367_4834_3506,niihau_2_775_10367_4834.jpg,Net,net,0.128,21.8775406,-160.1273527,0.49,0.48,0.239,4.30,1.79,10.76,1인,S279
2_775_10367_4834_3507,niihau_2_775_10367_4834.jpg,Plastic_ETC,plastic_other,0.115,21.8775508,-160.1273559,0.72,0.68,0.490,1.18,0.78,3.92,1인,S279
2_775_10367_4834_3508,niihau_2_775_10367_4834.jpg,Plastic_Buoy,plastic_buoy,0.114,21.8775374,-160.1273973,0.47,0.46,0.217,3.91,1.95,5.21,1인,S279
2_775_8473_8295_3525,niihau_2_775_8473_8295.jpg,Plastic_Buoy,plastic_buoy,0.336,21.8769394,-160.1276708,0.53,0.49,0.260,4.67,2.34,6.23,1인,S280
2_775_8473_8295_3526,niihau_2_775_8473_8295.jpg,Net,net,0.322,21.8769371,-160.1276734,0.46,0.31,0.141,2.54,1.06,6.34,1인,S280
2_775_8473_8295_3527,niihau_2_775_8473_8295.jpg,Net,net,0.132,21.8769423,-160.1276722,0.48,0.42,0.203,3.66,1.53,9.15,1인,S280
2_775_8473_8295_3528,niihau_2_775_8473_8295.jpg,Net,net,0.109,21.8769434,-160.1276540,0.49,0.39,0.190,3.42,1.42,8.54,1인,S280
2_775_8473_8295_3529,niihau_2_775_8473_8295.jpg,Net,net,0.102,21.8769442,-160.1276774,0.36,0.34,0.124,2.23,0.93,5.58,1인,S280
2_775_8809_8374_3535,niihau_2_775_8809_8374.jpg,Net,net,0.267,21.8768932,-160.1276424,0.37,0.37,0.138,2.48,1.03,6.19,1인,S280
2_775_8809_8374_3536,niihau_2_775_8809_8374.jpg,Plastic_Buoy,plastic_buoy,0.224,21.8769392,-160.1276708,0.53,0.49,0.263,4.74,2.37,6.31,1인,S280
2_775_8809_8374_3537,niihau_2_775_8809_8374.jpg,Net,net,0.196,21.8769424,-160.1276722,0.48,0.43,0.206,3.70,1.54,9.25,1인,S280
2_775_8809_8374_3538,niihau_2_775_8809_8374.jpg,Styrofoam_Buoy,eps_buoy,0.137,21.8768911,-160.1276722,1.73,1.52,2.617,22.90,9.81,26.17,2인,S280
2_775_8809_8374_3539,niihau_2_775_8809_8374.jpg,Plastic_ETC,plastic_other,0.120,21.8769105,-160.1276493,0.91,0.72,0.652,1.56,1.04,5.21,1인,S280
2_775_8809_8374_3540,niihau_2_775_8809_8374.jpg,Net,net,0.118,21.8769802,-160.1276241,0.57,0.43,0.242,4.36,1.82,10.90,1인,S280
2_775_8809_8374_3541,niihau_2_775_8809_8374.jpg,Net,net,0.117,21.8769372,-160.1276734,0.52,0.31,0.164,2.95,1.23,7.37,1인,S280
2_775_9449_6462_3555,niihau_2_775_9449_6462.jpg,Plastic_Buoy,plastic_buoy,0.412,21.8772963,-160.1275255,0.42,0.41,0.174,3.12,1.56,4.16,1인,S281
2_775_9449_6462_3556,niihau_2_775_9449_6462.jpg,Net,net,0.315,21.8773244,-160.1274963,0.52,0.38,0.201,3.61,1.51,9.03,1인,S279
2_775_9449_6462_3557,niihau_2_775_9449_6462.jpg,Styrofoam_Piece,eps_fragment,0.222,21.8772885,-160.1275278,0.68,0.58,0.394,0.24,0.16,0.79,1인,S281
2_775_9449_6462_3558,niihau_2_775_9449_6462.jpg,Net,net,0.182,21.8772469,-160.1275613,0.50,0.41,0.205,3.69,1.54,9.23,1인,S281
2_775_9449_6462_3559,niihau_2_775_9449_6462.jpg,Net,net,0.168,21.8772548,-160.1275161,0.51,0.44,0.223,4.02,1.68,10.06,1인,S281
2_775_9449_6462_3560,niihau_2_775_9449_6462.jpg,Net,net,0.163,21.8773220,-160.1274954,0.60,0.49,0.294,5.29,2.20,13.22,1인,S279
2_775_9449_6462_3561,niihau_2_775_9449_6462.jpg,Net,net,0.134,21.8773271,-160.1274757,0.71,0.57,0.404,7.27,3.03,18.18,1인,S279
2_775_9449_6462_3562,niihau_2_775_9449_6462.jpg,Plastic_Buoy,plastic_buoy,0.125,21.8773280,-160.1275671,0.50,0.42,0.210,3.79,1.89,5.05,1인,S281
2_775_9449_6462_3563,niihau_2_775_9449_6462.jpg,Net,net,0.125,21.8772370,-160.1275350,0.47,0.44,0.209,3.76,1.57,9.39,1인,S281
2_775_9449_6462_3564,niihau_2_775_9449_6462.jpg,Net,net,0.119,21.8772465,-160.1275550,0.61,0.50,0.307,5.53,2.30,13.83,1인,S281
2_775_9449_6462_3565,niihau_2_775_9449_6462.jpg,Net,net,0.114,21.8772857,-160.1275335,0.67,0.55,0.373,6.71,2.80,16.79,1인,S281
2_775_9449_6462_3566,niihau_2_775_9449_6462.jpg,Net,net,0.113,21.8772873,-160.1275236,0.41,0.34,0.138,2.49,1.04,6.23,1인,S281
2_775_9449_6462_3567,niihau_2_775_9449_6462.jpg,Net,net,0.112,21.8773149,-160.1275526,0.50,0.47,0.233,4.20,1.75,10.50,1인,S281
2_775_9449_6462_3568,niihau_2_775_9449_6462.jpg,Plastic_ETC,plastic_other,0.106,21.8772338,-160.1275284,1.78,0.69,1.223,2.94,1.96,9.79,1인,S281
2_775_9449_6462_3569,niihau_2_775_9449_6462.jpg,Net,net,0.103,21.8772693,-160.1275217,0.53,0.36,0.189,3.41,1.42,8.52,1인,S281
2_775_9472_6089_3579,niihau_2_775_9472_6089.jpg,Net,net,0.297,21.8773884,-160.1275367,0.54,0.52,0.282,5.07,2.11,12.67,1인,S279
2_775_9472_6089_3580,niihau_2_775_9472_6089.jpg,Plastic_Buoy,plastic_buoy,0.240,21.8773743,-160.1275400,0.46,0.44,0.204,3.66,1.83,4.89,1인,S279
2_775_9472_6089_3581,niihau_2_775_9472_6089.jpg,Plastic_Buoy,plastic_buoy,0.184,21.8773280,-160.1275671,0.51,0.42,0.215,3.87,1.93,5.16,1인,S281
2_775_9472_6089_3582,niihau_2_775_9472_6089.jpg,Plastic_Buoy,plastic_buoy,0.148,21.8773149,-160.1275526,0.51,0.46,0.236,4.24,2.12,5.66,1인,S281
2_775_9472_6089_3583,niihau_2_775_9472_6089.jpg,Plastic_ETC,plastic_other,0.123,21.8773438,-160.1274648,0.85,0.61,0.514,1.23,0.82,4.11,1인,S279
2_775_9472_6089_3584,niihau_2_775_9472_6089.jpg,Net,net,0.122,21.8772998,-160.1275265,0.53,0.38,0.202,3.64,1.52,9.09,1인,S281
2_775_9472_6089_3585,niihau_2_775_9472_6089.jpg,Net,net,0.116,21.8773246,-160.1274964,0.47,0.36,0.172,3.10,1.29,7.75,1인,S279
2_775_9472_6089_3586,niihau_2_775_9472_6089.jpg,Plastic_ETC,plastic_other,0.114,21.8773270,-160.1274755,0.68,0.57,0.387,0.93,0.62,3.10,1인,S279
2_775_9472_6089_3587,niihau_2_775_9472_6089.jpg,Plastic_Buoy,plastic_buoy,0.110,21.8773260,-160.1275717,0.29,0.29,0.082,1.48,0.74,1.97,1인,S281
2_775_9738_5604_3595,niihau_2_775_9738_5604.jpg,Plastic_Buoy,plastic_buoy,0.357,21.8774696,-160.1274763,0.46,0.45,0.205,3.69,1.84,4.92,1인,S279
2_775_9738_5604_3596,niihau_2_775_9738_5604.jpg,Net,net,0.268,21.8774133,-160.1274291,0.50,0.48,0.239,4.30,1.79,10.74,1인,S279
2_775_9738_5604_3597,niihau_2_775_9738_5604.jpg,Plastic_Buoy,plastic_buoy,0.235,21.8774925,-160.1274527,0.51,0.49,0.246,4.43,2.22,5.91,1인,S279
2_775_9738_5604_3598,niihau_2_775_9738_5604.jpg,Plastic_Buoy,plastic_buoy,0.167,21.8774396,-160.1274935,0.40,0.39,0.156,2.81,1.40,3.75,1인,S279
2_775_9738_5604_3599,niihau_2_775_9738_5604.jpg,Net,net,0.157,21.8774834,-160.1274934,0.50,0.49,0.243,4.38,1.82,10.95,1인,S279
2_775_9738_5604_3600,niihau_2_775_9738_5604.jpg,Plastic_ETC,plastic_other,0.151,21.8774000,-160.1274222,0.82,0.82,0.672,1.61,1.08,5.38,1인,S279
2_775_9738_5604_3601,niihau_2_775_9738_5604.jpg,Rope,rope,0.142,21.8774510,-160.1274154,2.53,0.87,2.202,26.43,17.62,44.04,2인,S279
2_775_9738_5604_3602,niihau_2_775_9738_5604.jpg,Net,net,0.141,21.8773877,-160.1274273,0.41,0.29,0.117,2.10,0.87,5.25,1인,S279
2_775_9738_5604_3603,niihau_2_775_9738_5604.jpg,Net,net,0.134,21.8773872,-160.1275175,0.55,0.32,0.176,3.16,1.32,7.90,1인,S279
2_775_9738_5604_3604,niihau_2_775_9738_5604.jpg,Plastic_Buoy,plastic_buoy,0.128,21.8774719,-160.1274676,0.47,0.43,0.204,3.67,1.83,4.89,1인,S279
2_775_9738_5604_3605,niihau_2_775_9738_5604.jpg,Plastic_ETC,plastic_other,0.121,21.8773985,-160.1274383,0.86,0.86,0.739,1.77,1.18,5.91,1인,S279
2_775_9738_5604_3606,niihau_2_775_9738_5604.jpg,Plastic_Buoy,plastic_buoy,0.101,21.8774201,-160.1275056,0.51,0.47,0.240,4.32,2.16,5.76,1인,S279
2_775_9851_5938_3612,niihau_2_775_9851_5938.jpg,Plastic_Buoy,plastic_buoy,0.204,21.8774395,-160.1274936,0.41,0.37,0.148,2.67,1.34,3.56,1인,S279
2_775_9851_5938_3613,niihau_2_775_9851_5938.jpg,Net,net,0.201,21.8774044,-160.1274222,0.59,0.45,0.265,4.76,1.98,11.91,1인,S279
2_775_9851_5938_3614,niihau_2_775_9851_5938.jpg,Net,net,0.185,21.8773576,-160.1274603,0.59,0.45,0.263,4.74,1.98,11.86,1인,S279
2_775_9851_5938_3615,niihau_2_775_9851_5938.jpg,Net,net,0.155,21.8774132,-160.1274292,0.46,0.45,0.207,3.72,1.55,9.31,1인,S279
2_775_9851_5938_3616,niihau_2_775_9851_5938.jpg,PET_Bottle,pet_bottle,0.148,21.8773271,-160.1274370,0.55,0.25,0.135,0.27,0.22,0.45,1인,S279
2_775_9851_5938_3617,niihau_2_775_9851_5938.jpg,Plastic_ETC,plastic_other,0.147,21.8774000,-160.1274222,0.79,0.77,0.613,1.47,0.98,4.90,1인,S279
2_775_9851_5938_3618,niihau_2_775_9851_5938.jpg,Net,net,0.136,21.8774307,-160.1274435,0.46,0.33,0.154,2.78,1.16,6.95,1인,S279
2_775_9851_5938_3619,niihau_2_775_9851_5938.jpg,Plastic_ETC,plastic_other,0.127,21.8773986,-160.1274383,0.85,0.84,0.709,1.70,1.13,5.67,1인,S279
2_775_9851_5938_3620,niihau_2_775_9851_5938.jpg,Plastic_ETC,plastic_other,0.116,21.8773438,-160.1274633,0.94,0.83,0.774,1.86,1.24,6.19,1인,S279
2_775_9851_5938_3621,niihau_2_775_9851_5938.jpg,Rope,rope,0.104,21.8773699,-160.1274563,1.20,0.96,1.155,13.86,9.24,23.09,2인,S279
2_776_4268_5362_3633,niihau_2_776_4268_5362.jpg,Styrofoam_Buoy,eps_buoy,0.118,21.8780499,-160.1253734,1.66,1.46,2.424,21.21,9.09,24.24,2인,S282
2_776_7656_10364_3634,niihau_2_776_7656_10364.jpg,Net,net,0.175,21.8771466,-160.1246852,0.45,0.44,0.196,3.53,1.47,8.82,1인,S283
2_776_7656_10364_3635,niihau_2_776_7656_10364.jpg,Plastic_ETC,plastic_other,0.114,21.8771422,-160.1247085,0.82,0.64,0.527,1.27,0.84,4.22,1인,S283
2_776_7656_10364_3636,niihau_2_776_7656_10364.jpg,Net,net,0.102,21.8771361,-160.1247387,0.47,0.34,0.160,2.88,1.20,7.20,1인,S283
2_779_11999_-7_3646,niihau_2_779_11999_-7.jpg,Net,net,0.138,21.8795447,-160.1144227,0.56,0.33,0.184,3.31,1.38,8.28,1인,S284
2_831_2295_3331_3648,niihau_2_831_2295_3331.jpg,Plastic_ETC,plastic_other,0.199,21.8809779,-160.1100226,0.85,0.56,0.478,1.15,0.76,3.82,1인,S285
2_831_2295_3331_3649,niihau_2_831_2295_3331.jpg,Plastic_Buoy,plastic_buoy,0.172,21.8809283,-160.1099613,0.51,0.45,0.233,4.19,2.09,5.58,1인,S285
2_831_2295_3331_3650,niihau_2_831_2295_3331.jpg,Plastic_ETC,plastic_other,0.148,21.8809400,-160.1099834,2.94,1.08,3.180,7.63,5.09,25.44,2인,S285
2_831_2295_3331_3651,niihau_2_831_2295_3331.jpg,Plastic_ETC,plastic_other,0.148,21.8809791,-160.1099958,0.89,0.63,0.557,1.34,0.89,4.45,1인,S285
2_831_2295_3331_3652,niihau_2_831_2295_3331.jpg,Plastic_Buoy_China,plastic_buoy,0.145,21.8808967,-160.1099434,0.52,0.45,0.235,4.24,2.12,5.65,1인,S285
2_831_2295_3331_3653,niihau_2_831_2295_3331.jpg,Net,net,0.129,21.8808982,-160.1100201,0.52,0.48,0.246,4.43,1.85,11.08,1인,S285
2_831_2295_3331_3654,niihau_2_831_2295_3331.jpg,Plastic_ETC,plastic_other,0.108,21.8808845,-160.1100104,1.16,0.88,1.022,2.45,1.64,8.18,1인,S285
2_831_840_1722_3656,niihau_2_831_840_1722.jpg,Styrofoam_Buoy,eps_buoy,0.187,21.8812277,-160.1102491,1.12,0.81,0.913,7.99,3.42,9.13,1인,S286
2_831_840_1722_3657,niihau_2_831_840_1722.jpg,Plastic_ETC,plastic_other,0.182,21.8811714,-160.1102623,0.59,0.41,0.245,0.59,0.39,1.96,1인,S286
2_831_840_1722_3658,niihau_2_831_840_1722.jpg,Plastic_ETC,plastic_other,0.178,21.8811732,-160.1101994,0.59,0.57,0.337,0.81,0.54,2.70,1인,S286
2_831_840_1722_3659,niihau_2_831_840_1722.jpg,Plastic_ETC,plastic_other,0.126,21.8812432,-160.1102346,0.73,0.72,0.526,1.26,0.84,4.20,1인,S286
2_835_1600_4548_3665,niihau_2_835_1600_4548.jpg,Plastic_Buoy,plastic_buoy,0.135,21.8851860,-160.0974227,0.57,0.36,0.207,3.73,1.86,4.97,1인,S287
2_835_625_3685_3669,niihau_2_835_625_3685.jpg,Styrofoam_Piece,eps_fragment,0.317,21.8852808,-160.0976813,0.65,0.63,0.408,0.24,0.16,0.82,1인,S288
2_887_14335_4588_3674,niihau_2_887_14335_4588.jpg,PET_Bottle,pet_bottle,0.160,21.8902759,-160.0887515,0.50,0.18,0.087,0.17,0.14,0.29,1인,S289
2_887_16053_4171_3678,niihau_2_887_16053_4171.jpg,Plastic_Buoy,plastic_buoy,0.197,21.8903652,-160.0884390,0.55,0.49,0.267,4.81,2.41,6.42,1인,S290
2_887_16053_4171_3679,niihau_2_887_16053_4171.jpg,Styrofoam_Piece,eps_fragment,0.161,21.8904107,-160.0883968,0.44,0.40,0.179,0.11,0.07,0.36,1인,S290
2_888_-108_10078_3680,niihau_2_888_-108_10078.jpg,Plastic_Buoy,plastic_buoy,0.486,21.8903788,-160.0883584,0.49,0.48,0.235,4.22,2.11,5.63,1인,S290
2_888_-108_10078_3681,niihau_2_888_-108_10078.jpg,Net,net,0.116,21.8903726,-160.0883531,0.51,0.32,0.165,2.98,1.24,7.44,1인,S290
2_888_-108_10078_3682,niihau_2_888_-108_10078.jpg,Plastic_Buoy,plastic_buoy,0.101,21.8903957,-160.0883812,0.62,0.45,0.280,5.04,2.52,6.72,1인,S290
2_888_-108_10078_3683,niihau_2_888_-108_10078.jpg,Plastic_Buoy,plastic_buoy,0.100,21.8904029,-160.0883870,0.55,0.46,0.253,4.55,2.28,6.07,1인,S290
2_888_-123_9743_3688,niihau_2_888_-123_9743.jpg,Plastic_Buoy,plastic_buoy,0.517,21.8903788,-160.0883583,0.48,0.47,0.228,4.11,2.06,5.48,1인,S290
2_888_-123_9743_3689,niihau_2_888_-123_9743.jpg,Plastic_ETC,plastic_other,0.180,21.8904325,-160.0883653,0.80,0.75,0.599,1.44,0.96,4.79,1인,S290
2_888_-123_9743_3690,niihau_2_888_-123_9743.jpg,Styrofoam_Piece,eps_fragment,0.167,21.8904106,-160.0883968,0.46,0.44,0.203,0.12,0.08,0.41,1인,S290
2_888_-123_9743_3691,niihau_2_888_-123_9743.jpg,Net,net,0.160,21.8903948,-160.0883813,0.42,0.42,0.177,3.18,1.33,7.96,1인,S290
2_940_2435_15151_3694,niihau_2_940_2435_15151.jpg,Plastic_ETC,plastic_other,0.325,21.8934894,-160.0815828,0.93,0.85,0.788,1.89,1.26,6.31,1인,S291
2_940_2435_15151_3695,niihau_2_940_2435_15151.jpg,Net,net,0.132,21.8934319,-160.0816204,0.49,0.47,0.231,4.17,1.74,10.41,1인,S291
2_940_6103_11449_3699,niihau_2_940_6103_11449.jpg,Plastic_ETC,plastic_other,0.262,21.8940844,-160.0808708,0.74,0.58,0.431,1.04,0.69,3.45,1인,S292
2_940_6103_11449_3700,niihau_2_940_6103_11449.jpg,PET_Bottle,pet_bottle,0.139,21.8941399,-160.0808545,0.73,0.35,0.253,0.50,0.42,0.83,1인,S292
