{"type": "FeatureCollection", "features": [{"type": "Feature", "geometry": {"type": "Point", "coordinates": [-160.20243924417844, 21.786985725295043]}, "properties": {"stop_id": "S221", "x": 375692.044298878, "y": 2409733.753505156, "n_items": 6, "kg_est": 36.11139823916739, "kg_hi": 43.64540498083942, "bulk_m3": 0.39696440410482825, "crew": "1인", "tools": [], "max_item_kg_hi": 20.80321008481707, "r95_m": 3.0, "buried_suspect": false, "classes": ["eps_buoy", "plastic_buoy"], "visit_order": 1}}, {"type": "Feature", "geometry": {"type": "Point", "coordinates": [-160.19351068040143, 21.80582446331376]}, "properties": {"stop_id": "S185", "x": 376631.30806007405, "y": 2411812.0511957584, "n_items": 2, "kg_est": 4.987874975781397, "kg_hi": 6.913198655092405, "bulk_m3": 0.07596673994043274, "crew": "1인", "tools": [], "max_item_kg_hi": 5.599705218173028, "r95_m": 3.0, "buried_suspect": false, "classes": ["pet_bottle", "plastic_buoy"], "visit_order": 2}}, {"type": "Feature", "geometry": {"type": "Point", "coordinates": [-160.19430769914769, 21.808231933357575]}, "properties": {"stop_id": "S182", "x": 376550.97853255575, "y": 2412079.198193135, "n_items": 9, "kg_est": 14.439132320270822, "kg_hi": 33.851119220178234, "bulk_m3": 0.07556528306123896, "crew": "1인", "tools": ["절단기"], "max_item_kg_hi": 8.12315740567584, "r95_m": 3.0, "buried_suspect": false, "classes": ["eps_fragment", "net", "pet_bottle", "plastic_buoy", "plastic_other"], "visit_order": 3}}, {"type": "Feature", "geometry": {"type": "Point", "coordinates": [-160.1942915689889, 21.808344666609024]}, "properties": {"stop_id": "S181", "x": 376552.7426475886, "y": 2412091.6649547517, "n_items": 2, "kg_est": 0.65829341044051, "kg_hi": 1.0971556840675167, "bulk_m3": 0.0049870712912159845, "crew": "1인", "tools": [], "max_item_kg_hi": 0.5989578593184329, "r95_m": 3.0, "buried_suspect": false, "classes": ["pet_bottle"], "visit_order": 4}}, {"type": "Feature", "geometry": {"type": "Point", "coordinates": [-160.19386596384257, 21.808820674470617]}, "properties": {"stop_id": "S183", "x": 376597.1476911676, "y": 2412144.0187751553, "n_items": 5, "kg_est": 19.30323692927928, "kg_hi": 54.6052523671437, "bulk_m3": 0.06290018655717997, "crew": "1인", "tools": ["절단기"], "max_item_kg_hi": 22.750055916825836, "r95_m": 3.0, "buried_suspect": false, "classes": ["net", "plastic_other"], "visit_order": 5}}, {"type": "Feature", "geometry": {"type": "Point", "coordinates": [-160.19357560715932, 21.809180348205572]}, "properties": {"stop_id": "S184", "x": 376627.4715013158, "y": 2412183.602627957, "n_items": 2, "kg_est": 1.31364825091441, "kg_hi": 3.73644638435204, "bulk_m3": 0.00678749575796094, "crew": "1인", "tools": [], "max_item_kg_hi": 3.0940652656560452, "r95_m": 3.0, "buried_suspect": false, "classes": ["pet_bottle", "plastic_other"], "visit_order": 6}}, {"type": "Feature", "geometry": {"type": "Point", "coordinates": [-160.19335144338285, 21.80955219501029]}, "properties": {"stop_id": "S186", "x": 376650.9629386059, "y": 2412224.587058612, "n_items": 4, "kg_est": 5.520134836142065, "kg_hi": 8.007997523787418, "bulk_m3": 0.0743344906618163, "crew": "1인", "tools": [], "max_item_kg_hi": 4.768908812464097, "r95_m": 3.0, "buried_suspect": false, "classes": ["pet_bottle", "plastic_buoy"], "visit_order": 7}}, {"type": "Feature", "geometry": {"type": "Point", "coordinates": [-160.19011102240185, 21.81641233210944]}, "properties": {"stop_id": "S187", "x": 376991.80172783317, "y": 2412981.4212931795, "n_items": 14, "kg_est": 40.919650986614066, "kg_hi": 76.97834494134709, "bulk_m3": 0.3691258190306859, "crew": "1인", "tools": ["절단기"], "max_item_kg_hi": 10.504733714058995, "r95_m": 3.0, "buried_suspect": false, "classes": ["eps_buoy", "eps_fragment", "net", "pet_bottle", "plastic_buoy", "plastic_other"], "visit_order": 8}}, {"type": "Feature", "geometry": {"type": "Point", "coordinates": [-160.18773126786672, 21.820581818808886]}, "properties": {"stop_id": "S188", "x": 377241.3522053985, "y": 2413441.089822843, "n_items": 3, "kg_est": 1.8780059959963182, "kg_hi": 5.3774387495735505, "bulk_m3": 0.009812688563005807, "crew": "1인", "tools": [], "max_item_kg_hi": 3.7653224062210775, "r95_m": 3.0, "buried_suspect": false, "classes": ["eps_fragment", "pet_bottle", "plastic_other"], "visit_order": 9}}, {"type": "Feature", "geometry": {"type": "Point", "coordinates": [-160.18613167875952, 21.823950564703388]}, "properties": {"stop_id": "S189", "x": 377409.56612165214, "y": 2413812.739589099, "n_items": 2, "kg_est": 5.032776191877, "kg_hi": 7.79950321455167, "bulk_m3": 0.07707250970597705, "crew": "1인", "tools": [], "max_item_kg_hi": 5.984278283358887, "r95_m": 3.0, "buried_suspect": false, "classes": ["plastic_buoy", "plastic_other"], "visit_order": 10}}, {"type": "Feature", "geometry": {"type": "Point", "coordinates": [-160.1853022028267, 21.82521846343006]}, "properties": {"stop_id": "S190", "x": 377496.3836079839, "y": 2413952.4373859665, "n_items": 7, "kg_est": 17.03457311094023, "kg_hi": 32.181681333641976, "bulk_m3": 0.16172691346587165, "crew": "1인", "tools": ["절단기"], "max_item_kg_hi": 10.638570335136675, "r95_m": 3.0, "buried_suspect": false, "classes": ["net", "pet_bottle", "plastic_buoy"], "visit_order": 11}}, {"type": "Feature", "geometry": {"type": "Point", "coordinates": [-160.1820724063948, 21.82996532960421]}, "properties": {"stop_id": "S193", "x": 377834.2563183305, "y": 2414475.354908736, "n_items": 3, "kg_est": 1.0571978231486692, "kg_hi": 2.71494248168634, "bulk_m3": 0.006059866465986808, "crew": "1인", "tools": [], "max_item_kg_hi": 1.905892219543782, "r95_m": 3.0, "buried_suspect": false, "classes": ["pet_bottle", "plastic_other"], "visit_order": 12}}, {"type": "Feature", "geometry": {"type": "Point", "coordinates": [-160.18231304045688, 21.830328084309325]}, "properties": {"stop_id": "S192", "x": 377809.6926945529, "y": 2414515.703026163, "n_items": 12, "kg_est": 23.112832901507144, "kg_hi": 54.03881293519201, "bulk_m3": 0.19055181814907068, "crew": "1인", "tools": [], "max_item_kg_hi": 22.745260447815955, "r95_m": 3.0, "buried_suspect": false, "classes": ["eps_fragment", "glass", "pet_bottle", "plastic_buoy", "plastic_other"], "visit_order": 13}}, {"type": "Feature", "geometry": {"type": "Point", "coordinates": [-160.181918074769, 21.83068592449353]}, "properties": {"stop_id": "S194", "x": 377850.8199465313, "y": 2414555.002993431, "n_items": 32, "kg_est": 50.69850416726342, "kg_hi": 95.93741934421702, "bulk_m3": 0.5723131816385469, "crew": "1인", "tools": ["절단기"], "max_item_kg_hi": 9.340902053968708, "r95_m": 3.0, "buried_suspect": false, "classes": ["eps_fragment", "net", "pet_bottle", "plastic_buoy", "plastic_other"], "visit_order": 14}}, {"type": "Feature", "geometry": {"type": "Point", "coordinates": [-160.180011166655, 21.833041235081904]}, "properties": {"stop_id": "S191", "x": 378049.9131533173, "y": 2414814.2268918757, "n_items": 4, "kg_est": 2.798343596191883, "kg_hi": 9.327811987306276, "bulk_m3": 0.011659764984132846, "crew": "1인", "tools": [], "max_item_kg_hi": 3.4167213254934414, "r95_m": 3.0, "buried_suspect": false, "classes": ["plastic_other"], "visit_order": 15}}, {"type": "Feature", "geometry": {"type": "Point", "coordinates": [-160.17958127022695, 21.83395916141165]}, "properties": {"stop_id": "S195", "x": 378095.1241930676, "y": 2414915.501781831, "n_items": 2, "kg_est": 3.7096047224527955, "kg_hi": 9.963160170199185, "bulk_m3": 0.011132746315195072, "crew": "1인", "tools": ["절단기"], "max_item_kg_hi": 7.206566713930404, "r95_m": 3.0, "buried_suspect": false, "classes": ["net", "plastic_other"], "visit_order": 16}}, {"type": "Feature", "geometry": {"type": "Point", "coordinates": [-160.1788754981786, 21.835012925009853]}, "properties": {"stop_id": "S196", "x": 378168.96314186114, "y": 2415031.5958235916, "n_items": 6, "kg_est": 21.761577250468616, "kg_hi": 26.64797082319376, "bulk_m3": 0.17229255204002317, "crew": "1인", "tools": [], "max_item_kg_hi": 22.060912323895877, "r95_m": 3.0, "buried_suspect": false, "classes": ["eps_buoy", "eps_fragment", "pet_bottle"], "visit_order": 17}}, {"type": "Feature", "geometry": {"type": "Point", "coordinates": [-160.17867537554312, 21.835189830078455]}, "properties": {"stop_id": "S203", "x": 378189.7968291167, "y": 2415051.021064186, "n_items": 1, "kg_est": 1.3655256280019223, "kg_hi": 4.551752093339742, "bulk_m3": 0.005689690116674677, "crew": "1인", "tools": [], "max_item_kg_hi": 4.551752093339742, "r95_m": 3.0, "buried_suspect": false, "classes": ["plastic_other"], "visit_order": 18}}, {"type": "Feature", "geometry": {"type": "Point", "coordinates": [-160.17859900002026, 21.83551341979174]}, "properties": {"stop_id": "S204", "x": 378197.964777514, "y": 2415086.7823069575, "n_items": 8, "kg_est": 11.230401671941943, "kg_hi": 19.872101310010066, "bulk_m3": 0.06939989258126607, "crew": "1인", "tools": [], "max_item_kg_hi": 5.442783774376843, "r95_m": 3.0, "buried_suspect": false, "classes": ["glass", "pet_bottle", "plastic_buoy", "plastic_other"], "visit_order": 19}}, {"type": "Feature", "geometry": {"type": "Point", "coordinates": [-160.1783236348976, 21.835772673232047]}, "properties": {"stop_id": "S205", "x": 378226.64480709005, "y": 2415115.2641168777, "n_items": 8, "kg_est": 9.512933729574568, "kg_hi": 21.464172428406055, "bulk_m3": 0.07883399795669077, "crew": "1인", "tools": [], "max_item_kg_hi": 9.236243352295542, "r95_m": 3.0, "buried_suspect": false, "classes": ["pet_bottle", "plastic_buoy", "plastic_other"], "visit_order": 20}}, {"type": "Feature", "geometry": {"type": "Point", "coordinates": [-160.17817605622298, 21.83587159230853]}, "properties": {"stop_id": "S206", "x": 378241.9815926886, "y": 2415126.0978554706, "n_items": 14, "kg_est": 14.496569159997772, "kg_hi": 30.497448955441286, "bulk_m3": 0.12374065231204799, "crew": "1인", "tools": ["절단기"], "max_item_kg_hi": 10.813347886002601, "r95_m": 3.0, "buried_suspect": false, "classes": ["eps_fragment", "net", "pet_bottle", "plastic_buoy", "plastic_other"], "visit_order": 21}}, {"type": "Feature", "geometry": {"type": "Point", "coordinates": [-160.17768015223783, 21.836283367784105]}, "properties": {"stop_id": "S197", "x": 378293.58435115824, "y": 2415171.2897452423, "n_items": 2, "kg_est": 15.237500818619909, "kg_hi": 49.69220117357222, "bulk_m3": 0.06573849901616947, "crew": "2인", "tools": [], "max_item_kg_hi": 48.592732951744736, "r95_m": 3.0, "buried_suspect": false, "classes": ["pet_bottle", "plastic_other"], "visit_order": 22}}, {"type": "Feature", "geometry": {"type": "Point", "coordinates": [-160.17757715154715, 21.83639263108798]}, "properties": {"stop_id": "S198", "x": 378304.3224479676, "y": 2415183.3038839363, "n_items": 2, "kg_est": 8.30101874658048, "kg_hi": 21.022868549361682, "bulk_m3": 0.022892950703030625, "crew": "1인", "tools": ["절단기"], "max_item_kg_hi": 19.941581817719758, "r95_m": 3.0, "buried_suspect": false, "classes": ["eps_fragment", "net"], "visit_order": 23}}, {"type": "Feature", "geometry": {"type": "Point", "coordinates": [-160.17709285895114, 21.83718792372032]}, "properties": {"stop_id": "S200", "x": 378355.0492364239, "y": 2415270.9607905615, "n_items": 4, "kg_est": 4.90757589043406, "kg_hi": 15.67397580449526, "bulk_m3": 0.021848572529664143, "crew": "1인", "tools": [], "max_item_kg_hi": 11.41502470221714, "r95_m": 3.0, "buried_suspect": false, "classes": ["pet_bottle", "plastic_other"], "visit_order": 24}}, {"type": "Feature", "geometry": {"type": "Point", "coordinates": [-160.17715919268898, 21.837493613697756]}, "properties": {"stop_id": "S199", "x": 378348.4520224151, "y": 2415304.8533190317, "n_items": 17, "kg_est": 21.4191503074279, "kg_hi": 40.5562487435852, "bulk_m3": 0.1729809723231838, "crew": "1인", "tools": ["절단기"], "max_item_kg_hi": 6.2357349564369215, "r95_m": 3.0, "buried_suspect": false, "classes": ["glass", "net", "pet_bottle", "plastic_buoy", "plastic_other"], "visit_order": 25}}, {"type": "Feature", "geometry": {"type": "Point", "coordinates": [-160.1769601432215, 21.837855384696475]}, "properties": {"stop_id": "S201", "x": 378369.33062219137, "y": 2415344.7444276568, "n_items": 18, "kg_est": 22.541936874673947, "kg_hi": 43.17348348948378, "bulk_m3": 0.22124158152501722, "crew": "1인", "tools": [], "max_item_kg_hi": 15.097626163985918, "r95_m": 3.0, "buried_suspect": false, "classes": ["eps_fragment", "glass", "pet_bottle", "plastic_buoy", "plastic_other"], "visit_order": 26}}, {"type": "Feature", "geometry": {"type": "Point", "coordinates": [-160.17686712149734, 21.838029280528897]}, "properties": {"stop_id": "S202", "x": 378379.0918629277, "y": 2415363.9213658203, "n_items": 7, "kg_est": 13.591212629001863, "kg_hi": 24.331201910414798, "bulk_m3": 0.092643217458174, "crew": "1인", "tools": ["절단기"], "max_item_kg_hi": 7.551914603905177, "r95_m": 3.0, "buried_suspect": false, "classes": ["glass", "net", "pet_bottle", "plastic_buoy", "plastic_other"], "visit_order": 27}}, {"type": "Feature", "geometry": {"type": "Point", "coordinates": [-160.17364265271945, 21.842517256518104]}, "properties": {"stop_id": "S210", "x": 378716.13847699267, "y": 2415858.2004551166, "n_items": 6, "kg_est": 3.7739158178476546, "kg_hi": 7.6274041763790175, "bulk_m3": 0.02609366042569838, "crew": "1인", "tools": [], "max_item_kg_hi": 1.7179869012833868, "r95_m": 3.0, "buried_suspect": false, "classes": ["eps_fragment", "pet_bottle", "plastic_other"], "visit_order": 28}}, {"type": "Feature", "geometry": {"type": "Point", "coordinates": [-160.17338111105826, 21.843350031707615]}, "properties": {"stop_id": "S212", "x": 378743.871402248, "y": 2415950.1833016295, "n_items": 3, "kg_est": 2.641094003389939, "kg_hi": 8.290968623385767, "bulk_m3": 0.012053218004554956, "crew": "1인", "tools": [], "max_item_kg_hi": 3.925060652446803, "r95_m": 3.0, "buried_suspect": false, "classes": ["pet_bottle", "plastic_other"], "visit_order": 29}}, {"type": "Feature", "geometry": {"type": "Point", "coordinates": [-160.17371653207616, 21.843359525500176]}, "properties": {"stop_id": "S208", "x": 378709.21378619573, "y": 2415951.498490065, "n_items": 38, "kg_est": 94.86677453543813, "kg_hi": 246.39393929570835, "bulk_m3": 0.6832864122099561, "crew": "2인", "tools": ["절단기"], "max_item_kg_hi": 47.40263266227955, "r95_m": 3.0, "buried_suspect": false, "classes": ["eps_fragment", "glass", "net", "pet_bottle", "plastic_buoy", "plastic_other"], "visit_order": 30}}, {"type": "Feature", "geometry": {"type": "Point", "coordinates": [-160.17385159520887, 21.843509502666805]}, "properties": {"stop_id": "S207", "x": 378695.38164166274, "y": 2415968.207494311, "n_items": 4, "kg_est": 5.922614963272487, "kg_hi": 10.395692970194663, "bulk_m3": 0.06594947713878661, "crew": "1인", "tools": [], "max_item_kg_hi": 3.9758868128853884, "r95_m": 3.0, "buried_suspect": false, "classes": ["glass", "plastic_buoy", "plastic_other"], "visit_order": 31}}, {"type": "Feature", "geometry": {"type": "Point", "coordinates": [-160.17360422951185, 21.84373637528903]}, "properties": {"stop_id": "S209", "x": 378721.13819845405, "y": 2415993.127587118, "n_items": 30, "kg_est": 37.85214895770116, "kg_hi": 73.29820267949349, "bulk_m3": 0.3689739081024948, "crew": "1인", "tools": ["절단기"], "max_item_kg_hi": 8.473178127039827, "r95_m": 3.0, "buried_suspect": false, "classes": ["eps_fragment", "glass", "net", "pet_bottle", "plastic_buoy", "plastic_other"], "visit_order": 32}}, {"type": "Feature", "geometry": {"type": "Point", "coordinates": [-160.17338964051308, 21.843820400151923]}, "properties": {"stop_id": "S211", "x": 378743.3867146936, "y": 2416002.2601719107, "n_items": 25, "kg_est": 46.00594936216844, "kg_hi": 86.77551370167185, "bulk_m3": 0.5785229826412571, "crew": "1인", "tools": ["절단기"], "max_item_kg_hi": 8.46736948594463, "r95_m": 3.0, "buried_suspect": false, "classes": ["eps_fragment", "net", "pet_bottle", "plastic_buoy", "plastic_other"], "visit_order": 33}}, {"type": "Feature", "geometry": {"type": "Point", "coordinates": [-160.17336786488116, 21.84396713675914]}, "properties": {"stop_id": "S213", "x": 378745.761004949, "y": 2416018.4868782037, "n_items": 10, "kg_est": 21.439870094983632, "kg_hi": 40.10728882264948, "bulk_m3": 0.2598511175784404, "crew": "1인", "tools": ["절단기"], "max_item_kg_hi": 7.173033681285483, "r95_m": 3.0, "buried_suspect": false, "classes": ["net", "pet_bottle", "plastic_buoy", "plastic_other"], "visit_order": 34}}, {"type": "Feature", "geometry": {"type": "Point", "coordinates": [-160.17283363863382, 21.844283761385586]}, "properties": {"stop_id": "S215", "x": 378801.2398329895, "y": 2416053.1167960376, "n_items": 1, "kg_est": 0.8829178471157081, "kg_hi": 1.4715297451928468, "bulk_m3": 0.006688771569058395, "crew": "1인", "tools": [], "max_item_kg_hi": 1.4715297451928468, "r95_m": 3.0, "buried_suspect": false, "classes": ["pet_bottle"], "visit_order": 35}}, {"type": "Feature", "geometry": {"type": "Point", "coordinates": [-160.173233081071, 21.844866900120213]}, "properties": {"stop_id": "S214", "x": 378760.44980710384, "y": 2416117.985235742, "n_items": 2, "kg_est": 0.27706479619503416, "kg_hi": 0.923549320650114, "bulk_m3": 0.0013853239809751708, "crew": "1인", "tools": [], "max_item_kg_hi": 0.5218585213054046, "r95_m": 3.0, "buried_suspect": false, "classes": ["eps_fragment"], "visit_order": 36}}, {"type": "Feature", "geometry": {"type": "Point", "coordinates": [-160.173256327612, 21.845141079283596]}, "properties": {"stop_id": "S218", "x": 378758.27861063316, "y": 2416148.355394954, "n_items": 6, "kg_est": 12.11147884680781, "kg_hi": 24.702568207307962, "bulk_m3": 0.128834093411009, "crew": "1인", "tools": ["절단기"], "max_item_kg_hi": 8.340539185231298, "r95_m": 3.0, "buried_suspect": false, "classes": ["net", "pet_bottle", "plastic_buoy", "plastic_other"], "visit_order": 37}}, {"type": "Feature", "geometry": {"type": "Point", "coordinates": [-160.1724428163021, 21.84660204807387]}, "properties": {"stop_id": "S216", "x": 378843.5852929081, "y": 2416309.4452989222, "n_items": 1, "kg_est": 2.4699905095428583, "kg_hi": 3.528557870775512, "bulk_m3": 0.004116650849238097, "crew": "1인", "tools": [], "max_item_kg_hi": 3.528557870775512, "r95_m": 3.0, "buried_suspect": false, "classes": ["glass"], "visit_order": 38}}, {"type": "Feature", "geometry": {"type": "Point", "coordinates": [-160.17186726766192, 21.84709397003354]}, "properties": {"stop_id": "S217", "x": 378903.4811805221, "y": 2416363.4485540576, "n_items": 17, "kg_est": 19.562255357220668, "kg_hi": 36.36820456759527, "bulk_m3": 0.20947370395488804, "crew": "1인", "tools": ["절단기"], "max_item_kg_hi": 9.119601199060808, "r95_m": 3.0, "buried_suspect": false, "classes": ["glass", "net", "pet_bottle", "plastic_buoy", "plastic_other"], "visit_order": 39}}, {"type": "Feature", "geometry": {"type": "Point", "coordinates": [-160.17162739397025, 21.847286936035726]}, "properties": {"stop_id": "S219", "x": 378928.43394932244, "y": 2416384.621350394, "n_items": 34, "kg_est": 58.873789388285985, "kg_hi": 99.37427168162013, "bulk_m3": 0.6925728070012628, "crew": "1인", "tools": ["절단기"], "max_item_kg_hi": 7.523704471595692, "r95_m": 3.0, "buried_suspect": false, "classes": ["eps_fragment", "glass", "net", "pet_bottle", "plastic_buoy", "plastic_other"], "visit_order": 40}}, {"type": "Feature", "geometry": {"type": "Point", "coordinates": [-160.17154097652093, 21.847398524411727]}, "properties": {"stop_id": "S220", "x": 378937.4589194303, "y": 2416396.906300985, "n_items": 3, "kg_est": 2.863065367225943, "kg_hi": 4.859274695824483, "bulk_m3": 0.03727498329051311, "crew": "1인", "tools": [], "max_item_kg_hi": 2.4995281438351036, "r95_m": 3.0, "buried_suspect": false, "classes": ["pet_bottle", "plastic_buoy", "plastic_other"], "visit_order": 41}}, {"type": "Feature", "geometry": {"type": "Point", "coordinates": [-160.1702807263241, 21.848921727812563]}, "properties": {"stop_id": "S226", "x": 379068.9834190606, "y": 2416564.5354144736, "n_items": 7, "kg_est": 3.9071761761069093, "kg_hi": 9.259727844954124, "bulk_m3": 0.014670183216763808, "crew": "1인", "tools": [], "max_item_kg_hi": 2.2815448039058763, "r95_m": 3.0, "buried_suspect": false, "classes": ["eps_fragment", "glass", "pet_bottle", "plastic_other"], "visit_order": 42}}, {"type": "Feature", "geometry": {"type": "Point", "coordinates": [-160.16984833013245, 21.849375641599245]}, "properties": {"stop_id": "S231", "x": 379114.0515020048, "y": 2416614.444343959, "n_items": 1, "kg_est": 0.3073005154530632, "kg_hi": 0.5121675257551053, "bulk_m3": 0.0023280342079777514, "crew": "1인", "tools": [], "max_item_kg_hi": 0.5121675257551053, "r95_m": 3.0, "buried_suspect": false, "classes": ["pet_bottle"], "visit_order": 43}}, {"type": "Feature", "geometry": {"type": "Point", "coordinates": [-160.16977700956505, 21.849521138964636]}, "properties": {"stop_id": "S230", "x": 379121.5445384034, "y": 2416630.494998131, "n_items": 19, "kg_est": 27.69865163412501, "kg_hi": 77.28773771435849, "bulk_m3": 0.1144355888392716, "crew": "2인", "tools": ["절단기"], "max_item_kg_hi": 24.839933813331783, "r95_m": 3.0, "buried_suspect": false, "classes": ["eps_fragment", "net", "pet_bottle", "plastic_other"], "visit_order": 44}}, {"type": "Feature", "geometry": {"type": "Point", "coordinates": [-160.16961795938917, 21.84968072536633]}, "properties": {"stop_id": "S232", "x": 379138.11582767474, "y": 2416648.0364268995, "n_items": 6, "kg_est": 3.163010642438742, "kg_hi": 8.528673447673434, "bulk_m3": 0.017300178792911736, "crew": "1인", "tools": [], "max_item_kg_hi": 2.5944016569916855, "r95_m": 3.0, "buried_suspect": false, "classes": ["pet_bottle", "plastic_other"], "visit_order": 45}}, {"type": "Feature", "geometry": {"type": "Point", "coordinates": [-160.16951149578605, 21.84976854799262]}, "properties": {"stop_id": "S233", "x": 379149.19216782623, "y": 2416657.67486031, "n_items": 11, "kg_est": 19.64791176382912, "kg_hi": 34.11985195682392, "bulk_m3": 0.2323887027092376, "crew": "1인", "tools": [], "max_item_kg_hi": 6.496605392934, "r95_m": 3.0, "buried_suspect": false, "classes": ["glass", "pet_bottle", "plastic_buoy", "plastic_other"], "visit_order": 46}}, {"type": "Feature", "geometry": {"type": "Point", "coordinates": [-160.1692248844148, 21.849797123529306]}, "properties": {"stop_id": "S234", "x": 379178.83601420815, "y": 2416660.6131735, "n_items": 4, "kg_est": 1.6196408712531107, "kg_hi": 3.1119578841301143, "bulk_m3": 0.011426141171226362, "crew": "1인", "tools": [], "max_item_kg_hi": 0.9394030073405913, "r95_m": 3.0, "buried_suspect": false, "classes": ["pet_bottle", "plastic_other"], "visit_order": 47}}, {"type": "Feature", "geometry": {"type": "Point", "coordinates": [-160.1685041437652, 21.850404790441306]}, "properties": {"stop_id": "S235", "x": 379253.8315100705, "y": 2416727.3167293933, "n_items": 18, "kg_est": 65.74960257973389, "kg_hi": 92.82422251515682, "bulk_m3": 0.5873866348369894, "crew": "2인", "tools": [], "max_item_kg_hi": 26.156678371001767, "r95_m": 3.0, "buried_suspect": false, "classes": ["eps_buoy", "eps_fragment", "pet_bottle", "plastic_buoy", "plastic_other"], "visit_order": 48}}, {"type": "Feature", "geometry": {"type": "Point", "coordinates": [-160.1680120609799, 21.85143863464053]}, "properties": {"stop_id": "S227", "x": 379305.5539852444, "y": 2416841.378048659, "n_items": 4, "kg_est": 1.6292487715341841, "kg_hi": 3.6088974346623015, "bulk_m3": 0.0106509041719723, "crew": "1인", "tools": [], "max_item_kg_hi": 1.4641066723745577, "r95_m": 3.0, "buried_suspect": false, "classes": ["eps_fragment", "pet_bottle", "plastic_other"], "visit_order": 49}}, {"type": "Feature", "geometry": {"type": "Point", "coordinates": [-160.16781133451317, 21.852988136928353]}, "properties": {"stop_id": "S228", "x": 379327.59929424914, "y": 2417012.751678637, "n_items": 2, "kg_est": 2.9320418060701123, "kg_hi": 9.270140068371683, "bulk_m3": 0.013246384851070516, "crew": "1인", "tools": [], "max_item_kg_hi": 8.766807449842993, "r95_m": 3.0, "buried_suspect": false, "classes": ["pet_bottle", "plastic_other"], "visit_order": 50}}, {"type": "Feature", "geometry": {"type": "Point", "coordinates": [-160.16714031854218, 21.853359225250124]}, "properties": {"stop_id": "S229", "x": 379397.2552985975, "y": 2417053.3054006305, "n_items": 2, "kg_est": 1.3502795689233018, "kg_hi": 2.250465948205503, "bulk_m3": 0.010229390673661376, "crew": "1인", "tools": [], "max_item_kg_hi": 1.4698370620463312, "r95_m": 3.0, "buried_suspect": false, "classes": ["pet_bottle"], "visit_order": 51}}, {"type": "Feature", "geometry": {"type": "Point", "coordinates": [-160.16597711309834, 21.855986771554527]}, "properties": {"stop_id": "S240", "x": 379519.66730840155, "y": 2417343.2654813905, "n_items": 11, "kg_est": 9.823169664873335, "kg_hi": 25.60695414055359, "bulk_m3": 0.0368075232869617, "crew": "1인", "tools": ["절단기"], "max_item_kg_hi": 9.213515548111578, "r95_m": 3.0, "buried_suspect": false, "classes": ["eps_fragment", "net", "pet_bottle", "plastic_other"], "visit_order": 52}}, {"type": "Feature", "geometry": {"type": "Point", "coordinates": [-160.1658598554131, 21.856080445750912]}, "properties": {"stop_id": "S241", "x": 379531.8633156868, "y": 2417353.543475871, "n_items": 35, "kg_est": 96.39660304291246, "kg_hi": 180.43659506948364, "bulk_m3": 1.152687047875714, "crew": "2인", "tools": ["절단기"], "max_item_kg_hi": 30.297573096089756, "r95_m": 3.0, "buried_suspect": false, "classes": ["eps_fragment", "net", "pet_bottle", "plastic_buoy", "plastic_other"], "visit_order": 53}}, {"type": "Feature", "geometry": {"type": "Point", "coordinates": [-160.1653007508827, 21.856846166337494]}, "properties": {"stop_id": "S242", "x": 379590.28321259376, "y": 2417437.871657741, "n_items": 11, "kg_est": 12.103254687881208, "kg_hi": 21.59672764622252, "bulk_m3": 0.13450721389291195, "crew": "1인", "tools": ["절단기"], "max_item_kg_hi": 6.473884087355048, "r95_m": 3.0, "buried_suspect": false, "classes": ["eps_fragment", "net", "pet_bottle", "plastic_buoy", "plastic_other"], "visit_order": 54}}, {"type": "Feature", "geometry": {"type": "Point", "coordinates": [-160.1650973225032, 21.857062207262388]}, "properties": {"stop_id": "S236", "x": 379611.48651435395, "y": 2417461.6283588842, "n_items": 5, "kg_est": 4.78068880449214, "kg_hi": 7.8056675452690465, "bulk_m3": 0.06192802953956512, "crew": "1인", "tools": [], "max_item_kg_hi": 4.001521717715946, "r95_m": 3.0, "buried_suspect": false, "classes": ["eps_fragment", "pet_bottle", "plastic_buoy", "plastic_other"], "visit_order": 55}}, {"type": "Feature", "geometry": {"type": "Point", "coordinates": [-160.1649330579433, 21.857210730147155]}, "properties": {"stop_id": "S237", "x": 379628.5860019011, "y": 2417477.9414309068, "n_items": 7, "kg_est": 11.78758092380498, "kg_hi": 22.819582941538705, "bulk_m3": 0.13158218343112923, "crew": "1인", "tools": ["절단기"], "max_item_kg_hi": 6.849299930044686, "r95_m": 3.0, "buried_suspect": false, "classes": ["eps_fragment", "net", "pet_bottle", "plastic_buoy", "plastic_other"], "visit_order": 56}}, {"type": "Feature", "geometry": {"type": "Point", "coordinates": [-160.16463382371992, 21.85754514594405]}, "properties": {"stop_id": "S238", "x": 379659.78887842776, "y": 2417514.7274239487, "n_items": 14, "kg_est": 13.79125546389308, "kg_hi": 36.308416296065076, "bulk_m3": 0.0609823333126552, "crew": "1인", "tools": ["절단기"], "max_item_kg_hi": 12.77826394129017, "r95_m": 3.0, "buried_suspect": false, "classes": ["eps_fragment", "net", "pet_bottle", "plastic_other"], "visit_order": 57}}, {"type": "Feature", "geometry": {"type": "Point", "coordinates": [-160.1645460352458, 21.857666319493486]}, "properties": {"stop_id": "S239", "x": 379668.96238637826, "y": 2417528.0727601256, "n_items": 2, "kg_est": 0.5336252767307474, "kg_hi": 1.778750922435825, "bulk_m3": 0.0022728854328904445, "crew": "1인", "tools": [], "max_item_kg_hi": 1.5809638030531714, "r95_m": 3.0, "buried_suspect": false, "classes": ["eps_fragment", "plastic_other"], "visit_order": 58}}, {"type": "Feature", "geometry": {"type": "Point", "coordinates": [-160.1635745023612, 21.859668347126522]}, "properties": {"stop_id": "S243", "x": 379771.0356454071, "y": 2417748.9390977575, "n_items": 8, "kg_est": 4.499676862918011, "kg_hi": 13.384292550372379, "bulk_m3": 0.022223424057298213, "crew": "1인", "tools": [], "max_item_kg_hi": 2.623671951103658, "r95_m": 3.0, "buried_suspect": false, "classes": ["eps_fragment", "pet_bottle", "plastic_other"], "visit_order": 59}}, {"type": "Feature", "geometry": {"type": "Point", "coordinates": [-160.16283121331628, 21.860240195324543]}, "properties": {"stop_id": "S244", "x": 379848.3237790636, "y": 2417811.6623978824, "n_items": 1, "kg_est": 0.11816954213621245, "kg_hi": 0.3938984737873749, "bulk_m3": 0.0005908477106810622, "crew": "1인", "tools": [], "max_item_kg_hi": 0.3938984737873749, "r95_m": 3.0, "buried_suspect": false, "classes": ["eps_fragment"], "visit_order": 60}}, {"type": "Feature", "geometry": {"type": "Point", "coordinates": [-160.1627449467007, 21.860335610727386]}, "properties": {"stop_id": "S245", "x": 379857.31815081224, "y": 2417822.1575770485, "n_items": 7, "kg_est": 2.5934187750859277, "kg_hi": 5.731769074980364, "bulk_m3": 0.01676423919416589, "crew": "1인", "tools": [], "max_item_kg_hi": 2.8188088996743, "r95_m": 3.0, "buried_suspect": false, "classes": ["pet_bottle", "plastic_other"], "visit_order": 61}}, {"type": "Feature", "geometry": {"type": "Point", "coordinates": [-160.16256767686573, 21.8606000165413]}, "properties": {"stop_id": "S251", "x": 379875.85787031596, "y": 2417851.289053702, "n_items": 6, "kg_est": 3.3451749986831434, "kg_hi": 8.891113124010216, "bulk_m3": 0.0185598727621803, "crew": "1인", "tools": [], "max_item_kg_hi": 3.3937313497072283, "r95_m": 3.0, "buried_suspect": false, "classes": ["pet_bottle", "plastic_other"], "visit_order": 62}}, {"type": "Feature", "geometry": {"type": "Point", "coordinates": [-160.16227931284928, 21.861183561266905]}, "properties": {"stop_id": "S253", "x": 379906.14452296466, "y": 2417915.6627138555, "n_items": 5, "kg_est": 2.084572562973482, "kg_hi": 5.217724408599134, "bulk_m3": 0.012556458129462131, "crew": "1인", "tools": [], "max_item_kg_hi": 2.16542369518913, "r95_m": 3.0, "buried_suspect": false, "classes": ["eps_fragment", "pet_bottle", "plastic_other"], "visit_order": 63}}, {"type": "Feature", "geometry": {"type": "Point", "coordinates": [-160.16283422079806, 21.861541236572062]}, "properties": {"stop_id": "S250", "x": 379849.10155768925, "y": 2417955.6909225383, "n_items": 6, "kg_est": 13.204466585925683, "kg_hi": 31.071276213046243, "bulk_m3": 0.08585194756939682, "crew": "1인", "tools": ["절단기"], "max_item_kg_hi": 9.771422853247996, "r95_m": 3.0, "buried_suspect": false, "classes": ["eps_fragment", "net", "plastic_buoy", "plastic_other"], "visit_order": 64}}, {"type": "Feature", "geometry": {"type": "Point", "coordinates": [-160.16249329794073, 21.861624438993356]}, "properties": {"stop_id": "S252", "x": 379884.40083530184, "y": 2417964.6352515635, "n_items": 10, "kg_est": 11.566675309177462, "kg_hi": 31.196642755671096, "bulk_m3": 0.08999412261703951, "crew": "1인", "tools": [], "max_item_kg_hi": 7.627597877265323, "r95_m": 3.0, "buried_suspect": false, "classes": ["eps_fragment", "pet_bottle", "plastic_buoy", "plastic_other"], "visit_order": 65}}, {"type": "Feature", "geometry": {"type": "Point", "coordinates": [-160.16195009676275, 21.86183339046463]}, "properties": {"stop_id": "S246", "x": 379940.7078540598, "y": 2417987.3422785676, "n_items": 14, "kg_est": 19.604647722703746, "kg_hi": 38.809965380419605, "bulk_m3": 0.12972713989919288, "crew": "1인", "tools": ["절단기"], "max_item_kg_hi": 13.255226664783828, "r95_m": 3.0, "buried_suspect": false, "classes": ["eps_fragment", "pet_bottle", "plastic_buoy", "plastic_other", "rope"], "visit_order": 66}}, {"type": "Feature", "geometry": {"type": "Point", "coordinates": [-160.1621664663744, 21.862001718092596]}, "properties": {"stop_id": "S254", "x": 379918.48984762357, "y": 2418006.1451471667, "n_items": 3, "kg_est": 7.572051273696222, "kg_hi": 9.513398069016766, "bulk_m3": 0.059399097436484374, "crew": "1인", "tools": [], "max_item_kg_hi": 8.20527278781077, "r95_m": 3.0, "buried_suspect": false, "classes": ["eps_buoy", "eps_fragment"], "visit_order": 67}}, {"type": "Feature", "geometry": {"type": "Point", "coordinates": [-160.16156087475218, 21.86311333571634]}, "properties": {"stop_id": "S247", "x": 379981.99830931483, "y": 2418128.7293708497, "n_items": 20, "kg_est": 36.917493481434605, "kg_hi": 72.28191543453809, "bulk_m3": 0.4380397987062826, "crew": "1인", "tools": ["절단기"], "max_item_kg_hi": 12.823551184489528, "r95_m": 3.0, "buried_suspect": false, "classes": ["eps_fragment", "net", "pet_bottle", "plastic_buoy", "plastic_other"], "visit_order": 68}}, {"type": "Feature", "geometry": {"type": "Point", "coordinates": [-160.16114990420908, 21.862827877590846]}, "properties": {"stop_id": "S248", "x": 380024.22745970986, "y": 2418096.808364909, "n_items": 2, "kg_est": 1.2458017056157327, "kg_hi": 3.212799936819624, "bulk_m3": 0.007113306743950863, "crew": "1인", "tools": [], "max_item_kg_hi": 2.2729275215868054, "r95_m": 3.0, "buried_suspect": false, "classes": ["pet_bottle", "plastic_other"], "visit_order": 69}}, {"type": "Feature", "geometry": {"type": "Point", "coordinates": [-160.16077994286638, 21.863020617082647]}, "properties": {"stop_id": "S264", "x": 380062.6184995652, "y": 2418117.856249555, "n_items": 4, "kg_est": 11.393807432631249, "kg_hi": 14.635568751842415, "bulk_m3": 0.14077196852482274, "crew": "1인", "tools": [], "max_item_kg_hi": 7.741156211526521, "r95_m": 3.0, "buried_suspect": false, "classes": ["eps_buoy", "eps_fragment", "plastic_buoy"], "visit_order": 70}}, {"type": "Feature", "geometry": {"type": "Point", "coordinates": [-160.16099310506993, 21.86330758257764]}, "properties": {"stop_id": "S249", "x": 380040.83110417344, "y": 2418149.7897432223, "n_items": 2, "kg_est": 1.786447256073958, "kg_hi": 5.954824186913195, "bulk_m3": 0.007443530233641492, "crew": "1인", "tools": [], "max_item_kg_hi": 3.883075606647796, "r95_m": 3.0, "buried_suspect": false, "classes": ["plastic_other"], "visit_order": 71}}, {"type": "Feature", "geometry": {"type": "Point", "coordinates": [-160.16028520029468, 21.863584676814497]}, "properties": {"stop_id": "S261", "x": 380114.2137292777, "y": 2418179.9123613597, "n_items": 34, "kg_est": 43.69787172081494, "kg_hi": 80.1571873546763, "bulk_m3": 0.441399715158284, "crew": "1인", "tools": ["절단기"], "max_item_kg_hi": 12.470273701967933, "r95_m": 3.0, "buried_suspect": false, "classes": ["eps_buoy", "eps_fragment", "net", "pet_bottle", "plastic_buoy", "plastic_other"], "visit_order": 72}}, {"type": "Feature", "geometry": {"type": "Point", "coordinates": [-160.1599790059143, 21.86373887022819]}, "properties": {"stop_id": "S263", "x": 380145.9829394352, "y": 2418196.7430598876, "n_items": 16, "kg_est": 17.69619532010292, "kg_hi": 39.469304390124414, "bulk_m3": 0.12127867901765782, "crew": "1인", "tools": ["절단기"], "max_item_kg_hi": 8.328834663571348, "r95_m": 3.0, "buried_suspect": false, "classes": ["eps_buoy", "eps_fragment", "net", "pet_bottle", "plastic_buoy", "plastic_other"], "visit_order": 73}}, {"type": "Feature", "geometry": {"type": "Point", "coordinates": [-160.16026013373965, 21.863852255526943]}, "properties": {"stop_id": "S262", "x": 380117.02738579945, "y": 2418209.513963811, "n_items": 9, "kg_est": 5.269650987651769, "kg_hi": 12.47824127434824, "bulk_m3": 0.0470762128936803, "crew": "1인", "tools": [], "max_item_kg_hi": 2.333177478409211, "r95_m": 3.0, "buried_suspect": false, "classes": ["eps_fragment", "pet_bottle", "plastic_buoy", "plastic_other"], "visit_order": 74}}, {"type": "Feature", "geometry": {"type": "Point", "coordinates": [-160.16008916561873, 21.86422426446787]}, "properties": {"stop_id": "S265", "x": 380135.00485172507, "y": 2418250.562360229, "n_items": 16, "kg_est": 26.19416995686285, "kg_hi": 43.48469315295372, "bulk_m3": 0.3676572436800012, "crew": "1인", "tools": ["절단기"], "max_item_kg_hi": 7.228600424025695, "r95_m": 3.0, "buried_suspect": false, "classes": ["eps_fragment", "net", "pet_bottle", "plastic_buoy", "plastic_other"], "visit_order": 75}}, {"type": "Feature", "geometry": {"type": "Point", "coordinates": [-160.15945441864346, 21.86433881206461]}, "properties": {"stop_id": "S266", "x": 380200.6915081543, "y": 2418262.748343891, "n_items": 16, "kg_est": 16.947823801024544, "kg_hi": 45.14597563099735, "bulk_m3": 0.12023930915292762, "crew": "1인", "tools": ["절단기"], "max_item_kg_hi": 7.789780604554552, "r95_m": 3.0, "buried_suspect": false, "classes": ["eps_fragment", "net", "pet_bottle", "plastic_buoy", "plastic_other"], "visit_order": 76}}, {"type": "Feature", "geometry": {"type": "Point", "coordinates": [-160.15888020091126, 21.864975989126055]}, "properties": {"stop_id": "S255", "x": 380260.55918219814, "y": 2418332.8371272897, "n_items": 7, "kg_est": 14.754307721081496, "kg_hi": 27.096839529608523, "bulk_m3": 0.17134866684278643, "crew": "1인", "tools": ["절단기"], "max_item_kg_hi": 9.811754301992986, "r95_m": 3.0, "buried_suspect": false, "classes": ["net", "pet_bottle", "plastic_buoy", "plastic_other"], "visit_order": 77}}, {"type": "Feature", "geometry": {"type": "Point", "coordinates": [-160.15832397739987, 21.86520906355738]}, "properties": {"stop_id": "S258", "x": 380318.2300725697, "y": 2418358.2057037717, "n_items": 8, "kg_est": 6.227241994379963, "kg_hi": 15.45165280260167, "bulk_m3": 0.02772746929119739, "crew": "1인", "tools": ["절단기"], "max_item_kg_hi": 7.162432484329967, "r95_m": 3.0, "buried_suspect": false, "classes": ["eps_fragment", "net", "pet_bottle", "plastic_other"], "visit_order": 78}}, {"type": "Feature", "geometry": {"type": "Point", "coordinates": [-160.1583789358771, 21.865312498043984]}, "properties": {"stop_id": "S256", "x": 380312.6372505837, "y": 2418369.698731659, "n_items": 18, "kg_est": 24.91865322015762, "kg_hi": 48.86060888774926, "bulk_m3": 0.252432242088064, "crew": "1인", "tools": ["절단기"], "max_item_kg_hi": 5.620617833108668, "r95_m": 3.0, "buried_suspect": false, "classes": ["eps_fragment", "glass", "net", "pet_bottle", "plastic_buoy", "plastic_other"], "visit_order": 79}}, {"type": "Feature", "geometry": {"type": "Point", "coordinates": [-160.15817027312875, 21.865430439826785]}, "properties": {"stop_id": "S257", "x": 380334.2973786592, "y": 2418382.5926040867, "n_items": 60, "kg_est": 65.42949093533238, "kg_hi": 168.89827385935314, "bulk_m3": 0.5418748832175339, "crew": "2인", "tools": [], "max_item_kg_hi": 45.273193851332636, "r95_m": 3.0, "buried_suspect": false, "classes": ["eps_fragment", "pet_bottle", "plastic_buoy", "plastic_other"], "visit_order": 80}}, {"type": "Feature", "geometry": {"type": "Point", "coordinates": [-160.1579854240509, 21.865531104134536]}, "properties": {"stop_id": "S260", "x": 380353.48233809555, "y": 2418393.5923977667, "n_items": 1, "kg_est": 0.8346889608741037, "kg_hi": 1.3911482681235063, "bulk_m3": 0.00632340121874321, "crew": "1인", "tools": [], "max_item_kg_hi": 1.3911482681235063, "r95_m": 3.0, "buried_suspect": false, "classes": ["pet_bottle"], "visit_order": 81}}, {"type": "Feature", "geometry": {"type": "Point", "coordinates": [-160.1580661379429, 21.865915126237716]}, "properties": {"stop_id": "S259", "x": 380345.46196618926, "y": 2418436.1666743564, "n_items": 1, "kg_est": 1.0921162778093292, "kg_hi": 3.6403875926977642, "bulk_m3": 0.0045504844908722045, "crew": "1인", "tools": [], "max_item_kg_hi": 3.6403875926977642, "r95_m": 3.0, "buried_suspect": false, "classes": ["plastic_other"], "visit_order": 82}}, {"type": "Feature", "geometry": {"type": "Point", "coordinates": [-160.157634679321, 21.8658149221762]}, "properties": {"stop_id": "S269", "x": 380389.9623738047, "y": 2418424.738425714, "n_items": 26, "kg_est": 25.394607600015366, "kg_hi": 47.608676654166146, "bulk_m3": 0.30883406247902034, "crew": "1인", "tools": [], "max_item_kg_hi": 5.156847757817194, "r95_m": 3.0, "buried_suspect": false, "classes": ["eps_fragment", "pet_bottle", "plastic_buoy", "plastic_other"], "visit_order": 83}}, {"type": "Feature", "geometry": {"type": "Point", "coordinates": [-160.15704269063494, 21.8663166164032]}, "properties": {"stop_id": "S267", "x": 380451.5521082284, "y": 2418479.816021248, "n_items": 1, "kg_est": 0.8013709567861433, "kg_hi": 1.335618261310239, "bulk_m3": 0.006070992096864722, "crew": "1인", "tools": [], "max_item_kg_hi": 1.335618261310239, "r95_m": 3.0, "buried_suspect": false, "classes": ["pet_bottle"], "visit_order": 84}}, {"type": "Feature", "geometry": {"type": "Point", "coordinates": [-160.15692548207375, 21.866420834394408]}, "properties": {"stop_id": "S268", "x": 380463.7503490061, "y": 2418491.2619171264, "n_items": 7, "kg_est": 7.447563621186795, "kg_hi": 23.051421502486374, "bulk_m3": 0.035355396615321624, "crew": "1인", "tools": [], "max_item_kg_hi": 6.592455558336905, "r95_m": 3.0, "buried_suspect": false, "classes": ["eps_fragment", "pet_bottle", "plastic_other"], "visit_order": 85}}, {"type": "Feature", "geometry": {"type": "Point", "coordinates": [-160.15655652944443, 21.866781444353975]}, "properties": {"stop_id": "S273", "x": 380502.1753316588, "y": 2418530.894942612, "n_items": 17, "kg_est": 7.387879471252596, "kg_hi": 18.357300151553353, "bulk_m3": 0.044202703413249486, "crew": "1인", "tools": [], "max_item_kg_hi": 2.743149748803106, "r95_m": 3.0, "buried_suspect": false, "classes": ["eps_fragment", "pet_bottle", "plastic_other"], "visit_order": 86}}, {"type": "Feature", "geometry": {"type": "Point", "coordinates": [-160.1556952821305, 21.867333360471427]}, "properties": {"stop_id": "S270", "x": 380591.62904607947, "y": 2418591.323454694, "n_items": 17, "kg_est": 61.85287152001495, "kg_hi": 158.5706987400876, "bulk_m3": 0.5529806469511754, "crew": "장비", "tools": [], "max_item_kg_hi": 59.21262257827124, "r95_m": 3.0, "buried_suspect": false, "classes": ["eps_fragment", "pet_bottle", "plastic_buoy", "plastic_other"], "visit_order": 87}}, {"type": "Feature", "geometry": {"type": "Point", "coordinates": [-160.15482950769731, 21.867704847206763]}, "properties": {"stop_id": "S271", "x": 380681.39989222103, "y": 2418631.7752972157, "n_items": 22, "kg_est": 70.60209407936505, "kg_hi": 107.36639149199954, "bulk_m3": 0.993665749346128, "crew": "1인", "tools": ["절단기"], "max_item_kg_hi": 16.895068161791272, "r95_m": 3.0, "buried_suspect": false, "classes": ["eps_buoy", "eps_fragment", "net", "pet_bottle", "plastic_buoy", "plastic_other"], "visit_order": 88}}, {"type": "Feature", "geometry": {"type": "Point", "coordinates": [-160.1546913732499, 21.867757179540234]}, "properties": {"stop_id": "S272", "x": 380695.71703511284, "y": 2418637.4613500964, "n_items": 1, "kg_est": 0.11003155877738227, "kg_hi": 0.36677186259127426, "bulk_m3": 0.0005501577938869113, "crew": "1인", "tools": [], "max_item_kg_hi": 0.36677186259127426, "r95_m": 3.0, "buried_suspect": false, "classes": ["eps_fragment"], "visit_order": 89}}, {"type": "Feature", "geometry": {"type": "Point", "coordinates": [-160.14544166590815, 21.87230112409941]}, "properties": {"stop_id": "S274", "x": 381655.24883546494, "y": 2419133.3307767296, "n_items": 2, "kg_est": 0.35942606995409887, "kg_hi": 1.1980868998469965, "bulk_m3": 0.0017971303497704943, "crew": "1인", "tools": [], "max_item_kg_hi": 0.6607022473813229, "r95_m": 3.0, "buried_suspect": false, "classes": ["eps_fragment"], "visit_order": 90}}, {"type": "Feature", "geometry": {"type": "Point", "coordinates": [-160.14495007070386, 21.87287250605075]}, "properties": {"stop_id": "S275", "x": 381706.5153424583, "y": 2419196.2046747184, "n_items": 3, "kg_est": 16.60944422303788, "kg_hi": 19.38454506157967, "bulk_m3": 0.13254970532930663, "crew": "1인", "tools": [], "max_item_kg_hi": 18.104426131236657, "r95_m": 3.0, "buried_suspect": false, "classes": ["eps_buoy", "pet_bottle"], "visit_order": 91}}, {"type": "Feature", "geometry": {"type": "Point", "coordinates": [-160.14336164707922, 21.873160053737255]}, "properties": {"stop_id": "S277", "x": 381870.87998602074, "y": 2419226.815092267, "n_items": 15, "kg_est": 47.053912746676566, "kg_hi": 70.93463426337497, "bulk_m3": 0.7042225930948309, "crew": "1인", "tools": ["절단기"], "max_item_kg_hi": 8.644950655747932, "r95_m": 3.0, "buried_suspect": false, "classes": ["eps_fragment", "net", "pet_bottle", "plastic_buoy", "plastic_other"], "visit_order": 92}}, {"type": "Feature", "geometry": {"type": "Point", "coordinates": [-160.14266451714826, 21.87329878788257]}, "properties": {"stop_id": "S276", "x": 381943.02669000824, "y": 2419241.6375702973, "n_items": 8, "kg_est": 50.9855997901417, "kg_hi": 61.50879273522353, "bulk_m3": 0.5072718618521169, "crew": "2인", "tools": [], "max_item_kg_hi": 40.558620827756286, "r95_m": 3.0, "buried_suspect": false, "classes": ["eps_buoy", "eps_fragment", "plastic_buoy"], "visit_order": 93}}, {"type": "Feature", "geometry": {"type": "Point", "coordinates": [-160.14103697718937, 21.873564040793873]}, "properties": {"stop_id": "S278", "x": 382111.4137407361, "y": 2419269.752362837, "n_items": 7, "kg_est": 41.421386524018004, "kg_hi": 62.015876319993424, "bulk_m3": 0.3271412605778808, "crew": "1인", "tools": ["절단기"], "max_item_kg_hi": 21.575688724193675, "r95_m": 3.0, "buried_suspect": false, "classes": ["eps_buoy", "eps_fragment", "plastic_buoy", "plastic_other", "rope"], "visit_order": 94}}, {"type": "Feature", "geometry": {"type": "Point", "coordinates": [-160.12766267929325, 21.87693334864815]}, "properties": {"stop_id": "S280", "x": 383496.0728894065, "y": 2419632.5399862705, "n_items": 12, "kg_est": 59.198643163967084, "kg_hi": 107.24691443958471, "bulk_m3": 0.4140646488240918, "crew": "2인", "tools": ["절단기"], "max_item_kg_hi": 26.16875448632687, "r95_m": 3.0, "buried_suspect": false, "classes": ["eps_buoy", "net", "plastic_buoy", "plastic_other"], "visit_order": 95}}, {"type": "Feature", "geometry": {"type": "Point", "coordinates": [-160.1275416040084, 21.877284851351202]}, "properties": {"stop_id": "S281", "x": 383508.8682672047, "y": 2419671.3595558954, "n_items": 16, "kg_est": 57.12818977957171, "kg_hi": 126.21070297001515, "bulk_m3": 0.38834020038644357, "crew": "1인", "tools": ["절단기"], "max_item_kg_hi": 16.786321210834263, "r95_m": 3.0, "buried_suspect": false, "classes": ["eps_fragment", "net", "plastic_buoy", "plastic_other"], "visit_order": 96}}, {"type": "Feature", "geometry": {"type": "Point", "coordinates": [-160.12743136822115, 21.877444631371848]}, "properties": {"stop_id": "S279", "x": 383520.3879693354, "y": 2419688.963663229, "n_items": 45, "kg_est": 189.74642053056337, "kg_hi": 396.96166593630136, "bulk_m3": 1.1087926557081824, "crew": "2인", "tools": ["절단기"], "max_item_kg_hi": 44.04246186316764, "r95_m": 3.0, "buried_suspect": false, "classes": ["net", "pet_bottle", "plastic_buoy", "plastic_other", "rope"], "visit_order": 97}}, {"type": "Feature", "geometry": {"type": "Point", "coordinates": [-160.1253733565524, 21.878049887223955]}, "properties": {"stop_id": "S282", "x": 383733.52004699735, "y": 2419754.4074833025, "n_items": 1, "kg_est": 21.21387011189375, "kg_hi": 24.24442298502143, "bulk_m3": 0.16971096089515, "crew": "2인", "tools": [], "max_item_kg_hi": 24.24442298502143, "r95_m": 3.0, "buried_suspect": false, "classes": ["eps_buoy"], "visit_order": 98}}, {"type": "Feature", "geometry": {"type": "Point", "coordinates": [-160.1247108353831, 21.87714164768346]}, "properties": {"stop_id": "S283", "x": 383801.23843376077, "y": 2419653.3645724114, "n_items": 3, "kg_est": 7.671922018913145, "kg_hi": 20.234530057332385, "bulk_m3": 0.02235696373519086, "crew": "1인", "tools": ["절단기"], "max_item_kg_hi": 8.818516558976484, "r95_m": 3.0, "buried_suspect": false, "classes": ["net", "plastic_other"], "visit_order": 99}}, {"type": "Feature", "geometry": {"type": "Point", "coordinates": [-160.11442272280865, 21.879544680980707]}, "properties": {"stop_id": "S284", "x": 384866.1742717368, "y": 2419911.6385764196, "n_items": 1, "kg_est": 3.3113492320692224, "kg_hi": 8.278373080173056, "bulk_m3": 0.00883026461885126, "crew": "1인", "tools": ["절단기"], "max_item_kg_hi": 8.278373080173056, "r95_m": 3.0, "buried_suspect": false, "classes": ["net"], "visit_order": 100}}, {"type": "Feature", "geometry": {"type": "Point", "coordinates": [-160.11023636023106, 21.88120386158286]}, "properties": {"stop_id": "S286", "x": 385300.04391810653, "y": 2420092.1793007213, "n_items": 4, "kg_est": 10.645980389937186, "kg_hi": 17.991830363616433, "bulk_m3": 0.07497410076304312, "crew": "1인", "tools": [], "max_item_kg_hi": 9.127706575395232, "r95_m": 3.0, "buried_suspect": false, "classes": ["eps_buoy", "plastic_other"], "visit_order": 101}}, {"type": "Feature", "geometry": {"type": "Point", "coordinates": [-160.10999098694933, 21.88092924517762]}, "properties": {"stop_id": "S285", "x": 385325.17654261587, "y": 2420061.596320131, "n_items": 7, "kg_est": 25.423139820357626, "kg_hi": 64.20482285761027, "bulk_m3": 0.20456486999406728, "crew": "2인", "tools": ["절단기"], "max_item_kg_hi": 25.441884213738007, "r95_m": 3.0, "buried_suspect": false, "classes": ["net", "plastic_buoy", "plastic_other"], "visit_order": 102}}, {"type": "Feature", "geometry": {"type": "Point", "coordinates": [-160.09768131099696, 21.885280831730572]}, "properties": {"stop_id": "S288", "x": 386600.461435856, "y": 2420534.180546982, "n_items": 1, "kg_est": 0.244578276429218, "kg_hi": 0.8152609214307267, "bulk_m3": 0.00122289138214609, "crew": "1인", "tools": [], "max_item_kg_hi": 0.8152609214307267, "r95_m": 3.0, "buried_suspect": false, "classes": ["eps_fragment"], "visit_order": 103}}, {"type": "Feature", "geometry": {"type": "Point", "coordinates": [-160.0974227406923, 21.885186014690408]}, "properties": {"stop_id": "S287", "x": 386627.10131120466, "y": 2420523.4935996733, "n_items": 1, "kg_est": 3.72885062282745, "kg_hi": 4.9718008304366, "bulk_m3": 0.0621475103804575, "crew": "1인", "tools": [], "max_item_kg_hi": 4.9718008304366, "r95_m": 3.0, "buried_suspect": false, "classes": ["plastic_buoy"], "visit_order": 104}}, {"type": "Feature", "geometry": {"type": "Point", "coordinates": [-160.08875146381246, 21.8902758500681]}, "properties": {"stop_id": "S289", "x": 387526.98687399836, "y": 2421080.5615551025, "n_items": 1, "kg_est": 0.17182039637520855, "kg_hi": 0.28636732729201425, "bulk_m3": 0.0013016696695091557, "crew": "1인", "tools": [], "max_item_kg_hi": 0.28636732729201425, "r95_m": 3.0, "buried_suspect": false, "classes": ["pet_bottle"], "visit_order": 105}}, {"type": "Feature", "geometry": {"type": "Point", "coordinates": [-160.08838172823874, 21.89039426374811]}, "properties": {"stop_id": "S290", "x": 387565.27844025235, "y": 2421093.399223065, "n_items": 10, "kg_est": 30.570239261585918, "kg_hi": 51.2810264349548, "bulk_m3": 0.40262249204118555, "crew": "1인", "tools": ["절단기"], "max_item_kg_hi": 7.958230113701389, "r95_m": 3.0, "buried_suspect": false, "classes": ["eps_fragment", "net", "plastic_buoy", "plastic_other"], "visit_order": 106}}, {"type": "Feature", "geometry": {"type": "Point", "coordinates": [-160.08160159080734, 21.89346067031341]}, "properties": {"stop_id": "S291", "x": 388268.14729961066, "y": 2421427.900819027, "n_items": 2, "kg_est": 6.057247051109661, "kg_hi": 16.719404769291224, "bulk_m3": 0.018989975657689825, "crew": "1인", "tools": ["절단기"], "max_item_kg_hi": 10.414256203222932, "r95_m": 3.0, "buried_suspect": false, "classes": ["net", "plastic_other"], "visit_order": 107}}, {"type": "Feature", "geometry": {"type": "Point", "coordinates": [-160.08086262404686, 21.8941121735882]}, "properties": {"stop_id": "S292", "x": 388344.9981813397, "y": 2421499.48422492, "n_items": 2, "kg_est": 1.5356394790444607, "kg_hi": 4.284779530068175, "bulk_m3": 0.008104445238606522, "crew": "1인", "tools": [], "max_item_kg_hi": 3.4507607966548126, "r95_m": 3.0, "buried_suspect": false, "classes": ["pet_bottle", "plastic_other"], "visit_order": 108}}, {"type": "Feature", "geometry": {"type": "Point", "coordinates": [-160.07810500058685, 21.91163399384604]}, "properties": {"stop_id": "S084", "x": 388643.5063692042, "y": 2423437.1289365143, "n_items": 2, "kg_est": 1.1987397727640823, "kg_hi": 3.1403994349972293, "bulk_m3": 0.0067444304777171775, "crew": "1인", "tools": [], "max_item_kg_hi": 2.2849996274475175, "r95_m": 3.0, "buried_suspect": false, "classes": ["pet_bottle", "plastic_other"], "visit_order": 109}}, {"type": "Feature", "geometry": {"type": "Point", "coordinates": [-160.07861124475747, 21.912460039686856]}, "properties": {"stop_id": "S083", "x": 388591.8548660598, "y": 2423528.938754282, "n_items": 10, "kg_est": 34.48338684397879, "kg_hi": 61.00854171829407, "bulk_m3": 0.4379279455011254, "crew": "1인", "tools": ["절단기"], "max_item_kg_hi": 9.845237292947061, "r95_m": 3.0, "buried_suspect": false, "classes": ["net", "plastic_buoy", "plastic_other"], "visit_order": 110}}, {"type": "Feature", "geometry": {"type": "Point", "coordinates": [-160.08046970968604, 21.916614354268024]}, "properties": {"stop_id": "S082", "x": 388403.11736818776, "y": 2423990.16777565, "n_items": 4, "kg_est": 2.828259190626292, "kg_hi": 7.431210684039527, "bulk_m3": 0.015867795013011, "crew": "1인", "tools": [], "max_item_kg_hi": 3.4080561205865023, "r95_m": 3.0, "buried_suspect": false, "classes": ["pet_bottle", "plastic_other"], "visit_order": 111}}, {"type": "Feature", "geometry": {"type": "Point", "coordinates": [-160.0804881250805, 21.9167713773395]}, "properties": {"stop_id": "S081", "x": 388401.3375281985, "y": 2424007.563488039, "n_items": 6, "kg_est": 19.602506797101835, "kg_hi": 37.91475089901596, "bulk_m3": 0.10189856705511753, "crew": "1인", "tools": ["절단기"], "max_item_kg_hi": 15.838026279523534, "r95_m": 3.0, "buried_suspect": false, "classes": ["eps_buoy", "net", "pet_bottle", "plastic_other"], "visit_order": 112}}, {"type": "Feature", "geometry": {"type": "Point", "coordinates": [-160.08106029770198, 21.918553753135114]}, "properties": {"stop_id": "S088", "x": 388343.6251457043, "y": 2424205.287210444, "n_items": 2, "kg_est": 1.2155159740521593, "kg_hi": 4.051719913507198, "bulk_m3": 0.0055455035752127076, "crew": "1인", "tools": [], "max_item_kg_hi": 2.1283051801923563, "r95_m": 3.0, "buried_suspect": false, "classes": ["eps_fragment", "plastic_other"], "visit_order": 113}}, {"type": "Feature", "geometry": {"type": "Point", "coordinates": [-160.0818973349342, 21.921814909416995]}, "properties": {"stop_id": "S086", "x": 388259.7101337407, "y": 2424566.9039927614, "n_items": 1, "kg_est": 0.09382677464069536, "kg_hi": 0.31275591546898457, "bulk_m3": 0.00046913387320347675, "crew": "1인", "tools": [], "max_item_kg_hi": 0.31275591546898457, "r95_m": 3.0, "buried_suspect": false, "classes": ["eps_fragment"], "visit_order": 114}}, {"type": "Feature", "geometry": {"type": "Point", "coordinates": [-160.0821859041659, 21.923140166323513]}, "properties": {"stop_id": "S087", "x": 388230.9382673414, "y": 2424713.8191518122, "n_items": 2, "kg_est": 1.139529155680791, "kg_hi": 1.899215259467985, "bulk_m3": 0.008632796633945386, "crew": "1인", "tools": [], "max_item_kg_hi": 1.2611464025672439, "r95_m": 3.0, "buried_suspect": false, "classes": ["pet_bottle"], "visit_order": 115}}, {"type": "Feature", "geometry": {"type": "Point", "coordinates": [-160.08231490735113, 21.92365683074877]}, "properties": {"stop_id": "S085", "x": 388218.0169949198, "y": 2424771.1075202557, "n_items": 6, "kg_est": 10.144495677133815, "kg_hi": 17.920888870765868, "bulk_m3": 0.1371179329285609, "crew": "1인", "tools": [], "max_item_kg_hi": 6.554826123906299, "r95_m": 3.0, "buried_suspect": false, "classes": ["eps_fragment", "pet_bottle", "plastic_buoy", "plastic_other"], "visit_order": 116}}, {"type": "Feature", "geometry": {"type": "Point", "coordinates": [-160.0825839731537, 21.924298885978885]}, "properties": {"stop_id": "S089", "x": 388190.72683559515, "y": 2424842.378649301, "n_items": 7, "kg_est": 9.307382649822594, "kg_hi": 16.02421349040932, "bulk_m3": 0.11460694151945246, "crew": "1인", "tools": [], "max_item_kg_hi": 4.602766544914777, "r95_m": 3.0, "buried_suspect": false, "classes": ["pet_bottle", "plastic_buoy", "plastic_other"], "visit_order": 117}}, {"type": "Feature", "geometry": {"type": "Point", "coordinates": [-160.0827034485902, 21.930133890214325]}, "properties": {"stop_id": "S090", "x": 388182.9449609106, "y": 2425488.3969044313, "n_items": 3, "kg_est": 12.733075507593732, "kg_hi": 19.96280627984188, "bulk_m3": 0.09271072219442902, "crew": "1인", "tools": [], "max_item_kg_hi": 11.173063020588259, "r95_m": 3.0, "buried_suspect": false, "classes": ["eps_buoy", "pet_bottle", "plastic_other"], "visit_order": 118}}, {"type": "Feature", "geometry": {"type": "Point", "coordinates": [-160.08257116644933, 21.930875939177767]}, "properties": {"stop_id": "S091", "x": 388197.18742416427, "y": 2425570.444841653, "n_items": 2, "kg_est": 4.529801472516569, "kg_hi": 6.264106229815084, "bulk_m3": 0.07418786076537259, "crew": "1인", "tools": [], "max_item_kg_hi": 5.890154674604543, "r95_m": 3.0, "buried_suspect": false, "classes": ["eps_fragment", "plastic_buoy"], "visit_order": 119}}, {"type": "Feature", "geometry": {"type": "Point", "coordinates": [-160.08205528213355, 21.932167394678885]}, "properties": {"stop_id": "S092", "x": 388251.4786459403, "y": 2425713.0322137866, "n_items": 3, "kg_est": 8.512990773984452, "kg_hi": 22.77311192290277, "bulk_m3": 0.025384451708920154, "crew": "1인", "tools": ["절단기"], "max_item_kg_hi": 10.967811817871413, "r95_m": 3.0, "buried_suspect": false, "classes": ["net", "plastic_other"], "visit_order": 120}}, {"type": "Feature", "geometry": {"type": "Point", "coordinates": [-160.08035967577482, 21.9383196571516]}, "properties": {"stop_id": "S093", "x": 388431.40405443986, "y": 2426392.849424108, "n_items": 1, "kg_est": 3.9716295685179577, "kg_hi": 5.295506091357279, "bulk_m3": 0.06619382614196596, "crew": "1인", "tools": [], "max_item_kg_hi": 5.295506091357279, "r95_m": 3.0, "buried_suspect": false, "classes": ["plastic_buoy"], "visit_order": 121}}, {"type": "Feature", "geometry": {"type": "Point", "coordinates": [-160.0798586663024, 21.94116202707432]}, "properties": {"stop_id": "S094", "x": 388485.3636610105, "y": 2426707.1336991456, "n_items": 4, "kg_est": 1.379944753465436, "kg_hi": 2.5544467092709593, "bulk_m3": 0.010060748795094004, "crew": "1인", "tools": [], "max_item_kg_hi": 0.9221886875359965, "r95_m": 3.0, "buried_suspect": false, "classes": ["eps_fragment", "pet_bottle"], "visit_order": 122}}, {"type": "Feature", "geometry": {"type": "Point", "coordinates": [-160.07899653762496, 21.9434357714297]}, "properties": {"stop_id": "S095", "x": 388576.1728869686, "y": 2426958.2090899115, "n_items": 5, "kg_est": 11.639913903174893, "kg_hi": 23.308067547462382, "bulk_m3": 0.10479394091813339, "crew": "1인", "tools": ["절단기"], "max_item_kg_hi": 7.6576660096509395, "r95_m": 3.0, "buried_suspect": false, "classes": ["net", "pet_bottle", "plastic_buoy", "plastic_other"], "visit_order": 123}}, {"type": "Feature", "geometry": {"type": "Point", "coordinates": [-160.07878013318253, 21.944048347067728]}, "properties": {"stop_id": "S096", "x": 388598.9992429751, "y": 2427025.8636000543, "n_items": 2, "kg_est": 1.5004851429643802, "kg_hi": 5.001617143214601, "bulk_m3": 0.0062520214290182514, "crew": "1인", "tools": [], "max_item_kg_hi": 2.694000998497468, "r95_m": 3.0, "buried_suspect": false, "classes": ["plastic_other"], "visit_order": 124}}, {"type": "Feature", "geometry": {"type": "Point", "coordinates": [-160.07862690774346, 21.94431500615147]}, "properties": {"stop_id": "S098", "x": 388615.0312305321, "y": 2427055.271270021, "n_items": 2, "kg_est": 4.9013580020149945, "kg_hi": 15.428406782772788, "bulk_m3": 0.022282570239190082, "crew": "1인", "tools": [], "max_item_kg_hi": 14.518953558828922, "r95_m": 3.0, "buried_suspect": false, "classes": ["pet_bottle", "plastic_other"], "visit_order": 125}}, {"type": "Feature", "geometry": {"type": "Point", "coordinates": [-160.07856817095993, 21.94443279909062]}, "properties": {"stop_id": "S097", "x": 388621.1889766607, "y": 2427068.2682060767, "n_items": 11, "kg_est": 14.67381474140274, "kg_hi": 27.247959491503263, "bulk_m3": 0.19421870930989749, "crew": "1인", "tools": [], "max_item_kg_hi": 6.241904048181644, "r95_m": 3.0, "buried_suspect": false, "classes": ["eps_fragment", "pet_bottle", "plastic_buoy", "plastic_other"], "visit_order": 126}}, {"type": "Feature", "geometry": {"type": "Point", "coordinates": [-160.07762167377086, 21.947363897584626]}, "properties": {"stop_id": "S099", "x": 388721.2188168184, "y": 2427392.051790833, "n_items": 3, "kg_est": 2.8039391557950983, "kg_hi": 6.864584093013979, "bulk_m3": 0.009442299222637831, "crew": "1인", "tools": ["절단기"], "max_item_kg_hi": 5.808158035577333, "r95_m": 3.0, "buried_suspect": false, "classes": ["eps_fragment", "net", "pet_bottle"], "visit_order": 127}}, {"type": "Feature", "geometry": {"type": "Point", "coordinates": [-160.07684776607164, 21.95027199777163]}, "properties": {"stop_id": "S109", "x": 388803.40370916703, "y": 2427713.4152657622, "n_items": 4, "kg_est": 10.458201234419356, "kg_hi": 15.419338721312178, "bulk_m3": 0.11878692099403505, "crew": "1인", "tools": [], "max_item_kg_hi": 6.0805906059292925, "r95_m": 3.0, "buried_suspect": false, "classes": ["eps_buoy", "eps_fragment", "plastic_buoy", "plastic_other"], "visit_order": 128}}, {"type": "Feature", "geometry": {"type": "Point", "coordinates": [-160.0765288446078, 21.952348566340216]}, "properties": {"stop_id": "S100", "x": 388837.95349420974, "y": 2427943.0589923277, "n_items": 7, "kg_est": 13.018604549345303, "kg_hi": 28.18597759486026, "bulk_m3": 0.10420349160720402, "crew": "1인", "tools": ["절단기"], "max_item_kg_hi": 8.24833904815097, "r95_m": 3.0, "buried_suspect": false, "classes": ["net", "pet_bottle", "plastic_buoy", "plastic_other"], "visit_order": 129}}, {"type": "Feature", "geometry": {"type": "Point", "coordinates": [-160.0765002387247, 21.9525583613944]}, "properties": {"stop_id": "S101", "x": 388841.0707229284, "y": 2427966.2624513814, "n_items": 8, "kg_est": 36.80725259278296, "kg_hi": 78.09494373940036, "bulk_m3": 0.07494959947987197, "crew": "2인", "tools": ["절단기"], "max_item_kg_hi": 37.173276714401545, "r95_m": 3.0, "buried_suspect": false, "classes": ["net", "plastic_other", "rope"], "visit_order": 130}}, {"type": "Feature", "geometry": {"type": "Point", "coordinates": [-160.07639820768574, 21.95280718696435]}, "properties": {"stop_id": "S102", "x": 388851.80077767064, "y": 2427993.733308515, "n_items": 14, "kg_est": 58.45327712065311, "kg_hi": 109.99236916540899, "bulk_m3": 0.36698722592487265, "crew": "2인", "tools": ["절단기"], "max_item_kg_hi": 31.92871831537752, "r95_m": 3.0, "buried_suspect": false, "classes": ["eps_buoy", "net", "pet_bottle", "plastic_buoy", "plastic_other"], "visit_order": 131}}, {"type": "Feature", "geometry": {"type": "Point", "coordinates": [-160.0763808569082, 21.953028210708275]}, "properties": {"stop_id": "S103", "x": 388853.76442112844, "y": 2428018.187944356, "n_items": 4, "kg_est": 4.881339690830553, "kg_hi": 16.271132302768514, "bulk_m3": 0.020338915378460637, "crew": "1인", "tools": [], "max_item_kg_hi": 5.345716627337991, "r95_m": 3.0, "buried_suspect": false, "classes": ["plastic_other"], "visit_order": 132}}, {"type": "Feature", "geometry": {"type": "Point", "coordinates": [-160.07635451475448, 21.953189312676823]}, "properties": {"stop_id": "S104", "x": 388856.6099863211, "y": 2428036.002747632, "n_items": 27, "kg_est": 58.061089470720816, "kg_hi": 144.59451920808638, "bulk_m3": 0.24467019987796312, "crew": "1인", "tools": ["절단기"], "max_item_kg_hi": 14.797858407146542, "r95_m": 3.0, "buried_suspect": false, "classes": ["net", "pet_bottle", "plastic_buoy", "plastic_other", "rope"], "visit_order": 133}}, {"type": "Feature", "geometry": {"type": "Point", "coordinates": [-160.07634692864463, 21.953562534816886]}, "properties": {"stop_id": "S105", "x": 388857.68358611886, "y": 2428077.3127577547, "n_items": 32, "kg_est": 124.45615652670752, "kg_hi": 232.0068951369442, "bulk_m3": 0.7143446245788174, "crew": "2인", "tools": ["절단기"], "max_item_kg_hi": 33.82872029073592, "r95_m": 3.0, "buried_suspect": false, "classes": ["eps_buoy", "net", "pet_bottle", "plastic_buoy", "plastic_other", "rope"], "visit_order": 134}}, {"type": "Feature", "geometry": {"type": "Point", "coordinates": [-160.07629473502678, 21.953775684229466]}, "properties": {"stop_id": "S106", "x": 388863.2392250884, "y": 2428100.870438473, "n_items": 29, "kg_est": 66.61810470671819, "kg_hi": 151.0753903183805, "bulk_m3": 0.5090026922402517, "crew": "1인", "tools": ["절단기"], "max_item_kg_hi": 13.958265928751647, "r95_m": 3.0, "buried_suspect": false, "classes": ["eps_fragment", "net", "pet_bottle", "plastic_buoy", "plastic_other"], "visit_order": 135}}, {"type": "Feature", "geometry": {"type": "Point", "coordinates": [-160.07624372928936, 21.954036596188967]}, "properties": {"stop_id": "S108", "x": 388868.7093167689, "y": 2428129.716274764, "n_items": 21, "kg_est": 39.842973751597185, "kg_hi": 86.7791101035032, "bulk_m3": 0.3105550819045183, "crew": "1인", "tools": ["절단기"], "max_item_kg_hi": 14.259970481420863, "r95_m": 3.0, "buried_suspect": false, "classes": ["eps_fragment", "net", "pet_bottle", "plastic_buoy", "plastic_other"], "visit_order": 136}}, {"type": "Feature", "geometry": {"type": "Point", "coordinates": [-160.07622885195968, 21.954182304028972]}, "properties": {"stop_id": "S107", "x": 388870.35894428275, "y": 2428145.835274021, "n_items": 23, "kg_est": 59.47771429187611, "kg_hi": 100.97572202652553, "bulk_m3": 0.7370401186724501, "crew": "1인", "tools": ["절단기"], "max_item_kg_hi": 6.929750943483103, "r95_m": 3.0, "buried_suspect": false, "classes": ["net", "pet_bottle", "plastic_buoy", "plastic_other"], "visit_order": 137}}, {"type": "Feature", "geometry": {"type": "Point", "coordinates": [-160.075865921292, 21.954775055420136]}, "properties": {"stop_id": "S110", "x": 388908.29847878433, "y": 2428211.189384551, "n_items": 26, "kg_est": 30.94310047730827, "kg_hi": 56.5119226146231, "bulk_m3": 0.378295409277362, "crew": "1인", "tools": [], "max_item_kg_hi": 5.203044931555682, "r95_m": 3.0, "buried_suspect": false, "classes": ["pet_bottle", "plastic_buoy", "plastic_other"], "visit_order": 138}}, {"type": "Feature", "geometry": {"type": "Point", "coordinates": [-160.07480150260744, 21.95635686117344]}, "properties": {"stop_id": "S111", "x": 389019.4457981821, "y": 2428385.5231208983, "n_items": 4, "kg_est": 5.0217187317564695, "kg_hi": 9.132180356778271, "bulk_m3": 0.06846684106404756, "crew": "1인", "tools": [], "max_item_kg_hi": 2.6125895890836404, "r95_m": 3.0, "buried_suspect": false, "classes": ["plastic_buoy", "plastic_other"], "visit_order": 139}}, {"type": "Feature", "geometry": {"type": "Point", "coordinates": [-160.07439436195875, 21.956560313229538]}, "properties": {"stop_id": "S112", "x": 389061.64733628154, "y": 2428407.7502945294, "n_items": 9, "kg_est": 7.559937422811575, "kg_hi": 21.58410891810815, "bulk_m3": 0.03145478999664127, "crew": "1인", "tools": ["절단기"], "max_item_kg_hi": 6.476952738763005, "r95_m": 3.0, "buried_suspect": false, "classes": ["eps_fragment", "net", "pet_bottle", "plastic_other"], "visit_order": 140}}, {"type": "Feature", "geometry": {"type": "Point", "coordinates": [-160.07265888833018, 21.958279965239324]}, "properties": {"stop_id": "S115", "x": 389242.19447427214, "y": 2428596.8592078863, "n_items": 18, "kg_est": 18.179709156832818, "kg_hi": 35.56507384461573, "bulk_m3": 0.15588668637374203, "crew": "1인", "tools": ["절단기"], "max_item_kg_hi": 8.039354753540335, "r95_m": 3.0, "buried_suspect": false, "classes": ["eps_fragment", "net", "pet_bottle", "plastic_buoy", "plastic_other"], "visit_order": 141}}, {"type": "Feature", "geometry": {"type": "Point", "coordinates": [-160.07251917191323, 21.95831943527287]}, "properties": {"stop_id": "S116", "x": 389256.6527581999, "y": 2428601.1275143307, "n_items": 12, "kg_est": 12.351360296188911, "kg_hi": 22.570707742862655, "bulk_m3": 0.09784856237435462, "crew": "1인", "tools": ["절단기"], "max_item_kg_hi": 8.196254288263152, "r95_m": 3.0, "buried_suspect": false, "classes": ["net", "pet_bottle", "plastic_buoy"], "visit_order": 142}}, {"type": "Feature", "geometry": {"type": "Point", "coordinates": [-160.07219781896853, 21.958284178836227]}, "properties": {"stop_id": "S117", "x": 389289.8096648453, "y": 2428596.9923747024, "n_items": 15, "kg_est": 24.458363107055302, "kg_hi": 55.02379714337474, "bulk_m3": 0.22677459204972636, "crew": "2인", "tools": ["절단기"], "max_item_kg_hi": 24.59876297607841, "r95_m": 3.0, "buried_suspect": false, "classes": ["eps_fragment", "net", "pet_bottle", "plastic_buoy", "plastic_other"], "visit_order": 143}}, {"type": "Feature", "geometry": {"type": "Point", "coordinates": [-160.0722018689285, 21.958526202386874]}, "properties": {"stop_id": "S118", "x": 389289.5789510724, "y": 2428623.7871813206, "n_items": 5, "kg_est": 12.274195281610195, "kg_hi": 23.442938082007586, "bulk_m3": 0.13371428783154976, "crew": "1인", "tools": ["절단기"], "max_item_kg_hi": 9.921328396083615, "r95_m": 3.0, "buried_suspect": false, "classes": ["net", "plastic_buoy", "plastic_other"], "visit_order": 144}}, {"type": "Feature", "geometry": {"type": "Point", "coordinates": [-160.07183886413682, 21.9588394304538]}, "properties": {"stop_id": "S119", "x": 389327.3068419348, "y": 2428658.1990689696, "n_items": 5, "kg_est": 9.455586011652516, "kg_hi": 15.596997487790139, "bulk_m3": 0.13686726906635346, "crew": "1인", "tools": [], "max_item_kg_hi": 5.6399946813592985, "r95_m": 3.0, "buried_suspect": false, "classes": ["pet_bottle", "plastic_buoy", "plastic_other"], "visit_order": 145}}, {"type": "Feature", "geometry": {"type": "Point", "coordinates": [-160.07135211435565, 21.958995492450995]}, "properties": {"stop_id": "S120", "x": 389377.6912379832, "y": 2428675.123474791, "n_items": 2, "kg_est": 1.3921728637292372, "kg_hi": 4.6405762124307905, "bulk_m3": 0.005877485760439443, "crew": "1인", "tools": [], "max_item_kg_hi": 4.333514232826971, "r95_m": 3.0, "buried_suspect": false, "classes": ["eps_fragment", "plastic_other"], "visit_order": 146}}, {"type": "Feature", "geometry": {"type": "Point", "coordinates": [-160.07018183251904, 21.961369380705026]}, "properties": {"stop_id": "S114", "x": 389500.3744955702, "y": 2428937.0669664657, "n_items": 7, "kg_est": 9.84157642538584, "kg_hi": 15.508477961969337, "bulk_m3": 0.12700137282337923, "crew": "1인", "tools": [], "max_item_kg_hi": 4.233810540551669, "r95_m": 3.0, "buried_suspect": false, "classes": ["pet_bottle", "plastic_buoy", "plastic_other"], "visit_order": 147}}, {"type": "Feature", "geometry": {"type": "Point", "coordinates": [-160.07051531177706, 21.9617646636299]}, "properties": {"stop_id": "S113", "x": 389466.2446056907, "y": 2428981.065187691, "n_items": 1, "kg_est": 0.5148407330454273, "kg_hi": 0.8580678884090457, "bulk_m3": 0.00390030858367748, "crew": "1인", "tools": [], "max_item_kg_hi": 0.8580678884090457, "r95_m": 3.0, "buried_suspect": false, "classes": ["pet_bottle"], "visit_order": 148}}, {"type": "Feature", "geometry": {"type": "Point", "coordinates": [-160.07060259457535, 21.96216786543755]}, "properties": {"stop_id": "S121", "x": 389457.5435985468, "y": 2429025.762408281, "n_items": 3, "kg_est": 7.497156943252724, "kg_hi": 10.250968424872168, "bulk_m3": 0.11800463843355503, "crew": "1인", "tools": [], "max_item_kg_hi": 4.886005640781924, "r95_m": 3.0, "buried_suspect": false, "classes": ["pet_bottle", "plastic_buoy"], "visit_order": 149}}, {"type": "Feature", "geometry": {"type": "Point", "coordinates": [-160.06992335822375, 21.963033893147216]}, "properties": {"stop_id": "S125", "x": 389528.35202848015, "y": 2429121.1411674772, "n_items": 5, "kg_est": 10.970765992847413, "kg_hi": 25.573489026879074, "bulk_m3": 0.10946756055279638, "crew": "1인", "tools": [], "max_item_kg_hi": 12.278751189901538, "r95_m": 3.0, "buried_suspect": false, "classes": ["pet_bottle", "plastic_buoy", "plastic_other"], "visit_order": 150}}, {"type": "Feature", "geometry": {"type": "Point", "coordinates": [-160.06984635969224, 21.96366227239259]}, "properties": {"stop_id": "S128", "x": 389536.7887980531, "y": 2429190.64688938, "n_items": 5, "kg_est": 3.4035464465160747, "kg_hi": 9.70614395300605, "bulk_m3": 0.017600374030627235, "crew": "1인", "tools": [], "max_item_kg_hi": 4.051456970256513, "r95_m": 3.0, "buried_suspect": false, "classes": ["eps_fragment", "pet_bottle", "plastic_other"], "visit_order": 151}}, {"type": "Feature", "geometry": {"type": "Point", "coordinates": [-160.0701962908174, 21.964109630516756]}, "properties": {"stop_id": "S123", "x": 389501.00085875555, "y": 2429240.4216320203, "n_items": 1, "kg_est": 0.7107292464317343, "kg_hi": 2.3690974881057816, "bulk_m3": 0.0029613718601322263, "crew": "1인", "tools": [], "max_item_kg_hi": 2.3690974881057816, "r95_m": 3.0, "buried_suspect": false, "classes": ["plastic_other"], "visit_order": 152}}, {"type": "Feature", "geometry": {"type": "Point", "coordinates": [-160.07010023136718, 21.964402032382505]}, "properties": {"stop_id": "S124", "x": 389511.14608691557, "y": 2429272.7210704936, "n_items": 7, "kg_est": 3.8662165019612464, "kg_hi": 11.98037265190876, "bulk_m3": 0.01796449478657911, "crew": "1인", "tools": [], "max_item_kg_hi": 2.7741330668455073, "r95_m": 3.0, "buried_suspect": false, "classes": ["pet_bottle", "plastic_other"], "visit_order": 153}}, {"type": "Feature", "geometry": {"type": "Point", "coordinates": [-160.0702634180052, 21.964958499109063]}, "properties": {"stop_id": "S122", "x": 389494.72593598056, "y": 2429334.439399685, "n_items": 2, "kg_est": 1.269762109151593, "kg_hi": 4.232540363838644, "bulk_m3": 0.005290675454798304, "crew": "1인", "tools": [], "max_item_kg_hi": 2.2573669747848952, "r95_m": 3.0, "buried_suspect": false, "classes": ["plastic_other"], "visit_order": 154}}, {"type": "Feature", "geometry": {"type": "Point", "coordinates": [-160.0696996763714, 21.96604834619438]}, "properties": {"stop_id": "S126", "x": 389553.7800839458, "y": 2429454.6782731214, "n_items": 3, "kg_est": 6.623450420334276, "kg_hi": 15.756457616504733, "bulk_m3": 0.06377060363967313, "crew": "1인", "tools": [], "max_item_kg_hi": 11.277365860368745, "r95_m": 3.0, "buried_suspect": false, "classes": ["pet_bottle", "plastic_buoy", "plastic_other"], "visit_order": 155}}, {"type": "Feature", "geometry": {"type": "Point", "coordinates": [-160.0696100883649, 21.96633603524393]}, "properties": {"stop_id": "S127", "x": 389563.25321707036, "y": 2429486.4607027457, "n_items": 7, "kg_est": 11.758867916153527, "kg_hi": 21.45642433207788, "bulk_m3": 0.15561698207914498, "crew": "1인", "tools": [], "max_item_kg_hi": 5.674785119248403, "r95_m": 3.0, "buried_suspect": false, "classes": ["pet_bottle", "plastic_buoy", "plastic_other"], "visit_order": 156}}, {"type": "Feature", "geometry": {"type": "Point", "coordinates": [-160.0693442086395, 21.966904991278852]}, "properties": {"stop_id": "S129", "x": 389591.1472507608, "y": 2429549.252144467, "n_items": 4, "kg_est": 8.497181230442242, "kg_hi": 21.088190268698053, "bulk_m3": 0.025901362386752606, "crew": "1인", "tools": ["절단기"], "max_item_kg_hi": 10.134637871013819, "r95_m": 3.0, "buried_suspect": false, "classes": ["net", "pet_bottle", "plastic_other"], "visit_order": 157}}, {"type": "Feature", "geometry": {"type": "Point", "coordinates": [-160.06803429170014, 21.96909035535514]}, "properties": {"stop_id": "S130", "x": 389728.0935575708, "y": 2429790.2269977247, "n_items": 15, "kg_est": 84.2945983431777, "kg_hi": 129.36420881613864, "bulk_m3": 0.9809432265921235, "crew": "2인", "tools": ["절단기"], "max_item_kg_hi": 26.95853273789856, "r95_m": 3.0, "buried_suspect": false, "classes": ["eps_buoy", "eps_fragment", "net", "pet_bottle", "plastic_buoy", "plastic_other"], "visit_order": 158}}, {"type": "Feature", "geometry": {"type": "Point", "coordinates": [-160.06764939572093, 21.969591989646215]}, "properties": {"stop_id": "S131", "x": 389768.2236153026, "y": 2429845.480529112, "n_items": 4, "kg_est": 11.604148152416204, "kg_hi": 22.204135214562264, "bulk_m3": 0.12099882837600734, "crew": "1인", "tools": ["절단기"], "max_item_kg_hi": 10.240996441842155, "r95_m": 3.0, "buried_suspect": false, "classes": ["net", "pet_bottle", "plastic_buoy", "plastic_other"], "visit_order": 159}}, {"type": "Feature", "geometry": {"type": "Point", "coordinates": [-160.06720360878145, 21.96994669269735]}, "properties": {"stop_id": "S132", "x": 389814.52736316214, "y": 2429884.4251196617, "n_items": 2, "kg_est": 3.5981413426019, "kg_hi": 8.707432793439907, "bulk_m3": 0.011291157442690079, "crew": "1인", "tools": ["절단기"], "max_item_kg_hi": 8.131591667310222, "r95_m": 3.0, "buried_suspect": false, "classes": ["net", "pet_bottle"], "visit_order": 160}}, {"type": "Feature", "geometry": {"type": "Point", "coordinates": [-160.06685116814114, 21.97024537578084]}, "properties": {"stop_id": "S133", "x": 389851.1491766548, "y": 2429917.2356051337, "n_items": 1, "kg_est": 0.304426570307345, "kg_hi": 0.5073776171789084, "bulk_m3": 0.0023062618962677653, "crew": "1인", "tools": [], "max_item_kg_hi": 0.5073776171789084, "r95_m": 3.0, "buried_suspect": false, "classes": ["pet_bottle"], "visit_order": 161}}, {"type": "Feature", "geometry": {"type": "Point", "coordinates": [-160.06657969255477, 21.970316648553535]}, "properties": {"stop_id": "S135", "x": 389879.2354349389, "y": 2429924.9301938675, "n_items": 4, "kg_est": 6.99808204980731, "kg_hi": 17.773053134986807, "bulk_m3": 0.02599083904302563, "crew": "1인", "tools": ["절단기"], "max_item_kg_hi": 11.333947234602713, "r95_m": 3.0, "buried_suspect": false, "classes": ["net", "pet_bottle", "plastic_other"], "visit_order": 162}}, {"type": "Feature", "geometry": {"type": "Point", "coordinates": [-160.06669294346233, 21.97046614681143]}, "properties": {"stop_id": "S142", "x": 389867.65696443064, "y": 2429941.56102958, "n_items": 1, "kg_est": 0.5879999501259043, "kg_hi": 0.9799999168765073, "bulk_m3": 0.004454545076711397, "crew": "1인", "tools": [], "max_item_kg_hi": 0.9799999168765073, "r95_m": 3.0, "buried_suspect": false, "classes": ["pet_bottle"], "visit_order": 163}}, {"type": "Feature", "geometry": {"type": "Point", "coordinates": [-160.06615332464168, 21.970770434087594]}, "properties": {"stop_id": "S139", "x": 389923.6099302858, "y": 2429974.8574329736, "n_items": 4, "kg_est": 2.674992976922038, "kg_hi": 4.746231822919304, "bulk_m3": 0.01982014619090904, "crew": "1인", "tools": [], "max_item_kg_hi": 2.6212667295471577, "r95_m": 3.0, "buried_suspect": false, "classes": ["eps_fragment", "pet_bottle"], "visit_order": 164}}, {"type": "Feature", "geometry": {"type": "Point", "coordinates": [-160.06564214256747, 21.97094800957205]}, "properties": {"stop_id": "S140", "x": 389976.5288057625, "y": 2429994.147528473, "n_items": 7, "kg_est": 3.7951128027485965, "kg_hi": 6.325188004580995, "bulk_m3": 0.028750854566277247, "crew": "1인", "tools": [], "max_item_kg_hi": 1.3095641462331262, "r95_m": 3.0, "buried_suspect": false, "classes": ["pet_bottle"], "visit_order": 165}}, {"type": "Feature", "geometry": {"type": "Point", "coordinates": [-160.0655830032419, 21.971170091409626]}, "properties": {"stop_id": "S141", "x": 389982.80630734796, "y": 2430018.689375086, "n_items": 16, "kg_est": 17.498045352706733, "kg_hi": 34.87020386304916, "bulk_m3": 0.15689162854127464, "crew": "1인", "tools": ["절단기"], "max_item_kg_hi": 9.08946164155068, "r95_m": 3.0, "buried_suspect": false, "classes": ["net", "pet_bottle", "plastic_buoy", "plastic_other"], "visit_order": 166}}, {"type": "Feature", "geometry": {"type": "Point", "coordinates": [-160.06465307085426, 21.972183875960162]}, "properties": {"stop_id": "S136", "x": 390079.60644813406, "y": 2430130.246857245, "n_items": 4, "kg_est": 0.8657179923274464, "kg_hi": 1.826541455008047, "bulk_m3": 0.005965512521948005, "crew": "1인", "tools": [], "max_item_kg_hi": 0.584174315190955, "r95_m": 3.0, "buried_suspect": false, "classes": ["eps_fragment", "pet_bottle"], "visit_order": 167}}, {"type": "Feature", "geometry": {"type": "Point", "coordinates": [-160.06465562844468, 21.972367552784362]}, "properties": {"stop_id": "S134", "x": 390079.4837506041, "y": 2430150.581618501, "n_items": 9, "kg_est": 4.399728869319532, "kg_hi": 11.547321826933503, "bulk_m3": 0.025014656102837412, "crew": "1인", "tools": [], "max_item_kg_hi": 2.752234808385841, "r95_m": 3.0, "buried_suspect": false, "classes": ["eps_fragment", "pet_bottle", "plastic_other"], "visit_order": 168}}, {"type": "Feature", "geometry": {"type": "Point", "coordinates": [-160.06450004383933, 21.972972497721972]}, "properties": {"stop_id": "S137", "x": 390096.01402667933, "y": 2430217.4370024744, "n_items": 1, "kg_est": 3.7605044047600473, "kg_hi": 5.014005873013397, "bulk_m3": 0.06267507341266745, "crew": "1인", "tools": [], "max_item_kg_hi": 5.014005873013397, "r95_m": 3.0, "buried_suspect": false, "classes": ["plastic_buoy"], "visit_order": 169}}, {"type": "Feature", "geometry": {"type": "Point", "coordinates": [-160.06432402628246, 21.974235863328534]}, "properties": {"stop_id": "S138", "x": 390115.16062363726, "y": 2430357.164558965, "n_items": 5, "kg_est": 7.500444044994709, "kg_hi": 11.082708671594661, "bulk_m3": 0.021628584602028093, "crew": "1인", "tools": [], "max_item_kg_hi": 4.4352021539218835, "r95_m": 3.0, "buried_suspect": false, "classes": ["glass", "pet_bottle"], "visit_order": 170}}, {"type": "Feature", "geometry": {"type": "Point", "coordinates": [-160.0639113015207, 21.975025436818576]}, "properties": {"stop_id": "S144", "x": 390158.38283511135, "y": 2430444.273738461, "n_items": 1, "kg_est": 0.4209918737662446, "kg_hi": 0.701653122943741, "bulk_m3": 0.0031893323770170044, "crew": "1인", "tools": [], "max_item_kg_hi": 0.701653122943741, "r95_m": 3.0, "buried_suspect": false, "classes": ["pet_bottle"], "visit_order": 171}}, {"type": "Feature", "geometry": {"type": "Point", "coordinates": [-160.0638262130743, 21.975138370263238]}, "properties": {"stop_id": "S143", "x": 390167.25524085044, "y": 2430456.7143614693, "n_items": 3, "kg_est": 5.9844757588349875, "kg_hi": 15.287417843501391, "bulk_m3": 0.017992035491504882, "crew": "1인", "tools": ["절단기"], "max_item_kg_hi": 12.854245553703972, "r95_m": 3.0, "buried_suspect": false, "classes": ["net", "pet_bottle", "plastic_other"], "visit_order": 172}}, {"type": "Feature", "geometry": {"type": "Point", "coordinates": [-160.06053310714955, 21.97766123713935]}, "properties": {"stop_id": "S145", "x": 390509.2087336056, "y": 2430733.63518024, "n_items": 1, "kg_est": 7.812634453584094, "kg_hi": 10.416845938112127, "bulk_m3": 0.13021057422640156, "crew": "1인", "tools": [], "max_item_kg_hi": 10.416845938112127, "r95_m": 3.0, "buried_suspect": false, "classes": ["plastic_buoy"], "visit_order": 173}}, {"type": "Feature", "geometry": {"type": "Point", "coordinates": [-160.05882780701052, 21.97741835814206]}, "properties": {"stop_id": "S149", "x": 390685.09466627176, "y": 2430705.529780419, "n_items": 1, "kg_est": 4.645127604103879, "kg_hi": 15.483758680346266, "bulk_m3": 0.019354698350432832, "crew": "1인", "tools": [], "max_item_kg_hi": 15.483758680346266, "r95_m": 3.0, "buried_suspect": false, "classes": ["plastic_other"], "visit_order": 174}}, {"type": "Feature", "geometry": {"type": "Point", "coordinates": [-160.0586718502357, 21.977320335937055]}, "properties": {"stop_id": "S146", "x": 390701.1221514312, "y": 2430694.567417112, "n_items": 11, "kg_est": 18.778980586352958, "kg_hi": 36.002001903404626, "bulk_m3": 0.1114606107888649, "crew": "1인", "tools": ["절단기"], "max_item_kg_hi": 12.094913439812334, "r95_m": 3.0, "buried_suspect": false, "classes": ["eps_buoy", "eps_fragment", "net", "pet_bottle", "plastic_other"], "visit_order": 175}}, {"type": "Feature", "geometry": {"type": "Point", "coordinates": [-160.05801927673429, 21.97678421205149]}, "properties": {"stop_id": "S147", "x": 390768.0901970649, "y": 2430634.753021032, "n_items": 1, "kg_est": 2.270297018424063, "kg_hi": 2.594625163913215, "bulk_m3": 0.018162376147392502, "crew": "1인", "tools": [], "max_item_kg_hi": 2.594625163913215, "r95_m": 3.0, "buried_suspect": false, "classes": ["eps_buoy"], "visit_order": 176}}, {"type": "Feature", "geometry": {"type": "Point", "coordinates": [-160.0580448854654, 21.976582933416715]}, "properties": {"stop_id": "S148", "x": 390765.2920884899, "y": 2430612.4898819663, "n_items": 1, "kg_est": 0.4819040432427154, "kg_hi": 0.8031734054045258, "bulk_m3": 0.0036507882063842078, "crew": "1인", "tools": [], "max_item_kg_hi": 0.8031734054045258, "r95_m": 3.0, "buried_suspect": false, "classes": ["pet_bottle"], "visit_order": 177}}, {"type": "Feature", "geometry": {"type": "Point", "coordinates": [-160.0541431029597, 21.97681394489983]}, "properties": {"stop_id": "S150", "x": 391168.32916005095, "y": 2430635.2834725743, "n_items": 5, "kg_est": 4.110293167760148, "kg_hi": 6.317555663414333, "bulk_m3": 0.045673119591132134, "crew": "1인", "tools": [], "max_item_kg_hi": 2.1317317980769928, "r95_m": 3.0, "buried_suspect": false, "classes": ["pet_bottle", "plastic_buoy"], "visit_order": 178}}, {"type": "Feature", "geometry": {"type": "Point", "coordinates": [-160.0539603196939, 21.976872676210593]}, "properties": {"stop_id": "S151", "x": 391187.2463438525, "y": 2430641.655041071, "n_items": 3, "kg_est": 2.54066645312734, "kg_hi": 7.252103130427642, "bulk_m3": 0.013074988725902875, "crew": "1인", "tools": [], "max_item_kg_hi": 6.0353180837641505, "r95_m": 3.0, "buried_suspect": false, "classes": ["pet_bottle", "plastic_other"], "visit_order": 179}}, {"type": "Feature", "geometry": {"type": "Point", "coordinates": [-160.0509561779696, 21.97929854551143]}, "properties": {"stop_id": "S152", "x": 391499.26826310874, "y": 2430908.064313032, "n_items": 5, "kg_est": 7.869552168731607, "kg_hi": 19.08697319905676, "bulk_m3": 0.027648007299677667, "crew": "1인", "tools": ["절단기"], "max_item_kg_hi": 9.905407399891676, "r95_m": 3.0, "buried_suspect": false, "classes": ["net", "pet_bottle", "plastic_other"], "visit_order": 180}}, {"type": "Feature", "geometry": {"type": "Point", "coordinates": [-160.05007397767992, 21.981276047161792]}, "properties": {"stop_id": "S158", "x": 391591.85583393625, "y": 2431126.347017854, "n_items": 4, "kg_est": 6.449253040338623, "kg_hi": 9.55704514941152, "bulk_m3": 0.08135915715521885, "crew": "1인", "tools": [], "max_item_kg_hi": 4.766839671278073, "r95_m": 3.0, "buried_suspect": false, "classes": ["pet_bottle", "plastic_buoy"], "visit_order": 181}}, {"type": "Feature", "geometry": {"type": "Point", "coordinates": [-160.04992415268507, 21.981535020108325]}, "properties": {"stop_id": "S159", "x": 391607.5214640174, "y": 2431154.9089950905, "n_items": 3, "kg_est": 10.981790085058977, "kg_hi": 28.217942731212514, "bulk_m3": 0.030659015093574396, "crew": "1인", "tools": ["절단기"], "max_item_kg_hi": 13.324976538419927, "r95_m": 3.0, "buried_suspect": false, "classes": ["net", "plastic_other"], "visit_order": 182}}, {"type": "Feature", "geometry": {"type": "Point", "coordinates": [-160.04988579154414, 21.9817938765126]}, "properties": {"stop_id": "S160", "x": 391611.6786929838, "y": 2431183.537023439, "n_items": 5, "kg_est": 5.915965635969133, "kg_hi": 16.18742348548739, "bulk_m3": 0.018707985423853907, "crew": "1인", "tools": ["절단기"], "max_item_kg_hi": 10.597385903229167, "r95_m": 3.0, "buried_suspect": false, "classes": ["eps_fragment", "net", "plastic_other"], "visit_order": 183}}, {"type": "Feature", "geometry": {"type": "Point", "coordinates": [-160.04978161974375, 21.981937927786294]}, "properties": {"stop_id": "S161", "x": 391622.5434499869, "y": 2431199.4096103874, "n_items": 3, "kg_est": 1.4695750788370594, "kg_hi": 2.4492917980617657, "bulk_m3": 0.01113314453664439, "crew": "1인", "tools": [], "max_item_kg_hi": 0.9775369300997406, "r95_m": 3.0, "buried_suspect": false, "classes": ["pet_bottle"], "visit_order": 184}}, {"type": "Feature", "geometry": {"type": "Point", "coordinates": [-160.05021926388264, 21.982498880044208]}, "properties": {"stop_id": "S155", "x": 391577.78434301703, "y": 2431261.816577096, "n_items": 1, "kg_est": 46.07035833647172, "kg_hi": 52.65183809882483, "bulk_m3": 0.3685628666917738, "crew": "장비", "tools": [], "max_item_kg_hi": 52.65183809882483, "r95_m": 3.0, "buried_suspect": false, "classes": ["eps_buoy"], "visit_order": 185}}, {"type": "Feature", "geometry": {"type": "Point", "coordinates": [-160.05010719705047, 21.983123307000838]}, "properties": {"stop_id": "S156", "x": 391589.82908932783, "y": 2431330.860763871, "n_items": 4, "kg_est": 7.272614756828728, "kg_hi": 14.12612881024777, "bulk_m3": 0.08968549684232331, "crew": "1인", "tools": [], "max_item_kg_hi": 6.134833591053356, "r95_m": 3.0, "buried_suspect": false, "classes": ["pet_bottle", "plastic_buoy", "plastic_other"], "visit_order": 186}}, {"type": "Feature", "geometry": {"type": "Point", "coordinates": [-160.05012484496532, 21.983668893549517]}, "properties": {"stop_id": "S157", "x": 391588.4214375166, "y": 2431391.2692768923, "n_items": 3, "kg_est": 14.926322738724057, "kg_hi": 29.98171262241909, "bulk_m3": 0.12781265799595684, "crew": "1인", "tools": ["절단기"], "max_item_kg_hi": 10.890001020496877, "r95_m": 3.0, "buried_suspect": false, "classes": ["net", "plastic_buoy"], "visit_order": 187}}, {"type": "Feature", "geometry": {"type": "Point", "coordinates": [-160.05129357865994, 21.985835878565336]}, "properties": {"stop_id": "S153", "x": 391469.4031852575, "y": 2431631.9814011925, "n_items": 14, "kg_est": 9.364904646887988, "kg_hi": 21.679949646843433, "bulk_m3": 0.04541013907880266, "crew": "1인", "tools": ["절단기"], "max_item_kg_hi": 10.453779943229664, "r95_m": 3.0, "buried_suspect": false, "classes": ["eps_fragment", "net", "pet_bottle", "plastic_other"], "visit_order": 188}}, {"type": "Feature", "geometry": {"type": "Point", "coordinates": [-160.0514787064452, 21.986302253825436]}, "properties": {"stop_id": "S154", "x": 391450.6446593517, "y": 2431683.7401367296, "n_items": 2, "kg_est": 1.7783566284655283, "kg_hi": 4.045659812226136, "bulk_m3": 0.011259764863439086, "crew": "1인", "tools": [], "max_item_kg_hi": 2.163464196233844, "r95_m": 3.0, "buried_suspect": false, "classes": ["pet_bottle", "plastic_other"], "visit_order": 189}}, {"type": "Feature", "geometry": {"type": "Point", "coordinates": [-160.05181816378962, 21.987418449318113]}, "properties": {"stop_id": "S172", "x": 391416.44728589256, "y": 2431807.5430778773, "n_items": 4, "kg_est": 7.389275112845518, "kg_hi": 13.05981581318601, "bulk_m3": 0.01816387356095996, "crew": "1인", "tools": ["절단기"], "max_item_kg_hi": 6.531722280510883, "r95_m": 3.0, "buried_suspect": false, "classes": ["glass", "net", "pet_bottle"], "visit_order": 190}}, {"type": "Feature", "geometry": {"type": "Point", "coordinates": [-160.0519019471792, 21.987680446851964]}, "properties": {"stop_id": "S171", "x": 391407.99665505457, "y": 2431836.605491551, "n_items": 8, "kg_est": 12.264330641910295, "kg_hi": 28.95202099658193, "bulk_m3": 0.08143299260493685, "crew": "1인", "tools": ["절단기"], "max_item_kg_hi": 10.685316409619483, "r95_m": 3.0, "buried_suspect": false, "classes": ["net", "pet_bottle", "plastic_buoy", "plastic_other"], "visit_order": 191}}, {"type": "Feature", "geometry": {"type": "Point", "coordinates": [-160.0527974306274, 21.989395704138087]}, "properties": {"stop_id": "S176", "x": 391316.8513078308, "y": 2432027.1192249833, "n_items": 1, "kg_est": 2.6711240317730685, "kg_hi": 8.903746772576895, "bulk_m3": 0.011129683465721118, "crew": "1인", "tools": [], "max_item_kg_hi": 8.903746772576895, "r95_m": 3.0, "buried_suspect": false, "classes": ["plastic_other"], "visit_order": 192}}, {"type": "Feature", "geometry": {"type": "Point", "coordinates": [-160.05403646330026, 21.990422905368725]}, "properties": {"stop_id": "S173", "x": 391189.7155131785, "y": 2432141.7105250866, "n_items": 5, "kg_est": 12.335466083575085, "kg_hi": 31.561150359384428, "bulk_m3": 0.03769945477497325, "crew": "2인", "tools": ["절단기"], "max_item_kg_hi": 26.354375156168658, "r95_m": 3.0, "buried_suspect": false, "classes": ["eps_fragment", "net", "pet_bottle", "plastic_other"], "visit_order": 193}}, {"type": "Feature", "geometry": {"type": "Point", "coordinates": [-160.05433251067268, 21.990312154275205]}, "properties": {"stop_id": "S169", "x": 391159.06696622603, "y": 2432129.6610385804, "n_items": 4, "kg_est": 1.6706312976567657, "kg_hi": 2.998423212417255, "bulk_m3": 0.01232551214793141, "crew": "1인", "tools": [], "max_item_kg_hi": 1.0611000927464982, "r95_m": 3.0, "buried_suspect": false, "classes": ["eps_fragment", "pet_bottle"], "visit_order": 194}}, {"type": "Feature", "geometry": {"type": "Point", "coordinates": [-160.05464465986486, 21.99054275623478]}, "properties": {"stop_id": "S163", "x": 391127.0164902508, "y": 2432155.410659707, "n_items": 8, "kg_est": 14.079198963416088, "kg_hi": 26.99526405769974, "bulk_m3": 0.16387917722168094, "crew": "1인", "tools": [], "max_item_kg_hi": 12.168534088329316, "r95_m": 3.0, "buried_suspect": false, "classes": ["pet_bottle", "plastic_buoy", "plastic_other"], "visit_order": 195}}, {"type": "Feature", "geometry": {"type": "Point", "coordinates": [-160.05442602007096, 21.990771719742657]}, "properties": {"stop_id": "S167", "x": 391149.76362440415, "y": 2432180.6012070677, "n_items": 6, "kg_est": 4.781290895046412, "kg_hi": 8.340097422746139, "bulk_m3": 0.035648105493348334, "crew": "1인", "tools": [], "max_item_kg_hi": 3.030949240596659, "r95_m": 3.0, "buried_suspect": false, "classes": ["eps_fragment", "pet_bottle"], "visit_order": 196}}, {"type": "Feature", "geometry": {"type": "Point", "coordinates": [-160.05413249155856, 21.990773594815984]}, "properties": {"stop_id": "S177", "x": 391180.06899254094, "y": 2432180.5999509026, "n_items": 4, "kg_est": 8.669143234814399, "kg_hi": 17.751692119088514, "bulk_m3": 0.07881255182447966, "crew": "1인", "tools": ["절단기"], "max_item_kg_hi": 8.996365300712776, "r95_m": 3.0, "buried_suspect": false, "classes": ["net", "pet_bottle", "plastic_buoy", "plastic_other"], "visit_order": 197}}, {"type": "Feature", "geometry": {"type": "Point", "coordinates": [-160.05393921311912, 21.990911567797898]}, "properties": {"stop_id": "S174", "x": 391200.12831011706, "y": 2432195.7360073626, "n_items": 1, "kg_est": 1.0899518733646343, "kg_hi": 3.6331729112154476, "bulk_m3": 0.004541466139019309, "crew": "1인", "tools": [], "max_item_kg_hi": 3.6331729112154476, "r95_m": 3.0, "buried_suspect": false, "classes": ["plastic_other"], "visit_order": 198}}, {"type": "Feature", "geometry": {"type": "Point", "coordinates": [-160.05468603718774, 21.99125944824369]}, "properties": {"stop_id": "S162", "x": 391123.2916109549, "y": 2432234.777516323, "n_items": 10, "kg_est": 15.068015728280145, "kg_hi": 21.55509992919883, "bulk_m3": 0.22656568318881645, "crew": "1인", "tools": [], "max_item_kg_hi": 5.750994517566578, "r95_m": 3.0, "buried_suspect": false, "classes": ["eps_fragment", "pet_bottle", "plastic_buoy"], "visit_order": 199}}, {"type": "Feature", "geometry": {"type": "Point", "coordinates": [-160.0545667972787, 21.991341221612217]}, "properties": {"stop_id": "S164", "x": 391135.664319256, "y": 2432243.744921621, "n_items": 4, "kg_est": 0.9071628754637703, "kg_hi": 1.9893398439991754, "bulk_m3": 0.006134643370800155, "crew": "1인", "tools": [], "max_item_kg_hi": 1.0345364075467256, "r95_m": 3.0, "buried_suspect": false, "classes": ["eps_fragment", "pet_bottle"], "visit_order": 200}}, {"type": "Feature", "geometry": {"type": "Point", "coordinates": [-160.0544521422492, 21.991520143468307]}, "properties": {"stop_id": "S165", "x": 391147.6377914126, "y": 2432263.469884122, "n_items": 17, "kg_est": 23.71849669339188, "kg_hi": 43.032981797895296, "bulk_m3": 0.2653165830662887, "crew": "1인", "tools": ["절단기"], "max_item_kg_hi": 10.019175675735692, "r95_m": 3.0, "buried_suspect": false, "classes": ["eps_fragment", "net", "pet_bottle", "plastic_buoy", "plastic_other"], "visit_order": 201}}, {"type": "Feature", "geometry": {"type": "Point", "coordinates": [-160.05430011076933, 21.99164453196942]}, "properties": {"stop_id": "S170", "x": 391163.4283620091, "y": 2432277.131448294, "n_items": 1, "kg_est": 4.111562859061167, "kg_hi": 13.70520953020389, "bulk_m3": 0.017131511912754863, "crew": "1인", "tools": [], "max_item_kg_hi": 13.70520953020389, "r95_m": 3.0, "buried_suspect": false, "classes": ["plastic_other"], "visit_order": 202}}, {"type": "Feature", "geometry": {"type": "Point", "coordinates": [-160.05421716699834, 21.991826361551333]}, "properties": {"stop_id": "S175", "x": 391172.1301434575, "y": 2432297.2008725693, "n_items": 2, "kg_est": 6.739872784872011, "kg_hi": 8.986497046496016, "bulk_m3": 0.11233121308120018, "crew": "1인", "tools": [], "max_item_kg_hi": 5.864582243443535, "r95_m": 3.0, "buried_suspect": false, "classes": ["plastic_buoy"], "visit_order": 203}}, {"type": "Feature", "geometry": {"type": "Point", "coordinates": [-160.05429127165024, 21.99205673663386]}, "properties": {"stop_id": "S168", "x": 391164.6553732321, "y": 2432322.755989629, "n_items": 20, "kg_est": 40.32117893852306, "kg_hi": 71.91737186433879, "bulk_m3": 0.5054147903113558, "crew": "1인", "tools": ["절단기"], "max_item_kg_hi": 8.39673671722555, "r95_m": 3.0, "buried_suspect": false, "classes": ["net", "pet_bottle", "plastic_buoy", "plastic_other"], "visit_order": 204}}, {"type": "Feature", "geometry": {"type": "Point", "coordinates": [-160.05439986504155, 21.99225617815723]}, "properties": {"stop_id": "S166", "x": 391153.5964380658, "y": 2432344.9113221033, "n_items": 24, "kg_est": 17.38379447266201, "kg_hi": 49.638474664776716, "bulk_m3": 0.07582617705238924, "crew": "1인", "tools": ["절단기"], "max_item_kg_hi": 6.6001130391082015, "r95_m": 3.0, "buried_suspect": false, "classes": ["eps_fragment", "net", "pet_bottle", "plastic_other"], "visit_order": 205}}, {"type": "Feature", "geometry": {"type": "Point", "coordinates": [-160.05611491796975, 21.994608955914597]}, "properties": {"stop_id": "S179", "x": 390978.3339744672, "y": 2432606.5840238766, "n_items": 3, "kg_est": 3.9241111951605214, "kg_hi": 7.9074263434811005, "bulk_m3": 0.04875605404506412, "crew": "1인", "tools": [], "max_item_kg_hi": 4.160041554213279, "r95_m": 3.0, "buried_suspect": false, "classes": ["eps_fragment", "plastic_buoy", "plastic_other"], "visit_order": 206}}, {"type": "Feature", "geometry": {"type": "Point", "coordinates": [-160.05732440715596, 21.995234659819]}, "properties": {"stop_id": "S180", "x": 390853.9481515903, "y": 2432676.711757481, "n_items": 3, "kg_est": 4.621052889879299, "kg_hi": 8.998525047670944, "bulk_m3": 0.03997863769144501, "crew": "1인", "tools": ["절단기"], "max_item_kg_hi": 5.659545193166505, "r95_m": 3.0, "buried_suspect": false, "classes": ["net", "pet_bottle", "plastic_buoy"], "visit_order": 207}}, {"type": "Feature", "geometry": {"type": "Point", "coordinates": [-160.05777750303986, 21.995618746937925]}, "properties": {"stop_id": "S178", "x": 390807.4659041211, "y": 2432719.5534424027, "n_items": 5, "kg_est": 3.4410311035196104, "kg_hi": 5.452705184188042, "bulk_m3": 0.04031248281903951, "crew": "1인", "tools": [], "max_item_kg_hi": 2.1467819917211983, "r95_m": 3.0, "buried_suspect": false, "classes": ["eps_fragment", "pet_bottle", "plastic_buoy"], "visit_order": 208}}, {"type": "Feature", "geometry": {"type": "Point", "coordinates": [-160.05889539398504, 21.99626764364077]}, "properties": {"stop_id": "S031", "x": 390692.5557331962, "y": 2432792.18457001, "n_items": 5, "kg_est": 14.175444000913444, "kg_hi": 22.89836612475698, "bulk_m3": 0.1900128699266258, "crew": "1인", "tools": ["절단기"], "max_item_kg_hi": 7.965931633651895, "r95_m": 3.0, "buried_suspect": false, "classes": ["eps_fragment", "net", "plastic_buoy"], "visit_order": 209}}, {"type": "Feature", "geometry": {"type": "Point", "coordinates": [-160.05918913467025, 21.996322407563106]}, "properties": {"stop_id": "S030", "x": 390662.27300471533, "y": 2432798.4568763366, "n_items": 1, "kg_est": 0.25178406955721017, "kg_hi": 0.8392802318573672, "bulk_m3": 0.0012589203477860508, "crew": "1인", "tools": [], "max_item_kg_hi": 0.8392802318573672, "r95_m": 3.0, "buried_suspect": false, "classes": ["eps_fragment"], "visit_order": 210}}, {"type": "Feature", "geometry": {"type": "Point", "coordinates": [-160.06016290847373, 21.995879245525334]}, "properties": {"stop_id": "S029", "x": 390561.40417938074, "y": 2432750.0954543003, "n_items": 10, "kg_est": 15.441259314690948, "kg_hi": 34.13522798548074, "bulk_m3": 0.11241301090748321, "crew": "1인", "tools": ["절단기"], "max_item_kg_hi": 8.335350967527104, "r95_m": 3.0, "buried_suspect": false, "classes": ["eps_fragment", "net", "pet_bottle", "plastic_buoy", "plastic_other"], "visit_order": 211}}, {"type": "Feature", "geometry": {"type": "Point", "coordinates": [-160.06024474274057, 21.996036474527607]}, "properties": {"stop_id": "S028", "x": 390553.0765314594, "y": 2432767.5592086045, "n_items": 8, "kg_est": 6.1078211329691, "kg_hi": 13.390083258511739, "bulk_m3": 0.03054144656421652, "crew": "1인", "tools": ["절단기"], "max_item_kg_hi": 7.434269806305543, "r95_m": 3.0, "buried_suspect": false, "classes": ["eps_fragment", "net", "pet_bottle"], "visit_order": 212}}, {"type": "Feature", "geometry": {"type": "Point", "coordinates": [-160.0607254272654, 21.9960214476287]}, "properties": {"stop_id": "S032", "x": 390503.44079710427, "y": 2432766.2397895306, "n_items": 4, "kg_est": 3.48800134068517, "kg_hi": 11.626671135617235, "bulk_m3": 0.014533338919521542, "crew": "1인", "tools": [], "max_item_kg_hi": 5.069445057678629, "r95_m": 3.0, "buried_suspect": false, "classes": ["plastic_other"], "visit_order": 213}}, {"type": "Feature", "geometry": {"type": "Point", "coordinates": [-160.06209026471026, 21.998185842652312]}, "properties": {"stop_id": "S059", "x": 390364.2034510216, "y": 2433006.8154534767, "n_items": 4, "kg_est": 17.932587911921395, "kg_hi": 37.69336377842652, "bulk_m3": 0.13347750644831402, "crew": "1인", "tools": ["절단기"], "max_item_kg_hi": 14.37538871017071, "r95_m": 3.0, "buried_suspect": false, "classes": ["net", "plastic_buoy"], "visit_order": 214}}, {"type": "Feature", "geometry": {"type": "Point", "coordinates": [-160.062155622871, 21.998452297899366]}, "properties": {"stop_id": "S058", "x": 390357.6610497271, "y": 2433036.358837918, "n_items": 3, "kg_est": 15.781608862756636, "kg_hi": 26.52389996431829, "bulk_m3": 0.19724575661156396, "crew": "1인", "tools": ["절단기"], "max_item_kg_hi": 14.777282505798059, "r95_m": 3.0, "buried_suspect": false, "classes": ["net", "plastic_buoy"], "visit_order": 215}}, {"type": "Feature", "geometry": {"type": "Point", "coordinates": [-160.0624048206364, 21.998803430317125]}, "properties": {"stop_id": "S057", "x": 390332.2051765514, "y": 2433075.407788201, "n_items": 3, "kg_est": 0.751575526678548, "kg_hi": 2.50525175559516, "bulk_m3": 0.003331870255681809, "crew": "1인", "tools": [], "max_item_kg_hi": 1.7040295108437218, "r95_m": 3.0, "buried_suspect": false, "classes": ["eps_fragment", "plastic_other"], "visit_order": 216}}, {"type": "Feature", "geometry": {"type": "Point", "coordinates": [-160.06433947165448, 21.99890674703025]}, "properties": {"stop_id": "S048", "x": 390132.5618691721, "y": 2433088.233581766, "n_items": 1, "kg_est": 2.653443355670026, "kg_hi": 8.844811185566753, "bulk_m3": 0.011056013981958442, "crew": "1인", "tools": [], "max_item_kg_hi": 8.844811185566753, "r95_m": 3.0, "buried_suspect": false, "classes": ["plastic_other"], "visit_order": 217}}, {"type": "Feature", "geometry": {"type": "Point", "coordinates": [-160.06451354270806, 21.999055222291577]}, "properties": {"stop_id": "S047", "x": 390114.70612703956, "y": 2433104.7948336955, "n_items": 3, "kg_est": 7.410097327751747, "kg_hi": 18.275480180841353, "bulk_m3": 0.021231591484058905, "crew": "1인", "tools": ["절단기"], "max_item_kg_hi": 9.009048021197744, "r95_m": 3.0, "buried_suspect": false, "classes": ["net", "pet_bottle"], "visit_order": 218}}, {"type": "Feature", "geometry": {"type": "Point", "coordinates": [-160.06464564467686, 21.998998987321247]}, "properties": {"stop_id": "S046", "x": 390101.02531710983, "y": 2433098.6645637783, "n_items": 7, "kg_est": 27.475997004753335, "kg_hi": 36.78797273405845, "bulk_m3": 0.45375209992926474, "crew": "1인", "tools": [], "max_item_kg_hi": 8.191053148627669, "r95_m": 3.0, "buried_suspect": false, "classes": ["pet_bottle", "plastic_buoy"], "visit_order": 219}}, {"type": "Feature", "geometry": {"type": "Point", "coordinates": [-160.06485341549975, 21.999106188008817]}, "properties": {"stop_id": "S045", "x": 390079.6588333393, "y": 2433110.6809862345, "n_items": 2, "kg_est": 3.5459852115012884, "kg_hi": 11.819950705004297, "bulk_m3": 0.014774938381255369, "crew": "1인", "tools": [], "max_item_kg_hi": 6.206182051420505, "r95_m": 3.0, "buried_suspect": false, "classes": ["plastic_other"], "visit_order": 220}}, {"type": "Feature", "geometry": {"type": "Point", "coordinates": [-160.0650499727506, 21.99921837388422]}, "properties": {"stop_id": "S044", "x": 390059.453848257, "y": 2433123.241239618, "n_items": 3, "kg_est": 3.124498509518561, "kg_hi": 8.556081754918154, "bulk_m3": 0.016821066401318276, "crew": "1인", "tools": [], "max_item_kg_hi": 6.697168478107769, "r95_m": 3.0, "buried_suspect": false, "classes": ["pet_bottle", "plastic_other"], "visit_order": 221}}, {"type": "Feature", "geometry": {"type": "Point", "coordinates": [-160.06528215553786, 21.99910716293139]}, "properties": {"stop_id": "S043", "x": 390035.39885996573, "y": 2433111.097145399, "n_items": 1, "kg_est": 4.2238529752726794, "kg_hi": 5.6318039670302396, "bulk_m3": 0.07039754958787799, "crew": "1인", "tools": [], "max_item_kg_hi": 5.6318039670302396, "r95_m": 3.0, "buried_suspect": false, "classes": ["plastic_buoy"], "visit_order": 222}}, {"type": "Feature", "geometry": {"type": "Point", "coordinates": [-160.0654845841705, 21.999178661158016]}, "properties": {"stop_id": "S056", "x": 390014.55639937706, "y": 2433119.1575629637, "n_items": 1, "kg_est": 1.5919861528874193, "kg_hi": 5.306620509624732, "bulk_m3": 0.006633275637030914, "crew": "1인", "tools": [], "max_item_kg_hi": 5.306620509624732, "r95_m": 3.0, "buried_suspect": false, "classes": ["plastic_other"], "visit_order": 223}}, {"type": "Feature", "geometry": {"type": "Point", "coordinates": [-160.06559185975468, 21.999417070488413]}, "properties": {"stop_id": "S055", "x": 390003.6657598449, "y": 2433145.626596088, "n_items": 7, "kg_est": 10.824624177664894, "kg_hi": 20.838160316450168, "bulk_m3": 0.13454309308159615, "crew": "1인", "tools": [], "max_item_kg_hi": 5.006894407177208, "r95_m": 3.0, "buried_suspect": false, "classes": ["pet_bottle", "plastic_buoy", "plastic_other"], "visit_order": 224}}, {"type": "Feature", "geometry": {"type": "Point", "coordinates": [-160.066013645745, 21.99951642684431]}, "properties": {"stop_id": "S054", "x": 389960.1996843742, "y": 2433156.9287781115, "n_items": 3, "kg_est": 3.717962021838602, "kg_hi": 9.61824796264515, "bulk_m3": 0.012554808986330625, "crew": "1인", "tools": ["절단기"], "max_item_kg_hi": 6.719167822435815, "r95_m": 3.0, "buried_suspect": false, "classes": ["net", "pet_bottle", "plastic_other"], "visit_order": 225}}, {"type": "Feature", "geometry": {"type": "Point", "coordinates": [-160.06629570116354, 21.99993051935078]}, "properties": {"stop_id": "S052", "x": 389931.40154686815, "y": 2433202.9717513486, "n_items": 9, "kg_est": 7.243401673266656, "kg_hi": 16.517216438240816, "bulk_m3": 0.032551804351676115, "crew": "1인", "tools": ["절단기"], "max_item_kg_hi": 10.668451434910802, "r95_m": 3.0, "buried_suspect": false, "classes": ["eps_fragment", "net", "pet_bottle"], "visit_order": 226}}, {"type": "Feature", "geometry": {"type": "Point", "coordinates": [-160.06637970444143, 21.999972007878856]}, "properties": {"stop_id": "S053", "x": 389922.76158980775, "y": 2433207.624991398, "n_items": 1, "kg_est": 0.12321868015990244, "kg_hi": 0.41072893386634146, "bulk_m3": 0.0006160934007995121, "crew": "1인", "tools": [], "max_item_kg_hi": 0.41072893386634146, "r95_m": 3.0, "buried_suspect": false, "classes": ["eps_fragment"], "visit_order": 227}}, {"type": "Feature", "geometry": {"type": "Point", "coordinates": [-160.06649170181635, 22.00012975119896]}, "properties": {"stop_id": "S051", "x": 389911.32144907216, "y": 2433225.16778146, "n_items": 14, "kg_est": 49.72883135722064, "kg_hi": 109.16070040184448, "bulk_m3": 0.349945218278739, "crew": "2인", "tools": ["절단기"], "max_item_kg_hi": 33.51406974620978, "r95_m": 3.0, "buried_suspect": false, "classes": ["eps_buoy", "eps_fragment", "net", "pet_bottle", "plastic_buoy", "plastic_other"], "visit_order": 228}}, {"type": "Feature", "geometry": {"type": "Point", "coordinates": [-160.06664389570648, 21.999930572711108]}, "properties": {"stop_id": "S050", "x": 389895.4561253966, "y": 2433203.2283240156, "n_items": 2, "kg_est": 4.011677533439856, "kg_hi": 5.765660535834704, "bulk_m3": 0.055495187917227684, "crew": "1인", "tools": [], "max_item_kg_hi": 3.681874746260221, "r95_m": 3.0, "buried_suspect": false, "classes": ["pet_bottle", "plastic_buoy"], "visit_order": 229}}, {"type": "Feature", "geometry": {"type": "Point", "coordinates": [-160.06703170549562, 22.00044953959359]}, "properties": {"stop_id": "S049", "x": 389855.82186544925, "y": 2433260.957179526, "n_items": 1, "kg_est": 2.317506780289223, "kg_hi": 3.090009040385631, "bulk_m3": 0.03862511300482038, "crew": "1인", "tools": [], "max_item_kg_hi": 3.090009040385631, "r95_m": 3.0, "buried_suspect": false, "classes": ["plastic_buoy"], "visit_order": 230}}, {"type": "Feature", "geometry": {"type": "Point", "coordinates": [-160.0684912283005, 22.002247766265423]}, "properties": {"stop_id": "S062", "x": 389706.541101491, "y": 2433461.072770184, "n_items": 1, "kg_est": 0.12752182307192705, "kg_hi": 0.4250727435730903, "bulk_m3": 0.0006376091153596353, "crew": "1인", "tools": [], "max_item_kg_hi": 0.4250727435730903, "r95_m": 3.0, "buried_suspect": false, "classes": ["eps_fragment"], "visit_order": 231}}, {"type": "Feature", "geometry": {"type": "Point", "coordinates": [-160.07068967764434, 22.00178052488599]}, "properties": {"stop_id": "S063", "x": 389479.22808607994, "y": 2433410.9365801592, "n_items": 3, "kg_est": 25.997578450514183, "kg_hi": 79.14676510696755, "bulk_m3": 0.15527217934430743, "crew": "2인", "tools": [], "max_item_kg_hi": 41.735588500766944, "r95_m": 3.0, "buried_suspect": false, "classes": ["plastic_buoy", "plastic_other"], "visit_order": 232}}, {"type": "Feature", "geometry": {"type": "Point", "coordinates": [-160.0713200464593, 21.999862317647246]}, "properties": {"stop_id": "S042", "x": 389412.6658780012, "y": 2433199.0467896457, "n_items": 6, "kg_est": 12.57300279031336, "kg_hi": 23.723644844342402, "bulk_m3": 0.1611480303960876, "crew": "1인", "tools": [], "max_item_kg_hi": 6.758761710453354, "r95_m": 3.0, "buried_suspect": false, "classes": ["eps_fragment", "pet_bottle", "plastic_buoy", "plastic_other"], "visit_order": 233}}, {"type": "Feature", "geometry": {"type": "Point", "coordinates": [-160.07186230545562, 21.99948903638885]}, "properties": {"stop_id": "S041", "x": 389356.39668510336, "y": 2433158.116799369, "n_items": 3, "kg_est": 1.893961483290106, "kg_hi": 3.156602472150177, "bulk_m3": 0.014348193055228074, "crew": "1인", "tools": [], "max_item_kg_hi": 1.3495916227922482, "r95_m": 3.0, "buried_suspect": false, "classes": ["pet_bottle"], "visit_order": 234}}, {"type": "Feature", "geometry": {"type": "Point", "coordinates": [-160.07291121043372, 21.999377218624783]}, "properties": {"stop_id": "S040", "x": 389248.0268634852, "y": 2433146.4978568926, "n_items": 1, "kg_est": 0.8870015990453186, "kg_hi": 1.4783359984088644, "bulk_m3": 0.006719709083676656, "crew": "1인", "tools": [], "max_item_kg_hi": 1.4783359984088644, "r95_m": 3.0, "buried_suspect": false, "classes": ["pet_bottle"], "visit_order": 235}}, {"type": "Feature", "geometry": {"type": "Point", "coordinates": [-160.07444421051275, 21.998807175985508]}, "properties": {"stop_id": "S039", "x": 389089.3251545229, "y": 2433084.505148155, "n_items": 2, "kg_est": 8.906408459026043, "kg_hi": 29.68802819675348, "bulk_m3": 0.03711003524594184, "crew": "1인", "tools": [], "max_item_kg_hi": 21.79460250438555, "r95_m": 3.0, "buried_suspect": false, "classes": ["plastic_other"], "visit_order": 236}}, {"type": "Feature", "geometry": {"type": "Point", "coordinates": [-160.07970021514205, 21.998432672203695]}, "properties": {"stop_id": "S038", "x": 388546.42926391965, "y": 2433046.8687908067, "n_items": 1, "kg_est": 1.8126304101563355, "kg_hi": 6.042101367187787, "bulk_m3": 0.007552626708984732, "crew": "1인", "tools": [], "max_item_kg_hi": 6.042101367187787, "r95_m": 3.0, "buried_suspect": false, "classes": ["plastic_other"], "visit_order": 237}}, {"type": "Feature", "geometry": {"type": "Point", "coordinates": [-160.08169889782954, 21.99802763702669]}, "properties": {"stop_id": "S037", "x": 388339.77758000203, "y": 2433003.4892808357, "n_items": 10, "kg_est": 23.43915214343748, "kg_hi": 54.02091619431035, "bulk_m3": 0.1385073127239546, "crew": "1인", "tools": ["절단기"], "max_item_kg_hi": 9.22994552671953, "r95_m": 3.0, "buried_suspect": false, "classes": ["net", "plastic_buoy", "plastic_other"], "visit_order": 238}}, {"type": "Feature", "geometry": {"type": "Point", "coordinates": [-160.0880537816382, 22.003385332154274]}, "properties": {"stop_id": "S060", "x": 387687.9467005704, "y": 2433601.2420949, "n_items": 1, "kg_est": 3.123314689636378, "kg_hi": 4.164419586181838, "bulk_m3": 0.052055244827272966, "crew": "1인", "tools": [], "max_item_kg_hi": 4.164419586181838, "r95_m": 3.0, "buried_suspect": false, "classes": ["plastic_buoy"], "visit_order": 239}}, {"type": "Feature", "geometry": {"type": "Point", "coordinates": [-160.0880749051207, 22.003606091744366]}, "properties": {"stop_id": "S061", "x": 387685.939983737, "y": 2433625.6958051845, "n_items": 1, "kg_est": 4.335909514028039, "kg_hi": 5.781212685370718, "bulk_m3": 0.07226515856713397, "crew": "1인", "tools": [], "max_item_kg_hi": 5.781212685370718, "r95_m": 3.0, "buried_suspect": false, "classes": ["plastic_buoy"], "visit_order": 240}}, {"type": "Feature", "geometry": {"type": "Point", "coordinates": [-160.0934465692771, 22.00103027292708]}, "properties": {"stop_id": "S035", "x": 387129.37454293953, "y": 2433344.506805799, "n_items": 1, "kg_est": 4.589797374464524, "kg_hi": 6.119729832619365, "bulk_m3": 0.07649662290774206, "crew": "1인", "tools": [], "max_item_kg_hi": 6.119729832619365, "r95_m": 3.0, "buried_suspect": false, "classes": ["plastic_buoy"], "visit_order": 241}}, {"type": "Feature", "geometry": {"type": "Point", "coordinates": [-160.0956051946632, 21.999428891961163]}, "properties": {"stop_id": "S036", "x": 386905.2615513127, "y": 2433168.8278680784, "n_items": 3, "kg_est": 5.474066915788593, "kg_hi": 15.010726349282107, "bulk_m3": 0.01698351808309537, "crew": "1인", "tools": ["절단기"], "max_item_kg_hi": 9.708490110039609, "r95_m": 3.0, "buried_suspect": false, "classes": ["net", "plastic_other"], "visit_order": 242}}, {"type": "Feature", "geometry": {"type": "Point", "coordinates": [-160.10394859481747, 21.99677364261618]}, "properties": {"stop_id": "S034", "x": 386041.80870232877, "y": 2432881.083535258, "n_items": 6, "kg_est": 4.4994811208855845, "kg_hi": 6.892477674771277, "bulk_m3": 0.056368227462130466, "crew": "1인", "tools": [], "max_item_kg_hi": 3.318453202200092, "r95_m": 3.0, "buried_suspect": false, "classes": ["eps_fragment", "pet_bottle", "plastic_buoy"], "visit_order": 243}}, {"type": "Feature", "geometry": {"type": "Point", "coordinates": [-160.10464198822464, 21.9974482115787]}, "properties": {"stop_id": "S033", "x": 385970.76412650524, "y": 2432956.2757191323, "n_items": 6, "kg_est": 7.145810511977772, "kg_hi": 10.674843821538596, "bulk_m3": 0.10637429895913805, "crew": "1인", "tools": [], "max_item_kg_hi": 7.825311562013997, "r95_m": 3.0, "buried_suspect": false, "classes": ["eps_fragment", "pet_bottle", "plastic_buoy"], "visit_order": 244}}, {"type": "Feature", "geometry": {"type": "Point", "coordinates": [-160.10685395606606, 21.99425357961418]}, "properties": {"stop_id": "S026", "x": 385739.848922436, "y": 2432604.278052441, "n_items": 2, "kg_est": 3.9255189036585754, "kg_hi": 12.242421022922379, "bulk_m3": 0.01807991465239312, "crew": "1인", "tools": [], "max_item_kg_hi": 11.399779033649507, "r95_m": 3.0, "buried_suspect": false, "classes": ["pet_bottle", "plastic_other"], "visit_order": 245}}, {"type": "Feature", "geometry": {"type": "Point", "coordinates": [-160.1070135419911, 21.994366915843905]}, "properties": {"stop_id": "S025", "x": 385723.4642351534, "y": 2432616.9436947503, "n_items": 1, "kg_est": 9.886807816315164, "kg_hi": 16.478013027191942, "bulk_m3": 0.012358509770393955, "crew": "1인", "tools": ["절단기"], "max_item_kg_hi": 16.478013027191942, "r95_m": 3.0, "buried_suspect": false, "classes": ["rope"], "visit_order": 246}}, {"type": "Feature", "geometry": {"type": "Point", "coordinates": [-160.1072605601095, 21.99416496871578]}, "properties": {"stop_id": "S024", "x": 385697.8005379143, "y": 2432594.7725471626, "n_items": 10, "kg_est": 25.734381450521518, "kg_hi": 59.44197343335854, "bulk_m3": 0.12898563325182621, "crew": "1인", "tools": ["절단기"], "max_item_kg_hi": 13.33779832148615, "r95_m": 3.0, "buried_suspect": false, "classes": ["eps_fragment", "net", "pet_bottle", "plastic_buoy"], "visit_order": 247}}, {"type": "Feature", "geometry": {"type": "Point", "coordinates": [-160.1075661243895, 21.994101506016467]}, "properties": {"stop_id": "S023", "x": 385666.2035098304, "y": 2432587.975548173, "n_items": 18, "kg_est": 30.548457117587272, "kg_hi": 65.25513518817986, "bulk_m3": 0.2391802488754756, "crew": "1인", "tools": ["절단기"], "max_item_kg_hi": 9.539614209965322, "r95_m": 3.0, "buried_suspect": false, "classes": ["eps_fragment", "net", "pet_bottle", "plastic_buoy", "plastic_other"], "visit_order": 248}}, {"type": "Feature", "geometry": {"type": "Point", "coordinates": [-160.1077408776108, 21.994129119348553]}, "properties": {"stop_id": "S022", "x": 385648.18428254896, "y": 2432591.1630061967, "n_items": 4, "kg_est": 4.688700583125336, "kg_hi": 8.80067703305286, "bulk_m3": 0.05863221250254193, "crew": "1인", "tools": [], "max_item_kg_hi": 3.984407211685369, "r95_m": 3.0, "buried_suspect": false, "classes": ["pet_bottle", "plastic_buoy", "plastic_other"], "visit_order": 249}}, {"type": "Feature", "geometry": {"type": "Point", "coordinates": [-160.1102215325108, 21.99302859697965]}, "properties": {"stop_id": "S027", "x": 385391.19950591814, "y": 2432471.1907950398, "n_items": 1, "kg_est": 0.2910861852100927, "kg_hi": 0.4851436420168212, "bulk_m3": 0.0022051983728037326, "crew": "1인", "tools": [], "max_item_kg_hi": 0.4851436420168212, "r95_m": 3.0, "buried_suspect": false, "classes": ["pet_bottle"], "visit_order": 250}}, {"type": "Feature", "geometry": {"type": "Point", "coordinates": [-160.1107406697869, 21.98626140718751]}, "properties": {"stop_id": "S021", "x": 385332.16522095754, "y": 2431722.445770543, "n_items": 3, "kg_est": 1.8109729935829828, "kg_hi": 3.4499458412129047, "bulk_m3": 0.013052385301467913, "crew": "1인", "tools": [], "max_item_kg_hi": 1.7949061201662013, "r95_m": 3.0, "buried_suspect": false, "classes": ["eps_fragment", "pet_bottle"], "visit_order": 251}}, {"type": "Feature", "geometry": {"type": "Point", "coordinates": [-160.11384661530263, 21.975438198945202]}, "properties": {"stop_id": "S020", "x": 385002.7729514295, "y": 2430526.6380069233, "n_items": 2, "kg_est": 4.539544976707031, "kg_hi": 15.131816589023437, "bulk_m3": 0.0189147707362793, "crew": "1인", "tools": [], "max_item_kg_hi": 8.927719899178586, "r95_m": 3.0, "buried_suspect": false, "classes": ["plastic_other"], "visit_order": 252}}, {"type": "Feature", "geometry": {"type": "Point", "coordinates": [-160.11539952711334, 21.972423584662835]}, "properties": {"stop_id": "S019", "x": 384839.9992372603, "y": 2430194.085098206, "n_items": 2, "kg_est": 2.7300499309234967, "kg_hi": 7.328568002290906, "bulk_m3": 0.008186330864097221, "crew": "1인", "tools": ["절단기"], "max_item_kg_hi": 5.314795302362245, "r95_m": 3.0, "buried_suspect": false, "classes": ["net", "plastic_other"], "visit_order": 253}}, {"type": "Feature", "geometry": {"type": "Point", "coordinates": [-160.11947222153842, 21.96457501037274]}, "properties": {"stop_id": "S018", "x": 384413.1216268507, "y": 2429328.3101140843, "n_items": 4, "kg_est": 16.290785094600796, "kg_hi": 33.35480127734253, "bulk_m3": 0.13190803109551563, "crew": "1인", "tools": ["절단기"], "max_item_kg_hi": 9.102851995216199, "r95_m": 3.0, "buried_suspect": false, "classes": ["net", "plastic_buoy"], "visit_order": 254}}, {"type": "Feature", "geometry": {"type": "Point", "coordinates": [-160.1229667451083, 21.95668710760354]}, "properties": {"stop_id": "S017", "x": 384045.87330994476, "y": 2428457.753957749, "n_items": 2, "kg_est": 5.429556031197566, "kg_hi": 13.573890077993916, "bulk_m3": 0.01447881608319351, "crew": "1인", "tools": ["절단기"], "max_item_kg_hi": 7.654977233782773, "r95_m": 3.0, "buried_suspect": false, "classes": ["net"], "visit_order": 255}}, {"type": "Feature", "geometry": {"type": "Point", "coordinates": [-160.12607988712287, 21.95343993636415]}, "properties": {"stop_id": "S015", "x": 383721.7480171028, "y": 2428100.6487488896, "n_items": 3, "kg_est": 5.202403207202621, "kg_hi": 7.057981291529573, "bulk_m3": 0.08339461970387793, "crew": "1인", "tools": [], "max_item_kg_hi": 3.289072779894031, "r95_m": 3.0, "buried_suspect": false, "classes": ["pet_bottle", "plastic_buoy"], "visit_order": 256}}, {"type": "Feature", "geometry": {"type": "Point", "coordinates": [-160.12733133089182, 21.952505985230403]}, "properties": {"stop_id": "S016", "x": 383591.75208960945, "y": 2427998.209751165, "n_items": 1, "kg_est": 0.28045462530685794, "kg_hi": 0.46742437551142996, "bulk_m3": 0.0021246562523246815, "crew": "1인", "tools": [], "max_item_kg_hi": 0.46742437551142996, "r95_m": 3.0, "buried_suspect": false, "classes": ["pet_bottle"], "visit_order": 257}}, {"type": "Feature", "geometry": {"type": "Point", "coordinates": [-160.1321335859624, 21.948853171855788]}, "properties": {"stop_id": "S014", "x": 383092.83727295685, "y": 2427597.4957254245, "n_items": 1, "kg_est": 1.0238469386436404, "kg_hi": 1.7064115644060676, "bulk_m3": 0.007756416201845761, "crew": "1인", "tools": [], "max_item_kg_hi": 1.7064115644060676, "r95_m": 3.0, "buried_suspect": false, "classes": ["pet_bottle"], "visit_order": 258}}, {"type": "Feature", "geometry": {"type": "Point", "coordinates": [-160.1372782331225, 21.946012156843256]}, "properties": {"stop_id": "S013", "x": 382559.20310315926, "y": 2427286.92569903, "n_items": 1, "kg_est": 4.4511826325880595, "kg_hi": 5.087065865814926, "bulk_m3": 0.03560946106070448, "crew": "1인", "tools": [], "max_item_kg_hi": 5.087065865814926, "r95_m": 3.0, "buried_suspect": false, "classes": ["eps_buoy"], "visit_order": 259}}, {"type": "Feature", "geometry": {"type": "Point", "coordinates": [-160.14135273441363, 21.944251454438962]}, "properties": {"stop_id": "S012", "x": 382136.95903512504, "y": 2427095.1414511204, "n_items": 1, "kg_est": 0.9224309177363355, "kg_hi": 3.074769725787785, "bulk_m3": 0.003843462157234731, "crew": "1인", "tools": [], "max_item_kg_hi": 3.074769725787785, "r95_m": 3.0, "buried_suspect": false, "classes": ["plastic_other"], "visit_order": 260}}, {"type": "Feature", "geometry": {"type": "Point", "coordinates": [-160.14665452947315, 21.942038577298053]}, "properties": {"stop_id": "S011", "x": 381587.5781802624, "y": 2426854.2592190704, "n_items": 1, "kg_est": 0.3594576385952702, "kg_hi": 1.1981921286509007, "bulk_m3": 0.0014977401608136257, "crew": "1인", "tools": [], "max_item_kg_hi": 1.1981921286509007, "r95_m": 3.0, "buried_suspect": false, "classes": ["plastic_other"], "visit_order": 261}}, {"type": "Feature", "geometry": {"type": "Point", "coordinates": [-160.15877759084134, 21.939059657329658]}, "properties": {"stop_id": "S010", "x": 380333.04144961, "y": 2426533.9017903027, "n_items": 2, "kg_est": 2.481623937149165, "kg_hi": 8.272079790497216, "bulk_m3": 0.01034009973812152, "crew": "1인", "tools": [], "max_item_kg_hi": 5.838888241958894, "r95_m": 3.0, "buried_suspect": false, "classes": ["plastic_other"], "visit_order": 262}}, {"type": "Feature", "geometry": {"type": "Point", "coordinates": [-160.17224557675206, 21.928046111992824]}, "properties": {"stop_id": "S009", "x": 378932.7435939445, "y": 2425325.254531807, "n_items": 1, "kg_est": 2.3828170251845635, "kg_hi": 3.177089366912752, "bulk_m3": 0.03971361708640939, "crew": "1인", "tools": [], "max_item_kg_hi": 3.177089366912752, "r95_m": 3.0, "buried_suspect": false, "classes": ["plastic_buoy"], "visit_order": 263}}, {"type": "Feature", "geometry": {"type": "Point", "coordinates": [-160.18198161455004, 21.92539598835549]}, "properties": {"stop_id": "S008", "x": 377924.8609668325, "y": 2425039.596706361, "n_items": 1, "kg_est": 1.0904366924812117, "kg_hi": 1.817394487468686, "bulk_m3": 0.008260884033948573, "crew": "1인", "tools": [], "max_item_kg_hi": 1.817394487468686, "r95_m": 3.0, "buried_suspect": false, "classes": ["pet_bottle"], "visit_order": 264}}, {"type": "Feature", "geometry": {"type": "Point", "coordinates": [-160.18255608416388, 21.92525448760783]}, "properties": {"stop_id": "S007", "x": 377865.40285314154, "y": 2425024.3895319873, "n_items": 2, "kg_est": 0.8705892528961823, "kg_hi": 2.3828993437526944, "bulk_m3": 0.004689178741562401, "crew": "1인", "tools": [], "max_item_kg_hi": 1.8638345111847805, "r95_m": 3.0, "buried_suspect": false, "classes": ["pet_bottle", "plastic_other"], "visit_order": 265}}, {"type": "Feature", "geometry": {"type": "Point", "coordinates": [-160.18644047927597, 21.92319091822455]}, "properties": {"stop_id": "S006", "x": 377462.413785106, "y": 2424799.045512736, "n_items": 4, "kg_est": 2.5847303448217707, "kg_hi": 4.534425606776346, "bulk_m3": 0.030648614887368916, "crew": "1인", "tools": [], "max_item_kg_hi": 1.8282919867516432, "r95_m": 3.0, "buried_suspect": false, "classes": ["pet_bottle", "plastic_buoy", "plastic_other"], "visit_order": 266}}, {"type": "Feature", "geometry": {"type": "Point", "coordinates": [-160.18694242025862, 21.92353324212321]}, "properties": {"stop_id": "S005", "x": 377410.86023921927, "y": 2424837.3425054364, "n_items": 1, "kg_est": 2.1343697250982063, "kg_hi": 2.845826300130942, "bulk_m3": 0.035572828751636774, "crew": "1인", "tools": [], "max_item_kg_hi": 2.845826300130942, "r95_m": 3.0, "buried_suspect": false, "classes": ["plastic_buoy"], "visit_order": 267}}, {"type": "Feature", "geometry": {"type": "Point", "coordinates": [-160.1889067790405, 21.92029302529415]}, "properties": {"stop_id": "S004", "x": 377205.17803512415, "y": 2424480.2141845576, "n_items": 1, "kg_est": 2.1917084597827037, "kg_hi": 5.47927114945676, "bulk_m3": 0.005844555892753877, "crew": "1인", "tools": ["절단기"], "max_item_kg_hi": 5.47927114945676, "r95_m": 3.0, "buried_suspect": false, "classes": ["net"], "visit_order": 268}}, {"type": "Feature", "geometry": {"type": "Point", "coordinates": [-160.1968668205826, 21.914130907710998]}, "properties": {"stop_id": "S003", "x": 376377.62827585865, "y": 2423804.44454636, "n_items": 2, "kg_est": 6.973503295666308, "kg_hi": 9.298004394221746, "bulk_m3": 0.11622505492777181, "crew": "1인", "tools": [], "max_item_kg_hi": 4.85783317079567, "r95_m": 3.0, "buried_suspect": false, "classes": ["plastic_buoy"], "visit_order": 269}}, {"type": "Feature", "geometry": {"type": "Point", "coordinates": [-160.20207973885502, 21.907073970832595]}, "properties": {"stop_id": "S002", "x": 375833.020333889, "y": 2423027.4321212135, "n_items": 3, "kg_est": 11.017870664703175, "kg_hi": 33.25266001618662, "bulk_m3": 0.03965535847718009, "crew": "1인", "tools": ["절단기"], "max_item_kg_hi": 20.076611452163213, "r95_m": 3.0, "buried_suspect": false, "classes": ["net", "plastic_other"], "visit_order": 270}}, {"type": "Feature", "geometry": {"type": "Point", "coordinates": [-160.21680737543352, 21.89390743868283]}, "properties": {"stop_id": "S001", "x": 374300.03876372264, "y": 2421581.8445866075, "n_items": 1, "kg_est": 0.2602420178089265, "kg_hi": 0.4337366963482108, "bulk_m3": 0.0019715304379464126, "crew": "1인", "tools": [], "max_item_kg_hi": 0.4337366963482108, "r95_m": 3.0, "buried_suspect": false, "classes": ["pet_bottle"], "visit_order": 271}}, {"type": "Feature", "geometry": {"type": "Point", "coordinates": [-160.2267133653437, 21.887038970377752]}, "properties": {"stop_id": "S080", "x": 373270.5357315858, "y": 2420829.6238427474, "n_items": 1, "kg_est": 3.5181788955686426, "kg_hi": 4.690905194091524, "bulk_m3": 0.058636314926144045, "crew": "1인", "tools": [], "max_item_kg_hi": 4.690905194091524, "r95_m": 3.0, "buried_suspect": false, "classes": ["plastic_buoy"], "visit_order": 272}}, {"type": "Feature", "geometry": {"type": "Point", "coordinates": [-160.2292394989403, 21.87887515474146]}, "properties": {"stop_id": "S079", "x": 373002.3086955528, "y": 2419927.9510956486, "n_items": 6, "kg_est": 7.825950045531501, "kg_hi": 14.659662721923098, "bulk_m3": 0.08566526057129643, "crew": "1인", "tools": [], "max_item_kg_hi": 5.586156081449708, "r95_m": 3.0, "buried_suspect": false, "classes": ["pet_bottle", "plastic_buoy", "plastic_other"], "visit_order": 273}}, {"type": "Feature", "geometry": {"type": "Point", "coordinates": [-160.2318004447213, 21.875920154363445]}, "properties": {"stop_id": "S078", "x": 372735.0764186413, "y": 2419602.941935732, "n_items": 2, "kg_est": 8.1089236142818, "kg_hi": 20.272309035704495, "bulk_m3": 0.021623796304751464, "crew": "1인", "tools": ["절단기"], "max_item_kg_hi": 10.153553115293864, "r95_m": 3.0, "buried_suspect": false, "classes": ["net"], "visit_order": 274}}, {"type": "Feature", "geometry": {"type": "Point", "coordinates": [-160.23256641461847, 21.87106779091231]}, "properties": {"stop_id": "S077", "x": 372651.6245672025, "y": 2419066.4054759275, "n_items": 8, "kg_est": 28.321201310266304, "kg_hi": 67.62630595595284, "bulk_m3": 0.11364357133059845, "crew": "1인", "tools": ["절단기"], "max_item_kg_hi": 12.419597362874685, "r95_m": 3.0, "buried_suspect": false, "classes": ["net", "plastic_buoy"], "visit_order": 275}}, {"type": "Feature", "geometry": {"type": "Point", "coordinates": [-160.23213094960494, 21.86362683510122]}, "properties": {"stop_id": "S076", "x": 372690.0228761141, "y": 2418242.310110678, "n_items": 2, "kg_est": 1.002845995768323, "kg_hi": 1.671409992947205, "bulk_m3": 0.007597318149760022, "crew": "1인", "tools": [], "max_item_kg_hi": 1.1579874387421683, "r95_m": 3.0, "buried_suspect": false, "classes": ["pet_bottle"], "visit_order": 276}}, {"type": "Feature", "geometry": {"type": "Point", "coordinates": [-160.23520099145483, 21.857400603535613]}, "properties": {"stop_id": "S075", "x": 372367.24125764816, "y": 2417555.592890529, "n_items": 1, "kg_est": 0.38571108736934095, "kg_hi": 0.6428518122822351, "bulk_m3": 0.002922053692191977, "crew": "1인", "tools": [], "max_item_kg_hi": 0.6428518122822351, "r95_m": 3.0, "buried_suspect": false, "classes": ["pet_bottle"], "visit_order": 277}}, {"type": "Feature", "geometry": {"type": "Point", "coordinates": [-160.24372638649857, 21.84782570878414]}, "properties": {"stop_id": "S074", "x": 371477.6499528132, "y": 2416502.7202346073, "n_items": 4, "kg_est": 10.907299916693493, "kg_hi": 19.146025561007477, "bulk_m3": 0.12484045301866854, "crew": "1인", "tools": ["절단기"], "max_item_kg_hi": 9.623227467300937, "r95_m": 3.0, "buried_suspect": false, "classes": ["net", "pet_bottle", "plastic_buoy"], "visit_order": 278}}, {"type": "Feature", "geometry": {"type": "Point", "coordinates": [-160.24634492535878, 21.841168227662607]}, "properties": {"stop_id": "S073", "x": 371201.06198991183, "y": 2415767.9061554065, "n_items": 2, "kg_est": 3.6568011162862017, "kg_hi": 5.05209519553141, "bulk_m3": 0.05991791642417392, "crew": "1인", "tools": [], "max_item_kg_hi": 4.758161239170619, "r95_m": 3.0, "buried_suspect": false, "classes": ["eps_fragment", "plastic_buoy"], "visit_order": 279}}, {"type": "Feature", "geometry": {"type": "Point", "coordinates": [-160.2443027825546, 21.836107433436737]}, "properties": {"stop_id": "S072", "x": 371407.5971726968, "y": 2415205.955003562, "n_items": 8, "kg_est": 13.150782829033508, "kg_hi": 24.93945958802112, "bulk_m3": 0.17077257695663664, "crew": "1인", "tools": [], "max_item_kg_hi": 8.530860744347152, "r95_m": 3.0, "buried_suspect": false, "classes": ["eps_fragment", "pet_bottle", "plastic_buoy", "plastic_other"], "visit_order": 280}}, {"type": "Feature", "geometry": {"type": "Point", "coordinates": [-160.24364361621772, 21.832717347356816]}, "properties": {"stop_id": "S071", "x": 371472.6963024163, "y": 2414830.112888834, "n_items": 3, "kg_est": 5.115194670629623, "kg_hi": 8.255455530677478, "bulk_m3": 0.07688126801977214, "crew": "1인", "tools": [], "max_item_kg_hi": 5.863462247614176, "r95_m": 3.0, "buried_suspect": false, "classes": ["eps_fragment", "plastic_buoy"], "visit_order": 281}}, {"type": "Feature", "geometry": {"type": "Point", "coordinates": [-160.24395134354424, 21.830290876217816]}, "properties": {"stop_id": "S070", "x": 371438.7207277561, "y": 2414561.752761044, "n_items": 7, "kg_est": 12.438763095393472, "kg_hi": 17.63377158953897, "bulk_m3": 0.1859569998278958, "crew": "1인", "tools": [], "max_item_kg_hi": 6.767134003098092, "r95_m": 3.0, "buried_suspect": false, "classes": ["eps_fragment", "pet_bottle", "plastic_buoy"], "visit_order": 282}}, {"type": "Feature", "geometry": {"type": "Point", "coordinates": [-160.24514244664027, 21.827467928026273]}, "properties": {"stop_id": "S069", "x": 371313.0814779256, "y": 2414250.2392984238, "n_items": 9, "kg_est": 29.707661985672264, "kg_hi": 74.64919769299216, "bulk_m3": 0.07990450887365341, "crew": "1인", "tools": ["절단기"], "max_item_kg_hi": 16.136421287152913, "r95_m": 3.0, "buried_suspect": false, "classes": ["net", "plastic_other"], "visit_order": 283}}, {"type": "Feature", "geometry": {"type": "Point", "coordinates": [-160.2457008687951, 21.822078559896713]}, "properties": {"stop_id": "S068", "x": 371250.5381338606, "y": 2413654.0883377297, "n_items": 13, "kg_est": 48.954472981004066, "kg_hi": 122.44633216559427, "bulk_m3": 0.130713680479313, "crew": "1인", "tools": ["절단기"], "max_item_kg_hi": 15.370840662802907, "r95_m": 3.0, "buried_suspect": false, "classes": ["eps_fragment", "net"], "visit_order": 284}}, {"type": "Feature", "geometry": {"type": "Point", "coordinates": [-160.24584690048076, 21.821410725238092]}, "properties": {"stop_id": "S066", "x": 371234.84562962607, "y": 2413580.2792915697, "n_items": 9, "kg_est": 30.905131811310106, "kg_hi": 78.23541910416812, "bulk_m3": 0.08416434606676743, "crew": "1인", "tools": ["절단기"], "max_item_kg_hi": 14.633055770295416, "r95_m": 3.0, "buried_suspect": false, "classes": ["net", "plastic_other"], "visit_order": 285}}, {"type": "Feature", "geometry": {"type": "Point", "coordinates": [-160.24569370119346, 21.820805164924103]}, "properties": {"stop_id": "S067", "x": 371250.1395917197, "y": 2413513.1141595645, "n_items": 5, "kg_est": 20.473528414919052, "kg_hi": 51.18382103729763, "bulk_m3": 0.054596075773117474, "crew": "1인", "tools": ["절단기"], "max_item_kg_hi": 12.507412943693183, "r95_m": 3.0, "buried_suspect": false, "classes": ["net"], "visit_order": 286}}, {"type": "Feature", "geometry": {"type": "Point", "coordinates": [-160.24053284774763, 21.80511364791987]}, "properties": {"stop_id": "S064", "x": 371769.62799130526, "y": 2411771.723011292, "n_items": 3, "kg_est": 5.649894719789026, "kg_hi": 17.447162187731642, "bulk_m3": 0.02637586025004958, "crew": "1인", "tools": [], "max_item_kg_hi": 16.061341976166528, "r95_m": 3.0, "buried_suspect": false, "classes": ["pet_bottle", "plastic_other"], "visit_order": 287}}, {"type": "Feature", "geometry": {"type": "Point", "coordinates": [-160.23859591774666, 21.804543261155473]}, "properties": {"stop_id": "S065", "x": 371969.35862017854, "y": 2411706.970539495, "n_items": 9, "kg_est": 62.31574134560963, "kg_hi": 87.15127020626608, "bulk_m3": 0.4983352716232088, "crew": "장비", "tools": ["절단기"], "max_item_kg_hi": 51.457591655227, "r95_m": 3.0, "buried_suspect": false, "classes": ["eps_buoy", "eps_fragment", "net", "pet_bottle", "plastic_buoy", "plastic_other"], "visit_order": 288}}, {"type": "Feature", "geometry": {"type": "Point", "coordinates": [-160.20314953371565, 21.788377665396247]}, "properties": {"stop_id": "S222", "x": 375619.8079903423, "y": 2409888.414850958, "n_items": 13, "kg_est": 33.69939611328284, "kg_hi": 93.66820393315089, "bulk_m3": 0.11451761189389316, "crew": "2인", "tools": ["절단기"], "max_item_kg_hi": 25.254223029561437, "r95_m": 3.0, "buried_suspect": false, "classes": ["net", "pet_bottle", "plastic_other"], "visit_order": 289}}, {"type": "Feature", "geometry": {"type": "Point", "coordinates": [-160.20305985938774, 21.788111097349713]}, "properties": {"stop_id": "S223", "x": 375628.84938895557, "y": 2409858.833245945, "n_items": 15, "kg_est": 29.575082120529576, "kg_hi": 65.68632083846923, "bulk_m3": 0.13024343232425842, "crew": "2인", "tools": ["절단기"], "max_item_kg_hi": 23.35192167868418, "r95_m": 3.0, "buried_suspect": false, "classes": ["pet_bottle", "plastic_buoy", "plastic_other", "rope"], "visit_order": 290}}, {"type": "Feature", "geometry": {"type": "Point", "coordinates": [-160.20313624040915, 21.78801167402089]}, "properties": {"stop_id": "S224", "x": 375620.8665499737, "y": 2409847.888548176, "n_items": 2, "kg_est": 2.783287924755451, "kg_hi": 9.277626415851504, "bulk_m3": 0.011597033019814379, "crew": "1인", "tools": [], "max_item_kg_hi": 6.386516816212655, "r95_m": 3.0, "buried_suspect": false, "classes": ["plastic_other"], "visit_order": 291}}, {"type": "Feature", "geometry": {"type": "Point", "coordinates": [-160.20268012831735, 21.787247094131896]}, "properties": {"stop_id": "S225", "x": 375667.3645263993, "y": 2409762.881316189, "n_items": 2, "kg_est": 9.848477947893342, "kg_hi": 31.96905479061903, "bulk_m3": 0.0427927896286228, "crew": "2인", "tools": [], "max_item_kg_hi": 31.109849754926916, "r95_m": 3.0, "buried_suspect": false, "classes": ["pet_bottle", "plastic_other"], "visit_order": 292}}]}