seg_id,lon,lat,length_m,n_han_river,n_offshore,n_total,per_km,score_1km,rank,top,tidal_map_hotspot,shape_score
0,126.642257,37.776186,200,6,0,6,30.0,36.43,75,1,0,-1.229
1,126.640735,37.775284,200,11,0,11,55.0,45.43,57,1,0,-0.649
2,126.638981,37.774833,200,10,0,10,50.0,55.0,41,1,0,-0.741
3,126.637067,37.774723,200,17,0,17,85.0,56.0,37,1,0,-1.112
4,126.634969,37.774539,200,11,0,11,55.0,58.0,32,1,0,-1.213
5,126.633086,37.77394,200,7,0,7,35.0,55.0,40,1,0,-0.865
6,126.631231,37.773295,200,13,0,13,65.0,58.0,29,1,0,-1.081
7,126.629532,37.772303,200,7,0,7,35.0,56.0,36,1,0,-1.174
8,126.628701,37.770724,200,20,0,20,100.0,62.0,23,1,0,-0.37
9,126.627613,37.769321,200,9,0,9,45.0,66.0,17,1,0,-0.531
10,126.626803,37.767831,200,13,0,13,65.0,77.0,10,1,0,-0.32
11,126.625899,37.766324,200,17,0,17,85.0,69.0,12,1,0,-0.366
12,126.624681,37.764959,200,18,0,18,90.0,81.0,9,1,0,-0.437
13,126.623224,37.763668,200,12,0,12,60.0,91.0,3,1,0,-0.771
14,126.621858,37.762406,200,21,0,21,105.0,87.0,6,1,0,-0.441
15,126.620207,37.761367,200,23,0,23,115.0,86.0,7,1,0,-0.749
16,126.618533,37.760318,200,13,0,13,65.0,92.0,1,1,0,-0.811
17,126.617169,37.759107,200,17,0,17,85.0,91.0,4,1,0,-0.612
18,126.615829,37.757751,200,18,0,18,90.0,90.0,5,1,0,-0.428
19,126.614266,37.756445,200,20,0,20,100.0,91.0,2,1,0,-0.487
20,126.612657,37.755191,200,22,0,22,110.0,81.0,8,1,0,-0.521
21,126.610919,37.754217,200,14,0,14,70.0,70.0,11,1,0,-0.633
22,126.609202,37.753497,200,7,0,7,35.0,61.0,27,1,0,-0.689
23,126.607306,37.753146,200,7,0,7,35.0,43.0,60,1,0,-0.813
24,126.605201,37.753252,200,11,0,11,55.0,40.0,65,1,0,-1.085
25,126.603268,37.753848,200,4,0,4,20.0,42.0,63,1,0,-1.058
26,126.60161,37.75477,200,11,0,11,55.0,42.0,62,1,0,-0.929
27,126.600368,37.756165,200,9,0,9,45.0,35.0,78,1,0,-1.513
28,126.598966,37.757156,200,7,0,7,35.0,41.0,64,1,0,-1.236
29,126.597185,37.757654,200,4,0,4,20.0,45.0,58,1,0,-0.654
30,126.595253,37.75782,200,10,0,10,50.0,53.0,43,1,1,-0.727
31,126.593244,37.758018,200,15,0,15,75.0,62.0,24,1,1,-1.304
32,126.591463,37.757742,200,17,0,17,85.0,67.0,15,1,1,-1.087
33,126.589889,37.756848,200,16,0,16,80.0,63.0,22,1,1,-0.259
34,126.588315,37.75614,200,9,0,9,45.0,63.0,21,1,1,-0.301
35,126.586467,37.755518,200,6,0,6,30.0,57.0,33,1,1,-0.969
36,126.584838,37.754534,200,15,0,15,75.0,53.0,44,1,1,-0.46
37,126.583041,37.753884,200,11,0,11,55.0,47.0,52,1,1,-0.547
38,126.581152,37.753317,200,12,0,12,60.0,58.0,28,1,1,-0.918
39,126.579381,37.752826,200,3,0,3,15.0,57.0,34,1,1,-0.736
40,126.577348,37.752519,200,17,0,17,85.0,53.0,45,1,1,-0.861
41,126.575264,37.75229,200,14,0,14,70.0,47.0,54,1,1,-0.903
42,126.573159,37.752429,200,7,0,7,35.0,55.0,39,1,1,-0.965
43,126.571285,37.753049,200,6,0,6,30.0,50.0,49,1,1,-1.134
44,126.56978,37.753546,200,11,0,11,55.0,39.0,68,1,1,-1.051
45,126.567829,37.75411,200,12,0,12,60.0,36.0,77,1,1,-0.966
46,126.566313,37.755376,200,3,0,3,15.0,31.0,87,1,1,-1.011
47,126.565323,37.756809,200,4,0,4,20.0,21.0,115,1,1,-1.302
48,126.564283,37.758105,200,1,0,1,5.0,10.0,280,1,1,-1.179
49,126.563002,37.759395,200,1,0,1,5.0,8.0,321,1,1,-1.216
50,126.561836,37.760808,200,1,0,1,5.0,5.0,396,1,1,-1.135
51,126.561262,37.7624,200,1,0,1,5.0,10.0,274,1,1,-0.938
52,126.561226,37.764194,200,1,0,1,5.0,11.0,254,1,1,-1.405
53,126.560687,37.76544,200,6,0,6,30.0,14.0,221,1,1,-1.499
54,126.559403,37.766569,200,2,0,2,10.0,14.0,210,1,1,-1.463
55,126.557976,37.767599,200,4,0,4,20.0,16.0,189,1,1,-1.544
56,126.55613,37.768184,200,1,0,1,5.0,11.0,263,1,1,-1.175
57,126.554217,37.768799,200,3,0,3,15.0,14.0,209,1,1,-1.275
58,126.552242,37.768761,200,1,0,1,5.0,11.0,262,1,1,-0.847
59,126.550243,37.769048,200,5,0,5,25.0,10.0,271,1,1,-0.932
60,126.548446,37.769361,200,1,0,1,5.0,9.0,285,1,1,-0.727
61,126.54661,37.769826,200,0,0,0,0.0,8.0,316,1,1,-1.089
62,126.544417,37.769854,200,2,0,2,10.0,3.0,512,1,1,-0.555
63,126.542295,37.769929,200,0,0,0,0.0,2.0,538,1,1,-0.699
64,126.540371,37.77017,200,0,0,0,0.0,6.0,365,1,1,-0.867
65,126.538409,37.770432,200,0,0,0,0.0,5.0,369,1,1,-0.716
66,126.536763,37.771433,200,4,0,4,20.0,5.0,370,1,1,-1.53
67,126.534894,37.771566,200,1,0,1,5.0,6.0,366,1,1,-0.842
68,126.532898,37.771223,200,0,0,0,0.0,6.0,367,1,1,-0.784
69,126.530656,37.771082,200,1,0,1,5.0,2.0,537,1,1,-1.145
70,126.528522,37.770862,200,0,0,0,0.0,1.0,641,1,1,-0.593
71,126.526812,37.770176,200,0,0,0,0.0,1.0,642,1,1,-0.064
72,126.525129,37.769289,200,0,0,0,0.0,0.0,5538,0,1,-0.242
73,126.523964,37.76847,200,0,0,0,0.0,1.0,643,1,1,-0.651
74,126.522285,37.767415,200,0,0,0,0.0,1.0,644,1,1,-0.855
75,126.520723,37.766108,200,1,0,1,5.0,1.0,645,1,1,-0.686
76,126.519285,37.764769,200,0,0,0,0.0,1.0,646,1,0,-0.752
77,126.518272,37.763386,200,0,0,0,0.0,1.0,647,1,0,-0.534
78,126.518611,37.761952,200,0,0,0,0.0,0.0,5537,0,0,-0.127
79,126.519762,37.760662,200,0,0,0,0.0,0.0,5536,0,0,0.084
80,126.521131,37.759379,200,0,0,0,0.0,0.0,5535,0,0,0.195
81,126.52257,37.758068,200,0,0,0,0.0,0.0,5534,0,0,0.124
82,126.524095,37.756808,200,0,0,0,0.0,0.0,5419,0,0,0.108
83,126.525718,37.755585,200,0,0,0,0.0,0.0,5418,0,0,0.489
84,126.526966,37.754227,200,0,0,0,0.0,0.0,5417,0,0,0.226
85,126.528231,37.752898,200,0,0,0,0.0,0.0,5416,0,1,0.291
86,126.529195,37.751648,200,0,0,0,0.0,0.0,5415,0,1,0.306
87,126.530009,37.7503,200,0,0,0,0.0,0.0,5414,0,1,0.185
88,126.530455,37.748651,200,0,0,0,0.0,0.0,5413,0,1,0.172
89,126.530233,37.747081,200,0,0,0,0.0,0.0,5412,0,1,-0.138
90,126.529817,37.745462,200,0,0,0,0.0,0.0,5411,0,1,0.229
91,126.52985,37.743681,200,0,0,0,0.0,0.0,5410,0,1,0.084
92,126.529521,37.742144,200,0,0,0,0.0,0.0,5409,0,1,-0.191
93,126.529128,37.740558,200,0,0,0,0.0,0.0,5408,0,1,-0.108
94,126.528704,37.739109,200,0,0,0,0.0,0.0,5407,0,1,-0.136
95,126.528214,37.73757,200,0,0,0,0.0,0.0,5406,0,1,-0.084
96,126.527412,37.736098,200,0,0,0,0.0,0.0,5405,0,1,-0.061
97,126.526571,37.734606,200,0,0,0,0.0,0.0,5404,0,1,0.052
98,126.525589,37.733217,200,0,0,0,0.0,0.0,5203,0,1,0.173
99,126.525155,37.731931,200,0,0,0,0.0,0.0,5202,0,1,0.296
100,126.524883,37.730494,200,0,0,0,0.0,0.0,5201,0,1,0.774
101,126.526021,37.729516,200,0,0,0,0.0,0.0,5200,0,1,2.028
102,126.524942,37.729795,200,0,0,0,0.0,0.0,5199,0,1,-0.051
103,126.523996,37.729035,200,0,0,0,0.0,0.0,5198,0,1,-0.086
104,126.52352,37.72748,200,0,0,0,0.0,0.0,5197,0,1,0.026
105,126.52303,37.726066,200,0,0,0,0.0,0.0,5196,0,1,0.164
106,126.522682,37.724486,200,0,0,0,0.0,0.0,5195,0,1,0.05
107,126.522362,37.72284,200,0,0,0,0.0,0.0,5194,0,1,-0.011
108,126.522047,37.721209,200,0,0,0,0.0,0.0,5193,0,1,-0.038
109,126.521701,37.719616,200,0,0,0,0.0,0.0,5192,0,1,0.046
110,126.5214,37.718013,200,0,0,0,0.0,0.0,5191,0,1,0.197
111,126.521255,37.716366,200,0,0,0,0.0,0.0,5190,0,1,0.533
112,126.521243,37.714675,200,0,0,0,0.0,0.0,5189,0,1,0.073
113,126.521535,37.713232,200,0,0,0,0.0,0.0,5188,0,1,0.06
114,126.522322,37.711767,200,0,0,0,0.0,0.0,5138,0,1,-0.004
115,126.523402,37.710374,200,0,0,0,0.0,0.0,5137,0,1,-0.053
116,126.524988,37.709252,200,0,0,0,0.0,0.0,5136,0,1,-0.072
117,126.52675,37.708301,200,0,0,0,0.0,0.0,5135,0,1,0.348
118,126.528421,37.70712,200,0,0,0,0.0,0.0,5134,0,1,0.467
119,126.529684,37.705777,200,0,0,0,0.0,0.0,5133,0,1,0.554
120,126.530583,37.704381,200,0,0,0,0.0,0.0,5132,0,1,0.763
121,126.531128,37.702976,200,0,0,0,0.0,0.0,5131,0,1,0.716
122,126.531577,37.7015,200,0,0,0,0.0,0.0,5130,0,1,0.65
123,126.531866,37.699891,200,0,0,0,0.0,0.0,5129,0,1,0.647
124,126.53208,37.69822,200,0,0,0,0.0,0.0,5128,0,1,0.596
125,126.532131,37.696658,200,0,0,0,0.0,0.0,5127,0,1,0.614
126,126.532156,37.694868,200,0,0,0,0.0,0.0,5126,0,1,0.715
127,126.532224,37.693311,200,0,0,0,0.0,0.0,5125,0,1,0.846
128,126.532416,37.691621,200,0,0,0,0.0,0.0,5124,0,1,0.823
129,126.532569,37.689898,200,0,0,0,0.0,0.0,5123,0,1,0.76
130,126.532629,37.688097,200,0,0,0,0.0,0.0,4997,0,1,0.813
131,126.532792,37.68651,200,0,0,0,0.0,0.0,4996,0,1,0.745
132,126.532409,37.685248,200,0,0,0,0.0,0.0,4995,0,1,0.39
133,126.531911,37.683867,200,0,0,0,0.0,0.0,4994,0,1,0.339
134,126.531458,37.682452,200,0,0,0,0.0,0.0,4993,0,0,0.446
135,126.530879,37.681001,200,0,0,0,0.0,0.0,4992,0,0,0.246
136,126.530232,37.679364,200,0,0,0,0.0,0.0,4991,0,0,0.342
137,126.529331,37.677777,200,0,0,0,0.0,0.0,4990,0,0,0.045
138,126.528111,37.676305,200,0,0,0,0.0,0.0,4989,0,0,-0.126
139,126.527052,37.674792,200,0,0,0,0.0,0.0,4988,0,1,-0.728
140,126.526955,37.673403,200,0,0,0,0.0,0.0,4987,0,1,-0.633
141,126.528746,37.67274,200,0,0,0,0.0,0.0,4986,0,1,-0.273
142,126.530868,37.672518,200,0,0,0,0.0,0.0,4985,0,1,0.351
143,126.532686,37.671997,200,0,0,0,0.0,0.0,4984,0,1,-0.069
144,126.534547,37.671337,200,0,0,0,0.0,0.0,4983,0,1,0.365
145,126.536283,37.670483,200,0,0,0,0.0,0.0,4982,0,1,0.755
146,126.537516,37.669348,200,0,0,0,0.0,0.0,4883,0,1,0.957
147,126.538672,37.668087,200,0,0,0,0.0,0.0,4882,0,1,1.147
148,126.539007,37.666664,200,0,0,0,0.0,0.0,4881,0,1,0.258
149,126.53966,37.665182,200,0,0,0,0.0,0.0,4880,0,1,-0.415
150,126.541306,37.664188,200,0,0,0,0.0,0.0,4879,0,1,0.116
151,126.542496,37.663367,200,0,0,0,0.0,0.0,4878,0,1,1.037
152,126.542883,37.661987,200,0,0,0,0.0,0.0,4877,0,1,0.495
153,126.542366,37.660454,200,0,0,0,0.0,0.0,4876,0,1,-0.107
154,126.541315,37.659051,200,0,0,0,0.0,0.0,4875,0,1,0.005
155,126.539564,37.658389,200,0,0,0,0.0,0.0,4874,0,1,-0.735
156,126.537851,37.657704,200,0,0,0,0.0,0.0,4873,0,1,-0.742
157,126.536683,37.656463,200,0,0,0,0.0,0.0,4872,0,1,0.509
158,126.534987,37.655903,200,0,0,0,0.0,0.0,4871,0,1,-0.79
159,126.533055,37.655461,200,0,0,0,0.0,0.0,4870,0,1,-1.496
160,126.531656,37.654831,200,0,0,0,0.0,0.0,4869,0,1,-1.364
161,126.5325,37.653404,200,0,0,0,0.0,0.0,4868,0,1,0.208
162,126.53358,37.651961,200,0,0,0,0.0,0.0,4803,0,1,0.32
163,126.534507,37.650572,200,0,0,0,0.0,0.0,4802,0,1,0.795
164,126.535032,37.649159,200,0,0,0,0.0,0.0,4801,0,1,0.782
165,126.535529,37.647607,200,0,0,0,0.0,0.0,4800,0,1,0.615
166,126.536231,37.64629,200,0,0,0,0.0,0.0,4799,0,1,0.83
167,126.537074,37.64494,200,0,0,0,0.0,0.0,4798,0,1,0.806
168,126.537836,37.643422,200,0,0,0,0.0,0.0,4797,0,1,0.725
169,126.538548,37.642,200,0,0,0,0.0,0.0,4796,0,1,0.846
170,126.539154,37.640512,200,0,0,0,0.0,0.0,4795,0,1,0.313
171,126.539939,37.639235,200,0,0,0,0.0,0.0,4794,0,1,0.07
172,126.540873,37.638578,200,0,0,0,0.0,0.0,4793,0,1,0.718
173,126.541953,37.637588,200,0,0,0,0.0,0.0,4792,0,1,1.07
174,126.543037,37.636128,200,0,0,0,0.0,0.0,4791,0,1,0.844
175,126.544186,37.634853,200,0,0,0,0.0,0.0,4790,0,1,0.205
176,126.545803,37.634027,200,0,0,0,0.0,0.0,4789,0,1,1.204
177,126.547225,37.632731,200,0,0,0,0.0,0.0,4788,0,1,1.177
178,126.5479,37.631351,200,0,0,0,0.0,0.0,4782,0,1,0.937
179,126.548523,37.630021,200,0,0,0,0.0,0.0,4781,0,1,0.924
180,126.549089,37.628526,200,0,0,0,0.0,0.0,4780,0,1,0.708
181,126.549854,37.627143,200,0,0,0,0.0,0.0,4779,0,1,0.943
182,126.550673,37.625736,200,0,0,0,0.0,0.0,4778,0,1,0.85
183,126.551315,37.624353,200,0,0,0,0.0,0.0,4777,0,1,0.845
184,126.551943,37.623028,200,0,0,0,0.0,0.0,4776,0,1,0.793
185,126.552527,37.62161,200,0,0,0,0.0,0.0,4775,0,0,0.817
186,126.553082,37.620109,200,0,0,0,0.0,0.0,4774,0,0,0.447
187,126.553473,37.618585,200,0,0,0,0.0,0.0,4773,0,0,0.023
188,126.55388,37.617067,200,0,0,0,0.0,0.0,4772,0,0,0.024
189,126.554267,37.615422,200,0,0,0,0.0,0.0,4771,0,0,-0.136
190,126.554572,37.613778,200,0,0,0,0.0,0.0,4770,0,0,0.053
191,126.554596,37.612007,200,0,0,0,0.0,0.0,4769,0,0,-0.034
192,126.554472,37.610518,200,0,0,0,0.0,0.0,4768,0,0,-0.216
193,126.554434,37.609042,200,0,0,0,0.0,0.0,4767,0,0,-0.215
194,126.555187,37.607625,200,0,0,0,0.0,0.0,4766,0,0,0.002
195,126.555995,37.606388,200,0,0,0,0.0,0.0,4765,0,0,0.08
196,126.556777,37.605037,200,0,0,0,0.0,0.0,4764,0,0,0.009
197,126.557563,37.603846,200,0,0,0,0.0,0.0,4763,0,0,0.059
198,126.55841,37.60251,200,0,0,0,0.0,0.0,4762,0,0,0.036
199,126.559235,37.601151,200,0,0,0,0.0,0.0,4761,0,0,-0.003
200,126.560252,37.599679,200,0,0,0,0.0,0.0,4760,0,0,-0.035
201,126.561423,37.598289,200,0,0,0,0.0,0.0,4759,0,0,0.01
202,126.562604,37.596883,200,0,0,0,0.0,0.0,4758,0,0,-0.039
203,126.563928,37.595636,200,0,0,0,0.0,0.0,4757,0,0,0.028
204,126.56525,37.59427,200,0,0,0,0.0,0.0,4756,0,0,-0.054
205,126.566663,37.593009,200,0,0,0,0.0,0.0,4755,0,0,0.008
206,126.568026,37.591702,200,0,0,0,0.0,0.0,4754,0,0,-0.166
207,126.569668,37.590461,200,0,0,0,0.0,0.0,4753,0,0,0.032
208,126.57109,37.589449,200,0,0,0,0.0,0.0,4752,0,0,0.155
209,126.571927,37.588409,200,0,0,0,0.0,0.0,4751,0,0,0.002
210,126.573179,37.58706,200,0,0,0,0.0,0.0,4748,0,0,0.052
211,126.574461,37.585719,200,0,0,0,0.0,0.0,4747,0,0,0.117
212,126.575643,37.58425,200,0,0,0,0.0,0.0,4746,0,0,-0.002
213,126.576772,37.582786,200,0,0,0,0.0,0.0,4745,0,0,0.044
214,126.577952,37.581427,200,0,0,0,0.0,0.0,4744,0,0,-0.109
215,126.579159,37.580311,200,0,0,0,0.0,0.0,4743,0,0,-0.038
216,126.580514,37.580368,200,0,0,0,0.0,0.0,4742,0,0,1.435
217,126.5796,37.579394,200,0,0,0,0.0,0.0,4741,0,0,-0.349
218,126.579971,37.577989,200,0,0,0,0.0,0.0,4740,0,0,-0.03
219,126.580608,37.576635,200,0,0,0,0.0,0.0,4739,0,0,0.078
220,126.581143,37.575234,200,0,0,0,0.0,0.0,4738,0,0,0.07
221,126.581591,37.573759,200,0,0,0,0.0,0.0,4737,0,0,0.02
222,126.582111,37.572271,200,0,0,0,0.0,0.0,4736,0,0,-0.071
223,126.58292,37.570788,200,0,0,0,0.0,0.0,4735,0,0,-0.216
224,126.584177,37.569565,200,0,0,0,0.0,0.0,4734,0,0,0.201
225,126.584658,37.568129,200,0,0,0,0.0,0.0,4733,0,0,-1.151
226,126.585257,37.567672,200,0,0,0,0.0,0.0,4731,0,0,-0.752
227,126.586678,37.566738,200,0,0,0,0.0,0.0,4730,0,0,0.183
228,126.587755,37.56526,200,0,0,0,0.0,0.0,4729,0,0,0.004
229,126.588814,37.563813,200,0,0,0,0.0,0.0,4728,0,0,-0.079
230,126.590082,37.56251,200,0,0,0,0.0,0.0,4727,0,0,0.182
231,126.59107,37.561067,200,0,0,0,0.0,0.0,4726,0,0,-0.695
232,126.592865,37.560727,200,0,0,0,0.0,0.0,4725,0,0,-0.84
233,126.594487,37.561351,200,0,0,0,0.0,0.0,4724,0,0,-0.34
234,126.596483,37.561503,200,0,0,0,0.0,0.0,4723,0,0,-0.336
235,126.598746,37.561549,200,0,0,0,0.0,0.0,4722,0,0,-0.195
236,126.600773,37.56119,200,0,0,0,0.0,0.0,4721,0,0,0.537
237,126.60184,37.560537,200,0,0,0,0.0,0.0,4720,0,0,0.92
238,126.601134,37.559447,200,0,0,0,0.0,0.0,4719,0,0,-1.085
239,126.600699,37.558634,200,0,0,0,0.0,0.0,4718,0,0,-1.25
240,126.601772,37.557994,200,0,0,0,0.0,0.0,4717,0,0,0.482
241,126.60088,37.556615,200,0,0,0,0.0,0.0,4716,0,0,-0.24
242,126.599064,37.555987,200,0,0,0,0.0,0.0,4708,0,0,-1.052
243,126.597269,37.555002,200,0,0,0,0.0,0.0,4707,0,0,-1.112
244,126.596354,37.553617,200,0,0,0,0.0,0.0,4706,0,0,-0.572
245,126.596431,37.552122,200,0,0,0,0.0,0.0,4705,0,0,-0.018
246,126.596669,37.550437,200,0,0,0,0.0,0.0,4704,0,0,0.134
247,126.595715,37.54949,200,0,0,0,0.0,0.0,4703,0,0,-1.962
248,126.593829,37.54888,200,0,0,0,0.0,0.0,4702,0,0,-3.266
249,126.59192,37.548219,200,0,0,0,0.0,0.0,4701,0,0,-3.296
250,126.590178,37.547688,200,0,0,0,0.0,0.0,4700,0,0,-2.35
251,126.589164,37.548359,200,0,0,0,0.0,0.0,4699,0,0,-1.848
252,126.587557,37.549321,200,0,0,0,0.0,0.0,4698,0,0,-1.516
253,126.585972,37.549834,200,0,0,0,0.0,0.0,4697,0,0,-1.592
254,126.584471,37.548984,200,0,0,0,0.0,0.0,4696,0,0,-1.875
255,126.584292,37.548257,200,0,0,0,0.0,0.0,4695,0,0,-1.271
256,126.585953,37.547303,200,0,0,0,0.0,0.0,4694,0,0,-0.133
257,126.586877,37.5467,200,0,0,0,0.0,0.0,4693,0,0,-0.919
258,126.58574,37.546103,200,0,0,0,0.0,0.0,4627,0,0,-2.524
259,126.587212,37.546378,200,0,0,0,0.0,0.0,4626,0,0,-1.22
260,126.588967,37.546692,200,0,0,0,0.0,0.0,4625,0,0,-1.35
261,126.590606,37.547515,200,0,0,0,0.0,0.0,4624,0,0,-2.188
262,126.592553,37.548145,200,0,0,0,0.0,0.0,4623,0,0,-2.746
263,126.594495,37.548815,200,0,0,0,0.0,0.0,4622,0,0,-2.47
264,126.596463,37.549234,200,0,0,0,0.0,0.0,4621,0,0,-0.478
265,126.596494,37.548242,200,0,0,0,0.0,0.0,4620,0,0,-0.079
266,126.596799,37.5467,200,0,0,0,0.0,0.0,4619,0,0,0.044
267,126.597078,37.545049,200,0,0,0,0.0,0.0,4618,0,0,-0.079
268,126.597524,37.543443,200,0,0,0,0.0,0.0,4617,0,0,-0.042
269,126.597793,37.541905,200,0,0,0,0.0,0.0,4616,0,0,-0.219
270,126.598189,37.540339,200,0,0,0,0.0,0.0,4615,0,0,-0.204
271,126.599606,37.539578,200,0,0,0,0.0,0.0,4614,0,0,1.145
272,126.601868,37.539624,200,0,0,0,0.0,0.0,4613,0,0,1.976
273,126.603988,37.539324,200,0,0,0,0.0,0.0,4612,0,0,2.265
274,126.604129,37.53908,200,0,0,0,0.0,0.0,4608,0,0,1.329
275,126.602397,37.539123,200,0,0,0,0.0,0.0,4607,0,0,1.02
276,126.600301,37.539235,200,0,0,0,0.0,0.0,4606,0,0,0.703
277,126.598614,37.538995,200,0,0,0,0.0,0.0,4605,0,0,-0.354
278,126.598054,37.537711,200,0,0,0,0.0,0.0,4604,0,0,-0.604
279,126.598504,37.53629,200,0,0,0,0.0,0.0,4603,0,0,0.01
280,126.598981,37.534775,200,0,0,0,0.0,0.0,4602,0,0,-0.015
281,126.598963,37.533211,200,0,0,0,0.0,0.0,4601,0,0,-0.129
282,126.599404,37.531673,200,0,0,0,0.0,0.0,4600,0,0,-0.099
283,126.59967,37.530173,200,0,0,0,0.0,0.0,4599,0,0,0.004
284,126.600025,37.528528,200,0,0,0,0.0,0.0,4598,0,0,-0.243
285,126.601148,37.527537,200,0,0,0,0.0,0.0,4597,0,0,0.849
286,126.602177,37.527291,200,0,0,0,0.0,0.0,4596,0,0,1.455
287,126.600449,37.526904,200,0,0,0,0.0,0.0,4595,0,0,-0.525
288,126.60039,37.525299,200,0,0,0,0.0,0.0,4594,0,0,-0.361
289,126.600832,37.523688,200,0,0,0,0.0,0.0,4593,0,0,-0.126
290,126.601298,37.52213,200,0,0,0,0.0,0.0,4583,0,0,0.057
291,126.601538,37.520481,200,0,0,0,0.0,0.0,4582,0,0,-0.046
292,126.602009,37.518925,200,0,0,0,0.0,0.0,4581,0,0,0.143
293,126.60212,37.517545,200,0,0,0,0.0,0.0,4580,0,0,-0.535
294,126.600231,37.517216,200,0,0,0,0.0,0.0,4579,0,0,-3.144
295,126.599626,37.516938,200,0,0,0,0.0,0.0,4578,0,0,-2.915
296,126.601414,37.516962,200,0,0,0,0.0,0.0,4577,0,0,-0.824
297,126.601988,37.515786,200,0,0,0,0.0,0.0,4576,0,0,0.021
298,126.602008,37.514125,200,0,0,0,0.0,0.0,4575,0,0,-0.352
299,126.602969,37.512999,200,0,0,0,0.0,0.0,4574,0,0,0.178
300,126.603306,37.511924,200,0,0,0,0.0,0.0,4573,0,0,-0.282
301,126.603353,37.510832,200,0,0,0,0.0,0.0,4572,0,0,-0.592
302,126.60407,37.509712,200,0,0,0,0.0,0.0,4571,0,0,0.232
303,126.604184,37.507958,200,0,0,0,0.0,0.0,4570,0,0,0.027
304,126.603974,37.50642,200,0,0,0,0.0,0.0,4569,0,0,-0.782
305,126.60405,37.505699,200,0,0,0,0.0,0.0,4568,0,0,-0.233
306,126.604308,37.50406,200,0,0,0,0.0,0.0,4567,0,0,0.006
307,126.604364,37.502261,200,0,0,0,0.0,0.0,4566,0,0,-0.044
308,126.604309,37.500768,200,0,0,0,0.0,0.0,4565,0,0,-0.127
309,126.604312,37.499089,200,0,0,0,0.0,0.0,4564,0,0,-0.036
310,126.604457,37.497291,200,0,0,0,0.0,0.0,4563,0,0,-0.42
311,126.605144,37.495967,200,0,0,0,0.0,0.0,4562,0,0,-1.174
312,126.607321,37.495939,200,0,0,0,0.0,0.0,4561,0,0,-0.384
313,126.609581,37.495985,200,0,0,0,0.0,0.0,4560,0,0,-0.352
314,126.611842,37.49603,200,0,0,0,0.0,0.0,4559,0,0,-0.352
315,126.614102,37.496076,200,0,0,0,0.0,0.0,4558,0,0,-0.352
316,126.616363,37.496122,200,0,0,0,0.0,0.0,4557,0,0,-0.352
317,126.618624,37.496167,200,0,0,0,0.0,0.0,4556,0,0,-0.356
318,126.620777,37.496232,200,0,0,0,0.0,0.0,4555,0,0,-0.43
319,126.622558,37.496507,200,0,0,0,0.0,0.0,4554,0,0,-0.955
320,126.624059,37.497178,200,0,0,0,0.0,0.0,4553,0,0,0.149
321,126.624668,37.496905,200,0,0,0,0.0,0.0,4552,0,0,-0.438
322,126.625805,37.496873,200,0,0,0,0.0,0.0,4492,0,0,-0.934
323,126.626242,37.497312,200,0,0,0,0.0,0.0,4491,0,0,-0.468
324,126.627892,37.498135,200,0,0,0,0.0,0.0,4490,0,0,-0.867
325,126.629488,37.499386,200,0,0,0,0.0,0.0,4489,0,0,-0.937
326,126.630754,37.500782,200,0,0,0,0.0,0.0,4488,0,0,-1.529
327,126.630856,37.502412,200,0,0,0,0.0,0.0,4487,0,0,-1.172
328,126.630947,37.503864,200,0,0,0,0.0,0.0,4486,0,0,0.179
329,126.632666,37.5042,200,0,0,0,0.0,0.0,4485,0,0,-0.051
330,126.634927,37.504245,200,0,0,0,0.0,0.0,4484,0,0,-0.35
331,126.637121,37.504253,200,0,0,0,0.0,0.0,4483,0,0,-0.162
332,126.638882,37.504073,200,0,0,0,0.0,0.0,4482,0,0,0.692
333,126.639481,37.502829,200,0,0,0,0.0,0.0,4481,0,0,0.223
334,126.639463,37.501235,200,0,0,0,0.0,0.0,4480,0,0,-0.035
335,126.63952,37.499434,200,0,0,0,0.0,0.0,4479,0,0,-0.14
336,126.639948,37.497907,200,0,0,0,0.0,0.0,4478,0,0,-0.032
337,126.6403,37.496467,200,0,0,0,0.0,0.0,4477,0,0,0.456
338,126.63913,37.495634,200,0,0,0,0.0,0.0,4473,0,0,-0.491
339,126.637267,37.495291,200,0,0,0,0.0,0.0,4472,0,0,-0.859
340,126.635777,37.495766,200,0,0,0,0.0,0.0,4471,0,0,-1.406
341,126.633983,37.495282,200,0,0,0,0.0,0.0,4470,0,0,-0.94
342,126.631908,37.494694,200,0,0,0,0.0,0.0,4469,0,0,-0.943
343,126.629854,37.494134,200,0,0,0,0.0,0.0,4468,0,0,-1.104
344,126.627974,37.493444,200,0,0,0,0.0,0.0,4467,0,0,-0.758
345,126.628258,37.492089,200,0,0,0,0.0,0.0,4466,0,0,1.67
346,126.629533,37.490677,200,0,0,0,0.0,0.0,4465,0,0,2.256
347,126.630319,37.489383,200,0,0,0,0.0,0.0,4464,0,0,1.916
348,126.629508,37.490256,200,0,0,0,0.0,0.0,4463,0,0,0.991
349,126.628128,37.491627,200,0,0,0,0.0,0.0,4462,0,0,0.627
350,126.626814,37.492876,200,0,0,0,0.0,0.0,4461,0,0,-1.035
351,126.625127,37.492774,200,0,0,0,0.0,0.0,4460,0,0,-1.094
352,126.623643,37.492135,200,0,0,0,0.0,0.0,4459,0,0,-0.64
353,126.622079,37.49181,200,0,0,0,0.0,0.0,4458,0,0,-0.828
354,126.620336,37.491469,200,0,0,0,0.0,0.0,4453,0,0,-0.937
355,126.618393,37.491134,200,0,0,0,0.0,0.0,4452,0,0,-1.041
356,126.616615,37.490669,200,0,0,0,0.0,0.0,4451,0,0,-0.797
357,126.614904,37.490207,200,0,0,0,0.0,0.0,4450,0,0,-0.843
358,126.613178,37.489752,200,0,0,0,0.0,0.0,4449,0,0,-0.85
359,126.611335,37.489208,200,0,0,0,0.0,0.0,4448,0,0,-0.922
360,126.609319,37.488729,200,0,0,0,0.0,0.0,4447,0,0,-0.964
361,126.608271,37.48815,200,0,0,0,0.0,0.0,4446,0,0,-0.558
362,126.606758,37.487935,200,0,0,0,0.0,0.0,4445,0,0,-1.158
363,126.605613,37.486855,200,0,0,0,0.0,0.0,4444,0,0,-0.627
364,126.603991,37.485729,200,0,0,0,0.0,0.0,4443,0,0,-0.94
365,126.602694,37.484689,200,0,0,0,0.0,0.0,4442,0,0,-0.715
366,126.602051,37.483135,200,0,0,0,0.0,0.0,4441,0,0,-0.274
367,126.600931,37.481817,200,0,0,0,0.0,0.0,4440,0,0,-0.666
368,126.599895,37.48054,200,0,0,0,0.0,0.0,4439,0,0,-0.521
369,126.598904,37.479022,200,0,0,0,0.0,0.0,4438,0,0,-0.507
370,126.598016,37.477695,200,0,0,0,0.0,0.0,4434,0,0,-0.501
371,126.597432,37.4762,200,0,0,0,0.0,0.0,4433,0,0,-0.196
372,126.596846,37.474861,200,0,0,0,0.0,0.0,4432,0,0,-0.422
373,126.595861,37.473425,200,0,0,0,0.0,0.0,4431,0,0,-0.537
374,126.595534,37.471848,200,0,0,0,0.0,0.0,4430,0,0,-0.239
375,126.595096,37.470293,200,0,0,0,0.0,0.0,4429,0,0,-0.516
376,126.595206,37.469043,200,0,0,0,0.0,0.0,4428,0,0,-0.976
377,126.596612,37.46817,200,0,0,0,0.0,0.0,4427,0,0,-0.207
378,126.598265,37.467311,200,0,0,0,0.0,0.0,4426,0,0,-0.11
379,126.599998,37.466569,200,0,0,0,0.0,0.0,4425,0,0,0.596
380,126.601269,37.465977,200,0,0,0,0.0,0.0,4424,0,0,1.473
381,126.602308,37.465496,200,0,0,0,0.0,0.0,4423,0,0,1.587
382,126.604326,37.465229,200,0,0,0,0.0,0.0,4422,0,0,-0.957
383,126.603459,37.465551,200,0,0,0,0.0,0.0,4421,0,0,0.214
384,126.603887,37.466022,200,0,0,0,0.0,0.0,4420,0,0,0.534
385,126.60571,37.466411,200,0,0,0,0.0,0.0,4419,0,0,-0.308
386,126.607646,37.467063,200,0,0,0,0.0,0.0,3717,0,0,-0.97
387,126.609006,37.468335,200,0,0,0,0.0,0.0,3716,0,0,-0.986
388,126.609667,37.469743,200,0,0,0,0.0,0.0,3715,0,0,-1.61
389,126.60904,37.471205,200,0,0,0,0.0,0.0,3714,0,0,-1.347
390,126.608384,37.472636,200,0,0,0,0.0,0.0,3713,0,0,-1.341
391,126.607791,37.474043,200,0,0,0,0.0,0.0,3712,0,0,-1.327
392,126.60724,37.475434,200,0,0,0,0.0,0.0,3711,0,0,-0.123
393,126.608528,37.476174,200,0,0,0,0.0,0.0,3710,0,0,-0.052
394,126.609827,37.476312,200,0,0,0,0.0,0.0,3709,0,0,-0.869
395,126.611287,37.476863,200,0,0,0,0.0,0.0,3708,0,0,0.024
396,126.612742,37.476558,200,0,0,0,0.0,0.0,3707,0,0,0.745
397,126.613415,37.475117,200,0,0,0,0.0,0.0,3706,0,0,0.086
398,126.614042,37.473794,200,0,0,0,0.0,0.0,3705,0,0,0.062
399,126.614611,37.472379,200,0,0,0,0.0,0.0,3704,0,0,0.01
400,126.61533,37.470848,200,0,0,0,0.0,0.0,3703,0,0,-0.418
401,126.616639,37.469825,200,0,0,0,0.0,0.0,3702,0,0,-0.349
402,126.618594,37.469082,200,0,0,0,0.0,0.0,3700,0,0,0.094
403,126.620363,37.468289,200,0,0,0,0.0,0.0,3699,0,0,-0.078
404,126.621974,37.467758,200,0,0,0,0.0,0.0,3698,0,0,0.001
405,126.623723,37.467098,200,0,0,0,0.0,0.0,3697,0,0,0.55
406,126.62468,37.46613,200,0,0,0,0.0,0.0,3696,0,0,0.844
407,126.623674,37.465198,200,0,0,0,0.0,0.0,3695,0,0,-0.09
408,126.622049,37.465771,200,0,0,0,0.0,0.0,3694,0,0,-1.186
409,126.620529,37.466346,200,0,0,0,0.0,0.0,3693,0,0,-1.217
410,126.618996,37.46691,200,0,0,0,0.0,0.0,3692,0,0,-1.193
411,126.617472,37.467481,200,0,0,0,0.0,0.0,3691,0,0,-1.226
412,126.615894,37.468066,200,0,0,0,0.0,0.0,3690,0,0,-1.937
413,126.614694,37.467313,200,0,0,0,0.0,0.0,3689,0,0,-1.457
414,126.615341,37.466162,200,0,0,0,0.0,0.0,3688,0,0,-0.64
415,126.616913,37.46556,200,0,0,0,0.0,0.0,3687,0,0,-0.126
416,126.618436,37.464988,200,0,0,0,0.0,0.0,3686,0,0,-0.1
417,126.620023,37.46435,200,0,0,0,0.0,0.0,3685,0,0,-0.132
418,126.621646,37.463698,200,0,0,0,0.0,0.0,3668,0,0,-0.019
419,126.623223,37.463089,200,0,0,0,0.0,0.0,3667,0,0,0.136
420,126.625162,37.462366,200,0,0,0,0.0,0.0,3666,0,0,0.617
421,126.6263,37.461349,200,0,0,0,0.0,0.0,3665,0,0,1.082
422,126.625353,37.460638,200,0,0,0,0.0,0.0,3664,0,0,-0.389
423,126.623806,37.461222,200,0,0,0,0.0,0.0,3663,0,0,-1.415
424,126.621885,37.461921,200,0,0,0,0.0,0.0,3662,0,0,-1.633
425,126.62016,37.46215,200,0,0,0,0.0,0.0,3661,0,0,-1.991
426,126.620323,37.461025,200,0,0,0,0.0,0.0,3660,0,0,-0.984
427,126.621837,37.460428,200,0,0,0,0.0,0.0,3659,0,0,-0.285
428,126.623533,37.459776,200,0,0,0,0.0,0.0,3658,0,0,0.161
429,126.624735,37.4588,200,0,0,0,0.0,0.0,3657,0,0,0.905
430,126.623589,37.45803,200,0,0,0,0.0,0.0,3656,0,0,-0.24
431,126.621869,37.458645,200,0,0,0,0.0,0.0,3655,0,0,-1.126
432,126.61999,37.459383,200,0,0,0,0.0,0.0,3654,0,0,-1.107
433,126.61846,37.459999,200,0,0,0,0.0,0.0,3653,0,0,-1.139
434,126.616796,37.46063,200,0,0,0,0.0,0.0,3652,0,0,-1.324
435,126.614889,37.461364,200,0,0,0,0.0,0.0,3651,0,0,-1.268
436,126.613302,37.462014,200,0,0,0,0.0,0.0,3650,0,0,-1.409
437,126.611311,37.462169,200,0,0,0,0.0,0.0,3649,0,0,-1.243
438,126.609488,37.461735,200,0,0,0,0.0,0.0,3648,0,0,-0.832
439,126.60774,37.461289,200,0,0,0,0.0,0.0,3647,0,0,-0.883
440,126.605854,37.460744,200,0,0,0,0.0,0.0,3646,0,0,-0.845
441,126.603997,37.460336,200,0,0,0,0.0,0.0,3645,0,1,-0.27
442,126.602919,37.461129,200,0,0,0,0.0,0.0,3644,0,1,-0.132
443,126.603717,37.462518,200,0,0,0,0.0,0.0,3643,0,1,-0.858
444,126.604178,37.463776,200,0,0,0,0.0,0.0,3642,0,0,-1.078
445,126.604409,37.464632,200,0,0,0,0.0,0.0,3641,0,0,-1.549
446,126.602865,37.465158,200,0,0,0,0.0,0.0,3640,0,0,0.179
447,126.601024,37.465463,200,0,0,0,0.0,0.0,3639,0,0,0.133
448,126.599337,37.465191,200,0,0,0,0.0,0.0,3638,0,0,-0.423
449,126.597304,37.464996,200,0,0,0,0.0,0.0,3637,0,1,-1.074
450,126.59532,37.465115,200,0,0,0,0.0,0.0,3629,0,1,-2.029
451,126.593776,37.465074,200,0,0,0,0.0,0.0,3628,0,1,-2.438
452,126.59492,37.464075,200,0,0,0,0.0,0.0,3627,0,1,-0.426
453,126.59552,37.462775,200,0,0,0,0.0,0.0,3626,0,1,0.088
454,126.595508,37.461032,200,0,0,0,0.0,0.0,3625,0,1,-0.017
455,126.595566,37.459231,200,0,0,0,0.0,0.0,3624,0,1,0.006
456,126.595103,37.457664,200,0,0,0,0.0,0.0,3623,0,1,-1.59
457,126.595231,37.456941,200,0,0,0,0.0,0.0,3622,0,1,-1.912
458,126.596781,37.457278,200,0,0,0,0.0,0.0,3621,0,1,-1.25
459,126.597675,37.457957,200,0,0,0,0.0,0.0,3620,0,1,-0.792
460,126.598759,37.458617,200,0,0,0,0.0,0.0,3619,0,1,-0.44
461,126.599428,37.45883,200,0,0,0,0.0,0.0,3618,0,1,-0.263
462,126.600293,37.459439,200,0,0,0,0.0,0.0,3617,0,1,0.662
463,126.601515,37.458665,200,0,0,0,0.0,0.0,3616,0,1,0.513
464,126.602686,37.45726,200,0,0,0,0.0,0.0,3615,0,1,0.741
465,126.602234,37.456072,200,0,0,0,0.0,0.0,3614,0,1,0.297
466,126.60129,37.456481,200,0,0,0,0.0,0.0,3610,0,1,-1.229
467,126.600949,37.455944,200,0,0,0,0.0,0.0,3609,0,1,-0.846
468,126.599981,37.455658,200,0,0,0,0.0,1.0,757,1,1,-0.864
469,126.599324,37.455211,200,0,0,0,0.0,1.0,803,1,1,-0.838
470,126.59843,37.45453,200,0,1,1,5.0,1.0,804,1,1,-0.309
471,126.596746,37.454771,200,0,0,0,0.0,1.0,805,1,1,-1.242
472,126.595314,37.45502,200,0,0,0,0.0,1.0,806,1,1,-1.681
473,126.593871,37.454991,200,0,0,0,0.0,0.0,3608,0,1,-1.938
474,126.594516,37.45372,200,0,0,0,0.0,0.0,3607,0,1,-0.232
475,126.595164,37.452308,200,0,0,0,0.0,0.0,3606,0,1,-0.177
476,126.596261,37.450979,200,0,0,0,0.0,0.0,3605,0,1,0.685
477,126.596569,37.449871,200,0,0,0,0.0,0.0,3604,0,1,1.06
478,126.59576,37.449839,200,0,0,0,0.0,0.0,3603,0,1,0.092
479,126.595068,37.450266,200,0,0,0,0.0,0.0,3602,0,1,-0.97
480,126.59425,37.449604,200,0,0,0,0.0,0.0,3601,0,1,-1.19
481,126.593137,37.449871,200,0,0,0,0.0,0.0,3600,0,1,-2.077
482,126.592985,37.448417,200,0,0,0,0.0,0.0,3595,0,1,-0.515
483,126.593031,37.446624,200,0,0,0,0.0,1.0,782,1,1,-0.011
484,126.593089,37.444823,200,0,0,0,0.0,1.0,783,1,1,0.012
485,126.592982,37.443296,200,0,1,1,5.0,1.0,784,1,1,-0.237
486,126.593191,37.441737,200,0,0,0,0.0,1.0,785,1,1,-0.177
487,126.593912,37.440281,200,0,0,0,0.0,1.0,786,1,1,0.133
488,126.594216,37.438687,200,0,0,0,0.0,0.0,3594,0,1,-0.927
489,126.595909,37.438171,200,0,0,0,0.0,0.0,3593,0,1,-0.57
490,126.597664,37.438246,200,0,0,0,0.0,0.0,3592,0,1,-0.441
491,126.599362,37.438316,200,0,0,0,0.0,1.0,787,1,1,-0.489
492,126.601165,37.438713,200,0,0,0,0.0,2.0,553,1,1,-1.526
493,126.602042,37.440114,200,0,1,1,5.0,2.0,552,1,1,-0.934
494,126.60304,37.44165,200,0,1,1,5.0,2.0,551,1,1,-0.848
495,126.604012,37.443158,200,0,0,0,0.0,2.0,550,1,1,-0.962
496,126.604854,37.444582,200,0,0,0,0.0,1.0,788,1,1,-0.826
497,126.605859,37.446069,200,0,0,0,0.0,0.0,3591,0,1,-0.703
498,126.606937,37.447295,200,0,0,0,0.0,0.0,3590,0,1,-0.801
499,126.607809,37.448146,200,0,0,0,0.0,0.0,3589,0,1,-0.836
500,126.608499,37.448159,200,0,0,0,0.0,0.0,3588,0,1,-2.174
501,126.608201,37.449251,200,0,0,0,0.0,0.0,3587,0,1,-0.738
502,126.609241,37.450644,200,0,0,0,0.0,0.0,3586,0,1,-0.983
503,126.610003,37.452008,200,0,0,0,0.0,0.0,3585,0,1,-0.953
504,126.61033,37.453029,200,0,0,0,0.0,0.0,3584,0,1,-0.367
505,126.611393,37.453823,200,0,0,0,0.0,0.0,3583,0,1,0.751
506,126.612353,37.45317,200,0,0,0,0.0,0.0,3582,0,1,-0.028
507,126.612958,37.453016,200,0,0,0,0.0,0.0,3581,0,1,0.242
508,126.613203,37.452312,200,0,0,0,0.0,0.0,3580,0,1,0.286
509,126.612249,37.45076,200,0,0,0,0.0,0.0,3579,0,1,-0.476
510,126.611229,37.449241,200,0,0,0,0.0,0.0,3578,0,1,-0.789
511,126.611027,37.447861,200,0,0,0,0.0,0.0,3577,0,1,-0.981
512,126.612765,37.447059,200,0,0,0,0.0,0.0,3576,0,1,-0.087
513,126.614413,37.446308,200,0,0,0,0.0,0.0,3575,0,1,0.077
514,126.615841,37.445585,200,0,0,0,0.0,0.0,3570,0,1,-0.288
515,126.616589,37.444893,200,0,0,0,0.0,0.0,3569,0,1,-0.805
516,126.617505,37.445083,200,0,0,0,0.0,0.0,3568,0,1,0.724
517,126.617851,37.443794,200,0,0,0,0.0,0.0,3567,0,1,0.085
518,126.618229,37.442669,200,0,0,0,0.0,0.0,3566,0,1,0.918
519,126.617351,37.442497,200,0,0,0,0.0,0.0,3565,0,1,-0.079
520,126.61582,37.442168,200,0,0,0,0.0,0.0,3564,0,1,-0.707
521,126.613875,37.442875,200,0,0,0,0.0,0.0,3563,0,1,-1.307
522,126.611936,37.443641,200,0,0,0,0.0,0.0,3562,0,1,-1.396
523,126.610123,37.444101,200,0,0,0,0.0,0.0,3561,0,1,-1.696
524,126.609019,37.443111,200,0,0,0,0.0,0.0,3560,0,1,-0.664
525,126.6083,37.441847,200,0,0,0,0.0,0.0,3559,0,1,-0.717
526,126.6086,37.440575,200,0,0,0,0.0,0.0,3558,0,1,-0.678
527,126.610188,37.439565,200,0,0,0,0.0,0.0,3557,0,1,-0.344
528,126.611964,37.439036,200,0,0,0,0.0,1.0,639,1,1,-0.147
529,126.613804,37.438408,200,0,0,0,0.0,2.0,631,1,1,0.598
530,126.614552,37.437181,200,0,1,1,5.0,2.0,546,1,1,0.317
531,126.613829,37.435835,200,0,1,1,5.0,2.0,545,1,1,-0.383
532,126.612825,37.434428,200,0,0,0,0.0,2.0,544,1,1,-0.571
533,126.611857,37.433014,200,0,0,0,0.0,1.0,810,1,1,-0.4
534,126.610997,37.431574,200,0,0,0,0.0,0.0,3491,0,1,-0.435
535,126.610315,37.430071,200,0,0,0,0.0,0.0,3490,0,1,-1.155
536,126.611582,37.429274,200,0,0,0,0.0,0.0,3489,0,1,-0.372
537,126.613378,37.428991,200,0,0,0,0.0,0.0,3488,0,1,0.768
538,126.61394,37.428012,200,0,0,0,0.0,0.0,3487,0,1,0.749
539,126.612535,37.427029,200,0,0,0,0.0,0.0,3486,0,0,-0.41
540,126.610284,37.426969,200,0,0,0,0.0,0.0,3485,0,0,-0.99
541,126.608213,37.426948,200,0,0,0,0.0,0.0,3484,0,0,-1.14
542,126.606415,37.42644,200,0,0,0,0.0,0.0,3483,0,0,-1.118
543,126.604789,37.425235,200,0,0,0,0.0,0.0,3482,0,0,-0.837
544,126.603471,37.423854,200,0,0,0,0.0,0.0,3481,0,0,-0.609
545,126.602437,37.422342,200,0,0,0,0.0,0.0,3480,0,0,-0.462
546,126.60149,37.420902,200,0,0,0,0.0,0.0,2989,0,0,0.104
547,126.600611,37.420124,200,0,0,0,0.0,0.0,2988,0,0,0.024
548,126.599278,37.420362,200,0,0,0,0.0,0.0,2987,0,0,-0.968
549,126.597751,37.420918,200,0,0,0,0.0,0.0,2986,0,0,-1.222
550,126.596087,37.421516,200,0,0,0,0.0,0.0,2985,0,0,-1.212
551,126.594242,37.422191,200,0,0,0,0.0,0.0,2984,0,0,-1.121
552,126.592691,37.422804,200,0,0,0,0.0,0.0,2983,0,0,-0.479
553,126.592314,37.424122,200,0,0,0,0.0,0.0,2982,0,0,-1.062
554,126.59234,37.42586,200,0,0,0,0.0,0.0,2981,0,0,-1.929
555,126.591212,37.426762,200,0,0,0,0.0,0.0,2980,0,0,-2.071
556,126.58967,37.426174,200,0,0,0,0.0,0.0,2979,0,0,-1.09
557,126.589592,37.424629,200,0,0,0,0.0,0.0,2978,0,0,-0.143
558,126.589489,37.423147,200,0,0,0,0.0,0.0,2977,0,0,-0.097
559,126.589547,37.421346,200,0,0,0,0.0,0.0,2976,0,0,-0.029
560,126.589741,37.419624,200,0,0,0,0.0,0.0,2975,0,0,-0.678
561,126.591224,37.418647,200,0,0,0,0.0,0.0,2974,0,0,-0.232
562,126.59305,37.41783,200,0,0,0,0.0,0.0,2973,0,0,0.041
563,126.59487,37.416929,200,0,0,0,0.0,0.0,2972,0,0,0.345
564,126.596153,37.41569,200,0,0,0,0.0,0.0,2971,0,0,-0.74
565,126.597563,37.415423,200,0,0,0,0.0,0.0,2970,0,0,-0.554
566,126.599128,37.415452,200,0,0,0,0.0,0.0,2969,0,0,0.17
567,126.600425,37.414752,200,0,0,0,0.0,0.0,2968,0,0,-0.246
568,126.60227,37.414199,200,0,0,0,0.0,0.0,2967,0,0,-0.164
569,126.60397,37.413782,200,0,0,0,0.0,0.0,2966,0,0,-0.267
570,126.605611,37.413565,200,0,0,0,0.0,0.0,2965,0,0,0.354
571,126.606143,37.412876,200,0,0,0,0.0,0.0,2964,0,0,-0.455
572,126.607054,37.41232,200,0,0,0,0.0,0.0,2963,0,0,0.176
573,126.607551,37.411099,200,0,0,0,0.0,0.0,2962,0,0,-0.032
574,126.606998,37.410116,200,0,0,0,0.0,0.0,2961,0,0,-1.021
575,126.607494,37.409873,200,0,0,0,0.0,0.0,2960,0,0,0.048
576,126.6071,37.408642,200,0,0,0,0.0,0.0,2959,0,0,-0.207
577,126.606336,37.407351,200,0,0,0,0.0,0.0,2958,0,0,-0.414
578,126.605987,37.406305,200,0,0,0,0.0,0.0,2957,0,0,-0.331
579,126.605633,37.405731,200,0,0,0,0.0,0.0,2956,0,0,-1.226
580,126.604234,37.405983,200,0,0,0,0.0,0.0,2955,0,0,-2.689
581,126.603684,37.40592,200,0,0,0,0.0,0.0,2954,0,0,-2.642
582,126.602132,37.405215,200,0,0,0,0.0,0.0,2953,0,0,-3.391
583,126.602662,37.405058,200,0,0,0,0.0,0.0,2952,0,0,-2.496
584,126.604913,37.405191,200,0,0,0,0.0,0.0,2951,0,0,-1.438
585,126.606564,37.404783,200,0,0,0,0.0,0.0,2950,0,0,-0.225
586,126.60754,37.404218,200,0,0,0,0.0,0.0,2949,0,0,0.661
587,126.607602,37.403117,200,0,0,0,0.0,0.0,2948,0,0,-0.187
588,126.60729,37.401756,200,0,0,0,0.0,0.0,2947,0,0,-0.348
589,126.607522,37.400318,200,0,0,0,0.0,0.0,2946,0,0,-0.243
590,126.607925,37.398958,200,0,0,0,0.0,0.0,2945,0,0,0.117
591,126.608034,37.397447,200,0,0,0,0.0,0.0,2944,0,0,-0.141
592,126.60796,37.395799,200,0,0,0,0.0,0.0,2943,0,0,-0.087
593,126.60812,37.394167,200,0,0,0,0.0,0.0,2942,0,0,-0.348
594,126.60927,37.392864,200,0,0,0,0.0,0.0,2941,0,0,0.304
595,126.60971,37.391319,200,0,0,0,0.0,0.0,2940,0,0,0.088
596,126.609767,37.389518,200,0,0,0,0.0,0.0,2939,0,0,0.02
597,126.609684,37.387827,200,0,0,0,0.0,0.0,2938,0,0,-0.349
598,126.610373,37.386372,200,0,0,0,0.0,0.0,2937,0,0,-0.044
599,126.611385,37.385055,200,0,0,0,0.0,0.0,2936,0,0,-0.027
600,126.612496,37.383759,200,0,0,0,0.0,0.0,2935,0,0,0.04
601,126.613666,37.382334,200,0,0,0,0.0,0.0,2934,0,0,0.071
602,126.614481,37.380885,200,0,0,0,0.0,0.0,2933,0,0,-0.383
603,126.615703,37.379706,200,0,0,0,0.0,0.0,2932,0,0,-0.201
604,126.617272,37.378605,200,0,0,0,0.0,0.0,2931,0,0,-0.157
605,126.61892,37.377609,200,0,0,0,0.0,0.0,2930,0,0,0.011
606,126.620556,37.376558,200,0,0,0,0.0,0.0,2929,0,0,-0.084
607,126.622197,37.375511,200,0,0,0,0.0,0.0,2928,0,0,-0.05
608,126.623875,37.374489,200,0,0,0,0.0,0.0,2927,0,0,0.173
609,126.625481,37.373273,200,0,0,0,0.0,0.0,2926,0,0,-0.153
610,126.6272,37.372217,200,0,0,0,0.0,0.0,2925,0,0,-0.069
611,126.629036,37.371247,200,0,0,0,0.0,0.0,2924,0,0,0.39
612,126.630331,37.369913,200,0,0,0,0.0,0.0,2923,0,0,-0.206
613,126.632068,37.368858,200,0,0,0,0.0,0.0,2922,0,0,0.296
614,126.633264,37.3677,200,0,0,0,0.0,0.0,2921,0,0,-0.684
615,126.63505,37.367482,200,0,0,0,0.0,0.0,2920,0,0,0.611
616,126.635635,37.366477,200,0,0,0,0.0,0.0,2919,0,0,0.038
617,126.636689,37.365186,200,0,0,0,0.0,0.0,2918,0,0,0.532
618,126.636672,37.36459,200,0,0,0,0.0,0.0,2917,0,0,-0.185
619,126.636393,37.364158,200,0,0,0,0.0,0.0,2916,0,0,-0.436
620,126.637936,37.363079,200,0,0,0,0.0,0.0,2915,0,0,0.804
621,126.639333,37.362032,200,0,0,0,0.0,0.0,2914,0,0,0.828
622,126.641046,37.36112,200,0,0,0,0.0,0.0,2913,0,0,1.29
623,126.642115,37.360327,200,0,0,0,0.0,0.0,2912,0,0,1.161
624,126.640954,37.360447,200,0,0,0,0.0,0.0,2911,0,0,-0.313
625,126.639557,37.36144,200,0,0,0,0.0,0.0,2910,0,0,-1.025
626,126.638004,37.362151,200,0,0,0,0.0,0.0,2909,0,0,-1.209
627,126.636642,37.36308,200,0,0,0,0.0,0.0,2908,0,0,-1.755
628,126.635014,37.363908,200,0,0,0,0.0,0.0,2907,0,0,-2.805
629,126.633382,37.364955,200,0,0,0,0.0,0.0,2906,0,0,-3.23
630,126.63174,37.365943,200,0,0,0,0.0,0.0,2905,0,0,-3.233
631,126.630091,37.36689,200,0,0,0,0.0,0.0,2904,0,0,-3.32
632,126.62838,37.367832,200,0,0,0,0.0,0.0,2903,0,0,-3.588
633,126.627685,37.367919,200,0,0,0,0.0,0.0,2902,0,0,-2.625
634,126.629155,37.366986,200,0,0,0,0.0,0.0,2901,0,0,-2.148
635,126.630759,37.365988,200,0,0,0,0.0,0.0,2900,0,0,-1.952
636,126.632417,37.365013,200,0,0,0,0.0,0.0,2899,0,0,-1.903
637,126.634057,37.364008,200,0,0,0,0.0,0.0,2898,0,0,-1.857
638,126.635693,37.362983,200,0,0,0,0.0,0.0,2897,0,0,-1.339
639,126.637302,37.361984,200,0,0,0,0.0,0.0,2896,0,0,-1.061
640,126.638941,37.361006,200,0,0,0,0.0,0.0,2895,0,0,-0.669
641,126.640585,37.360009,200,0,0,0,0.0,0.0,2894,0,0,0.179
642,126.642239,37.359026,200,0,0,0,0.0,0.0,2893,0,0,1.822
643,126.642935,37.358258,200,0,0,0,0.0,0.0,2892,0,0,1.452
644,126.641303,37.359146,200,0,0,0,0.0,0.0,2891,0,0,-0.222
645,126.639362,37.359509,200,0,0,0,0.0,0.0,2890,0,0,-1.793
646,126.639748,37.358551,200,0,0,0,0.0,0.0,2889,0,0,0.045
647,126.639718,37.357732,200,0,0,0,0.0,0.0,2888,0,0,-0.068
648,126.638677,37.357245,200,0,0,0,0.0,0.0,2887,0,0,-1.213
649,126.638473,37.35618,200,0,0,0,0.0,0.0,2886,0,0,0.099
650,126.637935,37.355183,200,0,0,0,0.0,0.0,2885,0,0,0.138
651,126.635833,37.355029,200,0,0,0,0.0,0.0,2884,0,0,-0.871
652,126.6339,37.355255,200,0,0,0,0.0,0.0,2883,0,0,-1.024
653,126.632315,37.355588,200,0,0,0,0.0,0.0,2882,0,0,-1.134
654,126.630449,37.355802,200,0,0,0,0.0,0.0,2881,0,0,-1.208
655,126.62885,37.355916,200,0,0,0,0.0,0.0,2880,0,0,-1.139
656,126.627163,37.355299,200,0,0,0,0.0,0.0,2879,0,0,-0.705
657,126.625342,37.35502,200,0,0,0,0.0,0.0,2878,0,0,-1.226
658,126.623089,37.355001,200,0,0,0,0.0,0.0,2872,0,0,-1.343
659,126.620832,37.35499,200,0,0,0,0.0,0.0,2871,0,0,-1.201
660,126.618575,37.35498,200,0,0,0,0.0,0.0,2870,0,0,-1.033
661,126.616318,37.354969,200,0,0,0,0.0,0.0,2869,0,0,-0.83
662,126.614546,37.355357,200,0,0,0,0.0,0.0,2868,0,0,-1.312
663,126.614189,37.356908,200,0,0,0,0.0,0.0,2867,0,0,-3.21
664,126.614132,37.35871,200,0,0,0,0.0,0.0,2866,0,0,-3.59
665,126.614222,37.360399,200,0,0,0,0.0,0.0,2865,0,0,-3.444
666,126.614249,37.362136,200,0,0,0,0.0,0.0,2864,0,0,-3.396
667,126.614192,37.363938,200,0,0,0,0.0,0.0,2863,0,0,-3.388
668,126.614135,37.365739,200,0,0,0,0.0,0.0,2862,0,0,-3.42
669,126.614078,37.36754,200,0,0,0,0.0,0.0,2861,0,0,-3.598
670,126.614029,37.369335,200,0,0,0,0.0,0.0,2860,0,0,-3.602
671,126.614119,37.370835,200,0,0,0,0.0,0.0,2859,0,0,-3.477
672,126.614148,37.372315,200,0,0,0,0.0,0.0,2858,0,0,-3.389
673,126.614096,37.374112,200,0,0,0,0.0,0.0,2857,0,0,-2.712
674,126.615179,37.374802,200,0,0,0,0.0,0.0,2453,0,0,-1.18
675,126.61691,37.374375,200,0,0,0,0.0,0.0,2452,0,0,-1.863
676,126.618515,37.37353,200,0,0,0,0.0,0.0,2451,0,0,-2.151
677,126.619301,37.372741,200,0,0,0,0.0,0.0,2450,0,0,-2.429
678,126.620719,37.372256,200,0,0,0,0.0,0.0,2449,0,0,-2.993
679,126.619707,37.373117,200,0,0,0,0.0,0.0,2448,0,0,-3.55
680,126.618051,37.374154,200,0,0,0,0.0,0.0,2447,0,0,-3.342
681,126.616349,37.375215,200,0,0,0,0.0,0.0,2446,0,0,-2.835
682,126.614663,37.376197,200,0,0,0,0.0,0.0,2445,0,0,-2.581
683,126.613592,37.375865,200,0,0,0,0.0,0.0,2444,0,0,-1.979
684,126.613746,37.374649,200,0,0,0,0.0,0.0,2443,0,0,-1.704
685,126.613678,37.373058,200,0,0,0,0.0,0.0,2442,0,0,-2.333
686,126.613735,37.371257,200,0,0,0,0.0,0.0,2441,0,0,-2.481
687,126.613792,37.369455,200,0,0,0,0.0,0.0,2440,0,0,-2.646
688,126.613803,37.367689,200,0,0,0,0.0,0.0,2439,0,0,-2.718
689,126.613674,37.366028,200,0,0,0,0.0,0.0,2438,0,0,-2.465
690,126.613732,37.364227,200,0,0,0,0.0,0.0,2436,0,0,-2.398
691,126.613789,37.362426,200,0,0,0,0.0,0.0,2435,0,0,-2.399
692,126.613846,37.360625,200,0,0,0,0.0,0.0,2434,0,0,-2.508
693,126.61388,37.358841,200,0,0,0,0.0,0.0,2433,0,0,-2.676
694,126.613753,37.357222,200,0,0,0,0.0,0.0,2432,0,0,-2.434
695,126.61366,37.355923,200,0,0,0,0.0,0.0,2431,0,0,-1.313
696,126.612828,37.355121,200,0,0,0,0.0,0.0,2430,0,0,-0.91
697,126.610576,37.355093,200,0,0,0,0.0,0.0,2429,0,0,-1.336
698,126.60832,37.35507,200,0,0,0,0.0,0.0,2428,0,0,-1.26
699,126.606063,37.355046,200,0,0,0,0.0,0.0,2427,0,0,-1.096
700,126.603806,37.355023,200,0,0,0,0.0,0.0,2426,0,0,-1.011
701,126.601549,37.354999,200,0,0,0,0.0,0.0,2425,0,0,-1.007
702,126.599292,37.354976,200,0,0,0,0.0,0.0,2424,0,0,-1.007
703,126.597035,37.354952,200,0,0,0,0.0,0.0,2423,0,0,-0.977
704,126.595084,37.355038,200,0,0,0,0.0,0.0,2422,0,0,-1.133
705,126.593021,37.355066,200,0,0,0,0.0,0.0,2421,0,0,-1.017
706,126.590765,37.35502,200,0,0,0,0.0,0.0,2420,0,0,-1.001
707,126.588508,37.354974,200,0,0,0,0.0,0.0,2419,0,0,-0.989
708,126.586417,37.354993,200,0,0,0,0.0,0.0,2418,0,0,-1.108
709,126.584478,37.355072,200,0,0,0,0.0,0.0,2417,0,0,-1.407
710,126.58288,37.354526,200,0,0,0,0.0,0.0,2416,0,0,-1.183
711,126.582708,37.352899,200,0,0,0,0.0,0.0,2415,0,0,-0.092
712,126.582765,37.351098,200,0,0,0,0.0,0.0,2414,0,0,-0.011
713,126.582823,37.349297,200,0,0,0,0.0,0.0,2413,0,0,-0.047
714,126.58297,37.347569,200,0,0,0,0.0,0.0,2412,0,0,-1.019
715,126.584665,37.347106,200,0,0,0,0.0,0.0,2411,0,0,-0.503
716,126.586922,37.347102,200,0,0,0,0.0,0.0,2410,0,0,-0.056
717,126.589179,37.347098,200,0,0,0,0.0,0.0,2409,0,0,0.092
718,126.591175,37.346769,200,0,0,0,0.0,0.0,2408,0,0,-0.257
719,126.592401,37.346723,200,0,0,0,0.0,0.0,2407,0,0,-0.937
720,126.594318,37.347162,200,0,0,0,0.0,0.0,2406,0,0,-0.221
721,126.596342,37.347088,200,0,0,0,0.0,0.0,2405,0,0,-0.376
722,126.598109,37.347131,200,0,0,0,0.0,0.0,2404,0,0,0.062
723,126.599178,37.346157,200,0,0,0,0.0,0.0,2403,0,0,-1.213
724,126.600149,37.344851,200,0,0,0,0.0,0.0,2402,0,0,-2.181
725,126.601467,37.344363,200,0,0,0,0.0,0.0,2401,0,0,-3.102
726,126.600217,37.345284,200,0,0,0,0.0,0.0,2400,0,0,-3.298
727,126.599718,37.346756,200,0,0,0,0.0,0.0,2399,0,0,-1.186
728,126.600712,37.34702,200,0,0,0,0.0,0.0,2398,0,0,-0.112
729,126.602241,37.347026,200,0,0,0,0.0,0.0,2397,0,0,-0.456
730,126.604348,37.347185,200,0,0,0,0.0,0.0,2396,0,0,-0.32
731,126.606604,37.347231,200,0,0,0,0.0,0.0,2395,0,0,-0.352
732,126.60886,37.347277,200,0,0,0,0.0,0.0,2394,0,0,-0.324
733,126.61097,37.347227,200,0,0,0,0.0,0.0,2393,0,0,-0.243
734,126.613085,37.347283,200,0,0,0,0.0,0.0,2392,0,0,0.22
735,126.61447,37.346632,200,0,0,0,0.0,0.0,2391,0,0,0.699
736,126.614497,37.345047,200,0,0,0,0.0,0.0,2390,0,0,-0.174
737,126.614715,37.343508,200,0,0,0,0.0,0.0,2389,0,0,-1.0
738,126.616434,37.343063,200,0,0,0,0.0,0.0,2374,0,0,-0.521
739,126.61869,37.343057,200,0,0,0,0.0,0.0,2373,0,0,-0.071
740,126.620947,37.343051,200,0,0,0,0.0,0.0,2372,0,0,0.254
741,126.622611,37.342487,200,0,0,0,0.0,0.0,2371,0,0,-0.028
742,126.62413,37.341817,200,0,0,0,0.0,0.0,2370,0,0,-0.715
743,126.626386,37.341862,200,0,0,0,0.0,0.0,2369,0,0,-0.352
744,126.628642,37.341907,200,0,0,0,0.0,0.0,2368,0,0,-0.352
745,126.630898,37.341953,200,0,0,0,0.0,0.0,2367,0,0,-0.306
746,126.632991,37.341861,200,0,0,0,0.0,0.0,2366,0,0,-0.33
747,126.63519,37.341858,200,0,0,0,0.0,0.0,2365,0,0,-0.356
748,126.637446,37.341903,200,0,0,0,0.0,0.0,2364,0,0,-0.31
749,126.639506,37.341836,200,0,0,0,0.0,0.0,2363,0,0,-0.441
750,126.641441,37.341963,200,0,0,0,0.0,0.0,2362,0,0,-0.199
751,126.643359,37.341846,200,0,0,0,0.0,0.0,2361,0,0,-0.373
752,126.645612,37.341886,200,0,0,0,0.0,0.0,2360,0,0,-0.352
753,126.647868,37.341931,200,0,0,0,0.0,0.0,2359,0,0,-0.352
754,126.650124,37.341976,200,0,0,0,0.0,0.0,2134,0,0,-0.377
755,126.652282,37.342104,200,0,0,0,0.0,0.0,2133,0,0,-1.19
756,126.653085,37.343234,200,0,0,0,0.0,0.0,2132,0,0,0.257
757,126.6544,37.343201,200,0,0,0,0.0,0.0,2131,0,0,-0.347
758,126.656137,37.34366,200,0,0,0,0.0,0.0,2130,0,0,-0.52
759,126.658017,37.344287,200,0,0,0,0.0,0.0,2129,0,0,-0.414
760,126.659953,37.344921,200,0,0,0,0.0,0.0,2128,0,0,-0.486
761,126.661798,37.345518,200,0,0,0,0.0,0.0,2127,0,0,-0.881
762,126.662903,37.346393,200,0,0,0,0.0,0.0,2126,0,0,-1.304
763,126.663226,37.347269,200,0,0,0,0.0,0.0,2125,0,0,-0.106
764,126.664385,37.347878,200,0,0,0,0.0,0.0,2124,0,0,-1.73
765,126.66375,37.348935,200,0,0,0,0.0,0.0,2123,0,0,-0.871
766,126.66317,37.349955,200,0,0,0,0.0,0.0,2122,0,0,0.984
767,126.664845,37.350009,200,0,0,0,0.0,0.0,2121,0,0,-0.557
768,126.666226,37.351073,200,0,0,0,0.0,0.0,2120,0,0,-0.967
769,126.66745,37.35239,200,0,0,0,0.0,0.0,2119,0,0,-0.463
770,126.668788,37.353126,200,0,0,0,0.0,0.0,1880,0,0,0.529
771,126.670497,37.352329,200,0,0,0,0.0,0.0,1879,0,0,-0.119
772,126.672266,37.351627,200,0,0,0,0.0,0.0,1878,0,0,-0.384
773,126.674279,37.351686,200,0,0,0,0.0,0.0,1877,0,0,-0.686
774,126.676091,37.352564,200,0,0,0,0.0,0.0,1876,0,0,-0.902
775,126.677559,37.353859,200,0,0,0,0.0,0.0,1875,0,0,-0.885
776,126.678882,37.355186,200,0,0,0,0.0,0.0,1874,0,0,-0.795
777,126.680182,37.356441,200,0,0,0,0.0,0.0,1873,0,0,-0.861
778,126.681411,37.357737,200,0,0,0,0.0,0.0,1872,0,0,-0.888
779,126.682547,37.359181,200,0,0,0,0.0,0.0,1871,0,0,-0.65
780,126.683691,37.360505,200,0,0,0,0.0,0.0,1870,0,0,-0.618
781,126.68437,37.361668,200,0,0,0,0.0,0.0,1869,0,0,1.016
782,126.685826,37.362013,200,0,0,0,0.0,0.0,1868,0,0,1.292
783,126.684994,37.361069,200,0,0,0,0.0,0.0,1867,0,0,-0.149
784,126.686116,37.360555,200,0,0,0,0.0,0.0,1866,0,0,-1.042
785,126.687905,37.361062,200,0,0,0,0.0,0.0,1865,0,0,-0.715
786,126.689627,37.361849,200,0,0,0,0.0,0.0,1557,0,0,-0.347
787,126.691491,37.362208,200,0,0,0,0.0,0.0,1556,0,0,-0.422
788,126.693479,37.362527,200,0,0,0,0.0,0.0,1555,0,0,-0.433
789,126.69536,37.36296,200,0,0,0,0.0,0.0,1554,0,0,-0.317
790,126.697446,37.363244,200,0,0,0,0.0,0.0,1553,0,0,-0.42
791,126.699224,37.363648,200,0,0,0,0.0,0.0,1552,0,0,-0.393
792,126.700942,37.363956,200,0,0,0,0.0,0.0,1551,0,0,-0.523
793,126.702827,37.364407,200,0,0,0,0.0,0.0,1550,0,0,-0.419
794,126.704709,37.36507,200,0,0,0,0.0,0.0,1549,0,0,-0.632
795,126.706445,37.365966,200,0,0,0,0.0,0.0,1548,0,0,-0.758
796,126.707935,37.367088,200,0,0,0,0.0,0.0,1547,0,0,-0.864
797,126.709287,37.368355,200,0,0,0,0.0,0.0,1546,0,0,-0.929
798,126.709998,37.369805,200,0,0,0,0.0,0.0,1545,0,0,-0.943
799,126.709105,37.371212,200,0,0,0,0.0,0.0,1544,0,0,0.418
800,126.708228,37.372701,200,0,0,0,0.0,0.0,1543,0,0,0.723
801,126.707439,37.374167,200,0,0,0,0.0,0.0,1542,0,0,0.783
802,126.706645,37.375595,200,0,0,0,0.0,0.0,1381,0,0,0.774
803,126.705784,37.377146,200,0,0,0,0.0,0.0,1380,0,0,0.793
804,126.7047,37.378662,200,0,0,0,0.0,0.0,1379,0,0,0.702
805,126.703229,37.37993,200,0,0,0,0.0,0.0,1378,0,0,0.632
806,126.70165,37.380978,200,0,0,0,0.0,0.0,1377,0,1,0.726
807,126.70002,37.381948,200,0,0,0,0.0,0.0,1376,0,1,0.796
808,126.698139,37.382803,200,0,0,0,0.0,0.0,1375,0,1,1.133
809,126.697967,37.383144,200,0,0,0,0.0,0.0,1374,0,1,2.251
810,126.699799,37.382497,200,0,0,0,0.0,0.0,1373,0,1,2.158
811,126.701467,37.381481,200,0,0,0,0.0,0.0,1372,0,1,2.06
812,126.703137,37.38055,200,0,0,0,0.0,0.0,1371,0,1,2.059
813,126.704528,37.379328,200,0,0,0,0.0,0.0,1370,0,0,2.055
814,126.705704,37.377973,200,0,0,0,0.0,0.0,1369,0,0,2.09
815,126.70672,37.376511,200,0,0,0,0.0,0.0,1368,0,0,2.052
816,126.7075,37.375066,200,0,0,0,0.0,0.0,1367,0,0,2.036
817,126.708259,37.373632,200,0,0,0,0.0,0.0,1366,0,0,2.007
818,126.709131,37.372165,200,0,0,0,0.0,0.0,1365,0,0,1.89
819,126.710191,37.370701,200,0,0,0,0.0,0.0,1364,0,0,0.617
820,126.711639,37.370988,200,0,0,0,0.0,0.0,1363,0,0,-0.91
821,126.712986,37.372342,200,0,0,0,0.0,0.0,1362,0,0,-0.414
822,126.714428,37.373682,200,0,0,0,0.0,0.0,1361,0,0,-0.47
823,126.715778,37.37505,200,0,0,0,0.0,0.0,1360,0,0,-0.114
824,126.717336,37.376355,200,0,0,0,0.0,0.0,1359,0,0,-0.148
825,126.718893,37.377659,200,0,0,0,0.0,0.0,1358,0,0,-0.163
826,126.720345,37.378994,200,0,0,0,0.0,0.0,1357,0,0,-0.226
827,126.721697,37.380319,200,0,0,0,0.0,0.0,1356,0,0,0.496
828,126.723256,37.380605,200,0,0,0,0.0,0.0,1355,0,0,1.391
829,126.722584,37.379436,200,0,0,0,0.0,0.0,1354,0,0,0.351
830,126.721175,37.378093,200,0,0,0,0.0,0.0,1353,0,0,-0.05
831,126.719865,37.376731,200,0,0,0,0.0,0.0,1352,0,0,-0.058
832,126.718492,37.375432,200,0,0,0,0.0,0.0,1351,0,0,-0.012
833,126.717245,37.374252,200,0,0,0,0.0,0.0,1350,0,0,-0.198
834,126.71593,37.372963,200,0,0,0,0.0,0.0,870,0,0,-0.303
835,126.714724,37.371642,200,0,0,0,0.0,0.0,869,0,0,-0.256
836,126.713504,37.370247,200,0,0,0,0.0,0.0,868,0,0,-0.446
837,126.712442,37.368712,200,0,0,0,0.0,0.0,867,0,0,-0.491
838,126.711372,37.367284,200,0,0,0,0.0,0.0,866,0,0,-0.451
839,126.710255,37.365875,200,0,0,0,0.0,0.0,865,0,0,-0.452
840,126.709037,37.364559,200,0,0,0,0.0,0.0,864,0,0,-0.434
841,126.707635,37.363391,200,0,0,0,0.0,0.0,863,0,1,-0.542
842,126.706115,37.362536,200,0,0,0,0.0,0.0,862,0,1,-0.632
843,126.70457,37.361884,200,0,0,0,0.0,0.0,861,0,1,-0.699
844,126.70276,37.361209,200,0,0,0,0.0,0.0,860,0,0,-0.829
845,126.700903,37.360663,200,0,0,0,0.0,1.0,830,1,0,-0.868
846,126.699094,37.360219,200,0,0,0,0.0,1.0,648,1,0,-0.822
847,126.697323,37.359806,200,0,1,1,5.0,1.0,649,1,0,-0.857
848,126.695529,37.35941,200,0,0,0,0.0,1.0,650,1,0,-0.836
849,126.693686,37.358925,200,0,0,0,0.0,1.0,651,1,0,-1.008
850,126.691793,37.358298,200,0,0,0,0.0,0.0,881,0,0,-0.893
851,126.689851,37.357605,200,0,0,0,0.0,0.0,880,0,0,-0.994
852,126.688212,37.356634,200,0,0,0,0.0,0.0,879,0,0,-0.843
853,126.686852,37.355473,200,0,0,0,0.0,0.0,878,0,0,-0.52
854,126.685775,37.354552,200,0,0,0,0.0,0.0,877,0,0,-0.887
855,126.684904,37.353241,200,0,0,0,0.0,0.0,876,0,0,-0.448
856,126.684183,37.351786,200,0,0,0,0.0,0.0,875,0,0,-0.324
857,126.683798,37.350268,200,0,0,0,0.0,0.0,874,0,0,-0.534
858,126.683473,37.348816,200,0,0,0,0.0,0.0,873,0,0,-0.827
859,126.684594,37.348974,200,0,0,0,0.0,0.0,872,0,1,0.056
860,126.685299,37.349247,200,0,0,0,0.0,1.0,842,0,1,0.73
861,126.68678,37.349735,200,0,0,0,0.0,1.0,826,1,1,1.334
862,126.687319,37.349394,200,0,1,1,5.0,1.0,827,1,1,1.447
863,126.68605,37.348498,200,0,0,0,0.0,1.0,828,1,1,0.547
864,126.684852,37.348431,200,0,0,0,0.0,1.0,829,1,1,0.316
865,126.683797,37.347951,200,0,0,0,0.0,0.0,871,0,1,-0.414
866,126.68292,37.347468,200,0,0,0,0.0,0.0,897,0,0,-0.797
867,126.681695,37.346751,200,0,0,0,0.0,0.0,896,0,0,-1.852
868,126.68283,37.345955,200,0,0,0,0.0,0.0,895,0,0,-0.356
869,126.684337,37.3453,200,0,0,0,0.0,0.0,894,0,1,0.545
870,126.684394,37.34431,200,0,0,0,0.0,0.0,893,0,1,-0.208
871,126.68404,37.343385,200,0,0,0,0.0,0.0,892,0,1,-1.196
872,126.685339,37.342542,200,0,0,0,0.0,0.0,891,0,1,0.343
873,126.685763,37.341289,200,0,0,0,0.0,0.0,890,0,1,-0.762
874,126.687346,37.340504,200,0,0,0,0.0,0.0,889,0,1,0.268
875,126.688299,37.339631,200,0,0,0,0.0,0.0,888,0,1,0.068
876,126.688294,37.338987,200,0,0,0,0.0,0.0,887,0,1,-0.859
877,126.689409,37.338441,200,0,0,0,0.0,0.0,886,0,1,0.356
878,126.689532,37.337328,200,0,0,0,0.0,0.0,885,0,1,-0.098
879,126.689256,37.33626,200,0,0,0,0.0,0.0,884,0,1,-0.671
880,126.689755,37.335817,200,0,0,0,0.0,0.0,883,0,1,0.347
881,126.688434,37.334879,200,0,0,0,0.0,0.0,882,0,1,-0.421
882,126.686588,37.334326,200,0,0,0,0.0,0.0,913,0,1,-0.825
883,126.684892,37.333852,200,0,0,0,0.0,0.0,912,0,1,-0.801
884,126.683073,37.333421,200,0,0,0,0.0,0.0,911,0,1,-0.964
885,126.681237,37.332949,200,0,0,0,0.0,0.0,910,0,1,-0.84
886,126.679488,37.332584,200,0,0,0,0.0,0.0,909,0,0,-1.01
887,126.678143,37.332183,200,0,0,0,0.0,0.0,908,0,0,-0.6
888,126.676374,37.332299,200,0,0,0,0.0,0.0,907,0,0,-0.941
889,126.675189,37.333078,200,0,0,0,0.0,0.0,906,0,0,-2.252
890,126.674247,37.33237,200,0,0,0,0.0,0.0,905,0,0,-1.211
891,126.673378,37.330937,200,0,0,0,0.0,0.0,904,0,0,0.058
892,126.671671,37.330226,200,0,0,0,0.0,0.0,903,0,0,-1.01
893,126.66977,37.329695,200,0,0,0,0.0,0.0,902,0,0,-1.596
894,126.667756,37.329201,200,0,0,0,0.0,0.0,901,0,0,-1.597
895,126.665928,37.32871,200,0,0,0,0.0,0.0,900,0,0,-1.616
896,126.663951,37.328088,200,0,0,0,0.0,0.0,899,0,0,-1.669
897,126.662153,37.327611,200,0,0,0,0.0,0.0,898,0,0,-1.543
898,126.660479,37.327124,200,0,0,0,0.0,0.0,929,0,0,-1.539
899,126.658587,37.326642,200,0,0,0,0.0,0.0,928,0,0,-1.636
900,126.656646,37.326106,200,0,0,0,0.0,0.0,927,0,0,-1.39
901,126.654944,37.32626,200,0,0,0,0.0,0.0,926,0,0,-2.163
902,126.654301,37.325746,200,0,0,0,0.0,0.0,925,0,0,-1.186
903,126.652824,37.324956,200,0,0,0,0.0,0.0,924,0,0,-1.564
904,126.651042,37.324429,200,0,0,0,0.0,0.0,923,0,0,-1.803
905,126.649207,37.323876,200,0,0,0,0.0,0.0,922,0,0,-1.842
906,126.647522,37.323382,200,0,0,0,0.0,0.0,921,0,0,-1.891
907,126.645775,37.322951,200,0,0,0,0.0,0.0,920,0,0,-1.862
908,126.644106,37.32246,200,0,0,0,0.0,0.0,919,0,0,-1.857
909,126.642374,37.322018,200,0,0,0,0.0,0.0,918,0,0,-1.852
910,126.640682,37.321544,200,0,0,0,0.0,0.0,917,0,0,-1.441
911,126.639019,37.32105,200,0,0,0,0.0,0.0,916,0,0,-0.95
912,126.637327,37.320576,200,0,0,0,0.0,0.0,915,0,0,-0.79
913,126.636123,37.320151,200,0,0,0,0.0,0.0,914,0,0,-0.948
914,126.637895,37.320104,200,0,0,0,0.0,0.0,945,0,0,-0.38
915,126.639994,37.320268,200,0,0,0,0.0,0.0,944,0,0,0.661
916,126.641695,37.320734,200,0,0,0,0.0,0.0,943,0,0,0.673
917,126.643363,37.321225,200,0,0,0,0.0,0.0,942,0,0,-0.176
918,126.645096,37.321667,200,0,0,0,0.0,0.0,941,0,0,-0.948
919,126.646788,37.32214,200,0,0,0,0.0,0.0,940,0,0,-1.313
920,126.648451,37.322635,200,0,0,0,0.0,0.0,939,0,0,-1.316
921,126.650198,37.323066,200,0,0,0,0.0,0.0,938,0,0,-1.267
922,126.651867,37.323557,200,0,0,0,0.0,0.0,937,0,0,-1.221
923,126.653576,37.324016,200,0,0,0,0.0,0.0,936,0,0,-1.123
924,126.6553,37.324465,200,0,0,0,0.0,0.0,935,0,0,-0.89
925,126.657213,37.325002,200,0,0,0,0.0,0.0,934,0,0,-0.903
926,126.659161,37.325544,200,0,0,0,0.0,0.0,933,0,0,-1.026
927,126.66118,37.32611,200,0,0,0,0.0,0.0,932,0,0,-0.983
928,126.663062,37.32664,200,0,0,0,0.0,0.0,931,0,0,-1.08
929,126.664795,37.327151,200,0,0,0,0.0,0.0,930,0,0,-1.117
930,126.66648,37.327629,200,0,0,0,0.0,0.0,961,0,0,-1.051
931,126.668296,37.328149,200,0,0,0,0.0,0.0,960,0,0,-1.051
932,126.670229,37.328658,200,0,0,0,0.0,0.0,959,0,0,-0.75
933,126.671702,37.328385,200,0,0,0,0.0,0.0,958,0,0,0.452
934,126.672706,37.327113,200,0,0,0,0.0,0.0,957,0,0,0.121
935,126.673639,37.325624,200,0,0,0,0.0,0.0,956,0,0,-0.156
936,126.674968,37.32422,200,0,0,0,0.0,0.0,955,0,0,0.141
937,126.675765,37.322724,200,0,0,0,0.0,0.0,954,0,0,-0.275
938,126.675697,37.321941,200,0,0,0,0.0,0.0,953,0,0,-0.289
939,126.676764,37.321385,200,0,0,0,0.0,0.0,952,0,0,1.155
940,126.677642,37.320897,200,0,0,0,0.0,0.0,951,0,0,-0.19
941,126.67988,37.320935,200,0,0,0,0.0,0.0,950,0,0,-0.181
942,126.681774,37.32133,200,0,0,0,0.0,0.0,949,0,0,1.301
943,126.682933,37.321166,200,0,0,0,0.0,0.0,948,0,0,1.321
944,126.684531,37.321101,200,0,0,0,0.0,0.0,947,0,0,1.358
945,126.685872,37.321115,200,0,0,0,0.0,0.0,946,0,0,0.659
946,126.68805,37.321095,200,0,0,0,0.0,0.0,977,0,0,-0.181
947,126.690306,37.321139,200,0,0,0,0.0,0.0,976,0,0,-0.181
948,126.692561,37.321183,200,0,0,0,0.0,0.0,975,0,0,-0.181
949,126.694644,37.321246,200,0,0,0,0.0,0.0,974,0,0,0.357
950,126.696753,37.321265,200,0,0,0,0.0,0.0,973,0,0,-0.181
951,126.699001,37.321315,200,0,0,0,0.0,0.0,972,0,0,0.016
952,126.700504,37.321879,200,0,0,0,0.0,0.0,971,0,0,0.98
953,126.701463,37.322703,200,0,0,0,0.0,0.0,970,0,0,0.672
954,126.702475,37.323127,200,0,0,0,0.0,0.0,969,0,0,1.326
955,126.70321,37.322201,200,0,0,0,0.0,0.0,968,0,0,1.125
956,126.702353,37.322038,200,0,0,0,0.0,0.0,967,0,0,0.394
957,126.701915,37.321589,200,0,0,0,0.0,0.0,966,0,0,0.817
958,126.703735,37.321551,200,0,0,0,0.0,0.0,965,0,0,0.157
959,126.705337,37.321739,200,0,0,0,0.0,0.0,964,0,0,1.6
960,126.70741,37.321472,200,0,0,0,0.0,0.0,963,0,0,-0.181
961,126.709666,37.321515,200,0,0,0,0.0,0.0,962,0,0,-0.181
962,126.711921,37.321559,200,0,0,0,0.0,0.0,993,0,0,-0.181
963,126.714163,37.321613,200,0,0,0,0.0,0.0,992,0,0,0.073
964,126.715996,37.32167,200,0,0,0,0.0,0.0,991,0,0,0.927
965,126.717877,37.321696,200,0,0,0,0.0,0.0,990,0,0,0.354
966,126.719987,37.321715,200,0,0,0,0.0,0.0,989,0,0,-0.181
967,126.722242,37.321758,200,0,0,0,0.0,0.0,988,0,0,-0.181
968,126.724498,37.321802,200,0,0,0,0.0,0.0,987,0,0,-0.181
969,126.726753,37.321845,200,0,0,0,0.0,0.0,986,0,0,-0.032
970,126.728606,37.321924,200,0,0,0,0.0,0.0,985,0,0,1.027
971,126.730626,37.321919,200,0,0,0,0.0,0.0,984,0,0,-0.18
972,126.732882,37.321963,200,0,0,0,0.0,0.0,983,0,0,-0.143
973,126.734773,37.322433,200,0,0,0,0.0,0.0,982,0,0,1.867
974,126.735847,37.322058,200,0,0,0,0.0,0.0,981,0,0,0.35
975,126.738042,37.322061,200,0,0,0,0.0,0.0,980,0,0,-0.181
976,126.740298,37.322105,200,0,0,0,0.0,0.0,979,0,0,-0.181
977,126.742553,37.322148,200,0,0,0,0.0,0.0,978,0,0,-0.181
978,126.744809,37.322191,200,0,0,0,0.0,0.0,1009,0,0,-0.181
979,126.747065,37.322234,200,0,0,0,0.0,0.0,1008,0,0,-0.181
980,126.74932,37.322277,200,0,0,0,0.0,0.0,1007,0,1,-0.181
981,126.751576,37.32232,200,0,0,0,0.0,0.0,1006,0,1,-0.181
982,126.753831,37.322362,200,0,0,0,0.0,0.0,1005,0,1,-0.181
983,126.75602,37.322424,200,0,0,0,0.0,0.0,1004,0,1,0.475
984,126.758024,37.322442,200,0,0,0,0.0,0.0,1003,0,1,0.0
985,126.760191,37.322514,200,0,0,0,0.0,0.0,1002,0,1,0.609
986,126.762038,37.322537,200,0,0,0,0.0,0.0,1001,0,1,0.407
987,126.764126,37.322787,200,0,0,0,0.0,0.0,1000,0,1,1.054
988,126.765677,37.322914,200,0,0,0,0.0,0.0,999,0,0,1.341
989,126.766907,37.323122,200,0,0,0,0.0,0.0,998,0,0,1.287
990,126.768299,37.323012,200,0,0,0,0.0,0.0,997,0,0,1.459
991,126.770121,37.322671,200,0,0,0,0.0,0.0,996,0,0,-0.181
992,126.772376,37.322713,200,0,0,0,0.0,0.0,995,0,0,-0.181
993,126.774632,37.322756,200,0,0,0,0.0,0.0,994,0,0,-0.181
994,126.776888,37.322798,200,0,0,0,0.0,0.0,1025,0,0,-0.186
995,126.778248,37.323328,200,0,0,0,0.0,0.0,1024,0,0,1.097
996,126.779146,37.323423,200,0,0,0,0.0,0.0,1023,0,0,1.888
997,126.780369,37.322863,200,0,0,0,0.0,0.0,1022,0,0,-0.125
998,126.782624,37.322906,200,0,0,0,0.0,0.0,1021,0,0,-0.181
999,126.78488,37.322948,200,0,0,0,0.0,0.0,1020,0,0,-0.181
1000,126.786931,37.323077,200,0,0,0,0.0,0.0,1019,0,0,0.469
1001,126.787542,37.323685,200,0,0,0,0.0,0.0,1018,0,0,2.115
1002,126.788997,37.323025,200,0,0,0,0.0,0.0,1017,0,0,-0.006
1003,126.791253,37.323067,200,0,0,0,0.0,0.0,1016,0,0,-0.181
1004,126.793508,37.323109,200,0,0,0,0.0,0.0,1015,0,0,-0.181
1005,126.795764,37.323151,200,0,0,0,0.0,0.0,1014,0,0,-0.181
1006,126.79802,37.323193,200,0,0,0,0.0,0.0,1013,0,0,-0.181
1007,126.800275,37.323235,200,0,0,0,0.0,0.0,1012,0,0,-0.181
1008,126.802531,37.323277,200,0,0,0,0.0,0.0,1011,0,0,-0.181
1009,126.804787,37.323319,200,0,0,0,0.0,0.0,1010,0,0,-0.181
1010,126.807043,37.323361,200,0,0,0,0.0,0.0,1041,0,0,-0.181
1011,126.809298,37.323403,200,0,0,0,0.0,0.0,1040,0,0,-0.181
1012,126.811554,37.323445,200,0,0,0,0.0,0.0,1039,0,0,-0.181
1013,126.81381,37.323486,200,0,0,0,0.0,0.0,1038,0,0,-0.181
1014,126.816066,37.323528,200,0,0,0,0.0,0.0,1037,0,0,-0.181
1015,126.818321,37.32357,200,0,0,0,0.0,0.0,1036,0,0,-0.181
1016,126.820577,37.323611,200,0,0,0,0.0,0.0,1035,0,0,-0.181
1017,126.822833,37.323653,200,0,0,0,0.0,0.0,1034,0,0,-0.181
1018,126.825089,37.323694,200,0,0,0,0.0,0.0,1033,0,0,-0.181
1019,126.827344,37.323736,200,0,0,0,0.0,0.0,1032,0,0,-0.181
1020,126.8296,37.323777,200,0,0,0,0.0,0.0,1031,0,0,-0.181
1021,126.831856,37.323819,200,0,0,0,0.0,0.0,1030,0,0,-0.181
1022,126.834112,37.32386,200,0,0,0,0.0,0.0,1029,0,0,-0.181
1023,126.836367,37.323901,200,0,0,0,0.0,0.0,1028,0,0,-0.181
1024,126.838623,37.323942,200,0,0,0,0.0,0.0,1027,0,0,-0.181
1025,126.840879,37.323984,200,0,0,0,0.0,0.0,1026,0,0,-0.181
1026,126.843135,37.324025,200,0,0,0,0.0,0.0,1057,0,0,-0.235
1027,126.844284,37.324911,200,0,0,0,0.0,0.0,1056,0,0,-1.098
1028,126.844208,37.326636,200,0,0,0,0.0,0.0,1055,0,0,-0.359
1029,126.844188,37.328259,200,0,0,0,0.0,0.0,1054,0,0,-1.108
1030,126.844136,37.33006,200,0,0,0,0.0,0.0,1053,0,0,-1.172
1031,126.844085,37.331862,200,0,0,0,0.0,0.0,1052,0,0,-1.172
1032,126.844033,37.333663,200,0,0,0,0.0,0.0,1051,0,0,-1.172
1033,126.843982,37.335465,200,0,0,0,0.0,0.0,1050,0,0,-1.172
1034,126.84393,37.337266,200,0,0,0,0.0,0.0,1049,0,0,-1.172
1035,126.843879,37.339068,200,0,0,0,0.0,0.0,1048,0,0,-1.172
1036,126.843827,37.340869,200,0,0,0,0.0,0.0,1047,0,0,-1.172
1037,126.843776,37.342671,200,0,0,0,0.0,0.0,1046,0,0,-1.172
1038,126.843724,37.344472,200,0,0,0,0.0,0.0,1045,0,0,-1.172
1039,126.843673,37.346274,200,0,0,0,0.0,0.0,1044,0,0,-1.172
1040,126.843621,37.348075,200,0,0,0,0.0,0.0,1043,0,0,-1.172
1041,126.84357,37.349877,200,0,0,0,0.0,0.0,1042,0,0,-1.172
1042,126.843518,37.351678,200,0,0,0,0.0,0.0,1073,0,0,-1.172
1043,126.843466,37.35348,200,0,0,0,0.0,0.0,1072,0,0,-1.172
1044,126.843415,37.355281,200,0,0,0,0.0,0.0,1071,0,0,-1.172
1045,126.843363,37.357083,200,0,0,0,0.0,0.0,1070,0,0,-1.172
1046,126.843312,37.358884,200,0,0,0,0.0,0.0,1069,0,0,-1.172
1047,126.84326,37.360686,200,0,0,0,0.0,0.0,1068,0,0,-1.172
1048,126.843209,37.362487,200,0,0,0,0.0,0.0,1067,0,0,-1.172
1049,126.843157,37.364289,200,0,0,0,0.0,0.0,1066,0,0,-1.172
1050,126.843105,37.36609,200,0,0,0,0.0,0.0,1065,0,0,-1.172
1051,126.843054,37.367892,200,0,0,0,0.0,0.0,1064,0,0,-1.172
1052,126.843002,37.369693,200,0,0,0,0.0,0.0,1063,0,0,-1.172
1053,126.842951,37.371495,200,0,0,0,0.0,0.0,1062,0,0,-1.172
1054,126.842899,37.373296,200,0,0,0,0.0,0.0,1061,0,0,-1.172
1055,126.842847,37.375098,200,0,0,0,0.0,0.0,1060,0,0,-1.172
1056,126.842741,37.376846,200,0,0,0,0.0,0.0,1059,0,0,-0.369
1057,126.842492,37.378431,200,0,0,0,0.0,0.0,1058,0,0,1.111
1058,126.840955,37.379568,200,0,0,0,0.0,0.0,1089,0,0,-0.165
1059,126.839042,37.380226,200,0,0,0,0.0,0.0,1088,0,0,-1.086
1060,126.837114,37.380673,200,0,0,0,0.0,0.0,1087,0,0,-1.617
1061,126.835564,37.380135,200,0,0,0,0.0,0.0,1086,0,0,-1.055
1062,126.834667,37.378613,200,0,0,0,0.0,0.0,1085,0,0,0.839
1063,126.833652,37.379156,200,0,0,0,0.0,0.0,1084,0,0,-0.452
1064,126.83254,37.380587,200,0,0,0,0.0,0.0,1083,0,0,-1.275
1065,126.831461,37.381977,200,0,0,0,0.0,0.0,1082,0,0,-1.156
1066,126.830826,37.383059,200,0,0,0,0.0,0.0,1081,0,0,-0.15
1067,126.831844,37.384334,200,0,0,0,0.0,0.0,1080,0,0,-0.123
1068,126.833362,37.384656,200,0,0,0,0.0,0.0,1079,0,0,0.258
1069,126.835312,37.384092,200,0,0,0,0.0,0.0,1078,0,0,-0.206
1070,126.837262,37.383718,200,0,0,0,0.0,0.0,1077,0,0,0.037
1071,126.839156,37.382984,200,0,0,0,0.0,0.0,1076,0,0,0.257
1072,126.840805,37.381833,200,0,0,0,0.0,0.0,1075,0,0,0.581
1073,126.841267,37.380632,200,0,0,0,0.0,0.0,1074,0,0,0.328
1074,126.841964,37.379507,200,0,0,0,0.0,0.0,1105,0,0,1.347
1075,126.842707,37.379992,200,0,0,0,0.0,0.0,1104,0,0,-1.016
1076,126.842656,37.381793,200,0,0,0,0.0,0.0,1103,0,0,-1.172
1077,126.842604,37.383595,200,0,0,0,0.0,0.0,1102,0,0,-1.172
1078,126.842552,37.385396,200,0,0,0,0.0,0.0,1101,0,0,-1.172
1079,126.842501,37.387198,200,0,0,0,0.0,0.0,1100,0,0,-1.172
1080,126.842449,37.388999,200,0,0,0,0.0,0.0,1099,0,0,-1.172
1081,126.842397,37.390801,200,0,0,0,0.0,0.0,1098,0,0,-1.172
1082,126.842346,37.392602,200,0,0,0,0.0,0.0,1097,0,0,-1.172
1083,126.842294,37.394404,200,0,0,0,0.0,0.0,1096,0,0,-1.172
1084,126.842242,37.396205,200,0,0,0,0.0,0.0,1095,0,0,-1.172
1085,126.842191,37.398007,200,0,0,0,0.0,0.0,1094,0,0,-1.172
1086,126.842139,37.399808,200,0,0,0,0.0,0.0,1093,0,0,-1.172
1087,126.842087,37.40161,200,0,0,0,0.0,0.0,1092,0,0,-1.172
1088,126.842036,37.403411,200,0,0,0,0.0,0.0,1091,0,0,-1.172
1089,126.841984,37.405213,200,0,0,0,0.0,0.0,1090,0,0,-1.172
1090,126.841932,37.407014,200,0,0,0,0.0,0.0,1121,0,0,-1.172
1091,126.841881,37.408816,200,0,0,0,0.0,0.0,1120,0,0,-1.172
1092,126.841829,37.410617,200,0,0,0,0.0,0.0,1119,0,0,-1.172
1093,126.841777,37.412419,200,0,0,0,0.0,0.0,1118,0,0,-1.172
1094,126.841725,37.41422,200,0,0,0,0.0,0.0,1117,0,0,-1.172
1095,126.841674,37.416022,200,0,0,0,0.0,0.0,1116,0,0,-1.172
1096,126.841622,37.417823,200,0,0,0,0.0,0.0,1115,0,0,-1.172
1097,126.84157,37.419624,200,0,0,0,0.0,0.0,1114,0,0,-1.172
1098,126.841519,37.421426,200,0,0,0,0.0,0.0,1113,0,0,-1.172
1099,126.841467,37.423227,200,0,0,0,0.0,0.0,1112,0,0,-1.172
1100,126.84139,37.424909,200,0,0,0,0.0,0.0,1111,0,0,-0.302
1101,126.841371,37.426576,200,0,0,0,0.0,0.0,1110,0,0,-1.172
1102,126.841319,37.428377,200,0,0,0,0.0,0.0,1109,0,0,-1.172
1103,126.841267,37.430179,200,0,0,0,0.0,0.0,1108,0,0,-1.172
1104,126.841215,37.43198,200,0,0,0,0.0,0.0,1107,0,0,-1.172
1105,126.841164,37.433782,200,0,0,0,0.0,0.0,1106,0,0,-1.172
1106,126.841112,37.435583,200,0,0,0,0.0,0.0,1137,0,0,-1.172
1107,126.84106,37.437384,200,0,0,0,0.0,0.0,1136,0,0,-1.172
1108,126.841008,37.439186,200,0,0,0,0.0,0.0,1135,0,0,-1.172
1109,126.840957,37.440987,200,0,0,0,0.0,0.0,1134,0,0,-1.172
1110,126.840905,37.442789,200,0,0,0,0.0,0.0,1133,0,0,-1.172
1111,126.840853,37.44459,200,0,0,0,0.0,0.0,1132,0,0,-1.172
1112,126.840801,37.446392,200,0,0,0,0.0,0.0,1131,0,0,-1.172
1113,126.840749,37.448193,200,0,0,0,0.0,0.0,1130,0,0,-1.172
1114,126.840698,37.449995,200,0,0,0,0.0,0.0,1129,0,0,-1.172
1115,126.840646,37.451796,200,0,0,0,0.0,0.0,1128,0,0,-1.172
1116,126.840594,37.453598,200,0,0,0,0.0,0.0,1127,0,0,-1.172
1117,126.840542,37.455399,200,0,0,0,0.0,0.0,1126,0,0,-1.172
1118,126.84049,37.457201,200,0,0,0,0.0,0.0,1125,0,0,-1.172
1119,126.840438,37.459002,200,0,0,0,0.0,0.0,1124,0,0,-1.172
1120,126.840387,37.460804,200,0,0,0,0.0,0.0,1123,0,0,-1.172
1121,126.840335,37.462605,200,0,0,0,0.0,0.0,1122,0,0,-1.172
1122,126.840283,37.464406,200,0,0,0,0.0,0.0,1153,0,0,-1.172
1123,126.840231,37.466208,200,0,0,0,0.0,0.0,1152,0,0,-1.172
1124,126.840179,37.468009,200,0,0,0,0.0,0.0,1151,0,0,-1.172
1125,126.840127,37.469811,200,0,0,0,0.0,0.0,1150,0,0,-1.172
1126,126.840076,37.471612,200,0,0,0,0.0,0.0,1149,0,0,-1.172
1127,126.840024,37.473414,200,0,0,0,0.0,0.0,1148,0,0,-1.172
1128,126.839972,37.475215,200,0,0,0,0.0,0.0,1147,0,0,-1.172
1129,126.83992,37.477017,200,0,0,0,0.0,0.0,1146,0,0,-1.172
1130,126.839868,37.478818,200,0,0,0,0.0,0.0,1145,0,0,-1.172
1131,126.839816,37.48062,200,0,0,0,0.0,0.0,1144,0,0,-1.172
1132,126.839764,37.482421,200,0,0,0,0.0,0.0,1143,0,0,-1.172
1133,126.839712,37.484222,200,0,0,0,0.0,0.0,1142,0,0,-1.172
1134,126.839661,37.486024,200,0,0,0,0.0,0.0,1141,0,0,-1.172
1135,126.839609,37.487825,200,0,0,0,0.0,0.0,1140,0,0,-1.172
1136,126.839557,37.489627,200,0,0,0,0.0,0.0,1139,0,0,-1.172
1137,126.839505,37.491428,200,0,0,0,0.0,0.0,1138,0,0,-1.172
1138,126.839431,37.493069,200,0,0,0,0.0,0.0,1169,0,0,-0.586
1139,126.839408,37.494776,200,0,0,0,0.0,0.0,1168,0,0,-1.172
1140,126.839356,37.496578,200,0,0,0,0.0,0.0,1167,0,0,-1.172
1141,126.839304,37.498379,200,0,0,0,0.0,0.0,1166,0,0,-1.172
1142,126.839253,37.500181,200,0,0,0,0.0,0.0,1165,0,0,-1.172
1143,126.839201,37.501982,200,0,0,0,0.0,0.0,1164,0,0,-1.172
1144,126.839149,37.503784,200,0,0,0,0.0,0.0,1163,0,0,-1.172
1145,126.839097,37.505585,200,0,0,0,0.0,0.0,1162,0,0,-1.172
1146,126.839045,37.507387,200,0,0,0,0.0,0.0,1161,0,0,-1.172
1147,126.838993,37.509188,200,0,0,0,0.0,0.0,1160,0,0,-1.172
1148,126.838941,37.510989,200,0,0,0,0.0,0.0,1159,0,0,-1.172
1149,126.838889,37.512791,200,0,0,0,0.0,0.0,1158,0,0,-1.172
1150,126.838837,37.514592,200,0,0,0,0.0,0.0,1157,0,0,-1.172
1151,126.838785,37.516394,200,0,0,0,0.0,0.0,1156,0,0,-1.172
1152,126.838733,37.518195,200,0,0,0,0.0,0.0,1155,0,0,-1.172
1153,126.838681,37.519997,200,0,0,0,0.0,0.0,1154,0,0,-1.172
1154,126.838606,37.521774,200,0,0,0,0.0,0.0,1185,0,0,-0.661
1155,126.838581,37.523346,200,0,0,0,0.0,0.0,1184,0,0,-0.809
1156,126.838532,37.525146,200,0,0,0,0.0,0.0,1183,0,0,-1.172
1157,126.83848,37.526948,200,0,0,0,0.0,0.0,1182,0,0,-1.172
1158,126.838428,37.528749,200,0,0,0,0.0,0.0,1181,0,0,-1.172
1159,126.838376,37.530551,200,0,0,0,0.0,0.0,1180,0,0,-1.172
1160,126.838324,37.532352,200,0,0,0,0.0,0.0,1179,0,0,-1.172
1161,126.838272,37.534153,200,0,0,0,0.0,0.0,1178,0,0,-1.172
1162,126.83822,37.535955,200,0,0,0,0.0,0.0,1177,0,0,-1.172
1163,126.838168,37.537756,200,0,0,0,0.0,0.0,1176,0,0,-1.172
1164,126.838116,37.539558,200,0,0,0,0.0,0.0,1175,0,0,-1.172
1165,126.838064,37.541359,200,0,0,0,0.0,0.0,1174,0,0,-1.172
1166,126.838012,37.543161,200,0,0,0,0.0,0.0,1173,0,0,-1.172
1167,126.83796,37.544962,200,0,0,0,0.0,0.0,1172,0,0,-1.172
1168,126.837908,37.546763,200,0,0,0,0.0,0.0,1171,0,0,-1.172
1169,126.837856,37.548565,200,0,0,0,0.0,0.0,1170,0,0,-1.172
1170,126.837804,37.550366,200,0,0,0,0.0,0.0,1201,0,0,-1.172
1171,126.837752,37.552168,200,0,0,0,0.0,0.0,1200,0,0,-1.172
1172,126.837674,37.553906,200,0,0,0,0.0,0.0,1199,0,0,-0.658
1173,126.837655,37.555516,200,0,0,0,0.0,0.0,1198,0,0,-1.103
1174,126.837603,37.557317,200,0,0,0,0.0,0.0,1197,0,0,-1.172
1175,126.837551,37.559119,200,0,0,0,0.0,0.0,1196,0,0,-1.172
1176,126.837499,37.56092,200,0,0,0,0.0,0.0,1195,0,0,-1.172
1177,126.837447,37.562722,200,0,0,0,0.0,0.0,1194,0,0,-1.172
1178,126.837395,37.564523,200,0,0,0,0.0,0.0,1193,0,0,-1.172
1179,126.837343,37.566324,200,0,0,0,0.0,0.0,1192,0,0,-1.172
1180,126.83729,37.568126,200,0,0,0,0.0,0.0,1191,0,0,-1.172
1181,126.837238,37.569927,200,0,0,0,0.0,0.0,1190,0,0,-1.172
1182,126.837186,37.571729,200,0,0,0,0.0,0.0,1189,0,0,-1.172
1183,126.837134,37.57353,200,0,0,0,0.0,0.0,1188,0,0,-1.172
1184,126.837082,37.575332,200,0,0,0,0.0,0.0,1187,0,0,-1.172
1185,126.83703,37.577133,200,0,0,0,0.0,0.0,1186,0,0,-1.146
1186,126.836256,37.578457,200,0,0,0,0.0,0.0,1217,0,0,-0.261
1187,126.834528,37.579276,200,0,0,0,0.0,0.0,1216,0,0,-1.287
1188,126.832742,37.580021,200,0,0,0,0.0,0.0,1215,0,0,-1.35
1189,126.830776,37.580837,200,0,0,0,0.0,0.0,1214,0,0,-1.352
1190,126.828886,37.581692,200,0,0,0,0.0,0.0,1213,0,0,-1.143
1191,126.827357,37.582736,200,0,0,0,0.0,0.0,1212,0,0,-1.393
1192,126.825787,37.583727,200,0,0,0,0.0,0.0,1211,0,0,-1.377
1193,126.823992,37.584624,200,0,0,0,0.0,0.0,1210,0,0,-1.217
1194,126.823057,37.585473,200,0,0,0,0.0,0.0,1209,0,0,-1.599
1195,126.821576,37.585756,200,0,0,0,0.0,0.0,1208,0,0,-1.095
1196,126.819849,37.586862,200,0,0,0,0.0,0.0,1207,0,0,-1.509
1197,126.818053,37.587871,200,0,0,0,0.0,0.0,1206,0,0,-1.374
1198,126.816324,37.588902,200,0,0,0,0.0,0.0,1205,0,0,-1.179
1199,126.814735,37.590168,200,0,0,0,0.0,0.0,1204,0,0,-1.459
1200,126.813094,37.591207,200,0,0,0,0.0,0.0,1203,0,0,-1.035
1201,126.81206,37.592368,200,0,0,0,0.0,0.0,1202,0,0,-1.387
1202,126.81092,37.593454,200,0,0,0,0.0,0.0,1233,0,0,-1.334
1203,126.809645,37.594793,200,0,0,0,0.0,0.0,1232,0,0,-1.39
1204,126.808568,37.596094,200,0,0,0,0.0,0.0,1231,0,0,-1.455
1205,126.807768,37.59672,200,0,0,0,0.0,0.0,1230,0,0,-1.381
1206,126.806469,37.597919,200,0,0,0,0.0,0.0,1229,0,0,-1.404
1207,126.805305,37.59905,200,0,0,0,0.0,0.0,1228,0,0,-1.388
1208,126.803971,37.600071,200,0,0,0,0.0,0.0,1227,0,0,-1.719
1209,126.802198,37.600094,200,0,0,0,0.0,0.0,1226,0,0,-0.347
1210,126.800438,37.599552,200,0,0,0,0.0,0.0,1225,0,0,0.407
1211,126.799733,37.600103,200,0,0,0,0.0,0.0,1224,0,0,0.842
1212,126.800965,37.600784,200,0,0,0,0.0,0.0,1223,0,0,0.509
1213,126.802167,37.601538,200,0,0,0,0.0,0.0,1222,0,0,-1.786
1214,126.801143,37.602944,200,0,0,0,0.0,0.0,1221,0,0,-1.574
1215,126.799739,37.604245,200,0,0,0,0.0,0.0,1220,0,0,-1.635
1216,126.79807,37.605418,200,0,0,0,0.0,0.0,1219,0,0,-1.55
1217,126.796429,37.606273,200,0,0,0,0.0,0.0,1218,0,0,-1.396
1218,126.794642,37.606896,200,0,0,0,0.0,0.0,1249,0,0,-1.292
1219,126.792702,37.607345,200,0,0,0,0.0,0.0,1248,0,0,-1.312
1220,126.790584,37.607277,200,0,0,0,0.0,0.0,1247,0,0,-0.398
1221,126.790027,37.607747,200,0,0,0,0.0,0.0,1246,0,0,-0.411
1222,126.791226,37.609074,200,0,0,0,0.0,0.0,1245,0,0,-1.238
1223,126.792074,37.61022,200,0,0,0,0.0,0.0,1244,0,0,-2.254
1224,126.7909,37.610821,200,0,0,0,0.0,0.0,1243,0,0,-1.828
1225,126.789044,37.611554,200,0,0,0,0.0,0.0,1242,0,0,-1.444
1226,126.787212,37.61174,200,0,0,0,0.0,0.0,1241,0,0,-1.881
1227,126.786982,37.610506,200,0,0,0,0.0,0.0,1240,0,0,0.044
1228,126.787899,37.609316,200,0,0,0,0.0,0.0,1239,0,0,0.405
1229,126.789588,37.608513,200,0,0,0,0.0,0.0,1238,0,0,0.279
1230,126.789177,37.607536,200,0,0,0,0.0,0.0,1237,0,0,-0.106
1231,126.78763,37.60802,200,0,0,0,0.0,0.0,1236,0,0,-0.237
1232,126.786814,37.609064,200,0,0,0,0.0,0.0,1235,0,0,-0.34
1233,126.785501,37.610038,200,0,0,0,0.0,0.0,1234,0,0,-1.138
1234,126.783845,37.611085,200,0,0,0,0.0,0.0,1265,0,0,-1.248
1235,126.782148,37.612136,200,0,0,0,0.0,0.0,1264,0,0,-1.41
1236,126.780309,37.613125,200,0,0,0,0.0,0.0,1263,0,0,-1.093
1237,126.778846,37.614368,200,0,0,0,0.0,0.0,1262,0,0,-1.354
1238,126.777376,37.615474,200,0,0,0,0.0,0.0,1261,0,0,-1.336
1239,126.775815,37.616584,200,0,0,0,0.0,0.0,1260,0,0,-1.577
1240,126.774037,37.617357,200,0,0,0,0.0,0.0,1259,0,0,-1.065
1241,126.772453,37.61851,200,0,0,0,0.0,0.0,1258,0,0,-1.666
1242,126.770599,37.619287,200,0,0,0,0.0,0.0,1257,0,0,-1.311
1243,126.768742,37.619933,200,0,0,0,0.0,0.0,1256,0,0,-1.395
1244,126.766544,37.620261,200,0,0,0,0.0,0.0,1255,0,0,-1.185
1245,126.764517,37.620744,200,0,0,0,0.0,0.0,1254,0,0,-1.275
1246,126.762492,37.621276,200,0,0,0,0.0,0.0,1253,0,0,-1.247
1247,126.760476,37.62178,200,0,0,0,0.0,0.0,1252,0,0,-1.292
1248,126.758493,37.622295,200,0,0,0,0.0,0.0,1251,0,0,-1.174
1249,126.75664,37.623099,200,0,0,0,0.0,0.0,1250,0,0,-1.387
1250,126.754743,37.623895,200,0,0,0,0.0,0.0,1281,0,0,-1.223
1251,126.752933,37.624665,200,0,0,0,0.0,0.0,1280,0,0,-1.169
1252,126.751242,37.625767,200,0,0,0,0.0,0.0,1279,0,0,-1.348
1253,126.749598,37.626785,200,0,0,0,0.0,0.0,1278,0,0,-1.312
1254,126.747913,37.62772,200,0,0,0,0.0,0.0,1277,0,0,-1.469
1255,126.7461,37.628442,200,0,0,0,0.0,0.0,1276,0,0,-1.245
1256,126.744275,37.629093,200,0,0,0,0.0,0.0,1275,0,0,-0.98
1257,126.74266,37.630112,200,0,0,0,0.0,0.0,1274,0,0,-1.392
1258,126.74091,37.631145,200,0,0,0,0.0,0.0,1273,0,0,-0.948
1259,126.739838,37.632493,200,0,0,0,0.0,0.0,1272,0,0,-1.484
1260,126.738456,37.633755,200,0,0,0,0.0,0.0,1271,0,0,-1.635
1261,126.736697,37.634754,200,0,0,0,0.0,0.0,1270,0,0,-1.323
1262,126.735015,37.635739,200,0,0,0,0.0,0.0,1269,0,0,-1.372
1263,126.733321,37.636459,200,0,0,0,0.0,0.0,1268,0,0,-1.293
1264,126.731436,37.637131,200,0,0,0,0.0,0.0,1267,0,0,-1.257
1265,126.729657,37.637896,200,0,0,0,0.0,0.0,1266,0,0,-1.299
1266,126.727894,37.63875,200,0,0,0,0.0,0.0,1297,0,0,-1.211
1267,126.726127,37.639787,200,0,0,0,0.0,0.0,1296,0,0,-1.475
1268,126.724258,37.640662,200,0,0,0,0.0,0.0,1295,0,0,-1.431
1269,126.722298,37.641449,200,0,0,0,0.0,0.0,1294,0,0,-1.212
1270,126.720539,37.642185,200,0,0,0,0.0,0.0,1293,0,0,-1.278
1271,126.718732,37.643059,200,0,0,0,0.0,0.0,1292,0,0,-1.386
1272,126.716958,37.643862,200,0,0,0,0.0,0.0,1291,0,0,-1.372
1273,126.71505,37.644644,200,0,0,0,0.0,0.0,1290,0,0,-1.171
1274,126.713492,37.645508,200,0,0,0,0.0,0.0,1289,0,0,-1.158
1275,126.713466,37.646418,200,0,0,0,0.0,0.0,1288,0,0,-2.289
1276,126.712343,37.646103,200,0,0,0,0.0,0.0,1287,0,0,-1.197
1277,126.710453,37.646878,200,0,0,0,0.0,0.0,1286,0,0,-1.264
1278,126.708576,37.647651,200,0,0,0,0.0,0.0,1285,0,0,-1.259
1279,126.706686,37.648421,200,0,0,0,0.0,0.0,1284,0,0,-0.927
1280,126.705427,37.649721,200,0,0,0,0.0,0.0,1283,0,0,-1.628
1281,126.703883,37.650635,200,0,0,0,0.0,0.0,1282,0,0,-1.13
1282,126.702521,37.651995,200,0,0,0,0.0,0.0,1313,0,0,-0.754
1283,126.702577,37.653525,200,0,0,0,0.0,0.0,1312,0,0,-1.533
1284,126.701856,37.654905,200,0,0,0,0.0,0.0,1311,0,0,-1.852
1285,126.700108,37.655785,200,0,0,0,0.0,0.0,1310,0,0,-1.269
1286,126.698402,37.656707,200,0,0,0,0.0,0.0,1309,0,0,-1.371
1287,126.696617,37.657643,200,0,0,0,0.0,0.0,1308,0,0,-1.413
1288,126.695035,37.658267,200,0,0,0,0.0,0.0,1307,0,0,-1.265
1289,126.693511,37.658845,200,0,0,0,0.0,0.0,1306,0,0,-1.278
1290,126.691698,37.659505,200,0,0,0,0.0,0.0,1305,0,0,-1.304
1291,126.689723,37.660291,200,0,0,0,0.0,0.0,1304,0,0,-1.329
1292,126.68782,37.661052,200,0,0,0,0.0,0.0,1303,0,0,-1.365
1293,126.685904,37.661852,200,0,0,0,0.0,0.0,1302,0,0,-1.33
1294,126.683989,37.662658,200,0,0,0,0.0,0.0,1301,0,0,-1.355
1295,126.682031,37.663408,200,0,0,0,0.0,0.0,1300,0,0,-1.155
1296,126.680268,37.664378,200,0,0,0,0.0,0.0,1299,0,0,-1.376
1297,126.678362,37.665262,200,0,0,0,0.0,0.0,1298,0,0,-0.988
1298,126.676881,37.666576,200,0,0,0,0.0,0.0,1329,0,0,-1.254
1299,126.675573,37.667859,200,0,0,0,0.0,0.0,1328,0,0,-1.369
1300,126.67428,37.669018,200,0,0,0,0.0,0.0,1327,0,0,-1.657
1301,126.672431,37.669952,200,0,0,0,0.0,0.0,1326,0,0,-1.299
1302,126.670783,37.6709,200,0,0,0,0.0,0.0,1325,0,0,-1.155
1303,126.669124,37.672064,200,0,0,0,0.0,0.0,1324,0,0,-1.127
1304,126.667729,37.673362,200,0,0,0,0.0,0.0,1323,0,0,-1.327
1305,126.666429,37.674629,200,0,0,0,0.0,0.0,1322,0,0,-1.38
1306,126.665077,37.675883,200,0,0,0,0.0,0.0,1321,0,0,-1.375
1307,126.663749,37.677199,200,0,0,0,0.0,0.0,1320,0,0,-1.309
1308,126.662711,37.678467,200,0,0,0,0.0,0.0,1319,0,0,-1.33
1309,126.661796,37.679793,200,0,0,0,0.0,0.0,1318,0,0,-1.342
1310,126.660732,37.681306,200,0,0,0,0.0,0.0,1317,0,0,-1.502
1311,126.659458,37.682363,200,0,0,0,0.0,0.0,1316,0,0,-0.716
1312,126.65869,37.682699,200,0,0,0,0.0,0.0,1315,0,0,0.407
1313,126.659132,37.683961,200,0,0,0,0.0,0.0,1314,0,0,-1.366
1314,126.659025,37.68572,200,0,0,0,0.0,0.0,1345,0,0,-1.338
1315,126.658969,37.687522,200,0,0,0,0.0,0.0,1344,0,0,-1.247
1316,126.659227,37.689102,200,0,0,0,0.0,0.0,1343,0,0,-1.025
1317,126.659806,37.690711,200,0,0,0,0.0,0.0,1342,0,0,-0.62
1318,126.660938,37.691827,200,0,0,0,0.0,0.0,1341,0,0,-0.201
1319,126.662536,37.692567,200,0,0,0,0.0,0.0,1340,0,0,-1.378
1320,126.663313,37.694012,200,0,0,0,0.0,0.0,1339,0,0,-0.853
1321,126.664144,37.69536,200,0,0,0,0.0,0.0,1338,0,0,-1.419
1322,126.663845,37.69688,200,0,0,0,0.0,0.0,1337,0,0,-1.423
1323,126.66312,37.698397,200,0,0,0,0.0,0.0,1336,0,0,-1.255
1324,126.662759,37.699935,200,0,0,0,0.0,0.0,1335,0,0,-1.074
1325,126.662841,37.701697,200,0,0,0,0.0,0.0,1334,0,0,-1.051
1326,126.66303,37.703445,200,0,0,0,0.0,0.0,1333,0,0,-0.937
1327,126.663416,37.704996,200,0,0,0,0.0,0.0,1332,0,0,-0.939
1328,126.664103,37.706466,200,0,0,0,0.0,0.0,1331,0,0,-1.002
1329,126.664796,37.707787,200,0,0,0,0.0,0.0,1330,0,0,-1.097
1330,126.665353,37.709255,200,0,0,0,0.0,0.0,1349,0,0,-1.253
1331,126.66551,37.710894,200,0,0,0,0.0,0.0,1348,0,0,-1.234
1332,126.665779,37.712449,200,0,0,0,0.0,0.0,1347,0,0,-1.11
1333,126.666237,37.713885,200,0,0,0,0.0,1.0,838,0,0,-1.163
1334,126.666613,37.715518,200,0,0,0,0.0,1.0,839,0,0,-0.882
1335,126.667193,37.717102,200,1,0,1,5.0,1.0,840,0,0,-1.113
1336,126.6676,37.718606,200,0,0,0,0.0,1.0,841,0,0,-1.027
1337,126.668008,37.720024,200,0,0,0,0.0,1.0,843,0,0,-1.046
1338,126.668567,37.721595,200,0,0,0,0.0,0.0,1346,0,0,-0.908
1339,126.669266,37.723255,200,0,0,0,0.0,1.0,825,1,0,-1.032
1340,126.670024,37.724899,200,0,0,0,0.0,4.0,443,1,0,-0.935
1341,126.670622,37.72656,200,1,0,1,5.0,4.0,442,1,0,-0.954
1342,126.671127,37.72814,200,3,0,3,15.0,5.0,368,1,0,-1.212
1343,126.671055,37.729718,200,0,0,0,0.0,8.0,318,1,0,-1.412
1344,126.670588,37.731157,200,1,0,1,5.0,14.0,211,1,0,-1.089
1345,126.670384,37.732838,200,3,0,3,15.0,13.0,223,1,0,-1.161
1346,126.67021,37.734619,200,7,0,7,35.0,13.0,230,1,0,-1.365
1347,126.669978,37.736129,200,2,0,2,10.0,19.0,149,1,0,-1.229
1348,126.669866,37.737849,200,0,0,0,0.0,20.0,135,1,0,-1.352
1349,126.669667,37.739543,200,7,0,7,35.0,14.0,220,1,0,-1.205
1350,126.669426,37.741263,200,4,0,4,20.0,15.0,196,1,0,-1.144
1351,126.669211,37.74301,200,1,0,1,5.0,22.0,113,1,0,-1.434
1352,126.668716,37.744555,200,3,0,3,15.0,18.0,158,1,0,-1.349
1353,126.668064,37.746107,200,7,0,7,35.0,15.0,201,1,0,-1.172
1354,126.667656,37.747824,200,3,0,3,15.0,17.0,171,1,0,-1.227
1355,126.667318,37.749605,200,1,0,1,5.0,16.0,177,1,0,-1.29
1356,126.666929,37.751329,200,3,0,3,15.0,10.0,275,1,0,-1.402
1357,126.666459,37.752827,200,2,0,2,10.0,7.0,324,1,0,-1.41
1358,126.665917,37.754292,200,1,0,1,5.0,11.0,261,1,0,-1.262
1359,126.665321,37.755882,200,0,0,0,0.0,10.0,272,1,0,-1.466
1360,126.6645,37.75725,200,5,0,5,25.0,14.0,218,1,0,-1.41
1361,126.663712,37.758481,200,2,0,2,10.0,14.0,216,1,0,-1.423
1362,126.662882,37.759698,200,6,0,6,30.0,17.0,169,1,0,-1.316
1363,126.661896,37.761198,200,1,0,1,5.0,16.0,191,1,0,-1.384
1364,126.660845,37.762581,200,3,0,3,15.0,19.0,148,1,0,-1.279
1365,126.659796,37.764095,200,4,0,4,20.0,18.0,157,1,0,-1.421
1366,126.658568,37.765496,200,5,0,5,25.0,20.0,127,1,0,-1.379
1367,126.65744,37.766871,200,5,0,5,25.0,22.0,112,1,0,-1.452
1368,126.656109,37.768198,200,3,0,3,15.0,21.0,116,1,0,-1.436
1369,126.654779,37.76933,200,5,0,5,25.0,20.0,125,1,0,-1.246
1370,126.653551,37.770673,200,3,0,3,15.0,22.0,114,1,0,-1.409
1371,126.652295,37.772021,200,4,0,4,20.0,21.0,119,1,0,-1.483
1372,126.650858,37.773192,200,7,0,7,35.0,20.0,136,1,0,-1.519
1373,126.649305,37.774032,200,2,0,2,10.0,21.0,120,1,0,-1.382
1374,126.647598,37.774616,200,4,0,4,20.0,25.0,101,1,0,-1.278
1375,126.645828,37.775043,200,4,0,4,20.0,19.43,142,1,0,-1.105
1376,126.644028,37.775574,200,8,0,8,40.0,23.43,105,1,0,-1.094
1377,126.642914,37.77658,140,1,0,1,7.14,30.43,88,1,0,-2.517
1378,126.372062,37.590145,200,0,0,0,0.0,0.0,1397,0,0,0.556
1379,126.37256,37.591409,200,0,0,0,0.0,0.0,1396,0,0,1.58
1380,126.37272,37.592435,200,0,0,0,0.0,0.0,1395,0,0,3.057
1381,126.373188,37.591371,200,0,0,0,0.0,0.0,1394,0,0,2.386
1382,126.373622,37.590209,200,0,0,0,0.0,0.0,1393,0,0,0.697
1383,126.374059,37.590775,200,0,0,0,0.0,0.0,1392,0,0,1.836
1384,126.374551,37.589493,200,0,0,0,0.0,0.0,1391,0,0,1.156
1385,126.375809,37.588448,200,0,0,0,0.0,0.0,1390,0,0,1.136
1386,126.377341,37.587221,200,0,0,0,0.0,0.0,1389,0,0,1.077
1387,126.378463,37.585963,200,0,0,0,0.0,0.0,1388,0,0,-1.067
1388,126.379197,37.586774,200,0,0,0,0.0,0.0,1387,0,0,-0.24
1389,126.379974,37.587903,200,0,0,0,0.0,0.0,1386,0,0,2.059
1390,126.380757,37.587512,200,0,0,0,0.0,0.0,1385,0,0,1.54
1391,126.38148,37.587803,200,0,0,0,0.0,0.0,1384,0,0,2.399
1392,126.381335,37.58652,200,0,0,0,0.0,0.0,1383,0,0,1.363
1393,126.381745,37.584997,200,0,0,0,0.0,0.0,1382,0,0,1.219
1394,126.381736,37.583537,200,0,0,0,0.0,0.0,1413,0,0,0.715
1395,126.381559,37.581854,200,0,0,0,0.0,0.0,1412,0,0,0.801
1396,126.382009,37.58029,200,0,0,0,0.0,0.0,1411,0,0,0.094
1397,126.382828,37.57984,200,0,0,0,0.0,0.0,1410,0,0,0.136
1398,126.383419,37.580533,200,0,0,0,0.0,0.0,1409,0,0,1.674
1399,126.383574,37.579751,200,0,0,0,0.0,0.0,1408,0,0,0.74
1400,126.383888,37.579117,200,0,0,0,0.0,0.0,1407,0,0,1.576
1401,126.383974,37.577704,200,0,0,0,0.0,0.0,1406,0,0,0.898
1402,126.384278,37.576131,200,0,0,0,0.0,0.0,1405,0,0,0.897
1403,126.384788,37.574808,200,0,0,0,0.0,0.0,1404,0,0,1.223
1404,126.384984,37.573372,200,0,0,0,0.0,0.0,1403,0,0,1.035
1405,126.385409,37.571766,200,0,0,0,0.0,0.0,1402,0,0,1.089
1406,126.385318,37.570187,200,0,0,0,0.0,0.0,1401,0,0,0.621
1407,126.384874,37.568781,200,0,0,0,0.0,0.0,1400,0,0,-0.645
1408,126.385984,37.568496,200,0,0,0,0.0,0.0,1399,0,0,-0.511
1409,126.387336,37.569527,200,0,0,0,0.0,0.0,1398,0,0,-0.181
1410,126.388183,37.57104,200,0,0,0,0.0,0.0,1429,0,0,-0.179
1411,126.387944,37.57262,200,0,0,0,0.0,0.0,1428,0,0,-0.247
1412,126.387352,37.57418,200,0,0,0,0.0,0.0,1427,0,0,-0.073
1413,126.386954,37.575908,200,0,0,0,0.0,0.0,1426,0,0,-0.26
1414,126.38642,37.577405,200,0,0,0,0.0,0.0,1425,0,0,0.026
1415,126.386199,37.57915,200,0,0,0,0.0,0.0,1424,0,0,-0.12
1416,126.386143,37.580874,200,0,0,0,0.0,0.0,1423,0,0,-0.067
1417,126.38641,37.582513,200,0,0,0,0.0,0.0,1422,0,0,0.143
1418,126.386917,37.584134,200,0,0,0,0.0,0.0,1421,0,0,0.125
1419,126.387214,37.585557,200,0,0,0,0.0,0.0,1420,0,0,0.806
1420,126.38767,37.586926,200,0,0,0,0.0,0.0,1419,0,0,2.045
1421,126.38846,37.586961,200,0,0,0,0.0,0.0,1418,0,0,2.693
1422,126.38889,37.585662,200,0,0,0,0.0,0.0,1417,0,0,1.586
1423,126.389051,37.584047,200,0,0,0,0.0,0.0,1416,0,0,0.797
1424,126.389827,37.582774,200,0,0,0,0.0,0.0,1415,0,0,0.769
1425,126.390032,37.581731,200,0,0,0,0.0,0.0,1414,0,0,-0.492
1426,126.390847,37.582118,200,0,0,0,0.0,0.0,1445,0,0,1.539
1427,126.391359,37.580675,200,0,0,0,0.0,0.0,1444,0,0,0.772
1428,126.39173,37.579432,200,0,0,0,0.0,0.0,1443,0,0,0.125
1429,126.391681,37.578386,200,0,0,0,0.0,0.0,1442,0,0,0.303
1430,126.392002,37.577467,200,0,0,0,0.0,0.0,1441,0,0,0.38
1431,126.391491,37.576292,200,0,0,0,0.0,0.0,1440,0,0,0.42
1432,126.392417,37.574921,200,0,0,0,0.0,0.0,1439,0,0,0.303
1433,126.39373,37.574309,200,0,0,0,0.0,0.0,1438,0,0,-0.985
1434,126.394057,37.575724,200,0,0,0,0.0,0.0,1437,0,0,-0.729
1435,126.393562,37.577162,200,0,0,0,0.0,0.0,1436,0,0,0.149
1436,126.393153,37.578712,200,0,0,0,0.0,0.0,1435,0,0,0.661
1437,126.392603,37.580232,200,0,0,0,0.0,0.0,1434,0,0,0.988
1438,126.392757,37.580701,200,0,0,0,0.0,0.0,1433,0,0,2.669
1439,126.393517,37.57939,200,0,0,0,0.0,0.0,1432,0,0,2.669
1440,126.394295,37.578037,200,0,0,0,0.0,0.0,1431,0,0,0.826
1441,126.395341,37.578288,200,0,0,0,0.0,0.0,1430,0,0,-0.531
1442,126.395518,37.579861,200,0,0,0,0.0,0.0,1461,0,0,1.112
1443,126.395361,37.581658,200,0,0,0,0.0,0.0,1460,0,0,2.205
1444,126.395464,37.582612,200,0,0,0,0.0,0.0,1459,0,0,3.052
1445,126.396008,37.581274,200,0,0,0,0.0,0.0,1458,0,0,2.223
1446,126.396627,37.579635,200,0,0,0,0.0,0.0,1457,0,0,0.279
1447,126.397175,37.578762,200,0,0,0,0.0,0.0,1456,0,0,-1.696
1448,126.397377,37.580269,200,0,0,0,0.0,0.0,1455,0,0,-0.114
1449,126.397315,37.582068,200,0,0,0,0.0,0.0,1454,0,0,1.889
1450,126.397729,37.582012,200,0,0,0,0.0,0.0,1453,0,0,3.13
1451,126.398287,37.580608,200,0,0,0,0.0,0.0,1452,0,0,2.383
1452,126.398869,37.57933,200,0,0,0,0.0,0.0,1451,0,0,0.941
1453,126.399642,37.57823,200,0,0,0,0.0,0.0,1450,0,0,-0.171
1454,126.400322,37.579113,200,0,0,0,0.0,0.0,1449,0,0,1.857
1455,126.400719,37.578031,200,0,0,0,0.0,0.0,1448,0,0,1.763
1456,126.400949,37.576285,200,0,0,0,0.0,0.0,1447,0,0,0.531
1457,126.401299,37.574886,200,0,0,0,0.0,0.0,1446,0,0,-0.741
1458,126.401251,37.573342,200,0,0,0,0.0,0.0,1477,0,0,-1.623
1459,126.401186,37.572284,200,0,0,0,0.0,0.0,1476,0,0,-2.049
1460,126.401947,37.572861,200,0,0,0,0.0,0.0,1475,0,0,-2.263
1461,126.401796,37.574288,200,0,0,0,0.0,0.0,1474,0,0,-1.728
1462,126.402488,37.575262,200,0,0,0,0.0,0.0,1473,0,0,-0.533
1463,126.402705,37.57683,200,0,0,0,0.0,0.0,1472,0,0,0.766
1464,126.402642,37.578631,200,0,0,0,0.0,0.0,1471,0,0,1.591
1465,126.40307,37.579488,200,0,0,0,0.0,0.0,1470,0,0,2.982
1466,126.403697,37.577936,200,0,0,0,0.0,0.0,1469,0,0,1.826
1467,126.404086,37.576302,200,0,0,0,0.0,0.0,1468,0,0,0.512
1468,126.404285,37.574531,200,0,0,0,0.0,0.0,1467,0,0,-0.248
1469,126.404625,37.572859,200,0,0,0,0.0,0.0,1466,0,0,-0.832
1470,126.405297,37.571845,200,0,0,0,0.0,0.0,1465,0,0,-1.918
1471,126.405492,37.573283,200,0,0,0,0.0,0.0,1464,0,0,-1.495
1472,126.405361,37.575082,200,0,0,0,0.0,0.0,1463,0,0,-0.32
1473,126.40523,37.57688,200,0,0,0,0.0,0.0,1462,0,0,0.736
1474,126.405461,37.57851,200,0,0,0,0.0,0.0,1493,0,0,2.246
1475,126.405876,37.578421,200,0,0,0,0.0,0.0,1492,0,0,3.269
1476,126.406062,37.576629,200,0,0,0,0.0,0.0,1491,0,0,2.633
1477,126.406547,37.575112,200,0,0,0,0.0,0.0,1490,0,0,1.525
1478,126.407401,37.573904,200,0,0,0,0.0,0.0,1489,0,0,-0.84
1479,126.408328,37.574976,200,0,0,0,0.0,0.0,1488,0,0,0.473
1480,126.409114,37.576409,200,0,0,0,0.0,0.0,1487,0,0,1.762
1481,126.410088,37.577813,200,0,0,0,0.0,0.0,1486,0,0,2.201
1482,126.411196,37.579174,200,0,0,0,0.0,0.0,1485,0,0,2.584
1483,126.412286,37.580119,200,0,0,0,0.0,0.0,1484,0,0,3.124
1484,126.411605,37.579049,200,0,0,0,0.0,0.0,1483,0,0,2.77
1485,126.410723,37.577763,200,0,0,0,0.0,0.0,1482,0,0,2.531
1486,126.410014,37.576357,200,0,0,0,0.0,0.0,1481,0,0,2.207
1487,126.40961,37.574906,200,0,0,0,0.0,0.0,1480,0,0,1.754
1488,126.409756,37.573221,200,0,0,0,0.0,0.0,1479,0,0,1.082
1489,126.410615,37.571825,200,0,0,0,0.0,0.0,1478,0,0,0.991
1490,126.411769,37.570642,200,0,0,0,0.0,0.0,1509,0,0,1.135
1491,126.413014,37.56948,200,0,0,0,0.0,0.0,1508,0,0,1.002
1492,126.41427,37.568348,200,0,0,0,0.0,0.0,1507,0,0,0.725
1493,126.416216,37.567626,200,0,0,0,0.0,0.0,1506,0,0,1.48
1494,126.417422,37.566687,200,0,0,0,0.0,0.0,1505,0,0,0.938
1495,126.41837,37.565371,200,0,0,0,0.0,0.0,1504,0,0,-0.913
1496,126.419133,37.5662,200,0,0,0,0.0,0.0,1503,0,0,-1.001
1497,126.419333,37.567804,200,0,0,0,0.0,0.0,1502,0,0,-0.22
1498,126.419753,37.569317,200,0,0,0,0.0,0.0,1501,0,0,0.246
1499,126.420309,37.570711,200,0,0,0,0.0,0.0,1500,0,0,0.771
1500,126.420822,37.572091,200,0,0,0,0.0,0.0,1499,0,0,1.048
1501,126.421259,37.573661,200,0,0,0,0.0,0.0,1498,0,0,1.284
1502,126.421538,37.575337,200,0,0,0,0.0,0.0,1497,0,0,1.862
1503,126.421642,37.576713,200,0,0,0,0.0,0.0,1496,0,0,2.881
1504,126.422134,37.575898,200,0,0,0,0.0,0.0,1495,0,0,3.127
1505,126.422491,37.574345,200,0,0,0,0.0,0.0,1494,0,0,2.348
1506,126.422249,37.572702,200,0,0,0,0.0,0.0,1525,0,0,1.814
1507,126.421974,37.570959,200,0,0,0,0.0,0.0,1524,0,0,1.509
1508,126.421602,37.569424,200,0,0,0,0.0,0.0,1523,0,0,1.125
1509,126.421781,37.567806,200,0,0,0,0.0,0.0,1522,0,0,-0.017
1510,126.423296,37.567836,200,0,0,0,0.0,0.0,1521,0,0,0.493
1511,126.424759,37.567971,200,0,0,0,0.0,0.0,1520,0,0,0.619
1512,126.426347,37.568412,200,0,0,0,0.0,0.0,1519,0,0,0.68
1513,126.42809,37.56906,200,0,0,0,0.0,0.0,1518,0,0,0.019
1514,126.429118,37.570425,200,0,0,0,0.0,0.0,1517,0,0,0.637
1515,126.429636,37.571986,200,0,0,0,0.0,0.0,1516,0,0,1.202
1516,126.429989,37.573573,200,0,0,0,0.0,0.0,1515,0,0,1.817
1517,126.430027,37.575095,200,0,0,0,0.0,0.0,1514,0,0,2.997
1518,126.4304,37.574125,200,0,0,0,0.0,0.0,1513,0,0,3.176
1519,126.431052,37.572821,200,0,0,0,0.0,0.0,1512,0,0,2.308
1520,126.430895,37.571561,200,0,0,0,0.0,0.0,1511,0,0,1.461
1521,126.430377,37.570117,200,0,0,0,0.0,0.0,1510,0,0,0.46
1522,126.431018,37.569271,200,0,0,0,0.0,0.0,1541,0,0,-0.501
1523,126.432662,37.570076,200,0,0,0,0.0,0.0,1540,0,0,-0.135
1524,126.43377,37.571327,200,0,0,0,0.0,0.0,1539,0,0,0.897
1525,126.434814,37.572137,200,0,0,0,0.0,0.0,1538,0,0,1.656
1526,126.435529,37.571781,200,0,0,0,0.0,0.0,1537,0,0,1.041
1527,126.436202,37.570928,200,0,0,0,0.0,0.0,1536,0,0,-0.473
1528,126.43779,37.571777,200,0,0,0,0.0,0.0,1535,0,0,0.586
1529,126.439555,37.572476,200,0,0,0,0.0,0.0,1534,0,0,0.776
1530,126.44046,37.57225,200,0,0,0,0.0,0.0,1533,0,0,-0.73
1531,126.4412,37.572828,200,0,0,0,0.0,0.0,1532,0,0,0.302
1532,126.442,37.57389,200,0,0,0,0.0,0.0,1531,0,0,1.722
1533,126.442387,37.573227,200,0,0,0,0.0,0.0,1530,0,0,0.33
1534,126.4436,37.573758,200,0,0,0,0.0,0.0,1529,0,0,-0.243
1535,126.444966,37.575091,200,0,0,0,0.0,0.0,1528,0,0,0.819
1536,126.446582,37.575938,200,0,0,0,0.0,0.0,1527,0,0,0.093
1537,126.447666,37.577071,200,0,0,0,0.0,0.0,1526,0,1,0.639
1538,126.449013,37.577996,200,0,0,0,0.0,0.0,1568,0,1,0.326
1539,126.450426,37.579284,200,0,0,0,0.0,0.0,1567,0,1,0.952
1540,126.452295,37.580136,200,0,0,0,0.0,0.0,1566,0,1,1.029
1541,126.453901,37.58017,200,0,0,0,0.0,0.0,1565,0,1,1.069
1542,126.454951,37.579719,200,0,0,0,0.0,0.0,1564,0,1,-0.137
1543,126.456635,37.580465,200,0,0,0,0.0,0.0,1563,0,1,0.445
1544,126.458294,37.581521,200,0,0,0,0.0,0.0,1562,0,1,0.553
1545,126.459932,37.582627,200,0,0,0,0.0,0.0,1561,0,1,0.487
1546,126.461499,37.583781,200,0,0,0,0.0,1.0,799,1,1,0.556
1547,126.463141,37.584864,200,0,0,0,0.0,1.0,800,1,1,0.759
1548,126.464456,37.586198,200,0,1,1,5.0,1.0,801,1,0,1.928
1549,126.466119,37.587273,200,0,0,0,0.0,1.0,802,1,0,2.3
1550,126.468079,37.588122,200,0,0,0,0.0,1.0,770,1,0,2.475
1551,126.469896,37.589108,200,0,0,0,0.0,0.0,1560,0,0,2.54
1552,126.471633,37.590191,200,0,0,0,0.0,0.0,1559,0,0,2.641
1553,126.473352,37.591254,200,0,0,0,0.0,0.0,1558,0,0,2.787
1554,126.474474,37.591847,200,0,0,0,0.0,0.0,1584,0,0,3.122
1555,126.473243,37.590823,200,0,0,0,0.0,0.0,1583,0,0,2.669
1556,126.471678,37.589682,200,0,0,0,0.0,0.0,1582,0,0,2.399
1557,126.470022,37.588632,200,0,0,0,0.0,0.0,1581,0,0,2.306
1558,126.46826,37.587697,200,0,0,0,0.0,0.0,1580,0,0,2.149
1559,126.466507,37.586785,200,0,0,0,0.0,0.0,1579,0,0,1.916
1560,126.464967,37.585668,200,0,0,0,0.0,0.0,1578,0,1,1.68
1561,126.464581,37.584089,200,0,0,0,0.0,0.0,1577,0,1,1.18
1562,126.465322,37.582782,200,0,0,0,0.0,0.0,1576,0,1,1.144
1563,126.466215,37.581328,200,0,0,0,0.0,0.0,1575,0,1,0.703
1564,126.467955,37.581401,200,0,0,0,0.0,0.0,1574,0,1,2.15
1565,126.46939,37.581517,200,0,0,0,0.0,0.0,1573,0,1,2.993
1566,126.468112,37.580767,200,0,0,0,0.0,0.0,1572,0,1,1.776
1567,126.466302,37.579787,200,0,0,0,0.0,0.0,1571,0,1,0.591
1568,126.464641,37.578915,200,0,0,0,0.0,0.0,1570,0,1,0.438
1569,126.463061,37.578033,200,0,0,0,0.0,0.0,1569,0,1,0.389
1570,126.461397,37.577055,200,0,0,0,0.0,0.0,1600,0,1,0.402
1571,126.459774,37.576085,200,0,0,0,0.0,0.0,1599,0,1,0.351
1572,126.458209,37.574955,200,0,0,0,0.0,0.0,1598,0,1,0.45
1573,126.456632,37.573819,200,0,0,0,0.0,0.0,1597,0,1,0.466
1574,126.455055,37.572682,200,0,0,0,0.0,0.0,1596,0,1,0.491
1575,126.453477,37.571547,200,0,0,0,0.0,0.0,1595,0,1,0.462
1576,126.451904,37.570385,200,0,0,0,0.0,0.0,1594,0,0,0.426
1577,126.450273,37.569234,200,0,0,0,0.0,0.0,1593,0,0,0.264
1578,126.448717,37.567926,200,0,0,0,0.0,0.0,1592,0,0,0.316
1579,126.44716,37.566617,200,0,0,0,0.0,0.0,1591,0,0,0.291
1580,126.445742,37.565269,200,0,0,0,0.0,0.0,1590,0,0,0.536
1581,126.444307,37.563954,200,0,0,0,0.0,0.0,1589,0,0,0.393
1582,126.442926,37.562626,200,0,0,0,0.0,0.0,1588,0,0,0.631
1583,126.441595,37.561346,200,0,0,0,0.0,0.0,1587,0,0,0.435
1584,126.442235,37.560078,200,0,0,0,0.0,0.0,1586,0,0,2.464
1585,126.442725,37.558849,200,0,0,0,0.0,0.0,1585,0,0,2.745
1586,126.441528,37.559545,200,0,0,0,0.0,0.0,1616,0,0,1.098
1587,126.440967,37.560052,200,0,0,0,0.0,0.0,1615,0,0,-0.263
1588,126.440964,37.560477,200,0,0,0,0.0,0.0,1614,0,0,-0.321
1589,126.439471,37.559435,200,0,0,0,0.0,0.0,1613,0,0,-0.089
1590,126.439832,37.558337,200,0,0,0,0.0,0.0,1612,0,0,1.474
1591,126.438864,37.557711,200,0,0,0,0.0,0.0,1611,0,0,1.035
1592,126.437704,37.556908,200,0,0,0,0.0,0.0,1610,0,0,-0.012
1593,126.437115,37.555906,200,0,0,0,0.0,0.0,1609,0,0,-0.806
1594,126.437268,37.55528,200,0,0,0,0.0,0.0,1608,0,0,-0.493
1595,126.438367,37.555399,200,0,0,0,0.0,0.0,1607,0,0,1.331
1596,126.438546,37.554329,200,0,0,0,0.0,0.0,1606,0,0,-0.207
1597,126.439395,37.553834,200,0,0,0,0.0,0.0,1605,0,0,0.215
1598,126.440392,37.553929,200,0,0,0,0.0,0.0,1604,0,0,1.127
1599,126.440676,37.553264,200,0,0,0,0.0,0.0,1603,0,0,0.215
1600,126.441737,37.552925,200,0,0,0,0.0,0.0,1602,0,0,1.101
1601,126.442683,37.55276,200,0,0,0,0.0,0.0,1601,0,0,1.468
1602,126.443443,37.551713,200,0,0,0,0.0,0.0,1632,0,0,0.725
1603,126.444912,37.551116,200,0,0,0,0.0,0.0,1631,0,0,0.81
1604,126.445912,37.550799,200,0,0,0,0.0,0.0,1630,0,0,1.135
1605,126.447593,37.550176,200,0,0,0,0.0,0.0,1629,0,0,1.061
1606,126.449376,37.549696,200,0,0,0,0.0,0.0,1628,0,0,0.893
1607,126.451156,37.549339,200,0,0,0,0.0,0.0,1627,0,0,0.891
1608,126.45269,37.549269,200,0,0,0,0.0,0.0,1626,0,0,0.885
1609,126.454151,37.54887,200,0,0,0,0.0,0.0,1625,0,0,1.058
1610,126.455919,37.548497,200,0,0,0,0.0,0.0,1624,0,0,1.151
1611,126.457652,37.548101,200,0,0,0,0.0,0.0,1623,0,0,1.22
1612,126.459343,37.54767,200,0,0,0,0.0,0.0,1622,0,0,1.226
1613,126.46112,37.547312,200,0,0,0,0.0,0.0,1621,0,0,1.214
1614,126.46292,37.546972,200,0,0,0,0.0,0.0,1620,0,0,1.139
1615,126.464831,37.546726,200,0,0,0,0.0,0.0,1619,0,0,0.963
1616,126.466869,37.546632,200,0,0,0,0.0,0.0,1618,0,0,0.258
1617,126.468388,37.547181,200,0,0,0,0.0,0.0,1617,0,0,-1.452
1618,126.467075,37.548142,200,0,0,0,0.0,0.0,1648,0,0,-0.724
1619,126.465242,37.548723,200,0,0,0,0.0,0.0,1647,0,0,-0.015
1620,126.463469,37.54953,200,0,0,0,0.0,0.0,1646,0,0,-0.237
1621,126.461718,37.549947,200,0,0,0,0.0,0.0,1645,0,0,0.118
1622,126.459888,37.550276,200,0,0,0,0.0,0.0,1644,0,0,0.526
1623,126.457939,37.550852,200,0,0,0,0.0,0.0,1643,0,0,1.03
1624,126.457252,37.551417,200,0,0,0,0.0,0.0,1642,0,0,0.863
1625,126.455845,37.552331,200,0,0,0,0.0,0.0,1641,0,0,1.57
1626,126.45559,37.552792,200,0,0,0,0.0,0.0,1640,0,0,1.714
1627,126.45642,37.552856,200,0,0,0,0.0,0.0,1639,0,0,1.846
1628,126.458167,37.551834,200,0,0,0,0.0,0.0,1638,0,0,1.145
1629,126.459991,37.551336,200,0,0,0,0.0,0.0,1637,0,0,-0.116
1630,126.461313,37.55132,200,0,0,0,0.0,0.0,1636,0,0,-2.347
1631,126.459638,37.552069,200,0,0,0,0.0,0.0,1635,0,0,-1.332
1632,126.457922,37.553201,200,0,0,0,0.0,0.0,1634,0,0,0.749
1633,126.456427,37.553727,200,0,0,0,0.0,0.0,1633,0,0,2.297
1634,126.457875,37.553751,200,0,0,0,0.0,0.0,1664,0,0,2.588
1635,126.459466,37.553186,200,0,0,0,0.0,0.0,1663,0,0,1.657
1636,126.461551,37.553254,200,0,0,0,0.0,0.0,1662,0,0,1.155
1637,126.463526,37.552952,200,0,0,0,0.0,0.0,1661,0,0,1.023
1638,126.465549,37.552451,200,0,0,0,0.0,0.0,1660,0,0,1.136
1639,126.467455,37.55182,200,0,0,0,0.0,0.0,1659,0,0,1.226
1640,126.469106,37.551067,200,0,0,0,0.0,0.0,1658,0,0,0.676
1641,126.470772,37.550884,200,0,0,0,0.0,0.0,1657,0,0,-0.63
1642,126.47102,37.552136,200,0,0,0,0.0,0.0,1656,0,0,-0.568
1643,126.470462,37.553764,200,0,0,0,0.0,0.0,1655,0,0,-0.149
1644,126.470003,37.555363,200,0,0,0,0.0,0.0,1654,0,0,0.026
1645,126.469752,37.556849,200,0,0,0,0.0,0.0,1653,0,0,1.106
1646,126.469891,37.557796,200,0,0,0,0.0,0.0,1652,0,0,2.42
1647,126.47121,37.556963,200,0,0,0,0.0,0.0,1651,0,0,0.848
1648,126.471966,37.557997,200,0,0,0,0.0,0.0,1650,0,0,1.519
1649,126.472378,37.559235,200,0,0,0,0.0,0.0,1649,0,0,3.099
1650,126.47249,37.55799,200,0,0,0,0.0,0.0,1680,0,0,2.721
1651,126.473077,37.556529,200,0,0,0,0.0,0.0,1679,0,0,1.707
1652,126.473876,37.554953,200,0,0,0,0.0,0.0,1678,0,0,0.906
1653,126.475111,37.553716,200,0,0,0,0.0,0.0,1677,0,0,1.159
1654,126.476331,37.552649,200,0,0,0,0.0,0.0,1676,0,0,1.342
1655,126.477413,37.551319,200,0,0,0,0.0,0.0,1675,0,0,0.954
1656,126.478615,37.550236,200,0,0,0,0.0,0.0,1674,0,0,0.295
1657,126.4805,37.550578,200,0,0,0,0.0,0.0,1673,0,0,0.365
1658,126.482117,37.551596,200,0,0,0,0.0,0.0,1672,0,0,0.217
1659,126.483377,37.552923,200,0,0,0,0.0,0.0,1671,0,0,0.306
1660,126.484532,37.554269,200,0,0,0,0.0,0.0,1670,0,0,0.575
1661,126.484702,37.555929,200,0,0,0,0.0,0.0,1669,0,0,2.056
1662,126.484784,37.557183,200,0,0,0,0.0,0.0,1668,0,0,3.241
1663,126.485043,37.555842,200,0,0,0,0.0,0.0,1667,0,0,2.945
1664,126.485741,37.554787,200,0,0,0,0.0,0.0,1666,0,0,0.691
1665,126.486716,37.554548,200,0,0,0,0.0,0.0,1665,0,0,-0.463
1666,126.487529,37.555764,200,0,0,0,0.0,0.0,1696,0,0,0.562
1667,126.487305,37.557497,200,0,0,0,0.0,0.0,1695,0,0,2.222
1668,126.487338,37.558213,200,0,0,0,0.0,0.0,1694,0,0,3.478
1669,126.487846,37.556782,200,0,0,0,0.0,0.0,1693,0,0,2.847
1670,126.489049,37.555893,200,0,0,0,0.0,0.0,1692,0,0,0.495
1671,126.490516,37.556721,200,0,0,0,0.0,0.0,1691,0,0,0.461
1672,126.49207,37.557651,200,0,0,0,0.0,0.0,1690,0,0,0.507
1673,126.493565,37.558653,200,0,0,0,0.0,0.0,1689,0,0,0.305
1674,126.49479,37.560023,200,0,0,0,0.0,0.0,1688,0,0,0.826
1675,126.495148,37.56163,200,0,0,0,0.0,0.0,1687,0,0,2.298
1676,126.495438,37.562038,200,0,0,0,0.0,0.0,1686,0,0,3.352
1677,126.495624,37.560451,200,0,0,0,0.0,0.0,1685,0,0,1.674
1678,126.496649,37.559987,200,0,0,0,0.0,0.0,1684,0,0,-0.03
1679,126.49826,37.560703,200,0,0,0,0.0,0.0,1683,0,0,0.723
1680,126.50014,37.56155,200,0,0,0,0.0,0.0,1682,0,0,0.6
1681,126.501575,37.562247,200,0,0,0,0.0,0.0,1681,0,0,0.761
1682,126.503289,37.562856,200,0,0,0,0.0,0.0,1707,0,0,0.647
1683,126.505074,37.563518,200,0,0,0,0.0,0.0,1706,0,0,0.669
1684,126.506721,37.564123,200,0,0,0,0.0,0.0,1705,0,0,0.763
1685,126.508537,37.564679,200,0,0,0,0.0,0.0,1704,0,0,0.669
1686,126.510324,37.565396,200,0,0,0,0.0,0.0,1703,0,0,0.655
1687,126.512146,37.566206,200,0,0,0,0.0,0.0,1702,0,0,0.575
1688,126.513833,37.567271,200,0,0,0,0.0,0.0,1701,0,0,0.429
1689,126.515456,37.568419,200,0,0,0,0.0,0.0,1700,0,0,0.262
1690,126.516987,37.569734,200,0,0,0,0.0,0.0,1699,0,0,0.158
1691,126.518176,37.571082,200,0,0,0,0.0,0.0,1698,0,0,0.199
1692,126.519201,37.572563,200,0,0,0,0.0,0.0,1697,0,0,0.438
1693,126.520398,37.573967,200,0,0,0,0.0,1.0,823,1,0,0.196
1694,126.521424,37.575428,200,0,0,0,0.0,1.0,824,1,0,0.34
1695,126.522519,37.576833,200,0,1,1,5.0,1.0,796,1,0,0.323
1696,126.523599,37.578342,200,0,0,0,0.0,1.0,797,1,0,0.287
1697,126.524702,37.579799,200,0,0,0,0.0,1.0,798,1,0,0.403
1698,126.52584,37.581196,200,0,0,0,0.0,0.0,1723,0,0,0.364
1699,126.527006,37.582516,200,0,0,0,0.0,0.0,1722,0,0,0.436
1700,126.528202,37.583845,200,0,0,0,0.0,0.0,1721,0,0,0.172
1701,126.529294,37.585194,200,0,0,0,0.0,0.0,1720,0,0,0.415
1702,126.530515,37.586497,200,0,0,0,0.0,0.0,1719,0,0,0.367
1703,126.53177,37.587765,200,0,0,0,0.0,0.0,1718,0,0,0.691
1704,126.53335,37.588706,200,0,0,0,0.0,0.0,1717,0,0,0.658
1705,126.535086,37.589695,200,0,0,0,0.0,0.0,1716,0,0,0.527
1706,126.536206,37.590724,200,0,0,0,0.0,0.0,1715,0,0,0.642
1707,126.535716,37.592139,200,0,0,0,0.0,0.0,1714,0,0,2.302
1708,126.536811,37.592841,200,0,0,0,0.0,0.0,1713,0,0,3.182
1709,126.536154,37.592393,200,0,0,0,0.0,0.0,1712,0,0,2.898
1710,126.536834,37.590971,200,0,0,0,0.0,0.0,1711,0,0,1.807
1711,126.538685,37.590801,200,0,0,0,0.0,0.0,1710,0,0,0.708
1712,126.5407,37.591194,200,0,0,0,0.0,0.0,1709,0,0,0.755
1713,126.542634,37.591525,200,0,0,0,0.0,0.0,1708,0,0,0.939
1714,126.544447,37.591257,200,0,0,0,0.0,0.0,1739,0,0,-0.193
1715,126.54662,37.59109,200,0,0,0,0.0,0.0,1738,0,0,0.135
1716,126.54839,37.590556,200,0,0,0,0.0,0.0,1737,0,0,-0.514
1717,126.550244,37.590593,200,0,0,0,0.0,0.0,1736,0,0,-0.838
1718,126.551509,37.591278,200,0,0,0,0.0,0.0,1735,0,0,-2.209
1719,126.550463,37.592649,200,0,0,0,0.0,0.0,1734,0,0,-1.558
1720,126.548935,37.593739,200,0,0,0,0.0,0.0,1733,0,0,-1.475
1721,126.547126,37.594679,200,0,0,0,0.0,0.0,1732,0,0,-1.172
1722,126.545614,37.595853,200,0,0,0,0.0,0.0,1731,0,0,-1.65
1723,126.544678,37.59591,200,0,0,0,0.0,0.0,1730,0,0,0.163
1724,126.543247,37.597068,200,0,0,0,0.0,0.0,1729,0,0,0.534
1725,126.541586,37.597467,200,0,0,0,0.0,0.0,1728,0,0,1.761
1726,126.539545,37.597656,200,0,0,0,0.0,0.0,1727,0,0,1.941
1727,126.537569,37.598094,200,0,0,0,0.0,0.0,1726,0,0,1.934
1728,126.536171,37.598919,200,0,0,0,0.0,0.0,1725,0,0,2.157
1729,126.535561,37.599928,200,0,0,0,0.0,0.0,1724,0,0,3.014
1730,126.536661,37.598993,200,0,0,0,0.0,0.0,1755,0,0,3.297
1731,126.538497,37.598298,200,0,0,0,0.0,0.0,1754,0,0,3.107
1732,126.540471,37.597997,200,0,0,0,0.0,0.0,1753,0,0,3.078
1733,126.542322,37.597818,200,0,0,0,0.0,0.0,1752,0,0,2.187
1734,126.543624,37.598311,200,0,0,0,0.0,0.0,1751,0,0,-0.351
1735,126.543343,37.600057,200,0,0,0,0.0,0.0,1750,0,0,-0.129
1736,126.543094,37.60182,200,0,0,0,0.0,0.0,1749,0,0,0.301
1737,126.543816,37.603356,200,0,0,0,0.0,0.0,1748,0,0,0.137
1738,126.544551,37.604944,200,0,0,0,0.0,0.0,1747,0,0,0.165
1739,126.545145,37.6066,200,0,0,0,0.0,0.0,1746,0,0,-0.214
1740,126.544963,37.608242,200,0,0,0,0.0,0.0,1745,0,0,-0.326
1741,126.543472,37.60906,200,0,0,0,0.0,0.0,1744,0,0,1.418
1742,126.541948,37.608989,200,0,0,0,0.0,0.0,1743,0,0,2.877
1743,126.541878,37.609307,200,0,0,0,0.0,0.0,1742,0,0,3.054
1744,126.543522,37.609313,200,0,0,0,0.0,0.0,1741,0,0,2.449
1745,126.544681,37.610153,200,0,0,0,0.0,0.0,1740,0,0,0.03
1746,126.544552,37.611948,200,0,0,0,0.0,0.0,1771,0,0,0.033
1747,126.544412,37.613746,200,0,0,0,0.0,0.0,1770,0,0,-0.111
1748,126.544272,37.615545,200,0,0,0,0.0,0.0,1769,0,0,0.042
1749,126.544132,37.617343,200,0,0,0,0.0,0.0,1768,0,0,-0.163
1750,126.543918,37.619101,200,0,0,0,0.0,0.0,1767,0,0,-1.34
1751,126.543139,37.620641,200,0,0,0,0.0,0.0,1766,0,0,-1.054
1752,126.542352,37.622065,200,0,0,0,0.0,0.0,1765,0,0,-1.274
1753,126.541275,37.623465,200,0,0,0,0.0,0.0,1764,0,0,-1.101
1754,126.540144,37.62473,200,0,0,0,0.0,0.0,1763,0,0,-0.703
1755,126.539022,37.625865,200,0,0,0,0.0,0.0,1762,0,0,-0.253
1756,126.537955,37.627121,200,0,0,0,0.0,0.0,1761,0,0,-0.131
1757,126.537149,37.628538,200,0,0,0,0.0,0.0,1760,0,0,-0.508
1758,126.536229,37.629864,200,0,0,0,0.0,0.0,1759,0,0,-1.04
1759,126.535232,37.631136,200,0,0,0,0.0,0.0,1758,0,0,-0.407
1760,126.534111,37.632473,200,0,0,0,0.0,0.0,1757,0,0,-0.535
1761,126.532996,37.633508,200,0,0,0,0.0,0.0,1756,0,0,-0.39
1762,126.532367,37.634837,200,0,0,0,0.0,0.0,1787,0,1,-0.372
1763,126.531778,37.636014,200,0,0,0,0.0,0.0,1786,0,1,-0.704
1764,126.530596,37.637139,200,0,0,0,0.0,0.0,1785,0,1,-0.444
1765,126.529656,37.638516,200,0,0,0,0.0,0.0,1784,0,1,-0.5
1766,126.528873,37.639894,200,0,0,0,0.0,0.0,1783,0,1,-0.598
1767,126.528093,37.64135,200,0,0,0,0.0,0.0,1782,0,1,-0.641
1768,126.527492,37.642707,200,0,0,0,0.0,0.0,1781,0,1,-0.508
1769,126.527122,37.644357,200,0,0,0,0.0,0.0,1780,0,1,-0.577
1770,126.526741,37.645948,200,0,0,0,0.0,0.0,1779,0,1,-0.411
1771,126.526879,37.647138,200,0,0,0,0.0,0.0,1778,0,1,-0.618
1772,126.527054,37.64847,200,0,0,0,0.0,0.0,1777,0,1,-1.294
1773,126.52581,37.649753,200,0,0,0,0.0,0.0,1776,0,1,-1.102
1774,126.524318,37.650932,200,0,0,0,0.0,0.0,1775,0,1,-0.579
1775,126.523209,37.652361,200,0,0,0,0.0,0.0,1774,0,1,-0.562
1776,126.52288,37.65396,200,0,0,0,0.0,0.0,1773,0,1,-0.598
1777,126.523128,37.655549,200,0,0,0,0.0,0.0,1772,0,1,-0.423
1778,126.524059,37.656936,200,0,0,0,0.0,0.0,1803,0,1,-0.491
1779,126.525346,37.658267,200,0,0,0,0.0,0.0,1802,0,1,-0.374
1780,126.526962,37.659288,200,0,0,0,0.0,0.0,1801,0,1,0.004
1781,126.528885,37.659861,200,0,0,0,0.0,0.0,1800,0,1,-0.198
1782,126.530921,37.66027,200,0,0,0,0.0,0.0,1799,0,1,0.067
1783,126.532842,37.660285,200,0,0,0,0.0,0.0,1798,0,1,-1.48
1784,126.533086,37.661416,200,0,0,0,0.0,0.0,1797,0,1,-1.529
1785,126.532835,37.663179,200,0,0,0,0.0,0.0,1796,0,1,-1.252
1786,126.532025,37.664616,200,0,0,0,0.0,0.0,1795,0,1,-1.56
1787,126.530341,37.665522,200,0,0,0,0.0,0.0,1794,0,1,-1.189
1788,126.52858,37.665684,200,0,0,0,0.0,0.0,1793,0,1,-0.897
1789,126.526995,37.665423,200,0,0,0,0.0,0.0,1792,0,1,-0.069
1790,126.525673,37.666038,200,0,0,0,0.0,0.0,1791,0,1,-0.699
1791,126.523777,37.666833,200,0,0,0,0.0,0.0,1790,0,1,-0.475
1792,126.522081,37.667912,200,0,0,0,0.0,0.0,1789,0,1,-0.492
1793,126.520602,37.669082,200,0,0,0,0.0,0.0,1788,0,0,-0.573
1794,126.519549,37.670322,200,0,0,0,0.0,0.0,1819,0,0,-0.587
1795,126.518736,37.671787,200,0,0,0,0.0,0.0,1818,0,0,-0.453
1796,126.518257,37.673318,200,0,0,0,0.0,0.0,1817,0,0,-0.515
1797,126.51791,37.674879,200,0,0,0,0.0,0.0,1816,0,0,-0.525
1798,126.517816,37.676651,200,0,0,0,0.0,0.0,1815,0,0,-0.557
1799,126.517883,37.678357,200,0,0,0,0.0,0.0,1814,0,0,-0.493
1800,126.518182,37.679887,200,0,0,0,0.0,0.0,1813,0,0,-0.582
1801,126.519025,37.681214,200,0,0,0,0.0,0.0,1812,0,0,-0.575
1802,126.520123,37.682484,200,0,0,0,0.0,0.0,1811,0,0,-1.537
1803,126.51974,37.683979,200,0,0,0,0.0,0.0,1810,0,0,-1.02
1804,126.51943,37.68571,200,0,0,0,0.0,0.0,1809,0,1,-0.931
1805,126.519464,37.687366,200,0,0,0,0.0,0.0,1808,0,1,-0.925
1806,126.52013,37.68879,200,0,0,0,0.0,0.0,1807,0,1,-1.266
1807,126.52025,37.690334,200,0,0,0,0.0,0.0,1806,0,1,-1.091
1808,126.520484,37.691846,200,0,0,0,0.0,0.0,1805,0,1,-1.148
1809,126.520608,37.693509,200,0,0,0,0.0,0.0,1804,0,1,-1.097
1810,126.520996,37.695,200,0,0,0,0.0,0.0,1835,0,1,-1.08
1811,126.521472,37.696527,200,0,0,0,0.0,0.0,1834,0,1,-0.998
1812,126.522013,37.697882,200,0,0,0,0.0,0.0,1833,0,1,-0.854
1813,126.52281,37.699333,200,0,0,0,0.0,0.0,1832,0,1,-0.491
1814,126.524039,37.700767,200,0,0,0,0.0,0.0,1831,0,1,-0.728
1815,126.525184,37.702038,200,0,0,0,0.0,0.0,1830,0,1,-1.759
1816,126.524036,37.703056,200,0,0,0,0.0,0.0,1829,0,1,-1.446
1817,126.522386,37.704158,200,0,0,0,0.0,0.0,1828,0,1,-1.09
1818,126.521027,37.705442,200,0,0,0,0.0,0.0,1827,0,1,-1.523
1819,126.519382,37.706322,200,0,0,0,0.0,0.0,1826,0,1,-1.04
1820,126.517683,37.707366,200,0,0,0,0.0,0.0,1825,0,1,-0.97
1821,126.51634,37.708712,200,0,0,0,0.0,0.0,1824,0,1,-1.072
1822,126.51531,37.710067,200,0,0,0,0.0,0.0,1823,0,1,-1.091
1823,126.514601,37.711522,200,0,0,0,0.0,0.0,1822,0,1,-1.315
1824,126.513984,37.712891,200,0,0,0,0.0,0.0,1821,0,1,-1.209
1825,126.513506,37.714342,200,0,0,0,0.0,0.0,1820,0,1,-1.211
1826,126.513325,37.716041,200,0,0,0,0.0,0.0,1851,0,1,-0.76
1827,126.513265,37.717842,200,0,0,0,0.0,0.0,1850,0,1,-0.674
1828,126.513446,37.719517,200,0,0,0,0.0,0.0,1849,0,1,-0.747
1829,126.513838,37.721081,200,0,0,0,0.0,0.0,1848,0,1,-0.648
1830,126.514034,37.722691,200,0,0,0,0.0,0.0,1847,0,1,-0.484
1831,126.514303,37.724331,200,0,0,0,0.0,0.0,1846,0,1,-0.488
1832,126.51465,37.725974,200,0,0,0,0.0,0.0,1845,0,1,-0.687
1833,126.515314,37.727457,200,0,0,0,0.0,0.0,1844,0,1,-0.936
1834,126.516131,37.728945,200,0,0,0,0.0,0.0,1843,0,1,-0.828
1835,126.517178,37.73041,200,0,0,0,0.0,0.0,1842,0,1,-0.923
1836,126.518087,37.73193,200,0,0,0,0.0,0.0,1841,0,1,-0.414
1837,126.519077,37.733237,200,0,0,0,0.0,0.0,1840,0,1,-0.465
1838,126.520183,37.734648,200,0,0,0,0.0,0.0,1839,0,1,-0.65
1839,126.521316,37.736011,200,0,0,0,0.0,0.0,1838,0,1,-0.369
1840,126.522548,37.737393,200,0,0,0,0.0,0.0,1837,0,1,-0.217
1841,126.524142,37.738481,200,0,0,0,0.0,0.0,1836,0,1,-0.696
1842,126.525116,37.73961,200,0,0,0,0.0,0.0,1864,0,1,-1.524
1843,126.525031,37.741117,200,0,0,0,0.0,0.0,1863,0,1,-1.25
1844,126.524635,37.742439,200,0,0,0,0.0,0.0,1862,0,1,-0.477
1845,126.525051,37.743864,200,0,0,0,0.0,0.0,1861,0,1,-0.32
1846,126.525633,37.745385,200,0,0,0,0.0,0.0,1860,0,1,-0.728
1847,126.526379,37.746916,200,0,0,0,0.0,0.0,1859,0,1,-1.588
1848,126.52568,37.748016,200,0,0,0,0.0,0.0,1858,0,1,-1.841
1849,126.523872,37.748656,200,0,0,0,0.0,0.0,1857,0,1,-0.891
1850,126.522222,37.749891,200,0,0,0,0.0,0.0,1856,0,1,-0.642
1851,126.520805,37.751185,200,0,0,0,0.0,0.0,1855,0,0,-0.932
1852,126.519721,37.752603,200,0,0,0,0.0,0.0,1854,0,0,-1.143
1853,126.518622,37.753968,200,0,0,0,0.0,0.0,1853,0,0,-1.062
1854,126.517616,37.755506,200,0,0,0,0.0,0.0,1852,0,0,-1.292
1855,126.516188,37.75684,200,0,0,0,0.0,1.0,760,1,0,-1.004
1856,126.514836,37.758156,200,0,0,0,0.0,1.0,791,1,0,-0.991
1857,126.513784,37.759654,200,1,0,1,5.0,1.0,792,1,0,-1.123
1858,126.512861,37.761036,200,0,0,0,0.0,1.0,771,1,0,-0.898
1859,126.51223,37.762626,200,0,0,0,0.0,1.0,772,1,1,-1.028
1860,126.511937,37.764282,200,0,0,0,0.0,0.0,1883,0,1,-1.019
1861,126.511877,37.766083,200,0,0,0,0.0,0.0,1882,0,1,-0.329
1862,126.512098,37.767734,200,0,0,0,0.0,0.0,1881,0,1,-0.169
1863,126.512693,37.769264,200,0,0,0,0.0,2.0,561,1,1,-0.438
1864,126.512993,37.770988,200,0,0,0,0.0,2.0,536,1,1,-0.918
1865,126.512231,37.772511,200,2,0,2,10.0,2.0,535,1,1,-0.8
1866,126.510777,37.773815,200,0,0,0,0.0,2.0,534,1,1,-0.471
1867,126.509595,37.774983,200,0,0,0,0.0,3.0,485,1,1,-0.397
1868,126.508741,37.776408,200,0,0,0,0.0,1.0,813,1,1,-0.481
1869,126.508671,37.777981,200,1,0,1,5.0,3.0,469,1,1,-0.956
1870,126.508727,37.779514,200,0,0,0,0.0,3.0,465,1,1,-1.345
1871,126.508314,37.781019,200,2,0,2,10.0,3.0,464,1,1,-1.265
1872,126.507311,37.782488,200,0,0,0,0.0,2.0,566,1,1,-1.265
1873,126.505905,37.783719,200,0,0,0,0.0,2.0,565,1,1,-1.221
1874,126.504127,37.784483,200,0,0,0,0.0,0.0,1897,0,1,-0.838
1875,126.502339,37.785384,200,0,0,0,0.0,0.0,1896,0,1,-0.875
1876,126.500368,37.786077,200,0,0,0,0.0,0.0,1895,0,1,-1.153
1877,126.498423,37.786222,200,0,0,0,0.0,0.0,1894,0,1,-0.537
1878,126.497123,37.786756,200,0,0,0,0.0,0.0,1893,0,1,-0.954
1879,126.495594,37.787342,200,0,0,0,0.0,0.0,1892,0,1,-0.84
1880,126.493997,37.787966,200,0,0,0,0.0,0.0,1891,0,1,-1.061
1881,126.492035,37.788697,200,0,0,0,0.0,0.0,1890,0,0,-0.911
1882,126.490146,37.78949,200,0,0,0,0.0,0.0,1889,0,0,-0.663
1883,126.488291,37.790385,200,0,0,0,0.0,0.0,1888,0,0,-0.805
1884,126.486437,37.79123,200,0,0,0,0.0,0.0,1887,0,0,-0.526
1885,126.484736,37.792087,200,0,0,0,0.0,0.0,1886,0,0,-1.135
1886,126.483006,37.79315,200,0,0,0,0.0,0.0,1885,0,0,-0.799
1887,126.481753,37.794293,200,0,0,0,0.0,0.0,1884,0,0,-0.808
1888,126.48026,37.795065,200,0,0,0,0.0,1.0,743,1,0,-0.815
1889,126.478231,37.795814,200,0,0,0,0.0,1.0,773,1,0,-0.492
1890,126.476452,37.796804,200,1,0,1,5.0,1.0,740,1,0,-0.503
1891,126.474771,37.797757,200,0,0,0,0.0,1.0,741,1,0,-0.522
1892,126.473312,37.798739,200,0,0,0,0.0,1.0,742,1,0,-0.471
1893,126.47183,37.799733,200,0,0,0,0.0,0.0,1910,0,1,-0.506
1894,126.470298,37.800843,200,0,0,0,0.0,0.0,1909,0,1,-0.375
1895,126.468989,37.801976,200,0,0,0,0.0,0.0,1908,0,1,-0.913
1896,126.467532,37.802881,200,0,0,0,0.0,0.0,1907,0,1,-0.617
1897,126.465928,37.803845,200,0,0,0,0.0,0.0,1906,0,1,-0.577
1898,126.464178,37.804759,200,0,0,0,0.0,0.0,1905,0,1,-0.422
1899,126.462503,37.805612,200,0,0,0,0.0,0.0,1904,0,1,-0.399
1900,126.460921,37.806308,200,0,0,0,0.0,0.0,1903,0,1,-0.189
1901,126.459386,37.807327,200,0,0,0,0.0,0.0,1902,0,1,-0.374
1902,126.457723,37.808389,200,0,0,0,0.0,0.0,1901,0,1,-0.258
1903,126.456262,37.809594,200,0,0,0,0.0,0.0,1900,0,1,-0.518
1904,126.454694,37.810861,200,0,0,0,0.0,0.0,1899,0,1,-0.635
1905,126.453033,37.811961,200,0,0,0,0.0,0.0,1898,0,1,-0.314
1906,126.451982,37.812602,200,0,0,0,0.0,0.0,1926,0,1,0.131
1907,126.450999,37.813655,200,0,0,0,0.0,0.0,1925,0,1,-0.447
1908,126.449733,37.814795,200,0,0,0,0.0,0.0,1924,0,1,-0.442
1909,126.448424,37.816026,200,0,0,0,0.0,0.0,1923,0,1,-0.643
1910,126.446961,37.817318,200,0,0,0,0.0,0.0,1922,0,1,-0.862
1911,126.445663,37.818649,200,0,0,0,0.0,0.0,1921,0,1,-0.951
1912,126.445082,37.820265,200,0,0,0,0.0,0.0,1920,0,1,-1.01
1913,126.444662,37.821732,200,0,0,0,0.0,0.0,1919,0,1,-2.052
1914,126.44281,37.821975,200,0,0,0,0.0,0.0,1918,0,1,-0.865
1915,126.441169,37.822845,200,0,0,0,0.0,0.0,1917,0,1,-0.77
1916,126.439945,37.824271,200,0,0,0,0.0,0.0,1916,0,1,-0.81
1917,126.439235,37.825618,200,0,0,0,0.0,0.0,1915,0,1,-1.201
1918,126.438078,37.826577,200,0,0,0,0.0,0.0,1914,0,0,-0.63
1919,126.437723,37.828002,200,0,0,0,0.0,0.0,1913,0,0,-0.858
1920,126.436882,37.829352,200,0,0,0,0.0,0.0,1912,0,0,-1.692
1921,126.434953,37.829709,200,0,0,0,0.0,0.0,1911,0,0,-0.508
1922,126.432926,37.829865,200,0,0,0,0.0,0.0,1942,0,0,-0.536
1923,126.430931,37.830199,200,0,0,0,0.0,0.0,1941,0,0,-1.021
1924,126.42905,37.830933,200,0,0,0,0.0,0.0,1940,0,0,-1.07
1925,126.427738,37.831823,200,0,0,0,0.0,0.0,1939,0,0,-1.779
1926,126.426226,37.830813,200,0,0,0,0.0,0.0,1938,0,0,-0.123
1927,126.425224,37.829423,200,0,0,0,0.0,0.0,1937,0,0,0.14
1928,126.423919,37.828076,200,0,0,0,0.0,0.0,1936,0,0,-0.203
1929,126.42236,37.826843,200,0,0,0,0.0,0.0,1935,0,0,-0.197
1930,126.42077,37.825692,200,0,0,0,0.0,0.0,1934,0,0,-0.208
1931,126.419502,37.824715,200,0,0,0,0.0,0.0,1933,0,0,0.164
1932,126.417962,37.823626,200,0,0,0,0.0,0.0,1932,0,0,0.335
1933,126.416287,37.82289,200,0,0,0,0.0,0.0,1931,0,0,0.241
1934,126.414333,37.822739,200,0,0,0,0.0,0.0,1930,0,0,-0.143
1935,126.412651,37.823299,200,0,0,0,0.0,0.0,1929,0,0,-0.684
1936,126.410712,37.823345,200,0,0,0,0.0,0.0,1928,0,0,-0.412
1937,126.408768,37.823021,200,0,0,0,0.0,0.0,1927,0,0,-0.007
1938,126.406876,37.822687,200,0,0,0,0.0,0.0,1958,0,0,0.041
1939,126.404812,37.822627,200,0,0,0,0.0,0.0,1957,0,0,-0.236
1940,126.402804,37.822954,200,0,0,0,0.0,0.0,1956,0,0,-0.303
1941,126.400948,37.823657,200,0,0,0,0.0,0.0,1955,0,0,-0.7
1942,126.398867,37.823858,200,0,0,0,0.0,0.0,1954,0,0,-0.23
1943,126.396596,37.823808,200,0,0,0,0.0,0.0,1953,0,0,-0.186
1944,126.394452,37.823663,200,0,0,0,0.0,0.0,1952,0,0,-0.207
1945,126.392543,37.823425,200,0,0,0,0.0,0.0,1951,0,0,-1.391
1946,126.391977,37.822477,200,0,0,0,0.0,0.0,1950,0,0,0.085
1947,126.392347,37.821061,200,0,0,0,0.0,0.0,1949,0,0,0.945
1948,126.392405,37.819264,200,0,0,0,0.0,0.0,1948,0,0,0.893
1949,126.392206,37.817771,200,0,0,0,0.0,0.0,1947,0,0,0.459
1950,126.391841,37.816378,200,0,0,0,0.0,0.0,1946,0,0,0.536
1951,126.391354,37.81518,200,0,0,0,0.0,0.0,1945,0,0,0.119
1952,126.391119,37.81389,200,0,0,0,0.0,0.0,1944,0,0,0.219
1953,126.390547,37.812528,200,0,0,0,0.0,0.0,1943,0,0,0.301
1954,126.389796,37.811033,200,0,0,0,0.0,0.0,1974,0,0,0.313
1955,126.388983,37.80958,200,0,0,0,0.0,0.0,1973,0,0,0.238
1956,126.388088,37.808314,200,0,0,0,0.0,0.0,1972,0,0,0.435
1957,126.387117,37.807112,200,0,0,0,0.0,0.0,1971,0,0,0.492
1958,126.385873,37.806043,200,0,0,0,0.0,0.0,1970,0,0,0.249
1959,126.384461,37.805293,200,0,0,0,0.0,0.0,1969,0,0,-0.037
1960,126.383309,37.804758,200,0,0,0,0.0,0.0,1968,0,0,0.03
1961,126.381768,37.804269,200,0,0,0,0.0,0.0,1967,0,0,-0.145
1962,126.380389,37.803911,200,0,0,0,0.0,0.0,1966,0,0,-0.193
1963,126.379243,37.803623,200,0,0,0,0.0,0.0,1965,0,0,-0.269
1964,126.377643,37.803515,200,0,0,0,0.0,0.0,1964,0,0,-0.584
1965,126.375924,37.802901,200,0,0,0,0.0,0.0,1963,0,0,-0.063
1966,126.373963,37.802561,200,0,0,0,0.0,0.0,1962,0,0,-0.718
1967,126.37219,37.801949,200,0,0,0,0.0,0.0,1961,0,0,-0.412
1968,126.370602,37.801358,200,0,0,0,0.0,0.0,1960,0,0,-0.471
1969,126.368879,37.800578,200,0,0,0,0.0,0.0,1959,0,0,-0.228
1970,126.367202,37.799557,200,0,0,0,0.0,0.0,1990,0,0,0.027
1971,126.365432,37.798541,200,0,0,0,0.0,0.0,1989,0,0,-0.066
1972,126.36384,37.797451,200,0,0,0,0.0,0.0,1988,0,0,0.122
1973,126.362149,37.796404,200,0,0,0,0.0,0.0,1987,0,0,0.161
1974,126.360303,37.795603,200,0,0,0,0.0,0.0,1986,0,0,-0.036
1975,126.358497,37.794849,200,0,0,0,0.0,0.0,1985,0,0,-0.033
1976,126.356804,37.793861,200,0,0,0,0.0,0.0,1984,0,0,-0.036
1977,126.355178,37.792735,200,0,0,0,0.0,0.0,1983,0,0,0.193
1978,126.35323,37.792391,200,0,0,0,0.0,0.0,1982,0,0,-0.794
1979,126.351555,37.791697,200,0,0,0,0.0,0.0,1981,0,0,-0.694
1980,126.350223,37.790405,200,0,0,0,0.0,0.0,1980,0,1,0.036
1981,126.349576,37.789043,200,0,0,0,0.0,0.0,1979,0,1,0.079
1982,126.350466,37.788024,200,0,0,0,0.0,0.0,1978,0,1,0.884
1983,126.351424,37.786625,200,0,0,0,0.0,0.0,1977,0,1,0.963
1984,126.352105,37.78511,200,0,0,0,0.0,0.0,1976,0,1,0.833
1985,126.352546,37.783513,200,0,0,0,0.0,0.0,1975,0,1,0.936
1986,126.352852,37.781915,200,0,0,0,0.0,0.0,2006,0,1,1.026
1987,126.352916,37.780114,200,0,0,0,0.0,0.0,2005,0,1,0.978
1988,126.353039,37.778361,200,0,0,0,0.0,0.0,2004,0,1,0.948
1989,126.353349,37.776701,200,0,0,0,0.0,0.0,2003,0,1,0.87
1990,126.353582,37.774952,200,0,0,0,0.0,0.0,2002,0,1,0.68
1991,126.353962,37.773394,200,0,0,0,0.0,0.0,2001,0,1,0.928
1992,126.353922,37.771803,200,0,0,0,0.0,0.0,2000,0,1,0.613
1993,126.353992,37.770338,200,0,0,0,0.0,0.0,1999,0,1,0.744
1994,126.354533,37.768917,200,0,0,0,0.0,0.0,1998,0,1,0.892
1995,126.356182,37.768163,200,0,0,0,0.0,0.0,1997,0,1,2.302
1996,126.356633,37.767971,200,0,0,0,0.0,0.0,1996,0,1,1.665
1997,126.355067,37.767708,200,0,0,0,0.0,0.0,1995,0,1,0.617
1998,126.355246,37.766239,200,0,0,0,0.0,0.0,1994,0,1,0.755
1999,126.355532,37.764625,200,0,0,0,0.0,0.0,1993,0,1,0.755
2000,126.355729,37.763043,200,0,0,0,0.0,0.0,1992,0,1,0.69
2001,126.355793,37.761531,200,0,0,0,0.0,0.0,1991,0,1,0.525
2002,126.355795,37.75975,200,0,0,0,0.0,0.0,2022,0,1,0.464
2003,126.355731,37.757982,200,0,0,0,0.0,0.0,2021,0,1,0.511
2004,126.355191,37.756615,200,0,0,0,0.0,0.0,2020,0,0,0.236
2005,126.354876,37.755047,200,0,0,0,0.0,0.0,2019,0,0,0.341
2006,126.354832,37.753246,200,0,0,0,0.0,0.0,2018,0,0,0.263
2007,126.354534,37.751618,200,0,0,0,0.0,0.0,2017,0,0,0.253
2008,126.354255,37.749973,200,0,0,0,0.0,0.0,2016,0,0,0.476
2009,126.353881,37.748618,200,0,0,0,0.0,0.0,2015,0,0,0.374
2010,126.353634,37.747014,200,0,0,0,0.0,0.0,2014,0,0,0.49
2011,126.35344,37.745505,200,0,0,0,0.0,0.0,2013,0,0,0.598
2012,126.353294,37.743976,200,0,0,0,0.0,0.0,2012,0,0,0.636
2013,126.353402,37.742663,200,0,0,0,0.0,0.0,2011,0,0,0.97
2014,126.352892,37.741353,200,0,0,0,0.0,0.0,2010,0,0,0.641
2015,126.35228,37.740059,200,0,0,0,0.0,0.0,2009,0,0,0.15
2016,126.352129,37.738534,200,0,0,0,0.0,0.0,2008,0,0,0.528
2017,126.351971,37.736899,200,0,0,0,0.0,0.0,2007,0,0,0.281
2018,126.351758,37.735528,200,0,0,0,0.0,0.0,2038,0,0,0.57
2019,126.351846,37.733736,200,0,0,0,0.0,0.0,2037,0,0,0.658
2020,126.35191,37.731935,200,0,0,0,0.0,0.0,2036,0,0,0.722
2021,126.351936,37.730188,200,0,0,0,0.0,0.0,2035,0,0,0.637
2022,126.351994,37.728772,200,0,0,0,0.0,0.0,2034,0,0,0.805
2023,126.352086,37.72701,200,0,0,0,0.0,0.0,2033,0,0,0.846
2024,126.35215,37.72521,200,0,0,0,0.0,0.0,2032,0,0,0.854
2025,126.352349,37.723522,200,0,0,0,0.0,0.0,2031,0,0,0.96
2026,126.352499,37.721793,200,0,0,0,0.0,0.0,2030,0,0,0.931
2027,126.352419,37.720209,200,0,0,0,0.0,0.0,2029,0,0,0.813
2028,126.352353,37.718748,200,0,0,0,0.0,0.0,2028,0,0,0.868
2029,126.351742,37.717363,200,0,0,0,0.0,0.0,2027,0,0,0.048
2030,126.350968,37.716119,200,0,0,0,0.0,0.0,2026,0,0,0.053
2031,126.351469,37.714742,200,0,0,0,0.0,0.0,2025,0,0,0.736
2032,126.352177,37.713199,200,0,0,0,0.0,0.0,2024,0,0,0.583
2033,126.352793,37.711828,200,0,0,0,0.0,0.0,2023,0,0,0.824
2034,126.353575,37.710582,200,0,0,0,0.0,0.0,2054,0,0,0.847
2035,126.354408,37.709182,200,0,0,0,0.0,0.0,2053,0,0,0.715
2036,126.354932,37.707567,200,0,0,0,0.0,0.0,2052,0,0,0.367
2037,126.354816,37.706318,200,0,0,0,0.0,0.0,2051,0,0,-0.564
2038,126.356412,37.705536,200,0,0,0,0.0,0.0,2050,0,0,0.636
2039,126.357917,37.704643,200,0,0,0,0.0,0.0,2049,0,0,0.865
2040,126.359113,37.703394,200,0,0,0,0.0,0.0,2048,0,0,-0.488
2041,126.360706,37.703483,200,0,0,0,0.0,0.0,2047,0,0,-0.036
2042,126.362498,37.703656,200,0,0,0,0.0,0.0,2046,0,0,0.565
2043,126.364441,37.703447,200,0,0,0,0.0,0.0,2045,0,0,0.743
2044,126.366183,37.703157,200,0,0,0,0.0,0.0,2044,0,0,0.603
2045,126.368143,37.702682,200,0,0,0,0.0,0.0,2043,0,0,0.29
2046,126.370227,37.702215,200,0,0,0,0.0,0.0,2042,0,0,0.223
2047,126.372055,37.701815,200,0,0,0,0.0,0.0,2041,0,0,0.736
2048,126.373233,37.700791,200,0,0,0,0.0,0.0,2040,0,0,0.234
2049,126.374896,37.700315,200,0,0,0,0.0,0.0,2039,0,0,-0.155
2050,126.376881,37.700333,200,0,0,0,0.0,0.0,2070,0,0,0.932
2051,126.37866,37.69991,200,0,0,0,0.0,0.0,2069,0,0,0.562
2052,126.380536,37.699839,200,0,0,0,0.0,0.0,2068,0,0,0.758
2053,126.382617,37.699609,200,0,0,0,0.0,0.0,2067,0,0,1.09
2054,126.384595,37.699165,200,0,0,0,0.0,0.0,2066,0,0,1.158
2055,126.385902,37.698552,200,0,0,0,0.0,0.0,2065,0,0,1.094
2056,126.387236,37.697439,200,0,0,0,0.0,0.0,2064,0,0,0.652
2057,126.388642,37.696142,200,0,0,0,0.0,0.0,2063,0,0,0.961
2058,126.389743,37.695063,200,0,0,0,0.0,0.0,2062,0,0,1.18
2059,126.390194,37.693762,200,0,0,0,0.0,0.0,2061,0,0,1.165
2060,126.390117,37.692959,200,0,0,0,0.0,0.0,2060,0,0,0.831
2061,126.389662,37.691937,200,0,0,0,0.0,0.0,2059,0,0,1.203
2062,126.389059,37.691316,200,0,0,0,0.0,0.0,2058,0,0,0.316
2063,126.387698,37.690529,200,0,0,0,0.0,0.0,2057,0,0,-0.863
2064,126.388428,37.689186,200,0,0,0,0.0,0.0,2056,0,0,0.37
2065,126.389233,37.687882,200,0,0,0,0.0,0.0,2055,0,0,0.208
2066,126.390237,37.686559,200,0,0,0,0.0,0.0,2086,0,0,0.428
2067,126.391235,37.685134,200,0,0,0,0.0,0.0,2085,0,0,0.04
2068,126.392838,37.683931,200,0,0,0,0.0,0.0,2084,0,0,0.43
2069,126.394145,37.682598,200,0,0,0,0.0,0.0,2083,0,0,0.225
2070,126.395407,37.681463,200,0,0,0,0.0,0.0,2082,0,0,-0.232
2071,126.397262,37.680726,200,0,0,0,0.0,0.0,2081,0,0,0.932
2072,126.398494,37.679733,200,0,0,0,0.0,0.0,2080,0,0,0.816
2073,126.399617,37.678485,200,0,0,0,0.0,0.0,2079,0,0,0.146
2074,126.400934,37.677237,200,0,0,0,0.0,0.0,2078,0,0,0.751
2075,126.402198,37.67596,200,0,0,0,0.0,0.0,2077,0,0,1.029
2076,126.403006,37.674666,200,0,0,0,0.0,0.0,2076,0,0,0.896
2077,126.40373,37.673074,200,0,0,0,0.0,0.0,2075,0,0,0.844
2078,126.404312,37.671533,200,0,0,0,0.0,0.0,2074,0,0,0.95
2079,126.404721,37.670009,200,0,0,0,0.0,0.0,2073,0,0,0.973
2080,126.405029,37.668436,200,0,0,0,0.0,0.0,2072,0,0,0.661
2081,126.404989,37.666943,200,0,0,0,0.0,0.0,2071,0,0,-0.183
2082,126.405817,37.665524,200,0,0,0,0.0,0.0,2102,0,0,0.759
2083,126.406527,37.663992,200,0,0,0,0.0,0.0,2101,0,0,0.761
2084,126.407085,37.662568,200,0,0,0,0.0,0.0,2100,0,0,0.861
2085,126.407457,37.661027,200,0,0,0,0.0,0.0,2099,0,0,0.885
2086,126.407651,37.659372,200,0,0,0,0.0,0.0,2098,0,0,0.845
2087,126.407592,37.657804,200,0,0,0,0.0,0.0,2097,0,0,0.767
2088,126.40772,37.656058,200,0,0,0,0.0,0.0,2096,0,0,1.174
2089,126.407347,37.655034,200,0,0,0,0.0,0.0,2095,0,0,0.805
2090,126.406841,37.653675,200,0,0,0,0.0,0.0,2094,0,0,0.858
2091,126.406288,37.652249,200,0,0,0,0.0,0.0,2093,0,0,0.749
2092,126.405549,37.650668,200,0,0,0,0.0,0.0,2092,0,0,0.69
2093,126.404665,37.649152,200,0,0,0,0.0,0.0,2091,0,0,0.645
2094,126.403582,37.647752,200,0,0,0,0.0,0.0,2090,0,0,0.617
2095,126.402723,37.646347,200,0,0,0,0.0,0.0,2089,0,0,1.213
2096,126.401621,37.645798,200,0,0,0,0.0,0.0,2088,0,0,0.333
2097,126.400211,37.64461,200,0,0,0,0.0,0.0,2087,0,0,0.444
2098,126.398975,37.643569,200,0,0,0,0.0,0.0,2118,0,0,0.797
2099,126.397621,37.642569,200,0,0,0,0.0,0.0,2117,0,0,0.418
2100,126.395719,37.641768,200,0,0,0,0.0,0.0,2116,0,0,0.271
2101,126.393627,37.641281,200,0,0,0,0.0,0.0,2115,0,0,0.139
2102,126.39169,37.641093,200,0,0,0,0.0,0.0,2114,0,0,-0.406
2103,126.389827,37.640982,200,0,0,0,0.0,0.0,2113,0,0,-0.93
2104,126.387973,37.640358,200,0,0,0,0.0,0.0,2112,0,0,-0.822
2105,126.386167,37.639564,200,0,0,0,0.0,0.0,2111,0,0,-0.126
2106,126.384246,37.638965,200,0,0,0,0.0,0.0,2110,0,0,0.104
2107,126.382166,37.638763,200,0,0,0,0.0,0.0,2109,0,0,-0.595
2108,126.380402,37.638428,200,0,0,0,0.0,0.0,2108,0,0,-0.553
2109,126.378841,37.637453,200,0,0,0,0.0,0.0,2107,0,0,0.006
2110,126.37697,37.636936,200,0,0,0,0.0,0.0,2106,0,0,-0.208
2111,126.37479,37.636962,200,0,0,0,0.0,0.0,2105,0,0,-0.411
2112,126.372528,37.637061,200,0,0,0,0.0,0.0,2104,0,0,-0.72
2113,126.370266,37.63716,200,0,0,0,0.0,0.0,2103,0,0,-1.101
2114,126.368418,37.636825,200,0,0,0,0.0,0.0,2144,0,0,-0.635
2115,126.366828,37.636108,200,0,0,0,0.0,0.0,2143,0,0,-0.945
2116,126.365733,37.635075,200,0,0,0,0.0,0.0,2142,0,0,-0.992
2117,126.365804,37.633658,200,0,0,0,0.0,0.0,2141,0,0,0.825
2118,126.365,37.632162,200,0,0,0,0.0,0.0,2140,0,0,0.674
2119,126.364459,37.630587,200,0,0,0,0.0,0.0,2139,0,0,0.945
2120,126.364411,37.62887,200,0,0,0,0.0,0.0,2138,0,0,1.171
2121,126.364341,37.627292,200,0,0,0,0.0,0.0,2137,0,0,0.933
2122,126.364298,37.625666,200,0,0,0,0.0,0.0,2136,0,0,1.163
2123,126.364192,37.624005,200,0,0,0,0.0,1.0,793,1,0,1.012
2124,126.364265,37.622242,200,0,0,0,0.0,1.0,794,1,0,1.109
2125,126.364386,37.620443,200,0,1,1,5.0,1.0,795,1,0,0.946
2126,126.364508,37.618644,200,0,0,0,0.0,1.0,768,1,0,0.747
2127,126.365028,37.617025,200,0,0,0,0.0,1.0,769,1,0,1.017
2128,126.365896,37.615483,200,0,0,0,0.0,0.0,2135,0,0,1.131
2129,126.365636,37.614378,200,0,0,0,0.0,2.0,562,1,0,-1.514
2130,126.366793,37.614263,200,0,0,0,0.0,5.0,393,1,0,0.775
2131,126.367477,37.61329,200,0,2,2,10.0,5.0,387,1,0,1.473
2132,126.367288,37.611566,200,0,3,3,15.0,5.0,392,1,0,1.225
2133,126.366814,37.610387,200,0,0,0,0.0,5.0,384,1,0,0.798
2134,126.3662,37.609279,200,0,0,0,0.0,3.0,483,1,0,1.489
2135,126.365065,37.609269,200,0,0,0,0.0,0.0,2155,0,0,-0.686
2136,126.36411,37.609644,200,0,0,0,0.0,0.0,2154,0,0,-1.344
2137,126.364732,37.608791,200,0,0,0,0.0,0.0,2153,0,0,0.009
2138,126.363891,37.608515,200,0,0,0,0.0,0.0,2152,0,0,-0.349
2139,126.363418,37.607655,200,0,0,0,0.0,0.0,2151,0,0,0.427
2140,126.363643,37.606954,200,0,0,0,0.0,0.0,2150,0,0,0.851
2141,126.363348,37.605888,200,0,0,0,0.0,0.0,2149,0,0,0.807
2142,126.363286,37.604801,200,0,0,0,0.0,0.0,2148,0,0,0.495
2143,126.363825,37.604113,200,0,0,0,0.0,0.0,2147,0,0,0.909
2144,126.363636,37.603411,200,0,0,0,0.0,0.0,2146,0,0,0.664
2145,126.363883,37.602378,200,0,0,0,0.0,0.0,2145,0,0,0.705
2146,126.363948,37.601527,200,0,0,0,0.0,0.0,2171,0,0,0.327
2147,126.365538,37.601265,200,0,0,0,0.0,0.0,2170,0,0,2.728
2148,126.367368,37.601067,200,0,0,0,0.0,0.0,2169,0,0,3.077
2149,126.36638,37.600882,200,0,0,0,0.0,0.0,2168,0,0,1.779
2150,126.364332,37.600936,200,0,0,0,0.0,0.0,2167,0,0,0.102
2151,126.364058,37.600389,200,0,0,0,0.0,0.0,2166,0,0,-0.624
2152,126.364477,37.599924,200,0,0,0,0.0,0.0,2165,0,0,-0.412
2153,126.365232,37.599625,200,0,0,0,0.0,0.0,2164,0,0,0.443
2154,126.36713,37.599686,200,0,0,0,0.0,0.0,2163,0,0,2.434
2155,126.366718,37.599492,200,0,0,0,0.0,0.0,2162,0,0,1.43
2156,126.365639,37.598935,200,0,0,0,0.0,0.0,2161,0,0,0.395
2157,126.366468,37.59854,200,0,0,0,0.0,0.0,2160,0,0,1.024
2158,126.366902,37.59809,200,0,0,0,0.0,0.0,2159,0,0,1.401
2159,126.366863,37.597782,200,0,0,0,0.0,0.0,2158,0,0,1.046
2160,126.365062,37.597948,200,0,0,0,0.0,0.0,2157,0,0,-1.157
2161,126.365709,37.597391,200,0,0,0,0.0,0.0,2156,0,0,-0.012
2162,126.365822,37.596618,200,0,0,0,0.0,0.0,2187,0,0,-0.135
2163,126.364961,37.595739,200,0,0,0,0.0,0.0,2186,0,0,-1.337
2164,126.364107,37.594615,200,0,0,0,0.0,0.0,2185,0,0,-2.482
2165,126.365169,37.594839,200,0,0,0,0.0,0.0,2184,0,0,-1.938
2166,126.366843,37.595865,200,0,0,0,0.0,0.0,2183,0,0,0.433
2167,126.368028,37.596446,200,0,0,0,0.0,0.0,2182,0,0,2.243
2168,126.36761,37.595345,200,0,0,0,0.0,0.0,2181,0,0,0.576
2169,126.368215,37.59518,200,0,0,0,0.0,0.0,2180,0,0,1.229
2170,126.368242,37.594524,200,0,0,0,0.0,0.0,2179,0,0,0.292
2171,126.366964,37.593968,200,0,0,0,0.0,0.0,2178,0,0,-1.853
2172,126.366602,37.593306,200,0,0,0,0.0,0.0,2177,0,0,-1.493
2173,126.367609,37.593442,200,0,0,0,0.0,0.0,2176,0,0,-0.744
2174,126.367294,37.592279,200,0,0,0,0.0,0.0,2175,0,0,-0.851
2175,126.36741,37.590949,200,0,0,0,0.0,0.0,2174,0,0,-0.763
2176,126.368258,37.59147,200,0,0,0,0.0,0.0,2173,0,0,-0.984
2177,126.368422,37.592907,200,0,0,0,0.0,0.0,2172,0,0,-0.128
2178,126.369239,37.593437,200,0,0,0,0.0,0.0,2203,0,0,1.399
2179,126.370408,37.594276,200,0,0,0,0.0,0.0,2202,0,0,2.236
2180,126.370343,37.593058,200,0,0,0,0.0,0.0,2201,0,0,1.509
2181,126.370733,37.591469,240,0,0,0,0.0,0.0,2200,0,0,2.332
2182,126.826763,37.91241,200,0,0,0,0.0,0.0,2199,0,0,-0.193
2183,126.825882,37.910959,200,0,0,0,0.0,0.0,2198,0,0,-0.441
2184,126.825047,37.909473,200,0,0,0,0.0,0.0,2197,0,0,-0.435
2185,126.824207,37.908059,200,0,0,0,0.0,0.0,2196,0,0,-0.353
2186,126.823245,37.906595,200,0,0,0,0.0,0.0,2195,0,0,-0.454
2187,126.822498,37.905121,200,0,0,0,0.0,0.0,2194,0,0,-0.325
2188,126.82185,37.90361,200,0,0,0,0.0,0.0,2193,0,0,-0.378
2189,126.821214,37.90204,200,0,0,0,0.0,0.0,2192,0,0,-0.277
2190,126.820367,37.900651,200,0,0,0,0.0,0.0,2191,0,0,-0.383
2191,126.819326,37.899144,200,0,0,0,0.0,0.0,2190,0,0,-0.487
2192,126.818095,37.897735,200,0,0,0,0.0,0.0,2189,0,0,-0.543
2193,126.816869,37.896372,200,0,0,0,0.0,0.0,2188,0,0,-0.55
2194,126.81566,37.895005,200,0,0,0,0.0,0.0,2219,0,0,-0.559
2195,126.814428,37.893638,200,0,0,0,0.0,0.0,2218,0,0,-0.452
2196,126.813053,37.892296,200,0,0,0,0.0,0.0,2217,0,0,-0.448
2197,126.811483,37.890992,200,0,0,0,0.0,0.0,2216,0,0,-0.374
2198,126.80964,37.890051,200,0,0,0,0.0,0.0,2215,0,0,-0.779
2199,126.807604,37.889493,200,0,0,0,0.0,0.0,2214,0,0,-0.851
2200,126.805713,37.889153,200,0,0,0,0.0,0.0,2213,0,0,-0.805
2201,126.803626,37.889036,200,0,0,0,0.0,0.0,2212,0,0,-0.964
2202,126.801855,37.889005,200,0,0,0,0.0,0.0,2211,0,0,-0.921
2203,126.799916,37.889401,200,0,0,0,0.0,0.0,2210,0,0,-1.167
2204,126.798052,37.890233,200,0,0,0,0.0,0.0,2209,0,0,-1.162
2205,126.796373,37.891256,200,0,0,0,0.0,0.0,2208,0,0,-0.961
2206,126.795226,37.892629,200,0,0,0,0.0,0.0,2207,0,0,-1.221
2207,126.794462,37.894144,200,0,0,0,0.0,0.0,2206,0,0,-1.246
2208,126.793762,37.895664,200,0,0,0,0.0,0.0,2205,0,0,-1.297
2209,126.792721,37.897147,200,0,0,0,0.0,0.0,2204,0,0,-1.334
2210,126.791632,37.898593,200,0,0,0,0.0,0.0,2235,0,0,-1.292
2211,126.790592,37.900087,200,0,0,0,0.0,0.0,2234,0,0,-1.405
2212,126.789432,37.901458,200,0,0,0,0.0,0.0,2233,0,0,-1.392
2213,126.78826,37.90281,200,0,0,0,0.0,0.0,2232,0,0,-1.192
2214,126.786378,37.903114,200,0,0,0,0.0,0.0,2231,0,0,0.253
2215,126.784971,37.902555,200,0,0,0,0.0,0.0,2230,0,0,0.369
2216,126.782966,37.902105,200,0,0,0,0.0,0.0,2229,0,0,0.153
2217,126.781232,37.902782,200,0,0,0,0.0,0.0,2228,0,0,0.281
2218,126.780163,37.904321,200,0,0,0,0.0,0.0,2227,0,0,0.003
2219,126.778598,37.905391,200,0,0,0,0.0,0.0,2226,0,0,-0.188
2220,126.776785,37.906057,200,0,0,0,0.0,0.0,2225,0,0,-0.245
2221,126.774679,37.906552,200,0,0,0,0.0,0.0,2224,0,0,-0.246
2222,126.772891,37.907285,200,0,0,0,0.0,0.0,2223,0,0,-0.026
2223,126.771251,37.908092,200,0,0,0,0.0,0.0,2222,0,0,0.052
2224,126.76933,37.908418,200,0,0,0,0.0,0.0,2221,0,0,-0.571
2225,126.767342,37.90816,200,0,0,0,0.0,0.0,2220,0,0,-0.859
2226,126.765287,37.907952,200,0,0,0,0.0,0.0,2251,0,0,-1.006
2227,126.763447,37.907581,200,0,0,0,0.0,0.0,2250,0,0,-0.839
2228,126.761639,37.907187,200,0,0,0,0.0,0.0,2249,0,0,-0.843
2229,126.759754,37.9068,200,0,0,0,0.0,0.0,2248,0,0,-0.996
2230,126.757765,37.906234,200,0,0,0,0.0,0.0,2247,0,0,-0.86
2231,126.75573,37.905707,200,0,0,0,0.0,0.0,2246,0,0,-0.997
2232,126.753814,37.905181,200,0,0,0,0.0,0.0,2245,0,0,-0.856
2233,126.75168,37.904875,200,0,0,0,0.0,0.0,2244,0,0,-1.105
2234,126.749435,37.904665,200,0,0,0,0.0,0.0,2243,0,0,-1.224
2235,126.74751,37.904178,200,0,0,0,0.0,0.0,2242,0,0,-0.958
2236,126.745732,37.903319,200,0,0,0,0.0,0.0,2241,0,0,-0.923
2237,126.74408,37.902265,200,0,0,0,0.0,0.0,2240,0,0,-0.753
2238,126.742597,37.901122,200,0,0,0,0.0,0.0,2239,0,0,-0.749
2239,126.741269,37.89987,200,0,0,0,0.0,0.0,2238,0,0,-0.612
2240,126.739975,37.898572,200,0,0,0,0.0,0.0,2237,0,0,-0.612
2241,126.738863,37.897206,200,0,0,0,0.0,0.0,2236,0,0,-0.478
2242,126.73765,37.895821,200,0,0,0,0.0,0.0,2267,0,0,-0.522
2243,126.736416,37.89449,200,0,0,0,0.0,0.0,2266,0,0,-0.515
2244,126.735234,37.893204,200,0,0,0,0.0,0.0,2265,0,0,-0.574
2245,126.734056,37.89176,200,0,0,0,0.0,0.0,2264,0,0,-0.811
2246,126.733932,37.890724,200,0,0,0,0.0,0.0,2263,0,0,-0.203
2247,126.733621,37.88946,200,0,0,0,0.0,0.0,2262,0,0,-0.417
2248,126.733631,37.887937,200,0,0,0,0.0,0.0,2261,0,0,-0.182
2249,126.734463,37.886651,200,0,0,0,0.0,0.0,2260,0,0,-0.019
2250,126.735481,37.885145,200,0,0,0,0.0,0.0,2259,0,0,-0.08
2251,126.736694,37.883787,200,0,0,0,0.0,0.0,2258,0,0,-0.138
2252,126.738222,37.882479,200,0,0,0,0.0,0.0,2257,0,0,0.124
2253,126.73965,37.881178,200,0,0,0,0.0,0.0,2256,0,0,0.077
2254,126.741045,37.879888,200,0,0,0,0.0,0.0,2255,0,0,0.063
2255,126.742434,37.878555,200,0,0,0,0.0,0.0,2254,0,0,0.122
2256,126.74374,37.87715,200,0,0,0,0.0,0.0,2253,0,0,-0.151
2257,126.745091,37.875954,200,0,0,0,0.0,0.0,2252,0,0,-0.069
2258,126.7466,37.874683,200,0,0,0,0.0,0.0,2283,0,0,0.165
2259,126.747757,37.873267,200,0,0,0,0.0,0.0,2282,0,0,-0.021
2260,126.748778,37.871935,200,0,0,0,0.0,0.0,2281,0,0,0.165
2261,126.74946,37.870311,200,0,0,0,0.0,0.0,2280,0,0,-0.165
2262,126.750332,37.868808,200,0,0,0,0.0,0.0,2279,0,0,-0.079
2263,126.751321,37.867343,200,0,0,0,0.0,0.0,2278,0,0,-0.176
2264,126.752545,37.866095,200,0,0,0,0.0,0.0,2277,0,0,-0.443
2265,126.754331,37.865292,200,0,0,0,0.0,0.0,2276,0,0,-0.001
2266,126.756046,37.864346,200,0,0,0,0.0,0.0,2275,0,0,-0.044
2267,126.7578,37.863403,200,0,0,0,0.0,0.0,2274,0,0,-0.071
2268,126.759614,37.862504,200,0,0,0,0.0,0.0,2273,0,0,0.187
2269,126.761068,37.861524,200,0,0,0,0.0,0.0,2272,0,0,0.303
2270,126.761982,37.860088,200,0,0,0,0.0,0.0,2271,0,0,-0.001
2271,126.762771,37.858467,200,0,0,0,0.0,0.0,2270,0,0,-0.18
2272,126.763186,37.856744,200,0,0,0,0.0,0.0,2269,0,0,-0.212
2273,126.763738,37.855278,200,0,0,0,0.0,0.0,2268,0,0,-0.731
2274,126.765243,37.855158,200,0,0,0,0.0,0.0,2299,0,0,0.198
2275,126.765991,37.856691,200,0,0,0,0.0,0.0,2298,0,0,1.077
2276,126.765647,37.858199,200,0,0,0,0.0,0.0,2297,0,0,0.721
2277,126.76423,37.859398,200,0,0,0,0.0,0.0,2296,0,0,0.566
2278,126.764756,37.860788,200,0,0,0,0.0,0.0,2295,0,0,1.695
2279,126.76648,37.860902,200,0,0,0,0.0,0.0,2294,0,0,2.303
2280,126.766461,37.860606,200,0,0,0,0.0,0.0,2293,0,0,1.251
2281,126.764675,37.86038,200,0,0,0,0.0,0.0,2292,0,0,1.469
2282,126.765079,37.859108,200,0,0,0,0.0,0.0,2291,0,0,1.971
2283,126.766438,37.857851,200,0,0,0,0.0,0.0,2290,0,0,2.015
2284,126.766336,37.856306,200,0,0,0,0.0,0.0,2289,0,0,1.724
2285,126.765849,37.854798,200,0,0,0,0.0,0.0,2288,0,0,0.976
2286,126.764711,37.85346,200,0,0,0,0.0,0.0,2287,0,0,-0.163
2287,126.763083,37.852493,200,0,0,0,0.0,0.0,2286,0,0,-0.711
2288,126.761336,37.851663,200,0,0,0,0.0,0.0,2285,0,0,-0.772
2289,126.759554,37.850999,200,0,0,0,0.0,0.0,2284,0,0,-0.96
2290,126.757787,37.85008,200,0,0,0,0.0,0.0,2315,0,0,-0.794
2291,126.756125,37.849219,200,0,0,0,0.0,0.0,2314,0,0,-0.602
2292,126.7543,37.848862,200,0,0,0,0.0,0.0,2313,0,0,-1.184
2293,126.752515,37.84806,200,0,0,0,0.0,0.0,2312,0,0,-0.933
2294,126.750845,37.846963,200,0,0,0,0.0,0.0,2311,0,0,-0.568
2295,126.74899,37.846467,200,0,0,0,0.0,0.0,2310,0,0,-0.749
2296,126.746943,37.84646,200,0,0,0,0.0,0.0,2309,0,0,-0.963
2297,126.745139,37.846833,200,0,0,0,0.0,0.0,2308,0,0,-1.323
2298,126.742987,37.846985,200,0,0,0,0.0,0.0,2307,0,0,-1.202
2299,126.741164,37.84658,200,0,0,0,0.0,0.0,2306,0,0,-0.874
2300,126.739346,37.846149,200,0,0,0,0.0,0.0,2305,0,0,-0.835
2301,126.73754,37.845754,200,0,0,0,0.0,0.0,2304,0,0,-0.829
2302,126.735643,37.845365,200,0,0,0,0.0,0.0,2303,0,0,-1.015
2303,126.733662,37.844998,200,0,0,0,0.0,0.0,2302,0,0,-0.868
2304,126.731762,37.844658,200,0,0,0,0.0,0.0,2301,0,0,-0.857
2305,126.729562,37.844499,200,0,0,0,0.0,0.0,2300,0,0,-1.189
2306,126.727294,37.844388,200,0,0,0,0.0,0.0,2331,0,0,-1.299
2307,126.725027,37.844276,200,0,0,0,0.0,0.0,2330,0,0,-1.061
2308,126.722759,37.844164,200,0,0,0,0.0,0.0,2329,0,0,-1.239
2309,126.720562,37.844003,200,0,0,0,0.0,0.0,2328,0,0,-1.188
2310,126.71862,37.843667,200,0,0,0,0.0,0.0,2327,0,0,-0.921
2311,126.716521,37.843375,200,0,0,0,0.0,0.0,2326,0,0,-1.055
2312,126.714702,37.843015,200,0,0,0,0.0,0.0,2325,0,0,-0.917
2313,126.713003,37.842916,200,0,0,0,0.0,0.0,2324,0,0,-1.245
2314,126.712538,37.842454,200,0,0,0,0.0,0.0,2323,0,0,-0.587
2315,126.710461,37.842201,200,0,0,0,0.0,0.0,2322,0,0,-1.147
2316,126.708466,37.841791,200,0,0,0,0.0,0.0,2321,0,0,-1.071
2317,126.706663,37.841148,200,0,0,0,0.0,0.0,2320,0,0,-0.811
2318,126.704883,37.840494,200,0,0,0,0.0,0.0,2319,0,0,-0.795
2319,126.703094,37.839855,200,0,0,0,0.0,0.0,2318,0,0,-0.859
2320,126.701354,37.839157,200,0,0,0,0.0,0.0,2317,0,0,-0.762
2321,126.699633,37.838412,200,0,0,0,0.0,0.0,2316,0,0,-0.777
2322,126.697884,37.837631,200,0,0,0,0.0,0.0,2347,0,0,-0.877
2323,126.696138,37.836757,200,0,0,0,0.0,0.0,2346,0,0,-0.834
2324,126.694516,37.835863,200,0,0,0,0.0,0.0,2345,0,0,-0.726
2325,126.692764,37.834916,200,0,0,0,0.0,0.0,2344,0,0,-0.749
2326,126.691212,37.834211,200,0,0,0,0.0,0.0,2343,0,0,-0.71
2327,126.689611,37.833563,200,0,0,0,0.0,0.0,2342,0,0,-0.76
2328,126.687678,37.832868,200,0,0,0,0.0,0.0,2341,0,0,-0.909
2329,126.686169,37.832185,200,0,0,0,0.0,0.0,2340,0,0,-0.402
2330,126.684886,37.832113,200,0,0,0,0.0,0.0,2339,0,0,-0.93
2331,126.68286,37.831598,200,0,0,0,0.0,0.0,2338,0,0,-1.075
2332,126.680918,37.830956,200,0,0,0,0.0,0.0,2337,0,0,-0.806
2333,126.679222,37.830462,200,0,0,0,0.0,0.0,2336,0,0,-0.801
2334,126.677419,37.82999,200,0,0,0,0.0,0.0,2335,0,0,-0.983
2335,126.675496,37.829364,200,0,0,0,0.0,0.0,2334,0,0,-0.95
2336,126.673691,37.828498,200,0,0,0,0.0,0.0,2333,0,0,-1.009
2337,126.672321,37.827337,200,0,0,0,0.0,0.0,2332,0,0,-0.536
2338,126.670921,37.826437,200,0,0,0,0.0,0.0,2358,0,0,-1.755
2339,126.669644,37.825612,200,0,0,0,0.0,0.0,2357,0,0,-2.485
2340,126.670427,37.825542,200,0,0,0,0.0,1.0,763,1,0,-1.727
2341,126.671476,37.825572,200,0,0,0,0.0,1.0,764,1,0,0.081
2342,126.6719,37.823908,200,1,0,1,5.0,1.0,765,1,0,-0.115
2343,126.672586,37.822414,200,0,0,0,0.0,1.0,766,1,0,-0.037
2344,126.67347,37.821028,200,0,0,0,0.0,1.0,767,1,0,-0.04
2345,126.674542,37.819561,200,0,0,0,0.0,0.0,2356,0,0,0.003
2346,126.675642,37.818183,200,0,0,0,0.0,0.0,2355,0,0,-0.052
2347,126.676826,37.816798,200,0,0,0,0.0,0.0,2354,0,0,0.109
2348,126.677685,37.815586,200,0,0,0,0.0,0.0,2353,0,0,0.072
2349,126.678508,37.814272,200,0,0,0,0.0,0.0,2352,0,0,0.067
2350,126.679308,37.812837,200,0,0,0,0.0,0.0,2351,0,0,0.009
2351,126.679523,37.811768,200,0,0,0,0.0,0.0,2350,0,0,-0.091
2352,126.679723,37.810306,200,0,0,0,0.0,0.0,2349,0,0,-0.053
2353,126.679809,37.808654,200,0,0,0,0.0,0.0,2348,0,0,0.125
2354,126.680775,37.807162,200,0,0,0,0.0,1.0,701,1,0,-0.17
2355,126.68216,37.805994,200,0,0,0,0.0,1.0,774,1,0,0.342
2356,126.682442,37.804455,200,1,0,1,5.0,2.0,560,1,0,-0.06
2357,126.682053,37.802742,200,0,0,0,0.0,3.0,475,1,0,-0.249
2358,126.681243,37.801211,200,1,0,1,5.0,3.0,474,1,0,-0.411
2359,126.680265,37.799811,200,1,0,1,5.0,4.0,418,1,0,-0.329
2360,126.679108,37.798535,200,0,0,0,0.0,5.0,394,1,0,-0.373
2361,126.677433,37.797473,200,2,0,2,10.0,12.0,237,1,0,-0.888
2362,126.675914,37.796411,200,1,0,1,5.0,11.0,245,1,0,-0.284
2363,126.675181,37.795785,200,8,0,8,40.0,11.0,259,1,0,-0.098
2364,126.673863,37.795719,200,0,0,0,0.0,9.0,283,1,0,-0.922
2365,126.672033,37.795133,200,0,0,0,0.0,8.0,305,1,0,-0.81
2366,126.670104,37.794597,200,0,0,0,0.0,0.0,2378,0,0,-0.985
2367,126.668189,37.793923,200,0,0,0,0.0,0.0,2377,0,0,-1.039
2368,126.666502,37.792957,200,0,0,0,0.0,0.0,2376,0,0,-1.087
2369,126.665618,37.791401,200,0,0,0,0.0,0.0,2375,0,0,-0.339
2370,126.664968,37.789915,200,0,0,0,0.0,0.0,2388,0,0,-0.158
2371,126.664185,37.788649,200,0,0,0,0.0,0.0,2387,0,0,-0.384
2372,126.662844,37.787447,200,0,0,0,0.0,0.0,2386,0,0,-0.673
2373,126.661528,37.786254,200,0,0,0,0.0,0.0,2385,0,0,-1.157
2374,126.662179,37.784904,200,0,0,0,0.0,0.0,2384,0,0,-0.645
2375,126.663893,37.784104,200,0,0,0,0.0,0.0,2383,0,0,0.186
2376,126.665254,37.782934,200,0,0,0,0.0,0.0,2382,0,0,0.412
2377,126.665835,37.781327,200,0,0,0,0.0,0.0,2381,0,0,-0.11
2378,126.666466,37.779916,200,0,0,0,0.0,0.0,2380,0,0,-0.243
2379,126.667698,37.778744,200,0,0,0,0.0,0.0,2379,0,0,-0.03
2380,126.669088,37.777425,200,0,0,0,0.0,17.0,164,1,0,-0.246
2381,126.670813,37.776315,200,0,0,0,0.0,21.0,121,1,0,-0.08
2382,126.672158,37.775478,200,17,0,17,85.0,29.0,92,1,0,0.279
2383,126.673264,37.774098,200,4,0,4,20.0,32.0,85,1,0,-0.027
2384,126.674467,37.772718,200,8,0,8,40.0,34.0,81,1,0,0.219
2385,126.674997,37.771272,200,3,0,3,15.0,19.0,150,1,0,-0.325
2386,126.675977,37.770064,200,2,0,2,10.0,20.0,126,1,0,-0.102
2387,126.677351,37.768716,200,2,0,2,10.0,12.0,240,1,0,-0.034
2388,126.678529,37.767475,200,5,0,5,25.0,13.0,224,1,0,0.176
2389,126.679317,37.765926,200,0,0,0,0.0,15.0,197,1,0,-0.089
2390,126.680118,37.76471,200,4,0,4,20.0,13.0,228,1,0,0.056
2391,126.680956,37.763425,200,4,0,4,20.0,8.0,303,1,0,0.059
2392,126.681775,37.761979,200,0,0,0,0.0,8.0,304,1,0,0.132
2393,126.68179,37.760893,200,0,0,0,0.0,4.0,403,1,0,-0.288
2394,126.682445,37.759527,200,0,0,0,0.0,6.0,351,1,0,-0.531
2395,126.68399,37.758649,200,0,0,0,0.0,11.0,251,1,0,0.284
2396,126.686136,37.758373,200,6,0,6,30.0,11.0,252,1,0,1.786
2397,126.686391,37.75748,200,5,0,5,25.0,11.0,256,1,0,1.189
2398,126.685831,37.75782,200,0,0,0,0.0,11.0,260,1,0,0.595
2399,126.684066,37.757472,200,0,0,0,0.0,9.0,290,1,0,-1.069
2400,126.684364,37.756303,200,0,0,0,0.0,9.0,287,1,0,-0.256
2401,126.685199,37.754813,200,4,0,4,20.0,13.0,231,1,0,0.237
2402,126.685205,37.753207,200,5,0,5,25.0,17.0,166,1,0,-0.149
2403,126.685324,37.751579,200,4,0,4,20.0,19.0,143,1,0,0.029
2404,126.685247,37.749879,200,4,0,4,20.0,19.0,146,1,0,-0.124
2405,126.685204,37.748153,200,2,0,2,10.0,19.0,147,1,0,0.007
2406,126.685104,37.74647,200,4,0,4,20.0,17.0,165,1,0,-0.184
2407,126.685271,37.744882,200,5,0,5,25.0,14.0,222,1,0,0.001
2408,126.685582,37.743294,200,2,0,2,10.0,18.0,162,1,0,0.079
2409,126.685529,37.741576,200,1,0,1,5.0,14.0,217,1,0,-0.104
2410,126.685378,37.739893,200,6,0,6,30.0,12.0,243,1,0,-0.17
2411,126.685187,37.738426,200,0,0,0,0.0,15.0,198,1,0,-0.928
2412,126.686719,37.737419,200,3,0,3,15.0,16.0,190,1,0,0.393
2413,126.687518,37.735851,200,5,0,5,25.0,11.0,255,1,0,0.053
2414,126.687838,37.734138,200,2,0,2,10.0,12.0,238,1,0,-0.242
2415,126.688182,37.73252,200,1,0,1,5.0,14.0,219,1,0,0.043
2416,126.688243,37.730723,200,1,0,1,5.0,11.0,258,1,0,-0.011
2417,126.688299,37.728922,200,5,0,5,25.0,9.0,298,1,0,0.032
2418,126.688028,37.727291,200,2,0,2,10.0,9.0,284,1,0,-0.24
2419,126.687263,37.725777,200,0,0,0,0.0,10.0,273,1,0,-0.553
2420,126.687081,37.724193,200,1,0,1,5.0,6.0,354,1,0,-0.119
2421,126.686997,37.722583,200,2,0,2,10.0,4.0,430,1,0,-0.206
2422,126.686555,37.721168,200,1,0,1,5.0,7.0,331,1,0,-0.22
2423,126.685996,37.719665,200,0,0,0,0.0,7.0,325,1,0,-0.4
2424,126.685425,37.718016,200,3,0,3,15.0,5.0,371,1,0,-0.196
2425,126.684317,37.716525,200,1,0,1,5.0,8.0,313,1,0,-0.553
2426,126.683135,37.71516,200,0,0,0,0.0,8.0,306,1,0,-0.504
2427,126.681989,37.713734,200,4,0,4,20.0,5.0,372,1,0,-0.426
2428,126.680468,37.712416,200,0,0,0,0.0,5.0,376,1,0,-0.761
2429,126.67937,37.710993,200,0,0,0,0.0,5.0,377,1,0,-0.477
2430,126.678226,37.709578,200,1,0,1,5.0,1.0,738,1,0,-0.558
2431,126.677158,37.708134,200,0,0,0,0.0,1.0,664,1,0,-0.48
2432,126.676367,37.706878,200,0,0,0,0.0,1.0,665,1,0,-0.366
2433,126.675622,37.705504,200,0,0,0,0.0,0.0,2437,0,0,-0.349
2434,126.674885,37.704062,200,0,0,0,0.0,0.0,2457,0,0,-0.358
2435,126.674196,37.702626,200,0,0,0,0.0,1.0,677,1,0,-0.349
2436,126.673696,37.701181,200,0,0,0,0.0,1.0,653,1,0,-0.398
2437,126.673594,37.700017,200,1,0,1,5.0,2.0,615,1,0,-0.198
2438,126.672917,37.698493,200,0,0,0,0.0,2.0,614,1,0,-0.368
2439,126.672412,37.696876,200,1,0,1,5.0,2.0,603,1,0,-0.317
2440,126.671884,37.69533,200,0,0,0,0.0,1.0,704,1,0,-0.252
2441,126.671244,37.693765,200,0,0,0,0.0,1.0,705,1,0,-0.361
2442,126.671162,37.692192,200,0,0,0,0.0,0.0,2456,0,0,-0.16
2443,126.671721,37.690715,200,0,0,0,0.0,1.0,706,1,0,-0.134
2444,126.672473,37.68942,200,0,0,0,0.0,1.0,707,1,0,0.029
2445,126.673315,37.688142,200,1,0,1,5.0,1.0,708,1,0,0.036
2446,126.674209,37.68665,200,0,0,0,0.0,1.0,709,1,0,-0.124
2447,126.67548,37.685216,200,0,0,0,0.0,1.0,710,1,0,0.048
2448,126.67663,37.683861,200,0,0,0,0.0,0.0,2455,0,0,0.072
2449,126.677687,37.682427,200,0,0,0,0.0,0.0,2454,0,0,0.074
2450,126.678429,37.680983,200,0,0,0,0.0,0.0,2473,0,0,-0.248
2451,126.67979,37.679649,200,0,0,0,0.0,0.0,2472,0,0,0.048
2452,126.681158,37.678345,200,0,0,0,0.0,0.0,2471,0,0,0.072
2453,126.682574,37.677093,200,0,0,0,0.0,0.0,2470,0,0,0.016
2454,126.684026,37.675835,200,0,0,0,0.0,0.0,2469,0,0,0.067
2455,126.685389,37.674456,200,0,0,0,0.0,0.0,2468,0,0,-0.319
2456,126.687068,37.673401,200,0,0,0,0.0,0.0,2467,0,0,0.16
2457,126.688646,37.672176,200,0,0,0,0.0,0.0,2466,0,0,0.078
2458,126.690129,37.671056,200,0,0,0,0.0,0.0,2465,0,0,-0.025
2459,126.691851,37.669953,200,0,0,0,0.0,0.0,2464,0,0,-0.182
2460,126.693768,37.669071,200,0,0,0,0.0,0.0,2463,0,0,0.162
2461,126.695456,37.667954,200,0,0,0,0.0,0.0,2462,0,0,-0.143
2462,126.697124,37.666971,200,0,0,0,0.0,0.0,2461,0,0,-0.117
2463,126.698832,37.665946,200,0,0,0,0.0,0.0,2460,0,0,-0.01
2464,126.700574,37.664912,200,0,0,0,0.0,0.0,2459,0,0,-0.029
2465,126.702283,37.663865,200,0,0,0,0.0,0.0,2458,0,0,-0.15
2466,126.703957,37.662957,200,0,0,0,0.0,0.0,2489,0,0,0.005
2467,126.705594,37.661946,200,0,0,0,0.0,0.0,2488,0,0,-0.04
2468,126.707257,37.660944,200,0,0,0,0.0,0.0,2487,0,0,-0.025
2469,126.708896,37.659916,200,0,0,0,0.0,0.0,2486,0,0,-0.039
2470,126.710592,37.65893,200,0,0,0,0.0,0.0,2485,0,0,0.024
2471,126.7123,37.657888,200,0,0,0,0.0,0.0,2484,0,0,-0.069
2472,126.713184,37.657582,200,0,0,0,0.0,0.0,2483,0,0,0.404
2473,126.714473,37.656417,200,0,0,0,0.0,0.0,2482,0,0,-0.169
2474,126.716135,37.655411,200,0,0,0,0.0,0.0,2481,0,0,-0.118
2475,126.717655,37.654501,200,0,0,0,0.0,0.0,2480,0,0,0.07
2476,126.719015,37.653389,200,0,0,0,0.0,0.0,2479,0,0,-0.115
2477,126.720519,37.652342,200,0,0,0,0.0,0.0,2478,0,0,-0.205
2478,126.722317,37.651633,200,0,0,0,0.0,0.0,2477,0,0,-0.113
2479,126.72388,37.651847,200,0,0,0,0.0,0.0,2476,0,0,1.357
2480,126.724009,37.651231,200,0,0,0,0.0,0.0,2475,0,0,0.258
2481,126.723299,37.650559,200,0,0,0,0.0,0.0,2474,0,0,-0.791
2482,126.724961,37.649506,200,0,0,0,0.0,0.0,2505,0,0,0.139
2483,126.726448,37.648218,200,0,0,0,0.0,0.0,2504,0,0,0.124
2484,126.727835,37.646952,200,0,0,0,0.0,0.0,2503,0,0,0.026
2485,126.729187,37.645653,200,0,0,0,0.0,0.0,2502,0,0,-0.326
2486,126.730976,37.644702,200,0,0,0,0.0,0.0,2501,0,0,-0.155
2487,126.73295,37.643925,200,0,0,0,0.0,0.0,2500,0,0,-0.021
2488,126.734767,37.643073,200,0,0,0,0.0,0.0,2499,0,0,-0.052
2489,126.736625,37.642242,200,0,0,0,0.0,0.0,2498,0,0,-0.027
2490,126.738408,37.641411,200,0,0,0,0.0,0.0,2497,0,0,-0.076
2491,126.740183,37.640585,200,0,0,0,0.0,0.0,2496,0,0,-0.05
2492,126.741877,37.639721,200,0,0,0,0.0,0.0,2495,0,0,0.012
2493,126.743601,37.638698,200,0,0,0,0.0,0.0,2494,0,0,0.005
2494,126.745263,37.637636,200,0,0,0,0.0,0.0,2493,0,0,-0.065
2495,126.746915,37.636592,200,0,0,0,0.0,0.0,2492,0,0,-0.05
2496,126.748587,37.635538,200,0,0,0,0.0,0.0,2491,0,0,-0.075
2497,126.750307,37.634521,200,0,0,0,0.0,0.0,2490,0,0,-0.134
2498,126.751977,37.633536,200,0,0,0,0.0,0.0,2521,0,0,-0.062
2499,126.753513,37.632585,200,0,0,0,0.0,0.0,2520,0,0,-0.118
2500,126.755205,37.631758,200,0,0,0,0.0,0.0,2519,0,0,-0.046
2501,126.756984,37.630807,200,0,0,0,0.0,0.0,2518,0,0,-0.09
2502,126.758684,37.630011,200,0,0,0,0.0,0.0,2517,0,0,-0.113
2503,126.760401,37.629143,200,0,0,0,0.0,0.0,2516,0,0,-0.186
2504,126.762084,37.628561,200,0,0,0,0.0,0.0,2515,0,0,-0.07
2505,126.763621,37.627969,200,0,0,0,0.0,0.0,2514,0,0,-0.125
2506,126.765251,37.62739,200,0,0,0,0.0,0.0,2513,0,0,-0.158
2507,126.767033,37.626856,200,0,0,0,0.0,0.0,2512,0,0,-0.229
2508,126.768746,37.626438,200,0,0,0,0.0,0.0,2511,0,0,-0.214
2509,126.770523,37.626064,200,0,0,0,0.0,0.0,2510,0,0,-0.398
2510,126.772721,37.626004,200,0,0,0,0.0,0.0,2509,0,0,-0.343
2511,126.774987,37.625996,200,0,0,0,0.0,0.0,2508,0,0,-0.208
2512,126.777252,37.625989,200,0,0,0,0.0,0.0,2507,0,0,0.081
2513,126.779358,37.62568,200,0,0,0,0.0,0.0,2506,0,0,-0.295
2514,126.781377,37.625484,200,0,0,0,0.0,0.0,2537,0,0,0.042
2515,126.783189,37.624805,200,0,0,0,0.0,0.0,2536,0,0,0.084
2516,126.785029,37.623861,200,0,0,0,0.0,0.0,2535,0,0,0.105
2517,126.786719,37.622848,200,0,0,0,0.0,0.0,2534,0,0,-0.172
2518,126.788481,37.621969,200,0,0,0,0.0,0.0,2533,0,0,0.205
2519,126.790141,37.620825,200,0,0,0,0.0,0.0,2532,0,0,-0.186
2520,126.791826,37.619964,200,0,0,0,0.0,0.0,2531,0,0,-0.17
2521,126.793154,37.61943,200,0,0,0,0.0,0.0,2530,0,0,0.025
2522,126.794368,37.618486,200,0,0,0,0.0,0.0,2529,0,0,-0.148
2523,126.7961,37.617513,200,0,0,0,0.0,0.0,2528,0,0,0.256
2524,126.796955,37.616198,200,0,0,0,0.0,0.0,2527,0,0,-1.136
2525,126.796096,37.614943,200,0,0,0,0.0,0.0,2526,0,0,-2.804
2526,126.796884,37.615407,200,0,0,0,0.0,0.0,2525,0,0,-2.357
2527,126.798144,37.616054,200,0,0,0,0.0,0.0,2524,0,0,0.042
2528,126.799549,37.615022,200,0,0,0,0.0,0.0,2523,0,0,0.113
2529,126.801033,37.613745,200,0,0,0,0.0,0.0,2522,0,0,0.111
2530,126.802194,37.612406,200,0,0,0,0.0,0.0,2553,0,0,-0.122
2531,126.803526,37.611173,200,0,0,0,0.0,0.0,2552,0,0,-0.04
2532,126.804938,37.609808,200,0,0,0,0.0,0.0,2551,0,0,-0.18
2533,126.806577,37.608564,200,0,0,0,0.0,0.0,2550,0,0,0.093
2534,126.807987,37.607273,200,0,0,0,0.0,0.0,2549,0,0,0.195
2535,126.809144,37.605971,200,0,0,0,0.0,0.0,2548,0,0,0.077
2536,126.810268,37.604506,200,0,0,0,0.0,0.0,2547,0,0,-0.044
2537,126.811455,37.603162,200,0,0,0,0.0,0.0,2546,0,0,0.005
2538,126.81269,37.601844,200,0,0,0,0.0,0.0,2545,0,0,0.078
2539,126.81375,37.600651,200,0,0,0,0.0,0.0,2544,0,0,-0.034
2540,126.815038,37.59938,200,0,0,0,0.0,0.0,2543,0,0,-0.176
2541,126.816641,37.598235,200,0,0,0,0.0,0.0,2542,0,0,-0.15
2542,126.818313,37.597234,200,0,0,0,0.0,0.0,2541,0,0,0.051
2543,126.819793,37.59619,200,0,0,0,0.0,0.0,2540,0,0,-0.223
2544,126.821428,37.595402,200,0,0,0,0.0,0.0,2539,0,0,-0.118
2545,126.823108,37.594599,200,0,0,0,0.0,0.0,2538,0,0,-0.127
2546,126.825011,37.593879,200,0,0,0,0.0,0.0,2569,0,0,-0.0
2547,126.826703,37.593136,200,0,0,0,0.0,0.0,2568,0,0,-0.156
2548,126.828237,37.592569,200,0,0,0,0.0,0.0,2567,0,0,-0.176
2549,126.829978,37.592143,200,0,0,0,0.0,0.0,2566,0,0,-0.356
2550,126.830978,37.593426,200,0,0,0,0.0,0.0,2565,0,0,0.782
2551,126.831763,37.595048,200,0,0,0,0.0,0.0,2564,0,0,1.686
2552,126.831998,37.594752,200,0,0,0,0.0,0.0,2563,0,0,1.901
2553,126.831477,37.5932,200,0,0,0,0.0,0.0,2562,0,0,1.5
2554,126.83088,37.591832,200,0,0,0,0.0,0.0,2561,0,0,-0.037
2555,126.831825,37.590889,200,0,0,0,0.0,0.0,2560,0,0,-0.319
2556,126.833646,37.590032,200,0,0,0,0.0,0.0,2559,0,0,-0.052
2557,126.83542,37.589243,200,0,0,0,0.0,0.0,2558,0,0,0.314
2558,126.836638,37.589274,200,0,0,0,0.0,0.0,2557,0,0,-0.84
2559,126.836627,37.591045,200,0,0,0,0.0,0.0,2556,0,0,-1.172
2560,126.836575,37.592846,200,0,0,0,0.0,0.0,2555,0,0,-1.172
2561,126.836523,37.594647,200,0,0,0,0.0,0.0,2554,0,0,-1.172
2562,126.836461,37.596445,200,0,0,0,0.0,0.0,2585,0,0,-0.864
2563,126.835768,37.597409,200,0,0,0,0.0,0.0,2584,0,0,1.753
2564,126.836415,37.598356,200,0,0,0,0.0,0.0,2583,0,0,-0.927
2565,126.836363,37.600157,200,0,0,0,0.0,0.0,2582,0,0,-1.172
2566,126.836311,37.601959,200,0,0,0,0.0,0.0,2581,0,0,-1.172
2567,126.836259,37.60376,200,0,0,0,0.0,0.0,2580,0,0,-1.172
2568,126.836207,37.605561,200,0,0,0,0.0,0.0,2579,0,0,-1.172
2569,126.836154,37.607363,200,0,0,0,0.0,0.0,2578,0,0,-1.172
2570,126.836102,37.609164,200,0,0,0,0.0,0.0,2577,0,0,-1.172
2571,126.83605,37.610966,200,0,0,0,0.0,0.0,2576,0,0,-1.172
2572,126.835998,37.612767,200,0,0,0,0.0,0.0,2575,0,0,-1.172
2573,126.835945,37.614568,200,0,0,0,0.0,0.0,2574,0,0,-1.172
2574,126.835893,37.61637,200,0,0,0,0.0,0.0,2573,0,0,-1.172
2575,126.835841,37.618171,200,0,0,0,0.0,0.0,2572,0,0,-1.172
2576,126.835789,37.619973,200,0,0,0,0.0,0.0,2571,0,0,-1.172
2577,126.835736,37.621774,200,0,0,0,0.0,0.0,2570,0,0,-1.172
2578,126.835684,37.623575,200,0,0,0,0.0,0.0,2601,0,0,-1.172
2579,126.835632,37.625377,200,0,0,0,0.0,0.0,2600,0,0,-1.172
2580,126.83558,37.627178,200,0,0,0,0.0,0.0,2599,0,0,-1.172
2581,126.835527,37.62898,200,0,0,0,0.0,0.0,2598,0,0,-1.172
2582,126.835475,37.630781,200,0,0,0,0.0,0.0,2597,0,0,-1.172
2583,126.835423,37.632582,200,0,0,0,0.0,0.0,2596,0,0,-1.172
2584,126.835371,37.634384,200,0,0,0,0.0,0.0,2595,0,0,-1.172
2585,126.835318,37.636185,200,0,0,0,0.0,0.0,2594,0,0,-1.01
2586,126.835245,37.637761,200,0,0,0,0.0,0.0,2593,0,0,-0.46
2587,126.835221,37.639533,200,0,0,0,0.0,0.0,2592,0,0,-1.172
2588,126.835169,37.641335,200,0,0,0,0.0,0.0,2591,0,0,-1.172
2589,126.835117,37.643136,200,0,0,0,0.0,0.0,2590,0,0,-1.172
2590,126.835064,37.644938,200,0,0,0,0.0,0.0,2589,0,0,-1.172
2591,126.835012,37.646739,200,0,0,0,0.0,0.0,2588,0,0,-1.172
2592,126.83496,37.64854,200,0,0,0,0.0,0.0,2587,0,0,-1.172
2593,126.834907,37.650342,200,0,0,0,0.0,0.0,2586,0,0,-1.172
2594,126.834855,37.652143,200,0,0,0,0.0,0.0,2617,0,0,-1.172
2595,126.834803,37.653945,200,0,0,0,0.0,0.0,2616,0,0,-1.172
2596,126.834724,37.655683,200,0,0,0,0.0,0.0,2615,0,0,-0.66
2597,126.834682,37.657215,200,0,0,0,0.0,0.0,2614,0,0,-0.294
2598,126.83466,37.658839,200,0,0,0,0.0,0.0,2613,0,0,-1.11
2599,126.834608,37.660641,200,0,0,0,0.0,0.0,2612,0,0,-1.172
2600,126.834556,37.662442,200,0,0,0,0.0,0.0,2611,0,0,-1.172
2601,126.834503,37.664243,200,0,0,0,0.0,0.0,2610,0,0,-1.172
2602,126.834451,37.666045,200,0,0,0,0.0,0.0,2609,0,0,-1.172
2603,126.834399,37.667846,200,0,0,0,0.0,0.0,2608,0,0,-1.172
2604,126.834346,37.669648,200,0,0,0,0.0,0.0,2607,0,0,-1.172
2605,126.834294,37.671449,200,0,0,0,0.0,0.0,2606,0,0,-1.172
2606,126.834242,37.67325,200,0,0,0,0.0,0.0,2605,0,0,-1.172
2607,126.834189,37.675052,200,0,0,0,0.0,0.0,2604,0,0,-1.172
2608,126.834137,37.676853,200,0,0,0,0.0,0.0,2603,0,0,-1.172
2609,126.834084,37.678654,200,0,0,0,0.0,0.0,2602,0,0,-1.172
2610,126.834032,37.680456,200,0,0,0,0.0,0.0,2633,0,0,-1.172
2611,126.83398,37.682257,200,0,0,0,0.0,0.0,2632,0,0,-1.172
2612,126.833927,37.684059,200,0,0,0,0.0,0.0,2631,0,0,-1.172
2613,126.833875,37.68586,200,0,0,0,0.0,0.0,2630,0,0,-1.172
2614,126.833822,37.687661,200,0,0,0,0.0,0.0,2629,0,0,-1.172
2615,126.83377,37.689463,200,0,0,0,0.0,0.0,2628,0,0,-1.172
2616,126.833718,37.691264,200,0,0,0,0.0,0.0,2627,0,0,-1.172
2617,126.833665,37.693066,200,0,0,0,0.0,0.0,2626,0,0,-1.172
2618,126.833613,37.694867,200,0,0,0,0.0,0.0,2625,0,0,-1.172
2619,126.83356,37.696668,200,0,0,0,0.0,0.0,2624,0,0,-1.172
2620,126.833508,37.69847,200,0,0,0,0.0,0.0,2623,0,0,-1.172
2621,126.833455,37.700271,200,0,0,0,0.0,0.0,2622,0,0,-1.172
2622,126.833403,37.702072,200,0,0,0,0.0,0.0,2621,0,0,-1.172
2623,126.83335,37.703874,200,0,0,0,0.0,0.0,2620,0,0,-1.172
2624,126.833298,37.705675,200,0,0,0,0.0,0.0,2619,0,0,-1.172
2625,126.833245,37.707477,200,0,0,0,0.0,0.0,2618,0,0,-1.172
2626,126.833193,37.709278,200,0,0,0,0.0,0.0,2649,0,0,-1.172
2627,126.833141,37.711079,200,0,0,0,0.0,0.0,2648,0,0,-1.172
2628,126.833088,37.712881,200,0,0,0,0.0,0.0,2647,0,0,-1.172
2629,126.833036,37.714682,200,0,0,0,0.0,0.0,2646,0,0,-1.172
2630,126.832983,37.716483,200,0,0,0,0.0,0.0,2645,0,0,-1.172
2631,126.832931,37.718285,200,0,0,0,0.0,0.0,2644,0,0,-1.172
2632,126.832878,37.720086,200,0,0,0,0.0,0.0,2643,0,0,-1.172
2633,126.832826,37.721888,200,0,0,0,0.0,0.0,2642,0,0,-1.172
2634,126.832773,37.723689,200,0,0,0,0.0,0.0,2641,0,0,-1.172
2635,126.832721,37.72549,200,0,0,0,0.0,0.0,2640,0,0,-1.172
2636,126.832668,37.727292,200,0,0,0,0.0,0.0,2639,0,0,-1.172
2637,126.832616,37.729093,200,0,0,0,0.0,0.0,2638,0,0,-1.172
2638,126.832542,37.730877,200,0,0,0,0.0,0.0,2637,0,0,-0.849
2639,126.832474,37.732371,200,0,0,0,0.0,0.0,2636,0,0,-0.296
2640,126.832468,37.734137,200,0,0,0,0.0,0.0,2635,0,0,-1.172
2641,126.832416,37.735938,200,0,0,0,0.0,0.0,2634,0,0,-1.172
2642,126.832363,37.73774,200,0,0,0,0.0,0.0,2665,0,0,-1.172
2643,126.832311,37.739541,200,0,0,0,0.0,0.0,2664,0,0,-1.172
2644,126.832258,37.741342,200,0,0,0,0.0,0.0,2663,0,0,-1.172
2645,126.832206,37.743144,200,0,0,0,0.0,0.0,2662,0,0,-1.172
2646,126.832153,37.744945,200,0,0,0,0.0,0.0,2661,0,0,-1.172
2647,126.832101,37.746746,200,0,0,0,0.0,0.0,2660,0,0,-1.172
2648,126.832048,37.748548,200,0,0,0,0.0,0.0,2659,0,0,-1.172
2649,126.831995,37.750349,200,0,0,0,0.0,0.0,2658,0,0,-1.172
2650,126.831943,37.752151,200,0,0,0,0.0,0.0,2657,0,0,-1.175
2651,126.831436,37.753738,200,0,0,0,0.0,0.0,2656,0,0,0.358
2652,126.830702,37.755166,200,0,0,0,0.0,0.0,2655,0,0,0.082
2653,126.830445,37.756797,200,0,0,0,0.0,0.0,2654,0,0,-0.262
2654,126.830496,37.758551,200,0,0,0,0.0,0.0,2653,0,0,0.215
2655,126.83128,37.759822,200,0,0,0,0.0,0.0,2652,0,0,0.586
2656,126.831676,37.761283,200,0,0,0,0.0,0.0,2651,0,0,-1.172
2657,126.831624,37.763085,200,0,0,0,0.0,0.0,2650,0,0,-1.172
2658,126.831571,37.764886,200,0,0,0,0.0,0.0,2681,0,0,-1.172
2659,126.831518,37.766687,200,0,0,0,0.0,0.0,2680,0,0,-1.172
2660,126.831466,37.768489,200,0,0,0,0.0,0.0,2679,0,0,-1.172
2661,126.831413,37.77029,200,0,0,0,0.0,0.0,2678,0,0,-1.172
2662,126.831346,37.772079,200,0,0,0,0.0,0.0,2677,0,0,-0.853
2663,126.831264,37.773574,200,0,0,0,0.0,0.0,2676,0,0,-0.306
2664,126.831266,37.775334,200,0,0,0,0.0,0.0,2675,0,0,-1.172
2665,126.831213,37.777135,200,0,0,0,0.0,0.0,2674,0,0,-1.172
2666,126.83116,37.778937,200,0,0,0,0.0,0.0,2673,0,0,-1.172
2667,126.831108,37.780738,200,0,0,0,0.0,0.0,2672,0,0,-1.172
2668,126.831055,37.782539,200,0,0,0,0.0,0.0,2671,0,0,-1.172
2669,126.831002,37.784341,200,0,0,0,0.0,0.0,2670,0,0,-1.172
2670,126.83095,37.786142,200,0,0,0,0.0,0.0,2669,0,0,-1.172
2671,126.830897,37.787943,200,0,0,0,0.0,0.0,2668,0,0,-1.172
2672,126.830844,37.789745,200,0,0,0,0.0,0.0,2667,0,0,-1.172
2673,126.830792,37.791546,200,0,0,0,0.0,0.0,2666,0,0,-1.172
2674,126.830739,37.793347,200,0,0,0,0.0,0.0,2697,0,0,-1.172
2675,126.830686,37.795149,200,0,0,0,0.0,0.0,2696,0,0,-1.172
2676,126.830634,37.79695,200,0,0,0,0.0,0.0,2695,0,0,-1.172
2677,126.830581,37.798752,200,0,0,0,0.0,0.0,2694,0,0,-1.172
2678,126.830528,37.800553,200,0,0,0,0.0,0.0,2693,0,0,-1.172
2679,126.830475,37.802354,200,0,0,0,0.0,0.0,2692,0,0,-1.172
2680,126.830423,37.804156,200,0,0,0,0.0,0.0,2691,0,0,-1.172
2681,126.83037,37.805957,200,0,0,0,0.0,0.0,2690,0,0,-1.172
2682,126.830317,37.807758,200,0,0,0,0.0,0.0,2689,0,0,-1.172
2683,126.830265,37.80956,200,0,0,0,0.0,0.0,2688,0,0,-1.172
2684,126.830212,37.811361,200,0,0,0,0.0,0.0,2687,0,0,-1.172
2685,126.830159,37.813162,200,0,0,0,0.0,0.0,2686,0,0,-1.172
2686,126.830106,37.814964,200,0,0,0,0.0,0.0,2685,0,0,-1.172
2687,126.830054,37.816765,200,0,0,0,0.0,0.0,2684,0,0,-1.172
2688,126.830001,37.818566,200,0,0,0,0.0,0.0,2683,0,0,-1.172
2689,126.829948,37.820368,200,0,0,0,0.0,0.0,2682,0,0,-1.172
2690,126.829895,37.822169,200,0,0,0,0.0,0.0,2713,0,0,-1.172
2691,126.829843,37.82397,200,0,0,0,0.0,0.0,2712,0,0,-1.172
2692,126.82979,37.825772,200,0,0,0,0.0,0.0,2711,0,0,-1.172
2693,126.829722,37.827561,200,0,0,0,0.0,0.0,2710,0,0,-0.894
2694,126.829679,37.829123,200,0,0,0,0.0,0.0,2709,0,0,-0.865
2695,126.829639,37.830921,200,0,0,0,0.0,0.0,2708,0,0,-1.172
2696,126.829586,37.832722,200,0,0,0,0.0,0.0,2707,0,0,-1.172
2697,126.829533,37.834524,200,0,0,0,0.0,0.0,2706,0,0,-1.172
2698,126.82948,37.836325,200,0,0,0,0.0,0.0,2705,0,0,-1.172
2699,126.829428,37.838126,200,0,0,0,0.0,0.0,2704,0,0,-1.172
2700,126.829375,37.839928,200,0,0,0,0.0,0.0,2703,0,0,-1.172
2701,126.829322,37.841729,200,0,0,0,0.0,0.0,2702,0,0,-1.172
2702,126.829269,37.84353,200,0,0,0,0.0,0.0,2701,0,0,-1.172
2703,126.829216,37.845332,200,0,0,0,0.0,0.0,2700,0,0,-1.172
2704,126.829164,37.847133,200,0,0,0,0.0,0.0,2699,0,0,-1.172
2705,126.829111,37.848934,200,0,0,0,0.0,0.0,2698,0,0,-1.172
2706,126.829058,37.850736,200,0,0,0,0.0,0.0,2729,0,0,-1.172
2707,126.829005,37.852537,200,0,0,0,0.0,0.0,2728,0,0,-1.172
2708,126.828952,37.854338,200,0,0,0,0.0,0.0,2727,0,0,-1.172
2709,126.828899,37.85614,200,0,0,0,0.0,0.0,2726,0,0,-1.172
2710,126.828846,37.857941,200,0,0,0,0.0,0.0,2725,0,0,-1.172
2711,126.828794,37.859742,200,0,0,0,0.0,0.0,2724,0,0,-1.172
2712,126.828717,37.861418,200,0,0,0,0.0,0.0,2723,0,0,-0.297
2713,126.828695,37.86309,200,0,0,0,0.0,0.0,2722,0,0,-1.172
2714,126.828642,37.864891,200,0,0,0,0.0,0.0,2721,0,0,-1.172
2715,126.82859,37.866693,200,0,0,0,0.0,0.0,2720,0,0,-1.172
2716,126.828537,37.868494,200,0,0,0,0.0,0.0,2719,0,0,-1.172
2717,126.828484,37.870295,200,0,0,0,0.0,0.0,2718,0,0,-1.172
2718,126.828431,37.872097,200,0,0,0,0.0,0.0,2717,0,0,-1.172
2719,126.828378,37.873898,200,0,0,0,0.0,0.0,2716,0,0,-1.172
2720,126.828325,37.875699,200,0,0,0,0.0,0.0,2715,0,0,-1.172
2721,126.828272,37.877501,200,0,0,0,0.0,0.0,2714,0,0,-1.172
2722,126.828219,37.879302,200,0,0,0,0.0,0.0,2745,0,0,-1.172
2723,126.828166,37.881103,200,0,0,0,0.0,0.0,2744,0,0,-1.172
2724,126.828113,37.882905,200,0,0,0,0.0,0.0,2743,0,0,-1.172
2725,126.82806,37.884706,200,0,0,0,0.0,0.0,2742,0,0,-1.172
2726,126.828008,37.886507,200,0,0,0,0.0,0.0,2741,0,0,-1.172
2727,126.827955,37.888309,200,0,0,0,0.0,0.0,2740,0,0,-1.172
2728,126.827902,37.89011,200,0,0,0,0.0,0.0,2739,0,0,-1.172
2729,126.827849,37.891911,200,0,0,0,0.0,0.0,2738,0,0,-1.172
2730,126.827796,37.893713,200,0,0,0,0.0,0.0,2737,0,0,-1.172
2731,126.827743,37.895514,200,0,0,0,0.0,0.0,2736,0,0,-1.172
2732,126.82769,37.897315,200,0,0,0,0.0,0.0,2735,0,0,-1.172
2733,126.827637,37.899116,200,0,0,0,0.0,0.0,2734,0,0,-1.172
2734,126.827584,37.900918,200,0,0,0,0.0,0.0,2733,0,0,-1.172
2735,126.827531,37.902719,200,0,0,0,0.0,0.0,2732,0,0,-1.172
2736,126.827478,37.90452,200,0,0,0,0.0,0.0,2731,0,0,-1.172
2737,126.827425,37.906322,200,0,0,0,0.0,0.0,2730,0,0,-1.172
2738,126.827372,37.908123,200,0,0,0,0.0,0.0,2761,0,0,-1.172
2739,126.827319,37.909924,200,0,0,0,0.0,0.0,2760,0,0,-1.172
2740,126.827266,37.911726,260,0,0,0,0.0,0.0,2759,0,0,-1.053
2741,126.416516,37.914016,200,0,0,0,0.0,0.0,2758,0,1,0.558
2742,126.416484,37.912558,200,0,0,0,0.0,0.0,2757,0,1,0.199
2743,126.417384,37.911137,200,0,0,0,0.0,0.0,2756,0,1,0.696
2744,126.417842,37.909507,200,0,0,0,0.0,0.0,2755,0,0,0.384
2745,126.418062,37.907763,200,0,0,0,0.0,0.0,2754,0,1,0.145
2746,126.417937,37.906142,200,0,0,0,0.0,0.0,2753,0,1,0.253
2747,126.417445,37.904512,200,0,0,0,0.0,0.0,2752,0,1,-0.021
2748,126.416649,37.902969,200,0,0,0,0.0,0.0,2751,0,1,-0.031
2749,126.415369,37.901644,200,0,0,0,0.0,0.0,2750,0,1,-0.144
2750,126.413386,37.901042,200,0,0,0,0.0,0.0,2749,0,1,-0.438
2751,126.41149,37.900568,200,0,0,0,0.0,0.0,2748,0,1,-0.891
2752,126.409872,37.89958,200,0,0,0,0.0,0.0,2747,0,1,-0.918
2753,126.408603,37.898173,200,0,0,0,0.0,0.0,2746,0,1,-0.771
2754,126.408542,37.896646,200,0,0,0,0.0,0.0,2777,0,1,0.095
2755,126.408258,37.895126,200,0,0,0,0.0,0.0,2776,0,1,0.102
2756,126.407792,37.893683,200,0,0,0,0.0,0.0,2775,0,1,-0.038
2757,126.407308,37.89204,200,0,0,0,0.0,0.0,2774,0,1,-0.255
2758,126.406435,37.890488,200,0,0,0,0.0,0.0,2773,0,1,-0.295
2759,126.405249,37.889154,200,0,0,0,0.0,0.0,2772,0,1,-0.272
2760,126.404225,37.887847,200,0,0,0,0.0,0.0,2771,0,1,-0.105
2761,126.403208,37.88646,200,0,0,0,0.0,0.0,2770,0,1,-0.184
2762,126.402203,37.885054,200,0,0,0,0.0,0.0,2769,0,1,0.116
2763,126.40171,37.883541,200,0,0,0,0.0,0.0,2768,0,1,0.696
2764,126.401461,37.882004,200,0,0,0,0.0,0.0,2767,0,1,0.83
2765,126.401115,37.88045,200,0,0,0,0.0,0.0,2766,0,1,0.624
2766,126.400954,37.878943,200,0,0,0,0.0,0.0,2765,0,1,1.183
2767,126.400813,37.878256,200,0,0,0,0.0,0.0,2764,0,1,0.533
2768,126.400326,37.87701,200,0,0,0,0.0,0.0,2763,0,1,0.99
2769,126.39966,37.875423,200,0,0,0,0.0,0.0,2762,0,1,0.884
2770,126.398536,37.874146,200,0,0,0,0.0,0.0,2793,0,1,0.785
2771,126.397481,37.873095,200,0,0,0,0.0,0.0,2792,0,0,0.304
2772,126.396569,37.871944,200,0,0,0,0.0,0.0,2791,0,0,0.595
2773,126.396653,37.87129,200,0,0,0,0.0,0.0,2790,0,0,-0.008
2774,126.397097,37.870464,200,0,0,0,0.0,0.0,2789,0,0,0.311
2775,126.398814,37.869895,200,0,0,0,0.0,0.0,2788,0,0,0.947
2776,126.400891,37.869435,200,0,0,0,0.0,0.0,2787,0,0,1.104
2777,126.402853,37.868962,200,0,0,0,0.0,0.0,2786,0,0,1.206
2778,126.404836,37.868295,200,0,0,0,0.0,0.0,2785,0,0,1.295
2779,126.406682,37.86731,200,0,0,0,0.0,0.0,2784,0,0,1.052
2780,126.408404,37.866203,200,0,0,0,0.0,0.0,2783,0,1,0.958
2781,126.410135,37.865182,200,0,0,0,0.0,0.0,2782,0,1,0.965
2782,126.412039,37.864349,200,0,0,0,0.0,0.0,2781,0,1,1.208
2783,126.413265,37.864182,200,0,0,0,0.0,0.0,2780,0,1,1.703
2784,126.413858,37.863061,200,0,0,0,0.0,0.0,2779,0,1,0.846
2785,126.415452,37.862021,200,0,0,0,0.0,0.0,2778,0,0,0.977
2786,126.41681,37.860945,200,0,0,0,0.0,0.0,2809,0,0,0.789
2787,126.418501,37.859981,200,0,0,0,0.0,0.0,2808,0,0,0.708
2788,126.420264,37.859218,200,0,0,0,0.0,0.0,2807,0,0,1.035
2789,126.421509,37.858107,200,0,0,0,0.0,0.0,2806,0,1,0.638
2790,126.422222,37.85671,200,0,0,0,0.0,0.0,2805,0,1,0.44
2791,126.422369,37.855291,200,0,0,0,0.0,0.0,2804,0,1,-0.339
2792,126.42255,37.853981,200,0,0,0,0.0,0.0,2803,0,1,-1.369
2793,126.424315,37.854301,200,0,0,0,0.0,0.0,2802,0,1,0.132
2794,126.426344,37.854097,200,0,0,0,0.0,0.0,2801,0,1,0.507
2795,126.428229,37.853468,200,0,0,0,0.0,0.0,2800,0,1,0.413
2796,126.430143,37.852929,200,0,0,0,0.0,0.0,2799,0,1,0.449
2797,126.431907,37.852389,200,0,0,0,0.0,0.0,2798,0,1,0.435
2798,126.433777,37.851998,200,0,0,0,0.0,0.0,2797,0,1,0.404
2799,126.435933,37.851735,200,0,0,0,0.0,0.0,2796,0,1,0.633
2800,126.437668,37.851199,200,0,0,0,0.0,0.0,2795,0,1,0.531
2801,126.439406,37.850601,200,0,0,0,0.0,0.0,2794,0,1,0.488
2802,126.441167,37.850041,200,0,0,0,0.0,0.0,2825,0,1,0.401
2803,126.442963,37.8494,200,0,0,0,0.0,0.0,2824,0,1,0.594
2804,126.444909,37.848633,200,0,0,0,0.0,0.0,2823,0,1,0.478
2805,126.446661,37.847794,200,0,0,0,0.0,0.0,2822,0,1,0.334
2806,126.44848,37.847019,200,0,0,0,0.0,0.0,2821,0,1,0.271
2807,126.450363,37.846382,200,0,0,0,0.0,0.0,2820,0,1,0.393
2808,126.452184,37.845923,200,0,0,0,0.0,0.0,2819,0,1,0.417
2809,126.453488,37.84693,200,0,0,0,0.0,0.0,2818,0,1,1.346
2810,126.455139,37.84778,200,0,0,0,0.0,0.0,2817,0,1,2.093
2811,126.455303,37.847453,200,0,0,0,0.0,0.0,2816,0,1,1.575
2812,126.453856,37.846501,200,0,0,0,0.0,0.0,2815,0,1,0.959
2813,126.453799,37.845121,200,0,0,0,0.0,0.0,2814,0,1,0.477
2814,126.455305,37.844197,200,0,0,0,0.0,0.0,2813,0,1,0.707
2815,126.45691,37.843172,200,0,0,0,0.0,0.0,2812,0,1,0.789
2816,126.458568,37.842106,200,0,0,0,0.0,0.0,2811,0,1,0.758
2817,126.460282,37.841051,200,0,0,0,0.0,0.0,2810,0,1,0.728
2818,126.461806,37.839771,200,0,0,0,0.0,0.0,2841,0,1,0.543
2819,126.463227,37.838506,200,0,0,0,0.0,0.0,2840,0,1,0.688
2820,126.464592,37.837253,200,0,0,0,0.0,0.0,2839,0,1,0.693
2821,126.465915,37.835939,200,0,0,0,0.0,0.0,2838,0,1,0.7
2822,126.467005,37.834648,200,0,0,0,0.0,0.0,2837,0,1,0.7
2823,126.467752,37.833157,200,0,0,0,0.0,0.0,2836,0,1,0.642
2824,126.468248,37.831582,200,0,0,0,0.0,0.0,2835,0,1,0.555
2825,126.468319,37.829889,200,0,0,0,0.0,0.0,2834,0,1,0.794
2826,126.467576,37.828523,200,0,0,0,0.0,0.0,2833,0,1,-0.301
2827,126.466772,37.827395,200,0,0,0,0.0,0.0,2832,0,1,-0.425
2828,126.467476,37.826659,200,0,0,0,0.0,0.0,2831,0,1,1.105
2829,126.467456,37.825197,200,0,0,0,0.0,0.0,2830,0,1,0.676
2830,126.468181,37.823896,200,0,0,0,0.0,0.0,2829,0,1,1.048
2831,126.467953,37.822447,200,0,0,0,0.0,0.0,2828,0,1,0.136
2832,126.467913,37.821024,200,0,0,0,0.0,0.0,2827,0,1,-0.389
2833,126.469526,37.81983,200,0,0,0,0.0,0.0,2826,0,1,0.053
2834,126.471491,37.819116,200,0,0,0,0.0,0.0,2856,0,1,-0.045
2835,126.473677,37.818902,200,0,0,0,0.0,0.0,2855,0,1,-0.014
2836,126.475802,37.819007,200,0,0,0,0.0,0.0,2854,0,1,-0.173
2837,126.477874,37.81932,200,0,0,0,0.0,0.0,2853,0,1,-0.088
2838,126.480005,37.819495,200,0,0,0,0.0,0.0,2852,0,1,-0.364
2839,126.481826,37.819936,200,0,0,0,0.0,0.0,2851,0,1,-0.394
2840,126.48349,37.820289,200,0,0,0,0.0,0.0,2850,0,1,0.374
2841,126.485533,37.820079,200,0,0,0,0.0,0.0,2849,0,1,0.186
2842,126.487452,37.819874,200,0,0,0,0.0,0.0,2848,0,1,0.42
2843,126.488883,37.819132,200,0,0,0,0.0,0.0,2847,0,1,-1.329
2844,126.490234,37.820057,200,0,0,0,0.0,0.0,2846,0,1,0.222
2845,126.492163,37.820204,200,0,0,0,0.0,0.0,2845,0,1,0.518
2846,126.494147,37.819807,200,0,0,0,0.0,0.0,2844,0,1,0.354
2847,126.496082,37.819131,200,0,0,0,0.0,0.0,2843,0,1,-0.353
2848,126.498245,37.818941,200,0,0,0,0.0,0.0,2842,0,1,0.572
2849,126.500108,37.818401,200,0,0,0,0.0,1.0,676,1,1,0.84
2850,126.501979,37.817548,200,0,0,0,0.0,1.0,671,1,1,0.761
2851,126.503692,37.816612,200,1,0,1,5.0,1.0,672,1,1,0.576
2852,126.505339,37.815675,200,0,0,0,0.0,1.0,673,1,1,0.221
2853,126.507024,37.814792,200,0,0,0,0.0,1.0,674,1,1,0.324
2854,126.508782,37.814059,200,0,0,0,0.0,0.0,2877,0,1,0.813
2855,126.509889,37.812846,200,0,0,0,0.0,0.0,2876,0,1,-0.373
2856,126.511653,37.812108,200,0,0,0,0.0,0.0,2875,0,1,0.599
2857,126.513473,37.811239,200,0,0,0,0.0,0.0,2874,0,1,0.483
2858,126.515124,37.810008,200,0,0,0,0.0,0.0,2873,0,1,0.022
2859,126.516953,37.809142,200,0,0,0,0.0,1.0,675,1,1,-0.246
2860,126.518939,37.809508,200,0,0,0,0.0,3.0,452,1,1,0.421
2861,126.520796,37.80916,200,1,0,1,5.0,5.0,379,1,1,0.952
2862,126.522585,37.808341,200,2,0,2,10.0,5.0,374,1,1,0.924
2863,126.524297,37.807344,200,2,0,2,10.0,6.0,355,1,1,0.927
2864,126.525933,37.806156,200,0,0,0,0.0,5.0,373,1,1,0.812
2865,126.527288,37.805317,200,1,0,1,5.0,3.0,489,1,1,0.776
2866,126.528233,37.80404,200,0,0,0,0.0,4.0,426,1,1,0.015
2867,126.529699,37.802835,200,0,0,0,0.0,4.0,427,1,1,0.45
2868,126.531176,37.801804,200,3,0,3,15.0,3.0,454,1,1,-0.355
2869,126.532987,37.801635,200,0,0,0,0.0,6.0,356,1,1,-0.516
2870,126.534896,37.801995,200,0,0,0,0.0,8.0,312,1,1,0.475
2871,126.536768,37.801607,200,3,0,3,15.0,6.0,357,1,1,0.559
2872,126.538602,37.800764,200,2,0,2,10.0,8.0,301,1,1,0.351
2873,126.540381,37.79984,200,1,0,1,5.0,9.0,282,1,1,0.484
2874,126.542069,37.798769,200,2,0,2,10.0,7.0,332,1,1,0.852
2875,126.543622,37.797552,200,1,0,1,5.0,12.0,244,1,1,0.519
2876,126.545078,37.796245,200,1,0,1,5.0,13.0,225,1,1,0.415
2877,126.546634,37.795308,200,7,0,7,35.0,16.0,188,1,1,0.698
2878,126.547896,37.79437,200,2,0,2,10.0,20.0,137,1,1,0.563
2879,126.549606,37.793393,200,5,0,5,25.0,24.0,103,1,1,0.775
2880,126.551296,37.792265,200,5,0,5,25.0,21.0,124,1,1,0.837
2881,126.552924,37.791135,200,5,0,5,25.0,26.0,100,1,0,0.736
2882,126.554469,37.790213,200,4,0,4,20.0,21.0,122,1,0,0.821
2883,126.556122,37.789221,200,7,0,7,35.0,16.0,186,1,0,0.927
2884,126.557764,37.788119,200,0,0,0,0.0,11.0,253,1,0,0.659
2885,126.559437,37.787154,200,0,0,0,0.0,9.0,281,1,0,0.114
2886,126.560223,37.787407,200,0,0,0,0.0,13.0,227,1,0,0.421
2887,126.560013,37.789048,200,2,0,2,10.0,13.0,226,1,0,1.411
2888,126.56028,37.789417,200,11,0,11,55.0,17.0,167,1,0,2.33
2889,126.560414,37.787788,200,0,0,0,0.0,17.0,168,1,0,1.687
2890,126.560875,37.786393,200,4,0,4,20.0,17.0,170,1,0,0.854
2891,126.561744,37.785154,200,0,0,0,0.0,13.0,229,1,1,0.602
2892,126.563344,37.784134,200,2,0,2,10.0,20.0,138,1,1,0.955
2893,126.565014,37.782966,200,7,0,7,35.0,18.0,161,1,1,1.11
2894,126.56633,37.781605,200,7,0,7,35.0,22.0,110,1,1,0.729
2895,126.567638,37.780224,200,2,0,2,10.0,20.0,139,1,1,0.474
2896,126.568969,37.778948,200,4,0,4,20.0,20.0,132,1,1,0.462
2897,126.570166,37.777622,200,0,0,0,0.0,16.0,192,1,1,0.679
2898,126.571013,37.776147,200,7,0,7,35.0,15.0,200,1,1,0.305
2899,126.5714,37.774575,200,3,0,3,15.0,12.0,239,1,1,0.268
2900,126.571477,37.77292,200,1,0,1,5.0,15.0,199,1,1,-0.576
2901,126.572698,37.772007,200,1,0,1,5.0,16.0,187,1,1,-0.238
2902,126.574514,37.771539,200,3,0,3,15.0,19.0,145,1,1,-0.079
2903,126.576464,37.77122,200,8,0,8,40.0,21.0,123,1,1,0.575
2904,126.578429,37.770766,200,6,0,6,30.0,37.0,74,1,1,0.703
2905,126.580086,37.770301,200,3,0,3,15.0,34.0,80,1,1,0.21
2906,126.581971,37.770385,200,17,0,17,85.0,26.0,99,1,1,1.189
2907,126.582151,37.769628,200,0,0,0,0.0,20.0,128,1,1,0.198
2908,126.583461,37.769062,200,0,0,0,0.0,26.0,97,1,1,0.535
2909,126.585353,37.768671,200,0,0,0,0.0,18.0,156,1,1,0.243
2910,126.586894,37.769474,200,9,0,9,45.0,32.0,84,1,0,0.321
2911,126.588616,37.770299,200,9,0,9,45.0,47.0,55,1,0,0.374
2912,126.590703,37.770822,200,14,0,14,70.0,62.0,25,1,0,-0.435
2913,126.592503,37.771562,200,15,0,15,75.0,61.0,26,1,0,-0.265
2914,126.594372,37.772506,200,15,0,15,75.0,66.0,16,1,0,-0.179
2915,126.596232,37.773223,200,8,0,8,40.0,64.0,19,1,0,-0.587
2916,126.59778,37.774355,200,14,0,14,70.0,56.0,35,1,0,-0.892
2917,126.598971,37.775741,200,12,0,12,60.0,58.0,31,1,0,-0.727
2918,126.600182,37.777088,200,7,0,7,35.0,65.0,18,1,0,-0.635
2919,126.601104,37.778449,200,17,0,17,85.0,69.0,13,1,0,-0.846
2920,126.601996,37.780034,200,15,0,15,75.0,64.0,20,1,0,-0.54
2921,126.603474,37.781366,200,18,0,18,90.0,68.0,14,1,0,-0.603
2922,126.604899,37.78269,200,7,0,7,35.0,58.0,30,1,0,-1.007
2923,126.605682,37.784109,200,11,0,11,55.0,50.0,48,1,0,-0.663
2924,126.606508,37.785495,200,7,0,7,35.0,38.0,70,1,0,-0.95
2925,126.60736,37.78703,200,7,0,7,35.0,38.0,71,1,0,-0.091
2926,126.608971,37.787928,200,6,0,6,30.0,35.0,79,1,0,-0.25
2927,126.61085,37.788566,200,7,0,7,35.0,50.0,47,1,0,-0.422
2928,126.612699,37.7891,200,8,0,8,40.0,47.0,53,1,0,-0.848
2929,126.61418,37.789986,200,22,0,22,110.0,51.0,46,1,0,-1.491
2930,126.614926,37.79148,200,4,0,4,20.0,54.0,42,1,0,-0.233
2931,126.61672,37.792272,200,10,0,10,50.0,56.0,38,1,0,-0.707
2932,126.618201,37.793177,200,10,0,10,50.0,46.0,56,1,0,-0.32
2933,126.620188,37.793652,200,10,0,10,50.0,48.0,51,1,0,-0.277
2934,126.62234,37.793647,200,12,0,12,60.0,43.0,61,1,0,-0.026
2935,126.624232,37.793332,200,6,0,6,30.0,39.0,69,1,0,-0.161
2936,126.625971,37.792935,200,5,0,5,25.0,36.0,76,1,0,-0.236
2937,126.627678,37.792574,200,6,0,6,30.0,29.0,91,1,0,-0.055
2938,126.629648,37.79198,200,7,0,7,35.0,23.0,107,1,0,-0.048
2939,126.63172,37.791511,200,5,0,5,25.0,30.0,89,1,0,-0.073
2940,126.633633,37.791198,200,0,0,0,0.0,37.0,73,1,0,-0.567
2941,126.635446,37.791574,200,12,0,12,60.0,38.0,72,1,0,-0.44
2942,126.637456,37.792005,200,13,0,13,65.0,40.0,66,1,0,-0.363
2943,126.639601,37.792165,200,8,0,8,40.0,49.0,50,1,0,-0.33
2944,126.641871,37.792211,200,7,0,7,35.0,43.0,59,1,0,-0.3
2945,126.64393,37.792081,200,9,0,9,45.0,40.0,67,1,0,-0.176
2946,126.645779,37.791773,200,6,0,6,30.0,33.0,83,1,0,-0.133
2947,126.647632,37.791223,200,10,0,10,50.0,30.0,90,1,0,0.305
2948,126.64898,37.790105,200,1,0,1,5.0,33.0,82,1,0,-0.512
2949,126.650654,37.789764,200,4,0,4,20.0,31.0,86,1,0,-0.517
2950,126.652551,37.789967,200,12,0,12,60.0,23.0,106,1,0,-0.853
2951,126.653867,37.79072,200,4,0,4,20.0,23.0,108,1,0,-1.968
2952,126.653504,37.792224,200,2,0,2,10.0,20.0,141,1,0,-1.203
2953,126.653414,37.793753,200,1,0,1,5.0,8.0,311,1,0,-1.214
2954,126.653403,37.79552,200,1,0,1,5.0,7.0,338,1,0,-1.49
2955,126.652241,37.79692,200,0,0,0,0.0,6.0,347,1,0,-1.169
2956,126.65145,37.798306,200,3,0,3,15.0,6.0,345,1,0,-1.164
2957,126.650784,37.799873,200,1,0,1,5.0,6.0,342,1,0,-1.373
2958,126.650046,37.801349,200,1,0,1,5.0,6.0,341,1,0,-1.213
2959,126.649891,37.80304,200,1,0,1,5.0,4.0,411,1,0,-1.17
2960,126.650194,37.804594,200,0,0,0,0.0,7.0,323,1,0,-1.037
2961,126.650768,37.806149,200,1,0,1,5.0,8.0,302,1,0,-0.94
2962,126.651312,37.807711,200,4,0,4,20.0,10.0,264,1,0,-1.137
2963,126.651746,37.809263,200,2,0,2,10.0,11.0,246,1,0,-0.904
2964,126.652499,37.81062,200,3,0,3,15.0,11.0,249,1,0,-0.899
2965,126.653466,37.812176,200,1,0,1,5.0,9.0,299,1,0,-0.453
2966,126.654789,37.813217,200,1,0,1,5.0,7.0,328,1,0,-1.853
2967,126.654199,37.81456,200,2,0,2,10.0,4.0,433,1,0,-0.732
2968,126.655011,37.816027,200,0,0,0,0.0,3.0,496,1,0,-0.772
2969,126.656124,37.817476,200,0,0,0,0.0,3.0,508,1,0,-0.788
2970,126.657357,37.818858,200,0,0,0,0.0,2.0,542,1,0,-0.44
2971,126.659021,37.819984,200,1,0,1,5.0,2.0,541,1,0,-0.964
2972,126.660014,37.821408,200,1,0,1,5.0,2.0,520,1,0,-1.091
2973,126.660791,37.822873,200,0,0,0,0.0,2.0,626,1,0,-0.995
2974,126.661611,37.824339,200,0,0,0,0.0,3.0,497,1,0,-0.71
2975,126.662785,37.825784,200,0,0,0,0.0,2.0,625,1,0,-0.879
2976,126.663806,37.827245,200,2,0,2,10.0,2.0,572,1,0,-0.762
2977,126.664989,37.828669,200,0,0,0,0.0,2.0,571,1,0,-0.511
2978,126.666464,37.82997,200,0,0,0,0.0,2.0,543,1,0,-1.446
2979,126.666364,37.831512,200,0,0,0,0.0,0.0,3004,0,0,-0.815
2980,126.666509,37.832128,200,0,0,0,0.0,0.0,3003,0,0,-0.06
2981,126.667598,37.833233,200,0,0,0,0.0,0.0,3002,0,0,-0.786
2982,126.668816,37.834631,200,0,0,0,0.0,0.0,3001,0,0,-0.449
2983,126.670427,37.835649,200,0,0,0,0.0,0.0,3000,0,0,-0.379
2984,126.67216,37.836333,200,0,0,0,0.0,0.0,2999,0,0,-0.722
2985,126.673001,37.83716,200,0,0,0,0.0,0.0,2998,0,0,0.164
2986,126.673813,37.837089,200,0,0,0,0.0,0.0,2997,0,0,-0.472
2987,126.674541,37.837457,200,0,0,0,0.0,0.0,2996,0,0,0.119
2988,126.67548,37.837155,200,0,0,0,0.0,0.0,2995,0,0,-0.167
2989,126.677506,37.837383,200,0,0,0,0.0,0.0,2994,0,0,-0.601
2990,126.679342,37.838129,200,0,0,0,0.0,0.0,2993,0,0,-0.605
2991,126.681026,37.838814,200,0,0,0,0.0,0.0,2992,0,0,-0.455
2992,126.682826,37.839359,200,0,0,0,0.0,0.0,2991,0,0,-1.064
2993,126.683849,37.840525,200,0,0,0,0.0,0.0,2990,0,0,-0.767
2994,126.684939,37.841513,200,0,0,0,0.0,0.0,3020,0,0,-0.244
2995,126.686654,37.84218,200,0,0,0,0.0,0.0,3019,0,0,-0.526
2996,126.68843,37.842809,200,0,0,0,0.0,0.0,3018,0,0,-0.434
2997,126.690202,37.843161,200,0,0,0,0.0,0.0,3017,0,0,-0.352
2998,126.692088,37.843563,200,0,0,0,0.0,0.0,3016,0,0,-0.506
2999,126.693938,37.844154,200,0,0,0,0.0,0.0,3015,0,0,-0.731
3000,126.695591,37.844977,200,0,0,0,0.0,0.0,3014,0,0,-0.458
3001,126.697462,37.845623,200,0,0,0,0.0,0.0,3013,0,0,-0.476
3002,126.699231,37.846065,200,0,0,0,0.0,0.0,3012,0,0,-0.479
3003,126.701148,37.846581,200,0,0,0,0.0,0.0,3011,0,0,-0.67
3004,126.702743,37.847283,200,0,0,0,0.0,0.0,3010,0,0,-0.535
3005,126.704498,37.847881,200,0,0,0,0.0,0.0,3009,0,0,-0.522
3006,126.706185,37.848367,200,0,0,0,0.0,0.0,3008,0,0,-0.541
3007,126.707901,37.848831,200,0,0,0,0.0,0.0,3007,0,0,-0.49
3008,126.70973,37.849209,200,0,0,0,0.0,0.0,3006,0,0,-0.489
3009,126.711586,37.849567,200,0,0,0,0.0,0.0,3005,0,0,-0.389
3010,126.713684,37.849829,200,0,0,0,0.0,0.0,3036,0,0,-0.708
3011,126.715473,37.850617,200,0,0,0,0.0,0.0,3035,0,0,-0.923
3012,126.716878,37.851753,200,0,0,0,0.0,0.0,3034,0,0,-0.492
3013,126.718404,37.852507,200,0,0,0,0.0,0.0,3033,0,0,-0.53
3014,126.720184,37.853104,200,0,0,0,0.0,0.0,3032,0,0,-0.256
3015,126.722287,37.853119,200,0,0,0,0.0,0.0,3031,0,0,-0.01
3016,126.724332,37.852817,200,0,0,0,0.0,0.0,3030,0,0,-0.055
3017,126.726312,37.852475,200,0,0,0,0.0,0.0,3029,0,0,-0.258
3018,126.728308,37.852454,200,0,0,0,0.0,0.0,3028,0,0,-0.196
3019,126.730188,37.852168,200,0,0,0,0.0,0.0,3027,0,0,-0.177
3020,126.732169,37.85178,200,0,0,0,0.0,0.0,3026,0,0,-0.033
3021,126.734054,37.851306,200,0,0,0,0.0,0.0,3025,0,0,-0.227
3022,126.735919,37.850943,200,0,0,0,0.0,0.0,3024,0,0,-0.184
3023,126.737951,37.850683,200,0,0,0,0.0,0.0,3023,0,0,-0.151
3024,126.739883,37.850413,200,0,0,0,0.0,0.0,3022,0,0,-0.235
3025,126.742051,37.850191,200,0,0,0,0.0,0.0,3021,0,0,-0.086
3026,126.744148,37.849952,200,0,0,0,0.0,0.0,3052,0,0,-0.19
3027,126.746154,37.849771,200,0,0,0,0.0,0.0,3051,0,0,-0.411
3028,126.748263,37.849922,200,0,0,0,0.0,0.0,3050,0,0,-0.488
3029,126.750247,37.85025,200,0,0,0,0.0,0.0,3049,0,0,-0.416
3030,126.752107,37.850761,200,0,0,0,0.0,0.0,3048,0,0,-0.717
3031,126.753772,37.8517,200,0,0,0,0.0,0.0,3047,0,0,-1.641
3032,126.753872,37.853346,200,0,0,0,0.0,0.0,3046,0,0,-1.367
3033,126.753565,37.85503,200,0,0,0,0.0,0.0,3045,0,0,-1.235
3034,126.75315,37.856609,200,0,0,0,0.0,0.0,3044,0,0,-1.474
3035,126.752442,37.858044,200,0,0,0,0.0,0.0,3043,0,0,-1.412
3036,126.751288,37.85952,200,0,0,0,0.0,0.0,3042,0,0,-1.346
3037,126.750225,37.860659,200,0,0,0,0.0,0.0,3041,0,0,-1.137
3038,126.749338,37.862092,200,0,0,0,0.0,0.0,3040,0,0,-1.382
3039,126.748366,37.86354,200,0,0,0,0.0,0.0,3039,0,0,-1.417
3040,126.747228,37.86486,200,0,0,0,0.0,0.0,3038,0,0,-1.432
3041,126.746062,37.866168,200,0,0,0,0.0,0.0,3037,0,0,-1.322
3042,126.744922,37.867563,200,0,0,0,0.0,0.0,3068,0,0,-1.398
3043,126.743802,37.868932,200,0,0,0,0.0,0.0,3067,0,0,-1.3
3044,126.742666,37.870361,200,0,0,0,0.0,0.0,3066,0,0,-1.307
3045,126.74158,37.871856,200,0,0,0,0.0,0.0,3065,0,0,-1.3
3046,126.740586,37.873291,200,0,0,0,0.0,0.0,3064,0,0,-1.335
3047,126.73977,37.874631,200,0,0,0,0.0,0.0,3063,0,0,-1.399
3048,126.738966,37.875988,200,0,0,0,0.0,0.0,3062,0,0,-1.38
3049,126.738123,37.877533,200,0,0,0,0.0,0.0,3061,0,0,-1.294
3050,126.737366,37.879098,200,0,0,0,0.0,0.0,3060,0,0,-1.414
3051,126.736433,37.880589,200,0,0,0,0.0,0.0,3059,0,0,-1.538
3052,126.73508,37.881842,200,0,0,0,0.0,0.0,3058,0,0,-1.295
3053,126.733732,37.883047,200,0,0,0,0.0,0.0,3057,0,0,-1.416
3054,126.732082,37.884182,200,0,0,0,0.0,0.0,3056,0,0,-1.139
3055,126.730832,37.885419,200,0,0,0,0.0,0.0,3055,0,0,-1.125
3056,126.730144,37.886723,200,0,0,0,0.0,0.0,3054,0,0,-1.212
3057,126.729938,37.888399,200,0,0,0,0.0,0.0,3053,0,0,-1.186
3058,126.730276,37.88998,200,0,0,0,0.0,0.0,3084,0,0,-0.962
3059,126.731036,37.891487,200,0,0,0,0.0,0.0,3083,0,0,-0.822
3060,126.732105,37.892939,200,0,0,0,0.0,0.0,3082,0,0,-0.707
3061,126.733238,37.894294,200,0,0,0,0.0,0.0,3081,0,0,-0.895
3062,126.734317,37.89568,200,0,0,0,0.0,0.0,3080,0,0,-0.75
3063,126.73543,37.897018,200,0,0,0,0.0,0.0,3079,0,0,-1.083
3064,126.736298,37.898541,200,0,0,0,0.0,0.0,3078,0,0,-0.812
3065,126.737266,37.899936,200,0,0,0,0.0,0.0,3077,0,0,-0.846
3066,126.738362,37.901331,200,0,0,0,0.0,0.0,3076,0,0,-0.869
3067,126.739377,37.902713,200,0,0,0,0.0,0.0,3075,0,0,-0.855
3068,126.740417,37.904109,200,0,0,0,0.0,0.0,3074,0,0,-0.476
3069,126.741635,37.905006,200,0,0,0,0.0,0.0,3073,0,0,-0.438
3070,126.74325,37.905858,200,0,0,0,0.0,0.0,3072,0,0,-0.546
3071,126.74504,37.906806,200,0,0,0,0.0,0.0,3071,0,0,-0.366
3072,126.746873,37.907425,200,0,0,0,0.0,0.0,3070,0,0,-0.497
3073,126.748645,37.907951,200,0,0,0,0.0,0.0,3069,0,0,-0.439
3074,126.750592,37.908241,200,0,0,0,0.0,0.0,3100,0,0,-0.311
3075,126.752843,37.908302,200,0,0,0,0.0,0.0,3099,0,0,-0.491
3076,126.75479,37.908592,200,0,0,0,0.0,0.0,3098,0,0,-0.552
3077,126.756552,37.909021,200,0,0,0,0.0,0.0,3097,0,0,-0.549
3078,126.758313,37.909452,200,0,0,0,0.0,0.0,3096,0,0,-0.522
3079,126.760121,37.909847,200,0,0,0,0.0,0.0,3095,0,0,-0.523
3080,126.761929,37.910242,200,0,0,0,0.0,0.0,3094,0,0,-0.506
3081,126.763783,37.910601,200,0,0,0,0.0,0.0,3093,0,0,-0.506
3082,126.765632,37.910993,200,0,0,0,0.0,0.0,3092,0,0,-0.394
3083,126.767714,37.911448,200,0,0,0,0.0,0.0,3091,0,0,-0.435
3084,126.769669,37.912087,200,0,0,0,0.0,0.0,3090,0,0,-0.525
3085,126.771459,37.912732,200,0,0,0,0.0,0.0,3089,0,0,-0.43
3086,126.773214,37.913565,200,0,0,0,0.0,0.0,3088,0,0,-0.381
3087,126.77487,37.914643,200,0,0,0,0.0,0.0,3087,0,0,-0.599
3088,126.776268,37.915916,200,0,0,0,0.0,0.0,3086,0,0,-0.199
3089,126.778003,37.916654,200,0,0,0,0.0,0.0,3085,0,0,-0.379
3090,126.779748,37.917146,200,0,0,0,0.0,0.0,3116,0,0,-0.264
3091,126.781804,37.917353,200,0,0,0,0.0,0.0,3115,0,0,-0.046
3092,126.783705,37.917744,200,0,0,0,0.0,0.0,3114,0,0,0.17
3093,126.785512,37.918486,200,0,0,0,0.0,0.0,3113,0,0,-0.065
3094,126.787275,37.919367,200,0,0,0,0.0,0.0,3112,0,0,-0.019
3095,126.789364,37.91921,200,0,0,0,0.0,0.0,3111,0,0,0.348
3096,126.791086,37.918195,200,0,0,0,0.0,0.0,3110,0,0,0.691
3097,126.791928,37.916811,200,0,0,0,0.0,0.0,3109,0,0,0.177
3098,126.792609,37.915342,200,0,0,0,0.0,0.0,3108,0,0,0.026
3099,126.793348,37.913822,200,0,0,0,0.0,0.0,3107,0,0,0.042
3100,126.793734,37.912424,200,0,0,0,0.0,0.0,3106,0,0,-0.05
3101,126.793854,37.910792,200,0,0,0,0.0,0.0,3105,0,0,0.02
3102,126.793799,37.90906,200,0,0,0,0.0,0.0,3104,0,0,-0.111
3103,126.793344,37.907488,200,0,0,0,0.0,0.0,3103,0,0,-0.23
3104,126.792628,37.905961,200,0,0,0,0.0,0.0,3102,0,0,-0.332
3105,126.792036,37.904358,200,0,0,0,0.0,0.0,3101,0,0,-0.296
3106,126.792206,37.902622,200,0,0,0,0.0,0.0,3132,0,0,-0.161
3107,126.793004,37.901056,200,0,0,0,0.0,0.0,3131,0,0,0.002
3108,126.793797,37.899578,200,0,0,0,0.0,0.0,3130,0,0,-0.028
3109,126.79463,37.898252,200,0,0,0,0.0,0.0,3129,0,0,0.079
3110,126.795441,37.896968,200,0,0,0,0.0,0.0,3128,0,0,0.134
3111,126.796225,37.895512,200,0,0,0,0.0,0.0,3127,0,0,0.069
3112,126.796931,37.893892,200,0,0,0,0.0,0.0,3126,0,0,-0.181
3113,126.797998,37.89251,200,0,0,0,0.0,0.0,3125,0,0,-0.36
3114,126.79958,37.891631,200,0,0,0,0.0,0.0,3124,0,0,-0.228
3115,126.801468,37.891061,200,0,0,0,0.0,0.0,3123,0,0,-0.231
3116,126.803449,37.891052,200,0,0,0,0.0,0.0,3122,0,0,-0.552
3117,126.805352,37.891539,200,0,0,0,0.0,0.0,3121,0,0,-0.63
3118,126.807205,37.892407,200,0,0,0,0.0,0.0,3120,0,0,-0.614
3119,126.808671,37.893183,200,0,0,0,0.0,0.0,3119,0,0,-0.85
3120,126.809881,37.894158,200,0,0,0,0.0,0.0,3118,0,0,-0.713
3121,126.811416,37.895449,200,0,0,0,0.0,0.0,3117,0,0,-0.729
3122,126.812864,37.89675,200,0,0,0,0.0,0.0,3148,0,0,-0.909
3123,126.814094,37.898112,200,0,0,0,0.0,0.0,3147,0,0,-0.815
3124,126.815304,37.899534,200,0,0,0,0.0,0.0,3146,0,0,-0.99
3125,126.816286,37.901063,200,0,0,0,0.0,0.0,3145,0,0,-0.807
3126,126.817337,37.902524,200,0,0,0,0.0,0.0,3144,0,0,-0.938
3127,126.818407,37.904061,200,0,0,0,0.0,0.0,3143,0,0,-0.825
3128,126.819472,37.905505,200,0,0,0,0.0,0.0,3142,0,0,-0.814
3129,126.820484,37.906907,200,0,0,0,0.0,0.0,3141,0,0,-0.808
3130,126.821631,37.908375,200,0,0,0,0.0,0.0,3140,0,0,-0.786
3131,126.822653,37.909839,200,0,0,0,0.0,0.0,3139,0,0,-1.034
3132,126.823323,37.911272,200,0,0,0,0.0,0.0,3138,0,0,-1.039
3133,126.823866,37.912876,200,0,0,0,0.0,0.0,3137,0,0,-1.017
3134,126.824305,37.914387,200,0,0,0,0.0,0.0,3136,0,0,-1.158
3135,126.824589,37.915999,200,0,0,0,0.0,0.0,3135,0,0,-0.995
3136,126.824988,37.917466,200,0,0,0,0.0,0.0,3134,0,0,-1.159
3137,126.825339,37.918962,200,0,0,0,0.0,0.0,3133,0,0,-0.731
3138,126.825669,37.920516,200,0,0,0,0.0,0.0,3164,0,0,-0.249
3139,126.825904,37.922211,200,0,0,0,0.0,0.0,3163,0,0,0.53
3140,126.824862,37.922975,200,0,0,0,0.0,0.0,3162,0,0,1.154
3141,126.822588,37.922933,200,0,0,0,0.0,0.0,3161,0,0,1.724
3142,126.820314,37.922891,200,0,0,0,0.0,0.0,3160,0,0,1.726
3143,126.81804,37.922849,200,0,0,0,0.0,0.0,3159,0,0,1.726
3144,126.815766,37.922807,200,0,0,0,0.0,0.0,3158,0,0,1.726
3145,126.813493,37.922765,200,0,0,0,0.0,0.0,3157,0,0,1.726
3146,126.811219,37.922722,200,0,0,0,0.0,0.0,3156,0,0,1.726
3147,126.808945,37.92268,200,0,0,0,0.0,0.0,3155,0,0,1.726
3148,126.806671,37.922638,200,0,0,0,0.0,0.0,3154,0,0,1.726
3149,126.804397,37.922595,200,0,0,0,0.0,0.0,3153,0,0,1.726
3150,126.802123,37.922553,200,0,0,0,0.0,0.0,3152,0,0,1.726
3151,126.799849,37.92251,200,0,0,0,0.0,0.0,3151,0,0,1.726
3152,126.797575,37.922468,200,0,0,0,0.0,0.0,3150,0,0,1.726
3153,126.795301,37.922425,200,0,0,0,0.0,0.0,3149,0,0,1.726
3154,126.793027,37.922382,200,0,0,0,0.0,0.0,3180,0,0,1.726
3155,126.790753,37.92234,200,0,0,0,0.0,0.0,3179,0,0,1.726
3156,126.78848,37.922297,200,0,0,0,0.0,0.0,3178,0,0,1.726
3157,126.786206,37.922254,200,0,0,0,0.0,0.0,3177,0,0,1.726
3158,126.783932,37.922211,200,0,0,0,0.0,0.0,3176,0,0,1.726
3159,126.781658,37.922169,200,0,0,0,0.0,0.0,3175,0,0,1.726
3160,126.779384,37.922126,200,0,0,0,0.0,0.0,3174,0,0,1.726
3161,126.77711,37.922083,200,0,0,0,0.0,0.0,3173,0,0,1.726
3162,126.774836,37.92204,200,0,0,0,0.0,0.0,3172,0,0,1.726
3163,126.772563,37.921997,200,0,0,0,0.0,0.0,3171,0,0,1.726
3164,126.770289,37.921954,200,0,0,0,0.0,0.0,3170,0,0,1.726
3165,126.768015,37.92191,200,0,0,0,0.0,0.0,3169,0,0,1.726
3166,126.765741,37.921867,200,0,0,0,0.0,0.0,3168,0,0,1.726
3167,126.763467,37.921824,200,0,0,0,0.0,0.0,3167,0,0,1.726
3168,126.761193,37.921781,200,0,0,0,0.0,0.0,3166,0,0,1.726
3169,126.75892,37.921737,200,0,0,0,0.0,0.0,3165,0,0,1.726
3170,126.756646,37.921694,200,0,0,0,0.0,0.0,3196,0,0,1.726
3171,126.754372,37.921651,200,0,0,0,0.0,0.0,3195,0,0,1.726
3172,126.752098,37.921607,200,0,0,0,0.0,0.0,3194,0,0,1.726
3173,126.749824,37.921564,200,0,0,0,0.0,0.0,3193,0,0,1.726
3174,126.747551,37.92152,200,0,0,0,0.0,0.0,3192,0,0,1.726
3175,126.745277,37.921477,200,0,0,0,0.0,0.0,3191,0,0,1.726
3176,126.743003,37.921433,200,0,0,0,0.0,0.0,3190,0,0,1.726
3177,126.740729,37.92139,200,0,0,0,0.0,0.0,3189,0,0,1.726
3178,126.738455,37.921346,200,0,0,0,0.0,0.0,3188,0,0,1.726
3179,126.736182,37.921302,200,0,0,0,0.0,0.0,3187,0,0,1.726
3180,126.733908,37.921258,200,0,0,0,0.0,0.0,3186,0,0,1.726
3181,126.731634,37.921214,200,0,0,0,0.0,0.0,3185,0,0,1.726
3182,126.72936,37.921171,200,0,0,0,0.0,0.0,3184,0,0,1.726
3183,126.727087,37.921127,200,0,0,0,0.0,0.0,3183,0,0,1.726
3184,126.724813,37.921083,200,0,0,0,0.0,0.0,3182,0,0,1.726
3185,126.722539,37.921039,200,0,0,0,0.0,0.0,3181,0,0,1.726
3186,126.720266,37.920995,200,0,0,0,0.0,0.0,3212,0,0,1.726
3187,126.717992,37.920951,200,0,0,0,0.0,0.0,3211,0,0,1.726
3188,126.715718,37.920906,200,0,0,0,0.0,0.0,3210,0,0,1.726
3189,126.713444,37.920862,200,0,0,0,0.0,0.0,3209,0,0,1.726
3190,126.711171,37.920818,200,0,0,0,0.0,0.0,3208,0,0,1.726
3191,126.708897,37.920774,200,0,0,0,0.0,0.0,3207,0,0,1.726
3192,126.706623,37.920729,200,0,0,0,0.0,0.0,3206,0,0,1.726
3193,126.70435,37.920685,200,0,0,0,0.0,0.0,3205,0,0,1.726
3194,126.702076,37.920641,200,0,0,0,0.0,0.0,3204,0,0,1.726
3195,126.699802,37.920596,200,0,0,0,0.0,0.0,3203,0,0,1.726
3196,126.697528,37.920552,200,0,0,0,0.0,0.0,3202,0,0,1.726
3197,126.695255,37.920507,200,0,0,0,0.0,0.0,3201,0,0,1.726
3198,126.692981,37.920463,200,0,0,0,0.0,0.0,3200,0,0,1.726
3199,126.690707,37.920418,200,0,0,0,0.0,0.0,3199,0,0,1.726
3200,126.688434,37.920373,200,0,0,0,0.0,0.0,3198,0,0,1.726
3201,126.68616,37.920329,200,0,0,0,0.0,0.0,3197,0,0,1.726
3202,126.683886,37.920284,200,0,0,0,0.0,0.0,3228,0,0,1.723
3203,126.681613,37.920239,200,0,0,0,0.0,0.0,3227,0,0,1.077
3204,126.680071,37.919971,200,0,0,0,0.0,0.0,3226,0,0,1.001
3205,126.680626,37.918823,200,0,0,0,0.0,0.0,3225,0,0,0.881
3206,126.679252,37.918434,200,0,0,0,0.0,0.0,3224,0,0,-0.001
3207,126.678038,37.919673,200,0,0,0,0.0,0.0,3223,0,0,0.233
3208,126.676159,37.920132,200,0,0,0,0.0,0.0,3222,0,0,1.538
3209,126.673885,37.920087,200,0,0,0,0.0,0.0,3221,0,0,1.726
3210,126.671612,37.920042,200,0,0,0,0.0,0.0,3220,0,0,1.726
3211,126.669338,37.919997,200,0,0,0,0.0,0.0,3219,0,0,1.726
3212,126.667065,37.919952,200,0,0,0,0.0,0.0,3218,0,0,1.726
3213,126.664791,37.919906,200,0,0,0,0.0,0.0,3217,0,0,1.726
3214,126.662517,37.919861,200,0,0,0,0.0,0.0,3216,0,0,1.726
3215,126.660244,37.919816,200,0,0,0,0.0,0.0,3215,0,0,1.726
3216,126.65797,37.919771,200,0,0,0,0.0,0.0,3214,0,0,1.726
3217,126.655697,37.919726,200,0,0,0,0.0,0.0,3213,0,0,1.726
3218,126.653423,37.91968,200,0,0,0,0.0,0.0,3244,0,0,1.726
3219,126.651149,37.919635,200,0,0,0,0.0,0.0,3243,0,0,1.776
3220,126.648876,37.919589,200,0,0,0,0.0,0.0,3242,0,0,1.739
3221,126.646602,37.919544,200,0,0,0,0.0,0.0,3241,0,0,1.726
3222,126.644329,37.919498,200,0,0,0,0.0,0.0,3240,0,0,1.726
3223,126.642055,37.919453,200,0,0,0,0.0,0.0,3239,0,0,1.851
3224,126.639782,37.919407,200,0,0,0,0.0,0.0,3238,0,0,1.726
3225,126.637508,37.919362,200,0,0,0,0.0,0.0,3237,0,0,1.726
3226,126.635235,37.919316,200,0,0,0,0.0,0.0,3236,0,0,1.726
3227,126.632961,37.91927,200,0,0,0,0.0,0.0,3235,0,0,1.726
3228,126.630687,37.919224,200,0,0,0,0.0,0.0,3234,0,0,1.726
3229,126.628414,37.919179,200,0,0,0,0.0,0.0,3233,0,0,1.726
3230,126.62614,37.919133,200,0,0,0,0.0,0.0,3232,0,0,1.726
3231,126.623867,37.919087,200,0,0,0,0.0,0.0,3231,0,0,1.726
3232,126.621593,37.919041,200,0,0,0,0.0,0.0,3230,0,0,1.726
3233,126.61932,37.918995,200,0,0,0,0.0,0.0,3229,0,0,1.726
3234,126.617046,37.918949,200,0,0,0,0.0,0.0,3260,0,0,1.726
3235,126.614773,37.918903,200,0,0,0,0.0,0.0,3259,0,0,1.726
3236,126.612499,37.918857,200,0,0,0,0.0,0.0,3258,0,0,1.726
3237,126.610226,37.91881,200,0,0,0,0.0,0.0,3257,0,0,1.726
3238,126.607952,37.918764,200,0,0,0,0.0,0.0,3256,0,0,1.726
3239,126.605679,37.918718,200,0,0,0,0.0,0.0,3255,0,0,1.726
3240,126.603405,37.918672,200,0,0,0,0.0,0.0,3254,0,0,1.726
3241,126.601132,37.918625,200,0,0,0,0.0,0.0,3253,0,0,1.726
3242,126.598859,37.918579,200,0,0,0,0.0,0.0,3252,0,0,1.726
3243,126.596585,37.918533,200,0,0,0,0.0,0.0,3251,0,0,1.726
3244,126.594312,37.918486,200,0,0,0,0.0,0.0,3250,0,0,1.726
3245,126.592038,37.91844,200,0,0,0,0.0,0.0,3249,0,0,1.726
3246,126.589765,37.918393,200,0,0,0,0.0,0.0,3248,0,0,1.726
3247,126.587491,37.918346,200,0,0,0,0.0,0.0,3247,0,0,1.726
3248,126.585218,37.9183,200,0,0,0,0.0,0.0,3246,0,0,1.726
3249,126.582944,37.918253,200,0,0,0,0.0,0.0,3245,0,0,1.726
3250,126.580671,37.918206,200,0,0,0,0.0,0.0,3276,0,0,1.726
3251,126.578398,37.918159,200,0,0,0,0.0,0.0,3275,0,0,1.726
3252,126.576124,37.918113,200,0,0,0,0.0,0.0,3274,0,0,1.726
3253,126.573851,37.918066,200,0,0,0,0.0,0.0,3273,0,0,1.726
3254,126.571577,37.918019,200,0,0,0,0.0,0.0,3272,0,0,1.726
3255,126.569304,37.917972,200,0,0,0,0.0,0.0,3271,0,0,1.726
3256,126.567031,37.917925,200,0,0,0,0.0,0.0,3270,0,0,1.726
3257,126.564757,37.917878,200,0,0,0,0.0,0.0,3269,0,0,1.726
3258,126.562484,37.917831,200,0,0,0,0.0,0.0,3268,0,0,1.726
3259,126.560211,37.917784,200,0,0,0,0.0,0.0,3267,0,0,1.726
3260,126.557937,37.917736,200,0,0,0,0.0,0.0,3266,0,0,1.726
3261,126.555664,37.917689,200,0,0,0,0.0,0.0,3265,0,0,1.726
3262,126.55339,37.917642,200,0,0,0,0.0,0.0,3264,0,0,1.726
3263,126.551117,37.917595,200,0,0,0,0.0,0.0,3263,0,0,1.726
3264,126.548844,37.917547,200,0,0,0,0.0,0.0,3262,0,0,1.726
3265,126.54657,37.9175,200,0,0,0,0.0,0.0,3261,0,0,1.726
3266,126.544297,37.917452,200,0,0,0,0.0,0.0,3292,0,0,1.726
3267,126.542024,37.917405,200,0,0,0,0.0,0.0,3291,0,0,1.726
3268,126.53975,37.917357,200,0,0,0,0.0,0.0,3290,0,0,1.726
3269,126.537477,37.91731,200,0,0,0,0.0,0.0,3289,0,0,1.726
3270,126.535204,37.917262,200,0,0,0,0.0,0.0,3288,0,0,1.726
3271,126.532931,37.917215,200,0,0,0,0.0,0.0,3287,0,0,1.726
3272,126.530657,37.917167,200,0,0,0,0.0,0.0,3286,0,0,1.726
3273,126.528384,37.917119,200,0,0,0,0.0,0.0,3285,0,0,1.726
3274,126.526111,37.917071,200,0,0,0,0.0,0.0,3284,0,0,1.726
3275,126.523837,37.917023,200,0,0,0,0.0,0.0,3283,0,0,1.726
3276,126.521564,37.916976,200,0,0,0,0.0,0.0,3282,0,0,1.726
3277,126.519291,37.916928,200,0,0,0,0.0,0.0,3281,0,0,1.726
3278,126.517018,37.91688,200,0,0,0,0.0,0.0,3280,0,0,1.726
3279,126.514744,37.916832,200,0,0,0,0.0,0.0,3279,0,0,1.726
3280,126.512471,37.916784,200,0,0,0,0.0,0.0,3278,0,0,1.726
3281,126.510198,37.916736,200,0,0,0,0.0,0.0,3277,0,0,1.726
3282,126.507925,37.916687,200,0,0,0,0.0,0.0,3308,0,0,1.497
3283,126.505651,37.916639,200,0,0,0,0.0,0.0,3307,0,0,0.863
3284,126.504094,37.916211,200,0,0,0,0.0,0.0,3306,0,0,-0.076
3285,126.504473,37.915332,200,0,0,0,0.0,0.0,3305,0,0,-0.976
3286,126.506199,37.915546,200,0,0,0,0.0,0.0,3304,0,0,0.893
3287,126.506494,37.91467,200,0,0,0,0.0,0.0,3303,0,0,0.392
3288,126.506042,37.91314,200,0,0,0,0.0,0.0,3302,0,0,-0.263
3289,126.506238,37.911668,200,0,0,0,0.0,0.0,3301,0,0,-0.928
3290,126.507872,37.911112,200,0,0,0,0.0,0.0,3300,0,0,0.066
3291,126.509427,37.910821,200,0,0,0,0.0,0.0,3299,0,0,1.155
3292,126.508655,37.909988,200,0,0,0,0.0,0.0,3298,0,0,-0.12
3293,126.509932,37.909423,200,0,0,0,0.0,0.0,3297,0,0,1.325
3294,126.511745,37.909573,200,0,0,0,0.0,0.0,3296,0,0,1.355
3295,126.513186,37.910225,200,0,0,0,0.0,0.0,3295,0,0,1.53
3296,126.513114,37.909617,200,0,0,0,0.0,0.0,3294,0,0,1.576
3297,126.512271,37.908906,200,0,0,0,0.0,0.0,3293,0,0,0.853
3298,126.510513,37.909024,200,0,0,0,0.0,0.0,3324,0,0,0.55
3299,126.508493,37.909462,200,0,0,0,0.0,0.0,3323,0,0,-0.441
3300,126.506762,37.909199,200,0,0,0,0.0,0.0,3322,0,0,-1.481
3301,126.50587,37.907917,200,0,0,0,0.0,0.0,3321,0,0,-0.382
3302,126.504892,37.906602,200,0,0,0,0.0,0.0,3320,0,0,-0.554
3303,126.504259,37.905075,200,0,0,0,0.0,0.0,3319,0,0,0.242
3304,126.502574,37.904984,200,0,0,0,0.0,0.0,3318,0,0,-0.879
3305,126.500852,37.90559,200,0,0,0,0.0,0.0,3317,0,0,-0.869
3306,126.499628,37.906625,200,0,0,0,0.0,0.0,3316,0,0,-0.754
3307,126.498049,37.907178,200,0,0,0,0.0,0.0,3315,0,0,0.915
3308,126.499221,37.907866,200,0,0,0,0.0,0.0,3314,0,0,0.786
3309,126.500603,37.907736,200,0,0,0,0.0,0.0,3313,0,0,-0.58
3310,126.501899,37.908769,200,0,0,0,0.0,0.0,3312,0,0,-1.314
3311,126.502461,37.9102,200,0,0,0,0.0,0.0,3311,0,0,-1.671
3312,126.501405,37.911381,200,0,0,0,0.0,0.0,3310,0,0,-0.89
3313,126.500806,37.912723,200,0,0,0,0.0,0.0,3309,0,0,-1.516
3314,126.499757,37.913951,200,0,0,0,0.0,0.0,3340,0,0,-1.206
3315,126.499176,37.915367,200,0,0,0,0.0,0.0,3339,0,0,-0.596
3316,126.498936,37.91643,200,0,0,0,0.0,0.0,3338,0,0,0.597
3317,126.496863,37.916453,200,0,0,0,0.0,0.0,3337,0,0,1.62
3318,126.49459,37.916404,200,0,0,0,0.0,0.0,3336,0,0,1.726
3319,126.492317,37.916356,200,0,0,0,0.0,0.0,3335,0,0,1.726
3320,126.490044,37.916307,200,0,0,0,0.0,0.0,3334,0,0,1.726
3321,126.487771,37.916259,200,0,0,0,0.0,0.0,3333,0,0,1.726
3322,126.485497,37.91621,200,0,0,0,0.0,0.0,3332,0,0,1.726
3323,126.483224,37.916161,200,0,0,0,0.0,0.0,3331,0,0,1.726
3324,126.480951,37.916113,200,0,0,0,0.0,0.0,3330,0,0,1.726
3325,126.478678,37.916064,200,0,0,0,0.0,0.0,3329,0,0,1.726
3326,126.476405,37.916015,200,0,0,0,0.0,0.0,3328,0,0,1.726
3327,126.474132,37.915967,200,0,0,0,0.0,0.0,3327,0,0,1.726
3328,126.471858,37.915918,200,0,0,0,0.0,0.0,3326,0,0,1.789
3329,126.469585,37.915869,200,0,0,0,0.0,0.0,3325,0,0,1.726
3330,126.467312,37.91582,200,0,0,0,0.0,0.0,3356,0,0,1.726
3331,126.465039,37.915771,200,0,0,0,0.0,0.0,3355,0,0,1.726
3332,126.462766,37.915722,200,0,0,0,0.0,0.0,3354,0,0,1.726
3333,126.460493,37.915673,200,0,0,0,0.0,0.0,3353,0,0,1.726
3334,126.45822,37.915624,200,0,0,0,0.0,0.0,3352,0,0,1.726
3335,126.455946,37.915575,200,0,0,0,0.0,0.0,3351,0,0,1.726
3336,126.453673,37.915525,200,0,0,0,0.0,0.0,3350,0,0,1.726
3337,126.4514,37.915476,200,0,0,0,0.0,0.0,3349,0,0,1.726
3338,126.449127,37.915427,200,0,0,0,0.0,0.0,3348,0,0,1.726
3339,126.446854,37.915378,200,0,0,0,0.0,0.0,3347,0,0,1.726
3340,126.444581,37.915328,200,0,0,0,0.0,0.0,3346,0,0,1.726
3341,126.442308,37.915279,200,0,0,0,0.0,0.0,3345,0,0,1.726
3342,126.440035,37.915229,200,0,0,0,0.0,0.0,3344,0,0,1.726
3343,126.437762,37.91518,200,0,0,0,0.0,0.0,3343,0,0,1.726
3344,126.435489,37.91513,200,0,0,0,0.0,0.0,3342,0,0,1.726
3345,126.433216,37.915081,200,0,0,0,0.0,0.0,3341,0,0,1.726
3346,126.430942,37.915031,200,0,0,0,0.0,0.0,3372,0,0,1.714
3347,126.428878,37.914878,200,0,0,0,0.0,0.0,3371,0,0,1.853
3348,126.427306,37.914952,200,0,0,0,0.0,0.0,3370,0,0,1.675
3349,126.425095,37.914882,200,0,0,0,0.0,0.0,3369,0,0,1.743
3350,126.423081,37.914859,200,0,0,0,0.0,0.0,3368,0,0,1.701
3351,126.420808,37.914809,200,0,0,0,0.0,0.0,3367,0,0,1.726
3352,126.418535,37.914759,240,0,0,0,0.0,0.0,3366,0,0,1.56
3353,126.542102,37.587976,200,0,0,0,0.0,0.0,3365,0,0,-0.144
3354,126.539986,37.587707,200,0,0,0,0.0,0.0,3364,0,0,-0.005
3355,126.538105,37.587275,200,0,0,0,0.0,0.0,3363,0,0,0.17
3356,126.536299,37.586566,200,0,0,0,0.0,0.0,3362,0,0,0.179
3357,126.534592,37.585592,200,0,0,0,0.0,0.0,3361,0,0,0.237
3358,126.532999,37.584412,200,0,0,0,0.0,0.0,3360,0,0,0.297
3359,126.531802,37.583059,200,0,0,0,0.0,0.0,3359,0,0,0.566
3360,126.5306,37.581668,200,0,0,0,0.0,0.0,3358,0,0,0.571
3361,126.529493,37.580309,200,0,0,0,0.0,0.0,3357,0,0,0.632
3362,126.528375,37.578874,200,0,0,0,0.0,0.0,3388,0,0,0.629
3363,126.52734,37.577389,200,0,0,0,0.0,0.0,3387,0,0,0.72
3364,126.526167,37.576031,200,0,0,0,0.0,0.0,3386,0,0,0.564
3365,126.525144,37.574716,200,0,0,0,0.0,0.0,3385,0,0,0.096
3366,126.524547,37.573561,200,0,0,0,0.0,0.0,3384,0,0,0.615
3367,126.52616,37.57404,200,0,0,0,0.0,0.0,3383,0,0,2.047
3368,126.528205,37.57433,200,0,0,0,0.0,0.0,3382,0,0,3.175
3369,126.530438,37.574351,200,0,0,0,0.0,0.0,3381,0,0,3.251
3370,126.532274,37.573821,200,0,0,0,0.0,0.0,3380,0,0,3.342
3371,126.533691,37.572693,200,0,0,0,0.0,0.0,3379,0,0,3.287
3372,126.535119,37.571479,200,0,0,0,0.0,0.0,3378,0,0,3.307
3373,126.536536,37.571078,200,0,0,0,0.0,0.0,3377,0,0,2.71
3374,126.534936,37.57113,200,0,0,0,0.0,0.0,3376,0,0,2.14
3375,126.533594,37.572246,200,0,0,0,0.0,0.0,3375,0,0,1.954
3376,126.532269,37.573483,200,0,0,0,0.0,0.0,3374,0,0,1.986
3377,126.53037,37.574015,200,0,0,0,0.0,0.0,3373,0,0,2.194
3378,126.528107,37.573968,200,0,0,0,0.0,0.0,3404,0,0,2.22
3379,126.526033,37.573731,200,0,0,0,0.0,0.0,3403,0,0,1.839
3380,126.524229,37.572955,200,0,0,0,0.0,0.0,3402,0,0,0.675
3381,126.522696,37.571888,200,0,0,0,0.0,0.0,3401,0,0,0.486
3382,126.521349,37.57058,200,0,0,0,0.0,0.0,3400,0,0,0.614
3383,126.520109,37.569252,200,0,0,0,0.0,0.0,3399,0,0,0.698
3384,126.518674,37.568065,200,0,0,0,0.0,0.0,3398,0,0,0.461
3385,126.517117,37.56683,200,0,0,0,0.0,0.0,3397,0,0,0.562
3386,126.515455,37.565744,200,0,0,0,0.0,0.0,3396,0,0,0.53
3387,126.513845,37.564841,200,0,0,0,0.0,0.0,3395,0,0,0.494
3388,126.512265,37.564006,200,0,0,0,0.0,0.0,3394,0,0,0.532
3389,126.510525,37.563315,200,0,0,0,0.0,0.0,3393,0,0,0.38
3390,126.508702,37.562725,200,0,0,0,0.0,0.0,3392,0,0,0.311
3391,126.506807,37.562067,200,0,0,0,0.0,0.0,3391,0,0,0.258
3392,126.505056,37.561408,200,0,0,0,0.0,0.0,3390,0,0,0.34
3393,126.503435,37.560776,200,0,0,0,0.0,0.0,3389,0,0,0.4
3394,126.501674,37.560044,200,0,0,0,0.0,0.0,3420,0,0,0.236
3395,126.499817,37.559167,200,0,0,0,0.0,0.0,3419,0,0,0.303
3396,126.498061,37.558241,200,0,0,0,0.0,0.0,3418,0,0,0.379
3397,126.496315,37.55725,200,0,0,0,0.0,0.0,3417,0,0,0.332
3398,126.494672,37.556155,200,0,0,0,0.0,0.0,3416,0,0,0.394
3399,126.493123,37.554929,200,0,0,0,0.0,0.0,3415,0,0,0.54
3400,126.491684,37.553738,200,0,0,0,0.0,0.0,3414,0,0,0.371
3401,126.490311,37.55243,200,0,0,0,0.0,0.0,3413,0,0,0.587
3402,126.489144,37.551113,200,0,0,0,0.0,0.0,3412,0,0,0.602
3403,126.488034,37.549771,200,0,0,0,0.0,0.0,3411,0,0,0.537
3404,126.487069,37.548395,200,0,0,0,0.0,0.0,3410,0,0,0.63
3405,126.486229,37.546935,200,0,0,0,0.0,0.0,3409,0,0,0.766
3406,126.485534,37.545496,200,0,0,0,0.0,0.0,3408,0,0,0.851
3407,126.48506,37.544098,200,0,0,0,0.0,0.0,3407,0,0,0.891
3408,126.484742,37.542571,200,0,0,0,0.0,0.0,3406,0,0,0.63
3409,126.484676,37.540816,200,0,0,0,0.0,0.0,3405,0,0,0.943
3410,126.484668,37.539014,200,0,0,0,0.0,0.0,3436,0,0,1.115
3411,126.48466,37.537213,200,0,0,0,0.0,0.0,3435,0,0,1.001
3412,126.484652,37.535411,200,0,0,0,0.0,0.0,3434,0,0,0.8
3413,126.484644,37.533609,200,0,0,0,0.0,0.0,3433,0,0,0.927
3414,126.484628,37.531814,200,0,0,0,0.0,0.0,3432,0,0,1.114
3415,126.484381,37.530223,200,0,0,0,0.0,0.0,3431,0,0,1.007
3416,126.484143,37.528633,200,0,0,0,0.0,0.0,3430,0,0,0.895
3417,126.483844,37.526937,200,0,0,0,0.0,0.0,3429,0,0,0.931
3418,126.483477,37.52527,200,0,0,0,0.0,0.0,3428,0,0,0.87
3419,126.483015,37.523741,200,0,0,0,0.0,0.0,3427,0,0,0.911
3420,126.482473,37.522393,200,0,0,0,0.0,0.0,3426,0,0,0.558
3421,126.482717,37.521082,200,0,0,0,0.0,0.0,3425,0,0,0.114
3422,126.484415,37.521018,200,0,0,0,0.0,0.0,3424,0,0,0.163
3423,126.485834,37.521981,200,0,0,0,0.0,0.0,3423,0,0,2.338
3424,126.486239,37.520617,200,0,0,0,0.0,0.0,3422,0,0,1.434
3425,126.486037,37.5189,200,0,0,0,0.0,0.0,3421,0,0,0.934
3426,126.485482,37.517249,200,0,0,0,0.0,0.0,3452,0,0,0.874
3427,126.484603,37.515781,200,0,0,0,0.0,0.0,3451,0,0,0.54
3428,126.484139,37.514097,200,0,0,0,0.0,0.0,3450,0,1,0.824
3429,126.484003,37.512298,200,0,0,0,0.0,0.0,3449,0,1,-0.44
3430,126.484811,37.511845,200,0,0,0,0.0,0.0,3448,0,1,-0.663
3431,126.486477,37.512525,200,0,0,0,0.0,0.0,3447,0,1,0.331
3432,126.488062,37.513697,200,0,0,0,0.0,0.0,3446,0,0,0.09
3433,126.489248,37.515178,200,0,0,0,0.0,0.0,3445,0,0,-0.001
3434,126.490068,37.516711,200,0,0,0,0.0,0.0,3444,0,0,-0.047
3435,126.490675,37.518345,200,0,0,0,0.0,0.0,3443,0,0,0.153
3436,126.491208,37.519874,200,0,0,0,0.0,0.0,3442,0,0,-0.214
3437,126.491067,37.521389,200,0,0,0,0.0,0.0,3441,0,0,-0.166
3438,126.491006,37.52319,200,0,0,0,0.0,0.0,3440,0,0,-0.165
3439,126.491047,37.524919,200,0,0,0,0.0,0.0,3439,0,0,-0.052
3440,126.491192,37.526617,200,0,0,0,0.0,0.0,3438,0,0,-0.167
3441,126.491219,37.528418,200,0,0,0,0.0,0.0,3437,0,0,0.06
3442,126.491454,37.530093,200,0,0,0,0.0,0.0,3468,0,0,0.127
3443,126.491802,37.531799,200,0,0,0,0.0,0.0,3467,0,0,0.196
3444,126.492296,37.533247,200,0,0,0,0.0,0.0,3466,0,0,0.089
3445,126.492791,37.534628,200,0,0,0,0.0,0.0,3465,0,0,0.071
3446,126.49329,37.536007,200,0,0,0,0.0,0.0,3464,0,0,0.102
3447,126.493832,37.537354,200,0,0,0,0.0,0.0,3463,0,0,0.049
3448,126.494239,37.538802,200,0,0,0,0.0,0.0,3462,0,0,-0.023
3449,126.494572,37.540306,200,0,0,0,0.0,0.0,3461,0,0,0.442
3450,126.494677,37.541982,200,0,0,0,0.0,0.0,3460,0,0,1.748
3451,126.494933,37.542351,200,0,0,0,0.0,0.0,3459,0,0,2.927
3452,126.495511,37.541099,200,0,0,0,0.0,0.0,3458,0,0,1.037
3453,126.4969,37.542062,200,0,0,0,0.0,0.0,3457,0,0,1.444
3454,126.498679,37.542974,200,0,0,0,0.0,0.0,3456,0,0,1.873
3455,126.500226,37.543795,200,0,0,0,0.0,0.0,3455,0,0,2.469
3456,126.501959,37.544429,200,0,0,0,0.0,0.0,3454,0,0,3.01
3457,126.50371,37.544881,200,0,0,0,0.0,0.0,3453,0,0,3.317
3458,126.504949,37.544891,200,0,0,0,0.0,0.0,3479,0,0,3.097
3459,126.503264,37.544518,200,0,0,0,0.0,0.0,3478,0,0,2.62
3460,126.501338,37.543863,200,0,0,0,0.0,0.0,3477,0,0,2.283
3461,126.499753,37.542802,200,0,0,0,0.0,0.0,3476,0,0,2.086
3462,126.498264,37.541652,200,0,0,0,0.0,0.0,3475,0,0,1.307
3463,126.49687,37.540493,200,0,0,0,0.0,0.0,3474,0,0,0.803
3464,126.496709,37.538798,200,0,0,0,0.0,0.0,3473,0,0,1.054
3465,126.496974,37.537126,200,0,0,0,0.0,0.0,3472,0,0,1.024
3466,126.497359,37.535464,200,0,0,0,0.0,0.0,3471,0,0,0.114
3467,126.499059,37.535322,200,0,0,0,0.0,0.0,3470,0,0,1.022
3468,126.500764,37.535791,200,0,0,0,0.0,1.0,811,1,0,1.473
3469,126.502472,37.536257,200,0,0,0,0.0,1.0,636,1,0,1.359
3470,126.504173,37.536728,200,0,1,1,5.0,1.0,637,1,0,1.211
3471,126.506129,37.537007,200,0,0,0,0.0,1.0,638,1,0,2.182
3472,126.507607,37.536938,200,0,0,0,0.0,1.0,812,1,0,2.837
3473,126.506283,37.536196,200,0,0,0,0.0,0.0,3469,0,0,1.694
3474,126.504371,37.535488,200,0,0,0,0.0,0.0,3502,0,0,0.83
3475,126.502344,37.535056,200,0,0,0,0.0,0.0,3501,0,0,0.875
3476,126.500446,37.53451,200,0,0,0,0.0,0.0,3500,0,0,0.838
3477,126.498528,37.533843,200,0,0,0,0.0,0.0,3499,0,0,0.255
3478,126.496997,37.53263,200,0,0,0,0.0,0.0,3498,0,0,0.266
3479,126.496171,37.531272,200,0,0,0,0.0,0.0,3497,0,0,0.571
3480,126.495712,37.529634,200,0,0,0,0.0,0.0,3496,0,0,0.868
3481,126.495481,37.528027,200,0,0,0,0.0,1.0,817,1,0,0.901
3482,126.495427,37.526312,200,0,0,0,0.0,1.0,818,1,0,0.948
3483,126.495488,37.524511,200,0,1,1,5.0,1.0,807,1,0,0.942
3484,126.495506,37.522809,200,0,0,0,0.0,1.0,808,1,0,0.809
3485,126.495196,37.521263,200,0,0,0,0.0,1.0,809,1,0,0.668
3486,126.494878,37.519678,200,0,0,0,0.0,0.0,3495,0,0,0.59
3487,126.494771,37.518044,200,0,0,0,0.0,0.0,3494,0,0,0.676
3488,126.494363,37.516508,200,0,0,0,0.0,0.0,3493,0,0,0.629
3489,126.493944,37.514914,200,0,0,0,0.0,0.0,3492,0,0,0.692
3490,126.493327,37.513313,200,0,0,0,0.0,0.0,3515,0,0,0.977
3491,126.492682,37.51218,200,0,0,0,0.0,0.0,3514,0,0,0.767
3492,126.491667,37.510922,200,0,0,0,0.0,0.0,3513,0,0,0.735
3493,126.490563,37.509571,200,0,0,0,0.0,0.0,3512,0,0,0.67
3494,126.489259,37.508255,200,0,0,0,0.0,0.0,3511,0,0,0.7
3495,126.487851,37.50691,200,0,0,0,0.0,0.0,3510,0,0,0.662
3496,126.486289,37.505613,200,0,0,0,0.0,0.0,3509,0,1,0.607
3497,126.484653,37.50459,200,0,0,0,0.0,0.0,3508,0,1,0.389
3498,126.482993,37.503641,200,0,0,0,0.0,0.0,3507,0,0,0.282
3499,126.481369,37.502925,200,0,0,0,0.0,0.0,3506,0,0,0.252
3500,126.479597,37.502249,200,0,0,0,0.0,0.0,3505,0,0,0.193
3501,126.477593,37.501647,200,0,0,0,0.0,0.0,3504,0,0,-0.129
3502,126.475818,37.500891,200,0,0,0,0.0,0.0,3503,0,0,0.071
3503,126.47454,37.500924,200,0,0,0,0.0,2.0,624,1,0,-0.469
3504,126.473474,37.499986,200,0,0,0,0.0,2.0,528,1,0,0.128
3505,126.472605,37.499216,200,0,2,2,10.0,2.0,527,1,0,0.826
3506,126.471631,37.499502,200,0,0,0,0.0,2.0,629,1,0,-0.514
3507,126.469648,37.499129,200,0,0,0,0.0,2.0,628,1,0,-0.26
3508,126.467507,37.49897,200,0,0,0,0.0,0.0,3525,0,0,-0.637
3509,126.465466,37.499151,200,0,0,0,0.0,0.0,3524,0,0,-1.069
3510,126.463206,37.499203,200,0,0,0,0.0,0.0,3523,0,0,-0.52
3511,126.460946,37.499254,200,0,0,0,0.0,0.0,3522,0,0,-0.527
3512,126.45875,37.499358,200,0,0,0,0.0,0.0,3521,0,0,-0.251
3513,126.456667,37.499593,200,0,0,0,0.0,0.0,3520,0,0,-0.248
3514,126.455002,37.500012,200,0,0,0,0.0,0.0,3519,0,0,-0.36
3515,126.45334,37.499929,200,0,0,0,0.0,0.0,3518,0,0,-0.352
3516,126.451672,37.500004,200,0,0,0,0.0,0.0,3517,0,0,-0.844
3517,126.449499,37.499955,200,0,0,0,0.0,0.0,3516,0,0,-0.364
3518,126.447438,37.499745,200,0,0,0,0.0,2.0,627,1,0,-0.013
3519,126.445187,37.499599,200,0,0,0,0.0,2.0,519,1,0,-0.324
3520,126.443314,37.498995,200,0,2,2,10.0,2.0,518,1,0,-0.104
3521,126.441492,37.498848,200,0,0,0,0.0,2.0,517,1,0,-0.525
3522,126.439831,37.498814,200,0,0,0,0.0,2.0,630,1,0,-0.544
3523,126.437987,37.498874,200,0,0,0,0.0,0.0,3540,0,0,-0.858
3524,126.435807,37.498764,200,0,0,0,0.0,0.0,3539,0,0,-0.613
3525,126.433826,37.498496,200,0,0,0,0.0,0.0,3538,0,0,-0.3
3526,126.431674,37.498307,200,0,0,0,0.0,0.0,3537,0,0,-0.684
3527,126.429418,37.498189,200,0,0,0,0.0,0.0,3536,0,0,-1.325
3528,126.427356,37.49795,200,0,0,0,0.0,0.0,3535,0,0,-0.97
3529,126.425305,37.497742,200,0,0,0,0.0,0.0,3534,0,0,-0.646
3530,126.423161,37.497604,200,0,0,0,0.0,0.0,3533,0,0,-0.73
3531,126.42108,37.497358,200,0,0,0,0.0,0.0,3532,0,0,-0.238
3532,126.418882,37.497176,200,0,0,0,0.0,0.0,3531,0,0,-0.874
3533,126.417178,37.496685,200,0,0,0,0.0,0.0,3530,0,0,-0.602
3534,126.41557,37.496004,200,0,0,0,0.0,0.0,3529,0,0,-0.533
3535,126.413775,37.495089,200,0,0,0,0.0,0.0,3528,0,0,-0.289
3536,126.412161,37.493959,200,0,0,0,0.0,0.0,3527,0,0,-0.294
3537,126.410521,37.492938,200,0,0,0,0.0,0.0,3526,0,0,-0.462
3538,126.408937,37.492068,200,0,0,0,0.0,0.0,3556,0,0,-0.508
3539,126.407371,37.491176,200,0,0,0,0.0,0.0,3555,0,0,-0.509
3540,126.405807,37.490279,200,0,0,0,0.0,0.0,3554,0,0,-0.477
3541,126.404109,37.489316,200,0,0,0,0.0,0.0,3553,0,0,-0.522
3542,126.402374,37.488349,200,0,0,0,0.0,0.0,3552,0,0,-0.409
3543,126.400643,37.487383,200,0,0,0,0.0,0.0,3551,0,0,-0.521
3544,126.398938,37.486367,200,0,0,0,0.0,0.0,3550,0,0,-0.318
3545,126.397217,37.485453,200,0,0,0,0.0,0.0,3549,0,0,-0.583
3546,126.395606,37.484562,200,0,0,0,0.0,0.0,3548,0,0,-0.503
3547,126.393873,37.483575,200,0,0,0,0.0,0.0,3547,0,0,-0.65
3548,126.392245,37.482663,200,0,0,0,0.0,0.0,3546,0,0,-0.524
3549,126.390685,37.481765,200,0,0,0,0.0,0.0,3545,0,0,-0.524
3550,126.389115,37.480878,200,0,0,0,0.0,0.0,3544,0,0,-0.548
3551,126.387532,37.480007,200,0,0,0,0.0,0.0,3543,0,0,-0.477
3552,126.385976,37.479104,200,0,0,0,0.0,0.0,3542,0,0,-0.547
3553,126.384397,37.478228,200,0,0,0,0.0,0.0,3541,0,0,-0.522
3554,126.382755,37.477307,200,0,0,0,0.0,0.0,3574,0,0,-0.452
3555,126.381126,37.476309,200,0,0,0,0.0,0.0,3573,0,0,-0.261
3556,126.3795,37.475411,200,0,0,0,0.0,0.0,3572,0,0,-0.293
3557,126.377748,37.474366,200,0,0,0,0.0,0.0,3571,0,0,-0.219
3558,126.376026,37.47346,200,0,0,0,0.0,2.0,549,1,0,-0.41
3559,126.374293,37.47275,200,0,0,0,0.0,3.0,507,1,0,-0.552
3560,126.373221,37.472046,200,0,2,2,10.0,3.0,500,1,0,1.105
3561,126.372595,37.471857,200,0,1,1,5.0,3.0,501,1,0,0.641
3562,126.371294,37.473003,200,0,0,0,0.0,5.0,389,1,0,-0.782
3563,126.369314,37.473694,200,0,0,0,0.0,3.0,487,1,0,-0.855
3564,126.367324,37.474256,200,0,2,2,10.0,3.0,451,1,0,-0.941
3565,126.36549,37.474914,200,0,0,0,0.0,6.0,363,1,0,-1.235
3566,126.363469,37.474646,200,0,1,1,5.0,6.0,364,1,0,-0.913
3567,126.361441,37.474245,200,0,3,3,15.0,4.0,412,1,0,-1.024
3568,126.359654,37.473674,200,0,0,0,0.0,7.0,327,1,0,-1.287
3569,126.358703,37.472301,200,0,0,0,0.0,6.0,343,1,0,-0.049
3570,126.358042,37.470929,200,0,3,3,15.0,3.0,502,1,0,-0.021
3571,126.356422,37.469987,200,0,0,0,0.0,3.0,503,1,0,-1.109
3572,126.355508,37.468571,200,0,0,0,0.0,5.0,390,1,0,-0.569
3573,126.355365,37.467061,200,0,0,0,0.0,2.0,574,1,0,-0.161
3574,126.355966,37.465515,200,0,2,2,10.0,4.0,413,1,0,0.061
3575,126.355926,37.463948,200,0,0,0,0.0,9.0,295,1,0,-0.357
3576,126.356543,37.462437,200,0,2,2,10.0,9.0,294,1,0,-0.433
3577,126.35804,37.461414,200,0,5,5,25.0,8.0,309,1,0,0.05
3578,126.359557,37.460477,200,0,0,0,0.0,8.0,310,1,0,1.417
3579,126.358519,37.45941,200,0,1,1,5.0,6.0,360,1,0,-0.47
3580,126.356838,37.458331,200,0,0,0,0.0,1.0,755,1,0,-0.7
3581,126.355466,37.457072,200,0,0,0,0.0,1.0,756,1,0,-0.442
3582,126.35601,37.455694,200,0,0,0,0.0,0.0,3599,0,0,0.61
3583,126.357285,37.454415,200,0,0,0,0.0,0.0,3598,0,0,0.195
3584,126.359057,37.453872,200,0,0,0,0.0,0.0,3597,0,0,-0.577
3585,126.360702,37.454758,200,0,0,0,0.0,0.0,3596,0,0,-1.912
3586,126.360389,37.45513,200,0,0,0,0.0,0.0,3613,0,0,-1.885
3587,126.358702,37.455339,200,0,0,0,0.0,0.0,3612,0,0,-0.474
3588,126.35764,37.456493,200,0,0,0,0.0,0.0,3611,0,0,0.197
3589,126.357702,37.457479,200,0,0,0,0.0,2.0,573,1,0,0.111
3590,126.358416,37.457768,200,0,0,0,0.0,3.0,498,1,0,0.454
3591,126.359277,37.458158,200,0,2,2,10.0,9.0,292,1,0,-0.08
3592,126.35967,37.459135,200,0,1,1,5.0,18.0,154,1,0,1.035
3593,126.36053,37.45787,200,0,6,6,30.0,26.0,98,1,0,0.462
3594,126.362201,37.457096,200,0,9,9,45.0,27.0,94,1,0,-0.045
3595,126.363866,37.456371,200,0,8,8,40.0,27.0,93,1,0,-0.315
3596,126.365785,37.456321,200,0,3,3,15.0,24.0,102,1,0,0.216
3597,126.367545,37.455836,200,0,1,1,5.0,18.0,153,1,0,1.575
3598,126.368678,37.454545,200,0,3,3,15.0,12.0,236,1,0,1.181
3599,126.369243,37.452977,200,0,3,3,15.0,10.0,266,1,0,0.25
3600,126.369076,37.451298,200,0,2,2,10.0,9.0,293,1,0,-0.169
3601,126.368358,37.449728,200,0,1,1,5.0,8.0,320,1,0,-0.469
3602,126.368496,37.448066,200,0,0,0,0.0,6.0,344,1,0,-0.601
3603,126.369907,37.447261,200,0,2,2,10.0,4.0,419,1,0,1.677
3604,126.369973,37.445699,200,0,1,1,5.0,3.0,467,1,0,1.267
3605,126.368812,37.444646,200,0,0,0,0.0,3.0,466,1,0,-0.299
3606,126.366878,37.444263,200,0,0,0,0.0,1.0,781,1,0,-1.045
3607,126.365086,37.44334,200,0,0,0,0.0,6.0,352,1,0,-1.061
3608,126.363907,37.442203,200,0,0,0,0.0,14.0,214,1,0,-1.623
3609,126.365064,37.441622,200,0,6,6,30.0,21.0,118,1,0,-0.596
3610,126.366956,37.441205,200,0,8,8,40.0,22.0,111,1,0,-0.345
3611,126.368862,37.441219,200,0,7,7,35.0,27.0,96,1,0,-0.321
3612,126.370654,37.44115,200,0,1,1,5.0,27.0,95,1,0,0.074
3613,126.372448,37.440596,200,0,5,5,25.0,24.0,104,1,0,-0.41
3614,126.374575,37.440777,200,0,6,6,30.0,18.0,159,1,0,0.201
3615,126.37624,37.440116,200,0,5,5,25.0,20.0,134,1,0,0.722
3616,126.376915,37.438754,200,0,1,1,5.0,18.0,151,1,0,0.15
3617,126.377259,37.437667,200,0,3,3,15.0,16.0,178,1,0,-0.627
3618,126.37853,37.436747,200,0,3,3,15.0,18.0,155,1,0,-0.268
3619,126.379948,37.43603,200,0,4,4,20.0,17.0,173,1,0,0.551
3620,126.381133,37.435092,200,0,7,7,35.0,16.0,193,1,0,-1.315
3621,126.382572,37.435883,200,0,0,0,0.0,20.0,140,1,0,0.188
3622,126.384218,37.436522,200,0,2,2,10.0,16.0,185,1,0,0.975
3623,126.385798,37.43681,200,0,7,7,35.0,9.0,288,1,0,1.225
3624,126.386622,37.436352,200,0,0,0,0.0,9.0,289,1,0,1.201
3625,126.388086,37.435656,200,0,0,0,0.0,7.0,336,1,0,1.009
3626,126.389418,37.434899,200,0,0,0,0.0,0.0,3636,0,0,1.165
3627,126.390508,37.433794,200,0,0,0,0.0,0.0,3635,0,0,-0.06
3628,126.391353,37.43356,200,0,0,0,0.0,0.0,3634,0,0,-0.211
3629,126.392237,37.434189,200,0,0,0,0.0,0.0,3633,0,0,1.238
3630,126.392546,37.435101,200,0,0,0,0.0,0.0,3632,0,0,1.014
3631,126.393196,37.436502,200,0,0,0,0.0,0.0,3631,0,0,-0.077
3632,126.392921,37.437425,200,0,0,0,0.0,0.0,3630,0,0,-0.443
3633,126.392151,37.438508,200,0,0,0,0.0,1.0,780,1,0,0.303
3634,126.392484,37.439857,200,0,0,0,0.0,1.0,658,1,0,-0.087
3635,126.392375,37.440599,200,0,1,1,5.0,1.0,659,1,0,0.35
3636,126.39306,37.441401,200,0,0,0,0.0,1.0,660,1,0,-0.195
3637,126.39301,37.44277,200,0,0,0,0.0,6.0,348,1,0,0.358
3638,126.393826,37.443966,200,0,0,0,0.0,10.0,270,1,0,0.248
3639,126.394296,37.445084,200,0,5,5,25.0,15.0,195,1,0,0.978
3640,126.395888,37.445237,200,0,5,5,25.0,15.0,206,1,0,1.13
3641,126.397514,37.444651,200,0,5,5,25.0,16.0,180,1,0,1.262
3642,126.398599,37.443555,200,0,0,0,0.0,12.0,242,1,0,0.83
3643,126.399046,37.442793,200,0,1,1,5.0,8.0,317,1,0,0.663
3644,126.399504,37.441735,200,0,1,1,5.0,3.0,471,1,0,0.327
3645,126.400283,37.441273,200,0,1,1,5.0,3.0,492,1,0,1.104
3646,126.400434,37.44027,200,0,0,0,0.0,3.0,493,1,0,1.371
3647,126.399513,37.439474,200,0,0,0,0.0,2.0,599,1,0,0.419
3648,126.399279,37.438822,200,0,1,1,5.0,3.0,473,1,0,0.884
3649,126.398122,37.437985,200,0,0,0,0.0,3.0,472,1,0,0.529
3650,126.397353,37.437221,200,0,2,2,10.0,3.0,462,1,0,0.789
3651,126.395753,37.436567,200,0,0,0,0.0,2.0,609,1,0,-0.203
3652,126.395029,37.435909,200,0,0,0,0.0,2.0,613,1,0,0.247
3653,126.394095,37.435054,200,0,0,0,0.0,0.0,3673,0,0,1.151
3654,126.392835,37.433956,200,0,0,0,0.0,0.0,3672,0,0,1.384
3655,126.392149,37.43276,200,0,0,0,0.0,0.0,3671,0,0,0.338
3656,126.393097,37.432083,200,0,0,0,0.0,1.0,688,1,0,0.188
3657,126.394555,37.431115,200,0,0,0,0.0,4.0,423,1,0,-0.441
3658,126.396543,37.430714,200,0,1,1,5.0,4.0,421,1,0,0.975
3659,126.398531,37.430259,200,0,3,3,15.0,4.0,398,1,0,1.308
3660,126.400116,37.429427,200,0,0,0,0.0,4.0,431,1,0,0.764
3661,126.40194,37.42898,200,0,0,0,0.0,3.0,463,1,0,1.27
3662,126.403637,37.428135,200,0,0,0,0.0,0.0,3670,0,0,0.636
3663,126.405257,37.428321,200,0,0,0,0.0,0.0,3669,0,0,0.284
3664,126.406087,37.429288,200,0,0,0,0.0,1.0,689,1,0,0.916
3665,126.406317,37.430567,200,0,0,0,0.0,1.0,690,1,0,1.751
3666,126.406627,37.431388,200,0,1,1,5.0,1.0,679,1,0,2.974
3667,126.407363,37.430211,200,0,0,0,0.0,1.0,680,1,0,2.456
3668,126.40728,37.428965,200,0,0,0,0.0,1.0,654,1,0,1.476
3669,126.406877,37.427829,200,0,0,0,0.0,0.0,3684,0,0,1.23
3670,126.406215,37.426808,200,0,0,0,0.0,0.0,3683,0,0,0.684
3671,126.406324,37.425342,200,0,0,0,0.0,0.0,3682,0,0,0.565
3672,126.407618,37.424376,200,0,0,0,0.0,0.0,3681,0,0,0.504
3673,126.408877,37.42505,200,0,0,0,0.0,0.0,3680,0,0,1.479
3674,126.410286,37.425908,200,0,0,0,0.0,0.0,3679,0,0,0.15
3675,126.410186,37.426683,200,0,0,0,0.0,0.0,3678,0,0,-0.491
3676,126.409914,37.427062,200,0,0,0,0.0,0.0,3677,0,0,0.571
3677,126.410097,37.428174,200,0,0,0,0.0,0.0,3676,0,0,0.152
3678,126.410299,37.4294,200,0,0,0,0.0,0.0,3675,0,0,-0.09
3679,126.410176,37.430633,200,0,0,0,0.0,0.0,3674,0,0,-0.422
3680,126.409987,37.431495,200,0,0,0,0.0,1.0,655,1,0,-0.707
3681,126.409057,37.432527,200,0,0,0,0.0,1.0,656,1,0,-0.317
3682,126.408208,37.433453,200,0,1,1,5.0,2.0,604,1,0,0.276
3683,126.408436,37.434606,200,0,0,0,0.0,2.0,588,1,0,0.887
3684,126.409504,37.43544,200,0,1,1,5.0,2.0,587,1,0,1.134
3685,126.411066,37.435921,200,0,0,0,0.0,2.0,586,1,0,1.697
3686,126.411977,37.43528,200,0,0,0,0.0,5.0,378,1,0,0.787
3687,126.412822,37.434472,200,0,1,1,5.0,4.0,429,1,0,0.953
3688,126.413851,37.433252,200,0,3,3,15.0,4.0,424,1,0,1.373
3689,126.41337,37.432015,200,0,0,0,0.0,4.0,425,1,0,-0.244
3690,126.413107,37.430809,200,0,0,0,0.0,3.0,455,1,0,-1.115
3691,126.414543,37.431374,200,0,0,0,0.0,0.0,3701,0,0,1.231
3692,126.415046,37.430995,200,0,0,0,0.0,1.0,661,1,0,1.227
3693,126.415049,37.43014,200,0,0,0,0.0,1.0,662,1,0,0.243
3694,126.416446,37.429376,200,0,1,1,5.0,1.0,663,1,0,1.561
3695,126.416521,37.428245,200,0,0,0,0.0,2.0,617,1,0,0.634
3696,126.416605,37.426914,200,0,0,0,0.0,2.0,616,1,0,0.873
3697,126.417102,37.425614,200,0,1,1,5.0,1.0,678,1,0,1.183
3698,126.416787,37.424148,200,0,0,0,0.0,1.0,697,1,0,1.325
3699,126.41614,37.423598,200,0,0,0,0.0,1.0,698,1,0,0.908
3700,126.414672,37.423501,200,0,0,0,0.0,0.0,3729,0,0,0.512
3701,126.413264,37.423706,200,0,0,0,0.0,0.0,3728,0,0,0.274
3702,126.411898,37.424564,200,0,0,0,0.0,0.0,3727,0,0,-0.175
3703,126.410744,37.425262,200,0,0,0,0.0,0.0,3726,0,0,0.201
3704,126.409483,37.424522,200,0,0,0,0.0,0.0,3725,0,0,1.306
3705,126.408693,37.423272,200,0,0,0,0.0,0.0,3724,0,0,0.875
3706,126.409278,37.421894,200,0,0,0,0.0,0.0,3723,0,0,0.394
3707,126.410477,37.421492,200,0,0,0,0.0,0.0,3722,0,0,0.463
3708,126.41207,37.421875,200,0,0,0,0.0,0.0,3721,0,0,2.444
3709,126.411681,37.42087,200,0,0,0,0.0,0.0,3720,0,0,1.192
3710,126.41065,37.419482,200,0,0,0,0.0,0.0,3719,0,0,0.444
3711,126.410649,37.417821,200,0,0,0,0.0,0.0,3718,0,0,0.394
3712,126.411665,37.416584,200,0,0,0,0.0,1.0,699,1,0,0.105
3713,126.413353,37.416153,200,0,0,0,0.0,2.0,605,1,0,0.195
3714,126.415002,37.416135,200,0,1,1,5.0,2.0,608,1,0,-0.856
3715,126.415997,37.416784,200,0,1,1,5.0,2.0,607,1,0,-0.28
3716,126.417798,37.417374,200,0,0,0,0.0,2.0,606,1,0,0.702
3717,126.41971,37.417907,200,0,0,0,0.0,1.0,696,1,0,0.551
3718,126.421511,37.418741,200,0,0,0,0.0,0.0,3741,0,0,0.418
3719,126.423109,37.419737,200,0,0,0,0.0,0.0,3740,0,0,0.237
3720,126.424539,37.420839,200,0,0,0,0.0,0.0,3739,0,0,0.962
3721,126.426081,37.42142,200,0,0,0,0.0,0.0,3738,0,0,0.673
3722,126.427121,37.421351,200,0,0,0,0.0,0.0,3737,0,0,0.217
3723,126.427487,37.42225,200,0,0,0,0.0,0.0,3736,0,0,0.837
3724,126.427911,37.422235,200,0,0,0,0.0,0.0,3735,0,0,1.674
3725,126.429318,37.422095,200,0,0,0,0.0,0.0,3734,0,0,0.527
3726,126.43123,37.42214,200,0,0,0,0.0,0.0,3733,0,0,0.883
3727,126.433132,37.421586,200,0,0,0,0.0,0.0,3732,0,0,0.733
3728,126.434777,37.421832,200,0,0,0,0.0,0.0,3731,0,0,1.151
3729,126.434868,37.421046,200,0,0,0,0.0,0.0,3730,0,0,-0.261
3730,126.434916,37.420387,200,0,0,0,0.0,0.0,3757,0,0,-1.525
3731,126.436389,37.420996,200,0,0,0,0.0,0.0,3756,0,0,0.574
3732,126.435743,37.420165,200,0,0,0,0.0,0.0,3755,0,0,-1.665
3733,126.436346,37.419998,200,0,0,0,0.0,0.0,3754,0,0,-1.71
3734,126.437929,37.420749,200,0,0,0,0.0,0.0,3753,0,0,0.354
3735,126.439761,37.42081,200,0,0,0,0.0,0.0,3752,0,0,0.683
3736,126.441878,37.420857,200,0,0,0,0.0,0.0,3751,0,0,0.276
3737,126.443698,37.421502,200,0,0,0,0.0,0.0,3750,0,0,-0.128
3738,126.44539,37.422469,200,0,0,0,0.0,0.0,3749,0,0,0.748
3739,126.446515,37.422548,200,0,0,0,0.0,0.0,3748,0,0,1.445
3740,126.447645,37.421744,200,0,0,0,0.0,0.0,3747,0,0,0.858
3741,126.449328,37.421161,200,0,0,0,0.0,0.0,3746,0,0,0.902
3742,126.45116,37.420781,200,0,0,0,0.0,0.0,3745,0,0,0.87
3743,126.45309,37.420644,200,0,0,0,0.0,0.0,3744,0,0,0.734
3744,126.454945,37.420682,200,0,0,0,0.0,0.0,3743,0,0,0.82
3745,126.456856,37.420697,200,0,0,0,0.0,0.0,3742,0,0,1.021
3746,126.458854,37.420518,200,0,0,0,0.0,0.0,3773,0,0,1.337
3747,126.460264,37.420097,200,0,0,0,0.0,0.0,3772,0,0,1.394
3748,126.461825,37.419052,200,0,0,0,0.0,0.0,3771,0,0,1.022
3749,126.463394,37.418172,200,0,0,0,0.0,0.0,3770,0,0,0.883
3750,126.465099,37.417609,200,0,0,0,0.0,0.0,3769,0,0,0.896
3751,126.46685,37.4174,200,0,0,0,0.0,0.0,3768,0,0,-0.109
3752,126.467914,37.418646,200,0,0,0,0.0,0.0,3767,0,0,1.304
3753,126.468771,37.419263,200,0,0,0,0.0,0.0,3766,0,0,2.222
3754,126.470055,37.41933,200,0,0,0,0.0,0.0,3765,0,0,1.996
3755,126.470773,37.420063,200,0,0,0,0.0,0.0,3764,0,0,3.108
3756,126.469985,37.418837,200,0,0,0,0.0,0.0,3763,0,0,1.374
3757,126.46893,37.417704,200,0,0,0,0.0,0.0,3762,0,0,-0.478
3758,126.469599,37.417175,200,0,0,0,0.0,0.0,3761,0,0,-1.06
3759,126.470919,37.418078,200,0,0,0,0.0,0.0,3760,0,0,0.764
3760,126.47143,37.417132,200,0,0,0,0.0,0.0,3759,0,0,-1.103
3761,126.472056,37.417882,200,0,0,0,0.0,0.0,3758,0,0,0.262
3762,126.473174,37.417687,200,0,0,0,0.0,0.0,3789,0,0,0.96
3763,126.474805,37.417549,200,0,0,0,0.0,0.0,3788,0,0,-0.245
3764,126.475467,37.418542,200,0,0,0,0.0,0.0,3787,0,0,-0.065
3765,126.475399,37.419466,200,0,0,0,0.0,0.0,3786,0,0,2.071
3766,126.476828,37.419298,200,0,0,0,0.0,0.0,3785,0,0,1.544
3767,126.478041,37.418515,200,0,0,0,0.0,0.0,3784,0,0,-0.766
3768,126.478564,37.418836,200,0,0,0,0.0,0.0,3783,0,0,-1.025
3769,126.479079,37.419911,200,0,0,0,0.0,0.0,3782,0,0,0.905
3770,126.479,37.421199,200,0,0,0,0.0,0.0,3781,0,0,2.595
3771,126.479729,37.420312,200,0,0,0,0.0,0.0,3780,0,0,1.253
3772,126.480337,37.419102,200,0,0,0,0.0,0.0,3779,0,0,-0.874
3773,126.480893,37.419265,200,0,0,0,0.0,0.0,3778,0,0,-2.09
3774,126.480861,37.421057,200,0,0,0,0.0,0.0,3777,0,0,-0.907
3775,126.480817,37.422671,200,0,0,0,0.0,0.0,3776,0,0,0.046
3776,126.480994,37.423834,200,0,0,0,0.0,0.0,3775,0,0,-0.308
3777,126.48061,37.42469,200,0,0,0,0.0,0.0,3774,0,0,-0.386
3778,126.48011,37.425615,200,0,0,0,0.0,0.0,3804,0,0,-0.471
3779,126.47979,37.426314,200,0,0,0,0.0,0.0,3803,0,0,-0.262
3780,126.478897,37.426509,200,0,0,0,0.0,0.0,3802,0,0,0.198
3781,126.477949,37.427509,200,0,0,0,0.0,0.0,3801,0,0,-0.287
3782,126.478413,37.428631,200,0,0,0,0.0,0.0,3800,0,0,-1.335
3783,126.478235,37.429577,200,0,0,0,0.0,0.0,3799,0,0,-1.759
3784,126.47782,37.428792,200,0,0,0,0.0,0.0,3798,0,0,-1.506
3785,126.477072,37.428201,200,0,0,0,0.0,0.0,3797,0,0,0.278
3786,126.47663,37.427396,200,0,0,0,0.0,0.0,3796,0,0,1.375
3787,126.475556,37.427824,200,0,0,0,0.0,0.0,3795,0,0,1.11
3788,126.474983,37.428316,200,0,0,0,0.0,0.0,3794,0,0,1.672
3789,126.475974,37.428502,200,0,0,0,0.0,0.0,3793,0,0,0.745
3790,126.475551,37.429428,200,0,0,0,0.0,0.0,3792,0,0,0.184
3791,126.47545,37.430507,200,0,0,0,0.0,0.0,3791,0,0,0.511
3792,126.475787,37.431163,200,0,0,0,0.0,0.0,3790,0,0,0.922
3793,126.476428,37.431756,200,0,0,0,0.0,1.0,695,1,0,-0.039
3794,126.477074,37.432398,200,0,0,0,0.0,1.0,747,1,0,0.967
3795,126.478143,37.432872,200,0,1,1,5.0,1.0,748,1,0,2.211
3796,126.479213,37.431807,200,0,0,0,0.0,1.0,749,1,0,1.729
3797,126.479633,37.430802,200,0,0,0,0.0,1.0,694,1,0,1.131
3798,126.479849,37.42967,200,0,0,0,0.0,0.0,3816,0,0,1.312
3799,126.480363,37.428694,200,0,0,0,0.0,0.0,3815,0,0,0.924
3800,126.480593,37.427475,200,0,0,0,0.0,0.0,3814,0,0,-0.058
3801,126.481056,37.427276,200,0,0,0,0.0,0.0,3813,0,0,-0.281
3802,126.481396,37.426988,200,0,0,0,0.0,0.0,3812,0,0,-0.652
3803,126.481838,37.427154,200,0,0,0,0.0,0.0,3811,0,0,0.127
3804,126.482634,37.427155,200,0,0,0,0.0,0.0,3810,0,0,1.979
3805,126.483411,37.426291,200,0,0,0,0.0,0.0,3809,0,0,1.331
3806,126.482985,37.425386,200,0,0,0,0.0,0.0,3808,0,0,0.615
3807,126.482813,37.423983,200,0,0,0,0.0,0.0,3807,0,0,-0.275
3808,126.483347,37.424054,200,0,0,0,0.0,0.0,3806,0,0,-0.534
3809,126.483469,37.423294,200,0,0,0,0.0,0.0,3805,0,0,-0.778
3810,126.483729,37.42272,200,0,0,0,0.0,0.0,3832,0,0,-1.708
3811,126.48471,37.423563,200,0,0,0,0.0,0.0,3831,0,0,-0.904
3812,126.485299,37.424848,200,0,0,0,0.0,0.0,3830,0,0,-0.052
3813,126.484892,37.425817,200,0,0,0,0.0,0.0,3829,0,0,1.362
3814,126.485566,37.425742,200,0,0,0,0.0,0.0,3828,0,0,0.361
3815,126.486407,37.42611,200,0,0,0,0.0,0.0,3827,0,0,0.198
3816,126.487242,37.426296,200,0,0,0,0.0,0.0,3826,0,0,-1.191
3817,126.487542,37.427428,200,0,0,0,0.0,0.0,3825,0,0,0.039
3818,126.487692,37.428248,200,0,0,0,0.0,0.0,3824,0,0,0.835
3819,126.48771,37.428927,200,0,0,0,0.0,0.0,3823,0,0,1.592
3820,126.48832,37.429193,200,0,0,0,0.0,0.0,3822,0,0,1.963
3821,126.489154,37.428602,200,0,0,0,0.0,0.0,3821,0,0,0.142
3822,126.49022,37.428766,200,0,0,0,0.0,0.0,3820,0,0,0.064
3823,126.491438,37.428496,200,0,0,0,0.0,0.0,3819,0,0,0.931
3824,126.491677,37.427706,200,0,0,0,0.0,0.0,3818,0,0,0.792
3825,126.491971,37.427067,200,0,0,0,0.0,0.0,3817,0,0,0.786
3826,126.491487,37.426792,200,0,0,0,0.0,0.0,3848,0,0,-0.001
3827,126.489866,37.42662,200,0,0,0,0.0,0.0,3847,0,0,-1.425
3828,126.489055,37.42591,200,0,0,0,0.0,0.0,3846,0,0,-0.861
3829,126.489099,37.424985,200,0,0,0,0.0,0.0,3845,0,0,0.013
3830,126.487838,37.424311,200,0,0,0,0.0,0.0,3844,0,0,-1.071
3831,126.487628,37.423082,200,0,0,0,0.0,0.0,3843,0,0,-1.031
3832,126.488353,37.422566,200,0,0,0,0.0,0.0,3842,0,0,0.003
3833,126.48896,37.421708,200,0,0,0,0.0,0.0,3841,0,0,0.084
3834,126.488746,37.421156,200,0,0,0,0.0,0.0,3840,0,0,-0.306
3835,126.488311,37.420466,200,0,0,0,0.0,0.0,3839,0,0,-0.379
3836,126.487668,37.419701,200,0,0,0,0.0,0.0,3838,0,0,-0.468
3837,126.487069,37.419696,200,0,0,0,0.0,0.0,3837,0,0,-0.835
3838,126.486592,37.419005,200,0,0,0,0.0,0.0,3836,0,0,-1.196
3839,126.485901,37.418513,200,0,0,0,0.0,0.0,3835,0,0,-0.85
3840,126.485354,37.417211,200,0,0,0,0.0,0.0,3834,0,0,-0.85
3841,126.485682,37.415804,200,0,0,0,0.0,0.0,3833,0,0,-1.424
3842,126.48659,37.41579,200,0,0,0,0.0,0.0,3864,0,0,-1.773
3843,126.487021,37.416229,200,0,0,0,0.0,0.0,3863,0,0,-0.615
3844,126.488118,37.416709,200,0,0,0,0.0,0.0,3862,0,0,-1.632
3845,126.488798,37.418236,200,0,0,0,0.0,0.0,3861,0,0,-0.885
3846,126.490113,37.419472,200,0,0,0,0.0,0.0,3860,0,0,-0.308
3847,126.491411,37.420511,200,0,0,0,0.0,0.0,3859,0,0,-0.048
3848,126.491993,37.42179,200,0,0,0,0.0,0.0,3858,0,0,0.885
3849,126.491948,37.420844,200,0,0,0,0.0,0.0,3857,0,0,0.556
3850,126.491718,37.419537,200,0,0,0,0.0,0.0,3856,0,0,-0.799
3851,126.49238,37.41934,200,0,0,0,0.0,0.0,3855,0,0,-1.025
3852,126.492763,37.42033,200,0,0,0,0.0,0.0,3854,0,0,-0.198
3853,126.492491,37.421608,200,0,0,0,0.0,0.0,3853,0,0,0.814
3854,126.49338,37.421568,200,0,0,0,0.0,0.0,3852,0,0,1.718
3855,126.493479,37.420663,200,0,0,0,0.0,0.0,3851,0,0,0.552
3856,126.493225,37.419943,200,0,0,0,0.0,0.0,3850,0,0,0.512
3857,126.493463,37.418936,200,0,0,0,0.0,0.0,3849,0,0,0.422
3858,126.493661,37.417775,200,0,0,0,0.0,0.0,3880,0,0,-0.737
3859,126.493506,37.417129,200,0,0,0,0.0,0.0,3879,0,0,-1.469
3860,126.494804,37.4167,200,0,0,0,0.0,0.0,3878,0,0,0.033
3861,126.495376,37.416121,200,0,0,0,0.0,0.0,3877,0,0,0.171
3862,126.495652,37.415538,200,0,0,0,0.0,0.0,3876,0,0,0.385
3863,126.494624,37.415236,200,0,0,0,0.0,0.0,3875,0,0,-0.952
3864,126.494489,37.413966,200,0,0,0,0.0,0.0,3874,0,0,-0.627
3865,126.495407,37.412889,200,0,0,0,0.0,0.0,3873,0,0,-0.347
3866,126.495999,37.41248,200,0,0,0,0.0,0.0,3872,0,0,-0.433
3867,126.497289,37.41179,200,0,0,0,0.0,0.0,3871,0,0,-0.394
3868,126.498966,37.411419,200,0,0,0,0.0,0.0,3870,0,0,-1.577
3869,126.499875,37.412569,200,0,0,0,0.0,0.0,3869,0,0,-1.359
3870,126.500412,37.414145,200,0,0,0,0.0,0.0,3868,0,0,-2.187
3871,126.499553,37.414515,200,0,0,0,0.0,0.0,3867,0,0,-1.359
3872,126.498381,37.415057,200,0,0,0,0.0,0.0,3866,0,0,-0.784
3873,126.49767,37.415601,200,0,0,0,0.0,0.0,3865,0,0,-0.543
3874,126.497208,37.416258,200,0,0,0,0.0,0.0,3896,0,0,-0.692
3875,126.496712,37.41707,200,0,0,0,0.0,0.0,3895,0,0,-0.965
3876,126.496324,37.417593,200,0,0,0,0.0,0.0,3894,0,0,0.29
3877,126.497375,37.418084,200,0,0,0,0.0,0.0,3893,0,0,-1.526
3878,126.496966,37.419618,200,0,0,0,0.0,0.0,3892,0,0,-1.446
3879,126.496162,37.420944,200,0,0,0,0.0,0.0,3891,0,0,-0.903
3880,126.495854,37.422294,200,0,0,0,0.0,0.0,3890,0,0,-1.226
3881,126.495578,37.423917,200,0,0,0,0.0,0.0,3889,0,0,-1.201
3882,126.495443,37.425374,200,0,0,0,0.0,0.0,3888,0,0,-0.534
3883,126.496577,37.426566,200,0,0,0,0.0,0.0,3887,0,0,-0.071
3884,126.49727,37.427929,200,0,0,0,0.0,0.0,3886,0,0,0.654
3885,126.49756,37.42937,200,0,0,0,0.0,0.0,3885,0,0,0.923
3886,126.497939,37.430983,200,0,0,0,0.0,0.0,3884,0,0,1.173
3887,126.498076,37.432692,200,0,0,0,0.0,0.0,3883,0,0,1.268
3888,126.498046,37.434264,200,0,0,0,0.0,0.0,3882,0,0,1.294
3889,126.497739,37.435914,200,0,0,0,0.0,0.0,3881,0,0,1.257
3890,126.497983,37.436492,200,0,0,0,0.0,0.0,3912,0,0,2.298
3891,126.498272,37.435089,200,0,0,0,0.0,0.0,3911,0,0,2.278
3892,126.49839,37.434037,200,0,0,0,0.0,0.0,3910,0,0,2.119
3893,126.498369,37.432487,200,0,0,0,0.0,0.0,3909,0,0,2.272
3894,126.498392,37.431078,200,0,0,0,0.0,0.0,3908,0,0,1.939
3895,126.498384,37.429887,200,0,0,0,0.0,0.0,3907,0,0,1.526
3896,126.498041,37.428623,200,0,0,0,0.0,0.0,3906,0,0,1.498
3897,126.497869,37.426893,200,0,0,0,0.0,0.0,3905,0,0,0.115
3898,126.497737,37.42525,200,0,0,0,0.0,0.0,3904,0,0,-1.338
3899,126.497938,37.423474,200,0,0,0,0.0,0.0,3903,0,0,-1.58
3900,126.498594,37.422143,200,0,0,0,0.0,0.0,3902,0,0,-1.727
3901,126.499025,37.421072,200,0,0,0,0.0,0.0,3901,0,0,-2.218
3902,126.499896,37.420528,200,0,0,0,0.0,0.0,3900,0,0,-3.004
3903,126.49975,37.421432,200,0,0,0,0.0,0.0,3899,0,0,-2.893
3904,126.499355,37.422494,200,0,0,0,0.0,0.0,3898,0,0,-2.766
3905,126.498939,37.423703,200,0,0,0,0.0,0.0,3897,0,0,-2.428
3906,126.499044,37.424697,200,0,0,0,0.0,0.0,3928,0,0,-2.692
3907,126.498486,37.424944,200,0,0,0,0.0,0.0,3927,0,0,-2.54
3908,126.498713,37.426336,200,0,0,0,0.0,0.0,3926,0,0,-1.146
3909,126.500135,37.427118,200,0,0,0,0.0,0.0,3925,0,0,-1.153
3910,126.500886,37.428108,200,0,0,0,0.0,0.0,3924,0,0,-0.172
3911,126.50194,37.428936,200,0,0,0,0.0,0.0,3923,0,0,-1.033
3912,126.502946,37.430247,200,0,0,0,0.0,0.0,3922,0,0,-1.453
3913,126.502658,37.431085,200,0,0,0,0.0,0.0,3921,0,0,-1.015
3914,126.502655,37.432453,200,0,0,0,0.0,0.0,3920,0,0,-1.197
3915,126.502932,37.433927,200,0,0,0,0.0,0.0,3919,0,0,-1.187
3916,126.502588,37.434877,200,0,0,0,0.0,0.0,3918,0,0,-0.559
3917,126.503104,37.435384,200,0,0,0,0.0,0.0,3917,0,0,-0.669
3918,126.503642,37.436462,200,0,0,0,0.0,0.0,3916,0,0,-0.826
3919,126.504294,37.436604,200,0,0,0,0.0,0.0,3915,0,0,-1.236
3920,126.504074,37.437352,200,0,0,0,0.0,0.0,3914,0,0,-0.728
3921,126.50325,37.43784,200,0,0,0,0.0,0.0,3913,0,0,1.174
3922,126.504138,37.437987,200,0,0,0,0.0,0.0,3944,0,0,0.984
3923,126.505056,37.437599,200,0,0,0,0.0,0.0,3943,0,0,-0.702
3924,126.505882,37.438264,200,0,0,0,0.0,0.0,3942,0,0,0.02
3925,126.50683,37.438043,200,0,0,0,0.0,0.0,3941,0,0,-0.582
3926,126.507934,37.438589,200,0,0,0,0.0,0.0,3940,0,0,-0.388
3927,126.508192,37.439711,200,0,0,0,0.0,0.0,3939,0,0,0.519
3928,126.508045,37.440834,200,0,0,0,0.0,0.0,3938,0,0,0.895
3929,126.508448,37.441913,200,0,0,0,0.0,0.0,3937,0,0,1.669
3930,126.508883,37.4411,200,0,0,0,0.0,0.0,3936,0,0,1.616
3931,126.508943,37.439919,200,0,0,0,0.0,0.0,3935,0,0,1.499
3932,126.508858,37.438736,200,0,0,0,0.0,0.0,3934,0,0,0.652
3933,126.509328,37.437992,200,0,0,0,0.0,0.0,3933,0,0,-0.191
3934,126.509335,37.437304,200,0,0,0,0.0,0.0,3932,0,0,-1.249
3935,126.509753,37.436799,200,0,0,0,0.0,0.0,3931,0,0,-1.917
3936,126.510599,37.436847,200,0,0,0,0.0,0.0,3930,0,0,-1.658
3937,126.511086,37.43761,200,0,0,0,0.0,0.0,3929,0,0,-0.225
3938,126.511774,37.437687,200,0,0,0,0.0,0.0,3960,0,0,0.869
3939,126.512877,37.436728,200,0,0,0,0.0,0.0,3959,0,0,-0.058
3940,126.513912,37.435815,200,0,0,0,0.0,0.0,3958,0,0,-0.878
3941,126.514679,37.434922,200,0,0,0,0.0,0.0,3957,0,0,-1.464
3942,126.515216,37.435228,200,0,0,0,0.0,0.0,3956,0,0,-1.228
3943,126.514635,37.436243,200,0,0,0,0.0,0.0,3955,0,0,-0.275
3944,126.514378,37.437788,200,0,0,0,0.0,0.0,3954,0,0,0.864
3945,126.514245,37.439202,200,0,0,0,0.0,0.0,3953,0,0,1.937
3946,126.514528,37.438168,200,0,0,0,0.0,0.0,3952,0,0,2.301
3947,126.515065,37.436763,200,0,0,0,0.0,0.0,3951,0,0,1.707
3948,126.51576,37.435512,200,0,0,0,0.0,0.0,3950,0,0,0.649
3949,126.516873,37.434455,200,0,0,0,0.0,0.0,3949,0,0,-0.103
3950,126.517773,37.433557,200,0,0,0,0.0,0.0,3948,0,0,-0.947
3951,126.518235,37.434111,200,0,0,0,0.0,0.0,3947,0,0,0.372
3952,126.518713,37.432972,200,0,0,0,0.0,0.0,3946,0,0,-1.665
3953,126.519139,37.433478,200,0,0,0,0.0,0.0,3945,0,0,-0.773
3954,126.519994,37.433368,200,0,0,0,0.0,0.0,3976,0,0,-1.509
3955,126.521061,37.434546,200,0,0,0,0.0,0.0,3975,0,0,-0.348
3956,126.522379,37.435163,200,0,0,0,0.0,0.0,3974,0,0,-0.321
3957,126.523181,37.436094,200,0,0,0,0.0,0.0,3973,0,0,0.903
3958,126.524092,37.436053,200,0,0,0,0.0,0.0,3972,0,0,1.385
3959,126.523604,37.4348,200,0,0,0,0.0,0.0,3971,0,0,0.255
3960,126.523545,37.433874,200,0,0,0,0.0,0.0,3970,0,0,-0.558
3961,126.523504,37.433165,200,0,0,0,0.0,0.0,3969,0,0,-0.789
3962,126.523481,37.432456,200,0,0,0,0.0,0.0,3968,0,0,-0.998
3963,126.523504,37.431582,200,0,0,0,0.0,0.0,3967,0,0,-1.774
3964,126.523639,37.43066,200,0,0,0,0.0,0.0,3966,0,0,-2.351
3965,126.524696,37.431739,200,0,0,0,0.0,0.0,3965,0,0,-2.013
3966,126.52541,37.433178,200,0,0,0,0.0,0.0,3964,0,0,-1.303
3967,126.526062,37.434753,200,0,0,0,0.0,0.0,3963,0,0,-0.863
3968,126.526831,37.436203,200,0,0,0,0.0,0.0,3962,0,0,-0.283
3969,126.527529,37.436283,200,0,0,0,0.0,0.0,3961,0,0,-1.302
3970,126.528197,37.437503,200,0,0,0,0.0,0.0,3992,0,0,-1.147
3971,126.528898,37.438917,200,0,0,0,0.0,0.0,3991,0,0,-1.286
3972,126.52903,37.44059,200,0,0,0,0.0,0.0,3990,0,0,-1.264
3973,126.529152,37.442056,200,0,0,0,0.0,0.0,3989,0,0,-0.491
3974,126.529664,37.442182,200,0,0,0,0.0,0.0,3988,0,0,-0.998
3975,126.530087,37.443229,200,0,0,0,0.0,0.0,3987,0,0,0.259
3976,126.530825,37.443167,200,0,0,0,0.0,0.0,3986,0,0,0.088
3977,126.531709,37.443562,200,0,0,0,0.0,0.0,3985,0,0,0.055
3978,126.532086,37.443937,200,0,0,0,0.0,0.0,3984,0,0,1.481
3979,126.532869,37.442513,200,0,0,0,0.0,0.0,3983,0,0,0.152
3980,126.533986,37.441458,200,0,0,0,0.0,0.0,3982,0,0,-0.244
3981,126.534904,37.440315,200,0,0,0,0.0,0.0,3981,0,0,-0.33
3982,126.535932,37.439352,200,0,0,0,0.0,0.0,3980,0,0,0.165
3983,126.536157,37.438271,200,0,0,0,0.0,0.0,3979,0,0,-0.699
3984,126.536024,37.437164,200,0,0,0,0.0,0.0,3978,0,0,-1.702
3985,126.536003,37.436172,200,0,0,0,0.0,0.0,3977,0,0,-2.541
3986,126.536854,37.436865,200,0,0,0,0.0,0.0,4008,0,0,-2.104
3987,126.537869,37.437604,200,0,0,0,0.0,0.0,4007,0,0,-0.82
3988,126.539022,37.436539,200,0,0,0,0.0,0.0,4006,0,0,-2.76
3989,126.53863,37.437346,200,0,0,0,0.0,0.0,4005,0,0,-2.662
3990,126.538687,37.43861,200,0,0,0,0.0,0.0,4004,0,0,-1.281
3991,126.538868,37.439843,200,0,0,0,0.0,0.0,4003,0,0,-1.395
3992,126.538349,37.44119,200,0,0,0,0.0,0.0,4002,0,0,-1.344
3993,126.537649,37.441933,200,0,0,0,0.0,0.0,4001,0,0,-0.822
3994,126.536778,37.441155,200,0,0,0,0.0,0.0,4000,0,0,-0.023
3995,126.536187,37.442004,200,0,0,0,0.0,0.0,3999,0,0,0.052
3996,126.535156,37.442627,200,0,0,0,0.0,0.0,3998,0,0,0.191
3997,126.535394,37.4439,200,0,0,0,0.0,0.0,3997,0,0,1.382
3998,126.535974,37.443708,200,0,0,0,0.0,0.0,3996,0,0,1.044
3999,126.535988,37.442931,200,0,0,0,0.0,0.0,3995,0,0,0.84
4000,126.537089,37.442632,200,0,0,0,0.0,0.0,3994,0,0,-0.397
4001,126.538222,37.443326,200,0,0,0,0.0,0.0,3993,0,0,0.863
4002,126.539278,37.442336,200,0,0,0,0.0,0.0,4024,0,0,0.782
4003,126.539715,37.441135,200,0,0,0,0.0,0.0,4023,0,0,-0.382
4004,126.540984,37.44079,200,0,0,0,0.0,0.0,4022,0,0,0.174
4005,126.542078,37.439659,200,0,0,0,0.0,0.0,4021,0,0,-1.386
4006,126.54309,37.439852,200,0,0,0,0.0,0.0,4020,0,0,-2.129
4007,126.543109,37.441106,200,0,0,0,0.0,0.0,4019,0,0,-0.383
4008,126.544093,37.441315,200,0,0,0,0.0,0.0,4018,0,0,-0.764
4009,126.544572,37.442131,200,0,0,0,0.0,0.0,4017,0,0,-1.834
4010,126.544051,37.443187,200,0,0,0,0.0,0.0,4016,0,0,-0.97
4011,126.542679,37.444361,200,0,0,0,0.0,0.0,4015,0,0,-0.1
4012,126.542622,37.44556,200,0,0,0,0.0,0.0,4014,0,0,0.593
4013,126.543292,37.446053,200,0,0,0,0.0,0.0,4013,0,0,1.359
4014,126.544186,37.445057,200,0,0,0,0.0,0.0,4012,0,0,-0.073
4015,126.544343,37.444562,200,0,0,0,0.0,0.0,4011,0,0,-1.144
4016,126.543871,37.444394,200,0,0,0,0.0,0.0,4010,0,0,0.043
4017,126.544996,37.443799,200,0,0,0,0.0,0.0,4009,0,0,-1.373
4018,126.545391,37.444839,200,0,0,0,0.0,0.0,4040,0,0,-2.064
4019,126.54541,37.446163,200,0,0,0,0.0,0.0,4039,0,0,-1.104
4020,126.545941,37.447171,200,0,0,0,0.0,0.0,4038,0,0,-1.817
4021,126.544798,37.448026,200,0,0,0,0.0,0.0,4037,0,0,-0.481
4022,126.545018,37.448642,200,0,0,0,0.0,0.0,4036,0,0,-0.04
4023,126.545001,37.449618,200,0,0,0,0.0,0.0,4035,0,0,-0.1
4024,126.54456,37.450332,200,0,0,0,0.0,0.0,4034,0,0,1.673
4025,126.545803,37.449749,200,0,0,0,0.0,0.0,4033,0,0,0.908
4026,126.547158,37.449139,200,0,0,0,0.0,0.0,4032,0,0,0.052
4027,126.548549,37.448238,200,0,0,0,0.0,0.0,4031,0,0,-1.068
4028,126.549365,37.447874,200,0,0,0,0.0,0.0,4030,0,0,-1.499
4029,126.549915,37.448272,200,0,0,0,0.0,0.0,4029,0,0,-0.907
4030,126.548816,37.449468,200,0,0,0,0.0,0.0,4028,0,0,0.408
4031,126.549514,37.44928,200,0,0,0,0.0,0.0,4027,0,0,1.37
4032,126.550949,37.448276,200,0,0,0,0.0,0.0,4026,0,0,-0.444
4033,126.552188,37.448171,200,0,0,0,0.0,0.0,4025,0,0,-2.034
4034,126.552425,37.449764,200,0,0,0,0.0,0.0,4056,0,0,-1.552
4035,126.552097,37.451408,200,0,0,0,0.0,0.0,4055,0,0,-1.068
4036,126.551814,37.453117,200,0,0,0,0.0,0.0,4054,0,0,-0.575
4037,126.551156,37.454626,200,0,0,0,0.0,0.0,4053,0,0,0.552
4038,126.550991,37.45582,200,0,0,0,0.0,0.0,4052,0,0,1.858
4039,126.55143,37.454994,200,0,0,0,0.0,0.0,4051,0,0,1.824
4040,126.55209,37.454243,200,0,0,0,0.0,0.0,4050,0,0,1.235
4041,126.552959,37.45353,200,0,0,0,0.0,0.0,4049,0,0,0.439
4042,126.554187,37.452818,200,0,0,0,0.0,0.0,4048,0,0,0.227
4043,126.554899,37.451841,200,0,0,0,0.0,0.0,4047,0,0,-0.843
4044,126.55535,37.450831,200,0,0,0,0.0,0.0,4046,0,0,-2.182
4045,126.556431,37.451398,200,0,0,0,0.0,0.0,4045,0,0,-1.805
4046,126.556565,37.45227,200,0,0,0,0.0,0.0,4044,0,0,-1.41
4047,126.557747,37.451922,200,0,0,0,0.0,0.0,4043,0,0,-1.974
4048,126.558682,37.451908,200,0,0,0,0.0,0.0,4042,0,0,-2.896
4049,126.557985,37.452375,200,0,0,0,0.0,0.0,4041,0,0,-3.063
4050,126.556408,37.453019,200,0,0,0,0.0,0.0,4072,0,0,-1.028
4051,126.556008,37.454079,200,0,0,0,0.0,0.0,4071,0,0,-0.234
4052,126.556742,37.454355,200,0,0,0,0.0,0.0,4070,0,0,-0.963
4053,126.557132,37.455495,200,0,0,0,0.0,0.0,4069,0,0,-1.459
4054,126.556861,37.456819,200,0,0,0,0.0,0.0,4068,0,0,-1.205
4055,126.556716,37.45824,200,0,0,0,0.0,0.0,4067,0,0,-0.486
4056,126.557152,37.459349,200,0,0,0,0.0,0.0,4066,0,0,0.793
4057,126.558535,37.458764,200,0,0,0,0.0,0.0,4065,0,0,-0.211
4058,126.559725,37.457866,200,0,0,0,0.0,0.0,4064,0,0,-0.526
4059,126.560469,37.457102,200,0,0,0,0.0,0.0,4063,0,0,-1.059
4060,126.561719,37.456467,200,0,0,0,0.0,0.0,4062,0,0,-2.031
4061,126.561791,37.457175,200,0,0,0,0.0,0.0,4061,0,0,-2.189
4062,126.562101,37.457881,200,0,0,0,0.0,0.0,4060,0,0,-2.064
4063,126.561016,37.458805,200,0,0,0,0.0,0.0,4059,0,0,-1.432
4064,126.559832,37.45964,200,0,0,0,0.0,0.0,4058,0,0,-1.042
4065,126.55872,37.460518,200,0,0,0,0.0,0.0,4057,0,0,-0.621
4066,126.557719,37.461287,200,0,0,0,0.0,0.0,4088,0,0,0.126
4067,126.558342,37.461631,200,0,0,0,0.0,0.0,4087,0,0,0.246
4068,126.558427,37.462374,200,0,0,0,0.0,0.0,4086,0,0,0.022
4069,126.558763,37.462895,200,0,0,0,0.0,0.0,4085,0,0,1.415
4070,126.56008,37.46265,200,0,0,0,0.0,0.0,4084,0,0,1.271
4071,126.55976,37.461792,200,0,0,0,0.0,0.0,4083,0,0,0.501
4072,126.559966,37.461048,200,0,0,0,0.0,0.0,4082,0,0,-0.079
4073,126.560832,37.460578,200,0,0,0,0.0,0.0,4081,0,0,0.267
4074,126.562225,37.459875,200,0,0,0,0.0,0.0,4080,0,0,0.109
4075,126.563596,37.459328,200,0,0,0,0.0,0.0,4079,0,0,-0.739
4076,126.565036,37.459639,200,0,0,0,0.0,0.0,4078,0,0,-1.308
4077,126.566081,37.46102,200,0,0,0,0.0,0.0,4077,0,0,-0.753
4078,126.56709,37.462095,200,0,0,0,0.0,0.0,4076,0,0,-0.77
4079,126.568028,37.463063,200,0,0,0,0.0,0.0,4075,0,0,-1.242
4080,126.56853,37.46435,200,0,0,0,0.0,0.0,4074,0,0,-1.103
4081,126.569109,37.465811,200,0,0,0,0.0,0.0,4073,0,0,-0.959
4082,126.569838,37.467251,200,0,0,0,0.0,0.0,4104,0,0,-1.052
4083,126.570578,37.468702,200,0,0,0,0.0,0.0,4103,0,0,-0.988
4084,126.571433,37.470267,200,0,0,0,0.0,0.0,4102,0,0,-0.927
4085,126.572072,37.471658,200,0,0,0,0.0,0.0,4101,0,0,-0.799
4086,126.572691,37.472368,200,0,0,0,0.0,0.0,4100,0,0,-0.553
4087,126.573453,37.473455,200,0,0,0,0.0,0.0,4099,0,0,-0.88
4088,126.574214,37.47432,200,0,0,0,0.0,0.0,4098,0,0,-0.616
4089,126.575159,37.475533,200,0,0,0,0.0,0.0,4097,0,0,-1.02
4090,126.576197,37.476994,200,0,0,0,0.0,0.0,4096,0,0,-0.795
4091,126.577309,37.478337,200,0,0,0,0.0,0.0,4095,0,0,-1.093
4092,126.578185,37.479858,200,0,0,0,0.0,0.0,4094,0,0,-0.871
4093,126.579053,37.481274,200,0,0,0,0.0,0.0,4093,0,0,-0.948
4094,126.579761,37.482548,200,0,0,0,0.0,0.0,4092,0,0,-0.994
4095,126.580468,37.48377,200,0,0,0,0.0,0.0,4091,0,0,-1.024
4096,126.58122,37.485078,200,0,0,0,0.0,0.0,4090,0,0,-1.053
4097,126.581934,37.486462,200,0,0,0,0.0,0.0,4089,0,0,-1.055
4098,126.582461,37.487983,200,0,0,0,0.0,0.0,4120,0,0,-1.194
4099,126.582608,37.489731,200,0,0,0,0.0,0.0,4119,0,0,-0.881
4100,126.58291,37.491234,200,0,0,0,0.0,0.0,4118,0,0,-1.521
4101,126.582256,37.492774,200,0,0,0,0.0,0.0,4117,0,0,-1.495
4102,126.581312,37.494146,200,0,0,0,0.0,0.0,4116,0,0,-1.184
4103,126.580845,37.495486,200,0,0,0,0.0,0.0,4115,0,0,-1.414
4104,126.580193,37.496832,200,0,0,0,0.0,0.0,4114,0,0,-1.28
4105,126.579647,37.498108,200,0,0,0,0.0,0.0,4113,0,0,-1.158
4106,126.579255,37.499248,200,0,0,0,0.0,0.0,4112,0,0,-0.934
4107,126.579205,37.500423,200,0,0,0,0.0,0.0,4111,0,0,-1.324
4108,126.579077,37.502134,200,0,0,0,0.0,0.0,4110,0,0,-1.314
4109,126.579065,37.503935,200,0,0,0,0.0,0.0,4109,0,0,-1.216
4110,126.579053,37.505737,200,0,0,0,0.0,0.0,4108,0,0,-1.042
4111,126.579041,37.507539,200,0,0,0,0.0,0.0,4107,0,0,-1.018
4112,126.578865,37.509242,200,0,0,0,0.0,0.0,4106,0,0,-0.968
4113,126.579147,37.51067,200,0,0,0,0.0,0.0,4105,0,0,-0.469
4114,126.580431,37.512002,200,0,0,0,0.0,0.0,4136,0,0,-0.952
4115,126.581956,37.513256,200,0,0,0,0.0,0.0,4135,0,0,-2.044
4116,126.582965,37.514054,200,0,0,0,0.0,0.0,4134,0,0,-3.202
4117,126.581564,37.513325,200,0,0,0,0.0,0.0,4133,0,0,-1.624
4118,126.580663,37.513125,200,0,0,0,0.0,0.0,4132,0,0,-0.704
4119,126.580984,37.514615,200,0,0,0,0.0,0.0,4131,0,0,-0.861
4120,126.581333,37.516164,200,0,0,0,0.0,0.0,4130,0,0,-1.203
4121,126.581566,37.517818,200,0,0,0,0.0,0.0,4129,0,0,-1.256
4122,126.581664,37.519618,200,0,0,0,0.0,0.0,4128,0,0,-1.169
4123,126.581798,37.521388,200,0,0,0,0.0,0.0,4127,0,0,-0.895
4124,126.582158,37.522908,200,0,0,0,0.0,0.0,4126,0,0,-1.288
4125,126.582233,37.52443,200,0,0,0,0.0,0.0,4125,0,0,-1.227
4126,126.582238,37.526172,200,0,0,0,0.0,0.0,4124,0,0,-1.222
4127,126.582043,37.527825,200,0,0,0,0.0,0.0,4123,0,0,-1.377
4128,126.581764,37.529441,200,0,0,0,0.0,0.0,4122,0,0,-1.371
4129,126.581464,37.531039,200,0,0,0,0.0,0.0,4121,0,0,-1.368
4130,126.581207,37.532674,200,0,0,0,0.0,0.0,4152,0,0,-1.351
4131,126.580867,37.534293,200,0,0,0,0.0,0.0,4151,0,0,-1.121
4132,126.580599,37.536027,200,0,0,0,0.0,0.0,4150,0,0,-1.308
4133,126.580222,37.537691,200,0,0,0,0.0,0.0,4149,0,0,-1.306
4134,126.579741,37.539226,200,0,0,0,0.0,0.0,4148,0,0,-1.373
4135,126.579052,37.540827,200,0,0,0,0.0,0.0,4147,0,0,-1.476
4136,126.577894,37.542282,200,0,0,0,0.0,0.0,4146,0,0,-1.498
4137,126.577085,37.543266,200,0,0,0,0.0,0.0,4145,0,0,-1.606
4138,126.575852,37.543788,200,0,0,0,0.0,0.0,4144,0,0,-1.119
4139,126.574351,37.544831,200,0,0,0,0.0,0.0,4143,0,0,-1.274
4140,126.572985,37.546141,200,0,0,0,0.0,0.0,4142,0,0,-1.634
4141,126.571322,37.547334,200,0,0,0,0.0,0.0,4141,0,0,-1.568
4142,126.569668,37.548221,200,0,0,0,0.0,0.0,4140,0,0,-1.404
4143,126.567884,37.548846,200,0,0,0,0.0,0.0,4139,0,0,-1.427
4144,126.565836,37.549291,200,0,0,0,0.0,0.0,4138,0,0,-1.37
4145,126.563686,37.549467,200,0,0,0,0.0,0.0,4137,0,0,-1.093
4146,126.561623,37.549626,200,0,0,0,0.0,0.0,4168,0,0,-1.048
4147,126.559582,37.549739,200,0,0,0,0.0,0.0,4167,0,0,-1.097
4148,126.557536,37.549529,200,0,0,0,0.0,0.0,4166,0,0,-0.917
4149,126.555273,37.549482,200,0,0,0,0.0,0.0,4165,0,0,-1.001
4150,126.553011,37.549435,200,0,0,0,0.0,0.0,4164,0,0,-1.017
4151,126.550952,37.549315,200,0,0,0,0.0,0.0,4163,0,0,-0.986
4152,126.54905,37.549195,200,0,0,0,0.0,0.0,4162,0,0,-0.986
4153,126.547187,37.549188,200,0,0,0,0.0,0.0,4161,0,0,-1.021
4154,126.545341,37.549039,200,0,0,0,0.0,0.0,4160,0,0,-0.921
4155,126.54345,37.54911,200,0,0,0,0.0,0.0,4159,0,0,-0.783
4156,126.541224,37.549201,200,0,0,0,0.0,0.0,4158,0,0,-0.19
4157,126.53942,37.549569,200,0,0,0,0.0,0.0,4157,0,0,0.646
4158,126.537397,37.549357,200,0,0,0,0.0,0.0,4156,0,0,0.891
4159,126.53522,37.549245,200,0,0,0,0.0,0.0,4155,0,0,0.85
4160,126.53302,37.54922,200,0,0,0,0.0,0.0,4154,0,0,1.339
4161,126.533549,37.549541,200,0,0,0,0.0,0.0,4153,0,0,2.006
4162,126.535466,37.549788,200,0,0,0,0.0,0.0,4184,0,0,1.758
4163,126.537726,37.549838,200,0,0,0,0.0,0.0,4183,0,0,1.751
4164,126.539757,37.550099,200,0,0,0,0.0,0.0,4182,0,0,1.404
4165,126.542009,37.550244,200,0,0,0,0.0,0.0,4181,0,0,0.554
4166,126.543975,37.55047,200,0,0,0,0.0,0.0,4180,0,0,0.102
4167,126.545768,37.55057,200,0,0,0,0.0,0.0,4179,0,0,-0.322
4168,126.547676,37.551026,200,0,0,0,0.0,0.0,4178,0,0,-0.343
4169,126.549727,37.551212,200,0,0,0,0.0,0.0,4177,0,0,-0.352
4170,126.55162,37.551411,200,0,0,0,0.0,0.0,4176,0,0,-0.248
4171,126.553687,37.551716,200,0,0,0,0.0,0.0,4175,0,0,-0.417
4172,126.5557,37.552006,200,0,0,0,0.0,0.0,4174,0,0,-0.523
4173,126.557444,37.552178,200,0,0,0,0.0,0.0,4173,0,0,-0.135
4174,126.559611,37.552095,200,0,0,0,0.0,0.0,4172,0,0,-0.372
4175,126.561832,37.552107,200,0,0,0,0.0,0.0,4171,0,0,-0.242
4176,126.563914,37.551928,200,0,0,0,0.0,0.0,4170,0,0,-0.266
4177,126.566044,37.551729,200,0,0,0,0.0,0.0,4169,0,0,0.029
4178,126.568062,37.551207,200,0,0,0,0.0,0.0,4200,0,0,-0.036
4179,126.570005,37.550594,200,0,0,0,0.0,0.0,4199,0,0,0.063
4180,126.571913,37.549792,200,0,0,0,0.0,0.0,4198,0,0,-0.125
4181,126.573779,37.548941,200,0,0,0,0.0,0.0,4197,0,0,-0.904
4182,126.575101,37.548849,200,0,0,0,0.0,0.0,4196,0,0,-2.531
4183,126.574512,37.550096,200,0,0,0,0.0,0.0,4195,0,0,-1.766
4184,126.574125,37.551634,200,0,0,0,0.0,0.0,4194,0,0,-1.295
4185,126.57369,37.55307,200,0,0,0,0.0,0.0,4193,0,0,-1.42
4186,126.573133,37.554454,200,0,0,0,0.0,0.0,4192,0,0,-1.38
4187,126.572625,37.555878,200,0,0,0,0.0,0.0,4191,0,0,-1.387
4188,126.572103,37.557319,200,0,0,0,0.0,0.0,4190,0,0,-1.229
4189,126.571701,37.559022,200,0,0,0,0.0,0.0,4189,0,0,-1.308
4190,126.571233,37.560608,200,0,0,0,0.0,0.0,4188,0,0,-1.433
4191,126.570711,37.562088,200,0,0,0,0.0,0.0,4187,0,0,-1.392
4192,126.569921,37.563522,200,0,0,0,0.0,0.0,4186,0,0,-1.403
4193,126.568988,37.564914,200,0,0,0,0.0,0.0,4185,0,0,-1.252
4194,126.567856,37.566222,200,0,0,0,0.0,0.0,4216,0,0,-1.215
4195,126.566465,37.567584,200,0,0,0,0.0,0.0,4215,0,0,-1.537
4196,126.564706,37.568581,200,0,0,0,0.0,0.0,4214,0,0,-1.343
4197,126.562817,37.569239,200,0,0,0,0.0,0.0,4213,0,0,-1.106
4198,126.561065,37.569675,200,0,0,0,0.0,0.0,4212,0,0,-1.058
4199,126.559306,37.570076,200,0,0,0,0.0,0.0,4211,0,0,-1.138
4200,126.55719,37.570236,200,0,0,0,0.0,0.0,4210,0,0,-1.062
4201,126.555416,37.570268,200,0,0,0,0.0,0.0,4209,0,0,-1.158
4202,126.553634,37.569889,200,0,0,0,0.0,0.0,4208,0,0,-0.544
4203,126.551976,37.568991,200,0,0,0,0.0,0.0,4207,0,0,0.781
4204,126.550163,37.568044,200,0,0,0,0.0,0.0,4206,0,0,1.266
4205,126.548365,37.567248,200,0,0,0,0.0,0.0,4205,0,0,1.408
4206,126.547581,37.567215,200,0,0,0,0.0,0.0,4204,0,0,1.788
4207,126.549163,37.567935,200,0,0,0,0.0,0.0,4203,0,0,1.773
4208,126.550847,37.568838,200,0,0,0,0.0,0.0,4202,0,0,1.25
4209,126.55221,37.569899,200,0,0,0,0.0,0.0,4201,0,0,-0.002
4210,126.552231,37.571015,200,0,0,0,0.0,0.0,4232,0,0,0.295
4211,126.553829,37.571674,200,0,0,0,0.0,0.0,4231,0,0,-0.044
4212,126.555612,37.571884,200,0,0,0,0.0,0.0,4230,0,0,-0.105
4213,126.557736,37.571853,200,0,0,0,0.0,0.0,4229,0,0,-0.13
4214,126.559589,37.571557,200,0,0,0,0.0,0.0,4228,0,0,0.042
4215,126.561365,37.571179,200,0,0,0,0.0,0.0,4227,0,0,0.068
4216,126.563353,37.570708,200,0,0,0,0.0,0.0,4226,0,0,0.107
4217,126.565385,37.570248,200,0,0,0,0.0,0.0,4225,0,0,0.291
4218,126.567152,37.569335,200,0,0,0,0.0,0.0,4224,0,0,0.3
4219,126.568576,37.568109,200,0,0,0,0.0,0.0,4223,0,0,0.291
4220,126.569729,37.566676,200,0,0,0,0.0,0.0,4222,0,0,-0.675
4221,126.570971,37.566205,200,0,0,0,0.0,0.0,4221,0,0,-2.173
4222,126.571231,37.567703,200,0,0,0,0.0,0.0,4220,0,0,-1.733
4223,126.571052,37.569335,200,0,0,0,0.0,0.0,4219,0,0,-1.219
4224,126.571144,37.571061,200,0,0,0,0.0,0.0,4218,0,0,-0.964
4225,126.571321,37.572517,200,0,0,0,0.0,0.0,4217,0,0,-1.893
4226,126.56985,37.573708,200,0,0,0,0.0,0.0,4248,0,0,-1.58
4227,126.568304,37.574551,200,0,0,0,0.0,0.0,4247,0,0,-1.23
4228,126.566566,37.575427,200,0,0,0,0.0,0.0,4246,0,0,-1.018
4229,126.565111,37.576719,200,0,0,0,0.0,0.0,4245,0,0,-1.372
4230,126.563519,37.577944,200,0,0,0,0.0,0.0,4244,0,0,-1.231
4231,126.562162,37.579229,200,0,0,0,0.0,0.0,4243,0,0,-1.417
4232,126.560799,37.580477,200,0,0,0,0.0,0.0,4242,0,0,-1.405
4233,126.559471,37.58174,200,0,0,0,0.0,0.0,4241,0,0,-1.426
4234,126.558115,37.583016,200,0,0,0,0.0,0.0,4240,0,0,-1.236
4235,126.556915,37.584409,200,0,0,0,0.0,0.0,4239,0,0,-1.547
4236,126.555501,37.585705,200,0,0,0,0.0,0.0,4238,0,0,-1.641
4237,126.55382,37.586849,200,0,0,0,0.0,0.0,4237,0,0,-1.52
4238,126.552088,37.587764,200,0,0,0,0.0,0.0,4236,0,0,-1.464
4239,126.550275,37.588233,200,0,0,0,0.0,0.0,4235,0,0,-1.438
4240,126.548112,37.588317,200,0,0,0,0.0,0.0,4234,0,0,-1.34
4241,126.545848,37.588323,200,0,0,0,0.0,0.0,4233,0,0,-1.147
4242,126.54381,37.588328,160,0,0,0,0.0,0.0,4264,0,0,-1.11
4243,126.315452,37.911641,200,0,0,0,0.0,0.0,4263,0,0,2.628
4244,126.315518,37.90984,200,0,0,0,0.0,0.0,4262,0,0,2.717
4245,126.315583,37.908039,200,0,0,0,0.0,0.0,4261,0,0,2.717
4246,126.315649,37.906239,200,0,0,0,0.0,0.0,4260,0,0,2.717
4247,126.315714,37.904438,200,0,0,0,0.0,0.0,4259,0,0,2.717
4248,126.315779,37.902638,200,0,0,0,0.0,0.0,4258,0,0,2.717
4249,126.315845,37.900837,200,0,0,0,0.0,0.0,4257,0,0,2.717
4250,126.31591,37.899036,200,0,0,0,0.0,0.0,4256,0,0,2.717
4251,126.315976,37.897236,200,0,0,0,0.0,0.0,4255,0,0,2.829
4252,126.316041,37.895435,200,0,0,0,0.0,0.0,4254,0,0,2.729
4253,126.316107,37.893634,200,0,0,0,0.0,0.0,4253,0,0,2.716
4254,126.316172,37.891834,200,0,0,0,0.0,0.0,4252,0,0,2.625
4255,126.316498,37.89056,200,0,0,0,0.0,0.0,4251,0,0,2.374
4256,126.316274,37.889025,200,0,0,0,0.0,0.0,4250,0,0,2.661
4257,126.316339,37.887224,200,0,0,0,0.0,0.0,4249,0,0,2.717
4258,126.316405,37.885423,200,0,0,0,0.0,0.0,4280,0,0,2.717
4259,126.31647,37.883623,200,0,0,0,0.0,0.0,4279,0,0,2.717
4260,126.316536,37.881822,200,0,0,0,0.0,0.0,4278,0,0,2.717
4261,126.316601,37.880021,200,0,0,0,0.0,0.0,4277,0,0,2.717
4262,126.316666,37.878221,200,0,0,0,0.0,0.0,4276,0,0,2.717
4263,126.316732,37.87642,200,0,0,0,0.0,0.0,4275,0,0,2.717
4264,126.316797,37.874619,200,0,0,0,0.0,0.0,4274,0,0,2.717
4265,126.316862,37.872819,200,0,0,0,0.0,0.0,4273,0,0,2.717
4266,126.316928,37.871018,200,0,0,0,0.0,0.0,4272,0,0,2.717
4267,126.316993,37.869218,200,0,0,0,0.0,0.0,4271,0,0,3.531
4268,126.317059,37.867417,200,0,0,0,0.0,0.0,4270,0,0,3.88
4269,126.317124,37.865616,200,0,0,0,0.0,0.0,4269,0,0,3.87
4270,126.317275,37.863933,200,0,0,0,0.0,0.0,4268,0,0,3.734
4271,126.317328,37.862773,200,0,0,0,0.0,0.0,4267,0,0,3.665
4272,126.317291,37.86102,200,0,0,0,0.0,0.0,4266,0,0,3.875
4273,126.317356,37.859219,200,0,0,0,0.0,0.0,4265,0,0,3.88
4274,126.317421,37.857418,200,0,0,0,0.0,0.0,4296,0,0,3.88
4275,126.317487,37.855618,200,0,0,0,0.0,0.0,4295,0,0,3.88
4276,126.317552,37.853817,200,0,0,0,0.0,0.0,4294,0,0,3.88
4277,126.317617,37.852016,200,0,0,0,0.0,0.0,4293,0,0,3.485
4278,126.318159,37.850677,200,0,0,0,0.0,0.0,4292,0,0,1.791
4279,126.319958,37.851016,200,0,0,0,0.0,0.0,4291,0,0,0.835
4280,126.32196,37.851398,200,0,0,0,0.0,0.0,4290,0,0,0.653
4281,126.323738,37.851837,200,0,0,0,0.0,0.0,4289,0,0,0.888
4282,126.325415,37.851935,200,0,0,0,0.0,0.0,4288,0,0,1.205
4283,126.325906,37.851369,200,0,0,0,0.0,0.0,4287,0,0,-0.133
4284,126.327859,37.85147,200,0,0,0,0.0,0.0,4286,0,0,0.816
4285,126.330003,37.851807,200,0,0,0,0.0,0.0,4285,0,0,0.545
4286,126.331679,37.852477,200,0,0,0,0.0,0.0,4284,0,0,0.562
4287,126.333011,37.853118,200,0,0,0,0.0,0.0,4283,0,0,0.691
4288,126.334889,37.853749,200,0,0,0,0.0,0.0,4282,0,0,0.827
4289,126.336762,37.854338,200,0,0,0,0.0,0.0,4281,0,0,0.65
4290,126.33863,37.854878,200,0,0,0,0.0,0.0,4312,0,0,0.855
4291,126.340436,37.855047,200,0,0,0,0.0,0.0,4311,0,0,0.676
4292,126.342374,37.85549,200,0,0,0,0.0,0.0,4310,0,0,0.903
4293,126.344517,37.85576,200,0,0,0,0.0,0.0,4309,0,0,0.661
4294,126.346443,37.856367,200,0,0,0,0.0,0.0,4308,0,0,0.335
4295,126.348042,37.857486,200,0,0,0,0.0,0.0,4307,0,0,0.492
4296,126.349604,37.858452,200,0,0,0,0.0,0.0,4306,0,0,0.472
4297,126.351203,37.859327,200,0,0,0,0.0,0.0,4305,0,0,0.258
4298,126.352589,37.860408,200,0,0,0,0.0,0.0,4304,0,0,0.208
4299,126.353809,37.861761,200,0,0,0,0.0,0.0,4303,0,0,0.395
4300,126.355022,37.863014,200,0,0,0,0.0,0.0,4302,0,0,0.376
4301,126.356339,37.8643,200,0,0,0,0.0,0.0,4301,0,0,0.384
4302,126.357675,37.865625,200,0,0,0,0.0,0.0,4300,0,0,0.415
4303,126.358929,37.866914,200,0,0,0,0.0,0.0,4299,0,0,0.575
4304,126.360448,37.868236,200,0,0,0,0.0,0.0,4298,0,0,0.701
4305,126.362087,37.869406,200,0,0,0,0.0,0.0,4297,0,0,0.609
4306,126.363763,37.870512,200,0,0,0,0.0,0.0,4328,0,0,0.444
4307,126.365264,37.871706,200,0,0,0,0.0,0.0,4327,0,0,0.012
4308,126.36622,37.873176,200,0,0,0,0.0,0.0,4326,0,1,0.83
4309,126.367902,37.874162,200,0,0,0,0.0,0.0,4325,0,1,-0.309
4310,126.367516,37.874981,200,0,0,0,0.0,0.0,4324,0,1,0.889
4311,126.366651,37.875137,200,0,0,0,0.0,0.0,4323,0,1,2.741
4312,126.368554,37.875267,200,0,0,0,0.0,0.0,4322,0,1,1.063
4313,126.369394,37.876248,200,0,0,0,0.0,0.0,4321,0,1,0.842
4314,126.370199,37.876419,200,0,0,0,0.0,0.0,4320,0,1,1.002
4315,126.371809,37.877394,200,0,0,0,0.0,0.0,4319,0,1,0.424
4316,126.37337,37.878703,200,0,0,0,0.0,0.0,4318,0,1,0.709
4317,126.375014,37.879666,200,0,0,0,0.0,0.0,4317,0,1,0.555
4318,126.376692,37.880671,200,0,0,0,0.0,0.0,4316,0,1,0.107
4319,126.378273,37.881853,200,0,0,0,0.0,0.0,4315,0,1,0.134
4320,126.37989,37.883058,200,0,0,0,0.0,0.0,4314,0,0,-0.019
4321,126.381538,37.884183,200,0,0,0,0.0,0.0,4313,0,0,-0.03
4322,126.383095,37.885382,200,0,0,0,0.0,0.0,4344,0,0,-0.109
4323,126.384734,37.886433,200,0,0,0,0.0,0.0,4343,0,0,-0.327
4324,126.386317,37.887704,200,0,0,0,0.0,0.0,4342,0,0,-0.426
4325,126.388014,37.888774,200,0,0,0,0.0,0.0,4341,0,0,-0.435
4326,126.389555,37.889872,200,0,0,0,0.0,0.0,4340,0,0,-0.447
4327,126.390932,37.89097,200,0,0,0,0.0,0.0,4339,0,0,-0.318
4328,126.392423,37.892005,200,0,0,0,0.0,0.0,4338,0,0,-0.4
4329,126.393924,37.893266,200,0,0,0,0.0,0.0,4337,0,0,-0.53
4330,126.395407,37.894359,200,0,0,0,0.0,0.0,4336,0,1,-0.285
4331,126.39689,37.895511,200,0,0,0,0.0,0.0,4335,0,1,-0.5
4332,126.39818,37.89675,200,0,0,0,0.0,0.0,4334,0,1,-0.587
4333,126.39936,37.898092,200,0,0,0,0.0,0.0,4333,0,1,-0.665
4334,126.400704,37.899401,200,0,0,0,0.0,0.0,4332,0,1,-0.399
4335,126.401901,37.900821,200,0,0,0,0.0,0.0,4331,0,1,-0.422
4336,126.403162,37.902243,200,0,0,0,0.0,0.0,4330,0,1,-0.329
4337,126.404415,37.903629,200,0,0,0,0.0,0.0,4329,0,1,-0.243
4338,126.405579,37.905006,200,0,0,0,0.0,0.0,4360,0,1,-0.395
4339,126.406783,37.906404,200,0,0,0,0.0,0.0,4359,0,1,-0.426
4340,126.408064,37.907823,200,0,0,0,0.0,0.0,4358,0,1,-0.146
4341,126.409291,37.909203,200,0,0,0,0.0,0.0,4357,0,1,-0.267
4342,126.410251,37.910408,200,0,0,0,0.0,0.0,4356,0,1,-0.531
4343,126.410491,37.909491,200,0,0,0,0.0,0.0,4355,0,1,-1.478
4344,126.410776,37.910076,200,0,0,0,0.0,0.0,4354,0,1,-1.567
4345,126.410639,37.911806,200,0,0,0,0.0,0.0,4353,0,1,-1.172
4346,126.40953,37.91321,200,0,0,0,0.0,0.0,4352,0,1,-0.889
4347,126.408129,37.914331,200,0,0,0,0.0,0.0,4351,0,1,1.12
4348,126.40604,37.914485,200,0,0,0,0.0,0.0,4350,0,1,1.675
4349,126.403767,37.914434,200,0,0,0,0.0,0.0,4349,0,1,1.726
4350,126.401494,37.914384,200,0,0,0,0.0,0.0,4348,0,0,1.726
4351,126.399221,37.914334,200,0,0,0,0.0,0.0,4347,0,0,1.726
4352,126.396948,37.914284,200,0,0,0,0.0,0.0,4346,0,0,1.712
4353,126.394734,37.914187,200,0,0,0,0.0,0.0,4345,0,0,0.955
4354,126.394038,37.912903,200,0,0,0,0.0,0.0,4376,0,0,0.066
4355,126.394003,37.911102,200,0,0,0,0.0,0.0,4375,0,0,0.286
4356,126.393003,37.910055,200,0,0,0,0.0,0.0,4374,0,0,-0.355
4357,126.391079,37.909505,200,0,0,0,0.0,0.0,4373,0,0,-0.731
4358,126.389395,37.908926,200,0,0,0,0.0,0.0,4372,0,0,-0.763
4359,126.387594,37.909467,200,0,0,0,0.0,0.0,4371,0,0,-0.905
4360,126.386326,37.910289,200,0,0,0,0.0,0.0,4370,0,0,-1.048
4361,126.385153,37.911592,200,0,0,0,0.0,0.0,4369,0,0,-1.902
4362,126.383359,37.912018,200,0,0,0,0.0,0.0,4368,0,0,-1.273
4363,126.381496,37.911453,200,0,0,0,0.0,0.0,4367,0,0,-0.884
4364,126.379545,37.911038,200,0,0,0,0.0,0.0,4366,0,0,-0.885
4365,126.377629,37.910944,200,0,0,0,0.0,0.0,4365,0,0,-1.163
4366,126.375804,37.910208,200,0,0,0,0.0,0.0,4364,0,0,-0.613
4367,126.37384,37.910021,200,0,0,0,0.0,0.0,4363,0,0,-1.066
4368,126.37183,37.9099,200,0,0,0,0.0,0.0,4362,0,0,-1.127
4369,126.36976,37.910272,200,0,0,0,0.0,0.0,4361,0,0,-1.259
4370,126.368274,37.910613,200,0,0,0,0.0,0.0,4392,0,0,-0.994
4371,126.366571,37.910822,200,0,0,0,0.0,0.0,4391,0,0,-0.939
4372,126.365244,37.911267,200,0,0,0,0.0,0.0,4390,0,0,-0.861
4373,126.364357,37.911555,200,0,0,0,0.0,0.0,4389,0,0,0.013
4374,126.36333,37.91133,200,0,0,0,0.0,0.0,4388,0,0,0.862
4375,126.363368,37.91228,200,0,0,0,0.0,0.0,4387,0,0,0.573
4376,126.365034,37.912259,200,0,0,0,0.0,0.0,4386,0,0,-0.658
4377,126.365412,37.912948,200,0,0,0,0.0,0.0,4385,0,0,-1.172
4378,126.364173,37.91347,200,0,0,0,0.0,0.0,4384,0,0,1.018
4379,126.363625,37.912892,200,0,0,0,0.0,0.0,4383,0,0,0.47
4380,126.362736,37.913173,200,0,0,0,0.0,0.0,4382,0,0,1.176
4381,126.36174,37.913188,200,0,0,0,0.0,0.0,4381,0,0,1.226
4382,126.361013,37.913405,200,0,0,0,0.0,0.0,4380,0,0,1.38
4383,126.359162,37.913441,200,0,0,0,0.0,0.0,4379,0,0,1.657
4384,126.356889,37.91339,200,0,0,0,0.0,0.0,4378,0,0,1.726
4385,126.354617,37.913339,200,0,0,0,0.0,0.0,4377,0,0,1.726
4386,126.352344,37.913288,200,0,0,0,0.0,0.0,4408,0,0,1.726
4387,126.350071,37.913237,200,0,0,0,0.0,0.0,4407,0,0,1.726
4388,126.347798,37.913186,200,0,0,0,0.0,0.0,4406,0,0,1.726
4389,126.345525,37.913134,200,0,0,0,0.0,0.0,4405,0,0,1.726
4390,126.343252,37.913083,200,0,0,0,0.0,0.0,4404,0,0,1.801
4391,126.34098,37.913032,200,0,0,0,0.0,0.0,4403,0,0,1.738
4392,126.339421,37.912667,200,0,0,0,0.0,0.0,4402,0,0,1.85
4393,126.337867,37.912957,200,0,0,0,0.0,0.0,4401,0,0,1.563
4394,126.335599,37.91291,200,0,0,0,0.0,0.0,4400,0,0,1.726
4395,126.333326,37.912858,200,0,0,0,0.0,0.0,4399,0,0,1.726
4396,126.331053,37.912807,200,0,0,0,0.0,0.0,4398,0,0,1.726
4397,126.32878,37.912755,200,0,0,0,0.0,0.0,4397,0,0,1.726
4398,126.326507,37.912704,200,0,0,0,0.0,0.0,4396,0,0,1.726
4399,126.324234,37.912652,200,0,0,0,0.0,0.0,4395,0,0,1.726
4400,126.321962,37.9126,200,0,0,0,0.0,0.0,4394,0,0,1.726
4401,126.319689,37.912548,200,0,0,0,0.0,0.0,4393,0,0,1.726
4402,126.317416,37.912496,260,0,0,0,0.0,0.0,4418,0,0,1.726
4403,126.322788,37.708886,200,0,0,0,0.0,0.0,4417,0,0,1.489
4404,126.322853,37.707086,200,0,0,0,0.0,0.0,4416,0,0,2.682
4405,126.322918,37.705285,200,0,0,0,0.0,0.0,4415,0,0,2.717
4406,126.322983,37.703484,200,0,0,0,0.0,0.0,4414,0,0,2.944
4407,126.323047,37.701684,200,0,0,0,0.0,0.0,4413,0,0,2.736
4408,126.323112,37.699883,200,0,0,0,0.0,0.0,4412,0,0,2.717
4409,126.323177,37.698082,200,0,0,0,0.0,0.0,4411,0,0,2.717
4410,126.323242,37.696282,200,0,0,0,0.0,0.0,4410,0,0,2.717
4411,126.323307,37.694481,200,0,0,0,0.0,0.0,4409,0,0,2.717
4412,126.323371,37.69268,200,0,0,0,0.0,1.0,700,1,0,2.717
4413,126.323436,37.690879,200,0,0,0,0.0,5.0,375,1,0,2.717
4414,126.323501,37.689079,200,0,1,1,5.0,7.0,335,1,0,2.717
4415,126.323566,37.687278,200,0,4,4,20.0,7.0,340,1,0,2.717
4416,126.32363,37.685477,200,0,2,2,10.0,7.0,333,1,0,2.717
4417,126.323695,37.683677,200,0,0,0,0.0,6.0,353,1,0,2.717
4418,126.32376,37.681876,200,0,0,0,0.0,3.0,459,1,0,2.717
4419,126.323825,37.680075,200,0,0,0,0.0,1.0,752,1,0,2.709
4420,126.323955,37.67833,200,0,1,1,5.0,2.0,590,1,0,2.487
4421,126.324692,37.677001,200,0,0,0,0.0,3.0,447,1,0,2.477
4422,126.326098,37.675743,200,0,1,1,5.0,3.0,446,1,0,2.455
4423,126.325803,37.6754,200,0,1,1,5.0,2.0,589,1,0,1.133
4424,126.324274,37.676379,200,0,0,0,0.0,2.0,585,1,0,1.074
4425,126.324102,37.675487,200,0,0,0,0.0,1.0,739,1,0,1.792
4426,126.324053,37.673737,200,0,0,0,0.0,0.0,4437,0,0,2.748
4427,126.324117,37.671936,200,0,0,0,0.0,0.0,4436,0,0,3.664
4428,126.32428,37.670315,200,0,0,0,0.0,0.0,4435,0,0,3.7
4429,126.324524,37.668816,200,0,0,0,0.0,2.0,584,1,0,3.475
4430,126.324594,37.667376,200,0,0,0,0.0,2.0,583,1,0,3.355
4431,126.324644,37.665836,200,0,2,2,10.0,2.0,582,1,0,3.311
4432,126.324521,37.664231,200,0,0,0,0.0,2.0,581,1,0,3.512
4433,126.324731,37.662588,200,0,0,0,0.0,2.0,580,1,0,3.559
4434,126.324623,37.661658,200,0,0,0,0.0,0.0,4457,0,0,3.339
4435,126.324547,37.659981,200,0,0,0,0.0,1.0,775,1,0,3.281
4436,126.324611,37.658181,200,0,0,0,0.0,1.0,776,1,0,3.336
4437,126.324689,37.656391,200,0,1,1,5.0,2.0,579,1,0,3.491
4438,126.324918,37.654934,200,0,0,0,0.0,2.0,578,1,0,3.532
4439,126.325039,37.653315,200,0,1,1,5.0,2.0,577,1,0,3.34
4440,126.325009,37.651903,200,0,0,0,0.0,1.0,750,1,0,3.478
4441,126.324895,37.650269,200,0,0,0,0.0,1.0,751,1,0,3.814
4442,126.325054,37.648895,200,0,0,0,0.0,0.0,4456,0,0,3.649
4443,126.325296,37.647368,200,0,0,0,0.0,0.0,4455,0,0,2.612
4444,126.327261,37.646818,200,0,0,0,0.0,0.0,4454,0,0,1.128
4445,126.329191,37.646632,200,0,0,0,0.0,3.0,491,1,0,-0.153
4446,126.33025,37.647414,200,0,0,0,0.0,3.0,490,1,0,1.26
4447,126.331948,37.647402,200,0,3,3,15.0,3.0,444,1,0,2.219
4448,126.331951,37.646335,200,0,0,0,0.0,3.0,445,1,0,-0.483
4449,126.332071,37.645644,200,0,0,0,0.0,3.0,460,1,0,-0.979
4450,126.333456,37.64547,200,0,0,0,0.0,0.0,4476,0,0,0.165
4451,126.335381,37.645091,200,0,0,0,0.0,1.0,736,1,0,1.165
4452,126.337223,37.644411,200,0,0,0,0.0,1.0,761,1,0,0.254
4453,126.33884,37.643935,200,0,1,1,5.0,2.0,564,1,0,-0.145
4454,126.340613,37.643614,200,0,0,0,0.0,2.0,563,1,0,-0.214
4455,126.342389,37.643493,200,0,1,1,5.0,6.0,350,1,0,-0.267
4456,126.344091,37.644252,200,0,0,0,0.0,5.0,380,1,0,-0.325
4457,126.345361,37.645265,200,0,4,4,20.0,5.0,381,1,0,1.623
4458,126.346579,37.644808,200,0,0,0,0.0,4.0,401,1,0,1.126
4459,126.348214,37.644292,200,0,0,0,0.0,4.0,400,1,0,0.871
4460,126.350054,37.643958,200,0,0,0,0.0,0.0,4475,0,0,0.641
4461,126.351912,37.644442,200,0,0,0,0.0,0.0,4474,0,0,0.423
4462,126.353395,37.645426,200,0,0,0,0.0,1.0,762,1,0,0.52
4463,126.354889,37.646383,200,0,0,0,0.0,2.0,559,1,0,0.425
4464,126.356281,37.647544,200,0,1,1,5.0,2.0,558,1,0,0.491
4465,126.357662,37.648618,200,0,1,1,5.0,3.0,476,1,0,0.334
4466,126.358878,37.649759,200,0,0,0,0.0,3.0,477,1,0,0.342
4467,126.360134,37.650975,200,0,1,1,5.0,2.0,557,1,0,0.525
4468,126.361684,37.652111,200,0,0,0,0.0,1.0,777,1,0,0.278
4469,126.363241,37.65342,200,0,0,0,0.0,1.0,778,1,0,0.24
4470,126.36456,37.654792,200,0,0,0,0.0,1.0,779,1,0,0.449
4471,126.366087,37.656076,200,0,0,0,0.0,2.0,556,1,0,0.286
4472,126.367429,37.657412,200,0,1,1,5.0,3.0,478,1,0,0.437
4473,126.3688,37.658735,200,0,1,1,5.0,3.0,479,1,0,0.444
4474,126.370249,37.660034,200,0,1,1,5.0,3.0,470,1,0,0.314
4475,126.371588,37.66135,200,0,0,0,0.0,2.0,567,1,0,0.374
4476,126.372843,37.662731,200,0,0,0,0.0,1.0,735,1,0,0.275
4477,126.374087,37.664086,200,0,0,0,0.0,0.0,4497,0,0,0.218
4478,126.375194,37.665425,200,0,0,0,0.0,0.0,4496,0,0,0.179
4479,126.376117,37.666761,200,0,0,0,0.0,0.0,4495,0,0,-0.017
4480,126.376851,37.668008,200,0,0,0,0.0,0.0,4494,0,0,0.005
4481,126.377525,37.66958,200,0,0,0,0.0,0.0,4493,0,0,0.104
4482,126.378209,37.671217,200,0,0,0,0.0,0.0,4513,0,0,0.118
4483,126.378812,37.672687,200,0,0,0,0.0,0.0,4512,0,0,-0.056
4484,126.379272,37.674094,200,0,0,0,0.0,0.0,4511,0,0,-0.064
4485,126.379675,37.675545,200,0,0,0,0.0,0.0,4510,0,0,-0.055
4486,126.380081,37.677005,200,0,0,0,0.0,0.0,4509,0,0,-0.117
4487,126.380226,37.678727,200,0,0,0,0.0,0.0,4508,0,0,-0.043
4488,126.38014,37.680426,200,0,0,0,0.0,0.0,4507,0,0,-0.313
4489,126.379778,37.681968,200,0,0,0,0.0,0.0,4506,0,0,-0.48
4490,126.380064,37.683097,200,0,0,0,0.0,0.0,4505,0,0,-1.542
4491,126.379296,37.683837,200,0,0,0,0.0,0.0,4504,0,0,-0.627
4492,126.378778,37.684552,200,0,0,0,0.0,0.0,4503,0,0,-0.355
4493,126.378271,37.684682,200,0,0,0,0.0,0.0,4502,0,0,0.143
4494,126.377561,37.68617,200,0,0,0,0.0,0.0,4501,0,0,-0.615
4495,126.376601,37.687484,200,0,0,0,0.0,0.0,4500,0,0,-0.773
4496,126.375273,37.688664,200,0,0,0,0.0,0.0,4499,0,0,-0.746
4497,126.373446,37.689496,200,0,0,0,0.0,0.0,4498,0,0,-0.592
4498,126.371395,37.689727,200,0,0,0,0.0,0.0,4529,0,0,-0.598
4499,126.369395,37.690207,200,0,0,0,0.0,0.0,4528,0,0,-0.548
4500,126.367729,37.691286,200,0,0,0,0.0,0.0,4527,0,0,-0.447
4501,126.367251,37.692939,200,0,0,0,0.0,0.0,4526,0,0,-0.389
4502,126.367389,37.694203,200,0,0,0,0.0,0.0,4525,0,0,-2.069
4503,126.365664,37.694928,200,0,0,0,0.0,0.0,4524,0,0,-1.028
4504,126.363748,37.695612,200,0,0,0,0.0,0.0,4523,0,0,-1.144
4505,126.361797,37.695494,200,0,0,0,0.0,0.0,4522,0,0,-0.998
4506,126.3602,37.694531,200,0,0,0,0.0,0.0,4521,0,0,-0.124
4507,126.358438,37.694226,200,0,0,0,0.0,0.0,4520,0,0,0.276
4508,126.357505,37.695404,200,0,0,0,0.0,0.0,4519,0,0,-1.544
4509,126.355895,37.695847,200,0,0,0,0.0,0.0,4518,0,0,-1.32
4510,126.353979,37.696031,200,0,0,0,0.0,0.0,4517,0,0,-1.176
4511,126.352036,37.695941,200,0,0,0,0.0,0.0,4516,0,0,-0.92
4512,126.349984,37.69615,200,0,0,0,0.0,0.0,4515,0,0,-1.086
4513,126.347963,37.696588,200,0,0,0,0.0,0.0,4514,0,0,-1.139
4514,126.346157,37.697058,200,0,0,0,0.0,0.0,4545,0,0,-1.027
4515,126.344291,37.697456,200,0,0,0,0.0,0.0,4544,0,0,-0.603
4516,126.34234,37.697813,200,0,0,0,0.0,0.0,4543,0,0,-0.514
4517,126.340624,37.698717,200,0,0,0,0.0,0.0,4542,0,0,-0.72
4518,126.338894,37.699505,200,0,0,0,0.0,0.0,4541,0,0,-0.55
4519,126.337284,37.70044,200,0,0,0,0.0,0.0,4540,0,0,-0.86
4520,126.335645,37.701528,200,0,0,0,0.0,0.0,4539,0,0,-0.709
4521,126.333922,37.702553,200,0,0,0,0.0,0.0,4538,0,0,-1.028
4522,126.332381,37.703782,200,0,0,0,0.0,0.0,4537,0,0,-0.668
4523,126.331107,37.704876,200,0,0,0,0.0,0.0,4536,0,0,-0.569
4524,126.329657,37.706013,200,0,0,0,0.0,0.0,4535,0,0,-0.963
4525,126.328237,37.707121,200,0,0,0,0.0,0.0,4534,0,0,-0.765
4526,126.326897,37.707984,200,0,0,0,0.0,0.0,4533,0,0,-0.778
4527,126.325697,37.708755,200,0,0,0,0.0,0.0,4532,0,0,-0.784
4528,126.323977,37.7092,220,0,0,0,0.0,0.0,4531,0,0,-0.257
4529,126.339774,37.557001,200,0,0,0,0.0,0.0,4530,0,0,-0.032
4530,126.339476,37.555513,200,0,0,0,0.0,0.0,4551,0,0,0.967
4531,126.339605,37.554056,200,0,0,0,0.0,0.0,4550,0,0,1.269
4532,126.338588,37.553091,200,0,0,0,0.0,0.0,4549,0,0,1.313
4533,126.337254,37.553102,200,0,0,0,0.0,0.0,4548,0,0,0.273
4534,126.335522,37.554019,200,0,0,0,0.0,0.0,4547,0,0,-0.507
4535,126.334168,37.554183,200,0,0,0,0.0,0.0,4546,0,0,-0.594
4536,126.333201,37.553455,200,0,0,0,0.0,2.0,523,1,0,0.016
4537,126.333319,37.552749,200,0,0,0,0.0,3.0,499,1,0,1.11
4538,126.332709,37.552118,200,0,2,2,10.0,3.0,505,1,0,1.121
4539,126.331277,37.551693,200,0,1,1,5.0,8.0,315,1,0,0.779
4540,126.330052,37.5522,200,0,0,0,0.0,13.0,234,1,0,0.265
4541,126.329016,37.553207,200,0,5,5,25.0,14.0,213,1,0,0.14
4542,126.328406,37.552242,200,0,5,5,25.0,15.0,204,1,0,2.624
4543,126.32847,37.550441,200,0,3,3,15.0,17.0,175,1,0,3.205
4544,126.328534,37.54864,200,0,2,2,10.0,16.0,184,1,0,2.717
4545,126.328599,37.54684,200,0,2,2,10.0,17.0,174,1,0,2.754
4546,126.328663,37.545039,200,0,4,4,20.0,17.0,176,1,0,2.888
4547,126.328727,37.543238,200,0,6,6,30.0,17.0,172,1,0,2.729
4548,126.328791,37.541437,200,0,3,3,15.0,15.0,194,1,0,3.393
4549,126.329103,37.539802,200,0,2,2,10.0,11.0,250,1,0,3.298
4550,126.329276,37.538178,200,0,0,0,0.0,5.0,385,1,0,3.087
4551,126.329166,37.536846,200,0,0,0,0.0,2.0,525,1,0,3.114
4552,126.329044,37.53538,200,0,0,0,0.0,2.0,524,1,0,3.186
4553,126.329071,37.533608,200,0,0,0,0.0,8.0,308,1,0,3.281
4554,126.329135,37.531807,200,0,2,2,10.0,10.0,279,1,0,2.717
4555,126.329199,37.530006,200,0,6,6,30.0,14.0,215,1,0,2.717
4556,126.329264,37.528205,200,0,2,2,10.0,20.0,130,1,0,2.717
4557,126.329328,37.526405,200,0,4,4,20.0,19.0,144,1,0,2.74
4558,126.329392,37.524604,200,0,6,6,30.0,13.0,233,1,0,3.717
4559,126.32961,37.522896,200,0,1,1,5.0,11.0,248,1,0,2.931
4560,126.331168,37.522129,200,0,0,0,0.0,9.0,300,1,0,1.351
4561,126.332971,37.521848,200,0,0,0,0.0,6.0,362,1,0,1.151
4562,126.334514,37.521296,200,0,2,2,10.0,9.0,291,1,0,1.192
4563,126.33621,37.520497,200,0,3,3,15.0,14.0,212,1,0,1.134
4564,126.337933,37.519608,200,0,4,4,20.0,20.0,129,1,0,0.965
4565,126.339736,37.519013,200,0,5,5,25.0,18.0,152,1,0,1.326
4566,126.341282,37.518442,200,0,6,6,30.0,15.0,202,1,0,1.681
4567,126.341746,37.517523,200,0,0,0,0.0,11.0,247,1,0,1.111
4568,126.342949,37.516202,200,0,0,0,0.0,6.0,358,1,0,0.683
4569,126.344683,37.515436,200,0,0,0,0.0,0.0,4592,0,0,1.166
4570,126.346278,37.514592,200,0,0,0,0.0,0.0,4591,0,0,0.667
4571,126.348135,37.514555,200,0,0,0,0.0,0.0,4590,0,0,0.937
4572,126.350227,37.514679,200,0,0,0,0.0,0.0,4589,0,0,1.114
4573,126.351998,37.514497,200,0,0,0,0.0,0.0,4588,0,0,1.582
4574,126.352712,37.514056,200,0,0,0,0.0,0.0,4587,0,0,1.436
4575,126.352908,37.512928,200,0,0,0,0.0,0.0,4586,0,0,-0.122
4576,126.353651,37.512471,200,0,0,0,0.0,0.0,4585,0,0,-0.85
4577,126.355204,37.513487,200,0,0,0,0.0,0.0,4584,0,0,0.053
4578,126.356443,37.514924,200,0,0,0,0.0,0.0,4609,0,0,0.777
4579,126.358066,37.516155,200,0,0,0,0.0,4.0,436,1,0,0.699
4580,126.359595,37.517199,200,0,0,0,0.0,4.0,434,1,0,0.113
4581,126.35931,37.518229,200,0,4,4,20.0,4.0,435,1,0,2.004
4582,126.360316,37.518018,200,0,0,0,0.0,4.0,439,1,0,1.493
4583,126.361863,37.51821,200,0,0,0,0.0,6.0,359,1,0,0.685
4584,126.363625,37.518522,200,0,0,0,0.0,2.0,521,1,0,0.337
4585,126.36467,37.519459,200,0,2,2,10.0,2.0,540,1,0,1.051
4586,126.36621,37.519807,200,0,0,0,0.0,2.0,539,1,0,0.687
4587,126.367996,37.520492,200,0,0,0,0.0,3.0,509,1,0,0.551
4588,126.36967,37.52119,200,0,0,0,0.0,12.0,235,1,0,0.126
4589,126.371235,37.522211,200,0,1,1,5.0,15.0,207,1,0,0.662
4590,126.372913,37.523039,200,0,11,11,55.0,16.0,181,1,0,0.787
4591,126.374599,37.52383,200,0,3,3,15.0,16.0,182,1,0,0.574
4592,126.376177,37.524732,200,0,1,1,5.0,16.0,183,1,0,0.45
4593,126.377578,37.525637,200,0,0,0,0.0,6.0,361,1,0,0.494
4594,126.379198,37.526683,200,0,1,1,5.0,3.0,450,1,0,0.69
4595,126.380976,37.527355,200,0,1,1,5.0,2.0,516,1,0,-0.21
4596,126.382459,37.528271,200,0,0,0,0.0,2.0,515,1,0,-1.152
4597,126.383517,37.529678,200,0,0,0,0.0,3.0,449,1,0,0.155
4598,126.384739,37.530914,200,0,0,0,0.0,2.0,514,1,0,-0.589
4599,126.384777,37.53209,200,0,2,2,10.0,3.0,510,1,0,-0.667
4600,126.384396,37.533577,200,0,0,0,0.0,5.0,395,1,0,-0.21
4601,126.384538,37.535375,200,0,1,1,5.0,5.0,397,1,0,-0.311
4602,126.384789,37.537042,200,0,2,2,10.0,3.0,506,1,0,-0.382
4603,126.384962,37.538668,200,0,0,0,0.0,3.0,511,1,0,-0.739
4604,126.384345,37.539887,200,0,0,0,0.0,2.0,522,1,0,-1.539
4605,126.383168,37.540585,200,0,0,0,0.0,0.0,4611,0,0,-1.186
4606,126.381475,37.541225,200,0,0,0,0.0,0.0,4610,0,0,0.467
4607,126.380111,37.542008,200,0,0,0,0.0,4.0,438,1,0,1.478
4608,126.378477,37.542395,200,0,0,0,0.0,4.0,441,1,0,2.217
4609,126.377883,37.542712,200,0,4,4,20.0,4.0,440,1,0,3.229
4610,126.379979,37.542519,200,0,0,0,0.0,4.0,437,1,0,1.929
4611,126.380833,37.542639,200,0,0,0,0.0,4.0,428,1,0,1.755
4612,126.38195,37.542318,200,0,0,0,0.0,0.0,4641,0,0,0.493
4613,126.383094,37.542716,200,0,0,0,0.0,0.0,4640,0,0,-0.157
4614,126.383036,37.543782,200,0,0,0,0.0,0.0,4639,0,0,1.895
4615,126.384563,37.543384,200,0,0,0,0.0,0.0,4638,0,0,-0.048
4616,126.385029,37.544536,200,0,0,0,0.0,0.0,4637,0,0,-0.505
4617,126.38508,37.545734,200,0,0,0,0.0,0.0,4636,0,0,-0.011
4618,126.38497,37.547055,200,0,0,0,0.0,0.0,4635,0,0,-0.252
4619,126.384333,37.548475,200,0,0,0,0.0,0.0,4634,0,0,-0.783
4620,126.382756,37.549369,200,0,0,0,0.0,0.0,4633,0,0,-0.461
4621,126.381029,37.549731,200,0,0,0,0.0,0.0,4632,0,0,0.841
4622,126.380571,37.550809,200,0,0,0,0.0,0.0,4631,0,0,-0.26
4623,126.379452,37.551769,200,0,0,0,0.0,0.0,4630,0,0,-0.391
4624,126.377958,37.552502,200,0,0,0,0.0,0.0,4629,0,0,-0.469
4625,126.376084,37.552295,200,0,0,0,0.0,0.0,4628,0,0,0.431
4626,126.375027,37.550981,200,0,0,0,0.0,0.0,4657,0,0,2.699
4627,126.374926,37.551404,200,0,0,0,0.0,0.0,4656,0,0,1.704
4628,126.374808,37.552408,200,0,0,0,0.0,0.0,4655,0,0,-0.213
4629,126.372749,37.552271,200,0,0,0,0.0,0.0,4654,0,0,0.17
4630,126.370638,37.551942,200,0,0,0,0.0,0.0,4653,0,0,-0.231
4631,126.369614,37.550649,200,0,0,0,0.0,0.0,4652,0,0,2.028
4632,126.369565,37.549012,200,0,0,0,0.0,0.0,4651,0,0,3.306
4633,126.369272,37.5488,200,0,0,0,0.0,0.0,4650,0,0,2.376
4634,126.3687,37.550338,200,0,0,0,0.0,0.0,4649,0,0,1.465
4635,126.368494,37.551711,200,0,0,0,0.0,0.0,4648,0,0,-0.385
4636,126.366918,37.55209,200,0,0,0,0.0,0.0,4647,0,0,-0.214
4637,126.365005,37.552077,200,0,0,0,0.0,0.0,4646,0,0,0.083
4638,126.362983,37.551982,200,0,0,0,0.0,0.0,4645,0,0,0.156
4639,126.361885,37.550766,200,0,0,0,0.0,0.0,4644,0,0,2.735
4640,126.361437,37.549648,200,0,0,0,0.0,0.0,4643,0,0,2.914
4641,126.361567,37.550925,200,0,0,0,0.0,0.0,4642,0,0,1.951
4642,126.361014,37.552196,200,0,0,0,0.0,0.0,4673,0,0,-0.164
4643,126.359187,37.552795,200,0,0,0,0.0,0.0,4672,0,0,-0.112
4644,126.357432,37.553233,200,0,0,0,0.0,0.0,4671,0,0,-0.019
4645,126.355597,37.553669,200,0,0,0,0.0,0.0,4670,0,0,-0.031
4646,126.353618,37.55417,200,0,0,0,0.0,0.0,4669,0,0,-0.095
4647,126.351669,37.554824,200,0,0,0,0.0,0.0,4668,0,0,-0.119
4648,126.349878,37.555603,200,0,0,0,0.0,0.0,4667,0,0,-0.158
4649,126.348115,37.556287,200,0,0,0,0.0,0.0,4666,0,0,-0.134
4650,126.346186,37.556801,200,0,0,0,0.0,0.0,4665,0,0,-0.192
4651,126.344299,37.556875,200,0,0,0,0.0,0.0,4664,0,0,-0.016
4652,126.34226,37.557178,280,0,0,0,0.0,0.0,4663,0,0,-0.075
4653,126.450385,37.418184,200,0,0,0,0.0,0.0,4662,0,0,1.132
4654,126.450009,37.417941,200,0,0,0,0.0,0.0,4661,0,0,0.96
4655,126.448543,37.418523,200,0,0,0,0.0,0.0,4660,0,0,-0.195
4656,126.446832,37.418212,200,0,0,0,0.0,0.0,4659,0,0,-0.482
4657,126.446386,37.417447,200,0,0,0,0.0,0.0,4658,0,0,0.665
4658,126.44484,37.417179,200,0,0,0,0.0,0.0,4689,0,0,-0.45
4659,126.443066,37.416291,200,0,0,0,0.0,0.0,4688,0,0,-0.267
4660,126.441388,37.415389,200,0,0,0,0.0,0.0,4687,0,0,-0.392
4661,126.439593,37.414574,200,0,0,0,0.0,0.0,4686,0,0,-0.241
4662,126.438004,37.413498,200,0,0,0,0.0,0.0,4685,0,0,-0.232
4663,126.436609,37.412465,200,0,0,0,0.0,0.0,4684,0,0,-0.242
4664,126.43668,37.411464,200,0,0,0,0.0,0.0,4683,0,0,1.552
4665,126.435067,37.411319,200,0,0,0,0.0,0.0,4682,0,0,0.436
4666,126.4332,37.411023,200,0,0,0,0.0,0.0,4681,0,0,0.323
4667,126.431221,37.410643,200,0,0,0,0.0,0.0,4680,0,0,0.131
4668,126.429069,37.410338,200,0,0,0,0.0,0.0,4679,0,0,0.128
4669,126.427024,37.410096,200,0,0,0,0.0,0.0,4678,0,0,0.217
4670,126.425283,37.409988,200,0,0,0,0.0,0.0,4677,0,0,0.197
4671,126.423217,37.410061,200,0,0,0,0.0,0.0,4676,0,0,0.145
4672,126.421163,37.410226,200,0,0,0,0.0,0.0,4675,0,0,-0.536
4673,126.419013,37.410237,200,0,0,0,0.0,0.0,4674,0,0,-0.889
4674,126.419537,37.409739,200,0,0,0,0.0,0.0,4692,0,0,0.399
4675,126.419865,37.409146,200,0,0,0,0.0,0.0,4691,0,0,1.717
4676,126.418636,37.409578,200,0,0,0,0.0,0.0,4690,0,0,0.463
4677,126.417769,37.40984,200,0,0,0,0.0,1.0,835,0,0,-0.137
4678,126.416504,37.410141,200,0,0,0,0.0,1.0,836,0,0,-0.106
4679,126.414704,37.410216,200,0,1,1,5.0,2.0,623,1,0,0.297
4680,126.413211,37.410772,200,0,0,0,0.0,2.0,622,1,0,-0.292
4681,126.411468,37.411649,200,0,1,1,5.0,2.0,621,1,0,-0.883
4682,126.409987,37.412479,200,0,0,0,0.0,1.0,640,1,0,-1.237
4683,126.408164,37.412913,200,0,0,0,0.0,2.0,513,1,0,-1.573
4684,126.406771,37.411974,200,0,0,0,0.0,1.0,635,1,0,-0.326
4685,126.405034,37.411283,200,0,1,1,5.0,1.0,634,1,0,-1.306
4686,126.403987,37.409974,200,0,0,0,0.0,2.0,632,1,0,-0.717
4687,126.403492,37.40876,200,0,0,0,0.0,2.0,633,1,0,-0.641
4688,126.404036,37.407639,200,0,1,1,5.0,1.0,652,1,0,1.01
4689,126.403055,37.406289,200,0,0,0,0.0,1.0,837,0,0,0.192
4690,126.402511,37.404941,200,0,0,0,0.0,1.0,831,0,0,0.811
4691,126.401719,37.403524,200,0,0,0,0.0,0.0,4715,0,0,0.837
4692,126.400347,37.402636,200,0,0,0,0.0,0.0,4714,0,0,1.419
4693,126.39978,37.402887,200,0,0,0,0.0,0.0,4713,0,0,0.882
4694,126.399861,37.403617,200,0,0,0,0.0,0.0,4712,0,0,-0.577
4695,126.398866,37.40422,200,0,0,0,0.0,0.0,4711,0,0,-0.414
4696,126.397171,37.405099,200,0,0,0,0.0,0.0,4710,0,0,-1.065
4697,126.39552,37.405587,200,0,0,0,0.0,0.0,4709,0,0,-1.335
4698,126.39349,37.40579,200,0,0,0,0.0,1.0,832,0,0,-1.782
4699,126.392315,37.404903,200,0,0,0,0.0,1.0,833,0,0,-0.559
4700,126.391075,37.403697,200,0,1,1,5.0,1.0,834,0,0,-0.38
4701,126.389344,37.403109,200,0,0,0,0.0,3.0,448,1,0,-1.392
4702,126.388861,37.401666,200,0,0,0,0.0,3.0,488,1,0,-0.302
4703,126.389086,37.400219,200,0,2,2,10.0,3.0,453,1,0,0.158
4704,126.388605,37.398724,200,0,0,0,0.0,3.0,486,1,0,-0.712
4705,126.388378,37.397674,200,0,1,1,5.0,8.0,319,1,0,-0.557
4706,126.389241,37.396319,200,0,0,0,0.0,7.0,337,1,0,-0.934
4707,126.390738,37.396154,200,0,5,5,25.0,7.0,326,1,0,-0.358
4708,126.392322,37.396131,200,0,1,1,5.0,6.0,346,1,0,0.448
4709,126.393285,37.396155,200,0,0,0,0.0,7.0,322,1,0,-0.815
4710,126.394063,37.397369,200,0,0,0,0.0,2.0,533,1,0,-0.143
4711,126.394419,37.398855,200,0,1,1,5.0,1.0,814,1,0,-0.122
4712,126.3951,37.400461,200,0,0,0,0.0,2.0,532,1,0,0.177
4713,126.396006,37.401628,200,0,0,0,0.0,2.0,531,1,0,1.123
4714,126.396821,37.402129,200,0,1,1,5.0,1.0,815,1,0,1.678
4715,126.398023,37.401681,200,0,0,0,0.0,1.0,816,1,0,1.006
4716,126.398189,37.400609,200,0,0,0,0.0,3.0,481,1,0,-1.144
4717,126.399113,37.401034,200,0,0,0,0.0,2.0,530,1,0,0.781
4718,126.400771,37.400215,200,0,2,2,10.0,2.0,529,1,0,1.674
4719,126.400612,37.398853,200,0,0,0,0.0,2.0,548,1,0,0.47
4720,126.400154,37.397547,200,0,0,0,0.0,2.0,547,1,0,0.683
4721,126.399501,37.396377,200,0,0,0,0.0,0.0,4732,0,0,0.72
4722,126.398089,37.395481,200,0,0,0,0.0,0.0,4750,0,0,-0.124
4723,126.39634,37.394554,200,0,0,0,0.0,0.0,4749,0,0,-0.379
4724,126.395449,37.393361,200,0,0,0,0.0,1.0,722,1,0,-0.012
4725,126.395792,37.391913,200,0,0,0,0.0,1.0,723,1,0,-0.52
4726,126.396873,37.390838,200,0,1,1,5.0,1.0,724,1,0,0.011
4727,126.397898,37.389911,200,0,0,0,0.0,1.0,725,1,0,-0.816
4728,126.398288,37.390005,200,0,0,0,0.0,2.0,598,1,0,-1.01
4729,126.399226,37.390565,200,0,0,0,0.0,3.0,458,1,0,0.492
4730,126.400997,37.390971,200,0,1,1,5.0,9.0,297,1,0,0.603
4731,126.402269,37.390938,200,0,2,2,10.0,10.0,277,1,0,0.119
4732,126.403942,37.391177,200,0,6,6,30.0,12.0,241,1,0,1.296
4733,126.405206,37.390221,200,0,1,1,5.0,13.0,232,1,0,0.684
4734,126.4063,37.389196,200,0,2,2,10.0,11.0,257,1,0,0.381
4735,126.407794,37.388119,200,0,2,2,10.0,9.0,296,1,0,1.293
4736,126.408413,37.386608,200,0,0,0,0.0,10.0,276,1,0,0.744
4737,126.408689,37.385039,200,0,4,4,20.0,8.0,314,1,0,1.198
4738,126.408419,37.383915,200,0,2,2,10.0,7.0,329,1,0,0.675
4739,126.40767,37.383131,200,0,0,0,0.0,7.0,330,1,0,0.393
4740,126.40787,37.381651,200,0,1,1,5.0,4.0,417,1,0,0.869
4741,126.407934,37.38005,200,0,0,0,0.0,2.0,570,1,0,0.596
4742,126.408486,37.378472,200,0,1,1,5.0,3.0,468,1,0,0.693
4743,126.408973,37.376867,200,0,0,0,0.0,2.0,569,1,0,0.544
4744,126.409321,37.375479,200,0,1,1,5.0,2.0,568,1,0,0.96
4745,126.407912,37.374143,200,0,0,0,0.0,4.0,420,1,0,-0.494
4746,126.407087,37.372918,200,0,0,0,0.0,5.0,388,1,0,-0.705
4747,126.407934,37.371616,200,0,3,3,15.0,7.0,339,1,0,0.49
4748,126.409182,37.370213,200,0,1,1,5.0,10.0,278,1,0,0.185
4749,126.410677,37.368965,200,0,3,3,15.0,21.0,117,1,0,0.911
4750,126.411989,37.3677,200,0,3,3,15.0,20.0,133,1,0,0.732
4751,126.413235,37.366406,200,0,11,11,55.0,23.0,109,1,0,-0.229
4752,126.414826,37.365536,200,0,2,2,10.0,20.0,131,1,0,-0.123
4753,126.416642,37.364898,200,0,4,4,20.0,18.0,160,1,0,-0.719
4754,126.41868,37.365244,200,0,0,0,0.0,10.0,269,1,0,-0.466
4755,126.420323,37.366006,200,0,1,1,5.0,10.0,268,1,0,-0.371
4756,126.421792,37.366639,200,0,3,3,15.0,9.0,286,1,0,0.694
4757,126.423351,37.366344,200,0,2,2,10.0,14.0,208,1,0,-1.214
4758,126.424896,37.367365,200,0,3,3,15.0,16.0,179,1,0,-0.236
4759,126.426756,37.368043,200,0,5,5,25.0,15.0,205,1,0,-0.041
4760,126.428648,37.368387,200,0,3,3,15.0,17.0,163,1,0,-0.129
4761,126.430643,37.368543,200,0,2,2,10.0,15.0,203,1,0,0.105
4762,126.4327,37.368483,200,0,4,4,20.0,10.0,267,1,0,-0.789
4763,126.434321,37.369234,200,0,1,1,5.0,10.0,265,1,0,-1.24
4764,126.43522,37.370559,200,0,0,0,0.0,8.0,307,1,0,-0.951
4765,126.435828,37.371921,200,0,3,3,15.0,4.0,406,1,0,-0.962
4766,126.435324,37.372393,200,0,0,0,0.0,5.0,391,1,0,-0.18
4767,126.434848,37.372795,200,0,0,0,0.0,5.0,386,1,0,1.124
4768,126.435599,37.373525,200,0,2,2,10.0,4.0,414,1,0,-0.088
4769,126.435634,37.374536,200,0,0,0,0.0,4.0,407,1,0,1.367
4770,126.43743,37.374424,200,0,2,2,10.0,4.0,416,1,0,-0.598
4771,126.437488,37.374853,200,0,0,0,0.0,4.0,432,1,0,-0.368
4772,126.439132,37.375674,200,0,0,0,0.0,4.0,402,1,0,-0.513
4773,126.44046,37.376729,200,0,2,2,10.0,2.0,593,1,0,-1.37
4774,126.440727,37.378006,200,0,0,0,0.0,2.0,592,1,0,-1.269
4775,126.439744,37.379068,200,0,0,0,0.0,2.0,591,1,0,-1.188
4776,126.437939,37.379577,200,0,0,0,0.0,0.0,4787,0,0,0.734
4777,126.437604,37.380431,200,0,0,0,0.0,1.0,729,1,0,1.748
4778,126.439228,37.380861,200,0,0,0,0.0,1.0,730,1,0,0.654
4779,126.441078,37.381083,200,0,1,1,5.0,1.0,731,1,0,0.093
4780,126.442655,37.38139,200,0,0,0,0.0,1.0,758,1,0,-0.684
4781,126.442951,37.382381,200,0,0,0,0.0,1.0,759,1,0,-0.393
4782,126.443427,37.383298,200,0,0,0,0.0,0.0,4786,0,0,0.248
4783,126.443912,37.384631,200,0,0,0,0.0,0.0,4785,0,0,-1.099
4784,126.443752,37.386303,200,0,0,0,0.0,0.0,4784,0,0,-1.171
4785,126.443389,37.387872,200,0,0,0,0.0,0.0,4783,0,0,-1.124
4786,126.443748,37.389086,200,0,0,0,0.0,0.0,4808,0,0,-1.096
4787,126.443167,37.39038,200,0,0,0,0.0,0.0,4807,0,0,-1.567
4788,126.441337,37.39111,200,0,0,0,0.0,0.0,4806,0,0,-1.65
4789,126.441052,37.390388,200,0,0,0,0.0,0.0,4805,0,0,-0.114
4790,126.441933,37.389169,200,0,0,0,0.0,0.0,4804,0,0,0.303
4791,126.44242,37.388386,200,0,0,0,0.0,1.0,717,1,0,0.483
4792,126.441102,37.387558,200,0,0,0,0.0,1.0,718,1,0,1.435
4793,126.439926,37.387374,200,0,1,1,5.0,1.0,719,1,0,1.813
4794,126.440327,37.388077,200,0,0,0,0.0,1.0,720,1,0,0.918
4795,126.439828,37.389338,200,0,0,0,0.0,2.0,600,1,0,-0.183
4796,126.438586,37.390237,200,0,0,0,0.0,1.0,721,1,0,-0.552
4797,126.43686,37.390003,200,0,1,1,5.0,2.0,555,1,0,0.662
4798,126.435624,37.390743,200,0,0,0,0.0,2.0,554,1,0,-0.439
4799,126.434281,37.390716,200,0,1,1,5.0,2.0,596,1,0,0.258
4800,126.432971,37.39099,200,0,0,0,0.0,2.0,595,1,0,-0.092
4801,126.431424,37.391157,200,0,0,0,0.0,2.0,594,1,0,0.106
4802,126.42982,37.391851,200,0,1,1,5.0,3.0,495,1,0,0.151
4803,126.42978,37.392978,200,0,0,0,0.0,3.0,480,1,0,-0.627
4804,126.429141,37.393933,200,0,2,2,10.0,3.0,494,1,0,-0.629
4805,126.428104,37.395127,200,0,0,0,0.0,2.0,576,1,0,-0.355
4806,126.427093,37.396461,200,0,0,0,0.0,2.0,575,1,0,-0.773
4807,126.425701,37.397339,200,0,0,0,0.0,0.0,4819,0,0,-0.001
4808,126.424648,37.398457,200,0,0,0,0.0,0.0,4818,0,0,-0.078
4809,126.423608,37.399899,200,0,0,0,0.0,0.0,4817,0,0,-0.186
4810,126.423007,37.400805,200,0,0,0,0.0,0.0,4816,0,0,-0.335
4811,126.421909,37.401827,200,0,0,0,0.0,0.0,4815,0,0,-0.274
4812,126.420237,37.402191,200,0,0,0,0.0,0.0,4814,0,0,0.023
4813,126.418651,37.403205,200,0,0,0,0.0,0.0,4813,0,0,-0.7
4814,126.416939,37.403901,200,0,0,0,0.0,0.0,4812,0,0,-0.047
4815,126.415813,37.404563,200,0,0,0,0.0,0.0,4811,0,0,0.816
4816,126.41543,37.405476,200,0,0,0,0.0,0.0,4810,0,0,0.574
4817,126.415817,37.406124,200,0,0,0,0.0,0.0,4809,0,0,0.775
4818,126.41638,37.406766,200,0,0,0,0.0,0.0,4835,0,0,0.362
4819,126.417017,37.407491,200,0,0,0,0.0,0.0,4834,0,0,2.106
4820,126.417563,37.406681,200,0,0,0,0.0,0.0,4833,0,0,0.991
4821,126.418819,37.406498,200,0,0,0,0.0,0.0,4832,0,0,1.227
4822,126.419689,37.405933,200,0,0,0,0.0,0.0,4831,0,0,1.032
4823,126.42064,37.405222,200,0,0,0,0.0,0.0,4830,0,0,1.107
4824,126.42122,37.404621,200,0,0,0,0.0,0.0,4829,0,0,1.31
4825,126.42149,37.403739,200,0,0,0,0.0,0.0,4828,0,0,0.261
4826,126.421835,37.403444,200,0,0,0,0.0,0.0,4827,0,0,1.168
4827,126.422752,37.402328,200,0,0,0,0.0,0.0,4826,0,0,0.746
4828,126.424216,37.403116,200,0,0,0,0.0,0.0,4825,0,0,0.774
4829,126.42518,37.403788,200,0,0,0,0.0,0.0,4824,0,0,1.377
4830,126.426217,37.403734,200,0,0,0,0.0,0.0,4823,0,0,2.388
4831,126.427031,37.403371,200,0,0,0,0.0,0.0,4822,0,0,1.505
4832,126.426473,37.40272,200,0,0,0,0.0,0.0,4821,0,0,0.709
4833,126.427297,37.401863,200,0,0,0,0.0,0.0,4820,0,0,-0.31
4834,126.428755,37.402291,200,0,0,0,0.0,0.0,4851,0,0,0.914
4835,126.429984,37.402057,200,0,0,0,0.0,0.0,4850,0,0,1.113
4836,126.430894,37.401437,200,0,0,0,0.0,0.0,4849,0,0,0.409
4837,126.432446,37.401091,200,0,0,0,0.0,0.0,4848,0,0,1.807
4838,126.43358,37.400167,200,0,0,0,0.0,0.0,4847,0,0,2.173
4839,126.43206,37.399728,200,0,0,0,0.0,0.0,4846,0,0,-0.581
4840,126.431621,37.398892,200,0,0,0,0.0,0.0,4845,0,0,-0.032
4841,126.432404,37.398223,200,0,0,0,0.0,0.0,4844,0,0,1.017
4842,126.432966,37.396998,200,0,0,0,0.0,0.0,4843,0,0,1.584
4843,126.433039,37.396341,200,0,0,0,0.0,0.0,4842,0,0,0.508
4844,126.431909,37.39589,200,0,0,0,0.0,0.0,4841,0,0,-1.627
4845,126.430859,37.395586,200,0,0,0,0.0,0.0,4840,0,0,-1.998
4846,126.432382,37.39534,200,0,0,0,0.0,0.0,4839,0,0,-0.791
4847,126.434134,37.395369,200,0,0,0,0.0,0.0,4838,0,0,0.49
4848,126.435659,37.39531,200,0,0,0,0.0,0.0,4837,0,0,0.352
4849,126.435382,37.395967,200,0,0,0,0.0,0.0,4836,0,0,1.6
4850,126.436599,37.395556,200,0,0,0,0.0,0.0,4867,0,0,2.342
4851,126.436671,37.394939,200,0,0,0,0.0,0.0,4866,0,0,0.603
4852,126.435638,37.394785,200,0,0,0,0.0,0.0,4865,0,0,-0.526
4853,126.435087,37.394498,200,0,0,0,0.0,0.0,4864,0,0,-0.333
4854,126.436779,37.39416,200,0,0,0,0.0,0.0,4863,0,0,1.111
4855,126.437059,37.393453,200,0,0,0,0.0,0.0,4862,0,0,-0.047
4856,126.435785,37.393213,200,0,0,0,0.0,0.0,4861,0,0,-0.824
4857,126.436223,37.392315,200,0,0,0,0.0,0.0,4860,0,0,-0.753
4858,126.437793,37.392589,200,0,0,0,0.0,0.0,4859,0,0,-0.641
4859,126.439172,37.392865,200,0,0,0,0.0,0.0,4858,0,0,-1.71
4860,126.438219,37.393815,200,0,0,0,0.0,0.0,4857,0,0,-0.121
4861,126.438772,37.394475,200,0,0,0,0.0,0.0,4856,0,0,0.216
4862,126.438954,37.395176,200,0,0,0,0.0,0.0,4855,0,0,0.936
4863,126.440468,37.394982,200,0,0,0,0.0,0.0,4854,0,0,-1.446
4864,126.439709,37.395947,200,0,0,0,0.0,0.0,4853,0,0,-0.735
4865,126.438417,37.397021,200,0,0,0,0.0,0.0,4852,0,0,1.275
4866,126.437734,37.397954,200,0,0,0,0.0,0.0,4894,0,0,2.651
4867,126.439098,37.397145,200,0,0,0,0.0,0.0,4893,0,0,0.518
4868,126.440318,37.396396,200,0,0,0,0.0,0.0,4892,0,0,-1.492
4869,126.439503,37.397447,200,0,0,0,0.0,0.0,4891,0,0,0.336
4870,126.439674,37.398666,200,0,0,0,0.0,0.0,4890,0,0,1.91
4871,126.440514,37.397978,200,0,0,0,0.0,0.0,4889,0,0,1.204
4872,126.442007,37.397848,200,0,0,0,0.0,0.0,4888,0,0,-0.445
4873,126.441811,37.3984,200,0,0,0,0.0,0.0,4887,0,0,-0.033
4874,126.442228,37.398816,200,0,0,0,0.0,0.0,4886,0,0,1.252
4875,126.444116,37.398219,200,0,0,0,0.0,0.0,4885,0,0,-0.985
4876,126.444033,37.398899,200,0,0,0,0.0,0.0,4884,0,0,-1.351
4877,126.443685,37.399587,200,0,0,0,0.0,1.0,732,1,0,-0.181
4878,126.442828,37.400307,200,0,0,0,0.0,1.0,733,1,0,1.129
4879,126.443195,37.401115,200,0,1,1,5.0,1.0,734,1,0,2.54
4880,126.444151,37.400408,200,0,0,0,0.0,1.0,753,1,0,1.605
4881,126.445351,37.400073,200,0,0,0,0.0,1.0,754,1,0,-0.092
4882,126.445786,37.400758,200,0,0,0,0.0,0.0,4910,0,0,0.68
4883,126.446856,37.40092,200,0,0,0,0.0,0.0,4909,0,0,1.79
4884,126.448536,37.40013,200,0,0,0,0.0,0.0,4908,0,0,1.146
4885,126.448876,37.399494,200,0,0,0,0.0,0.0,4907,0,0,-0.224
4886,126.449018,37.39839,200,0,0,0,0.0,0.0,4906,0,0,-1.228
4887,126.449629,37.398289,200,0,0,0,0.0,0.0,4905,0,0,-2.02
4888,126.4501,37.399836,200,0,0,0,0.0,0.0,4904,0,0,-0.689
4889,126.450296,37.401426,200,0,0,0,0.0,0.0,4903,0,0,-0.349
4890,126.449934,37.402911,200,0,0,0,0.0,0.0,4902,0,0,-0.24
4891,126.448842,37.404147,200,0,0,0,0.0,0.0,4901,0,0,0.588
4892,126.447997,37.405177,200,0,0,0,0.0,0.0,4900,0,0,2.317
4893,126.449141,37.404842,200,0,0,0,0.0,0.0,4899,0,0,0.97
4894,126.449942,37.405421,200,0,0,0,0.0,0.0,4898,0,0,-0.804
4895,126.449334,37.40694,200,0,0,0,0.0,0.0,4897,0,0,0.876
4896,126.449294,37.407628,200,0,0,0,0.0,0.0,4896,0,0,2.004
4897,126.450724,37.407234,200,0,0,0,0.0,0.0,4895,0,0,-0.022
4898,126.450753,37.408152,200,0,0,0,0.0,0.0,4926,0,0,0.028
4899,126.449698,37.409409,200,0,0,0,0.0,0.0,4925,0,0,2.248
4900,126.450493,37.409136,200,0,0,0,0.0,0.0,4924,0,0,2.918
4901,126.451835,37.408319,200,0,0,0,0.0,0.0,4923,0,0,0.734
4902,126.452951,37.408464,200,0,0,0,0.0,0.0,4922,0,0,-0.871
4903,126.453303,37.409655,200,0,0,0,0.0,0.0,4921,0,0,-0.024
4904,126.452565,37.410949,200,0,0,0,0.0,0.0,4920,0,0,1.359
4905,126.451227,37.412224,200,0,0,0,0.0,0.0,4919,0,0,2.432
4906,126.451881,37.412052,200,0,0,0,0.0,0.0,4918,0,0,3.296
4907,126.453233,37.410758,200,0,0,0,0.0,0.0,4917,0,0,1.159
4908,126.454071,37.410719,200,0,0,0,0.0,0.0,4916,0,0,0.102
4909,126.454632,37.411404,200,0,0,0,0.0,0.0,4915,0,0,-1.025
4910,126.453761,37.412921,200,0,0,0,0.0,0.0,4914,0,0,0.948
4911,126.453937,37.413501,200,0,0,0,0.0,0.0,4913,0,0,2.027
4912,126.454871,37.412958,200,0,0,0,0.0,0.0,4912,0,0,0.45
4913,126.45532,37.413692,200,0,0,0,0.0,0.0,4911,0,0,0.538
4914,126.455661,37.414144,200,0,0,0,0.0,0.0,4942,0,0,1.878
4915,126.456375,37.41288,200,0,0,0,0.0,0.0,4941,0,0,-1.208
4916,126.456737,37.413384,200,0,0,0,0.0,0.0,4940,0,0,-0.882
4917,126.457518,37.414198,200,0,0,0,0.0,0.0,4939,0,0,1.222
4918,126.458634,37.413897,200,0,0,0,0.0,0.0,4938,0,0,0.535
4919,126.459338,37.413348,200,0,0,0,0.0,0.0,4937,0,0,-1.238
4920,126.459861,37.413941,200,0,0,0,0.0,0.0,4936,0,0,-0.507
4921,126.46058,37.414831,200,0,0,0,0.0,0.0,4935,0,0,-0.807
4922,126.460177,37.415558,200,0,0,0,0.0,0.0,4934,0,0,-0.436
4923,126.460172,37.416275,200,0,0,0,0.0,0.0,4933,0,0,-0.811
4924,126.458703,37.416701,200,0,0,0,0.0,0.0,4932,0,0,1.027
4925,126.458429,37.417074,200,0,0,0,0.0,0.0,4931,0,0,1.33
4926,126.458235,37.4182,200,0,0,0,0.0,0.0,4930,0,0,-1.021
4927,126.456702,37.418554,200,0,0,0,0.0,0.0,4929,0,0,-0.656
4928,126.455354,37.418644,200,0,0,0,0.0,0.0,4928,0,0,-0.751
4929,126.454025,37.418505,200,0,0,0,0.0,0.0,4927,0,0,-0.229
4930,126.452247,37.418666,240,0,0,0,0.0,0.0,4958,0,0,-0.547
4931,126.448647,37.54758,200,0,0,0,0.0,0.0,4957,0,0,0.029
4932,126.446982,37.546831,200,0,0,0,0.0,0.0,4956,0,0,1.259
4933,126.446028,37.54529,200,0,0,0,0.0,0.0,4955,0,0,2.499
4934,126.444526,37.544299,200,0,0,0,0.0,0.0,4954,0,0,2.124
4935,126.442638,37.543632,200,0,0,0,0.0,0.0,4953,0,0,1.907
4936,126.44081,37.542756,200,0,0,0,0.0,0.0,4952,0,0,1.716
4937,126.438986,37.541773,200,0,0,0,0.0,0.0,4951,0,0,1.491
4938,126.437514,37.540446,200,0,0,0,0.0,0.0,4950,0,0,1.448
4939,126.436582,37.539063,200,0,0,0,0.0,0.0,4949,0,0,0.896
4940,126.436204,37.53809,200,0,0,0,0.0,0.0,4948,0,0,-0.53
4941,126.437357,37.537695,200,0,0,0,0.0,0.0,4947,0,0,0.831
4942,126.438446,37.537398,200,0,0,0,0.0,0.0,4946,0,0,1.626
4943,126.438519,37.536237,200,0,0,0,0.0,0.0,4945,0,0,0.217
4944,126.438831,37.535856,200,0,0,0,0.0,0.0,4944,0,0,0.306
4945,126.440153,37.535834,200,0,0,0,0.0,0.0,4943,0,0,2.247
4946,126.439723,37.535347,200,0,0,0,0.0,0.0,4974,0,0,0.837
4947,126.438341,37.534511,200,0,0,0,0.0,0.0,4973,0,0,-0.638
4948,126.438065,37.533514,200,0,0,0,0.0,0.0,4972,0,0,-0.967
4949,126.439228,37.533899,200,0,0,0,0.0,0.0,4971,0,0,0.418
4950,126.440749,37.53439,200,0,0,0,0.0,0.0,4970,0,0,1.45
4951,126.442157,37.534668,200,0,0,0,0.0,0.0,4969,0,0,2.489
4952,126.442991,37.534522,200,0,0,0,0.0,0.0,4968,0,0,2.727
4953,126.441575,37.533776,200,0,0,0,0.0,0.0,4967,0,0,1.952
4954,126.440556,37.533614,200,0,0,0,0.0,0.0,4966,0,0,1.184
4955,126.439465,37.532886,200,0,0,0,0.0,0.0,4965,0,0,0.794
4956,126.438638,37.531984,200,0,0,0,0.0,0.0,4964,0,0,0.571
4957,126.437737,37.531298,200,0,0,0,0.0,0.0,4963,0,0,-0.112
4958,126.437016,37.530481,200,0,0,0,0.0,0.0,4962,0,0,0.877
4959,126.436296,37.529737,200,0,0,0,0.0,0.0,4961,0,0,0.782
4960,126.434921,37.529773,200,0,0,0,0.0,0.0,4960,0,0,-1.281
4961,126.434504,37.529237,200,0,0,0,0.0,0.0,4959,0,0,-0.562
4962,126.434902,37.528599,200,0,0,0,0.0,0.0,4981,0,0,0.67
4963,126.434142,37.527582,200,0,0,0,0.0,0.0,4980,0,0,1.239
4964,126.433031,37.527115,200,0,0,0,0.0,0.0,4979,0,0,0.342
4965,126.43253,37.528251,200,0,0,0,0.0,0.0,4978,0,0,-0.942
4966,126.431863,37.527276,200,0,0,0,0.0,0.0,4977,0,0,0.145
4967,126.43142,37.525815,200,0,0,0,0.0,0.0,4976,0,0,0.238
4968,126.430835,37.524361,200,0,0,0,0.0,0.0,4975,0,0,0.777
4969,126.43012,37.522881,200,0,0,0,0.0,1.0,682,1,0,0.895
4970,126.429455,37.521408,200,0,0,0,0.0,1.0,683,1,0,1.189
4971,126.428531,37.520271,200,0,1,1,5.0,1.0,684,1,0,0.85
4972,126.426863,37.519378,200,0,0,0,0.0,1.0,685,1,0,0.516
4973,126.425016,37.518641,200,0,0,0,0.0,1.0,686,1,0,-0.122
4974,126.42332,37.517637,200,0,0,0,0.0,1.0,687,1,0,-0.651
4975,126.42341,37.516624,200,0,0,0,0.0,4.0,405,1,0,-0.234
4976,126.425319,37.516207,200,0,1,1,5.0,4.0,404,1,0,-0.052
4977,126.427302,37.516362,200,0,3,3,15.0,4.0,422,1,0,1.001
4978,126.428676,37.51585,200,0,0,0,0.0,6.0,349,1,0,0.714
4979,126.430598,37.515502,200,0,0,0,0.0,7.0,334,1,0,0.04
4980,126.432353,37.515121,200,0,2,2,10.0,4.0,399,1,0,-0.313
4981,126.434424,37.51491,200,0,2,2,10.0,5.0,383,1,0,-0.072
4982,126.436367,37.514596,200,0,0,0,0.0,5.0,382,1,0,0.475
4983,126.438332,37.514235,200,0,1,1,5.0,3.0,461,1,0,0.483
4984,126.439869,37.513925,200,0,0,0,0.0,1.0,726,1,0,0.411
4985,126.441899,37.513986,200,0,0,0,0.0,1.0,727,1,0,1.055
4986,126.444159,37.513919,200,0,0,0,0.0,0.0,5003,0,0,1.018
4987,126.446352,37.513796,200,0,0,0,0.0,0.0,5002,0,0,1.136
4988,126.448453,37.51354,200,0,0,0,0.0,0.0,5001,0,0,0.988
4989,126.450578,37.5133,200,0,0,0,0.0,0.0,5000,0,0,1.143
4990,126.452375,37.512938,200,0,0,0,0.0,0.0,4999,0,0,0.921
4991,126.454318,37.512524,200,0,0,0,0.0,0.0,4998,0,0,0.985
4992,126.456078,37.51213,200,0,0,0,0.0,1.0,728,1,0,0.887
4993,126.457944,37.511836,200,0,0,0,0.0,2.0,597,1,0,0.938
4994,126.460004,37.511587,200,0,1,1,5.0,2.0,620,1,0,1.08
4995,126.461956,37.511324,200,0,1,1,5.0,2.0,619,1,0,0.752
4996,126.464153,37.511247,200,0,0,0,0.0,2.0,618,1,0,0.363
4997,126.466385,37.511202,200,0,0,0,0.0,1.0,657,1,0,0.694
4998,126.468328,37.51138,200,0,0,0,0.0,0.0,5015,0,0,0.471
4999,126.470201,37.512027,200,0,0,0,0.0,0.0,5014,0,0,-0.946
5000,126.470975,37.513316,200,0,0,0,0.0,0.0,5013,0,0,0.045
5001,126.472081,37.514577,200,0,0,0,0.0,0.0,5012,0,0,0.165
5002,126.472861,37.516084,200,0,0,0,0.0,0.0,5011,0,0,-0.02
5003,126.473149,37.517679,200,0,0,0,0.0,0.0,5010,0,0,-0.08
5004,126.473184,37.519481,200,0,0,0,0.0,0.0,5009,0,0,0.152
5005,126.47322,37.521282,200,0,0,0,0.0,0.0,5008,0,0,-0.07
5006,126.473255,37.523084,200,0,0,0,0.0,0.0,5007,0,0,0.041
5007,126.473372,37.524822,200,0,0,0,0.0,0.0,5006,0,0,0.193
5008,126.473578,37.526511,200,0,0,0,0.0,0.0,5005,0,0,0.033
5009,126.473787,37.528213,200,0,0,0,0.0,0.0,5004,0,0,-0.065
5010,126.474159,37.529836,200,0,0,0,0.0,0.0,5030,0,0,-0.246
5011,126.474338,37.531557,200,0,0,0,0.0,0.0,5029,0,0,-0.133
5012,126.474542,37.533227,200,0,0,0,0.0,0.0,5028,0,0,-0.107
5013,126.474719,37.534816,200,0,0,0,0.0,0.0,5027,0,0,-0.09
5014,126.474563,37.536603,200,0,0,0,0.0,0.0,5026,0,0,-0.339
5015,126.474211,37.538218,200,0,0,0,0.0,0.0,5025,0,0,-0.382
5016,126.473784,37.539575,200,0,0,0,0.0,0.0,5024,0,0,-0.133
5017,126.473238,37.541036,200,0,0,0,0.0,0.0,5023,0,0,-0.134
5018,126.472589,37.542582,200,0,0,0,0.0,0.0,5022,0,0,-0.227
5019,126.471963,37.543974,200,0,0,0,0.0,0.0,5021,0,0,-0.297
5020,126.47119,37.545145,200,0,0,0,0.0,0.0,5020,0,0,-0.96
5021,126.46956,37.545074,200,0,0,0,0.0,0.0,5019,0,0,0.45
5022,126.468355,37.544977,200,0,0,0,0.0,0.0,5018,0,0,0.185
5023,126.46628,37.545158,200,0,0,0,0.0,0.0,5017,0,0,-0.081
5024,126.464095,37.545273,200,0,0,0,0.0,0.0,5016,0,0,0.068
5025,126.461999,37.545591,200,0,0,0,0.0,1.0,716,1,0,0.03
5026,126.460149,37.546006,200,0,0,0,0.0,1.0,692,1,0,0.06
5027,126.458371,37.546364,200,0,1,1,5.0,1.0,713,1,0,0.141
5028,126.456638,37.54676,200,0,0,0,0.0,1.0,714,1,0,0.123
5029,126.454732,37.547101,200,0,0,0,0.0,1.0,715,1,0,-0.008
5030,126.452685,37.547406,200,0,0,0,0.0,0.0,5042,0,0,-0.013
5031,126.450627,37.547614,220,0,0,0,0.0,0.0,5041,0,0,0.023
5032,126.33242,37.835618,200,0,0,0,0.0,0.0,5040,0,0,-0.239
5033,126.330549,37.835428,200,0,0,0,0.0,0.0,5039,0,0,0.194
5034,126.328391,37.8354,200,0,0,0,0.0,0.0,5038,0,0,0.146
5035,126.326448,37.835104,200,0,0,0,0.0,0.0,5037,0,0,0.314
5036,126.324339,37.834931,200,0,0,0,0.0,0.0,5036,0,0,0.35
5037,126.323263,37.834631,200,0,0,0,0.0,0.0,5035,0,0,0.571
5038,126.321286,37.834848,200,0,0,0,0.0,0.0,5034,0,0,0.02
5039,126.319048,37.834691,200,0,0,0,0.0,0.0,5033,0,0,1.035
5040,126.318289,37.833479,200,0,0,0,0.0,0.0,5032,0,0,3.475
5041,126.318354,37.831679,200,0,0,0,0.0,0.0,5031,0,0,3.88
5042,126.318419,37.829878,200,0,0,0,0.0,0.0,5058,0,0,3.88
5043,126.318485,37.828077,200,0,0,0,0.0,0.0,5057,0,0,3.88
5044,126.31855,37.826277,200,0,0,0,0.0,0.0,5056,0,0,3.88
5045,126.318615,37.824476,200,0,0,0,0.0,0.0,5055,0,0,3.88
5046,126.31868,37.822675,200,0,0,0,0.0,0.0,5054,0,0,3.88
5047,126.318745,37.820875,200,0,0,0,0.0,0.0,5053,0,0,3.88
5048,126.318811,37.819074,200,0,0,0,0.0,0.0,5052,0,0,3.88
5049,126.318876,37.817273,200,0,0,0,0.0,0.0,5051,0,0,3.88
5050,126.318941,37.815473,200,0,0,0,0.0,0.0,5050,0,0,3.88
5051,126.319006,37.813672,200,0,0,0,0.0,0.0,5049,0,0,3.88
5052,126.319071,37.811871,200,0,0,0,0.0,0.0,5048,0,0,3.88
5053,126.319136,37.810071,200,0,0,0,0.0,0.0,5047,0,0,3.88
5054,126.319202,37.80827,200,0,0,0,0.0,0.0,5046,0,0,3.88
5055,126.319267,37.806469,200,0,0,0,0.0,0.0,5045,0,0,3.876
5056,126.319332,37.804669,200,0,0,0,0.0,0.0,5044,0,0,3.62
5057,126.319397,37.802868,200,0,0,0,0.0,0.0,5043,0,0,2.732
5058,126.319462,37.801067,200,0,0,0,0.0,0.0,5074,0,0,2.717
5059,126.319527,37.799267,200,0,0,0,0.0,0.0,5073,0,0,2.717
5060,126.319592,37.797466,200,0,0,0,0.0,0.0,5072,0,0,2.717
5061,126.319657,37.795665,200,0,0,0,0.0,0.0,5071,0,0,2.717
5062,126.319722,37.793865,200,0,0,0,0.0,0.0,5070,0,0,2.717
5063,126.319788,37.792064,200,0,0,0,0.0,0.0,5069,0,0,2.717
5064,126.319853,37.790263,200,0,0,0,0.0,0.0,5068,0,0,2.717
5065,126.319918,37.788463,200,0,0,0,0.0,0.0,5067,0,0,2.717
5066,126.319983,37.786662,200,0,0,0,0.0,0.0,5066,0,0,2.717
5067,126.320048,37.784861,200,0,0,0,0.0,0.0,5065,0,0,2.717
5068,126.320113,37.783061,200,0,0,0,0.0,0.0,5064,0,0,2.685
5069,126.320178,37.78126,200,0,0,0,0.0,0.0,5063,0,0,2.445
5070,126.320245,37.779461,200,0,0,0,0.0,0.0,5062,0,0,0.219
5071,126.32079,37.779398,200,0,0,0,0.0,0.0,5061,0,0,-0.126
5072,126.321763,37.780895,200,0,0,0,0.0,0.0,5060,0,0,0.102
5073,126.322845,37.782294,200,0,0,0,0.0,0.0,5059,0,0,-0.068
5074,126.323922,37.78373,200,0,0,0,0.0,0.0,5090,0,0,-0.069
5075,126.325075,37.785072,200,0,0,0,0.0,0.0,5089,0,0,-0.008
5076,126.326439,37.786385,200,0,0,0,0.0,0.0,5088,0,0,0.351
5077,126.328055,37.78742,200,0,0,0,0.0,0.0,5087,0,0,-0.008
5078,126.329732,37.788378,200,0,0,0,0.0,0.0,5086,0,0,-0.855
5079,126.330999,37.78962,200,0,0,0,0.0,0.0,5085,0,0,-1.077
5080,126.331241,37.791173,200,0,0,0,0.0,0.0,5084,0,0,-0.256
5081,126.331538,37.792489,200,0,0,0,0.0,0.0,5083,0,0,0.161
5082,126.33232,37.793627,200,0,0,0,0.0,0.0,5082,0,0,0.141
5083,126.333112,37.794854,200,0,0,0,0.0,0.0,5081,0,0,-0.071
5084,126.334058,37.796285,200,0,0,0,0.0,0.0,5080,0,0,0.389
5085,126.335693,37.797165,200,0,0,0,0.0,0.0,5079,0,0,-1.187
5086,126.335871,37.798182,200,0,0,0,0.0,0.0,5078,0,0,-1.646
5087,126.334176,37.799094,200,0,0,0,0.0,0.0,5077,0,0,0.541
5088,126.332909,37.800354,200,0,0,0,0.0,0.0,5076,0,0,1.006
5089,126.332102,37.801539,200,0,0,0,0.0,0.0,5075,0,0,0.871
5090,126.331178,37.802934,200,0,0,0,0.0,0.0,5106,0,0,0.741
5091,126.330057,37.804381,200,0,0,0,0.0,0.0,5105,0,0,0.452
5092,126.328942,37.805719,200,0,0,0,0.0,0.0,5104,0,0,0.364
5093,126.328039,37.807161,200,0,0,0,0.0,0.0,5103,0,0,0.77
5094,126.327006,37.808313,200,0,0,0,0.0,0.0,5102,0,0,1.26
5095,126.32545,37.809064,200,0,0,0,0.0,0.0,5101,0,0,1.621
5096,126.324059,37.81022,200,0,0,0,0.0,0.0,5100,0,0,1.874
5097,126.32292,37.811604,200,0,0,0,0.0,0.0,5099,0,0,2.12
5098,126.322504,37.813151,200,0,0,0,0.0,0.0,5098,0,0,2.746
5099,126.322916,37.812563,200,0,0,0,0.0,0.0,5097,0,0,3.49
5100,126.323782,37.810989,200,0,0,0,0.0,0.0,5096,0,0,3.267
5101,126.325233,37.809754,200,0,0,0,0.0,0.0,5095,0,0,3.034
5102,126.327025,37.808907,200,0,0,0,0.0,0.0,5094,0,0,2.807
5103,126.328701,37.807875,200,0,0,0,0.0,0.0,5093,0,0,2.588
5104,126.329922,37.806506,200,0,0,0,0.0,0.0,5092,0,0,2.076
5105,126.331018,37.805015,200,0,0,0,0.0,0.0,5091,0,0,2.023
5106,126.331999,37.803684,200,0,0,0,0.0,0.0,5122,0,0,2.157
5107,126.332661,37.802285,200,0,0,0,0.0,0.0,5121,0,0,2.188
5108,126.333545,37.801282,200,0,0,0,0.0,0.0,5120,0,0,1.612
5109,126.33398,37.800299,200,0,0,0,0.0,0.0,5119,0,0,1.077
5110,126.334848,37.799349,200,0,0,0,0.0,0.0,5118,0,0,0.419
5111,126.335287,37.800072,200,0,0,0,0.0,0.0,5117,0,0,-1.23
5112,126.335025,37.801705,200,0,0,0,0.0,0.0,5116,0,0,-0.764
5113,126.334864,37.803394,200,0,0,0,0.0,0.0,5115,0,0,-0.217
5114,126.334849,37.805195,200,0,0,0,0.0,0.0,5114,0,0,-0.168
5115,126.334833,37.806996,200,0,0,0,0.0,0.0,5113,0,0,-0.057
5116,126.334818,37.808798,200,0,0,0,0.0,0.0,5112,0,0,0.096
5117,126.334637,37.810471,200,0,0,0,0.0,0.0,5111,0,0,-0.136
5118,126.334292,37.811847,200,0,0,0,0.0,0.0,5110,0,0,-0.153
5119,126.333915,37.813417,200,0,0,0,0.0,0.0,5109,0,0,-0.008
5120,126.333604,37.815108,200,0,0,0,0.0,0.0,5108,0,0,-0.247
5121,126.333249,37.816675,200,0,0,0,0.0,0.0,5107,0,0,-0.144
5122,126.333093,37.818151,200,0,0,0,0.0,0.0,5150,0,0,-0.2
5123,126.332869,37.819803,200,0,0,0,0.0,0.0,5149,0,0,-0.14
5124,126.332804,37.821604,200,0,0,0,0.0,0.0,5148,0,0,-0.185
5125,126.33272,37.823179,200,0,0,0,0.0,0.0,5147,0,0,-0.015
5126,126.332837,37.824795,200,0,0,0,0.0,0.0,5146,0,0,0.035
5127,126.332724,37.826519,200,0,0,0,0.0,0.0,5145,0,0,0.076
5128,126.332952,37.828073,200,0,0,0,0.0,0.0,5144,0,0,-0.056
5129,126.333232,37.829616,200,0,0,0,0.0,0.0,5143,0,0,0.017
5130,126.33354,37.831136,200,0,0,0,0.0,0.0,5142,0,0,-0.01
5131,126.333855,37.832653,200,0,0,0,0.0,0.0,5141,0,0,-0.002
5132,126.33414,37.834191,200,0,0,0,0.0,0.0,5140,0,0,-0.391
5133,126.33386,37.835546,140,0,0,0,0.0,0.0,5139,0,0,-1.175
5134,126.425318,37.548201,200,0,0,0,0.0,1.0,668,1,0,-0.453
5135,126.42324,37.547616,200,0,1,1,5.0,1.0,669,1,0,0.038
5136,126.421448,37.546949,200,0,0,0,0.0,1.0,670,1,0,0.282
5137,126.419692,37.546072,200,0,0,0,0.0,1.0,691,1,0,0.29
5138,126.418097,37.545061,200,0,0,0,0.0,0.0,5161,0,0,0.167
5139,126.417199,37.543688,200,0,0,0,0.0,0.0,5160,0,0,0.711
5140,126.41694,37.542242,200,0,0,0,0.0,0.0,5159,0,0,0.716
5141,126.416504,37.541635,200,0,0,0,0.0,0.0,5158,0,0,0.156
5142,126.416773,37.540803,200,0,0,0,0.0,0.0,5157,0,0,-0.003
5143,126.417101,37.540002,200,0,0,0,0.0,0.0,5156,0,0,-0.556
5144,126.418479,37.539914,200,0,0,0,0.0,0.0,5155,0,0,0.682
5145,126.42018,37.540076,200,0,0,0,0.0,0.0,5154,0,0,1.982
5146,126.420484,37.539158,200,0,0,0,0.0,0.0,5153,0,0,1.696
5147,126.41988,37.537734,200,0,0,0,0.0,0.0,5152,0,0,1.199
5148,126.41841,37.537398,200,0,0,0,0.0,1.0,693,1,0,-1.002
5149,126.418005,37.536176,200,0,0,0,0.0,1.0,737,1,0,-0.143
5150,126.419243,37.535332,200,0,1,1,5.0,1.0,681,1,0,1.289
5151,126.419833,37.534164,200,0,0,0,0.0,1.0,666,1,0,1.173
5152,126.419496,37.533204,200,0,0,0,0.0,1.0,667,1,0,0.438
5153,126.418939,37.531933,200,0,0,0,0.0,0.0,5151,0,0,0.859
5154,126.418461,37.530702,200,0,0,0,0.0,0.0,5172,0,0,0.578
5155,126.41776,37.52941,200,0,0,0,0.0,0.0,5171,0,0,0.58
5156,126.41757,37.528114,200,0,0,0,0.0,2.0,602,1,0,0.57
5157,126.417428,37.526885,200,0,0,0,0.0,2.0,601,1,0,0.935
5158,126.416591,37.525985,200,0,2,2,10.0,2.0,612,1,0,0.373
5159,126.415979,37.524637,200,0,0,0,0.0,2.0,611,1,0,0.783
5160,126.415315,37.523217,200,0,0,0,0.0,2.0,610,1,0,0.31
5161,126.414484,37.521697,200,0,0,0,0.0,0.0,5170,0,0,0.561
5162,126.414767,37.520126,200,0,0,0,0.0,0.0,5169,0,0,0.723
5163,126.416257,37.519018,200,0,0,0,0.0,0.0,5168,0,0,0.675
5164,126.418194,37.51855,200,0,0,0,0.0,0.0,5167,0,0,0.223
5165,126.420165,37.518412,200,0,0,0,0.0,0.0,5166,0,0,-0.151
5166,126.422059,37.518931,200,0,0,0,0.0,0.0,5165,0,0,0.704
5167,126.423909,37.519648,200,0,0,0,0.0,0.0,5164,0,0,0.619
5168,126.424848,37.520495,200,0,0,0,0.0,0.0,5163,0,0,0.425
5169,126.425966,37.521489,200,0,0,0,0.0,0.0,5162,0,0,0.668
5170,126.427237,37.521496,200,0,0,0,0.0,0.0,5187,0,0,-0.286
5171,126.428084,37.522155,200,0,0,0,0.0,0.0,5186,0,0,-0.524
5172,126.428453,37.523455,200,0,0,0,0.0,0.0,5185,0,0,-0.375
5173,126.428403,37.52487,200,0,0,0,0.0,0.0,5184,0,0,0.066
5174,126.429062,37.526278,200,0,0,0,0.0,0.0,5183,0,0,0.541
5175,126.430292,37.527602,200,0,0,0,0.0,0.0,5182,0,0,0.605
5176,126.431417,37.528952,200,0,0,0,0.0,0.0,5181,0,0,0.768
5177,126.432756,37.530072,200,0,0,0,0.0,0.0,5180,0,0,-0.238
5178,126.432634,37.531044,200,0,0,0,0.0,0.0,5179,0,0,-0.399
5179,126.432365,37.532473,200,0,0,0,0.0,0.0,5178,0,0,-0.387
5180,126.432508,37.533908,200,0,0,0,0.0,0.0,5177,0,0,-0.398
5181,126.433007,37.535313,200,0,0,0,0.0,0.0,5176,0,0,-0.073
5182,126.433673,37.536762,200,0,0,0,0.0,0.0,5175,0,0,-0.11
5183,126.434528,37.538222,200,0,0,0,0.0,0.0,5174,0,0,0.151
5184,126.435584,37.539698,200,0,0,0,0.0,0.0,5173,0,0,0.944
5185,126.436751,37.541084,200,0,0,0,0.0,1.0,712,1,0,1.518
5186,126.438261,37.542271,200,0,0,0,0.0,1.0,744,1,0,1.722
5187,126.439952,37.54319,200,0,1,1,5.0,1.0,745,1,0,1.885
5188,126.441873,37.544014,200,0,0,0,0.0,1.0,746,1,0,2.092
5189,126.443692,37.54455,200,0,0,0,0.0,1.0,711,1,0,2.469
5190,126.445435,37.545456,200,0,0,0,0.0,0.0,5215,0,0,2.102
5191,126.446256,37.546955,200,0,0,0,0.0,0.0,5214,0,0,0.545
5192,126.444842,37.547607,200,0,0,0,0.0,0.0,5213,0,0,-0.286
5193,126.442798,37.547816,200,0,0,0,0.0,0.0,5212,0,0,0.064
5194,126.44054,37.54777,200,0,0,0,0.0,0.0,5211,0,0,0.081
5195,126.43855,37.54749,200,0,0,0,0.0,0.0,5210,0,0,-0.015
5196,126.437266,37.54669,200,0,0,0,0.0,0.0,5209,0,0,1.604
5197,126.437285,37.547215,200,0,0,0,0.0,0.0,5208,0,0,0.797
5198,126.43609,37.547877,200,0,0,0,0.0,0.0,5207,0,0,-0.419
5199,126.433992,37.548102,200,0,0,0,0.0,0.0,5206,0,0,0.049
5200,126.432022,37.548306,200,0,0,0,0.0,0.0,5205,0,0,-0.029
5201,126.429943,37.54802,200,0,0,0,0.0,0.0,5204,0,0,0.24
5202,126.428077,37.548228,280,0,0,0,0.0,1.0,703,1,0,-0.532
5203,126.347575,37.580633,200,0,0,0,0.0,0.0,5230,0,0,0.561
5204,126.346806,37.580403,200,0,0,0,0.0,0.0,5229,0,0,-0.201
5205,126.345716,37.57957,200,0,0,0,0.0,0.0,5228,0,0,0.654
5206,126.344258,37.578769,200,0,0,0,0.0,0.0,5227,0,0,0.382
5207,126.343534,37.578133,200,0,0,0,0.0,0.0,5226,0,0,0.343
5208,126.342518,37.577456,200,0,0,0,0.0,0.0,5225,0,0,0.446
5209,126.341249,37.576466,200,0,0,0,0.0,0.0,5224,0,0,0.302
5210,126.340381,37.575365,200,0,0,0,0.0,0.0,5223,0,0,-0.216
5211,126.340799,37.575051,200,0,0,0,0.0,0.0,5222,0,0,0.746
5212,126.339886,37.57381,200,0,0,0,0.0,0.0,5221,0,0,0.814
5213,126.338699,37.572522,200,0,0,0,0.0,0.0,5220,0,0,0.358
5214,126.338232,37.571327,200,0,0,0,0.0,0.0,5219,0,0,0.92
5215,126.337514,37.569929,200,0,0,0,0.0,0.0,5218,0,0,0.795
5216,126.336464,37.568788,200,0,0,0,0.0,0.0,5217,0,0,0.165
5217,126.336383,37.56719,200,0,0,0,0.0,0.0,5216,0,0,0.893
5218,126.337188,37.565816,200,0,0,0,0.0,0.0,5246,0,0,0.81
5219,126.338558,37.564726,200,0,0,0,0.0,0.0,5245,0,0,0.896
5220,126.340161,37.563871,200,0,0,0,0.0,0.0,5244,0,0,0.761
5221,126.341784,37.56371,200,0,0,0,0.0,0.0,5243,0,0,0.612
5222,126.34392,37.563923,200,0,0,0,0.0,0.0,5242,0,0,0.895
5223,126.346134,37.564081,200,0,0,0,0.0,0.0,5241,0,0,0.664
5224,126.348133,37.564461,200,0,0,0,0.0,0.0,5240,0,0,0.558
5225,126.3486,37.565729,200,0,0,0,0.0,0.0,5239,0,0,1.544
5226,126.348402,37.566651,200,0,0,0,0.0,0.0,5238,0,0,3.276
5227,126.34907,37.565437,200,0,0,0,0.0,0.0,5237,0,0,2.207
5228,126.350182,37.564807,200,0,0,0,0.0,0.0,5236,0,0,0.512
5229,126.352156,37.565218,200,0,0,0,0.0,0.0,5235,0,0,0.259
5230,126.353229,37.566244,200,0,0,0,0.0,0.0,5234,0,0,1.187
5231,126.353637,37.567676,200,0,0,0,0.0,0.0,5233,0,0,1.78
5232,126.354053,37.56861,200,0,0,0,0.0,0.0,5232,0,0,2.961
5233,126.354532,37.567399,200,0,0,0,0.0,0.0,5231,0,0,2.64
5234,126.354483,37.565897,200,0,0,0,0.0,0.0,5262,0,0,0.529
5235,126.353378,37.565391,200,0,0,0,0.0,0.0,5261,0,0,-0.031
5236,126.354775,37.565197,200,0,0,0,0.0,0.0,5260,0,0,-0.452
5237,126.35648,37.565613,200,0,0,0,0.0,0.0,5259,0,0,-0.071
5238,126.357473,37.566674,200,0,0,0,0.0,0.0,5258,0,0,1.022
5239,126.359145,37.566648,200,0,0,0,0.0,0.0,5257,0,0,1.052
5240,126.361158,37.566479,200,0,0,0,0.0,0.0,5256,0,0,0.981
5241,126.362959,37.566114,200,0,0,0,0.0,0.0,5255,0,0,0.954
5242,126.364956,37.565806,200,0,0,0,0.0,0.0,5254,0,0,0.696
5243,126.366636,37.565704,200,0,0,0,0.0,0.0,5253,0,0,-1.038
5244,126.366532,37.566661,200,0,0,0,0.0,0.0,5252,0,0,-0.881
5245,126.366296,37.568223,200,0,0,0,0.0,0.0,5251,0,0,-0.41
5246,126.365203,37.569304,200,0,0,0,0.0,0.0,5250,0,0,-0.46
5247,126.363382,37.570235,200,0,0,0,0.0,0.0,5249,0,0,-0.252
5248,126.361542,37.571028,200,0,0,0,0.0,0.0,5248,0,0,-0.28
5249,126.359455,37.571422,200,0,0,0,0.0,0.0,5247,0,0,0.382
5250,126.357716,37.571588,200,0,0,0,0.0,0.0,5278,0,0,0.979
5251,126.35619,37.572005,200,0,0,0,0.0,0.0,5277,0,0,0.628
5252,126.354396,37.572792,200,0,0,0,0.0,0.0,5276,0,0,0.654
5253,126.352957,37.573902,200,0,0,0,0.0,0.0,5275,0,0,1.002
5254,126.351488,37.574801,200,0,0,0,0.0,0.0,5274,0,0,1.856
5255,126.351008,37.575074,200,0,0,0,0.0,0.0,5273,0,0,2.826
5256,126.352112,37.575691,200,0,0,0,0.0,0.0,5272,0,0,2.709
5257,126.353269,37.574764,200,0,0,0,0.0,0.0,5271,0,0,2.377
5258,126.354911,37.573948,200,0,0,0,0.0,0.0,5270,0,0,1.736
5259,126.356512,37.573187,200,0,0,0,0.0,0.0,5269,0,0,1.537
5260,126.358261,37.572604,200,0,0,0,0.0,0.0,5268,0,0,0.993
5261,126.35951,37.57288,200,0,0,0,0.0,0.0,5267,0,0,-1.167
5262,126.358568,37.573997,200,0,0,0,0.0,0.0,5266,0,0,-0.642
5263,126.357398,37.575333,200,0,0,0,0.0,0.0,5265,0,0,-0.271
5264,126.356115,37.576581,200,0,0,0,0.0,0.0,5264,0,0,-0.196
5265,126.354923,37.577853,200,0,0,0,0.0,0.0,5263,0,0,-0.752
5266,126.353099,37.578131,200,0,0,0,0.0,0.0,5294,0,0,0.291
5267,126.351264,37.57795,200,0,0,0,0.0,0.0,5293,0,0,1.271
5268,126.351465,37.578362,200,0,0,0,0.0,0.0,5292,0,0,-0.042
5269,126.350534,37.57924,200,0,0,0,0.0,0.0,5291,0,0,-0.113
5270,126.349675,37.580485,200,0,0,0,0.0,0.0,5290,0,0,-0.641
5271,126.348743,37.581146,160,0,0,0,0.0,0.0,5289,0,0,-0.981
5272,126.668063,37.822473,200,0,0,0,0.0,0.0,5288,0,0,-1.785
5273,126.667312,37.820979,200,0,0,0,0.0,0.0,5287,0,0,-0.563
5274,126.66658,37.819559,200,0,0,0,0.0,0.0,5286,0,0,-0.481
5275,126.6663,37.817913,200,0,0,0,0.0,0.0,5285,0,0,-0.195
5276,126.665988,37.816326,200,0,0,0,0.0,0.0,5284,0,0,-0.21
5277,126.66581,37.814777,200,0,0,0,0.0,0.0,5283,0,0,-0.42
5278,126.666201,37.814495,200,0,0,0,0.0,0.0,5282,0,0,0.042
5279,126.666225,37.813074,200,0,0,0,0.0,0.0,5281,0,0,-0.095
5280,126.666392,37.811437,200,0,0,0,0.0,0.0,5280,0,0,0.008
5281,126.666664,37.810022,200,0,0,0,0.0,0.0,5279,0,0,-0.367
5282,126.66718,37.809148,200,0,0,0,0.0,0.0,5310,0,0,-0.137
5283,126.6677,37.808969,200,0,0,0,0.0,0.0,5309,0,0,0.519
5284,126.667712,37.807525,200,0,0,0,0.0,0.0,5308,0,0,0.028
5285,126.668018,37.805883,200,0,0,0,0.0,0.0,5307,0,0,0.004
5286,126.668178,37.804086,200,0,0,0,0.0,0.0,5306,0,0,-0.195
5287,126.668097,37.802436,200,0,0,0,0.0,0.0,5305,0,0,-0.13
5288,126.66791,37.80082,200,0,0,0,0.0,0.0,5304,0,0,-0.183
5289,126.667689,37.799326,200,0,0,0,0.0,0.0,5303,0,0,-1.041
5290,126.668859,37.798682,200,0,0,0,0.0,0.0,5302,0,0,-1.02
5291,126.670695,37.798993,200,0,0,0,0.0,0.0,5301,0,0,-0.22
5292,126.672598,37.799009,200,0,0,0,0.0,0.0,5300,0,0,-0.507
5293,126.674428,37.799519,200,0,0,0,0.0,0.0,5299,0,0,-0.583
5294,126.67635,37.800183,200,0,0,0,0.0,0.0,5298,0,0,-0.749
5295,126.677995,37.801347,200,0,0,0,0.0,0.0,5297,0,0,-1.161
5296,126.679034,37.802813,200,0,0,0,0.0,0.0,5296,0,0,-1.186
5297,126.679309,37.804225,200,0,0,0,0.0,0.0,5295,0,0,-1.543
5298,126.67884,37.805597,200,0,0,0,0.0,0.0,5326,0,0,-1.112
5299,126.678613,37.806785,200,0,0,0,0.0,0.0,5325,0,0,-0.887
5300,126.678563,37.807824,200,0,0,0,0.0,0.0,5324,0,0,-1.011
5301,126.677731,37.809158,200,0,0,0,0.0,0.0,5323,0,0,-1.086
5302,126.677028,37.810843,200,0,0,0,0.0,0.0,5322,0,0,-1.183
5303,126.676423,37.812579,200,0,0,0,0.0,0.0,5321,0,0,-1.342
5304,126.675647,37.813975,200,0,0,0,0.0,0.0,5320,0,0,-1.465
5305,126.67485,37.815159,200,0,0,0,0.0,0.0,5319,0,0,-1.413
5306,126.67397,37.816453,200,0,0,0,0.0,0.0,5318,0,0,-1.343
5307,126.672899,37.817963,200,0,0,0,0.0,0.0,5317,0,0,-1.477
5308,126.671587,37.819309,200,0,0,0,0.0,0.0,5316,0,0,-1.414
5309,126.670379,37.820579,200,0,0,0,0.0,0.0,5315,0,0,-1.347
5310,126.669342,37.821887,280,0,0,0,0.0,0.0,5314,0,0,-1.985
5311,126.785627,37.91729,200,0,0,0,0.0,0.0,5313,0,0,-0.199
5312,126.783948,37.916569,200,0,0,0,0.0,0.0,5312,0,0,-0.268
5313,126.781928,37.915966,200,0,0,0,0.0,0.0,5311,0,0,-0.741
5314,126.780048,37.915341,200,0,0,0,0.0,0.0,5342,0,0,-0.839
5315,126.778194,37.91463,200,0,0,0,0.0,0.0,5341,0,0,-0.901
5316,126.776438,37.913787,200,0,0,0,0.0,0.0,5340,0,0,-0.675
5317,126.774762,37.912694,200,0,0,0,0.0,0.0,5339,0,0,-0.382
5318,126.773179,37.911632,200,0,0,0,0.0,0.0,5338,0,0,-0.524
5319,126.771452,37.910571,200,0,0,0,0.0,0.0,5337,0,0,-1.095
5320,126.770241,37.90943,200,0,0,0,0.0,0.0,5336,0,0,-0.81
5321,126.771656,37.908565,200,0,0,0,0.0,0.0,5335,0,0,1.108
5322,126.773449,37.907986,200,0,0,0,0.0,0.0,5334,0,0,1.136
5323,126.77532,37.907404,200,0,0,0,0.0,0.0,5333,0,0,0.971
5324,126.777361,37.906803,200,0,0,0,0.0,0.0,5332,0,0,1.093
5325,126.779279,37.905972,200,0,0,0,0.0,0.0,5331,0,0,1.45
5326,126.780783,37.904687,200,0,0,0,0.0,0.0,5330,0,0,1.51
5327,126.781872,37.903287,200,0,0,0,0.0,0.0,5329,0,0,1.157
5328,126.783776,37.903084,200,0,0,0,0.0,0.0,5328,0,0,0.822
5329,126.785746,37.903779,200,0,0,0,0.0,0.0,5327,0,0,0.904
5330,126.787639,37.903847,200,0,0,0,0.0,0.0,5358,0,0,0.394
5331,126.788879,37.904332,200,0,0,0,0.0,0.0,5357,0,0,-1.772
5332,126.788766,37.90596,200,0,0,0,0.0,0.0,5356,0,0,-1.23
5333,126.789101,37.907486,200,0,0,0,0.0,0.0,5355,0,0,-1.197
5334,126.789341,37.909177,200,0,0,0,0.0,0.0,5354,0,0,-0.965
5335,126.789817,37.910629,200,0,0,0,0.0,0.0,5353,0,0,-1.144
5336,126.790209,37.912273,200,0,0,0,0.0,0.0,5352,0,0,-1.172
5337,126.790435,37.914034,200,0,0,0,0.0,0.0,5351,0,0,-1.289
5338,126.790231,37.915628,200,0,0,0,0.0,0.0,5350,0,0,-1.316
5339,126.789619,37.917182,200,0,0,0,0.0,0.0,5349,0,0,-1.726
5340,126.787698,37.917695,200,0,0,0,0.0,0.0,5348,0,0,-1.22
5341,126.509348,37.797666,200,0,0,0,0.0,0.0,5347,0,1,0.946
5342,126.508147,37.797815,200,0,0,0,0.0,0.0,5346,0,1,0.136
5343,126.506297,37.797776,200,0,0,0,0.0,0.0,5345,0,1,0.185
5344,126.504424,37.797903,200,0,0,0,0.0,0.0,5344,0,1,-0.607
5345,126.503295,37.797335,200,0,0,0,0.0,0.0,5343,0,1,-0.173
5346,126.503595,37.796129,200,0,0,0,0.0,0.0,5374,0,1,1.044
5347,126.504175,37.795235,200,0,0,0,0.0,0.0,5373,0,1,1.719
5348,126.505567,37.794639,200,0,0,0,0.0,0.0,5372,0,1,2.894
5349,126.504672,37.794466,200,0,0,0,0.0,0.0,5371,0,1,0.945
5350,126.502914,37.795073,200,0,0,0,0.0,0.0,5370,0,1,-0.86
5351,126.50174,37.794796,200,0,0,0,0.0,0.0,5369,0,1,-1.21
5352,126.503051,37.794135,200,0,0,0,0.0,0.0,5368,0,1,0.141
5353,126.502586,37.793584,200,0,0,0,0.0,0.0,5367,0,1,-0.972
5354,126.503547,37.793327,200,0,0,0,0.0,0.0,5366,0,1,0.061
5355,126.504922,37.792746,200,0,0,0,0.0,0.0,5365,0,1,0.942
5356,126.506295,37.791911,200,0,0,0,0.0,0.0,5364,0,1,0.825
5357,126.508017,37.791323,200,0,0,0,0.0,0.0,5363,0,1,0.918
5358,126.509689,37.790923,200,0,0,0,0.0,0.0,5362,0,1,0.162
5359,126.51077,37.791176,200,0,0,0,0.0,0.0,5361,0,1,1.087
5360,126.510848,37.790833,200,0,0,0,0.0,0.0,5360,0,1,-0.233
5361,126.512348,37.791037,200,0,0,0,0.0,0.0,5359,0,1,0.922
5362,126.513842,37.79068,200,0,0,0,0.0,0.0,5390,0,1,0.993
5363,126.515644,37.790296,200,0,0,0,0.0,0.0,5389,0,1,1.014
5364,126.517548,37.789716,200,0,0,0,0.0,0.0,5388,0,1,0.832
5365,126.519663,37.78952,200,0,0,0,0.0,0.0,5387,0,1,0.993
5366,126.521476,37.789048,200,0,0,0,0.0,0.0,5386,0,1,0.997
5367,126.52332,37.788543,200,0,0,0,0.0,0.0,5385,0,1,1.166
5368,126.525219,37.787898,200,0,0,0,0.0,0.0,5384,0,1,0.802
5369,126.527231,37.787611,200,0,0,0,0.0,0.0,5383,0,1,1.158
5370,126.528727,37.786955,200,0,0,0,0.0,0.0,5382,0,1,0.392
5371,126.530837,37.786962,200,0,0,0,0.0,0.0,5381,0,1,-0.177
5372,126.532273,37.787537,200,0,0,0,0.0,0.0,5380,0,1,-1.231
5373,126.531275,37.788892,200,0,0,0,0.0,0.0,5379,0,1,-0.543
5374,126.529809,37.790164,200,0,0,0,0.0,0.0,5378,0,1,-0.503
5375,126.528091,37.791196,200,0,0,0,0.0,0.0,5377,0,1,-0.258
5376,126.526409,37.792278,200,0,0,0,0.0,0.0,5376,0,1,-0.263
5377,126.524726,37.793018,200,0,0,0,0.0,0.0,5375,0,1,-0.218
5378,126.5231,37.793376,200,0,0,0,0.0,0.0,5403,0,1,-0.026
5379,126.521437,37.7936,200,0,0,0,0.0,0.0,5402,0,1,0.064
5380,126.519681,37.793981,200,0,0,0,0.0,0.0,5401,0,1,0.013
5381,126.517773,37.794341,200,0,0,0,0.0,0.0,5400,0,1,0.439
5382,126.516369,37.795024,200,0,0,0,0.0,0.0,5399,0,1,0.358
5383,126.517034,37.795128,200,0,0,0,0.0,0.0,5398,0,1,-0.975
5384,126.515558,37.796133,200,0,0,0,0.0,0.0,5397,0,1,-0.498
5385,126.513766,37.797114,200,0,0,0,0.0,0.0,5396,0,1,-0.347
5386,126.511787,37.797714,200,0,0,0,0.0,0.0,5395,0,1,-0.18
5387,126.510218,37.798117,140,0,0,0,0.0,0.0,5394,0,1,-0.392
5388,126.410947,37.541062,200,0,0,0,0.0,0.0,5393,0,0,-0.062
5389,126.409271,37.540163,200,0,0,0,0.0,0.0,5392,0,0,0.134
5390,126.407718,37.538967,200,0,0,0,0.0,0.0,5391,0,0,0.335
5391,126.406085,37.537818,200,0,0,0,0.0,1.0,702,1,0,0.038
5392,126.404874,37.53644,200,0,0,0,0.0,3.0,456,1,1,0.136
5393,126.403815,37.53517,200,0,1,1,5.0,3.0,457,1,1,-0.584
5394,126.403092,37.533588,200,0,2,2,10.0,3.0,482,1,1,-0.378
5395,126.402096,37.532037,200,0,0,0,0.0,3.0,484,1,1,-0.789
5396,126.402062,37.530767,200,0,0,0,0.0,2.0,526,1,1,-0.548
5397,126.403239,37.529662,200,0,0,0,0.0,0.0,5424,0,1,0.3
5398,126.403736,37.528269,200,0,0,0,0.0,0.0,5423,0,1,0.428
5399,126.404152,37.526712,200,0,0,0,0.0,1.0,820,1,1,0.408
5400,126.40558,37.525835,200,0,0,0,0.0,4.0,415,1,1,0.401
5401,126.407583,37.525982,200,0,1,1,5.0,4.0,409,1,1,0.279
5402,126.409423,37.526302,200,0,3,3,15.0,4.0,408,1,1,-0.441
5403,126.411299,37.526905,200,0,0,0,0.0,4.0,410,1,1,-0.577
5404,126.412549,37.528063,200,0,0,0,0.0,3.0,504,1,1,-0.27
5405,126.413387,37.52932,200,0,0,0,0.0,0.0,5422,0,1,-1.082
5406,126.413713,37.530478,200,0,0,0,0.0,0.0,5421,0,0,-1.45
5407,126.413065,37.529964,200,0,0,0,0.0,0.0,5420,0,1,-0.424
5408,126.412556,37.529284,200,0,0,0,0.0,1.0,821,1,1,0.28
5409,126.412407,37.53066,200,0,0,0,0.0,1.0,822,1,1,0.309
5410,126.412679,37.532182,200,0,1,1,5.0,1.0,789,1,1,0.076
5411,126.413575,37.53349,200,0,0,0,0.0,1.0,790,1,0,-0.19
5412,126.414193,37.535046,200,0,0,0,0.0,1.0,819,1,0,-0.049
5413,126.414868,37.536385,200,0,0,0,0.0,0.0,5437,0,0,-0.674
5414,126.41464,37.537797,200,0,0,0,0.0,0.0,5436,0,0,-0.591
5415,126.414197,37.539318,200,0,0,0,0.0,0.0,5435,0,0,-0.442
5416,126.413622,37.54075,200,0,0,0,0.0,0.0,5434,0,0,-1.7
5417,126.412398,37.541288,100,0,0,0,0.0,0.0,5433,0,0,-0.807
5418,126.321211,37.752643,200,0,0,0,0.0,0.0,5432,0,0,1.853
5419,126.321276,37.750842,200,0,0,0,0.0,0.0,5431,0,0,2.648
5420,126.321341,37.749042,200,0,0,0,0.0,0.0,5430,0,0,2.717
5421,126.321406,37.747241,200,0,0,0,0.0,0.0,5429,0,0,2.717
5422,126.321471,37.74544,200,0,0,0,0.0,0.0,5428,0,0,2.717
5423,126.321536,37.74364,200,0,0,0,0.0,0.0,5427,0,0,2.717
5424,126.321601,37.741839,200,0,0,0,0.0,0.0,5426,0,0,2.682
5425,126.321666,37.740038,200,0,0,0,0.0,0.0,5425,0,0,2.045
5426,126.321731,37.738238,200,0,0,0,0.0,0.0,5453,0,0,0.158
5427,126.322299,37.738097,200,0,0,0,0.0,0.0,5452,0,0,-0.328
5428,126.323227,37.73968,200,0,0,0,0.0,0.0,5451,0,0,-0.084
5429,126.324459,37.741081,200,0,0,0,0.0,0.0,5450,0,0,0.044
5430,126.325904,37.742328,200,0,0,0,0.0,0.0,5449,0,0,0.024
5431,126.327439,37.743453,200,0,0,0,0.0,0.0,5448,0,0,-0.245
5432,126.328884,37.744527,200,0,0,0,0.0,0.0,5447,0,0,-0.719
5433,126.329874,37.745843,200,0,0,0,0.0,0.0,5446,0,0,-0.651
5434,126.330134,37.747384,200,0,0,0,0.0,0.0,5445,0,0,-1.05
5435,126.329479,37.748771,200,0,0,0,0.0,0.0,5444,0,0,-1.15
5436,126.32809,37.74982,200,0,0,0,0.0,0.0,5443,0,0,-1.092
5437,126.326194,37.750492,200,0,0,0,0.0,0.0,5442,0,0,-0.561
5438,126.324475,37.751613,200,0,0,0,0.0,0.0,5441,0,0,-0.814
5439,126.322764,37.752589,260,0,0,0,0.0,0.0,5440,0,0,-0.577
5440,126.660609,37.815857,200,0,0,0,0.0,0.0,5439,0,0,-1.817
5441,126.659405,37.814467,200,0,0,0,0.0,0.0,5438,0,0,-0.667
5442,126.658134,37.813107,200,0,0,0,0.0,0.0,5469,0,0,-0.614
5443,126.657157,37.811773,200,0,0,0,0.0,0.0,5468,0,0,-0.478
5444,126.656537,37.810269,200,0,0,0,0.0,0.0,5467,0,0,-0.405
5445,126.657192,37.80942,200,0,0,0,0.0,0.0,5466,0,0,0.819
5446,126.656291,37.809077,200,0,0,0,0.0,0.0,5465,0,0,-0.675
5447,126.655632,37.807682,200,0,0,0,0.0,0.0,5464,0,0,-0.97
5448,126.656779,37.806772,200,0,0,0,0.0,0.0,5463,0,0,-0.475
5449,126.658201,37.806223,200,0,0,0,0.0,0.0,5462,0,0,-0.066
5450,126.659477,37.805422,200,0,0,0,0.0,0.0,5461,0,0,0.174
5451,126.66077,37.804339,200,0,0,0,0.0,0.0,5460,0,0,-0.231
5452,126.662345,37.8034,200,0,0,0,0.0,0.0,5459,0,0,-0.266
5453,126.664056,37.802667,200,0,0,0,0.0,0.0,5458,0,0,-1.199
5454,126.665142,37.80344,200,0,0,0,0.0,0.0,5457,0,0,-1.79
5455,126.665253,37.805164,200,0,0,0,0.0,0.0,5456,0,0,-1.438
5456,126.664962,37.80677,200,0,0,0,0.0,0.0,5455,0,0,-1.412
5457,126.664568,37.80829,200,0,0,0,0.0,0.0,5454,0,0,-1.388
5458,126.664103,37.809762,200,0,0,0,0.0,0.0,5485,0,0,-1.317
5459,126.663604,37.811331,200,0,0,0,0.0,0.0,5484,0,0,-1.386
5460,126.663015,37.812752,200,0,0,0,0.0,0.0,5483,0,0,-1.343
5461,126.662301,37.814303,200,0,0,0,0.0,0.0,5482,0,0,-1.469
5462,126.661538,37.815736,220,0,0,0,0.0,0.0,5481,0,0,-2.41
5463,126.370708,37.590748,200,0,0,0,0.0,0.0,5480,0,0,0.858
5464,126.369843,37.59211,200,0,0,0,0.0,0.0,5479,0,0,0.597
5465,126.368932,37.59223,200,0,0,0,0.0,0.0,5478,0,0,0.248
5466,126.368841,37.590979,200,0,0,0,0.0,0.0,5477,0,0,1.192
5467,126.369269,37.589564,200,0,0,0,0.0,0.0,5476,0,0,1.011
5468,126.369819,37.588157,200,0,0,0,0.0,0.0,5475,0,0,0.839
5469,126.370177,37.586489,200,0,0,0,0.0,0.0,5474,0,0,0.759
5470,126.370494,37.584855,200,0,0,0,0.0,0.0,5473,0,0,1.188
5471,126.370555,37.583055,200,0,0,0,0.0,0.0,5472,0,0,1.148
5472,126.3702,37.581381,200,0,0,0,0.0,0.0,5471,0,0,-0.216
5473,126.370083,37.579759,200,0,0,0,0.0,0.0,5470,0,0,-1.471
5474,126.370515,37.57861,200,0,0,0,0.0,0.0,5501,0,0,-2.259
5475,126.370575,37.579997,200,0,0,0,0.0,0.0,5500,0,0,-1.959
5476,126.370834,37.581054,200,0,0,0,0.0,0.0,5499,0,0,-0.167
5477,126.372183,37.580481,200,0,0,0,0.0,0.0,5498,0,0,1.583
5478,126.373582,37.579204,200,0,0,0,0.0,0.0,5497,0,0,1.38
5479,126.374345,37.577682,200,0,0,0,0.0,0.0,5496,0,0,1.109
5480,126.375032,37.576123,200,0,0,0,0.0,0.0,5495,0,0,0.856
5481,126.376199,37.575022,200,0,0,0,0.0,0.0,5494,0,0,0.158
5482,126.377876,37.575341,200,0,0,0,0.0,0.0,5493,0,0,-0.227
5483,126.378658,37.576618,200,0,0,0,0.0,0.0,5492,0,0,-0.151
5484,126.378745,37.578061,200,0,0,0,0.0,0.0,5491,0,0,-0.395
5485,126.377892,37.57957,200,0,0,0,0.0,0.0,5490,0,0,-0.225
5486,126.376934,37.581035,200,0,0,0,0.0,0.0,5489,0,0,-0.097
5487,126.376288,37.582094,200,0,0,0,0.0,0.0,5488,0,0,-0.136
5488,126.375134,37.583367,200,0,0,0,0.0,0.0,5487,0,0,-0.026
5489,126.374172,37.584534,200,0,0,0,0.0,0.0,5486,0,0,-0.16
5490,126.373006,37.58589,200,0,0,0,0.0,0.0,5517,0,0,-0.192
5491,126.372025,37.587134,200,0,0,0,0.0,0.0,5516,0,0,-0.224
5492,126.371573,37.58863,200,0,0,0,0.0,0.0,5515,0,0,-0.203
5493,126.371172,37.589647,100,0,0,0,0.0,0.0,5514,0,0,0.418
5494,126.348578,37.597265,200,0,0,0,0.0,0.0,5513,0,0,-0.142
5495,126.347543,37.596148,200,0,0,0,0.0,0.0,5512,0,0,0.438
5496,126.346844,37.594861,200,0,0,0,0.0,0.0,5511,0,0,0.921
5497,126.346087,37.593591,200,0,0,0,0.0,0.0,5510,0,0,1.275
5498,126.345167,37.593581,200,0,0,0,0.0,0.0,5509,0,0,-0.559
5499,126.344376,37.593016,200,0,0,0,0.0,0.0,5508,0,0,0.081
5500,126.34365,37.591619,200,0,0,0,0.0,0.0,5507,0,0,0.745
5501,126.343204,37.590192,200,0,0,0,0.0,0.0,5506,0,0,0.916
5502,126.342799,37.588682,200,0,0,0,0.0,0.0,5505,0,0,0.867
5503,126.342599,37.587371,200,0,0,0,0.0,0.0,5504,0,0,0.66
5504,126.342407,37.586114,200,0,0,0,0.0,0.0,5503,0,0,-0.185
5505,126.34384,37.585833,200,0,0,0,0.0,0.0,5502,0,0,0.216
5506,126.345238,37.586048,200,0,0,0,0.0,0.0,5533,0,0,-0.327
5507,126.34617,37.586614,200,0,0,0,0.0,0.0,5532,0,0,-0.32
5508,126.345514,37.587149,200,0,0,0,0.0,0.0,5531,0,0,1.274
5509,126.346884,37.587287,200,0,0,0,0.0,0.0,5530,0,0,0.987
5510,126.348286,37.587576,200,0,0,0,0.0,0.0,5529,0,0,-0.992
5511,126.348675,37.588583,200,0,0,0,0.0,0.0,5528,0,0,-0.233
5512,126.348887,37.589813,200,0,0,0,0.0,0.0,5527,0,0,0.062
5513,126.34899,37.590955,200,0,0,0,0.0,0.0,5526,0,0,0.141
5514,126.349282,37.592131,200,0,0,0,0.0,0.0,5525,0,0,0.376
5515,126.34976,37.593316,200,0,0,0,0.0,0.0,5524,0,0,0.027
5516,126.350099,37.594715,200,0,0,0,0.0,0.0,5523,0,0,1.171
5517,126.351483,37.595067,200,0,0,0,0.0,0.0,5522,0,0,-0.213
5518,126.351933,37.596256,200,0,0,0,0.0,0.0,5521,0,0,-1.198
5519,126.350986,37.596717,200,0,0,0,0.0,0.0,5520,0,0,-0.274
5520,126.350151,37.597349,240,0,0,0,0.0,0.0,5519,0,0,-0.439
5521,126.329859,37.511526,200,0,0,0,0.0,0.0,5518,0,0,2.922
5522,126.329923,37.509725,200,0,0,0,0.0,0.0,859,0,0,3.872
5523,126.330015,37.507967,200,0,0,0,0.0,0.0,858,0,0,3.87
5524,126.330042,37.506379,200,0,0,0,0.0,0.0,857,0,0,3.849
5525,126.330106,37.504578,200,0,0,0,0.0,0.0,856,0,0,3.878
5526,126.33017,37.502777,200,0,0,0,0.0,0.0,855,0,0,2.975
5527,126.330381,37.501158,200,0,0,0,0.0,0.0,854,0,0,1.065
5528,126.331837,37.501311,200,0,0,0,0.0,0.0,853,0,0,-0.731
5529,126.33316,37.502543,200,0,0,0,0.0,0.0,852,0,0,-0.382
5530,126.334556,37.50353,200,0,0,0,0.0,0.0,851,0,0,-0.924
5531,126.335128,37.504943,200,0,0,0,0.0,0.0,850,0,0,-0.357
5532,126.335221,37.506465,200,0,0,0,0.0,0.0,849,0,0,0.097
5533,126.335631,37.507915,200,0,0,0,0.0,0.0,848,0,0,-0.109
5534,126.335722,37.509682,200,0,0,0,0.0,0.0,847,0,0,-0.157
5535,126.335215,37.511049,200,0,0,0,0.0,0.0,846,0,0,-0.773
5536,126.333457,37.511622,200,0,0,0,0.0,0.0,845,0,0,-0.157
5537,126.331707,37.512012,260,0,0,0,0.0,0.0,844,0,0,0.081
