scenario,id,release_lon,release_lat,release_time,final_status,stranded,stranded_t0,lon,lat,drift_days
han_river,0,126.62369537353516,37.784027099609375,2026-06-01T00:09:19.907256,stranded,1,0,126.6382064819336,37.77449035644531,0.25
han_river,1,126.5927505493164,37.75737380981445,2026-06-01T00:33:43.224506,stranded,1,1,126.5927505493164,37.75737380981445,0.12
han_river,2,126.55815887451172,37.77910232543945,2026-06-01T02:08:40.054032,stranded,1,0,126.55974578857422,37.76560592651367,0.25
han_river,3,126.56948852539062,37.75830841064453,2026-06-01T02:16:28.742840,stranded,1,0,126.56948852539062,37.75518035888672,0.25
han_river,4,126.64132690429688,37.77872085571289,2026-06-01T03:12:35.174895,stranded,1,0,126.64738464355469,37.77467727661133,0.25
han_river,5,126.67475891113281,37.75492858886719,2026-06-01T03:47:44.422973,stranded,1,0,126.66365814208984,37.73897171020508,0.5
han_river,6,126.61842346191406,37.75876235961914,2026-06-01T04:00:46.556660,stranded,1,1,126.61842346191406,37.75876235961914,0.12
han_river,7,126.64981842041016,37.79119110107422,2026-06-01T04:37:12.959436,stranded,1,1,126.64981842041016,37.79119110107422,0.12
han_river,8,126.625732421875,37.76924514770508,2026-06-01T04:50:44.957527,stranded,1,0,126.6265869140625,37.76549530029297,0.5
han_river,9,126.66083526611328,37.75236892700195,2026-06-01T05:40:24.286363,stranded,1,0,126.65139770507812,37.76800537109375,0.38
han_river,10,126.66655731201172,37.75716781616211,2026-06-01T05:42:22.985155,stranded,1,0,126.65473175048828,37.750343322753906,0.5
han_river,11,126.55947875976562,37.77461242675781,2026-06-01T06:50:02.275952,stranded,1,0,126.55093383789062,37.7703857421875,0.38
han_river,12,126.64412689208984,37.79330062866211,2026-06-01T07:29:36.387260,stranded,1,1,126.64412689208984,37.79330062866211,0.12
han_river,13,126.55580139160156,37.78752517700195,2026-06-01T07:48:29.836133,stranded,1,0,126.55657958984375,37.79249954223633,0.25
han_river,14,126.63096618652344,37.77633285522461,2026-06-01T09:37:56.731157,stranded,1,0,126.6339340209961,37.77359390258789,0.25
han_river,15,126.5758285522461,37.763954162597656,2026-06-01T09:49:33.455090,stranded,1,0,126.57581329345703,37.753448486328125,0.25
han_river,16,126.65596771240234,37.748130798339844,2026-06-01T10:11:51.435125,stranded,1,1,126.65596771240234,37.748130798339844,0.12
han_river,17,126.61090087890625,37.75413513183594,2026-06-01T10:45:15.951027,stranded,1,1,126.61090087890625,37.75413513183594,0.12
han_river,18,126.61061096191406,37.775516510009766,2026-06-01T11:41:23.031419,stranded,1,0,126.60784149169922,37.75345993041992,0.25
han_river,19,126.6092529296875,37.752838134765625,2026-06-01T12:57:24.148927,stranded,1,1,126.6092529296875,37.752838134765625,0.12
han_river,20,126.55449676513672,37.77629470825195,2026-06-01T15:33:08.678672,stranded,1,0,126.5320816040039,37.802738189697266,0.25
han_river,21,126.55538940429688,37.77385330200195,2026-06-01T16:18:04.858873,stranded,1,0,126.52481842041016,37.80747604370117,0.25
han_river,22,126.62237548828125,37.79384994506836,2026-06-01T16:58:08.161359,stranded,1,1,126.62237548828125,37.79384994506836,0.12
han_river,23,126.61872100830078,37.79196548461914,2026-06-01T18:04:41.009388,stranded,1,0,126.61736297607422,37.79196548461914,0.25
han_river,24,126.60440826416016,37.78071975708008,2026-06-01T18:45:15.291964,stranded,1,1,126.60440826416016,37.78071975708008,0.12
han_river,25,126.5983657836914,37.776649475097656,2026-06-01T19:14:50.199293,stranded,1,1,126.5983657836914,37.776649475097656,0.12
han_river,26,126.65204620361328,37.75543975830078,2026-06-01T19:30:07.654518,stranded,1,1,126.65204620361328,37.75543975830078,0.12
han_river,27,126.65357971191406,37.75385665893555,2026-06-01T19:42:16.224473,stranded,1,1,126.65357971191406,37.75385665893555,0.12
han_river,28,126.61774444580078,37.78012466430664,2026-06-01T20:38:21.950041,stranded,1,0,126.6087646484375,37.78705596923828,0.25
han_river,29,126.59172058105469,37.76507568359375,2026-06-01T21:41:07.360398,stranded,1,0,126.59346771240234,37.75727081298828,0.25
han_river,30,126.60429382324219,37.78074645996094,2026-06-01T21:43:22.033828,stranded,1,1,126.60429382324219,37.78074645996094,0.12
han_river,31,126.59420776367188,37.75730895996094,2026-06-01T23:06:48.990635,stranded,1,1,126.59420776367188,37.75730895996094,0.12
han_river,32,126.5735092163086,37.76801300048828,2026-06-02T00:19:01.611140,stranded,1,0,126.56776428222656,37.7553825378418,0.25
han_river,33,126.6278305053711,37.768760681152344,2026-06-02T00:43:26.313546,stranded,1,0,126.6297378540039,37.767852783203125,0.25
han_river,34,126.61280059814453,37.75540542602539,2026-06-02T00:49:22.763319,stranded,1,1,126.61280059814453,37.75540542602539,0.12
han_river,35,126.589111328125,37.75420379638672,2026-06-02T01:22:38.481744,stranded,1,1,126.589111328125,37.75420379638672,0.12
han_river,36,126.62725830078125,37.77471160888672,2026-06-02T01:27:23.554374,stranded,1,0,126.63106536865234,37.77139663696289,0.25
han_river,37,126.64848327636719,37.77363586425781,2026-06-02T02:18:57.019853,stranded,1,1,126.64848327636719,37.77363586425781,0.12
han_river,38,126.65340423583984,37.7622184753418,2026-06-02T03:12:31.874767,stranded,1,0,126.6652603149414,37.73479461669922,0.88
han_river,39,126.61373138427734,37.763919830322266,2026-06-02T03:57:06.340223,stranded,1,0,126.60938262939453,37.78681564331055,0.38
han_river,40,126.6170654296875,37.75731658935547,2026-06-02T04:39:18.640442,stranded,1,1,126.6170654296875,37.75731658935547,0.12
han_river,41,126.60482788085938,37.75694274902344,2026-06-02T04:52:51.000860,stranded,1,0,126.60231018066406,37.77977752685547,0.38
han_river,42,126.62338256835938,37.76345443725586,2026-06-02T04:54:20.409773,stranded,1,0,126.61848449707031,37.79483413696289,0.25
han_river,43,126.5950698852539,37.75755310058594,2026-06-02T04:56:53.576599,stranded,1,1,126.5950698852539,37.75755310058594,0.12
han_river,44,126.60845947265625,37.76753616333008,2026-06-02T04:59:22.349396,stranded,1,0,126.60749816894531,37.786712646484375,0.25
han_river,45,126.66436767578125,37.75901794433594,2026-06-02T05:10:24.605680,stranded,1,0,126.66732025146484,37.71685791015625,0.75
han_river,46,126.58407592773438,37.77134704589844,2026-06-02T06:37:40.234952,stranded,1,1,126.58407592773438,37.77134704589844,0.12
han_river,47,126.61763763427734,37.791648864746094,2026-06-02T06:52:58.559256,stranded,1,1,126.61763763427734,37.791648864746094,0.12
han_river,48,126.55390930175781,37.78664016723633,2026-06-02T08:30:58.566573,stranded,1,0,126.55076599121094,37.76942443847656,0.38
han_river,49,126.6610107421875,37.754730224609375,2026-06-02T08:45:06.175993,stranded,1,0,126.65336608886719,37.75657653808594,0.25
han_river,50,126.63864135742188,37.78070831298828,2026-06-02T08:45:12.847100,stranded,1,0,126.64340209960938,37.77384948730469,0.38
han_river,51,126.58145141601562,37.756858825683594,2026-06-02T08:55:04.053832,stranded,1,0,126.56790161132812,37.75450134277344,0.25
han_river,52,126.65974426269531,37.75090026855469,2026-06-02T09:27:30.976107,stranded,1,0,126.6603775024414,37.74306869506836,0.25
han_river,53,126.54354095458984,37.78742218017578,2026-06-02T09:37:59.512534,stranded,1,0,126.54439544677734,37.771366119384766,0.25
han_river,54,126.59423828125,37.75677490234375,2026-06-02T10:13:32.055060,stranded,1,1,126.59423828125,37.75677490234375,0.12
han_river,55,126.55440521240234,37.77676010131836,2026-06-02T10:22:00.653466,stranded,1,0,126.55387115478516,37.76966857910156,0.25
han_river,56,126.60618591308594,37.752899169921875,2026-06-02T10:24:16.695008,stranded,1,1,126.60618591308594,37.752899169921875,0.12
han_river,57,126.64010620117188,37.77592086791992,2026-06-02T10:56:43.904396,stranded,1,1,126.64010620117188,37.77592086791992,0.12
han_river,58,126.58306121826172,37.7680549621582,2026-06-02T12:20:48.281327,stranded,1,0,126.58988952636719,37.75625991821289,0.25
han_river,59,126.55998992919922,37.76661682128906,2026-06-02T12:46:36.040922,stranded,1,1,126.55998992919922,37.76661682128906,0.12
han_river,60,126.61258697509766,37.75537872314453,2026-06-02T13:27:37.676695,stranded,1,1,126.61258697509766,37.75537872314453,0.12
han_river,61,126.5791244506836,37.754459381103516,2026-06-02T13:40:42.033369,stranded,1,1,126.5791244506836,37.754459381103516,0.12
han_river,62,126.57022857666016,37.75511932373047,2026-06-02T13:49:25.891340,stranded,1,1,126.57022857666016,37.75511932373047,0.12
han_river,63,126.62559509277344,37.7811279296875,2026-06-02T14:18:59.820732,stranded,1,0,126.62495422363281,37.762393951416016,0.25
han_river,64,126.58979034423828,37.75803756713867,2026-06-02T14:56:45.898845,stranded,1,0,126.59280395507812,37.757415771484375,0.25
han_river,65,126.61005401611328,37.75999450683594,2026-06-02T15:14:34.860228,stranded,1,0,126.60958862304688,37.75255584716797,0.25
han_river,66,126.583984375,37.76066970825195,2026-06-02T17:01:52.685960,stranded,1,0,126.53128051757812,37.80276107788086,0.38
han_river,67,126.65421295166016,37.749610900878906,2026-06-02T17:06:30.222202,stranded,1,1,126.65421295166016,37.749610900878906,0.12
han_river,68,126.61176300048828,37.7779655456543,2026-06-02T17:33:06.865281,stranded,1,0,126.60574340820312,37.78400802612305,0.25
han_river,69,126.56356048583984,37.77497100830078,2026-06-02T17:38:05.665643,stranded,1,0,126.54084014892578,37.80111312866211,0.25
han_river,70,126.62200164794922,37.77756881713867,2026-06-02T18:03:46.400160,stranded,1,0,126.6125717163086,37.78893280029297,0.25
han_river,71,126.65360260009766,37.7545051574707,2026-06-02T18:51:34.532342,stranded,1,1,126.65360260009766,37.7545051574707,0.12
han_river,72,126.59684753417969,37.774227142333984,2026-06-02T19:06:10.568241,stranded,1,1,126.59684753417969,37.774227142333984,0.12
han_river,73,126.6444091796875,37.79400634765625,2026-06-02T19:06:45.632551,stranded,1,1,126.6444091796875,37.79400634765625,0.12
han_river,74,126.60971069335938,37.78728103637695,2026-06-02T19:06:58.921028,stranded,1,1,126.60971069335938,37.78728103637695,0.12
han_river,75,126.59370422363281,37.77206039428711,2026-06-02T19:13:47.785804,stranded,1,1,126.59370422363281,37.77206039428711,0.12
han_river,76,126.6162338256836,37.7916259765625,2026-06-02T20:20:43.437508,stranded,1,1,126.6162338256836,37.7916259765625,0.12
han_river,77,126.65262603759766,37.770164489746094,2026-06-02T20:24:53.441281,stranded,1,0,126.65118408203125,37.770164489746094,0.25
han_river,78,126.65361022949219,37.75083541870117,2026-06-02T20:36:11.314575,stranded,1,1,126.65361022949219,37.75083541870117,0.12
han_river,79,126.60269927978516,37.767547607421875,2026-06-02T20:55:29.139916,stranded,1,0,126.59465789794922,37.77357864379883,0.25
han_river,80,126.62828063964844,37.793235778808594,2026-06-02T22:13:47.844350,stranded,1,1,126.62828063964844,37.793235778808594,0.12
han_river,81,126.59281158447266,37.76261520385742,2026-06-02T22:22:33.608813,stranded,1,0,126.58441162109375,37.75434494018555,0.25
han_river,82,126.59325408935547,37.76282501220703,2026-06-02T22:53:02.591280,stranded,1,0,126.58116912841797,37.754249572753906,0.25
han_river,83,126.64006042480469,37.79265594482422,2026-06-02T23:18:31.899433,stranded,1,1,126.64006042480469,37.79265594482422,0.12
han_river,84,126.59398651123047,37.756343841552734,2026-06-03T00:35:50.973133,stranded,1,1,126.59398651123047,37.756343841552734,0.12
han_river,85,126.61641693115234,37.767303466796875,2026-06-03T02:59:18.613631,stranded,1,0,126.6139907836914,37.75556182861328,0.25
han_river,86,126.62005615234375,37.76999282836914,2026-06-03T03:13:28.323940,stranded,1,0,126.62782287597656,37.76546859741211,0.25
han_river,87,126.65057373046875,37.76631546020508,2026-06-03T03:41:50.281900,stranded,1,1,126.65057373046875,37.76631546020508,0.12
han_river,88,126.58155822753906,37.75703811645508,2026-06-03T03:51:33.939929,stranded,1,0,126.5933609008789,37.77227783203125,0.25
han_river,89,126.63706970214844,37.786399841308594,2026-06-03T04:26:17.963529,stranded,1,0,126.63716888427734,37.792083740234375,0.25
han_river,90,126.65895080566406,37.75927734375,2026-06-03T05:14:59.484557,stranded,1,0,126.65335845947266,37.79062271118164,0.38
han_river,91,126.66533660888672,37.751914978027344,2026-06-03T05:38:23.433844,stranded,1,0,126.65333557128906,37.791568756103516,0.38
han_river,92,126.5713119506836,37.75859451293945,2026-06-03T05:48:10.148193,stranded,1,0,126.5853271484375,37.772605895996094,0.38
han_river,93,126.66466522216797,37.77613067626953,2026-06-03T07:01:08.247882,stranded,1,0,126.66553497314453,37.736061096191406,0.5
han_river,94,126.65782928466797,37.78646469116211,2026-06-03T07:38:22.953107,stranded,1,0,126.65352630615234,37.793636322021484,0.25
han_river,95,126.65373992919922,37.81295394897461,2026-06-03T08:05:32.950349,stranded,1,1,126.65373992919922,37.81295394897461,0.12
han_river,96,126.56900024414062,37.76324462890625,2026-06-03T08:48:28.878780,stranded,1,0,126.5602798461914,37.76734161376953,0.25
han_river,97,126.65267944335938,37.76123809814453,2026-06-03T10:40:47.270255,stranded,1,1,126.65267944335938,37.76123809814453,0.12
han_river,98,126.63878631591797,37.79346466064453,2026-06-03T10:44:53.408941,stranded,1,1,126.63878631591797,37.79346466064453,0.12
han_river,99,126.63645935058594,37.792640686035156,2026-06-03T10:56:34.555502,stranded,1,1,126.63645935058594,37.792640686035156,0.12
han_river,100,126.60723876953125,37.7802619934082,2026-06-03T11:30:05.928598,stranded,1,0,126.60834503173828,37.7531852722168,0.25
han_river,101,126.57911682128906,37.76752853393555,2026-06-03T11:56:57.595529,stranded,1,0,126.57454681396484,37.754215240478516,0.25
han_river,102,126.65965270996094,37.74403762817383,2026-06-03T12:29:04.981831,stranded,1,1,126.65965270996094,37.74403762817383,0.12
han_river,103,126.6591796875,37.74550247192383,2026-06-03T13:30:48.084652,stranded,1,0,126.6591796875,37.74274444580078,0.25
han_river,104,126.59341430664062,37.7567138671875,2026-06-03T13:53:11.112246,stranded,1,1,126.59341430664062,37.7567138671875,0.12
han_river,105,126.6103286743164,37.76122283935547,2026-06-03T13:53:58.811696,stranded,1,0,126.6119613647461,37.75502014160156,0.25
han_river,106,126.60130310058594,37.755027770996094,2026-06-03T14:20:25.448336,stranded,1,1,126.60130310058594,37.755027770996094,0.12
han_river,107,126.6530990600586,37.77363586425781,2026-06-03T15:17:23.846420,stranded,1,0,126.6523666381836,37.765296936035156,0.25
han_river,108,126.5639877319336,37.762001037597656,2026-06-03T16:15:18.503791,stranded,1,1,126.5639877319336,37.762001037597656,0.12
han_river,109,126.62438201904297,37.78999710083008,2026-06-03T16:58:55.374734,stranded,1,0,126.61951446533203,37.793357849121094,0.25
han_river,110,126.6214370727539,37.772918701171875,2026-06-03T18:12:26.839739,stranded,1,0,126.60896301269531,37.78728485107422,0.25
han_river,111,126.56007385253906,37.78887176513672,2026-06-03T18:34:15.741064,stranded,1,1,126.56007385253906,37.78887176513672,0.12
han_river,112,126.6217041015625,37.7944450378418,2026-06-03T18:56:08.222156,stranded,1,1,126.6217041015625,37.7944450378418,0.12
han_river,113,126.54808807373047,37.796783447265625,2026-06-03T19:06:20.091821,stranded,1,1,126.54808807373047,37.796783447265625,0.12
han_river,114,126.61835479736328,37.772666931152344,2026-06-03T20:54:40.532163,stranded,1,0,126.60800170898438,37.78651428222656,0.25
han_river,115,126.60828399658203,37.774784088134766,2026-06-03T21:08:25.154186,stranded,1,0,126.60350799560547,37.78094482421875,0.25
han_river,116,126.64735412597656,37.792396545410156,2026-06-03T21:35:37.974313,stranded,1,1,126.64735412597656,37.792396545410156,0.12
han_river,117,126.56187438964844,37.78938674926758,2026-06-03T21:39:29.127874,stranded,1,1,126.56187438964844,37.78938674926758,0.12
han_river,118,126.62533569335938,37.79444885253906,2026-06-03T21:45:52.280809,stranded,1,1,126.62533569335938,37.79444885253906,0.12
han_river,119,126.55098724365234,37.78767776489258,2026-06-03T22:25:59.370009,stranded,1,0,126.5932388305664,37.75733947753906,0.38
han_river,120,126.5815658569336,37.77256393432617,2026-06-03T22:36:50.137159,stranded,1,1,126.5815658569336,37.77256393432617,0.12
han_river,121,126.59864044189453,37.77693557739258,2026-06-03T23:03:22.119281,stranded,1,1,126.59864044189453,37.77693557739258,0.12
han_river,122,126.65660858154297,37.78327560424805,2026-06-04T00:10:23.383790,stranded,1,0,126.68856048583984,37.76046371459961,0.38
han_river,123,126.62391662597656,37.77839660644531,2026-06-04T00:51:48.465658,stranded,1,0,126.63264465332031,37.7728385925293,0.25
han_river,124,126.6006851196289,37.7620964050293,2026-06-04T01:43:09.198559,stranded,1,0,126.61521911621094,37.7569580078125,0.25
han_river,125,126.58924102783203,37.76215362548828,2026-06-04T02:47:56.856787,stranded,1,0,126.59249877929688,37.75777053833008,0.25
han_river,126,126.64939880371094,37.7825813293457,2026-06-04T02:54:21.561372,stranded,1,0,126.67874908447266,37.770355224609375,0.38
han_river,127,126.5833969116211,37.76032257080078,2026-06-04T02:58:21.625096,stranded,1,0,126.5902328491211,37.75661087036133,0.25
han_river,128,126.57288360595703,37.7698860168457,2026-06-04T03:01:26.098304,stranded,1,0,126.58677673339844,37.75545120239258,0.25
han_river,129,126.59004974365234,37.75999450683594,2026-06-04T03:13:53.885714,stranded,1,0,126.59098052978516,37.75587463378906,0.25
han_river,130,126.64533233642578,37.781803131103516,2026-06-04T04:10:19.932546,stranded,1,0,126.65129852294922,37.807674407958984,0.38
han_river,131,126.63785552978516,37.78001022338867,2026-06-04T04:16:02.431315,stranded,1,0,126.65247344970703,37.81098175048828,0.38
han_river,132,126.68407440185547,37.74721908569336,2026-06-04T04:51:46.087264,stranded,1,0,126.68663024902344,37.74721908569336,0.25
han_river,133,126.63660430908203,37.787376403808594,2026-06-04T05:09:12.329091,stranded,1,0,126.65465545654297,37.814727783203125,0.38
han_river,134,126.60287475585938,37.76322555541992,2026-06-04T05:15:36.335269,stranded,1,0,126.6169662475586,37.791656494140625,0.38
han_river,135,126.61793518066406,37.778526306152344,2026-06-04T05:31:45.242374,stranded,1,0,126.64422607421875,37.79279708862305,0.25
han_river,136,126.65131378173828,37.7894172668457,2026-06-04T05:47:28.204007,stranded,1,0,126.6774673461914,37.79405975341797,0.5
han_river,137,126.62763977050781,37.78045654296875,2026-06-04T06:59:27.258014,stranded,1,0,126.62781524658203,37.765625,0.38
han_river,138,126.66754150390625,37.7977409362793,2026-06-04T07:10:23.249366,stranded,1,0,126.6777114868164,37.781429290771484,0.5
han_river,139,126.6163558959961,37.78785705566406,2026-06-04T07:15:35.189726,stranded,1,0,126.61514282226562,37.789852142333984,0.25
han_river,140,126.6231918334961,37.79298782348633,2026-06-04T08:25:12.035306,stranded,1,1,126.6231918334961,37.79298782348633,0.12
han_river,141,126.61124420166016,37.76581573486328,2026-06-04T08:25:22.109256,stranded,1,0,126.59555053710938,37.77479553222656,0.38
han_river,142,126.64482879638672,37.78733825683594,2026-06-04T09:15:47.655046,stranded,1,0,126.6470718383789,37.79228973388672,0.25
han_river,143,126.5616683959961,37.765235900878906,2026-06-04T09:44:56.890340,stranded,1,1,126.5616683959961,37.765235900878906,0.12
han_river,144,126.59432220458984,37.766334533691406,2026-06-04T09:58:34.321450,stranded,1,0,126.60570526123047,37.753108978271484,0.25
han_river,145,126.65196228027344,37.76356887817383,2026-06-04T10:02:53.386288,stranded,1,1,126.65196228027344,37.76356887817383,0.12
han_river,146,126.56241607666016,37.76197814941406,2026-06-04T10:24:37.384178,stranded,1,1,126.56241607666016,37.76197814941406,0.12
han_river,147,126.63522338867188,37.792850494384766,2026-06-04T10:37:11.951172,stranded,1,1,126.63522338867188,37.792850494384766,0.12
han_river,148,126.599365234375,37.77201461791992,2026-06-04T10:56:30.527402,stranded,1,0,126.59625244140625,37.775203704833984,0.25
han_river,149,126.6567153930664,37.75384521484375,2026-06-04T11:16:13.295137,stranded,1,0,126.6583251953125,37.74554443359375,0.25
han_river,150,126.56099700927734,37.77627944946289,2026-06-04T12:11:11.865813,stranded,1,0,126.55693054199219,37.76833724975586,0.25
han_river,151,126.60128784179688,37.755680084228516,2026-06-04T13:00:54.127136,stranded,1,1,126.60128784179688,37.755680084228516,0.12
han_river,152,126.57997131347656,37.75392532348633,2026-06-04T13:13:42.476811,stranded,1,1,126.57997131347656,37.75392532348633,0.12
han_river,153,126.62313079833984,37.76243591308594,2026-06-04T13:50:31.275517,stranded,1,1,126.62313079833984,37.76243591308594,0.12
han_river,154,126.59184265136719,37.75607681274414,2026-06-04T14:05:42.473787,stranded,1,1,126.59184265136719,37.75607681274414,0.12
han_river,155,126.62181091308594,37.76136016845703,2026-06-04T14:33:12.205151,stranded,1,1,126.62181091308594,37.76136016845703,0.12
han_river,156,126.6681137084961,37.77128982543945,2026-06-04T15:48:56.317287,stranded,1,0,126.65257263183594,37.81034469604492,0.38
han_river,157,126.57464599609375,37.75402069091797,2026-06-04T16:43:18.823325,stranded,1,1,126.57464599609375,37.75402069091797,0.12
han_river,158,126.66632843017578,37.7573356628418,2026-06-04T17:31:12.943003,stranded,1,0,126.65123748779297,37.7989616394043,0.38
han_river,159,126.5700454711914,37.75999450683594,2026-06-04T18:22:22.865639,stranded,1,0,126.56766510009766,37.755767822265625,0.25
han_river,160,126.59552001953125,37.773441314697266,2026-06-04T19:29:01.457335,stranded,1,1,126.59552001953125,37.773441314697266,0.12
han_river,161,126.61166381835938,37.7889404296875,2026-06-04T19:41:08.560607,stranded,1,1,126.61166381835938,37.7889404296875,0.12
han_river,162,126.6104507446289,37.7747802734375,2026-06-04T19:52:31.608509,stranded,1,0,126.60131072998047,37.77840042114258,0.25
han_river,163,126.65707397460938,37.77666473388672,2026-06-04T20:56:00.419180,stranded,1,0,126.64122772216797,37.7920036315918,0.25
han_river,164,126.6290054321289,37.7925910949707,2026-06-04T22:07:27.325832,stranded,1,1,126.6290054321289,37.7925910949707,0.12
han_river,165,126.5875473022461,37.77127456665039,2026-06-04T22:15:53.598313,stranded,1,1,126.5875473022461,37.77127456665039,0.12
han_river,166,126.58444213867188,37.772430419921875,2026-06-04T22:34:58.082509,stranded,1,1,126.58444213867188,37.772430419921875,0.12
han_river,167,126.64253234863281,37.787696838378906,2026-06-04T22:50:29.305405,stranded,1,0,126.63587951660156,37.77383041381836,0.38
han_river,168,126.65522003173828,37.761932373046875,2026-06-04T23:53:48.607524,stranded,1,0,126.65303802490234,37.758548736572266,0.25
han_river,169,126.60528564453125,37.77912521362305,2026-06-04T23:56:50.656996,stranded,1,0,126.60294342041016,37.78207015991211,0.25
han_river,170,126.60968780517578,37.77317428588867,2026-06-05T01:13:17.329207,stranded,1,0,126.61764526367188,37.758140563964844,0.25
han_river,171,126.65949249267578,37.74712371826172,2026-06-05T03:18:28.659205,stranded,1,0,126.69022369384766,37.71443557739258,0.38
han_river,172,126.59062957763672,37.755245208740234,2026-06-05T03:40:16.028829,stranded,1,1,126.59062957763672,37.755245208740234,0.12
han_river,173,126.58766174316406,37.754878997802734,2026-06-05T03:46:58.825850,stranded,1,1,126.58766174316406,37.754878997802734,0.12
han_river,174,126.67169952392578,37.76325988769531,2026-06-05T03:58:16.213384,stranded,1,0,126.68639373779297,37.766571044921875,0.25
han_river,175,126.63976287841797,37.775978088378906,2026-06-05T04:23:15.089311,stranded,1,1,126.63976287841797,37.775978088378906,0.12
han_river,176,126.63365936279297,37.77368927001953,2026-06-05T04:40:50.773820,stranded,1,1,126.63365936279297,37.77368927001953,0.12
han_river,177,126.66317749023438,37.75698471069336,2026-06-05T05:54:13.067384,stranded,1,0,126.68346405029297,37.76618576049805,0.38
han_river,178,126.66859436035156,37.77341842651367,2026-06-05T06:26:55.491584,stranded,1,0,126.65193176269531,37.76217269897461,0.88
han_river,179,126.62908935546875,37.76984405517578,2026-06-05T06:40:40.537542,stranded,1,1,126.62908935546875,37.76984405517578,0.12
han_river,180,126.6488037109375,37.7907829284668,2026-06-05T07:45:38.936709,stranded,1,1,126.6488037109375,37.7907829284668,0.12
han_river,181,126.57685089111328,37.76327133178711,2026-06-05T07:58:26.539269,stranded,1,0,126.56836700439453,37.78156280517578,0.38
han_river,182,126.5688705444336,37.780643463134766,2026-06-05T08:00:22.223022,stranded,1,1,126.5688705444336,37.780643463134766,0.12
han_river,183,126.63103485107422,37.78343963623047,2026-06-05T08:00:45.800113,stranded,1,0,126.617919921875,37.79488754272461,0.25
han_river,184,126.62122344970703,37.772830963134766,2026-06-05T08:31:08.527935,stranded,1,0,126.62203216552734,37.760868072509766,0.5
han_river,185,126.57981872558594,37.76493835449219,2026-06-05T08:45:24.196240,stranded,1,0,126.58259582519531,37.77375411987305,0.25
han_river,186,126.593994140625,37.7731819152832,2026-06-05T10:03:12.124104,stranded,1,1,126.593994140625,37.7731819152832,0.12
han_river,187,126.65850067138672,37.75779342651367,2026-06-05T10:47:34.458717,stranded,1,0,126.65253448486328,37.75614929199219,0.25
han_river,188,126.61598205566406,37.76692199707031,2026-06-05T12:09:01.033404,stranded,1,0,126.61473083496094,37.75619125366211,0.25
han_river,189,126.61972045898438,37.76008605957031,2026-06-05T12:09:01.371064,stranded,1,1,126.61972045898438,37.76008605957031,0.12
han_river,190,126.58004760742188,37.75999450683594,2026-06-05T12:20:02.256645,stranded,1,0,126.57295227050781,37.754058837890625,0.25
han_river,191,126.62258911132812,37.7723274230957,2026-06-05T12:37:54.734450,stranded,1,0,126.62752532958984,37.76569366455078,0.25
han_river,192,126.61234283447266,37.75288391113281,2026-06-05T12:44:33.555026,stranded,1,1,126.61234283447266,37.75288391113281,0.12
han_river,193,126.56542205810547,37.75615692138672,2026-06-05T13:15:02.873641,stranded,1,1,126.56542205810547,37.75615692138672,0.12
han_river,194,126.66127014160156,37.74665832519531,2026-06-05T13:24:49.268348,stranded,1,0,126.66127014160156,37.74249267578125,0.25
han_river,195,126.60765838623047,37.753028869628906,2026-06-05T13:34:18.954205,stranded,1,1,126.60765838623047,37.753028869628906,0.12
han_river,196,126.56212615966797,37.76268005371094,2026-06-05T13:53:05.428954,stranded,1,1,126.56212615966797,37.76268005371094,0.12
han_river,197,126.66632080078125,37.74122619628906,2026-06-05T13:56:47.399952,stranded,1,0,126.66590118408203,37.73558807373047,0.25
han_river,198,126.66592407226562,37.746673583984375,2026-06-05T14:06:26.235441,stranded,1,0,126.6669921875,37.73470687866211,0.25
han_river,199,126.61898803710938,37.773380279541016,2026-06-05T15:21:51.268247,stranded,1,0,126.6234359741211,37.76214599609375,0.25
han_river,200,126.59086608886719,37.75618362426758,2026-06-05T16:13:45.518167,stranded,1,1,126.59086608886719,37.75618362426758,0.12
han_river,201,126.57869720458984,37.75418472290039,2026-06-05T16:17:49.702312,stranded,1,1,126.57869720458984,37.75418472290039,0.12
han_river,202,126.61915588378906,37.759159088134766,2026-06-05T16:33:36.430022,stranded,1,1,126.61915588378906,37.759159088134766,0.12
han_river,203,126.58580017089844,37.754669189453125,2026-06-05T16:37:23.818076,stranded,1,1,126.58580017089844,37.754669189453125,0.12
han_river,204,126.61776733398438,37.77162170410156,2026-06-05T18:15:05.275494,stranded,1,0,126.62605285644531,37.76488494873047,0.25
han_river,205,126.60953521728516,37.76451110839844,2026-06-05T18:54:31.977633,stranded,1,0,126.60114288330078,37.77768325805664,0.25
han_river,206,126.65616607666016,37.76169967651367,2026-06-05T18:58:46.331967,stranded,1,0,126.64726257324219,37.791954040527344,0.25
han_river,207,126.55780029296875,37.785675048828125,2026-06-05T19:27:11.580879,stranded,1,0,126.55364227294922,37.794334411621094,0.25
han_river,208,126.60391235351562,37.76536560058594,2026-06-05T19:38:41.143024,stranded,1,0,126.5994644165039,37.77717590332031,0.25
han_river,209,126.62785339355469,37.79192352294922,2026-06-05T19:45:16.856649,stranded,1,0,126.62377166748047,37.79389190673828,0.25
han_river,210,126.57567596435547,37.766937255859375,2026-06-05T20:27:14.294199,stranded,1,0,126.57469940185547,37.77213668823242,0.25
han_river,211,126.59598541259766,37.76417922973633,2026-06-05T20:32:51.960188,stranded,1,0,126.59122467041016,37.77187728881836,0.25
han_river,212,126.56880187988281,37.78044891357422,2026-06-05T20:44:00.594179,stranded,1,1,126.56880187988281,37.78044891357422,0.12
han_river,213,126.60911560058594,37.78638458251953,2026-06-05T22:14:50.033177,stranded,1,1,126.60911560058594,37.78638458251953,0.12
han_river,214,126.56425476074219,37.78870391845703,2026-06-05T22:22:00.145489,stranded,1,1,126.56425476074219,37.78870391845703,0.12
han_river,215,126.5924301147461,37.773311614990234,2026-06-05T23:19:46.737504,stranded,1,1,126.5924301147461,37.773311614990234,0.12
han_river,216,126.64482116699219,37.786983489990234,2026-06-05T23:25:55.000061,stranded,1,0,126.62943267822266,37.79352951049805,0.25
han_river,217,126.6176986694336,37.7918586730957,2026-06-05T23:34:52.405909,stranded,1,1,126.6176986694336,37.7918586730957,0.12
han_river,218,126.6529541015625,37.7780876159668,2026-06-06T00:28:40.605567,stranded,1,0,126.65202331542969,37.767364501953125,0.25
han_river,219,126.63593292236328,37.79197311401367,2026-06-06T00:40:07.235396,stranded,1,1,126.63593292236328,37.79197311401367,0.12
han_river,220,126.64778137207031,37.77457809448242,2026-06-06T00:54:41.454221,stranded,1,1,126.64778137207031,37.77457809448242,0.12
han_river,221,126.53472900390625,37.784976959228516,2026-06-06T01:33:39.396828,stranded,1,0,126.53697967529297,37.7790641784668,0.25
han_river,222,126.55368041992188,37.769630432128906,2026-06-06T01:38:51.471427,stranded,1,1,126.55368041992188,37.769630432128906,0.12
han_river,223,126.56017303466797,37.779476165771484,2026-06-06T02:23:34.181499,stranded,1,0,126.58189392089844,37.753074645996094,0.38
han_river,224,126.63732147216797,37.784996032714844,2026-06-06T02:35:43.630347,stranded,1,0,126.63777923583984,37.774147033691406,0.25
han_river,225,126.62340545654297,37.77539825439453,2026-06-06T03:12:54.690520,stranded,1,0,126.62560272216797,37.763980865478516,0.25
han_river,226,126.61438751220703,37.77186965942383,2026-06-06T03:59:13.545962,stranded,1,0,126.62617492675781,37.763893127441406,0.25
han_river,227,126.585693359375,37.75487518310547,2026-06-06T04:28:11.063174,stranded,1,1,126.585693359375,37.75487518310547,0.12
han_river,228,126.61136627197266,37.758148193359375,2026-06-06T04:45:16.178584,stranded,1,0,126.61214447021484,37.75399398803711,0.25
han_river,229,126.61502075195312,37.77362060546875,2026-06-06T05:19:32.664456,stranded,1,0,126.6291275024414,37.767757415771484,0.25
han_river,230,126.62319946289062,37.76649856567383,2026-06-06T05:50:13.889380,stranded,1,0,126.62625122070312,37.764869689941406,0.25
han_river,231,126.60774230957031,37.7569694519043,2026-06-06T05:55:20.562352,stranded,1,0,126.60774230957031,37.75312805175781,0.25
han_river,232,126.61074829101562,37.76445388793945,2026-06-06T06:12:10.198133,stranded,1,0,126.61834716796875,37.75902557373047,0.25
han_river,233,126.64996337890625,37.787052154541016,2026-06-06T06:43:26.285366,stranded,1,0,126.65184783935547,37.790767669677734,0.25
han_river,234,126.57815551757812,37.75446319580078,2026-06-06T06:56:50.840537,stranded,1,1,126.57815551757812,37.75446319580078,0.12
han_river,235,126.61844635009766,37.758460998535156,2026-06-06T07:22:57.370881,stranded,1,1,126.61844635009766,37.758460998535156,0.12
han_river,236,126.57946014404297,37.763282775878906,2026-06-06T08:46:17.229455,stranded,1,0,126.57383728027344,37.77275848388672,0.25
han_river,237,126.64096069335938,37.7877197265625,2026-06-06T08:50:24.032482,stranded,1,0,126.64134216308594,37.79243469238281,0.25
han_river,238,126.59400177001953,37.77315902709961,2026-06-06T09:59:45.695110,stranded,1,1,126.59400177001953,37.77315902709961,0.12
han_river,239,126.65006256103516,37.77922058105469,2026-06-06T10:15:09.309546,stranded,1,0,126.60140991210938,37.7789192199707,0.62
han_river,240,126.58004760742188,37.7720947265625,2026-06-06T10:55:20.203449,stranded,1,1,126.58004760742188,37.7720947265625,0.12
han_river,241,126.65323638916016,37.77210235595703,2026-06-06T10:58:34.415712,stranded,1,0,126.65068817138672,37.77210235595703,0.25
han_river,242,126.63677978515625,37.792118072509766,2026-06-06T11:01:40.363846,stranded,1,1,126.63677978515625,37.792118072509766,0.12
han_river,243,126.5945053100586,37.767059326171875,2026-06-06T11:23:51.081729,stranded,1,0,126.56198120117188,37.7664794921875,0.25
han_river,244,126.63850402832031,37.77876281738281,2026-06-06T14:31:58.547262,stranded,1,0,126.62438201904297,37.79296112060547,0.5
han_river,245,126.60319519042969,37.754547119140625,2026-06-06T16:35:37.532318,stranded,1,1,126.60319519042969,37.754547119140625,0.12
han_river,246,126.6084213256836,37.75653076171875,2026-06-06T17:07:31.696396,stranded,1,0,126.59769439697266,37.775569915771484,0.38
han_river,247,126.65064239501953,37.77713394165039,2026-06-06T17:13:11.906105,stranded,1,0,126.6479721069336,37.774131774902344,0.25
han_river,248,126.56639099121094,37.76474380493164,2026-06-06T18:05:26.259081,stranded,1,0,126.5643310546875,37.761409759521484,0.25
han_river,249,126.6392593383789,37.78196334838867,2026-06-06T18:08:58.526488,stranded,1,0,126.6332015991211,37.79292678833008,0.25
han_river,250,126.60005187988281,37.76999282836914,2026-06-06T18:16:52.414034,stranded,1,0,126.59212493896484,37.772743225097656,0.25
han_river,251,126.58819580078125,37.77054214477539,2026-06-06T18:51:38.434587,stranded,1,0,126.58683013916016,37.771976470947266,0.25
han_river,252,126.65499114990234,37.77434158325195,2026-06-06T20:46:41.388954,stranded,1,0,126.64391326904297,37.793479919433594,0.25
han_river,253,126.63812255859375,37.790462493896484,2026-06-06T21:10:22.538731,stranded,1,0,126.63812255859375,37.79271697998047,0.25
han_river,254,126.60112762451172,37.778236389160156,2026-06-06T22:01:10.111478,stranded,1,1,126.60112762451172,37.778236389160156,0.12
han_river,255,126.59955596923828,37.776832580566406,2026-06-06T22:42:31.965361,stranded,1,1,126.59955596923828,37.776832580566406,0.12
han_river,256,126.64775085449219,37.79250717163086,2026-06-06T23:53:34.410332,stranded,1,1,126.64775085449219,37.79250717163086,0.12
han_river,257,126.56690979003906,37.76441192626953,2026-06-07T00:06:21.734138,stranded,1,0,126.54025268554688,37.77594757080078,0.25
han_river,258,126.60804748535156,37.78586959838867,2026-06-07T00:37:31.154691,stranded,1,1,126.60804748535156,37.78586959838867,0.12
han_river,259,126.65470886230469,37.749942779541016,2026-06-07T02:38:49.873468,stranded,1,1,126.65470886230469,37.749942779541016,0.12
han_river,260,126.63500213623047,37.78001022338867,2026-06-07T02:42:51.026700,stranded,1,0,126.62612915039062,37.765071868896484,0.38
han_river,261,126.59142303466797,37.75950241088867,2026-06-07T02:57:31.853171,stranded,1,0,126.58907318115234,37.754425048828125,0.25
han_river,262,126.63280487060547,37.77198028564453,2026-06-07T03:48:32.340817,stranded,1,1,126.63280487060547,37.77198028564453,0.12
han_river,263,126.5815658569336,37.75598907470703,2026-06-07T03:56:47.136354,stranded,1,0,126.5815658569336,37.75328826904297,0.25
han_river,264,126.59964752197266,37.755592346191406,2026-06-07T04:15:13.992881,stranded,1,1,126.59964752197266,37.755592346191406,0.12
han_river,265,126.6174545288086,37.771881103515625,2026-06-07T04:58:18.037941,stranded,1,0,126.6236572265625,37.762752532958984,0.25
han_river,266,126.61734008789062,37.75925827026367,2026-06-07T05:03:37.902121,stranded,1,0,126.61734008789062,37.757076263427734,0.25
han_river,267,126.57051849365234,37.76826477050781,2026-06-07T05:58:54.008164,stranded,1,0,126.58171081542969,37.75408935546875,0.25
han_river,268,126.60069274902344,37.757102966308594,2026-06-07T06:13:02.092178,stranded,1,0,126.60041809082031,37.75516891479492,0.25
han_river,269,126.55004119873047,37.78998947143555,2026-06-07T06:21:02.214437,stranded,1,0,126.5123519897461,37.77228927612305,0.88
han_river,270,126.61798095703125,37.768310546875,2026-06-07T06:41:10.242935,stranded,1,0,126.61781311035156,37.79167938232422,0.25
han_river,271,126.65467834472656,37.781429290771484,2026-06-07T07:00:41.423702,stranded,1,0,126.65093231201172,37.80076599121094,0.25
han_river,272,126.58389282226562,37.76808166503906,2026-06-07T08:21:14.994932,stranded,1,0,126.58930206298828,37.77174377441406,0.25
han_river,273,126.61209869384766,37.789634704589844,2026-06-07T09:28:19.906562,stranded,1,1,126.61209869384766,37.789634704589844,0.12
han_river,274,126.63182067871094,37.793113708496094,2026-06-07T10:03:36.107353,stranded,1,1,126.63182067871094,37.793113708496094,0.12
han_river,275,126.65077209472656,37.78980255126953,2026-06-07T10:19:48.477259,stranded,1,1,126.65077209472656,37.78980255126953,0.12
han_river,276,126.64006042480469,37.79374694824219,2026-06-07T10:25:05.481302,stranded,1,1,126.64006042480469,37.79374694824219,0.12
han_river,277,126.58361053466797,37.77213668823242,2026-06-07T10:51:48.045344,stranded,1,1,126.58361053466797,37.77213668823242,0.12
han_river,278,126.65152740478516,37.7581901550293,2026-06-07T11:11:29.406049,stranded,1,1,126.65152740478516,37.7581901550293,0.12
han_river,279,126.653076171875,37.75955581665039,2026-06-07T11:21:57.918595,stranded,1,1,126.653076171875,37.75955581665039,0.12
han_river,280,126.6042709350586,37.753662109375,2026-06-07T12:55:26.497240,stranded,1,1,126.6042709350586,37.753662109375,0.12
han_river,281,126.60185241699219,37.76587677001953,2026-06-07T13:28:04.569353,stranded,1,0,126.6001968383789,37.75402069091797,0.25
han_river,282,126.65540313720703,37.747982025146484,2026-06-07T14:10:20.972179,stranded,1,1,126.65540313720703,37.747982025146484,0.12
han_river,283,126.60311126708984,37.75640106201172,2026-06-07T14:52:39.487459,stranded,1,0,126.60063171386719,37.75587463378906,0.25
han_river,284,126.64530944824219,37.782752990722656,2026-06-07T14:57:09.893908,stranded,1,0,126.6378402709961,37.774269104003906,0.25
han_river,285,126.62005615234375,37.76999282836914,2026-06-07T15:15:04.297733,stranded,1,0,126.60662078857422,37.752925872802734,0.38
han_river,286,126.58975982666016,37.7561149597168,2026-06-07T15:43:53.334265,stranded,1,1,126.58975982666016,37.7561149597168,0.12
han_river,287,126.63011932373047,37.77503967285156,2026-06-07T16:25:39.430233,stranded,1,0,126.63023376464844,37.7706298828125,0.25
han_river,288,126.620361328125,37.77788543701172,2026-06-07T16:55:16.093220,stranded,1,0,126.6212158203125,37.76045608520508,0.25
han_river,289,126.5599594116211,37.76689529418945,2026-06-07T17:14:21.353202,stranded,1,1,126.5599594116211,37.76689529418945,0.12
han_river,290,126.61143493652344,37.77891540527344,2026-06-07T18:01:23.599705,stranded,1,0,126.59410858154297,37.7724494934082,0.38
han_river,291,126.56737518310547,37.77316665649414,2026-06-07T18:15:00.561063,stranded,1,0,126.56513977050781,37.75798416137695,0.38
han_river,292,126.61005401611328,37.75999450683594,2026-06-07T18:21:29.312039,stranded,1,0,126.60517120361328,37.75382995605469,0.25
han_river,293,126.59858703613281,37.7567253112793,2026-06-07T18:47:32.012407,stranded,1,1,126.59858703613281,37.7567253112793,0.12
han_river,294,126.60260772705078,37.75532531738281,2026-06-07T19:00:40.687152,stranded,1,1,126.60260772705078,37.75532531738281,0.12
han_river,295,126.60916900634766,37.754981994628906,2026-06-07T19:41:45.618406,stranded,1,0,126.60513305664062,37.75267791748047,0.25
han_river,296,126.56929016113281,37.77118682861328,2026-06-07T19:51:49.545469,stranded,1,0,126.52275848388672,37.80784225463867,0.38
han_river,297,126.64777374267578,37.78736877441406,2026-06-07T20:23:05.024722,stranded,1,0,126.63519287109375,37.7920036315918,0.25
han_river,298,126.6177749633789,37.79169464111328,2026-06-07T22:46:30.539488,stranded,1,1,126.6177749633789,37.79169464111328,0.12
han_river,299,126.6518783569336,37.76519012451172,2026-06-07T22:48:03.785038,stranded,1,1,126.6518783569336,37.76519012451172,0.12
han_river,300,126.64604187011719,37.77887725830078,2026-06-07T23:29:47.468798,stranded,1,0,126.61576843261719,37.790199279785156,0.38
han_river,301,126.60409545898438,37.76720428466797,2026-06-07T23:31:12.552235,stranded,1,0,126.59508514404297,37.77423858642578,0.25
han_river,302,126.5634536743164,37.76222229003906,2026-06-07T23:44:45.799510,stranded,1,1,126.5634536743164,37.76222229003906,0.12
han_river,303,126.61676788330078,37.77252960205078,2026-06-08T00:02:23.924025,stranded,1,0,126.60446166992188,37.781368255615234,0.25
han_river,304,126.62005615234375,37.78998947143555,2026-06-08T00:12:04.697696,stranded,1,0,126.61709594726562,37.791324615478516,0.25
han_river,305,126.65413665771484,37.749717712402344,2026-06-08T01:45:03.982800,stranded,1,1,126.65413665771484,37.749717712402344,0.12
han_river,306,126.60467529296875,37.76677703857422,2026-06-08T01:55:57.435886,stranded,1,0,126.59803771972656,37.75688171386719,0.25
han_river,307,126.64006042480469,37.78998947143555,2026-06-08T03:19:39.694375,stranded,1,0,126.64279174804688,37.775390625,0.25
han_river,308,126.66783905029297,37.76504135131836,2026-06-08T03:41:42.148986,stranded,1,0,126.68767547607422,37.75055694580078,0.25
han_river,309,126.6000747680664,37.75572967529297,2026-06-08T04:05:47.750869,stranded,1,1,126.6000747680664,37.75572967529297,0.12
han_river,310,126.58998107910156,37.75985336303711,2026-06-08T05:01:09.964938,stranded,1,0,126.59239196777344,37.75563430786133,0.25
han_river,311,126.62468719482422,37.763919830322266,2026-06-08T06:27:48.344610,stranded,1,1,126.62468719482422,37.763919830322266,0.12
han_river,312,126.64572143554688,37.77385711669922,2026-06-08T06:52:43.077981,stranded,1,1,126.64572143554688,37.77385711669922,0.12
han_river,313,126.6246566772461,37.76361846923828,2026-06-08T07:08:50.691997,stranded,1,1,126.6246566772461,37.76361846923828,0.12
han_river,314,126.62625885009766,37.76470947265625,2026-06-08T07:24:53.841810,stranded,1,1,126.62625885009766,37.76470947265625,0.12
han_river,315,126.57498931884766,37.75202178955078,2026-06-08T07:33:53.563731,stranded,1,1,126.57498931884766,37.75202178955078,0.12
han_river,316,126.63260650634766,37.77227783203125,2026-06-08T09:34:12.474211,stranded,1,1,126.63260650634766,37.77227783203125,0.12
han_river,317,126.59062194824219,37.77161407470703,2026-06-08T09:34:36.262181,stranded,1,1,126.59062194824219,37.77161407470703,0.12
han_river,318,126.58094787597656,37.76063919067383,2026-06-08T09:45:24.352344,stranded,1,0,126.53810119628906,37.7787971496582,0.38
han_river,319,126.65401458740234,37.78400421142578,2026-06-08T09:52:27.356197,stranded,1,0,126.62850952148438,37.768829345703125,0.5
han_river,320,126.60748291015625,37.78252410888672,2026-06-08T10:52:20.761970,stranded,1,0,126.60235595703125,37.78097915649414,0.25
han_river,321,126.60845184326172,37.764408111572266,2026-06-08T12:19:30.340972,stranded,1,0,126.5601577758789,37.765464782714844,0.38
han_river,322,126.65225982666016,37.763771057128906,2026-06-08T12:40:04.313304,stranded,1,1,126.65225982666016,37.763771057128906,0.12
han_river,323,126.56202697753906,37.76625442504883,2026-06-08T12:42:28.915364,stranded,1,1,126.56202697753906,37.76625442504883,0.12
han_river,324,126.62361907958984,37.793190002441406,2026-06-08T13:26:14.764598,stranded,1,1,126.62361907958984,37.793190002441406,0.12
han_river,325,126.58170318603516,37.77251434326172,2026-06-08T14:03:19.844265,stranded,1,1,126.58170318603516,37.77251434326172,0.12
han_river,326,126.57152557373047,37.77116775512695,2026-06-08T14:51:55.009062,stranded,1,0,126.55841827392578,37.76791000366211,0.25
han_river,327,126.62718963623047,37.78110885620117,2026-06-08T14:58:43.394602,stranded,1,0,126.60002136230469,37.75566101074219,0.38
han_river,328,126.60192108154297,37.77890396118164,2026-06-08T15:28:40.695049,stranded,1,1,126.60192108154297,37.77890396118164,0.12
han_river,329,126.58258056640625,37.75400161743164,2026-06-08T15:55:31.101406,stranded,1,1,126.58258056640625,37.75400161743164,0.12
han_river,330,126.64970397949219,37.77332305908203,2026-06-08T15:57:08.741362,stranded,1,1,126.64970397949219,37.77332305908203,0.12
han_river,331,126.5780029296875,37.760921478271484,2026-06-08T17:11:51.403329,stranded,1,0,126.58043670654297,37.75395202636719,0.25
han_river,332,126.6118392944336,37.76840591430664,2026-06-08T17:33:15.790202,stranded,1,0,126.61338806152344,37.756072998046875,0.25
han_river,333,126.5700454711914,37.75999450683594,2026-06-08T18:18:12.581119,stranded,1,0,126.57181549072266,37.753292083740234,0.25
han_river,334,126.57908630371094,37.75617980957031,2026-06-08T19:04:08.156269,stranded,1,0,126.53143310546875,37.80259704589844,0.5
han_river,335,126.65792846679688,37.745460510253906,2026-06-08T19:17:39.951342,stranded,1,1,126.65792846679688,37.745460510253906,0.12
han_river,336,126.6366195678711,37.780391693115234,2026-06-08T19:46:11.540004,stranded,1,0,126.61480712890625,37.791385650634766,0.38
han_river,337,126.61622619628906,37.78277587890625,2026-06-08T19:46:35.416984,stranded,1,0,126.6141357421875,37.789302825927734,0.25
han_river,338,126.58722686767578,37.76461410522461,2026-06-08T20:15:04.692983,stranded,1,0,126.54962158203125,37.79720687866211,0.38
han_river,339,126.61742401123047,37.76860046386719,2026-06-08T21:07:19.814185,stranded,1,0,126.59674835205078,37.77533721923828,0.25
han_river,340,126.5404052734375,37.79386520385742,2026-06-08T21:24:39.001952,stranded,1,0,126.52931213378906,37.805198669433594,0.25
han_river,341,126.60598754882812,37.78445816040039,2026-06-08T21:37:43.030231,stranded,1,1,126.60598754882812,37.78445816040039,0.12
han_river,342,126.61383056640625,37.787254333496094,2026-06-08T21:55:40.583535,stranded,1,0,126.61383056640625,37.789154052734375,0.25
han_river,343,126.60906219482422,37.78679656982422,2026-06-08T22:02:25.387928,stranded,1,1,126.60906219482422,37.78679656982422,0.12
han_river,344,126.614501953125,37.78984451293945,2026-06-08T22:02:45.102246,stranded,1,1,126.614501953125,37.78984451293945,0.12
han_river,345,126.56434631347656,37.76020812988281,2026-06-08T22:08:08.673224,stranded,1,1,126.56434631347656,37.76020812988281,0.12
han_river,346,126.58004760742188,37.772396087646484,2026-06-08T22:33:07.131455,stranded,1,1,126.58004760742188,37.772396087646484,0.12
han_river,347,126.61769104003906,37.792137145996094,2026-06-08T23:12:54.419952,stranded,1,1,126.61769104003906,37.792137145996094,0.12
han_river,348,126.60575103759766,37.78158187866211,2026-06-08T23:40:35.445427,stranded,1,0,126.60427856445312,37.78158187866211,0.25
han_river,349,126.65851593017578,37.787654876708984,2026-06-08T23:52:02.002049,stranded,1,0,126.65176391601562,37.789608001708984,0.25
han_river,350,126.65237426757812,37.77228546142578,2026-06-09T00:23:31.213823,stranded,1,0,126.6394271850586,37.792625427246094,0.25
han_river,351,126.54887390136719,37.79608154296875,2026-06-09T00:48:34.648107,stranded,1,1,126.54887390136719,37.79608154296875,0.12
han_river,352,126.61521911621094,37.76725387573242,2026-06-09T02:11:49.670687,stranded,1,0,126.61798858642578,37.759010314941406,0.25
han_river,353,126.61532592773438,37.76984405517578,2026-06-09T02:44:48.122612,stranded,1,0,126.62510681152344,37.76441192626953,0.38
han_river,354,126.56779479980469,37.782470703125,2026-06-09T03:26:12.406436,stranded,1,1,126.56779479980469,37.782470703125,0.12
han_river,355,126.5960464477539,37.756351470947266,2026-06-09T04:07:29.560793,stranded,1,1,126.5960464477539,37.756351470947266,0.12
han_river,356,126.64665222167969,37.78889465332031,2026-06-09T04:22:36.107560,stranded,1,0,126.68820190429688,37.753849029541016,0.38
han_river,357,126.6601791381836,37.78274154663086,2026-06-09T05:12:39.611023,stranded,1,0,126.6741943359375,37.7752799987793,0.25
han_river,358,126.61665344238281,37.774925231933594,2026-06-09T05:45:54.695360,stranded,1,0,126.63079071044922,37.77019500732422,0.25
han_river,359,126.58389282226562,37.75735092163086,2026-06-09T06:11:56.069904,stranded,1,0,126.5872573852539,37.75566101074219,0.25
han_river,360,126.64229583740234,37.77564239501953,2026-06-09T06:31:29.137748,stranded,1,1,126.64229583740234,37.77564239501953,0.12
han_river,361,126.62960052490234,37.77219009399414,2026-06-09T07:52:28.785064,stranded,1,0,126.6310806274414,37.77219009399414,0.25
han_river,362,126.61580657958984,37.75762939453125,2026-06-09T08:17:46.066474,stranded,1,1,126.61580657958984,37.75762939453125,0.12
han_river,363,126.60015106201172,37.76314926147461,2026-06-09T08:23:50.362900,stranded,1,0,126.61064147949219,37.75286865234375,0.25
han_river,364,126.57749938964844,37.77000045776367,2026-06-09T10:05:44.984354,stranded,1,0,126.53495788574219,37.776710510253906,0.5
han_river,365,126.56681823730469,37.77067184448242,2026-06-09T10:20:24.066586,stranded,1,0,126.50926971435547,37.780784606933594,0.75
han_river,366,126.61449432373047,37.7729377746582,2026-06-09T10:49:14.036818,stranded,1,0,126.60520935058594,37.782386779785156,0.25
han_river,367,126.56182098388672,37.77629852294922,2026-06-09T10:51:16.852368,stranded,1,0,126.51212310791016,37.773197174072266,0.75
han_river,368,126.65755462646484,37.763275146484375,2026-06-09T11:08:34.660971,stranded,1,0,126.65233612060547,37.76507568359375,0.25
han_river,369,126.56774139404297,37.763885498046875,2026-06-09T11:44:05.612960,stranded,1,0,126.5635757446289,37.76322555541992,0.25
han_river,370,126.60417938232422,37.758270263671875,2026-06-09T11:45:17.264760,stranded,1,0,126.5893783569336,37.77122497558594,0.38
han_river,371,126.5994644165039,37.770225524902344,2026-06-09T12:11:29.319468,stranded,1,0,126.59548950195312,37.77509689331055,0.25
han_river,372,126.58084106445312,37.77360916137695,2026-06-09T13:23:46.770321,stranded,1,1,126.58084106445312,37.77360916137695,0.12
han_river,373,126.62030029296875,37.77315902709961,2026-06-09T13:39:02.067633,stranded,1,0,126.62174987792969,37.761512756347656,0.25
han_river,374,126.613037109375,37.76572799682617,2026-06-09T13:44:31.382786,stranded,1,0,126.61656188964844,37.75743865966797,0.25
han_river,375,126.61091613769531,37.77235794067383,2026-06-09T13:49:21.667610,stranded,1,0,126.60379791259766,37.75479507446289,0.25
han_river,376,126.55497741699219,37.782623291015625,2026-06-09T14:09:15.457931,stranded,1,0,126.55309295654297,37.769996643066406,0.38
han_river,377,126.5944595336914,37.76199722290039,2026-06-09T14:09:38.162686,stranded,1,0,126.59403991699219,37.757568359375,0.38
han_river,378,126.60367584228516,37.77796936035156,2026-06-09T14:31:09.021286,stranded,1,0,126.60152435302734,37.778594970703125,0.25
han_river,379,126.62005615234375,37.78998947143555,2026-06-09T15:22:51.779332,stranded,1,0,126.61614227294922,37.79001998901367,0.25
han_river,380,126.5600814819336,37.766395568847656,2026-06-09T15:53:36.098916,stranded,1,1,126.5600814819336,37.766395568847656,0.12
han_river,381,126.58390808105469,37.75447082519531,2026-06-09T18:46:35.386633,stranded,1,1,126.58390808105469,37.75447082519531,0.12
han_river,382,126.65229797363281,37.79685592651367,2026-06-09T18:50:36.939387,stranded,1,1,126.65229797363281,37.79685592651367,0.12
han_river,383,126.5758285522461,37.76206970214844,2026-06-09T20:57:12.852930,stranded,1,0,126.57634735107422,37.75260925292969,0.25
han_river,384,126.65029907226562,37.77778244018555,2026-06-09T21:36:46.533447,stranded,1,0,126.63539123535156,37.7916374206543,0.25
han_river,385,126.63938903808594,37.79241180419922,2026-06-09T22:24:23.756717,stranded,1,1,126.63938903808594,37.79241180419922,0.12
han_river,386,126.60548400878906,37.778953552246094,2026-06-09T23:10:52.123814,stranded,1,0,126.6047592163086,37.78247833251953,0.25
han_river,387,126.60169219970703,37.77116775512695,2026-06-09T23:25:54.908341,stranded,1,0,126.59426879882812,37.773399353027344,0.25
han_river,388,126.64240264892578,37.791778564453125,2026-06-10T00:10:55.172761,stranded,1,0,126.6412353515625,37.79276657104492,0.25
han_river,389,126.62005615234375,37.76999282836914,2026-06-10T00:13:46.471808,stranded,1,0,126.60206604003906,37.77974319458008,0.25
han_river,390,126.65298461914062,37.75531768798828,2026-06-10T01:17:55.453581,stranded,1,1,126.65298461914062,37.75531768798828,0.12
han_river,391,126.62459564208984,37.792877197265625,2026-06-10T01:20:54.347705,stranded,1,1,126.62459564208984,37.792877197265625,0.12
han_river,392,126.61123657226562,37.7869987487793,2026-06-10T01:54:07.139343,stranded,1,0,126.61206817626953,37.7889289855957,0.25
han_river,393,126.64096069335938,37.78696823120117,2026-06-10T02:06:50.026144,stranded,1,0,126.65278625488281,37.749595642089844,0.88
han_river,394,126.63825225830078,37.78915786743164,2026-06-10T02:53:34.272890,stranded,1,0,126.6356201171875,37.792091369628906,0.25
han_river,395,126.5779037475586,37.76832580566406,2026-06-10T03:24:04.950353,stranded,1,0,126.57918548583984,37.77122116088867,0.25
han_river,396,126.63094329833984,37.79262161254883,2026-06-10T03:36:34.850023,stranded,1,1,126.63094329833984,37.79262161254883,0.12
han_river,397,126.5776596069336,37.77214050292969,2026-06-10T03:39:44.799807,stranded,1,1,126.5776596069336,37.77214050292969,0.12
han_river,398,126.60497283935547,37.782169342041016,2026-06-10T03:46:56.308274,stranded,1,1,126.60497283935547,37.782169342041016,0.12
han_river,399,126.61703491210938,37.781009674072266,2026-06-10T03:57:18.408606,stranded,1,0,126.63038635253906,37.77045822143555,0.25
han_river,400,126.58545684814453,37.76041793823242,2026-06-10T05:12:00.870850,stranded,1,0,126.5877914428711,37.75545120239258,0.25
han_river,401,126.67676544189453,37.75249099731445,2026-06-10T06:35:21.415795,stranded,1,0,126.68672180175781,37.74838638305664,0.25
han_river,402,126.58175659179688,37.75514602661133,2026-06-10T06:44:21.061531,stranded,1,0,126.5835189819336,37.754730224609375,0.25
han_river,403,126.5747299194336,37.75411605834961,2026-06-10T07:43:15.497848,stranded,1,1,126.5747299194336,37.75411605834961,0.12
han_river,404,126.5959701538086,37.76119613647461,2026-06-10T08:27:13.159578,stranded,1,0,126.60130310058594,37.75547409057617,0.25
han_river,405,126.66423797607422,37.77641677856445,2026-06-10T08:34:59.415070,stranded,1,0,126.65951538085938,37.744571685791016,0.62
han_river,406,126.59461212158203,37.764892578125,2026-06-10T09:02:41.312219,stranded,1,0,126.61469268798828,37.756248474121094,0.25
han_river,407,126.64006042480469,37.779991149902344,2026-06-10T09:13:03.802269,stranded,1,0,126.64263916015625,37.77498245239258,0.25
han_river,408,126.56004333496094,37.779991149902344,2026-06-10T09:17:22.492773,stranded,1,0,126.56631469726562,37.7557373046875,0.25
han_river,409,126.63107299804688,37.771812438964844,2026-06-10T09:34:13.352354,stranded,1,1,126.63107299804688,37.771812438964844,0.12
han_river,410,126.68221282958984,37.735469818115234,2026-06-10T09:39:13.470880,stranded,1,0,126.66625213623047,37.7347526550293,0.5
han_river,411,126.63946533203125,37.77565002441406,2026-06-10T09:49:24.230112,stranded,1,1,126.63946533203125,37.77565002441406,0.12
han_river,412,126.6636734008789,37.78807830810547,2026-06-10T11:03:30.604908,stranded,1,0,126.62716674804688,37.76602554321289,0.5
han_river,413,126.61739349365234,37.79202651977539,2026-06-10T12:26:52.561163,stranded,1,1,126.61739349365234,37.79202651977539,0.12
han_river,414,126.65162658691406,37.76902770996094,2026-06-10T12:54:03.810138,stranded,1,1,126.65162658691406,37.76902770996094,0.12
han_river,415,126.65326690673828,37.75361251831055,2026-06-10T13:16:18.817493,stranded,1,1,126.65326690673828,37.75361251831055,0.12
han_river,416,126.65369415283203,37.750526428222656,2026-06-10T13:51:02.441689,stranded,1,1,126.65369415283203,37.750526428222656,0.12
han_river,417,126.63674926757812,37.791603088378906,2026-06-10T14:43:16.575817,stranded,1,0,126.63748931884766,37.792789459228516,0.25
han_river,418,126.62005615234375,37.76999282836914,2026-06-10T15:19:14.972569,stranded,1,0,126.60287475585938,37.75288772583008,0.5
han_river,419,126.60382080078125,37.78199768066406,2026-06-10T15:30:19.866636,stranded,1,1,126.60382080078125,37.78199768066406,0.12
han_river,420,126.6029052734375,37.780147552490234,2026-06-10T15:32:36.503141,stranded,1,1,126.6029052734375,37.780147552490234,0.12
han_river,421,126.56731414794922,37.77851486206055,2026-06-10T15:32:49.166860,stranded,1,0,126.56702423095703,37.755435943603516,0.38
han_river,422,126.62237548828125,37.778656005859375,2026-06-10T15:56:32.750979,stranded,1,0,126.62543487548828,37.764427185058594,0.25
han_river,423,126.57892608642578,37.77330017089844,2026-06-10T15:57:59.567474,stranded,1,1,126.57892608642578,37.77330017089844,0.12
han_river,424,126.6150131225586,37.790618896484375,2026-06-10T16:02:21.249145,stranded,1,1,126.6150131225586,37.790618896484375,0.12
han_river,425,126.60395050048828,37.762001037597656,2026-06-10T17:20:22.779124,stranded,1,0,126.60211944580078,37.75504684448242,0.25
han_river,426,126.62386322021484,37.78589630126953,2026-06-10T17:36:53.088976,stranded,1,0,126.61865997314453,37.75783920288086,0.38
han_river,427,126.66006469726562,37.749996185302734,2026-06-10T18:11:04.675679,stranded,1,0,126.6544189453125,37.75094985961914,0.25
han_river,428,126.57098388671875,37.771724700927734,2026-06-10T18:11:56.965678,stranded,1,0,126.57091522216797,37.75404739379883,0.25
han_river,429,126.60916137695312,37.7549934387207,2026-06-10T20:11:58.409376,stranded,1,0,126.6074447631836,37.75295639038086,0.25
han_river,430,126.60897827148438,37.77582931518555,2026-06-10T20:52:14.022527,stranded,1,0,126.5955581665039,37.7741584777832,0.38
han_river,431,126.61637115478516,37.772621154785156,2026-06-10T22:15:47.448419,stranded,1,0,126.60617065429688,37.784767150878906,0.25
han_river,432,126.60839080810547,37.76259231567383,2026-06-10T22:25:40.472199,stranded,1,0,126.59854888916016,37.77682113647461,0.38
han_river,433,126.617919921875,37.78059768676758,2026-06-10T22:38:12.497916,stranded,1,0,126.61502075195312,37.789520263671875,0.25
han_river,434,126.65413665771484,37.74848175048828,2026-06-10T22:42:46.393687,stranded,1,1,126.65413665771484,37.74848175048828,0.12
han_river,435,126.6098403930664,37.76969909667969,2026-06-10T23:27:30.566397,stranded,1,0,126.60585021972656,37.78446578979492,0.25
han_river,436,126.609619140625,37.75951385498047,2026-06-10T23:29:50.255786,stranded,1,0,126.59724426269531,37.77462387084961,0.38
han_river,437,126.60652923583984,37.77885055541992,2026-06-10T23:51:54.634794,stranded,1,0,126.60254669189453,37.77950668334961,0.25
han_river,438,126.58004760742188,37.75999450683594,2026-06-11T00:13:07.543405,stranded,1,0,126.56336975097656,37.78925323486328,0.38
han_river,439,126.62362670898438,37.789756774902344,2026-06-11T01:19:19.220633,stranded,1,0,126.62362670898438,37.793983459472656,0.25
han_river,440,126.61771392822266,37.776512145996094,2026-06-11T02:35:30.902246,stranded,1,0,126.61565399169922,37.78998565673828,0.25
han_river,441,126.58004760742188,37.77250671386719,2026-06-11T03:01:52.625028,stranded,1,1,126.58004760742188,37.77250671386719,0.12
han_river,442,126.65299224853516,37.77570343017578,2026-06-11T03:49:12.263380,stranded,1,0,126.6913070678711,37.721778869628906,0.38
han_river,443,126.61937713623047,37.78907012939453,2026-06-11T04:14:41.352222,stranded,1,0,126.63648223876953,37.774879455566406,0.25
han_river,444,126.6136703491211,37.78947067260742,2026-06-11T04:25:08.718944,stranded,1,1,126.6136703491211,37.78947067260742,0.12
han_river,445,126.64480590820312,37.78456497192383,2026-06-11T05:14:48.079131,stranded,1,0,126.6634521484375,37.73968505859375,0.88
han_river,446,126.60865020751953,37.75888442993164,2026-06-11T06:12:50.782434,stranded,1,0,126.6192626953125,37.75850296020508,0.25
han_river,447,126.61212158203125,37.75463104248047,2026-06-11T06:33:28.768514,stranded,1,1,126.61212158203125,37.75463104248047,0.12
han_river,448,126.5937271118164,37.75712966918945,2026-06-11T06:42:32.348934,stranded,1,1,126.5937271118164,37.75712966918945,0.12
han_river,449,126.58438110351562,37.755096435546875,2026-06-11T07:43:36.110132,stranded,1,1,126.58438110351562,37.755096435546875,0.12
han_river,450,126.62419128417969,37.76298522949219,2026-06-11T07:49:08.891921,stranded,1,1,126.62419128417969,37.76298522949219,0.12
han_river,451,126.64651489257812,37.77524185180664,2026-06-11T08:04:04.593901,stranded,1,1,126.64651489257812,37.77524185180664,0.12
han_river,452,126.61356353759766,37.75579071044922,2026-06-11T08:26:54.917315,stranded,1,1,126.61356353759766,37.75579071044922,0.12
han_river,453,126.60507202148438,37.75382995605469,2026-06-11T08:37:27.777585,stranded,1,1,126.60507202148438,37.75382995605469,0.12
han_river,454,126.61756896972656,37.7738037109375,2026-06-11T09:21:31.944621,stranded,1,0,126.62667846679688,37.76543045043945,0.25
han_river,455,126.62056732177734,37.780208587646484,2026-06-11T11:30:37.034434,stranded,1,0,126.60823822021484,37.78580093383789,0.38
han_river,456,126.66152954101562,37.748600006103516,2026-06-11T12:07:56.386491,stranded,1,0,126.65704345703125,37.746925354003906,0.25
han_river,457,126.60820007324219,37.78640365600586,2026-06-11T12:39:28.792801,stranded,1,1,126.60820007324219,37.78640365600586,0.12
han_river,458,126.57099151611328,37.76513671875,2026-06-11T12:51:18.367044,stranded,1,0,126.55364990234375,37.7686767578125,0.5
han_river,459,126.64469909667969,37.78117370605469,2026-06-11T12:53:30.475345,stranded,1,0,126.63277435302734,37.772186279296875,0.5
han_river,460,126.65050506591797,37.784061431884766,2026-06-11T13:08:52.948609,stranded,1,0,126.65030670166016,37.791988372802734,0.25
han_river,461,126.55438232421875,37.786624908447266,2026-06-11T16:38:48.425832,stranded,1,0,126.576171875,37.75303268432617,0.38
han_river,462,126.5735855102539,37.7734489440918,2026-06-11T17:16:46.646455,stranded,1,1,126.5735855102539,37.7734489440918,0.12
han_river,463,126.60609436035156,37.760623931884766,2026-06-11T17:29:12.298276,stranded,1,0,126.59496307373047,37.75682067871094,0.25
han_river,464,126.6380615234375,37.77936553955078,2026-06-11T18:01:35.281560,stranded,1,0,126.63442993164062,37.773067474365234,0.25
han_river,465,126.62130737304688,37.77256774902344,2026-06-11T18:31:00.527581,stranded,1,0,126.62103271484375,37.76116180419922,0.25
han_river,466,126.58384704589844,37.754581451416016,2026-06-11T18:33:44.671944,stranded,1,1,126.58384704589844,37.754581451416016,0.12
han_river,467,126.56768798828125,37.76384353637695,2026-06-11T19:20:19.518972,stranded,1,0,126.57191467285156,37.75315475463867,0.25
han_river,468,126.60830688476562,37.75697708129883,2026-06-11T20:42:18.258930,stranded,1,0,126.6137466430664,37.75563430786133,0.25
han_river,469,126.64688873291016,37.77383041381836,2026-06-11T21:28:17.287701,stranded,1,1,126.64688873291016,37.77383041381836,0.12
han_river,470,126.58554077148438,37.753684997558594,2026-06-11T21:46:53.149673,stranded,1,1,126.58554077148438,37.753684997558594,0.12
han_river,471,126.56751251220703,37.75486755371094,2026-06-11T23:21:23.491179,stranded,1,1,126.56751251220703,37.75486755371094,0.12
han_river,472,126.62005615234375,37.78998947143555,2026-06-12T00:14:50.242220,stranded,1,0,126.6218490600586,37.79488754272461,0.25
han_river,473,126.5807113647461,37.77184295654297,2026-06-12T01:07:44.956651,stranded,1,1,126.5807113647461,37.77184295654297,0.12
han_river,474,126.56018829345703,37.78587341308594,2026-06-12T01:17:11.614783,stranded,1,0,126.56018829345703,37.78875732421875,0.25
han_river,475,126.64457702636719,37.792362213134766,2026-06-12T01:34:57.080248,stranded,1,1,126.64457702636719,37.792362213134766,0.12
han_river,476,126.6478042602539,37.79167175292969,2026-06-12T02:00:09.500260,stranded,1,1,126.6478042602539,37.79167175292969,0.12
han_river,477,126.59913635253906,37.772125244140625,2026-06-12T02:03:10.973550,stranded,1,0,126.59765625,37.77546310424805,0.25
han_river,478,126.58541870117188,37.76676559448242,2026-06-12T02:37:19.438896,stranded,1,0,126.58541870117188,37.77154541015625,0.25
han_river,479,126.58609008789062,37.77308654785156,2026-06-12T03:52:30.509514,stranded,1,1,126.58609008789062,37.77308654785156,0.12
han_river,480,126.5974349975586,37.77721405029297,2026-06-12T04:17:10.505030,stranded,1,1,126.5974349975586,37.77721405029297,0.12
han_river,481,126.6204833984375,37.77001953125,2026-06-12T05:15:16.197767,stranded,1,0,126.6295166015625,37.77025604248047,0.25
han_river,482,126.60794830322266,37.765159606933594,2026-06-12T05:36:21.459285,stranded,1,0,126.61800384521484,37.75897216796875,0.25
han_river,483,126.59941101074219,37.765933990478516,2026-06-12T05:45:11.187986,stranded,1,0,126.61671447753906,37.756690979003906,0.38
han_river,484,126.61284637451172,37.755645751953125,2026-06-12T06:32:01.677930,stranded,1,1,126.61284637451172,37.755645751953125,0.12
han_river,485,126.63898468017578,37.775108337402344,2026-06-12T07:28:52.956651,stranded,1,1,126.63898468017578,37.775108337402344,0.12
han_river,486,126.61767578125,37.758399963378906,2026-06-12T07:34:29.102061,stranded,1,1,126.61767578125,37.758399963378906,0.12
han_river,487,126.61066436767578,37.7539176940918,2026-06-12T07:42:29.596870,stranded,1,1,126.61066436767578,37.7539176940918,0.12
han_river,488,126.62845611572266,37.76853942871094,2026-06-12T09:38:44.585263,stranded,1,1,126.62845611572266,37.76853942871094,0.12
han_river,489,126.6291275024414,37.76838684082031,2026-06-12T10:07:00.397892,stranded,1,1,126.6291275024414,37.76838684082031,0.12
han_river,490,126.59403228759766,37.75737380981445,2026-06-12T10:11:50.584743,stranded,1,1,126.59403228759766,37.75737380981445,0.12
han_river,491,126.59042358398438,37.756839752197266,2026-06-12T10:32:56.139205,stranded,1,1,126.59042358398438,37.756839752197266,0.12
han_river,492,126.61778259277344,37.770259857177734,2026-06-12T11:43:22.291933,stranded,1,0,126.6224136352539,37.76072692871094,0.25
han_river,493,126.62123107910156,37.76628494262695,2026-06-12T12:12:01.985187,stranded,1,0,126.62578582763672,37.763771057128906,0.25
han_river,494,126.61986541748047,37.79364776611328,2026-06-12T14:12:58.684931,stranded,1,1,126.61986541748047,37.79364776611328,0.12
han_river,495,126.60173034667969,37.75727844238281,2026-06-12T14:43:49.405143,stranded,1,0,126.59275817871094,37.77214431762695,0.25
han_river,496,126.6165771484375,37.78669357299805,2026-06-12T15:20:24.260392,stranded,1,0,126.61566925048828,37.78953552246094,0.25
han_river,497,126.66006469726562,37.749996185302734,2026-06-12T15:23:18.652185,stranded,1,0,126.6518783569336,37.76436233520508,0.25
han_river,498,126.5909423828125,37.77190399169922,2026-06-12T16:26:33.821457,stranded,1,1,126.5909423828125,37.77190399169922,0.12
han_river,499,126.6511459350586,37.76728057861328,2026-06-12T16:44:08.014449,stranded,1,1,126.6511459350586,37.76728057861328,0.12
han_river,500,126.5700454711914,37.75999450683594,2026-06-12T18:10:11.525692,stranded,1,0,126.56925201416016,37.75483703613281,0.38
han_river,501,126.64012908935547,37.78361892700195,2026-06-12T18:36:25.650958,stranded,1,0,126.64258575439453,37.773773193359375,0.25
han_river,502,126.65202331542969,37.75315856933594,2026-06-12T18:37:52.953736,stranded,1,1,126.65202331542969,37.75315856933594,0.12
han_river,503,126.58506774902344,37.77132034301758,2026-06-12T18:45:05.740608,stranded,1,1,126.58506774902344,37.77132034301758,0.12
han_river,504,126.57266998291016,37.75686264038086,2026-06-12T19:12:55.561504,stranded,1,0,126.57524871826172,37.7541618347168,0.25
han_river,505,126.607666015625,37.77674102783203,2026-06-12T19:39:34.411274,stranded,1,0,126.62265014648438,37.76194381713867,0.25
han_river,506,126.57884216308594,37.7689323425293,2026-06-12T20:28:56.360746,stranded,1,0,126.59357452392578,37.75707244873047,0.25
han_river,507,126.65599822998047,37.751163482666016,2026-06-12T20:36:37.022229,stranded,1,0,126.65447235107422,37.751163482666016,0.25
han_river,508,126.65556335449219,37.748451232910156,2026-06-12T20:53:59.443935,stranded,1,1,126.65556335449219,37.748451232910156,0.12
han_river,509,126.65516662597656,37.77549743652344,2026-06-12T20:58:20.633152,stranded,1,0,126.65135955810547,37.761558532714844,0.25
han_river,510,126.61859893798828,37.75957489013672,2026-06-12T21:24:21.765585,stranded,1,1,126.61859893798828,37.75957489013672,0.12
han_river,511,126.61483001708984,37.7568244934082,2026-06-12T22:15:29.365789,stranded,1,1,126.61483001708984,37.7568244934082,0.12
han_river,512,126.64315032958984,37.77737808227539,2026-06-13T00:03:17.402267,stranded,1,0,126.64278411865234,37.775909423828125,0.25
han_river,513,126.6374740600586,37.786373138427734,2026-06-13T01:19:43.058211,stranded,1,0,126.64457702636719,37.79420471191406,0.25
han_river,514,126.5902099609375,37.765384674072266,2026-06-13T01:34:30.599182,stranded,1,0,126.5972900390625,37.77451705932617,0.25
han_river,515,126.6594009399414,37.754600524902344,2026-06-13T02:00:48.376924,stranded,1,0,126.67374420166016,37.774879455566406,0.38
han_river,516,126.60653686523438,37.77281188964844,2026-06-13T02:45:59.771443,stranded,1,0,126.6178207397461,37.792720794677734,0.25
han_river,517,126.63827514648438,37.7865104675293,2026-06-13T04:44:37.125930,stranded,1,0,126.63838195800781,37.79237365722656,0.25
han_river,518,126.60987854003906,37.7625732421875,2026-06-13T05:57:04.520564,stranded,1,0,126.62958526611328,37.76713562011719,0.25
han_river,519,126.58004760742188,37.771629333496094,2026-06-13T06:07:32.597712,stranded,1,1,126.58004760742188,37.771629333496094,0.12
han_river,520,126.59004974365234,37.76999282836914,2026-06-13T06:16:44.270564,stranded,1,0,126.59004974365234,37.77189254760742,0.25
han_river,521,126.61743927001953,37.77940368652344,2026-06-13T06:22:39.564749,stranded,1,0,126.63455200195312,37.77328109741211,0.25
han_river,522,126.58689880371094,37.761810302734375,2026-06-13T06:52:26.949090,stranded,1,0,126.59244537353516,37.756526947021484,0.25
han_river,523,126.56340026855469,37.7679443359375,2026-06-13T08:24:34.577423,stranded,1,0,126.57389068603516,37.753501892089844,0.25
han_river,524,126.60120391845703,37.75486373901367,2026-06-13T08:37:57.017872,stranded,1,1,126.60120391845703,37.75486373901367,0.12
han_river,525,126.64411926269531,37.78775405883789,2026-06-13T08:44:44.647191,stranded,1,0,126.64921569824219,37.77354049682617,0.25
han_river,526,126.61199951171875,37.7551155090332,2026-06-13T08:49:49.699578,stranded,1,1,126.61199951171875,37.7551155090332,0.12
han_river,527,126.59004974365234,37.75999450683594,2026-06-13T09:17:39.117335,stranded,1,0,126.59789276123047,37.75542068481445,0.25
han_river,528,126.6246109008789,37.763004302978516,2026-06-13T09:42:55.321670,stranded,1,1,126.6246109008789,37.763004302978516,0.12
han_river,529,126.62603759765625,37.7644157409668,2026-06-13T10:06:31.028141,stranded,1,1,126.62603759765625,37.7644157409668,0.12
han_river,530,126.66571807861328,37.75046920776367,2026-06-13T10:11:49.775658,stranded,1,0,126.67082977294922,37.72872543334961,0.38
han_river,531,126.66073608398438,37.74281311035156,2026-06-13T10:57:30.298317,stranded,1,1,126.66073608398438,37.74281311035156,0.12
han_river,532,126.65595245361328,37.77422332763672,2026-06-13T11:07:27.988823,stranded,1,0,126.65264129638672,37.75498580932617,0.38
han_river,533,126.58595275878906,37.75424575805664,2026-06-13T11:22:22.033156,stranded,1,1,126.58595275878906,37.75424575805664,0.12
han_river,534,126.58409118652344,37.755218505859375,2026-06-13T11:22:24.622137,stranded,1,1,126.58409118652344,37.755218505859375,0.12
han_river,535,126.58463287353516,37.75852584838867,2026-06-13T11:28:55.147663,stranded,1,0,126.58463287353516,37.753910064697266,0.25
han_river,536,126.62079620361328,37.78681564331055,2026-06-13T11:55:23.688175,stranded,1,0,126.62796783447266,37.766422271728516,0.25
han_river,537,126.62445831298828,37.78651428222656,2026-06-13T11:56:49.214570,stranded,1,0,126.62866973876953,37.76701354980469,0.25
han_river,538,126.5834732055664,37.75431823730469,2026-06-13T13:31:38.361300,stranded,1,1,126.5834732055664,37.75431823730469,0.12
han_river,539,126.6391372680664,37.777870178222656,2026-06-13T14:36:24.082197,stranded,1,0,126.62169647216797,37.79404067993164,0.25
han_river,540,126.65792083740234,37.749507904052734,2026-06-13T14:46:47.065303,stranded,1,0,126.65232849121094,37.75307083129883,0.25
han_river,541,126.57186126708984,37.77614212036133,2026-06-13T15:24:38.621809,stranded,1,1,126.57186126708984,37.77614212036133,0.12
han_river,542,126.5971908569336,37.77488708496094,2026-06-13T15:24:47.569052,stranded,1,1,126.5971908569336,37.77488708496094,0.12
han_river,543,126.61553192138672,37.79007339477539,2026-06-13T16:12:14.563044,stranded,1,1,126.61553192138672,37.79007339477539,0.12
han_river,544,126.61766815185547,37.7711181640625,2026-06-13T17:59:11.582865,stranded,1,0,126.60413360595703,37.780906677246094,0.25
han_river,545,126.56004333496094,37.779991149902344,2026-06-13T18:10:32.415147,stranded,1,0,126.54410552978516,37.79994201660156,0.25
han_river,546,126.59004974365234,37.77157974243164,2026-06-13T19:34:18.684053,stranded,1,1,126.59004974365234,37.77157974243164,0.12
han_river,547,126.62297821044922,37.782569885253906,2026-06-13T19:42:27.041790,stranded,1,0,126.63066864013672,37.770851135253906,0.38
han_river,548,126.61446380615234,37.784507751464844,2026-06-13T20:28:49.032023,stranded,1,0,126.6127700805664,37.78909683227539,0.25
han_river,549,126.64917755126953,37.78074645996094,2026-06-13T21:04:21.310347,stranded,1,0,126.68373107910156,37.76662826538086,0.62
han_river,550,126.61005401611328,37.779991149902344,2026-06-13T21:19:24.654292,stranded,1,0,126.61976623535156,37.75950622558594,0.38
han_river,551,126.59962463378906,37.75590133666992,2026-06-13T21:51:07.151023,stranded,1,1,126.59962463378906,37.75590133666992,0.12
han_river,552,126.59233856201172,37.7584114074707,2026-06-13T22:03:52.318568,stranded,1,0,126.59484100341797,37.75674057006836,0.25
han_river,553,126.58522033691406,37.76414489746094,2026-06-13T22:56:25.902176,stranded,1,0,126.58509063720703,37.75480270385742,0.25
han_river,554,126.61141967773438,37.75508499145508,2026-06-13T23:00:13.871246,stranded,1,1,126.61141967773438,37.75508499145508,0.12
han_river,555,126.58805847167969,37.76754379272461,2026-06-13T23:42:49.879800,stranded,1,0,126.59049987792969,37.7569580078125,0.25
han_river,556,126.65050506591797,37.77775573730469,2026-06-13T23:56:40.442533,stranded,1,0,126.64971160888672,37.77298355102539,0.25
han_river,557,126.6104965209961,37.757659912109375,2026-06-14T02:02:21.712477,stranded,1,0,126.61431884765625,37.75575256347656,0.25
han_river,558,126.63501739501953,37.78200149536133,2026-06-14T02:09:02.799979,stranded,1,0,126.6409912109375,37.77606201171875,0.5
han_river,559,126.6270523071289,37.77532196044922,2026-06-14T02:17:29.133897,stranded,1,0,126.63277435302734,37.772769927978516,0.25
han_river,560,126.6257095336914,37.78355407714844,2026-06-14T02:53:36.570954,stranded,1,0,126.63582611083984,37.791419982910156,0.25
han_river,561,126.66006469726562,37.75999450683594,2026-06-14T03:14:48.790970,stranded,1,0,126.67841339111328,37.690330505371094,0.62
han_river,562,126.57950592041016,37.771217346191406,2026-06-14T03:27:45.760740,stranded,1,1,126.57950592041016,37.771217346191406,0.12
han_river,563,126.56893920898438,37.779903411865234,2026-06-14T03:58:40.912622,stranded,1,1,126.56893920898438,37.779903411865234,0.12
han_river,564,126.5733413696289,37.77447509765625,2026-06-14T04:07:23.487459,stranded,1,1,126.5733413696289,37.77447509765625,0.12
han_river,565,126.57158660888672,37.77633285522461,2026-06-14T04:40:18.693213,stranded,1,1,126.57158660888672,37.77633285522461,0.12
han_river,566,126.60612487792969,37.75578689575195,2026-06-14T07:51:36.928172,stranded,1,0,126.60612487792969,37.75215148925781,0.25
han_river,567,126.58289337158203,37.76827621459961,2026-06-14T08:23:40.822654,stranded,1,0,126.5899429321289,37.75652313232422,0.25
han_river,568,126.65911865234375,37.743019104003906,2026-06-14T10:09:31.670411,stranded,1,1,126.65911865234375,37.743019104003906,0.12
han_river,569,126.5700454711914,37.75495147705078,2026-06-14T10:52:20.718317,stranded,1,1,126.5700454711914,37.75495147705078,0.12
han_river,570,126.6124038696289,37.76994323730469,2026-06-14T11:19:04.044611,stranded,1,0,126.6114730834961,37.75399398803711,0.25
han_river,571,126.61005401611328,37.75369644165039,2026-06-14T11:36:35.626195,stranded,1,1,126.61005401611328,37.75369644165039,0.12
han_river,572,126.58049011230469,37.75333023071289,2026-06-14T12:25:08.300142,stranded,1,1,126.58049011230469,37.75333023071289,0.12
han_river,573,126.60038757324219,37.75525665283203,2026-06-14T12:29:57.141224,stranded,1,1,126.60038757324219,37.75525665283203,0.12
han_river,574,126.5881576538086,37.75584411621094,2026-06-14T12:46:53.094206,stranded,1,1,126.5881576538086,37.75584411621094,0.12
han_river,575,126.59298706054688,37.75727844238281,2026-06-14T13:39:18.173741,stranded,1,1,126.59298706054688,37.75727844238281,0.12
han_river,576,126.6607666015625,37.77165222167969,2026-06-14T13:42:29.652294,stranded,1,0,126.63835144042969,37.792091369628906,0.38
han_river,577,126.61692810058594,37.76847839355469,2026-06-14T14:24:01.115219,stranded,1,0,126.60359191894531,37.78075408935547,0.25
han_river,578,126.60211181640625,37.75674057006836,2026-06-14T15:09:18.054533,stranded,1,0,126.60211181640625,37.75422668457031,0.25
han_river,579,126.61005401611328,37.75999450683594,2026-06-14T15:23:17.721694,stranded,1,0,126.6056900024414,37.75360107421875,0.25
han_river,580,126.6173095703125,37.79251480102539,2026-06-14T16:08:27.246872,stranded,1,1,126.6173095703125,37.79251480102539,0.12
han_river,581,126.6106948852539,37.788230895996094,2026-06-14T16:15:29.516974,stranded,1,1,126.6106948852539,37.788230895996094,0.12
han_river,582,126.5457992553711,37.79294967651367,2026-06-14T17:04:24.533125,stranded,1,0,126.53792572021484,37.80232620239258,0.25
han_river,583,126.61412811279297,37.767940521240234,2026-06-14T17:41:46.420887,stranded,1,0,126.60096740722656,37.7783317565918,0.25
han_river,584,126.62873840332031,37.78110122680664,2026-06-14T18:04:14.720716,stranded,1,0,126.61624145507812,37.79081344604492,0.25
han_river,585,126.66006469726562,37.75999450683594,2026-06-14T18:18:44.834921,stranded,1,0,126.65177917480469,37.762874603271484,0.25
han_river,586,126.60430908203125,37.78150177001953,2026-06-14T18:41:19.337423,stranded,1,1,126.60430908203125,37.78150177001953,0.12
han_river,587,126.55133819580078,37.791961669921875,2026-06-14T19:20:01.570818,stranded,1,0,126.55133819580078,37.794158935546875,0.25
han_river,588,126.55657958984375,37.7830810546875,2026-06-14T19:29:31.776150,stranded,1,0,126.5688705444336,37.75410079956055,0.38
han_river,589,126.58854675292969,37.77244567871094,2026-06-14T20:14:00.833539,stranded,1,1,126.58854675292969,37.77244567871094,0.12
han_river,590,126.65032196044922,37.76251220703125,2026-06-14T20:22:47.284666,stranded,1,1,126.65032196044922,37.76251220703125,0.12
han_river,591,126.60243225097656,37.75591278076172,2026-06-14T20:24:24.005022,stranded,1,1,126.60243225097656,37.75591278076172,0.12
han_river,592,126.64347839355469,37.78659439086914,2026-06-14T20:25:10.743104,stranded,1,0,126.63865661621094,37.77461242675781,0.38
han_river,593,126.60344696044922,37.78022766113281,2026-06-14T20:40:37.767268,stranded,1,0,126.60206604003906,37.78011703491211,0.25
han_river,594,126.64006042480469,37.779991149902344,2026-06-14T21:20:03.117221,stranded,1,0,126.62858581542969,37.76810836791992,0.38
han_river,595,126.5960693359375,37.76184844970703,2026-06-14T21:34:20.795236,stranded,1,0,126.59820556640625,37.75567626953125,0.25
han_river,596,126.62125396728516,37.76034164428711,2026-06-14T22:10:08.304298,stranded,1,1,126.62125396728516,37.76034164428711,0.12
han_river,597,126.59600830078125,37.75722885131836,2026-06-14T22:51:47.024602,stranded,1,1,126.59600830078125,37.75722885131836,0.12
han_river,598,126.65760040283203,37.74650573730469,2026-06-14T23:15:30.847589,stranded,1,1,126.65760040283203,37.74650573730469,0.12
han_river,599,126.5878677368164,37.76651382446289,2026-06-14T23:21:06.476195,stranded,1,0,126.5844955444336,37.755126953125,0.25
han_river,600,126.56828308105469,37.75940704345703,2026-06-14T23:57:03.597585,stranded,1,0,126.56786346435547,37.7549934387207,0.25
han_river,601,126.60880279541016,37.7520866394043,2026-06-15T00:26:36.473537,stranded,1,1,126.60880279541016,37.7520866394043,0.12
han_river,602,126.62787628173828,37.76776885986328,2026-06-15T01:15:55.166436,stranded,1,1,126.62787628173828,37.76776885986328,0.12
han_river,603,126.62722778320312,37.76462173461914,2026-06-15T01:16:54.355905,stranded,1,1,126.62722778320312,37.76462173461914,0.12
han_river,604,126.6221694946289,37.76065444946289,2026-06-15T01:30:22.803894,stranded,1,1,126.6221694946289,37.76065444946289,0.12
han_river,605,126.61834716796875,37.776554107666016,2026-06-15T01:51:45.011015,stranded,1,0,126.63785552978516,37.79277801513672,0.38
han_river,606,126.56053924560547,37.7760009765625,2026-06-15T02:52:43.261254,stranded,1,0,126.57439422607422,37.7757568359375,0.25
han_river,607,126.62692260742188,37.77191925048828,2026-06-15T03:24:16.620222,stranded,1,0,126.6304702758789,37.771480560302734,0.25
han_river,608,126.58583068847656,37.7706184387207,2026-06-15T03:38:21.428151,stranded,1,0,126.58583068847656,37.77223587036133,0.25
han_river,609,126.58853912353516,37.772708892822266,2026-06-15T03:52:58.678433,stranded,1,1,126.58853912353516,37.772708892822266,0.12
han_river,610,126.60969543457031,37.787227630615234,2026-06-15T06:32:43.172270,stranded,1,1,126.60969543457031,37.787227630615234,0.12
han_river,611,126.60311126708984,37.76841735839844,2026-06-15T07:13:56.493349,stranded,1,0,126.59962463378906,37.75482177734375,0.25
han_river,612,126.5718994140625,37.75227737426758,2026-06-15T09:24:53.183365,stranded,1,1,126.5718994140625,37.75227737426758,0.12
han_river,613,126.60009002685547,37.755584716796875,2026-06-15T09:49:14.367892,stranded,1,1,126.60009002685547,37.755584716796875,0.12
han_river,614,126.62162780761719,37.76795196533203,2026-06-15T10:09:58.145573,stranded,1,0,126.62268829345703,37.7618408203125,0.25
han_river,615,126.61088562011719,37.756526947021484,2026-06-15T10:36:26.221327,stranded,1,0,126.61088562011719,37.75373840332031,0.25
han_river,616,126.6344985961914,37.77396011352539,2026-06-15T10:53:02.088658,stranded,1,1,126.6344985961914,37.77396011352539,0.12
han_river,617,126.58464813232422,37.75359344482422,2026-06-15T10:53:09.452382,stranded,1,1,126.58464813232422,37.75359344482422,0.12
han_river,618,126.5645751953125,37.7699089050293,2026-06-15T11:22:45.828038,stranded,1,0,126.5655517578125,37.75786209106445,0.25
han_river,619,126.63211822509766,37.77241897583008,2026-06-15T11:23:20.098875,stranded,1,1,126.63211822509766,37.77241897583008,0.12
han_river,620,126.61808013916016,37.76219177246094,2026-06-15T11:40:08.060894,stranded,1,0,126.61808013916016,37.75800704956055,0.25
han_river,621,126.60025787353516,37.76299285888672,2026-06-15T11:49:08.778602,stranded,1,0,126.5983657836914,37.7563591003418,0.25
han_river,622,126.57007598876953,37.758296966552734,2026-06-15T12:00:34.599933,stranded,1,0,126.57007598876953,37.75513458251953,0.25
han_river,623,126.62940979003906,37.769287109375,2026-06-15T12:26:37.356671,stranded,1,1,126.62940979003906,37.769287109375,0.12
han_river,624,126.63465118408203,37.774253845214844,2026-06-15T12:27:46.828041,stranded,1,1,126.63465118408203,37.774253845214844,0.12
han_river,625,126.58220672607422,37.754364013671875,2026-06-15T12:45:24.725173,stranded,1,1,126.58220672607422,37.754364013671875,0.12
han_river,626,126.62844848632812,37.76805877685547,2026-06-15T12:48:38.650911,stranded,1,1,126.62844848632812,37.76805877685547,0.12
han_river,627,126.60090637207031,37.754966735839844,2026-06-15T14:22:15.452908,stranded,1,1,126.60090637207031,37.754966735839844,0.12
han_river,628,126.6539535522461,37.748497009277344,2026-06-15T15:49:48.695264,stranded,1,1,126.6539535522461,37.748497009277344,0.12
han_river,629,126.65250396728516,37.75507736206055,2026-06-15T17:27:28.845969,stranded,1,1,126.65250396728516,37.75507736206055,0.12
han_river,630,126.59004974365234,37.771339416503906,2026-06-15T18:24:39.850755,stranded,1,1,126.59004974365234,37.771339416503906,0.12
han_river,631,126.6512680053711,37.75914001464844,2026-06-15T18:59:13.757515,stranded,1,1,126.6512680053711,37.75914001464844,0.12
han_river,632,126.55271911621094,37.79412841796875,2026-06-15T19:13:50.539713,stranded,1,1,126.55271911621094,37.79412841796875,0.12
han_river,633,126.58004760742188,37.77186584472656,2026-06-15T19:37:34.680875,stranded,1,1,126.58004760742188,37.77186584472656,0.12
han_river,634,126.58004760742188,37.77268600463867,2026-06-15T19:55:34.322752,stranded,1,1,126.58004760742188,37.77268600463867,0.12
han_river,635,126.63005828857422,37.792701721191406,2026-06-15T20:03:54.275481,stranded,1,1,126.63005828857422,37.792701721191406,0.12
han_river,636,126.60088348388672,37.772518157958984,2026-06-15T20:16:45.665039,stranded,1,0,126.59844970703125,37.77626419067383,0.25
han_river,637,126.59577178955078,37.757389068603516,2026-06-15T21:51:47.706473,stranded,1,1,126.59577178955078,37.757389068603516,0.12
han_river,638,126.5759048461914,37.76931381225586,2026-06-15T22:15:48.586524,stranded,1,0,126.57770538330078,37.753318786621094,0.25
han_river,639,126.61258697509766,37.7668342590332,2026-06-15T22:19:32.339814,stranded,1,0,126.61334991455078,37.75481033325195,0.25
han_river,640,126.56974792480469,37.75558090209961,2026-06-15T22:39:37.316004,stranded,1,0,126.57195281982422,37.754119873046875,0.25
han_river,641,126.57576751708984,37.7695426940918,2026-06-15T22:44:11.369161,stranded,1,0,126.58224487304688,37.753963470458984,0.25
han_river,642,126.6566390991211,37.74742126464844,2026-06-15T22:54:54.924286,stranded,1,1,126.6566390991211,37.74742126464844,0.12
han_river,643,126.60847473144531,37.781009674072266,2026-06-15T23:23:29.086877,stranded,1,0,126.61976623535156,37.759002685546875,0.25
han_river,644,126.66038513183594,37.74279022216797,2026-06-16T00:55:09.827533,stranded,1,1,126.66038513183594,37.74279022216797,0.12
han_river,645,126.62348175048828,37.76215362548828,2026-06-16T01:03:37.527585,stranded,1,1,126.62348175048828,37.76215362548828,0.12
han_river,646,126.63898468017578,37.7747688293457,2026-06-16T01:05:02.777449,stranded,1,1,126.63898468017578,37.7747688293457,0.12
han_river,647,126.58390045166016,37.754638671875,2026-06-16T01:22:04.071946,stranded,1,1,126.58390045166016,37.754638671875,0.12
han_river,648,126.59156036376953,37.75654983520508,2026-06-16T01:27:35.262469,stranded,1,1,126.59156036376953,37.75654983520508,0.12
han_river,649,126.59845733642578,37.756832122802734,2026-06-16T01:48:25.315255,stranded,1,1,126.59845733642578,37.756832122802734,0.12
han_river,650,126.61186981201172,37.75414276123047,2026-06-16T01:51:26.831375,stranded,1,1,126.61186981201172,37.75414276123047,0.12
han_river,651,126.62754821777344,37.78108596801758,2026-06-16T02:32:08.349856,stranded,1,0,126.63778686523438,37.77391815185547,0.25
han_river,652,126.64225006103516,37.775421142578125,2026-06-16T02:37:28.821137,stranded,1,1,126.64225006103516,37.775421142578125,0.12
han_river,653,126.58831787109375,37.75556945800781,2026-06-16T04:04:48.679889,stranded,1,1,126.58831787109375,37.75556945800781,0.12
han_river,654,126.66499328613281,37.754737854003906,2026-06-16T05:25:55.370615,stranded,1,0,126.65467834472656,37.74894332885742,0.5
han_river,655,126.662841796875,37.75000762939453,2026-06-16T05:54:19.227824,stranded,1,0,126.66171264648438,37.741275787353516,0.5
han_river,656,126.57896423339844,37.771636962890625,2026-06-16T06:42:05.428687,stranded,1,1,126.57896423339844,37.771636962890625,0.12
han_river,657,126.5563735961914,37.7913818359375,2026-06-16T07:19:05.685706,stranded,1,1,126.5563735961914,37.7913818359375,0.12
han_river,658,126.5857925415039,37.76603698730469,2026-06-16T07:55:23.459092,stranded,1,0,126.58345794677734,37.77242660522461,0.25
han_river,659,126.59461212158203,37.773014068603516,2026-06-16T08:11:55.482942,stranded,1,1,126.59461212158203,37.773014068603516,0.12
han_river,660,126.65760040283203,37.79895782470703,2026-06-16T08:24:16.762978,stranded,1,0,126.6521987915039,37.76251220703125,0.38
han_river,661,126.57159423828125,37.754127502441406,2026-06-16T13:02:44.769130,stranded,1,1,126.57159423828125,37.754127502441406,0.12
han_river,662,126.63713073730469,37.774925231933594,2026-06-16T14:01:15.081427,stranded,1,1,126.63713073730469,37.774925231933594,0.12
han_river,663,126.61104583740234,37.75402069091797,2026-06-16T14:31:55.183636,stranded,1,1,126.61104583740234,37.75402069091797,0.12
han_river,664,126.5589599609375,37.775482177734375,2026-06-16T14:54:23.551979,stranded,1,0,126.55909729003906,37.76750564575195,0.25
han_river,665,126.60966491699219,37.77199172973633,2026-06-16T15:33:45.293600,stranded,1,0,126.60303497314453,37.781612396240234,0.25
han_river,666,126.61113739013672,37.778167724609375,2026-06-16T15:41:34.683509,stranded,1,0,126.60945129394531,37.78738784790039,0.25
han_river,667,126.58924102783203,37.75553512573242,2026-06-16T15:46:29.997456,stranded,1,1,126.58924102783203,37.75553512573242,0.12
han_river,668,126.58894348144531,37.75605773925781,2026-06-16T15:54:26.558555,stranded,1,1,126.58894348144531,37.75605773925781,0.12
han_river,669,126.59712982177734,37.77549743652344,2026-06-16T17:12:34.169268,stranded,1,1,126.59712982177734,37.77549743652344,0.12
han_river,670,126.65336608886719,37.7800407409668,2026-06-16T17:36:05.507383,stranded,1,0,126.645751953125,37.793357849121094,0.25
han_river,671,126.60437774658203,37.78466796875,2026-06-16T18:27:41.070244,stranded,1,1,126.60437774658203,37.78466796875,0.12
han_river,672,126.64347839355469,37.793548583984375,2026-06-16T18:56:45.174175,stranded,1,1,126.64347839355469,37.793548583984375,0.12
han_river,673,126.55001831054688,37.79490280151367,2026-06-16T19:52:29.116517,stranded,1,1,126.55001831054688,37.79490280151367,0.12
han_river,674,126.55840301513672,37.785987854003906,2026-06-16T19:54:59.694702,stranded,1,0,126.55279541015625,37.79487228393555,0.25
han_river,675,126.55055236816406,37.791473388671875,2026-06-16T20:03:33.458778,stranded,1,0,126.55055236816406,37.79591369628906,0.25
han_river,676,126.61508178710938,37.77445602416992,2026-06-16T20:58:12.407087,stranded,1,0,126.60688018798828,37.78623962402344,0.25
han_river,677,126.57658386230469,37.76274490356445,2026-06-16T21:07:39.448471,stranded,1,0,126.56082916259766,37.78935623168945,0.25
han_river,678,126.61005401611328,37.75999450683594,2026-06-16T21:14:45.258794,stranded,1,0,126.59663391113281,37.774375915527344,0.25
han_river,679,126.64006042480469,37.792640686035156,2026-06-16T21:29:01.665688,stranded,1,1,126.64006042480469,37.792640686035156,0.12
han_river,680,126.59004974365234,37.77154541015625,2026-06-16T21:29:35.457848,stranded,1,1,126.59004974365234,37.77154541015625,0.12
han_river,681,126.58004760742188,37.77183532714844,2026-06-16T21:37:50.028395,stranded,1,1,126.58004760742188,37.77183532714844,0.12
han_river,682,126.62356567382812,37.79353332519531,2026-06-16T21:52:34.307815,stranded,1,1,126.62356567382812,37.79353332519531,0.12
han_river,683,126.6046371459961,37.77510070800781,2026-06-16T23:48:06.461041,stranded,1,0,126.61094665527344,37.7545166015625,0.25
han_river,684,126.58427429199219,37.753700256347656,2026-06-17T00:47:29.017672,stranded,1,1,126.58427429199219,37.753700256347656,0.12
han_river,685,126.5760498046875,37.75303268432617,2026-06-17T01:01:19.572253,stranded,1,1,126.5760498046875,37.75303268432617,0.12
han_river,686,126.66635131835938,37.733272552490234,2026-06-17T01:23:33.897200,stranded,1,1,126.66635131835938,37.733272552490234,0.12
han_river,687,126.6489486694336,37.774452209472656,2026-06-17T01:44:43.314517,stranded,1,1,126.6489486694336,37.774452209472656,0.12
han_river,688,126.66553497314453,37.749977111816406,2026-06-17T02:30:28.838367,stranded,1,0,126.692626953125,37.73090362548828,0.25
han_river,689,126.62065887451172,37.783477783203125,2026-06-17T02:46:14.689734,stranded,1,0,126.6296157836914,37.7698860168457,0.25
han_river,690,126.57534790039062,37.76476287841797,2026-06-17T03:10:36.794110,stranded,1,0,126.58146667480469,37.75324249267578,0.25
han_river,691,126.59291076660156,37.76064682006836,2026-06-17T05:02:26.923896,stranded,1,0,126.59980010986328,37.778289794921875,0.38
han_river,692,126.61309051513672,37.78638458251953,2026-06-17T06:49:52.705477,stranded,1,0,126.61042022705078,37.78803253173828,0.25
han_river,693,126.67168426513672,37.763423919677734,2026-06-17T06:57:23.021014,stranded,1,0,126.68083953857422,37.69762420654297,0.5
han_river,694,126.61933135986328,37.775146484375,2026-06-17T08:03:08.705408,stranded,1,0,126.61801147460938,37.758934020996094,0.38
han_river,695,126.58997344970703,37.7728385925293,2026-06-17T08:08:06.598013,stranded,1,1,126.58997344970703,37.7728385925293,0.12
han_river,696,126.6111068725586,37.75459289550781,2026-06-17T10:33:30.072571,stranded,1,1,126.6111068725586,37.75459289550781,0.12
han_river,697,126.59590911865234,37.75737762451172,2026-06-17T10:42:41.840252,stranded,1,1,126.59590911865234,37.75737762451172,0.12
han_river,698,126.65572357177734,37.78728485107422,2026-06-17T11:51:04.008833,stranded,1,0,126.65151977539062,37.771419525146484,0.25
han_river,699,126.60630798339844,37.75210189819336,2026-06-17T12:42:58.171018,stranded,1,1,126.60630798339844,37.75210189819336,0.12
han_river,700,126.64006042480469,37.77494430541992,2026-06-17T12:52:25.967968,stranded,1,1,126.64006042480469,37.77494430541992,0.12
han_river,701,126.56314086914062,37.763755798339844,2026-06-17T13:16:37.076590,stranded,1,1,126.56314086914062,37.763755798339844,0.12
han_river,702,126.63199615478516,37.77113723754883,2026-06-17T13:42:45.805209,stranded,1,1,126.63199615478516,37.77113723754883,0.12
han_river,703,126.623046875,37.76190948486328,2026-06-17T15:33:05.811107,stranded,1,1,126.623046875,37.76190948486328,0.12
han_river,704,126.61360931396484,37.755775451660156,2026-06-17T16:36:08.218919,stranded,1,1,126.61360931396484,37.755775451660156,0.12
han_river,705,126.57987976074219,37.772560119628906,2026-06-17T17:58:31.289420,stranded,1,1,126.57987976074219,37.772560119628906,0.12
han_river,706,126.65824890136719,37.7512321472168,2026-06-17T18:03:44.702956,stranded,1,0,126.65237426757812,37.76158142089844,0.25
han_river,707,126.58004760742188,37.76999282836914,2026-06-17T18:17:52.614065,stranded,1,0,126.58072662353516,37.7735481262207,0.25
han_river,708,126.61506652832031,37.78980255126953,2026-06-17T19:03:56.674013,stranded,1,1,126.61506652832031,37.78980255126953,0.12
han_river,709,126.604248046875,37.78083419799805,2026-06-17T19:11:43.295480,stranded,1,1,126.604248046875,37.78083419799805,0.12
han_river,710,126.65806579589844,37.75309371948242,2026-06-17T21:05:03.354853,stranded,1,0,126.652587890625,37.76087951660156,0.25
han_river,711,126.59678649902344,37.77510070800781,2026-06-17T21:26:13.576926,stranded,1,1,126.59678649902344,37.77510070800781,0.12
han_river,712,126.65205383300781,37.7629508972168,2026-06-17T21:38:01.857567,stranded,1,1,126.65205383300781,37.7629508972168,0.12
han_river,713,126.59838104248047,37.77629852294922,2026-06-17T21:44:51.897116,stranded,1,1,126.59838104248047,37.77629852294922,0.12
han_river,714,126.63450622558594,37.79311752319336,2026-06-17T21:45:56.069730,stranded,1,1,126.63450622558594,37.79311752319336,0.12
han_river,715,126.6152114868164,37.791194915771484,2026-06-17T22:43:39.919320,stranded,1,1,126.6152114868164,37.791194915771484,0.12
han_river,716,126.6384048461914,37.779441833496094,2026-06-17T22:50:02.159075,stranded,1,0,126.6390380859375,37.77437973022461,0.25
han_river,717,126.65086364746094,37.80276870727539,2026-06-17T23:06:21.198277,stranded,1,1,126.65086364746094,37.80276870727539,0.12
han_river,718,126.65306091308594,37.75054931640625,2026-06-17T23:30:51.135431,stranded,1,1,126.65306091308594,37.75054931640625,0.12
han_river,719,126.57308959960938,37.75309371948242,2026-06-18T00:42:12.593377,stranded,1,1,126.57308959960938,37.75309371948242,0.12
han_river,720,126.57503509521484,37.75429916381836,2026-06-18T00:46:35.456814,stranded,1,1,126.57503509521484,37.75429916381836,0.12
han_river,721,126.62162780761719,37.788578033447266,2026-06-18T03:18:28.944521,stranded,1,0,126.63160705566406,37.77277374267578,0.25
han_river,722,126.60530853271484,37.75262451171875,2026-06-18T03:33:08.202107,stranded,1,1,126.60530853271484,37.75262451171875,0.12
han_river,723,126.6260986328125,37.76552963256836,2026-06-18T03:51:25.710623,stranded,1,1,126.6260986328125,37.76552963256836,0.12
han_river,724,126.5894546508789,37.75642776489258,2026-06-18T04:04:29.734854,stranded,1,1,126.5894546508789,37.75642776489258,0.12
han_river,725,126.64331817626953,37.77601623535156,2026-06-18T04:13:23.507883,stranded,1,1,126.64331817626953,37.77601623535156,0.12
han_river,726,126.66722869873047,37.76993942260742,2026-06-18T05:07:03.723252,stranded,1,0,126.68030548095703,37.770660400390625,0.25
han_river,727,126.57328033447266,37.76708221435547,2026-06-18T06:16:04.452360,stranded,1,0,126.5940170288086,37.7572021484375,0.25
han_river,728,126.62114715576172,37.761451721191406,2026-06-18T06:48:34.124225,stranded,1,1,126.62114715576172,37.761451721191406,0.12
han_river,729,126.61168670654297,37.78489685058594,2026-06-18T07:01:06.612158,stranded,1,0,126.61384582519531,37.789894104003906,0.25
han_river,730,126.64573669433594,37.7907600402832,2026-06-18T07:24:23.406318,stranded,1,0,126.64549255371094,37.79367446899414,0.25
han_river,731,126.6081771850586,37.786529541015625,2026-06-18T07:39:02.960299,stranded,1,1,126.6081771850586,37.786529541015625,0.12
han_river,732,126.63151550292969,37.792442321777344,2026-06-18T07:51:12.195004,stranded,1,1,126.63151550292969,37.792442321777344,0.12
han_river,733,126.61077880859375,37.76493453979492,2026-06-18T08:05:14.035169,stranded,1,0,126.61612701416016,37.757320404052734,0.38
han_river,734,126.65811157226562,37.78507995605469,2026-06-18T08:09:43.918000,stranded,1,0,126.68685913085938,37.73752212524414,1.12
han_river,735,126.60185241699219,37.76789855957031,2026-06-18T08:58:22.359661,stranded,1,0,126.59313201904297,37.772315979003906,0.25
han_river,736,126.66109466552734,37.756752014160156,2026-06-18T09:01:14.159243,stranded,1,0,126.6521224975586,37.764984130859375,0.25
han_river,737,126.6220703125,37.792152404785156,2026-06-18T09:03:51.248936,stranded,1,0,126.62166595458984,37.79318618774414,0.25
han_river,738,126.57815551757812,37.77204895019531,2026-06-18T09:54:47.471800,stranded,1,1,126.57815551757812,37.77204895019531,0.12
han_river,739,126.63684844970703,37.774845123291016,2026-06-18T11:06:37.587570,stranded,1,1,126.63684844970703,37.774845123291016,0.12
han_river,740,126.59239196777344,37.75709915161133,2026-06-18T12:27:03.249212,stranded,1,1,126.59239196777344,37.75709915161133,0.12
han_river,741,126.6189193725586,37.75887680053711,2026-06-18T12:27:36.187219,stranded,1,1,126.6189193725586,37.75887680053711,0.12
han_river,742,126.61417388916016,37.755619049072266,2026-06-18T12:57:58.555034,stranded,1,1,126.61417388916016,37.755619049072266,0.12
han_river,743,126.57997131347656,37.75418472290039,2026-06-18T14:25:01.819992,stranded,1,1,126.57997131347656,37.75418472290039,0.12
han_river,744,126.56842041015625,37.77275085449219,2026-06-18T14:30:42.770987,stranded,1,0,126.568115234375,37.7555046081543,0.25
han_river,745,126.66796112060547,37.74187088012695,2026-06-18T14:31:52.954813,stranded,1,0,126.66962432861328,37.73203659057617,0.25
han_river,746,126.64344024658203,37.77845764160156,2026-06-18T14:51:17.153979,stranded,1,0,126.64474487304688,37.77501678466797,0.25
han_river,747,126.57424926757812,37.76080322265625,2026-06-18T14:55:29.856452,stranded,1,0,126.57482147216797,37.7540397644043,0.25
han_river,748,126.640625,37.77734375,2026-06-18T15:00:27.633924,stranded,1,0,126.640625,37.77585220336914,0.25
han_river,749,126.59174346923828,37.75676345825195,2026-06-18T15:53:14.291223,stranded,1,1,126.59174346923828,37.75676345825195,0.12
han_river,750,126.58710479736328,37.7553825378418,2026-06-18T16:12:33.696345,stranded,1,1,126.58710479736328,37.7553825378418,0.12
han_river,751,126.6403579711914,37.77484893798828,2026-06-18T16:46:34.686893,stranded,1,1,126.6403579711914,37.77484893798828,0.12
han_river,752,126.64007568359375,37.785621643066406,2026-06-18T17:53:16.092887,stranded,1,0,126.63722229003906,37.792884826660156,0.25
han_river,753,126.65877532958984,37.75080490112305,2026-06-18T18:04:12.680772,stranded,1,0,126.6507797241211,37.80011749267578,0.38
han_river,754,126.55197143554688,37.793731689453125,2026-06-18T19:28:00.823626,stranded,1,1,126.55197143554688,37.793731689453125,0.12
han_river,755,126.65108489990234,37.77275085449219,2026-06-18T19:30:15.654232,stranded,1,0,126.64029693603516,37.792259216308594,0.25
han_river,756,126.60054016113281,37.77803421020508,2026-06-18T19:46:06.593094,stranded,1,1,126.60054016113281,37.77803421020508,0.12
han_river,757,126.59004974365234,37.77254867553711,2026-06-18T20:01:55.941788,stranded,1,1,126.59004974365234,37.77254867553711,0.12
han_river,758,126.6313705444336,37.79261016845703,2026-06-18T20:29:42.225205,stranded,1,1,126.6313705444336,37.79261016845703,0.12
han_river,759,126.64154052734375,37.78042221069336,2026-06-18T21:00:19.865410,stranded,1,0,126.6365966796875,37.7928581237793,0.25
han_river,760,126.59224700927734,37.769412994384766,2026-06-18T21:15:04.064277,stranded,1,0,126.5904312133789,37.77131652832031,0.25
han_river,761,126.55542755126953,37.792118072509766,2026-06-18T21:37:18.245056,stranded,1,1,126.55542755126953,37.792118072509766,0.12
han_river,762,126.64757537841797,37.78975296020508,2026-06-18T21:56:44.228426,stranded,1,0,126.64793395996094,37.791717529296875,0.25
han_river,763,126.65292358398438,37.7569580078125,2026-06-18T22:14:23.490647,stranded,1,1,126.65292358398438,37.7569580078125,0.12
han_river,764,126.59004974365234,37.77263259887695,2026-06-18T22:23:43.003871,stranded,1,1,126.59004974365234,37.77263259887695,0.12
han_river,765,126.63140106201172,37.788185119628906,2026-06-18T22:33:31.856910,stranded,1,0,126.63241577148438,37.77198028564453,0.38
han_river,766,126.55303955078125,37.78709411621094,2026-06-18T22:41:49.862408,stranded,1,0,126.55068969726562,37.794551849365234,0.25
han_river,767,126.65904998779297,37.75947189331055,2026-06-19T00:08:25.620462,stranded,1,0,126.65338897705078,37.75901794433594,0.25
han_river,768,126.65674591064453,37.747406005859375,2026-06-19T00:28:46.906071,stranded,1,1,126.65674591064453,37.747406005859375,0.12
han_river,769,126.57920837402344,37.77243423461914,2026-06-19T00:55:37.477733,stranded,1,1,126.57920837402344,37.77243423461914,0.12
han_river,770,126.59004974365234,37.75999450683594,2026-06-19T03:14:58.276962,stranded,1,0,126.59293365478516,37.757591247558594,0.25
han_river,771,126.629150390625,37.7690544128418,2026-06-19T03:25:34.713596,stranded,1,1,126.629150390625,37.7690544128418,0.12
han_river,772,126.60479736328125,37.753414154052734,2026-06-19T03:42:16.457187,stranded,1,1,126.60479736328125,37.753414154052734,0.12
han_river,773,126.63341522216797,37.773372650146484,2026-06-19T03:50:38.430105,stranded,1,1,126.63341522216797,37.773372650146484,0.12
han_river,774,126.6133804321289,37.754615783691406,2026-06-19T04:57:31.574421,stranded,1,1,126.6133804321289,37.754615783691406,0.12
han_river,775,126.59224700927734,37.75664520263672,2026-06-19T04:58:40.494041,stranded,1,1,126.59224700927734,37.75664520263672,0.12
han_river,776,126.61141204833984,37.75776290893555,2026-06-19T05:55:02.943291,stranded,1,0,126.61467742919922,37.75644302368164,0.25
han_river,777,126.5700454711914,37.75999450683594,2026-06-19T06:12:42.907242,stranded,1,0,126.576171875,37.7521858215332,0.25
han_river,778,126.57355499267578,37.77769088745117,2026-06-19T06:28:24.236767,stranded,1,1,126.57355499267578,37.77769088745117,0.12
han_river,779,126.5951156616211,37.77449417114258,2026-06-19T06:53:58.830043,stranded,1,1,126.5951156616211,37.77449417114258,0.12
han_river,780,126.59735870361328,37.759273529052734,2026-06-19T08:45:42.819737,stranded,1,0,126.59452819824219,37.77248001098633,0.25
han_river,781,126.56118774414062,37.77043914794922,2026-06-19T09:10:54.373598,stranded,1,0,126.5094223022461,37.781002044677734,0.5
han_river,782,126.65564727783203,37.76435852050781,2026-06-19T10:05:03.655388,stranded,1,0,126.6524887084961,37.763267517089844,0.25
han_river,783,126.5841064453125,37.7715950012207,2026-06-19T10:13:35.982445,stranded,1,1,126.5841064453125,37.7715950012207,0.12
han_river,784,126.59004974365234,37.77252960205078,2026-06-19T10:25:21.441657,stranded,1,1,126.59004974365234,37.77252960205078,0.12
han_river,785,126.60636138916016,37.784358978271484,2026-06-19T10:36:17.402106,stranded,1,1,126.60636138916016,37.784358978271484,0.12
han_river,786,126.6511459350586,37.79083251953125,2026-06-19T11:54:41.777130,stranded,1,1,126.6511459350586,37.79083251953125,0.12
han_river,787,126.59378814697266,37.77326965332031,2026-06-19T12:42:39.039019,stranded,1,1,126.59378814697266,37.77326965332031,0.12
han_river,788,126.5961685180664,37.76717758178711,2026-06-19T12:57:08.599853,stranded,1,0,126.58550262451172,37.7530517578125,0.25
han_river,789,126.57032775878906,37.757633209228516,2026-06-19T13:06:52.170179,stranded,1,0,126.5661849975586,37.7564582824707,0.25
han_river,790,126.65176391601562,37.76457595825195,2026-06-19T13:38:46.970240,stranded,1,1,126.65176391601562,37.76457595825195,0.12
han_river,791,126.59416961669922,37.75647735595703,2026-06-19T13:49:49.322779,stranded,1,1,126.59416961669922,37.75647735595703,0.12
han_river,792,126.56599426269531,37.75923156738281,2026-06-19T14:19:26.021153,stranded,1,0,126.56366729736328,37.75923156738281,0.25
han_river,793,126.61813354492188,37.76567840576172,2026-06-19T14:30:53.786326,stranded,1,0,126.61090087890625,37.75374984741211,0.25
han_river,794,126.63166046142578,37.773311614990234,2026-06-19T15:12:42.167863,stranded,1,0,126.63166046142578,37.771724700927734,0.25
han_river,795,126.5953369140625,37.75837707519531,2026-06-19T15:56:35.744178,stranded,1,0,126.5953369140625,37.75554656982422,0.25
han_river,796,126.57879638671875,37.75333023071289,2026-06-19T17:27:38.749632,stranded,1,1,126.57879638671875,37.75333023071289,0.12
han_river,797,126.58686065673828,37.77157211303711,2026-06-19T18:32:56.030703,stranded,1,1,126.58686065673828,37.77157211303711,0.12
han_river,798,126.591064453125,37.77178955078125,2026-06-19T18:39:46.391901,stranded,1,1,126.591064453125,37.77178955078125,0.12
han_river,799,126.65058898925781,37.80429458618164,2026-06-19T18:54:57.709321,stranded,1,1,126.65058898925781,37.80429458618164,0.12
han_river,800,126.63922882080078,37.79287338256836,2026-06-19T19:38:37.477749,stranded,1,1,126.63922882080078,37.79287338256836,0.12
han_river,801,126.61601257324219,37.790260314941406,2026-06-19T19:49:12.300935,stranded,1,1,126.61601257324219,37.790260314941406,0.12
han_river,802,126.56616973876953,37.77642822265625,2026-06-19T19:53:18.911480,stranded,1,0,126.56012725830078,37.78989028930664,0.25
han_river,803,126.60462188720703,37.78192138671875,2026-06-19T19:56:33.124563,stranded,1,1,126.60462188720703,37.78192138671875,0.12
han_river,804,126.65283203125,37.76002883911133,2026-06-19T20:23:23.657390,stranded,1,1,126.65283203125,37.76002883911133,0.12
han_river,805,126.55242919921875,37.78793716430664,2026-06-19T20:38:04.239029,stranded,1,0,126.5486068725586,37.79612731933594,0.25
han_river,806,126.60819244384766,37.784244537353516,2026-06-19T21:01:28.598465,stranded,1,0,126.60566711425781,37.784244537353516,0.25
han_river,807,126.59038543701172,37.771392822265625,2026-06-19T21:38:32.555954,stranded,1,1,126.59038543701172,37.771392822265625,0.12
han_river,808,126.60433197021484,37.78169631958008,2026-06-19T22:06:11.986140,stranded,1,1,126.60433197021484,37.78169631958008,0.12
han_river,809,126.59642028808594,37.77425003051758,2026-06-19T22:33:23.484846,stranded,1,1,126.59642028808594,37.77425003051758,0.12
han_river,810,126.58004760742188,37.77146911621094,2026-06-19T23:01:28.939779,stranded,1,1,126.58004760742188,37.77146911621094,0.12
han_river,811,126.61773681640625,37.79256057739258,2026-06-19T23:38:42.402951,stranded,1,1,126.61773681640625,37.79256057739258,0.12
han_river,812,126.65258026123047,37.756378173828125,2026-06-20T01:59:52.380936,stranded,1,1,126.65258026123047,37.756378173828125,0.12
han_river,813,126.55481719970703,37.783775329589844,2026-06-20T02:13:17.145667,stranded,1,0,126.55086517333984,37.77042770385742,0.25
han_river,814,126.59307098388672,37.772605895996094,2026-06-20T03:07:32.618352,stranded,1,1,126.59307098388672,37.772605895996094,0.12
han_river,815,126.57588195800781,37.752838134765625,2026-06-20T03:24:51.332633,stranded,1,1,126.57588195800781,37.752838134765625,0.12
han_river,816,126.58781433105469,37.75590515136719,2026-06-20T03:34:44.248733,stranded,1,1,126.58781433105469,37.75590515136719,0.12
han_river,817,126.64497375488281,37.775978088378906,2026-06-20T03:59:34.989669,stranded,1,1,126.64497375488281,37.775978088378906,0.12
han_river,818,126.58458709716797,37.766571044921875,2026-06-20T04:10:53.634125,stranded,1,0,126.5818099975586,37.752960205078125,0.25
han_river,819,126.6552505493164,37.74935531616211,2026-06-20T04:41:59.661495,stranded,1,1,126.6552505493164,37.74935531616211,0.12
han_river,820,126.60753631591797,37.753028869628906,2026-06-20T04:57:20.442754,stranded,1,1,126.60753631591797,37.753028869628906,0.12
han_river,821,126.60246276855469,37.75554656982422,2026-06-20T05:01:02.837552,stranded,1,1,126.60246276855469,37.75554656982422,0.12
han_river,822,126.59004974365234,37.75627517700195,2026-06-20T06:52:31.782899,stranded,1,1,126.59004974365234,37.75627517700195,0.12
han_river,823,126.63782501220703,37.78925704956055,2026-06-20T08:34:21.727916,stranded,1,0,126.63782501220703,37.792930603027344,0.25
han_river,824,126.59819030761719,37.77544021606445,2026-06-20T09:59:42.215055,stranded,1,1,126.59819030761719,37.77544021606445,0.12
han_river,825,126.57455444335938,37.772274017333984,2026-06-20T10:02:30.943235,stranded,1,1,126.57455444335938,37.772274017333984,0.12
han_river,826,126.5640869140625,37.774070739746094,2026-06-20T11:55:27.419211,stranded,1,0,126.5303726196289,37.76997375488281,0.5
han_river,827,126.5700454711914,37.75999450683594,2026-06-20T12:14:58.887837,stranded,1,0,126.53996276855469,37.778526306152344,0.38
han_river,828,126.64579010009766,37.77507400512695,2026-06-20T13:19:14.684886,stranded,1,1,126.64579010009766,37.77507400512695,0.12
han_river,829,126.59161376953125,37.758460998535156,2026-06-20T14:05:50.248126,stranded,1,0,126.59161376953125,37.7568473815918,0.25
han_river,830,126.63328552246094,37.78507995605469,2026-06-20T14:07:14.484091,stranded,1,0,126.63387298583984,37.77421188354492,0.25
han_river,831,126.64380645751953,37.78873825073242,2026-06-20T14:20:47.841238,stranded,1,0,126.629638671875,37.76851272583008,0.38
han_river,832,126.57916259765625,37.75844955444336,2026-06-20T14:41:32.626998,stranded,1,0,126.57632446289062,37.75285339355469,0.25
han_river,833,126.56304931640625,37.762821197509766,2026-06-20T14:55:39.915360,stranded,1,1,126.56304931640625,37.762821197509766,0.12
han_river,834,126.57365417480469,37.75381851196289,2026-06-20T16:00:41.924825,stranded,1,1,126.57365417480469,37.75381851196289,0.12
han_river,835,126.63410949707031,37.77414321899414,2026-06-20T16:06:26.561349,stranded,1,1,126.63410949707031,37.77414321899414,0.12
han_river,836,126.56787109375,37.755943298339844,2026-06-20T16:30:31.903436,stranded,1,1,126.56787109375,37.755943298339844,0.12
han_river,837,126.61769104003906,37.766700744628906,2026-06-20T17:00:32.397635,stranded,1,0,126.62451171875,37.76304244995117,0.25
han_river,838,126.57976531982422,37.76885223388672,2026-06-20T18:02:54.650281,stranded,1,0,126.57733917236328,37.773582458496094,0.38
han_river,839,126.62005615234375,37.76999282836914,2026-06-20T18:22:57.538765,stranded,1,0,126.61772918701172,37.79191970825195,0.38
han_river,840,126.60812377929688,37.78242874145508,2026-06-20T20:06:08.640451,stranded,1,0,126.60523986816406,37.78242874145508,0.25
han_river,841,126.61490631103516,37.79148864746094,2026-06-20T21:37:57.363861,stranded,1,1,126.61490631103516,37.79148864746094,0.12
han_river,842,126.6097183227539,37.7884635925293,2026-06-20T21:39:48.321189,stranded,1,1,126.6097183227539,37.7884635925293,0.12
han_river,843,126.60506439208984,37.783119201660156,2026-06-20T22:31:58.143754,stranded,1,1,126.60506439208984,37.783119201660156,0.12
han_river,844,126.5473403930664,37.7962532043457,2026-06-20T22:32:45.403403,stranded,1,1,126.5473403930664,37.7962532043457,0.12
han_river,845,126.64006042480469,37.792701721191406,2026-06-20T22:33:47.514868,stranded,1,1,126.64006042480469,37.792701721191406,0.12
han_river,846,126.6533432006836,37.761619567871094,2026-06-20T22:42:56.795221,stranded,1,1,126.6533432006836,37.761619567871094,0.12
han_river,847,126.61588287353516,37.78755187988281,2026-06-20T23:02:27.849003,stranded,1,0,126.61588287353516,37.78978729248047,0.25
han_river,848,126.6076889038086,37.766151428222656,2026-06-20T23:50:05.885899,stranded,1,0,126.59757232666016,37.77556610107422,0.25
han_river,849,126.66006469726562,37.749996185302734,2026-06-21T00:16:24.744003,stranded,1,0,126.65299987792969,37.75605010986328,0.25
han_river,850,126.56205749511719,37.764556884765625,2026-06-21T01:33:19.679480,stranded,1,1,126.56205749511719,37.764556884765625,0.12
han_river,851,126.61509704589844,37.79130935668945,2026-06-21T01:34:03.148345,stranded,1,1,126.61509704589844,37.79130935668945,0.12
han_river,852,126.63167572021484,37.781551361083984,2026-06-21T02:33:44.739174,stranded,1,0,126.61259460449219,37.754905700683594,0.38
han_river,853,126.58531188964844,37.76956558227539,2026-06-21T02:44:23.765026,stranded,1,0,126.57608032226562,37.753639221191406,0.38
han_river,854,126.65522003173828,37.748111724853516,2026-06-21T03:40:26.310813,stranded,1,1,126.65522003173828,37.748111724853516,0.12
han_river,855,126.55962371826172,37.767250061035156,2026-06-21T04:42:32.124148,stranded,1,1,126.55962371826172,37.767250061035156,0.12
han_river,856,126.61698150634766,37.78492736816406,2026-06-21T05:27:28.759519,stranded,1,0,126.63683319091797,37.775081634521484,0.25
han_river,857,126.59027862548828,37.7601432800293,2026-06-21T05:35:56.187721,stranded,1,0,126.59178924560547,37.75693893432617,0.25
han_river,858,126.61005401611328,37.75999450683594,2026-06-21T06:22:27.993130,stranded,1,0,126.61105346679688,37.75440216064453,0.25
han_river,859,126.58535766601562,37.753238677978516,2026-06-21T06:36:35.486242,stranded,1,1,126.58535766601562,37.753238677978516,0.12
han_river,860,126.58794403076172,37.75571060180664,2026-06-21T07:30:33.185047,stranded,1,1,126.58794403076172,37.75571060180664,0.12
han_river,861,126.61353302001953,37.75625991821289,2026-06-21T07:53:14.027044,stranded,1,1,126.61353302001953,37.75625991821289,0.12
han_river,862,126.62136840820312,37.794795989990234,2026-06-21T09:34:02.120138,stranded,1,1,126.62136840820312,37.794795989990234,0.12
han_river,863,126.58076477050781,37.77192687988281,2026-06-21T09:55:20.432102,stranded,1,1,126.58076477050781,37.77192687988281,0.12
han_river,864,126.65264129638672,37.7801628112793,2026-06-21T09:58:15.382175,stranded,1,0,126.6378173828125,37.77245330810547,0.38
han_river,865,126.64491271972656,37.793235778808594,2026-06-21T10:07:43.217604,stranded,1,1,126.64491271972656,37.793235778808594,0.12
han_river,866,126.60843658447266,37.77641677856445,2026-06-21T10:26:58.056906,stranded,1,0,126.60398864746094,37.780818939208984,0.25
han_river,867,126.62471771240234,37.79187774658203,2026-06-21T10:53:27.997038,stranded,1,0,126.62381744384766,37.79515838623047,0.25
han_river,868,126.60066986083984,37.77622985839844,2026-06-21T11:24:18.986335,stranded,1,0,126.5985107421875,37.77622985839844,0.25
han_river,869,126.64006042480469,37.792537689208984,2026-06-21T11:32:31.048395,stranded,1,1,126.64006042480469,37.792537689208984,0.12
han_river,870,126.63764190673828,37.78696823120117,2026-06-21T14:43:08.643618,stranded,1,0,126.62342071533203,37.76201248168945,0.25
han_river,871,126.62019348144531,37.77020263671875,2026-06-21T15:58:22.631865,stranded,1,0,126.62073516845703,37.76057434082031,0.25
han_river,872,126.57933044433594,37.75395965576172,2026-06-21T17:00:37.141373,stranded,1,1,126.57933044433594,37.75395965576172,0.12
han_river,873,126.56961059570312,37.75471496582031,2026-06-21T17:10:19.190558,stranded,1,1,126.56961059570312,37.75471496582031,0.12
han_river,874,126.6268539428711,37.778045654296875,2026-06-21T17:14:08.528438,stranded,1,0,126.59968566894531,37.77698516845703,0.38
han_river,875,126.60746002197266,37.770118713378906,2026-06-21T17:22:18.748389,stranded,1,0,126.59270477294922,37.77302169799805,0.38
han_river,876,126.65682220458984,37.79357147216797,2026-06-21T17:35:10.612748,stranded,1,0,126.63938903808594,37.79219055175781,0.38
han_river,877,126.66006469726562,37.749996185302734,2026-06-21T18:16:22.725185,stranded,1,0,126.66028594970703,37.744041442871094,0.25
han_river,878,126.61139678955078,37.75507736206055,2026-06-21T18:29:22.002900,stranded,1,1,126.61139678955078,37.75507736206055,0.12
han_river,879,126.5934066772461,37.758392333984375,2026-06-21T19:24:08.704681,stranded,1,0,126.58536529541016,37.77223205566406,0.25
han_river,880,126.61841583251953,37.765907287597656,2026-06-21T19:48:26.730160,stranded,1,0,126.60286712646484,37.78030014038086,0.25
han_river,881,126.60970306396484,37.757022857666016,2026-06-21T20:13:54.402810,stranded,1,0,126.59614562988281,37.7738151550293,0.25
han_river,882,126.61566925048828,37.77043151855469,2026-06-21T20:18:25.763728,stranded,1,0,126.60630798339844,37.78461456298828,0.25
han_river,883,126.63725280761719,37.79121017456055,2026-06-21T20:42:30.112931,stranded,1,0,126.63488006591797,37.79316711425781,0.25
han_river,884,126.61787414550781,37.791385650634766,2026-06-21T20:49:10.749546,stranded,1,0,126.61787414550781,37.794071197509766,0.25
han_river,885,126.61005401611328,37.75999450683594,2026-06-21T21:11:08.035995,stranded,1,0,126.59895324707031,37.77634811401367,0.25
han_river,886,126.59603118896484,37.77456283569336,2026-06-21T22:32:18.608987,stranded,1,1,126.59603118896484,37.77456283569336,0.12
han_river,887,126.64078521728516,37.79225158691406,2026-06-21T23:21:10.788071,stranded,1,1,126.64078521728516,37.79225158691406,0.12
han_river,888,126.59073638916016,37.772953033447266,2026-06-22T00:36:26.863014,stranded,1,1,126.59073638916016,37.772953033447266,0.12
han_river,889,126.63998413085938,37.7863655090332,2026-06-22T00:39:29.912232,stranded,1,0,126.6373291015625,37.792633056640625,0.25
han_river,890,126.62005615234375,37.793190002441406,2026-06-22T01:38:19.586470,stranded,1,1,126.62005615234375,37.793190002441406,0.12
han_river,891,126.55636596679688,37.792022705078125,2026-06-22T02:00:02.213752,stranded,1,1,126.55636596679688,37.792022705078125,0.12
han_river,892,126.60005187988281,37.75999450683594,2026-06-22T03:17:21.473889,stranded,1,0,126.61182403564453,37.75514221191406,0.38
han_river,893,126.60352325439453,37.757015228271484,2026-06-22T03:43:56.571847,stranded,1,0,126.6053237915039,37.75241470336914,0.25
han_river,894,126.61979675292969,37.759429931640625,2026-06-22T04:48:57.862957,stranded,1,1,126.61979675292969,37.759429931640625,0.12
han_river,895,126.6644515991211,37.747222900390625,2026-06-22T05:43:36.872234,stranded,1,0,126.69132995605469,37.72972869873047,0.38
han_river,896,126.58697509765625,37.767120361328125,2026-06-22T05:51:19.114986,stranded,1,0,126.61187744140625,37.75505447387695,0.25
han_river,897,126.6188735961914,37.75898361206055,2026-06-22T06:36:31.781151,stranded,1,1,126.6188735961914,37.75898361206055,0.12
han_river,898,126.63957977294922,37.77613830566406,2026-06-22T06:52:22.040597,stranded,1,1,126.63957977294922,37.77613830566406,0.12
han_river,899,126.65853881835938,37.77582550048828,2026-06-22T07:22:56.055459,stranded,1,0,126.6532211303711,37.79134750366211,0.38
han_river,900,126.66455841064453,37.76942825317383,2026-06-22T08:05:56.253743,stranded,1,0,126.62932586669922,37.7922248840332,0.5
han_river,901,126.61470031738281,37.76361846923828,2026-06-22T09:48:39.696645,stranded,1,0,126.59496307373047,37.774391174316406,0.25
han_river,902,126.64978790283203,37.772560119628906,2026-06-22T10:28:32.204886,stranded,1,1,126.64978790283203,37.772560119628906,0.12
han_river,903,126.5904541015625,37.76589584350586,2026-06-22T10:31:44.530193,stranded,1,0,126.58140563964844,37.77153015136719,0.25
han_river,904,126.64482879638672,37.79342269897461,2026-06-22T10:32:37.460868,stranded,1,1,126.64482879638672,37.79342269897461,0.12
han_river,905,126.63737487792969,37.79212188720703,2026-06-22T11:06:34.507371,stranded,1,1,126.63737487792969,37.79212188720703,0.12
han_river,906,126.6095962524414,37.776573181152344,2026-06-22T11:31:01.162099,stranded,1,0,126.60223388671875,37.77922821044922,0.25
han_river,907,126.57420349121094,37.76036834716797,2026-06-22T11:32:54.858735,stranded,1,0,126.51529693603516,37.76029968261719,0.5
han_river,908,126.60005187988281,37.75999450683594,2026-06-22T12:16:49.836245,stranded,1,0,126.59354400634766,37.772151947021484,0.25
han_river,909,126.57132720947266,37.76998519897461,2026-06-22T14:02:59.333265,stranded,1,0,126.55286407470703,37.76973342895508,0.25
han_river,910,126.65536499023438,37.76362228393555,2026-06-22T14:37:31.274151,stranded,1,0,126.65264892578125,37.76362228393555,0.25
han_river,911,126.61631774902344,37.78273010253906,2026-06-22T14:41:08.071965,stranded,1,0,126.6048812866211,37.78428268432617,0.25
han_river,912,126.65965270996094,37.74903869628906,2026-06-22T14:52:00.676880,stranded,1,0,126.65414428710938,37.74905776977539,0.25
han_river,913,126.59004974365234,37.771514892578125,2026-06-22T14:56:29.615382,stranded,1,1,126.59004974365234,37.771514892578125,0.12
han_river,914,126.60289764404297,37.758975982666016,2026-06-22T15:14:45.498779,stranded,1,0,126.59162902832031,37.756900787353516,0.25
han_river,915,126.59660339355469,37.75572967529297,2026-06-22T15:28:22.439214,stranded,1,1,126.59660339355469,37.75572967529297,0.12
han_river,916,126.60271453857422,37.781341552734375,2026-06-22T15:48:24.628022,stranded,1,1,126.60271453857422,37.781341552734375,0.12
han_river,917,126.60277557373047,37.75569534301758,2026-06-22T15:55:16.992059,stranded,1,1,126.60277557373047,37.75569534301758,0.12
han_river,918,126.60557556152344,37.77528381347656,2026-06-22T15:55:34.924796,stranded,1,0,126.58942413330078,37.772850036621094,0.38
han_river,919,126.55963897705078,37.767826080322266,2026-06-22T16:36:21.590343,stranded,1,1,126.55963897705078,37.767826080322266,0.12
han_river,920,126.60013580322266,37.77097702026367,2026-06-22T16:40:17.455740,stranded,1,0,126.59696960449219,37.756500244140625,0.25
han_river,921,126.56092071533203,37.78303909301758,2026-06-22T17:35:22.035228,stranded,1,0,126.53977966308594,37.80146789550781,0.5
han_river,922,126.61206817626953,37.75471496582031,2026-06-22T19:15:28.990936,stranded,1,1,126.61206817626953,37.75471496582031,0.12
han_river,923,126.61286163330078,37.75727081298828,2026-06-22T20:12:00.325356,stranded,1,0,126.60161590576172,37.7796516418457,0.25
han_river,924,126.54997253417969,37.78974151611328,2026-06-22T20:59:54.278174,stranded,1,0,126.55720520019531,37.79056930541992,0.25
han_river,925,126.57949829101562,37.77211380004883,2026-06-22T21:33:17.907923,stranded,1,1,126.57949829101562,37.77211380004883,0.12
han_river,926,126.65483856201172,37.77957534790039,2026-06-22T21:54:14.679206,stranded,1,0,126.64889526367188,37.78974151611328,0.25
han_river,927,126.65623474121094,37.771610260009766,2026-06-22T22:31:20.853451,stranded,1,0,126.65078735351562,37.79037094116211,0.25
han_river,928,126.60747528076172,37.785335540771484,2026-06-22T22:47:22.119182,stranded,1,1,126.60747528076172,37.785335540771484,0.12
han_river,929,126.63967895507812,37.79411315917969,2026-06-22T22:49:13.912978,stranded,1,1,126.63967895507812,37.79411315917969,0.12
han_river,930,126.58277893066406,37.770484924316406,2026-06-22T23:45:40.188400,stranded,1,0,126.58277893066406,37.7722053527832,0.25
han_river,931,126.63153839111328,37.78804397583008,2026-06-22T23:57:45.350525,stranded,1,0,126.62771606445312,37.79323196411133,0.25
han_river,932,126.61581420898438,37.78998947143555,2026-06-23T01:43:48.257659,stranded,1,1,126.61581420898438,37.78998947143555,0.12
han_river,933,126.60551452636719,37.783443450927734,2026-06-23T03:30:48.850361,stranded,1,1,126.60551452636719,37.783443450927734,0.12
han_river,934,126.62767791748047,37.76711654663086,2026-06-23T03:38:55.474100,stranded,1,1,126.62767791748047,37.76711654663086,0.12
han_river,935,126.55889892578125,37.79001998901367,2026-06-23T04:05:54.780948,stranded,1,1,126.55889892578125,37.79001998901367,0.12
han_river,936,126.5771484375,37.753971099853516,2026-06-23T04:14:21.383620,stranded,1,1,126.5771484375,37.753971099853516,0.12
han_river,937,126.60142517089844,37.755584716796875,2026-06-23T05:10:24.242374,stranded,1,1,126.60142517089844,37.755584716796875,0.12
han_river,938,126.61127471923828,37.75714111328125,2026-06-23T05:20:36.249574,stranded,1,0,126.61384582519531,37.7556037902832,0.25
han_river,939,126.6294174194336,37.78398132324219,2026-06-23T05:47:56.352032,stranded,1,0,126.63459777832031,37.7738037109375,0.25
han_river,940,126.61883544921875,37.768699645996094,2026-06-23T06:00:11.084467,stranded,1,0,126.62512969970703,37.76299285888672,0.25
han_river,941,126.64689636230469,37.775970458984375,2026-06-23T08:45:15.181461,stranded,1,0,126.64863586425781,37.77404022216797,0.25
han_river,942,126.5614013671875,37.775753021240234,2026-06-23T08:58:25.737835,stranded,1,0,126.57962036132812,37.75439453125,0.25
han_river,943,126.57307434082031,37.755950927734375,2026-06-23T09:01:32.894119,stranded,1,0,126.57307434082031,37.75358200073242,0.25
han_river,944,126.65006256103516,37.779991149902344,2026-06-23T09:15:53.278641,stranded,1,0,126.67491912841797,37.77397537231445,0.25
han_river,945,126.6053466796875,37.752662658691406,2026-06-23T09:29:43.604347,stranded,1,1,126.6053466796875,37.752662658691406,0.12
han_river,946,126.61920166015625,37.75911331176758,2026-06-23T10:09:10.545264,stranded,1,1,126.61920166015625,37.75911331176758,0.12
han_river,947,126.62151336669922,37.77264404296875,2026-06-23T10:28:01.357068,stranded,1,0,126.60897064208984,37.78714370727539,0.25
han_river,948,126.61773681640625,37.786136627197266,2026-06-23T10:39:23.899943,stranded,1,0,126.6117172241211,37.78990936279297,0.25
han_river,949,126.57027435302734,37.76118469238281,2026-06-23T11:26:34.122934,stranded,1,0,126.56100463867188,37.766258239746094,0.25
han_river,950,126.65965270996094,37.751914978027344,2026-06-23T11:57:45.220361,stranded,1,0,126.6533432006836,37.75357437133789,0.25
han_river,951,126.57234191894531,37.76810073852539,2026-06-23T12:18:03.257699,stranded,1,0,126.54997253417969,37.77022933959961,0.5
han_river,952,126.60297393798828,37.78056716918945,2026-06-23T12:26:23.021374,stranded,1,1,126.60297393798828,37.78056716918945,0.12
han_river,953,126.59469604492188,37.772743225097656,2026-06-23T12:53:25.465283,stranded,1,1,126.59469604492188,37.772743225097656,0.12
han_river,954,126.61500549316406,37.79216003417969,2026-06-23T12:59:21.859305,stranded,1,1,126.61500549316406,37.79216003417969,0.12
han_river,955,126.6244125366211,37.77802658081055,2026-06-23T14:43:41.297910,stranded,1,0,126.62934875488281,37.768394470214844,0.38
han_river,956,126.60005187988281,37.75999450683594,2026-06-23T15:23:56.405462,stranded,1,0,126.58354187011719,37.75316619873047,0.38
han_river,957,126.56254577636719,37.76201248168945,2026-06-23T15:29:42.796152,stranded,1,1,126.56254577636719,37.76201248168945,0.12
han_river,958,126.65577697753906,37.748016357421875,2026-06-23T15:31:30.505033,stranded,1,1,126.65577697753906,37.748016357421875,0.12
han_river,959,126.60262298583984,37.761600494384766,2026-06-23T15:47:49.665419,stranded,1,0,126.60430908203125,37.75346755981445,0.25
han_river,960,126.63340759277344,37.78042984008789,2026-06-23T16:52:16.953100,stranded,1,0,126.63580322265625,37.774044036865234,0.25
han_river,961,126.6184310913086,37.76542663574219,2026-06-23T17:23:31.739634,stranded,1,0,126.62213897705078,37.76142120361328,0.25
han_river,962,126.63688659667969,37.779266357421875,2026-06-23T17:41:25.210715,stranded,1,0,126.63899230957031,37.77457809448242,0.25
han_river,963,126.633544921875,37.773773193359375,2026-06-23T18:39:01.003670,stranded,1,1,126.633544921875,37.773773193359375,0.12
han_river,964,126.57022857666016,37.75477981567383,2026-06-23T19:24:15.789111,stranded,1,1,126.57022857666016,37.75477981567383,0.12
han_river,965,126.6247787475586,37.78144073486328,2026-06-23T19:44:35.212344,stranded,1,0,126.63009643554688,37.771705627441406,0.25
han_river,966,126.59088897705078,37.76006317138672,2026-06-23T19:59:57.838205,stranded,1,0,126.59862518310547,37.75460433959961,0.25
han_river,967,126.64908599853516,37.78147506713867,2026-06-23T20:17:11.473270,stranded,1,0,126.6498794555664,37.77257537841797,0.25
han_river,968,126.63339233398438,37.77949142456055,2026-06-23T20:21:01.837162,stranded,1,0,126.63257598876953,37.772865295410156,0.25
han_river,969,126.6613998413086,37.78807830810547,2026-06-23T21:08:55.191612,stranded,1,0,126.64179229736328,37.77515411376953,1.12
han_river,970,126.61005401611328,37.75999450683594,2026-06-23T21:16:33.017198,stranded,1,0,126.61621856689453,37.756568908691406,0.25
han_river,971,126.58251953125,37.75920104980469,2026-06-23T21:17:50.885814,stranded,1,0,126.58448791503906,37.75402069091797,0.25
han_river,972,126.62162017822266,37.7708740234375,2026-06-23T22:04:36.595489,stranded,1,0,126.6117172241211,37.788700103759766,0.25
han_river,973,126.62251281738281,37.768768310546875,2026-06-23T22:21:32.986671,stranded,1,0,126.60089874267578,37.77817153930664,0.25
han_river,974,126.62821197509766,37.77507019042969,2026-06-23T23:04:18.799106,stranded,1,0,126.60459899902344,37.78456115722656,0.25
han_river,975,126.60360717773438,37.78105163574219,2026-06-23T23:19:18.825501,stranded,1,1,126.60360717773438,37.78105163574219,0.12
han_river,976,126.62442779541016,37.782676696777344,2026-06-23T23:22:15.613933,stranded,1,0,126.60863494873047,37.78616714477539,0.25
han_river,977,126.65914154052734,37.7505989074707,2026-06-23T23:55:27.428284,stranded,1,0,126.65281677246094,37.75602340698242,0.25
han_river,978,126.61005401611328,37.75999450683594,2026-06-24T00:12:59.540628,stranded,1,0,126.59234619140625,37.77312088012695,0.25
han_river,979,126.60902404785156,37.787113189697266,2026-06-24T00:39:43.861735,stranded,1,1,126.60902404785156,37.787113189697266,0.12
han_river,980,126.65357971191406,37.75627517700195,2026-06-24T01:15:59.754513,stranded,1,1,126.65357971191406,37.75627517700195,0.12
han_river,981,126.63639068603516,37.792606353759766,2026-06-24T02:33:27.290514,stranded,1,1,126.63639068603516,37.792606353759766,0.12
han_river,982,126.6361312866211,37.7929573059082,2026-06-24T03:26:33.058728,stranded,1,1,126.6361312866211,37.7929573059082,0.12
han_river,983,126.56352233886719,37.779693603515625,2026-06-24T03:26:39.037685,stranded,1,0,126.5693130493164,37.78031921386719,0.25
han_river,984,126.58805847167969,37.771583557128906,2026-06-24T03:35:29.197442,stranded,1,1,126.58805847167969,37.771583557128906,0.12
han_river,985,126.62554931640625,37.787662506103516,2026-06-24T03:57:47.637894,stranded,1,0,126.63676452636719,37.775062561035156,0.38
han_river,986,126.59041595458984,37.77262496948242,2026-06-24T04:16:59.949284,stranded,1,1,126.59041595458984,37.77262496948242,0.12
han_river,987,126.55866241455078,37.78996658325195,2026-06-24T04:49:03.317234,stranded,1,1,126.55866241455078,37.78996658325195,0.12
han_river,988,126.62548828125,37.78781509399414,2026-06-24T05:11:06.593558,stranded,1,0,126.63532257080078,37.77375793457031,0.38
han_river,989,126.63584899902344,37.78185272216797,2026-06-24T05:31:17.673299,stranded,1,0,126.6483383178711,37.791114807128906,0.62
han_river,990,126.62430572509766,37.78632354736328,2026-06-24T05:44:44.106437,stranded,1,0,126.6366195678711,37.775123596191406,0.38
han_river,991,126.59397888183594,37.75773620605469,2026-06-24T06:32:06.568120,stranded,1,1,126.59397888183594,37.75773620605469,0.12
han_river,992,126.61907196044922,37.75973129272461,2026-06-24T06:38:16.350528,stranded,1,1,126.61907196044922,37.75973129272461,0.12
han_river,993,126.57545471191406,37.76325607299805,2026-06-24T07:52:04.707239,stranded,1,0,126.58964538574219,37.75564193725586,0.25
han_river,994,126.6173324584961,37.778099060058594,2026-06-24T07:52:32.304005,stranded,1,0,126.62999725341797,37.770164489746094,0.25
han_river,995,126.64224243164062,37.78992462158203,2026-06-24T08:18:49.997412,stranded,1,0,126.65078735351562,37.78980255126953,0.25
han_river,996,126.56715393066406,37.77684020996094,2026-06-24T08:47:03.567517,stranded,1,0,126.57218170166016,37.77684020996094,0.25
han_river,997,126.60005187988281,37.76999282836914,2026-06-24T09:11:03.438531,stranded,1,0,126.62077331542969,37.76070022583008,0.25
han_river,998,126.57648468017578,37.77199935913086,2026-06-24T09:12:01.100051,stranded,1,0,126.59168243408203,37.75625228881836,0.25
han_river,999,126.60005187988281,37.75999450683594,2026-06-24T09:13:44.565196,stranded,1,0,126.61212921142578,37.75493240356445,0.25
han_river,1000,126.5712890625,37.75474548339844,2026-06-24T09:43:17.617861,stranded,1,1,126.5712890625,37.75474548339844,0.12
han_river,1001,126.64910125732422,37.78493881225586,2026-06-24T10:45:50.309558,stranded,1,0,126.65074920654297,37.80266189575195,0.25
han_river,1002,126.6179428100586,37.75790786743164,2026-06-24T10:46:25.007912,stranded,1,1,126.6179428100586,37.75790786743164,0.12
han_river,1003,126.62494659423828,37.791465759277344,2026-06-24T11:24:41.409878,stranded,1,0,126.62953186035156,37.793087005615234,0.25
han_river,1004,126.61305236816406,37.76008224487305,2026-06-24T11:31:38.469411,stranded,1,0,126.6021499633789,37.77959442138672,0.38
han_river,1005,126.64500427246094,37.78593444824219,2026-06-24T12:11:44.175395,stranded,1,0,126.65058135986328,37.7910041809082,0.25
han_river,1006,126.59004974365234,37.75999450683594,2026-06-24T12:16:25.229713,stranded,1,0,126.58447265625,37.772403717041016,0.25
han_river,1007,126.587890625,37.771446228027344,2026-06-24T12:48:20.380137,stranded,1,1,126.587890625,37.771446228027344,0.12
han_river,1008,126.55950164794922,37.775108337402344,2026-06-24T13:01:04.249348,stranded,1,0,126.53636169433594,37.80122756958008,0.25
han_river,1009,126.58104705810547,37.771812438964844,2026-06-24T13:09:39.903233,stranded,1,1,126.58104705810547,37.771812438964844,0.12
han_river,1010,126.54582214355469,37.792930603027344,2026-06-24T15:34:28.982298,stranded,1,0,126.55424499511719,37.79202651977539,0.25
han_river,1011,126.56209564208984,37.76344680786133,2026-06-24T15:53:27.601669,stranded,1,1,126.56209564208984,37.76344680786133,0.12
han_river,1012,126.61520385742188,37.78998947143555,2026-06-24T16:02:25.484710,stranded,1,1,126.61520385742188,37.78998947143555,0.12
han_river,1013,126.58164978027344,37.76449203491211,2026-06-24T17:33:47.526654,stranded,1,0,126.59516906738281,37.75773239135742,0.25
han_river,1014,126.56767272949219,37.758235931396484,2026-06-24T17:48:56.253534,stranded,1,0,126.57914733886719,37.75339126586914,0.25
han_river,1015,126.66006469726562,37.78998947143555,2026-06-24T18:20:17.284025,stranded,1,0,126.66334533691406,37.73863983154297,0.5
han_river,1016,126.56884765625,37.7806396484375,2026-06-24T18:25:35.770793,stranded,1,1,126.56884765625,37.7806396484375,0.12
han_river,1017,126.57518768310547,37.758121490478516,2026-06-24T18:57:19.767868,stranded,1,0,126.5779800415039,37.75394821166992,0.25
han_river,1018,126.65412139892578,37.7655143737793,2026-06-24T19:44:36.636191,stranded,1,0,126.65957641601562,37.74366760253906,0.38
han_river,1019,126.62982177734375,37.77135467529297,2026-06-24T20:22:05.851596,stranded,1,1,126.62982177734375,37.77135467529297,0.12
han_river,1020,126.62005615234375,37.76999282836914,2026-06-24T21:10:32.646709,stranded,1,0,126.62120819091797,37.76140213012695,0.25
han_river,1021,126.61793518066406,37.76372528076172,2026-06-24T22:08:23.224571,stranded,1,0,126.6019287109375,37.78158950805664,0.38
han_river,1022,126.5738525390625,37.76303482055664,2026-06-24T22:57:27.537196,stranded,1,0,126.54814147949219,37.79548645019531,0.38
han_river,1023,126.63518524169922,37.77785110473633,2026-06-24T23:13:39.648441,stranded,1,0,126.61714172363281,37.79302215576172,0.25
han_river,1024,126.61099243164062,37.77335739135742,2026-06-24T23:16:14.676458,stranded,1,0,126.60347747802734,37.781494140625,0.25
han_river,1025,126.59930419921875,37.760650634765625,2026-06-24T23:36:00.411694,stranded,1,0,126.58748626708984,37.77345275878906,0.38
han_river,1026,126.5630874633789,37.77458953857422,2026-06-25T00:43:27.471267,stranded,1,0,126.5474853515625,37.795955657958984,0.25
han_river,1027,126.55326843261719,37.79135513305664,2026-06-25T00:45:20.944997,stranded,1,0,126.54611206054688,37.79795837402344,0.25
han_river,1028,126.59513854980469,37.76655960083008,2026-06-25T00:48:17.815734,stranded,1,0,126.5838623046875,37.77119445800781,0.25
han_river,1029,126.60991668701172,37.7742805480957,2026-06-25T01:09:28.077058,stranded,1,0,126.6035385131836,37.78160095214844,0.25
han_river,1030,126.60425567626953,37.78194808959961,2026-06-25T01:17:43.790189,stranded,1,1,126.60425567626953,37.78194808959961,0.12
han_river,1031,126.5956039428711,37.76634216308594,2026-06-25T01:39:24.991519,stranded,1,0,126.59397888183594,37.7728271484375,0.25
han_river,1032,126.63780975341797,37.793846130371094,2026-06-25T01:45:47.775914,stranded,1,1,126.63780975341797,37.793846130371094,0.12
han_river,1033,126.6006851196289,37.77383804321289,2026-06-25T02:12:51.185918,stranded,1,0,126.6006851196289,37.777774810791016,0.25
han_river,1034,126.59746551513672,37.76089096069336,2026-06-25T03:09:03.750831,stranded,1,0,126.59000396728516,37.77194595336914,0.25
han_river,1035,126.5797348022461,37.77235412597656,2026-06-25T04:08:30.331980,stranded,1,1,126.5797348022461,37.77235412597656,0.12
han_river,1036,126.59664916992188,37.767791748046875,2026-06-25T04:46:52.821942,stranded,1,0,126.62236022949219,37.761329650878906,0.25
han_river,1037,126.61072540283203,37.77799606323242,2026-06-25T04:56:39.610150,stranded,1,0,126.64368438720703,37.775028228759766,0.38
han_river,1038,126.65499877929688,37.75001907348633,2026-06-25T05:14:22.566061,stranded,1,1,126.65499877929688,37.75001907348633,0.12
han_river,1039,126.62145233154297,37.78821563720703,2026-06-25T06:02:48.229087,stranded,1,0,126.65446472167969,37.74823760986328,0.62
han_river,1040,126.55004119873047,37.78998947143555,2026-06-25T06:13:02.848536,stranded,1,0,126.5725326538086,37.7767333984375,0.25
han_river,1041,126.5893783569336,37.75623321533203,2026-06-25T06:47:43.990417,stranded,1,1,126.5893783569336,37.75623321533203,0.12
han_river,1042,126.58393096923828,37.75484848022461,2026-06-25T06:54:43.267525,stranded,1,1,126.58393096923828,37.75484848022461,0.12
han_river,1043,126.61068725585938,37.7537727355957,2026-06-25T07:44:08.996535,stranded,1,1,126.61068725585938,37.7537727355957,0.12
han_river,1044,126.6266860961914,37.76519775390625,2026-06-25T07:57:37.423518,stranded,1,1,126.6266860961914,37.76519775390625,0.12
han_river,1045,126.61467742919922,37.756465911865234,2026-06-25T08:04:24.876533,stranded,1,1,126.61467742919922,37.756465911865234,0.12
han_river,1046,126.61807250976562,37.75764846801758,2026-06-25T08:31:51.684029,stranded,1,1,126.61807250976562,37.75764846801758,0.12
han_river,1047,126.61054992675781,37.76509094238281,2026-06-25T08:47:32.674091,stranded,1,0,126.61628723144531,37.756805419921875,0.25
han_river,1048,126.5634536743164,37.77758026123047,2026-06-25T08:58:28.363018,stranded,1,0,126.58086395263672,37.753597259521484,0.25
han_river,1049,126.6111068725586,37.77569580078125,2026-06-25T12:38:16.600861,stranded,1,0,126.60459899902344,37.783119201660156,0.25
han_river,1050,126.60569763183594,37.758872985839844,2026-06-25T12:40:25.238212,stranded,1,0,126.59171295166016,37.77147674560547,0.25
han_river,1051,126.6026382446289,37.7557373046875,2026-06-25T13:13:46.508365,stranded,1,1,126.6026382446289,37.7557373046875,0.12
han_river,1052,126.58004760742188,37.771427154541016,2026-06-25T14:19:40.604029,stranded,1,1,126.58004760742188,37.771427154541016,0.12
han_river,1053,126.63829040527344,37.780555725097656,2026-06-25T14:24:47.541765,stranded,1,0,126.61688995361328,37.79192352294922,0.25
han_river,1054,126.60286712646484,37.779991149902344,2026-06-25T16:10:49.671122,stranded,1,1,126.60286712646484,37.779991149902344,0.12
han_river,1055,126.62217712402344,37.790321350097656,2026-06-25T16:20:55.237240,stranded,1,0,126.61601257324219,37.79081726074219,0.25
han_river,1056,126.59004974365234,37.77246856689453,2026-06-25T16:46:07.674200,stranded,1,1,126.59004974365234,37.77246856689453,0.12
han_river,1057,126.63744354248047,37.78261947631836,2026-06-25T17:02:26.077021,stranded,1,0,126.59717559814453,37.77587890625,0.62
han_river,1058,126.55073547363281,37.790653228759766,2026-06-25T17:16:30.364524,stranded,1,0,126.55308532714844,37.79350662231445,0.25
han_river,1059,126.63080596923828,37.78013610839844,2026-06-25T19:35:47.014577,stranded,1,0,126.60433197021484,37.780853271484375,0.5
han_river,1060,126.56481170654297,37.75736999511719,2026-06-25T20:05:05.731477,stranded,1,1,126.56481170654297,37.75736999511719,0.12
han_river,1061,126.57368469238281,37.76417541503906,2026-06-25T20:22:45.971212,stranded,1,0,126.5693359375,37.754634857177734,0.25
han_river,1062,126.6578598022461,37.756317138671875,2026-06-25T20:30:59.136262,stranded,1,0,126.65348815917969,37.75557327270508,0.25
han_river,1063,126.59033966064453,37.76047897338867,2026-06-25T20:53:57.819371,stranded,1,0,126.58893585205078,37.754371643066406,0.25
han_river,1064,126.64915466308594,37.77346420288086,2026-06-25T22:14:39.373288,stranded,1,1,126.64915466308594,37.77346420288086,0.12
han_river,1065,126.65152740478516,37.76564025878906,2026-06-25T23:31:21.093390,stranded,1,1,126.65152740478516,37.76564025878906,0.12
han_river,1066,126.63956451416016,37.78923034667969,2026-06-25T23:37:53.279044,stranded,1,0,126.62877655029297,37.79310607910156,0.25
han_river,1067,126.60140991210938,37.758392333984375,2026-06-25T23:38:55.601376,stranded,1,0,126.60140991210938,37.7561149597168,0.25
han_river,1068,126.65599060058594,37.7570915222168,2026-06-25T23:40:52.811112,stranded,1,0,126.65281677246094,37.7578239440918,0.25
han_river,1069,126.60123443603516,37.77863693237305,2026-06-26T00:30:53.892189,stranded,1,1,126.60123443603516,37.77863693237305,0.12
han_river,1070,126.57591247558594,37.770713806152344,2026-06-26T02:02:22.602581,stranded,1,0,126.57341003417969,37.77363586425781,0.25
han_river,1071,126.64006042480469,37.792633056640625,2026-06-26T03:02:04.539322,stranded,1,1,126.64006042480469,37.792633056640625,0.12
han_river,1072,126.66230010986328,37.757232666015625,2026-06-26T03:28:04.079794,stranded,1,0,126.6882095336914,37.714969635009766,0.38
han_river,1073,126.5649185180664,37.7873649597168,2026-06-26T03:40:46.970122,stranded,1,1,126.5649185180664,37.7873649597168,0.12
han_river,1074,126.64521026611328,37.78517532348633,2026-06-26T04:27:40.109382,stranded,1,0,126.6518325805664,37.78972244262695,0.25
han_river,1075,126.61505889892578,37.77720260620117,2026-06-26T04:31:06.350585,stranded,1,0,126.6312484741211,37.770931243896484,0.25
han_river,1076,126.63750457763672,37.78193283081055,2026-06-26T04:41:33.941265,stranded,1,0,126.68994903564453,37.7177734375,0.5
han_river,1077,126.59736633300781,37.76947021484375,2026-06-26T04:59:33.304328,stranded,1,0,126.6217041015625,37.76144027709961,0.25
han_river,1078,126.57960510253906,37.77054214477539,2026-06-26T05:44:55.990359,stranded,1,0,126.58012390136719,37.77224349975586,0.25
han_river,1079,126.66339111328125,37.758636474609375,2026-06-26T05:45:03.179612,stranded,1,0,126.69389343261719,37.72464370727539,0.38
han_river,1080,126.63093566894531,37.77132034301758,2026-06-26T06:44:18.104332,stranded,1,1,126.63093566894531,37.77132034301758,0.12
han_river,1081,126.58984375,37.756649017333984,2026-06-26T07:04:15.391296,stranded,1,1,126.58984375,37.756649017333984,0.12
han_river,1082,126.62422180175781,37.76893615722656,2026-06-26T07:22:16.477296,stranded,1,0,126.62419891357422,37.76250457763672,0.25
han_river,1083,126.65467071533203,37.78263473510742,2026-06-26T07:28:34.626447,stranded,1,0,126.65730285644531,37.74686813354492,0.25
han_river,1084,126.61416625976562,37.76222610473633,2026-06-26T07:35:01.471991,stranded,1,0,126.62057495117188,37.760528564453125,0.25
han_river,1085,126.5925064086914,37.75783157348633,2026-06-26T09:01:53.527365,stranded,1,0,126.5925064086914,37.75783157348633,0.25
han_river,1086,126.5940933227539,37.771522521972656,2026-06-26T09:13:04.571248,stranded,1,0,126.61225891113281,37.75495910644531,0.25
han_river,1087,126.65186309814453,37.770965576171875,2026-06-26T09:26:08.587518,stranded,1,1,126.65186309814453,37.770965576171875,0.12
han_river,1088,126.60552978515625,37.75263214111328,2026-06-26T10:36:52.509651,stranded,1,1,126.60552978515625,37.75263214111328,0.12
han_river,1089,126.66577911376953,37.740882873535156,2026-06-26T11:05:08.982368,stranded,1,0,126.67071533203125,37.72807693481445,0.38
han_river,1090,126.59737396240234,37.75706481933594,2026-06-26T11:06:08.681899,stranded,1,0,126.59903717041016,37.755516052246094,0.25
han_river,1091,126.6407241821289,37.78506851196289,2026-06-26T13:42:43.646017,stranded,1,0,126.6220703125,37.793800354003906,0.25
han_river,1092,126.59004974365234,37.7568473815918,2026-06-26T13:52:59.300228,stranded,1,1,126.59004974365234,37.7568473815918,0.12
han_river,1093,126.6348876953125,37.78402328491211,2026-06-26T14:50:55.639511,stranded,1,0,126.62712097167969,37.79365921020508,0.25
han_river,1094,126.54714965820312,37.788230895996094,2026-06-26T14:51:57.664228,stranded,1,0,126.53659057617188,37.801509857177734,0.25
han_river,1095,126.5682373046875,37.772666931152344,2026-06-26T14:53:00.002453,stranded,1,0,126.52436828613281,37.80733108520508,0.38
han_river,1096,126.59004974365234,37.77239990234375,2026-06-26T16:12:26.764144,stranded,1,1,126.59004974365234,37.77239990234375,0.12
han_river,1097,126.62944030761719,37.786251068115234,2026-06-26T16:24:04.877174,stranded,1,0,126.61668395996094,37.791927337646484,0.25
han_river,1098,126.59004974365234,37.77251434326172,2026-06-26T16:41:48.646844,stranded,1,1,126.59004974365234,37.77251434326172,0.12
han_river,1099,126.6063003540039,37.76443099975586,2026-06-26T17:30:32.879765,stranded,1,0,126.59478759765625,37.77404022216797,0.25
han_river,1100,126.56349182128906,37.76064682006836,2026-06-26T17:47:13.145866,stranded,1,1,126.56349182128906,37.76064682006836,0.12
han_river,1101,126.61005401611328,37.75999450683594,2026-06-26T18:17:14.370818,stranded,1,0,126.59757232666016,37.755958557128906,0.38
han_river,1102,126.56415557861328,37.76164627075195,2026-06-26T18:37:03.993970,stranded,1,1,126.56415557861328,37.76164627075195,0.12
han_river,1103,126.5696792602539,37.76231384277344,2026-06-26T18:38:36.042442,stranded,1,0,126.5672607421875,37.75489044189453,0.25
han_river,1104,126.65419006347656,37.749427795410156,2026-06-26T19:39:11.137612,stranded,1,1,126.65419006347656,37.749427795410156,0.12
han_river,1105,126.57968139648438,37.772769927978516,2026-06-26T19:42:48.617274,stranded,1,1,126.57968139648438,37.772769927978516,0.12
han_river,1106,126.56739044189453,37.7607421875,2026-06-26T19:52:49.306149,stranded,1,0,126.56610107421875,37.75733184814453,0.25
han_river,1107,126.61225128173828,37.75544357299805,2026-06-26T22:02:13.481866,stranded,1,0,126.61162567138672,37.75505828857422,0.25
han_river,1108,126.56965637207031,37.755035400390625,2026-06-26T22:08:51.567440,stranded,1,1,126.56965637207031,37.755035400390625,0.12
han_river,1109,126.56804656982422,37.75556564331055,2026-06-26T22:29:22.545792,stranded,1,1,126.56804656982422,37.75556564331055,0.12
han_river,1110,126.6551513671875,37.74924087524414,2026-06-26T22:34:59.714588,stranded,1,1,126.6551513671875,37.74924087524414,0.12
han_river,1111,126.5955810546875,37.75734329223633,2026-06-26T22:40:58.958355,stranded,1,1,126.5955810546875,37.75734329223633,0.12
han_river,1112,126.6518325805664,37.757476806640625,2026-06-26T22:48:09.366741,stranded,1,1,126.6518325805664,37.757476806640625,0.12
han_river,1113,126.63397216796875,37.785606384277344,2026-06-26T22:57:42.393848,stranded,1,0,126.63407897949219,37.79422378540039,0.38
han_river,1114,126.57469940185547,37.759063720703125,2026-06-26T23:14:48.182187,stranded,1,0,126.5755615234375,37.75395965576172,0.25
han_river,1115,126.56013488769531,37.7763671875,2026-06-26T23:49:40.084866,stranded,1,0,126.56830596923828,37.78268051147461,0.38
han_river,1116,126.58293914794922,37.76911926269531,2026-06-27T01:18:51.607856,stranded,1,0,126.58277893066406,37.771697998046875,0.25
han_river,1117,126.60932159423828,37.762691497802734,2026-06-27T02:37:23.507710,stranded,1,0,126.59673309326172,37.77400207519531,0.25
han_river,1118,126.60152435302734,37.76263427734375,2026-06-27T02:52:11.209075,stranded,1,0,126.60025787353516,37.77916717529297,0.25
han_river,1119,126.6401596069336,37.79045486450195,2026-06-27T06:08:35.168237,stranded,1,0,126.65199279785156,37.78952407836914,0.25
han_river,1120,126.6180191040039,37.77525329589844,2026-06-27T07:33:15.216995,stranded,1,0,126.62422180175781,37.76289367675781,0.25
han_river,1121,126.61582946777344,37.75702667236328,2026-06-27T07:33:50.760817,stranded,1,1,126.61582946777344,37.75702667236328,0.12
han_river,1122,126.62287139892578,37.77485275268555,2026-06-27T07:46:58.365459,stranded,1,0,126.62662506103516,37.76569747924805,0.25
han_river,1123,126.65885162353516,37.74652099609375,2026-06-27T08:41:39.853136,stranded,1,0,126.66000366210938,37.74419021606445,0.25
han_river,1124,126.6305923461914,37.77173614501953,2026-06-27T08:42:55.987705,stranded,1,1,126.6305923461914,37.77173614501953,0.12
han_river,1125,126.63005828857422,37.78998947143555,2026-06-27T09:16:58.979201,stranded,1,0,126.64463806152344,37.77495574951172,0.25
han_river,1126,126.6798095703125,37.71921920776367,2026-06-27T09:48:57.632434,stranded,1,0,126.68815612792969,37.70951461791992,0.25
han_river,1127,126.60807037353516,37.75260925292969,2026-06-27T10:00:25.983644,stranded,1,1,126.60807037353516,37.75260925292969,0.12
han_river,1128,126.57121276855469,37.75412368774414,2026-06-27T10:55:44.054041,stranded,1,1,126.57121276855469,37.75412368774414,0.12
han_river,1129,126.6460952758789,37.7746467590332,2026-06-27T12:28:26.440869,stranded,1,1,126.6460952758789,37.7746467590332,0.12
han_river,1130,126.61505889892578,37.76163864135742,2026-06-27T12:54:10.883723,stranded,1,0,126.59587860107422,37.77495193481445,0.38
han_river,1131,126.61511993408203,37.755977630615234,2026-06-27T13:23:42.324712,stranded,1,1,126.61511993408203,37.755977630615234,0.12
han_river,1132,126.66201782226562,37.748268127441406,2026-06-27T13:30:27.316180,stranded,1,0,126.65137481689453,37.769500732421875,0.25
han_river,1133,126.61821746826172,37.767581939697266,2026-06-27T14:28:26.273796,stranded,1,0,126.59799194335938,37.775054931640625,0.25
han_river,1134,126.66289520263672,37.766353607177734,2026-06-27T14:31:32.312176,stranded,1,0,126.6512222290039,37.77180862426758,0.25
han_river,1135,126.56238555908203,37.77070236206055,2026-06-27T14:52:00.675228,stranded,1,0,126.52093505859375,37.807960510253906,0.38
han_river,1136,126.61078643798828,37.759765625,2026-06-27T15:06:29.281144,stranded,1,0,126.58409118652344,37.772666931152344,0.25
han_river,1137,126.5379409790039,37.79620361328125,2026-06-27T16:41:40.359695,stranded,1,0,126.52363586425781,37.80846405029297,0.25
han_river,1138,126.65306854248047,37.75700759887695,2026-06-27T16:48:47.452523,stranded,1,1,126.65306854248047,37.75700759887695,0.12
han_river,1139,126.65351104736328,37.755069732666016,2026-06-27T18:26:08.924454,stranded,1,1,126.65351104736328,37.755069732666016,0.12
han_river,1140,126.53587341308594,37.79427719116211,2026-06-27T18:40:44.288518,stranded,1,0,126.53975677490234,37.80181121826172,0.62
han_river,1141,126.56385803222656,37.76222229003906,2026-06-27T18:52:55.276564,stranded,1,1,126.56385803222656,37.76222229003906,0.12
han_river,1142,126.64006042480469,37.79252243041992,2026-06-27T19:39:32.985561,stranded,1,1,126.64006042480469,37.79252243041992,0.12
han_river,1143,126.62460327148438,37.788639068603516,2026-06-27T20:01:50.346161,stranded,1,0,126.62521362304688,37.76408767700195,0.5
han_river,1144,126.65400695800781,37.76057434082031,2026-06-27T20:59:46.143015,stranded,1,0,126.65302276611328,37.75957107543945,0.25
han_river,1145,126.613525390625,37.7652473449707,2026-06-27T21:42:15.438320,stranded,1,0,126.61442565917969,37.756919860839844,0.25
han_river,1146,126.61026000976562,37.75902557373047,2026-06-27T22:20:27.868375,stranded,1,0,126.61821746826172,37.75666427612305,0.25
han_river,1147,126.60157012939453,37.75992965698242,2026-06-27T22:25:19.107734,stranded,1,0,126.6104965209961,37.75252914428711,0.25
han_river,1148,126.56778717041016,37.758548736572266,2026-06-27T23:13:34.575570,stranded,1,0,126.56876373291016,37.7540283203125,0.25
han_river,1149,126.66181182861328,37.74626159667969,2026-06-27T23:37:44.495487,stranded,1,0,126.68700408935547,37.7545051574707,0.62
han_river,1150,126.60005187988281,37.75999450683594,2026-06-28T00:23:16.892472,stranded,1,0,126.61065673828125,37.75437545776367,0.25
han_river,1151,126.58448028564453,37.76154708862305,2026-06-28T00:43:41.299423,stranded,1,0,126.58391571044922,37.77180862426758,0.25
han_river,1152,126.62992858886719,37.782413482666016,2026-06-28T01:04:17.058054,stranded,1,0,126.62738800048828,37.793548583984375,0.25
han_river,1153,126.61395263671875,37.77766799926758,2026-06-28T01:27:20.859659,stranded,1,0,126.61432647705078,37.7891960144043,0.25
han_river,1154,126.60880279541016,37.75865936279297,2026-06-28T02:16:10.181703,stranded,1,0,126.60540008544922,37.78437805175781,0.38
han_river,1155,126.56074523925781,37.77458953857422,2026-06-28T02:32:14.752299,stranded,1,0,126.55517578125,37.79204559326172,0.38
han_river,1156,126.58004760742188,37.77174377441406,2026-06-28T04:17:13.651537,stranded,1,1,126.58004760742188,37.77174377441406,0.12
han_river,1157,126.61034393310547,37.787437438964844,2026-06-28T04:26:17.461468,stranded,1,1,126.61034393310547,37.787437438964844,0.12
han_river,1158,126.62097930908203,37.77892303466797,2026-06-28T05:19:45.975245,stranded,1,0,126.62139892578125,37.79297637939453,0.25
han_river,1159,126.5663070678711,37.77986526489258,2026-06-28T05:22:56.759579,stranded,1,0,126.56562042236328,37.78465270996094,0.25
han_river,1160,126.60963439941406,37.76443862915039,2026-06-28T06:00:00.849899,stranded,1,0,126.62284851074219,37.76192855834961,0.38
han_river,1161,126.64411926269531,37.794219970703125,2026-06-28T08:14:35.565366,stranded,1,1,126.64411926269531,37.794219970703125,0.12
han_river,1162,126.59552764892578,37.75601577758789,2026-06-28T10:06:53.554386,stranded,1,1,126.59552764892578,37.75601577758789,0.12
han_river,1163,126.61796569824219,37.758914947509766,2026-06-28T10:16:45.616867,stranded,1,1,126.61796569824219,37.758914947509766,0.12
han_river,1164,126.66741943359375,37.75046920776367,2026-06-28T11:22:41.727620,stranded,1,0,126.68634033203125,37.73934555053711,0.75
han_river,1165,126.62454223632812,37.76396942138672,2026-06-28T11:31:49.110498,stranded,1,1,126.62454223632812,37.76396942138672,0.12
han_river,1166,126.58067321777344,37.76508712768555,2026-06-28T12:20:55.459726,stranded,1,0,126.5843734741211,37.75495529174805,0.25
han_river,1167,126.65778350830078,37.74601745605469,2026-06-28T12:29:41.638195,stranded,1,1,126.65778350830078,37.74601745605469,0.12
han_river,1168,126.59020233154297,37.755401611328125,2026-06-28T12:32:38.925828,stranded,1,1,126.59020233154297,37.755401611328125,0.12
han_river,1169,126.66704559326172,37.73484420776367,2026-06-28T12:49:21.215306,stranded,1,1,126.66704559326172,37.73484420776367,0.12
han_river,1170,126.61994171142578,37.760128021240234,2026-06-28T12:53:27.459396,stranded,1,1,126.61994171142578,37.760128021240234,0.12
han_river,1171,126.65972900390625,37.74325942993164,2026-06-28T13:26:29.490133,stranded,1,1,126.65972900390625,37.74325942993164,0.12
han_river,1172,126.66130065917969,37.76387405395508,2026-06-28T14:08:44.762481,stranded,1,0,126.64248657226562,37.793643951416016,0.38
han_river,1173,126.66975402832031,37.746376037597656,2026-06-28T14:15:24.038592,stranded,1,0,126.64888000488281,37.790889739990234,0.38
han_river,1174,126.66497039794922,37.748600006103516,2026-06-28T14:41:59.287940,stranded,1,0,126.65347290039062,37.75274658203125,0.25
han_river,1175,126.58700561523438,37.77131271362305,2026-06-28T16:21:01.073492,stranded,1,1,126.58700561523438,37.77131271362305,0.12
han_river,1176,126.6532974243164,37.753814697265625,2026-06-28T17:30:04.941439,stranded,1,1,126.6532974243164,37.753814697265625,0.12
han_river,1177,126.57563781738281,37.76485824584961,2026-06-28T17:43:28.594847,stranded,1,0,126.57571411132812,37.772701263427734,0.25
han_river,1178,126.58602142333984,37.76725769042969,2026-06-28T18:18:53.225404,stranded,1,0,126.58468627929688,37.77273941040039,0.25
han_river,1179,126.60997772216797,37.77651596069336,2026-06-28T19:53:30.161216,stranded,1,0,126.61622619628906,37.75736618041992,0.38
han_river,1180,126.61595916748047,37.77039337158203,2026-06-28T19:54:46.483302,stranded,1,0,126.62335205078125,37.7611198425293,0.25
han_river,1181,126.57078552246094,37.754154205322266,2026-06-28T23:37:24.066057,stranded,1,1,126.57078552246094,37.754154205322266,0.12
han_river,1182,126.59014892578125,37.757564544677734,2026-06-29T00:07:58.476618,stranded,1,0,126.59068298339844,37.75639343261719,0.25
han_river,1183,126.60530090332031,37.753726959228516,2026-06-29T00:39:34.855208,stranded,1,1,126.60530090332031,37.753726959228516,0.12
han_river,1184,126.63944244384766,37.7761116027832,2026-06-29T00:54:14.934353,stranded,1,1,126.63944244384766,37.7761116027832,0.12
han_river,1185,126.57501983642578,37.77257537841797,2026-06-29T03:33:11.211946,stranded,1,1,126.57501983642578,37.77257537841797,0.12
han_river,1186,126.65875244140625,37.778282165527344,2026-06-29T03:46:34.904355,stranded,1,0,126.6624526977539,37.7417106628418,0.75
han_river,1187,126.6103744506836,37.785797119140625,2026-06-29T05:17:38.938102,stranded,1,0,126.61144256591797,37.78844451904297,0.25
han_river,1188,126.62582397460938,37.76924133300781,2026-06-29T05:53:32.014930,stranded,1,0,126.62601470947266,37.765281677246094,0.38
han_river,1189,126.65406799316406,37.774620056152344,2026-06-29T05:56:03.659427,stranded,1,0,126.68787384033203,37.71227264404297,1.12
han_river,1190,126.56262969970703,37.761802673339844,2026-06-29T07:10:12.179784,stranded,1,1,126.56262969970703,37.761802673339844,0.12
han_river,1191,126.61444091796875,37.75790786743164,2026-06-29T08:10:57.742983,stranded,1,0,126.61358642578125,37.75513458251953,0.25
han_river,1192,126.5833740234375,37.764129638671875,2026-06-29T09:03:09.283916,stranded,1,0,126.59477996826172,37.75761795043945,0.25
han_river,1193,126.620849609375,37.76838302612305,2026-06-29T09:04:25.600440,stranded,1,0,126.62480163574219,37.76215362548828,0.25
han_river,1194,126.64225769042969,37.77879333496094,2026-06-29T09:07:54.611529,stranded,1,0,126.64433288574219,37.77510452270508,0.25
han_river,1195,126.5916748046875,37.75666427612305,2026-06-29T10:09:05.259034,stranded,1,1,126.5916748046875,37.75666427612305,0.12
han_river,1196,126.6635971069336,37.73958206176758,2026-06-29T10:30:20.876560,stranded,1,1,126.6635971069336,37.73958206176758,0.12
han_river,1197,126.58192443847656,37.75674819946289,2026-06-29T11:58:44.265988,stranded,1,0,126.58192443847656,37.75382995605469,0.25
han_river,1198,126.60738372802734,37.752601623535156,2026-06-29T12:41:56.679884,stranded,1,1,126.60738372802734,37.752601623535156,0.12
han_river,1199,126.5738754272461,37.753257751464844,2026-06-29T12:58:38.338948,stranded,1,1,126.5738754272461,37.753257751464844,0.12
han_river,1200,126.59282684326172,37.756980895996094,2026-06-29T13:40:59.202385,stranded,1,1,126.59282684326172,37.756980895996094,0.12
han_river,1201,126.60051727294922,37.75564956665039,2026-06-29T14:25:33.402914,stranded,1,1,126.60051727294922,37.75564956665039,0.12
han_river,1202,126.63005828857422,37.78998947143555,2026-06-29T15:09:26.513835,stranded,1,0,126.63115692138672,37.79239273071289,0.25
han_river,1203,126.59004974365234,37.76999282836914,2026-06-29T15:14:22.777851,stranded,1,0,126.574462890625,37.772891998291016,0.38
han_river,1204,126.61026000976562,37.78778076171875,2026-06-29T16:39:02.840951,stranded,1,1,126.61026000976562,37.78778076171875,0.12
han_river,1205,126.60800170898438,37.766998291015625,2026-06-29T17:35:47.456244,stranded,1,0,126.60027313232422,37.7779426574707,0.25
han_river,1206,126.65296936035156,37.755577087402344,2026-06-29T18:48:12.822056,stranded,1,1,126.65296936035156,37.755577087402344,0.12
han_river,1207,126.58700561523438,37.771488189697266,2026-06-29T19:11:31.576394,stranded,1,1,126.58700561523438,37.771488189697266,0.12
han_river,1208,126.56766510009766,37.781890869140625,2026-06-29T19:15:59.238050,stranded,1,1,126.56766510009766,37.781890869140625,0.12
han_river,1209,126.57979583740234,37.7604866027832,2026-06-29T21:00:46.379127,stranded,1,0,126.58959197998047,37.755611419677734,0.38
han_river,1210,126.62468719482422,37.78256607055664,2026-06-29T22:05:24.549070,stranded,1,0,126.62821197509766,37.767337799072266,0.25
han_river,1211,126.66963195800781,37.756404876708984,2026-06-29T22:34:13.236357,stranded,1,0,126.69231414794922,37.72867965698242,0.25
han_river,1212,126.62671661376953,37.77659606933594,2026-06-29T22:54:40.230306,stranded,1,0,126.63031005859375,37.77145767211914,0.25
han_river,1213,126.62454223632812,37.78022003173828,2026-06-29T23:32:32.776115,stranded,1,0,126.63227081298828,37.77268600463867,0.25
han_river,1214,126.5670166015625,37.75800704956055,2026-06-29T23:59:30.553752,stranded,1,0,126.56542205810547,37.75659942626953,0.25
han_river,1215,126.61173248291016,37.77794647216797,2026-06-30T00:02:16.121298,stranded,1,0,126.6216049194336,37.76153564453125,0.25
han_river,1216,126.59490966796875,37.756561279296875,2026-06-30T00:37:15.544237,stranded,1,1,126.59490966796875,37.756561279296875,0.12
han_river,1217,126.62577056884766,37.764747619628906,2026-06-30T00:57:41.673149,stranded,1,1,126.62577056884766,37.764747619628906,0.12
han_river,1218,126.67012023925781,37.74088668823242,2026-06-30T01:20:26.130458,stranded,1,0,126.68748474121094,37.73645782470703,0.25
han_river,1219,126.58194732666016,37.75320816040039,2026-06-30T01:44:54.555508,stranded,1,1,126.58194732666016,37.75320816040039,0.12
han_river,1220,126.56884002685547,37.76150894165039,2026-06-30T03:21:13.086352,stranded,1,0,126.57571411132812,37.754173278808594,0.25
han_river,1221,126.61254119873047,37.770023345947266,2026-06-30T03:40:52.056122,stranded,1,0,126.64104461669922,37.77464294433594,0.38
han_river,1222,126.63378143310547,37.77399826049805,2026-06-30T03:47:53.138253,stranded,1,1,126.63378143310547,37.77399826049805,0.12
han_river,1223,126.59449768066406,37.755340576171875,2026-06-30T04:14:14.828387,stranded,1,1,126.59449768066406,37.755340576171875,0.12
han_river,1224,126.6142578125,37.755950927734375,2026-06-30T04:16:57.287235,stranded,1,1,126.6142578125,37.755950927734375,0.12
han_river,1225,126.62862396240234,37.76714324951172,2026-06-30T04:25:47.402384,stranded,1,1,126.62862396240234,37.76714324951172,0.12
han_river,1226,126.62728118896484,37.779239654541016,2026-06-30T04:51:11.976385,stranded,1,0,126.65059661865234,37.771942138671875,0.38
han_river,1227,126.6667709350586,37.754173278808594,2026-06-30T05:05:24.228883,stranded,1,0,126.69042205810547,37.76076126098633,0.38
han_river,1228,126.59947204589844,37.768306732177734,2026-06-30T05:38:10.267182,stranded,1,0,126.62446594238281,37.763736724853516,0.38
han_river,1229,126.62232208251953,37.77216720581055,2026-06-30T06:22:13.683695,stranded,1,0,126.65095520019531,37.772647857666016,0.38
han_river,1230,126.63399505615234,37.790077209472656,2026-06-30T07:29:00.386220,stranded,1,0,126.63674926757812,37.77412796020508,0.25
han_river,1231,126.56500244140625,37.763580322265625,2026-06-30T08:09:26.123414,stranded,1,0,126.5616226196289,37.765132904052734,0.25
han_river,1232,126.61319732666016,37.78046798706055,2026-06-30T08:35:44.322294,stranded,1,0,126.62199401855469,37.76082992553711,0.25
han_river,1233,126.618408203125,37.77240753173828,2026-06-30T08:45:31.927106,stranded,1,0,126.6231918334961,37.76201629638672,0.25
han_river,1234,126.65898132324219,37.74980545043945,2026-06-30T08:55:38.380861,stranded,1,0,126.66903686523438,37.73226547241211,0.25
han_river,1235,126.66006469726562,37.749996185302734,2026-06-30T09:18:10.042555,stranded,1,0,126.68579864501953,37.70547866821289,0.38
han_river,1236,126.62975311279297,37.770198822021484,2026-06-30T09:39:52.292312,stranded,1,1,126.62975311279297,37.770198822021484,0.12
han_river,1237,126.58706665039062,37.755470275878906,2026-06-30T10:11:01.980853,stranded,1,1,126.58706665039062,37.755470275878906,0.12
han_river,1238,126.59210968017578,37.757080078125,2026-06-30T10:21:56.609713,stranded,1,1,126.59210968017578,37.757080078125,0.12
han_river,1239,126.56261444091797,37.763038635253906,2026-06-30T10:45:05.744282,stranded,1,1,126.56261444091797,37.763038635253906,0.12
han_river,1240,126.62171173095703,37.7619743347168,2026-06-30T11:06:35.387745,stranded,1,1,126.62171173095703,37.7619743347168,0.12
han_river,1241,126.6152572631836,37.7691764831543,2026-06-30T11:14:15.198989,stranded,1,0,126.61979675292969,37.759151458740234,0.25
han_river,1242,126.61116027832031,37.75471496582031,2026-06-30T13:19:46.837549,stranded,1,1,126.61116027832031,37.75471496582031,0.12
han_river,1243,126.60932922363281,37.7535514831543,2026-06-30T13:56:37.051541,stranded,1,1,126.60932922363281,37.7535514831543,0.12
han_river,1244,126.60005187988281,37.75522232055664,2026-06-30T14:44:23.862957,stranded,1,1,126.60005187988281,37.75522232055664,0.12
han_river,1245,126.60005187988281,37.75999450683594,2026-06-30T15:12:16.287017,stranded,1,0,126.6050033569336,37.75352478027344,0.25
han_river,1246,126.56481170654297,37.77033615112305,2026-06-30T15:39:57.856452,stranded,1,0,126.54683685302734,37.79624938964844,0.25
han_river,1247,126.65227508544922,37.75926208496094,2026-06-30T15:46:29.085053,stranded,1,1,126.65227508544922,37.75926208496094,0.12
han_river,1248,126.57530212402344,37.75374221801758,2026-06-30T15:47:42.039271,stranded,1,1,126.57530212402344,37.75374221801758,0.12
han_river,1249,126.55916595458984,37.76651382446289,2026-06-30T15:48:37.857707,stranded,1,1,126.55916595458984,37.76651382446289,0.12
han_river,1250,126.58415222167969,37.76600646972656,2026-06-30T15:50:08.162505,stranded,1,0,126.57837677001953,37.77143096923828,0.25
han_river,1251,126.56285858154297,37.76394271850586,2026-06-30T16:14:15.605305,stranded,1,1,126.56285858154297,37.76394271850586,0.12
han_river,1252,126.63793182373047,37.79294967651367,2026-06-30T16:30:23.949602,stranded,1,1,126.63793182373047,37.79294967651367,0.12
han_river,1253,126.58155822753906,37.75846481323242,2026-06-30T16:33:44.761376,stranded,1,0,126.55174255371094,37.79490280151367,0.25
han_river,1254,126.58747100830078,37.75440216064453,2026-06-30T16:36:38.365193,stranded,1,1,126.58747100830078,37.75440216064453,0.12
han_river,1255,126.56599426269531,37.78388595581055,2026-06-30T17:23:33.230161,stranded,1,1,126.56599426269531,37.78388595581055,0.12
han_river,1256,126.65269470214844,37.78983688354492,2026-06-30T17:29:00.839703,stranded,1,1,126.65269470214844,37.78983688354492,0.12
han_river,1257,126.59210205078125,37.77274703979492,2026-06-30T20:55:15.896503,stranded,1,1,126.59210205078125,37.77274703979492,0.12
han_river,1258,126.63826751708984,37.78600311279297,2026-06-30T22:16:13.688688,stranded,1,0,126.62389373779297,37.76303482055664,0.38
han_river,1259,126.65270233154297,37.76102828979492,2026-06-30T23:28:43.177650,stranded,1,1,126.65270233154297,37.76102828979492,0.12
han_river,1260,126.63274383544922,37.78290939331055,2026-07-01T00:11:37.700479,stranded,1,0,126.63240814208984,37.77185821533203,0.75
han_river,1261,126.59004974365234,37.76999282836914,2026-07-01T00:13:33.514908,stranded,1,0,126.58447265625,37.75381851196289,0.25
han_river,1262,126.60354614257812,37.754852294921875,2026-07-01T01:29:50.871508,stranded,1,1,126.60354614257812,37.754852294921875,0.12
han_river,1263,126.63469696044922,37.7740592956543,2026-07-01T01:54:54.234101,stranded,1,1,126.63469696044922,37.7740592956543,0.12
han_river,1264,126.6082763671875,37.753509521484375,2026-07-01T02:36:55.977739,stranded,1,1,126.6082763671875,37.753509521484375,0.12
han_river,1265,126.63944244384766,37.77714920043945,2026-07-01T03:04:41.864957,stranded,1,0,126.63944244384766,37.775718688964844,0.25
han_river,1266,126.61992645263672,37.78273391723633,2026-07-01T05:17:06.057288,stranded,1,0,126.6244125366211,37.795127868652344,0.25
han_river,1267,126.62440490722656,37.784576416015625,2026-07-01T05:51:33.090735,stranded,1,0,126.6361312866211,37.791954040527344,0.25
han_river,1268,126.59941864013672,37.76173782348633,2026-07-01T05:56:08.076875,stranded,1,0,126.61494445800781,37.78996276855469,0.38
han_river,1269,126.58004760742188,37.76999282836914,2026-07-01T06:12:03.487292,stranded,1,0,126.57703399658203,37.77351379394531,0.25
han_river,1270,126.61005401611328,37.75999450683594,2026-07-01T06:13:59.234021,stranded,1,0,126.623291015625,37.76229476928711,0.5
han_river,1271,126.56372833251953,37.787845611572266,2026-07-01T06:44:32.789573,stranded,1,1,126.56372833251953,37.787845611572266,0.12
han_river,1272,126.64054107666016,37.79296875,2026-07-01T07:14:21.594370,stranded,1,1,126.64054107666016,37.79296875,0.12
han_river,1273,126.57695007324219,37.77227020263672,2026-07-01T07:28:35.001427,stranded,1,1,126.57695007324219,37.77227020263672,0.12
han_river,1274,126.62461853027344,37.77771759033203,2026-07-01T08:14:21.496448,stranded,1,0,126.63021087646484,37.770668029785156,0.25
han_river,1275,126.62005615234375,37.78998947143555,2026-07-01T09:23:33.720484,stranded,1,0,126.61309051513672,37.75541687011719,0.38
han_river,1276,126.56758880615234,37.75765609741211,2026-07-01T11:44:22.023021,stranded,1,0,126.56758880615234,37.75517654418945,0.25
han_river,1277,126.62076568603516,37.77977752685547,2026-07-01T11:55:38.134919,stranded,1,0,126.6158218383789,37.75594711303711,0.25
han_river,1278,126.63497924804688,37.77404022216797,2026-07-01T13:25:52.118595,stranded,1,1,126.63497924804688,37.77404022216797,0.12
han_river,1279,126.60281372070312,37.758872985839844,2026-07-01T13:32:44.997441,stranded,1,0,126.60111236572266,37.755069732666016,0.25
han_river,1280,126.62039184570312,37.76132583618164,2026-07-01T13:44:41.334348,stranded,1,0,126.62039184570312,37.75955581665039,0.25
han_river,1281,126.62005615234375,37.76999282836914,2026-07-01T15:17:34.810193,stranded,1,0,126.58641815185547,37.771751403808594,0.38
han_river,1282,126.58004760742188,37.75999450683594,2026-07-01T15:22:49.868878,stranded,1,0,126.57849884033203,37.75362014770508,0.25
han_river,1283,126.65265655517578,37.75252151489258,2026-07-01T15:26:56.838657,stranded,1,1,126.65265655517578,37.75252151489258,0.12
han_river,1284,126.59521484375,37.77349853515625,2026-07-01T16:02:14.548051,stranded,1,1,126.59521484375,37.77349853515625,0.12
han_river,1285,126.60540008544922,37.775936126708984,2026-07-01T16:08:32.407718,stranded,1,0,126.6025161743164,37.77963638305664,0.25
han_river,1286,126.5716552734375,37.754249572753906,2026-07-01T16:16:28.719212,stranded,1,1,126.5716552734375,37.754249572753906,0.12
han_river,1287,126.6541519165039,37.75112533569336,2026-07-01T16:23:56.378636,stranded,1,1,126.6541519165039,37.75112533569336,0.12
han_river,1288,126.61893463134766,37.787696838378906,2026-07-01T16:56:57.331715,stranded,1,0,126.61483764648438,37.789695739746094,0.25
han_river,1289,126.6054458618164,37.78315734863281,2026-07-01T18:07:19.309965,stranded,1,1,126.6054458618164,37.78315734863281,0.12
han_river,1290,126.60836791992188,37.761356353759766,2026-07-01T18:08:04.882405,stranded,1,0,126.59989929199219,37.77696228027344,0.25
han_river,1291,126.55912017822266,37.79018020629883,2026-07-01T18:51:12.864725,stranded,1,1,126.55912017822266,37.79018020629883,0.12
han_river,1292,126.5840072631836,37.772132873535156,2026-07-01T19:08:25.433709,stranded,1,1,126.5840072631836,37.772132873535156,0.12
han_river,1293,126.65093994140625,37.80070114135742,2026-07-01T20:06:55.171887,stranded,1,1,126.65093994140625,37.80070114135742,0.12
han_river,1294,126.56809997558594,37.78157424926758,2026-07-01T20:34:16.058950,stranded,1,1,126.56809997558594,37.78157424926758,0.12
han_river,1295,126.56759643554688,37.781253814697266,2026-07-01T20:43:12.059944,stranded,1,1,126.56759643554688,37.781253814697266,0.12
han_river,1296,126.615478515625,37.78997802734375,2026-07-01T20:45:22.598592,stranded,1,1,126.615478515625,37.78997802734375,0.12
han_river,1297,126.65835571289062,37.75668716430664,2026-07-01T20:58:56.021847,stranded,1,0,126.68682098388672,37.74507522583008,0.5
han_river,1298,126.65006256103516,37.779991149902344,2026-07-01T21:17:28.962306,stranded,1,0,126.64604187011719,37.79213333129883,0.25
han_river,1299,126.65052032470703,37.77661895751953,2026-07-01T22:29:22.877346,stranded,1,0,126.64625549316406,37.77412414550781,0.25
han_river,1300,126.6305160522461,37.792911529541016,2026-07-01T22:44:05.924592,stranded,1,1,126.6305160522461,37.792911529541016,0.12
han_river,1301,126.6080093383789,37.78633499145508,2026-07-01T23:02:25.102736,stranded,1,1,126.6080093383789,37.78633499145508,0.12
han_river,1302,126.61587524414062,37.789573669433594,2026-07-01T23:04:47.905076,stranded,1,1,126.61587524414062,37.789573669433594,0.12
han_river,1303,126.63507843017578,37.77484893798828,2026-07-01T23:12:45.516748,stranded,1,0,126.63338470458984,37.77266311645508,0.25
han_river,1304,126.56395721435547,37.78157424926758,2026-07-01T23:54:37.463853,stranded,1,0,126.56674194335938,37.782161712646484,0.25
han_river,1305,126.57342529296875,37.752872467041016,2026-07-02T00:35:54.951311,stranded,1,1,126.57342529296875,37.752872467041016,0.12
han_river,1306,126.61605072021484,37.767478942871094,2026-07-02T01:19:46.704025,stranded,1,0,126.62268829345703,37.76160430908203,0.25
han_river,1307,126.61067199707031,37.764469146728516,2026-07-02T02:10:00.544547,stranded,1,0,126.61414337158203,37.75629425048828,0.25
han_river,1308,126.5618896484375,37.77168655395508,2026-07-02T02:42:41.864886,stranded,1,0,126.57310485839844,37.75401306152344,0.25
han_river,1309,126.61846160888672,37.77259063720703,2026-07-02T02:43:17.453396,stranded,1,0,126.62299346923828,37.761959075927734,0.25
han_river,1310,126.60063934326172,37.76835250854492,2026-07-02T03:06:37.438112,stranded,1,0,126.61296844482422,37.75517654418945,0.25
han_river,1311,126.66006469726562,37.749996185302734,2026-07-02T03:14:33.971670,stranded,1,0,126.65784454345703,37.74580383300781,0.25
han_river,1312,126.59004974365234,37.75999450683594,2026-07-02T03:24:14.280441,stranded,1,0,126.59004974365234,37.75617218017578,0.25
han_river,1313,126.63553619384766,37.774784088134766,2026-07-02T03:31:44.521005,stranded,1,1,126.63553619384766,37.774784088134766,0.12
han_river,1314,126.61514282226562,37.75545120239258,2026-07-02T04:59:34.392022,stranded,1,1,126.61514282226562,37.75545120239258,0.12
han_river,1315,126.5956802368164,37.77002716064453,2026-07-02T05:50:08.884386,stranded,1,0,126.5994644165039,37.777732849121094,0.25
han_river,1316,126.61146545410156,37.759063720703125,2026-07-02T06:01:15.761719,stranded,1,0,126.62097930908203,37.760589599609375,0.25
han_river,1317,126.61005401611328,37.779991149902344,2026-07-02T06:11:14.681314,stranded,1,0,126.61278533935547,37.789649963378906,0.25
han_river,1318,126.5854263305664,37.771385192871094,2026-07-02T07:01:41.309526,stranded,1,1,126.5854263305664,37.771385192871094,0.12
han_river,1319,126.56008911132812,37.78296661376953,2026-07-02T09:02:58.245143,stranded,1,0,126.55647277832031,37.79084396362305,0.25
han_river,1320,126.5703353881836,37.76291275024414,2026-07-02T09:50:00.755107,stranded,1,0,126.56883239746094,37.75525665283203,0.25
han_river,1321,126.58091735839844,37.77255630493164,2026-07-02T10:01:44.794699,stranded,1,1,126.58091735839844,37.77255630493164,0.12
han_river,1322,126.5686264038086,37.7640266418457,2026-07-02T10:09:55.182695,stranded,1,0,126.57111358642578,37.7544059753418,0.25
han_river,1323,126.55713653564453,37.77229309082031,2026-07-02T11:05:13.860373,stranded,1,0,126.55796813964844,37.76784896850586,0.25
han_river,1324,126.5732650756836,37.753292083740234,2026-07-02T12:29:20.038156,stranded,1,1,126.5732650756836,37.753292083740234,0.12
han_river,1325,126.59654998779297,37.75730514526367,2026-07-02T14:40:47.740433,stranded,1,0,126.59654998779297,37.75446701049805,0.25
han_river,1326,126.58004760742188,37.76999282836914,2026-07-02T15:13:48.564306,stranded,1,0,126.58048248291016,37.75432205200195,0.25
han_river,1327,126.56044006347656,37.7823486328125,2026-07-02T15:16:31.610128,stranded,1,0,126.56575775146484,37.784584045410156,0.38
han_river,1328,126.56556701660156,37.756683349609375,2026-07-02T15:30:52.749232,stranded,1,1,126.56556701660156,37.756683349609375,0.12
han_river,1329,126.66316986083984,37.774879455566406,2026-07-02T16:10:30.462471,stranded,1,0,126.65144348144531,37.80641174316406,0.25
han_river,1330,126.58966827392578,37.75593566894531,2026-07-02T16:22:09.789187,stranded,1,1,126.58966827392578,37.75593566894531,0.12
han_river,1331,126.57119750976562,37.775115966796875,2026-07-02T16:43:48.502505,stranded,1,0,126.56627655029297,37.783573150634766,0.25
han_river,1332,126.62142181396484,37.770042419433594,2026-07-02T16:57:42.656194,stranded,1,0,126.6134262084961,37.79064178466797,0.25
han_river,1333,126.61380767822266,37.79025650024414,2026-07-02T18:39:12.749512,stranded,1,1,126.61380767822266,37.79025650024414,0.12
han_river,1334,126.60506439208984,37.7827262878418,2026-07-02T19:31:52.719950,stranded,1,1,126.60506439208984,37.7827262878418,0.12
han_river,1335,126.6605224609375,37.7529411315918,2026-07-02T20:57:43.839233,stranded,1,0,126.6520004272461,37.767059326171875,0.25
han_river,1336,126.65264129638672,37.787532806396484,2026-07-02T20:59:00.947929,stranded,1,0,126.65264129638672,37.789772033691406,0.25
han_river,1337,126.5996322631836,37.76595687866211,2026-07-02T21:22:45.502749,stranded,1,0,126.59607696533203,37.77419662475586,0.25
han_river,1338,126.59789276123047,37.77375411987305,2026-07-02T23:32:16.231344,stranded,1,0,126.59789276123047,37.7752685546875,0.25
han_river,1339,126.61211395263672,37.75450134277344,2026-07-03T00:27:44.475060,stranded,1,1,126.61211395263672,37.75450134277344,0.12
han_river,1340,126.59140014648438,37.755126953125,2026-07-03T01:43:43.306643,stranded,1,1,126.59140014648438,37.755126953125,0.12
han_river,1341,126.5929183959961,37.76177215576172,2026-07-03T01:48:15.633062,stranded,1,0,126.5929183959961,37.75729751586914,0.25
han_river,1342,126.6237564086914,37.77348327636719,2026-07-03T02:36:12.485896,stranded,1,0,126.63094329833984,37.771793365478516,0.25
han_river,1343,126.62906646728516,37.77873992919922,2026-07-03T02:57:31.724518,stranded,1,0,126.63594055175781,37.77494430541992,0.25
han_river,1344,126.5700454711914,37.75999450683594,2026-07-03T03:22:18.766559,stranded,1,0,126.57803344726562,37.7533073425293,0.25
han_river,1345,126.58592987060547,37.75469970703125,2026-07-03T03:32:46.252545,stranded,1,1,126.58592987060547,37.75469970703125,0.12
han_river,1346,126.68684387207031,37.740135192871094,2026-07-03T03:51:10.403498,stranded,1,1,126.68684387207031,37.740135192871094,0.12
han_river,1347,126.59375762939453,37.75751876831055,2026-07-03T05:40:55.789724,stranded,1,1,126.59375762939453,37.75751876831055,0.12
han_river,1348,126.61722564697266,37.75715637207031,2026-07-03T05:50:19.204385,stranded,1,1,126.61722564697266,37.75715637207031,0.12
han_river,1349,126.5655517578125,37.77809524536133,2026-07-03T06:16:50.843381,stranded,1,0,126.57025909423828,37.7798957824707,0.25
han_river,1350,126.61912536621094,37.760101318359375,2026-07-03T06:53:25.070724,stranded,1,1,126.61912536621094,37.760101318359375,0.12
han_river,1351,126.56539154052734,37.78610610961914,2026-07-03T07:31:29.989703,stranded,1,1,126.56539154052734,37.78610610961914,0.12
han_river,1352,126.57899475097656,37.77263641357422,2026-07-03T07:38:43.369919,stranded,1,1,126.57899475097656,37.77263641357422,0.12
han_river,1353,126.61247253417969,37.77256393432617,2026-07-03T07:39:18.232961,stranded,1,0,126.61802673339844,37.75666427612305,0.38
han_river,1354,126.6204605102539,37.79397201538086,2026-07-03T08:29:43.350320,stranded,1,1,126.6204605102539,37.79397201538086,0.12
han_river,1355,126.5700454711914,37.75999450683594,2026-07-03T09:11:25.595951,stranded,1,0,126.57794952392578,37.754356384277344,0.38
han_river,1356,126.60590362548828,37.761878967285156,2026-07-03T09:14:24.225936,stranded,1,0,126.59944152832031,37.778263092041016,0.25
han_river,1357,126.63356018066406,37.77354431152344,2026-07-03T10:23:52.018585,stranded,1,1,126.63356018066406,37.77354431152344,0.12
han_river,1358,126.63236236572266,37.771053314208984,2026-07-03T11:06:22.776383,stranded,1,1,126.63236236572266,37.771053314208984,0.12
han_river,1359,126.59980010986328,37.757320404052734,2026-07-03T11:14:22.570314,stranded,1,0,126.5997085571289,37.7559928894043,0.25
han_river,1360,126.60897064208984,37.778499603271484,2026-07-03T11:30:30.343006,stranded,1,0,126.61284637451172,37.7552604675293,0.25
han_river,1361,126.6410140991211,37.78533172607422,2026-07-03T11:31:26.644731,stranded,1,0,126.6403579711914,37.77415084838867,0.25
han_river,1362,126.59004974365234,37.76999282836914,2026-07-03T12:20:27.145791,stranded,1,0,126.600830078125,37.75348663330078,0.25
han_river,1363,126.57845306396484,37.75389862060547,2026-07-03T13:27:54.782113,stranded,1,1,126.57845306396484,37.75389862060547,0.12
han_river,1364,126.65769958496094,37.745540618896484,2026-07-03T14:03:15.580441,stranded,1,1,126.65769958496094,37.745540618896484,0.12
han_river,1365,126.66407775878906,37.7504997253418,2026-07-03T14:30:11.487041,stranded,1,0,126.68791961669922,37.71483612060547,0.25
han_river,1366,126.66543579101562,37.74285125732422,2026-07-03T14:47:05.464799,stranded,1,0,126.66580200195312,37.73552703857422,0.25
han_river,1367,126.60771942138672,37.753292083740234,2026-07-03T14:50:53.905848,stranded,1,1,126.60771942138672,37.753292083740234,0.12
han_river,1368,126.58462524414062,37.755287170410156,2026-07-03T15:28:21.816133,stranded,1,1,126.58462524414062,37.755287170410156,0.12
han_river,1369,126.63909912109375,37.77609634399414,2026-07-03T16:00:08.196310,stranded,1,1,126.63909912109375,37.77609634399414,0.12
han_river,1370,126.67510986328125,37.737667083740234,2026-07-03T16:16:51.267456,stranded,1,0,126.67668914794922,37.7785530090332,0.5
han_river,1371,126.66940307617188,37.74867630004883,2026-07-03T16:35:18.293623,stranded,1,0,126.68919372558594,37.7598991394043,0.62
han_river,1372,126.57305908203125,37.76780700683594,2026-07-03T17:26:59.042912,stranded,1,0,126.5826644897461,37.771610260009766,0.25
han_river,1373,126.64151763916016,37.792274475097656,2026-07-03T18:50:13.911188,stranded,1,1,126.64151763916016,37.792274475097656,0.12
han_river,1374,126.58643341064453,37.77215576171875,2026-07-03T19:27:17.322833,stranded,1,1,126.58643341064453,37.77215576171875,0.12
han_river,1375,126.62665557861328,37.78985595703125,2026-07-03T21:10:15.895383,stranded,1,0,126.6221694946289,37.79344940185547,0.25
han_river,1376,126.64006042480469,37.79263687133789,2026-07-04T00:06:05.473996,stranded,1,1,126.64006042480469,37.79263687133789,0.12
han_river,1377,126.59004974365234,37.76999282836914,2026-07-04T00:12:55.514295,stranded,1,0,126.59160614013672,37.77296447753906,0.25
han_river,1378,126.6739501953125,37.76176071166992,2026-07-04T00:27:14.898655,stranded,1,0,126.68598937988281,37.74951171875,0.25
han_river,1379,126.56375885009766,37.78752136230469,2026-07-04T00:47:36.156371,stranded,1,1,126.56375885009766,37.78752136230469,0.12
han_river,1380,126.57564544677734,37.76235580444336,2026-07-04T01:14:05.713760,stranded,1,0,126.58499908447266,37.753761291503906,0.25
han_river,1381,126.6207046508789,37.7608757019043,2026-07-04T01:36:38.359593,stranded,1,1,126.6207046508789,37.7608757019043,0.12
han_river,1382,126.62055969238281,37.76051712036133,2026-07-04T01:39:51.794058,stranded,1,1,126.62055969238281,37.76051712036133,0.12
han_river,1383,126.67150115966797,37.74627685546875,2026-07-04T01:49:36.075180,stranded,1,0,126.6924057006836,37.72859573364258,0.25
han_river,1384,126.64551544189453,37.775390625,2026-07-04T02:22:08.225318,stranded,1,1,126.64551544189453,37.775390625,0.12
han_river,1385,126.66372680664062,37.77838897705078,2026-07-04T02:26:33.668042,stranded,1,0,126.68826293945312,37.76570129394531,0.25
han_river,1386,126.6017837524414,37.754981994628906,2026-07-04T03:58:52.214405,stranded,1,1,126.6017837524414,37.754981994628906,0.12
han_river,1387,126.59986114501953,37.756195068359375,2026-07-04T04:09:28.664222,stranded,1,1,126.59986114501953,37.756195068359375,0.12
han_river,1388,126.61474609375,37.75628662109375,2026-07-04T04:24:01.647072,stranded,1,1,126.61474609375,37.75628662109375,0.12
han_river,1389,126.65525817871094,37.77760314941406,2026-07-04T04:34:04.323370,stranded,1,0,126.67842864990234,37.783111572265625,0.25
han_river,1390,126.67007446289062,37.74294662475586,2026-07-04T05:36:12.339815,stranded,1,0,126.68909454345703,37.73464584350586,0.25
han_river,1391,126.61297607421875,37.75795364379883,2026-07-04T06:08:47.097546,stranded,1,0,126.61560821533203,37.757049560546875,0.25
han_river,1392,126.67998504638672,37.75463104248047,2026-07-04T07:02:14.281493,stranded,1,0,126.68633270263672,37.7544059753418,1.12
han_river,1393,126.61961364746094,37.78533935546875,2026-07-04T08:19:24.126261,stranded,1,0,126.62129974365234,37.79377365112305,0.25
han_river,1394,126.64006042480469,37.78998947143555,2026-07-04T09:22:16.423613,stranded,1,0,126.64006042480469,37.792808532714844,0.25
han_river,1395,126.65269470214844,37.754913330078125,2026-07-04T09:52:36.010840,stranded,1,1,126.65269470214844,37.754913330078125,0.12
han_river,1396,126.56963348388672,37.77273178100586,2026-07-04T10:03:04.915585,stranded,1,0,126.57474517822266,37.75407409667969,0.25
han_river,1397,126.62957763671875,37.79337692260742,2026-07-04T10:12:37.364404,stranded,1,1,126.62957763671875,37.79337692260742,0.12
han_river,1398,126.65289306640625,37.767250061035156,2026-07-04T10:16:13.152632,stranded,1,0,126.65017700195312,37.767250061035156,0.25
han_river,1399,126.66471862792969,37.75780487060547,2026-07-04T10:24:53.992097,stranded,1,0,126.66340637207031,37.73847198486328,0.25
han_river,1400,126.64427185058594,37.78813171386719,2026-07-04T11:51:19.212758,stranded,1,0,126.65132904052734,37.77085494995117,0.25
han_river,1401,126.5869140625,37.75407409667969,2026-07-04T12:37:20.486415,stranded,1,1,126.5869140625,37.75407409667969,0.12
han_river,1402,126.60047912597656,37.75529098510742,2026-07-04T13:12:54.532570,stranded,1,1,126.60047912597656,37.75529098510742,0.12
han_river,1403,126.6130599975586,37.755836486816406,2026-07-04T14:10:07.003296,stranded,1,1,126.6130599975586,37.755836486816406,0.12
han_river,1404,126.65928649902344,37.77788162231445,2026-07-04T14:15:04.225676,stranded,1,0,126.6539535522461,37.813011169433594,0.5
han_river,1405,126.59300231933594,37.75733184814453,2026-07-04T14:16:11.657920,stranded,1,1,126.59300231933594,37.75733184814453,0.12
han_river,1406,126.63028717041016,37.77445983886719,2026-07-04T16:14:57.116048,stranded,1,0,126.63199615478516,37.77280807495117,0.25
han_river,1407,126.6410903930664,37.775306701660156,2026-07-04T16:27:58.390858,stranded,1,1,126.6410903930664,37.775306701660156,0.12
han_river,1408,126.57219696044922,37.756492614746094,2026-07-04T18:09:10.499080,stranded,1,0,126.57219696044922,37.753841400146484,0.25
han_river,1409,126.6479721069336,37.7906379699707,2026-07-04T19:10:31.672740,stranded,1,1,126.6479721069336,37.7906379699707,0.12
han_river,1410,126.62164306640625,37.7945556640625,2026-07-04T19:26:19.156081,stranded,1,1,126.62164306640625,37.7945556640625,0.12
han_river,1411,126.65409088134766,37.760196685791016,2026-07-04T20:34:21.730843,stranded,1,0,126.65177917480469,37.76615524291992,0.25
han_river,1412,126.64111328125,37.792274475097656,2026-07-04T22:03:34.110194,stranded,1,1,126.64111328125,37.792274475097656,0.12
han_river,1413,126.65354919433594,37.812644958496094,2026-07-04T22:10:41.577846,stranded,1,1,126.65354919433594,37.812644958496094,0.12
han_river,1414,126.57332611083984,37.7742919921875,2026-07-04T22:16:30.217558,stranded,1,1,126.57332611083984,37.7742919921875,0.12
han_river,1415,126.65229034423828,37.767024993896484,2026-07-04T22:25:08.854204,stranded,1,1,126.65229034423828,37.767024993896484,0.12
han_river,1416,126.64378356933594,37.78495407104492,2026-07-04T23:51:48.522933,stranded,1,0,126.68763732910156,37.75259017944336,0.5
han_river,1417,126.66549682617188,37.74924087524414,2026-07-05T00:52:55.840720,stranded,1,0,126.69252014160156,37.729034423828125,0.38
han_river,1418,126.62854766845703,37.77960205078125,2026-07-05T01:32:01.737327,stranded,1,0,126.63175201416016,37.772247314453125,0.25
han_river,1419,126.6004638671875,37.75486755371094,2026-07-05T01:40:28.627812,stranded,1,1,126.6004638671875,37.75486755371094,0.12
han_river,1420,126.61925506591797,37.76897048950195,2026-07-05T01:43:04.426394,stranded,1,0,126.62455749511719,37.76346206665039,0.25
han_river,1421,126.58645629882812,37.75503158569336,2026-07-05T02:36:35.664792,stranded,1,1,126.58645629882812,37.75503158569336,0.12
han_river,1422,126.65967559814453,37.74933624267578,2026-07-05T02:58:46.697779,stranded,1,0,126.68666076660156,37.74020004272461,0.25
han_river,1423,126.64037322998047,37.775875091552734,2026-07-05T03:38:47.014705,stranded,1,1,126.64037322998047,37.775875091552734,0.12
han_river,1424,126.59535217285156,37.76142883300781,2026-07-05T05:21:19.046741,stranded,1,0,126.61514282226562,37.75669860839844,0.25
han_river,1425,126.66393280029297,37.74824142456055,2026-07-05T05:29:38.257254,stranded,1,0,126.68171691894531,37.769439697265625,0.38
han_river,1426,126.62342071533203,37.764495849609375,2026-07-05T05:47:24.621571,stranded,1,0,126.62576293945312,37.764495849609375,0.25
han_river,1427,126.58985137939453,37.76738739013672,2026-07-05T06:03:16.143949,stranded,1,0,126.62309265136719,37.76103973388672,0.62
han_river,1428,126.66285705566406,37.803707122802734,2026-07-05T06:27:06.789805,stranded,1,0,126.68128967285156,37.79899978637695,0.5
han_river,1429,126.59920501708984,37.769569396972656,2026-07-05T07:34:49.776934,stranded,1,0,126.59828186035156,37.77687454223633,0.25
han_river,1430,126.59983825683594,37.778018951416016,2026-07-05T07:47:02.932924,stranded,1,1,126.59983825683594,37.778018951416016,0.12
han_river,1431,126.57833099365234,37.76706314086914,2026-07-05T07:57:32.558011,stranded,1,0,126.58045959472656,37.77229690551758,0.25
han_river,1432,126.62325286865234,37.77735137939453,2026-07-05T07:58:14.534020,stranded,1,0,126.61752319335938,37.79242706298828,0.25
han_river,1433,126.56439971923828,37.78641891479492,2026-07-05T08:32:34.558167,stranded,1,0,126.56439971923828,37.78849411010742,0.25
han_river,1434,126.56876373291016,37.77964401245117,2026-07-05T08:42:13.931381,stranded,1,0,126.56876373291016,37.78242111206055,0.25
han_river,1435,126.62218475341797,37.771907806396484,2026-07-05T08:57:05.648278,stranded,1,0,126.63444519042969,37.77211380004883,0.5
han_river,1436,126.65550231933594,37.80970764160156,2026-07-05T09:36:22.886101,stranded,1,0,126.67909240722656,37.78294372558594,0.38
han_river,1437,126.56977844238281,37.78007888793945,2026-07-05T09:50:21.416842,stranded,1,1,126.56977844238281,37.78007888793945,0.12
han_river,1438,126.63773345947266,37.792964935302734,2026-07-05T10:02:03.211974,stranded,1,1,126.63773345947266,37.792964935302734,0.12
han_river,1439,126.58004760742188,37.77157211303711,2026-07-05T10:26:25.672385,stranded,1,1,126.58004760742188,37.77157211303711,0.12
han_river,1440,126.64507293701172,37.793373107910156,2026-07-05T10:29:39.440319,stranded,1,1,126.64507293701172,37.793373107910156,0.12
han_river,1441,126.55474853515625,37.78474044799805,2026-07-05T10:53:31.631983,stranded,1,0,126.55733489990234,37.79108810424805,0.25
han_river,1442,126.58004760742188,37.76999282836914,2026-07-05T12:09:27.726311,stranded,1,0,126.58004760742188,37.77189636230469,0.25
han_river,1443,126.65751647949219,37.77531433105469,2026-07-05T12:13:03.433030,stranded,1,0,126.67505645751953,37.77250671386719,0.62
han_river,1444,126.62308502197266,37.76200866699219,2026-07-05T12:47:47.563101,stranded,1,1,126.62308502197266,37.76200866699219,0.12
han_river,1445,126.5652084350586,37.75886154174805,2026-07-05T13:11:53.992525,stranded,1,1,126.5652084350586,37.75886154174805,0.12
han_river,1446,126.5658187866211,37.77129364013672,2026-07-05T15:05:09.035215,stranded,1,0,126.57677459716797,37.75345230102539,0.25
han_river,1447,126.60090637207031,37.759422302246094,2026-07-05T15:15:15.359955,stranded,1,0,126.60626220703125,37.7535285949707,0.25
han_river,1448,126.62731170654297,37.76667022705078,2026-07-05T15:57:00.035660,stranded,1,1,126.62731170654297,37.76667022705078,0.12
han_river,1449,126.63804626464844,37.780460357666016,2026-07-05T16:20:47.309390,stranded,1,0,126.64179229736328,37.7741813659668,0.25
han_river,1450,126.63341522216797,37.7734489440918,2026-07-05T16:26:41.491563,stranded,1,1,126.63341522216797,37.7734489440918,0.12
han_river,1451,126.57540130615234,37.75414276123047,2026-07-05T16:32:13.064354,stranded,1,1,126.57540130615234,37.75414276123047,0.12
han_river,1452,126.59347534179688,37.757476806640625,2026-07-05T17:18:23.144884,stranded,1,1,126.59347534179688,37.757476806640625,0.12
han_river,1453,126.56619262695312,37.7850341796875,2026-07-05T18:50:34.514133,stranded,1,1,126.56619262695312,37.7850341796875,0.12
han_river,1454,126.66442108154297,37.775413513183594,2026-07-05T19:09:41.394019,stranded,1,0,126.65985870361328,37.81964111328125,0.38
han_river,1455,126.59900665283203,37.76983642578125,2026-07-05T19:36:47.105022,stranded,1,0,126.59966278076172,37.777931213378906,0.25
han_river,1456,126.62886810302734,37.79273223876953,2026-07-05T19:59:12.336829,stranded,1,1,126.62886810302734,37.79273223876953,0.12
han_river,1457,126.59004974365234,37.77287292480469,2026-07-05T20:14:41.948796,stranded,1,1,126.59004974365234,37.77287292480469,0.12
han_river,1458,126.5700454711914,37.76999282836914,2026-07-05T21:09:53.860544,stranded,1,0,126.56990051269531,37.77888870239258,0.25
han_river,1459,126.58004760742188,37.771358489990234,2026-07-05T21:33:47.958072,stranded,1,1,126.58004760742188,37.771358489990234,0.12
han_river,1460,126.56088256835938,37.7897834777832,2026-07-05T22:14:43.948465,stranded,1,1,126.56088256835938,37.7897834777832,0.12
han_river,1461,126.62349700927734,37.79234313964844,2026-07-05T22:45:20.589969,stranded,1,0,126.61865997314453,37.79365158081055,0.25
han_river,1462,126.6578598022461,37.803627014160156,2026-07-05T23:04:30.535914,stranded,1,0,126.65156555175781,37.807952880859375,0.25
han_river,1463,126.56809997558594,37.77677917480469,2026-07-05T23:30:41.396992,stranded,1,0,126.56660461425781,37.78285598754883,0.25
han_river,1464,126.57652282714844,37.77069854736328,2026-07-06T00:12:30.085138,stranded,1,0,126.57652282714844,37.77277374267578,0.25
han_river,1465,126.66006469726562,37.749996185302734,2026-07-06T00:22:44.903744,stranded,1,0,126.69224548339844,37.723609924316406,0.5
han_river,1466,126.62909698486328,37.77016830444336,2026-07-06T00:52:53.289431,stranded,1,1,126.62909698486328,37.77016830444336,0.12
han_river,1467,126.64895629882812,37.78583526611328,2026-07-06T01:07:37.822678,stranded,1,0,126.68867492675781,37.751529693603516,0.38
han_river,1468,126.59493255615234,37.76039123535156,2026-07-06T01:07:40.333075,stranded,1,0,126.59493255615234,37.75755310058594,0.25
han_river,1469,126.6102294921875,37.784515380859375,2026-07-06T01:34:00.037521,stranded,1,0,126.63054656982422,37.77030944824219,0.25
han_river,1470,126.58812713623047,37.757572174072266,2026-07-06T02:00:55.540424,stranded,1,0,126.59052276611328,37.75540542602539,0.25
han_river,1471,126.6353530883789,37.778953552246094,2026-07-06T02:07:36.488549,stranded,1,0,126.63518524169922,37.773677825927734,0.25
han_river,1472,126.57805633544922,37.766090393066406,2026-07-06T02:27:51.672732,stranded,1,0,126.58760833740234,37.754573822021484,0.25
han_river,1473,126.61408233642578,37.78121566772461,2026-07-06T02:28:31.128921,stranded,1,0,126.63045501708984,37.77117156982422,0.25
han_river,1474,126.62357330322266,37.780643463134766,2026-07-06T02:40:24.421117,stranded,1,0,126.62910461425781,37.769046783447266,0.25
han_river,1475,126.66494750976562,37.76211929321289,2026-07-06T04:56:27.821443,stranded,1,0,126.68667602539062,37.75044631958008,0.25
han_river,1476,126.64128112792969,37.774600982666016,2026-07-06T05:48:37.246956,stranded,1,1,126.64128112792969,37.774600982666016,0.12
han_river,1477,126.5716781616211,37.76152420043945,2026-07-06T05:54:21.241647,stranded,1,0,126.58438110351562,37.75439453125,0.25
han_river,1478,126.6430892944336,37.791587829589844,2026-07-06T08:39:10.253437,stranded,1,0,126.6430892944336,37.79439163208008,0.25
han_river,1479,126.63927459716797,37.790245056152344,2026-07-06T09:01:57.316571,stranded,1,0,126.64376831054688,37.79477310180664,0.25
han_river,1480,126.60807037353516,37.77390670776367,2026-07-06T09:31:00.120445,stranded,1,0,126.61685180664062,37.75765609741211,0.38
han_river,1481,126.6029281616211,37.77555847167969,2026-07-06T10:23:38.557404,stranded,1,0,126.60034942626953,37.778011322021484,0.25
han_river,1482,126.6052017211914,37.77341079711914,2026-07-06T10:37:12.085702,stranded,1,0,126.60113525390625,37.77779769897461,0.25
han_river,1483,126.56916809082031,37.76885986328125,2026-07-06T11:23:07.495493,stranded,1,0,126.58735656738281,37.75505065917969,0.5
han_river,1484,126.60919189453125,37.785972595214844,2026-07-06T11:24:59.513845,stranded,1,0,126.60919189453125,37.788204193115234,0.25
han_river,1485,126.6591796875,37.761959075927734,2026-07-06T11:42:50.723861,stranded,1,0,126.66998291015625,37.730308532714844,0.38
han_river,1486,126.62005615234375,37.78998947143555,2026-07-06T12:13:05.849263,stranded,1,0,126.61962890625,37.79387283325195,0.25
han_river,1487,126.56734466552734,37.78307342529297,2026-07-06T12:28:21.622960,stranded,1,1,126.56734466552734,37.78307342529297,0.12
han_river,1488,126.61128234863281,37.7548942565918,2026-07-06T12:58:16.844691,stranded,1,1,126.61128234863281,37.7548942565918,0.12
han_river,1489,126.62158966064453,37.793277740478516,2026-07-06T13:12:46.581526,stranded,1,1,126.62158966064453,37.793277740478516,0.12
han_river,1490,126.66263580322266,37.747154235839844,2026-07-06T13:43:28.631836,stranded,1,0,126.66536712646484,37.735252380371094,0.25
han_river,1491,126.61150360107422,37.77322769165039,2026-07-06T14:00:05.372423,stranded,1,0,126.61290740966797,37.755069732666016,0.25
han_river,1492,126.58106994628906,37.759056091308594,2026-07-06T15:00:10.907491,stranded,1,0,126.58463287353516,37.754825592041016,0.25
han_river,1493,126.66059875488281,37.75160217285156,2026-07-06T15:08:03.969399,stranded,1,0,126.6628189086914,37.74098587036133,0.25
han_river,1494,126.58963012695312,37.76051330566406,2026-07-06T15:13:18.713217,stranded,1,0,126.59213256835938,37.75701141357422,0.25
han_river,1495,126.6343994140625,37.7743034362793,2026-07-06T15:52:10.218769,stranded,1,1,126.6343994140625,37.7743034362793,0.12
han_river,1496,126.63713836669922,37.78206253051758,2026-07-06T17:23:29.285778,stranded,1,0,126.63973999023438,37.776092529296875,0.25
han_river,1497,126.66859436035156,37.797176361083984,2026-07-06T18:44:01.275932,stranded,1,0,126.66291809082031,37.82732009887695,0.25
han_river,1498,126.6654052734375,37.74652862548828,2026-07-06T18:46:29.036608,stranded,1,0,126.67947387695312,37.783203125,0.5
han_river,1499,126.60379791259766,37.75367736816406,2026-07-06T18:59:53.926760,stranded,1,1,126.60379791259766,37.75367736816406,0.12
han_river,1500,126.57365417480469,37.77347946166992,2026-07-06T19:15:03.790056,stranded,1,1,126.57365417480469,37.77347946166992,0.12
han_river,1501,126.62844848632812,37.76832580566406,2026-07-06T19:25:15.773863,stranded,1,1,126.62844848632812,37.76832580566406,0.12
han_river,1502,126.57794189453125,37.76318359375,2026-07-06T19:32:25.702846,stranded,1,0,126.57488250732422,37.77263641357422,0.25
han_river,1503,126.56546020507812,37.779537200927734,2026-07-06T19:43:16.709920,stranded,1,0,126.55744934082031,37.79046630859375,0.25
han_river,1504,126.56805419921875,37.78224563598633,2026-07-06T19:43:28.084022,stranded,1,1,126.56805419921875,37.78224563598633,0.12
han_river,1505,126.6170425415039,37.76985549926758,2026-07-06T20:51:09.976241,stranded,1,0,126.6025161743164,37.78135299682617,0.25
han_river,1506,126.65234375,37.7522087097168,2026-07-06T22:14:18.794913,stranded,1,1,126.65234375,37.7522087097168,0.12
han_river,1507,126.56165313720703,37.76432800292969,2026-07-06T22:19:14.773138,stranded,1,1,126.56165313720703,37.76432800292969,0.12
han_river,1508,126.58760070800781,37.77144241333008,2026-07-06T22:44:32.953224,stranded,1,1,126.58760070800781,37.77144241333008,0.12
han_river,1509,126.6052474975586,37.78334045410156,2026-07-06T23:07:17.918625,stranded,1,1,126.6052474975586,37.78334045410156,0.12
han_river,1510,126.6584701538086,37.75612258911133,2026-07-06T23:45:13.891165,stranded,1,0,126.65210723876953,37.760581970214844,0.25
han_river,1511,126.62162780761719,37.79182815551758,2026-07-07T00:08:33.664965,stranded,1,0,126.62176513671875,37.79317855834961,0.25
han_river,1512,126.5948715209961,37.77320861816406,2026-07-07T00:50:42.915694,stranded,1,1,126.5948715209961,37.77320861816406,0.12
han_river,1513,126.65320587158203,37.79141616821289,2026-07-07T01:25:15.301812,stranded,1,1,126.65320587158203,37.79141616821289,0.12
han_river,1514,126.60906219482422,37.756526947021484,2026-07-07T02:23:17.255612,stranded,1,0,126.61121368408203,37.754600524902344,0.25
han_river,1515,126.62195587158203,37.77036666870117,2026-07-07T02:33:54.746742,stranded,1,0,126.62592315673828,37.76519775390625,0.25
han_river,1516,126.61820983886719,37.76557159423828,2026-07-07T02:36:14.539904,stranded,1,0,126.62317657470703,37.761985778808594,0.25
han_river,1517,126.63548278808594,37.77381896972656,2026-07-07T03:31:16.877604,stranded,1,1,126.63548278808594,37.77381896972656,0.12
han_river,1518,126.60652160644531,37.753570556640625,2026-07-07T03:36:00.179438,stranded,1,1,126.60652160644531,37.753570556640625,0.12
han_river,1519,126.67578887939453,37.763057708740234,2026-07-07T04:07:43.942579,stranded,1,0,126.68782043457031,37.751190185546875,0.25
han_river,1520,126.62084197998047,37.760658264160156,2026-07-07T04:46:49.938530,stranded,1,1,126.62084197998047,37.760658264160156,0.12
han_river,1521,126.60107421875,37.7662467956543,2026-07-07T05:56:10.459310,stranded,1,0,126.61617279052734,37.75764846801758,0.25
han_river,1522,126.5693588256836,37.77848815917969,2026-07-07T06:13:34.030405,stranded,1,0,126.57269287109375,37.775611877441406,0.25
han_river,1523,126.59178924560547,37.7570686340332,2026-07-07T06:45:30.905588,stranded,1,1,126.59178924560547,37.7570686340332,0.12
han_river,1524,126.67121124267578,37.74790954589844,2026-07-07T08:08:42.503560,stranded,1,0,126.6869125366211,37.76664352416992,0.38
han_river,1525,126.65617370605469,37.75001525878906,2026-07-07T09:15:15.256253,stranded,1,0,126.6864242553711,37.73899841308594,0.75
han_river,1526,126.54875946044922,37.7957878112793,2026-07-07T10:28:57.472503,stranded,1,1,126.54875946044922,37.7957878112793,0.12
han_river,1527,126.5700454711914,37.77899169921875,2026-07-07T11:08:46.105213,stranded,1,1,126.5700454711914,37.77899169921875,0.12
han_river,1528,126.6257095336914,37.77458572387695,2026-07-07T11:29:03.947595,stranded,1,0,126.62135314941406,37.76006317138672,0.5
han_river,1529,126.58013916015625,37.77275848388672,2026-07-07T11:32:58.453713,stranded,1,1,126.58013916015625,37.77275848388672,0.12
han_river,1530,126.63005828857422,37.79254150390625,2026-07-07T12:04:50.919279,stranded,1,1,126.63005828857422,37.79254150390625,0.12
han_river,1531,126.58004760742188,37.75999450683594,2026-07-07T15:21:15.656175,stranded,1,0,126.58264923095703,37.75336837768555,0.25
han_river,1532,126.59918975830078,37.75637435913086,2026-07-07T16:28:27.044854,stranded,1,1,126.59918975830078,37.75637435913086,0.12
han_river,1533,126.59188079833984,37.772377014160156,2026-07-07T16:46:47.331303,stranded,1,1,126.59188079833984,37.772377014160156,0.12
han_river,1534,126.58847045898438,37.76105880737305,2026-07-07T17:57:17.574080,stranded,1,0,126.59112548828125,37.755615234375,0.25
han_river,1535,126.64006042480469,37.779991149902344,2026-07-07T18:18:43.381645,stranded,1,0,126.64776611328125,37.77457809448242,0.25
han_river,1536,126.59202575683594,37.75642776489258,2026-07-07T19:36:21.971996,stranded,1,1,126.59202575683594,37.75642776489258,0.12
han_river,1537,126.66139221191406,37.799034118652344,2026-07-07T21:00:47.491535,stranded,1,0,126.66049194335938,37.820796966552734,0.38
han_river,1538,126.58004760742188,37.76999282836914,2026-07-07T21:13:48.010820,stranded,1,0,126.59184265136719,37.77199172973633,0.25
han_river,1539,126.64949035644531,37.78919982910156,2026-07-07T21:20:46.962348,stranded,1,0,126.65109252929688,37.79869842529297,0.38
han_river,1540,126.58206176757812,37.76592254638672,2026-07-07T21:27:55.151745,stranded,1,0,126.58137512207031,37.77260208129883,0.25
han_river,1541,126.58740997314453,37.77046203613281,2026-07-07T22:57:01.783155,stranded,1,0,126.58740997314453,37.77279281616211,0.25
han_river,1542,126.66108703613281,37.757659912109375,2026-07-07T23:25:00.328897,stranded,1,0,126.6889877319336,37.73506164550781,0.5
han_river,1543,126.56240844726562,37.76065444946289,2026-07-07T23:38:35.029668,stranded,1,1,126.56240844726562,37.76065444946289,0.12
han_river,1544,126.66006469726562,37.75999450683594,2026-07-08T00:19:19.670167,stranded,1,0,126.65074920654297,37.772727966308594,0.25
han_river,1545,126.5537338256836,37.785404205322266,2026-07-08T02:19:07.821984,stranded,1,0,126.5728759765625,37.7540397644043,0.25
han_river,1546,126.61966705322266,37.78691482543945,2026-07-08T02:24:33.551107,stranded,1,0,126.63487243652344,37.77384948730469,0.25
han_river,1547,126.65222930908203,37.78874588012695,2026-07-08T02:25:21.856784,stranded,1,0,126.6865234375,37.751190185546875,0.38
han_river,1548,126.57766723632812,37.75430679321289,2026-07-08T03:32:48.026942,stranded,1,1,126.57766723632812,37.75430679321289,0.12
han_river,1549,126.6148452758789,37.75799560546875,2026-07-08T04:36:37.059053,stranded,1,0,126.6148452758789,37.75514221191406,0.25
han_river,1550,126.62146759033203,37.760684967041016,2026-07-08T04:47:07.486573,stranded,1,1,126.62146759033203,37.760684967041016,0.12
han_river,1551,126.62544250488281,37.76369857788086,2026-07-08T04:51:21.807980,stranded,1,1,126.62544250488281,37.76369857788086,0.12
han_river,1552,126.59051513671875,37.756282806396484,2026-07-08T05:32:23.761421,stranded,1,1,126.59051513671875,37.756282806396484,0.12
han_river,1553,126.58004760742188,37.76999282836914,2026-07-08T06:20:09.732313,stranded,1,0,126.5934829711914,37.75778579711914,0.25
han_river,1554,126.66429138183594,37.765960693359375,2026-07-08T07:25:02.481213,stranded,1,0,126.6425552368164,37.79307556152344,0.38
han_river,1555,126.5696029663086,37.75741195678711,2026-07-08T07:28:30.522170,stranded,1,0,126.56866455078125,37.755043029785156,0.25
han_river,1556,126.66116333007812,37.768150329589844,2026-07-08T08:07:58.270177,stranded,1,0,126.6524658203125,37.78968048095703,0.38
han_river,1557,126.57536315917969,37.75630187988281,2026-07-08T08:27:54.057361,stranded,1,0,126.58419799804688,37.75469970703125,0.25
han_river,1558,126.58650207519531,37.7713508605957,2026-07-08T09:30:29.327353,stranded,1,1,126.58650207519531,37.7713508605957,0.12
han_river,1559,126.63911437988281,37.79343795776367,2026-07-08T09:34:29.557813,stranded,1,1,126.63911437988281,37.79343795776367,0.12
han_river,1560,126.6395492553711,37.79242706298828,2026-07-08T09:47:26.303336,stranded,1,1,126.6395492553711,37.79242706298828,0.12
han_river,1561,126.61030578613281,37.77520751953125,2026-07-08T10:01:41.604162,stranded,1,0,126.60873413085938,37.785987854003906,0.25
han_river,1562,126.56583404541016,37.770328521728516,2026-07-08T10:34:37.363336,stranded,1,0,126.55561065673828,37.79214859008789,0.25
han_river,1563,126.57817077636719,37.77124786376953,2026-07-08T10:50:28.383954,stranded,1,1,126.57817077636719,37.77124786376953,0.12
han_river,1564,126.58004760742188,37.77134704589844,2026-07-08T11:27:18.304411,stranded,1,1,126.58004760742188,37.77134704589844,0.12
han_river,1565,126.64810943603516,37.78642654418945,2026-07-08T11:57:52.731814,stranded,1,0,126.64353942871094,37.79315948486328,0.25
han_river,1566,126.61031341552734,37.78765106201172,2026-07-08T12:56:32.446217,stranded,1,1,126.61031341552734,37.78765106201172,0.12
han_river,1567,126.61506652832031,37.77821731567383,2026-07-08T14:09:47.804172,stranded,1,0,126.61856842041016,37.75822067260742,0.38
han_river,1568,126.65812683105469,37.76081085205078,2026-07-08T14:15:40.255153,stranded,1,0,126.6533432006836,37.790401458740234,0.75
han_river,1569,126.60379028320312,37.78036117553711,2026-07-08T14:43:47.119579,stranded,1,1,126.60379028320312,37.78036117553711,0.12
han_river,1570,126.65771484375,37.74644088745117,2026-07-08T16:35:32.922950,stranded,1,1,126.65771484375,37.74644088745117,0.12
han_river,1571,126.62124633789062,37.76995086669922,2026-07-08T17:09:47.058986,stranded,1,0,126.62635040283203,37.76375198364258,0.25
han_river,1572,126.61849975585938,37.7798957824707,2026-07-08T17:34:11.934721,stranded,1,0,126.6212387084961,37.760005950927734,0.38
han_river,1573,126.61005401611328,37.75999450683594,2026-07-08T18:14:05.670516,stranded,1,0,126.61370849609375,37.75422286987305,0.25
han_river,1574,126.60562896728516,37.75334930419922,2026-07-08T18:27:34.826222,stranded,1,1,126.60562896728516,37.75334930419922,0.12
han_river,1575,126.58992767333984,37.754764556884766,2026-07-08T18:30:46.053902,stranded,1,1,126.58992767333984,37.754764556884766,0.12
han_river,1576,126.59056854248047,37.76499938964844,2026-07-08T19:36:11.938812,stranded,1,0,126.59430694580078,37.77405548095703,0.25
han_river,1577,126.61643981933594,37.75788497924805,2026-07-08T20:06:12.122781,stranded,1,0,126.61836242675781,37.756126403808594,0.25
han_river,1578,126.60528564453125,37.754032135009766,2026-07-08T20:37:36.307878,stranded,1,1,126.60528564453125,37.754032135009766,0.12
han_river,1579,126.59159851074219,37.768409729003906,2026-07-08T20:47:21.023448,stranded,1,0,126.59417724609375,37.7723388671875,0.25
han_river,1580,126.57189178466797,37.75743865966797,2026-07-08T20:57:46.748623,stranded,1,0,126.55361938476562,37.79256057739258,0.5
han_river,1581,126.6598892211914,37.76940155029297,2026-07-08T21:49:37.568306,stranded,1,0,126.65342712402344,37.791866302490234,0.38
han_river,1582,126.61727142333984,37.791683197021484,2026-07-08T22:19:42.356158,stranded,1,1,126.61727142333984,37.791683197021484,0.12
han_river,1583,126.59004974365234,37.771339416503906,2026-07-08T23:02:38.036104,stranded,1,1,126.59004974365234,37.771339416503906,0.12
han_river,1584,126.66006469726562,37.75999450683594,2026-07-09T00:21:30.199782,stranded,1,0,126.65202331542969,37.7635612487793,0.25
han_river,1585,126.60372161865234,37.78086853027344,2026-07-09T00:25:11.366143,stranded,1,1,126.60372161865234,37.78086853027344,0.12
han_river,1586,126.6473159790039,37.785213470458984,2026-07-09T00:27:15.633061,stranded,1,0,126.67481231689453,37.778228759765625,0.5
han_river,1587,126.55409240722656,37.793174743652344,2026-07-09T00:30:52.673317,stranded,1,1,126.55409240722656,37.793174743652344,0.12
han_river,1588,126.56156158447266,37.76459503173828,2026-07-09T00:39:29.416838,stranded,1,1,126.56156158447266,37.76459503173828,0.12
han_river,1589,126.58352661132812,37.77344512939453,2026-07-09T01:24:28.995026,stranded,1,1,126.58352661132812,37.77344512939453,0.12
han_river,1590,126.65826416015625,37.761558532714844,2026-07-09T02:58:40.762176,stranded,1,0,126.68648529052734,37.752723693847656,0.38
han_river,1591,126.66006469726562,37.749996185302734,2026-07-09T03:18:28.399177,stranded,1,0,126.65348815917969,37.75283432006836,0.25
han_river,1592,126.6186752319336,37.77828598022461,2026-07-09T03:55:57.911115,stranded,1,0,126.62870025634766,37.76914978027344,0.25
han_river,1593,126.66211700439453,37.758419036865234,2026-07-09T04:42:28.009954,stranded,1,0,126.68870544433594,37.753360748291016,0.38
han_river,1594,126.65080261230469,37.77983856201172,2026-07-09T05:14:44.536983,stranded,1,0,126.67621612548828,37.77192306518555,0.38
han_river,1595,126.6015396118164,37.75484848022461,2026-07-09T05:47:47.011281,stranded,1,1,126.6015396118164,37.75484848022461,0.12
han_river,1596,126.6111831665039,37.75790023803711,2026-07-09T06:02:18.893395,stranded,1,0,126.61528778076172,37.75712966918945,0.25
han_river,1597,126.65848541259766,37.770843505859375,2026-07-09T06:13:54.023705,stranded,1,0,126.68262481689453,37.76828384399414,0.38
han_river,1598,126.62728881835938,37.76666259765625,2026-07-09T06:26:53.648186,stranded,1,1,126.62728881835938,37.76666259765625,0.12
han_river,1599,126.59379577636719,37.761756896972656,2026-07-09T07:45:29.542882,stranded,1,0,126.5987548828125,37.75672149658203,0.25
han_river,1600,126.63282775878906,37.7873420715332,2026-07-09T08:01:35.382887,stranded,1,0,126.64852905273438,37.79109191894531,0.25
han_river,1601,126.65167236328125,37.777687072753906,2026-07-09T08:46:18.880166,stranded,1,0,126.67640686035156,37.778751373291016,0.75
han_river,1602,126.61792755126953,37.75879669189453,2026-07-09T08:52:37.900030,stranded,1,1,126.61792755126953,37.75879669189453,0.12
han_river,1603,126.60673522949219,37.75495910644531,2026-07-09T09:11:40.411789,stranded,1,0,126.6111831665039,37.75358581542969,0.25
han_river,1604,126.62005615234375,37.76999282836914,2026-07-09T09:22:56.406719,stranded,1,0,126.62646484375,37.76466751098633,0.25
han_river,1605,126.62174224853516,37.7696418762207,2026-07-09T10:07:40.684556,stranded,1,0,126.62079620361328,37.794124603271484,0.25
han_river,1606,126.62809753417969,37.78451919555664,2026-07-09T11:00:13.993928,stranded,1,0,126.6256103515625,37.793540954589844,0.25
han_river,1607,126.57066345214844,37.75872039794922,2026-07-09T11:53:37.154191,stranded,1,0,126.56471252441406,37.78718566894531,0.25
han_river,1608,126.63563537597656,37.79155349731445,2026-07-09T12:37:33.461692,stranded,1,1,126.63563537597656,37.79155349731445,0.12
han_river,1609,126.64578247070312,37.784000396728516,2026-07-09T13:13:14.608986,stranded,1,0,126.6416015625,37.79277801513672,0.25
han_river,1610,126.63544464111328,37.78934097290039,2026-07-09T13:48:00.961725,stranded,1,0,126.63544464111328,37.791526794433594,0.25
han_river,1611,126.64006042480469,37.79378128051758,2026-07-09T14:47:13.540077,stranded,1,1,126.64006042480469,37.79378128051758,0.12
han_river,1612,126.60579681396484,37.777366638183594,2026-07-09T14:59:53.440541,stranded,1,0,126.60457611083984,37.78244400024414,0.25
han_river,1613,126.62005615234375,37.76999282836914,2026-07-09T15:12:56.568440,stranded,1,0,126.6255874633789,37.76458740234375,0.38
han_river,1614,126.60897064208984,37.75395584106445,2026-07-09T16:41:35.565179,stranded,1,0,126.61150360107422,37.75482177734375,0.25
han_river,1615,126.56648254394531,37.765254974365234,2026-07-09T16:58:58.412661,stranded,1,0,126.5751724243164,37.75373840332031,0.25
han_river,1616,126.57457733154297,37.75837326049805,2026-07-09T17:05:15.307480,stranded,1,0,126.58051300048828,37.754005432128906,0.25
han_river,1617,126.59004974365234,37.77220153808594,2026-07-09T17:41:18.315768,stranded,1,1,126.59004974365234,37.77220153808594,0.12
han_river,1618,126.64530944824219,37.77573013305664,2026-07-09T18:58:05.154983,stranded,1,1,126.64530944824219,37.77573013305664,0.12
han_river,1619,126.61772918701172,37.76933670043945,2026-07-09T19:56:16.342820,stranded,1,0,126.6263427734375,37.764564514160156,0.25
han_river,1620,126.58070373535156,37.76313018798828,2026-07-09T20:09:52.003928,stranded,1,0,126.58998107910156,37.75638961791992,0.25
han_river,1621,126.55558776855469,37.785518646240234,2026-07-09T20:52:39.782921,stranded,1,0,126.57239532470703,37.773765563964844,0.25
han_river,1622,126.62605285644531,37.76484298706055,2026-07-09T21:24:22.079123,stranded,1,1,126.62605285644531,37.76484298706055,0.12
han_river,1623,126.58988952636719,37.7631721496582,2026-07-09T21:44:34.590323,stranded,1,0,126.59003448486328,37.7725944519043,0.25
han_river,1624,126.63086700439453,37.77155685424805,2026-07-09T21:46:29.600060,stranded,1,1,126.63086700439453,37.77155685424805,0.12
han_river,1625,126.61115264892578,37.75358963012695,2026-07-09T22:01:55.631826,stranded,1,1,126.61115264892578,37.75358963012695,0.12
han_river,1626,126.62464141845703,37.7626838684082,2026-07-09T22:02:03.636298,stranded,1,1,126.62464141845703,37.7626838684082,0.12
han_river,1627,126.56632232666016,37.773170471191406,2026-07-09T22:47:44.529461,stranded,1,0,126.56350708007812,37.78898620605469,0.25
han_river,1628,126.6122817993164,37.77153778076172,2026-07-09T23:05:06.315309,stranded,1,0,126.63072967529297,37.792335510253906,0.38
han_river,1629,126.63138580322266,37.7872428894043,2026-07-09T23:12:05.382105,stranded,1,0,126.63198852539062,37.79200744628906,0.25
han_river,1630,126.61788940429688,37.77151870727539,2026-07-09T23:35:46.838192,stranded,1,0,126.64299011230469,37.77607345581055,0.5
han_river,1631,126.56494903564453,37.78341293334961,2026-07-09T23:42:59.963905,stranded,1,0,126.56678009033203,37.78327178955078,0.25
han_river,1632,126.66134643554688,37.7697639465332,2026-07-10T00:30:01.190055,stranded,1,0,126.68975067138672,37.757789611816406,0.38
han_river,1633,126.63373565673828,37.79242706298828,2026-07-10T01:05:12.435537,stranded,1,1,126.63373565673828,37.79242706298828,0.12
han_river,1634,126.57271575927734,37.77439498901367,2026-07-10T01:50:03.358244,stranded,1,1,126.57271575927734,37.77439498901367,0.12
han_river,1635,126.56847381591797,37.77874755859375,2026-07-10T02:13:38.470410,stranded,1,0,126.56847381591797,37.78126525878906,0.25
han_river,1636,126.55467987060547,37.78729248046875,2026-07-10T02:19:45.631002,stranded,1,0,126.54470825195312,37.797828674316406,0.25
han_river,1637,126.59454345703125,37.762718200683594,2026-07-10T02:35:14.950647,stranded,1,0,126.61390686035156,37.75639724731445,0.38
han_river,1638,126.57746887207031,37.76542663574219,2026-07-10T03:38:28.719893,stranded,1,0,126.59117889404297,37.756431579589844,0.25
han_river,1639,126.58141326904297,37.761985778808594,2026-07-10T03:55:03.085747,stranded,1,0,126.58763122558594,37.75595474243164,0.25
han_river,1640,126.62378692626953,37.76255798339844,2026-07-10T04:02:09.805739,stranded,1,1,126.62378692626953,37.76255798339844,0.12
han_river,1641,126.57807159423828,37.756561279296875,2026-07-10T04:54:47.500743,stranded,1,0,126.57807159423828,37.753543853759766,0.25
han_river,1642,126.58332061767578,37.77349090576172,2026-07-10T05:04:17.771391,stranded,1,1,126.58332061767578,37.77349090576172,0.12
han_river,1643,126.663818359375,37.789207458496094,2026-07-10T06:00:03.287548,stranded,1,0,126.67875671386719,37.783958435058594,0.25
han_river,1644,126.57379150390625,37.769744873046875,2026-07-10T06:02:54.906362,stranded,1,0,126.59376525878906,37.757572174072266,0.25
han_river,1645,126.59390258789062,37.757450103759766,2026-07-10T06:26:52.616213,stranded,1,1,126.59390258789062,37.757450103759766,0.12
han_river,1646,126.67632293701172,37.7786865234375,2026-07-10T06:30:10.623532,stranded,1,1,126.67632293701172,37.7786865234375,0.12
han_river,1647,126.6473388671875,37.773033142089844,2026-07-10T06:45:21.683179,stranded,1,1,126.6473388671875,37.773033142089844,0.12
han_river,1648,126.60344696044922,37.75473403930664,2026-07-10T06:52:48.073747,stranded,1,1,126.60344696044922,37.75473403930664,0.12
han_river,1649,126.68122863769531,37.73984909057617,2026-07-10T07:16:18.403399,stranded,1,0,126.68760681152344,37.73932647705078,0.25
han_river,1650,126.595947265625,37.75739288330078,2026-07-10T08:08:37.855400,stranded,1,1,126.595947265625,37.75739288330078,0.12
han_river,1651,126.62333679199219,37.78285598754883,2026-07-10T08:17:20.170583,stranded,1,0,126.64051818847656,37.774593353271484,0.25
han_river,1652,126.59061431884766,37.76387405395508,2026-07-10T10:13:31.156729,stranded,1,0,126.59135437011719,37.771202087402344,0.25
han_river,1653,126.62425231933594,37.77057647705078,2026-07-10T10:31:25.272025,stranded,1,0,126.61405181884766,37.79047775268555,0.38
han_river,1654,126.58184814453125,37.7715950012207,2026-07-10T13:15:28.542406,stranded,1,1,126.58184814453125,37.7715950012207,0.12
han_river,1655,126.6126480102539,37.77113342285156,2026-07-10T13:21:11.795144,stranded,1,0,126.6061782836914,37.78401184082031,0.38
han_river,1656,126.58060455322266,37.773441314697266,2026-07-10T13:21:13.051227,stranded,1,1,126.58060455322266,37.773441314697266,0.12
han_river,1657,126.64580535888672,37.779808044433594,2026-07-10T14:18:58.875477,stranded,1,0,126.68181610107422,37.76886749267578,0.62
han_river,1658,126.65785217285156,37.76657485961914,2026-07-10T14:20:04.219986,stranded,1,0,126.68639373779297,37.745758056640625,0.62
han_river,1659,126.64006042480469,37.79224395751953,2026-07-10T14:31:34.734193,stranded,1,1,126.64006042480469,37.79224395751953,0.12
han_river,1660,126.65908813476562,37.75360107421875,2026-07-10T14:31:41.051583,stranded,1,0,126.65364074707031,37.753963470458984,0.25
han_river,1661,126.58634948730469,37.76679229736328,2026-07-10T14:39:16.906410,stranded,1,0,126.58612823486328,37.7722282409668,0.25
han_river,1662,126.56156921386719,37.78384017944336,2026-07-10T14:50:33.471811,stranded,1,0,126.56163787841797,37.78882598876953,0.25
han_river,1663,126.668212890625,37.76835632324219,2026-07-10T15:41:48.790816,stranded,1,0,126.68777465820312,37.75685119628906,0.38
han_river,1664,126.61199188232422,37.76625061035156,2026-07-10T16:28:14.318506,stranded,1,0,126.6181640625,37.75872802734375,0.38
han_river,1665,126.56607055664062,37.78314208984375,2026-07-10T17:23:05.088185,stranded,1,0,126.56607055664062,37.78474807739258,0.25
han_river,1666,126.6453628540039,37.781436920166016,2026-07-10T17:45:12.513908,stranded,1,0,126.67996978759766,37.781951904296875,0.75
han_river,1667,126.59284973144531,37.75752258300781,2026-07-10T18:26:25.308380,stranded,1,1,126.59284973144531,37.75752258300781,0.12
han_river,1668,126.67536163330078,37.742637634277344,2026-07-10T18:34:04.914100,stranded,1,0,126.68629455566406,37.743343353271484,0.25
han_river,1669,126.67245483398438,37.781253814697266,2026-07-10T18:49:32.369730,stranded,1,0,126.67526245117188,37.778472900390625,0.25
han_river,1670,126.62772369384766,37.777496337890625,2026-07-10T19:15:01.988007,stranded,1,0,126.63748168945312,37.77297592163086,0.25
han_river,1671,126.66386413574219,37.791229248046875,2026-07-10T19:43:43.000773,stranded,1,0,126.67906188964844,37.78446578979492,0.25
han_river,1672,126.6125259399414,37.77367401123047,2026-07-10T20:09:55.128622,stranded,1,0,126.62928771972656,37.768795013427734,0.25
han_river,1673,126.5989990234375,37.756404876708984,2026-07-10T20:21:08.266389,stranded,1,1,126.5989990234375,37.756404876708984,0.12
han_river,1674,126.61388397216797,37.7564582824707,2026-07-10T20:44:28.789591,stranded,1,1,126.61388397216797,37.7564582824707,0.12
han_river,1675,126.6197509765625,37.7889518737793,2026-07-10T20:58:32.783106,stranded,1,0,126.63753509521484,37.792850494384766,0.5
han_river,1676,126.58064270019531,37.7669677734375,2026-07-10T21:59:24.423138,stranded,1,0,126.58866882324219,37.77219009399414,0.25
han_river,1677,126.59164428710938,37.75754165649414,2026-07-11T00:01:25.013078,stranded,1,0,126.59339141845703,37.755943298339844,0.25
han_river,1678,126.56004333496094,37.76999282836914,2026-07-11T00:16:05.044570,stranded,1,0,126.55990600585938,37.788818359375,0.38
han_river,1679,126.59623718261719,37.77421951293945,2026-07-11T00:30:02.104204,stranded,1,1,126.59623718261719,37.77421951293945,0.12
han_river,1680,126.60672760009766,37.78556823730469,2026-07-11T00:54:26.103581,stranded,1,1,126.60672760009766,37.78556823730469,0.12
han_river,1681,126.60041046142578,37.765647888183594,2026-07-11T01:55:26.220499,stranded,1,0,126.59674835205078,37.77426528930664,0.25
han_river,1682,126.60865020751953,37.767250061035156,2026-07-11T01:57:14.517393,stranded,1,0,126.62640380859375,37.7635498046875,0.5
han_river,1683,126.56947326660156,37.76284408569336,2026-07-11T02:50:26.305031,stranded,1,0,126.55950164794922,37.78866958618164,0.38
han_river,1684,126.65375518798828,37.79291534423828,2026-07-11T03:32:58.150933,stranded,1,1,126.65375518798828,37.79291534423828,0.12
han_river,1685,126.57762908935547,37.77412033081055,2026-07-11T04:03:47.546041,stranded,1,1,126.57762908935547,37.77412033081055,0.12
han_river,1686,126.56182098388672,37.78946304321289,2026-07-11T05:01:22.176540,stranded,1,1,126.56182098388672,37.78946304321289,0.12
han_river,1687,126.62308502197266,37.7828254699707,2026-07-11T05:12:28.006271,stranded,1,0,126.63684844970703,37.77444839477539,0.25
han_river,1688,126.6113052368164,37.760093688964844,2026-07-11T05:45:04.349275,stranded,1,0,126.62071990966797,37.760650634765625,0.25
han_river,1689,126.61824798583984,37.76162338256836,2026-07-11T06:54:02.710855,stranded,1,0,126.61824798583984,37.758792877197266,0.25
han_river,1690,126.67680358886719,37.74187088012695,2026-07-11T07:30:51.591111,stranded,1,0,126.69245910644531,37.728206634521484,0.25
han_river,1691,126.57645416259766,37.75322341918945,2026-07-11T08:36:28.628886,stranded,1,1,126.57645416259766,37.75322341918945,0.12
han_river,1692,126.5870590209961,37.76651382446289,2026-07-11T08:38:50.514453,stranded,1,0,126.59227752685547,37.75746536254883,0.25
han_river,1693,126.66975402832031,37.743927001953125,2026-07-11T10:46:19.744442,stranded,1,0,126.66861724853516,37.73318099975586,0.25
han_river,1694,126.61443328857422,37.77303695678711,2026-07-11T11:27:50.124349,stranded,1,0,126.62566375732422,37.7645149230957,0.25
han_river,1695,126.61150360107422,37.75487518310547,2026-07-11T11:29:58.198715,stranded,1,1,126.61150360107422,37.75487518310547,0.12
han_river,1696,126.64147186279297,37.786190032958984,2026-07-11T11:43:05.865844,stranded,1,0,126.60566711425781,37.78395080566406,0.38
han_river,1697,126.61078643798828,37.77751922607422,2026-07-11T11:48:31.285677,stranded,1,0,126.59363555908203,37.77307891845703,0.38
han_river,1698,126.64865112304688,37.78050994873047,2026-07-11T12:29:33.166872,stranded,1,0,126.6292953491211,37.7938232421875,0.25
han_river,1699,126.57696533203125,37.76587677001953,2026-07-11T12:32:11.185938,stranded,1,0,126.50502014160156,37.817352294921875,0.62
han_river,1700,126.60149383544922,37.773677825927734,2026-07-11T14:14:46.204073,stranded,1,0,126.59395599365234,37.77232360839844,0.25
han_river,1701,126.56414794921875,37.76070785522461,2026-07-11T16:36:23.918384,stranded,1,1,126.56414794921875,37.76070785522461,0.12
han_river,1702,126.57630920410156,37.77423858642578,2026-07-11T17:11:38.215491,stranded,1,1,126.57630920410156,37.77423858642578,0.12
han_river,1703,126.59899139404297,37.766937255859375,2026-07-11T17:20:13.898817,stranded,1,0,126.58786010742188,37.77220916748047,0.25
han_river,1704,126.6138916015625,37.76691818237305,2026-07-11T17:26:05.607843,stranded,1,0,126.60196685791016,37.779396057128906,0.25
han_river,1705,126.5938491821289,37.76560974121094,2026-07-11T17:57:53.728459,stranded,1,0,126.58042907714844,37.77121353149414,0.25
han_river,1706,126.56693267822266,37.764259338378906,2026-07-11T17:59:18.854487,stranded,1,0,126.5614013671875,37.76552200317383,0.25
han_river,1707,126.58895111083984,37.76543045043945,2026-07-11T18:29:30.159603,stranded,1,0,126.59032440185547,37.77189636230469,0.25
han_river,1708,126.58399200439453,37.772361755371094,2026-07-11T18:36:32.215442,stranded,1,1,126.58399200439453,37.772361755371094,0.12
han_river,1709,126.65426635742188,37.750736236572266,2026-07-11T18:54:01.349633,stranded,1,1,126.65426635742188,37.750736236572266,0.12
han_river,1710,126.61400604248047,37.76555633544922,2026-07-11T19:33:05.653303,stranded,1,0,126.60647583007812,37.78494644165039,0.5
han_river,1711,126.66006469726562,37.75999450683594,2026-07-11T21:14:17.076732,stranded,1,0,126.65348052978516,37.75999450683594,0.25
han_river,1712,126.59981536865234,37.7610969543457,2026-07-11T21:34:40.133802,stranded,1,0,126.62630462646484,37.79401397705078,0.5
han_river,1713,126.57396697998047,37.76533889770508,2026-07-12T00:29:02.611132,stranded,1,0,126.57559967041016,37.7730598449707,0.25
han_river,1714,126.6181869506836,37.79291534423828,2026-07-12T00:58:38.517898,stranded,1,1,126.6181869506836,37.79291534423828,0.12
han_river,1715,126.66262817382812,37.79552459716797,2026-07-12T01:06:51.840718,stranded,1,0,126.6733169555664,37.8236083984375,0.38
han_river,1716,126.6131362915039,37.75603485107422,2026-07-12T03:13:55.899927,stranded,1,0,126.63796997070312,37.775169372558594,0.5
han_river,1717,126.5700454711914,37.76999282836914,2026-07-12T03:22:47.147182,stranded,1,0,126.56671905517578,37.78190612792969,0.25
han_river,1718,126.6597671508789,37.772926330566406,2026-07-12T03:40:57.601884,stranded,1,0,126.68675231933594,37.75325393676758,0.38
han_river,1719,126.63922882080078,37.79246520996094,2026-07-12T04:11:38.249062,stranded,1,1,126.63922882080078,37.79246520996094,0.12
han_river,1720,126.62035369873047,37.779884338378906,2026-07-12T04:43:37.892511,stranded,1,0,126.62830352783203,37.76748275756836,0.38
han_river,1721,126.62777709960938,37.77986526489258,2026-07-12T05:17:42.760045,stranded,1,0,126.64142608642578,37.77548599243164,0.25
han_river,1722,126.63833618164062,37.79196548461914,2026-07-12T05:24:22.582981,stranded,1,0,126.63993835449219,37.79230880737305,0.25
han_river,1723,126.60804748535156,37.7869873046875,2026-07-12T05:38:49.190999,stranded,1,1,126.60804748535156,37.7869873046875,0.12
han_river,1724,126.60305786132812,37.7576904296875,2026-07-12T06:43:44.293790,stranded,1,0,126.60820007324219,37.75285720825195,0.25
han_river,1725,126.65987396240234,37.77119064331055,2026-07-12T06:49:02.339598,stranded,1,0,126.66720581054688,37.734500885009766,0.38
han_river,1726,126.57369232177734,37.773643493652344,2026-07-12T06:57:37.012021,stranded,1,1,126.57369232177734,37.773643493652344,0.12
han_river,1727,126.66761016845703,37.744873046875,2026-07-12T07:03:54.730340,stranded,1,0,126.68096923828125,37.6957893371582,0.38
han_river,1728,126.58004760742188,37.77230453491211,2026-07-12T07:35:47.762728,stranded,1,1,126.58004760742188,37.77230453491211,0.12
han_river,1729,126.60367584228516,37.76204299926758,2026-07-12T08:02:01.092189,stranded,1,0,126.60591125488281,37.751529693603516,0.25
han_river,1730,126.64105224609375,37.77619552612305,2026-07-12T08:54:17.724236,stranded,1,0,126.64105224609375,37.773475646972656,0.25
han_river,1731,126.5718994140625,37.75387954711914,2026-07-12T09:31:47.783300,stranded,1,1,126.5718994140625,37.75387954711914,0.12
han_river,1732,126.60245513916016,37.75514221191406,2026-07-12T09:59:59.265301,stranded,1,1,126.60245513916016,37.75514221191406,0.12
han_river,1733,126.63471984863281,37.77336502075195,2026-07-12T10:04:45.066016,stranded,1,1,126.63471984863281,37.77336502075195,0.12
han_river,1734,126.6130142211914,37.75677490234375,2026-07-12T10:31:46.020782,stranded,1,0,126.6130142211914,37.75503158569336,0.25
han_river,1735,126.66585540771484,37.74913787841797,2026-07-12T11:34:18.490659,stranded,1,0,126.6695556640625,37.72736740112305,0.25
han_river,1736,126.61100006103516,37.77465057373047,2026-07-12T11:43:39.733233,stranded,1,0,126.61927795410156,37.759178161621094,0.25
han_river,1737,126.61005401611328,37.75999450683594,2026-07-12T12:23:41.761724,stranded,1,0,126.61275482177734,37.75520324707031,0.25
han_river,1738,126.60049438476562,37.755638122558594,2026-07-12T12:26:43.769173,stranded,1,1,126.60049438476562,37.755638122558594,0.12
han_river,1739,126.5588607788086,37.767704010009766,2026-07-12T12:34:54.533169,stranded,1,1,126.5588607788086,37.767704010009766,0.12
han_river,1740,126.5908203125,37.75471115112305,2026-07-12T13:28:11.775067,stranded,1,1,126.5908203125,37.75471115112305,0.12
han_river,1741,126.631103515625,37.78543472290039,2026-07-12T13:53:45.042622,stranded,1,0,126.61798858642578,37.792686462402344,0.25
han_river,1742,126.5892105102539,37.7554817199707,2026-07-12T13:58:07.313810,stranded,1,1,126.5892105102539,37.7554817199707,0.12
han_river,1743,126.5928726196289,37.76973342895508,2026-07-12T14:22:43.388987,stranded,1,0,126.59056091308594,37.77337646484375,0.25
han_river,1744,126.64923858642578,37.788963317871094,2026-07-12T14:45:40.598244,stranded,1,0,126.64057159423828,37.79360580444336,0.25
han_river,1745,126.64818572998047,37.783966064453125,2026-07-12T14:56:27.152295,stranded,1,0,126.6447982788086,37.7934455871582,0.25
han_river,1746,126.61922454833984,37.79378890991211,2026-07-12T16:26:46.209727,stranded,1,1,126.61922454833984,37.79378890991211,0.12
han_river,1747,126.56863403320312,37.763832092285156,2026-07-12T18:03:20.410898,stranded,1,0,126.56548309326172,37.784950256347656,0.25
han_river,1748,126.59004974365234,37.77126693725586,2026-07-12T18:25:36.382753,stranded,1,1,126.59004974365234,37.77126693725586,0.12
han_river,1749,126.65953063964844,37.78105926513672,2026-07-12T18:28:01.409204,stranded,1,0,126.68830108642578,37.76047134399414,0.5
han_river,1750,126.59832763671875,37.77555465698242,2026-07-12T18:50:46.801494,stranded,1,1,126.59832763671875,37.77555465698242,0.12
han_river,1751,126.64405822753906,37.79290771484375,2026-07-12T19:18:42.742731,stranded,1,1,126.64405822753906,37.79290771484375,0.12
han_river,1752,126.60440063476562,37.78152084350586,2026-07-12T19:29:13.869918,stranded,1,1,126.60440063476562,37.78152084350586,0.12
han_river,1753,126.65721893310547,37.793678283691406,2026-07-12T19:58:13.221807,stranded,1,0,126.67786407470703,37.789344787597656,0.38
han_river,1754,126.62555694580078,37.79494857788086,2026-07-12T20:34:40.430521,stranded,1,1,126.62555694580078,37.79494857788086,0.12
han_river,1755,126.59070587158203,37.76607131958008,2026-07-12T20:42:00.513255,stranded,1,0,126.60877227783203,37.75331497192383,0.38
han_river,1756,126.61650848388672,37.78287124633789,2026-07-12T20:42:20.827629,stranded,1,0,126.61410522460938,37.78896713256836,0.25
han_river,1757,126.64002990722656,37.7886848449707,2026-07-12T21:15:53.437978,stranded,1,0,126.63668823242188,37.774723052978516,0.38
han_river,1758,126.58743286132812,37.7546501159668,2026-07-12T21:30:32.258183,stranded,1,1,126.58743286132812,37.7546501159668,0.12
han_river,1759,126.60415649414062,37.7579231262207,2026-07-12T21:37:59.417351,stranded,1,0,126.60822296142578,37.7529411315918,0.25
han_river,1760,126.61321258544922,37.75450897216797,2026-07-12T21:40:09.563126,stranded,1,1,126.61321258544922,37.75450897216797,0.12
han_river,1761,126.6059341430664,37.755550384521484,2026-07-12T22:01:14.065308,stranded,1,0,126.6059341430664,37.7530632019043,0.25
han_river,1762,126.6680679321289,37.781917572021484,2026-07-12T22:21:55.641841,stranded,1,0,126.67546844482422,37.772552490234375,0.25
han_river,1763,126.62872314453125,37.77758026123047,2026-07-12T22:27:11.497424,stranded,1,0,126.6352767944336,37.772911071777344,0.25
han_river,1764,126.60904693603516,37.75385665893555,2026-07-12T23:21:36.866000,stranded,1,0,126.61067962646484,37.75385665893555,0.25
han_river,1765,126.65592193603516,37.76290512084961,2026-07-12T23:50:22.454526,stranded,1,0,126.68787384033203,37.765254974365234,0.38
han_river,1766,126.61115264892578,37.77598571777344,2026-07-12T23:52:32.447390,stranded,1,0,126.62616729736328,37.76539611816406,0.25
han_river,1767,126.63005828857422,37.78998947143555,2026-07-13T00:10:42.825129,stranded,1,0,126.6779556274414,37.790252685546875,0.38
han_river,1768,126.57685852050781,37.75470733642578,2026-07-13T00:20:17.567126,stranded,1,0,126.5782241821289,37.75376892089844,0.25
han_river,1769,126.66199493408203,37.78231430053711,2026-07-13T00:46:52.006474,stranded,1,0,126.67903900146484,37.79457473754883,0.25
han_river,1770,126.608642578125,37.760406494140625,2026-07-13T01:16:21.777342,stranded,1,0,126.61918640136719,37.793609619140625,0.38
han_river,1771,126.61469268798828,37.76313781738281,2026-07-13T02:52:13.484381,stranded,1,0,126.62173461914062,37.761837005615234,0.25
han_river,1772,126.57234191894531,37.75747299194336,2026-07-13T03:08:29.338130,stranded,1,0,126.58663177490234,37.77233123779297,0.25
han_river,1773,126.5788345336914,37.7725715637207,2026-07-13T03:41:30.283722,stranded,1,1,126.5788345336914,37.7725715637207,0.12
han_river,1774,126.64495086669922,37.79203796386719,2026-07-13T04:13:34.527433,stranded,1,1,126.64495086669922,37.79203796386719,0.12
han_river,1775,126.63005828857422,37.792884826660156,2026-07-13T05:49:04.215033,stranded,1,1,126.63005828857422,37.792884826660156,0.12
han_river,1776,126.558349609375,37.78269577026367,2026-07-13T05:55:37.324055,stranded,1,0,126.5521240234375,37.79450607299805,0.25
han_river,1777,126.64006042480469,37.793216705322266,2026-07-13T06:00:04.340285,stranded,1,1,126.64006042480469,37.793216705322266,0.12
han_river,1778,126.61779022216797,37.791961669921875,2026-07-13T06:31:06.667275,stranded,1,1,126.61779022216797,37.791961669921875,0.12
han_river,1779,126.65279388427734,37.79373550415039,2026-07-13T06:39:54.470611,stranded,1,1,126.65279388427734,37.79373550415039,0.12
han_river,1780,126.65959167480469,37.790122985839844,2026-07-13T06:56:35.119405,stranded,1,0,126.67742919921875,37.78009796142578,0.25
han_river,1781,126.60755920410156,37.77996063232422,2026-07-13T07:10:05.651620,stranded,1,0,126.62234497070312,37.76056671142578,0.25
han_river,1782,126.564697265625,37.77919387817383,2026-07-13T08:24:11.139203,stranded,1,0,126.57180786132812,37.777156829833984,0.25
han_river,1783,126.61317443847656,37.77527618408203,2026-07-13T08:24:42.255514,stranded,1,0,126.62344360351562,37.76109313964844,0.25
han_river,1784,126.60638427734375,37.77161407470703,2026-07-13T08:29:03.276931,stranded,1,0,126.61881256103516,37.759220123291016,0.25
han_river,1785,126.61168670654297,37.7613525390625,2026-07-13T09:06:33.388578,stranded,1,0,126.61528778076172,37.756893157958984,0.25
han_river,1786,126.5942611694336,37.75752639770508,2026-07-13T09:24:53.500018,stranded,1,1,126.5942611694336,37.75752639770508,0.12
han_river,1787,126.60578155517578,37.75078201293945,2026-07-13T09:51:46.941235,stranded,1,1,126.60578155517578,37.75078201293945,0.12
han_river,1788,126.5704574584961,37.75487518310547,2026-07-13T11:42:40.689229,stranded,1,1,126.5704574584961,37.75487518310547,0.12
han_river,1789,126.6871337890625,37.71995162963867,2026-07-13T12:25:54.060416,stranded,1,0,126.6889877319336,37.73601150512695,0.25
han_river,1790,126.61890411376953,37.758819580078125,2026-07-13T13:23:20.087559,stranded,1,1,126.61890411376953,37.758819580078125,0.12
han_river,1791,126.61506652832031,37.75565719604492,2026-07-13T13:43:46.370149,stranded,1,1,126.61506652832031,37.75565719604492,0.12
han_river,1792,126.59004974365234,37.75640106201172,2026-07-13T13:54:58.326433,stranded,1,1,126.59004974365234,37.75640106201172,0.12
han_river,1793,126.64488220214844,37.78053665161133,2026-07-13T14:41:34.526324,stranded,1,0,126.65026092529297,37.790645599365234,0.25
han_river,1794,126.58583068847656,37.766754150390625,2026-07-13T14:51:13.600473,stranded,1,0,126.59127807617188,37.77177429199219,0.25
han_river,1795,126.56004333496094,37.779991149902344,2026-07-13T15:16:31.686056,stranded,1,0,126.56808471679688,37.78190994262695,0.25
han_river,1796,126.63949584960938,37.7921028137207,2026-07-13T16:06:55.762058,stranded,1,1,126.63949584960938,37.7921028137207,0.12
han_river,1797,126.57940673828125,37.77179718017578,2026-07-13T16:39:51.049169,stranded,1,1,126.57940673828125,37.77179718017578,0.12
han_river,1798,126.58004760742188,37.771419525146484,2026-07-13T17:35:09.229728,stranded,1,1,126.58004760742188,37.771419525146484,0.12
han_river,1799,126.61426544189453,37.78668975830078,2026-07-13T17:42:00.161582,stranded,1,0,126.61426544189453,37.78928756713867,0.25
han_river,1800,126.55091857910156,37.79410171508789,2026-07-13T18:04:05.519757,stranded,1,0,126.55091857910156,37.79606246948242,0.25
han_river,1801,126.61585235595703,37.78786849975586,2026-07-13T18:18:10.612103,stranded,1,0,126.61585235595703,37.78983688354492,0.25
han_river,1802,126.55004119873047,37.795169830322266,2026-07-13T18:49:01.882015,stranded,1,1,126.55004119873047,37.795169830322266,0.12
han_river,1803,126.60128021240234,37.765716552734375,2026-07-13T19:13:05.780188,stranded,1,0,126.62120819091797,37.761356353759766,0.25
han_river,1804,126.60169219970703,37.77933883666992,2026-07-13T19:32:25.664369,stranded,1,1,126.60169219970703,37.77933883666992,0.12
han_river,1805,126.5689697265625,37.771663665771484,2026-07-13T19:53:54.595437,stranded,1,0,126.58299255371094,37.7540168762207,0.38
han_river,1806,126.56766510009766,37.76938247680664,2026-07-13T21:32:01.333414,stranded,1,0,126.57686614990234,37.75365447998047,0.25
han_river,1807,126.62905883789062,37.76959991455078,2026-07-13T21:53:43.126858,stranded,1,1,126.62905883789062,37.76959991455078,0.12
han_river,1808,126.57106018066406,37.769142150878906,2026-07-13T23:01:50.567208,stranded,1,0,126.57391357421875,37.752864837646484,0.25
han_river,1809,126.64517974853516,37.7738037109375,2026-07-14T01:32:13.425057,stranded,1,1,126.64517974853516,37.7738037109375,0.12
han_river,1810,126.62178802490234,37.77167892456055,2026-07-14T02:19:15.693369,stranded,1,0,126.6303482055664,37.77080535888672,0.25
han_river,1811,126.59004974365234,37.75999450683594,2026-07-14T03:17:46.660760,stranded,1,0,126.60284423828125,37.78070068359375,0.38
han_river,1812,126.67090606689453,37.76785659790039,2026-07-14T03:34:44.620900,stranded,1,0,126.67827606201172,37.77986526489258,0.5
han_river,1813,126.58975219726562,37.77149200439453,2026-07-14T03:51:20.903213,stranded,1,1,126.58975219726562,37.77149200439453,0.12
han_river,1814,126.62178802490234,37.79118728637695,2026-07-14T04:34:49.606095,stranded,1,0,126.62178802490234,37.79395294189453,0.25
han_river,1815,126.5740737915039,37.772621154785156,2026-07-14T04:59:55.310913,stranded,1,1,126.5740737915039,37.772621154785156,0.12
han_river,1816,126.6070785522461,37.781715393066406,2026-07-14T06:02:44.986705,stranded,1,0,126.61067199707031,37.788597106933594,0.25
han_river,1817,126.59004974365234,37.76999282836914,2026-07-14T06:17:14.281416,stranded,1,0,126.59004974365234,37.77165222167969,0.25
han_river,1818,126.55380249023438,37.79234313964844,2026-07-14T06:29:16.996235,stranded,1,1,126.55380249023438,37.79234313964844,0.12
han_river,1819,126.63604736328125,37.79275131225586,2026-07-14T06:42:27.953367,stranded,1,1,126.63604736328125,37.79275131225586,0.12
han_river,1820,126.61457824707031,37.77259063720703,2026-07-14T08:05:30.920290,stranded,1,0,126.6275405883789,37.76687240600586,0.25
han_river,1821,126.57682800292969,37.75401306152344,2026-07-14T09:40:32.548041,stranded,1,1,126.57682800292969,37.75401306152344,0.12
han_river,1822,126.6583251953125,37.748291015625,2026-07-14T12:00:30.203169,stranded,1,0,126.69141387939453,37.73332214355469,0.25
han_river,1823,126.57107543945312,37.75746536254883,2026-07-14T12:15:43.824901,stranded,1,0,126.5759048461914,37.753143310546875,0.25
han_river,1824,126.6114730834961,37.75333786010742,2026-07-14T12:35:03.235589,stranded,1,1,126.6114730834961,37.75333786010742,0.12
han_river,1825,126.57083892822266,37.754356384277344,2026-07-14T13:05:12.835133,stranded,1,1,126.57083892822266,37.754356384277344,0.12
han_river,1826,126.60299682617188,37.75508499145508,2026-07-14T13:08:03.824239,stranded,1,1,126.60299682617188,37.75508499145508,0.12
han_river,1827,126.63404083251953,37.77311325073242,2026-07-14T13:20:26.901144,stranded,1,1,126.63404083251953,37.77311325073242,0.12
han_river,1828,126.66216278076172,37.76483917236328,2026-07-14T13:34:10.593162,stranded,1,0,126.65359497070312,37.791107177734375,0.38
han_river,1829,126.61360168457031,37.7552490234375,2026-07-14T13:57:28.502635,stranded,1,1,126.61360168457031,37.7552490234375,0.12
han_river,1830,126.60005187988281,37.75999450683594,2026-07-14T15:19:10.672322,stranded,1,0,126.60005187988281,37.75526809692383,0.25
han_river,1831,126.5818099975586,37.772823333740234,2026-07-14T15:42:50.513569,stranded,1,1,126.5818099975586,37.772823333740234,0.12
han_river,1832,126.56584930419922,37.7730712890625,2026-07-14T16:06:48.644115,stranded,1,0,126.55286407470703,37.79437255859375,0.25
han_river,1833,126.58568572998047,37.77234649658203,2026-07-14T16:16:25.549791,stranded,1,1,126.58568572998047,37.77234649658203,0.12
han_river,1834,126.55501556396484,37.79261016845703,2026-07-14T16:19:39.553475,stranded,1,1,126.55501556396484,37.79261016845703,0.12
han_river,1835,126.55838012695312,37.79118347167969,2026-07-14T16:33:04.176222,stranded,1,1,126.55838012695312,37.79118347167969,0.12
han_river,1836,126.6109848022461,37.777591705322266,2026-07-14T16:39:20.748482,stranded,1,0,126.60746765136719,37.785736083984375,0.25
han_river,1837,126.58004760742188,37.77287292480469,2026-07-14T16:56:15.848156,stranded,1,1,126.58004760742188,37.77287292480469,0.12
han_river,1838,126.61449432373047,37.78928756713867,2026-07-14T17:06:00.020240,stranded,1,1,126.61449432373047,37.78928756713867,0.12
han_river,1839,126.55517578125,37.79206466674805,2026-07-14T18:45:08.488976,stranded,1,1,126.55517578125,37.79206466674805,0.12
han_river,1840,126.64833068847656,37.79058837890625,2026-07-14T19:12:59.701269,stranded,1,1,126.64833068847656,37.79058837890625,0.12
han_river,1841,126.63912200927734,37.78157424926758,2026-07-14T21:02:31.613408,stranded,1,0,126.63900756835938,37.77508544921875,0.25
han_river,1842,126.57693481445312,37.76002883911133,2026-07-14T21:42:17.332871,stranded,1,0,126.57708740234375,37.75407028198242,0.25
han_river,1843,126.63320922851562,37.772186279296875,2026-07-14T22:25:13.524470,stranded,1,1,126.63320922851562,37.772186279296875,0.12
han_river,1844,126.62532043457031,37.764366149902344,2026-07-15T00:42:11.402106,stranded,1,1,126.62532043457031,37.764366149902344,0.12
han_river,1845,126.64513397216797,37.775753021240234,2026-07-15T00:52:56.718801,stranded,1,1,126.64513397216797,37.775753021240234,0.12
han_river,1846,126.58468627929688,37.75465774536133,2026-07-15T01:05:49.862510,stranded,1,1,126.58468627929688,37.75465774536133,0.12
han_river,1847,126.57801055908203,37.753482818603516,2026-07-15T01:15:32.414699,stranded,1,1,126.57801055908203,37.753482818603516,0.12
han_river,1848,126.66912078857422,37.736000061035156,2026-07-15T01:19:24.956745,stranded,1,0,126.68921661376953,37.735511779785156,0.38
han_river,1849,126.58580017089844,37.75528335571289,2026-07-15T01:34:49.572229,stranded,1,1,126.58580017089844,37.75528335571289,0.12
han_river,1850,126.614013671875,37.75651931762695,2026-07-15T01:41:33.998363,stranded,1,1,126.614013671875,37.75651931762695,0.12
han_river,1851,126.5871353149414,37.7553825378418,2026-07-15T01:56:47.196475,stranded,1,1,126.5871353149414,37.7553825378418,0.12
han_river,1852,126.59500885009766,37.7635383605957,2026-07-15T02:40:23.259311,stranded,1,0,126.59555053710938,37.756954193115234,0.25
han_river,1853,126.6151351928711,37.77629852294922,2026-07-15T02:45:29.682880,stranded,1,0,126.62506103515625,37.79439163208008,0.38
han_river,1854,126.62249755859375,37.7732048034668,2026-07-15T03:01:54.005815,stranded,1,0,126.62645721435547,37.76601791381836,0.25
han_river,1855,126.62005615234375,37.78998947143555,2026-07-15T03:21:47.493057,stranded,1,0,126.6362533569336,37.79356384277344,0.38
han_river,1856,126.67298126220703,37.80280685424805,2026-07-15T03:41:44.406376,stranded,1,0,126.66498565673828,37.82732391357422,0.25
han_river,1857,126.67756652832031,37.751686096191406,2026-07-15T03:50:38.104881,stranded,1,0,126.6872329711914,37.73866653442383,0.62
han_river,1858,126.62882232666016,37.76976013183594,2026-07-15T04:30:15.933373,stranded,1,1,126.62882232666016,37.76976013183594,0.12
han_river,1859,126.59930419921875,37.77083969116211,2026-07-15T04:38:29.808637,stranded,1,0,126.59712219238281,37.77450180053711,0.25
han_river,1860,126.59255981445312,37.771827697753906,2026-07-15T04:48:03.176989,stranded,1,0,126.59255981445312,37.774696350097656,0.25
han_river,1861,126.60575103759766,37.75328826904297,2026-07-15T05:10:01.499318,stranded,1,1,126.60575103759766,37.75328826904297,0.12
han_river,1862,126.59004974365234,37.76999282836914,2026-07-15T06:21:09.288229,stranded,1,0,126.58916473388672,37.771461486816406,0.25
han_river,1863,126.5761947631836,37.772483825683594,2026-07-15T06:59:38.744319,stranded,1,1,126.5761947631836,37.772483825683594,0.12
han_river,1864,126.57889556884766,37.77186965942383,2026-07-15T07:29:43.600621,stranded,1,1,126.57889556884766,37.77186965942383,0.12
han_river,1865,126.60462951660156,37.783687591552734,2026-07-15T07:57:10.606013,stranded,1,1,126.60462951660156,37.783687591552734,0.12
han_river,1866,126.59004974365234,37.75999450683594,2026-07-15T09:14:01.083732,stranded,1,0,126.58935546875,37.754573822021484,0.38
han_river,1867,126.65887451171875,37.79539489746094,2026-07-15T10:39:01.616313,stranded,1,0,126.68460083007812,37.76735305786133,0.38
han_river,1868,126.62711334228516,37.78762435913086,2026-07-15T11:36:16.482663,stranded,1,0,126.63432312011719,37.7741813659668,0.25
han_river,1869,126.6402359008789,37.784881591796875,2026-07-15T11:38:10.564129,stranded,1,0,126.642578125,37.775028228759766,0.25
han_river,1870,126.56986236572266,37.769432067871094,2026-07-15T12:19:33.657655,stranded,1,0,126.57744598388672,37.75366973876953,0.25
han_river,1871,126.5606918334961,37.76630401611328,2026-07-15T12:50:12.181876,stranded,1,1,126.5606918334961,37.76630401611328,0.12
han_river,1872,126.64006042480469,37.776092529296875,2026-07-15T13:23:54.176228,stranded,1,1,126.64006042480469,37.776092529296875,0.12
han_river,1873,126.60200500488281,37.754600524902344,2026-07-15T13:24:47.369649,stranded,1,1,126.60200500488281,37.754600524902344,0.12
han_river,1874,126.63056182861328,37.77151870727539,2026-07-15T13:25:13.362348,stranded,1,1,126.63056182861328,37.77151870727539,0.12
han_river,1875,126.59597778320312,37.75635528564453,2026-07-15T13:48:25.002977,stranded,1,1,126.59597778320312,37.75635528564453,0.12
han_river,1876,126.60041809082031,37.7551383972168,2026-07-15T14:03:13.827194,stranded,1,1,126.60041809082031,37.7551383972168,0.12
han_river,1877,126.57327270507812,37.75275421142578,2026-07-15T14:46:02.134188,stranded,1,1,126.57327270507812,37.75275421142578,0.12
han_river,1878,126.66262817382812,37.783782958984375,2026-07-15T16:23:01.241615,stranded,1,0,126.6545181274414,37.81499481201172,0.25
han_river,1879,126.61727142333984,37.757747650146484,2026-07-15T16:37:45.544455,stranded,1,1,126.61727142333984,37.757747650146484,0.12
han_river,1880,126.58039855957031,37.762596130371094,2026-07-15T16:41:10.041455,stranded,1,0,126.57135772705078,37.77696228027344,0.25
han_river,1881,126.65801239013672,37.76753616333008,2026-07-15T17:32:37.903111,stranded,1,0,126.6468734741211,37.792205810546875,0.25
han_river,1882,126.60100555419922,37.76335525512695,2026-07-15T17:58:35.086079,stranded,1,0,126.600830078125,37.77827835083008,0.25
han_river,1883,126.61778259277344,37.79207992553711,2026-07-15T18:40:36.640143,stranded,1,1,126.61778259277344,37.79207992553711,0.12
han_river,1884,126.58004760742188,37.771690368652344,2026-07-15T19:02:13.596285,stranded,1,1,126.58004760742188,37.771690368652344,0.12
han_river,1885,126.59815216064453,37.77534866333008,2026-07-15T19:15:11.834567,stranded,1,1,126.59815216064453,37.77534866333008,0.12
han_river,1886,126.60650634765625,37.785545349121094,2026-07-15T19:29:29.354369,stranded,1,1,126.60650634765625,37.785545349121094,0.12
han_river,1887,126.62005615234375,37.79294204711914,2026-07-15T19:36:52.006130,stranded,1,1,126.62005615234375,37.79294204711914,0.12
han_river,1888,126.64006042480469,37.79315948486328,2026-07-15T19:48:28.029342,stranded,1,1,126.64006042480469,37.79315948486328,0.12
han_river,1889,126.60660552978516,37.78464126586914,2026-07-15T19:49:46.193652,stranded,1,1,126.60660552978516,37.78464126586914,0.12
han_river,1890,126.58934020996094,37.76956558227539,2026-07-15T21:00:18.714684,stranded,1,0,126.58934020996094,37.77248764038086,0.25
han_river,1891,126.58589172363281,37.764808654785156,2026-07-15T22:51:53.126976,stranded,1,0,126.5897216796875,37.7565803527832,0.25
han_river,1892,126.60902404785156,37.778594970703125,2026-07-15T23:50:22.209096,stranded,1,0,126.61273956298828,37.754695892333984,0.25
han_river,1893,126.60935974121094,37.778316497802734,2026-07-15T23:59:51.270247,stranded,1,0,126.62023162841797,37.75988006591797,0.25
han_river,1894,126.59004974365234,37.75999450683594,2026-07-16T03:15:32.401168,stranded,1,0,126.5920639038086,37.756324768066406,0.25
han_river,1895,126.56746673583984,37.7813606262207,2026-07-16T05:02:19.638189,stranded,1,1,126.56746673583984,37.7813606262207,0.12
han_river,1896,126.58209228515625,37.76094055175781,2026-07-16T06:00:12.289498,stranded,1,0,126.59016418457031,37.772193908691406,0.25
han_river,1897,126.62005615234375,37.78998947143555,2026-07-16T06:16:46.420189,stranded,1,0,126.62005615234375,37.79292678833008,0.25
han_river,1898,126.59004974365234,37.75999450683594,2026-07-16T06:21:14.496323,stranded,1,0,126.59431457519531,37.77323913574219,0.25
han_river,1899,126.59303283691406,37.77288055419922,2026-07-16T06:25:37.180644,stranded,1,1,126.59303283691406,37.77288055419922,0.12
han_river,1900,126.59004974365234,37.772377014160156,2026-07-16T07:28:58.106841,stranded,1,1,126.59004974365234,37.772377014160156,0.12
han_river,1901,126.56378173828125,37.77766418457031,2026-07-16T08:08:45.532829,stranded,1,0,126.556640625,37.79104232788086,0.25
han_river,1902,126.57902526855469,37.76926040649414,2026-07-16T08:20:32.485140,stranded,1,0,126.57902526855469,37.772979736328125,0.25
han_river,1903,126.5864028930664,37.75666427612305,2026-07-16T09:47:16.635480,stranded,1,0,126.58849334716797,37.75477981567383,0.25
han_river,1904,126.6549301147461,37.748558044433594,2026-07-16T10:01:15.349840,stranded,1,1,126.6549301147461,37.748558044433594,0.12
han_river,1905,126.58216857910156,37.7657356262207,2026-07-16T10:17:15.286684,stranded,1,0,126.59273529052734,37.757362365722656,0.25
han_river,1906,126.6486587524414,37.772377014160156,2026-07-16T10:47:19.779674,stranded,1,1,126.6486587524414,37.772377014160156,0.12
han_river,1907,126.63067626953125,37.77386474609375,2026-07-16T11:39:17.354645,stranded,1,0,126.63067626953125,37.77046203613281,0.25
han_river,1908,126.6589584350586,37.794105529785156,2026-07-16T11:50:04.482383,stranded,1,0,126.67007446289062,37.72783660888672,0.5
han_river,1909,126.64361572265625,37.78678894042969,2026-07-16T11:51:50.931393,stranded,1,0,126.6500473022461,37.77217102050781,0.25
han_river,1910,126.57515716552734,37.76018524169922,2026-07-16T12:02:50.147142,stranded,1,0,126.58040618896484,37.75410079956055,0.25
han_river,1911,126.65670776367188,37.77505874633789,2026-07-16T12:03:44.003772,stranded,1,0,126.66165161132812,37.74199295043945,0.25
han_river,1912,126.64363098144531,37.775787353515625,2026-07-16T12:26:49.501632,stranded,1,1,126.64363098144531,37.775787353515625,0.12
han_river,1913,126.60005187988281,37.75602722167969,2026-07-16T13:02:21.639772,stranded,1,1,126.60005187988281,37.75602722167969,0.12
han_river,1914,126.60897827148438,37.753658294677734,2026-07-16T13:31:26.161023,stranded,1,1,126.60897827148438,37.753658294677734,0.12
han_river,1915,126.57112121582031,37.761268615722656,2026-07-16T13:58:09.512770,stranded,1,0,126.57098388671875,37.754058837890625,0.25
han_river,1916,126.58207702636719,37.754249572753906,2026-07-16T14:05:51.912556,stranded,1,1,126.58207702636719,37.754249572753906,0.12
han_river,1917,126.61321258544922,37.75600051879883,2026-07-16T14:22:24.400669,stranded,1,1,126.61321258544922,37.75600051879883,0.12
han_river,1918,126.57235717773438,37.76498031616211,2026-07-16T16:42:30.571079,stranded,1,0,126.57217407226562,37.7745475769043,0.25
han_river,1919,126.6599349975586,37.749542236328125,2026-07-16T17:23:25.995844,stranded,1,0,126.65284729003906,37.754493713378906,0.25
han_river,1920,126.57154846191406,37.759334564208984,2026-07-16T17:24:20.664633,stranded,1,0,126.5433578491211,37.7993049621582,0.38
han_river,1921,126.65851593017578,37.75655746459961,2026-07-16T17:45:58.539489,stranded,1,0,126.65248107910156,37.760929107666016,0.25
han_river,1922,126.58908081054688,37.76934814453125,2026-07-16T17:54:19.997981,stranded,1,0,126.58969116210938,37.77274703979492,0.25
han_river,1923,126.60608673095703,37.77011489868164,2026-07-16T18:15:54.965756,stranded,1,0,126.6017074584961,37.779991149902344,0.25
han_river,1924,126.61005401611328,37.75999450683594,2026-07-16T18:22:43.657962,stranded,1,0,126.59809112548828,37.775840759277344,0.25
han_river,1925,126.58512878417969,37.77281951904297,2026-07-16T18:29:58.655312,stranded,1,1,126.58512878417969,37.77281951904297,0.12
han_river,1926,126.56046295166016,37.78430938720703,2026-07-16T18:36:38.822826,stranded,1,0,126.55744171142578,37.79113006591797,0.25
han_river,1927,126.55687713623047,37.791099548339844,2026-07-16T18:38:28.498572,stranded,1,1,126.55687713623047,37.791099548339844,0.12
han_river,1928,126.64234161376953,37.79371643066406,2026-07-16T20:39:09.716102,stranded,1,1,126.64234161376953,37.79371643066406,0.12
han_river,1929,126.65723419189453,37.79059600830078,2026-07-16T21:14:00.785665,stranded,1,0,126.65293884277344,37.79059600830078,0.25
han_river,1930,126.5688247680664,37.75309753417969,2026-07-17T01:08:14.205657,stranded,1,1,126.5688247680664,37.75309753417969,0.12
han_river,1931,126.65960693359375,37.746063232421875,2026-07-17T02:09:04.801198,stranded,1,0,126.65960693359375,37.744537353515625,0.25
han_river,1932,126.61267852783203,37.75539779663086,2026-07-17T02:32:50.582287,stranded,1,1,126.61267852783203,37.75539779663086,0.12
han_river,1933,126.63845825195312,37.783836364746094,2026-07-17T02:39:43.372393,stranded,1,0,126.63822174072266,37.774803161621094,0.25
han_river,1934,126.60834503173828,37.777130126953125,2026-07-17T02:48:08.787701,stranded,1,0,126.61906433105469,37.75876998901367,0.25
han_river,1935,126.5632095336914,37.76313781738281,2026-07-17T04:10:11.173528,stranded,1,1,126.5632095336914,37.76313781738281,0.12
han_river,1936,126.62935638427734,37.7851448059082,2026-07-17T05:24:55.824904,stranded,1,0,126.627685546875,37.79337692260742,0.25
han_river,1937,126.6575698852539,37.771854400634766,2026-07-17T05:45:54.958979,stranded,1,0,126.65348815917969,37.79100799560547,0.25
han_river,1938,126.63005828857422,37.7930793762207,2026-07-17T06:58:56.295860,stranded,1,1,126.63005828857422,37.7930793762207,0.12
han_river,1939,126.57373046875,37.772125244140625,2026-07-17T07:10:20.117132,stranded,1,1,126.57373046875,37.772125244140625,0.12
han_river,1940,126.6212158203125,37.794708251953125,2026-07-17T07:14:33.339874,stranded,1,1,126.6212158203125,37.794708251953125,0.12
han_river,1941,126.55941009521484,37.78889465332031,2026-07-17T07:17:44.184328,stranded,1,1,126.55941009521484,37.78889465332031,0.12
han_river,1942,126.62370300292969,37.78603744506836,2026-07-17T08:31:58.902736,stranded,1,0,126.62028503417969,37.7938346862793,0.25
han_river,1943,126.62464904785156,37.78826141357422,2026-07-17T08:44:25.257654,stranded,1,0,126.61970520019531,37.793460845947266,0.25
han_river,1944,126.60468292236328,37.76523971557617,2026-07-17T09:15:03.275194,stranded,1,0,126.5969467163086,37.7755126953125,0.25
han_river,1945,126.5700454711914,37.75999450683594,2026-07-17T09:16:28.897822,stranded,1,0,126.52106475830078,37.766387939453125,0.5
han_river,1946,126.56349182128906,37.78879928588867,2026-07-17T10:17:06.425676,stranded,1,1,126.56349182128906,37.78879928588867,0.12
han_river,1947,126.61634826660156,37.77592468261719,2026-07-17T10:29:57.540279,stranded,1,0,126.60160827636719,37.755130767822266,0.25
han_river,1948,126.61885070800781,37.77114486694336,2026-07-17T11:31:05.525027,stranded,1,0,126.60102081298828,37.75459289550781,0.25
han_river,1949,126.61764526367188,37.790645599365234,2026-07-17T11:32:33.431911,stranded,1,0,126.61383056640625,37.78886032104492,0.25
han_river,1950,126.5729751586914,37.75432205200195,2026-07-17T12:26:15.650636,stranded,1,1,126.5729751586914,37.75432205200195,0.12
han_river,1951,126.60289001464844,37.75562286376953,2026-07-17T12:37:08.636683,stranded,1,1,126.60289001464844,37.75562286376953,0.12
han_river,1952,126.56934356689453,37.75502395629883,2026-07-17T12:42:42.678847,stranded,1,1,126.56934356689453,37.75502395629883,0.12
han_river,1953,126.60368347167969,37.753936767578125,2026-07-17T12:43:28.213578,stranded,1,1,126.60368347167969,37.753936767578125,0.12
han_river,1954,126.60527801513672,37.7646484375,2026-07-17T13:40:00.971324,stranded,1,0,126.6002197265625,37.7540168762207,0.25
han_river,1955,126.58744049072266,37.7557373046875,2026-07-17T13:43:40.700733,stranded,1,1,126.58744049072266,37.7557373046875,0.12
han_river,1956,126.56998443603516,37.7546272277832,2026-07-17T13:48:04.345895,stranded,1,1,126.56998443603516,37.7546272277832,0.12
han_river,1957,126.62422180175781,37.779937744140625,2026-07-17T14:15:41.626421,stranded,1,0,126.62266540527344,37.793853759765625,0.38
han_river,1958,126.57463836669922,37.756996154785156,2026-07-17T14:26:59.437187,stranded,1,0,126.57498931884766,37.754268646240234,0.25
han_river,1959,126.56039428710938,37.77743148803711,2026-07-17T15:01:33.057751,stranded,1,0,126.56088256835938,37.7667350769043,0.25
han_river,1960,126.61289978027344,37.76253128051758,2026-07-17T17:15:25.372435,stranded,1,0,126.61688995361328,37.79167175292969,0.25
han_river,1961,126.62879943847656,37.79254150390625,2026-07-17T17:23:43.506017,stranded,1,1,126.62879943847656,37.79254150390625,0.12
han_river,1962,126.56928253173828,37.78152847290039,2026-07-17T18:32:51.482573,stranded,1,1,126.56928253173828,37.78152847290039,0.12
han_river,1963,126.58560943603516,37.77261734008789,2026-07-17T18:48:25.501204,stranded,1,1,126.58560943603516,37.77261734008789,0.12
han_river,1964,126.56033325195312,37.78988265991211,2026-07-17T18:51:55.143151,stranded,1,1,126.56033325195312,37.78988265991211,0.12
han_river,1965,126.64176177978516,37.7947998046875,2026-07-17T19:44:33.108664,stranded,1,1,126.64176177978516,37.7947998046875,0.12
han_river,1966,126.5487289428711,37.79601287841797,2026-07-17T19:47:10.988047,stranded,1,1,126.5487289428711,37.79601287841797,0.12
han_river,1967,126.59317016601562,37.7724609375,2026-07-17T19:55:32.690485,stranded,1,1,126.59317016601562,37.7724609375,0.12
han_river,1968,126.56394958496094,37.78007507324219,2026-07-17T20:01:12.856438,stranded,1,0,126.55298614501953,37.793479919433594,0.25
han_river,1969,126.5965576171875,37.77474594116211,2026-07-17T20:02:17.387210,stranded,1,1,126.5965576171875,37.77474594116211,0.12
han_river,1970,126.65555572509766,37.81391143798828,2026-07-17T20:20:42.257278,stranded,1,1,126.65555572509766,37.81391143798828,0.12
han_river,1971,126.62760162353516,37.79330062866211,2026-07-17T21:25:37.784046,stranded,1,1,126.62760162353516,37.79330062866211,0.12
han_river,1972,126.6044921875,37.78131866455078,2026-07-17T22:14:06.889637,stranded,1,1,126.6044921875,37.78131866455078,0.12
han_river,1973,126.53231048583984,37.80039596557617,2026-07-17T22:14:33.988457,stranded,1,0,126.47694396972656,37.79692840576172,0.38
han_river,1974,126.59368133544922,37.772239685058594,2026-07-17T22:34:38.209914,stranded,1,1,126.59368133544922,37.772239685058594,0.12
han_river,1975,126.602783203125,37.779335021972656,2026-07-17T23:15:02.377448,stranded,1,1,126.602783203125,37.779335021972656,0.12
han_river,1976,126.61212158203125,37.77431106567383,2026-07-18T00:00:46.811406,stranded,1,0,126.60050201416016,37.77836608886719,0.25
han_river,1977,126.5206298828125,37.77867889404297,2026-07-18T00:34:58.631838,stranded,1,0,126.51050567626953,37.77766036987305,0.25
han_river,1978,126.57649993896484,37.773345947265625,2026-07-18T01:00:56.665376,stranded,1,1,126.57649993896484,37.773345947265625,0.12
han_river,1979,126.56414794921875,37.759334564208984,2026-07-18T01:30:55.581662,stranded,1,1,126.56414794921875,37.759334564208984,0.12
han_river,1980,126.59769439697266,37.77579879760742,2026-07-18T01:35:42.173667,stranded,1,1,126.59769439697266,37.77579879760742,0.12
han_river,1981,126.6142349243164,37.78950500488281,2026-07-18T03:03:12.240911,stranded,1,1,126.6142349243164,37.78950500488281,0.12
han_river,1982,126.60088348388672,37.75602722167969,2026-07-18T03:24:33.712883,stranded,1,1,126.60088348388672,37.75602722167969,0.12
han_river,1983,126.60100555419922,37.755496978759766,2026-07-18T03:26:00.524210,stranded,1,1,126.60100555419922,37.755496978759766,0.12
han_river,1984,126.6031494140625,37.75482177734375,2026-07-18T03:31:46.517476,stranded,1,1,126.6031494140625,37.75482177734375,0.12
han_river,1985,126.58444213867188,37.7550048828125,2026-07-18T04:06:39.624616,stranded,1,1,126.58444213867188,37.7550048828125,0.12
han_river,1986,126.58406829833984,37.75341796875,2026-07-18T04:45:09.263620,stranded,1,1,126.58406829833984,37.75341796875,0.12
han_river,1987,126.6065444946289,37.769649505615234,2026-07-18T04:54:57.642827,stranded,1,0,126.5958251953125,37.773929595947266,0.25
han_river,1988,126.54928588867188,37.772613525390625,2026-07-18T05:00:13.769431,stranded,1,0,126.54441833496094,37.77184295654297,0.25
han_river,1989,126.62779235839844,37.77729415893555,2026-07-18T05:04:25.543229,stranded,1,0,126.6302261352539,37.793235778808594,0.25
han_river,1990,126.6533203125,37.758358001708984,2026-07-18T05:39:45.161364,stranded,1,1,126.6533203125,37.758358001708984,0.12
han_river,1991,126.5547866821289,37.79299545288086,2026-07-18T07:46:15.118388,stranded,1,1,126.5547866821289,37.79299545288086,0.12
han_river,1992,126.63504028320312,37.79248046875,2026-07-18T08:06:32.505237,stranded,1,1,126.63504028320312,37.79248046875,0.12
han_river,1993,126.58238220214844,37.77210235595703,2026-07-18T08:56:12.280269,stranded,1,1,126.58238220214844,37.77210235595703,0.12
han_river,1994,126.58274841308594,37.772308349609375,2026-07-18T09:28:14.399494,stranded,1,1,126.58274841308594,37.772308349609375,0.12
han_river,1995,126.54832458496094,37.796382904052734,2026-07-18T11:15:20.805527,stranded,1,1,126.54832458496094,37.796382904052734,0.12
han_river,1996,126.65902709960938,37.743343353271484,2026-07-18T12:24:39.098539,stranded,1,1,126.65902709960938,37.743343353271484,0.12
han_river,1997,126.61812591552734,37.75877380371094,2026-07-18T13:41:26.164358,stranded,1,1,126.61812591552734,37.75877380371094,0.12
han_river,1998,126.56993865966797,37.77539825439453,2026-07-18T14:12:52.774366,stranded,1,0,126.58387756347656,37.75349807739258,0.25
han_river,1999,126.59130096435547,37.76399230957031,2026-07-18T14:32:20.866858,stranded,1,0,126.59136199951172,37.756629943847656,0.25
han_river,2000,126.65664672851562,37.74770736694336,2026-07-18T14:33:20.380541,stranded,1,1,126.65664672851562,37.74770736694336,0.12
han_river,2001,126.56004333496094,37.779991149902344,2026-07-18T15:19:46.235969,stranded,1,0,126.57050323486328,37.754329681396484,0.25
han_river,2002,126.66799926757812,37.77509689331055,2026-07-18T15:52:21.417406,stranded,1,0,126.67461395263672,37.77611541748047,0.25
han_river,2003,126.59918975830078,37.755126953125,2026-07-18T16:24:41.479026,stranded,1,1,126.59918975830078,37.755126953125,0.12
han_river,2004,126.57051849365234,37.775291442871094,2026-07-18T17:58:23.454843,stranded,1,0,126.57254791259766,37.774356842041016,0.25
han_river,2005,126.61192321777344,37.78871154785156,2026-07-18T19:14:07.206925,stranded,1,1,126.61192321777344,37.78871154785156,0.12
han_river,2006,126.65428161621094,37.81203842163086,2026-07-18T19:18:37.448957,stranded,1,1,126.65428161621094,37.81203842163086,0.12
han_river,2007,126.59841918945312,37.775882720947266,2026-07-18T20:29:07.352043,stranded,1,1,126.59841918945312,37.775882720947266,0.12
han_river,2008,126.60658264160156,37.78480529785156,2026-07-18T20:37:51.742781,stranded,1,1,126.60658264160156,37.78480529785156,0.12
han_river,2009,126.59004974365234,37.77151107788086,2026-07-18T21:00:33.455070,stranded,1,1,126.59004974365234,37.77151107788086,0.12
han_river,2010,126.57978057861328,37.77212142944336,2026-07-18T22:41:58.690640,stranded,1,1,126.57978057861328,37.77212142944336,0.12
han_river,2011,126.56011199951172,37.78171920776367,2026-07-18T22:57:45.692954,stranded,1,0,126.57681274414062,37.75399398803711,0.38
han_river,2012,126.61027526855469,37.7767448425293,2026-07-18T23:58:39.736038,stranded,1,0,126.6026840209961,37.77947998046875,0.25
han_river,2013,126.60694122314453,37.781822204589844,2026-07-19T00:02:25.084108,stranded,1,0,126.60417938232422,37.781822204589844,0.25
han_river,2014,126.58004760742188,37.77153778076172,2026-07-19T00:03:58.650094,stranded,1,1,126.58004760742188,37.77153778076172,0.12
han_river,2015,126.62960052490234,37.76926803588867,2026-07-19T01:07:19.064535,stranded,1,1,126.62960052490234,37.76926803588867,0.12
han_river,2016,126.66342163085938,37.74262237548828,2026-07-19T01:22:35.027229,stranded,1,0,126.66695404052734,37.73401641845703,0.25
han_river,2017,126.63825988769531,37.77466583251953,2026-07-19T01:43:53.767169,stranded,1,1,126.63825988769531,37.77466583251953,0.12
han_river,2018,126.58161163330078,37.75593566894531,2026-07-19T01:57:24.273743,stranded,1,0,126.58161163330078,37.75419998168945,0.25
han_river,2019,126.6507797241211,37.77238845825195,2026-07-19T02:21:04.431172,stranded,1,1,126.6507797241211,37.77238845825195,0.12
han_river,2020,126.61017608642578,37.75226593017578,2026-07-19T04:00:51.372908,stranded,1,1,126.61017608642578,37.75226593017578,0.12
han_river,2021,126.65216827392578,37.790077209472656,2026-07-19T06:58:25.813868,stranded,1,1,126.65216827392578,37.790077209472656,0.12
han_river,2022,126.5628662109375,37.78189468383789,2026-07-19T08:05:12.225353,stranded,1,0,126.55477142333984,37.79365539550781,0.25
han_river,2023,126.65940856933594,37.751075744628906,2026-07-19T08:59:21.079440,stranded,1,0,126.64998626708984,37.76862335205078,0.25
han_river,2024,126.56967163085938,37.767784118652344,2026-07-19T09:17:02.937074,stranded,1,0,126.56434631347656,37.787723541259766,0.25
han_river,2025,126.62092590332031,37.79332733154297,2026-07-19T09:52:20.395430,stranded,1,1,126.62092590332031,37.79332733154297,0.12
han_river,2026,126.60966491699219,37.786800384521484,2026-07-19T10:18:39.999494,stranded,1,1,126.60966491699219,37.786800384521484,0.12
han_river,2027,126.63582611083984,37.79206848144531,2026-07-19T10:18:50.181247,stranded,1,1,126.63582611083984,37.79206848144531,0.12
han_river,2028,126.56552124023438,37.77705383300781,2026-07-19T10:36:54.995231,stranded,1,0,126.54859924316406,37.770931243896484,0.25
han_river,2029,126.61154174804688,37.774295806884766,2026-07-19T10:43:46.714927,stranded,1,0,126.59536743164062,37.75767517089844,0.38
han_river,2030,126.60726928710938,37.7743034362793,2026-07-19T11:43:26.715902,stranded,1,0,126.59117889404297,37.77163314819336,0.25
han_river,2031,126.56413269042969,37.76591110229492,2026-07-19T11:50:54.911373,stranded,1,0,126.56128692626953,37.76591110229492,0.25
han_river,2032,126.56004333496094,37.779991149902344,2026-07-19T12:15:12.719161,stranded,1,0,126.54985046386719,37.77046203613281,0.38
han_river,2033,126.59004974365234,37.76999282836914,2026-07-19T12:19:55.964525,stranded,1,0,126.59004974365234,37.77271270751953,0.25
han_river,2034,126.62368774414062,37.768585205078125,2026-07-19T12:37:38.243908,stranded,1,0,126.62042999267578,37.7597770690918,0.25
han_river,2035,126.5981216430664,37.76730728149414,2026-07-19T12:55:56.210485,stranded,1,0,126.59510040283203,37.75654983520508,0.25
han_river,2036,126.58170318603516,37.761966705322266,2026-07-19T12:57:31.764487,stranded,1,0,126.58226776123047,37.753543853759766,0.25
han_river,2037,126.60643768310547,37.784339904785156,2026-07-19T13:09:56.127496,stranded,1,1,126.60643768310547,37.784339904785156,0.12
han_river,2038,126.58708190917969,37.7603645324707,2026-07-19T13:57:25.133901,stranded,1,0,126.58740997314453,37.75345993041992,0.25
han_river,2039,126.58810424804688,37.75532531738281,2026-07-19T14:16:57.575646,stranded,1,1,126.58810424804688,37.75532531738281,0.12
han_river,2040,126.57913208007812,37.75380325317383,2026-07-19T14:21:14.619126,stranded,1,1,126.57913208007812,37.75380325317383,0.12
han_river,2041,126.59674072265625,37.76131057739258,2026-07-19T14:34:07.055378,stranded,1,0,126.59678649902344,37.75696563720703,0.25
han_river,2042,126.57542419433594,37.76444625854492,2026-07-19T14:47:03.039692,stranded,1,0,126.57071685791016,37.75506591796875,0.25
han_river,2043,126.62290954589844,37.7614860534668,2026-07-19T15:27:12.694800,stranded,1,1,126.62290954589844,37.7614860534668,0.12
han_river,2044,126.61248016357422,37.754112243652344,2026-07-19T15:37:42.519781,stranded,1,1,126.61248016357422,37.754112243652344,0.12
han_river,2045,126.56804656982422,37.755882263183594,2026-07-19T15:40:06.166504,stranded,1,1,126.56804656982422,37.755882263183594,0.12
han_river,2046,126.580810546875,37.75431823730469,2026-07-19T16:11:29.870989,stranded,1,1,126.580810546875,37.75431823730469,0.12
han_river,2047,126.61064910888672,37.75400924682617,2026-07-19T16:16:19.850999,stranded,1,1,126.61064910888672,37.75400924682617,0.12
han_river,2048,126.59230041503906,37.76048278808594,2026-07-19T17:25:50.955248,stranded,1,0,126.59230041503906,37.75756072998047,0.25
han_river,2049,126.6534423828125,37.7501220703125,2026-07-19T18:57:59.262699,stranded,1,1,126.6534423828125,37.7501220703125,0.12
han_river,2050,126.57177734375,37.7640380859375,2026-07-19T20:06:50.533677,stranded,1,0,126.56258392333984,37.789703369140625,0.25
han_river,2051,126.61392211914062,37.78626251220703,2026-07-19T20:17:33.835443,stranded,1,0,126.61083221435547,37.78782272338867,0.25
han_river,2052,126.64608764648438,37.786800384521484,2026-07-19T20:54:05.275834,stranded,1,0,126.646728515625,37.79315185546875,0.25
han_river,2053,126.65125274658203,37.806007385253906,2026-07-19T21:25:15.152930,stranded,1,1,126.65125274658203,37.806007385253906,0.12
han_river,2054,126.6014633178711,37.779319763183594,2026-07-19T21:46:41.525757,stranded,1,1,126.6014633178711,37.779319763183594,0.12
han_river,2055,126.59504699707031,37.77333450317383,2026-07-19T22:19:24.660088,stranded,1,1,126.59504699707031,37.77333450317383,0.12
han_river,2056,126.55262756347656,37.79218673706055,2026-07-19T22:48:43.571499,stranded,1,0,126.55262756347656,37.79380798339844,0.25
han_river,2057,126.61005401611328,37.779991149902344,2026-07-20T00:12:14.192663,stranded,1,0,126.60565948486328,37.78361511230469,0.25
han_river,2058,126.59441375732422,37.76197814941406,2026-07-20T01:04:39.128840,stranded,1,0,126.59139251708984,37.75533676147461,0.25
han_river,2059,126.58805084228516,37.764434814453125,2026-07-20T01:49:52.387199,stranded,1,0,126.59103393554688,37.756675720214844,0.25
han_river,2060,126.55450439453125,37.779842376708984,2026-07-20T01:53:38.173562,stranded,1,0,126.56831359863281,37.75461196899414,0.38
han_river,2061,126.60857391357422,37.7617073059082,2026-07-20T02:10:37.846862,stranded,1,0,126.6088638305664,37.752410888671875,0.25
han_river,2062,126.5783462524414,37.75905227661133,2026-07-20T03:31:26.817571,stranded,1,0,126.5811538696289,37.751895904541016,0.25
han_river,2063,126.6241683959961,37.77214431762695,2026-07-20T04:09:17.328902,stranded,1,0,126.62726593017578,37.76522445678711,0.25
han_river,2064,126.62738800048828,37.77482604980469,2026-07-20T04:28:21.838352,stranded,1,0,126.62826538085938,37.7682991027832,0.25
han_river,2065,126.6617202758789,37.778282165527344,2026-07-20T04:43:14.376741,stranded,1,0,126.6392822265625,37.79330062866211,0.38
han_river,2066,126.57775115966797,37.752681732177734,2026-07-20T05:35:11.191381,stranded,1,1,126.57775115966797,37.752681732177734,0.12
han_river,2067,126.62260437011719,37.78403091430664,2026-07-20T06:40:56.595751,stranded,1,0,126.61803436279297,37.79368209838867,0.25
han_river,2068,126.58344268798828,37.754554748535156,2026-07-20T07:09:51.123610,stranded,1,1,126.58344268798828,37.754554748535156,0.12
han_river,2069,126.60565185546875,37.777000427246094,2026-07-20T07:31:51.331137,stranded,1,0,126.60380554199219,37.782073974609375,0.25
han_river,2070,126.6309814453125,37.780181884765625,2026-07-20T08:10:46.996765,stranded,1,0,126.62010192871094,37.79538345336914,0.25
han_river,2071,126.60723114013672,37.7614631652832,2026-07-20T08:51:22.744780,stranded,1,0,126.59288024902344,37.772212982177734,0.25
han_river,2072,126.61005401611328,37.779991149902344,2026-07-20T09:10:34.079763,stranded,1,0,126.60779571533203,37.785831451416016,0.25
han_river,2073,126.66006469726562,37.749996185302734,2026-07-20T09:10:54.810369,stranded,1,0,126.65290832519531,37.75246810913086,0.25
han_river,2074,126.63924407958984,37.79279327392578,2026-07-20T09:25:14.265241,stranded,1,1,126.63924407958984,37.79279327392578,0.12
han_river,2075,126.59266662597656,37.77293395996094,2026-07-20T09:50:48.114987,stranded,1,1,126.59266662597656,37.77293395996094,0.12
han_river,2076,126.5501937866211,37.79523468017578,2026-07-20T10:03:40.382992,stranded,1,1,126.5501937866211,37.79523468017578,0.12
han_river,2077,126.58485412597656,37.77151107788086,2026-07-20T10:50:44.172604,stranded,1,1,126.58485412597656,37.77151107788086,0.12
han_river,2078,126.58004760742188,37.77128601074219,2026-07-20T11:07:41.099509,stranded,1,1,126.58004760742188,37.77128601074219,0.12
han_river,2079,126.6174545288086,37.77468490600586,2026-07-20T11:54:53.545065,stranded,1,0,126.6087417602539,37.786617279052734,0.25
han_river,2080,126.60200500488281,37.77890396118164,2026-07-20T12:28:58.862441,stranded,1,1,126.60200500488281,37.77890396118164,0.12
han_river,2081,126.5966567993164,37.77412033081055,2026-07-20T12:37:37.860292,stranded,1,1,126.5966567993164,37.77412033081055,0.12
han_river,2082,126.56000518798828,37.785823822021484,2026-07-20T12:41:06.485476,stranded,1,0,126.56427764892578,37.787174224853516,0.25
han_river,2083,126.65352630615234,37.75413131713867,2026-07-20T13:17:33.529655,stranded,1,1,126.65352630615234,37.75413131713867,0.12
han_river,2084,126.56678009033203,37.76754379272461,2026-07-20T13:53:37.190814,stranded,1,0,126.57479095458984,37.75360870361328,0.25
han_river,2085,126.61163330078125,37.765018463134766,2026-07-20T14:32:27.961628,stranded,1,0,126.62127685546875,37.76137924194336,0.25
han_river,2086,126.61005401611328,37.779991149902344,2026-07-20T15:13:26.145351,stranded,1,0,126.62772369384766,37.76556396484375,0.25
han_river,2087,126.59004974365234,37.76999282836914,2026-07-20T15:16:26.458451,stranded,1,0,126.59437561035156,37.75757598876953,0.25
han_river,2088,126.6790542602539,37.749786376953125,2026-07-20T15:56:09.577809,stranded,1,0,126.68631744384766,37.748565673828125,0.25
han_river,2089,126.60968017578125,37.76164245605469,2026-07-20T16:05:40.002808,stranded,1,0,126.61910247802734,37.759666442871094,0.25
han_river,2090,126.61331176757812,37.75887680053711,2026-07-20T16:53:16.586475,stranded,1,0,126.61629486083984,37.757076263427734,0.25
han_river,2091,126.58348083496094,37.76176834106445,2026-07-20T17:13:40.073919,stranded,1,0,126.589111328125,37.754608154296875,0.25
han_river,2092,126.56607055664062,37.773536682128906,2026-07-20T17:56:47.883667,stranded,1,0,126.58900451660156,37.77178192138672,0.38
han_river,2093,126.65763854980469,37.786720275878906,2026-07-20T18:28:28.870604,stranded,1,0,126.65107727050781,37.797889709472656,0.25
han_river,2094,126.56874084472656,37.775367736816406,2026-07-20T19:39:13.108175,stranded,1,0,126.57064819335938,37.77950668334961,0.25
han_river,2095,126.58197021484375,37.7534065246582,2026-07-20T19:51:43.419413,stranded,1,1,126.58197021484375,37.7534065246582,0.12
han_river,2096,126.63362121582031,37.78116989135742,2026-07-20T19:53:43.231894,stranded,1,0,126.63534545898438,37.79309844970703,0.25
han_river,2097,126.58267211914062,37.77019500732422,2026-07-20T20:25:24.645885,stranded,1,0,126.58435821533203,37.771270751953125,0.25
han_river,2098,126.66285705566406,37.761478424072266,2026-07-20T20:50:34.856931,stranded,1,0,126.6521224975586,37.809486389160156,0.38
han_river,2099,126.57122802734375,37.760398864746094,2026-07-20T21:07:12.224232,stranded,1,0,126.57583618164062,37.77467346191406,0.25
han_river,2100,126.54747009277344,37.796321868896484,2026-07-20T22:04:20.120721,stranded,1,1,126.54747009277344,37.796321868896484,0.12
han_river,2101,126.60462951660156,37.78391647338867,2026-07-20T22:38:01.169191,stranded,1,1,126.60462951660156,37.78391647338867,0.12
han_river,2102,126.66114807128906,37.75428771972656,2026-07-20T23:47:11.068439,stranded,1,0,126.6641845703125,37.73927688598633,0.38
han_river,2103,126.56507873535156,37.771610260009766,2026-07-21T01:28:53.942312,stranded,1,0,126.57392883300781,37.753360748291016,0.25
han_river,2104,126.55986022949219,37.78046417236328,2026-07-21T01:53:00.070564,stranded,1,0,126.57159423828125,37.75411605834961,0.38
han_river,2105,126.60598754882812,37.7776985168457,2026-07-21T02:11:51.764004,stranded,1,0,126.61869812011719,37.75905990600586,0.38
han_river,2106,126.61825561523438,37.787906646728516,2026-07-21T02:24:38.341996,stranded,1,0,126.63103485107422,37.79434585571289,0.62
han_river,2107,126.60376739501953,37.77412796020508,2026-07-21T03:08:57.803069,stranded,1,0,126.61359405517578,37.756141662597656,0.25
han_river,2108,126.5829849243164,37.75474548339844,2026-07-21T03:14:24.119794,stranded,1,0,126.582763671875,37.75389099121094,0.25
han_river,2109,126.62377166748047,37.76194763183594,2026-07-21T03:29:33.368113,stranded,1,1,126.62377166748047,37.76194763183594,0.12
han_river,2110,126.64415740966797,37.77597427368164,2026-07-21T03:50:20.566421,stranded,1,1,126.64415740966797,37.77597427368164,0.12
han_river,2111,126.62006378173828,37.76322555541992,2026-07-21T04:01:57.828765,stranded,1,0,126.62090301513672,37.761226654052734,0.25
han_river,2112,126.66163635253906,37.76362991333008,2026-07-21T04:19:37.117025,stranded,1,0,126.6766357421875,37.771854400634766,0.38
han_river,2113,126.63356018066406,37.77275466918945,2026-07-21T04:36:38.922316,stranded,1,1,126.63356018066406,37.77275466918945,0.12
han_river,2114,126.5700454711914,37.75429916381836,2026-07-21T05:10:41.317515,stranded,1,1,126.5700454711914,37.75429916381836,0.12
han_river,2115,126.65410614013672,37.767425537109375,2026-07-21T05:56:36.343107,stranded,1,0,126.65318298339844,37.79035949707031,0.5
han_river,2116,126.61685943603516,37.78157043457031,2026-07-21T07:57:24.019279,stranded,1,0,126.62899017333984,37.79221725463867,0.25
han_river,2117,126.61436462402344,37.75638961791992,2026-07-21T08:00:09.294740,stranded,1,1,126.61436462402344,37.75638961791992,0.12
han_river,2118,126.5823745727539,37.75391387939453,2026-07-21T08:11:48.948896,stranded,1,1,126.5823745727539,37.75391387939453,0.12
han_river,2119,126.6137466430664,37.78093719482422,2026-07-21T09:41:00.867546,stranded,1,0,126.61408233642578,37.78901290893555,0.25
han_river,2120,126.58109283447266,37.77326965332031,2026-07-21T09:58:50.931791,stranded,1,1,126.58109283447266,37.77326965332031,0.12
han_river,2121,126.6231918334961,37.793251037597656,2026-07-21T10:36:56.667559,stranded,1,1,126.6231918334961,37.793251037597656,0.12
han_river,2122,126.58882904052734,37.77137756347656,2026-07-21T10:42:19.851386,stranded,1,1,126.58882904052734,37.77137756347656,0.12
han_river,2123,126.6533432006836,37.80764389038086,2026-07-21T10:43:08.401421,stranded,1,0,126.65019989013672,37.80881881713867,0.25
han_river,2124,126.55829620361328,37.790870666503906,2026-07-21T10:56:20.589942,stranded,1,1,126.55829620361328,37.790870666503906,0.12
han_river,2125,126.60661315917969,37.77015686035156,2026-07-21T10:57:15.576203,stranded,1,0,126.59994506835938,37.77891540527344,0.25
han_river,2126,126.58004760742188,37.76999282836914,2026-07-21T12:14:10.284651,stranded,1,0,126.58004760742188,37.771644592285156,0.25
han_river,2127,126.59062957763672,37.76657485961914,2026-07-21T12:46:28.500724,stranded,1,0,126.59252166748047,37.75547409057617,0.25
han_river,2128,126.63955688476562,37.78177261352539,2026-07-21T13:29:02.630967,stranded,1,0,126.63648223876953,37.77471923828125,0.25
han_river,2129,126.60933685302734,37.786651611328125,2026-07-21T14:03:26.657831,stranded,1,1,126.60933685302734,37.786651611328125,0.12
han_river,2130,126.55305480957031,37.7833137512207,2026-07-21T14:27:20.071025,stranded,1,0,126.55863952636719,37.76727294921875,0.25
han_river,2131,126.63087463378906,37.77610397338867,2026-07-21T16:24:29.246570,stranded,1,0,126.63334655761719,37.77374267578125,0.25
han_river,2132,126.60684967041016,37.75286102294922,2026-07-21T17:22:05.951591,stranded,1,1,126.60684967041016,37.75286102294922,0.12
han_river,2133,126.57051849365234,37.755027770996094,2026-07-21T17:48:21.531875,stranded,1,1,126.57051849365234,37.755027770996094,0.12
han_river,2134,126.61005401611328,37.779991149902344,2026-07-21T18:11:17.354282,stranded,1,0,126.6016845703125,37.77885055541992,0.38
han_river,2135,126.60455322265625,37.7630500793457,2026-07-21T18:22:03.059001,stranded,1,0,126.6134033203125,37.75434875488281,0.25
han_river,2136,126.61680603027344,37.79087829589844,2026-07-21T20:47:51.456359,stranded,1,0,126.61553192138672,37.79148864746094,0.25
han_river,2137,126.60600280761719,37.78426742553711,2026-07-21T22:03:49.819855,stranded,1,1,126.60600280761719,37.78426742553711,0.12
han_river,2138,126.60762786865234,37.78251266479492,2026-07-21T22:26:31.346431,stranded,1,0,126.60489654541016,37.78251266479492,0.25
han_river,2139,126.61248779296875,37.777835845947266,2026-07-21T23:04:05.751032,stranded,1,0,126.60528564453125,37.78333282470703,0.25
han_river,2140,126.65211486816406,37.76621627807617,2026-07-21T23:12:56.074734,stranded,1,1,126.65211486816406,37.76621627807617,0.12
han_river,2141,126.61141204833984,37.78276062011719,2026-07-21T23:20:48.211402,stranded,1,0,126.6063003540039,37.784828186035156,0.25
han_river,2142,126.5997543334961,37.776309967041016,2026-07-21T23:39:35.593257,stranded,1,0,126.59831237792969,37.77640151977539,0.25
han_river,2143,126.6239013671875,37.78749465942383,2026-07-21T23:53:36.429120,stranded,1,0,126.62248992919922,37.79356384277344,0.25
han_river,2144,126.65078735351562,37.790489196777344,2026-07-22T02:44:36.985934,stranded,1,1,126.65078735351562,37.790489196777344,0.12
han_river,2145,126.57678985595703,37.75696563720703,2026-07-22T04:07:58.260691,stranded,1,0,126.57838439941406,37.75286102294922,0.25
han_river,2146,126.58113861083984,37.76113510131836,2026-07-22T04:31:31.115132,stranded,1,0,126.59184265136719,37.756004333496094,0.25
han_river,2147,126.6672592163086,37.763885498046875,2026-07-22T04:49:45.787541,stranded,1,0,126.6876220703125,37.75600051879883,0.25
han_river,2148,126.61918640136719,37.75894546508789,2026-07-22T06:50:59.830606,stranded,1,1,126.61918640136719,37.75894546508789,0.12
han_river,2149,126.58670043945312,37.76137924194336,2026-07-22T06:51:15.818751,stranded,1,0,126.59085845947266,37.77341079711914,0.25
han_river,2150,126.6381607055664,37.77486801147461,2026-07-22T07:06:53.819457,stranded,1,1,126.6381607055664,37.77486801147461,0.12
han_river,2151,126.57887268066406,37.754486083984375,2026-07-22T07:23:10.908411,stranded,1,1,126.57887268066406,37.754486083984375,0.12
han_river,2152,126.5723876953125,37.77532196044922,2026-07-22T07:56:53.368424,stranded,1,1,126.5723876953125,37.77532196044922,0.12
han_river,2153,126.60145568847656,37.767364501953125,2026-07-22T08:41:42.311565,stranded,1,0,126.60750579833984,37.78646469116211,0.38
han_river,2154,126.61466979980469,37.759273529052734,2026-07-22T08:49:50.732923,stranded,1,0,126.62028503417969,37.76020812988281,0.25
han_river,2155,126.64222717285156,37.78800582885742,2026-07-22T09:03:02.317690,stranded,1,0,126.6421127319336,37.792884826660156,0.25
han_river,2156,126.65006256103516,37.779991149902344,2026-07-22T09:17:05.932635,stranded,1,0,126.64787292480469,37.791893005371094,0.38
han_river,2157,126.60231018066406,37.77201843261719,2026-07-22T09:47:35.482706,stranded,1,0,126.60250854492188,37.77914047241211,0.25
han_river,2158,126.65748596191406,37.788665771484375,2026-07-22T10:20:27.249179,stranded,1,0,126.65265655517578,37.810096740722656,0.25
han_river,2159,126.5674057006836,37.771263122558594,2026-07-22T11:02:44.803956,stranded,1,0,126.55912780761719,37.79079055786133,0.25
han_river,2160,126.62722778320312,37.77593994140625,2026-07-22T11:40:26.752035,stranded,1,0,126.61351013183594,37.78921127319336,0.25
han_river,2161,126.58164978027344,37.764869689941406,2026-07-22T11:47:05.577519,stranded,1,0,126.5766372680664,37.7732048034668,0.25
han_river,2162,126.6074447631836,37.763275146484375,2026-07-22T12:08:14.085893,stranded,1,0,126.59295654296875,37.7720832824707,0.25
han_river,2163,126.62005615234375,37.78998947143555,2026-07-22T12:16:47.508025,stranded,1,0,126.62005615234375,37.79359817504883,0.25
han_river,2164,126.55084228515625,37.795501708984375,2026-07-22T12:40:54.537008,stranded,1,1,126.55084228515625,37.795501708984375,0.12
han_river,2165,126.56212615966797,37.7899055480957,2026-07-22T12:56:41.926603,stranded,1,1,126.56212615966797,37.7899055480957,0.12
han_river,2166,126.58596801757812,37.771610260009766,2026-07-22T13:29:55.635220,stranded,1,1,126.58596801757812,37.771610260009766,0.12
han_river,2167,126.5586166381836,37.77568817138672,2026-07-22T13:42:35.768483,stranded,1,0,126.55656433105469,37.791221618652344,0.25
han_river,2168,126.61500549316406,37.774662017822266,2026-07-22T13:51:52.132920,stranded,1,0,126.62914276123047,37.76687240600586,0.38
han_river,2169,126.60185241699219,37.762149810791016,2026-07-22T14:52:01.808423,stranded,1,0,126.61124420166016,37.75368881225586,0.38
han_river,2170,126.60980224609375,37.7598762512207,2026-07-22T15:38:42.705782,stranded,1,0,126.61909484863281,37.759822845458984,0.25
han_river,2171,126.6181640625,37.75837326049805,2026-07-22T16:59:12.864247,stranded,1,1,126.6181640625,37.75837326049805,0.12
han_river,2172,126.5725326538086,37.77204895019531,2026-07-22T17:29:29.854823,stranded,1,0,126.6042709350586,37.754268646240234,0.38
han_river,2173,126.61402130126953,37.754859924316406,2026-07-22T19:43:32.460038,stranded,1,1,126.61402130126953,37.754859924316406,0.12
han_river,2174,126.6380615234375,37.7901725769043,2026-07-22T20:18:35.435680,stranded,1,0,126.64442443847656,37.79328918457031,0.25
han_river,2175,126.66394805908203,37.74747848510742,2026-07-22T20:24:46.875827,stranded,1,0,126.68750762939453,37.756561279296875,0.62
han_river,2176,126.65338897705078,37.759727478027344,2026-07-22T21:43:34.084954,stranded,1,1,126.65338897705078,37.759727478027344,0.12
han_river,2177,126.60120391845703,37.77183151245117,2026-07-22T22:04:51.462185,stranded,1,0,126.60449981689453,37.78072738647461,0.25
han_river,2178,126.61006164550781,37.7667350769043,2026-07-22T22:47:18.389685,stranded,1,0,126.62969970703125,37.77140426635742,0.5
han_river,2179,126.65532684326172,37.78602600097656,2026-07-22T23:02:20.587882,stranded,1,0,126.67835998535156,37.78754806518555,0.38
han_river,2180,126.5489730834961,37.793426513671875,2026-07-22T23:22:41.905908,stranded,1,0,126.54849243164062,37.79553985595703,0.25
han_river,2181,126.65752410888672,37.76288986206055,2026-07-22T23:49:58.688900,stranded,1,0,126.68646240234375,37.754276275634766,0.5
han_river,2182,126.60770416259766,37.760860443115234,2026-07-23T00:01:29.232542,stranded,1,0,126.62429809570312,37.763824462890625,0.5
han_river,2183,126.66038513183594,37.76385498046875,2026-07-23T00:01:36.234794,stranded,1,0,126.6771240234375,37.773033142089844,0.38
han_river,2184,126.57652282714844,37.772674560546875,2026-07-23T01:19:05.177650,stranded,1,1,126.57652282714844,37.772674560546875,0.12
han_river,2185,126.66063690185547,37.79203414916992,2026-07-23T02:19:52.613828,stranded,1,0,126.6764907836914,37.77912902832031,0.25
han_river,2186,126.62846374511719,37.7698974609375,2026-07-23T02:23:26.361184,stranded,1,0,126.62979125976562,37.769527435302734,0.25
han_river,2187,126.62403106689453,37.7765007019043,2026-07-23T02:42:45.790015,stranded,1,0,126.63568878173828,37.77498245239258,0.25
han_river,2188,126.57524871826172,37.75946807861328,2026-07-23T02:44:57.046096,stranded,1,0,126.58924865722656,37.755348205566406,0.25
han_river,2189,126.61422729492188,37.756805419921875,2026-07-23T03:50:27.103178,stranded,1,1,126.61422729492188,37.756805419921875,0.12
han_river,2190,126.62873077392578,37.769405364990234,2026-07-23T03:59:46.195917,stranded,1,1,126.62873077392578,37.769405364990234,0.12
han_river,2191,126.61367797851562,37.76380157470703,2026-07-23T04:00:02.069110,stranded,1,0,126.61847686767578,37.75943374633789,0.25
han_river,2192,126.65381622314453,37.771732330322266,2026-07-23T04:00:57.458778,stranded,1,0,126.67987060546875,37.77119445800781,0.5
han_river,2193,126.6172866821289,37.757999420166016,2026-07-23T04:10:02.805355,stranded,1,1,126.6172866821289,37.757999420166016,0.12
han_river,2194,126.58014678955078,37.75886535644531,2026-07-23T04:26:27.188562,stranded,1,0,126.58711242675781,37.75440979003906,0.25
han_river,2195,126.66770935058594,37.74943161010742,2026-07-23T04:34:44.189364,stranded,1,0,126.68738555908203,37.73648452758789,0.25
han_river,2196,126.59800720214844,37.764793395996094,2026-07-23T05:44:37.374942,stranded,1,0,126.61294555664062,37.75571823120117,0.25
han_river,2197,126.56295013427734,37.77254867553711,2026-07-23T05:48:57.567659,stranded,1,0,126.58482360839844,37.754276275634766,0.25
han_river,2198,126.6242904663086,37.78970718383789,2026-07-23T06:09:50.095545,stranded,1,0,126.6456298828125,37.7740478515625,0.25
han_river,2199,126.67302703857422,37.736202239990234,2026-07-23T06:40:48.680117,stranded,1,0,126.68563079833984,37.74702835083008,0.38
han_river,2200,126.60211181640625,37.75892639160156,2026-07-23T06:55:09.455459,stranded,1,0,126.61056518554688,37.75387191772461,0.25
han_river,2201,126.61856079101562,37.7592887878418,2026-07-23T06:57:40.589895,stranded,1,1,126.61856079101562,37.7592887878418,0.12
han_river,2202,126.6655044555664,37.756324768066406,2026-07-23T08:16:08.050110,stranded,1,0,126.67391967773438,37.77717971801758,0.5
han_river,2203,126.60834503173828,37.769309997558594,2026-07-23T08:32:50.268450,stranded,1,0,126.6178207397461,37.75889205932617,0.25
han_river,2204,126.6132583618164,37.77581787109375,2026-07-23T08:53:10.925852,stranded,1,0,126.6303482055664,37.76942825317383,0.25
han_river,2205,126.61078643798828,37.75887680053711,2026-07-23T09:03:33.407737,stranded,1,0,126.61256408691406,37.755252838134766,0.25
han_river,2206,126.63005828857422,37.78998947143555,2026-07-23T09:13:26.282136,stranded,1,0,126.6451187133789,37.793617248535156,0.38
han_river,2207,126.62432098388672,37.772220611572266,2026-07-23T09:22:34.258953,stranded,1,0,126.6302719116211,37.76873779296875,0.25
han_river,2208,126.56689453125,37.78342819213867,2026-07-23T09:54:15.545653,stranded,1,1,126.56689453125,37.78342819213867,0.12
han_river,2209,126.65638732910156,37.762298583984375,2026-07-23T11:11:44.523391,stranded,1,0,126.68920135498047,37.762203216552734,0.5
han_river,2210,126.61329650878906,37.76097869873047,2026-07-23T11:27:20.442571,stranded,1,0,126.62866973876953,37.768009185791016,0.62
han_river,2211,126.61669921875,37.76884078979492,2026-07-23T11:35:50.110033,stranded,1,0,126.63058471679688,37.77151107788086,0.5
han_river,2212,126.6115951538086,37.763065338134766,2026-07-23T11:43:15.850043,stranded,1,0,126.63705444335938,37.774776458740234,0.62
han_river,2213,126.57500457763672,37.769344329833984,2026-07-23T11:58:38.614116,stranded,1,0,126.57744598388672,37.773860931396484,0.25
han_river,2214,126.65758514404297,37.77605056762695,2026-07-23T13:59:27.609293,stranded,1,0,126.68619537353516,37.74687957763672,0.5
han_river,2215,126.64141082763672,37.77531814575195,2026-07-23T15:31:10.357056,stranded,1,1,126.64141082763672,37.77531814575195,0.12
han_river,2216,126.63278198242188,37.77289581298828,2026-07-23T15:37:04.811400,stranded,1,1,126.63278198242188,37.77289581298828,0.12
han_river,2217,126.58704376220703,37.77268981933594,2026-07-23T15:53:41.760465,stranded,1,1,126.58704376220703,37.77268981933594,0.12
han_river,2218,126.58116149902344,37.772884368896484,2026-07-23T16:16:17.791188,stranded,1,1,126.58116149902344,37.772884368896484,0.12
han_river,2219,126.56427764892578,37.78139877319336,2026-07-23T16:55:54.362084,stranded,1,0,126.59505462646484,37.757511138916016,0.38
han_river,2220,126.61741638183594,37.77705383300781,2026-07-23T17:30:57.645685,stranded,1,0,126.62833404541016,37.76628875732422,0.25
han_river,2221,126.57219696044922,37.776023864746094,2026-07-23T19:02:21.186614,stranded,1,1,126.57219696044922,37.776023864746094,0.12
han_river,2222,126.63040161132812,37.78193283081055,2026-07-23T19:05:12.085098,stranded,1,0,126.6476058959961,37.79261016845703,0.38
han_river,2223,126.67282104492188,37.74150848388672,2026-07-23T19:15:42.882119,stranded,1,0,126.68798065185547,37.74216842651367,0.25
han_river,2224,126.62576293945312,37.766353607177734,2026-07-23T19:48:31.486857,stranded,1,0,126.62841033935547,37.76602554321289,0.25
han_river,2225,126.5975570678711,37.7566032409668,2026-07-23T19:51:10.045414,stranded,1,1,126.5975570678711,37.7566032409668,0.12
han_river,2226,126.5668716430664,37.771812438964844,2026-07-23T20:00:26.669781,stranded,1,0,126.56874084472656,37.78208923339844,0.5
han_river,2227,126.59761810302734,37.7564697265625,2026-07-23T20:17:18.401855,stranded,1,1,126.59761810302734,37.7564697265625,0.12
han_river,2228,126.5897445678711,37.764827728271484,2026-07-23T20:36:58.478308,stranded,1,0,126.60272979736328,37.753562927246094,0.25
han_river,2229,126.61756896972656,37.758052825927734,2026-07-23T22:03:22.551112,stranded,1,1,126.61756896972656,37.758052825927734,0.12
han_river,2230,126.60076904296875,37.75940704345703,2026-07-23T22:19:34.357450,stranded,1,0,126.60087585449219,37.777137756347656,0.38
han_river,2231,126.60546875,37.76527786254883,2026-07-23T22:37:20.703292,stranded,1,0,126.61051940917969,37.789215087890625,0.38
han_river,2232,126.60307312011719,37.769287109375,2026-07-23T23:37:33.502717,stranded,1,0,126.5969009399414,37.775142669677734,0.25
han_river,2233,126.60005187988281,37.76999282836914,2026-07-24T00:11:44.421149,stranded,1,0,126.5963134765625,37.77399826049805,0.25
han_river,2234,126.60028076171875,37.77757263183594,2026-07-24T00:51:10.266964,stranded,1,1,126.60028076171875,37.77757263183594,0.12
han_river,2235,126.58951568603516,37.76746368408203,2026-07-24T01:48:06.762821,stranded,1,0,126.58636474609375,37.77191925048828,0.25
han_river,2236,126.64006042480469,37.79258728027344,2026-07-24T02:41:38.686738,stranded,1,1,126.64006042480469,37.79258728027344,0.12
han_river,2237,126.61027526855469,37.78152084350586,2026-07-24T02:56:26.537075,stranded,1,0,126.6396484375,37.77558135986328,0.5
han_river,2238,126.55609130859375,37.79149627685547,2026-07-24T03:41:54.240947,stranded,1,1,126.55609130859375,37.79149627685547,0.12
han_river,2239,126.59793090820312,37.7667350769043,2026-07-24T04:25:33.354574,stranded,1,0,126.61714172363281,37.7578010559082,0.25
han_river,2240,126.57817077636719,37.77137756347656,2026-07-24T04:38:47.379761,stranded,1,1,126.57817077636719,37.77137756347656,0.12
han_river,2241,126.61430358886719,37.7653923034668,2026-07-24T04:52:21.198122,stranded,1,0,126.62264251708984,37.76140594482422,0.25
han_river,2242,126.64006042480469,37.779991149902344,2026-07-24T06:09:23.562285,stranded,1,0,126.64730072021484,37.77460479736328,0.25
han_river,2243,126.67842102050781,37.74681091308594,2026-07-24T06:59:19.811257,stranded,1,0,126.68646240234375,37.7492561340332,0.25
han_river,2244,126.57569122314453,37.753517150878906,2026-07-24T07:31:17.149838,stranded,1,1,126.57569122314453,37.753517150878906,0.12
han_river,2245,126.62178039550781,37.77467727661133,2026-07-24T08:10:47.504354,stranded,1,0,126.62911987304688,37.76919174194336,0.25
han_river,2246,126.61863708496094,37.77756881713867,2026-07-24T08:24:08.095907,stranded,1,0,126.63174438476562,37.771995544433594,0.25
han_river,2247,126.61930847167969,37.772010803222656,2026-07-24T09:57:30.448662,stranded,1,0,126.63450622558594,37.79325866699219,0.5
han_river,2248,126.61428833007812,37.77360916137695,2026-07-24T10:35:48.618475,stranded,1,0,126.61802673339844,37.792842864990234,0.38
han_river,2249,126.6292953491211,37.767234802246094,2026-07-24T11:05:41.481133,stranded,1,1,126.6292953491211,37.767234802246094,0.12
han_river,2250,126.55194854736328,37.79472732543945,2026-07-24T13:10:35.749964,stranded,1,1,126.55194854736328,37.79472732543945,0.12
han_river,2251,126.56633758544922,37.771854400634766,2026-07-24T13:21:11.454114,stranded,1,0,126.5604476928711,37.79123306274414,0.25
han_river,2252,126.60618591308594,37.770233154296875,2026-07-24T13:35:59.994333,stranded,1,0,126.6039047241211,37.780574798583984,0.25
han_river,2253,126.58004760742188,37.772552490234375,2026-07-24T13:41:00.349471,stranded,1,1,126.58004760742188,37.772552490234375,0.12
han_river,2254,126.60956573486328,37.782779693603516,2026-07-24T14:27:11.469911,stranded,1,0,126.61176300048828,37.788726806640625,0.25
han_river,2255,126.66006469726562,37.78998947143555,2026-07-24T15:16:04.915942,stranded,1,0,126.68318939208984,37.8000602722168,0.5
han_river,2256,126.55947875976562,37.78129577636719,2026-07-24T15:50:48.994770,stranded,1,0,126.59165954589844,37.756622314453125,0.38
han_river,2257,126.64075469970703,37.7933464050293,2026-07-24T16:34:18.791457,stranded,1,1,126.64075469970703,37.7933464050293,0.12
han_river,2258,126.59695434570312,37.7741813659668,2026-07-24T16:48:53.522608,stranded,1,1,126.59695434570312,37.7741813659668,0.12
han_river,2259,126.57965087890625,37.76628875732422,2026-07-24T16:54:41.987430,stranded,1,0,126.58226776123047,37.77124786376953,0.25
han_river,2260,126.66089630126953,37.799652099609375,2026-07-24T17:25:58.299625,stranded,1,0,126.67850494384766,37.790992736816406,0.38
han_river,2261,126.6219711303711,37.77200698852539,2026-07-24T17:50:07.241545,stranded,1,0,126.63037109375,37.77109909057617,0.25
han_river,2262,126.58004760742188,37.75999450683594,2026-07-24T18:20:21.451915,stranded,1,0,126.59330749511719,37.75627899169922,0.38
han_river,2263,126.64497375488281,37.780250549316406,2026-07-24T18:47:45.843474,stranded,1,0,126.68218994140625,37.80506134033203,0.62
han_river,2264,126.6187744140625,37.77667236328125,2026-07-24T19:09:44.434826,stranded,1,0,126.63085174560547,37.76913070678711,0.25
han_river,2265,126.62560272216797,37.77313995361328,2026-07-24T19:53:53.546564,stranded,1,0,126.6305923461914,37.77193069458008,0.25
han_river,2266,126.6155776977539,37.77656173706055,2026-07-24T20:31:10.374942,stranded,1,0,126.62864685058594,37.76813507080078,0.25
han_river,2267,126.58004760742188,37.76999282836914,2026-07-25T00:20:29.288620,stranded,1,0,126.58163452148438,37.77253341674805,0.25
han_river,2268,126.6443862915039,37.79263687133789,2026-07-25T00:30:43.394398,stranded,1,1,126.6443862915039,37.79263687133789,0.12
han_river,2269,126.61929321289062,37.77762985229492,2026-07-25T01:14:42.923931,stranded,1,0,126.68492126464844,37.767215728759766,0.75
han_river,2270,126.58563995361328,37.771854400634766,2026-07-25T01:51:23.072245,stranded,1,1,126.58563995361328,37.771854400634766,0.12
han_river,2271,126.61406707763672,37.77656555175781,2026-07-25T02:14:27.979510,stranded,1,0,126.64283752441406,37.77427673339844,0.5
han_river,2272,126.57007598876953,37.762874603271484,2026-07-25T02:19:03.440334,stranded,1,0,126.5711441040039,37.7802734375,0.25
han_river,2273,126.64550018310547,37.785064697265625,2026-07-25T02:50:13.784697,stranded,1,0,126.64562225341797,37.79233932495117,0.25
han_river,2274,126.58004760742188,37.772830963134766,2026-07-25T02:53:26.940227,stranded,1,1,126.58004760742188,37.772830963134766,0.12
han_river,2275,126.59278869628906,37.76532745361328,2026-07-25T04:28:59.110600,stranded,1,0,126.6220474243164,37.76139831542969,0.38
han_river,2276,126.66510009765625,37.77129364013672,2026-07-25T04:41:24.809840,stranded,1,0,126.68927764892578,37.76298522949219,0.38
han_river,2277,126.55213928222656,37.79030990600586,2026-07-25T04:44:34.892530,stranded,1,0,126.55480194091797,37.79254913330078,0.25
han_river,2278,126.62550354003906,37.78229522705078,2026-07-25T05:01:14.369559,stranded,1,0,126.64151000976562,37.77446746826172,0.25
han_river,2279,126.56744384765625,37.78162384033203,2026-07-25T05:16:44.483885,stranded,1,1,126.56744384765625,37.78162384033203,0.12
han_river,2280,126.61721801757812,37.764137268066406,2026-07-25T06:14:28.096365,stranded,1,0,126.62830352783203,37.767181396484375,0.25
han_river,2281,126.64314270019531,37.77587127685547,2026-07-25T06:24:41.622843,stranded,1,1,126.64314270019531,37.77587127685547,0.12
han_river,2282,126.6424560546875,37.77867126464844,2026-07-25T06:51:53.729142,stranded,1,0,126.67501068115234,37.77157211303711,0.5
han_river,2283,126.6705551147461,37.775352478027344,2026-07-25T07:27:26.313490,stranded,1,0,126.67633056640625,37.77314376831055,0.25
han_river,2284,126.62942504882812,37.78212356567383,2026-07-25T07:42:05.927263,stranded,1,0,126.63611602783203,37.774681091308594,0.25
han_river,2285,126.61739349365234,37.77308654785156,2026-07-25T08:27:08.941738,stranded,1,0,126.62896728515625,37.767826080322266,0.25
han_river,2286,126.59259796142578,37.75570297241211,2026-07-25T08:32:03.504463,stranded,1,1,126.59259796142578,37.75570297241211,0.12
han_river,2287,126.61005401611328,37.75999450683594,2026-07-25T09:12:27.663601,stranded,1,0,126.61389923095703,37.75559997558594,0.25
han_river,2288,126.61005401611328,37.75999450683594,2026-07-25T09:23:45.975230,stranded,1,0,126.61717987060547,37.758026123046875,0.25
han_river,2289,126.61055755615234,37.7538948059082,2026-07-25T09:50:48.713304,stranded,1,1,126.61055755615234,37.7538948059082,0.12
han_river,2290,126.67882537841797,37.740623474121094,2026-07-25T10:07:49.274938,stranded,1,0,126.68744659423828,37.739418029785156,0.25
han_river,2291,126.6519546508789,37.77267837524414,2026-07-25T10:22:21.294488,stranded,1,0,126.65422058105469,37.791622161865234,0.38
han_river,2292,126.63667297363281,37.78396987915039,2026-07-25T10:24:47.310626,stranded,1,0,126.63395690917969,37.79213333129883,0.38
han_river,2293,126.58935546875,37.75546646118164,2026-07-25T10:34:54.901347,stranded,1,1,126.58935546875,37.75546646118164,0.12
han_river,2294,126.67491149902344,37.74364471435547,2026-07-25T11:03:40.605446,stranded,1,0,126.68562316894531,37.74666213989258,0.25
han_river,2295,126.58921813964844,37.759586334228516,2026-07-25T11:19:46.192004,stranded,1,0,126.59088897705078,37.756832122802734,0.25
han_river,2296,126.60935974121094,37.76939010620117,2026-07-25T12:13:32.491769,stranded,1,0,126.62447357177734,37.79465866088867,0.5
han_river,2297,126.61764526367188,37.7913818359375,2026-07-25T12:50:35.139803,stranded,1,1,126.61764526367188,37.7913818359375,0.12
han_river,2298,126.6144027709961,37.77916717529297,2026-07-25T13:01:22.956025,stranded,1,0,126.6140365600586,37.78904342651367,0.25
han_river,2299,126.61930847167969,37.78398132324219,2026-07-25T13:19:37.440361,stranded,1,0,126.61593627929688,37.78961944580078,0.25
han_river,2300,126.63005828857422,37.7923583984375,2026-07-25T13:33:15.252915,stranded,1,1,126.63005828857422,37.7923583984375,0.12
han_river,2301,126.63813781738281,37.783843994140625,2026-07-25T14:28:55.966007,stranded,1,0,126.63581085205078,37.79139709472656,0.25
han_river,2302,126.55879211425781,37.783267974853516,2026-07-25T14:56:46.429233,stranded,1,0,126.55514526367188,37.792415618896484,0.25
han_river,2303,126.56256866455078,37.76411819458008,2026-07-25T16:56:16.040827,stranded,1,1,126.56256866455078,37.76411819458008,0.12
han_river,2304,126.60652160644531,37.78666687011719,2026-07-25T17:12:54.927127,stranded,1,1,126.60652160644531,37.78666687011719,0.12
han_river,2305,126.65994262695312,37.78520584106445,2026-07-25T17:47:48.558419,stranded,1,0,126.67747497558594,37.792686462402344,0.38
han_river,2306,126.6271743774414,37.77522277832031,2026-07-25T19:09:27.418341,stranded,1,0,126.62495422363281,37.762542724609375,0.38
han_river,2307,126.6156005859375,37.75664138793945,2026-07-25T19:09:29.215056,stranded,1,1,126.6156005859375,37.75664138793945,0.12
han_river,2308,126.61913299560547,37.75978469848633,2026-07-25T19:24:21.402369,stranded,1,1,126.61913299560547,37.75978469848633,0.12
han_river,2309,126.66385650634766,37.749656677246094,2026-07-25T20:05:14.609125,stranded,1,0,126.68696594238281,37.73818588256836,0.38
han_river,2310,126.57292175292969,37.7756462097168,2026-07-25T20:18:04.833257,stranded,1,1,126.57292175292969,37.7756462097168,0.12
han_river,2311,126.60981750488281,37.76227951049805,2026-07-25T20:40:52.507484,stranded,1,0,126.6139907836914,37.75588607788086,0.25
han_river,2312,126.64144897460938,37.78201675415039,2026-07-25T21:18:54.579465,stranded,1,0,126.64323425292969,37.77602005004883,0.25
han_river,2313,126.60005187988281,37.76999282836914,2026-07-25T21:19:03.649391,stranded,1,0,126.61842346191406,37.758602142333984,0.25
han_river,2314,126.615478515625,37.75635528564453,2026-07-25T21:29:57.439806,stranded,1,1,126.615478515625,37.75635528564453,0.12
han_river,2315,126.62821960449219,37.76992416381836,2026-07-25T21:49:35.866666,stranded,1,0,126.62862396240234,37.76826858520508,0.25
han_river,2316,126.6207504272461,37.76158142089844,2026-07-25T21:55:28.107718,stranded,1,0,126.62109375,37.759769439697266,0.25
han_river,2317,126.61590576171875,37.75776290893555,2026-07-25T22:18:42.032314,stranded,1,1,126.61590576171875,37.75776290893555,0.12
han_river,2318,126.57238006591797,37.7584114074707,2026-07-26T00:07:15.234914,stranded,1,0,126.57587432861328,37.75426483154297,0.25
han_river,2319,126.57524108886719,37.77237319946289,2026-07-26T00:25:36.595328,stranded,1,1,126.57524108886719,37.77237319946289,0.12
han_river,2320,126.62432098388672,37.786495208740234,2026-07-26T01:08:25.282076,stranded,1,0,126.627685546875,37.79269027709961,0.25
han_river,2321,126.58558654785156,37.77145767211914,2026-07-26T01:38:05.391405,stranded,1,1,126.58558654785156,37.77145767211914,0.12
han_river,2322,126.58468627929688,37.760433197021484,2026-07-26T02:08:08.548116,stranded,1,0,126.5897216796875,37.77201461791992,0.25
han_river,2323,126.61418914794922,37.78441619873047,2026-07-26T02:08:59.796957,stranded,1,0,126.6142349243164,37.790157318115234,0.25
han_river,2324,126.61885833740234,37.793392181396484,2026-07-26T03:26:03.111438,stranded,1,1,126.61885833740234,37.793392181396484,0.12
han_river,2325,126.6404800415039,37.792118072509766,2026-07-26T03:28:23.827158,stranded,1,1,126.6404800415039,37.792118072509766,0.12
han_river,2326,126.58004760742188,37.772369384765625,2026-07-26T04:22:01.135509,stranded,1,1,126.58004760742188,37.772369384765625,0.12
han_river,2327,126.66323852539062,37.77052688598633,2026-07-26T04:26:43.182218,stranded,1,0,126.67774200439453,37.771461486816406,0.25
han_river,2328,126.6652603149414,37.761260986328125,2026-07-26T04:34:40.105032,stranded,1,0,126.68659210205078,37.745155334472656,0.38
han_river,2329,126.615478515625,37.79104995727539,2026-07-26T04:35:05.281481,stranded,1,1,126.615478515625,37.79104995727539,0.12
han_river,2330,126.56272888183594,37.78352737426758,2026-07-26T04:37:43.267104,stranded,1,0,126.56600952148438,37.78352737426758,0.25
han_river,2331,126.6055908203125,37.769676208496094,2026-07-26T05:22:52.002516,stranded,1,0,126.62895965576172,37.76988983154297,0.38
han_river,2332,126.56748962402344,37.78266525268555,2026-07-26T07:01:21.078339,stranded,1,1,126.56748962402344,37.78266525268555,0.12
han_river,2333,126.67565155029297,37.749874114990234,2026-07-26T07:41:22.505222,stranded,1,0,126.69258117675781,37.721092224121094,0.38
han_river,2334,126.59624481201172,37.755943298339844,2026-07-26T07:43:54.036269,stranded,1,1,126.59624481201172,37.755943298339844,0.12
han_river,2335,126.65138244628906,37.7750244140625,2026-07-26T08:16:42.368033,stranded,1,0,126.65327453613281,37.794654846191406,0.62
han_river,2336,126.61540985107422,37.7684440612793,2026-07-26T08:51:57.982580,stranded,1,0,126.62179565429688,37.761173248291016,0.25
han_river,2337,126.59004974365234,37.76999282836914,2026-07-26T09:19:24.821499,stranded,1,0,126.60015869140625,37.75605773925781,0.25
han_river,2338,126.5680160522461,37.75519561767578,2026-07-26T10:36:40.611544,stranded,1,1,126.5680160522461,37.75519561767578,0.12
han_river,2339,126.62646484375,37.781898498535156,2026-07-26T10:43:07.942421,stranded,1,0,126.62628936767578,37.79317092895508,0.38
han_river,2340,126.62002563476562,37.77482604980469,2026-07-26T11:00:35.929824,stranded,1,0,126.60943603515625,37.78683090209961,0.38
han_river,2341,126.57334899902344,37.76582717895508,2026-07-26T11:48:16.801817,stranded,1,0,126.58147430419922,37.77342224121094,0.38
han_river,2342,126.57374572753906,37.758296966552734,2026-07-26T11:55:52.955776,stranded,1,0,126.57642364501953,37.75382614135742,0.25
han_river,2343,126.6039047241211,37.76094055175781,2026-07-26T13:14:06.330753,stranded,1,0,126.60049438476562,37.77800750732422,0.25
han_river,2344,126.575439453125,37.767066955566406,2026-07-26T14:22:20.981522,stranded,1,0,126.57140350341797,37.77668762207031,0.25
han_river,2345,126.59130859375,37.77183151245117,2026-07-26T14:33:57.750852,stranded,1,1,126.59130859375,37.77183151245117,0.12
han_river,2346,126.6566390991211,37.78835678100586,2026-07-26T14:51:47.786352,stranded,1,0,126.65116882324219,37.80820083618164,0.25
han_river,2347,126.61810302734375,37.77119064331055,2026-07-26T14:59:47.388078,stranded,1,0,126.61910247802734,37.79301452636719,0.25
han_river,2348,126.63005828857422,37.78998947143555,2026-07-26T15:23:19.962397,stranded,1,0,126.62653350830078,37.7937126159668,0.25
han_river,2349,126.65062713623047,37.79021072387695,2026-07-26T16:01:41.437628,stranded,1,1,126.65062713623047,37.79021072387695,0.12
han_river,2350,126.58004760742188,37.7717399597168,2026-07-26T16:07:29.170103,stranded,1,1,126.58004760742188,37.7717399597168,0.12
han_river,2351,126.64820098876953,37.7917594909668,2026-07-26T17:01:03.968108,stranded,1,1,126.64820098876953,37.7917594909668,0.12
han_river,2352,126.57301330566406,37.77458953857422,2026-07-26T18:47:25.464214,stranded,1,1,126.57301330566406,37.77458953857422,0.12
han_river,2353,126.62947845458984,37.7930908203125,2026-07-26T19:12:20.801076,stranded,1,1,126.62947845458984,37.7930908203125,0.12
han_river,2354,126.59004974365234,37.77183151245117,2026-07-26T19:40:14.586238,stranded,1,1,126.59004974365234,37.77183151245117,0.12
han_river,2355,126.64193725585938,37.782474517822266,2026-07-26T19:43:11.502583,stranded,1,0,126.68777465820312,37.755794525146484,0.38
han_river,2356,126.65715789794922,37.7912712097168,2026-07-26T20:08:36.333054,stranded,1,0,126.6781005859375,37.78093719482422,0.38
han_river,2357,126.62662506103516,37.77220153808594,2026-07-26T21:49:34.139853,stranded,1,0,126.62994384765625,37.77013397216797,0.25
han_river,2358,126.59909057617188,37.774898529052734,2026-07-27T00:22:33.028644,stranded,1,0,126.61865997314453,37.758148193359375,0.25
han_river,2359,126.61297607421875,37.76340103149414,2026-07-27T01:36:42.335538,stranded,1,0,126.68623352050781,37.74455642700195,0.75
han_river,2360,126.66609191894531,37.76591110229492,2026-07-27T02:28:37.367580,stranded,1,0,126.67786407470703,37.771610260009766,0.25
han_river,2361,126.6535873413086,37.77980422973633,2026-07-27T02:39:43.316502,stranded,1,0,126.67845916748047,37.795291900634766,0.38
han_river,2362,126.68201446533203,37.77002716064453,2026-07-27T03:57:45.634499,stranded,1,1,126.68201446533203,37.77002716064453,0.12
han_river,2363,126.62191772460938,37.78347396850586,2026-07-27T04:21:03.264756,stranded,1,0,126.62062072753906,37.79499053955078,0.25
han_river,2364,126.55659484863281,37.78038024902344,2026-07-27T05:27:46.317495,stranded,1,0,126.5486831665039,37.79688262939453,0.25
han_river,2365,126.59967803955078,37.76288986206055,2026-07-27T06:07:47.513770,stranded,1,0,126.59623718261719,37.77532196044922,0.25
han_river,2366,126.66011810302734,37.7720947265625,2026-07-27T07:11:27.441270,stranded,1,0,126.68973541259766,37.7360725402832,0.5
han_river,2367,126.56544494628906,37.774349212646484,2026-07-27T08:09:34.298170,stranded,1,0,126.5926284790039,37.75710678100586,0.25
han_river,2368,126.6043930053711,37.75800704956055,2026-07-27T08:39:06.113322,stranded,1,0,126.60993957519531,37.75216293334961,0.25
han_river,2369,126.66481018066406,37.789363861083984,2026-07-27T09:02:59.824113,stranded,1,0,126.67443084716797,37.77556610107422,0.25
han_river,2370,126.59004974365234,37.76999282836914,2026-07-27T09:15:24.442571,stranded,1,0,126.61127471923828,37.753074645996094,0.25
han_river,2371,126.67609405517578,37.73192596435547,2026-07-27T09:42:18.018837,stranded,1,0,126.69226837158203,37.71985626220703,0.25
han_river,2372,126.59324645996094,37.75749206542969,2026-07-27T10:50:09.544508,stranded,1,1,126.59324645996094,37.75749206542969,0.12
han_river,2373,126.60132598876953,37.75510025024414,2026-07-27T11:51:02.529816,stranded,1,1,126.60132598876953,37.75510025024414,0.12
han_river,2374,126.59358978271484,37.757755279541016,2026-07-27T12:40:59.438567,stranded,1,1,126.59358978271484,37.757755279541016,0.12
han_river,2375,126.68067932128906,37.74995040893555,2026-07-27T13:00:18.117099,stranded,1,0,126.68170928955078,37.769561767578125,0.38
han_river,2376,126.6592788696289,37.77833938598633,2026-07-27T14:49:39.241606,stranded,1,0,126.679443359375,37.79704666137695,0.5
han_river,2377,126.61917877197266,37.758113861083984,2026-07-27T15:29:53.262803,stranded,1,1,126.61917877197266,37.758113861083984,0.12
han_river,2378,126.65420532226562,37.806800842285156,2026-07-27T15:37:05.013086,stranded,1,0,126.65135955810547,37.8099479675293,0.25
han_river,2379,126.59644317626953,37.77384567260742,2026-07-27T16:20:23.264220,stranded,1,1,126.59644317626953,37.77384567260742,0.12
han_river,2380,126.6585693359375,37.80144119262695,2026-07-27T17:51:59.683462,stranded,1,0,126.65447998046875,37.812225341796875,0.25
han_river,2381,126.64160919189453,37.7923583984375,2026-07-27T18:54:08.142550,stranded,1,1,126.64160919189453,37.7923583984375,0.12
han_river,2382,126.63661193847656,37.77564239501953,2026-07-27T18:56:23.371968,stranded,1,0,126.63665008544922,37.774322509765625,0.25
han_river,2383,126.56765747070312,37.783538818359375,2026-07-27T19:37:17.180228,stranded,1,1,126.56765747070312,37.783538818359375,0.12
han_river,2384,126.6567153930664,37.759334564208984,2026-07-27T20:15:56.389821,stranded,1,0,126.68638610839844,37.709774017333984,0.38
han_river,2385,126.6588134765625,37.74863815307617,2026-07-27T20:55:27.015130,stranded,1,0,126.6595230102539,37.74405288696289,0.25
han_river,2386,126.61005401611328,37.779991149902344,2026-07-27T21:19:10.186236,stranded,1,0,126.62679290771484,37.76560592651367,0.25
han_river,2387,126.60738372802734,37.775482177734375,2026-07-27T23:51:14.000338,stranded,1,0,126.62046813964844,37.75928497314453,0.25
han_river,2388,126.57245635986328,37.75320816040039,2026-07-28T01:10:36.405007,stranded,1,1,126.57245635986328,37.75320816040039,0.12
han_river,2389,126.5887451171875,37.75590896606445,2026-07-28T01:35:10.293379,stranded,1,1,126.5887451171875,37.75590896606445,0.12
han_river,2390,126.59609985351562,37.77485656738281,2026-07-28T03:38:53.837605,stranded,1,1,126.59609985351562,37.77485656738281,0.12
han_river,2391,126.60270690917969,37.77089309692383,2026-07-28T04:07:44.262556,stranded,1,0,126.60192108154297,37.77912902832031,0.25
han_river,2392,126.64006042480469,37.792362213134766,2026-07-28T05:25:15.088991,stranded,1,1,126.64006042480469,37.792362213134766,0.12
han_river,2393,126.65778350830078,37.779212951660156,2026-07-28T07:32:08.766347,stranded,1,0,126.68696594238281,37.7454719543457,0.38
han_river,2394,126.60600280761719,37.7720947265625,2026-07-28T07:38:28.220988,stranded,1,0,126.61453247070312,37.75681686401367,0.25
han_river,2395,126.57701873779297,37.76911544799805,2026-07-28T07:38:41.306588,stranded,1,0,126.59085845947266,37.754676818847656,0.25
han_river,2396,126.6568603515625,37.784664154052734,2026-07-28T08:21:24.408291,stranded,1,0,126.68626403808594,37.75470733642578,0.38
han_river,2397,126.57908630371094,37.76988220214844,2026-07-28T08:37:29.747380,stranded,1,0,126.5896987915039,37.756229400634766,0.25
han_river,2398,126.61920166015625,37.79010772705078,2026-07-28T09:05:23.842165,stranded,1,0,126.63912963867188,37.776100158691406,0.25
han_river,2399,126.61568450927734,37.7646369934082,2026-07-28T09:52:09.005867,stranded,1,0,126.61801147460938,37.758148193359375,0.25
han_river,2400,126.60115814208984,37.75483322143555,2026-07-28T09:52:14.269009,stranded,1,1,126.60115814208984,37.75483322143555,0.12
han_river,2401,126.5726089477539,37.77504348754883,2026-07-28T10:00:16.991666,stranded,1,1,126.5726089477539,37.77504348754883,0.12
han_river,2402,126.63126373291016,37.77153015136719,2026-07-28T10:15:57.448778,stranded,1,1,126.63126373291016,37.77153015136719,0.12
han_river,2403,126.66830444335938,37.7359504699707,2026-07-28T11:02:30.301754,stranded,1,0,126.68762969970703,37.71245193481445,0.25
han_river,2404,126.5812759399414,37.76180648803711,2026-07-28T11:05:09.979878,stranded,1,0,126.58255004882812,37.752716064453125,0.25
han_river,2405,126.67115783691406,37.736244201660156,2026-07-28T12:36:23.719553,stranded,1,0,126.68701934814453,37.74357986450195,0.25
han_river,2406,126.61581420898438,37.75733947753906,2026-07-28T13:28:59.831675,stranded,1,1,126.61581420898438,37.75733947753906,0.12
han_river,2407,126.63357543945312,37.773773193359375,2026-07-28T13:43:44.867271,stranded,1,1,126.63357543945312,37.773773193359375,0.12
han_river,2408,126.62073516845703,37.78981399536133,2026-07-28T15:04:02.160311,stranded,1,0,126.62633514404297,37.793601989746094,0.25
han_river,2409,126.56004333496094,37.779991149902344,2026-07-28T15:10:41.331695,stranded,1,0,126.5604019165039,37.789955139160156,0.38
han_river,2410,126.5635757446289,37.78812026977539,2026-07-28T15:32:01.358514,stranded,1,1,126.5635757446289,37.78812026977539,0.12
han_river,2411,126.54534912109375,37.798336029052734,2026-07-28T15:51:10.149282,stranded,1,1,126.54534912109375,37.798336029052734,0.12
han_river,2412,126.55207824707031,37.7939338684082,2026-07-28T17:35:45.046716,stranded,1,1,126.55207824707031,37.7939338684082,0.12
han_river,2413,126.6064224243164,37.783424377441406,2026-07-28T20:03:30.946115,stranded,1,0,126.60523223876953,37.783477783203125,0.25
han_river,2414,126.60511779785156,37.75905227661133,2026-07-28T22:03:26.881059,stranded,1,0,126.60546112060547,37.752342224121094,0.25
han_river,2415,126.611083984375,37.75249099731445,2026-07-28T22:35:12.236027,stranded,1,1,126.611083984375,37.75249099731445,0.12
han_river,2416,126.60108184814453,37.75655746459961,2026-07-28T23:02:00.273410,stranded,1,0,126.59873962402344,37.75655746459961,0.25
han_river,2417,126.61155700683594,37.75519561767578,2026-07-28T23:02:21.161190,stranded,1,1,126.61155700683594,37.75519561767578,0.12
han_river,2418,126.57095336914062,37.756832122802734,2026-07-28T23:09:58.892589,stranded,1,0,126.57095336914062,37.75410842895508,0.25
han_river,2419,126.61363220214844,37.7559814453125,2026-07-28T23:36:13.817159,stranded,1,1,126.61363220214844,37.7559814453125,0.12
han_river,2420,126.58975219726562,37.75804901123047,2026-07-28T23:57:04.211063,stranded,1,0,126.59031677246094,37.756126403808594,0.25
han_river,2421,126.64006042480469,37.779991149902344,2026-07-29T00:14:18.607533,stranded,1,0,126.64087677001953,37.77450180053711,0.25
han_river,2422,126.6223373413086,37.76185607910156,2026-07-29T01:11:37.263739,stranded,1,1,126.6223373413086,37.76185607910156,0.12
han_river,2423,126.63233184814453,37.77212142944336,2026-07-29T01:16:18.150473,stranded,1,1,126.63233184814453,37.77212142944336,0.12
han_river,2424,126.5700454711914,37.75999450683594,2026-07-29T03:15:00.526501,stranded,1,0,126.56910705566406,37.75454330444336,0.25
han_river,2425,126.66006469726562,37.749996185302734,2026-07-29T03:20:38.941395,stranded,1,0,126.688232421875,37.751983642578125,0.38
han_river,2426,126.61575317382812,37.763343811035156,2026-07-29T03:36:34.335862,stranded,1,0,126.63396453857422,37.77384567260742,0.38
han_river,2427,126.63982391357422,37.784263610839844,2026-07-29T03:40:47.274379,stranded,1,0,126.6484603881836,37.790836334228516,0.25
han_river,2428,126.674560546875,37.760581970214844,2026-07-29T04:04:10.606652,stranded,1,0,126.67726135253906,37.773494720458984,0.25
han_river,2429,126.59178924560547,37.764774322509766,2026-07-29T04:25:26.832289,stranded,1,0,126.59004211425781,37.7735595703125,0.25
han_river,2430,126.62848663330078,37.791343688964844,2026-07-29T04:43:05.860462,stranded,1,0,126.63264465332031,37.79316711425781,0.25
han_river,2431,126.65917205810547,37.774131774902344,2026-07-29T05:31:05.120360,stranded,1,0,126.67837524414062,37.786766052246094,0.25
han_river,2432,126.66006469726562,37.75999450683594,2026-07-29T06:09:41.368947,stranded,1,0,126.67787170410156,37.782470703125,0.38
han_river,2433,126.67121124267578,37.773983001708984,2026-07-29T06:24:45.254154,stranded,1,0,126.6753158569336,37.773773193359375,0.25
han_river,2434,126.61429595947266,37.771488189697266,2026-07-29T06:33:44.796907,stranded,1,0,126.62623596191406,37.76568603515625,0.25
han_river,2435,126.56909942626953,37.77969741821289,2026-07-29T07:15:35.142221,stranded,1,1,126.56909942626953,37.77969741821289,0.12
han_river,2436,126.62757110595703,37.78849792480469,2026-07-29T08:39:51.518706,stranded,1,0,126.64344787597656,37.775630950927734,0.25
han_river,2437,126.65023040771484,37.78082275390625,2026-07-29T09:50:36.677944,stranded,1,0,126.67472076416016,37.77267074584961,0.5
han_river,2438,126.59827423095703,37.75624465942383,2026-07-29T10:08:51.772310,stranded,1,1,126.59827423095703,37.75624465942383,0.12
han_river,2439,126.61405181884766,37.756534576416016,2026-07-29T10:45:50.966627,stranded,1,1,126.61405181884766,37.756534576416016,0.12
han_river,2440,126.59004974365234,37.756595611572266,2026-07-29T12:29:14.044058,stranded,1,1,126.59004974365234,37.756595611572266,0.12
han_river,2441,126.58502197265625,37.75510025024414,2026-07-29T12:38:25.288627,stranded,1,1,126.58502197265625,37.75510025024414,0.12
han_river,2442,126.64527893066406,37.774539947509766,2026-07-29T13:47:22.464375,stranded,1,1,126.64527893066406,37.774539947509766,0.12
han_river,2443,126.62263488769531,37.760929107666016,2026-07-29T14:01:09.739733,stranded,1,1,126.62263488769531,37.760929107666016,0.12
han_river,2444,126.61457824707031,37.75615310668945,2026-07-29T14:33:13.999056,stranded,1,1,126.61457824707031,37.75615310668945,0.12
han_river,2445,126.64006042480469,37.77593994140625,2026-07-29T15:00:25.178481,stranded,1,1,126.64006042480469,37.77593994140625,0.12
han_river,2446,126.58004760742188,37.75999450683594,2026-07-29T15:10:54.198896,stranded,1,0,126.57798767089844,37.75394821166992,0.25
han_river,2447,126.61005401611328,37.75999450683594,2026-07-29T15:20:22.468596,stranded,1,0,126.61311340332031,37.75375747680664,0.25
han_river,2448,126.67684173583984,37.751243591308594,2026-07-29T15:33:28.868147,stranded,1,0,126.64631652832031,37.77383041381836,0.38
han_river,2449,126.64024353027344,37.789886474609375,2026-07-29T15:37:50.913639,stranded,1,0,126.64024353027344,37.79283905029297,0.25
han_river,2450,126.63014221191406,37.770164489746094,2026-07-29T15:40:32.734445,stranded,1,1,126.63014221191406,37.770164489746094,0.12
han_river,2451,126.66001892089844,37.75201416015625,2026-07-29T17:02:00.118873,stranded,1,0,126.65238189697266,37.762142181396484,0.25
han_river,2452,126.58650207519531,37.76429748535156,2026-07-29T17:11:35.344736,stranded,1,0,126.5873031616211,37.77274703979492,0.25
han_river,2453,126.61292266845703,37.7868537902832,2026-07-29T17:24:55.045238,stranded,1,0,126.61292266845703,37.789398193359375,0.25
han_river,2454,126.57157135009766,37.76333999633789,2026-07-29T18:08:11.812261,stranded,1,0,126.55718231201172,37.7908935546875,0.25
han_river,2455,126.62940216064453,37.77705001831055,2026-07-29T18:17:15.395328,stranded,1,0,126.61701202392578,37.792720794677734,0.25
han_river,2456,126.6598892211914,37.75275802612305,2026-07-29T21:05:48.083744,stranded,1,0,126.6623764038086,37.741600036621094,0.38
han_river,2457,126.60407257080078,37.75322723388672,2026-07-29T23:23:22.686086,stranded,1,1,126.60407257080078,37.75322723388672,0.12
han_river,2458,126.64505004882812,37.78838348388672,2026-07-29T23:40:06.254551,stranded,1,0,126.64569854736328,37.773712158203125,0.25
han_river,2459,126.67909240722656,37.73552322387695,2026-07-30T01:20:14.117346,stranded,1,0,126.69229888916016,37.72615051269531,0.25
han_river,2460,126.64027404785156,37.774940490722656,2026-07-30T02:02:21.691534,stranded,1,1,126.64027404785156,37.774940490722656,0.12
han_river,2461,126.6074447631836,37.75341033935547,2026-07-30T02:24:14.550118,stranded,1,1,126.6074447631836,37.75341033935547,0.12
han_river,2462,126.66006469726562,37.749996185302734,2026-07-30T03:22:30.957306,stranded,1,0,126.6876449584961,37.74050521850586,0.25
han_river,2463,126.62886810302734,37.7692985534668,2026-07-30T03:49:51.275459,stranded,1,1,126.62886810302734,37.7692985534668,0.12
han_river,2464,126.66670989990234,37.800662994384766,2026-07-30T03:54:43.013309,stranded,1,0,126.6778564453125,37.794498443603516,0.5
han_river,2465,126.56256866455078,37.77708053588867,2026-07-30T04:20:29.578149,stranded,1,0,126.56610870361328,37.78548812866211,0.25
han_river,2466,126.6496353149414,37.790367126464844,2026-07-30T04:28:01.017893,stranded,1,1,126.6496353149414,37.790367126464844,0.12
han_river,2467,126.63356018066406,37.79057312011719,2026-07-30T04:39:22.942742,stranded,1,0,126.63685607910156,37.79217529296875,0.25
han_river,2468,126.58834075927734,37.76974105834961,2026-07-30T05:16:06.131625,stranded,1,0,126.58834075927734,37.77150344848633,0.25
han_river,2469,126.5523452758789,37.79450988769531,2026-07-30T06:40:38.027428,stranded,1,1,126.5523452758789,37.79450988769531,0.12
han_river,2470,126.65375518798828,37.786537170410156,2026-07-30T07:46:02.911119,stranded,1,0,126.6643295288086,37.738609313964844,0.38
han_river,2471,126.56564331054688,37.7561149597168,2026-07-30T09:26:55.820283,stranded,1,1,126.56564331054688,37.7561149597168,0.12
han_river,2472,126.6497573852539,37.773651123046875,2026-07-30T10:14:00.202883,stranded,1,1,126.6497573852539,37.773651123046875,0.12
han_river,2473,126.61016845703125,37.76819610595703,2026-07-30T10:45:52.190359,stranded,1,0,126.61882781982422,37.75875473022461,0.25
han_river,2474,126.6651611328125,37.76310348510742,2026-07-30T10:48:01.938094,stranded,1,0,126.66407012939453,37.739501953125,0.25
han_river,2475,126.61083221435547,37.772796630859375,2026-07-30T11:14:49.817846,stranded,1,0,126.61198425292969,37.754295349121094,0.25
han_river,2476,126.6211166381836,37.76390075683594,2026-07-30T11:15:47.150157,stranded,1,0,126.62223815917969,37.759674072265625,0.25
han_river,2477,126.60005187988281,37.75999450683594,2026-07-30T12:20:13.078311,stranded,1,0,126.599609375,37.75507736206055,0.25
han_river,2478,126.59004974365234,37.75548553466797,2026-07-30T13:22:01.183318,stranded,1,1,126.59004974365234,37.75548553466797,0.12
han_river,2479,126.61024475097656,37.753997802734375,2026-07-30T14:30:04.812847,stranded,1,1,126.61024475097656,37.753997802734375,0.12
han_river,2480,126.64067840576172,37.774757385253906,2026-07-30T14:34:40.576101,stranded,1,1,126.64067840576172,37.774757385253906,0.12
han_river,2481,126.5704345703125,37.75727844238281,2026-07-30T15:02:54.207133,stranded,1,0,126.5704345703125,37.75395202636719,0.25
han_river,2482,126.57171630859375,37.753150939941406,2026-07-30T15:44:22.479023,stranded,1,1,126.57171630859375,37.753150939941406,0.12
han_river,2483,126.58529663085938,37.76509094238281,2026-07-30T16:00:38.210939,stranded,1,0,126.58500671386719,37.772064208984375,0.25
han_river,2484,126.56924438476562,37.76307678222656,2026-07-30T16:29:00.372547,stranded,1,0,126.56105041503906,37.78990173339844,0.25
han_river,2485,126.57965087890625,37.771514892578125,2026-07-30T17:20:19.758554,stranded,1,1,126.57965087890625,37.771514892578125,0.12
han_river,2486,126.6620864868164,37.752197265625,2026-07-30T17:26:38.652048,stranded,1,0,126.65265655517578,37.790306091308594,0.25
han_river,2487,126.66124725341797,37.762447357177734,2026-07-30T17:30:06.394054,stranded,1,0,126.65192413330078,37.790260314941406,0.25
han_river,2488,126.6015853881836,37.77941131591797,2026-07-30T18:43:29.270089,stranded,1,1,126.6015853881836,37.77941131591797,0.12
han_river,2489,126.65125274658203,37.789573669433594,2026-07-30T19:33:24.521212,stranded,1,1,126.65125274658203,37.789573669433594,0.12
han_river,2490,126.59004974365234,37.77147674560547,2026-07-30T19:59:46.848470,stranded,1,1,126.59004974365234,37.77147674560547,0.12
han_river,2491,126.5599136352539,37.789615631103516,2026-07-30T20:10:23.321994,stranded,1,1,126.5599136352539,37.789615631103516,0.12
han_river,2492,126.59567260742188,37.76926803588867,2026-07-30T21:24:20.874640,stranded,1,0,126.61674499511719,37.756752014160156,0.25
han_river,2493,126.64995574951172,37.77970886230469,2026-07-30T22:12:03.822488,active,0,0,126.676513671875,37.749088287353516,0.25
han_river,2494,126.58244323730469,37.76288604736328,2026-07-30T22:21:58.298442,stranded,1,0,126.58600616455078,37.753787994384766,0.25
han_river,2495,126.64453887939453,37.7800407409668,2026-07-30T22:23:18.676409,stranded,1,0,126.65097045898438,37.7714729309082,0.25
han_river,2496,126.61045837402344,37.76094436645508,2026-07-30T23:19:07.941391,stranded,1,0,126.62165832519531,37.76076889038086,0.25
han_river,2497,126.63400268554688,37.78797149658203,2026-07-30T23:39:09.098401,stranded,1,0,126.6397705078125,37.77500915527344,0.25
han_river,2498,126.61390686035156,37.7578010559082,2026-07-30T23:52:49.497559,stranded,1,0,126.61598205566406,37.7578010559082,0.25
han_river,2499,126.56127166748047,37.779701232910156,2026-07-30T23:59:43.238683,stranded,1,0,126.5768814086914,37.754005432128906,0.25
offshore,0,126.21240234375,37.46426010131836,2026-06-01T00:06:51.550596,stranded,1,0,126.27897644042969,37.275089263916016,1.88
offshore,1,126.43573760986328,37.179569244384766,2026-06-01T00:32:31.860714,stranded,1,0,126.5135498046875,37.227787017822266,0.25
offshore,2,126.32852172851562,37.4775505065918,2026-06-01T00:59:17.474257,stranded,1,0,126.3554916381836,37.53498458862305,0.5
offshore,3,126.36714935302734,37.297882080078125,2026-06-01T01:57:15.584203,stranded,1,0,126.428466796875,37.3935432434082,0.62
offshore,4,126.21583557128906,37.56459045410156,2026-06-01T02:56:57.319472,stranded,1,0,126.25064849853516,37.62928771972656,0.38
offshore,5,126.28158569335938,37.374420166015625,2026-06-01T03:22:17.822229,stranded,1,0,126.26839447021484,37.32964324951172,0.5
offshore,6,126.28807830810547,37.3302116394043,2026-06-01T03:28:44.308310,stranded,1,0,126.2785873413086,37.275081634521484,1.12
offshore,7,126.11174774169922,37.43085861206055,2026-06-01T03:29:27.812343,stranded,1,0,126.09510040283203,37.166385650634766,4.75
offshore,8,126.2928695678711,37.4459342956543,2026-06-01T03:38:23.590956,stranded,1,0,126.27249908447266,37.31786346435547,2.12
offshore,9,126.51493072509766,37.2083625793457,2026-06-01T03:43:14.272854,stranded,1,0,126.525634765625,37.23404312133789,0.25
offshore,10,126.36017608642578,37.51458740234375,2026-06-01T04:38:18.092748,stranded,1,0,126.36617279052734,37.52870178222656,0.25
offshore,11,126.11713409423828,37.210872650146484,2026-06-01T05:29:58.299173,stranded,1,1,126.11713409423828,37.210872650146484,0.12
offshore,12,126.3023681640625,37.554046630859375,2026-06-01T05:34:55.255155,stranded,1,0,126.24552917480469,37.631874084472656,0.75
offshore,13,126.0596694946289,37.16976547241211,2026-06-01T06:53:08.710154,stranded,1,0,126.0127182006836,37.1531982421875,0.25
offshore,14,126.44523620605469,37.15983963012695,2026-06-01T07:04:56.702756,stranded,1,0,126.38227844238281,37.10507583618164,0.5
offshore,15,126.01776885986328,37.1906852722168,2026-06-01T08:43:05.026395,stranded,1,0,125.98774719238281,37.18818664550781,0.25
offshore,16,126.35940551757812,37.50242614746094,2026-06-01T09:40:55.879292,stranded,1,0,126.3643798828125,37.45590591430664,0.38
offshore,17,126.36925506591797,37.534976959228516,2026-06-01T10:21:01.960765,stranded,1,1,126.36925506591797,37.534976959228516,0.12
offshore,18,125.98902893066406,37.18746566772461,2026-06-01T10:22:07.341759,stranded,1,1,125.98902893066406,37.18746566772461,0.12
offshore,19,126.24330139160156,37.270259857177734,2026-06-01T11:26:22.653128,stranded,1,0,126.29638671875,37.25252914428711,0.38
offshore,20,126.02096557617188,37.45307922363281,2026-06-01T12:18:40.257687,stranded,1,0,126.10652923583984,37.233909606933594,3.5
offshore,21,126.37297058105469,37.28384017944336,2026-06-01T12:51:39.924031,stranded,1,0,126.4335708618164,37.36854553222656,0.38
offshore,22,126.10933685302734,37.51936721801758,2026-06-01T13:32:39.331931,stranded,1,0,126.48965454101562,37.282318115234375,4.25
offshore,23,125.92914581298828,37.23224639892578,2026-06-01T14:26:37.650567,stranded,1,0,125.96721649169922,37.185089111328125,3.12
offshore,24,126.15794372558594,37.42060470581055,2026-06-01T14:58:19.301845,stranded,1,0,126.36245727539062,37.4565544128418,3.0
offshore,25,126.09452819824219,37.51500701904297,2026-06-01T16:15:02.798071,stranded,1,0,126.10958099365234,37.27178955078125,6.12
offshore,26,126.38306427001953,37.43889617919922,2026-06-01T16:26:21.439321,stranded,1,1,126.38306427001953,37.43889617919922,0.12
offshore,27,126.32605743408203,37.599609375,2026-06-01T17:16:09.762685,stranded,1,0,126.22539520263672,37.664634704589844,0.5
offshore,28,126.15221405029297,37.169921875,2026-06-01T17:39:30.486261,stranded,1,0,126.15309143066406,37.223026275634766,0.25
offshore,29,126.39427947998047,37.50223922729492,2026-06-01T17:51:04.729514,stranded,1,0,126.35791015625,37.53423309326172,0.5
offshore,30,126.31763458251953,37.48749542236328,2026-06-01T18:00:31.174129,stranded,1,0,126.2724380493164,37.317813873291016,1.12
offshore,31,125.95975494384766,37.225067138671875,2026-06-01T18:08:58.925114,stranded,1,0,126.00984191894531,37.15618133544922,3.62
offshore,32,126.38223266601562,37.53901672363281,2026-06-01T18:18:31.979638,stranded,1,0,126.39081573486328,37.60722351074219,0.25
offshore,33,126.43204498291016,37.54609680175781,2026-06-01T18:20:38.848278,stranded,1,0,126.4261703491211,37.60044860839844,0.25
offshore,34,125.96751403808594,37.608436584472656,2026-06-01T18:22:00.307847,stranded,1,1,125.96751403808594,37.608436584472656,0.12
offshore,35,126.24991607666016,37.63058853149414,2026-06-01T18:45:55.588942,stranded,1,1,126.24991607666016,37.63058853149414,0.12
offshore,36,126.32818603515625,37.175418853759766,2026-06-01T18:49:46.063738,stranded,1,0,126.31394958496094,37.17102813720703,0.25
offshore,37,126.25262451171875,37.6292839050293,2026-06-01T18:50:00.524928,stranded,1,1,126.25262451171875,37.6292839050293,0.12
offshore,38,126.2731704711914,37.25678634643555,2026-06-01T19:34:11.034209,stranded,1,0,126.25920104980469,37.16897964477539,0.62
offshore,39,125.9314956665039,37.43988037109375,2026-06-01T21:05:15.186119,stranded,1,0,125.96607971191406,37.18370819091797,4.12
offshore,40,126.3591079711914,37.38373947143555,2026-06-01T21:23:13.672881,stranded,1,0,126.34569549560547,37.26090621948242,0.62
offshore,41,126.1085205078125,37.066368103027344,2026-06-01T22:00:16.498083,stranded,1,0,126.33338928222656,36.9951171875,9.5
offshore,42,126.01284790039062,37.44887924194336,2026-06-01T22:31:57.335691,stranded,1,0,126.09122467041016,37.22734069824219,3.0
offshore,43,125.94723510742188,37.30195999145508,2026-06-01T23:08:57.120290,stranded,1,0,125.90921020507812,37.18696594238281,3.12
offshore,44,126.13285827636719,37.1324462890625,2026-06-02T00:53:43.053478,active,0,0,126.08486938476562,36.8206672668457,89.0
offshore,45,126.075927734375,37.06367111206055,2026-06-02T01:17:27.935316,stranded,1,0,126.33501434326172,36.99409866333008,11.38
offshore,46,126.32075500488281,37.47707748413086,2026-06-02T01:26:43.704358,stranded,1,0,126.37002563476562,37.45355224609375,0.38
offshore,47,126.10343933105469,37.27931213378906,2026-06-02T02:20:46.973256,stranded,1,0,126.10394287109375,37.27256774902344,0.25
offshore,48,126.15811920166016,37.14543533325195,2026-06-02T03:02:09.292113,stranded,1,0,126.16942596435547,36.959903717041016,32.12
offshore,49,126.25670623779297,37.58310317993164,2026-06-02T03:52:11.210937,stranded,1,0,126.25505828857422,37.629886627197266,0.25
offshore,50,126.08741760253906,37.566036224365234,2026-06-02T06:21:18.853513,stranded,1,0,126.29249572753906,37.265403747558594,4.25
offshore,51,126.08137512207031,37.4300422668457,2026-06-02T06:29:22.539281,stranded,1,0,126.11719512939453,37.250389099121094,3.88
offshore,52,126.08554077148438,37.54597091674805,2026-06-02T07:27:14.518838,stranded,1,0,126.31690979003906,37.26154327392578,4.0
offshore,53,126.27993774414062,37.146846771240234,2026-06-02T07:31:15.454111,stranded,1,0,126.27703857421875,37.146846771240234,0.25
offshore,54,126.15037536621094,37.442298889160156,2026-06-02T07:46:24.444720,stranded,1,0,126.0904541015625,37.24678421020508,1.12
offshore,55,126.21504211425781,37.579627990722656,2026-06-02T08:00:59.219319,stranded,1,0,126.41390991210938,37.432926177978516,2.75
offshore,56,126.4397964477539,37.569923400878906,2026-06-02T08:27:34.880498,stranded,1,0,126.41812133789062,37.5250129699707,0.38
offshore,57,126.0300064086914,37.5134391784668,2026-06-02T08:57:02.895187,stranded,1,0,126.11257934570312,37.258480072021484,3.5
offshore,58,125.93640899658203,37.18933868408203,2026-06-02T08:57:21.479534,active,0,0,125.50653839111328,36.83848571777344,88.75
offshore,59,125.99784851074219,37.061378479003906,2026-06-02T10:38:19.201369,stranded,1,0,125.98634338378906,37.04106140136719,0.25
offshore,60,126.26217651367188,37.18061828613281,2026-06-02T10:47:48.019846,stranded,1,1,126.26217651367188,37.18061828613281,0.12
offshore,61,126.30752563476562,37.30919647216797,2026-06-02T11:26:29.509608,stranded,1,0,126.29452514648438,37.265777587890625,0.25
offshore,62,125.99097442626953,37.29405975341797,2026-06-02T11:44:10.907508,stranded,1,0,126.27818298339844,37.275047302246094,2.62
offshore,63,126.10186004638672,37.09894561767578,2026-06-02T12:02:50.835431,stranded,1,0,126.08316802978516,37.108177185058594,0.75
offshore,64,126.13249969482422,37.370906829833984,2026-06-02T12:59:40.317873,stranded,1,0,126.54110717773438,37.03596115112305,4.12
offshore,65,126.11921691894531,37.470420837402344,2026-06-02T13:02:16.451667,stranded,1,0,126.36634826660156,37.44205093383789,3.12
offshore,66,126.26866912841797,37.401649475097656,2026-06-02T13:29:15.410761,stranded,1,0,126.31681060791016,37.26197052001953,1.25
offshore,67,126.43511199951172,37.29143142700195,2026-06-02T13:43:18.132093,stranded,1,0,126.44532012939453,37.272830963134766,0.25
offshore,68,126.01722717285156,37.344181060791016,2026-06-02T14:10:24.436687,stranded,1,0,126.09266662597656,37.18636703491211,2.88
offshore,69,126.1640853881836,37.41453552246094,2026-06-02T14:30:43.960576,stranded,1,0,126.40067291259766,37.44239044189453,2.0
offshore,70,126.17182159423828,37.277374267578125,2026-06-02T15:00:09.544790,stranded,1,0,126.11832427978516,37.25605773925781,0.62
offshore,71,126.05758666992188,37.36860656738281,2026-06-02T15:32:40.952933,stranded,1,0,126.08468627929688,37.28845977783203,3.5
offshore,72,126.2259521484375,37.24546432495117,2026-06-02T16:07:23.183750,stranded,1,0,126.11876678466797,37.2574348449707,0.5
offshore,73,126.06855010986328,37.151302337646484,2026-06-02T16:10:52.288358,stranded,1,0,126.09085845947266,37.220458984375,0.38
offshore,74,126.24439239501953,37.50836944580078,2026-06-02T16:30:46.397223,stranded,1,0,126.3653793334961,37.44179916381836,2.25
offshore,75,126.10343170166016,37.51854705810547,2026-06-02T16:42:11.805205,stranded,1,0,126.27424621582031,37.31916046142578,4.12
offshore,76,126.10585021972656,37.519561767578125,2026-06-02T16:53:19.818432,stranded,1,0,126.36864471435547,37.44231033325195,2.75
offshore,77,126.17266845703125,37.3847770690918,2026-06-02T18:29:58.100151,stranded,1,0,126.10314178466797,37.26588439941406,0.62
offshore,78,126.42144012451172,37.60076141357422,2026-06-02T19:22:10.754268,stranded,1,1,126.42144012451172,37.60076141357422,0.12
offshore,79,126.38594818115234,37.13484573364258,2026-06-02T20:20:56.231661,stranded,1,0,126.3623046875,36.99955368041992,2.38
offshore,80,126.26282501220703,37.488792419433594,2026-06-02T20:23:20.893740,stranded,1,0,126.39798736572266,37.445640563964844,1.75
offshore,81,126.44523620605469,37.391151428222656,2026-06-02T21:16:17.232702,stranded,1,0,126.42914581298828,37.39420700073242,0.25
offshore,82,126.04411315917969,37.42496871948242,2026-06-02T22:07:42.197889,stranded,1,0,126.44508361816406,37.2353630065918,3.0
offshore,83,125.86225891113281,37.37287139892578,2026-06-02T22:20:30.557508,stranded,1,0,125.71987915039062,37.610260009765625,52.38
offshore,84,126.05722045898438,37.39146041870117,2026-06-02T22:42:38.089119,stranded,1,0,126.30944061279297,37.246559143066406,2.62
offshore,85,126.12470245361328,37.591888427734375,2026-06-02T22:59:36.967739,stranded,1,0,126.20755767822266,37.668094635009766,1.75
offshore,86,126.13195037841797,37.073062896728516,2026-06-02T23:01:29.922250,stranded,1,0,126.25042724609375,37.177669525146484,1.75
offshore,87,126.31929779052734,37.25985336303711,2026-06-03T00:24:04.373697,stranded,1,1,126.31929779052734,37.25985336303711,0.12
offshore,88,126.04563903808594,37.36815643310547,2026-06-03T00:51:42.637244,stranded,1,0,126.3115234375,37.262939453125,2.75
offshore,89,126.16349029541016,37.35777282714844,2026-06-03T01:20:10.865360,stranded,1,0,126.33102416992188,37.258121490478516,2.25
offshore,90,126.37838745117188,37.4600715637207,2026-06-03T01:40:00.843986,stranded,1,1,126.37838745117188,37.4600715637207,0.12
offshore,91,125.9891128540039,37.511043548583984,2026-06-03T02:48:09.522095,stranded,1,0,126.36023712158203,37.45840835571289,2.5
offshore,92,126.40076446533203,37.43564987182617,2026-06-03T03:27:18.750460,stranded,1,1,126.40076446533203,37.43564987182617,0.12
offshore,93,125.99935150146484,37.56012725830078,2026-06-03T03:57:00.661589,stranded,1,0,126.2015380859375,37.6567268371582,1.88
offshore,94,126.29553985595703,37.25408172607422,2026-06-03T04:31:34.704771,stranded,1,1,126.29553985595703,37.25408172607422,0.12
offshore,95,126.4324951171875,37.23578643798828,2026-06-03T04:47:31.984520,stranded,1,1,126.4324951171875,37.23578643798828,0.12
offshore,96,126.25362396240234,37.31618881225586,2026-06-03T05:07:22.646393,stranded,1,0,126.29725646972656,37.25263977050781,0.75
offshore,97,126.2767333984375,37.38670349121094,2026-06-03T06:19:49.802364,stranded,1,0,126.38202667236328,37.43470764160156,1.38
offshore,98,126.34159088134766,37.47045135498047,2026-06-03T07:40:30.754091,stranded,1,0,126.38968658447266,37.39794158935547,1.12
offshore,99,126.00914764404297,37.42157745361328,2026-06-03T09:26:49.984348,stranded,1,0,126.39601135253906,37.24397659301758,2.38
offshore,100,125.92486572265625,37.180564880371094,2026-06-03T09:44:49.514228,stranded,1,0,125.96996307373047,37.17972183227539,0.5
offshore,101,126.12287139892578,37.34718704223633,2026-06-03T09:56:56.216622,stranded,1,0,126.08556365966797,37.287757873535156,0.25
offshore,102,126.19627380371094,37.600181579589844,2026-06-03T09:57:22.692563,stranded,1,0,126.24842071533203,37.629695892333984,1.0
offshore,103,126.03106689453125,37.562705993652344,2026-06-03T10:32:50.493973,stranded,1,0,126.35968017578125,37.470794677734375,2.5
offshore,104,125.88980102539062,37.214324951171875,2026-06-03T10:38:19.542971,stranded,1,0,125.97002410888672,37.185951232910156,1.38
offshore,105,126.35741424560547,37.566986083984375,2026-06-03T11:07:59.623778,stranded,1,0,126.35044860839844,37.535945892333984,0.25
offshore,106,126.30303955078125,37.37980651855469,2026-06-03T11:22:14.466854,stranded,1,0,126.28633880615234,37.27005386352539,0.38
offshore,107,126.40750885009766,37.218448638916016,2026-06-03T11:42:33.093208,stranded,1,0,126.45736694335938,37.23802185058594,1.0
offshore,108,125.95462799072266,37.355438232421875,2026-06-03T12:28:42.617655,stranded,1,0,126.27283477783203,37.31660079956055,1.88
offshore,109,125.95156860351562,37.5310173034668,2026-06-03T16:09:17.159531,stranded,1,0,126.16120910644531,37.67211151123047,1.38
offshore,110,126.32256317138672,37.49018478393555,2026-06-03T16:56:28.919011,stranded,1,0,126.33340454101562,37.526458740234375,0.25
offshore,111,126.37776184082031,37.506813049316406,2026-06-03T17:00:52.640068,stranded,1,0,126.38047790527344,37.52764892578125,0.25
offshore,112,126.03496551513672,37.443294525146484,2026-06-03T17:07:43.196478,stranded,1,0,126.3779296875,37.437984466552734,1.75
offshore,113,126.1075439453125,37.52544021606445,2026-06-03T18:18:33.909093,stranded,1,0,126.13304138183594,37.682899475097656,0.88
offshore,114,126.3661117553711,37.14950180053711,2026-06-03T18:19:13.938617,stranded,1,0,126.43714141845703,37.245914459228516,0.75
offshore,115,125.91852569580078,37.47344207763672,2026-06-03T20:03:25.560270,stranded,1,0,126.26740264892578,37.3260383605957,2.12
offshore,116,126.04769897460938,37.17499542236328,2026-06-03T20:16:02.192012,stranded,1,0,126.088134765625,37.27579116821289,0.62
offshore,117,125.97633361816406,37.29247283935547,2026-06-03T20:46:08.274564,stranded,1,0,126.08675384521484,37.27898406982422,1.12
offshore,118,126.42302703857422,37.596195220947266,2026-06-03T20:56:08.089231,stranded,1,0,126.42302703857422,37.60093688964844,0.25
offshore,119,125.92437744140625,37.244529724121094,2026-06-03T21:19:15.203000,stranded,1,0,126.09667205810547,37.166038513183594,1.12
offshore,120,126.1479263305664,37.3293342590332,2026-06-03T21:40:30.905237,stranded,1,0,126.08023834228516,37.289306640625,0.25
offshore,121,126.26177978515625,37.592628479003906,2026-06-03T22:12:13.616748,stranded,1,0,126.2713851928711,37.547786712646484,0.25
offshore,122,126.12720489501953,37.613834381103516,2026-06-03T22:20:05.685775,stranded,1,0,126.21527862548828,37.628761291503906,0.5
offshore,123,126.02204132080078,37.25243377685547,2026-06-03T22:45:15.441408,stranded,1,0,126.0887451171875,37.27487564086914,0.5
offshore,124,126.0735092163086,37.462520599365234,2026-06-03T23:55:39.517841,stranded,1,0,126.47442626953125,37.28645706176758,1.88
offshore,125,125.97494506835938,37.14554977416992,2026-06-04T00:43:28.979445,stranded,1,0,126.10531616210938,37.21988296508789,0.38
offshore,126,126.36991882324219,37.47145080566406,2026-06-04T01:15:22.344073,stranded,1,1,126.36991882324219,37.47145080566406,0.12
offshore,127,125.85570526123047,37.42612075805664,2026-06-04T01:21:10.077804,stranded,1,0,126.08505249023438,37.28830337524414,2.25
offshore,128,125.95987701416016,37.4727668762207,2026-06-04T02:45:36.691484,stranded,1,0,126.39830780029297,37.3918571472168,1.38
offshore,129,126.45167541503906,37.29970932006836,2026-06-04T03:27:22.724386,stranded,1,0,126.53215026855469,37.19496536254883,0.62
offshore,130,126.48622131347656,37.36850357055664,2026-06-04T04:55:48.518215,stranded,1,0,126.70174407958984,37.3503303527832,1.12
offshore,131,126.19477844238281,37.18058395385742,2026-06-04T05:05:06.120261,stranded,1,0,126.2916259765625,37.254547119140625,0.38
offshore,132,126.34671020507812,37.27100372314453,2026-06-04T05:27:53.232954,stranded,1,0,126.53570556640625,37.196495056152344,0.75
offshore,133,126.40955352783203,37.218509674072266,2026-06-04T05:48:17.869972,stranded,1,0,126.43365478515625,37.23314666748047,0.25
offshore,134,126.3560562133789,37.54228973388672,2026-06-04T05:54:49.911685,stranded,1,0,126.4196548461914,37.60126495361328,0.38
offshore,135,126.13127899169922,37.19689178466797,2026-06-04T06:19:12.276334,stranded,1,0,126.13768005371094,37.19689178466797,0.25
offshore,136,126.38482666015625,37.239532470703125,2026-06-04T06:44:09.261030,stranded,1,1,126.38482666015625,37.239532470703125,0.12
offshore,137,126.2011947631836,37.62467956542969,2026-06-04T07:02:24.532685,stranded,1,0,126.40991973876953,37.526371002197266,1.25
offshore,138,126.31099700927734,37.59714889526367,2026-06-04T07:19:32.941756,stranded,1,0,126.33027648925781,37.54985046386719,0.5
offshore,139,126.4502944946289,37.593631744384766,2026-06-04T07:50:13.653329,stranded,1,1,126.4502944946289,37.593631744384766,0.12
offshore,140,126.09199523925781,37.33891677856445,2026-06-04T09:08:59.891339,stranded,1,0,126.09845733642578,37.26054382324219,0.38
offshore,141,126.08952331542969,37.50617980957031,2026-06-04T10:05:29.685560,stranded,1,0,126.29096221923828,37.266754150390625,1.88
offshore,142,126.31220245361328,37.383365631103516,2026-06-04T10:32:05.839539,stranded,1,0,126.31770324707031,37.2606201171875,0.38
offshore,143,126.32306671142578,37.299739837646484,2026-06-04T11:00:14.763603,stranded,1,0,126.31478881835938,37.26213073730469,0.25
offshore,144,125.94127655029297,37.232425689697266,2026-06-04T11:00:17.787635,stranded,1,0,125.94766998291016,37.09220886230469,0.38
offshore,145,126.00798034667969,37.45083999633789,2026-06-04T11:14:00.718429,stranded,1,0,126.15966796875,37.235923767089844,1.38
offshore,146,126.11661529541016,37.40631866455078,2026-06-04T11:50:00.516102,stranded,1,0,126.15765380859375,37.235904693603516,0.88
offshore,147,126.1235122680664,37.419776916503906,2026-06-04T12:01:31.124147,stranded,1,0,126.27587890625,37.31549072265625,1.75
offshore,148,125.9707260131836,37.44546890258789,2026-06-04T12:12:15.354718,stranded,1,0,126.1164321899414,37.25739288330078,1.88
offshore,149,125.98181915283203,37.20199966430664,2026-06-04T12:12:31.376351,stranded,1,0,125.97147369384766,37.18531799316406,0.25
offshore,150,126.06050109863281,37.20263671875,2026-06-04T12:14:18.029990,stranded,1,0,126.06494140625,37.08747100830078,0.38
offshore,151,126.32649230957031,37.552589416503906,2026-06-04T13:03:19.359769,stranded,1,1,126.32649230957031,37.552589416503906,0.12
offshore,152,126.16950988769531,37.374366760253906,2026-06-04T13:03:48.870674,stranded,1,0,126.31021118164062,37.26313018798828,0.75
offshore,153,126.02899932861328,37.154624938964844,2026-06-04T13:36:22.560578,stranded,1,0,126.16863250732422,36.959228515625,15.12
offshore,154,126.00719451904297,37.35625076293945,2026-06-04T13:47:21.030944,stranded,1,0,126.18120574951172,37.1968879699707,1.38
offshore,155,125.93274688720703,37.50716781616211,2026-06-04T13:57:08.367023,stranded,1,0,126.09530639648438,37.281070709228516,3.12
offshore,156,126.15975952148438,37.51003646850586,2026-06-04T14:26:38.333915,stranded,1,0,126.4040756225586,37.390438079833984,0.88
offshore,157,126.44236755371094,37.17991638183594,2026-06-04T15:09:53.637105,stranded,1,0,126.53848266601562,37.11368179321289,0.75
offshore,158,126.09684753417969,37.199180603027344,2026-06-04T15:25:48.595025,stranded,1,0,126.1375503540039,37.20429611206055,0.25
offshore,159,126.3095474243164,37.33449172973633,2026-06-04T15:32:55.710793,stranded,1,0,126.39450073242188,37.244224548339844,0.62
offshore,160,126.20653533935547,37.41842269897461,2026-06-04T15:42:00.410167,stranded,1,0,126.40306854248047,37.390708923339844,0.88
offshore,161,126.242919921875,37.10694885253906,2026-06-04T16:08:12.139315,stranded,1,0,126.34725952148438,37.15009689331055,0.38
offshore,162,126.06438446044922,37.15656661987305,2026-06-04T16:24:54.958423,stranded,1,0,126.09667205810547,37.16611862182617,0.25
offshore,163,126.35456085205078,37.30829620361328,2026-06-04T16:33:03.645315,stranded,1,0,126.41297912597656,37.36840057373047,0.25
offshore,164,126.3400650024414,37.50071716308594,2026-06-04T16:54:59.308250,stranded,1,0,126.42072296142578,37.53583526611328,0.25
offshore,165,126.3188247680664,37.45270538330078,2026-06-04T18:17:56.351983,stranded,1,0,126.35843658447266,37.46057891845703,0.25
offshore,166,126.258056640625,37.37629318237305,2026-06-04T18:50:33.869495,stranded,1,0,126.2894287109375,37.26812744140625,0.5
offshore,167,126.03754425048828,37.543819427490234,2026-06-04T19:01:44.346268,stranded,1,0,126.2335433959961,37.18665313720703,4.12
offshore,168,126.38475799560547,37.393070220947266,2026-06-04T19:39:11.729429,stranded,1,0,126.39112091064453,37.396793365478516,0.25
offshore,169,125.91802978515625,37.16652297973633,2026-06-04T20:47:08.922617,stranded,1,0,125.9452133178711,37.06989288330078,1.25
offshore,170,126.03645324707031,37.352081298828125,2026-06-04T20:59:03.040063,stranded,1,0,126.1135482788086,37.214717864990234,0.75
offshore,171,126.13148498535156,37.1069221496582,2026-06-04T21:02:01.397744,stranded,1,0,126.34587860107422,37.14897537231445,10.0
offshore,172,126.0971908569336,37.60737991333008,2026-06-04T21:23:13.739511,stranded,1,0,126.39031219482422,37.39755630493164,1.62
offshore,173,126.15984344482422,37.19828796386719,2026-06-04T22:27:37.592252,stranded,1,0,126.17089080810547,36.95909118652344,10.25
offshore,174,126.09398651123047,37.2674674987793,2026-06-04T22:51:36.210523,stranded,1,0,126.10444641113281,37.1817512512207,1.25
offshore,175,126.08106231689453,37.36195373535156,2026-06-04T23:43:16.080281,stranded,1,0,126.09230041503906,37.182369232177734,0.5
offshore,176,126.04505157470703,37.11446762084961,2026-06-04T23:52:11.363833,stranded,1,0,126.02064514160156,37.0800895690918,0.25
offshore,177,125.91236114501953,37.454811096191406,2026-06-05T00:25:57.752390,stranded,1,0,126.08221435546875,37.2813606262207,4.0
offshore,178,126.13143157958984,37.49375534057617,2026-06-05T02:01:38.524972,stranded,1,0,126.27056884765625,37.330169677734375,1.62
offshore,179,125.91512298583984,37.36005401611328,2026-06-05T02:47:18.939036,stranded,1,0,126.09114837646484,37.2403678894043,0.88
offshore,180,125.94674682617188,37.21998596191406,2026-06-05T03:16:42.877222,stranded,1,0,126.01173400878906,37.155120849609375,0.62
offshore,181,126.01286315917969,37.07917785644531,2026-06-05T03:50:21.393393,stranded,1,1,126.01286315917969,37.07917785644531,0.12
offshore,182,126.08946990966797,37.49030685424805,2026-06-05T05:25:07.651752,stranded,1,0,126.15845489501953,37.23555374145508,3.12
offshore,183,126.43960571289062,37.5020751953125,2026-06-05T05:57:52.647822,stranded,1,0,126.49958801269531,37.52428436279297,0.38
offshore,184,126.33737182617188,37.37216567993164,2026-06-05T06:09:42.700236,stranded,1,0,126.40584564208984,37.389747619628906,0.25
offshore,185,125.99470520019531,37.13672637939453,2026-06-05T06:21:59.741381,stranded,1,0,125.96682739257812,37.08686065673828,0.38
offshore,186,126.35333251953125,37.398536682128906,2026-06-05T06:46:02.038580,stranded,1,0,126.3927230834961,37.40292739868164,0.38
offshore,187,126.05512237548828,37.226985931396484,2026-06-05T06:58:59.713607,stranded,1,0,126.08690643310547,37.175777435302734,0.62
offshore,188,126.03468322753906,37.18454360961914,2026-06-05T07:32:37.744172,stranded,1,0,126.02269744873047,37.12450408935547,0.62
offshore,189,126.34922790527344,37.355037689208984,2026-06-05T07:42:23.705187,stranded,1,0,126.32147979736328,37.25857925415039,1.0
offshore,190,126.03633117675781,37.214542388916016,2026-06-05T08:14:24.824978,stranded,1,0,126.01287078857422,37.13656997680664,0.62
offshore,191,126.14039611816406,37.31094741821289,2026-06-05T08:55:40.030021,stranded,1,0,126.11663818359375,37.210533142089844,1.12
offshore,192,126.21754455566406,37.304866790771484,2026-06-05T09:10:32.849872,stranded,1,0,126.09129333496094,37.28232955932617,1.0
offshore,193,126.30648040771484,37.23665237426758,2026-06-05T09:19:11.314383,stranded,1,0,126.32041931152344,37.24658203125,0.25
offshore,194,126.28335571289062,37.65269088745117,2026-06-05T09:41:02.540544,stranded,1,0,126.34873962402344,37.65137481689453,0.62
offshore,195,126.10696411132812,37.41362380981445,2026-06-05T09:54:05.311670,stranded,1,0,126.08187103271484,37.28915023803711,1.25
offshore,196,126.18236541748047,37.572906494140625,2026-06-05T10:10:17.942565,stranded,1,0,126.33770751953125,37.52987289428711,5.38
offshore,197,126.07792663574219,37.62593078613281,2026-06-05T10:25:08.019615,stranded,1,0,126.38504028320312,37.455204010009766,5.5
offshore,198,126.26726531982422,37.48749923706055,2026-06-05T11:19:54.459026,stranded,1,0,126.2709732055664,37.32988357543945,1.38
offshore,199,126.0875244140625,37.105533599853516,2026-06-05T12:27:18.542839,stranded,1,1,126.0875244140625,37.105533599853516,0.12
offshore,200,126.31171417236328,37.17234420776367,2026-06-05T12:47:22.251981,stranded,1,1,126.31171417236328,37.17234420776367,0.12
offshore,201,126.45030975341797,37.49772644042969,2026-06-05T14:08:34.962289,stranded,1,1,126.45030975341797,37.49772644042969,0.12
offshore,202,126.11740112304688,37.48426055908203,2026-06-05T17:32:39.746008,stranded,1,0,126.3906021118164,37.4007453918457,4.88
offshore,203,126.128662109375,37.14934158325195,2026-06-05T17:39:37.746535,stranded,1,0,126.15567779541016,37.236942291259766,0.5
offshore,204,126.34626770019531,37.11331558227539,2026-06-05T18:05:14.566432,stranded,1,0,126.39337921142578,37.11423110961914,1.0
offshore,205,126.07231903076172,37.48127365112305,2026-06-05T18:05:36.642071,stranded,1,0,126.62197875976562,37.43431091308594,7.62
offshore,206,126.09624481201172,37.29661560058594,2026-06-05T19:45:38.935817,stranded,1,0,126.08295440673828,37.28114318847656,0.75
offshore,207,126.20398712158203,37.2257194519043,2026-06-05T20:30:47.077050,stranded,1,0,126.11510467529297,37.258384704589844,0.38
offshore,208,126.08770751953125,37.617488861083984,2026-06-05T22:44:15.499620,stranded,1,0,126.34689331054688,37.52724075317383,4.88
offshore,209,125.96112823486328,37.22856140136719,2026-06-06T00:11:55.877230,stranded,1,0,125.90767669677734,37.18671798706055,12.38
offshore,210,125.99440002441406,37.223236083984375,2026-06-06T00:28:05.741298,stranded,1,0,125.97064208984375,37.18515396118164,0.25
offshore,211,126.41973114013672,37.40158462524414,2026-06-06T00:40:05.055143,stranded,1,1,126.41973114013672,37.40158462524414,0.12
offshore,212,126.10726165771484,37.184349060058594,2026-06-06T01:36:58.168208,stranded,1,0,126.10330963134766,37.184349060058594,0.25
offshore,213,126.33973693847656,37.212249755859375,2026-06-06T02:03:47.262881,stranded,1,0,126.29629516601562,37.17266845703125,0.25
offshore,214,125.94515991210938,37.569698333740234,2026-06-06T03:32:01.993406,stranded,1,0,126.2544174194336,37.62989807128906,6.12
offshore,215,126.1303939819336,37.27522659301758,2026-06-06T03:59:16.145283,stranded,1,0,126.1300277709961,37.250038146972656,0.5
offshore,216,125.95924377441406,37.444435119628906,2026-06-06T04:14:26.294166,stranded,1,0,126.39261627197266,37.445762634277344,6.12
offshore,217,126.29436492919922,37.26541519165039,2026-06-06T04:25:33.683796,stranded,1,1,126.29436492919922,37.26541519165039,0.12
offshore,218,126.08605194091797,37.19942092895508,2026-06-06T04:27:22.837065,stranded,1,0,126.09538269042969,37.18840408325195,0.5
offshore,219,126.40835571289062,37.34269332885742,2026-06-06T04:52:55.063831,stranded,1,0,126.39580535888672,37.40262985229492,0.88
offshore,220,126.08979034423828,37.348365783691406,2026-06-06T04:56:23.301763,stranded,1,0,126.09431457519531,37.18775177001953,3.38
offshore,221,126.4549789428711,37.44223403930664,2026-06-06T05:25:40.250976,stranded,1,0,126.42853546142578,37.390411376953125,0.62
offshore,222,126.18659973144531,37.488094329833984,2026-06-06T05:50:01.367822,stranded,1,0,126.36891174316406,37.44075012207031,3.5
offshore,223,126.45621490478516,37.54021072387695,2026-06-06T07:30:44.574212,stranded,1,1,126.45621490478516,37.54021072387695,0.12
offshore,224,126.17655181884766,37.548519134521484,2026-06-06T07:43:16.038929,stranded,1,0,126.41405487060547,37.417179107666016,4.38
offshore,225,126.10360717773438,37.364845275878906,2026-06-06T07:47:43.901278,stranded,1,0,126.0956802368164,37.253021240234375,3.25
offshore,226,126.36585998535156,37.376258850097656,2026-06-06T07:47:44.099353,stranded,1,0,126.10588836669922,37.272377014160156,2.0
offshore,227,126.10026550292969,37.366058349609375,2026-06-06T11:48:39.658721,stranded,1,0,126.08788299560547,37.277923583984375,2.12
offshore,228,126.08201599121094,37.38314437866211,2026-06-06T11:54:34.738340,stranded,1,0,126.08780670166016,37.18043899536133,3.12
offshore,229,126.38740539550781,37.33412551879883,2026-06-06T12:18:26.297713,stranded,1,0,126.30530548095703,37.26406478881836,0.38
offshore,230,126.205322265625,37.28848648071289,2026-06-06T13:06:21.679481,stranded,1,0,126.09395599365234,37.28180694580078,1.25
offshore,231,126.11011505126953,37.57573318481445,2026-06-06T13:08:20.535106,stranded,1,0,126.40950012207031,37.384559631347656,4.0
offshore,232,126.26701354980469,37.25977325439453,2026-06-06T13:10:49.601252,stranded,1,0,126.0850601196289,37.28764724731445,0.75
offshore,233,126.0205307006836,37.417484283447266,2026-06-06T13:25:26.096352,stranded,1,0,126.13702392578125,37.211814880371094,3.12
offshore,234,125.97573852539062,37.55414581298828,2026-06-06T14:47:06.907747,stranded,1,0,126.36477661132812,37.45716094970703,4.75
offshore,235,126.35804748535156,37.537322998046875,2026-06-06T14:52:27.379039,stranded,1,0,126.35546112060547,37.534584045410156,0.25
offshore,236,126.0258560180664,37.49603271484375,2026-06-06T14:53:20.586466,stranded,1,0,126.32976531982422,37.25775146484375,4.38
offshore,237,126.00141906738281,37.20561981201172,2026-06-06T14:54:51.321891,stranded,1,0,125.97648620605469,37.193511962890625,0.25
offshore,238,126.06143951416016,37.572357177734375,2026-06-06T16:28:16.682340,stranded,1,0,126.19232177734375,37.65639877319336,4.62
offshore,239,125.95372772216797,37.255897521972656,2026-06-06T16:46:18.466691,stranded,1,0,126.0946044921875,37.251590728759766,2.0
offshore,240,126.37566375732422,37.58478927612305,2026-06-06T17:09:28.620450,stranded,1,0,126.38108825683594,37.60894012451172,0.25
offshore,241,126.15200805664062,37.27370834350586,2026-06-06T17:24:37.490781,stranded,1,0,126.10638427734375,37.2733268737793,1.62
offshore,242,125.98360443115234,37.376869201660156,2026-06-06T18:06:05.994776,stranded,1,0,126.07772827148438,37.28309631347656,2.88
offshore,243,126.170654296875,37.29566192626953,2026-06-06T18:11:32.947922,stranded,1,0,126.07786560058594,37.289390563964844,1.25
offshore,244,126.15509796142578,37.47104263305664,2026-06-06T18:26:42.325013,stranded,1,0,126.426025390625,37.36777877807617,4.38
offshore,245,126.17328643798828,37.609310150146484,2026-06-06T18:36:17.534206,stranded,1,0,126.19196319580078,37.660560607910156,3.88
offshore,246,125.9256362915039,37.48046112060547,2026-06-06T18:48:58.518068,stranded,1,0,126.2958984375,37.25444793701172,4.25
offshore,247,126.09326934814453,37.237525939941406,2026-06-06T19:03:25.795957,stranded,1,1,126.09326934814453,37.237525939941406,0.12
offshore,248,126.38507080078125,37.2395133972168,2026-06-06T19:26:46.450200,stranded,1,1,126.38507080078125,37.2395133972168,0.12
offshore,249,126.2157974243164,37.613555908203125,2026-06-06T20:06:23.066279,stranded,1,0,126.20543670654297,37.65516662597656,0.25
offshore,250,126.32830047607422,37.27753448486328,2026-06-06T20:49:39.454950,stranded,1,0,126.27120971679688,37.32938003540039,0.5
offshore,251,126.14112091064453,37.424861907958984,2026-06-06T22:05:48.244274,stranded,1,0,126.09407806396484,37.25119400024414,1.5
offshore,252,125.99732971191406,37.33857345581055,2026-06-06T22:14:19.568262,stranded,1,0,125.97679901123047,37.188446044921875,1.0
offshore,253,125.9499740600586,37.315834045410156,2026-06-06T22:44:29.592040,stranded,1,0,125.90709686279297,37.18655014038086,1.0
offshore,254,126.0245132446289,37.556941986083984,2026-06-06T22:48:20.425347,stranded,1,0,126.41452026367188,37.367034912109375,4.38
offshore,255,126.30038452148438,37.49399948120117,2026-06-06T23:39:31.101499,stranded,1,0,126.46437072753906,37.282875061035156,1.75
offshore,256,126.15313720703125,37.45278549194336,2026-06-07T00:17:47.182011,stranded,1,0,126.2218246459961,37.17984390258789,2.12
offshore,257,126.02083587646484,37.11982345581055,2026-06-07T00:24:55.907192,stranded,1,1,126.02083587646484,37.11982345581055,0.12
offshore,258,125.94217681884766,37.15935134887695,2026-06-07T00:26:50.496021,stranded,1,0,126.02112579345703,37.079978942871094,1.25
offshore,259,126.34861755371094,37.261451721191406,2026-06-07T01:41:51.775183,stranded,1,0,126.34735107421875,37.26015090942383,0.25
offshore,260,126.2584228515625,37.27372741699219,2026-06-07T02:01:08.717678,stranded,1,0,126.29620361328125,37.254852294921875,0.5
offshore,261,125.86837768554688,37.2899284362793,2026-06-07T02:19:28.128357,stranded,1,0,126.0114517211914,37.14715576171875,1.5
offshore,262,126.42657470703125,37.42167282104492,2026-06-07T02:55:50.833330,stranded,1,0,126.41139221191406,37.410194396972656,0.25
offshore,263,126.31652069091797,37.55681228637695,2026-06-07T03:48:08.857068,stranded,1,1,126.31652069091797,37.55681228637695,0.12
offshore,264,126.33753204345703,37.496891021728516,2026-06-07T05:02:26.345057,stranded,1,0,126.38964080810547,37.44086837768555,0.88
offshore,265,125.99536895751953,37.11952209472656,2026-06-07T06:57:40.154968,stranded,1,0,125.94735717773438,37.0922966003418,0.5
offshore,266,126.28666687011719,37.345619201660156,2026-06-07T07:14:06.391965,stranded,1,0,126.28585052490234,37.26993942260742,0.5
offshore,267,126.10259246826172,37.270103454589844,2026-06-07T07:21:56.396518,stranded,1,1,126.10259246826172,37.270103454589844,0.12
offshore,268,126.1505126953125,37.12493896484375,2026-06-07T08:08:33.277827,stranded,1,0,126.35734558105469,37.01128005981445,3.0
offshore,269,126.14167022705078,37.44405746459961,2026-06-07T08:23:59.961587,stranded,1,0,126.3238296508789,37.256858825683594,1.62
offshore,270,126.13296508789062,37.15915298461914,2026-06-07T10:07:50.345229,stranded,1,0,126.07637023925781,37.10609436035156,0.38
offshore,271,125.92825317382812,37.486839294433594,2026-06-07T11:31:35.760504,stranded,1,0,126.09192657470703,37.231590270996094,2.12
offshore,272,125.96118927001953,37.13729476928711,2026-06-07T11:57:08.335350,stranded,1,0,125.9412841796875,37.0694580078125,0.5
offshore,273,126.37428283691406,37.363555908203125,2026-06-07T12:07:20.073469,stranded,1,0,126.33016967773438,37.25857925415039,0.5
offshore,274,125.92675018310547,37.40590286254883,2026-06-07T12:11:57.173507,stranded,1,0,126.08025360107422,37.28120803833008,1.25
offshore,275,126.25811767578125,37.39125061035156,2026-06-07T13:22:16.571628,stranded,1,0,126.3392562866211,37.26108932495117,0.75
offshore,276,126.3787612915039,37.46760940551758,2026-06-07T13:28:29.046862,stranded,1,0,126.37675476074219,37.464141845703125,0.25
offshore,277,126.22486877441406,37.36064910888672,2026-06-07T14:01:07.213106,stranded,1,0,126.33831787109375,37.26126480102539,0.75
offshore,278,126.08511352539062,37.470767974853516,2026-06-07T14:11:40.615744,stranded,1,0,126.43268585205078,37.235801696777344,3.0
offshore,279,125.96089172363281,37.485111236572266,2026-06-07T14:16:47.215183,stranded,1,0,126.3132095336914,37.24794387817383,4.12
offshore,280,126.34657287597656,37.598487854003906,2026-06-07T14:51:36.484270,stranded,1,0,126.33441162109375,37.550235748291016,0.25
offshore,281,126.12958526611328,37.266571044921875,2026-06-07T14:59:03.313251,stranded,1,0,126.11920166015625,37.2579231262207,0.25
offshore,282,126.1983642578125,37.332305908203125,2026-06-07T15:45:37.816597,stranded,1,0,126.28803253173828,37.27092361450195,0.75
offshore,283,126.16446685791016,37.12196731567383,2026-06-07T16:36:34.239041,stranded,1,0,126.36323547363281,37.00354766845703,3.62
offshore,284,126.37944030761719,37.264163970947266,2026-06-07T16:55:51.297575,stranded,1,0,126.44721984863281,37.2711067199707,0.62
offshore,285,126.302001953125,37.26860809326172,2026-06-07T17:21:11.354036,stranded,1,0,126.30935668945312,37.26300048828125,0.25
offshore,286,126.22295379638672,37.11857604980469,2026-06-07T17:29:01.007686,stranded,1,0,126.32083129882812,37.15041732788086,0.38
offshore,287,126.43062591552734,37.275882720947266,2026-06-07T17:31:55.095843,stranded,1,0,126.43421173095703,37.26414108276367,0.25
offshore,288,126.3754653930664,37.1732177734375,2026-06-07T19:09:28.713081,stranded,1,0,126.45308685302734,37.11653137207031,0.62
offshore,289,126.11519622802734,37.42681884765625,2026-06-07T20:01:55.139337,stranded,1,0,126.27234649658203,37.31489181518555,2.25
offshore,290,126.16127014160156,37.269832611083984,2026-06-07T20:31:17.913793,stranded,1,0,126.12258911132812,37.24687576293945,0.5
offshore,291,126.19763946533203,37.5468635559082,2026-06-07T21:11:50.152202,stranded,1,0,126.27495574951172,37.543853759765625,0.75
offshore,292,126.31907653808594,37.37160110473633,2026-06-07T22:24:30.427207,stranded,1,0,126.31330871582031,37.2623405456543,0.5
offshore,293,126.1655044555664,37.613956451416016,2026-06-07T23:15:59.619446,stranded,1,0,126.269775390625,37.5489616394043,1.88
offshore,294,126.33522033691406,37.60874938964844,2026-06-07T23:40:32.752739,stranded,1,0,126.33374786376953,37.54983901977539,0.5
offshore,295,126.00520324707031,37.51233673095703,2026-06-08T00:15:20.687135,stranded,1,0,126.38682556152344,37.43872833251953,3.88
offshore,296,126.34003448486328,37.32324981689453,2026-06-08T01:57:02.487584,stranded,1,0,126.32734680175781,37.25774383544922,0.25
offshore,297,126.3175277709961,37.531734466552734,2026-06-08T02:13:05.185879,stranded,1,0,126.37183380126953,37.44468688964844,0.38
offshore,298,126.09840393066406,37.34501266479492,2026-06-08T02:26:51.020122,stranded,1,0,126.08030700683594,37.28885269165039,0.25
offshore,299,125.9673080444336,37.43647003173828,2026-06-08T02:47:19.460828,stranded,1,0,126.0801773071289,37.28138732910156,1.0
offshore,300,126.29042053222656,37.25324630737305,2026-06-08T03:12:14.342836,stranded,1,0,126.26969909667969,37.174949645996094,0.38
offshore,301,126.34165954589844,37.47867965698242,2026-06-08T03:53:37.139204,stranded,1,0,126.37130737304688,37.44817352294922,0.25
offshore,302,126.01708984375,37.27218246459961,2026-06-08T03:53:44.850192,stranded,1,0,126.09131622314453,37.22838592529297,0.38
offshore,303,126.2877197265625,37.58644485473633,2026-06-08T04:41:48.855373,stranded,1,0,126.31266021728516,37.55778121948242,0.25
offshore,304,126.20540618896484,37.15546798706055,2026-06-08T05:36:46.621794,stranded,1,0,126.26911163330078,37.14299774169922,0.38
offshore,305,126.26266479492188,37.20517349243164,2026-06-08T06:09:20.919024,stranded,1,0,126.34687042236328,37.14995574951172,1.12
offshore,306,126.2364273071289,37.288902282714844,2026-06-08T06:20:18.848966,stranded,1,0,126.28042602539062,37.262943267822266,0.25
offshore,307,126.11528778076172,37.37771987915039,2026-06-08T07:24:52.807318,stranded,1,0,126.4688949584961,37.28439712524414,4.25
offshore,308,126.36565399169922,37.2334098815918,2026-06-08T08:15:46.086960,stranded,1,0,126.3855972290039,37.239585876464844,0.25
offshore,309,126.24481201171875,37.253292083740234,2026-06-08T09:30:19.297149,stranded,1,0,126.34645080566406,36.99514389038086,2.0
offshore,310,126.25416564941406,37.11121368408203,2026-06-08T10:15:54.578635,stranded,1,0,126.32881927490234,36.99934768676758,7.12
offshore,311,126.44756317138672,37.10245895385742,2026-06-08T10:35:14.232064,stranded,1,1,126.44756317138672,37.10245895385742,0.12
offshore,312,126.10348510742188,37.459224700927734,2026-06-08T10:43:07.215975,stranded,1,0,126.40581512451172,37.41031265258789,2.88
offshore,313,126.03814697265625,37.49388122558594,2026-06-08T10:57:43.025884,stranded,1,0,126.39346313476562,37.4630012512207,3.0
offshore,314,126.04792022705078,37.23537063598633,2026-06-08T11:02:37.243386,stranded,1,0,126.02255249023438,37.11605453491211,0.5
offshore,315,126.15267944335938,37.50271224975586,2026-06-08T11:15:20.551212,stranded,1,0,126.370361328125,37.449737548828125,2.12
offshore,316,125.93214416503906,37.09376907348633,2026-06-08T12:40:49.632011,stranded,1,0,125.94169616699219,37.07646942138672,0.62
offshore,317,126.10115814208984,37.185935974121094,2026-06-08T12:44:03.037086,stranded,1,1,126.10115814208984,37.185935974121094,0.12
offshore,318,126.08280181884766,37.42518997192383,2026-06-08T13:43:10.288013,stranded,1,0,126.33573150634766,37.258338928222656,3.0
offshore,319,125.96760559082031,37.527408599853516,2026-06-08T14:31:51.278722,stranded,1,0,126.3566665649414,37.462825775146484,3.12
offshore,320,126.09819793701172,37.278656005859375,2026-06-08T14:35:28.325887,stranded,1,1,126.09819793701172,37.278656005859375,0.12
offshore,321,126.14173126220703,37.4246826171875,2026-06-08T14:49:00.448455,stranded,1,0,126.40930938720703,37.37199783325195,2.75
offshore,322,125.89950561523438,37.14738464355469,2026-06-08T15:27:43.948751,stranded,1,0,125.97627258300781,37.18342590332031,0.5
offshore,323,126.26496887207031,37.208595275878906,2026-06-08T15:58:56.738900,stranded,1,0,126.25567626953125,37.18150329589844,0.25
offshore,324,126.33069610595703,37.221988677978516,2026-06-08T19:50:31.144298,stranded,1,0,126.37508392333984,37.2071533203125,0.62
offshore,325,126.18954467773438,37.465721130371094,2026-06-08T20:44:09.926683,stranded,1,0,126.37823486328125,37.4376106262207,2.38
offshore,326,126.32667541503906,37.526248931884766,2026-06-08T20:45:19.418465,stranded,1,1,126.32667541503906,37.526248931884766,0.12
offshore,327,126.16641235351562,37.61178207397461,2026-06-08T21:34:48.549672,stranded,1,0,126.19081115722656,37.685882568359375,1.5
offshore,328,126.11024475097656,37.52406311035156,2026-06-08T21:40:19.340273,stranded,1,0,126.2079849243164,37.65570831298828,1.88
offshore,329,126.03819274902344,37.21571350097656,2026-06-08T22:02:53.998836,stranded,1,0,125.99662780761719,37.19682693481445,0.5
offshore,330,126.08381652832031,37.36783218383789,2026-06-08T22:54:29.743773,stranded,1,0,126.3331298828125,37.25554656982422,2.5
offshore,331,126.05645751953125,37.32914352416992,2026-06-08T23:35:20.987741,stranded,1,0,126.15474700927734,37.237815856933594,2.12
offshore,332,126.3964614868164,37.4891242980957,2026-06-08T23:49:48.105644,stranded,1,0,126.38396453857422,37.45475387573242,0.5
offshore,333,126.2470703125,37.10074996948242,2026-06-09T00:07:22.092915,stranded,1,0,126.35400390625,37.0001106262207,1.62
offshore,334,126.36832427978516,37.11659240722656,2026-06-09T00:36:23.226966,stranded,1,0,126.38842010498047,37.01212692260742,0.62
offshore,335,125.91279602050781,37.132076263427734,2026-06-09T01:06:25.876598,stranded,1,0,126.01087951660156,37.14866638183594,0.62
offshore,336,126.33013916015625,37.189598083496094,2026-06-09T01:57:30.982825,stranded,1,0,126.30439758300781,37.17279815673828,0.25
offshore,337,125.91059875488281,37.57377624511719,2026-06-09T02:07:02.445127,stranded,1,0,126.25525665283203,37.62924575805664,3.75
offshore,338,126.022216796875,37.35968780517578,2026-06-09T03:42:13.626700,stranded,1,0,126.3166275024414,37.26189041137695,2.38
offshore,339,126.14895629882812,37.533470153808594,2026-06-09T04:17:27.174380,stranded,1,0,126.32925415039062,37.532413482666016,1.5
offshore,340,126.38465881347656,37.20651626586914,2026-06-09T04:21:48.701087,stranded,1,1,126.38465881347656,37.20651626586914,0.12
offshore,341,125.9386215209961,37.321956634521484,2026-06-09T04:47:30.561280,stranded,1,0,126.2941665649414,37.255924224853516,2.5
offshore,342,126.2840347290039,37.578731536865234,2026-06-09T04:50:54.542302,stranded,1,0,126.32826232910156,37.5296630859375,0.25
offshore,343,126.206298828125,37.26831817626953,2026-06-09T05:13:19.188188,stranded,1,0,126.310546875,37.24877166748047,0.38
offshore,344,126.16390228271484,37.5195198059082,2026-06-09T07:02:46.972048,stranded,1,0,126.24633026123047,37.63124465942383,1.0
offshore,345,126.05376434326172,37.581172943115234,2026-06-09T07:14:33.078645,stranded,1,0,126.1429672241211,37.68309020996094,1.5
offshore,346,126.09876251220703,37.2595100402832,2026-06-09T07:21:18.319285,stranded,1,1,126.09876251220703,37.2595100402832,0.12
offshore,347,126.15077209472656,37.13901901245117,2026-06-09T07:21:54.420661,stranded,1,0,126.24109649658203,37.1780891418457,0.38
offshore,348,126.45780181884766,37.180965423583984,2026-06-09T07:24:06.889189,stranded,1,0,126.53620910644531,37.19587326049805,0.38
offshore,349,125.95537567138672,37.187461853027344,2026-06-09T07:41:40.091722,stranded,1,0,125.97334289550781,37.186790466308594,0.25
offshore,350,126.42484283447266,37.54005813598633,2026-06-09T08:59:07.827411,stranded,1,1,126.42484283447266,37.54005813598633,0.12
offshore,351,126.0888442993164,37.27511215209961,2026-06-09T09:30:39.502130,stranded,1,1,126.0888442993164,37.27511215209961,0.12
offshore,352,125.9842758178711,37.299434661865234,2026-06-09T10:15:34.146745,stranded,1,0,126.08699035644531,37.2858772277832,1.5
offshore,353,126.23050689697266,37.595272064208984,2026-06-09T10:16:54.452050,stranded,1,0,126.20828247070312,37.656280517578125,0.75
offshore,354,126.32989501953125,37.47290802001953,2026-06-09T10:25:56.813457,stranded,1,0,126.39714813232422,37.45857620239258,1.12
offshore,355,126.28680419921875,37.22849655151367,2026-06-09T11:00:58.923201,stranded,1,0,126.29366302490234,37.25521469116211,0.25
offshore,356,126.41143798828125,37.33338165283203,2026-06-09T12:13:30.022750,stranded,1,0,126.35353088378906,37.225791931152344,0.62
offshore,357,126.211181640625,37.347503662109375,2026-06-09T12:42:23.003685,stranded,1,0,126.34392547607422,37.26055908203125,1.38
offshore,358,126.32891845703125,37.36848831176758,2026-06-09T12:55:31.919124,stranded,1,0,126.39265441894531,37.24528884887695,1.0
offshore,359,126.30409240722656,37.11276626586914,2026-06-09T15:16:59.447037,stranded,1,0,126.39427947998047,37.006591796875,2.88
offshore,360,126.34693145751953,37.48085021972656,2026-06-09T16:28:58.997302,stranded,1,0,126.36349487304688,37.456329345703125,0.38
offshore,361,126.19031524658203,37.350040435791016,2026-06-09T16:35:15.972612,stranded,1,0,126.49386596679688,37.27843475341797,1.75
offshore,362,125.88603973388672,37.3232307434082,2026-06-09T16:41:02.151398,stranded,1,0,126.09734344482422,37.27637481689453,1.5
offshore,363,126.28361511230469,37.32258605957031,2026-06-09T16:44:46.744867,stranded,1,0,126.45591735839844,37.23038101196289,1.5
offshore,364,126.09022521972656,37.10964584350586,2026-06-09T17:11:14.492617,stranded,1,0,126.08600616455078,37.10661315917969,0.25
offshore,365,126.22290802001953,37.10798263549805,2026-06-09T17:37:08.010550,stranded,1,0,126.27638244628906,37.14025115966797,0.5
offshore,366,126.40838623046875,37.32451629638672,2026-06-09T17:39:31.863223,stranded,1,0,126.47447204589844,37.28325271606445,0.88
offshore,367,125.97936248779297,37.17460250854492,2026-06-09T18:14:25.635795,stranded,1,0,126.08209991455078,37.108219146728516,1.25
offshore,368,126.42269897460938,37.501399993896484,2026-06-09T20:33:46.793347,stranded,1,0,126.42669677734375,37.517189025878906,0.25
offshore,369,126.37794494628906,37.40614700317383,2026-06-09T21:11:08.968652,stranded,1,0,126.39999389648438,37.44261932373047,0.38
offshore,370,125.96472930908203,37.17901611328125,2026-06-09T22:00:22.777987,stranded,1,1,125.96472930908203,37.17901611328125,0.12
offshore,371,126.08074951171875,37.432621002197266,2026-06-09T22:37:46.341937,stranded,1,0,126.26609802246094,37.55070114135742,3.0
offshore,372,126.30015563964844,37.47373962402344,2026-06-09T22:49:48.085968,stranded,1,0,126.36304473876953,37.47331619262695,0.62
offshore,373,126.07182312011719,37.25944900512695,2026-06-10T00:07:03.911652,stranded,1,0,126.08442687988281,37.28118896484375,0.25
offshore,374,126.19098663330078,37.39145278930664,2026-06-10T01:03:30.578775,stranded,1,0,126.51546478271484,37.25325393676758,2.5
offshore,375,126.1170654296875,37.45207977294922,2026-06-10T02:06:47.616108,stranded,1,0,126.41414642333984,37.36664962768555,2.12
offshore,376,126.41883087158203,37.23263931274414,2026-06-10T02:38:30.351126,stranded,1,0,126.5407943725586,37.09938430786133,1.38
offshore,377,126.15608215332031,37.44129180908203,2026-06-10T03:34:25.241347,stranded,1,0,126.6017837524414,37.44239044189453,3.12
offshore,378,126.39884185791016,37.16034698486328,2026-06-10T03:45:27.403327,stranded,1,0,126.46031951904297,37.091888427734375,0.62
offshore,379,126.29247283935547,37.29612350463867,2026-06-10T03:49:37.220658,stranded,1,0,126.29625701904297,37.2664794921875,0.25
offshore,380,126.28536987304688,37.612083435058594,2026-06-10T03:58:14.957230,stranded,1,0,126.40633392333984,37.597412109375,0.5
offshore,381,126.19132995605469,37.53115463256836,2026-06-10T04:16:22.566745,stranded,1,0,126.39322662353516,37.456443786621094,1.25
offshore,382,126.41356658935547,37.19963455200195,2026-06-10T04:46:05.736376,stranded,1,0,126.49996185302734,37.059410095214844,1.38
offshore,383,126.31050872802734,37.317203521728516,2026-06-10T05:42:55.166159,stranded,1,0,126.33619689941406,37.257049560546875,0.38
offshore,384,125.91753387451172,37.25067901611328,2026-06-10T06:39:55.735973,stranded,1,0,126.07785034179688,37.28386688232422,1.0
offshore,385,126.38907623291016,37.47581100463867,2026-06-10T07:36:58.902799,stranded,1,0,126.45843505859375,37.469303131103516,0.38
offshore,386,125.96099090576172,37.277191162109375,2026-06-10T07:59:33.290797,stranded,1,0,126.08866119384766,37.27515411376953,0.88
offshore,387,126.24513244628906,37.2043342590332,2026-06-10T09:08:40.735932,stranded,1,0,126.31243133544922,37.171993255615234,0.62
offshore,388,126.2226791381836,37.41787338256836,2026-06-10T10:16:48.144947,stranded,1,0,126.59967041015625,37.441593170166016,1.88
offshore,389,126.16564178466797,37.27122497558594,2026-06-10T10:37:05.694270,stranded,1,0,126.13965606689453,37.24270248413086,0.5
offshore,390,126.03377532958984,37.593692779541016,2026-06-10T10:49:06.848569,stranded,1,0,126.27204895019531,37.61922073364258,1.25
offshore,391,126.3994369506836,37.33053207397461,2026-06-10T10:59:22.900525,stranded,1,0,126.42242431640625,37.36701583862305,0.25
offshore,392,126.25276947021484,37.12985610961914,2026-06-10T11:26:32.548230,stranded,1,0,126.33448791503906,36.98729705810547,9.38
offshore,393,126.29663848876953,37.44606399536133,2026-06-10T11:27:26.148665,stranded,1,0,126.41432189941406,37.36734390258789,1.25
offshore,394,126.17098236083984,37.60824966430664,2026-06-10T12:08:10.902255,stranded,1,0,126.21018981933594,37.66474914550781,0.88
offshore,395,125.99405670166016,37.159934997558594,2026-06-10T13:34:10.006570,stranded,1,0,126.01433563232422,37.13508605957031,0.62
offshore,396,126.07432556152344,37.32976531982422,2026-06-10T13:34:39.091259,stranded,1,0,126.08722686767578,37.2796630859375,0.62
offshore,397,126.30540466308594,37.634822845458984,2026-06-10T13:37:53.985000,stranded,1,0,126.3125228881836,37.554412841796875,0.5
offshore,398,126.35285949707031,37.30514907836914,2026-06-10T14:49:23.385284,stranded,1,0,126.33134460449219,37.25771713256836,0.38
offshore,399,126.32878875732422,37.560150146484375,2026-06-10T15:42:28.665499,stranded,1,0,126.32943725585938,37.549827575683594,0.25
offshore,400,126.04806518554688,37.55119705200195,2026-06-10T17:04:12.670256,stranded,1,0,126.2531967163086,37.643768310546875,2.12
offshore,401,126.42100524902344,37.22990417480469,2026-06-10T17:15:32.992319,stranded,1,0,126.61711883544922,37.169002532958984,1.5
offshore,402,126.3061752319336,37.37581253051758,2026-06-10T17:20:20.572785,stranded,1,0,126.49107360839844,37.26048278808594,1.0
offshore,403,126.29814147949219,37.12508773803711,2026-06-10T17:51:59.328944,stranded,1,0,126.38041687011719,37.109893798828125,0.62
offshore,404,126.36029052734375,37.4500732421875,2026-06-10T18:07:02.707243,stranded,1,0,126.40921783447266,37.384185791015625,0.5
offshore,405,126.23101806640625,37.294734954833984,2026-06-10T18:09:23.375054,stranded,1,0,126.30879974365234,37.246612548828125,0.5
offshore,406,126.18180847167969,37.21452713012695,2026-06-10T18:23:57.342309,stranded,1,1,126.18180847167969,37.21452713012695,0.12
offshore,407,126.4428482055664,37.5539665222168,2026-06-10T18:51:52.239855,stranded,1,0,126.44056701660156,37.54425048828125,0.25
offshore,408,125.94058227539062,37.511173248291016,2026-06-10T19:46:17.191307,stranded,1,0,125.90863037109375,37.77692794799805,4.75
offshore,409,125.97808837890625,37.60976028442383,2026-06-10T19:56:48.126570,stranded,1,1,125.97808837890625,37.60976028442383,0.12
offshore,410,126.4320068359375,37.28143310546875,2026-06-10T21:00:02.239671,stranded,1,0,126.43247985839844,37.26369857788086,0.25
offshore,411,126.1966552734375,37.286468505859375,2026-06-10T21:43:10.094095,stranded,1,0,126.31792449951172,37.245033264160156,0.75
offshore,412,126.16136932373047,37.17395782470703,2026-06-10T22:38:20.461687,stranded,1,0,126.27425384521484,37.14122009277344,0.75
offshore,413,126.40338134765625,37.12496566772461,2026-06-10T23:14:29.748191,stranded,1,0,126.45252227783203,37.11766815185547,0.62
offshore,414,126.3797836303711,37.299137115478516,2026-06-10T23:45:52.971041,stranded,1,0,126.465576171875,37.2833251953125,0.62
offshore,415,126.24710845947266,37.360252380371094,2026-06-11T00:20:02.063371,stranded,1,0,126.6398696899414,37.426212310791016,2.38
offshore,416,126.1097640991211,37.2224006652832,2026-06-11T00:29:57.748626,stranded,1,1,126.1097640991211,37.2224006652832,0.12
offshore,417,126.43254852294922,37.234439849853516,2026-06-11T00:49:25.338284,stranded,1,0,126.43392944335938,37.234439849853516,0.25
offshore,418,126.007080078125,37.34245300292969,2026-06-11T01:06:43.598900,stranded,1,0,126.09085083007812,37.282962799072266,0.88
offshore,419,126.28099060058594,37.19371795654297,2026-06-11T01:34:58.083997,stranded,1,0,126.2718734741211,37.17546844482422,0.38
offshore,420,126.30726623535156,37.563621520996094,2026-06-11T03:45:01.487011,stranded,1,0,126.30927276611328,37.558589935302734,0.25
offshore,421,126.19329833984375,37.48526382446289,2026-06-11T04:05:33.123080,stranded,1,0,126.39751434326172,37.44490432739258,1.62
offshore,422,126.21597290039062,37.26455307006836,2026-06-11T04:44:06.957029,stranded,1,0,126.31021881103516,37.17211151123047,0.88
offshore,423,126.43769836425781,37.4539794921875,2026-06-11T06:00:27.146576,stranded,1,0,126.50938415527344,37.35734176635742,0.88
offshore,424,126.25065612792969,37.49967956542969,2026-06-11T06:36:54.284520,stranded,1,0,126.36727905273438,37.455963134765625,0.88
offshore,425,126.1477279663086,37.268272399902344,2026-06-11T07:24:54.085747,stranded,1,0,126.2793197631836,37.27494430541992,0.62
offshore,426,126.37237548828125,37.53608703613281,2026-06-11T07:40:58.331378,stranded,1,1,126.37237548828125,37.53608703613281,0.12
offshore,427,126.01039123535156,37.584197998046875,2026-06-11T08:04:16.757325,stranded,1,0,126.17469787597656,37.66946792602539,1.0
offshore,428,125.99956512451172,37.26595687866211,2026-06-11T08:22:48.024598,stranded,1,0,126.10166931152344,37.26521301269531,0.38
offshore,429,126.3572769165039,37.2575798034668,2026-06-11T08:33:04.509587,stranded,1,0,126.43620300292969,37.23247146606445,0.38
offshore,430,126.3468017578125,37.41849899291992,2026-06-11T08:48:52.823676,stranded,1,0,126.40904998779297,37.37509536743164,0.25
offshore,431,125.98892211914062,37.18733215332031,2026-06-11T08:50:23.167097,stranded,1,1,125.98892211914062,37.18733215332031,0.12
offshore,432,126.10795593261719,37.13976287841797,2026-06-11T08:56:08.957826,stranded,1,0,126.27206420898438,37.16257095336914,0.5
offshore,433,126.23517608642578,37.472442626953125,2026-06-11T09:34:10.088022,stranded,1,0,126.27375793457031,37.548152923583984,0.5
offshore,434,126.26646423339844,37.41679382324219,2026-06-11T09:43:32.060680,stranded,1,0,126.40087890625,37.4338264465332,1.25
offshore,435,125.98249053955078,37.192081451416016,2026-06-11T09:59:24.922473,stranded,1,1,125.98249053955078,37.192081451416016,0.12
offshore,436,126.04226684570312,37.2257080078125,2026-06-11T10:41:40.475840,stranded,1,0,126.09712982177734,37.25800704956055,0.25
offshore,437,126.29564666748047,37.14287185668945,2026-06-11T10:46:24.907412,stranded,1,0,126.37622833251953,37.20623779296875,0.38
offshore,438,125.99474334716797,37.49109649658203,2026-06-11T11:12:24.790309,stranded,1,0,126.13748168945312,37.68281936645508,1.38
offshore,439,126.08048248291016,37.50116729736328,2026-06-11T11:28:32.111442,stranded,1,0,126.13655090332031,37.68163299560547,1.88
offshore,440,126.06744384765625,37.3704948425293,2026-06-11T12:32:49.427332,stranded,1,0,125.87519073486328,37.76279067993164,6.62
offshore,441,125.98888397216797,37.216793060302734,2026-06-11T12:44:41.272222,stranded,1,0,126.0909652709961,37.246089935302734,18.75
offshore,442,126.22173309326172,37.17876434326172,2026-06-11T12:59:07.527367,stranded,1,1,126.22173309326172,37.17876434326172,0.12
offshore,443,126.33131408691406,37.63453674316406,2026-06-11T13:32:59.350611,stranded,1,0,126.35358428955078,37.65456771850586,0.75
offshore,444,126.20468139648438,37.37594985961914,2026-06-11T13:46:00.278205,stranded,1,0,126.3172607421875,37.261802673339844,7.12
offshore,445,125.9525375366211,37.46726989746094,2026-06-11T14:36:37.128746,stranded,1,0,125.96942901611328,37.608985900878906,2.0
offshore,446,126.40251159667969,37.550689697265625,2026-06-11T14:38:55.456788,stranded,1,0,126.40833282470703,37.52680587768555,0.75
offshore,447,126.37286376953125,37.199954986572266,2026-06-11T15:12:45.888075,stranded,1,0,126.36583709716797,37.20939254760742,0.25
offshore,448,125.96870422363281,37.35525894165039,2026-06-11T16:26:03.067743,stranded,1,0,125.97432708740234,37.60546875,2.62
offshore,449,126.01826477050781,37.32585906982422,2026-06-11T17:40:32.167920,stranded,1,0,125.91661834716797,37.77304458618164,5.38
offshore,450,126.1502456665039,37.23876953125,2026-06-11T19:59:54.128715,stranded,1,1,126.1502456665039,37.23876953125,0.12
offshore,451,126.20935821533203,37.131996154785156,2026-06-11T21:28:24.448807,stranded,1,0,126.25855255126953,37.16802978515625,0.25
offshore,452,126.04370880126953,37.42101287841797,2026-06-11T21:35:22.550449,stranded,1,0,125.91362762451172,37.831172943115234,3.5
offshore,453,125.95445251464844,37.1007194519043,2026-06-11T22:21:19.196705,stranded,1,0,126.01044464111328,37.14676284790039,0.25
offshore,454,126.37744903564453,37.302127838134766,2026-06-11T23:17:31.404291,stranded,1,0,126.44173431396484,37.37053680419922,0.25
offshore,455,126.29875183105469,37.57036590576172,2026-06-11T23:53:08.306740,stranded,1,0,126.37458038330078,37.61277389526367,0.75
offshore,456,126.373046875,37.333045959472656,2026-06-11T23:53:53.023143,stranded,1,0,126.41409301757812,37.36711120605469,0.25
offshore,457,126.05514526367188,37.61654281616211,2026-06-12T00:17:31.852218,stranded,1,0,126.12814331054688,37.68244552612305,0.75
offshore,458,125.92559051513672,37.631187438964844,2026-06-12T01:32:19.518028,stranded,1,0,125.89076232910156,37.772315979003906,1.5
offshore,459,126.19255065917969,37.460296630859375,2026-06-12T02:02:50.971601,stranded,1,0,126.21266174316406,37.7166862487793,1.88
offshore,460,126.12337493896484,37.30909729003906,2026-06-12T03:45:33.689296,stranded,1,0,126.08736419677734,37.28555679321289,0.25
offshore,461,126.1401138305664,37.138973236083984,2026-06-12T04:36:01.897181,stranded,1,0,126.18843078613281,37.20288848876953,0.62
offshore,462,126.337890625,37.58475112915039,2026-06-12T05:09:58.051417,stranded,1,0,126.35993194580078,37.5336799621582,0.38
offshore,463,126.28762817382812,37.166019439697266,2026-06-12T05:17:07.641978,stranded,1,0,126.28179931640625,37.16130065917969,0.25
offshore,464,126.27312469482422,37.50017547607422,2026-06-12T05:36:43.663997,stranded,1,0,126.34369659423828,37.52676010131836,0.62
offshore,465,126.13432312011719,37.57404708862305,2026-06-12T07:16:21.093269,stranded,1,0,126.20878601074219,37.66142272949219,0.5
offshore,466,126.11914825439453,37.57689666748047,2026-06-12T07:40:20.865479,stranded,1,0,126.17996978759766,37.670631408691406,0.62
offshore,467,126.08601379394531,37.24545669555664,2026-06-12T08:14:35.708114,stranded,1,0,126.11295318603516,37.210777282714844,0.38
offshore,468,126.33063507080078,37.140384674072266,2026-06-12T09:03:02.460914,stranded,1,0,126.39501190185547,37.24488067626953,0.62
offshore,469,126.18096923828125,37.21295928955078,2026-06-12T09:04:59.488045,stranded,1,1,126.18096923828125,37.21295928955078,0.12
offshore,470,126.41299438476562,37.56452941894531,2026-06-12T09:08:00.853897,stranded,1,0,126.42514038085938,37.54433822631836,0.25
offshore,471,126.041259765625,37.50887680053711,2026-06-12T10:00:13.310787,stranded,1,0,125.96527099609375,37.825279235839844,2.5
offshore,472,126.09832763671875,37.42115020751953,2026-06-12T10:55:17.199500,stranded,1,0,125.92184448242188,37.78020095825195,4.62
offshore,473,126.33830261230469,37.45793533325195,2026-06-12T10:59:03.934238,stranded,1,0,126.36162567138672,37.45658874511719,0.25
offshore,474,125.93453216552734,37.1452522277832,2026-06-12T11:29:15.207952,stranded,1,0,126.18075561523438,37.66971206665039,22.0
offshore,475,126.10562133789062,37.41583251953125,2026-06-12T11:33:50.591264,stranded,1,0,125.90784454345703,37.77044677734375,5.0
offshore,476,126.4578857421875,37.474769592285156,2026-06-12T12:26:28.581736,stranded,1,1,126.4578857421875,37.474769592285156,0.12
offshore,477,126.13985443115234,37.12480926513672,2026-06-12T14:22:02.563444,stranded,1,0,126.10270690917969,37.184959411621094,0.38
offshore,478,125.93893432617188,37.231075286865234,2026-06-12T14:46:48.053834,stranded,1,0,126.09285736083984,37.24919509887695,17.12
offshore,479,126.13780212402344,37.56947708129883,2026-06-12T15:51:46.558362,stranded,1,0,125.8907241821289,37.77151107788086,18.0
offshore,480,126.0156021118164,37.38543701171875,2026-06-12T16:11:57.257590,stranded,1,0,126.11183166503906,37.25923538208008,18.0
offshore,481,126.01398468017578,37.3466682434082,2026-06-12T17:36:09.738863,stranded,1,0,126.40876770019531,37.37143325805664,17.62
offshore,482,126.31897735595703,37.40864181518555,2026-06-12T17:52:07.513514,stranded,1,0,126.29545593261719,37.266300201416016,5.12
offshore,483,126.03269958496094,37.33230209350586,2026-06-12T17:52:17.098471,stranded,1,0,126.08626556396484,37.28619384765625,17.0
offshore,484,125.94707489013672,37.58474349975586,2026-06-12T18:48:33.888208,stranded,1,0,125.90113067626953,37.7689094543457,2.0
offshore,485,126.10758209228516,37.164161682128906,2026-06-12T19:39:24.154991,stranded,1,0,126.18052673339844,37.198570251464844,0.5
offshore,486,126.35863494873047,37.32501220703125,2026-06-12T20:10:51.221557,stranded,1,0,126.43038940429688,37.368099212646484,0.5
offshore,487,126.3842544555664,37.56862258911133,2026-06-12T20:31:10.583919,stranded,1,0,126.3633804321289,37.533668518066406,0.25
offshore,488,126.34040832519531,37.60345458984375,2026-06-12T20:32:44.620878,stranded,1,0,126.321533203125,37.553199768066406,0.25
offshore,489,125.9640884399414,37.49391555786133,2026-06-12T22:10:07.730004,stranded,1,0,125.77397918701172,37.813011169433594,10.75
offshore,490,126.27593994140625,37.19166564941406,2026-06-12T22:25:07.683409,stranded,1,0,126.33797454833984,37.24848937988281,0.38
offshore,491,126.1618423461914,37.21925735473633,2026-06-12T23:08:33.194473,stranded,1,1,126.1618423461914,37.21925735473633,0.12
offshore,492,126.4369125366211,37.13896179199219,2026-06-13T00:22:21.802710,stranded,1,0,126.44774627685547,37.09705352783203,0.62
offshore,493,126.48836517333984,37.38613510131836,2026-06-13T00:25:22.565093,stranded,1,0,126.59831237792969,37.45384979248047,1.38
offshore,494,126.32087707519531,37.40130615234375,2026-06-13T01:26:46.320312,stranded,1,0,126.35829162597656,37.46312713623047,0.38
offshore,495,126.06664276123047,37.2763671875,2026-06-13T01:40:14.207327,stranded,1,0,126.09069061279297,37.24740219116211,0.62
offshore,496,125.93793487548828,37.46830749511719,2026-06-13T02:18:26.029839,stranded,1,0,125.91853332519531,37.777381896972656,4.0
offshore,497,126.2109375,37.15799331665039,2026-06-13T04:53:49.078753,stranded,1,0,126.2270736694336,37.17812728881836,0.62
offshore,498,126.15375518798828,37.24605178833008,2026-06-13T05:44:44.862953,stranded,1,0,126.14485931396484,37.24203109741211,0.25
offshore,499,126.431884765625,37.199195861816406,2026-06-13T06:03:02.194604,stranded,1,0,126.45592498779297,37.090415954589844,1.5
offshore,500,126.26488494873047,37.370887756347656,2026-06-13T08:10:03.022657,stranded,1,0,126.29381561279297,37.26605987548828,2.5
offshore,501,126.0301284790039,37.10427474975586,2026-06-13T09:27:00.469079,stranded,1,0,126.08726501464844,37.17558288574219,0.38
offshore,502,125.90679931640625,37.095977783203125,2026-06-13T09:33:35.949562,stranded,1,0,126.31026458740234,37.26369857788086,16.12
offshore,503,125.90569305419922,37.422950744628906,2026-06-13T09:55:26.204391,active,0,0,125.7460708618164,37.486167907714844,77.62
offshore,504,126.43498992919922,37.17879104614258,2026-06-13T10:07:16.827380,stranded,1,0,126.45624542236328,37.22559356689453,0.75
offshore,505,126.20233154296875,37.08518600463867,2026-06-13T10:24:12.736095,stranded,1,0,126.29557800292969,37.164554595947266,0.38
offshore,506,125.9891357421875,37.52143859863281,2026-06-13T10:43:45.471959,stranded,1,0,125.92950439453125,37.789878845214844,3.12
offshore,507,126.19703674316406,37.32123565673828,2026-06-13T11:29:22.307417,stranded,1,0,126.36190795898438,37.457271575927734,4.62
offshore,508,125.98985290527344,37.21401596069336,2026-06-13T11:53:17.822392,stranded,1,0,126.34420776367188,37.26081085205078,17.25
offshore,509,126.27778625488281,37.44683074951172,2026-06-13T11:57:59.803826,stranded,1,0,126.22685241699219,37.648658752441406,3.0
offshore,510,126.03204345703125,37.26682662963867,2026-06-13T13:27:44.505878,stranded,1,0,125.71369934082031,37.648948669433594,23.75
offshore,511,126.25885009765625,37.16788864135742,2026-06-13T13:30:04.109457,stranded,1,1,126.25885009765625,37.16788864135742,0.12
offshore,512,126.27842712402344,37.22755432128906,2026-06-13T13:58:47.333493,stranded,1,0,126.28424835205078,37.25855255126953,0.25
offshore,513,126.43441009521484,37.203521728515625,2026-06-13T14:47:43.449460,stranded,1,0,126.44429779052734,37.235496520996094,0.25
offshore,514,126.14142608642578,37.10713577270508,2026-06-13T15:10:39.645161,stranded,1,0,126.16485595703125,37.23359298706055,0.38
offshore,515,126.43616485595703,37.19190979003906,2026-06-13T16:29:08.513264,stranded,1,0,126.39273071289062,37.11111831665039,1.0
offshore,516,125.90657043457031,37.5010871887207,2026-06-13T17:25:50.962078,stranded,1,0,125.84838104248047,37.91154479980469,27.12
offshore,517,126.36444854736328,37.610443115234375,2026-06-13T17:26:12.707202,stranded,1,0,126.34263610839844,37.64314270019531,0.25
offshore,518,126.28768157958984,37.45829391479492,2026-06-13T18:02:10.202315,stranded,1,0,126.29685974121094,37.266056060791016,5.12
offshore,519,126.09030151367188,37.61101150512695,2026-06-13T18:18:13.837318,stranded,1,0,125.96651458740234,37.75651931762695,3.25
offshore,520,126.29615783691406,37.3852424621582,2026-06-13T18:23:46.717316,stranded,1,0,126.27886962890625,37.275211334228516,0.75
offshore,521,126.39717864990234,37.2703857421875,2026-06-13T18:30:10.579294,stranded,1,0,126.45417785644531,37.22817611694336,0.5
offshore,522,126.14563751220703,37.24129104614258,2026-06-13T20:20:49.669565,stranded,1,1,126.14563751220703,37.24129104614258,0.12
offshore,523,126.03838348388672,37.32302474975586,2026-06-13T20:25:52.157166,stranded,1,0,126.10263061523438,37.221336364746094,1.0
offshore,524,126.3072280883789,37.58946990966797,2026-06-13T20:40:55.470217,stranded,1,0,126.34527587890625,37.52830123901367,0.5
offshore,525,125.9123764038086,37.506553649902344,2026-06-13T20:58:55.089740,stranded,1,0,125.91294860839844,37.779048919677734,21.0
offshore,526,126.3601303100586,37.10553741455078,2026-06-13T21:18:22.224486,stranded,1,0,126.33432006835938,36.99387741088867,2.0
offshore,527,126.26415252685547,37.36812210083008,2026-06-13T22:35:17.879308,stranded,1,0,126.27861022949219,37.274356842041016,0.75
offshore,528,126.33061981201172,37.257957458496094,2026-06-13T22:37:42.861413,stranded,1,1,126.33061981201172,37.257957458496094,0.12
offshore,529,126.13270568847656,37.5980110168457,2026-06-13T22:40:21.699404,stranded,1,0,126.20726013183594,37.65415954589844,0.88
offshore,530,126.08177185058594,37.23957824707031,2026-06-13T22:51:45.445510,stranded,1,0,126.08782196044922,37.22408676147461,0.25
offshore,531,126.08782958984375,37.44387435913086,2026-06-13T23:27:07.102631,stranded,1,0,125.69197082519531,37.65229034423828,76.88
offshore,532,126.34961700439453,37.55875015258789,2026-06-14T01:14:57.778590,stranded,1,0,126.38566589355469,37.6074104309082,0.25
offshore,533,126.44235229492188,37.1650505065918,2026-06-14T02:50:31.176039,stranded,1,0,126.4503402709961,37.103816986083984,1.62
offshore,534,126.204345703125,37.508079528808594,2026-06-14T02:52:29.919001,stranded,1,0,126.19527435302734,37.65730667114258,1.38
offshore,535,126.0021743774414,37.54384994506836,2026-06-14T03:00:36.977627,stranded,1,0,125.87999725341797,37.76254653930664,5.88
offshore,536,126.26140594482422,37.40766143798828,2026-06-14T03:57:41.581162,stranded,1,0,126.27396392822266,37.31399917602539,0.62
offshore,537,126.00750732421875,37.13350296020508,2026-06-14T04:28:52.377802,stranded,1,0,125.9573974609375,37.091270446777344,0.38
offshore,538,126.23114776611328,37.38058853149414,2026-06-14T05:22:51.192072,stranded,1,0,126.10079956054688,37.263397216796875,1.5
offshore,539,125.90030670166016,37.252620697021484,2026-06-14T07:28:43.419627,active,0,0,125.79015350341797,37.33207702636719,76.75
offshore,540,126.21987915039062,37.38814926147461,2026-06-14T09:18:10.168845,stranded,1,0,126.28598022460938,37.27021789550781,2.38
offshore,541,126.34949493408203,37.55487060546875,2026-06-14T09:49:19.600242,stranded,1,0,126.34400177001953,37.53981399536133,0.25
offshore,542,126.12349700927734,37.1031494140625,2026-06-14T10:58:10.607085,stranded,1,0,126.2215347290039,37.18003845214844,0.38
offshore,543,126.22038269042969,37.54475021362305,2026-06-14T11:05:10.351201,stranded,1,0,126.21717071533203,37.62837219238281,1.0
offshore,544,126.15948486328125,37.101417541503906,2026-06-14T11:30:18.290184,stranded,1,0,126.08856201171875,37.0969352722168,39.25
offshore,545,126.19583892822266,37.4005241394043,2026-06-14T11:36:34.890046,stranded,1,0,126.2698974609375,37.32926559448242,2.25
offshore,546,126.3723373413086,37.16584014892578,2026-06-14T12:29:55.599744,stranded,1,0,126.32891845703125,37.25825500488281,0.5
offshore,547,126.15843200683594,37.59114456176758,2026-06-14T13:02:30.004363,stranded,1,0,126.18489074707031,37.66750717163086,0.38
offshore,548,126.07499694824219,37.237361907958984,2026-06-14T13:03:36.510378,stranded,1,0,126.09135437011719,37.246429443359375,0.25
offshore,549,126.08147430419922,37.400394439697266,2026-06-14T13:16:19.623180,stranded,1,0,126.32681274414062,37.25706100463867,16.12
offshore,550,126.26338195800781,37.394744873046875,2026-06-14T13:58:13.028584,stranded,1,0,126.31018829345703,37.26287078857422,4.25
offshore,551,126.38790893554688,37.16606140136719,2026-06-14T14:02:54.608594,stranded,1,0,126.34549713134766,37.26115036010742,0.5
offshore,552,126.20295715332031,37.40686798095703,2026-06-14T14:58:45.108959,stranded,1,0,126.208740234375,37.66095733642578,2.38
offshore,553,126.27188110351562,37.38831329345703,2026-06-14T15:00:58.040300,stranded,1,0,126.27388000488281,37.31620407104492,2.12
offshore,554,126.10233306884766,37.527305603027344,2026-06-14T15:26:56.298345,stranded,1,0,125.97711181640625,37.610565185546875,7.12
offshore,555,126.28622436523438,37.51292419433594,2026-06-14T15:41:49.740156,stranded,1,0,126.26614379882812,37.551719665527344,0.25
offshore,556,125.99945831298828,37.39674758911133,2026-06-14T17:50:38.182139,stranded,1,0,126.09193420410156,37.281822204589844,16.0
offshore,557,125.9693832397461,37.1910285949707,2026-06-14T18:13:29.142770,stranded,1,0,126.15178680419922,36.90004348754883,45.75
offshore,558,125.90313720703125,37.38946533203125,2026-06-14T18:14:37.675929,active,0,0,125.67405700683594,37.57987976074219,76.38
offshore,559,125.87740325927734,37.60839080810547,2026-06-14T18:44:42.649352,stranded,1,0,126.31580352783203,37.2619514465332,16.88
offshore,560,126.10006713867188,37.561065673828125,2026-06-14T18:57:33.381960,stranded,1,0,126.14933013916016,37.743370056152344,20.12
offshore,561,126.28926849365234,37.2469482421875,2026-06-14T19:28:45.732699,stranded,1,0,126.24729919433594,37.17063522338867,0.5
offshore,562,126.10215759277344,37.12248992919922,2026-06-14T21:06:24.053519,stranded,1,0,126.0831298828125,37.10798263549805,0.25
offshore,563,126.10218048095703,37.36354064941406,2026-06-14T22:15:47.958784,stranded,1,0,126.09609985351562,37.255645751953125,1.38
offshore,564,126.20864868164062,37.40747833251953,2026-06-14T23:10:15.750948,stranded,1,0,126.26776123046875,37.329261779785156,0.75
offshore,565,125.88443756103516,37.461822509765625,2026-06-14T23:13:40.048666,stranded,1,0,125.71699523925781,37.612884521484375,40.75
offshore,566,126.00000762939453,37.39255142211914,2026-06-14T23:19:45.847268,stranded,1,0,125.88997650146484,37.76719665527344,34.0
offshore,567,125.88910675048828,37.50096130371094,2026-06-14T23:26:55.935820,stranded,1,0,125.9791259765625,37.60887145996094,8.88
offshore,568,126.30548858642578,37.30241394042969,2026-06-14T23:33:10.566140,stranded,1,0,126.2957763671875,37.26618194580078,0.25
offshore,569,125.90593719482422,37.12886047363281,2026-06-15T00:02:59.592931,stranded,1,0,125.98175048828125,37.14691162109375,1.62
offshore,570,126.38077545166016,37.13003158569336,2026-06-15T01:59:23.097319,stranded,1,0,126.38925170898438,37.11410140991211,0.62
offshore,571,126.26539611816406,37.41399383544922,2026-06-15T02:00:32.958250,stranded,1,0,126.31886291503906,37.260135650634766,3.62
offshore,572,126.27400207519531,37.48422622680664,2026-06-15T02:18:56.174881,stranded,1,0,126.3274917602539,37.542484283447266,0.38
offshore,573,126.3440933227539,37.42459487915039,2026-06-15T03:15:28.808941,stranded,1,0,126.37982940673828,37.435691833496094,0.25
offshore,574,126.2228775024414,37.65464401245117,2026-06-15T03:57:41.342644,stranded,1,0,126.22456359863281,37.65898895263672,0.25
offshore,575,126.45320129394531,37.304691314697266,2026-06-15T05:28:16.203820,stranded,1,0,126.4560775756836,37.22579574584961,0.62
offshore,576,126.38600158691406,37.502349853515625,2026-06-15T05:37:10.640144,stranded,1,0,126.40740203857422,37.526954650878906,0.25
offshore,577,126.02721405029297,37.4217529296875,2026-06-15T05:44:39.841097,stranded,1,0,125.71060943603516,37.65269088745117,19.38
offshore,578,125.90750122070312,37.10923385620117,2026-06-15T05:54:47.530618,stranded,1,0,125.9476318359375,37.07424545288086,14.62
offshore,579,126.211669921875,37.13629150390625,2026-06-15T06:24:37.235476,stranded,1,0,126.22434997558594,37.17979431152344,0.62
offshore,580,126.42050170898438,37.28615188598633,2026-06-15T06:28:54.028572,stranded,1,0,126.36128997802734,37.208797454833984,1.0
offshore,581,126.39212799072266,37.607177734375,2026-06-15T06:39:32.586320,stranded,1,1,126.39212799072266,37.607177734375,0.12
offshore,582,126.07654571533203,37.284393310546875,2026-06-15T07:49:10.328903,stranded,1,1,126.07654571533203,37.284393310546875,0.12
offshore,583,125.97718811035156,37.516578674316406,2026-06-15T08:22:12.088855,stranded,1,0,126.10050201416016,37.26299285888672,15.38
offshore,584,125.94999694824219,37.039306640625,2026-06-15T09:23:11.352840,stranded,1,0,125.99954223632812,37.01727294921875,0.38
offshore,585,126.07323455810547,37.04799270629883,2026-06-15T09:28:42.793263,stranded,1,0,126.1693115234375,36.95973205566406,22.0
offshore,586,126.33116912841797,37.135650634765625,2026-06-15T09:34:55.605319,stranded,1,0,126.29895782470703,37.17207336425781,0.75
offshore,587,126.15371704101562,37.261146545410156,2026-06-15T11:12:52.886068,stranded,1,0,126.09222412109375,37.237640380859375,0.88
offshore,588,126.39179229736328,37.114715576171875,2026-06-15T11:33:14.324685,stranded,1,1,126.39179229736328,37.114715576171875,0.12
offshore,589,126.180419921875,37.45915603637695,2026-06-15T11:45:08.902282,stranded,1,0,126.34063720703125,37.526180267333984,3.75
offshore,590,125.91630554199219,37.50708770751953,2026-06-15T12:00:52.581387,stranded,1,0,126.10054016113281,37.27163314819336,15.25
offshore,591,126.22579193115234,37.13276672363281,2026-06-15T12:08:40.551057,stranded,1,0,126.30374145507812,37.16329574584961,0.38
offshore,592,126.384033203125,37.11817932128906,2026-06-15T13:34:59.908190,stranded,1,0,126.46734619140625,37.23028564453125,0.38
offshore,593,126.35198211669922,37.420997619628906,2026-06-15T14:29:20.490800,stranded,1,0,126.37381744384766,37.43988037109375,0.25
offshore,594,126.3884506225586,37.42390823364258,2026-06-15T15:08:04.499912,stranded,1,0,126.40105438232422,37.43327331542969,0.25
offshore,595,126.40523529052734,37.591575622558594,2026-06-15T16:19:55.407990,stranded,1,0,126.40523529052734,37.59794616699219,0.25
offshore,596,126.1734848022461,37.49264907836914,2026-06-15T16:20:44.599008,stranded,1,0,126.21780395507812,37.62895965576172,3.25
offshore,597,125.96442413330078,37.533538818359375,2026-06-15T17:25:18.420435,stranded,1,0,125.96936798095703,37.60943603515625,0.38
offshore,598,126.01204681396484,37.37773895263672,2026-06-15T19:16:05.691085,stranded,1,0,126.09928894042969,37.26203536987305,13.88
offshore,599,126.42450714111328,37.424503326416016,2026-06-15T20:11:39.466051,stranded,1,1,126.42450714111328,37.424503326416016,0.12
offshore,600,126.08357238769531,37.348243713378906,2026-06-15T20:42:43.382195,stranded,1,0,126.09143829345703,37.24797058105469,1.62
offshore,601,126.31635284423828,37.283905029296875,2026-06-15T20:48:31.943614,stranded,1,0,126.28430938720703,37.263607025146484,0.25
offshore,602,126.4073715209961,37.5631103515625,2026-06-15T21:05:57.368823,stranded,1,0,126.36747741699219,37.534324645996094,0.38
offshore,603,125.98538970947266,37.19011688232422,2026-06-15T21:51:04.188874,stranded,1,1,125.98538970947266,37.19011688232422,0.12
offshore,604,125.89623260498047,37.442909240722656,2026-06-15T22:18:28.992061,stranded,1,0,125.71935272216797,37.95857620239258,30.38
offshore,605,126.14227294921875,37.37143325805664,2026-06-15T22:25:07.623622,stranded,1,0,126.1104736328125,37.26750564575195,0.75
offshore,606,126.28260803222656,37.591148376464844,2026-06-15T22:38:36.590209,stranded,1,0,126.36878204345703,37.52963638305664,0.5
offshore,607,125.93391418457031,37.470890045166016,2026-06-15T23:51:48.583313,stranded,1,0,125.71993255615234,37.60316467285156,55.62
offshore,608,126.21534729003906,37.236328125,2026-06-15T23:53:55.573095,stranded,1,0,126.22933197021484,37.17851257324219,0.38
offshore,609,126.3536148071289,37.24011993408203,2026-06-16T01:04:43.634376,stranded,1,0,126.42552185058594,37.367645263671875,0.88
offshore,610,126.21369934082031,37.41030502319336,2026-06-16T02:04:53.184538,stranded,1,0,126.33234405517578,37.256263732910156,2.75
offshore,611,126.16419219970703,37.47474670410156,2026-06-16T02:28:50.584710,stranded,1,0,126.34901428222656,37.52704620361328,3.0
offshore,612,126.05309295654297,37.22322082519531,2026-06-16T03:32:29.029255,stranded,1,0,126.08557891845703,37.280033111572266,0.75
offshore,613,126.02068328857422,37.401092529296875,2026-06-16T03:37:44.310349,stranded,1,0,126.09161376953125,37.75410842895508,17.88
offshore,614,126.34867095947266,37.40995407104492,2026-06-16T04:27:47.551372,stranded,1,0,126.37249755859375,37.439815521240234,0.25
offshore,615,126.09027099609375,37.58964157104492,2026-06-16T05:24:09.397685,stranded,1,0,126.10334777832031,37.7514533996582,1.88
offshore,616,126.25989532470703,37.4343376159668,2026-06-16T06:20:20.705958,stranded,1,0,126.36983489990234,37.44039535522461,1.88
offshore,617,126.08322143554688,37.207733154296875,2026-06-16T07:20:03.219205,stranded,1,0,126.08541107177734,37.280494689941406,0.75
offshore,618,126.1718521118164,37.332332611083984,2026-06-16T08:03:42.226506,stranded,1,0,126.11676025390625,37.258514404296875,0.38
offshore,619,125.99398040771484,37.596588134765625,2026-06-16T08:41:24.965627,stranded,1,0,125.96814727783203,37.607906341552734,11.0
offshore,620,126.01339721679688,37.1014404296875,2026-06-16T08:42:11.890378,stranded,1,0,125.99296569824219,37.07075881958008,0.25
offshore,621,125.99224853515625,37.609649658203125,2026-06-16T08:47:51.682884,stranded,1,0,126.12482452392578,37.6866569519043,2.25
offshore,622,126.1329116821289,37.539451599121094,2026-06-16T09:17:29.111522,stranded,1,0,126.11714935302734,37.748374938964844,18.25
offshore,623,126.06736755371094,37.41203689575195,2026-06-16T09:56:08.533460,stranded,1,0,126.26316833496094,37.553977966308594,2.75
offshore,624,125.87397766113281,37.16704559326172,2026-06-16T10:07:42.346354,stranded,1,0,125.98841857910156,37.18812561035156,1.12
offshore,625,126.28337860107422,37.494991302490234,2026-06-16T10:37:08.207039,stranded,1,0,126.3919448852539,37.397613525390625,2.0
offshore,626,125.90635681152344,37.30463790893555,2026-06-16T11:28:01.030057,stranded,1,0,125.7086181640625,37.67882537841797,37.12
offshore,627,126.09361267089844,37.53288650512695,2026-06-16T11:41:04.818290,stranded,1,0,126.14277648925781,37.68144607543945,1.62
offshore,628,126.00453186035156,37.30743408203125,2026-06-16T11:49:43.381254,stranded,1,0,126.15438842773438,37.744693756103516,17.5
offshore,629,126.32147216796875,37.16374588012695,2026-06-16T12:30:16.601380,stranded,1,1,126.32147216796875,37.16374588012695,0.12
offshore,630,125.92220306396484,37.29533767700195,2026-06-16T13:45:40.537168,stranded,1,0,126.08058166503906,37.28938293457031,13.62
offshore,631,126.10431671142578,37.60575485229492,2026-06-16T14:48:44.241300,stranded,1,0,126.08889770507812,37.76167678833008,0.75
offshore,632,126.1839370727539,37.25281524658203,2026-06-16T14:57:47.972929,stranded,1,0,126.10137939453125,37.270050048828125,0.75
offshore,633,126.24371337890625,37.579647064208984,2026-06-16T15:24:54.498989,stranded,1,0,126.24517822265625,37.63178634643555,0.25
offshore,634,126.1247329711914,37.51320266723633,2026-06-16T15:34:04.628089,stranded,1,0,126.18895721435547,37.66363525390625,1.25
offshore,635,126.05201721191406,37.36383056640625,2026-06-16T15:51:31.773629,stranded,1,0,126.07787322998047,37.28889083862305,12.5
offshore,636,126.34791564941406,37.42177963256836,2026-06-16T16:06:19.545411,stranded,1,0,126.35826110839844,37.461448669433594,0.25
offshore,637,126.18577575683594,37.495059967041016,2026-06-16T16:06:38.625405,stranded,1,0,126.23373413085938,37.63880920410156,0.75
offshore,638,126.35315704345703,37.33358383178711,2026-06-16T16:41:10.516669,stranded,1,0,126.29666137695312,37.2662467956543,1.12
offshore,639,126.08300018310547,37.19851303100586,2026-06-16T18:01:22.085264,stranded,1,0,126.09133911132812,37.222068786621094,0.25
offshore,640,126.15138244628906,37.28523254394531,2026-06-16T19:16:50.054269,stranded,1,0,126.09235382080078,37.282203674316406,0.25
offshore,641,126.00054931640625,37.40778350830078,2026-06-16T19:47:19.549202,stranded,1,0,125.9203109741211,37.79033279418945,18.5
offshore,642,126.1910400390625,37.626121520996094,2026-06-16T19:56:58.349152,stranded,1,0,126.17003631591797,37.66826629638672,0.62
offshore,643,126.15394592285156,37.420860290527344,2026-06-16T20:51:46.566500,stranded,1,0,126.09467315673828,37.281375885009766,0.88
offshore,644,126.02347564697266,37.26939010620117,2026-06-16T21:31:10.740439,stranded,1,0,125.97711944580078,37.18815612792969,0.38
offshore,645,126.25991821289062,37.644004821777344,2026-06-16T21:34:55.090296,stranded,1,0,126.31361389160156,37.55263137817383,1.0
offshore,646,126.33839416503906,37.549198150634766,2026-06-16T21:45:26.280062,stranded,1,1,126.33839416503906,37.549198150634766,0.12
offshore,647,126.20626068115234,37.096736907958984,2026-06-16T22:26:38.073179,stranded,1,0,126.16797637939453,36.960357666015625,8.62
offshore,648,126.0923843383789,37.287349700927734,2026-06-16T23:23:32.344794,stranded,1,0,126.0888442993164,37.28468322753906,0.25
offshore,649,126.19210815429688,37.117591857910156,2026-06-16T23:53:48.430979,stranded,1,0,125.98750305175781,37.03993225097656,15.25
offshore,650,126.36914825439453,37.07126998901367,2026-06-17T00:39:47.667104,stranded,1,0,126.49488067626953,37.05837631225586,0.38
offshore,651,126.02734375,37.0174560546875,2026-06-17T00:47:21.378510,stranded,1,0,126.06089782714844,37.09762954711914,3.38
offshore,652,126.10482788085938,37.50179672241211,2026-06-17T01:31:43.592011,stranded,1,0,126.20763397216797,37.654056549072266,1.0
offshore,653,126.24359130859375,37.37812042236328,2026-06-17T01:51:09.411490,stranded,1,0,126.29767608642578,37.26591110229492,0.75
offshore,654,126.23999786376953,37.327659606933594,2026-06-17T02:05:58.144691,stranded,1,0,126.28459930419922,37.26464080810547,0.62
offshore,655,126.4346923828125,37.24208068847656,2026-06-17T02:29:28.292668,stranded,1,0,126.54370880126953,37.28033447265625,0.38
offshore,656,126.01403045654297,37.401275634765625,2026-06-17T02:59:07.467933,stranded,1,0,125.91914367675781,37.789894104003906,24.12
offshore,657,126.0098876953125,37.58831024169922,2026-06-17T03:36:46.823681,stranded,1,0,126.13352966308594,37.68278503417969,0.88
offshore,658,126.05560302734375,37.17219161987305,2026-06-17T04:18:56.146016,stranded,1,0,126.10279083251953,37.22244644165039,0.25
offshore,659,126.26739501953125,37.54864501953125,2026-06-17T04:55:48.481335,stranded,1,0,126.27156066894531,37.620399475097656,0.5
offshore,660,125.98590087890625,37.35742950439453,2026-06-17T04:57:28.803014,stranded,1,0,126.34022521972656,37.261634826660156,13.5
offshore,661,126.29521942138672,37.13462829589844,2026-06-17T05:09:49.250531,stranded,1,0,126.3078842163086,37.13390350341797,0.38
offshore,662,126.14275360107422,37.1375732421875,2026-06-17T05:31:07.902596,stranded,1,0,126.09025573730469,37.100650787353516,0.5
offshore,663,126.18693542480469,37.6013298034668,2026-06-17T05:32:10.262289,stranded,1,0,126.22290802001953,37.66238784790039,0.25
offshore,664,126.24388122558594,37.61708068847656,2026-06-17T06:41:28.623726,stranded,1,0,126.26085662841797,37.627601623535156,0.75
offshore,665,126.3889389038086,37.6071662902832,2026-06-17T06:59:34.520423,stranded,1,1,126.3889389038086,37.6071662902832,0.12
offshore,666,126.07666778564453,37.18497085571289,2026-06-17T08:49:10.570907,stranded,1,0,125.95578002929688,37.09316635131836,0.5
offshore,667,126.26605987548828,37.60646438598633,2026-06-17T09:18:38.229375,stranded,1,0,126.26141357421875,37.627464294433594,0.75
offshore,668,126.30523681640625,37.1382942199707,2026-06-17T09:28:41.602227,stranded,1,1,126.30523681640625,37.1382942199707,0.12
offshore,669,125.84182739257812,37.25141143798828,2026-06-17T09:41:12.857666,stranded,1,0,125.96533966064453,37.83049774169922,18.62
offshore,670,126.05572509765625,37.280181884765625,2026-06-17T09:53:47.076261,stranded,1,0,126.08657836914062,37.22077560424805,0.5
offshore,671,126.39286041259766,37.496212005615234,2026-06-17T10:39:16.976173,stranded,1,0,126.38579559326172,37.453941345214844,0.25
offshore,672,125.9518814086914,37.146217346191406,2026-06-17T11:26:37.340573,stranded,1,0,125.94981384277344,37.093177795410156,1.38
offshore,673,126.06327056884766,37.024070739746094,2026-06-17T12:31:38.268914,stranded,1,0,126.19120788574219,37.2069206237793,0.5
offshore,674,126.0954818725586,37.35124588012695,2026-06-17T12:33:38.145686,stranded,1,0,125.91885375976562,37.77858352661133,17.62
offshore,675,126.07951354980469,37.531700134277344,2026-06-17T13:05:34.030345,stranded,1,0,126.2437515258789,37.63243103027344,1.5
offshore,676,126.11595916748047,37.40871810913086,2026-06-17T13:40:26.297724,stranded,1,0,126.26632690429688,37.552207946777344,1.5
offshore,677,126.1427230834961,37.17779541015625,2026-06-17T13:41:00.011833,stranded,1,0,126.11024475097656,37.26369094848633,0.62
offshore,678,126.3162841796875,37.48243713378906,2026-06-17T13:57:25.372234,stranded,1,0,126.36090850830078,37.45814514160156,0.38
offshore,679,126.182373046875,37.55558395385742,2026-06-17T15:39:27.560880,stranded,1,0,126.20558166503906,37.65831756591797,0.25
offshore,680,126.45648956298828,37.383827209472656,2026-06-17T15:43:31.630440,stranded,1,0,126.52205657958984,37.475765228271484,0.38
offshore,681,126.35494995117188,37.41086196899414,2026-06-17T16:23:55.276018,stranded,1,0,126.372802734375,37.44033432006836,0.25
offshore,682,126.36214447021484,37.40633010864258,2026-06-17T17:29:59.948978,stranded,1,0,126.38089752197266,37.434654235839844,0.25
offshore,683,126.04847717285156,37.46656799316406,2026-06-17T17:33:32.149904,stranded,1,0,126.09523010253906,37.280914306640625,12.88
offshore,684,126.1793212890625,37.353336334228516,2026-06-17T17:54:15.475809,active,0,0,125.63509368896484,37.423954010009766,73.38
offshore,685,126.10173034667969,37.19594192504883,2026-06-17T18:18:59.405890,stranded,1,0,126.11856079101562,37.21146774291992,0.25
offshore,686,126.0130844116211,37.69116973876953,2026-06-17T18:27:47.098379,stranded,1,0,125.76783752441406,37.797882080078125,8.88
offshore,687,126.29297637939453,37.41169357299805,2026-06-17T18:33:56.511549,stranded,1,0,126.26387786865234,37.32126235961914,0.5
offshore,688,126.385009765625,37.374210357666016,2026-06-17T18:36:42.368047,stranded,1,0,126.34191131591797,37.26079559326172,1.5
offshore,689,126.20899200439453,37.31442642211914,2026-06-17T18:39:02.815417,stranded,1,0,126.0965805053711,37.25695037841797,0.38
offshore,690,126.47261047363281,37.474456787109375,2026-06-17T19:13:15.955981,stranded,1,0,126.47451782226562,37.487972259521484,0.25
offshore,691,126.03459167480469,37.6538200378418,2026-06-17T20:06:26.101963,active,0,0,125.74903106689453,37.683128356933594,73.25
offshore,692,126.2286376953125,37.13957977294922,2026-06-17T21:38:01.298913,stranded,1,0,126.08746337890625,37.104305267333984,6.38
offshore,693,126.24037170410156,37.445716857910156,2026-06-17T21:48:54.446734,stranded,1,0,126.31250762939453,37.26227569580078,0.88
offshore,694,126.38272857666016,37.328285217285156,2026-06-17T21:54:26.042206,stranded,1,0,126.45243835449219,37.24140548706055,0.5
offshore,695,125.97528839111328,37.53144836425781,2026-06-17T22:03:16.997539,stranded,1,0,126.1147232055664,37.25814437866211,12.75
offshore,696,126.28125762939453,37.16293716430664,2026-06-17T22:11:27.871013,stranded,1,1,126.28125762939453,37.16293716430664,0.12
offshore,697,126.283447265625,37.17449951171875,2026-06-17T22:11:54.441978,stranded,1,0,125.98738098144531,37.1865119934082,6.0
offshore,698,126.43097686767578,37.31790542602539,2026-06-17T23:20:25.268726,stranded,1,0,126.53785705566406,37.10383224487305,1.5
offshore,699,125.90750885009766,37.61568069458008,2026-06-17T23:56:38.044527,stranded,1,0,126.09327697753906,37.281715393066406,12.75
offshore,700,126.03401947021484,37.18460464477539,2026-06-18T01:26:29.137062,stranded,1,0,126.10543823242188,37.18101501464844,0.5
offshore,701,126.39996337890625,37.55447006225586,2026-06-18T02:00:08.905913,stranded,1,0,126.4041748046875,37.53462600708008,0.25
offshore,702,126.17568969726562,37.28978729248047,2026-06-18T02:06:58.814133,stranded,1,0,126.28792572021484,37.27001190185547,0.62
offshore,703,126.24127960205078,37.265159606933594,2026-06-18T02:44:46.687904,stranded,1,0,126.3267822265625,37.24552917480469,0.38
offshore,704,126.38274383544922,37.20222473144531,2026-06-18T02:51:50.737032,stranded,1,0,126.52208709716797,37.05488204956055,1.5
offshore,705,125.95813751220703,37.27317428588867,2026-06-18T03:02:58.055846,stranded,1,0,125.98731231689453,37.1973876953125,0.75
offshore,706,126.5124282836914,37.19482421875,2026-06-18T03:53:47.241320,stranded,1,0,126.53729248046875,37.198787689208984,0.25
offshore,707,126.1976547241211,37.47623825073242,2026-06-18T05:13:12.102930,stranded,1,0,125.90481567382812,37.82880401611328,17.75
offshore,708,126.13076782226562,37.210174560546875,2026-06-18T05:52:20.744230,stranded,1,0,126.16276550292969,37.2134895324707,0.25
offshore,709,126.33196258544922,37.63113784790039,2026-06-18T06:43:19.736827,stranded,1,0,126.32646942138672,37.65660858154297,0.25
offshore,710,126.19278717041016,37.29486083984375,2026-06-18T07:20:48.676081,stranded,1,0,126.11831665039062,37.257205963134766,0.38
offshore,711,126.18920135498047,37.15043640136719,2026-06-18T07:36:26.585450,stranded,1,0,126.18342590332031,37.19461441040039,0.75
offshore,712,125.94039154052734,37.426937103271484,2026-06-18T08:21:45.435598,stranded,1,0,126.19550323486328,37.68379211425781,14.25
offshore,713,126.1738510131836,37.18505096435547,2026-06-18T08:24:05.074945,stranded,1,0,126.10833740234375,37.17333984375,0.38
offshore,714,126.28347778320312,37.19989013671875,2026-06-18T08:29:21.066488,stranded,1,0,126.26526641845703,37.17876052856445,0.25
offshore,715,126.13302612304688,37.619354248046875,2026-06-18T09:22:30.089200,stranded,1,0,126.17400360107422,37.66829299926758,0.62
offshore,716,125.93656921386719,37.085792541503906,2026-06-18T09:35:18.088769,stranded,1,0,125.94528198242188,37.06974411010742,0.5
offshore,717,126.14078521728516,37.25939178466797,2026-06-18T10:29:20.995345,stranded,1,0,126.11945343017578,37.25272750854492,0.25
offshore,718,125.92916107177734,37.246456146240234,2026-06-18T10:48:59.189944,stranded,1,0,126.09195709228516,37.753597259521484,16.62
offshore,719,126.36920928955078,37.492591857910156,2026-06-18T11:09:56.286391,stranded,1,0,126.36542510986328,37.47272872924805,0.25
offshore,720,125.94680786132812,37.417633056640625,2026-06-18T12:01:16.292576,stranded,1,0,125.9837875366211,37.83763122558594,17.12
offshore,721,125.95024871826172,37.3481559753418,2026-06-18T12:29:41.614229,stranded,1,0,126.07762145996094,37.28297805786133,11.75
offshore,722,125.87989807128906,37.1916389465332,2026-06-18T12:37:40.099537,stranded,1,0,126.08218383789062,37.2882080078125,11.62
offshore,723,126.31354522705078,37.5572624206543,2026-06-18T13:19:44.768993,stranded,1,1,126.31354522705078,37.5572624206543,0.12
offshore,724,126.33008575439453,37.17231369018555,2026-06-18T13:38:35.432979,stranded,1,0,126.32099151611328,37.16411590576172,0.25
offshore,725,126.06654357910156,37.10367965698242,2026-06-18T13:40:36.180406,stranded,1,1,126.06654357910156,37.10367965698242,0.12
offshore,726,126.29317474365234,37.232933044433594,2026-06-18T14:50:57.277314,stranded,1,0,126.33942413330078,37.249000549316406,0.38
offshore,727,126.4381103515625,37.31709289550781,2026-06-18T14:57:59.608417,stranded,1,0,126.43682861328125,37.27334976196289,0.25
offshore,728,126.4310073852539,37.157554626464844,2026-06-18T16:24:59.457233,stranded,1,0,126.48524475097656,37.25241470336914,0.25
offshore,729,126.45881652832031,37.366424560546875,2026-06-18T16:29:03.873615,stranded,1,0,126.52494049072266,37.47705078125,0.38
offshore,730,126.05020904541016,37.450687408447266,2026-06-18T17:02:07.625993,stranded,1,0,126.09661102294922,37.257205963134766,11.62
offshore,731,126.2077865600586,37.31322479248047,2026-06-18T18:16:29.461219,active,0,0,125.61428833007812,37.46332550048828,72.38
offshore,732,126.2265853881836,37.31949996948242,2026-06-18T20:31:21.867140,stranded,1,0,126.09158325195312,37.244056701660156,0.62
offshore,733,126.0430679321289,37.373844146728516,2026-06-18T21:00:05.688602,stranded,1,0,125.88948059082031,37.872074127197266,57.62
offshore,734,125.93798828125,37.280113220214844,2026-06-18T21:28:55.178032,stranded,1,0,125.85398864746094,37.909732818603516,38.0
offshore,735,126.12423706054688,37.33306884765625,2026-06-18T22:07:48.667659,stranded,1,0,126.11518096923828,37.2197380065918,0.5
offshore,736,126.39755249023438,37.2403450012207,2026-06-18T22:16:38.700118,stranded,1,1,126.39755249023438,37.2403450012207,0.12
offshore,737,125.9071273803711,37.3701057434082,2026-06-18T22:31:55.213200,stranded,1,0,125.8291015625,37.936988830566406,38.25
offshore,738,126.172607421875,37.19198989868164,2026-06-18T22:43:05.837902,stranded,1,0,126.11173248291016,37.17049789428711,0.25
offshore,739,126.29712677001953,37.53177261352539,2026-06-18T23:12:20.110662,stranded,1,0,126.3636703491211,37.45693588256836,0.62
offshore,740,126.3070068359375,37.61724853515625,2026-06-18T23:55:14.612457,stranded,1,0,126.3741683959961,37.528255462646484,0.5
offshore,741,126.3921127319336,37.38120651245117,2026-06-19T00:08:57.225371,stranded,1,0,126.34012603759766,37.26234436035156,0.38
offshore,742,126.0073471069336,37.19375991821289,2026-06-19T01:38:45.349137,stranded,1,0,126.0145034790039,37.13768005371094,0.25
offshore,743,126.08165740966797,37.17961502075195,2026-06-19T01:54:22.311809,stranded,1,0,126.10444641113281,37.18194580078125,0.62
offshore,744,125.98811340332031,37.22488784790039,2026-06-19T01:55:04.853178,stranded,1,0,125.9744644165039,37.18523406982422,0.25
offshore,745,126.40199279785156,37.205448150634766,2026-06-19T02:56:48.566036,stranded,1,0,126.2890625,37.26851272583008,1.25
offshore,746,126.19518280029297,37.60717010498047,2026-06-19T03:19:15.716709,stranded,1,0,126.2603530883789,37.62724685668945,0.5
offshore,747,126.28886413574219,37.2219123840332,2026-06-19T03:33:19.475156,stranded,1,0,126.31095123291016,37.24728012084961,0.25
offshore,748,126.09648132324219,37.186805725097656,2026-06-19T03:41:00.229307,stranded,1,1,126.09648132324219,37.186805725097656,0.12
offshore,749,126.43514251708984,37.272369384765625,2026-06-19T03:44:51.420213,stranded,1,1,126.43514251708984,37.272369384765625,0.12
offshore,750,125.93787384033203,37.52935791015625,2026-06-19T03:51:25.461625,stranded,1,0,125.81976318359375,37.943241119384766,33.0
offshore,751,125.9388427734375,37.45891571044922,2026-06-19T03:53:23.118058,stranded,1,0,126.0887451171875,37.27574157714844,10.12
offshore,752,126.19481658935547,37.285919189453125,2026-06-19T05:53:03.613999,stranded,1,0,126.11032104492188,37.749168395996094,15.12
offshore,753,126.30706787109375,37.4146614074707,2026-06-19T05:54:08.209960,stranded,1,0,126.36768341064453,37.44044494628906,0.38
offshore,754,126.13301849365234,37.50054931640625,2026-06-19T06:50:09.603318,stranded,1,0,126.106689453125,37.27357864379883,11.25
offshore,755,126.15245056152344,37.19497299194336,2026-06-19T08:13:45.229661,stranded,1,0,126.14666748046875,37.219364166259766,0.25
offshore,756,126.3494644165039,37.14397430419922,2026-06-19T10:30:52.746544,stranded,1,0,126.18685913085938,37.20157241821289,0.62
offshore,757,126.11396789550781,37.29789352416992,2026-06-19T10:57:23.267863,stranded,1,0,126.08409881591797,37.288597106933594,0.25
offshore,758,126.08026885986328,37.35543441772461,2026-06-19T11:02:47.187785,stranded,1,0,125.7717056274414,37.81399154663086,59.25
offshore,759,126.30398559570312,37.37343215942383,2026-06-19T11:24:35.092833,stranded,1,0,125.92740631103516,37.842506408691406,16.12
offshore,760,126.37838745117188,37.31804656982422,2026-06-19T12:07:25.578526,stranded,1,0,126.28761291503906,37.270206451416016,0.25
offshore,761,125.99647521972656,37.47698211669922,2026-06-19T12:48:31.628778,stranded,1,0,126.12895202636719,37.68395233154297,14.38
offshore,762,126.32177734375,37.32056427001953,2026-06-19T14:31:27.128396,stranded,1,0,126.13470458984375,37.683074951171875,14.38
offshore,763,126.16896057128906,37.179931640625,2026-06-19T15:05:00.636307,stranded,1,0,126.13841247558594,37.21156692504883,0.38
offshore,764,126.24332427978516,37.347808837890625,2026-06-19T15:37:16.445437,stranded,1,0,126.08185577392578,37.28908157348633,8.88
offshore,765,126.36494445800781,37.14241027832031,2026-06-19T15:52:11.238463,stranded,1,0,126.28941345214844,37.269168853759766,0.62
offshore,766,126.09339904785156,37.469417572021484,2026-06-19T15:53:12.782412,stranded,1,0,126.07798767089844,37.2884635925293,9.5
offshore,767,125.9017333984375,37.49229049682617,2026-06-19T16:12:49.316164,stranded,1,0,125.8916244506836,37.77284240722656,16.12
offshore,768,126.32169342041016,37.37236785888672,2026-06-19T16:55:48.099310,stranded,1,0,126.26663208007812,37.32483673095703,10.12
offshore,769,125.9255142211914,37.484405517578125,2026-06-19T16:56:43.401089,stranded,1,0,126.10179901123047,37.269622802734375,10.62
offshore,770,126.16143798828125,37.4969367980957,2026-06-19T19:16:09.014448,stranded,1,0,126.08712005615234,37.285377502441406,10.38
offshore,771,126.39678955078125,37.49512481689453,2026-06-19T20:21:17.206784,stranded,1,0,126.0799560546875,37.281211853027344,9.0
offshore,772,126.01579284667969,37.437408447265625,2026-06-19T20:28:25.289747,stranded,1,0,126.08946990966797,37.762481689453125,15.0
offshore,773,126.10333251953125,37.42818069458008,2026-06-19T20:42:56.443001,stranded,1,0,125.91282653808594,37.771244049072266,34.0
offshore,774,126.25093078613281,37.462581634521484,2026-06-19T21:18:56.156209,stranded,1,0,126.0980453491211,37.75273132324219,15.25
offshore,775,126.21611785888672,37.50605392456055,2026-06-19T21:34:21.288775,active,0,0,125.57315063476562,37.47123336791992,71.12
offshore,776,126.40424346923828,37.32420349121094,2026-06-19T21:42:37.862917,stranded,1,0,126.34005737304688,37.26216506958008,0.38
offshore,777,126.08325958251953,37.66304016113281,2026-06-19T21:48:53.973827,stranded,1,0,125.89683532714844,37.769840240478516,4.25
offshore,778,125.97665405273438,37.165897369384766,2026-06-19T22:13:29.768135,stranded,1,0,125.94358825683594,37.07465744018555,0.5
offshore,779,126.2420654296875,37.45794677734375,2026-06-19T22:30:38.342160,stranded,1,0,126.07728576660156,37.28498077392578,1.5
offshore,780,126.05975341796875,37.421600341796875,2026-06-19T22:53:30.178489,active,0,0,125.68382263183594,37.503196716308594,71.12
offshore,781,126.34003448486328,37.11677169799805,2026-06-19T23:05:40.799746,stranded,1,0,126.32636260986328,36.994728088378906,1.0
offshore,782,125.9511947631836,37.545387268066406,2026-06-19T23:47:24.578607,stranded,1,0,126.13853454589844,37.74385452270508,14.0
offshore,783,126.37605285644531,37.49604797363281,2026-06-20T00:25:30.367100,stranded,1,0,126.092529296875,37.281883239746094,8.5
offshore,784,125.92852020263672,37.560123443603516,2026-06-20T00:43:06.841518,stranded,1,0,126.1314926147461,37.74388885498047,14.5
offshore,785,125.82955932617188,37.342979431152344,2026-06-20T00:51:16.592772,stranded,1,0,126.1585922241211,37.76461410522461,14.5
offshore,786,126.31965637207031,37.34303283691406,2026-06-20T01:27:11.857369,stranded,1,0,126.28974914550781,37.26604461669922,0.38
offshore,787,126.27327728271484,37.07091522216797,2026-06-20T01:36:30.671148,stranded,1,0,126.2841796875,36.96738052368164,4.88
offshore,788,125.96520233154297,37.36594772338867,2026-06-20T02:03:45.146426,stranded,1,0,125.77534484863281,37.80082702636719,36.0
offshore,789,125.86986541748047,37.316158294677734,2026-06-20T03:34:19.876214,stranded,1,0,126.10352325439453,37.26578903198242,8.62
offshore,790,126.45169067382812,37.27302551269531,2026-06-20T04:23:04.726206,stranded,1,1,126.45169067382812,37.27302551269531,0.12
offshore,791,126.05955505371094,37.14802551269531,2026-06-20T04:26:26.197656,stranded,1,0,126.11405181884766,37.181888580322266,0.5
offshore,792,126.41181182861328,37.41014862060547,2026-06-20T04:30:50.563355,stranded,1,1,126.41181182861328,37.41014862060547,0.12
offshore,793,126.1911392211914,37.26076126098633,2026-06-20T04:49:03.332328,stranded,1,0,126.10340881347656,37.18310546875,1.12
offshore,794,126.34891510009766,37.335960388183594,2026-06-20T04:50:51.258646,stranded,1,0,126.29684448242188,37.265472412109375,0.62
offshore,795,126.38815307617188,37.2696533203125,2026-06-20T05:06:07.207777,stranded,1,0,126.44638061523438,37.37177276611328,0.5
offshore,796,125.9879379272461,37.15901565551758,2026-06-20T05:15:20.483361,stranded,1,0,126.00911712646484,37.15034103393555,0.25
offshore,797,126.29823303222656,37.12740707397461,2026-06-20T06:36:44.341231,stranded,1,1,126.29823303222656,37.12740707397461,0.12
offshore,798,126.23929595947266,37.12818908691406,2026-06-20T07:25:09.982392,stranded,1,0,126.27449035644531,37.14131164550781,0.25
offshore,799,126.0074234008789,37.60884094238281,2026-06-20T08:22:45.819609,stranded,1,0,125.96918487548828,37.60688781738281,0.62
offshore,800,126.36260986328125,37.45574951171875,2026-06-20T10:31:34.345748,stranded,1,0,126.36260986328125,37.45863723754883,0.25
offshore,801,126.25464630126953,37.495574951171875,2026-06-20T10:44:01.694949,stranded,1,0,126.26869201660156,37.32929611206055,1.5
offshore,802,126.15576171875,37.44868850708008,2026-06-20T11:30:10.600424,stranded,1,0,126.09392547607422,37.28179168701172,1.38
offshore,803,126.08430480957031,37.54573059082031,2026-06-20T11:32:31.938309,stranded,1,0,125.86052703857422,37.90927505493164,36.88
offshore,804,126.41800689697266,37.27228927612305,2026-06-20T11:56:18.418143,stranded,1,0,126.36253356933594,37.21154022216797,0.25
offshore,805,126.2112808227539,37.44928741455078,2026-06-20T12:40:54.998895,stranded,1,0,126.12882232666016,37.743934631347656,14.0
offshore,806,126.03076934814453,37.387813568115234,2026-06-20T14:09:23.905399,stranded,1,0,125.76777648925781,37.79721450805664,28.0
offshore,807,126.08020782470703,37.46891403198242,2026-06-20T15:11:40.642219,stranded,1,0,125.92454528808594,37.83460998535156,15.5
offshore,808,126.19405364990234,37.489044189453125,2026-06-20T15:16:44.191629,stranded,1,0,125.96601867675781,37.18442153930664,7.0
offshore,809,125.95022583007812,37.502262115478516,2026-06-20T15:43:56.047959,stranded,1,0,126.09178924560547,37.241790771484375,9.62
offshore,810,126.17266845703125,37.24159622192383,2026-06-20T16:42:48.743384,stranded,1,0,126.11903381347656,37.252655029296875,0.62
offshore,811,125.9356460571289,37.49672317504883,2026-06-20T16:52:37.039234,stranded,1,0,126.13115692138672,37.249900817871094,9.0
offshore,812,125.92805480957031,37.1489372253418,2026-06-20T18:00:48.972908,stranded,1,0,125.96460723876953,37.17918014526367,0.75
offshore,813,126.0302505493164,37.140743255615234,2026-06-20T18:04:49.596237,stranded,1,0,126.0243148803711,37.13822555541992,0.75
offshore,814,126.16793060302734,37.199317932128906,2026-06-20T18:46:31.931102,stranded,1,0,126.17842864990234,37.20988464355469,0.25
offshore,815,125.99039459228516,37.5828857421875,2026-06-20T21:36:46.056035,stranded,1,0,126.07688903808594,37.2880859375,9.75
offshore,816,125.99144744873047,37.311302185058594,2026-06-20T22:21:04.291358,stranded,1,0,125.71322631835938,37.65327072143555,47.12
offshore,817,125.95645904541016,37.21128845214844,2026-06-20T22:49:16.856563,stranded,1,0,125.9416275024414,37.076316833496094,1.62
offshore,818,126.19743347167969,37.52090835571289,2026-06-21T00:36:43.243324,stranded,1,0,126.08052825927734,37.281978607177734,8.75
offshore,819,126.279052734375,37.423583984375,2026-06-21T01:20:11.373385,stranded,1,0,126.10370635986328,37.22499084472656,6.62
offshore,820,126.39411163330078,37.20956039428711,2026-06-21T01:22:04.792583,stranded,1,0,126.39309692382812,37.11423110961914,0.75
offshore,821,126.01220703125,37.44008255004883,2026-06-21T01:44:03.670448,stranded,1,0,125.7745132446289,37.801414489746094,32.12
offshore,822,126.43035125732422,37.532676696777344,2026-06-21T03:31:47.860265,stranded,1,1,126.43035125732422,37.532676696777344,0.12
offshore,823,125.94571685791016,37.15602111816406,2026-06-21T03:41:36.681572,stranded,1,0,126.01165771484375,37.14743423461914,0.38
offshore,824,126.25885009765625,37.203330993652344,2026-06-21T03:42:33.353962,stranded,1,0,126.31311798095703,37.17138671875,0.62
offshore,825,125.9666976928711,37.53731918334961,2026-06-21T04:02:35.154384,stranded,1,0,126.29812622070312,37.26573944091797,8.5
offshore,826,126.31995391845703,37.50019836425781,2026-06-21T04:49:33.930362,stranded,1,0,126.358642578125,37.46987533569336,0.25
offshore,827,126.12493133544922,37.32306671142578,2026-06-21T05:17:19.776907,stranded,1,0,126.10094451904297,37.26417922973633,1.25
offshore,828,126.10167694091797,37.59780502319336,2026-06-21T06:08:33.270838,stranded,1,0,126.14645385742188,37.745033264160156,3.0
offshore,829,126.4788818359375,37.32062530517578,2026-06-21T06:57:16.572682,stranded,1,0,126.47125244140625,37.28550720214844,0.5
offshore,830,126.11194610595703,37.387916564941406,2026-06-21T07:51:36.682794,stranded,1,0,126.14229583740234,37.74375915527344,24.62
offshore,831,126.36077117919922,37.41731262207031,2026-06-21T08:49:12.918786,stranded,1,0,126.40184783935547,37.4347038269043,0.25
offshore,832,126.45463562011719,37.13883590698242,2026-06-21T09:00:51.092491,stranded,1,0,126.44902801513672,37.10476303100586,0.5
offshore,833,125.91109466552734,37.501670837402344,2026-06-21T09:15:17.204655,stranded,1,0,126.08702850341797,37.2863883972168,8.88
offshore,834,126.43620300292969,37.3649787902832,2026-06-21T09:37:36.533550,stranded,1,0,126.43272399902344,37.36806106567383,1.12
offshore,835,126.00263214111328,37.36624526977539,2026-06-21T10:04:13.372613,stranded,1,0,126.10575866699219,37.75441360473633,12.75
offshore,836,126.36369323730469,37.11874008178711,2026-06-21T10:40:00.652671,stranded,1,0,126.08252716064453,37.10855484008789,2.0
offshore,837,125.99362182617188,37.239559173583984,2026-06-21T11:01:03.013223,stranded,1,0,125.9100112915039,37.18662643432617,0.38
offshore,838,126.15238189697266,37.5654182434082,2026-06-21T11:42:10.332240,stranded,1,0,126.344482421875,37.26102828979492,9.25
offshore,839,126.22695922851562,37.12563705444336,2026-06-21T12:32:18.033770,stranded,1,0,126.22522735595703,37.180259704589844,0.62
offshore,840,126.39277648925781,37.407466888427734,2026-06-21T12:35:13.465406,stranded,1,0,126.36942291259766,37.4412956237793,0.62
offshore,841,126.13533782958984,37.39789581298828,2026-06-21T12:36:38.512836,stranded,1,0,126.09932708740234,37.27824020385742,8.12
offshore,842,126.05157470703125,37.57347106933594,2026-06-21T13:25:27.570748,stranded,1,0,126.2081527709961,37.65431594848633,7.38
offshore,843,126.26097106933594,37.35133361816406,2026-06-21T13:45:59.933721,stranded,1,0,126.27230072021484,37.316898345947266,0.88
offshore,844,126.16847229003906,37.23147964477539,2026-06-21T13:53:23.442179,stranded,1,0,126.164306640625,37.23147964477539,0.25
offshore,845,126.129150390625,37.46693420410156,2026-06-21T14:10:55.854895,stranded,1,0,126.08853149414062,37.27573013305664,8.38
offshore,846,126.37643432617188,37.34203338623047,2026-06-21T14:23:46.259036,stranded,1,0,126.32218933105469,37.257633209228516,0.38
offshore,847,126.06950378417969,37.39289093017578,2026-06-21T15:23:03.493077,stranded,1,0,126.07777404785156,37.28895950317383,7.5
offshore,848,125.89563751220703,37.48453903198242,2026-06-21T15:59:53.059405,stranded,1,0,126.08149719238281,37.28923797607422,7.5
offshore,849,126.37444305419922,37.336673736572266,2026-06-21T16:39:52.178830,stranded,1,0,126.40851593017578,37.38151168823242,0.38
offshore,850,126.16566467285156,37.538761138916016,2026-06-21T17:18:53.742478,stranded,1,0,126.1248779296875,37.686588287353516,1.75
offshore,851,125.94380187988281,37.362483978271484,2026-06-21T17:39:39.393059,stranded,1,0,126.09480285644531,37.75227737426758,12.88
offshore,852,125.93180847167969,37.46495056152344,2026-06-21T18:05:52.247450,stranded,1,0,125.84635162353516,37.914371490478516,35.5
offshore,853,126.16288757324219,37.33808135986328,2026-06-21T18:13:25.422560,stranded,1,0,125.89946746826172,37.778419494628906,36.38
offshore,854,125.99120330810547,37.28550720214844,2026-06-21T18:29:23.458501,stranded,1,0,126.11602783203125,37.214752197265625,9.0
offshore,855,126.06751251220703,37.122928619384766,2026-06-21T19:41:40.287818,stranded,1,0,126.08779907226562,37.174720764160156,0.25
offshore,856,126.27364349365234,37.330101013183594,2026-06-21T20:18:29.260196,stranded,1,0,126.08021545410156,37.28200149536133,6.5
offshore,857,126.07847595214844,37.20668029785156,2026-06-21T20:22:41.857965,stranded,1,0,126.08720397949219,37.22111892700195,0.25
offshore,858,126.23081970214844,37.33183670043945,2026-06-21T20:22:45.044783,stranded,1,0,126.09715270996094,37.258785247802734,6.38
offshore,859,126.28773498535156,37.602325439453125,2026-06-21T20:40:02.819210,stranded,1,0,126.22355651855469,37.6645393371582,0.62
offshore,860,126.11795806884766,37.488162994384766,2026-06-21T20:50:46.392031,stranded,1,0,126.16722106933594,37.66694259643555,10.62
offshore,861,126.12557983398438,37.34735107421875,2026-06-21T21:04:59.248341,stranded,1,0,126.13613891601562,37.682212829589844,12.12
offshore,862,125.93067169189453,37.17732620239258,2026-06-21T21:12:33.883230,stranded,1,0,126.07649230957031,37.288238525390625,6.62
offshore,863,126.06991577148438,37.469810485839844,2026-06-21T22:22:24.220417,stranded,1,0,126.26734161376953,37.325069427490234,7.88
offshore,864,126.4240493774414,37.19337844848633,2026-06-21T22:39:02.006964,stranded,1,0,126.38496398925781,37.23916244506836,1.62
offshore,865,126.4403076171875,37.59320068359375,2026-06-21T22:46:12.273593,stranded,1,1,126.4403076171875,37.59320068359375,0.12
offshore,866,126.26274871826172,37.20431137084961,2026-06-21T23:02:15.878220,stranded,1,0,126.26834106445312,37.16593551635742,0.62
offshore,867,126.3480453491211,37.41602325439453,2026-06-21T23:08:19.540880,stranded,1,0,126.08689880371094,37.2860221862793,6.25
offshore,868,126.10100555419922,37.54845428466797,2026-06-21T23:21:26.852332,stranded,1,0,126.25088500976562,37.629756927490234,8.0
offshore,869,125.9922103881836,37.15129470825195,2026-06-21T23:39:52.679000,stranded,1,0,125.97962188720703,37.18585205078125,6.88
offshore,870,126.13025665283203,37.440277099609375,2026-06-22T03:07:57.464904,stranded,1,0,126.09976196289062,37.751953125,13.0
offshore,871,125.90827941894531,37.32997131347656,2026-06-22T04:59:24.681201,stranded,1,0,126.08008575439453,37.28192138671875,6.5
offshore,872,126.19073486328125,37.372615814208984,2026-06-22T06:39:52.960890,stranded,1,0,126.1386489868164,37.74375534057617,12.25
offshore,873,126.18531799316406,37.331172943115234,2026-06-22T06:58:53.744436,stranded,1,0,125.9666748046875,37.18418884277344,5.38
offshore,874,125.99073028564453,37.486549377441406,2026-06-22T07:59:13.443428,stranded,1,0,126.30210876464844,37.26411437988281,8.38
offshore,875,126.152099609375,37.124977111816406,2026-06-22T08:01:50.329236,stranded,1,0,126.23414611816406,37.17882537841797,0.38
offshore,876,125.98102569580078,37.26947021484375,2026-06-22T08:21:04.364332,stranded,1,0,126.25216674804688,37.6363525390625,39.75
offshore,877,126.28160858154297,37.417293548583984,2026-06-22T08:31:40.983235,stranded,1,0,126.08885955810547,37.284122467041016,5.75
offshore,878,126.06620788574219,37.163394927978516,2026-06-22T09:57:32.217854,stranded,1,0,125.99027252197266,37.19827651977539,5.62
offshore,879,126.45069122314453,37.192909240722656,2026-06-22T10:15:43.017596,stranded,1,0,126.36296081542969,37.21153259277344,0.38
offshore,880,126.0185317993164,37.54297637939453,2026-06-22T10:32:13.744760,stranded,1,0,125.9780044555664,37.6103401184082,4.5
offshore,881,126.22010040283203,37.35877990722656,2026-06-22T11:37:52.201621,stranded,1,0,125.98590087890625,37.19795227050781,5.25
offshore,882,125.9630126953125,37.38230514526367,2026-06-22T11:54:56.397575,stranded,1,0,125.75813293457031,37.80257797241211,28.88
offshore,883,126.11529541015625,37.33510971069336,2026-06-22T12:07:28.986715,stranded,1,0,126.10136413574219,37.751922607421875,11.12
offshore,884,126.27183532714844,37.14945602416992,2026-06-22T12:41:01.005549,stranded,1,1,126.27183532714844,37.14945602416992,0.12
offshore,885,126.17903137207031,37.15275955200195,2026-06-22T13:44:14.190685,stranded,1,0,126.11560821533203,37.180599212646484,0.62
offshore,886,126.10282135009766,37.3800163269043,2026-06-22T14:04:18.742274,stranded,1,0,126.07647705078125,37.28731918334961,6.75
offshore,887,126.37939453125,37.54774856567383,2026-06-22T14:59:43.814195,stranded,1,0,126.35655975341797,37.53363800048828,0.25
offshore,888,126.0510482788086,37.34623718261719,2026-06-22T15:56:48.519725,stranded,1,0,126.10198211669922,37.75088882446289,12.38
offshore,889,126.37007904052734,37.53463363647461,2026-06-22T16:00:01.088381,stranded,1,1,126.37007904052734,37.53463363647461,0.12
offshore,890,126.1572494506836,37.43532180786133,2026-06-22T16:48:47.017139,stranded,1,0,126.31782531738281,37.260860443115234,8.0
offshore,891,126.01606750488281,37.46723556518555,2026-06-22T17:52:06.552480,stranded,1,0,126.1771011352539,37.67056655883789,11.75
offshore,892,126.15145111083984,37.25194549560547,2026-06-22T19:06:40.641668,stranded,1,0,126.08679962158203,37.27911376953125,0.75
offshore,893,126.0550308227539,37.1259765625,2026-06-22T19:29:29.858935,stranded,1,0,125.98625183105469,37.19823455810547,0.75
offshore,894,126.19001770019531,37.26495361328125,2026-06-22T20:19:21.810017,stranded,1,0,126.08828735351562,37.27627944946289,0.75
offshore,895,125.93684387207031,37.1373291015625,2026-06-22T21:03:25.939117,stranded,1,0,125.98416900634766,37.18012237548828,0.25
offshore,896,126.1780776977539,37.39034652709961,2026-06-22T22:18:11.668942,stranded,1,0,126.07830047607422,37.28316116333008,5.38
offshore,897,126.18035125732422,37.33526611328125,2026-06-22T23:57:11.870875,stranded,1,0,125.99341583251953,37.1950798034668,4.62
offshore,898,126.27831268310547,37.53573989868164,2026-06-23T00:28:55.855224,stranded,1,0,126.07743835449219,37.288414001464844,4.62
offshore,899,125.92694091796875,37.481590270996094,2026-06-23T02:08:44.909996,stranded,1,0,125.8718490600586,37.89307403564453,18.75
offshore,900,126.27935028076172,37.12478256225586,2026-06-23T03:09:43.193888,stranded,1,0,125.99630737304688,37.197139739990234,0.88
offshore,901,125.9738998413086,37.29316329956055,2026-06-23T04:42:22.118466,stranded,1,0,126.09295654296875,37.16920852661133,5.62
offshore,902,126.1050033569336,37.60380554199219,2026-06-23T04:54:23.619369,stranded,1,0,125.96753692626953,37.610374450683594,3.38
offshore,903,126.16887664794922,37.116729736328125,2026-06-23T05:58:03.333568,stranded,1,0,126.14224243164062,37.2004280090332,0.5
offshore,904,126.23085021972656,37.38473129272461,2026-06-23T06:10:33.692285,stranded,1,0,126.07798767089844,37.282535552978516,3.5
offshore,905,126.24407958984375,37.31724166870117,2026-06-23T06:51:40.033576,stranded,1,0,126.16536712646484,37.208919525146484,4.5
offshore,906,126.44670104980469,37.49756622314453,2026-06-23T06:54:39.398666,stranded,1,1,126.44670104980469,37.49756622314453,0.12
offshore,907,125.95350646972656,37.264801025390625,2026-06-23T07:08:54.202441,active,0,0,125.72196960449219,37.44084167480469,67.75
offshore,908,126.06111145019531,37.41679382324219,2026-06-23T07:18:28.367667,stranded,1,0,126.09223937988281,37.24898910522461,6.38
offshore,909,126.41548919677734,37.300209045410156,2026-06-23T08:01:43.718061,stranded,1,0,126.43193817138672,37.44131088256836,0.5
offshore,910,126.17682647705078,37.42168426513672,2026-06-23T08:48:45.452580,stranded,1,0,126.08766174316406,37.27852249145508,6.0
offshore,911,126.21781921386719,37.301910400390625,2026-06-23T10:26:28.661357,stranded,1,0,126.08767700195312,37.276451110839844,4.38
offshore,912,126.00994873046875,37.31989288330078,2026-06-23T10:26:46.411842,stranded,1,0,125.96923065185547,37.606529235839844,10.0
offshore,913,126.45508575439453,37.44985580444336,2026-06-23T11:20:50.517337,stranded,1,0,126.33958435058594,37.2623176574707,3.62
offshore,914,126.2438735961914,37.530574798583984,2026-06-23T12:54:14.746721,stranded,1,0,126.07727813720703,37.28929138183594,5.62
offshore,915,126.26649475097656,37.340415954589844,2026-06-23T14:09:50.473661,stranded,1,0,126.11017608642578,37.264408111572266,2.38
offshore,916,126.26801300048828,37.29972457885742,2026-06-23T14:25:42.001304,stranded,1,0,126.10938262939453,37.27238845825195,2.38
offshore,917,125.8974609375,37.36001968383789,2026-06-23T15:23:32.352637,active,0,0,125.66326904296875,37.34037399291992,67.38
offshore,918,126.21649932861328,37.30547332763672,2026-06-23T15:30:40.671863,stranded,1,0,126.101806640625,37.263919830322266,1.88
offshore,919,125.98700714111328,37.191097259521484,2026-06-23T16:21:06.884081,stranded,1,1,125.98700714111328,37.191097259521484,0.12
offshore,920,126.19597625732422,37.3380241394043,2026-06-23T16:22:15.371543,stranded,1,0,126.09630584716797,37.279327392578125,0.75
offshore,921,126.0721206665039,37.18672180175781,2026-06-23T17:48:03.391887,stranded,1,0,125.96446990966797,37.17974090576172,1.0
offshore,922,125.94058227539062,37.273597717285156,2026-06-23T18:54:12.374701,stranded,1,0,125.96566009521484,37.178253173828125,2.88
offshore,923,125.92529296875,37.61121368408203,2026-06-23T20:52:59.747384,stranded,1,0,126.33792877197266,37.261775970458984,6.88
offshore,924,126.33460998535156,37.13748550415039,2026-06-23T21:00:02.256467,stranded,1,0,126.3136978149414,37.1710205078125,0.62
offshore,925,125.90670776367188,37.54454040527344,2026-06-23T21:14:57.021856,stranded,1,0,126.09523010253906,37.2535514831543,6.5
offshore,926,126.06402587890625,37.34657669067383,2026-06-23T21:15:10.091212,stranded,1,0,126.08321380615234,37.280609130859375,4.0
offshore,927,126.05960845947266,37.354366302490234,2026-06-23T21:37:41.591670,stranded,1,0,126.09117889404297,37.2750244140625,5.88
offshore,928,126.0767822265625,37.57265090942383,2026-06-23T21:46:00.639019,stranded,1,0,126.30801391601562,37.262115478515625,6.75
offshore,929,126.0250473022461,37.52046203613281,2026-06-23T23:01:27.004730,stranded,1,0,126.30499267578125,37.263465881347656,5.25
offshore,930,126.22069549560547,37.55247497558594,2026-06-23T23:45:32.149954,stranded,1,0,126.43592834472656,37.373783111572266,6.0
offshore,931,126.15548706054688,37.46880340576172,2026-06-24T00:07:41.237471,stranded,1,0,126.08850860595703,37.225433349609375,3.75
offshore,932,125.92682647705078,37.40045928955078,2026-06-24T00:51:34.351708,stranded,1,0,126.08222198486328,37.28148651123047,5.88
offshore,933,126.21025848388672,37.44624710083008,2026-06-24T01:45:21.279545,stranded,1,0,126.08160400390625,37.289302825927734,2.0
offshore,934,126.04694366455078,37.29108810424805,2026-06-24T01:54:35.377396,stranded,1,0,126.08985137939453,37.24004364013672,4.75
offshore,935,126.0479507446289,37.379295349121094,2026-06-24T02:17:20.651299,stranded,1,0,126.10392761230469,37.22080612182617,4.75
offshore,936,126.01390838623047,37.58061599731445,2026-06-24T02:17:55.430169,stranded,1,0,126.27742767333984,37.31454849243164,6.75
offshore,937,126.24906158447266,37.46064758300781,2026-06-24T02:32:47.831068,stranded,1,0,126.11913299560547,37.25821304321289,2.88
offshore,938,126.43229675292969,37.451873779296875,2026-06-24T02:56:53.630712,stranded,1,0,126.41729736328125,37.454166412353516,0.25
offshore,939,126.12826538085938,37.49978256225586,2026-06-24T03:11:51.336184,stranded,1,0,126.1026611328125,37.2699089050293,4.75
offshore,940,126.26080322265625,37.360633850097656,2026-06-24T03:15:03.917547,stranded,1,0,126.27289581298828,37.315608978271484,0.62
offshore,941,125.96694946289062,37.56844711303711,2026-06-24T03:44:38.510200,stranded,1,0,126.33448791503906,37.25608444213867,5.5
offshore,942,125.96536254882812,37.47319030761719,2026-06-24T04:21:10.135969,stranded,1,0,125.92495727539062,37.785030364990234,11.5
offshore,943,126.31387329101562,37.387142181396484,2026-06-24T04:34:39.893889,stranded,1,0,126.5384292602539,37.20368576049805,4.25
offshore,944,126.36453247070312,37.600704193115234,2026-06-24T05:02:52.689761,stranded,1,0,126.3722152709961,37.535255432128906,0.38
offshore,945,126.24604034423828,37.53797912597656,2026-06-24T05:56:11.413000,stranded,1,0,126.27999114990234,37.26227951049805,3.0
offshore,946,126.02503967285156,37.53594970703125,2026-06-24T05:57:45.296739,stranded,1,0,126.34359741210938,37.26041793823242,5.5
offshore,947,125.96563720703125,37.198551177978516,2026-06-24T07:50:48.364197,stranded,1,0,125.9751968383789,37.19342803955078,0.25
offshore,948,126.16494750976562,37.11800003051758,2026-06-24T08:06:13.714228,stranded,1,0,126.09076690673828,37.18198013305664,0.88
offshore,949,126.27503204345703,37.29838943481445,2026-06-24T08:40:18.077972,stranded,1,0,126.33551788330078,37.25872802734375,1.88
offshore,950,126.14794158935547,37.359527587890625,2026-06-24T08:44:49.773030,stranded,1,0,126.08108520507812,37.28949737548828,1.75
offshore,951,126.022216796875,37.56361389160156,2026-06-24T08:57:08.835305,stranded,1,0,126.32936096191406,37.258216857910156,6.38
offshore,952,126.40512084960938,37.46819305419922,2026-06-24T09:03:15.725461,stranded,1,0,126.40703582763672,37.4611930847168,0.25
offshore,953,126.1092300415039,37.119110107421875,2026-06-24T10:06:37.957669,stranded,1,0,125.99642944335938,37.197418212890625,1.0
offshore,954,126.31095123291016,37.29243087768555,2026-06-24T10:26:03.134898,stranded,1,0,126.318115234375,37.26042175292969,1.62
offshore,955,125.92536926269531,37.412200927734375,2026-06-24T10:55:04.975205,stranded,1,0,126.08458709716797,37.28047180175781,5.38
offshore,956,126.1380844116211,37.31845474243164,2026-06-24T10:59:59.107498,stranded,1,0,126.08228302001953,37.28882598876953,1.12
offshore,957,126.37041473388672,37.449337005615234,2026-06-24T11:16:55.764397,stranded,1,1,126.37041473388672,37.449337005615234,0.12
offshore,958,126.35649871826172,37.17670822143555,2026-06-24T11:35:30.068334,stranded,1,0,126.33367156982422,37.24651336669922,0.38
offshore,959,126.2806167602539,37.21773910522461,2026-06-24T11:56:45.144418,stranded,1,0,126.29413604736328,37.255496978759766,0.25
offshore,960,126.41557312011719,37.25050735473633,2026-06-24T12:10:16.419273,stranded,1,0,126.33663940429688,37.261802673339844,1.12
offshore,961,126.43852233886719,37.34123992919922,2026-06-24T12:32:44.776233,stranded,1,0,126.4092788696289,37.383052825927734,0.62
offshore,962,125.96752166748047,37.56827163696289,2026-06-24T12:52:44.992979,stranded,1,0,126.09889221191406,37.27637481689453,5.75
offshore,963,126.20060729980469,37.63528060913086,2026-06-24T14:04:08.376584,stranded,1,0,126.17595672607422,37.669246673583984,0.62
offshore,964,126.26014709472656,37.096778869628906,2026-06-24T15:39:40.303064,stranded,1,0,126.00981140136719,37.022579193115234,2.12
offshore,965,125.86692810058594,37.331153869628906,2026-06-24T15:50:21.607294,stranded,1,0,125.90679931640625,37.1848258972168,2.0
offshore,966,126.03484344482422,37.336673736572266,2026-06-24T16:50:09.360288,stranded,1,0,126.08846282958984,37.27922821044922,2.12
offshore,967,126.04444885253906,37.39568328857422,2026-06-24T16:51:30.493089,stranded,1,0,126.10195922851562,37.269004821777344,3.5
offshore,968,126.32931518554688,37.42579650878906,2026-06-24T16:54:45.998142,stranded,1,0,126.43400573730469,37.25675582885742,2.0
offshore,969,126.0180435180664,37.61768341064453,2026-06-24T16:57:48.065399,stranded,1,0,125.97217559814453,37.606021881103516,1.62
offshore,970,125.88165283203125,37.19397735595703,2026-06-24T17:23:21.100635,stranded,1,0,126.01406860351562,37.13518142700195,10.38
offshore,971,126.40217590332031,37.242347717285156,2026-06-24T17:33:41.663933,stranded,1,0,126.3158950805664,37.16731643676758,1.38
offshore,972,126.06678009033203,37.160125732421875,2026-06-24T17:38:44.837888,stranded,1,0,126.02503204345703,37.13119888305664,0.25
offshore,973,125.95205688476562,37.328338623046875,2026-06-24T18:16:35.175823,stranded,1,0,125.9839096069336,37.17996597290039,2.0
offshore,974,126.28547668457031,37.191741943359375,2026-06-24T18:55:27.850292,stranded,1,0,126.31424713134766,37.24851989746094,0.38
offshore,975,126.16798400878906,37.4998779296875,2026-06-24T19:01:56.579455,stranded,1,0,126.33734893798828,37.26163101196289,3.75
offshore,976,126.409912109375,37.251651763916016,2026-06-24T19:30:07.535718,stranded,1,0,126.4346923828125,37.25389099121094,0.25
offshore,977,126.08048248291016,37.11166000366211,2026-06-24T19:54:56.372425,stranded,1,0,126.07616424560547,37.10649490356445,0.25
offshore,978,126.11833190917969,37.44282150268555,2026-06-24T20:08:46.130808,stranded,1,0,126.0924072265625,37.2825813293457,2.25
offshore,979,126.13350677490234,37.347442626953125,2026-06-24T20:12:55.069754,stranded,1,0,126.10302734375,37.27366256713867,1.25
offshore,980,126.2821044921875,37.31425857543945,2026-06-24T20:33:43.092885,stranded,1,0,126.31153869628906,37.26243591308594,0.75
offshore,981,126.39847564697266,37.48402786254883,2026-06-24T20:56:56.496323,stranded,1,0,126.4081802368164,37.527496337890625,0.5
offshore,982,126.05715942382812,37.61478042602539,2026-06-24T21:05:18.145885,stranded,1,0,126.36163330078125,37.456302642822266,4.0
offshore,983,125.93113708496094,37.567420959472656,2026-06-24T21:21:16.861447,stranded,1,0,125.97488403320312,37.60676193237305,0.5
offshore,984,126.1550521850586,37.236122131347656,2026-06-24T21:50:47.058030,stranded,1,1,126.1550521850586,37.236122131347656,0.12
offshore,985,126.42436981201172,37.594512939453125,2026-06-24T22:07:09.353848,stranded,1,0,126.42572021484375,37.601749420166016,0.25
offshore,986,126.30744171142578,37.15898513793945,2026-06-24T22:11:26.789952,stranded,1,1,126.30744171142578,37.15898513793945,0.12
offshore,987,126.1688232421875,37.151405334472656,2026-06-24T22:27:13.197667,stranded,1,0,126.0230712890625,37.07134246826172,1.5
offshore,988,126.166015625,37.130184173583984,2026-06-24T23:45:17.523784,stranded,1,0,126.02400207519531,37.06904602050781,1.12
offshore,989,126.17172241210938,37.584781646728516,2026-06-25T00:17:04.520643,stranded,1,0,126.39344787597656,37.39860153198242,5.0
offshore,990,126.10714721679688,37.15248489379883,2026-06-25T00:26:59.038805,stranded,1,0,126.01578521728516,37.07108688354492,0.5
offshore,991,125.96682739257812,37.22313690185547,2026-06-25T01:13:23.056823,stranded,1,0,125.97583770751953,37.18169403076172,0.75
offshore,992,126.25291442871094,37.629207611083984,2026-06-25T01:36:46.726345,stranded,1,1,126.25291442871094,37.629207611083984,0.12
offshore,993,126.16267395019531,37.616092681884766,2026-06-25T02:14:04.117859,stranded,1,0,126.41167449951172,37.370174407958984,4.88
offshore,994,126.2828369140625,37.44297790527344,2026-06-25T02:29:40.824994,stranded,1,0,126.3207778930664,37.25819778442383,2.12
offshore,995,126.055908203125,37.36940002441406,2026-06-25T02:34:34.478853,stranded,1,0,126.0801010131836,37.28160858154297,3.25
offshore,996,126.3429183959961,37.174041748046875,2026-06-25T02:50:29.274669,stranded,1,0,126.32604217529297,36.993995666503906,3.5
offshore,997,126.40869903564453,37.43473815917969,2026-06-25T03:04:37.749491,stranded,1,0,126.40869903564453,37.436649322509766,0.25
offshore,998,126.09557342529297,37.188232421875,2026-06-25T03:33:35.727818,stranded,1,1,126.09557342529297,37.188232421875,0.12
offshore,999,126.13986206054688,37.33401107788086,2026-06-25T03:55:10.710463,stranded,1,0,126.12718963623047,37.25078582763672,0.38
offshore,1000,125.87738037109375,37.11750030517578,2026-06-25T04:12:09.774136,stranded,1,0,125.96651458740234,37.17909240722656,11.38
offshore,1001,126.12347412109375,37.16877746582031,2026-06-25T05:09:40.175885,stranded,1,0,126.07508850097656,37.10625457763672,0.38
offshore,1002,125.99453735351562,37.19200897216797,2026-06-25T05:59:59.484449,stranded,1,0,125.9629135131836,37.09070587158203,1.25
offshore,1003,126.27068328857422,37.098793029785156,2026-06-25T06:02:14.042639,stranded,1,0,126.02969360351562,37.04099655151367,15.38
offshore,1004,125.93595123291016,37.30949783325195,2026-06-25T07:06:49.094248,stranded,1,0,126.12651062011719,37.212745666503906,2.5
offshore,1005,125.89752197265625,37.26729202270508,2026-06-25T07:39:33.633680,stranded,1,0,125.97640228271484,37.189273834228516,1.38
offshore,1006,126.32665252685547,37.37504577636719,2026-06-25T07:45:49.597474,stranded,1,0,126.40873718261719,37.38456726074219,0.5
offshore,1007,126.18600463867188,37.54462814331055,2026-06-25T07:54:13.583713,stranded,1,0,126.41673278808594,37.365966796875,3.5
offshore,1008,126.36895751953125,37.22990036010742,2026-06-25T09:17:12.063926,stranded,1,0,126.38556671142578,37.2396125793457,1.0
offshore,1009,126.05843353271484,37.390689849853516,2026-06-25T09:31:07.035243,stranded,1,0,126.09672546386719,37.256526947021484,2.25
offshore,1010,125.98077392578125,37.25837707519531,2026-06-25T09:57:35.349176,stranded,1,0,126.09663391113281,37.22800827026367,2.38
offshore,1011,126.34333801269531,37.43525314331055,2026-06-25T11:07:46.899561,stranded,1,0,126.36541748046875,37.44136047363281,0.25
offshore,1012,126.10152435302734,37.270103454589844,2026-06-25T11:15:33.724830,stranded,1,1,126.10152435302734,37.270103454589844,0.12
offshore,1013,126.3910903930664,37.31066131591797,2026-06-25T11:42:54.267358,stranded,1,0,126.42288208007812,37.36635208129883,0.38
offshore,1014,126.09925842285156,37.509490966796875,2026-06-25T11:56:45.848774,stranded,1,0,126.41683959960938,37.365447998046875,4.0
offshore,1015,126.25432586669922,37.35755157470703,2026-06-25T12:03:55.742105,stranded,1,0,126.26812744140625,37.328243255615234,0.75
offshore,1016,125.9449691772461,37.19147491455078,2026-06-25T12:23:52.574922,stranded,1,0,125.83171844482422,36.959476470947266,7.5
offshore,1017,126.1270751953125,37.26066589355469,2026-06-25T14:11:59.105699,stranded,1,0,126.08856964111328,37.28477478027344,0.38
offshore,1018,126.09468078613281,37.6021728515625,2026-06-25T14:30:01.424024,stranded,1,0,126.37806701660156,37.439517974853516,4.88
offshore,1019,126.38715362548828,37.084163665771484,2026-06-25T16:14:45.873969,stranded,1,0,126.30179595947266,36.97871017456055,1.62
offshore,1020,126.25418853759766,37.143409729003906,2026-06-25T17:43:13.445317,stranded,1,0,126.01708221435547,37.02773666381836,1.38
offshore,1021,126.13198852539062,37.11601257324219,2026-06-25T17:56:25.189950,stranded,1,0,126.08373260498047,37.09004211425781,0.25
offshore,1022,126.288818359375,37.39524841308594,2026-06-25T20:17:29.849257,stranded,1,0,126.42613220214844,37.36722183227539,1.0
offshore,1023,126.27088165283203,37.289859771728516,2026-06-25T20:25:28.982152,stranded,1,0,126.29509735107422,37.25458908081055,0.38
offshore,1024,126.35025024414062,37.31785583496094,2026-06-25T20:53:15.215162,stranded,1,0,126.4669189453125,37.2292594909668,0.88
offshore,1025,126.06578063964844,37.455509185791016,2026-06-25T21:56:18.992834,stranded,1,0,126.26790618896484,37.32961654663086,2.75
offshore,1026,126.2183609008789,37.17210006713867,2026-06-25T22:13:30.895198,stranded,1,0,126.27267456054688,37.16566848754883,0.5
offshore,1027,126.08323669433594,37.348812103271484,2026-06-25T22:24:30.621182,stranded,1,0,126.09786987304688,37.27948760986328,1.12
offshore,1028,126.13285064697266,37.27155303955078,2026-06-25T22:35:33.801654,stranded,1,0,126.14543151855469,37.2418212890625,0.62
offshore,1029,126.20808410644531,37.55803298950195,2026-06-26T01:56:56.062252,stranded,1,0,126.41327667236328,37.367027282714844,2.75
offshore,1030,126.0652847290039,37.2062873840332,2026-06-26T02:54:23.214629,stranded,1,0,126.11376953125,37.179588317871094,0.75
offshore,1031,125.90907287597656,37.55447769165039,2026-06-26T03:16:25.937152,stranded,1,0,126.33612823486328,37.26023864746094,3.62
offshore,1032,126.42030334472656,37.60298156738281,2026-06-26T03:23:45.981554,stranded,1,1,126.42030334472656,37.60298156738281,0.12
offshore,1033,126.15198516845703,37.51304626464844,2026-06-26T03:33:13.155406,stranded,1,0,126.43443298339844,37.38895034790039,2.88
offshore,1034,126.14201354980469,37.28707504272461,2026-06-26T04:38:55.524634,stranded,1,0,126.11652374267578,37.258506774902344,0.25
offshore,1035,125.92852783203125,37.57146453857422,2026-06-26T04:45:22.410554,stranded,1,0,126.33505249023438,37.26081085205078,4.5
offshore,1036,126.03707885742188,37.15842056274414,2026-06-26T05:27:33.101885,stranded,1,0,126.02254486083984,37.13442611694336,0.25
offshore,1037,126.17982482910156,37.4349250793457,2026-06-26T05:54:39.827772,stranded,1,0,126.3213882446289,37.2584114074707,1.38
offshore,1038,126.10208892822266,37.07339859008789,2026-06-26T07:01:47.608011,stranded,1,0,126.0304183959961,37.042823791503906,0.75
offshore,1039,126.20767211914062,37.592674255371094,2026-06-26T07:16:10.978813,stranded,1,0,126.26454162597656,37.55038070678711,0.5
offshore,1040,126.023681640625,37.07058334350586,2026-06-26T07:28:35.542598,stranded,1,1,126.023681640625,37.07058334350586,0.12
offshore,1041,126.21218872070312,37.44581604003906,2026-06-26T07:50:27.936289,stranded,1,0,126.34445190429688,37.26024627685547,1.25
offshore,1042,126.07547760009766,37.43753433227539,2026-06-26T07:54:19.805501,stranded,1,0,126.31819915771484,37.24566650390625,3.0
offshore,1043,126.19944763183594,37.08763885498047,2026-06-26T08:41:38.894240,stranded,1,0,126.02223205566406,37.07167053222656,4.88
offshore,1044,125.9381103515625,37.342552185058594,2026-06-26T09:47:25.340649,stranded,1,0,126.10357666015625,37.26759338378906,2.88
offshore,1045,126.04095458984375,37.37975311279297,2026-06-26T09:47:37.456795,stranded,1,0,126.08357238769531,37.28831481933594,1.62
offshore,1046,126.11206817626953,37.06504821777344,2026-06-26T09:59:14.687532,stranded,1,0,126.01959991455078,37.07927322387695,0.62
offshore,1047,126.24246215820312,37.07261657714844,2026-06-26T10:20:12.139710,stranded,1,0,126.18305969238281,37.19501876831055,11.12
offshore,1048,126.11724853515625,37.20588302612305,2026-06-26T13:19:08.293529,stranded,1,0,126.11724853515625,37.21061706542969,0.25
offshore,1049,126.29118347167969,37.39088439941406,2026-06-26T13:24:18.725358,stranded,1,0,126.44683074951172,37.373653411865234,1.38
offshore,1050,126.11260223388672,37.34379959106445,2026-06-26T13:59:20.349511,stranded,1,0,126.08922576904297,37.22611618041992,1.12
offshore,1051,126.39887237548828,37.601619720458984,2026-06-26T15:22:55.889243,stranded,1,1,126.39887237548828,37.601619720458984,0.12
offshore,1052,126.41278839111328,37.43394470214844,2026-06-26T15:38:11.954029,stranded,1,1,126.41278839111328,37.43394470214844,0.12
offshore,1053,126.0050048828125,37.38347244262695,2026-06-26T16:12:29.577107,stranded,1,0,126.09233856201172,37.2376823425293,2.62
offshore,1054,126.45030975341797,37.59456253051758,2026-06-26T16:31:50.448918,stranded,1,1,126.45030975341797,37.59456253051758,0.12
offshore,1055,126.27912902832031,37.122764587402344,2026-06-26T17:15:44.378941,stranded,1,0,126.18324279785156,37.19410705566406,10.25
offshore,1056,126.26868438720703,37.18067169189453,2026-06-26T17:53:42.639962,stranded,1,0,126.26428985595703,37.17848205566406,0.25
offshore,1057,126.06571960449219,37.32368087768555,2026-06-26T18:56:22.346190,stranded,1,0,126.07846069335938,37.288597106933594,0.62
offshore,1058,126.10548400878906,37.18465805053711,2026-06-26T20:34:10.653983,stranded,1,0,126.10301208496094,37.18465805053711,0.25
offshore,1059,126.25265502929688,37.38703918457031,2026-06-26T20:37:03.542850,stranded,1,0,126.26734161376953,37.32875442504883,0.38
offshore,1060,125.91177368164062,37.45513916015625,2026-06-26T20:45:48.997649,stranded,1,0,126.09602355957031,37.28090286254883,3.38
offshore,1061,126.29232025146484,37.22288131713867,2026-06-26T21:07:51.634864,stranded,1,0,126.25948333740234,37.181480407714844,0.25
offshore,1062,125.85889434814453,37.152503967285156,2026-06-26T21:45:55.520468,stranded,1,0,125.94149017333984,37.06887435913086,0.75
offshore,1063,126.1904296875,37.442481994628906,2026-06-26T22:17:39.028440,stranded,1,0,126.41412353515625,37.366573333740234,1.88
offshore,1064,126.43207550048828,37.236602783203125,2026-06-26T22:33:40.875781,stranded,1,1,126.43207550048828,37.236602783203125,0.12
offshore,1065,126.01262664794922,37.218360900878906,2026-06-26T23:03:17.619596,stranded,1,0,126.09346771240234,37.18708801269531,0.75
offshore,1066,126.32556915283203,37.10002517700195,2026-06-26T23:32:27.506902,stranded,1,0,126.3864517211914,37.11447525024414,0.62
offshore,1067,126.29602813720703,37.16193771362305,2026-06-26T23:44:06.391748,stranded,1,0,126.29602813720703,37.16449737548828,0.25
offshore,1068,126.1574935913086,37.501808166503906,2026-06-26T23:45:41.002853,stranded,1,0,126.3294906616211,37.257606506347656,2.75
offshore,1069,126.35579681396484,37.32329177856445,2026-06-26T23:59:26.536328,stranded,1,0,126.42460632324219,37.36848449707031,0.38
offshore,1070,125.93946838378906,37.532169342041016,2026-06-27T00:54:25.085652,stranded,1,0,126.27613830566406,37.31313705444336,4.25
offshore,1071,126.1349868774414,37.390594482421875,2026-06-27T02:58:09.955921,stranded,1,0,126.47541046142578,37.281829833984375,2.62
offshore,1072,126.4476318359375,37.502967834472656,2026-06-27T03:10:06.939691,stranded,1,0,126.46243286132812,37.51340103149414,0.25
offshore,1073,126.19882202148438,37.588497161865234,2026-06-27T03:35:58.865637,stranded,1,0,126.35765838623047,37.46175003051758,1.75
offshore,1074,126.13177490234375,37.43336868286133,2026-06-27T04:44:44.172217,stranded,1,0,126.10188293457031,37.27278137207031,2.0
offshore,1075,125.92737579345703,37.120933532714844,2026-06-27T05:03:33.373564,stranded,1,0,125.99593353271484,37.05894088745117,3.25
offshore,1076,126.09557342529297,37.44114303588867,2026-06-27T05:05:05.611066,stranded,1,0,126.07698822021484,37.28816604614258,2.0
offshore,1077,126.18885040283203,37.324119567871094,2026-06-27T05:06:41.176912,stranded,1,0,126.29206848144531,37.254669189453125,0.62
offshore,1078,126.11933135986328,37.50303649902344,2026-06-27T05:54:16.954381,stranded,1,0,126.40653991699219,37.388099670410156,2.75
offshore,1079,126.20279693603516,37.333099365234375,2026-06-27T06:34:59.484974,stranded,1,0,126.28892517089844,37.25682830810547,0.38
offshore,1080,126.05316162109375,37.4492301940918,2026-06-27T06:45:56.572179,stranded,1,0,126.26881408691406,37.330230712890625,1.38
offshore,1081,126.01701354980469,37.14350891113281,2026-06-27T06:51:37.825773,stranded,1,0,126.0147705078125,37.069271087646484,0.38
offshore,1082,125.96028900146484,37.42070770263672,2026-06-27T06:52:46.018225,stranded,1,0,126.08865356445312,37.27519607543945,3.0
offshore,1083,126.27276611328125,37.344547271728516,2026-06-27T07:33:44.053750,stranded,1,0,126.2784423828125,37.31435012817383,0.25
offshore,1084,126.17980194091797,37.21736145019531,2026-06-27T10:27:42.082742,stranded,1,1,126.17980194091797,37.21736145019531,0.12
offshore,1085,126.39424896240234,37.16313934326172,2026-06-27T12:18:24.074547,stranded,1,0,126.4684829711914,37.2304801940918,0.5
offshore,1086,126.09732055664062,37.49382019042969,2026-06-27T12:21:41.133467,stranded,1,0,126.41178131103516,37.369197845458984,2.38
offshore,1087,126.33028411865234,37.25737380981445,2026-06-27T12:22:49.857702,stranded,1,1,126.33028411865234,37.25737380981445,0.12
offshore,1088,126.31324005126953,37.24735641479492,2026-06-27T12:59:37.262767,stranded,1,0,126.31642150878906,37.24735641479492,0.25
offshore,1089,126.38029479980469,37.537296295166016,2026-06-27T13:06:09.163898,stranded,1,1,126.38029479980469,37.537296295166016,0.12
offshore,1090,126.27328491210938,37.31496047973633,2026-06-27T13:07:09.858410,stranded,1,1,126.27328491210938,37.31496047973633,0.12
offshore,1091,126.22683715820312,37.3077278137207,2026-06-27T13:29:49.218667,stranded,1,0,126.08607482910156,37.286705017089844,1.62
offshore,1092,126.19316864013672,37.35330581665039,2026-06-27T13:38:46.407311,stranded,1,0,126.09916687011719,37.27798080444336,1.62
offshore,1093,126.15479278564453,37.45329666137695,2026-06-27T15:26:16.382225,stranded,1,0,126.31415557861328,37.261592864990234,2.0
offshore,1094,126.0630111694336,37.3052978515625,2026-06-27T15:50:16.396436,stranded,1,0,126.08695220947266,37.22053527832031,2.12
offshore,1095,126.28662872314453,37.14592742919922,2026-06-27T16:26:04.573676,stranded,1,0,126.27659606933594,37.14487075805664,0.25
offshore,1096,126.42171478271484,37.53523635864258,2026-06-27T16:26:21.724371,stranded,1,1,126.42171478271484,37.53523635864258,0.12
offshore,1097,126.34918975830078,37.57546615600586,2026-06-27T16:45:08.474500,stranded,1,0,126.36675262451172,37.5296630859375,0.62
offshore,1098,125.96354675292969,37.12469482421875,2026-06-27T18:51:19.041973,stranded,1,0,125.94529724121094,37.083213806152344,0.38
offshore,1099,126.11688995361328,37.25010681152344,2026-06-27T18:57:41.978079,stranded,1,1,126.11688995361328,37.25010681152344,0.12
offshore,1100,126.45030975341797,37.2415885925293,2026-06-27T19:01:22.873260,stranded,1,1,126.45030975341797,37.2415885925293,0.12
offshore,1101,125.9640884399414,37.208003997802734,2026-06-27T19:03:53.664330,stranded,1,0,125.96390533447266,37.1813850402832,0.5
offshore,1102,126.10166931152344,37.473655700683594,2026-06-27T19:05:30.433968,stranded,1,0,126.33555603027344,37.26160430908203,1.88
offshore,1103,126.28209686279297,37.419769287109375,2026-06-27T19:19:23.922367,stranded,1,0,126.33924102783203,37.26105880737305,0.88
offshore,1104,126.40724182128906,37.56803894042969,2026-06-27T19:35:03.394275,stranded,1,0,126.38365936279297,37.537044525146484,0.25
offshore,1105,125.88386535644531,37.484458923339844,2026-06-27T19:46:20.909689,stranded,1,0,126.12277221679688,37.74580764770508,6.75
offshore,1106,126.07689666748047,37.33149337768555,2026-06-27T20:07:44.888041,stranded,1,0,126.09882354736328,37.2603874206543,0.5
offshore,1107,126.20819091796875,37.496761322021484,2026-06-27T22:05:26.521861,stranded,1,0,126.37908935546875,37.43708801269531,1.5
offshore,1108,125.9531478881836,37.24789810180664,2026-06-27T22:57:10.606867,stranded,1,0,126.08063507080078,37.28138732910156,0.88
offshore,1109,126.34930419921875,37.19894027709961,2026-06-27T23:46:56.456170,stranded,1,0,126.45356750488281,37.240501403808594,0.38
offshore,1110,125.95870971679688,37.223365783691406,2026-06-28T00:08:39.484432,stranded,1,0,126.07780456542969,37.28276824951172,2.0
offshore,1111,126.19719696044922,37.509910583496094,2026-06-28T00:16:39.375516,stranded,1,0,126.30401611328125,37.2635612487793,2.75
offshore,1112,126.15436553955078,37.098876953125,2026-06-28T00:35:25.760337,stranded,1,0,126.24808502197266,37.17026138305664,5.88
offshore,1113,126.27589416503906,37.28414535522461,2026-06-28T00:53:21.430310,stranded,1,0,126.32124328613281,37.25791549682617,0.5
offshore,1114,126.1670913696289,37.442543029785156,2026-06-28T00:58:27.687198,stranded,1,0,126.44136047363281,37.37064743041992,1.88
offshore,1115,126.18888092041016,37.49474334716797,2026-06-28T01:19:18.000280,stranded,1,0,126.3668441772461,37.44087600708008,1.25
offshore,1116,126.42817687988281,37.3523063659668,2026-06-28T01:22:33.933027,stranded,1,0,126.48199462890625,37.2804069519043,0.62
offshore,1117,126.04749298095703,37.18461227416992,2026-06-28T01:29:45.550519,stranded,1,0,126.09078216552734,37.22050476074219,0.38
offshore,1118,126.15715789794922,37.6104621887207,2026-06-28T01:45:54.454851,stranded,1,0,126.18391418457031,37.668601989746094,0.38
offshore,1119,126.37919616699219,37.33597946166992,2026-06-28T01:52:53.087742,stranded,1,0,126.41337585449219,37.36703109741211,0.25
offshore,1120,126.17639923095703,37.44779586791992,2026-06-28T01:55:08.465036,stranded,1,0,126.27506256103516,37.318363189697266,2.12
offshore,1121,126.31098937988281,37.55546951293945,2026-06-28T03:06:37.974235,stranded,1,1,126.31098937988281,37.55546951293945,0.12
offshore,1122,126.1557388305664,37.14217758178711,2026-06-28T03:07:28.935958,stranded,1,0,126.17555236816406,37.21999740600586,1.0
offshore,1123,126.4403076171875,37.49006652832031,2026-06-28T03:21:44.454940,stranded,1,0,126.44501495361328,37.492340087890625,0.25
offshore,1124,126.09896087646484,37.597042083740234,2026-06-28T03:42:31.575934,stranded,1,0,126.36055755615234,37.457664489746094,5.25
offshore,1125,126.27225494384766,37.21143341064453,2026-06-28T03:50:47.472753,stranded,1,0,126.2586441040039,37.18193817138672,0.38
offshore,1126,126.32074737548828,37.446861267089844,2026-06-28T03:58:20.376338,stranded,1,0,126.39852905273438,37.4445686340332,0.75
offshore,1127,126.14022827148438,37.571407318115234,2026-06-28T03:59:39.687095,stranded,1,0,126.36674499511719,37.44088363647461,2.25
offshore,1128,126.09321594238281,37.44731521606445,2026-06-28T04:08:59.853019,stranded,1,0,126.3143310546875,37.26175308227539,2.5
offshore,1129,126.38052368164062,37.2385368347168,2026-06-28T04:37:43.101536,stranded,1,0,126.32197570800781,37.15898895263672,0.38
offshore,1130,126.42030334472656,37.601627349853516,2026-06-28T04:51:46.702778,stranded,1,1,126.42030334472656,37.601627349853516,0.12
offshore,1131,126.27198791503906,37.122318267822266,2026-06-28T04:55:31.202903,stranded,1,0,126.07698059082031,37.10687255859375,2.88
offshore,1132,126.42908477783203,37.26841354370117,2026-06-28T05:24:39.123063,stranded,1,0,126.45470428466797,37.227996826171875,0.62
offshore,1133,125.8792495727539,37.58169937133789,2026-06-28T06:43:28.226840,stranded,1,0,125.96878051757812,37.85423278808594,6.75
offshore,1134,126.41980743408203,37.11163330078125,2026-06-28T08:03:18.010173,stranded,1,0,126.3897476196289,37.10083770751953,0.38
offshore,1135,125.97249603271484,37.26118087768555,2026-06-28T08:44:30.379573,stranded,1,0,126.08808135986328,37.28529357910156,2.25
offshore,1136,126.25022888183594,37.22361755371094,2026-06-28T09:03:20.718762,stranded,1,0,126.2752685546875,37.16474914550781,0.88
offshore,1137,126.37145233154297,37.21589660644531,2026-06-28T09:07:59.114106,stranded,1,0,126.38395690917969,37.11387252807617,1.38
offshore,1138,125.89976501464844,37.48674011230469,2026-06-28T09:23:30.743788,stranded,1,0,126.11420440673828,37.749507904052734,5.12
offshore,1139,126.43341827392578,37.26408004760742,2026-06-28T09:56:22.527318,stranded,1,1,126.43341827392578,37.26408004760742,0.12
offshore,1140,126.2317886352539,37.39585494995117,2026-06-28T10:17:56.578245,stranded,1,0,126.3353042602539,37.25837326049805,1.25
offshore,1141,126.04182434082031,37.25275421142578,2026-06-28T10:42:32.251486,stranded,1,0,126.09142303466797,37.27535629272461,0.38
offshore,1142,126.4367904663086,37.38662338256836,2026-06-28T10:57:46.871340,stranded,1,1,126.4367904663086,37.38662338256836,0.12
offshore,1143,125.9548568725586,37.59067153930664,2026-06-28T11:34:17.573849,stranded,1,0,126.21387481689453,37.65557861328125,2.62
offshore,1144,125.91100311279297,37.573638916015625,2026-06-28T11:54:02.449583,stranded,1,0,126.20671081542969,37.65382766723633,3.0
offshore,1145,126.29608154296875,37.26603698730469,2026-06-28T12:36:48.148831,stranded,1,1,126.29608154296875,37.26603698730469,0.12
offshore,1146,126.09215545654297,37.30830764770508,2026-06-28T13:05:52.848099,stranded,1,0,126.09161376953125,37.28290939331055,1.62
offshore,1147,126.04554748535156,37.40351486206055,2026-06-28T13:14:54.183710,stranded,1,0,126.26055145263672,37.554931640625,4.88
offshore,1148,125.97357940673828,37.582786560058594,2026-06-28T13:46:24.791208,stranded,1,0,126.27069854736328,37.545982360839844,2.38
offshore,1149,126.43649291992188,37.248756408691406,2026-06-28T13:54:46.471376,stranded,1,1,126.43649291992188,37.248756408691406,0.12
offshore,1150,126.07271575927734,37.36891174316406,2026-06-28T14:23:23.366460,stranded,1,0,126.07778930664062,37.282100677490234,1.75
offshore,1151,126.2008285522461,37.34581756591797,2026-06-28T15:12:19.587685,stranded,1,0,126.27991485595703,37.263328552246094,1.12
offshore,1152,126.36309051513672,37.17776107788086,2026-06-28T16:27:44.762071,stranded,1,0,126.32167053222656,37.163509368896484,0.38
offshore,1153,126.3962631225586,37.215904235839844,2026-06-28T17:34:49.979349,stranded,1,0,126.3971939086914,37.239898681640625,0.25
offshore,1154,125.95416259765625,37.10521697998047,2026-06-28T18:18:05.533030,stranded,1,0,125.942138671875,37.07939147949219,0.62
offshore,1155,125.94252014160156,37.58328628540039,2026-06-28T18:39:40.992186,stranded,1,0,126.15281677246094,37.744140625,5.75
offshore,1156,126.26272583007812,37.21720504760742,2026-06-28T18:53:52.462639,stranded,1,0,126.25593566894531,37.17161178588867,1.12
offshore,1157,126.40980529785156,37.171539306640625,2026-06-28T19:03:47.143120,stranded,1,0,126.3814926147461,37.10487747192383,0.5
offshore,1158,126.2618179321289,37.28282928466797,2026-06-28T19:43:25.947077,stranded,1,0,126.30491638183594,37.1380615234375,0.88
offshore,1159,126.25148010253906,37.19728469848633,2026-06-28T20:15:25.387956,stranded,1,0,126.23749542236328,37.18717575073242,0.25
offshore,1160,126.36263275146484,37.225738525390625,2026-06-28T21:55:20.190907,stranded,1,0,126.45862579345703,37.237613677978516,0.5
offshore,1161,126.31912231445312,37.26111602783203,2026-06-28T22:00:59.117069,stranded,1,1,126.31912231445312,37.26111602783203,0.12
offshore,1162,125.86616516113281,37.210418701171875,2026-06-28T22:27:43.033980,stranded,1,0,125.88993835449219,37.767250061035156,7.0
offshore,1163,126.160888671875,37.12507247924805,2026-06-28T23:10:10.638776,stranded,1,0,126.08208465576172,37.08930206298828,1.88
offshore,1164,125.93026733398438,37.13191223144531,2026-06-28T23:58:24.991760,stranded,1,0,126.01312255859375,37.1519660949707,0.62
offshore,1165,126.2078628540039,37.26369857788086,2026-06-29T00:11:21.516008,stranded,1,0,126.3048095703125,37.25205993652344,0.38
offshore,1166,126.21932983398438,37.18782424926758,2026-06-29T00:51:44.258727,stranded,1,1,126.21932983398438,37.18782424926758,0.12
offshore,1167,126.09233093261719,37.248634338378906,2026-06-29T01:23:43.892208,stranded,1,1,126.09233093261719,37.248634338378906,0.12
offshore,1168,125.97281646728516,37.452117919921875,2026-06-29T02:29:11.554798,stranded,1,0,126.16564178466797,37.779842376708984,5.0
offshore,1169,125.95640563964844,37.130393981933594,2026-06-29T02:44:40.561074,stranded,1,0,126.00904846191406,37.15438461303711,0.5
offshore,1170,126.10684967041016,37.41318130493164,2026-06-29T04:04:47.871317,stranded,1,0,126.1387710571289,37.68083190917969,4.88
offshore,1171,126.40283203125,37.60004806518555,2026-06-29T04:56:16.021820,stranded,1,1,126.40283203125,37.60004806518555,0.12
offshore,1172,126.4112548828125,37.42683792114258,2026-06-29T04:58:32.476898,stranded,1,0,126.41734313964844,37.43000030517578,0.25
offshore,1173,125.95992279052734,37.20754623413086,2026-06-29T05:13:52.043185,stranded,1,0,125.97553253173828,37.18194580078125,0.62
offshore,1174,125.97003173828125,37.421180725097656,2026-06-29T07:04:20.356750,stranded,1,0,125.96739196777344,37.75873947143555,6.5
offshore,1175,126.10572052001953,37.459224700927734,2026-06-29T08:13:20.181087,stranded,1,0,126.23538208007812,37.63731002807617,3.62
offshore,1176,125.91952514648438,37.45097351074219,2026-06-29T09:03:19.553433,stranded,1,0,126.09646606445312,37.753326416015625,5.25
offshore,1177,126.18357849121094,37.191566467285156,2026-06-29T09:04:00.685765,stranded,1,0,126.15423583984375,37.22578811645508,0.75
offshore,1178,126.13714599609375,37.47044372558594,2026-06-29T09:06:28.472393,stranded,1,0,126.26919555664062,37.330238342285156,1.38
offshore,1179,126.19601440429688,37.45891571044922,2026-06-29T09:23:40.081714,stranded,1,0,126.2746353149414,37.313777923583984,1.88
offshore,1180,126.13986206054688,37.10993194580078,2026-06-29T09:49:56.794290,stranded,1,0,126.18014526367188,37.2164192199707,0.5
offshore,1181,126.16384887695312,37.31069564819336,2026-06-29T10:18:45.479912,stranded,1,0,126.07917785644531,37.2883186340332,0.75
offshore,1182,126.10041046142578,37.415992736816406,2026-06-29T12:04:05.020618,stranded,1,0,126.3620376586914,37.660804748535156,4.5
offshore,1183,126.37337493896484,37.25554656982422,2026-06-29T14:27:11.448286,stranded,1,0,126.4247055053711,37.3681526184082,0.38
offshore,1184,126.23812866210938,37.17759704589844,2026-06-29T15:44:26.955186,stranded,1,1,126.23812866210938,37.17759704589844,0.12
offshore,1185,126.19097137451172,37.25429153442383,2026-06-29T16:38:47.162846,stranded,1,0,126.08680725097656,37.28676986694336,0.38
offshore,1186,126.2740478515625,37.462833404541016,2026-06-29T17:55:41.293238,stranded,1,0,126.27947235107422,37.273841857910156,2.12
offshore,1187,126.3037109375,37.3110237121582,2026-06-29T18:15:17.544112,stranded,1,0,126.28874206542969,37.269832611083984,0.62
offshore,1188,126.17625427246094,37.255367279052734,2026-06-29T18:27:00.230530,stranded,1,0,126.13785552978516,37.24490737915039,0.25
offshore,1189,126.30232238769531,37.43157196044922,2026-06-29T18:30:12.623822,stranded,1,0,126.31352996826172,37.26183319091797,0.88
offshore,1190,126.2813720703125,37.58469772338867,2026-06-29T19:09:27.309621,stranded,1,0,126.27106475830078,37.547706604003906,0.38
offshore,1191,126.10989379882812,37.45555877685547,2026-06-29T19:34:06.999688,stranded,1,0,126.0964584350586,37.75265884399414,4.25
offshore,1192,126.30926513671875,37.326011657714844,2026-06-29T19:56:17.469148,stranded,1,0,126.29688262939453,37.252349853515625,0.5
offshore,1193,126.3714599609375,37.22142028808594,2026-06-29T20:32:37.768370,active,0,0,126.05208587646484,36.93426513671875,61.25
offshore,1194,125.91423034667969,37.112579345703125,2026-06-29T20:38:58.652468,stranded,1,0,125.9665756225586,37.05843734741211,1.62
offshore,1195,126.19725799560547,37.56587600708008,2026-06-29T20:47:48.922706,stranded,1,0,126.20843505859375,37.661376953125,2.75
offshore,1196,125.9249038696289,37.201473236083984,2026-06-29T21:15:55.762550,stranded,1,0,125.8390884399414,37.921791076660156,13.62
offshore,1197,126.04265594482422,37.34410858154297,2026-06-29T21:28:33.038617,stranded,1,0,126.08168029785156,37.28841781616211,0.62
offshore,1198,125.84791564941406,37.56171417236328,2026-06-29T22:04:57.550492,stranded,1,0,125.98634338378906,37.83222579956055,5.62
offshore,1199,125.91822052001953,37.333438873291016,2026-06-29T22:23:40.161413,stranded,1,0,125.92469024658203,37.78533172607422,5.75
offshore,1200,126.17259979248047,37.43608093261719,2026-06-29T22:31:43.354936,stranded,1,0,126.2796859741211,37.27460479736328,1.75
offshore,1201,126.20440673828125,37.0824089050293,2026-06-29T22:49:59.011511,stranded,1,0,126.29006958007812,37.73957443237305,8.25
offshore,1202,126.19780731201172,37.42170715332031,2026-06-29T23:02:57.025024,stranded,1,0,126.28376770019531,37.2634391784668,0.75
offshore,1203,126.0181884765625,37.263004302978516,2026-06-29T23:54:14.882578,stranded,1,0,126.11184692382812,37.74847412109375,5.0
offshore,1204,126.02033996582031,37.50429916381836,2026-06-30T00:29:01.751251,stranded,1,0,125.97808074951172,37.61058807373047,2.62
offshore,1205,126.08069610595703,37.193782806396484,2026-06-30T02:15:34.400130,stranded,1,0,126.14654541015625,37.217384338378906,0.38
offshore,1206,126.3226089477539,37.164554595947266,2026-06-30T03:11:29.403140,stranded,1,0,126.31877136230469,37.164710998535156,1.12
offshore,1207,126.46749877929688,37.36467361450195,2026-06-30T03:25:58.393715,stranded,1,0,126.47058868408203,37.285736083984375,0.5
offshore,1208,126.09172821044922,37.349422454833984,2026-06-30T04:28:40.223217,stranded,1,0,126.13143920898438,37.6830940246582,3.88
offshore,1209,126.11212921142578,37.41884231567383,2026-06-30T05:48:42.943779,stranded,1,0,126.12136840820312,37.745609283447266,4.38
offshore,1210,125.93749237060547,37.49944305419922,2026-06-30T05:57:37.549005,stranded,1,0,126.10368347167969,37.75205993652344,4.38
offshore,1211,126.2360610961914,37.51443862915039,2026-06-30T06:03:56.149026,stranded,1,0,126.27676391601562,37.54385757446289,2.75
offshore,1212,126.33377838134766,37.46883010864258,2026-06-30T06:19:47.620055,stranded,1,0,126.3620376586914,37.4725227355957,0.38
offshore,1213,126.43636322021484,37.286685943603516,2026-06-30T06:40:44.309137,stranded,1,0,126.43577575683594,37.2329216003418,0.62
offshore,1214,126.1028060913086,37.36794662475586,2026-06-30T07:13:55.654946,stranded,1,0,126.1257095336914,37.685001373291016,4.62
offshore,1215,126.32747650146484,37.14847946166992,2026-06-30T07:40:08.896178,stranded,1,0,125.99102783203125,37.02862548828125,5.88
offshore,1216,126.20861053466797,37.52667236328125,2026-06-30T08:21:07.660930,stranded,1,0,126.31365203857422,37.5528564453125,2.75
offshore,1217,125.91700744628906,37.15050506591797,2026-06-30T08:24:56.778427,stranded,1,0,125.89569091796875,37.76887512207031,6.25
offshore,1218,126.09722900390625,37.3521614074707,2026-06-30T08:43:53.172772,stranded,1,0,126.09648895263672,37.27656555175781,0.62
offshore,1219,126.18372344970703,37.55036163330078,2026-06-30T08:51:42.009472,stranded,1,0,126.18878173828125,37.663211822509766,2.25
offshore,1220,126.43184661865234,37.461483001708984,2026-06-30T08:53:18.567635,stranded,1,0,126.42999267578125,37.44697570800781,0.25
offshore,1221,126.24227905273438,37.56634521484375,2026-06-30T09:05:02.157595,stranded,1,0,126.2474136352539,37.63035202026367,2.62
offshore,1222,126.34906005859375,37.25883483886719,2026-06-30T09:29:55.097530,stranded,1,1,126.34906005859375,37.25883483886719,0.12
offshore,1223,126.29132843017578,37.31758499145508,2026-06-30T13:00:01.908240,stranded,1,0,126.37223052978516,37.44026184082031,2.88
offshore,1224,126.34803771972656,37.11558532714844,2026-06-30T13:02:06.891800,stranded,1,0,126.30352783203125,37.173431396484375,0.62
offshore,1225,125.94796752929688,37.374202728271484,2026-06-30T14:01:20.768432,stranded,1,0,126.14830780029297,37.74369430541992,4.5
offshore,1226,126.21295166015625,37.37566375732422,2026-06-30T15:39:35.085139,stranded,1,0,125.97857666015625,37.608375549316406,2.62
offshore,1227,126.052978515625,37.45675277709961,2026-06-30T15:56:45.857698,stranded,1,0,126.08850860595703,37.76020812988281,3.62
offshore,1228,126.3004379272461,37.569644927978516,2026-06-30T16:04:30.697556,stranded,1,0,126.25442504882812,37.64685821533203,0.38
offshore,1229,126.42030334472656,37.42491149902344,2026-06-30T16:09:09.895386,stranded,1,1,126.42030334472656,37.42491149902344,0.12
offshore,1230,126.06050872802734,37.204708099365234,2026-06-30T16:18:20.555159,stranded,1,0,126.12378692626953,37.689842224121094,3.62
offshore,1231,125.92549133300781,37.17414474487305,2026-06-30T18:10:39.331479,stranded,1,0,125.72591400146484,37.91582107543945,16.75
offshore,1232,126.24476623535156,37.398841857910156,2026-06-30T18:35:13.388612,stranded,1,0,126.17825317382812,37.67011260986328,2.75
offshore,1233,126.2389907836914,37.554847717285156,2026-06-30T19:25:33.593933,stranded,1,0,126.20621490478516,37.65738296508789,1.75
offshore,1234,125.98222351074219,37.3787841796875,2026-06-30T20:55:26.177752,stranded,1,0,125.97533416748047,37.832359313964844,5.25
offshore,1235,126.09739685058594,37.57193374633789,2026-06-30T23:20:35.173613,stranded,1,0,126.08953094482422,37.762725830078125,2.88
offshore,1236,126.1611099243164,37.199710845947266,2026-07-01T00:11:45.399933,stranded,1,0,126.18312072753906,37.19438934326172,0.38
offshore,1237,125.85787963867188,37.20234298706055,2026-07-01T00:23:47.395299,stranded,1,0,125.89488983154297,37.85137176513672,5.5
offshore,1238,126.42154693603516,37.21208190917969,2026-07-01T01:42:36.521068,stranded,1,0,126.45278930664062,37.24078369140625,0.25
offshore,1239,125.94168853759766,37.56877899169922,2026-07-01T02:09:49.358924,stranded,1,0,125.96659851074219,37.75859832763672,1.5
offshore,1240,125.90335083007812,37.49199676513672,2026-07-01T02:15:07.852320,stranded,1,0,125.9771728515625,37.83271026611328,4.5
offshore,1241,125.99900817871094,37.53998565673828,2026-07-01T02:52:11.321702,stranded,1,0,125.89901733398438,37.77696228027344,4.25
offshore,1242,126.16488647460938,37.26607894897461,2026-07-01T03:11:57.523306,stranded,1,0,126.24945068359375,37.63025665283203,3.5
offshore,1243,126.25824737548828,37.16897964477539,2026-07-01T04:24:34.914643,stranded,1,1,126.25824737548828,37.16897964477539,0.12
offshore,1244,126.37146759033203,37.560672760009766,2026-07-01T04:52:37.695672,stranded,1,0,126.40324401855469,37.60005187988281,0.25
offshore,1245,126.01289367675781,37.190589904785156,2026-07-01T05:52:19.440144,stranded,1,0,125.9174575805664,37.7780876159668,4.5
offshore,1246,126.3988037109375,37.358421325683594,2026-07-01T06:47:22.480521,stranded,1,0,126.33133697509766,37.257774353027344,1.5
offshore,1247,126.29531860351562,37.49123764038086,2026-07-01T08:34:52.907671,stranded,1,0,126.33506774902344,37.527400970458984,2.25
offshore,1248,126.14944458007812,37.332427978515625,2026-07-01T08:41:29.676069,stranded,1,0,126.11109924316406,37.26364517211914,0.38
offshore,1249,126.29397583007812,37.1185302734375,2026-07-01T09:09:57.537865,stranded,1,0,126.09233856201172,37.237064361572266,4.25
offshore,1250,126.30094909667969,37.4901008605957,2026-07-01T09:14:03.378589,stranded,1,0,126.3245620727539,37.54338455200195,2.62
offshore,1251,126.4372787475586,37.20729446411133,2026-07-01T09:21:46.749179,stranded,1,0,126.46037292480469,37.22303009033203,0.62
offshore,1252,126.38452911376953,37.3983268737793,2026-07-01T09:33:38.647776,stranded,1,0,126.36371612548828,37.4569091796875,0.5
offshore,1253,126.27589416503906,37.16457748413086,2026-07-01T09:34:08.641738,stranded,1,1,126.27589416503906,37.16457748413086,0.12
offshore,1254,126.07090759277344,37.31444549560547,2026-07-01T09:50:40.457132,stranded,1,0,126.16071319580078,37.671443939208984,3.12
offshore,1255,126.07917022705078,37.33251190185547,2026-07-01T09:51:15.430122,stranded,1,0,126.2365951538086,37.7163200378418,2.62
offshore,1256,126.27296447753906,37.1656379699707,2026-07-01T10:43:07.948835,stranded,1,1,126.27296447753906,37.1656379699707,0.12
offshore,1257,126.2973861694336,37.17900466918945,2026-07-01T10:46:01.313352,stranded,1,0,126.2947769165039,37.17521286010742,0.25
offshore,1258,126.01136779785156,37.552555084228516,2026-07-01T11:50:13.726721,stranded,1,0,125.97138214111328,37.85855484008789,2.62
offshore,1259,126.36912536621094,37.122093200683594,2026-07-01T12:25:11.979402,stranded,1,0,126.44896697998047,37.2413444519043,0.88
offshore,1260,125.93495178222656,37.1314811706543,2026-07-01T12:26:14.223990,stranded,1,0,125.89984130859375,37.77936553955078,4.62
offshore,1261,126.09859466552734,37.30452346801758,2026-07-01T13:03:56.699553,stranded,1,0,126.23182678222656,37.64064407348633,1.88
offshore,1262,126.25994110107422,37.214698791503906,2026-07-01T13:49:42.268224,stranded,1,0,126.35942840576172,37.4586296081543,1.88
offshore,1263,126.0582504272461,37.33294677734375,2026-07-01T13:53:41.176503,stranded,1,0,126.11222839355469,37.748409271240234,2.75
offshore,1264,126.16326904296875,37.54594039916992,2026-07-01T14:01:09.110883,stranded,1,0,126.13548278808594,37.743595123291016,0.75
offshore,1265,126.12532043457031,37.49060821533203,2026-07-01T14:07:34.536026,stranded,1,0,126.1336669921875,37.68267059326172,1.0
offshore,1266,126.17153930664062,37.135475158691406,2026-07-01T14:16:24.177071,stranded,1,0,126.2208251953125,37.17914962768555,0.25
offshore,1267,126.15081024169922,37.52824783325195,2026-07-01T14:20:11.150720,stranded,1,0,126.15546417236328,37.7445068359375,1.0
offshore,1268,126.32521057128906,37.195899963378906,2026-07-01T14:21:46.690814,stranded,1,0,126.42596435546875,37.36844253540039,0.88
offshore,1269,126.24077606201172,37.299400329589844,2026-07-01T14:53:33.001980,stranded,1,0,126.32796478271484,37.52431106567383,2.88
offshore,1270,126.3844223022461,37.4320068359375,2026-07-01T15:08:50.352605,stranded,1,0,126.3970718383789,37.44524383544922,0.38
offshore,1271,126.38965606689453,37.48374557495117,2026-07-01T15:14:48.331850,stranded,1,0,126.35889434814453,37.53182601928711,0.75
offshore,1272,126.34458923339844,37.45415496826172,2026-07-01T16:08:37.789822,stranded,1,0,126.34284973144531,37.526729583740234,0.25
offshore,1273,126.04252624511719,37.35926055908203,2026-07-01T16:45:19.214493,stranded,1,0,126.16266632080078,37.774444580078125,2.88
offshore,1274,126.34037780761719,37.528892517089844,2026-07-01T16:58:08.201448,stranded,1,1,126.34037780761719,37.528892517089844,0.12
offshore,1275,126.20573425292969,37.485958099365234,2026-07-01T17:17:54.124351,stranded,1,0,126.2045669555664,37.655601501464844,0.75
offshore,1276,126.41846466064453,37.25892639160156,2026-07-01T17:27:57.298418,stranded,1,0,126.4205093383789,37.36613082885742,0.25
offshore,1277,126.05728912353516,37.59761428833008,2026-07-01T17:35:42.004110,stranded,1,0,125.96650695800781,37.84378433227539,2.5
offshore,1278,126.2924575805664,37.435447692871094,2026-07-01T17:39:40.708523,stranded,1,0,126.26226806640625,37.55171585083008,1.25
offshore,1279,126.09413146972656,37.61995315551758,2026-07-01T18:32:56.352607,stranded,1,0,125.9653091430664,37.75840759277344,2.5
offshore,1280,126.30948638916016,37.497459411621094,2026-07-01T19:30:32.981375,stranded,1,0,126.32804107666016,37.523193359375,1.25
offshore,1281,126.00557708740234,37.40195846557617,2026-07-01T19:51:02.886325,stranded,1,0,126.13374328613281,37.68291091918945,2.75
offshore,1282,126.14347076416016,37.3823356628418,2026-07-01T20:14:14.453738,stranded,1,0,126.20610046386719,37.654808044433594,2.38
offshore,1283,126.1546630859375,37.49111557006836,2026-07-01T20:17:10.391443,stranded,1,0,126.25098419189453,37.84935760498047,3.38
offshore,1284,125.96599578857422,37.14345932006836,2026-07-01T20:36:03.815415,stranded,1,0,125.9647445678711,37.178279876708984,0.62
offshore,1285,126.44892120361328,37.47457504272461,2026-07-01T20:49:40.880333,stranded,1,0,126.44773864746094,37.49104309082031,0.25
offshore,1286,126.18739318847656,37.476802825927734,2026-07-01T20:50:32.850667,stranded,1,0,126.20848846435547,37.65397644042969,1.25
offshore,1287,125.9088363647461,37.39543151855469,2026-07-01T22:08:08.912833,stranded,1,0,125.96638488769531,37.82654571533203,4.12
offshore,1288,125.89688110351562,37.425437927246094,2026-07-01T22:41:20.766498,stranded,1,0,125.90741729736328,37.828067779541016,4.12
offshore,1289,126.29190063476562,37.34489822387695,2026-07-01T22:47:12.759972,stranded,1,0,126.28573608398438,37.27043914794922,0.38
offshore,1290,126.06271362304688,37.5549430847168,2026-07-01T23:11:40.445956,stranded,1,0,126.12498474121094,37.68645095825195,2.0
offshore,1291,125.9007339477539,37.404541015625,2026-07-01T23:39:52.606483,stranded,1,0,125.96379852294922,37.829132080078125,3.75
offshore,1292,126.26094818115234,37.10378646850586,2026-07-02T00:15:27.208310,stranded,1,0,126.29931640625,36.9788703918457,2.12
offshore,1293,126.27732849121094,37.55712127685547,2026-07-02T01:26:09.515848,stranded,1,0,126.32820892333984,37.530338287353516,0.38
offshore,1294,126.19316101074219,37.41819763183594,2026-07-02T02:04:52.253436,stranded,1,0,126.33551025390625,37.52838897705078,1.88
offshore,1295,126.13005065917969,37.13291931152344,2026-07-02T02:07:34.039831,stranded,1,0,126.26834106445312,37.166160583496094,0.38
offshore,1296,126.30361938476562,37.346649169921875,2026-07-02T03:22:38.886524,stranded,1,0,126.37537384033203,37.44120788574219,1.38
offshore,1297,126.04815673828125,37.53816604614258,2026-07-02T03:48:27.792920,stranded,1,0,126.10366821289062,37.752079010009766,1.38
offshore,1298,126.40423583984375,37.364845275878906,2026-07-02T03:51:10.016331,stranded,1,0,126.41270446777344,37.368446350097656,0.25
offshore,1299,126.00691986083984,37.2962532043457,2026-07-02T04:39:02.796450,stranded,1,0,125.9314193725586,37.788909912109375,3.5
offshore,1300,126.07479858398438,37.619911193847656,2026-07-02T05:23:17.949801,stranded,1,0,126.14727020263672,37.74319839477539,1.25
offshore,1301,126.1734619140625,37.25591278076172,2026-07-02T05:57:48.116135,stranded,1,0,126.1427230834961,37.241214752197266,0.5
offshore,1302,125.96621704101562,37.39336013793945,2026-07-02T06:12:56.137557,stranded,1,0,125.97836303710938,37.83128356933594,3.88
offshore,1303,126.2955322265625,37.16496658325195,2026-07-02T06:27:42.098128,stranded,1,1,126.2955322265625,37.16496658325195,0.12
offshore,1304,126.37682342529297,37.312252044677734,2026-07-02T06:54:34.672073,stranded,1,0,126.33924102783203,37.2614631652832,0.38
offshore,1305,126.40886688232422,37.371028900146484,2026-07-02T07:02:40.110992,stranded,1,1,126.40886688232422,37.371028900146484,0.12
offshore,1306,125.98494720458984,37.5815315246582,2026-07-02T07:08:45.741282,stranded,1,0,125.97274017333984,37.831790924072266,3.25
offshore,1307,126.25363159179688,37.308135986328125,2026-07-02T08:22:07.268081,stranded,1,0,126.29630279541016,37.252620697021484,0.62
offshore,1308,126.13606262207031,37.49408721923828,2026-07-02T08:49:36.078620,stranded,1,0,126.15873718261719,37.757972717285156,1.88
offshore,1309,126.00091552734375,37.483192443847656,2026-07-02T10:54:03.763713,stranded,1,0,125.96414184570312,37.8481559753418,3.75
offshore,1310,126.3867416381836,37.421958923339844,2026-07-02T11:05:49.038140,stranded,1,0,126.4091567993164,37.37040710449219,0.38
offshore,1311,126.32962036132812,37.574764251708984,2026-07-02T11:08:46.467988,stranded,1,0,126.33161163330078,37.550201416015625,0.25
offshore,1312,126.12096405029297,37.46443557739258,2026-07-02T11:27:39.781003,stranded,1,0,126.29191589355469,37.69443130493164,2.12
offshore,1313,126.22258758544922,37.34040069580078,2026-07-02T11:37:22.727491,stranded,1,0,126.37194061279297,37.440093994140625,1.0
offshore,1314,126.22380828857422,37.35064697265625,2026-07-02T13:18:54.268270,stranded,1,0,126.37081909179688,37.5286979675293,1.5
offshore,1315,126.28016662597656,37.45296096801758,2026-07-02T14:45:06.414440,stranded,1,0,126.33712005615234,37.53067398071289,0.88
offshore,1316,126.3662338256836,37.45283508300781,2026-07-02T15:10:33.232285,stranded,1,0,126.3791732788086,37.4385986328125,0.25
offshore,1317,126.30386352539062,37.581180572509766,2026-07-02T15:24:57.888134,stranded,1,0,126.2477798461914,37.717681884765625,0.38
offshore,1318,126.34117126464844,37.56833267211914,2026-07-02T15:39:20.760819,stranded,1,0,126.3492660522461,37.65211868286133,0.38
offshore,1319,126.02227020263672,37.27315139770508,2026-07-02T16:37:09.708618,stranded,1,0,125.97407531738281,37.832191467285156,3.38
offshore,1320,126.1622543334961,37.55349349975586,2026-07-02T17:15:17.321815,stranded,1,0,126.16974639892578,37.66725540161133,0.38
offshore,1321,126.40546417236328,37.39008331298828,2026-07-02T18:04:38.715764,stranded,1,1,126.40546417236328,37.39008331298828,0.12
offshore,1322,126.3299789428711,37.24543380737305,2026-07-02T18:50:22.185676,stranded,1,1,126.3299789428711,37.24543380737305,0.12
offshore,1323,126.150390625,37.6121940612793,2026-07-02T19:11:13.482925,stranded,1,0,126.18821716308594,37.66522979736328,0.62
offshore,1324,126.23934173583984,37.635433197021484,2026-07-02T20:19:58.434744,stranded,1,1,126.23934173583984,37.635433197021484,0.12
offshore,1325,126.05107116699219,37.44684982299805,2026-07-02T20:40:47.121122,stranded,1,0,126.12649536132812,37.6827278137207,2.12
offshore,1326,125.90901184082031,37.37507247924805,2026-07-02T21:08:44.063542,stranded,1,0,125.89106750488281,37.7666130065918,3.12
offshore,1327,125.9165267944336,37.11366653442383,2026-07-02T21:09:43.296198,stranded,1,0,125.89393615722656,37.76627731323242,3.75
offshore,1328,125.97025299072266,37.3603515625,2026-07-02T21:44:42.275999,stranded,1,0,125.77576446533203,37.80267333984375,50.88
offshore,1329,126.0970687866211,37.22840881347656,2026-07-02T22:01:49.392970,stranded,1,1,126.0970687866211,37.22840881347656,0.12
offshore,1330,126.39861297607422,37.5722770690918,2026-07-02T22:26:10.489120,stranded,1,0,126.38414001464844,37.537479400634766,0.25
offshore,1331,126.38776397705078,37.439056396484375,2026-07-02T22:31:25.281876,stranded,1,1,126.38776397705078,37.439056396484375,0.12
offshore,1332,125.91524505615234,37.17250442504883,2026-07-02T22:42:05.571223,stranded,1,0,125.77287292480469,37.99818801879883,19.0
offshore,1333,125.89744567871094,37.34684371948242,2026-07-03T00:54:36.145781,stranded,1,0,125.92820739746094,37.842647552490234,3.0
offshore,1334,125.99405670166016,37.544654846191406,2026-07-03T01:01:13.027716,stranded,1,0,126.13819122314453,37.68239212036133,1.0
offshore,1335,126.26431274414062,37.32110595703125,2026-07-03T01:29:46.604646,stranded,1,1,126.26431274414062,37.32110595703125,0.12
offshore,1336,126.02484130859375,37.13932418823242,2026-07-03T01:49:37.647842,stranded,1,1,126.02484130859375,37.13932418823242,0.12
offshore,1337,126.33807373046875,37.28523635864258,2026-07-03T02:33:14.428334,stranded,1,0,126.431884765625,37.369075775146484,0.5
offshore,1338,126.0364990234375,37.239566802978516,2026-07-03T03:08:58.100897,stranded,1,0,126.08889770507812,37.2198486328125,0.25
offshore,1339,126.07379150390625,37.147972106933594,2026-07-03T03:38:38.465904,stranded,1,0,126.09663391113281,37.16625213623047,0.25
offshore,1340,125.99900817871094,37.45057678222656,2026-07-03T04:30:32.771089,stranded,1,0,126.1646728515625,37.66862869262695,1.38
offshore,1341,126.31136322021484,37.554988861083984,2026-07-03T04:57:17.084447,stranded,1,1,126.31136322021484,37.554988861083984,0.12
offshore,1342,125.94845581054688,37.62435531616211,2026-07-03T05:08:36.508620,stranded,1,0,125.92725372314453,37.84006881713867,2.38
offshore,1343,125.99172973632812,37.19259262084961,2026-07-03T06:30:40.643076,stranded,1,1,125.99172973632812,37.19259262084961,0.12
offshore,1344,125.95758819580078,37.48992156982422,2026-07-03T08:08:01.686776,stranded,1,0,125.93620300292969,37.79248809814453,2.75
offshore,1345,126.01486206054688,37.43362808227539,2026-07-03T11:02:28.049749,stranded,1,0,125.6589126586914,37.817569732666016,28.12
offshore,1346,126.29086303710938,37.3254280090332,2026-07-03T11:41:41.967976,stranded,1,0,126.27965545654297,37.26332473754883,0.38
offshore,1347,126.32494354248047,37.38113784790039,2026-07-03T11:46:47.967539,stranded,1,0,126.36616516113281,37.44060516357422,1.12
offshore,1348,125.97499084472656,37.319664001464844,2026-07-03T12:17:08.648287,stranded,1,0,125.96752166748047,37.60968017578125,2.12
offshore,1349,126.36221313476562,37.53432846069336,2026-07-03T13:28:41.712904,stranded,1,1,126.36221313476562,37.53432846069336,0.12
offshore,1350,126.34703826904297,37.407798767089844,2026-07-03T14:02:51.724519,stranded,1,0,126.38054656982422,37.43586349487305,0.38
offshore,1351,126.10692596435547,37.39678192138672,2026-07-03T14:03:16.762036,stranded,1,0,126.1380844116211,37.74287414550781,1.62
offshore,1352,126.03667449951172,37.39243698120117,2026-07-03T14:05:00.685079,stranded,1,0,125.9709701538086,37.83143615722656,2.5
offshore,1353,126.16365814208984,37.2977409362793,2026-07-03T14:19:17.510032,stranded,1,0,125.97145080566406,37.831321716308594,3.5
offshore,1354,126.03504180908203,37.34627151489258,2026-07-03T14:53:10.080539,stranded,1,0,125.93211364746094,37.78831100463867,2.62
offshore,1355,126.119384765625,37.391639709472656,2026-07-03T15:22:13.703757,stranded,1,0,126.14501190185547,37.74510955810547,1.88
offshore,1356,126.05006408691406,37.46992492675781,2026-07-03T16:04:02.662677,stranded,1,0,125.93440246582031,37.793704986572266,2.0
offshore,1357,126.36380004882812,37.346622467041016,2026-07-03T16:52:09.834119,stranded,1,0,126.39067840576172,37.39583206176758,0.25
offshore,1358,126.2622299194336,37.310829162597656,2026-07-03T17:22:00.164898,stranded,1,0,126.2547836303711,37.64755630493164,2.38
offshore,1359,125.98443603515625,37.57064437866211,2026-07-03T17:54:43.988659,stranded,1,0,125.9674301147461,37.759422302246094,1.5
offshore,1360,126.2226333618164,37.41478729248047,2026-07-03T18:08:14.168603,stranded,1,0,126.19312286376953,37.656471252441406,1.5
offshore,1361,126.11685943603516,37.4307975769043,2026-07-03T18:18:48.909197,stranded,1,0,126.1879653930664,37.66400146484375,1.38
offshore,1362,126.44137573242188,37.59469985961914,2026-07-03T18:49:08.984043,stranded,1,1,126.44137573242188,37.59469985961914,0.12
offshore,1363,126.42030334472656,37.36579513549805,2026-07-03T18:59:19.800545,stranded,1,1,126.42030334472656,37.36579513549805,0.12
offshore,1364,126.1900634765625,37.544857025146484,2026-07-03T21:45:49.840317,stranded,1,0,126.20275115966797,37.65656661987305,1.5
offshore,1365,126.3415756225586,37.576019287109375,2026-07-03T22:13:17.274930,stranded,1,0,126.32967376708984,37.54999542236328,0.25
offshore,1366,126.01385498046875,37.481197357177734,2026-07-03T22:29:45.773928,stranded,1,0,125.85582733154297,37.911216735839844,7.75
offshore,1367,125.9460220336914,37.46520233154297,2026-07-03T22:41:22.119170,stranded,1,0,125.79639434814453,37.95265197753906,10.88
offshore,1368,126.36023712158203,37.420249938964844,2026-07-03T22:42:47.301924,stranded,1,0,126.36873626708984,37.529212951660156,1.62
offshore,1369,126.10596466064453,37.56425476074219,2026-07-03T23:07:50.816910,stranded,1,0,125.90798950195312,37.8290901184082,2.62
offshore,1370,126.19683074951172,37.52098846435547,2026-07-04T00:17:41.133449,stranded,1,0,126.2063980102539,37.65433120727539,1.62
offshore,1371,126.26667785644531,37.16460037231445,2026-07-04T00:58:29.758312,stranded,1,0,126.29570770263672,37.16456604003906,0.38
offshore,1372,126.42794799804688,37.576210021972656,2026-07-04T01:10:59.187583,stranded,1,0,126.50428771972656,37.53889083862305,0.88
offshore,1373,126.08847045898438,37.24217224121094,2026-07-04T01:48:14.588649,stranded,1,0,126.09317016601562,37.22816467285156,0.25
offshore,1374,126.02163696289062,37.13459014892578,2026-07-04T02:25:52.684058,stranded,1,1,126.02163696289062,37.13459014892578,0.12
offshore,1375,125.8942642211914,37.473392486572266,2026-07-04T02:31:30.746931,stranded,1,0,125.91143035888672,37.769596099853516,2.0
offshore,1376,126.2553939819336,37.324012756347656,2026-07-04T03:31:38.218444,stranded,1,0,126.23711395263672,37.63646697998047,1.88
offshore,1377,125.97180938720703,37.21253204345703,2026-07-04T04:32:48.353042,stranded,1,0,125.88185119628906,37.76060104370117,2.75
offshore,1378,126.20753479003906,37.41335678100586,2026-07-04T04:59:36.554976,stranded,1,0,126.20654296875,37.65370178222656,1.38
offshore,1379,126.24632263183594,37.51914978027344,2026-07-04T06:02:11.101855,stranded,1,0,126.25554656982422,37.62923812866211,0.88
offshore,1380,126.08702850341797,37.41971969604492,2026-07-04T06:32:00.279372,stranded,1,0,125.89071655273438,37.767181396484375,2.12
offshore,1381,126.10955047607422,37.4542121887207,2026-07-04T07:08:11.237470,stranded,1,0,125.71815490722656,37.95552444458008,10.62
offshore,1382,126.37643432617188,37.36768341064453,2026-07-04T07:40:12.590584,stranded,1,0,126.34638977050781,37.52724075317383,1.25
offshore,1383,126.15282440185547,37.6547966003418,2026-07-04T09:40:01.436208,stranded,1,0,126.20269012451172,37.65642547607422,0.5
offshore,1384,126.23028564453125,37.17842102050781,2026-07-04T09:45:17.831749,stranded,1,1,126.23028564453125,37.17842102050781,0.12
offshore,1385,125.9477310180664,37.22434616088867,2026-07-04T10:41:04.428463,stranded,1,0,125.82293701171875,37.946006774902344,7.25
offshore,1386,126.31094360351562,37.39591598510742,2026-07-04T11:18:33.714071,stranded,1,0,126.25088500976562,37.62955856323242,1.5
offshore,1387,126.26687622070312,37.29785919189453,2026-07-04T12:50:12.457839,stranded,1,0,126.27595520019531,37.54473876953125,1.12
offshore,1388,125.92559051513672,37.47470474243164,2026-07-04T12:56:32.433688,stranded,1,0,125.9726791381836,37.60568618774414,0.88
offshore,1389,126.40088653564453,37.27111053466797,2026-07-04T12:56:33.261687,stranded,1,0,126.42233276367188,37.4510383605957,0.62
offshore,1390,125.89456176757812,37.47678756713867,2026-07-04T13:08:19.073317,stranded,1,0,125.75981903076172,37.83790588378906,15.12
offshore,1391,126.30529022216797,37.34545135498047,2026-07-04T14:50:51.667852,stranded,1,0,126.28034973144531,37.702762603759766,2.0
offshore,1392,126.01046752929688,37.1548957824707,2026-07-04T14:52:56.576639,stranded,1,1,126.01046752929688,37.1548957824707,0.12
offshore,1393,126.42720794677734,37.516387939453125,2026-07-04T14:55:13.038106,stranded,1,1,126.42720794677734,37.516387939453125,0.12
offshore,1394,126.1755599975586,37.17802047729492,2026-07-04T14:57:24.356960,stranded,1,0,126.08665466308594,37.285911560058594,0.62
offshore,1395,126.21347045898438,37.12779235839844,2026-07-04T15:19:17.909180,stranded,1,0,126.24395751953125,37.175357818603516,0.38
offshore,1396,126.30113983154297,37.476314544677734,2026-07-04T15:49:34.503569,stranded,1,0,126.25271606445312,37.62955856323242,0.75
offshore,1397,126.46068572998047,37.30149841308594,2026-07-04T16:03:08.801097,stranded,1,0,126.48764038085938,37.4542236328125,0.62
offshore,1398,125.99247741699219,37.378692626953125,2026-07-04T16:06:55.162749,stranded,1,0,125.92449951171875,37.83725357055664,2.38
offshore,1399,126.37767791748047,37.155128479003906,2026-07-04T16:07:22.895090,stranded,1,0,126.43769836425781,37.231319427490234,0.25
offshore,1400,126.42594146728516,37.2684440612793,2026-07-04T16:45:33.931056,stranded,1,0,126.48895263671875,37.4510498046875,0.38
offshore,1401,125.99240112304688,37.50859069824219,2026-07-04T18:22:32.800272,stranded,1,0,125.8935317993164,37.767181396484375,1.75
offshore,1402,126.22106170654297,37.558895111083984,2026-07-04T18:37:19.873814,stranded,1,0,126.16313934326172,37.67012405395508,0.75
offshore,1403,126.23657989501953,37.22075271606445,2026-07-04T20:38:05.174229,stranded,1,0,126.11849975585938,37.25784683227539,0.38
offshore,1404,126.28062438964844,37.41822814941406,2026-07-04T20:41:21.980728,stranded,1,0,126.22970581054688,37.64469909667969,1.25
offshore,1405,125.99864959716797,37.515045166015625,2026-07-04T21:27:04.150290,stranded,1,0,125.89994812011719,37.833473205566406,1.62
offshore,1406,126.04524230957031,37.28560256958008,2026-07-04T22:03:57.832794,stranded,1,0,125.92766571044922,37.840797424316406,3.75
offshore,1407,126.20283508300781,37.29578399658203,2026-07-04T22:30:36.375347,stranded,1,0,126.12825012207031,37.68211364746094,2.12
offshore,1408,126.01589965820312,37.35649108886719,2026-07-04T22:33:34.117435,stranded,1,0,125.91847229003906,37.777095794677734,2.25
offshore,1409,126.42768859863281,37.526180267333984,2026-07-04T22:36:13.699885,stranded,1,1,126.42768859863281,37.526180267333984,0.12
offshore,1410,126.42107391357422,37.181800842285156,2026-07-04T22:50:58.510884,stranded,1,0,126.5038833618164,37.242332458496094,0.75
offshore,1411,126.2664566040039,37.11735153198242,2026-07-04T23:08:43.759707,stranded,1,0,126.24921417236328,37.17062759399414,0.62
offshore,1412,126.08536529541016,37.560638427734375,2026-07-05T00:20:18.814928,stranded,1,0,125.90252685546875,37.83284378051758,2.12
offshore,1413,126.36354064941406,37.11235427856445,2026-07-05T00:37:41.892039,stranded,1,0,126.46641540527344,37.22978591918945,0.5
offshore,1414,126.25536346435547,37.4776725769043,2026-07-05T00:50:50.316906,stranded,1,0,126.21088409423828,37.72224044799805,1.25
offshore,1415,126.3024673461914,37.184085845947266,2026-07-05T01:17:48.374669,stranded,1,0,126.41405487060547,37.36646270751953,0.88
offshore,1416,126.09244537353516,37.408504486083984,2026-07-05T01:33:15.008291,stranded,1,0,126.18167877197266,37.67007064819336,1.5
offshore,1417,126.30756378173828,37.522857666015625,2026-07-05T02:07:15.893198,stranded,1,0,126.36591339111328,37.52922439575195,0.5
offshore,1418,125.8985595703125,37.106632232666016,2026-07-05T03:03:37.721189,stranded,1,0,125.98539733886719,37.178863525390625,0.5
offshore,1419,126.00772857666016,37.45627212524414,2026-07-05T03:28:56.432395,stranded,1,0,125.96770477294922,37.75812911987305,1.5
offshore,1420,126.0898666381836,37.22544479370117,2026-07-05T04:23:26.681080,stranded,1,1,126.0898666381836,37.22544479370117,0.12
offshore,1421,126.39965057373047,37.46307373046875,2026-07-05T04:49:47.219033,stranded,1,1,126.39965057373047,37.46307373046875,0.12
offshore,1422,126.06163787841797,37.13951110839844,2026-07-05T05:44:37.683795,stranded,1,0,126.09417724609375,37.16655349731445,0.25
offshore,1423,126.22037506103516,37.389644622802734,2026-07-05T06:02:34.506771,stranded,1,0,126.27359008789062,37.54475784301758,0.88
offshore,1424,126.32225799560547,37.3525390625,2026-07-05T06:26:59.886482,stranded,1,0,126.34292602539062,37.52665328979492,0.75
offshore,1425,126.42303466796875,37.542789459228516,2026-07-05T07:26:42.399530,stranded,1,1,126.42303466796875,37.542789459228516,0.12
offshore,1426,126.07587432861328,37.49978256225586,2026-07-05T08:09:07.301308,stranded,1,0,125.92241668701172,37.78519058227539,1.5
offshore,1427,125.93778228759766,37.24919128417969,2026-07-05T08:27:33.844826,stranded,1,0,125.86460876464844,37.892662048339844,6.25
offshore,1428,126.01813507080078,37.24653625488281,2026-07-05T10:11:18.013851,stranded,1,0,125.97367858886719,37.60616683959961,1.62
offshore,1429,126.1202392578125,37.21141052246094,2026-07-05T11:20:40.317907,stranded,1,1,126.1202392578125,37.21141052246094,0.12
offshore,1430,125.99281311035156,37.56678771972656,2026-07-05T11:46:54.880609,stranded,1,0,125.72830200195312,37.92177200317383,8.75
offshore,1431,126.20564270019531,37.57044982910156,2026-07-05T12:34:15.937313,stranded,1,0,126.24365997314453,37.6331787109375,0.5
offshore,1432,126.09678649902344,37.10176086425781,2026-07-05T13:26:38.717453,stranded,1,0,126.08631134033203,37.09389877319336,0.38
offshore,1433,125.89615631103516,37.589599609375,2026-07-05T14:01:28.606922,stranded,1,0,125.63736724853516,37.85617446899414,23.5
offshore,1434,126.43659973144531,37.28853225708008,2026-07-05T15:29:37.596616,stranded,1,0,126.4865493774414,37.447296142578125,0.5
offshore,1435,126.40882873535156,37.49180603027344,2026-07-05T16:22:59.810096,stranded,1,0,126.43954467773438,37.51654815673828,0.25
offshore,1436,125.98344421386719,37.36185836791992,2026-07-05T16:38:21.325622,stranded,1,0,125.91593933105469,37.84032440185547,2.38
offshore,1437,126.19622802734375,37.34886169433594,2026-07-05T17:01:04.995472,stranded,1,0,126.21861267089844,37.62899398803711,1.0
offshore,1438,126.3133544921875,37.61001968383789,2026-07-05T17:44:48.872022,stranded,1,0,126.3511962890625,37.654056549072266,0.38
offshore,1439,126.50021362304688,37.27307891845703,2026-07-05T18:42:03.241835,stranded,1,0,126.44196319580078,37.361366271972656,0.38
offshore,1440,126.12195587158203,37.59273910522461,2026-07-05T18:59:15.358977,stranded,1,0,125.96456146240234,37.84931182861328,1.88
offshore,1441,126.11048126220703,37.65874099731445,2026-07-05T19:36:19.579965,stranded,1,0,126.09978485107422,37.75201416015625,0.75
offshore,1442,126.1685562133789,37.483638763427734,2026-07-05T19:44:56.020861,stranded,1,0,125.96636962890625,37.82632064819336,2.38
offshore,1443,126.41947937011719,37.49050521850586,2026-07-05T20:36:48.371824,stranded,1,0,126.42621612548828,37.516014099121094,0.25
offshore,1444,126.14144897460938,37.301815032958984,2026-07-05T22:15:12.553843,stranded,1,0,125.96519470214844,37.827857971191406,3.38
offshore,1445,126.26739501953125,37.65374755859375,2026-07-05T22:24:32.801886,stranded,1,0,126.23540496826172,37.66088104248047,0.38
offshore,1446,126.28221130371094,37.21134948730469,2026-07-05T23:13:17.369802,stranded,1,0,126.18098449707031,37.67165756225586,2.25
offshore,1447,126.34480285644531,37.14680099487305,2026-07-05T23:36:23.175148,stranded,1,0,126.25980377197266,37.167022705078125,0.5
offshore,1448,126.19170379638672,37.232975006103516,2026-07-05T23:56:27.305042,stranded,1,0,126.12987518310547,37.24895477294922,0.25
offshore,1449,125.8966293334961,37.55365753173828,2026-07-05T23:58:30.356671,stranded,1,0,125.84265899658203,37.921478271484375,2.75
offshore,1450,125.91828155517578,37.33464431762695,2026-07-06T00:11:31.676726,stranded,1,0,125.90480041503906,37.76897430419922,2.12
offshore,1451,126.16919708251953,37.227840423583984,2026-07-06T00:32:56.427184,stranded,1,1,126.16919708251953,37.227840423583984,0.12
offshore,1452,126.42605590820312,37.430076599121094,2026-07-06T00:51:51.240775,stranded,1,1,126.42605590820312,37.430076599121094,0.12
offshore,1453,126.40152740478516,37.21051025390625,2026-07-06T02:07:44.630336,stranded,1,0,126.43643951416016,37.23223876953125,0.38
offshore,1454,126.3819808959961,37.336578369140625,2026-07-06T02:12:35.564428,stranded,1,0,126.41395568847656,37.36667251586914,0.38
offshore,1455,126.19281005859375,37.19751739501953,2026-07-06T03:41:22.455265,stranded,1,0,126.16358184814453,37.67049789428711,1.88
offshore,1456,125.97606658935547,37.26561737060547,2026-07-06T05:07:59.692055,stranded,1,0,125.96868896484375,37.75783157348633,2.62
offshore,1457,126.02373504638672,37.203182220458984,2026-07-06T05:16:34.034094,stranded,1,0,126.08969116210938,37.2752799987793,0.38
offshore,1458,126.26612091064453,37.41948699951172,2026-07-06T05:53:47.481647,stranded,1,0,126.33174133300781,37.526039123535156,0.38
offshore,1459,126.07708740234375,37.21591567993164,2026-07-06T06:21:13.655338,stranded,1,0,126.10489654541016,37.227264404296875,0.25
offshore,1460,126.2329330444336,37.63904571533203,2026-07-06T06:28:00.662200,stranded,1,1,126.2329330444336,37.63904571533203,0.12
offshore,1461,126.0031967163086,37.61589050292969,2026-07-06T06:40:50.503829,stranded,1,0,125.9286117553711,37.79084396362305,0.88
offshore,1462,126.02119445800781,37.39989471435547,2026-07-06T06:56:31.854333,stranded,1,0,125.97591400146484,37.60554122924805,0.88
offshore,1463,126.2275619506836,37.52156066894531,2026-07-06T09:18:27.969549,stranded,1,0,126.20632934570312,37.65476989746094,0.38
offshore,1464,125.92851257324219,37.41297912597656,2026-07-06T10:12:19.868690,stranded,1,0,125.84627532958984,37.916603088378906,13.0
offshore,1465,126.14173889160156,37.53571701049805,2026-07-06T10:37:38.896223,stranded,1,0,125.97236633300781,37.84103012084961,2.88
offshore,1466,126.18022918701172,37.61905288696289,2026-07-06T11:09:03.983180,stranded,1,0,126.18496704101562,37.66630935668945,0.62
offshore,1467,126.25445556640625,37.43726348876953,2026-07-06T11:53:59.616391,stranded,1,0,126.17330932617188,37.66810607910156,1.5
offshore,1468,126.35809326171875,37.585655212402344,2026-07-06T12:38:59.094035,stranded,1,0,126.40776824951172,37.595115661621094,0.5
offshore,1469,125.99755096435547,37.19353103637695,2026-07-06T12:55:01.071541,stranded,1,1,125.99755096435547,37.19353103637695,0.12
offshore,1470,126.12875366210938,37.506656646728516,2026-07-06T13:13:42.796200,stranded,1,0,126.14363098144531,37.681884765625,1.12
offshore,1471,125.9682846069336,37.28884506225586,2026-07-06T14:54:52.597188,stranded,1,0,125.85245513916016,37.910430908203125,9.38
offshore,1472,125.96712493896484,37.453819274902344,2026-07-06T15:15:15.551790,stranded,1,0,125.90829467773438,37.7752685546875,2.38
offshore,1473,125.93751525878906,37.276702880859375,2026-07-06T15:27:26.581814,stranded,1,0,125.9660415649414,37.7562370300293,1.88
offshore,1474,126.30397033691406,37.17213821411133,2026-07-06T15:35:27.995520,stranded,1,1,126.30397033691406,37.17213821411133,0.12
offshore,1475,126.15512084960938,37.55220031738281,2026-07-06T15:40:20.368509,stranded,1,0,126.20611572265625,37.654720306396484,0.38
offshore,1476,126.32194519042969,37.153900146484375,2026-07-06T15:53:53.582838,stranded,1,1,126.32194519042969,37.153900146484375,0.12
offshore,1477,126.28044891357422,37.489131927490234,2026-07-06T15:56:03.772874,stranded,1,0,126.32076263427734,37.54572296142578,0.38
offshore,1478,126.41038513183594,37.13517761230469,2026-07-06T17:35:39.464081,stranded,1,0,126.4842529296875,37.25369644165039,0.38
offshore,1479,126.21685028076172,37.634796142578125,2026-07-06T20:16:22.502402,stranded,1,0,126.1189193725586,37.7481689453125,0.5
offshore,1480,125.93124389648438,37.34228515625,2026-07-06T21:04:28.627702,stranded,1,0,125.90475463867188,37.76908493041992,2.38
offshore,1481,125.9627685546875,37.455322265625,2026-07-06T21:51:10.588004,stranded,1,0,125.8504638671875,37.90998840332031,4.62
offshore,1482,126.08635711669922,37.596988677978516,2026-07-06T21:52:21.420921,stranded,1,0,125.924560546875,37.83771896362305,2.12
offshore,1483,126.07015991210938,37.42117691040039,2026-07-06T21:53:22.322310,stranded,1,0,125.88870239257812,37.77185821533203,2.5
offshore,1484,126.12152099609375,37.211753845214844,2026-07-06T22:11:33.623227,stranded,1,1,126.12152099609375,37.211753845214844,0.12
offshore,1485,126.04985046386719,37.43384552001953,2026-07-06T22:34:50.712684,stranded,1,0,125.89834594726562,37.841278076171875,2.75
offshore,1486,126.43013000488281,37.5991325378418,2026-07-06T22:35:32.255019,stranded,1,1,126.43013000488281,37.5991325378418,0.12
offshore,1487,126.20823669433594,37.39699172973633,2026-07-06T22:38:05.756433,stranded,1,0,126.22889709472656,37.644805908203125,1.62
offshore,1488,126.13787841796875,37.152835845947266,2026-07-06T23:33:34.551804,stranded,1,0,126.10845184326172,37.172950744628906,0.25
offshore,1489,126.0656509399414,37.37676239013672,2026-07-07T00:24:44.938779,stranded,1,0,125.97041320800781,37.85847473144531,3.38
offshore,1490,126.11652374267578,37.40990447998047,2026-07-07T01:10:40.425400,stranded,1,0,126.17835998535156,37.670772552490234,1.62
offshore,1491,126.35258483886719,37.52105712890625,2026-07-07T01:24:45.283113,stranded,1,0,126.36064147949219,37.457218170166016,0.38
offshore,1492,126.00828552246094,37.4151725769043,2026-07-07T01:52:11.194726,stranded,1,0,125.96807098388672,37.758544921875,1.75
offshore,1493,126.0100326538086,37.58564758300781,2026-07-07T03:10:50.134665,stranded,1,0,125.9195327758789,37.78035354614258,1.25
offshore,1494,126.34235382080078,37.19976043701172,2026-07-07T03:14:46.810818,stranded,1,0,126.31298828125,37.17135238647461,0.25
offshore,1495,126.15076446533203,37.49000930786133,2026-07-07T03:18:22.675758,stranded,1,0,126.183837890625,37.66874694824219,1.0
offshore,1496,126.00544738769531,37.53214645385742,2026-07-07T03:35:13.183754,stranded,1,0,125.9368667602539,37.84614181518555,2.5
offshore,1497,126.32606506347656,37.18449020385742,2026-07-07T04:02:41.841168,stranded,1,0,126.37399291992188,37.440792083740234,1.0
offshore,1498,126.14372253417969,37.50999069213867,2026-07-07T04:25:09.231231,stranded,1,0,126.2088623046875,37.66197967529297,0.88
offshore,1499,126.24922180175781,37.410587310791016,2026-07-07T04:35:02.676648,stranded,1,0,126.31190490722656,37.554046630859375,0.88
offshore,1500,126.32807922363281,37.55125045776367,2026-07-07T04:35:03.254794,stranded,1,1,126.32807922363281,37.55125045776367,0.12
offshore,1501,125.98650360107422,37.26082229614258,2026-07-07T05:14:52.015306,stranded,1,0,125.90583038330078,37.82820129394531,2.5
offshore,1502,126.2806167602539,37.1628532409668,2026-07-07T05:31:34.655232,stranded,1,1,126.2806167602539,37.1628532409668,0.12
offshore,1503,126.26386260986328,37.51151657104492,2026-07-07T05:53:59.845499,stranded,1,0,126.27427673339844,37.706787109375,1.12
offshore,1504,126.43089294433594,37.46055221557617,2026-07-07T06:12:53.432907,stranded,1,0,126.46318054199219,37.46929931640625,0.38
offshore,1505,126.3541030883789,37.271671295166016,2026-07-07T06:13:06.660424,stranded,1,0,126.42704010009766,37.36803436279297,0.38
offshore,1506,126.42488861083984,37.50896453857422,2026-07-07T06:25:54.861419,stranded,1,0,126.4272232055664,37.51693344116211,0.25
offshore,1507,126.4247055053711,37.14162826538086,2026-07-07T06:42:08.456610,stranded,1,0,126.4153823852539,37.418922424316406,1.5
offshore,1508,126.04388427734375,37.57730484008789,2026-07-07T09:19:32.559270,stranded,1,0,125.90379333496094,37.82948684692383,2.25
offshore,1509,126.42167663574219,37.42176818847656,2026-07-07T09:26:33.952211,stranded,1,1,126.42167663574219,37.42176818847656,0.12
offshore,1510,126.16155242919922,37.51220703125,2026-07-07T09:34:22.950878,stranded,1,0,126.13777160644531,37.68208694458008,0.75
offshore,1511,126.45061492919922,37.59315490722656,2026-07-07T10:57:06.938849,stranded,1,1,126.45061492919922,37.59315490722656,0.12
offshore,1512,126.0971450805664,37.59019470214844,2026-07-07T11:14:31.542867,stranded,1,0,125.96841430664062,37.84254837036133,2.5
offshore,1513,126.22177124023438,37.55604553222656,2026-07-07T11:28:57.401882,stranded,1,0,126.23219299316406,37.658592224121094,0.62
offshore,1514,126.15583801269531,37.554603576660156,2026-07-07T14:03:17.811977,stranded,1,0,126.19207000732422,37.65666961669922,0.5
offshore,1515,126.29122924804688,37.49559783935547,2026-07-07T15:09:28.444278,stranded,1,0,126.31795501708984,37.54896926879883,0.5
offshore,1516,126.28873443603516,37.28196334838867,2026-07-07T15:27:07.764849,stranded,1,0,126.27991485595703,37.70344161987305,2.25
offshore,1517,126.39051055908203,37.312252044677734,2026-07-07T16:11:40.124149,stranded,1,0,126.4291763305664,37.36845779418945,0.38
offshore,1518,126.05023956298828,37.41669464111328,2026-07-07T16:18:59.038929,stranded,1,0,125.97723388671875,37.83167266845703,3.12
offshore,1519,126.44155883789062,37.582496643066406,2026-07-07T16:29:23.960571,stranded,1,0,126.45445251464844,37.59311294555664,0.25
offshore,1520,126.40446472167969,37.48967361450195,2026-07-07T17:03:18.941087,stranded,1,0,126.4322509765625,37.51758575439453,0.25
offshore,1521,126.17893981933594,37.1519775390625,2026-07-07T17:29:14.831615,stranded,1,0,126.13276672363281,37.68231201171875,3.0
offshore,1522,126.18575286865234,37.41552734375,2026-07-07T17:37:11.208906,stranded,1,0,126.23326110839844,37.638729095458984,1.0
offshore,1523,126.1389389038086,37.42226028442383,2026-07-07T17:57:31.316115,stranded,1,0,126.205810546875,37.65581130981445,1.0
offshore,1524,125.9612808227539,37.18803024291992,2026-07-07T18:38:45.830523,stranded,1,0,125.88353729248047,37.763755798339844,3.62
offshore,1525,126.4552993774414,37.1492805480957,2026-07-07T19:13:40.478677,stranded,1,0,126.53308868408203,37.224796295166016,0.75
offshore,1526,126.10214233398438,37.36479949951172,2026-07-07T21:14:39.849311,stranded,1,0,126.10286712646484,37.751007080078125,1.88
offshore,1527,126.0990219116211,37.32866668701172,2026-07-07T21:25:32.168446,stranded,1,0,125.96908569335938,37.83132553100586,3.75
offshore,1528,125.92537689208984,37.5040283203125,2026-07-07T22:07:01.776440,stranded,1,0,125.96890258789062,37.60908126831055,0.75
offshore,1529,126.32028198242188,37.546051025390625,2026-07-07T22:28:46.244419,stranded,1,1,126.32028198242188,37.546051025390625,0.12
offshore,1530,126.11181640625,37.51283645629883,2026-07-07T22:35:22.949665,stranded,1,0,125.90438842773438,37.77409744262695,2.0
offshore,1531,126.42504119873047,37.35660934448242,2026-07-07T23:17:53.031654,stranded,1,0,126.42311096191406,37.36727523803711,0.25
offshore,1532,125.9623031616211,37.16459274291992,2026-07-07T23:33:01.725428,stranded,1,0,125.88871002197266,37.76930236816406,3.75
offshore,1533,126.31440734863281,37.612144470214844,2026-07-07T23:52:53.141557,stranded,1,0,126.3635482788086,37.66178894042969,0.75
offshore,1534,126.10086059570312,37.18596649169922,2026-07-08T00:43:44.843822,stranded,1,1,126.10086059570312,37.18596649169922,0.12
offshore,1535,126.21573638916016,37.416656494140625,2026-07-08T01:33:15.678792,stranded,1,0,126.19290161132812,37.65696716308594,1.62
offshore,1536,125.98760223388672,37.50040054321289,2026-07-08T01:39:21.926046,stranded,1,0,125.92271423339844,37.78102111816406,2.12
offshore,1537,126.02787017822266,37.33300018310547,2026-07-08T02:01:58.689389,stranded,1,0,125.93121337890625,37.78892517089844,3.25
offshore,1538,126.40718078613281,37.41140365600586,2026-07-08T02:19:40.078670,stranded,1,0,126.41531372070312,37.366485595703125,0.5
offshore,1539,126.22611236572266,37.1050910949707,2026-07-08T02:54:51.276091,stranded,1,0,126.22710418701172,37.178741455078125,0.62
offshore,1540,126.24422454833984,37.18560028076172,2026-07-08T03:34:02.914604,stranded,1,1,126.24422454833984,37.18560028076172,0.12
offshore,1541,126.29037475585938,37.32435989379883,2026-07-08T04:12:31.928911,stranded,1,0,126.27033996582031,37.654052734375,2.25
offshore,1542,126.12034606933594,37.43224334716797,2026-07-08T04:55:59.208943,stranded,1,0,126.15972137451172,37.67279815673828,1.5
offshore,1543,126.33663177490234,37.26306915283203,2026-07-08T05:05:02.303951,stranded,1,0,126.33663177490234,37.261497497558594,0.25
offshore,1544,126.0546875,37.56662368774414,2026-07-08T05:18:17.042364,stranded,1,0,125.99512481689453,37.82558822631836,2.12
offshore,1545,126.38770294189453,37.49433898925781,2026-07-08T05:59:39.062544,stranded,1,0,126.43521881103516,37.51657485961914,0.38
offshore,1546,126.39617919921875,37.3137092590332,2026-07-08T06:35:16.847253,stranded,1,0,126.43523406982422,37.37372970581055,0.25
offshore,1547,126.4285888671875,37.2523193359375,2026-07-08T06:37:32.026007,stranded,1,0,126.43451690673828,37.255340576171875,0.25
offshore,1548,126.43836212158203,37.13018798828125,2026-07-08T07:42:09.205160,stranded,1,0,126.47369384765625,37.28742599487305,1.12
offshore,1549,125.94176483154297,37.446533203125,2026-07-08T08:23:16.343339,stranded,1,0,125.89582061767578,37.85700225830078,2.38
offshore,1550,126.02336120605469,37.229339599609375,2026-07-08T09:14:08.099390,stranded,1,0,125.96552276611328,37.75856399536133,2.75
offshore,1551,126.43037414550781,37.59811019897461,2026-07-08T10:28:45.152422,stranded,1,1,126.43037414550781,37.59811019897461,0.12
offshore,1552,126.42423248291016,37.36795425415039,2026-07-08T10:53:40.228654,stranded,1,1,126.42423248291016,37.36795425415039,0.12
offshore,1553,126.3623046875,37.3198356628418,2026-07-08T11:04:26.788654,stranded,1,0,126.32769012451172,37.67526626586914,2.12
offshore,1554,126.18990325927734,37.196048736572266,2026-07-08T11:05:47.481617,stranded,1,0,126.18407440185547,37.19865036010742,0.25
offshore,1555,126.1086654663086,37.59432601928711,2026-07-08T11:40:49.326799,stranded,1,0,125.98755645751953,37.83397674560547,2.38
offshore,1556,126.35248565673828,37.34585952758789,2026-07-08T12:11:32.244591,stranded,1,0,126.27300262451172,37.5446891784668,1.25
offshore,1557,125.8962173461914,37.47465896606445,2026-07-08T12:27:31.769516,stranded,1,0,125.84918975830078,37.91090774536133,11.0
offshore,1558,125.91624450683594,37.33667755126953,2026-07-08T12:31:21.419771,active,0,0,125.85302734375,37.40560531616211,52.5
offshore,1559,126.21932220458984,37.344459533691406,2026-07-08T13:28:38.225283,stranded,1,0,126.21711730957031,37.627994537353516,1.62
offshore,1560,126.3962631225586,37.1217041015625,2026-07-08T13:53:57.650307,stranded,1,0,126.353515625,37.22557067871094,1.0
offshore,1561,126.26248931884766,37.60752868652344,2026-07-08T14:59:04.565832,stranded,1,0,126.25914764404297,37.62864303588867,0.62
offshore,1562,126.20932006835938,37.22423553466797,2026-07-08T15:14:33.474388,stranded,1,0,126.17584228515625,37.220428466796875,0.25
offshore,1563,126.43865203857422,37.576847076416016,2026-07-08T16:04:51.835730,stranded,1,0,126.44984436035156,37.59429931640625,0.38
offshore,1564,126.31500244140625,37.43474578857422,2026-07-08T16:12:52.279997,stranded,1,0,126.32748413085938,37.54170227050781,1.0
offshore,1565,125.89155578613281,37.5141487121582,2026-07-08T16:15:54.672852,stranded,1,0,125.90315246582031,37.77058792114258,1.5
offshore,1566,126.0938949584961,37.46907043457031,2026-07-08T16:38:55.985136,stranded,1,0,126.10940551757812,37.75177764892578,1.38
offshore,1567,126.34137725830078,37.3798828125,2026-07-08T16:55:48.104050,stranded,1,0,126.37438201904297,37.44047546386719,0.5
offshore,1568,126.41832733154297,37.1150016784668,2026-07-08T16:59:46.750493,stranded,1,0,126.47100830078125,37.23362731933594,0.62
offshore,1569,126.11799621582031,37.356632232666016,2026-07-08T17:29:49.466062,stranded,1,0,126.20622253417969,37.76707077026367,2.0
offshore,1570,126.13030242919922,37.34414291381836,2026-07-08T18:12:54.328954,stranded,1,0,126.1695327758789,37.66678237915039,1.5
offshore,1571,126.00017547607422,37.17274856567383,2026-07-08T18:32:42.051856,stranded,1,0,125.89066314697266,37.76652526855469,3.5
offshore,1572,125.90851593017578,37.372047424316406,2026-07-08T18:41:53.229888,stranded,1,0,125.92472076416016,37.8341064453125,3.0
offshore,1573,126.11624145507812,37.34478759765625,2026-07-08T18:43:03.161401,stranded,1,0,126.1361083984375,37.68172073364258,1.38
offshore,1574,126.3962631225586,37.504764556884766,2026-07-08T18:44:51.684458,stranded,1,0,126.41255187988281,37.59551239013672,0.38
offshore,1575,126.0808334350586,37.20878982543945,2026-07-08T19:21:38.241965,stranded,1,0,126.10147857666016,37.235843658447266,0.25
offshore,1576,125.9350357055664,37.29773712158203,2026-07-08T19:24:48.713353,stranded,1,0,125.91831970214844,37.79060745239258,2.0
offshore,1577,125.9415512084961,37.38514709472656,2026-07-08T19:56:33.178649,stranded,1,0,125.91484832763672,37.77259826660156,2.38
offshore,1578,126.32966613769531,37.44992446899414,2026-07-08T20:17:00.539669,stranded,1,0,126.35359954833984,37.528526306152344,0.38
offshore,1579,126.00614166259766,37.480560302734375,2026-07-08T20:50:22.043503,stranded,1,0,125.9822998046875,37.832950592041016,1.88
offshore,1580,126.2452163696289,37.306236267089844,2026-07-08T21:01:45.572895,stranded,1,0,126.24718475341797,37.6297492980957,1.38
offshore,1581,126.12397003173828,37.468475341796875,2026-07-08T23:15:47.465994,stranded,1,0,126.1000747680664,37.752010345458984,2.38
offshore,1582,126.26727294921875,37.533687591552734,2026-07-08T23:17:58.361385,stranded,1,0,126.23136901855469,37.64210510253906,0.75
offshore,1583,125.9906997680664,37.5904541015625,2026-07-08T23:40:33.169132,stranded,1,0,125.9144058227539,37.772987365722656,1.12
offshore,1584,125.97533416748047,37.174705505371094,2026-07-08T23:59:43.610695,stranded,1,0,125.97432708740234,37.18087387084961,0.25
offshore,1585,126.16602325439453,37.55186080932617,2026-07-09T00:23:42.071150,stranded,1,0,126.12511444091797,37.74474334716797,0.88
offshore,1586,126.32817840576172,37.45555877685547,2026-07-09T00:59:36.506526,stranded,1,0,126.33499908447266,37.64973449707031,1.12
offshore,1587,126.00927734375,37.1746940612793,2026-07-09T01:47:00.680204,stranded,1,0,125.87946319580078,37.7633056640625,3.75
offshore,1588,125.969482421875,37.479461669921875,2026-07-09T02:28:34.457362,stranded,1,0,125.96644592285156,37.7567024230957,1.75
offshore,1589,126.06834411621094,37.16204071044922,2026-07-09T02:28:57.968729,stranded,1,0,125.89033508300781,37.77128982543945,4.5
offshore,1590,125.91069030761719,37.185028076171875,2026-07-09T03:19:56.783976,stranded,1,0,125.72887420654297,37.91865921020508,17.38
offshore,1591,125.85568237304688,37.51991271972656,2026-07-09T04:03:41.843015,stranded,1,0,125.91902923583984,37.78108215332031,1.75
offshore,1592,126.3093490600586,37.33969497680664,2026-07-09T04:08:31.259242,stranded,1,0,126.3625717163086,37.457393646240234,0.62
offshore,1593,126.39407348632812,37.415245056152344,2026-07-09T06:11:30.389077,stranded,1,0,126.39006805419922,37.40034866333008,0.38
offshore,1594,126.43160247802734,37.45478439331055,2026-07-09T06:43:08.030996,stranded,1,0,126.46052551269531,37.47896194458008,0.25
offshore,1595,126.3609848022461,37.47128677368164,2026-07-09T06:59:01.890078,stranded,1,1,126.3609848022461,37.47128677368164,0.12
offshore,1596,125.97309875488281,37.40648651123047,2026-07-09T07:13:55.304543,stranded,1,0,125.96266174316406,37.831390380859375,3.0
offshore,1597,126.29228973388672,37.56821823120117,2026-07-09T07:25:17.925349,stranded,1,0,126.31330108642578,37.68690490722656,0.5
offshore,1598,126.15557098388672,37.59870529174805,2026-07-09T07:34:37.681261,stranded,1,0,126.20348358154297,37.65660858154297,0.38
offshore,1599,126.4486083984375,37.5386962890625,2026-07-09T08:02:45.544729,stranded,1,0,126.46188354492188,37.610984802246094,0.5
offshore,1600,126.29395294189453,37.30998611450195,2026-07-09T08:09:19.957942,stranded,1,0,126.3680419921875,37.4410285949707,0.38
offshore,1601,126.26399993896484,37.49604797363281,2026-07-09T08:11:52.705338,stranded,1,0,126.33316802978516,37.665184020996094,0.75
offshore,1602,126.09457397460938,37.52799606323242,2026-07-09T08:58:02.112750,stranded,1,0,126.13407135009766,37.68278503417969,0.5
offshore,1603,126.26260375976562,37.58563232421875,2026-07-09T09:20:43.416267,stranded,1,0,126.27428436279297,37.7124137878418,0.62
offshore,1604,126.03412628173828,37.321144104003906,2026-07-09T09:47:40.286884,stranded,1,0,125.8960952758789,37.76844787597656,3.38
offshore,1605,126.33304595947266,37.62283706665039,2026-07-09T10:06:37.601840,stranded,1,0,126.33634185791016,37.64970016479492,0.25
offshore,1606,126.0420913696289,37.404335021972656,2026-07-09T10:09:08.375367,stranded,1,0,125.91157531738281,37.76956558227539,2.88
offshore,1607,125.95450592041016,37.465576171875,2026-07-09T10:19:07.449859,stranded,1,0,125.97872161865234,37.608951568603516,0.75
offshore,1608,126.23489379882812,37.2342414855957,2026-07-09T10:27:58.296614,stranded,1,0,126.20709228515625,37.6545524597168,3.5
offshore,1609,126.05266571044922,37.53097152709961,2026-07-09T12:33:55.583519,stranded,1,0,125.9701919555664,37.85765075683594,3.38
offshore,1610,126.37911987304688,37.399383544921875,2026-07-09T13:24:41.873161,stranded,1,0,126.38154602050781,37.43387985229492,0.62
offshore,1611,126.34579467773438,37.44404220581055,2026-07-09T13:28:39.115753,stranded,1,0,126.3508071899414,37.52742004394531,0.75
offshore,1612,126.32235717773438,37.34013748168945,2026-07-09T13:30:29.452036,stranded,1,0,126.3496322631836,37.52710723876953,2.25
offshore,1613,126.38197326660156,37.392337799072266,2026-07-09T13:44:49.268549,stranded,1,0,126.37726593017578,37.43955612182617,0.62
offshore,1614,126.40402221679688,37.48225021362305,2026-07-09T14:29:05.811169,stranded,1,0,126.42737579345703,37.517372131347656,0.62
offshore,1615,126.34771728515625,37.32620620727539,2026-07-09T15:03:24.813356,stranded,1,0,126.38023376464844,37.4362678527832,1.12
offshore,1616,125.97201538085938,37.537715911865234,2026-07-09T15:07:19.021039,stranded,1,0,125.88683319091797,37.77328109741211,1.88
offshore,1617,126.4103012084961,37.530059814453125,2026-07-09T15:10:30.276642,stranded,1,0,126.4103012084961,37.53263473510742,0.25
offshore,1618,125.84607696533203,37.33815002441406,2026-07-09T15:25:18.690617,stranded,1,0,125.86393737792969,37.89308166503906,7.25
offshore,1619,125.9014892578125,37.594459533691406,2026-07-09T16:27:15.460268,stranded,1,0,125.90097045898438,37.7697868347168,2.0
offshore,1620,126.22560119628906,37.38432312011719,2026-07-09T16:55:59.683420,stranded,1,0,126.34107208251953,37.52694320678711,1.0
offshore,1621,125.9754409790039,37.10686492919922,2026-07-09T17:38:37.553443,stranded,1,0,125.9800033569336,37.14583206176758,0.38
offshore,1622,126.09148406982422,37.15544128417969,2026-07-09T19:47:31.253234,stranded,1,0,126.10802459716797,37.16536331176758,0.25
offshore,1623,126.27641296386719,37.470455169677734,2026-07-09T20:11:29.246171,stranded,1,0,126.32308959960938,37.544586181640625,0.38
offshore,1624,125.952880859375,37.57317352294922,2026-07-09T21:30:56.035473,stranded,1,0,125.93701171875,37.79255294799805,1.88
offshore,1625,126.14802551269531,37.136375427246094,2026-07-09T23:37:52.066204,stranded,1,0,126.12798309326172,37.214107513427734,0.62
offshore,1626,126.18486785888672,37.28694152832031,2026-07-09T23:45:51.345538,stranded,1,0,125.96826171875,37.6087646484375,3.25
offshore,1627,125.99834442138672,37.112117767333984,2026-07-10T00:16:34.854823,stranded,1,0,125.98959350585938,37.200138092041016,0.38
offshore,1628,126.16527557373047,37.64226531982422,2026-07-10T00:25:49.043421,stranded,1,0,126.22413635253906,37.65785598754883,0.62
offshore,1629,126.10751342773438,37.610023498535156,2026-07-10T00:45:48.925389,stranded,1,0,126.1265640258789,37.683067321777344,0.62
offshore,1630,126.3729248046875,37.440185546875,2026-07-10T01:18:23.572196,stranded,1,1,126.3729248046875,37.440185546875,0.12
offshore,1631,126.21173858642578,37.205440521240234,2026-07-10T02:10:45.335363,stranded,1,0,126.18243408203125,37.2127685546875,0.25
offshore,1632,125.99728393554688,37.387760162353516,2026-07-10T02:30:27.295496,stranded,1,0,125.73442077636719,37.93568420410156,10.0
offshore,1633,126.10484313964844,37.614200592041016,2026-07-10T02:38:34.198915,stranded,1,0,125.93098449707031,37.789920806884766,3.5
offshore,1634,126.14652252197266,37.42628479003906,2026-07-10T03:20:33.292527,stranded,1,0,125.96622467041016,37.83120346069336,4.38
offshore,1635,126.22671508789062,37.189353942871094,2026-07-10T03:47:44.988870,stranded,1,0,126.22671508789062,37.18383026123047,0.25
offshore,1636,126.32475280761719,37.355995178222656,2026-07-10T03:52:01.606651,stranded,1,0,126.40180206298828,37.391292572021484,0.5
offshore,1637,126.1068115234375,37.358680725097656,2026-07-10T06:16:51.164391,stranded,1,0,125.87544250488281,37.76144790649414,3.5
offshore,1638,126.40654754638672,37.16402816772461,2026-07-10T07:05:13.145726,stranded,1,0,126.46092987060547,37.22334671020508,0.38
offshore,1639,126.02843475341797,37.26576614379883,2026-07-10T07:21:33.199336,stranded,1,0,125.86906433105469,37.89215087890625,5.62
offshore,1640,126.04383087158203,37.42292022705078,2026-07-10T07:44:38.129181,stranded,1,0,125.9248275756836,37.838409423828125,3.62
offshore,1641,125.90814971923828,37.13373565673828,2026-07-10T07:57:57.334955,stranded,1,0,125.96488952636719,37.1789665222168,0.25
offshore,1642,126.09854125976562,37.449893951416016,2026-07-10T08:04:51.305846,stranded,1,0,125.96769714355469,37.60997009277344,2.12
offshore,1643,126.01220703125,37.298336029052734,2026-07-10T08:12:46.512699,stranded,1,0,125.71919250488281,37.910343170166016,27.5
offshore,1644,126.16532897949219,37.171791076660156,2026-07-10T09:01:39.997160,stranded,1,0,125.92926788330078,37.78931427001953,4.0
offshore,1645,125.97252655029297,37.48303985595703,2026-07-10T09:30:50.063311,stranded,1,0,125.89652252197266,37.86148452758789,5.5
offshore,1646,126.45787048339844,37.509029388427734,2026-07-10T09:38:18.877530,stranded,1,0,126.46024322509766,37.515296936035156,0.25
offshore,1647,126.44247436523438,37.37428283691406,2026-07-10T09:45:32.266384,stranded,1,0,126.47415924072266,37.455970764160156,1.12
offshore,1648,126.3041763305664,37.407447814941406,2026-07-10T10:09:03.139242,stranded,1,0,126.33531188964844,37.52765655517578,1.38
offshore,1649,126.1082534790039,37.27566146850586,2026-07-10T10:37:10.191050,stranded,1,0,125.89043426513672,37.76646041870117,3.88
offshore,1650,126.19847106933594,37.3164176940918,2026-07-10T10:54:26.432765,stranded,1,0,125.89844512939453,37.769290924072266,3.88
offshore,1651,126.10358428955078,37.45344543457031,2026-07-10T11:03:50.899365,stranded,1,0,125.92750549316406,37.84334182739258,3.5
offshore,1652,126.07061767578125,37.199371337890625,2026-07-10T11:14:38.095693,stranded,1,0,126.08655548095703,37.22110366821289,0.25
offshore,1653,126.06797790527344,37.559871673583984,2026-07-10T11:29:07.788994,stranded,1,0,125.91226959228516,37.77998352050781,2.75
offshore,1654,125.98373413085938,37.527400970458984,2026-07-10T11:37:21.557819,stranded,1,0,125.96881103515625,37.607505798339844,0.88
offshore,1655,126.3288803100586,37.155757904052734,2026-07-10T11:47:36.888698,stranded,1,0,126.32808685302734,37.24502944946289,0.75
offshore,1656,126.45612335205078,37.133399963378906,2026-07-10T11:56:35.537644,stranded,1,0,126.44791412353516,37.23990249633789,0.75
offshore,1657,126.14948272705078,37.19274139404297,2026-07-10T12:33:38.209188,stranded,1,0,126.1353530883789,37.212364196777344,0.25
offshore,1658,126.36580657958984,37.15644454956055,2026-07-10T13:21:31.355643,stranded,1,0,126.31269836425781,37.17143630981445,0.38
offshore,1659,126.41522216796875,37.17104721069336,2026-07-10T13:38:04.134243,stranded,1,0,126.3604965209961,37.20049285888672,0.38
offshore,1660,126.43042755126953,37.43372344970703,2026-07-10T15:41:14.544177,stranded,1,1,126.43042755126953,37.43372344970703,0.12
offshore,1661,126.24102783203125,37.591270446777344,2026-07-10T15:49:29.180857,stranded,1,0,126.21629333496094,37.62788772583008,0.75
offshore,1662,126.2488021850586,37.299251556396484,2026-07-10T16:04:40.321457,stranded,1,0,125.91190338134766,37.77953338623047,4.0
offshore,1663,126.10823059082031,37.497291564941406,2026-07-10T16:15:39.503595,stranded,1,0,125.95281982421875,37.835811614990234,3.25
offshore,1664,125.95771026611328,37.27104187011719,2026-07-10T16:41:10.165249,stranded,1,0,126.12480926513672,37.6906623840332,18.0
offshore,1665,126.29737091064453,37.17341232299805,2026-07-10T17:04:22.381223,stranded,1,1,126.29737091064453,37.17341232299805,0.12
offshore,1666,125.89981842041016,37.281593322753906,2026-07-10T17:15:49.999430,stranded,1,0,126.16294860839844,37.67838668823242,19.0
offshore,1667,126.18024444580078,37.535736083984375,2026-07-10T17:40:34.306503,stranded,1,0,125.93233489990234,37.788150787353516,2.88
offshore,1668,125.96468353271484,37.18537139892578,2026-07-10T18:10:09.700892,stranded,1,0,125.90959167480469,37.77012634277344,4.75
offshore,1669,126.04533386230469,37.43671417236328,2026-07-10T18:32:47.759737,stranded,1,0,125.96812438964844,37.607879638671875,2.5
offshore,1670,125.99095916748047,37.27044677734375,2026-07-10T20:48:58.995754,stranded,1,0,125.90457153320312,37.831138610839844,5.12
offshore,1671,126.2511215209961,37.26259231567383,2026-07-10T21:26:49.969371,stranded,1,0,125.91376495361328,37.77897262573242,3.75
offshore,1672,126.2606430053711,37.297367095947266,2026-07-10T21:38:59.673540,stranded,1,0,126.23046112060547,37.6427001953125,2.88
offshore,1673,126.45177459716797,37.36753845214844,2026-07-10T22:06:18.783825,stranded,1,0,126.48698425292969,37.448081970214844,1.0
offshore,1674,125.9600830078125,37.31945037841797,2026-07-10T22:57:00.410582,stranded,1,0,125.84905242919922,37.91997528076172,10.75
offshore,1675,126.10579681396484,37.47088623046875,2026-07-10T23:55:19.095372,stranded,1,0,125.83187103271484,37.928955078125,12.12
offshore,1676,125.98583221435547,37.39332580566406,2026-07-11T00:43:10.260898,stranded,1,0,125.89693450927734,37.769447326660156,2.88
offshore,1677,126.4354476928711,37.50571823120117,2026-07-11T01:26:45.347402,stranded,1,0,126.43531799316406,37.51741409301758,0.25
offshore,1678,126.11839294433594,37.27949523925781,2026-07-11T02:45:15.525614,stranded,1,0,126.0884780883789,37.27510452270508,0.62
offshore,1679,125.91365051269531,37.3740234375,2026-07-11T03:09:46.721286,active,0,0,125.71813201904297,37.280521392822266,50.0
offshore,1680,126.04605102539062,37.52092361450195,2026-07-11T03:33:10.946518,stranded,1,0,125.87715148925781,37.891605377197266,5.75
offshore,1681,126.12664794921875,37.402469635009766,2026-07-11T03:33:38.630247,stranded,1,0,125.97748565673828,37.61014175415039,2.38
offshore,1682,126.04119110107422,37.354488372802734,2026-07-11T03:39:18.842802,stranded,1,0,125.89483642578125,37.76692199707031,2.75
offshore,1683,125.89273071289062,37.563133239746094,2026-07-11T03:59:43.373234,stranded,1,0,125.89717102050781,37.769195556640625,2.62
offshore,1684,126.3812484741211,37.43661117553711,2026-07-11T04:00:08.135663,stranded,1,1,126.3812484741211,37.43661117553711,0.12
offshore,1685,126.3641128540039,37.45607376098633,2026-07-11T04:32:43.877894,stranded,1,1,126.3641128540039,37.45607376098633,0.12
offshore,1686,126.0265121459961,37.44293975830078,2026-07-11T04:35:44.073516,stranded,1,0,125.97277069091797,37.6057243347168,2.62
offshore,1687,125.91273498535156,37.42301559448242,2026-07-11T04:59:55.469262,stranded,1,0,125.97388458251953,37.60639572143555,7.88
offshore,1688,126.14936065673828,37.454200744628906,2026-07-11T05:08:03.789746,stranded,1,0,126.08924865722656,37.76145553588867,3.0
offshore,1689,126.11599731445312,37.1910285949707,2026-07-11T05:45:49.958070,stranded,1,0,126.08702850341797,37.18040084838867,0.38
offshore,1690,126.13327026367188,37.537967681884766,2026-07-11T06:10:47.096406,stranded,1,0,125.9202651977539,37.790950775146484,3.0
offshore,1691,126.1812744140625,37.615684509277344,2026-07-11T06:15:27.640760,stranded,1,0,126.2052001953125,37.65450668334961,0.62
offshore,1692,126.13107299804688,37.36972427368164,2026-07-11T06:46:49.204453,stranded,1,0,125.92701721191406,37.83919906616211,3.12
offshore,1693,126.1823501586914,37.450252532958984,2026-07-11T06:47:06.095413,stranded,1,0,126.17353820800781,37.6688117980957,1.62
offshore,1694,126.4476318359375,37.32200241088867,2026-07-11T08:07:42.375963,stranded,1,0,126.45631408691406,37.28287124633789,0.25
offshore,1695,126.19209289550781,37.28199005126953,2026-07-11T08:09:03.444138,stranded,1,0,125.9314193725586,37.78987121582031,3.5
offshore,1696,126.0532455444336,37.40753173828125,2026-07-11T08:14:38.175783,stranded,1,0,125.96590423583984,37.75933837890625,3.0
offshore,1697,126.26448059082031,37.22444152832031,2026-07-11T08:55:16.698385,stranded,1,0,126.30966186523438,37.24690246582031,0.38
offshore,1698,126.09648132324219,37.44770431518555,2026-07-11T09:27:52.462933,stranded,1,0,125.84788513183594,37.91911697387695,5.25
offshore,1699,125.9404525756836,37.56437683105469,2026-07-11T09:31:42.345745,stranded,1,0,125.8751220703125,37.76188659667969,1.88
offshore,1700,125.96463775634766,37.51648712158203,2026-07-11T10:09:29.782659,stranded,1,0,125.91828918457031,37.7910270690918,2.5
offshore,1701,126.46015167236328,37.35563278198242,2026-07-11T10:30:40.012243,stranded,1,0,126.41248321533203,37.40845489501953,0.62
offshore,1702,126.42273712158203,37.36623764038086,2026-07-11T10:58:28.917833,stranded,1,1,126.42273712158203,37.36623764038086,0.12
offshore,1703,125.94249725341797,37.55493927001953,2026-07-11T11:10:27.345467,stranded,1,0,125.8905258178711,37.76698303222656,2.38
offshore,1704,126.28742980957031,37.482826232910156,2026-07-11T11:11:19.885781,stranded,1,0,126.2103271484375,37.663543701171875,1.5
offshore,1705,126.05546569824219,37.64868927001953,2026-07-11T12:49:17.676216,stranded,1,0,125.92448425292969,37.78471755981445,1.5
offshore,1706,126.06058502197266,37.37873458862305,2026-07-11T13:49:16.721299,stranded,1,0,125.88484191894531,37.87668228149414,4.38
offshore,1707,126.37786102294922,37.21571350097656,2026-07-11T15:31:24.459102,stranded,1,0,126.38632202148438,37.438594818115234,1.12
offshore,1708,125.98292541503906,37.557212829589844,2026-07-11T16:23:09.901650,stranded,1,0,125.77312469482422,37.813968658447266,4.12
offshore,1709,126.32423400878906,37.29854202270508,2026-07-11T17:34:55.412781,stranded,1,0,126.3155517578125,37.55167007446289,2.25
offshore,1710,125.98115539550781,37.5848274230957,2026-07-11T18:29:46.168043,stranded,1,0,125.92343139648438,37.83320999145508,2.12
offshore,1711,125.9732666015625,37.15443420410156,2026-07-11T18:48:03.363977,stranded,1,0,125.98677062988281,37.183197021484375,0.38
offshore,1712,126.01072692871094,37.27294158935547,2026-07-11T18:55:51.388581,stranded,1,0,125.8944091796875,37.767059326171875,2.75
offshore,1713,126.09513092041016,37.40418243408203,2026-07-11T19:37:08.906389,stranded,1,0,125.96544647216797,37.82527160644531,3.12
offshore,1714,126.40032958984375,37.4696159362793,2026-07-11T19:39:31.078563,stranded,1,0,126.38510131835938,37.455055236816406,0.25
offshore,1715,126.20689392089844,37.330543518066406,2026-07-11T19:45:24.239593,stranded,1,0,126.29881286621094,37.69001007080078,2.5
offshore,1716,125.98089599609375,37.611515045166016,2026-07-11T20:55:39.294454,stranded,1,0,125.97562408447266,37.6082763671875,0.25
offshore,1717,126.21393585205078,37.52470779418945,2026-07-11T21:23:36.989089,stranded,1,0,126.24182891845703,37.63372802734375,0.88
offshore,1718,126.16925048828125,37.29956817626953,2026-07-11T22:12:52.284668,stranded,1,0,126.19894409179688,37.65787124633789,1.88
offshore,1719,126.38676452636719,37.43120193481445,2026-07-12T00:54:46.496050,stranded,1,0,126.38816833496094,37.43940353393555,0.25
offshore,1720,126.46424865722656,37.227237701416016,2026-07-12T01:25:54.219317,stranded,1,1,126.46424865722656,37.227237701416016,0.12
offshore,1721,126.38150024414062,37.157203674316406,2026-07-12T01:29:10.839467,stranded,1,0,126.45767211914062,37.22368621826172,0.75
offshore,1722,125.9166259765625,37.51565170288086,2026-07-12T01:38:09.998856,stranded,1,0,125.75577545166016,37.83669662475586,19.25
offshore,1723,126.39029693603516,37.44144821166992,2026-07-12T02:35:40.534773,stranded,1,1,126.39029693603516,37.44144821166992,0.12
offshore,1724,126.2212142944336,37.44968795776367,2026-07-12T02:42:31.652923,stranded,1,0,126.23941802978516,37.71748733520508,1.88
offshore,1725,126.2447738647461,37.38386154174805,2026-07-12T03:43:24.715472,stranded,1,0,126.31204223632812,37.68684768676758,2.12
offshore,1726,126.3704833984375,37.51993179321289,2026-07-12T03:43:57.312671,stranded,1,0,126.37361145019531,37.46641540527344,0.38
offshore,1727,126.00231170654297,37.617061614990234,2026-07-12T04:58:44.392524,stranded,1,0,125.8297119140625,37.936363220214844,4.62
offshore,1728,126.22112274169922,37.25416564941406,2026-07-12T06:14:43.357921,stranded,1,0,126.20230102539062,37.65666961669922,2.25
offshore,1729,126.1693344116211,37.43217086791992,2026-07-12T06:24:14.496241,stranded,1,0,126.20976257324219,37.72251510620117,1.88
offshore,1730,126.35910034179688,37.47417068481445,2026-07-12T08:26:47.539703,stranded,1,0,126.36080932617188,37.47065353393555,0.25
offshore,1731,126.10884094238281,37.318336486816406,2026-07-12T09:40:21.415953,stranded,1,0,126.16692352294922,37.66673278808594,1.5
offshore,1732,126.36072540283203,37.41218566894531,2026-07-12T11:06:33.856813,stranded,1,0,126.37643432617188,37.44056701660156,0.38
offshore,1733,125.99728393554688,37.18257141113281,2026-07-12T12:00:42.573136,stranded,1,0,125.92926788330078,37.791015625,3.75
offshore,1734,126.29851531982422,37.34416580200195,2026-07-12T12:18:44.617744,stranded,1,0,126.32756042480469,37.52387619018555,1.38
offshore,1735,125.96624755859375,37.49150085449219,2026-07-12T12:30:30.293034,stranded,1,0,125.90011596679688,37.76885223388672,1.75
offshore,1736,126.03624725341797,37.33750534057617,2026-07-12T13:13:30.310154,stranded,1,0,125.90044403076172,37.83301544189453,2.25
offshore,1737,126.37950134277344,37.49524688720703,2026-07-12T13:29:12.362477,stranded,1,0,126.37801361083984,37.61176681518555,0.38
offshore,1738,126.34452056884766,37.527191162109375,2026-07-12T13:32:06.915872,stranded,1,1,126.34452056884766,37.527191162109375,0.12
offshore,1739,126.12264251708984,37.35707473754883,2026-07-12T13:38:24.176489,stranded,1,0,126.11878967285156,37.74649429321289,1.75
offshore,1740,126.35958099365234,37.52939224243164,2026-07-12T13:49:27.005856,stranded,1,1,126.35958099365234,37.52939224243164,0.12
offshore,1741,126.2393798828125,37.54574966430664,2026-07-12T15:03:09.497189,stranded,1,0,126.24089813232422,37.63442611694336,0.25
offshore,1742,126.1483154296875,37.57600021362305,2026-07-12T17:21:56.027336,stranded,1,0,126.16207885742188,37.670711517333984,1.12
offshore,1743,126.22441101074219,37.15229415893555,2026-07-12T18:40:06.939852,stranded,1,0,126.16309356689453,37.23399353027344,0.75
offshore,1744,125.98186492919922,37.33150100708008,2026-07-12T20:39:20.391902,stranded,1,0,126.14595794677734,37.743202209472656,3.12
offshore,1745,126.01131439208984,37.147979736328125,2026-07-12T21:54:43.977071,stranded,1,1,126.01131439208984,37.147979736328125,0.12
offshore,1746,126.24771118164062,37.27953338623047,2026-07-12T22:06:14.106295,stranded,1,0,126.3228988647461,37.545387268066406,1.5
offshore,1747,126.22235870361328,37.55119323730469,2026-07-12T23:07:42.783651,stranded,1,0,126.275634765625,37.705631256103516,1.0
offshore,1748,126.42579650878906,37.44756317138672,2026-07-13T00:26:26.834512,stranded,1,1,126.42579650878906,37.44756317138672,0.12
offshore,1749,126.11283874511719,37.2120475769043,2026-07-13T00:52:26.183030,stranded,1,1,126.11283874511719,37.2120475769043,0.12
offshore,1750,125.94632720947266,37.3444938659668,2026-07-13T01:17:04.909488,stranded,1,0,125.97476196289062,37.606014251708984,0.88
offshore,1751,126.03331756591797,37.28364562988281,2026-07-13T01:43:16.796964,stranded,1,0,125.96916961669922,37.606990814208984,1.12
offshore,1752,126.03984069824219,37.507328033447266,2026-07-13T02:06:11.747029,stranded,1,0,126.10231018066406,37.75090789794922,1.38
offshore,1753,126.0958480834961,37.40428924560547,2026-07-13T02:40:43.246034,stranded,1,0,126.15340423583984,37.74467086791992,1.38
offshore,1754,125.92691802978516,37.13177490234375,2026-07-13T02:42:57.365781,stranded,1,0,125.9703369140625,37.179847717285156,0.25
offshore,1755,126.07991027832031,37.201602935791016,2026-07-13T04:17:20.065440,stranded,1,0,125.99698638916016,37.1949462890625,0.38
offshore,1756,126.36766815185547,37.647727966308594,2026-07-13T04:35:41.128141,stranded,1,0,126.365966796875,37.662818908691406,0.25
offshore,1757,126.00967407226562,37.334716796875,2026-07-13T04:57:18.252401,stranded,1,0,125.93111419677734,37.78998947143555,1.88
offshore,1758,126.36151123046875,37.511573791503906,2026-07-13T05:39:37.496208,stranded,1,0,126.36003875732422,37.52901840209961,0.25
offshore,1759,126.42311096191406,37.35641098022461,2026-07-13T05:44:25.412890,stranded,1,0,126.42947387695312,37.3689079284668,0.25
offshore,1760,125.98726654052734,37.17559051513672,2026-07-13T06:39:47.560222,stranded,1,0,125.96444702148438,37.17873001098633,0.38
offshore,1761,126.35408782958984,37.367713928222656,2026-07-13T07:48:54.545845,stranded,1,0,126.40882110595703,37.37181854248047,0.5
offshore,1762,126.30038452148438,37.34078598022461,2026-07-13T08:20:30.598613,stranded,1,0,126.37049865722656,37.448402404785156,0.62
offshore,1763,126.21375274658203,37.38383483886719,2026-07-13T08:38:32.810709,stranded,1,0,126.26273345947266,37.55339431762695,0.75
offshore,1764,126.35347747802734,37.386051177978516,2026-07-13T09:15:19.326662,stranded,1,0,126.41129302978516,37.43435287475586,0.5
offshore,1765,126.08486938476562,37.10755920410156,2026-07-13T09:54:19.000195,stranded,1,1,126.08486938476562,37.10755920410156,0.12
offshore,1766,126.38636016845703,37.46798324584961,2026-07-13T10:04:04.804902,stranded,1,0,126.3824691772461,37.45736312866211,0.25
offshore,1767,126.01239776611328,37.22509765625,2026-07-13T10:31:10.650218,stranded,1,0,126.0899887084961,37.75460433959961,1.62
offshore,1768,125.9764633178711,37.14326858520508,2026-07-13T10:39:32.018397,stranded,1,0,126.07978057861328,37.28162384033203,0.38
offshore,1769,125.89820098876953,37.2094612121582,2026-07-13T11:42:59.242710,stranded,1,0,126.15725708007812,37.74546432495117,2.5
offshore,1770,126.41201782226562,37.57905960083008,2026-07-13T12:21:41.415134,stranded,1,0,126.43812561035156,37.594181060791016,0.38
offshore,1771,126.3261489868164,37.506011962890625,2026-07-13T13:11:57.219789,stranded,1,0,126.33029174804688,37.52460861206055,0.25
offshore,1772,126.30801391601562,37.41262435913086,2026-07-13T13:25:18.769609,stranded,1,0,126.34595489501953,37.52770233154297,0.38
offshore,1773,126.35884094238281,37.583744049072266,2026-07-13T14:27:17.322217,stranded,1,0,126.38038635253906,37.60885238647461,0.25
offshore,1774,126.1080322265625,37.61126708984375,2026-07-13T15:59:54.200400,stranded,1,0,126.09233093261719,37.770755767822266,1.62
offshore,1775,126.34391784667969,37.2524528503418,2026-07-13T16:32:58.496785,stranded,1,1,126.34391784667969,37.2524528503418,0.12
offshore,1776,126.34934997558594,37.63669967651367,2026-07-13T16:56:15.110802,stranded,1,0,126.34754943847656,37.65109634399414,0.25
offshore,1777,126.22456359863281,37.30746841430664,2026-07-13T17:03:32.047625,stranded,1,0,126.18704986572266,37.664974212646484,1.25
offshore,1778,126.43019104003906,37.34126663208008,2026-07-13T17:20:12.333200,stranded,1,0,126.44071197509766,37.3824348449707,0.25
offshore,1779,126.25354766845703,37.271949768066406,2026-07-13T17:34:21.945588,stranded,1,0,126.25239562988281,37.62965774536133,1.25
offshore,1780,126.39270782470703,37.59144973754883,2026-07-13T17:59:40.024594,stranded,1,0,126.3925552368164,37.606563568115234,0.25
offshore,1781,126.21861267089844,37.55369186401367,2026-07-13T18:43:11.572587,stranded,1,0,126.20711517333984,37.654605865478516,0.62
offshore,1782,126.40584564208984,37.59384536743164,2026-07-13T18:46:50.595127,stranded,1,0,126.36163330078125,37.53386688232422,0.38
offshore,1783,126.2184829711914,37.252681732177734,2026-07-13T18:58:52.960045,stranded,1,0,126.32890319824219,37.53204345703125,1.0
offshore,1784,126.41397094726562,37.224998474121094,2026-07-13T19:06:17.793522,stranded,1,0,126.36595916748047,37.21006774902344,0.25
offshore,1785,126.12454986572266,37.56150436401367,2026-07-13T19:18:47.413678,stranded,1,0,126.08650207519531,37.75556564331055,1.0
offshore,1786,125.98369598388672,37.27394485473633,2026-07-13T21:18:15.728906,stranded,1,0,126.23677062988281,37.6369743347168,2.12
offshore,1787,126.32649230957031,37.438358306884766,2026-07-13T22:09:39.461788,stranded,1,0,126.38211059570312,37.60850524902344,0.88
offshore,1788,126.27206420898438,37.17363739013672,2026-07-13T23:01:31.712278,stranded,1,1,126.27206420898438,37.17363739013672,0.12
offshore,1789,126.08940124511719,37.12604904174805,2026-07-13T23:42:51.267705,stranded,1,0,126.11262512207031,37.17842483520508,0.38
offshore,1790,126.20710754394531,37.4278678894043,2026-07-13T23:51:34.140475,stranded,1,0,126.33313751220703,37.67078399658203,0.88
offshore,1791,126.26443481445312,37.593101501464844,2026-07-14T01:11:00.764081,stranded,1,0,126.28412628173828,37.70155715942383,0.38
offshore,1792,126.23313903808594,37.571285247802734,2026-07-14T02:01:59.203852,stranded,1,0,126.24581146240234,37.71704864501953,0.38
offshore,1793,126.08259582519531,37.4722900390625,2026-07-14T02:31:38.394278,stranded,1,0,126.1748275756836,37.66886901855469,0.75
offshore,1794,125.9302749633789,37.12412643432617,2026-07-14T02:57:08.215634,stranded,1,0,126.24508666992188,37.63151168823242,1.88
offshore,1795,126.40019226074219,37.23905944824219,2026-07-14T02:59:52.916969,stranded,1,0,126.42314910888672,37.4272346496582,0.5
offshore,1796,126.14391326904297,37.60275650024414,2026-07-14T03:31:41.965845,stranded,1,0,126.20501708984375,37.76959228515625,0.75
offshore,1797,126.201171875,37.63880157470703,2026-07-14T04:06:34.668439,stranded,1,0,126.20265197753906,37.65657424926758,0.25
offshore,1798,126.19532775878906,37.61975860595703,2026-07-14T04:26:07.767597,stranded,1,0,126.18997955322266,37.66376495361328,0.25
offshore,1799,125.96144104003906,37.32771301269531,2026-07-14T05:10:04.899971,stranded,1,0,126.1419448852539,37.68208312988281,2.88
offshore,1800,125.94004821777344,37.37408447265625,2026-07-14T07:45:28.271830,stranded,1,0,126.21471405029297,37.65618133544922,2.38
offshore,1801,126.22533416748047,37.60444259643555,2026-07-14T08:01:58.548190,stranded,1,0,126.31375885009766,37.68565368652344,0.62
offshore,1802,126.14555358886719,37.39992141723633,2026-07-14T08:20:12.221273,stranded,1,0,126.35865020751953,37.460960388183594,1.12
offshore,1803,125.96400451660156,37.33364486694336,2026-07-14T08:22:26.299783,stranded,1,0,126.20034790039062,37.67458724975586,2.75
offshore,1804,125.8924789428711,37.2808952331543,2026-07-14T08:39:16.598361,stranded,1,0,126.2446517944336,37.63154983520508,2.62
offshore,1805,126.02059936523438,37.441043853759766,2026-07-14T09:32:01.596709,stranded,1,0,125.77249145507812,37.81320571899414,9.38
offshore,1806,125.93000793457031,37.3930778503418,2026-07-14T10:52:17.049648,stranded,1,0,126.25353240966797,37.64474105834961,1.62
offshore,1807,126.0714340209961,37.17049789428711,2026-07-14T11:19:58.468191,stranded,1,0,126.09297180175781,37.168209075927734,0.25
offshore,1808,126.35037231445312,37.26256561279297,2026-07-14T11:34:02.701612,stranded,1,0,126.59623718261719,37.44308853149414,1.0
offshore,1809,126.03994750976562,37.351112365722656,2026-07-14T12:21:35.559521,stranded,1,0,126.31819152832031,37.54860305786133,1.5
offshore,1810,126.0684585571289,37.30595397949219,2026-07-14T13:23:24.678954,stranded,1,0,126.360107421875,37.45870590209961,1.88
offshore,1811,126.24169921875,37.54133224487305,2026-07-14T13:29:39.803624,stranded,1,0,126.28976440429688,37.709903717041016,0.62
offshore,1812,126.31876373291016,37.15298080444336,2026-07-14T13:54:29.090901,stranded,1,1,126.31876373291016,37.15298080444336,0.12
offshore,1813,126.22291564941406,37.496665954589844,2026-07-14T14:06:22.653057,stranded,1,0,126.40410614013672,37.59910583496094,0.75
offshore,1814,126.35090637207031,37.41493606567383,2026-07-14T14:34:33.628129,stranded,1,0,126.38873291015625,37.438514709472656,0.25
offshore,1815,126.31632995605469,37.315433502197266,2026-07-14T14:50:08.695156,stranded,1,0,126.3948974609375,37.44619369506836,0.38
offshore,1816,126.30208587646484,37.43735122680664,2026-07-14T14:57:17.244561,stranded,1,0,126.40132141113281,37.46165084838867,0.75
offshore,1817,126.05689239501953,37.24086380004883,2026-07-14T15:21:00.096644,stranded,1,0,126.10087585449219,37.263858795166016,0.25
offshore,1818,126.24799346923828,37.62184143066406,2026-07-14T15:47:36.588028,stranded,1,0,126.25135040283203,37.628822326660156,0.25
offshore,1819,126.1521987915039,37.5482063293457,2026-07-14T16:07:47.468319,stranded,1,0,126.3852310180664,37.60707092285156,1.12
offshore,1820,126.31349182128906,37.652713775634766,2026-07-14T16:19:46.133754,stranded,1,0,126.31121826171875,37.68775939941406,0.25
offshore,1821,125.98652648925781,37.569786071777344,2026-07-14T16:37:17.697634,stranded,1,0,126.13902282714844,37.68141555786133,1.25
offshore,1822,126.09697723388672,37.16572952270508,2026-07-14T16:56:58.977331,stranded,1,1,126.09697723388672,37.16572952270508,0.12
offshore,1823,125.9413070678711,37.261009216308594,2026-07-14T17:28:46.690668,stranded,1,0,126.3279037475586,37.5401496887207,16.25
offshore,1824,126.33352661132812,37.506675720214844,2026-07-14T18:37:32.016543,stranded,1,0,126.38250732421875,37.43829345703125,0.62
offshore,1825,126.30677032470703,37.25137710571289,2026-07-14T18:44:22.496266,stranded,1,1,126.30677032470703,37.25137710571289,0.12
offshore,1826,126.41226959228516,37.362064361572266,2026-07-14T19:44:42.107884,stranded,1,0,126.48759460449219,37.44832992553711,1.25
offshore,1827,125.93733215332031,37.12836456298828,2026-07-14T20:02:14.692101,stranded,1,0,126.06578826904297,37.08625030517578,0.62
offshore,1828,126.08834075927734,37.2179069519043,2026-07-14T20:44:07.706729,stranded,1,0,126.0231704711914,37.140201568603516,0.38
offshore,1829,126.17167663574219,37.468650817871094,2026-07-14T20:59:42.053228,stranded,1,0,126.35395812988281,37.528079986572266,1.25
offshore,1830,125.89324951171875,37.281288146972656,2026-07-14T22:59:56.298364,stranded,1,0,125.91427612304688,37.773006439208984,8.62
offshore,1831,126.32524871826172,37.48680877685547,2026-07-14T23:02:33.375393,stranded,1,0,126.38163757324219,37.43478012084961,0.5
offshore,1832,126.37333679199219,37.35039520263672,2026-07-14T23:17:22.930281,stranded,1,0,126.46502685546875,37.28341293334961,0.75
offshore,1833,126.41970825195312,37.52857208251953,2026-07-14T23:19:27.226549,stranded,1,1,126.41970825195312,37.52857208251953,0.12
offshore,1834,126.08692169189453,37.118812561035156,2026-07-14T23:45:28.426054,stranded,1,0,126.08153533935547,37.10750198364258,0.25
offshore,1835,126.37969207763672,37.53630447387695,2026-07-15T00:39:41.817813,stranded,1,1,126.37969207763672,37.53630447387695,0.12
offshore,1836,126.101318359375,37.096858978271484,2026-07-15T00:58:01.040938,stranded,1,0,126.23389434814453,37.17898178100586,0.38
offshore,1837,126.09911346435547,37.36039733886719,2026-07-15T01:39:22.026513,stranded,1,0,126.3316650390625,37.525390625,1.0
offshore,1838,126.4152603149414,37.12759017944336,2026-07-15T02:22:40.943433,stranded,1,0,126.61732482910156,37.16094970703125,0.88
offshore,1839,126.0599365234375,37.599605560302734,2026-07-15T04:01:27.697943,stranded,1,0,126.16706848144531,37.666263580322266,0.75
offshore,1840,126.42017364501953,37.16498565673828,2026-07-15T04:58:04.666553,stranded,1,0,126.43987274169922,37.23168182373047,0.75
offshore,1841,126.09149169921875,37.171180725097656,2026-07-15T05:31:53.332606,stranded,1,1,126.09149169921875,37.171180725097656,0.12
offshore,1842,126.1633071899414,37.46382522583008,2026-07-15T06:52:09.724065,stranded,1,0,126.32325744628906,37.545352935791016,1.62
offshore,1843,126.05487823486328,37.5425910949707,2026-07-15T07:16:47.426190,stranded,1,0,125.9291000366211,37.7895393371582,6.25
offshore,1844,126.19306182861328,37.280860900878906,2026-07-15T07:23:41.425869,stranded,1,0,126.11927795410156,37.252471923828125,0.38
offshore,1845,126.38462829589844,37.145633697509766,2026-07-15T07:56:29.261897,stranded,1,0,126.34515380859375,37.260982513427734,0.88
offshore,1846,125.93218994140625,37.326751708984375,2026-07-15T08:48:36.112025,stranded,1,0,125.9130630493164,37.82943344116211,6.88
offshore,1847,126.42755889892578,37.43063735961914,2026-07-15T09:00:03.927705,stranded,1,1,126.42755889892578,37.43063735961914,0.12
offshore,1848,125.90922546386719,37.47195053100586,2026-07-15T09:01:00.428568,stranded,1,0,125.86483001708984,37.89373779296875,9.5
offshore,1849,126.07141876220703,37.46946716308594,2026-07-15T10:05:51.196945,stranded,1,0,126.25507354736328,37.62922668457031,1.5
offshore,1850,125.99517059326172,37.25484848022461,2026-07-15T10:05:58.605163,stranded,1,0,126.19366455078125,37.6571159362793,19.12
offshore,1851,125.99446868896484,37.201961517333984,2026-07-15T10:05:58.946940,stranded,1,0,125.98941040039062,37.201961517333984,0.25
offshore,1852,126.40230560302734,37.5405387878418,2026-07-15T10:37:37.318609,stranded,1,0,126.39461517333984,37.46394729614258,0.38
offshore,1853,126.11833953857422,37.11285400390625,2026-07-15T11:10:09.096950,stranded,1,0,126.13797760009766,37.24528884887695,0.62
offshore,1854,125.94602966308594,37.31883239746094,2026-07-15T12:27:44.267308,active,0,0,125.66004943847656,37.47163772583008,45.5
offshore,1855,126.38103485107422,37.573883056640625,2026-07-15T14:32:18.626500,stranded,1,0,126.42498016357422,37.601280212402344,0.25
offshore,1856,126.1661376953125,37.55922317504883,2026-07-15T14:35:51.076003,stranded,1,0,126.24164581298828,37.63405990600586,0.38
offshore,1857,126.14306640625,37.27614974975586,2026-07-15T14:50:43.789973,stranded,1,0,125.88197326660156,37.760990142822266,12.25
offshore,1858,125.90528869628906,37.176109313964844,2026-07-15T14:58:01.664341,stranded,1,0,126.13985443115234,37.68766784667969,14.12
offshore,1859,126.11815643310547,37.207462310791016,2026-07-15T15:19:26.562535,stranded,1,0,126.16161346435547,37.214656829833984,0.25
offshore,1860,126.29611206054688,37.48530197143555,2026-07-15T16:21:18.546140,stranded,1,0,125.71601867675781,37.677886962890625,13.88
offshore,1861,126.19475555419922,37.333248138427734,2026-07-15T16:23:57.242623,stranded,1,0,125.93113708496094,37.789371490478516,6.0
offshore,1862,126.33514404296875,37.633140563964844,2026-07-15T16:32:10.570724,stranded,1,0,126.33232116699219,37.65130615234375,0.25
offshore,1863,125.96752166748047,37.194252014160156,2026-07-15T16:37:40.535514,stranded,1,0,125.77227783203125,37.79874038696289,12.5
offshore,1864,126.27306365966797,37.54961395263672,2026-07-15T16:42:43.711566,stranded,1,0,126.20449829101562,37.668121337890625,0.5
offshore,1865,126.33757019042969,37.48184585571289,2026-07-15T17:47:43.965299,stranded,1,0,126.34896087646484,37.527156829833984,0.25
offshore,1866,126.28304290771484,37.20001983642578,2026-07-15T18:03:06.378632,stranded,1,0,126.30998992919922,37.248291015625,0.25
offshore,1867,125.9971923828125,37.23339080810547,2026-07-15T18:15:03.792530,stranded,1,0,125.89937591552734,37.769378662109375,6.38
offshore,1868,126.36821746826172,37.25392532348633,2026-07-15T19:12:24.384919,stranded,1,0,126.26383972167969,37.18014907836914,0.38
offshore,1869,126.32225036621094,37.62045669555664,2026-07-15T19:23:52.151180,stranded,1,0,126.33982849121094,37.52778244018555,0.5
offshore,1870,126.32618713378906,37.23654556274414,2026-07-15T21:29:22.746307,stranded,1,0,126.26255798339844,37.18000793457031,0.25
offshore,1871,126.17993927001953,37.54634475708008,2026-07-15T21:43:12.594820,stranded,1,0,126.21245574951172,37.65317153930664,1.12
offshore,1872,126.14289855957031,37.43233871459961,2026-07-15T21:55:55.572221,stranded,1,0,125.9150390625,37.77293395996094,5.12
offshore,1873,125.95458221435547,37.33351516723633,2026-07-15T22:19:09.510619,stranded,1,0,126.15865325927734,37.759395599365234,13.5
offshore,1874,126.25035858154297,37.071659088134766,2026-07-15T22:24:47.231051,stranded,1,0,126.18436431884766,36.87046813964844,43.12
offshore,1875,126.1613540649414,37.458648681640625,2026-07-15T22:38:09.127396,stranded,1,0,125.97920227050781,37.60820388793945,4.75
offshore,1876,126.32080078125,37.25938034057617,2026-07-15T22:51:10.576925,stranded,1,1,126.32080078125,37.25938034057617,0.12
offshore,1877,125.92183685302734,37.17066955566406,2026-07-15T23:19:41.241214,stranded,1,0,125.98438262939453,37.17973327636719,1.0
offshore,1878,126.11672973632812,37.44047927856445,2026-07-16T00:14:51.274846,stranded,1,0,126.17963409423828,37.670475006103516,14.0
offshore,1879,125.99549102783203,37.2036018371582,2026-07-16T00:17:45.781170,stranded,1,0,126.07994842529297,37.28169631958008,0.5
offshore,1880,125.93916320800781,37.50143051147461,2026-07-16T00:43:47.056970,stranded,1,0,125.8971176147461,37.76887512207031,6.12
offshore,1881,126.31300354003906,37.171791076660156,2026-07-16T00:55:37.657568,stranded,1,1,126.31300354003906,37.171791076660156,0.12
offshore,1882,126.27078247070312,37.51466369628906,2026-07-16T01:04:06.012410,stranded,1,0,126.33956909179688,37.527427673339844,0.38
offshore,1883,126.05625915527344,37.33249282836914,2026-07-16T01:19:14.502180,stranded,1,0,125.90345001220703,37.769447326660156,6.5
offshore,1884,126.384765625,37.19343566894531,2026-07-16T01:44:42.816070,stranded,1,0,126.45724487304688,37.23788833618164,0.25
offshore,1885,125.94866943359375,37.24329376220703,2026-07-16T02:19:54.883285,stranded,1,0,125.87531280517578,37.76210021972656,45.0
offshore,1886,126.0602035522461,37.343345642089844,2026-07-16T02:25:56.307487,stranded,1,0,125.84705352783203,37.91873550415039,9.75
offshore,1887,126.22896575927734,37.40962600708008,2026-07-16T02:32:30.101691,stranded,1,0,126.38129425048828,37.434329986572266,0.88
offshore,1888,126.4320068359375,37.38997268676758,2026-07-16T02:37:31.613657,stranded,1,1,126.4320068359375,37.38997268676758,0.12
offshore,1889,126.26139831542969,37.603397369384766,2026-07-16T02:44:28.071646,stranded,1,0,126.33883666992188,37.644596099853516,0.38
offshore,1890,126.20707702636719,37.32926559448242,2026-07-16T03:48:59.566368,stranded,1,0,125.92033386230469,37.7794189453125,5.5
offshore,1891,126.04045867919922,37.41064453125,2026-07-16T04:14:35.312139,stranded,1,0,125.86058807373047,37.89915084838867,11.12
offshore,1892,126.39864349365234,37.391422271728516,2026-07-16T05:11:56.973615,stranded,1,1,126.39864349365234,37.391422271728516,0.12
offshore,1893,125.95573425292969,37.14522933959961,2026-07-16T05:23:09.806655,stranded,1,0,125.96476745605469,37.17891311645508,0.75
offshore,1894,125.99512481689453,37.51313781738281,2026-07-16T05:33:39.430718,stranded,1,0,125.97453308105469,37.60610580444336,4.38
offshore,1895,126.4148178100586,37.36636734008789,2026-07-16T05:38:16.762959,stranded,1,1,126.4148178100586,37.36636734008789,0.12
offshore,1896,126.15811157226562,37.55065155029297,2026-07-16T05:56:22.108472,stranded,1,0,126.25125885009766,37.62904357910156,0.75
offshore,1897,126.20691680908203,37.390743255615234,2026-07-16T06:02:02.709065,stranded,1,0,125.88530731201172,37.8780632019043,5.38
offshore,1898,125.9305648803711,37.61693572998047,2026-07-16T08:40:50.555229,stranded,1,0,125.68193054199219,37.63603591918945,19.0
offshore,1899,126.0953140258789,37.4241943359375,2026-07-16T08:51:24.576500,stranded,1,0,125.97681427001953,37.610206604003906,3.88
offshore,1900,126.31753540039062,37.10371398925781,2026-07-16T09:04:53.933460,stranded,1,0,126.14425659179688,37.24256134033203,1.75
offshore,1901,126.11079406738281,37.13521957397461,2026-07-16T09:11:57.505573,stranded,1,0,125.99020385742188,37.03850555419922,0.38
offshore,1902,126.26081085205078,37.58473205566406,2026-07-16T10:17:10.225002,stranded,1,0,126.33678436279297,37.53063201904297,0.5
offshore,1903,126.0345458984375,37.31156539916992,2026-07-16T11:42:14.460838,stranded,1,0,125.92488861083984,37.782894134521484,5.25
offshore,1904,126.41630554199219,37.595237731933594,2026-07-16T11:55:07.953880,stranded,1,0,126.39286804199219,37.52983093261719,0.25
offshore,1905,125.96206665039062,37.22202682495117,2026-07-16T13:00:23.863499,stranded,1,0,125.88105773925781,37.76191711425781,6.0
offshore,1906,126.26353454589844,37.320152282714844,2026-07-16T13:01:47.629877,stranded,1,0,126.27452850341797,37.31441116333008,0.25
offshore,1907,126.0736083984375,37.31743621826172,2026-07-16T13:18:27.437092,stranded,1,0,125.90436553955078,37.77396011352539,5.75
offshore,1908,125.91026306152344,37.52751922607422,2026-07-16T13:31:44.456548,stranded,1,0,125.9159927368164,37.77412414550781,16.5
offshore,1909,126.12085723876953,37.11666488647461,2026-07-16T14:17:10.599082,stranded,1,0,126.22759246826172,37.17805862426758,0.38
offshore,1910,126.07572174072266,37.364593505859375,2026-07-16T14:38:50.196191,stranded,1,0,125.9061279296875,37.77114486694336,6.0
offshore,1911,126.45030975341797,37.590049743652344,2026-07-16T15:21:08.236407,stranded,1,0,126.51425170898438,37.581119537353516,0.38
offshore,1912,126.09709930419922,37.490901947021484,2026-07-16T15:24:18.301604,stranded,1,0,125.83006286621094,37.935035705566406,12.25
offshore,1913,126.21842956542969,37.20623016357422,2026-07-16T16:09:53.367058,stranded,1,0,125.99378967285156,37.19524002075195,0.62
offshore,1914,126.20928955078125,37.16103744506836,2026-07-16T16:27:53.492923,stranded,1,0,126.22675323486328,37.178001403808594,0.25
offshore,1915,126.19970703125,37.13606262207031,2026-07-16T17:32:57.511268,stranded,1,0,126.18184661865234,37.20358657836914,0.62
offshore,1916,126.02991485595703,37.45508575439453,2026-07-16T18:23:07.565661,active,0,0,125.91616821289062,37.46672821044922,44.25
offshore,1917,126.28911590576172,37.44633483886719,2026-07-16T18:32:21.558632,stranded,1,0,125.9057388305664,37.83561325073242,4.25
offshore,1918,126.43003845214844,37.52887725830078,2026-07-16T18:53:19.698103,stranded,1,1,126.43003845214844,37.52887725830078,0.12
offshore,1919,126.25149536132812,37.68477249145508,2026-07-16T19:02:12.250068,stranded,1,0,125.84628295898438,37.917789459228516,8.88
offshore,1920,126.31043243408203,37.15949249267578,2026-07-16T19:13:23.819126,stranded,1,1,126.31043243408203,37.15949249267578,0.12
offshore,1921,126.08312225341797,37.36048126220703,2026-07-16T19:57:31.089085,stranded,1,0,125.96614074707031,37.75904846191406,5.0
offshore,1922,125.90194702148438,37.28903579711914,2026-07-16T20:58:58.419346,stranded,1,0,125.91062927246094,37.77141571044922,7.38
offshore,1923,126.25402069091797,37.460838317871094,2026-07-16T21:29:35.722618,stranded,1,0,125.75861358642578,37.83412170410156,8.75
offshore,1924,125.84664154052734,37.57789611816406,2026-07-16T21:30:50.748620,active,0,0,125.69146728515625,37.576148986816406,44.12
offshore,1925,126.3918228149414,37.31227493286133,2026-07-16T21:44:21.929541,stranded,1,0,126.34628295898438,37.26046371459961,0.25
offshore,1926,125.94513702392578,37.52735900878906,2026-07-16T22:14:29.345736,stranded,1,0,125.91929626464844,37.79206085205078,5.88
offshore,1927,126.10044860839844,37.55552673339844,2026-07-16T22:34:43.387173,stranded,1,0,125.7739028930664,37.808902740478516,7.38
offshore,1928,125.93971252441406,37.34566879272461,2026-07-16T22:52:43.013062,stranded,1,0,125.89039611816406,37.766971588134766,7.12
offshore,1929,126.22254180908203,37.38568878173828,2026-07-16T22:57:37.455834,stranded,1,0,125.9001693725586,37.83304214477539,6.12
offshore,1930,125.9944076538086,37.340694427490234,2026-07-16T22:59:52.357288,active,0,0,125.76038360595703,37.30875778198242,44.12
offshore,1931,126.31414794921875,37.085323333740234,2026-07-16T23:36:04.360192,stranded,1,0,126.31524658203125,37.167274475097656,1.25
offshore,1932,126.04583740234375,37.35626220703125,2026-07-16T23:54:25.377823,stranded,1,0,125.90418243408203,37.76879119873047,5.62
offshore,1933,125.92151641845703,37.464698791503906,2026-07-17T00:46:01.736131,stranded,1,0,125.9721908569336,37.606109619140625,19.38
offshore,1934,126.11487579345703,37.51760482788086,2026-07-17T00:53:35.320708,stranded,1,0,125.84856414794922,37.91111373901367,9.25
offshore,1935,126.4739761352539,37.404361724853516,2026-07-17T03:31:42.715643,stranded,1,0,126.4383316040039,37.38597106933594,0.5
offshore,1936,126.13117218017578,37.585304260253906,2026-07-17T04:04:23.180217,stranded,1,0,126.13226318359375,37.682796478271484,0.38
offshore,1937,126.35211181640625,37.252498626708984,2026-07-17T04:29:11.985732,stranded,1,0,126.41676330566406,37.365684509277344,0.38
offshore,1938,126.4103012084961,37.527191162109375,2026-07-17T04:38:01.740672,stranded,1,1,126.4103012084961,37.527191162109375,0.12
offshore,1939,126.20796203613281,37.53128433227539,2026-07-17T05:22:00.985902,stranded,1,0,126.20730590820312,37.6556282043457,0.38
offshore,1940,126.2282485961914,37.569053649902344,2026-07-17T05:34:58.308311,stranded,1,0,126.24036407470703,37.63480758666992,0.25
offshore,1941,126.04518127441406,37.233184814453125,2026-07-17T06:40:37.872153,stranded,1,0,125.65583801269531,37.71505355834961,26.12
offshore,1942,126.05934143066406,37.312904357910156,2026-07-17T07:46:10.738508,stranded,1,0,126.1901626586914,37.684547424316406,11.88
offshore,1943,126.09709167480469,37.165679931640625,2026-07-17T07:54:18.122078,stranded,1,1,126.09709167480469,37.165679931640625,0.12
offshore,1944,126.1751480102539,37.501747131347656,2026-07-17T08:13:53.407262,stranded,1,0,125.93648529052734,37.79379653930664,4.38
offshore,1945,126.30254364013672,37.43260955810547,2026-07-17T08:16:22.873569,stranded,1,0,125.89513397216797,37.76675033569336,3.75
offshore,1946,126.32140350341797,37.347904205322266,2026-07-17T08:44:39.436075,stranded,1,0,126.26084899902344,37.554481506347656,1.75
offshore,1947,126.26104736328125,37.590721130371094,2026-07-17T09:22:59.457073,stranded,1,0,125.90434265136719,37.82893753051758,12.0
offshore,1948,125.83820343017578,37.200233459472656,2026-07-17T09:27:24.310436,stranded,1,0,126.23040008544922,37.717037200927734,12.5
offshore,1949,126.10670471191406,37.27320861816406,2026-07-17T10:32:59.406865,stranded,1,1,126.10670471191406,37.27320861816406,0.12
offshore,1950,125.9742660522461,37.50819396972656,2026-07-17T10:35:43.381386,active,0,0,125.827880859375,37.69462585449219,43.62
offshore,1951,125.92550659179688,37.24988555908203,2026-07-17T10:52:10.297228,stranded,1,0,125.96810150146484,37.60817337036133,4.62
offshore,1952,126.37398529052734,37.4673957824707,2026-07-17T12:55:29.882002,stranded,1,1,126.37398529052734,37.4673957824707,0.12
offshore,1953,125.94878387451172,37.11626434326172,2026-07-17T13:39:55.660373,stranded,1,0,125.755615234375,37.82912063598633,10.38
offshore,1954,126.10968017578125,37.272701263427734,2026-07-17T13:49:53.636268,stranded,1,1,126.10968017578125,37.272701263427734,0.12
offshore,1955,126.15031433105469,37.18552780151367,2026-07-17T14:19:43.632833,stranded,1,0,126.13338470458984,37.21272277832031,0.25
offshore,1956,126.35359954833984,37.124351501464844,2026-07-17T14:48:35.077118,stranded,1,0,126.42262268066406,37.3664436340332,0.38
offshore,1957,126.24752807617188,37.570621490478516,2026-07-17T15:27:00.535445,stranded,1,0,126.23912048339844,37.635066986083984,0.25
offshore,1958,126.31262969970703,37.22568893432617,2026-07-17T15:57:29.661889,stranded,1,0,126.31532287597656,37.24895477294922,0.25
offshore,1959,126.09436798095703,37.25072479248047,2026-07-17T16:25:11.699392,stranded,1,1,126.09436798095703,37.25072479248047,0.12
offshore,1960,126.08528900146484,37.28038787841797,2026-07-17T16:34:07.015899,stranded,1,1,126.08528900146484,37.28038787841797,0.12
offshore,1961,126.11209106445312,37.348018646240234,2026-07-17T16:51:07.406938,stranded,1,0,125.9142074584961,37.77956008911133,4.12
offshore,1962,126.19025421142578,37.32448959350586,2026-07-17T17:12:14.543127,stranded,1,0,125.74678039550781,37.83583068847656,22.0
offshore,1963,126.0111083984375,37.59162521362305,2026-07-17T17:18:52.159610,stranded,1,0,125.65449523925781,37.816165924072266,26.0
offshore,1964,126.3387680053711,37.47962951660156,2026-07-17T17:42:49.526205,stranded,1,0,126.35699462890625,37.52946853637695,0.25
offshore,1965,126.32213592529297,37.467708587646484,2026-07-17T17:46:36.919831,stranded,1,0,126.34463500976562,37.5272331237793,0.25
offshore,1966,126.21702575683594,37.51225662231445,2026-07-17T18:14:15.013382,stranded,1,0,126.21824645996094,37.62810516357422,0.38
offshore,1967,126.27454376220703,37.17073440551758,2026-07-17T18:17:15.686076,stranded,1,0,126.31879425048828,37.23469161987305,0.25
offshore,1968,126.14671325683594,37.3787956237793,2026-07-17T19:08:23.519336,stranded,1,0,125.92280578613281,37.8386344909668,5.88
offshore,1969,126.2978286743164,37.28517150878906,2026-07-17T19:34:41.453250,stranded,1,0,126.34479522705078,37.253265380859375,0.62
offshore,1970,126.40611267089844,37.389854431152344,2026-07-17T19:55:09.579276,stranded,1,1,126.40611267089844,37.389854431152344,0.12
offshore,1971,126.03175354003906,37.35157012939453,2026-07-17T20:13:01.230920,stranded,1,0,125.88310241699219,37.76261520385742,4.88
offshore,1972,126.29029083251953,37.1602897644043,2026-07-17T20:26:36.518187,stranded,1,0,126.29570007324219,37.16411209106445,0.25
offshore,1973,126.37124633789062,37.43151092529297,2026-07-17T20:52:45.970531,stranded,1,0,126.37124633789062,37.44087219238281,0.25
offshore,1974,126.43573760986328,37.32744598388672,2026-07-17T21:10:09.969717,stranded,1,0,126.4423828125,37.370059967041016,0.25
offshore,1975,126.25743103027344,37.649574279785156,2026-07-17T21:31:22.804316,stranded,1,1,126.25743103027344,37.649574279785156,0.12
offshore,1976,126.39362335205078,37.221370697021484,2026-07-17T22:02:27.561676,stranded,1,0,126.38482666015625,37.20600891113281,0.25
offshore,1977,126.14634704589844,37.22011184692383,2026-07-17T22:02:40.117489,stranded,1,1,126.14634704589844,37.22011184692383,0.12
offshore,1978,125.97325897216797,37.288780212402344,2026-07-17T22:34:15.061114,stranded,1,0,125.90325164794922,37.847164154052734,5.12
offshore,1979,126.01182556152344,37.47726821899414,2026-07-17T22:48:47.854409,stranded,1,0,125.88204956054688,37.76112365722656,4.62
offshore,1980,125.96467590332031,37.4803466796875,2026-07-17T23:04:04.193222,stranded,1,0,125.91522979736328,37.84119415283203,12.88
offshore,1981,125.92242431640625,37.288307189941406,2026-07-17T23:04:27.097519,stranded,1,0,125.91410064697266,37.771663665771484,4.62
offshore,1982,126.18647003173828,37.39974594116211,2026-07-17T23:21:27.081458,stranded,1,0,126.09563446044922,37.25486373901367,0.5
offshore,1983,126.2790756225586,37.42100524902344,2026-07-17T23:46:43.266590,stranded,1,0,126.36644744873047,37.44137191772461,1.12
offshore,1984,126.05996704101562,37.58030700683594,2026-07-17T23:49:36.082029,stranded,1,0,125.89288330078125,37.7735595703125,3.88
offshore,1985,126.33592224121094,37.33534622192383,2026-07-17T23:56:52.891524,stranded,1,0,126.28239440917969,37.26359558105469,0.38
offshore,1986,126.06339263916016,37.248626708984375,2026-07-18T00:32:10.451308,stranded,1,0,126.0859603881836,37.17958450317383,0.38
offshore,1987,126.17668151855469,37.41225814819336,2026-07-18T00:42:20.796000,stranded,1,0,126.27706146240234,37.54579544067383,1.12
offshore,1988,126.19310760498047,37.08553695678711,2026-07-18T01:13:57.217489,stranded,1,0,126.33203887939453,37.24660873413086,5.0
offshore,1989,126.30571746826172,37.429222106933594,2026-07-18T01:16:24.538483,stranded,1,0,126.3619384765625,37.457088470458984,0.5
offshore,1990,126.23734283447266,37.18755340576172,2026-07-18T01:17:49.310531,stranded,1,1,126.23734283447266,37.18755340576172,0.12
offshore,1991,126.2968978881836,37.26622772216797,2026-07-18T01:30:40.427419,stranded,1,1,126.2968978881836,37.26622772216797,0.12
offshore,1992,125.96160888671875,37.091617584228516,2026-07-18T01:32:13.181469,stranded,1,0,125.96160888671875,37.09036636352539,0.25
offshore,1993,126.12617492675781,37.173099517822266,2026-07-18T02:48:53.131980,stranded,1,0,126.2452621459961,37.17263412475586,0.38
offshore,1994,126.08961486816406,37.34120178222656,2026-07-18T02:56:18.005994,stranded,1,0,126.089599609375,37.283531188964844,1.25
offshore,1995,126.313232421875,37.558448791503906,2026-07-18T03:48:52.931107,stranded,1,1,126.313232421875,37.558448791503906,0.12
offshore,1996,126.34716796875,37.155189514160156,2026-07-18T04:34:34.179897,stranded,1,0,126.2958755493164,37.17424392700195,0.62
offshore,1997,126.2054443359375,37.24635314941406,2026-07-18T04:57:14.000665,stranded,1,0,126.25545501708984,37.64847183227539,3.0
offshore,1998,126.04895782470703,37.35413360595703,2026-07-18T06:29:39.689449,stranded,1,0,125.9730224609375,37.605533599853516,2.75
offshore,1999,125.99717712402344,37.63079071044922,2026-07-18T07:04:31.502622,stranded,1,0,125.87516021728516,37.762489318847656,2.25
offshore,2000,126.18220520019531,37.47269821166992,2026-07-18T08:32:01.194453,stranded,1,0,126.2181625366211,37.66307830810547,1.25
offshore,2001,126.20943450927734,37.23699188232422,2026-07-18T08:35:47.195325,stranded,1,0,126.13829803466797,37.24526596069336,0.38
offshore,2002,126.09666442871094,37.354366302490234,2026-07-18T08:48:29.471263,stranded,1,0,126.07793426513672,37.28288650512695,0.62
offshore,2003,126.2760009765625,37.33591842651367,2026-07-18T09:48:21.019153,stranded,1,0,126.30028533935547,37.253028869628906,0.5
offshore,2004,126.16951751708984,37.640506744384766,2026-07-18T10:17:10.509327,stranded,1,0,126.20541381835938,37.65473937988281,0.62
offshore,2005,126.33399963378906,37.427947998046875,2026-07-18T11:58:13.325529,stranded,1,0,126.3636474609375,37.45598220825195,0.62
offshore,2006,125.84356689453125,37.20646286010742,2026-07-18T12:42:19.411307,stranded,1,0,125.91276550292969,37.82988739013672,4.62
offshore,2007,126.39043426513672,37.11537170410156,2026-07-18T12:55:36.939007,stranded,1,1,126.39043426513672,37.11537170410156,0.12
offshore,2008,126.41314697265625,37.583560943603516,2026-07-18T13:59:08.746076,stranded,1,0,126.40418243408203,37.532615661621094,0.25
offshore,2009,125.96892547607422,37.098350524902344,2026-07-18T14:16:53.966703,stranded,1,0,125.96988677978516,37.081050872802734,0.25
offshore,2010,125.9414291381836,37.10337829589844,2026-07-18T14:47:03.491685,stranded,1,0,125.94624328613281,37.086463928222656,0.25
offshore,2011,126.20231628417969,37.602603912353516,2026-07-18T14:49:47.982118,stranded,1,0,126.26057434082031,37.62725830078125,0.5
offshore,2012,126.1932144165039,37.57659149169922,2026-07-18T15:13:32.170767,stranded,1,0,126.25101470947266,37.639556884765625,0.5
offshore,2013,126.43528747558594,37.120609283447266,2026-07-18T15:47:26.462271,stranded,1,0,126.54259490966797,37.20307922363281,0.38
offshore,2014,126.3365478515625,37.47856140136719,2026-07-18T15:59:57.314389,stranded,1,0,126.41041564941406,37.59424591064453,0.38
offshore,2015,126.19863891601562,37.63561248779297,2026-07-18T18:30:37.588420,stranded,1,0,126.1922836303711,37.65620422363281,0.25
offshore,2016,126.17170715332031,37.3844108581543,2026-07-18T18:40:33.224405,stranded,1,0,126.1143798828125,37.747562408447266,2.75
offshore,2017,126.21591186523438,37.13777160644531,2026-07-18T20:54:01.023334,stranded,1,0,126.24051666259766,37.17752456665039,0.25
offshore,2018,126.3437271118164,37.56045150756836,2026-07-18T21:02:29.995938,stranded,1,0,126.3542251586914,37.53400802612305,0.5
offshore,2019,125.99972534179688,37.56189727783203,2026-07-18T22:08:51.889921,stranded,1,0,125.89926147460938,37.77848815917969,2.88
offshore,2020,126.08576202392578,37.531105041503906,2026-07-18T22:16:23.920120,stranded,1,0,125.93170928955078,37.788909912109375,3.38
offshore,2021,126.11201477050781,37.350975036621094,2026-07-18T23:37:54.226097,stranded,1,0,126.08954620361328,37.23945999145508,0.5
offshore,2022,126.32749938964844,37.13856887817383,2026-07-19T00:32:45.191656,stranded,1,0,126.30950164794922,37.24637222290039,1.0
offshore,2023,126.21198272705078,37.462764739990234,2026-07-19T00:40:59.522126,stranded,1,0,126.17930603027344,37.6696891784668,2.0
offshore,2024,126.0591049194336,37.31101989746094,2026-07-19T00:52:06.766105,stranded,1,0,126.09147644042969,37.22710037231445,0.38
offshore,2025,126.14839935302734,37.48469543457031,2026-07-19T00:58:14.622199,stranded,1,0,126.11813354492188,37.74835968017578,2.0
offshore,2026,126.31277465820312,37.198482513427734,2026-07-19T01:18:13.567912,stranded,1,0,126.30697631835938,37.15983200073242,0.38
offshore,2027,125.9961929321289,37.452064514160156,2026-07-19T01:43:09.272717,stranded,1,0,125.96646881103516,37.75693893432617,3.12
offshore,2028,126.0355224609375,37.174652099609375,2026-07-19T02:50:35.818432,stranded,1,0,126.02120971679688,37.13362503051758,0.25
offshore,2029,126.36356353759766,37.58912658691406,2026-07-19T03:14:52.701998,stranded,1,0,126.35670471191406,37.53334045410156,0.25
offshore,2030,126.27447509765625,37.34361267089844,2026-07-19T03:47:38.920066,stranded,1,0,126.1866683959961,37.683380126953125,2.25
offshore,2031,126.18489837646484,37.218074798583984,2026-07-19T04:19:32.368445,stranded,1,1,126.18489837646484,37.218074798583984,0.12
offshore,2032,126.38924407958984,37.20207977294922,2026-07-19T05:06:08.521071,stranded,1,0,126.43604278564453,37.25020980834961,0.25
offshore,2033,125.93988037109375,37.164756774902344,2026-07-19T05:46:41.215600,stranded,1,0,125.97513580322266,37.606292724609375,3.5
offshore,2034,126.05878448486328,37.37841033935547,2026-07-19T06:26:37.745385,stranded,1,0,125.86494445800781,37.894466400146484,4.38
offshore,2035,126.17144775390625,37.38990783691406,2026-07-19T06:46:16.273881,stranded,1,0,125.97530364990234,37.60897445678711,2.0
offshore,2036,126.01575469970703,37.49101638793945,2026-07-19T07:15:09.936211,stranded,1,0,125.96782684326172,37.756229400634766,2.38
offshore,2037,126.31085205078125,37.592689514160156,2026-07-19T07:18:47.344028,stranded,1,0,126.24281311035156,37.65230178833008,0.38
offshore,2038,126.35371398925781,37.41297912597656,2026-07-19T09:30:03.524454,stranded,1,0,126.27000427246094,37.329471588134766,0.38
offshore,2039,126.11241912841797,37.28947448730469,2026-07-19T09:48:42.384166,stranded,1,0,126.0860824584961,37.28704071044922,0.25
offshore,2040,126.23777770996094,37.58529281616211,2026-07-19T09:53:58.029694,stranded,1,0,126.12283325195312,37.74565887451172,1.62
offshore,2041,126.0782241821289,37.496055603027344,2026-07-19T10:09:24.832426,stranded,1,0,125.90973663330078,37.77549362182617,2.38
offshore,2042,126.20834350585938,37.44297790527344,2026-07-19T11:17:01.073958,stranded,1,0,125.9957275390625,37.825618743896484,3.75
offshore,2043,126.06392669677734,37.45908737182617,2026-07-19T11:50:57.042547,stranded,1,0,125.90888977050781,37.83704376220703,4.25
offshore,2044,126.18072509765625,37.361690521240234,2026-07-19T12:14:55.078564,stranded,1,0,126.08904266357422,37.27483367919922,0.5
offshore,2045,125.93238830566406,37.26498031616211,2026-07-19T12:50:35.581314,stranded,1,0,125.73611450195312,37.935523986816406,15.88
offshore,2046,126.11474609375,37.180397033691406,2026-07-19T12:52:43.188513,stranded,1,1,126.11474609375,37.180397033691406,0.12
offshore,2047,126.0961685180664,37.588680267333984,2026-07-19T13:03:50.763865,stranded,1,0,125.88327026367188,37.765010833740234,1.75
offshore,2048,125.87105560302734,37.072200775146484,2026-07-19T13:11:53.577365,stranded,1,0,125.92387390136719,37.78510284423828,4.75
offshore,2049,125.94576263427734,37.096221923828125,2026-07-19T13:30:11.569429,stranded,1,0,125.90733337402344,37.184024810791016,0.88
offshore,2050,126.27008056640625,37.47441864013672,2026-07-19T13:50:16.606021,stranded,1,0,126.23614501953125,37.637298583984375,1.5
offshore,2051,126.17024993896484,37.27020263671875,2026-07-19T14:06:11.970297,stranded,1,0,125.92777252197266,37.790611267089844,3.75
offshore,2052,126.05221557617188,37.20685577392578,2026-07-19T15:03:28.172408,stranded,1,0,126.08447265625,37.28071975708008,0.5
offshore,2053,126.07450103759766,37.4327278137207,2026-07-19T16:00:32.801189,stranded,1,0,125.92500305175781,37.784000396728516,2.5
offshore,2054,126.30911254882812,37.558128356933594,2026-07-19T16:18:11.977071,stranded,1,1,126.30911254882812,37.558128356933594,0.12
offshore,2055,126.07610321044922,37.28525161743164,2026-07-19T16:24:01.936622,stranded,1,0,126.07860565185547,37.28525161743164,0.25
offshore,2056,126.15373229980469,37.585323333740234,2026-07-19T16:50:35.383863,stranded,1,0,126.1995849609375,37.658203125,0.38
offshore,2057,126.35028839111328,37.53564453125,2026-07-19T17:51:12.258131,stranded,1,1,126.35028839111328,37.53564453125,0.12
offshore,2058,126.2472152709961,37.60272216796875,2026-07-19T17:59:16.810656,stranded,1,0,126.24297332763672,37.717018127441406,0.5
offshore,2059,126.21714782714844,37.344974517822266,2026-07-19T20:03:54.419796,stranded,1,0,125.97772979736328,37.8331298828125,4.0
offshore,2060,126.37042999267578,37.28352737426758,2026-07-19T20:30:18.287281,stranded,1,0,126.28347778320312,37.262760162353516,0.5
offshore,2061,125.99150848388672,37.68169403076172,2026-07-19T21:23:56.586006,stranded,1,0,125.77568817138672,37.80300521850586,1.88
offshore,2062,125.99647521972656,37.19340133666992,2026-07-19T22:00:24.582892,stranded,1,1,125.99647521972656,37.19340133666992,0.12
offshore,2063,126.06473541259766,37.3894157409668,2026-07-19T22:24:00.999824,stranded,1,0,125.92163848876953,37.783897399902344,4.0
offshore,2064,126.1761474609375,37.431884765625,2026-07-19T22:44:37.729908,stranded,1,0,125.91311645507812,37.77015686035156,3.38
offshore,2065,126.33811950683594,37.59647750854492,2026-07-19T23:05:41.137900,stranded,1,0,126.28937530517578,37.695316314697266,1.12
offshore,2066,126.07361602783203,37.45771026611328,2026-07-20T00:00:10.949133,stranded,1,0,125.96699523925781,37.871368408203125,3.88
offshore,2067,126.14879608154297,37.356937408447266,2026-07-20T00:05:49.137738,stranded,1,0,125.96831512451172,37.8315315246582,4.75
offshore,2068,125.9311294555664,37.24842834472656,2026-07-20T00:28:28.911248,stranded,1,0,125.9559097290039,37.833988189697266,4.12
offshore,2069,125.8724365234375,37.25861740112305,2026-07-20T01:07:43.133888,stranded,1,0,125.92607879638672,37.83329391479492,3.75
offshore,2070,126.020751953125,37.159156799316406,2026-07-20T02:35:05.236823,stranded,1,0,126.01117706298828,37.15531539916992,0.25
offshore,2071,125.91089630126953,37.46015548706055,2026-07-20T03:17:14.902128,stranded,1,0,125.9061508178711,37.77085494995117,2.5
offshore,2072,126.18386840820312,37.35198974609375,2026-07-20T04:16:24.783005,stranded,1,0,126.20405578613281,37.65573501586914,1.0
offshore,2073,126.35169982910156,37.35602951049805,2026-07-20T04:28:25.087743,stranded,1,0,126.36458587646484,37.44072341918945,0.38
offshore,2074,125.93077087402344,37.409732818603516,2026-07-20T04:48:16.978028,stranded,1,0,125.92330169677734,37.78415298461914,2.75
offshore,2075,126.33931732177734,37.54927444458008,2026-07-20T05:51:21.483446,stranded,1,1,126.33931732177734,37.54927444458008,0.12
offshore,2076,126.19766235351562,37.42964172363281,2026-07-20T06:48:18.064004,stranded,1,0,126.20313262939453,37.655670166015625,0.75
offshore,2077,126.44840240478516,37.54896545410156,2026-07-20T07:26:41.354166,stranded,1,0,126.44467163085938,37.594512939453125,0.25
offshore,2078,126.3892822265625,37.607906341552734,2026-07-20T07:31:03.129606,stranded,1,1,126.3892822265625,37.607906341552734,0.12
offshore,2079,126.37670135498047,37.386138916015625,2026-07-20T08:21:23.242386,stranded,1,0,126.38162994384766,37.43445587158203,0.25
offshore,2080,126.3673324584961,37.3412971496582,2026-07-20T09:26:15.497986,stranded,1,0,126.38540649414062,37.43872833251953,0.62
offshore,2081,126.2574462890625,37.65875244140625,2026-07-20T09:40:18.776140,stranded,1,0,126.2039794921875,37.66801071166992,0.5
offshore,2082,126.4406967163086,37.38172912597656,2026-07-20T09:46:26.651564,stranded,1,1,126.4406967163086,37.38172912597656,0.12
offshore,2083,125.93429565429688,37.34866714477539,2026-07-20T10:01:08.754708,stranded,1,0,125.9057388305664,37.82862854003906,3.25
offshore,2084,126.13013458251953,37.65439987182617,2026-07-20T11:03:33.405290,stranded,1,0,126.10482025146484,37.75202941894531,0.62
offshore,2085,126.4111557006836,37.36975860595703,2026-07-20T11:06:40.312980,stranded,1,1,126.4111557006836,37.36975860595703,0.12
offshore,2086,126.03526306152344,37.35579299926758,2026-07-20T11:17:41.138946,stranded,1,0,125.9658432006836,37.83152389526367,3.75
offshore,2087,125.94291687011719,37.48204040527344,2026-07-20T12:50:12.585626,stranded,1,0,125.97857666015625,37.60975646972656,0.75
offshore,2088,126.35685729980469,37.339752197265625,2026-07-20T12:50:45.556521,stranded,1,0,126.4044418334961,37.390987396240234,0.5
offshore,2089,126.01819610595703,37.18833541870117,2026-07-20T13:08:50.627393,stranded,1,0,126.19859313964844,37.65835189819336,3.62
offshore,2090,126.00102996826172,37.47030258178711,2026-07-20T13:11:50.631829,stranded,1,0,125.96480560302734,37.826045989990234,3.5
offshore,2091,126.27176666259766,37.39836502075195,2026-07-20T13:25:02.899518,stranded,1,0,126.31944274902344,37.546730041503906,0.62
offshore,2092,126.02146911621094,37.303993225097656,2026-07-20T14:23:36.045410,stranded,1,0,126.12200164794922,37.74539566040039,3.5
offshore,2093,126.4703140258789,37.61004638671875,2026-07-20T15:12:07.328079,stranded,1,0,126.477783203125,37.61283874511719,0.25
offshore,2094,125.90313720703125,37.15735626220703,2026-07-20T15:19:35.126359,stranded,1,0,125.92350006103516,37.78213119506836,4.75
offshore,2095,126.16472625732422,37.200443267822266,2026-07-20T16:32:36.687788,stranded,1,0,126.1806869506836,37.204627990722656,0.25
offshore,2096,125.9345474243164,37.429447174072266,2026-07-20T17:20:51.112256,stranded,1,0,125.9026107788086,37.83963394165039,4.0
offshore,2097,126.35283660888672,37.14031219482422,2026-07-20T18:01:12.747214,stranded,1,0,126.43311309814453,37.23307800292969,0.38
offshore,2098,126.04859161376953,37.35437774658203,2026-07-20T18:17:00.743418,stranded,1,0,125.9773178100586,37.83665466308594,3.75
offshore,2099,126.498291015625,37.26403045654297,2026-07-20T18:38:44.813212,stranded,1,0,126.50991821289062,37.35622787475586,0.62
offshore,2100,126.19287109375,37.6381950378418,2026-07-20T19:19:36.892961,stranded,1,0,126.19768524169922,37.65715408325195,0.25
offshore,2101,126.29166412353516,37.25505065917969,2026-07-20T21:34:16.823512,stranded,1,1,126.29166412353516,37.25505065917969,0.12
offshore,2102,126.47964477539062,37.482303619384766,2026-07-20T21:50:47.409309,stranded,1,0,126.47920227050781,37.49119186401367,0.25
offshore,2103,126.32260131835938,37.39907455444336,2026-07-20T22:04:22.767058,stranded,1,0,126.36199951171875,37.456756591796875,0.62
offshore,2104,126.4051284790039,37.25416946411133,2026-07-20T23:03:12.762969,stranded,1,0,126.43353271484375,37.368412017822266,0.75
offshore,2105,126.26216888427734,37.15778732299805,2026-07-20T23:14:10.941378,stranded,1,0,126.26033020019531,37.16713333129883,0.25
offshore,2106,126.24032592773438,37.31332778930664,2026-07-20T23:37:44.982964,stranded,1,0,126.28748321533203,37.696495056152344,2.88
offshore,2107,126.2227783203125,37.42448043823242,2026-07-21T00:01:14.843373,stranded,1,0,126.25254821777344,37.62932586669922,2.25
offshore,2108,126.06170654296875,37.212127685546875,2026-07-21T00:03:35.828079,stranded,1,0,126.08906555175781,37.173545837402344,0.62
offshore,2109,126.05276489257812,37.45699691772461,2026-07-21T00:04:47.238411,stranded,1,0,125.96673583984375,37.83182907104492,4.75
offshore,2110,126.42030334472656,37.60004806518555,2026-07-21T00:19:49.162681,stranded,1,0,126.42030334472656,37.60124588012695,0.25
offshore,2111,125.95408630371094,37.52105712890625,2026-07-21T02:00:39.190080,stranded,1,0,125.89859771728516,37.778602600097656,3.38
offshore,2112,126.21139526367188,37.59475326538086,2026-07-21T02:37:21.316030,stranded,1,0,126.24946594238281,37.6298828125,0.62
offshore,2113,126.2199935913086,37.18728256225586,2026-07-21T03:32:15.834201,stranded,1,1,126.2199935913086,37.18728256225586,0.12
offshore,2114,126.23353576660156,37.27246856689453,2026-07-21T03:52:19.125942,stranded,1,0,126.27711486816406,37.705833435058594,2.75
offshore,2115,126.03350830078125,37.315303802490234,2026-07-21T07:07:04.500469,stranded,1,0,125.97251892089844,37.86121368408203,4.5
offshore,2116,126.02808380126953,37.30424880981445,2026-07-21T07:38:38.632301,stranded,1,0,125.8985366821289,37.8423957824707,3.88
offshore,2117,126.13751983642578,37.43339538574219,2026-07-21T08:04:34.200861,stranded,1,0,126.11444091796875,37.7475471496582,1.88
offshore,2118,126.02505493164062,37.302772521972656,2026-07-21T08:49:11.752716,stranded,1,0,125.90570068359375,37.82823181152344,4.0
offshore,2119,126.26416778564453,37.31690216064453,2026-07-21T09:47:51.111077,stranded,1,0,126.26358795166016,37.55136489868164,1.75
offshore,2120,126.14115142822266,37.55503463745117,2026-07-21T10:02:23.508114,stranded,1,0,125.93688201904297,37.792781829833984,3.0
offshore,2121,125.96788787841797,37.29954147338867,2026-07-21T11:24:51.913690,stranded,1,0,125.86475372314453,37.89262390136719,4.88
offshore,2122,126.3857650756836,37.552005767822266,2026-07-21T11:41:59.327335,stranded,1,0,126.37460327148438,37.536903381347656,0.38
offshore,2123,126.04976654052734,37.16974639892578,2026-07-21T11:55:40.762356,stranded,1,0,125.97386169433594,37.60620880126953,3.75
offshore,2124,125.95338439941406,37.55665969848633,2026-07-21T12:06:41.052739,stranded,1,0,125.8949203491211,37.76711654663086,2.12
offshore,2125,126.02893829345703,37.13008117675781,2026-07-21T12:12:06.804654,stranded,1,0,125.8884506225586,37.77019119262695,4.12
offshore,2126,125.93842315673828,37.33539962768555,2026-07-21T12:39:17.226659,stranded,1,0,125.92914581298828,37.83512878417969,4.25
offshore,2127,126.07437133789062,37.475135803222656,2026-07-21T14:08:25.069297,stranded,1,0,126.12210845947266,37.74600601196289,2.62
offshore,2128,126.08487701416016,37.583839416503906,2026-07-21T14:17:25.445530,stranded,1,0,125.96974182128906,37.8327522277832,3.12
offshore,2129,126.02537536621094,37.38673400878906,2026-07-21T14:23:32.859272,stranded,1,0,125.96760559082031,37.6088752746582,2.12
offshore,2130,126.41966247558594,37.1573486328125,2026-07-21T14:47:25.332979,stranded,1,0,126.38973999023438,37.23872756958008,0.62
offshore,2131,125.91522216796875,37.320228576660156,2026-07-21T14:50:50.314225,stranded,1,0,125.85088348388672,37.909889221191406,5.12
offshore,2132,126.06265258789062,37.10182189941406,2026-07-21T15:21:54.505597,stranded,1,0,126.06265258789062,37.09797286987305,0.25
offshore,2133,126.37537384033203,37.38909912109375,2026-07-21T15:49:21.160273,stranded,1,0,126.39078521728516,37.39655303955078,0.38
offshore,2134,125.93677520751953,37.26713562011719,2026-07-21T15:49:45.308820,stranded,1,0,125.93584442138672,37.7921028137207,3.88
offshore,2135,126.0111083984375,37.40449905395508,2026-07-21T15:58:23.531153,stranded,1,0,125.97682189941406,37.831756591796875,3.5
offshore,2136,126.20974731445312,37.108612060546875,2026-07-21T16:09:54.146302,stranded,1,0,126.27400970458984,37.15022659301758,0.38
offshore,2137,126.32070922851562,37.50163269042969,2026-07-21T16:36:33.037039,stranded,1,0,126.33645629882812,37.52988815307617,0.38
offshore,2138,126.2572250366211,37.2379264831543,2026-07-21T16:41:56.618581,stranded,1,0,126.31522369384766,37.55137252807617,1.88
offshore,2139,126.3573989868164,37.54811096191406,2026-07-21T17:21:43.363039,stranded,1,0,126.35733795166016,37.53451919555664,0.25
offshore,2140,126.37069702148438,37.55556106567383,2026-07-21T18:28:15.592065,stranded,1,0,126.38734436035156,37.60731506347656,0.38
offshore,2141,126.18646240234375,37.382442474365234,2026-07-21T18:35:09.080633,stranded,1,0,126.17570495605469,37.6696662902832,1.88
offshore,2142,126.2939453125,37.57081985473633,2026-07-21T18:52:14.854592,stranded,1,0,126.23631286621094,37.65935134887695,0.38
offshore,2143,126.2021713256836,37.593345642089844,2026-07-21T19:32:06.902142,stranded,1,0,126.2037353515625,37.65584945678711,0.38
offshore,2144,125.95401000976562,37.125953674316406,2026-07-21T19:33:44.537881,stranded,1,0,125.98609924316406,37.17890930175781,0.38
offshore,2145,126.2591781616211,37.595062255859375,2026-07-21T20:09:42.186770,stranded,1,0,126.2514419555664,37.63819122314453,0.25
offshore,2146,126.40326690673828,37.43791198730469,2026-07-21T20:24:08.623147,stranded,1,1,126.40326690673828,37.43791198730469,0.12
offshore,2147,126.09777069091797,37.44533920288086,2026-07-21T21:42:34.727888,stranded,1,0,126.09688568115234,37.752506256103516,2.25
offshore,2148,126.27838134765625,37.549861907958984,2026-07-21T21:44:58.144984,stranded,1,0,126.23795318603516,37.63697814941406,0.75
offshore,2149,126.40039825439453,37.57416534423828,2026-07-21T22:30:48.661048,stranded,1,0,126.40006256103516,37.60321807861328,0.62
offshore,2150,126.0339584350586,37.30304718017578,2026-07-21T22:41:54.518568,stranded,1,0,125.936767578125,37.79221725463867,3.38
offshore,2151,125.9464340209961,37.452545166015625,2026-07-21T23:31:52.225133,stranded,1,0,125.90298461914062,37.76978302001953,2.25
offshore,2152,125.87053680419922,37.2852897644043,2026-07-22T00:51:52.208044,stranded,1,0,125.89939880371094,37.770755767822266,3.12
offshore,2153,126.05416107177734,37.38917541503906,2026-07-22T01:03:00.222790,stranded,1,0,126.0867691040039,37.788028717041016,3.0
offshore,2154,126.31393432617188,37.17027282714844,2026-07-22T01:49:58.018150,stranded,1,1,126.31393432617188,37.17027282714844,0.12
offshore,2155,125.99354553222656,37.29875183105469,2026-07-22T02:06:24.875571,stranded,1,0,126.0874252319336,37.756507873535156,3.0
offshore,2156,126.28490447998047,37.3242301940918,2026-07-22T02:08:57.108228,stranded,1,0,126.3684310913086,37.5295295715332,1.62
offshore,2157,126.38758087158203,37.35734558105469,2026-07-22T02:24:10.296908,stranded,1,0,126.40650177001953,37.38913345336914,0.5
offshore,2158,126.17440032958984,37.14570236206055,2026-07-22T02:45:46.130838,stranded,1,0,126.25859832763672,37.62898254394531,2.62
offshore,2159,126.36883544921875,37.535804748535156,2026-07-22T03:01:51.902749,stranded,1,0,126.36666107177734,37.5345458984375,0.25
offshore,2160,126.44271087646484,37.55156707763672,2026-07-22T03:53:20.248691,stranded,1,0,126.45719146728516,37.53963851928711,0.25
offshore,2161,126.21783447265625,37.27845001220703,2026-07-22T03:54:48.771907,stranded,1,0,126.3316650390625,37.5255012512207,1.5
offshore,2162,126.20790100097656,37.108158111572266,2026-07-22T04:25:53.949025,stranded,1,0,126.2787857055664,37.15742492675781,0.38
offshore,2163,125.94185638427734,37.375301361083984,2026-07-22T05:00:55.877099,stranded,1,0,125.98204040527344,37.83432388305664,3.62
offshore,2164,126.34092712402344,37.3803825378418,2026-07-22T05:32:37.196865,stranded,1,0,126.40068817138672,37.4350700378418,0.38
offshore,2165,126.36078643798828,37.30137634277344,2026-07-22T05:47:07.834132,stranded,1,0,126.4269790649414,37.367759704589844,0.38
offshore,2166,126.25311279296875,37.13326644897461,2026-07-22T06:49:59.420723,stranded,1,0,126.27314758300781,37.142486572265625,0.25
offshore,2167,126.0406265258789,37.39339065551758,2026-07-22T07:58:45.435454,stranded,1,0,126.0931167602539,37.75473403930664,2.0
offshore,2168,126.07672119140625,37.16410827636719,2026-07-22T08:15:41.855579,stranded,1,0,126.08873748779297,37.17333221435547,0.25
offshore,2169,126.16036224365234,37.387794494628906,2026-07-22T10:56:52.971042,stranded,1,0,126.20227813720703,37.65678787231445,1.38
offshore,2170,126.26412200927734,37.27363204956055,2026-07-22T11:37:34.409612,stranded,1,0,126.31575775146484,37.551551818847656,1.75
offshore,2171,126.16262817382812,37.259613037109375,2026-07-22T11:59:17.769143,stranded,1,0,126.20011138916016,37.65803909301758,1.88
offshore,2172,126.39399719238281,37.595916748046875,2026-07-22T12:14:26.192320,stranded,1,0,126.39712524414062,37.60428237915039,0.25
offshore,2173,126.27021789550781,37.36573791503906,2026-07-22T12:46:44.955058,stranded,1,0,126.3255844116211,37.54276657104492,1.12
offshore,2174,126.1546859741211,37.193336486816406,2026-07-22T13:36:56.244654,stranded,1,0,126.1380615234375,37.20438766479492,0.5
offshore,2175,126.11819458007812,37.563682556152344,2026-07-22T14:11:59.707155,stranded,1,0,126.16096496582031,37.67148971557617,1.0
offshore,2176,126.33856964111328,37.18407440185547,2026-07-22T16:50:20.421126,stranded,1,0,126.413818359375,37.36729431152344,1.0
offshore,2177,126.35455322265625,37.49338150024414,2026-07-22T16:56:04.053721,stranded,1,0,126.36167907714844,37.47222900390625,0.25
offshore,2178,126.11771392822266,37.25010681152344,2026-07-22T17:05:45.614843,stranded,1,1,126.11771392822266,37.25010681152344,0.12
offshore,2179,126.4290771484375,37.19202423095703,2026-07-22T17:05:48.730881,stranded,1,0,126.45525360107422,37.24034881591797,0.38
offshore,2180,126.1425552368164,37.17144012451172,2026-07-22T17:14:42.817921,stranded,1,0,126.18114471435547,37.19752883911133,0.38
offshore,2181,125.94171142578125,37.49153137207031,2026-07-22T18:30:58.318553,stranded,1,0,125.97307586669922,37.606597900390625,0.75
offshore,2182,126.1396255493164,37.56066131591797,2026-07-22T18:57:39.388446,stranded,1,0,126.18743896484375,37.665740966796875,0.62
offshore,2183,126.11639404296875,37.36159896850586,2026-07-22T19:07:31.383762,stranded,1,0,126.20626068115234,37.657691955566406,1.38
offshore,2184,126.28519439697266,37.58269500732422,2026-07-22T20:55:20.480469,stranded,1,0,126.2931137084961,37.69309997558594,0.62
offshore,2185,126.33390808105469,37.20787048339844,2026-07-22T21:14:28.924912,stranded,1,0,126.3534164428711,37.225711822509766,0.25
offshore,2186,126.35478973388672,37.48423385620117,2026-07-22T23:05:24.289746,stranded,1,0,126.3678207397461,37.52911376953125,0.75
offshore,2187,126.05543518066406,37.33367919921875,2026-07-22T23:21:15.590966,stranded,1,0,126.09245300292969,37.75333786010742,2.5
offshore,2188,126.42041015625,37.54849624633789,2026-07-22T23:48:17.958157,stranded,1,0,126.41091918945312,37.59550476074219,0.38
offshore,2189,125.92664337158203,37.50701904296875,2026-07-22T23:50:14.807798,stranded,1,0,125.90853881835938,37.82914352416992,2.38
offshore,2190,126.3773422241211,37.44054412841797,2026-07-23T00:22:09.699872,stranded,1,1,126.3773422241211,37.44054412841797,0.12
offshore,2191,126.0112075805664,37.386962890625,2026-07-23T01:16:04.383293,stranded,1,0,125.97908782958984,37.609500885009766,1.38
offshore,2192,125.95411682128906,37.550025939941406,2026-07-23T02:29:05.733022,stranded,1,0,125.96626281738281,37.83091735839844,2.25
offshore,2193,126.22498321533203,37.11062240600586,2026-07-23T03:42:14.169214,stranded,1,0,126.27403259277344,37.158905029296875,0.38
offshore,2194,125.94337463378906,37.10286331176758,2026-07-23T04:16:20.034364,stranded,1,0,126.00773620605469,37.15419006347656,0.38
offshore,2195,126.42473602294922,37.396270751953125,2026-07-23T05:15:45.356431,stranded,1,1,126.42473602294922,37.396270751953125,0.12
offshore,2196,126.40949249267578,37.20089340209961,2026-07-23T05:22:59.533697,stranded,1,0,126.44358825683594,37.23656463623047,0.38
offshore,2197,126.03192901611328,37.51112747192383,2026-07-23T05:27:54.571058,stranded,1,0,126.09268951416016,37.752906799316406,1.88
offshore,2198,126.30347442626953,37.30016326904297,2026-07-23T05:35:06.231538,stranded,1,0,126.36058807373047,37.458106994628906,1.0
offshore,2199,125.97562408447266,37.227622985839844,2026-07-23T05:46:05.111606,stranded,1,0,126.034912109375,37.81529235839844,3.75
offshore,2200,126.17625427246094,37.23309326171875,2026-07-23T06:20:40.606083,stranded,1,0,126.2896499633789,37.695186614990234,3.12
offshore,2201,125.9334945678711,37.13861083984375,2026-07-23T07:01:07.270726,stranded,1,0,125.9837417602539,37.1800422668457,0.25
offshore,2202,126.26298522949219,37.586551666259766,2026-07-23T08:45:31.180708,stranded,1,0,126.27638244628906,37.70557403564453,0.5
offshore,2203,126.27664947509766,37.35847473144531,2026-07-23T08:58:05.887354,stranded,1,0,126.34393310546875,37.526580810546875,0.88
offshore,2204,126.43030548095703,37.270103454589844,2026-07-23T09:12:25.810628,stranded,1,0,126.4348373413086,37.270103454589844,0.25
offshore,2205,126.25011444091797,37.30133819580078,2026-07-23T09:24:26.888832,stranded,1,0,126.28038024902344,37.70249557495117,2.0
offshore,2206,126.39887237548828,37.173072814941406,2026-07-23T10:46:07.890102,stranded,1,0,126.41630554199219,37.36631393432617,1.12
offshore,2207,126.28262329101562,37.51840591430664,2026-07-23T11:45:26.782393,stranded,1,0,126.33174896240234,37.66447448730469,1.12
offshore,2208,126.43666076660156,37.59396743774414,2026-07-23T12:33:04.563744,stranded,1,1,126.43666076660156,37.59396743774414,0.12
offshore,2209,125.978515625,37.530826568603516,2026-07-23T13:02:47.200274,stranded,1,0,125.97277069091797,37.832542419433594,3.25
offshore,2210,126.14834594726562,37.454795837402344,2026-07-23T13:23:49.918639,stranded,1,0,126.14327239990234,37.68183898925781,1.25
offshore,2211,125.96353149414062,37.16707229614258,2026-07-23T13:53:16.911591,stranded,1,0,126.18424224853516,37.678077697753906,5.75
offshore,2212,125.9360580444336,37.3703498840332,2026-07-23T14:53:23.388222,stranded,1,0,125.93498992919922,37.79277801513672,4.38
offshore,2213,126.38652038574219,37.16959762573242,2026-07-23T16:00:10.802102,stranded,1,0,126.39734649658203,37.4451789855957,1.62
offshore,2214,126.25216674804688,37.2389030456543,2026-07-23T16:01:08.296808,stranded,1,0,126.2679443359375,37.32860565185547,0.75
offshore,2215,126.4014892578125,37.47612762451172,2026-07-23T16:20:59.032633,stranded,1,0,126.3984375,37.46162796020508,0.25
offshore,2216,126.19320678710938,37.474491119384766,2026-07-23T17:22:18.859912,stranded,1,0,126.24694061279297,37.6309928894043,1.0
offshore,2217,126.2007064819336,37.362300872802734,2026-07-23T18:18:50.248745,stranded,1,0,126.30641174316406,37.68922805786133,2.12
offshore,2218,126.32929229736328,37.562747955322266,2026-07-23T18:32:49.131228,stranded,1,0,126.37633514404297,37.62133026123047,0.75
offshore,2219,126.08478546142578,37.51395797729492,2026-07-23T19:14:32.531063,stranded,1,0,126.11848449707031,37.74685287475586,1.25
offshore,2220,126.23758697509766,37.281436920166016,2026-07-23T20:58:56.484980,stranded,1,0,126.27033996582031,37.32718276977539,0.38
offshore,2221,126.00737762451172,37.42164993286133,2026-07-23T21:17:04.102076,stranded,1,0,126.1312484741211,37.74568176269531,2.0
offshore,2222,125.96235656738281,37.37016677856445,2026-07-23T21:43:14.544194,stranded,1,0,125.89305114746094,37.77360916137695,3.12
offshore,2223,126.08023071289062,37.28273391723633,2026-07-23T21:45:16.973039,stranded,1,1,126.08023071289062,37.28273391723633,0.12
offshore,2224,125.94099426269531,37.3068962097168,2026-07-23T22:26:46.218385,stranded,1,0,125.88615417480469,37.77278137207031,3.62
offshore,2225,126.10482788085938,37.59978485107422,2026-07-23T23:13:07.071346,stranded,1,0,126.12469482421875,37.688053131103516,0.62
offshore,2226,126.16151428222656,37.22011184692383,2026-07-23T23:32:19.386397,stranded,1,1,126.16151428222656,37.22011184692383,0.12
offshore,2227,126.4403076171875,37.59417724609375,2026-07-24T01:18:49.174920,stranded,1,1,126.4403076171875,37.59417724609375,0.12
offshore,2228,126.35629272460938,37.176513671875,2026-07-24T01:29:14.633129,stranded,1,0,126.31742095947266,37.16554641723633,0.38
offshore,2229,126.1454086303711,37.599788665771484,2026-07-24T01:33:37.598653,stranded,1,0,126.16598510742188,37.66741180419922,0.62
offshore,2230,126.35272979736328,37.52839660644531,2026-07-24T01:34:40.588824,stranded,1,1,126.35272979736328,37.52839660644531,0.12
offshore,2231,126.36601257324219,37.41938400268555,2026-07-24T02:26:23.745716,stranded,1,0,126.3659439086914,37.45647048950195,0.62
offshore,2232,126.38399505615234,37.49120330810547,2026-07-24T04:03:44.445944,stranded,1,0,126.4336929321289,37.51694107055664,0.5
offshore,2233,126.12322998046875,37.54046630859375,2026-07-24T04:09:47.887231,stranded,1,0,126.18936157226562,37.663421630859375,1.0
offshore,2234,126.13301086425781,37.490264892578125,2026-07-24T05:58:55.831915,stranded,1,0,126.22296142578125,37.658992767333984,1.5
offshore,2235,125.92034149169922,37.307037353515625,2026-07-24T06:27:57.430611,stranded,1,0,126.10199737548828,37.75267028808594,4.62
offshore,2236,126.34228515625,37.297367095947266,2026-07-24T07:22:44.928283,stranded,1,0,126.40322875976562,37.392276763916016,0.38
offshore,2237,126.3899917602539,37.30192565917969,2026-07-24T07:34:55.302486,stranded,1,0,126.4299545288086,37.36838912963867,0.38
offshore,2238,126.00889587402344,37.2647819519043,2026-07-24T08:22:55.619930,stranded,1,0,126.17338562011719,37.66979217529297,4.12
offshore,2239,126.3763427734375,37.11061477661133,2026-07-24T08:25:39.040322,stranded,1,0,126.3818588256836,37.11125946044922,0.25
offshore,2240,126.11618041992188,37.47019958496094,2026-07-24T08:35:10.383262,stranded,1,0,126.23435974121094,37.716819763183594,2.0
offshore,2241,126.25883483886719,37.351871490478516,2026-07-24T09:42:06.607745,stranded,1,0,126.31034088134766,37.68747329711914,2.0
offshore,2242,126.38472747802734,37.578216552734375,2026-07-24T10:05:39.867359,stranded,1,0,126.40218353271484,37.60087966918945,0.25
offshore,2243,126.15664672851562,37.3217658996582,2026-07-24T10:13:18.605634,stranded,1,0,126.2584457397461,37.62799835205078,2.38
offshore,2244,126.07361602783203,37.567752838134766,2026-07-24T10:38:05.246636,stranded,1,0,126.1341552734375,37.74382400512695,1.88
offshore,2245,126.11788177490234,37.44376754760742,2026-07-24T10:57:14.376817,stranded,1,0,126.16837310791016,37.66685104370117,1.38
offshore,2246,126.42221069335938,37.36215591430664,2026-07-24T11:07:23.783080,stranded,1,0,126.42820739746094,37.36910629272461,0.25
offshore,2247,126.24078369140625,37.23994827270508,2026-07-24T11:11:20.079807,stranded,1,0,126.3157958984375,37.55173110961914,2.88
offshore,2248,126.3895263671875,37.32000732421875,2026-07-24T11:15:51.624763,stranded,1,0,126.4050064086914,37.390472412109375,0.38
offshore,2249,126.37320709228516,37.572689056396484,2026-07-24T11:42:10.449606,stranded,1,0,126.39830780029297,37.60477066040039,0.25
offshore,2250,126.36795043945312,37.44133377075195,2026-07-24T11:51:55.908369,stranded,1,1,126.36795043945312,37.44133377075195,0.12
offshore,2251,126.25541687011719,37.44764709472656,2026-07-24T11:57:47.195763,stranded,1,0,126.3316421508789,37.653175354003906,2.38
offshore,2252,126.25836944580078,37.52341079711914,2026-07-24T12:04:57.223598,stranded,1,0,126.31581115722656,37.68536376953125,1.25
offshore,2253,126.15443420410156,37.4246711730957,2026-07-24T12:07:56.529924,stranded,1,0,126.22503662109375,37.649410247802734,2.38
offshore,2254,126.1502456665039,37.41552734375,2026-07-24T13:02:49.888905,stranded,1,0,126.1331787109375,37.682003021240234,2.88
offshore,2255,126.16510772705078,37.29540252685547,2026-07-24T13:15:37.897323,stranded,1,0,126.23672485351562,37.63713455200195,3.38
offshore,2256,126.46895599365234,37.419410705566406,2026-07-24T13:25:00.352341,stranded,1,0,126.479248046875,37.44527053833008,0.25
offshore,2257,126.25825500488281,37.49761199951172,2026-07-24T14:23:24.434091,stranded,1,0,126.3069076538086,37.68959045410156,1.75
offshore,2258,126.32876586914062,37.593692779541016,2026-07-24T14:49:20.103318,stranded,1,0,126.3441390991211,37.644893646240234,0.75
offshore,2259,126.21047973632812,37.39121627807617,2026-07-24T16:43:02.452083,stranded,1,0,126.32319641113281,37.677947998046875,2.75
offshore,2260,126.08573913574219,37.464351654052734,2026-07-24T16:47:54.594561,stranded,1,0,126.13826751708984,37.68164825439453,2.62
offshore,2261,126.15736389160156,37.29188919067383,2026-07-24T16:53:51.359101,stranded,1,0,126.24598693847656,37.63152313232422,3.25
offshore,2262,125.90991973876953,37.20551300048828,2026-07-24T16:55:31.317857,stranded,1,0,126.25450134277344,37.64686584472656,4.25
offshore,2263,126.40729522705078,37.46741485595703,2026-07-24T17:56:06.604981,stranded,1,0,126.3963394165039,37.464332580566406,0.25
offshore,2264,126.35604858398438,37.10087203979492,2026-07-24T20:45:05.423866,stranded,1,0,126.40098571777344,37.17365264892578,0.38
offshore,2265,126.38833618164062,37.4111213684082,2026-07-24T20:56:46.802851,stranded,1,0,126.41304779052734,37.43326950073242,0.38
offshore,2266,126.11660766601562,37.614620208740234,2026-07-24T21:13:30.218161,stranded,1,0,126.14452362060547,37.683231353759766,0.5
offshore,2267,126.0609359741211,37.25682067871094,2026-07-24T21:26:12.661243,stranded,1,0,126.39415740966797,37.4629020690918,4.75
offshore,2268,126.02254486083984,37.25148391723633,2026-07-24T21:55:42.089702,stranded,1,0,126.36988067626953,37.45416259765625,6.5
offshore,2269,126.01060485839844,37.23124694824219,2026-07-24T22:04:45.709466,stranded,1,0,126.3587417602539,37.459815979003906,5.62
offshore,2270,126.29595947265625,37.6133918762207,2026-07-24T22:44:04.861760,stranded,1,0,126.29198455810547,37.69330596923828,0.5
offshore,2271,126.15787506103516,37.54941177368164,2026-07-24T22:49:03.203288,stranded,1,0,126.20358276367188,37.65611267089844,0.88
offshore,2272,126.17310333251953,37.499210357666016,2026-07-24T22:49:25.502806,stranded,1,0,126.19892883300781,37.65739059448242,1.0
offshore,2273,126.03569030761719,37.58012008666992,2026-07-24T22:54:20.200862,stranded,1,0,126.08783721923828,37.7575798034668,1.75
offshore,2274,126.20352935791016,37.277156829833984,2026-07-24T23:31:55.991305,stranded,1,0,126.2641372680664,37.55384063720703,2.12
offshore,2275,126.31725311279297,37.4796142578125,2026-07-25T00:21:42.947860,stranded,1,0,126.32568359375,37.542579650878906,0.38
offshore,2276,125.98333740234375,37.17257308959961,2026-07-25T00:30:07.499231,stranded,1,0,125.98664855957031,37.179927825927734,0.25
offshore,2277,126.34104919433594,37.528465270996094,2026-07-25T00:48:57.406160,stranded,1,1,126.34104919433594,37.528465270996094,0.12
offshore,2278,126.2269058227539,37.46112823486328,2026-07-25T01:00:38.988939,stranded,1,0,126.26250457763672,37.551513671875,0.75
offshore,2279,126.35145568847656,37.12971496582031,2026-07-25T04:29:20.414193,stranded,1,0,126.41254425048828,37.36930847167969,1.62
offshore,2280,126.1519775390625,37.132137298583984,2026-07-25T05:09:23.844269,stranded,1,0,126.37112426757812,37.46992111206055,3.38
offshore,2281,126.18779754638672,37.31094741821289,2026-07-25T08:39:28.717792,stranded,1,0,126.43106079101562,37.5188102722168,3.12
offshore,2282,126.24772644042969,37.44292449951172,2026-07-25T09:51:16.217341,stranded,1,0,126.32635498046875,37.542137145996094,1.25
offshore,2283,126.3282470703125,37.6036491394043,2026-07-25T10:04:45.346509,stranded,1,0,126.34380340576172,37.644901275634766,0.38
offshore,2284,126.40928649902344,37.24396896362305,2026-07-25T10:56:00.801711,stranded,1,0,126.43553924560547,37.388675689697266,0.5
offshore,2285,126.3974838256836,37.125892639160156,2026-07-25T12:07:00.883124,stranded,1,0,126.39823150634766,37.24275588989258,0.5
offshore,2286,126.33696746826172,37.444366455078125,2026-07-25T12:11:55.968382,stranded,1,0,126.36791229248047,37.529296875,0.38
offshore,2287,125.97822570800781,37.632076263427734,2026-07-25T12:34:56.028781,stranded,1,0,126.08638000488281,37.756099700927734,3.12
offshore,2288,125.91992950439453,37.633636474609375,2026-07-25T13:50:34.320421,stranded,1,0,125.89471435546875,37.76716613769531,1.38
offshore,2289,126.29496002197266,37.419090270996094,2026-07-25T13:55:36.684842,stranded,1,0,126.36298370361328,37.529666900634766,1.25
offshore,2290,125.99812316894531,37.241024017333984,2026-07-25T14:15:55.552844,stranded,1,0,126.40840911865234,37.38369369506836,5.25
offshore,2291,126.33890533447266,37.480491638183594,2026-07-25T14:55:41.602717,stranded,1,0,126.34091186523438,37.526546478271484,0.25
offshore,2292,126.39899444580078,37.363285064697266,2026-07-25T14:56:30.056472,stranded,1,0,126.40257263183594,37.39130783081055,0.25
offshore,2293,126.21031188964844,37.20268249511719,2026-07-25T14:57:23.125593,stranded,1,0,126.4009780883789,37.44120788574219,3.38
offshore,2294,126.41895294189453,37.2709846496582,2026-07-25T15:13:16.698547,stranded,1,0,126.42220306396484,37.366764068603516,0.75
offshore,2295,126.20475006103516,37.18240737915039,2026-07-25T15:50:39.442834,stranded,1,0,126.17433166503906,37.22148895263672,0.75
offshore,2296,125.94939422607422,37.149051666259766,2026-07-25T17:14:09.570424,stranded,1,0,125.96463775634766,37.1788330078125,0.62
offshore,2297,126.33008575439453,37.26518630981445,2026-07-25T19:35:14.595728,stranded,1,0,126.32821655273438,37.25729751586914,0.25
offshore,2298,126.31214141845703,37.17460632324219,2026-07-25T20:16:34.588800,stranded,1,0,126.31214141845703,37.17148208618164,0.25
offshore,2299,126.10477447509766,37.18594741821289,2026-07-25T20:31:27.038249,stranded,1,0,126.10216522216797,37.18389129638672,0.25
offshore,2300,126.3182373046875,37.15330123901367,2026-07-25T22:40:09.347296,stranded,1,1,126.3182373046875,37.15330123901367,0.12
offshore,2301,126.00880432128906,37.4812126159668,2026-07-25T22:49:45.461468,stranded,1,0,126.17835235595703,37.66965866088867,1.88
offshore,2302,126.00072479248047,37.34586715698242,2026-07-25T23:01:40.203479,stranded,1,0,126.36592102050781,37.44038391113281,3.88
offshore,2303,126.23188018798828,37.2822265625,2026-07-25T23:22:21.895191,stranded,1,0,126.35787200927734,37.46626663208008,1.88
offshore,2304,126.12395477294922,37.25966262817383,2026-07-25T23:58:08.350597,stranded,1,0,126.36992645263672,37.44068145751953,3.5
offshore,2305,126.27281951904297,37.48282241821289,2026-07-26T00:01:52.854985,stranded,1,0,126.32095336914062,37.54601287841797,1.38
offshore,2306,126.20645904541016,37.46220397949219,2026-07-26T00:08:26.075494,stranded,1,0,126.40435791015625,37.53384780883789,2.88
offshore,2307,126.32699584960938,37.52418518066406,2026-07-26T00:31:19.222836,stranded,1,1,126.32699584960938,37.52418518066406,0.12
offshore,2308,126.23847961425781,37.346187591552734,2026-07-26T00:44:06.645387,stranded,1,0,126.32732391357422,37.524085998535156,1.75
offshore,2309,126.27217864990234,37.242347717285156,2026-07-26T00:53:13.609635,stranded,1,0,126.36737060546875,37.44139099121094,1.75
offshore,2310,126.06745910644531,37.292991638183594,2026-07-26T01:11:02.065763,stranded,1,0,126.36400604248047,37.456275939941406,3.38
offshore,2311,126.18297576904297,37.28636932373047,2026-07-26T01:26:32.670831,stranded,1,0,126.35770416259766,37.465538024902344,2.38
offshore,2312,126.39583587646484,37.395774841308594,2026-07-26T01:28:56.252657,stranded,1,0,126.40583038330078,37.40732955932617,0.25
offshore,2313,126.03114318847656,37.45454025268555,2026-07-26T01:34:09.291060,stranded,1,0,126.13084411621094,37.68312454223633,1.88
offshore,2314,126.11894989013672,37.370174407958984,2026-07-26T02:36:40.471764,stranded,1,0,126.32603454589844,37.54249572753906,2.25
offshore,2315,126.38355255126953,37.275150299072266,2026-07-26T03:27:40.872399,stranded,1,0,126.40373992919922,37.39091491699219,0.62
offshore,2316,126.06209564208984,37.18873977661133,2026-07-26T04:15:53.930011,stranded,1,0,126.09107208251953,37.24223709106445,0.62
offshore,2317,126.25725555419922,37.231143951416016,2026-07-26T04:53:09.661908,stranded,1,0,126.39646911621094,37.43129348754883,2.62
offshore,2318,126.03656768798828,37.30497360229492,2026-07-26T05:18:18.375172,stranded,1,0,126.2706527709961,37.546756744384766,2.75
offshore,2319,126.191162109375,37.22764587402344,2026-07-26T05:28:39.259626,stranded,1,0,126.17715454101562,37.226932525634766,0.25
offshore,2320,125.890869140625,37.46564483642578,2026-07-26T06:29:10.107775,stranded,1,0,126.2264633178711,37.648685455322266,2.62
offshore,2321,126.20123291015625,37.37351989746094,2026-07-26T07:28:26.520222,stranded,1,0,126.37007904052734,37.454280853271484,2.12
offshore,2322,126.0925064086914,37.37845230102539,2026-07-26T07:45:25.080868,stranded,1,0,126.3343505859375,37.5273323059082,2.62
offshore,2323,126.247314453125,37.42340850830078,2026-07-26T08:11:05.127279,stranded,1,0,126.36700439453125,37.52949523925781,1.62
offshore,2324,126.33139038085938,37.48434829711914,2026-07-26T08:27:48.692988,stranded,1,0,126.36692810058594,37.5297737121582,0.5
offshore,2325,125.94158935546875,37.127567291259766,2026-07-26T08:40:13.732361,stranded,1,0,126.40178680419922,37.43319320678711,5.62
offshore,2326,125.9729995727539,37.12652587890625,2026-07-26T08:48:57.893101,stranded,1,0,126.0113296508789,37.14573287963867,0.38
offshore,2327,126.31710815429688,37.555885314941406,2026-07-26T10:54:33.755361,stranded,1,1,126.31710815429688,37.555885314941406,0.12
offshore,2328,126.2765121459961,37.348106384277344,2026-07-26T11:00:05.569260,stranded,1,0,126.37007141113281,37.45061492919922,1.38
offshore,2329,126.43489837646484,37.265350341796875,2026-07-26T11:03:12.831923,stranded,1,0,126.43708801269531,37.265350341796875,0.25
offshore,2330,126.2386245727539,37.23526382446289,2026-07-26T11:27:39.371991,stranded,1,0,126.39078521728516,37.39625549316406,2.38
offshore,2331,125.96515655517578,37.29300308227539,2026-07-26T14:00:37.203520,stranded,1,0,126.39558410644531,37.44636535644531,4.88
offshore,2332,126.34354400634766,37.157066345214844,2026-07-26T14:06:40.289103,stranded,1,0,126.3290023803711,37.257568359375,0.5
offshore,2333,126.336669921875,37.12407684326172,2026-07-26T14:46:25.767179,stranded,1,0,126.36488342285156,37.20805740356445,0.38
offshore,2334,126.38684844970703,37.28224182128906,2026-07-26T14:47:22.642881,stranded,1,0,126.40299224853516,37.39176559448242,0.38
offshore,2335,126.37859344482422,37.527320861816406,2026-07-26T15:26:33.099243,stranded,1,1,126.37859344482422,37.527320861816406,0.12
offshore,2336,125.96198272705078,37.276695251464844,2026-07-26T17:12:02.590288,stranded,1,0,126.09098815917969,37.247711181640625,3.0
offshore,2337,126.1988754272461,37.45331573486328,2026-07-26T17:16:46.294849,stranded,1,0,126.38497924804688,37.53202438354492,1.75
offshore,2338,126.21410369873047,37.49806213378906,2026-07-26T17:55:37.896974,stranded,1,0,126.34393310546875,37.52676010131836,1.75
offshore,2339,126.44139862060547,37.38551330566406,2026-07-26T18:01:39.014474,stranded,1,0,126.43938446044922,37.40375900268555,0.38
offshore,2340,126.069580078125,37.322574615478516,2026-07-26T18:08:42.376445,stranded,1,0,126.07727813720703,37.28854751586914,3.62
offshore,2341,126.18035888671875,37.26322937011719,2026-07-26T19:30:42.507475,stranded,1,0,126.38660430908203,37.43938064575195,1.62
offshore,2342,125.87786865234375,37.38789367675781,2026-07-26T19:35:04.982050,stranded,1,0,126.37639617919922,37.440406799316406,4.12
offshore,2343,126.2983169555664,37.3571891784668,2026-07-26T20:20:27.731291,stranded,1,0,126.37232971191406,37.439754486083984,1.0
offshore,2344,126.04887390136719,37.34169387817383,2026-07-26T20:44:56.331408,stranded,1,0,126.41337585449219,37.36708450317383,3.0
offshore,2345,126.34369659423828,37.45310974121094,2026-07-26T21:02:36.354773,stranded,1,0,126.37442016601562,37.43961715698242,0.5
offshore,2346,125.92941284179688,37.49277877807617,2026-07-26T21:06:50.812657,stranded,1,0,126.36405944824219,37.455772399902344,4.12
offshore,2347,126.06281280517578,37.39808654785156,2026-07-26T22:47:16.784955,stranded,1,0,126.35973358154297,37.458290100097656,1.88
offshore,2348,126.24823760986328,37.2874641418457,2026-07-26T23:05:40.895905,stranded,1,0,126.40206909179688,37.40141677856445,1.62
offshore,2349,126.11870574951172,37.24745178222656,2026-07-26T23:27:21.334797,stranded,1,1,126.11870574951172,37.24745178222656,0.12
offshore,2350,126.36920928955078,37.604007720947266,2026-07-26T23:50:19.316531,stranded,1,0,126.39449310302734,37.60536575317383,0.38
offshore,2351,125.95103454589844,37.61090087890625,2026-07-27T00:04:11.764720,stranded,1,0,126.1333236694336,37.68241500854492,1.38
offshore,2352,126.2066650390625,37.547149658203125,2026-07-27T01:07:14.213565,stranded,1,0,126.21734619140625,37.62784957885742,0.38
offshore,2353,125.9385986328125,37.34227752685547,2026-07-27T02:02:46.519434,stranded,1,0,126.35711669921875,37.46159362792969,3.88
offshore,2354,125.98213958740234,37.26776123046875,2026-07-27T02:53:51.221671,stranded,1,0,126.36973571777344,37.4494514465332,4.38
offshore,2355,125.93063354492188,37.352115631103516,2026-07-27T02:54:09.727583,stranded,1,0,126.37837982177734,37.43714904785156,3.88
offshore,2356,126.28418731689453,37.46046447753906,2026-07-27T03:02:08.801818,stranded,1,0,126.37850952148438,37.52779769897461,0.75
offshore,2357,126.32101440429688,37.54562759399414,2026-07-27T03:55:53.812816,stranded,1,1,126.32101440429688,37.54562759399414,0.12
offshore,2358,126.17494201660156,37.43861770629883,2026-07-27T05:39:21.416717,stranded,1,0,126.4137954711914,37.43363571166992,2.25
offshore,2359,126.00179290771484,37.59846878051758,2026-07-27T05:50:58.061092,stranded,1,0,125.97722625732422,37.61054611206055,0.38
offshore,2360,126.42813110351562,37.41520690917969,2026-07-27T06:03:08.631293,stranded,1,0,126.6142349243164,37.43783950805664,1.12
offshore,2361,126.33287811279297,37.34991455078125,2026-07-27T07:21:27.191618,stranded,1,0,126.40321350097656,37.39078903198242,0.5
offshore,2362,125.91323852539062,37.23141860961914,2026-07-27T07:29:44.788001,stranded,1,0,126.1146011352539,37.21076965332031,2.5
offshore,2363,126.1810302734375,37.54998779296875,2026-07-27T07:45:31.255106,stranded,1,0,126.2413558959961,37.633949279785156,0.62
offshore,2364,126.24395751953125,37.435997009277344,2026-07-27T09:30:11.979329,stranded,1,0,126.32771301269531,37.54069900512695,0.5
offshore,2365,126.35272216796875,37.33880615234375,2026-07-27T10:59:16.994224,stranded,1,0,126.41136169433594,37.36988067626953,0.38
offshore,2366,126.35100555419922,37.1753044128418,2026-07-27T11:15:54.047556,stranded,1,0,126.43476104736328,37.250389099121094,0.38
offshore,2367,126.42355346679688,37.16714859008789,2026-07-27T11:20:55.657734,stranded,1,0,126.49456024169922,37.25978088378906,0.38
offshore,2368,125.95853424072266,37.151004791259766,2026-07-27T12:18:08.272985,stranded,1,0,126.08719635009766,37.220401763916016,1.38
offshore,2369,126.36558532714844,37.35480880737305,2026-07-27T13:53:35.731354,stranded,1,0,126.40150451660156,37.40134048461914,0.25
offshore,2370,126.12285614013672,37.12113952636719,2026-07-27T14:31:29.179858,stranded,1,0,126.18919372558594,37.205509185791016,0.38
offshore,2371,126.42030334472656,37.60145568847656,2026-07-27T17:00:05.610707,stranded,1,1,126.42030334472656,37.60145568847656,0.12
offshore,2372,126.130615234375,37.42171096801758,2026-07-27T17:00:21.140032,stranded,1,0,126.36824035644531,37.441017150878906,1.88
offshore,2373,126.06710052490234,37.45338439941406,2026-07-27T17:18:57.121250,stranded,1,0,126.40809631347656,37.38542938232422,2.12
offshore,2374,125.9484634399414,37.503292083740234,2026-07-27T17:57:29.508977,stranded,1,0,126.36616516113281,37.45743179321289,2.75
offshore,2375,125.97480773925781,37.28474426269531,2026-07-27T17:57:55.499657,stranded,1,0,126.11601257324219,37.21697998046875,2.12
offshore,2376,126.27247619628906,37.13340759277344,2026-07-27T18:01:20.367632,stranded,1,0,126.1917724609375,36.934913635253906,24.75
offshore,2377,126.29710388183594,37.39070129394531,2026-07-27T19:06:35.417852,stranded,1,0,126.27647399902344,37.314884185791016,0.38
offshore,2378,126.3591537475586,37.459041595458984,2026-07-27T19:20:50.834067,stranded,1,1,126.3591537475586,37.459041595458984,0.12
offshore,2379,126.30644989013672,37.49689865112305,2026-07-27T20:13:53.331902,stranded,1,0,126.3661117553711,37.440914154052734,0.62
offshore,2380,126.08753967285156,37.41659927368164,2026-07-27T20:31:32.502054,stranded,1,0,126.08317565917969,37.28762435913086,2.38
offshore,2381,126.29450225830078,37.3451042175293,2026-07-27T20:44:34.122138,stranded,1,0,126.27104949951172,37.33015441894531,0.25
offshore,2382,125.94575500488281,37.44485855102539,2026-07-27T21:24:04.148959,stranded,1,0,126.38043975830078,37.4350700378418,2.5
offshore,2383,126.21107482910156,37.11225128173828,2026-07-27T21:35:41.514612,stranded,1,0,126.26414489746094,37.16837692260742,0.5
offshore,2384,126.29592895507812,37.26600646972656,2026-07-27T21:45:50.729434,stranded,1,1,126.29592895507812,37.26600646972656,0.12
offshore,2385,126.140869140625,37.52960968017578,2026-07-27T22:19:46.308879,stranded,1,0,126.34156799316406,37.52632522583008,1.0
offshore,2386,126.17436981201172,37.48353958129883,2026-07-27T22:31:12.296323,stranded,1,0,126.40253448486328,37.43378829956055,1.5
offshore,2387,126.32937622070312,37.2580451965332,2026-07-27T22:44:44.009750,stranded,1,1,126.32937622070312,37.2580451965332,0.12
offshore,2388,126.31536102294922,37.26177978515625,2026-07-27T23:31:05.410533,stranded,1,1,126.31536102294922,37.26177978515625,0.12
offshore,2389,126.07308959960938,37.56315231323242,2026-07-27T23:57:46.823840,stranded,1,0,126.3763427734375,37.53544998168945,2.12
offshore,2390,125.94377899169922,37.13774490356445,2026-07-28T00:37:25.326168,stranded,1,0,126.02163696289062,37.1347770690918,0.75
offshore,2391,126.0979995727539,37.33226013183594,2026-07-28T00:38:34.463448,stranded,1,0,126.41657257080078,37.365631103515625,1.75
offshore,2392,126.15762329101562,37.2746696472168,2026-07-28T01:37:32.574603,stranded,1,0,126.07775115966797,37.289459228515625,2.62
offshore,2393,126.15675354003906,37.323699951171875,2026-07-28T01:53:14.497890,stranded,1,0,126.40916442871094,37.37972640991211,1.75
offshore,2394,125.95256805419922,37.421546936035156,2026-07-28T02:12:06.851091,stranded,1,0,126.37654876708984,37.44060134887695,2.88
offshore,2395,126.4585952758789,37.22320556640625,2026-07-28T03:29:14.623838,stranded,1,1,126.4585952758789,37.22320556640625,0.12
offshore,2396,126.31483459472656,37.160377502441406,2026-07-28T04:46:25.266649,stranded,1,1,126.31483459472656,37.160377502441406,0.12
offshore,2397,126.27867126464844,37.41339111328125,2026-07-28T06:11:30.830102,stranded,1,0,126.3651351928711,37.45650100708008,0.75
offshore,2398,126.3014144897461,37.61344909667969,2026-07-28T06:36:08.536731,stranded,1,0,126.30962371826172,37.558956146240234,0.38
offshore,2399,125.97917175292969,37.33800506591797,2026-07-28T08:14:18.784981,stranded,1,0,126.08839416503906,37.274505615234375,1.5
offshore,2400,126.26966094970703,37.41166305541992,2026-07-28T08:47:52.605245,stranded,1,0,126.38716888427734,37.43886947631836,0.62
offshore,2401,125.99879455566406,37.10367965698242,2026-07-28T08:52:25.052033,stranded,1,0,125.96752166748047,37.05946731567383,0.25
offshore,2402,126.07445526123047,37.312862396240234,2026-07-28T09:03:17.248189,stranded,1,0,126.0909194946289,37.245662689208984,0.5
offshore,2403,126.23561096191406,37.45429611206055,2026-07-28T10:15:39.237022,stranded,1,0,126.36560821533203,37.47296142578125,0.62
offshore,2404,126.27619934082031,37.481048583984375,2026-07-28T10:23:48.238812,stranded,1,0,126.37088775634766,37.528804779052734,0.5
offshore,2405,126.0844955444336,37.4549446105957,2026-07-28T10:32:10.386497,stranded,1,0,126.36205291748047,37.47298812866211,1.12
offshore,2406,125.92687225341797,37.53232955932617,2026-07-28T12:13:23.035182,stranded,1,0,126.26978302001953,37.54740524291992,3.0
offshore,2407,126.44525146484375,37.3036994934082,2026-07-28T13:13:38.242058,stranded,1,0,126.69474792480469,37.34662628173828,1.88
offshore,2408,126.37393188476562,37.49717330932617,2026-07-28T14:17:28.098455,stranded,1,0,126.42137908935547,37.52444076538086,0.25
offshore,2409,126.16737365722656,37.47237014770508,2026-07-28T14:52:23.434879,stranded,1,0,126.40187072753906,37.4365119934082,1.25
offshore,2410,126.44232940673828,37.37043380737305,2026-07-28T16:04:34.568034,stranded,1,1,126.44232940673828,37.37043380737305,0.12
offshore,2411,126.37689208984375,37.352787017822266,2026-07-28T17:34:26.747946,stranded,1,0,126.44283294677734,37.37032699584961,0.75
offshore,2412,125.9702377319336,37.55466842651367,2026-07-28T18:15:44.395274,stranded,1,0,126.25228881835938,37.63566589355469,3.38
offshore,2413,125.89500427246094,37.33644104003906,2026-07-28T19:18:35.507185,stranded,1,0,126.27560424804688,37.54370880126953,4.25
offshore,2414,126.15906524658203,37.35958480834961,2026-07-28T19:52:41.838922,stranded,1,0,126.08293914794922,37.28825378417969,0.38
offshore,2415,125.99671173095703,37.54353713989258,2026-07-28T19:56:59.928108,stranded,1,0,126.27220916748047,37.54867172241211,2.88
offshore,2416,126.12979888916016,37.25667190551758,2026-07-28T20:14:43.536282,stranded,1,0,126.11882019042969,37.25118637084961,0.25
offshore,2417,126.10379028320312,37.51931381225586,2026-07-28T20:15:23.562053,stranded,1,0,126.36573791503906,37.44078826904297,2.12
offshore,2418,126.16329956054688,37.23307418823242,2026-07-28T21:52:30.313355,stranded,1,1,126.16329956054688,37.23307418823242,0.12
offshore,2419,126.2425537109375,37.1866340637207,2026-07-28T21:54:53.657084,stranded,1,1,126.2425537109375,37.1866340637207,0.12
offshore,2420,126.22212982177734,37.45035171508789,2026-07-28T22:27:11.438678,stranded,1,0,126.37935638427734,37.437095642089844,1.0
offshore,2421,126.23762512207031,37.18722915649414,2026-07-28T22:34:46.995959,stranded,1,1,126.23762512207031,37.18722915649414,0.12
offshore,2422,126.012451171875,37.153236389160156,2026-07-28T23:17:59.288963,stranded,1,1,126.012451171875,37.153236389160156,0.12
offshore,2423,126.38228607177734,37.37933349609375,2026-07-29T00:10:05.718740,stranded,1,0,126.44253540039062,37.37074661254883,0.38
offshore,2424,125.94752502441406,37.49513244628906,2026-07-29T00:55:15.044954,stranded,1,0,126.21119689941406,37.665225982666016,3.5
offshore,2425,125.94056701660156,37.479042053222656,2026-07-29T02:41:31.902251,stranded,1,0,126.23905944824219,37.635215759277344,2.88
offshore,2426,126.39479064941406,37.18291091918945,2026-07-29T03:13:22.360794,stranded,1,0,126.44647216796875,37.23558807373047,0.25
offshore,2427,125.98103332519531,37.36661911010742,2026-07-29T04:27:10.887512,stranded,1,0,126.25067138671875,37.65224075317383,4.0
offshore,2428,126.39020538330078,37.155582427978516,2026-07-29T04:50:11.882728,stranded,1,0,126.3799057006836,37.11445617675781,0.5
offshore,2429,126.07421112060547,37.349952697753906,2026-07-29T04:59:32.712147,stranded,1,0,126.08796691894531,37.27717590332031,0.62
offshore,2430,126.39566802978516,37.27473449707031,2026-07-29T05:20:31.270799,stranded,1,0,126.54701232910156,37.283451080322266,0.88
offshore,2431,126.00511932373047,37.58004379272461,2026-07-29T05:37:08.937444,stranded,1,0,126.22633361816406,37.65866470336914,3.75
offshore,2432,126.28894805908203,37.41695022583008,2026-07-29T05:38:44.072332,stranded,1,0,126.37503814697266,37.44021987915039,0.75
offshore,2433,126.43508911132812,37.51700210571289,2026-07-29T07:01:59.494356,stranded,1,1,126.43508911132812,37.51700210571289,0.12
offshore,2434,126.25389099121094,37.4296989440918,2026-07-29T07:14:16.718513,stranded,1,0,126.37664031982422,37.44052505493164,0.62
offshore,2435,125.92124938964844,37.15102005004883,2026-07-29T07:25:47.872301,stranded,1,0,125.94576263427734,37.07280349731445,0.5
offshore,2436,126.13633728027344,37.342491149902344,2026-07-29T09:00:46.191966,stranded,1,0,126.09251403808594,37.281944274902344,0.38
offshore,2437,126.10672760009766,37.606971740722656,2026-07-29T09:09:00.109976,stranded,1,0,126.23389434814453,37.63823318481445,1.12
offshore,2438,126.32586669921875,37.169281005859375,2026-07-29T09:26:55.565351,stranded,1,0,126.32170867919922,37.163414001464844,0.25
offshore,2439,126.21455383300781,37.40775680541992,2026-07-29T10:03:16.398599,stranded,1,0,126.40715026855469,37.388214111328125,1.38
offshore,2440,126.17268371582031,37.16785430908203,2026-07-29T11:09:19.989636,stranded,1,0,126.25797271728516,37.169437408447266,0.38
offshore,2441,126.13642883300781,37.08304977416992,2026-07-29T12:29:33.278821,stranded,1,0,126.2195053100586,37.18844223022461,0.5
offshore,2442,126.02958679199219,37.48537826538086,2026-07-29T12:44:14.693609,stranded,1,0,126.26359558105469,37.625816345214844,2.38
offshore,2443,126.0874252319336,37.53269958496094,2026-07-29T14:11:37.712557,stranded,1,0,126.21916198730469,37.63010025024414,1.0
offshore,2444,126.36495208740234,37.16862487792969,2026-07-29T15:35:30.554177,stranded,1,0,126.30310821533203,37.173500061035156,0.5
offshore,2445,126.20342254638672,37.35252380371094,2026-07-29T15:43:27.875120,stranded,1,0,126.4044418334961,37.43397521972656,2.75
offshore,2446,126.18058776855469,37.20027542114258,2026-07-29T15:52:24.258849,stranded,1,1,126.18058776855469,37.20027542114258,0.12
offshore,2447,126.3797836303711,37.4359130859375,2026-07-29T17:07:22.194047,stranded,1,1,126.3797836303711,37.4359130859375,0.12
offshore,2448,126.25515747070312,37.209327697753906,2026-07-29T17:27:32.904024,stranded,1,0,126.22512817382812,37.18367004394531,0.5
offshore,2449,126.35006713867188,37.568870544433594,2026-07-29T18:03:57.021988,stranded,1,0,126.35580444335938,37.53404235839844,0.62
offshore,2450,126.37427520751953,37.439552307128906,2026-07-29T18:23:07.420553,stranded,1,1,126.37427520751953,37.439552307128906,0.12
offshore,2451,126.2726821899414,37.485443115234375,2026-07-29T18:56:11.174694,stranded,1,0,126.3604965209961,37.4576416015625,1.25
offshore,2452,126.0859603881836,37.630393981933594,2026-07-29T19:28:32.664794,stranded,1,0,126.13358306884766,37.682369232177734,1.25
offshore,2453,126.43531799316406,37.249813079833984,2026-07-29T19:55:25.097016,stranded,1,1,126.43531799316406,37.249813079833984,0.12
offshore,2454,126.3673095703125,37.16794967651367,2026-07-29T22:07:54.632288,stranded,1,0,126.34849548339844,37.150123596191406,0.25
offshore,2455,126.24446868896484,37.38071060180664,2026-07-29T22:29:04.740353,stranded,1,0,126.26840209960938,37.32988739013672,0.25
offshore,2456,126.42813873291016,37.288368225097656,2026-07-29T23:38:38.094707,stranded,1,0,126.5677261352539,37.28132247924805,0.62
offshore,2457,126.42676544189453,37.39606475830078,2026-07-30T00:04:50.644280,stranded,1,1,126.42676544189453,37.39606475830078,0.12
offshore,2458,125.9361801147461,37.13639831542969,2026-07-30T01:35:14.102276,stranded,1,0,126.0085678100586,37.15583038330078,0.62
offshore,2459,126.40240478515625,37.11396789550781,2026-07-30T02:39:33.297924,stranded,1,0,126.44535827636719,37.05835723876953,0.5
offshore,2460,126.12117004394531,37.56581497192383,2026-07-30T03:14:41.591908,stranded,1,0,126.25255584716797,37.6290168762207,0.88
offshore,2461,126.43470764160156,37.26478958129883,2026-07-30T03:41:59.202741,stranded,1,1,126.43470764160156,37.26478958129883,0.12
offshore,2462,126.060302734375,37.39539337158203,2026-07-30T03:42:37.149673,stranded,1,0,126.25928497314453,37.62794494628906,2.75
offshore,2463,126.06160736083984,37.225616455078125,2026-07-30T03:53:35.177240,stranded,1,0,126.09378051757812,37.27605056762695,0.25
offshore,2464,126.23661041259766,37.540733337402344,2026-07-30T03:59:29.709025,stranded,1,0,126.32642364501953,37.54255294799805,0.75
offshore,2465,126.15580749511719,37.29161071777344,2026-07-30T05:17:41.654894,stranded,1,0,126.08702087402344,37.28628921508789,0.5
offshore,2466,126.35301971435547,37.22206497192383,2026-07-30T05:31:37.328614,stranded,1,0,126.44729614257812,37.239097595214844,0.75
offshore,2467,125.92459106445312,37.29094696044922,2026-07-30T05:56:57.541557,stranded,1,0,126.23686218261719,37.637393951416016,4.38
offshore,2468,126.12287902832031,37.42078399658203,2026-07-30T06:08:06.468964,stranded,1,0,126.3704605102539,37.529029846191406,1.75
offshore,2469,126.40302276611328,37.434593200683594,2026-07-30T06:25:39.269007,stranded,1,1,126.40302276611328,37.434593200683594,0.12
offshore,2470,125.9594955444336,37.13423538208008,2026-07-30T06:47:34.014802,stranded,1,0,126.09415435791016,37.16814041137695,2.12
offshore,2471,125.92545318603516,37.624629974365234,2026-07-30T07:02:49.177979,stranded,1,0,126.15525817871094,37.74455261230469,2.25
offshore,2472,126.42606353759766,37.324623107910156,2026-07-30T08:02:29.042651,stranded,1,0,126.39353942871094,37.24436950683594,0.38
offshore,2473,126.16085052490234,37.18138122558594,2026-07-30T08:23:24.980606,stranded,1,0,126.07975769042969,37.1083984375,0.38
offshore,2474,126.41532135009766,37.322689056396484,2026-07-30T08:54:40.441162,stranded,1,0,126.38330078125,37.20573425292969,0.38
offshore,2475,126.14867401123047,37.45705032348633,2026-07-30T09:36:51.476149,stranded,1,0,126.36920166015625,37.4537353515625,1.5
offshore,2476,126.16193389892578,37.33547592163086,2026-07-30T10:01:11.189991,stranded,1,0,126.36466979980469,37.44063186645508,1.5
offshore,2477,126.340087890625,37.45820236206055,2026-07-30T10:43:27.695110,stranded,1,0,126.3918228149414,37.445613861083984,0.5
offshore,2478,126.09583282470703,37.3027229309082,2026-07-30T11:27:39.937077,stranded,1,0,126.0853500366211,37.288002014160156,0.25
offshore,2479,126.14588928222656,37.39133834838867,2026-07-30T11:44:08.912440,stranded,1,0,126.38236236572266,37.43832778930664,1.5
offshore,2480,126.02835845947266,37.46127700805664,2026-07-30T11:50:17.031705,stranded,1,0,126.3414077758789,37.52619934082031,2.0
offshore,2481,126.3178939819336,37.340789794921875,2026-07-30T12:49:09.251487,stranded,1,0,126.39603424072266,37.446922302246094,0.38
offshore,2482,126.22745513916016,37.111942291259766,2026-07-30T12:58:59.983929,stranded,1,0,126.27488708496094,37.140621185302734,0.25
offshore,2483,126.05916595458984,37.49539566040039,2026-07-30T13:16:12.968981,stranded,1,0,126.24466705322266,37.65227508544922,1.62
offshore,2484,126.0338134765625,37.443115234375,2026-07-30T13:42:26.697379,stranded,1,0,126.1872329711914,37.666603088378906,1.5
offshore,2485,126.37137603759766,37.587684631347656,2026-07-30T14:45:33.381737,stranded,1,0,126.40570068359375,37.598514556884766,0.25
offshore,2486,126.2642822265625,37.37372970581055,2026-07-30T15:24:55.081983,stranded,1,0,126.3797378540039,37.43614196777344,0.88
offshore,2487,126.09440612792969,37.39115905761719,2026-07-30T16:33:30.152841,stranded,1,0,126.24921417236328,37.630531311035156,1.38
offshore,2488,126.12613677978516,37.1613883972168,2026-07-30T16:51:57.946839,stranded,1,0,126.13838958740234,37.19662094116211,0.25
offshore,2489,125.98040771484375,37.573341369628906,2026-07-30T17:10:36.317829,stranded,1,0,126.12615203857422,37.68992233276367,2.0
offshore,2490,126.29344940185547,37.47916030883789,2026-07-30T17:26:56.706937,stranded,1,0,126.36196899414062,37.45718765258789,0.75
offshore,2491,126.26826477050781,37.1655158996582,2026-07-30T17:55:49.803675,stranded,1,1,126.26826477050781,37.1655158996582,0.12
offshore,2492,126.14984130859375,37.31575393676758,2026-07-30T18:35:36.185009,stranded,1,0,126.08659362792969,37.28675842285156,0.38
offshore,2493,126.18598175048828,37.64377212524414,2026-07-30T19:35:42.136864,stranded,1,0,126.24728393554688,37.630191802978516,0.62
offshore,2494,126.3745346069336,37.24332046508789,2026-07-30T20:18:42.025017,stranded,1,0,126.3137435913086,37.17009353637695,0.38
offshore,2495,126.05435180664062,37.35929489135742,2026-07-30T20:36:07.750068,stranded,1,0,125.77519989013672,37.81302261352539,19.0
offshore,2496,126.08992004394531,37.26302719116211,2026-07-30T20:49:00.955066,stranded,1,0,126.18204498291016,37.19419479370117,0.62
offshore,2497,125.86698913574219,37.44496536254883,2026-07-30T21:36:25.490103,stranded,1,0,126.2183837890625,37.628334045410156,2.12
offshore,2498,126.28117370605469,37.23234939575195,2026-07-30T21:49:31.761046,stranded,1,0,126.43798828125,37.243289947509766,0.88
offshore,2499,126.11708068847656,37.13523864746094,2026-07-30T23:19:37.847311,stranded,1,0,126.0915756225586,37.09804153442383,0.25
