{"type": "FeatureCollection", "features": [{"type": "Feature", "geometry": {"type": "Point", "coordinates": [-156.66193930356113, 21.00401373634135]}, "properties": {"item_id": "2796_11758_5655_1", "stop_id": "S001", "cls": "pet_bottle", "cls_raw": "PET_Bottle", "x": 743035.8405858767, "y": 2324369.9219615473, "r95_m": 3.0, "n_views": 1, "area_m2": 0.2732613725960934, "length_m": 0.6497045898438307, "h_p90_m": 0.0, "volume_m3": 0.016395682355765603, "valid_3d": false, "buried_suspect": false, "weight_est_kg": 0.5410575177402649, "weight_lo_kg": 0.4508812647835541, "weight_hi_kg": 0.9017625295671082, "weight_method": "2d:area×thick_range×rho", "crew": "1인", "tools": [], "weight_kg": null, "image": "maui_2796_11758_5655.jpg"}}, {"type": "Feature", "geometry": {"type": "Point", "coordinates": [-156.66193508190372, 21.00405371892204]}, "properties": {"item_id": "2796_11758_5655_2", "stop_id": "S001", "cls": "eps_fragment", "cls_raw": "Styrofoam_Piece", "x": 743036.2148001542, "y": 2324374.3561276784, "r95_m": 3.0, "n_views": 1, "area_m2": 0.27616114057756375, "length_m": 0.596143798828199, "h_p90_m": 0.0, "volume_m3": 0.008284834217326911, "valid_3d": false, "buried_suspect": false, "weight_est_kg": 0.16569668434653823, "weight_lo_kg": 0.1104644562310255, "weight_hi_kg": 0.5523222811551275, "weight_method": "2d:area×thick_range×rho", "crew": "1인", "tools": [], "weight_kg": null, "image": "maui_2796_11758_5655.jpg"}}, {"type": "Feature", "geometry": {"type": "Point", "coordinates": [-157.30419046843937, 21.09567474232209]}, "properties": {"item_id": "10084_4591_8727_4", "stop_id": "S002", "cls": "net", "cls_raw": "Net", "x": 676150.1021466935, "y": 2333674.7293477175, "r95_m": 3.0, "n_views": 1, "area_m2": 0.1170984484821849, "length_m": 0.4396813964844296, "h_p90_m": 0.0, "volume_m3": 0.014051813817862188, "valid_3d": false, "buried_suspect": false, "weight_est_kg": 2.107772072679328, "weight_lo_kg": 0.8782383636163869, "weight_hi_kg": 5.26943018169832, "weight_method": "2d:area×thick_range×rho", "crew": "1인", "tools": ["절단기"], "weight_kg": null, "image": "molokai_10084_4591_8727.jpg"}}, {"type": "Feature", "geometry": {"type": "Point", "coordinates": [-157.2998776984749, 21.09400181857246]}, "properties": {"item_id": "10295_12458_2868_5", "stop_id": "S003", "cls": "net", "cls_raw": "Net", "x": 676600.1622804274, "y": 2333494.3002696605, "r95_m": 3.0, "n_views": 1, "area_m2": 0.21557618976836793, "length_m": 0.4651873779297453, "h_p90_m": 0.0, "volume_m3": 0.02586914277220415, "valid_3d": false, "buried_suspect": false, "weight_est_kg": 3.880371415830622, "weight_lo_kg": 1.6168214232627593, "weight_hi_kg": 9.700928539576557, "weight_method": "2d:area×thick_range×rho", "crew": "1인", "tools": ["절단기"], "weight_kg": null, "image": "molokai_10295_12458_2868.jpg"}}, {"type": "Feature", "geometry": {"type": "Point", "coordinates": [-157.29988992899098, 21.093941985031503]}, "properties": {"item_id": "10295_12458_2868_6", "stop_id": "S003", "cls": "eps_buoy", "cls_raw": "Styrofoam_Buoy", "x": 676598.9623191436, "y": 2333487.662504964, "r95_m": 3.0, "n_views": 1, "area_m2": 0.6956784351145714, "length_m": 1.231069335937653, "h_p90_m": 0.0, "volume_m3": 0.24348745229009996, "valid_3d": false, "buried_suspect": false, "weight_est_kg": 6.087186307252499, "weight_lo_kg": 2.608794131679643, "weight_hi_kg": 6.956784351145714, "weight_method": "2d:area×thick_range×rho", "crew": "1인", "tools": [], "weight_kg": null, "image": "molokai_10295_12458_2868.jpg"}}, {"type": "Feature", "geometry": {"type": "Point", "coordinates": [-157.29977862991097, 21.09394854015467]}, "properties": {"item_id": "10295_12458_2868_7", "stop_id": "S003", "cls": "net", "cls_raw": "Net", "x": 676610.51829202, "y": 2333488.5117556374, "r95_m": 3.0, "n_views": 1, "area_m2": 0.29683310194022877, "length_m": 0.5722460937500711, "h_p90_m": 0.0, "volume_m3": 0.03561997223282745, "valid_3d": false, "buried_suspect": false, "weight_est_kg": 5.342995834924118, "weight_lo_kg": 2.226248264551716, "weight_hi_kg": 13.357489587310294, "weight_method": "2d:area×thick_range×rho", "crew": "1인", "tools": ["절단기"], "weight_kg": null, "image": "molokai_10295_12458_2868.jpg"}}, {"type": "Feature", "geometry": {"type": "Point", "coordinates": [-157.29980828409592, 21.09399999376929]}, "properties": {"item_id": "10295_12458_2868_8", "stop_id": "S003", "cls": "net", "cls_raw": "Net", "x": 676607.3764345712, "y": 2333494.1752879256, "r95_m": 3.0, "n_views": 1, "area_m2": 0.23422880735999205, "length_m": 0.6220385742188272, "h_p90_m": 0.0, "volume_m3": 0.028107456883199045, "valid_3d": false, "buried_suspect": false, "weight_est_kg": 4.2161185324798565, "weight_lo_kg": 1.7567160551999406, "weight_hi_kg": 10.540296331199642, "weight_method": "2d:area×thick_range×rho", "crew": "1인", "tools": ["절단기"], "weight_kg": null, "image": "molokai_10295_12458_2868.jpg"}}, {"type": "Feature", "geometry": {"type": "Point", "coordinates": [-157.29388883616733, 21.09414361332861]}, "properties": {"item_id": "10297_13299_1531_20", "stop_id": "S004", "cls": "eps_buoy", "cls_raw": "Styrofoam_Buoy", "x": 677222.2238676058, "y": 2333516.657055514, "r95_m": 3.0, "n_views": 1, "area_m2": 1.497826421380415, "length_m": 1.2299072265626527, "h_p90_m": 0.0, "volume_m3": 0.5242392474831452, "valid_3d": false, "buried_suspect": false, "weight_est_kg": 13.10598118707863, "weight_lo_kg": 5.616849080176556, "weight_hi_kg": 14.978264213804152, "weight_method": "2d:area×thick_range×rho", "crew": "1인", "tools": [], "weight_kg": null, "image": "molokai_10297_13299_1531.jpg"}}, {"type": "Feature", "geometry": {"type": "Point", "coordinates": [-157.29587325823445, 21.093524268633587]}, "properties": {"item_id": "10297_3281_5202_24", "stop_id": "S005", "cls": "net", "cls_raw": "Net", "x": 677016.7809216909, "y": 2333445.8801488164, "r95_m": 3.0, "n_views": 1, "area_m2": 0.2142012369707759, "length_m": 0.49261016845709243, "h_p90_m": 0.0, "volume_m3": 0.025704148436493105, "valid_3d": false, "buried_suspect": false, "weight_est_kg": 3.855622265473966, "weight_lo_kg": 1.6065092772808192, "weight_hi_kg": 9.639055663684916, "weight_method": "2d:area×thick_range×rho", "crew": "1인", "tools": ["절단기"], "weight_kg": null, "image": "molokai_10297_3281_5202.jpg"}}, {"type": "Feature", "geometry": {"type": "Point", "coordinates": [-157.2958355730462, 21.09352773070057]}, "properties": {"item_id": "10297_3281_5202_25", "stop_id": "S005", "cls": "net", "cls_raw": "Net", "x": 677020.6922414688, "y": 2333446.305360096, "r95_m": 3.0, "n_views": 1, "area_m2": 0.2254756450415218, "length_m": 0.4811450195313098, "h_p90_m": 0.0, "volume_m3": 0.027057077404982612, "valid_3d": false, "buried_suspect": false, "weight_est_kg": 4.058561610747391, "weight_lo_kg": 1.6910673378114136, "weight_hi_kg": 10.146404026868481, "weight_method": "2d:area×thick_range×rho", "crew": "1인", "tools": ["절단기"], "weight_kg": null, "image": "molokai_10297_3281_5202.jpg"}}, {"type": "Feature", "geometry": {"type": "Point", "coordinates": [-157.29580474381282, 21.093511772759285]}, "properties": {"item_id": "10297_3281_5202_26", "stop_id": "S005", "cls": "rope", "cls_raw": "Rope", "x": 677023.9142612985, "y": 2333444.5729463305, "r95_m": 3.0, "n_views": 1, "area_m2": 1.307918016219464, "length_m": 1.432736816406428, "h_p90_m": 0.0, "volume_m3": 0.03923754048658391, "valid_3d": false, "buried_suspect": false, "weight_est_kg": 15.695016194633565, "weight_lo_kg": 10.463344129755711, "weight_hi_kg": 26.158360324389278, "weight_method": "2d:area×thick_range×rho", "crew": "2인", "tools": ["절단기"], "weight_kg": null, "image": "molokai_10297_3281_5202.jpg"}}, {"type": "Feature", "geometry": {"type": "Point", "coordinates": [-157.29584487301233, 21.09353174292331]}, "properties": {"item_id": "10297_3281_5202_27", "stop_id": "S005", "cls": "net", "cls_raw": "Net", "x": 677019.7212353719, "y": 2333446.739209081, "r95_m": 3.0, "n_views": 1, "area_m2": 0.2782481294841266, "length_m": 0.5809216308594471, "h_p90_m": 0.0, "volume_m3": 0.03338977553809519, "valid_3d": false, "buried_suspect": false, "weight_est_kg": 5.0084663307142785, "weight_lo_kg": 2.0868609711309496, "weight_hi_kg": 12.521165826785696, "weight_method": "2d:area×thick_range×rho", "crew": "1인", "tools": ["절단기"], "weight_kg": null, "image": "molokai_10297_3281_5202.jpg"}}, {"type": "Feature", "geometry": {"type": "Point", "coordinates": [-157.29581378317883, 21.09350224128311]}, "properties": {"item_id": "10297_3281_5202_28", "stop_id": "S005", "cls": "rope", "cls_raw": "Rope", "x": 677022.9863863135, "y": 2333443.5076555423, "r95_m": 3.0, "n_views": 1, "area_m2": 0.4842450723381053, "length_m": 0.7274389648438404, "h_p90_m": 0.0, "volume_m3": 0.014527352170143159, "valid_3d": false, "buried_suspect": false, "weight_est_kg": 5.810940868057264, "weight_lo_kg": 3.873960578704843, "weight_hi_kg": 9.684901446762106, "weight_method": "2d:area×thick_range×rho", "crew": "1인", "tools": ["절단기"], "weight_kg": null, "image": "molokai_10297_3281_5202.jpg"}}, {"type": "Feature", "geometry": {"type": "Point", "coordinates": [-157.29587727419212, 21.093532277639966]}, "properties": {"item_id": "10297_3281_5202_29", "stop_id": "S005", "cls": "net", "cls_raw": "Net", "x": 677016.3541768993, "y": 2333446.76236217, "r95_m": 3.0, "n_views": 1, "area_m2": 0.23251708709379848, "length_m": 0.5002127075195933, "h_p90_m": 0.0, "volume_m3": 0.027902050451255815, "valid_3d": false, "buried_suspect": false, "weight_est_kg": 4.185307567688373, "weight_lo_kg": 1.7438781532034886, "weight_hi_kg": 10.463268919220932, "weight_method": "2d:area×thick_range×rho", "crew": "1인", "tools": ["절단기"], "weight_kg": null, "image": "molokai_10297_3281_5202.jpg"}}, {"type": "Feature", "geometry": {"type": "Point", "coordinates": [-157.29586941724193, 21.093521514312258]}, "properties": {"item_id": "10297_3281_5202_30", "stop_id": "S005", "cls": "rope", "cls_raw": "Rope", "x": 677017.1832589734, "y": 2333445.5794895627, "r95_m": 3.0, "n_views": 1, "area_m2": 0.8125910824762814, "length_m": 0.9630493164063696, "h_p90_m": 0.0, "volume_m3": 0.02437773247428844, "valid_3d": false, "buried_suspect": false, "weight_est_kg": 9.751092989715376, "weight_lo_kg": 6.500728659810251, "weight_hi_kg": 16.25182164952563, "weight_method": "2d:area×thick_range×rho", "crew": "1인", "tools": ["절단기"], "weight_kg": null, "image": "molokai_10297_3281_5202.jpg"}}, {"type": "Feature", "geometry": {"type": "Point", "coordinates": [-157.14720315220796, 21.092672282736793]}, "properties": {"item_id": "10348_10449_1323_38", "stop_id": "S006", "cls": "plastic_other", "cls_raw": "Plastic_ETC", "x": 692464.8954751305, "y": 2333524.1663043164, "r95_m": 3.0, "n_views": 1, "area_m2": 0.22725664924984856, "length_m": 0.5330419921875662, "h_p90_m": 0.0, "volume_m3": 0.006817699477495456, "valid_3d": false, "buried_suspect": false, "weight_est_kg": 0.5454159581996365, "weight_lo_kg": 0.36361063879975775, "weight_hi_kg": 1.8180531939987887, "weight_method": "2d:area×thick_range×rho", "crew": "1인", "tools": [], "weight_kg": null, "image": "molokai_10348_10449_1323.jpg"}}, {"type": "Feature", "geometry": {"type": "Point", "coordinates": [-157.1472063582673, 21.092631346930922]}, "properties": {"item_id": "10348_10449_1323_39", "stop_id": "S006", "cls": "plastic_other", "cls_raw": "Plastic_ETC", "x": 692464.6151125013, "y": 2333519.6301313224, "r95_m": 3.0, "n_views": 1, "area_m2": 1.6744405082468379, "length_m": 1.963427734375244, "h_p90_m": 0.0, "volume_m3": 0.050233215247405136, "valid_3d": false, "buried_suspect": false, "weight_est_kg": 4.018657219792411, "weight_lo_kg": 2.679104813194941, "weight_hi_kg": 13.395524065974705, "weight_method": "2d:area×thick_range×rho", "crew": "1인", "tools": [], "weight_kg": null, "image": "molokai_10348_10449_1323.jpg"}}, {"type": "Feature", "geometry": {"type": "Point", "coordinates": [-157.27742292210652, 21.091378714318417]}, "properties": {"item_id": "10513_9033_1058_42", "stop_id": "S007", "cls": "plastic_other", "cls_raw": "Plastic_ETC", "x": 678936.3156115068, "y": 2333228.979833725, "r95_m": 3.0, "n_views": 1, "area_m2": 7.541034111456956, "length_m": 3.46177001953168, "h_p90_m": 0.0, "volume_m3": 0.22623102334370868, "valid_3d": false, "buried_suspect": false, "weight_est_kg": 18.098481867496695, "weight_lo_kg": 12.06565457833113, "weight_hi_kg": 60.32827289165566, "weight_method": "2d:area×thick_range×rho", "crew": "장비", "tools": [], "weight_kg": null, "image": "molokai_10513_9033_1058.jpg"}}, {"type": "Feature", "geometry": {"type": "Point", "coordinates": [-157.2774726644802, 21.091377043966265]}, "properties": {"item_id": "10513_9033_1058_43", "stop_id": "S007", "cls": "net", "cls_raw": "Net", "x": 678931.1493574961, "y": 2333228.7389755216, "r95_m": 3.0, "n_views": 1, "area_m2": 0.2686513436139297, "length_m": 0.548990173339912, "h_p90_m": 0.0, "volume_m3": 0.03223816123367157, "valid_3d": false, "buried_suspect": false, "weight_est_kg": 4.8357241850507355, "weight_lo_kg": 2.014885077104473, "weight_hi_kg": 12.089310462626836, "weight_method": "2d:area×thick_range×rho", "crew": "1인", "tools": ["절단기"], "weight_kg": null, "image": "molokai_10513_9033_1058.jpg"}}, {"type": "Feature", "geometry": {"type": "Point", "coordinates": [-157.1945076892198, 21.210166845820623]}, "properties": {"item_id": "1091_12326_13745_50", "stop_id": "S008", "cls": "net", "cls_raw": "Net", "x": 687401.8006201999, "y": 2346476.1631784257, "r95_m": 3.0, "n_views": 1, "area_m2": 0.24907521167403687, "length_m": 0.5202270507813146, "h_p90_m": 0.0, "volume_m3": 0.029889025400884423, "valid_3d": false, "buried_suspect": false, "weight_est_kg": 4.483353810132663, "weight_lo_kg": 1.8680640875552768, "weight_hi_kg": 11.208384525331658, "weight_method": "2d:area×thick_range×rho", "crew": "1인", "tools": ["절단기"], "weight_kg": null, "image": "molokai_1091_12326_13745.jpg"}}, {"type": "Feature", "geometry": {"type": "Point", "coordinates": [-157.19450131742497, 21.21016250770531]}, "properties": {"item_id": "1091_12326_13745_51", "stop_id": "S008", "cls": "plastic_buoy", "cls_raw": "Plastic_Buoy", "x": 687402.4676235376, "y": 2346475.6904225703, "r95_m": 3.0, "n_views": 1, "area_m2": 0.21327570524220998, "length_m": 0.46304687500005753, "h_p90_m": 0.0, "volume_m3": 0.063982711572663, "valid_3d": false, "buried_suspect": false, "weight_est_kg": 3.83896269435978, "weight_lo_kg": 1.91948134717989, "weight_hi_kg": 5.11861692581304, "weight_method": "2d:area×thick_range×rho", "crew": "1인", "tools": [], "weight_kg": null, "image": "molokai_1091_12326_13745.jpg"}}, {"type": "Feature", "geometry": {"type": "Point", "coordinates": [-157.19450255049574, 21.210199896612938]}, "properties": {"item_id": "1091_12326_13745_52", "stop_id": "S008", "cls": "net", "cls_raw": "Net", "x": 687402.2923952276, "y": 2346479.8285253993, "r95_m": 3.0, "n_views": 1, "area_m2": 0.17147034140233486, "length_m": 0.47685302734380924, "h_p90_m": 0.0, "volume_m3": 0.020576440968280183, "valid_3d": false, "buried_suspect": false, "weight_est_kg": 3.0864661452420274, "weight_lo_kg": 1.2860275605175115, "weight_hi_kg": 7.716165363105069, "weight_method": "2d:area×thick_range×rho", "crew": "1인", "tools": ["절단기"], "weight_kg": null, "image": "molokai_1091_12326_13745.jpg"}}, {"type": "Feature", "geometry": {"type": "Point", "coordinates": [-157.19445220519341, 21.210189278772123]}, "properties": {"item_id": "1091_12326_13745_53", "stop_id": "S008", "cls": "plastic_buoy", "cls_raw": "Plastic_Buoy", "x": 687407.5326980278, "y": 2346478.7125680796, "r95_m": 3.0, "n_views": 1, "area_m2": 0.1916681638956546, "length_m": 0.4501757812500559, "h_p90_m": 0.0, "volume_m3": 0.05750044916869638, "valid_3d": false, "buried_suspect": false, "weight_est_kg": 3.450026950121783, "weight_lo_kg": 1.7250134750608914, "weight_hi_kg": 4.600035933495711, "weight_method": "2d:area×thick_range×rho", "crew": "1인", "tools": [], "weight_kg": null, "image": "molokai_1091_12326_13745.jpg"}}, {"type": "Feature", "geometry": {"type": "Point", "coordinates": [-157.1944854126992, 21.210161341780864]}, "properties": {"item_id": "1091_12326_13745_54", "stop_id": "S008", "cls": "net", "cls_raw": "Net", "x": 687404.120339396, "y": 2346475.5801674128, "r95_m": 3.0, "n_views": 1, "area_m2": 0.38374753059009314, "length_m": 0.6367150878907041, "h_p90_m": 0.0, "volume_m3": 0.046049703670811175, "valid_3d": false, "buried_suspect": false, "weight_est_kg": 6.907455550621676, "weight_lo_kg": 2.8781064794256985, "weight_hi_kg": 17.268638876554192, "weight_method": "2d:area×thick_range×rho", "crew": "1인", "tools": ["절단기"], "weight_kg": null, "image": "molokai_1091_12326_13745.jpg"}}, {"type": "Feature", "geometry": {"type": "Point", "coordinates": [-157.19433516973405, 21.210172910903783]}, "properties": {"item_id": "1091_12936_13816_60", "stop_id": "S009", "cls": "net", "cls_raw": "Net", "x": 687419.7040974998, "y": 2346477.038959243, "r95_m": 3.0, "n_views": 1, "area_m2": 0.19935348889832682, "length_m": 0.46556884765630785, "h_p90_m": 0.0, "volume_m3": 0.02392241866779922, "valid_3d": false, "buried_suspect": false, "weight_est_kg": 3.588362800169883, "weight_lo_kg": 1.4951511667374513, "weight_hi_kg": 8.970907000424706, "weight_method": "2d:area×thick_range×rho", "crew": "1인", "tools": ["절단기"], "weight_kg": null, "image": "molokai_1091_12936_13816.jpg"}}, {"type": "Feature", "geometry": {"type": "Point", "coordinates": [-157.19439794507497, 21.210182357791147]}, "properties": {"item_id": "1091_12936_13816_61", "stop_id": "S009", "cls": "net", "cls_raw": "Net", "x": 687413.1747733875, "y": 2346478.010550684, "r95_m": 3.0, "n_views": 1, "area_m2": 0.1675252805054604, "length_m": 0.47222045898443366, "h_p90_m": 0.0, "volume_m3": 0.020103033660655245, "valid_3d": false, "buried_suspect": false, "weight_est_kg": 3.0154550490982865, "weight_lo_kg": 1.2564396037909529, "weight_hi_kg": 7.538637622745718, "weight_method": "2d:area×thick_range×rho", "crew": "1인", "tools": ["절단기"], "weight_kg": null, "image": "molokai_1091_12936_13816.jpg"}}, {"type": "Feature", "geometry": {"type": "Point", "coordinates": [-157.19436419789787, 21.210140431334537]}, "properties": {"item_id": "1091_12936_13816_62", "stop_id": "S009", "cls": "pet_bottle", "cls_raw": "PET_Bottle", "x": 687416.7313800872, "y": 2346473.408567118, "r95_m": 3.0, "n_views": 1, "area_m2": 0.25692575283652963, "length_m": 0.8111547851563508, "h_p90_m": 0.0, "volume_m3": 0.015415545170191777, "valid_3d": false, "buried_suspect": false, "weight_est_kg": 0.5087129906163286, "weight_lo_kg": 0.4239274921802739, "weight_hi_kg": 0.8478549843605478, "weight_method": "2d:area×thick_range×rho", "crew": "1인", "tools": [], "weight_kg": null, "image": "molokai_1091_12936_13816.jpg"}}, {"type": "Feature", "geometry": {"type": "Point", "coordinates": [-157.19442668681907, 21.21015244279417]}, "properties": {"item_id": "1091_12936_13816_63", "stop_id": "S009", "cls": "net", "cls_raw": "Net", "x": 687410.228552873, "y": 2346474.664439024, "r95_m": 3.0, "n_views": 1, "area_m2": 0.17260911621902703, "length_m": 0.44603302001958667, "h_p90_m": 0.0, "volume_m3": 0.02071309394628324, "valid_3d": false, "buried_suspect": false, "weight_est_kg": 3.106964091942486, "weight_lo_kg": 1.2945683716427028, "weight_hi_kg": 7.767410229856216, "weight_method": "2d:area×thick_range×rho", "crew": "1인", "tools": ["절단기"], "weight_kg": null, "image": "molokai_1091_12936_13816.jpg"}}, {"type": "Feature", "geometry": {"type": "Point", "coordinates": [-157.19438424633861, 21.210148840998464]}, "properties": {"item_id": "1091_12936_13816_64", "stop_id": "S009", "cls": "plastic_other", "cls_raw": "Plastic_ETC", "x": 687414.6393123126, "y": 2346474.315914758, "r95_m": 3.0, "n_views": 1, "area_m2": 0.3616612373710577, "length_m": 0.6347924804688289, "h_p90_m": 0.0, "volume_m3": 0.01084983712113173, "valid_3d": false, "buried_suspect": false, "weight_est_kg": 0.8679869696905385, "weight_lo_kg": 0.5786579797936924, "weight_hi_kg": 2.8932898989684617, "weight_method": "2d:area×thick_range×rho", "crew": "1인", "tools": [], "weight_kg": null, "image": "molokai_1091_12936_13816.jpg"}}, {"type": "Feature", "geometry": {"type": "Point", "coordinates": [-157.19435786846086, 21.210006406454614]}, "properties": {"item_id": "1091_12948_14472_72", "stop_id": "S009", "cls": "eps_buoy", "cls_raw": "Styrofoam_Buoy", "x": 687417.5577498885, "y": 2346458.577317724, "r95_m": 3.0, "n_views": 1, "area_m2": 1.09657868703631, "length_m": 1.1127758789063882, "h_p90_m": 0.0, "volume_m3": 0.38380254046270845, "valid_3d": false, "buried_suspect": false, "weight_est_kg": 9.59506351156771, "weight_lo_kg": 4.112170076386161, "weight_hi_kg": 10.965786870363099, "weight_method": "2d:area×thick_range×rho", "crew": "1인", "tools": [], "weight_kg": null, "image": "molokai_1091_12948_14472.jpg"}}, {"type": "Feature", "geometry": {"type": "Point", "coordinates": [-157.19435897175885, 21.21003919561094]}, "properties": {"item_id": "1091_12948_14472_73", "stop_id": "S009", "cls": "plastic_buoy", "cls_raw": "Plastic_Buoy", "x": 687417.4017995395, "y": 2346462.2063066578, "r95_m": 3.0, "n_views": 1, "area_m2": 0.1857917821974024, "length_m": 0.45988037109380714, "h_p90_m": 0.0, "volume_m3": 0.05573753465922072, "valid_3d": false, "buried_suspect": false, "weight_est_kg": 3.344252079553243, "weight_lo_kg": 1.6721260397766216, "weight_hi_kg": 4.459002772737657, "weight_method": "2d:area×thick_range×rho", "crew": "1인", "tools": [], "weight_kg": null, "image": "molokai_1091_12948_14472.jpg"}}, {"type": "Feature", "geometry": {"type": "Point", "coordinates": [-157.1944315236342, 21.21008435933712]}, "properties": {"item_id": "1091_12948_14472_74", "stop_id": "S009", "cls": "net", "cls_raw": "Net", "x": 687409.812359972, "y": 2346467.1207608706, "r95_m": 3.0, "n_views": 1, "area_m2": 0.23586964293929089, "length_m": 0.5176074218750643, "h_p90_m": 0.0, "volume_m3": 0.028304357152714905, "valid_3d": false, "buried_suspect": false, "weight_est_kg": 4.245653572907236, "weight_lo_kg": 1.769022322044682, "weight_hi_kg": 10.61413393226809, "weight_method": "2d:area×thick_range×rho", "crew": "1인", "tools": ["절단기"], "weight_kg": null, "image": "molokai_1091_12948_14472.jpg"}}, {"type": "Feature", "geometry": {"type": "Point", "coordinates": [-157.19439927118086, 21.20999436016309]}, "properties": {"item_id": "1091_12948_14472_75", "stop_id": "S009", "cls": "eps_buoy", "cls_raw": "Styrofoam_Buoy", "x": 687413.2744868093, "y": 2346457.1945714196, "r95_m": 3.0, "n_views": 1, "area_m2": 0.6063633592443185, "length_m": 1.3113397216798504, "h_p90_m": 0.0, "volume_m3": 0.21222717573551148, "valid_3d": false, "buried_suspect": false, "weight_est_kg": 5.305679393387787, "weight_lo_kg": 2.2738625971661945, "weight_hi_kg": 6.0636335924431854, "weight_method": "2d:area×thick_range×rho", "crew": "1인", "tools": [], "weight_kg": null, "image": "molokai_1091_12948_14472.jpg"}}, {"type": "Feature", "geometry": {"type": "Point", "coordinates": [-157.19438363473648, 21.210043656473143]}, "properties": {"item_id": "1091_12948_14472_76", "stop_id": "S009", "cls": "plastic_buoy", "cls_raw": "Plastic_Buoy", "x": 687414.835630698, "y": 2346462.670993363, "r95_m": 3.0, "n_views": 1, "area_m2": 0.11102454714330809, "length_m": 0.3380511474609795, "h_p90_m": 0.0, "volume_m3": 0.03330736414299242, "valid_3d": false, "buried_suspect": false, "weight_est_kg": 1.9984418485795454, "weight_lo_kg": 0.9992209242897727, "weight_hi_kg": 2.6645891314393944, "weight_method": "2d:area×thick_range×rho", "crew": "1인", "tools": [], "weight_kg": null, "image": "molokai_1091_12948_14472.jpg"}}, {"type": "Feature", "geometry": {"type": "Point", "coordinates": [-157.19440909802512, 21.21007071425725]}, "properties": {"item_id": "1091_12948_14472_77", "stop_id": "S009", "cls": "rope", "cls_raw": "Rope", "x": 687412.1578392154, "y": 2346465.63658126, "r95_m": 3.0, "n_views": 1, "area_m2": 0.7662358191279736, "length_m": 1.002894897461062, "h_p90_m": 0.0, "volume_m3": 0.022987074573839205, "valid_3d": false, "buried_suspect": false, "weight_est_kg": 9.194829829535681, "weight_lo_kg": 6.129886553023789, "weight_hi_kg": 15.324716382559473, "weight_method": "2d:area×thick_range×rho", "crew": "1인", "tools": ["절단기"], "weight_kg": null, "image": "molokai_1091_12948_14472.jpg"}}, {"type": "Feature", "geometry": {"type": "Point", "coordinates": [-157.19437569427043, 21.210041525845398]}, "properties": {"item_id": "1091_12948_14472_78", "stop_id": "S009", "cls": "eps_fragment", "cls_raw": "Styrofoam_Piece", "x": 687415.662708536, "y": 2346462.4445003853, "r95_m": 3.0, "n_views": 1, "area_m2": 0.1611154322997136, "length_m": 0.4178344726563019, "h_p90_m": 0.0, "volume_m3": 0.004833462968991407, "valid_3d": false, "buried_suspect": false, "weight_est_kg": 0.09666925937982815, "weight_lo_kg": 0.06444617291988544, "weight_hi_kg": 0.3222308645994272, "weight_method": "2d:area×thick_range×rho", "crew": "1인", "tools": [], "weight_kg": null, "image": "molokai_1091_12948_14472.jpg"}}, {"type": "Feature", "geometry": {"type": "Point", "coordinates": [-156.78884185778898, 21.075944755158257]}, "properties": {"item_id": "11312_13466_9852_87", "stop_id": "S010", "cls": "eps_fragment", "cls_raw": "Styrofoam_Piece", "x": 729729.164626451, "y": 2332147.31614184, "r95_m": 3.0, "n_views": 1, "area_m2": 0.16994861705977965, "length_m": 0.4853118896484978, "h_p90_m": 0.0, "volume_m3": 0.005098458511793389, "valid_3d": false, "buried_suspect": false, "weight_est_kg": 0.10196917023586778, "weight_lo_kg": 0.06797944682391187, "weight_hi_kg": 0.33989723411955935, "weight_method": "2d:area×thick_range×rho", "crew": "1인", "tools": [], "weight_kg": null, "image": "molokai_11312_13466_9852.jpg"}}, {"type": "Feature", "geometry": {"type": "Point", "coordinates": [-156.78887891901243, 21.07600121389498]}, "properties": {"item_id": "11312_13466_9852_88", "stop_id": "S010", "cls": "eps_fragment", "cls_raw": "Styrofoam_Piece", "x": 729725.2259020526, "y": 2332153.514632151, "r95_m": 3.0, "n_views": 1, "area_m2": 0.26068447488254826, "length_m": 0.5689489746094457, "h_p90_m": 0.0, "volume_m3": 0.007820534246476447, "valid_3d": false, "buried_suspect": false, "weight_est_kg": 0.15641068492952895, "weight_lo_kg": 0.10427378995301931, "weight_hi_kg": 0.5213689497650965, "weight_method": "2d:area×thick_range×rho", "crew": "1인", "tools": [], "weight_kg": null, "image": "molokai_11312_13466_9852.jpg"}}, {"type": "Feature", "geometry": {"type": "Point", "coordinates": [-156.78884191241966, 21.075944593869867]}, "properties": {"item_id": "11312_13482_10243_90", "stop_id": "S010", "cls": "eps_fragment", "cls_raw": "Styrofoam_Piece", "x": 729729.1591964585, "y": 2332147.2982026883, "r95_m": 3.0, "n_views": 1, "area_m2": 0.1806124672383519, "length_m": 0.4691552734375583, "h_p90_m": 0.0, "volume_m3": 0.005418374017150556, "valid_3d": false, "buried_suspect": false, "weight_est_kg": 0.10836748034301112, "weight_lo_kg": 0.07224498689534076, "weight_hi_kg": 0.3612249344767038, "weight_method": "2d:area×thick_range×rho", "crew": "1인", "tools": [], "weight_kg": null, "image": "molokai_11312_13482_10243.jpg"}}, {"type": "Feature", "geometry": {"type": "Point", "coordinates": [-156.788842975055, 21.07593453868106]}, "properties": {"item_id": "11312_13482_10243_91", "stop_id": "S010", "cls": "plastic_other", "cls_raw": "Plastic_ETC", "x": 729729.0642129106, "y": 2332146.1832051603, "r95_m": 3.0, "n_views": 1, "area_m2": 0.16584351145033188, "length_m": 0.48885620117193573, "h_p90_m": 0.0, "volume_m3": 0.004975305343509956, "valid_3d": false, "buried_suspect": false, "weight_est_kg": 0.39802442748079647, "weight_lo_kg": 0.26534961832053106, "weight_hi_kg": 1.326748091602655, "weight_method": "2d:area×thick_range×rho", "crew": "1인", "tools": [], "weight_kg": null, "image": "molokai_11312_13482_10243.jpg"}}, {"type": "Feature", "geometry": {"type": "Point", "coordinates": [-156.99054856401753, 21.07705914633245]}, "properties": {"item_id": "11453_234_3172_96", "stop_id": "S011", "cls": "eps_buoy", "cls_raw": "Styrofoam_Buoy", "x": 708764.4715982688, "y": 2331992.9241052195, "r95_m": 3.0, "n_views": 1, "area_m2": 1.3350812325404549, "length_m": 1.2056371307374545, "h_p90_m": 0.0, "volume_m3": 0.46727843138915914, "valid_3d": false, "buried_suspect": false, "weight_est_kg": 11.681960784728979, "weight_lo_kg": 5.006554622026706, "weight_hi_kg": 13.350812325404549, "weight_method": "2d:area×thick_range×rho", "crew": "1인", "tools": [], "weight_kg": null, "image": "molokai_11453_234_3172.jpg"}}, {"type": "Feature", "geometry": {"type": "Point", "coordinates": [-156.99060237999026, 21.076957348037098]}, "properties": {"item_id": "11453_234_3172_97", "stop_id": "S011", "cls": "pet_bottle", "cls_raw": "PET_Bottle", "x": 708759.0210951932, "y": 2331981.5819669273, "r95_m": 3.0, "n_views": 1, "area_m2": 0.40109079934368563, "length_m": 0.88516113281261, "h_p90_m": 0.0, "volume_m3": 0.02406544796062114, "valid_3d": false, "buried_suspect": false, "weight_est_kg": 0.7941597827004976, "weight_lo_kg": 0.6617998189170814, "weight_hi_kg": 1.3235996378341628, "weight_method": "2d:area×thick_range×rho", "crew": "1인", "tools": [], "weight_kg": null, "image": "molokai_11453_234_3172.jpg"}}, {"type": "Feature", "geometry": {"type": "Point", "coordinates": [-156.99058881381, 21.077063031728603]}, "properties": {"item_id": "11453_234_3172_98", "stop_id": "S011", "cls": "pet_bottle", "cls_raw": "PET_Bottle", "x": 708760.2832879166, "y": 2331993.301535781, "r95_m": 3.0, "n_views": 1, "area_m2": 0.13565399299192818, "length_m": 0.47410461425787137, "h_p90_m": 0.0, "volume_m3": 0.00813923957951569, "valid_3d": false, "buried_suspect": false, "weight_est_kg": 0.26859490612401776, "weight_lo_kg": 0.2238290884366815, "weight_hi_kg": 0.447658176873363, "weight_method": "2d:area×thick_range×rho", "crew": "1인", "tools": [], "weight_kg": null, "image": "molokai_11453_234_3172.jpg"}}, {"type": "Feature", "geometry": {"type": "Point", "coordinates": [-156.9905922152113, 21.077010984358022]}, "properties": {"item_id": "11453_234_3172_99", "stop_id": "S011", "cls": "plastic_buoy", "cls_raw": "Plastic_Buoy", "x": 708760.0025175676, "y": 2331987.5341534517, "r95_m": 3.0, "n_views": 1, "area_m2": 0.22387547990685303, "length_m": 0.4871020507813105, "h_p90_m": 0.0, "volume_m3": 0.0671626439720559, "valid_3d": false, "buried_suspect": false, "weight_est_kg": 4.029758638323354, "weight_lo_kg": 2.014879319161677, "weight_hi_kg": 5.373011517764473, "weight_method": "2d:area×thick_range×rho", "crew": "1인", "tools": [], "weight_kg": null, "image": "molokai_11453_234_3172.jpg"}}, {"type": "Feature", "geometry": {"type": "Point", "coordinates": [-156.98150839687048, 21.07350054185234]}, "properties": {"item_id": "11666_2647_6989_111", "stop_id": "S012", "cls": "plastic_other", "cls_raw": "Plastic_ETC", "x": 709708.9492412483, "y": 2331610.7785234577, "r95_m": 3.0, "n_views": 1, "area_m2": 0.5568855435610842, "length_m": 0.9072192382813334, "h_p90_m": 0.0, "volume_m3": 0.016706566306832527, "valid_3d": false, "buried_suspect": false, "weight_est_kg": 1.3365253045466021, "weight_lo_kg": 0.8910168696977349, "weight_hi_kg": 4.455084348488674, "weight_method": "2d:area×thick_range×rho", "crew": "1인", "tools": [], "weight_kg": null, "image": "molokai_11666_2647_6989.jpg"}}, {"type": "Feature", "geometry": {"type": "Point", "coordinates": [-156.98151126686795, 21.073500534872853]}, "properties": {"item_id": "11666_2647_6989_112", "stop_id": "S012", "cls": "plastic_other", "cls_raw": "Plastic_ETC", "x": 709708.6509837321, "y": 2331610.7739708447, "r95_m": 3.0, "n_views": 1, "area_m2": 0.15920405948761052, "length_m": 0.4308740234375396, "h_p90_m": 0.0, "volume_m3": 0.004776121784628315, "valid_3d": false, "buried_suspect": false, "weight_est_kg": 0.3820897427702652, "weight_lo_kg": 0.25472649518017687, "weight_hi_kg": 1.2736324759008841, "weight_method": "2d:area×thick_range×rho", "crew": "1인", "tools": [], "weight_kg": null, "image": "molokai_11666_2647_6989.jpg"}}, {"type": "Feature", "geometry": {"type": "Point", "coordinates": [-156.94517430735277, 21.063172305714044]}, "properties": {"item_id": "12518_12495_1444_114", "stop_id": "S013", "cls": "eps_fragment", "cls_raw": "Styrofoam_Piece", "x": 713499.7870726226, "y": 2330515.449913619, "r95_m": 3.0, "n_views": 1, "area_m2": 0.1750891665472153, "length_m": 0.5866622161865963, "h_p90_m": 0.0, "volume_m3": 0.005252674996416459, "valid_3d": false, "buried_suspect": false, "weight_est_kg": 0.10505349992832917, "weight_lo_kg": 0.07003566661888612, "weight_hi_kg": 0.3501783330944306, "weight_method": "2d:area×thick_range×rho", "crew": "1인", "tools": [], "weight_kg": null, "image": "molokai_12518_12495_1444.jpg"}}, {"type": "Feature", "geometry": {"type": "Point", "coordinates": [-156.83594690688275, 21.05434497245597]}, "properties": {"item_id": "12976_10500_13118_117", "stop_id": "S014", "cls": "plastic_other", "cls_raw": "Plastic_ETC", "x": 724865.8959664128, "y": 2329688.2649000534, "r95_m": 3.0, "n_views": 1, "area_m2": 0.6932174437345796, "length_m": 1.054577636718881, "h_p90_m": 0.0, "volume_m3": 0.020796523312037386, "valid_3d": false, "buried_suspect": false, "weight_est_kg": 1.6637218649629908, "weight_lo_kg": 1.1091479099753274, "weight_hi_kg": 5.545739549876637, "weight_method": "2d:area×thick_range×rho", "crew": "1인", "tools": [], "weight_kg": null, "image": "molokai_12976_10500_13118.jpg"}}, {"type": "Feature", "geometry": {"type": "Point", "coordinates": [-157.19435742038922, 21.20996968366674]}, "properties": {"item_id": "1301_8368_-104_118", "stop_id": "S009", "cls": "plastic_buoy", "cls_raw": "Plastic_Buoy", "x": 687417.6506411361, "y": 2346454.5120356525, "r95_m": 3.0, "n_views": 1, "area_m2": 0.21764263608226123, "length_m": 0.48449340820305803, "h_p90_m": 0.0, "volume_m3": 0.06529279082467837, "valid_3d": false, "buried_suspect": false, "weight_est_kg": 3.9175674494807025, "weight_lo_kg": 1.9587837247403512, "weight_hi_kg": 5.22342326597427, "weight_method": "2d:area×thick_range×rho", "crew": "1인", "tools": [], "weight_kg": null, "image": "molokai_1301_8368_-104.jpg"}}, {"type": "Feature", "geometry": {"type": "Point", "coordinates": [-157.19428007795338, 21.20993467404314]}, "properties": {"item_id": "1301_8368_-104_119", "stop_id": "S009", "cls": "net", "cls_raw": "Net", "x": 687425.724627485, "y": 2346450.727482394, "r95_m": 3.0, "n_views": 1, "area_m2": 0.19858713671559564, "length_m": 0.4863891601561828, "h_p90_m": 0.0, "volume_m3": 0.023830456405871475, "valid_3d": false, "buried_suspect": false, "weight_est_kg": 3.5745684608807213, "weight_lo_kg": 1.4894035253669673, "weight_hi_kg": 8.936421152201802, "weight_method": "2d:area×thick_range×rho", "crew": "1인", "tools": ["절단기"], "weight_kg": null, "image": "molokai_1301_8368_-104.jpg"}}, {"type": "Feature", "geometry": {"type": "Point", "coordinates": [-157.19430651133112, 21.209896233827717]}, "properties": {"item_id": "1301_8368_-104_120", "stop_id": "S009", "cls": "net", "cls_raw": "Net", "x": 687423.0288266449, "y": 2346446.4402212086, "r95_m": 3.0, "n_views": 1, "area_m2": 0.24723476424508412, "length_m": 0.7042211914061527, "h_p90_m": 0.0, "volume_m3": 0.029668171709410093, "valid_3d": false, "buried_suspect": false, "weight_est_kg": 4.450225756411514, "weight_lo_kg": 1.854260731838131, "weight_hi_kg": 11.125564391028783, "weight_method": "2d:area×thick_range×rho", "crew": "1인", "tools": ["절단기"], "weight_kg": null, "image": "molokai_1301_8368_-104.jpg"}}, {"type": "Feature", "geometry": {"type": "Point", "coordinates": [-157.1942768888737, 21.209941870773868]}, "properties": {"item_id": "1301_8368_-104_121", "stop_id": "S009", "cls": "plastic_buoy", "cls_raw": "Plastic_Buoy_China", "x": 687426.0466331814, "y": 2346451.5280544898, "r95_m": 3.0, "n_views": 1, "area_m2": 0.24153048661344526, "length_m": 0.5018115234374306, "h_p90_m": 0.0, "volume_m3": 0.07245914598403358, "valid_3d": false, "buried_suspect": false, "weight_est_kg": 4.347548759042015, "weight_lo_kg": 2.1737743795210074, "weight_hi_kg": 5.796731678722686, "weight_method": "2d:area×thick_range×rho", "crew": "1인", "tools": [], "weight_kg": null, "image": "molokai_1301_8368_-104.jpg"}}, {"type": "Feature", "geometry": {"type": "Point", "coordinates": [-157.1943474298858, 21.20996067598087]}, "properties": {"item_id": "1301_8368_-104_122", "stop_id": "S009", "cls": "plastic_buoy", "cls_raw": "Plastic_Buoy", "x": 687418.6992406354, "y": 2346453.5265675727, "r95_m": 3.0, "n_views": 1, "area_m2": 0.2414800068854618, "length_m": 0.5847070312499192, "h_p90_m": 0.0, "volume_m3": 0.07244400206563854, "valid_3d": false, "buried_suspect": false, "weight_est_kg": 4.346640123938313, "weight_lo_kg": 2.1733200619691564, "weight_hi_kg": 5.795520165251084, "weight_method": "2d:area×thick_range×rho", "crew": "1인", "tools": [], "weight_kg": null, "image": "molokai_1301_8368_-104.jpg"}}, {"type": "Feature", "geometry": {"type": "Point", "coordinates": [-157.19421492102148, 21.20972734949918]}, "properties": {"item_id": "1301_8884_1171_133", "stop_id": "S015", "cls": "plastic_buoy", "cls_raw": "Plastic_Buoy", "x": 687432.7511123163, "y": 2346427.850424726, "r95_m": 3.0, "n_views": 1, "area_m2": 0.263011207032131, "length_m": 0.5204418945311781, "h_p90_m": 0.0, "volume_m3": 0.07890336210963929, "valid_3d": false, "buried_suspect": false, "weight_est_kg": 4.734201726578357, "weight_lo_kg": 2.3671008632891786, "weight_hi_kg": 6.312268968771144, "weight_method": "2d:area×thick_range×rho", "crew": "1인", "tools": [], "weight_kg": null, "image": "molokai_1301_8884_1171.jpg"}}, {"type": "Feature", "geometry": {"type": "Point", "coordinates": [-157.19419016290226, 21.209728635967494]}, "properties": {"item_id": "1301_8884_1171_134", "stop_id": "S015", "cls": "eps_fragment", "cls_raw": "Styrofoam_Piece", "x": 687435.3199068924, "y": 2346428.022176472, "r95_m": 3.0, "n_views": 1, "area_m2": 0.21875848575824414, "length_m": 0.4806176757811836, "h_p90_m": 0.0, "volume_m3": 0.006562754572747324, "valid_3d": false, "buried_suspect": false, "weight_est_kg": 0.1312550914549465, "weight_lo_kg": 0.08750339430329766, "weight_hi_kg": 0.43751697151648833, "weight_method": "2d:area×thick_range×rho", "crew": "1인", "tools": [], "weight_kg": null, "image": "molokai_1301_8884_1171.jpg"}}, {"type": "Feature", "geometry": {"type": "Point", "coordinates": [-157.19422764745914, 21.20972818364239]}, "properties": {"item_id": "1301_8884_1171_135", "stop_id": "S015", "cls": "eps_fragment", "cls_raw": "Styrofoam_Piece", "x": 687431.428784111, "y": 2346427.9277074626, "r95_m": 3.0, "n_views": 1, "area_m2": 0.3101022155045606, "length_m": 0.5904882812499184, "h_p90_m": 0.0, "volume_m3": 0.009303066465136817, "valid_3d": false, "buried_suspect": false, "weight_est_kg": 0.18606132930273633, "weight_lo_kg": 0.12404088620182424, "weight_hi_kg": 0.6202044310091213, "weight_method": "2d:area×thick_range×rho", "crew": "1인", "tools": [], "weight_kg": null, "image": "molokai_1301_8884_1171.jpg"}}, {"type": "Feature", "geometry": {"type": "Point", "coordinates": [-157.19420629746904, 21.209724813278637]}, "properties": {"item_id": "1301_8884_1171_136", "stop_id": "S015", "cls": "net", "cls_raw": "Net", "x": 687433.6496232799, "y": 2346427.579835667, "r95_m": 3.0, "n_views": 1, "area_m2": 0.22134865624451477, "length_m": 0.4720690917968097, "h_p90_m": 0.0, "volume_m3": 0.026561838749341773, "valid_3d": false, "buried_suspect": false, "weight_est_kg": 3.984275812401266, "weight_lo_kg": 1.6601149218338611, "weight_hi_kg": 9.960689531003164, "weight_method": "2d:area×thick_range×rho", "crew": "1인", "tools": ["절단기"], "weight_kg": null, "image": "molokai_1301_8884_1171.jpg"}}, {"type": "Feature", "geometry": {"type": "Point", "coordinates": [-157.19422620717836, 21.20974024282058]}, "properties": {"item_id": "1301_8884_1171_137", "stop_id": "S015", "cls": "plastic_buoy", "cls_raw": "Plastic_Buoy", "x": 687431.5630871268, "y": 2346429.264561125, "r95_m": 3.0, "n_views": 1, "area_m2": 0.1786544903330011, "length_m": 0.4260681152343161, "h_p90_m": 0.0, "volume_m3": 0.05359634709990033, "valid_3d": false, "buried_suspect": false, "weight_est_kg": 3.2157808259940195, "weight_lo_kg": 1.6078904129970097, "weight_hi_kg": 4.287707767992027, "weight_method": "2d:area×thick_range×rho", "crew": "1인", "tools": [], "weight_kg": null, "image": "molokai_1301_8884_1171.jpg"}}, {"type": "Feature", "geometry": {"type": "Point", "coordinates": [-157.19416922173784, 21.209686553271844]}, "properties": {"item_id": "1301_8884_1171_138", "stop_id": "S015", "cls": "plastic_other", "cls_raw": "Plastic_ETC", "x": 687437.5471901455, "y": 2346423.3877331833, "r95_m": 3.0, "n_views": 1, "area_m2": 0.31164747633925405, "length_m": 0.5660839843749218, "h_p90_m": 0.0, "volume_m3": 0.009349424290177622, "valid_3d": false, "buried_suspect": false, "weight_est_kg": 0.7479539432142097, "weight_lo_kg": 0.49863596214280653, "weight_hi_kg": 2.4931798107140324, "weight_method": "2d:area×thick_range×rho", "crew": "1인", "tools": [], "weight_kg": null, "image": "molokai_1301_8884_1171.jpg"}}, {"type": "Feature", "geometry": {"type": "Point", "coordinates": [-157.1942287576001, 21.209738531622527]}, "properties": {"item_id": "1301_8884_1171_139", "stop_id": "S015", "cls": "net", "cls_raw": "Net", "x": 687431.3004601074, "y": 2346429.0720833554, "r95_m": 3.0, "n_views": 1, "area_m2": 0.13543104797597955, "length_m": 0.3725891113280735, "h_p90_m": 0.0, "volume_m3": 0.016251725757117544, "valid_3d": false, "buried_suspect": false, "weight_est_kg": 2.4377588635676317, "weight_lo_kg": 1.0157328598198465, "weight_hi_kg": 6.094397158919079, "weight_method": "2d:area×thick_range×rho", "crew": "1인", "tools": ["절단기"], "weight_kg": null, "image": "molokai_1301_8884_1171.jpg"}}, {"type": "Feature", "geometry": {"type": "Point", "coordinates": [-157.19420652891472, 21.209724944702923]}, "properties": {"item_id": "1301_9004_855_153", "stop_id": "S015", "cls": "net", "cls_raw": "Net", "x": 687433.6254283276, "y": 2346427.5941124056, "r95_m": 3.0, "n_views": 1, "area_m2": 0.18394167644972484, "length_m": 0.4375341796874395, "h_p90_m": 0.0, "volume_m3": 0.02207300117396698, "valid_3d": false, "buried_suspect": false, "weight_est_kg": 3.310950176095047, "weight_lo_kg": 1.3795625733729364, "weight_hi_kg": 8.277375440237618, "weight_method": "2d:area×thick_range×rho", "crew": "1인", "tools": ["절단기"], "weight_kg": null, "image": "molokai_1301_9004_855.jpg"}}, {"type": "Feature", "geometry": {"type": "Point", "coordinates": [-157.19421488301816, 21.209727293744663]}, "properties": {"item_id": "1301_9004_855_154", "stop_id": "S015", "cls": "plastic_buoy", "cls_raw": "Plastic_Buoy", "x": 687432.7551282763, "y": 2346427.8442967935, "r95_m": 3.0, "n_views": 1, "area_m2": 0.26257012103490723, "length_m": 0.5181472778319596, "h_p90_m": 0.0, "volume_m3": 0.07877103631047216, "valid_3d": false, "buried_suspect": false, "weight_est_kg": 4.72626217862833, "weight_lo_kg": 2.363131089314165, "weight_hi_kg": 6.301682904837774, "weight_method": "2d:area×thick_range×rho", "crew": "1인", "tools": [], "weight_kg": null, "image": "molokai_1301_9004_855.jpg"}}, {"type": "Feature", "geometry": {"type": "Point", "coordinates": [-157.19422763623788, 21.20972822677542]}, "properties": {"item_id": "1301_9004_855_155", "stop_id": "S015", "cls": "eps_fragment", "cls_raw": "Styrofoam_Piece", "x": 687431.4298946457, "y": 2346427.9324962823, "r95_m": 3.0, "n_views": 1, "area_m2": 0.3064363607092845, "length_m": 0.585427246093669, "h_p90_m": 0.0, "volume_m3": 0.009193090821278534, "valid_3d": false, "buried_suspect": false, "weight_est_kg": 0.18386181642557067, "weight_lo_kg": 0.1225745442837138, "weight_hi_kg": 0.612872721418569, "weight_method": "2d:area×thick_range×rho", "crew": "1인", "tools": [], "weight_kg": null, "image": "molokai_1301_9004_855.jpg"}}, {"type": "Feature", "geometry": {"type": "Point", "coordinates": [-157.19419004457401, 21.209728507269094]}, "properties": {"item_id": "1301_9004_855_156", "stop_id": "S015", "cls": "plastic_other", "cls_raw": "Plastic_ETC", "x": 687435.3323544073, "y": 2346428.008067581, "r95_m": 3.0, "n_views": 1, "area_m2": 0.204898987758103, "length_m": 0.4649829101561857, "h_p90_m": 0.0, "volume_m3": 0.00614696963274309, "valid_3d": false, "buried_suspect": false, "weight_est_kg": 0.4917575706194472, "weight_lo_kg": 0.3278383804129648, "weight_hi_kg": 1.639191902064824, "weight_method": "2d:area×thick_range×rho", "crew": "1인", "tools": [], "weight_kg": null, "image": "molokai_1301_9004_855.jpg"}}, {"type": "Feature", "geometry": {"type": "Point", "coordinates": [-157.19422622796094, 21.209740270306177]}, "properties": {"item_id": "1301_9004_855_157", "stop_id": "S015", "cls": "plastic_buoy", "cls_raw": "Plastic_Buoy", "x": 687431.5608947431, "y": 2346429.267579619, "r95_m": 3.0, "n_views": 1, "area_m2": 0.16935323088164417, "length_m": 0.4220410156249417, "h_p90_m": 0.0, "volume_m3": 0.050805969264493246, "valid_3d": false, "buried_suspect": false, "weight_est_kg": 3.048358155869595, "weight_lo_kg": 1.5241790779347975, "weight_hi_kg": 4.0644775411594605, "weight_method": "2d:area×thick_range×rho", "crew": "1인", "tools": [], "weight_kg": null, "image": "molokai_1301_9004_855.jpg"}}, {"type": "Feature", "geometry": {"type": "Point", "coordinates": [-157.1942116336272, 21.209817786278638]}, "properties": {"item_id": "1301_9004_855_158", "stop_id": "S015", "cls": "net", "cls_raw": "Net", "x": 687432.9782058952, "y": 2346437.8671471695, "r95_m": 3.0, "n_views": 1, "area_m2": 0.21078352531039846, "length_m": 0.4746734619139969, "h_p90_m": 0.0, "volume_m3": 0.025294023037247815, "valid_3d": false, "buried_suspect": false, "weight_est_kg": 3.794103455587172, "weight_lo_kg": 1.5808764398279884, "weight_hi_kg": 9.485258638967931, "weight_method": "2d:area×thick_range×rho", "crew": "1인", "tools": ["절단기"], "weight_kg": null, "image": "molokai_1301_9004_855.jpg"}}, {"type": "Feature", "geometry": {"type": "Point", "coordinates": [-157.1941648540228, 21.209676361694026]}, "properties": {"item_id": "1301_9067_1550_167", "stop_id": "S015", "cls": "plastic_buoy", "cls_raw": "Plastic_Buoy", "x": 687438.0135226557, "y": 2346422.2645313065, "r95_m": 3.0, "n_views": 1, "area_m2": 0.17817915236944992, "length_m": 0.43011657714837803, "h_p90_m": 0.0, "volume_m3": 0.05345374571083498, "valid_3d": false, "buried_suspect": false, "weight_est_kg": 3.207224742650099, "weight_lo_kg": 1.6036123713250494, "weight_hi_kg": 4.276299656866798, "weight_method": "2d:area×thick_range×rho", "crew": "1인", "tools": [], "weight_kg": null, "image": "molokai_1301_9067_1550.jpg"}}, {"type": "Feature", "geometry": {"type": "Point", "coordinates": [-157.1941519187021, 21.2096689571028]}, "properties": {"item_id": "1301_9067_1550_168", "stop_id": "S015", "cls": "plastic_other", "cls_raw": "Plastic_ETC", "x": 687439.3658356089, "y": 2346421.4600404417, "r95_m": 3.0, "n_views": 1, "area_m2": 1.083488833725153, "length_m": 1.0945654296873486, "h_p90_m": 0.0, "volume_m3": 0.032504665011754585, "valid_3d": false, "buried_suspect": false, "weight_est_kg": 2.600373200940367, "weight_lo_kg": 1.7335821339602449, "weight_hi_kg": 8.667910669801223, "weight_method": "2d:area×thick_range×rho", "crew": "1인", "tools": [], "weight_kg": null, "image": "molokai_1301_9067_1550.jpg"}}, {"type": "Feature", "geometry": {"type": "Point", "coordinates": [-157.19416029004327, 21.20963666198919]}, "properties": {"item_id": "1301_9067_1550_169", "stop_id": "S015", "cls": "eps_fragment", "cls_raw": "Styrofoam_Piece", "x": 687438.537496774, "y": 2346417.8745299145, "r95_m": 3.0, "n_views": 1, "area_m2": 0.2941795249342105, "length_m": 0.5614306640624224, "h_p90_m": 0.0, "volume_m3": 0.008825385748026314, "valid_3d": false, "buried_suspect": false, "weight_est_kg": 0.17650771496052628, "weight_lo_kg": 0.1176718099736842, "weight_hi_kg": 0.588359049868421, "weight_method": "2d:area×thick_range×rho", "crew": "1인", "tools": [], "weight_kg": null, "image": "molokai_1301_9067_1550.jpg"}}, {"type": "Feature", "geometry": {"type": "Point", "coordinates": [-157.19416862044324, 21.209686692787724]}, "properties": {"item_id": "1301_9067_1550_170", "stop_id": "S015", "cls": "eps_fragment", "cls_raw": "Styrofoam_Piece", "x": 687437.6094411375, "y": 2346423.40389194, "r95_m": 3.0, "n_views": 1, "area_m2": 0.4060522057845066, "length_m": 0.6776684570311563, "h_p90_m": 0.0, "volume_m3": 0.012181566173535198, "valid_3d": false, "buried_suspect": false, "weight_est_kg": 0.24363132347070396, "weight_lo_kg": 0.16242088231380264, "weight_hi_kg": 0.8121044115690134, "weight_method": "2d:area×thick_range×rho", "crew": "1인", "tools": [], "weight_kg": null, "image": "molokai_1301_9067_1550.jpg"}}, {"type": "Feature", "geometry": {"type": "Point", "coordinates": [-157.19417184832886, 21.209642928112284]}, "properties": {"item_id": "1301_9067_1550_171", "stop_id": "S015", "cls": "plastic_buoy", "cls_raw": "Plastic_Buoy", "x": 687437.329586932, "y": 2346418.5546045476, "r95_m": 3.0, "n_views": 1, "area_m2": 0.13050852698084084, "length_m": 0.3697094726561989, "h_p90_m": 0.0, "volume_m3": 0.03915255809425225, "valid_3d": false, "buried_suspect": false, "weight_est_kg": 2.349153485655135, "weight_lo_kg": 1.1745767428275675, "weight_hi_kg": 3.1322046475401804, "weight_method": "2d:area×thick_range×rho", "crew": "1인", "tools": [], "weight_kg": null, "image": "molokai_1301_9067_1550.jpg"}}, {"type": "Feature", "geometry": {"type": "Point", "coordinates": [-157.1941938316332, 21.209595023533318]}, "properties": {"item_id": "1301_9284_1938_179", "stop_id": "S015", "cls": "net", "cls_raw": "Net", "x": 687435.107747539, "y": 2346413.224751857, "r95_m": 3.0, "n_views": 1, "area_m2": 0.20328421066788924, "length_m": 0.5161117553710224, "h_p90_m": 0.0, "volume_m3": 0.024394105280146707, "valid_3d": false, "buried_suspect": false, "weight_est_kg": 3.659115792022006, "weight_lo_kg": 1.5246315800091694, "weight_hi_kg": 9.147789480055016, "weight_method": "2d:area×thick_range×rho", "crew": "1인", "tools": ["절단기"], "weight_kg": null, "image": "molokai_1301_9284_1938.jpg"}}, {"type": "Feature", "geometry": {"type": "Point", "coordinates": [-157.19416026613288, 21.209636633077128]}, "properties": {"item_id": "1301_9284_1938_180", "stop_id": "S015", "cls": "eps_fragment", "cls_raw": "Styrofoam_Piece", "x": 687438.540015695, "y": 2346417.871357192, "r95_m": 3.0, "n_views": 1, "area_m2": 0.3094458840590046, "length_m": 0.5787931060790216, "h_p90_m": 0.0, "volume_m3": 0.009283376521770137, "valid_3d": false, "buried_suspect": false, "weight_est_kg": 0.18566753043540274, "weight_lo_kg": 0.12377835362360184, "weight_hi_kg": 0.6188917681180093, "weight_method": "2d:area×thick_range×rho", "crew": "1인", "tools": [], "weight_kg": null, "image": "molokai_1301_9284_1938.jpg"}}, {"type": "Feature", "geometry": {"type": "Point", "coordinates": [-157.19328342938385, 21.208154619305276]}, "properties": {"item_id": "1302_3671_9940_188", "stop_id": "S016", "cls": "plastic_other", "cls_raw": "Plastic_ETC", "x": 687531.4468344242, "y": 2346254.82679199, "r95_m": 3.0, "n_views": 1, "area_m2": 0.4654178794176543, "length_m": 0.728298950195403, "h_p90_m": 0.0, "volume_m3": 0.013962536382529627, "valid_3d": false, "buried_suspect": false, "weight_est_kg": 1.1170029106023702, "weight_lo_kg": 0.7446686070682469, "weight_hi_kg": 3.7233430353412347, "weight_method": "2d:area×thick_range×rho", "crew": "1인", "tools": [], "weight_kg": null, "image": "molokai_1302_3671_9940.jpg"}}, {"type": "Feature", "geometry": {"type": "Point", "coordinates": [-157.19327101500159, 21.20815926211181]}, "properties": {"item_id": "1302_3671_9940_189", "stop_id": "S016", "cls": "eps_fragment", "cls_raw": "Styrofoam_Piece", "x": 687532.7298596445, "y": 2346255.3555344883, "r95_m": 3.0, "n_views": 1, "area_m2": 0.16296150482300994, "length_m": 0.4099584960938009, "h_p90_m": 0.0, "volume_m3": 0.004888845144690298, "valid_3d": false, "buried_suspect": false, "weight_est_kg": 0.09777690289380596, "weight_lo_kg": 0.06518460192920397, "weight_hi_kg": 0.32592300964601995, "weight_method": "2d:area×thick_range×rho", "crew": "1인", "tools": [], "weight_kg": null, "image": "molokai_1302_3671_9940.jpg"}}, {"type": "Feature", "geometry": {"type": "Point", "coordinates": [-157.19324876953814, 21.208133501135393]}, "properties": {"item_id": "1302_3671_9940_190", "stop_id": "S016", "cls": "eps_fragment", "cls_raw": "Styrofoam_Piece", "x": 687535.0719842368, "y": 2346252.529728121, "r95_m": 3.0, "n_views": 1, "area_m2": 0.26827457740909566, "length_m": 0.5269897460938154, "h_p90_m": 0.0, "volume_m3": 0.00804823732227287, "valid_3d": false, "buried_suspect": false, "weight_est_kg": 0.16096474644545739, "weight_lo_kg": 0.10730983096363826, "weight_hi_kg": 0.5365491548181913, "weight_method": "2d:area×thick_range×rho", "crew": "1인", "tools": [], "weight_kg": null, "image": "molokai_1302_3671_9940.jpg"}}, {"type": "Feature", "geometry": {"type": "Point", "coordinates": [-157.19328345571475, 21.20813923257122]}, "properties": {"item_id": "1302_3671_9940_191", "stop_id": "S016", "cls": "eps_fragment", "cls_raw": "Styrofoam_Piece", "x": 687531.4635403601, "y": 2346253.1231975136, "r95_m": 3.0, "n_views": 1, "area_m2": 0.4732026939303859, "length_m": 0.7451867675782176, "h_p90_m": 0.0, "volume_m3": 0.014196080817911577, "valid_3d": false, "buried_suspect": false, "weight_est_kg": 0.28392161635823154, "weight_lo_kg": 0.18928107757215434, "weight_hi_kg": 0.9464053878607719, "weight_method": "2d:area×thick_range×rho", "crew": "1인", "tools": [], "weight_kg": null, "image": "molokai_1302_3671_9940.jpg"}}, {"type": "Feature", "geometry": {"type": "Point", "coordinates": [-157.1933003576617, 21.20810967803549]}, "properties": {"item_id": "1302_3671_9940_192", "stop_id": "S016", "cls": "eps_fragment", "cls_raw": "Styrofoam_Piece", "x": 687529.7460783838, "y": 2346249.831002491, "r95_m": 3.0, "n_views": 1, "area_m2": 0.3950691661358861, "length_m": 0.6395605468750795, "h_p90_m": 0.0, "volume_m3": 0.011852074984076583, "valid_3d": false, "buried_suspect": false, "weight_est_kg": 0.23704149968153165, "weight_lo_kg": 0.15802766645435445, "weight_hi_kg": 0.7901383322717723, "weight_method": "2d:area×thick_range×rho", "crew": "1인", "tools": [], "weight_kg": null, "image": "molokai_1302_3671_9940.jpg"}}, {"type": "Feature", "geometry": {"type": "Point", "coordinates": [-157.19329804631172, 21.208174514887208]}, "properties": {"item_id": "1302_3671_9940_193", "stop_id": "S016", "cls": "eps_fragment", "cls_raw": "Styrofoam_Piece", "x": 687529.9041338586, "y": 2346257.0122413705, "r95_m": 3.0, "n_views": 1, "area_m2": 0.2133551340457582, "length_m": 0.5013110351563123, "h_p90_m": 0.0, "volume_m3": 0.006400654021372746, "valid_3d": false, "buried_suspect": false, "weight_est_kg": 0.1280130804274549, "weight_lo_kg": 0.0853420536183033, "weight_hi_kg": 0.4267102680915164, "weight_method": "2d:area×thick_range×rho", "crew": "1인", "tools": [], "weight_kg": null, "image": "molokai_1302_3671_9940.jpg"}}, {"type": "Feature", "geometry": {"type": "Point", "coordinates": [-157.19332927377238, 21.20817327403314]}, "properties": {"item_id": "1302_3671_9940_194", "stop_id": "S017", "cls": "eps_fragment", "cls_raw": "Styrofoam_Piece", "x": 687526.6635919826, "y": 2346256.8378627864, "r95_m": 3.0, "n_views": 1, "area_m2": 0.3726269893386395, "length_m": 0.6199451446533973, "h_p90_m": 0.0, "volume_m3": 0.011178809680159186, "valid_3d": false, "buried_suspect": false, "weight_est_kg": 0.2235761936031837, "weight_lo_kg": 0.14905079573545582, "weight_hi_kg": 0.7452539786772792, "weight_method": "2d:area×thick_range×rho", "crew": "1인", "tools": [], "weight_kg": null, "image": "molokai_1302_3671_9940.jpg"}}, {"type": "Feature", "geometry": {"type": "Point", "coordinates": [-157.19327926109798, 21.208146975802407]}, "properties": {"item_id": "1302_3671_9940_195", "stop_id": "S016", "cls": "eps_fragment", "cls_raw": "Styrofoam_Piece", "x": 687531.8892527451, "y": 2346253.9854694535, "r95_m": 3.0, "n_views": 1, "area_m2": 0.12332166998091425, "length_m": 0.3872192382812981, "h_p90_m": 0.0, "volume_m3": 0.0036996500994274273, "valid_3d": false, "buried_suspect": false, "weight_est_kg": 0.07399300198854855, "weight_lo_kg": 0.0493286679923657, "weight_hi_kg": 0.24664333996182852, "weight_method": "2d:area×thick_range×rho", "crew": "1인", "tools": [], "weight_kg": null, "image": "molokai_1302_3671_9940.jpg"}}, {"type": "Feature", "geometry": {"type": "Point", "coordinates": [-157.19329478891194, 21.20811614439141]}, "properties": {"item_id": "1302_3671_9940_196", "stop_id": "S016", "cls": "pet_bottle", "cls_raw": "PET_Bottle", "x": 687530.3160699783, "y": 2346250.5535313548, "r95_m": 3.0, "n_views": 1, "area_m2": 0.3241323265612931, "length_m": 0.683835449218835, "h_p90_m": 0.0, "volume_m3": 0.019447939593677584, "valid_3d": false, "buried_suspect": false, "weight_est_kg": 0.6417820065913603, "weight_lo_kg": 0.5348183388261336, "weight_hi_kg": 1.0696366776522672, "weight_method": "2d:area×thick_range×rho", "crew": "1인", "tools": [], "weight_kg": null, "image": "molokai_1302_3671_9940.jpg"}}, {"type": "Feature", "geometry": {"type": "Point", "coordinates": [-157.19327634218655, 21.208103049721483]}, "properties": {"item_id": "1302_3671_9940_197", "stop_id": "S016", "cls": "plastic_other", "cls_raw": "Plastic_ETC", "x": 687532.2477977425, "y": 2346249.1255915444, "r95_m": 3.0, "n_views": 1, "area_m2": 0.34528466930099955, "length_m": 0.6783422851563343, "h_p90_m": 0.0, "volume_m3": 0.010358540079029987, "valid_3d": false, "buried_suspect": false, "weight_est_kg": 0.828683206322399, "weight_lo_kg": 0.5524554708815993, "weight_hi_kg": 2.7622773544079964, "weight_method": "2d:area×thick_range×rho", "crew": "1인", "tools": [], "weight_kg": null, "image": "molokai_1302_3671_9940.jpg"}}, {"type": "Feature", "geometry": {"type": "Point", "coordinates": [-157.19328645695018, 21.20809956557199]}, "properties": {"item_id": "1302_3671_9940_198", "stop_id": "S016", "cls": "plastic_buoy", "cls_raw": "Plastic_Buoy", "x": 687531.2020601836, "y": 2346248.727855853, "r95_m": 3.0, "n_views": 1, "area_m2": 0.13979253387454646, "length_m": 0.4004687500000497, "h_p90_m": 0.0, "volume_m3": 0.04193776016236394, "valid_3d": false, "buried_suspect": false, "weight_est_kg": 2.5162656097418363, "weight_lo_kg": 1.2581328048709182, "weight_hi_kg": 3.3550208129891153, "weight_method": "2d:area×thick_range×rho", "crew": "1인", "tools": [], "weight_kg": null, "image": "molokai_1302_3671_9940.jpg"}}, {"type": "Feature", "geometry": {"type": "Point", "coordinates": [-157.19330245257368, 21.208113466537377]}, "properties": {"item_id": "1302_3671_9940_199", "stop_id": "S016", "cls": "eps_fragment", "cls_raw": "Styrofoam_Piece", "x": 687529.5237931719, "y": 2346250.2479697573, "r95_m": 3.0, "n_views": 1, "area_m2": 0.18731137415175322, "length_m": 0.4389599609375545, "h_p90_m": 0.0, "volume_m3": 0.005619341224552597, "valid_3d": false, "buried_suspect": false, "weight_est_kg": 0.11238682449105195, "weight_lo_kg": 0.07492454966070129, "weight_hi_kg": 0.37462274830350645, "weight_method": "2d:area×thick_range×rho", "crew": "1인", "tools": [], "weight_kg": null, "image": "molokai_1302_3671_9940.jpg"}}, {"type": "Feature", "geometry": {"type": "Point", "coordinates": [-157.19327105812658, 21.208159282077396]}, "properties": {"item_id": "1302_3918_9570_213", "stop_id": "S016", "cls": "eps_fragment", "cls_raw": "Styrofoam_Piece", "x": 687532.7253570773, "y": 2346255.3576939134, "r95_m": 3.0, "n_views": 1, "area_m2": 0.14890279234353426, "length_m": 0.386336669921923, "h_p90_m": 0.0, "volume_m3": 0.0044670837703060275, "valid_3d": false, "buried_suspect": false, "weight_est_kg": 0.08934167540612055, "weight_lo_kg": 0.059561116937413706, "weight_hi_kg": 0.2978055846870685, "weight_method": "2d:area×thick_range×rho", "crew": "1인", "tools": [], "weight_kg": null, "image": "molokai_1302_3918_9570.jpg"}}, {"type": "Feature", "geometry": {"type": "Point", "coordinates": [-157.1932834449639, 21.208154577417975]}, "properties": {"item_id": "1302_3918_9570_214", "stop_id": "S016", "cls": "plastic_other", "cls_raw": "Plastic_ETC", "x": 687531.4452697879, "y": 2346254.822135922, "r95_m": 3.0, "n_views": 1, "area_m2": 0.4697389954538321, "length_m": 0.7336572265625911, "h_p90_m": 0.0, "volume_m3": 0.014092169863614962, "valid_3d": false, "buried_suspect": false, "weight_est_kg": 1.127373589089197, "weight_lo_kg": 0.7515823927261313, "weight_hi_kg": 3.757911963630657, "weight_method": "2d:area×thick_range×rho", "crew": "1인", "tools": [], "weight_kg": null, "image": "molokai_1302_3918_9570.jpg"}}, {"type": "Feature", "geometry": {"type": "Point", "coordinates": [-157.19329809534702, 21.208174512942893]}, "properties": {"item_id": "1302_3918_9570_215", "stop_id": "S016", "cls": "eps_fragment", "cls_raw": "Styrofoam_Piece", "x": 687529.8990453532, "y": 2346257.0119680096, "r95_m": 3.0, "n_views": 1, "area_m2": 0.21540168609028446, "length_m": 0.5019201660156873, "h_p90_m": 0.0, "volume_m3": 0.006462050582708534, "valid_3d": false, "buried_suspect": false, "weight_est_kg": 0.12924101165417068, "weight_lo_kg": 0.08616067443611378, "weight_hi_kg": 0.43080337218056897, "weight_method": "2d:area×thick_range×rho", "crew": "1인", "tools": [], "weight_kg": null, "image": "molokai_1302_3918_9570.jpg"}}, {"type": "Feature", "geometry": {"type": "Point", "coordinates": [-157.19328339692714, 21.20813944582586]}, "properties": {"item_id": "1302_3918_9570_216", "stop_id": "S016", "cls": "eps_fragment", "cls_raw": "Styrofoam_Piece", "x": 687531.4693744056, "y": 2346253.14687794, "r95_m": 3.0, "n_views": 1, "area_m2": 0.4412269513965749, "length_m": 0.6943383789063362, "h_p90_m": 0.0, "volume_m3": 0.013236808541897247, "valid_3d": false, "buried_suspect": false, "weight_est_kg": 0.26473617083794493, "weight_lo_kg": 0.17649078055862996, "weight_hi_kg": 0.88245390279315, "weight_method": "2d:area×thick_range×rho", "crew": "1인", "tools": [], "weight_kg": null, "image": "molokai_1302_3918_9570.jpg"}}, {"type": "Feature", "geometry": {"type": "Point", "coordinates": [-157.19329953782776, 21.20818889028434]}, "properties": {"item_id": "1302_3918_9570_217", "stop_id": "S017", "cls": "eps_fragment", "cls_raw": "Styrofoam_Piece", "x": 687529.73111929, "y": 2346258.6020660577, "r95_m": 3.0, "n_views": 1, "area_m2": 0.4351066507280954, "length_m": 0.7113024902344633, "h_p90_m": 0.0, "volume_m3": 0.013053199521842862, "valid_3d": false, "buried_suspect": false, "weight_est_kg": 0.26106399043685724, "weight_lo_kg": 0.17404266029123816, "weight_hi_kg": 0.8702133014561908, "weight_method": "2d:area×thick_range×rho", "crew": "1인", "tools": [], "weight_kg": null, "image": "molokai_1302_3918_9570.jpg"}}, {"type": "Feature", "geometry": {"type": "Point", "coordinates": [-157.19329561894818, 21.208205432875875]}, "properties": {"item_id": "1302_3918_9570_218", "stop_id": "S017", "cls": "eps_buoy", "cls_raw": "Styrofoam_Buoy", "x": 687530.1170867931, "y": 2346260.4382444904, "r95_m": 3.0, "n_views": 1, "area_m2": 0.5617819108070339, "length_m": 0.7820080566407221, "h_p90_m": 0.0, "volume_m3": 0.19662366878246185, "valid_3d": false, "buried_suspect": false, "weight_est_kg": 4.915591719561546, "weight_lo_kg": 2.1066821655263768, "weight_hi_kg": 5.617819108070339, "weight_method": "2d:area×thick_range×rho", "crew": "1인", "tools": [], "weight_kg": null, "image": "molokai_1302_3918_9570.jpg"}}, {"type": "Feature", "geometry": {"type": "Point", "coordinates": [-157.19324807349508, 21.208155149777813]}, "properties": {"item_id": "1302_3918_9570_219", "stop_id": "S016", "cls": "eps_fragment", "cls_raw": "Styrofoam_Piece", "x": 687535.116897579, "y": 2346254.927411819, "r95_m": 3.0, "n_views": 1, "area_m2": 0.1933299609423164, "length_m": 0.4685400390625582, "h_p90_m": 0.0, "volume_m3": 0.005799898828269492, "valid_3d": false, "buried_suspect": false, "weight_est_kg": 0.11599797656538983, "weight_lo_kg": 0.07733198437692655, "weight_hi_kg": 0.38665992188463283, "weight_method": "2d:area×thick_range×rho", "crew": "1인", "tools": [], "weight_kg": null, "image": "molokai_1302_3918_9570.jpg"}}, {"type": "Feature", "geometry": {"type": "Point", "coordinates": [-157.19331551778046, 21.20817130808215]}, "properties": {"item_id": "1302_3918_9570_220", "stop_id": "S016", "cls": "eps_buoy", "cls_raw": "Styrofoam_Buoy", "x": 687528.094255672, "y": 2346256.6364967297, "r95_m": 3.0, "n_views": 1, "area_m2": 0.3664950867780464, "length_m": 0.8652832031251075, "h_p90_m": 0.0, "volume_m3": 0.12827328037231622, "valid_3d": false, "buried_suspect": false, "weight_est_kg": 3.2068320093079055, "weight_lo_kg": 1.3743565754176739, "weight_hi_kg": 3.6649508677804636, "weight_method": "2d:area×thick_range×rho", "crew": "1인", "tools": [], "weight_kg": null, "image": "molokai_1302_3918_9570.jpg"}}, {"type": "Feature", "geometry": {"type": "Point", "coordinates": [-157.193227713984, 21.207950415984797]}, "properties": {"item_id": "1302_4126_10839_227", "stop_id": "S018", "cls": "eps_fragment", "cls_raw": "Styrofoam_Piece", "x": 687537.4893395234, "y": 2346232.2841512156, "r95_m": 3.0, "n_views": 1, "area_m2": 0.2785877932936645, "length_m": 0.5625012207031949, "h_p90_m": 0.0, "volume_m3": 0.008357633798809935, "valid_3d": false, "buried_suspect": false, "weight_est_kg": 0.1671526759761987, "weight_lo_kg": 0.1114351173174658, "weight_hi_kg": 0.557175586587329, "weight_method": "2d:area×thick_range×rho", "crew": "1인", "tools": [], "weight_kg": null, "image": "molokai_1302_4126_10839.jpg"}}, {"type": "Feature", "geometry": {"type": "Point", "coordinates": [-157.19321475070726, 21.207949016466475]}, "properties": {"item_id": "1302_4126_10839_228", "stop_id": "S018", "cls": "eps_fragment", "cls_raw": "Styrofoam_Piece", "x": 687538.8369881662, "y": 2346232.1445601135, "r95_m": 3.0, "n_views": 1, "area_m2": 0.5660375011415696, "length_m": 0.8124645996094759, "h_p90_m": 0.0, "volume_m3": 0.016981125034247087, "valid_3d": false, "buried_suspect": false, "weight_est_kg": 0.33962250068494176, "weight_lo_kg": 0.22641500045662785, "weight_hi_kg": 1.1320750022831392, "weight_method": "2d:area×thick_range×rho", "crew": "1인", "tools": [], "weight_kg": null, "image": "molokai_1302_4126_10839.jpg"}}, {"type": "Feature", "geometry": {"type": "Point", "coordinates": [-157.19321798036816, 21.207963565873168]}, "properties": {"item_id": "1302_4126_10839_229", "stop_id": "S018", "cls": "eps_buoy", "cls_raw": "Styrofoam_Buoy", "x": 687538.4832942375, "y": 2346233.7515911516, "r95_m": 3.0, "n_views": 1, "area_m2": 0.7656026328654999, "length_m": 0.8764282226563589, "h_p90_m": 0.0, "volume_m3": 0.26796092150292494, "valid_3d": false, "buried_suspect": false, "weight_est_kg": 6.699023037573124, "weight_lo_kg": 2.8710098732456246, "weight_hi_kg": 7.656026328655, "weight_method": "2d:area×thick_range×rho", "crew": "1인", "tools": [], "weight_kg": null, "image": "molokai_1302_4126_10839.jpg"}}, {"type": "Feature", "geometry": {"type": "Point", "coordinates": [-157.19318321212145, 21.207953489555905]}, "properties": {"item_id": "1302_4126_10839_230", "stop_id": "S018", "cls": "eps_fragment", "cls_raw": "Styrofoam_Piece", "x": 687542.1057530104, "y": 2346232.677170712, "r95_m": 3.0, "n_views": 1, "area_m2": 0.195397480911065, "length_m": 0.46464599609380774, "h_p90_m": 0.0, "volume_m3": 0.00586192442733195, "valid_3d": false, "buried_suspect": false, "weight_est_kg": 0.11723848854663901, "weight_lo_kg": 0.07815899236442601, "weight_hi_kg": 0.3907949618221301, "weight_method": "2d:area×thick_range×rho", "crew": "1인", "tools": [], "weight_kg": null, "image": "molokai_1302_4126_10839.jpg"}}, {"type": "Feature", "geometry": {"type": "Point", "coordinates": [-157.19322185081165, 21.207999505517332]}, "properties": {"item_id": "1302_4126_10839_231", "stop_id": "S016", "cls": "eps_fragment", "cls_raw": "Styrofoam_Piece", "x": 687538.0360474337, "y": 2346237.726112399, "r95_m": 3.0, "n_views": 1, "area_m2": 0.1874817473710049, "length_m": 0.442939453125055, "h_p90_m": 0.0, "volume_m3": 0.005624452421130147, "valid_3d": false, "buried_suspect": false, "weight_est_kg": 0.11248904842260293, "weight_lo_kg": 0.07499269894840196, "weight_hi_kg": 0.37496349474200985, "weight_method": "2d:area×thick_range×rho", "crew": "1인", "tools": [], "weight_kg": null, "image": "molokai_1302_4126_10839.jpg"}}, {"type": "Feature", "geometry": {"type": "Point", "coordinates": [-157.1931689565287, 21.207974818505466]}, "properties": {"item_id": "1302_4126_10839_232", "stop_id": "S018", "cls": "eps_fragment", "cls_raw": "Styrofoam_Piece", "x": 687543.5588564005, "y": 2346235.055524567, "r95_m": 3.0, "n_views": 1, "area_m2": 0.2591516859651256, "length_m": 0.5189672851563145, "h_p90_m": 0.0, "volume_m3": 0.0077745505789537685, "valid_3d": false, "buried_suspect": false, "weight_est_kg": 0.15549101157907536, "weight_lo_kg": 0.10366067438605026, "weight_hi_kg": 0.5183033719302512, "weight_method": "2d:area×thick_range×rho", "crew": "1인", "tools": [], "weight_kg": null, "image": "molokai_1302_4126_10839.jpg"}}, {"type": "Feature", "geometry": {"type": "Point", "coordinates": [-157.19321956244286, 21.207984755359313]}, "properties": {"item_id": "1302_4126_10839_233", "stop_id": "S016", "cls": "plastic_other", "cls_raw": "Plastic_ETC", "x": 687538.2922675854, "y": 2346236.0957396803, "r95_m": 3.0, "n_views": 1, "area_m2": 0.29229190731055843, "length_m": 0.6021484375000749, "h_p90_m": 0.0, "volume_m3": 0.008768757219316753, "valid_3d": false, "buried_suspect": false, "weight_est_kg": 0.7015005775453402, "weight_lo_kg": 0.4676670516968935, "weight_hi_kg": 2.3383352584844674, "weight_method": "2d:area×thick_range×rho", "crew": "1인", "tools": [], "weight_kg": null, "image": "molokai_1302_4126_10839.jpg"}}, {"type": "Feature", "geometry": {"type": "Point", "coordinates": [-157.19323269477684, 21.208016008855832]}, "properties": {"item_id": "1302_4126_10839_234", "stop_id": "S016", "cls": "eps_fragment", "cls_raw": "Styrofoam_Piece", "x": 687536.8893488508, "y": 2346239.5404545083, "r95_m": 3.0, "n_views": 1, "area_m2": 0.42331542128735494, "length_m": 0.6854058837891477, "h_p90_m": 0.0, "volume_m3": 0.012699462638620648, "valid_3d": false, "buried_suspect": false, "weight_est_kg": 0.25398925277241297, "weight_lo_kg": 0.16932616851494198, "weight_hi_kg": 0.8466308425747099, "weight_method": "2d:area×thick_range×rho", "crew": "1인", "tools": [], "weight_kg": null, "image": "molokai_1302_4126_10839.jpg"}}, {"type": "Feature", "geometry": {"type": "Point", "coordinates": [-157.19322413009846, 21.207945890911013]}, "properties": {"item_id": "1302_4126_10839_235", "stop_id": "S018", "cls": "eps_fragment", "cls_raw": "Styrofoam_Piece", "x": 687537.8671447898, "y": 2346231.787397552, "r95_m": 3.0, "n_views": 1, "area_m2": 0.128048123860391, "length_m": 0.362043457031295, "h_p90_m": 0.0, "volume_m3": 0.0038414437158117297, "valid_3d": false, "buried_suspect": false, "weight_est_kg": 0.0768288743162346, "weight_lo_kg": 0.0512192495441564, "weight_hi_kg": 0.256096247720782, "weight_method": "2d:area×thick_range×rho", "crew": "1인", "tools": [], "weight_kg": null, "image": "molokai_1302_4126_10839.jpg"}}, {"type": "Feature", "geometry": {"type": "Point", "coordinates": [-157.19321395605704, 21.207994542108196]}, "properties": {"item_id": "1302_4126_10839_236", "stop_id": "S016", "cls": "net", "cls_raw": "Net", "x": 687538.8619717073, "y": 2346237.18593526, "r95_m": 3.0, "n_views": 1, "area_m2": 0.1998045397907992, "length_m": 0.4570825195313068, "h_p90_m": 0.0, "volume_m3": 0.023976544774895903, "valid_3d": false, "buried_suspect": false, "weight_est_kg": 3.5964817162343854, "weight_lo_kg": 1.4985340484309944, "weight_hi_kg": 8.991204290585964, "weight_method": "2d:area×thick_range×rho", "crew": "1인", "tools": ["절단기"], "weight_kg": null, "image": "molokai_1302_4126_10839.jpg"}}, {"type": "Feature", "geometry": {"type": "Point", "coordinates": [-157.19323540061256, 21.208007864630794]}, "properties": {"item_id": "1302_4126_10839_237", "stop_id": "S016", "cls": "plastic_other", "cls_raw": "Plastic_ETC", "x": 687536.6187118785, "y": 2346238.6355497283, "r95_m": 3.0, "n_views": 1, "area_m2": 2.578311124967679, "length_m": 3.1370922851566396, "h_p90_m": 0.0, "volume_m3": 0.07734933374903037, "valid_3d": false, "buried_suspect": false, "weight_est_kg": 6.1879466999224295, "weight_lo_kg": 4.125297799948287, "weight_hi_kg": 20.626488999741433, "weight_method": "2d:area×thick_range×rho", "crew": "1인", "tools": [], "weight_kg": null, "image": "molokai_1302_4126_10839.jpg"}}, {"type": "Feature", "geometry": {"type": "Point", "coordinates": [-157.19298568306084, 21.207945597848145]}, "properties": {"item_id": "1302_5035_11171_243", "stop_id": "S018", "cls": "eps_fragment", "cls_raw": "Styrofoam_Piece", "x": 687562.6236962784, "y": 2346232.037473396, "r95_m": 3.0, "n_views": 1, "area_m2": 0.17699499629740345, "length_m": 0.4362646484375542, "h_p90_m": 0.0, "volume_m3": 0.005309849888922104, "valid_3d": false, "buried_suspect": false, "weight_est_kg": 0.10619699777844208, "weight_lo_kg": 0.07079799851896137, "weight_hi_kg": 0.35398999259480696, "weight_method": "2d:area×thick_range×rho", "crew": "1인", "tools": [], "weight_kg": null, "image": "molokai_1302_5035_11171.jpg"}}, {"type": "Feature", "geometry": {"type": "Point", "coordinates": [-157.19309362231147, 21.207904714510963]}, "properties": {"item_id": "1302_5035_11171_244", "stop_id": "S018", "cls": "plastic_other", "cls_raw": "Plastic_ETC", "x": 687551.4688240698, "y": 2346227.383122753, "r95_m": 3.0, "n_views": 1, "area_m2": 0.2548002669443078, "length_m": 0.5227693176270181, "h_p90_m": 0.0, "volume_m3": 0.007644008008329234, "valid_3d": false, "buried_suspect": false, "weight_est_kg": 0.6115206406663387, "weight_lo_kg": 0.4076804271108925, "weight_hi_kg": 2.0384021355544624, "weight_method": "2d:area×thick_range×rho", "crew": "1인", "tools": [], "weight_kg": null, "image": "molokai_1302_5035_11171.jpg"}}, {"type": "Feature", "geometry": {"type": "Point", "coordinates": [-157.19304296665953, 21.20790223092276]}, "properties": {"item_id": "1302_5035_11171_245", "stop_id": "S018", "cls": "eps_buoy", "cls_raw": "Styrofoam_Buoy", "x": 687556.7311630839, "y": 2346227.168169074, "r95_m": 3.0, "n_views": 1, "area_m2": 1.3942136316004878, "length_m": 1.2903930664064103, "h_p90_m": 0.0, "volume_m3": 0.48797477106017073, "valid_3d": false, "buried_suspect": false, "weight_est_kg": 12.199369276504267, "weight_lo_kg": 5.228301118501829, "weight_hi_kg": 13.94213631600488, "weight_method": "2d:area×thick_range×rho", "crew": "1인", "tools": [], "weight_kg": null, "image": "molokai_1302_5035_11171.jpg"}}, {"type": "Feature", "geometry": {"type": "Point", "coordinates": [-157.19308750979533, 21.207912322116055]}, "properties": {"item_id": "1302_5035_11171_246", "stop_id": "S018", "cls": "eps_buoy", "cls_raw": "Styrofoam_Buoy", "x": 687552.0938288782, "y": 2346228.2326516183, "r95_m": 3.0, "n_views": 1, "area_m2": 0.505765150435022, "length_m": 0.7754367065430651, "h_p90_m": 0.0, "volume_m3": 0.1770178026522577, "valid_3d": false, "buried_suspect": false, "weight_est_kg": 4.425445066306442, "weight_lo_kg": 1.8966193141313326, "weight_hi_kg": 5.05765150435022, "weight_method": "2d:area×thick_range×rho", "crew": "1인", "tools": [], "weight_kg": null, "image": "molokai_1302_5035_11171.jpg"}}, {"type": "Feature", "geometry": {"type": "Point", "coordinates": [-157.19309017654496, 21.207870771332363]}, "properties": {"item_id": "1302_5035_11171_247", "stop_id": "S018", "cls": "eps_fragment", "cls_raw": "Styrofoam_Piece", "x": 687551.8694605267, "y": 2346223.6291398914, "r95_m": 3.0, "n_views": 1, "area_m2": 0.3514400156618037, "length_m": 0.5989025878906994, "h_p90_m": 0.0, "volume_m3": 0.010543200469854111, "valid_3d": false, "buried_suspect": false, "weight_est_kg": 0.21086400939708222, "weight_lo_kg": 0.1405760062647215, "weight_hi_kg": 0.7028800313236074, "weight_method": "2d:area×thick_range×rho", "crew": "1인", "tools": [], "weight_kg": null, "image": "molokai_1302_5035_11171.jpg"}}, {"type": "Feature", "geometry": {"type": "Point", "coordinates": [-157.19298990803534, 21.207920425308387]}, "properties": {"item_id": "1302_5035_11171_248", "stop_id": "S018", "cls": "plastic_other", "cls_raw": "Plastic_ETC", "x": 687562.2168565753, "y": 2346229.2454547323, "r95_m": 3.0, "n_views": 1, "area_m2": 0.47054832314264544, "length_m": 0.7386425781250917, "h_p90_m": 0.0, "volume_m3": 0.014116449694279363, "valid_3d": false, "buried_suspect": false, "weight_est_kg": 1.129315975542349, "weight_lo_kg": 0.7528773170282327, "weight_hi_kg": 3.764386585141164, "weight_method": "2d:area×thick_range×rho", "crew": "1인", "tools": [], "weight_kg": null, "image": "molokai_1302_5035_11171.jpg"}}, {"type": "Feature", "geometry": {"type": "Point", "coordinates": [-157.1930662103104, 21.20784559293153]}, "properties": {"item_id": "1302_5035_11171_249", "stop_id": "S018", "cls": "pet_bottle", "cls_raw": "PET_Bottle", "x": 687554.3895114954, "y": 2346220.869875288, "r95_m": 3.0, "n_views": 1, "area_m2": 0.17665323095326044, "length_m": 0.8398779296876043, "h_p90_m": 0.0, "volume_m3": 0.010599193857195625, "valid_3d": false, "buried_suspect": false, "weight_est_kg": 0.3497733972874556, "weight_lo_kg": 0.2914778310728798, "weight_hi_kg": 0.5829556621457596, "weight_method": "2d:area×thick_range×rho", "crew": "1인", "tools": [], "weight_kg": null, "image": "molokai_1302_5035_11171.jpg"}}, {"type": "Feature", "geometry": {"type": "Point", "coordinates": [-157.19284293014707, 21.20765962486428]}, "properties": {"item_id": "1302_5904_12425_254", "stop_id": "S019", "cls": "eps_fragment", "cls_raw": "Styrofoam_Piece", "x": 687577.8060522368, "y": 2346200.5447371593, "r95_m": 3.0, "n_views": 1, "area_m2": 0.14584635406736182, "length_m": 0.39898925781254957, "h_p90_m": 0.0, "volume_m3": 0.004375390622020855, "valid_3d": false, "buried_suspect": false, "weight_est_kg": 0.0875078124404171, "weight_lo_kg": 0.058338541626944726, "weight_hi_kg": 0.29169270813472364, "weight_method": "2d:area×thick_range×rho", "crew": "1인", "tools": [], "weight_kg": null, "image": "molokai_1302_5904_12425.jpg"}}, {"type": "Feature", "geometry": {"type": "Point", "coordinates": [-157.19292774567688, 21.207706335221562]}, "properties": {"item_id": "1302_5904_12425_255", "stop_id": "S020", "cls": "pet_bottle", "cls_raw": "PET_Bottle", "x": 687568.9412447701, "y": 2346205.615834318, "r95_m": 3.0, "n_views": 1, "area_m2": 0.31885213399705015, "length_m": 0.6903570556641483, "h_p90_m": 0.0, "volume_m3": 0.019131128039823007, "valid_3d": false, "buried_suspect": false, "weight_est_kg": 0.6313272253141592, "weight_lo_kg": 0.5261060210951327, "weight_hi_kg": 1.0522120421902654, "weight_method": "2d:area×thick_range×rho", "crew": "1인", "tools": [], "weight_kg": null, "image": "molokai_1302_5904_12425.jpg"}}, {"type": "Feature", "geometry": {"type": "Point", "coordinates": [-157.19285881013892, 21.207686004657255]}, "properties": {"item_id": "1302_5904_12425_256", "stop_id": "S019", "cls": "eps_buoy", "cls_raw": "Styrofoam_Buoy", "x": 687576.1240120336, "y": 2346203.4465945703, "r95_m": 3.0, "n_views": 1, "area_m2": 1.5038084846202295, "length_m": 1.2564111328126562, "h_p90_m": 0.0, "volume_m3": 0.5263329696170803, "valid_3d": false, "buried_suspect": false, "weight_est_kg": 13.158324240427008, "weight_lo_kg": 5.639281817325861, "weight_hi_kg": 15.038084846202295, "weight_method": "2d:area×thick_range×rho", "crew": "1인", "tools": [], "weight_kg": null, "image": "molokai_1302_5904_12425.jpg"}}, {"type": "Feature", "geometry": {"type": "Point", "coordinates": [-157.19289203591424, 21.207705548012378]}, "properties": {"item_id": "1302_5904_12425_257", "stop_id": "S020", "cls": "eps_fragment", "cls_raw": "Styrofoam_Piece", "x": 687572.6497246866, "y": 2346205.5709920754, "r95_m": 3.0, "n_views": 1, "area_m2": 0.18917696889643604, "length_m": 0.4869897460938105, "h_p90_m": 0.0, "volume_m3": 0.005675309066893081, "valid_3d": false, "buried_suspect": false, "weight_est_kg": 0.11350618133786163, "weight_lo_kg": 0.07567078755857441, "weight_hi_kg": 0.37835393779287213, "weight_method": "2d:area×thick_range×rho", "crew": "1인", "tools": [], "weight_kg": null, "image": "molokai_1302_5904_12425.jpg"}}, {"type": "Feature", "geometry": {"type": "Point", "coordinates": [-157.1928983693928, 21.207685838173578]}, "properties": {"item_id": "1302_5904_12425_258", "stop_id": "S019", "cls": "eps_buoy", "cls_raw": "Styrofoam_Buoy", "x": 687572.017071937, "y": 2346203.3812851165, "r95_m": 3.0, "n_views": 1, "area_m2": 0.5078643413991998, "length_m": 0.72438232421884, "h_p90_m": 0.0, "volume_m3": 0.1777525194897199, "valid_3d": false, "buried_suspect": false, "weight_est_kg": 4.443812987242998, "weight_lo_kg": 1.904491280246999, "weight_hi_kg": 5.0786434139919985, "weight_method": "2d:area×thick_range×rho", "crew": "1인", "tools": [], "weight_kg": null, "image": "molokai_1302_5904_12425.jpg"}}, {"type": "Feature", "geometry": {"type": "Point", "coordinates": [-157.19287831434485, 21.207700682666072]}, "properties": {"item_id": "1302_5904_12425_259", "stop_id": "S019", "cls": "eps_fragment", "cls_raw": "Styrofoam_Piece", "x": 687574.080483704, "y": 2346205.048578307, "r95_m": 3.0, "n_views": 1, "area_m2": 0.3940195258141543, "length_m": 0.6530957031250811, "h_p90_m": 0.0, "volume_m3": 0.011820585774424628, "valid_3d": false, "buried_suspect": false, "weight_est_kg": 0.23641171548849257, "weight_lo_kg": 0.1576078103256617, "weight_hi_kg": 0.7880390516283087, "weight_method": "2d:area×thick_range×rho", "crew": "1인", "tools": [], "weight_kg": null, "image": "molokai_1302_5904_12425.jpg"}}, {"type": "Feature", "geometry": {"type": "Point", "coordinates": [-157.19287846453133, 21.207673852768536]}, "properties": {"item_id": "1302_5904_12425_260", "stop_id": "S019", "cls": "plastic_buoy", "cls_raw": "Plastic_Buoy", "x": 687574.0987948587, "y": 2346202.0778912334, "r95_m": 3.0, "n_views": 1, "area_m2": 0.910948361218202, "length_m": 0.9787255859376216, "h_p90_m": 0.0, "volume_m3": 0.2732845083654606, "valid_3d": false, "buried_suspect": false, "weight_est_kg": 16.397070501927637, "weight_lo_kg": 8.198535250963818, "weight_hi_kg": 21.86276066923685, "weight_method": "2d:area×thick_range×rho", "crew": "1인", "tools": [], "weight_kg": null, "image": "molokai_1302_5904_12425.jpg"}}, {"type": "Feature", "geometry": {"type": "Point", "coordinates": [-157.19292781307232, 21.207631612382457]}, "properties": {"item_id": "1302_5904_12425_261", "stop_id": "S019", "cls": "eps_fragment", "cls_raw": "Styrofoam_Piece", "x": 687569.0286693578, "y": 2346197.342712463, "r95_m": 3.0, "n_views": 1, "area_m2": 0.11879081328551443, "length_m": 0.387832717895556, "h_p90_m": 0.0, "volume_m3": 0.0035637243985654327, "valid_3d": false, "buried_suspect": false, "weight_est_kg": 0.07127448797130866, "weight_lo_kg": 0.04751632531420577, "weight_hi_kg": 0.23758162657102885, "weight_method": "2d:area×thick_range×rho", "crew": "1인", "tools": [], "weight_kg": null, "image": "molokai_1302_5904_12425.jpg"}}, {"type": "Feature", "geometry": {"type": "Point", "coordinates": [-157.1928551056534, 21.20765814961817]}, "properties": {"item_id": "1302_5904_12425_262", "stop_id": "S019", "cls": "plastic_buoy", "cls_raw": "Plastic_Buoy", "x": 687576.5438216965, "y": 2346200.3669752795, "r95_m": 3.0, "n_views": 1, "area_m2": 0.16059835162166772, "length_m": 0.41336914062505137, "h_p90_m": 0.0, "volume_m3": 0.04817950548650032, "valid_3d": false, "buried_suspect": false, "weight_est_kg": 2.890770329190019, "weight_lo_kg": 1.4453851645950095, "weight_hi_kg": 3.854360438920025, "weight_method": "2d:area×thick_range×rho", "crew": "1인", "tools": [], "weight_kg": null, "image": "molokai_1302_5904_12425.jpg"}}, {"type": "Feature", "geometry": {"type": "Point", "coordinates": [-157.19287043426561, 21.20771017368917]}, "properties": {"item_id": "1302_5904_12425_263", "stop_id": "S019", "cls": "eps_fragment", "cls_raw": "Styrofoam_Piece", "x": 687574.8866215997, "y": 2346206.108727799, "r95_m": 3.0, "n_views": 1, "area_m2": 0.24130141181951795, "length_m": 0.4923046875000612, "h_p90_m": 0.0, "volume_m3": 0.007239042354585538, "valid_3d": false, "buried_suspect": false, "weight_est_kg": 0.14478084709171077, "weight_lo_kg": 0.09652056472780718, "weight_hi_kg": 0.4826028236390359, "weight_method": "2d:area×thick_range×rho", "crew": "1인", "tools": [], "weight_kg": null, "image": "molokai_1302_5904_12425.jpg"}}, {"type": "Feature", "geometry": {"type": "Point", "coordinates": [-157.19290668881203, 21.2077307221017]}, "properties": {"item_id": "1302_5904_12425_264", "stop_id": "S020", "cls": "eps_fragment", "cls_raw": "Styrofoam_Piece", "x": 687571.0966096853, "y": 2346208.340812842, "r95_m": 3.0, "n_views": 1, "area_m2": 0.10760724473095379, "length_m": 0.3741259765625465, "h_p90_m": 0.0, "volume_m3": 0.0032282173419286137, "valid_3d": false, "buried_suspect": false, "weight_est_kg": 0.06456434683857228, "weight_lo_kg": 0.04304289789238151, "weight_hi_kg": 0.2152144894619076, "weight_method": "2d:area×thick_range×rho", "crew": "1인", "tools": [], "weight_kg": null, "image": "molokai_1302_5904_12425.jpg"}}, {"type": "Feature", "geometry": {"type": "Point", "coordinates": [-157.19284290453498, 21.20765963389636]}, "properties": {"item_id": "1302_5950_12785_270", "stop_id": "S019", "cls": "eps_fragment", "cls_raw": "Styrofoam_Piece", "x": 687577.8086999414, "y": 2346200.5457675094, "r95_m": 3.0, "n_views": 1, "area_m2": 0.14274138694707125, "length_m": 0.39661682128911174, "h_p90_m": 0.0, "volume_m3": 0.0042822416084121375, "valid_3d": false, "buried_suspect": false, "weight_est_kg": 0.08564483216824276, "weight_lo_kg": 0.05709655477882851, "weight_hi_kg": 0.2854827738941425, "weight_method": "2d:area×thick_range×rho", "crew": "1인", "tools": [], "weight_kg": null, "image": "molokai_1302_5950_12785.jpg"}}, {"type": "Feature", "geometry": {"type": "Point", "coordinates": [-157.19292781496682, 21.207631572622727]}, "properties": {"item_id": "1302_5950_12785_271", "stop_id": "S019", "cls": "eps_fragment", "cls_raw": "Styrofoam_Piece", "x": 687569.0285229051, "y": 2346197.3383081644, "r95_m": 3.0, "n_views": 1, "area_m2": 0.12872078089447164, "length_m": 0.4067019844055681, "h_p90_m": 0.0, "volume_m3": 0.003861623426834149, "valid_3d": false, "buried_suspect": false, "weight_est_kg": 0.07723246853668297, "weight_lo_kg": 0.051488312357788654, "weight_hi_kg": 0.2574415617889433, "weight_method": "2d:area×thick_range×rho", "crew": "1인", "tools": [], "weight_kg": null, "image": "molokai_1302_5950_12785.jpg"}}, {"type": "Feature", "geometry": {"type": "Point", "coordinates": [-157.19287158167998, 21.207608876427443]}, "properties": {"item_id": "1302_5950_12785_272", "stop_id": "S019", "cls": "plastic_other", "cls_raw": "Plastic_ETC", "x": 687574.8954997505, "y": 2346194.8921021023, "r95_m": 3.0, "n_views": 1, "area_m2": 0.486361005938174, "length_m": 0.6981103515625867, "h_p90_m": 0.0, "volume_m3": 0.01459083017814522, "valid_3d": false, "buried_suspect": false, "weight_est_kg": 1.1672664142516176, "weight_lo_kg": 0.7781776095010784, "weight_hi_kg": 3.890888047505392, "weight_method": "2d:area×thick_range×rho", "crew": "1인", "tools": [], "weight_kg": null, "image": "molokai_1302_5950_12785.jpg"}}, {"type": "Feature", "geometry": {"type": "Point", "coordinates": [-157.19285515407128, 21.207658141869317]}, "properties": {"item_id": "1302_5950_12785_273", "stop_id": "S019", "cls": "plastic_buoy", "cls_raw": "Plastic_Buoy", "x": 687576.5388046093, "y": 2346200.366059979, "r95_m": 3.0, "n_views": 1, "area_m2": 0.1609055683494014, "length_m": 0.4113629150391136, "h_p90_m": 0.0, "volume_m3": 0.04827167050482042, "valid_3d": false, "buried_suspect": false, "weight_est_kg": 2.896300230289225, "weight_lo_kg": 1.4481501151446126, "weight_hi_kg": 3.8617336403856335, "weight_method": "2d:area×thick_range×rho", "crew": "1인", "tools": [], "weight_kg": null, "image": "molokai_1302_5950_12785.jpg"}}, {"type": "Feature", "geometry": {"type": "Point", "coordinates": [-157.19282221529483, 21.2076517262276]}, "properties": {"item_id": "1302_5950_12785_274", "stop_id": "S019", "cls": "eps_fragment", "cls_raw": "Styrofoam_Piece", "x": 687579.9667070629, "y": 2346199.6947760074, "r95_m": 3.0, "n_views": 1, "area_m2": 0.09788632777335692, "length_m": 0.35073242187504355, "h_p90_m": 0.0, "volume_m3": 0.0029365898332007075, "valid_3d": false, "buried_suspect": false, "weight_est_kg": 0.05873179666401415, "weight_lo_kg": 0.03915453110934276, "weight_hi_kg": 0.19577265554671386, "weight_method": "2d:area×thick_range×rho", "crew": "1인", "tools": [], "weight_kg": null, "image": "molokai_1302_5950_12785.jpg"}}, {"type": "Feature", "geometry": {"type": "Point", "coordinates": [-157.19276363751294, 21.207566095012968]}, "properties": {"item_id": "1302_6268_13050_276", "stop_id": "S019", "cls": "eps_buoy", "cls_raw": "Styrofoam_Buoy", "x": 687586.1566304375, "y": 2346190.283414416, "r95_m": 3.0, "n_views": 1, "area_m2": 2.286810997820469, "length_m": 1.5751855468751956, "h_p90_m": 0.0, "volume_m3": 0.8003838492371641, "valid_3d": false, "buried_suspect": false, "weight_est_kg": 20.009596230929102, "weight_lo_kg": 8.575541241826757, "weight_hi_kg": 22.86810997820469, "weight_method": "2d:area×thick_range×rho", "crew": "1인", "tools": [], "weight_kg": null, "image": "molokai_1302_6268_13050.jpg"}}, {"type": "Feature", "geometry": {"type": "Point", "coordinates": [-157.19281066324402, 21.207560600683536]}, "properties": {"item_id": "1302_6268_13050_277", "stop_id": "S019", "cls": "eps_fragment", "cls_raw": "Styrofoam_Piece", "x": 687581.2812288452, "y": 2346189.619374957, "r95_m": 3.0, "n_views": 1, "area_m2": 0.4815432394356732, "length_m": 0.7042956542969625, "h_p90_m": 0.0, "volume_m3": 0.014446297183070195, "valid_3d": false, "buried_suspect": false, "weight_est_kg": 0.2889259436614039, "weight_lo_kg": 0.19261729577426928, "weight_hi_kg": 0.9630864788713465, "weight_method": "2d:area×thick_range×rho", "crew": "1인", "tools": [], "weight_kg": null, "image": "molokai_1302_6268_13050.jpg"}}, {"type": "Feature", "geometry": {"type": "Point", "coordinates": [-157.19280359469494, 21.20758622906134]}, "properties": {"item_id": "1302_6268_13050_278", "stop_id": "S019", "cls": "pet_bottle", "cls_raw": "PET_Bottle", "x": 687581.9827188953, "y": 2346192.465232593, "r95_m": 3.0, "n_views": 1, "area_m2": 0.791650090116459, "length_m": 0.8994177246094868, "h_p90_m": 0.0, "volume_m3": 0.04749900540698754, "valid_3d": false, "buried_suspect": false, "weight_est_kg": 1.5674671784305887, "weight_lo_kg": 1.3062226486921575, "weight_hi_kg": 2.612445297384315, "weight_method": "2d:area×thick_range×rho", "crew": "1인", "tools": [], "weight_kg": null, "image": "molokai_1302_6268_13050.jpg"}}, {"type": "Feature", "geometry": {"type": "Point", "coordinates": [-157.19394419648495, 21.209319516381683]}, "properties": {"item_id": "1302_62_3190_280", "stop_id": "S021", "cls": "eps_buoy", "cls_raw": "Styrofoam_Buoy", "x": 687461.3731785738, "y": 2346383.0172446445, "r95_m": 3.0, "n_views": 1, "area_m2": 0.6829200481297282, "length_m": 0.8294091796876031, "h_p90_m": 0.0, "volume_m3": 0.23902201684540483, "valid_3d": false, "buried_suspect": false, "weight_est_kg": 5.975550421135121, "weight_lo_kg": 2.5609501804864805, "weight_hi_kg": 6.829200481297281, "weight_method": "2d:area×thick_range×rho", "crew": "1인", "tools": [], "weight_kg": null, "image": "molokai_1302_62_3190.jpg"}}, {"type": "Feature", "geometry": {"type": "Point", "coordinates": [-157.1939843363806, 21.209354157880902]}, "properties": {"item_id": "1302_62_3190_281", "stop_id": "S021", "cls": "plastic_buoy", "cls_raw": "Plastic_Buoy", "x": 687457.1620404656, "y": 2346386.8050855547, "r95_m": 3.0, "n_views": 1, "area_m2": 0.6329390636490368, "length_m": 0.8492834472657305, "h_p90_m": 0.0, "volume_m3": 0.18988171909471105, "valid_3d": false, "buried_suspect": false, "weight_est_kg": 11.392903145682663, "weight_lo_kg": 5.696451572841331, "weight_hi_kg": 15.190537527576884, "weight_method": "2d:area×thick_range×rho", "crew": "1인", "tools": [], "weight_kg": null, "image": "molokai_1302_62_3190.jpg"}}, {"type": "Feature", "geometry": {"type": "Point", "coordinates": [-157.19400260215764, 21.209356365527707]}, "properties": {"item_id": "1302_62_3190_282", "stop_id": "S021", "cls": "eps_fragment", "cls_raw": "Styrofoam_Piece", "x": 687455.2628712973, "y": 2346387.02787553, "r95_m": 3.0, "n_views": 1, "area_m2": 0.2681700857163142, "length_m": 0.571524658203196, "h_p90_m": 0.0, "volume_m3": 0.008045102571489425, "valid_3d": false, "buried_suspect": false, "weight_est_kg": 0.1609020514297885, "weight_lo_kg": 0.10726803428652566, "weight_hi_kg": 0.5363401714326284, "weight_method": "2d:area×thick_range×rho", "crew": "1인", "tools": [], "weight_kg": null, "image": "molokai_1302_62_3190.jpg"}}, {"type": "Feature", "geometry": {"type": "Point", "coordinates": [-157.19393260079565, 21.209405011018735]}, "properties": {"item_id": "1302_62_3190_283", "stop_id": "S021", "cls": "eps_buoy", "cls_raw": "Styrofoam_Buoy", "x": 687462.4690797417, "y": 2346392.4966323595, "r95_m": 3.0, "n_views": 1, "area_m2": 3.0091537964917743, "length_m": 2.1867651367190217, "h_p90_m": 0.0, "volume_m3": 1.0532038287721208, "valid_3d": false, "buried_suspect": false, "weight_est_kg": 26.33009571930302, "weight_lo_kg": 11.284326736844152, "weight_hi_kg": 30.091537964917748, "weight_method": "2d:area×thick_range×rho", "crew": "2인", "tools": [], "weight_kg": null, "image": "molokai_1302_62_3190.jpg"}}, {"type": "Feature", "geometry": {"type": "Point", "coordinates": [-157.19395476225444, 21.209333957443445]}, "properties": {"item_id": "1302_62_3190_284", "stop_id": "S021", "cls": "plastic_buoy", "cls_raw": "Plastic_Buoy_China", "x": 687460.2579848248, "y": 2346384.603592694, "r95_m": 3.0, "n_views": 1, "area_m2": 0.33622042577275046, "length_m": 0.6011523437500746, "h_p90_m": 0.0, "volume_m3": 0.10086612773182514, "valid_3d": false, "buried_suspect": false, "weight_est_kg": 6.051967663909508, "weight_lo_kg": 3.025983831954754, "weight_hi_kg": 8.06929021854601, "weight_method": "2d:area×thick_range×rho", "crew": "1인", "tools": [], "weight_kg": null, "image": "molokai_1302_62_3190.jpg"}}, {"type": "Feature", "geometry": {"type": "Point", "coordinates": [-157.19268257664638, 21.20746982971241]}, "properties": {"item_id": "1302_7076_13781_288", "stop_id": "S019", "cls": "eps_fragment", "cls_raw": "Styrofoam_Piece", "x": 687594.6942588512, "y": 2346179.721331711, "r95_m": 3.0, "n_views": 1, "area_m2": 0.3127343189858677, "length_m": 0.6068591308594504, "h_p90_m": 0.0, "volume_m3": 0.00938202956957603, "valid_3d": false, "buried_suspect": false, "weight_est_kg": 0.18764059139152062, "weight_lo_kg": 0.12509372759434706, "weight_hi_kg": 0.6254686379717355, "weight_method": "2d:area×thick_range×rho", "crew": "1인", "tools": [], "weight_kg": null, "image": "molokai_1302_7076_13781.jpg"}}, {"type": "Feature", "geometry": {"type": "Point", "coordinates": [-157.19265644098473, 21.20745086156682]}, "properties": {"item_id": "1302_7076_13781_289", "stop_id": "S019", "cls": "eps_buoy", "cls_raw": "Styrofoam_Buoy", "x": 687597.4317113025, "y": 2346177.6522207824, "r95_m": 3.0, "n_views": 1, "area_m2": 1.7976558338400719, "length_m": 1.4484063720704925, "h_p90_m": 0.0, "volume_m3": 0.6291795418440251, "valid_3d": false, "buried_suspect": false, "weight_est_kg": 15.729488546100628, "weight_lo_kg": 6.741209376900269, "weight_hi_kg": 17.976558338400718, "weight_method": "2d:area×thick_range×rho", "crew": "1인", "tools": [], "weight_kg": null, "image": "molokai_1302_7076_13781.jpg"}}, {"type": "Feature", "geometry": {"type": "Point", "coordinates": [-157.19267683573818, 21.207405560202968]}, "properties": {"item_id": "1302_7076_13781_290", "stop_id": "S019", "cls": "eps_buoy", "cls_raw": "Styrofoam_Buoy", "x": 687595.3715197452, "y": 2346172.612447508, "r95_m": 3.0, "n_views": 1, "area_m2": 0.5905510859073675, "length_m": 0.7899420166016606, "h_p90_m": 0.0, "volume_m3": 0.2066928800675786, "valid_3d": false, "buried_suspect": false, "weight_est_kg": 5.167322001689465, "weight_lo_kg": 2.214566572152628, "weight_hi_kg": 5.905510859073675, "weight_method": "2d:area×thick_range×rho", "crew": "1인", "tools": [], "weight_kg": null, "image": "molokai_1302_7076_13781.jpg"}}, {"type": "Feature", "geometry": {"type": "Point", "coordinates": [-157.19269166329227, 21.207482882301903]}, "properties": {"item_id": "1302_7076_13781_291", "stop_id": "S019", "cls": "plastic_buoy", "cls_raw": "Plastic_Buoy_China", "x": 687593.7343612366, "y": 2346181.155698675, "r95_m": 3.0, "n_views": 1, "area_m2": 0.2629363258215786, "length_m": 0.6292784118653125, "h_p90_m": 0.0, "volume_m3": 0.07888089774647358, "valid_3d": false, "buried_suspect": false, "weight_est_kg": 4.732853864788415, "weight_lo_kg": 2.3664269323942073, "weight_hi_kg": 6.310471819717886, "weight_method": "2d:area×thick_range×rho", "crew": "1인", "tools": [], "weight_kg": null, "image": "molokai_1302_7076_13781.jpg"}}, {"type": "Feature", "geometry": {"type": "Point", "coordinates": [-157.19270017500415, 21.207392873319833]}, "properties": {"item_id": "1302_7076_13781_292", "stop_id": "S022", "cls": "plastic_other", "cls_raw": "Plastic_ETC", "x": 687592.9644015384, "y": 2346171.1801424716, "r95_m": 3.0, "n_views": 1, "area_m2": 0.4417115467013026, "length_m": 0.7267175292969653, "h_p90_m": 0.0, "volume_m3": 0.013251346401039078, "valid_3d": false, "buried_suspect": false, "weight_est_kg": 1.0601077120831262, "weight_lo_kg": 0.7067384747220841, "weight_hi_kg": 3.533692373610421, "weight_method": "2d:area×thick_range×rho", "crew": "1인", "tools": [], "weight_kg": null, "image": "molokai_1302_7076_13781.jpg"}}, {"type": "Feature", "geometry": {"type": "Point", "coordinates": [-157.19267374714923, 21.20742825308945]}, "properties": {"item_id": "1302_7076_13781_293", "stop_id": "S019", "cls": "eps_fragment", "cls_raw": "Styrofoam_Piece", "x": 687595.6635071266, "y": 2346175.1285821623, "r95_m": 3.0, "n_views": 1, "area_m2": 0.26986315227455643, "length_m": 0.5352648925781915, "h_p90_m": 0.0, "volume_m3": 0.008095894568236693, "valid_3d": false, "buried_suspect": false, "weight_est_kg": 0.16191789136473386, "weight_lo_kg": 0.10794526090982257, "weight_hi_kg": 0.5397263045491129, "weight_method": "2d:area×thick_range×rho", "crew": "1인", "tools": [], "weight_kg": null, "image": "molokai_1302_7076_13781.jpg"}}, {"type": "Feature", "geometry": {"type": "Point", "coordinates": [-157.1926637119235, 21.207419803206367]}, "properties": {"item_id": "1302_7076_13781_294", "stop_id": "S019", "cls": "eps_fragment", "cls_raw": "Styrofoam_Piece", "x": 687596.71607269, "y": 2346174.20493447, "r95_m": 3.0, "n_views": 1, "area_m2": 0.18096768213515008, "length_m": 0.43586669921880417, "h_p90_m": 0.0, "volume_m3": 0.005429030464054502, "valid_3d": false, "buried_suspect": false, "weight_est_kg": 0.10858060928109003, "weight_lo_kg": 0.07238707285406003, "weight_hi_kg": 0.36193536427030015, "weight_method": "2d:area×thick_range×rho", "crew": "1인", "tools": [], "weight_kg": null, "image": "molokai_1302_7076_13781.jpg"}}, {"type": "Feature", "geometry": {"type": "Point", "coordinates": [-157.19265130489126, 21.207441323921596]}, "properties": {"item_id": "1302_7076_13781_295", "stop_id": "S019", "cls": "plastic_other", "cls_raw": "Plastic_ETC", "x": 687597.9770092852, "y": 2346176.602334047, "r95_m": 3.0, "n_views": 1, "area_m2": 0.6465391512559471, "length_m": 1.1643579101563946, "h_p90_m": 0.0, "volume_m3": 0.01939617453767841, "valid_3d": false, "buried_suspect": false, "weight_est_kg": 1.551693963014273, "weight_lo_kg": 1.0344626420095153, "weight_hi_kg": 5.172313210047577, "weight_method": "2d:area×thick_range×rho", "crew": "1인", "tools": [], "weight_kg": null, "image": "molokai_1302_7076_13781.jpg"}}, {"type": "Feature", "geometry": {"type": "Point", "coordinates": [-157.19261614640214, 21.207374053645122]}, "properties": {"item_id": "1302_7076_13781_296", "stop_id": "S023", "cls": "eps_buoy", "cls_raw": "Styrofoam_Buoy", "x": 687601.7122848423, "y": 2346169.1960794628, "r95_m": 3.0, "n_views": 1, "area_m2": 1.4838216104511133, "length_m": 1.2508300781251553, "h_p90_m": 0.0, "volume_m3": 0.5193375636578896, "valid_3d": false, "buried_suspect": false, "weight_est_kg": 12.983439091447242, "weight_lo_kg": 5.564331039191674, "weight_hi_kg": 14.838216104511135, "weight_method": "2d:area×thick_range×rho", "crew": "1인", "tools": [], "weight_kg": null, "image": "molokai_1302_7076_13781.jpg"}}, {"type": "Feature", "geometry": {"type": "Point", "coordinates": [-157.19256332806066, 21.20728610526023]}, "properties": {"item_id": "1302_7568_14668_298", "stop_id": "S023", "cls": "plastic_other", "cls_raw": "Plastic_ETC", "x": 687607.3071970885, "y": 2346159.5213498883, "r95_m": 3.0, "n_views": 1, "area_m2": 0.38861148441294546, "length_m": 0.6344689941407038, "h_p90_m": 0.0, "volume_m3": 0.011658344532388364, "valid_3d": false, "buried_suspect": false, "weight_est_kg": 0.9326675625910691, "weight_lo_kg": 0.6217783750607128, "weight_hi_kg": 3.1088918753035637, "weight_method": "2d:area×thick_range×rho", "crew": "1인", "tools": [], "weight_kg": null, "image": "molokai_1302_7568_14668.jpg"}}, {"type": "Feature", "geometry": {"type": "Point", "coordinates": [-157.19255204213667, 21.207314268694606]}, "properties": {"item_id": "1302_7568_14668_299", "stop_id": "S023", "cls": "eps_fragment", "cls_raw": "Styrofoam_Piece", "x": 687608.4433411681, "y": 2346162.652879437, "r95_m": 3.0, "n_views": 1, "area_m2": 0.23434284110522133, "length_m": 0.4894128417969358, "h_p90_m": 0.0, "volume_m3": 0.00703028523315664, "valid_3d": false, "buried_suspect": false, "weight_est_kg": 0.1406057046631328, "weight_lo_kg": 0.09373713644208853, "weight_hi_kg": 0.46868568221044266, "weight_method": "2d:area×thick_range×rho", "crew": "1인", "tools": [], "weight_kg": null, "image": "molokai_1302_7568_14668.jpg"}}, {"type": "Feature", "geometry": {"type": "Point", "coordinates": [-157.19258298800207, 21.207279727952447]}, "properties": {"item_id": "1302_7568_14668_300", "stop_id": "S023", "cls": "eps_fragment", "cls_raw": "Styrofoam_Piece", "x": 687605.2741021048, "y": 2346158.7919771536, "r95_m": 3.0, "n_views": 1, "area_m2": 0.19979615903650716, "length_m": 0.5108093261719384, "h_p90_m": 0.0, "volume_m3": 0.005993884771095214, "valid_3d": false, "buried_suspect": false, "weight_est_kg": 0.11987769542190428, "weight_lo_kg": 0.07991846361460286, "weight_hi_kg": 0.3995923180730143, "weight_method": "2d:area×thick_range×rho", "crew": "1인", "tools": [], "weight_kg": null, "image": "molokai_1302_7568_14668.jpg"}}, {"type": "Feature", "geometry": {"type": "Point", "coordinates": [-157.1925859117127, 21.20730977610446]}, "properties": {"item_id": "1302_7568_14668_301", "stop_id": "S023", "cls": "eps_fragment", "cls_raw": "Styrofoam_Piece", "x": 687604.9325773675, "y": 2346162.1153349467, "r95_m": 3.0, "n_views": 1, "area_m2": 0.2674749220836175, "length_m": 0.592558670044019, "h_p90_m": 0.0, "volume_m3": 0.008024247662508525, "valid_3d": false, "buried_suspect": false, "weight_est_kg": 0.1604849532501705, "weight_lo_kg": 0.106989968833447, "weight_hi_kg": 0.534949844167235, "weight_method": "2d:area×thick_range×rho", "crew": "1인", "tools": [], "weight_kg": null, "image": "molokai_1302_7568_14668.jpg"}}, {"type": "Feature", "geometry": {"type": "Point", "coordinates": [-157.19254712473082, 21.207314361137414]}, "properties": {"item_id": "1302_7568_14668_302", "stop_id": "S023", "cls": "plastic_other", "cls_raw": "Plastic_ETC", "x": 687608.9537642726, "y": 2346162.668942386, "r95_m": 3.0, "n_views": 1, "area_m2": 0.58168958445746, "length_m": 0.8076806640626003, "h_p90_m": 0.0, "volume_m3": 0.0174506875337238, "valid_3d": false, "buried_suspect": false, "weight_est_kg": 1.3960550026979042, "weight_lo_kg": 0.930703335131936, "weight_hi_kg": 4.65351667565968, "weight_method": "2d:area×thick_range×rho", "crew": "1인", "tools": [], "weight_kg": null, "image": "molokai_1302_7568_14668.jpg"}}, {"type": "Feature", "geometry": {"type": "Point", "coordinates": [-157.19251893300114, 21.207308349685547]}, "properties": {"item_id": "1302_7568_14668_303", "stop_id": "S023", "cls": "pet_bottle", "cls_raw": "PET_Bottle", "x": 687611.8883127195, "y": 2346162.036788732, "r95_m": 3.0, "n_views": 1, "area_m2": 0.3762003802434545, "length_m": 0.6200897216797645, "h_p90_m": 0.0, "volume_m3": 0.022572022814607268, "valid_3d": false, "buried_suspect": false, "weight_est_kg": 0.7448767528820398, "weight_lo_kg": 0.6207306274016999, "weight_hi_kg": 1.2414612548033999, "weight_method": "2d:area×thick_range×rho", "crew": "1인", "tools": [], "weight_kg": null, "image": "molokai_1302_7568_14668.jpg"}}, {"type": "Feature", "geometry": {"type": "Point", "coordinates": [-157.1921073933769, 21.20655211162905]}, "properties": {"item_id": "1512_10078_3657_305", "stop_id": "S024", "cls": "eps_fragment", "cls_raw": "Styrofoam_Piece", "x": 687655.5716115363, "y": 2346078.796642343, "r95_m": 3.0, "n_views": 1, "area_m2": 0.2710929211483079, "length_m": 0.6504083251953933, "h_p90_m": 0.0, "volume_m3": 0.008132787634449237, "valid_3d": false, "buried_suspect": false, "weight_est_kg": 0.16265575268898474, "weight_lo_kg": 0.10843716845932316, "weight_hi_kg": 0.5421858422966158, "weight_method": "2d:area×thick_range×rho", "crew": "1인", "tools": [], "weight_kg": null, "image": "molokai_1512_10078_3657.jpg"}}, {"type": "Feature", "geometry": {"type": "Point", "coordinates": [-157.1921482460636, 21.206577374192413]}, "properties": {"item_id": "1512_10078_3657_306", "stop_id": "S024", "cls": "plastic_buoy", "cls_raw": "Plastic_Buoy", "x": 687651.2982049233, "y": 2346081.545194667, "r95_m": 3.0, "n_views": 1, "area_m2": 0.220895276227788, "length_m": 0.5120501708985011, "h_p90_m": 0.0, "volume_m3": 0.0662685828683364, "valid_3d": false, "buried_suspect": false, "weight_est_kg": 3.976114972100184, "weight_lo_kg": 1.988057486050092, "weight_hi_kg": 5.301486629466912, "weight_method": "2d:area×thick_range×rho", "crew": "1인", "tools": [], "weight_kg": null, "image": "molokai_1512_10078_3657.jpg"}}, {"type": "Feature", "geometry": {"type": "Point", "coordinates": [-157.1921082355777, 21.206557247560795]}, "properties": {"item_id": "1512_10078_3657_307", "stop_id": "S024", "cls": "eps_fragment", "cls_raw": "Styrofoam_Piece", "x": 687655.4776787139, "y": 2346079.364275845, "r95_m": 3.0, "n_views": 1, "area_m2": 0.46289772305723603, "length_m": 0.6861578369141478, "h_p90_m": 0.0, "volume_m3": 0.013886931691717081, "valid_3d": false, "buried_suspect": false, "weight_est_kg": 0.2777386338343416, "weight_lo_kg": 0.1851590892228944, "weight_hi_kg": 0.9257954461144722, "weight_method": "2d:area×thick_range×rho", "crew": "1인", "tools": [], "weight_kg": null, "image": "molokai_1512_10078_3657.jpg"}}, {"type": "Feature", "geometry": {"type": "Point", "coordinates": [-157.19209118980916, 21.206525778506638]}, "properties": {"item_id": "1512_10078_3657_308", "stop_id": "S024", "cls": "eps_fragment", "cls_raw": "Styrofoam_Piece", "x": 687657.2872128424, "y": 2346075.9003421846, "r95_m": 3.0, "n_views": 1, "area_m2": 0.27869248616702325, "length_m": 0.5502807617188183, "h_p90_m": 0.0, "volume_m3": 0.008360774585010698, "valid_3d": false, "buried_suspect": false, "weight_est_kg": 0.16721549170021394, "weight_lo_kg": 0.11147699446680931, "weight_hi_kg": 0.5573849723340465, "weight_method": "2d:area×thick_range×rho", "crew": "1인", "tools": [], "weight_kg": null, "image": "molokai_1512_10078_3657.jpg"}}, {"type": "Feature", "geometry": {"type": "Point", "coordinates": [-157.1921380316972, 21.206572358075796]}, "properties": {"item_id": "1512_10078_3657_309", "stop_id": "S024", "cls": "plastic_other", "cls_raw": "Plastic_ETC", "x": 687652.3650377269, "y": 2346081.0019365503, "r95_m": 3.0, "n_views": 1, "area_m2": 0.3941448789856445, "length_m": 0.6493788146973463, "h_p90_m": 0.0, "volume_m3": 0.011824346369569335, "valid_3d": false, "buried_suspect": false, "weight_est_kg": 0.9459477095655467, "weight_lo_kg": 0.6306318063770312, "weight_hi_kg": 3.153159031885156, "weight_method": "2d:area×thick_range×rho", "crew": "1인", "tools": [], "weight_kg": null, "image": "molokai_1512_10078_3657.jpg"}}, {"type": "Feature", "geometry": {"type": "Point", "coordinates": [-157.1920522094388, 21.206539762432705]}, "properties": {"item_id": "1512_10078_3657_310", "stop_id": "S024", "cls": "eps_fragment", "cls_raw": "Styrofoam_Piece", "x": 687661.316616914, "y": 2346077.4948017993, "r95_m": 3.0, "n_views": 1, "area_m2": 0.16291495662931677, "length_m": 0.4088720703125508, "h_p90_m": 0.0, "volume_m3": 0.004887448698879503, "valid_3d": false, "buried_suspect": false, "weight_est_kg": 0.09774897397759005, "weight_lo_kg": 0.06516598265172671, "weight_hi_kg": 0.32582991325863353, "weight_method": "2d:area×thick_range×rho", "crew": "1인", "tools": [], "weight_kg": null, "image": "molokai_1512_10078_3657.jpg"}}, {"type": "Feature", "geometry": {"type": "Point", "coordinates": [-157.19211658866413, 21.20657270437142]}, "properties": {"item_id": "1512_10078_3657_311", "stop_id": "S024", "cls": "eps_fragment", "cls_raw": "Styrofoam_Piece", "x": 687654.5908920018, "y": 2346081.0656962493, "r95_m": 3.0, "n_views": 1, "area_m2": 0.13807427267435643, "length_m": 0.39830566406254947, "h_p90_m": 0.0, "volume_m3": 0.004142228180230693, "valid_3d": false, "buried_suspect": false, "weight_est_kg": 0.08284456360461386, "weight_lo_kg": 0.055229709069742575, "weight_hi_kg": 0.27614854534871286, "weight_method": "2d:area×thick_range×rho", "crew": "1인", "tools": [], "weight_kg": null, "image": "molokai_1512_10078_3657.jpg"}}, {"type": "Feature", "geometry": {"type": "Point", "coordinates": [-157.19204252434565, 21.20652509396096]}, "properties": {"item_id": "1512_10078_3657_312", "stop_id": "S024", "cls": "rope", "cls_raw": "Rope", "x": 687662.3407016348, "y": 2346075.882242805, "r95_m": 3.0, "n_views": 1, "area_m2": 0.8167059578182342, "length_m": 1.0355908203126287, "h_p90_m": 0.0, "volume_m3": 0.024501178734547026, "valid_3d": false, "buried_suspect": false, "weight_est_kg": 9.80047149381881, "weight_lo_kg": 6.5336476625458735, "weight_hi_kg": 16.334119156364686, "weight_method": "2d:area×thick_range×rho", "crew": "1인", "tools": ["절단기"], "weight_kg": null, "image": "molokai_1512_10078_3657.jpg"}}, {"type": "Feature", "geometry": {"type": "Point", "coordinates": [-157.1921461047543, 21.206558912669795]}, "properties": {"item_id": "1512_10078_3657_313", "stop_id": "S024", "cls": "eps_fragment", "cls_raw": "Styrofoam_Piece", "x": 687651.5438606878, "y": 2346079.503739694, "r95_m": 3.0, "n_views": 1, "area_m2": 0.4475965937842796, "length_m": 0.7133499145508698, "h_p90_m": 0.0, "volume_m3": 0.013427897813528386, "valid_3d": false, "buried_suspect": false, "weight_est_kg": 0.2685579562705677, "weight_lo_kg": 0.17903863751371182, "weight_hi_kg": 0.8951931875685593, "weight_method": "2d:area×thick_range×rho", "crew": "1인", "tools": [], "weight_kg": null, "image": "molokai_1512_10078_3657.jpg"}}, {"type": "Feature", "geometry": {"type": "Point", "coordinates": [-157.19212014285142, 21.20652052113663]}, "properties": {"item_id": "1512_10078_3657_314", "stop_id": "S024", "cls": "eps_fragment", "cls_raw": "Styrofoam_Piece", "x": 687654.2878499194, "y": 2346075.283943114, "r95_m": 3.0, "n_views": 1, "area_m2": 0.19715245676045548, "length_m": 0.48408813476568513, "h_p90_m": 0.0, "volume_m3": 0.005914573702813664, "valid_3d": false, "buried_suspect": false, "weight_est_kg": 0.11829147405627329, "weight_lo_kg": 0.07886098270418221, "weight_hi_kg": 0.39430491352091096, "weight_method": "2d:area×thick_range×rho", "crew": "1인", "tools": [], "weight_kg": null, "image": "molokai_1512_10078_3657.jpg"}}, {"type": "Feature", "geometry": {"type": "Point", "coordinates": [-157.19189445578215, 21.206362894047572]}, "properties": {"item_id": "1512_10986_4514_324", "stop_id": "S025", "cls": "eps_buoy", "cls_raw": "Styrofoam_Buoy", "x": 687677.91877915, "y": 2346058.0995900636, "r95_m": 3.0, "n_views": 1, "area_m2": 0.5286261874349238, "length_m": 0.7868811035157227, "h_p90_m": 0.0, "volume_m3": 0.18501916560222334, "valid_3d": false, "buried_suspect": false, "weight_est_kg": 4.6254791400555835, "weight_lo_kg": 1.9823482028809642, "weight_hi_kg": 5.286261874349239, "weight_method": "2d:area×thick_range×rho", "crew": "1인", "tools": [], "weight_kg": null, "image": "molokai_1512_10986_4514.jpg"}}, {"type": "Feature", "geometry": {"type": "Point", "coordinates": [-157.19192836638575, 21.206421041188108]}, "properties": {"item_id": "1512_10986_4514_325", "stop_id": "S024", "cls": "eps_fragment", "cls_raw": "Styrofoam_Piece", "x": 687674.3245415268, "y": 2346064.4972295905, "r95_m": 3.0, "n_views": 1, "area_m2": 0.5486324156091981, "length_m": 0.8113061523438508, "h_p90_m": 0.0, "volume_m3": 0.01645897246827594, "valid_3d": false, "buried_suspect": false, "weight_est_kg": 0.3291794493655188, "weight_lo_kg": 0.21945296624367922, "weight_hi_kg": 1.0972648312183961, "weight_method": "2d:area×thick_range×rho", "crew": "1인", "tools": [], "weight_kg": null, "image": "molokai_1512_10986_4514.jpg"}}, {"type": "Feature", "geometry": {"type": "Point", "coordinates": [-157.1919469862144, 21.206414917483666]}, "properties": {"item_id": "1512_10986_4514_326", "stop_id": "S024", "cls": "plastic_other", "cls_raw": "Plastic_ETC", "x": 687672.3991043459, "y": 2346063.797160452, "r95_m": 3.0, "n_views": 1, "area_m2": 0.43141111725579484, "length_m": 0.6634228515625824, "h_p90_m": 0.0, "volume_m3": 0.012942333517673845, "valid_3d": false, "buried_suspect": false, "weight_est_kg": 1.0353866814139077, "weight_lo_kg": 0.6902577876092718, "weight_hi_kg": 3.451288938046359, "weight_method": "2d:area×thick_range×rho", "crew": "1인", "tools": [], "weight_kg": null, "image": "molokai_1512_10986_4514.jpg"}}, {"type": "Feature", "geometry": {"type": "Point", "coordinates": [-157.19196968734994, 21.206428409877677]}, "properties": {"item_id": "1512_10986_4514_327", "stop_id": "S024", "cls": "eps_fragment", "cls_raw": "Styrofoam_Piece", "x": 687670.0251315206, "y": 2346065.2640769803, "r95_m": 3.0, "n_views": 1, "area_m2": 0.35911732915920047, "length_m": 0.66663871765145, "h_p90_m": 0.0, "volume_m3": 0.010773519874776014, "valid_3d": false, "buried_suspect": false, "weight_est_kg": 0.21547039749552027, "weight_lo_kg": 0.1436469316636802, "weight_hi_kg": 0.7182346583184009, "weight_method": "2d:area×thick_range×rho", "crew": "1인", "tools": [], "weight_kg": null, "image": "molokai_1512_10986_4514.jpg"}}, {"type": "Feature", "geometry": {"type": "Point", "coordinates": [-157.19194980345463, 21.20640627316943]}, "properties": {"item_id": "1512_10986_4514_328", "stop_id": "S024", "cls": "eps_fragment", "cls_raw": "Styrofoam_Piece", "x": 687672.1175365857, "y": 2346062.836753111, "r95_m": 3.0, "n_views": 1, "area_m2": 0.19922003071387592, "length_m": 0.48972778320318583, "h_p90_m": 0.0, "volume_m3": 0.005976600921416278, "valid_3d": false, "buried_suspect": false, "weight_est_kg": 0.11953201842832556, "weight_lo_kg": 0.07968801228555036, "weight_hi_kg": 0.3984400614277519, "weight_method": "2d:area×thick_range×rho", "crew": "1인", "tools": [], "weight_kg": null, "image": "molokai_1512_10986_4514.jpg"}}, {"type": "Feature", "geometry": {"type": "Point", "coordinates": [-157.1918925327543, 21.206377291679832]}, "properties": {"item_id": "1512_10986_4514_329", "stop_id": "S025", "cls": "eps_fragment", "cls_raw": "Styrofoam_Piece", "x": 687678.1002324456, "y": 2346059.6959240753, "r95_m": 3.0, "n_views": 1, "area_m2": 0.22272780219918065, "length_m": 0.5362707519531916, "h_p90_m": 0.0, "volume_m3": 0.006681834065975419, "valid_3d": false, "buried_suspect": false, "weight_est_kg": 0.13363668131950837, "weight_lo_kg": 0.08909112087967226, "weight_hi_kg": 0.4454556043983613, "weight_method": "2d:area×thick_range×rho", "crew": "1인", "tools": [], "weight_kg": null, "image": "molokai_1512_10986_4514.jpg"}}, {"type": "Feature", "geometry": {"type": "Point", "coordinates": [-157.1916134440667, 21.206204221039133]}, "properties": {"item_id": "1512_12525_5596_337", "stop_id": "S026", "cls": "plastic_other", "cls_raw": "Plastic_ETC", "x": 687707.2950985831, "y": 2346040.8650670038, "r95_m": 3.0, "n_views": 1, "area_m2": 0.5010136766732984, "length_m": 0.7355957031250914, "h_p90_m": 0.0, "volume_m3": 0.015030410300198952, "valid_3d": false, "buried_suspect": false, "weight_est_kg": 1.2024328240159161, "weight_lo_kg": 0.8016218826772775, "weight_hi_kg": 4.0081094133863875, "weight_method": "2d:area×thick_range×rho", "crew": "1인", "tools": [], "weight_kg": null, "image": "molokai_1512_12525_5596.jpg"}}, {"type": "Feature", "geometry": {"type": "Point", "coordinates": [-157.19161084471455, 21.206198297705402]}, "properties": {"item_id": "1512_12525_5596_338", "stop_id": "S026", "cls": "net", "cls_raw": "Net", "x": 687707.5724631516, "y": 2346040.2123388764, "r95_m": 3.0, "n_views": 1, "area_m2": 0.22875816542660912, "length_m": 0.5887023925781981, "h_p90_m": 0.0, "volume_m3": 0.027450979851193092, "valid_3d": false, "buried_suspect": false, "weight_est_kg": 4.117646977678964, "weight_lo_kg": 1.7156862406995685, "weight_hi_kg": 10.29411744419741, "weight_method": "2d:area×thick_range×rho", "crew": "1인", "tools": ["절단기"], "weight_kg": null, "image": "molokai_1512_12525_5596.jpg"}}, {"type": "Feature", "geometry": {"type": "Point", "coordinates": [-157.1916343692335, 21.206212762836017]}, "properties": {"item_id": "1512_12525_5596_339", "stop_id": "S026", "cls": "eps_fragment", "cls_raw": "Styrofoam_Piece", "x": 687705.1117667523, "y": 2346041.785972388, "r95_m": 3.0, "n_views": 1, "area_m2": 0.18333428283338332, "length_m": 0.4436865234375551, "h_p90_m": 0.0, "volume_m3": 0.0055000284850015, "valid_3d": false, "buried_suspect": false, "weight_est_kg": 0.11000056970003, "weight_lo_kg": 0.07333371313335334, "weight_hi_kg": 0.3666685656667667, "weight_method": "2d:area×thick_range×rho", "crew": "1인", "tools": [], "weight_kg": null, "image": "molokai_1512_12525_5596.jpg"}}, {"type": "Feature", "geometry": {"type": "Point", "coordinates": [-157.1916197598192, 21.20618286035485]}, "properties": {"item_id": "1512_12525_5596_340", "stop_id": "S026", "cls": "eps_buoy", "cls_raw": "Styrofoam_Buoy", "x": 687706.666382602, "y": 2346038.492599684, "r95_m": 3.0, "n_views": 1, "area_m2": 1.6508271539215376, "length_m": 1.327207031250165, "h_p90_m": 0.0, "volume_m3": 0.5777895038725381, "valid_3d": false, "buried_suspect": false, "weight_est_kg": 14.444737596813454, "weight_lo_kg": 6.190601827205765, "weight_hi_kg": 16.50827153921538, "weight_method": "2d:area×thick_range×rho", "crew": "1인", "tools": [], "weight_kg": null, "image": "molokai_1512_12525_5596.jpg"}}, {"type": "Feature", "geometry": {"type": "Point", "coordinates": [-157.19161456749424, 21.20619986490985]}, "properties": {"item_id": "1512_12525_5596_341", "stop_id": "S026", "cls": "eps_fragment", "cls_raw": "Styrofoam_Piece", "x": 687707.1839681821, "y": 2346040.381439871, "r95_m": 3.0, "n_views": 1, "area_m2": 0.15420872531835095, "length_m": 0.4087451171875508, "h_p90_m": 0.0, "volume_m3": 0.004626261759550528, "valid_3d": false, "buried_suspect": false, "weight_est_kg": 0.09252523519101055, "weight_lo_kg": 0.06168349012734038, "weight_hi_kg": 0.3084174506367019, "weight_method": "2d:area×thick_range×rho", "crew": "1인", "tools": [], "weight_kg": null, "image": "molokai_1512_12525_5596.jpg"}}, {"type": "Feature", "geometry": {"type": "Point", "coordinates": [-157.19256671330285, 21.207237341608295]}, "properties": {"item_id": "1512_7470_-246_347", "stop_id": "S023", "cls": "eps_fragment", "cls_raw": "Styrofoam_Piece", "x": 687607.0173611896, "y": 2346154.118402387, "r95_m": 3.0, "n_views": 1, "area_m2": 0.19278293581609748, "length_m": 0.5219873046875648, "h_p90_m": 0.0, "volume_m3": 0.005783488074482924, "valid_3d": false, "buried_suspect": false, "weight_est_kg": 0.11566976148965848, "weight_lo_kg": 0.077113174326439, "weight_hi_kg": 0.38556587163219497, "weight_method": "2d:area×thick_range×rho", "crew": "1인", "tools": [], "weight_kg": null, "image": "molokai_1512_7470_-246.jpg"}}, {"type": "Feature", "geometry": {"type": "Point", "coordinates": [-157.1925280622604, 21.207217994854172]}, "properties": {"item_id": "1512_7470_-246_348", "stop_id": "S023", "cls": "eps_fragment", "cls_raw": "Styrofoam_Piece", "x": 687611.0546833441, "y": 2346152.022208013, "r95_m": 3.0, "n_views": 1, "area_m2": 0.623075898683226, "length_m": 0.9560717773438687, "h_p90_m": 0.0, "volume_m3": 0.01869227696049678, "valid_3d": false, "buried_suspect": false, "weight_est_kg": 0.3738455392099356, "weight_lo_kg": 0.24923035947329042, "weight_hi_kg": 1.2461517973664522, "weight_method": "2d:area×thick_range×rho", "crew": "1인", "tools": [], "weight_kg": null, "image": "molokai_1512_7470_-246.jpg"}}, {"type": "Feature", "geometry": {"type": "Point", "coordinates": [-157.1925556769157, 21.20723818100016]}, "properties": {"item_id": "1512_7470_-246_349", "stop_id": "S023", "cls": "plastic_buoy", "cls_raw": "Plastic_Buoy", "x": 687608.1621319784, "y": 2346154.224416814, "r95_m": 3.0, "n_views": 1, "area_m2": 0.2099540519714877, "length_m": 0.4804687500000597, "h_p90_m": 0.0, "volume_m3": 0.0629862155914463, "valid_3d": false, "buried_suspect": false, "weight_est_kg": 3.7791729354867782, "weight_lo_kg": 1.8895864677433891, "weight_hi_kg": 5.038897247315705, "weight_method": "2d:area×thick_range×rho", "crew": "1인", "tools": [], "weight_kg": null, "image": "molokai_1512_7470_-246.jpg"}}, {"type": "Feature", "geometry": {"type": "Point", "coordinates": [-157.1925256303542, 21.20724914704107]}, "properties": {"item_id": "1512_7470_-246_350", "stop_id": "S023", "cls": "plastic_buoy", "cls_raw": "Plastic_Buoy", "x": 687611.2677986328, "y": 2346155.474147951, "r95_m": 3.0, "n_views": 1, "area_m2": 0.8593400772156465, "length_m": 0.9569665527344939, "h_p90_m": 0.0, "volume_m3": 0.25780202316469397, "valid_3d": false, "buried_suspect": false, "weight_est_kg": 15.468121389881638, "weight_lo_kg": 7.734060694940819, "weight_hi_kg": 20.62416185317552, "weight_method": "2d:area×thick_range×rho", "crew": "1인", "tools": [], "weight_kg": null, "image": "molokai_1512_7470_-246.jpg"}}, {"type": "Feature", "geometry": {"type": "Point", "coordinates": [-157.1924341567868, 21.207061670011132]}, "properties": {"item_id": "1512_8255_789_353", "stop_id": "S027", "cls": "plastic_other", "cls_raw": "Plastic_ETC", "x": 687621.0018256425, "y": 2346134.8257840658, "r95_m": 3.0, "n_views": 1, "area_m2": 0.4420137248040344, "length_m": 0.6875097656250854, "h_p90_m": 0.0, "volume_m3": 0.013260411744121032, "valid_3d": false, "buried_suspect": false, "weight_est_kg": 1.0608329395296825, "weight_lo_kg": 0.707221959686455, "weight_hi_kg": 3.5361097984322756, "weight_method": "2d:area×thick_range×rho", "crew": "1인", "tools": [], "weight_kg": null, "image": "molokai_1512_8255_789.jpg"}}, {"type": "Feature", "geometry": {"type": "Point", "coordinates": [-157.19240048705402, 21.207018403110162]}, "properties": {"item_id": "1512_8255_789_354", "stop_id": "S027", "cls": "plastic_buoy", "cls_raw": "Plastic_Buoy", "x": 687624.5522128566, "y": 2346130.075336108, "r95_m": 3.0, "n_views": 1, "area_m2": 0.16432032188479215, "length_m": 0.4162194824219267, "h_p90_m": 0.0, "volume_m3": 0.049296096565437646, "valid_3d": false, "buried_suspect": false, "weight_est_kg": 2.9577657939262587, "weight_lo_kg": 1.4788828969631294, "weight_hi_kg": 3.9436877252350113, "weight_method": "2d:area×thick_range×rho", "crew": "1인", "tools": [], "weight_kg": null, "image": "molokai_1512_8255_789.jpg"}}, {"type": "Feature", "geometry": {"type": "Point", "coordinates": [-157.19238306886805, 21.207033595237043]}, "properties": {"item_id": "1512_8255_789_355", "stop_id": "S027", "cls": "plastic_other", "cls_raw": "Plastic_ETC", "x": 687626.3414228896, "y": 2346131.777998878, "r95_m": 3.0, "n_views": 1, "area_m2": 0.7476306549312541, "length_m": 0.909799804687613, "h_p90_m": 0.0, "volume_m3": 0.022428919647937622, "valid_3d": false, "buried_suspect": false, "weight_est_kg": 1.7943135718350098, "weight_lo_kg": 1.1962090478900067, "weight_hi_kg": 5.981045239450033, "weight_method": "2d:area×thick_range×rho", "crew": "1인", "tools": [], "weight_kg": null, "image": "molokai_1512_8255_789.jpg"}}, {"type": "Feature", "geometry": {"type": "Point", "coordinates": [-157.19238724807266, 21.20705565189459]}, "properties": {"item_id": "1512_8255_789_356", "stop_id": "S027", "cls": "plastic_other", "cls_raw": "Plastic_ETC", "x": 687625.8796454407, "y": 2346134.2150789485, "r95_m": 3.0, "n_views": 1, "area_m2": 0.21328723289077814, "length_m": 0.47178955078130863, "h_p90_m": 0.0, "volume_m3": 0.006398616986723344, "valid_3d": false, "buried_suspect": false, "weight_est_kg": 0.5118893589378675, "weight_lo_kg": 0.341259572625245, "weight_hi_kg": 1.7062978631262251, "weight_method": "2d:area×thick_range×rho", "crew": "1인", "tools": [], "weight_kg": null, "image": "molokai_1512_8255_789.jpg"}}, {"type": "Feature", "geometry": {"type": "Point", "coordinates": [-157.1924457992833, 21.2070576572233]}, "properties": {"item_id": "1512_8255_789_357", "stop_id": "S027", "cls": "plastic_other", "cls_raw": "Plastic_ETC", "x": 687619.7981362261, "y": 2346134.367703511, "r95_m": 3.0, "n_views": 1, "area_m2": 3.7583665193541, "length_m": 3.9871145629887765, "h_p90_m": 0.0, "volume_m3": 0.11275099558062299, "valid_3d": false, "buried_suspect": false, "weight_est_kg": 9.020079646449839, "weight_lo_kg": 6.01338643096656, "weight_hi_kg": 30.0669321548328, "weight_method": "2d:area×thick_range×rho", "crew": "2인", "tools": [], "weight_kg": null, "image": "molokai_1512_8255_789.jpg"}}, {"type": "Feature", "geometry": {"type": "Point", "coordinates": [-157.19238278081852, 21.206999483505914]}, "properties": {"item_id": "1512_8524_1127_360", "stop_id": "S027", "cls": "eps_buoy", "cls_raw": "Styrofoam_Buoy", "x": 687626.4144453641, "y": 2346128.0016124463, "r95_m": 3.0, "n_views": 1, "area_m2": 1.116993553579131, "length_m": 1.1872241210938974, "h_p90_m": 0.0, "volume_m3": 0.39094774375269586, "valid_3d": false, "buried_suspect": false, "weight_est_kg": 9.773693593817397, "weight_lo_kg": 4.1887258259217415, "weight_hi_kg": 11.169935535791312, "weight_method": "2d:area×thick_range×rho", "crew": "1인", "tools": [], "weight_kg": null, "image": "molokai_1512_8524_1127.jpg"}}, {"type": "Feature", "geometry": {"type": "Point", "coordinates": [-157.19238302895693, 21.20703355614059]}, "properties": {"item_id": "1512_8524_1127_361", "stop_id": "S027", "cls": "plastic_other", "cls_raw": "Plastic_ETC", "x": 687626.3456160111, "y": 2346131.7737175655, "r95_m": 3.0, "n_views": 1, "area_m2": 0.7400054635720303, "length_m": 0.9147387695313637, "h_p90_m": 0.0, "volume_m3": 0.02220016390716091, "valid_3d": false, "buried_suspect": false, "weight_est_kg": 1.7760131125728729, "weight_lo_kg": 1.1840087417152485, "weight_hi_kg": 5.920043708576243, "weight_method": "2d:area×thick_range×rho", "crew": "1인", "tools": [], "weight_kg": null, "image": "molokai_1512_8524_1127.jpg"}}, {"type": "Feature", "geometry": {"type": "Point", "coordinates": [-157.1923434253483, 21.206968613276988]}, "properties": {"item_id": "1512_8524_1127_362", "stop_id": "S027", "cls": "eps_fragment", "cls_raw": "Styrofoam_Piece", "x": 687630.5394781084, "y": 2346124.6304195886, "r95_m": 3.0, "n_views": 1, "area_m2": 0.14529565219882762, "length_m": 0.4984179687500619, "h_p90_m": 0.0, "volume_m3": 0.004358869565964828, "valid_3d": false, "buried_suspect": false, "weight_est_kg": 0.08717739131929657, "weight_lo_kg": 0.05811826087953105, "weight_hi_kg": 0.29059130439765524, "weight_method": "2d:area×thick_range×rho", "crew": "1인", "tools": [], "weight_kg": null, "image": "molokai_1512_8524_1127.jpg"}}, {"type": "Feature", "geometry": {"type": "Point", "coordinates": [-157.19235880298183, 21.206985823496595]}, "properties": {"item_id": "1512_8524_1127_363", "stop_id": "S027", "cls": "eps_buoy", "cls_raw": "Styrofoam_Buoy", "x": 687628.9211683883, "y": 2346126.5176460086, "r95_m": 3.0, "n_views": 1, "area_m2": 1.012693416524185, "length_m": 1.0286352539063779, "h_p90_m": 0.0, "volume_m3": 0.3544426957834647, "valid_3d": false, "buried_suspect": false, "weight_est_kg": 8.861067394586618, "weight_lo_kg": 3.797600311965694, "weight_hi_kg": 10.12693416524185, "weight_method": "2d:area×thick_range×rho", "crew": "1인", "tools": [], "weight_kg": null, "image": "molokai_1512_8524_1127.jpg"}}, {"type": "Feature", "geometry": {"type": "Point", "coordinates": [-157.19235689470472, 21.206949142392]}, "properties": {"item_id": "1512_8524_1127_364", "stop_id": "S027", "cls": "eps_fragment", "cls_raw": "Styrofoam_Piece", "x": 687629.1656563575, "y": 2346122.458708239, "r95_m": 3.0, "n_views": 1, "area_m2": 0.20346792418961812, "length_m": 0.5034521484375626, "h_p90_m": 0.0, "volume_m3": 0.006104037725688544, "valid_3d": false, "buried_suspect": false, "weight_est_kg": 0.12208075451377087, "weight_lo_kg": 0.08138716967584725, "weight_hi_kg": 0.40693584837923624, "weight_method": "2d:area×thick_range×rho", "crew": "1인", "tools": [], "weight_kg": null, "image": "molokai_1512_8524_1127.jpg"}}, {"type": "Feature", "geometry": {"type": "Point", "coordinates": [-157.19233203952066, 21.206945178027418]}, "properties": {"item_id": "1512_8524_1127_365", "stop_id": "S027", "cls": "eps_fragment", "cls_raw": "Styrofoam_Piece", "x": 687631.7512142408, "y": 2346122.0492489045, "r95_m": 3.0, "n_views": 1, "area_m2": 0.5573497249604656, "length_m": 0.7480419921875929, "h_p90_m": 0.0, "volume_m3": 0.01672049174881397, "valid_3d": false, "buried_suspect": false, "weight_est_kg": 0.3344098349762794, "weight_lo_kg": 0.22293988998418626, "weight_hi_kg": 1.1146994499209313, "weight_method": "2d:area×thick_range×rho", "crew": "1인", "tools": [], "weight_kg": null, "image": "molokai_1512_8524_1127.jpg"}}, {"type": "Feature", "geometry": {"type": "Point", "coordinates": [-157.19236310349808, 21.20697282100786]}, "properties": {"item_id": "1512_8524_1127_366", "stop_id": "S027", "cls": "plastic_other", "cls_raw": "Plastic_ETC", "x": 687628.4911096881, "y": 2346125.072959985, "r95_m": 3.0, "n_views": 1, "area_m2": 0.6448676081003362, "length_m": 0.8258666992188526, "h_p90_m": 0.0, "volume_m3": 0.019346028243010086, "valid_3d": false, "buried_suspect": false, "weight_est_kg": 1.5476822594408068, "weight_lo_kg": 1.0317881729605378, "weight_hi_kg": 5.158940864802689, "weight_method": "2d:area×thick_range×rho", "crew": "1인", "tools": [], "weight_kg": null, "image": "molokai_1512_8524_1127.jpg"}}, {"type": "Feature", "geometry": {"type": "Point", "coordinates": [-157.1923875298755, 21.207055546740612]}, "properties": {"item_id": "1512_8524_1127_367", "stop_id": "S027", "cls": "plastic_other", "cls_raw": "Plastic_ETC", "x": 687625.850520676, "y": 2346134.203102666, "r95_m": 3.0, "n_views": 1, "area_m2": 0.24463736256739613, "length_m": 0.5275097656250656, "h_p90_m": 0.0, "volume_m3": 0.007339120877021883, "valid_3d": false, "buried_suspect": false, "weight_est_kg": 0.5871296701617507, "weight_lo_kg": 0.39141978010783385, "weight_hi_kg": 1.9570989005391692, "weight_method": "2d:area×thick_range×rho", "crew": "1인", "tools": [], "weight_kg": null, "image": "molokai_1512_8524_1127.jpg"}}, {"type": "Feature", "geometry": {"type": "Point", "coordinates": [-157.19239322849833, 21.207002857037654]}, "properties": {"item_id": "1512_8524_1127_368", "stop_id": "S027", "cls": "net", "cls_raw": "Net", "x": 687625.325469268, "y": 2346128.362734364, "r95_m": 3.0, "n_views": 1, "area_m2": 0.12826448640826552, "length_m": 0.37066894531254607, "h_p90_m": 0.0, "volume_m3": 0.015391738368991862, "valid_3d": false, "buried_suspect": false, "weight_est_kg": 2.3087607553487794, "weight_lo_kg": 0.9619836480619914, "weight_hi_kg": 5.771901888371948, "weight_method": "2d:area×thick_range×rho", "crew": "1인", "tools": ["절단기"], "weight_kg": null, "image": "molokai_1512_8524_1127.jpg"}}, {"type": "Feature", "geometry": {"type": "Point", "coordinates": [-157.19236517432805, 21.206976520611086]}, "properties": {"item_id": "1512_8524_1127_369", "stop_id": "S027", "cls": "eps_fragment", "cls_raw": "Styrofoam_Piece", "x": 687628.2714331212, "y": 2346125.480112185, "r95_m": 3.0, "n_views": 1, "area_m2": 0.31425796031959713, "length_m": 0.5606274414063196, "h_p90_m": 0.0, "volume_m3": 0.009427738809587914, "valid_3d": false, "buried_suspect": false, "weight_est_kg": 0.18855477619175828, "weight_lo_kg": 0.12570318412783885, "weight_hi_kg": 0.6285159206391943, "weight_method": "2d:area×thick_range×rho", "crew": "1인", "tools": [], "weight_kg": null, "image": "molokai_1512_8524_1127.jpg"}}, {"type": "Feature", "geometry": {"type": "Point", "coordinates": [-157.19216490448073, 21.206594362541253]}, "properties": {"item_id": "1512_9694_3394_373", "stop_id": "S024", "cls": "eps_fragment", "cls_raw": "Styrofoam_Piece", "x": 687649.5471938676, "y": 2346083.4063364873, "r95_m": 3.0, "n_views": 1, "area_m2": 0.27287825363881213, "length_m": 0.5245983886719402, "h_p90_m": 0.0, "volume_m3": 0.008186347609164363, "valid_3d": false, "buried_suspect": false, "weight_est_kg": 0.16372695218328726, "weight_lo_kg": 0.10915130145552485, "weight_hi_kg": 0.5457565072776243, "weight_method": "2d:area×thick_range×rho", "crew": "1인", "tools": [], "weight_kg": null, "image": "molokai_1512_9694_3394.jpg"}}, {"type": "Feature", "geometry": {"type": "Point", "coordinates": [-157.1921874258871, 21.206610138661315]}, "properties": {"item_id": "1512_9694_3394_374", "stop_id": "S024", "cls": "plastic_other", "cls_raw": "Plastic_ETC", "x": 687647.1889993207, "y": 2346085.1263149446, "r95_m": 3.0, "n_views": 1, "area_m2": 0.5931066209079309, "length_m": 0.8576660156251066, "h_p90_m": 0.0, "volume_m3": 0.017793198627237924, "valid_3d": false, "buried_suspect": false, "weight_est_kg": 1.423455890179034, "weight_lo_kg": 0.9489705934526894, "weight_hi_kg": 4.744852967263447, "weight_method": "2d:area×thick_range×rho", "crew": "1인", "tools": [], "weight_kg": null, "image": "molokai_1512_9694_3394.jpg"}}, {"type": "Feature", "geometry": {"type": "Point", "coordinates": [-157.19214865444914, 21.206577452220728]}, "properties": {"item_id": "1512_9694_3394_375", "stop_id": "S024", "cls": "plastic_buoy", "cls_raw": "Plastic_Buoy", "x": 687651.2557062483, "y": 2346081.553349576, "r95_m": 3.0, "n_views": 1, "area_m2": 0.269022421646185, "length_m": 0.5355761718750666, "h_p90_m": 0.0, "volume_m3": 0.0807067264938555, "valid_3d": false, "buried_suspect": false, "weight_est_kg": 4.84240358963133, "weight_lo_kg": 2.421201794815665, "weight_hi_kg": 6.456538119508441, "weight_method": "2d:area×thick_range×rho", "crew": "1인", "tools": [], "weight_kg": null, "image": "molokai_1512_9694_3394.jpg"}}, {"type": "Feature", "geometry": {"type": "Point", "coordinates": [-157.19210736460712, 21.206552100697948]}, "properties": {"item_id": "1512_9694_3394_376", "stop_id": "S024", "cls": "eps_fragment", "cls_raw": "Styrofoam_Piece", "x": 687655.5746123326, "y": 2346078.795466195, "r95_m": 3.0, "n_views": 1, "area_m2": 0.2663378907681173, "length_m": 0.6723242187500835, "h_p90_m": 0.0, "volume_m3": 0.00799013672304352, "valid_3d": false, "buried_suspect": false, "weight_est_kg": 0.1598027344608704, "weight_lo_kg": 0.10653515630724694, "weight_hi_kg": 0.5326757815362346, "weight_method": "2d:area×thick_range×rho", "crew": "1인", "tools": [], "weight_kg": null, "image": "molokai_1512_9694_3394.jpg"}}, {"type": "Feature", "geometry": {"type": "Point", "coordinates": [-157.19219122481863, 21.206616454667717]}, "properties": {"item_id": "1512_9694_3394_377", "stop_id": "S024", "cls": "eps_fragment", "cls_raw": "Styrofoam_Piece", "x": 687646.7865968852, "y": 2346085.8210972226, "r95_m": 3.0, "n_views": 1, "area_m2": 0.22524107261454693, "length_m": 0.5059973144531879, "h_p90_m": 0.0, "volume_m3": 0.006757232178436407, "valid_3d": false, "buried_suspect": false, "weight_est_kg": 0.13514464356872816, "weight_lo_kg": 0.09009642904581878, "weight_hi_kg": 0.45048214522909386, "weight_method": "2d:area×thick_range×rho", "crew": "1인", "tools": [], "weight_kg": null, "image": "molokai_1512_9694_3394.jpg"}}, {"type": "Feature", "geometry": {"type": "Point", "coordinates": [-157.1921330996761, 21.206620715627817]}, "properties": {"item_id": "1512_9694_3394_378", "stop_id": "S024", "cls": "pet_bottle", "cls_raw": "PET_Bottle", "x": 687652.8159678718, "y": 2346086.3617571327, "r95_m": 3.0, "n_views": 1, "area_m2": 0.5431732504965224, "length_m": 0.9312304687501157, "h_p90_m": 0.0, "volume_m3": 0.032590395029791344, "valid_3d": false, "buried_suspect": false, "weight_est_kg": 1.0754830359831145, "weight_lo_kg": 0.8962358633192621, "weight_hi_kg": 1.7924717266385242, "weight_method": "2d:area×thick_range×rho", "crew": "1인", "tools": [], "weight_kg": null, "image": "molokai_1512_9694_3394.jpg"}}, {"type": "Feature", "geometry": {"type": "Point", "coordinates": [-157.19213795125768, 21.206572319148325]}, "properties": {"item_id": "1512_9694_3394_379", "stop_id": "S024", "cls": "plastic_other", "cls_raw": "Plastic_ETC", "x": 687652.3734384548, "y": 2346080.997721995, "r95_m": 3.0, "n_views": 1, "area_m2": 0.4105908260584898, "length_m": 0.6496569824219557, "h_p90_m": 0.0, "volume_m3": 0.012317724781754693, "valid_3d": false, "buried_suspect": false, "weight_est_kg": 0.9854179825403754, "weight_lo_kg": 0.6569453216935837, "weight_hi_kg": 3.2847266084679183, "weight_method": "2d:area×thick_range×rho", "crew": "1인", "tools": [], "weight_kg": null, "image": "molokai_1512_9694_3394.jpg"}}, {"type": "Feature", "geometry": {"type": "Point", "coordinates": [-157.19210826931362, 21.20655720862989]}, "properties": {"item_id": "1512_9694_3394_380", "stop_id": "S024", "cls": "eps_fragment", "cls_raw": "Styrofoam_Piece", "x": 687655.4742253448, "y": 2346079.3599255625, "r95_m": 3.0, "n_views": 1, "area_m2": 0.4750868778825987, "length_m": 0.7046020507813375, "h_p90_m": 0.0, "volume_m3": 0.01425260633647796, "valid_3d": false, "buried_suspect": false, "weight_est_kg": 0.2850521267295592, "weight_lo_kg": 0.1900347511530395, "weight_hi_kg": 0.9501737557651974, "weight_method": "2d:area×thick_range×rho", "crew": "1인", "tools": [], "weight_kg": null, "image": "molokai_1512_9694_3394.jpg"}}, {"type": "Feature", "geometry": {"type": "Point", "coordinates": [-157.19212237411386, 21.206588653054673]}, "properties": {"item_id": "1512_9694_3394_381", "stop_id": "S024", "cls": "plastic_other", "cls_raw": "Plastic_ETC", "x": 687653.970064826, "y": 2346082.824618805, "r95_m": 3.0, "n_views": 1, "area_m2": 0.5811081446708692, "length_m": 0.7829345703125973, "h_p90_m": 0.0, "volume_m3": 0.017433244340126077, "valid_3d": false, "buried_suspect": false, "weight_est_kg": 1.3946595472100862, "weight_lo_kg": 0.9297730314733909, "weight_hi_kg": 4.648865157366954, "weight_method": "2d:area×thick_range×rho", "crew": "1인", "tools": [], "weight_kg": null, "image": "molokai_1512_9694_3394.jpg"}}, {"type": "Feature", "geometry": {"type": "Point", "coordinates": [-157.1921165731405, 21.206572578663387]}, "properties": {"item_id": "1512_9694_3394_382", "stop_id": "S024", "cls": "eps_fragment", "cls_raw": "Styrofoam_Piece", "x": 687654.5926626314, "y": 2346081.051796711, "r95_m": 3.0, "n_views": 1, "area_m2": 0.14300268654826856, "length_m": 0.4009960937500498, "h_p90_m": 0.0, "volume_m3": 0.004290080596448057, "valid_3d": false, "buried_suspect": false, "weight_est_kg": 0.08580161192896113, "weight_lo_kg": 0.05720107461930742, "weight_hi_kg": 0.2860053730965372, "weight_method": "2d:area×thick_range×rho", "crew": "1인", "tools": [], "weight_kg": null, "image": "molokai_1512_9694_3394.jpg"}}, {"type": "Feature", "geometry": {"type": "Point", "coordinates": [-157.19214611696003, 21.20655884598045]}, "properties": {"item_id": "1512_9694_3394_383", "stop_id": "S024", "cls": "eps_fragment", "cls_raw": "Styrofoam_Piece", "x": 687651.5426777462, "y": 2346079.496341622, "r95_m": 3.0, "n_views": 1, "area_m2": 0.4612161076636268, "length_m": 0.7161303710938389, "h_p90_m": 0.0, "volume_m3": 0.013836483229908804, "valid_3d": false, "buried_suspect": false, "weight_est_kg": 0.27672966459817605, "weight_lo_kg": 0.18448644306545076, "weight_hi_kg": 0.9224322153272536, "weight_method": "2d:area×thick_range×rho", "crew": "1인", "tools": [], "weight_kg": null, "image": "molokai_1512_9694_3394.jpg"}}, {"type": "Feature", "geometry": {"type": "Point", "coordinates": [-157.19216733541498, 21.206603915571627]}, "properties": {"item_id": "1512_9694_3394_384", "stop_id": "S024", "cls": "plastic_other", "cls_raw": "Plastic_ETC", "x": 687649.2827296949, "y": 2346084.461131976, "r95_m": 3.0, "n_views": 1, "area_m2": 1.5837201557014349, "length_m": 1.9725244140627451, "h_p90_m": 0.0, "volume_m3": 0.047511604671043046, "valid_3d": false, "buried_suspect": false, "weight_est_kg": 3.8009283736834436, "weight_lo_kg": 2.533952249122296, "weight_hi_kg": 12.669761245611479, "weight_method": "2d:area×thick_range×rho", "crew": "1인", "tools": [], "weight_kg": null, "image": "molokai_1512_9694_3394.jpg"}}, {"type": "Feature", "geometry": {"type": "Point", "coordinates": [-157.1921974259918, 21.206615553749387]}, "properties": {"item_id": "1512_9694_3394_385", "stop_id": "S024", "cls": "eps_fragment", "cls_raw": "Styrofoam_Piece", "x": 687646.143908049, "y": 2346085.71400003, "r95_m": 3.0, "n_views": 1, "area_m2": 0.1508241582275743, "length_m": 0.39960510253911213, "h_p90_m": 0.0, "volume_m3": 0.004524724746827229, "valid_3d": false, "buried_suspect": false, "weight_est_kg": 0.09049449493654459, "weight_lo_kg": 0.06032966329102972, "weight_hi_kg": 0.3016483164551486, "weight_method": "2d:area×thick_range×rho", "crew": "1인", "tools": [], "weight_kg": null, "image": "molokai_1512_9694_3394.jpg"}}, {"type": "Feature", "geometry": {"type": "Point", "coordinates": [-157.19092877436134, 21.205507861782]}, "properties": {"item_id": "1513_1243_9230_389", "stop_id": "S028", "cls": "plastic_other", "cls_raw": "Plastic_ETC", "x": 687779.2609873653, "y": 2345964.5786426705, "r95_m": 3.0, "n_views": 1, "area_m2": 0.3185356753707724, "length_m": 0.6297460937500783, "h_p90_m": 0.0, "volume_m3": 0.009556070261123172, "valid_3d": false, "buried_suspect": false, "weight_est_kg": 0.7644856208898537, "weight_lo_kg": 0.5096570805932358, "weight_hi_kg": 2.548285402966179, "weight_method": "2d:area×thick_range×rho", "crew": "1인", "tools": [], "weight_kg": null, "image": "molokai_1513_1243_9230.jpg"}}, {"type": "Feature", "geometry": {"type": "Point", "coordinates": [-157.19096869159665, 21.205520604136385]}, "properties": {"item_id": "1513_1243_9230_390", "stop_id": "S029", "cls": "eps_fragment", "cls_raw": "Styrofoam_Piece", "x": 687775.1004886274, "y": 2345965.942082958, "r95_m": 3.0, "n_views": 1, "area_m2": 0.47745556276308126, "length_m": 0.7521313095093708, "h_p90_m": 0.0, "volume_m3": 0.014323666882892437, "valid_3d": false, "buried_suspect": false, "weight_est_kg": 0.2864733376578487, "weight_lo_kg": 0.1909822251052325, "weight_hi_kg": 0.9549111255261626, "weight_method": "2d:area×thick_range×rho", "crew": "1인", "tools": [], "weight_kg": null, "image": "molokai_1513_1243_9230.jpg"}}, {"type": "Feature", "geometry": {"type": "Point", "coordinates": [-157.19093337880986, 21.205513013831567]}, "properties": {"item_id": "1513_1243_9230_391", "stop_id": "S028", "cls": "plastic_other", "cls_raw": "Plastic_ETC", "x": 687778.7764166336, "y": 2345965.143597645, "r95_m": 3.0, "n_views": 1, "area_m2": 0.2992616007850317, "length_m": 0.5762023925781966, "h_p90_m": 0.0, "volume_m3": 0.008977848023550951, "valid_3d": false, "buried_suspect": false, "weight_est_kg": 0.7182278418840761, "weight_lo_kg": 0.47881856125605077, "weight_hi_kg": 2.394092806280254, "weight_method": "2d:area×thick_range×rho", "crew": "1인", "tools": [], "weight_kg": null, "image": "molokai_1513_1243_9230.jpg"}}, {"type": "Feature", "geometry": {"type": "Point", "coordinates": [-157.19089930400966, 21.205531467062187]}, "properties": {"item_id": "1513_1243_9230_392", "stop_id": "S028", "cls": "eps_fragment", "cls_raw": "Styrofoam_Piece", "x": 687782.2908687948, "y": 2345967.227092263, "r95_m": 3.0, "n_views": 1, "area_m2": 0.39455150430510305, "length_m": 0.6592089843750819, "h_p90_m": 0.0, "volume_m3": 0.011836545129153091, "valid_3d": false, "buried_suspect": false, "weight_est_kg": 0.23673090258306184, "weight_lo_kg": 0.15782060172204124, "weight_hi_kg": 0.7891030086102062, "weight_method": "2d:area×thick_range×rho", "crew": "1인", "tools": [], "weight_kg": null, "image": "molokai_1513_1243_9230.jpg"}}, {"type": "Feature", "geometry": {"type": "Point", "coordinates": [-157.19093229806853, 21.205552521519785]}, "properties": {"item_id": "1513_1243_9230_393", "stop_id": "S028", "cls": "plastic_buoy", "cls_raw": "Plastic_Buoy", "x": 687778.8386505434, "y": 2345969.519030245, "r95_m": 3.0, "n_views": 1, "area_m2": 0.08634329106660843, "length_m": 0.3054406738281629, "h_p90_m": 0.0, "volume_m3": 0.02590298731998253, "valid_3d": false, "buried_suspect": false, "weight_est_kg": 1.5541792391989517, "weight_lo_kg": 0.7770896195994759, "weight_hi_kg": 2.0722389855986023, "weight_method": "2d:area×thick_range×rho", "crew": "1인", "tools": [], "weight_kg": null, "image": "molokai_1513_1243_9230.jpg"}}, {"type": "Feature", "geometry": {"type": "Point", "coordinates": [-157.19091737342274, 21.205517712102626]}, "properties": {"item_id": "1513_1243_9230_394", "stop_id": "S028", "cls": "net", "cls_raw": "Net", "x": 687780.4322227021, "y": 2345965.6827585413, "r95_m": 3.0, "n_views": 1, "area_m2": 0.2880804872141004, "length_m": 0.5591979980469445, "h_p90_m": 0.0, "volume_m3": 0.034569658465692044, "valid_3d": false, "buried_suspect": false, "weight_est_kg": 5.1854487698538065, "weight_lo_kg": 2.160603654105753, "weight_hi_kg": 12.963621924634518, "weight_method": "2d:area×thick_range×rho", "crew": "1인", "tools": ["절단기"], "weight_kg": null, "image": "molokai_1513_1243_9230.jpg"}}, {"type": "Feature", "geometry": {"type": "Point", "coordinates": [-157.19091963492673, 21.2055546070043]}, "properties": {"item_id": "1513_1243_9230_395", "stop_id": "S028", "cls": "eps_fragment", "cls_raw": "Styrofoam_Piece", "x": 687780.1507547465, "y": 2345969.764948271, "r95_m": 3.0, "n_views": 1, "area_m2": 0.17243011825685017, "length_m": 0.5077380371094381, "h_p90_m": 0.0, "volume_m3": 0.005172903547705505, "valid_3d": false, "buried_suspect": false, "weight_est_kg": 0.1034580709541101, "weight_lo_kg": 0.06897204730274006, "weight_hi_kg": 0.3448602365137004, "weight_method": "2d:area×thick_range×rho", "crew": "1인", "tools": [], "weight_kg": null, "image": "molokai_1513_1243_9230.jpg"}}, {"type": "Feature", "geometry": {"type": "Point", "coordinates": [-157.19088456050684, 21.205528714189292]}, "properties": {"item_id": "1513_1243_9230_396", "stop_id": "S028", "cls": "eps_fragment", "cls_raw": "Styrofoam_Piece", "x": 687783.8250854779, "y": 2345966.939792535, "r95_m": 3.0, "n_views": 1, "area_m2": 0.7241406131507766, "length_m": 0.8832324218751098, "h_p90_m": 0.0, "volume_m3": 0.021724218394523296, "valid_3d": false, "buried_suspect": false, "weight_est_kg": 0.4344843678904659, "weight_lo_kg": 0.28965624526031064, "weight_hi_kg": 1.4482812263015532, "weight_method": "2d:area×thick_range×rho", "crew": "1인", "tools": [], "weight_kg": null, "image": "molokai_1513_1243_9230.jpg"}}, {"type": "Feature", "geometry": {"type": "Point", "coordinates": [-157.19094615607705, 21.205527486690197]}, "properties": {"item_id": "1513_1243_9230_397", "stop_id": "S028", "cls": "eps_fragment", "cls_raw": "Styrofoam_Piece", "x": 687777.4315185412, "y": 2345966.7308252123, "r95_m": 3.0, "n_views": 1, "area_m2": 0.2620290596143062, "length_m": 0.5365362548828791, "h_p90_m": 0.0, "volume_m3": 0.007860871788429187, "valid_3d": false, "buried_suspect": false, "weight_est_kg": 0.15721743576858374, "weight_lo_kg": 0.1048116238457225, "weight_hi_kg": 0.5240581192286125, "weight_method": "2d:area×thick_range×rho", "crew": "1인", "tools": [], "weight_kg": null, "image": "molokai_1513_1243_9230.jpg"}}, {"type": "Feature", "geometry": {"type": "Point", "coordinates": [-157.19090533253245, 21.205493839303674]}, "properties": {"item_id": "1513_1243_9230_398", "stop_id": "S028", "cls": "net", "cls_raw": "Net", "x": 687781.7125574858, "y": 2345963.053929765, "r95_m": 3.0, "n_views": 1, "area_m2": 0.3212323166132771, "length_m": 0.5778564453125717, "h_p90_m": 0.0, "volume_m3": 0.03854787799359325, "valid_3d": false, "buried_suspect": false, "weight_est_kg": 5.782181699038987, "weight_lo_kg": 2.4092423745995784, "weight_hi_kg": 14.455454247597471, "weight_method": "2d:area×thick_range×rho", "crew": "1인", "tools": ["절단기"], "weight_kg": null, "image": "molokai_1513_1243_9230.jpg"}}, {"type": "Feature", "geometry": {"type": "Point", "coordinates": [-157.19090713599314, 21.20552314524695]}, "properties": {"item_id": "1513_1243_9230_399", "stop_id": "S028", "cls": "eps_fragment", "cls_raw": "Styrofoam_Piece", "x": 687781.4882446933, "y": 2345966.296440331, "r95_m": 3.0, "n_views": 1, "area_m2": 0.302451451778487, "length_m": 0.6124145507813261, "h_p90_m": 0.0, "volume_m3": 0.009073543553354609, "valid_3d": false, "buried_suspect": false, "weight_est_kg": 0.18147087106709217, "weight_lo_kg": 0.1209805807113948, "weight_hi_kg": 0.604902903556974, "weight_method": "2d:area×thick_range×rho", "crew": "1인", "tools": [], "weight_kg": null, "image": "molokai_1513_1243_9230.jpg"}}, {"type": "Feature", "geometry": {"type": "Point", "coordinates": [-157.19092157463828, 21.205483246181988]}, "properties": {"item_id": "1513_1243_9230_400", "stop_id": "S028", "cls": "net", "cls_raw": "Net", "x": 687780.0396304386, "y": 2345961.861831084, "r95_m": 3.0, "n_views": 1, "area_m2": 0.21018800246720767, "length_m": 0.4685180664063082, "h_p90_m": 0.0, "volume_m3": 0.02522256029606492, "valid_3d": false, "buried_suspect": false, "weight_est_kg": 3.783384044409738, "weight_lo_kg": 1.5764100185040577, "weight_hi_kg": 9.458460111024346, "weight_method": "2d:area×thick_range×rho", "crew": "1인", "tools": ["절단기"], "weight_kg": null, "image": "molokai_1513_1243_9230.jpg"}}, {"type": "Feature", "geometry": {"type": "Point", "coordinates": [-157.19086335271302, 21.205563249347744]}, "properties": {"item_id": "1513_1243_9230_401", "stop_id": "S028", "cls": "net", "cls_raw": "Net", "x": 687785.983285481, "y": 2345970.788559198, "r95_m": 3.0, "n_views": 1, "area_m2": 0.2408306061536672, "length_m": 0.5840136718750726, "h_p90_m": 0.0, "volume_m3": 0.02889967273844006, "valid_3d": false, "buried_suspect": false, "weight_est_kg": 4.334950910766009, "weight_lo_kg": 1.806229546152504, "weight_hi_kg": 10.837377276915024, "weight_method": "2d:area×thick_range×rho", "crew": "1인", "tools": ["절단기"], "weight_kg": null, "image": "molokai_1513_1243_9230.jpg"}}, {"type": "Feature", "geometry": {"type": "Point", "coordinates": [-157.19087356028086, 21.20547535195579]}, "properties": {"item_id": "1513_1243_9230_402", "stop_id": "S028", "cls": "plastic_buoy", "cls_raw": "Plastic_Buoy", "x": 687785.0346768277, "y": 2345961.0447642202, "r95_m": 3.0, "n_views": 1, "area_m2": 0.3319111124039521, "length_m": 0.595664062500074, "h_p90_m": 0.0, "volume_m3": 0.09957333372118563, "valid_3d": false, "buried_suspect": false, "weight_est_kg": 5.974400023271137, "weight_lo_kg": 2.9872000116355686, "weight_hi_kg": 7.965866697694851, "weight_method": "2d:area×thick_range×rho", "crew": "1인", "tools": [], "weight_kg": null, "image": "molokai_1513_1243_9230.jpg"}}, {"type": "Feature", "geometry": {"type": "Point", "coordinates": [-157.19095868898592, 21.20550715382889]}, "properties": {"item_id": "1513_1243_9230_403", "stop_id": "S028", "cls": "eps_fragment", "cls_raw": "Styrofoam_Piece", "x": 687776.1560162085, "y": 2345964.464777293, "r95_m": 3.0, "n_views": 1, "area_m2": 0.23809189370876505, "length_m": 0.5017205810547498, "h_p90_m": 0.0, "volume_m3": 0.007142756811262951, "valid_3d": false, "buried_suspect": false, "weight_est_kg": 0.14285513622525903, "weight_lo_kg": 0.09523675748350602, "weight_hi_kg": 0.4761837874175301, "weight_method": "2d:area×thick_range×rho", "crew": "1인", "tools": [], "weight_kg": null, "image": "molokai_1513_1243_9230.jpg"}}, {"type": "Feature", "geometry": {"type": "Point", "coordinates": [-157.19092759986847, 21.20551214833118]}, "properties": {"item_id": "1513_1243_9230_404", "stop_id": "S028", "cls": "plastic_buoy", "cls_raw": "Plastic_Buoy", "x": 687779.3775062582, "y": 2345965.0546272835, "r95_m": 3.0, "n_views": 1, "area_m2": 0.14526719830337798, "length_m": 0.40692260742192554, "h_p90_m": 0.0, "volume_m3": 0.04358015949101339, "valid_3d": false, "buried_suspect": false, "weight_est_kg": 2.6148095694608036, "weight_lo_kg": 1.3074047847304018, "weight_hi_kg": 3.486412759281072, "weight_method": "2d:area×thick_range×rho", "crew": "1인", "tools": [], "weight_kg": null, "image": "molokai_1513_1243_9230.jpg"}}, {"type": "Feature", "geometry": {"type": "Point", "coordinates": [-157.19091401756842, 21.20544227520472]}, "properties": {"item_id": "1513_1268_9746_408", "stop_id": "S028", "cls": "plastic_other", "cls_raw": "Plastic_ETC", "x": 687780.8760631275, "y": 2345957.334634225, "r95_m": 3.0, "n_views": 1, "area_m2": 0.5249138651759737, "length_m": 0.7489392089844681, "h_p90_m": 0.0, "volume_m3": 0.01574741595527921, "valid_3d": false, "buried_suspect": false, "weight_est_kg": 1.2597932764223367, "weight_lo_kg": 0.8398621842815579, "weight_hi_kg": 4.19931092140779, "weight_method": "2d:area×thick_range×rho", "crew": "1인", "tools": [], "weight_kg": null, "image": "molokai_1513_1268_9746.jpg"}}, {"type": "Feature", "geometry": {"type": "Point", "coordinates": [-157.19090342703402, 21.20543661229939]}, "properties": {"item_id": "1513_1268_9746_409", "stop_id": "S028", "cls": "net", "cls_raw": "Net", "x": 687781.982782149, "y": 2345956.720219703, "r95_m": 3.0, "n_views": 1, "area_m2": 0.19976646716599658, "length_m": 0.5136364746094388, "h_p90_m": 0.0, "volume_m3": 0.02397197605991959, "valid_3d": false, "buried_suspect": false, "weight_est_kg": 3.595796408987938, "weight_lo_kg": 1.4982485037449744, "weight_hi_kg": 8.989491022469846, "weight_method": "2d:area×thick_range×rho", "crew": "1인", "tools": ["절단기"], "weight_kg": null, "image": "molokai_1513_1268_9746.jpg"}}, {"type": "Feature", "geometry": {"type": "Point", "coordinates": [-157.19087360102657, 21.20547533213162]}, "properties": {"item_id": "1513_1268_9746_410", "stop_id": "S028", "cls": "plastic_buoy", "cls_raw": "Plastic_Buoy", "x": 687785.0304715065, "y": 2345961.042521026, "r95_m": 3.0, "n_views": 1, "area_m2": 0.351851038154302, "length_m": 0.6066116333008567, "h_p90_m": 0.0, "volume_m3": 0.1055553114462906, "valid_3d": false, "buried_suspect": false, "weight_est_kg": 6.333318686777436, "weight_lo_kg": 3.166659343388718, "weight_hi_kg": 8.44442491570325, "weight_method": "2d:area×thick_range×rho", "crew": "1인", "tools": [], "weight_kg": null, "image": "molokai_1513_1268_9746.jpg"}}, {"type": "Feature", "geometry": {"type": "Point", "coordinates": [-157.190887027417, 21.20543151501705]}, "properties": {"item_id": "1513_1268_9746_411", "stop_id": "S028", "cls": "net", "cls_raw": "Net", "x": 687783.691910374, "y": 2345956.1753196623, "r95_m": 3.0, "n_views": 1, "area_m2": 0.1625036951780723, "length_m": 0.42298339843755256, "h_p90_m": 0.0, "volume_m3": 0.019500443421368675, "valid_3d": false, "buried_suspect": false, "weight_est_kg": 2.925066513205301, "weight_lo_kg": 1.2187777138355425, "weight_hi_kg": 7.312666283013254, "weight_method": "2d:area×thick_range×rho", "crew": "1인", "tools": ["절단기"], "weight_kg": null, "image": "molokai_1513_1268_9746.jpg"}}, {"type": "Feature", "geometry": {"type": "Point", "coordinates": [-157.19086647302237, 21.205416635889566]}, "properties": {"item_id": "1513_1268_9746_412", "stop_id": "S028", "cls": "eps_fragment", "cls_raw": "Styrofoam_Piece", "x": 687785.8447795521, "y": 2345954.5523370793, "r95_m": 3.0, "n_views": 1, "area_m2": 0.5177564009965753, "length_m": 0.7849584960938475, "h_p90_m": 0.0, "volume_m3": 0.015532692029897257, "valid_3d": false, "buried_suspect": false, "weight_est_kg": 0.31065384059794515, "weight_lo_kg": 0.20710256039863012, "weight_hi_kg": 1.0355128019931505, "weight_method": "2d:area×thick_range×rho", "crew": "1인", "tools": [], "weight_kg": null, "image": "molokai_1513_1268_9746.jpg"}}, {"type": "Feature", "geometry": {"type": "Point", "coordinates": [-157.19090073024736, 21.205417367482053]}, "properties": {"item_id": "1513_1268_9746_413", "stop_id": "S028", "cls": "plastic_other", "cls_raw": "Plastic_ETC", "x": 687782.2871175465, "y": 2345954.592700867, "r95_m": 3.0, "n_views": 1, "area_m2": 0.36336977134952037, "length_m": 0.6447119140625801, "h_p90_m": 0.0, "volume_m3": 0.01090109314048561, "valid_3d": false, "buried_suspect": false, "weight_est_kg": 0.8720874512388488, "weight_lo_kg": 0.5813916341592327, "weight_hi_kg": 2.906958170796163, "weight_method": "2d:area×thick_range×rho", "crew": "1인", "tools": [], "weight_kg": null, "image": "molokai_1513_1268_9746.jpg"}}, {"type": "Feature", "geometry": {"type": "Point", "coordinates": [-157.19080759681881, 21.205456246678782]}, "properties": {"item_id": "1513_1734_9804_423", "stop_id": "S028", "cls": "plastic_buoy", "cls_raw": "Plastic_Buoy", "x": 687791.9074604935, "y": 2345959.007742981, "r95_m": 3.0, "n_views": 1, "area_m2": 0.17874113152925641, "length_m": 0.43189697265630367, "h_p90_m": 0.0, "volume_m3": 0.053622339458776924, "valid_3d": false, "buried_suspect": false, "weight_est_kg": 3.2173403675266155, "weight_lo_kg": 1.6086701837633077, "weight_hi_kg": 4.289787156702154, "weight_method": "2d:area×thick_range×rho", "crew": "1인", "tools": [], "weight_kg": null, "image": "molokai_1513_1734_9804.jpg"}}, {"type": "Feature", "geometry": {"type": "Point", "coordinates": [-157.19078733126875, 21.205444678782168]}, "properties": {"item_id": "1513_1734_9804_424", "stop_id": "S028", "cls": "eps_buoy", "cls_raw": "Styrofoam_Buoy", "x": 687794.0261524151, "y": 2345957.751026511, "r95_m": 3.0, "n_views": 1, "area_m2": 1.1556197893026363, "length_m": 1.1127539062501381, "h_p90_m": 0.0, "volume_m3": 0.4044669262559227, "valid_3d": false, "buried_suspect": false, "weight_est_kg": 10.111673156398068, "weight_lo_kg": 4.333574209884886, "weight_hi_kg": 11.556197893026363, "weight_method": "2d:area×thick_range×rho", "crew": "1인", "tools": [], "weight_kg": null, "image": "molokai_1513_1734_9804.jpg"}}, {"type": "Feature", "geometry": {"type": "Point", "coordinates": [-157.19087781377695, 21.205449937057793]}, "properties": {"item_id": "1513_1734_9804_425", "stop_id": "S028", "cls": "plastic_buoy", "cls_raw": "Plastic_Buoy", "x": 687784.6252084529, "y": 2345958.22587162, "r95_m": 3.0, "n_views": 1, "area_m2": 0.1910205831762412, "length_m": 0.48996765136724835, "h_p90_m": 0.0, "volume_m3": 0.05730617495287236, "valid_3d": false, "buried_suspect": false, "weight_est_kg": 3.4383704971723414, "weight_lo_kg": 1.7191852485861707, "weight_hi_kg": 4.5844939962297895, "weight_method": "2d:area×thick_range×rho", "crew": "1인", "tools": [], "weight_kg": null, "image": "molokai_1513_1734_9804.jpg"}}, {"type": "Feature", "geometry": {"type": "Point", "coordinates": [-157.19084477130505, 21.205426992450374]}, "properties": {"item_id": "1513_1734_9804_426", "stop_id": "S028", "cls": "net", "cls_raw": "Net", "x": 687788.0848472416, "y": 2345955.7247213977, "r95_m": 3.0, "n_views": 1, "area_m2": 0.23288892878299777, "length_m": 0.4956628417969366, "h_p90_m": 0.0, "volume_m3": 0.02794667145395973, "valid_3d": false, "buried_suspect": false, "weight_est_kg": 4.19200071809396, "weight_lo_kg": 1.7466669658724834, "weight_hi_kg": 10.4800017952349, "weight_method": "2d:area×thick_range×rho", "crew": "1인", "tools": ["절단기"], "weight_kg": null, "image": "molokai_1513_1734_9804.jpg"}}, {"type": "Feature", "geometry": {"type": "Point", "coordinates": [-157.19076609844097, 21.205402219267]}, "properties": {"item_id": "1513_1734_9804_427", "stop_id": "S028", "cls": "pet_bottle", "cls_raw": "PET_Bottle", "x": 687796.2843499843, "y": 2345953.075247458, "r95_m": 3.0, "n_views": 1, "area_m2": 0.5002657206536583, "length_m": 0.7115087890625884, "h_p90_m": 0.0, "volume_m3": 0.030015943239219495, "valid_3d": false, "buried_suspect": false, "weight_est_kg": 0.9905261268942434, "weight_lo_kg": 0.8254384390785362, "weight_hi_kg": 1.6508768781570724, "weight_method": "2d:area×thick_range×rho", "crew": "1인", "tools": [], "weight_kg": null, "image": "molokai_1513_1734_9804.jpg"}}, {"type": "Feature", "geometry": {"type": "Point", "coordinates": [-157.19071671677997, 21.20534840154662]}, "properties": {"item_id": "1513_2110_10119_439", "stop_id": "S028", "cls": "plastic_other", "cls_raw": "Plastic_ETC", "x": 687801.4794550076, "y": 2345947.175321063, "r95_m": 3.0, "n_views": 1, "area_m2": 0.42359416283975637, "length_m": 0.7364306640625915, "h_p90_m": 0.0, "volume_m3": 0.012707824885192691, "valid_3d": false, "buried_suspect": false, "weight_est_kg": 1.0166259908154154, "weight_lo_kg": 0.6777506605436102, "weight_hi_kg": 3.388753302718051, "weight_method": "2d:area×thick_range×rho", "crew": "1인", "tools": [], "weight_kg": null, "image": "molokai_1513_2110_10119.jpg"}}, {"type": "Feature", "geometry": {"type": "Point", "coordinates": [-157.19072308304453, 21.20538528895725]}, "properties": {"item_id": "1513_2110_10119_440", "stop_id": "S028", "cls": "plastic_buoy", "cls_raw": "Plastic_Buoy", "x": 687800.7718168999, "y": 2345951.25181194, "r95_m": 3.0, "n_views": 1, "area_m2": 0.1498173786610737, "length_m": 0.4057055664063004, "h_p90_m": 0.0, "volume_m3": 0.044945213598322105, "valid_3d": false, "buried_suspect": false, "weight_est_kg": 2.696712815899326, "weight_lo_kg": 1.348356407949663, "weight_hi_kg": 3.5956170878657687, "weight_method": "2d:area×thick_range×rho", "crew": "1인", "tools": [], "weight_kg": null, "image": "molokai_1513_2110_10119.jpg"}}, {"type": "Feature", "geometry": {"type": "Point", "coordinates": [-157.19069671126127, 21.20537244224522]}, "properties": {"item_id": "1513_2110_10119_441", "stop_id": "S028", "cls": "plastic_other", "cls_raw": "Plastic_ETC", "x": 687803.5261046813, "y": 2345949.8607544596, "r95_m": 3.0, "n_views": 1, "area_m2": 0.2775842623830531, "length_m": 0.5373986816406917, "h_p90_m": 0.0, "volume_m3": 0.008327527871491594, "valid_3d": false, "buried_suspect": false, "weight_est_kg": 0.6662022297193275, "weight_lo_kg": 0.444134819812885, "weight_hi_kg": 2.220674099064425, "weight_method": "2d:area×thick_range×rho", "crew": "1인", "tools": [], "weight_kg": null, "image": "molokai_1513_2110_10119.jpg"}}, {"type": "Feature", "geometry": {"type": "Point", "coordinates": [-157.19073810306065, 21.205376531971076]}, "properties": {"item_id": "1513_2110_10119_442", "stop_id": "S028", "cls": "plastic_other", "cls_raw": "Plastic_ETC", "x": 687799.2234498188, "y": 2345950.264451469, "r95_m": 3.0, "n_views": 1, "area_m2": 1.3167365193310672, "length_m": 1.2122045898439007, "h_p90_m": 0.0, "volume_m3": 0.03950209557993201, "valid_3d": false, "buried_suspect": false, "weight_est_kg": 3.160167646394561, "weight_lo_kg": 2.1067784309297073, "weight_hi_kg": 10.53389215464854, "weight_method": "2d:area×thick_range×rho", "crew": "1인", "tools": [], "weight_kg": null, "image": "molokai_1513_2110_10119.jpg"}}, {"type": "Feature", "geometry": {"type": "Point", "coordinates": [-157.19071607163633, 21.20535216909581]}, "properties": {"item_id": "1513_2110_10119_443", "stop_id": "S028", "cls": "eps_fragment", "cls_raw": "Styrofoam_Piece", "x": 687801.5416705963, "y": 2345947.593216063, "r95_m": 3.0, "n_views": 1, "area_m2": 0.29430323781080403, "length_m": 0.6484399414063305, "h_p90_m": 0.0, "volume_m3": 0.00882909713432412, "valid_3d": false, "buried_suspect": false, "weight_est_kg": 0.17658194268648242, "weight_lo_kg": 0.11772129512432161, "weight_hi_kg": 0.5886064756216081, "weight_method": "2d:area×thick_range×rho", "crew": "1인", "tools": [], "weight_kg": null, "image": "molokai_1513_2110_10119.jpg"}}, {"type": "Feature", "geometry": {"type": "Point", "coordinates": [-157.1907253865521, 21.205359054602543]}, "properties": {"item_id": "1513_2110_10119_444", "stop_id": "S028", "cls": "net", "cls_raw": "Net", "x": 687800.5658439441, "y": 2345948.344504704, "r95_m": 3.0, "n_views": 1, "area_m2": 0.1957177182555685, "length_m": 0.5279565429688156, "h_p90_m": 0.0, "volume_m3": 0.02348612619066822, "valid_3d": false, "buried_suspect": false, "weight_est_kg": 3.522918928600233, "weight_lo_kg": 1.4678828869167637, "weight_hi_kg": 8.807297321500583, "weight_method": "2d:area×thick_range×rho", "crew": "1인", "tools": ["절단기"], "weight_kg": null, "image": "molokai_1513_2110_10119.jpg"}}, {"type": "Feature", "geometry": {"type": "Point", "coordinates": [-157.19080302792145, 21.2053988666573]}, "properties": {"item_id": "1513_2110_10119_445", "stop_id": "S028", "cls": "plastic_buoy", "cls_raw": "Plastic_Buoy", "x": 687792.4544084736, "y": 2345952.66025072, "r95_m": 3.0, "n_views": 1, "area_m2": 0.15316245638461864, "length_m": 0.46166183471685424, "h_p90_m": 0.0, "volume_m3": 0.04594873691538559, "valid_3d": false, "buried_suspect": false, "weight_est_kg": 2.7569242149231354, "weight_lo_kg": 1.3784621074615677, "weight_hi_kg": 3.6758989532308477, "weight_method": "2d:area×thick_range×rho", "crew": "1인", "tools": [], "weight_kg": null, "image": "molokai_1513_2110_10119.jpg"}}, {"type": "Feature", "geometry": {"type": "Point", "coordinates": [-157.1907659900259, 21.205402208434652]}, "properties": {"item_id": "1513_2110_10119_446", "stop_id": "S028", "cls": "pet_bottle", "cls_raw": "PET_Bottle", "x": 687796.2956198223, "y": 2345953.0741767483, "r95_m": 3.0, "n_views": 1, "area_m2": 0.5465177009891214, "length_m": 0.7493893432618118, "h_p90_m": 0.0, "volume_m3": 0.03279106205934729, "valid_3d": false, "buried_suspect": false, "weight_est_kg": 1.0821050479584604, "weight_lo_kg": 0.9017542066320504, "weight_hi_kg": 1.8035084132641008, "weight_method": "2d:area×thick_range×rho", "crew": "1인", "tools": [], "weight_kg": null, "image": "molokai_1513_2110_10119.jpg"}}, {"type": "Feature", "geometry": {"type": "Point", "coordinates": [-157.19065801557332, 21.205289201530775]}, "properties": {"item_id": "1513_2427_10575_451", "stop_id": "S030", "cls": "net", "cls_raw": "Net", "x": 687807.6489700582, "y": 2345940.690543447, "r95_m": 3.0, "n_views": 1, "area_m2": 0.23668640045827546, "length_m": 0.5458190917969428, "h_p90_m": 0.0, "volume_m3": 0.028402368054993056, "valid_3d": false, "buried_suspect": false, "weight_est_kg": 4.260355208248958, "weight_lo_kg": 1.7751480034370661, "weight_hi_kg": 10.650888020622396, "weight_method": "2d:area×thick_range×rho", "crew": "1인", "tools": ["절단기"], "weight_kg": null, "image": "molokai_1513_2427_10575.jpg"}}, {"type": "Feature", "geometry": {"type": "Point", "coordinates": [-157.1906527161852, 21.205276121088282]}, "properties": {"item_id": "1513_2427_10575_452", "stop_id": "S030", "cls": "plastic_buoy", "cls_raw": "Plastic_Buoy", "x": 687808.215724345, "y": 2345939.2486101054, "r95_m": 3.0, "n_views": 1, "area_m2": 0.20355681806807807, "length_m": 0.48286132812506, "h_p90_m": 0.0, "volume_m3": 0.06106704542042342, "valid_3d": false, "buried_suspect": false, "weight_est_kg": 3.664022725225405, "weight_lo_kg": 1.8320113626127026, "weight_hi_kg": 4.885363633633874, "weight_method": "2d:area×thick_range×rho", "crew": "1인", "tools": [], "weight_kg": null, "image": "molokai_1513_2427_10575.jpg"}}, {"type": "Feature", "geometry": {"type": "Point", "coordinates": [-157.190682921644, 21.205325779583443]}, "properties": {"item_id": "1513_2427_10575_453", "stop_id": "S028", "cls": "eps_fragment", "cls_raw": "Styrofoam_Piece", "x": 687805.0168356305, "y": 2345944.710788967, "r95_m": 3.0, "n_views": 1, "area_m2": 0.2981373816915597, "length_m": 0.5651000976563202, "h_p90_m": 0.0, "volume_m3": 0.00894412145074679, "valid_3d": false, "buried_suspect": false, "weight_est_kg": 0.17888242901493578, "weight_lo_kg": 0.11925495267662387, "weight_hi_kg": 0.5962747633831194, "weight_method": "2d:area×thick_range×rho", "crew": "1인", "tools": [], "weight_kg": null, "image": "molokai_1513_2427_10575.jpg"}}, {"type": "Feature", "geometry": {"type": "Point", "coordinates": [-157.19071676139245, 21.205348359284308]}, "properties": {"item_id": "1513_2503_10175_459", "stop_id": "S028", "cls": "plastic_other", "cls_raw": "Plastic_ETC", "x": 687801.4748766047, "y": 2345947.1705890056, "r95_m": 3.0, "n_views": 1, "area_m2": 0.4305547132765081, "length_m": 0.7401315307618107, "h_p90_m": 0.0, "volume_m3": 0.012916641398295244, "valid_3d": false, "buried_suspect": false, "weight_est_kg": 1.0333313118636194, "weight_lo_kg": 0.6888875412424131, "weight_hi_kg": 3.444437706212065, "weight_method": "2d:area×thick_range×rho", "crew": "1인", "tools": [], "weight_kg": null, "image": "molokai_1513_2503_10175.jpg"}}, {"type": "Feature", "geometry": {"type": "Point", "coordinates": [-157.19069678453985, 21.205372506834923]}, "properties": {"item_id": "1513_2503_10175_460", "stop_id": "S028", "cls": "plastic_other", "cls_raw": "Plastic_ETC", "x": 687803.5184148623, "y": 2345949.867818671, "r95_m": 3.0, "n_views": 1, "area_m2": 0.2682403016925525, "length_m": 0.5223779296875649, "h_p90_m": 0.0, "volume_m3": 0.008047209050776574, "valid_3d": false, "buried_suspect": false, "weight_est_kg": 0.6437767240621259, "weight_lo_kg": 0.42918448270808396, "weight_hi_kg": 2.14592241354042, "weight_method": "2d:area×thick_range×rho", "crew": "1인", "tools": [], "weight_kg": null, "image": "molokai_1513_2503_10175.jpg"}}, {"type": "Feature", "geometry": {"type": "Point", "coordinates": [-157.19065582164524, 21.205387707839257]}, "properties": {"item_id": "1513_2503_10175_461", "stop_id": "S028", "cls": "net", "cls_raw": "Net", "x": 687807.7521347763, "y": 2345951.59941516, "r95_m": 3.0, "n_views": 1, "area_m2": 0.20750609616642385, "length_m": 0.46755249023443307, "h_p90_m": 0.0, "volume_m3": 0.024900731539970862, "valid_3d": false, "buried_suspect": false, "weight_est_kg": 3.7351097309956294, "weight_lo_kg": 1.556295721248179, "weight_hi_kg": 9.337774327489072, "weight_method": "2d:area×thick_range×rho", "crew": "1인", "tools": ["절단기"], "weight_kg": null, "image": "molokai_1513_2503_10175.jpg"}}, {"type": "Feature", "geometry": {"type": "Point", "coordinates": [-157.19071135093543, 21.205346664043557]}, "properties": {"item_id": "1513_2503_10175_462", "stop_id": "S028", "cls": "net", "cls_raw": "Net", "x": 687802.0387590356, "y": 2345946.989316377, "r95_m": 3.0, "n_views": 1, "area_m2": 0.3358601980448604, "length_m": 0.6441912841797676, "h_p90_m": 0.0, "volume_m3": 0.04030322376538325, "valid_3d": false, "buried_suspect": false, "weight_est_kg": 6.045483564807487, "weight_lo_kg": 2.518951485336453, "weight_hi_kg": 15.113708912018717, "weight_method": "2d:area×thick_range×rho", "crew": "1인", "tools": ["절단기"], "weight_kg": null, "image": "molokai_1513_2503_10175.jpg"}}, {"type": "Feature", "geometry": {"type": "Point", "coordinates": [-157.19061502921159, 21.205296444750577]}, "properties": {"item_id": "1513_2503_10175_463", "stop_id": "S030", "cls": "plastic_other", "cls_raw": "Plastic_ETC", "x": 687812.1028450553, "y": 2345941.543483712, "r95_m": 3.0, "n_views": 1, "area_m2": 0.3766009151936513, "length_m": 0.6732177734375836, "h_p90_m": 0.0, "volume_m3": 0.011298027455809538, "valid_3d": false, "buried_suspect": false, "weight_est_kg": 0.903842196464763, "weight_lo_kg": 0.6025614643098421, "weight_hi_kg": 3.012807321549211, "weight_method": "2d:area×thick_range×rho", "crew": "1인", "tools": [], "weight_kg": null, "image": "molokai_1513_2503_10175.jpg"}}, {"type": "Feature", "geometry": {"type": "Point", "coordinates": [-157.19072310250132, 21.20538532497927]}, "properties": {"item_id": "1513_2503_10175_464", "stop_id": "S028", "cls": "plastic_buoy", "cls_raw": "Plastic_Buoy", "x": 687800.7697512415, "y": 2345951.2557770894, "r95_m": 3.0, "n_views": 1, "area_m2": 0.15678989260498605, "length_m": 0.4171720886230987, "h_p90_m": 0.0, "volume_m3": 0.04703696778149581, "valid_3d": false, "buried_suspect": false, "weight_est_kg": 2.8222180668897487, "weight_lo_kg": 1.4111090334448744, "weight_hi_kg": 3.7629574225196656, "weight_method": "2d:area×thick_range×rho", "crew": "1인", "tools": [], "weight_kg": null, "image": "molokai_1513_2503_10175.jpg"}}, {"type": "Feature", "geometry": {"type": "Point", "coordinates": [-157.19061971464956, 21.205381222056637]}, "properties": {"item_id": "1513_2503_10175_465", "stop_id": "S028", "cls": "net", "cls_raw": "Net", "x": 687811.5091291068, "y": 2345950.9241677923, "r95_m": 3.0, "n_views": 1, "area_m2": 0.2676747031957576, "length_m": 0.531257324218816, "h_p90_m": 0.0, "volume_m3": 0.03212096438349091, "valid_3d": false, "buried_suspect": false, "weight_est_kg": 4.818144657523636, "weight_lo_kg": 2.007560273968182, "weight_hi_kg": 12.045361643809091, "weight_method": "2d:area×thick_range×rho", "crew": "1인", "tools": ["절단기"], "weight_kg": null, "image": "molokai_1513_2503_10175.jpg"}}, {"type": "Feature", "geometry": {"type": "Point", "coordinates": [-157.19068294077286, 21.20532576996677]}, "properties": {"item_id": "1513_2503_10175_466", "stop_id": "S028", "cls": "eps_fragment", "cls_raw": "Styrofoam_Piece", "x": 687805.0148617532, "y": 2345944.7097015497, "r95_m": 3.0, "n_views": 1, "area_m2": 0.30590713895864935, "length_m": 0.5694787597656957, "h_p90_m": 0.0, "volume_m3": 0.00917721416875948, "valid_3d": false, "buried_suspect": false, "weight_est_kg": 0.1835442833751896, "weight_lo_kg": 0.12236285558345975, "weight_hi_kg": 0.6118142779172987, "weight_method": "2d:area×thick_range×rho", "crew": "1인", "tools": [], "weight_kg": null, "image": "molokai_1513_2503_10175.jpg"}}, {"type": "Feature", "geometry": {"type": "Point", "coordinates": [-157.19070218887182, 21.205365020790527]}, "properties": {"item_id": "1513_2503_10175_467", "stop_id": "S028", "cls": "net", "cls_raw": "Net", "x": 687802.9667832582, "y": 2345949.032579209, "r95_m": 3.0, "n_views": 1, "area_m2": 0.19090595304970717, "length_m": 0.4452819824219303, "h_p90_m": 0.0, "volume_m3": 0.02290871436596486, "valid_3d": false, "buried_suspect": false, "weight_est_kg": 3.436307154894729, "weight_lo_kg": 1.4317946478728039, "weight_hi_kg": 8.590767887236822, "weight_method": "2d:area×thick_range×rho", "crew": "1인", "tools": ["절단기"], "weight_kg": null, "image": "molokai_1513_2503_10175.jpg"}}, {"type": "Feature", "geometry": {"type": "Point", "coordinates": [-157.19070843223577, 21.205357341302385]}, "properties": {"item_id": "1513_2503_10175_468", "stop_id": "S028", "cls": "net", "cls_raw": "Net", "x": 687802.328284257, "y": 2345948.1749270204, "r95_m": 3.0, "n_views": 1, "area_m2": 0.1442204355776668, "length_m": 0.4516882324219311, "h_p90_m": 0.0, "volume_m3": 0.017306452269320018, "valid_3d": false, "buried_suspect": false, "weight_est_kg": 2.5959678403980027, "weight_lo_kg": 1.0816532668325012, "weight_hi_kg": 6.489919600995006, "weight_method": "2d:area×thick_range×rho", "crew": "1인", "tools": ["절단기"], "weight_kg": null, "image": "molokai_1513_2503_10175.jpg"}}, {"type": "Feature", "geometry": {"type": "Point", "coordinates": [-157.19073350024314, 21.205377501833695]}, "properties": {"item_id": "1513_2503_10175_469", "stop_id": "S028", "cls": "eps_buoy", "cls_raw": "Styrofoam_Buoy", "x": 687799.7001079374, "y": 2345950.377291462, "r95_m": 3.0, "n_views": 1, "area_m2": 0.17753526069507689, "length_m": 0.7631103515625948, "h_p90_m": 0.0, "volume_m3": 0.062137341243276904, "valid_3d": false, "buried_suspect": false, "weight_est_kg": 1.5534335310819225, "weight_lo_kg": 0.6657572276065383, "weight_hi_kg": 1.775352606950769, "weight_method": "2d:area×thick_range×rho", "crew": "1인", "tools": [], "weight_kg": null, "image": "molokai_1513_2503_10175.jpg"}}, {"type": "Feature", "geometry": {"type": "Point", "coordinates": [-157.19071606723926, 21.205352157499497]}, "properties": {"item_id": "1513_2503_10175_470", "stop_id": "S028", "cls": "eps_fragment", "cls_raw": "Styrofoam_Piece", "x": 687801.5421417905, "y": 2345947.5919373767, "r95_m": 3.0, "n_views": 1, "area_m2": 0.28676842662922714, "length_m": 0.6369158935547666, "h_p90_m": 0.0, "volume_m3": 0.008603052798876814, "valid_3d": false, "buried_suspect": false, "weight_est_kg": 0.17206105597753626, "weight_lo_kg": 0.11470737065169086, "weight_hi_kg": 0.5735368532584543, "weight_method": "2d:area×thick_range×rho", "crew": "1인", "tools": [], "weight_kg": null, "image": "molokai_1513_2503_10175.jpg"}}, {"type": "Feature", "geometry": {"type": "Point", "coordinates": [-157.19062639762103, 21.205266772376504]}, "properties": {"item_id": "1513_2947_10920_479", "stop_id": "S030", "cls": "net", "cls_raw": "Net", "x": 687810.9600640042, "y": 2345938.244776731, "r95_m": 3.0, "n_views": 1, "area_m2": 0.15106080796740975, "length_m": 0.4381750488281794, "h_p90_m": 0.0, "volume_m3": 0.01812729695608917, "valid_3d": false, "buried_suspect": false, "weight_est_kg": 2.7190945434133758, "weight_lo_kg": 1.1329560597555732, "weight_hi_kg": 6.797736358533439, "weight_method": "2d:area×thick_range×rho", "crew": "1인", "tools": ["절단기"], "weight_kg": null, "image": "molokai_1513_2947_10920.jpg"}}, {"type": "Feature", "geometry": {"type": "Point", "coordinates": [-157.19061572193812, 21.205235223790226]}, "properties": {"item_id": "1513_2947_10920_480", "stop_id": "S031", "cls": "plastic_other", "cls_raw": "Plastic_ETC", "x": 687812.108374218, "y": 2345934.7644943045, "r95_m": 3.0, "n_views": 1, "area_m2": 0.25975332282899816, "length_m": 0.5553472900391315, "h_p90_m": 0.0, "volume_m3": 0.0077925996848699445, "valid_3d": false, "buried_suspect": false, "weight_est_kg": 0.6234079747895955, "weight_lo_kg": 0.41560531652639704, "weight_hi_kg": 2.0780265826319857, "weight_method": "2d:area×thick_range×rho", "crew": "1인", "tools": [], "weight_kg": null, "image": "molokai_1513_2947_10920.jpg"}}, {"type": "Feature", "geometry": {"type": "Point", "coordinates": [-157.1905519529754, 21.205169514975797]}, "properties": {"item_id": "1513_2947_10920_481", "stop_id": "S031", "cls": "net", "cls_raw": "Net", "x": 687818.8122903383, "y": 2345927.5651013367, "r95_m": 3.0, "n_views": 1, "area_m2": 0.19256490139668003, "length_m": 0.5219818115235023, "h_p90_m": 0.0, "volume_m3": 0.023107788167601603, "valid_3d": false, "buried_suspect": false, "weight_est_kg": 3.4661682251402404, "weight_lo_kg": 1.4442367604751003, "weight_hi_kg": 8.665420562850601, "weight_method": "2d:area×thick_range×rho", "crew": "1인", "tools": ["절단기"], "weight_kg": null, "image": "molokai_1513_2947_10920.jpg"}}, {"type": "Feature", "geometry": {"type": "Point", "coordinates": [-157.1905356139323, 21.205159614062737]}, "properties": {"item_id": "1513_2947_10920_482", "stop_id": "S031", "cls": "eps_fragment", "cls_raw": "Styrofoam_Piece", "x": 687820.5212113466, "y": 2345926.488291985, "r95_m": 3.0, "n_views": 1, "area_m2": 0.23711766163116627, "length_m": 0.5146264648438139, "h_p90_m": 0.0, "volume_m3": 0.007113529848934988, "valid_3d": false, "buried_suspect": false, "weight_est_kg": 0.14227059697869976, "weight_lo_kg": 0.0948470646524665, "weight_hi_kg": 0.47423532326233253, "weight_method": "2d:area×thick_range×rho", "crew": "1인", "tools": [], "weight_kg": null, "image": "molokai_1513_2947_10920.jpg"}}, {"type": "Feature", "geometry": {"type": "Point", "coordinates": [-157.19058834204486, 21.205233185179907]}, "properties": {"item_id": "1513_2947_10920_483", "stop_id": "S031", "cls": "plastic_buoy", "cls_raw": "Plastic_Buoy", "x": 687814.953658728, "y": 2345934.5712691527, "r95_m": 3.0, "n_views": 1, "area_m2": 0.20789473219221036, "length_m": 0.4572998046875568, "h_p90_m": 0.0, "volume_m3": 0.062368419657663106, "valid_3d": false, "buried_suspect": false, "weight_est_kg": 3.742105179459786, "weight_lo_kg": 1.871052589729893, "weight_hi_kg": 4.989473572613049, "weight_method": "2d:area×thick_range×rho", "crew": "1인", "tools": [], "weight_kg": null, "image": "molokai_1513_2947_10920.jpg"}}, {"type": "Feature", "geometry": {"type": "Point", "coordinates": [-157.19054289065602, 21.20521181231836]}, "properties": {"item_id": "1513_2947_10920_484", "stop_id": "S031", "cls": "eps_fragment", "cls_raw": "Styrofoam_Piece", "x": 687819.6996694092, "y": 2345932.2588647013, "r95_m": 3.0, "n_views": 1, "area_m2": 0.2147438634217319, "length_m": 0.46576904296880783, "h_p90_m": 0.0, "volume_m3": 0.006442315902651957, "valid_3d": false, "buried_suspect": false, "weight_est_kg": 0.12884631805303914, "weight_lo_kg": 0.08589754536869276, "weight_hi_kg": 0.4294877268434638, "weight_method": "2d:area×thick_range×rho", "crew": "1인", "tools": [], "weight_kg": null, "image": "molokai_1513_2947_10920.jpg"}}, {"type": "Feature", "geometry": {"type": "Point", "coordinates": [-157.19053757083356, 21.205210300510043]}, "properties": {"item_id": "1513_3271_11226_493", "stop_id": "S031", "cls": "net", "cls_raw": "Net", "x": 687820.2539104236, "y": 2345932.0977941058, "r95_m": 3.0, "n_views": 1, "area_m2": 0.11328790533789919, "length_m": 0.42922576904302207, "h_p90_m": 0.0, "volume_m3": 0.013594548640547903, "valid_3d": false, "buried_suspect": false, "weight_est_kg": 2.0391822960821853, "weight_lo_kg": 0.849659290034244, "weight_hi_kg": 5.097955740205463, "weight_method": "2d:area×thick_range×rho", "crew": "1인", "tools": ["절단기"], "weight_kg": null, "image": "molokai_1513_3271_11226.jpg"}}, {"type": "Feature", "geometry": {"type": "Point", "coordinates": [-157.19055196044323, 21.205169417127404]}, "properties": {"item_id": "1513_3271_11226_494", "stop_id": "S031", "cls": "net", "cls_raw": "Net", "x": 687818.811638788, "y": 2345927.55425905, "r95_m": 3.0, "n_views": 1, "area_m2": 0.23025791046327113, "length_m": 0.5388842773438169, "h_p90_m": 0.0, "volume_m3": 0.027630949255592535, "valid_3d": false, "buried_suspect": false, "weight_est_kg": 4.14464238833888, "weight_lo_kg": 1.7269343284745335, "weight_hi_kg": 10.3616059708472, "weight_method": "2d:area×thick_range×rho", "crew": "1인", "tools": ["절단기"], "weight_kg": null, "image": "molokai_1513_3271_11226.jpg"}}, {"type": "Feature", "geometry": {"type": "Point", "coordinates": [-157.19050583766372, 21.205112443303797]}, "properties": {"item_id": "1513_3271_11226_495", "stop_id": "S031", "cls": "plastic_other", "cls_raw": "Plastic_ETC", "x": 687823.6724004629, "y": 2345921.301039721, "r95_m": 3.0, "n_views": 1, "area_m2": 0.36927764745959873, "length_m": 0.8006188964844745, "h_p90_m": 0.0, "volume_m3": 0.011078329423787961, "valid_3d": false, "buried_suspect": false, "weight_est_kg": 0.8862663539030369, "weight_lo_kg": 0.5908442359353581, "weight_hi_kg": 2.95422117967679, "weight_method": "2d:area×thick_range×rho", "crew": "1인", "tools": [], "weight_kg": null, "image": "molokai_1513_3271_11226.jpg"}}, {"type": "Feature", "geometry": {"type": "Point", "coordinates": [-157.1905285434585, 21.205178881068218]}, "properties": {"item_id": "1513_3271_11226_496", "stop_id": "S031", "cls": "net", "cls_raw": "Net", "x": 687821.2309246603, "y": 2345928.629855013, "r95_m": 3.0, "n_views": 1, "area_m2": 0.24444758252507562, "length_m": 0.5593334960938194, "h_p90_m": 0.0, "volume_m3": 0.029333709903009073, "valid_3d": false, "buried_suspect": false, "weight_est_kg": 4.400056485451361, "weight_lo_kg": 1.8333568689380673, "weight_hi_kg": 11.000141213628403, "weight_method": "2d:area×thick_range×rho", "crew": "1인", "tools": ["절단기"], "weight_kg": null, "image": "molokai_1513_3271_11226.jpg"}}, {"type": "Feature", "geometry": {"type": "Point", "coordinates": [-157.1905260025598, 21.205148539514223]}, "properties": {"item_id": "1513_3271_11226_497", "stop_id": "S031", "cls": "plastic_other", "cls_raw": "Plastic_ETC", "x": 687821.5331195502, "y": 2345925.273560238, "r95_m": 3.0, "n_views": 1, "area_m2": 0.438914662629475, "length_m": 0.6632019042969574, "h_p90_m": 0.0, "volume_m3": 0.01316743987888425, "valid_3d": false, "buried_suspect": false, "weight_est_kg": 1.05339519031074, "weight_lo_kg": 0.7022634602071599, "weight_hi_kg": 3.5113173010358, "weight_method": "2d:area×thick_range×rho", "crew": "1인", "tools": [], "weight_kg": null, "image": "molokai_1513_3271_11226.jpg"}}, {"type": "Feature", "geometry": {"type": "Point", "coordinates": [-157.19044525385797, 21.205182908110626]}, "properties": {"item_id": "1513_3506_10868_506", "stop_id": "S031", "cls": "plastic_other", "cls_raw": "Plastic_ETC", "x": 687829.8733395031, "y": 2345929.174532863, "r95_m": 3.0, "n_views": 1, "area_m2": 0.3543742079497264, "length_m": 0.6347814941407038, "h_p90_m": 0.0, "volume_m3": 0.010631226238491791, "valid_3d": false, "buried_suspect": false, "weight_est_kg": 0.8504980990793433, "weight_lo_kg": 0.5669987327195622, "weight_hi_kg": 2.8349936635978112, "weight_method": "2d:area×thick_range×rho", "crew": "1인", "tools": [], "weight_kg": null, "image": "molokai_1513_3506_10868.jpg"}}, {"type": "Feature", "geometry": {"type": "Point", "coordinates": [-157.19052789745808, 21.205233244706815]}, "properties": {"item_id": "1513_3506_10868_507", "stop_id": "S031", "cls": "plastic_other", "cls_raw": "Plastic_ETC", "x": 687821.2292163356, "y": 2345934.6495708553, "r95_m": 3.0, "n_views": 1, "area_m2": 0.49028647207583376, "length_m": 0.7105432128907133, "h_p90_m": 0.0, "volume_m3": 0.014708594162275011, "valid_3d": false, "buried_suspect": false, "weight_est_kg": 1.176687532982001, "weight_lo_kg": 0.784458355321334, "weight_hi_kg": 3.92229177660667, "weight_method": "2d:area×thick_range×rho", "crew": "1인", "tools": [], "weight_kg": null, "image": "molokai_1513_3506_10868.jpg"}}, {"type": "Feature", "geometry": {"type": "Point", "coordinates": [-157.19053100433052, 21.20527622938073]}, "properties": {"item_id": "1513_3506_10868_508", "stop_id": "S031", "cls": "net", "cls_raw": "Net", "x": 687820.8522638539, "y": 2345939.404995615, "r95_m": 3.0, "n_views": 1, "area_m2": 0.15502788173522927, "length_m": 0.4435757446289614, "h_p90_m": 0.0, "volume_m3": 0.018603345808227513, "valid_3d": false, "buried_suspect": false, "weight_est_kg": 2.790501871234127, "weight_lo_kg": 1.1627091130142198, "weight_hi_kg": 6.976254678085317, "weight_method": "2d:area×thick_range×rho", "crew": "1인", "tools": ["절단기"], "weight_kg": null, "image": "molokai_1513_3506_10868.jpg"}}, {"type": "Feature", "geometry": {"type": "Point", "coordinates": [-157.19051682663144, 21.205229022534507]}, "properties": {"item_id": "1513_3506_10868_509", "stop_id": "S031", "cls": "plastic_buoy", "cls_raw": "Plastic_Buoy", "x": 687822.383981901, "y": 2345934.195241519, "r95_m": 3.0, "n_views": 1, "area_m2": 0.26700260392136055, "length_m": 0.5316674804688161, "h_p90_m": 0.0, "volume_m3": 0.08010078117640816, "valid_3d": false, "buried_suspect": false, "weight_est_kg": 4.80604687058449, "weight_lo_kg": 2.403023435292245, "weight_hi_kg": 6.408062494112653, "weight_method": "2d:area×thick_range×rho", "crew": "1인", "tools": [], "weight_kg": null, "image": "molokai_1513_3506_10868.jpg"}}, {"type": "Feature", "geometry": {"type": "Point", "coordinates": [-157.19052845943975, 21.20517886821626]}, "properties": {"item_id": "1513_3506_10868_510", "stop_id": "S031", "cls": "net", "cls_raw": "Net", "x": 687821.2396641341, "y": 2345928.628531771, "r95_m": 3.0, "n_views": 1, "area_m2": 0.23435367010837657, "length_m": 0.549954528808662, "h_p90_m": 0.0, "volume_m3": 0.028122440413005188, "valid_3d": false, "buried_suspect": false, "weight_est_kg": 4.218366061950778, "weight_lo_kg": 1.7576525258128244, "weight_hi_kg": 10.545915154876946, "weight_method": "2d:area×thick_range×rho", "crew": "1인", "tools": ["절단기"], "weight_kg": null, "image": "molokai_1513_3506_10868.jpg"}}, {"type": "Feature", "geometry": {"type": "Point", "coordinates": [-157.19052747159188, 21.205167452530777]}, "properties": {"item_id": "1513_3506_10868_511", "stop_id": "S031", "cls": "plastic_other", "cls_raw": "Plastic_ETC", "x": 687821.356669774, "y": 2345927.365799525, "r95_m": 3.0, "n_views": 1, "area_m2": 0.35134393346318393, "length_m": 0.6882507324219606, "h_p90_m": 0.0, "volume_m3": 0.010540318003895517, "valid_3d": false, "buried_suspect": false, "weight_est_kg": 0.8432254403116414, "weight_lo_kg": 0.5621502935410942, "weight_hi_kg": 2.810751467705472, "weight_method": "2d:area×thick_range×rho", "crew": "1인", "tools": [], "weight_kg": null, "image": "molokai_1513_3506_10868.jpg"}}, {"type": "Feature", "geometry": {"type": "Point", "coordinates": [-157.19053747178194, 21.205210401180846]}, "properties": {"item_id": "1513_3506_10868_512", "stop_id": "S031", "cls": "net", "cls_raw": "Net", "x": 687820.2640670532, "y": 2345932.109057535, "r95_m": 3.0, "n_views": 1, "area_m2": 0.10447524936183158, "length_m": 0.43372299194341324, "h_p90_m": 0.0, "volume_m3": 0.01253702992341979, "valid_3d": false, "buried_suspect": false, "weight_est_kg": 1.8805544885129686, "weight_lo_kg": 0.7835643702137369, "weight_hi_kg": 4.701386221282421, "weight_method": "2d:area×thick_range×rho", "crew": "1인", "tools": ["절단기"], "weight_kg": null, "image": "molokai_1513_3506_10868.jpg"}}, {"type": "Feature", "geometry": {"type": "Point", "coordinates": [-157.1904844142467, 21.20522092951029]}, "properties": {"item_id": "1513_3506_10868_513", "stop_id": "S031", "cls": "eps_fragment", "cls_raw": "Styrofoam_Piece", "x": 687825.7594230954, "y": 2345933.3376656137, "r95_m": 3.0, "n_views": 1, "area_m2": 0.24969435343748575, "length_m": 0.5414746093750673, "h_p90_m": 0.0, "volume_m3": 0.007490830603124572, "valid_3d": false, "buried_suspect": false, "weight_est_kg": 0.14981661206249144, "weight_lo_kg": 0.0998777413749943, "weight_hi_kg": 0.4993887068749715, "weight_method": "2d:area×thick_range×rho", "crew": "1인", "tools": [], "weight_kg": null, "image": "molokai_1513_3506_10868.jpg"}}, {"type": "Feature", "geometry": {"type": "Point", "coordinates": [-157.1905420613315, 21.205211799749065]}, "properties": {"item_id": "1513_3506_10868_514", "stop_id": "S031", "cls": "eps_fragment", "cls_raw": "Styrofoam_Piece", "x": 687819.7857895789, "y": 2345932.2584569864, "r95_m": 3.0, "n_views": 1, "area_m2": 0.1432950635239838, "length_m": 0.5001904296875621, "h_p90_m": 0.0, "volume_m3": 0.0042988519057195135, "valid_3d": false, "buried_suspect": false, "weight_est_kg": 0.08597703811439027, "weight_lo_kg": 0.05731802540959352, "weight_hi_kg": 0.2865901270479676, "weight_method": "2d:area×thick_range×rho", "crew": "1인", "tools": [], "weight_kg": null, "image": "molokai_1513_3506_10868.jpg"}}, {"type": "Feature", "geometry": {"type": "Point", "coordinates": [-157.19040985857768, 21.20513436945413]}, "properties": {"item_id": "1513_3700_11273_520", "stop_id": "S031", "cls": "net", "cls_raw": "Net", "x": 687833.6096538876, "y": 2345923.8425002876, "r95_m": 3.0, "n_views": 1, "area_m2": 0.23694370827084707, "length_m": 0.5854626464844477, "h_p90_m": 0.0, "volume_m3": 0.028433244992501647, "valid_3d": false, "buried_suspect": false, "weight_est_kg": 4.264986748875247, "weight_lo_kg": 1.7770778120313533, "weight_hi_kg": 10.66246687218812, "weight_method": "2d:area×thick_range×rho", "crew": "1인", "tools": ["절단기"], "weight_kg": null, "image": "molokai_1513_3700_11273.jpg"}}, {"type": "Feature", "geometry": {"type": "Point", "coordinates": [-157.19044517712405, 21.205183017093955]}, "properties": {"item_id": "1513_3700_11273_521", "stop_id": "S031", "cls": "plastic_buoy", "cls_raw": "Plastic_Buoy", "x": 687829.8811684854, "y": 2345929.186690154, "r95_m": 3.0, "n_views": 1, "area_m2": 0.32885311089762276, "length_m": 0.6229785156250774, "h_p90_m": 0.0, "volume_m3": 0.09865593326928683, "valid_3d": false, "buried_suspect": false, "weight_est_kg": 5.9193559961572095, "weight_lo_kg": 2.9596779980786048, "weight_hi_kg": 7.892474661542946, "weight_method": "2d:area×thick_range×rho", "crew": "1인", "tools": [], "weight_kg": null, "image": "molokai_1513_3700_11273.jpg"}}, {"type": "Feature", "geometry": {"type": "Point", "coordinates": [-157.19041423006533, 21.205099234199135]}, "properties": {"item_id": "1513_3700_11273_522", "stop_id": "S031", "cls": "net", "cls_raw": "Net", "x": 687833.2002403259, "y": 2345919.9472625107, "r95_m": 3.0, "n_views": 1, "area_m2": 0.22916377308374378, "length_m": 0.5166357421875641, "h_p90_m": 0.0, "volume_m3": 0.027499652770049253, "valid_3d": false, "buried_suspect": false, "weight_est_kg": 4.124947915507388, "weight_lo_kg": 1.7187282981280785, "weight_hi_kg": 10.31236978876847, "weight_method": "2d:area×thick_range×rho", "crew": "1인", "tools": ["절단기"], "weight_kg": null, "image": "molokai_1513_3700_11273.jpg"}}, {"type": "Feature", "geometry": {"type": "Point", "coordinates": [-157.1905047034301, 21.205112428558504]}, "properties": {"item_id": "1513_3700_11273_523", "stop_id": "S031", "cls": "net", "cls_raw": "Net", "x": 687823.7901805304, "y": 2345921.300752856, "r95_m": 3.0, "n_views": 1, "area_m2": 0.16504882754259187, "length_m": 0.5352610015869805, "h_p90_m": 0.0, "volume_m3": 0.019805859305111025, "valid_3d": false, "buried_suspect": false, "weight_est_kg": 2.9708788957666536, "weight_lo_kg": 1.237866206569439, "weight_hi_kg": 7.427197239416634, "weight_method": "2d:area×thick_range×rho", "crew": "1인", "tools": ["절단기"], "weight_kg": null, "image": "molokai_1513_3700_11273.jpg"}}, {"type": "Feature", "geometry": {"type": "Point", "coordinates": [-157.1904300474665, 21.205139504575687]}, "properties": {"item_id": "1513_3700_11273_524", "stop_id": "S031", "cls": "plastic_buoy", "cls_raw": "Plastic_Buoy", "x": 687831.5070526623, "y": 2345924.3870890504, "r95_m": 3.0, "n_views": 1, "area_m2": 0.193814601481009, "length_m": 0.4626708984375575, "h_p90_m": 0.0, "volume_m3": 0.0581443804443027, "valid_3d": false, "buried_suspect": false, "weight_est_kg": 3.488662826658162, "weight_lo_kg": 1.744331413329081, "weight_hi_kg": 4.651550435544217, "weight_method": "2d:area×thick_range×rho", "crew": "1인", "tools": [], "weight_kg": null, "image": "molokai_1513_3700_11273.jpg"}}, {"type": "Feature", "geometry": {"type": "Point", "coordinates": [-157.19047133985163, 21.205130331521325]}, "properties": {"item_id": "1513_3700_11273_525", "stop_id": "S031", "cls": "rope", "cls_raw": "Rope", "x": 687827.231491614, "y": 2345923.322489187, "r95_m": 3.0, "n_views": 1, "area_m2": 0.7065345195429292, "length_m": 1.1027276611329495, "h_p90_m": 0.0, "volume_m3": 0.021196035586287874, "valid_3d": false, "buried_suspect": false, "weight_est_kg": 8.47841423451515, "weight_lo_kg": 5.652276156343434, "weight_hi_kg": 14.130690390858586, "weight_method": "2d:area×thick_range×rho", "crew": "1인", "tools": ["절단기"], "weight_kg": null, "image": "molokai_1513_3700_11273.jpg"}}, {"type": "Feature", "geometry": {"type": "Point", "coordinates": [-157.1903014167134, 21.205081663196655]}, "properties": {"item_id": "1513_4653_11760_532", "stop_id": "S031", "cls": "net", "cls_raw": "Net", "x": 687844.9352819583, "y": 2345918.135718458, "r95_m": 3.0, "n_views": 1, "area_m2": 0.1696882250670765, "length_m": 0.42638122558599045, "h_p90_m": 0.0, "volume_m3": 0.02036258700804918, "valid_3d": false, "buried_suspect": false, "weight_est_kg": 3.0543880512073773, "weight_lo_kg": 1.2726616880030739, "weight_hi_kg": 7.635970128018442, "weight_method": "2d:area×thick_range×rho", "crew": "1인", "tools": ["절단기"], "weight_kg": null, "image": "molokai_1513_4653_11760.jpg"}}, {"type": "Feature", "geometry": {"type": "Point", "coordinates": [-157.19026873815773, 21.205113097837017]}, "properties": {"item_id": "1513_4653_11760_533", "stop_id": "S032", "cls": "net", "cls_raw": "Net", "x": 687848.2883470602, "y": 2345921.654826051, "r95_m": 3.0, "n_views": 1, "area_m2": 0.11876674942097784, "length_m": 0.46322753906255754, "h_p90_m": 0.0, "volume_m3": 0.01425200993051734, "valid_3d": false, "buried_suspect": false, "weight_est_kg": 2.137801489577601, "weight_lo_kg": 0.8907506206573339, "weight_hi_kg": 5.344503723944002, "weight_method": "2d:area×thick_range×rho", "crew": "1인", "tools": ["절단기"], "weight_kg": null, "image": "molokai_1513_4653_11760.jpg"}}, {"type": "Feature", "geometry": {"type": "Point", "coordinates": [-157.19021889006967, 21.20503696161798]}, "properties": {"item_id": "1513_4653_11760_534", "stop_id": "S032", "cls": "plastic_other", "cls_raw": "Plastic_ETC", "x": 687853.560148875, "y": 2345913.284442216, "r95_m": 3.0, "n_views": 1, "area_m2": 0.4382415060104028, "length_m": 0.684880371093835, "h_p90_m": 0.0, "volume_m3": 0.013147245180312083, "valid_3d": false, "buried_suspect": false, "weight_est_kg": 1.0517796144249667, "weight_lo_kg": 0.7011864096166445, "weight_hi_kg": 3.5059320480832223, "weight_method": "2d:area×thick_range×rho", "crew": "1인", "tools": [], "weight_kg": null, "image": "molokai_1513_4653_11760.jpg"}}, {"type": "Feature", "geometry": {"type": "Point", "coordinates": [-157.19022441419128, 21.205072908134593]}, "properties": {"item_id": "1513_4653_11760_535", "stop_id": "S032", "cls": "plastic_buoy", "cls_raw": "Plastic_Buoy", "x": 687852.9411228528, "y": 2345917.2577586295, "r95_m": 3.0, "n_views": 1, "area_m2": 0.2746101461977449, "length_m": 0.563927001953195, "h_p90_m": 0.0, "volume_m3": 0.08238304385932346, "valid_3d": false, "buried_suspect": false, "weight_est_kg": 4.942982631559408, "weight_lo_kg": 2.471491315779704, "weight_hi_kg": 6.5906435087458775, "weight_method": "2d:area×thick_range×rho", "crew": "1인", "tools": [], "weight_kg": null, "image": "molokai_1513_4653_11760.jpg"}}, {"type": "Feature", "geometry": {"type": "Point", "coordinates": [-157.19016907992656, 21.2049952395007]}, "properties": {"item_id": "1513_4985_11918_545", "stop_id": "S032", "cls": "eps_buoy", "cls_raw": "Styrofoam_Buoy", "x": 687858.7844683819, "y": 2345908.7242225735, "r95_m": 3.0, "n_views": 1, "area_m2": 0.6294678905786648, "length_m": 0.8065771484376002, "h_p90_m": 0.0, "volume_m3": 0.22031376170253267, "valid_3d": false, "buried_suspect": false, "weight_est_kg": 5.507844042563317, "weight_lo_kg": 2.360504589669993, "weight_hi_kg": 6.294678905786648, "weight_method": "2d:area×thick_range×rho", "crew": "1인", "tools": [], "weight_kg": null, "image": "molokai_1513_4985_11918.jpg"}}, {"type": "Feature", "geometry": {"type": "Point", "coordinates": [-157.19021193207314, 21.205072794465888]}, "properties": {"item_id": "1513_4985_11918_546", "stop_id": "S032", "cls": "net", "cls_raw": "Net", "x": 687854.237218753, "y": 2345917.2599850367, "r95_m": 3.0, "n_views": 1, "area_m2": 0.2592466211371768, "length_m": 0.6061608886719503, "h_p90_m": 0.0, "volume_m3": 0.031109594536461213, "valid_3d": false, "buried_suspect": false, "weight_est_kg": 4.666439180469182, "weight_lo_kg": 1.9443496585288258, "weight_hi_kg": 11.666097951172954, "weight_method": "2d:area×thick_range×rho", "crew": "1인", "tools": ["절단기"], "weight_kg": null, "image": "molokai_1513_4985_11918.jpg"}}, {"type": "Feature", "geometry": {"type": "Point", "coordinates": [-157.1901990639798, 21.205026993632227]}, "properties": {"item_id": "1513_4985_11918_547", "stop_id": "S032", "cls": "plastic_buoy", "cls_raw": "Plastic_Buoy", "x": 687855.6312004058, "y": 2345912.204347951, "r95_m": 3.0, "n_views": 1, "area_m2": 0.20538933322136735, "length_m": 0.46639282226568296, "h_p90_m": 0.0, "volume_m3": 0.0616167999664102, "valid_3d": false, "buried_suspect": false, "weight_est_kg": 3.697007997984612, "weight_lo_kg": 1.848503998992306, "weight_hi_kg": 4.929343997312817, "weight_method": "2d:area×thick_range×rho", "crew": "1인", "tools": [], "weight_kg": null, "image": "molokai_1513_4985_11918.jpg"}}, {"type": "Feature", "geometry": {"type": "Point", "coordinates": [-157.19024757620556, 21.20506875949473]}, "properties": {"item_id": "1513_4985_11918_548", "stop_id": "S032", "cls": "net", "cls_raw": "Net", "x": 687850.5415833844, "y": 2345916.770951874, "r95_m": 3.0, "n_views": 1, "area_m2": 0.28310361106514514, "length_m": 0.5595205688477257, "h_p90_m": 0.0, "volume_m3": 0.033972433327817415, "valid_3d": false, "buried_suspect": false, "weight_est_kg": 5.095864999172612, "weight_lo_kg": 2.1232770829885887, "weight_hi_kg": 12.73966249793153, "weight_method": "2d:area×thick_range×rho", "crew": "1인", "tools": ["절단기"], "weight_kg": null, "image": "molokai_1513_4985_11918.jpg"}}, {"type": "Feature", "geometry": {"type": "Point", "coordinates": [-157.1897637706279, 21.204620647357366]}, "properties": {"item_id": "1513_7140_13903_559", "stop_id": "S033", "cls": "plastic_buoy", "cls_raw": "Plastic_Buoy", "x": 687901.339721057, "y": 2345867.731706253, "r95_m": 3.0, "n_views": 1, "area_m2": 0.0738749796390717, "length_m": 0.2875146484375357, "h_p90_m": 0.0, "volume_m3": 0.02216249389172151, "valid_3d": false, "buried_suspect": false, "weight_est_kg": 1.3297496335032906, "weight_lo_kg": 0.6648748167516453, "weight_hi_kg": 1.772999511337721, "weight_method": "2d:area×thick_range×rho", "crew": "1인", "tools": [], "weight_kg": null, "image": "molokai_1513_7140_13903.jpg"}}, {"type": "Feature", "geometry": {"type": "Point", "coordinates": [-157.18981652206097, 21.20461457014477]}, "properties": {"item_id": "1513_7140_13903_560", "stop_id": "S033", "cls": "plastic_other", "cls_raw": "Plastic_ETC", "x": 687895.8704936375, "y": 2345866.9962495393, "r95_m": 3.0, "n_views": 1, "area_m2": 0.6465809800477442, "length_m": 0.8681030273438578, "h_p90_m": 0.0, "volume_m3": 0.019397429401432326, "valid_3d": false, "buried_suspect": false, "weight_est_kg": 1.551794352114586, "weight_lo_kg": 1.0345295680763908, "weight_hi_kg": 5.172647840381954, "weight_method": "2d:area×thick_range×rho", "crew": "1인", "tools": [], "weight_kg": null, "image": "molokai_1513_7140_13903.jpg"}}, {"type": "Feature", "geometry": {"type": "Point", "coordinates": [-157.18984426551248, 21.2046102038183]}, "properties": {"item_id": "1513_7140_13903_561", "stop_id": "S033", "cls": "plastic_other", "cls_raw": "Plastic_ETC", "x": 687892.9955550514, "y": 2345866.4798980984, "r95_m": 3.0, "n_views": 1, "area_m2": 0.8221064509146095, "length_m": 1.1718465805055167, "h_p90_m": 0.0, "volume_m3": 0.024663193527438284, "valid_3d": false, "buried_suspect": false, "weight_est_kg": 1.9730554821950628, "weight_lo_kg": 1.3153703214633752, "weight_hi_kg": 6.576851607316877, "weight_method": "2d:area×thick_range×rho", "crew": "1인", "tools": [], "weight_kg": null, "image": "molokai_1513_7140_13903.jpg"}}, {"type": "Feature", "geometry": {"type": "Point", "coordinates": [-157.18975122838336, 21.20461262595168]}, "properties": {"item_id": "1513_7140_13903_562", "stop_id": "S033", "cls": "plastic_other", "cls_raw": "Plastic_ETC", "x": 687902.6520724526, "y": 2345866.858490701, "r95_m": 3.0, "n_views": 1, "area_m2": 1.9509356091981012, "length_m": 1.9898632812502473, "h_p90_m": 0.0, "volume_m3": 0.058528068275943035, "valid_3d": false, "buried_suspect": false, "weight_est_kg": 4.682245462075443, "weight_lo_kg": 3.121496974716962, "weight_hi_kg": 15.60748487358481, "weight_method": "2d:area×thick_range×rho", "crew": "1인", "tools": [], "weight_kg": null, "image": "molokai_1513_7140_13903.jpg"}}, {"type": "Feature", "geometry": {"type": "Point", "coordinates": [-157.18983973716868, 21.204674687594615]}, "properties": {"item_id": "1513_7140_13903_563", "stop_id": "S033", "cls": "net", "cls_raw": "Net", "x": 687893.3840987727, "y": 2345873.624689291, "r95_m": 3.0, "n_views": 1, "area_m2": 0.2304927172033689, "length_m": 0.5524320983887405, "h_p90_m": 0.0, "volume_m3": 0.027659126064404266, "valid_3d": false, "buried_suspect": false, "weight_est_kg": 4.1488689096606395, "weight_lo_kg": 1.7286953790252668, "weight_hi_kg": 10.3721722741516, "weight_method": "2d:area×thick_range×rho", "crew": "1인", "tools": ["절단기"], "weight_kg": null, "image": "molokai_1513_7140_13903.jpg"}}, {"type": "Feature", "geometry": {"type": "Point", "coordinates": [-157.1895401387887, 21.204550927795935]}, "properties": {"item_id": "1513_8435_14608_568", "stop_id": "S034", "cls": "plastic_buoy", "cls_raw": "Plastic_Buoy", "x": 687924.6465565977, "y": 2345860.278043166, "r95_m": 3.0, "n_views": 1, "area_m2": 0.14407639607790712, "length_m": 0.38255371093754753, "h_p90_m": 0.0, "volume_m3": 0.04322291882337213, "valid_3d": false, "buried_suspect": false, "weight_est_kg": 2.593375129402328, "weight_lo_kg": 1.296687564701164, "weight_hi_kg": 3.4578335058697713, "weight_method": "2d:area×thick_range×rho", "crew": "1인", "tools": [], "weight_kg": null, "image": "molokai_1513_8435_14608.jpg"}}, {"type": "Feature", "geometry": {"type": "Point", "coordinates": [-157.1895610709513, 21.204559663317053]}, "properties": {"item_id": "1513_8435_14608_569", "stop_id": "S034", "cls": "net", "cls_raw": "Net", "x": 687922.4622155497, "y": 2345861.220362433, "r95_m": 3.0, "n_views": 1, "area_m2": 0.33951597342797607, "length_m": 0.5933642578125737, "h_p90_m": 0.0, "volume_m3": 0.04074191681135713, "valid_3d": false, "buried_suspect": false, "weight_est_kg": 6.111287521703569, "weight_lo_kg": 2.5463698007098206, "weight_hi_kg": 15.278218804258922, "weight_method": "2d:area×thick_range×rho", "crew": "1인", "tools": ["절단기"], "weight_kg": null, "image": "molokai_1513_8435_14608.jpg"}}, {"type": "Feature", "geometry": {"type": "Point", "coordinates": [-157.18958730123234, 21.20453797362034]}, "properties": {"item_id": "1513_8435_14608_570", "stop_id": "S034", "cls": "eps_fragment", "cls_raw": "Styrofoam_Piece", "x": 687919.7663091178, "y": 2345858.7878197245, "r95_m": 3.0, "n_views": 1, "area_m2": 0.31679604641877535, "length_m": 0.5771398925781966, "h_p90_m": 0.0, "volume_m3": 0.00950388139256326, "valid_3d": false, "buried_suspect": false, "weight_est_kg": 0.1900776278512652, "weight_lo_kg": 0.12671841856751015, "weight_hi_kg": 0.6335920928375507, "weight_method": "2d:area×thick_range×rho", "crew": "1인", "tools": [], "weight_kg": null, "image": "molokai_1513_8435_14608.jpg"}}, {"type": "Feature", "geometry": {"type": "Point", "coordinates": [-157.18959863510662, 21.204589046162685]}, "properties": {"item_id": "1513_8435_14608_571", "stop_id": "S034", "cls": "plastic_buoy", "cls_raw": "Plastic_Buoy", "x": 687918.5249219359, "y": 2345864.4289391325, "r95_m": 3.0, "n_views": 1, "area_m2": 0.41577356626110124, "length_m": 0.6875727844239136, "h_p90_m": 0.0, "volume_m3": 0.12473206987833037, "valid_3d": false, "buried_suspect": false, "weight_est_kg": 7.483924192699822, "weight_lo_kg": 3.741962096349911, "weight_hi_kg": 9.97856559026643, "weight_method": "2d:area×thick_range×rho", "crew": "1인", "tools": [], "weight_kg": null, "image": "molokai_1513_8435_14608.jpg"}}, {"type": "Feature", "geometry": {"type": "Point", "coordinates": [-157.18949242163052, 21.204536263055306]}, "properties": {"item_id": "1513_8435_14608_572", "stop_id": "S034", "cls": "pet_bottle", "cls_raw": "PET_Bottle", "x": 687929.6193581086, "y": 2345858.7110569887, "r95_m": 3.0, "n_views": 1, "area_m2": 0.750705737304874, "length_m": 0.9071972656251127, "h_p90_m": 0.0, "volume_m3": 0.04504234423829244, "valid_3d": false, "buried_suspect": false, "weight_est_kg": 1.4863973598636504, "weight_lo_kg": 1.2386644665530422, "weight_hi_kg": 2.4773289331060844, "weight_method": "2d:area×thick_range×rho", "crew": "1인", "tools": [], "weight_kg": null, "image": "molokai_1513_8435_14608.jpg"}}, {"type": "Feature", "geometry": {"type": "Point", "coordinates": [-157.1894851519504, 21.20455274123628]}, "properties": {"item_id": "1513_8435_14608_573", "stop_id": "S034", "cls": "eps_buoy", "cls_raw": "Styrofoam_Buoy", "x": 687930.3532743091, "y": 2345860.544093024, "r95_m": 3.0, "n_views": 1, "area_m2": 2.7737452754623626, "length_m": 2.1074652099611995, "h_p90_m": 0.0, "volume_m3": 0.9708108464118268, "valid_3d": false, "buried_suspect": false, "weight_est_kg": 24.27027116029567, "weight_lo_kg": 10.40154478298386, "weight_hi_kg": 27.737452754623625, "weight_method": "2d:area×thick_range×rho", "crew": "2인", "tools": [], "weight_kg": null, "image": "molokai_1513_8435_14608.jpg"}}, {"type": "Feature", "geometry": {"type": "Point", "coordinates": [-157.19092862294534, 21.205507847419828]}, "properties": {"item_id": "1513_917_9253_577", "stop_id": "S028", "cls": "plastic_other", "cls_raw": "Plastic_ETC", "x": 687779.2767262013, "y": 2345964.5772321457, "r95_m": 3.0, "n_views": 1, "area_m2": 0.31697021633394484, "length_m": 0.6328588867188286, "h_p90_m": 0.0, "volume_m3": 0.009509106490018345, "valid_3d": false, "buried_suspect": false, "weight_est_kg": 0.7607285192014677, "weight_lo_kg": 0.5071523461343118, "weight_hi_kg": 2.535761730671559, "weight_method": "2d:area×thick_range×rho", "crew": "1인", "tools": [], "weight_kg": null, "image": "molokai_1513_917_9253.jpg"}}, {"type": "Feature", "geometry": {"type": "Point", "coordinates": [-157.1909333702288, 21.205512935993365]}, "properties": {"item_id": "1513_917_9253_578", "stop_id": "S028", "cls": "plastic_other", "cls_raw": "Plastic_ETC", "x": 687778.7774060143, "y": 2345965.1349898553, "r95_m": 3.0, "n_views": 1, "area_m2": 0.3096678966761405, "length_m": 0.5882788085938231, "h_p90_m": 0.0, "volume_m3": 0.009290036900284213, "valid_3d": false, "buried_suspect": false, "weight_est_kg": 0.743202952022737, "weight_lo_kg": 0.4954686346818248, "weight_hi_kg": 2.477343173409124, "weight_method": "2d:area×thick_range×rho", "crew": "1인", "tools": [], "weight_kg": null, "image": "molokai_1513_917_9253.jpg"}}, {"type": "Feature", "geometry": {"type": "Point", "coordinates": [-157.1909687601118, 21.205520571909688]}, "properties": {"item_id": "1513_917_9253_579", "stop_id": "S029", "cls": "eps_fragment", "cls_raw": "Styrofoam_Piece", "x": 687775.0934158518, "y": 2345965.9384336644, "r95_m": 3.0, "n_views": 1, "area_m2": 0.5105038834960537, "length_m": 0.7630151367188448, "h_p90_m": 0.0, "volume_m3": 0.01531511650488161, "valid_3d": false, "buried_suspect": false, "weight_est_kg": 0.3063023300976322, "weight_lo_kg": 0.20420155339842147, "weight_hi_kg": 1.0210077669921076, "weight_method": "2d:area×thick_range×rho", "crew": "1인", "tools": [], "weight_kg": null, "image": "molokai_1513_917_9253.jpg"}}, {"type": "Feature", "geometry": {"type": "Point", "coordinates": [-157.19091971132528, 21.205554591642887]}, "properties": {"item_id": "1513_917_9253_580", "stop_id": "S028", "cls": "eps_fragment", "cls_raw": "Styrofoam_Piece", "x": 687780.1428421494, "y": 2345969.7631568885, "r95_m": 3.0, "n_views": 1, "area_m2": 0.16729412176613195, "length_m": 0.507255859375063, "h_p90_m": 0.0, "volume_m3": 0.005018823652983958, "valid_3d": false, "buried_suspect": false, "weight_est_kg": 0.10037647305967916, "weight_lo_kg": 0.06691764870645278, "weight_hi_kg": 0.3345882435322639, "weight_method": "2d:area×thick_range×rho", "crew": "1인", "tools": [], "weight_kg": null, "image": "molokai_1513_917_9253.jpg"}}, {"type": "Feature", "geometry": {"type": "Point", "coordinates": [-157.19091768654613, 21.2055177231531]}, "properties": {"item_id": "1513_917_9253_581", "stop_id": "S028", "cls": "net", "cls_raw": "Net", "x": 687780.3996988912, "y": 2345965.6836105925, "r95_m": 3.0, "n_views": 1, "area_m2": 0.2922048804760705, "length_m": 0.5566894531250691, "h_p90_m": 0.0, "volume_m3": 0.03506458565712846, "valid_3d": false, "buried_suspect": false, "weight_est_kg": 5.259687848569269, "weight_lo_kg": 2.191536603570529, "weight_hi_kg": 13.149219621423173, "weight_method": "2d:area×thick_range×rho", "crew": "1인", "tools": ["절단기"], "weight_kg": null, "image": "molokai_1513_917_9253.jpg"}}, {"type": "Feature", "geometry": {"type": "Point", "coordinates": [-157.19095860088876, 21.205507166297586]}, "properties": {"item_id": "1513_917_9253_582", "stop_id": "S028", "cls": "eps_fragment", "cls_raw": "Styrofoam_Piece", "x": 687776.1651470659, "y": 2345964.466262278, "r95_m": 3.0, "n_views": 1, "area_m2": 0.23656174554830706, "length_m": 0.5100390625000634, "h_p90_m": 0.0, "volume_m3": 0.007096852366449211, "valid_3d": false, "buried_suspect": false, "weight_est_kg": 0.1419370473289842, "weight_lo_kg": 0.09462469821932282, "weight_hi_kg": 0.47312349109661417, "weight_method": "2d:area×thick_range×rho", "crew": "1인", "tools": [], "weight_kg": null, "image": "molokai_1513_917_9253.jpg"}}, {"type": "Feature", "geometry": {"type": "Point", "coordinates": [-157.19092369024477, 21.205483777464693]}, "properties": {"item_id": "1513_917_9253_583", "stop_id": "S028", "cls": "rope", "cls_raw": "Rope", "x": 687779.8193068975, "y": 2345961.918143354, "r95_m": 3.0, "n_views": 1, "area_m2": 0.5471811507345605, "length_m": 0.8761572265626089, "h_p90_m": 0.0, "volume_m3": 0.016415434522036816, "valid_3d": false, "buried_suspect": false, "weight_est_kg": 6.566173808814726, "weight_lo_kg": 4.377449205876484, "weight_hi_kg": 10.943623014691212, "weight_method": "2d:area×thick_range×rho", "crew": "1인", "tools": ["절단기"], "weight_kg": null, "image": "molokai_1513_917_9253.jpg"}}, {"type": "Feature", "geometry": {"type": "Point", "coordinates": [-157.19093235853524, 21.20555254239661]}, "properties": {"item_id": "1513_917_9253_584", "stop_id": "S028", "cls": "plastic_buoy", "cls_raw": "Plastic_Buoy", "x": 687778.8323462222, "y": 2345969.5212699287, "r95_m": 3.0, "n_views": 1, "area_m2": 0.08523268164845439, "length_m": 0.29651123046878686, "h_p90_m": 0.0, "volume_m3": 0.025569804494536316, "valid_3d": false, "buried_suspect": false, "weight_est_kg": 1.534188269672179, "weight_lo_kg": 0.7670941348360895, "weight_hi_kg": 2.0455843595629055, "weight_method": "2d:area×thick_range×rho", "crew": "1인", "tools": [], "weight_kg": null, "image": "molokai_1513_917_9253.jpg"}}, {"type": "Feature", "geometry": {"type": "Point", "coordinates": [-157.19096077943945, 21.205563746535095]}, "properties": {"item_id": "1513_917_9253_585", "stop_id": "S029", "cls": "pet_bottle", "cls_raw": "PET_Bottle", "x": 687775.867393104, "y": 2345970.7280407124, "r95_m": 3.0, "n_views": 1, "area_m2": 0.25215307597524234, "length_m": 0.5231158447266275, "h_p90_m": 0.0, "volume_m3": 0.015129184558514539, "valid_3d": false, "buried_suspect": false, "weight_est_kg": 0.4992630904309798, "weight_lo_kg": 0.41605257535914986, "weight_hi_kg": 0.8321051507182997, "weight_method": "2d:area×thick_range×rho", "crew": "1인", "tools": [], "weight_kg": null, "image": "molokai_1513_917_9253.jpg"}}, {"type": "Feature", "geometry": {"type": "Point", "coordinates": [-157.19098754055923, 21.20555070558297]}, "properties": {"item_id": "1513_917_9253_586", "stop_id": "S029", "cls": "plastic_buoy", "cls_raw": "Plastic_Buoy", "x": 687773.1054331961, "y": 2345969.2524506007, "r95_m": 3.0, "n_views": 1, "area_m2": 0.24030160684144505, "length_m": 0.5132141113281887, "h_p90_m": 0.0, "volume_m3": 0.07209048205243351, "valid_3d": false, "buried_suspect": false, "weight_est_kg": 4.325428923146011, "weight_lo_kg": 2.1627144615730054, "weight_hi_kg": 5.767238564194682, "weight_method": "2d:area×thick_range×rho", "crew": "1인", "tools": [], "weight_kg": null, "image": "molokai_1513_917_9253.jpg"}}, {"type": "Feature", "geometry": {"type": "Point", "coordinates": [-157.18842790825857, 21.203753898149063]}, "properties": {"item_id": "1723_14184_3561_601", "stop_id": "S035", "cls": "net", "cls_raw": "Net", "x": 688041.1335125046, "y": 2345773.354337665, "r95_m": 3.0, "n_views": 1, "area_m2": 0.2268482641578284, "length_m": 0.5692260742188208, "h_p90_m": 0.0, "volume_m3": 0.02722179169893941, "valid_3d": false, "buried_suspect": false, "weight_est_kg": 4.083268754840911, "weight_lo_kg": 1.7013619811837133, "weight_hi_kg": 10.208171887102278, "weight_method": "2d:area×thick_range×rho", "crew": "1인", "tools": ["절단기"], "weight_kg": null, "image": "molokai_1723_14184_3561.jpg"}}, {"type": "Feature", "geometry": {"type": "Point", "coordinates": [-157.18848914919292, 21.20378409477936]}, "properties": {"item_id": "1723_14184_3561_602", "stop_id": "S035", "cls": "net", "cls_raw": "Net", "x": 688034.7368858447, "y": 2345776.6248676605, "r95_m": 3.0, "n_views": 1, "area_m2": 0.2569145550984596, "length_m": 0.5241443634033854, "h_p90_m": 0.0, "volume_m3": 0.030829746611815152, "valid_3d": false, "buried_suspect": false, "weight_est_kg": 4.6244619917722725, "weight_lo_kg": 1.926859163238447, "weight_hi_kg": 11.56115497943068, "weight_method": "2d:area×thick_range×rho", "crew": "1인", "tools": ["절단기"], "weight_kg": null, "image": "molokai_1723_14184_3561.jpg"}}, {"type": "Feature", "geometry": {"type": "Point", "coordinates": [-157.1884427256704, 21.20380878742147]}, "properties": {"item_id": "1723_14184_3561_603", "stop_id": "S035", "cls": "eps_fragment", "cls_raw": "Styrofoam_Piece", "x": 688039.5255647345, "y": 2345779.413888726, "r95_m": 3.0, "n_views": 1, "area_m2": 0.6094698099704111, "length_m": 0.7916284179688483, "h_p90_m": 0.0, "volume_m3": 0.018284094299112333, "valid_3d": false, "buried_suspect": false, "weight_est_kg": 0.36568188598224666, "weight_lo_kg": 0.24378792398816446, "weight_hi_kg": 1.2189396199408222, "weight_method": "2d:area×thick_range×rho", "crew": "1인", "tools": [], "weight_kg": null, "image": "molokai_1723_14184_3561.jpg"}}, {"type": "Feature", "geometry": {"type": "Point", "coordinates": [-157.18848412310834, 21.20377726632572]}, "properties": {"item_id": "1723_14184_3561_604", "stop_id": "S035", "cls": "net", "cls_raw": "Net", "x": 688035.2673707801, "y": 2345775.874814375, "r95_m": 3.0, "n_views": 1, "area_m2": 0.145342942679337, "length_m": 0.39246948242192375, "h_p90_m": 0.0, "volume_m3": 0.01744115312152044, "valid_3d": false, "buried_suspect": false, "weight_est_kg": 2.616172968228066, "weight_lo_kg": 1.0900720700950275, "weight_hi_kg": 6.5404324205701645, "weight_method": "2d:area×thick_range×rho", "crew": "1인", "tools": ["절단기"], "weight_kg": null, "image": "molokai_1723_14184_3561.jpg"}}, {"type": "Feature", "geometry": {"type": "Point", "coordinates": [-157.1883944406635, 21.20371189495962]}, "properties": {"item_id": "1723_14573_4097_609", "stop_id": "S035", "cls": "eps_fragment", "cls_raw": "Styrofoam_Piece", "x": 688044.6615089637, "y": 2345768.7436407176, "r95_m": 3.0, "n_views": 1, "area_m2": 0.17664204268459893, "length_m": 0.4227832031250525, "h_p90_m": 0.0, "volume_m3": 0.005299261280537967, "valid_3d": false, "buried_suspect": false, "weight_est_kg": 0.10598522561075935, "weight_lo_kg": 0.07065681707383958, "weight_hi_kg": 0.35328408536919786, "weight_method": "2d:area×thick_range×rho", "crew": "1인", "tools": [], "weight_kg": null, "image": "molokai_1723_14573_4097.jpg"}}, {"type": "Feature", "geometry": {"type": "Point", "coordinates": [-157.18835561898382, 21.203700434939726]}, "properties": {"item_id": "1723_14573_4097_610", "stop_id": "S035", "cls": "pet_bottle", "cls_raw": "PET_Bottle", "x": 688048.7067132059, "y": 2345767.5209377706, "r95_m": 3.0, "n_views": 1, "area_m2": 0.2795961465836266, "length_m": 0.8145507812501012, "h_p90_m": 0.0, "volume_m3": 0.016775768795017593, "valid_3d": false, "buried_suspect": false, "weight_est_kg": 0.5536003702355806, "weight_lo_kg": 0.46133364186298387, "weight_hi_kg": 0.9226672837259677, "weight_method": "2d:area×thick_range×rho", "crew": "1인", "tools": [], "weight_kg": null, "image": "molokai_1723_14573_4097.jpg"}}, {"type": "Feature", "geometry": {"type": "Point", "coordinates": [-157.1884013117351, 21.203716081937433]}, "properties": {"item_id": "1723_14573_4097_611", "stop_id": "S035", "cls": "plastic_other", "cls_raw": "Plastic_ETC", "x": 688043.9428118933, "y": 2345769.1990473256, "r95_m": 3.0, "n_views": 1, "area_m2": 0.24560013234621428, "length_m": 0.5056182861328753, "h_p90_m": 0.0, "volume_m3": 0.007368003970386428, "valid_3d": false, "buried_suspect": false, "weight_est_kg": 0.5894403176309142, "weight_lo_kg": 0.3929602117539428, "weight_hi_kg": 1.9648010587697142, "weight_method": "2d:area×thick_range×rho", "crew": "1인", "tools": [], "weight_kg": null, "image": "molokai_1723_14573_4097.jpg"}}, {"type": "Feature", "geometry": {"type": "Point", "coordinates": [-157.18837233079518, 21.203695481915993]}, "properties": {"item_id": "1723_14573_4097_612", "stop_id": "S035", "cls": "plastic_buoy", "cls_raw": "Plastic_Buoy", "x": 688046.9778706175, "y": 2345766.9527064315, "r95_m": 3.0, "n_views": 1, "area_m2": 0.073706888508815, "length_m": 0.2727246093750339, "h_p90_m": 0.0, "volume_m3": 0.0221120665526445, "valid_3d": false, "buried_suspect": false, "weight_est_kg": 1.3267239931586698, "weight_lo_kg": 0.6633619965793349, "weight_hi_kg": 1.7689653242115602, "weight_method": "2d:area×thick_range×rho", "crew": "1인", "tools": [], "weight_kg": null, "image": "molokai_1723_14573_4097.jpg"}}, {"type": "Feature", "geometry": {"type": "Point", "coordinates": [-157.18837752481653, 21.20370423308364]}, "properties": {"item_id": "1723_14573_4097_613", "stop_id": "S035", "cls": "plastic_buoy", "cls_raw": "Plastic_Buoy", "x": 688046.4275134291, "y": 2345767.9154361635, "r95_m": 3.0, "n_views": 1, "area_m2": 0.13117267137769145, "length_m": 0.37828857421879697, "h_p90_m": 0.0, "volume_m3": 0.039351801413307436, "valid_3d": false, "buried_suspect": false, "weight_est_kg": 2.3611080847984462, "weight_lo_kg": 1.1805540423992231, "weight_hi_kg": 3.148144113064595, "weight_method": "2d:area×thick_range×rho", "crew": "1인", "tools": [], "weight_kg": null, "image": "molokai_1723_14573_4097.jpg"}}, {"type": "Feature", "geometry": {"type": "Point", "coordinates": [-157.18841476076102, 21.203740701731842]}, "properties": {"item_id": "1723_14573_4097_614", "stop_id": "S035", "cls": "net", "cls_raw": "Net", "x": 688042.5152746208, "y": 2345771.9088917486, "r95_m": 3.0, "n_views": 1, "area_m2": 0.22547076006835343, "length_m": 0.623558959961015, "h_p90_m": 0.0, "volume_m3": 0.02705649120820241, "valid_3d": false, "buried_suspect": false, "weight_est_kg": 4.058473681230361, "weight_lo_kg": 1.6910307005126508, "weight_hi_kg": 10.146184203075904, "weight_method": "2d:area×thick_range×rho", "crew": "1인", "tools": ["절단기"], "weight_kg": null, "image": "molokai_1723_14573_4097.jpg"}}, {"type": "Feature", "geometry": {"type": "Point", "coordinates": [-157.18838254543869, 21.203710361666417]}, "properties": {"item_id": "1723_14573_4097_615", "stop_id": "S035", "cls": "plastic_other", "cls_raw": "Plastic_ETC", "x": 688045.8984813165, "y": 2345768.5880083526, "r95_m": 3.0, "n_views": 1, "area_m2": 0.27964233269698413, "length_m": 0.5926440429688237, "h_p90_m": 0.0, "volume_m3": 0.008389269980909523, "valid_3d": false, "buried_suspect": false, "weight_est_kg": 0.6711415984727619, "weight_lo_kg": 0.44742773231517463, "weight_hi_kg": 2.237138661575873, "weight_method": "2d:area×thick_range×rho", "crew": "1인", "tools": [], "weight_kg": null, "image": "molokai_1723_14573_4097.jpg"}}, {"type": "Feature", "geometry": {"type": "Point", "coordinates": [-157.1884273238539, 21.20375372892038]}, "properties": {"item_id": "1723_14573_4097_616", "stop_id": "S035", "cls": "net", "cls_raw": "Net", "x": 688041.1944030623, "y": 2345773.3362953635, "r95_m": 3.0, "n_views": 1, "area_m2": 0.19437610841696326, "length_m": 0.458867187500057, "h_p90_m": 0.0, "volume_m3": 0.023325133010035592, "valid_3d": false, "buried_suspect": false, "weight_est_kg": 3.4987699515053388, "weight_lo_kg": 1.4578208131272246, "weight_hi_kg": 8.746924878763346, "weight_method": "2d:area×thick_range×rho", "crew": "1인", "tools": ["절단기"], "weight_kg": null, "image": "molokai_1723_14573_4097.jpg"}}, {"type": "Feature", "geometry": {"type": "Point", "coordinates": [-157.18841487639105, 21.203740575672033]}, "properties": {"item_id": "1723_14584_3758_624", "stop_id": "S035", "cls": "net", "cls_raw": "Net", "x": 688042.5034289142, "y": 2345771.894797506, "r95_m": 3.0, "n_views": 1, "area_m2": 0.2338718810827121, "length_m": 0.6266979980469528, "h_p90_m": 0.0, "volume_m3": 0.02806462572992545, "valid_3d": false, "buried_suspect": false, "weight_est_kg": 4.209693859488818, "weight_lo_kg": 1.7540391081203408, "weight_hi_kg": 10.524234648722045, "weight_method": "2d:area×thick_range×rho", "crew": "1인", "tools": ["절단기"], "weight_kg": null, "image": "molokai_1723_14584_3758.jpg"}}, {"type": "Feature", "geometry": {"type": "Point", "coordinates": [-157.18840091269595, 21.20371633071906]}, "properties": {"item_id": "1723_14584_3758_625", "stop_id": "S035", "cls": "net", "cls_raw": "Net", "x": 688043.9839273187, "y": 2345769.2270655204, "r95_m": 3.0, "n_views": 1, "area_m2": 0.2334707887366994, "length_m": 0.5763269042969466, "h_p90_m": 0.0, "volume_m3": 0.028016494648403927, "valid_3d": false, "buried_suspect": false, "weight_est_kg": 4.202474197260589, "weight_lo_kg": 1.7510309155252457, "weight_hi_kg": 10.506185493151474, "weight_method": "2d:area×thick_range×rho", "crew": "1인", "tools": ["절단기"], "weight_kg": null, "image": "molokai_1723_14584_3758.jpg"}}, {"type": "Feature", "geometry": {"type": "Point", "coordinates": [-157.18839868668866, 21.20382024915498]}, "properties": {"item_id": "1723_14584_3758_626", "stop_id": "S035", "cls": "net", "cls_raw": "Net", "x": 688044.0834235984, "y": 2345780.735198703, "r95_m": 3.0, "n_views": 1, "area_m2": 0.3361534182248541, "length_m": 0.681495208740319, "h_p90_m": 0.0, "volume_m3": 0.04033841018698249, "valid_3d": false, "buried_suspect": false, "weight_est_kg": 6.050761528047373, "weight_lo_kg": 2.521150636686406, "weight_hi_kg": 15.126903820118434, "weight_method": "2d:area×thick_range×rho", "crew": "1인", "tools": ["절단기"], "weight_kg": null, "image": "molokai_1723_14584_3758.jpg"}}, {"type": "Feature", "geometry": {"type": "Point", "coordinates": [-157.18939884050235, 21.20442690380374]}, "properties": {"item_id": "1723_9477_2_632", "stop_id": "S034", "cls": "plastic_other", "cls_raw": "Plastic_ETC", "x": 687939.4738677213, "y": 2345846.7142729987, "r95_m": 3.0, "n_views": 1, "area_m2": 0.8706140626067597, "length_m": 1.0717065429688832, "h_p90_m": 0.0, "volume_m3": 0.026118421878202788, "valid_3d": false, "buried_suspect": false, "weight_est_kg": 2.089473750256223, "weight_lo_kg": 1.3929825001708154, "weight_hi_kg": 6.964912500854078, "weight_method": "2d:area×thick_range×rho", "crew": "1인", "tools": [], "weight_kg": null, "image": "molokai_1723_9477_2.jpg"}}, {"type": "Feature", "geometry": {"type": "Point", "coordinates": [-157.1893773159252, 21.20442755527218]}, "properties": {"item_id": "1723_9477_2_633", "stop_id": "S034", "cls": "plastic_other", "cls_raw": "Plastic_ETC", "x": 687941.707836087, "y": 2345846.8119536815, "r95_m": 3.0, "n_views": 1, "area_m2": 0.34907095532425975, "length_m": 0.6562890625000816, "h_p90_m": 0.0, "volume_m3": 0.010472128659727792, "valid_3d": false, "buried_suspect": false, "weight_est_kg": 0.8377702927782233, "weight_lo_kg": 0.5585135285188156, "weight_hi_kg": 2.7925676425940784, "weight_method": "2d:area×thick_range×rho", "crew": "1인", "tools": [], "weight_kg": null, "image": "molokai_1723_9477_2.jpg"}}, {"type": "Feature", "geometry": {"type": "Point", "coordinates": [-157.18833361446266, 21.203693799957737]}, "properties": {"item_id": "1724_-247_4090_639", "stop_id": "S035", "cls": "pet_bottle", "cls_raw": "PET_Bottle", "x": 688050.9997527077, "y": 2345766.8124720138, "r95_m": 3.0, "n_views": 1, "area_m2": 0.1772088419557058, "length_m": 0.5136669921875638, "h_p90_m": 0.0, "volume_m3": 0.010632530517342347, "valid_3d": false, "buried_suspect": false, "weight_est_kg": 0.3508735070722975, "weight_lo_kg": 0.2923945892269146, "weight_hi_kg": 0.5847891784538292, "weight_method": "2d:area×thick_range×rho", "crew": "1인", "tools": [], "weight_kg": null, "image": "molokai_1724_-247_4090.jpg"}}, {"type": "Feature", "geometry": {"type": "Point", "coordinates": [-157.18832180217876, 21.20375072951603]}, "properties": {"item_id": "1724_-247_4090_640", "stop_id": "S035", "cls": "net", "cls_raw": "Net", "x": 688052.1540633087, "y": 2345773.129546173, "r95_m": 3.0, "n_views": 1, "area_m2": 0.19896957245474037, "length_m": 0.4629101562500575, "h_p90_m": 0.0, "volume_m3": 0.023876348694568842, "valid_3d": false, "buried_suspect": false, "weight_est_kg": 3.5814523041853263, "weight_lo_kg": 1.4922717934105527, "weight_hi_kg": 8.953630760463316, "weight_method": "2d:area×thick_range×rho", "crew": "1인", "tools": ["절단기"], "weight_kg": null, "image": "molokai_1724_-247_4090.jpg"}}, {"type": "Feature", "geometry": {"type": "Point", "coordinates": [-157.1882958078921, 21.203691943768685]}, "properties": {"item_id": "1724_-247_4090_641", "stop_id": "S035", "cls": "net", "cls_raw": "Net", "x": 688054.9273989338, "y": 2345766.651867719, "r95_m": 3.0, "n_views": 1, "area_m2": 0.14323117308620198, "length_m": 0.3856835937500479, "h_p90_m": 0.0, "volume_m3": 0.017187740770344236, "valid_3d": false, "buried_suspect": false, "weight_est_kg": 2.5781611155516355, "weight_lo_kg": 1.0742337981465149, "weight_hi_kg": 6.445402788879089, "weight_method": "2d:area×thick_range×rho", "crew": "1인", "tools": ["절단기"], "weight_kg": null, "image": "molokai_1724_-247_4090.jpg"}}, {"type": "Feature", "geometry": {"type": "Point", "coordinates": [-157.1883017324069, 21.203688605553808]}, "properties": {"item_id": "1724_-247_4090_642", "stop_id": "S035", "cls": "pet_bottle", "cls_raw": "PET_Bottle", "x": 688054.316510112, "y": 2345766.2752349363, "r95_m": 3.0, "n_views": 1, "area_m2": 0.28747253199673883, "length_m": 0.6497253417969557, "h_p90_m": 0.0, "volume_m3": 0.01724835191980433, "valid_3d": false, "buried_suspect": false, "weight_est_kg": 0.5691956133535429, "weight_lo_kg": 0.4743296777946191, "weight_hi_kg": 0.9486593555892382, "weight_method": "2d:area×thick_range×rho", "crew": "1인", "tools": [], "weight_kg": null, "image": "molokai_1724_-247_4090.jpg"}}, {"type": "Feature", "geometry": {"type": "Point", "coordinates": [-157.18833365508357, 21.203808457645803]}, "properties": {"item_id": "1724_-255_3764_648", "stop_id": "S035", "cls": "net", "cls_raw": "Net", "x": 688050.850307505, "y": 2345779.506926138, "r95_m": 3.0, "n_views": 1, "area_m2": 0.2648614358157578, "length_m": 0.5997912597656995, "h_p90_m": 0.0, "volume_m3": 0.03178337229789093, "valid_3d": false, "buried_suspect": false, "weight_est_kg": 4.767505844683639, "weight_lo_kg": 1.9864607686181832, "weight_hi_kg": 11.9187646117091, "weight_method": "2d:area×thick_range×rho", "crew": "1인", "tools": ["절단기"], "weight_kg": null, "image": "molokai_1724_-255_3764.jpg"}}, {"type": "Feature", "geometry": {"type": "Point", "coordinates": [-157.18803465589556, 21.2035314379413]}, "properties": {"item_id": "1724_1426_4958_651", "stop_id": "S036", "cls": "plastic_other", "cls_raw": "Plastic_ETC", "x": 688082.2450319467, "y": 2345749.19143732, "r95_m": 3.0, "n_views": 1, "area_m2": 0.4650783781529628, "length_m": 0.6869824218750853, "h_p90_m": 0.0, "volume_m3": 0.013952351344588883, "valid_3d": false, "buried_suspect": false, "weight_est_kg": 1.1161881075671107, "weight_lo_kg": 0.7441254050447406, "weight_hi_kg": 3.7206270252237026, "weight_method": "2d:area×thick_range×rho", "crew": "1인", "tools": [], "weight_kg": null, "image": "molokai_1724_1426_4958.jpg"}}, {"type": "Feature", "geometry": {"type": "Point", "coordinates": [-157.18805021313915, 21.203583675257104]}, "properties": {"item_id": "1724_1426_4958_652", "stop_id": "S036", "cls": "pet_bottle", "cls_raw": "PET_Bottle", "x": 688080.5636130858, "y": 2345754.956491161, "r95_m": 3.0, "n_views": 1, "area_m2": 0.27287438683972953, "length_m": 0.6191941833496863, "h_p90_m": 0.0, "volume_m3": 0.01637246321038377, "valid_3d": false, "buried_suspect": false, "weight_est_kg": 0.5402912859426644, "weight_lo_kg": 0.4502427382855538, "weight_hi_kg": 0.9004854765711076, "weight_method": "2d:area×thick_range×rho", "crew": "1인", "tools": [], "weight_kg": null, "image": "molokai_1724_1426_4958.jpg"}}, {"type": "Feature", "geometry": {"type": "Point", "coordinates": [-157.1879622659268, 21.20353302315817]}, "properties": {"item_id": "1724_1426_4958_653", "stop_id": "S036", "cls": "plastic_other", "cls_raw": "Plastic_ETC", "x": 688089.7589748339, "y": 2345749.4529461577, "r95_m": 3.0, "n_views": 1, "area_m2": 0.17604935646061504, "length_m": 0.4863281250000604, "h_p90_m": 0.0, "volume_m3": 0.0052814806938184505, "valid_3d": false, "buried_suspect": false, "weight_est_kg": 0.42251845550547606, "weight_lo_kg": 0.2816789703369841, "weight_hi_kg": 1.4083948516849203, "weight_method": "2d:area×thick_range×rho", "crew": "1인", "tools": [], "weight_kg": null, "image": "molokai_1724_1426_4958.jpg"}}, {"type": "Feature", "geometry": {"type": "Point", "coordinates": [-157.18800898298178, 21.203527585309647]}, "properties": {"item_id": "1724_1426_4958_654", "stop_id": "S036", "cls": "pet_bottle", "cls_raw": "PET_Bottle", "x": 688084.915425058, "y": 2345748.79538619, "r95_m": 3.0, "n_views": 1, "area_m2": 1.026455204129474, "length_m": 1.1122558593751382, "h_p90_m": 0.0, "volume_m3": 0.06158731224776844, "valid_3d": false, "buried_suspect": false, "weight_est_kg": 2.0323813041763588, "weight_lo_kg": 1.6936510868136323, "weight_hi_kg": 3.3873021736272646, "weight_method": "2d:area×thick_range×rho", "crew": "1인", "tools": [], "weight_kg": null, "image": "molokai_1724_1426_4958.jpg"}}, {"type": "Feature", "geometry": {"type": "Point", "coordinates": [-157.1880315418519, 21.203556312240448]}, "properties": {"item_id": "1724_1426_4958_655", "stop_id": "S036", "cls": "plastic_other", "cls_raw": "Plastic_ETC", "x": 688082.5368389708, "y": 2345751.9491333123, "r95_m": 3.0, "n_views": 1, "area_m2": 0.4209016122245344, "length_m": 0.7539709472657187, "h_p90_m": 0.0, "volume_m3": 0.012627048366736032, "valid_3d": false, "buried_suspect": false, "weight_est_kg": 1.0101638693388826, "weight_lo_kg": 0.6734425795592551, "weight_hi_kg": 3.367212897796276, "weight_method": "2d:area×thick_range×rho", "crew": "1인", "tools": [], "weight_kg": null, "image": "molokai_1724_1426_4958.jpg"}}, {"type": "Feature", "geometry": {"type": "Point", "coordinates": [-157.1868554143076, 21.20315140742087]}, "properties": {"item_id": "1724_7356_7370_664", "stop_id": "S037", "cls": "net", "cls_raw": "Net", "x": 688205.1625766908, "y": 2345708.5171141094, "r95_m": 3.0, "n_views": 1, "area_m2": 0.17896743270461238, "length_m": 0.4538366699219314, "h_p90_m": 0.0, "volume_m3": 0.021476091924553485, "valid_3d": false, "buried_suspect": false, "weight_est_kg": 3.221413788683023, "weight_lo_kg": 1.342255745284593, "weight_hi_kg": 8.053534471707556, "weight_method": "2d:area×thick_range×rho", "crew": "1인", "tools": ["절단기"], "weight_kg": null, "image": "molokai_1724_7356_7370.jpg"}}, {"type": "Feature", "geometry": {"type": "Point", "coordinates": [-157.18692887022578, 21.20308760290733]}, "properties": {"item_id": "1724_7356_7370_665", "stop_id": "S037", "cls": "plastic_other", "cls_raw": "Plastic_ETC", "x": 688197.6168059297, "y": 2345701.3655780875, "r95_m": 3.0, "n_views": 1, "area_m2": 0.8442931000324201, "length_m": 0.9578985595704315, "h_p90_m": 0.0, "volume_m3": 0.025328793000972603, "valid_3d": false, "buried_suspect": false, "weight_est_kg": 2.0263034400778084, "weight_lo_kg": 1.3508689600518722, "weight_hi_kg": 6.754344800259361, "weight_method": "2d:area×thick_range×rho", "crew": "1인", "tools": [], "weight_kg": null, "image": "molokai_1724_7356_7370.jpg"}}, {"type": "Feature", "geometry": {"type": "Point", "coordinates": [-157.18666239374443, 21.203098831524915]}, "properties": {"item_id": "1724_8245_7681_674", "stop_id": "S038", "cls": "net", "cls_raw": "Net", "x": 688225.2698185563, "y": 2345702.9255509465, "r95_m": 3.0, "n_views": 1, "area_m2": 0.1567565385178121, "length_m": 0.49291015625006124, "h_p90_m": 0.0, "volume_m3": 0.01881078462213745, "valid_3d": false, "buried_suspect": false, "weight_est_kg": 2.8216176933206176, "weight_lo_kg": 1.1756740388835907, "weight_hi_kg": 7.0540442333015445, "weight_method": "2d:area×thick_range×rho", "crew": "1인", "tools": ["절단기"], "weight_kg": null, "image": "molokai_1724_8245_7681.jpg"}}, {"type": "Feature", "geometry": {"type": "Point", "coordinates": [-157.18666354669142, 21.20301453798467]}, "properties": {"item_id": "1724_8245_7681_675", "stop_id": "S038", "cls": "net", "cls_raw": "Net", "x": 688225.2569755145, "y": 2345693.5914855306, "r95_m": 3.0, "n_views": 1, "area_m2": 0.2640569465757073, "length_m": 0.5830322265625725, "h_p90_m": 0.0, "volume_m3": 0.03168683358908487, "valid_3d": false, "buried_suspect": false, "weight_est_kg": 4.75302503836273, "weight_lo_kg": 1.9804270993178046, "weight_hi_kg": 11.882562595906828, "weight_method": "2d:area×thick_range×rho", "crew": "1인", "tools": ["절단기"], "weight_kg": null, "image": "molokai_1724_8245_7681.jpg"}}, {"type": "Feature", "geometry": {"type": "Point", "coordinates": [-157.18675053302215, 21.20304570721385]}, "properties": {"item_id": "1724_8245_7681_676", "stop_id": "S038", "cls": "net", "cls_raw": "Net", "x": 688216.1859953584, "y": 2345696.9390254407, "r95_m": 3.0, "n_views": 1, "area_m2": 0.1389808013432073, "length_m": 0.40377868652348764, "h_p90_m": 0.0, "volume_m3": 0.016677696161184877, "valid_3d": false, "buried_suspect": false, "weight_est_kg": 2.5016544241777314, "weight_lo_kg": 1.042356010074055, "weight_hi_kg": 6.254136060444329, "weight_method": "2d:area×thick_range×rho", "crew": "1인", "tools": ["절단기"], "weight_kg": null, "image": "molokai_1724_8245_7681.jpg"}}, {"type": "Feature", "geometry": {"type": "Point", "coordinates": [-157.1865521476475, 21.203025833910388]}, "properties": {"item_id": "1724_8740_7557_678", "stop_id": "S039", "cls": "pet_bottle", "cls_raw": "PET_Bottle", "x": 688236.8088033021, "y": 2345694.9745730055, "r95_m": 3.0, "n_views": 1, "area_m2": 0.25645213236815145, "length_m": 0.6046533203125751, "h_p90_m": 0.0, "volume_m3": 0.015387127942089086, "valid_3d": false, "buried_suspect": false, "weight_est_kg": 0.5077752220889399, "weight_lo_kg": 0.4231460184074499, "weight_hi_kg": 0.8462920368148998, "weight_method": "2d:area×thick_range×rho", "crew": "1인", "tools": [], "weight_kg": null, "image": "molokai_1724_8740_7557.jpg"}}, {"type": "Feature", "geometry": {"type": "Point", "coordinates": [-157.18664478386273, 21.20310749172273]}, "properties": {"item_id": "1724_8740_7557_679", "stop_id": "S038", "cls": "net", "cls_raw": "Net", "x": 688227.0872070049, "y": 2345703.905314368, "r95_m": 3.0, "n_views": 1, "area_m2": 0.19895263108318026, "length_m": 0.5023052978516249, "h_p90_m": 0.0, "volume_m3": 0.02387431572998163, "valid_3d": false, "buried_suspect": false, "weight_est_kg": 3.5811473594972445, "weight_lo_kg": 1.4921447331238522, "weight_hi_kg": 8.952868398743112, "weight_method": "2d:area×thick_range×rho", "crew": "1인", "tools": ["절단기"], "weight_kg": null, "image": "molokai_1724_8740_7557.jpg"}}, {"type": "Feature", "geometry": {"type": "Point", "coordinates": [-157.18666240804615, 21.203098916811708]}, "properties": {"item_id": "1724_8740_7557_680", "stop_id": "S038", "cls": "net", "cls_raw": "Net", "x": 688225.2682255387, "y": 2345702.9349766076, "r95_m": 3.0, "n_views": 1, "area_m2": 0.16999933556248, "length_m": 0.48936401367193577, "h_p90_m": 0.0, "volume_m3": 0.0203999202674976, "valid_3d": false, "buried_suspect": false, "weight_est_kg": 3.0599880401246398, "weight_lo_kg": 1.2749950167186002, "weight_hi_kg": 7.6499701003116005, "weight_method": "2d:area×thick_range×rho", "crew": "1인", "tools": ["절단기"], "weight_kg": null, "image": "molokai_1724_8740_7557.jpg"}}, {"type": "Feature", "geometry": {"type": "Point", "coordinates": [-157.1866122255034, 21.203030873017507]}, "properties": {"item_id": "1724_8740_7557_681", "stop_id": "S039", "cls": "pet_bottle", "cls_raw": "PET_Bottle", "x": 688230.564754533, "y": 2345695.461059039, "r95_m": 3.0, "n_views": 1, "area_m2": 0.444235545446089, "length_m": 0.7109594726563383, "h_p90_m": 0.0, "volume_m3": 0.02665413272676534, "valid_3d": false, "buried_suspect": false, "weight_est_kg": 0.8795863799832562, "weight_lo_kg": 0.732988649986047, "weight_hi_kg": 1.465977299972094, "weight_method": "2d:area×thick_range×rho", "crew": "1인", "tools": [], "weight_kg": null, "image": "molokai_1724_8740_7557.jpg"}}, {"type": "Feature", "geometry": {"type": "Point", "coordinates": [-157.1866615942558, 21.203013956280607]}, "properties": {"item_id": "1724_8740_7557_682", "stop_id": "S038", "cls": "plastic_other", "cls_raw": "Plastic_ETC", "x": 688225.4604271051, "y": 2345693.529402386, "r95_m": 3.0, "n_views": 1, "area_m2": 2.206866125058186, "length_m": 2.2755578613284078, "h_p90_m": 0.0, "volume_m3": 0.06620598375174558, "valid_3d": false, "buried_suspect": false, "weight_est_kg": 5.296478700139646, "weight_lo_kg": 3.530985800093097, "weight_hi_kg": 17.654929000465486, "weight_method": "2d:area×thick_range×rho", "crew": "1인", "tools": [], "weight_kg": null, "image": "molokai_1724_8740_7557.jpg"}}, {"type": "Feature", "geometry": {"type": "Point", "coordinates": [-157.18660926924917, 21.203067045910217]}, "properties": {"item_id": "1724_8740_7557_683", "stop_id": "S039", "cls": "plastic_other", "cls_raw": "Plastic_ETC", "x": 688230.8258318724, "y": 2345699.469513703, "r95_m": 3.0, "n_views": 1, "area_m2": 0.7918433395745338, "length_m": 1.0280175781251277, "h_p90_m": 0.0, "volume_m3": 0.02375530018723601, "valid_3d": false, "buried_suspect": false, "weight_est_kg": 1.900424014978881, "weight_lo_kg": 1.2669493433192542, "weight_hi_kg": 6.334746716596271, "weight_method": "2d:area×thick_range×rho", "crew": "1인", "tools": [], "weight_kg": null, "image": "molokai_1724_8740_7557.jpg"}}, {"type": "Feature", "geometry": {"type": "Point", "coordinates": [-157.18652864665975, 21.203047860830132]}, "properties": {"item_id": "1724_9381_7750_694", "stop_id": "S039", "cls": "pet_bottle", "cls_raw": "PET_Bottle", "x": 688239.2208967998, "y": 2345697.4412600105, "r95_m": 3.0, "n_views": 1, "area_m2": 0.423968653302, "length_m": 0.7014398193360246, "h_p90_m": 0.0, "volume_m3": 0.025438119198119998, "valid_3d": false, "buried_suspect": false, "weight_est_kg": 0.8394579335379599, "weight_lo_kg": 0.6995482779483001, "weight_hi_kg": 1.3990965558966002, "weight_method": "2d:area×thick_range×rho", "crew": "1인", "tools": [], "weight_kg": null, "image": "molokai_1724_9381_7750.jpg"}}, {"type": "Feature", "geometry": {"type": "Point", "coordinates": [-157.18644348903845, 21.20298002934067]}, "properties": {"item_id": "1724_9381_7750_695", "stop_id": "S039", "cls": "plastic_buoy", "cls_raw": "Plastic_Buoy_China", "x": 688248.1484984625, "y": 2345690.03243675, "r95_m": 3.0, "n_views": 1, "area_m2": 0.30392335238464274, "length_m": 0.56394287109382, "h_p90_m": 0.0, "volume_m3": 0.09117700571539282, "valid_3d": false, "buried_suspect": false, "weight_est_kg": 5.470620342923569, "weight_lo_kg": 2.7353101714617845, "weight_hi_kg": 7.294160457231426, "weight_method": "2d:area×thick_range×rho", "crew": "1인", "tools": [], "weight_kg": null, "image": "molokai_1724_9381_7750.jpg"}}, {"type": "Feature", "geometry": {"type": "Point", "coordinates": [-157.18290459624723, 21.20233072716604]}, "properties": {"item_id": "1725_13156_9587_702", "stop_id": "S040", "cls": "plastic_buoy", "cls_raw": "Plastic_Buoy", "x": 688616.4038191473, "y": 2345622.3556260164, "r95_m": 3.0, "n_views": 1, "area_m2": 0.13420349083099123, "length_m": 0.370013427734421, "h_p90_m": 0.0, "volume_m3": 0.04026104724929737, "valid_3d": false, "buried_suspect": false, "weight_est_kg": 2.415662834957842, "weight_lo_kg": 1.207831417478921, "weight_hi_kg": 3.2208837799437893, "weight_method": "2d:area×thick_range×rho", "crew": "1인", "tools": [], "weight_kg": null, "image": "molokai_1725_13156_9587.jpg"}}, {"type": "Feature", "geometry": {"type": "Point", "coordinates": [-157.1829120485227, 21.20228629897538]}, "properties": {"item_id": "1725_13156_9587_703", "stop_id": "S040", "cls": "plastic_buoy", "cls_raw": "Plastic_Buoy", "x": 688615.6865109187, "y": 2345617.4278025357, "r95_m": 3.0, "n_views": 1, "area_m2": 0.1560016562700659, "length_m": 0.40779541015630066, "h_p90_m": 0.0, "volume_m3": 0.04680049688101977, "valid_3d": false, "buried_suspect": false, "weight_est_kg": 2.8080298128611862, "weight_lo_kg": 1.4040149064305931, "weight_hi_kg": 3.744039750481582, "weight_method": "2d:area×thick_range×rho", "crew": "1인", "tools": [], "weight_kg": null, "image": "molokai_1725_13156_9587.jpg"}}, {"type": "Feature", "geometry": {"type": "Point", "coordinates": [-157.18288168816105, 21.2023617050156]}, "properties": {"item_id": "1725_13156_9587_704", "stop_id": "S040", "cls": "plastic_buoy", "cls_raw": "Plastic_Buoy", "x": 688618.7429423514, "y": 2345625.8126837504, "r95_m": 3.0, "n_views": 1, "area_m2": 0.1521944532931229, "length_m": 0.4080541992188007, "h_p90_m": 0.0, "volume_m3": 0.045658335987936866, "valid_3d": false, "buried_suspect": false, "weight_est_kg": 2.739500159276212, "weight_lo_kg": 1.369750079638106, "weight_hi_kg": 3.6526668790349497, "weight_method": "2d:area×thick_range×rho", "crew": "1인", "tools": [], "weight_kg": null, "image": "molokai_1725_13156_9587.jpg"}}, {"type": "Feature", "geometry": {"type": "Point", "coordinates": [-157.18287799938793, 21.20226818799362]}, "properties": {"item_id": "1725_13156_9587_705", "stop_id": "S040", "cls": "net", "cls_raw": "Net", "x": 688619.2447362756, "y": 2345615.463175578, "r95_m": 3.0, "n_views": 1, "area_m2": 0.2273165513218014, "length_m": 0.5434252929688175, "h_p90_m": 0.0, "volume_m3": 0.027277986158616166, "valid_3d": false, "buried_suspect": false, "weight_est_kg": 4.091697923792425, "weight_lo_kg": 1.7048741349135106, "weight_hi_kg": 10.229244809481063, "weight_method": "2d:area×thick_range×rho", "crew": "1인", "tools": ["절단기"], "weight_kg": null, "image": "molokai_1725_13156_9587.jpg"}}, {"type": "Feature", "geometry": {"type": "Point", "coordinates": [-157.18282099803758, 21.202274828867818]}, "properties": {"item_id": "1725_13156_9587_706", "stop_id": "S040", "cls": "plastic_buoy", "cls_raw": "Plastic_Buoy", "x": 688625.1545772061, "y": 2345616.2663386054, "r95_m": 3.0, "n_views": 1, "area_m2": 0.3608640644074383, "length_m": 0.6261328125000778, "h_p90_m": 0.0, "volume_m3": 0.10825921932223148, "valid_3d": false, "buried_suspect": false, "weight_est_kg": 6.495553159333889, "weight_lo_kg": 3.2477765796669447, "weight_hi_kg": 8.66073754577852, "weight_method": "2d:area×thick_range×rho", "crew": "1인", "tools": [], "weight_kg": null, "image": "molokai_1725_13156_9587.jpg"}}, {"type": "Feature", "geometry": {"type": "Point", "coordinates": [-157.18280576295655, 21.20221084810091]}, "properties": {"item_id": "1725_13394_10093_711", "stop_id": "S040", "cls": "eps_fragment", "cls_raw": "Styrofoam_Piece", "x": 688626.8176708586, "y": 2345609.2007448156, "r95_m": 3.0, "n_views": 1, "area_m2": 0.5254569784791583, "length_m": 0.7658471679688451, "h_p90_m": 0.0, "volume_m3": 0.01576370935437475, "valid_3d": false, "buried_suspect": false, "weight_est_kg": 0.315274187087495, "weight_lo_kg": 0.21018279139166332, "weight_hi_kg": 1.0509139569583166, "weight_method": "2d:area×thick_range×rho", "crew": "1인", "tools": [], "weight_kg": null, "image": "molokai_1725_13394_10093.jpg"}}, {"type": "Feature", "geometry": {"type": "Point", "coordinates": [-157.18283119265317, 21.202207729488265]}, "properties": {"item_id": "1725_13394_10093_712", "stop_id": "S040", "cls": "eps_fragment", "cls_raw": "Styrofoam_Piece", "x": 688624.1813433081, "y": 2345608.8251667256, "r95_m": 3.0, "n_views": 1, "area_m2": 0.24752598178094817, "length_m": 0.5245678710938152, "h_p90_m": 0.0, "volume_m3": 0.0074257794534284445, "valid_3d": false, "buried_suspect": false, "weight_est_kg": 0.14851558906856888, "weight_lo_kg": 0.09901039271237927, "weight_hi_kg": 0.49505196356189635, "weight_method": "2d:area×thick_range×rho", "crew": "1인", "tools": [], "weight_kg": null, "image": "molokai_1725_13394_10093.jpg"}}, {"type": "Feature", "geometry": {"type": "Point", "coordinates": [-157.18279165744696, 21.20226696494037]}, "properties": {"item_id": "1725_13394_10093_713", "stop_id": "S040", "cls": "plastic_buoy", "cls_raw": "Plastic_Buoy", "x": 688628.210912184, "y": 2345615.430624816, "r95_m": 3.0, "n_views": 1, "area_m2": 0.22771655338710245, "length_m": 0.4901757812500609, "h_p90_m": 0.0, "volume_m3": 0.06831496601613073, "valid_3d": false, "buried_suspect": false, "weight_est_kg": 4.098897960967844, "weight_lo_kg": 2.049448980483922, "weight_hi_kg": 5.465197281290459, "weight_method": "2d:area×thick_range×rho", "crew": "1인", "tools": [], "weight_kg": null, "image": "molokai_1725_13394_10093.jpg"}}, {"type": "Feature", "geometry": {"type": "Point", "coordinates": [-157.18282428372865, 21.202204476920098]}, "properties": {"item_id": "1725_13394_10093_714", "stop_id": "S040", "cls": "eps_fragment", "cls_raw": "Styrofoam_Piece", "x": 688624.9028083272, "y": 2345608.473283703, "r95_m": 3.0, "n_views": 1, "area_m2": 0.15109857473377167, "length_m": 0.39709716796879935, "h_p90_m": 0.0, "volume_m3": 0.00453295724201315, "valid_3d": false, "buried_suspect": false, "weight_est_kg": 0.090659144840263, "weight_lo_kg": 0.06043942989350867, "weight_hi_kg": 0.3021971494675434, "weight_method": "2d:area×thick_range×rho", "crew": "1인", "tools": [], "weight_kg": null, "image": "molokai_1725_13394_10093.jpg"}}, {"type": "Feature", "geometry": {"type": "Point", "coordinates": [-157.18278754501122, 21.202206451699446]}, "properties": {"item_id": "1725_13394_10093_715", "stop_id": "S040", "cls": "eps_fragment", "cls_raw": "Styrofoam_Piece", "x": 688628.714770938, "y": 2345608.735693427, "r95_m": 3.0, "n_views": 1, "area_m2": 0.253805094242159, "length_m": 0.5143408203125639, "h_p90_m": 0.0, "volume_m3": 0.0076141528272647705, "valid_3d": false, "buried_suspect": false, "weight_est_kg": 0.15228305654529542, "weight_lo_kg": 0.10152203769686362, "weight_hi_kg": 0.507610188484318, "weight_method": "2d:area×thick_range×rho", "crew": "1인", "tools": [], "weight_kg": null, "image": "molokai_1725_13394_10093.jpg"}}, {"type": "Feature", "geometry": {"type": "Point", "coordinates": [-157.1827746163947, 21.202250149686172]}, "properties": {"item_id": "1725_13394_10093_716", "stop_id": "S040", "cls": "plastic_buoy", "cls_raw": "Plastic_Buoy", "x": 688630.0015956, "y": 2345613.589196209, "r95_m": 3.0, "n_views": 1, "area_m2": 0.24447498441642637, "length_m": 0.6076879882813255, "h_p90_m": 0.0, "volume_m3": 0.07334249532492791, "valid_3d": false, "buried_suspect": false, "weight_est_kg": 4.400549719495674, "weight_lo_kg": 2.200274859747837, "weight_hi_kg": 5.867399625994233, "weight_method": "2d:area×thick_range×rho", "crew": "1인", "tools": [], "weight_kg": null, "image": "molokai_1725_13394_10093.jpg"}}, {"type": "Feature", "geometry": {"type": "Point", "coordinates": [-157.18282062524446, 21.202274950833047]}, "properties": {"item_id": "1725_13394_10093_717", "stop_id": "S040", "cls": "plastic_buoy", "cls_raw": "Plastic_Buoy", "x": 688625.1931282405, "y": 2345616.280286325, "r95_m": 3.0, "n_views": 1, "area_m2": 0.3953473433541185, "length_m": 0.6483789825440258, "h_p90_m": 0.0, "volume_m3": 0.11860420300623553, "valid_3d": false, "buried_suspect": false, "weight_est_kg": 7.116252180374132, "weight_lo_kg": 3.558126090187066, "weight_hi_kg": 9.488336240498844, "weight_method": "2d:area×thick_range×rho", "crew": "1인", "tools": [], "weight_kg": null, "image": "molokai_1725_13394_10093.jpg"}}, {"type": "Feature", "geometry": {"type": "Point", "coordinates": [-157.18277259513448, 21.202250429179525]}, "properties": {"item_id": "1725_13596_9775_722", "stop_id": "S040", "cls": "plastic_other", "cls_raw": "Plastic_ETC", "x": 688630.2111018808, "y": 2345613.6225488787, "r95_m": 3.0, "n_views": 1, "area_m2": 0.5824123444320218, "length_m": 0.8513232421876058, "h_p90_m": 0.0, "volume_m3": 0.017472370332960653, "valid_3d": false, "buried_suspect": false, "weight_est_kg": 1.3977896266368521, "weight_lo_kg": 0.931859751091235, "weight_hi_kg": 4.659298755456175, "weight_method": "2d:area×thick_range×rho", "crew": "1인", "tools": [], "weight_kg": null, "image": "molokai_1725_13596_9775.jpg"}}, {"type": "Feature", "geometry": {"type": "Point", "coordinates": [-157.18278811144455, 21.202255701029905]}, "properties": {"item_id": "1725_13596_9775_723", "stop_id": "S040", "cls": "plastic_buoy", "cls_raw": "Plastic_Buoy", "x": 688628.5933927444, "y": 2345614.1877455544, "r95_m": 3.0, "n_views": 1, "area_m2": 0.11821422390642719, "length_m": 0.3575134277344194, "h_p90_m": 0.0, "volume_m3": 0.03546426717192815, "valid_3d": false, "buried_suspect": false, "weight_est_kg": 2.127856030315689, "weight_lo_kg": 1.0639280151578445, "weight_hi_kg": 2.837141373754253, "weight_method": "2d:area×thick_range×rho", "crew": "1인", "tools": [], "weight_kg": null, "image": "molokai_1725_13596_9775.jpg"}}, {"type": "Feature", "geometry": {"type": "Point", "coordinates": [-157.1826282811122, 21.202290328650655]}, "properties": {"item_id": "1725_14232_9596_729", "stop_id": "S041", "cls": "net", "cls_raw": "Net", "x": 688645.1440987191, "y": 2345618.2120281295, "r95_m": 3.0, "n_views": 1, "area_m2": 0.200154845178177, "length_m": 0.49440917968756143, "h_p90_m": 0.0, "volume_m3": 0.02401858142138124, "valid_3d": false, "buried_suspect": false, "weight_est_kg": 3.602787213207186, "weight_lo_kg": 1.5011613388363276, "weight_hi_kg": 9.006968033017964, "weight_method": "2d:area×thick_range×rho", "crew": "1인", "tools": ["절단기"], "weight_kg": null, "image": "molokai_1725_14232_9596.jpg"}}, {"type": "Feature", "geometry": {"type": "Point", "coordinates": [-157.1826900451762, 21.202289200318877]}, "properties": {"item_id": "1725_14232_9596_730", "stop_id": "S040", "cls": "net", "cls_raw": "Net", "x": 688638.7327571167, "y": 2345618.0135143003, "r95_m": 3.0, "n_views": 1, "area_m2": 0.19338983917241134, "length_m": 0.4767700195313092, "h_p90_m": 0.0, "volume_m3": 0.02320678070068936, "valid_3d": false, "buried_suspect": false, "weight_est_kg": 3.4810171051034042, "weight_lo_kg": 1.450423793793085, "weight_hi_kg": 8.70254276275851, "weight_method": "2d:area×thick_range×rho", "crew": "1인", "tools": ["절단기"], "weight_kg": null, "image": "molokai_1725_14232_9596.jpg"}}, {"type": "Feature", "geometry": {"type": "Point", "coordinates": [-157.18261264556446, 21.20226890909703]}, "properties": {"item_id": "1725_14232_9596_731", "stop_id": "S041", "cls": "plastic_buoy", "cls_raw": "Plastic_Buoy", "x": 688646.7947045898, "y": 2345615.8591533983, "r95_m": 3.0, "n_views": 1, "area_m2": 0.12674055023196507, "length_m": 0.386210937500048, "h_p90_m": 0.0, "volume_m3": 0.03802216506958952, "valid_3d": false, "buried_suspect": false, "weight_est_kg": 2.281329904175371, "weight_lo_kg": 1.1406649520876855, "weight_hi_kg": 3.0417732055671616, "weight_method": "2d:area×thick_range×rho", "crew": "1인", "tools": [], "weight_kg": null, "image": "molokai_1725_14232_9596.jpg"}}, {"type": "Feature", "geometry": {"type": "Point", "coordinates": [-157.18262829284154, 21.20229034869178]}, "properties": {"item_id": "1725_14532_9972_738", "stop_id": "S041", "cls": "net", "cls_raw": "Net", "x": 688645.1428554333, "y": 2345618.2142330436, "r95_m": 3.0, "n_views": 1, "area_m2": 0.19605404296480333, "length_m": 0.475174560546934, "h_p90_m": 0.0, "volume_m3": 0.0235264851557764, "valid_3d": false, "buried_suspect": false, "weight_est_kg": 3.5289727733664598, "weight_lo_kg": 1.470405322236025, "weight_hi_kg": 8.82243193341615, "weight_method": "2d:area×thick_range×rho", "crew": "1인", "tools": ["절단기"], "weight_kg": null, "image": "molokai_1725_14532_9972.jpg"}}, {"type": "Feature", "geometry": {"type": "Point", "coordinates": [-157.18264209174515, 21.202232679517387]}, "properties": {"item_id": "1725_14532_9972_739", "stop_id": "S040", "cls": "net", "cls_raw": "Net", "x": 688643.7834269854, "y": 2345611.812846865, "r95_m": 3.0, "n_views": 1, "area_m2": 0.19095061431829904, "length_m": 0.43757568359380433, "h_p90_m": 0.0, "volume_m3": 0.022914073718195885, "valid_3d": false, "buried_suspect": false, "weight_est_kg": 3.437111057729383, "weight_lo_kg": 1.432129607387243, "weight_hi_kg": 8.592777644323457, "weight_method": "2d:area×thick_range×rho", "crew": "1인", "tools": ["절단기"], "weight_kg": null, "image": "molokai_1725_14532_9972.jpg"}}, {"type": "Feature", "geometry": {"type": "Point", "coordinates": [-157.18259543806224, 21.202253568356877]}, "properties": {"item_id": "1725_14532_9972_740", "stop_id": "S041", "cls": "plastic_buoy", "cls_raw": "Plastic_Buoy", "x": 688648.6007987766, "y": 2345614.181178431, "r95_m": 3.0, "n_views": 1, "area_m2": 0.14423997169736633, "length_m": 0.3893188476562984, "h_p90_m": 0.0, "volume_m3": 0.0432719915092099, "valid_3d": false, "buried_suspect": false, "weight_est_kg": 2.596319490552594, "weight_lo_kg": 1.298159745276297, "weight_hi_kg": 3.461759320736792, "weight_method": "2d:area×thick_range×rho", "crew": "1인", "tools": [], "weight_kg": null, "image": "molokai_1725_14532_9972.jpg"}}, {"type": "Feature", "geometry": {"type": "Point", "coordinates": [-157.18259903279835, 21.202271119220605]}, "properties": {"item_id": "1725_14532_9972_741", "stop_id": "S041", "cls": "plastic_buoy", "cls_raw": "Plastic_Buoy", "x": 688648.2052689017, "y": 2345616.1200705133, "r95_m": 3.0, "n_views": 1, "area_m2": 0.11733892909216816, "length_m": 0.34809204101566826, "h_p90_m": 0.0, "volume_m3": 0.03520167872765045, "valid_3d": false, "buried_suspect": false, "weight_est_kg": 2.112100723659027, "weight_lo_kg": 1.0560503618295134, "weight_hi_kg": 2.816134298212036, "weight_method": "2d:area×thick_range×rho", "crew": "1인", "tools": [], "weight_kg": null, "image": "molokai_1725_14532_9972.jpg"}}, {"type": "Feature", "geometry": {"type": "Point", "coordinates": [-157.18267329691125, 21.20227974696921]}, "properties": {"item_id": "1725_14532_9972_742", "stop_id": "S040", "cls": "plastic_buoy", "cls_raw": "Plastic_Buoy", "x": 688640.4836890559, "y": 2345616.986824285, "r95_m": 3.0, "n_views": 1, "area_m2": 0.16876465018572753, "length_m": 0.42075134277348974, "h_p90_m": 0.0, "volume_m3": 0.05062939505571826, "valid_3d": false, "buried_suspect": false, "weight_est_kg": 3.0377637033430953, "weight_lo_kg": 1.5188818516715477, "weight_hi_kg": 4.050351604457461, "weight_method": "2d:area×thick_range×rho", "crew": "1인", "tools": [], "weight_kg": null, "image": "molokai_1725_14532_9972.jpg"}}, {"type": "Feature", "geometry": {"type": "Point", "coordinates": [-157.18259988649797, 21.202256212948036]}, "properties": {"item_id": "1725_14532_9972_743", "stop_id": "S041", "cls": "plastic_buoy", "cls_raw": "Plastic_Buoy", "x": 688648.1355710006, "y": 2345614.4686788097, "r95_m": 3.0, "n_views": 1, "area_m2": 0.1579922278181111, "length_m": 0.4121374511719262, "h_p90_m": 0.0, "volume_m3": 0.047397668345433325, "valid_3d": false, "buried_suspect": false, "weight_est_kg": 2.8438601007259994, "weight_lo_kg": 1.4219300503629997, "weight_hi_kg": 3.7918134676346664, "weight_method": "2d:area×thick_range×rho", "crew": "1인", "tools": [], "weight_kg": null, "image": "molokai_1725_14532_9972.jpg"}}, {"type": "Feature", "geometry": {"type": "Point", "coordinates": [-157.1826125657312, 21.20226882908338]}, "properties": {"item_id": "1725_14532_9972_744", "stop_id": "S041", "cls": "plastic_buoy", "cls_raw": "Plastic_Buoy", "x": 688646.803095095, "y": 2345615.850389664, "r95_m": 3.0, "n_views": 1, "area_m2": 0.13232465125623652, "length_m": 0.3756713867187967, "h_p90_m": 0.0, "volume_m3": 0.039697395376870954, "valid_3d": false, "buried_suspect": false, "weight_est_kg": 2.381843722612257, "weight_lo_kg": 1.1909218613061285, "weight_hi_kg": 3.1757916301496767, "weight_method": "2d:area×thick_range×rho", "crew": "1인", "tools": [], "weight_kg": null, "image": "molokai_1725_14532_9972.jpg"}}, {"type": "Feature", "geometry": {"type": "Point", "coordinates": [-157.1850455403389, 21.20280838626665]}, "properties": {"item_id": "1725_1843_7090_749", "stop_id": "S042", "cls": "plastic_buoy", "cls_raw": "Plastic_Buoy", "x": 688393.5101991574, "y": 2345672.6914787805, "r95_m": 3.0, "n_views": 1, "area_m2": 0.14717605648640475, "length_m": 0.39010498046879843, "h_p90_m": 0.0, "volume_m3": 0.04415281694592142, "valid_3d": false, "buried_suspect": false, "weight_est_kg": 2.6491690167552853, "weight_lo_kg": 1.3245845083776426, "weight_hi_kg": 3.5322253556737144, "weight_method": "2d:area×thick_range×rho", "crew": "1인", "tools": [], "weight_kg": null, "image": "molokai_1725_1843_7090.jpg"}}, {"type": "Feature", "geometry": {"type": "Point", "coordinates": [-157.185036014209, 21.202786315328325]}, "properties": {"item_id": "1725_1843_7090_750", "stop_id": "S042", "cls": "net", "cls_raw": "Net", "x": 688394.527269105, "y": 2345670.2591930213, "r95_m": 3.0, "n_views": 1, "area_m2": 0.09122710078956964, "length_m": 0.34479003906254285, "h_p90_m": 0.0, "volume_m3": 0.010947252094748356, "valid_3d": false, "buried_suspect": false, "weight_est_kg": 1.6420878142122535, "weight_lo_kg": 0.6842032559217722, "weight_hi_kg": 4.105219535530634, "weight_method": "2d:area×thick_range×rho", "crew": "1인", "tools": ["절단기"], "weight_kg": null, "image": "molokai_1725_1843_7090.jpg"}}, {"type": "Feature", "geometry": {"type": "Point", "coordinates": [-157.18500657432003, 21.20277699933049]}, "properties": {"item_id": "1725_1843_7090_751", "stop_id": "S042", "cls": "net", "cls_raw": "Net", "x": 688397.59573116, "y": 2345669.2627877393, "r95_m": 3.0, "n_views": 1, "area_m2": 0.14379608965519663, "length_m": 0.41096923828130105, "h_p90_m": 0.0, "volume_m3": 0.017255530758623596, "valid_3d": false, "buried_suspect": false, "weight_est_kg": 2.5883296137935394, "weight_lo_kg": 1.0784706724139748, "weight_hi_kg": 6.470824034483849, "weight_method": "2d:area×thick_range×rho", "crew": "1인", "tools": ["절단기"], "weight_kg": null, "image": "molokai_1725_1843_7090.jpg"}}, {"type": "Feature", "geometry": {"type": "Point", "coordinates": [-157.18507388901122, 21.202789552306616]}, "properties": {"item_id": "1725_1843_7090_752", "stop_id": "S042", "cls": "plastic_buoy", "cls_raw": "Plastic_Buoy", "x": 688390.5907532475, "y": 2345670.57251342, "r95_m": 3.0, "n_views": 1, "area_m2": 0.1251461404428197, "length_m": 0.35557739257816917, "h_p90_m": 0.0, "volume_m3": 0.0375438421328459, "valid_3d": false, "buried_suspect": false, "weight_est_kg": 2.252630527970754, "weight_lo_kg": 1.126315263985377, "weight_hi_kg": 3.0035073706276725, "weight_method": "2d:area×thick_range×rho", "crew": "1인", "tools": [], "weight_kg": null, "image": "molokai_1725_1843_7090.jpg"}}, {"type": "Feature", "geometry": {"type": "Point", "coordinates": [-157.18531893943162, 21.202803036319406]}, "properties": {"item_id": "1725_418_6804_756", "stop_id": "S043", "cls": "plastic_buoy", "cls_raw": "Plastic_Buoy", "x": 688365.1309178951, "y": 2345671.7738565444, "r95_m": 3.0, "n_views": 1, "area_m2": 0.24181771745687772, "length_m": 0.4959667968750616, "h_p90_m": 0.0, "volume_m3": 0.07254531523706331, "valid_3d": false, "buried_suspect": false, "weight_est_kg": 4.352718914223798, "weight_lo_kg": 2.176359457111899, "weight_hi_kg": 5.803625218965066, "weight_method": "2d:area×thick_range×rho", "crew": "1인", "tools": [], "weight_kg": null, "image": "molokai_1725_418_6804.jpg"}}, {"type": "Feature", "geometry": {"type": "Point", "coordinates": [-157.18529787839685, 21.202796830504358]}, "properties": {"item_id": "1725_418_6804_757", "stop_id": "S043", "cls": "plastic_buoy", "cls_raw": "Plastic_Buoy", "x": 688367.3254844729, "y": 2345671.1118263477, "r95_m": 3.0, "n_views": 1, "area_m2": 0.24309336705213866, "length_m": 0.5122705078125637, "h_p90_m": 0.0, "volume_m3": 0.0729280101156416, "valid_3d": false, "buried_suspect": false, "weight_est_kg": 4.375680606938496, "weight_lo_kg": 2.187840303469248, "weight_hi_kg": 5.8342408092513285, "weight_method": "2d:area×thick_range×rho", "crew": "1인", "tools": [], "weight_kg": null, "image": "molokai_1725_418_6804.jpg"}}, {"type": "Feature", "geometry": {"type": "Point", "coordinates": [-157.18538673923086, 21.20281811973699]}, "properties": {"item_id": "1725_418_6804_758", "stop_id": "S043", "cls": "plastic_buoy", "cls_raw": "Plastic_Buoy_China", "x": 688358.0723675804, "y": 2345673.363180684, "r95_m": 3.0, "n_views": 1, "area_m2": 0.1867480395466553, "length_m": 0.49225341796881117, "h_p90_m": 0.0, "volume_m3": 0.05602441186399659, "valid_3d": false, "buried_suspect": false, "weight_est_kg": 3.361464711839796, "weight_lo_kg": 1.680732355919898, "weight_hi_kg": 4.481952949119727, "weight_method": "2d:area×thick_range×rho", "crew": "1인", "tools": [], "weight_kg": null, "image": "molokai_1725_418_6804.jpg"}}, {"type": "Feature", "geometry": {"type": "Point", "coordinates": [-157.185386327081, 21.202813236074014]}, "properties": {"item_id": "1725_418_6804_759", "stop_id": "S043", "cls": "plastic_buoy", "cls_raw": "Plastic_Buoy_China", "x": 688358.1213552093, "y": 2345672.822968148, "r95_m": 3.0, "n_views": 1, "area_m2": 0.19815837474172268, "length_m": 0.4467507171631414, "h_p90_m": 0.0, "volume_m3": 0.0594475124225168, "valid_3d": false, "buried_suspect": false, "weight_est_kg": 3.566850745351008, "weight_lo_kg": 1.783425372675504, "weight_hi_kg": 4.755800993801345, "weight_method": "2d:area×thick_range×rho", "crew": "1인", "tools": [], "weight_kg": null, "image": "molokai_1725_418_6804.jpg"}}, {"type": "Feature", "geometry": {"type": "Point", "coordinates": [-157.18535273982164, 21.20281327252465]}, "properties": {"item_id": "1725_418_6804_760", "stop_id": "S043", "cls": "net", "cls_raw": "Net", "x": 688361.6085558881, "y": 2345672.8669622918, "r95_m": 3.0, "n_views": 1, "area_m2": 0.3096389760971839, "length_m": 0.6090478515625757, "h_p90_m": 0.0, "volume_m3": 0.03715667713166206, "valid_3d": false, "buried_suspect": false, "weight_est_kg": 5.573501569749309, "weight_lo_kg": 2.3222923207288795, "weight_hi_kg": 13.933753924373274, "weight_method": "2d:area×thick_range×rho", "crew": "1인", "tools": ["절단기"], "weight_kg": null, "image": "molokai_1725_418_6804.jpg"}}, {"type": "Feature", "geometry": {"type": "Point", "coordinates": [-157.18535989445465, 21.2027943974345]}, "properties": {"item_id": "1725_418_6804_761", "stop_id": "S043", "cls": "plastic_other", "cls_raw": "Plastic_ETC", "x": 688360.8896613605, "y": 2345670.7686634357, "r95_m": 3.0, "n_views": 1, "area_m2": 1.4011524622414016, "length_m": 1.1928717041017107, "h_p90_m": 0.0, "volume_m3": 0.04203457386724205, "valid_3d": false, "buried_suspect": false, "weight_est_kg": 3.362765909379364, "weight_lo_kg": 2.2418439395862424, "weight_hi_kg": 11.209219697931212, "weight_method": "2d:area×thick_range×rho", "crew": "1인", "tools": [], "weight_kg": null, "image": "molokai_1725_418_6804.jpg"}}, {"type": "Feature", "geometry": {"type": "Point", "coordinates": [-157.1852748973783, 21.20289640586538]}, "properties": {"item_id": "1725_418_6804_762", "stop_id": "S043", "cls": "net", "cls_raw": "Net", "x": 688369.5851908623, "y": 2345682.1638200013, "r95_m": 3.0, "n_views": 1, "area_m2": 0.23393007630190105, "length_m": 0.5411279296875672, "h_p90_m": 0.0, "volume_m3": 0.028071609156228125, "valid_3d": false, "buried_suspect": false, "weight_est_kg": 4.210741373434219, "weight_lo_kg": 1.754475572264258, "weight_hi_kg": 10.526853433585545, "weight_method": "2d:area×thick_range×rho", "crew": "1인", "tools": ["절단기"], "weight_kg": null, "image": "molokai_1725_418_6804.jpg"}}, {"type": "Feature", "geometry": {"type": "Point", "coordinates": [-157.18536658037578, 21.202795120651196]}, "properties": {"item_id": "1725_418_6804_763", "stop_id": "S043", "cls": "net", "cls_raw": "Net", "x": 688360.1945681102, "y": 2345670.8407813753, "r95_m": 3.0, "n_views": 1, "area_m2": 0.1845326216966372, "length_m": 0.5137207031250638, "h_p90_m": 0.0, "volume_m3": 0.02214391460359646, "valid_3d": false, "buried_suspect": false, "weight_est_kg": 3.321587190539469, "weight_lo_kg": 1.3839946627247792, "weight_hi_kg": 8.303967976348673, "weight_method": "2d:area×thick_range×rho", "crew": "1인", "tools": ["절단기"], "weight_kg": null, "image": "molokai_1725_418_6804.jpg"}}, {"type": "Feature", "geometry": {"type": "Point", "coordinates": [-157.18439366039203, 21.20272499987005]}, "properties": {"item_id": "1725_5319_7172_764", "stop_id": "S044", "cls": "plastic_other", "cls_raw": "Plastic_ETC", "x": 688461.2984640761, "y": 2345664.2350251274, "r95_m": 3.0, "n_views": 1, "area_m2": 0.5076387418718407, "length_m": 0.7392749023438419, "h_p90_m": 0.0, "volume_m3": 0.01522916225615522, "valid_3d": false, "buried_suspect": false, "weight_est_kg": 1.2183329804924177, "weight_lo_kg": 0.8122219869949452, "weight_hi_kg": 4.061109934974725, "weight_method": "2d:area×thick_range×rho", "crew": "1인", "tools": [], "weight_kg": null, "image": "molokai_1725_5319_7172.jpg"}}, {"type": "Feature", "geometry": {"type": "Point", "coordinates": [-157.18432532049593, 21.202761169475895]}, "properties": {"item_id": "1725_5319_7172_765", "stop_id": "S044", "cls": "plastic_other", "cls_raw": "Plastic_ETC", "x": 688468.348049555, "y": 2345668.3209532457, "r95_m": 3.0, "n_views": 1, "area_m2": 0.3179398831070259, "length_m": 0.5792333984375719, "h_p90_m": 0.0, "volume_m3": 0.009538196493210777, "valid_3d": false, "buried_suspect": false, "weight_est_kg": 0.7630557194568621, "weight_lo_kg": 0.5087038129712416, "weight_hi_kg": 2.5435190648562074, "weight_method": "2d:area×thick_range×rho", "crew": "1인", "tools": [], "weight_kg": null, "image": "molokai_1725_5319_7172.jpg"}}, {"type": "Feature", "geometry": {"type": "Point", "coordinates": [-157.1843726457101, 21.20276004452854]}, "properties": {"item_id": "1725_5319_7172_766", "stop_id": "S044", "cls": "net", "cls_raw": "Net", "x": 688463.4358632911, "y": 2345668.140068813, "r95_m": 3.0, "n_views": 1, "area_m2": 0.1526948615909002, "length_m": 0.4562744140625567, "h_p90_m": 0.0, "volume_m3": 0.018323383390908023, "valid_3d": false, "buried_suspect": false, "weight_est_kg": 2.7485075086362034, "weight_lo_kg": 1.1452114619317515, "weight_hi_kg": 6.871268771590509, "weight_method": "2d:area×thick_range×rho", "crew": "1인", "tools": ["절단기"], "weight_kg": null, "image": "molokai_1725_5319_7172.jpg"}}, {"type": "Feature", "geometry": {"type": "Point", "coordinates": [-157.184307709883, 21.202770666138914]}, "properties": {"item_id": "1725_5971_7236_769", "stop_id": "S044", "cls": "eps_buoy", "cls_raw": "Styrofoam_Buoy", "x": 688470.1644440487, "y": 2345669.3933558506, "r95_m": 3.0, "n_views": 1, "area_m2": 0.5655410975219225, "length_m": 0.7525390625000935, "h_p90_m": 0.0, "volume_m3": 0.19793938413267287, "valid_3d": false, "buried_suspect": false, "weight_est_kg": 4.948484603316822, "weight_lo_kg": 2.1207791157072093, "weight_hi_kg": 5.655410975219225, "weight_method": "2d:area×thick_range×rho", "crew": "1인", "tools": [], "weight_kg": null, "image": "molokai_1725_5971_7236.jpg"}}, {"type": "Feature", "geometry": {"type": "Point", "coordinates": [-157.1842015209769, 21.202695170270054]}, "properties": {"item_id": "1725_5971_7236_770", "stop_id": "S044", "cls": "plastic_buoy", "cls_raw": "Plastic_Buoy", "x": 688481.2855112134, "y": 2345661.1611107513, "r95_m": 3.0, "n_views": 1, "area_m2": 0.2009415989637874, "length_m": 0.4638037109375576, "h_p90_m": 0.0, "volume_m3": 0.06028247968913622, "valid_3d": false, "buried_suspect": false, "weight_est_kg": 3.616948781348173, "weight_lo_kg": 1.8084743906740866, "weight_hi_kg": 4.822598375130898, "weight_method": "2d:area×thick_range×rho", "crew": "1인", "tools": [], "weight_kg": null, "image": "molokai_1725_5971_7236.jpg"}}, {"type": "Feature", "geometry": {"type": "Point", "coordinates": [-157.184317982648, 21.202733371891597]}, "properties": {"item_id": "1725_5971_7236_771", "stop_id": "S044", "cls": "plastic_buoy", "cls_raw": "Plastic_Buoy", "x": 688469.1451986041, "y": 2345665.252030977, "r95_m": 3.0, "n_views": 1, "area_m2": 0.15121159927550734, "length_m": 0.4009339141846201, "h_p90_m": 0.0, "volume_m3": 0.0453634797826522, "valid_3d": false, "buried_suspect": false, "weight_est_kg": 2.721808786959132, "weight_lo_kg": 1.360904393479566, "weight_hi_kg": 3.6290783826121764, "weight_method": "2d:area×thick_range×rho", "crew": "1인", "tools": [], "weight_kg": null, "image": "molokai_1725_5971_7236.jpg"}}, {"type": "Feature", "geometry": {"type": "Point", "coordinates": [-157.18430571329725, 21.202717729360568]}, "properties": {"item_id": "1725_5971_7236_772", "stop_id": "S044", "cls": "plastic_buoy", "cls_raw": "Plastic_Buoy", "x": 688470.4389396856, "y": 2345663.534746615, "r95_m": 3.0, "n_views": 1, "area_m2": 0.1982675436756135, "length_m": 0.45123649597173576, "h_p90_m": 0.0, "volume_m3": 0.05948026310268405, "valid_3d": false, "buried_suspect": false, "weight_est_kg": 3.568815786161043, "weight_lo_kg": 1.7844078930805214, "weight_hi_kg": 4.758421048214724, "weight_method": "2d:area×thick_range×rho", "crew": "1인", "tools": [], "weight_kg": null, "image": "molokai_1725_5971_7236.jpg"}}, {"type": "Feature", "geometry": {"type": "Point", "coordinates": [-157.18419782315172, 21.202792736067586]}, "properties": {"item_id": "1725_5971_7236_773", "stop_id": "S044", "cls": "plastic_buoy", "cls_raw": "Plastic_Buoy_China", "x": 688481.5455882046, "y": 2345671.9676774447, "r95_m": 3.0, "n_views": 1, "area_m2": 0.20144605326583026, "length_m": 0.5109658813477197, "h_p90_m": 0.0, "volume_m3": 0.060433815979749075, "valid_3d": false, "buried_suspect": false, "weight_est_kg": 3.6260289587849446, "weight_lo_kg": 1.8130144793924723, "weight_hi_kg": 4.834705278379927, "weight_method": "2d:area×thick_range×rho", "crew": "1인", "tools": [], "weight_kg": null, "image": "molokai_1725_5971_7236.jpg"}}, {"type": "Feature", "geometry": {"type": "Point", "coordinates": [-157.18429433322132, 21.202711914821865]}, "properties": {"item_id": "1725_5971_7236_774", "stop_id": "S044", "cls": "plastic_buoy", "cls_raw": "Plastic_Buoy", "x": 688471.6278751033, "y": 2345662.9045267296, "r95_m": 3.0, "n_views": 1, "area_m2": 0.19689229855691318, "length_m": 0.4475878906250556, "h_p90_m": 0.0, "volume_m3": 0.05906768956707395, "valid_3d": false, "buried_suspect": false, "weight_est_kg": 3.544061374024437, "weight_lo_kg": 1.7720306870122184, "weight_hi_kg": 4.725415165365916, "weight_method": "2d:area×thick_range×rho", "crew": "1인", "tools": [], "weight_kg": null, "image": "molokai_1725_5971_7236.jpg"}}, {"type": "Feature", "geometry": {"type": "Point", "coordinates": [-157.18421308032475, 21.202772526077172]}, "properties": {"item_id": "1725_5971_7236_775", "stop_id": "S044", "cls": "plastic_buoy", "cls_raw": "Plastic_Buoy", "x": 688479.9871442127, "y": 2345669.7119307364, "r95_m": 3.0, "n_views": 1, "area_m2": 0.2331474883199317, "length_m": 0.5101660156250634, "h_p90_m": 0.0, "volume_m3": 0.06994424649597951, "valid_3d": false, "buried_suspect": false, "weight_est_kg": 4.196654789758771, "weight_lo_kg": 2.0983273948793855, "weight_hi_kg": 5.595539719678361, "weight_method": "2d:area×thick_range×rho", "crew": "1인", "tools": [], "weight_kg": null, "image": "molokai_1725_5971_7236.jpg"}}, {"type": "Feature", "geometry": {"type": "Point", "coordinates": [-157.1841967627993, 21.202687328034692]}, "properties": {"item_id": "1725_6148_7639_783", "stop_id": "S044", "cls": "net", "cls_raw": "Net", "x": 688481.7894920481, "y": 2345660.2985086082, "r95_m": 3.0, "n_views": 1, "area_m2": 0.18511069010947773, "length_m": 0.4515930175781811, "h_p90_m": 0.0, "volume_m3": 0.022213282813137326, "valid_3d": false, "buried_suspect": false, "weight_est_kg": 3.331992421970599, "weight_lo_kg": 1.3883301758210829, "weight_hi_kg": 8.329981054926497, "weight_method": "2d:area×thick_range×rho", "crew": "1인", "tools": ["절단기"], "weight_kg": null, "image": "molokai_1725_6148_7639.jpg"}}, {"type": "Feature", "geometry": {"type": "Point", "coordinates": [-157.18420150983926, 21.202695243648822]}, "properties": {"item_id": "1725_6148_7639_784", "stop_id": "S044", "cls": "plastic_buoy", "cls_raw": "Plastic_Buoy", "x": 688481.286574446, "y": 2345661.169248266, "r95_m": 3.0, "n_views": 1, "area_m2": 0.17303003176455029, "length_m": 0.4250585937500528, "h_p90_m": 0.0, "volume_m3": 0.051909009529365086, "valid_3d": false, "buried_suspect": false, "weight_est_kg": 3.1145405717619052, "weight_lo_kg": 1.5572702858809526, "weight_hi_kg": 4.152720762349206, "weight_method": "2d:area×thick_range×rho", "crew": "1인", "tools": [], "weight_kg": null, "image": "molokai_1725_6148_7639.jpg"}}, {"type": "Feature", "geometry": {"type": "Point", "coordinates": [-157.18424771936316, 21.202658419466978]}, "properties": {"item_id": "1725_6148_7639_785", "stop_id": "S044", "cls": "net", "cls_raw": "Net", "x": 688476.5355414704, "y": 2345657.037186402, "r95_m": 3.0, "n_views": 1, "area_m2": 0.20001523144101105, "length_m": 0.49780639648443686, "h_p90_m": 0.0, "volume_m3": 0.024001827772921324, "valid_3d": false, "buried_suspect": false, "weight_est_kg": 3.6002741659381985, "weight_lo_kg": 1.500114235807583, "weight_hi_kg": 9.000685414845497, "weight_method": "2d:area×thick_range×rho", "crew": "1인", "tools": ["절단기"], "weight_kg": null, "image": "molokai_1725_6148_7639.jpg"}}, {"type": "Feature", "geometry": {"type": "Point", "coordinates": [-157.18362365146962, 21.2025807057925]}, "properties": {"item_id": "1725_9034_8395_792", "stop_id": "S045", "cls": "plastic_buoy", "cls_raw": "Plastic_Buoy", "x": 688541.4291050576, "y": 2345649.1760125975, "r95_m": 3.0, "n_views": 1, "area_m2": 0.10210175230952653, "length_m": 0.32173339843753995, "h_p90_m": 0.0, "volume_m3": 0.030630525692857957, "valid_3d": false, "buried_suspect": false, "weight_est_kg": 1.8378315415714774, "weight_lo_kg": 0.9189157707857387, "weight_hi_kg": 2.450442055428637, "weight_method": "2d:area×thick_range×rho", "crew": "1인", "tools": [], "weight_kg": null, "image": "molokai_1725_9034_8395.jpg"}}, {"type": "Feature", "geometry": {"type": "Point", "coordinates": [-157.18363826394085, 21.202567029601717]}, "properties": {"item_id": "1725_9034_8395_793", "stop_id": "S045", "cls": "plastic_buoy", "cls_raw": "Plastic_Buoy", "x": 688539.9293067119, "y": 2345647.6444285116, "r95_m": 3.0, "n_views": 1, "area_m2": 0.1751601145528692, "length_m": 0.43765319824224186, "h_p90_m": 0.0, "volume_m3": 0.05254803436586076, "valid_3d": false, "buried_suspect": false, "weight_est_kg": 3.1528820619516456, "weight_lo_kg": 1.5764410309758228, "weight_hi_kg": 4.203842749268861, "weight_method": "2d:area×thick_range×rho", "crew": "1인", "tools": [], "weight_kg": null, "image": "molokai_1725_9034_8395.jpg"}}, {"type": "Feature", "geometry": {"type": "Point", "coordinates": [-157.18360320500332, 21.202580072442718]}, "properties": {"item_id": "1725_9472_8275_805", "stop_id": "S045", "cls": "plastic_buoy", "cls_raw": "Plastic_Buoy", "x": 688543.5527988167, "y": 2345649.130238502, "r95_m": 3.0, "n_views": 1, "area_m2": 0.21705070046787886, "length_m": 0.47134277343755854, "h_p90_m": 0.0, "volume_m3": 0.06511521014036366, "valid_3d": false, "buried_suspect": false, "weight_est_kg": 3.9069126084218193, "weight_lo_kg": 1.9534563042109097, "weight_hi_kg": 5.209216811229092, "weight_method": "2d:area×thick_range×rho", "crew": "1인", "tools": [], "weight_kg": null, "image": "molokai_1725_9472_8275.jpg"}}, {"type": "Feature", "geometry": {"type": "Point", "coordinates": [-157.18356987485507, 21.202528844013706]}, "properties": {"item_id": "1725_9472_8275_806", "stop_id": "S045", "cls": "plastic_buoy", "cls_raw": "Plastic_Buoy", "x": 688547.0784130755, "y": 2345643.4980850047, "r95_m": 3.0, "n_views": 1, "area_m2": 0.13218895232680744, "length_m": 0.370295410156296, "h_p90_m": 0.0, "volume_m3": 0.03965668569804223, "valid_3d": false, "buried_suspect": false, "weight_est_kg": 2.379401141882534, "weight_lo_kg": 1.189700570941267, "weight_hi_kg": 3.1725348558433786, "weight_method": "2d:area×thick_range×rho", "crew": "1인", "tools": [], "weight_kg": null, "image": "molokai_1725_9472_8275.jpg"}}, {"type": "Feature", "geometry": {"type": "Point", "coordinates": [-157.18352870821298, 21.202607952158612]}, "properties": {"item_id": "1725_9472_8275_807", "stop_id": "S045", "cls": "plastic_buoy", "cls_raw": "Plastic_Buoy", "x": 688551.2521513004, "y": 2345652.3057054253, "r95_m": 3.0, "n_views": 1, "area_m2": 1.2568634052004062, "length_m": 1.2308270263673404, "h_p90_m": 0.0, "volume_m3": 0.37705902156012183, "valid_3d": false, "buried_suspect": false, "weight_est_kg": 22.62354129360731, "weight_lo_kg": 11.311770646803655, "weight_hi_kg": 30.164721724809752, "weight_method": "2d:area×thick_range×rho", "crew": "2인", "tools": [], "weight_kg": null, "image": "molokai_1725_9472_8275.jpg"}}, {"type": "Feature", "geometry": {"type": "Point", "coordinates": [-157.18352805490423, 21.202567391002585]}, "properties": {"item_id": "1725_9472_8275_808", "stop_id": "S045", "cls": "plastic_buoy", "cls_raw": "Plastic_Buoy", "x": 688551.3714915282, "y": 2345647.8156843274, "r95_m": 3.0, "n_views": 1, "area_m2": 0.15634650487903665, "length_m": 0.40247070312505, "h_p90_m": 0.0, "volume_m3": 0.04690395146371099, "valid_3d": false, "buried_suspect": false, "weight_est_kg": 2.8142370878226597, "weight_lo_kg": 1.4071185439113298, "weight_hi_kg": 3.7523161170968797, "weight_method": "2d:area×thick_range×rho", "crew": "1인", "tools": [], "weight_kg": null, "image": "molokai_1725_9472_8275.jpg"}}, {"type": "Feature", "geometry": {"type": "Point", "coordinates": [-157.1835644327973, 21.20254373687926]}, "properties": {"item_id": "1725_9472_8275_809", "stop_id": "S045", "cls": "plastic_buoy", "cls_raw": "Plastic_Buoy", "x": 688547.6245319847, "y": 2345645.1534552844, "r95_m": 3.0, "n_views": 1, "area_m2": 0.17339673842196004, "length_m": 0.42116210937505233, "h_p90_m": 0.0, "volume_m3": 0.052019021526588015, "valid_3d": false, "buried_suspect": false, "weight_est_kg": 3.121141291595281, "weight_lo_kg": 1.5605706457976405, "weight_hi_kg": 4.161521722127041, "weight_method": "2d:area×thick_range×rho", "crew": "1인", "tools": [], "weight_kg": null, "image": "molokai_1725_9472_8275.jpg"}}, {"type": "Feature", "geometry": {"type": "Point", "coordinates": [-157.18354936066748, 21.20258051917123]}, "properties": {"item_id": "1725_9472_8275_810", "stop_id": "S045", "cls": "plastic_buoy", "cls_raw": "Plastic_Buoy", "x": 688549.1427122996, "y": 2345649.243819756, "r95_m": 3.0, "n_views": 1, "area_m2": 0.24190472473284652, "length_m": 0.5180187988281894, "h_p90_m": 0.0, "volume_m3": 0.07257141741985396, "valid_3d": false, "buried_suspect": false, "weight_est_kg": 4.354285045191237, "weight_lo_kg": 2.1771425225956187, "weight_hi_kg": 5.8057133935883165, "weight_method": "2d:area×thick_range×rho", "crew": "1인", "tools": [], "weight_kg": null, "image": "molokai_1725_9472_8275.jpg"}}, {"type": "Feature", "geometry": {"type": "Point", "coordinates": [-157.18355826945893, 21.20253948455427]}, "properties": {"item_id": "1725_9472_8275_811", "stop_id": "S045", "cls": "plastic_buoy", "cls_raw": "Plastic_Buoy", "x": 688548.2698513584, "y": 2345644.689991424, "r95_m": 3.0, "n_views": 1, "area_m2": 0.2574934700132056, "length_m": 0.5589111328125694, "h_p90_m": 0.0, "volume_m3": 0.07724804100396168, "valid_3d": false, "buried_suspect": false, "weight_est_kg": 4.634882460237701, "weight_lo_kg": 2.3174412301188503, "weight_hi_kg": 6.179843280316934, "weight_method": "2d:area×thick_range×rho", "crew": "1인", "tools": [], "weight_kg": null, "image": "molokai_1725_9472_8275.jpg"}}, {"type": "Feature", "geometry": {"type": "Point", "coordinates": [-157.18356518229282, 21.202534747368496]}, "properties": {"item_id": "1725_9472_8275_812", "stop_id": "S045", "cls": "net", "cls_raw": "Net", "x": 688547.5581299878, "y": 2345644.1572733987, "r95_m": 3.0, "n_views": 1, "area_m2": 0.14090268939438982, "length_m": 0.40120361328129983, "h_p90_m": 0.0, "volume_m3": 0.01690832272732678, "valid_3d": false, "buried_suspect": false, "weight_est_kg": 2.536248409099017, "weight_lo_kg": 1.0567701704579238, "weight_hi_kg": 6.340621022747541, "weight_method": "2d:area×thick_range×rho", "crew": "1인", "tools": ["절단기"], "weight_kg": null, "image": "molokai_1725_9472_8275.jpg"}}, {"type": "Feature", "geometry": {"type": "Point", "coordinates": [-157.1835717243447, 21.20252577844712]}, "properties": {"item_id": "1725_9472_8275_813", "stop_id": "S045", "cls": "plastic_buoy", "cls_raw": "Plastic_Buoy", "x": 688546.8902794811, "y": 2345643.1564729814, "r95_m": 3.0, "n_views": 1, "area_m2": 0.17651422537569617, "length_m": 0.42639404296880296, "h_p90_m": 0.0, "volume_m3": 0.05295426761270885, "valid_3d": false, "buried_suspect": false, "weight_est_kg": 3.177256056762531, "weight_lo_kg": 1.5886280283812655, "weight_hi_kg": 4.236341409016708, "weight_method": "2d:area×thick_range×rho", "crew": "1인", "tools": [], "weight_kg": null, "image": "molokai_1725_9472_8275.jpg"}}, {"type": "Feature", "geometry": {"type": "Point", "coordinates": [-157.1836382604226, 21.202567011451798]}, "properties": {"item_id": "1725_9472_8275_814", "stop_id": "S045", "cls": "plastic_buoy", "cls_raw": "Plastic_Buoy", "x": 688539.9296950456, "y": 2345647.642423202, "r95_m": 3.0, "n_views": 1, "area_m2": 0.17610352908116486, "length_m": 0.43359619140630384, "h_p90_m": 0.0, "volume_m3": 0.052831058724349456, "valid_3d": false, "buried_suspect": false, "weight_est_kg": 3.1698635234609673, "weight_lo_kg": 1.5849317617304837, "weight_hi_kg": 4.226484697947957, "weight_method": "2d:area×thick_range×rho", "crew": "1인", "tools": [], "weight_kg": null, "image": "molokai_1725_9472_8275.jpg"}}, {"type": "Feature", "geometry": {"type": "Point", "coordinates": [-157.18347620040373, 21.202597580128714]}, "properties": {"item_id": "1725_9788_8295_830", "stop_id": "S045", "cls": "plastic_buoy", "cls_raw": "Plastic_Buoy", "x": 688556.7170360608, "y": 2345651.2198799504, "r95_m": 3.0, "n_views": 1, "area_m2": 0.25854060173041093, "length_m": 0.5114868164063135, "h_p90_m": 0.0, "volume_m3": 0.07756218051912328, "valid_3d": false, "buried_suspect": false, "weight_est_kg": 4.653730831147397, "weight_lo_kg": 2.3268654155736983, "weight_hi_kg": 6.204974441529862, "weight_method": "2d:area×thick_range×rho", "crew": "1인", "tools": [], "weight_kg": null, "image": "molokai_1725_9788_8295.jpg"}}, {"type": "Feature", "geometry": {"type": "Point", "coordinates": [-157.18349430336426, 21.202602099749363]}, "properties": {"item_id": "1725_9788_8295_831", "stop_id": "S045", "cls": "plastic_buoy", "cls_raw": "Plastic_Buoy", "x": 688554.8317255431, "y": 2345651.6987184975, "r95_m": 3.0, "n_views": 1, "area_m2": 0.22064507460934935, "length_m": 0.4754466247559184, "h_p90_m": 0.0, "volume_m3": 0.0661935223828048, "valid_3d": false, "buried_suspect": false, "weight_est_kg": 3.971611342968288, "weight_lo_kg": 1.985805671484144, "weight_hi_kg": 5.295481790624385, "weight_method": "2d:area×thick_range×rho", "crew": "1인", "tools": [], "weight_kg": null, "image": "molokai_1725_9788_8295.jpg"}}, {"type": "Feature", "geometry": {"type": "Point", "coordinates": [-157.18352777815144, 21.202606427825195]}, "properties": {"item_id": "1725_9788_8295_832", "stop_id": "S045", "cls": "plastic_buoy", "cls_raw": "Plastic_Buoy", "x": 688551.350652301, "y": 2345652.1380437943, "r95_m": 3.0, "n_views": 1, "area_m2": 1.027815208950894, "length_m": 1.20802246093765, "h_p90_m": 0.0, "volume_m3": 0.3083445626852682, "valid_3d": false, "buried_suspect": false, "weight_est_kg": 18.500673761116094, "weight_lo_kg": 9.250336880558047, "weight_hi_kg": 24.667565014821456, "weight_method": "2d:area×thick_range×rho", "crew": "2인", "tools": [], "weight_kg": null, "image": "molokai_1725_9788_8295.jpg"}}, {"type": "Feature", "geometry": {"type": "Point", "coordinates": [-157.18350217783882, 21.2025932828513]}, "properties": {"item_id": "1725_9788_8295_833", "stop_id": "S045", "cls": "plastic_buoy", "cls_raw": "Plastic_Buoy", "x": 688554.0253416717, "y": 2345650.7131624552, "r95_m": 3.0, "n_views": 1, "area_m2": 0.20337221126859473, "length_m": 0.4657708740234954, "h_p90_m": 0.0, "volume_m3": 0.06101166338057842, "valid_3d": false, "buried_suspect": false, "weight_est_kg": 3.660699802834705, "weight_lo_kg": 1.8303499014173525, "weight_hi_kg": 4.8809330704462734, "weight_method": "2d:area×thick_range×rho", "crew": "1인", "tools": [], "weight_kg": null, "image": "molokai_1725_9788_8295.jpg"}}, {"type": "Feature", "geometry": {"type": "Point", "coordinates": [-157.1835699165666, 21.202528846639876]}, "properties": {"item_id": "1725_9788_8295_834", "stop_id": "S045", "cls": "plastic_buoy", "cls_raw": "Plastic_Buoy", "x": 688547.0740789657, "y": 2345643.4983260934, "r95_m": 3.0, "n_views": 1, "area_m2": 0.1342734731674528, "length_m": 0.3749218750000466, "h_p90_m": 0.0, "volume_m3": 0.04028204195023584, "valid_3d": false, "buried_suspect": false, "weight_est_kg": 2.41692251701415, "weight_lo_kg": 1.208461258507075, "weight_hi_kg": 3.222563356018868, "weight_method": "2d:area×thick_range×rho", "crew": "1인", "tools": [], "weight_kg": null, "image": "molokai_1725_9788_8295.jpg"}}, {"type": "Feature", "geometry": {"type": "Point", "coordinates": [-157.18352806957535, 21.202567390184637]}, "properties": {"item_id": "1725_9788_8295_835", "stop_id": "S045", "cls": "plastic_buoy", "cls_raw": "Plastic_Buoy", "x": 688551.3699693135, "y": 2345647.8155762954, "r95_m": 3.0, "n_views": 1, "area_m2": 0.15685806441310965, "length_m": 0.4044433593750502, "h_p90_m": 0.0, "volume_m3": 0.04705741932393289, "valid_3d": false, "buried_suspect": false, "weight_est_kg": 2.8234451594359733, "weight_lo_kg": 1.4117225797179866, "weight_hi_kg": 3.7645935459146322, "weight_method": "2d:area×thick_range×rho", "crew": "1인", "tools": [], "weight_kg": null, "image": "molokai_1725_9788_8295.jpg"}}, {"type": "Feature", "geometry": {"type": "Point", "coordinates": [-157.18351458852678, 21.20259013251761]}, "properties": {"item_id": "1725_9788_8295_836", "stop_id": "S045", "cls": "plastic_buoy", "cls_raw": "Plastic_Buoy", "x": 688552.7407814225, "y": 2345650.3495878438, "r95_m": 3.0, "n_views": 1, "area_m2": 0.11633200854810982, "length_m": 0.34499938964848037, "h_p90_m": 0.0, "volume_m3": 0.03489960256443295, "valid_3d": false, "buried_suspect": false, "weight_est_kg": 2.093976153865977, "weight_lo_kg": 1.0469880769329885, "weight_hi_kg": 2.7919682051546357, "weight_method": "2d:area×thick_range×rho", "crew": "1인", "tools": [], "weight_kg": null, "image": "molokai_1725_9788_8295.jpg"}}, {"type": "Feature", "geometry": {"type": "Point", "coordinates": [-157.18355824813202, 21.20253955853176]}, "properties": {"item_id": "1725_9788_8295_837", "stop_id": "S045", "cls": "plastic_buoy", "cls_raw": "Plastic_Buoy", "x": 688548.2719717193, "y": 2345644.698207368, "r95_m": 3.0, "n_views": 1, "area_m2": 0.2488271725804232, "length_m": 0.539455566406317, "h_p90_m": 0.0, "volume_m3": 0.07464815177412695, "valid_3d": false, "buried_suspect": false, "weight_est_kg": 4.4788891064476175, "weight_lo_kg": 2.2394445532238088, "weight_hi_kg": 5.971852141930158, "weight_method": "2d:area×thick_range×rho", "crew": "1인", "tools": [], "weight_kg": null, "image": "molokai_1725_9788_8295.jpg"}}, {"type": "Feature", "geometry": {"type": "Point", "coordinates": [-157.18346482247634, 21.202596969361924]}, "properties": {"item_id": "1725_9788_8295_838", "stop_id": "S045", "cls": "eps_fragment", "cls_raw": "Styrofoam_Piece", "x": 688557.8991445058, "y": 2345651.165808127, "r95_m": 3.0, "n_views": 1, "area_m2": 0.2954173249796767, "length_m": 0.8045782470704125, "h_p90_m": 0.0, "volume_m3": 0.0088625197493903, "valid_3d": false, "buried_suspect": false, "weight_est_kg": 0.177250394987806, "weight_lo_kg": 0.11816692999187069, "weight_hi_kg": 0.5908346499593534, "weight_method": "2d:area×thick_range×rho", "crew": "1인", "tools": [], "weight_kg": null, "image": "molokai_1725_9788_8295.jpg"}}, {"type": "Feature", "geometry": {"type": "Point", "coordinates": [-157.18351944217008, 21.202595481076152]}, "properties": {"item_id": "1725_9788_8295_839", "stop_id": "S045", "cls": "net", "cls_raw": "Net", "x": 688552.2300513154, "y": 2345650.935982643, "r95_m": 3.0, "n_views": 1, "area_m2": 0.20542744836961366, "length_m": 0.4590206909180258, "h_p90_m": 0.0, "volume_m3": 0.024651293804353637, "valid_3d": false, "buried_suspect": false, "weight_est_kg": 3.6976940706530455, "weight_lo_kg": 1.5407058627721024, "weight_hi_kg": 9.244235176632614, "weight_method": "2d:area×thick_range×rho", "crew": "1인", "tools": ["절단기"], "weight_kg": null, "image": "molokai_1725_9788_8295.jpg"}}, {"type": "Feature", "geometry": {"type": "Point", "coordinates": [-157.18356514828886, 21.20253476846933]}, "properties": {"item_id": "1725_9788_8295_840", "stop_id": "S045", "cls": "net", "cls_raw": "Net", "x": 688547.5616337114, "y": 2345644.1596501083, "r95_m": 3.0, "n_views": 1, "area_m2": 0.1356839844212273, "length_m": 0.4004406738281747, "h_p90_m": 0.0, "volume_m3": 0.016282078130547276, "valid_3d": false, "buried_suspect": false, "weight_est_kg": 2.4423117195820914, "weight_lo_kg": 1.0176298831592048, "weight_hi_kg": 6.105779298955229, "weight_method": "2d:area×thick_range×rho", "crew": "1인", "tools": ["절단기"], "weight_kg": null, "image": "molokai_1725_9788_8295.jpg"}}, {"type": "Feature", "geometry": {"type": "Point", "coordinates": [-157.1835277998637, 21.202535577977557]}, "properties": {"item_id": "1725_9788_8295_841", "stop_id": "S045", "cls": "plastic_buoy", "cls_raw": "Plastic_Buoy", "x": 688551.438371422, "y": 2345644.293753527, "r95_m": 3.0, "n_views": 1, "area_m2": 0.27890057594038026, "length_m": 0.5463708496094428, "h_p90_m": 0.0, "volume_m3": 0.08367017278211407, "valid_3d": false, "buried_suspect": false, "weight_est_kg": 5.020210366926844, "weight_lo_kg": 2.510105183463422, "weight_hi_kg": 6.693613822569127, "weight_method": "2d:area×thick_range×rho", "crew": "1인", "tools": [], "weight_kg": null, "image": "molokai_1725_9788_8295.jpg"}}, {"type": "Feature", "geometry": {"type": "Point", "coordinates": [-157.18348798491516, 21.20260386219301]}, "properties": {"item_id": "1725_9788_8295_842", "stop_id": "S045", "cls": "plastic_buoy", "cls_raw": "Plastic_Buoy", "x": 688555.485511104, "y": 2345651.901375254, "r95_m": 3.0, "n_views": 1, "area_m2": 0.1169918130368285, "length_m": 0.39589355468754917, "h_p90_m": 0.0, "volume_m3": 0.03509754391104855, "valid_3d": false, "buried_suspect": false, "weight_est_kg": 2.105852634662913, "weight_lo_kg": 1.0529263173314565, "weight_hi_kg": 2.807803512883884, "weight_method": "2d:area×thick_range×rho", "crew": "1인", "tools": [], "weight_kg": null, "image": "molokai_1725_9788_8295.jpg"}}, {"type": "Feature", "geometry": {"type": "Point", "coordinates": [-157.18354931328705, 21.202580494116162]}, "properties": {"item_id": "1725_9788_8295_843", "stop_id": "S045", "cls": "plastic_buoy", "cls_raw": "Plastic_Buoy", "x": 688549.1476634706, "y": 2345649.2411021646, "r95_m": 3.0, "n_views": 1, "area_m2": 0.24388676260715822, "length_m": 0.5137402343750638, "h_p90_m": 0.0, "volume_m3": 0.07316602878214747, "valid_3d": false, "buried_suspect": false, "weight_est_kg": 4.389961726928848, "weight_lo_kg": 2.194980863464424, "weight_hi_kg": 5.853282302571797, "weight_method": "2d:area×thick_range×rho", "crew": "1인", "tools": [], "weight_kg": null, "image": "molokai_1725_9788_8295.jpg"}}, {"type": "Feature", "geometry": {"type": "Point", "coordinates": [-157.18348606410837, 21.202577358256587]}, "properties": {"item_id": "1725_9788_8295_844", "stop_id": "S045", "cls": "plastic_buoy", "cls_raw": "Plastic_Buoy", "x": 688555.7186007544, "y": 2345648.969233189, "r95_m": 3.0, "n_views": 1, "area_m2": 0.11443304282429678, "length_m": 0.3513916015625437, "h_p90_m": 0.0, "volume_m3": 0.034329912847289035, "valid_3d": false, "buried_suspect": false, "weight_est_kg": 2.059794770837342, "weight_lo_kg": 1.029897385418671, "weight_hi_kg": 2.7463930277831228, "weight_method": "2d:area×thick_range×rho", "crew": "1인", "tools": [], "weight_kg": null, "image": "molokai_1725_9788_8295.jpg"}}, {"type": "Feature", "geometry": {"type": "Point", "coordinates": [-157.1835127560885, 21.20255684840784]}, "properties": {"item_id": "1725_9788_8295_845", "stop_id": "S045", "cls": "plastic_buoy", "cls_raw": "Plastic_Buoy", "x": 688552.9733058865, "y": 2345646.666661824, "r95_m": 3.0, "n_views": 1, "area_m2": 0.13724200570586753, "length_m": 0.3989746093750496, "h_p90_m": 0.0, "volume_m3": 0.04117260171176026, "valid_3d": false, "buried_suspect": false, "weight_est_kg": 2.4703561027056153, "weight_lo_kg": 1.2351780513528077, "weight_hi_kg": 3.2938081369408208, "weight_method": "2d:area×thick_range×rho", "crew": "1인", "tools": [], "weight_kg": null, "image": "molokai_1725_9788_8295.jpg"}}, {"type": "Feature", "geometry": {"type": "Point", "coordinates": [-157.18356442014183, 21.202543752173277]}, "properties": {"item_id": "1725_9788_8295_846", "stop_id": "S045", "cls": "plastic_buoy", "cls_raw": "Plastic_Buoy", "x": 688547.6258265399, "y": 2345645.1551636597, "r95_m": 3.0, "n_views": 1, "area_m2": 0.17430926145878295, "length_m": 0.42048706054692725, "h_p90_m": 0.0, "volume_m3": 0.052292778437634885, "valid_3d": false, "buried_suspect": false, "weight_est_kg": 3.137566706258093, "weight_lo_kg": 1.5687833531290465, "weight_hi_kg": 4.183422275010791, "weight_method": "2d:area×thick_range×rho", "crew": "1인", "tools": [], "weight_kg": null, "image": "molokai_1725_9788_8295.jpg"}}, {"type": "Feature", "geometry": {"type": "Point", "coordinates": [-157.18353395750717, 21.20259022410299]}, "properties": {"item_id": "1725_9788_8295_847", "stop_id": "S045", "cls": "plastic_other", "cls_raw": "Plastic_ETC", "x": 688550.7296475051, "y": 2345650.3366615144, "r95_m": 3.0, "n_views": 1, "area_m2": 0.4251754677706523, "length_m": 0.6762457275391465, "h_p90_m": 0.0, "volume_m3": 0.012755264033119568, "valid_3d": false, "buried_suspect": false, "weight_est_kg": 1.0204211226495654, "weight_lo_kg": 0.6802807484330436, "weight_hi_kg": 3.401403742165219, "weight_method": "2d:area×thick_range×rho", "crew": "1인", "tools": [], "weight_kg": null, "image": "molokai_1725_9788_8295.jpg"}}, {"type": "Feature", "geometry": {"type": "Point", "coordinates": [-157.18356251035212, 21.20254081442625]}, "properties": {"item_id": "1725_9788_8295_848", "stop_id": "S045", "cls": "pet_bottle", "cls_raw": "PET_Bottle", "x": 688547.8278444123, "y": 2345644.832180181, "r95_m": 3.0, "n_views": 1, "area_m2": 0.1853108225986822, "length_m": 0.6003845214844495, "h_p90_m": 0.0, "volume_m3": 0.011118649355920931, "valid_3d": false, "buried_suspect": false, "weight_est_kg": 0.36691542874539074, "weight_lo_kg": 0.30576285728782565, "weight_hi_kg": 0.6115257145756513, "weight_method": "2d:area×thick_range×rho", "crew": "1인", "tools": [], "weight_kg": null, "image": "molokai_1725_9788_8295.jpg"}}, {"type": "Feature", "geometry": {"type": "Point", "coordinates": [-157.18346472692372, 21.202607015669617]}, "properties": {"item_id": "1725_9788_8295_849", "stop_id": "S045", "cls": "plastic_buoy", "cls_raw": "Plastic_Buoy", "x": 688557.8963069832, "y": 2345652.2782164286, "r95_m": 3.0, "n_views": 1, "area_m2": 0.20235724187926762, "length_m": 0.5427375793457705, "h_p90_m": 0.0, "volume_m3": 0.06070717256378028, "valid_3d": false, "buried_suspect": false, "weight_est_kg": 3.642430353826817, "weight_lo_kg": 1.8212151769134084, "weight_hi_kg": 4.856573805102424, "weight_method": "2d:area×thick_range×rho", "crew": "1인", "tools": [], "weight_kg": null, "image": "molokai_1725_9788_8295.jpg"}}, {"type": "Feature", "geometry": {"type": "Point", "coordinates": [-157.1825282232191, 21.202291427269973]}, "properties": {"item_id": "1726_-143_8972_858", "stop_id": "S041", "cls": "plastic_buoy", "cls_raw": "Plastic_Buoy", "x": 688655.5314102293, "y": 2345618.4528826578, "r95_m": 3.0, "n_views": 1, "area_m2": 0.1244777374327492, "length_m": 0.37614501953129675, "h_p90_m": 0.0, "volume_m3": 0.03734332122982476, "valid_3d": false, "buried_suspect": false, "weight_est_kg": 2.2405992737894858, "weight_lo_kg": 1.1202996368947429, "weight_hi_kg": 2.9874656983859813, "weight_method": "2d:area×thick_range×rho", "crew": "1인", "tools": [], "weight_kg": null, "image": "molokai_1726_-143_8972.jpg"}}, {"type": "Feature", "geometry": {"type": "Point", "coordinates": [-157.18250732890218, 21.202319755238832]}, "properties": {"item_id": "1726_-143_8972_859", "stop_id": "S046", "cls": "eps_fragment", "cls_raw": "Styrofoam_Piece", "x": 688657.6648098102, "y": 2345621.614160748, "r95_m": 3.0, "n_views": 1, "area_m2": 0.47337398779627515, "length_m": 0.7393212890625919, "h_p90_m": 0.0, "volume_m3": 0.014201219633888254, "valid_3d": false, "buried_suspect": false, "weight_est_kg": 0.2840243926777651, "weight_lo_kg": 0.18934959511851007, "weight_hi_kg": 0.9467479755925503, "weight_method": "2d:area×thick_range×rho", "crew": "1인", "tools": [], "weight_kg": null, "image": "molokai_1726_-143_8972.jpg"}}, {"type": "Feature", "geometry": {"type": "Point", "coordinates": [-157.18223304037048, 21.202294559879604]}, "properties": {"item_id": "1726_1215_8487_867", "stop_id": "S046", "cls": "net", "cls_raw": "Net", "x": 688686.1753710043, "y": 2345619.1514636963, "r95_m": 3.0, "n_views": 1, "area_m2": 0.20618270955090878, "length_m": 0.7013623046875871, "h_p90_m": 0.0, "volume_m3": 0.024741925146109053, "valid_3d": false, "buried_suspect": false, "weight_est_kg": 3.711288771916358, "weight_lo_kg": 1.5463703216318159, "weight_hi_kg": 9.278221929790895, "weight_method": "2d:area×thick_range×rho", "crew": "1인", "tools": ["절단기"], "weight_kg": null, "image": "molokai_1726_1215_8487.jpg"}}, {"type": "Feature", "geometry": {"type": "Point", "coordinates": [-157.1822785854228, 21.202329912056136]}, "properties": {"item_id": "1726_1215_8487_868", "stop_id": "S046", "cls": "net", "cls_raw": "Net", "x": 688681.401641204, "y": 2345623.0112669063, "r95_m": 3.0, "n_views": 1, "area_m2": 0.1730489879966212, "length_m": 0.47373291015630886, "h_p90_m": 0.0, "volume_m3": 0.020765878559594542, "valid_3d": false, "buried_suspect": false, "weight_est_kg": 3.114881783939181, "weight_lo_kg": 1.297867409974659, "weight_hi_kg": 7.7872044598479535, "weight_method": "2d:area×thick_range×rho", "crew": "1인", "tools": ["절단기"], "weight_kg": null, "image": "molokai_1726_1215_8487.jpg"}}, {"type": "Feature", "geometry": {"type": "Point", "coordinates": [-157.18227453337227, 21.202316411616586]}, "properties": {"item_id": "1726_1215_8487_869", "stop_id": "S046", "cls": "net", "cls_raw": "Net", "x": 688681.8395093502, "y": 2345621.5213702973, "r95_m": 3.0, "n_views": 1, "area_m2": 0.21334797391896781, "length_m": 0.5412890625000673, "h_p90_m": 0.0, "volume_m3": 0.025601756870276136, "valid_3d": false, "buried_suspect": false, "weight_est_kg": 3.8402635305414203, "weight_lo_kg": 1.6001098043922586, "weight_hi_kg": 9.600658826353552, "weight_method": "2d:area×thick_range×rho", "crew": "1인", "tools": ["절단기"], "weight_kg": null, "image": "molokai_1726_1215_8487.jpg"}}, {"type": "Feature", "geometry": {"type": "Point", "coordinates": [-157.1822328172525, 21.202309340500374]}, "properties": {"item_id": "1726_1215_8487_870", "stop_id": "S046", "cls": "eps_fragment", "cls_raw": "Styrofoam_Piece", "x": 688686.1797533333, "y": 2345620.788192616, "r95_m": 3.0, "n_views": 1, "area_m2": 0.11216745197775765, "length_m": 0.37575683593754666, "h_p90_m": 0.0, "volume_m3": 0.0033650235593327294, "valid_3d": false, "buried_suspect": false, "weight_est_kg": 0.06730047118665458, "weight_lo_kg": 0.04486698079110306, "weight_hi_kg": 0.22433490395551534, "weight_method": "2d:area×thick_range×rho", "crew": "1인", "tools": [], "weight_kg": null, "image": "molokai_1726_1215_8487.jpg"}}, {"type": "Feature", "geometry": {"type": "Point", "coordinates": [-157.18233532670587, 21.202335326627768]}, "properties": {"item_id": "1726_1215_8487_871", "stop_id": "S046", "cls": "net", "cls_raw": "Net", "x": 688675.5034863732, "y": 2345623.5431335056, "r95_m": 3.0, "n_views": 1, "area_m2": 0.24237862977019015, "length_m": 0.591641235351636, "h_p90_m": 0.0, "volume_m3": 0.029085435572422817, "valid_3d": false, "buried_suspect": false, "weight_est_kg": 4.362815335863423, "weight_lo_kg": 1.8178397232764263, "weight_hi_kg": 10.907038339658557, "weight_method": "2d:area×thick_range×rho", "crew": "1인", "tools": ["절단기"], "weight_kg": null, "image": "molokai_1726_1215_8487.jpg"}}, {"type": "Feature", "geometry": {"type": "Point", "coordinates": [-157.18191226737568, 21.202409608840405]}, "properties": {"item_id": "1726_3477_8181_878", "stop_id": "S047", "cls": "net", "cls_raw": "Net", "x": 688719.334032337, "y": 2345632.271625556, "r95_m": 3.0, "n_views": 1, "area_m2": 0.1739007459019743, "length_m": 0.4777922439575789, "h_p90_m": 0.0, "volume_m3": 0.020868089508236914, "valid_3d": false, "buried_suspect": false, "weight_est_kg": 3.130213426235537, "weight_lo_kg": 1.3042555942648073, "weight_hi_kg": 7.8255335655888425, "weight_method": "2d:area×thick_range×rho", "crew": "1인", "tools": ["절단기"], "weight_kg": null, "image": "molokai_1726_3477_8181.jpg"}}, {"type": "Feature", "geometry": {"type": "Point", "coordinates": [-157.18191005105646, 21.202411714910948]}, "properties": {"item_id": "1726_3477_8181_879", "stop_id": "S047", "cls": "plastic_buoy", "cls_raw": "Plastic_Buoy", "x": 688719.561469014, "y": 2345632.5074447053, "r95_m": 3.0, "n_views": 1, "area_m2": 0.14215041975829557, "length_m": 0.3833782958984851, "h_p90_m": 0.0, "volume_m3": 0.04264512592748867, "valid_3d": false, "buried_suspect": false, "weight_est_kg": 2.55870755564932, "weight_lo_kg": 1.27935377782466, "weight_hi_kg": 3.4116100741990936, "weight_method": "2d:area×thick_range×rho", "crew": "1인", "tools": [], "weight_kg": null, "image": "molokai_1726_3477_8181.jpg"}}, {"type": "Feature", "geometry": {"type": "Point", "coordinates": [-157.18189075618346, 21.202413227858354]}, "properties": {"item_id": "1726_3477_8181_880", "stop_id": "S047", "cls": "plastic_buoy", "cls_raw": "Plastic_Buoy", "x": 688721.5628730083, "y": 2345632.69795195, "r95_m": 3.0, "n_views": 1, "area_m2": 0.16962262536962075, "length_m": 0.4454180908203678, "h_p90_m": 0.0, "volume_m3": 0.050886787610886226, "valid_3d": false, "buried_suspect": false, "weight_est_kg": 3.0532072566531734, "weight_lo_kg": 1.5266036283265867, "weight_hi_kg": 4.0709430088708976, "weight_method": "2d:area×thick_range×rho", "crew": "1인", "tools": [], "weight_kg": null, "image": "molokai_1726_3477_8181.jpg"}}, {"type": "Feature", "geometry": {"type": "Point", "coordinates": [-157.18189754983413, 21.202407770595393]}, "properties": {"item_id": "1726_3477_8181_881", "stop_id": "S047", "cls": "net", "cls_raw": "Net", "x": 688720.864445712, "y": 2345632.0856434507, "r95_m": 3.0, "n_views": 1, "area_m2": 0.14793998676542142, "length_m": 0.495034790039124, "h_p90_m": 0.0, "volume_m3": 0.017752798411850568, "valid_3d": false, "buried_suspect": false, "weight_est_kg": 2.662919761777585, "weight_lo_kg": 1.1095499007406606, "weight_hi_kg": 6.657299404443964, "weight_method": "2d:area×thick_range×rho", "crew": "1인", "tools": ["절단기"], "weight_kg": null, "image": "molokai_1726_3477_8181.jpg"}}, {"type": "Feature", "geometry": {"type": "Point", "coordinates": [-157.18180195693864, 21.202410364015982]}, "properties": {"item_id": "1726_3477_8181_882", "stop_id": "S048", "cls": "net", "cls_raw": "Net", "x": 688730.786264556, "y": 2345632.4867238514, "r95_m": 3.0, "n_views": 1, "area_m2": 0.21284088376169724, "length_m": 0.5265185546875654, "h_p90_m": 0.0, "volume_m3": 0.025540906051403668, "valid_3d": false, "buried_suspect": false, "weight_est_kg": 3.83113590771055, "weight_lo_kg": 1.5963066282127296, "weight_hi_kg": 9.577839769276375, "weight_method": "2d:area×thick_range×rho", "crew": "1인", "tools": ["절단기"], "weight_kg": null, "image": "molokai_1726_3477_8181.jpg"}}, {"type": "Feature", "geometry": {"type": "Point", "coordinates": [-157.1817715966982, 21.20244283722823]}, "properties": {"item_id": "1726_3835_8259_886", "stop_id": "S048", "cls": "pet_bottle", "cls_raw": "PET_Bottle", "x": 688733.897196723, "y": 2345636.11824486, "r95_m": 3.0, "n_views": 1, "area_m2": 0.2283544138035373, "length_m": 0.4913195037842407, "h_p90_m": 0.0, "volume_m3": 0.013701264828212238, "valid_3d": false, "buried_suspect": false, "weight_est_kg": 0.4521417393310038, "weight_lo_kg": 0.3767847827758366, "weight_hi_kg": 0.7535695655516732, "weight_method": "2d:area×thick_range×rho", "crew": "1인", "tools": [], "weight_kg": null, "image": "molokai_1726_3835_8259.jpg"}}, {"type": "Feature", "geometry": {"type": "Point", "coordinates": [-157.18182114288413, 21.202278863438725]}, "properties": {"item_id": "1726_3860_8767_893", "stop_id": "S048", "cls": "plastic_buoy", "cls_raw": "Plastic_Buoy", "x": 688728.9613972837, "y": 2345617.9045284805, "r95_m": 3.0, "n_views": 1, "area_m2": 0.1663946667503979, "length_m": 0.4134533691406764, "h_p90_m": 0.0, "volume_m3": 0.049918400025119374, "valid_3d": false, "buried_suspect": false, "weight_est_kg": 2.9951040015071624, "weight_lo_kg": 1.4975520007535812, "weight_hi_kg": 3.9934720020095495, "weight_method": "2d:area×thick_range×rho", "crew": "1인", "tools": [], "weight_kg": null, "image": "molokai_1726_3860_8767.jpg"}}, {"type": "Feature", "geometry": {"type": "Point", "coordinates": [-157.18182871498934, 21.20227906114739]}, "properties": {"item_id": "1726_3860_8767_894", "stop_id": "S048", "cls": "net", "cls_raw": "Net", "x": 688728.1749569678, "y": 2345617.9173922543, "r95_m": 3.0, "n_views": 1, "area_m2": 0.2159102350660205, "length_m": 0.5094375610352195, "h_p90_m": 0.0, "volume_m3": 0.02590922820792246, "valid_3d": false, "buried_suspect": false, "weight_est_kg": 3.886384231188369, "weight_lo_kg": 1.619326762995154, "weight_hi_kg": 9.715960577970922, "weight_method": "2d:area×thick_range×rho", "crew": "1인", "tools": ["절단기"], "weight_kg": null, "image": "molokai_1726_3860_8767.jpg"}}, {"type": "Feature", "geometry": {"type": "Point", "coordinates": [-157.18183926807242, 21.20227718761734]}, "properties": {"item_id": "1726_3860_8767_895", "stop_id": "S048", "cls": "plastic_buoy", "cls_raw": "Plastic_Buoy", "x": 688727.0816433668, "y": 2345617.6973818266, "r95_m": 3.0, "n_views": 1, "area_m2": 0.17515361148859068, "length_m": 0.42837036132817824, "h_p90_m": 0.0, "volume_m3": 0.052546083446577206, "valid_3d": false, "buried_suspect": false, "weight_est_kg": 3.1527650067946325, "weight_lo_kg": 1.5763825033973162, "weight_hi_kg": 4.203686675726177, "weight_method": "2d:area×thick_range×rho", "crew": "1인", "tools": [], "weight_kg": null, "image": "molokai_1726_3860_8767.jpg"}}, {"type": "Feature", "geometry": {"type": "Point", "coordinates": [-157.1817696120601, 21.202273425218646]}, "properties": {"item_id": "1726_3860_8767_896", "stop_id": "S048", "cls": "plastic_other", "cls_raw": "Plastic_ETC", "x": 688734.3186012045, "y": 2345617.3638514555, "r95_m": 3.0, "n_views": 1, "area_m2": 0.2758673878730029, "length_m": 0.5491125488281933, "h_p90_m": 0.0, "volume_m3": 0.008276021636190086, "valid_3d": false, "buried_suspect": false, "weight_est_kg": 0.6620817308952069, "weight_lo_kg": 0.44138782059680465, "weight_hi_kg": 2.2069391029840233, "weight_method": "2d:area×thick_range×rho", "crew": "1인", "tools": [], "weight_kg": null, "image": "molokai_1726_3860_8767.jpg"}}, {"type": "Feature", "geometry": {"type": "Point", "coordinates": [-157.1818062236518, 21.202271178608264]}, "properties": {"item_id": "1726_3860_8767_897", "stop_id": "S048", "cls": "plastic_other", "cls_raw": "Plastic_ETC", "x": 688730.5201847455, "y": 2345617.0714722397, "r95_m": 3.0, "n_views": 1, "area_m2": 0.7147132166864264, "length_m": 1.0439648437501297, "h_p90_m": 0.0, "volume_m3": 0.02144139650059279, "valid_3d": false, "buried_suspect": false, "weight_est_kg": 1.7153117200474233, "weight_lo_kg": 1.1435411466982823, "weight_hi_kg": 5.717705733491412, "weight_method": "2d:area×thick_range×rho", "crew": "1인", "tools": [], "weight_kg": null, "image": "molokai_1726_3860_8767.jpg"}}, {"type": "Feature", "geometry": {"type": "Point", "coordinates": [-157.181824184494, 21.20226980180454]}, "properties": {"item_id": "1726_3860_8767_898", "stop_id": "S048", "cls": "plastic_other", "cls_raw": "Plastic_ETC", "x": 688728.6571142196, "y": 2345616.8976275967, "r95_m": 3.0, "n_views": 1, "area_m2": 0.7415945452289636, "length_m": 1.0767596435548212, "h_p90_m": 0.0, "volume_m3": 0.02224783635686891, "valid_3d": false, "buried_suspect": false, "weight_est_kg": 1.7798269085495129, "weight_lo_kg": 1.1865512723663418, "weight_hi_kg": 5.932756361831709, "weight_method": "2d:area×thick_range×rho", "crew": "1인", "tools": [], "weight_kg": null, "image": "molokai_1726_3860_8767.jpg"}}, {"type": "Feature", "geometry": {"type": "Point", "coordinates": [-157.1817424427551, 21.20231936138768]}, "properties": {"item_id": "1726_3860_8767_899", "stop_id": "S048", "cls": "plastic_buoy", "cls_raw": "Plastic_Buoy", "x": 688737.0811171543, "y": 2345622.482144949, "r95_m": 3.0, "n_views": 1, "area_m2": 0.19293164505963348, "length_m": 0.4442578125000552, "h_p90_m": 0.0, "volume_m3": 0.05787949351789004, "valid_3d": false, "buried_suspect": false, "weight_est_kg": 3.4727696110734025, "weight_lo_kg": 1.7363848055367013, "weight_hi_kg": 4.630359481431204, "weight_method": "2d:area×thick_range×rho", "crew": "1인", "tools": [], "weight_kg": null, "image": "molokai_1726_3860_8767.jpg"}}, {"type": "Feature", "geometry": {"type": "Point", "coordinates": [-157.18182753293843, 21.202273708263608]}, "properties": {"item_id": "1726_3860_8767_900", "stop_id": "S048", "cls": "plastic_buoy", "cls_raw": "Plastic_Buoy", "x": 688728.3044897742, "y": 2345617.3261469915, "r95_m": 3.0, "n_views": 1, "area_m2": 0.11060313507917291, "length_m": 0.35705566406254435, "h_p90_m": 0.0, "volume_m3": 0.033180940523751874, "valid_3d": false, "buried_suspect": false, "weight_est_kg": 1.9908564314251125, "weight_lo_kg": 0.9954282157125562, "weight_hi_kg": 2.6544752419001503, "weight_method": "2d:area×thick_range×rho", "crew": "1인", "tools": [], "weight_kg": null, "image": "molokai_1726_3860_8767.jpg"}}, {"type": "Feature", "geometry": {"type": "Point", "coordinates": [-157.1817292525089, 21.202339765890677]}, "properties": {"item_id": "1726_3860_8767_901", "stop_id": "S048", "cls": "net", "cls_raw": "Net", "x": 688738.4246831641, "y": 2345624.7569901734, "r95_m": 3.0, "n_views": 1, "area_m2": 0.1745101441234784, "length_m": 0.45936523437505705, "h_p90_m": 0.0, "volume_m3": 0.020941217294817408, "valid_3d": false, "buried_suspect": false, "weight_est_kg": 3.1411825942226113, "weight_lo_kg": 1.308826080926088, "weight_hi_kg": 7.852956485556528, "weight_method": "2d:area×thick_range×rho", "crew": "1인", "tools": ["절단기"], "weight_kg": null, "image": "molokai_1726_3860_8767.jpg"}}, {"type": "Feature", "geometry": {"type": "Point", "coordinates": [-157.1817391034329, 21.202280620698502]}, "properties": {"item_id": "1726_3860_8767_902", "stop_id": "S048", "cls": "plastic_buoy", "cls_raw": "Plastic_Buoy", "x": 688737.4770742723, "y": 2345618.1968796076, "r95_m": 3.0, "n_views": 1, "area_m2": 0.29455976242430376, "length_m": 0.5683422851563206, "h_p90_m": 0.0, "volume_m3": 0.08836792872729113, "valid_3d": false, "buried_suspect": false, "weight_est_kg": 5.302075723637468, "weight_lo_kg": 2.651037861818734, "weight_hi_kg": 7.069434298183291, "weight_method": "2d:area×thick_range×rho", "crew": "1인", "tools": [], "weight_kg": null, "image": "molokai_1726_3860_8767.jpg"}}, {"type": "Feature", "geometry": {"type": "Point", "coordinates": [-157.18180959608048, 21.202275162233942]}, "properties": {"item_id": "1726_3860_8767_903", "stop_id": "S048", "cls": "plastic_buoy", "cls_raw": "Plastic_Buoy", "x": 688730.1649719509, "y": 2345617.508506651, "r95_m": 3.0, "n_views": 1, "area_m2": 0.10169311583044671, "length_m": 0.3374023437500419, "h_p90_m": 0.0, "volume_m3": 0.030507934749134012, "valid_3d": false, "buried_suspect": false, "weight_est_kg": 1.8304760849480408, "weight_lo_kg": 0.9152380424740204, "weight_hi_kg": 2.440634779930721, "weight_method": "2d:area×thick_range×rho", "crew": "1인", "tools": [], "weight_kg": null, "image": "molokai_1726_3860_8767.jpg"}}, {"type": "Feature", "geometry": {"type": "Point", "coordinates": [-157.18177540586237, 21.202260093181554]}, "properties": {"item_id": "1726_3860_8767_904", "stop_id": "S048", "cls": "eps_fragment", "cls_raw": "Styrofoam_Piece", "x": 688733.7339947334, "y": 2345615.8808643343, "r95_m": 3.0, "n_views": 1, "area_m2": 0.29316761291481386, "length_m": 0.5903833007813234, "h_p90_m": 0.0, "volume_m3": 0.008795028387444415, "valid_3d": false, "buried_suspect": false, "weight_est_kg": 0.1759005677488883, "weight_lo_kg": 0.11726704516592554, "weight_hi_kg": 0.5863352258296277, "weight_method": "2d:area×thick_range×rho", "crew": "1인", "tools": [], "weight_kg": null, "image": "molokai_1726_3860_8767.jpg"}}, {"type": "Feature", "geometry": {"type": "Point", "coordinates": [-157.18178192125777, 21.20232833265129]}, "properties": {"item_id": "1726_3860_8767_905", "stop_id": "S048", "cls": "net", "cls_raw": "Net", "x": 688732.9707798435, "y": 2345623.4283549096, "r95_m": 3.0, "n_views": 1, "area_m2": 0.313184269454408, "length_m": 0.5628234863281949, "h_p90_m": 0.0, "volume_m3": 0.03758211233452896, "valid_3d": false, "buried_suspect": false, "weight_est_kg": 5.637316850179344, "weight_lo_kg": 2.3488820209080603, "weight_hi_kg": 14.093292125448361, "weight_method": "2d:area×thick_range×rho", "crew": "1인", "tools": ["절단기"], "weight_kg": null, "image": "molokai_1726_3860_8767.jpg"}}, {"type": "Feature", "geometry": {"type": "Point", "coordinates": [-157.18174243487076, 21.20231931250963]}, "properties": {"item_id": "1726_4190_8403_917", "stop_id": "S048", "cls": "plastic_buoy", "cls_raw": "Plastic_Buoy", "x": 688737.0819978932, "y": 2345622.476742725, "r95_m": 3.0, "n_views": 1, "area_m2": 0.19138508379464136, "length_m": 0.45026611328130595, "h_p90_m": 0.0, "volume_m3": 0.057415525138392404, "valid_3d": false, "buried_suspect": false, "weight_est_kg": 3.444931508303544, "weight_lo_kg": 1.722465754151772, "weight_hi_kg": 4.593242011071394, "weight_method": "2d:area×thick_range×rho", "crew": "1인", "tools": [], "weight_kg": null, "image": "molokai_1726_4190_8403.jpg"}}, {"type": "Feature", "geometry": {"type": "Point", "coordinates": [-157.18167228977566, 21.20235777109655]}, "properties": {"item_id": "1726_4190_8403_918", "stop_id": "S048", "cls": "plastic_buoy", "cls_raw": "Plastic_Buoy", "x": 688744.316062788, "y": 2345626.8183734217, "r95_m": 3.0, "n_views": 1, "area_m2": 0.3294870929957255, "length_m": 0.6285180664063281, "h_p90_m": 0.0, "volume_m3": 0.09884612789871765, "valid_3d": false, "buried_suspect": false, "weight_est_kg": 5.930767673923059, "weight_lo_kg": 2.9653838369615295, "weight_hi_kg": 7.907690231897411, "weight_method": "2d:area×thick_range×rho", "crew": "1인", "tools": [], "weight_kg": null, "image": "molokai_1726_4190_8403.jpg"}}, {"type": "Feature", "geometry": {"type": "Point", "coordinates": [-157.18169786907558, 21.202319932964585]}, "properties": {"item_id": "1726_4190_8403_919", "stop_id": "S048", "cls": "net", "cls_raw": "Net", "x": 688741.7083411915, "y": 2345622.598562815, "r95_m": 3.0, "n_views": 1, "area_m2": 0.3292325621367319, "length_m": 0.6337792968750787, "h_p90_m": 0.0, "volume_m3": 0.03950790745640783, "valid_3d": false, "buried_suspect": false, "weight_est_kg": 5.926186118461175, "weight_lo_kg": 2.4692442160254897, "weight_hi_kg": 14.815465296152935, "weight_method": "2d:area×thick_range×rho", "crew": "1인", "tools": ["절단기"], "weight_kg": null, "image": "molokai_1726_4190_8403.jpg"}}, {"type": "Feature", "geometry": {"type": "Point", "coordinates": [-157.18166581604743, 21.202374558625454]}, "properties": {"item_id": "1726_4190_8403_920", "stop_id": "S048", "cls": "net", "cls_raw": "Net", "x": 688744.9668698369, "y": 2345628.684752666, "r95_m": 3.0, "n_views": 1, "area_m2": 0.13445934064689638, "length_m": 0.410571289062551, "h_p90_m": 0.0, "volume_m3": 0.016135120877627564, "valid_3d": false, "buried_suspect": false, "weight_est_kg": 2.4202681316441343, "weight_lo_kg": 1.008445054851723, "weight_hi_kg": 6.0506703291103365, "weight_method": "2d:area×thick_range×rho", "crew": "1인", "tools": ["절단기"], "weight_kg": null, "image": "molokai_1726_4190_8403.jpg"}}, {"type": "Feature", "geometry": {"type": "Point", "coordinates": [-157.18165186817262, 21.202331664338043]}, "properties": {"item_id": "1726_4430_8790_933", "stop_id": "S048", "cls": "plastic_buoy", "cls_raw": "Plastic_Buoy", "x": 688746.4695630657, "y": 2345623.952260649, "r95_m": 3.0, "n_views": 1, "area_m2": 0.19280136651997587, "length_m": 0.44045288085942974, "h_p90_m": 0.0, "volume_m3": 0.05784040995599276, "valid_3d": false, "buried_suspect": false, "weight_est_kg": 3.4704245973595658, "weight_lo_kg": 1.7352122986797829, "weight_hi_kg": 4.627232796479421, "weight_method": "2d:area×thick_range×rho", "crew": "1인", "tools": [], "weight_kg": null, "image": "molokai_1726_4430_8790.jpg"}}, {"type": "Feature", "geometry": {"type": "Point", "coordinates": [-157.18163182806165, 21.202338575669607]}, "properties": {"item_id": "1726_4430_8790_934", "stop_id": "S048", "cls": "plastic_buoy", "cls_raw": "Plastic_Buoy", "x": 688748.5414813004, "y": 2345624.7413514913, "r95_m": 3.0, "n_views": 1, "area_m2": 0.17573228435408966, "length_m": 0.42021041870122405, "h_p90_m": 0.0, "volume_m3": 0.0527196853062269, "valid_3d": false, "buried_suspect": false, "weight_est_kg": 3.163181118373614, "weight_lo_kg": 1.581590559186807, "weight_hi_kg": 4.2175748244981515, "weight_method": "2d:area×thick_range×rho", "crew": "1인", "tools": [], "weight_kg": null, "image": "molokai_1726_4430_8790.jpg"}}, {"type": "Feature", "geometry": {"type": "Point", "coordinates": [-157.18172283180868, 21.20229582552132]}, "properties": {"item_id": "1726_4430_8790_935", "stop_id": "S048", "cls": "rope", "cls_raw": "Rope", "x": 688739.1471805072, "y": 2345619.899705952, "r95_m": 3.0, "n_views": 1, "area_m2": 0.6792438190458168, "length_m": 0.8721220397950302, "h_p90_m": 0.0, "volume_m3": 0.020377314571374504, "valid_3d": false, "buried_suspect": false, "weight_est_kg": 8.150925828549802, "weight_lo_kg": 5.433950552366534, "weight_hi_kg": 13.584876380916336, "weight_method": "2d:area×thick_range×rho", "crew": "1인", "tools": ["절단기"], "weight_kg": null, "image": "molokai_1726_4430_8790.jpg"}}, {"type": "Feature", "geometry": {"type": "Point", "coordinates": [-157.18171157616555, 21.202293059432048]}, "properties": {"item_id": "1726_4430_8790_936", "stop_id": "S048", "cls": "plastic_buoy", "cls_raw": "Plastic_Buoy", "x": 688740.3193363271, "y": 2345619.606870795, "r95_m": 3.0, "n_views": 1, "area_m2": 0.21107260760223148, "length_m": 0.46405395507818264, "h_p90_m": 0.0, "volume_m3": 0.06332178228066944, "valid_3d": false, "buried_suspect": false, "weight_est_kg": 3.7993069368401664, "weight_lo_kg": 1.8996534684200832, "weight_hi_kg": 5.065742582453556, "weight_method": "2d:area×thick_range×rho", "crew": "1인", "tools": [], "weight_kg": null, "image": "molokai_1726_4430_8790.jpg"}}, {"type": "Feature", "geometry": {"type": "Point", "coordinates": [-157.1744939683831, 21.202280491660595]}, "properties": {"item_id": "1728_11809_8118_946", "stop_id": "S049", "cls": "plastic_buoy", "cls_raw": "Plastic_Buoy", "x": 689489.7190589329, "y": 2345626.8363875407, "r95_m": 3.0, "n_views": 1, "area_m2": 0.15879064845297705, "length_m": 0.43278564453130375, "h_p90_m": 0.0, "volume_m3": 0.047637194535893115, "valid_3d": false, "buried_suspect": false, "weight_est_kg": 2.858231672153587, "weight_lo_kg": 1.4291158360767935, "weight_hi_kg": 3.810975562871449, "weight_method": "2d:area×thick_range×rho", "crew": "1인", "tools": [], "weight_kg": null, "image": "molokai_1728_11809_8118.jpg"}}, {"type": "Feature", "geometry": {"type": "Point", "coordinates": [-157.1744784318508, 21.202298409726176]}, "properties": {"item_id": "1728_11809_8118_947", "stop_id": "S049", "cls": "pet_bottle", "cls_raw": "PET_Bottle", "x": 689491.30930774, "y": 2345628.838819062, "r95_m": 3.0, "n_views": 1, "area_m2": 0.22341244814401456, "length_m": 0.7143505859375887, "h_p90_m": 0.0, "volume_m3": 0.013404746888640873, "valid_3d": false, "buried_suspect": false, "weight_est_kg": 0.4423566473251488, "weight_lo_kg": 0.3686305394376241, "weight_hi_kg": 0.7372610788752482, "weight_method": "2d:area×thick_range×rho", "crew": "1인", "tools": [], "weight_kg": null, "image": "molokai_1728_11809_8118.jpg"}}, {"type": "Feature", "geometry": {"type": "Point", "coordinates": [-157.16748289765997, 21.200622588492884]}, "properties": {"item_id": "1941_3195_4946_952", "stop_id": "S050", "cls": "plastic_other", "cls_raw": "Plastic_ETC", "x": 690219.7847059643, "y": 2345451.6845854702, "r95_m": 3.0, "n_views": 1, "area_m2": 0.393178776490786, "length_m": 0.627397460937578, "h_p90_m": 0.0, "volume_m3": 0.011795363294723579, "valid_3d": false, "buried_suspect": false, "weight_est_kg": 0.9436290635778863, "weight_lo_kg": 0.6290860423852576, "weight_hi_kg": 3.145430211926288, "weight_method": "2d:area×thick_range×rho", "crew": "1인", "tools": [], "weight_kg": null, "image": "molokai_1941_3195_4946.jpg"}}, {"type": "Feature", "geometry": {"type": "Point", "coordinates": [-157.1674600882416, 21.20061662119061]}, "properties": {"item_id": "1941_3195_4946_953", "stop_id": "S050", "cls": "plastic_other", "cls_raw": "Plastic_ETC", "x": 690222.1606245148, "y": 2345451.0513028377, "r95_m": 3.0, "n_views": 1, "area_m2": 1.1043527335676313, "length_m": 1.0910949707032604, "h_p90_m": 0.0, "volume_m3": 0.03313058200702894, "valid_3d": false, "buried_suspect": false, "weight_est_kg": 2.6504465605623153, "weight_lo_kg": 1.7669643737082104, "weight_hi_kg": 8.83482186854105, "weight_method": "2d:area×thick_range×rho", "crew": "1인", "tools": [], "weight_kg": null, "image": "molokai_1941_3195_4946.jpg"}}, {"type": "Feature", "geometry": {"type": "Point", "coordinates": [-157.16727430709523, 21.200727332311743]}, "properties": {"item_id": "1941_4582_4371_955", "stop_id": "S051", "cls": "plastic_buoy", "cls_raw": "Plastic_Buoy", "x": 690241.3082145385, "y": 2345463.5321567087, "r95_m": 3.0, "n_views": 1, "area_m2": 0.1000003703596319, "length_m": 0.36408447265629523, "h_p90_m": 0.0, "volume_m3": 0.030000111107889568, "valid_3d": false, "buried_suspect": false, "weight_est_kg": 1.800006666473374, "weight_lo_kg": 0.900003333236687, "weight_hi_kg": 2.4000088886311657, "weight_method": "2d:area×thick_range×rho", "crew": "1인", "tools": [], "weight_kg": null, "image": "molokai_1941_4582_4371.jpg"}}, {"type": "Feature", "geometry": {"type": "Point", "coordinates": [-157.16430968047032, 21.20056329970455]}, "properties": {"item_id": "1942_4672_5083_957", "stop_id": "S052", "cls": "plastic_buoy", "cls_raw": "Plastic_Buoy_China", "x": 690549.3322783317, "y": 2345448.935671101, "r95_m": 3.0, "n_views": 1, "area_m2": 0.299890368983224, "length_m": 0.5651306152344452, "h_p90_m": 0.0, "volume_m3": 0.0899671106949672, "valid_3d": false, "buried_suspect": false, "weight_est_kg": 5.398026641698032, "weight_lo_kg": 2.699013320849016, "weight_hi_kg": 7.197368855597377, "weight_method": "2d:area×thick_range×rho", "crew": "1인", "tools": [], "weight_kg": null, "image": "molokai_1942_4672_5083.jpg"}}, {"type": "Feature", "geometry": {"type": "Point", "coordinates": [-157.14181435654265, 21.198982916835078]}, "properties": {"item_id": "1950_1652_12775_960", "stop_id": "S053", "cls": "plastic_buoy", "cls_raw": "Plastic_Buoy_China", "x": 692887.0621708905, "y": 2345301.195149338, "r95_m": 3.0, "n_views": 1, "area_m2": 0.29469565965158734, "length_m": 0.5784784698487047, "h_p90_m": 0.0, "volume_m3": 0.0884086978954762, "valid_3d": false, "buried_suspect": false, "weight_est_kg": 5.304521873728572, "weight_lo_kg": 2.652260936864286, "weight_hi_kg": 7.072695831638097, "weight_method": "2d:area×thick_range×rho", "crew": "1인", "tools": [], "weight_kg": null, "image": "molokai_1950_1652_12775.jpg"}}, {"type": "Feature", "geometry": {"type": "Point", "coordinates": [-157.1417938354428, 21.198927377084498]}, "properties": {"item_id": "1950_1652_12775_961", "stop_id": "S053", "cls": "plastic_other", "cls_raw": "Plastic_ETC", "x": 692889.2650400727, "y": 2345295.0708616646, "r95_m": 3.0, "n_views": 1, "area_m2": 0.3257717787087773, "length_m": 0.6407666015625796, "h_p90_m": 0.0, "volume_m3": 0.00977315336126332, "valid_3d": false, "buried_suspect": false, "weight_est_kg": 0.7818522689010655, "weight_lo_kg": 0.5212348459340437, "weight_hi_kg": 2.606174229670219, "weight_method": "2d:area×thick_range×rho", "crew": "1인", "tools": [], "weight_kg": null, "image": "molokai_1950_1652_12775.jpg"}}, {"type": "Feature", "geometry": {"type": "Point", "coordinates": [-157.14180770472925, 21.198979358715967]}, "properties": {"item_id": "1950_1652_12775_962", "stop_id": "S053", "cls": "pet_bottle", "cls_raw": "PET_Bottle", "x": 692887.7574573153, "y": 2345300.809301939, "r95_m": 3.0, "n_views": 1, "area_m2": 0.2462989651686658, "length_m": 0.6206774902344521, "h_p90_m": 0.0, "volume_m3": 0.014777937910119948, "valid_3d": false, "buried_suspect": false, "weight_est_kg": 0.4876719510339583, "weight_lo_kg": 0.4063932925282986, "weight_hi_kg": 0.8127865850565972, "weight_method": "2d:area×thick_range×rho", "crew": "1인", "tools": [], "weight_kg": null, "image": "molokai_1950_1652_12775.jpg"}}, {"type": "Feature", "geometry": {"type": "Point", "coordinates": [-157.1418568756245, 21.19891283610878]}, "properties": {"item_id": "1950_1652_12775_963", "stop_id": "S053", "cls": "pet_bottle", "cls_raw": "PET_Bottle", "x": 692882.7383968104, "y": 2345293.384115657, "r95_m": 3.0, "n_views": 1, "area_m2": 0.19151402999614467, "length_m": 0.5484179687500681, "h_p90_m": 0.0, "volume_m3": 0.01149084179976868, "valid_3d": false, "buried_suspect": false, "weight_est_kg": 0.37919777939236643, "weight_lo_kg": 0.31599814949363875, "weight_hi_kg": 0.6319962989872775, "weight_method": "2d:area×thick_range×rho", "crew": "1인", "tools": [], "weight_kg": null, "image": "molokai_1950_1652_12775.jpg"}}, {"type": "Feature", "geometry": {"type": "Point", "coordinates": [-157.14176597158962, 21.198908646908464]}, "properties": {"item_id": "1950_1652_12775_964", "stop_id": "S053", "cls": "net", "cls_raw": "Net", "x": 692892.1825035509, "y": 2345293.0310241175, "r95_m": 3.0, "n_views": 1, "area_m2": 0.21825186397289692, "length_m": 0.46811889648443317, "h_p90_m": 0.0, "volume_m3": 0.02619022367674763, "valid_3d": false, "buried_suspect": false, "weight_est_kg": 3.9285335515121442, "weight_lo_kg": 1.636888979796727, "weight_hi_kg": 9.821333878780361, "weight_method": "2d:area×thick_range×rho", "crew": "1인", "tools": ["절단기"], "weight_kg": null, "image": "molokai_1950_1652_12775.jpg"}}, {"type": "Feature", "geometry": {"type": "Point", "coordinates": [-157.1416198771509, 21.198815967656707]}, "properties": {"item_id": "1950_2578_13383_969", "stop_id": "S054", "cls": "pet_bottle", "cls_raw": "PET_Bottle", "x": 692907.4720440279, "y": 2345282.947674424, "r95_m": 3.0, "n_views": 1, "area_m2": 0.543865818143026, "length_m": 0.7957116699219738, "h_p90_m": 0.0, "volume_m3": 0.03263194908858156, "valid_3d": false, "buried_suspect": false, "weight_est_kg": 1.0768543199231915, "weight_lo_kg": 0.897378599935993, "weight_hi_kg": 1.794757199871986, "weight_method": "2d:area×thick_range×rho", "crew": "1인", "tools": [], "weight_kg": null, "image": "molokai_1950_2578_13383.jpg"}}, {"type": "Feature", "geometry": {"type": "Point", "coordinates": [-157.14160147367903, 21.198812317631504]}, "properties": {"item_id": "1950_2578_13383_970", "stop_id": "S054", "cls": "plastic_other", "cls_raw": "Plastic_ETC", "x": 692909.38763959, "y": 2345282.565968394, "r95_m": 3.0, "n_views": 1, "area_m2": 0.3903305312992112, "length_m": 0.7089208984375881, "h_p90_m": 0.0, "volume_m3": 0.011709915938976335, "valid_3d": false, "buried_suspect": false, "weight_est_kg": 0.9367932751181068, "weight_lo_kg": 0.6245288500787379, "weight_hi_kg": 3.1226442503936895, "weight_method": "2d:area×thick_range×rho", "crew": "1인", "tools": [], "weight_kg": null, "image": "molokai_1950_2578_13383.jpg"}}, {"type": "Feature", "geometry": {"type": "Point", "coordinates": [-157.1415649839926, 21.19883433464398]}, "properties": {"item_id": "1950_2578_13383_971", "stop_id": "S054", "cls": "pet_bottle", "cls_raw": "PET_Bottle", "x": 692913.1478047044, "y": 2345285.0481156055, "r95_m": 3.0, "n_views": 1, "area_m2": 0.23418761768346882, "length_m": 0.5452539062500678, "h_p90_m": 0.0, "volume_m3": 0.014051257061008128, "valid_3d": false, "buried_suspect": false, "weight_est_kg": 0.46369148301326824, "weight_lo_kg": 0.38640956917772357, "weight_hi_kg": 0.7728191383554471, "weight_method": "2d:area×thick_range×rho", "crew": "1인", "tools": [], "weight_kg": null, "image": "molokai_1950_2578_13383.jpg"}}, {"type": "Feature", "geometry": {"type": "Point", "coordinates": [-157.141584754137, 21.198830330578947]}, "properties": {"item_id": "1950_2578_13383_972", "stop_id": "S054", "cls": "pet_bottle", "cls_raw": "PET_Bottle", "x": 692911.1002492695, "y": 2345284.580705827, "r95_m": 3.0, "n_views": 1, "area_m2": 0.665022505283521, "length_m": 0.845429687500105, "h_p90_m": 0.0, "volume_m3": 0.03990135031701126, "valid_3d": false, "buried_suspect": false, "weight_est_kg": 1.3167445604613717, "weight_lo_kg": 1.0972871337178098, "weight_hi_kg": 2.1945742674356197, "weight_method": "2d:area×thick_range×rho", "crew": "1인", "tools": [], "weight_kg": null, "image": "molokai_1950_2578_13383.jpg"}}, {"type": "Feature", "geometry": {"type": "Point", "coordinates": [-157.14140156790123, 21.198902044986205]}, "properties": {"item_id": "1950_3758_13192_977", "stop_id": "S055", "cls": "plastic_other", "cls_raw": "Plastic_ETC", "x": 692930.0275183377, "y": 2345292.7440057965, "r95_m": 3.0, "n_views": 1, "area_m2": 0.9002692405266131, "length_m": 1.1308605957032656, "h_p90_m": 0.0, "volume_m3": 0.02700807721579839, "valid_3d": false, "buried_suspect": false, "weight_est_kg": 2.1606461772638714, "weight_lo_kg": 1.440430784842581, "weight_hi_kg": 7.202153924212905, "weight_method": "2d:area×thick_range×rho", "crew": "1인", "tools": [], "weight_kg": null, "image": "molokai_1950_3758_13192.jpg"}}, {"type": "Feature", "geometry": {"type": "Point", "coordinates": [-157.14138310184217, 21.198902618602574]}, "properties": {"item_id": "1950_3758_13192_978", "stop_id": "S055", "cls": "plastic_other", "cls_raw": "Plastic_ETC", "x": 692931.9441246453, "y": 2345292.830014554, "r95_m": 3.0, "n_views": 1, "area_m2": 1.1886517953646063, "length_m": 1.8905187988283598, "h_p90_m": 0.0, "volume_m3": 0.035659553860938185, "valid_3d": false, "buried_suspect": false, "weight_est_kg": 2.852764308875055, "weight_lo_kg": 1.9018428725833703, "weight_hi_kg": 9.50921436291685, "weight_method": "2d:area×thick_range×rho", "crew": "1인", "tools": [], "weight_kg": null, "image": "molokai_1950_3758_13192.jpg"}}, {"type": "Feature", "geometry": {"type": "Point", "coordinates": [-157.14141651119454, 21.198902655182852]}, "properties": {"item_id": "1950_3758_13192_979", "stop_id": "S055", "cls": "plastic_other", "cls_raw": "Plastic_ETC", "x": 692928.47514674, "y": 2345292.793359451, "r95_m": 3.0, "n_views": 1, "area_m2": 1.0310439813554986, "length_m": 1.4686108398439324, "h_p90_m": 0.0, "volume_m3": 0.030931319440664955, "valid_3d": false, "buried_suspect": false, "weight_est_kg": 2.4745055552531965, "weight_lo_kg": 1.6496703701687978, "weight_hi_kg": 8.248351850843989, "weight_method": "2d:area×thick_range×rho", "crew": "1인", "tools": [], "weight_kg": null, "image": "molokai_1950_3758_13192.jpg"}}, {"type": "Feature", "geometry": {"type": "Point", "coordinates": [-157.13876150562209, 21.1991902316152]}, "properties": {"item_id": "1951_2379_6636_981", "stop_id": "S056", "cls": "pet_bottle", "cls_raw": "PET_Bottle", "x": 693203.7733412493, "y": 2345327.870552596, "r95_m": 3.0, "n_views": 1, "area_m2": 0.19073279847507446, "length_m": 0.6153979492188264, "h_p90_m": 0.0, "volume_m3": 0.011443967908504467, "valid_3d": false, "buried_suspect": false, "weight_est_kg": 0.37765094098064744, "weight_lo_kg": 0.31470911748387287, "weight_hi_kg": 0.6294182349677457, "weight_method": "2d:area×thick_range×rho", "crew": "1인", "tools": [], "weight_kg": null, "image": "molokai_1951_2379_6636.jpg"}}, {"type": "Feature", "geometry": {"type": "Point", "coordinates": [-157.13049969398654, 21.198511679504033]}, "properties": {"item_id": "1954_329_8123_985", "stop_id": "S057", "cls": "eps_fragment", "cls_raw": "Styrofoam_Piece", "x": 694062.4940085094, "y": 2345262.8446767586, "r95_m": 3.0, "n_views": 1, "area_m2": 0.36243492690333784, "length_m": 0.6292675781250782, "h_p90_m": 0.0, "volume_m3": 0.010873047807100135, "valid_3d": false, "buried_suspect": false, "weight_est_kg": 0.2174609561420027, "weight_lo_kg": 0.14497397076133514, "weight_hi_kg": 0.7248698538066757, "weight_method": "2d:area×thick_range×rho", "crew": "1인", "tools": [], "weight_kg": null, "image": "molokai_1954_329_8123.jpg"}}, {"type": "Feature", "geometry": {"type": "Point", "coordinates": [-157.13052686231023, 21.198525039198316]}, "properties": {"item_id": "1954_329_8123_986", "stop_id": "S057", "cls": "pet_bottle", "cls_raw": "PET_Bottle", "x": 694059.6556124297, "y": 2345264.2905557235, "r95_m": 3.0, "n_views": 1, "area_m2": 0.6170777514783335, "length_m": 0.8136322021485386, "h_p90_m": 0.0, "volume_m3": 0.03702466508870001, "valid_3d": false, "buried_suspect": false, "weight_est_kg": 1.2218139479271004, "weight_lo_kg": 1.0181782899392504, "weight_hi_kg": 2.036356579878501, "weight_method": "2d:area×thick_range×rho", "crew": "1인", "tools": [], "weight_kg": null, "image": "molokai_1954_329_8123.jpg"}}, {"type": "Feature", "geometry": {"type": "Point", "coordinates": [-157.13210716733303, 21.1979347665377]}, "properties": {"item_id": "2163_7021_2682_987", "stop_id": "S058", "cls": "plastic_other", "cls_raw": "Plastic_ETC", "x": 693896.3403579461, "y": 2345197.0002748817, "r95_m": 3.0, "n_views": 1, "area_m2": 0.5845732654453777, "length_m": 0.9352514648438662, "h_p90_m": 0.0, "volume_m3": 0.01753719796336133, "valid_3d": false, "buried_suspect": false, "weight_est_kg": 1.4029758370689063, "weight_lo_kg": 0.9353172247126043, "weight_hi_kg": 4.6765861235630215, "weight_method": "2d:area×thick_range×rho", "crew": "1인", "tools": [], "weight_kg": null, "image": "molokai_2163_7021_2682.jpg"}}, {"type": "Feature", "geometry": {"type": "Point", "coordinates": [-157.13211901476993, 21.197895086941895]}, "properties": {"item_id": "2163_7021_2682_988", "stop_id": "S058", "cls": "plastic_other", "cls_raw": "Plastic_ETC", "x": 693895.1620196321, "y": 2345192.5924808276, "r95_m": 3.0, "n_views": 1, "area_m2": 3.636110385061214, "length_m": 3.580600585937945, "h_p90_m": 0.0, "volume_m3": 0.10908331155183641, "valid_3d": false, "buried_suspect": false, "weight_est_kg": 8.726664924146913, "weight_lo_kg": 5.817776616097943, "weight_hi_kg": 29.088883080489715, "weight_method": "2d:area×thick_range×rho", "crew": "2인", "tools": [], "weight_kg": null, "image": "molokai_2163_7021_2682.jpg"}}, {"type": "Feature", "geometry": {"type": "Point", "coordinates": [-157.13213597068454, 21.197929471930465]}, "properties": {"item_id": "2163_7021_2682_989", "stop_id": "S058", "cls": "plastic_other", "cls_raw": "Plastic_ETC", "x": 693893.3565553314, "y": 2345196.3787934114, "r95_m": 3.0, "n_views": 1, "area_m2": 0.24659265598511862, "length_m": 0.5146154785156889, "h_p90_m": 0.0, "volume_m3": 0.0073977796795535586, "valid_3d": false, "buried_suspect": false, "weight_est_kg": 0.5918223743642846, "weight_lo_kg": 0.3945482495761898, "weight_hi_kg": 1.9727412478809492, "weight_method": "2d:area×thick_range×rho", "crew": "1인", "tools": [], "weight_kg": null, "image": "molokai_2163_7021_2682.jpg"}}, {"type": "Feature", "geometry": {"type": "Point", "coordinates": [-157.13204623854628, 21.19798677293911]}, "properties": {"item_id": "2163_7021_2682_990", "stop_id": "S058", "cls": "pet_bottle", "cls_raw": "PET_Bottle", "x": 693902.5988238517, "y": 2345202.8329796325, "r95_m": 3.0, "n_views": 1, "area_m2": 0.199165485490163, "length_m": 0.6948146057129769, "h_p90_m": 0.0, "volume_m3": 0.01194992912940978, "valid_3d": false, "buried_suspect": false, "weight_est_kg": 0.39434766127052273, "weight_lo_kg": 0.32862305105876893, "weight_hi_kg": 0.6572461021175379, "weight_method": "2d:area×thick_range×rho", "crew": "1인", "tools": [], "weight_kg": null, "image": "molokai_2163_7021_2682.jpg"}}, {"type": "Feature", "geometry": {"type": "Point", "coordinates": [-157.1320590815261, 21.19788438753954]}, "properties": {"item_id": "2163_7021_2682_991", "stop_id": "S058", "cls": "plastic_other", "cls_raw": "Plastic_ETC", "x": 693901.3989919876, "y": 2345191.481237863, "r95_m": 3.0, "n_views": 1, "area_m2": 1.1043242291453244, "length_m": 1.1958398437501485, "h_p90_m": 0.0, "volume_m3": 0.03312972687435973, "valid_3d": false, "buried_suspect": false, "weight_est_kg": 2.650378149948778, "weight_lo_kg": 1.766918766632519, "weight_hi_kg": 8.834593833162595, "weight_method": "2d:area×thick_range×rho", "crew": "1인", "tools": [], "weight_kg": null, "image": "molokai_2163_7021_2682.jpg"}}, {"type": "Feature", "geometry": {"type": "Point", "coordinates": [-157.12281123696562, 21.196703125515146]}, "properties": {"item_id": "2166_10218_8963_996", "stop_id": "S059", "cls": "pet_bottle", "cls_raw": "PET_Bottle", "x": 694863.1752361917, "y": 2345072.044218891, "r95_m": 3.0, "n_views": 1, "area_m2": 0.36434137078532686, "length_m": 0.691789550781336, "h_p90_m": 0.0, "volume_m3": 0.02186048224711961, "valid_3d": false, "buried_suspect": false, "weight_est_kg": 0.7213959141549471, "weight_lo_kg": 0.6011632617957893, "weight_hi_kg": 1.2023265235915785, "weight_method": "2d:area×thick_range×rho", "crew": "1인", "tools": [], "weight_kg": null, "image": "molokai_2166_10218_8963.jpg"}}, {"type": "Feature", "geometry": {"type": "Point", "coordinates": [-157.1228607177387, 21.196692010384847]}, "properties": {"item_id": "2166_10218_8963_997", "stop_id": "S059", "cls": "eps_buoy", "cls_raw": "Styrofoam_Buoy", "x": 694858.0520592683, "y": 2345070.7526731733, "r95_m": 3.0, "n_views": 1, "area_m2": 0.756176806527564, "length_m": 0.8924548339844859, "h_p90_m": 0.0, "volume_m3": 0.2646618822846474, "valid_3d": false, "buried_suspect": false, "weight_est_kg": 6.616547057116184, "weight_lo_kg": 2.835663024478365, "weight_hi_kg": 7.561768065275641, "weight_method": "2d:area×thick_range×rho", "crew": "1인", "tools": [], "weight_kg": null, "image": "molokai_2166_10218_8963.jpg"}}, {"type": "Feature", "geometry": {"type": "Point", "coordinates": [-157.12285734987015, 21.196749132494915]}, "properties": {"item_id": "2166_10218_8963_998", "stop_id": "S059", "cls": "eps_fragment", "cls_raw": "Styrofoam_Piece", "x": 694858.3268097182, "y": 2345077.081347755, "r95_m": 3.0, "n_views": 1, "area_m2": 0.3027274004236616, "length_m": 0.5687231445313207, "h_p90_m": 0.0, "volume_m3": 0.009081822012709847, "valid_3d": false, "buried_suspect": false, "weight_est_kg": 0.18163644025419695, "weight_lo_kg": 0.12109096016946463, "weight_hi_kg": 0.6054548008473232, "weight_method": "2d:area×thick_range×rho", "crew": "1인", "tools": [], "weight_kg": null, "image": "molokai_2166_10218_8963.jpg"}}, {"type": "Feature", "geometry": {"type": "Point", "coordinates": [-157.12287809429458, 21.19673098166296]}, "properties": {"item_id": "2166_10218_8963_999", "stop_id": "S059", "cls": "plastic_buoy", "cls_raw": "Plastic_Buoy", "x": 694856.1966593477, "y": 2345075.046172162, "r95_m": 3.0, "n_views": 1, "area_m2": 0.37674629426868683, "length_m": 0.6707952880860208, "h_p90_m": 0.0, "volume_m3": 0.11302388828060604, "valid_3d": false, "buried_suspect": false, "weight_est_kg": 6.781433296836362, "weight_lo_kg": 3.390716648418181, "weight_hi_kg": 9.041911062448484, "weight_method": "2d:area×thick_range×rho", "crew": "1인", "tools": [], "weight_kg": null, "image": "molokai_2166_10218_8963.jpg"}}, {"type": "Feature", "geometry": {"type": "Point", "coordinates": [-157.12284050094797, 21.196643844168836]}, "properties": {"item_id": "2166_10218_8963_1000", "stop_id": "S059", "cls": "eps_buoy", "cls_raw": "Styrofoam_Buoy", "x": 694860.2144358901, "y": 2345065.444610333, "r95_m": 3.0, "n_views": 1, "area_m2": 1.119454913878719, "length_m": 1.1561840820313936, "h_p90_m": 0.0, "volume_m3": 0.3918092198575517, "valid_3d": false, "buried_suspect": false, "weight_est_kg": 9.795230496438792, "weight_lo_kg": 4.1979559270451965, "weight_hi_kg": 11.194549138787192, "weight_method": "2d:area×thick_range×rho", "crew": "1인", "tools": [], "weight_kg": null, "image": "molokai_2166_10218_8963.jpg"}}, {"type": "Feature", "geometry": {"type": "Point", "coordinates": [-157.12281733000424, 21.19673017936529]}, "properties": {"item_id": "2166_10218_8963_1001", "stop_id": "S059", "cls": "plastic_other", "cls_raw": "Plastic_ETC", "x": 694862.5070780747, "y": 2345075.0321099493, "r95_m": 3.0, "n_views": 1, "area_m2": 2.864805808833953, "length_m": 2.7299829101565893, "h_p90_m": 0.0, "volume_m3": 0.08594417426501859, "valid_3d": false, "buried_suspect": false, "weight_est_kg": 6.875533941201487, "weight_lo_kg": 4.5836892941343255, "weight_hi_kg": 22.918446470671626, "weight_method": "2d:area×thick_range×rho", "crew": "1인", "tools": [], "weight_kg": null, "image": "molokai_2166_10218_8963.jpg"}}, {"type": "Feature", "geometry": {"type": "Point", "coordinates": [-157.12289630429876, 21.196695714597936]}, "properties": {"item_id": "2166_10218_8963_1002", "stop_id": "S059", "cls": "eps_fragment", "cls_raw": "Styrofoam_Piece", "x": 694854.3521229482, "y": 2345071.1190148257, "r95_m": 3.0, "n_views": 1, "area_m2": 0.8874465095235378, "length_m": 0.949985351562618, "h_p90_m": 0.0, "volume_m3": 0.026623395285706133, "valid_3d": false, "buried_suspect": false, "weight_est_kg": 0.5324679057141226, "weight_lo_kg": 0.35497860380941515, "weight_hi_kg": 1.7748930190470757, "weight_method": "2d:area×thick_range×rho", "crew": "1인", "tools": [], "weight_kg": null, "image": "molokai_2166_10218_8963.jpg"}}, {"type": "Feature", "geometry": {"type": "Point", "coordinates": [-157.1179318355915, 21.196546489077168]}, "properties": {"item_id": "2168_5695_7279_1009", "stop_id": "S060", "cls": "eps_buoy", "cls_raw": "Styrofoam_Buoy", "x": 695370.0270097917, "y": 2345060.713290264, "r95_m": 3.0, "n_views": 1, "area_m2": 0.9858063334527081, "length_m": 0.9929638671876233, "h_p90_m": 0.0, "volume_m3": 0.3450322167084478, "valid_3d": false, "buried_suspect": false, "weight_est_kg": 8.625805417711195, "weight_lo_kg": 3.696773750447655, "weight_hi_kg": 9.858063334527081, "weight_method": "2d:area×thick_range×rho", "crew": "1인", "tools": [], "weight_kg": null, "image": "molokai_2168_5695_7279.jpg"}}, {"type": "Feature", "geometry": {"type": "Point", "coordinates": [-157.11792144674166, 21.196516890561742]}, "properties": {"item_id": "2168_5695_7279_1010", "stop_id": "S060", "cls": "net", "cls_raw": "Net", "x": 695371.1446602058, "y": 2345057.4489675546, "r95_m": 3.0, "n_views": 1, "area_m2": 0.15171539479497864, "length_m": 0.41799316406255194, "h_p90_m": 0.0, "volume_m3": 0.018205847375397436, "valid_3d": false, "buried_suspect": false, "weight_est_kg": 2.7308771063096153, "weight_lo_kg": 1.1378654609623398, "weight_hi_kg": 6.827192765774038, "weight_method": "2d:area×thick_range×rho", "crew": "1인", "tools": ["절단기"], "weight_kg": null, "image": "molokai_2168_5695_7279.jpg"}}, {"type": "Feature", "geometry": {"type": "Point", "coordinates": [-157.11796034820867, 21.196548223356718]}, "properties": {"item_id": "2168_5695_7279_1011", "stop_id": "S060", "cls": "eps_buoy", "cls_raw": "Styrofoam_Buoy", "x": 695367.0641550617, "y": 2345060.8701341804, "r95_m": 3.0, "n_views": 1, "area_m2": 0.4003383828402561, "length_m": 0.6555053710938314, "h_p90_m": 0.0, "volume_m3": 0.14011843399408963, "valid_3d": false, "buried_suspect": false, "weight_est_kg": 3.502960849852241, "weight_lo_kg": 1.5012689356509603, "weight_hi_kg": 4.003383828402561, "weight_method": "2d:area×thick_range×rho", "crew": "1인", "tools": [], "weight_kg": null, "image": "molokai_2168_5695_7279.jpg"}}, {"type": "Feature", "geometry": {"type": "Point", "coordinates": [-157.11797193434433, 21.19654984770062]}, "properties": {"item_id": "2168_5695_7279_1012", "stop_id": "S061", "cls": "eps_fragment", "cls_raw": "Styrofoam_Piece", "x": 695365.8589858538, "y": 2345061.035687813, "r95_m": 3.0, "n_views": 1, "area_m2": 0.3821836081144418, "length_m": 0.652491455078206, "h_p90_m": 0.0, "volume_m3": 0.011465508243433254, "valid_3d": false, "buried_suspect": false, "weight_est_kg": 0.22931016486866507, "weight_lo_kg": 0.15287344324577673, "weight_hi_kg": 0.7643672162288837, "weight_method": "2d:area×thick_range×rho", "crew": "1인", "tools": [], "weight_kg": null, "image": "molokai_2168_5695_7279.jpg"}}, {"type": "Feature", "geometry": {"type": "Point", "coordinates": [-157.11793283207456, 21.196539622746833]}, "properties": {"item_id": "2168_5695_7279_1013", "stop_id": "S060", "cls": "plastic_buoy", "cls_raw": "Plastic_Buoy", "x": 695369.9325737345, "y": 2345059.951822791, "r95_m": 3.0, "n_views": 1, "area_m2": 0.1241439194709371, "length_m": 0.35607666015629424, "h_p90_m": 0.0, "volume_m3": 0.03724317584128113, "valid_3d": false, "buried_suspect": false, "weight_est_kg": 2.234590550476868, "weight_lo_kg": 1.117295275238434, "weight_hi_kg": 2.9794540673024907, "weight_method": "2d:area×thick_range×rho", "crew": "1인", "tools": [], "weight_kg": null, "image": "molokai_2168_5695_7279.jpg"}}, {"type": "Feature", "geometry": {"type": "Point", "coordinates": [-157.11788314315547, 21.19657518062179]}, "properties": {"item_id": "2168_5695_7279_1014", "stop_id": "S060", "cls": "plastic_buoy", "cls_raw": "Plastic_Buoy", "x": 695375.0451860827, "y": 2345063.950081365, "r95_m": 3.0, "n_views": 1, "area_m2": 0.22750470783120083, "length_m": 0.481113586425841, "h_p90_m": 0.0, "volume_m3": 0.06825141234936025, "valid_3d": false, "buried_suspect": false, "weight_est_kg": 4.095084740961615, "weight_lo_kg": 2.0475423704808073, "weight_hi_kg": 5.46011298794882, "weight_method": "2d:area×thick_range×rho", "crew": "1인", "tools": [], "weight_kg": null, "image": "molokai_2168_5695_7279.jpg"}}, {"type": "Feature", "geometry": {"type": "Point", "coordinates": [-157.11793184869063, 21.196546371254176]}, "properties": {"item_id": "2168_5865_7641_1024", "stop_id": "S060", "cls": "eps_buoy", "cls_raw": "Styrofoam_Buoy", "x": 695370.0258046516, "y": 2345060.7002287754, "r95_m": 3.0, "n_views": 1, "area_m2": 0.9704299912042068, "length_m": 0.9947791290284439, "h_p90_m": 0.0, "volume_m3": 0.33965049692147237, "valid_3d": false, "buried_suspect": false, "weight_est_kg": 8.49126242303681, "weight_lo_kg": 3.6391124670157753, "weight_hi_kg": 9.70429991204207, "weight_method": "2d:area×thick_range×rho", "crew": "1인", "tools": [], "weight_kg": null, "image": "molokai_2168_5865_7641.jpg"}}, {"type": "Feature", "geometry": {"type": "Point", "coordinates": [-157.11796014046288, 21.19654817187181]}, "properties": {"item_id": "2168_5865_7641_1025", "stop_id": "S060", "cls": "eps_buoy", "cls_raw": "Styrofoam_Buoy", "x": 695367.0857938227, "y": 2345060.8646900738, "r95_m": 3.0, "n_views": 1, "area_m2": 0.3427690797079624, "length_m": 0.6556575012207846, "h_p90_m": 0.0, "volume_m3": 0.11996917789778683, "valid_3d": false, "buried_suspect": false, "weight_est_kg": 2.999229447444671, "weight_lo_kg": 1.285384048904859, "weight_hi_kg": 3.4276907970796238, "weight_method": "2d:area×thick_range×rho", "crew": "1인", "tools": [], "weight_kg": null, "image": "molokai_2168_5865_7641.jpg"}}, {"type": "Feature", "geometry": {"type": "Point", "coordinates": [-157.11790407490045, 21.196467597692212]}, "properties": {"item_id": "2168_5865_7641_1026", "stop_id": "S060", "cls": "net", "cls_raw": "Net", "x": 695373.013289804, "y": 2345052.0127064437, "r95_m": 3.0, "n_views": 1, "area_m2": 0.18742706099753267, "length_m": 0.5090283203125633, "h_p90_m": 0.0, "volume_m3": 0.02249124731970392, "valid_3d": false, "buried_suspect": false, "weight_est_kg": 3.373687097955588, "weight_lo_kg": 1.4057029574814952, "weight_hi_kg": 8.43421774488897, "weight_method": "2d:area×thick_range×rho", "crew": "1인", "tools": ["절단기"], "weight_kg": null, "image": "molokai_2168_5865_7641.jpg"}}, {"type": "Feature", "geometry": {"type": "Point", "coordinates": [-157.11784495839368, 21.196467637539154]}, "properties": {"item_id": "2168_5865_7641_1027", "stop_id": "S060", "cls": "plastic_other", "cls_raw": "Plastic_ETC", "x": 695379.151532276, "y": 2345052.090050808, "r95_m": 3.0, "n_views": 1, "area_m2": 0.6467470879437146, "length_m": 0.9212207031251144, "h_p90_m": 0.0, "volume_m3": 0.019402412638311436, "valid_3d": false, "buried_suspect": false, "weight_est_kg": 1.552193011064915, "weight_lo_kg": 1.0347953407099433, "weight_hi_kg": 5.173976703549718, "weight_method": "2d:area×thick_range×rho", "crew": "1인", "tools": [], "weight_kg": null, "image": "molokai_2168_5865_7641.jpg"}}, {"type": "Feature", "geometry": {"type": "Point", "coordinates": [-157.11792140580687, 21.196516816733148]}, "properties": {"item_id": "2168_5865_7641_1028", "stop_id": "S060", "cls": "net", "cls_raw": "Net", "x": 695371.1490077443, "y": 2345057.440843774, "r95_m": 3.0, "n_views": 1, "area_m2": 0.12478591241839648, "length_m": 0.37806640625004695, "h_p90_m": 0.0, "volume_m3": 0.014974309490207578, "valid_3d": false, "buried_suspect": false, "weight_est_kg": 2.246146423531137, "weight_lo_kg": 0.9358943431379737, "weight_hi_kg": 5.615366058827841, "weight_method": "2d:area×thick_range×rho", "crew": "1인", "tools": ["절단기"], "weight_kg": null, "image": "molokai_2168_5865_7641.jpg"}}, {"type": "Feature", "geometry": {"type": "Point", "coordinates": [-157.11793008876887, 21.196514655687206]}, "properties": {"item_id": "2168_5865_7641_1029", "stop_id": "S060", "cls": "plastic_buoy", "cls_raw": "Plastic_Buoy", "x": 695370.2502654574, "y": 2345057.190861414, "r95_m": 3.0, "n_views": 1, "area_m2": 0.1854917616546615, "length_m": 0.4443176269531802, "h_p90_m": 0.0, "volume_m3": 0.055647528496398445, "valid_3d": false, "buried_suspect": false, "weight_est_kg": 3.3388517097839068, "weight_lo_kg": 1.6694258548919534, "weight_hi_kg": 4.451802279711877, "weight_method": "2d:area×thick_range×rho", "crew": "1인", "tools": [], "weight_kg": null, "image": "molokai_2168_5865_7641.jpg"}}, {"type": "Feature", "geometry": {"type": "Point", "coordinates": [-157.11793285095237, 21.19653957889371]}, "properties": {"item_id": "2168_5865_7641_1030", "stop_id": "S060", "cls": "plastic_buoy", "cls_raw": "Plastic_Buoy", "x": 695369.9306712676, "y": 2345059.9469440966, "r95_m": 3.0, "n_views": 1, "area_m2": 0.12544363033960895, "length_m": 0.3668484497070768, "h_p90_m": 0.0, "volume_m3": 0.037633089101882684, "valid_3d": false, "buried_suspect": false, "weight_est_kg": 2.257985346112961, "weight_lo_kg": 1.1289926730564805, "weight_hi_kg": 3.010647128150615, "weight_method": "2d:area×thick_range×rho", "crew": "1인", "tools": [], "weight_kg": null, "image": "molokai_2168_5865_7641.jpg"}}, {"type": "Feature", "geometry": {"type": "Point", "coordinates": [-157.11780503163834, 21.196567230143096]}, "properties": {"item_id": "2168_6362_7264_1035", "stop_id": "S060", "cls": "plastic_buoy", "cls_raw": "Plastic_Buoy", "x": 695383.1662598528, "y": 2345063.166175361, "r95_m": 3.0, "n_views": 1, "area_m2": 0.16339057256285436, "length_m": 0.4287438964844283, "h_p90_m": 0.0, "volume_m3": 0.0490171717688563, "valid_3d": false, "buried_suspect": false, "weight_est_kg": 2.941030306131378, "weight_lo_kg": 1.470515153065689, "weight_hi_kg": 3.9213737415085053, "weight_method": "2d:area×thick_range×rho", "crew": "1인", "tools": [], "weight_kg": null, "image": "molokai_2168_6362_7264.jpg"}}, {"type": "Feature", "geometry": {"type": "Point", "coordinates": [-157.11782330575173, 21.19653814540987]}, "properties": {"item_id": "2168_6362_7264_1036", "stop_id": "S060", "cls": "plastic_buoy", "cls_raw": "Plastic_Buoy", "x": 695381.3070522345, "y": 2345059.923376102, "r95_m": 3.0, "n_views": 1, "area_m2": 0.2476876786709447, "length_m": 0.5076806640625631, "h_p90_m": 0.0, "volume_m3": 0.07430630360128342, "valid_3d": false, "buried_suspect": false, "weight_est_kg": 4.458378216077005, "weight_lo_kg": 2.2291891080385025, "weight_hi_kg": 5.9445042881026735, "weight_method": "2d:area×thick_range×rho", "crew": "1인", "tools": [], "weight_kg": null, "image": "molokai_2168_6362_7264.jpg"}}, {"type": "Feature", "geometry": {"type": "Point", "coordinates": [-157.11778336283527, 21.196599441078785]}, "properties": {"item_id": "2168_6362_7264_1037", "stop_id": "S060", "cls": "rope", "cls_raw": "Rope", "x": 695385.3738373078, "y": 2345066.7592954454, "r95_m": 3.0, "n_views": 1, "area_m2": 1.3755920760828693, "length_m": 1.3478833007814175, "h_p90_m": 0.0, "volume_m3": 0.041267762282486076, "valid_3d": false, "buried_suspect": false, "weight_est_kg": 16.50710491299443, "weight_lo_kg": 11.004736608662954, "weight_hi_kg": 27.511841521657388, "weight_method": "2d:area×thick_range×rho", "crew": "2인", "tools": ["절단기"], "weight_kg": null, "image": "molokai_2168_6362_7264.jpg"}}, {"type": "Feature", "geometry": {"type": "Point", "coordinates": [-157.08229713681487, 21.190769828477194]}, "properties": {"item_id": "2600_11335_9423_1038", "stop_id": "S062", "cls": "plastic_buoy", "cls_raw": "Plastic_Buoy", "x": 699077.883665231, "y": 2344465.491903995, "r95_m": 3.0, "n_views": 1, "area_m2": 0.1273822065942306, "length_m": 0.3581851196289507, "h_p90_m": 0.0, "volume_m3": 0.03821466197826918, "valid_3d": false, "buried_suspect": false, "weight_est_kg": 2.2928797186961507, "weight_lo_kg": 1.1464398593480754, "weight_hi_kg": 3.0571729582615346, "weight_method": "2d:area×thick_range×rho", "crew": "1인", "tools": [], "weight_kg": null, "image": "molokai_2600_11335_9423.jpg"}}, {"type": "Feature", "geometry": {"type": "Point", "coordinates": [-157.08226884785887, 21.190704822210375]}, "properties": {"item_id": "2600_11335_9423_1039", "stop_id": "S062", "cls": "net", "cls_raw": "Net", "x": 699080.908289522, "y": 2344458.329876157, "r95_m": 3.0, "n_views": 1, "area_m2": 0.22091414135998017, "length_m": 0.6083959960938256, "h_p90_m": 0.0, "volume_m3": 0.026509696963197618, "valid_3d": false, "buried_suspect": false, "weight_est_kg": 3.9764545444796426, "weight_lo_kg": 1.6568560601998514, "weight_hi_kg": 9.941136361199108, "weight_method": "2d:area×thick_range×rho", "crew": "1인", "tools": ["절단기"], "weight_kg": null, "image": "molokai_2600_11335_9423.jpg"}}, {"type": "Feature", "geometry": {"type": "Point", "coordinates": [-157.08224523655392, 21.190746522701463]}, "properties": {"item_id": "2600_11335_9423_1040", "stop_id": "S062", "cls": "plastic_buoy", "cls_raw": "Plastic_Buoy", "x": 699083.30419161, "y": 2344462.9766857713, "r95_m": 3.0, "n_views": 1, "area_m2": 0.11874189733865827, "length_m": 0.38940185546879835, "h_p90_m": 0.0, "volume_m3": 0.03562256920159748, "valid_3d": false, "buried_suspect": false, "weight_est_kg": 2.137354152095849, "weight_lo_kg": 1.0686770760479245, "weight_hi_kg": 2.8498055361277985, "weight_method": "2d:area×thick_range×rho", "crew": "1인", "tools": [], "weight_kg": null, "image": "molokai_2600_11335_9423.jpg"}}, {"type": "Feature", "geometry": {"type": "Point", "coordinates": [-157.08226294266825, 21.190761251300362]}, "properties": {"item_id": "2600_11335_9423_1041", "stop_id": "S062", "cls": "plastic_other", "cls_raw": "Plastic_ETC", "x": 699081.4458604698, "y": 2344464.5852027126, "r95_m": 3.0, "n_views": 1, "area_m2": 0.6263541019411452, "length_m": 0.8117822265626008, "h_p90_m": 0.0, "volume_m3": 0.018790623058234354, "valid_3d": false, "buried_suspect": false, "weight_est_kg": 1.5032498446587483, "weight_lo_kg": 1.0021665631058323, "weight_hi_kg": 5.010832815529161, "weight_method": "2d:area×thick_range×rho", "crew": "1인", "tools": [], "weight_kg": null, "image": "molokai_2600_11335_9423.jpg"}}, {"type": "Feature", "geometry": {"type": "Point", "coordinates": [-157.07939376021915, 21.189835209088262]}, "properties": {"item_id": "2601_11355_12582_1046", "stop_id": "S063", "cls": "net", "cls_raw": "Net", "x": 699380.6231828523, "y": 2344365.6611672724, "r95_m": 3.0, "n_views": 1, "area_m2": 0.15078770682070425, "length_m": 0.40587524414067544, "h_p90_m": 0.0, "volume_m3": 0.01809452481848451, "valid_3d": false, "buried_suspect": false, "weight_est_kg": 2.7141787227726764, "weight_lo_kg": 1.130907801155282, "weight_hi_kg": 6.785446806931691, "weight_method": "2d:area×thick_range×rho", "crew": "1인", "tools": ["절단기"], "weight_kg": null, "image": "molokai_2601_11355_12582.jpg"}}, {"type": "Feature", "geometry": {"type": "Point", "coordinates": [-157.07942218749284, 21.189830622264655]}, "properties": {"item_id": "2601_11355_12582_1047", "stop_id": "S063", "cls": "net", "cls_raw": "Net", "x": 699377.6774442106, "y": 2344365.117527619, "r95_m": 3.0, "n_views": 1, "area_m2": 0.2283735183399738, "length_m": 0.4960153198242804, "h_p90_m": 0.0, "volume_m3": 0.027404822200796854, "valid_3d": false, "buried_suspect": false, "weight_est_kg": 4.110723330119528, "weight_lo_kg": 1.7128013875498036, "weight_hi_kg": 10.27680832529882, "weight_method": "2d:area×thick_range×rho", "crew": "1인", "tools": ["절단기"], "weight_kg": null, "image": "molokai_2601_11355_12582.jpg"}}, {"type": "Feature", "geometry": {"type": "Point", "coordinates": [-157.07943055307493, 21.18982758211744]}, "properties": {"item_id": "2601_11355_12582_1048", "stop_id": "S063", "cls": "net", "cls_raw": "Net", "x": 699376.8128402899, "y": 2344364.770388864, "r95_m": 3.0, "n_views": 1, "area_m2": 0.16385354534494107, "length_m": 0.4501879882813059, "h_p90_m": 0.0, "volume_m3": 0.019662425441392926, "valid_3d": false, "buried_suspect": false, "weight_est_kg": 2.949363816208939, "weight_lo_kg": 1.228901590087058, "weight_hi_kg": 7.373409540522348, "weight_method": "2d:area×thick_range×rho", "crew": "1인", "tools": ["절단기"], "weight_kg": null, "image": "molokai_2601_11355_12582.jpg"}}, {"type": "Feature", "geometry": {"type": "Point", "coordinates": [-157.07936352177938, 21.189842043732003]}, "properties": {"item_id": "2601_11355_12582_1049", "stop_id": "S063", "cls": "net", "cls_raw": "Net", "x": 699383.753976469, "y": 2344366.455969097, "r95_m": 3.0, "n_views": 1, "area_m2": 0.23188199525779285, "length_m": 0.48256591796880993, "h_p90_m": 0.0, "volume_m3": 0.02782583943093514, "valid_3d": false, "buried_suspect": false, "weight_est_kg": 4.173875914640271, "weight_lo_kg": 1.7391149644334465, "weight_hi_kg": 10.434689786600677, "weight_method": "2d:area×thick_range×rho", "crew": "1인", "tools": ["절단기"], "weight_kg": null, "image": "molokai_2601_11355_12582.jpg"}}, {"type": "Feature", "geometry": {"type": "Point", "coordinates": [-157.07933771589765, 21.189840559054346]}, "properties": {"item_id": "2601_11355_12582_1050", "stop_id": "S063", "cls": "net", "cls_raw": "Net", "x": 699386.4356574259, "y": 2344366.3240647633, "r95_m": 3.0, "n_views": 1, "area_m2": 0.22529926879709594, "length_m": 0.47597045898443413, "h_p90_m": 0.0, "volume_m3": 0.027035912255651513, "valid_3d": false, "buried_suspect": false, "weight_est_kg": 4.055386838347727, "weight_lo_kg": 1.6897445159782196, "weight_hi_kg": 10.138467095869316, "weight_method": "2d:area×thick_range×rho", "crew": "1인", "tools": ["절단기"], "weight_kg": null, "image": "molokai_2601_11355_12582.jpg"}}, {"type": "Feature", "geometry": {"type": "Point", "coordinates": [-157.07938009173319, 21.189850443787023]}, "properties": {"item_id": "2601_11355_12582_1051", "stop_id": "S063", "cls": "plastic_other", "cls_raw": "Plastic_ETC", "x": 699382.0220754128, "y": 2344367.3651795313, "r95_m": 3.0, "n_views": 1, "area_m2": 0.1893408307001465, "length_m": 0.4630407714844325, "h_p90_m": 0.0, "volume_m3": 0.005680224921004395, "valid_3d": false, "buried_suspect": false, "weight_est_kg": 0.45441799368035163, "weight_lo_kg": 0.3029453291202344, "weight_hi_kg": 1.514726645601172, "weight_method": "2d:area×thick_range×rho", "crew": "1인", "tools": [], "weight_kg": null, "image": "molokai_2601_11355_12582.jpg"}}, {"type": "Feature", "geometry": {"type": "Point", "coordinates": [-156.95012084546056, 21.189723677078284]}, "properties": {"item_id": "2646_7450_6455_1054", "stop_id": "S064", "cls": "eps_buoy", "cls_raw": "Styrofoam_Buoy", "x": 712804.8969575586, "y": 2344521.5063061537, "r95_m": 3.0, "n_views": 1, "area_m2": 1.0511324302199114, "length_m": 1.0561242675782563, "h_p90_m": 0.0, "volume_m3": 0.36789635057696896, "valid_3d": false, "buried_suspect": false, "weight_est_kg": 9.197408764424225, "weight_lo_kg": 3.9417466133246677, "weight_hi_kg": 10.511324302199116, "weight_method": "2d:area×thick_range×rho", "crew": "1인", "tools": [], "weight_kg": null, "image": "molokai_2646_7450_6455.jpg"}}, {"type": "Feature", "geometry": {"type": "Point", "coordinates": [-156.95016190534122, 21.18973709410912]}, "properties": {"item_id": "2646_7450_6455_1055", "stop_id": "S064", "cls": "eps_fragment", "cls_raw": "Styrofoam_Piece", "x": 712800.6138193017, "y": 2344522.936781982, "r95_m": 3.0, "n_views": 1, "area_m2": 0.19242702333931938, "length_m": 0.45445068359380647, "h_p90_m": 0.0, "volume_m3": 0.005772810700179582, "valid_3d": false, "buried_suspect": false, "weight_est_kg": 0.11545621400359163, "weight_lo_kg": 0.07697080933572775, "weight_hi_kg": 0.38485404667863876, "weight_method": "2d:area×thick_range×rho", "crew": "1인", "tools": [], "weight_kg": null, "image": "molokai_2646_7450_6455.jpg"}}, {"type": "Feature", "geometry": {"type": "Point", "coordinates": [-156.95015723672154, 21.18971883716843]}, "properties": {"item_id": "2646_7450_6455_1056", "stop_id": "S064", "cls": "eps_fragment", "cls_raw": "Styrofoam_Piece", "x": 712801.1247917124, "y": 2344520.9215013315, "r95_m": 3.0, "n_views": 1, "area_m2": 0.3506052177586533, "length_m": 0.736592407226654, "h_p90_m": 0.0, "volume_m3": 0.010518156532759598, "valid_3d": false, "buried_suspect": false, "weight_est_kg": 0.21036313065519197, "weight_lo_kg": 0.1402420871034613, "weight_hi_kg": 0.7012104355173066, "weight_method": "2d:area×thick_range×rho", "crew": "1인", "tools": [], "weight_kg": null, "image": "molokai_2646_7450_6455.jpg"}}, {"type": "Feature", "geometry": {"type": "Point", "coordinates": [-156.95013893074267, 21.18969790444479]}, "properties": {"item_id": "2646_7450_6455_1057", "stop_id": "S064", "cls": "eps_fragment", "cls_raw": "Styrofoam_Piece", "x": 712803.0557873565, "y": 2344518.628258573, "r95_m": 3.0, "n_views": 1, "area_m2": 0.5439800056458871, "length_m": 0.7378125000000917, "h_p90_m": 0.0, "volume_m3": 0.01631940016937661, "valid_3d": false, "buried_suspect": false, "weight_est_kg": 0.3263880033875322, "weight_lo_kg": 0.21759200225835484, "weight_hi_kg": 1.0879600112917742, "weight_method": "2d:area×thick_range×rho", "crew": "1인", "tools": [], "weight_kg": null, "image": "molokai_2646_7450_6455.jpg"}}, {"type": "Feature", "geometry": {"type": "Point", "coordinates": [-156.95014966982365, 21.18972270314352]}, "properties": {"item_id": "2646_7450_6455_1058", "stop_id": "S064", "cls": "eps_fragment", "cls_raw": "Styrofoam_Piece", "x": 712801.9050482492, "y": 2344521.3597387415, "r95_m": 3.0, "n_views": 1, "area_m2": 0.0912665755152929, "length_m": 0.31989379882816477, "h_p90_m": 0.0, "volume_m3": 0.0027379972654587867, "valid_3d": false, "buried_suspect": false, "weight_est_kg": 0.05475994530917573, "weight_lo_kg": 0.036506630206117156, "weight_hi_kg": 0.1825331510305858, "weight_method": "2d:area×thick_range×rho", "crew": "1인", "tools": [], "weight_kg": null, "image": "molokai_2646_7450_6455.jpg"}}, {"type": "Feature", "geometry": {"type": "Point", "coordinates": [-156.9500662093679, 21.189737453425888]}, "properties": {"item_id": "2646_7450_6455_1059", "stop_id": "S064", "cls": "eps_fragment", "cls_raw": "Styrofoam_Piece", "x": 712810.5509799476, "y": 2344523.1051377123, "r95_m": 3.0, "n_views": 1, "area_m2": 0.14022364339831975, "length_m": 0.4000195312500497, "h_p90_m": 0.0, "volume_m3": 0.004206709301949592, "valid_3d": false, "buried_suspect": false, "weight_est_kg": 0.08413418603899185, "weight_lo_kg": 0.0560894573593279, "weight_hi_kg": 0.2804472867966395, "weight_method": "2d:area×thick_range×rho", "crew": "1인", "tools": [], "weight_kg": null, "image": "molokai_2646_7450_6455.jpg"}}, {"type": "Feature", "geometry": {"type": "Point", "coordinates": [-156.95010955526783, 21.189747647004957]}, "properties": {"item_id": "2646_7450_6455_1060", "stop_id": "S064", "cls": "plastic_buoy", "cls_raw": "Plastic_Buoy", "x": 712806.035064533, "y": 2344524.1756146722, "r95_m": 3.0, "n_views": 1, "area_m2": 0.4429334313512949, "length_m": 0.6937719726563362, "h_p90_m": 0.0, "volume_m3": 0.13288002940538848, "valid_3d": false, "buried_suspect": false, "weight_est_kg": 7.972801764323309, "weight_lo_kg": 3.9864008821616546, "weight_hi_kg": 10.63040235243108, "weight_method": "2d:area×thick_range×rho", "crew": "1인", "tools": [], "weight_kg": null, "image": "molokai_2646_7450_6455.jpg"}}, {"type": "Feature", "geometry": {"type": "Point", "coordinates": [-156.95012285556078, 21.18968439029477]}, "properties": {"item_id": "2646_7450_6455_1061", "stop_id": "S064", "cls": "plastic_other", "cls_raw": "Plastic_ETC", "x": 712804.7444959601, "y": 2344517.1534620626, "r95_m": 3.0, "n_views": 1, "area_m2": 0.5566320089878035, "length_m": 0.8701806640626081, "h_p90_m": 0.0, "volume_m3": 0.016698960269634106, "valid_3d": false, "buried_suspect": false, "weight_est_kg": 1.3359168215707284, "weight_lo_kg": 0.8906112143804856, "weight_hi_kg": 4.453056071902428, "weight_method": "2d:area×thick_range×rho", "crew": "1인", "tools": [], "weight_kg": null, "image": "molokai_2646_7450_6455.jpg"}}, {"type": "Feature", "geometry": {"type": "Point", "coordinates": [-156.95006173108885, 21.189738086700867]}, "properties": {"item_id": "2646_7450_6455_1062", "stop_id": "S064", "cls": "eps_fragment", "cls_raw": "Styrofoam_Piece", "x": 712811.0151255676, "y": 2344523.1812757296, "r95_m": 3.0, "n_views": 1, "area_m2": 0.2728508314490996, "length_m": 0.5833007812500725, "h_p90_m": 0.0, "volume_m3": 0.008185524943472989, "valid_3d": false, "buried_suspect": false, "weight_est_kg": 0.16371049886945976, "weight_lo_kg": 0.10914033257963986, "weight_hi_kg": 0.5457016628981992, "weight_method": "2d:area×thick_range×rho", "crew": "1인", "tools": [], "weight_kg": null, "image": "molokai_2646_7450_6455.jpg"}}, {"type": "Feature", "geometry": {"type": "Point", "coordinates": [-156.95006062140507, 21.189734650012497]}, "properties": {"item_id": "2646_7450_6455_1063", "stop_id": "S064", "cls": "eps_buoy", "cls_raw": "Styrofoam_Buoy", "x": 712811.1352855095, "y": 2344522.802229311, "r95_m": 3.0, "n_views": 1, "area_m2": 0.24443628640478962, "length_m": 0.636356201171954, "h_p90_m": 0.0, "volume_m3": 0.08555270024167637, "valid_3d": false, "buried_suspect": false, "weight_est_kg": 2.1388175060419092, "weight_lo_kg": 0.9166360740179611, "weight_hi_kg": 2.4443628640478963, "weight_method": "2d:area×thick_range×rho", "crew": "1인", "tools": [], "weight_kg": null, "image": "molokai_2646_7450_6455.jpg"}}, {"type": "Feature", "geometry": {"type": "Point", "coordinates": [-156.95006554791186, 21.18973090986271]}, "properties": {"item_id": "2646_7450_6455_1064", "stop_id": "S064", "cls": "pet_bottle", "cls_raw": "PET_Bottle", "x": 712810.6290439273, "y": 2344522.3814713047, "r95_m": 3.0, "n_views": 1, "area_m2": 1.073058334985642, "length_m": 1.0940332031251359, "h_p90_m": 0.0, "volume_m3": 0.06438350009913851, "valid_3d": false, "buried_suspect": false, "weight_est_kg": 2.124655503271571, "weight_lo_kg": 1.7705462527263094, "weight_hi_kg": 3.5410925054526188, "weight_method": "2d:area×thick_range×rho", "crew": "1인", "tools": [], "weight_kg": null, "image": "molokai_2646_7450_6455.jpg"}}, {"type": "Feature", "geometry": {"type": "Point", "coordinates": [-156.94916229410558, 21.188035809040198]}, "properties": {"item_id": "2856_8318_734_1068", "stop_id": "S065", "cls": "eps_fragment", "cls_raw": "Styrofoam_Piece", "x": 712906.8580124157, "y": 2344335.9002639595, "r95_m": 3.0, "n_views": 1, "area_m2": 0.4185214688257106, "length_m": 0.6522888183594313, "h_p90_m": 0.0, "volume_m3": 0.012555644064771318, "valid_3d": false, "buried_suspect": false, "weight_est_kg": 0.25111288129542636, "weight_lo_kg": 0.16740858753028426, "weight_hi_kg": 0.8370429376514212, "weight_method": "2d:area×thick_range×rho", "crew": "1인", "tools": [], "weight_kg": null, "image": "molokai_2856_8318_734.jpg"}}, {"type": "Feature", "geometry": {"type": "Point", "coordinates": [-156.9491294435147, 21.187995029716898]}, "properties": {"item_id": "2856_8318_734_1069", "stop_id": "S065", "cls": "eps_fragment", "cls_raw": "Styrofoam_Piece", "x": 712910.3279082796, "y": 2344331.4290067446, "r95_m": 3.0, "n_views": 1, "area_m2": 0.42707553558356987, "length_m": 0.6571972656250568, "h_p90_m": 0.0, "volume_m3": 0.012812266067507095, "valid_3d": false, "buried_suspect": false, "weight_est_kg": 0.2562453213501419, "weight_lo_kg": 0.17083021423342795, "weight_hi_kg": 0.8541510711671397, "weight_method": "2d:area×thick_range×rho", "crew": "1인", "tools": [], "weight_kg": null, "image": "molokai_2856_8318_734.jpg"}}, {"type": "Feature", "geometry": {"type": "Point", "coordinates": [-156.94917642329037, 21.188027655535546]}, "properties": {"item_id": "2856_8318_734_1070", "stop_id": "S065", "cls": "plastic_buoy", "cls_raw": "Plastic_Buoy", "x": 712905.402415746, "y": 2344334.9784528236, "r95_m": 3.0, "n_views": 1, "area_m2": 0.21026899619553147, "length_m": 0.4804553222656665, "h_p90_m": 0.0, "volume_m3": 0.06308069885865944, "valid_3d": false, "buried_suspect": false, "weight_est_kg": 3.7848419315195665, "weight_lo_kg": 1.8924209657597832, "weight_hi_kg": 5.046455908692755, "weight_method": "2d:area×thick_range×rho", "crew": "1인", "tools": [], "weight_kg": null, "image": "molokai_2856_8318_734.jpg"}}, {"type": "Feature", "geometry": {"type": "Point", "coordinates": [-156.94915011745707, 21.188048438151846]}, "properties": {"item_id": "2856_8318_734_1071", "stop_id": "S065", "cls": "eps_fragment", "cls_raw": "Styrofoam_Piece", "x": 712908.1044287434, "y": 2344337.3150256597, "r95_m": 3.0, "n_views": 1, "area_m2": 0.3432626951814291, "length_m": 0.6121191406250529, "h_p90_m": 0.0, "volume_m3": 0.010297880855442873, "valid_3d": false, "buried_suspect": false, "weight_est_kg": 0.20595761710885746, "weight_lo_kg": 0.13730507807257164, "weight_hi_kg": 0.6865253903628582, "weight_method": "2d:area×thick_range×rho", "crew": "1인", "tools": [], "weight_kg": null, "image": "molokai_2856_8318_734.jpg"}}, {"type": "Feature", "geometry": {"type": "Point", "coordinates": [-156.9491076415303, 21.18799853718423]}, "properties": {"item_id": "2856_8318_734_1072", "stop_id": "S065", "cls": "plastic_buoy", "cls_raw": "Plastic_Buoy", "x": 712912.5869652306, "y": 2344331.8466850645, "r95_m": 3.0, "n_views": 1, "area_m2": 0.16292333390715552, "length_m": 0.44395996093753837, "h_p90_m": 0.0, "volume_m3": 0.048877000172146655, "valid_3d": false, "buried_suspect": false, "weight_est_kg": 2.932620010328799, "weight_lo_kg": 1.4663100051643996, "weight_hi_kg": 3.9101600137717325, "weight_method": "2d:area×thick_range×rho", "crew": "1인", "tools": [], "weight_kg": null, "image": "molokai_2856_8318_734.jpg"}}, {"type": "Feature", "geometry": {"type": "Point", "coordinates": [-156.94913227276828, 21.18803643794336]}, "properties": {"item_id": "2856_8318_734_1073", "stop_id": "S065", "cls": "eps_fragment", "cls_raw": "Styrofoam_Piece", "x": 712909.974753905, "y": 2344336.0102517726, "r95_m": 3.0, "n_views": 1, "area_m2": 0.09978115862609681, "length_m": 0.37678955078128257, "h_p90_m": 0.0, "volume_m3": 0.0029934347587829042, "valid_3d": false, "buried_suspect": false, "weight_est_kg": 0.059868695175658085, "weight_lo_kg": 0.03991246345043872, "weight_hi_kg": 0.19956231725219362, "weight_method": "2d:area×thick_range×rho", "crew": "1인", "tools": [], "weight_kg": null, "image": "molokai_2856_8318_734.jpg"}}, {"type": "Feature", "geometry": {"type": "Point", "coordinates": [-156.94912440785606, 21.18807202609627]}, "properties": {"item_id": "2856_8318_734_1074", "stop_id": "S065", "cls": "plastic_other", "cls_raw": "Plastic_ETC", "x": 712910.7405033105, "y": 2344339.961425842, "r95_m": 3.0, "n_views": 1, "area_m2": 0.5056073167410622, "length_m": 0.7832476806641302, "h_p90_m": 0.0, "volume_m3": 0.015168219502231866, "valid_3d": false, "buried_suspect": false, "weight_est_kg": 1.2134575601785493, "weight_lo_kg": 0.8089717067856995, "weight_hi_kg": 4.0448585339284975, "weight_method": "2d:area×thick_range×rho", "crew": "1인", "tools": [], "weight_kg": null, "image": "molokai_2856_8318_734.jpg"}}, {"type": "Feature", "geometry": {"type": "Point", "coordinates": [-156.94915798584645, 21.18805530328138]}, "properties": {"item_id": "2856_8318_734_1075", "stop_id": "S065", "cls": "plastic_buoy", "cls_raw": "Plastic_Buoy", "x": 712907.2774772481, "y": 2344338.0646117227, "r95_m": 3.0, "n_views": 1, "area_m2": 0.13152163300441988, "length_m": 0.39709838867190933, "h_p90_m": 0.0, "volume_m3": 0.03945648990132596, "valid_3d": false, "buried_suspect": false, "weight_est_kg": 2.3673893940795576, "weight_lo_kg": 1.1836946970397788, "weight_hi_kg": 3.156519192106077, "weight_method": "2d:area×thick_range×rho", "crew": "1인", "tools": [], "weight_kg": null, "image": "molokai_2856_8318_734.jpg"}}, {"type": "Feature", "geometry": {"type": "Point", "coordinates": [-156.94913414140862, 21.18806180571861]}, "properties": {"item_id": "2856_8318_734_1076", "stop_id": "S065", "cls": "plastic_other", "cls_raw": "Plastic_ETC", "x": 712909.7443449205, "y": 2344338.816661768, "r95_m": 3.0, "n_views": 1, "area_m2": 0.9046319847644939, "length_m": 1.0622607421875918, "h_p90_m": 0.0, "volume_m3": 0.027138959542934816, "valid_3d": false, "buried_suspect": false, "weight_est_kg": 2.171116763434785, "weight_lo_kg": 1.4474111756231902, "weight_hi_kg": 7.237055878115952, "weight_method": "2d:area×thick_range×rho", "crew": "1인", "tools": [], "weight_kg": null, "image": "molokai_2856_8318_734.jpg"}}, {"type": "Feature", "geometry": {"type": "Point", "coordinates": [-156.94914758681952, 21.188041784573027]}, "properties": {"item_id": "2856_8318_734_1077", "stop_id": "S065", "cls": "eps_fragment", "cls_raw": "Styrofoam_Piece", "x": 712908.3767646246, "y": 2344336.581689907, "r95_m": 3.0, "n_views": 1, "area_m2": 0.1704355925470885, "length_m": 0.46107788085941487, "h_p90_m": 0.0, "volume_m3": 0.005113067776412655, "valid_3d": false, "buried_suspect": false, "weight_est_kg": 0.1022613555282531, "weight_lo_kg": 0.0681742370188354, "weight_hi_kg": 0.340871185094177, "weight_method": "2d:area×thick_range×rho", "crew": "1인", "tools": [], "weight_kg": null, "image": "molokai_2856_8318_734.jpg"}}, {"type": "Feature", "geometry": {"type": "Point", "coordinates": [-156.94915409877626, 21.18804941567981]}, "properties": {"item_id": "2856_8318_734_1078", "stop_id": "S065", "cls": "pet_bottle", "cls_raw": "PET_Bottle", "x": 712907.6895775669, "y": 2344337.4179141745, "r95_m": 3.0, "n_views": 1, "area_m2": 0.4351850726120926, "length_m": 0.7381072998047513, "h_p90_m": 0.0, "volume_m3": 0.026111104356725555, "valid_3d": false, "buried_suspect": false, "weight_est_kg": 0.8616664437719433, "weight_lo_kg": 0.7180553698099528, "weight_hi_kg": 1.4361107396199055, "weight_method": "2d:area×thick_range×rho", "crew": "1인", "tools": [], "weight_kg": null, "image": "molokai_2856_8318_734.jpg"}}, {"type": "Feature", "geometry": {"type": "Point", "coordinates": [-156.9491701145641, 21.18803701406991]}, "properties": {"item_id": "2856_8318_734_1079", "stop_id": "S065", "cls": "eps_fragment", "cls_raw": "Styrofoam_Piece", "x": 712906.0441499156, "y": 2344336.023183304, "r95_m": 3.0, "n_views": 1, "area_m2": 0.1234282183647369, "length_m": 0.3853515625000333, "h_p90_m": 0.0, "volume_m3": 0.0037028465509421067, "valid_3d": false, "buried_suspect": false, "weight_est_kg": 0.07405693101884213, "weight_lo_kg": 0.04937128734589476, "weight_hi_kg": 0.24685643672947383, "weight_method": "2d:area×thick_range×rho", "crew": "1인", "tools": [], "weight_kg": null, "image": "molokai_2856_8318_734.jpg"}}, {"type": "Feature", "geometry": {"type": "Point", "coordinates": [-156.94912344292342, 21.187967058188235]}, "properties": {"item_id": "2856_8484_1107_1084", "stop_id": "S065", "cls": "plastic_buoy", "cls_raw": "Plastic_Buoy", "x": 712910.9911420764, "y": 2344328.33984216, "r95_m": 3.0, "n_views": 1, "area_m2": 0.2775753752053264, "length_m": 0.5306323242187958, "h_p90_m": 0.0, "volume_m3": 0.08327261256159792, "valid_3d": false, "buried_suspect": false, "weight_est_kg": 4.996356753695875, "weight_lo_kg": 2.4981783768479375, "weight_hi_kg": 6.661809004927834, "weight_method": "2d:area×thick_range×rho", "crew": "1인", "tools": [], "weight_kg": null, "image": "molokai_2856_8484_1107.jpg"}}, {"type": "Feature", "geometry": {"type": "Point", "coordinates": [-156.94910041587255, 21.18797725042415]}, "properties": {"item_id": "2856_8484_1107_1085", "stop_id": "S065", "cls": "eps_fragment", "cls_raw": "Styrofoam_Piece", "x": 712913.3678394406, "y": 2344329.4993578224, "r95_m": 3.0, "n_views": 1, "area_m2": 0.19359194192889698, "length_m": 0.451320800781289, "h_p90_m": 0.0, "volume_m3": 0.005807758257866909, "valid_3d": false, "buried_suspect": false, "weight_est_kg": 0.11615516515733817, "weight_lo_kg": 0.07743677677155879, "weight_hi_kg": 0.387183883857794, "weight_method": "2d:area×thick_range×rho", "crew": "1인", "tools": [], "weight_kg": null, "image": "molokai_2856_8484_1107.jpg"}}, {"type": "Feature", "geometry": {"type": "Point", "coordinates": [-156.9490929216441, 21.18795073638401]}, "properties": {"item_id": "2856_8484_1107_1086", "stop_id": "S065", "cls": "eps_buoy", "cls_raw": "Styrofoam_Buoy", "x": 712914.1840957373, "y": 2344326.5735856127, "r95_m": 3.0, "n_views": 1, "area_m2": 0.686435459733128, "length_m": 0.8380371093750724, "h_p90_m": 0.0, "volume_m3": 0.2402524109065948, "valid_3d": false, "buried_suspect": false, "weight_est_kg": 6.00631027266487, "weight_lo_kg": 2.5741329739992302, "weight_hi_kg": 6.864354597331281, "weight_method": "2d:area×thick_range×rho", "crew": "1인", "tools": [], "weight_kg": null, "image": "molokai_2856_8484_1107.jpg"}}, {"type": "Feature", "geometry": {"type": "Point", "coordinates": [-156.9491318097349, 21.187968055686888]}, "properties": {"item_id": "2856_8484_1107_1087", "stop_id": "S065", "cls": "plastic_other", "cls_raw": "Plastic_ETC", "x": 712910.120839127, "y": 2344328.43904751, "r95_m": 3.0, "n_views": 1, "area_m2": 0.2808775737762937, "length_m": 0.531718750000046, "h_p90_m": 0.0, "volume_m3": 0.008426327213288811, "valid_3d": false, "buried_suspect": false, "weight_est_kg": 0.6741061770631049, "weight_lo_kg": 0.4494041180420699, "weight_hi_kg": 2.2470205902103495, "weight_method": "2d:area×thick_range×rho", "crew": "1인", "tools": [], "weight_kg": null, "image": "molokai_2856_8484_1107.jpg"}}, {"type": "Feature", "geometry": {"type": "Point", "coordinates": [-156.94911481157868, 21.18795985627663]}, "properties": {"item_id": "2856_8484_1107_1088", "stop_id": "S065", "cls": "plastic_buoy", "cls_raw": "Plastic_Buoy", "x": 712911.8978079488, "y": 2344327.553990524, "r95_m": 3.0, "n_views": 1, "area_m2": 0.3003900661469025, "length_m": 0.5578125000000482, "h_p90_m": 0.0, "volume_m3": 0.09011701984407075, "valid_3d": false, "buried_suspect": false, "weight_est_kg": 5.407021190644245, "weight_lo_kg": 2.7035105953221223, "weight_hi_kg": 7.20936158752566, "weight_method": "2d:area×thick_range×rho", "crew": "1인", "tools": [], "weight_kg": null, "image": "molokai_2856_8484_1107.jpg"}}, {"type": "Feature", "geometry": {"type": "Point", "coordinates": [-156.94912941281683, 21.187995138766432]}, "properties": {"item_id": "2856_8484_1107_1089", "stop_id": "S065", "cls": "eps_fragment", "cls_raw": "Styrofoam_Piece", "x": 712910.3309398956, "y": 2344331.4411228355, "r95_m": 3.0, "n_views": 1, "area_m2": 0.42370724987991026, "length_m": 0.6582421875000569, "h_p90_m": 0.0, "volume_m3": 0.012711217496397307, "valid_3d": false, "buried_suspect": false, "weight_est_kg": 0.2542243499279461, "weight_lo_kg": 0.16948289995196408, "weight_hi_kg": 0.8474144997598205, "weight_method": "2d:area×thick_range×rho", "crew": "1인", "tools": [], "weight_kg": null, "image": "molokai_2856_8484_1107.jpg"}}, {"type": "Feature", "geometry": {"type": "Point", "coordinates": [-156.94911011541282, 21.187961375825104]}, "properties": {"item_id": "2856_8484_1107_1090", "stop_id": "S065", "cls": "plastic_buoy", "cls_raw": "Plastic_Buoy", "x": 712912.383315877, "y": 2344327.7285590474, "r95_m": 3.0, "n_views": 1, "area_m2": 0.09510046843888019, "length_m": 0.31729980468752744, "h_p90_m": 0.0, "volume_m3": 0.028530140531664056, "valid_3d": false, "buried_suspect": false, "weight_est_kg": 1.7118084318998434, "weight_lo_kg": 0.8559042159499217, "weight_hi_kg": 2.282411242533125, "weight_method": "2d:area×thick_range×rho", "crew": "1인", "tools": [], "weight_kg": null, "image": "molokai_2856_8484_1107.jpg"}}, {"type": "Feature", "geometry": {"type": "Point", "coordinates": [-156.9491183527151, 21.187959204776735]}, "properties": {"item_id": "2856_8484_1107_1091", "stop_id": "S065", "cls": "eps_fragment", "cls_raw": "Styrofoam_Piece", "x": 712911.5310030464, "y": 2344327.4770917012, "r95_m": 3.0, "n_views": 1, "area_m2": 0.15972282769086737, "length_m": 0.416525878906286, "h_p90_m": 0.0, "volume_m3": 0.004791684830726021, "valid_3d": false, "buried_suspect": false, "weight_est_kg": 0.09583369661452042, "weight_lo_kg": 0.06388913107634694, "weight_hi_kg": 0.3194456553817348, "weight_method": "2d:area×thick_range×rho", "crew": "1인", "tools": [], "weight_kg": null, "image": "molokai_2856_8484_1107.jpg"}}, {"type": "Feature", "geometry": {"type": "Point", "coordinates": [-156.94910757541166, 21.187998443352683]}, "properties": {"item_id": "2856_8484_1107_1092", "stop_id": "S065", "cls": "plastic_buoy", "cls_raw": "Plastic_Buoy", "x": 712912.5939659667, "y": 2344331.836384159, "r95_m": 3.0, "n_views": 1, "area_m2": 0.1653474919095921, "length_m": 0.4488598632812888, "h_p90_m": 0.0, "volume_m3": 0.04960424757287763, "valid_3d": false, "buried_suspect": false, "weight_est_kg": 2.976254854372658, "weight_lo_kg": 1.488127427186329, "weight_hi_kg": 3.968339805830211, "weight_method": "2d:area×thick_range×rho", "crew": "1인", "tools": [], "weight_kg": null, "image": "molokai_2856_8484_1107.jpg"}}, {"type": "Feature", "geometry": {"type": "Point", "coordinates": [-156.9490985090266, 21.187960319973154]}, "properties": {"item_id": "2856_8484_1107_1093", "stop_id": "S065", "cls": "plastic_other", "cls_raw": "Plastic_ETC", "x": 712913.590124645, "y": 2344327.627246763, "r95_m": 3.0, "n_views": 1, "area_m2": 0.2567370417476144, "length_m": 0.5395727539062967, "h_p90_m": 0.0, "volume_m3": 0.0077021112524284325, "valid_3d": false, "buried_suspect": false, "weight_est_kg": 0.6161689001942746, "weight_lo_kg": 0.41077926679618304, "weight_hi_kg": 2.0538963339809153, "weight_method": "2d:area×thick_range×rho", "crew": "1인", "tools": [], "weight_kg": null, "image": "molokai_2856_8484_1107.jpg"}}, {"type": "Feature", "geometry": {"type": "Point", "coordinates": [-156.94897222163883, 21.185414636171153]}, "properties": {"item_id": "3066_6105_234_1099", "stop_id": "S066", "cls": "eps_fragment", "cls_raw": "Styrofoam_Piece", "x": 712930.3531212432, "y": 2344045.9186798204, "r95_m": 3.0, "n_views": 1, "area_m2": 0.565937614953304, "length_m": 0.8233544921873444, "h_p90_m": 0.0, "volume_m3": 0.016978128448599118, "valid_3d": false, "buried_suspect": false, "weight_est_kg": 0.33956256897198234, "weight_lo_kg": 0.22637504598132158, "weight_hi_kg": 1.131875229906608, "weight_method": "2d:area×thick_range×rho", "crew": "1인", "tools": [], "weight_kg": null, "image": "molokai_3066_6105_234.jpg"}}, {"type": "Feature", "geometry": {"type": "Point", "coordinates": [-156.9489425860856, 21.185363249896298]}, "properties": {"item_id": "3066_6105_234_1100", "stop_id": "S066", "cls": "eps_fragment", "cls_raw": "Styrofoam_Piece", "x": 712933.5043970279, "y": 2344040.2686161622, "r95_m": 3.0, "n_views": 1, "area_m2": 0.42629442761822317, "length_m": 0.6625793457029997, "h_p90_m": 0.0, "volume_m3": 0.012788832828546695, "valid_3d": false, "buried_suspect": false, "weight_est_kg": 0.2557766565709339, "weight_lo_kg": 0.17051777104728927, "weight_hi_kg": 0.8525888552364463, "weight_method": "2d:area×thick_range×rho", "crew": "1인", "tools": [], "weight_kg": null, "image": "molokai_3066_6105_234.jpg"}}, {"type": "Feature", "geometry": {"type": "Point", "coordinates": [-156.94902258039386, 21.18540784126232]}, "properties": {"item_id": "3066_6105_234_1101", "stop_id": "S066", "cls": "plastic_other", "cls_raw": "Plastic_ETC", "x": 712925.13313171, "y": 2344045.0986100514, "r95_m": 3.0, "n_views": 1, "area_m2": 0.3899774228936449, "length_m": 0.6289834594725373, "h_p90_m": 0.0, "volume_m3": 0.011699322686809347, "valid_3d": false, "buried_suspect": false, "weight_est_kg": 0.9359458149447477, "weight_lo_kg": 0.6239638766298319, "weight_hi_kg": 3.119819383149159, "weight_method": "2d:area×thick_range×rho", "crew": "1인", "tools": [], "weight_kg": null, "image": "molokai_3066_6105_234.jpg"}}, {"type": "Feature", "geometry": {"type": "Point", "coordinates": [-157.01877577861836, 21.183587473936797]}, "properties": {"item_id": "3252_11092_38_1102", "stop_id": "S067", "cls": "eps_buoy", "cls_raw": "Styrofoam_Buoy", "x": 705683.9403426073, "y": 2343751.387385026, "r95_m": 3.0, "n_views": 1, "area_m2": 0.4134237710834576, "length_m": 0.9122802734376133, "h_p90_m": 0.0, "volume_m3": 0.14469831987921017, "valid_3d": false, "buried_suspect": false, "weight_est_kg": 3.6174579969802543, "weight_lo_kg": 1.5503391415629661, "weight_hi_kg": 4.134237710834576, "weight_method": "2d:area×thick_range×rho", "crew": "1인", "tools": [], "weight_kg": null, "image": "molokai_3252_11092_38.jpg"}}, {"type": "Feature", "geometry": {"type": "Point", "coordinates": [-157.01878812340007, 21.183597350782293]}, "properties": {"item_id": "3252_11092_38_1103", "stop_id": "S067", "cls": "plastic_buoy", "cls_raw": "Plastic_Buoy", "x": 705682.6446989815, "y": 2343752.4649673877, "r95_m": 3.0, "n_views": 1, "area_m2": 0.24500304622656233, "length_m": 0.507480468750063, "h_p90_m": 0.0, "volume_m3": 0.0735009138679687, "valid_3d": false, "buried_suspect": false, "weight_est_kg": 4.410054832078122, "weight_lo_kg": 2.205027416039061, "weight_hi_kg": 5.880073109437496, "weight_method": "2d:area×thick_range×rho", "crew": "1인", "tools": [], "weight_kg": null, "image": "molokai_3252_11092_38.jpg"}}, {"type": "Feature", "geometry": {"type": "Point", "coordinates": [-157.0188130368336, 21.183586958858932]}, "properties": {"item_id": "3252_11092_38_1104", "stop_id": "S067", "cls": "eps_fragment", "cls_raw": "Styrofoam_Piece", "x": 705680.0718876779, "y": 2343751.281987671, "r95_m": 3.0, "n_views": 1, "area_m2": 0.19310124108200105, "length_m": 0.46788330078130813, "h_p90_m": 0.0, "volume_m3": 0.005793037232460031, "valid_3d": false, "buried_suspect": false, "weight_est_kg": 0.11586074464920063, "weight_lo_kg": 0.07724049643280043, "weight_hi_kg": 0.3862024821640021, "weight_method": "2d:area×thick_range×rho", "crew": "1인", "tools": [], "weight_kg": null, "image": "molokai_3252_11092_38.jpg"}}, {"type": "Feature", "geometry": {"type": "Point", "coordinates": [-157.01880077853932, 21.183581441340085]}, "properties": {"item_id": "3252_11092_38_1105", "stop_id": "S067", "cls": "eps_fragment", "cls_raw": "Styrofoam_Piece", "x": 705681.3525160452, "y": 2343750.6869765343, "r95_m": 3.0, "n_views": 1, "area_m2": 0.39323618490705725, "length_m": 0.6344042968750788, "h_p90_m": 0.0, "volume_m3": 0.011797085547211717, "valid_3d": false, "buried_suspect": false, "weight_est_kg": 0.23594171094423436, "weight_lo_kg": 0.1572944739628229, "weight_hi_kg": 0.7864723698141146, "weight_method": "2d:area×thick_range×rho", "crew": "1인", "tools": [], "weight_kg": null, "image": "molokai_3252_11092_38.jpg"}}, {"type": "Feature", "geometry": {"type": "Point", "coordinates": [-157.0188429695, 21.18360115011201]}, "properties": {"item_id": "3252_11092_38_1106", "stop_id": "S067", "cls": "eps_fragment", "cls_raw": "Styrofoam_Piece", "x": 705676.9438174565, "y": 2343752.8144496046, "r95_m": 3.0, "n_views": 1, "area_m2": 0.2785688311756349, "length_m": 0.64367919921883, "h_p90_m": 0.0, "volume_m3": 0.008357064935269047, "valid_3d": false, "buried_suspect": false, "weight_est_kg": 0.16714129870538094, "weight_lo_kg": 0.11142753247025397, "weight_hi_kg": 0.5571376623512698, "weight_method": "2d:area×thick_range×rho", "crew": "1인", "tools": [], "weight_kg": null, "image": "molokai_3252_11092_38.jpg"}}, {"type": "Feature", "geometry": {"type": "Point", "coordinates": [-157.01880009448934, 21.183575717716746]}, "properties": {"item_id": "3252_11092_38_1107", "stop_id": "S067", "cls": "eps_fragment", "cls_raw": "Styrofoam_Piece", "x": 705681.4314748023, "y": 2343750.054119932, "r95_m": 3.0, "n_views": 1, "area_m2": 0.17049580826763575, "length_m": 0.43640380859380423, "h_p90_m": 0.0, "volume_m3": 0.005114874248029072, "valid_3d": false, "buried_suspect": false, "weight_est_kg": 0.10229748496058144, "weight_lo_kg": 0.0681983233070543, "weight_hi_kg": 0.34099161653527155, "weight_method": "2d:area×thick_range×rho", "crew": "1인", "tools": [], "weight_kg": null, "image": "molokai_3252_11092_38.jpg"}}, {"type": "Feature", "geometry": {"type": "Point", "coordinates": [-157.0188247062102, 21.18362102645036]}, "properties": {"item_id": "3252_11092_38_1108", "stop_id": "S067", "cls": "eps_fragment", "cls_raw": "Styrofoam_Piece", "x": 705678.8129017816, "y": 2343755.0389521034, "r95_m": 3.0, "n_views": 1, "area_m2": 0.11423281488384164, "length_m": 0.3385055541992608, "h_p90_m": 0.0, "volume_m3": 0.003426984446515249, "valid_3d": false, "buried_suspect": false, "weight_est_kg": 0.06853968893030497, "weight_lo_kg": 0.045693125953536654, "weight_hi_kg": 0.2284656297676833, "weight_method": "2d:area×thick_range×rho", "crew": "1인", "tools": [], "weight_kg": null, "image": "molokai_3252_11092_38.jpg"}}, {"type": "Feature", "geometry": {"type": "Point", "coordinates": [-157.0188852789141, 21.183599466536574]}, "properties": {"item_id": "3252_11092_38_1109", "stop_id": "S067", "cls": "pet_bottle", "cls_raw": "PET_Bottle", "x": 705672.5524265312, "y": 2343752.573115938, "r95_m": 3.0, "n_views": 1, "area_m2": 0.37091511954823414, "length_m": 0.6940721130371956, "h_p90_m": 0.0, "volume_m3": 0.022254907172894047, "valid_3d": false, "buried_suspect": false, "weight_est_kg": 0.7344119367055035, "weight_lo_kg": 0.6120099472545864, "weight_hi_kg": 1.2240198945091727, "weight_method": "2d:area×thick_range×rho", "crew": "1인", "tools": [], "weight_kg": null, "image": "molokai_3252_11092_38.jpg"}}, {"type": "Feature", "geometry": {"type": "Point", "coordinates": [-157.01879432304696, 21.18359730247863]}, "properties": {"item_id": "3252_11092_38_1110", "stop_id": "S067", "cls": "eps_fragment", "cls_raw": "Styrofoam_Piece", "x": 705682.0009488257, "y": 2343752.451571085, "r95_m": 3.0, "n_views": 1, "area_m2": 0.244948885399164, "length_m": 0.4975048828125618, "h_p90_m": 0.0, "volume_m3": 0.00734846656197492, "valid_3d": false, "buried_suspect": false, "weight_est_kg": 0.1469693312394984, "weight_lo_kg": 0.09797955415966561, "weight_hi_kg": 0.4898977707983281, "weight_method": "2d:area×thick_range×rho", "crew": "1인", "tools": [], "weight_kg": null, "image": "molokai_3252_11092_38.jpg"}}, {"type": "Feature", "geometry": {"type": "Point", "coordinates": [-157.01888884466442, 21.18359214416158]}, "properties": {"item_id": "3252_11092_38_1111", "stop_id": "S067", "cls": "pet_bottle", "cls_raw": "PET_Bottle", "x": 705672.1922670829, "y": 2343751.75772206, "r95_m": 3.0, "n_views": 1, "area_m2": 0.29993133259218185, "length_m": 0.6950286483765512, "h_p90_m": 0.0, "volume_m3": 0.01799587995553091, "valid_3d": false, "buried_suspect": false, "weight_est_kg": 0.59386403853252, "weight_lo_kg": 0.49488669877710006, "weight_hi_kg": 0.9897733975542001, "weight_method": "2d:area×thick_range×rho", "crew": "1인", "tools": [], "weight_kg": null, "image": "molokai_3252_11092_38.jpg"}}, {"type": "Feature", "geometry": {"type": "Point", "coordinates": [-157.01889070368793, 21.183552311796472]}, "properties": {"item_id": "3252_11092_38_1112", "stop_id": "S067", "cls": "pet_bottle", "cls_raw": "PET_Bottle", "x": 705672.0543410697, "y": 2343747.3448956534, "r95_m": 3.0, "n_views": 1, "area_m2": 0.42148053611899955, "length_m": 0.792639312744239, "h_p90_m": 0.0, "volume_m3": 0.025288832167139973, "valid_3d": false, "buried_suspect": false, "weight_est_kg": 0.8345314615156191, "weight_lo_kg": 0.6954428845963493, "weight_hi_kg": 1.3908857691926986, "weight_method": "2d:area×thick_range×rho", "crew": "1인", "tools": [], "weight_kg": null, "image": "molokai_3252_11092_38.jpg"}}, {"type": "Feature", "geometry": {"type": "Point", "coordinates": [-157.0188063183845, 21.183578244817]}, "properties": {"item_id": "3252_11092_38_1113", "stop_id": "S067", "cls": "eps_fragment", "cls_raw": "Styrofoam_Piece", "x": 705680.7816418798, "y": 2343750.3258521785, "r95_m": 3.0, "n_views": 1, "area_m2": 0.23263802220529137, "length_m": 0.5093273925781883, "h_p90_m": 0.0, "volume_m3": 0.006979140666158741, "valid_3d": false, "buried_suspect": false, "weight_est_kg": 0.13958281332317482, "weight_lo_kg": 0.09305520888211655, "weight_hi_kg": 0.46527604441058273, "weight_method": "2d:area×thick_range×rho", "crew": "1인", "tools": [], "weight_kg": null, "image": "molokai_3252_11092_38.jpg"}}, {"type": "Feature", "geometry": {"type": "Point", "coordinates": [-157.01882959311098, 21.183578798891403]}, "properties": {"item_id": "3252_11092_38_1114", "stop_id": "S067", "cls": "eps_fragment", "cls_raw": "Styrofoam_Piece", "x": 705678.3638556428, "y": 2343750.3569886675, "r95_m": 3.0, "n_views": 1, "area_m2": 0.13213932394984668, "length_m": 0.3715820312500462, "h_p90_m": 0.0, "volume_m3": 0.0039641797184954, "valid_3d": false, "buried_suspect": false, "weight_est_kg": 0.079283594369908, "weight_lo_kg": 0.05285572957993867, "weight_hi_kg": 0.26427864789969335, "weight_method": "2d:area×thick_range×rho", "crew": "1인", "tools": [], "weight_kg": null, "image": "molokai_3252_11092_38.jpg"}}, {"type": "Feature", "geometry": {"type": "Point", "coordinates": [-157.01878109937903, 21.1835783021629]}, "properties": {"item_id": "3252_11092_38_1115", "stop_id": "S067", "cls": "eps_fragment", "cls_raw": "Styrofoam_Piece", "x": 705683.4004901813, "y": 2343750.3649390964, "r95_m": 3.0, "n_views": 1, "area_m2": 0.11348344802859266, "length_m": 0.37622070312504674, "h_p90_m": 0.0, "volume_m3": 0.0034045034408577797, "valid_3d": false, "buried_suspect": false, "weight_est_kg": 0.0680900688171556, "weight_lo_kg": 0.04539337921143707, "weight_hi_kg": 0.22696689605718534, "weight_method": "2d:area×thick_range×rho", "crew": "1인", "tools": [], "weight_kg": null, "image": "molokai_3252_11092_38.jpg"}}, {"type": "Feature", "geometry": {"type": "Point", "coordinates": [-157.01887016946762, 21.183570588248337]}, "properties": {"item_id": "3252_11092_38_1116", "stop_id": "S067", "cls": "eps_fragment", "cls_raw": "Styrofoam_Piece", "x": 705674.161471185, "y": 2343749.395198889, "r95_m": 3.0, "n_views": 1, "area_m2": 0.15433912664655705, "length_m": 0.40606689453130046, "h_p90_m": 0.0, "volume_m3": 0.004630173799396712, "valid_3d": false, "buried_suspect": false, "weight_est_kg": 0.09260347598793423, "weight_lo_kg": 0.061735650658622826, "weight_hi_kg": 0.30867825329311416, "weight_method": "2d:area×thick_range×rho", "crew": "1인", "tools": [], "weight_kg": null, "image": "molokai_3252_11092_38.jpg"}}, {"type": "Feature", "geometry": {"type": "Point", "coordinates": [-156.99532067107285, 21.179719622227307]}, "properties": {"item_id": "3470_13542_5094_1123", "stop_id": "S068", "cls": "net", "cls_raw": "Net", "x": 708125.1210826975, "y": 2343353.745895454, "r95_m": 3.0, "n_views": 1, "area_m2": 0.16180067230765072, "length_m": 0.4896276855469358, "h_p90_m": 0.0, "volume_m3": 0.019416080676918086, "valid_3d": false, "buried_suspect": false, "weight_est_kg": 2.912412101537713, "weight_lo_kg": 1.2135050423073805, "weight_hi_kg": 7.281030253844282, "weight_method": "2d:area×thick_range×rho", "crew": "1인", "tools": ["절단기"], "weight_kg": null, "image": "molokai_3470_13542_5094.jpg"}}, {"type": "Feature", "geometry": {"type": "Point", "coordinates": [-156.9953006251634, 21.17966574081752]}, "properties": {"item_id": "3470_13542_5094_1124", "stop_id": "S068", "cls": "net", "cls_raw": "Net", "x": 708127.2783232062, "y": 2343347.806176574, "r95_m": 3.0, "n_views": 1, "area_m2": 0.2343043078378425, "length_m": 0.5197302246094395, "h_p90_m": 0.0, "volume_m3": 0.0281165169405411, "valid_3d": false, "buried_suspect": false, "weight_est_kg": 4.217477541081165, "weight_lo_kg": 1.7572823087838187, "weight_hi_kg": 10.543693852702912, "weight_method": "2d:area×thick_range×rho", "crew": "1인", "tools": ["절단기"], "weight_kg": null, "image": "molokai_3470_13542_5094.jpg"}}, {"type": "Feature", "geometry": {"type": "Point", "coordinates": [-156.99530522347513, 21.179673523961952]}, "properties": {"item_id": "3470_13542_5094_1125", "stop_id": "S068", "cls": "plastic_other", "cls_raw": "Plastic_ETC", "x": 708126.7898843674, "y": 2343348.6619299613, "r95_m": 3.0, "n_views": 1, "area_m2": 0.5519190942944467, "length_m": 0.7589038085938443, "h_p90_m": 0.0, "volume_m3": 0.0165575728288334, "valid_3d": false, "buried_suspect": false, "weight_est_kg": 1.324605826306672, "weight_lo_kg": 0.8830705508711147, "weight_hi_kg": 4.415352754355574, "weight_method": "2d:area×thick_range×rho", "crew": "1인", "tools": [], "weight_kg": null, "image": "molokai_3470_13542_5094.jpg"}}, {"type": "Feature", "geometry": {"type": "Point", "coordinates": [-156.9953627998624, 21.179707358698963]}, "properties": {"item_id": "3470_13542_5094_1126", "stop_id": "S068", "cls": "net", "cls_raw": "Net", "x": 708120.7631300051, "y": 2343352.3326816144, "r95_m": 3.0, "n_views": 1, "area_m2": 0.2038306986663997, "length_m": 0.46751495361333933, "h_p90_m": 0.0, "volume_m3": 0.024459683839967963, "valid_3d": false, "buried_suspect": false, "weight_est_kg": 3.668952575995194, "weight_lo_kg": 1.5287302399979978, "weight_hi_kg": 9.172381439987985, "weight_method": "2d:area×thick_range×rho", "crew": "1인", "tools": ["절단기"], "weight_kg": null, "image": "molokai_3470_13542_5094.jpg"}}, {"type": "Feature", "geometry": {"type": "Point", "coordinates": [-156.99525827455284, 21.17970374070895]}, "properties": {"item_id": "3470_13542_5094_1127", "stop_id": "S068", "cls": "net", "cls_raw": "Net", "x": 708131.6232742325, "y": 2343352.069355108, "r95_m": 3.0, "n_views": 1, "area_m2": 0.14545850286487377, "length_m": 0.41315185546880134, "h_p90_m": 0.0, "volume_m3": 0.017455020343784853, "valid_3d": false, "buried_suspect": false, "weight_est_kg": 2.618253051567728, "weight_lo_kg": 1.0909387714865533, "weight_hi_kg": 6.54563262891932, "weight_method": "2d:area×thick_range×rho", "crew": "1인", "tools": ["절단기"], "weight_kg": null, "image": "molokai_3470_13542_5094.jpg"}}, {"type": "Feature", "geometry": {"type": "Point", "coordinates": [-156.99536205276422, 21.179686820809696]}, "properties": {"item_id": "3470_13542_5094_1128", "stop_id": "S068", "cls": "plastic_other", "cls_raw": "Plastic_ETC", "x": 708120.8694749736, "y": 2343350.0595948086, "r95_m": 3.0, "n_views": 1, "area_m2": 0.6870349538400614, "length_m": 0.9676107788087139, "h_p90_m": 0.0, "volume_m3": 0.02061104861520184, "valid_3d": false, "buried_suspect": false, "weight_est_kg": 1.6488838892161473, "weight_lo_kg": 1.0992559261440984, "weight_hi_kg": 5.496279630720492, "weight_method": "2d:area×thick_range×rho", "crew": "1인", "tools": [], "weight_kg": null, "image": "molokai_3470_13542_5094.jpg"}}, {"type": "Feature", "geometry": {"type": "Point", "coordinates": [-156.77106108867912, 21.175311642162267]}, "properties": {"item_id": "3548_8344_4812_1139", "stop_id": "S069", "cls": "eps_fragment", "cls_raw": "Styrofoam_Piece", "x": 731422.8382522413, "y": 2343176.6514667724, "r95_m": 3.0, "n_views": 1, "area_m2": 0.22167624622588897, "length_m": 0.4803649902344347, "h_p90_m": 0.0, "volume_m3": 0.006650287386776668, "valid_3d": false, "buried_suspect": false, "weight_est_kg": 0.13300574773553336, "weight_lo_kg": 0.08867049849035559, "weight_hi_kg": 0.44335249245177794, "weight_method": "2d:area×thick_range×rho", "crew": "1인", "tools": [], "weight_kg": null, "image": "molokai_3548_8344_4812.jpg"}}, {"type": "Feature", "geometry": {"type": "Point", "coordinates": [-156.7711189433015, 21.175366683771397]}, "properties": {"item_id": "3548_8344_4812_1140", "stop_id": "S069", "cls": "plastic_other", "cls_raw": "Plastic_ETC", "x": 731416.7434628905, "y": 2343182.662144849, "r95_m": 3.0, "n_views": 1, "area_m2": 0.5072009477168999, "length_m": 0.7769218444825184, "h_p90_m": 0.0, "volume_m3": 0.015216028431506998, "valid_3d": false, "buried_suspect": false, "weight_est_kg": 1.2172822745205598, "weight_lo_kg": 0.81152151634704, "weight_hi_kg": 4.0576075817351995, "weight_method": "2d:area×thick_range×rho", "crew": "1인", "tools": [], "weight_kg": null, "image": "molokai_3548_8344_4812.jpg"}}, {"type": "Feature", "geometry": {"type": "Point", "coordinates": [-156.77108133227247, 21.175368786773554]}, "properties": {"item_id": "3548_8344_4812_1141", "stop_id": "S069", "cls": "pet_bottle", "cls_raw": "PET_Bottle", "x": 731420.6466733504, "y": 2343182.949948579, "r95_m": 3.0, "n_views": 1, "area_m2": 0.14237379042535367, "length_m": 0.6254229736328902, "h_p90_m": 0.0, "volume_m3": 0.008542427425521219, "valid_3d": false, "buried_suspect": false, "weight_est_kg": 0.2819001050422002, "weight_lo_kg": 0.23491675420183356, "weight_hi_kg": 0.4698335084036671, "weight_method": "2d:area×thick_range×rho", "crew": "1인", "tools": [], "weight_kg": null, "image": "molokai_3548_8344_4812.jpg"}}, {"type": "Feature", "geometry": {"type": "Point", "coordinates": [-156.77107154826828, 21.175346967409045]}, "properties": {"item_id": "3548_8344_4812_1142", "stop_id": "S069", "cls": "eps_fragment", "cls_raw": "Styrofoam_Piece", "x": 731421.6968638771, "y": 2343180.5480172695, "r95_m": 3.0, "n_views": 1, "area_m2": 0.17490579187306265, "length_m": 0.5050180053711565, "h_p90_m": 0.0, "volume_m3": 0.005247173756191879, "valid_3d": false, "buried_suspect": false, "weight_est_kg": 0.10494347512383759, "weight_lo_kg": 0.06996231674922507, "weight_hi_kg": 0.3498115837461253, "weight_method": "2d:area×thick_range×rho", "crew": "1인", "tools": [], "weight_kg": null, "image": "molokai_3548_8344_4812.jpg"}}, {"type": "Feature", "geometry": {"type": "Point", "coordinates": [-156.7665192452086, 21.175569895259006]}, "properties": {"item_id": "3550_1782_4594_1145", "stop_id": "S070", "cls": "eps_buoy", "cls_raw": "Styrofoam_Buoy", "x": 731894.1764723333, "y": 2343211.889059661, "r95_m": 3.0, "n_views": 1, "area_m2": 0.8097274538250789, "length_m": 1.0807641601563842, "h_p90_m": 0.0, "volume_m3": 0.2834046088387776, "valid_3d": false, "buried_suspect": false, "weight_est_kg": 7.08511522096944, "weight_lo_kg": 3.036477951844046, "weight_hi_kg": 8.09727453825079, "weight_method": "2d:area×thick_range×rho", "crew": "1인", "tools": [], "weight_kg": null, "image": "molokai_3550_1782_4594.jpg"}}, {"type": "Feature", "geometry": {"type": "Point", "coordinates": [-156.7665493426711, 21.17557118902682]}, "properties": {"item_id": "3550_1782_4594_1146", "stop_id": "S070", "cls": "eps_buoy", "cls_raw": "Styrofoam_Buoy", "x": 731891.0483659436, "y": 2343211.9882869897, "r95_m": 3.0, "n_views": 1, "area_m2": 4.026937232920038, "length_m": 2.249409484863561, "h_p90_m": 0.0, "volume_m3": 1.4094280315220133, "valid_3d": false, "buried_suspect": false, "weight_est_kg": 35.23570078805033, "weight_lo_kg": 15.101014623450142, "weight_hi_kg": 40.26937232920038, "weight_method": "2d:area×thick_range×rho", "crew": "2인", "tools": [], "weight_kg": null, "image": "molokai_3550_1782_4594.jpg"}}, {"type": "Feature", "geometry": {"type": "Point", "coordinates": [-156.7665340357769, 21.175573557012196]}, "properties": {"item_id": "3550_1782_4594_1147", "stop_id": "S070", "cls": "plastic_buoy", "cls_raw": "Plastic_Buoy", "x": 731892.6345298166, "y": 2343212.2729104683, "r95_m": 3.0, "n_views": 1, "area_m2": 0.21498399406676866, "length_m": 0.46506347656255775, "h_p90_m": 0.0, "volume_m3": 0.0644951982200306, "valid_3d": false, "buried_suspect": false, "weight_est_kg": 3.8697118932018357, "weight_lo_kg": 1.9348559466009179, "weight_hi_kg": 5.159615857602448, "weight_method": "2d:area×thick_range×rho", "crew": "1인", "tools": [], "weight_kg": null, "image": "molokai_3550_1782_4594.jpg"}}, {"type": "Feature", "geometry": {"type": "Point", "coordinates": [-156.76650309924113, 21.175547159578723]}, "properties": {"item_id": "3550_1782_4594_1148", "stop_id": "S070", "cls": "plastic_buoy", "cls_raw": "Plastic_Buoy", "x": 731895.8889519935, "y": 2343209.3949910477, "r95_m": 3.0, "n_views": 1, "area_m2": 0.16779497829083798, "length_m": 0.4130126953125513, "h_p90_m": 0.0, "volume_m3": 0.05033849348725139, "valid_3d": false, "buried_suspect": false, "weight_est_kg": 3.0203096092350834, "weight_lo_kg": 1.5101548046175417, "weight_hi_kg": 4.027079478980112, "weight_method": "2d:area×thick_range×rho", "crew": "1인", "tools": [], "weight_kg": null, "image": "molokai_3550_1782_4594.jpg"}}, {"type": "Feature", "geometry": {"type": "Point", "coordinates": [-156.76650583339566, 21.175544227050278]}, "properties": {"item_id": "3550_1782_4594_1149", "stop_id": "S070", "cls": "eps_fragment", "cls_raw": "Styrofoam_Piece", "x": 731895.6095427438, "y": 2343209.0662489007, "r95_m": 3.0, "n_views": 1, "area_m2": 0.22391847667699655, "length_m": 0.47445312500005893, "h_p90_m": 0.0, "volume_m3": 0.0067175543003098965, "valid_3d": false, "buried_suspect": false, "weight_est_kg": 0.13435108600619794, "weight_lo_kg": 0.08956739067079862, "weight_hi_kg": 0.4478369533539931, "weight_method": "2d:area×thick_range×rho", "crew": "1인", "tools": [], "weight_kg": null, "image": "molokai_3550_1782_4594.jpg"}}, {"type": "Feature", "geometry": {"type": "Point", "coordinates": [-156.76654557069455, 21.175547956905756]}, "properties": {"item_id": "3550_1782_4594_1150", "stop_id": "S070", "cls": "net", "cls_raw": "Net", "x": 731891.476388654, "y": 2343209.421136695, "r95_m": 3.0, "n_views": 1, "area_m2": 0.20392413989310562, "length_m": 0.4618188476563074, "h_p90_m": 0.0, "volume_m3": 0.024470896787172673, "valid_3d": false, "buried_suspect": false, "weight_est_kg": 3.670634518075901, "weight_lo_kg": 1.529431049198292, "weight_hi_kg": 9.176586295189752, "weight_method": "2d:area×thick_range×rho", "crew": "1인", "tools": ["절단기"], "weight_kg": null, "image": "molokai_3550_1782_4594.jpg"}}, {"type": "Feature", "geometry": {"type": "Point", "coordinates": [-156.76651371294477, 21.175515632649162]}, "properties": {"item_id": "3550_1782_4594_1151", "stop_id": "S070", "cls": "pet_bottle", "cls_raw": "PET_Bottle", "x": 731894.8357400561, "y": 2343205.888242748, "r95_m": 3.0, "n_views": 1, "area_m2": 0.19663854026799318, "length_m": 0.6292187500000782, "h_p90_m": 0.0, "volume_m3": 0.011798312416079591, "valid_3d": false, "buried_suspect": false, "weight_est_kg": 0.3893443097306265, "weight_lo_kg": 0.32445359144218877, "weight_hi_kg": 0.6489071828843775, "weight_method": "2d:area×thick_range×rho", "crew": "1인", "tools": [], "weight_kg": null, "image": "molokai_3550_1782_4594.jpg"}}, {"type": "Feature", "geometry": {"type": "Point", "coordinates": [-156.7665177226282, 21.175561639480268]}, "properties": {"item_id": "3550_1782_4594_1152", "stop_id": "S070", "cls": "plastic_other", "cls_raw": "Plastic_ETC", "x": 731894.3474959305, "y": 2343210.9770623646, "r95_m": 3.0, "n_views": 1, "area_m2": 2.2865979785865265, "length_m": 2.6706164550784566, "h_p90_m": 0.0, "volume_m3": 0.0685979393575958, "valid_3d": false, "buried_suspect": false, "weight_est_kg": 5.4878351486076635, "weight_lo_kg": 3.658556765738443, "weight_hi_kg": 18.29278382869221, "weight_method": "2d:area×thick_range×rho", "crew": "1인", "tools": [], "weight_kg": null, "image": "molokai_3550_1782_4594.jpg"}}, {"type": "Feature", "geometry": {"type": "Point", "coordinates": [-156.76652545005658, 21.175565572730466]}, "properties": {"item_id": "3550_1782_4594_1153", "stop_id": "S070", "cls": "eps_buoy", "cls_raw": "Styrofoam_Buoy", "x": 731893.5387463446, "y": 2343211.4013135703, "r95_m": 3.0, "n_views": 1, "area_m2": 1.1456113184097276, "length_m": 1.1738220214845208, "h_p90_m": 0.0, "volume_m3": 0.4009639614434046, "valid_3d": false, "buried_suspect": false, "weight_est_kg": 10.024099036085115, "weight_lo_kg": 4.296042444036479, "weight_hi_kg": 11.456113184097278, "weight_method": "2d:area×thick_range×rho", "crew": "1인", "tools": [], "weight_kg": null, "image": "molokai_3550_1782_4594.jpg"}}, {"type": "Feature", "geometry": {"type": "Point", "coordinates": [-156.76652568614023, 21.175546270579332]}, "properties": {"item_id": "3550_1782_4594_1154", "stop_id": "S070", "cls": "eps_fragment", "cls_raw": "Styrofoam_Piece", "x": 731893.5443389905, "y": 2343209.263493829, "r95_m": 3.0, "n_views": 1, "area_m2": 0.2392665826827882, "length_m": 0.5265075683594405, "h_p90_m": 0.0, "volume_m3": 0.007177997480483645, "valid_3d": false, "buried_suspect": false, "weight_est_kg": 0.14355994960967292, "weight_lo_kg": 0.09570663307311529, "weight_hi_kg": 0.4785331653655764, "weight_method": "2d:area×thick_range×rho", "crew": "1인", "tools": [], "weight_kg": null, "image": "molokai_3550_1782_4594.jpg"}}, {"type": "Feature", "geometry": {"type": "Point", "coordinates": [-156.76651083937693, 21.17562604264801]}, "properties": {"item_id": "3550_1782_4594_1155", "stop_id": "S070", "cls": "net", "cls_raw": "Net", "x": 731894.961951057, "y": 2343218.1189882807, "r95_m": 3.0, "n_views": 1, "area_m2": 0.1483668320300426, "length_m": 0.4038534164429213, "h_p90_m": 0.0, "volume_m3": 0.017804019843605114, "valid_3d": false, "buried_suspect": false, "weight_est_kg": 2.670602976540767, "weight_lo_kg": 1.1127512402253197, "weight_hi_kg": 6.676507441351917, "weight_method": "2d:area×thick_range×rho", "crew": "1인", "tools": ["절단기"], "weight_kg": null, "image": "molokai_3550_1782_4594.jpg"}}, {"type": "Feature", "geometry": {"type": "Point", "coordinates": [-156.76648625269593, 21.175542247825106]}, "properties": {"item_id": "3550_1782_4594_1156", "stop_id": "S070", "cls": "plastic_other", "cls_raw": "Plastic_ETC", "x": 731897.646390168, "y": 2343208.875726998, "r95_m": 3.0, "n_views": 1, "area_m2": 0.42924321501861745, "length_m": 0.6653674316407077, "h_p90_m": 0.0, "volume_m3": 0.012877296450558523, "valid_3d": false, "buried_suspect": false, "weight_est_kg": 1.0301837160446818, "weight_lo_kg": 0.686789144029788, "weight_hi_kg": 3.43394572014894, "weight_method": "2d:area×thick_range×rho", "crew": "1인", "tools": [], "weight_kg": null, "image": "molokai_3550_1782_4594.jpg"}}, {"type": "Feature", "geometry": {"type": "Point", "coordinates": [-156.7665193196611, 21.175569910611827]}, "properties": {"item_id": "3550_2157_4610_1165", "stop_id": "S070", "cls": "eps_buoy", "cls_raw": "Styrofoam_Buoy", "x": 731894.1687153337, "y": 2343211.8906508493, "r95_m": 3.0, "n_views": 1, "area_m2": 0.7935991881219778, "length_m": 1.0626776885987648, "h_p90_m": 0.0, "volume_m3": 0.2777597158426922, "valid_3d": false, "buried_suspect": false, "weight_est_kg": 6.943992896067305, "weight_lo_kg": 2.975996955457417, "weight_hi_kg": 7.9359918812197785, "weight_method": "2d:area×thick_range×rho", "crew": "1인", "tools": [], "weight_kg": null, "image": "molokai_3550_2157_4610.jpg"}}, {"type": "Feature", "geometry": {"type": "Point", "coordinates": [-156.76651374547546, 21.175515635052214]}, "properties": {"item_id": "3550_2157_4610_1166", "stop_id": "S070", "cls": "pet_bottle", "cls_raw": "PET_Bottle", "x": 731894.8323574871, "y": 2343205.888461254, "r95_m": 3.0, "n_views": 1, "area_m2": 0.18300730855469483, "length_m": 0.6145605468750763, "h_p90_m": 0.0, "volume_m3": 0.010980438513281688, "valid_3d": false, "buried_suspect": false, "weight_est_kg": 0.3623544709382957, "weight_lo_kg": 0.3019620591152465, "weight_hi_kg": 0.603924118230493, "weight_method": "2d:area×thick_range×rho", "crew": "1인", "tools": [], "weight_kg": null, "image": "molokai_3550_2157_4610.jpg"}}, {"type": "Feature", "geometry": {"type": "Point", "coordinates": [-156.76650931685782, 21.17553561533698]}, "properties": {"item_id": "3550_2157_4610_1167", "stop_id": "S070", "cls": "pet_bottle", "cls_raw": "PET_Bottle", "x": 731895.2611664966, "y": 2343208.107510873, "r95_m": 3.0, "n_views": 1, "area_m2": 0.2931051975250972, "length_m": 0.6068823242188254, "h_p90_m": 0.0, "volume_m3": 0.01758631185150583, "valid_3d": false, "buried_suspect": false, "weight_est_kg": 0.5803482910996924, "weight_lo_kg": 0.4836235759164105, "weight_hi_kg": 0.967247151832821, "weight_method": "2d:area×thick_range×rho", "crew": "1인", "tools": [], "weight_kg": null, "image": "molokai_3550_2157_4610.jpg"}}, {"type": "Feature", "geometry": {"type": "Point", "coordinates": [-156.76652566043163, 21.175546265058628]}, "properties": {"item_id": "3550_2157_4610_1168", "stop_id": "S070", "cls": "eps_fragment", "cls_raw": "Styrofoam_Piece", "x": 731893.5470178406, "y": 2343209.2629200984, "r95_m": 3.0, "n_views": 1, "area_m2": 0.2346874371319661, "length_m": 0.5200576400757482, "h_p90_m": 0.0, "volume_m3": 0.007040623113958983, "valid_3d": false, "buried_suspect": false, "weight_est_kg": 0.14081246227917965, "weight_lo_kg": 0.09387497485278644, "weight_hi_kg": 0.46937487426393226, "weight_method": "2d:area×thick_range×rho", "crew": "1인", "tools": [], "weight_kg": null, "image": "molokai_3550_2157_4610.jpg"}}, {"type": "Feature", "geometry": {"type": "Point", "coordinates": [-156.76650594719928, 21.17554424217901]}, "properties": {"item_id": "3550_2157_4610_1169", "stop_id": "S070", "cls": "eps_fragment", "cls_raw": "Styrofoam_Piece", "x": 731895.5976988679, "y": 2343209.0677576913, "r95_m": 3.0, "n_views": 1, "area_m2": 0.2365394379020325, "length_m": 0.49876220703131197, "h_p90_m": 0.0, "volume_m3": 0.007096183137060974, "valid_3d": false, "buried_suspect": false, "weight_est_kg": 0.14192366274121948, "weight_lo_kg": 0.094615775160813, "weight_hi_kg": 0.473078875804065, "weight_method": "2d:area×thick_range×rho", "crew": "1인", "tools": [], "weight_kg": null, "image": "molokai_3550_2157_4610.jpg"}}, {"type": "Feature", "geometry": {"type": "Point", "coordinates": [-156.76652546561493, 21.175565449854453]}, "properties": {"item_id": "3550_2157_4610_1170", "stop_id": "S070", "cls": "eps_buoy", "cls_raw": "Styrofoam_Buoy", "x": 731893.537322069, "y": 2343211.3876838065, "r95_m": 3.0, "n_views": 1, "area_m2": 1.1417026339983611, "length_m": 1.1728198242188956, "h_p90_m": 0.0, "volume_m3": 0.3995959218994264, "valid_3d": false, "buried_suspect": false, "weight_est_kg": 9.98989804748566, "weight_lo_kg": 4.281384877493854, "weight_hi_kg": 11.417026339983611, "weight_method": "2d:area×thick_range×rho", "crew": "1인", "tools": [], "weight_kg": null, "image": "molokai_3550_2157_4610.jpg"}}, {"type": "Feature", "geometry": {"type": "Point", "coordinates": [-156.76650314075914, 21.17554716378161]}, "properties": {"item_id": "3550_2157_4610_1171", "stop_id": "S070", "cls": "plastic_buoy", "cls_raw": "Plastic_Buoy", "x": 731895.884633146, "y": 2343209.3953957115, "r95_m": 3.0, "n_views": 1, "area_m2": 0.16532753378753, "length_m": 0.40965087890630086, "h_p90_m": 0.0, "volume_m3": 0.049598260136259, "valid_3d": false, "buried_suspect": false, "weight_est_kg": 2.97589560817554, "weight_lo_kg": 1.48794780408777, "weight_hi_kg": 3.9678608109007203, "weight_method": "2d:area×thick_range×rho", "crew": "1인", "tools": [], "weight_kg": null, "image": "molokai_3550_2157_4610.jpg"}}, {"type": "Feature", "geometry": {"type": "Point", "coordinates": [-156.7665189248147, 21.175562797229]}, "properties": {"item_id": "3550_2157_4610_1172", "stop_id": "S070", "cls": "plastic_other", "cls_raw": "Plastic_ETC", "x": 731894.2208239937, "y": 2343211.1035095397, "r95_m": 3.0, "n_views": 1, "area_m2": 1.9407726769265885, "length_m": 2.0918991088869787, "h_p90_m": 0.0, "volume_m3": 0.058223180307797655, "valid_3d": false, "buried_suspect": false, "weight_est_kg": 4.657854424623812, "weight_lo_kg": 3.1052362830825415, "weight_hi_kg": 15.52618141541271, "weight_method": "2d:area×thick_range×rho", "crew": "1인", "tools": [], "weight_kg": null, "image": "molokai_3550_2157_4610.jpg"}}, {"type": "Feature", "geometry": {"type": "Point", "coordinates": [-156.7665266189754, 21.175551119570432]}, "properties": {"item_id": "3550_2157_4610_1173", "stop_id": "S070", "cls": "plastic_buoy", "cls_raw": "Plastic_Buoy", "x": 731893.4398846015, "y": 2343209.7990945475, "r95_m": 3.0, "n_views": 1, "area_m2": 0.1220892098238995, "length_m": 0.3709521484375461, "h_p90_m": 0.0, "volume_m3": 0.03662676294716985, "valid_3d": false, "buried_suspect": false, "weight_est_kg": 2.197605776830191, "weight_lo_kg": 1.0988028884150955, "weight_hi_kg": 2.930141035773588, "weight_method": "2d:area×thick_range×rho", "crew": "1인", "tools": [], "weight_kg": null, "image": "molokai_3550_2157_4610.jpg"}}, {"type": "Feature", "geometry": {"type": "Point", "coordinates": [-156.76646126417467, 21.175557862363735]}, "properties": {"item_id": "3550_2157_4610_1174", "stop_id": "S070", "cls": "plastic_other", "cls_raw": "Plastic_ETC", "x": 731900.2174747863, "y": 2343210.641410411, "r95_m": 3.0, "n_views": 1, "area_m2": 0.4183927583457079, "length_m": 0.6633032226563323, "h_p90_m": 0.0, "volume_m3": 0.012551782750371237, "valid_3d": false, "buried_suspect": false, "weight_est_kg": 1.004142620029699, "weight_lo_kg": 0.6694284133531326, "weight_hi_kg": 3.347142066765663, "weight_method": "2d:area×thick_range×rho", "crew": "1인", "tools": [], "weight_kg": null, "image": "molokai_3550_2157_4610.jpg"}}, {"type": "Feature", "geometry": {"type": "Point", "coordinates": [-156.76652661691978, 21.175518027749135]}, "properties": {"item_id": "3550_2157_4610_1175", "stop_id": "S070", "cls": "pet_bottle", "cls_raw": "PET_Bottle", "x": 731893.4917251191, "y": 2343206.134588027, "r95_m": 3.0, "n_views": 1, "area_m2": 0.22973870838066682, "length_m": 0.5903448867798585, "h_p90_m": 0.0, "volume_m3": 0.013784322502840009, "valid_3d": false, "buried_suspect": false, "weight_est_kg": 0.4548826425937203, "weight_lo_kg": 0.37906886882810026, "weight_hi_kg": 0.7581377376562005, "weight_method": "2d:area×thick_range×rho", "crew": "1인", "tools": [], "weight_kg": null, "image": "molokai_3550_2157_4610.jpg"}}, {"type": "Feature", "geometry": {"type": "Point", "coordinates": [-156.76645658401458, 21.175576828549676]}, "properties": {"item_id": "3550_2157_4610_1176", "stop_id": "S070", "cls": "pet_bottle", "cls_raw": "PET_Bottle", "x": 731900.6739916294, "y": 2343212.7485294607, "r95_m": 3.0, "n_views": 1, "area_m2": 0.2704138912261204, "length_m": 0.7142333984375887, "h_p90_m": 0.0, "volume_m3": 0.016224833473567225, "valid_3d": false, "buried_suspect": false, "weight_est_kg": 0.5354195046277184, "weight_lo_kg": 0.4461829205230987, "weight_hi_kg": 0.8923658410461974, "weight_method": "2d:area×thick_range×rho", "crew": "1인", "tools": [], "weight_kg": null, "image": "molokai_3550_2157_4610.jpg"}}, {"type": "Feature", "geometry": {"type": "Point", "coordinates": [-156.76651869042115, 21.17553784546106]}, "properties": {"item_id": "3550_2157_4610_1177", "stop_id": "S070", "cls": "pet_bottle", "cls_raw": "PET_Bottle", "x": 731894.2840971628, "y": 2343208.34075312, "r95_m": 3.0, "n_views": 1, "area_m2": 0.27692217554531423, "length_m": 0.6427319335938299, "h_p90_m": 0.0, "volume_m3": 0.016615330532718853, "valid_3d": false, "buried_suspect": false, "weight_est_kg": 0.5483059075797221, "weight_lo_kg": 0.45692158964976853, "weight_hi_kg": 0.9138431792995371, "weight_method": "2d:area×thick_range×rho", "crew": "1인", "tools": [], "weight_kg": null, "image": "molokai_3550_2157_4610.jpg"}}, {"type": "Feature", "geometry": {"type": "Point", "coordinates": [-156.78274313952633, 21.17386989296819]}, "properties": {"item_id": "3754_7750_5080_1188", "stop_id": "S071", "cls": "plastic_other", "cls_raw": "Plastic_ETC", "x": 730211.7132766233, "y": 2342999.9823284736, "r95_m": 3.0, "n_views": 1, "area_m2": 0.42861304029833, "length_m": 0.6586303710938318, "h_p90_m": 0.0, "volume_m3": 0.0128583912089499, "valid_3d": false, "buried_suspect": false, "weight_est_kg": 1.028671296715992, "weight_lo_kg": 0.6857808644773279, "weight_hi_kg": 3.4289043223866402, "weight_method": "2d:area×thick_range×rho", "crew": "1인", "tools": [], "weight_kg": null, "image": "molokai_3754_7750_5080.jpg"}}, {"type": "Feature", "geometry": {"type": "Point", "coordinates": [-156.7827522710504, 21.173869079224986]}, "properties": {"item_id": "3754_7750_5080_1189", "stop_id": "S071", "cls": "pet_bottle", "cls_raw": "PET_Bottle", "x": 730210.7660833974, "y": 2342999.8789532064, "r95_m": 3.0, "n_views": 1, "area_m2": 0.19584427911048036, "length_m": 0.6250122070313276, "h_p90_m": 0.0, "volume_m3": 0.011750656746628821, "valid_3d": false, "buried_suspect": false, "weight_est_kg": 0.3877716726387511, "weight_lo_kg": 0.32314306053229264, "weight_hi_kg": 0.6462861210645853, "weight_method": "2d:area×thick_range×rho", "crew": "1인", "tools": [], "weight_kg": null, "image": "molokai_3754_7750_5080.jpg"}}, {"type": "Feature", "geometry": {"type": "Point", "coordinates": [-156.7798723256426, 21.17291706175984]}, "properties": {"item_id": "3755_7770_12596_1196", "stop_id": "S072", "cls": "eps_fragment", "cls_raw": "Styrofoam_Piece", "x": 730511.3704690828, "y": 2342898.641528713, "r95_m": 3.0, "n_views": 1, "area_m2": 0.26760533784634566, "length_m": 0.5372094726563167, "h_p90_m": 0.0, "volume_m3": 0.00802816013539037, "valid_3d": false, "buried_suspect": false, "weight_est_kg": 0.1605632027078074, "weight_lo_kg": 0.10704213513853826, "weight_hi_kg": 0.5352106756926913, "weight_method": "2d:area×thick_range×rho", "crew": "1인", "tools": [], "weight_kg": null, "image": "molokai_3755_7770_12596.jpg"}}, {"type": "Feature", "geometry": {"type": "Point", "coordinates": [-156.77985556006024, 21.17287647310557]}, "properties": {"item_id": "3755_7770_12596_1197", "stop_id": "S072", "cls": "eps_fragment", "cls_raw": "Styrofoam_Piece", "x": 730513.1747908032, "y": 2342894.1712529464, "r95_m": 3.0, "n_views": 1, "area_m2": 0.1813693135500405, "length_m": 0.5010107421875623, "h_p90_m": 0.0, "volume_m3": 0.005441079406501214, "valid_3d": false, "buried_suspect": false, "weight_est_kg": 0.1088215881300243, "weight_lo_kg": 0.0725477254200162, "weight_hi_kg": 0.362738627100081, "weight_method": "2d:area×thick_range×rho", "crew": "1인", "tools": [], "weight_kg": null, "image": "molokai_3755_7770_12596.jpg"}}, {"type": "Feature", "geometry": {"type": "Point", "coordinates": [-156.77990749784036, 21.17296402384758]}, "properties": {"item_id": "3755_7770_12596_1198", "stop_id": "S072", "cls": "eps_fragment", "cls_raw": "Styrofoam_Piece", "x": 730507.6444327193, "y": 2342903.790808406, "r95_m": 3.0, "n_views": 1, "area_m2": 0.11132990638728227, "length_m": 0.394439697265674, "h_p90_m": 0.0, "volume_m3": 0.0033398971916184677, "valid_3d": false, "buried_suspect": false, "weight_est_kg": 0.06679794383236935, "weight_lo_kg": 0.04453196255491291, "weight_hi_kg": 0.22265981277456454, "weight_method": "2d:area×thick_range×rho", "crew": "1인", "tools": [], "weight_kg": null, "image": "molokai_3755_7770_12596.jpg"}}, {"type": "Feature", "geometry": {"type": "Point", "coordinates": [-156.77987532580852, 21.17294818557399]}, "properties": {"item_id": "3755_7770_12596_1199", "stop_id": "S072", "cls": "pet_bottle", "cls_raw": "PET_Bottle", "x": 730511.0105916844, "y": 2342902.083718285, "r95_m": 3.0, "n_views": 1, "area_m2": 0.21148380010654816, "length_m": 0.8011242675782245, "h_p90_m": 0.0, "volume_m3": 0.01268902800639289, "valid_3d": false, "buried_suspect": false, "weight_est_kg": 0.41873792421096534, "weight_lo_kg": 0.3489482701758045, "weight_hi_kg": 0.697896540351609, "weight_method": "2d:area×thick_range×rho", "crew": "1인", "tools": [], "weight_kg": null, "image": "molokai_3755_7770_12596.jpg"}}, {"type": "Feature", "geometry": {"type": "Point", "coordinates": [-156.77987447448376, 21.172909702432545]}, "properties": {"item_id": "3755_7770_12596_1200", "stop_id": "S072", "cls": "pet_bottle", "cls_raw": "PET_Bottle", "x": 730511.1586874091, "y": 2342897.8234547805, "r95_m": 3.0, "n_views": 1, "area_m2": 0.3533517273367329, "length_m": 0.6419091796875798, "h_p90_m": 0.0, "volume_m3": 0.021201103640203976, "valid_3d": false, "buried_suspect": false, "weight_est_kg": 0.6996364201267312, "weight_lo_kg": 0.5830303501056093, "weight_hi_kg": 1.1660607002112187, "weight_method": "2d:area×thick_range×rho", "crew": "1인", "tools": [], "weight_kg": null, "image": "molokai_3755_7770_12596.jpg"}}, {"type": "Feature", "geometry": {"type": "Point", "coordinates": [-156.77989843094053, 21.172929767998834]}, "properties": {"item_id": "3755_7770_12596_1201", "stop_id": "S072", "cls": "eps_fragment", "cls_raw": "Styrofoam_Piece", "x": 730508.6392971507, "y": 2342900.0106104794, "r95_m": 3.0, "n_views": 1, "area_m2": 0.22398094412019454, "length_m": 0.5198815917969396, "h_p90_m": 0.0, "volume_m3": 0.006719428323605836, "valid_3d": false, "buried_suspect": false, "weight_est_kg": 0.13438856647211672, "weight_lo_kg": 0.08959237764807781, "weight_hi_kg": 0.4479618882403891, "weight_method": "2d:area×thick_range×rho", "crew": "1인", "tools": [], "weight_kg": null, "image": "molokai_3755_7770_12596.jpg"}}, {"type": "Feature", "geometry": {"type": "Point", "coordinates": [-156.7798379062842, 21.17295263804056]}, "properties": {"item_id": "3755_7770_12596_1202", "stop_id": "S072", "cls": "pet_bottle", "cls_raw": "PET_Bottle", "x": 730514.890327744, "y": 2342902.6311933855, "r95_m": 3.0, "n_views": 1, "area_m2": 0.25594338448277515, "length_m": 0.5430413818360049, "h_p90_m": 0.0, "volume_m3": 0.015356603068966508, "valid_3d": false, "buried_suspect": false, "weight_est_kg": 0.5067679012758948, "weight_lo_kg": 0.42230658439657903, "weight_hi_kg": 0.8446131687931581, "weight_method": "2d:area×thick_range×rho", "crew": "1인", "tools": [], "weight_kg": null, "image": "molokai_3755_7770_12596.jpg"}}, {"type": "Feature", "geometry": {"type": "Point", "coordinates": [-156.77976218105886, 21.172951255447433]}, "properties": {"item_id": "3755_8108_12325_1210", "stop_id": "S072", "cls": "eps_fragment", "cls_raw": "Styrofoam_Piece", "x": 730522.7577961086, "y": 2342902.5882270457, "r95_m": 3.0, "n_views": 1, "area_m2": 0.21142241907721052, "length_m": 0.47783691406255935, "h_p90_m": 0.0, "volume_m3": 0.006342672572316316, "valid_3d": false, "buried_suspect": false, "weight_est_kg": 0.12685345144632632, "weight_lo_kg": 0.0845689676308842, "weight_hi_kg": 0.4228448381544211, "weight_method": "2d:area×thick_range×rho", "crew": "1인", "tools": [], "weight_kg": null, "image": "molokai_3755_8108_12325.jpg"}}, {"type": "Feature", "geometry": {"type": "Point", "coordinates": [-156.77986628132987, 21.17297899465778]}, "properties": {"item_id": "3755_8108_12325_1211", "stop_id": "S072", "cls": "pet_bottle", "cls_raw": "PET_Bottle", "x": 730511.9022388115, "y": 2342905.5085732546, "r95_m": 3.0, "n_views": 1, "area_m2": 0.2521545816976738, "length_m": 0.6099475097657008, "h_p90_m": 0.0, "volume_m3": 0.015129274901860426, "valid_3d": false, "buried_suspect": false, "weight_est_kg": 0.4992660717613941, "weight_lo_kg": 0.41605505980116175, "weight_hi_kg": 0.8321101196023235, "weight_method": "2d:area×thick_range×rho", "crew": "1인", "tools": [], "weight_kg": null, "image": "molokai_3755_8108_12325.jpg"}}, {"type": "Feature", "geometry": {"type": "Point", "coordinates": [-156.77979879423532, 21.173011412513134]}, "properties": {"item_id": "3755_8108_12325_1212", "stop_id": "S072", "cls": "eps_fragment", "cls_raw": "Styrofoam_Piece", "x": 730518.8616263447, "y": 2342909.196578908, "r95_m": 3.0, "n_views": 1, "area_m2": 0.20379566022945045, "length_m": 0.4609802246094323, "h_p90_m": 0.0, "volume_m3": 0.006113869806883513, "valid_3d": false, "buried_suspect": false, "weight_est_kg": 0.12227739613767026, "weight_lo_kg": 0.08151826409178019, "weight_hi_kg": 0.40759132045890095, "weight_method": "2d:area×thick_range×rho", "crew": "1인", "tools": [], "weight_kg": null, "image": "molokai_3755_8108_12325.jpg"}}, {"type": "Feature", "geometry": {"type": "Point", "coordinates": [-156.7797979215149, 21.17299840216802]}, "properties": {"item_id": "3755_8108_12325_1213", "stop_id": "S072", "cls": "plastic_buoy", "cls_raw": "Plastic_Buoy", "x": 730518.9724472908, "y": 2342907.7571235956, "r95_m": 3.0, "n_views": 1, "area_m2": 0.3252157188624952, "length_m": 0.6275317382813279, "h_p90_m": 0.0, "volume_m3": 0.09756471565874855, "valid_3d": false, "buried_suspect": false, "weight_est_kg": 5.8538829395249135, "weight_lo_kg": 2.9269414697624567, "weight_hi_kg": 7.805177252699885, "weight_method": "2d:area×thick_range×rho", "crew": "1인", "tools": [], "weight_kg": null, "image": "molokai_3755_8108_12325.jpg"}}, {"type": "Feature", "geometry": {"type": "Point", "coordinates": [-156.7797711018319, 21.172945330447522]}, "properties": {"item_id": "3755_8108_12325_1214", "stop_id": "S072", "cls": "plastic_buoy", "cls_raw": "Plastic_Buoy_China", "x": 730521.8404130677, "y": 2342901.9191363053, "r95_m": 3.0, "n_views": 1, "area_m2": 0.19764989823107862, "length_m": 0.5031738281250625, "h_p90_m": 0.0, "volume_m3": 0.05929496946932358, "valid_3d": false, "buried_suspect": false, "weight_est_kg": 3.557698168159415, "weight_lo_kg": 1.7788490840797075, "weight_hi_kg": 4.743597557545887, "weight_method": "2d:area×thick_range×rho", "crew": "1인", "tools": [], "weight_kg": null, "image": "molokai_3755_8108_12325.jpg"}}, {"type": "Feature", "geometry": {"type": "Point", "coordinates": [-156.94371057709208, 21.172843934013052]}, "properties": {"item_id": "3908_11044_9786_1224", "stop_id": "S073", "cls": "pet_bottle", "cls_raw": "PET_Bottle", "x": 713494.8283300288, "y": 2342661.069424728, "r95_m": 3.0, "n_views": 1, "area_m2": 0.37772140803174964, "length_m": 0.9755935668946625, "h_p90_m": 0.0, "volume_m3": 0.022663284481904977, "valid_3d": false, "buried_suspect": false, "weight_est_kg": 0.7478883879028643, "weight_lo_kg": 0.623240323252387, "weight_hi_kg": 1.246480646504774, "weight_method": "2d:area×thick_range×rho", "crew": "1인", "tools": [], "weight_kg": null, "image": "molokai_3908_11044_9786.jpg"}}, {"type": "Feature", "geometry": {"type": "Point", "coordinates": [-156.9436812074197, 21.172812068836567]}, "properties": {"item_id": "3908_11044_9786_1225", "stop_id": "S073", "cls": "plastic_other", "cls_raw": "Plastic_ETC", "x": 713497.9243760082, "y": 2342657.5806127083, "r95_m": 3.0, "n_views": 1, "area_m2": 0.423156361544246, "length_m": 0.6957958984375936, "h_p90_m": 0.0, "volume_m3": 0.01269469084632738, "valid_3d": false, "buried_suspect": false, "weight_est_kg": 1.0155752677061904, "weight_lo_kg": 0.6770501784707937, "weight_hi_kg": 3.385250892353968, "weight_method": "2d:area×thick_range×rho", "crew": "1인", "tools": [], "weight_kg": null, "image": "molokai_3908_11044_9786.jpg"}}, {"type": "Feature", "geometry": {"type": "Point", "coordinates": [-156.8082580280771, 21.172676547286]}, "properties": {"item_id": "3955_10207_1017_1226", "stop_id": "S074", "cls": "pet_bottle", "cls_raw": "PET_Bottle", "x": 727563.4315748195, "y": 2342830.988718928, "r95_m": 3.0, "n_views": 1, "area_m2": 0.3907113619343417, "length_m": 0.6258557128907027, "h_p90_m": 0.0, "volume_m3": 0.023442681716060502, "valid_3d": false, "buried_suspect": false, "weight_est_kg": 0.7736084966299965, "weight_lo_kg": 0.6446737471916638, "weight_hi_kg": 1.2893474943833276, "weight_method": "2d:area×thick_range×rho", "crew": "1인", "tools": [], "weight_kg": null, "image": "molokai_3955_10207_1017.jpg"}}, {"type": "Feature", "geometry": {"type": "Point", "coordinates": [-156.80826473719551, 21.172688232972327]}, "properties": {"item_id": "3955_10207_1017_1227", "stop_id": "S074", "cls": "pet_bottle", "cls_raw": "PET_Bottle", "x": 727562.7168425902, "y": 2342832.2731040134, "r95_m": 3.0, "n_views": 1, "area_m2": 0.2280105735175878, "length_m": 0.5288586425781907, "h_p90_m": 0.0, "volume_m3": 0.013680634411055267, "valid_3d": false, "buried_suspect": false, "weight_est_kg": 0.4514609355648238, "weight_lo_kg": 0.3762174463040199, "weight_hi_kg": 0.7524348926080398, "weight_method": "2d:area×thick_range×rho", "crew": "1인", "tools": [], "weight_kg": null, "image": "molokai_3955_10207_1017.jpg"}}, {"type": "Feature", "geometry": {"type": "Point", "coordinates": [-156.8082546632536, 21.17269520820518]}, "properties": {"item_id": "3955_10207_1017_1228", "stop_id": "S074", "cls": "pet_bottle", "cls_raw": "PET_Bottle", "x": 727563.7524989748, "y": 2342833.059971882, "r95_m": 3.0, "n_views": 1, "area_m2": 0.3464776732833054, "length_m": 0.6279760742188281, "h_p90_m": 0.0, "volume_m3": 0.020788660396998324, "valid_3d": false, "buried_suspect": false, "weight_est_kg": 0.6860257931009447, "weight_lo_kg": 0.571688160917454, "weight_hi_kg": 1.143376321834908, "weight_method": "2d:area×thick_range×rho", "crew": "1인", "tools": [], "weight_kg": null, "image": "molokai_3955_10207_1017.jpg"}}, {"type": "Feature", "geometry": {"type": "Point", "coordinates": [-156.80834329385127, 21.172654976815096]}, "properties": {"item_id": "3955_10207_1017_1229", "stop_id": "S074", "cls": "pet_bottle", "cls_raw": "PET_Bottle", "x": 727554.6084321605, "y": 2342828.477689889, "r95_m": 3.0, "n_views": 1, "area_m2": 0.14078593030016642, "length_m": 0.5510307312012404, "h_p90_m": 0.0, "volume_m3": 0.008447155818009986, "valid_3d": false, "buried_suspect": false, "weight_est_kg": 0.2787561419943295, "weight_lo_kg": 0.2322967849952746, "weight_hi_kg": 0.4645935699905492, "weight_method": "2d:area×thick_range×rho", "crew": "1인", "tools": [], "weight_kg": null, "image": "molokai_3955_10207_1017.jpg"}}, {"type": "Feature", "geometry": {"type": "Point", "coordinates": [-156.79913362035805, 21.17202904935437]}, "properties": {"item_id": "3958_12886_4117_1236", "stop_id": "S075", "cls": "eps_fragment", "cls_raw": "Styrofoam_Piece", "x": 728512.1387860936, "y": 2342772.4151533665, "r95_m": 3.0, "n_views": 1, "area_m2": 0.24106426063148706, "length_m": 0.5124029541016262, "h_p90_m": 0.0, "volume_m3": 0.007231927818944612, "valid_3d": false, "buried_suspect": false, "weight_est_kg": 0.14463855637889222, "weight_lo_kg": 0.09642570425259482, "weight_hi_kg": 0.4821285212629742, "weight_method": "2d:area×thick_range×rho", "crew": "1인", "tools": [], "weight_kg": null, "image": "molokai_3958_12886_4117.jpg"}}, {"type": "Feature", "geometry": {"type": "Point", "coordinates": [-156.79908107013233, 21.171938962695094]}, "properties": {"item_id": "3958_12886_4117_1237", "stop_id": "S075", "cls": "plastic_buoy", "cls_raw": "Plastic_Buoy", "x": 728517.7354527846, "y": 2342762.515100247, "r95_m": 3.0, "n_views": 1, "area_m2": 0.21256194314961946, "length_m": 0.4724316406250587, "h_p90_m": 0.0, "volume_m3": 0.06376858294488584, "valid_3d": false, "buried_suspect": false, "weight_est_kg": 3.8261149766931504, "weight_lo_kg": 1.9130574883465752, "weight_hi_kg": 5.1014866355908675, "weight_method": "2d:area×thick_range×rho", "crew": "1인", "tools": [], "weight_kg": null, "image": "molokai_3958_12886_4117.jpg"}}, {"type": "Feature", "geometry": {"type": "Point", "coordinates": [-156.79917274266333, 21.172002377232864]}, "properties": {"item_id": "3958_12886_4117_1238", "stop_id": "S075", "cls": "pet_bottle", "cls_raw": "PET_Bottle", "x": 728508.1162934902, "y": 2342769.40519368, "r95_m": 3.0, "n_views": 1, "area_m2": 0.1639582126355206, "length_m": 0.47589874267584037, "h_p90_m": 0.0, "volume_m3": 0.009837492758131236, "valid_3d": false, "buried_suspect": false, "weight_est_kg": 0.3246372610183308, "weight_lo_kg": 0.270531050848609, "weight_hi_kg": 0.541062101697218, "weight_method": "2d:area×thick_range×rho", "crew": "1인", "tools": [], "weight_kg": null, "image": "molokai_3958_12886_4117.jpg"}}, {"type": "Feature", "geometry": {"type": "Point", "coordinates": [-156.7991387796159, 21.172017613241568]}, "properties": {"item_id": "3958_12886_4117_1239", "stop_id": "S075", "cls": "eps_fragment", "cls_raw": "Styrofoam_Piece", "x": 728511.6204909785, "y": 2342771.14132859, "r95_m": 3.0, "n_views": 1, "area_m2": 0.16081714676697076, "length_m": 0.42312622070317757, "h_p90_m": 0.0, "volume_m3": 0.004824514403009123, "valid_3d": false, "buried_suspect": false, "weight_est_kg": 0.09649028806018245, "weight_lo_kg": 0.06432685870678831, "weight_hi_kg": 0.3216342935339416, "weight_method": "2d:area×thick_range×rho", "crew": "1인", "tools": [], "weight_kg": null, "image": "molokai_3958_12886_4117.jpg"}}, {"type": "Feature", "geometry": {"type": "Point", "coordinates": [-156.79914385118997, 21.17198882953468]}, "properties": {"item_id": "3958_12886_4117_1240", "stop_id": "S075", "cls": "eps_fragment", "cls_raw": "Styrofoam_Piece", "x": 728511.1379670475, "y": 2342767.9466311475, "r95_m": 3.0, "n_views": 1, "area_m2": 0.13964062394205223, "length_m": 0.37796386718754693, "h_p90_m": 0.0, "volume_m3": 0.004189218718261567, "valid_3d": false, "buried_suspect": false, "weight_est_kg": 0.08378437436523134, "weight_lo_kg": 0.0558562495768209, "weight_hi_kg": 0.27928124788410447, "weight_method": "2d:area×thick_range×rho", "crew": "1인", "tools": [], "weight_kg": null, "image": "molokai_3958_12886_4117.jpg"}}, {"type": "Feature", "geometry": {"type": "Point", "coordinates": [-156.79906507957975, 21.171967918559464]}, "properties": {"item_id": "3958_12886_4117_1241", "stop_id": "S075", "cls": "eps_fragment", "cls_raw": "Styrofoam_Piece", "x": 728519.3518252617, "y": 2342765.7446042146, "r95_m": 3.0, "n_views": 1, "area_m2": 0.23872218073612422, "length_m": 0.5229077148438149, "h_p90_m": 0.0, "volume_m3": 0.007161665422083727, "valid_3d": false, "buried_suspect": false, "weight_est_kg": 0.14323330844167453, "weight_lo_kg": 0.09548887229444969, "weight_hi_kg": 0.47744436147224845, "weight_method": "2d:area×thick_range×rho", "crew": "1인", "tools": [], "weight_kg": null, "image": "molokai_3958_12886_4117.jpg"}}, {"type": "Feature", "geometry": {"type": "Point", "coordinates": [-156.7991740113705, 21.172011776677987]}, "properties": {"item_id": "3958_12886_4117_1242", "stop_id": "S075", "cls": "eps_fragment", "cls_raw": "Styrofoam_Piece", "x": 728507.9700704825, "y": 2342770.4442193583, "r95_m": 3.0, "n_views": 1, "area_m2": 0.06707949207503618, "length_m": 0.2681536865234708, "h_p90_m": 0.0, "volume_m3": 0.002012384762251085, "valid_3d": false, "buried_suspect": false, "weight_est_kg": 0.0402476952450217, "weight_lo_kg": 0.026831796830014472, "weight_hi_kg": 0.13415898415007235, "weight_method": "2d:area×thick_range×rho", "crew": "1인", "tools": [], "weight_kg": null, "image": "molokai_3958_12886_4117.jpg"}}, {"type": "Feature", "geometry": {"type": "Point", "coordinates": [-156.79917221859657, 21.171995527648924]}, "properties": {"item_id": "3958_12886_4117_1243", "stop_id": "S075", "cls": "eps_fragment", "cls_raw": "Styrofoam_Piece", "x": 728508.1812542875, "y": 2342768.647455302, "r95_m": 3.0, "n_views": 1, "area_m2": 0.11023783384564277, "length_m": 0.507091064453188, "h_p90_m": 0.0, "volume_m3": 0.003307135015369283, "valid_3d": false, "buried_suspect": false, "weight_est_kg": 0.06614270030738567, "weight_lo_kg": 0.044095133538257114, "weight_hi_kg": 0.22047566769128557, "weight_method": "2d:area×thick_range×rho", "crew": "1인", "tools": [], "weight_kg": null, "image": "molokai_3958_12886_4117.jpg"}}, {"type": "Feature", "geometry": {"type": "Point", "coordinates": [-156.79912224776683, 21.172003036301607]}, "properties": {"item_id": "3958_12886_4117_1244", "stop_id": "S075", "cls": "eps_fragment", "cls_raw": "Styrofoam_Piece", "x": 728513.3599982358, "y": 2342769.5509738834, "r95_m": 3.0, "n_views": 1, "area_m2": 0.12742839803549832, "length_m": 0.40987548828130094, "h_p90_m": 0.0, "volume_m3": 0.0038228519410649494, "valid_3d": false, "buried_suspect": false, "weight_est_kg": 0.07645703882129899, "weight_lo_kg": 0.05097135921419933, "weight_hi_kg": 0.25485679607099665, "weight_method": "2d:area×thick_range×rho", "crew": "1인", "tools": [], "weight_kg": null, "image": "molokai_3958_12886_4117.jpg"}}, {"type": "Feature", "geometry": {"type": "Point", "coordinates": [-156.79908265553098, 21.171941645792778]}, "properties": {"item_id": "3958_12886_4117_1245", "stop_id": "S075", "cls": "plastic_other", "cls_raw": "Plastic_ETC", "x": 728517.5666591029, "y": 2342762.8099294216, "r95_m": 3.0, "n_views": 1, "area_m2": 0.19246982001369012, "length_m": 0.5471429443360055, "h_p90_m": 0.0, "volume_m3": 0.005774094600410703, "valid_3d": false, "buried_suspect": false, "weight_est_kg": 0.4619275680328563, "weight_lo_kg": 0.3079517120219042, "weight_hi_kg": 1.539758560109521, "weight_method": "2d:area×thick_range×rho", "crew": "1인", "tools": [], "weight_kg": null, "image": "molokai_3958_12886_4117.jpg"}}, {"type": "Feature", "geometry": {"type": "Point", "coordinates": [-156.7991586543188, 21.171996804303344]}, "properties": {"item_id": "3958_12886_4117_1246", "stop_id": "S075", "cls": "eps_fragment", "cls_raw": "Styrofoam_Piece", "x": 728509.5881633536, "y": 2342768.808381853, "r95_m": 3.0, "n_views": 1, "area_m2": 0.4045012497783712, "length_m": 0.8762109375001088, "h_p90_m": 0.0, "volume_m3": 0.012135037493351136, "valid_3d": false, "buried_suspect": false, "weight_est_kg": 0.24270074986702272, "weight_lo_kg": 0.16180049991134848, "weight_hi_kg": 0.8090024995567424, "weight_method": "2d:area×thick_range×rho", "crew": "1인", "tools": [], "weight_kg": null, "image": "molokai_3958_12886_4117.jpg"}}, {"type": "Feature", "geometry": {"type": "Point", "coordinates": [-156.79913356827657, 21.172029114652368]}, "properties": {"item_id": "3958_12935_3790_1253", "stop_id": "S075", "cls": "eps_fragment", "cls_raw": "Styrofoam_Piece", "x": 728512.144095237, "y": 2342772.422459276, "r95_m": 3.0, "n_views": 1, "area_m2": 0.24380044447934723, "length_m": 0.5289636230469407, "h_p90_m": 0.0, "volume_m3": 0.007314013334380417, "valid_3d": false, "buried_suspect": false, "weight_est_kg": 0.14628026668760835, "weight_lo_kg": 0.09752017779173891, "weight_hi_kg": 0.48760088895869447, "weight_method": "2d:area×thick_range×rho", "crew": "1인", "tools": [], "weight_kg": null, "image": "molokai_3958_12935_3790.jpg"}}, {"type": "Feature", "geometry": {"type": "Point", "coordinates": [-156.7991092100792, 21.17205115756835]}, "properties": {"item_id": "3958_12935_3790_1254", "stop_id": "S075", "cls": "eps_fragment", "cls_raw": "Styrofoam_Piece", "x": 728514.6402091382, "y": 2342774.8985157893, "r95_m": 3.0, "n_views": 1, "area_m2": 0.45940082694303486, "length_m": 0.7288122558594655, "h_p90_m": 0.0, "volume_m3": 0.013782024808291046, "valid_3d": false, "buried_suspect": false, "weight_est_kg": 0.2756404961658209, "weight_lo_kg": 0.18376033077721396, "weight_hi_kg": 0.9188016538860698, "weight_method": "2d:area×thick_range×rho", "crew": "1인", "tools": [], "weight_kg": null, "image": "molokai_3958_12935_3790.jpg"}}, {"type": "Feature", "geometry": {"type": "Point", "coordinates": [-156.79914116597558, 21.172079780633563]}, "properties": {"item_id": "3958_12935_3790_1255", "stop_id": "S075", "cls": "eps_fragment", "cls_raw": "Styrofoam_Piece", "x": 728511.2770747733, "y": 2342778.0220419597, "r95_m": 3.0, "n_views": 1, "area_m2": 0.20281402775650298, "length_m": 0.4628259277344325, "h_p90_m": 0.0, "volume_m3": 0.006084420832695089, "valid_3d": false, "buried_suspect": false, "weight_est_kg": 0.12168841665390179, "weight_lo_kg": 0.08112561110260119, "weight_hi_kg": 0.40562805551300596, "weight_method": "2d:area×thick_range×rho", "crew": "1인", "tools": [], "weight_kg": null, "image": "molokai_3958_12935_3790.jpg"}}, {"type": "Feature", "geometry": {"type": "Point", "coordinates": [-156.79913198928256, 21.17205254692128]}, "properties": {"item_id": "3958_12935_3790_1256", "stop_id": "S075", "cls": "plastic_buoy", "cls_raw": "Plastic_Buoy", "x": 728512.2720829456, "y": 2342775.0195259573, "r95_m": 3.0, "n_views": 1, "area_m2": 0.15731183471385574, "length_m": 0.40934326171880087, "h_p90_m": 0.0, "volume_m3": 0.04719355041415672, "valid_3d": false, "buried_suspect": false, "weight_est_kg": 2.831613024849403, "weight_lo_kg": 1.4158065124247015, "weight_hi_kg": 3.775484033132538, "weight_method": "2d:area×thick_range×rho", "crew": "1인", "tools": [], "weight_kg": null, "image": "molokai_3958_12935_3790.jpg"}}, {"type": "Feature", "geometry": {"type": "Point", "coordinates": [-156.79913880660715, 21.17201761712603]}, "properties": {"item_id": "3958_12935_3790_1257", "stop_id": "S075", "cls": "eps_fragment", "cls_raw": "Styrofoam_Piece", "x": 728511.6176815265, "y": 2342771.141719826, "r95_m": 3.0, "n_views": 1, "area_m2": 0.1674986794144331, "length_m": 0.43416259765630394, "h_p90_m": 0.0, "volume_m3": 0.0050249603824329934, "valid_3d": false, "buried_suspect": false, "weight_est_kg": 0.10049920764865987, "weight_lo_kg": 0.06699947176577324, "weight_hi_kg": 0.3349973588288662, "weight_method": "2d:area×thick_range×rho", "crew": "1인", "tools": [], "weight_kg": null, "image": "molokai_3958_12935_3790.jpg"}}, {"type": "Feature", "geometry": {"type": "Point", "coordinates": [-156.799145392462, 21.172056903845252]}, "properties": {"item_id": "3958_12935_3790_1258", "stop_id": "S075", "cls": "pet_bottle", "cls_raw": "PET_Bottle", "x": 728510.8732480673, "y": 2342775.4826699956, "r95_m": 3.0, "n_views": 1, "area_m2": 0.24595367075583488, "length_m": 0.8131060791016635, "h_p90_m": 0.0, "volume_m3": 0.014757220245350092, "valid_3d": false, "buried_suspect": false, "weight_est_kg": 0.48698826809655305, "weight_lo_kg": 0.4058235567471276, "weight_hi_kg": 0.8116471134942552, "weight_method": "2d:area×thick_range×rho", "crew": "1인", "tools": [], "weight_kg": null, "image": "molokai_3958_12935_3790.jpg"}}, {"type": "Feature", "geometry": {"type": "Point", "coordinates": [-156.79912225727776, 21.17200297415053]}, "properties": {"item_id": "3958_12935_3790_1259", "stop_id": "S075", "cls": "eps_fragment", "cls_raw": "Styrofoam_Piece", "x": 728513.3591059004, "y": 2342769.5440778243, "r95_m": 3.0, "n_views": 1, "area_m2": 0.1221957176417416, "length_m": 0.4128186035156763, "h_p90_m": 0.0, "volume_m3": 0.0036658715292522477, "valid_3d": false, "buried_suspect": false, "weight_est_kg": 0.07331743058504496, "weight_lo_kg": 0.04887828705669665, "weight_hi_kg": 0.2443914352834832, "weight_method": "2d:area×thick_range×rho", "crew": "1인", "tools": [], "weight_kg": null, "image": "molokai_3958_12935_3790.jpg"}}, {"type": "Feature", "geometry": {"type": "Point", "coordinates": [-156.79914508458182, 21.172077870858086]}, "properties": {"item_id": "3958_12935_3790_1260", "stop_id": "S075", "cls": "pet_bottle", "cls_raw": "PET_Bottle", "x": 728510.8729992807, "y": 2342777.804912086, "r95_m": 3.0, "n_views": 1, "area_m2": 0.1639426397388277, "length_m": 0.6111781311035915, "h_p90_m": 0.0, "volume_m3": 0.00983655838432966, "valid_3d": false, "buried_suspect": false, "weight_est_kg": 0.3246064266828788, "weight_lo_kg": 0.2705053555690657, "weight_hi_kg": 0.5410107111381314, "weight_method": "2d:area×thick_range×rho", "crew": "1인", "tools": [], "weight_kg": null, "image": "molokai_3958_12935_3790.jpg"}}, {"type": "Feature", "geometry": {"type": "Point", "coordinates": [-156.79916596045425, 21.172077038856603]}, "properties": {"item_id": "3958_12935_3790_1261", "stop_id": "S075", "cls": "pet_bottle", "cls_raw": "PET_Bottle", "x": 728508.7059796965, "y": 2342777.682683362, "r95_m": 3.0, "n_views": 1, "area_m2": 0.30385170525011473, "length_m": 0.5885197639466063, "h_p90_m": 0.0, "volume_m3": 0.018231102315006884, "valid_3d": false, "buried_suspect": false, "weight_est_kg": 0.6016263763952272, "weight_lo_kg": 0.5013553136626894, "weight_hi_kg": 1.0027106273253787, "weight_method": "2d:area×thick_range×rho", "crew": "1인", "tools": [], "weight_kg": null, "image": "molokai_3958_12935_3790.jpg"}}, {"type": "Feature", "geometry": {"type": "Point", "coordinates": [-156.79915862634178, 21.171996913766925]}, "properties": {"item_id": "3958_12935_3790_1262", "stop_id": "S075", "cls": "eps_fragment", "cls_raw": "Styrofoam_Piece", "x": 728509.590900975, "y": 2342768.8205437204, "r95_m": 3.0, "n_views": 1, "area_m2": 0.4199747864344269, "length_m": 0.8601074218751068, "h_p90_m": 0.0, "volume_m3": 0.012599243593032808, "valid_3d": false, "buried_suspect": false, "weight_est_kg": 0.25198487186065616, "weight_lo_kg": 0.16798991457377077, "weight_hi_kg": 0.8399495728688539, "weight_method": "2d:area×thick_range×rho", "crew": "1인", "tools": [], "weight_kg": null, "image": "molokai_3958_12935_3790.jpg"}}, {"type": "Feature", "geometry": {"type": "Point", "coordinates": [-156.79916807615714, 21.172093681235648]}, "properties": {"item_id": "3958_12935_3790_1263", "stop_id": "S075", "cls": "pet_bottle", "cls_raw": "PET_Bottle", "x": 728508.4606498264, "y": 2342779.5225397754, "r95_m": 3.0, "n_views": 1, "area_m2": 0.11973217068612639, "length_m": 0.5386688232422544, "h_p90_m": 0.0, "volume_m3": 0.007183930241167583, "valid_3d": false, "buried_suspect": false, "weight_est_kg": 0.23706969795853025, "weight_lo_kg": 0.19755808163210856, "weight_hi_kg": 0.3951161632642171, "weight_method": "2d:area×thick_range×rho", "crew": "1인", "tools": [], "weight_kg": null, "image": "molokai_3958_12935_3790.jpg"}}, {"type": "Feature", "geometry": {"type": "Point", "coordinates": [-156.79905817493682, 21.172021371385007]}, "properties": {"item_id": "3958_12935_3790_1264", "stop_id": "S075", "cls": "eps_fragment", "cls_raw": "Styrofoam_Piece", "x": 728519.9868229906, "y": 2342771.673698694, "r95_m": 3.0, "n_views": 1, "area_m2": 0.23253560791021405, "length_m": 0.5350000000000664, "h_p90_m": 0.0, "volume_m3": 0.006976068237306421, "valid_3d": false, "buried_suspect": false, "weight_est_kg": 0.13952136474612842, "weight_lo_kg": 0.09301424316408562, "weight_hi_kg": 0.46507121582042815, "weight_method": "2d:area×thick_range×rho", "crew": "1인", "tools": [], "weight_kg": null, "image": "molokai_3958_12935_3790.jpg"}}, {"type": "Feature", "geometry": {"type": "Point", "coordinates": [-156.79906832729276, 21.17202820124334]}, "properties": {"item_id": "3958_12935_3790_1265", "stop_id": "S075", "cls": "eps_fragment", "cls_raw": "Styrofoam_Piece", "x": 728518.921837378, "y": 2342772.415371244, "r95_m": 3.0, "n_views": 1, "area_m2": 0.23526472212380056, "length_m": 0.5926635742188237, "h_p90_m": 0.0, "volume_m3": 0.007057941663714017, "valid_3d": false, "buried_suspect": false, "weight_est_kg": 0.14115883327428033, "weight_lo_kg": 0.09410588884952023, "weight_hi_kg": 0.4705294442476011, "weight_method": "2d:area×thick_range×rho", "crew": "1인", "tools": [], "weight_kg": null, "image": "molokai_3958_12935_3790.jpg"}}, {"type": "Feature", "geometry": {"type": "Point", "coordinates": [-156.92632194738613, 21.169196196583215]}, "properties": {"item_id": "4124_12349_13210_1273", "stop_id": "S076", "cls": "pet_bottle", "cls_raw": "PET_Bottle", "x": 715306.0738327366, "y": 2342280.6784698283, "r95_m": 3.0, "n_views": 1, "area_m2": 0.45603474483501316, "length_m": 0.7715100097657208, "h_p90_m": 0.0, "volume_m3": 0.027362084690100787, "valid_3d": false, "buried_suspect": false, "weight_est_kg": 0.902948794773326, "weight_lo_kg": 0.7524573289777717, "weight_hi_kg": 1.5049146579555435, "weight_method": "2d:area×thick_range×rho", "crew": "1인", "tools": [], "weight_kg": null, "image": "molokai_4124_12349_13210.jpg"}}, {"type": "Feature", "geometry": {"type": "Point", "coordinates": [-156.92637994760176, 21.169245253153296]}, "properties": {"item_id": "4124_12349_13210_1274", "stop_id": "S076", "cls": "plastic_buoy", "cls_raw": "Plastic_Buoy", "x": 715299.9787973787, "y": 2342286.031682835, "r95_m": 3.0, "n_views": 1, "area_m2": 0.2533204162002239, "length_m": 0.6312359619141409, "h_p90_m": 0.0, "volume_m3": 0.07599612486006717, "valid_3d": false, "buried_suspect": false, "weight_est_kg": 4.55976749160403, "weight_lo_kg": 2.279883745802015, "weight_hi_kg": 6.079689988805374, "weight_method": "2d:area×thick_range×rho", "crew": "1인", "tools": [], "weight_kg": null, "image": "molokai_4124_12349_13210.jpg"}}, {"type": "Feature", "geometry": {"type": "Point", "coordinates": [-156.92635166485704, 21.169247949014363]}, "properties": {"item_id": "4124_12349_13210_1275", "stop_id": "S076", "cls": "plastic_other", "cls_raw": "Plastic_ETC", "x": 715302.9123915426, "y": 2342286.368601857, "r95_m": 3.0, "n_views": 1, "area_m2": 0.41688628916452747, "length_m": 0.7252136230469651, "h_p90_m": 0.0, "volume_m3": 0.012506588674935823, "valid_3d": false, "buried_suspect": false, "weight_est_kg": 1.0005270939948658, "weight_lo_kg": 0.6670180626632439, "weight_hi_kg": 3.33509031331622, "weight_method": "2d:area×thick_range×rho", "crew": "1인", "tools": [], "weight_kg": null, "image": "molokai_4124_12349_13210.jpg"}}, {"type": "Feature", "geometry": {"type": "Point", "coordinates": [-156.9263303999196, 21.169303838168727]}, "properties": {"item_id": "4124_12349_13210_1276", "stop_id": "S076", "cls": "pet_bottle", "cls_raw": "PET_Bottle", "x": 715305.040086785, "y": 2342292.586026121, "r95_m": 3.0, "n_views": 1, "area_m2": 0.2519498372709073, "length_m": 0.6506323242188308, "h_p90_m": 0.0, "volume_m3": 0.015116990236254438, "valid_3d": false, "buried_suspect": false, "weight_est_kg": 0.4988606777963965, "weight_lo_kg": 0.4157172314969971, "weight_hi_kg": 0.8314344629939942, "weight_method": "2d:area×thick_range×rho", "crew": "1인", "tools": [], "weight_kg": null, "image": "molokai_4124_12349_13210.jpg"}}, {"type": "Feature", "geometry": {"type": "Point", "coordinates": [-156.92631158330914, 21.16929762709253]}, "properties": {"item_id": "4124_12349_13210_1277", "stop_id": "S076", "cls": "plastic_other", "cls_raw": "Plastic_ETC", "x": 715307.0034063575, "y": 2342291.923834848, "r95_m": 3.0, "n_views": 1, "area_m2": 1.208440919198396, "length_m": 1.1648315429688947, "h_p90_m": 0.0, "volume_m3": 0.03625322757595188, "valid_3d": false, "buried_suspect": false, "weight_est_kg": 2.900258206076151, "weight_lo_kg": 1.9335054707174337, "weight_hi_kg": 9.667527353587168, "weight_method": "2d:area×thick_range×rho", "crew": "1인", "tools": [], "weight_kg": null, "image": "molokai_4124_12349_13210.jpg"}}, {"type": "Feature", "geometry": {"type": "Point", "coordinates": [-156.73597429675692, 21.166779678169085]}, "properties": {"item_id": "4190_9462_13371_1279", "stop_id": "S077", "cls": "plastic_buoy", "cls_raw": "Plastic_Buoy", "x": 735080.6664821082, "y": 2342283.469450957, "r95_m": 3.0, "n_views": 1, "area_m2": 0.16235755454304102, "length_m": 0.42539550781252966, "h_p90_m": 0.0, "volume_m3": 0.0487072663629123, "valid_3d": false, "buried_suspect": false, "weight_est_kg": 2.922435981774738, "weight_lo_kg": 1.461217990887369, "weight_hi_kg": 3.8965813090329844, "weight_method": "2d:area×thick_range×rho", "crew": "1인", "tools": [], "weight_kg": null, "image": "molokai_4190_9462_13371.jpg"}}, {"type": "Feature", "geometry": {"type": "Point", "coordinates": [-156.73597876352315, 21.166773923286495]}, "properties": {"item_id": "4190_9462_13371_1280", "stop_id": "S077", "cls": "net", "cls_raw": "Net", "x": 735080.2116022337, "y": 2342282.8255360047, "r95_m": 3.0, "n_views": 1, "area_m2": 0.14242527725996573, "length_m": 0.4759497070312832, "h_p90_m": 0.0, "volume_m3": 0.017091033271195887, "valid_3d": false, "buried_suspect": false, "weight_est_kg": 2.563654990679383, "weight_lo_kg": 1.068189579449743, "weight_hi_kg": 6.409137476698458, "weight_method": "2d:area×thick_range×rho", "crew": "1인", "tools": ["절단기"], "weight_kg": null, "image": "molokai_4190_9462_13371.jpg"}}, {"type": "Feature", "geometry": {"type": "Point", "coordinates": [-156.73602498248405, 21.16672133667671]}, "properties": {"item_id": "4190_9462_13371_1281", "stop_id": "S077", "cls": "plastic_other", "cls_raw": "Plastic_ETC", "x": 735075.493818468, "y": 2342276.9335991372, "r95_m": 3.0, "n_views": 1, "area_m2": 0.14985324648024742, "length_m": 0.4405834960937807, "h_p90_m": 0.0, "volume_m3": 0.004495597394407422, "valid_3d": false, "buried_suspect": false, "weight_est_kg": 0.35964779155259374, "weight_lo_kg": 0.23976519436839588, "weight_hi_kg": 1.1988259718419794, "weight_method": "2d:area×thick_range×rho", "crew": "1인", "tools": [], "weight_kg": null, "image": "molokai_4190_9462_13371.jpg"}}, {"type": "Feature", "geometry": {"type": "Point", "coordinates": [-156.73612953569662, 21.164014298773083]}, "properties": {"item_id": "4400_7961_13966_1286", "stop_id": "S078", "cls": "pet_bottle", "cls_raw": "PET_Bottle", "x": 735068.9124574002, "y": 2341977.0032933042, "r95_m": 3.0, "n_views": 1, "area_m2": 0.20169943390307254, "length_m": 0.5476831054689428, "h_p90_m": 0.0, "volume_m3": 0.012101966034184352, "valid_3d": false, "buried_suspect": false, "weight_est_kg": 0.3993648791280836, "weight_lo_kg": 0.3328040659400697, "weight_hi_kg": 0.6656081318801395, "weight_method": "2d:area×thick_range×rho", "crew": "1인", "tools": [], "weight_kg": null, "image": "molokai_4400_7961_13966.jpg"}}, {"type": "Feature", "geometry": {"type": "Point", "coordinates": [-156.73619909372314, 21.163950205353515]}, "properties": {"item_id": "4400_7961_13966_1287", "stop_id": "S078", "cls": "plastic_buoy", "cls_raw": "Plastic_Buoy", "x": 735061.7884047317, "y": 2341969.802513784, "r95_m": 3.0, "n_views": 1, "area_m2": 0.1803086546332914, "length_m": 0.4319262695314021, "h_p90_m": 0.0, "volume_m3": 0.05409259638998742, "valid_3d": false, "buried_suspect": false, "weight_est_kg": 3.245555783399245, "weight_lo_kg": 1.6227778916996225, "weight_hi_kg": 4.327407711198994, "weight_method": "2d:area×thick_range×rho", "crew": "1인", "tools": [], "weight_kg": null, "image": "molokai_4400_7961_13966.jpg"}}, {"type": "Feature", "geometry": {"type": "Point", "coordinates": [-156.73619780635332, 21.163957947853262]}, "properties": {"item_id": "4400_7961_13966_1288", "stop_id": "S078", "cls": "plastic_buoy", "cls_raw": "Plastic_Buoy", "x": 735061.9098934117, "y": 2341970.6618206357, "r95_m": 3.0, "n_views": 1, "area_m2": 0.17989527148617065, "length_m": 0.431649169922027, "h_p90_m": 0.0, "volume_m3": 0.0539685814458512, "valid_3d": false, "buried_suspect": false, "weight_est_kg": 3.238114886751072, "weight_lo_kg": 1.619057443375536, "weight_hi_kg": 4.3174865156680955, "weight_method": "2d:area×thick_range×rho", "crew": "1인", "tools": [], "weight_kg": null, "image": "molokai_4400_7961_13966.jpg"}}, {"type": "Feature", "geometry": {"type": "Point", "coordinates": [-156.7361216899464, 21.16392703277763]}, "properties": {"item_id": "4400_7961_13966_1289", "stop_id": "S078", "cls": "net", "cls_raw": "Net", "x": 735069.8653665463, "y": 2341967.351158176, "r95_m": 3.0, "n_views": 1, "area_m2": 0.24707937657254456, "length_m": 0.550705566406444, "h_p90_m": 0.0, "volume_m3": 0.029649525188705346, "valid_3d": false, "buried_suspect": false, "weight_est_kg": 4.4474287783058015, "weight_lo_kg": 1.8530953242940844, "weight_hi_kg": 11.118571945764504, "weight_method": "2d:area×thick_range×rho", "crew": "1인", "tools": ["절단기"], "weight_kg": null, "image": "molokai_4400_7961_13966.jpg"}}, {"type": "Feature", "geometry": {"type": "Point", "coordinates": [-156.7361356755116, 21.16401165223758]}, "properties": {"item_id": "4400_7961_13966_1290", "stop_id": "S078", "cls": "pet_bottle", "cls_raw": "PET_Bottle", "x": 735068.2788659357, "y": 2341976.701115172, "r95_m": 3.0, "n_views": 1, "area_m2": 0.25411755949276704, "length_m": 0.5473828125001927, "h_p90_m": 0.0, "volume_m3": 0.015247053569566023, "valid_3d": false, "buried_suspect": false, "weight_est_kg": 0.5031527677956787, "weight_lo_kg": 0.41929397316306566, "weight_hi_kg": 0.8385879463261313, "weight_method": "2d:area×thick_range×rho", "crew": "1인", "tools": [], "weight_kg": null, "image": "molokai_4400_7961_13966.jpg"}}, {"type": "Feature", "geometry": {"type": "Point", "coordinates": [-156.73615625133442, 21.164004770254962]}, "properties": {"item_id": "4400_7961_13966_1291", "stop_id": "S078", "cls": "net", "cls_raw": "Net", "x": 735066.152425593, "y": 2341975.9085043552, "r95_m": 3.0, "n_views": 1, "area_m2": 0.25272486480417766, "length_m": 0.5092755126954919, "h_p90_m": 0.0, "volume_m3": 0.03032698377650132, "valid_3d": false, "buried_suspect": false, "weight_est_kg": 4.549047566475198, "weight_lo_kg": 1.8954364860313326, "weight_hi_kg": 11.372618916187996, "weight_method": "2d:area×thick_range×rho", "crew": "1인", "tools": ["절단기"], "weight_kg": null, "image": "molokai_4400_7961_13966.jpg"}}, {"type": "Feature", "geometry": {"type": "Point", "coordinates": [-156.7361388718133, 21.163851098949447]}, "properties": {"item_id": "4400_7997_14641_1303", "stop_id": "S078", "cls": "pet_bottle", "cls_raw": "PET_Bottle", "x": 735068.2006133046, "y": 2341958.91683252, "r95_m": 3.0, "n_views": 1, "area_m2": 0.3273886931388151, "length_m": 0.6692468261721107, "h_p90_m": 0.0, "volume_m3": 0.019643321588328905, "valid_3d": false, "buried_suspect": false, "weight_est_kg": 0.6482296124148539, "weight_lo_kg": 0.5401913436790449, "weight_hi_kg": 1.0803826873580897, "weight_method": "2d:area×thick_range×rho", "crew": "1인", "tools": [], "weight_kg": null, "image": "molokai_4400_7997_14641.jpg"}}, {"type": "Feature", "geometry": {"type": "Point", "coordinates": [-156.73615042668717, 21.163891508603367]}, "properties": {"item_id": "4400_7997_14641_1304", "stop_id": "S078", "cls": "net", "cls_raw": "Net", "x": 735066.9364778748, "y": 2341963.3746344512, "r95_m": 3.0, "n_views": 1, "area_m2": 0.17370803320606368, "length_m": 0.42325927734389907, "h_p90_m": 0.0, "volume_m3": 0.02084496398472764, "valid_3d": false, "buried_suspect": false, "weight_est_kg": 3.126744597709146, "weight_lo_kg": 1.3028102490454776, "weight_hi_kg": 7.816861494272866, "weight_method": "2d:area×thick_range×rho", "crew": "1인", "tools": ["절단기"], "weight_kg": null, "image": "molokai_4400_7997_14641.jpg"}}, {"type": "Feature", "geometry": {"type": "Point", "coordinates": [-156.73619650081503, 21.163836715361427]}, "properties": {"item_id": "4400_7997_14641_1305", "stop_id": "S078", "cls": "pet_bottle", "cls_raw": "PET_Bottle", "x": 735062.2371163524, "y": 2341957.2385665877, "r95_m": 3.0, "n_views": 1, "area_m2": 0.17296539046776557, "length_m": 0.4270544433595254, "h_p90_m": 0.0, "volume_m3": 0.010377923428065934, "valid_3d": false, "buried_suspect": false, "weight_est_kg": 0.3424714731261758, "weight_lo_kg": 0.2853928942718132, "weight_hi_kg": 0.5707857885436264, "weight_method": "2d:area×thick_range×rho", "crew": "1인", "tools": [], "weight_kg": null, "image": "molokai_4400_7997_14641.jpg"}}, {"type": "Feature", "geometry": {"type": "Point", "coordinates": [-156.73620928698824, 21.1638445707647]}, "properties": {"item_id": "4400_7997_14641_1306", "stop_id": "S078", "cls": "pet_bottle", "cls_raw": "PET_Bottle", "x": 735060.8965330641, "y": 2341958.0895116255, "r95_m": 3.0, "n_views": 1, "area_m2": 0.39286014118278134, "length_m": 0.6450720214846022, "h_p90_m": 0.0, "volume_m3": 0.02357160847096688, "valid_3d": false, "buried_suspect": false, "weight_est_kg": 0.777863079541907, "weight_lo_kg": 0.6482192329515892, "weight_hi_kg": 1.2964384659031785, "weight_method": "2d:area×thick_range×rho", "crew": "1인", "tools": [], "weight_kg": null, "image": "molokai_4400_7997_14641.jpg"}}, {"type": "Feature", "geometry": {"type": "Point", "coordinates": [-156.7361532764584, 21.163835828403894]}, "properties": {"item_id": "4400_7997_14641_1307", "stop_id": "S078", "cls": "plastic_other", "cls_raw": "Plastic_ETC", "x": 735066.72846206, "y": 2341957.2044283836, "r95_m": 3.0, "n_views": 1, "area_m2": 0.19661096517159482, "length_m": 0.5030505371095522, "h_p90_m": 0.0, "volume_m3": 0.005898328955147844, "valid_3d": false, "buried_suspect": false, "weight_est_kg": 0.4718663164118275, "weight_lo_kg": 0.31457754427455176, "weight_hi_kg": 1.5728877213727588, "weight_method": "2d:area×thick_range×rho", "crew": "1인", "tools": [], "weight_kg": null, "image": "molokai_4400_7997_14641.jpg"}}, {"type": "Feature", "geometry": {"type": "Point", "coordinates": [-157.24560588311496, 21.220775781831147]}, "properties": {"item_id": "444_1393_2974_1311", "stop_id": "S079", "cls": "plastic_other", "cls_raw": "Plastic_ETC", "x": 682083.7738820642, "y": 2347591.077990953, "r95_m": 3.0, "n_views": 1, "area_m2": 0.5145484600783673, "length_m": 0.7255444335938401, "h_p90_m": 0.0, "volume_m3": 0.015436453802351018, "valid_3d": false, "buried_suspect": false, "weight_est_kg": 1.2349163041880815, "weight_lo_kg": 0.8232775361253877, "weight_hi_kg": 4.116387680626938, "weight_method": "2d:area×thick_range×rho", "crew": "1인", "tools": [], "weight_kg": null, "image": "molokai_444_1393_2974.jpg"}}, {"type": "Feature", "geometry": {"type": "Point", "coordinates": [-157.2091157130229, 21.21859518407518]}, "properties": {"item_id": "456_10663_12795_1312", "stop_id": "S080", "cls": "plastic_other", "cls_raw": "Plastic_ETC", "x": 685874.6284148543, "y": 2347392.086583021, "r95_m": 3.0, "n_views": 1, "area_m2": 1.1159058596852214, "length_m": 1.0987988281251364, "h_p90_m": 0.0, "volume_m3": 0.03347717579055664, "valid_3d": false, "buried_suspect": false, "weight_est_kg": 2.6781740632445312, "weight_lo_kg": 1.7854493754963543, "weight_hi_kg": 8.927246877481771, "weight_method": "2d:area×thick_range×rho", "crew": "1인", "tools": [], "weight_kg": null, "image": "molokai_456_10663_12795.jpg"}}, {"type": "Feature", "geometry": {"type": "Point", "coordinates": [-157.20913245380845, 21.218601753846094]}, "properties": {"item_id": "456_10663_12795_1313", "stop_id": "S080", "cls": "rope", "cls_raw": "Rope", "x": 685872.8822486567, "y": 2347392.7942931606, "r95_m": 3.0, "n_views": 1, "area_m2": 2.1363823854928556, "length_m": 1.658081054687706, "h_p90_m": 0.0, "volume_m3": 0.06409147156478567, "valid_3d": false, "buried_suspect": false, "weight_est_kg": 25.63658862591427, "weight_lo_kg": 17.091059083942845, "weight_hi_kg": 42.727647709857116, "weight_method": "2d:area×thick_range×rho", "crew": "2인", "tools": ["절단기"], "weight_kg": null, "image": "molokai_456_10663_12795.jpg"}}, {"type": "Feature", "geometry": {"type": "Point", "coordinates": [-157.2091676801016, 21.218618387284852]}, "properties": {"item_id": "456_10663_12795_1314", "stop_id": "S080", "cls": "eps_fragment", "cls_raw": "Styrofoam_Piece", "x": 685869.2044120621, "y": 2347394.594493808, "r95_m": 3.0, "n_views": 1, "area_m2": 0.4670504208878843, "length_m": 0.7289001464844655, "h_p90_m": 0.0, "volume_m3": 0.014011512626636528, "valid_3d": false, "buried_suspect": false, "weight_est_kg": 0.28023025253273054, "weight_lo_kg": 0.18682016835515372, "weight_hi_kg": 0.9341008417757686, "weight_method": "2d:area×thick_range×rho", "crew": "1인", "tools": [], "weight_kg": null, "image": "molokai_456_10663_12795.jpg"}}, {"type": "Feature", "geometry": {"type": "Point", "coordinates": [-157.20911230498086, 21.21860162035149]}, "properties": {"item_id": "456_10663_12795_1315", "stop_id": "S080", "cls": "rope", "cls_raw": "Rope", "x": 685874.9741546884, "y": 2347392.8031841493, "r95_m": 3.0, "n_views": 1, "area_m2": 1.1809987300637317, "length_m": 1.215839843750151, "h_p90_m": 0.0, "volume_m3": 0.03542996190191195, "valid_3d": false, "buried_suspect": false, "weight_est_kg": 14.171984760764781, "weight_lo_kg": 9.447989840509853, "weight_hi_kg": 23.619974601274635, "weight_method": "2d:area×thick_range×rho", "crew": "2인", "tools": ["절단기"], "weight_kg": null, "image": "molokai_456_10663_12795.jpg"}}, {"type": "Feature", "geometry": {"type": "Point", "coordinates": [-157.2091404706124, 21.218602266747585]}, "properties": {"item_id": "456_10663_12795_1316", "stop_id": "S080", "cls": "net", "cls_raw": "Net", "x": 685872.0493462301, "y": 2347392.841661338, "r95_m": 3.0, "n_views": 1, "area_m2": 0.15807645553354377, "length_m": 0.40186767578129995, "h_p90_m": 0.0, "volume_m3": 0.018969174664025253, "valid_3d": false, "buried_suspect": false, "weight_est_kg": 2.845376199603788, "weight_lo_kg": 1.1855734165015783, "weight_hi_kg": 7.113440499009469, "weight_method": "2d:area×thick_range×rho", "crew": "1인", "tools": ["절단기"], "weight_kg": null, "image": "molokai_456_10663_12795.jpg"}}, {"type": "Feature", "geometry": {"type": "Point", "coordinates": [-157.20918657101564, 21.218667349363525]}, "properties": {"item_id": "456_10663_12795_1317", "stop_id": "S080", "cls": "net", "cls_raw": "Net", "x": 685867.1819204309, "y": 2347399.9931757185, "r95_m": 3.0, "n_views": 1, "area_m2": 0.18926029652995105, "length_m": 0.4805407714844347, "h_p90_m": 0.0, "volume_m3": 0.022711235583594124, "valid_3d": false, "buried_suspect": false, "weight_est_kg": 3.406685337539119, "weight_lo_kg": 1.419452223974633, "weight_hi_kg": 8.516713343847798, "weight_method": "2d:area×thick_range×rho", "crew": "1인", "tools": ["절단기"], "weight_kg": null, "image": "molokai_456_10663_12795.jpg"}}, {"type": "Feature", "geometry": {"type": "Point", "coordinates": [-157.2091248084357, 21.218612073446298]}, "properties": {"item_id": "456_10663_12795_1318", "stop_id": "S080", "cls": "rope", "cls_raw": "Rope", "x": 685873.6630191146, "y": 2347393.945817491, "r95_m": 3.0, "n_views": 1, "area_m2": 0.5629247805060354, "length_m": 0.7603466796875945, "h_p90_m": 0.0, "volume_m3": 0.016887743415181063, "valid_3d": false, "buried_suspect": false, "weight_est_kg": 6.755097366072425, "weight_lo_kg": 4.503398244048284, "weight_hi_kg": 11.25849561012071, "weight_method": "2d:area×thick_range×rho", "crew": "1인", "tools": ["절단기"], "weight_kg": null, "image": "molokai_456_10663_12795.jpg"}}, {"type": "Feature", "geometry": {"type": "Point", "coordinates": [-157.20963607273868, 21.21891578501734]}, "properties": {"item_id": "456_8480_11486_1325", "stop_id": "S081", "cls": "net", "cls_raw": "Net", "x": 685820.2060083755, "y": 2347426.970923648, "r95_m": 3.0, "n_views": 1, "area_m2": 0.1684323570255143, "length_m": 0.430796508789116, "h_p90_m": 0.0, "volume_m3": 0.020211882843061715, "valid_3d": false, "buried_suspect": false, "weight_est_kg": 3.031782426459257, "weight_lo_kg": 1.2632426776913572, "weight_hi_kg": 7.579456066148143, "weight_method": "2d:area×thick_range×rho", "crew": "1인", "tools": ["절단기"], "weight_kg": null, "image": "molokai_456_8480_11486.jpg"}}, {"type": "Feature", "geometry": {"type": "Point", "coordinates": [-157.2095265322348, 21.21881505565586]}, "properties": {"item_id": "456_8480_11486_1326", "stop_id": "S081", "cls": "plastic_other", "cls_raw": "Plastic_ETC", "x": 685831.7040427921, "y": 2347415.9472530694, "r95_m": 3.0, "n_views": 1, "area_m2": 0.19017456249003367, "length_m": 0.4361376953125542, "h_p90_m": 0.0, "volume_m3": 0.00570523687470101, "valid_3d": false, "buried_suspect": false, "weight_est_kg": 0.4564189499760808, "weight_lo_kg": 0.3042792999840539, "weight_hi_kg": 1.5213964999202694, "weight_method": "2d:area×thick_range×rho", "crew": "1인", "tools": [], "weight_kg": null, "image": "molokai_456_8480_11486.jpg"}}, {"type": "Feature", "geometry": {"type": "Point", "coordinates": [-157.20955287288442, 21.218850457836247]}, "properties": {"item_id": "456_8480_11486_1327", "stop_id": "S081", "cls": "plastic_buoy", "cls_raw": "Plastic_Buoy", "x": 685828.92516272, "y": 2347419.835894173, "r95_m": 3.0, "n_views": 1, "area_m2": 0.3271658703327992, "length_m": 0.5921240234375735, "h_p90_m": 0.0, "volume_m3": 0.09814976109983976, "valid_3d": false, "buried_suspect": false, "weight_est_kg": 5.888985665990385, "weight_lo_kg": 2.9444928329951927, "weight_hi_kg": 7.851980887987181, "weight_method": "2d:area×thick_range×rho", "crew": "1인", "tools": [], "weight_kg": null, "image": "molokai_456_8480_11486.jpg"}}, {"type": "Feature", "geometry": {"type": "Point", "coordinates": [-157.20954679592955, 21.218822578897452]}, "properties": {"item_id": "456_8480_11486_1328", "stop_id": "S081", "cls": "plastic_buoy", "cls_raw": "Plastic_Buoy", "x": 685829.5909587793, "y": 2347416.756393899, "r95_m": 3.0, "n_views": 1, "area_m2": 0.22468483176236967, "length_m": 0.48497558593756024, "h_p90_m": 0.0, "volume_m3": 0.0674054495287109, "valid_3d": false, "buried_suspect": false, "weight_est_kg": 4.044326971722654, "weight_lo_kg": 2.022163485861327, "weight_hi_kg": 5.392435962296872, "weight_method": "2d:area×thick_range×rho", "crew": "1인", "tools": [], "weight_kg": null, "image": "molokai_456_8480_11486.jpg"}}, {"type": "Feature", "geometry": {"type": "Point", "coordinates": [-157.20963709779733, 21.218907209477155]}, "properties": {"item_id": "456_8480_11486_1329", "stop_id": "S081", "cls": "plastic_buoy", "cls_raw": "Plastic_Buoy", "x": 685820.1103341412, "y": 2347426.020272322, "r95_m": 3.0, "n_views": 1, "area_m2": 0.2440812236043998, "length_m": 0.4975230407715462, "h_p90_m": 0.0, "volume_m3": 0.07322436708131994, "valid_3d": false, "buried_suspect": false, "weight_est_kg": 4.393462024879196, "weight_lo_kg": 2.196731012439598, "weight_hi_kg": 5.857949366505595, "weight_method": "2d:area×thick_range×rho", "crew": "1인", "tools": [], "weight_kg": null, "image": "molokai_456_8480_11486.jpg"}}, {"type": "Feature", "geometry": {"type": "Point", "coordinates": [-157.20954116789176, 21.218855223532483]}, "properties": {"item_id": "456_8480_11486_1330", "stop_id": "S081", "cls": "plastic_other", "cls_raw": "Plastic_ETC", "x": 685830.1343378238, "y": 2347420.377279802, "r95_m": 3.0, "n_views": 1, "area_m2": 0.46774466269027887, "length_m": 0.6901269531250858, "h_p90_m": 0.0, "volume_m3": 0.014032339880708365, "valid_3d": false, "buried_suspect": false, "weight_est_kg": 1.1225871904566693, "weight_lo_kg": 0.7483914603044461, "weight_hi_kg": 3.7419573015222314, "weight_method": "2d:area×thick_range×rho", "crew": "1인", "tools": [], "weight_kg": null, "image": "molokai_456_8480_11486.jpg"}}, {"type": "Feature", "geometry": {"type": "Point", "coordinates": [-156.73615004988972, 21.163626359771158]}, "properties": {"item_id": "4610_7864_710_1340", "stop_id": "S082", "cls": "plastic_buoy", "cls_raw": "Plastic_Buoy_China", "x": 735067.3946956808, "y": 2341934.0128223114, "r95_m": 3.0, "n_views": 1, "area_m2": 0.27294400833856264, "length_m": 0.5279199218751076, "h_p90_m": 0.0, "volume_m3": 0.08188320250156879, "valid_3d": false, "buried_suspect": false, "weight_est_kg": 4.912992150094127, "weight_lo_kg": 2.4564960750470637, "weight_hi_kg": 6.550656200125504, "weight_method": "2d:area×thick_range×rho", "crew": "1인", "tools": [], "weight_kg": null, "image": "molokai_4610_7864_710.jpg"}}, {"type": "Feature", "geometry": {"type": "Point", "coordinates": [-156.7362126235336, 21.163626566950043]}, "properties": {"item_id": "4610_7864_710_1341", "stop_id": "S082", "cls": "net", "cls_raw": "Net", "x": 735060.8945018267, "y": 2341933.9429968717, "r95_m": 3.0, "n_views": 1, "area_m2": 0.21475640530893023, "length_m": 0.4738647460938466, "h_p90_m": 0.0, "volume_m3": 0.025770768637071628, "valid_3d": false, "buried_suspect": false, "weight_est_kg": 3.8656152955607443, "weight_lo_kg": 1.6106730398169768, "weight_hi_kg": 9.66403823890186, "weight_method": "2d:area×thick_range×rho", "crew": "1인", "tools": ["절단기"], "weight_kg": null, "image": "molokai_4610_7864_710.jpg"}}, {"type": "Feature", "geometry": {"type": "Point", "coordinates": [-156.7362007676972, 21.162087474772054]}, "properties": {"item_id": "4610_8092_9157_1347", "stop_id": "S083", "cls": "pet_bottle", "cls_raw": "PET_Bottle", "x": 735064.5584726051, "y": 2341763.522749687, "r95_m": 3.0, "n_views": 1, "area_m2": 0.243938162362675, "length_m": 0.6269335937501278, "h_p90_m": 0.0, "volume_m3": 0.014636289741760499, "valid_3d": false, "buried_suspect": false, "weight_est_kg": 0.48299756147809647, "weight_lo_kg": 0.40249796789841374, "weight_hi_kg": 0.8049959357968275, "weight_method": "2d:area×thick_range×rho", "crew": "1인", "tools": [], "weight_kg": null, "image": "molokai_4610_8092_9157.jpg"}}, {"type": "Feature", "geometry": {"type": "Point", "coordinates": [-156.73617321586246, 21.16213325262502]}, "properties": {"item_id": "4610_8092_9157_1348", "stop_id": "S083", "cls": "pet_bottle", "cls_raw": "PET_Bottle", "x": 735067.3481144173, "y": 2341768.6329961494, "r95_m": 3.0, "n_views": 1, "area_m2": 0.13612145501753278, "length_m": 0.48996307373056863, "h_p90_m": 0.0, "volume_m3": 0.008167287301051967, "valid_3d": false, "buried_suspect": false, "weight_est_kg": 0.2695204809347149, "weight_lo_kg": 0.2246004007789291, "weight_hi_kg": 0.4492008015578582, "weight_method": "2d:area×thick_range×rho", "crew": "1인", "tools": [], "weight_kg": null, "image": "molokai_4610_8092_9157.jpg"}}, {"type": "Feature", "geometry": {"type": "Point", "coordinates": [-156.73620470612946, 21.16378790804108]}, "properties": {"item_id": "4610_8098_-87_1351", "stop_id": "S082", "cls": "pet_bottle", "cls_raw": "PET_Bottle", "x": 735061.4619268645, "y": 2341951.8215181334, "r95_m": 3.0, "n_views": 1, "area_m2": 0.18429865456007485, "length_m": 0.6487403869630228, "h_p90_m": 0.0, "volume_m3": 0.011057919273604491, "valid_3d": false, "buried_suspect": false, "weight_est_kg": 0.3649113360289482, "weight_lo_kg": 0.3040927800241235, "weight_hi_kg": 0.608185560048247, "weight_method": "2d:area×thick_range×rho", "crew": "1인", "tools": [], "weight_kg": null, "image": "molokai_4610_8098_-87.jpg"}}, {"type": "Feature", "geometry": {"type": "Point", "coordinates": [-156.73608298854035, 21.161455153486212]}, "properties": {"item_id": "4610_8378_13151_1355", "stop_id": "S084", "cls": "plastic_buoy", "cls_raw": "Plastic_Buoy_China", "x": 735077.7923123378, "y": 2341693.674610601, "r95_m": 3.0, "n_views": 1, "area_m2": 0.29501732503541667, "length_m": 0.5733084869385935, "h_p90_m": 0.0, "volume_m3": 0.088505197510625, "valid_3d": false, "buried_suspect": false, "weight_est_kg": 5.3103118506374996, "weight_lo_kg": 2.6551559253187498, "weight_hi_kg": 7.080415800850001, "weight_method": "2d:area×thick_range×rho", "crew": "1인", "tools": [], "weight_kg": null, "image": "molokai_4610_8378_13151.jpg"}}, {"type": "Feature", "geometry": {"type": "Point", "coordinates": [-156.7360799616894, 21.16138042454865]}, "properties": {"item_id": "4610_8378_13151_1356", "stop_id": "S084", "cls": "pet_bottle", "cls_raw": "PET_Bottle", "x": 735078.2248356168, "y": 2341685.403676397, "r95_m": 3.0, "n_views": 1, "area_m2": 0.10736681213383284, "length_m": 0.3856250000000786, "h_p90_m": 0.0, "volume_m3": 0.0064420087280299704, "valid_3d": false, "buried_suspect": false, "weight_est_kg": 0.21258628802498902, "weight_lo_kg": 0.1771552400208242, "weight_hi_kg": 0.3543104800416484, "weight_method": "2d:area×thick_range×rho", "crew": "1인", "tools": [], "weight_kg": null, "image": "molokai_4610_8378_13151.jpg"}}, {"type": "Feature", "geometry": {"type": "Point", "coordinates": [-156.73608492917543, 21.16213364905762]}, "properties": {"item_id": "4610_8410_9353_1358", "stop_id": "S083", "cls": "net", "cls_raw": "Net", "x": 735076.5184010933, "y": 2341768.8077813257, "r95_m": 3.0, "n_views": 1, "area_m2": 0.2531920696900327, "length_m": 0.5187182617188557, "h_p90_m": 0.0, "volume_m3": 0.030383048362803925, "valid_3d": false, "buried_suspect": false, "weight_est_kg": 4.557457254420589, "weight_lo_kg": 1.8989405226752456, "weight_hi_kg": 11.393643136051473, "weight_method": "2d:area×thick_range×rho", "crew": "1인", "tools": ["절단기"], "weight_kg": null, "image": "molokai_4610_8410_9353.jpg"}}, {"type": "Feature", "geometry": {"type": "Point", "coordinates": [-156.73609397171936, 21.162069682413957]}, "properties": {"item_id": "4610_8410_9353_1359", "stop_id": "S083", "cls": "pet_bottle", "cls_raw": "PET_Bottle", "x": 735075.6801898065, "y": 2341761.7107612933, "r95_m": 3.0, "n_views": 1, "area_m2": 0.26623514124761943, "length_m": 0.5893920898438701, "h_p90_m": 0.0, "volume_m3": 0.015974108474857165, "valid_3d": false, "buried_suspect": false, "weight_est_kg": 0.5271455796702864, "weight_lo_kg": 0.4392879830585721, "weight_hi_kg": 0.8785759661171442, "weight_method": "2d:area×thick_range×rho", "crew": "1인", "tools": [], "weight_kg": null, "image": "molokai_4610_8410_9353.jpg"}}, {"type": "Feature", "geometry": {"type": "Point", "coordinates": [-156.73608797553885, 21.162141642936266]}, "properties": {"item_id": "4610_8410_9353_1360", "stop_id": "S083", "cls": "pet_bottle", "cls_raw": "PET_Bottle", "x": 735076.1893214247, "y": 2341769.6885006703, "r95_m": 3.0, "n_views": 1, "area_m2": 0.24163936177297102, "length_m": 0.5143212890626049, "h_p90_m": 0.0, "volume_m3": 0.014498361706378261, "valid_3d": false, "buried_suspect": false, "weight_est_kg": 0.4784459363104826, "weight_lo_kg": 0.3987049469254022, "weight_hi_kg": 0.7974098938508044, "weight_method": "2d:area×thick_range×rho", "crew": "1인", "tools": [], "weight_kg": null, "image": "molokai_4610_8410_9353.jpg"}}, {"type": "Feature", "geometry": {"type": "Point", "coordinates": [-156.7115850514306, 21.150266176952286]}, "properties": {"item_id": "5459_4239_12993_1365", "stop_id": "S085", "cls": "plastic_other", "cls_raw": "Plastic_ETC", "x": 737640.4509022336, "y": 2340491.1163089303, "r95_m": 3.0, "n_views": 1, "area_m2": 0.31746658846147796, "length_m": 0.7220678710938397, "h_p90_m": 0.0, "volume_m3": 0.009523997653844339, "valid_3d": false, "buried_suspect": false, "weight_est_kg": 0.7619198123075471, "weight_lo_kg": 0.5079465415383647, "weight_hi_kg": 2.5397327076918237, "weight_method": "2d:area×thick_range×rho", "crew": "1인", "tools": [], "weight_kg": null, "image": "molokai_5459_4239_12993.jpg"}}, {"type": "Feature", "geometry": {"type": "Point", "coordinates": [-156.71154102139, 21.150301327908856]}, "properties": {"item_id": "5459_4239_12993_1366", "stop_id": "S085", "cls": "plastic_buoy", "cls_raw": "Plastic_Buoy_China", "x": 737644.9688843098, "y": 2340495.074896322, "r95_m": 3.0, "n_views": 1, "area_m2": 0.21042698254888517, "length_m": 0.4815332031250598, "h_p90_m": 0.0, "volume_m3": 0.06312809476466555, "valid_3d": false, "buried_suspect": false, "weight_est_kg": 3.787685685879933, "weight_lo_kg": 1.8938428429399665, "weight_hi_kg": 5.050247581173244, "weight_method": "2d:area×thick_range×rho", "crew": "1인", "tools": [], "weight_kg": null, "image": "molokai_5459_4239_12993.jpg"}}, {"type": "Feature", "geometry": {"type": "Point", "coordinates": [-156.7115823330668, 21.15026245065099]}, "properties": {"item_id": "5459_4239_12993_1367", "stop_id": "S085", "cls": "eps_fragment", "cls_raw": "Styrofoam_Piece", "x": 737640.7392525242, "y": 2340490.707728506, "r95_m": 3.0, "n_views": 1, "area_m2": 0.2293530600607965, "length_m": 0.48273193359380995, "h_p90_m": 0.0, "volume_m3": 0.006880591801823895, "valid_3d": false, "buried_suspect": false, "weight_est_kg": 0.1376118360364779, "weight_lo_kg": 0.0917412240243186, "weight_hi_kg": 0.45870612012159306, "weight_method": "2d:area×thick_range×rho", "crew": "1인", "tools": [], "weight_kg": null, "image": "molokai_5459_4239_12993.jpg"}}, {"type": "Feature", "geometry": {"type": "Point", "coordinates": [-156.71156322231548, 21.150311468388452]}, "properties": {"item_id": "5459_4239_12993_1368", "stop_id": "S085", "cls": "net", "cls_raw": "Net", "x": 737642.6463245419, "y": 2340496.16460195, "r95_m": 3.0, "n_views": 1, "area_m2": 0.19411627321695146, "length_m": 0.507204589843813, "h_p90_m": 0.0, "volume_m3": 0.023293952786034175, "valid_3d": false, "buried_suspect": false, "weight_est_kg": 3.4940929179051263, "weight_lo_kg": 1.455872049127136, "weight_hi_kg": 8.735232294762815, "weight_method": "2d:area×thick_range×rho", "crew": "1인", "tools": ["절단기"], "weight_kg": null, "image": "molokai_5459_4239_12993.jpg"}}, {"type": "Feature", "geometry": {"type": "Point", "coordinates": [-156.7117222821911, 21.14919829075962]}, "properties": {"item_id": "5669_3598_3897_1376", "stop_id": "S086", "cls": "eps_buoy", "cls_raw": "Styrofoam_Buoy", "x": 737627.8995371372, "y": 2340372.6525602206, "r95_m": 3.0, "n_views": 1, "area_m2": 1.0285757977249792, "length_m": 1.0886523437501352, "h_p90_m": 0.0, "volume_m3": 0.3600015292037427, "valid_3d": false, "buried_suspect": false, "weight_est_kg": 9.000038230093567, "weight_lo_kg": 3.857159241468672, "weight_hi_kg": 10.285757977249792, "weight_method": "2d:area×thick_range×rho", "crew": "1인", "tools": [], "weight_kg": null, "image": "molokai_5669_3598_3897.jpg"}}, {"type": "Feature", "geometry": {"type": "Point", "coordinates": [-156.71172844923095, 21.14920803879701]}, "properties": {"item_id": "5669_3598_3897_1377", "stop_id": "S086", "cls": "plastic_buoy", "cls_raw": "Plastic_Buoy", "x": 737627.243299185, "y": 2340373.7228253796, "r95_m": 3.0, "n_views": 1, "area_m2": 0.1215956397265498, "length_m": 0.35929443359379465, "h_p90_m": 0.0, "volume_m3": 0.03647869191796494, "valid_3d": false, "buried_suspect": false, "weight_est_kg": 2.1887215150778965, "weight_lo_kg": 1.0943607575389482, "weight_hi_kg": 2.9182953534371956, "weight_method": "2d:area×thick_range×rho", "crew": "1인", "tools": [], "weight_kg": null, "image": "molokai_5669_3598_3897.jpg"}}, {"type": "Feature", "geometry": {"type": "Point", "coordinates": [-156.71167112128998, 21.149193348024518]}, "properties": {"item_id": "5669_3598_3897_1378", "stop_id": "S086", "cls": "net", "cls_raw": "Net", "x": 737633.2223747456, "y": 2340372.181827668, "r95_m": 3.0, "n_views": 1, "area_m2": 0.23912570719724874, "length_m": 0.4953466796875615, "h_p90_m": 0.0, "volume_m3": 0.028695084863669847, "valid_3d": false, "buried_suspect": false, "weight_est_kg": 4.304262729550477, "weight_lo_kg": 1.7934428039793655, "weight_hi_kg": 10.760656823876191, "weight_method": "2d:area×thick_range×rho", "crew": "1인", "tools": ["절단기"], "weight_kg": null, "image": "molokai_5669_3598_3897.jpg"}}, {"type": "Feature", "geometry": {"type": "Point", "coordinates": [-156.71169344594202, 21.149180316336928]}, "properties": {"item_id": "5669_3598_3897_1379", "stop_id": "S086", "cls": "net", "cls_raw": "Net", "x": 737630.9239427812, "y": 2340370.7052550437, "r95_m": 3.0, "n_views": 1, "area_m2": 0.20430537970667192, "length_m": 0.4934545898438113, "h_p90_m": 0.0, "volume_m3": 0.02451664556480063, "valid_3d": false, "buried_suspect": false, "weight_est_kg": 3.6774968347200945, "weight_lo_kg": 1.5322903478000396, "weight_hi_kg": 9.193742086800237, "weight_method": "2d:area×thick_range×rho", "crew": "1인", "tools": ["절단기"], "weight_kg": null, "image": "molokai_5669_3598_3897.jpg"}}, {"type": "Feature", "geometry": {"type": "Point", "coordinates": [-156.71169279306756, 21.149227876246332]}, "properties": {"item_id": "5669_3598_3897_1380", "stop_id": "S086", "cls": "net", "cls_raw": "Net", "x": 737630.9158336623, "y": 2340375.973038328, "r95_m": 3.0, "n_views": 1, "area_m2": 0.1321492283135981, "length_m": 0.37058837890629603, "h_p90_m": 0.0, "volume_m3": 0.015857907397631772, "valid_3d": false, "buried_suspect": false, "weight_est_kg": 2.378686109644766, "weight_lo_kg": 0.9911192123519859, "weight_hi_kg": 5.946715274111914, "weight_method": "2d:area×thick_range×rho", "crew": "1인", "tools": ["절단기"], "weight_kg": null, "image": "molokai_5669_3598_3897.jpg"}}, {"type": "Feature", "geometry": {"type": "Point", "coordinates": [-156.71409399372536, 21.145269421123196]}, "properties": {"item_id": "5878_4869_10990_1385", "stop_id": "S087", "cls": "eps_fragment", "cls_raw": "Styrofoam_Piece", "x": 737387.7756833432, "y": 2339934.017991479, "r95_m": 3.0, "n_views": 1, "area_m2": 0.28063318022643546, "length_m": 0.5298315429687971, "h_p90_m": 0.0, "volume_m3": 0.008418995406793063, "valid_3d": false, "buried_suspect": false, "weight_est_kg": 0.16837990813586126, "weight_lo_kg": 0.11225327209057419, "weight_hi_kg": 0.5612663604528709, "weight_method": "2d:area×thick_range×rho", "crew": "1인", "tools": [], "weight_kg": null, "image": "molokai_5878_4869_10990.jpg"}}, {"type": "Feature", "geometry": {"type": "Point", "coordinates": [-156.71403334339942, 21.145203902119896]}, "properties": {"item_id": "5878_4869_10990_1386", "stop_id": "S087", "cls": "pet_bottle", "cls_raw": "PET_Bottle", "x": 737394.1810965793, "y": 2339926.853133124, "r95_m": 3.0, "n_views": 1, "area_m2": 0.19424577802423115, "length_m": 0.7276000976563146, "h_p90_m": 0.0, "volume_m3": 0.01165474668145387, "valid_3d": false, "buried_suspect": false, "weight_est_kg": 0.3846066404879777, "weight_lo_kg": 0.3205055337399814, "weight_hi_kg": 0.6410110674799628, "weight_method": "2d:area×thick_range×rho", "crew": "1인", "tools": [], "weight_kg": null, "image": "molokai_5878_4869_10990.jpg"}}, {"type": "Feature", "geometry": {"type": "Point", "coordinates": [-156.7140623713825, 21.145204712854785]}, "properties": {"item_id": "5878_4869_10990_1387", "stop_id": "S087", "cls": "eps_fragment", "cls_raw": "Styrofoam_Piece", "x": 737391.1640999898, "y": 2339926.899487819, "r95_m": 3.0, "n_views": 1, "area_m2": 0.3438431582034245, "length_m": 0.5922845458984901, "h_p90_m": 0.0, "volume_m3": 0.010315294746102734, "valid_3d": false, "buried_suspect": false, "weight_est_kg": 0.2063058949220547, "weight_lo_kg": 0.1375372632813698, "weight_hi_kg": 0.6876863164068491, "weight_method": "2d:area×thick_range×rho", "crew": "1인", "tools": [], "weight_kg": null, "image": "molokai_5878_4869_10990.jpg"}}, {"type": "Feature", "geometry": {"type": "Point", "coordinates": [-156.71408517478517, 21.145234451191453]}, "properties": {"item_id": "5878_4869_10990_1388", "stop_id": "S087", "cls": "eps_fragment", "cls_raw": "Styrofoam_Piece", "x": 737388.7476431048, "y": 2339930.158605146, "r95_m": 3.0, "n_views": 1, "area_m2": 0.4171489616633203, "length_m": 0.6908203125000614, "h_p90_m": 0.0, "volume_m3": 0.012514468849899608, "valid_3d": false, "buried_suspect": false, "weight_est_kg": 0.25028937699799214, "weight_lo_kg": 0.1668595846653281, "weight_hi_kg": 0.8342979233266407, "weight_method": "2d:area×thick_range×rho", "crew": "1인", "tools": [], "weight_kg": null, "image": "molokai_5878_4869_10990.jpg"}}, {"type": "Feature", "geometry": {"type": "Point", "coordinates": [-156.71399868678222, 21.14529187194726]}, "properties": {"item_id": "5878_4869_10990_1389", "stop_id": "S087", "cls": "plastic_buoy", "cls_raw": "Plastic_Buoy", "x": 737397.6412707968, "y": 2339936.6467828043, "r95_m": 3.0, "n_views": 1, "area_m2": 0.11669293657748239, "length_m": 0.360319824218782, "h_p90_m": 0.0, "volume_m3": 0.03500788097324472, "valid_3d": false, "buried_suspect": false, "weight_est_kg": 2.1004728583946832, "weight_lo_kg": 1.0502364291973416, "weight_hi_kg": 2.8006304778595776, "weight_method": "2d:area×thick_range×rho", "crew": "1인", "tools": [], "weight_kg": null, "image": "molokai_5878_4869_10990.jpg"}}, {"type": "Feature", "geometry": {"type": "Point", "coordinates": [-156.71408769060773, 21.14526677397479]}, "properties": {"item_id": "5878_4869_10990_1390", "stop_id": "S087", "cls": "eps_fragment", "cls_raw": "Styrofoam_Piece", "x": 737388.4347322718, "y": 2339933.7342749764, "r95_m": 3.0, "n_views": 1, "area_m2": 0.21029497819248597, "length_m": 0.4776330566406674, "h_p90_m": 0.0, "volume_m3": 0.006308849345774578, "valid_3d": false, "buried_suspect": false, "weight_est_kg": 0.12617698691549156, "weight_lo_kg": 0.08411799127699439, "weight_hi_kg": 0.42058995638497193, "weight_method": "2d:area×thick_range×rho", "crew": "1인", "tools": [], "weight_kg": null, "image": "molokai_5878_4869_10990.jpg"}}, {"type": "Feature", "geometry": {"type": "Point", "coordinates": [-156.71402451111243, 21.145203085864658]}, "properties": {"item_id": "5878_4869_10990_1391", "stop_id": "S087", "cls": "plastic_other", "cls_raw": "Plastic_ETC", "x": 737395.0999804696, "y": 2339926.7759541473, "r95_m": 3.0, "n_views": 1, "area_m2": 0.43384274424620234, "length_m": 0.6711547851563097, "h_p90_m": 0.0, "volume_m3": 0.01301528232738607, "valid_3d": false, "buried_suspect": false, "weight_est_kg": 1.0412225861908855, "weight_lo_kg": 0.6941483907939238, "weight_hi_kg": 3.4707419539696187, "weight_method": "2d:area×thick_range×rho", "crew": "1인", "tools": [], "weight_kg": null, "image": "molokai_5878_4869_10990.jpg"}}, {"type": "Feature", "geometry": {"type": "Point", "coordinates": [-156.7140812249838, 21.145192131049566]}, "properties": {"item_id": "5878_4869_10990_1392", "stop_id": "S087", "cls": "plastic_buoy", "cls_raw": "Plastic_Buoy", "x": 737389.2254715762, "y": 2339925.477970445, "r95_m": 3.0, "n_views": 1, "area_m2": 0.12688015387060514, "length_m": 0.3634680175781573, "h_p90_m": 0.0, "volume_m3": 0.03806404616118154, "valid_3d": false, "buried_suspect": false, "weight_est_kg": 2.2838427696708923, "weight_lo_kg": 1.1419213848354461, "weight_hi_kg": 3.0451236928945233, "weight_method": "2d:area×thick_range×rho", "crew": "1인", "tools": [], "weight_kg": null, "image": "molokai_5878_4869_10990.jpg"}}, {"type": "Feature", "geometry": {"type": "Point", "coordinates": [-156.71402091709348, 21.145163169832717]}, "properties": {"item_id": "5878_5000_11309_1396", "stop_id": "S087", "cls": "eps_fragment", "cls_raw": "Styrofoam_Piece", "x": 737395.5370148674, "y": 2339922.3610189734, "r95_m": 3.0, "n_views": 1, "area_m2": 0.44555554386385254, "length_m": 0.7128833007813133, "h_p90_m": 0.0, "volume_m3": 0.013366666315915576, "valid_3d": false, "buried_suspect": false, "weight_est_kg": 0.2673333263183115, "weight_lo_kg": 0.17822221754554102, "weight_hi_kg": 0.8911110877277051, "weight_method": "2d:area×thick_range×rho", "crew": "1인", "tools": [], "weight_kg": null, "image": "molokai_5878_5000_11309.jpg"}}, {"type": "Feature", "geometry": {"type": "Point", "coordinates": [-156.71406230101474, 21.14520476241487]}, "properties": {"item_id": "5878_5000_11309_1397", "stop_id": "S087", "cls": "eps_fragment", "cls_raw": "Styrofoam_Piece", "x": 737391.1713314326, "y": 2339926.905081386, "r95_m": 3.0, "n_views": 1, "area_m2": 0.347941356924238, "length_m": 0.5965191650391155, "h_p90_m": 0.0, "volume_m3": 0.010438240707727139, "valid_3d": false, "buried_suspect": false, "weight_est_kg": 0.2087648141545428, "weight_lo_kg": 0.1391765427696952, "weight_hi_kg": 0.695882713848476, "weight_method": "2d:area×thick_range×rho", "crew": "1인", "tools": [], "weight_kg": null, "image": "molokai_5878_5000_11309.jpg"}}, {"type": "Feature", "geometry": {"type": "Point", "coordinates": [-156.71402781621188, 21.145159263152213]}, "properties": {"item_id": "5878_5000_11309_1398", "stop_id": "S087", "cls": "eps_fragment", "cls_raw": "Styrofoam_Piece", "x": 737394.8264983352, "y": 2339921.9180708667, "r95_m": 3.0, "n_views": 1, "area_m2": 0.13082139523031652, "length_m": 0.5088354492187952, "h_p90_m": 0.0, "volume_m3": 0.003924641856909495, "valid_3d": false, "buried_suspect": false, "weight_est_kg": 0.0784928371381899, "weight_lo_kg": 0.05232855809212661, "weight_hi_kg": 0.26164279046063305, "weight_method": "2d:area×thick_range×rho", "crew": "1인", "tools": [], "weight_kg": null, "image": "molokai_5878_5000_11309.jpg"}}, {"type": "Feature", "geometry": {"type": "Point", "coordinates": [-156.7140439521117, 21.145160917405217]}, "properties": {"item_id": "5878_5000_11309_1399", "stop_id": "S087", "cls": "eps_fragment", "cls_raw": "Styrofoam_Piece", "x": 737393.1475086669, "y": 2339922.077123646, "r95_m": 3.0, "n_views": 1, "area_m2": 0.402279663086009, "length_m": 0.6436474609375572, "h_p90_m": 0.0, "volume_m3": 0.012068389892580269, "valid_3d": false, "buried_suspect": false, "weight_est_kg": 0.2413677978516054, "weight_lo_kg": 0.1609118652344036, "weight_hi_kg": 0.804559326172018, "weight_method": "2d:area×thick_range×rho", "crew": "1인", "tools": [], "weight_kg": null, "image": "molokai_5878_5000_11309.jpg"}}, {"type": "Feature", "geometry": {"type": "Point", "coordinates": [-156.7140369756108, 21.14516282904094]}, "properties": {"item_id": "5878_5000_11309_1400", "stop_id": "S087", "cls": "eps_fragment", "cls_raw": "Styrofoam_Piece", "x": 737393.8692459036, "y": 2339922.2992556565, "r95_m": 3.0, "n_views": 1, "area_m2": 0.185865332710776, "length_m": 0.4332189941406635, "h_p90_m": 0.0, "volume_m3": 0.00557595998132328, "valid_3d": false, "buried_suspect": false, "weight_est_kg": 0.11151919962646559, "weight_lo_kg": 0.0743461330843104, "weight_hi_kg": 0.371730665421552, "weight_method": "2d:area×thick_range×rho", "crew": "1인", "tools": [], "weight_kg": null, "image": "molokai_5878_5000_11309.jpg"}}, {"type": "Feature", "geometry": {"type": "Point", "coordinates": [-156.71408114563988, 21.14519219490388]}, "properties": {"item_id": "5878_5000_11309_1401", "stop_id": "S087", "cls": "eps_fragment", "cls_raw": "Styrofoam_Piece", "x": 737389.2336127555, "y": 2339925.4851603867, "r95_m": 3.0, "n_views": 1, "area_m2": 0.12672816917898522, "length_m": 0.36075683593753205, "h_p90_m": 0.0, "volume_m3": 0.0038018450753695564, "valid_3d": false, "buried_suspect": false, "weight_est_kg": 0.07603690150739113, "weight_lo_kg": 0.05069126767159409, "weight_hi_kg": 0.25345633835797043, "weight_method": "2d:area×thick_range×rho", "crew": "1인", "tools": [], "weight_kg": null, "image": "molokai_5878_5000_11309.jpg"}}, {"type": "Feature", "geometry": {"type": "Point", "coordinates": [-156.71408494875666, 21.145234469232847]}, "properties": {"item_id": "5878_5000_11309_1402", "stop_id": "S087", "cls": "eps_fragment", "cls_raw": "Styrofoam_Piece", "x": 737388.7710963248, "y": 2339930.160941192, "r95_m": 3.0, "n_views": 1, "area_m2": 0.43897913726818166, "length_m": 0.6822686767578731, "h_p90_m": 0.0, "volume_m3": 0.01316937411804545, "valid_3d": false, "buried_suspect": false, "weight_est_kg": 0.263387482360909, "weight_lo_kg": 0.17559165490727266, "weight_hi_kg": 0.8779582745363634, "weight_method": "2d:area×thick_range×rho", "crew": "1인", "tools": [], "weight_kg": null, "image": "molokai_5878_5000_11309.jpg"}}, {"type": "Feature", "geometry": {"type": "Point", "coordinates": [-156.71397813218212, 21.14523591694948]}, "properties": {"item_id": "5878_5000_11309_1403", "stop_id": "S087", "cls": "plastic_buoy", "cls_raw": "Plastic_Buoy", "x": 737399.8659099962, "y": 2339930.4810622516, "r95_m": 3.0, "n_views": 1, "area_m2": 0.4188304829258285, "length_m": 0.6597412109375587, "h_p90_m": 0.0, "volume_m3": 0.12564914487774853, "valid_3d": false, "buried_suspect": false, "weight_est_kg": 7.538948692664912, "weight_lo_kg": 3.769474346332456, "weight_hi_kg": 10.051931590219885, "weight_method": "2d:area×thick_range×rho", "crew": "1인", "tools": [], "weight_kg": null, "image": "molokai_5878_5000_11309.jpg"}}, {"type": "Feature", "geometry": {"type": "Point", "coordinates": [-156.7140332733436, 21.145203835668585]}, "properties": {"item_id": "5878_5000_11309_1404", "stop_id": "S087", "cls": "pet_bottle", "cls_raw": "PET_Bottle", "x": 737394.1884806136, "y": 2339926.8458790933, "r95_m": 3.0, "n_views": 1, "area_m2": 0.18813057649883988, "length_m": 0.7606750488281926, "h_p90_m": 0.0, "volume_m3": 0.011287834589930393, "valid_3d": false, "buried_suspect": false, "weight_est_kg": 0.37249854146770295, "weight_lo_kg": 0.3104154512230858, "weight_hi_kg": 0.6208309024461716, "weight_method": "2d:area×thick_range×rho", "crew": "1인", "tools": [], "weight_kg": null, "image": "molokai_5878_5000_11309.jpg"}}, {"type": "Feature", "geometry": {"type": "Point", "coordinates": [-156.71403443926846, 21.145180951010484]}, "properties": {"item_id": "5878_5000_11309_1405", "stop_id": "S087", "cls": "plastic_buoy", "cls_raw": "Plastic_Buoy", "x": 737394.1038467969, "y": 2339924.309881764, "r95_m": 3.0, "n_views": 1, "area_m2": 0.31252009712463213, "length_m": 0.6188696289063049, "h_p90_m": 0.0, "volume_m3": 0.09375602913738963, "valid_3d": false, "buried_suspect": false, "weight_est_kg": 5.625361748243378, "weight_lo_kg": 2.812680874121689, "weight_hi_kg": 7.500482330991172, "weight_method": "2d:area×thick_range×rho", "crew": "1인", "tools": [], "weight_kg": null, "image": "molokai_5878_5000_11309.jpg"}}, {"type": "Feature", "geometry": {"type": "Point", "coordinates": [-156.71402444436382, 21.14520296011505]}, "properties": {"item_id": "5878_5000_11309_1406", "stop_id": "S087", "cls": "plastic_other", "cls_raw": "Plastic_ETC", "x": 737395.107115481, "y": 2339926.76212846, "r95_m": 3.0, "n_views": 1, "area_m2": 0.45787462598838596, "length_m": 0.6797058105469354, "h_p90_m": 0.0, "volume_m3": 0.013736238779651579, "valid_3d": false, "buried_suspect": false, "weight_est_kg": 1.0988991023721264, "weight_lo_kg": 0.7325994015814176, "weight_hi_kg": 3.6629970079070877, "weight_method": "2d:area×thick_range×rho", "crew": "1인", "tools": [], "weight_kg": null, "image": "molokai_5878_5000_11309.jpg"}}, {"type": "Feature", "geometry": {"type": "Point", "coordinates": [-156.7139983103382, 21.14519858196331]}, "properties": {"item_id": "5878_5000_11309_1407", "stop_id": "S087", "cls": "net", "cls_raw": "Net", "x": 737397.8291492296, "y": 2339926.3163882904, "r95_m": 3.0, "n_views": 1, "area_m2": 0.2404354047596882, "length_m": 0.5577832031250496, "h_p90_m": 0.0, "volume_m3": 0.028852248571162583, "valid_3d": false, "buried_suspect": false, "weight_est_kg": 4.327837285674388, "weight_lo_kg": 1.8032655356976617, "weight_hi_kg": 10.819593214185968, "weight_method": "2d:area×thick_range×rho", "crew": "1인", "tools": ["절단기"], "weight_kg": null, "image": "molokai_5878_5000_11309.jpg"}}, {"type": "Feature", "geometry": {"type": "Point", "coordinates": [-156.71398032743656, 21.145228206448216]}, "properties": {"item_id": "5878_5000_11309_1408", "stop_id": "S087", "cls": "net", "cls_raw": "Net", "x": 737399.6501421212, "y": 2339929.623915043, "r95_m": 3.0, "n_views": 1, "area_m2": 0.23546003089774858, "length_m": 0.5113241577148891, "h_p90_m": 0.0, "volume_m3": 0.02825520370772983, "valid_3d": false, "buried_suspect": false, "weight_est_kg": 4.2382805561594745, "weight_lo_kg": 1.7659502317331146, "weight_hi_kg": 10.595701390398686, "weight_method": "2d:area×thick_range×rho", "crew": "1인", "tools": ["절단기"], "weight_kg": null, "image": "molokai_5878_5000_11309.jpg"}}, {"type": "Feature", "geometry": {"type": "Point", "coordinates": [-156.71390467896023, 21.145832004108097]}, "properties": {"item_id": "5878_5623_7686_1416", "stop_id": "S088", "cls": "eps_buoy", "cls_raw": "Styrofoam_Buoy", "x": 737406.5462963366, "y": 2339996.6018105964, "r95_m": 3.0, "n_views": 1, "area_m2": 0.7095705461741755, "length_m": 0.9317089843750828, "h_p90_m": 0.0, "volume_m3": 0.2483496911609614, "valid_3d": false, "buried_suspect": false, "weight_est_kg": 6.208742279024035, "weight_lo_kg": 2.660889548153158, "weight_hi_kg": 7.095705461741756, "weight_method": "2d:area×thick_range×rho", "crew": "1인", "tools": [], "weight_kg": null, "image": "molokai_5878_5623_7686.jpg"}}, {"type": "Feature", "geometry": {"type": "Point", "coordinates": [-156.71392344881932, 21.145854982707103]}, "properties": {"item_id": "5878_5623_7686_1417", "stop_id": "S088", "cls": "eps_fragment", "cls_raw": "Styrofoam_Piece", "x": 737404.5596662161, "y": 2339999.11838471, "r95_m": 3.0, "n_views": 1, "area_m2": 0.2199625844002161, "length_m": 0.4742529296875421, "h_p90_m": 0.0, "volume_m3": 0.006598877532006483, "valid_3d": false, "buried_suspect": false, "weight_est_kg": 0.13197755064012964, "weight_lo_kg": 0.08798503376008643, "weight_hi_kg": 0.4399251688004322, "weight_method": "2d:area×thick_range×rho", "crew": "1인", "tools": [], "weight_kg": null, "image": "molokai_5878_5623_7686.jpg"}}, {"type": "Feature", "geometry": {"type": "Point", "coordinates": [-156.7139118236104, 21.145852745842856]}, "properties": {"item_id": "5878_5623_7686_1418", "stop_id": "S088", "cls": "net", "cls_raw": "Net", "x": 737405.770965954, "y": 2339998.888066656, "r95_m": 3.0, "n_views": 1, "area_m2": 0.12883170717807912, "length_m": 0.42821411132816306, "h_p90_m": 0.0, "volume_m3": 0.015459804861369494, "valid_3d": false, "buried_suspect": false, "weight_est_kg": 2.3189707292054242, "weight_lo_kg": 0.9662378038355934, "weight_hi_kg": 5.79742682301356, "weight_method": "2d:area×thick_range×rho", "crew": "1인", "tools": ["절단기"], "weight_kg": null, "image": "molokai_5878_5623_7686.jpg"}}, {"type": "Feature", "geometry": {"type": "Point", "coordinates": [-156.71392349721265, 21.14585497577149]}, "properties": {"item_id": "5878_5651_7296_1420", "stop_id": "S088", "cls": "eps_fragment", "cls_raw": "Styrofoam_Piece", "x": 737404.5546497374, "y": 2339999.1175442557, "r95_m": 3.0, "n_views": 1, "area_m2": 0.21283447494510618, "length_m": 0.4672265625000415, "h_p90_m": 0.0, "volume_m3": 0.006385034248353186, "valid_3d": false, "buried_suspect": false, "weight_est_kg": 0.12770068496706372, "weight_lo_kg": 0.08513378997804247, "weight_hi_kg": 0.4256689498902124, "weight_method": "2d:area×thick_range×rho", "crew": "1인", "tools": [], "weight_kg": null, "image": "molokai_5878_5651_7296.jpg"}}, {"type": "Feature", "geometry": {"type": "Point", "coordinates": [-156.71391162189852, 21.14585278325284]}, "properties": {"item_id": "5878_5651_7296_1421", "stop_id": "S088", "cls": "net", "cls_raw": "Net", "x": 737405.7918619555, "y": 2339998.8925112374, "r95_m": 3.0, "n_views": 1, "area_m2": 0.14423193521800218, "length_m": 0.42727661132816297, "h_p90_m": 0.0, "volume_m3": 0.01730783222616026, "valid_3d": false, "buried_suspect": false, "weight_est_kg": 2.5961748339240387, "weight_lo_kg": 1.0817395141350163, "weight_hi_kg": 6.490437084810098, "weight_method": "2d:area×thick_range×rho", "crew": "1인", "tools": ["절단기"], "weight_kg": null, "image": "molokai_5878_5651_7296.jpg"}}, {"type": "Feature", "geometry": {"type": "Point", "coordinates": [-156.71395250509352, 21.145952297357997]}, "properties": {"item_id": "5878_5651_7296_1422", "stop_id": "S088", "cls": "plastic_other", "cls_raw": "Plastic_ETC", "x": 737401.3858406236, "y": 2340009.8515642495, "r95_m": 3.0, "n_views": 1, "area_m2": 0.4424379427701555, "length_m": 0.8436289978028093, "h_p90_m": 0.0, "volume_m3": 0.013273138283104665, "valid_3d": false, "buried_suspect": false, "weight_est_kg": 1.0618510626483733, "weight_lo_kg": 0.7079007084322488, "weight_hi_kg": 3.539503542161244, "weight_method": "2d:area×thick_range×rho", "crew": "1인", "tools": [], "weight_kg": null, "image": "molokai_5878_5651_7296.jpg"}}, {"type": "Feature", "geometry": {"type": "Point", "coordinates": [-156.71346825898397, 21.146598761346148]}, "properties": {"item_id": "5878_7643_3426_1427", "stop_id": "S089", "cls": "eps_buoy", "cls_raw": "Styrofoam_Buoy", "x": 737450.662494536, "y": 2340082.1657531178, "r95_m": 3.0, "n_views": 1, "area_m2": 1.2110872014167076, "length_m": 1.105355224609473, "h_p90_m": 0.0, "volume_m3": 0.4238805204958476, "valid_3d": false, "buried_suspect": false, "weight_est_kg": 10.597013012396191, "weight_lo_kg": 4.541577005312654, "weight_hi_kg": 12.110872014167077, "weight_method": "2d:area×thick_range×rho", "crew": "1인", "tools": [], "weight_kg": null, "image": "molokai_5878_7643_3426.jpg"}}, {"type": "Feature", "geometry": {"type": "Point", "coordinates": [-156.71348141750175, 21.146579072572322]}, "properties": {"item_id": "5878_7643_3426_1428", "stop_id": "S089", "cls": "eps_buoy", "cls_raw": "Styrofoam_Buoy", "x": 737449.3268814104, "y": 2340079.96572084, "r95_m": 3.0, "n_views": 1, "area_m2": 0.8841467649938247, "length_m": 0.9502539062500844, "h_p90_m": 0.0, "volume_m3": 0.30945136774783866, "valid_3d": false, "buried_suspect": false, "weight_est_kg": 7.736284193695966, "weight_lo_kg": 3.3155503687268424, "weight_hi_kg": 8.841467649938247, "weight_method": "2d:area×thick_range×rho", "crew": "1인", "tools": [], "weight_kg": null, "image": "molokai_5878_7643_3426.jpg"}}, {"type": "Feature", "geometry": {"type": "Point", "coordinates": [-156.7134526076751, 21.146595816848915]}, "properties": {"item_id": "5878_7643_3426_1429", "stop_id": "S089", "cls": "eps_fragment", "cls_raw": "Styrofoam_Piece", "x": 737452.2931840206, "y": 2340081.863100451, "r95_m": 3.0, "n_views": 1, "area_m2": 0.28872110023503667, "length_m": 0.5657812500000503, "h_p90_m": 0.0, "volume_m3": 0.0086616330070511, "valid_3d": false, "buried_suspect": false, "weight_est_kg": 0.17323266014102198, "weight_lo_kg": 0.11548844009401467, "weight_hi_kg": 0.5774422004700733, "weight_method": "2d:area×thick_range×rho", "crew": "1인", "tools": [], "weight_kg": null, "image": "molokai_5878_7643_3426.jpg"}}, {"type": "Feature", "geometry": {"type": "Point", "coordinates": [-156.71346526766612, 21.146570553640366]}, "properties": {"item_id": "5878_7643_3426_1430", "stop_id": "S089", "cls": "plastic_buoy", "cls_raw": "Plastic_Buoy", "x": 737451.0182545047, "y": 2340079.0464994167, "r95_m": 3.0, "n_views": 1, "area_m2": 0.15420105171206352, "length_m": 0.39578125000003517, "h_p90_m": 0.0, "volume_m3": 0.04626031551361905, "valid_3d": false, "buried_suspect": false, "weight_est_kg": 2.775618930817143, "weight_lo_kg": 1.3878094654085715, "weight_hi_kg": 3.700825241089525, "weight_method": "2d:area×thick_range×rho", "crew": "1인", "tools": [], "weight_kg": null, "image": "molokai_5878_7643_3426.jpg"}}, {"type": "Feature", "geometry": {"type": "Point", "coordinates": [-156.71349409642318, 21.14655011153742]}, "properties": {"item_id": "5878_7643_3426_1431", "stop_id": "S089", "cls": "eps_fragment", "cls_raw": "Styrofoam_Piece", "x": 737448.055883164, "y": 2340076.7395933373, "r95_m": 3.0, "n_views": 1, "area_m2": 0.3011581314325868, "length_m": 0.5528759765625492, "h_p90_m": 0.0, "volume_m3": 0.009034743942977604, "valid_3d": false, "buried_suspect": false, "weight_est_kg": 0.18069487885955207, "weight_lo_kg": 0.12046325257303472, "weight_hi_kg": 0.6023162628651736, "weight_method": "2d:area×thick_range×rho", "crew": "1인", "tools": [], "weight_kg": null, "image": "molokai_5878_7643_3426.jpg"}}, {"type": "Feature", "geometry": {"type": "Point", "coordinates": [-156.71352965359472, 21.146499243808027]}, "properties": {"item_id": "5878_7777_3800_1434", "stop_id": "S089", "cls": "plastic_buoy", "cls_raw": "Plastic_Buoy", "x": 737444.4430377948, "y": 2340071.0532760248, "r95_m": 3.0, "n_views": 1, "area_m2": 0.2297142441876641, "length_m": 0.5009687805176226, "h_p90_m": 0.0, "volume_m3": 0.06891427325629923, "valid_3d": false, "buried_suspect": false, "weight_est_kg": 4.134856395377954, "weight_lo_kg": 2.067428197688977, "weight_hi_kg": 5.513141860503938, "weight_method": "2d:area×thick_range×rho", "crew": "1인", "tools": [], "weight_kg": null, "image": "molokai_5878_7777_3800.jpg"}}, {"type": "Feature", "geometry": {"type": "Point", "coordinates": [-156.71346521235333, 21.146570496573037]}, "properties": {"item_id": "5878_7777_3800_1435", "stop_id": "S089", "cls": "plastic_buoy", "cls_raw": "Plastic_Buoy", "x": 737451.0240919066, "y": 2340079.0402625375, "r95_m": 3.0, "n_views": 1, "area_m2": 0.15609731403890045, "length_m": 0.4027416992187858, "h_p90_m": 0.0, "volume_m3": 0.04682919421167014, "valid_3d": false, "buried_suspect": false, "weight_est_kg": 2.8097516527002084, "weight_lo_kg": 1.4048758263501042, "weight_hi_kg": 3.746335536933611, "weight_method": "2d:area×thick_range×rho", "crew": "1인", "tools": [], "weight_kg": null, "image": "molokai_5878_7777_3800.jpg"}}, {"type": "Feature", "geometry": {"type": "Point", "coordinates": [-156.713481362221, 21.14657908994197]}, "properties": {"item_id": "5878_7777_3800_1436", "stop_id": "S089", "cls": "eps_buoy", "cls_raw": "Styrofoam_Buoy", "x": 737449.3325967444, "y": 2340079.967727085, "r95_m": 3.0, "n_views": 1, "area_m2": 0.8625713383351122, "length_m": 0.9490307617188343, "h_p90_m": 0.0, "volume_m3": 0.3018999684172893, "valid_3d": false, "buried_suspect": false, "weight_est_kg": 7.547499210432232, "weight_lo_kg": 3.234642518756671, "weight_hi_kg": 8.625713383351123, "weight_method": "2d:area×thick_range×rho", "crew": "1인", "tools": [], "weight_kg": null, "image": "molokai_5878_7777_3800.jpg"}}, {"type": "Feature", "geometry": {"type": "Point", "coordinates": [-156.7134795748346, 21.146529334239897]}, "properties": {"item_id": "5878_7777_3800_1437", "stop_id": "S089", "cls": "eps_buoy", "cls_raw": "Styrofoam_Buoy", "x": 737449.5976541647, "y": 2340074.4604399386, "r95_m": 3.0, "n_views": 1, "area_m2": 0.8144521517337816, "length_m": 0.9103662109375809, "h_p90_m": 0.0, "volume_m3": 0.28505825310682353, "valid_3d": false, "buried_suspect": false, "weight_est_kg": 7.126456327670589, "weight_lo_kg": 3.054195569001681, "weight_hi_kg": 8.144521517337816, "weight_method": "2d:area×thick_range×rho", "crew": "1인", "tools": [], "weight_kg": null, "image": "molokai_5878_7777_3800.jpg"}}, {"type": "Feature", "geometry": {"type": "Point", "coordinates": [-156.7134941571087, 21.146550099926152]}, "properties": {"item_id": "5878_7777_3800_1438", "stop_id": "S089", "cls": "eps_fragment", "cls_raw": "Styrofoam_Piece", "x": 737448.0495971481, "y": 2340076.7382166893, "r95_m": 3.0, "n_views": 1, "area_m2": 0.2894343747571625, "length_m": 0.545005493164111, "h_p90_m": 0.0, "volume_m3": 0.008683031242714875, "valid_3d": false, "buried_suspect": false, "weight_est_kg": 0.1736606248542975, "weight_lo_kg": 0.115773749902865, "weight_hi_kg": 0.578868749514325, "weight_method": "2d:area×thick_range×rho", "crew": "1인", "tools": [], "weight_kg": null, "image": "molokai_5878_7777_3800.jpg"}}, {"type": "Feature", "geometry": {"type": "Point", "coordinates": [-156.71348980591392, 21.146489781688693]}, "properties": {"item_id": "5878_7777_3800_1439", "stop_id": "S089", "cls": "plastic_buoy", "cls_raw": "Plastic_Buoy", "x": 737448.5978534922, "y": 2340070.0650677616, "r95_m": 3.0, "n_views": 1, "area_m2": 0.19044843134883452, "length_m": 0.43736328125003887, "h_p90_m": 0.0, "volume_m3": 0.05713452940465035, "valid_3d": false, "buried_suspect": false, "weight_est_kg": 3.428071764279021, "weight_lo_kg": 1.7140358821395105, "weight_hi_kg": 4.570762352372029, "weight_method": "2d:area×thick_range×rho", "crew": "1인", "tools": [], "weight_kg": null, "image": "molokai_5878_7777_3800.jpg"}}, {"type": "Feature", "geometry": {"type": "Point", "coordinates": [-156.71346163240483, 21.146577785110196]}, "properties": {"item_id": "5878_7777_3800_1440", "stop_id": "S089", "cls": "plastic_other", "cls_raw": "Plastic_ETC", "x": 737451.3843813055, "y": 2340079.852754727, "r95_m": 3.0, "n_views": 1, "area_m2": 0.3479795348112158, "length_m": 0.6766346740723257, "h_p90_m": 0.0, "volume_m3": 0.010439386044336474, "valid_3d": false, "buried_suspect": false, "weight_est_kg": 0.8351508835469179, "weight_lo_kg": 0.5567672556979453, "weight_hi_kg": 2.7838362784897264, "weight_method": "2d:area×thick_range×rho", "crew": "1인", "tools": [], "weight_kg": null, "image": "molokai_5878_7777_3800.jpg"}}, {"type": "Feature", "geometry": {"type": "Point", "coordinates": [-156.71892548133002, 21.13673546439441]}, "properties": {"item_id": "6506_9212_13221_1442", "stop_id": "S090", "cls": "plastic_buoy", "cls_raw": "Plastic_Buoy_China", "x": 736899.4126571001, "y": 2338981.747964526, "r95_m": 3.0, "n_views": 1, "area_m2": 0.3349303468585275, "length_m": 0.6014013671875234, "h_p90_m": 0.0, "volume_m3": 0.10047910405755825, "valid_3d": false, "buried_suspect": false, "weight_est_kg": 6.028746243453495, "weight_lo_kg": 3.0143731217267473, "weight_hi_kg": 8.038328324604661, "weight_method": "2d:area×thick_range×rho", "crew": "1인", "tools": [], "weight_kg": null, "image": "molokai_6506_9212_13221.jpg"}}, {"type": "Feature", "geometry": {"type": "Point", "coordinates": [-156.7189236553985, 21.13680202825294]}, "properties": {"item_id": "6506_9212_13221_1443", "stop_id": "S090", "cls": "plastic_buoy", "cls_raw": "Plastic_Buoy", "x": 736899.4964828229, "y": 2338989.121963844, "r95_m": 3.0, "n_views": 1, "area_m2": 0.15350830722154382, "length_m": 0.42909790039064166, "h_p90_m": 0.0, "volume_m3": 0.04605249216646314, "valid_3d": false, "buried_suspect": false, "weight_est_kg": 2.7631495299877886, "weight_lo_kg": 1.3815747649938943, "weight_hi_kg": 3.684199373317052, "weight_method": "2d:area×thick_range×rho", "crew": "1인", "tools": [], "weight_kg": null, "image": "molokai_6506_9212_13221.jpg"}}, {"type": "Feature", "geometry": {"type": "Point", "coordinates": [-156.7189559355191, 21.13673810870162]}, "properties": {"item_id": "6506_9212_13221_1444", "stop_id": "S090", "cls": "plastic_buoy", "cls_raw": "Plastic_Buoy_China", "x": 736896.2444071138, "y": 2338981.9953474076, "r95_m": 3.0, "n_views": 1, "area_m2": 0.32866514084639725, "length_m": 0.5829614257812726, "h_p90_m": 0.0, "volume_m3": 0.09859954225391918, "valid_3d": false, "buried_suspect": false, "weight_est_kg": 5.91597253523515, "weight_lo_kg": 2.957986267617575, "weight_hi_kg": 7.8879633803135345, "weight_method": "2d:area×thick_range×rho", "crew": "1인", "tools": [], "weight_kg": null, "image": "molokai_6506_9212_13221.jpg"}}, {"type": "Feature", "geometry": {"type": "Point", "coordinates": [-156.7189150415916, 21.136775662925434]}, "properties": {"item_id": "6506_9212_13221_1445", "stop_id": "S090", "cls": "eps_buoy", "cls_raw": "Styrofoam_Buoy", "x": 736900.4333537706, "y": 2338986.215125049, "r95_m": 3.0, "n_views": 1, "area_m2": 1.1288621294439718, "length_m": 1.1887097167969212, "h_p90_m": 0.0, "volume_m3": 0.3951017453053901, "valid_3d": false, "buried_suspect": false, "weight_est_kg": 9.877543632634753, "weight_lo_kg": 4.233232985414894, "weight_hi_kg": 11.288621294439718, "weight_method": "2d:area×thick_range×rho", "crew": "1인", "tools": [], "weight_kg": null, "image": "molokai_6506_9212_13221.jpg"}}, {"type": "Feature", "geometry": {"type": "Point", "coordinates": [-156.71890592348717, 21.13673328650594]}, "properties": {"item_id": "6506_9212_13221_1446", "stop_id": "S090", "cls": "net", "cls_raw": "Net", "x": 736901.4480872855, "y": 2338981.53597228, "r95_m": 3.0, "n_views": 1, "area_m2": 0.17747605404855202, "length_m": 0.4223852539062664, "h_p90_m": 0.0, "volume_m3": 0.02129712648582624, "valid_3d": false, "buried_suspect": false, "weight_est_kg": 3.194568972873936, "weight_lo_kg": 1.33107040536414, "weight_hi_kg": 7.986422432184841, "weight_method": "2d:area×thick_range×rho", "crew": "1인", "tools": ["절단기"], "weight_kg": null, "image": "molokai_6506_9212_13221.jpg"}}, {"type": "Feature", "geometry": {"type": "Point", "coordinates": [-156.71839116209264, 21.13844120758541]}, "properties": {"item_id": "6507_-187_3956_1452", "stop_id": "S091", "cls": "eps_buoy", "cls_raw": "Styrofoam_Buoy", "x": 736952.2118905497, "y": 2339171.439321048, "r95_m": 3.0, "n_views": 1, "area_m2": 1.187867018223104, "length_m": 1.143425292968892, "h_p90_m": 0.0, "volume_m3": 0.41575345637808636, "valid_3d": false, "buried_suspect": false, "weight_est_kg": 10.39383640945216, "weight_lo_kg": 4.454501318336639, "weight_hi_kg": 11.878670182231039, "weight_method": "2d:area×thick_range×rho", "crew": "1인", "tools": [], "weight_kg": null, "image": "molokai_6507_-187_3956.jpg"}}, {"type": "Feature", "geometry": {"type": "Point", "coordinates": [-156.71841522607752, 21.13841868004234]}, "properties": {"item_id": "6507_-187_3956_1453", "stop_id": "S091", "cls": "plastic_buoy", "cls_raw": "Plastic_Buoy", "x": 736949.7476302925, "y": 2339168.9087003116, "r95_m": 3.0, "n_views": 1, "area_m2": 0.2668345573545165, "length_m": 0.5193847656250645, "h_p90_m": 0.0, "volume_m3": 0.08005036720635494, "valid_3d": false, "buried_suspect": false, "weight_est_kg": 4.803022032381296, "weight_lo_kg": 2.401511016190648, "weight_hi_kg": 6.404029376508396, "weight_method": "2d:area×thick_range×rho", "crew": "1인", "tools": [], "weight_kg": null, "image": "molokai_6507_-187_3956.jpg"}}, {"type": "Feature", "geometry": {"type": "Point", "coordinates": [-156.71833612445383, 21.138481186858872]}, "properties": {"item_id": "6507_-187_3956_1454", "stop_id": "S091", "cls": "net", "cls_raw": "Net", "x": 736957.8663584978, "y": 2339175.94878351, "r95_m": 3.0, "n_views": 1, "area_m2": 0.24993547791248807, "length_m": 0.571943359375071, "h_p90_m": 0.0, "volume_m3": 0.029992257349498567, "valid_3d": false, "buried_suspect": false, "weight_est_kg": 4.498838602424785, "weight_lo_kg": 1.8745160843436606, "weight_hi_kg": 11.247096506061963, "weight_method": "2d:area×thick_range×rho", "crew": "1인", "tools": ["절단기"], "weight_kg": null, "image": "molokai_6507_-187_3956.jpg"}}, {"type": "Feature", "geometry": {"type": "Point", "coordinates": [-156.71840570829815, 21.138444469604224]}, "properties": {"item_id": "6507_-187_3956_1455", "stop_id": "S091", "cls": "eps_fragment", "cls_raw": "Styrofoam_Piece", "x": 736950.6954363183, "y": 2339171.778842619, "r95_m": 3.0, "n_views": 1, "area_m2": 0.35642092633256234, "length_m": 0.5977905273438242, "h_p90_m": 0.0, "volume_m3": 0.01069262778997687, "valid_3d": false, "buried_suspect": false, "weight_est_kg": 0.2138525557995374, "weight_lo_kg": 0.14256837053302493, "weight_hi_kg": 0.7128418526651247, "weight_method": "2d:area×thick_range×rho", "crew": "1인", "tools": [], "weight_kg": null, "image": "molokai_6507_-187_3956.jpg"}}, {"type": "Feature", "geometry": {"type": "Point", "coordinates": [-156.7183575684286, 21.138437008646044]}, "properties": {"item_id": "6507_-187_3956_1456", "stop_id": "S091", "cls": "pet_bottle", "cls_raw": "PET_Bottle", "x": 736955.7087529782, "y": 2339171.0244790157, "r95_m": 3.0, "n_views": 1, "area_m2": 0.12584387075904158, "length_m": 0.5206420898438147, "h_p90_m": 0.0, "volume_m3": 0.007550632245542494, "valid_3d": false, "buried_suspect": false, "weight_est_kg": 0.24917086410290232, "weight_lo_kg": 0.2076423867524186, "weight_hi_kg": 0.4152847735048372, "weight_method": "2d:area×thick_range×rho", "crew": "1인", "tools": [], "weight_kg": null, "image": "molokai_6507_-187_3956.jpg"}}, {"type": "Feature", "geometry": {"type": "Point", "coordinates": [-156.71841397582688, 21.13839344568429]}, "properties": {"item_id": "6507_-187_3956_1457", "stop_id": "S091", "cls": "eps_fragment", "cls_raw": "Styrofoam_Piece", "x": 736949.9176748814, "y": 2339166.116115392, "r95_m": 3.0, "n_views": 1, "area_m2": 0.3078151704639961, "length_m": 0.7905737304688482, "h_p90_m": 0.0, "volume_m3": 0.009234455113919883, "valid_3d": false, "buried_suspect": false, "weight_est_kg": 0.18468910227839766, "weight_lo_kg": 0.12312606818559843, "weight_hi_kg": 0.6156303409279922, "weight_method": "2d:area×thick_range×rho", "crew": "1인", "tools": [], "weight_kg": null, "image": "molokai_6507_-187_3956.jpg"}}, {"type": "Feature", "geometry": {"type": "Point", "coordinates": [-156.71839745295097, 21.13844374025958]}, "properties": {"item_id": "6507_-187_3956_1458", "stop_id": "S091", "cls": "net", "cls_raw": "Net", "x": 736951.5542780822, "y": 2339171.7103983867, "r95_m": 3.0, "n_views": 1, "area_m2": 0.2395901566744446, "length_m": 0.5606689453125696, "h_p90_m": 0.0, "volume_m3": 0.028750818800933352, "valid_3d": false, "buried_suspect": false, "weight_est_kg": 4.312622820140003, "weight_lo_kg": 1.7969261750583345, "weight_hi_kg": 10.781557050350008, "weight_method": "2d:area×thick_range×rho", "crew": "1인", "tools": ["절단기"], "weight_kg": null, "image": "molokai_6507_-187_3956.jpg"}}, {"type": "Feature", "geometry": {"type": "Point", "coordinates": [-156.71838930848182, 21.138441060726656]}, "properties": {"item_id": "6507_127_3840_1465", "stop_id": "S091", "cls": "eps_buoy", "cls_raw": "Styrofoam_Buoy", "x": 736952.4047033252, "y": 2339171.42582495, "r95_m": 3.0, "n_views": 1, "area_m2": 0.772671481322689, "length_m": 1.1703369140626454, "h_p90_m": 0.0, "volume_m3": 0.27043501846294116, "valid_3d": false, "buried_suspect": false, "weight_est_kg": 6.760875461573529, "weight_lo_kg": 2.897518054960084, "weight_hi_kg": 7.7267148132268915, "weight_method": "2d:area×thick_range×rho", "crew": "1인", "tools": [], "weight_kg": null, "image": "molokai_6507_127_3840.jpg"}}, {"type": "Feature", "geometry": {"type": "Point", "coordinates": [-156.71833619352884, 21.13848117383748]}, "properties": {"item_id": "6507_127_3840_1466", "stop_id": "S091", "cls": "net", "cls_raw": "Net", "x": 736957.859202738, "y": 2339175.9472384057, "r95_m": 3.0, "n_views": 1, "area_m2": 0.22948066524272898, "length_m": 0.5472509765625679, "h_p90_m": 0.0, "volume_m3": 0.027537679829127477, "valid_3d": false, "buried_suspect": false, "weight_est_kg": 4.130651974369122, "weight_lo_kg": 1.7211049893204675, "weight_hi_kg": 10.326629935922803, "weight_method": "2d:area×thick_range×rho", "crew": "1인", "tools": ["절단기"], "weight_kg": null, "image": "molokai_6507_127_3840.jpg"}}, {"type": "Feature", "geometry": {"type": "Point", "coordinates": [-156.71835196247466, 21.138406364713045]}, "properties": {"item_id": "6507_127_3840_1467", "stop_id": "S091", "cls": "eps_buoy", "cls_raw": "Styrofoam_Buoy", "x": 736956.3399378164, "y": 2339167.63934024, "r95_m": 3.0, "n_views": 1, "area_m2": 0.7060615494849052, "length_m": 1.375927734375171, "h_p90_m": 0.0, "volume_m3": 0.2471215423197168, "valid_3d": false, "buried_suspect": false, "weight_est_kg": 6.17803855799292, "weight_lo_kg": 2.6477308105683943, "weight_hi_kg": 7.060615494849053, "weight_method": "2d:area×thick_range×rho", "crew": "1인", "tools": [], "weight_kg": null, "image": "molokai_6507_127_3840.jpg"}}, {"type": "Feature", "geometry": {"type": "Point", "coordinates": [-156.71832944300604, 21.138407493822708]}, "properties": {"item_id": "6507_127_3840_1468", "stop_id": "S091", "cls": "plastic_other", "cls_raw": "Plastic_ETC", "x": 736958.6777801889, "y": 2339167.797995057, "r95_m": 3.0, "n_views": 1, "area_m2": 2.156667496242165, "length_m": 2.5969470214846977, "h_p90_m": 0.0, "volume_m3": 0.06470002488726494, "valid_3d": false, "buried_suspect": false, "weight_est_kg": 5.176001990981195, "weight_lo_kg": 3.4506679939874636, "weight_hi_kg": 17.253339969937322, "weight_method": "2d:area×thick_range×rho", "crew": "1인", "tools": [], "weight_kg": null, "image": "molokai_6507_127_3840.jpg"}}, {"type": "Feature", "geometry": {"type": "Point", "coordinates": [-157.2374412794414, 21.21761163924305]}, "properties": {"item_id": "656_13945_5167_1479", "stop_id": "S092", "cls": "plastic_buoy", "cls_raw": "Plastic_Buoy_China", "x": 682935.2556761455, "y": 2347250.1802865383, "r95_m": 3.0, "n_views": 1, "area_m2": 0.2077723410934145, "length_m": 0.49610839843749227, "h_p90_m": 0.0, "volume_m3": 0.062331702328024347, "valid_3d": false, "buried_suspect": false, "weight_est_kg": 3.739902139681461, "weight_lo_kg": 1.8699510698407305, "weight_hi_kg": 4.986536186241948, "weight_method": "2d:area×thick_range×rho", "crew": "1인", "tools": [], "weight_kg": null, "image": "molokai_656_13945_5167.jpg"}}, {"type": "Feature", "geometry": {"type": "Point", "coordinates": [-157.2374264137478, 21.217610891023543]}, "properties": {"item_id": "656_13945_5167_1480", "stop_id": "S092", "cls": "plastic_buoy", "cls_raw": "Plastic_Buoy_China", "x": 682936.7998647571, "y": 2347250.1146349693, "r95_m": 3.0, "n_views": 1, "area_m2": 0.2124700662270122, "length_m": 0.4814819335937425, "h_p90_m": 0.0, "volume_m3": 0.06374101986810365, "valid_3d": false, "buried_suspect": false, "weight_est_kg": 3.8244611920862193, "weight_lo_kg": 1.9122305960431096, "weight_hi_kg": 5.099281589448293, "weight_method": "2d:area×thick_range×rho", "crew": "1인", "tools": [], "weight_kg": null, "image": "molokai_656_13945_5167.jpg"}}, {"type": "Feature", "geometry": {"type": "Point", "coordinates": [-157.23744664496004, 21.217585640224964]}, "properties": {"item_id": "656_13945_5167_1481", "stop_id": "S092", "cls": "net", "cls_raw": "Net", "x": 682934.7307175137, "y": 2347247.2956148074, "r95_m": 3.0, "n_views": 1, "area_m2": 0.172478678822512, "length_m": 0.4166259765624935, "h_p90_m": 0.0, "volume_m3": 0.02069744145870144, "valid_3d": false, "buried_suspect": false, "weight_est_kg": 3.1046162188052158, "weight_lo_kg": 1.29359009116884, "weight_hi_kg": 7.76154054701304, "weight_method": "2d:area×thick_range×rho", "crew": "1인", "tools": ["절단기"], "weight_kg": null, "image": "molokai_656_13945_5167.jpg"}}, {"type": "Feature", "geometry": {"type": "Point", "coordinates": [-157.23739343552054, 21.217529698552884]}, "properties": {"item_id": "656_13945_5167_1482", "stop_id": "S092", "cls": "pet_bottle", "cls_raw": "PET_Bottle", "x": 682940.32357776, "y": 2347241.1635795888, "r95_m": 3.0, "n_views": 1, "area_m2": 0.19311413972377175, "length_m": 0.4937426757812423, "h_p90_m": 0.0, "volume_m3": 0.011586848383426305, "valid_3d": false, "buried_suspect": false, "weight_est_kg": 0.3823659966530681, "weight_lo_kg": 0.3186383305442234, "weight_hi_kg": 0.6372766610884468, "weight_method": "2d:area×thick_range×rho", "crew": "1인", "tools": [], "weight_kg": null, "image": "molokai_656_13945_5167.jpg"}}, {"type": "Feature", "geometry": {"type": "Point", "coordinates": [-157.2374726079273, 21.21762788855856]}, "properties": {"item_id": "656_13945_5167_1483", "stop_id": "S092", "cls": "plastic_buoy", "cls_raw": "Plastic_Buoy_China", "x": 682931.9833077902, "y": 2347251.9431010066, "r95_m": 3.0, "n_views": 1, "area_m2": 0.3922535607777414, "length_m": 0.6443939208984275, "h_p90_m": 0.0, "volume_m3": 0.11767606823332241, "valid_3d": false, "buried_suspect": false, "weight_est_kg": 7.060564093999345, "weight_lo_kg": 3.5302820469996723, "weight_hi_kg": 9.414085458665793, "weight_method": "2d:area×thick_range×rho", "crew": "1인", "tools": [], "weight_kg": null, "image": "molokai_656_13945_5167.jpg"}}, {"type": "Feature", "geometry": {"type": "Point", "coordinates": [-157.23747096798965, 21.21756719453972]}, "properties": {"item_id": "656_13945_5167_1484", "stop_id": "S092", "cls": "net", "cls_raw": "Net", "x": 682932.2283911486, "y": 2347245.2252889834, "r95_m": 3.0, "n_views": 1, "area_m2": 0.18164129281639488, "length_m": 0.4405419921874931, "h_p90_m": 0.0, "volume_m3": 0.021796955137967384, "valid_3d": false, "buried_suspect": false, "weight_est_kg": 3.2695432706951078, "weight_lo_kg": 1.3623096961229615, "weight_hi_kg": 8.17385817673777, "weight_method": "2d:area×thick_range×rho", "crew": "1인", "tools": ["절단기"], "weight_kg": null, "image": "molokai_656_13945_5167.jpg"}}, {"type": "Feature", "geometry": {"type": "Point", "coordinates": [-157.2374978488465, 21.217586730710718]}, "properties": {"item_id": "656_13945_5167_1485", "stop_id": "S092", "cls": "plastic_buoy", "cls_raw": "Plastic_Buoy_China", "x": 682929.41369556, "y": 2347247.357148646, "r95_m": 3.0, "n_views": 1, "area_m2": 0.27239186990912156, "length_m": 0.5241271972656169, "h_p90_m": 0.0, "volume_m3": 0.08171756097273647, "valid_3d": false, "buried_suspect": false, "weight_est_kg": 4.903053658364188, "weight_lo_kg": 2.451526829182094, "weight_hi_kg": 6.5374048778189175, "weight_method": "2d:area×thick_range×rho", "crew": "1인", "tools": [], "weight_kg": null, "image": "molokai_656_13945_5167.jpg"}}, {"type": "Feature", "geometry": {"type": "Point", "coordinates": [-157.2374773146728, 21.217627491003128]}, "properties": {"item_id": "656_13945_5167_1486", "stop_id": "S092", "cls": "net", "cls_raw": "Net", "x": 682931.4951722948, "y": 2347251.8936442086, "r95_m": 3.0, "n_views": 1, "area_m2": 0.25046260260044745, "length_m": 0.5573425292968663, "h_p90_m": 0.0, "volume_m3": 0.03005551231205369, "valid_3d": false, "buried_suspect": false, "weight_est_kg": 4.508326846808053, "weight_lo_kg": 1.878469519503356, "weight_hi_kg": 11.270817117020135, "weight_method": "2d:area×thick_range×rho", "crew": "1인", "tools": ["절단기"], "weight_kg": null, "image": "molokai_656_13945_5167.jpg"}}, {"type": "Feature", "geometry": {"type": "Point", "coordinates": [-157.23743108103494, 21.21758430628228]}, "properties": {"item_id": "656_13945_5167_1487", "stop_id": "S092", "cls": "net", "cls_raw": "Net", "x": 682936.3481147615, "y": 2347247.165922389, "r95_m": 3.0, "n_views": 1, "area_m2": 0.16664348298310713, "length_m": 0.4100268554687436, "h_p90_m": 0.0, "volume_m3": 0.019997217957972855, "valid_3d": false, "buried_suspect": false, "weight_est_kg": 2.9995826936959284, "weight_lo_kg": 1.2498261223733036, "weight_hi_kg": 7.498956734239821, "weight_method": "2d:area×thick_range×rho", "crew": "1인", "tools": ["절단기"], "weight_kg": null, "image": "molokai_656_13945_5167.jpg"}}, {"type": "Feature", "geometry": {"type": "Point", "coordinates": [-157.23744340500133, 21.217577728196108]}, "properties": {"item_id": "656_13945_5167_1488", "stop_id": "S092", "cls": "pet_bottle", "cls_raw": "PET_Bottle", "x": 682935.0768259956, "y": 2347246.423384367, "r95_m": 3.0, "n_views": 1, "area_m2": 0.27816309224366276, "length_m": 0.5779895019531159, "h_p90_m": 0.0, "volume_m3": 0.016689785534619764, "valid_3d": false, "buried_suspect": false, "weight_est_kg": 0.5507629226424522, "weight_lo_kg": 0.45896910220204357, "weight_hi_kg": 0.9179382044040871, "weight_method": "2d:area×thick_range×rho", "crew": "1인", "tools": [], "weight_kg": null, "image": "molokai_656_13945_5167.jpg"}}, {"type": "Feature", "geometry": {"type": "Point", "coordinates": [-157.2347072136871, 21.217386558511663]}, "properties": {"item_id": "657_13079_5960_1499", "stop_id": "S093", "cls": "net", "cls_raw": "Net", "x": 683219.3678912532, "y": 2347228.424028732, "r95_m": 3.0, "n_views": 1, "area_m2": 0.22748891907041957, "length_m": 0.5669885253906954, "h_p90_m": 0.0, "volume_m3": 0.027298670288450348, "valid_3d": false, "buried_suspect": false, "weight_est_kg": 4.094800543267552, "weight_lo_kg": 1.7061668930281468, "weight_hi_kg": 10.23700135816888, "weight_method": "2d:area×thick_range×rho", "crew": "1인", "tools": ["절단기"], "weight_kg": null, "image": "molokai_657_13079_5960.jpg"}}, {"type": "Feature", "geometry": {"type": "Point", "coordinates": [-157.23471146428844, 21.21738642203659]}, "properties": {"item_id": "657_13079_5960_1500", "stop_id": "S093", "cls": "plastic_buoy", "cls_raw": "Plastic_Buoy", "x": 683218.9267870171, "y": 2347228.4039969887, "r95_m": 3.0, "n_views": 1, "area_m2": 0.2128070885837607, "length_m": 0.4903979492188109, "h_p90_m": 0.0, "volume_m3": 0.06384212657512821, "valid_3d": false, "buried_suspect": false, "weight_est_kg": 3.8305275945076924, "weight_lo_kg": 1.9152637972538462, "weight_hi_kg": 5.107370126010258, "weight_method": "2d:area×thick_range×rho", "crew": "1인", "tools": [], "weight_kg": null, "image": "molokai_657_13079_5960.jpg"}}, {"type": "Feature", "geometry": {"type": "Point", "coordinates": [-157.23469700678294, 21.217364020265933]}, "properties": {"item_id": "657_13079_5960_1501", "stop_id": "S093", "cls": "plastic_buoy", "cls_raw": "Plastic_Buoy", "x": 683220.4553457375, "y": 2347225.9405344627, "r95_m": 3.0, "n_views": 1, "area_m2": 0.24739491440063902, "length_m": 0.5099462890625633, "h_p90_m": 0.0, "volume_m3": 0.0742184743201917, "valid_3d": false, "buried_suspect": false, "weight_est_kg": 4.453108459211502, "weight_lo_kg": 2.226554229605751, "weight_hi_kg": 5.937477945615337, "weight_method": "2d:area×thick_range×rho", "crew": "1인", "tools": [], "weight_kg": null, "image": "molokai_657_13079_5960.jpg"}}, {"type": "Feature", "geometry": {"type": "Point", "coordinates": [-157.23466900731697, 21.217408547918836]}, "properties": {"item_id": "657_13079_5960_1502", "stop_id": "S093", "cls": "eps_buoy", "cls_raw": "Styrofoam_Buoy", "x": 683223.3070993776, "y": 2347230.9028190086, "r95_m": 3.0, "n_views": 1, "area_m2": 1.817917677480434, "length_m": 1.6144763183595756, "h_p90_m": 0.0, "volume_m3": 0.6362711871181519, "valid_3d": false, "buried_suspect": false, "weight_est_kg": 15.906779677953796, "weight_lo_kg": 6.817191290551627, "weight_hi_kg": 18.17917677480434, "weight_method": "2d:area×thick_range×rho", "crew": "1인", "tools": [], "weight_kg": null, "image": "molokai_657_13079_5960.jpg"}}, {"type": "Feature", "geometry": {"type": "Point", "coordinates": [-157.23469620260133, 21.217360447166172]}, "properties": {"item_id": "657_13079_5960_1503", "stop_id": "S093", "cls": "pet_bottle", "cls_raw": "PET_Bottle", "x": 683220.5432437096, "y": 2347225.54587128, "r95_m": 3.0, "n_views": 1, "area_m2": 0.34768154106148774, "length_m": 0.5915820312500735, "h_p90_m": 0.0, "volume_m3": 0.020860892463689263, "valid_3d": false, "buried_suspect": false, "weight_est_kg": 0.6884094513017457, "weight_lo_kg": 0.5736745427514548, "weight_hi_kg": 1.1473490855029096, "weight_method": "2d:area×thick_range×rho", "crew": "1인", "tools": [], "weight_kg": null, "image": "molokai_657_13079_5960.jpg"}}, {"type": "Feature", "geometry": {"type": "Point", "coordinates": [-157.23467423891816, 21.21738488658624]}, "properties": {"item_id": "657_13079_5960_1504", "stop_id": "S093", "cls": "plastic_buoy", "cls_raw": "Plastic_Buoy", "x": 683222.7932052021, "y": 2347228.2771054693, "r95_m": 3.0, "n_views": 1, "area_m2": 0.1674053425193249, "length_m": 0.4127990722656763, "h_p90_m": 0.0, "volume_m3": 0.05022160275579747, "valid_3d": false, "buried_suspect": false, "weight_est_kg": 3.0132961653478483, "weight_lo_kg": 1.5066480826739241, "weight_hi_kg": 4.017728220463797, "weight_method": "2d:area×thick_range×rho", "crew": "1인", "tools": [], "weight_kg": null, "image": "molokai_657_13079_5960.jpg"}}, {"type": "Feature", "geometry": {"type": "Point", "coordinates": [-157.23471681758437, 21.217373325652186]}, "properties": {"item_id": "657_13079_5960_1505", "stop_id": "S093", "cls": "net", "cls_raw": "Net", "x": 683218.3872116882, "y": 2347226.9478369625, "r95_m": 3.0, "n_views": 1, "area_m2": 0.2298416252196406, "length_m": 0.5036169433594375, "h_p90_m": 0.0, "volume_m3": 0.027580995026356872, "valid_3d": false, "buried_suspect": false, "weight_est_kg": 4.137149253953531, "weight_lo_kg": 1.7238121891473046, "weight_hi_kg": 10.342873134883826, "weight_method": "2d:area×thick_range×rho", "crew": "1인", "tools": ["절단기"], "weight_kg": null, "image": "molokai_657_13079_5960.jpg"}}, {"type": "Feature", "geometry": {"type": "Point", "coordinates": [-157.234682029599, 21.217402036579973]}, "properties": {"item_id": "657_13079_5960_1506", "stop_id": "S093", "cls": "eps_fragment", "cls_raw": "Styrofoam_Piece", "x": 683221.9632428439, "y": 2347230.1668392154, "r95_m": 3.0, "n_views": 1, "area_m2": 0.20983235842292752, "length_m": 0.4642614746094327, "h_p90_m": 0.0, "volume_m3": 0.006294970752687826, "valid_3d": false, "buried_suspect": false, "weight_est_kg": 0.1258994150537565, "weight_lo_kg": 0.08393294336917101, "weight_hi_kg": 0.41966471684585505, "weight_method": "2d:area×thick_range×rho", "crew": "1인", "tools": [], "weight_kg": null, "image": "molokai_657_13079_5960.jpg"}}, {"type": "Feature", "geometry": {"type": "Point", "coordinates": [-157.23470317278722, 21.21738663867211]}, "properties": {"item_id": "657_13079_5960_1507", "stop_id": "S093", "cls": "net", "cls_raw": "Net", "x": 683219.7872950423, "y": 2347228.437582811, "r95_m": 3.0, "n_views": 1, "area_m2": 0.16069481563572108, "length_m": 0.42414550781255267, "h_p90_m": 0.0, "volume_m3": 0.01928337787628653, "valid_3d": false, "buried_suspect": false, "weight_est_kg": 2.8925066814429794, "weight_lo_kg": 1.205211117267908, "weight_hi_kg": 7.2312667036074485, "weight_method": "2d:area×thick_range×rho", "crew": "1인", "tools": ["절단기"], "weight_kg": null, "image": "molokai_657_13079_5960.jpg"}}, {"type": "Feature", "geometry": {"type": "Point", "coordinates": [-157.23471748317522, 21.21736569305551]}, "properties": {"item_id": "657_13079_5960_1508", "stop_id": "S093", "cls": "plastic_buoy", "cls_raw": "Plastic_Buoy", "x": 683218.3275394277, "y": 2347226.1020262074, "r95_m": 3.0, "n_views": 1, "area_m2": 0.15640599126223637, "length_m": 0.4041223144531752, "h_p90_m": 0.0, "volume_m3": 0.04692179737867091, "valid_3d": false, "buried_suspect": false, "weight_est_kg": 2.8153078427202547, "weight_lo_kg": 1.4076539213601273, "weight_hi_kg": 3.7537437902936728, "weight_method": "2d:area×thick_range×rho", "crew": "1인", "tools": [], "weight_kg": null, "image": "molokai_657_13079_5960.jpg"}}, {"type": "Feature", "geometry": {"type": "Point", "coordinates": [-157.2347008622079, 21.217469909146637]}, "properties": {"item_id": "657_13079_5960_1509", "stop_id": "S093", "cls": "plastic_buoy", "cls_raw": "Plastic_Buoy_China", "x": 683219.9243336688, "y": 2347237.6595174232, "r95_m": 3.0, "n_views": 1, "area_m2": 0.13754762317914207, "length_m": 0.5485644531250682, "h_p90_m": 0.0, "volume_m3": 0.04126428695374262, "valid_3d": false, "buried_suspect": false, "weight_est_kg": 2.475857217224557, "weight_lo_kg": 1.2379286086122785, "weight_hi_kg": 3.30114295629941, "weight_method": "2d:area×thick_range×rho", "crew": "1인", "tools": [], "weight_kg": null, "image": "molokai_657_13079_5960.jpg"}}, {"type": "Feature", "geometry": {"type": "Point", "coordinates": [-157.23233240476716, 21.217777147099426]}, "properties": {"item_id": "658_10252_3904_1519", "stop_id": "S094", "cls": "plastic_buoy", "cls_raw": "Plastic_Buoy", "x": 683465.4238959828, "y": 2347274.4196886797, "r95_m": 3.0, "n_views": 1, "area_m2": 0.34025025018015015, "length_m": 0.6180963134766393, "h_p90_m": 0.0, "volume_m3": 0.10207507505404505, "valid_3d": false, "buried_suspect": false, "weight_est_kg": 6.124504503242703, "weight_lo_kg": 3.0622522516213513, "weight_hi_kg": 8.166006004323604, "weight_method": "2d:area×thick_range×rho", "crew": "1인", "tools": [], "weight_kg": null, "image": "molokai_658_10252_3904.jpg"}}, {"type": "Feature", "geometry": {"type": "Point", "coordinates": [-157.23239790585302, 21.217808068861643]}, "properties": {"item_id": "658_10252_3904_1520", "stop_id": "S094", "cls": "plastic_buoy", "cls_raw": "Plastic_Buoy_China", "x": 683458.5857284191, "y": 2347277.7672346104, "r95_m": 3.0, "n_views": 1, "area_m2": 0.21571199983829403, "length_m": 0.48744995117193557, "h_p90_m": 0.0, "volume_m3": 0.0647135999514882, "valid_3d": false, "buried_suspect": false, "weight_est_kg": 3.8828159970892924, "weight_lo_kg": 1.9414079985446462, "weight_hi_kg": 5.177087996119058, "weight_method": "2d:area×thick_range×rho", "crew": "1인", "tools": [], "weight_kg": null, "image": "molokai_658_10252_3904.jpg"}}, {"type": "Feature", "geometry": {"type": "Point", "coordinates": [-157.2323752350353, 21.21776058426275]}, "properties": {"item_id": "658_10252_3904_1521", "stop_id": "S094", "cls": "plastic_other", "cls_raw": "Plastic_ETC", "x": 683460.9979946251, "y": 2347272.5362766637, "r95_m": 3.0, "n_views": 1, "area_m2": 0.22188674195712357, "length_m": 0.4755590820313091, "h_p90_m": 0.0, "volume_m3": 0.006656602258713707, "valid_3d": false, "buried_suspect": false, "weight_est_kg": 0.5325281806970965, "weight_lo_kg": 0.3550187871313977, "weight_hi_kg": 1.7750939356569886, "weight_method": "2d:area×thick_range×rho", "crew": "1인", "tools": [], "weight_kg": null, "image": "molokai_658_10252_3904.jpg"}}, {"type": "Feature", "geometry": {"type": "Point", "coordinates": [-157.2323723215882, 21.217774053160614]}, "properties": {"item_id": "658_10252_3904_1522", "stop_id": "S094", "cls": "pet_bottle", "cls_raw": "PET_Bottle", "x": 683461.2837960927, "y": 2347274.030860163, "r95_m": 3.0, "n_views": 1, "area_m2": 0.18950691099022565, "length_m": 0.514808349609439, "h_p90_m": 0.0, "volume_m3": 0.011370414659413538, "valid_3d": false, "buried_suspect": false, "weight_est_kg": 0.37522368376064674, "weight_lo_kg": 0.31268640313387236, "weight_hi_kg": 0.6253728062677447, "weight_method": "2d:area×thick_range×rho", "crew": "1인", "tools": [], "weight_kg": null, "image": "molokai_658_10252_3904.jpg"}}, {"type": "Feature", "geometry": {"type": "Point", "coordinates": [-157.23239580686283, 21.2177384896768]}, "properties": {"item_id": "658_10252_3904_1523", "stop_id": "S094", "cls": "plastic_buoy", "cls_raw": "Plastic_Buoy", "x": 683458.8896713493, "y": 2347270.0662278417, "r95_m": 3.0, "n_views": 1, "area_m2": 0.12289525262641979, "length_m": 0.35151977539066864, "h_p90_m": 0.0, "volume_m3": 0.036868575787925933, "valid_3d": false, "buried_suspect": false, "weight_est_kg": 2.212114547275556, "weight_lo_kg": 1.106057273637778, "weight_hi_kg": 2.949486063034075, "weight_method": "2d:area×thick_range×rho", "crew": "1인", "tools": [], "weight_kg": null, "image": "molokai_658_10252_3904.jpg"}}, {"type": "Feature", "geometry": {"type": "Point", "coordinates": [-157.23237814486572, 21.217754360252336]}, "properties": {"item_id": "658_10252_3904_1524", "stop_id": "S094", "cls": "pet_bottle", "cls_raw": "PET_Bottle", "x": 683460.7036097848, "y": 2347271.843813115, "r95_m": 3.0, "n_views": 1, "area_m2": 0.14049534212354337, "length_m": 0.4410534667969298, "h_p90_m": 0.0, "volume_m3": 0.008429720527412601, "valid_3d": false, "buried_suspect": false, "weight_est_kg": 0.27818077740461583, "weight_lo_kg": 0.23181731450384657, "weight_hi_kg": 0.46363462900769314, "weight_method": "2d:area×thick_range×rho", "crew": "1인", "tools": [], "weight_kg": null, "image": "molokai_658_10252_3904.jpg"}}, {"type": "Feature", "geometry": {"type": "Point", "coordinates": [-157.23239765931794, 21.217798869738008]}, "properties": {"item_id": "658_10252_3904_1525", "stop_id": "S094", "cls": "pet_bottle", "cls_raw": "PET_Bottle", "x": 683458.6226974203, "y": 2347276.7490419922, "r95_m": 3.0, "n_views": 1, "area_m2": 0.18471102510546267, "length_m": 0.49080688476568596, "h_p90_m": 0.0, "volume_m3": 0.01108266150632776, "valid_3d": false, "buried_suspect": false, "weight_est_kg": 0.36572782970881607, "weight_lo_kg": 0.30477319142401343, "weight_hi_kg": 0.6095463828480269, "weight_method": "2d:area×thick_range×rho", "crew": "1인", "tools": [], "weight_kg": null, "image": "molokai_658_10252_3904.jpg"}}, {"type": "Feature", "geometry": {"type": "Point", "coordinates": [-157.23238885855704, 21.21775625428972]}, "properties": {"item_id": "658_10252_3904_1526", "stop_id": "S094", "cls": "plastic_buoy", "cls_raw": "Plastic_Buoy", "x": 683459.5890361497, "y": 2347272.0410885555, "r95_m": 3.0, "n_views": 1, "area_m2": 0.08692388473155274, "length_m": 0.29764770507816196, "h_p90_m": 0.0, "volume_m3": 0.026077165419465823, "valid_3d": false, "buried_suspect": false, "weight_est_kg": 1.5646299251679494, "weight_lo_kg": 0.7823149625839747, "weight_hi_kg": 2.0861732335572656, "weight_method": "2d:area×thick_range×rho", "crew": "1인", "tools": [], "weight_kg": null, "image": "molokai_658_10252_3904.jpg"}}, {"type": "Feature", "geometry": {"type": "Point", "coordinates": [-157.22861440248934, 21.21715177142765]}, "properties": {"item_id": "660_-38_6770_1528", "stop_id": "S095", "cls": "plastic_other", "cls_raw": "Plastic_ETC", "x": 683852.1799148922, "y": 2347209.4969353103, "r95_m": 3.0, "n_views": 1, "area_m2": 0.7876676274480392, "length_m": 0.9230303955079272, "h_p90_m": 0.0, "volume_m3": 0.023630028823441174, "valid_3d": false, "buried_suspect": false, "weight_est_kg": 1.890402305875294, "weight_lo_kg": 1.260268203916863, "weight_hi_kg": 6.3013410195843145, "weight_method": "2d:area×thick_range×rho", "crew": "1인", "tools": [], "weight_kg": null, "image": "molokai_660_-38_6770.jpg"}}, {"type": "Feature", "geometry": {"type": "Point", "coordinates": [-157.22591424058865, 21.216963138932826]}, "properties": {"item_id": "660_13942_7636_1535", "stop_id": "S096", "cls": "plastic_buoy", "cls_raw": "Plastic_Buoy", "x": 684132.7304409051, "y": 2347191.7522989823, "r95_m": 3.0, "n_views": 1, "area_m2": 0.1216552896023099, "length_m": 0.3616845703125449, "h_p90_m": 0.0, "volume_m3": 0.03649658688069297, "valid_3d": false, "buried_suspect": false, "weight_est_kg": 2.189795212841578, "weight_lo_kg": 1.094897606420789, "weight_hi_kg": 2.9197269504554377, "weight_method": "2d:area×thick_range×rho", "crew": "1인", "tools": [], "weight_kg": null, "image": "molokai_660_13942_7636.jpg"}}, {"type": "Feature", "geometry": {"type": "Point", "coordinates": [-157.2258339267363, 21.21699639240847]}, "properties": {"item_id": "660_13942_7636_1536", "stop_id": "S096", "cls": "plastic_buoy", "cls_raw": "Plastic_Buoy", "x": 684141.0269413625, "y": 2347195.527421357, "r95_m": 3.0, "n_views": 1, "area_m2": 0.13807685030702208, "length_m": 0.5190649414063144, "h_p90_m": 0.0, "volume_m3": 0.04142305509210662, "valid_3d": false, "buried_suspect": false, "weight_est_kg": 2.485383305526397, "weight_lo_kg": 1.2426916527631986, "weight_hi_kg": 3.31384440736853, "weight_method": "2d:area×thick_range×rho", "crew": "1인", "tools": [], "weight_kg": null, "image": "molokai_660_13942_7636.jpg"}}, {"type": "Feature", "geometry": {"type": "Point", "coordinates": [-157.2258938415379, 21.217017889789314]}, "properties": {"item_id": "660_13942_7636_1537", "stop_id": "S096", "cls": "plastic_other", "cls_raw": "Plastic_ETC", "x": 684134.7802161997, "y": 2347197.837778996, "r95_m": 3.0, "n_views": 1, "area_m2": 0.3332060131371849, "length_m": 0.6386010742188293, "h_p90_m": 0.0, "volume_m3": 0.009996180394115546, "valid_3d": false, "buried_suspect": false, "weight_est_kg": 0.7996944315292437, "weight_lo_kg": 0.5331296210194959, "weight_hi_kg": 2.6656481050974796, "weight_method": "2d:area×thick_range×rho", "crew": "1인", "tools": [], "weight_kg": null, "image": "molokai_660_13942_7636.jpg"}}, {"type": "Feature", "geometry": {"type": "Point", "coordinates": [-157.22591688753846, 21.217067815086047]}, "properties": {"item_id": "660_13942_7636_1538", "stop_id": "S096", "cls": "plastic_other", "cls_raw": "Plastic_ETC", "x": 684132.3257399006, "y": 2347203.3384396927, "r95_m": 3.0, "n_views": 1, "area_m2": 0.3231500999134837, "length_m": 0.6389166259766419, "h_p90_m": 0.0, "volume_m3": 0.00969450299740451, "valid_3d": false, "buried_suspect": false, "weight_est_kg": 0.7755602397923609, "weight_lo_kg": 0.5170401598615739, "weight_hi_kg": 2.5852007993078696, "weight_method": "2d:area×thick_range×rho", "crew": "1인", "tools": [], "weight_kg": null, "image": "molokai_660_13942_7636.jpg"}}, {"type": "Feature", "geometry": {"type": "Point", "coordinates": [-157.22591723450356, 21.216965746155314]}, "properties": {"item_id": "660_13942_7636_1539", "stop_id": "S096", "cls": "pet_bottle", "cls_raw": "PET_Bottle", "x": 684132.4163923631, "y": 2347192.0374736134, "r95_m": 3.0, "n_views": 1, "area_m2": 0.34666456017502817, "length_m": 0.6889257812500856, "h_p90_m": 0.0, "volume_m3": 0.02079987361050169, "valid_3d": false, "buried_suspect": false, "weight_est_kg": 0.6863958291465558, "weight_lo_kg": 0.5719965242887964, "weight_hi_kg": 1.1439930485775929, "weight_method": "2d:area×thick_range×rho", "crew": "1인", "tools": [], "weight_kg": null, "image": "molokai_660_13942_7636.jpg"}}, {"type": "Feature", "geometry": {"type": "Point", "coordinates": [-157.22583295565036, 21.216996295622298]}, "properties": {"item_id": "660_14259_7754_1544", "stop_id": "S096", "cls": "plastic_buoy", "cls_raw": "Plastic_Buoy", "x": 684141.1278746166, "y": 2347195.517835783, "r95_m": 3.0, "n_views": 1, "area_m2": 0.22064457598930118, "length_m": 0.48837646484381064, "h_p90_m": 0.0, "volume_m3": 0.06619337279679036, "valid_3d": false, "buried_suspect": false, "weight_est_kg": 3.9716023678074213, "weight_lo_kg": 1.9858011839037106, "weight_hi_kg": 5.295469823743229, "weight_method": "2d:area×thick_range×rho", "crew": "1인", "tools": [], "weight_kg": null, "image": "molokai_660_14259_7754.jpg"}}, {"type": "Feature", "geometry": {"type": "Point", "coordinates": [-157.22589274673416, 21.21701785325922]}, "properties": {"item_id": "660_14259_7754_1545", "stop_id": "S096", "cls": "plastic_buoy", "cls_raw": "Plastic_Buoy", "x": 684134.8939183926, "y": 2347197.8350086096, "r95_m": 3.0, "n_views": 1, "area_m2": 0.1962206698643531, "length_m": 0.5102697753906884, "h_p90_m": 0.0, "volume_m3": 0.05886620095930593, "valid_3d": false, "buried_suspect": false, "weight_est_kg": 3.5319720575583555, "weight_lo_kg": 1.7659860287791778, "weight_hi_kg": 4.709296076744475, "weight_method": "2d:area×thick_range×rho", "crew": "1인", "tools": [], "weight_kg": null, "image": "molokai_660_14259_7754.jpg"}}, {"type": "Feature", "geometry": {"type": "Point", "coordinates": [-157.2258323795155, 21.2170421677583]}, "properties": {"item_id": "660_14259_7754_1546", "stop_id": "S096", "cls": "net", "cls_raw": "Net", "x": 684141.130753653, "y": 2347200.5972402673, "r95_m": 3.0, "n_views": 1, "area_m2": 0.32130784956820846, "length_m": 0.635715332031329, "h_p90_m": 0.0, "volume_m3": 0.038556941948185014, "valid_3d": false, "buried_suspect": false, "weight_est_kg": 5.783541292227752, "weight_lo_kg": 2.4098088717615633, "weight_hi_kg": 14.45885323056938, "weight_method": "2d:area×thick_range×rho", "crew": "1인", "tools": ["절단기"], "weight_kg": null, "image": "molokai_660_14259_7754.jpg"}}, {"type": "Feature", "geometry": {"type": "Point", "coordinates": [-157.22580717089707, 21.21704079841081]}, "properties": {"item_id": "660_14259_7754_1547", "stop_id": "S096", "cls": "net", "cls_raw": "Net", "x": 684143.7494811036, "y": 2347200.4749699133, "r95_m": 3.0, "n_views": 1, "area_m2": 0.28204928704190557, "length_m": 0.5573217773438193, "h_p90_m": 0.0, "volume_m3": 0.033845914445028664, "valid_3d": false, "buried_suspect": false, "weight_est_kg": 5.076887166754299, "weight_lo_kg": 2.115369652814292, "weight_hi_kg": 12.69221791688575, "weight_method": "2d:area×thick_range×rho", "crew": "1인", "tools": ["절단기"], "weight_kg": null, "image": "molokai_660_14259_7754.jpg"}}, {"type": "Feature", "geometry": {"type": "Point", "coordinates": [-157.2258502459129, 21.216986326116036]}, "properties": {"item_id": "660_14259_7754_1548", "stop_id": "S096", "cls": "plastic_buoy", "cls_raw": "Plastic_Buoy", "x": 684139.3452618688, "y": 2347194.3939402453, "r95_m": 3.0, "n_views": 1, "area_m2": 0.07975904903413847, "length_m": 0.30072265625003736, "h_p90_m": 0.0, "volume_m3": 0.02392771471024154, "valid_3d": false, "buried_suspect": false, "weight_est_kg": 1.4356628826144924, "weight_lo_kg": 0.7178314413072462, "weight_hi_kg": 1.9142171768193235, "weight_method": "2d:area×thick_range×rho", "crew": "1인", "tools": [], "weight_kg": null, "image": "molokai_660_14259_7754.jpg"}}, {"type": "Feature", "geometry": {"type": "Point", "coordinates": [-157.22587793780252, 21.216956635406394]}, "properties": {"item_id": "660_14259_7754_1549", "stop_id": "S096", "cls": "pet_bottle", "cls_raw": "PET_Bottle", "x": 684136.5072809731, "y": 2347191.0745070586, "r95_m": 3.0, "n_views": 1, "area_m2": 0.1470787321366735, "length_m": 0.4487240600586495, "h_p90_m": 0.0, "volume_m3": 0.00882472392820041, "valid_3d": false, "buried_suspect": false, "weight_est_kg": 0.2912158896306135, "weight_lo_kg": 0.2426799080255113, "weight_hi_kg": 0.4853598160510226, "weight_method": "2d:area×thick_range×rho", "crew": "1인", "tools": [], "weight_kg": null, "image": "molokai_660_14259_7754.jpg"}}, {"type": "Feature", "geometry": {"type": "Point", "coordinates": [-157.2063968651089, 21.216704380643602]}, "properties": {"item_id": "667_10167_8235_1554", "stop_id": "S097", "cls": "plastic_buoy", "cls_raw": "Plastic_Buoy", "x": 686159.2566959825, "y": 2347185.9411603925, "r95_m": 3.0, "n_views": 1, "area_m2": 1.1653556533101117, "length_m": 1.0832128906251346, "h_p90_m": 0.0, "volume_m3": 0.3496066959930335, "valid_3d": false, "buried_suspect": false, "weight_est_kg": 20.97640175958201, "weight_lo_kg": 10.488200879791005, "weight_hi_kg": 27.96853567944268, "weight_method": "2d:area×thick_range×rho", "crew": "2인", "tools": [], "weight_kg": null, "image": "molokai_667_10167_8235.jpg"}}, {"type": "Feature", "geometry": {"type": "Point", "coordinates": [-157.20555934701565, 21.216394213693185]}, "properties": {"item_id": "667_14644_9898_1557", "stop_id": "S098", "cls": "plastic_other", "cls_raw": "Plastic_ETC", "x": 686246.5937196194, "y": 2347152.586322864, "r95_m": 3.0, "n_views": 1, "area_m2": 0.39407721646884936, "length_m": 0.66429626464852, "h_p90_m": 0.0, "volume_m3": 0.01182231649406548, "valid_3d": false, "buried_suspect": false, "weight_est_kg": 0.9457853195252385, "weight_lo_kg": 0.630523546350159, "weight_hi_kg": 3.1526177317507953, "weight_method": "2d:area×thick_range×rho", "crew": "1인", "tools": [], "weight_kg": null, "image": "molokai_667_14644_9898.jpg"}}, {"type": "Feature", "geometry": {"type": "Point", "coordinates": [-157.20556661389634, 21.216398400738]}, "properties": {"item_id": "667_14644_9898_1558", "stop_id": "S098", "cls": "plastic_other", "cls_raw": "Plastic_ETC", "x": 686245.8340444445, "y": 2347153.0413418985, "r95_m": 3.0, "n_views": 1, "area_m2": 0.28167371698028887, "length_m": 0.531501464843816, "h_p90_m": 0.0, "volume_m3": 0.008450211509408665, "valid_3d": false, "buried_suspect": false, "weight_est_kg": 0.6760169207526933, "weight_lo_kg": 0.4506779471684622, "weight_hi_kg": 2.253389735842311, "weight_method": "2d:area×thick_range×rho", "crew": "1인", "tools": [], "weight_kg": null, "image": "molokai_667_14644_9898.jpg"}}, {"type": "Feature", "geometry": {"type": "Point", "coordinates": [-157.20645363709428, 21.216736624185287]}, "properties": {"item_id": "667_9834_8179_1559", "stop_id": "S097", "cls": "net", "cls_raw": "Net", "x": 686153.3224086422, "y": 2347189.444240494, "r95_m": 3.0, "n_views": 1, "area_m2": 0.13500494348559156, "length_m": 0.3807971191406723, "h_p90_m": 0.0, "volume_m3": 0.016200593218270987, "valid_3d": false, "buried_suspect": false, "weight_est_kg": 2.430088982740648, "weight_lo_kg": 1.0125370761419368, "weight_hi_kg": 6.07522245685162, "weight_method": "2d:area×thick_range×rho", "crew": "1인", "tools": ["절단기"], "weight_kg": null, "image": "molokai_667_9834_8179.jpg"}}, {"type": "Feature", "geometry": {"type": "Point", "coordinates": [-157.20650903433452, 21.21672538235481]}, "properties": {"item_id": "667_9834_8179_1560", "stop_id": "S097", "cls": "plastic_buoy", "cls_raw": "Plastic_Buoy", "x": 686147.5854022659, "y": 2347188.1344190156, "r95_m": 3.0, "n_views": 1, "area_m2": 0.26508646378859013, "length_m": 0.5637853240967498, "h_p90_m": 0.0, "volume_m3": 0.07952593913657703, "valid_3d": false, "buried_suspect": false, "weight_est_kg": 4.771556348194622, "weight_lo_kg": 2.385778174097311, "weight_hi_kg": 6.362075130926163, "weight_method": "2d:area×thick_range×rho", "crew": "1인", "tools": [], "weight_kg": null, "image": "molokai_667_9834_8179.jpg"}}, {"type": "Feature", "geometry": {"type": "Point", "coordinates": [-156.72099095264176, 21.133893188357206]}, "properties": {"item_id": "6716_1402_14297_1567", "stop_id": "S099", "cls": "plastic_buoy", "cls_raw": "Plastic_Buoy_China", "x": 736689.336889327, "y": 2338663.9140419983, "r95_m": 3.0, "n_views": 1, "area_m2": 0.4868917870522755, "length_m": 0.7046093750000876, "h_p90_m": 0.0, "volume_m3": 0.14606753611568263, "valid_3d": false, "buried_suspect": false, "weight_est_kg": 8.764052166940958, "weight_lo_kg": 4.382026083470479, "weight_hi_kg": 11.685402889254611, "weight_method": "2d:area×thick_range×rho", "crew": "1인", "tools": [], "weight_kg": null, "image": "molokai_6716_1402_14297.jpg"}}, {"type": "Feature", "geometry": {"type": "Point", "coordinates": [-156.721030114462, 21.133844554579994]}, "properties": {"item_id": "6716_1402_14297_1568", "stop_id": "S099", "cls": "eps_fragment", "cls_raw": "Styrofoam_Piece", "x": 736685.345368553, "y": 2338658.469967788, "r95_m": 3.0, "n_views": 1, "area_m2": 0.29706223754890193, "length_m": 0.6721875000000835, "h_p90_m": 0.0, "volume_m3": 0.008911867126467058, "valid_3d": false, "buried_suspect": false, "weight_est_kg": 0.17823734252934115, "weight_lo_kg": 0.11882489501956077, "weight_hi_kg": 0.5941244750978039, "weight_method": "2d:area×thick_range×rho", "crew": "1인", "tools": [], "weight_kg": null, "image": "molokai_6716_1402_14297.jpg"}}, {"type": "Feature", "geometry": {"type": "Point", "coordinates": [-156.7202998656475, 21.134541527742297]}, "properties": {"item_id": "6716_5012_10945_1571", "stop_id": "S100", "cls": "pet_bottle", "cls_raw": "PET_Bottle", "x": 736760.1082777459, "y": 2338736.7414435185, "r95_m": 3.0, "n_views": 1, "area_m2": 0.19573758240347003, "length_m": 0.5770288085938217, "h_p90_m": 0.0, "volume_m3": 0.011744254944208202, "valid_3d": false, "buried_suspect": false, "weight_est_kg": 0.3875604131588707, "weight_lo_kg": 0.32296701096572555, "weight_hi_kg": 0.6459340219314511, "weight_method": "2d:area×thick_range×rho", "crew": "1인", "tools": [], "weight_kg": null, "image": "molokai_6716_5012_10945.jpg"}}, {"type": "Feature", "geometry": {"type": "Point", "coordinates": [-156.7196801149121, 21.13506564398401]}, "properties": {"item_id": "6716_8253_7922_1572", "stop_id": "S101", "cls": "eps_fragment", "cls_raw": "Styrofoam_Piece", "x": 736823.6649817419, "y": 2338795.7063471284, "r95_m": 3.0, "n_views": 1, "area_m2": 0.21249958507721936, "length_m": 0.46158447265630737, "h_p90_m": 0.0, "volume_m3": 0.006374987552316581, "valid_3d": false, "buried_suspect": false, "weight_est_kg": 0.12749975104633163, "weight_lo_kg": 0.08499983403088775, "weight_hi_kg": 0.4249991701544387, "weight_method": "2d:area×thick_range×rho", "crew": "1인", "tools": [], "weight_kg": null, "image": "molokai_6716_8253_7922.jpg"}}, {"type": "Feature", "geometry": {"type": "Point", "coordinates": [-156.71972138023818, 21.135037797761026]}, "properties": {"item_id": "6716_8253_7922_1573", "stop_id": "S101", "cls": "eps_fragment", "cls_raw": "Styrofoam_Piece", "x": 736819.4219408375, "y": 2338792.5611046646, "r95_m": 3.0, "n_views": 1, "area_m2": 0.5769317505256775, "length_m": 0.7905950927735357, "h_p90_m": 0.0, "volume_m3": 0.017307952515770324, "valid_3d": false, "buried_suspect": false, "weight_est_kg": 0.3461590503154065, "weight_lo_kg": 0.23077270021027102, "weight_hi_kg": 1.153863501051355, "weight_method": "2d:area×thick_range×rho", "crew": "1인", "tools": [], "weight_kg": null, "image": "molokai_6716_8253_7922.jpg"}}, {"type": "Feature", "geometry": {"type": "Point", "coordinates": [-156.71955584246098, 21.13594260018778]}, "properties": {"item_id": "6716_9093_2931_1575", "stop_id": "S102", "cls": "eps_buoy", "cls_raw": "Styrofoam_Buoy", "x": 736835.1819696991, "y": 2338893.0057246136, "r95_m": 3.0, "n_views": 1, "area_m2": 0.916971595097561, "length_m": 1.039196777343879, "h_p90_m": 0.0, "volume_m3": 0.32094005828414635, "valid_3d": false, "buried_suspect": false, "weight_est_kg": 8.02350145710366, "weight_lo_kg": 3.4386434816158538, "weight_hi_kg": 9.16971595097561, "weight_method": "2d:area×thick_range×rho", "crew": "1인", "tools": [], "weight_kg": null, "image": "molokai_6716_9093_2931.jpg"}}, {"type": "Feature", "geometry": {"type": "Point", "coordinates": [-156.71953891709123, 21.135989457024863]}, "properties": {"item_id": "6716_9093_2931_1576", "stop_id": "S102", "cls": "plastic_buoy", "cls_raw": "Plastic_Buoy", "x": 736836.8659331362, "y": 2338898.21989414, "r95_m": 3.0, "n_views": 1, "area_m2": 0.10285745599272422, "length_m": 0.3601367187500447, "h_p90_m": 0.0, "volume_m3": 0.030857236797817267, "valid_3d": false, "buried_suspect": false, "weight_est_kg": 1.851434207869036, "weight_lo_kg": 0.925717103934518, "weight_hi_kg": 2.4685789438253813, "weight_method": "2d:area×thick_range×rho", "crew": "1인", "tools": [], "weight_kg": null, "image": "molokai_6716_9093_2931.jpg"}}, {"type": "Feature", "geometry": {"type": "Point", "coordinates": [-156.71951823808607, 21.135907867378407]}, "properties": {"item_id": "6716_9093_2931_1577", "stop_id": "S102", "cls": "pet_bottle", "cls_raw": "PET_Bottle", "x": 736839.1441343578, "y": 2338889.2155199614, "r95_m": 3.0, "n_views": 1, "area_m2": 0.1688882716298523, "length_m": 0.5645874023438201, "h_p90_m": 0.0, "volume_m3": 0.010133296297791137, "valid_3d": false, "buried_suspect": false, "weight_est_kg": 0.33439877782710753, "weight_lo_kg": 0.27866564818925627, "weight_hi_kg": 0.5573312963785125, "weight_method": "2d:area×thick_range×rho", "crew": "1인", "tools": [], "weight_kg": null, "image": "molokai_6716_9093_2931.jpg"}}, {"type": "Feature", "geometry": {"type": "Point", "coordinates": [-156.71949055246148, 21.13612631241507]}, "properties": {"item_id": "6716_9286_1856_1583", "stop_id": "S103", "cls": "eps_fragment", "cls_raw": "Styrofoam_Piece", "x": 736841.673181676, "y": 2338913.447394836, "r95_m": 3.0, "n_views": 1, "area_m2": 0.3032584296912708, "length_m": 0.5853576660156977, "h_p90_m": 0.0, "volume_m3": 0.009097752890738125, "valid_3d": false, "buried_suspect": false, "weight_est_kg": 0.18195505781476248, "weight_lo_kg": 0.12130337187650832, "weight_hi_kg": 0.6065168593825416, "weight_method": "2d:area×thick_range×rho", "crew": "1인", "tools": [], "weight_kg": null, "image": "molokai_6716_9286_1856.jpg"}}, {"type": "Feature", "geometry": {"type": "Point", "coordinates": [-156.71946256854926, 21.136087199546783]}, "properties": {"item_id": "6716_9286_1856_1584", "stop_id": "S102", "cls": "net", "cls_raw": "Net", "x": 736844.6427850554, "y": 2338909.1577917174, "r95_m": 3.0, "n_views": 1, "area_m2": 0.1395767166138042, "length_m": 0.5173437500000643, "h_p90_m": 0.0, "volume_m3": 0.016749205993656504, "valid_3d": false, "buried_suspect": false, "weight_est_kg": 2.5123808990484755, "weight_lo_kg": 1.0468253746035316, "weight_hi_kg": 6.2809522476211885, "weight_method": "2d:area×thick_range×rho", "crew": "1인", "tools": ["절단기"], "weight_kg": null, "image": "molokai_6716_9286_1856.jpg"}}, {"type": "Feature", "geometry": {"type": "Point", "coordinates": [-156.71950198148642, 21.13610831423919]}, "properties": {"item_id": "6716_9286_1856_1585", "stop_id": "S102", "cls": "net", "cls_raw": "Net", "x": 736840.5143770645, "y": 2338911.437228327, "r95_m": 3.0, "n_views": 1, "area_m2": 0.2393751242101787, "length_m": 0.49076660156256097, "h_p90_m": 0.0, "volume_m3": 0.028725014905221443, "valid_3d": false, "buried_suspect": false, "weight_est_kg": 4.308752235783216, "weight_lo_kg": 1.7953134315763404, "weight_hi_kg": 10.771880589458041, "weight_method": "2d:area×thick_range×rho", "crew": "1인", "tools": ["절단기"], "weight_kg": null, "image": "molokai_6716_9286_1856.jpg"}}, {"type": "Feature", "geometry": {"type": "Point", "coordinates": [-156.7194403580303, 21.13614815134184]}, "properties": {"item_id": "6716_9286_1856_1586", "stop_id": "S103", "cls": "net", "cls_raw": "Net", "x": 736846.8534325913, "y": 2338915.940721549, "r95_m": 3.0, "n_views": 1, "area_m2": 0.3391059924066909, "length_m": 0.6704589843750833, "h_p90_m": 0.0, "volume_m3": 0.04069271908880291, "valid_3d": false, "buried_suspect": false, "weight_est_kg": 6.103907863320437, "weight_lo_kg": 2.5432949430501823, "weight_hi_kg": 15.25976965830109, "weight_method": "2d:area×thick_range×rho", "crew": "1인", "tools": ["절단기"], "weight_kg": null, "image": "molokai_6716_9286_1856.jpg"}}, {"type": "Feature", "geometry": {"type": "Point", "coordinates": [-156.7194424264233, 21.13566809340402]}, "properties": {"item_id": "6716_9465_4122_1594", "stop_id": "S104", "cls": "net", "cls_raw": "Net", "x": 736847.4019360001, "y": 2338862.7760908017, "r95_m": 3.0, "n_views": 1, "area_m2": 0.3032870917321005, "length_m": 0.5726196289063211, "h_p90_m": 0.0, "volume_m3": 0.03639445100785206, "valid_3d": false, "buried_suspect": false, "weight_est_kg": 5.459167651177809, "weight_lo_kg": 2.274653187990754, "weight_hi_kg": 13.647919127944522, "weight_method": "2d:area×thick_range×rho", "crew": "1인", "tools": ["절단기"], "weight_kg": null, "image": "molokai_6716_9465_4122.jpg"}}, {"type": "Feature", "geometry": {"type": "Point", "coordinates": [-156.71951605345294, 21.135689953293117]}, "properties": {"item_id": "6716_9465_4122_1595", "stop_id": "S104", "cls": "net", "cls_raw": "Net", "x": 736839.7176280118, "y": 2338865.0870069205, "r95_m": 3.0, "n_views": 1, "area_m2": 0.22699282757608272, "length_m": 0.5117048645020167, "h_p90_m": 0.0, "volume_m3": 0.027239139309129926, "valid_3d": false, "buried_suspect": false, "weight_est_kg": 4.085870896369489, "weight_lo_kg": 1.7024462068206205, "weight_hi_kg": 10.214677240923722, "weight_method": "2d:area×thick_range×rho", "crew": "1인", "tools": ["절단기"], "weight_kg": null, "image": "molokai_6716_9465_4122.jpg"}}, {"type": "Feature", "geometry": {"type": "Point", "coordinates": [-156.71949403958328, 21.135675286154072]}, "properties": {"item_id": "6716_9465_4122_1596", "stop_id": "S104", "cls": "plastic_buoy", "cls_raw": "Plastic_Buoy_China", "x": 736842.0281019777, "y": 2338863.495612479, "r95_m": 3.0, "n_views": 1, "area_m2": 0.23478379556542506, "length_m": 0.48565429687506034, "h_p90_m": 0.0, "volume_m3": 0.07043513866962751, "valid_3d": false, "buried_suspect": false, "weight_est_kg": 4.226108320177651, "weight_lo_kg": 2.1130541600888253, "weight_hi_kg": 5.634811093570201, "weight_method": "2d:area×thick_range×rho", "crew": "1인", "tools": [], "weight_kg": null, "image": "molokai_6716_9465_4122.jpg"}}, {"type": "Feature", "geometry": {"type": "Point", "coordinates": [-156.7195194074202, 21.13568559173648]}, "properties": {"item_id": "6716_9465_4122_1597", "stop_id": "S104", "cls": "plastic_other", "cls_raw": "Plastic_ETC", "x": 736839.3761001383, "y": 2338864.599005092, "r95_m": 3.0, "n_views": 1, "area_m2": 1.1048227682019536, "length_m": 1.0830636596681034, "h_p90_m": 0.0, "volume_m3": 0.03314468304605861, "valid_3d": false, "buried_suspect": false, "weight_est_kg": 2.6515746436846888, "weight_lo_kg": 1.7677164291231255, "weight_hi_kg": 8.838582145615629, "weight_method": "2d:area×thick_range×rho", "crew": "1인", "tools": [], "weight_kg": null, "image": "molokai_6716_9465_4122.jpg"}}, {"type": "Feature", "geometry": {"type": "Point", "coordinates": [-156.71945236658348, 21.13587540261013]}, "properties": {"item_id": "6716_9636_3432_1604", "stop_id": "S102", "cls": "pet_bottle", "cls_raw": "PET_Bottle", "x": 736846.0395291089, "y": 2338885.7186510987, "r95_m": 3.0, "n_views": 1, "area_m2": 0.16509795035127928, "length_m": 0.547590332031318, "h_p90_m": 0.0, "volume_m3": 0.009905877021076757, "valid_3d": false, "buried_suspect": false, "weight_est_kg": 0.326893941695533, "weight_lo_kg": 0.27241161807961084, "weight_hi_kg": 0.5448232361592217, "weight_method": "2d:area×thick_range×rho", "crew": "1인", "tools": [], "weight_kg": null, "image": "molokai_6716_9636_3432.jpg"}}, {"type": "Feature", "geometry": {"type": "Point", "coordinates": [-156.72177169875542, 21.13305807361321]}, "properties": {"item_id": "6925_11530_4018_1607", "stop_id": "S105", "cls": "eps_fragment", "cls_raw": "Styrofoam_Piece", "x": 736609.5461871066, "y": 2338570.269946213, "r95_m": 3.0, "n_views": 1, "area_m2": 0.32353874689951845, "length_m": 0.5734204101563848, "h_p90_m": 0.0, "volume_m3": 0.009706162406985554, "valid_3d": false, "buried_suspect": false, "weight_est_kg": 0.19412324813971107, "weight_lo_kg": 0.12941549875980737, "weight_hi_kg": 0.6470774937990369, "weight_method": "2d:area×thick_range×rho", "crew": "1인", "tools": [], "weight_kg": null, "image": "molokai_6925_11530_4018.jpg"}}, {"type": "Feature", "geometry": {"type": "Point", "coordinates": [-156.72174005262747, 21.13302783782252]}, "properties": {"item_id": "6925_11530_4018_1608", "stop_id": "S105", "cls": "eps_buoy", "cls_raw": "Styrofoam_Buoy", "x": 736612.8821711929, "y": 2338566.968805251, "r95_m": 3.0, "n_views": 1, "area_m2": 0.732636268280791, "length_m": 0.8569885253908265, "h_p90_m": 0.0, "volume_m3": 0.2564226938982768, "valid_3d": false, "buried_suspect": false, "weight_est_kg": 6.4105673474569205, "weight_lo_kg": 2.7473860060529662, "weight_hi_kg": 7.32636268280791, "weight_method": "2d:area×thick_range×rho", "crew": "1인", "tools": [], "weight_kg": null, "image": "molokai_6925_11530_4018.jpg"}}, {"type": "Feature", "geometry": {"type": "Point", "coordinates": [-156.72169305587374, 21.132924138068915]}, "properties": {"item_id": "6925_11775_4768_1611", "stop_id": "S106", "cls": "net", "cls_raw": "Net", "x": 736617.9297438108, "y": 2338555.555165334, "r95_m": 3.0, "n_views": 1, "area_m2": 0.05012214415075751, "length_m": 0.3150976562500741, "h_p90_m": 0.0, "volume_m3": 0.006014657298090901, "valid_3d": false, "buried_suspect": false, "weight_est_kg": 0.9021985947136352, "weight_lo_kg": 0.37591608113068137, "weight_hi_kg": 2.2554964867840877, "weight_method": "2d:area×thick_range×rho", "crew": "1인", "tools": ["절단기"], "weight_kg": null, "image": "molokai_6925_11775_4768.jpg"}}, {"type": "Feature", "geometry": {"type": "Point", "coordinates": [-156.72171321316762, 21.13303331977465]}, "properties": {"item_id": "6925_11855_3929_1618", "stop_id": "S105", "cls": "plastic_other", "cls_raw": "Plastic_ETC", "x": 736615.6620199, "y": 2338567.6158732744, "r95_m": 3.0, "n_views": 1, "area_m2": 0.5525727921697114, "length_m": 0.7649694824220549, "h_p90_m": 0.0, "volume_m3": 0.016577183765091343, "valid_3d": false, "buried_suspect": false, "weight_est_kg": 1.3261747012073075, "weight_lo_kg": 0.8841164674715384, "weight_hi_kg": 4.420582337357692, "weight_method": "2d:area×thick_range×rho", "crew": "1인", "tools": [], "weight_kg": null, "image": "molokai_6925_11855_3929.jpg"}}, {"type": "Feature", "geometry": {"type": "Point", "coordinates": [-156.72177129418458, 21.133058009475874]}, "properties": {"item_id": "6925_11855_3929_1619", "stop_id": "S105", "cls": "eps_fragment", "cls_raw": "Styrofoam_Piece", "x": 736609.5883229277, "y": 2338570.263446578, "r95_m": 3.0, "n_views": 1, "area_m2": 0.24705686210452088, "length_m": 0.5403674316407521, "h_p90_m": 0.0, "volume_m3": 0.0074117058631356265, "valid_3d": false, "buried_suspect": false, "weight_est_kg": 0.14823411726271252, "weight_lo_kg": 0.09882274484180836, "weight_hi_kg": 0.4941137242090418, "weight_method": "2d:area×thick_range×rho", "crew": "1인", "tools": [], "weight_kg": null, "image": "molokai_6925_11855_3929.jpg"}}, {"type": "Feature", "geometry": {"type": "Point", "coordinates": [-156.72168681829342, 21.133102835316134]}, "properties": {"item_id": "6925_11855_3929_1620", "stop_id": "S105", "cls": "plastic_buoy", "cls_raw": "Plastic_Buoy", "x": 736618.2939627058, "y": 2338575.353339168, "r95_m": 3.0, "n_views": 1, "area_m2": 0.21115322735915573, "length_m": 0.4746435546876116, "h_p90_m": 0.0, "volume_m3": 0.06334596820774671, "valid_3d": false, "buried_suspect": false, "weight_est_kg": 3.8007580924648026, "weight_lo_kg": 1.9003790462324013, "weight_hi_kg": 5.067677456619737, "weight_method": "2d:area×thick_range×rho", "crew": "1인", "tools": [], "weight_kg": null, "image": "molokai_6925_11855_3929.jpg"}}, {"type": "Feature", "geometry": {"type": "Point", "coordinates": [-156.7217400767687, 21.13302788759739]}, "properties": {"item_id": "6925_11855_3929_1621", "stop_id": "S105", "cls": "eps_buoy", "cls_raw": "Styrofoam_Buoy", "x": 736612.8795839137, "y": 2338566.9742813283, "r95_m": 3.0, "n_views": 1, "area_m2": 0.7055614780488948, "length_m": 0.8496691894533247, "h_p90_m": 0.0, "volume_m3": 0.24694651731711317, "valid_3d": false, "buried_suspect": false, "weight_est_kg": 6.173662932927829, "weight_lo_kg": 2.645855542683355, "weight_hi_kg": 7.055614780488948, "weight_method": "2d:area×thick_range×rho", "crew": "1인", "tools": [], "weight_kg": null, "image": "molokai_6925_11855_3929.jpg"}}, {"type": "Feature", "geometry": {"type": "Point", "coordinates": [-156.72171138142463, 21.133064887609887]}, "properties": {"item_id": "6925_11855_3929_1622", "stop_id": "S105", "cls": "eps_fragment", "cls_raw": "Styrofoam_Piece", "x": 736615.8021902328, "y": 2338571.114415398, "r95_m": 3.0, "n_views": 1, "area_m2": 0.39401652013081956, "length_m": 0.6476342773439022, "h_p90_m": 0.0, "volume_m3": 0.011820495603924586, "valid_3d": false, "buried_suspect": false, "weight_est_kg": 0.2364099120784917, "weight_lo_kg": 0.15760660805232782, "weight_hi_kg": 0.7880330402616392, "weight_method": "2d:area×thick_range×rho", "crew": "1인", "tools": [], "weight_kg": null, "image": "molokai_6925_11855_3929.jpg"}}, {"type": "Feature", "geometry": {"type": "Point", "coordinates": [-156.72174191978618, 21.13301734476989]}, "properties": {"item_id": "6925_11855_3929_1623", "stop_id": "S105", "cls": "plastic_buoy", "cls_raw": "Plastic_Buoy", "x": 736612.7048450973, "y": 2338565.8040253012, "r95_m": 3.0, "n_views": 1, "area_m2": 0.23267494883548234, "length_m": 0.5776171875001358, "h_p90_m": 0.0, "volume_m3": 0.0698024846506447, "valid_3d": false, "buried_suspect": false, "weight_est_kg": 4.188149079038682, "weight_lo_kg": 2.094074539519341, "weight_hi_kg": 5.584198772051576, "weight_method": "2d:area×thick_range×rho", "crew": "1인", "tools": [], "weight_kg": null, "image": "molokai_6925_11855_3929.jpg"}}, {"type": "Feature", "geometry": {"type": "Point", "coordinates": [-156.72166992992467, 21.133161187349188]}, "properties": {"item_id": "6925_12230_3473_1628", "stop_id": "S105", "cls": "eps_buoy", "cls_raw": "Styrofoam_Buoy", "x": 736619.9559330414, "y": 2338581.840394446, "r95_m": 3.0, "n_views": 1, "area_m2": 1.6972256477654508, "length_m": 1.328285827637031, "h_p90_m": 0.0, "volume_m3": 0.5940289767179078, "valid_3d": false, "buried_suspect": false, "weight_est_kg": 14.850724417947694, "weight_lo_kg": 6.364596179120441, "weight_hi_kg": 16.97225647765451, "weight_method": "2d:area×thick_range×rho", "crew": "1인", "tools": [], "weight_kg": null, "image": "molokai_6925_12230_3473.jpg"}}, {"type": "Feature", "geometry": {"type": "Point", "coordinates": [-156.72168681740274, 21.13310283017285]}, "properties": {"item_id": "6925_12230_3473_1629", "stop_id": "S105", "cls": "plastic_buoy", "cls_raw": "Plastic_Buoy", "x": 736618.2940634126, "y": 2338575.3527709288, "r95_m": 3.0, "n_views": 1, "area_m2": 0.21305490913252118, "length_m": 0.4701220703126105, "h_p90_m": 0.0, "volume_m3": 0.06391647273975636, "valid_3d": false, "buried_suspect": false, "weight_est_kg": 3.8349883643853815, "weight_lo_kg": 1.9174941821926907, "weight_hi_kg": 5.113317819180509, "weight_method": "2d:area×thick_range×rho", "crew": "1인", "tools": [], "weight_kg": null, "image": "molokai_6925_12230_3473.jpg"}}, {"type": "Feature", "geometry": {"type": "Point", "coordinates": [-156.72168633091002, 21.13314070070102]}, "properties": {"item_id": "6925_12230_3473_1630", "stop_id": "S105", "cls": "plastic_buoy", "cls_raw": "Plastic_Buoy", "x": 736618.2844531327, "y": 2338579.547266596, "r95_m": 3.0, "n_views": 1, "area_m2": 0.13985887473157663, "length_m": 0.3747061157227443, "h_p90_m": 0.0, "volume_m3": 0.041957662419472984, "valid_3d": false, "buried_suspect": false, "weight_est_kg": 2.517459745168379, "weight_lo_kg": 1.2587298725841896, "weight_hi_kg": 3.3566129935578393, "weight_method": "2d:area×thick_range×rho", "crew": "1인", "tools": [], "weight_kg": null, "image": "molokai_6925_12230_3473.jpg"}}, {"type": "Feature", "geometry": {"type": "Point", "coordinates": [-156.72167914060117, 21.133139604364185]}, "properties": {"item_id": "6925_12230_3473_1631", "stop_id": "S105", "cls": "eps_fragment", "cls_raw": "Styrofoam_Piece", "x": 736619.0332501599, "y": 2338579.4365744274, "r95_m": 3.0, "n_views": 1, "area_m2": 0.29479367220788155, "length_m": 0.5490493774415354, "h_p90_m": 0.0, "volume_m3": 0.008843810166236447, "valid_3d": false, "buried_suspect": false, "weight_est_kg": 0.17687620332472895, "weight_lo_kg": 0.11791746888315262, "weight_hi_kg": 0.5895873444157631, "weight_method": "2d:area×thick_range×rho", "crew": "1인", "tools": [], "weight_kg": null, "image": "molokai_6925_12230_3473.jpg"}}, {"type": "Feature", "geometry": {"type": "Point", "coordinates": [-156.721656572647, 21.13318081504465]}, "properties": {"item_id": "6925_12230_3473_1632", "stop_id": "S105", "cls": "plastic_buoy", "cls_raw": "Plastic_Buoy", "x": 736621.3125431836, "y": 2338584.033866206, "r95_m": 3.0, "n_views": 1, "area_m2": 0.19144336837911666, "length_m": 0.48815612792980223, "h_p90_m": 0.0, "volume_m3": 0.05743301051373499, "valid_3d": false, "buried_suspect": false, "weight_est_kg": 3.4459806308240997, "weight_lo_kg": 1.7229903154120498, "weight_hi_kg": 4.5946408410988, "weight_method": "2d:area×thick_range×rho", "crew": "1인", "tools": [], "weight_kg": null, "image": "molokai_6925_12230_3473.jpg"}}, {"type": "Feature", "geometry": {"type": "Point", "coordinates": [-156.721650687741, 21.13318840967245]}, "properties": {"item_id": "6925_12230_3473_1633", "stop_id": "S105", "cls": "eps_buoy", "cls_raw": "Styrofoam_Buoy", "x": 736621.911906431, "y": 2338584.883663472, "r95_m": 3.0, "n_views": 1, "area_m2": 0.4641679674355633, "length_m": 0.7314801025392345, "h_p90_m": 0.0, "volume_m3": 0.16245878860244714, "valid_3d": false, "buried_suspect": false, "weight_est_kg": 4.061469715061179, "weight_lo_kg": 1.7406298778833622, "weight_hi_kg": 4.6416796743556334, "weight_method": "2d:area×thick_range×rho", "crew": "1인", "tools": [], "weight_kg": null, "image": "molokai_6925_12230_3473.jpg"}}, {"type": "Feature", "geometry": {"type": "Point", "coordinates": [-156.72135099633644, 21.13360463316668]}, "properties": {"item_id": "6926_-118_936_1637", "stop_id": "S107", "cls": "eps_fragment", "cls_raw": "Styrofoam_Piece", "x": 736652.387845891, "y": 2338631.422806048, "r95_m": 3.0, "n_views": 1, "area_m2": 0.43351824022625, "length_m": 0.7007931518556222, "h_p90_m": 0.0, "volume_m3": 0.0130055472067875, "valid_3d": false, "buried_suspect": false, "weight_est_kg": 0.26011094413575, "weight_lo_kg": 0.1734072960905, "weight_hi_kg": 0.8670364804525, "weight_method": "2d:area×thick_range×rho", "crew": "1인", "tools": [], "weight_kg": null, "image": "molokai_6926_-118_936.jpg"}}, {"type": "Feature", "geometry": {"type": "Point", "coordinates": [-156.72121139362966, 21.133707551449508]}, "properties": {"item_id": "6926_282_587_1639", "stop_id": "S107", "cls": "eps_fragment", "cls_raw": "Styrofoam_Piece", "x": 736666.7286647256, "y": 2338643.028041113, "r95_m": 3.0, "n_views": 1, "area_m2": 0.4978996396648083, "length_m": 0.7824731445314214, "h_p90_m": 0.0, "volume_m3": 0.014936989189944249, "valid_3d": false, "buried_suspect": false, "weight_est_kg": 0.298739783798885, "weight_lo_kg": 0.19915985586592333, "weight_hi_kg": 0.9957992793296166, "weight_method": "2d:area×thick_range×rho", "crew": "1인", "tools": [], "weight_kg": null, "image": "molokai_6926_282_587.jpg"}}, {"type": "Feature", "geometry": {"type": "Point", "coordinates": [-156.7229647415627, 21.130248773751205]}, "properties": {"item_id": "7135_6719_4832_1643", "stop_id": "S108", "cls": "plastic_buoy", "cls_raw": "Plastic_Buoy_China", "x": 736490.051572572, "y": 2338257.391725039, "r95_m": 3.0, "n_views": 1, "area_m2": 0.2904369226367003, "length_m": 0.6575463867188317, "h_p90_m": 0.0, "volume_m3": 0.08713107679101008, "valid_3d": false, "buried_suspect": false, "weight_est_kg": 5.227864607460605, "weight_lo_kg": 2.6139323037303024, "weight_hi_kg": 6.970486143280807, "weight_method": "2d:area×thick_range×rho", "crew": "1인", "tools": [], "weight_kg": null, "image": "molokai_7135_6719_4832.jpg"}}, {"type": "Feature", "geometry": {"type": "Point", "coordinates": [-156.72291620256283, 21.13017761365896]}, "properties": {"item_id": "7135_6719_4832_1644", "stop_id": "S108", "cls": "net", "cls_raw": "Net", "x": 736495.2077096796, "y": 2338249.583776014, "r95_m": 3.0, "n_views": 1, "area_m2": 0.1573047309875879, "length_m": 0.46896484375005826, "h_p90_m": 0.0, "volume_m3": 0.018876567718510547, "valid_3d": false, "buried_suspect": false, "weight_est_kg": 2.831485157776582, "weight_lo_kg": 1.1797854824069094, "weight_hi_kg": 7.0787128944414555, "weight_method": "2d:area×thick_range×rho", "crew": "1인", "tools": ["절단기"], "weight_kg": null, "image": "molokai_7135_6719_4832.jpg"}}, {"type": "Feature", "geometry": {"type": "Point", "coordinates": [-156.7229622686143, 21.130255856121547]}, "properties": {"item_id": "7135_6719_4832_1645", "stop_id": "S108", "cls": "net", "cls_raw": "Net", "x": 736490.2972684342, "y": 2338258.1797068007, "r95_m": 3.0, "n_views": 1, "area_m2": 0.27173817563063696, "length_m": 0.5386474609375669, "h_p90_m": 0.0, "volume_m3": 0.032608581075676435, "valid_3d": false, "buried_suspect": false, "weight_est_kg": 4.891287161351466, "weight_lo_kg": 2.038036317229777, "weight_hi_kg": 12.228217903378663, "weight_method": "2d:area×thick_range×rho", "crew": "1인", "tools": ["절단기"], "weight_kg": null, "image": "molokai_7135_6719_4832.jpg"}}, {"type": "Feature", "geometry": {"type": "Point", "coordinates": [-156.72296713475566, 21.13021867916092]}, "properties": {"item_id": "7135_6719_4832_1646", "stop_id": "S108", "cls": "net", "cls_raw": "Net", "x": 736489.8506917728, "y": 2338254.055498325, "r95_m": 3.0, "n_views": 1, "area_m2": 0.26380056392259, "length_m": 0.5667565917969454, "h_p90_m": 0.0, "volume_m3": 0.031656067670710795, "valid_3d": false, "buried_suspect": false, "weight_est_kg": 4.748410150606619, "weight_lo_kg": 1.978504229419425, "weight_hi_kg": 11.871025376516549, "weight_method": "2d:area×thick_range×rho", "crew": "1인", "tools": ["절단기"], "weight_kg": null, "image": "molokai_7135_6719_4832.jpg"}}, {"type": "Feature", "geometry": {"type": "Point", "coordinates": [-156.72291895270806, 21.130211566473942]}, "properties": {"item_id": "7135_6719_4832_1647", "stop_id": "S108", "cls": "plastic_other", "cls_raw": "Plastic_ETC", "x": 736494.8680745952, "y": 2338253.3396009174, "r95_m": 3.0, "n_views": 1, "area_m2": 0.6772138960363163, "length_m": 0.8409228515626045, "h_p90_m": 0.0, "volume_m3": 0.02031641688108949, "valid_3d": false, "buried_suspect": false, "weight_est_kg": 1.625313350487159, "weight_lo_kg": 1.0835422336581062, "weight_hi_kg": 5.417711168290531, "weight_method": "2d:area×thick_range×rho", "crew": "1인", "tools": [], "weight_kg": null, "image": "molokai_7135_6719_4832.jpg"}}, {"type": "Feature", "geometry": {"type": "Point", "coordinates": [-156.72290875050587, 21.130193834248278]}, "properties": {"item_id": "7135_6719_4832_1648", "stop_id": "S108", "cls": "net", "cls_raw": "Net", "x": 736495.9562267145, "y": 2338251.3911360777, "r95_m": 3.0, "n_views": 1, "area_m2": 0.24024045259958512, "length_m": 0.6887988281250855, "h_p90_m": 0.0, "volume_m3": 0.028828854311950213, "valid_3d": false, "buried_suspect": false, "weight_est_kg": 4.324328146792532, "weight_lo_kg": 1.8018033944968885, "weight_hi_kg": 10.81082036698133, "weight_method": "2d:area×thick_range×rho", "crew": "1인", "tools": ["절단기"], "weight_kg": null, "image": "molokai_7135_6719_4832.jpg"}}, {"type": "Feature", "geometry": {"type": "Point", "coordinates": [-156.7229037792352, 21.130190648047236]}, "properties": {"item_id": "7135_6719_4832_1649", "stop_id": "S108", "cls": "plastic_other", "cls_raw": "Plastic_ETC", "x": 736496.477797271, "y": 2338251.0457014204, "r95_m": 3.0, "n_views": 1, "area_m2": 0.4640081218333205, "length_m": 0.9802221679688717, "h_p90_m": 0.0, "volume_m3": 0.013920243654999616, "valid_3d": false, "buried_suspect": false, "weight_est_kg": 1.1136194923999692, "weight_lo_kg": 0.7424129949333129, "weight_hi_kg": 3.7120649746665646, "weight_method": "2d:area×thick_range×rho", "crew": "1인", "tools": [], "weight_kg": null, "image": "molokai_7135_6719_4832.jpg"}}, {"type": "Feature", "geometry": {"type": "Point", "coordinates": [-156.72689255882335, 21.1268460792172]}, "properties": {"item_id": "7344_1570_8792_1655", "stop_id": "S109", "cls": "plastic_other", "cls_raw": "Plastic_ETC", "x": 736087.3452336473, "y": 2337874.734880845, "r95_m": 3.0, "n_views": 1, "area_m2": 0.19860471241479088, "length_m": 0.47477539062505897, "h_p90_m": 0.0, "volume_m3": 0.005958141372443726, "valid_3d": false, "buried_suspect": false, "weight_est_kg": 0.4766513097954981, "weight_lo_kg": 0.3177675398636654, "weight_hi_kg": 1.5888376993183273, "weight_method": "2d:area×thick_range×rho", "crew": "1인", "tools": [], "weight_kg": null, "image": "molokai_7344_1570_8792.jpg"}}, {"type": "Feature", "geometry": {"type": "Point", "coordinates": [-156.72702935770982, 21.126669435718515]}, "properties": {"item_id": "7344_874_9779_1661", "stop_id": "S110", "cls": "eps_fragment", "cls_raw": "Styrofoam_Piece", "x": 736073.4114508735, "y": 2337854.970149437, "r95_m": 3.0, "n_views": 1, "area_m2": 0.17529967575077599, "length_m": 0.4367138671875542, "h_p90_m": 0.0, "volume_m3": 0.005258990272523279, "valid_3d": false, "buried_suspect": false, "weight_est_kg": 0.10517980545046558, "weight_lo_kg": 0.07011987030031039, "weight_hi_kg": 0.350599351501552, "weight_method": "2d:area×thick_range×rho", "crew": "1인", "tools": [], "weight_kg": null, "image": "molokai_7344_874_9779.jpg"}}, {"type": "Feature", "geometry": {"type": "Point", "coordinates": [-156.72703504698018, 21.126696862938726]}, "properties": {"item_id": "7344_874_9779_1662", "stop_id": "S110", "cls": "plastic_buoy", "cls_raw": "Plastic_Buoy", "x": 736072.7768737025, "y": 2337857.9989642752, "r95_m": 3.0, "n_views": 1, "area_m2": 0.18494319068496054, "length_m": 0.43242919921880374, "h_p90_m": 0.0, "volume_m3": 0.05548295720548816, "valid_3d": false, "buried_suspect": false, "weight_est_kg": 3.3289774323292898, "weight_lo_kg": 1.6644887161646449, "weight_hi_kg": 4.438636576439053, "weight_method": "2d:area×thick_range×rho", "crew": "1인", "tools": [], "weight_kg": null, "image": "molokai_7344_874_9779.jpg"}}, {"type": "Feature", "geometry": {"type": "Point", "coordinates": [-156.7270430833096, 21.126653173691192]}, "properties": {"item_id": "7344_874_9779_1663", "stop_id": "S110", "cls": "plastic_buoy", "cls_raw": "Plastic_Buoy_China", "x": 736072.0110995752, "y": 2337853.1489014337, "r95_m": 3.0, "n_views": 1, "area_m2": 0.21590675849323868, "length_m": 0.47381103515630885, "h_p90_m": 0.0, "volume_m3": 0.0647720275479716, "valid_3d": false, "buried_suspect": false, "weight_est_kg": 3.8863216528782956, "weight_lo_kg": 1.9431608264391478, "weight_hi_kg": 5.181762203837728, "weight_method": "2d:area×thick_range×rho", "crew": "1인", "tools": [], "weight_kg": null, "image": "molokai_7344_874_9779.jpg"}}, {"type": "Feature", "geometry": {"type": "Point", "coordinates": [-156.7311227784155, 21.123605083309343]}, "properties": {"item_id": "7552_8574_11975_1666", "stop_id": "S111", "cls": "eps_fragment", "cls_raw": "Styrofoam_Piece", "x": 735652.9437826232, "y": 2337509.5474889874, "r95_m": 3.0, "n_views": 1, "area_m2": 0.18943081149469718, "length_m": 0.45568237304700526, "h_p90_m": 0.0, "volume_m3": 0.005682924344840915, "valid_3d": false, "buried_suspect": false, "weight_est_kg": 0.1136584868968183, "weight_lo_kg": 0.07577232459787887, "weight_hi_kg": 0.37886162298939435, "weight_method": "2d:area×thick_range×rho", "crew": "1인", "tools": [], "weight_kg": null, "image": "molokai_7552_8574_11975.jpg"}}, {"type": "Feature", "geometry": {"type": "Point", "coordinates": [-156.73120317587137, 21.12365489958447]}, "properties": {"item_id": "7552_8574_11975_1667", "stop_id": "S111", "cls": "plastic_buoy", "cls_raw": "Plastic_Buoy", "x": 735644.5114226352, "y": 2337514.944821428, "r95_m": 3.0, "n_views": 1, "area_m2": 0.2685938214534159, "length_m": 0.568027324676676, "h_p90_m": 0.0, "volume_m3": 0.08057814643602478, "valid_3d": false, "buried_suspect": false, "weight_est_kg": 4.834688786161487, "weight_lo_kg": 2.4173443930807434, "weight_hi_kg": 6.446251714881982, "weight_method": "2d:area×thick_range×rho", "crew": "1인", "tools": [], "weight_kg": null, "image": "molokai_7552_8574_11975.jpg"}}, {"type": "Feature", "geometry": {"type": "Point", "coordinates": [-156.731645873769, 21.121624599032195]}, "properties": {"item_id": "7762_7392_7788_1670", "stop_id": "S112", "cls": "plastic_buoy", "cls_raw": "Plastic_Buoy", "x": 735601.7228813928, "y": 2337289.4546595016, "r95_m": 3.0, "n_views": 1, "area_m2": 0.18135413210396503, "length_m": 0.47852050781255945, "h_p90_m": 0.0, "volume_m3": 0.054406239631189506, "valid_3d": false, "buried_suspect": false, "weight_est_kg": 3.2643743778713703, "weight_lo_kg": 1.6321871889356852, "weight_hi_kg": 4.352499170495161, "weight_method": "2d:area×thick_range×rho", "crew": "1인", "tools": [], "weight_kg": null, "image": "molokai_7762_7392_7788.jpg"}}, {"type": "Feature", "geometry": {"type": "Point", "coordinates": [-156.73345128115616, 21.1191342834879]}, "properties": {"item_id": "7971_10570_6719_1672", "stop_id": "S113", "cls": "plastic_buoy", "cls_raw": "Plastic_Buoy", "x": 735418.0650053506, "y": 2337011.003322926, "r95_m": 3.0, "n_views": 1, "area_m2": 0.18715709894901167, "length_m": 0.43668212890631547, "h_p90_m": 0.0, "volume_m3": 0.0561471296847035, "valid_3d": false, "buried_suspect": false, "weight_est_kg": 3.36882778108221, "weight_lo_kg": 1.684413890541105, "weight_hi_kg": 4.49177037477628, "weight_method": "2d:area×thick_range×rho", "crew": "1인", "tools": [], "weight_kg": null, "image": "molokai_7971_10570_6719.jpg"}}, {"type": "Feature", "geometry": {"type": "Point", "coordinates": [-156.73347285224477, 21.119175498831382]}, "properties": {"item_id": "7971_10570_6719_1673", "stop_id": "S113", "cls": "plastic_buoy", "cls_raw": "Plastic_Buoy", "x": 735415.7585362917, "y": 2337015.5354993455, "r95_m": 3.0, "n_views": 1, "area_m2": 0.20392392190849934, "length_m": 0.4614904785156942, "h_p90_m": 0.0, "volume_m3": 0.0611771765725498, "valid_3d": false, "buried_suspect": false, "weight_est_kg": 3.6706305943529878, "weight_lo_kg": 1.8353152971764939, "weight_hi_kg": 4.894174125803985, "weight_method": "2d:area×thick_range×rho", "crew": "1인", "tools": [], "weight_kg": null, "image": "molokai_7971_10570_6719.jpg"}}, {"type": "Feature", "geometry": {"type": "Point", "coordinates": [-156.73346016659457, 21.119147414616364]}, "properties": {"item_id": "7971_10570_6719_1674", "stop_id": "S113", "cls": "plastic_other", "cls_raw": "Plastic_ETC", "x": 735417.1210115936, "y": 2337012.4442827567, "r95_m": 3.0, "n_views": 1, "area_m2": 0.3216106776417266, "length_m": 0.5980004882813397, "h_p90_m": 0.0, "volume_m3": 0.009648320329251798, "valid_3d": false, "buried_suspect": false, "weight_est_kg": 0.7718656263401438, "weight_lo_kg": 0.5145770842267626, "weight_hi_kg": 2.572885421133813, "weight_method": "2d:area×thick_range×rho", "crew": "1인", "tools": [], "weight_kg": null, "image": "molokai_7971_10570_6719.jpg"}}, {"type": "Feature", "geometry": {"type": "Point", "coordinates": [-157.2991761889317, 21.121690743170564]}, "properties": {"item_id": "7985_13620_14337_1679", "stop_id": "S114", "cls": "net", "cls_raw": "Net", "x": 676640.2671562518, "y": 2336560.5341100367, "r95_m": 3.0, "n_views": 1, "area_m2": 0.23137318511023597, "length_m": 0.4920507812501529, "h_p90_m": 0.0, "volume_m3": 0.027764782213228315, "valid_3d": false, "buried_suspect": false, "weight_est_kg": 4.164717331984248, "weight_lo_kg": 1.73529888832677, "weight_hi_kg": 10.411793329960618, "weight_method": "2d:area×thick_range×rho", "crew": "1인", "tools": ["절단기"], "weight_kg": null, "image": "molokai_7985_13620_14337.jpg"}}, {"type": "Feature", "geometry": {"type": "Point", "coordinates": [-157.29849386108904, 21.120674456890605]}, "properties": {"item_id": "8196_3057_5234_1684", "stop_id": "S115", "cls": "rope", "cls_raw": "Rope", "x": 676712.3506984996, "y": 2336448.778913535, "r95_m": 3.0, "n_views": 1, "area_m2": 1.192299003717155, "length_m": 1.24925109863293, "h_p90_m": 0.0, "volume_m3": 0.03576897011151465, "valid_3d": false, "buried_suspect": false, "weight_est_kg": 14.30758804460586, "weight_lo_kg": 9.53839202973724, "weight_hi_kg": 23.8459800743431, "weight_method": "2d:area×thick_range×rho", "crew": "2인", "tools": ["절단기"], "weight_kg": null, "image": "molokai_8196_3057_5234.jpg"}}, {"type": "Feature", "geometry": {"type": "Point", "coordinates": [-156.73932318036034, 21.114293586427188]}, "properties": {"item_id": "8389_12982_4218_1686", "stop_id": "S116", "cls": "pet_bottle", "cls_raw": "PET_Bottle", "x": 734815.5601037656, "y": 2336466.2620633347, "r95_m": 3.0, "n_views": 1, "area_m2": 0.34856828112610894, "length_m": 0.6941015625000863, "h_p90_m": 0.0, "volume_m3": 0.020914096867566536, "valid_3d": false, "buried_suspect": false, "weight_est_kg": 0.6901651966296957, "weight_lo_kg": 0.5751376638580797, "weight_hi_kg": 1.1502753277161595, "weight_method": "2d:area×thick_range×rho", "crew": "1인", "tools": [], "weight_kg": null, "image": "molokai_8389_12982_4218.jpg"}}, {"type": "Feature", "geometry": {"type": "Point", "coordinates": [-157.20200024599364, 21.214671711024863]}, "properties": {"item_id": "879_3230_4172_1690", "stop_id": "S117", "cls": "plastic_other", "cls_raw": "Plastic_ETC", "x": 686618.2524451321, "y": 2346966.0710025523, "r95_m": 3.0, "n_views": 1, "area_m2": 0.37327944841692184, "length_m": 0.6788232421875843, "h_p90_m": 0.0, "volume_m3": 0.011198383452507656, "valid_3d": false, "buried_suspect": false, "weight_est_kg": 0.8958706762006124, "weight_lo_kg": 0.5972471174670749, "weight_hi_kg": 2.9862355873353748, "weight_method": "2d:area×thick_range×rho", "crew": "1인", "tools": [], "weight_kg": null, "image": "molokai_879_3230_4172.jpg"}}, {"type": "Feature", "geometry": {"type": "Point", "coordinates": [-157.20201675207755, 21.21463462155419]}, "properties": {"item_id": "879_3230_4172_1691", "stop_id": "S118", "cls": "net", "cls_raw": "Net", "x": 686616.5854711413, "y": 2346961.94513728, "r95_m": 3.0, "n_views": 1, "area_m2": 0.3368365734816435, "length_m": 0.6242907714844526, "h_p90_m": 0.0, "volume_m3": 0.04042038881779721, "valid_3d": false, "buried_suspect": false, "weight_est_kg": 6.0630583226695824, "weight_lo_kg": 2.526274301112326, "weight_hi_kg": 15.157645806673955, "weight_method": "2d:area×thick_range×rho", "crew": "1인", "tools": ["절단기"], "weight_kg": null, "image": "molokai_879_3230_4172.jpg"}}, {"type": "Feature", "geometry": {"type": "Point", "coordinates": [-157.2020274732189, 21.214695605399175]}, "properties": {"item_id": "879_3230_4172_1692", "stop_id": "S118", "cls": "plastic_buoy", "cls_raw": "Plastic_Buoy", "x": 686615.3957327056, "y": 2346968.6843842464, "r95_m": 3.0, "n_views": 1, "area_m2": 0.32290615708575227, "length_m": 0.5806488037110097, "h_p90_m": 0.0, "volume_m3": 0.09687184712572568, "valid_3d": false, "buried_suspect": false, "weight_est_kg": 5.8123108275435404, "weight_lo_kg": 2.9061554137717702, "weight_hi_kg": 7.749747770058055, "weight_method": "2d:area×thick_range×rho", "crew": "1인", "tools": [], "weight_kg": null, "image": "molokai_879_3230_4172.jpg"}}, {"type": "Feature", "geometry": {"type": "Point", "coordinates": [-157.2020054986315, 21.214717968126525]}, "properties": {"item_id": "879_3230_4172_1693", "stop_id": "S118", "cls": "net", "cls_raw": "Net", "x": 686617.6489534755, "y": 2346971.18621164, "r95_m": 3.0, "n_views": 1, "area_m2": 0.16905271231648056, "length_m": 0.4745721435547465, "h_p90_m": 0.0, "volume_m3": 0.020286325477977665, "valid_3d": false, "buried_suspect": false, "weight_est_kg": 3.04294882169665, "weight_lo_kg": 1.2678953423736044, "weight_hi_kg": 7.607372054241624, "weight_method": "2d:area×thick_range×rho", "crew": "1인", "tools": ["절단기"], "weight_kg": null, "image": "molokai_879_3230_4172.jpg"}}, {"type": "Feature", "geometry": {"type": "Point", "coordinates": [-157.20194242468526, 21.214641930936217]}, "properties": {"item_id": "879_3230_4172_1694", "stop_id": "S117", "cls": "net", "cls_raw": "Net", "x": 686624.2927618551, "y": 2346962.8420588695, "r95_m": 3.0, "n_views": 1, "area_m2": 0.1778633784652198, "length_m": 0.4363647460938042, "h_p90_m": 0.0, "volume_m3": 0.021343605415826375, "valid_3d": false, "buried_suspect": false, "weight_est_kg": 3.201540812373956, "weight_lo_kg": 1.3339753384891486, "weight_hi_kg": 8.00385203093489, "weight_method": "2d:area×thick_range×rho", "crew": "1인", "tools": ["절단기"], "weight_kg": null, "image": "molokai_879_3230_4172.jpg"}}, {"type": "Feature", "geometry": {"type": "Point", "coordinates": [-157.20181879686888, 21.214658313584863]}, "properties": {"item_id": "879_4055_4290_1696", "stop_id": "S117", "cls": "eps_buoy", "cls_raw": "Styrofoam_Buoy", "x": 686637.1068860996, "y": 2346964.8016857905, "r95_m": 3.0, "n_views": 1, "area_m2": 2.1462266787593927, "length_m": 1.634870605468953, "h_p90_m": 0.0, "volume_m3": 0.7511793375657874, "valid_3d": false, "buried_suspect": false, "weight_est_kg": 18.779483439144684, "weight_lo_kg": 8.048350045347723, "weight_hi_kg": 21.46226678759393, "weight_method": "2d:area×thick_range×rho", "crew": "1인", "tools": [], "weight_kg": null, "image": "molokai_879_4055_4290.jpg"}}, {"type": "Feature", "geometry": {"type": "Point", "coordinates": [-157.2017651720586, 21.21466544317585]}, "properties": {"item_id": "879_4055_4290_1697", "stop_id": "S117", "cls": "net", "cls_raw": "Net", "x": 686642.6651113427, "y": 2346965.6542934114, "r95_m": 3.0, "n_views": 1, "area_m2": 0.15846846675876738, "length_m": 0.46621093750005793, "h_p90_m": 0.0, "volume_m3": 0.019016216011052085, "valid_3d": false, "buried_suspect": false, "weight_est_kg": 2.8524324016578126, "weight_lo_kg": 1.1885135006907552, "weight_hi_kg": 7.131081004144533, "weight_method": "2d:area×thick_range×rho", "crew": "1인", "tools": ["절단기"], "weight_kg": null, "image": "molokai_879_4055_4290.jpg"}}, {"type": "Feature", "geometry": {"type": "Point", "coordinates": [-157.20182430538176, 21.214643642397178]}, "properties": {"item_id": "879_4055_4290_1698", "stop_id": "S117", "cls": "net", "cls_raw": "Net", "x": 686636.5534594464, "y": 2346963.1708528697, "r95_m": 3.0, "n_views": 1, "area_m2": 0.2127366931945614, "length_m": 0.4762805175781842, "h_p90_m": 0.0, "volume_m3": 0.025528403183347367, "valid_3d": false, "buried_suspect": false, "weight_est_kg": 3.829260477502105, "weight_lo_kg": 1.5955251989592105, "weight_hi_kg": 9.573151193755262, "weight_method": "2d:area×thick_range×rho", "crew": "1인", "tools": ["절단기"], "weight_kg": null, "image": "molokai_879_4055_4290.jpg"}}, {"type": "Feature", "geometry": {"type": "Point", "coordinates": [-157.20182243264907, 21.214668243696682]}, "properties": {"item_id": "879_4055_4290_1699", "stop_id": "S117", "cls": "plastic_buoy", "cls_raw": "Plastic_Buoy", "x": 686636.7169384963, "y": 2346965.896820492, "r95_m": 3.0, "n_views": 1, "area_m2": 0.24149349714747112, "length_m": 0.49330810546881126, "h_p90_m": 0.0, "volume_m3": 0.07244804914424133, "valid_3d": false, "buried_suspect": false, "weight_est_kg": 4.346882948654479, "weight_lo_kg": 2.1734414743272397, "weight_hi_kg": 5.795843931539307, "weight_method": "2d:area×thick_range×rho", "crew": "1인", "tools": [], "weight_kg": null, "image": "molokai_879_4055_4290.jpg"}}, {"type": "Feature", "geometry": {"type": "Point", "coordinates": [-157.2018431596381, 21.214679808347846]}, "properties": {"item_id": "879_4055_4290_1700", "stop_id": "S117", "cls": "net", "cls_raw": "Net", "x": 686634.5505689492, "y": 2346967.15276731, "r95_m": 3.0, "n_views": 1, "area_m2": 0.24633759819126289, "length_m": 0.6325158691407036, "h_p90_m": 0.0, "volume_m3": 0.029560511782951545, "valid_3d": false, "buried_suspect": false, "weight_est_kg": 4.434076767442732, "weight_lo_kg": 1.8475319864344717, "weight_hi_kg": 11.085191918606828, "weight_method": "2d:area×thick_range×rho", "crew": "1인", "tools": ["절단기"], "weight_kg": null, "image": "molokai_879_4055_4290.jpg"}}, {"type": "Feature", "geometry": {"type": "Point", "coordinates": [-157.20176463315627, 21.2146367355668]}, "properties": {"item_id": "879_4055_4290_1701", "stop_id": "S117", "cls": "net", "cls_raw": "Net", "x": 686642.7571682446, "y": 2346962.4765356686, "r95_m": 3.0, "n_views": 1, "area_m2": 0.15232489292327375, "length_m": 0.4331518554688038, "h_p90_m": 0.0, "volume_m3": 0.01827898715079285, "valid_3d": false, "buried_suspect": false, "weight_est_kg": 2.7418480726189274, "weight_lo_kg": 1.1424366969245532, "weight_hi_kg": 6.854620181547318, "weight_method": "2d:area×thick_range×rho", "crew": "1인", "tools": ["절단기"], "weight_kg": null, "image": "molokai_879_4055_4290.jpg"}}, {"type": "Feature", "geometry": {"type": "Point", "coordinates": [-157.20183307531173, 21.214628078087184]}, "properties": {"item_id": "879_4055_4290_1702", "stop_id": "S117", "cls": "net", "cls_raw": "Net", "x": 686635.6625638385, "y": 2346961.4372904324, "r95_m": 3.0, "n_views": 1, "area_m2": 0.23307744674688408, "length_m": 0.5826367187500724, "h_p90_m": 0.0, "volume_m3": 0.02796929360962609, "valid_3d": false, "buried_suspect": false, "weight_est_kg": 4.1953940414439135, "weight_lo_kg": 1.7480808506016305, "weight_hi_kg": 10.488485103609783, "weight_method": "2d:area×thick_range×rho", "crew": "1인", "tools": ["절단기"], "weight_kg": null, "image": "molokai_879_4055_4290.jpg"}}, {"type": "Feature", "geometry": {"type": "Point", "coordinates": [-157.20245053533833, 21.214890466394582]}, "properties": {"item_id": "879_939_3346_1708", "stop_id": "S119", "cls": "net", "cls_raw": "Net", "x": 686571.2294944888, "y": 2346989.759766059, "r95_m": 3.0, "n_views": 1, "area_m2": 0.24044136551661804, "length_m": 0.5648913574219452, "h_p90_m": 0.0, "volume_m3": 0.028852963861994166, "valid_3d": false, "buried_suspect": false, "weight_est_kg": 4.327944579299125, "weight_lo_kg": 1.8033102413746356, "weight_hi_kg": 10.819861448247812, "weight_method": "2d:area×thick_range×rho", "crew": "1인", "tools": ["절단기"], "weight_kg": null, "image": "molokai_879_939_3346.jpg"}}, {"type": "Feature", "geometry": {"type": "Point", "coordinates": [-157.20246190074045, 21.214845351021683]}, "properties": {"item_id": "879_939_3346_1709", "stop_id": "S119", "cls": "plastic_other", "cls_raw": "Plastic_ETC", "x": 686570.1062953486, "y": 2346984.7513710405, "r95_m": 3.0, "n_views": 1, "area_m2": 0.36744935617008995, "length_m": 0.6099096679688257, "h_p90_m": 0.0, "volume_m3": 0.011023480685102697, "valid_3d": false, "buried_suspect": false, "weight_est_kg": 0.8818784548082158, "weight_lo_kg": 0.5879189698721439, "weight_hi_kg": 2.93959484936072, "weight_method": "2d:area×thick_range×rho", "crew": "1인", "tools": [], "weight_kg": null, "image": "molokai_879_939_3346.jpg"}}, {"type": "Feature", "geometry": {"type": "Point", "coordinates": [-157.19852075208848, 21.214423953670966]}, "properties": {"item_id": "880_5947_5539_1712", "stop_id": "S120", "cls": "net", "cls_raw": "Net", "x": 686979.7971533099, "y": 2346942.7476149653, "r95_m": 3.0, "n_views": 1, "area_m2": 0.28085382019437377, "length_m": 0.5322192382813161, "h_p90_m": 0.0, "volume_m3": 0.03370245842332485, "valid_3d": false, "buried_suspect": false, "weight_est_kg": 5.055368763498728, "weight_lo_kg": 2.1064036514578035, "weight_hi_kg": 12.63842190874682, "weight_method": "2d:area×thick_range×rho", "crew": "1인", "tools": ["절단기"], "weight_kg": null, "image": "molokai_880_5947_5539.jpg"}}, {"type": "Feature", "geometry": {"type": "Point", "coordinates": [-157.19845788059826, 21.214320839943465]}, "properties": {"item_id": "880_6216_5862_1716", "stop_id": "S120", "cls": "eps_buoy", "cls_raw": "Styrofoam_Buoy", "x": 686986.4542697889, "y": 2346931.405543363, "r95_m": 3.0, "n_views": 1, "area_m2": 0.22527383313333624, "length_m": 0.5988879394531994, "h_p90_m": 0.0, "volume_m3": 0.07884584159666767, "valid_3d": false, "buried_suspect": false, "weight_est_kg": 1.9711460399166918, "weight_lo_kg": 0.8447768742500108, "weight_hi_kg": 2.2527383313333624, "weight_method": "2d:area×thick_range×rho", "crew": "1인", "tools": [], "weight_kg": null, "image": "molokai_880_6216_5862.jpg"}}, {"type": "Feature", "geometry": {"type": "Point", "coordinates": [-157.1984622146654, 21.21432274404798]}, "properties": {"item_id": "880_6216_5862_1717", "stop_id": "S120", "cls": "net", "cls_raw": "Net", "x": 686986.0019167742, "y": 2346931.611237385, "r95_m": 3.0, "n_views": 1, "area_m2": 0.20962642782931767, "length_m": 0.4797216796875596, "h_p90_m": 0.0, "volume_m3": 0.02515517133951812, "valid_3d": false, "buried_suspect": false, "weight_est_kg": 3.773275700927718, "weight_lo_kg": 1.5721982087198827, "weight_hi_kg": 9.433189252319295, "weight_method": "2d:area×thick_range×rho", "crew": "1인", "tools": ["절단기"], "weight_kg": null, "image": "molokai_880_6216_5862.jpg"}}, {"type": "Feature", "geometry": {"type": "Point", "coordinates": [-157.19851756620645, 21.214338886026237]}, "properties": {"item_id": "880_6216_5862_1718", "stop_id": "S120", "cls": "plastic_buoy", "cls_raw": "Plastic_Buoy", "x": 686980.2350977345, "y": 2346933.333012725, "r95_m": 3.0, "n_views": 1, "area_m2": 0.20895458863382763, "length_m": 0.46396972656255764, "h_p90_m": 0.0, "volume_m3": 0.06268637659014828, "valid_3d": false, "buried_suspect": false, "weight_est_kg": 3.7611825954088967, "weight_lo_kg": 1.8805912977044483, "weight_hi_kg": 5.014910127211863, "weight_method": "2d:area×thick_range×rho", "crew": "1인", "tools": [], "weight_kg": null, "image": "molokai_880_6216_5862.jpg"}}, {"type": "Feature", "geometry": {"type": "Point", "coordinates": [-157.1984759844137, 21.21432915923169]}, "properties": {"item_id": "880_6216_5862_1719", "stop_id": "S120", "cls": "eps_fragment", "cls_raw": "Styrofoam_Piece", "x": 686984.5642870264, "y": 2346932.3052316993, "r95_m": 3.0, "n_views": 1, "area_m2": 0.1634848868966509, "length_m": 0.4902978515625609, "h_p90_m": 0.0, "volume_m3": 0.004904546606899526, "valid_3d": false, "buried_suspect": false, "weight_est_kg": 0.09809093213799053, "weight_lo_kg": 0.06539395475866036, "weight_hi_kg": 0.32696977379330183, "weight_method": "2d:area×thick_range×rho", "crew": "1인", "tools": [], "weight_kg": null, "image": "molokai_880_6216_5862.jpg"}}, {"type": "Feature", "geometry": {"type": "Point", "coordinates": [-157.19840227062832, 21.214180375575634]}, "properties": {"item_id": "880_6760_6787_1723", "stop_id": "S121", "cls": "eps_fragment", "cls_raw": "Styrofoam_Piece", "x": 686992.4045867684, "y": 2346915.919572118, "r95_m": 3.0, "n_views": 1, "area_m2": 0.36086094357976345, "length_m": 0.6619641113282072, "h_p90_m": 0.0, "volume_m3": 0.010825828307392904, "valid_3d": false, "buried_suspect": false, "weight_est_kg": 0.21651656614785808, "weight_lo_kg": 0.14434437743190537, "weight_hi_kg": 0.721721887159527, "weight_method": "2d:area×thick_range×rho", "crew": "1인", "tools": [], "weight_kg": null, "image": "molokai_880_6760_6787.jpg"}}, {"type": "Feature", "geometry": {"type": "Point", "coordinates": [-157.19841488860703, 21.214170581572667]}, "properties": {"item_id": "880_6760_6787_1724", "stop_id": "S121", "cls": "plastic_buoy", "cls_raw": "Plastic_Buoy", "x": 686991.1069558357, "y": 2346914.820307323, "r95_m": 3.0, "n_views": 1, "area_m2": 0.2003477666378519, "length_m": 0.4500024414063059, "h_p90_m": 0.0, "volume_m3": 0.060104329991355565, "valid_3d": false, "buried_suspect": false, "weight_est_kg": 3.606259799481334, "weight_lo_kg": 1.803129899740667, "weight_hi_kg": 4.808346399308446, "weight_method": "2d:area×thick_range×rho", "crew": "1인", "tools": [], "weight_kg": null, "image": "molokai_880_6760_6787.jpg"}}, {"type": "Feature", "geometry": {"type": "Point", "coordinates": [-157.19841563200896, 21.214185001461967]}, "properties": {"item_id": "880_6760_6787_1725", "stop_id": "S121", "cls": "eps_fragment", "cls_raw": "Styrofoam_Piece", "x": 686991.0116060816, "y": 2346916.415944313, "r95_m": 3.0, "n_views": 1, "area_m2": 0.14886899632219197, "length_m": 0.3889318847656733, "h_p90_m": 0.0, "volume_m3": 0.004466069889665759, "valid_3d": false, "buried_suspect": false, "weight_est_kg": 0.08932139779331519, "weight_lo_kg": 0.0595475985288768, "weight_hi_kg": 0.29773799264438394, "weight_method": "2d:area×thick_range×rho", "crew": "1인", "tools": [], "weight_kg": null, "image": "molokai_880_6760_6787.jpg"}}, {"type": "Feature", "geometry": {"type": "Point", "coordinates": [-157.19834308722685, 21.214135374417694]}, "properties": {"item_id": "880_7132_6983_1728", "stop_id": "S122", "cls": "plastic_other", "cls_raw": "Plastic_ETC", "x": 686998.6055978041, "y": 2346911.007149625, "r95_m": 3.0, "n_views": 1, "area_m2": 0.30668362825520507, "length_m": 0.5669458007813204, "h_p90_m": 0.0, "volume_m3": 0.009200508847656151, "valid_3d": false, "buried_suspect": false, "weight_est_kg": 0.7360407078124921, "weight_lo_kg": 0.4906938052083281, "weight_hi_kg": 2.4534690260416405, "weight_method": "2d:area×thick_range×rho", "crew": "1인", "tools": [], "weight_kg": null, "image": "molokai_880_7132_6983.jpg"}}, {"type": "Feature", "geometry": {"type": "Point", "coordinates": [-157.19828857384437, 21.214115790716185]}, "properties": {"item_id": "880_7132_6983_1729", "stop_id": "S122", "cls": "plastic_buoy", "cls_raw": "Plastic_Buoy", "x": 687004.2897483648, "y": 2346908.903335008, "r95_m": 3.0, "n_views": 1, "area_m2": 0.21586238245373368, "length_m": 0.4698071289063084, "h_p90_m": 0.0, "volume_m3": 0.0647587147361201, "valid_3d": false, "buried_suspect": false, "weight_est_kg": 3.885522884167206, "weight_lo_kg": 1.942761442083603, "weight_hi_kg": 5.180697178889608, "weight_method": "2d:area×thick_range×rho", "crew": "1인", "tools": [], "weight_kg": null, "image": "molokai_880_7132_6983.jpg"}}, {"type": "Feature", "geometry": {"type": "Point", "coordinates": [-157.19830432694548, 21.214104693058896]}, "properties": {"item_id": "880_7132_6983_1730", "stop_id": "S122", "cls": "net", "cls_raw": "Net", "x": 687002.6682782389, "y": 2346907.6560287946, "r95_m": 3.0, "n_views": 1, "area_m2": 0.1991030490994948, "length_m": 0.46309082031255755, "h_p90_m": 0.0, "volume_m3": 0.023892365891939375, "valid_3d": false, "buried_suspect": false, "weight_est_kg": 3.5838548837909063, "weight_lo_kg": 1.493272868246211, "weight_hi_kg": 8.959637209477266, "weight_method": "2d:area×thick_range×rho", "crew": "1인", "tools": ["절단기"], "weight_kg": null, "image": "molokai_880_7132_6983.jpg"}}, {"type": "Feature", "geometry": {"type": "Point", "coordinates": [-157.19828833380072, 21.214119209162458]}, "properties": {"item_id": "880_7132_6983_1731", "stop_id": "S122", "cls": "net", "cls_raw": "Net", "x": 687004.3103611593, "y": 2346909.282096088, "r95_m": 3.0, "n_views": 1, "area_m2": 0.26931683015830055, "length_m": 0.5513403320313185, "h_p90_m": 0.0, "volume_m3": 0.032318019618996066, "valid_3d": false, "buried_suspect": false, "weight_est_kg": 4.84770294284941, "weight_lo_kg": 2.0198762261872543, "weight_hi_kg": 12.119257357123523, "weight_method": "2d:area×thick_range×rho", "crew": "1인", "tools": ["절단기"], "weight_kg": null, "image": "molokai_880_7132_6983.jpg"}}, {"type": "Feature", "geometry": {"type": "Point", "coordinates": [-157.19831347199943, 21.21410799532135]}, "properties": {"item_id": "880_7132_6983_1732", "stop_id": "S122", "cls": "net", "cls_raw": "Net", "x": 687001.7146952385, "y": 2346908.010836014, "r95_m": 3.0, "n_views": 1, "area_m2": 0.14741965159181444, "length_m": 0.42230957031255245, "h_p90_m": 0.0, "volume_m3": 0.017690358191017733, "valid_3d": false, "buried_suspect": false, "weight_est_kg": 2.65355372865266, "weight_lo_kg": 1.1056473869386083, "weight_hi_kg": 6.633884321631649, "weight_method": "2d:area×thick_range×rho", "crew": "1인", "tools": ["절단기"], "weight_kg": null, "image": "molokai_880_7132_6983.jpg"}}, {"type": "Feature", "geometry": {"type": "Point", "coordinates": [-157.19832888486334, 21.21412484969135]}, "properties": {"item_id": "880_7132_6983_1733", "stop_id": "S122", "cls": "eps_fragment", "cls_raw": "Styrofoam_Piece", "x": 687000.0933221645, "y": 2346909.858674608, "r95_m": 3.0, "n_views": 1, "area_m2": 0.3512028704346099, "length_m": 0.6806469726563346, "h_p90_m": 0.0, "volume_m3": 0.010536086113038298, "valid_3d": false, "buried_suspect": false, "weight_est_kg": 0.21072172226076596, "weight_lo_kg": 0.14048114817384397, "weight_hi_kg": 0.7024057408692198, "weight_method": "2d:area×thick_range×rho", "crew": "1인", "tools": [], "weight_kg": null, "image": "molokai_880_7132_6983.jpg"}}, {"type": "Feature", "geometry": {"type": "Point", "coordinates": [-157.19831579935132, 21.21414372909713]}, "properties": {"item_id": "880_7132_6983_1734", "stop_id": "S122", "cls": "eps_fragment", "cls_raw": "Styrofoam_Piece", "x": 687001.4280417385, "y": 2346911.964393967, "r95_m": 3.0, "n_views": 1, "area_m2": 0.19824941077647068, "length_m": 0.5135446166992825, "h_p90_m": 0.0, "volume_m3": 0.00594748232329412, "valid_3d": false, "buried_suspect": false, "weight_est_kg": 0.11894964646588241, "weight_lo_kg": 0.07929976431058827, "weight_hi_kg": 0.39649882155294136, "weight_method": "2d:area×thick_range×rho", "crew": "1인", "tools": [], "weight_kg": null, "image": "molokai_880_7132_6983.jpg"}}, {"type": "Feature", "geometry": {"type": "Point", "coordinates": [-157.19832183606712, 21.214119396547307]}, "properties": {"item_id": "880_7132_6983_1735", "stop_id": "S122", "cls": "plastic_other", "cls_raw": "Plastic_ETC", "x": 687000.831986285, "y": 2346909.2632527067, "r95_m": 3.0, "n_views": 1, "area_m2": 0.40891472441117194, "length_m": 0.6987414550782118, "h_p90_m": 0.0, "volume_m3": 0.012267441732335158, "valid_3d": false, "buried_suspect": false, "weight_est_kg": 0.9813953385868126, "weight_lo_kg": 0.654263559057875, "weight_hi_kg": 3.2713177952893755, "weight_method": "2d:area×thick_range×rho", "crew": "1인", "tools": [], "weight_kg": null, "image": "molokai_880_7132_6983.jpg"}}, {"type": "Feature", "geometry": {"type": "Point", "coordinates": [-157.1983857063277, 21.214102163617692]}, "properties": {"item_id": "880_7132_6983_1736", "stop_id": "S121", "cls": "plastic_other", "cls_raw": "Plastic_ETC", "x": 686994.2228193141, "y": 2346907.279814122, "r95_m": 3.0, "n_views": 1, "area_m2": 3.3493660183482747, "length_m": 3.0453851318363157, "h_p90_m": 0.0, "volume_m3": 0.10048098055044824, "valid_3d": false, "buried_suspect": false, "weight_est_kg": 8.03847844403586, "weight_lo_kg": 5.358985629357241, "weight_hi_kg": 26.794928146786198, "weight_method": "2d:area×thick_range×rho", "crew": "2인", "tools": [], "weight_kg": null, "image": "molokai_880_7132_6983.jpg"}}, {"type": "Feature", "geometry": {"type": "Point", "coordinates": [-157.19832782229128, 21.21413845901478]}, "properties": {"item_id": "880_7132_6983_1737", "stop_id": "S122", "cls": "pet_bottle", "cls_raw": "PET_Bottle", "x": 687000.1864856415, "y": 2346911.366702935, "r95_m": 3.0, "n_views": 1, "area_m2": 0.2242519160852393, "length_m": 0.6131481933594511, "h_p90_m": 0.0, "volume_m3": 0.013455114965114359, "valid_3d": false, "buried_suspect": false, "weight_est_kg": 0.44401879384877385, "weight_lo_kg": 0.3700156615406449, "weight_hi_kg": 0.7400313230812898, "weight_method": "2d:area×thick_range×rho", "crew": "1인", "tools": [], "weight_kg": null, "image": "molokai_880_7132_6983.jpg"}}, {"type": "Feature", "geometry": {"type": "Point", "coordinates": [-157.19828766098033, 21.21410081667844]}, "properties": {"item_id": "880_7132_6983_1738", "stop_id": "S122", "cls": "net", "cls_raw": "Net", "x": 687004.4033909647, "y": 2346907.2465450475, "r95_m": 3.0, "n_views": 1, "area_m2": 0.19297388873105076, "length_m": 0.44962402343755586, "h_p90_m": 0.0, "volume_m3": 0.02315686664772609, "valid_3d": false, "buried_suspect": false, "weight_est_kg": 3.4735299971589133, "weight_lo_kg": 1.4473041654828807, "weight_hi_kg": 8.683824992897284, "weight_method": "2d:area×thick_range×rho", "crew": "1인", "tools": ["절단기"], "weight_kg": null, "image": "molokai_880_7132_6983.jpg"}}, {"type": "Feature", "geometry": {"type": "Point", "coordinates": [-157.19823984069563, 21.214176731353536]}, "properties": {"item_id": "880_7454_6879_1745", "stop_id": "S122", "cls": "eps_fragment", "cls_raw": "Styrofoam_Piece", "x": 687009.272325288, "y": 2346915.7080412675, "r95_m": 3.0, "n_views": 1, "area_m2": 0.4074779982001602, "length_m": 0.6952075195313364, "h_p90_m": 0.0, "volume_m3": 0.012224339946004805, "valid_3d": false, "buried_suspect": false, "weight_est_kg": 0.2444867989200961, "weight_lo_kg": 0.1629911992800641, "weight_hi_kg": 0.8149559964003205, "weight_method": "2d:area×thick_range×rho", "crew": "1인", "tools": [], "weight_kg": null, "image": "molokai_880_7454_6879.jpg"}}, {"type": "Feature", "geometry": {"type": "Point", "coordinates": [-157.19830972190005, 21.214138701514763]}, "properties": {"item_id": "880_7454_6879_1746", "stop_id": "S122", "cls": "eps_fragment", "cls_raw": "Styrofoam_Piece", "x": 687002.0653264364, "y": 2346911.4149408583, "r95_m": 3.0, "n_views": 1, "area_m2": 0.1871286171913612, "length_m": 0.5166796875000642, "h_p90_m": 0.0, "volume_m3": 0.005613858515740836, "valid_3d": false, "buried_suspect": false, "weight_est_kg": 0.11227717031481671, "weight_lo_kg": 0.07485144687654448, "weight_hi_kg": 0.3742572343827224, "weight_method": "2d:area×thick_range×rho", "crew": "1인", "tools": [], "weight_kg": null, "image": "molokai_880_7454_6879.jpg"}}, {"type": "Feature", "geometry": {"type": "Point", "coordinates": [-157.1982885564763, 21.214115810200333]}, "properties": {"item_id": "880_7454_6879_1747", "stop_id": "S122", "cls": "plastic_buoy", "cls_raw": "Plastic_Buoy", "x": 687004.2915269258, "y": 2346908.905512743, "r95_m": 3.0, "n_views": 1, "area_m2": 0.22308205597406208, "length_m": 0.4798168945313096, "h_p90_m": 0.0, "volume_m3": 0.06692461679221862, "valid_3d": false, "buried_suspect": false, "weight_est_kg": 4.015477007533117, "weight_lo_kg": 2.0077385037665585, "weight_hi_kg": 5.35396934337749, "weight_method": "2d:area×thick_range×rho", "crew": "1인", "tools": [], "weight_kg": null, "image": "molokai_880_7454_6879.jpg"}}, {"type": "Feature", "geometry": {"type": "Point", "coordinates": [-157.1983289402107, 21.214124929809135]}, "properties": {"item_id": "880_7454_6879_1748", "stop_id": "S122", "cls": "eps_fragment", "cls_raw": "Styrofoam_Piece", "x": 687000.0874751448, "y": 2346909.8674795427, "r95_m": 3.0, "n_views": 1, "area_m2": 0.40021963528404647, "length_m": 0.7035107421875874, "h_p90_m": 0.0, "volume_m3": 0.012006589058521394, "valid_3d": false, "buried_suspect": false, "weight_est_kg": 0.24013178117042788, "weight_lo_kg": 0.1600878541136186, "weight_hi_kg": 0.8004392705680929, "weight_method": "2d:area×thick_range×rho", "crew": "1인", "tools": [], "weight_kg": null, "image": "molokai_880_7454_6879.jpg"}}, {"type": "Feature", "geometry": {"type": "Point", "coordinates": [-157.19826435393313, 21.214134779157522]}, "properties": {"item_id": "880_7454_6879_1749", "stop_id": "S122", "cls": "net", "cls_raw": "Net", "x": 687006.7802812064, "y": 2346911.0342846257, "r95_m": 3.0, "n_views": 1, "area_m2": 0.2894708999694113, "length_m": 0.6180126953125767, "h_p90_m": 0.0, "volume_m3": 0.03473650799632935, "valid_3d": false, "buried_suspect": false, "weight_est_kg": 5.210476199449403, "weight_lo_kg": 2.171031749770585, "weight_hi_kg": 13.026190498623507, "weight_method": "2d:area×thick_range×rho", "crew": "1인", "tools": ["절단기"], "weight_kg": null, "image": "molokai_880_7454_6879.jpg"}}, {"type": "Feature", "geometry": {"type": "Point", "coordinates": [-157.19822347759998, 21.214114413182596]}, "properties": {"item_id": "880_7454_6879_1750", "stop_id": "S122", "cls": "eps_fragment", "cls_raw": "Styrofoam_Piece", "x": 687011.0496474843, "y": 2346908.8277465957, "r95_m": 3.0, "n_views": 1, "area_m2": 0.20592350459103934, "length_m": 0.4596777343750571, "h_p90_m": 0.0, "volume_m3": 0.00617770513773118, "valid_3d": false, "buried_suspect": false, "weight_est_kg": 0.1235541027546236, "weight_lo_kg": 0.08236940183641574, "weight_hi_kg": 0.41184700918207867, "weight_method": "2d:area×thick_range×rho", "crew": "1인", "tools": [], "weight_kg": null, "image": "molokai_880_7454_6879.jpg"}}, {"type": "Feature", "geometry": {"type": "Point", "coordinates": [-157.1983157523006, 21.214143698882552]}, "properties": {"item_id": "880_7454_6879_1751", "stop_id": "S122", "cls": "eps_fragment", "cls_raw": "Styrofoam_Piece", "x": 687001.4329645258, "y": 2346911.961104324, "r95_m": 3.0, "n_views": 1, "area_m2": 0.19135358479549275, "length_m": 0.5114758300781885, "h_p90_m": 0.0, "volume_m3": 0.005740607543864782, "valid_3d": false, "buried_suspect": false, "weight_est_kg": 0.11481215087729564, "weight_lo_kg": 0.0765414339181971, "weight_hi_kg": 0.38270716959098555, "weight_method": "2d:area×thick_range×rho", "crew": "1인", "tools": [], "weight_kg": null, "image": "molokai_880_7454_6879.jpg"}}, {"type": "Feature", "geometry": {"type": "Point", "coordinates": [-157.19832771029326, 21.214138520207293]}, "properties": {"item_id": "880_7454_6879_1752", "stop_id": "S122", "cls": "pet_bottle", "cls_raw": "PET_Bottle", "x": 687000.1980359359, "y": 2346911.3736102856, "r95_m": 3.0, "n_views": 1, "area_m2": 0.2112177039862204, "length_m": 0.6102215576172633, "h_p90_m": 0.0, "volume_m3": 0.012673062239173223, "valid_3d": false, "buried_suspect": false, "weight_est_kg": 0.4182110538927164, "weight_lo_kg": 0.34850921157726367, "weight_hi_kg": 0.6970184231545273, "weight_method": "2d:area×thick_range×rho", "crew": "1인", "tools": [], "weight_kg": null, "image": "molokai_880_7454_6879.jpg"}}, {"type": "Feature", "geometry": {"type": "Point", "coordinates": [-157.19827992717902, 21.214130849404896]}, "properties": {"item_id": "880_7454_6879_1753", "stop_id": "S122", "cls": "net", "cls_raw": "Net", "x": 687005.1684503658, "y": 2346910.5807939162, "r95_m": 3.0, "n_views": 1, "area_m2": 0.17727028739456765, "length_m": 0.44236572265630497, "h_p90_m": 0.0, "volume_m3": 0.021272434487348117, "valid_3d": false, "buried_suspect": false, "weight_est_kg": 3.1908651731022175, "weight_lo_kg": 1.3295271554592574, "weight_hi_kg": 7.977162932755545, "weight_method": "2d:area×thick_range×rho", "crew": "1인", "tools": ["절단기"], "weight_kg": null, "image": "molokai_880_7454_6879.jpg"}}, {"type": "Feature", "geometry": {"type": "Point", "coordinates": [-157.1983136348786, 21.21410804326775]}, "properties": {"item_id": "880_7454_6879_1754", "stop_id": "S122", "cls": "net", "cls_raw": "Net", "x": 687001.6977250212, "y": 2346908.0159519822, "r95_m": 3.0, "n_views": 1, "area_m2": 0.1424965897947904, "length_m": 0.4289611816406783, "h_p90_m": 0.0, "volume_m3": 0.01709959077537485, "valid_3d": false, "buried_suspect": false, "weight_est_kg": 2.5649386163062275, "weight_lo_kg": 1.068724423460928, "weight_hi_kg": 6.412346540765568, "weight_method": "2d:area×thick_range×rho", "crew": "1인", "tools": ["절단기"], "weight_kg": null, "image": "molokai_880_7454_6879.jpg"}}, {"type": "Feature", "geometry": {"type": "Point", "coordinates": [-157.19832175620795, 21.214119241651947]}, "properties": {"item_id": "880_7454_6879_1755", "stop_id": "S122", "cls": "plastic_other", "cls_raw": "Plastic_ETC", "x": 687000.8404723099, "y": 2346909.246197649, "r95_m": 3.0, "n_views": 1, "area_m2": 0.3741033921987748, "length_m": 0.6744696044922713, "h_p90_m": 0.0, "volume_m3": 0.011223101765963243, "valid_3d": false, "buried_suspect": false, "weight_est_kg": 0.8978481412770595, "weight_lo_kg": 0.5985654275180398, "weight_hi_kg": 2.992827137590199, "weight_method": "2d:area×thick_range×rho", "crew": "1인", "tools": [], "weight_kg": null, "image": "molokai_880_7454_6879.jpg"}}, {"type": "Feature", "geometry": {"type": "Point", "coordinates": [-157.19828275141657, 21.214117660241442]}, "properties": {"item_id": "880_7454_6879_1756", "stop_id": "S122", "cls": "pet_bottle", "cls_raw": "PET_Bottle", "x": 687004.8918652122, "y": 2346909.117202247, "r95_m": 3.0, "n_views": 1, "area_m2": 0.27646750325269415, "length_m": 0.6128991699219511, "h_p90_m": 0.0, "volume_m3": 0.016588050195161647, "valid_3d": false, "buried_suspect": false, "weight_est_kg": 0.5474056564403343, "weight_lo_kg": 0.4561713803669454, "weight_hi_kg": 0.9123427607338908, "weight_method": "2d:area×thick_range×rho", "crew": "1인", "tools": [], "weight_kg": null, "image": "molokai_880_7454_6879.jpg"}}, {"type": "Feature", "geometry": {"type": "Point", "coordinates": [-157.19829178320165, 21.214096828854554]}, "properties": {"item_id": "880_7454_6879_1757", "stop_id": "S122", "cls": "net", "cls_raw": "Net", "x": 687003.9804556819, "y": 2346906.800156999, "r95_m": 3.0, "n_views": 1, "area_m2": 0.2304741443634606, "length_m": 0.5901318359375733, "h_p90_m": 0.0, "volume_m3": 0.02765689732361527, "valid_3d": false, "buried_suspect": false, "weight_est_kg": 4.14853459854229, "weight_lo_kg": 1.7285560827259543, "weight_hi_kg": 10.371336496355726, "weight_method": "2d:area×thick_range×rho", "crew": "1인", "tools": ["절단기"], "weight_kg": null, "image": "molokai_880_7454_6879.jpg"}}, {"type": "Feature", "geometry": {"type": "Point", "coordinates": [-157.1983136677692, 21.21410762007081]}, "properties": {"item_id": "880_7589_7208_1760", "stop_id": "S122", "cls": "net", "cls_raw": "Net", "x": 687001.6948437032, "y": 2346907.9690583553, "r95_m": 3.0, "n_views": 1, "area_m2": 0.22469022906577207, "length_m": 0.48764434814459184, "h_p90_m": 0.0, "volume_m3": 0.026962827487892648, "valid_3d": false, "buried_suspect": false, "weight_est_kg": 4.044424123183897, "weight_lo_kg": 1.6851767179932906, "weight_hi_kg": 10.111060307959743, "weight_method": "2d:area×thick_range×rho", "crew": "1인", "tools": ["절단기"], "weight_kg": null, "image": "molokai_880_7589_7208.jpg"}}, {"type": "Feature", "geometry": {"type": "Point", "coordinates": [-157.19831545225614, 21.214143691578776]}, "properties": {"item_id": "880_7589_7208_1761", "stop_id": "S122", "cls": "eps_fragment", "cls_raw": "Styrofoam_Piece", "x": 687001.4641237457, "y": 2346911.9606502405, "r95_m": 3.0, "n_views": 1, "area_m2": 0.17764954370794342, "length_m": 0.5490686416626659, "h_p90_m": 0.0, "volume_m3": 0.005329486311238302, "valid_3d": false, "buried_suspect": false, "weight_est_kg": 0.10658972622476603, "weight_lo_kg": 0.07105981748317737, "weight_hi_kg": 0.35529908741588684, "weight_method": "2d:area×thick_range×rho", "crew": "1인", "tools": [], "weight_kg": null, "image": "molokai_880_7589_7208.jpg"}}, {"type": "Feature", "geometry": {"type": "Point", "coordinates": [-157.1982106702562, 21.214076372054777]}, "properties": {"item_id": "880_7589_7208_1762", "stop_id": "S122", "cls": "net", "cls_raw": "Net", "x": 687012.4272234975, "y": 2346904.631112255, "r95_m": 3.0, "n_views": 1, "area_m2": 0.15070423865322044, "length_m": 0.45291992187505625, "h_p90_m": 0.0, "volume_m3": 0.01808450863838645, "valid_3d": false, "buried_suspect": false, "weight_est_kg": 2.7126762957579675, "weight_lo_kg": 1.1302817898991533, "weight_hi_kg": 6.781690739394919, "weight_method": "2d:area×thick_range×rho", "crew": "1인", "tools": ["절단기"], "weight_kg": null, "image": "molokai_880_7589_7208.jpg"}}, {"type": "Feature", "geometry": {"type": "Point", "coordinates": [-157.19828276711178, 21.214117716093334]}, "properties": {"item_id": "880_7589_7208_1763", "stop_id": "S122", "cls": "pet_bottle", "cls_raw": "PET_Bottle", "x": 687004.890165381, "y": 2346909.123367409, "r95_m": 3.0, "n_views": 1, "area_m2": 0.2602466599345854, "length_m": 0.5897851562500732, "h_p90_m": 0.0, "volume_m3": 0.015614799596075124, "valid_3d": false, "buried_suspect": false, "weight_est_kg": 0.515288386670479, "weight_lo_kg": 0.4294069888920659, "weight_hi_kg": 0.8588139777841318, "weight_method": "2d:area×thick_range×rho", "crew": "1인", "tools": [], "weight_kg": null, "image": "molokai_880_7589_7208.jpg"}}, {"type": "Feature", "geometry": {"type": "Point", "coordinates": [-157.19828855476234, 21.21411576299834]}, "properties": {"item_id": "880_7589_7208_1764", "stop_id": "S122", "cls": "plastic_buoy", "cls_raw": "Plastic_Buoy", "x": 687004.2917643544, "y": 2346908.900288743, "r95_m": 3.0, "n_views": 1, "area_m2": 0.2293873717189405, "length_m": 0.4797546386719346, "h_p90_m": 0.0, "volume_m3": 0.06881621151568215, "valid_3d": false, "buried_suspect": false, "weight_est_kg": 4.1289726909409294, "weight_lo_kg": 2.0644863454704647, "weight_hi_kg": 5.505296921254573, "weight_method": "2d:area×thick_range×rho", "crew": "1인", "tools": [], "weight_kg": null, "image": "molokai_880_7589_7208.jpg"}}, {"type": "Feature", "geometry": {"type": "Point", "coordinates": [-157.19820612241907, 21.21406995536092]}, "properties": {"item_id": "880_7589_7208_1765", "stop_id": "S122", "cls": "net", "cls_raw": "Net", "x": 687012.9074579912, "y": 2346903.926054708, "r95_m": 3.0, "n_views": 1, "area_m2": 0.2608930295825653, "length_m": 0.5297583007813158, "h_p90_m": 0.0, "volume_m3": 0.031307163549907834, "valid_3d": false, "buried_suspect": false, "weight_est_kg": 4.6960745324861755, "weight_lo_kg": 1.9566977218692396, "weight_hi_kg": 11.740186331215437, "weight_method": "2d:area×thick_range×rho", "crew": "1인", "tools": ["절단기"], "weight_kg": null, "image": "molokai_880_7589_7208.jpg"}}, {"type": "Feature", "geometry": {"type": "Point", "coordinates": [-157.1982643724198, 21.214134675273964]}, "properties": {"item_id": "880_7589_7208_1766", "stop_id": "S122", "cls": "net", "cls_raw": "Net", "x": 687006.7784928787, "y": 2346911.022761185, "r95_m": 3.0, "n_views": 1, "area_m2": 0.30887216619558855, "length_m": 0.6165747070313266, "h_p90_m": 0.0, "volume_m3": 0.03706465994347063, "valid_3d": false, "buried_suspect": false, "weight_est_kg": 5.5596989915205945, "weight_lo_kg": 2.3165412464669144, "weight_hi_kg": 13.899247478801485, "weight_method": "2d:area×thick_range×rho", "crew": "1인", "tools": ["절단기"], "weight_kg": null, "image": "molokai_880_7589_7208.jpg"}}, {"type": "Feature", "geometry": {"type": "Point", "coordinates": [-157.1982233939899, 21.214114475022594]}, "properties": {"item_id": "880_7589_7208_1767", "stop_id": "S122", "cls": "eps_fragment", "cls_raw": "Styrofoam_Piece", "x": 687011.0582497823, "y": 2346908.8346920926, "r95_m": 3.0, "n_views": 1, "area_m2": 0.19664476533239006, "length_m": 0.44385986328130517, "h_p90_m": 0.0, "volume_m3": 0.005899342959971701, "valid_3d": false, "buried_suspect": false, "weight_est_kg": 0.11798685919943402, "weight_lo_kg": 0.07865790613295603, "weight_hi_kg": 0.3932895306647802, "weight_method": "2d:area×thick_range×rho", "crew": "1인", "tools": [], "weight_kg": null, "image": "molokai_880_7589_7208.jpg"}}, {"type": "Feature", "geometry": {"type": "Point", "coordinates": [-157.1983043331116, 21.21410475961408]}, "properties": {"item_id": "880_7589_7208_1768", "stop_id": "S122", "cls": "net", "cls_raw": "Net", "x": 687002.6675542089, "y": 2346907.6633902458, "r95_m": 3.0, "n_views": 1, "area_m2": 0.16479537719045206, "length_m": 0.4378991699219294, "h_p90_m": 0.0, "volume_m3": 0.019775445262854248, "valid_3d": false, "buried_suspect": false, "weight_est_kg": 2.966316789428137, "weight_lo_kg": 1.2359653289283905, "weight_hi_kg": 7.415791973570342, "weight_method": "2d:area×thick_range×rho", "crew": "1인", "tools": ["절단기"], "weight_kg": null, "image": "molokai_880_7589_7208.jpg"}}, {"type": "Feature", "geometry": {"type": "Point", "coordinates": [-157.19825575371243, 21.214092726324534]}, "properties": {"item_id": "880_7589_7208_1769", "stop_id": "S122", "cls": "plastic_buoy", "cls_raw": "Plastic_Buoy", "x": 687007.7261365298, "y": 2346906.3885174855, "r95_m": 3.0, "n_views": 1, "area_m2": 0.2022490419567134, "length_m": 0.45431152343755643, "h_p90_m": 0.0, "volume_m3": 0.06067471258701401, "valid_3d": false, "buried_suspect": false, "weight_est_kg": 3.640482755220841, "weight_lo_kg": 1.8202413776104205, "weight_hi_kg": 4.853977006961122, "weight_method": "2d:area×thick_range×rho", "crew": "1인", "tools": [], "weight_kg": null, "image": "molokai_880_7589_7208.jpg"}}, {"type": "Feature", "geometry": {"type": "Point", "coordinates": [-157.19824672086048, 21.214126468588002]}, "properties": {"item_id": "880_7589_7208_1770", "stop_id": "S122", "cls": "net", "cls_raw": "Net", "x": 687008.6213851707, "y": 2346910.13500759, "r95_m": 3.0, "n_views": 1, "area_m2": 0.21636348624458324, "length_m": 0.49157699584967046, "h_p90_m": 0.0, "volume_m3": 0.025963618349349987, "valid_3d": false, "buried_suspect": false, "weight_est_kg": 3.894542752402498, "weight_lo_kg": 1.6227261468343743, "weight_hi_kg": 9.736356881006245, "weight_method": "2d:area×thick_range×rho", "crew": "1인", "tools": ["절단기"], "weight_kg": null, "image": "molokai_880_7589_7208.jpg"}}, {"type": "Feature", "geometry": {"type": "Point", "coordinates": [-157.19826228838343, 21.21406825199935]}, "properties": {"item_id": "880_7589_7208_1771", "stop_id": "S122", "cls": "plastic_buoy", "cls_raw": "Plastic_Buoy_China", "x": 687007.0785637362, "y": 2346903.6710906667, "r95_m": 3.0, "n_views": 1, "area_m2": 0.17053106663827367, "length_m": 0.4254370117188028, "h_p90_m": 0.0, "volume_m3": 0.0511593199914821, "valid_3d": false, "buried_suspect": false, "weight_est_kg": 3.0695591994889257, "weight_lo_kg": 1.5347795997444629, "weight_hi_kg": 4.092745599318568, "weight_method": "2d:area×thick_range×rho", "crew": "1인", "tools": [], "weight_kg": null, "image": "molokai_880_7589_7208.jpg"}}, {"type": "Feature", "geometry": {"type": "Point", "coordinates": [-157.19817231530004, 21.214079658617614]}, "properties": {"item_id": "880_7913_7250_1782", "stop_id": "S122", "cls": "eps_buoy", "cls_raw": "Styrofoam_Buoy", "x": 687016.405018055, "y": 2346905.0403152276, "r95_m": 3.0, "n_views": 1, "area_m2": 3.491365253823373, "length_m": 2.207308349609649, "h_p90_m": 0.0, "volume_m3": 1.2219778388381806, "valid_3d": false, "buried_suspect": false, "weight_est_kg": 30.549445970954515, "weight_lo_kg": 13.092619701837648, "weight_hi_kg": 34.913652538233734, "weight_method": "2d:area×thick_range×rho", "crew": "2인", "tools": [], "weight_kg": null, "image": "molokai_880_7913_7250.jpg"}}, {"type": "Feature", "geometry": {"type": "Point", "coordinates": [-157.19814965894867, 21.21408144715111]}, "properties": {"item_id": "880_7913_7250_1783", "stop_id": "S122", "cls": "eps_buoy", "cls_raw": "Styrofoam_Buoy", "x": 687018.7549020535, "y": 2346905.265110202, "r95_m": 3.0, "n_views": 1, "area_m2": 1.2317780666831215, "length_m": 1.2310327148439029, "h_p90_m": 0.0, "volume_m3": 0.4311223233390925, "valid_3d": false, "buried_suspect": false, "weight_est_kg": 10.778058083477312, "weight_lo_kg": 4.619167750061705, "weight_hi_kg": 12.317780666831215, "weight_method": "2d:area×thick_range×rho", "crew": "1인", "tools": [], "weight_kg": null, "image": "molokai_880_7913_7250.jpg"}}, {"type": "Feature", "geometry": {"type": "Point", "coordinates": [-157.19815768957923, 21.214052467990207]}, "properties": {"item_id": "880_7913_7250_1784", "stop_id": "S122", "cls": "plastic_other", "cls_raw": "Plastic_ETC", "x": 687017.9577009238, "y": 2346902.0471565262, "r95_m": 3.0, "n_views": 1, "area_m2": 0.33751201483019627, "length_m": 0.5816479492188222, "h_p90_m": 0.0, "volume_m3": 0.010125360444905888, "valid_3d": false, "buried_suspect": false, "weight_est_kg": 0.8100288355924711, "weight_lo_kg": 0.540019223728314, "weight_hi_kg": 2.70009611864157, "weight_method": "2d:area×thick_range×rho", "crew": "1인", "tools": [], "weight_kg": null, "image": "molokai_880_7913_7250.jpg"}}, {"type": "Feature", "geometry": {"type": "Point", "coordinates": [-157.19814860947562, 21.214070895996382]}, "properties": {"item_id": "880_7913_7250_1785", "stop_id": "S122", "cls": "eps_fragment", "cls_raw": "Styrofoam_Piece", "x": 687018.8771542808, "y": 2346904.098166553, "r95_m": 3.0, "n_views": 1, "area_m2": 0.6221123559595699, "length_m": 0.8525537109376059, "h_p90_m": 0.0, "volume_m3": 0.018663370678787098, "valid_3d": false, "buried_suspect": false, "weight_est_kg": 0.37326741357574195, "weight_lo_kg": 0.24884494238382796, "weight_hi_kg": 1.2442247119191399, "weight_method": "2d:area×thick_range×rho", "crew": "1인", "tools": [], "weight_kg": null, "image": "molokai_880_7913_7250.jpg"}}, {"type": "Feature", "geometry": {"type": "Point", "coordinates": [-157.19815339389856, 21.214039889245683]}, "properties": {"item_id": "880_7913_7250_1786", "stop_id": "S122", "cls": "plastic_buoy", "cls_raw": "Plastic_Buoy_China", "x": 687018.4195235468, "y": 2346900.6595621896, "r95_m": 3.0, "n_views": 1, "area_m2": 0.21239685815578016, "length_m": 0.49561767578131155, "h_p90_m": 0.0, "volume_m3": 0.06371905744673405, "valid_3d": false, "buried_suspect": false, "weight_est_kg": 3.823143446804043, "weight_lo_kg": 1.9115717234020215, "weight_hi_kg": 5.097524595738724, "weight_method": "2d:area×thick_range×rho", "crew": "1인", "tools": [], "weight_kg": null, "image": "molokai_880_7913_7250.jpg"}}, {"type": "Feature", "geometry": {"type": "Point", "coordinates": [-157.19817264224588, 21.214051481516364]}, "properties": {"item_id": "880_7913_7250_1787", "stop_id": "S122", "cls": "plastic_buoy", "cls_raw": "Plastic_Buoy_China", "x": 687016.4065872636, "y": 2346901.9202668504, "r95_m": 3.0, "n_views": 1, "area_m2": 0.24453038601881383, "length_m": 0.5173107910156892, "h_p90_m": 0.0, "volume_m3": 0.07335911580564415, "valid_3d": false, "buried_suspect": false, "weight_est_kg": 4.401546948338649, "weight_lo_kg": 2.2007734741693246, "weight_hi_kg": 5.868729264451533, "weight_method": "2d:area×thick_range×rho", "crew": "1인", "tools": [], "weight_kg": null, "image": "molokai_880_7913_7250.jpg"}}, {"type": "Feature", "geometry": {"type": "Point", "coordinates": [-157.1981570037647, 21.214031565695734]}, "properties": {"item_id": "880_7913_7250_1788", "stop_id": "S122", "cls": "pet_bottle", "cls_raw": "PET_Bottle", "x": 687018.0552445849, "y": 2346899.7337440895, "r95_m": 3.0, "n_views": 1, "area_m2": 0.4172710393996083, "length_m": 0.6842535400391475, "h_p90_m": 0.0, "volume_m3": 0.0250362623639765, "valid_3d": false, "buried_suspect": false, "weight_est_kg": 0.8261966580112244, "weight_lo_kg": 0.6884972150093538, "weight_hi_kg": 1.3769944300187076, "weight_method": "2d:area×thick_range×rho", "crew": "1인", "tools": [], "weight_kg": null, "image": "molokai_880_7913_7250.jpg"}}, {"type": "Feature", "geometry": {"type": "Point", "coordinates": [-157.19822352949257, 21.21411450535027]}, "properties": {"item_id": "880_7913_7250_1789", "stop_id": "S122", "cls": "eps_fragment", "cls_raw": "Styrofoam_Piece", "x": 687011.0441439418, "y": 2346908.8378897267, "r95_m": 3.0, "n_views": 1, "area_m2": 0.20995177572374793, "length_m": 0.4642749023438077, "h_p90_m": 0.0, "volume_m3": 0.006298553271712437, "valid_3d": false, "buried_suspect": false, "weight_est_kg": 0.12597106543424874, "weight_lo_kg": 0.08398071028949917, "weight_hi_kg": 0.41990355144749586, "weight_method": "2d:area×thick_range×rho", "crew": "1인", "tools": [], "weight_kg": null, "image": "molokai_880_7913_7250.jpg"}}, {"type": "Feature", "geometry": {"type": "Point", "coordinates": [-157.19820631070328, 21.21406994432745]}, "properties": {"item_id": "880_7913_7250_1790", "stop_id": "S122", "cls": "net", "cls_raw": "Net", "x": 687012.8879245945, "y": 2346903.924610615, "r95_m": 3.0, "n_views": 1, "area_m2": 0.24641590924567147, "length_m": 0.5256927490235028, "h_p90_m": 0.0, "volume_m3": 0.029569909109480576, "valid_3d": false, "buried_suspect": false, "weight_est_kg": 4.4354863664220865, "weight_lo_kg": 1.8481193193425363, "weight_hi_kg": 11.088715916055216, "weight_method": "2d:area×thick_range×rho", "crew": "1인", "tools": ["절단기"], "weight_kg": null, "image": "molokai_880_7913_7250.jpg"}}, {"type": "Feature", "geometry": {"type": "Point", "coordinates": [-157.19815535369133, 21.214046240134216]}, "properties": {"item_id": "880_7913_7250_1791", "stop_id": "S122", "cls": "plastic_buoy", "cls_raw": "Plastic_Buoy", "x": 687018.2080574296, "y": 2346901.3603924406, "r95_m": 3.0, "n_views": 1, "area_m2": 0.16346815506223925, "length_m": 0.418776855468802, "h_p90_m": 0.0, "volume_m3": 0.049040446518671774, "valid_3d": false, "buried_suspect": false, "weight_est_kg": 2.9424267911203064, "weight_lo_kg": 1.4712133955601532, "weight_hi_kg": 3.923235721493742, "weight_method": "2d:area×thick_range×rho", "crew": "1인", "tools": [], "weight_kg": null, "image": "molokai_880_7913_7250.jpg"}}, {"type": "Feature", "geometry": {"type": "Point", "coordinates": [-157.1981773287995, 21.214032753421794]}, "properties": {"item_id": "880_7913_7250_1792", "stop_id": "S122", "cls": "plastic_buoy", "cls_raw": "Plastic_Buoy", "x": 687015.9436415856, "y": 2346899.84122459, "r95_m": 3.0, "n_views": 1, "area_m2": 0.14295903828743672, "length_m": 0.3875854492187982, "h_p90_m": 0.0, "volume_m3": 0.042887711486231016, "valid_3d": false, "buried_suspect": false, "weight_est_kg": 2.573262689173861, "weight_lo_kg": 1.2866313445869304, "weight_hi_kg": 3.4310169188984814, "weight_method": "2d:area×thick_range×rho", "crew": "1인", "tools": [], "weight_kg": null, "image": "molokai_880_7913_7250.jpg"}}, {"type": "Feature", "geometry": {"type": "Point", "coordinates": [-157.19816318183095, 21.214063726483534]}, "properties": {"item_id": "880_7913_7250_1793", "stop_id": "S122", "cls": "eps_fragment", "cls_raw": "Styrofoam_Piece", "x": 687017.3733166301, "y": 2346903.287163549, "r95_m": 3.0, "n_views": 1, "area_m2": 0.1654766852260047, "length_m": 0.4458251953125554, "h_p90_m": 0.0, "volume_m3": 0.004964300556780141, "valid_3d": false, "buried_suspect": false, "weight_est_kg": 0.09928601113560281, "weight_lo_kg": 0.06619067409040189, "weight_hi_kg": 0.33095337045200945, "weight_method": "2d:area×thick_range×rho", "crew": "1인", "tools": [], "weight_kg": null, "image": "molokai_880_7913_7250.jpg"}}, {"type": "Feature", "geometry": {"type": "Point", "coordinates": [-157.19821265435354, 21.214063832005195]}, "properties": {"item_id": "880_7913_7250_1794", "stop_id": "S122", "cls": "plastic_buoy", "cls_raw": "Plastic_Buoy_China", "x": 687012.2370424794, "y": 2346903.2403807105, "r95_m": 3.0, "n_views": 1, "area_m2": 0.20871444054251134, "length_m": 0.45735107421880683, "h_p90_m": 0.0, "volume_m3": 0.0626143321627534, "valid_3d": false, "buried_suspect": false, "weight_est_kg": 3.7568599297652043, "weight_lo_kg": 1.8784299648826022, "weight_hi_kg": 5.009146573020272, "weight_method": "2d:area×thick_range×rho", "crew": "1인", "tools": [], "weight_kg": null, "image": "molokai_880_7913_7250.jpg"}}, {"type": "Feature", "geometry": {"type": "Point", "coordinates": [-157.19818918839846, 21.21407160869195]}, "properties": {"item_id": "880_7913_7250_1795", "stop_id": "S122", "cls": "plastic_other", "cls_raw": "Plastic_ETC", "x": 687014.6634313207, "y": 2346904.129117498, "r95_m": 3.0, "n_views": 1, "area_m2": 1.468731222439177, "length_m": 1.2166357421876512, "h_p90_m": 0.0, "volume_m3": 0.04406193667317531, "valid_3d": false, "buried_suspect": false, "weight_est_kg": 3.524954933854025, "weight_lo_kg": 2.3499699559026834, "weight_hi_kg": 11.749849779513417, "weight_method": "2d:area×thick_range×rho", "crew": "1인", "tools": [], "weight_kg": null, "image": "molokai_880_7913_7250.jpg"}}, {"type": "Feature", "geometry": {"type": "Point", "coordinates": [-157.1981698394915, 21.214071304133068]}, "properties": {"item_id": "880_7913_7250_1796", "stop_id": "S122", "cls": "rope", "cls_raw": "Rope", "x": 687016.6725809831, "y": 2346904.118264218, "r95_m": 3.0, "n_views": 1, "area_m2": 0.5160298016012996, "length_m": 0.7650170898438451, "h_p90_m": 0.0, "volume_m3": 0.015480894048038988, "valid_3d": false, "buried_suspect": false, "weight_est_kg": 6.192357619215596, "weight_lo_kg": 4.128238412810397, "weight_hi_kg": 10.320596032025993, "weight_method": "2d:area×thick_range×rho", "crew": "1인", "tools": ["절단기"], "weight_kg": null, "image": "molokai_880_7913_7250.jpg"}}, {"type": "Feature", "geometry": {"type": "Point", "coordinates": [-157.19819366979863, 21.214046767624875]}, "properties": {"item_id": "880_7913_7250_1797", "stop_id": "S122", "cls": "plastic_buoy", "cls_raw": "Plastic_Buoy_China", "x": 687014.2294883381, "y": 2346901.3735125693, "r95_m": 3.0, "n_views": 1, "area_m2": 0.19363984279637378, "length_m": 0.5082202148438132, "h_p90_m": 0.0, "volume_m3": 0.05809195283891213, "valid_3d": false, "buried_suspect": false, "weight_est_kg": 3.485517170334728, "weight_lo_kg": 1.742758585167364, "weight_hi_kg": 4.647356227112971, "weight_method": "2d:area×thick_range×rho", "crew": "1인", "tools": [], "weight_kg": null, "image": "molokai_880_7913_7250.jpg"}}, {"type": "Feature", "geometry": {"type": "Point", "coordinates": [-156.75349404536325, 21.10046293329709]}, "properties": {"item_id": "9435_438_6839_1803", "stop_id": "S123", "cls": "plastic_buoy", "cls_raw": "Plastic_Buoy", "x": 733364.7107749213, "y": 2334913.814506788, "r95_m": 3.0, "n_views": 1, "area_m2": 0.2762356111467571, "length_m": 0.5388269042969419, "h_p90_m": 0.0, "volume_m3": 0.08287068334402713, "valid_3d": false, "buried_suspect": false, "weight_est_kg": 4.9722410006416276, "weight_lo_kg": 2.4861205003208138, "weight_hi_kg": 6.62965466752217, "weight_method": "2d:area×thick_range×rho", "crew": "1인", "tools": [], "weight_kg": null, "image": "molokai_9435_438_6839.jpg"}}, {"type": "Feature", "geometry": {"type": "Point", "coordinates": [-156.7535158341983, 21.1004402114837]}, "properties": {"item_id": "9435_438_6839_1804", "stop_id": "S123", "cls": "net", "cls_raw": "Net", "x": 733362.4820426743, "y": 2334911.266372009, "r95_m": 3.0, "n_views": 1, "area_m2": 0.2109104503274488, "length_m": 0.4944647216797489, "h_p90_m": 0.0, "volume_m3": 0.025309254039293853, "valid_3d": false, "buried_suspect": false, "weight_est_kg": 3.796388105894078, "weight_lo_kg": 1.581828377455866, "weight_hi_kg": 9.490970264735196, "weight_method": "2d:area×thick_range×rho", "crew": "1인", "tools": ["절단기"], "weight_kg": null, "image": "molokai_9435_438_6839.jpg"}}, {"type": "Feature", "geometry": {"type": "Point", "coordinates": [-156.753488976431, 21.100405989667095]}, "properties": {"item_id": "9435_438_6839_1805", "stop_id": "S123", "cls": "pet_bottle", "cls_raw": "PET_Bottle", "x": 733365.326586822, "y": 2334907.5161495185, "r95_m": 3.0, "n_views": 1, "area_m2": 0.16480663631562512, "length_m": 0.7201318359375894, "h_p90_m": 0.0, "volume_m3": 0.009888398178937507, "valid_3d": false, "buried_suspect": false, "weight_est_kg": 0.3263171399049377, "weight_lo_kg": 0.2719309499207815, "weight_hi_kg": 0.543861899841563, "weight_method": "2d:area×thick_range×rho", "crew": "1인", "tools": [], "weight_kg": null, "image": "molokai_9435_438_6839.jpg"}}, {"type": "Feature", "geometry": {"type": "Point", "coordinates": [-156.7535532431764, 21.100519810222597]}, "properties": {"item_id": "9435_438_6839_1806", "stop_id": "S123", "cls": "plastic_other", "cls_raw": "Plastic_ETC", "x": 733358.4700680666, "y": 2334920.026037955, "r95_m": 3.0, "n_views": 1, "area_m2": 0.12393982953183172, "length_m": 0.3527299499512157, "h_p90_m": 0.0, "volume_m3": 0.0037181948859549515, "valid_3d": false, "buried_suspect": false, "weight_est_kg": 0.2974555908763961, "weight_lo_kg": 0.19830372725093076, "weight_hi_kg": 0.9915186362546538, "weight_method": "2d:area×thick_range×rho", "crew": "1인", "tools": [], "weight_kg": null, "image": "molokai_9435_438_6839.jpg"}}, {"type": "Feature", "geometry": {"type": "Point", "coordinates": [-157.10074963279723, 21.100739388353155]}, "properties": {"item_id": "9524_11512_8203_1808", "stop_id": "S124", "cls": "eps_fragment", "cls_raw": "Styrofoam_Piece", "x": 697281.0375047468, "y": 2334474.2479109936, "r95_m": 3.0, "n_views": 1, "area_m2": 1.0751008570792961, "length_m": 1.1942260742188984, "h_p90_m": 0.0, "volume_m3": 0.03225302571237888, "valid_3d": false, "buried_suspect": false, "weight_est_kg": 0.6450605142475776, "weight_lo_kg": 0.43004034283171844, "weight_hi_kg": 2.1502017141585923, "weight_method": "2d:area×thick_range×rho", "crew": "1인", "tools": [], "weight_kg": null, "image": "molokai_9524_11512_8203.jpg"}}, {"type": "Feature", "geometry": {"type": "Point", "coordinates": [-157.09878394730544, 21.1006975661129]}, "properties": {"item_id": "9525_6557_9116_1812", "stop_id": "S125", "cls": "plastic_other", "cls_raw": "Plastic_ETC", "x": 697485.3305774938, "y": 2334472.0568412566, "r95_m": 3.0, "n_views": 1, "area_m2": 8.024951986623314, "length_m": 3.162570800781643, "h_p90_m": 0.0, "volume_m3": 0.24074855959869942, "valid_3d": false, "buried_suspect": false, "weight_est_kg": 19.259884767895954, "weight_lo_kg": 12.839923178597303, "weight_hi_kg": 64.19961589298651, "weight_method": "2d:area×thick_range×rho", "crew": "장비", "tools": [], "weight_kg": null, "image": "molokai_9525_6557_9116.jpg"}}]}