item_id,stop_id,cls,cls_raw,lat,lon,x,y,r95_m,n_views,area_m2,length_m,h_p90_m,volume_m3,valid_3d,buried_suspect,weight_est_kg,weight_lo_kg,weight_hi_kg,weight_method,crew,tools,weight_kg,image
2796_11758_5655_1,S001,pet_bottle,PET_Bottle,21.00401373634135,-156.66193930356113,743035.8405858767,2324369.9219615473,3.0,1,0.2732613725960934,0.6497045898438307,0.0,0.016395682355765603,False,False,0.5410575177402649,0.4508812647835541,0.9017625295671082,2d:area×thick_range×rho,1인,,,maui_2796_11758_5655.jpg
2796_11758_5655_2,S001,eps_fragment,Styrofoam_Piece,21.00405371892204,-156.66193508190372,743036.2148001542,2324374.3561276784,3.0,1,0.27616114057756375,0.596143798828199,0.0,0.008284834217326911,False,False,0.16569668434653823,0.1104644562310255,0.5523222811551275,2d:area×thick_range×rho,1인,,,maui_2796_11758_5655.jpg
10084_4591_8727_4,S002,net,Net,21.09567474232209,-157.30419046843937,676150.1021466935,2333674.7293477175,3.0,1,0.1170984484821849,0.4396813964844296,0.0,0.014051813817862188,False,False,2.107772072679328,0.8782383636163869,5.26943018169832,2d:area×thick_range×rho,1인,절단기,,molokai_10084_4591_8727.jpg
10295_12458_2868_5,S003,net,Net,21.09400181857246,-157.2998776984749,676600.1622804274,2333494.3002696605,3.0,1,0.21557618976836793,0.4651873779297453,0.0,0.02586914277220415,False,False,3.880371415830622,1.6168214232627593,9.700928539576557,2d:area×thick_range×rho,1인,절단기,,molokai_10295_12458_2868.jpg
10295_12458_2868_6,S003,eps_buoy,Styrofoam_Buoy,21.093941985031503,-157.29988992899098,676598.9623191436,2333487.662504964,3.0,1,0.6956784351145714,1.231069335937653,0.0,0.24348745229009996,False,False,6.087186307252499,2.608794131679643,6.956784351145714,2d:area×thick_range×rho,1인,,,molokai_10295_12458_2868.jpg
10295_12458_2868_7,S003,net,Net,21.09394854015467,-157.29977862991097,676610.51829202,2333488.5117556374,3.0,1,0.29683310194022877,0.5722460937500711,0.0,0.03561997223282745,False,False,5.342995834924118,2.226248264551716,13.357489587310294,2d:area×thick_range×rho,1인,절단기,,molokai_10295_12458_2868.jpg
10295_12458_2868_8,S003,net,Net,21.09399999376929,-157.29980828409592,676607.3764345712,2333494.1752879256,3.0,1,0.23422880735999205,0.6220385742188272,0.0,0.028107456883199045,False,False,4.2161185324798565,1.7567160551999406,10.540296331199642,2d:area×thick_range×rho,1인,절단기,,molokai_10295_12458_2868.jpg
10297_13299_1531_20,S004,eps_buoy,Styrofoam_Buoy,21.09414361332861,-157.29388883616733,677222.2238676058,2333516.657055514,3.0,1,1.497826421380415,1.2299072265626527,0.0,0.5242392474831452,False,False,13.10598118707863,5.616849080176556,14.978264213804152,2d:area×thick_range×rho,1인,,,molokai_10297_13299_1531.jpg
10297_3281_5202_24,S005,net,Net,21.093524268633587,-157.29587325823445,677016.7809216909,2333445.8801488164,3.0,1,0.2142012369707759,0.49261016845709243,0.0,0.025704148436493105,False,False,3.855622265473966,1.6065092772808192,9.639055663684916,2d:area×thick_range×rho,1인,절단기,,molokai_10297_3281_5202.jpg
10297_3281_5202_25,S005,net,Net,21.09352773070057,-157.2958355730462,677020.6922414688,2333446.305360096,3.0,1,0.2254756450415218,0.4811450195313098,0.0,0.027057077404982612,False,False,4.058561610747391,1.6910673378114136,10.146404026868481,2d:area×thick_range×rho,1인,절단기,,molokai_10297_3281_5202.jpg
10297_3281_5202_26,S005,rope,Rope,21.093511772759285,-157.29580474381282,677023.9142612985,2333444.5729463305,3.0,1,1.307918016219464,1.432736816406428,0.0,0.03923754048658391,False,False,15.695016194633565,10.463344129755711,26.158360324389278,2d:area×thick_range×rho,2인,절단기,,molokai_10297_3281_5202.jpg
10297_3281_5202_27,S005,net,Net,21.09353174292331,-157.29584487301233,677019.7212353719,2333446.739209081,3.0,1,0.2782481294841266,0.5809216308594471,0.0,0.03338977553809519,False,False,5.0084663307142785,2.0868609711309496,12.521165826785696,2d:area×thick_range×rho,1인,절단기,,molokai_10297_3281_5202.jpg
10297_3281_5202_28,S005,rope,Rope,21.09350224128311,-157.29581378317883,677022.9863863135,2333443.5076555423,3.0,1,0.4842450723381053,0.7274389648438404,0.0,0.014527352170143159,False,False,5.810940868057264,3.873960578704843,9.684901446762106,2d:area×thick_range×rho,1인,절단기,,molokai_10297_3281_5202.jpg
10297_3281_5202_29,S005,net,Net,21.093532277639966,-157.29587727419212,677016.3541768993,2333446.76236217,3.0,1,0.23251708709379848,0.5002127075195933,0.0,0.027902050451255815,False,False,4.185307567688373,1.7438781532034886,10.463268919220932,2d:area×thick_range×rho,1인,절단기,,molokai_10297_3281_5202.jpg
10297_3281_5202_30,S005,rope,Rope,21.093521514312258,-157.29586941724193,677017.1832589734,2333445.5794895627,3.0,1,0.8125910824762814,0.9630493164063696,0.0,0.02437773247428844,False,False,9.751092989715376,6.500728659810251,16.25182164952563,2d:area×thick_range×rho,1인,절단기,,molokai_10297_3281_5202.jpg
10348_10449_1323_38,S006,plastic_other,Plastic_ETC,21.092672282736793,-157.14720315220796,692464.8954751305,2333524.1663043164,3.0,1,0.22725664924984856,0.5330419921875662,0.0,0.006817699477495456,False,False,0.5454159581996365,0.36361063879975775,1.8180531939987887,2d:area×thick_range×rho,1인,,,molokai_10348_10449_1323.jpg
10348_10449_1323_39,S006,plastic_other,Plastic_ETC,21.092631346930922,-157.1472063582673,692464.6151125013,2333519.6301313224,3.0,1,1.6744405082468379,1.963427734375244,0.0,0.050233215247405136,False,False,4.018657219792411,2.679104813194941,13.395524065974705,2d:area×thick_range×rho,1인,,,molokai_10348_10449_1323.jpg
10513_9033_1058_42,S007,plastic_other,Plastic_ETC,21.091378714318417,-157.27742292210652,678936.3156115068,2333228.979833725,3.0,1,7.541034111456956,3.46177001953168,0.0,0.22623102334370868,False,False,18.098481867496695,12.06565457833113,60.32827289165566,2d:area×thick_range×rho,장비,,,molokai_10513_9033_1058.jpg
10513_9033_1058_43,S007,net,Net,21.091377043966265,-157.2774726644802,678931.1493574961,2333228.7389755216,3.0,1,0.2686513436139297,0.548990173339912,0.0,0.03223816123367157,False,False,4.8357241850507355,2.014885077104473,12.089310462626836,2d:area×thick_range×rho,1인,절단기,,molokai_10513_9033_1058.jpg
1091_12326_13745_50,S008,net,Net,21.210166845820623,-157.1945076892198,687401.8006201999,2346476.1631784257,3.0,1,0.24907521167403687,0.5202270507813146,0.0,0.029889025400884423,False,False,4.483353810132663,1.8680640875552768,11.208384525331658,2d:area×thick_range×rho,1인,절단기,,molokai_1091_12326_13745.jpg
1091_12326_13745_51,S008,plastic_buoy,Plastic_Buoy,21.21016250770531,-157.19450131742497,687402.4676235376,2346475.6904225703,3.0,1,0.21327570524220998,0.46304687500005753,0.0,0.063982711572663,False,False,3.83896269435978,1.91948134717989,5.11861692581304,2d:area×thick_range×rho,1인,,,molokai_1091_12326_13745.jpg
1091_12326_13745_52,S008,net,Net,21.210199896612938,-157.19450255049574,687402.2923952276,2346479.8285253993,3.0,1,0.17147034140233486,0.47685302734380924,0.0,0.020576440968280183,False,False,3.0864661452420274,1.2860275605175115,7.716165363105069,2d:area×thick_range×rho,1인,절단기,,molokai_1091_12326_13745.jpg
1091_12326_13745_53,S008,plastic_buoy,Plastic_Buoy,21.210189278772123,-157.19445220519341,687407.5326980278,2346478.7125680796,3.0,1,0.1916681638956546,0.4501757812500559,0.0,0.05750044916869638,False,False,3.450026950121783,1.7250134750608914,4.600035933495711,2d:area×thick_range×rho,1인,,,molokai_1091_12326_13745.jpg
1091_12326_13745_54,S008,net,Net,21.210161341780864,-157.1944854126992,687404.120339396,2346475.5801674128,3.0,1,0.38374753059009314,0.6367150878907041,0.0,0.046049703670811175,False,False,6.907455550621676,2.8781064794256985,17.268638876554192,2d:area×thick_range×rho,1인,절단기,,molokai_1091_12326_13745.jpg
1091_12936_13816_60,S009,net,Net,21.210172910903783,-157.19433516973405,687419.7040974998,2346477.038959243,3.0,1,0.19935348889832682,0.46556884765630785,0.0,0.02392241866779922,False,False,3.588362800169883,1.4951511667374513,8.970907000424706,2d:area×thick_range×rho,1인,절단기,,molokai_1091_12936_13816.jpg
1091_12936_13816_61,S009,net,Net,21.210182357791147,-157.19439794507497,687413.1747733875,2346478.010550684,3.0,1,0.1675252805054604,0.47222045898443366,0.0,0.020103033660655245,False,False,3.0154550490982865,1.2564396037909529,7.538637622745718,2d:area×thick_range×rho,1인,절단기,,molokai_1091_12936_13816.jpg
1091_12936_13816_62,S009,pet_bottle,PET_Bottle,21.210140431334537,-157.19436419789787,687416.7313800872,2346473.408567118,3.0,1,0.25692575283652963,0.8111547851563508,0.0,0.015415545170191777,False,False,0.5087129906163286,0.4239274921802739,0.8478549843605478,2d:area×thick_range×rho,1인,,,molokai_1091_12936_13816.jpg
1091_12936_13816_63,S009,net,Net,21.21015244279417,-157.19442668681907,687410.228552873,2346474.664439024,3.0,1,0.17260911621902703,0.44603302001958667,0.0,0.02071309394628324,False,False,3.106964091942486,1.2945683716427028,7.767410229856216,2d:area×thick_range×rho,1인,절단기,,molokai_1091_12936_13816.jpg
1091_12936_13816_64,S009,plastic_other,Plastic_ETC,21.210148840998464,-157.19438424633861,687414.6393123126,2346474.315914758,3.0,1,0.3616612373710577,0.6347924804688289,0.0,0.01084983712113173,False,False,0.8679869696905385,0.5786579797936924,2.8932898989684617,2d:area×thick_range×rho,1인,,,molokai_1091_12936_13816.jpg
1091_12948_14472_72,S009,eps_buoy,Styrofoam_Buoy,21.210006406454614,-157.19435786846086,687417.5577498885,2346458.577317724,3.0,1,1.09657868703631,1.1127758789063882,0.0,0.38380254046270845,False,False,9.59506351156771,4.112170076386161,10.965786870363099,2d:area×thick_range×rho,1인,,,molokai_1091_12948_14472.jpg
1091_12948_14472_73,S009,plastic_buoy,Plastic_Buoy,21.21003919561094,-157.19435897175885,687417.4017995395,2346462.2063066578,3.0,1,0.1857917821974024,0.45988037109380714,0.0,0.05573753465922072,False,False,3.344252079553243,1.6721260397766216,4.459002772737657,2d:area×thick_range×rho,1인,,,molokai_1091_12948_14472.jpg
1091_12948_14472_74,S009,net,Net,21.21008435933712,-157.1944315236342,687409.812359972,2346467.1207608706,3.0,1,0.23586964293929089,0.5176074218750643,0.0,0.028304357152714905,False,False,4.245653572907236,1.769022322044682,10.61413393226809,2d:area×thick_range×rho,1인,절단기,,molokai_1091_12948_14472.jpg
1091_12948_14472_75,S009,eps_buoy,Styrofoam_Buoy,21.20999436016309,-157.19439927118086,687413.2744868093,2346457.1945714196,3.0,1,0.6063633592443185,1.3113397216798504,0.0,0.21222717573551148,False,False,5.305679393387787,2.2738625971661945,6.0636335924431854,2d:area×thick_range×rho,1인,,,molokai_1091_12948_14472.jpg
1091_12948_14472_76,S009,plastic_buoy,Plastic_Buoy,21.210043656473143,-157.19438363473648,687414.835630698,2346462.670993363,3.0,1,0.11102454714330809,0.3380511474609795,0.0,0.03330736414299242,False,False,1.9984418485795454,0.9992209242897727,2.6645891314393944,2d:area×thick_range×rho,1인,,,molokai_1091_12948_14472.jpg
1091_12948_14472_77,S009,rope,Rope,21.21007071425725,-157.19440909802512,687412.1578392154,2346465.63658126,3.0,1,0.7662358191279736,1.002894897461062,0.0,0.022987074573839205,False,False,9.194829829535681,6.129886553023789,15.324716382559473,2d:area×thick_range×rho,1인,절단기,,molokai_1091_12948_14472.jpg
1091_12948_14472_78,S009,eps_fragment,Styrofoam_Piece,21.210041525845398,-157.19437569427043,687415.662708536,2346462.4445003853,3.0,1,0.1611154322997136,0.4178344726563019,0.0,0.004833462968991407,False,False,0.09666925937982815,0.06444617291988544,0.3222308645994272,2d:area×thick_range×rho,1인,,,molokai_1091_12948_14472.jpg
11312_13466_9852_87,S010,eps_fragment,Styrofoam_Piece,21.075944755158257,-156.78884185778898,729729.164626451,2332147.31614184,3.0,1,0.16994861705977965,0.4853118896484978,0.0,0.005098458511793389,False,False,0.10196917023586778,0.06797944682391187,0.33989723411955935,2d:area×thick_range×rho,1인,,,molokai_11312_13466_9852.jpg
11312_13466_9852_88,S010,eps_fragment,Styrofoam_Piece,21.07600121389498,-156.78887891901243,729725.2259020526,2332153.514632151,3.0,1,0.26068447488254826,0.5689489746094457,0.0,0.007820534246476447,False,False,0.15641068492952895,0.10427378995301931,0.5213689497650965,2d:area×thick_range×rho,1인,,,molokai_11312_13466_9852.jpg
11312_13482_10243_90,S010,eps_fragment,Styrofoam_Piece,21.075944593869867,-156.78884191241966,729729.1591964585,2332147.2982026883,3.0,1,0.1806124672383519,0.4691552734375583,0.0,0.005418374017150556,False,False,0.10836748034301112,0.07224498689534076,0.3612249344767038,2d:area×thick_range×rho,1인,,,molokai_11312_13482_10243.jpg
11312_13482_10243_91,S010,plastic_other,Plastic_ETC,21.07593453868106,-156.788842975055,729729.0642129106,2332146.1832051603,3.0,1,0.16584351145033188,0.48885620117193573,0.0,0.004975305343509956,False,False,0.39802442748079647,0.26534961832053106,1.326748091602655,2d:area×thick_range×rho,1인,,,molokai_11312_13482_10243.jpg
11453_234_3172_96,S011,eps_buoy,Styrofoam_Buoy,21.07705914633245,-156.99054856401753,708764.4715982688,2331992.9241052195,3.0,1,1.3350812325404549,1.2056371307374545,0.0,0.46727843138915914,False,False,11.681960784728979,5.006554622026706,13.350812325404549,2d:area×thick_range×rho,1인,,,molokai_11453_234_3172.jpg
11453_234_3172_97,S011,pet_bottle,PET_Bottle,21.076957348037098,-156.99060237999026,708759.0210951932,2331981.5819669273,3.0,1,0.40109079934368563,0.88516113281261,0.0,0.02406544796062114,False,False,0.7941597827004976,0.6617998189170814,1.3235996378341628,2d:area×thick_range×rho,1인,,,molokai_11453_234_3172.jpg
11453_234_3172_98,S011,pet_bottle,PET_Bottle,21.077063031728603,-156.99058881381,708760.2832879166,2331993.301535781,3.0,1,0.13565399299192818,0.47410461425787137,0.0,0.00813923957951569,False,False,0.26859490612401776,0.2238290884366815,0.447658176873363,2d:area×thick_range×rho,1인,,,molokai_11453_234_3172.jpg
11453_234_3172_99,S011,plastic_buoy,Plastic_Buoy,21.077010984358022,-156.9905922152113,708760.0025175676,2331987.5341534517,3.0,1,0.22387547990685303,0.4871020507813105,0.0,0.0671626439720559,False,False,4.029758638323354,2.014879319161677,5.373011517764473,2d:area×thick_range×rho,1인,,,molokai_11453_234_3172.jpg
11666_2647_6989_111,S012,plastic_other,Plastic_ETC,21.07350054185234,-156.98150839687048,709708.9492412483,2331610.7785234577,3.0,1,0.5568855435610842,0.9072192382813334,0.0,0.016706566306832527,False,False,1.3365253045466021,0.8910168696977349,4.455084348488674,2d:area×thick_range×rho,1인,,,molokai_11666_2647_6989.jpg
11666_2647_6989_112,S012,plastic_other,Plastic_ETC,21.073500534872853,-156.98151126686795,709708.6509837321,2331610.7739708447,3.0,1,0.15920405948761052,0.4308740234375396,0.0,0.004776121784628315,False,False,0.3820897427702652,0.25472649518017687,1.2736324759008841,2d:area×thick_range×rho,1인,,,molokai_11666_2647_6989.jpg
12518_12495_1444_114,S013,eps_fragment,Styrofoam_Piece,21.063172305714044,-156.94517430735277,713499.7870726226,2330515.449913619,3.0,1,0.1750891665472153,0.5866622161865963,0.0,0.005252674996416459,False,False,0.10505349992832917,0.07003566661888612,0.3501783330944306,2d:area×thick_range×rho,1인,,,molokai_12518_12495_1444.jpg
12976_10500_13118_117,S014,plastic_other,Plastic_ETC,21.05434497245597,-156.83594690688275,724865.8959664128,2329688.2649000534,3.0,1,0.6932174437345796,1.054577636718881,0.0,0.020796523312037386,False,False,1.6637218649629908,1.1091479099753274,5.545739549876637,2d:area×thick_range×rho,1인,,,molokai_12976_10500_13118.jpg
1301_8368_-104_118,S009,plastic_buoy,Plastic_Buoy,21.20996968366674,-157.19435742038922,687417.6506411361,2346454.5120356525,3.0,1,0.21764263608226123,0.48449340820305803,0.0,0.06529279082467837,False,False,3.9175674494807025,1.9587837247403512,5.22342326597427,2d:area×thick_range×rho,1인,,,molokai_1301_8368_-104.jpg
1301_8368_-104_119,S009,net,Net,21.20993467404314,-157.19428007795338,687425.724627485,2346450.727482394,3.0,1,0.19858713671559564,0.4863891601561828,0.0,0.023830456405871475,False,False,3.5745684608807213,1.4894035253669673,8.936421152201802,2d:area×thick_range×rho,1인,절단기,,molokai_1301_8368_-104.jpg
1301_8368_-104_120,S009,net,Net,21.209896233827717,-157.19430651133112,687423.0288266449,2346446.4402212086,3.0,1,0.24723476424508412,0.7042211914061527,0.0,0.029668171709410093,False,False,4.450225756411514,1.854260731838131,11.125564391028783,2d:area×thick_range×rho,1인,절단기,,molokai_1301_8368_-104.jpg
1301_8368_-104_121,S009,plastic_buoy,Plastic_Buoy_China,21.209941870773868,-157.1942768888737,687426.0466331814,2346451.5280544898,3.0,1,0.24153048661344526,0.5018115234374306,0.0,0.07245914598403358,False,False,4.347548759042015,2.1737743795210074,5.796731678722686,2d:area×thick_range×rho,1인,,,molokai_1301_8368_-104.jpg
1301_8368_-104_122,S009,plastic_buoy,Plastic_Buoy,21.20996067598087,-157.1943474298858,687418.6992406354,2346453.5265675727,3.0,1,0.2414800068854618,0.5847070312499192,0.0,0.07244400206563854,False,False,4.346640123938313,2.1733200619691564,5.795520165251084,2d:area×thick_range×rho,1인,,,molokai_1301_8368_-104.jpg
1301_8884_1171_133,S015,plastic_buoy,Plastic_Buoy,21.20972734949918,-157.19421492102148,687432.7511123163,2346427.850424726,3.0,1,0.263011207032131,0.5204418945311781,0.0,0.07890336210963929,False,False,4.734201726578357,2.3671008632891786,6.312268968771144,2d:area×thick_range×rho,1인,,,molokai_1301_8884_1171.jpg
1301_8884_1171_134,S015,eps_fragment,Styrofoam_Piece,21.209728635967494,-157.19419016290226,687435.3199068924,2346428.022176472,3.0,1,0.21875848575824414,0.4806176757811836,0.0,0.006562754572747324,False,False,0.1312550914549465,0.08750339430329766,0.43751697151648833,2d:area×thick_range×rho,1인,,,molokai_1301_8884_1171.jpg
1301_8884_1171_135,S015,eps_fragment,Styrofoam_Piece,21.20972818364239,-157.19422764745914,687431.428784111,2346427.9277074626,3.0,1,0.3101022155045606,0.5904882812499184,0.0,0.009303066465136817,False,False,0.18606132930273633,0.12404088620182424,0.6202044310091213,2d:area×thick_range×rho,1인,,,molokai_1301_8884_1171.jpg
1301_8884_1171_136,S015,net,Net,21.209724813278637,-157.19420629746904,687433.6496232799,2346427.579835667,3.0,1,0.22134865624451477,0.4720690917968097,0.0,0.026561838749341773,False,False,3.984275812401266,1.6601149218338611,9.960689531003164,2d:area×thick_range×rho,1인,절단기,,molokai_1301_8884_1171.jpg
1301_8884_1171_137,S015,plastic_buoy,Plastic_Buoy,21.20974024282058,-157.19422620717836,687431.5630871268,2346429.264561125,3.0,1,0.1786544903330011,0.4260681152343161,0.0,0.05359634709990033,False,False,3.2157808259940195,1.6078904129970097,4.287707767992027,2d:area×thick_range×rho,1인,,,molokai_1301_8884_1171.jpg
1301_8884_1171_138,S015,plastic_other,Plastic_ETC,21.209686553271844,-157.19416922173784,687437.5471901455,2346423.3877331833,3.0,1,0.31164747633925405,0.5660839843749218,0.0,0.009349424290177622,False,False,0.7479539432142097,0.49863596214280653,2.4931798107140324,2d:area×thick_range×rho,1인,,,molokai_1301_8884_1171.jpg
1301_8884_1171_139,S015,net,Net,21.209738531622527,-157.1942287576001,687431.3004601074,2346429.0720833554,3.0,1,0.13543104797597955,0.3725891113280735,0.0,0.016251725757117544,False,False,2.4377588635676317,1.0157328598198465,6.094397158919079,2d:area×thick_range×rho,1인,절단기,,molokai_1301_8884_1171.jpg
1301_9004_855_153,S015,net,Net,21.209724944702923,-157.19420652891472,687433.6254283276,2346427.5941124056,3.0,1,0.18394167644972484,0.4375341796874395,0.0,0.02207300117396698,False,False,3.310950176095047,1.3795625733729364,8.277375440237618,2d:area×thick_range×rho,1인,절단기,,molokai_1301_9004_855.jpg
1301_9004_855_154,S015,plastic_buoy,Plastic_Buoy,21.209727293744663,-157.19421488301816,687432.7551282763,2346427.8442967935,3.0,1,0.26257012103490723,0.5181472778319596,0.0,0.07877103631047216,False,False,4.72626217862833,2.363131089314165,6.301682904837774,2d:area×thick_range×rho,1인,,,molokai_1301_9004_855.jpg
1301_9004_855_155,S015,eps_fragment,Styrofoam_Piece,21.20972822677542,-157.19422763623788,687431.4298946457,2346427.9324962823,3.0,1,0.3064363607092845,0.585427246093669,0.0,0.009193090821278534,False,False,0.18386181642557067,0.1225745442837138,0.612872721418569,2d:area×thick_range×rho,1인,,,molokai_1301_9004_855.jpg
1301_9004_855_156,S015,plastic_other,Plastic_ETC,21.209728507269094,-157.19419004457401,687435.3323544073,2346428.008067581,3.0,1,0.204898987758103,0.4649829101561857,0.0,0.00614696963274309,False,False,0.4917575706194472,0.3278383804129648,1.639191902064824,2d:area×thick_range×rho,1인,,,molokai_1301_9004_855.jpg
1301_9004_855_157,S015,plastic_buoy,Plastic_Buoy,21.209740270306177,-157.19422622796094,687431.5608947431,2346429.267579619,3.0,1,0.16935323088164417,0.4220410156249417,0.0,0.050805969264493246,False,False,3.048358155869595,1.5241790779347975,4.0644775411594605,2d:area×thick_range×rho,1인,,,molokai_1301_9004_855.jpg
1301_9004_855_158,S015,net,Net,21.209817786278638,-157.1942116336272,687432.9782058952,2346437.8671471695,3.0,1,0.21078352531039846,0.4746734619139969,0.0,0.025294023037247815,False,False,3.794103455587172,1.5808764398279884,9.485258638967931,2d:area×thick_range×rho,1인,절단기,,molokai_1301_9004_855.jpg
1301_9067_1550_167,S015,plastic_buoy,Plastic_Buoy,21.209676361694026,-157.1941648540228,687438.0135226557,2346422.2645313065,3.0,1,0.17817915236944992,0.43011657714837803,0.0,0.05345374571083498,False,False,3.207224742650099,1.6036123713250494,4.276299656866798,2d:area×thick_range×rho,1인,,,molokai_1301_9067_1550.jpg
1301_9067_1550_168,S015,plastic_other,Plastic_ETC,21.2096689571028,-157.1941519187021,687439.3658356089,2346421.4600404417,3.0,1,1.083488833725153,1.0945654296873486,0.0,0.032504665011754585,False,False,2.600373200940367,1.7335821339602449,8.667910669801223,2d:area×thick_range×rho,1인,,,molokai_1301_9067_1550.jpg
1301_9067_1550_169,S015,eps_fragment,Styrofoam_Piece,21.20963666198919,-157.19416029004327,687438.537496774,2346417.8745299145,3.0,1,0.2941795249342105,0.5614306640624224,0.0,0.008825385748026314,False,False,0.17650771496052628,0.1176718099736842,0.588359049868421,2d:area×thick_range×rho,1인,,,molokai_1301_9067_1550.jpg
1301_9067_1550_170,S015,eps_fragment,Styrofoam_Piece,21.209686692787724,-157.19416862044324,687437.6094411375,2346423.40389194,3.0,1,0.4060522057845066,0.6776684570311563,0.0,0.012181566173535198,False,False,0.24363132347070396,0.16242088231380264,0.8121044115690134,2d:area×thick_range×rho,1인,,,molokai_1301_9067_1550.jpg
1301_9067_1550_171,S015,plastic_buoy,Plastic_Buoy,21.209642928112284,-157.19417184832886,687437.329586932,2346418.5546045476,3.0,1,0.13050852698084084,0.3697094726561989,0.0,0.03915255809425225,False,False,2.349153485655135,1.1745767428275675,3.1322046475401804,2d:area×thick_range×rho,1인,,,molokai_1301_9067_1550.jpg
1301_9284_1938_179,S015,net,Net,21.209595023533318,-157.1941938316332,687435.107747539,2346413.224751857,3.0,1,0.20328421066788924,0.5161117553710224,0.0,0.024394105280146707,False,False,3.659115792022006,1.5246315800091694,9.147789480055016,2d:area×thick_range×rho,1인,절단기,,molokai_1301_9284_1938.jpg
1301_9284_1938_180,S015,eps_fragment,Styrofoam_Piece,21.209636633077128,-157.19416026613288,687438.540015695,2346417.871357192,3.0,1,0.3094458840590046,0.5787931060790216,0.0,0.009283376521770137,False,False,0.18566753043540274,0.12377835362360184,0.6188917681180093,2d:area×thick_range×rho,1인,,,molokai_1301_9284_1938.jpg
1302_3671_9940_188,S016,plastic_other,Plastic_ETC,21.208154619305276,-157.19328342938385,687531.4468344242,2346254.82679199,3.0,1,0.4654178794176543,0.728298950195403,0.0,0.013962536382529627,False,False,1.1170029106023702,0.7446686070682469,3.7233430353412347,2d:area×thick_range×rho,1인,,,molokai_1302_3671_9940.jpg
1302_3671_9940_189,S016,eps_fragment,Styrofoam_Piece,21.20815926211181,-157.19327101500159,687532.7298596445,2346255.3555344883,3.0,1,0.16296150482300994,0.4099584960938009,0.0,0.004888845144690298,False,False,0.09777690289380596,0.06518460192920397,0.32592300964601995,2d:area×thick_range×rho,1인,,,molokai_1302_3671_9940.jpg
1302_3671_9940_190,S016,eps_fragment,Styrofoam_Piece,21.208133501135393,-157.19324876953814,687535.0719842368,2346252.529728121,3.0,1,0.26827457740909566,0.5269897460938154,0.0,0.00804823732227287,False,False,0.16096474644545739,0.10730983096363826,0.5365491548181913,2d:area×thick_range×rho,1인,,,molokai_1302_3671_9940.jpg
1302_3671_9940_191,S016,eps_fragment,Styrofoam_Piece,21.20813923257122,-157.19328345571475,687531.4635403601,2346253.1231975136,3.0,1,0.4732026939303859,0.7451867675782176,0.0,0.014196080817911577,False,False,0.28392161635823154,0.18928107757215434,0.9464053878607719,2d:area×thick_range×rho,1인,,,molokai_1302_3671_9940.jpg
1302_3671_9940_192,S016,eps_fragment,Styrofoam_Piece,21.20810967803549,-157.1933003576617,687529.7460783838,2346249.831002491,3.0,1,0.3950691661358861,0.6395605468750795,0.0,0.011852074984076583,False,False,0.23704149968153165,0.15802766645435445,0.7901383322717723,2d:area×thick_range×rho,1인,,,molokai_1302_3671_9940.jpg
1302_3671_9940_193,S016,eps_fragment,Styrofoam_Piece,21.208174514887208,-157.19329804631172,687529.9041338586,2346257.0122413705,3.0,1,0.2133551340457582,0.5013110351563123,0.0,0.006400654021372746,False,False,0.1280130804274549,0.0853420536183033,0.4267102680915164,2d:area×thick_range×rho,1인,,,molokai_1302_3671_9940.jpg
1302_3671_9940_194,S017,eps_fragment,Styrofoam_Piece,21.20817327403314,-157.19332927377238,687526.6635919826,2346256.8378627864,3.0,1,0.3726269893386395,0.6199451446533973,0.0,0.011178809680159186,False,False,0.2235761936031837,0.14905079573545582,0.7452539786772792,2d:area×thick_range×rho,1인,,,molokai_1302_3671_9940.jpg
1302_3671_9940_195,S016,eps_fragment,Styrofoam_Piece,21.208146975802407,-157.19327926109798,687531.8892527451,2346253.9854694535,3.0,1,0.12332166998091425,0.3872192382812981,0.0,0.0036996500994274273,False,False,0.07399300198854855,0.0493286679923657,0.24664333996182852,2d:area×thick_range×rho,1인,,,molokai_1302_3671_9940.jpg
1302_3671_9940_196,S016,pet_bottle,PET_Bottle,21.20811614439141,-157.19329478891194,687530.3160699783,2346250.5535313548,3.0,1,0.3241323265612931,0.683835449218835,0.0,0.019447939593677584,False,False,0.6417820065913603,0.5348183388261336,1.0696366776522672,2d:area×thick_range×rho,1인,,,molokai_1302_3671_9940.jpg
1302_3671_9940_197,S016,plastic_other,Plastic_ETC,21.208103049721483,-157.19327634218655,687532.2477977425,2346249.1255915444,3.0,1,0.34528466930099955,0.6783422851563343,0.0,0.010358540079029987,False,False,0.828683206322399,0.5524554708815993,2.7622773544079964,2d:area×thick_range×rho,1인,,,molokai_1302_3671_9940.jpg
1302_3671_9940_198,S016,plastic_buoy,Plastic_Buoy,21.20809956557199,-157.19328645695018,687531.2020601836,2346248.727855853,3.0,1,0.13979253387454646,0.4004687500000497,0.0,0.04193776016236394,False,False,2.5162656097418363,1.2581328048709182,3.3550208129891153,2d:area×thick_range×rho,1인,,,molokai_1302_3671_9940.jpg
1302_3671_9940_199,S016,eps_fragment,Styrofoam_Piece,21.208113466537377,-157.19330245257368,687529.5237931719,2346250.2479697573,3.0,1,0.18731137415175322,0.4389599609375545,0.0,0.005619341224552597,False,False,0.11238682449105195,0.07492454966070129,0.37462274830350645,2d:area×thick_range×rho,1인,,,molokai_1302_3671_9940.jpg
1302_3918_9570_213,S016,eps_fragment,Styrofoam_Piece,21.208159282077396,-157.19327105812658,687532.7253570773,2346255.3576939134,3.0,1,0.14890279234353426,0.386336669921923,0.0,0.0044670837703060275,False,False,0.08934167540612055,0.059561116937413706,0.2978055846870685,2d:area×thick_range×rho,1인,,,molokai_1302_3918_9570.jpg
1302_3918_9570_214,S016,plastic_other,Plastic_ETC,21.208154577417975,-157.1932834449639,687531.4452697879,2346254.822135922,3.0,1,0.4697389954538321,0.7336572265625911,0.0,0.014092169863614962,False,False,1.127373589089197,0.7515823927261313,3.757911963630657,2d:area×thick_range×rho,1인,,,molokai_1302_3918_9570.jpg
1302_3918_9570_215,S016,eps_fragment,Styrofoam_Piece,21.208174512942893,-157.19329809534702,687529.8990453532,2346257.0119680096,3.0,1,0.21540168609028446,0.5019201660156873,0.0,0.006462050582708534,False,False,0.12924101165417068,0.08616067443611378,0.43080337218056897,2d:area×thick_range×rho,1인,,,molokai_1302_3918_9570.jpg
1302_3918_9570_216,S016,eps_fragment,Styrofoam_Piece,21.20813944582586,-157.19328339692714,687531.4693744056,2346253.14687794,3.0,1,0.4412269513965749,0.6943383789063362,0.0,0.013236808541897247,False,False,0.26473617083794493,0.17649078055862996,0.88245390279315,2d:area×thick_range×rho,1인,,,molokai_1302_3918_9570.jpg
1302_3918_9570_217,S017,eps_fragment,Styrofoam_Piece,21.20818889028434,-157.19329953782776,687529.73111929,2346258.6020660577,3.0,1,0.4351066507280954,0.7113024902344633,0.0,0.013053199521842862,False,False,0.26106399043685724,0.17404266029123816,0.8702133014561908,2d:area×thick_range×rho,1인,,,molokai_1302_3918_9570.jpg
1302_3918_9570_218,S017,eps_buoy,Styrofoam_Buoy,21.208205432875875,-157.19329561894818,687530.1170867931,2346260.4382444904,3.0,1,0.5617819108070339,0.7820080566407221,0.0,0.19662366878246185,False,False,4.915591719561546,2.1066821655263768,5.617819108070339,2d:area×thick_range×rho,1인,,,molokai_1302_3918_9570.jpg
1302_3918_9570_219,S016,eps_fragment,Styrofoam_Piece,21.208155149777813,-157.19324807349508,687535.116897579,2346254.927411819,3.0,1,0.1933299609423164,0.4685400390625582,0.0,0.005799898828269492,False,False,0.11599797656538983,0.07733198437692655,0.38665992188463283,2d:area×thick_range×rho,1인,,,molokai_1302_3918_9570.jpg
1302_3918_9570_220,S016,eps_buoy,Styrofoam_Buoy,21.20817130808215,-157.19331551778046,687528.094255672,2346256.6364967297,3.0,1,0.3664950867780464,0.8652832031251075,0.0,0.12827328037231622,False,False,3.2068320093079055,1.3743565754176739,3.6649508677804636,2d:area×thick_range×rho,1인,,,molokai_1302_3918_9570.jpg
1302_4126_10839_227,S018,eps_fragment,Styrofoam_Piece,21.207950415984797,-157.193227713984,687537.4893395234,2346232.2841512156,3.0,1,0.2785877932936645,0.5625012207031949,0.0,0.008357633798809935,False,False,0.1671526759761987,0.1114351173174658,0.557175586587329,2d:area×thick_range×rho,1인,,,molokai_1302_4126_10839.jpg
1302_4126_10839_228,S018,eps_fragment,Styrofoam_Piece,21.207949016466475,-157.19321475070726,687538.8369881662,2346232.1445601135,3.0,1,0.5660375011415696,0.8124645996094759,0.0,0.016981125034247087,False,False,0.33962250068494176,0.22641500045662785,1.1320750022831392,2d:area×thick_range×rho,1인,,,molokai_1302_4126_10839.jpg
1302_4126_10839_229,S018,eps_buoy,Styrofoam_Buoy,21.207963565873168,-157.19321798036816,687538.4832942375,2346233.7515911516,3.0,1,0.7656026328654999,0.8764282226563589,0.0,0.26796092150292494,False,False,6.699023037573124,2.8710098732456246,7.656026328655,2d:area×thick_range×rho,1인,,,molokai_1302_4126_10839.jpg
1302_4126_10839_230,S018,eps_fragment,Styrofoam_Piece,21.207953489555905,-157.19318321212145,687542.1057530104,2346232.677170712,3.0,1,0.195397480911065,0.46464599609380774,0.0,0.00586192442733195,False,False,0.11723848854663901,0.07815899236442601,0.3907949618221301,2d:area×thick_range×rho,1인,,,molokai_1302_4126_10839.jpg
1302_4126_10839_231,S016,eps_fragment,Styrofoam_Piece,21.207999505517332,-157.19322185081165,687538.0360474337,2346237.726112399,3.0,1,0.1874817473710049,0.442939453125055,0.0,0.005624452421130147,False,False,0.11248904842260293,0.07499269894840196,0.37496349474200985,2d:area×thick_range×rho,1인,,,molokai_1302_4126_10839.jpg
1302_4126_10839_232,S018,eps_fragment,Styrofoam_Piece,21.207974818505466,-157.1931689565287,687543.5588564005,2346235.055524567,3.0,1,0.2591516859651256,0.5189672851563145,0.0,0.0077745505789537685,False,False,0.15549101157907536,0.10366067438605026,0.5183033719302512,2d:area×thick_range×rho,1인,,,molokai_1302_4126_10839.jpg
1302_4126_10839_233,S016,plastic_other,Plastic_ETC,21.207984755359313,-157.19321956244286,687538.2922675854,2346236.0957396803,3.0,1,0.29229190731055843,0.6021484375000749,0.0,0.008768757219316753,False,False,0.7015005775453402,0.4676670516968935,2.3383352584844674,2d:area×thick_range×rho,1인,,,molokai_1302_4126_10839.jpg
1302_4126_10839_234,S016,eps_fragment,Styrofoam_Piece,21.208016008855832,-157.19323269477684,687536.8893488508,2346239.5404545083,3.0,1,0.42331542128735494,0.6854058837891477,0.0,0.012699462638620648,False,False,0.25398925277241297,0.16932616851494198,0.8466308425747099,2d:area×thick_range×rho,1인,,,molokai_1302_4126_10839.jpg
1302_4126_10839_235,S018,eps_fragment,Styrofoam_Piece,21.207945890911013,-157.19322413009846,687537.8671447898,2346231.787397552,3.0,1,0.128048123860391,0.362043457031295,0.0,0.0038414437158117297,False,False,0.0768288743162346,0.0512192495441564,0.256096247720782,2d:area×thick_range×rho,1인,,,molokai_1302_4126_10839.jpg
1302_4126_10839_236,S016,net,Net,21.207994542108196,-157.19321395605704,687538.8619717073,2346237.18593526,3.0,1,0.1998045397907992,0.4570825195313068,0.0,0.023976544774895903,False,False,3.5964817162343854,1.4985340484309944,8.991204290585964,2d:area×thick_range×rho,1인,절단기,,molokai_1302_4126_10839.jpg
1302_4126_10839_237,S016,plastic_other,Plastic_ETC,21.208007864630794,-157.19323540061256,687536.6187118785,2346238.6355497283,3.0,1,2.578311124967679,3.1370922851566396,0.0,0.07734933374903037,False,False,6.1879466999224295,4.125297799948287,20.626488999741433,2d:area×thick_range×rho,1인,,,molokai_1302_4126_10839.jpg
1302_5035_11171_243,S018,eps_fragment,Styrofoam_Piece,21.207945597848145,-157.19298568306084,687562.6236962784,2346232.037473396,3.0,1,0.17699499629740345,0.4362646484375542,0.0,0.005309849888922104,False,False,0.10619699777844208,0.07079799851896137,0.35398999259480696,2d:area×thick_range×rho,1인,,,molokai_1302_5035_11171.jpg
1302_5035_11171_244,S018,plastic_other,Plastic_ETC,21.207904714510963,-157.19309362231147,687551.4688240698,2346227.383122753,3.0,1,0.2548002669443078,0.5227693176270181,0.0,0.007644008008329234,False,False,0.6115206406663387,0.4076804271108925,2.0384021355544624,2d:area×thick_range×rho,1인,,,molokai_1302_5035_11171.jpg
1302_5035_11171_245,S018,eps_buoy,Styrofoam_Buoy,21.20790223092276,-157.19304296665953,687556.7311630839,2346227.168169074,3.0,1,1.3942136316004878,1.2903930664064103,0.0,0.48797477106017073,False,False,12.199369276504267,5.228301118501829,13.94213631600488,2d:area×thick_range×rho,1인,,,molokai_1302_5035_11171.jpg
1302_5035_11171_246,S018,eps_buoy,Styrofoam_Buoy,21.207912322116055,-157.19308750979533,687552.0938288782,2346228.2326516183,3.0,1,0.505765150435022,0.7754367065430651,0.0,0.1770178026522577,False,False,4.425445066306442,1.8966193141313326,5.05765150435022,2d:area×thick_range×rho,1인,,,molokai_1302_5035_11171.jpg
1302_5035_11171_247,S018,eps_fragment,Styrofoam_Piece,21.207870771332363,-157.19309017654496,687551.8694605267,2346223.6291398914,3.0,1,0.3514400156618037,0.5989025878906994,0.0,0.010543200469854111,False,False,0.21086400939708222,0.1405760062647215,0.7028800313236074,2d:area×thick_range×rho,1인,,,molokai_1302_5035_11171.jpg
1302_5035_11171_248,S018,plastic_other,Plastic_ETC,21.207920425308387,-157.19298990803534,687562.2168565753,2346229.2454547323,3.0,1,0.47054832314264544,0.7386425781250917,0.0,0.014116449694279363,False,False,1.129315975542349,0.7528773170282327,3.764386585141164,2d:area×thick_range×rho,1인,,,molokai_1302_5035_11171.jpg
1302_5035_11171_249,S018,pet_bottle,PET_Bottle,21.20784559293153,-157.1930662103104,687554.3895114954,2346220.869875288,3.0,1,0.17665323095326044,0.8398779296876043,0.0,0.010599193857195625,False,False,0.3497733972874556,0.2914778310728798,0.5829556621457596,2d:area×thick_range×rho,1인,,,molokai_1302_5035_11171.jpg
1302_5904_12425_254,S019,eps_fragment,Styrofoam_Piece,21.20765962486428,-157.19284293014707,687577.8060522368,2346200.5447371593,3.0,1,0.14584635406736182,0.39898925781254957,0.0,0.004375390622020855,False,False,0.0875078124404171,0.058338541626944726,0.29169270813472364,2d:area×thick_range×rho,1인,,,molokai_1302_5904_12425.jpg
1302_5904_12425_255,S020,pet_bottle,PET_Bottle,21.207706335221562,-157.19292774567688,687568.9412447701,2346205.615834318,3.0,1,0.31885213399705015,0.6903570556641483,0.0,0.019131128039823007,False,False,0.6313272253141592,0.5261060210951327,1.0522120421902654,2d:area×thick_range×rho,1인,,,molokai_1302_5904_12425.jpg
1302_5904_12425_256,S019,eps_buoy,Styrofoam_Buoy,21.207686004657255,-157.19285881013892,687576.1240120336,2346203.4465945703,3.0,1,1.5038084846202295,1.2564111328126562,0.0,0.5263329696170803,False,False,13.158324240427008,5.639281817325861,15.038084846202295,2d:area×thick_range×rho,1인,,,molokai_1302_5904_12425.jpg
1302_5904_12425_257,S020,eps_fragment,Styrofoam_Piece,21.207705548012378,-157.19289203591424,687572.6497246866,2346205.5709920754,3.0,1,0.18917696889643604,0.4869897460938105,0.0,0.005675309066893081,False,False,0.11350618133786163,0.07567078755857441,0.37835393779287213,2d:area×thick_range×rho,1인,,,molokai_1302_5904_12425.jpg
1302_5904_12425_258,S019,eps_buoy,Styrofoam_Buoy,21.207685838173578,-157.1928983693928,687572.017071937,2346203.3812851165,3.0,1,0.5078643413991998,0.72438232421884,0.0,0.1777525194897199,False,False,4.443812987242998,1.904491280246999,5.0786434139919985,2d:area×thick_range×rho,1인,,,molokai_1302_5904_12425.jpg
1302_5904_12425_259,S019,eps_fragment,Styrofoam_Piece,21.207700682666072,-157.19287831434485,687574.080483704,2346205.048578307,3.0,1,0.3940195258141543,0.6530957031250811,0.0,0.011820585774424628,False,False,0.23641171548849257,0.1576078103256617,0.7880390516283087,2d:area×thick_range×rho,1인,,,molokai_1302_5904_12425.jpg
1302_5904_12425_260,S019,plastic_buoy,Plastic_Buoy,21.207673852768536,-157.19287846453133,687574.0987948587,2346202.0778912334,3.0,1,0.910948361218202,0.9787255859376216,0.0,0.2732845083654606,False,False,16.397070501927637,8.198535250963818,21.86276066923685,2d:area×thick_range×rho,1인,,,molokai_1302_5904_12425.jpg
1302_5904_12425_261,S019,eps_fragment,Styrofoam_Piece,21.207631612382457,-157.19292781307232,687569.0286693578,2346197.342712463,3.0,1,0.11879081328551443,0.387832717895556,0.0,0.0035637243985654327,False,False,0.07127448797130866,0.04751632531420577,0.23758162657102885,2d:area×thick_range×rho,1인,,,molokai_1302_5904_12425.jpg
1302_5904_12425_262,S019,plastic_buoy,Plastic_Buoy,21.20765814961817,-157.1928551056534,687576.5438216965,2346200.3669752795,3.0,1,0.16059835162166772,0.41336914062505137,0.0,0.04817950548650032,False,False,2.890770329190019,1.4453851645950095,3.854360438920025,2d:area×thick_range×rho,1인,,,molokai_1302_5904_12425.jpg
1302_5904_12425_263,S019,eps_fragment,Styrofoam_Piece,21.20771017368917,-157.19287043426561,687574.8866215997,2346206.108727799,3.0,1,0.24130141181951795,0.4923046875000612,0.0,0.007239042354585538,False,False,0.14478084709171077,0.09652056472780718,0.4826028236390359,2d:area×thick_range×rho,1인,,,molokai_1302_5904_12425.jpg
1302_5904_12425_264,S020,eps_fragment,Styrofoam_Piece,21.2077307221017,-157.19290668881203,687571.0966096853,2346208.340812842,3.0,1,0.10760724473095379,0.3741259765625465,0.0,0.0032282173419286137,False,False,0.06456434683857228,0.04304289789238151,0.2152144894619076,2d:area×thick_range×rho,1인,,,molokai_1302_5904_12425.jpg
1302_5950_12785_270,S019,eps_fragment,Styrofoam_Piece,21.20765963389636,-157.19284290453498,687577.8086999414,2346200.5457675094,3.0,1,0.14274138694707125,0.39661682128911174,0.0,0.0042822416084121375,False,False,0.08564483216824276,0.05709655477882851,0.2854827738941425,2d:area×thick_range×rho,1인,,,molokai_1302_5950_12785.jpg
1302_5950_12785_271,S019,eps_fragment,Styrofoam_Piece,21.207631572622727,-157.19292781496682,687569.0285229051,2346197.3383081644,3.0,1,0.12872078089447164,0.4067019844055681,0.0,0.003861623426834149,False,False,0.07723246853668297,0.051488312357788654,0.2574415617889433,2d:area×thick_range×rho,1인,,,molokai_1302_5950_12785.jpg
1302_5950_12785_272,S019,plastic_other,Plastic_ETC,21.207608876427443,-157.19287158167998,687574.8954997505,2346194.8921021023,3.0,1,0.486361005938174,0.6981103515625867,0.0,0.01459083017814522,False,False,1.1672664142516176,0.7781776095010784,3.890888047505392,2d:area×thick_range×rho,1인,,,molokai_1302_5950_12785.jpg
1302_5950_12785_273,S019,plastic_buoy,Plastic_Buoy,21.207658141869317,-157.19285515407128,687576.5388046093,2346200.366059979,3.0,1,0.1609055683494014,0.4113629150391136,0.0,0.04827167050482042,False,False,2.896300230289225,1.4481501151446126,3.8617336403856335,2d:area×thick_range×rho,1인,,,molokai_1302_5950_12785.jpg
1302_5950_12785_274,S019,eps_fragment,Styrofoam_Piece,21.2076517262276,-157.19282221529483,687579.9667070629,2346199.6947760074,3.0,1,0.09788632777335692,0.35073242187504355,0.0,0.0029365898332007075,False,False,0.05873179666401415,0.03915453110934276,0.19577265554671386,2d:area×thick_range×rho,1인,,,molokai_1302_5950_12785.jpg
1302_6268_13050_276,S019,eps_buoy,Styrofoam_Buoy,21.207566095012968,-157.19276363751294,687586.1566304375,2346190.283414416,3.0,1,2.286810997820469,1.5751855468751956,0.0,0.8003838492371641,False,False,20.009596230929102,8.575541241826757,22.86810997820469,2d:area×thick_range×rho,1인,,,molokai_1302_6268_13050.jpg
1302_6268_13050_277,S019,eps_fragment,Styrofoam_Piece,21.207560600683536,-157.19281066324402,687581.2812288452,2346189.619374957,3.0,1,0.4815432394356732,0.7042956542969625,0.0,0.014446297183070195,False,False,0.2889259436614039,0.19261729577426928,0.9630864788713465,2d:area×thick_range×rho,1인,,,molokai_1302_6268_13050.jpg
1302_6268_13050_278,S019,pet_bottle,PET_Bottle,21.20758622906134,-157.19280359469494,687581.9827188953,2346192.465232593,3.0,1,0.791650090116459,0.8994177246094868,0.0,0.04749900540698754,False,False,1.5674671784305887,1.3062226486921575,2.612445297384315,2d:area×thick_range×rho,1인,,,molokai_1302_6268_13050.jpg
1302_62_3190_280,S021,eps_buoy,Styrofoam_Buoy,21.209319516381683,-157.19394419648495,687461.3731785738,2346383.0172446445,3.0,1,0.6829200481297282,0.8294091796876031,0.0,0.23902201684540483,False,False,5.975550421135121,2.5609501804864805,6.829200481297281,2d:area×thick_range×rho,1인,,,molokai_1302_62_3190.jpg
1302_62_3190_281,S021,plastic_buoy,Plastic_Buoy,21.209354157880902,-157.1939843363806,687457.1620404656,2346386.8050855547,3.0,1,0.6329390636490368,0.8492834472657305,0.0,0.18988171909471105,False,False,11.392903145682663,5.696451572841331,15.190537527576884,2d:area×thick_range×rho,1인,,,molokai_1302_62_3190.jpg
1302_62_3190_282,S021,eps_fragment,Styrofoam_Piece,21.209356365527707,-157.19400260215764,687455.2628712973,2346387.02787553,3.0,1,0.2681700857163142,0.571524658203196,0.0,0.008045102571489425,False,False,0.1609020514297885,0.10726803428652566,0.5363401714326284,2d:area×thick_range×rho,1인,,,molokai_1302_62_3190.jpg
1302_62_3190_283,S021,eps_buoy,Styrofoam_Buoy,21.209405011018735,-157.19393260079565,687462.4690797417,2346392.4966323595,3.0,1,3.0091537964917743,2.1867651367190217,0.0,1.0532038287721208,False,False,26.33009571930302,11.284326736844152,30.091537964917748,2d:area×thick_range×rho,2인,,,molokai_1302_62_3190.jpg
1302_62_3190_284,S021,plastic_buoy,Plastic_Buoy_China,21.209333957443445,-157.19395476225444,687460.2579848248,2346384.603592694,3.0,1,0.33622042577275046,0.6011523437500746,0.0,0.10086612773182514,False,False,6.051967663909508,3.025983831954754,8.06929021854601,2d:area×thick_range×rho,1인,,,molokai_1302_62_3190.jpg
1302_7076_13781_288,S019,eps_fragment,Styrofoam_Piece,21.20746982971241,-157.19268257664638,687594.6942588512,2346179.721331711,3.0,1,0.3127343189858677,0.6068591308594504,0.0,0.00938202956957603,False,False,0.18764059139152062,0.12509372759434706,0.6254686379717355,2d:area×thick_range×rho,1인,,,molokai_1302_7076_13781.jpg
1302_7076_13781_289,S019,eps_buoy,Styrofoam_Buoy,21.20745086156682,-157.19265644098473,687597.4317113025,2346177.6522207824,3.0,1,1.7976558338400719,1.4484063720704925,0.0,0.6291795418440251,False,False,15.729488546100628,6.741209376900269,17.976558338400718,2d:area×thick_range×rho,1인,,,molokai_1302_7076_13781.jpg
1302_7076_13781_290,S019,eps_buoy,Styrofoam_Buoy,21.207405560202968,-157.19267683573818,687595.3715197452,2346172.612447508,3.0,1,0.5905510859073675,0.7899420166016606,0.0,0.2066928800675786,False,False,5.167322001689465,2.214566572152628,5.905510859073675,2d:area×thick_range×rho,1인,,,molokai_1302_7076_13781.jpg
1302_7076_13781_291,S019,plastic_buoy,Plastic_Buoy_China,21.207482882301903,-157.19269166329227,687593.7343612366,2346181.155698675,3.0,1,0.2629363258215786,0.6292784118653125,0.0,0.07888089774647358,False,False,4.732853864788415,2.3664269323942073,6.310471819717886,2d:area×thick_range×rho,1인,,,molokai_1302_7076_13781.jpg
1302_7076_13781_292,S022,plastic_other,Plastic_ETC,21.207392873319833,-157.19270017500415,687592.9644015384,2346171.1801424716,3.0,1,0.4417115467013026,0.7267175292969653,0.0,0.013251346401039078,False,False,1.0601077120831262,0.7067384747220841,3.533692373610421,2d:area×thick_range×rho,1인,,,molokai_1302_7076_13781.jpg
1302_7076_13781_293,S019,eps_fragment,Styrofoam_Piece,21.20742825308945,-157.19267374714923,687595.6635071266,2346175.1285821623,3.0,1,0.26986315227455643,0.5352648925781915,0.0,0.008095894568236693,False,False,0.16191789136473386,0.10794526090982257,0.5397263045491129,2d:area×thick_range×rho,1인,,,molokai_1302_7076_13781.jpg
1302_7076_13781_294,S019,eps_fragment,Styrofoam_Piece,21.207419803206367,-157.1926637119235,687596.71607269,2346174.20493447,3.0,1,0.18096768213515008,0.43586669921880417,0.0,0.005429030464054502,False,False,0.10858060928109003,0.07238707285406003,0.36193536427030015,2d:area×thick_range×rho,1인,,,molokai_1302_7076_13781.jpg
1302_7076_13781_295,S019,plastic_other,Plastic_ETC,21.207441323921596,-157.19265130489126,687597.9770092852,2346176.602334047,3.0,1,0.6465391512559471,1.1643579101563946,0.0,0.01939617453767841,False,False,1.551693963014273,1.0344626420095153,5.172313210047577,2d:area×thick_range×rho,1인,,,molokai_1302_7076_13781.jpg
1302_7076_13781_296,S023,eps_buoy,Styrofoam_Buoy,21.207374053645122,-157.19261614640214,687601.7122848423,2346169.1960794628,3.0,1,1.4838216104511133,1.2508300781251553,0.0,0.5193375636578896,False,False,12.983439091447242,5.564331039191674,14.838216104511135,2d:area×thick_range×rho,1인,,,molokai_1302_7076_13781.jpg
1302_7568_14668_298,S023,plastic_other,Plastic_ETC,21.20728610526023,-157.19256332806066,687607.3071970885,2346159.5213498883,3.0,1,0.38861148441294546,0.6344689941407038,0.0,0.011658344532388364,False,False,0.9326675625910691,0.6217783750607128,3.1088918753035637,2d:area×thick_range×rho,1인,,,molokai_1302_7568_14668.jpg
1302_7568_14668_299,S023,eps_fragment,Styrofoam_Piece,21.207314268694606,-157.19255204213667,687608.4433411681,2346162.652879437,3.0,1,0.23434284110522133,0.4894128417969358,0.0,0.00703028523315664,False,False,0.1406057046631328,0.09373713644208853,0.46868568221044266,2d:area×thick_range×rho,1인,,,molokai_1302_7568_14668.jpg
1302_7568_14668_300,S023,eps_fragment,Styrofoam_Piece,21.207279727952447,-157.19258298800207,687605.2741021048,2346158.7919771536,3.0,1,0.19979615903650716,0.5108093261719384,0.0,0.005993884771095214,False,False,0.11987769542190428,0.07991846361460286,0.3995923180730143,2d:area×thick_range×rho,1인,,,molokai_1302_7568_14668.jpg
1302_7568_14668_301,S023,eps_fragment,Styrofoam_Piece,21.20730977610446,-157.1925859117127,687604.9325773675,2346162.1153349467,3.0,1,0.2674749220836175,0.592558670044019,0.0,0.008024247662508525,False,False,0.1604849532501705,0.106989968833447,0.534949844167235,2d:area×thick_range×rho,1인,,,molokai_1302_7568_14668.jpg
1302_7568_14668_302,S023,plastic_other,Plastic_ETC,21.207314361137414,-157.19254712473082,687608.9537642726,2346162.668942386,3.0,1,0.58168958445746,0.8076806640626003,0.0,0.0174506875337238,False,False,1.3960550026979042,0.930703335131936,4.65351667565968,2d:area×thick_range×rho,1인,,,molokai_1302_7568_14668.jpg
1302_7568_14668_303,S023,pet_bottle,PET_Bottle,21.207308349685547,-157.19251893300114,687611.8883127195,2346162.036788732,3.0,1,0.3762003802434545,0.6200897216797645,0.0,0.022572022814607268,False,False,0.7448767528820398,0.6207306274016999,1.2414612548033999,2d:area×thick_range×rho,1인,,,molokai_1302_7568_14668.jpg
1512_10078_3657_305,S024,eps_fragment,Styrofoam_Piece,21.20655211162905,-157.1921073933769,687655.5716115363,2346078.796642343,3.0,1,0.2710929211483079,0.6504083251953933,0.0,0.008132787634449237,False,False,0.16265575268898474,0.10843716845932316,0.5421858422966158,2d:area×thick_range×rho,1인,,,molokai_1512_10078_3657.jpg
1512_10078_3657_306,S024,plastic_buoy,Plastic_Buoy,21.206577374192413,-157.1921482460636,687651.2982049233,2346081.545194667,3.0,1,0.220895276227788,0.5120501708985011,0.0,0.0662685828683364,False,False,3.976114972100184,1.988057486050092,5.301486629466912,2d:area×thick_range×rho,1인,,,molokai_1512_10078_3657.jpg
1512_10078_3657_307,S024,eps_fragment,Styrofoam_Piece,21.206557247560795,-157.1921082355777,687655.4776787139,2346079.364275845,3.0,1,0.46289772305723603,0.6861578369141478,0.0,0.013886931691717081,False,False,0.2777386338343416,0.1851590892228944,0.9257954461144722,2d:area×thick_range×rho,1인,,,molokai_1512_10078_3657.jpg
1512_10078_3657_308,S024,eps_fragment,Styrofoam_Piece,21.206525778506638,-157.19209118980916,687657.2872128424,2346075.9003421846,3.0,1,0.27869248616702325,0.5502807617188183,0.0,0.008360774585010698,False,False,0.16721549170021394,0.11147699446680931,0.5573849723340465,2d:area×thick_range×rho,1인,,,molokai_1512_10078_3657.jpg
1512_10078_3657_309,S024,plastic_other,Plastic_ETC,21.206572358075796,-157.1921380316972,687652.3650377269,2346081.0019365503,3.0,1,0.3941448789856445,0.6493788146973463,0.0,0.011824346369569335,False,False,0.9459477095655467,0.6306318063770312,3.153159031885156,2d:area×thick_range×rho,1인,,,molokai_1512_10078_3657.jpg
1512_10078_3657_310,S024,eps_fragment,Styrofoam_Piece,21.206539762432705,-157.1920522094388,687661.316616914,2346077.4948017993,3.0,1,0.16291495662931677,0.4088720703125508,0.0,0.004887448698879503,False,False,0.09774897397759005,0.06516598265172671,0.32582991325863353,2d:area×thick_range×rho,1인,,,molokai_1512_10078_3657.jpg
1512_10078_3657_311,S024,eps_fragment,Styrofoam_Piece,21.20657270437142,-157.19211658866413,687654.5908920018,2346081.0656962493,3.0,1,0.13807427267435643,0.39830566406254947,0.0,0.004142228180230693,False,False,0.08284456360461386,0.055229709069742575,0.27614854534871286,2d:area×thick_range×rho,1인,,,molokai_1512_10078_3657.jpg
1512_10078_3657_312,S024,rope,Rope,21.20652509396096,-157.19204252434565,687662.3407016348,2346075.882242805,3.0,1,0.8167059578182342,1.0355908203126287,0.0,0.024501178734547026,False,False,9.80047149381881,6.5336476625458735,16.334119156364686,2d:area×thick_range×rho,1인,절단기,,molokai_1512_10078_3657.jpg
1512_10078_3657_313,S024,eps_fragment,Styrofoam_Piece,21.206558912669795,-157.1921461047543,687651.5438606878,2346079.503739694,3.0,1,0.4475965937842796,0.7133499145508698,0.0,0.013427897813528386,False,False,0.2685579562705677,0.17903863751371182,0.8951931875685593,2d:area×thick_range×rho,1인,,,molokai_1512_10078_3657.jpg
1512_10078_3657_314,S024,eps_fragment,Styrofoam_Piece,21.20652052113663,-157.19212014285142,687654.2878499194,2346075.283943114,3.0,1,0.19715245676045548,0.48408813476568513,0.0,0.005914573702813664,False,False,0.11829147405627329,0.07886098270418221,0.39430491352091096,2d:area×thick_range×rho,1인,,,molokai_1512_10078_3657.jpg
1512_10986_4514_324,S025,eps_buoy,Styrofoam_Buoy,21.206362894047572,-157.19189445578215,687677.91877915,2346058.0995900636,3.0,1,0.5286261874349238,0.7868811035157227,0.0,0.18501916560222334,False,False,4.6254791400555835,1.9823482028809642,5.286261874349239,2d:area×thick_range×rho,1인,,,molokai_1512_10986_4514.jpg
1512_10986_4514_325,S024,eps_fragment,Styrofoam_Piece,21.206421041188108,-157.19192836638575,687674.3245415268,2346064.4972295905,3.0,1,0.5486324156091981,0.8113061523438508,0.0,0.01645897246827594,False,False,0.3291794493655188,0.21945296624367922,1.0972648312183961,2d:area×thick_range×rho,1인,,,molokai_1512_10986_4514.jpg
1512_10986_4514_326,S024,plastic_other,Plastic_ETC,21.206414917483666,-157.1919469862144,687672.3991043459,2346063.797160452,3.0,1,0.43141111725579484,0.6634228515625824,0.0,0.012942333517673845,False,False,1.0353866814139077,0.6902577876092718,3.451288938046359,2d:area×thick_range×rho,1인,,,molokai_1512_10986_4514.jpg
1512_10986_4514_327,S024,eps_fragment,Styrofoam_Piece,21.206428409877677,-157.19196968734994,687670.0251315206,2346065.2640769803,3.0,1,0.35911732915920047,0.66663871765145,0.0,0.010773519874776014,False,False,0.21547039749552027,0.1436469316636802,0.7182346583184009,2d:area×thick_range×rho,1인,,,molokai_1512_10986_4514.jpg
1512_10986_4514_328,S024,eps_fragment,Styrofoam_Piece,21.20640627316943,-157.19194980345463,687672.1175365857,2346062.836753111,3.0,1,0.19922003071387592,0.48972778320318583,0.0,0.005976600921416278,False,False,0.11953201842832556,0.07968801228555036,0.3984400614277519,2d:area×thick_range×rho,1인,,,molokai_1512_10986_4514.jpg
1512_10986_4514_329,S025,eps_fragment,Styrofoam_Piece,21.206377291679832,-157.1918925327543,687678.1002324456,2346059.6959240753,3.0,1,0.22272780219918065,0.5362707519531916,0.0,0.006681834065975419,False,False,0.13363668131950837,0.08909112087967226,0.4454556043983613,2d:area×thick_range×rho,1인,,,molokai_1512_10986_4514.jpg
1512_12525_5596_337,S026,plastic_other,Plastic_ETC,21.206204221039133,-157.1916134440667,687707.2950985831,2346040.8650670038,3.0,1,0.5010136766732984,0.7355957031250914,0.0,0.015030410300198952,False,False,1.2024328240159161,0.8016218826772775,4.0081094133863875,2d:area×thick_range×rho,1인,,,molokai_1512_12525_5596.jpg
1512_12525_5596_338,S026,net,Net,21.206198297705402,-157.19161084471455,687707.5724631516,2346040.2123388764,3.0,1,0.22875816542660912,0.5887023925781981,0.0,0.027450979851193092,False,False,4.117646977678964,1.7156862406995685,10.29411744419741,2d:area×thick_range×rho,1인,절단기,,molokai_1512_12525_5596.jpg
1512_12525_5596_339,S026,eps_fragment,Styrofoam_Piece,21.206212762836017,-157.1916343692335,687705.1117667523,2346041.785972388,3.0,1,0.18333428283338332,0.4436865234375551,0.0,0.0055000284850015,False,False,0.11000056970003,0.07333371313335334,0.3666685656667667,2d:area×thick_range×rho,1인,,,molokai_1512_12525_5596.jpg
1512_12525_5596_340,S026,eps_buoy,Styrofoam_Buoy,21.20618286035485,-157.1916197598192,687706.666382602,2346038.492599684,3.0,1,1.6508271539215376,1.327207031250165,0.0,0.5777895038725381,False,False,14.444737596813454,6.190601827205765,16.50827153921538,2d:area×thick_range×rho,1인,,,molokai_1512_12525_5596.jpg
1512_12525_5596_341,S026,eps_fragment,Styrofoam_Piece,21.20619986490985,-157.19161456749424,687707.1839681821,2346040.381439871,3.0,1,0.15420872531835095,0.4087451171875508,0.0,0.004626261759550528,False,False,0.09252523519101055,0.06168349012734038,0.3084174506367019,2d:area×thick_range×rho,1인,,,molokai_1512_12525_5596.jpg
1512_7470_-246_347,S023,eps_fragment,Styrofoam_Piece,21.207237341608295,-157.19256671330285,687607.0173611896,2346154.118402387,3.0,1,0.19278293581609748,0.5219873046875648,0.0,0.005783488074482924,False,False,0.11566976148965848,0.077113174326439,0.38556587163219497,2d:area×thick_range×rho,1인,,,molokai_1512_7470_-246.jpg
1512_7470_-246_348,S023,eps_fragment,Styrofoam_Piece,21.207217994854172,-157.1925280622604,687611.0546833441,2346152.022208013,3.0,1,0.623075898683226,0.9560717773438687,0.0,0.01869227696049678,False,False,0.3738455392099356,0.24923035947329042,1.2461517973664522,2d:area×thick_range×rho,1인,,,molokai_1512_7470_-246.jpg
1512_7470_-246_349,S023,plastic_buoy,Plastic_Buoy,21.20723818100016,-157.1925556769157,687608.1621319784,2346154.224416814,3.0,1,0.2099540519714877,0.4804687500000597,0.0,0.0629862155914463,False,False,3.7791729354867782,1.8895864677433891,5.038897247315705,2d:area×thick_range×rho,1인,,,molokai_1512_7470_-246.jpg
1512_7470_-246_350,S023,plastic_buoy,Plastic_Buoy,21.20724914704107,-157.1925256303542,687611.2677986328,2346155.474147951,3.0,1,0.8593400772156465,0.9569665527344939,0.0,0.25780202316469397,False,False,15.468121389881638,7.734060694940819,20.62416185317552,2d:area×thick_range×rho,1인,,,molokai_1512_7470_-246.jpg
1512_8255_789_353,S027,plastic_other,Plastic_ETC,21.207061670011132,-157.1924341567868,687621.0018256425,2346134.8257840658,3.0,1,0.4420137248040344,0.6875097656250854,0.0,0.013260411744121032,False,False,1.0608329395296825,0.707221959686455,3.5361097984322756,2d:area×thick_range×rho,1인,,,molokai_1512_8255_789.jpg
1512_8255_789_354,S027,plastic_buoy,Plastic_Buoy,21.207018403110162,-157.19240048705402,687624.5522128566,2346130.075336108,3.0,1,0.16432032188479215,0.4162194824219267,0.0,0.049296096565437646,False,False,2.9577657939262587,1.4788828969631294,3.9436877252350113,2d:area×thick_range×rho,1인,,,molokai_1512_8255_789.jpg
1512_8255_789_355,S027,plastic_other,Plastic_ETC,21.207033595237043,-157.19238306886805,687626.3414228896,2346131.777998878,3.0,1,0.7476306549312541,0.909799804687613,0.0,0.022428919647937622,False,False,1.7943135718350098,1.1962090478900067,5.981045239450033,2d:area×thick_range×rho,1인,,,molokai_1512_8255_789.jpg
1512_8255_789_356,S027,plastic_other,Plastic_ETC,21.20705565189459,-157.19238724807266,687625.8796454407,2346134.2150789485,3.0,1,0.21328723289077814,0.47178955078130863,0.0,0.006398616986723344,False,False,0.5118893589378675,0.341259572625245,1.7062978631262251,2d:area×thick_range×rho,1인,,,molokai_1512_8255_789.jpg
1512_8255_789_357,S027,plastic_other,Plastic_ETC,21.2070576572233,-157.1924457992833,687619.7981362261,2346134.367703511,3.0,1,3.7583665193541,3.9871145629887765,0.0,0.11275099558062299,False,False,9.020079646449839,6.01338643096656,30.0669321548328,2d:area×thick_range×rho,2인,,,molokai_1512_8255_789.jpg
1512_8524_1127_360,S027,eps_buoy,Styrofoam_Buoy,21.206999483505914,-157.19238278081852,687626.4144453641,2346128.0016124463,3.0,1,1.116993553579131,1.1872241210938974,0.0,0.39094774375269586,False,False,9.773693593817397,4.1887258259217415,11.169935535791312,2d:area×thick_range×rho,1인,,,molokai_1512_8524_1127.jpg
1512_8524_1127_361,S027,plastic_other,Plastic_ETC,21.20703355614059,-157.19238302895693,687626.3456160111,2346131.7737175655,3.0,1,0.7400054635720303,0.9147387695313637,0.0,0.02220016390716091,False,False,1.7760131125728729,1.1840087417152485,5.920043708576243,2d:area×thick_range×rho,1인,,,molokai_1512_8524_1127.jpg
1512_8524_1127_362,S027,eps_fragment,Styrofoam_Piece,21.206968613276988,-157.1923434253483,687630.5394781084,2346124.6304195886,3.0,1,0.14529565219882762,0.4984179687500619,0.0,0.004358869565964828,False,False,0.08717739131929657,0.05811826087953105,0.29059130439765524,2d:area×thick_range×rho,1인,,,molokai_1512_8524_1127.jpg
1512_8524_1127_363,S027,eps_buoy,Styrofoam_Buoy,21.206985823496595,-157.19235880298183,687628.9211683883,2346126.5176460086,3.0,1,1.012693416524185,1.0286352539063779,0.0,0.3544426957834647,False,False,8.861067394586618,3.797600311965694,10.12693416524185,2d:area×thick_range×rho,1인,,,molokai_1512_8524_1127.jpg
1512_8524_1127_364,S027,eps_fragment,Styrofoam_Piece,21.206949142392,-157.19235689470472,687629.1656563575,2346122.458708239,3.0,1,0.20346792418961812,0.5034521484375626,0.0,0.006104037725688544,False,False,0.12208075451377087,0.08138716967584725,0.40693584837923624,2d:area×thick_range×rho,1인,,,molokai_1512_8524_1127.jpg
1512_8524_1127_365,S027,eps_fragment,Styrofoam_Piece,21.206945178027418,-157.19233203952066,687631.7512142408,2346122.0492489045,3.0,1,0.5573497249604656,0.7480419921875929,0.0,0.01672049174881397,False,False,0.3344098349762794,0.22293988998418626,1.1146994499209313,2d:area×thick_range×rho,1인,,,molokai_1512_8524_1127.jpg
1512_8524_1127_366,S027,plastic_other,Plastic_ETC,21.20697282100786,-157.19236310349808,687628.4911096881,2346125.072959985,3.0,1,0.6448676081003362,0.8258666992188526,0.0,0.019346028243010086,False,False,1.5476822594408068,1.0317881729605378,5.158940864802689,2d:area×thick_range×rho,1인,,,molokai_1512_8524_1127.jpg
1512_8524_1127_367,S027,plastic_other,Plastic_ETC,21.207055546740612,-157.1923875298755,687625.850520676,2346134.203102666,3.0,1,0.24463736256739613,0.5275097656250656,0.0,0.007339120877021883,False,False,0.5871296701617507,0.39141978010783385,1.9570989005391692,2d:area×thick_range×rho,1인,,,molokai_1512_8524_1127.jpg
1512_8524_1127_368,S027,net,Net,21.207002857037654,-157.19239322849833,687625.325469268,2346128.362734364,3.0,1,0.12826448640826552,0.37066894531254607,0.0,0.015391738368991862,False,False,2.3087607553487794,0.9619836480619914,5.771901888371948,2d:area×thick_range×rho,1인,절단기,,molokai_1512_8524_1127.jpg
1512_8524_1127_369,S027,eps_fragment,Styrofoam_Piece,21.206976520611086,-157.19236517432805,687628.2714331212,2346125.480112185,3.0,1,0.31425796031959713,0.5606274414063196,0.0,0.009427738809587914,False,False,0.18855477619175828,0.12570318412783885,0.6285159206391943,2d:area×thick_range×rho,1인,,,molokai_1512_8524_1127.jpg
1512_9694_3394_373,S024,eps_fragment,Styrofoam_Piece,21.206594362541253,-157.19216490448073,687649.5471938676,2346083.4063364873,3.0,1,0.27287825363881213,0.5245983886719402,0.0,0.008186347609164363,False,False,0.16372695218328726,0.10915130145552485,0.5457565072776243,2d:area×thick_range×rho,1인,,,molokai_1512_9694_3394.jpg
1512_9694_3394_374,S024,plastic_other,Plastic_ETC,21.206610138661315,-157.1921874258871,687647.1889993207,2346085.1263149446,3.0,1,0.5931066209079309,0.8576660156251066,0.0,0.017793198627237924,False,False,1.423455890179034,0.9489705934526894,4.744852967263447,2d:area×thick_range×rho,1인,,,molokai_1512_9694_3394.jpg
1512_9694_3394_375,S024,plastic_buoy,Plastic_Buoy,21.206577452220728,-157.19214865444914,687651.2557062483,2346081.553349576,3.0,1,0.269022421646185,0.5355761718750666,0.0,0.0807067264938555,False,False,4.84240358963133,2.421201794815665,6.456538119508441,2d:area×thick_range×rho,1인,,,molokai_1512_9694_3394.jpg
1512_9694_3394_376,S024,eps_fragment,Styrofoam_Piece,21.206552100697948,-157.19210736460712,687655.5746123326,2346078.795466195,3.0,1,0.2663378907681173,0.6723242187500835,0.0,0.00799013672304352,False,False,0.1598027344608704,0.10653515630724694,0.5326757815362346,2d:area×thick_range×rho,1인,,,molokai_1512_9694_3394.jpg
1512_9694_3394_377,S024,eps_fragment,Styrofoam_Piece,21.206616454667717,-157.19219122481863,687646.7865968852,2346085.8210972226,3.0,1,0.22524107261454693,0.5059973144531879,0.0,0.006757232178436407,False,False,0.13514464356872816,0.09009642904581878,0.45048214522909386,2d:area×thick_range×rho,1인,,,molokai_1512_9694_3394.jpg
1512_9694_3394_378,S024,pet_bottle,PET_Bottle,21.206620715627817,-157.1921330996761,687652.8159678718,2346086.3617571327,3.0,1,0.5431732504965224,0.9312304687501157,0.0,0.032590395029791344,False,False,1.0754830359831145,0.8962358633192621,1.7924717266385242,2d:area×thick_range×rho,1인,,,molokai_1512_9694_3394.jpg
1512_9694_3394_379,S024,plastic_other,Plastic_ETC,21.206572319148325,-157.19213795125768,687652.3734384548,2346080.997721995,3.0,1,0.4105908260584898,0.6496569824219557,0.0,0.012317724781754693,False,False,0.9854179825403754,0.6569453216935837,3.2847266084679183,2d:area×thick_range×rho,1인,,,molokai_1512_9694_3394.jpg
1512_9694_3394_380,S024,eps_fragment,Styrofoam_Piece,21.20655720862989,-157.19210826931362,687655.4742253448,2346079.3599255625,3.0,1,0.4750868778825987,0.7046020507813375,0.0,0.01425260633647796,False,False,0.2850521267295592,0.1900347511530395,0.9501737557651974,2d:area×thick_range×rho,1인,,,molokai_1512_9694_3394.jpg
1512_9694_3394_381,S024,plastic_other,Plastic_ETC,21.206588653054673,-157.19212237411386,687653.970064826,2346082.824618805,3.0,1,0.5811081446708692,0.7829345703125973,0.0,0.017433244340126077,False,False,1.3946595472100862,0.9297730314733909,4.648865157366954,2d:area×thick_range×rho,1인,,,molokai_1512_9694_3394.jpg
1512_9694_3394_382,S024,eps_fragment,Styrofoam_Piece,21.206572578663387,-157.1921165731405,687654.5926626314,2346081.051796711,3.0,1,0.14300268654826856,0.4009960937500498,0.0,0.004290080596448057,False,False,0.08580161192896113,0.05720107461930742,0.2860053730965372,2d:area×thick_range×rho,1인,,,molokai_1512_9694_3394.jpg
1512_9694_3394_383,S024,eps_fragment,Styrofoam_Piece,21.20655884598045,-157.19214611696003,687651.5426777462,2346079.496341622,3.0,1,0.4612161076636268,0.7161303710938389,0.0,0.013836483229908804,False,False,0.27672966459817605,0.18448644306545076,0.9224322153272536,2d:area×thick_range×rho,1인,,,molokai_1512_9694_3394.jpg
1512_9694_3394_384,S024,plastic_other,Plastic_ETC,21.206603915571627,-157.19216733541498,687649.2827296949,2346084.461131976,3.0,1,1.5837201557014349,1.9725244140627451,0.0,0.047511604671043046,False,False,3.8009283736834436,2.533952249122296,12.669761245611479,2d:area×thick_range×rho,1인,,,molokai_1512_9694_3394.jpg
1512_9694_3394_385,S024,eps_fragment,Styrofoam_Piece,21.206615553749387,-157.1921974259918,687646.143908049,2346085.71400003,3.0,1,0.1508241582275743,0.39960510253911213,0.0,0.004524724746827229,False,False,0.09049449493654459,0.06032966329102972,0.3016483164551486,2d:area×thick_range×rho,1인,,,molokai_1512_9694_3394.jpg
1513_1243_9230_389,S028,plastic_other,Plastic_ETC,21.205507861782,-157.19092877436134,687779.2609873653,2345964.5786426705,3.0,1,0.3185356753707724,0.6297460937500783,0.0,0.009556070261123172,False,False,0.7644856208898537,0.5096570805932358,2.548285402966179,2d:area×thick_range×rho,1인,,,molokai_1513_1243_9230.jpg
1513_1243_9230_390,S029,eps_fragment,Styrofoam_Piece,21.205520604136385,-157.19096869159665,687775.1004886274,2345965.942082958,3.0,1,0.47745556276308126,0.7521313095093708,0.0,0.014323666882892437,False,False,0.2864733376578487,0.1909822251052325,0.9549111255261626,2d:area×thick_range×rho,1인,,,molokai_1513_1243_9230.jpg
1513_1243_9230_391,S028,plastic_other,Plastic_ETC,21.205513013831567,-157.19093337880986,687778.7764166336,2345965.143597645,3.0,1,0.2992616007850317,0.5762023925781966,0.0,0.008977848023550951,False,False,0.7182278418840761,0.47881856125605077,2.394092806280254,2d:area×thick_range×rho,1인,,,molokai_1513_1243_9230.jpg
1513_1243_9230_392,S028,eps_fragment,Styrofoam_Piece,21.205531467062187,-157.19089930400966,687782.2908687948,2345967.227092263,3.0,1,0.39455150430510305,0.6592089843750819,0.0,0.011836545129153091,False,False,0.23673090258306184,0.15782060172204124,0.7891030086102062,2d:area×thick_range×rho,1인,,,molokai_1513_1243_9230.jpg
1513_1243_9230_393,S028,plastic_buoy,Plastic_Buoy,21.205552521519785,-157.19093229806853,687778.8386505434,2345969.519030245,3.0,1,0.08634329106660843,0.3054406738281629,0.0,0.02590298731998253,False,False,1.5541792391989517,0.7770896195994759,2.0722389855986023,2d:area×thick_range×rho,1인,,,molokai_1513_1243_9230.jpg
1513_1243_9230_394,S028,net,Net,21.205517712102626,-157.19091737342274,687780.4322227021,2345965.6827585413,3.0,1,0.2880804872141004,0.5591979980469445,0.0,0.034569658465692044,False,False,5.1854487698538065,2.160603654105753,12.963621924634518,2d:area×thick_range×rho,1인,절단기,,molokai_1513_1243_9230.jpg
1513_1243_9230_395,S028,eps_fragment,Styrofoam_Piece,21.2055546070043,-157.19091963492673,687780.1507547465,2345969.764948271,3.0,1,0.17243011825685017,0.5077380371094381,0.0,0.005172903547705505,False,False,0.1034580709541101,0.06897204730274006,0.3448602365137004,2d:area×thick_range×rho,1인,,,molokai_1513_1243_9230.jpg
1513_1243_9230_396,S028,eps_fragment,Styrofoam_Piece,21.205528714189292,-157.19088456050684,687783.8250854779,2345966.939792535,3.0,1,0.7241406131507766,0.8832324218751098,0.0,0.021724218394523296,False,False,0.4344843678904659,0.28965624526031064,1.4482812263015532,2d:area×thick_range×rho,1인,,,molokai_1513_1243_9230.jpg
1513_1243_9230_397,S028,eps_fragment,Styrofoam_Piece,21.205527486690197,-157.19094615607705,687777.4315185412,2345966.7308252123,3.0,1,0.2620290596143062,0.5365362548828791,0.0,0.007860871788429187,False,False,0.15721743576858374,0.1048116238457225,0.5240581192286125,2d:area×thick_range×rho,1인,,,molokai_1513_1243_9230.jpg
1513_1243_9230_398,S028,net,Net,21.205493839303674,-157.19090533253245,687781.7125574858,2345963.053929765,3.0,1,0.3212323166132771,0.5778564453125717,0.0,0.03854787799359325,False,False,5.782181699038987,2.4092423745995784,14.455454247597471,2d:area×thick_range×rho,1인,절단기,,molokai_1513_1243_9230.jpg
1513_1243_9230_399,S028,eps_fragment,Styrofoam_Piece,21.20552314524695,-157.19090713599314,687781.4882446933,2345966.296440331,3.0,1,0.302451451778487,0.6124145507813261,0.0,0.009073543553354609,False,False,0.18147087106709217,0.1209805807113948,0.604902903556974,2d:area×thick_range×rho,1인,,,molokai_1513_1243_9230.jpg
1513_1243_9230_400,S028,net,Net,21.205483246181988,-157.19092157463828,687780.0396304386,2345961.861831084,3.0,1,0.21018800246720767,0.4685180664063082,0.0,0.02522256029606492,False,False,3.783384044409738,1.5764100185040577,9.458460111024346,2d:area×thick_range×rho,1인,절단기,,molokai_1513_1243_9230.jpg
1513_1243_9230_401,S028,net,Net,21.205563249347744,-157.19086335271302,687785.983285481,2345970.788559198,3.0,1,0.2408306061536672,0.5840136718750726,0.0,0.02889967273844006,False,False,4.334950910766009,1.806229546152504,10.837377276915024,2d:area×thick_range×rho,1인,절단기,,molokai_1513_1243_9230.jpg
1513_1243_9230_402,S028,plastic_buoy,Plastic_Buoy,21.20547535195579,-157.19087356028086,687785.0346768277,2345961.0447642202,3.0,1,0.3319111124039521,0.595664062500074,0.0,0.09957333372118563,False,False,5.974400023271137,2.9872000116355686,7.965866697694851,2d:area×thick_range×rho,1인,,,molokai_1513_1243_9230.jpg
1513_1243_9230_403,S028,eps_fragment,Styrofoam_Piece,21.20550715382889,-157.19095868898592,687776.1560162085,2345964.464777293,3.0,1,0.23809189370876505,0.5017205810547498,0.0,0.007142756811262951,False,False,0.14285513622525903,0.09523675748350602,0.4761837874175301,2d:area×thick_range×rho,1인,,,molokai_1513_1243_9230.jpg
1513_1243_9230_404,S028,plastic_buoy,Plastic_Buoy,21.20551214833118,-157.19092759986847,687779.3775062582,2345965.0546272835,3.0,1,0.14526719830337798,0.40692260742192554,0.0,0.04358015949101339,False,False,2.6148095694608036,1.3074047847304018,3.486412759281072,2d:area×thick_range×rho,1인,,,molokai_1513_1243_9230.jpg
1513_1268_9746_408,S028,plastic_other,Plastic_ETC,21.20544227520472,-157.19091401756842,687780.8760631275,2345957.334634225,3.0,1,0.5249138651759737,0.7489392089844681,0.0,0.01574741595527921,False,False,1.2597932764223367,0.8398621842815579,4.19931092140779,2d:area×thick_range×rho,1인,,,molokai_1513_1268_9746.jpg
1513_1268_9746_409,S028,net,Net,21.20543661229939,-157.19090342703402,687781.982782149,2345956.720219703,3.0,1,0.19976646716599658,0.5136364746094388,0.0,0.02397197605991959,False,False,3.595796408987938,1.4982485037449744,8.989491022469846,2d:area×thick_range×rho,1인,절단기,,molokai_1513_1268_9746.jpg
1513_1268_9746_410,S028,plastic_buoy,Plastic_Buoy,21.20547533213162,-157.19087360102657,687785.0304715065,2345961.042521026,3.0,1,0.351851038154302,0.6066116333008567,0.0,0.1055553114462906,False,False,6.333318686777436,3.166659343388718,8.44442491570325,2d:area×thick_range×rho,1인,,,molokai_1513_1268_9746.jpg
1513_1268_9746_411,S028,net,Net,21.20543151501705,-157.190887027417,687783.691910374,2345956.1753196623,3.0,1,0.1625036951780723,0.42298339843755256,0.0,0.019500443421368675,False,False,2.925066513205301,1.2187777138355425,7.312666283013254,2d:area×thick_range×rho,1인,절단기,,molokai_1513_1268_9746.jpg
1513_1268_9746_412,S028,eps_fragment,Styrofoam_Piece,21.205416635889566,-157.19086647302237,687785.8447795521,2345954.5523370793,3.0,1,0.5177564009965753,0.7849584960938475,0.0,0.015532692029897257,False,False,0.31065384059794515,0.20710256039863012,1.0355128019931505,2d:area×thick_range×rho,1인,,,molokai_1513_1268_9746.jpg
1513_1268_9746_413,S028,plastic_other,Plastic_ETC,21.205417367482053,-157.19090073024736,687782.2871175465,2345954.592700867,3.0,1,0.36336977134952037,0.6447119140625801,0.0,0.01090109314048561,False,False,0.8720874512388488,0.5813916341592327,2.906958170796163,2d:area×thick_range×rho,1인,,,molokai_1513_1268_9746.jpg
1513_1734_9804_423,S028,plastic_buoy,Plastic_Buoy,21.205456246678782,-157.19080759681881,687791.9074604935,2345959.007742981,3.0,1,0.17874113152925641,0.43189697265630367,0.0,0.053622339458776924,False,False,3.2173403675266155,1.6086701837633077,4.289787156702154,2d:area×thick_range×rho,1인,,,molokai_1513_1734_9804.jpg
1513_1734_9804_424,S028,eps_buoy,Styrofoam_Buoy,21.205444678782168,-157.19078733126875,687794.0261524151,2345957.751026511,3.0,1,1.1556197893026363,1.1127539062501381,0.0,0.4044669262559227,False,False,10.111673156398068,4.333574209884886,11.556197893026363,2d:area×thick_range×rho,1인,,,molokai_1513_1734_9804.jpg
1513_1734_9804_425,S028,plastic_buoy,Plastic_Buoy,21.205449937057793,-157.19087781377695,687784.6252084529,2345958.22587162,3.0,1,0.1910205831762412,0.48996765136724835,0.0,0.05730617495287236,False,False,3.4383704971723414,1.7191852485861707,4.5844939962297895,2d:area×thick_range×rho,1인,,,molokai_1513_1734_9804.jpg
1513_1734_9804_426,S028,net,Net,21.205426992450374,-157.19084477130505,687788.0848472416,2345955.7247213977,3.0,1,0.23288892878299777,0.4956628417969366,0.0,0.02794667145395973,False,False,4.19200071809396,1.7466669658724834,10.4800017952349,2d:area×thick_range×rho,1인,절단기,,molokai_1513_1734_9804.jpg
1513_1734_9804_427,S028,pet_bottle,PET_Bottle,21.205402219267,-157.19076609844097,687796.2843499843,2345953.075247458,3.0,1,0.5002657206536583,0.7115087890625884,0.0,0.030015943239219495,False,False,0.9905261268942434,0.8254384390785362,1.6508768781570724,2d:area×thick_range×rho,1인,,,molokai_1513_1734_9804.jpg
1513_2110_10119_439,S028,plastic_other,Plastic_ETC,21.20534840154662,-157.19071671677997,687801.4794550076,2345947.175321063,3.0,1,0.42359416283975637,0.7364306640625915,0.0,0.012707824885192691,False,False,1.0166259908154154,0.6777506605436102,3.388753302718051,2d:area×thick_range×rho,1인,,,molokai_1513_2110_10119.jpg
1513_2110_10119_440,S028,plastic_buoy,Plastic_Buoy,21.20538528895725,-157.19072308304453,687800.7718168999,2345951.25181194,3.0,1,0.1498173786610737,0.4057055664063004,0.0,0.044945213598322105,False,False,2.696712815899326,1.348356407949663,3.5956170878657687,2d:area×thick_range×rho,1인,,,molokai_1513_2110_10119.jpg
1513_2110_10119_441,S028,plastic_other,Plastic_ETC,21.20537244224522,-157.19069671126127,687803.5261046813,2345949.8607544596,3.0,1,0.2775842623830531,0.5373986816406917,0.0,0.008327527871491594,False,False,0.6662022297193275,0.444134819812885,2.220674099064425,2d:area×thick_range×rho,1인,,,molokai_1513_2110_10119.jpg
1513_2110_10119_442,S028,plastic_other,Plastic_ETC,21.205376531971076,-157.19073810306065,687799.2234498188,2345950.264451469,3.0,1,1.3167365193310672,1.2122045898439007,0.0,0.03950209557993201,False,False,3.160167646394561,2.1067784309297073,10.53389215464854,2d:area×thick_range×rho,1인,,,molokai_1513_2110_10119.jpg
1513_2110_10119_443,S028,eps_fragment,Styrofoam_Piece,21.20535216909581,-157.19071607163633,687801.5416705963,2345947.593216063,3.0,1,0.29430323781080403,0.6484399414063305,0.0,0.00882909713432412,False,False,0.17658194268648242,0.11772129512432161,0.5886064756216081,2d:area×thick_range×rho,1인,,,molokai_1513_2110_10119.jpg
1513_2110_10119_444,S028,net,Net,21.205359054602543,-157.1907253865521,687800.5658439441,2345948.344504704,3.0,1,0.1957177182555685,0.5279565429688156,0.0,0.02348612619066822,False,False,3.522918928600233,1.4678828869167637,8.807297321500583,2d:area×thick_range×rho,1인,절단기,,molokai_1513_2110_10119.jpg
1513_2110_10119_445,S028,plastic_buoy,Plastic_Buoy,21.2053988666573,-157.19080302792145,687792.4544084736,2345952.66025072,3.0,1,0.15316245638461864,0.46166183471685424,0.0,0.04594873691538559,False,False,2.7569242149231354,1.3784621074615677,3.6758989532308477,2d:area×thick_range×rho,1인,,,molokai_1513_2110_10119.jpg
1513_2110_10119_446,S028,pet_bottle,PET_Bottle,21.205402208434652,-157.1907659900259,687796.2956198223,2345953.0741767483,3.0,1,0.5465177009891214,0.7493893432618118,0.0,0.03279106205934729,False,False,1.0821050479584604,0.9017542066320504,1.8035084132641008,2d:area×thick_range×rho,1인,,,molokai_1513_2110_10119.jpg
1513_2427_10575_451,S030,net,Net,21.205289201530775,-157.19065801557332,687807.6489700582,2345940.690543447,3.0,1,0.23668640045827546,0.5458190917969428,0.0,0.028402368054993056,False,False,4.260355208248958,1.7751480034370661,10.650888020622396,2d:area×thick_range×rho,1인,절단기,,molokai_1513_2427_10575.jpg
1513_2427_10575_452,S030,plastic_buoy,Plastic_Buoy,21.205276121088282,-157.1906527161852,687808.215724345,2345939.2486101054,3.0,1,0.20355681806807807,0.48286132812506,0.0,0.06106704542042342,False,False,3.664022725225405,1.8320113626127026,4.885363633633874,2d:area×thick_range×rho,1인,,,molokai_1513_2427_10575.jpg
1513_2427_10575_453,S028,eps_fragment,Styrofoam_Piece,21.205325779583443,-157.190682921644,687805.0168356305,2345944.710788967,3.0,1,0.2981373816915597,0.5651000976563202,0.0,0.00894412145074679,False,False,0.17888242901493578,0.11925495267662387,0.5962747633831194,2d:area×thick_range×rho,1인,,,molokai_1513_2427_10575.jpg
1513_2503_10175_459,S028,plastic_other,Plastic_ETC,21.205348359284308,-157.19071676139245,687801.4748766047,2345947.1705890056,3.0,1,0.4305547132765081,0.7401315307618107,0.0,0.012916641398295244,False,False,1.0333313118636194,0.6888875412424131,3.444437706212065,2d:area×thick_range×rho,1인,,,molokai_1513_2503_10175.jpg
1513_2503_10175_460,S028,plastic_other,Plastic_ETC,21.205372506834923,-157.19069678453985,687803.5184148623,2345949.867818671,3.0,1,0.2682403016925525,0.5223779296875649,0.0,0.008047209050776574,False,False,0.6437767240621259,0.42918448270808396,2.14592241354042,2d:area×thick_range×rho,1인,,,molokai_1513_2503_10175.jpg
1513_2503_10175_461,S028,net,Net,21.205387707839257,-157.19065582164524,687807.7521347763,2345951.59941516,3.0,1,0.20750609616642385,0.46755249023443307,0.0,0.024900731539970862,False,False,3.7351097309956294,1.556295721248179,9.337774327489072,2d:area×thick_range×rho,1인,절단기,,molokai_1513_2503_10175.jpg
1513_2503_10175_462,S028,net,Net,21.205346664043557,-157.19071135093543,687802.0387590356,2345946.989316377,3.0,1,0.3358601980448604,0.6441912841797676,0.0,0.04030322376538325,False,False,6.045483564807487,2.518951485336453,15.113708912018717,2d:area×thick_range×rho,1인,절단기,,molokai_1513_2503_10175.jpg
1513_2503_10175_463,S030,plastic_other,Plastic_ETC,21.205296444750577,-157.19061502921159,687812.1028450553,2345941.543483712,3.0,1,0.3766009151936513,0.6732177734375836,0.0,0.011298027455809538,False,False,0.903842196464763,0.6025614643098421,3.012807321549211,2d:area×thick_range×rho,1인,,,molokai_1513_2503_10175.jpg
1513_2503_10175_464,S028,plastic_buoy,Plastic_Buoy,21.20538532497927,-157.19072310250132,687800.7697512415,2345951.2557770894,3.0,1,0.15678989260498605,0.4171720886230987,0.0,0.04703696778149581,False,False,2.8222180668897487,1.4111090334448744,3.7629574225196656,2d:area×thick_range×rho,1인,,,molokai_1513_2503_10175.jpg
1513_2503_10175_465,S028,net,Net,21.205381222056637,-157.19061971464956,687811.5091291068,2345950.9241677923,3.0,1,0.2676747031957576,0.531257324218816,0.0,0.03212096438349091,False,False,4.818144657523636,2.007560273968182,12.045361643809091,2d:area×thick_range×rho,1인,절단기,,molokai_1513_2503_10175.jpg
1513_2503_10175_466,S028,eps_fragment,Styrofoam_Piece,21.20532576996677,-157.19068294077286,687805.0148617532,2345944.7097015497,3.0,1,0.30590713895864935,0.5694787597656957,0.0,0.00917721416875948,False,False,0.1835442833751896,0.12236285558345975,0.6118142779172987,2d:area×thick_range×rho,1인,,,molokai_1513_2503_10175.jpg
1513_2503_10175_467,S028,net,Net,21.205365020790527,-157.19070218887182,687802.9667832582,2345949.032579209,3.0,1,0.19090595304970717,0.4452819824219303,0.0,0.02290871436596486,False,False,3.436307154894729,1.4317946478728039,8.590767887236822,2d:area×thick_range×rho,1인,절단기,,molokai_1513_2503_10175.jpg
1513_2503_10175_468,S028,net,Net,21.205357341302385,-157.19070843223577,687802.328284257,2345948.1749270204,3.0,1,0.1442204355776668,0.4516882324219311,0.0,0.017306452269320018,False,False,2.5959678403980027,1.0816532668325012,6.489919600995006,2d:area×thick_range×rho,1인,절단기,,molokai_1513_2503_10175.jpg
1513_2503_10175_469,S028,eps_buoy,Styrofoam_Buoy,21.205377501833695,-157.19073350024314,687799.7001079374,2345950.377291462,3.0,1,0.17753526069507689,0.7631103515625948,0.0,0.062137341243276904,False,False,1.5534335310819225,0.6657572276065383,1.775352606950769,2d:area×thick_range×rho,1인,,,molokai_1513_2503_10175.jpg
1513_2503_10175_470,S028,eps_fragment,Styrofoam_Piece,21.205352157499497,-157.19071606723926,687801.5421417905,2345947.5919373767,3.0,1,0.28676842662922714,0.6369158935547666,0.0,0.008603052798876814,False,False,0.17206105597753626,0.11470737065169086,0.5735368532584543,2d:area×thick_range×rho,1인,,,molokai_1513_2503_10175.jpg
1513_2947_10920_479,S030,net,Net,21.205266772376504,-157.19062639762103,687810.9600640042,2345938.244776731,3.0,1,0.15106080796740975,0.4381750488281794,0.0,0.01812729695608917,False,False,2.7190945434133758,1.1329560597555732,6.797736358533439,2d:area×thick_range×rho,1인,절단기,,molokai_1513_2947_10920.jpg
1513_2947_10920_480,S031,plastic_other,Plastic_ETC,21.205235223790226,-157.19061572193812,687812.108374218,2345934.7644943045,3.0,1,0.25975332282899816,0.5553472900391315,0.0,0.0077925996848699445,False,False,0.6234079747895955,0.41560531652639704,2.0780265826319857,2d:area×thick_range×rho,1인,,,molokai_1513_2947_10920.jpg
1513_2947_10920_481,S031,net,Net,21.205169514975797,-157.1905519529754,687818.8122903383,2345927.5651013367,3.0,1,0.19256490139668003,0.5219818115235023,0.0,0.023107788167601603,False,False,3.4661682251402404,1.4442367604751003,8.665420562850601,2d:area×thick_range×rho,1인,절단기,,molokai_1513_2947_10920.jpg
1513_2947_10920_482,S031,eps_fragment,Styrofoam_Piece,21.205159614062737,-157.1905356139323,687820.5212113466,2345926.488291985,3.0,1,0.23711766163116627,0.5146264648438139,0.0,0.007113529848934988,False,False,0.14227059697869976,0.0948470646524665,0.47423532326233253,2d:area×thick_range×rho,1인,,,molokai_1513_2947_10920.jpg
1513_2947_10920_483,S031,plastic_buoy,Plastic_Buoy,21.205233185179907,-157.19058834204486,687814.953658728,2345934.5712691527,3.0,1,0.20789473219221036,0.4572998046875568,0.0,0.062368419657663106,False,False,3.742105179459786,1.871052589729893,4.989473572613049,2d:area×thick_range×rho,1인,,,molokai_1513_2947_10920.jpg
1513_2947_10920_484,S031,eps_fragment,Styrofoam_Piece,21.20521181231836,-157.19054289065602,687819.6996694092,2345932.2588647013,3.0,1,0.2147438634217319,0.46576904296880783,0.0,0.006442315902651957,False,False,0.12884631805303914,0.08589754536869276,0.4294877268434638,2d:area×thick_range×rho,1인,,,molokai_1513_2947_10920.jpg
1513_3271_11226_493,S031,net,Net,21.205210300510043,-157.19053757083356,687820.2539104236,2345932.0977941058,3.0,1,0.11328790533789919,0.42922576904302207,0.0,0.013594548640547903,False,False,2.0391822960821853,0.849659290034244,5.097955740205463,2d:area×thick_range×rho,1인,절단기,,molokai_1513_3271_11226.jpg
1513_3271_11226_494,S031,net,Net,21.205169417127404,-157.19055196044323,687818.811638788,2345927.55425905,3.0,1,0.23025791046327113,0.5388842773438169,0.0,0.027630949255592535,False,False,4.14464238833888,1.7269343284745335,10.3616059708472,2d:area×thick_range×rho,1인,절단기,,molokai_1513_3271_11226.jpg
1513_3271_11226_495,S031,plastic_other,Plastic_ETC,21.205112443303797,-157.19050583766372,687823.6724004629,2345921.301039721,3.0,1,0.36927764745959873,0.8006188964844745,0.0,0.011078329423787961,False,False,0.8862663539030369,0.5908442359353581,2.95422117967679,2d:area×thick_range×rho,1인,,,molokai_1513_3271_11226.jpg
1513_3271_11226_496,S031,net,Net,21.205178881068218,-157.1905285434585,687821.2309246603,2345928.629855013,3.0,1,0.24444758252507562,0.5593334960938194,0.0,0.029333709903009073,False,False,4.400056485451361,1.8333568689380673,11.000141213628403,2d:area×thick_range×rho,1인,절단기,,molokai_1513_3271_11226.jpg
1513_3271_11226_497,S031,plastic_other,Plastic_ETC,21.205148539514223,-157.1905260025598,687821.5331195502,2345925.273560238,3.0,1,0.438914662629475,0.6632019042969574,0.0,0.01316743987888425,False,False,1.05339519031074,0.7022634602071599,3.5113173010358,2d:area×thick_range×rho,1인,,,molokai_1513_3271_11226.jpg
1513_3506_10868_506,S031,plastic_other,Plastic_ETC,21.205182908110626,-157.19044525385797,687829.8733395031,2345929.174532863,3.0,1,0.3543742079497264,0.6347814941407038,0.0,0.010631226238491791,False,False,0.8504980990793433,0.5669987327195622,2.8349936635978112,2d:area×thick_range×rho,1인,,,molokai_1513_3506_10868.jpg
1513_3506_10868_507,S031,plastic_other,Plastic_ETC,21.205233244706815,-157.19052789745808,687821.2292163356,2345934.6495708553,3.0,1,0.49028647207583376,0.7105432128907133,0.0,0.014708594162275011,False,False,1.176687532982001,0.784458355321334,3.92229177660667,2d:area×thick_range×rho,1인,,,molokai_1513_3506_10868.jpg
1513_3506_10868_508,S031,net,Net,21.20527622938073,-157.19053100433052,687820.8522638539,2345939.404995615,3.0,1,0.15502788173522927,0.4435757446289614,0.0,0.018603345808227513,False,False,2.790501871234127,1.1627091130142198,6.976254678085317,2d:area×thick_range×rho,1인,절단기,,molokai_1513_3506_10868.jpg
1513_3506_10868_509,S031,plastic_buoy,Plastic_Buoy,21.205229022534507,-157.19051682663144,687822.383981901,2345934.195241519,3.0,1,0.26700260392136055,0.5316674804688161,0.0,0.08010078117640816,False,False,4.80604687058449,2.403023435292245,6.408062494112653,2d:area×thick_range×rho,1인,,,molokai_1513_3506_10868.jpg
1513_3506_10868_510,S031,net,Net,21.20517886821626,-157.19052845943975,687821.2396641341,2345928.628531771,3.0,1,0.23435367010837657,0.549954528808662,0.0,0.028122440413005188,False,False,4.218366061950778,1.7576525258128244,10.545915154876946,2d:area×thick_range×rho,1인,절단기,,molokai_1513_3506_10868.jpg
1513_3506_10868_511,S031,plastic_other,Plastic_ETC,21.205167452530777,-157.19052747159188,687821.356669774,2345927.365799525,3.0,1,0.35134393346318393,0.6882507324219606,0.0,0.010540318003895517,False,False,0.8432254403116414,0.5621502935410942,2.810751467705472,2d:area×thick_range×rho,1인,,,molokai_1513_3506_10868.jpg
1513_3506_10868_512,S031,net,Net,21.205210401180846,-157.19053747178194,687820.2640670532,2345932.109057535,3.0,1,0.10447524936183158,0.43372299194341324,0.0,0.01253702992341979,False,False,1.8805544885129686,0.7835643702137369,4.701386221282421,2d:area×thick_range×rho,1인,절단기,,molokai_1513_3506_10868.jpg
1513_3506_10868_513,S031,eps_fragment,Styrofoam_Piece,21.20522092951029,-157.1904844142467,687825.7594230954,2345933.3376656137,3.0,1,0.24969435343748575,0.5414746093750673,0.0,0.007490830603124572,False,False,0.14981661206249144,0.0998777413749943,0.4993887068749715,2d:area×thick_range×rho,1인,,,molokai_1513_3506_10868.jpg
1513_3506_10868_514,S031,eps_fragment,Styrofoam_Piece,21.205211799749065,-157.1905420613315,687819.7857895789,2345932.2584569864,3.0,1,0.1432950635239838,0.5001904296875621,0.0,0.0042988519057195135,False,False,0.08597703811439027,0.05731802540959352,0.2865901270479676,2d:area×thick_range×rho,1인,,,molokai_1513_3506_10868.jpg
1513_3700_11273_520,S031,net,Net,21.20513436945413,-157.19040985857768,687833.6096538876,2345923.8425002876,3.0,1,0.23694370827084707,0.5854626464844477,0.0,0.028433244992501647,False,False,4.264986748875247,1.7770778120313533,10.66246687218812,2d:area×thick_range×rho,1인,절단기,,molokai_1513_3700_11273.jpg
1513_3700_11273_521,S031,plastic_buoy,Plastic_Buoy,21.205183017093955,-157.19044517712405,687829.8811684854,2345929.186690154,3.0,1,0.32885311089762276,0.6229785156250774,0.0,0.09865593326928683,False,False,5.9193559961572095,2.9596779980786048,7.892474661542946,2d:area×thick_range×rho,1인,,,molokai_1513_3700_11273.jpg
1513_3700_11273_522,S031,net,Net,21.205099234199135,-157.19041423006533,687833.2002403259,2345919.9472625107,3.0,1,0.22916377308374378,0.5166357421875641,0.0,0.027499652770049253,False,False,4.124947915507388,1.7187282981280785,10.31236978876847,2d:area×thick_range×rho,1인,절단기,,molokai_1513_3700_11273.jpg
1513_3700_11273_523,S031,net,Net,21.205112428558504,-157.1905047034301,687823.7901805304,2345921.300752856,3.0,1,0.16504882754259187,0.5352610015869805,0.0,0.019805859305111025,False,False,2.9708788957666536,1.237866206569439,7.427197239416634,2d:area×thick_range×rho,1인,절단기,,molokai_1513_3700_11273.jpg
1513_3700_11273_524,S031,plastic_buoy,Plastic_Buoy,21.205139504575687,-157.1904300474665,687831.5070526623,2345924.3870890504,3.0,1,0.193814601481009,0.4626708984375575,0.0,0.0581443804443027,False,False,3.488662826658162,1.744331413329081,4.651550435544217,2d:area×thick_range×rho,1인,,,molokai_1513_3700_11273.jpg
1513_3700_11273_525,S031,rope,Rope,21.205130331521325,-157.19047133985163,687827.231491614,2345923.322489187,3.0,1,0.7065345195429292,1.1027276611329495,0.0,0.021196035586287874,False,False,8.47841423451515,5.652276156343434,14.130690390858586,2d:area×thick_range×rho,1인,절단기,,molokai_1513_3700_11273.jpg
1513_4653_11760_532,S031,net,Net,21.205081663196655,-157.1903014167134,687844.9352819583,2345918.135718458,3.0,1,0.1696882250670765,0.42638122558599045,0.0,0.02036258700804918,False,False,3.0543880512073773,1.2726616880030739,7.635970128018442,2d:area×thick_range×rho,1인,절단기,,molokai_1513_4653_11760.jpg
1513_4653_11760_533,S032,net,Net,21.205113097837017,-157.19026873815773,687848.2883470602,2345921.654826051,3.0,1,0.11876674942097784,0.46322753906255754,0.0,0.01425200993051734,False,False,2.137801489577601,0.8907506206573339,5.344503723944002,2d:area×thick_range×rho,1인,절단기,,molokai_1513_4653_11760.jpg
1513_4653_11760_534,S032,plastic_other,Plastic_ETC,21.20503696161798,-157.19021889006967,687853.560148875,2345913.284442216,3.0,1,0.4382415060104028,0.684880371093835,0.0,0.013147245180312083,False,False,1.0517796144249667,0.7011864096166445,3.5059320480832223,2d:area×thick_range×rho,1인,,,molokai_1513_4653_11760.jpg
1513_4653_11760_535,S032,plastic_buoy,Plastic_Buoy,21.205072908134593,-157.19022441419128,687852.9411228528,2345917.2577586295,3.0,1,0.2746101461977449,0.563927001953195,0.0,0.08238304385932346,False,False,4.942982631559408,2.471491315779704,6.5906435087458775,2d:area×thick_range×rho,1인,,,molokai_1513_4653_11760.jpg
1513_4985_11918_545,S032,eps_buoy,Styrofoam_Buoy,21.2049952395007,-157.19016907992656,687858.7844683819,2345908.7242225735,3.0,1,0.6294678905786648,0.8065771484376002,0.0,0.22031376170253267,False,False,5.507844042563317,2.360504589669993,6.294678905786648,2d:area×thick_range×rho,1인,,,molokai_1513_4985_11918.jpg
1513_4985_11918_546,S032,net,Net,21.205072794465888,-157.19021193207314,687854.237218753,2345917.2599850367,3.0,1,0.2592466211371768,0.6061608886719503,0.0,0.031109594536461213,False,False,4.666439180469182,1.9443496585288258,11.666097951172954,2d:area×thick_range×rho,1인,절단기,,molokai_1513_4985_11918.jpg
1513_4985_11918_547,S032,plastic_buoy,Plastic_Buoy,21.205026993632227,-157.1901990639798,687855.6312004058,2345912.204347951,3.0,1,0.20538933322136735,0.46639282226568296,0.0,0.0616167999664102,False,False,3.697007997984612,1.848503998992306,4.929343997312817,2d:area×thick_range×rho,1인,,,molokai_1513_4985_11918.jpg
1513_4985_11918_548,S032,net,Net,21.20506875949473,-157.19024757620556,687850.5415833844,2345916.770951874,3.0,1,0.28310361106514514,0.5595205688477257,0.0,0.033972433327817415,False,False,5.095864999172612,2.1232770829885887,12.73966249793153,2d:area×thick_range×rho,1인,절단기,,molokai_1513_4985_11918.jpg
1513_7140_13903_559,S033,plastic_buoy,Plastic_Buoy,21.204620647357366,-157.1897637706279,687901.339721057,2345867.731706253,3.0,1,0.0738749796390717,0.2875146484375357,0.0,0.02216249389172151,False,False,1.3297496335032906,0.6648748167516453,1.772999511337721,2d:area×thick_range×rho,1인,,,molokai_1513_7140_13903.jpg
1513_7140_13903_560,S033,plastic_other,Plastic_ETC,21.20461457014477,-157.18981652206097,687895.8704936375,2345866.9962495393,3.0,1,0.6465809800477442,0.8681030273438578,0.0,0.019397429401432326,False,False,1.551794352114586,1.0345295680763908,5.172647840381954,2d:area×thick_range×rho,1인,,,molokai_1513_7140_13903.jpg
1513_7140_13903_561,S033,plastic_other,Plastic_ETC,21.2046102038183,-157.18984426551248,687892.9955550514,2345866.4798980984,3.0,1,0.8221064509146095,1.1718465805055167,0.0,0.024663193527438284,False,False,1.9730554821950628,1.3153703214633752,6.576851607316877,2d:area×thick_range×rho,1인,,,molokai_1513_7140_13903.jpg
1513_7140_13903_562,S033,plastic_other,Plastic_ETC,21.20461262595168,-157.18975122838336,687902.6520724526,2345866.858490701,3.0,1,1.9509356091981012,1.9898632812502473,0.0,0.058528068275943035,False,False,4.682245462075443,3.121496974716962,15.60748487358481,2d:area×thick_range×rho,1인,,,molokai_1513_7140_13903.jpg
1513_7140_13903_563,S033,net,Net,21.204674687594615,-157.18983973716868,687893.3840987727,2345873.624689291,3.0,1,0.2304927172033689,0.5524320983887405,0.0,0.027659126064404266,False,False,4.1488689096606395,1.7286953790252668,10.3721722741516,2d:area×thick_range×rho,1인,절단기,,molokai_1513_7140_13903.jpg
1513_8435_14608_568,S034,plastic_buoy,Plastic_Buoy,21.204550927795935,-157.1895401387887,687924.6465565977,2345860.278043166,3.0,1,0.14407639607790712,0.38255371093754753,0.0,0.04322291882337213,False,False,2.593375129402328,1.296687564701164,3.4578335058697713,2d:area×thick_range×rho,1인,,,molokai_1513_8435_14608.jpg
1513_8435_14608_569,S034,net,Net,21.204559663317053,-157.1895610709513,687922.4622155497,2345861.220362433,3.0,1,0.33951597342797607,0.5933642578125737,0.0,0.04074191681135713,False,False,6.111287521703569,2.5463698007098206,15.278218804258922,2d:area×thick_range×rho,1인,절단기,,molokai_1513_8435_14608.jpg
1513_8435_14608_570,S034,eps_fragment,Styrofoam_Piece,21.20453797362034,-157.18958730123234,687919.7663091178,2345858.7878197245,3.0,1,0.31679604641877535,0.5771398925781966,0.0,0.00950388139256326,False,False,0.1900776278512652,0.12671841856751015,0.6335920928375507,2d:area×thick_range×rho,1인,,,molokai_1513_8435_14608.jpg
1513_8435_14608_571,S034,plastic_buoy,Plastic_Buoy,21.204589046162685,-157.18959863510662,687918.5249219359,2345864.4289391325,3.0,1,0.41577356626110124,0.6875727844239136,0.0,0.12473206987833037,False,False,7.483924192699822,3.741962096349911,9.97856559026643,2d:area×thick_range×rho,1인,,,molokai_1513_8435_14608.jpg
1513_8435_14608_572,S034,pet_bottle,PET_Bottle,21.204536263055306,-157.18949242163052,687929.6193581086,2345858.7110569887,3.0,1,0.750705737304874,0.9071972656251127,0.0,0.04504234423829244,False,False,1.4863973598636504,1.2386644665530422,2.4773289331060844,2d:area×thick_range×rho,1인,,,molokai_1513_8435_14608.jpg
1513_8435_14608_573,S034,eps_buoy,Styrofoam_Buoy,21.20455274123628,-157.1894851519504,687930.3532743091,2345860.544093024,3.0,1,2.7737452754623626,2.1074652099611995,0.0,0.9708108464118268,False,False,24.27027116029567,10.40154478298386,27.737452754623625,2d:area×thick_range×rho,2인,,,molokai_1513_8435_14608.jpg
1513_917_9253_577,S028,plastic_other,Plastic_ETC,21.205507847419828,-157.19092862294534,687779.2767262013,2345964.5772321457,3.0,1,0.31697021633394484,0.6328588867188286,0.0,0.009509106490018345,False,False,0.7607285192014677,0.5071523461343118,2.535761730671559,2d:area×thick_range×rho,1인,,,molokai_1513_917_9253.jpg
1513_917_9253_578,S028,plastic_other,Plastic_ETC,21.205512935993365,-157.1909333702288,687778.7774060143,2345965.1349898553,3.0,1,0.3096678966761405,0.5882788085938231,0.0,0.009290036900284213,False,False,0.743202952022737,0.4954686346818248,2.477343173409124,2d:area×thick_range×rho,1인,,,molokai_1513_917_9253.jpg
1513_917_9253_579,S029,eps_fragment,Styrofoam_Piece,21.205520571909688,-157.1909687601118,687775.0934158518,2345965.9384336644,3.0,1,0.5105038834960537,0.7630151367188448,0.0,0.01531511650488161,False,False,0.3063023300976322,0.20420155339842147,1.0210077669921076,2d:area×thick_range×rho,1인,,,molokai_1513_917_9253.jpg
1513_917_9253_580,S028,eps_fragment,Styrofoam_Piece,21.205554591642887,-157.19091971132528,687780.1428421494,2345969.7631568885,3.0,1,0.16729412176613195,0.507255859375063,0.0,0.005018823652983958,False,False,0.10037647305967916,0.06691764870645278,0.3345882435322639,2d:area×thick_range×rho,1인,,,molokai_1513_917_9253.jpg
1513_917_9253_581,S028,net,Net,21.2055177231531,-157.19091768654613,687780.3996988912,2345965.6836105925,3.0,1,0.2922048804760705,0.5566894531250691,0.0,0.03506458565712846,False,False,5.259687848569269,2.191536603570529,13.149219621423173,2d:area×thick_range×rho,1인,절단기,,molokai_1513_917_9253.jpg
1513_917_9253_582,S028,eps_fragment,Styrofoam_Piece,21.205507166297586,-157.19095860088876,687776.1651470659,2345964.466262278,3.0,1,0.23656174554830706,0.5100390625000634,0.0,0.007096852366449211,False,False,0.1419370473289842,0.09462469821932282,0.47312349109661417,2d:area×thick_range×rho,1인,,,molokai_1513_917_9253.jpg
1513_917_9253_583,S028,rope,Rope,21.205483777464693,-157.19092369024477,687779.8193068975,2345961.918143354,3.0,1,0.5471811507345605,0.8761572265626089,0.0,0.016415434522036816,False,False,6.566173808814726,4.377449205876484,10.943623014691212,2d:area×thick_range×rho,1인,절단기,,molokai_1513_917_9253.jpg
1513_917_9253_584,S028,plastic_buoy,Plastic_Buoy,21.20555254239661,-157.19093235853524,687778.8323462222,2345969.5212699287,3.0,1,0.08523268164845439,0.29651123046878686,0.0,0.025569804494536316,False,False,1.534188269672179,0.7670941348360895,2.0455843595629055,2d:area×thick_range×rho,1인,,,molokai_1513_917_9253.jpg
1513_917_9253_585,S029,pet_bottle,PET_Bottle,21.205563746535095,-157.19096077943945,687775.867393104,2345970.7280407124,3.0,1,0.25215307597524234,0.5231158447266275,0.0,0.015129184558514539,False,False,0.4992630904309798,0.41605257535914986,0.8321051507182997,2d:area×thick_range×rho,1인,,,molokai_1513_917_9253.jpg
1513_917_9253_586,S029,plastic_buoy,Plastic_Buoy,21.20555070558297,-157.19098754055923,687773.1054331961,2345969.2524506007,3.0,1,0.24030160684144505,0.5132141113281887,0.0,0.07209048205243351,False,False,4.325428923146011,2.1627144615730054,5.767238564194682,2d:area×thick_range×rho,1인,,,molokai_1513_917_9253.jpg
1723_14184_3561_601,S035,net,Net,21.203753898149063,-157.18842790825857,688041.1335125046,2345773.354337665,3.0,1,0.2268482641578284,0.5692260742188208,0.0,0.02722179169893941,False,False,4.083268754840911,1.7013619811837133,10.208171887102278,2d:area×thick_range×rho,1인,절단기,,molokai_1723_14184_3561.jpg
1723_14184_3561_602,S035,net,Net,21.20378409477936,-157.18848914919292,688034.7368858447,2345776.6248676605,3.0,1,0.2569145550984596,0.5241443634033854,0.0,0.030829746611815152,False,False,4.6244619917722725,1.926859163238447,11.56115497943068,2d:area×thick_range×rho,1인,절단기,,molokai_1723_14184_3561.jpg
1723_14184_3561_603,S035,eps_fragment,Styrofoam_Piece,21.20380878742147,-157.1884427256704,688039.5255647345,2345779.413888726,3.0,1,0.6094698099704111,0.7916284179688483,0.0,0.018284094299112333,False,False,0.36568188598224666,0.24378792398816446,1.2189396199408222,2d:area×thick_range×rho,1인,,,molokai_1723_14184_3561.jpg
1723_14184_3561_604,S035,net,Net,21.20377726632572,-157.18848412310834,688035.2673707801,2345775.874814375,3.0,1,0.145342942679337,0.39246948242192375,0.0,0.01744115312152044,False,False,2.616172968228066,1.0900720700950275,6.5404324205701645,2d:area×thick_range×rho,1인,절단기,,molokai_1723_14184_3561.jpg
1723_14573_4097_609,S035,eps_fragment,Styrofoam_Piece,21.20371189495962,-157.1883944406635,688044.6615089637,2345768.7436407176,3.0,1,0.17664204268459893,0.4227832031250525,0.0,0.005299261280537967,False,False,0.10598522561075935,0.07065681707383958,0.35328408536919786,2d:area×thick_range×rho,1인,,,molokai_1723_14573_4097.jpg
1723_14573_4097_610,S035,pet_bottle,PET_Bottle,21.203700434939726,-157.18835561898382,688048.7067132059,2345767.5209377706,3.0,1,0.2795961465836266,0.8145507812501012,0.0,0.016775768795017593,False,False,0.5536003702355806,0.46133364186298387,0.9226672837259677,2d:area×thick_range×rho,1인,,,molokai_1723_14573_4097.jpg
1723_14573_4097_611,S035,plastic_other,Plastic_ETC,21.203716081937433,-157.1884013117351,688043.9428118933,2345769.1990473256,3.0,1,0.24560013234621428,0.5056182861328753,0.0,0.007368003970386428,False,False,0.5894403176309142,0.3929602117539428,1.9648010587697142,2d:area×thick_range×rho,1인,,,molokai_1723_14573_4097.jpg
1723_14573_4097_612,S035,plastic_buoy,Plastic_Buoy,21.203695481915993,-157.18837233079518,688046.9778706175,2345766.9527064315,3.0,1,0.073706888508815,0.2727246093750339,0.0,0.0221120665526445,False,False,1.3267239931586698,0.6633619965793349,1.7689653242115602,2d:area×thick_range×rho,1인,,,molokai_1723_14573_4097.jpg
1723_14573_4097_613,S035,plastic_buoy,Plastic_Buoy,21.20370423308364,-157.18837752481653,688046.4275134291,2345767.9154361635,3.0,1,0.13117267137769145,0.37828857421879697,0.0,0.039351801413307436,False,False,2.3611080847984462,1.1805540423992231,3.148144113064595,2d:area×thick_range×rho,1인,,,molokai_1723_14573_4097.jpg
1723_14573_4097_614,S035,net,Net,21.203740701731842,-157.18841476076102,688042.5152746208,2345771.9088917486,3.0,1,0.22547076006835343,0.623558959961015,0.0,0.02705649120820241,False,False,4.058473681230361,1.6910307005126508,10.146184203075904,2d:area×thick_range×rho,1인,절단기,,molokai_1723_14573_4097.jpg
1723_14573_4097_615,S035,plastic_other,Plastic_ETC,21.203710361666417,-157.18838254543869,688045.8984813165,2345768.5880083526,3.0,1,0.27964233269698413,0.5926440429688237,0.0,0.008389269980909523,False,False,0.6711415984727619,0.44742773231517463,2.237138661575873,2d:area×thick_range×rho,1인,,,molokai_1723_14573_4097.jpg
1723_14573_4097_616,S035,net,Net,21.20375372892038,-157.1884273238539,688041.1944030623,2345773.3362953635,3.0,1,0.19437610841696326,0.458867187500057,0.0,0.023325133010035592,False,False,3.4987699515053388,1.4578208131272246,8.746924878763346,2d:area×thick_range×rho,1인,절단기,,molokai_1723_14573_4097.jpg
1723_14584_3758_624,S035,net,Net,21.203740575672033,-157.18841487639105,688042.5034289142,2345771.894797506,3.0,1,0.2338718810827121,0.6266979980469528,0.0,0.02806462572992545,False,False,4.209693859488818,1.7540391081203408,10.524234648722045,2d:area×thick_range×rho,1인,절단기,,molokai_1723_14584_3758.jpg
1723_14584_3758_625,S035,net,Net,21.20371633071906,-157.18840091269595,688043.9839273187,2345769.2270655204,3.0,1,0.2334707887366994,0.5763269042969466,0.0,0.028016494648403927,False,False,4.202474197260589,1.7510309155252457,10.506185493151474,2d:area×thick_range×rho,1인,절단기,,molokai_1723_14584_3758.jpg
1723_14584_3758_626,S035,net,Net,21.20382024915498,-157.18839868668866,688044.0834235984,2345780.735198703,3.0,1,0.3361534182248541,0.681495208740319,0.0,0.04033841018698249,False,False,6.050761528047373,2.521150636686406,15.126903820118434,2d:area×thick_range×rho,1인,절단기,,molokai_1723_14584_3758.jpg
1723_9477_2_632,S034,plastic_other,Plastic_ETC,21.20442690380374,-157.18939884050235,687939.4738677213,2345846.7142729987,3.0,1,0.8706140626067597,1.0717065429688832,0.0,0.026118421878202788,False,False,2.089473750256223,1.3929825001708154,6.964912500854078,2d:area×thick_range×rho,1인,,,molokai_1723_9477_2.jpg
1723_9477_2_633,S034,plastic_other,Plastic_ETC,21.20442755527218,-157.1893773159252,687941.707836087,2345846.8119536815,3.0,1,0.34907095532425975,0.6562890625000816,0.0,0.010472128659727792,False,False,0.8377702927782233,0.5585135285188156,2.7925676425940784,2d:area×thick_range×rho,1인,,,molokai_1723_9477_2.jpg
1724_-247_4090_639,S035,pet_bottle,PET_Bottle,21.203693799957737,-157.18833361446266,688050.9997527077,2345766.8124720138,3.0,1,0.1772088419557058,0.5136669921875638,0.0,0.010632530517342347,False,False,0.3508735070722975,0.2923945892269146,0.5847891784538292,2d:area×thick_range×rho,1인,,,molokai_1724_-247_4090.jpg
1724_-247_4090_640,S035,net,Net,21.20375072951603,-157.18832180217876,688052.1540633087,2345773.129546173,3.0,1,0.19896957245474037,0.4629101562500575,0.0,0.023876348694568842,False,False,3.5814523041853263,1.4922717934105527,8.953630760463316,2d:area×thick_range×rho,1인,절단기,,molokai_1724_-247_4090.jpg
1724_-247_4090_641,S035,net,Net,21.203691943768685,-157.1882958078921,688054.9273989338,2345766.651867719,3.0,1,0.14323117308620198,0.3856835937500479,0.0,0.017187740770344236,False,False,2.5781611155516355,1.0742337981465149,6.445402788879089,2d:area×thick_range×rho,1인,절단기,,molokai_1724_-247_4090.jpg
1724_-247_4090_642,S035,pet_bottle,PET_Bottle,21.203688605553808,-157.1883017324069,688054.316510112,2345766.2752349363,3.0,1,0.28747253199673883,0.6497253417969557,0.0,0.01724835191980433,False,False,0.5691956133535429,0.4743296777946191,0.9486593555892382,2d:area×thick_range×rho,1인,,,molokai_1724_-247_4090.jpg
1724_-255_3764_648,S035,net,Net,21.203808457645803,-157.18833365508357,688050.850307505,2345779.506926138,3.0,1,0.2648614358157578,0.5997912597656995,0.0,0.03178337229789093,False,False,4.767505844683639,1.9864607686181832,11.9187646117091,2d:area×thick_range×rho,1인,절단기,,molokai_1724_-255_3764.jpg
1724_1426_4958_651,S036,plastic_other,Plastic_ETC,21.2035314379413,-157.18803465589556,688082.2450319467,2345749.19143732,3.0,1,0.4650783781529628,0.6869824218750853,0.0,0.013952351344588883,False,False,1.1161881075671107,0.7441254050447406,3.7206270252237026,2d:area×thick_range×rho,1인,,,molokai_1724_1426_4958.jpg
1724_1426_4958_652,S036,pet_bottle,PET_Bottle,21.203583675257104,-157.18805021313915,688080.5636130858,2345754.956491161,3.0,1,0.27287438683972953,0.6191941833496863,0.0,0.01637246321038377,False,False,0.5402912859426644,0.4502427382855538,0.9004854765711076,2d:area×thick_range×rho,1인,,,molokai_1724_1426_4958.jpg
1724_1426_4958_653,S036,plastic_other,Plastic_ETC,21.20353302315817,-157.1879622659268,688089.7589748339,2345749.4529461577,3.0,1,0.17604935646061504,0.4863281250000604,0.0,0.0052814806938184505,False,False,0.42251845550547606,0.2816789703369841,1.4083948516849203,2d:area×thick_range×rho,1인,,,molokai_1724_1426_4958.jpg
1724_1426_4958_654,S036,pet_bottle,PET_Bottle,21.203527585309647,-157.18800898298178,688084.915425058,2345748.79538619,3.0,1,1.026455204129474,1.1122558593751382,0.0,0.06158731224776844,False,False,2.0323813041763588,1.6936510868136323,3.3873021736272646,2d:area×thick_range×rho,1인,,,molokai_1724_1426_4958.jpg
1724_1426_4958_655,S036,plastic_other,Plastic_ETC,21.203556312240448,-157.1880315418519,688082.5368389708,2345751.9491333123,3.0,1,0.4209016122245344,0.7539709472657187,0.0,0.012627048366736032,False,False,1.0101638693388826,0.6734425795592551,3.367212897796276,2d:area×thick_range×rho,1인,,,molokai_1724_1426_4958.jpg
1724_7356_7370_664,S037,net,Net,21.20315140742087,-157.1868554143076,688205.1625766908,2345708.5171141094,3.0,1,0.17896743270461238,0.4538366699219314,0.0,0.021476091924553485,False,False,3.221413788683023,1.342255745284593,8.053534471707556,2d:area×thick_range×rho,1인,절단기,,molokai_1724_7356_7370.jpg
1724_7356_7370_665,S037,plastic_other,Plastic_ETC,21.20308760290733,-157.18692887022578,688197.6168059297,2345701.3655780875,3.0,1,0.8442931000324201,0.9578985595704315,0.0,0.025328793000972603,False,False,2.0263034400778084,1.3508689600518722,6.754344800259361,2d:area×thick_range×rho,1인,,,molokai_1724_7356_7370.jpg
1724_8245_7681_674,S038,net,Net,21.203098831524915,-157.18666239374443,688225.2698185563,2345702.9255509465,3.0,1,0.1567565385178121,0.49291015625006124,0.0,0.01881078462213745,False,False,2.8216176933206176,1.1756740388835907,7.0540442333015445,2d:area×thick_range×rho,1인,절단기,,molokai_1724_8245_7681.jpg
1724_8245_7681_675,S038,net,Net,21.20301453798467,-157.18666354669142,688225.2569755145,2345693.5914855306,3.0,1,0.2640569465757073,0.5830322265625725,0.0,0.03168683358908487,False,False,4.75302503836273,1.9804270993178046,11.882562595906828,2d:area×thick_range×rho,1인,절단기,,molokai_1724_8245_7681.jpg
1724_8245_7681_676,S038,net,Net,21.20304570721385,-157.18675053302215,688216.1859953584,2345696.9390254407,3.0,1,0.1389808013432073,0.40377868652348764,0.0,0.016677696161184877,False,False,2.5016544241777314,1.042356010074055,6.254136060444329,2d:area×thick_range×rho,1인,절단기,,molokai_1724_8245_7681.jpg
1724_8740_7557_678,S039,pet_bottle,PET_Bottle,21.203025833910388,-157.1865521476475,688236.8088033021,2345694.9745730055,3.0,1,0.25645213236815145,0.6046533203125751,0.0,0.015387127942089086,False,False,0.5077752220889399,0.4231460184074499,0.8462920368148998,2d:area×thick_range×rho,1인,,,molokai_1724_8740_7557.jpg
1724_8740_7557_679,S038,net,Net,21.20310749172273,-157.18664478386273,688227.0872070049,2345703.905314368,3.0,1,0.19895263108318026,0.5023052978516249,0.0,0.02387431572998163,False,False,3.5811473594972445,1.4921447331238522,8.952868398743112,2d:area×thick_range×rho,1인,절단기,,molokai_1724_8740_7557.jpg
1724_8740_7557_680,S038,net,Net,21.203098916811708,-157.18666240804615,688225.2682255387,2345702.9349766076,3.0,1,0.16999933556248,0.48936401367193577,0.0,0.0203999202674976,False,False,3.0599880401246398,1.2749950167186002,7.6499701003116005,2d:area×thick_range×rho,1인,절단기,,molokai_1724_8740_7557.jpg
1724_8740_7557_681,S039,pet_bottle,PET_Bottle,21.203030873017507,-157.1866122255034,688230.564754533,2345695.461059039,3.0,1,0.444235545446089,0.7109594726563383,0.0,0.02665413272676534,False,False,0.8795863799832562,0.732988649986047,1.465977299972094,2d:area×thick_range×rho,1인,,,molokai_1724_8740_7557.jpg
1724_8740_7557_682,S038,plastic_other,Plastic_ETC,21.203013956280607,-157.1866615942558,688225.4604271051,2345693.529402386,3.0,1,2.206866125058186,2.2755578613284078,0.0,0.06620598375174558,False,False,5.296478700139646,3.530985800093097,17.654929000465486,2d:area×thick_range×rho,1인,,,molokai_1724_8740_7557.jpg
1724_8740_7557_683,S039,plastic_other,Plastic_ETC,21.203067045910217,-157.18660926924917,688230.8258318724,2345699.469513703,3.0,1,0.7918433395745338,1.0280175781251277,0.0,0.02375530018723601,False,False,1.900424014978881,1.2669493433192542,6.334746716596271,2d:area×thick_range×rho,1인,,,molokai_1724_8740_7557.jpg
1724_9381_7750_694,S039,pet_bottle,PET_Bottle,21.203047860830132,-157.18652864665975,688239.2208967998,2345697.4412600105,3.0,1,0.423968653302,0.7014398193360246,0.0,0.025438119198119998,False,False,0.8394579335379599,0.6995482779483001,1.3990965558966002,2d:area×thick_range×rho,1인,,,molokai_1724_9381_7750.jpg
1724_9381_7750_695,S039,plastic_buoy,Plastic_Buoy_China,21.20298002934067,-157.18644348903845,688248.1484984625,2345690.03243675,3.0,1,0.30392335238464274,0.56394287109382,0.0,0.09117700571539282,False,False,5.470620342923569,2.7353101714617845,7.294160457231426,2d:area×thick_range×rho,1인,,,molokai_1724_9381_7750.jpg
1725_13156_9587_702,S040,plastic_buoy,Plastic_Buoy,21.20233072716604,-157.18290459624723,688616.4038191473,2345622.3556260164,3.0,1,0.13420349083099123,0.370013427734421,0.0,0.04026104724929737,False,False,2.415662834957842,1.207831417478921,3.2208837799437893,2d:area×thick_range×rho,1인,,,molokai_1725_13156_9587.jpg
1725_13156_9587_703,S040,plastic_buoy,Plastic_Buoy,21.20228629897538,-157.1829120485227,688615.6865109187,2345617.4278025357,3.0,1,0.1560016562700659,0.40779541015630066,0.0,0.04680049688101977,False,False,2.8080298128611862,1.4040149064305931,3.744039750481582,2d:area×thick_range×rho,1인,,,molokai_1725_13156_9587.jpg
1725_13156_9587_704,S040,plastic_buoy,Plastic_Buoy,21.2023617050156,-157.18288168816105,688618.7429423514,2345625.8126837504,3.0,1,0.1521944532931229,0.4080541992188007,0.0,0.045658335987936866,False,False,2.739500159276212,1.369750079638106,3.6526668790349497,2d:area×thick_range×rho,1인,,,molokai_1725_13156_9587.jpg
1725_13156_9587_705,S040,net,Net,21.20226818799362,-157.18287799938793,688619.2447362756,2345615.463175578,3.0,1,0.2273165513218014,0.5434252929688175,0.0,0.027277986158616166,False,False,4.091697923792425,1.7048741349135106,10.229244809481063,2d:area×thick_range×rho,1인,절단기,,molokai_1725_13156_9587.jpg
1725_13156_9587_706,S040,plastic_buoy,Plastic_Buoy,21.202274828867818,-157.18282099803758,688625.1545772061,2345616.2663386054,3.0,1,0.3608640644074383,0.6261328125000778,0.0,0.10825921932223148,False,False,6.495553159333889,3.2477765796669447,8.66073754577852,2d:area×thick_range×rho,1인,,,molokai_1725_13156_9587.jpg
1725_13394_10093_711,S040,eps_fragment,Styrofoam_Piece,21.20221084810091,-157.18280576295655,688626.8176708586,2345609.2007448156,3.0,1,0.5254569784791583,0.7658471679688451,0.0,0.01576370935437475,False,False,0.315274187087495,0.21018279139166332,1.0509139569583166,2d:area×thick_range×rho,1인,,,molokai_1725_13394_10093.jpg
1725_13394_10093_712,S040,eps_fragment,Styrofoam_Piece,21.202207729488265,-157.18283119265317,688624.1813433081,2345608.8251667256,3.0,1,0.24752598178094817,0.5245678710938152,0.0,0.0074257794534284445,False,False,0.14851558906856888,0.09901039271237927,0.49505196356189635,2d:area×thick_range×rho,1인,,,molokai_1725_13394_10093.jpg
1725_13394_10093_713,S040,plastic_buoy,Plastic_Buoy,21.20226696494037,-157.18279165744696,688628.210912184,2345615.430624816,3.0,1,0.22771655338710245,0.4901757812500609,0.0,0.06831496601613073,False,False,4.098897960967844,2.049448980483922,5.465197281290459,2d:area×thick_range×rho,1인,,,molokai_1725_13394_10093.jpg
1725_13394_10093_714,S040,eps_fragment,Styrofoam_Piece,21.202204476920098,-157.18282428372865,688624.9028083272,2345608.473283703,3.0,1,0.15109857473377167,0.39709716796879935,0.0,0.00453295724201315,False,False,0.090659144840263,0.06043942989350867,0.3021971494675434,2d:area×thick_range×rho,1인,,,molokai_1725_13394_10093.jpg
1725_13394_10093_715,S040,eps_fragment,Styrofoam_Piece,21.202206451699446,-157.18278754501122,688628.714770938,2345608.735693427,3.0,1,0.253805094242159,0.5143408203125639,0.0,0.0076141528272647705,False,False,0.15228305654529542,0.10152203769686362,0.507610188484318,2d:area×thick_range×rho,1인,,,molokai_1725_13394_10093.jpg
1725_13394_10093_716,S040,plastic_buoy,Plastic_Buoy,21.202250149686172,-157.1827746163947,688630.0015956,2345613.589196209,3.0,1,0.24447498441642637,0.6076879882813255,0.0,0.07334249532492791,False,False,4.400549719495674,2.200274859747837,5.867399625994233,2d:area×thick_range×rho,1인,,,molokai_1725_13394_10093.jpg
1725_13394_10093_717,S040,plastic_buoy,Plastic_Buoy,21.202274950833047,-157.18282062524446,688625.1931282405,2345616.280286325,3.0,1,0.3953473433541185,0.6483789825440258,0.0,0.11860420300623553,False,False,7.116252180374132,3.558126090187066,9.488336240498844,2d:area×thick_range×rho,1인,,,molokai_1725_13394_10093.jpg
1725_13596_9775_722,S040,plastic_other,Plastic_ETC,21.202250429179525,-157.18277259513448,688630.2111018808,2345613.6225488787,3.0,1,0.5824123444320218,0.8513232421876058,0.0,0.017472370332960653,False,False,1.3977896266368521,0.931859751091235,4.659298755456175,2d:area×thick_range×rho,1인,,,molokai_1725_13596_9775.jpg
1725_13596_9775_723,S040,plastic_buoy,Plastic_Buoy,21.202255701029905,-157.18278811144455,688628.5933927444,2345614.1877455544,3.0,1,0.11821422390642719,0.3575134277344194,0.0,0.03546426717192815,False,False,2.127856030315689,1.0639280151578445,2.837141373754253,2d:area×thick_range×rho,1인,,,molokai_1725_13596_9775.jpg
1725_14232_9596_729,S041,net,Net,21.202290328650655,-157.1826282811122,688645.1440987191,2345618.2120281295,3.0,1,0.200154845178177,0.49440917968756143,0.0,0.02401858142138124,False,False,3.602787213207186,1.5011613388363276,9.006968033017964,2d:area×thick_range×rho,1인,절단기,,molokai_1725_14232_9596.jpg
1725_14232_9596_730,S040,net,Net,21.202289200318877,-157.1826900451762,688638.7327571167,2345618.0135143003,3.0,1,0.19338983917241134,0.4767700195313092,0.0,0.02320678070068936,False,False,3.4810171051034042,1.450423793793085,8.70254276275851,2d:area×thick_range×rho,1인,절단기,,molokai_1725_14232_9596.jpg
1725_14232_9596_731,S041,plastic_buoy,Plastic_Buoy,21.20226890909703,-157.18261264556446,688646.7947045898,2345615.8591533983,3.0,1,0.12674055023196507,0.386210937500048,0.0,0.03802216506958952,False,False,2.281329904175371,1.1406649520876855,3.0417732055671616,2d:area×thick_range×rho,1인,,,molokai_1725_14232_9596.jpg
1725_14532_9972_738,S041,net,Net,21.20229034869178,-157.18262829284154,688645.1428554333,2345618.2142330436,3.0,1,0.19605404296480333,0.475174560546934,0.0,0.0235264851557764,False,False,3.5289727733664598,1.470405322236025,8.82243193341615,2d:area×thick_range×rho,1인,절단기,,molokai_1725_14532_9972.jpg
1725_14532_9972_739,S040,net,Net,21.202232679517387,-157.18264209174515,688643.7834269854,2345611.812846865,3.0,1,0.19095061431829904,0.43757568359380433,0.0,0.022914073718195885,False,False,3.437111057729383,1.432129607387243,8.592777644323457,2d:area×thick_range×rho,1인,절단기,,molokai_1725_14532_9972.jpg
1725_14532_9972_740,S041,plastic_buoy,Plastic_Buoy,21.202253568356877,-157.18259543806224,688648.6007987766,2345614.181178431,3.0,1,0.14423997169736633,0.3893188476562984,0.0,0.0432719915092099,False,False,2.596319490552594,1.298159745276297,3.461759320736792,2d:area×thick_range×rho,1인,,,molokai_1725_14532_9972.jpg
1725_14532_9972_741,S041,plastic_buoy,Plastic_Buoy,21.202271119220605,-157.18259903279835,688648.2052689017,2345616.1200705133,3.0,1,0.11733892909216816,0.34809204101566826,0.0,0.03520167872765045,False,False,2.112100723659027,1.0560503618295134,2.816134298212036,2d:area×thick_range×rho,1인,,,molokai_1725_14532_9972.jpg
1725_14532_9972_742,S040,plastic_buoy,Plastic_Buoy,21.20227974696921,-157.18267329691125,688640.4836890559,2345616.986824285,3.0,1,0.16876465018572753,0.42075134277348974,0.0,0.05062939505571826,False,False,3.0377637033430953,1.5188818516715477,4.050351604457461,2d:area×thick_range×rho,1인,,,molokai_1725_14532_9972.jpg
1725_14532_9972_743,S041,plastic_buoy,Plastic_Buoy,21.202256212948036,-157.18259988649797,688648.1355710006,2345614.4686788097,3.0,1,0.1579922278181111,0.4121374511719262,0.0,0.047397668345433325,False,False,2.8438601007259994,1.4219300503629997,3.7918134676346664,2d:area×thick_range×rho,1인,,,molokai_1725_14532_9972.jpg
1725_14532_9972_744,S041,plastic_buoy,Plastic_Buoy,21.20226882908338,-157.1826125657312,688646.803095095,2345615.850389664,3.0,1,0.13232465125623652,0.3756713867187967,0.0,0.039697395376870954,False,False,2.381843722612257,1.1909218613061285,3.1757916301496767,2d:area×thick_range×rho,1인,,,molokai_1725_14532_9972.jpg
1725_1843_7090_749,S042,plastic_buoy,Plastic_Buoy,21.20280838626665,-157.1850455403389,688393.5101991574,2345672.6914787805,3.0,1,0.14717605648640475,0.39010498046879843,0.0,0.04415281694592142,False,False,2.6491690167552853,1.3245845083776426,3.5322253556737144,2d:area×thick_range×rho,1인,,,molokai_1725_1843_7090.jpg
1725_1843_7090_750,S042,net,Net,21.202786315328325,-157.185036014209,688394.527269105,2345670.2591930213,3.0,1,0.09122710078956964,0.34479003906254285,0.0,0.010947252094748356,False,False,1.6420878142122535,0.6842032559217722,4.105219535530634,2d:area×thick_range×rho,1인,절단기,,molokai_1725_1843_7090.jpg
1725_1843_7090_751,S042,net,Net,21.20277699933049,-157.18500657432003,688397.59573116,2345669.2627877393,3.0,1,0.14379608965519663,0.41096923828130105,0.0,0.017255530758623596,False,False,2.5883296137935394,1.0784706724139748,6.470824034483849,2d:area×thick_range×rho,1인,절단기,,molokai_1725_1843_7090.jpg
1725_1843_7090_752,S042,plastic_buoy,Plastic_Buoy,21.202789552306616,-157.18507388901122,688390.5907532475,2345670.57251342,3.0,1,0.1251461404428197,0.35557739257816917,0.0,0.0375438421328459,False,False,2.252630527970754,1.126315263985377,3.0035073706276725,2d:area×thick_range×rho,1인,,,molokai_1725_1843_7090.jpg
1725_418_6804_756,S043,plastic_buoy,Plastic_Buoy,21.202803036319406,-157.18531893943162,688365.1309178951,2345671.7738565444,3.0,1,0.24181771745687772,0.4959667968750616,0.0,0.07254531523706331,False,False,4.352718914223798,2.176359457111899,5.803625218965066,2d:area×thick_range×rho,1인,,,molokai_1725_418_6804.jpg
1725_418_6804_757,S043,plastic_buoy,Plastic_Buoy,21.202796830504358,-157.18529787839685,688367.3254844729,2345671.1118263477,3.0,1,0.24309336705213866,0.5122705078125637,0.0,0.0729280101156416,False,False,4.375680606938496,2.187840303469248,5.8342408092513285,2d:area×thick_range×rho,1인,,,molokai_1725_418_6804.jpg
1725_418_6804_758,S043,plastic_buoy,Plastic_Buoy_China,21.20281811973699,-157.18538673923086,688358.0723675804,2345673.363180684,3.0,1,0.1867480395466553,0.49225341796881117,0.0,0.05602441186399659,False,False,3.361464711839796,1.680732355919898,4.481952949119727,2d:area×thick_range×rho,1인,,,molokai_1725_418_6804.jpg
1725_418_6804_759,S043,plastic_buoy,Plastic_Buoy_China,21.202813236074014,-157.185386327081,688358.1213552093,2345672.822968148,3.0,1,0.19815837474172268,0.4467507171631414,0.0,0.0594475124225168,False,False,3.566850745351008,1.783425372675504,4.755800993801345,2d:area×thick_range×rho,1인,,,molokai_1725_418_6804.jpg
1725_418_6804_760,S043,net,Net,21.20281327252465,-157.18535273982164,688361.6085558881,2345672.8669622918,3.0,1,0.3096389760971839,0.6090478515625757,0.0,0.03715667713166206,False,False,5.573501569749309,2.3222923207288795,13.933753924373274,2d:area×thick_range×rho,1인,절단기,,molokai_1725_418_6804.jpg
1725_418_6804_761,S043,plastic_other,Plastic_ETC,21.2027943974345,-157.18535989445465,688360.8896613605,2345670.7686634357,3.0,1,1.4011524622414016,1.1928717041017107,0.0,0.04203457386724205,False,False,3.362765909379364,2.2418439395862424,11.209219697931212,2d:area×thick_range×rho,1인,,,molokai_1725_418_6804.jpg
1725_418_6804_762,S043,net,Net,21.20289640586538,-157.1852748973783,688369.5851908623,2345682.1638200013,3.0,1,0.23393007630190105,0.5411279296875672,0.0,0.028071609156228125,False,False,4.210741373434219,1.754475572264258,10.526853433585545,2d:area×thick_range×rho,1인,절단기,,molokai_1725_418_6804.jpg
1725_418_6804_763,S043,net,Net,21.202795120651196,-157.18536658037578,688360.1945681102,2345670.8407813753,3.0,1,0.1845326216966372,0.5137207031250638,0.0,0.02214391460359646,False,False,3.321587190539469,1.3839946627247792,8.303967976348673,2d:area×thick_range×rho,1인,절단기,,molokai_1725_418_6804.jpg
1725_5319_7172_764,S044,plastic_other,Plastic_ETC,21.20272499987005,-157.18439366039203,688461.2984640761,2345664.2350251274,3.0,1,0.5076387418718407,0.7392749023438419,0.0,0.01522916225615522,False,False,1.2183329804924177,0.8122219869949452,4.061109934974725,2d:area×thick_range×rho,1인,,,molokai_1725_5319_7172.jpg
1725_5319_7172_765,S044,plastic_other,Plastic_ETC,21.202761169475895,-157.18432532049593,688468.348049555,2345668.3209532457,3.0,1,0.3179398831070259,0.5792333984375719,0.0,0.009538196493210777,False,False,0.7630557194568621,0.5087038129712416,2.5435190648562074,2d:area×thick_range×rho,1인,,,molokai_1725_5319_7172.jpg
1725_5319_7172_766,S044,net,Net,21.20276004452854,-157.1843726457101,688463.4358632911,2345668.140068813,3.0,1,0.1526948615909002,0.4562744140625567,0.0,0.018323383390908023,False,False,2.7485075086362034,1.1452114619317515,6.871268771590509,2d:area×thick_range×rho,1인,절단기,,molokai_1725_5319_7172.jpg
1725_5971_7236_769,S044,eps_buoy,Styrofoam_Buoy,21.202770666138914,-157.184307709883,688470.1644440487,2345669.3933558506,3.0,1,0.5655410975219225,0.7525390625000935,0.0,0.19793938413267287,False,False,4.948484603316822,2.1207791157072093,5.655410975219225,2d:area×thick_range×rho,1인,,,molokai_1725_5971_7236.jpg
1725_5971_7236_770,S044,plastic_buoy,Plastic_Buoy,21.202695170270054,-157.1842015209769,688481.2855112134,2345661.1611107513,3.0,1,0.2009415989637874,0.4638037109375576,0.0,0.06028247968913622,False,False,3.616948781348173,1.8084743906740866,4.822598375130898,2d:area×thick_range×rho,1인,,,molokai_1725_5971_7236.jpg
1725_5971_7236_771,S044,plastic_buoy,Plastic_Buoy,21.202733371891597,-157.184317982648,688469.1451986041,2345665.252030977,3.0,1,0.15121159927550734,0.4009339141846201,0.0,0.0453634797826522,False,False,2.721808786959132,1.360904393479566,3.6290783826121764,2d:area×thick_range×rho,1인,,,molokai_1725_5971_7236.jpg
1725_5971_7236_772,S044,plastic_buoy,Plastic_Buoy,21.202717729360568,-157.18430571329725,688470.4389396856,2345663.534746615,3.0,1,0.1982675436756135,0.45123649597173576,0.0,0.05948026310268405,False,False,3.568815786161043,1.7844078930805214,4.758421048214724,2d:area×thick_range×rho,1인,,,molokai_1725_5971_7236.jpg
1725_5971_7236_773,S044,plastic_buoy,Plastic_Buoy_China,21.202792736067586,-157.18419782315172,688481.5455882046,2345671.9676774447,3.0,1,0.20144605326583026,0.5109658813477197,0.0,0.060433815979749075,False,False,3.6260289587849446,1.8130144793924723,4.834705278379927,2d:area×thick_range×rho,1인,,,molokai_1725_5971_7236.jpg
1725_5971_7236_774,S044,plastic_buoy,Plastic_Buoy,21.202711914821865,-157.18429433322132,688471.6278751033,2345662.9045267296,3.0,1,0.19689229855691318,0.4475878906250556,0.0,0.05906768956707395,False,False,3.544061374024437,1.7720306870122184,4.725415165365916,2d:area×thick_range×rho,1인,,,molokai_1725_5971_7236.jpg
1725_5971_7236_775,S044,plastic_buoy,Plastic_Buoy,21.202772526077172,-157.18421308032475,688479.9871442127,2345669.7119307364,3.0,1,0.2331474883199317,0.5101660156250634,0.0,0.06994424649597951,False,False,4.196654789758771,2.0983273948793855,5.595539719678361,2d:area×thick_range×rho,1인,,,molokai_1725_5971_7236.jpg
1725_6148_7639_783,S044,net,Net,21.202687328034692,-157.1841967627993,688481.7894920481,2345660.2985086082,3.0,1,0.18511069010947773,0.4515930175781811,0.0,0.022213282813137326,False,False,3.331992421970599,1.3883301758210829,8.329981054926497,2d:area×thick_range×rho,1인,절단기,,molokai_1725_6148_7639.jpg
1725_6148_7639_784,S044,plastic_buoy,Plastic_Buoy,21.202695243648822,-157.18420150983926,688481.286574446,2345661.169248266,3.0,1,0.17303003176455029,0.4250585937500528,0.0,0.051909009529365086,False,False,3.1145405717619052,1.5572702858809526,4.152720762349206,2d:area×thick_range×rho,1인,,,molokai_1725_6148_7639.jpg
1725_6148_7639_785,S044,net,Net,21.202658419466978,-157.18424771936316,688476.5355414704,2345657.037186402,3.0,1,0.20001523144101105,0.49780639648443686,0.0,0.024001827772921324,False,False,3.6002741659381985,1.500114235807583,9.000685414845497,2d:area×thick_range×rho,1인,절단기,,molokai_1725_6148_7639.jpg
1725_9034_8395_792,S045,plastic_buoy,Plastic_Buoy,21.2025807057925,-157.18362365146962,688541.4291050576,2345649.1760125975,3.0,1,0.10210175230952653,0.32173339843753995,0.0,0.030630525692857957,False,False,1.8378315415714774,0.9189157707857387,2.450442055428637,2d:area×thick_range×rho,1인,,,molokai_1725_9034_8395.jpg
1725_9034_8395_793,S045,plastic_buoy,Plastic_Buoy,21.202567029601717,-157.18363826394085,688539.9293067119,2345647.6444285116,3.0,1,0.1751601145528692,0.43765319824224186,0.0,0.05254803436586076,False,False,3.1528820619516456,1.5764410309758228,4.203842749268861,2d:area×thick_range×rho,1인,,,molokai_1725_9034_8395.jpg
1725_9472_8275_805,S045,plastic_buoy,Plastic_Buoy,21.202580072442718,-157.18360320500332,688543.5527988167,2345649.130238502,3.0,1,0.21705070046787886,0.47134277343755854,0.0,0.06511521014036366,False,False,3.9069126084218193,1.9534563042109097,5.209216811229092,2d:area×thick_range×rho,1인,,,molokai_1725_9472_8275.jpg
1725_9472_8275_806,S045,plastic_buoy,Plastic_Buoy,21.202528844013706,-157.18356987485507,688547.0784130755,2345643.4980850047,3.0,1,0.13218895232680744,0.370295410156296,0.0,0.03965668569804223,False,False,2.379401141882534,1.189700570941267,3.1725348558433786,2d:area×thick_range×rho,1인,,,molokai_1725_9472_8275.jpg
1725_9472_8275_807,S045,plastic_buoy,Plastic_Buoy,21.202607952158612,-157.18352870821298,688551.2521513004,2345652.3057054253,3.0,1,1.2568634052004062,1.2308270263673404,0.0,0.37705902156012183,False,False,22.62354129360731,11.311770646803655,30.164721724809752,2d:area×thick_range×rho,2인,,,molokai_1725_9472_8275.jpg
1725_9472_8275_808,S045,plastic_buoy,Plastic_Buoy,21.202567391002585,-157.18352805490423,688551.3714915282,2345647.8156843274,3.0,1,0.15634650487903665,0.40247070312505,0.0,0.04690395146371099,False,False,2.8142370878226597,1.4071185439113298,3.7523161170968797,2d:area×thick_range×rho,1인,,,molokai_1725_9472_8275.jpg
1725_9472_8275_809,S045,plastic_buoy,Plastic_Buoy,21.20254373687926,-157.1835644327973,688547.6245319847,2345645.1534552844,3.0,1,0.17339673842196004,0.42116210937505233,0.0,0.052019021526588015,False,False,3.121141291595281,1.5605706457976405,4.161521722127041,2d:area×thick_range×rho,1인,,,molokai_1725_9472_8275.jpg
1725_9472_8275_810,S045,plastic_buoy,Plastic_Buoy,21.20258051917123,-157.18354936066748,688549.1427122996,2345649.243819756,3.0,1,0.24190472473284652,0.5180187988281894,0.0,0.07257141741985396,False,False,4.354285045191237,2.1771425225956187,5.8057133935883165,2d:area×thick_range×rho,1인,,,molokai_1725_9472_8275.jpg
1725_9472_8275_811,S045,plastic_buoy,Plastic_Buoy,21.20253948455427,-157.18355826945893,688548.2698513584,2345644.689991424,3.0,1,0.2574934700132056,0.5589111328125694,0.0,0.07724804100396168,False,False,4.634882460237701,2.3174412301188503,6.179843280316934,2d:area×thick_range×rho,1인,,,molokai_1725_9472_8275.jpg
1725_9472_8275_812,S045,net,Net,21.202534747368496,-157.18356518229282,688547.5581299878,2345644.1572733987,3.0,1,0.14090268939438982,0.40120361328129983,0.0,0.01690832272732678,False,False,2.536248409099017,1.0567701704579238,6.340621022747541,2d:area×thick_range×rho,1인,절단기,,molokai_1725_9472_8275.jpg
1725_9472_8275_813,S045,plastic_buoy,Plastic_Buoy,21.20252577844712,-157.1835717243447,688546.8902794811,2345643.1564729814,3.0,1,0.17651422537569617,0.42639404296880296,0.0,0.05295426761270885,False,False,3.177256056762531,1.5886280283812655,4.236341409016708,2d:area×thick_range×rho,1인,,,molokai_1725_9472_8275.jpg
1725_9472_8275_814,S045,plastic_buoy,Plastic_Buoy,21.202567011451798,-157.1836382604226,688539.9296950456,2345647.642423202,3.0,1,0.17610352908116486,0.43359619140630384,0.0,0.052831058724349456,False,False,3.1698635234609673,1.5849317617304837,4.226484697947957,2d:area×thick_range×rho,1인,,,molokai_1725_9472_8275.jpg
1725_9788_8295_830,S045,plastic_buoy,Plastic_Buoy,21.202597580128714,-157.18347620040373,688556.7170360608,2345651.2198799504,3.0,1,0.25854060173041093,0.5114868164063135,0.0,0.07756218051912328,False,False,4.653730831147397,2.3268654155736983,6.204974441529862,2d:area×thick_range×rho,1인,,,molokai_1725_9788_8295.jpg
1725_9788_8295_831,S045,plastic_buoy,Plastic_Buoy,21.202602099749363,-157.18349430336426,688554.8317255431,2345651.6987184975,3.0,1,0.22064507460934935,0.4754466247559184,0.0,0.0661935223828048,False,False,3.971611342968288,1.985805671484144,5.295481790624385,2d:area×thick_range×rho,1인,,,molokai_1725_9788_8295.jpg
1725_9788_8295_832,S045,plastic_buoy,Plastic_Buoy,21.202606427825195,-157.18352777815144,688551.350652301,2345652.1380437943,3.0,1,1.027815208950894,1.20802246093765,0.0,0.3083445626852682,False,False,18.500673761116094,9.250336880558047,24.667565014821456,2d:area×thick_range×rho,2인,,,molokai_1725_9788_8295.jpg
1725_9788_8295_833,S045,plastic_buoy,Plastic_Buoy,21.2025932828513,-157.18350217783882,688554.0253416717,2345650.7131624552,3.0,1,0.20337221126859473,0.4657708740234954,0.0,0.06101166338057842,False,False,3.660699802834705,1.8303499014173525,4.8809330704462734,2d:area×thick_range×rho,1인,,,molokai_1725_9788_8295.jpg
1725_9788_8295_834,S045,plastic_buoy,Plastic_Buoy,21.202528846639876,-157.1835699165666,688547.0740789657,2345643.4983260934,3.0,1,0.1342734731674528,0.3749218750000466,0.0,0.04028204195023584,False,False,2.41692251701415,1.208461258507075,3.222563356018868,2d:area×thick_range×rho,1인,,,molokai_1725_9788_8295.jpg
1725_9788_8295_835,S045,plastic_buoy,Plastic_Buoy,21.202567390184637,-157.18352806957535,688551.3699693135,2345647.8155762954,3.0,1,0.15685806441310965,0.4044433593750502,0.0,0.04705741932393289,False,False,2.8234451594359733,1.4117225797179866,3.7645935459146322,2d:area×thick_range×rho,1인,,,molokai_1725_9788_8295.jpg
1725_9788_8295_836,S045,plastic_buoy,Plastic_Buoy,21.20259013251761,-157.18351458852678,688552.7407814225,2345650.3495878438,3.0,1,0.11633200854810982,0.34499938964848037,0.0,0.03489960256443295,False,False,2.093976153865977,1.0469880769329885,2.7919682051546357,2d:area×thick_range×rho,1인,,,molokai_1725_9788_8295.jpg
1725_9788_8295_837,S045,plastic_buoy,Plastic_Buoy,21.20253955853176,-157.18355824813202,688548.2719717193,2345644.698207368,3.0,1,0.2488271725804232,0.539455566406317,0.0,0.07464815177412695,False,False,4.4788891064476175,2.2394445532238088,5.971852141930158,2d:area×thick_range×rho,1인,,,molokai_1725_9788_8295.jpg
1725_9788_8295_838,S045,eps_fragment,Styrofoam_Piece,21.202596969361924,-157.18346482247634,688557.8991445058,2345651.165808127,3.0,1,0.2954173249796767,0.8045782470704125,0.0,0.0088625197493903,False,False,0.177250394987806,0.11816692999187069,0.5908346499593534,2d:area×thick_range×rho,1인,,,molokai_1725_9788_8295.jpg
1725_9788_8295_839,S045,net,Net,21.202595481076152,-157.18351944217008,688552.2300513154,2345650.935982643,3.0,1,0.20542744836961366,0.4590206909180258,0.0,0.024651293804353637,False,False,3.6976940706530455,1.5407058627721024,9.244235176632614,2d:area×thick_range×rho,1인,절단기,,molokai_1725_9788_8295.jpg
1725_9788_8295_840,S045,net,Net,21.20253476846933,-157.18356514828886,688547.5616337114,2345644.1596501083,3.0,1,0.1356839844212273,0.4004406738281747,0.0,0.016282078130547276,False,False,2.4423117195820914,1.0176298831592048,6.105779298955229,2d:area×thick_range×rho,1인,절단기,,molokai_1725_9788_8295.jpg
1725_9788_8295_841,S045,plastic_buoy,Plastic_Buoy,21.202535577977557,-157.1835277998637,688551.438371422,2345644.293753527,3.0,1,0.27890057594038026,0.5463708496094428,0.0,0.08367017278211407,False,False,5.020210366926844,2.510105183463422,6.693613822569127,2d:area×thick_range×rho,1인,,,molokai_1725_9788_8295.jpg
1725_9788_8295_842,S045,plastic_buoy,Plastic_Buoy,21.20260386219301,-157.18348798491516,688555.485511104,2345651.901375254,3.0,1,0.1169918130368285,0.39589355468754917,0.0,0.03509754391104855,False,False,2.105852634662913,1.0529263173314565,2.807803512883884,2d:area×thick_range×rho,1인,,,molokai_1725_9788_8295.jpg
1725_9788_8295_843,S045,plastic_buoy,Plastic_Buoy,21.202580494116162,-157.18354931328705,688549.1476634706,2345649.2411021646,3.0,1,0.24388676260715822,0.5137402343750638,0.0,0.07316602878214747,False,False,4.389961726928848,2.194980863464424,5.853282302571797,2d:area×thick_range×rho,1인,,,molokai_1725_9788_8295.jpg
1725_9788_8295_844,S045,plastic_buoy,Plastic_Buoy,21.202577358256587,-157.18348606410837,688555.7186007544,2345648.969233189,3.0,1,0.11443304282429678,0.3513916015625437,0.0,0.034329912847289035,False,False,2.059794770837342,1.029897385418671,2.7463930277831228,2d:area×thick_range×rho,1인,,,molokai_1725_9788_8295.jpg
1725_9788_8295_845,S045,plastic_buoy,Plastic_Buoy,21.20255684840784,-157.1835127560885,688552.9733058865,2345646.666661824,3.0,1,0.13724200570586753,0.3989746093750496,0.0,0.04117260171176026,False,False,2.4703561027056153,1.2351780513528077,3.2938081369408208,2d:area×thick_range×rho,1인,,,molokai_1725_9788_8295.jpg
1725_9788_8295_846,S045,plastic_buoy,Plastic_Buoy,21.202543752173277,-157.18356442014183,688547.6258265399,2345645.1551636597,3.0,1,0.17430926145878295,0.42048706054692725,0.0,0.052292778437634885,False,False,3.137566706258093,1.5687833531290465,4.183422275010791,2d:area×thick_range×rho,1인,,,molokai_1725_9788_8295.jpg
1725_9788_8295_847,S045,plastic_other,Plastic_ETC,21.20259022410299,-157.18353395750717,688550.7296475051,2345650.3366615144,3.0,1,0.4251754677706523,0.6762457275391465,0.0,0.012755264033119568,False,False,1.0204211226495654,0.6802807484330436,3.401403742165219,2d:area×thick_range×rho,1인,,,molokai_1725_9788_8295.jpg
1725_9788_8295_848,S045,pet_bottle,PET_Bottle,21.20254081442625,-157.18356251035212,688547.8278444123,2345644.832180181,3.0,1,0.1853108225986822,0.6003845214844495,0.0,0.011118649355920931,False,False,0.36691542874539074,0.30576285728782565,0.6115257145756513,2d:area×thick_range×rho,1인,,,molokai_1725_9788_8295.jpg
1725_9788_8295_849,S045,plastic_buoy,Plastic_Buoy,21.202607015669617,-157.18346472692372,688557.8963069832,2345652.2782164286,3.0,1,0.20235724187926762,0.5427375793457705,0.0,0.06070717256378028,False,False,3.642430353826817,1.8212151769134084,4.856573805102424,2d:area×thick_range×rho,1인,,,molokai_1725_9788_8295.jpg
1726_-143_8972_858,S041,plastic_buoy,Plastic_Buoy,21.202291427269973,-157.1825282232191,688655.5314102293,2345618.4528826578,3.0,1,0.1244777374327492,0.37614501953129675,0.0,0.03734332122982476,False,False,2.2405992737894858,1.1202996368947429,2.9874656983859813,2d:area×thick_range×rho,1인,,,molokai_1726_-143_8972.jpg
1726_-143_8972_859,S046,eps_fragment,Styrofoam_Piece,21.202319755238832,-157.18250732890218,688657.6648098102,2345621.614160748,3.0,1,0.47337398779627515,0.7393212890625919,0.0,0.014201219633888254,False,False,0.2840243926777651,0.18934959511851007,0.9467479755925503,2d:area×thick_range×rho,1인,,,molokai_1726_-143_8972.jpg
1726_1215_8487_867,S046,net,Net,21.202294559879604,-157.18223304037048,688686.1753710043,2345619.1514636963,3.0,1,0.20618270955090878,0.7013623046875871,0.0,0.024741925146109053,False,False,3.711288771916358,1.5463703216318159,9.278221929790895,2d:area×thick_range×rho,1인,절단기,,molokai_1726_1215_8487.jpg
1726_1215_8487_868,S046,net,Net,21.202329912056136,-157.1822785854228,688681.401641204,2345623.0112669063,3.0,1,0.1730489879966212,0.47373291015630886,0.0,0.020765878559594542,False,False,3.114881783939181,1.297867409974659,7.7872044598479535,2d:area×thick_range×rho,1인,절단기,,molokai_1726_1215_8487.jpg
1726_1215_8487_869,S046,net,Net,21.202316411616586,-157.18227453337227,688681.8395093502,2345621.5213702973,3.0,1,0.21334797391896781,0.5412890625000673,0.0,0.025601756870276136,False,False,3.8402635305414203,1.6001098043922586,9.600658826353552,2d:area×thick_range×rho,1인,절단기,,molokai_1726_1215_8487.jpg
1726_1215_8487_870,S046,eps_fragment,Styrofoam_Piece,21.202309340500374,-157.1822328172525,688686.1797533333,2345620.788192616,3.0,1,0.11216745197775765,0.37575683593754666,0.0,0.0033650235593327294,False,False,0.06730047118665458,0.04486698079110306,0.22433490395551534,2d:area×thick_range×rho,1인,,,molokai_1726_1215_8487.jpg
1726_1215_8487_871,S046,net,Net,21.202335326627768,-157.18233532670587,688675.5034863732,2345623.5431335056,3.0,1,0.24237862977019015,0.591641235351636,0.0,0.029085435572422817,False,False,4.362815335863423,1.8178397232764263,10.907038339658557,2d:area×thick_range×rho,1인,절단기,,molokai_1726_1215_8487.jpg
1726_3477_8181_878,S047,net,Net,21.202409608840405,-157.18191226737568,688719.334032337,2345632.271625556,3.0,1,0.1739007459019743,0.4777922439575789,0.0,0.020868089508236914,False,False,3.130213426235537,1.3042555942648073,7.8255335655888425,2d:area×thick_range×rho,1인,절단기,,molokai_1726_3477_8181.jpg
1726_3477_8181_879,S047,plastic_buoy,Plastic_Buoy,21.202411714910948,-157.18191005105646,688719.561469014,2345632.5074447053,3.0,1,0.14215041975829557,0.3833782958984851,0.0,0.04264512592748867,False,False,2.55870755564932,1.27935377782466,3.4116100741990936,2d:area×thick_range×rho,1인,,,molokai_1726_3477_8181.jpg
1726_3477_8181_880,S047,plastic_buoy,Plastic_Buoy,21.202413227858354,-157.18189075618346,688721.5628730083,2345632.69795195,3.0,1,0.16962262536962075,0.4454180908203678,0.0,0.050886787610886226,False,False,3.0532072566531734,1.5266036283265867,4.0709430088708976,2d:area×thick_range×rho,1인,,,molokai_1726_3477_8181.jpg
1726_3477_8181_881,S047,net,Net,21.202407770595393,-157.18189754983413,688720.864445712,2345632.0856434507,3.0,1,0.14793998676542142,0.495034790039124,0.0,0.017752798411850568,False,False,2.662919761777585,1.1095499007406606,6.657299404443964,2d:area×thick_range×rho,1인,절단기,,molokai_1726_3477_8181.jpg
1726_3477_8181_882,S048,net,Net,21.202410364015982,-157.18180195693864,688730.786264556,2345632.4867238514,3.0,1,0.21284088376169724,0.5265185546875654,0.0,0.025540906051403668,False,False,3.83113590771055,1.5963066282127296,9.577839769276375,2d:area×thick_range×rho,1인,절단기,,molokai_1726_3477_8181.jpg
1726_3835_8259_886,S048,pet_bottle,PET_Bottle,21.20244283722823,-157.1817715966982,688733.897196723,2345636.11824486,3.0,1,0.2283544138035373,0.4913195037842407,0.0,0.013701264828212238,False,False,0.4521417393310038,0.3767847827758366,0.7535695655516732,2d:area×thick_range×rho,1인,,,molokai_1726_3835_8259.jpg
1726_3860_8767_893,S048,plastic_buoy,Plastic_Buoy,21.202278863438725,-157.18182114288413,688728.9613972837,2345617.9045284805,3.0,1,0.1663946667503979,0.4134533691406764,0.0,0.049918400025119374,False,False,2.9951040015071624,1.4975520007535812,3.9934720020095495,2d:area×thick_range×rho,1인,,,molokai_1726_3860_8767.jpg
1726_3860_8767_894,S048,net,Net,21.20227906114739,-157.18182871498934,688728.1749569678,2345617.9173922543,3.0,1,0.2159102350660205,0.5094375610352195,0.0,0.02590922820792246,False,False,3.886384231188369,1.619326762995154,9.715960577970922,2d:area×thick_range×rho,1인,절단기,,molokai_1726_3860_8767.jpg
1726_3860_8767_895,S048,plastic_buoy,Plastic_Buoy,21.20227718761734,-157.18183926807242,688727.0816433668,2345617.6973818266,3.0,1,0.17515361148859068,0.42837036132817824,0.0,0.052546083446577206,False,False,3.1527650067946325,1.5763825033973162,4.203686675726177,2d:area×thick_range×rho,1인,,,molokai_1726_3860_8767.jpg
1726_3860_8767_896,S048,plastic_other,Plastic_ETC,21.202273425218646,-157.1817696120601,688734.3186012045,2345617.3638514555,3.0,1,0.2758673878730029,0.5491125488281933,0.0,0.008276021636190086,False,False,0.6620817308952069,0.44138782059680465,2.2069391029840233,2d:area×thick_range×rho,1인,,,molokai_1726_3860_8767.jpg
1726_3860_8767_897,S048,plastic_other,Plastic_ETC,21.202271178608264,-157.1818062236518,688730.5201847455,2345617.0714722397,3.0,1,0.7147132166864264,1.0439648437501297,0.0,0.02144139650059279,False,False,1.7153117200474233,1.1435411466982823,5.717705733491412,2d:area×thick_range×rho,1인,,,molokai_1726_3860_8767.jpg
1726_3860_8767_898,S048,plastic_other,Plastic_ETC,21.20226980180454,-157.181824184494,688728.6571142196,2345616.8976275967,3.0,1,0.7415945452289636,1.0767596435548212,0.0,0.02224783635686891,False,False,1.7798269085495129,1.1865512723663418,5.932756361831709,2d:area×thick_range×rho,1인,,,molokai_1726_3860_8767.jpg
1726_3860_8767_899,S048,plastic_buoy,Plastic_Buoy,21.20231936138768,-157.1817424427551,688737.0811171543,2345622.482144949,3.0,1,0.19293164505963348,0.4442578125000552,0.0,0.05787949351789004,False,False,3.4727696110734025,1.7363848055367013,4.630359481431204,2d:area×thick_range×rho,1인,,,molokai_1726_3860_8767.jpg
1726_3860_8767_900,S048,plastic_buoy,Plastic_Buoy,21.202273708263608,-157.18182753293843,688728.3044897742,2345617.3261469915,3.0,1,0.11060313507917291,0.35705566406254435,0.0,0.033180940523751874,False,False,1.9908564314251125,0.9954282157125562,2.6544752419001503,2d:area×thick_range×rho,1인,,,molokai_1726_3860_8767.jpg
1726_3860_8767_901,S048,net,Net,21.202339765890677,-157.1817292525089,688738.4246831641,2345624.7569901734,3.0,1,0.1745101441234784,0.45936523437505705,0.0,0.020941217294817408,False,False,3.1411825942226113,1.308826080926088,7.852956485556528,2d:area×thick_range×rho,1인,절단기,,molokai_1726_3860_8767.jpg
1726_3860_8767_902,S048,plastic_buoy,Plastic_Buoy,21.202280620698502,-157.1817391034329,688737.4770742723,2345618.1968796076,3.0,1,0.29455976242430376,0.5683422851563206,0.0,0.08836792872729113,False,False,5.302075723637468,2.651037861818734,7.069434298183291,2d:area×thick_range×rho,1인,,,molokai_1726_3860_8767.jpg
1726_3860_8767_903,S048,plastic_buoy,Plastic_Buoy,21.202275162233942,-157.18180959608048,688730.1649719509,2345617.508506651,3.0,1,0.10169311583044671,0.3374023437500419,0.0,0.030507934749134012,False,False,1.8304760849480408,0.9152380424740204,2.440634779930721,2d:area×thick_range×rho,1인,,,molokai_1726_3860_8767.jpg
1726_3860_8767_904,S048,eps_fragment,Styrofoam_Piece,21.202260093181554,-157.18177540586237,688733.7339947334,2345615.8808643343,3.0,1,0.29316761291481386,0.5903833007813234,0.0,0.008795028387444415,False,False,0.1759005677488883,0.11726704516592554,0.5863352258296277,2d:area×thick_range×rho,1인,,,molokai_1726_3860_8767.jpg
1726_3860_8767_905,S048,net,Net,21.20232833265129,-157.18178192125777,688732.9707798435,2345623.4283549096,3.0,1,0.313184269454408,0.5628234863281949,0.0,0.03758211233452896,False,False,5.637316850179344,2.3488820209080603,14.093292125448361,2d:area×thick_range×rho,1인,절단기,,molokai_1726_3860_8767.jpg
1726_4190_8403_917,S048,plastic_buoy,Plastic_Buoy,21.20231931250963,-157.18174243487076,688737.0819978932,2345622.476742725,3.0,1,0.19138508379464136,0.45026611328130595,0.0,0.057415525138392404,False,False,3.444931508303544,1.722465754151772,4.593242011071394,2d:area×thick_range×rho,1인,,,molokai_1726_4190_8403.jpg
1726_4190_8403_918,S048,plastic_buoy,Plastic_Buoy,21.20235777109655,-157.18167228977566,688744.316062788,2345626.8183734217,3.0,1,0.3294870929957255,0.6285180664063281,0.0,0.09884612789871765,False,False,5.930767673923059,2.9653838369615295,7.907690231897411,2d:area×thick_range×rho,1인,,,molokai_1726_4190_8403.jpg
1726_4190_8403_919,S048,net,Net,21.202319932964585,-157.18169786907558,688741.7083411915,2345622.598562815,3.0,1,0.3292325621367319,0.6337792968750787,0.0,0.03950790745640783,False,False,5.926186118461175,2.4692442160254897,14.815465296152935,2d:area×thick_range×rho,1인,절단기,,molokai_1726_4190_8403.jpg
1726_4190_8403_920,S048,net,Net,21.202374558625454,-157.18166581604743,688744.9668698369,2345628.684752666,3.0,1,0.13445934064689638,0.410571289062551,0.0,0.016135120877627564,False,False,2.4202681316441343,1.008445054851723,6.0506703291103365,2d:area×thick_range×rho,1인,절단기,,molokai_1726_4190_8403.jpg
1726_4430_8790_933,S048,plastic_buoy,Plastic_Buoy,21.202331664338043,-157.18165186817262,688746.4695630657,2345623.952260649,3.0,1,0.19280136651997587,0.44045288085942974,0.0,0.05784040995599276,False,False,3.4704245973595658,1.7352122986797829,4.627232796479421,2d:area×thick_range×rho,1인,,,molokai_1726_4430_8790.jpg
1726_4430_8790_934,S048,plastic_buoy,Plastic_Buoy,21.202338575669607,-157.18163182806165,688748.5414813004,2345624.7413514913,3.0,1,0.17573228435408966,0.42021041870122405,0.0,0.0527196853062269,False,False,3.163181118373614,1.581590559186807,4.2175748244981515,2d:area×thick_range×rho,1인,,,molokai_1726_4430_8790.jpg
1726_4430_8790_935,S048,rope,Rope,21.20229582552132,-157.18172283180868,688739.1471805072,2345619.899705952,3.0,1,0.6792438190458168,0.8721220397950302,0.0,0.020377314571374504,False,False,8.150925828549802,5.433950552366534,13.584876380916336,2d:area×thick_range×rho,1인,절단기,,molokai_1726_4430_8790.jpg
1726_4430_8790_936,S048,plastic_buoy,Plastic_Buoy,21.202293059432048,-157.18171157616555,688740.3193363271,2345619.606870795,3.0,1,0.21107260760223148,0.46405395507818264,0.0,0.06332178228066944,False,False,3.7993069368401664,1.8996534684200832,5.065742582453556,2d:area×thick_range×rho,1인,,,molokai_1726_4430_8790.jpg
1728_11809_8118_946,S049,plastic_buoy,Plastic_Buoy,21.202280491660595,-157.1744939683831,689489.7190589329,2345626.8363875407,3.0,1,0.15879064845297705,0.43278564453130375,0.0,0.047637194535893115,False,False,2.858231672153587,1.4291158360767935,3.810975562871449,2d:area×thick_range×rho,1인,,,molokai_1728_11809_8118.jpg
1728_11809_8118_947,S049,pet_bottle,PET_Bottle,21.202298409726176,-157.1744784318508,689491.30930774,2345628.838819062,3.0,1,0.22341244814401456,0.7143505859375887,0.0,0.013404746888640873,False,False,0.4423566473251488,0.3686305394376241,0.7372610788752482,2d:area×thick_range×rho,1인,,,molokai_1728_11809_8118.jpg
1941_3195_4946_952,S050,plastic_other,Plastic_ETC,21.200622588492884,-157.16748289765997,690219.7847059643,2345451.6845854702,3.0,1,0.393178776490786,0.627397460937578,0.0,0.011795363294723579,False,False,0.9436290635778863,0.6290860423852576,3.145430211926288,2d:area×thick_range×rho,1인,,,molokai_1941_3195_4946.jpg
1941_3195_4946_953,S050,plastic_other,Plastic_ETC,21.20061662119061,-157.1674600882416,690222.1606245148,2345451.0513028377,3.0,1,1.1043527335676313,1.0910949707032604,0.0,0.03313058200702894,False,False,2.6504465605623153,1.7669643737082104,8.83482186854105,2d:area×thick_range×rho,1인,,,molokai_1941_3195_4946.jpg
1941_4582_4371_955,S051,plastic_buoy,Plastic_Buoy,21.200727332311743,-157.16727430709523,690241.3082145385,2345463.5321567087,3.0,1,0.1000003703596319,0.36408447265629523,0.0,0.030000111107889568,False,False,1.800006666473374,0.900003333236687,2.4000088886311657,2d:area×thick_range×rho,1인,,,molokai_1941_4582_4371.jpg
1942_4672_5083_957,S052,plastic_buoy,Plastic_Buoy_China,21.20056329970455,-157.16430968047032,690549.3322783317,2345448.935671101,3.0,1,0.299890368983224,0.5651306152344452,0.0,0.0899671106949672,False,False,5.398026641698032,2.699013320849016,7.197368855597377,2d:area×thick_range×rho,1인,,,molokai_1942_4672_5083.jpg
1950_1652_12775_960,S053,plastic_buoy,Plastic_Buoy_China,21.198982916835078,-157.14181435654265,692887.0621708905,2345301.195149338,3.0,1,0.29469565965158734,0.5784784698487047,0.0,0.0884086978954762,False,False,5.304521873728572,2.652260936864286,7.072695831638097,2d:area×thick_range×rho,1인,,,molokai_1950_1652_12775.jpg
1950_1652_12775_961,S053,plastic_other,Plastic_ETC,21.198927377084498,-157.1417938354428,692889.2650400727,2345295.0708616646,3.0,1,0.3257717787087773,0.6407666015625796,0.0,0.00977315336126332,False,False,0.7818522689010655,0.5212348459340437,2.606174229670219,2d:area×thick_range×rho,1인,,,molokai_1950_1652_12775.jpg
1950_1652_12775_962,S053,pet_bottle,PET_Bottle,21.198979358715967,-157.14180770472925,692887.7574573153,2345300.809301939,3.0,1,0.2462989651686658,0.6206774902344521,0.0,0.014777937910119948,False,False,0.4876719510339583,0.4063932925282986,0.8127865850565972,2d:area×thick_range×rho,1인,,,molokai_1950_1652_12775.jpg
1950_1652_12775_963,S053,pet_bottle,PET_Bottle,21.19891283610878,-157.1418568756245,692882.7383968104,2345293.384115657,3.0,1,0.19151402999614467,0.5484179687500681,0.0,0.01149084179976868,False,False,0.37919777939236643,0.31599814949363875,0.6319962989872775,2d:area×thick_range×rho,1인,,,molokai_1950_1652_12775.jpg
1950_1652_12775_964,S053,net,Net,21.198908646908464,-157.14176597158962,692892.1825035509,2345293.0310241175,3.0,1,0.21825186397289692,0.46811889648443317,0.0,0.02619022367674763,False,False,3.9285335515121442,1.636888979796727,9.821333878780361,2d:area×thick_range×rho,1인,절단기,,molokai_1950_1652_12775.jpg
1950_2578_13383_969,S054,pet_bottle,PET_Bottle,21.198815967656707,-157.1416198771509,692907.4720440279,2345282.947674424,3.0,1,0.543865818143026,0.7957116699219738,0.0,0.03263194908858156,False,False,1.0768543199231915,0.897378599935993,1.794757199871986,2d:area×thick_range×rho,1인,,,molokai_1950_2578_13383.jpg
1950_2578_13383_970,S054,plastic_other,Plastic_ETC,21.198812317631504,-157.14160147367903,692909.38763959,2345282.565968394,3.0,1,0.3903305312992112,0.7089208984375881,0.0,0.011709915938976335,False,False,0.9367932751181068,0.6245288500787379,3.1226442503936895,2d:area×thick_range×rho,1인,,,molokai_1950_2578_13383.jpg
1950_2578_13383_971,S054,pet_bottle,PET_Bottle,21.19883433464398,-157.1415649839926,692913.1478047044,2345285.0481156055,3.0,1,0.23418761768346882,0.5452539062500678,0.0,0.014051257061008128,False,False,0.46369148301326824,0.38640956917772357,0.7728191383554471,2d:area×thick_range×rho,1인,,,molokai_1950_2578_13383.jpg
1950_2578_13383_972,S054,pet_bottle,PET_Bottle,21.198830330578947,-157.141584754137,692911.1002492695,2345284.580705827,3.0,1,0.665022505283521,0.845429687500105,0.0,0.03990135031701126,False,False,1.3167445604613717,1.0972871337178098,2.1945742674356197,2d:area×thick_range×rho,1인,,,molokai_1950_2578_13383.jpg
1950_3758_13192_977,S055,plastic_other,Plastic_ETC,21.198902044986205,-157.14140156790123,692930.0275183377,2345292.7440057965,3.0,1,0.9002692405266131,1.1308605957032656,0.0,0.02700807721579839,False,False,2.1606461772638714,1.440430784842581,7.202153924212905,2d:area×thick_range×rho,1인,,,molokai_1950_3758_13192.jpg
1950_3758_13192_978,S055,plastic_other,Plastic_ETC,21.198902618602574,-157.14138310184217,692931.9441246453,2345292.830014554,3.0,1,1.1886517953646063,1.8905187988283598,0.0,0.035659553860938185,False,False,2.852764308875055,1.9018428725833703,9.50921436291685,2d:area×thick_range×rho,1인,,,molokai_1950_3758_13192.jpg
1950_3758_13192_979,S055,plastic_other,Plastic_ETC,21.198902655182852,-157.14141651119454,692928.47514674,2345292.793359451,3.0,1,1.0310439813554986,1.4686108398439324,0.0,0.030931319440664955,False,False,2.4745055552531965,1.6496703701687978,8.248351850843989,2d:area×thick_range×rho,1인,,,molokai_1950_3758_13192.jpg
1951_2379_6636_981,S056,pet_bottle,PET_Bottle,21.1991902316152,-157.13876150562209,693203.7733412493,2345327.870552596,3.0,1,0.19073279847507446,0.6153979492188264,0.0,0.011443967908504467,False,False,0.37765094098064744,0.31470911748387287,0.6294182349677457,2d:area×thick_range×rho,1인,,,molokai_1951_2379_6636.jpg
1954_329_8123_985,S057,eps_fragment,Styrofoam_Piece,21.198511679504033,-157.13049969398654,694062.4940085094,2345262.8446767586,3.0,1,0.36243492690333784,0.6292675781250782,0.0,0.010873047807100135,False,False,0.2174609561420027,0.14497397076133514,0.7248698538066757,2d:area×thick_range×rho,1인,,,molokai_1954_329_8123.jpg
1954_329_8123_986,S057,pet_bottle,PET_Bottle,21.198525039198316,-157.13052686231023,694059.6556124297,2345264.2905557235,3.0,1,0.6170777514783335,0.8136322021485386,0.0,0.03702466508870001,False,False,1.2218139479271004,1.0181782899392504,2.036356579878501,2d:area×thick_range×rho,1인,,,molokai_1954_329_8123.jpg
2163_7021_2682_987,S058,plastic_other,Plastic_ETC,21.1979347665377,-157.13210716733303,693896.3403579461,2345197.0002748817,3.0,1,0.5845732654453777,0.9352514648438662,0.0,0.01753719796336133,False,False,1.4029758370689063,0.9353172247126043,4.6765861235630215,2d:area×thick_range×rho,1인,,,molokai_2163_7021_2682.jpg
2163_7021_2682_988,S058,plastic_other,Plastic_ETC,21.197895086941895,-157.13211901476993,693895.1620196321,2345192.5924808276,3.0,1,3.636110385061214,3.580600585937945,0.0,0.10908331155183641,False,False,8.726664924146913,5.817776616097943,29.088883080489715,2d:area×thick_range×rho,2인,,,molokai_2163_7021_2682.jpg
2163_7021_2682_989,S058,plastic_other,Plastic_ETC,21.197929471930465,-157.13213597068454,693893.3565553314,2345196.3787934114,3.0,1,0.24659265598511862,0.5146154785156889,0.0,0.0073977796795535586,False,False,0.5918223743642846,0.3945482495761898,1.9727412478809492,2d:area×thick_range×rho,1인,,,molokai_2163_7021_2682.jpg
2163_7021_2682_990,S058,pet_bottle,PET_Bottle,21.19798677293911,-157.13204623854628,693902.5988238517,2345202.8329796325,3.0,1,0.199165485490163,0.6948146057129769,0.0,0.01194992912940978,False,False,0.39434766127052273,0.32862305105876893,0.6572461021175379,2d:area×thick_range×rho,1인,,,molokai_2163_7021_2682.jpg
2163_7021_2682_991,S058,plastic_other,Plastic_ETC,21.19788438753954,-157.1320590815261,693901.3989919876,2345191.481237863,3.0,1,1.1043242291453244,1.1958398437501485,0.0,0.03312972687435973,False,False,2.650378149948778,1.766918766632519,8.834593833162595,2d:area×thick_range×rho,1인,,,molokai_2163_7021_2682.jpg
2166_10218_8963_996,S059,pet_bottle,PET_Bottle,21.196703125515146,-157.12281123696562,694863.1752361917,2345072.044218891,3.0,1,0.36434137078532686,0.691789550781336,0.0,0.02186048224711961,False,False,0.7213959141549471,0.6011632617957893,1.2023265235915785,2d:area×thick_range×rho,1인,,,molokai_2166_10218_8963.jpg
2166_10218_8963_997,S059,eps_buoy,Styrofoam_Buoy,21.196692010384847,-157.1228607177387,694858.0520592683,2345070.7526731733,3.0,1,0.756176806527564,0.8924548339844859,0.0,0.2646618822846474,False,False,6.616547057116184,2.835663024478365,7.561768065275641,2d:area×thick_range×rho,1인,,,molokai_2166_10218_8963.jpg
2166_10218_8963_998,S059,eps_fragment,Styrofoam_Piece,21.196749132494915,-157.12285734987015,694858.3268097182,2345077.081347755,3.0,1,0.3027274004236616,0.5687231445313207,0.0,0.009081822012709847,False,False,0.18163644025419695,0.12109096016946463,0.6054548008473232,2d:area×thick_range×rho,1인,,,molokai_2166_10218_8963.jpg
2166_10218_8963_999,S059,plastic_buoy,Plastic_Buoy,21.19673098166296,-157.12287809429458,694856.1966593477,2345075.046172162,3.0,1,0.37674629426868683,0.6707952880860208,0.0,0.11302388828060604,False,False,6.781433296836362,3.390716648418181,9.041911062448484,2d:area×thick_range×rho,1인,,,molokai_2166_10218_8963.jpg
2166_10218_8963_1000,S059,eps_buoy,Styrofoam_Buoy,21.196643844168836,-157.12284050094797,694860.2144358901,2345065.444610333,3.0,1,1.119454913878719,1.1561840820313936,0.0,0.3918092198575517,False,False,9.795230496438792,4.1979559270451965,11.194549138787192,2d:area×thick_range×rho,1인,,,molokai_2166_10218_8963.jpg
2166_10218_8963_1001,S059,plastic_other,Plastic_ETC,21.19673017936529,-157.12281733000424,694862.5070780747,2345075.0321099493,3.0,1,2.864805808833953,2.7299829101565893,0.0,0.08594417426501859,False,False,6.875533941201487,4.5836892941343255,22.918446470671626,2d:area×thick_range×rho,1인,,,molokai_2166_10218_8963.jpg
2166_10218_8963_1002,S059,eps_fragment,Styrofoam_Piece,21.196695714597936,-157.12289630429876,694854.3521229482,2345071.1190148257,3.0,1,0.8874465095235378,0.949985351562618,0.0,0.026623395285706133,False,False,0.5324679057141226,0.35497860380941515,1.7748930190470757,2d:area×thick_range×rho,1인,,,molokai_2166_10218_8963.jpg
2168_5695_7279_1009,S060,eps_buoy,Styrofoam_Buoy,21.196546489077168,-157.1179318355915,695370.0270097917,2345060.713290264,3.0,1,0.9858063334527081,0.9929638671876233,0.0,0.3450322167084478,False,False,8.625805417711195,3.696773750447655,9.858063334527081,2d:area×thick_range×rho,1인,,,molokai_2168_5695_7279.jpg
2168_5695_7279_1010,S060,net,Net,21.196516890561742,-157.11792144674166,695371.1446602058,2345057.4489675546,3.0,1,0.15171539479497864,0.41799316406255194,0.0,0.018205847375397436,False,False,2.7308771063096153,1.1378654609623398,6.827192765774038,2d:area×thick_range×rho,1인,절단기,,molokai_2168_5695_7279.jpg
2168_5695_7279_1011,S060,eps_buoy,Styrofoam_Buoy,21.196548223356718,-157.11796034820867,695367.0641550617,2345060.8701341804,3.0,1,0.4003383828402561,0.6555053710938314,0.0,0.14011843399408963,False,False,3.502960849852241,1.5012689356509603,4.003383828402561,2d:area×thick_range×rho,1인,,,molokai_2168_5695_7279.jpg
2168_5695_7279_1012,S061,eps_fragment,Styrofoam_Piece,21.19654984770062,-157.11797193434433,695365.8589858538,2345061.035687813,3.0,1,0.3821836081144418,0.652491455078206,0.0,0.011465508243433254,False,False,0.22931016486866507,0.15287344324577673,0.7643672162288837,2d:area×thick_range×rho,1인,,,molokai_2168_5695_7279.jpg
2168_5695_7279_1013,S060,plastic_buoy,Plastic_Buoy,21.196539622746833,-157.11793283207456,695369.9325737345,2345059.951822791,3.0,1,0.1241439194709371,0.35607666015629424,0.0,0.03724317584128113,False,False,2.234590550476868,1.117295275238434,2.9794540673024907,2d:area×thick_range×rho,1인,,,molokai_2168_5695_7279.jpg
2168_5695_7279_1014,S060,plastic_buoy,Plastic_Buoy,21.19657518062179,-157.11788314315547,695375.0451860827,2345063.950081365,3.0,1,0.22750470783120083,0.481113586425841,0.0,0.06825141234936025,False,False,4.095084740961615,2.0475423704808073,5.46011298794882,2d:area×thick_range×rho,1인,,,molokai_2168_5695_7279.jpg
2168_5865_7641_1024,S060,eps_buoy,Styrofoam_Buoy,21.196546371254176,-157.11793184869063,695370.0258046516,2345060.7002287754,3.0,1,0.9704299912042068,0.9947791290284439,0.0,0.33965049692147237,False,False,8.49126242303681,3.6391124670157753,9.70429991204207,2d:area×thick_range×rho,1인,,,molokai_2168_5865_7641.jpg
2168_5865_7641_1025,S060,eps_buoy,Styrofoam_Buoy,21.19654817187181,-157.11796014046288,695367.0857938227,2345060.8646900738,3.0,1,0.3427690797079624,0.6556575012207846,0.0,0.11996917789778683,False,False,2.999229447444671,1.285384048904859,3.4276907970796238,2d:area×thick_range×rho,1인,,,molokai_2168_5865_7641.jpg
2168_5865_7641_1026,S060,net,Net,21.196467597692212,-157.11790407490045,695373.013289804,2345052.0127064437,3.0,1,0.18742706099753267,0.5090283203125633,0.0,0.02249124731970392,False,False,3.373687097955588,1.4057029574814952,8.43421774488897,2d:area×thick_range×rho,1인,절단기,,molokai_2168_5865_7641.jpg
2168_5865_7641_1027,S060,plastic_other,Plastic_ETC,21.196467637539154,-157.11784495839368,695379.151532276,2345052.090050808,3.0,1,0.6467470879437146,0.9212207031251144,0.0,0.019402412638311436,False,False,1.552193011064915,1.0347953407099433,5.173976703549718,2d:area×thick_range×rho,1인,,,molokai_2168_5865_7641.jpg
2168_5865_7641_1028,S060,net,Net,21.196516816733148,-157.11792140580687,695371.1490077443,2345057.440843774,3.0,1,0.12478591241839648,0.37806640625004695,0.0,0.014974309490207578,False,False,2.246146423531137,0.9358943431379737,5.615366058827841,2d:area×thick_range×rho,1인,절단기,,molokai_2168_5865_7641.jpg
2168_5865_7641_1029,S060,plastic_buoy,Plastic_Buoy,21.196514655687206,-157.11793008876887,695370.2502654574,2345057.190861414,3.0,1,0.1854917616546615,0.4443176269531802,0.0,0.055647528496398445,False,False,3.3388517097839068,1.6694258548919534,4.451802279711877,2d:area×thick_range×rho,1인,,,molokai_2168_5865_7641.jpg
2168_5865_7641_1030,S060,plastic_buoy,Plastic_Buoy,21.19653957889371,-157.11793285095237,695369.9306712676,2345059.9469440966,3.0,1,0.12544363033960895,0.3668484497070768,0.0,0.037633089101882684,False,False,2.257985346112961,1.1289926730564805,3.010647128150615,2d:area×thick_range×rho,1인,,,molokai_2168_5865_7641.jpg
2168_6362_7264_1035,S060,plastic_buoy,Plastic_Buoy,21.196567230143096,-157.11780503163834,695383.1662598528,2345063.166175361,3.0,1,0.16339057256285436,0.4287438964844283,0.0,0.0490171717688563,False,False,2.941030306131378,1.470515153065689,3.9213737415085053,2d:area×thick_range×rho,1인,,,molokai_2168_6362_7264.jpg
2168_6362_7264_1036,S060,plastic_buoy,Plastic_Buoy,21.19653814540987,-157.11782330575173,695381.3070522345,2345059.923376102,3.0,1,0.2476876786709447,0.5076806640625631,0.0,0.07430630360128342,False,False,4.458378216077005,2.2291891080385025,5.9445042881026735,2d:area×thick_range×rho,1인,,,molokai_2168_6362_7264.jpg
2168_6362_7264_1037,S060,rope,Rope,21.196599441078785,-157.11778336283527,695385.3738373078,2345066.7592954454,3.0,1,1.3755920760828693,1.3478833007814175,0.0,0.041267762282486076,False,False,16.50710491299443,11.004736608662954,27.511841521657388,2d:area×thick_range×rho,2인,절단기,,molokai_2168_6362_7264.jpg
2600_11335_9423_1038,S062,plastic_buoy,Plastic_Buoy,21.190769828477194,-157.08229713681487,699077.883665231,2344465.491903995,3.0,1,0.1273822065942306,0.3581851196289507,0.0,0.03821466197826918,False,False,2.2928797186961507,1.1464398593480754,3.0571729582615346,2d:area×thick_range×rho,1인,,,molokai_2600_11335_9423.jpg
2600_11335_9423_1039,S062,net,Net,21.190704822210375,-157.08226884785887,699080.908289522,2344458.329876157,3.0,1,0.22091414135998017,0.6083959960938256,0.0,0.026509696963197618,False,False,3.9764545444796426,1.6568560601998514,9.941136361199108,2d:area×thick_range×rho,1인,절단기,,molokai_2600_11335_9423.jpg
2600_11335_9423_1040,S062,plastic_buoy,Plastic_Buoy,21.190746522701463,-157.08224523655392,699083.30419161,2344462.9766857713,3.0,1,0.11874189733865827,0.38940185546879835,0.0,0.03562256920159748,False,False,2.137354152095849,1.0686770760479245,2.8498055361277985,2d:area×thick_range×rho,1인,,,molokai_2600_11335_9423.jpg
2600_11335_9423_1041,S062,plastic_other,Plastic_ETC,21.190761251300362,-157.08226294266825,699081.4458604698,2344464.5852027126,3.0,1,0.6263541019411452,0.8117822265626008,0.0,0.018790623058234354,False,False,1.5032498446587483,1.0021665631058323,5.010832815529161,2d:area×thick_range×rho,1인,,,molokai_2600_11335_9423.jpg
2601_11355_12582_1046,S063,net,Net,21.189835209088262,-157.07939376021915,699380.6231828523,2344365.6611672724,3.0,1,0.15078770682070425,0.40587524414067544,0.0,0.01809452481848451,False,False,2.7141787227726764,1.130907801155282,6.785446806931691,2d:area×thick_range×rho,1인,절단기,,molokai_2601_11355_12582.jpg
2601_11355_12582_1047,S063,net,Net,21.189830622264655,-157.07942218749284,699377.6774442106,2344365.117527619,3.0,1,0.2283735183399738,0.4960153198242804,0.0,0.027404822200796854,False,False,4.110723330119528,1.7128013875498036,10.27680832529882,2d:area×thick_range×rho,1인,절단기,,molokai_2601_11355_12582.jpg
2601_11355_12582_1048,S063,net,Net,21.18982758211744,-157.07943055307493,699376.8128402899,2344364.770388864,3.0,1,0.16385354534494107,0.4501879882813059,0.0,0.019662425441392926,False,False,2.949363816208939,1.228901590087058,7.373409540522348,2d:area×thick_range×rho,1인,절단기,,molokai_2601_11355_12582.jpg
2601_11355_12582_1049,S063,net,Net,21.189842043732003,-157.07936352177938,699383.753976469,2344366.455969097,3.0,1,0.23188199525779285,0.48256591796880993,0.0,0.02782583943093514,False,False,4.173875914640271,1.7391149644334465,10.434689786600677,2d:area×thick_range×rho,1인,절단기,,molokai_2601_11355_12582.jpg
2601_11355_12582_1050,S063,net,Net,21.189840559054346,-157.07933771589765,699386.4356574259,2344366.3240647633,3.0,1,0.22529926879709594,0.47597045898443413,0.0,0.027035912255651513,False,False,4.055386838347727,1.6897445159782196,10.138467095869316,2d:area×thick_range×rho,1인,절단기,,molokai_2601_11355_12582.jpg
2601_11355_12582_1051,S063,plastic_other,Plastic_ETC,21.189850443787023,-157.07938009173319,699382.0220754128,2344367.3651795313,3.0,1,0.1893408307001465,0.4630407714844325,0.0,0.005680224921004395,False,False,0.45441799368035163,0.3029453291202344,1.514726645601172,2d:area×thick_range×rho,1인,,,molokai_2601_11355_12582.jpg
2646_7450_6455_1054,S064,eps_buoy,Styrofoam_Buoy,21.189723677078284,-156.95012084546056,712804.8969575586,2344521.5063061537,3.0,1,1.0511324302199114,1.0561242675782563,0.0,0.36789635057696896,False,False,9.197408764424225,3.9417466133246677,10.511324302199116,2d:area×thick_range×rho,1인,,,molokai_2646_7450_6455.jpg
2646_7450_6455_1055,S064,eps_fragment,Styrofoam_Piece,21.18973709410912,-156.95016190534122,712800.6138193017,2344522.936781982,3.0,1,0.19242702333931938,0.45445068359380647,0.0,0.005772810700179582,False,False,0.11545621400359163,0.07697080933572775,0.38485404667863876,2d:area×thick_range×rho,1인,,,molokai_2646_7450_6455.jpg
2646_7450_6455_1056,S064,eps_fragment,Styrofoam_Piece,21.18971883716843,-156.95015723672154,712801.1247917124,2344520.9215013315,3.0,1,0.3506052177586533,0.736592407226654,0.0,0.010518156532759598,False,False,0.21036313065519197,0.1402420871034613,0.7012104355173066,2d:area×thick_range×rho,1인,,,molokai_2646_7450_6455.jpg
2646_7450_6455_1057,S064,eps_fragment,Styrofoam_Piece,21.18969790444479,-156.95013893074267,712803.0557873565,2344518.628258573,3.0,1,0.5439800056458871,0.7378125000000917,0.0,0.01631940016937661,False,False,0.3263880033875322,0.21759200225835484,1.0879600112917742,2d:area×thick_range×rho,1인,,,molokai_2646_7450_6455.jpg
2646_7450_6455_1058,S064,eps_fragment,Styrofoam_Piece,21.18972270314352,-156.95014966982365,712801.9050482492,2344521.3597387415,3.0,1,0.0912665755152929,0.31989379882816477,0.0,0.0027379972654587867,False,False,0.05475994530917573,0.036506630206117156,0.1825331510305858,2d:area×thick_range×rho,1인,,,molokai_2646_7450_6455.jpg
2646_7450_6455_1059,S064,eps_fragment,Styrofoam_Piece,21.189737453425888,-156.9500662093679,712810.5509799476,2344523.1051377123,3.0,1,0.14022364339831975,0.4000195312500497,0.0,0.004206709301949592,False,False,0.08413418603899185,0.0560894573593279,0.2804472867966395,2d:area×thick_range×rho,1인,,,molokai_2646_7450_6455.jpg
2646_7450_6455_1060,S064,plastic_buoy,Plastic_Buoy,21.189747647004957,-156.95010955526783,712806.035064533,2344524.1756146722,3.0,1,0.4429334313512949,0.6937719726563362,0.0,0.13288002940538848,False,False,7.972801764323309,3.9864008821616546,10.63040235243108,2d:area×thick_range×rho,1인,,,molokai_2646_7450_6455.jpg
2646_7450_6455_1061,S064,plastic_other,Plastic_ETC,21.18968439029477,-156.95012285556078,712804.7444959601,2344517.1534620626,3.0,1,0.5566320089878035,0.8701806640626081,0.0,0.016698960269634106,False,False,1.3359168215707284,0.8906112143804856,4.453056071902428,2d:area×thick_range×rho,1인,,,molokai_2646_7450_6455.jpg
2646_7450_6455_1062,S064,eps_fragment,Styrofoam_Piece,21.189738086700867,-156.95006173108885,712811.0151255676,2344523.1812757296,3.0,1,0.2728508314490996,0.5833007812500725,0.0,0.008185524943472989,False,False,0.16371049886945976,0.10914033257963986,0.5457016628981992,2d:area×thick_range×rho,1인,,,molokai_2646_7450_6455.jpg
2646_7450_6455_1063,S064,eps_buoy,Styrofoam_Buoy,21.189734650012497,-156.95006062140507,712811.1352855095,2344522.802229311,3.0,1,0.24443628640478962,0.636356201171954,0.0,0.08555270024167637,False,False,2.1388175060419092,0.9166360740179611,2.4443628640478963,2d:area×thick_range×rho,1인,,,molokai_2646_7450_6455.jpg
2646_7450_6455_1064,S064,pet_bottle,PET_Bottle,21.18973090986271,-156.95006554791186,712810.6290439273,2344522.3814713047,3.0,1,1.073058334985642,1.0940332031251359,0.0,0.06438350009913851,False,False,2.124655503271571,1.7705462527263094,3.5410925054526188,2d:area×thick_range×rho,1인,,,molokai_2646_7450_6455.jpg
2856_8318_734_1068,S065,eps_fragment,Styrofoam_Piece,21.188035809040198,-156.94916229410558,712906.8580124157,2344335.9002639595,3.0,1,0.4185214688257106,0.6522888183594313,0.0,0.012555644064771318,False,False,0.25111288129542636,0.16740858753028426,0.8370429376514212,2d:area×thick_range×rho,1인,,,molokai_2856_8318_734.jpg
2856_8318_734_1069,S065,eps_fragment,Styrofoam_Piece,21.187995029716898,-156.9491294435147,712910.3279082796,2344331.4290067446,3.0,1,0.42707553558356987,0.6571972656250568,0.0,0.012812266067507095,False,False,0.2562453213501419,0.17083021423342795,0.8541510711671397,2d:area×thick_range×rho,1인,,,molokai_2856_8318_734.jpg
2856_8318_734_1070,S065,plastic_buoy,Plastic_Buoy,21.188027655535546,-156.94917642329037,712905.402415746,2344334.9784528236,3.0,1,0.21026899619553147,0.4804553222656665,0.0,0.06308069885865944,False,False,3.7848419315195665,1.8924209657597832,5.046455908692755,2d:area×thick_range×rho,1인,,,molokai_2856_8318_734.jpg
2856_8318_734_1071,S065,eps_fragment,Styrofoam_Piece,21.188048438151846,-156.94915011745707,712908.1044287434,2344337.3150256597,3.0,1,0.3432626951814291,0.6121191406250529,0.0,0.010297880855442873,False,False,0.20595761710885746,0.13730507807257164,0.6865253903628582,2d:area×thick_range×rho,1인,,,molokai_2856_8318_734.jpg
2856_8318_734_1072,S065,plastic_buoy,Plastic_Buoy,21.18799853718423,-156.9491076415303,712912.5869652306,2344331.8466850645,3.0,1,0.16292333390715552,0.44395996093753837,0.0,0.048877000172146655,False,False,2.932620010328799,1.4663100051643996,3.9101600137717325,2d:area×thick_range×rho,1인,,,molokai_2856_8318_734.jpg
2856_8318_734_1073,S065,eps_fragment,Styrofoam_Piece,21.18803643794336,-156.94913227276828,712909.974753905,2344336.0102517726,3.0,1,0.09978115862609681,0.37678955078128257,0.0,0.0029934347587829042,False,False,0.059868695175658085,0.03991246345043872,0.19956231725219362,2d:area×thick_range×rho,1인,,,molokai_2856_8318_734.jpg
2856_8318_734_1074,S065,plastic_other,Plastic_ETC,21.18807202609627,-156.94912440785606,712910.7405033105,2344339.961425842,3.0,1,0.5056073167410622,0.7832476806641302,0.0,0.015168219502231866,False,False,1.2134575601785493,0.8089717067856995,4.0448585339284975,2d:area×thick_range×rho,1인,,,molokai_2856_8318_734.jpg
2856_8318_734_1075,S065,plastic_buoy,Plastic_Buoy,21.18805530328138,-156.94915798584645,712907.2774772481,2344338.0646117227,3.0,1,0.13152163300441988,0.39709838867190933,0.0,0.03945648990132596,False,False,2.3673893940795576,1.1836946970397788,3.156519192106077,2d:area×thick_range×rho,1인,,,molokai_2856_8318_734.jpg
2856_8318_734_1076,S065,plastic_other,Plastic_ETC,21.18806180571861,-156.94913414140862,712909.7443449205,2344338.816661768,3.0,1,0.9046319847644939,1.0622607421875918,0.0,0.027138959542934816,False,False,2.171116763434785,1.4474111756231902,7.237055878115952,2d:area×thick_range×rho,1인,,,molokai_2856_8318_734.jpg
2856_8318_734_1077,S065,eps_fragment,Styrofoam_Piece,21.188041784573027,-156.94914758681952,712908.3767646246,2344336.581689907,3.0,1,0.1704355925470885,0.46107788085941487,0.0,0.005113067776412655,False,False,0.1022613555282531,0.0681742370188354,0.340871185094177,2d:area×thick_range×rho,1인,,,molokai_2856_8318_734.jpg
2856_8318_734_1078,S065,pet_bottle,PET_Bottle,21.18804941567981,-156.94915409877626,712907.6895775669,2344337.4179141745,3.0,1,0.4351850726120926,0.7381072998047513,0.0,0.026111104356725555,False,False,0.8616664437719433,0.7180553698099528,1.4361107396199055,2d:area×thick_range×rho,1인,,,molokai_2856_8318_734.jpg
2856_8318_734_1079,S065,eps_fragment,Styrofoam_Piece,21.18803701406991,-156.9491701145641,712906.0441499156,2344336.023183304,3.0,1,0.1234282183647369,0.3853515625000333,0.0,0.0037028465509421067,False,False,0.07405693101884213,0.04937128734589476,0.24685643672947383,2d:area×thick_range×rho,1인,,,molokai_2856_8318_734.jpg
2856_8484_1107_1084,S065,plastic_buoy,Plastic_Buoy,21.187967058188235,-156.94912344292342,712910.9911420764,2344328.33984216,3.0,1,0.2775753752053264,0.5306323242187958,0.0,0.08327261256159792,False,False,4.996356753695875,2.4981783768479375,6.661809004927834,2d:area×thick_range×rho,1인,,,molokai_2856_8484_1107.jpg
2856_8484_1107_1085,S065,eps_fragment,Styrofoam_Piece,21.18797725042415,-156.94910041587255,712913.3678394406,2344329.4993578224,3.0,1,0.19359194192889698,0.451320800781289,0.0,0.005807758257866909,False,False,0.11615516515733817,0.07743677677155879,0.387183883857794,2d:area×thick_range×rho,1인,,,molokai_2856_8484_1107.jpg
2856_8484_1107_1086,S065,eps_buoy,Styrofoam_Buoy,21.18795073638401,-156.9490929216441,712914.1840957373,2344326.5735856127,3.0,1,0.686435459733128,0.8380371093750724,0.0,0.2402524109065948,False,False,6.00631027266487,2.5741329739992302,6.864354597331281,2d:area×thick_range×rho,1인,,,molokai_2856_8484_1107.jpg
2856_8484_1107_1087,S065,plastic_other,Plastic_ETC,21.187968055686888,-156.9491318097349,712910.120839127,2344328.43904751,3.0,1,0.2808775737762937,0.531718750000046,0.0,0.008426327213288811,False,False,0.6741061770631049,0.4494041180420699,2.2470205902103495,2d:area×thick_range×rho,1인,,,molokai_2856_8484_1107.jpg
2856_8484_1107_1088,S065,plastic_buoy,Plastic_Buoy,21.18795985627663,-156.94911481157868,712911.8978079488,2344327.553990524,3.0,1,0.3003900661469025,0.5578125000000482,0.0,0.09011701984407075,False,False,5.407021190644245,2.7035105953221223,7.20936158752566,2d:area×thick_range×rho,1인,,,molokai_2856_8484_1107.jpg
2856_8484_1107_1089,S065,eps_fragment,Styrofoam_Piece,21.187995138766432,-156.94912941281683,712910.3309398956,2344331.4411228355,3.0,1,0.42370724987991026,0.6582421875000569,0.0,0.012711217496397307,False,False,0.2542243499279461,0.16948289995196408,0.8474144997598205,2d:area×thick_range×rho,1인,,,molokai_2856_8484_1107.jpg
2856_8484_1107_1090,S065,plastic_buoy,Plastic_Buoy,21.187961375825104,-156.94911011541282,712912.383315877,2344327.7285590474,3.0,1,0.09510046843888019,0.31729980468752744,0.0,0.028530140531664056,False,False,1.7118084318998434,0.8559042159499217,2.282411242533125,2d:area×thick_range×rho,1인,,,molokai_2856_8484_1107.jpg
2856_8484_1107_1091,S065,eps_fragment,Styrofoam_Piece,21.187959204776735,-156.9491183527151,712911.5310030464,2344327.4770917012,3.0,1,0.15972282769086737,0.416525878906286,0.0,0.004791684830726021,False,False,0.09583369661452042,0.06388913107634694,0.3194456553817348,2d:area×thick_range×rho,1인,,,molokai_2856_8484_1107.jpg
2856_8484_1107_1092,S065,plastic_buoy,Plastic_Buoy,21.187998443352683,-156.94910757541166,712912.5939659667,2344331.836384159,3.0,1,0.1653474919095921,0.4488598632812888,0.0,0.04960424757287763,False,False,2.976254854372658,1.488127427186329,3.968339805830211,2d:area×thick_range×rho,1인,,,molokai_2856_8484_1107.jpg
2856_8484_1107_1093,S065,plastic_other,Plastic_ETC,21.187960319973154,-156.9490985090266,712913.590124645,2344327.627246763,3.0,1,0.2567370417476144,0.5395727539062967,0.0,0.0077021112524284325,False,False,0.6161689001942746,0.41077926679618304,2.0538963339809153,2d:area×thick_range×rho,1인,,,molokai_2856_8484_1107.jpg
3066_6105_234_1099,S066,eps_fragment,Styrofoam_Piece,21.185414636171153,-156.94897222163883,712930.3531212432,2344045.9186798204,3.0,1,0.565937614953304,0.8233544921873444,0.0,0.016978128448599118,False,False,0.33956256897198234,0.22637504598132158,1.131875229906608,2d:area×thick_range×rho,1인,,,molokai_3066_6105_234.jpg
3066_6105_234_1100,S066,eps_fragment,Styrofoam_Piece,21.185363249896298,-156.9489425860856,712933.5043970279,2344040.2686161622,3.0,1,0.42629442761822317,0.6625793457029997,0.0,0.012788832828546695,False,False,0.2557766565709339,0.17051777104728927,0.8525888552364463,2d:area×thick_range×rho,1인,,,molokai_3066_6105_234.jpg
3066_6105_234_1101,S066,plastic_other,Plastic_ETC,21.18540784126232,-156.94902258039386,712925.13313171,2344045.0986100514,3.0,1,0.3899774228936449,0.6289834594725373,0.0,0.011699322686809347,False,False,0.9359458149447477,0.6239638766298319,3.119819383149159,2d:area×thick_range×rho,1인,,,molokai_3066_6105_234.jpg
3252_11092_38_1102,S067,eps_buoy,Styrofoam_Buoy,21.183587473936797,-157.01877577861836,705683.9403426073,2343751.387385026,3.0,1,0.4134237710834576,0.9122802734376133,0.0,0.14469831987921017,False,False,3.6174579969802543,1.5503391415629661,4.134237710834576,2d:area×thick_range×rho,1인,,,molokai_3252_11092_38.jpg
3252_11092_38_1103,S067,plastic_buoy,Plastic_Buoy,21.183597350782293,-157.01878812340007,705682.6446989815,2343752.4649673877,3.0,1,0.24500304622656233,0.507480468750063,0.0,0.0735009138679687,False,False,4.410054832078122,2.205027416039061,5.880073109437496,2d:area×thick_range×rho,1인,,,molokai_3252_11092_38.jpg
3252_11092_38_1104,S067,eps_fragment,Styrofoam_Piece,21.183586958858932,-157.0188130368336,705680.0718876779,2343751.281987671,3.0,1,0.19310124108200105,0.46788330078130813,0.0,0.005793037232460031,False,False,0.11586074464920063,0.07724049643280043,0.3862024821640021,2d:area×thick_range×rho,1인,,,molokai_3252_11092_38.jpg
3252_11092_38_1105,S067,eps_fragment,Styrofoam_Piece,21.183581441340085,-157.01880077853932,705681.3525160452,2343750.6869765343,3.0,1,0.39323618490705725,0.6344042968750788,0.0,0.011797085547211717,False,False,0.23594171094423436,0.1572944739628229,0.7864723698141146,2d:area×thick_range×rho,1인,,,molokai_3252_11092_38.jpg
3252_11092_38_1106,S067,eps_fragment,Styrofoam_Piece,21.18360115011201,-157.0188429695,705676.9438174565,2343752.8144496046,3.0,1,0.2785688311756349,0.64367919921883,0.0,0.008357064935269047,False,False,0.16714129870538094,0.11142753247025397,0.5571376623512698,2d:area×thick_range×rho,1인,,,molokai_3252_11092_38.jpg
3252_11092_38_1107,S067,eps_fragment,Styrofoam_Piece,21.183575717716746,-157.01880009448934,705681.4314748023,2343750.054119932,3.0,1,0.17049580826763575,0.43640380859380423,0.0,0.005114874248029072,False,False,0.10229748496058144,0.0681983233070543,0.34099161653527155,2d:area×thick_range×rho,1인,,,molokai_3252_11092_38.jpg
3252_11092_38_1108,S067,eps_fragment,Styrofoam_Piece,21.18362102645036,-157.0188247062102,705678.8129017816,2343755.0389521034,3.0,1,0.11423281488384164,0.3385055541992608,0.0,0.003426984446515249,False,False,0.06853968893030497,0.045693125953536654,0.2284656297676833,2d:area×thick_range×rho,1인,,,molokai_3252_11092_38.jpg
3252_11092_38_1109,S067,pet_bottle,PET_Bottle,21.183599466536574,-157.0188852789141,705672.5524265312,2343752.573115938,3.0,1,0.37091511954823414,0.6940721130371956,0.0,0.022254907172894047,False,False,0.7344119367055035,0.6120099472545864,1.2240198945091727,2d:area×thick_range×rho,1인,,,molokai_3252_11092_38.jpg
3252_11092_38_1110,S067,eps_fragment,Styrofoam_Piece,21.18359730247863,-157.01879432304696,705682.0009488257,2343752.451571085,3.0,1,0.244948885399164,0.4975048828125618,0.0,0.00734846656197492,False,False,0.1469693312394984,0.09797955415966561,0.4898977707983281,2d:area×thick_range×rho,1인,,,molokai_3252_11092_38.jpg
3252_11092_38_1111,S067,pet_bottle,PET_Bottle,21.18359214416158,-157.01888884466442,705672.1922670829,2343751.75772206,3.0,1,0.29993133259218185,0.6950286483765512,0.0,0.01799587995553091,False,False,0.59386403853252,0.49488669877710006,0.9897733975542001,2d:area×thick_range×rho,1인,,,molokai_3252_11092_38.jpg
3252_11092_38_1112,S067,pet_bottle,PET_Bottle,21.183552311796472,-157.01889070368793,705672.0543410697,2343747.3448956534,3.0,1,0.42148053611899955,0.792639312744239,0.0,0.025288832167139973,False,False,0.8345314615156191,0.6954428845963493,1.3908857691926986,2d:area×thick_range×rho,1인,,,molokai_3252_11092_38.jpg
3252_11092_38_1113,S067,eps_fragment,Styrofoam_Piece,21.183578244817,-157.0188063183845,705680.7816418798,2343750.3258521785,3.0,1,0.23263802220529137,0.5093273925781883,0.0,0.006979140666158741,False,False,0.13958281332317482,0.09305520888211655,0.46527604441058273,2d:area×thick_range×rho,1인,,,molokai_3252_11092_38.jpg
3252_11092_38_1114,S067,eps_fragment,Styrofoam_Piece,21.183578798891403,-157.01882959311098,705678.3638556428,2343750.3569886675,3.0,1,0.13213932394984668,0.3715820312500462,0.0,0.0039641797184954,False,False,0.079283594369908,0.05285572957993867,0.26427864789969335,2d:area×thick_range×rho,1인,,,molokai_3252_11092_38.jpg
3252_11092_38_1115,S067,eps_fragment,Styrofoam_Piece,21.1835783021629,-157.01878109937903,705683.4004901813,2343750.3649390964,3.0,1,0.11348344802859266,0.37622070312504674,0.0,0.0034045034408577797,False,False,0.0680900688171556,0.04539337921143707,0.22696689605718534,2d:area×thick_range×rho,1인,,,molokai_3252_11092_38.jpg
3252_11092_38_1116,S067,eps_fragment,Styrofoam_Piece,21.183570588248337,-157.01887016946762,705674.161471185,2343749.395198889,3.0,1,0.15433912664655705,0.40606689453130046,0.0,0.004630173799396712,False,False,0.09260347598793423,0.061735650658622826,0.30867825329311416,2d:area×thick_range×rho,1인,,,molokai_3252_11092_38.jpg
3470_13542_5094_1123,S068,net,Net,21.179719622227307,-156.99532067107285,708125.1210826975,2343353.745895454,3.0,1,0.16180067230765072,0.4896276855469358,0.0,0.019416080676918086,False,False,2.912412101537713,1.2135050423073805,7.281030253844282,2d:area×thick_range×rho,1인,절단기,,molokai_3470_13542_5094.jpg
3470_13542_5094_1124,S068,net,Net,21.17966574081752,-156.9953006251634,708127.2783232062,2343347.806176574,3.0,1,0.2343043078378425,0.5197302246094395,0.0,0.0281165169405411,False,False,4.217477541081165,1.7572823087838187,10.543693852702912,2d:area×thick_range×rho,1인,절단기,,molokai_3470_13542_5094.jpg
3470_13542_5094_1125,S068,plastic_other,Plastic_ETC,21.179673523961952,-156.99530522347513,708126.7898843674,2343348.6619299613,3.0,1,0.5519190942944467,0.7589038085938443,0.0,0.0165575728288334,False,False,1.324605826306672,0.8830705508711147,4.415352754355574,2d:area×thick_range×rho,1인,,,molokai_3470_13542_5094.jpg
3470_13542_5094_1126,S068,net,Net,21.179707358698963,-156.9953627998624,708120.7631300051,2343352.3326816144,3.0,1,0.2038306986663997,0.46751495361333933,0.0,0.024459683839967963,False,False,3.668952575995194,1.5287302399979978,9.172381439987985,2d:area×thick_range×rho,1인,절단기,,molokai_3470_13542_5094.jpg
3470_13542_5094_1127,S068,net,Net,21.17970374070895,-156.99525827455284,708131.6232742325,2343352.069355108,3.0,1,0.14545850286487377,0.41315185546880134,0.0,0.017455020343784853,False,False,2.618253051567728,1.0909387714865533,6.54563262891932,2d:area×thick_range×rho,1인,절단기,,molokai_3470_13542_5094.jpg
3470_13542_5094_1128,S068,plastic_other,Plastic_ETC,21.179686820809696,-156.99536205276422,708120.8694749736,2343350.0595948086,3.0,1,0.6870349538400614,0.9676107788087139,0.0,0.02061104861520184,False,False,1.6488838892161473,1.0992559261440984,5.496279630720492,2d:area×thick_range×rho,1인,,,molokai_3470_13542_5094.jpg
3548_8344_4812_1139,S069,eps_fragment,Styrofoam_Piece,21.175311642162267,-156.77106108867912,731422.8382522413,2343176.6514667724,3.0,1,0.22167624622588897,0.4803649902344347,0.0,0.006650287386776668,False,False,0.13300574773553336,0.08867049849035559,0.44335249245177794,2d:area×thick_range×rho,1인,,,molokai_3548_8344_4812.jpg
3548_8344_4812_1140,S069,plastic_other,Plastic_ETC,21.175366683771397,-156.7711189433015,731416.7434628905,2343182.662144849,3.0,1,0.5072009477168999,0.7769218444825184,0.0,0.015216028431506998,False,False,1.2172822745205598,0.81152151634704,4.0576075817351995,2d:area×thick_range×rho,1인,,,molokai_3548_8344_4812.jpg
3548_8344_4812_1141,S069,pet_bottle,PET_Bottle,21.175368786773554,-156.77108133227247,731420.6466733504,2343182.949948579,3.0,1,0.14237379042535367,0.6254229736328902,0.0,0.008542427425521219,False,False,0.2819001050422002,0.23491675420183356,0.4698335084036671,2d:area×thick_range×rho,1인,,,molokai_3548_8344_4812.jpg
3548_8344_4812_1142,S069,eps_fragment,Styrofoam_Piece,21.175346967409045,-156.77107154826828,731421.6968638771,2343180.5480172695,3.0,1,0.17490579187306265,0.5050180053711565,0.0,0.005247173756191879,False,False,0.10494347512383759,0.06996231674922507,0.3498115837461253,2d:area×thick_range×rho,1인,,,molokai_3548_8344_4812.jpg
3550_1782_4594_1145,S070,eps_buoy,Styrofoam_Buoy,21.175569895259006,-156.7665192452086,731894.1764723333,2343211.889059661,3.0,1,0.8097274538250789,1.0807641601563842,0.0,0.2834046088387776,False,False,7.08511522096944,3.036477951844046,8.09727453825079,2d:area×thick_range×rho,1인,,,molokai_3550_1782_4594.jpg
3550_1782_4594_1146,S070,eps_buoy,Styrofoam_Buoy,21.17557118902682,-156.7665493426711,731891.0483659436,2343211.9882869897,3.0,1,4.026937232920038,2.249409484863561,0.0,1.4094280315220133,False,False,35.23570078805033,15.101014623450142,40.26937232920038,2d:area×thick_range×rho,2인,,,molokai_3550_1782_4594.jpg
3550_1782_4594_1147,S070,plastic_buoy,Plastic_Buoy,21.175573557012196,-156.7665340357769,731892.6345298166,2343212.2729104683,3.0,1,0.21498399406676866,0.46506347656255775,0.0,0.0644951982200306,False,False,3.8697118932018357,1.9348559466009179,5.159615857602448,2d:area×thick_range×rho,1인,,,molokai_3550_1782_4594.jpg
3550_1782_4594_1148,S070,plastic_buoy,Plastic_Buoy,21.175547159578723,-156.76650309924113,731895.8889519935,2343209.3949910477,3.0,1,0.16779497829083798,0.4130126953125513,0.0,0.05033849348725139,False,False,3.0203096092350834,1.5101548046175417,4.027079478980112,2d:area×thick_range×rho,1인,,,molokai_3550_1782_4594.jpg
3550_1782_4594_1149,S070,eps_fragment,Styrofoam_Piece,21.175544227050278,-156.76650583339566,731895.6095427438,2343209.0662489007,3.0,1,0.22391847667699655,0.47445312500005893,0.0,0.0067175543003098965,False,False,0.13435108600619794,0.08956739067079862,0.4478369533539931,2d:area×thick_range×rho,1인,,,molokai_3550_1782_4594.jpg
3550_1782_4594_1150,S070,net,Net,21.175547956905756,-156.76654557069455,731891.476388654,2343209.421136695,3.0,1,0.20392413989310562,0.4618188476563074,0.0,0.024470896787172673,False,False,3.670634518075901,1.529431049198292,9.176586295189752,2d:area×thick_range×rho,1인,절단기,,molokai_3550_1782_4594.jpg
3550_1782_4594_1151,S070,pet_bottle,PET_Bottle,21.175515632649162,-156.76651371294477,731894.8357400561,2343205.888242748,3.0,1,0.19663854026799318,0.6292187500000782,0.0,0.011798312416079591,False,False,0.3893443097306265,0.32445359144218877,0.6489071828843775,2d:area×thick_range×rho,1인,,,molokai_3550_1782_4594.jpg
3550_1782_4594_1152,S070,plastic_other,Plastic_ETC,21.175561639480268,-156.7665177226282,731894.3474959305,2343210.9770623646,3.0,1,2.2865979785865265,2.6706164550784566,0.0,0.0685979393575958,False,False,5.4878351486076635,3.658556765738443,18.29278382869221,2d:area×thick_range×rho,1인,,,molokai_3550_1782_4594.jpg
3550_1782_4594_1153,S070,eps_buoy,Styrofoam_Buoy,21.175565572730466,-156.76652545005658,731893.5387463446,2343211.4013135703,3.0,1,1.1456113184097276,1.1738220214845208,0.0,0.4009639614434046,False,False,10.024099036085115,4.296042444036479,11.456113184097278,2d:area×thick_range×rho,1인,,,molokai_3550_1782_4594.jpg
3550_1782_4594_1154,S070,eps_fragment,Styrofoam_Piece,21.175546270579332,-156.76652568614023,731893.5443389905,2343209.263493829,3.0,1,0.2392665826827882,0.5265075683594405,0.0,0.007177997480483645,False,False,0.14355994960967292,0.09570663307311529,0.4785331653655764,2d:area×thick_range×rho,1인,,,molokai_3550_1782_4594.jpg
3550_1782_4594_1155,S070,net,Net,21.17562604264801,-156.76651083937693,731894.961951057,2343218.1189882807,3.0,1,0.1483668320300426,0.4038534164429213,0.0,0.017804019843605114,False,False,2.670602976540767,1.1127512402253197,6.676507441351917,2d:area×thick_range×rho,1인,절단기,,molokai_3550_1782_4594.jpg
3550_1782_4594_1156,S070,plastic_other,Plastic_ETC,21.175542247825106,-156.76648625269593,731897.646390168,2343208.875726998,3.0,1,0.42924321501861745,0.6653674316407077,0.0,0.012877296450558523,False,False,1.0301837160446818,0.686789144029788,3.43394572014894,2d:area×thick_range×rho,1인,,,molokai_3550_1782_4594.jpg
3550_2157_4610_1165,S070,eps_buoy,Styrofoam_Buoy,21.175569910611827,-156.7665193196611,731894.1687153337,2343211.8906508493,3.0,1,0.7935991881219778,1.0626776885987648,0.0,0.2777597158426922,False,False,6.943992896067305,2.975996955457417,7.9359918812197785,2d:area×thick_range×rho,1인,,,molokai_3550_2157_4610.jpg
3550_2157_4610_1166,S070,pet_bottle,PET_Bottle,21.175515635052214,-156.76651374547546,731894.8323574871,2343205.888461254,3.0,1,0.18300730855469483,0.6145605468750763,0.0,0.010980438513281688,False,False,0.3623544709382957,0.3019620591152465,0.603924118230493,2d:area×thick_range×rho,1인,,,molokai_3550_2157_4610.jpg
3550_2157_4610_1167,S070,pet_bottle,PET_Bottle,21.17553561533698,-156.76650931685782,731895.2611664966,2343208.107510873,3.0,1,0.2931051975250972,0.6068823242188254,0.0,0.01758631185150583,False,False,0.5803482910996924,0.4836235759164105,0.967247151832821,2d:area×thick_range×rho,1인,,,molokai_3550_2157_4610.jpg
3550_2157_4610_1168,S070,eps_fragment,Styrofoam_Piece,21.175546265058628,-156.76652566043163,731893.5470178406,2343209.2629200984,3.0,1,0.2346874371319661,0.5200576400757482,0.0,0.007040623113958983,False,False,0.14081246227917965,0.09387497485278644,0.46937487426393226,2d:area×thick_range×rho,1인,,,molokai_3550_2157_4610.jpg
3550_2157_4610_1169,S070,eps_fragment,Styrofoam_Piece,21.17554424217901,-156.76650594719928,731895.5976988679,2343209.0677576913,3.0,1,0.2365394379020325,0.49876220703131197,0.0,0.007096183137060974,False,False,0.14192366274121948,0.094615775160813,0.473078875804065,2d:area×thick_range×rho,1인,,,molokai_3550_2157_4610.jpg
3550_2157_4610_1170,S070,eps_buoy,Styrofoam_Buoy,21.175565449854453,-156.76652546561493,731893.537322069,2343211.3876838065,3.0,1,1.1417026339983611,1.1728198242188956,0.0,0.3995959218994264,False,False,9.98989804748566,4.281384877493854,11.417026339983611,2d:area×thick_range×rho,1인,,,molokai_3550_2157_4610.jpg
3550_2157_4610_1171,S070,plastic_buoy,Plastic_Buoy,21.17554716378161,-156.76650314075914,731895.884633146,2343209.3953957115,3.0,1,0.16532753378753,0.40965087890630086,0.0,0.049598260136259,False,False,2.97589560817554,1.48794780408777,3.9678608109007203,2d:area×thick_range×rho,1인,,,molokai_3550_2157_4610.jpg
3550_2157_4610_1172,S070,plastic_other,Plastic_ETC,21.175562797229,-156.7665189248147,731894.2208239937,2343211.1035095397,3.0,1,1.9407726769265885,2.0918991088869787,0.0,0.058223180307797655,False,False,4.657854424623812,3.1052362830825415,15.52618141541271,2d:area×thick_range×rho,1인,,,molokai_3550_2157_4610.jpg
3550_2157_4610_1173,S070,plastic_buoy,Plastic_Buoy,21.175551119570432,-156.7665266189754,731893.4398846015,2343209.7990945475,3.0,1,0.1220892098238995,0.3709521484375461,0.0,0.03662676294716985,False,False,2.197605776830191,1.0988028884150955,2.930141035773588,2d:area×thick_range×rho,1인,,,molokai_3550_2157_4610.jpg
3550_2157_4610_1174,S070,plastic_other,Plastic_ETC,21.175557862363735,-156.76646126417467,731900.2174747863,2343210.641410411,3.0,1,0.4183927583457079,0.6633032226563323,0.0,0.012551782750371237,False,False,1.004142620029699,0.6694284133531326,3.347142066765663,2d:area×thick_range×rho,1인,,,molokai_3550_2157_4610.jpg
3550_2157_4610_1175,S070,pet_bottle,PET_Bottle,21.175518027749135,-156.76652661691978,731893.4917251191,2343206.134588027,3.0,1,0.22973870838066682,0.5903448867798585,0.0,0.013784322502840009,False,False,0.4548826425937203,0.37906886882810026,0.7581377376562005,2d:area×thick_range×rho,1인,,,molokai_3550_2157_4610.jpg
3550_2157_4610_1176,S070,pet_bottle,PET_Bottle,21.175576828549676,-156.76645658401458,731900.6739916294,2343212.7485294607,3.0,1,0.2704138912261204,0.7142333984375887,0.0,0.016224833473567225,False,False,0.5354195046277184,0.4461829205230987,0.8923658410461974,2d:area×thick_range×rho,1인,,,molokai_3550_2157_4610.jpg
3550_2157_4610_1177,S070,pet_bottle,PET_Bottle,21.17553784546106,-156.76651869042115,731894.2840971628,2343208.34075312,3.0,1,0.27692217554531423,0.6427319335938299,0.0,0.016615330532718853,False,False,0.5483059075797221,0.45692158964976853,0.9138431792995371,2d:area×thick_range×rho,1인,,,molokai_3550_2157_4610.jpg
3754_7750_5080_1188,S071,plastic_other,Plastic_ETC,21.17386989296819,-156.78274313952633,730211.7132766233,2342999.9823284736,3.0,1,0.42861304029833,0.6586303710938318,0.0,0.0128583912089499,False,False,1.028671296715992,0.6857808644773279,3.4289043223866402,2d:area×thick_range×rho,1인,,,molokai_3754_7750_5080.jpg
3754_7750_5080_1189,S071,pet_bottle,PET_Bottle,21.173869079224986,-156.7827522710504,730210.7660833974,2342999.8789532064,3.0,1,0.19584427911048036,0.6250122070313276,0.0,0.011750656746628821,False,False,0.3877716726387511,0.32314306053229264,0.6462861210645853,2d:area×thick_range×rho,1인,,,molokai_3754_7750_5080.jpg
3755_7770_12596_1196,S072,eps_fragment,Styrofoam_Piece,21.17291706175984,-156.7798723256426,730511.3704690828,2342898.641528713,3.0,1,0.26760533784634566,0.5372094726563167,0.0,0.00802816013539037,False,False,0.1605632027078074,0.10704213513853826,0.5352106756926913,2d:area×thick_range×rho,1인,,,molokai_3755_7770_12596.jpg
3755_7770_12596_1197,S072,eps_fragment,Styrofoam_Piece,21.17287647310557,-156.77985556006024,730513.1747908032,2342894.1712529464,3.0,1,0.1813693135500405,0.5010107421875623,0.0,0.005441079406501214,False,False,0.1088215881300243,0.0725477254200162,0.362738627100081,2d:area×thick_range×rho,1인,,,molokai_3755_7770_12596.jpg
3755_7770_12596_1198,S072,eps_fragment,Styrofoam_Piece,21.17296402384758,-156.77990749784036,730507.6444327193,2342903.790808406,3.0,1,0.11132990638728227,0.394439697265674,0.0,0.0033398971916184677,False,False,0.06679794383236935,0.04453196255491291,0.22265981277456454,2d:area×thick_range×rho,1인,,,molokai_3755_7770_12596.jpg
3755_7770_12596_1199,S072,pet_bottle,PET_Bottle,21.17294818557399,-156.77987532580852,730511.0105916844,2342902.083718285,3.0,1,0.21148380010654816,0.8011242675782245,0.0,0.01268902800639289,False,False,0.41873792421096534,0.3489482701758045,0.697896540351609,2d:area×thick_range×rho,1인,,,molokai_3755_7770_12596.jpg
3755_7770_12596_1200,S072,pet_bottle,PET_Bottle,21.172909702432545,-156.77987447448376,730511.1586874091,2342897.8234547805,3.0,1,0.3533517273367329,0.6419091796875798,0.0,0.021201103640203976,False,False,0.6996364201267312,0.5830303501056093,1.1660607002112187,2d:area×thick_range×rho,1인,,,molokai_3755_7770_12596.jpg
3755_7770_12596_1201,S072,eps_fragment,Styrofoam_Piece,21.172929767998834,-156.77989843094053,730508.6392971507,2342900.0106104794,3.0,1,0.22398094412019454,0.5198815917969396,0.0,0.006719428323605836,False,False,0.13438856647211672,0.08959237764807781,0.4479618882403891,2d:area×thick_range×rho,1인,,,molokai_3755_7770_12596.jpg
3755_7770_12596_1202,S072,pet_bottle,PET_Bottle,21.17295263804056,-156.7798379062842,730514.890327744,2342902.6311933855,3.0,1,0.25594338448277515,0.5430413818360049,0.0,0.015356603068966508,False,False,0.5067679012758948,0.42230658439657903,0.8446131687931581,2d:area×thick_range×rho,1인,,,molokai_3755_7770_12596.jpg
3755_8108_12325_1210,S072,eps_fragment,Styrofoam_Piece,21.172951255447433,-156.77976218105886,730522.7577961086,2342902.5882270457,3.0,1,0.21142241907721052,0.47783691406255935,0.0,0.006342672572316316,False,False,0.12685345144632632,0.0845689676308842,0.4228448381544211,2d:area×thick_range×rho,1인,,,molokai_3755_8108_12325.jpg
3755_8108_12325_1211,S072,pet_bottle,PET_Bottle,21.17297899465778,-156.77986628132987,730511.9022388115,2342905.5085732546,3.0,1,0.2521545816976738,0.6099475097657008,0.0,0.015129274901860426,False,False,0.4992660717613941,0.41605505980116175,0.8321101196023235,2d:area×thick_range×rho,1인,,,molokai_3755_8108_12325.jpg
3755_8108_12325_1212,S072,eps_fragment,Styrofoam_Piece,21.173011412513134,-156.77979879423532,730518.8616263447,2342909.196578908,3.0,1,0.20379566022945045,0.4609802246094323,0.0,0.006113869806883513,False,False,0.12227739613767026,0.08151826409178019,0.40759132045890095,2d:area×thick_range×rho,1인,,,molokai_3755_8108_12325.jpg
3755_8108_12325_1213,S072,plastic_buoy,Plastic_Buoy,21.17299840216802,-156.7797979215149,730518.9724472908,2342907.7571235956,3.0,1,0.3252157188624952,0.6275317382813279,0.0,0.09756471565874855,False,False,5.8538829395249135,2.9269414697624567,7.805177252699885,2d:area×thick_range×rho,1인,,,molokai_3755_8108_12325.jpg
3755_8108_12325_1214,S072,plastic_buoy,Plastic_Buoy_China,21.172945330447522,-156.7797711018319,730521.8404130677,2342901.9191363053,3.0,1,0.19764989823107862,0.5031738281250625,0.0,0.05929496946932358,False,False,3.557698168159415,1.7788490840797075,4.743597557545887,2d:area×thick_range×rho,1인,,,molokai_3755_8108_12325.jpg
3908_11044_9786_1224,S073,pet_bottle,PET_Bottle,21.172843934013052,-156.94371057709208,713494.8283300288,2342661.069424728,3.0,1,0.37772140803174964,0.9755935668946625,0.0,0.022663284481904977,False,False,0.7478883879028643,0.623240323252387,1.246480646504774,2d:area×thick_range×rho,1인,,,molokai_3908_11044_9786.jpg
3908_11044_9786_1225,S073,plastic_other,Plastic_ETC,21.172812068836567,-156.9436812074197,713497.9243760082,2342657.5806127083,3.0,1,0.423156361544246,0.6957958984375936,0.0,0.01269469084632738,False,False,1.0155752677061904,0.6770501784707937,3.385250892353968,2d:area×thick_range×rho,1인,,,molokai_3908_11044_9786.jpg
3955_10207_1017_1226,S074,pet_bottle,PET_Bottle,21.172676547286,-156.8082580280771,727563.4315748195,2342830.988718928,3.0,1,0.3907113619343417,0.6258557128907027,0.0,0.023442681716060502,False,False,0.7736084966299965,0.6446737471916638,1.2893474943833276,2d:area×thick_range×rho,1인,,,molokai_3955_10207_1017.jpg
3955_10207_1017_1227,S074,pet_bottle,PET_Bottle,21.172688232972327,-156.80826473719551,727562.7168425902,2342832.2731040134,3.0,1,0.2280105735175878,0.5288586425781907,0.0,0.013680634411055267,False,False,0.4514609355648238,0.3762174463040199,0.7524348926080398,2d:area×thick_range×rho,1인,,,molokai_3955_10207_1017.jpg
3955_10207_1017_1228,S074,pet_bottle,PET_Bottle,21.17269520820518,-156.8082546632536,727563.7524989748,2342833.059971882,3.0,1,0.3464776732833054,0.6279760742188281,0.0,0.020788660396998324,False,False,0.6860257931009447,0.571688160917454,1.143376321834908,2d:area×thick_range×rho,1인,,,molokai_3955_10207_1017.jpg
3955_10207_1017_1229,S074,pet_bottle,PET_Bottle,21.172654976815096,-156.80834329385127,727554.6084321605,2342828.477689889,3.0,1,0.14078593030016642,0.5510307312012404,0.0,0.008447155818009986,False,False,0.2787561419943295,0.2322967849952746,0.4645935699905492,2d:area×thick_range×rho,1인,,,molokai_3955_10207_1017.jpg
3958_12886_4117_1236,S075,eps_fragment,Styrofoam_Piece,21.17202904935437,-156.79913362035805,728512.1387860936,2342772.4151533665,3.0,1,0.24106426063148706,0.5124029541016262,0.0,0.007231927818944612,False,False,0.14463855637889222,0.09642570425259482,0.4821285212629742,2d:area×thick_range×rho,1인,,,molokai_3958_12886_4117.jpg
3958_12886_4117_1237,S075,plastic_buoy,Plastic_Buoy,21.171938962695094,-156.79908107013233,728517.7354527846,2342762.515100247,3.0,1,0.21256194314961946,0.4724316406250587,0.0,0.06376858294488584,False,False,3.8261149766931504,1.9130574883465752,5.1014866355908675,2d:area×thick_range×rho,1인,,,molokai_3958_12886_4117.jpg
3958_12886_4117_1238,S075,pet_bottle,PET_Bottle,21.172002377232864,-156.79917274266333,728508.1162934902,2342769.40519368,3.0,1,0.1639582126355206,0.47589874267584037,0.0,0.009837492758131236,False,False,0.3246372610183308,0.270531050848609,0.541062101697218,2d:area×thick_range×rho,1인,,,molokai_3958_12886_4117.jpg
3958_12886_4117_1239,S075,eps_fragment,Styrofoam_Piece,21.172017613241568,-156.7991387796159,728511.6204909785,2342771.14132859,3.0,1,0.16081714676697076,0.42312622070317757,0.0,0.004824514403009123,False,False,0.09649028806018245,0.06432685870678831,0.3216342935339416,2d:area×thick_range×rho,1인,,,molokai_3958_12886_4117.jpg
3958_12886_4117_1240,S075,eps_fragment,Styrofoam_Piece,21.17198882953468,-156.79914385118997,728511.1379670475,2342767.9466311475,3.0,1,0.13964062394205223,0.37796386718754693,0.0,0.004189218718261567,False,False,0.08378437436523134,0.0558562495768209,0.27928124788410447,2d:area×thick_range×rho,1인,,,molokai_3958_12886_4117.jpg
3958_12886_4117_1241,S075,eps_fragment,Styrofoam_Piece,21.171967918559464,-156.79906507957975,728519.3518252617,2342765.7446042146,3.0,1,0.23872218073612422,0.5229077148438149,0.0,0.007161665422083727,False,False,0.14323330844167453,0.09548887229444969,0.47744436147224845,2d:area×thick_range×rho,1인,,,molokai_3958_12886_4117.jpg
3958_12886_4117_1242,S075,eps_fragment,Styrofoam_Piece,21.172011776677987,-156.7991740113705,728507.9700704825,2342770.4442193583,3.0,1,0.06707949207503618,0.2681536865234708,0.0,0.002012384762251085,False,False,0.0402476952450217,0.026831796830014472,0.13415898415007235,2d:area×thick_range×rho,1인,,,molokai_3958_12886_4117.jpg
3958_12886_4117_1243,S075,eps_fragment,Styrofoam_Piece,21.171995527648924,-156.79917221859657,728508.1812542875,2342768.647455302,3.0,1,0.11023783384564277,0.507091064453188,0.0,0.003307135015369283,False,False,0.06614270030738567,0.044095133538257114,0.22047566769128557,2d:area×thick_range×rho,1인,,,molokai_3958_12886_4117.jpg
3958_12886_4117_1244,S075,eps_fragment,Styrofoam_Piece,21.172003036301607,-156.79912224776683,728513.3599982358,2342769.5509738834,3.0,1,0.12742839803549832,0.40987548828130094,0.0,0.0038228519410649494,False,False,0.07645703882129899,0.05097135921419933,0.25485679607099665,2d:area×thick_range×rho,1인,,,molokai_3958_12886_4117.jpg
3958_12886_4117_1245,S075,plastic_other,Plastic_ETC,21.171941645792778,-156.79908265553098,728517.5666591029,2342762.8099294216,3.0,1,0.19246982001369012,0.5471429443360055,0.0,0.005774094600410703,False,False,0.4619275680328563,0.3079517120219042,1.539758560109521,2d:area×thick_range×rho,1인,,,molokai_3958_12886_4117.jpg
3958_12886_4117_1246,S075,eps_fragment,Styrofoam_Piece,21.171996804303344,-156.7991586543188,728509.5881633536,2342768.808381853,3.0,1,0.4045012497783712,0.8762109375001088,0.0,0.012135037493351136,False,False,0.24270074986702272,0.16180049991134848,0.8090024995567424,2d:area×thick_range×rho,1인,,,molokai_3958_12886_4117.jpg
3958_12935_3790_1253,S075,eps_fragment,Styrofoam_Piece,21.172029114652368,-156.79913356827657,728512.144095237,2342772.422459276,3.0,1,0.24380044447934723,0.5289636230469407,0.0,0.007314013334380417,False,False,0.14628026668760835,0.09752017779173891,0.48760088895869447,2d:area×thick_range×rho,1인,,,molokai_3958_12935_3790.jpg
3958_12935_3790_1254,S075,eps_fragment,Styrofoam_Piece,21.17205115756835,-156.7991092100792,728514.6402091382,2342774.8985157893,3.0,1,0.45940082694303486,0.7288122558594655,0.0,0.013782024808291046,False,False,0.2756404961658209,0.18376033077721396,0.9188016538860698,2d:area×thick_range×rho,1인,,,molokai_3958_12935_3790.jpg
3958_12935_3790_1255,S075,eps_fragment,Styrofoam_Piece,21.172079780633563,-156.79914116597558,728511.2770747733,2342778.0220419597,3.0,1,0.20281402775650298,0.4628259277344325,0.0,0.006084420832695089,False,False,0.12168841665390179,0.08112561110260119,0.40562805551300596,2d:area×thick_range×rho,1인,,,molokai_3958_12935_3790.jpg
3958_12935_3790_1256,S075,plastic_buoy,Plastic_Buoy,21.17205254692128,-156.79913198928256,728512.2720829456,2342775.0195259573,3.0,1,0.15731183471385574,0.40934326171880087,0.0,0.04719355041415672,False,False,2.831613024849403,1.4158065124247015,3.775484033132538,2d:area×thick_range×rho,1인,,,molokai_3958_12935_3790.jpg
3958_12935_3790_1257,S075,eps_fragment,Styrofoam_Piece,21.17201761712603,-156.79913880660715,728511.6176815265,2342771.141719826,3.0,1,0.1674986794144331,0.43416259765630394,0.0,0.0050249603824329934,False,False,0.10049920764865987,0.06699947176577324,0.3349973588288662,2d:area×thick_range×rho,1인,,,molokai_3958_12935_3790.jpg
3958_12935_3790_1258,S075,pet_bottle,PET_Bottle,21.172056903845252,-156.799145392462,728510.8732480673,2342775.4826699956,3.0,1,0.24595367075583488,0.8131060791016635,0.0,0.014757220245350092,False,False,0.48698826809655305,0.4058235567471276,0.8116471134942552,2d:area×thick_range×rho,1인,,,molokai_3958_12935_3790.jpg
3958_12935_3790_1259,S075,eps_fragment,Styrofoam_Piece,21.17200297415053,-156.79912225727776,728513.3591059004,2342769.5440778243,3.0,1,0.1221957176417416,0.4128186035156763,0.0,0.0036658715292522477,False,False,0.07331743058504496,0.04887828705669665,0.2443914352834832,2d:area×thick_range×rho,1인,,,molokai_3958_12935_3790.jpg
3958_12935_3790_1260,S075,pet_bottle,PET_Bottle,21.172077870858086,-156.79914508458182,728510.8729992807,2342777.804912086,3.0,1,0.1639426397388277,0.6111781311035915,0.0,0.00983655838432966,False,False,0.3246064266828788,0.2705053555690657,0.5410107111381314,2d:area×thick_range×rho,1인,,,molokai_3958_12935_3790.jpg
3958_12935_3790_1261,S075,pet_bottle,PET_Bottle,21.172077038856603,-156.79916596045425,728508.7059796965,2342777.682683362,3.0,1,0.30385170525011473,0.5885197639466063,0.0,0.018231102315006884,False,False,0.6016263763952272,0.5013553136626894,1.0027106273253787,2d:area×thick_range×rho,1인,,,molokai_3958_12935_3790.jpg
3958_12935_3790_1262,S075,eps_fragment,Styrofoam_Piece,21.171996913766925,-156.79915862634178,728509.590900975,2342768.8205437204,3.0,1,0.4199747864344269,0.8601074218751068,0.0,0.012599243593032808,False,False,0.25198487186065616,0.16798991457377077,0.8399495728688539,2d:area×thick_range×rho,1인,,,molokai_3958_12935_3790.jpg
3958_12935_3790_1263,S075,pet_bottle,PET_Bottle,21.172093681235648,-156.79916807615714,728508.4606498264,2342779.5225397754,3.0,1,0.11973217068612639,0.5386688232422544,0.0,0.007183930241167583,False,False,0.23706969795853025,0.19755808163210856,0.3951161632642171,2d:area×thick_range×rho,1인,,,molokai_3958_12935_3790.jpg
3958_12935_3790_1264,S075,eps_fragment,Styrofoam_Piece,21.172021371385007,-156.79905817493682,728519.9868229906,2342771.673698694,3.0,1,0.23253560791021405,0.5350000000000664,0.0,0.006976068237306421,False,False,0.13952136474612842,0.09301424316408562,0.46507121582042815,2d:area×thick_range×rho,1인,,,molokai_3958_12935_3790.jpg
3958_12935_3790_1265,S075,eps_fragment,Styrofoam_Piece,21.17202820124334,-156.79906832729276,728518.921837378,2342772.415371244,3.0,1,0.23526472212380056,0.5926635742188237,0.0,0.007057941663714017,False,False,0.14115883327428033,0.09410588884952023,0.4705294442476011,2d:area×thick_range×rho,1인,,,molokai_3958_12935_3790.jpg
4124_12349_13210_1273,S076,pet_bottle,PET_Bottle,21.169196196583215,-156.92632194738613,715306.0738327366,2342280.6784698283,3.0,1,0.45603474483501316,0.7715100097657208,0.0,0.027362084690100787,False,False,0.902948794773326,0.7524573289777717,1.5049146579555435,2d:area×thick_range×rho,1인,,,molokai_4124_12349_13210.jpg
4124_12349_13210_1274,S076,plastic_buoy,Plastic_Buoy,21.169245253153296,-156.92637994760176,715299.9787973787,2342286.031682835,3.0,1,0.2533204162002239,0.6312359619141409,0.0,0.07599612486006717,False,False,4.55976749160403,2.279883745802015,6.079689988805374,2d:area×thick_range×rho,1인,,,molokai_4124_12349_13210.jpg
4124_12349_13210_1275,S076,plastic_other,Plastic_ETC,21.169247949014363,-156.92635166485704,715302.9123915426,2342286.368601857,3.0,1,0.41688628916452747,0.7252136230469651,0.0,0.012506588674935823,False,False,1.0005270939948658,0.6670180626632439,3.33509031331622,2d:area×thick_range×rho,1인,,,molokai_4124_12349_13210.jpg
4124_12349_13210_1276,S076,pet_bottle,PET_Bottle,21.169303838168727,-156.9263303999196,715305.040086785,2342292.586026121,3.0,1,0.2519498372709073,0.6506323242188308,0.0,0.015116990236254438,False,False,0.4988606777963965,0.4157172314969971,0.8314344629939942,2d:area×thick_range×rho,1인,,,molokai_4124_12349_13210.jpg
4124_12349_13210_1277,S076,plastic_other,Plastic_ETC,21.16929762709253,-156.92631158330914,715307.0034063575,2342291.923834848,3.0,1,1.208440919198396,1.1648315429688947,0.0,0.03625322757595188,False,False,2.900258206076151,1.9335054707174337,9.667527353587168,2d:area×thick_range×rho,1인,,,molokai_4124_12349_13210.jpg
4190_9462_13371_1279,S077,plastic_buoy,Plastic_Buoy,21.166779678169085,-156.73597429675692,735080.6664821082,2342283.469450957,3.0,1,0.16235755454304102,0.42539550781252966,0.0,0.0487072663629123,False,False,2.922435981774738,1.461217990887369,3.8965813090329844,2d:area×thick_range×rho,1인,,,molokai_4190_9462_13371.jpg
4190_9462_13371_1280,S077,net,Net,21.166773923286495,-156.73597876352315,735080.2116022337,2342282.8255360047,3.0,1,0.14242527725996573,0.4759497070312832,0.0,0.017091033271195887,False,False,2.563654990679383,1.068189579449743,6.409137476698458,2d:area×thick_range×rho,1인,절단기,,molokai_4190_9462_13371.jpg
4190_9462_13371_1281,S077,plastic_other,Plastic_ETC,21.16672133667671,-156.73602498248405,735075.493818468,2342276.9335991372,3.0,1,0.14985324648024742,0.4405834960937807,0.0,0.004495597394407422,False,False,0.35964779155259374,0.23976519436839588,1.1988259718419794,2d:area×thick_range×rho,1인,,,molokai_4190_9462_13371.jpg
4400_7961_13966_1286,S078,pet_bottle,PET_Bottle,21.164014298773083,-156.73612953569662,735068.9124574002,2341977.0032933042,3.0,1,0.20169943390307254,0.5476831054689428,0.0,0.012101966034184352,False,False,0.3993648791280836,0.3328040659400697,0.6656081318801395,2d:area×thick_range×rho,1인,,,molokai_4400_7961_13966.jpg
4400_7961_13966_1287,S078,plastic_buoy,Plastic_Buoy,21.163950205353515,-156.73619909372314,735061.7884047317,2341969.802513784,3.0,1,0.1803086546332914,0.4319262695314021,0.0,0.05409259638998742,False,False,3.245555783399245,1.6227778916996225,4.327407711198994,2d:area×thick_range×rho,1인,,,molokai_4400_7961_13966.jpg
4400_7961_13966_1288,S078,plastic_buoy,Plastic_Buoy,21.163957947853262,-156.73619780635332,735061.9098934117,2341970.6618206357,3.0,1,0.17989527148617065,0.431649169922027,0.0,0.0539685814458512,False,False,3.238114886751072,1.619057443375536,4.3174865156680955,2d:area×thick_range×rho,1인,,,molokai_4400_7961_13966.jpg
4400_7961_13966_1289,S078,net,Net,21.16392703277763,-156.7361216899464,735069.8653665463,2341967.351158176,3.0,1,0.24707937657254456,0.550705566406444,0.0,0.029649525188705346,False,False,4.4474287783058015,1.8530953242940844,11.118571945764504,2d:area×thick_range×rho,1인,절단기,,molokai_4400_7961_13966.jpg
4400_7961_13966_1290,S078,pet_bottle,PET_Bottle,21.16401165223758,-156.7361356755116,735068.2788659357,2341976.701115172,3.0,1,0.25411755949276704,0.5473828125001927,0.0,0.015247053569566023,False,False,0.5031527677956787,0.41929397316306566,0.8385879463261313,2d:area×thick_range×rho,1인,,,molokai_4400_7961_13966.jpg
4400_7961_13966_1291,S078,net,Net,21.164004770254962,-156.73615625133442,735066.152425593,2341975.9085043552,3.0,1,0.25272486480417766,0.5092755126954919,0.0,0.03032698377650132,False,False,4.549047566475198,1.8954364860313326,11.372618916187996,2d:area×thick_range×rho,1인,절단기,,molokai_4400_7961_13966.jpg
4400_7997_14641_1303,S078,pet_bottle,PET_Bottle,21.163851098949447,-156.7361388718133,735068.2006133046,2341958.91683252,3.0,1,0.3273886931388151,0.6692468261721107,0.0,0.019643321588328905,False,False,0.6482296124148539,0.5401913436790449,1.0803826873580897,2d:area×thick_range×rho,1인,,,molokai_4400_7997_14641.jpg
4400_7997_14641_1304,S078,net,Net,21.163891508603367,-156.73615042668717,735066.9364778748,2341963.3746344512,3.0,1,0.17370803320606368,0.42325927734389907,0.0,0.02084496398472764,False,False,3.126744597709146,1.3028102490454776,7.816861494272866,2d:area×thick_range×rho,1인,절단기,,molokai_4400_7997_14641.jpg
4400_7997_14641_1305,S078,pet_bottle,PET_Bottle,21.163836715361427,-156.73619650081503,735062.2371163524,2341957.2385665877,3.0,1,0.17296539046776557,0.4270544433595254,0.0,0.010377923428065934,False,False,0.3424714731261758,0.2853928942718132,0.5707857885436264,2d:area×thick_range×rho,1인,,,molokai_4400_7997_14641.jpg
4400_7997_14641_1306,S078,pet_bottle,PET_Bottle,21.1638445707647,-156.73620928698824,735060.8965330641,2341958.0895116255,3.0,1,0.39286014118278134,0.6450720214846022,0.0,0.02357160847096688,False,False,0.777863079541907,0.6482192329515892,1.2964384659031785,2d:area×thick_range×rho,1인,,,molokai_4400_7997_14641.jpg
4400_7997_14641_1307,S078,plastic_other,Plastic_ETC,21.163835828403894,-156.7361532764584,735066.72846206,2341957.2044283836,3.0,1,0.19661096517159482,0.5030505371095522,0.0,0.005898328955147844,False,False,0.4718663164118275,0.31457754427455176,1.5728877213727588,2d:area×thick_range×rho,1인,,,molokai_4400_7997_14641.jpg
444_1393_2974_1311,S079,plastic_other,Plastic_ETC,21.220775781831147,-157.24560588311496,682083.7738820642,2347591.077990953,3.0,1,0.5145484600783673,0.7255444335938401,0.0,0.015436453802351018,False,False,1.2349163041880815,0.8232775361253877,4.116387680626938,2d:area×thick_range×rho,1인,,,molokai_444_1393_2974.jpg
456_10663_12795_1312,S080,plastic_other,Plastic_ETC,21.21859518407518,-157.2091157130229,685874.6284148543,2347392.086583021,3.0,1,1.1159058596852214,1.0987988281251364,0.0,0.03347717579055664,False,False,2.6781740632445312,1.7854493754963543,8.927246877481771,2d:area×thick_range×rho,1인,,,molokai_456_10663_12795.jpg
456_10663_12795_1313,S080,rope,Rope,21.218601753846094,-157.20913245380845,685872.8822486567,2347392.7942931606,3.0,1,2.1363823854928556,1.658081054687706,0.0,0.06409147156478567,False,False,25.63658862591427,17.091059083942845,42.727647709857116,2d:area×thick_range×rho,2인,절단기,,molokai_456_10663_12795.jpg
456_10663_12795_1314,S080,eps_fragment,Styrofoam_Piece,21.218618387284852,-157.2091676801016,685869.2044120621,2347394.594493808,3.0,1,0.4670504208878843,0.7289001464844655,0.0,0.014011512626636528,False,False,0.28023025253273054,0.18682016835515372,0.9341008417757686,2d:area×thick_range×rho,1인,,,molokai_456_10663_12795.jpg
456_10663_12795_1315,S080,rope,Rope,21.21860162035149,-157.20911230498086,685874.9741546884,2347392.8031841493,3.0,1,1.1809987300637317,1.215839843750151,0.0,0.03542996190191195,False,False,14.171984760764781,9.447989840509853,23.619974601274635,2d:area×thick_range×rho,2인,절단기,,molokai_456_10663_12795.jpg
456_10663_12795_1316,S080,net,Net,21.218602266747585,-157.2091404706124,685872.0493462301,2347392.841661338,3.0,1,0.15807645553354377,0.40186767578129995,0.0,0.018969174664025253,False,False,2.845376199603788,1.1855734165015783,7.113440499009469,2d:area×thick_range×rho,1인,절단기,,molokai_456_10663_12795.jpg
456_10663_12795_1317,S080,net,Net,21.218667349363525,-157.20918657101564,685867.1819204309,2347399.9931757185,3.0,1,0.18926029652995105,0.4805407714844347,0.0,0.022711235583594124,False,False,3.406685337539119,1.419452223974633,8.516713343847798,2d:area×thick_range×rho,1인,절단기,,molokai_456_10663_12795.jpg
456_10663_12795_1318,S080,rope,Rope,21.218612073446298,-157.2091248084357,685873.6630191146,2347393.945817491,3.0,1,0.5629247805060354,0.7603466796875945,0.0,0.016887743415181063,False,False,6.755097366072425,4.503398244048284,11.25849561012071,2d:area×thick_range×rho,1인,절단기,,molokai_456_10663_12795.jpg
456_8480_11486_1325,S081,net,Net,21.21891578501734,-157.20963607273868,685820.2060083755,2347426.970923648,3.0,1,0.1684323570255143,0.430796508789116,0.0,0.020211882843061715,False,False,3.031782426459257,1.2632426776913572,7.579456066148143,2d:area×thick_range×rho,1인,절단기,,molokai_456_8480_11486.jpg
456_8480_11486_1326,S081,plastic_other,Plastic_ETC,21.21881505565586,-157.2095265322348,685831.7040427921,2347415.9472530694,3.0,1,0.19017456249003367,0.4361376953125542,0.0,0.00570523687470101,False,False,0.4564189499760808,0.3042792999840539,1.5213964999202694,2d:area×thick_range×rho,1인,,,molokai_456_8480_11486.jpg
456_8480_11486_1327,S081,plastic_buoy,Plastic_Buoy,21.218850457836247,-157.20955287288442,685828.92516272,2347419.835894173,3.0,1,0.3271658703327992,0.5921240234375735,0.0,0.09814976109983976,False,False,5.888985665990385,2.9444928329951927,7.851980887987181,2d:area×thick_range×rho,1인,,,molokai_456_8480_11486.jpg
456_8480_11486_1328,S081,plastic_buoy,Plastic_Buoy,21.218822578897452,-157.20954679592955,685829.5909587793,2347416.756393899,3.0,1,0.22468483176236967,0.48497558593756024,0.0,0.0674054495287109,False,False,4.044326971722654,2.022163485861327,5.392435962296872,2d:area×thick_range×rho,1인,,,molokai_456_8480_11486.jpg
456_8480_11486_1329,S081,plastic_buoy,Plastic_Buoy,21.218907209477155,-157.20963709779733,685820.1103341412,2347426.020272322,3.0,1,0.2440812236043998,0.4975230407715462,0.0,0.07322436708131994,False,False,4.393462024879196,2.196731012439598,5.857949366505595,2d:area×thick_range×rho,1인,,,molokai_456_8480_11486.jpg
456_8480_11486_1330,S081,plastic_other,Plastic_ETC,21.218855223532483,-157.20954116789176,685830.1343378238,2347420.377279802,3.0,1,0.46774466269027887,0.6901269531250858,0.0,0.014032339880708365,False,False,1.1225871904566693,0.7483914603044461,3.7419573015222314,2d:area×thick_range×rho,1인,,,molokai_456_8480_11486.jpg
4610_7864_710_1340,S082,plastic_buoy,Plastic_Buoy_China,21.163626359771158,-156.73615004988972,735067.3946956808,2341934.0128223114,3.0,1,0.27294400833856264,0.5279199218751076,0.0,0.08188320250156879,False,False,4.912992150094127,2.4564960750470637,6.550656200125504,2d:area×thick_range×rho,1인,,,molokai_4610_7864_710.jpg
4610_7864_710_1341,S082,net,Net,21.163626566950043,-156.7362126235336,735060.8945018267,2341933.9429968717,3.0,1,0.21475640530893023,0.4738647460938466,0.0,0.025770768637071628,False,False,3.8656152955607443,1.6106730398169768,9.66403823890186,2d:area×thick_range×rho,1인,절단기,,molokai_4610_7864_710.jpg
4610_8092_9157_1347,S083,pet_bottle,PET_Bottle,21.162087474772054,-156.7362007676972,735064.5584726051,2341763.522749687,3.0,1,0.243938162362675,0.6269335937501278,0.0,0.014636289741760499,False,False,0.48299756147809647,0.40249796789841374,0.8049959357968275,2d:area×thick_range×rho,1인,,,molokai_4610_8092_9157.jpg
4610_8092_9157_1348,S083,pet_bottle,PET_Bottle,21.16213325262502,-156.73617321586246,735067.3481144173,2341768.6329961494,3.0,1,0.13612145501753278,0.48996307373056863,0.0,0.008167287301051967,False,False,0.2695204809347149,0.2246004007789291,0.4492008015578582,2d:area×thick_range×rho,1인,,,molokai_4610_8092_9157.jpg
4610_8098_-87_1351,S082,pet_bottle,PET_Bottle,21.16378790804108,-156.73620470612946,735061.4619268645,2341951.8215181334,3.0,1,0.18429865456007485,0.6487403869630228,0.0,0.011057919273604491,False,False,0.3649113360289482,0.3040927800241235,0.608185560048247,2d:area×thick_range×rho,1인,,,molokai_4610_8098_-87.jpg
4610_8378_13151_1355,S084,plastic_buoy,Plastic_Buoy_China,21.161455153486212,-156.73608298854035,735077.7923123378,2341693.674610601,3.0,1,0.29501732503541667,0.5733084869385935,0.0,0.088505197510625,False,False,5.3103118506374996,2.6551559253187498,7.080415800850001,2d:area×thick_range×rho,1인,,,molokai_4610_8378_13151.jpg
4610_8378_13151_1356,S084,pet_bottle,PET_Bottle,21.16138042454865,-156.7360799616894,735078.2248356168,2341685.403676397,3.0,1,0.10736681213383284,0.3856250000000786,0.0,0.0064420087280299704,False,False,0.21258628802498902,0.1771552400208242,0.3543104800416484,2d:area×thick_range×rho,1인,,,molokai_4610_8378_13151.jpg
4610_8410_9353_1358,S083,net,Net,21.16213364905762,-156.73608492917543,735076.5184010933,2341768.8077813257,3.0,1,0.2531920696900327,0.5187182617188557,0.0,0.030383048362803925,False,False,4.557457254420589,1.8989405226752456,11.393643136051473,2d:area×thick_range×rho,1인,절단기,,molokai_4610_8410_9353.jpg
4610_8410_9353_1359,S083,pet_bottle,PET_Bottle,21.162069682413957,-156.73609397171936,735075.6801898065,2341761.7107612933,3.0,1,0.26623514124761943,0.5893920898438701,0.0,0.015974108474857165,False,False,0.5271455796702864,0.4392879830585721,0.8785759661171442,2d:area×thick_range×rho,1인,,,molokai_4610_8410_9353.jpg
4610_8410_9353_1360,S083,pet_bottle,PET_Bottle,21.162141642936266,-156.73608797553885,735076.1893214247,2341769.6885006703,3.0,1,0.24163936177297102,0.5143212890626049,0.0,0.014498361706378261,False,False,0.4784459363104826,0.3987049469254022,0.7974098938508044,2d:area×thick_range×rho,1인,,,molokai_4610_8410_9353.jpg
5459_4239_12993_1365,S085,plastic_other,Plastic_ETC,21.150266176952286,-156.7115850514306,737640.4509022336,2340491.1163089303,3.0,1,0.31746658846147796,0.7220678710938397,0.0,0.009523997653844339,False,False,0.7619198123075471,0.5079465415383647,2.5397327076918237,2d:area×thick_range×rho,1인,,,molokai_5459_4239_12993.jpg
5459_4239_12993_1366,S085,plastic_buoy,Plastic_Buoy_China,21.150301327908856,-156.71154102139,737644.9688843098,2340495.074896322,3.0,1,0.21042698254888517,0.4815332031250598,0.0,0.06312809476466555,False,False,3.787685685879933,1.8938428429399665,5.050247581173244,2d:area×thick_range×rho,1인,,,molokai_5459_4239_12993.jpg
5459_4239_12993_1367,S085,eps_fragment,Styrofoam_Piece,21.15026245065099,-156.7115823330668,737640.7392525242,2340490.707728506,3.0,1,0.2293530600607965,0.48273193359380995,0.0,0.006880591801823895,False,False,0.1376118360364779,0.0917412240243186,0.45870612012159306,2d:area×thick_range×rho,1인,,,molokai_5459_4239_12993.jpg
5459_4239_12993_1368,S085,net,Net,21.150311468388452,-156.71156322231548,737642.6463245419,2340496.16460195,3.0,1,0.19411627321695146,0.507204589843813,0.0,0.023293952786034175,False,False,3.4940929179051263,1.455872049127136,8.735232294762815,2d:area×thick_range×rho,1인,절단기,,molokai_5459_4239_12993.jpg
5669_3598_3897_1376,S086,eps_buoy,Styrofoam_Buoy,21.14919829075962,-156.7117222821911,737627.8995371372,2340372.6525602206,3.0,1,1.0285757977249792,1.0886523437501352,0.0,0.3600015292037427,False,False,9.000038230093567,3.857159241468672,10.285757977249792,2d:area×thick_range×rho,1인,,,molokai_5669_3598_3897.jpg
5669_3598_3897_1377,S086,plastic_buoy,Plastic_Buoy,21.14920803879701,-156.71172844923095,737627.243299185,2340373.7228253796,3.0,1,0.1215956397265498,0.35929443359379465,0.0,0.03647869191796494,False,False,2.1887215150778965,1.0943607575389482,2.9182953534371956,2d:area×thick_range×rho,1인,,,molokai_5669_3598_3897.jpg
5669_3598_3897_1378,S086,net,Net,21.149193348024518,-156.71167112128998,737633.2223747456,2340372.181827668,3.0,1,0.23912570719724874,0.4953466796875615,0.0,0.028695084863669847,False,False,4.304262729550477,1.7934428039793655,10.760656823876191,2d:area×thick_range×rho,1인,절단기,,molokai_5669_3598_3897.jpg
5669_3598_3897_1379,S086,net,Net,21.149180316336928,-156.71169344594202,737630.9239427812,2340370.7052550437,3.0,1,0.20430537970667192,0.4934545898438113,0.0,0.02451664556480063,False,False,3.6774968347200945,1.5322903478000396,9.193742086800237,2d:area×thick_range×rho,1인,절단기,,molokai_5669_3598_3897.jpg
5669_3598_3897_1380,S086,net,Net,21.149227876246332,-156.71169279306756,737630.9158336623,2340375.973038328,3.0,1,0.1321492283135981,0.37058837890629603,0.0,0.015857907397631772,False,False,2.378686109644766,0.9911192123519859,5.946715274111914,2d:area×thick_range×rho,1인,절단기,,molokai_5669_3598_3897.jpg
5878_4869_10990_1385,S087,eps_fragment,Styrofoam_Piece,21.145269421123196,-156.71409399372536,737387.7756833432,2339934.017991479,3.0,1,0.28063318022643546,0.5298315429687971,0.0,0.008418995406793063,False,False,0.16837990813586126,0.11225327209057419,0.5612663604528709,2d:area×thick_range×rho,1인,,,molokai_5878_4869_10990.jpg
5878_4869_10990_1386,S087,pet_bottle,PET_Bottle,21.145203902119896,-156.71403334339942,737394.1810965793,2339926.853133124,3.0,1,0.19424577802423115,0.7276000976563146,0.0,0.01165474668145387,False,False,0.3846066404879777,0.3205055337399814,0.6410110674799628,2d:area×thick_range×rho,1인,,,molokai_5878_4869_10990.jpg
5878_4869_10990_1387,S087,eps_fragment,Styrofoam_Piece,21.145204712854785,-156.7140623713825,737391.1640999898,2339926.899487819,3.0,1,0.3438431582034245,0.5922845458984901,0.0,0.010315294746102734,False,False,0.2063058949220547,0.1375372632813698,0.6876863164068491,2d:area×thick_range×rho,1인,,,molokai_5878_4869_10990.jpg
5878_4869_10990_1388,S087,eps_fragment,Styrofoam_Piece,21.145234451191453,-156.71408517478517,737388.7476431048,2339930.158605146,3.0,1,0.4171489616633203,0.6908203125000614,0.0,0.012514468849899608,False,False,0.25028937699799214,0.1668595846653281,0.8342979233266407,2d:area×thick_range×rho,1인,,,molokai_5878_4869_10990.jpg
5878_4869_10990_1389,S087,plastic_buoy,Plastic_Buoy,21.14529187194726,-156.71399868678222,737397.6412707968,2339936.6467828043,3.0,1,0.11669293657748239,0.360319824218782,0.0,0.03500788097324472,False,False,2.1004728583946832,1.0502364291973416,2.8006304778595776,2d:area×thick_range×rho,1인,,,molokai_5878_4869_10990.jpg
5878_4869_10990_1390,S087,eps_fragment,Styrofoam_Piece,21.14526677397479,-156.71408769060773,737388.4347322718,2339933.7342749764,3.0,1,0.21029497819248597,0.4776330566406674,0.0,0.006308849345774578,False,False,0.12617698691549156,0.08411799127699439,0.42058995638497193,2d:area×thick_range×rho,1인,,,molokai_5878_4869_10990.jpg
5878_4869_10990_1391,S087,plastic_other,Plastic_ETC,21.145203085864658,-156.71402451111243,737395.0999804696,2339926.7759541473,3.0,1,0.43384274424620234,0.6711547851563097,0.0,0.01301528232738607,False,False,1.0412225861908855,0.6941483907939238,3.4707419539696187,2d:area×thick_range×rho,1인,,,molokai_5878_4869_10990.jpg
5878_4869_10990_1392,S087,plastic_buoy,Plastic_Buoy,21.145192131049566,-156.7140812249838,737389.2254715762,2339925.477970445,3.0,1,0.12688015387060514,0.3634680175781573,0.0,0.03806404616118154,False,False,2.2838427696708923,1.1419213848354461,3.0451236928945233,2d:area×thick_range×rho,1인,,,molokai_5878_4869_10990.jpg
5878_5000_11309_1396,S087,eps_fragment,Styrofoam_Piece,21.145163169832717,-156.71402091709348,737395.5370148674,2339922.3610189734,3.0,1,0.44555554386385254,0.7128833007813133,0.0,0.013366666315915576,False,False,0.2673333263183115,0.17822221754554102,0.8911110877277051,2d:area×thick_range×rho,1인,,,molokai_5878_5000_11309.jpg
5878_5000_11309_1397,S087,eps_fragment,Styrofoam_Piece,21.14520476241487,-156.71406230101474,737391.1713314326,2339926.905081386,3.0,1,0.347941356924238,0.5965191650391155,0.0,0.010438240707727139,False,False,0.2087648141545428,0.1391765427696952,0.695882713848476,2d:area×thick_range×rho,1인,,,molokai_5878_5000_11309.jpg
5878_5000_11309_1398,S087,eps_fragment,Styrofoam_Piece,21.145159263152213,-156.71402781621188,737394.8264983352,2339921.9180708667,3.0,1,0.13082139523031652,0.5088354492187952,0.0,0.003924641856909495,False,False,0.0784928371381899,0.05232855809212661,0.26164279046063305,2d:area×thick_range×rho,1인,,,molokai_5878_5000_11309.jpg
5878_5000_11309_1399,S087,eps_fragment,Styrofoam_Piece,21.145160917405217,-156.7140439521117,737393.1475086669,2339922.077123646,3.0,1,0.402279663086009,0.6436474609375572,0.0,0.012068389892580269,False,False,0.2413677978516054,0.1609118652344036,0.804559326172018,2d:area×thick_range×rho,1인,,,molokai_5878_5000_11309.jpg
5878_5000_11309_1400,S087,eps_fragment,Styrofoam_Piece,21.14516282904094,-156.7140369756108,737393.8692459036,2339922.2992556565,3.0,1,0.185865332710776,0.4332189941406635,0.0,0.00557595998132328,False,False,0.11151919962646559,0.0743461330843104,0.371730665421552,2d:area×thick_range×rho,1인,,,molokai_5878_5000_11309.jpg
5878_5000_11309_1401,S087,eps_fragment,Styrofoam_Piece,21.14519219490388,-156.71408114563988,737389.2336127555,2339925.4851603867,3.0,1,0.12672816917898522,0.36075683593753205,0.0,0.0038018450753695564,False,False,0.07603690150739113,0.05069126767159409,0.25345633835797043,2d:area×thick_range×rho,1인,,,molokai_5878_5000_11309.jpg
5878_5000_11309_1402,S087,eps_fragment,Styrofoam_Piece,21.145234469232847,-156.71408494875666,737388.7710963248,2339930.160941192,3.0,1,0.43897913726818166,0.6822686767578731,0.0,0.01316937411804545,False,False,0.263387482360909,0.17559165490727266,0.8779582745363634,2d:area×thick_range×rho,1인,,,molokai_5878_5000_11309.jpg
5878_5000_11309_1403,S087,plastic_buoy,Plastic_Buoy,21.14523591694948,-156.71397813218212,737399.8659099962,2339930.4810622516,3.0,1,0.4188304829258285,0.6597412109375587,0.0,0.12564914487774853,False,False,7.538948692664912,3.769474346332456,10.051931590219885,2d:area×thick_range×rho,1인,,,molokai_5878_5000_11309.jpg
5878_5000_11309_1404,S087,pet_bottle,PET_Bottle,21.145203835668585,-156.7140332733436,737394.1884806136,2339926.8458790933,3.0,1,0.18813057649883988,0.7606750488281926,0.0,0.011287834589930393,False,False,0.37249854146770295,0.3104154512230858,0.6208309024461716,2d:area×thick_range×rho,1인,,,molokai_5878_5000_11309.jpg
5878_5000_11309_1405,S087,plastic_buoy,Plastic_Buoy,21.145180951010484,-156.71403443926846,737394.1038467969,2339924.309881764,3.0,1,0.31252009712463213,0.6188696289063049,0.0,0.09375602913738963,False,False,5.625361748243378,2.812680874121689,7.500482330991172,2d:area×thick_range×rho,1인,,,molokai_5878_5000_11309.jpg
5878_5000_11309_1406,S087,plastic_other,Plastic_ETC,21.14520296011505,-156.71402444436382,737395.107115481,2339926.76212846,3.0,1,0.45787462598838596,0.6797058105469354,0.0,0.013736238779651579,False,False,1.0988991023721264,0.7325994015814176,3.6629970079070877,2d:area×thick_range×rho,1인,,,molokai_5878_5000_11309.jpg
5878_5000_11309_1407,S087,net,Net,21.14519858196331,-156.7139983103382,737397.8291492296,2339926.3163882904,3.0,1,0.2404354047596882,0.5577832031250496,0.0,0.028852248571162583,False,False,4.327837285674388,1.8032655356976617,10.819593214185968,2d:area×thick_range×rho,1인,절단기,,molokai_5878_5000_11309.jpg
5878_5000_11309_1408,S087,net,Net,21.145228206448216,-156.71398032743656,737399.6501421212,2339929.623915043,3.0,1,0.23546003089774858,0.5113241577148891,0.0,0.02825520370772983,False,False,4.2382805561594745,1.7659502317331146,10.595701390398686,2d:area×thick_range×rho,1인,절단기,,molokai_5878_5000_11309.jpg
5878_5623_7686_1416,S088,eps_buoy,Styrofoam_Buoy,21.145832004108097,-156.71390467896023,737406.5462963366,2339996.6018105964,3.0,1,0.7095705461741755,0.9317089843750828,0.0,0.2483496911609614,False,False,6.208742279024035,2.660889548153158,7.095705461741756,2d:area×thick_range×rho,1인,,,molokai_5878_5623_7686.jpg
5878_5623_7686_1417,S088,eps_fragment,Styrofoam_Piece,21.145854982707103,-156.71392344881932,737404.5596662161,2339999.11838471,3.0,1,0.2199625844002161,0.4742529296875421,0.0,0.006598877532006483,False,False,0.13197755064012964,0.08798503376008643,0.4399251688004322,2d:area×thick_range×rho,1인,,,molokai_5878_5623_7686.jpg
5878_5623_7686_1418,S088,net,Net,21.145852745842856,-156.7139118236104,737405.770965954,2339998.888066656,3.0,1,0.12883170717807912,0.42821411132816306,0.0,0.015459804861369494,False,False,2.3189707292054242,0.9662378038355934,5.79742682301356,2d:area×thick_range×rho,1인,절단기,,molokai_5878_5623_7686.jpg
5878_5651_7296_1420,S088,eps_fragment,Styrofoam_Piece,21.14585497577149,-156.71392349721265,737404.5546497374,2339999.1175442557,3.0,1,0.21283447494510618,0.4672265625000415,0.0,0.006385034248353186,False,False,0.12770068496706372,0.08513378997804247,0.4256689498902124,2d:area×thick_range×rho,1인,,,molokai_5878_5651_7296.jpg
5878_5651_7296_1421,S088,net,Net,21.14585278325284,-156.71391162189852,737405.7918619555,2339998.8925112374,3.0,1,0.14423193521800218,0.42727661132816297,0.0,0.01730783222616026,False,False,2.5961748339240387,1.0817395141350163,6.490437084810098,2d:area×thick_range×rho,1인,절단기,,molokai_5878_5651_7296.jpg
5878_5651_7296_1422,S088,plastic_other,Plastic_ETC,21.145952297357997,-156.71395250509352,737401.3858406236,2340009.8515642495,3.0,1,0.4424379427701555,0.8436289978028093,0.0,0.013273138283104665,False,False,1.0618510626483733,0.7079007084322488,3.539503542161244,2d:area×thick_range×rho,1인,,,molokai_5878_5651_7296.jpg
5878_7643_3426_1427,S089,eps_buoy,Styrofoam_Buoy,21.146598761346148,-156.71346825898397,737450.662494536,2340082.1657531178,3.0,1,1.2110872014167076,1.105355224609473,0.0,0.4238805204958476,False,False,10.597013012396191,4.541577005312654,12.110872014167077,2d:area×thick_range×rho,1인,,,molokai_5878_7643_3426.jpg
5878_7643_3426_1428,S089,eps_buoy,Styrofoam_Buoy,21.146579072572322,-156.71348141750175,737449.3268814104,2340079.96572084,3.0,1,0.8841467649938247,0.9502539062500844,0.0,0.30945136774783866,False,False,7.736284193695966,3.3155503687268424,8.841467649938247,2d:area×thick_range×rho,1인,,,molokai_5878_7643_3426.jpg
5878_7643_3426_1429,S089,eps_fragment,Styrofoam_Piece,21.146595816848915,-156.7134526076751,737452.2931840206,2340081.863100451,3.0,1,0.28872110023503667,0.5657812500000503,0.0,0.0086616330070511,False,False,0.17323266014102198,0.11548844009401467,0.5774422004700733,2d:area×thick_range×rho,1인,,,molokai_5878_7643_3426.jpg
5878_7643_3426_1430,S089,plastic_buoy,Plastic_Buoy,21.146570553640366,-156.71346526766612,737451.0182545047,2340079.0464994167,3.0,1,0.15420105171206352,0.39578125000003517,0.0,0.04626031551361905,False,False,2.775618930817143,1.3878094654085715,3.700825241089525,2d:area×thick_range×rho,1인,,,molokai_5878_7643_3426.jpg
5878_7643_3426_1431,S089,eps_fragment,Styrofoam_Piece,21.14655011153742,-156.71349409642318,737448.055883164,2340076.7395933373,3.0,1,0.3011581314325868,0.5528759765625492,0.0,0.009034743942977604,False,False,0.18069487885955207,0.12046325257303472,0.6023162628651736,2d:area×thick_range×rho,1인,,,molokai_5878_7643_3426.jpg
5878_7777_3800_1434,S089,plastic_buoy,Plastic_Buoy,21.146499243808027,-156.71352965359472,737444.4430377948,2340071.0532760248,3.0,1,0.2297142441876641,0.5009687805176226,0.0,0.06891427325629923,False,False,4.134856395377954,2.067428197688977,5.513141860503938,2d:area×thick_range×rho,1인,,,molokai_5878_7777_3800.jpg
5878_7777_3800_1435,S089,plastic_buoy,Plastic_Buoy,21.146570496573037,-156.71346521235333,737451.0240919066,2340079.0402625375,3.0,1,0.15609731403890045,0.4027416992187858,0.0,0.04682919421167014,False,False,2.8097516527002084,1.4048758263501042,3.746335536933611,2d:area×thick_range×rho,1인,,,molokai_5878_7777_3800.jpg
5878_7777_3800_1436,S089,eps_buoy,Styrofoam_Buoy,21.14657908994197,-156.713481362221,737449.3325967444,2340079.967727085,3.0,1,0.8625713383351122,0.9490307617188343,0.0,0.3018999684172893,False,False,7.547499210432232,3.234642518756671,8.625713383351123,2d:area×thick_range×rho,1인,,,molokai_5878_7777_3800.jpg
5878_7777_3800_1437,S089,eps_buoy,Styrofoam_Buoy,21.146529334239897,-156.7134795748346,737449.5976541647,2340074.4604399386,3.0,1,0.8144521517337816,0.9103662109375809,0.0,0.28505825310682353,False,False,7.126456327670589,3.054195569001681,8.144521517337816,2d:area×thick_range×rho,1인,,,molokai_5878_7777_3800.jpg
5878_7777_3800_1438,S089,eps_fragment,Styrofoam_Piece,21.146550099926152,-156.7134941571087,737448.0495971481,2340076.7382166893,3.0,1,0.2894343747571625,0.545005493164111,0.0,0.008683031242714875,False,False,0.1736606248542975,0.115773749902865,0.578868749514325,2d:area×thick_range×rho,1인,,,molokai_5878_7777_3800.jpg
5878_7777_3800_1439,S089,plastic_buoy,Plastic_Buoy,21.146489781688693,-156.71348980591392,737448.5978534922,2340070.0650677616,3.0,1,0.19044843134883452,0.43736328125003887,0.0,0.05713452940465035,False,False,3.428071764279021,1.7140358821395105,4.570762352372029,2d:area×thick_range×rho,1인,,,molokai_5878_7777_3800.jpg
5878_7777_3800_1440,S089,plastic_other,Plastic_ETC,21.146577785110196,-156.71346163240483,737451.3843813055,2340079.852754727,3.0,1,0.3479795348112158,0.6766346740723257,0.0,0.010439386044336474,False,False,0.8351508835469179,0.5567672556979453,2.7838362784897264,2d:area×thick_range×rho,1인,,,molokai_5878_7777_3800.jpg
6506_9212_13221_1442,S090,plastic_buoy,Plastic_Buoy_China,21.13673546439441,-156.71892548133002,736899.4126571001,2338981.747964526,3.0,1,0.3349303468585275,0.6014013671875234,0.0,0.10047910405755825,False,False,6.028746243453495,3.0143731217267473,8.038328324604661,2d:area×thick_range×rho,1인,,,molokai_6506_9212_13221.jpg
6506_9212_13221_1443,S090,plastic_buoy,Plastic_Buoy,21.13680202825294,-156.7189236553985,736899.4964828229,2338989.121963844,3.0,1,0.15350830722154382,0.42909790039064166,0.0,0.04605249216646314,False,False,2.7631495299877886,1.3815747649938943,3.684199373317052,2d:area×thick_range×rho,1인,,,molokai_6506_9212_13221.jpg
6506_9212_13221_1444,S090,plastic_buoy,Plastic_Buoy_China,21.13673810870162,-156.7189559355191,736896.2444071138,2338981.9953474076,3.0,1,0.32866514084639725,0.5829614257812726,0.0,0.09859954225391918,False,False,5.91597253523515,2.957986267617575,7.8879633803135345,2d:area×thick_range×rho,1인,,,molokai_6506_9212_13221.jpg
6506_9212_13221_1445,S090,eps_buoy,Styrofoam_Buoy,21.136775662925434,-156.7189150415916,736900.4333537706,2338986.215125049,3.0,1,1.1288621294439718,1.1887097167969212,0.0,0.3951017453053901,False,False,9.877543632634753,4.233232985414894,11.288621294439718,2d:area×thick_range×rho,1인,,,molokai_6506_9212_13221.jpg
6506_9212_13221_1446,S090,net,Net,21.13673328650594,-156.71890592348717,736901.4480872855,2338981.53597228,3.0,1,0.17747605404855202,0.4223852539062664,0.0,0.02129712648582624,False,False,3.194568972873936,1.33107040536414,7.986422432184841,2d:area×thick_range×rho,1인,절단기,,molokai_6506_9212_13221.jpg
6507_-187_3956_1452,S091,eps_buoy,Styrofoam_Buoy,21.13844120758541,-156.71839116209264,736952.2118905497,2339171.439321048,3.0,1,1.187867018223104,1.143425292968892,0.0,0.41575345637808636,False,False,10.39383640945216,4.454501318336639,11.878670182231039,2d:area×thick_range×rho,1인,,,molokai_6507_-187_3956.jpg
6507_-187_3956_1453,S091,plastic_buoy,Plastic_Buoy,21.13841868004234,-156.71841522607752,736949.7476302925,2339168.9087003116,3.0,1,0.2668345573545165,0.5193847656250645,0.0,0.08005036720635494,False,False,4.803022032381296,2.401511016190648,6.404029376508396,2d:area×thick_range×rho,1인,,,molokai_6507_-187_3956.jpg
6507_-187_3956_1454,S091,net,Net,21.138481186858872,-156.71833612445383,736957.8663584978,2339175.94878351,3.0,1,0.24993547791248807,0.571943359375071,0.0,0.029992257349498567,False,False,4.498838602424785,1.8745160843436606,11.247096506061963,2d:area×thick_range×rho,1인,절단기,,molokai_6507_-187_3956.jpg
6507_-187_3956_1455,S091,eps_fragment,Styrofoam_Piece,21.138444469604224,-156.71840570829815,736950.6954363183,2339171.778842619,3.0,1,0.35642092633256234,0.5977905273438242,0.0,0.01069262778997687,False,False,0.2138525557995374,0.14256837053302493,0.7128418526651247,2d:area×thick_range×rho,1인,,,molokai_6507_-187_3956.jpg
6507_-187_3956_1456,S091,pet_bottle,PET_Bottle,21.138437008646044,-156.7183575684286,736955.7087529782,2339171.0244790157,3.0,1,0.12584387075904158,0.5206420898438147,0.0,0.007550632245542494,False,False,0.24917086410290232,0.2076423867524186,0.4152847735048372,2d:area×thick_range×rho,1인,,,molokai_6507_-187_3956.jpg
6507_-187_3956_1457,S091,eps_fragment,Styrofoam_Piece,21.13839344568429,-156.71841397582688,736949.9176748814,2339166.116115392,3.0,1,0.3078151704639961,0.7905737304688482,0.0,0.009234455113919883,False,False,0.18468910227839766,0.12312606818559843,0.6156303409279922,2d:area×thick_range×rho,1인,,,molokai_6507_-187_3956.jpg
6507_-187_3956_1458,S091,net,Net,21.13844374025958,-156.71839745295097,736951.5542780822,2339171.7103983867,3.0,1,0.2395901566744446,0.5606689453125696,0.0,0.028750818800933352,False,False,4.312622820140003,1.7969261750583345,10.781557050350008,2d:area×thick_range×rho,1인,절단기,,molokai_6507_-187_3956.jpg
6507_127_3840_1465,S091,eps_buoy,Styrofoam_Buoy,21.138441060726656,-156.71838930848182,736952.4047033252,2339171.42582495,3.0,1,0.772671481322689,1.1703369140626454,0.0,0.27043501846294116,False,False,6.760875461573529,2.897518054960084,7.7267148132268915,2d:area×thick_range×rho,1인,,,molokai_6507_127_3840.jpg
6507_127_3840_1466,S091,net,Net,21.13848117383748,-156.71833619352884,736957.859202738,2339175.9472384057,3.0,1,0.22948066524272898,0.5472509765625679,0.0,0.027537679829127477,False,False,4.130651974369122,1.7211049893204675,10.326629935922803,2d:area×thick_range×rho,1인,절단기,,molokai_6507_127_3840.jpg
6507_127_3840_1467,S091,eps_buoy,Styrofoam_Buoy,21.138406364713045,-156.71835196247466,736956.3399378164,2339167.63934024,3.0,1,0.7060615494849052,1.375927734375171,0.0,0.2471215423197168,False,False,6.17803855799292,2.6477308105683943,7.060615494849053,2d:area×thick_range×rho,1인,,,molokai_6507_127_3840.jpg
6507_127_3840_1468,S091,plastic_other,Plastic_ETC,21.138407493822708,-156.71832944300604,736958.6777801889,2339167.797995057,3.0,1,2.156667496242165,2.5969470214846977,0.0,0.06470002488726494,False,False,5.176001990981195,3.4506679939874636,17.253339969937322,2d:area×thick_range×rho,1인,,,molokai_6507_127_3840.jpg
656_13945_5167_1479,S092,plastic_buoy,Plastic_Buoy_China,21.21761163924305,-157.2374412794414,682935.2556761455,2347250.1802865383,3.0,1,0.2077723410934145,0.49610839843749227,0.0,0.062331702328024347,False,False,3.739902139681461,1.8699510698407305,4.986536186241948,2d:area×thick_range×rho,1인,,,molokai_656_13945_5167.jpg
656_13945_5167_1480,S092,plastic_buoy,Plastic_Buoy_China,21.217610891023543,-157.2374264137478,682936.7998647571,2347250.1146349693,3.0,1,0.2124700662270122,0.4814819335937425,0.0,0.06374101986810365,False,False,3.8244611920862193,1.9122305960431096,5.099281589448293,2d:area×thick_range×rho,1인,,,molokai_656_13945_5167.jpg
656_13945_5167_1481,S092,net,Net,21.217585640224964,-157.23744664496004,682934.7307175137,2347247.2956148074,3.0,1,0.172478678822512,0.4166259765624935,0.0,0.02069744145870144,False,False,3.1046162188052158,1.29359009116884,7.76154054701304,2d:area×thick_range×rho,1인,절단기,,molokai_656_13945_5167.jpg
656_13945_5167_1482,S092,pet_bottle,PET_Bottle,21.217529698552884,-157.23739343552054,682940.32357776,2347241.1635795888,3.0,1,0.19311413972377175,0.4937426757812423,0.0,0.011586848383426305,False,False,0.3823659966530681,0.3186383305442234,0.6372766610884468,2d:area×thick_range×rho,1인,,,molokai_656_13945_5167.jpg
656_13945_5167_1483,S092,plastic_buoy,Plastic_Buoy_China,21.21762788855856,-157.2374726079273,682931.9833077902,2347251.9431010066,3.0,1,0.3922535607777414,0.6443939208984275,0.0,0.11767606823332241,False,False,7.060564093999345,3.5302820469996723,9.414085458665793,2d:area×thick_range×rho,1인,,,molokai_656_13945_5167.jpg
656_13945_5167_1484,S092,net,Net,21.21756719453972,-157.23747096798965,682932.2283911486,2347245.2252889834,3.0,1,0.18164129281639488,0.4405419921874931,0.0,0.021796955137967384,False,False,3.2695432706951078,1.3623096961229615,8.17385817673777,2d:area×thick_range×rho,1인,절단기,,molokai_656_13945_5167.jpg
656_13945_5167_1485,S092,plastic_buoy,Plastic_Buoy_China,21.217586730710718,-157.2374978488465,682929.41369556,2347247.357148646,3.0,1,0.27239186990912156,0.5241271972656169,0.0,0.08171756097273647,False,False,4.903053658364188,2.451526829182094,6.5374048778189175,2d:area×thick_range×rho,1인,,,molokai_656_13945_5167.jpg
656_13945_5167_1486,S092,net,Net,21.217627491003128,-157.2374773146728,682931.4951722948,2347251.8936442086,3.0,1,0.25046260260044745,0.5573425292968663,0.0,0.03005551231205369,False,False,4.508326846808053,1.878469519503356,11.270817117020135,2d:area×thick_range×rho,1인,절단기,,molokai_656_13945_5167.jpg
656_13945_5167_1487,S092,net,Net,21.21758430628228,-157.23743108103494,682936.3481147615,2347247.165922389,3.0,1,0.16664348298310713,0.4100268554687436,0.0,0.019997217957972855,False,False,2.9995826936959284,1.2498261223733036,7.498956734239821,2d:area×thick_range×rho,1인,절단기,,molokai_656_13945_5167.jpg
656_13945_5167_1488,S092,pet_bottle,PET_Bottle,21.217577728196108,-157.23744340500133,682935.0768259956,2347246.423384367,3.0,1,0.27816309224366276,0.5779895019531159,0.0,0.016689785534619764,False,False,0.5507629226424522,0.45896910220204357,0.9179382044040871,2d:area×thick_range×rho,1인,,,molokai_656_13945_5167.jpg
657_13079_5960_1499,S093,net,Net,21.217386558511663,-157.2347072136871,683219.3678912532,2347228.424028732,3.0,1,0.22748891907041957,0.5669885253906954,0.0,0.027298670288450348,False,False,4.094800543267552,1.7061668930281468,10.23700135816888,2d:area×thick_range×rho,1인,절단기,,molokai_657_13079_5960.jpg
657_13079_5960_1500,S093,plastic_buoy,Plastic_Buoy,21.21738642203659,-157.23471146428844,683218.9267870171,2347228.4039969887,3.0,1,0.2128070885837607,0.4903979492188109,0.0,0.06384212657512821,False,False,3.8305275945076924,1.9152637972538462,5.107370126010258,2d:area×thick_range×rho,1인,,,molokai_657_13079_5960.jpg
657_13079_5960_1501,S093,plastic_buoy,Plastic_Buoy,21.217364020265933,-157.23469700678294,683220.4553457375,2347225.9405344627,3.0,1,0.24739491440063902,0.5099462890625633,0.0,0.0742184743201917,False,False,4.453108459211502,2.226554229605751,5.937477945615337,2d:area×thick_range×rho,1인,,,molokai_657_13079_5960.jpg
657_13079_5960_1502,S093,eps_buoy,Styrofoam_Buoy,21.217408547918836,-157.23466900731697,683223.3070993776,2347230.9028190086,3.0,1,1.817917677480434,1.6144763183595756,0.0,0.6362711871181519,False,False,15.906779677953796,6.817191290551627,18.17917677480434,2d:area×thick_range×rho,1인,,,molokai_657_13079_5960.jpg
657_13079_5960_1503,S093,pet_bottle,PET_Bottle,21.217360447166172,-157.23469620260133,683220.5432437096,2347225.54587128,3.0,1,0.34768154106148774,0.5915820312500735,0.0,0.020860892463689263,False,False,0.6884094513017457,0.5736745427514548,1.1473490855029096,2d:area×thick_range×rho,1인,,,molokai_657_13079_5960.jpg
657_13079_5960_1504,S093,plastic_buoy,Plastic_Buoy,21.21738488658624,-157.23467423891816,683222.7932052021,2347228.2771054693,3.0,1,0.1674053425193249,0.4127990722656763,0.0,0.05022160275579747,False,False,3.0132961653478483,1.5066480826739241,4.017728220463797,2d:area×thick_range×rho,1인,,,molokai_657_13079_5960.jpg
657_13079_5960_1505,S093,net,Net,21.217373325652186,-157.23471681758437,683218.3872116882,2347226.9478369625,3.0,1,0.2298416252196406,0.5036169433594375,0.0,0.027580995026356872,False,False,4.137149253953531,1.7238121891473046,10.342873134883826,2d:area×thick_range×rho,1인,절단기,,molokai_657_13079_5960.jpg
657_13079_5960_1506,S093,eps_fragment,Styrofoam_Piece,21.217402036579973,-157.234682029599,683221.9632428439,2347230.1668392154,3.0,1,0.20983235842292752,0.4642614746094327,0.0,0.006294970752687826,False,False,0.1258994150537565,0.08393294336917101,0.41966471684585505,2d:area×thick_range×rho,1인,,,molokai_657_13079_5960.jpg
657_13079_5960_1507,S093,net,Net,21.21738663867211,-157.23470317278722,683219.7872950423,2347228.437582811,3.0,1,0.16069481563572108,0.42414550781255267,0.0,0.01928337787628653,False,False,2.8925066814429794,1.205211117267908,7.2312667036074485,2d:area×thick_range×rho,1인,절단기,,molokai_657_13079_5960.jpg
657_13079_5960_1508,S093,plastic_buoy,Plastic_Buoy,21.21736569305551,-157.23471748317522,683218.3275394277,2347226.1020262074,3.0,1,0.15640599126223637,0.4041223144531752,0.0,0.04692179737867091,False,False,2.8153078427202547,1.4076539213601273,3.7537437902936728,2d:area×thick_range×rho,1인,,,molokai_657_13079_5960.jpg
657_13079_5960_1509,S093,plastic_buoy,Plastic_Buoy_China,21.217469909146637,-157.2347008622079,683219.9243336688,2347237.6595174232,3.0,1,0.13754762317914207,0.5485644531250682,0.0,0.04126428695374262,False,False,2.475857217224557,1.2379286086122785,3.30114295629941,2d:area×thick_range×rho,1인,,,molokai_657_13079_5960.jpg
658_10252_3904_1519,S094,plastic_buoy,Plastic_Buoy,21.217777147099426,-157.23233240476716,683465.4238959828,2347274.4196886797,3.0,1,0.34025025018015015,0.6180963134766393,0.0,0.10207507505404505,False,False,6.124504503242703,3.0622522516213513,8.166006004323604,2d:area×thick_range×rho,1인,,,molokai_658_10252_3904.jpg
658_10252_3904_1520,S094,plastic_buoy,Plastic_Buoy_China,21.217808068861643,-157.23239790585302,683458.5857284191,2347277.7672346104,3.0,1,0.21571199983829403,0.48744995117193557,0.0,0.0647135999514882,False,False,3.8828159970892924,1.9414079985446462,5.177087996119058,2d:area×thick_range×rho,1인,,,molokai_658_10252_3904.jpg
658_10252_3904_1521,S094,plastic_other,Plastic_ETC,21.21776058426275,-157.2323752350353,683460.9979946251,2347272.5362766637,3.0,1,0.22188674195712357,0.4755590820313091,0.0,0.006656602258713707,False,False,0.5325281806970965,0.3550187871313977,1.7750939356569886,2d:area×thick_range×rho,1인,,,molokai_658_10252_3904.jpg
658_10252_3904_1522,S094,pet_bottle,PET_Bottle,21.217774053160614,-157.2323723215882,683461.2837960927,2347274.030860163,3.0,1,0.18950691099022565,0.514808349609439,0.0,0.011370414659413538,False,False,0.37522368376064674,0.31268640313387236,0.6253728062677447,2d:area×thick_range×rho,1인,,,molokai_658_10252_3904.jpg
658_10252_3904_1523,S094,plastic_buoy,Plastic_Buoy,21.2177384896768,-157.23239580686283,683458.8896713493,2347270.0662278417,3.0,1,0.12289525262641979,0.35151977539066864,0.0,0.036868575787925933,False,False,2.212114547275556,1.106057273637778,2.949486063034075,2d:area×thick_range×rho,1인,,,molokai_658_10252_3904.jpg
658_10252_3904_1524,S094,pet_bottle,PET_Bottle,21.217754360252336,-157.23237814486572,683460.7036097848,2347271.843813115,3.0,1,0.14049534212354337,0.4410534667969298,0.0,0.008429720527412601,False,False,0.27818077740461583,0.23181731450384657,0.46363462900769314,2d:area×thick_range×rho,1인,,,molokai_658_10252_3904.jpg
658_10252_3904_1525,S094,pet_bottle,PET_Bottle,21.217798869738008,-157.23239765931794,683458.6226974203,2347276.7490419922,3.0,1,0.18471102510546267,0.49080688476568596,0.0,0.01108266150632776,False,False,0.36572782970881607,0.30477319142401343,0.6095463828480269,2d:area×thick_range×rho,1인,,,molokai_658_10252_3904.jpg
658_10252_3904_1526,S094,plastic_buoy,Plastic_Buoy,21.21775625428972,-157.23238885855704,683459.5890361497,2347272.0410885555,3.0,1,0.08692388473155274,0.29764770507816196,0.0,0.026077165419465823,False,False,1.5646299251679494,0.7823149625839747,2.0861732335572656,2d:area×thick_range×rho,1인,,,molokai_658_10252_3904.jpg
660_-38_6770_1528,S095,plastic_other,Plastic_ETC,21.21715177142765,-157.22861440248934,683852.1799148922,2347209.4969353103,3.0,1,0.7876676274480392,0.9230303955079272,0.0,0.023630028823441174,False,False,1.890402305875294,1.260268203916863,6.3013410195843145,2d:area×thick_range×rho,1인,,,molokai_660_-38_6770.jpg
660_13942_7636_1535,S096,plastic_buoy,Plastic_Buoy,21.216963138932826,-157.22591424058865,684132.7304409051,2347191.7522989823,3.0,1,0.1216552896023099,0.3616845703125449,0.0,0.03649658688069297,False,False,2.189795212841578,1.094897606420789,2.9197269504554377,2d:area×thick_range×rho,1인,,,molokai_660_13942_7636.jpg
660_13942_7636_1536,S096,plastic_buoy,Plastic_Buoy,21.21699639240847,-157.2258339267363,684141.0269413625,2347195.527421357,3.0,1,0.13807685030702208,0.5190649414063144,0.0,0.04142305509210662,False,False,2.485383305526397,1.2426916527631986,3.31384440736853,2d:area×thick_range×rho,1인,,,molokai_660_13942_7636.jpg
660_13942_7636_1537,S096,plastic_other,Plastic_ETC,21.217017889789314,-157.2258938415379,684134.7802161997,2347197.837778996,3.0,1,0.3332060131371849,0.6386010742188293,0.0,0.009996180394115546,False,False,0.7996944315292437,0.5331296210194959,2.6656481050974796,2d:area×thick_range×rho,1인,,,molokai_660_13942_7636.jpg
660_13942_7636_1538,S096,plastic_other,Plastic_ETC,21.217067815086047,-157.22591688753846,684132.3257399006,2347203.3384396927,3.0,1,0.3231500999134837,0.6389166259766419,0.0,0.00969450299740451,False,False,0.7755602397923609,0.5170401598615739,2.5852007993078696,2d:area×thick_range×rho,1인,,,molokai_660_13942_7636.jpg
660_13942_7636_1539,S096,pet_bottle,PET_Bottle,21.216965746155314,-157.22591723450356,684132.4163923631,2347192.0374736134,3.0,1,0.34666456017502817,0.6889257812500856,0.0,0.02079987361050169,False,False,0.6863958291465558,0.5719965242887964,1.1439930485775929,2d:area×thick_range×rho,1인,,,molokai_660_13942_7636.jpg
660_14259_7754_1544,S096,plastic_buoy,Plastic_Buoy,21.216996295622298,-157.22583295565036,684141.1278746166,2347195.517835783,3.0,1,0.22064457598930118,0.48837646484381064,0.0,0.06619337279679036,False,False,3.9716023678074213,1.9858011839037106,5.295469823743229,2d:area×thick_range×rho,1인,,,molokai_660_14259_7754.jpg
660_14259_7754_1545,S096,plastic_buoy,Plastic_Buoy,21.21701785325922,-157.22589274673416,684134.8939183926,2347197.8350086096,3.0,1,0.1962206698643531,0.5102697753906884,0.0,0.05886620095930593,False,False,3.5319720575583555,1.7659860287791778,4.709296076744475,2d:area×thick_range×rho,1인,,,molokai_660_14259_7754.jpg
660_14259_7754_1546,S096,net,Net,21.2170421677583,-157.2258323795155,684141.130753653,2347200.5972402673,3.0,1,0.32130784956820846,0.635715332031329,0.0,0.038556941948185014,False,False,5.783541292227752,2.4098088717615633,14.45885323056938,2d:area×thick_range×rho,1인,절단기,,molokai_660_14259_7754.jpg
660_14259_7754_1547,S096,net,Net,21.21704079841081,-157.22580717089707,684143.7494811036,2347200.4749699133,3.0,1,0.28204928704190557,0.5573217773438193,0.0,0.033845914445028664,False,False,5.076887166754299,2.115369652814292,12.69221791688575,2d:area×thick_range×rho,1인,절단기,,molokai_660_14259_7754.jpg
660_14259_7754_1548,S096,plastic_buoy,Plastic_Buoy,21.216986326116036,-157.2258502459129,684139.3452618688,2347194.3939402453,3.0,1,0.07975904903413847,0.30072265625003736,0.0,0.02392771471024154,False,False,1.4356628826144924,0.7178314413072462,1.9142171768193235,2d:area×thick_range×rho,1인,,,molokai_660_14259_7754.jpg
660_14259_7754_1549,S096,pet_bottle,PET_Bottle,21.216956635406394,-157.22587793780252,684136.5072809731,2347191.0745070586,3.0,1,0.1470787321366735,0.4487240600586495,0.0,0.00882472392820041,False,False,0.2912158896306135,0.2426799080255113,0.4853598160510226,2d:area×thick_range×rho,1인,,,molokai_660_14259_7754.jpg
667_10167_8235_1554,S097,plastic_buoy,Plastic_Buoy,21.216704380643602,-157.2063968651089,686159.2566959825,2347185.9411603925,3.0,1,1.1653556533101117,1.0832128906251346,0.0,0.3496066959930335,False,False,20.97640175958201,10.488200879791005,27.96853567944268,2d:area×thick_range×rho,2인,,,molokai_667_10167_8235.jpg
667_14644_9898_1557,S098,plastic_other,Plastic_ETC,21.216394213693185,-157.20555934701565,686246.5937196194,2347152.586322864,3.0,1,0.39407721646884936,0.66429626464852,0.0,0.01182231649406548,False,False,0.9457853195252385,0.630523546350159,3.1526177317507953,2d:area×thick_range×rho,1인,,,molokai_667_14644_9898.jpg
667_14644_9898_1558,S098,plastic_other,Plastic_ETC,21.216398400738,-157.20556661389634,686245.8340444445,2347153.0413418985,3.0,1,0.28167371698028887,0.531501464843816,0.0,0.008450211509408665,False,False,0.6760169207526933,0.4506779471684622,2.253389735842311,2d:area×thick_range×rho,1인,,,molokai_667_14644_9898.jpg
667_9834_8179_1559,S097,net,Net,21.216736624185287,-157.20645363709428,686153.3224086422,2347189.444240494,3.0,1,0.13500494348559156,0.3807971191406723,0.0,0.016200593218270987,False,False,2.430088982740648,1.0125370761419368,6.07522245685162,2d:area×thick_range×rho,1인,절단기,,molokai_667_9834_8179.jpg
667_9834_8179_1560,S097,plastic_buoy,Plastic_Buoy,21.21672538235481,-157.20650903433452,686147.5854022659,2347188.1344190156,3.0,1,0.26508646378859013,0.5637853240967498,0.0,0.07952593913657703,False,False,4.771556348194622,2.385778174097311,6.362075130926163,2d:area×thick_range×rho,1인,,,molokai_667_9834_8179.jpg
6716_1402_14297_1567,S099,plastic_buoy,Plastic_Buoy_China,21.133893188357206,-156.72099095264176,736689.336889327,2338663.9140419983,3.0,1,0.4868917870522755,0.7046093750000876,0.0,0.14606753611568263,False,False,8.764052166940958,4.382026083470479,11.685402889254611,2d:area×thick_range×rho,1인,,,molokai_6716_1402_14297.jpg
6716_1402_14297_1568,S099,eps_fragment,Styrofoam_Piece,21.133844554579994,-156.721030114462,736685.345368553,2338658.469967788,3.0,1,0.29706223754890193,0.6721875000000835,0.0,0.008911867126467058,False,False,0.17823734252934115,0.11882489501956077,0.5941244750978039,2d:area×thick_range×rho,1인,,,molokai_6716_1402_14297.jpg
6716_5012_10945_1571,S100,pet_bottle,PET_Bottle,21.134541527742297,-156.7202998656475,736760.1082777459,2338736.7414435185,3.0,1,0.19573758240347003,0.5770288085938217,0.0,0.011744254944208202,False,False,0.3875604131588707,0.32296701096572555,0.6459340219314511,2d:area×thick_range×rho,1인,,,molokai_6716_5012_10945.jpg
6716_8253_7922_1572,S101,eps_fragment,Styrofoam_Piece,21.13506564398401,-156.7196801149121,736823.6649817419,2338795.7063471284,3.0,1,0.21249958507721936,0.46158447265630737,0.0,0.006374987552316581,False,False,0.12749975104633163,0.08499983403088775,0.4249991701544387,2d:area×thick_range×rho,1인,,,molokai_6716_8253_7922.jpg
6716_8253_7922_1573,S101,eps_fragment,Styrofoam_Piece,21.135037797761026,-156.71972138023818,736819.4219408375,2338792.5611046646,3.0,1,0.5769317505256775,0.7905950927735357,0.0,0.017307952515770324,False,False,0.3461590503154065,0.23077270021027102,1.153863501051355,2d:area×thick_range×rho,1인,,,molokai_6716_8253_7922.jpg
6716_9093_2931_1575,S102,eps_buoy,Styrofoam_Buoy,21.13594260018778,-156.71955584246098,736835.1819696991,2338893.0057246136,3.0,1,0.916971595097561,1.039196777343879,0.0,0.32094005828414635,False,False,8.02350145710366,3.4386434816158538,9.16971595097561,2d:area×thick_range×rho,1인,,,molokai_6716_9093_2931.jpg
6716_9093_2931_1576,S102,plastic_buoy,Plastic_Buoy,21.135989457024863,-156.71953891709123,736836.8659331362,2338898.21989414,3.0,1,0.10285745599272422,0.3601367187500447,0.0,0.030857236797817267,False,False,1.851434207869036,0.925717103934518,2.4685789438253813,2d:area×thick_range×rho,1인,,,molokai_6716_9093_2931.jpg
6716_9093_2931_1577,S102,pet_bottle,PET_Bottle,21.135907867378407,-156.71951823808607,736839.1441343578,2338889.2155199614,3.0,1,0.1688882716298523,0.5645874023438201,0.0,0.010133296297791137,False,False,0.33439877782710753,0.27866564818925627,0.5573312963785125,2d:area×thick_range×rho,1인,,,molokai_6716_9093_2931.jpg
6716_9286_1856_1583,S103,eps_fragment,Styrofoam_Piece,21.13612631241507,-156.71949055246148,736841.673181676,2338913.447394836,3.0,1,0.3032584296912708,0.5853576660156977,0.0,0.009097752890738125,False,False,0.18195505781476248,0.12130337187650832,0.6065168593825416,2d:area×thick_range×rho,1인,,,molokai_6716_9286_1856.jpg
6716_9286_1856_1584,S102,net,Net,21.136087199546783,-156.71946256854926,736844.6427850554,2338909.1577917174,3.0,1,0.1395767166138042,0.5173437500000643,0.0,0.016749205993656504,False,False,2.5123808990484755,1.0468253746035316,6.2809522476211885,2d:area×thick_range×rho,1인,절단기,,molokai_6716_9286_1856.jpg
6716_9286_1856_1585,S102,net,Net,21.13610831423919,-156.71950198148642,736840.5143770645,2338911.437228327,3.0,1,0.2393751242101787,0.49076660156256097,0.0,0.028725014905221443,False,False,4.308752235783216,1.7953134315763404,10.771880589458041,2d:area×thick_range×rho,1인,절단기,,molokai_6716_9286_1856.jpg
6716_9286_1856_1586,S103,net,Net,21.13614815134184,-156.7194403580303,736846.8534325913,2338915.940721549,3.0,1,0.3391059924066909,0.6704589843750833,0.0,0.04069271908880291,False,False,6.103907863320437,2.5432949430501823,15.25976965830109,2d:area×thick_range×rho,1인,절단기,,molokai_6716_9286_1856.jpg
6716_9465_4122_1594,S104,net,Net,21.13566809340402,-156.7194424264233,736847.4019360001,2338862.7760908017,3.0,1,0.3032870917321005,0.5726196289063211,0.0,0.03639445100785206,False,False,5.459167651177809,2.274653187990754,13.647919127944522,2d:area×thick_range×rho,1인,절단기,,molokai_6716_9465_4122.jpg
6716_9465_4122_1595,S104,net,Net,21.135689953293117,-156.71951605345294,736839.7176280118,2338865.0870069205,3.0,1,0.22699282757608272,0.5117048645020167,0.0,0.027239139309129926,False,False,4.085870896369489,1.7024462068206205,10.214677240923722,2d:area×thick_range×rho,1인,절단기,,molokai_6716_9465_4122.jpg
6716_9465_4122_1596,S104,plastic_buoy,Plastic_Buoy_China,21.135675286154072,-156.71949403958328,736842.0281019777,2338863.495612479,3.0,1,0.23478379556542506,0.48565429687506034,0.0,0.07043513866962751,False,False,4.226108320177651,2.1130541600888253,5.634811093570201,2d:area×thick_range×rho,1인,,,molokai_6716_9465_4122.jpg
6716_9465_4122_1597,S104,plastic_other,Plastic_ETC,21.13568559173648,-156.7195194074202,736839.3761001383,2338864.599005092,3.0,1,1.1048227682019536,1.0830636596681034,0.0,0.03314468304605861,False,False,2.6515746436846888,1.7677164291231255,8.838582145615629,2d:area×thick_range×rho,1인,,,molokai_6716_9465_4122.jpg
6716_9636_3432_1604,S102,pet_bottle,PET_Bottle,21.13587540261013,-156.71945236658348,736846.0395291089,2338885.7186510987,3.0,1,0.16509795035127928,0.547590332031318,0.0,0.009905877021076757,False,False,0.326893941695533,0.27241161807961084,0.5448232361592217,2d:area×thick_range×rho,1인,,,molokai_6716_9636_3432.jpg
6925_11530_4018_1607,S105,eps_fragment,Styrofoam_Piece,21.13305807361321,-156.72177169875542,736609.5461871066,2338570.269946213,3.0,1,0.32353874689951845,0.5734204101563848,0.0,0.009706162406985554,False,False,0.19412324813971107,0.12941549875980737,0.6470774937990369,2d:area×thick_range×rho,1인,,,molokai_6925_11530_4018.jpg
6925_11530_4018_1608,S105,eps_buoy,Styrofoam_Buoy,21.13302783782252,-156.72174005262747,736612.8821711929,2338566.968805251,3.0,1,0.732636268280791,0.8569885253908265,0.0,0.2564226938982768,False,False,6.4105673474569205,2.7473860060529662,7.32636268280791,2d:area×thick_range×rho,1인,,,molokai_6925_11530_4018.jpg
6925_11775_4768_1611,S106,net,Net,21.132924138068915,-156.72169305587374,736617.9297438108,2338555.555165334,3.0,1,0.05012214415075751,0.3150976562500741,0.0,0.006014657298090901,False,False,0.9021985947136352,0.37591608113068137,2.2554964867840877,2d:area×thick_range×rho,1인,절단기,,molokai_6925_11775_4768.jpg
6925_11855_3929_1618,S105,plastic_other,Plastic_ETC,21.13303331977465,-156.72171321316762,736615.6620199,2338567.6158732744,3.0,1,0.5525727921697114,0.7649694824220549,0.0,0.016577183765091343,False,False,1.3261747012073075,0.8841164674715384,4.420582337357692,2d:area×thick_range×rho,1인,,,molokai_6925_11855_3929.jpg
6925_11855_3929_1619,S105,eps_fragment,Styrofoam_Piece,21.133058009475874,-156.72177129418458,736609.5883229277,2338570.263446578,3.0,1,0.24705686210452088,0.5403674316407521,0.0,0.0074117058631356265,False,False,0.14823411726271252,0.09882274484180836,0.4941137242090418,2d:area×thick_range×rho,1인,,,molokai_6925_11855_3929.jpg
6925_11855_3929_1620,S105,plastic_buoy,Plastic_Buoy,21.133102835316134,-156.72168681829342,736618.2939627058,2338575.353339168,3.0,1,0.21115322735915573,0.4746435546876116,0.0,0.06334596820774671,False,False,3.8007580924648026,1.9003790462324013,5.067677456619737,2d:area×thick_range×rho,1인,,,molokai_6925_11855_3929.jpg
6925_11855_3929_1621,S105,eps_buoy,Styrofoam_Buoy,21.13302788759739,-156.7217400767687,736612.8795839137,2338566.9742813283,3.0,1,0.7055614780488948,0.8496691894533247,0.0,0.24694651731711317,False,False,6.173662932927829,2.645855542683355,7.055614780488948,2d:area×thick_range×rho,1인,,,molokai_6925_11855_3929.jpg
6925_11855_3929_1622,S105,eps_fragment,Styrofoam_Piece,21.133064887609887,-156.72171138142463,736615.8021902328,2338571.114415398,3.0,1,0.39401652013081956,0.6476342773439022,0.0,0.011820495603924586,False,False,0.2364099120784917,0.15760660805232782,0.7880330402616392,2d:area×thick_range×rho,1인,,,molokai_6925_11855_3929.jpg
6925_11855_3929_1623,S105,plastic_buoy,Plastic_Buoy,21.13301734476989,-156.72174191978618,736612.7048450973,2338565.8040253012,3.0,1,0.23267494883548234,0.5776171875001358,0.0,0.0698024846506447,False,False,4.188149079038682,2.094074539519341,5.584198772051576,2d:area×thick_range×rho,1인,,,molokai_6925_11855_3929.jpg
6925_12230_3473_1628,S105,eps_buoy,Styrofoam_Buoy,21.133161187349188,-156.72166992992467,736619.9559330414,2338581.840394446,3.0,1,1.6972256477654508,1.328285827637031,0.0,0.5940289767179078,False,False,14.850724417947694,6.364596179120441,16.97225647765451,2d:area×thick_range×rho,1인,,,molokai_6925_12230_3473.jpg
6925_12230_3473_1629,S105,plastic_buoy,Plastic_Buoy,21.13310283017285,-156.72168681740274,736618.2940634126,2338575.3527709288,3.0,1,0.21305490913252118,0.4701220703126105,0.0,0.06391647273975636,False,False,3.8349883643853815,1.9174941821926907,5.113317819180509,2d:area×thick_range×rho,1인,,,molokai_6925_12230_3473.jpg
6925_12230_3473_1630,S105,plastic_buoy,Plastic_Buoy,21.13314070070102,-156.72168633091002,736618.2844531327,2338579.547266596,3.0,1,0.13985887473157663,0.3747061157227443,0.0,0.041957662419472984,False,False,2.517459745168379,1.2587298725841896,3.3566129935578393,2d:area×thick_range×rho,1인,,,molokai_6925_12230_3473.jpg
6925_12230_3473_1631,S105,eps_fragment,Styrofoam_Piece,21.133139604364185,-156.72167914060117,736619.0332501599,2338579.4365744274,3.0,1,0.29479367220788155,0.5490493774415354,0.0,0.008843810166236447,False,False,0.17687620332472895,0.11791746888315262,0.5895873444157631,2d:area×thick_range×rho,1인,,,molokai_6925_12230_3473.jpg
6925_12230_3473_1632,S105,plastic_buoy,Plastic_Buoy,21.13318081504465,-156.721656572647,736621.3125431836,2338584.033866206,3.0,1,0.19144336837911666,0.48815612792980223,0.0,0.05743301051373499,False,False,3.4459806308240997,1.7229903154120498,4.5946408410988,2d:area×thick_range×rho,1인,,,molokai_6925_12230_3473.jpg
6925_12230_3473_1633,S105,eps_buoy,Styrofoam_Buoy,21.13318840967245,-156.721650687741,736621.911906431,2338584.883663472,3.0,1,0.4641679674355633,0.7314801025392345,0.0,0.16245878860244714,False,False,4.061469715061179,1.7406298778833622,4.6416796743556334,2d:area×thick_range×rho,1인,,,molokai_6925_12230_3473.jpg
6926_-118_936_1637,S107,eps_fragment,Styrofoam_Piece,21.13360463316668,-156.72135099633644,736652.387845891,2338631.422806048,3.0,1,0.43351824022625,0.7007931518556222,0.0,0.0130055472067875,False,False,0.26011094413575,0.1734072960905,0.8670364804525,2d:area×thick_range×rho,1인,,,molokai_6926_-118_936.jpg
6926_282_587_1639,S107,eps_fragment,Styrofoam_Piece,21.133707551449508,-156.72121139362966,736666.7286647256,2338643.028041113,3.0,1,0.4978996396648083,0.7824731445314214,0.0,0.014936989189944249,False,False,0.298739783798885,0.19915985586592333,0.9957992793296166,2d:area×thick_range×rho,1인,,,molokai_6926_282_587.jpg
7135_6719_4832_1643,S108,plastic_buoy,Plastic_Buoy_China,21.130248773751205,-156.7229647415627,736490.051572572,2338257.391725039,3.0,1,0.2904369226367003,0.6575463867188317,0.0,0.08713107679101008,False,False,5.227864607460605,2.6139323037303024,6.970486143280807,2d:area×thick_range×rho,1인,,,molokai_7135_6719_4832.jpg
7135_6719_4832_1644,S108,net,Net,21.13017761365896,-156.72291620256283,736495.2077096796,2338249.583776014,3.0,1,0.1573047309875879,0.46896484375005826,0.0,0.018876567718510547,False,False,2.831485157776582,1.1797854824069094,7.0787128944414555,2d:area×thick_range×rho,1인,절단기,,molokai_7135_6719_4832.jpg
7135_6719_4832_1645,S108,net,Net,21.130255856121547,-156.7229622686143,736490.2972684342,2338258.1797068007,3.0,1,0.27173817563063696,0.5386474609375669,0.0,0.032608581075676435,False,False,4.891287161351466,2.038036317229777,12.228217903378663,2d:area×thick_range×rho,1인,절단기,,molokai_7135_6719_4832.jpg
7135_6719_4832_1646,S108,net,Net,21.13021867916092,-156.72296713475566,736489.8506917728,2338254.055498325,3.0,1,0.26380056392259,0.5667565917969454,0.0,0.031656067670710795,False,False,4.748410150606619,1.978504229419425,11.871025376516549,2d:area×thick_range×rho,1인,절단기,,molokai_7135_6719_4832.jpg
7135_6719_4832_1647,S108,plastic_other,Plastic_ETC,21.130211566473942,-156.72291895270806,736494.8680745952,2338253.3396009174,3.0,1,0.6772138960363163,0.8409228515626045,0.0,0.02031641688108949,False,False,1.625313350487159,1.0835422336581062,5.417711168290531,2d:area×thick_range×rho,1인,,,molokai_7135_6719_4832.jpg
7135_6719_4832_1648,S108,net,Net,21.130193834248278,-156.72290875050587,736495.9562267145,2338251.3911360777,3.0,1,0.24024045259958512,0.6887988281250855,0.0,0.028828854311950213,False,False,4.324328146792532,1.8018033944968885,10.81082036698133,2d:area×thick_range×rho,1인,절단기,,molokai_7135_6719_4832.jpg
7135_6719_4832_1649,S108,plastic_other,Plastic_ETC,21.130190648047236,-156.7229037792352,736496.477797271,2338251.0457014204,3.0,1,0.4640081218333205,0.9802221679688717,0.0,0.013920243654999616,False,False,1.1136194923999692,0.7424129949333129,3.7120649746665646,2d:area×thick_range×rho,1인,,,molokai_7135_6719_4832.jpg
7344_1570_8792_1655,S109,plastic_other,Plastic_ETC,21.1268460792172,-156.72689255882335,736087.3452336473,2337874.734880845,3.0,1,0.19860471241479088,0.47477539062505897,0.0,0.005958141372443726,False,False,0.4766513097954981,0.3177675398636654,1.5888376993183273,2d:area×thick_range×rho,1인,,,molokai_7344_1570_8792.jpg
7344_874_9779_1661,S110,eps_fragment,Styrofoam_Piece,21.126669435718515,-156.72702935770982,736073.4114508735,2337854.970149437,3.0,1,0.17529967575077599,0.4367138671875542,0.0,0.005258990272523279,False,False,0.10517980545046558,0.07011987030031039,0.350599351501552,2d:area×thick_range×rho,1인,,,molokai_7344_874_9779.jpg
7344_874_9779_1662,S110,plastic_buoy,Plastic_Buoy,21.126696862938726,-156.72703504698018,736072.7768737025,2337857.9989642752,3.0,1,0.18494319068496054,0.43242919921880374,0.0,0.05548295720548816,False,False,3.3289774323292898,1.6644887161646449,4.438636576439053,2d:area×thick_range×rho,1인,,,molokai_7344_874_9779.jpg
7344_874_9779_1663,S110,plastic_buoy,Plastic_Buoy_China,21.126653173691192,-156.7270430833096,736072.0110995752,2337853.1489014337,3.0,1,0.21590675849323868,0.47381103515630885,0.0,0.0647720275479716,False,False,3.8863216528782956,1.9431608264391478,5.181762203837728,2d:area×thick_range×rho,1인,,,molokai_7344_874_9779.jpg
7552_8574_11975_1666,S111,eps_fragment,Styrofoam_Piece,21.123605083309343,-156.7311227784155,735652.9437826232,2337509.5474889874,3.0,1,0.18943081149469718,0.45568237304700526,0.0,0.005682924344840915,False,False,0.1136584868968183,0.07577232459787887,0.37886162298939435,2d:area×thick_range×rho,1인,,,molokai_7552_8574_11975.jpg
7552_8574_11975_1667,S111,plastic_buoy,Plastic_Buoy,21.12365489958447,-156.73120317587137,735644.5114226352,2337514.944821428,3.0,1,0.2685938214534159,0.568027324676676,0.0,0.08057814643602478,False,False,4.834688786161487,2.4173443930807434,6.446251714881982,2d:area×thick_range×rho,1인,,,molokai_7552_8574_11975.jpg
7762_7392_7788_1670,S112,plastic_buoy,Plastic_Buoy,21.121624599032195,-156.731645873769,735601.7228813928,2337289.4546595016,3.0,1,0.18135413210396503,0.47852050781255945,0.0,0.054406239631189506,False,False,3.2643743778713703,1.6321871889356852,4.352499170495161,2d:area×thick_range×rho,1인,,,molokai_7762_7392_7788.jpg
7971_10570_6719_1672,S113,plastic_buoy,Plastic_Buoy,21.1191342834879,-156.73345128115616,735418.0650053506,2337011.003322926,3.0,1,0.18715709894901167,0.43668212890631547,0.0,0.0561471296847035,False,False,3.36882778108221,1.684413890541105,4.49177037477628,2d:area×thick_range×rho,1인,,,molokai_7971_10570_6719.jpg
7971_10570_6719_1673,S113,plastic_buoy,Plastic_Buoy,21.119175498831382,-156.73347285224477,735415.7585362917,2337015.5354993455,3.0,1,0.20392392190849934,0.4614904785156942,0.0,0.0611771765725498,False,False,3.6706305943529878,1.8353152971764939,4.894174125803985,2d:area×thick_range×rho,1인,,,molokai_7971_10570_6719.jpg
7971_10570_6719_1674,S113,plastic_other,Plastic_ETC,21.119147414616364,-156.73346016659457,735417.1210115936,2337012.4442827567,3.0,1,0.3216106776417266,0.5980004882813397,0.0,0.009648320329251798,False,False,0.7718656263401438,0.5145770842267626,2.572885421133813,2d:area×thick_range×rho,1인,,,molokai_7971_10570_6719.jpg
7985_13620_14337_1679,S114,net,Net,21.121690743170564,-157.2991761889317,676640.2671562518,2336560.5341100367,3.0,1,0.23137318511023597,0.4920507812501529,0.0,0.027764782213228315,False,False,4.164717331984248,1.73529888832677,10.411793329960618,2d:area×thick_range×rho,1인,절단기,,molokai_7985_13620_14337.jpg
8196_3057_5234_1684,S115,rope,Rope,21.120674456890605,-157.29849386108904,676712.3506984996,2336448.778913535,3.0,1,1.192299003717155,1.24925109863293,0.0,0.03576897011151465,False,False,14.30758804460586,9.53839202973724,23.8459800743431,2d:area×thick_range×rho,2인,절단기,,molokai_8196_3057_5234.jpg
8389_12982_4218_1686,S116,pet_bottle,PET_Bottle,21.114293586427188,-156.73932318036034,734815.5601037656,2336466.2620633347,3.0,1,0.34856828112610894,0.6941015625000863,0.0,0.020914096867566536,False,False,0.6901651966296957,0.5751376638580797,1.1502753277161595,2d:area×thick_range×rho,1인,,,molokai_8389_12982_4218.jpg
879_3230_4172_1690,S117,plastic_other,Plastic_ETC,21.214671711024863,-157.20200024599364,686618.2524451321,2346966.0710025523,3.0,1,0.37327944841692184,0.6788232421875843,0.0,0.011198383452507656,False,False,0.8958706762006124,0.5972471174670749,2.9862355873353748,2d:area×thick_range×rho,1인,,,molokai_879_3230_4172.jpg
879_3230_4172_1691,S118,net,Net,21.21463462155419,-157.20201675207755,686616.5854711413,2346961.94513728,3.0,1,0.3368365734816435,0.6242907714844526,0.0,0.04042038881779721,False,False,6.0630583226695824,2.526274301112326,15.157645806673955,2d:area×thick_range×rho,1인,절단기,,molokai_879_3230_4172.jpg
879_3230_4172_1692,S118,plastic_buoy,Plastic_Buoy,21.214695605399175,-157.2020274732189,686615.3957327056,2346968.6843842464,3.0,1,0.32290615708575227,0.5806488037110097,0.0,0.09687184712572568,False,False,5.8123108275435404,2.9061554137717702,7.749747770058055,2d:area×thick_range×rho,1인,,,molokai_879_3230_4172.jpg
879_3230_4172_1693,S118,net,Net,21.214717968126525,-157.2020054986315,686617.6489534755,2346971.18621164,3.0,1,0.16905271231648056,0.4745721435547465,0.0,0.020286325477977665,False,False,3.04294882169665,1.2678953423736044,7.607372054241624,2d:area×thick_range×rho,1인,절단기,,molokai_879_3230_4172.jpg
879_3230_4172_1694,S117,net,Net,21.214641930936217,-157.20194242468526,686624.2927618551,2346962.8420588695,3.0,1,0.1778633784652198,0.4363647460938042,0.0,0.021343605415826375,False,False,3.201540812373956,1.3339753384891486,8.00385203093489,2d:area×thick_range×rho,1인,절단기,,molokai_879_3230_4172.jpg
879_4055_4290_1696,S117,eps_buoy,Styrofoam_Buoy,21.214658313584863,-157.20181879686888,686637.1068860996,2346964.8016857905,3.0,1,2.1462266787593927,1.634870605468953,0.0,0.7511793375657874,False,False,18.779483439144684,8.048350045347723,21.46226678759393,2d:area×thick_range×rho,1인,,,molokai_879_4055_4290.jpg
879_4055_4290_1697,S117,net,Net,21.21466544317585,-157.2017651720586,686642.6651113427,2346965.6542934114,3.0,1,0.15846846675876738,0.46621093750005793,0.0,0.019016216011052085,False,False,2.8524324016578126,1.1885135006907552,7.131081004144533,2d:area×thick_range×rho,1인,절단기,,molokai_879_4055_4290.jpg
879_4055_4290_1698,S117,net,Net,21.214643642397178,-157.20182430538176,686636.5534594464,2346963.1708528697,3.0,1,0.2127366931945614,0.4762805175781842,0.0,0.025528403183347367,False,False,3.829260477502105,1.5955251989592105,9.573151193755262,2d:area×thick_range×rho,1인,절단기,,molokai_879_4055_4290.jpg
879_4055_4290_1699,S117,plastic_buoy,Plastic_Buoy,21.214668243696682,-157.20182243264907,686636.7169384963,2346965.896820492,3.0,1,0.24149349714747112,0.49330810546881126,0.0,0.07244804914424133,False,False,4.346882948654479,2.1734414743272397,5.795843931539307,2d:area×thick_range×rho,1인,,,molokai_879_4055_4290.jpg
879_4055_4290_1700,S117,net,Net,21.214679808347846,-157.2018431596381,686634.5505689492,2346967.15276731,3.0,1,0.24633759819126289,0.6325158691407036,0.0,0.029560511782951545,False,False,4.434076767442732,1.8475319864344717,11.085191918606828,2d:area×thick_range×rho,1인,절단기,,molokai_879_4055_4290.jpg
879_4055_4290_1701,S117,net,Net,21.2146367355668,-157.20176463315627,686642.7571682446,2346962.4765356686,3.0,1,0.15232489292327375,0.4331518554688038,0.0,0.01827898715079285,False,False,2.7418480726189274,1.1424366969245532,6.854620181547318,2d:area×thick_range×rho,1인,절단기,,molokai_879_4055_4290.jpg
879_4055_4290_1702,S117,net,Net,21.214628078087184,-157.20183307531173,686635.6625638385,2346961.4372904324,3.0,1,0.23307744674688408,0.5826367187500724,0.0,0.02796929360962609,False,False,4.1953940414439135,1.7480808506016305,10.488485103609783,2d:area×thick_range×rho,1인,절단기,,molokai_879_4055_4290.jpg
879_939_3346_1708,S119,net,Net,21.214890466394582,-157.20245053533833,686571.2294944888,2346989.759766059,3.0,1,0.24044136551661804,0.5648913574219452,0.0,0.028852963861994166,False,False,4.327944579299125,1.8033102413746356,10.819861448247812,2d:area×thick_range×rho,1인,절단기,,molokai_879_939_3346.jpg
879_939_3346_1709,S119,plastic_other,Plastic_ETC,21.214845351021683,-157.20246190074045,686570.1062953486,2346984.7513710405,3.0,1,0.36744935617008995,0.6099096679688257,0.0,0.011023480685102697,False,False,0.8818784548082158,0.5879189698721439,2.93959484936072,2d:area×thick_range×rho,1인,,,molokai_879_939_3346.jpg
880_5947_5539_1712,S120,net,Net,21.214423953670966,-157.19852075208848,686979.7971533099,2346942.7476149653,3.0,1,0.28085382019437377,0.5322192382813161,0.0,0.03370245842332485,False,False,5.055368763498728,2.1064036514578035,12.63842190874682,2d:area×thick_range×rho,1인,절단기,,molokai_880_5947_5539.jpg
880_6216_5862_1716,S120,eps_buoy,Styrofoam_Buoy,21.214320839943465,-157.19845788059826,686986.4542697889,2346931.405543363,3.0,1,0.22527383313333624,0.5988879394531994,0.0,0.07884584159666767,False,False,1.9711460399166918,0.8447768742500108,2.2527383313333624,2d:area×thick_range×rho,1인,,,molokai_880_6216_5862.jpg
880_6216_5862_1717,S120,net,Net,21.21432274404798,-157.1984622146654,686986.0019167742,2346931.611237385,3.0,1,0.20962642782931767,0.4797216796875596,0.0,0.02515517133951812,False,False,3.773275700927718,1.5721982087198827,9.433189252319295,2d:area×thick_range×rho,1인,절단기,,molokai_880_6216_5862.jpg
880_6216_5862_1718,S120,plastic_buoy,Plastic_Buoy,21.214338886026237,-157.19851756620645,686980.2350977345,2346933.333012725,3.0,1,0.20895458863382763,0.46396972656255764,0.0,0.06268637659014828,False,False,3.7611825954088967,1.8805912977044483,5.014910127211863,2d:area×thick_range×rho,1인,,,molokai_880_6216_5862.jpg
880_6216_5862_1719,S120,eps_fragment,Styrofoam_Piece,21.21432915923169,-157.1984759844137,686984.5642870264,2346932.3052316993,3.0,1,0.1634848868966509,0.4902978515625609,0.0,0.004904546606899526,False,False,0.09809093213799053,0.06539395475866036,0.32696977379330183,2d:area×thick_range×rho,1인,,,molokai_880_6216_5862.jpg
880_6760_6787_1723,S121,eps_fragment,Styrofoam_Piece,21.214180375575634,-157.19840227062832,686992.4045867684,2346915.919572118,3.0,1,0.36086094357976345,0.6619641113282072,0.0,0.010825828307392904,False,False,0.21651656614785808,0.14434437743190537,0.721721887159527,2d:area×thick_range×rho,1인,,,molokai_880_6760_6787.jpg
880_6760_6787_1724,S121,plastic_buoy,Plastic_Buoy,21.214170581572667,-157.19841488860703,686991.1069558357,2346914.820307323,3.0,1,0.2003477666378519,0.4500024414063059,0.0,0.060104329991355565,False,False,3.606259799481334,1.803129899740667,4.808346399308446,2d:area×thick_range×rho,1인,,,molokai_880_6760_6787.jpg
880_6760_6787_1725,S121,eps_fragment,Styrofoam_Piece,21.214185001461967,-157.19841563200896,686991.0116060816,2346916.415944313,3.0,1,0.14886899632219197,0.3889318847656733,0.0,0.004466069889665759,False,False,0.08932139779331519,0.0595475985288768,0.29773799264438394,2d:area×thick_range×rho,1인,,,molokai_880_6760_6787.jpg
880_7132_6983_1728,S122,plastic_other,Plastic_ETC,21.214135374417694,-157.19834308722685,686998.6055978041,2346911.007149625,3.0,1,0.30668362825520507,0.5669458007813204,0.0,0.009200508847656151,False,False,0.7360407078124921,0.4906938052083281,2.4534690260416405,2d:area×thick_range×rho,1인,,,molokai_880_7132_6983.jpg
880_7132_6983_1729,S122,plastic_buoy,Plastic_Buoy,21.214115790716185,-157.19828857384437,687004.2897483648,2346908.903335008,3.0,1,0.21586238245373368,0.4698071289063084,0.0,0.0647587147361201,False,False,3.885522884167206,1.942761442083603,5.180697178889608,2d:area×thick_range×rho,1인,,,molokai_880_7132_6983.jpg
880_7132_6983_1730,S122,net,Net,21.214104693058896,-157.19830432694548,687002.6682782389,2346907.6560287946,3.0,1,0.1991030490994948,0.46309082031255755,0.0,0.023892365891939375,False,False,3.5838548837909063,1.493272868246211,8.959637209477266,2d:area×thick_range×rho,1인,절단기,,molokai_880_7132_6983.jpg
880_7132_6983_1731,S122,net,Net,21.214119209162458,-157.19828833380072,687004.3103611593,2346909.282096088,3.0,1,0.26931683015830055,0.5513403320313185,0.0,0.032318019618996066,False,False,4.84770294284941,2.0198762261872543,12.119257357123523,2d:area×thick_range×rho,1인,절단기,,molokai_880_7132_6983.jpg
880_7132_6983_1732,S122,net,Net,21.21410799532135,-157.19831347199943,687001.7146952385,2346908.010836014,3.0,1,0.14741965159181444,0.42230957031255245,0.0,0.017690358191017733,False,False,2.65355372865266,1.1056473869386083,6.633884321631649,2d:area×thick_range×rho,1인,절단기,,molokai_880_7132_6983.jpg
880_7132_6983_1733,S122,eps_fragment,Styrofoam_Piece,21.21412484969135,-157.19832888486334,687000.0933221645,2346909.858674608,3.0,1,0.3512028704346099,0.6806469726563346,0.0,0.010536086113038298,False,False,0.21072172226076596,0.14048114817384397,0.7024057408692198,2d:area×thick_range×rho,1인,,,molokai_880_7132_6983.jpg
880_7132_6983_1734,S122,eps_fragment,Styrofoam_Piece,21.21414372909713,-157.19831579935132,687001.4280417385,2346911.964393967,3.0,1,0.19824941077647068,0.5135446166992825,0.0,0.00594748232329412,False,False,0.11894964646588241,0.07929976431058827,0.39649882155294136,2d:area×thick_range×rho,1인,,,molokai_880_7132_6983.jpg
880_7132_6983_1735,S122,plastic_other,Plastic_ETC,21.214119396547307,-157.19832183606712,687000.831986285,2346909.2632527067,3.0,1,0.40891472441117194,0.6987414550782118,0.0,0.012267441732335158,False,False,0.9813953385868126,0.654263559057875,3.2713177952893755,2d:area×thick_range×rho,1인,,,molokai_880_7132_6983.jpg
880_7132_6983_1736,S121,plastic_other,Plastic_ETC,21.214102163617692,-157.1983857063277,686994.2228193141,2346907.279814122,3.0,1,3.3493660183482747,3.0453851318363157,0.0,0.10048098055044824,False,False,8.03847844403586,5.358985629357241,26.794928146786198,2d:area×thick_range×rho,2인,,,molokai_880_7132_6983.jpg
880_7132_6983_1737,S122,pet_bottle,PET_Bottle,21.21413845901478,-157.19832782229128,687000.1864856415,2346911.366702935,3.0,1,0.2242519160852393,0.6131481933594511,0.0,0.013455114965114359,False,False,0.44401879384877385,0.3700156615406449,0.7400313230812898,2d:area×thick_range×rho,1인,,,molokai_880_7132_6983.jpg
880_7132_6983_1738,S122,net,Net,21.21410081667844,-157.19828766098033,687004.4033909647,2346907.2465450475,3.0,1,0.19297388873105076,0.44962402343755586,0.0,0.02315686664772609,False,False,3.4735299971589133,1.4473041654828807,8.683824992897284,2d:area×thick_range×rho,1인,절단기,,molokai_880_7132_6983.jpg
880_7454_6879_1745,S122,eps_fragment,Styrofoam_Piece,21.214176731353536,-157.19823984069563,687009.272325288,2346915.7080412675,3.0,1,0.4074779982001602,0.6952075195313364,0.0,0.012224339946004805,False,False,0.2444867989200961,0.1629911992800641,0.8149559964003205,2d:area×thick_range×rho,1인,,,molokai_880_7454_6879.jpg
880_7454_6879_1746,S122,eps_fragment,Styrofoam_Piece,21.214138701514763,-157.19830972190005,687002.0653264364,2346911.4149408583,3.0,1,0.1871286171913612,0.5166796875000642,0.0,0.005613858515740836,False,False,0.11227717031481671,0.07485144687654448,0.3742572343827224,2d:area×thick_range×rho,1인,,,molokai_880_7454_6879.jpg
880_7454_6879_1747,S122,plastic_buoy,Plastic_Buoy,21.214115810200333,-157.1982885564763,687004.2915269258,2346908.905512743,3.0,1,0.22308205597406208,0.4798168945313096,0.0,0.06692461679221862,False,False,4.015477007533117,2.0077385037665585,5.35396934337749,2d:area×thick_range×rho,1인,,,molokai_880_7454_6879.jpg
880_7454_6879_1748,S122,eps_fragment,Styrofoam_Piece,21.214124929809135,-157.1983289402107,687000.0874751448,2346909.8674795427,3.0,1,0.40021963528404647,0.7035107421875874,0.0,0.012006589058521394,False,False,0.24013178117042788,0.1600878541136186,0.8004392705680929,2d:area×thick_range×rho,1인,,,molokai_880_7454_6879.jpg
880_7454_6879_1749,S122,net,Net,21.214134779157522,-157.19826435393313,687006.7802812064,2346911.0342846257,3.0,1,0.2894708999694113,0.6180126953125767,0.0,0.03473650799632935,False,False,5.210476199449403,2.171031749770585,13.026190498623507,2d:area×thick_range×rho,1인,절단기,,molokai_880_7454_6879.jpg
880_7454_6879_1750,S122,eps_fragment,Styrofoam_Piece,21.214114413182596,-157.19822347759998,687011.0496474843,2346908.8277465957,3.0,1,0.20592350459103934,0.4596777343750571,0.0,0.00617770513773118,False,False,0.1235541027546236,0.08236940183641574,0.41184700918207867,2d:area×thick_range×rho,1인,,,molokai_880_7454_6879.jpg
880_7454_6879_1751,S122,eps_fragment,Styrofoam_Piece,21.214143698882552,-157.1983157523006,687001.4329645258,2346911.961104324,3.0,1,0.19135358479549275,0.5114758300781885,0.0,0.005740607543864782,False,False,0.11481215087729564,0.0765414339181971,0.38270716959098555,2d:area×thick_range×rho,1인,,,molokai_880_7454_6879.jpg
880_7454_6879_1752,S122,pet_bottle,PET_Bottle,21.214138520207293,-157.19832771029326,687000.1980359359,2346911.3736102856,3.0,1,0.2112177039862204,0.6102215576172633,0.0,0.012673062239173223,False,False,0.4182110538927164,0.34850921157726367,0.6970184231545273,2d:area×thick_range×rho,1인,,,molokai_880_7454_6879.jpg
880_7454_6879_1753,S122,net,Net,21.214130849404896,-157.19827992717902,687005.1684503658,2346910.5807939162,3.0,1,0.17727028739456765,0.44236572265630497,0.0,0.021272434487348117,False,False,3.1908651731022175,1.3295271554592574,7.977162932755545,2d:area×thick_range×rho,1인,절단기,,molokai_880_7454_6879.jpg
880_7454_6879_1754,S122,net,Net,21.21410804326775,-157.1983136348786,687001.6977250212,2346908.0159519822,3.0,1,0.1424965897947904,0.4289611816406783,0.0,0.01709959077537485,False,False,2.5649386163062275,1.068724423460928,6.412346540765568,2d:area×thick_range×rho,1인,절단기,,molokai_880_7454_6879.jpg
880_7454_6879_1755,S122,plastic_other,Plastic_ETC,21.214119241651947,-157.19832175620795,687000.8404723099,2346909.246197649,3.0,1,0.3741033921987748,0.6744696044922713,0.0,0.011223101765963243,False,False,0.8978481412770595,0.5985654275180398,2.992827137590199,2d:area×thick_range×rho,1인,,,molokai_880_7454_6879.jpg
880_7454_6879_1756,S122,pet_bottle,PET_Bottle,21.214117660241442,-157.19828275141657,687004.8918652122,2346909.117202247,3.0,1,0.27646750325269415,0.6128991699219511,0.0,0.016588050195161647,False,False,0.5474056564403343,0.4561713803669454,0.9123427607338908,2d:area×thick_range×rho,1인,,,molokai_880_7454_6879.jpg
880_7454_6879_1757,S122,net,Net,21.214096828854554,-157.19829178320165,687003.9804556819,2346906.800156999,3.0,1,0.2304741443634606,0.5901318359375733,0.0,0.02765689732361527,False,False,4.14853459854229,1.7285560827259543,10.371336496355726,2d:area×thick_range×rho,1인,절단기,,molokai_880_7454_6879.jpg
880_7589_7208_1760,S122,net,Net,21.21410762007081,-157.1983136677692,687001.6948437032,2346907.9690583553,3.0,1,0.22469022906577207,0.48764434814459184,0.0,0.026962827487892648,False,False,4.044424123183897,1.6851767179932906,10.111060307959743,2d:area×thick_range×rho,1인,절단기,,molokai_880_7589_7208.jpg
880_7589_7208_1761,S122,eps_fragment,Styrofoam_Piece,21.214143691578776,-157.19831545225614,687001.4641237457,2346911.9606502405,3.0,1,0.17764954370794342,0.5490686416626659,0.0,0.005329486311238302,False,False,0.10658972622476603,0.07105981748317737,0.35529908741588684,2d:area×thick_range×rho,1인,,,molokai_880_7589_7208.jpg
880_7589_7208_1762,S122,net,Net,21.214076372054777,-157.1982106702562,687012.4272234975,2346904.631112255,3.0,1,0.15070423865322044,0.45291992187505625,0.0,0.01808450863838645,False,False,2.7126762957579675,1.1302817898991533,6.781690739394919,2d:area×thick_range×rho,1인,절단기,,molokai_880_7589_7208.jpg
880_7589_7208_1763,S122,pet_bottle,PET_Bottle,21.214117716093334,-157.19828276711178,687004.890165381,2346909.123367409,3.0,1,0.2602466599345854,0.5897851562500732,0.0,0.015614799596075124,False,False,0.515288386670479,0.4294069888920659,0.8588139777841318,2d:area×thick_range×rho,1인,,,molokai_880_7589_7208.jpg
880_7589_7208_1764,S122,plastic_buoy,Plastic_Buoy,21.21411576299834,-157.19828855476234,687004.2917643544,2346908.900288743,3.0,1,0.2293873717189405,0.4797546386719346,0.0,0.06881621151568215,False,False,4.1289726909409294,2.0644863454704647,5.505296921254573,2d:area×thick_range×rho,1인,,,molokai_880_7589_7208.jpg
880_7589_7208_1765,S122,net,Net,21.21406995536092,-157.19820612241907,687012.9074579912,2346903.926054708,3.0,1,0.2608930295825653,0.5297583007813158,0.0,0.031307163549907834,False,False,4.6960745324861755,1.9566977218692396,11.740186331215437,2d:area×thick_range×rho,1인,절단기,,molokai_880_7589_7208.jpg
880_7589_7208_1766,S122,net,Net,21.214134675273964,-157.1982643724198,687006.7784928787,2346911.022761185,3.0,1,0.30887216619558855,0.6165747070313266,0.0,0.03706465994347063,False,False,5.5596989915205945,2.3165412464669144,13.899247478801485,2d:area×thick_range×rho,1인,절단기,,molokai_880_7589_7208.jpg
880_7589_7208_1767,S122,eps_fragment,Styrofoam_Piece,21.214114475022594,-157.1982233939899,687011.0582497823,2346908.8346920926,3.0,1,0.19664476533239006,0.44385986328130517,0.0,0.005899342959971701,False,False,0.11798685919943402,0.07865790613295603,0.3932895306647802,2d:area×thick_range×rho,1인,,,molokai_880_7589_7208.jpg
880_7589_7208_1768,S122,net,Net,21.21410475961408,-157.1983043331116,687002.6675542089,2346907.6633902458,3.0,1,0.16479537719045206,0.4378991699219294,0.0,0.019775445262854248,False,False,2.966316789428137,1.2359653289283905,7.415791973570342,2d:area×thick_range×rho,1인,절단기,,molokai_880_7589_7208.jpg
880_7589_7208_1769,S122,plastic_buoy,Plastic_Buoy,21.214092726324534,-157.19825575371243,687007.7261365298,2346906.3885174855,3.0,1,0.2022490419567134,0.45431152343755643,0.0,0.06067471258701401,False,False,3.640482755220841,1.8202413776104205,4.853977006961122,2d:area×thick_range×rho,1인,,,molokai_880_7589_7208.jpg
880_7589_7208_1770,S122,net,Net,21.214126468588002,-157.19824672086048,687008.6213851707,2346910.13500759,3.0,1,0.21636348624458324,0.49157699584967046,0.0,0.025963618349349987,False,False,3.894542752402498,1.6227261468343743,9.736356881006245,2d:area×thick_range×rho,1인,절단기,,molokai_880_7589_7208.jpg
880_7589_7208_1771,S122,plastic_buoy,Plastic_Buoy_China,21.21406825199935,-157.19826228838343,687007.0785637362,2346903.6710906667,3.0,1,0.17053106663827367,0.4254370117188028,0.0,0.0511593199914821,False,False,3.0695591994889257,1.5347795997444629,4.092745599318568,2d:area×thick_range×rho,1인,,,molokai_880_7589_7208.jpg
880_7913_7250_1782,S122,eps_buoy,Styrofoam_Buoy,21.214079658617614,-157.19817231530004,687016.405018055,2346905.0403152276,3.0,1,3.491365253823373,2.207308349609649,0.0,1.2219778388381806,False,False,30.549445970954515,13.092619701837648,34.913652538233734,2d:area×thick_range×rho,2인,,,molokai_880_7913_7250.jpg
880_7913_7250_1783,S122,eps_buoy,Styrofoam_Buoy,21.21408144715111,-157.19814965894867,687018.7549020535,2346905.265110202,3.0,1,1.2317780666831215,1.2310327148439029,0.0,0.4311223233390925,False,False,10.778058083477312,4.619167750061705,12.317780666831215,2d:area×thick_range×rho,1인,,,molokai_880_7913_7250.jpg
880_7913_7250_1784,S122,plastic_other,Plastic_ETC,21.214052467990207,-157.19815768957923,687017.9577009238,2346902.0471565262,3.0,1,0.33751201483019627,0.5816479492188222,0.0,0.010125360444905888,False,False,0.8100288355924711,0.540019223728314,2.70009611864157,2d:area×thick_range×rho,1인,,,molokai_880_7913_7250.jpg
880_7913_7250_1785,S122,eps_fragment,Styrofoam_Piece,21.214070895996382,-157.19814860947562,687018.8771542808,2346904.098166553,3.0,1,0.6221123559595699,0.8525537109376059,0.0,0.018663370678787098,False,False,0.37326741357574195,0.24884494238382796,1.2442247119191399,2d:area×thick_range×rho,1인,,,molokai_880_7913_7250.jpg
880_7913_7250_1786,S122,plastic_buoy,Plastic_Buoy_China,21.214039889245683,-157.19815339389856,687018.4195235468,2346900.6595621896,3.0,1,0.21239685815578016,0.49561767578131155,0.0,0.06371905744673405,False,False,3.823143446804043,1.9115717234020215,5.097524595738724,2d:area×thick_range×rho,1인,,,molokai_880_7913_7250.jpg
880_7913_7250_1787,S122,plastic_buoy,Plastic_Buoy_China,21.214051481516364,-157.19817264224588,687016.4065872636,2346901.9202668504,3.0,1,0.24453038601881383,0.5173107910156892,0.0,0.07335911580564415,False,False,4.401546948338649,2.2007734741693246,5.868729264451533,2d:area×thick_range×rho,1인,,,molokai_880_7913_7250.jpg
880_7913_7250_1788,S122,pet_bottle,PET_Bottle,21.214031565695734,-157.1981570037647,687018.0552445849,2346899.7337440895,3.0,1,0.4172710393996083,0.6842535400391475,0.0,0.0250362623639765,False,False,0.8261966580112244,0.6884972150093538,1.3769944300187076,2d:area×thick_range×rho,1인,,,molokai_880_7913_7250.jpg
880_7913_7250_1789,S122,eps_fragment,Styrofoam_Piece,21.21411450535027,-157.19822352949257,687011.0441439418,2346908.8378897267,3.0,1,0.20995177572374793,0.4642749023438077,0.0,0.006298553271712437,False,False,0.12597106543424874,0.08398071028949917,0.41990355144749586,2d:area×thick_range×rho,1인,,,molokai_880_7913_7250.jpg
880_7913_7250_1790,S122,net,Net,21.21406994432745,-157.19820631070328,687012.8879245945,2346903.924610615,3.0,1,0.24641590924567147,0.5256927490235028,0.0,0.029569909109480576,False,False,4.4354863664220865,1.8481193193425363,11.088715916055216,2d:area×thick_range×rho,1인,절단기,,molokai_880_7913_7250.jpg
880_7913_7250_1791,S122,plastic_buoy,Plastic_Buoy,21.214046240134216,-157.19815535369133,687018.2080574296,2346901.3603924406,3.0,1,0.16346815506223925,0.418776855468802,0.0,0.049040446518671774,False,False,2.9424267911203064,1.4712133955601532,3.923235721493742,2d:area×thick_range×rho,1인,,,molokai_880_7913_7250.jpg
880_7913_7250_1792,S122,plastic_buoy,Plastic_Buoy,21.214032753421794,-157.1981773287995,687015.9436415856,2346899.84122459,3.0,1,0.14295903828743672,0.3875854492187982,0.0,0.042887711486231016,False,False,2.573262689173861,1.2866313445869304,3.4310169188984814,2d:area×thick_range×rho,1인,,,molokai_880_7913_7250.jpg
880_7913_7250_1793,S122,eps_fragment,Styrofoam_Piece,21.214063726483534,-157.19816318183095,687017.3733166301,2346903.287163549,3.0,1,0.1654766852260047,0.4458251953125554,0.0,0.004964300556780141,False,False,0.09928601113560281,0.06619067409040189,0.33095337045200945,2d:area×thick_range×rho,1인,,,molokai_880_7913_7250.jpg
880_7913_7250_1794,S122,plastic_buoy,Plastic_Buoy_China,21.214063832005195,-157.19821265435354,687012.2370424794,2346903.2403807105,3.0,1,0.20871444054251134,0.45735107421880683,0.0,0.0626143321627534,False,False,3.7568599297652043,1.8784299648826022,5.009146573020272,2d:area×thick_range×rho,1인,,,molokai_880_7913_7250.jpg
880_7913_7250_1795,S122,plastic_other,Plastic_ETC,21.21407160869195,-157.19818918839846,687014.6634313207,2346904.129117498,3.0,1,1.468731222439177,1.2166357421876512,0.0,0.04406193667317531,False,False,3.524954933854025,2.3499699559026834,11.749849779513417,2d:area×thick_range×rho,1인,,,molokai_880_7913_7250.jpg
880_7913_7250_1796,S122,rope,Rope,21.214071304133068,-157.1981698394915,687016.6725809831,2346904.118264218,3.0,1,0.5160298016012996,0.7650170898438451,0.0,0.015480894048038988,False,False,6.192357619215596,4.128238412810397,10.320596032025993,2d:area×thick_range×rho,1인,절단기,,molokai_880_7913_7250.jpg
880_7913_7250_1797,S122,plastic_buoy,Plastic_Buoy_China,21.214046767624875,-157.19819366979863,687014.2294883381,2346901.3735125693,3.0,1,0.19363984279637378,0.5082202148438132,0.0,0.05809195283891213,False,False,3.485517170334728,1.742758585167364,4.647356227112971,2d:area×thick_range×rho,1인,,,molokai_880_7913_7250.jpg
9435_438_6839_1803,S123,plastic_buoy,Plastic_Buoy,21.10046293329709,-156.75349404536325,733364.7107749213,2334913.814506788,3.0,1,0.2762356111467571,0.5388269042969419,0.0,0.08287068334402713,False,False,4.9722410006416276,2.4861205003208138,6.62965466752217,2d:area×thick_range×rho,1인,,,molokai_9435_438_6839.jpg
9435_438_6839_1804,S123,net,Net,21.1004402114837,-156.7535158341983,733362.4820426743,2334911.266372009,3.0,1,0.2109104503274488,0.4944647216797489,0.0,0.025309254039293853,False,False,3.796388105894078,1.581828377455866,9.490970264735196,2d:area×thick_range×rho,1인,절단기,,molokai_9435_438_6839.jpg
9435_438_6839_1805,S123,pet_bottle,PET_Bottle,21.100405989667095,-156.753488976431,733365.326586822,2334907.5161495185,3.0,1,0.16480663631562512,0.7201318359375894,0.0,0.009888398178937507,False,False,0.3263171399049377,0.2719309499207815,0.543861899841563,2d:area×thick_range×rho,1인,,,molokai_9435_438_6839.jpg
9435_438_6839_1806,S123,plastic_other,Plastic_ETC,21.100519810222597,-156.7535532431764,733358.4700680666,2334920.026037955,3.0,1,0.12393982953183172,0.3527299499512157,0.0,0.0037181948859549515,False,False,0.2974555908763961,0.19830372725093076,0.9915186362546538,2d:area×thick_range×rho,1인,,,molokai_9435_438_6839.jpg
9524_11512_8203_1808,S124,eps_fragment,Styrofoam_Piece,21.100739388353155,-157.10074963279723,697281.0375047468,2334474.2479109936,3.0,1,1.0751008570792961,1.1942260742188984,0.0,0.03225302571237888,False,False,0.6450605142475776,0.43004034283171844,2.1502017141585923,2d:area×thick_range×rho,1인,,,molokai_9524_11512_8203.jpg
9525_6557_9116_1812,S125,plastic_other,Plastic_ETC,21.1006975661129,-157.09878394730544,697485.3305774938,2334472.0568412566,3.0,1,8.024951986623314,3.162570800781643,0.0,0.24074855959869942,False,False,19.259884767895954,12.839923178597303,64.19961589298651,2d:area×thick_range×rho,장비,,,molokai_9525_6557_9116.jpg
