item_id,image,cls_raw,cls,score,lat,lon,length_m,width_m,area_m2,weight_est_kg,weight_lo_kg,weight_hi_kg,crew,stop_id
2796_11758_5655_1,maui_2796_11758_5655.jpg,PET_Bottle,pet_bottle,0.138,21.0040137,-156.6619393,0.65,0.42,0.273,0.54,0.45,0.90,1인,S001
2796_11758_5655_2,maui_2796_11758_5655.jpg,Styrofoam_Piece,eps_fragment,0.105,21.0040537,-156.6619351,0.60,0.46,0.276,0.17,0.11,0.55,1인,S001
10084_4591_8727_4,molokai_10084_4591_8727.jpg,Net,net,0.205,21.0956747,-157.3041905,0.44,0.27,0.117,2.11,0.88,5.27,1인,S002
10295_12458_2868_5,molokai_10295_12458_2868.jpg,Net,net,0.172,21.0940018,-157.2998777,0.47,0.46,0.216,3.88,1.62,9.70,1인,S003
10295_12458_2868_6,molokai_10295_12458_2868.jpg,Styrofoam_Buoy,eps_buoy,0.169,21.0939420,-157.2998899,1.23,0.57,0.696,6.09,2.61,6.96,1인,S003
10295_12458_2868_7,molokai_10295_12458_2868.jpg,Net,net,0.133,21.0939485,-157.2997786,0.57,0.52,0.297,5.34,2.23,13.36,1인,S003
10295_12458_2868_8,molokai_10295_12458_2868.jpg,Net,net,0.122,21.0940000,-157.2998083,0.62,0.38,0.234,4.22,1.76,10.54,1인,S003
10297_13299_1531_20,molokai_10297_13299_1531.jpg,Styrofoam_Buoy,eps_buoy,0.102,21.0941436,-157.2938888,1.23,1.22,1.498,13.11,5.62,14.98,1인,S004
10297_3281_5202_24,molokai_10297_3281_5202.jpg,Net,net,0.227,21.0935243,-157.2958733,0.49,0.43,0.214,3.86,1.61,9.64,1인,S005
10297_3281_5202_25,molokai_10297_3281_5202.jpg,Net,net,0.192,21.0935277,-157.2958356,0.48,0.47,0.225,4.06,1.69,10.15,1인,S005
10297_3281_5202_26,molokai_10297_3281_5202.jpg,Rope,rope,0.122,21.0935118,-157.2958047,1.43,0.91,1.308,15.70,10.46,26.16,2인,S005
10297_3281_5202_27,molokai_10297_3281_5202.jpg,Net,net,0.118,21.0935317,-157.2958449,0.58,0.48,0.278,5.01,2.09,12.52,1인,S005
10297_3281_5202_28,molokai_10297_3281_5202.jpg,Rope,rope,0.109,21.0935022,-157.2958138,0.73,0.67,0.484,5.81,3.87,9.68,1인,S005
10297_3281_5202_29,molokai_10297_3281_5202.jpg,Net,net,0.105,21.0935323,-157.2958773,0.50,0.46,0.233,4.19,1.74,10.46,1인,S005
10297_3281_5202_30,molokai_10297_3281_5202.jpg,Rope,rope,0.100,21.0935215,-157.2958694,0.96,0.84,0.813,9.75,6.50,16.25,1인,S005
10348_10449_1323_38,molokai_10348_10449_1323.jpg,Plastic_ETC,plastic_other,0.426,21.0926723,-157.1472032,0.53,0.43,0.227,0.55,0.36,1.82,1인,S006
10348_10449_1323_39,molokai_10348_10449_1323.jpg,Plastic_ETC,plastic_other,0.106,21.0926313,-157.1472064,1.96,0.85,1.674,4.02,2.68,13.40,1인,S006
10513_9033_1058_42,molokai_10513_9033_1058.jpg,Plastic_ETC,plastic_other,0.133,21.0913787,-157.2774229,3.46,2.18,7.541,18.10,12.07,60.33,장비,S007
10513_9033_1058_43,molokai_10513_9033_1058.jpg,Net,net,0.120,21.0913770,-157.2774727,0.55,0.49,0.269,4.84,2.01,12.09,1인,S007
1091_12326_13745_50,molokai_1091_12326_13745.jpg,Net,net,0.371,21.2101668,-157.1945077,0.52,0.48,0.249,4.48,1.87,11.21,1인,S008
1091_12326_13745_51,molokai_1091_12326_13745.jpg,Plastic_Buoy,plastic_buoy,0.165,21.2101625,-157.1945013,0.46,0.46,0.213,3.84,1.92,5.12,1인,S008
1091_12326_13745_52,molokai_1091_12326_13745.jpg,Net,net,0.113,21.2101999,-157.1945026,0.48,0.36,0.171,3.09,1.29,7.72,1인,S008
1091_12326_13745_53,molokai_1091_12326_13745.jpg,Plastic_Buoy,plastic_buoy,0.104,21.2101893,-157.1944522,0.45,0.43,0.192,3.45,1.73,4.60,1인,S008
1091_12326_13745_54,molokai_1091_12326_13745.jpg,Net,net,0.101,21.2101613,-157.1944854,0.64,0.60,0.384,6.91,2.88,17.27,1인,S008
1091_12936_13816_60,molokai_1091_12936_13816.jpg,Net,net,0.249,21.2101729,-157.1943352,0.47,0.43,0.199,3.59,1.50,8.97,1인,S009
1091_12936_13816_61,molokai_1091_12936_13816.jpg,Net,net,0.225,21.2101824,-157.1943979,0.47,0.35,0.168,3.02,1.26,7.54,1인,S009
1091_12936_13816_62,molokai_1091_12936_13816.jpg,PET_Bottle,pet_bottle,0.138,21.2101404,-157.1943642,0.81,0.32,0.257,0.51,0.42,0.85,1인,S009
1091_12936_13816_63,molokai_1091_12936_13816.jpg,Net,net,0.118,21.2101524,-157.1944267,0.45,0.39,0.173,3.11,1.29,7.77,1인,S009
1091_12936_13816_64,molokai_1091_12936_13816.jpg,Plastic_ETC,plastic_other,0.102,21.2101488,-157.1943842,0.63,0.57,0.362,0.87,0.58,2.89,1인,S009
1091_12948_14472_72,molokai_1091_12948_14472.jpg,Styrofoam_Buoy,eps_buoy,0.221,21.2100064,-157.1943579,1.11,0.99,1.097,9.60,4.11,10.97,1인,S009
1091_12948_14472_73,molokai_1091_12948_14472.jpg,Plastic_Buoy,plastic_buoy,0.171,21.2100392,-157.1943590,0.46,0.40,0.186,3.34,1.67,4.46,1인,S009
1091_12948_14472_74,molokai_1091_12948_14472.jpg,Net,net,0.162,21.2100844,-157.1944315,0.52,0.46,0.236,4.25,1.77,10.61,1인,S009
1091_12948_14472_75,molokai_1091_12948_14472.jpg,Styrofoam_Buoy,eps_buoy,0.141,21.2099944,-157.1943993,1.31,0.46,0.606,5.31,2.27,6.06,1인,S009
1091_12948_14472_76,molokai_1091_12948_14472.jpg,Plastic_Buoy,plastic_buoy,0.138,21.2100437,-157.1943836,0.34,0.33,0.111,2.00,1.00,2.66,1인,S009
1091_12948_14472_77,molokai_1091_12948_14472.jpg,Rope,rope,0.138,21.2100707,-157.1944091,1.00,0.76,0.766,9.19,6.13,15.32,1인,S009
1091_12948_14472_78,molokai_1091_12948_14472.jpg,Styrofoam_Piece,eps_fragment,0.117,21.2100415,-157.1943757,0.42,0.39,0.161,0.10,0.06,0.32,1인,S009
11312_13466_9852_87,molokai_11312_13466_9852.jpg,Styrofoam_Piece,eps_fragment,0.394,21.0759448,-156.7888419,0.49,0.35,0.170,0.10,0.07,0.34,1인,S010
11312_13466_9852_88,molokai_11312_13466_9852.jpg,Styrofoam_Piece,eps_fragment,0.136,21.0760012,-156.7888789,0.57,0.46,0.261,0.16,0.10,0.52,1인,S010
11312_13482_10243_90,molokai_11312_13482_10243.jpg,Styrofoam_Piece,eps_fragment,0.393,21.0759446,-156.7888419,0.47,0.38,0.181,0.11,0.07,0.36,1인,S010
11312_13482_10243_91,molokai_11312_13482_10243.jpg,Plastic_ETC,plastic_other,0.120,21.0759345,-156.7888430,0.49,0.34,0.166,0.40,0.27,1.33,1인,S010
11453_234_3172_96,molokai_11453_234_3172.jpg,Styrofoam_Buoy,eps_buoy,0.343,21.0770591,-156.9905486,1.21,1.11,1.335,11.68,5.01,13.35,1인,S011
11453_234_3172_97,molokai_11453_234_3172.jpg,PET_Bottle,pet_bottle,0.204,21.0769573,-156.9906024,0.89,0.45,0.401,0.79,0.66,1.32,1인,S011
11453_234_3172_98,molokai_11453_234_3172.jpg,PET_Bottle,pet_bottle,0.125,21.0770630,-156.9905888,0.47,0.29,0.136,0.27,0.22,0.45,1인,S011
11453_234_3172_99,molokai_11453_234_3172.jpg,Plastic_Buoy,plastic_buoy,0.118,21.0770110,-156.9905922,0.49,0.46,0.224,4.03,2.01,5.37,1인,S011
11666_2647_6989_111,molokai_11666_2647_6989.jpg,Plastic_ETC,plastic_other,0.250,21.0735005,-156.9815084,0.91,0.61,0.557,1.34,0.89,4.46,1인,S012
11666_2647_6989_112,molokai_11666_2647_6989.jpg,Plastic_ETC,plastic_other,0.134,21.0735005,-156.9815113,0.43,0.37,0.159,0.38,0.25,1.27,1인,S012
12518_12495_1444_114,molokai_12518_12495_1444.jpg,Styrofoam_Piece,eps_fragment,0.162,21.0631723,-156.9451743,0.59,0.30,0.175,0.11,0.07,0.35,1인,S013
12976_10500_13118_117,molokai_12976_10500_13118.jpg,Plastic_ETC,plastic_other,0.360,21.0543450,-156.8359469,1.05,0.66,0.693,1.66,1.11,5.55,1인,S014
1301_8368_-104_118,molokai_1301_8368_-104.jpg,Plastic_Buoy,plastic_buoy,0.294,21.2099697,-157.1943574,0.48,0.45,0.218,3.92,1.96,5.22,1인,S009
1301_8368_-104_119,molokai_1301_8368_-104.jpg,Net,net,0.239,21.2099347,-157.1942801,0.49,0.41,0.199,3.57,1.49,8.94,1인,S009
1301_8368_-104_120,molokai_1301_8368_-104.jpg,Net,net,0.167,21.2098962,-157.1943065,0.70,0.35,0.247,4.45,1.85,11.13,1인,S009
1301_8368_-104_121,molokai_1301_8368_-104.jpg,Plastic_Buoy_China,plastic_buoy,0.164,21.2099419,-157.1942769,0.50,0.48,0.242,4.35,2.17,5.80,1인,S009
1301_8368_-104_122,molokai_1301_8368_-104.jpg,Plastic_Buoy,plastic_buoy,0.154,21.2099607,-157.1943474,0.58,0.41,0.241,4.35,2.17,5.80,1인,S009
1301_8884_1171_133,molokai_1301_8884_1171.jpg,Plastic_Buoy,plastic_buoy,0.473,21.2097273,-157.1942149,0.52,0.51,0.263,4.73,2.37,6.31,1인,S015
1301_8884_1171_134,molokai_1301_8884_1171.jpg,Styrofoam_Piece,eps_fragment,0.339,21.2097286,-157.1941902,0.48,0.46,0.219,0.13,0.09,0.44,1인,S015
1301_8884_1171_135,molokai_1301_8884_1171.jpg,Styrofoam_Piece,eps_fragment,0.338,21.2097282,-157.1942276,0.59,0.53,0.310,0.19,0.12,0.62,1인,S015
1301_8884_1171_136,molokai_1301_8884_1171.jpg,Net,net,0.318,21.2097248,-157.1942063,0.47,0.47,0.221,3.98,1.66,9.96,1인,S015
1301_8884_1171_137,molokai_1301_8884_1171.jpg,Plastic_Buoy,plastic_buoy,0.226,21.2097402,-157.1942262,0.43,0.42,0.179,3.22,1.61,4.29,1인,S015
1301_8884_1171_138,molokai_1301_8884_1171.jpg,Plastic_ETC,plastic_other,0.124,21.2096866,-157.1941692,0.57,0.55,0.312,0.75,0.50,2.49,1인,S015
1301_8884_1171_139,molokai_1301_8884_1171.jpg,Net,net,0.124,21.2097385,-157.1942288,0.37,0.36,0.135,2.44,1.02,6.09,1인,S015
1301_9004_855_153,molokai_1301_9004_855.jpg,Net,net,0.487,21.2097249,-157.1942065,0.44,0.42,0.184,3.31,1.38,8.28,1인,S015
1301_9004_855_154,molokai_1301_9004_855.jpg,Plastic_Buoy,plastic_buoy,0.471,21.2097273,-157.1942149,0.52,0.51,0.263,4.73,2.36,6.30,1인,S015
1301_9004_855_155,molokai_1301_9004_855.jpg,Styrofoam_Piece,eps_fragment,0.339,21.2097282,-157.1942276,0.59,0.52,0.306,0.18,0.12,0.61,1인,S015
1301_9004_855_156,molokai_1301_9004_855.jpg,Plastic_ETC,plastic_other,0.152,21.2097285,-157.1941900,0.46,0.44,0.205,0.49,0.33,1.64,1인,S015
1301_9004_855_157,molokai_1301_9004_855.jpg,Plastic_Buoy,plastic_buoy,0.119,21.2097403,-157.1942262,0.42,0.40,0.169,3.05,1.52,4.06,1인,S015
1301_9004_855_158,molokai_1301_9004_855.jpg,Net,net,0.113,21.2098178,-157.1942116,0.47,0.44,0.211,3.79,1.58,9.49,1인,S015
1301_9067_1550_167,molokai_1301_9067_1550.jpg,Plastic_Buoy,plastic_buoy,0.193,21.2096764,-157.1941649,0.43,0.41,0.178,3.21,1.60,4.28,1인,S015
1301_9067_1550_168,molokai_1301_9067_1550.jpg,Plastic_ETC,plastic_other,0.179,21.2096690,-157.1941519,1.09,0.99,1.083,2.60,1.73,8.67,1인,S015
1301_9067_1550_169,molokai_1301_9067_1550.jpg,Styrofoam_Piece,eps_fragment,0.156,21.2096367,-157.1941603,0.56,0.52,0.294,0.18,0.12,0.59,1인,S015
1301_9067_1550_170,molokai_1301_9067_1550.jpg,Styrofoam_Piece,eps_fragment,0.124,21.2096867,-157.1941686,0.68,0.60,0.406,0.24,0.16,0.81,1인,S015
1301_9067_1550_171,molokai_1301_9067_1550.jpg,Plastic_Buoy,plastic_buoy,0.109,21.2096429,-157.1941718,0.37,0.35,0.131,2.35,1.17,3.13,1인,S015
1301_9284_1938_179,molokai_1301_9284_1938.jpg,Net,net,0.147,21.2095950,-157.1941938,0.52,0.39,0.203,3.66,1.52,9.15,1인,S015
1301_9284_1938_180,molokai_1301_9284_1938.jpg,Styrofoam_Piece,eps_fragment,0.120,21.2096366,-157.1941603,0.58,0.53,0.309,0.19,0.12,0.62,1인,S015
1302_3671_9940_188,molokai_1302_3671_9940.jpg,Plastic_ETC,plastic_other,0.360,21.2081546,-157.1932834,0.73,0.64,0.465,1.12,0.74,3.72,1인,S016
1302_3671_9940_189,molokai_1302_3671_9940.jpg,Styrofoam_Piece,eps_fragment,0.351,21.2081593,-157.1932710,0.41,0.40,0.163,0.10,0.07,0.33,1인,S016
1302_3671_9940_190,molokai_1302_3671_9940.jpg,Styrofoam_Piece,eps_fragment,0.272,21.2081335,-157.1932488,0.53,0.51,0.268,0.16,0.11,0.54,1인,S016
1302_3671_9940_191,molokai_1302_3671_9940.jpg,Styrofoam_Piece,eps_fragment,0.269,21.2081392,-157.1932835,0.75,0.64,0.473,0.28,0.19,0.95,1인,S016
1302_3671_9940_192,molokai_1302_3671_9940.jpg,Styrofoam_Piece,eps_fragment,0.252,21.2081097,-157.1933004,0.64,0.62,0.395,0.24,0.16,0.79,1인,S016
1302_3671_9940_193,molokai_1302_3671_9940.jpg,Styrofoam_Piece,eps_fragment,0.226,21.2081745,-157.1932980,0.50,0.43,0.213,0.13,0.09,0.43,1인,S016
1302_3671_9940_194,molokai_1302_3671_9940.jpg,Styrofoam_Piece,eps_fragment,0.166,21.2081733,-157.1933293,0.62,0.60,0.373,0.22,0.15,0.75,1인,S017
1302_3671_9940_195,molokai_1302_3671_9940.jpg,Styrofoam_Piece,eps_fragment,0.165,21.2081470,-157.1932793,0.39,0.32,0.123,0.07,0.05,0.25,1인,S016
1302_3671_9940_196,molokai_1302_3671_9940.jpg,PET_Bottle,pet_bottle,0.148,21.2081161,-157.1932948,0.68,0.47,0.324,0.64,0.53,1.07,1인,S016
1302_3671_9940_197,molokai_1302_3671_9940.jpg,Plastic_ETC,plastic_other,0.139,21.2081030,-157.1932763,0.68,0.51,0.345,0.83,0.55,2.76,1인,S016
1302_3671_9940_198,molokai_1302_3671_9940.jpg,Plastic_Buoy,plastic_buoy,0.125,21.2080996,-157.1932865,0.40,0.35,0.140,2.52,1.26,3.36,1인,S016
1302_3671_9940_199,molokai_1302_3671_9940.jpg,Styrofoam_Piece,eps_fragment,0.104,21.2081135,-157.1933025,0.44,0.43,0.187,0.11,0.07,0.37,1인,S016
1302_3918_9570_213,molokai_1302_3918_9570.jpg,Styrofoam_Piece,eps_fragment,0.397,21.2081593,-157.1932711,0.39,0.39,0.149,0.09,0.06,0.30,1인,S016
1302_3918_9570_214,molokai_1302_3918_9570.jpg,Plastic_ETC,plastic_other,0.353,21.2081546,-157.1932834,0.73,0.64,0.470,1.13,0.75,3.76,1인,S016
1302_3918_9570_215,molokai_1302_3918_9570.jpg,Styrofoam_Piece,eps_fragment,0.342,21.2081745,-157.1932981,0.50,0.43,0.215,0.13,0.09,0.43,1인,S016
1302_3918_9570_216,molokai_1302_3918_9570.jpg,Styrofoam_Piece,eps_fragment,0.322,21.2081394,-157.1932834,0.69,0.64,0.441,0.26,0.18,0.88,1인,S016
1302_3918_9570_217,molokai_1302_3918_9570.jpg,Styrofoam_Piece,eps_fragment,0.226,21.2081889,-157.1932995,0.71,0.61,0.435,0.26,0.17,0.87,1인,S017
1302_3918_9570_218,molokai_1302_3918_9570.jpg,Styrofoam_Buoy,eps_buoy,0.181,21.2082054,-157.1932956,0.78,0.72,0.562,4.92,2.11,5.62,1인,S017
1302_3918_9570_219,molokai_1302_3918_9570.jpg,Styrofoam_Piece,eps_fragment,0.162,21.2081551,-157.1932481,0.47,0.41,0.193,0.12,0.08,0.39,1인,S016
1302_3918_9570_220,molokai_1302_3918_9570.jpg,Styrofoam_Buoy,eps_buoy,0.123,21.2081713,-157.1933155,0.87,0.42,0.366,3.21,1.37,3.66,1인,S016
1302_4126_10839_227,molokai_1302_4126_10839.jpg,Styrofoam_Piece,eps_fragment,0.505,21.2079504,-157.1932277,0.56,0.50,0.279,0.17,0.11,0.56,1인,S018
1302_4126_10839_228,molokai_1302_4126_10839.jpg,Styrofoam_Piece,eps_fragment,0.360,21.2079490,-157.1932148,0.81,0.70,0.566,0.34,0.23,1.13,1인,S018
1302_4126_10839_229,molokai_1302_4126_10839.jpg,Styrofoam_Buoy,eps_buoy,0.318,21.2079636,-157.1932180,0.88,0.87,0.766,6.70,2.87,7.66,1인,S018
1302_4126_10839_230,molokai_1302_4126_10839.jpg,Styrofoam_Piece,eps_fragment,0.277,21.2079535,-157.1931832,0.46,0.42,0.195,0.12,0.08,0.39,1인,S018
1302_4126_10839_231,molokai_1302_4126_10839.jpg,Styrofoam_Piece,eps_fragment,0.270,21.2079995,-157.1932219,0.44,0.42,0.187,0.11,0.07,0.37,1인,S016
1302_4126_10839_232,molokai_1302_4126_10839.jpg,Styrofoam_Piece,eps_fragment,0.237,21.2079748,-157.1931690,0.52,0.50,0.259,0.16,0.10,0.52,1인,S018
1302_4126_10839_233,molokai_1302_4126_10839.jpg,Plastic_ETC,plastic_other,0.179,21.2079848,-157.1932196,0.60,0.49,0.292,0.70,0.47,2.34,1인,S016
1302_4126_10839_234,molokai_1302_4126_10839.jpg,Styrofoam_Piece,eps_fragment,0.168,21.2080160,-157.1932327,0.69,0.62,0.423,0.25,0.17,0.85,1인,S016
1302_4126_10839_235,molokai_1302_4126_10839.jpg,Styrofoam_Piece,eps_fragment,0.150,21.2079459,-157.1932241,0.36,0.35,0.128,0.08,0.05,0.26,1인,S018
1302_4126_10839_236,molokai_1302_4126_10839.jpg,Net,net,0.104,21.2079945,-157.1932140,0.46,0.44,0.200,3.60,1.50,8.99,1인,S016
1302_4126_10839_237,molokai_1302_4126_10839.jpg,Plastic_ETC,plastic_other,0.101,21.2080079,-157.1932354,3.14,0.82,2.578,6.19,4.13,20.63,1인,S016
1302_5035_11171_243,molokai_1302_5035_11171.jpg,Styrofoam_Piece,eps_fragment,0.312,21.2079456,-157.1929857,0.44,0.41,0.177,0.11,0.07,0.35,1인,S018
1302_5035_11171_244,molokai_1302_5035_11171.jpg,Plastic_ETC,plastic_other,0.309,21.2079047,-157.1930936,0.52,0.49,0.255,0.61,0.41,2.04,1인,S018
1302_5035_11171_245,molokai_1302_5035_11171.jpg,Styrofoam_Buoy,eps_buoy,0.266,21.2079022,-157.1930430,1.29,1.08,1.394,12.20,5.23,13.94,1인,S018
1302_5035_11171_246,molokai_1302_5035_11171.jpg,Styrofoam_Buoy,eps_buoy,0.254,21.2079123,-157.1930875,0.78,0.65,0.506,4.43,1.90,5.06,1인,S018
1302_5035_11171_247,molokai_1302_5035_11171.jpg,Styrofoam_Piece,eps_fragment,0.217,21.2078708,-157.1930902,0.60,0.59,0.351,0.21,0.14,0.70,1인,S018
1302_5035_11171_248,molokai_1302_5035_11171.jpg,Plastic_ETC,plastic_other,0.140,21.2079204,-157.1929899,0.74,0.64,0.471,1.13,0.75,3.76,1인,S018
1302_5035_11171_249,molokai_1302_5035_11171.jpg,PET_Bottle,pet_bottle,0.139,21.2078456,-157.1930662,0.84,0.21,0.177,0.35,0.29,0.58,1인,S018
1302_5904_12425_254,molokai_1302_5904_12425.jpg,Styrofoam_Piece,eps_fragment,0.544,21.2076596,-157.1928429,0.40,0.37,0.146,0.09,0.06,0.29,1인,S019
1302_5904_12425_255,molokai_1302_5904_12425.jpg,PET_Bottle,pet_bottle,0.508,21.2077063,-157.1929277,0.69,0.46,0.319,0.63,0.53,1.05,1인,S020
1302_5904_12425_256,molokai_1302_5904_12425.jpg,Styrofoam_Buoy,eps_buoy,0.435,21.2076860,-157.1928588,1.26,1.20,1.504,13.16,5.64,15.04,1인,S019
1302_5904_12425_257,molokai_1302_5904_12425.jpg,Styrofoam_Piece,eps_fragment,0.367,21.2077055,-157.1928920,0.49,0.39,0.189,0.11,0.08,0.38,1인,S020
1302_5904_12425_258,molokai_1302_5904_12425.jpg,Styrofoam_Buoy,eps_buoy,0.342,21.2076858,-157.1928984,0.72,0.70,0.508,4.44,1.90,5.08,1인,S019
1302_5904_12425_259,molokai_1302_5904_12425.jpg,Styrofoam_Piece,eps_fragment,0.170,21.2077007,-157.1928783,0.65,0.60,0.394,0.24,0.16,0.79,1인,S019
1302_5904_12425_260,molokai_1302_5904_12425.jpg,Plastic_Buoy,plastic_buoy,0.164,21.2076739,-157.1928785,0.98,0.93,0.911,16.40,8.20,21.86,1인,S019
1302_5904_12425_261,molokai_1302_5904_12425.jpg,Styrofoam_Piece,eps_fragment,0.142,21.2076316,-157.1929278,0.39,0.31,0.119,0.07,0.05,0.24,1인,S019
1302_5904_12425_262,molokai_1302_5904_12425.jpg,Plastic_Buoy,plastic_buoy,0.128,21.2076581,-157.1928551,0.41,0.39,0.161,2.89,1.45,3.85,1인,S019
1302_5904_12425_263,molokai_1302_5904_12425.jpg,Styrofoam_Piece,eps_fragment,0.128,21.2077102,-157.1928704,0.49,0.49,0.241,0.14,0.10,0.48,1인,S019
1302_5904_12425_264,molokai_1302_5904_12425.jpg,Styrofoam_Piece,eps_fragment,0.115,21.2077307,-157.1929067,0.37,0.29,0.108,0.06,0.04,0.22,1인,S020
1302_5950_12785_270,molokai_1302_5950_12785.jpg,Styrofoam_Piece,eps_fragment,0.434,21.2076596,-157.1928429,0.40,0.36,0.143,0.09,0.06,0.29,1인,S019
1302_5950_12785_271,molokai_1302_5950_12785.jpg,Styrofoam_Piece,eps_fragment,0.346,21.2076316,-157.1929278,0.41,0.32,0.129,0.08,0.05,0.26,1인,S019
1302_5950_12785_272,molokai_1302_5950_12785.jpg,Plastic_ETC,plastic_other,0.260,21.2076089,-157.1928716,0.70,0.70,0.486,1.17,0.78,3.89,1인,S019
1302_5950_12785_273,molokai_1302_5950_12785.jpg,Plastic_Buoy,plastic_buoy,0.127,21.2076581,-157.1928552,0.41,0.39,0.161,2.90,1.45,3.86,1인,S019
1302_5950_12785_274,molokai_1302_5950_12785.jpg,Styrofoam_Piece,eps_fragment,0.107,21.2076517,-157.1928222,0.35,0.28,0.098,0.06,0.04,0.20,1인,S019
1302_6268_13050_276,molokai_1302_6268_13050.jpg,Styrofoam_Buoy,eps_buoy,0.392,21.2075661,-157.1927636,1.58,1.45,2.287,20.01,8.58,22.87,1인,S019
1302_6268_13050_277,molokai_1302_6268_13050.jpg,Styrofoam_Piece,eps_fragment,0.159,21.2075606,-157.1928107,0.70,0.68,0.482,0.29,0.19,0.96,1인,S019
1302_6268_13050_278,molokai_1302_6268_13050.jpg,PET_Bottle,pet_bottle,0.134,21.2075862,-157.1928036,0.90,0.88,0.792,1.57,1.31,2.61,1인,S019
1302_62_3190_280,molokai_1302_62_3190.jpg,Styrofoam_Buoy,eps_buoy,0.199,21.2093195,-157.1939442,0.83,0.82,0.683,5.98,2.56,6.83,1인,S021
1302_62_3190_281,molokai_1302_62_3190.jpg,Plastic_Buoy,plastic_buoy,0.180,21.2093542,-157.1939843,0.85,0.75,0.633,11.39,5.70,15.19,1인,S021
1302_62_3190_282,molokai_1302_62_3190.jpg,Styrofoam_Piece,eps_fragment,0.149,21.2093564,-157.1940026,0.57,0.47,0.268,0.16,0.11,0.54,1인,S021
1302_62_3190_283,molokai_1302_62_3190.jpg,Styrofoam_Buoy,eps_buoy,0.115,21.2094050,-157.1939326,2.19,1.38,3.009,26.33,11.28,30.09,2인,S021
1302_62_3190_284,molokai_1302_62_3190.jpg,Plastic_Buoy_China,plastic_buoy,0.104,21.2093340,-157.1939548,0.60,0.56,0.336,6.05,3.03,8.07,1인,S021
1302_7076_13781_288,molokai_1302_7076_13781.jpg,Styrofoam_Piece,eps_fragment,0.467,21.2074698,-157.1926826,0.61,0.52,0.313,0.19,0.13,0.63,1인,S019
1302_7076_13781_289,molokai_1302_7076_13781.jpg,Styrofoam_Buoy,eps_buoy,0.407,21.2074509,-157.1926564,1.45,1.24,1.798,15.73,6.74,17.98,1인,S019
1302_7076_13781_290,molokai_1302_7076_13781.jpg,Styrofoam_Buoy,eps_buoy,0.272,21.2074056,-157.1926768,0.79,0.75,0.591,5.17,2.21,5.91,1인,S019
1302_7076_13781_291,molokai_1302_7076_13781.jpg,Plastic_Buoy_China,plastic_buoy,0.227,21.2074829,-157.1926917,0.63,0.42,0.263,4.73,2.37,6.31,1인,S019
1302_7076_13781_292,molokai_1302_7076_13781.jpg,Plastic_ETC,plastic_other,0.197,21.2073929,-157.1927002,0.73,0.61,0.442,1.06,0.71,3.53,1인,S022
1302_7076_13781_293,molokai_1302_7076_13781.jpg,Styrofoam_Piece,eps_fragment,0.176,21.2074283,-157.1926737,0.54,0.50,0.270,0.16,0.11,0.54,1인,S019
1302_7076_13781_294,molokai_1302_7076_13781.jpg,Styrofoam_Piece,eps_fragment,0.163,21.2074198,-157.1926637,0.44,0.42,0.181,0.11,0.07,0.36,1인,S019
1302_7076_13781_295,molokai_1302_7076_13781.jpg,Plastic_ETC,plastic_other,0.153,21.2074413,-157.1926513,1.16,0.56,0.647,1.55,1.03,5.17,1인,S019
1302_7076_13781_296,molokai_1302_7076_13781.jpg,Styrofoam_Buoy,eps_buoy,0.110,21.2073741,-157.1926161,1.25,1.19,1.484,12.98,5.56,14.84,1인,S023
1302_7568_14668_298,molokai_1302_7568_14668.jpg,Plastic_ETC,plastic_other,0.382,21.2072861,-157.1925633,0.63,0.61,0.389,0.93,0.62,3.11,1인,S023
1302_7568_14668_299,molokai_1302_7568_14668.jpg,Styrofoam_Piece,eps_fragment,0.251,21.2073143,-157.1925520,0.49,0.48,0.234,0.14,0.09,0.47,1인,S023
1302_7568_14668_300,molokai_1302_7568_14668.jpg,Styrofoam_Piece,eps_fragment,0.239,21.2072797,-157.1925830,0.51,0.39,0.200,0.12,0.08,0.40,1인,S023
1302_7568_14668_301,molokai_1302_7568_14668.jpg,Styrofoam_Piece,eps_fragment,0.154,21.2073098,-157.1925859,0.59,0.45,0.267,0.16,0.11,0.53,1인,S023
1302_7568_14668_302,molokai_1302_7568_14668.jpg,Plastic_ETC,plastic_other,0.153,21.2073144,-157.1925471,0.81,0.72,0.582,1.40,0.93,4.65,1인,S023
1302_7568_14668_303,molokai_1302_7568_14668.jpg,PET_Bottle,pet_bottle,0.152,21.2073083,-157.1925189,0.62,0.61,0.376,0.74,0.62,1.24,1인,S023
1512_10078_3657_305,molokai_1512_10078_3657.jpg,Styrofoam_Piece,eps_fragment,0.326,21.2065521,-157.1921074,0.65,0.42,0.271,0.16,0.11,0.54,1인,S024
1512_10078_3657_306,molokai_1512_10078_3657.jpg,Plastic_Buoy,plastic_buoy,0.293,21.2065774,-157.1921482,0.51,0.43,0.221,3.98,1.99,5.30,1인,S024
1512_10078_3657_307,molokai_1512_10078_3657.jpg,Styrofoam_Piece,eps_fragment,0.247,21.2065572,-157.1921082,0.69,0.67,0.463,0.28,0.19,0.93,1인,S024
1512_10078_3657_308,molokai_1512_10078_3657.jpg,Styrofoam_Piece,eps_fragment,0.234,21.2065258,-157.1920912,0.55,0.51,0.279,0.17,0.11,0.56,1인,S024
1512_10078_3657_309,molokai_1512_10078_3657.jpg,Plastic_ETC,plastic_other,0.205,21.2065724,-157.1921380,0.65,0.61,0.394,0.95,0.63,3.15,1인,S024
1512_10078_3657_310,molokai_1512_10078_3657.jpg,Styrofoam_Piece,eps_fragment,0.153,21.2065398,-157.1920522,0.41,0.40,0.163,0.10,0.07,0.33,1인,S024
1512_10078_3657_311,molokai_1512_10078_3657.jpg,Styrofoam_Piece,eps_fragment,0.145,21.2065727,-157.1921166,0.40,0.35,0.138,0.08,0.06,0.28,1인,S024
1512_10078_3657_312,molokai_1512_10078_3657.jpg,Rope,rope,0.128,21.2065251,-157.1920425,1.04,0.79,0.817,9.80,6.53,16.33,1인,S024
1512_10078_3657_313,molokai_1512_10078_3657.jpg,Styrofoam_Piece,eps_fragment,0.126,21.2065589,-157.1921461,0.71,0.63,0.448,0.27,0.18,0.90,1인,S024
1512_10078_3657_314,molokai_1512_10078_3657.jpg,Styrofoam_Piece,eps_fragment,0.110,21.2065205,-157.1921201,0.48,0.41,0.197,0.12,0.08,0.39,1인,S024
1512_10986_4514_324,molokai_1512_10986_4514.jpg,Styrofoam_Buoy,eps_buoy,0.400,21.2063629,-157.1918945,0.79,0.67,0.529,4.63,1.98,5.29,1인,S025
1512_10986_4514_325,molokai_1512_10986_4514.jpg,Styrofoam_Piece,eps_fragment,0.305,21.2064210,-157.1919284,0.81,0.68,0.549,0.33,0.22,1.10,1인,S024
1512_10986_4514_326,molokai_1512_10986_4514.jpg,Plastic_ETC,plastic_other,0.212,21.2064149,-157.1919470,0.66,0.65,0.431,1.04,0.69,3.45,1인,S024
1512_10986_4514_327,molokai_1512_10986_4514.jpg,Styrofoam_Piece,eps_fragment,0.175,21.2064284,-157.1919697,0.67,0.54,0.359,0.22,0.14,0.72,1인,S024
1512_10986_4514_328,molokai_1512_10986_4514.jpg,Styrofoam_Piece,eps_fragment,0.151,21.2064063,-157.1919498,0.49,0.41,0.199,0.12,0.08,0.40,1인,S024
1512_10986_4514_329,molokai_1512_10986_4514.jpg,Styrofoam_Piece,eps_fragment,0.131,21.2063773,-157.1918925,0.54,0.42,0.223,0.13,0.09,0.45,1인,S025
1512_12525_5596_337,molokai_1512_12525_5596.jpg,Plastic_ETC,plastic_other,0.428,21.2062042,-157.1916134,0.74,0.68,0.501,1.20,0.80,4.01,1인,S026
1512_12525_5596_338,molokai_1512_12525_5596.jpg,Net,net,0.265,21.2061983,-157.1916108,0.59,0.39,0.229,4.12,1.72,10.29,1인,S026
1512_12525_5596_339,molokai_1512_12525_5596.jpg,Styrofoam_Piece,eps_fragment,0.184,21.2062128,-157.1916344,0.44,0.41,0.183,0.11,0.07,0.37,1인,S026
1512_12525_5596_340,molokai_1512_12525_5596.jpg,Styrofoam_Buoy,eps_buoy,0.144,21.2061829,-157.1916198,1.33,1.24,1.651,14.44,6.19,16.51,1인,S026
1512_12525_5596_341,molokai_1512_12525_5596.jpg,Styrofoam_Piece,eps_fragment,0.120,21.2061999,-157.1916146,0.41,0.38,0.154,0.09,0.06,0.31,1인,S026
1512_7470_-246_347,molokai_1512_7470_-246.jpg,Styrofoam_Piece,eps_fragment,0.234,21.2072373,-157.1925667,0.52,0.37,0.193,0.12,0.08,0.39,1인,S023
1512_7470_-246_348,molokai_1512_7470_-246.jpg,Styrofoam_Piece,eps_fragment,0.214,21.2072180,-157.1925281,0.96,0.65,0.623,0.37,0.25,1.25,1인,S023
1512_7470_-246_349,molokai_1512_7470_-246.jpg,Plastic_Buoy,plastic_buoy,0.180,21.2072382,-157.1925557,0.48,0.44,0.210,3.78,1.89,5.04,1인,S023
1512_7470_-246_350,molokai_1512_7470_-246.jpg,Plastic_Buoy,plastic_buoy,0.172,21.2072491,-157.1925256,0.96,0.90,0.859,15.47,7.73,20.62,1인,S023
1512_8255_789_353,molokai_1512_8255_789.jpg,Plastic_ETC,plastic_other,0.471,21.2070617,-157.1924342,0.69,0.64,0.442,1.06,0.71,3.54,1인,S027
1512_8255_789_354,molokai_1512_8255_789.jpg,Plastic_Buoy,plastic_buoy,0.247,21.2070184,-157.1924005,0.42,0.39,0.164,2.96,1.48,3.94,1인,S027
1512_8255_789_355,molokai_1512_8255_789.jpg,Plastic_ETC,plastic_other,0.221,21.2070336,-157.1923831,0.91,0.82,0.748,1.79,1.20,5.98,1인,S027
1512_8255_789_356,molokai_1512_8255_789.jpg,Plastic_ETC,plastic_other,0.111,21.2070557,-157.1923872,0.47,0.45,0.213,0.51,0.34,1.71,1인,S027
1512_8255_789_357,molokai_1512_8255_789.jpg,Plastic_ETC,plastic_other,0.104,21.2070577,-157.1924458,3.99,0.94,3.758,9.02,6.01,30.07,2인,S027
1512_8524_1127_360,molokai_1512_8524_1127.jpg,Styrofoam_Buoy,eps_buoy,0.350,21.2069995,-157.1923828,1.19,0.94,1.117,9.77,4.19,11.17,1인,S027
1512_8524_1127_361,molokai_1512_8524_1127.jpg,Plastic_ETC,plastic_other,0.285,21.2070336,-157.1923830,0.91,0.81,0.740,1.78,1.18,5.92,1인,S027
1512_8524_1127_362,molokai_1512_8524_1127.jpg,Styrofoam_Piece,eps_fragment,0.247,21.2069686,-157.1923434,0.50,0.29,0.145,0.09,0.06,0.29,1인,S027
1512_8524_1127_363,molokai_1512_8524_1127.jpg,Styrofoam_Buoy,eps_buoy,0.188,21.2069858,-157.1923588,1.03,0.98,1.013,8.86,3.80,10.13,1인,S027
1512_8524_1127_364,molokai_1512_8524_1127.jpg,Styrofoam_Piece,eps_fragment,0.171,21.2069491,-157.1923569,0.50,0.40,0.203,0.12,0.08,0.41,1인,S027
1512_8524_1127_365,molokai_1512_8524_1127.jpg,Styrofoam_Piece,eps_fragment,0.123,21.2069452,-157.1923320,0.75,0.75,0.557,0.33,0.22,1.11,1인,S027
1512_8524_1127_366,molokai_1512_8524_1127.jpg,Plastic_ETC,plastic_other,0.118,21.2069728,-157.1923631,0.83,0.78,0.645,1.55,1.03,5.16,1인,S027
1512_8524_1127_367,molokai_1512_8524_1127.jpg,Plastic_ETC,plastic_other,0.114,21.2070555,-157.1923875,0.53,0.46,0.245,0.59,0.39,1.96,1인,S027
1512_8524_1127_368,molokai_1512_8524_1127.jpg,Net,net,0.112,21.2070029,-157.1923932,0.37,0.35,0.128,2.31,0.96,5.77,1인,S027
1512_8524_1127_369,molokai_1512_8524_1127.jpg,Styrofoam_Piece,eps_fragment,0.106,21.2069765,-157.1923652,0.56,0.56,0.314,0.19,0.13,0.63,1인,S027
1512_9694_3394_373,molokai_1512_9694_3394.jpg,Styrofoam_Piece,eps_fragment,0.471,21.2065944,-157.1921649,0.52,0.52,0.273,0.16,0.11,0.55,1인,S024
1512_9694_3394_374,molokai_1512_9694_3394.jpg,Plastic_ETC,plastic_other,0.332,21.2066101,-157.1921874,0.86,0.69,0.593,1.42,0.95,4.74,1인,S024
1512_9694_3394_375,molokai_1512_9694_3394.jpg,Plastic_Buoy,plastic_buoy,0.328,21.2065775,-157.1921487,0.54,0.50,0.269,4.84,2.42,6.46,1인,S024
1512_9694_3394_376,molokai_1512_9694_3394.jpg,Styrofoam_Piece,eps_fragment,0.265,21.2065521,-157.1921074,0.67,0.40,0.266,0.16,0.11,0.53,1인,S024
1512_9694_3394_377,molokai_1512_9694_3394.jpg,Styrofoam_Piece,eps_fragment,0.258,21.2066165,-157.1921912,0.51,0.45,0.225,0.14,0.09,0.45,1인,S024
1512_9694_3394_378,molokai_1512_9694_3394.jpg,PET_Bottle,pet_bottle,0.193,21.2066207,-157.1921331,0.93,0.58,0.543,1.08,0.90,1.79,1인,S024
1512_9694_3394_379,molokai_1512_9694_3394.jpg,Plastic_ETC,plastic_other,0.186,21.2065723,-157.1921380,0.65,0.63,0.411,0.99,0.66,3.28,1인,S024
1512_9694_3394_380,molokai_1512_9694_3394.jpg,Styrofoam_Piece,eps_fragment,0.152,21.2065572,-157.1921083,0.70,0.67,0.475,0.29,0.19,0.95,1인,S024
1512_9694_3394_381,molokai_1512_9694_3394.jpg,Plastic_ETC,plastic_other,0.148,21.2065887,-157.1921224,0.78,0.74,0.581,1.39,0.93,4.65,1인,S024
1512_9694_3394_382,molokai_1512_9694_3394.jpg,Styrofoam_Piece,eps_fragment,0.144,21.2065726,-157.1921166,0.40,0.36,0.143,0.09,0.06,0.29,1인,S024
1512_9694_3394_383,molokai_1512_9694_3394.jpg,Styrofoam_Piece,eps_fragment,0.120,21.2065588,-157.1921461,0.72,0.64,0.461,0.28,0.18,0.92,1인,S024
1512_9694_3394_384,molokai_1512_9694_3394.jpg,Plastic_ETC,plastic_other,0.110,21.2066039,-157.1921673,1.97,0.80,1.584,3.80,2.53,12.67,1인,S024
1512_9694_3394_385,molokai_1512_9694_3394.jpg,Styrofoam_Piece,eps_fragment,0.103,21.2066156,-157.1921974,0.40,0.38,0.151,0.09,0.06,0.30,1인,S024
1513_1243_9230_389,molokai_1513_1243_9230.jpg,Plastic_ETC,plastic_other,0.464,21.2055079,-157.1909288,0.63,0.51,0.319,0.76,0.51,2.55,1인,S028
1513_1243_9230_390,molokai_1513_1243_9230.jpg,Styrofoam_Piece,eps_fragment,0.432,21.2055206,-157.1909687,0.75,0.63,0.477,0.29,0.19,0.95,1인,S029
1513_1243_9230_391,molokai_1513_1243_9230.jpg,Plastic_ETC,plastic_other,0.344,21.2055130,-157.1909334,0.58,0.52,0.299,0.72,0.48,2.39,1인,S028
1513_1243_9230_392,molokai_1513_1243_9230.jpg,Styrofoam_Piece,eps_fragment,0.275,21.2055315,-157.1908993,0.66,0.60,0.395,0.24,0.16,0.79,1인,S028
1513_1243_9230_393,molokai_1513_1243_9230.jpg,Plastic_Buoy,plastic_buoy,0.196,21.2055525,-157.1909323,0.31,0.28,0.086,1.55,0.78,2.07,1인,S028
1513_1243_9230_394,molokai_1513_1243_9230.jpg,Net,net,0.192,21.2055177,-157.1909174,0.56,0.52,0.288,5.19,2.16,12.96,1인,S028
1513_1243_9230_395,molokai_1513_1243_9230.jpg,Styrofoam_Piece,eps_fragment,0.185,21.2055546,-157.1909196,0.51,0.34,0.172,0.10,0.07,0.34,1인,S028
1513_1243_9230_396,molokai_1513_1243_9230.jpg,Styrofoam_Piece,eps_fragment,0.180,21.2055287,-157.1908846,0.88,0.82,0.724,0.43,0.29,1.45,1인,S028
1513_1243_9230_397,molokai_1513_1243_9230.jpg,Styrofoam_Piece,eps_fragment,0.178,21.2055275,-157.1909462,0.54,0.49,0.262,0.16,0.10,0.52,1인,S028
1513_1243_9230_398,molokai_1513_1243_9230.jpg,Net,net,0.150,21.2054938,-157.1909053,0.58,0.56,0.321,5.78,2.41,14.46,1인,S028
1513_1243_9230_399,molokai_1513_1243_9230.jpg,Styrofoam_Piece,eps_fragment,0.137,21.2055231,-157.1909071,0.61,0.49,0.302,0.18,0.12,0.60,1인,S028
1513_1243_9230_400,molokai_1513_1243_9230.jpg,Net,net,0.128,21.2054832,-157.1909216,0.47,0.45,0.210,3.78,1.58,9.46,1인,S028
1513_1243_9230_401,molokai_1513_1243_9230.jpg,Net,net,0.121,21.2055632,-157.1908634,0.58,0.41,0.241,4.33,1.81,10.84,1인,S028
1513_1243_9230_402,molokai_1513_1243_9230.jpg,Plastic_Buoy,plastic_buoy,0.113,21.2054754,-157.1908736,0.60,0.56,0.332,5.97,2.99,7.97,1인,S028
1513_1243_9230_403,molokai_1513_1243_9230.jpg,Styrofoam_Piece,eps_fragment,0.106,21.2055072,-157.1909587,0.50,0.47,0.238,0.14,0.10,0.48,1인,S028
1513_1243_9230_404,molokai_1513_1243_9230.jpg,Plastic_Buoy,plastic_buoy,0.102,21.2055121,-157.1909276,0.41,0.36,0.145,2.61,1.31,3.49,1인,S028
1513_1268_9746_408,molokai_1513_1268_9746.jpg,Plastic_ETC,plastic_other,0.153,21.2054423,-157.1909140,0.75,0.70,0.525,1.26,0.84,4.20,1인,S028
1513_1268_9746_409,molokai_1513_1268_9746.jpg,Net,net,0.134,21.2054366,-157.1909034,0.51,0.39,0.200,3.60,1.50,8.99,1인,S028
1513_1268_9746_410,molokai_1513_1268_9746.jpg,Plastic_Buoy,plastic_buoy,0.131,21.2054753,-157.1908736,0.61,0.58,0.352,6.33,3.17,8.44,1인,S028
1513_1268_9746_411,molokai_1513_1268_9746.jpg,Net,net,0.114,21.2054315,-157.1908870,0.42,0.38,0.163,2.93,1.22,7.31,1인,S028
1513_1268_9746_412,molokai_1513_1268_9746.jpg,Styrofoam_Piece,eps_fragment,0.110,21.2054166,-157.1908665,0.78,0.66,0.518,0.31,0.21,1.04,1인,S028
1513_1268_9746_413,molokai_1513_1268_9746.jpg,Plastic_ETC,plastic_other,0.105,21.2054174,-157.1909007,0.64,0.56,0.363,0.87,0.58,2.91,1인,S028
1513_1734_9804_423,molokai_1513_1734_9804.jpg,Plastic_Buoy,plastic_buoy,0.320,21.2054562,-157.1908076,0.43,0.41,0.179,3.22,1.61,4.29,1인,S028
1513_1734_9804_424,molokai_1513_1734_9804.jpg,Styrofoam_Buoy,eps_buoy,0.152,21.2054447,-157.1907873,1.11,1.04,1.156,10.11,4.33,11.56,1인,S028
1513_1734_9804_425,molokai_1513_1734_9804.jpg,Plastic_Buoy,plastic_buoy,0.126,21.2054499,-157.1908778,0.49,0.39,0.191,3.44,1.72,4.58,1인,S028
1513_1734_9804_426,molokai_1513_1734_9804.jpg,Net,net,0.114,21.2054270,-157.1908448,0.50,0.47,0.233,4.19,1.75,10.48,1인,S028
1513_1734_9804_427,molokai_1513_1734_9804.jpg,PET_Bottle,pet_bottle,0.114,21.2054022,-157.1907661,0.71,0.70,0.500,0.99,0.83,1.65,1인,S028
1513_2110_10119_439,molokai_1513_2110_10119.jpg,Plastic_ETC,plastic_other,0.330,21.2053484,-157.1907167,0.74,0.58,0.424,1.02,0.68,3.39,1인,S028
1513_2110_10119_440,molokai_1513_2110_10119.jpg,Plastic_Buoy,plastic_buoy,0.273,21.2053853,-157.1907231,0.41,0.37,0.150,2.70,1.35,3.60,1인,S028
1513_2110_10119_441,molokai_1513_2110_10119.jpg,Plastic_ETC,plastic_other,0.212,21.2053724,-157.1906967,0.54,0.52,0.278,0.67,0.44,2.22,1인,S028
1513_2110_10119_442,molokai_1513_2110_10119.jpg,Plastic_ETC,plastic_other,0.151,21.2053765,-157.1907381,1.21,1.09,1.317,3.16,2.11,10.53,1인,S028
1513_2110_10119_443,molokai_1513_2110_10119.jpg,Styrofoam_Piece,eps_fragment,0.150,21.2053522,-157.1907161,0.65,0.45,0.294,0.18,0.12,0.59,1인,S028
1513_2110_10119_444,molokai_1513_2110_10119.jpg,Net,net,0.136,21.2053591,-157.1907254,0.53,0.37,0.196,3.52,1.47,8.81,1인,S028
1513_2110_10119_445,molokai_1513_2110_10119.jpg,Plastic_Buoy,plastic_buoy,0.133,21.2053989,-157.1908030,0.46,0.33,0.153,2.76,1.38,3.68,1인,S028
1513_2110_10119_446,molokai_1513_2110_10119.jpg,PET_Bottle,pet_bottle,0.129,21.2054022,-157.1907660,0.75,0.73,0.547,1.08,0.90,1.80,1인,S028
1513_2427_10575_451,molokai_1513_2427_10575.jpg,Net,net,0.326,21.2052892,-157.1906580,0.55,0.43,0.237,4.26,1.78,10.65,1인,S030
1513_2427_10575_452,molokai_1513_2427_10575.jpg,Plastic_Buoy,plastic_buoy,0.255,21.2052761,-157.1906527,0.48,0.42,0.204,3.66,1.83,4.89,1인,S030
1513_2427_10575_453,molokai_1513_2427_10575.jpg,Styrofoam_Piece,eps_fragment,0.122,21.2053258,-157.1906829,0.57,0.53,0.298,0.18,0.12,0.60,1인,S028
1513_2503_10175_459,molokai_1513_2503_10175.jpg,Plastic_ETC,plastic_other,0.383,21.2053484,-157.1907168,0.74,0.58,0.431,1.03,0.69,3.44,1인,S028
1513_2503_10175_460,molokai_1513_2503_10175.jpg,Plastic_ETC,plastic_other,0.273,21.2053725,-157.1906968,0.52,0.51,0.268,0.64,0.43,2.15,1인,S028
1513_2503_10175_461,molokai_1513_2503_10175.jpg,Net,net,0.214,21.2053877,-157.1906558,0.47,0.44,0.208,3.74,1.56,9.34,1인,S028
1513_2503_10175_462,molokai_1513_2503_10175.jpg,Net,net,0.212,21.2053467,-157.1907114,0.64,0.52,0.336,6.05,2.52,15.11,1인,S028
1513_2503_10175_463,molokai_1513_2503_10175.jpg,Plastic_ETC,plastic_other,0.189,21.2052964,-157.1906150,0.67,0.56,0.377,0.90,0.60,3.01,1인,S030
1513_2503_10175_464,molokai_1513_2503_10175.jpg,Plastic_Buoy,plastic_buoy,0.166,21.2053853,-157.1907231,0.42,0.38,0.157,2.82,1.41,3.76,1인,S028
1513_2503_10175_465,molokai_1513_2503_10175.jpg,Net,net,0.159,21.2053812,-157.1906197,0.53,0.50,0.268,4.82,2.01,12.05,1인,S028
1513_2503_10175_466,molokai_1513_2503_10175.jpg,Styrofoam_Piece,eps_fragment,0.155,21.2053258,-157.1906829,0.57,0.54,0.306,0.18,0.12,0.61,1인,S028
1513_2503_10175_467,molokai_1513_2503_10175.jpg,Net,net,0.146,21.2053650,-157.1907022,0.45,0.43,0.191,3.44,1.43,8.59,1인,S028
1513_2503_10175_468,molokai_1513_2503_10175.jpg,Net,net,0.115,21.2053573,-157.1907084,0.45,0.32,0.144,2.60,1.08,6.49,1인,S028
1513_2503_10175_469,molokai_1513_2503_10175.jpg,Styrofoam_Buoy,eps_buoy,0.106,21.2053775,-157.1907335,0.76,0.23,0.178,1.55,0.67,1.78,1인,S028
1513_2503_10175_470,molokai_1513_2503_10175.jpg,Styrofoam_Piece,eps_fragment,0.101,21.2053522,-157.1907161,0.64,0.45,0.287,0.17,0.11,0.57,1인,S028
1513_2947_10920_479,molokai_1513_2947_10920.jpg,Net,net,0.309,21.2052668,-157.1906264,0.44,0.34,0.151,2.72,1.13,6.80,1인,S030
1513_2947_10920_480,molokai_1513_2947_10920.jpg,Plastic_ETC,plastic_other,0.247,21.2052352,-157.1906157,0.56,0.47,0.260,0.62,0.42,2.08,1인,S031
1513_2947_10920_481,molokai_1513_2947_10920.jpg,Net,net,0.161,21.2051695,-157.1905520,0.52,0.37,0.193,3.47,1.44,8.67,1인,S031
1513_2947_10920_482,molokai_1513_2947_10920.jpg,Styrofoam_Piece,eps_fragment,0.141,21.2051596,-157.1905356,0.51,0.46,0.237,0.14,0.09,0.47,1인,S031
1513_2947_10920_483,molokai_1513_2947_10920.jpg,Plastic_Buoy,plastic_buoy,0.123,21.2052332,-157.1905883,0.46,0.45,0.208,3.74,1.87,4.99,1인,S031
1513_2947_10920_484,molokai_1513_2947_10920.jpg,Styrofoam_Piece,eps_fragment,0.102,21.2052118,-157.1905429,0.47,0.46,0.215,0.13,0.09,0.43,1인,S031
1513_3271_11226_493,molokai_1513_3271_11226.jpg,Net,net,0.251,21.2052103,-157.1905376,0.43,0.26,0.113,2.04,0.85,5.10,1인,S031
1513_3271_11226_494,molokai_1513_3271_11226.jpg,Net,net,0.126,21.2051694,-157.1905520,0.54,0.43,0.230,4.14,1.73,10.36,1인,S031
1513_3271_11226_495,molokai_1513_3271_11226.jpg,Plastic_ETC,plastic_other,0.105,21.2051124,-157.1905058,0.80,0.46,0.369,0.89,0.59,2.95,1인,S031
1513_3271_11226_496,molokai_1513_3271_11226.jpg,Net,net,0.105,21.2051789,-157.1905285,0.56,0.44,0.244,4.40,1.83,11.00,1인,S031
1513_3271_11226_497,molokai_1513_3271_11226.jpg,Plastic_ETC,plastic_other,0.101,21.2051485,-157.1905260,0.66,0.66,0.439,1.05,0.70,3.51,1인,S031
1513_3506_10868_506,molokai_1513_3506_10868.jpg,Plastic_ETC,plastic_other,0.229,21.2051829,-157.1904453,0.63,0.56,0.354,0.85,0.57,2.83,1인,S031
1513_3506_10868_507,molokai_1513_3506_10868.jpg,Plastic_ETC,plastic_other,0.228,21.2052332,-157.1905279,0.71,0.69,0.490,1.18,0.78,3.92,1인,S031
1513_3506_10868_508,molokai_1513_3506_10868.jpg,Net,net,0.226,21.2052762,-157.1905310,0.44,0.35,0.155,2.79,1.16,6.98,1인,S031
1513_3506_10868_509,molokai_1513_3506_10868.jpg,Plastic_Buoy,plastic_buoy,0.149,21.2052290,-157.1905168,0.53,0.50,0.267,4.81,2.40,6.41,1인,S031
1513_3506_10868_510,molokai_1513_3506_10868.jpg,Net,net,0.143,21.2051789,-157.1905285,0.55,0.43,0.234,4.22,1.76,10.55,1인,S031
1513_3506_10868_511,molokai_1513_3506_10868.jpg,Plastic_ETC,plastic_other,0.137,21.2051675,-157.1905275,0.69,0.51,0.351,0.84,0.56,2.81,1인,S031
1513_3506_10868_512,molokai_1513_3506_10868.jpg,Net,net,0.110,21.2052104,-157.1905375,0.43,0.24,0.104,1.88,0.78,4.70,1인,S031
1513_3506_10868_513,molokai_1513_3506_10868.jpg,Styrofoam_Piece,eps_fragment,0.106,21.2052209,-157.1904844,0.54,0.46,0.250,0.15,0.10,0.50,1인,S031
1513_3506_10868_514,molokai_1513_3506_10868.jpg,Styrofoam_Piece,eps_fragment,0.106,21.2052118,-157.1905421,0.50,0.29,0.143,0.09,0.06,0.29,1인,S031
1513_3700_11273_520,molokai_1513_3700_11273.jpg,Net,net,0.155,21.2051344,-157.1904099,0.59,0.40,0.237,4.26,1.78,10.66,1인,S031
1513_3700_11273_521,molokai_1513_3700_11273.jpg,Plastic_Buoy,plastic_buoy,0.154,21.2051830,-157.1904452,0.62,0.53,0.329,5.92,2.96,7.89,1인,S031
1513_3700_11273_522,molokai_1513_3700_11273.jpg,Net,net,0.144,21.2050992,-157.1904142,0.52,0.44,0.229,4.12,1.72,10.31,1인,S031
1513_3700_11273_523,molokai_1513_3700_11273.jpg,Net,net,0.132,21.2051124,-157.1905047,0.54,0.31,0.165,2.97,1.24,7.43,1인,S031
1513_3700_11273_524,molokai_1513_3700_11273.jpg,Plastic_Buoy,plastic_buoy,0.118,21.2051395,-157.1904300,0.46,0.42,0.194,3.49,1.74,4.65,1인,S031
1513_3700_11273_525,molokai_1513_3700_11273.jpg,Rope,rope,0.114,21.2051303,-157.1904713,1.10,0.64,0.707,8.48,5.65,14.13,1인,S031
1513_4653_11760_532,molokai_1513_4653_11760.jpg,Net,net,0.302,21.2050817,-157.1903014,0.43,0.40,0.170,3.05,1.27,7.64,1인,S031
1513_4653_11760_533,molokai_1513_4653_11760.jpg,Net,net,0.147,21.2051131,-157.1902687,0.46,0.26,0.119,2.14,0.89,5.34,1인,S032
1513_4653_11760_534,molokai_1513_4653_11760.jpg,Plastic_ETC,plastic_other,0.120,21.2050370,-157.1902189,0.68,0.64,0.438,1.05,0.70,3.51,1인,S032
1513_4653_11760_535,molokai_1513_4653_11760.jpg,Plastic_Buoy,plastic_buoy,0.107,21.2050729,-157.1902244,0.56,0.49,0.275,4.94,2.47,6.59,1인,S032
1513_4985_11918_545,molokai_1513_4985_11918.jpg,Styrofoam_Buoy,eps_buoy,0.336,21.2049952,-157.1901691,0.81,0.78,0.629,5.51,2.36,6.29,1인,S032
1513_4985_11918_546,molokai_1513_4985_11918.jpg,Net,net,0.211,21.2050728,-157.1902119,0.61,0.43,0.259,4.67,1.94,11.67,1인,S032
1513_4985_11918_547,molokai_1513_4985_11918.jpg,Plastic_Buoy,plastic_buoy,0.182,21.2050270,-157.1901991,0.47,0.44,0.205,3.70,1.85,4.93,1인,S032
1513_4985_11918_548,molokai_1513_4985_11918.jpg,Net,net,0.179,21.2050688,-157.1902476,0.56,0.51,0.283,5.10,2.12,12.74,1인,S032
1513_7140_13903_559,molokai_1513_7140_13903.jpg,Plastic_Buoy,plastic_buoy,0.233,21.2046206,-157.1897638,0.29,0.26,0.074,1.33,0.66,1.77,1인,S033
1513_7140_13903_560,molokai_1513_7140_13903.jpg,Plastic_ETC,plastic_other,0.222,21.2046146,-157.1898165,0.87,0.74,0.647,1.55,1.03,5.17,1인,S033
1513_7140_13903_561,molokai_1513_7140_13903.jpg,Plastic_ETC,plastic_other,0.124,21.2046102,-157.1898443,1.17,0.70,0.822,1.97,1.32,6.58,1인,S033
1513_7140_13903_562,molokai_1513_7140_13903.jpg,Plastic_ETC,plastic_other,0.119,21.2046126,-157.1897512,1.99,0.98,1.951,4.68,3.12,15.61,1인,S033
1513_7140_13903_563,molokai_1513_7140_13903.jpg,Net,net,0.105,21.2046747,-157.1898397,0.55,0.42,0.230,4.15,1.73,10.37,1인,S033
1513_8435_14608_568,molokai_1513_8435_14608.jpg,Plastic_Buoy,plastic_buoy,0.567,21.2045509,-157.1895401,0.38,0.38,0.144,2.59,1.30,3.46,1인,S034
1513_8435_14608_569,molokai_1513_8435_14608.jpg,Net,net,0.151,21.2045597,-157.1895611,0.59,0.57,0.340,6.11,2.55,15.28,1인,S034
1513_8435_14608_570,molokai_1513_8435_14608.jpg,Styrofoam_Piece,eps_fragment,0.131,21.2045380,-157.1895873,0.58,0.55,0.317,0.19,0.13,0.63,1인,S034
1513_8435_14608_571,molokai_1513_8435_14608.jpg,Plastic_Buoy,plastic_buoy,0.125,21.2045890,-157.1895986,0.69,0.60,0.416,7.48,3.74,9.98,1인,S034
1513_8435_14608_572,molokai_1513_8435_14608.jpg,PET_Bottle,pet_bottle,0.120,21.2045363,-157.1894924,0.91,0.83,0.751,1.49,1.24,2.48,1인,S034
1513_8435_14608_573,molokai_1513_8435_14608.jpg,Styrofoam_Buoy,eps_buoy,0.110,21.2045527,-157.1894852,2.11,1.32,2.774,24.27,10.40,27.74,2인,S034
1513_917_9253_577,molokai_1513_917_9253.jpg,Plastic_ETC,plastic_other,0.436,21.2055078,-157.1909286,0.63,0.50,0.317,0.76,0.51,2.54,1인,S028
1513_917_9253_578,molokai_1513_917_9253.jpg,Plastic_ETC,plastic_other,0.382,21.2055129,-157.1909334,0.59,0.53,0.310,0.74,0.50,2.48,1인,S028
1513_917_9253_579,molokai_1513_917_9253.jpg,Styrofoam_Piece,eps_fragment,0.296,21.2055206,-157.1909688,0.76,0.67,0.511,0.31,0.20,1.02,1인,S029
1513_917_9253_580,molokai_1513_917_9253.jpg,Styrofoam_Piece,eps_fragment,0.269,21.2055546,-157.1909197,0.51,0.33,0.167,0.10,0.07,0.33,1인,S028
1513_917_9253_581,molokai_1513_917_9253.jpg,Net,net,0.224,21.2055177,-157.1909177,0.56,0.52,0.292,5.26,2.19,13.15,1인,S028
1513_917_9253_582,molokai_1513_917_9253.jpg,Styrofoam_Piece,eps_fragment,0.188,21.2055072,-157.1909586,0.51,0.46,0.237,0.14,0.09,0.47,1인,S028
1513_917_9253_583,molokai_1513_917_9253.jpg,Rope,rope,0.157,21.2054838,-157.1909237,0.88,0.62,0.547,6.57,4.38,10.94,1인,S028
1513_917_9253_584,molokai_1513_917_9253.jpg,Plastic_Buoy,plastic_buoy,0.134,21.2055525,-157.1909324,0.30,0.29,0.085,1.53,0.77,2.05,1인,S028
1513_917_9253_585,molokai_1513_917_9253.jpg,PET_Bottle,pet_bottle,0.125,21.2055637,-157.1909608,0.52,0.48,0.252,0.50,0.42,0.83,1인,S029
1513_917_9253_586,molokai_1513_917_9253.jpg,Plastic_Buoy,plastic_buoy,0.107,21.2055507,-157.1909875,0.51,0.47,0.240,4.33,2.16,5.77,1인,S029
1723_14184_3561_601,molokai_1723_14184_3561.jpg,Net,net,0.282,21.2037539,-157.1884279,0.57,0.40,0.227,4.08,1.70,10.21,1인,S035
1723_14184_3561_602,molokai_1723_14184_3561.jpg,Net,net,0.231,21.2037841,-157.1884891,0.52,0.49,0.257,4.62,1.93,11.56,1인,S035
1723_14184_3561_603,molokai_1723_14184_3561.jpg,Styrofoam_Piece,eps_fragment,0.203,21.2038088,-157.1884427,0.79,0.77,0.609,0.37,0.24,1.22,1인,S035
1723_14184_3561_604,molokai_1723_14184_3561.jpg,Net,net,0.200,21.2037773,-157.1884841,0.39,0.37,0.145,2.62,1.09,6.54,1인,S035
1723_14573_4097_609,molokai_1723_14573_4097.jpg,Styrofoam_Piece,eps_fragment,0.278,21.2037119,-157.1883944,0.42,0.42,0.177,0.11,0.07,0.35,1인,S035
1723_14573_4097_610,molokai_1723_14573_4097.jpg,PET_Bottle,pet_bottle,0.221,21.2037004,-157.1883556,0.81,0.34,0.280,0.55,0.46,0.92,1인,S035
1723_14573_4097_611,molokai_1723_14573_4097.jpg,Plastic_ETC,plastic_other,0.188,21.2037161,-157.1884013,0.51,0.49,0.246,0.59,0.39,1.96,1인,S035
1723_14573_4097_612,molokai_1723_14573_4097.jpg,Plastic_Buoy,plastic_buoy,0.149,21.2036955,-157.1883723,0.27,0.27,0.074,1.33,0.66,1.77,1인,S035
1723_14573_4097_613,molokai_1723_14573_4097.jpg,Plastic_Buoy,plastic_buoy,0.149,21.2037042,-157.1883775,0.38,0.35,0.131,2.36,1.18,3.15,1인,S035
1723_14573_4097_614,molokai_1723_14573_4097.jpg,Net,net,0.143,21.2037407,-157.1884148,0.62,0.36,0.225,4.06,1.69,10.15,1인,S035
1723_14573_4097_615,molokai_1723_14573_4097.jpg,Plastic_ETC,plastic_other,0.125,21.2037104,-157.1883825,0.59,0.47,0.280,0.67,0.45,2.24,1인,S035
1723_14573_4097_616,molokai_1723_14573_4097.jpg,Net,net,0.123,21.2037537,-157.1884273,0.46,0.42,0.194,3.50,1.46,8.75,1인,S035
1723_14584_3758_624,molokai_1723_14584_3758.jpg,Net,net,0.293,21.2037406,-157.1884149,0.63,0.37,0.234,4.21,1.75,10.52,1인,S035
1723_14584_3758_625,molokai_1723_14584_3758.jpg,Net,net,0.193,21.2037163,-157.1884009,0.58,0.41,0.233,4.20,1.75,10.51,1인,S035
1723_14584_3758_626,molokai_1723_14584_3758.jpg,Net,net,0.103,21.2038202,-157.1883987,0.68,0.49,0.336,6.05,2.52,15.13,1인,S035
1723_9477_2_632,molokai_1723_9477_2.jpg,Plastic_ETC,plastic_other,0.303,21.2044269,-157.1893988,1.07,0.81,0.871,2.09,1.39,6.96,1인,S034
1723_9477_2_633,molokai_1723_9477_2.jpg,Plastic_ETC,plastic_other,0.168,21.2044276,-157.1893773,0.66,0.53,0.349,0.84,0.56,2.79,1인,S034
1724_-247_4090_639,molokai_1724_-247_4090.jpg,PET_Bottle,pet_bottle,0.440,21.2036938,-157.1883336,0.51,0.34,0.177,0.35,0.29,0.58,1인,S035
1724_-247_4090_640,molokai_1724_-247_4090.jpg,Net,net,0.207,21.2037507,-157.1883218,0.46,0.43,0.199,3.58,1.49,8.95,1인,S035
1724_-247_4090_641,molokai_1724_-247_4090.jpg,Net,net,0.160,21.2036919,-157.1882958,0.39,0.37,0.143,2.58,1.07,6.45,1인,S035
1724_-247_4090_642,molokai_1724_-247_4090.jpg,PET_Bottle,pet_bottle,0.127,21.2036886,-157.1883017,0.65,0.44,0.287,0.57,0.47,0.95,1인,S035
1724_-255_3764_648,molokai_1724_-255_3764.jpg,Net,net,0.206,21.2038085,-157.1883337,0.60,0.44,0.265,4.77,1.99,11.92,1인,S035
1724_1426_4958_651,molokai_1724_1426_4958.jpg,Plastic_ETC,plastic_other,0.361,21.2035314,-157.1880347,0.69,0.68,0.465,1.12,0.74,3.72,1인,S036
1724_1426_4958_652,molokai_1724_1426_4958.jpg,PET_Bottle,pet_bottle,0.315,21.2035837,-157.1880502,0.62,0.44,0.273,0.54,0.45,0.90,1인,S036
1724_1426_4958_653,molokai_1724_1426_4958.jpg,Plastic_ETC,plastic_other,0.170,21.2035330,-157.1879623,0.49,0.36,0.176,0.42,0.28,1.41,1인,S036
1724_1426_4958_654,molokai_1724_1426_4958.jpg,PET_Bottle,pet_bottle,0.160,21.2035276,-157.1880090,1.11,0.92,1.026,2.03,1.69,3.39,1인,S036
1724_1426_4958_655,molokai_1724_1426_4958.jpg,Plastic_ETC,plastic_other,0.125,21.2035563,-157.1880315,0.75,0.56,0.421,1.01,0.67,3.37,1인,S036
1724_7356_7370_664,molokai_1724_7356_7370.jpg,Net,net,0.138,21.2031514,-157.1868554,0.45,0.39,0.179,3.22,1.34,8.05,1인,S037
1724_7356_7370_665,molokai_1724_7356_7370.jpg,Plastic_ETC,plastic_other,0.109,21.2030876,-157.1869289,0.96,0.88,0.844,2.03,1.35,6.75,1인,S037
1724_8245_7681_674,molokai_1724_8245_7681.jpg,Net,net,0.270,21.2030988,-157.1866624,0.49,0.32,0.157,2.82,1.18,7.05,1인,S038
1724_8245_7681_675,molokai_1724_8245_7681.jpg,Net,net,0.222,21.2030145,-157.1866635,0.58,0.45,0.264,4.75,1.98,11.88,1인,S038
1724_8245_7681_676,molokai_1724_8245_7681.jpg,Net,net,0.101,21.2030457,-157.1867505,0.40,0.34,0.139,2.50,1.04,6.25,1인,S038
1724_8740_7557_678,molokai_1724_8740_7557.jpg,PET_Bottle,pet_bottle,0.375,21.2030258,-157.1865521,0.60,0.42,0.256,0.51,0.42,0.85,1인,S039
1724_8740_7557_679,molokai_1724_8740_7557.jpg,Net,net,0.270,21.2031075,-157.1866448,0.50,0.40,0.199,3.58,1.49,8.95,1인,S038
1724_8740_7557_680,molokai_1724_8740_7557.jpg,Net,net,0.253,21.2030989,-157.1866624,0.49,0.35,0.170,3.06,1.27,7.65,1인,S038
1724_8740_7557_681,molokai_1724_8740_7557.jpg,PET_Bottle,pet_bottle,0.159,21.2030309,-157.1866122,0.71,0.62,0.444,0.88,0.73,1.47,1인,S039
1724_8740_7557_682,molokai_1724_8740_7557.jpg,Plastic_ETC,plastic_other,0.134,21.2030140,-157.1866616,2.28,0.97,2.207,5.30,3.53,17.65,1인,S038
1724_8740_7557_683,molokai_1724_8740_7557.jpg,Plastic_ETC,plastic_other,0.116,21.2030670,-157.1866093,1.03,0.77,0.792,1.90,1.27,6.33,1인,S039
1724_9381_7750_694,molokai_1724_9381_7750.jpg,PET_Bottle,pet_bottle,0.407,21.2030479,-157.1865286,0.70,0.60,0.424,0.84,0.70,1.40,1인,S039
1724_9381_7750_695,molokai_1724_9381_7750.jpg,Plastic_Buoy_China,plastic_buoy,0.366,21.2029800,-157.1864435,0.56,0.54,0.304,5.47,2.74,7.29,1인,S039
1725_13156_9587_702,molokai_1725_13156_9587.jpg,Plastic_Buoy,plastic_buoy,0.157,21.2023307,-157.1829046,0.37,0.36,0.134,2.42,1.21,3.22,1인,S040
1725_13156_9587_703,molokai_1725_13156_9587.jpg,Plastic_Buoy,plastic_buoy,0.150,21.2022863,-157.1829120,0.41,0.38,0.156,2.81,1.40,3.74,1인,S040
1725_13156_9587_704,molokai_1725_13156_9587.jpg,Plastic_Buoy,plastic_buoy,0.119,21.2023617,-157.1828817,0.41,0.37,0.152,2.74,1.37,3.65,1인,S040
1725_13156_9587_705,molokai_1725_13156_9587.jpg,Net,net,0.106,21.2022682,-157.1828780,0.54,0.42,0.227,4.09,1.70,10.23,1인,S040
1725_13156_9587_706,molokai_1725_13156_9587.jpg,Plastic_Buoy,plastic_buoy,0.103,21.2022748,-157.1828210,0.63,0.58,0.361,6.50,3.25,8.66,1인,S040
1725_13394_10093_711,molokai_1725_13394_10093.jpg,Styrofoam_Piece,eps_fragment,0.274,21.2022108,-157.1828058,0.77,0.69,0.525,0.32,0.21,1.05,1인,S040
1725_13394_10093_712,molokai_1725_13394_10093.jpg,Styrofoam_Piece,eps_fragment,0.181,21.2022077,-157.1828312,0.52,0.47,0.248,0.15,0.10,0.50,1인,S040
1725_13394_10093_713,molokai_1725_13394_10093.jpg,Plastic_Buoy,plastic_buoy,0.142,21.2022670,-157.1827917,0.49,0.46,0.228,4.10,2.05,5.47,1인,S040
1725_13394_10093_714,molokai_1725_13394_10093.jpg,Styrofoam_Piece,eps_fragment,0.134,21.2022045,-157.1828243,0.40,0.38,0.151,0.09,0.06,0.30,1인,S040
1725_13394_10093_715,molokai_1725_13394_10093.jpg,Styrofoam_Piece,eps_fragment,0.127,21.2022065,-157.1827875,0.51,0.49,0.254,0.15,0.10,0.51,1인,S040
1725_13394_10093_716,molokai_1725_13394_10093.jpg,Plastic_Buoy,plastic_buoy,0.126,21.2022501,-157.1827746,0.61,0.40,0.244,4.40,2.20,5.87,1인,S040
1725_13394_10093_717,molokai_1725_13394_10093.jpg,Plastic_Buoy,plastic_buoy,0.108,21.2022750,-157.1828206,0.65,0.61,0.395,7.12,3.56,9.49,1인,S040
1725_13596_9775_722,molokai_1725_13596_9775.jpg,Plastic_ETC,plastic_other,0.216,21.2022504,-157.1827726,0.85,0.68,0.582,1.40,0.93,4.66,1인,S040
1725_13596_9775_723,molokai_1725_13596_9775.jpg,Plastic_Buoy,plastic_buoy,0.130,21.2022557,-157.1827881,0.36,0.33,0.118,2.13,1.06,2.84,1인,S040
1725_14232_9596_729,molokai_1725_14232_9596.jpg,Net,net,0.183,21.2022903,-157.1826283,0.49,0.40,0.200,3.60,1.50,9.01,1인,S041
1725_14232_9596_730,molokai_1725_14232_9596.jpg,Net,net,0.150,21.2022892,-157.1826900,0.48,0.41,0.193,3.48,1.45,8.70,1인,S040
1725_14232_9596_731,molokai_1725_14232_9596.jpg,Plastic_Buoy,plastic_buoy,0.139,21.2022689,-157.1826126,0.39,0.33,0.127,2.28,1.14,3.04,1인,S041
1725_14532_9972_738,molokai_1725_14532_9972.jpg,Net,net,0.332,21.2022903,-157.1826283,0.48,0.41,0.196,3.53,1.47,8.82,1인,S041
1725_14532_9972_739,molokai_1725_14532_9972.jpg,Net,net,0.228,21.2022327,-157.1826421,0.44,0.44,0.191,3.44,1.43,8.59,1인,S040
1725_14532_9972_740,molokai_1725_14532_9972.jpg,Plastic_Buoy,plastic_buoy,0.157,21.2022536,-157.1825954,0.39,0.37,0.144,2.60,1.30,3.46,1인,S041
1725_14532_9972_741,molokai_1725_14532_9972.jpg,Plastic_Buoy,plastic_buoy,0.134,21.2022711,-157.1825990,0.35,0.34,0.117,2.11,1.06,2.82,1인,S041
1725_14532_9972_742,molokai_1725_14532_9972.jpg,Plastic_Buoy,plastic_buoy,0.123,21.2022797,-157.1826733,0.42,0.40,0.169,3.04,1.52,4.05,1인,S040
1725_14532_9972_743,molokai_1725_14532_9972.jpg,Plastic_Buoy,plastic_buoy,0.117,21.2022562,-157.1825999,0.41,0.38,0.158,2.84,1.42,3.79,1인,S041
1725_14532_9972_744,molokai_1725_14532_9972.jpg,Plastic_Buoy,plastic_buoy,0.103,21.2022688,-157.1826126,0.38,0.35,0.132,2.38,1.19,3.18,1인,S041
1725_1843_7090_749,molokai_1725_1843_7090.jpg,Plastic_Buoy,plastic_buoy,0.197,21.2028084,-157.1850455,0.39,0.38,0.147,2.65,1.32,3.53,1인,S042
1725_1843_7090_750,molokai_1725_1843_7090.jpg,Net,net,0.122,21.2027863,-157.1850360,0.34,0.26,0.091,1.64,0.68,4.11,1인,S042
1725_1843_7090_751,molokai_1725_1843_7090.jpg,Net,net,0.114,21.2027770,-157.1850066,0.41,0.35,0.144,2.59,1.08,6.47,1인,S042
1725_1843_7090_752,molokai_1725_1843_7090.jpg,Plastic_Buoy,plastic_buoy,0.104,21.2027896,-157.1850739,0.36,0.35,0.125,2.25,1.13,3.00,1인,S042
1725_418_6804_756,molokai_1725_418_6804.jpg,Plastic_Buoy,plastic_buoy,0.344,21.2028030,-157.1853189,0.50,0.49,0.242,4.35,2.18,5.80,1인,S043
1725_418_6804_757,molokai_1725_418_6804.jpg,Plastic_Buoy,plastic_buoy,0.275,21.2027968,-157.1852979,0.51,0.47,0.243,4.38,2.19,5.83,1인,S043
1725_418_6804_758,molokai_1725_418_6804.jpg,Plastic_Buoy_China,plastic_buoy,0.175,21.2028181,-157.1853867,0.49,0.38,0.187,3.36,1.68,4.48,1인,S043
1725_418_6804_759,molokai_1725_418_6804.jpg,Plastic_Buoy_China,plastic_buoy,0.168,21.2028132,-157.1853863,0.45,0.44,0.198,3.57,1.78,4.76,1인,S043
1725_418_6804_760,molokai_1725_418_6804.jpg,Net,net,0.162,21.2028133,-157.1853527,0.61,0.51,0.310,5.57,2.32,13.93,1인,S043
1725_418_6804_761,molokai_1725_418_6804.jpg,Plastic_ETC,plastic_other,0.113,21.2027944,-157.1853599,1.19,1.17,1.401,3.36,2.24,11.21,1인,S043
1725_418_6804_762,molokai_1725_418_6804.jpg,Net,net,0.112,21.2028964,-157.1852749,0.54,0.43,0.234,4.21,1.75,10.53,1인,S043
1725_418_6804_763,molokai_1725_418_6804.jpg,Net,net,0.100,21.2027951,-157.1853666,0.51,0.36,0.185,3.32,1.38,8.30,1인,S043
1725_5319_7172_764,molokai_1725_5319_7172.jpg,Plastic_ETC,plastic_other,0.416,21.2027250,-157.1843937,0.74,0.69,0.508,1.22,0.81,4.06,1인,S044
1725_5319_7172_765,molokai_1725_5319_7172.jpg,Plastic_ETC,plastic_other,0.188,21.2027612,-157.1843253,0.58,0.55,0.318,0.76,0.51,2.54,1인,S044
1725_5319_7172_766,molokai_1725_5319_7172.jpg,Net,net,0.101,21.2027600,-157.1843726,0.46,0.33,0.153,2.75,1.15,6.87,1인,S044
1725_5971_7236_769,molokai_1725_5971_7236.jpg,Styrofoam_Buoy,eps_buoy,0.311,21.2027707,-157.1843077,0.75,0.75,0.566,4.95,2.12,5.66,1인,S044
1725_5971_7236_770,molokai_1725_5971_7236.jpg,Plastic_Buoy,plastic_buoy,0.241,21.2026952,-157.1842015,0.46,0.43,0.201,3.62,1.81,4.82,1인,S044
1725_5971_7236_771,molokai_1725_5971_7236.jpg,Plastic_Buoy,plastic_buoy,0.167,21.2027334,-157.1843180,0.40,0.38,0.151,2.72,1.36,3.63,1인,S044
1725_5971_7236_772,molokai_1725_5971_7236.jpg,Plastic_Buoy,plastic_buoy,0.157,21.2027177,-157.1843057,0.45,0.44,0.198,3.57,1.78,4.76,1인,S044
1725_5971_7236_773,molokai_1725_5971_7236.jpg,Plastic_Buoy_China,plastic_buoy,0.156,21.2027927,-157.1841978,0.51,0.39,0.201,3.63,1.81,4.83,1인,S044
1725_5971_7236_774,molokai_1725_5971_7236.jpg,Plastic_Buoy,plastic_buoy,0.149,21.2027119,-157.1842943,0.45,0.44,0.197,3.54,1.77,4.73,1인,S044
1725_5971_7236_775,molokai_1725_5971_7236.jpg,Plastic_Buoy,plastic_buoy,0.103,21.2027725,-157.1842131,0.51,0.46,0.233,4.20,2.10,5.60,1인,S044
1725_6148_7639_783,molokai_1725_6148_7639.jpg,Net,net,0.188,21.2026873,-157.1841968,0.45,0.41,0.185,3.33,1.39,8.33,1인,S044
1725_6148_7639_784,molokai_1725_6148_7639.jpg,Plastic_Buoy,plastic_buoy,0.175,21.2026952,-157.1842015,0.43,0.41,0.173,3.11,1.56,4.15,1인,S044
1725_6148_7639_785,molokai_1725_6148_7639.jpg,Net,net,0.145,21.2026584,-157.1842477,0.50,0.40,0.200,3.60,1.50,9.00,1인,S044
1725_9034_8395_792,molokai_1725_9034_8395.jpg,Plastic_Buoy,plastic_buoy,0.172,21.2025807,-157.1836237,0.32,0.32,0.102,1.84,0.92,2.45,1인,S045
1725_9034_8395_793,molokai_1725_9034_8395.jpg,Plastic_Buoy,plastic_buoy,0.101,21.2025670,-157.1836383,0.44,0.40,0.175,3.15,1.58,4.20,1인,S045
1725_9472_8275_805,molokai_1725_9472_8275.jpg,Plastic_Buoy,plastic_buoy,0.466,21.2025801,-157.1836032,0.47,0.46,0.217,3.91,1.95,5.21,1인,S045
1725_9472_8275_806,molokai_1725_9472_8275.jpg,Plastic_Buoy,plastic_buoy,0.332,21.2025288,-157.1835699,0.37,0.36,0.132,2.38,1.19,3.17,1인,S045
1725_9472_8275_807,molokai_1725_9472_8275.jpg,Plastic_Buoy,plastic_buoy,0.318,21.2026080,-157.1835287,1.23,1.02,1.257,22.62,11.31,30.16,2인,S045
1725_9472_8275_808,molokai_1725_9472_8275.jpg,Plastic_Buoy,plastic_buoy,0.245,21.2025674,-157.1835281,0.40,0.39,0.156,2.81,1.41,3.75,1인,S045
1725_9472_8275_809,molokai_1725_9472_8275.jpg,Plastic_Buoy,plastic_buoy,0.155,21.2025437,-157.1835644,0.42,0.41,0.173,3.12,1.56,4.16,1인,S045
1725_9472_8275_810,molokai_1725_9472_8275.jpg,Plastic_Buoy,plastic_buoy,0.149,21.2025805,-157.1835494,0.52,0.47,0.242,4.35,2.18,5.81,1인,S045
1725_9472_8275_811,molokai_1725_9472_8275.jpg,Plastic_Buoy,plastic_buoy,0.130,21.2025395,-157.1835583,0.56,0.46,0.257,4.63,2.32,6.18,1인,S045
1725_9472_8275_812,molokai_1725_9472_8275.jpg,Net,net,0.125,21.2025347,-157.1835652,0.40,0.35,0.141,2.54,1.06,6.34,1인,S045
1725_9472_8275_813,molokai_1725_9472_8275.jpg,Plastic_Buoy,plastic_buoy,0.118,21.2025258,-157.1835717,0.43,0.41,0.177,3.18,1.59,4.24,1인,S045
1725_9472_8275_814,molokai_1725_9472_8275.jpg,Plastic_Buoy,plastic_buoy,0.117,21.2025670,-157.1836383,0.43,0.41,0.176,3.17,1.58,4.23,1인,S045
1725_9788_8295_830,molokai_1725_9788_8295.jpg,Plastic_Buoy,plastic_buoy,0.367,21.2025976,-157.1834762,0.51,0.51,0.259,4.65,2.33,6.20,1인,S045
1725_9788_8295_831,molokai_1725_9788_8295.jpg,Plastic_Buoy,plastic_buoy,0.347,21.2026021,-157.1834943,0.48,0.46,0.221,3.97,1.99,5.30,1인,S045
1725_9788_8295_832,molokai_1725_9788_8295.jpg,Plastic_Buoy,plastic_buoy,0.335,21.2026064,-157.1835278,1.21,0.85,1.028,18.50,9.25,24.67,2인,S045
1725_9788_8295_833,molokai_1725_9788_8295.jpg,Plastic_Buoy,plastic_buoy,0.261,21.2025933,-157.1835022,0.47,0.44,0.203,3.66,1.83,4.88,1인,S045
1725_9788_8295_834,molokai_1725_9788_8295.jpg,Plastic_Buoy,plastic_buoy,0.254,21.2025288,-157.1835699,0.37,0.36,0.134,2.42,1.21,3.22,1인,S045
1725_9788_8295_835,molokai_1725_9788_8295.jpg,Plastic_Buoy,plastic_buoy,0.232,21.2025674,-157.1835281,0.40,0.39,0.157,2.82,1.41,3.76,1인,S045
1725_9788_8295_836,molokai_1725_9788_8295.jpg,Plastic_Buoy,plastic_buoy,0.218,21.2025901,-157.1835146,0.34,0.34,0.116,2.09,1.05,2.79,1인,S045
1725_9788_8295_837,molokai_1725_9788_8295.jpg,Plastic_Buoy,plastic_buoy,0.182,21.2025396,-157.1835582,0.54,0.46,0.249,4.48,2.24,5.97,1인,S045
1725_9788_8295_838,molokai_1725_9788_8295.jpg,Styrofoam_Piece,eps_fragment,0.177,21.2025970,-157.1834648,0.80,0.37,0.295,0.18,0.12,0.59,1인,S045
1725_9788_8295_839,molokai_1725_9788_8295.jpg,Net,net,0.174,21.2025955,-157.1835194,0.46,0.45,0.205,3.70,1.54,9.24,1인,S045
1725_9788_8295_840,molokai_1725_9788_8295.jpg,Net,net,0.167,21.2025348,-157.1835651,0.40,0.34,0.136,2.44,1.02,6.11,1인,S045
1725_9788_8295_841,molokai_1725_9788_8295.jpg,Plastic_Buoy,plastic_buoy,0.137,21.2025356,-157.1835278,0.55,0.51,0.279,5.02,2.51,6.69,1인,S045
1725_9788_8295_842,molokai_1725_9788_8295.jpg,Plastic_Buoy,plastic_buoy,0.136,21.2026039,-157.1834880,0.40,0.30,0.117,2.11,1.05,2.81,1인,S045
1725_9788_8295_843,molokai_1725_9788_8295.jpg,Plastic_Buoy,plastic_buoy,0.124,21.2025805,-157.1835493,0.51,0.47,0.244,4.39,2.19,5.85,1인,S045
1725_9788_8295_844,molokai_1725_9788_8295.jpg,Plastic_Buoy,plastic_buoy,0.122,21.2025774,-157.1834861,0.35,0.33,0.114,2.06,1.03,2.75,1인,S045
1725_9788_8295_845,molokai_1725_9788_8295.jpg,Plastic_Buoy,plastic_buoy,0.118,21.2025568,-157.1835128,0.40,0.34,0.137,2.47,1.24,3.29,1인,S045
1725_9788_8295_846,molokai_1725_9788_8295.jpg,Plastic_Buoy,plastic_buoy,0.117,21.2025438,-157.1835644,0.42,0.41,0.174,3.14,1.57,4.18,1인,S045
1725_9788_8295_847,molokai_1725_9788_8295.jpg,Plastic_ETC,plastic_other,0.115,21.2025902,-157.1835340,0.68,0.63,0.425,1.02,0.68,3.40,1인,S045
1725_9788_8295_848,molokai_1725_9788_8295.jpg,PET_Bottle,pet_bottle,0.108,21.2025408,-157.1835625,0.60,0.31,0.185,0.37,0.31,0.61,1인,S045
1725_9788_8295_849,molokai_1725_9788_8295.jpg,Plastic_Buoy,plastic_buoy,0.108,21.2026070,-157.1834647,0.54,0.37,0.202,3.64,1.82,4.86,1인,S045
1726_-143_8972_858,molokai_1726_-143_8972.jpg,Plastic_Buoy,plastic_buoy,0.200,21.2022914,-157.1825282,0.38,0.33,0.124,2.24,1.12,2.99,1인,S041
1726_-143_8972_859,molokai_1726_-143_8972.jpg,Styrofoam_Piece,eps_fragment,0.100,21.2023198,-157.1825073,0.74,0.64,0.473,0.28,0.19,0.95,1인,S046
1726_1215_8487_867,molokai_1726_1215_8487.jpg,Net,net,0.191,21.2022946,-157.1822330,0.70,0.29,0.206,3.71,1.55,9.28,1인,S046
1726_1215_8487_868,molokai_1726_1215_8487.jpg,Net,net,0.146,21.2023299,-157.1822786,0.47,0.37,0.173,3.11,1.30,7.79,1인,S046
1726_1215_8487_869,molokai_1726_1215_8487.jpg,Net,net,0.140,21.2023164,-157.1822745,0.54,0.39,0.213,3.84,1.60,9.60,1인,S046
1726_1215_8487_870,molokai_1726_1215_8487.jpg,Styrofoam_Piece,eps_fragment,0.128,21.2023093,-157.1822328,0.38,0.30,0.112,0.07,0.04,0.22,1인,S046
1726_1215_8487_871,molokai_1726_1215_8487.jpg,Net,net,0.104,21.2023353,-157.1823353,0.59,0.41,0.242,4.36,1.82,10.91,1인,S046
1726_3477_8181_878,molokai_1726_3477_8181.jpg,Net,net,0.602,21.2024096,-157.1819123,0.48,0.36,0.174,3.13,1.30,7.83,1인,S047
1726_3477_8181_879,molokai_1726_3477_8181.jpg,Plastic_Buoy,plastic_buoy,0.300,21.2024117,-157.1819101,0.38,0.37,0.142,2.56,1.28,3.41,1인,S047
1726_3477_8181_880,molokai_1726_3477_8181.jpg,Plastic_Buoy,plastic_buoy,0.173,21.2024132,-157.1818908,0.45,0.38,0.170,3.05,1.53,4.07,1인,S047
1726_3477_8181_881,molokai_1726_3477_8181.jpg,Net,net,0.155,21.2024078,-157.1818975,0.50,0.30,0.148,2.66,1.11,6.66,1인,S047
1726_3477_8181_882,molokai_1726_3477_8181.jpg,Net,net,0.134,21.2024104,-157.1818020,0.53,0.40,0.213,3.83,1.60,9.58,1인,S048
1726_3835_8259_886,molokai_1726_3835_8259.jpg,PET_Bottle,pet_bottle,0.129,21.2024428,-157.1817716,0.49,0.46,0.228,0.45,0.38,0.75,1인,S048
1726_3860_8767_893,molokai_1726_3860_8767.jpg,Plastic_Buoy,plastic_buoy,0.551,21.2022789,-157.1818211,0.41,0.40,0.166,3.00,1.50,3.99,1인,S048
1726_3860_8767_894,molokai_1726_3860_8767.jpg,Net,net,0.438,21.2022791,-157.1818287,0.51,0.42,0.216,3.89,1.62,9.72,1인,S048
1726_3860_8767_895,molokai_1726_3860_8767.jpg,Plastic_Buoy,plastic_buoy,0.404,21.2022772,-157.1818393,0.43,0.41,0.175,3.15,1.58,4.20,1인,S048
1726_3860_8767_896,molokai_1726_3860_8767.jpg,Plastic_ETC,plastic_other,0.397,21.2022734,-157.1817696,0.55,0.50,0.276,0.66,0.44,2.21,1인,S048
1726_3860_8767_897,molokai_1726_3860_8767.jpg,Plastic_ETC,plastic_other,0.327,21.2022712,-157.1818062,1.04,0.68,0.715,1.72,1.14,5.72,1인,S048
1726_3860_8767_898,molokai_1726_3860_8767.jpg,Plastic_ETC,plastic_other,0.292,21.2022698,-157.1818242,1.08,0.69,0.742,1.78,1.19,5.93,1인,S048
1726_3860_8767_899,molokai_1726_3860_8767.jpg,Plastic_Buoy,plastic_buoy,0.284,21.2023194,-157.1817424,0.44,0.43,0.193,3.47,1.74,4.63,1인,S048
1726_3860_8767_900,molokai_1726_3860_8767.jpg,Plastic_Buoy,plastic_buoy,0.238,21.2022737,-157.1818275,0.36,0.31,0.111,1.99,1.00,2.65,1인,S048
1726_3860_8767_901,molokai_1726_3860_8767.jpg,Net,net,0.204,21.2023398,-157.1817293,0.46,0.38,0.175,3.14,1.31,7.85,1인,S048
1726_3860_8767_902,molokai_1726_3860_8767.jpg,Plastic_Buoy,plastic_buoy,0.164,21.2022806,-157.1817391,0.57,0.52,0.295,5.30,2.65,7.07,1인,S048
1726_3860_8767_903,molokai_1726_3860_8767.jpg,Plastic_Buoy,plastic_buoy,0.164,21.2022752,-157.1818096,0.34,0.30,0.102,1.83,0.92,2.44,1인,S048
1726_3860_8767_904,molokai_1726_3860_8767.jpg,Styrofoam_Piece,eps_fragment,0.135,21.2022601,-157.1817754,0.59,0.50,0.293,0.18,0.12,0.59,1인,S048
1726_3860_8767_905,molokai_1726_3860_8767.jpg,Net,net,0.122,21.2023283,-157.1817819,0.56,0.56,0.313,5.64,2.35,14.09,1인,S048
1726_4190_8403_917,molokai_1726_4190_8403.jpg,Plastic_Buoy,plastic_buoy,0.301,21.2023193,-157.1817424,0.45,0.43,0.191,3.44,1.72,4.59,1인,S048
1726_4190_8403_918,molokai_1726_4190_8403.jpg,Plastic_Buoy,plastic_buoy,0.169,21.2023578,-157.1816723,0.63,0.52,0.329,5.93,2.97,7.91,1인,S048
1726_4190_8403_919,molokai_1726_4190_8403.jpg,Net,net,0.129,21.2023199,-157.1816979,0.63,0.52,0.329,5.93,2.47,14.82,1인,S048
1726_4190_8403_920,molokai_1726_4190_8403.jpg,Net,net,0.102,21.2023746,-157.1816658,0.41,0.33,0.134,2.42,1.01,6.05,1인,S048
1726_4430_8790_933,molokai_1726_4430_8790.jpg,Plastic_Buoy,plastic_buoy,0.586,21.2023317,-157.1816519,0.44,0.44,0.193,3.47,1.74,4.63,1인,S048
1726_4430_8790_934,molokai_1726_4430_8790.jpg,Plastic_Buoy,plastic_buoy,0.292,21.2023386,-157.1816318,0.42,0.42,0.176,3.16,1.58,4.22,1인,S048
1726_4430_8790_935,molokai_1726_4430_8790.jpg,Rope,rope,0.114,21.2022958,-157.1817228,0.87,0.78,0.679,8.15,5.43,13.58,1인,S048
1726_4430_8790_936,molokai_1726_4430_8790.jpg,Plastic_Buoy,plastic_buoy,0.114,21.2022931,-157.1817116,0.46,0.45,0.211,3.80,1.90,5.07,1인,S048
1728_11809_8118_946,molokai_1728_11809_8118.jpg,Plastic_Buoy,plastic_buoy,0.278,21.2022805,-157.1744940,0.43,0.37,0.159,2.86,1.43,3.81,1인,S049
1728_11809_8118_947,molokai_1728_11809_8118.jpg,PET_Bottle,pet_bottle,0.176,21.2022984,-157.1744784,0.71,0.31,0.223,0.44,0.37,0.74,1인,S049
1941_3195_4946_952,molokai_1941_3195_4946.jpg,Plastic_ETC,plastic_other,0.224,21.2006226,-157.1674829,0.63,0.63,0.393,0.94,0.63,3.15,1인,S050
1941_3195_4946_953,molokai_1941_3195_4946.jpg,Plastic_ETC,plastic_other,0.169,21.2006166,-157.1674601,1.09,1.01,1.104,2.65,1.77,8.83,1인,S050
1941_4582_4371_955,molokai_1941_4582_4371.jpg,Plastic_Buoy,plastic_buoy,0.143,21.2007273,-157.1672743,0.36,0.27,0.100,1.80,0.90,2.40,1인,S051
1942_4672_5083_957,molokai_1942_4672_5083.jpg,Plastic_Buoy_China,plastic_buoy,0.413,21.2005633,-157.1643097,0.57,0.53,0.300,5.40,2.70,7.20,1인,S052
1950_1652_12775_960,molokai_1950_1652_12775.jpg,Plastic_Buoy_China,plastic_buoy,0.358,21.1989829,-157.1418144,0.58,0.51,0.295,5.30,2.65,7.07,1인,S053
1950_1652_12775_961,molokai_1950_1652_12775.jpg,Plastic_ETC,plastic_other,0.220,21.1989274,-157.1417938,0.64,0.51,0.326,0.78,0.52,2.61,1인,S053
1950_1652_12775_962,molokai_1950_1652_12775.jpg,PET_Bottle,pet_bottle,0.166,21.1989794,-157.1418077,0.62,0.40,0.246,0.49,0.41,0.81,1인,S053
1950_1652_12775_963,molokai_1950_1652_12775.jpg,PET_Bottle,pet_bottle,0.136,21.1989128,-157.1418569,0.55,0.35,0.192,0.38,0.32,0.63,1인,S053
1950_1652_12775_964,molokai_1950_1652_12775.jpg,Net,net,0.105,21.1989086,-157.1417660,0.47,0.47,0.218,3.93,1.64,9.82,1인,S053
1950_2578_13383_969,molokai_1950_2578_13383.jpg,PET_Bottle,pet_bottle,0.378,21.1988160,-157.1416199,0.80,0.68,0.544,1.08,0.90,1.79,1인,S054
1950_2578_13383_970,molokai_1950_2578_13383.jpg,Plastic_ETC,plastic_other,0.135,21.1988123,-157.1416015,0.71,0.55,0.390,0.94,0.62,3.12,1인,S054
1950_2578_13383_971,molokai_1950_2578_13383.jpg,PET_Bottle,pet_bottle,0.129,21.1988343,-157.1415650,0.55,0.43,0.234,0.46,0.39,0.77,1인,S054
1950_2578_13383_972,molokai_1950_2578_13383.jpg,PET_Bottle,pet_bottle,0.122,21.1988303,-157.1415848,0.85,0.79,0.665,1.32,1.10,2.19,1인,S054
1950_3758_13192_977,molokai_1950_3758_13192.jpg,Plastic_ETC,plastic_other,0.131,21.1989020,-157.1414016,1.13,0.80,0.900,2.16,1.44,7.20,1인,S055
1950_3758_13192_978,molokai_1950_3758_13192.jpg,Plastic_ETC,plastic_other,0.125,21.1989026,-157.1413831,1.89,0.63,1.189,2.85,1.90,9.51,1인,S055
1950_3758_13192_979,molokai_1950_3758_13192.jpg,Plastic_ETC,plastic_other,0.119,21.1989027,-157.1414165,1.47,0.70,1.031,2.47,1.65,8.25,1인,S055
1951_2379_6636_981,molokai_1951_2379_6636.jpg,PET_Bottle,pet_bottle,0.136,21.1991902,-157.1387615,0.62,0.31,0.191,0.38,0.31,0.63,1인,S056
1954_329_8123_985,molokai_1954_329_8123.jpg,Styrofoam_Piece,eps_fragment,0.219,21.1985117,-157.1304997,0.63,0.58,0.362,0.22,0.14,0.72,1인,S057
1954_329_8123_986,molokai_1954_329_8123.jpg,PET_Bottle,pet_bottle,0.114,21.1985250,-157.1305269,0.81,0.76,0.617,1.22,1.02,2.04,1인,S057
2163_7021_2682_987,molokai_2163_7021_2682.jpg,Plastic_ETC,plastic_other,0.192,21.1979348,-157.1321072,0.94,0.63,0.585,1.40,0.94,4.68,1인,S058
2163_7021_2682_988,molokai_2163_7021_2682.jpg,Plastic_ETC,plastic_other,0.168,21.1978951,-157.1321190,3.58,1.02,3.636,8.73,5.82,29.09,2인,S058
2163_7021_2682_989,molokai_2163_7021_2682.jpg,Plastic_ETC,plastic_other,0.136,21.1979295,-157.1321360,0.51,0.48,0.247,0.59,0.39,1.97,1인,S058
2163_7021_2682_990,molokai_2163_7021_2682.jpg,PET_Bottle,pet_bottle,0.123,21.1979868,-157.1320462,0.69,0.29,0.199,0.39,0.33,0.66,1인,S058
2163_7021_2682_991,molokai_2163_7021_2682.jpg,Plastic_ETC,plastic_other,0.112,21.1978844,-157.1320591,1.20,0.92,1.104,2.65,1.77,8.83,1인,S058
2166_10218_8963_996,molokai_2166_10218_8963.jpg,PET_Bottle,pet_bottle,0.452,21.1967031,-157.1228112,0.69,0.53,0.364,0.72,0.60,1.20,1인,S059
2166_10218_8963_997,molokai_2166_10218_8963.jpg,Styrofoam_Buoy,eps_buoy,0.392,21.1966920,-157.1228607,0.89,0.85,0.756,6.62,2.84,7.56,1인,S059
2166_10218_8963_998,molokai_2166_10218_8963.jpg,Styrofoam_Piece,eps_fragment,0.390,21.1967491,-157.1228573,0.57,0.53,0.303,0.18,0.12,0.61,1인,S059
2166_10218_8963_999,molokai_2166_10218_8963.jpg,Plastic_Buoy,plastic_buoy,0.141,21.1967310,-157.1228781,0.67,0.56,0.377,6.78,3.39,9.04,1인,S059
2166_10218_8963_1000,molokai_2166_10218_8963.jpg,Styrofoam_Buoy,eps_buoy,0.133,21.1966438,-157.1228405,1.16,0.97,1.119,9.80,4.20,11.19,1인,S059
2166_10218_8963_1001,molokai_2166_10218_8963.jpg,Plastic_ETC,plastic_other,0.126,21.1967302,-157.1228173,2.73,1.05,2.865,6.88,4.58,22.92,1인,S059
2166_10218_8963_1002,molokai_2166_10218_8963.jpg,Styrofoam_Piece,eps_fragment,0.103,21.1966957,-157.1228963,0.95,0.93,0.887,0.53,0.35,1.77,1인,S059
2168_5695_7279_1009,molokai_2168_5695_7279.jpg,Styrofoam_Buoy,eps_buoy,0.415,21.1965465,-157.1179318,0.99,0.99,0.986,8.63,3.70,9.86,1인,S060
2168_5695_7279_1010,molokai_2168_5695_7279.jpg,Net,net,0.336,21.1965169,-157.1179214,0.42,0.36,0.152,2.73,1.14,6.83,1인,S060
2168_5695_7279_1011,molokai_2168_5695_7279.jpg,Styrofoam_Buoy,eps_buoy,0.240,21.1965482,-157.1179603,0.66,0.61,0.400,3.50,1.50,4.00,1인,S060
2168_5695_7279_1012,molokai_2168_5695_7279.jpg,Styrofoam_Piece,eps_fragment,0.236,21.1965498,-157.1179719,0.65,0.59,0.382,0.23,0.15,0.76,1인,S061
2168_5695_7279_1013,molokai_2168_5695_7279.jpg,Plastic_Buoy,plastic_buoy,0.155,21.1965396,-157.1179328,0.36,0.35,0.124,2.23,1.12,2.98,1인,S060
2168_5695_7279_1014,molokai_2168_5695_7279.jpg,Plastic_Buoy,plastic_buoy,0.150,21.1965752,-157.1178831,0.48,0.47,0.228,4.10,2.05,5.46,1인,S060
2168_5865_7641_1024,molokai_2168_5865_7641.jpg,Styrofoam_Buoy,eps_buoy,0.412,21.1965464,-157.1179318,0.99,0.98,0.970,8.49,3.64,9.70,1인,S060
2168_5865_7641_1025,molokai_2168_5865_7641.jpg,Styrofoam_Buoy,eps_buoy,0.230,21.1965482,-157.1179601,0.66,0.52,0.343,3.00,1.29,3.43,1인,S060
2168_5865_7641_1026,molokai_2168_5865_7641.jpg,Net,net,0.155,21.1964676,-157.1179041,0.51,0.37,0.187,3.37,1.41,8.43,1인,S060
2168_5865_7641_1027,molokai_2168_5865_7641.jpg,Plastic_ETC,plastic_other,0.139,21.1964676,-157.1178450,0.92,0.70,0.647,1.55,1.03,5.17,1인,S060
2168_5865_7641_1028,molokai_2168_5865_7641.jpg,Net,net,0.133,21.1965168,-157.1179214,0.38,0.33,0.125,2.25,0.94,5.62,1인,S060
2168_5865_7641_1029,molokai_2168_5865_7641.jpg,Plastic_Buoy,plastic_buoy,0.118,21.1965147,-157.1179301,0.44,0.42,0.185,3.34,1.67,4.45,1인,S060
2168_5865_7641_1030,molokai_2168_5865_7641.jpg,Plastic_Buoy,plastic_buoy,0.109,21.1965396,-157.1179329,0.37,0.34,0.125,2.26,1.13,3.01,1인,S060
2168_6362_7264_1035,molokai_2168_6362_7264.jpg,Plastic_Buoy,plastic_buoy,0.293,21.1965672,-157.1178050,0.43,0.38,0.163,2.94,1.47,3.92,1인,S060
2168_6362_7264_1036,molokai_2168_6362_7264.jpg,Plastic_Buoy,plastic_buoy,0.214,21.1965381,-157.1178233,0.51,0.49,0.248,4.46,2.23,5.94,1인,S060
2168_6362_7264_1037,molokai_2168_6362_7264.jpg,Rope,rope,0.145,21.1965994,-157.1177834,1.35,1.02,1.376,16.51,11.00,27.51,2인,S060
2600_11335_9423_1038,molokai_2600_11335_9423.jpg,Plastic_Buoy,plastic_buoy,0.180,21.1907698,-157.0822971,0.36,0.36,0.127,2.29,1.15,3.06,1인,S062
2600_11335_9423_1039,molokai_2600_11335_9423.jpg,Net,net,0.134,21.1907048,-157.0822688,0.61,0.36,0.221,3.98,1.66,9.94,1인,S062
2600_11335_9423_1040,molokai_2600_11335_9423.jpg,Plastic_Buoy,plastic_buoy,0.106,21.1907465,-157.0822452,0.39,0.30,0.119,2.14,1.07,2.85,1인,S062
2600_11335_9423_1041,molokai_2600_11335_9423.jpg,Plastic_ETC,plastic_other,0.101,21.1907613,-157.0822629,0.81,0.77,0.626,1.50,1.00,5.01,1인,S062
2601_11355_12582_1046,molokai_2601_11355_12582.jpg,Net,net,0.365,21.1898352,-157.0793938,0.41,0.37,0.151,2.71,1.13,6.79,1인,S063
2601_11355_12582_1047,molokai_2601_11355_12582.jpg,Net,net,0.310,21.1898306,-157.0794222,0.50,0.46,0.228,4.11,1.71,10.28,1인,S063
2601_11355_12582_1048,molokai_2601_11355_12582.jpg,Net,net,0.280,21.1898276,-157.0794306,0.45,0.36,0.164,2.95,1.23,7.37,1인,S063
2601_11355_12582_1049,molokai_2601_11355_12582.jpg,Net,net,0.257,21.1898420,-157.0793635,0.48,0.48,0.232,4.17,1.74,10.43,1인,S063
2601_11355_12582_1050,molokai_2601_11355_12582.jpg,Net,net,0.162,21.1898406,-157.0793377,0.48,0.47,0.225,4.06,1.69,10.14,1인,S063
2601_11355_12582_1051,molokai_2601_11355_12582.jpg,Plastic_ETC,plastic_other,0.119,21.1898504,-157.0793801,0.46,0.41,0.189,0.45,0.30,1.51,1인,S063
2646_7450_6455_1054,molokai_2646_7450_6455.jpg,Styrofoam_Buoy,eps_buoy,0.568,21.1897237,-156.9501208,1.06,1.00,1.051,9.20,3.94,10.51,1인,S064
2646_7450_6455_1055,molokai_2646_7450_6455.jpg,Styrofoam_Piece,eps_fragment,0.568,21.1897371,-156.9501619,0.45,0.42,0.192,0.12,0.08,0.38,1인,S064
2646_7450_6455_1056,molokai_2646_7450_6455.jpg,Styrofoam_Piece,eps_fragment,0.519,21.1897188,-156.9501572,0.74,0.48,0.351,0.21,0.14,0.70,1인,S064
2646_7450_6455_1057,molokai_2646_7450_6455.jpg,Styrofoam_Piece,eps_fragment,0.372,21.1896979,-156.9501389,0.74,0.74,0.544,0.33,0.22,1.09,1인,S064
2646_7450_6455_1058,molokai_2646_7450_6455.jpg,Styrofoam_Piece,eps_fragment,0.361,21.1897227,-156.9501497,0.32,0.29,0.091,0.05,0.04,0.18,1인,S064
2646_7450_6455_1059,molokai_2646_7450_6455.jpg,Styrofoam_Piece,eps_fragment,0.342,21.1897375,-156.9500662,0.40,0.35,0.140,0.08,0.06,0.28,1인,S064
2646_7450_6455_1060,molokai_2646_7450_6455.jpg,Plastic_Buoy,plastic_buoy,0.302,21.1897476,-156.9501096,0.69,0.64,0.443,7.97,3.99,10.63,1인,S064
2646_7450_6455_1061,molokai_2646_7450_6455.jpg,Plastic_ETC,plastic_other,0.254,21.1896844,-156.9501229,0.87,0.64,0.557,1.34,0.89,4.45,1인,S064
2646_7450_6455_1062,molokai_2646_7450_6455.jpg,Styrofoam_Piece,eps_fragment,0.187,21.1897381,-156.9500617,0.58,0.47,0.273,0.16,0.11,0.55,1인,S064
2646_7450_6455_1063,molokai_2646_7450_6455.jpg,Styrofoam_Buoy,eps_buoy,0.149,21.1897347,-156.9500606,0.64,0.38,0.244,2.14,0.92,2.44,1인,S064
2646_7450_6455_1064,molokai_2646_7450_6455.jpg,PET_Bottle,pet_bottle,0.121,21.1897309,-156.9500655,1.09,0.98,1.073,2.12,1.77,3.54,1인,S064
2856_8318_734_1068,molokai_2856_8318_734.jpg,Styrofoam_Piece,eps_fragment,0.421,21.1880358,-156.9491623,0.65,0.64,0.419,0.25,0.17,0.84,1인,S065
2856_8318_734_1069,molokai_2856_8318_734.jpg,Styrofoam_Piece,eps_fragment,0.372,21.1879950,-156.9491294,0.66,0.65,0.427,0.26,0.17,0.85,1인,S065
2856_8318_734_1070,molokai_2856_8318_734.jpg,Plastic_Buoy,plastic_buoy,0.277,21.1880277,-156.9491764,0.48,0.44,0.210,3.78,1.89,5.05,1인,S065
2856_8318_734_1071,molokai_2856_8318_734.jpg,Styrofoam_Piece,eps_fragment,0.232,21.1880484,-156.9491501,0.61,0.56,0.343,0.21,0.14,0.69,1인,S065
2856_8318_734_1072,molokai_2856_8318_734.jpg,Plastic_Buoy,plastic_buoy,0.224,21.1879985,-156.9491076,0.44,0.37,0.163,2.93,1.47,3.91,1인,S065
2856_8318_734_1073,molokai_2856_8318_734.jpg,Styrofoam_Piece,eps_fragment,0.213,21.1880364,-156.9491323,0.38,0.26,0.100,0.06,0.04,0.20,1인,S065
2856_8318_734_1074,molokai_2856_8318_734.jpg,Plastic_ETC,plastic_other,0.200,21.1880720,-156.9491244,0.78,0.65,0.506,1.21,0.81,4.04,1인,S065
2856_8318_734_1075,molokai_2856_8318_734.jpg,Plastic_Buoy,plastic_buoy,0.200,21.1880553,-156.9491580,0.40,0.33,0.132,2.37,1.18,3.16,1인,S065
2856_8318_734_1076,molokai_2856_8318_734.jpg,Plastic_ETC,plastic_other,0.179,21.1880618,-156.9491341,1.06,0.85,0.905,2.17,1.45,7.24,1인,S065
2856_8318_734_1077,molokai_2856_8318_734.jpg,Styrofoam_Piece,eps_fragment,0.146,21.1880418,-156.9491476,0.46,0.37,0.170,0.10,0.07,0.34,1인,S065
2856_8318_734_1078,molokai_2856_8318_734.jpg,PET_Bottle,pet_bottle,0.116,21.1880494,-156.9491541,0.74,0.59,0.435,0.86,0.72,1.44,1인,S065
2856_8318_734_1079,molokai_2856_8318_734.jpg,Styrofoam_Piece,eps_fragment,0.111,21.1880370,-156.9491701,0.39,0.32,0.123,0.07,0.05,0.25,1인,S065
2856_8484_1107_1084,molokai_2856_8484_1107.jpg,Plastic_Buoy,plastic_buoy,0.451,21.1879671,-156.9491234,0.53,0.52,0.278,5.00,2.50,6.66,1인,S065
2856_8484_1107_1085,molokai_2856_8484_1107.jpg,Styrofoam_Piece,eps_fragment,0.420,21.1879773,-156.9491004,0.45,0.43,0.194,0.12,0.08,0.39,1인,S065
2856_8484_1107_1086,molokai_2856_8484_1107.jpg,Styrofoam_Buoy,eps_buoy,0.345,21.1879507,-156.9490929,0.84,0.82,0.686,6.01,2.57,6.86,1인,S065
2856_8484_1107_1087,molokai_2856_8484_1107.jpg,Plastic_ETC,plastic_other,0.332,21.1879681,-156.9491318,0.53,0.53,0.281,0.67,0.45,2.25,1인,S065
2856_8484_1107_1088,molokai_2856_8484_1107.jpg,Plastic_Buoy,plastic_buoy,0.294,21.1879599,-156.9491148,0.56,0.54,0.300,5.41,2.70,7.21,1인,S065
2856_8484_1107_1089,molokai_2856_8484_1107.jpg,Styrofoam_Piece,eps_fragment,0.284,21.1879951,-156.9491294,0.66,0.64,0.424,0.25,0.17,0.85,1인,S065
2856_8484_1107_1090,molokai_2856_8484_1107.jpg,Plastic_Buoy,plastic_buoy,0.174,21.1879614,-156.9491101,0.32,0.30,0.095,1.71,0.86,2.28,1인,S065
2856_8484_1107_1091,molokai_2856_8484_1107.jpg,Styrofoam_Piece,eps_fragment,0.151,21.1879592,-156.9491184,0.42,0.38,0.160,0.10,0.06,0.32,1인,S065
2856_8484_1107_1092,molokai_2856_8484_1107.jpg,Plastic_Buoy,plastic_buoy,0.134,21.1879984,-156.9491076,0.45,0.37,0.165,2.98,1.49,3.97,1인,S065
2856_8484_1107_1093,molokai_2856_8484_1107.jpg,Plastic_ETC,plastic_other,0.113,21.1879603,-156.9490985,0.54,0.48,0.257,0.62,0.41,2.05,1인,S065
3066_6105_234_1099,molokai_3066_6105_234.jpg,Styrofoam_Piece,eps_fragment,0.538,21.1854146,-156.9489722,0.82,0.69,0.566,0.34,0.23,1.13,1인,S066
3066_6105_234_1100,molokai_3066_6105_234.jpg,Styrofoam_Piece,eps_fragment,0.335,21.1853632,-156.9489426,0.66,0.64,0.426,0.26,0.17,0.85,1인,S066
3066_6105_234_1101,molokai_3066_6105_234.jpg,Plastic_ETC,plastic_other,0.212,21.1854078,-156.9490226,0.63,0.62,0.390,0.94,0.62,3.12,1인,S066
3252_11092_38_1102,molokai_3252_11092_38.jpg,Styrofoam_Buoy,eps_buoy,0.510,21.1835875,-157.0187758,0.91,0.45,0.413,3.62,1.55,4.13,1인,S067
3252_11092_38_1103,molokai_3252_11092_38.jpg,Plastic_Buoy,plastic_buoy,0.313,21.1835974,-157.0187881,0.51,0.48,0.245,4.41,2.21,5.88,1인,S067
3252_11092_38_1104,molokai_3252_11092_38.jpg,Styrofoam_Piece,eps_fragment,0.298,21.1835870,-157.0188130,0.47,0.41,0.193,0.12,0.08,0.39,1인,S067
3252_11092_38_1105,molokai_3252_11092_38.jpg,Styrofoam_Piece,eps_fragment,0.249,21.1835814,-157.0188008,0.63,0.62,0.393,0.24,0.16,0.79,1인,S067
3252_11092_38_1106,molokai_3252_11092_38.jpg,Styrofoam_Piece,eps_fragment,0.249,21.1836012,-157.0188430,0.64,0.43,0.279,0.17,0.11,0.56,1인,S067
3252_11092_38_1107,molokai_3252_11092_38.jpg,Styrofoam_Piece,eps_fragment,0.181,21.1835757,-157.0188001,0.44,0.39,0.170,0.10,0.07,0.34,1인,S067
3252_11092_38_1108,molokai_3252_11092_38.jpg,Styrofoam_Piece,eps_fragment,0.167,21.1836210,-157.0188247,0.34,0.34,0.114,0.07,0.05,0.23,1인,S067
3252_11092_38_1109,molokai_3252_11092_38.jpg,PET_Bottle,pet_bottle,0.164,21.1835995,-157.0188853,0.69,0.53,0.371,0.73,0.61,1.22,1인,S067
3252_11092_38_1110,molokai_3252_11092_38.jpg,Styrofoam_Piece,eps_fragment,0.159,21.1835973,-157.0187943,0.50,0.49,0.245,0.15,0.10,0.49,1인,S067
3252_11092_38_1111,molokai_3252_11092_38.jpg,PET_Bottle,pet_bottle,0.158,21.1835921,-157.0188888,0.70,0.43,0.300,0.59,0.49,0.99,1인,S067
3252_11092_38_1112,molokai_3252_11092_38.jpg,PET_Bottle,pet_bottle,0.151,21.1835523,-157.0188907,0.79,0.53,0.421,0.83,0.70,1.39,1인,S067
3252_11092_38_1113,molokai_3252_11092_38.jpg,Styrofoam_Piece,eps_fragment,0.136,21.1835782,-157.0188063,0.51,0.46,0.233,0.14,0.09,0.47,1인,S067
3252_11092_38_1114,molokai_3252_11092_38.jpg,Styrofoam_Piece,eps_fragment,0.133,21.1835788,-157.0188296,0.37,0.36,0.132,0.08,0.05,0.26,1인,S067
3252_11092_38_1115,molokai_3252_11092_38.jpg,Styrofoam_Piece,eps_fragment,0.121,21.1835783,-157.0187811,0.38,0.30,0.113,0.07,0.05,0.23,1인,S067
3252_11092_38_1116,molokai_3252_11092_38.jpg,Styrofoam_Piece,eps_fragment,0.118,21.1835706,-157.0188702,0.41,0.38,0.154,0.09,0.06,0.31,1인,S067
3470_13542_5094_1123,molokai_3470_13542_5094.jpg,Net,net,0.455,21.1797196,-156.9953207,0.49,0.33,0.162,2.91,1.21,7.28,1인,S068
3470_13542_5094_1124,molokai_3470_13542_5094.jpg,Net,net,0.423,21.1796657,-156.9953006,0.52,0.45,0.234,4.22,1.76,10.54,1인,S068
3470_13542_5094_1125,molokai_3470_13542_5094.jpg,Plastic_ETC,plastic_other,0.194,21.1796735,-156.9953052,0.76,0.73,0.552,1.32,0.88,4.42,1인,S068
3470_13542_5094_1126,molokai_3470_13542_5094.jpg,Net,net,0.168,21.1797074,-156.9953628,0.47,0.44,0.204,3.67,1.53,9.17,1인,S068
3470_13542_5094_1127,molokai_3470_13542_5094.jpg,Net,net,0.121,21.1797037,-156.9952583,0.41,0.35,0.145,2.62,1.09,6.55,1인,S068
3470_13542_5094_1128,molokai_3470_13542_5094.jpg,Plastic_ETC,plastic_other,0.115,21.1796868,-156.9953621,0.97,0.71,0.687,1.65,1.10,5.50,1인,S068
3548_8344_4812_1139,molokai_3548_8344_4812.jpg,Styrofoam_Piece,eps_fragment,0.387,21.1753116,-156.7710611,0.48,0.46,0.222,0.13,0.09,0.44,1인,S069
3548_8344_4812_1140,molokai_3548_8344_4812.jpg,Plastic_ETC,plastic_other,0.130,21.1753667,-156.7711189,0.78,0.65,0.507,1.22,0.81,4.06,1인,S069
3548_8344_4812_1141,molokai_3548_8344_4812.jpg,PET_Bottle,pet_bottle,0.111,21.1753688,-156.7710813,0.63,0.23,0.142,0.28,0.23,0.47,1인,S069
3548_8344_4812_1142,molokai_3548_8344_4812.jpg,Styrofoam_Piece,eps_fragment,0.108,21.1753470,-156.7710715,0.51,0.35,0.175,0.10,0.07,0.35,1인,S069
3550_1782_4594_1145,molokai_3550_1782_4594.jpg,Styrofoam_Buoy,eps_buoy,0.347,21.1755699,-156.7665192,1.08,0.75,0.810,7.09,3.04,8.10,1인,S070
3550_1782_4594_1146,molokai_3550_1782_4594.jpg,Styrofoam_Buoy,eps_buoy,0.302,21.1755712,-156.7665493,2.25,1.79,4.027,35.24,15.10,40.27,2인,S070
3550_1782_4594_1147,molokai_3550_1782_4594.jpg,Plastic_Buoy,plastic_buoy,0.263,21.1755736,-156.7665340,0.47,0.46,0.215,3.87,1.93,5.16,1인,S070
3550_1782_4594_1148,molokai_3550_1782_4594.jpg,Plastic_Buoy,plastic_buoy,0.228,21.1755472,-156.7665031,0.41,0.41,0.168,3.02,1.51,4.03,1인,S070
3550_1782_4594_1149,molokai_3550_1782_4594.jpg,Styrofoam_Piece,eps_fragment,0.211,21.1755442,-156.7665058,0.47,0.47,0.224,0.13,0.09,0.45,1인,S070
3550_1782_4594_1150,molokai_3550_1782_4594.jpg,Net,net,0.202,21.1755480,-156.7665456,0.46,0.44,0.204,3.67,1.53,9.18,1인,S070
3550_1782_4594_1151,molokai_3550_1782_4594.jpg,PET_Bottle,pet_bottle,0.194,21.1755156,-156.7665137,0.63,0.31,0.197,0.39,0.32,0.65,1인,S070
3550_1782_4594_1152,molokai_3550_1782_4594.jpg,Plastic_ETC,plastic_other,0.192,21.1755616,-156.7665177,2.67,0.86,2.287,5.49,3.66,18.29,1인,S070
3550_1782_4594_1153,molokai_3550_1782_4594.jpg,Styrofoam_Buoy,eps_buoy,0.162,21.1755656,-156.7665255,1.17,0.98,1.146,10.02,4.30,11.46,1인,S070
3550_1782_4594_1154,molokai_3550_1782_4594.jpg,Styrofoam_Piece,eps_fragment,0.126,21.1755463,-156.7665257,0.53,0.45,0.239,0.14,0.10,0.48,1인,S070
3550_1782_4594_1155,molokai_3550_1782_4594.jpg,Net,net,0.118,21.1756260,-156.7665108,0.40,0.37,0.148,2.67,1.11,6.68,1인,S070
3550_1782_4594_1156,molokai_3550_1782_4594.jpg,Plastic_ETC,plastic_other,0.109,21.1755422,-156.7664863,0.67,0.65,0.429,1.03,0.69,3.43,1인,S070
3550_2157_4610_1165,molokai_3550_2157_4610.jpg,Styrofoam_Buoy,eps_buoy,0.381,21.1755699,-156.7665193,1.06,0.75,0.794,6.94,2.98,7.94,1인,S070
3550_2157_4610_1166,molokai_3550_2157_4610.jpg,PET_Bottle,pet_bottle,0.301,21.1755156,-156.7665137,0.61,0.30,0.183,0.36,0.30,0.60,1인,S070
3550_2157_4610_1167,molokai_3550_2157_4610.jpg,PET_Bottle,pet_bottle,0.222,21.1755356,-156.7665093,0.61,0.48,0.293,0.58,0.48,0.97,1인,S070
3550_2157_4610_1168,molokai_3550_2157_4610.jpg,Styrofoam_Piece,eps_fragment,0.211,21.1755463,-156.7665257,0.52,0.45,0.235,0.14,0.09,0.47,1인,S070
3550_2157_4610_1169,molokai_3550_2157_4610.jpg,Styrofoam_Piece,eps_fragment,0.185,21.1755442,-156.7665059,0.50,0.47,0.237,0.14,0.09,0.47,1인,S070
3550_2157_4610_1170,molokai_3550_2157_4610.jpg,Styrofoam_Buoy,eps_buoy,0.182,21.1755654,-156.7665255,1.17,0.97,1.142,9.99,4.28,11.42,1인,S070
3550_2157_4610_1171,molokai_3550_2157_4610.jpg,Plastic_Buoy,plastic_buoy,0.171,21.1755472,-156.7665031,0.41,0.40,0.165,2.98,1.49,3.97,1인,S070
3550_2157_4610_1172,molokai_3550_2157_4610.jpg,Plastic_ETC,plastic_other,0.150,21.1755628,-156.7665189,2.09,0.93,1.941,4.66,3.11,15.53,1인,S070
3550_2157_4610_1173,molokai_3550_2157_4610.jpg,Plastic_Buoy,plastic_buoy,0.147,21.1755511,-156.7665266,0.37,0.33,0.122,2.20,1.10,2.93,1인,S070
3550_2157_4610_1174,molokai_3550_2157_4610.jpg,Plastic_ETC,plastic_other,0.140,21.1755579,-156.7664613,0.66,0.63,0.418,1.00,0.67,3.35,1인,S070
3550_2157_4610_1175,molokai_3550_2157_4610.jpg,PET_Bottle,pet_bottle,0.122,21.1755180,-156.7665266,0.59,0.39,0.230,0.45,0.38,0.76,1인,S070
3550_2157_4610_1176,molokai_3550_2157_4610.jpg,PET_Bottle,pet_bottle,0.122,21.1755768,-156.7664566,0.71,0.38,0.270,0.54,0.45,0.89,1인,S070
3550_2157_4610_1177,molokai_3550_2157_4610.jpg,PET_Bottle,pet_bottle,0.102,21.1755378,-156.7665187,0.64,0.43,0.277,0.55,0.46,0.91,1인,S070
3754_7750_5080_1188,molokai_3754_7750_5080.jpg,Plastic_ETC,plastic_other,0.238,21.1738699,-156.7827431,0.66,0.65,0.429,1.03,0.69,3.43,1인,S071
3754_7750_5080_1189,molokai_3754_7750_5080.jpg,PET_Bottle,pet_bottle,0.103,21.1738691,-156.7827523,0.63,0.31,0.196,0.39,0.32,0.65,1인,S071
3755_7770_12596_1196,molokai_3755_7770_12596.jpg,Styrofoam_Piece,eps_fragment,0.473,21.1729171,-156.7798723,0.54,0.50,0.268,0.16,0.11,0.54,1인,S072
3755_7770_12596_1197,molokai_3755_7770_12596.jpg,Styrofoam_Piece,eps_fragment,0.267,21.1728765,-156.7798556,0.50,0.36,0.181,0.11,0.07,0.36,1인,S072
3755_7770_12596_1198,molokai_3755_7770_12596.jpg,Styrofoam_Piece,eps_fragment,0.180,21.1729640,-156.7799075,0.39,0.28,0.111,0.07,0.04,0.22,1인,S072
3755_7770_12596_1199,molokai_3755_7770_12596.jpg,PET_Bottle,pet_bottle,0.129,21.1729482,-156.7798753,0.80,0.26,0.211,0.42,0.35,0.70,1인,S072
3755_7770_12596_1200,molokai_3755_7770_12596.jpg,PET_Bottle,pet_bottle,0.123,21.1729097,-156.7798745,0.64,0.55,0.353,0.70,0.58,1.17,1인,S072
3755_7770_12596_1201,molokai_3755_7770_12596.jpg,Styrofoam_Piece,eps_fragment,0.122,21.1729298,-156.7798984,0.52,0.43,0.224,0.13,0.09,0.45,1인,S072
3755_7770_12596_1202,molokai_3755_7770_12596.jpg,PET_Bottle,pet_bottle,0.112,21.1729526,-156.7798379,0.54,0.47,0.256,0.51,0.42,0.84,1인,S072
3755_8108_12325_1210,molokai_3755_8108_12325.jpg,Styrofoam_Piece,eps_fragment,0.244,21.1729513,-156.7797622,0.48,0.44,0.211,0.13,0.08,0.42,1인,S072
3755_8108_12325_1211,molokai_3755_8108_12325.jpg,PET_Bottle,pet_bottle,0.138,21.1729790,-156.7798663,0.61,0.41,0.252,0.50,0.42,0.83,1인,S072
3755_8108_12325_1212,molokai_3755_8108_12325.jpg,Styrofoam_Piece,eps_fragment,0.124,21.1730114,-156.7797988,0.46,0.44,0.204,0.12,0.08,0.41,1인,S072
3755_8108_12325_1213,molokai_3755_8108_12325.jpg,Plastic_Buoy,plastic_buoy,0.117,21.1729984,-156.7797979,0.63,0.52,0.325,5.85,2.93,7.81,1인,S072
3755_8108_12325_1214,molokai_3755_8108_12325.jpg,Plastic_Buoy_China,plastic_buoy,0.115,21.1729453,-156.7797711,0.50,0.39,0.198,3.56,1.78,4.74,1인,S072
3908_11044_9786_1224,molokai_3908_11044_9786.jpg,PET_Bottle,pet_bottle,0.296,21.1728439,-156.9437106,0.98,0.39,0.378,0.75,0.62,1.25,1인,S073
3908_11044_9786_1225,molokai_3908_11044_9786.jpg,Plastic_ETC,plastic_other,0.109,21.1728121,-156.9436812,0.70,0.61,0.423,1.02,0.68,3.39,1인,S073
3955_10207_1017_1226,molokai_3955_10207_1017.jpg,PET_Bottle,pet_bottle,0.283,21.1726765,-156.8082580,0.63,0.62,0.391,0.77,0.64,1.29,1인,S074
3955_10207_1017_1227,molokai_3955_10207_1017.jpg,PET_Bottle,pet_bottle,0.213,21.1726882,-156.8082647,0.53,0.43,0.228,0.45,0.38,0.75,1인,S074
3955_10207_1017_1228,molokai_3955_10207_1017.jpg,PET_Bottle,pet_bottle,0.149,21.1726952,-156.8082547,0.63,0.55,0.346,0.69,0.57,1.14,1인,S074
3955_10207_1017_1229,molokai_3955_10207_1017.jpg,PET_Bottle,pet_bottle,0.102,21.1726550,-156.8083433,0.55,0.26,0.141,0.28,0.23,0.46,1인,S074
3958_12886_4117_1236,molokai_3958_12886_4117.jpg,Styrofoam_Piece,eps_fragment,0.464,21.1720290,-156.7991336,0.51,0.47,0.241,0.14,0.10,0.48,1인,S075
3958_12886_4117_1237,molokai_3958_12886_4117.jpg,Plastic_Buoy,plastic_buoy,0.321,21.1719390,-156.7990811,0.47,0.45,0.213,3.83,1.91,5.10,1인,S075
3958_12886_4117_1238,molokai_3958_12886_4117.jpg,PET_Bottle,pet_bottle,0.255,21.1720024,-156.7991727,0.48,0.34,0.164,0.32,0.27,0.54,1인,S075
3958_12886_4117_1239,molokai_3958_12886_4117.jpg,Styrofoam_Piece,eps_fragment,0.243,21.1720176,-156.7991388,0.42,0.38,0.161,0.10,0.06,0.32,1인,S075
3958_12886_4117_1240,molokai_3958_12886_4117.jpg,Styrofoam_Piece,eps_fragment,0.202,21.1719888,-156.7991439,0.38,0.37,0.140,0.08,0.06,0.28,1인,S075
3958_12886_4117_1241,molokai_3958_12886_4117.jpg,Styrofoam_Piece,eps_fragment,0.192,21.1719679,-156.7990651,0.52,0.46,0.239,0.14,0.10,0.48,1인,S075
3958_12886_4117_1242,molokai_3958_12886_4117.jpg,Styrofoam_Piece,eps_fragment,0.160,21.1720118,-156.7991740,0.27,0.25,0.067,0.04,0.03,0.13,1인,S075
3958_12886_4117_1243,molokai_3958_12886_4117.jpg,Styrofoam_Piece,eps_fragment,0.147,21.1719955,-156.7991722,0.51,0.22,0.110,0.07,0.04,0.22,1인,S075
3958_12886_4117_1244,molokai_3958_12886_4117.jpg,Styrofoam_Piece,eps_fragment,0.145,21.1720030,-156.7991222,0.41,0.31,0.127,0.08,0.05,0.25,1인,S075
3958_12886_4117_1245,molokai_3958_12886_4117.jpg,Plastic_ETC,plastic_other,0.144,21.1719416,-156.7990827,0.55,0.35,0.192,0.46,0.31,1.54,1인,S075
3958_12886_4117_1246,molokai_3958_12886_4117.jpg,Styrofoam_Piece,eps_fragment,0.128,21.1719968,-156.7991587,0.88,0.46,0.405,0.24,0.16,0.81,1인,S075
3958_12935_3790_1253,molokai_3958_12935_3790.jpg,Styrofoam_Piece,eps_fragment,0.489,21.1720291,-156.7991336,0.53,0.46,0.244,0.15,0.10,0.49,1인,S075
3958_12935_3790_1254,molokai_3958_12935_3790.jpg,Styrofoam_Piece,eps_fragment,0.415,21.1720512,-156.7991092,0.73,0.63,0.459,0.28,0.18,0.92,1인,S075
3958_12935_3790_1255,molokai_3958_12935_3790.jpg,Styrofoam_Piece,eps_fragment,0.320,21.1720798,-156.7991412,0.46,0.44,0.203,0.12,0.08,0.41,1인,S075
3958_12935_3790_1256,molokai_3958_12935_3790.jpg,Plastic_Buoy,plastic_buoy,0.303,21.1720525,-156.7991320,0.41,0.38,0.157,2.83,1.42,3.78,1인,S075
3958_12935_3790_1257,molokai_3958_12935_3790.jpg,Styrofoam_Piece,eps_fragment,0.198,21.1720176,-156.7991388,0.43,0.39,0.167,0.10,0.07,0.33,1인,S075
3958_12935_3790_1258,molokai_3958_12935_3790.jpg,PET_Bottle,pet_bottle,0.171,21.1720569,-156.7991454,0.81,0.30,0.246,0.49,0.41,0.81,1인,S075
3958_12935_3790_1259,molokai_3958_12935_3790.jpg,Styrofoam_Piece,eps_fragment,0.159,21.1720030,-156.7991223,0.41,0.30,0.122,0.07,0.05,0.24,1인,S075
3958_12935_3790_1260,molokai_3958_12935_3790.jpg,PET_Bottle,pet_bottle,0.134,21.1720779,-156.7991451,0.61,0.27,0.164,0.32,0.27,0.54,1인,S075
3958_12935_3790_1261,molokai_3958_12935_3790.jpg,PET_Bottle,pet_bottle,0.129,21.1720770,-156.7991660,0.59,0.52,0.304,0.60,0.50,1.00,1인,S075
3958_12935_3790_1262,molokai_3958_12935_3790.jpg,Styrofoam_Piece,eps_fragment,0.129,21.1719969,-156.7991586,0.86,0.49,0.420,0.25,0.17,0.84,1인,S075
3958_12935_3790_1263,molokai_3958_12935_3790.jpg,PET_Bottle,pet_bottle,0.118,21.1720937,-156.7991681,0.54,0.22,0.120,0.24,0.20,0.40,1인,S075
3958_12935_3790_1264,molokai_3958_12935_3790.jpg,Styrofoam_Piece,eps_fragment,0.114,21.1720214,-156.7990582,0.54,0.43,0.233,0.14,0.09,0.47,1인,S075
3958_12935_3790_1265,molokai_3958_12935_3790.jpg,Styrofoam_Piece,eps_fragment,0.113,21.1720282,-156.7990683,0.59,0.40,0.235,0.14,0.09,0.47,1인,S075
4124_12349_13210_1273,molokai_4124_12349_13210.jpg,PET_Bottle,pet_bottle,0.705,21.1691962,-156.9263219,0.77,0.59,0.456,0.90,0.75,1.50,1인,S076
4124_12349_13210_1274,molokai_4124_12349_13210.jpg,Plastic_Buoy,plastic_buoy,0.356,21.1692453,-156.9263799,0.63,0.40,0.253,4.56,2.28,6.08,1인,S076
4124_12349_13210_1275,molokai_4124_12349_13210.jpg,Plastic_ETC,plastic_other,0.270,21.1692479,-156.9263517,0.73,0.57,0.417,1.00,0.67,3.34,1인,S076
4124_12349_13210_1276,molokai_4124_12349_13210.jpg,PET_Bottle,pet_bottle,0.164,21.1693038,-156.9263304,0.65,0.39,0.252,0.50,0.42,0.83,1인,S076
4124_12349_13210_1277,molokai_4124_12349_13210.jpg,Plastic_ETC,plastic_other,0.133,21.1692976,-156.9263116,1.16,1.04,1.208,2.90,1.93,9.67,1인,S076
4190_9462_13371_1279,molokai_4190_9462_13371.jpg,Plastic_Buoy,plastic_buoy,0.231,21.1667797,-156.7359743,0.43,0.38,0.162,2.92,1.46,3.90,1인,S077
4190_9462_13371_1280,molokai_4190_9462_13371.jpg,Net,net,0.124,21.1667739,-156.7359788,0.48,0.30,0.142,2.56,1.07,6.41,1인,S077
4190_9462_13371_1281,molokai_4190_9462_13371.jpg,Plastic_ETC,plastic_other,0.121,21.1667213,-156.7360250,0.44,0.34,0.150,0.36,0.24,1.20,1인,S077
4400_7961_13966_1286,molokai_4400_7961_13966.jpg,PET_Bottle,pet_bottle,0.204,21.1640143,-156.7361295,0.55,0.37,0.202,0.40,0.33,0.67,1인,S078
4400_7961_13966_1287,molokai_4400_7961_13966.jpg,Plastic_Buoy,plastic_buoy,0.143,21.1639502,-156.7361991,0.43,0.42,0.180,3.25,1.62,4.33,1인,S078
4400_7961_13966_1288,molokai_4400_7961_13966.jpg,Plastic_Buoy,plastic_buoy,0.129,21.1639579,-156.7361978,0.43,0.42,0.180,3.24,1.62,4.32,1인,S078
4400_7961_13966_1289,molokai_4400_7961_13966.jpg,Net,net,0.128,21.1639270,-156.7361217,0.55,0.45,0.247,4.45,1.85,11.12,1인,S078
4400_7961_13966_1290,molokai_4400_7961_13966.jpg,PET_Bottle,pet_bottle,0.122,21.1640117,-156.7361357,0.55,0.46,0.254,0.50,0.42,0.84,1인,S078
4400_7961_13966_1291,molokai_4400_7961_13966.jpg,Net,net,0.110,21.1640048,-156.7361563,0.51,0.50,0.253,4.55,1.90,11.37,1인,S078
4400_7997_14641_1303,molokai_4400_7997_14641.jpg,PET_Bottle,pet_bottle,0.360,21.1638511,-156.7361389,0.67,0.49,0.327,0.65,0.54,1.08,1인,S078
4400_7997_14641_1304,molokai_4400_7997_14641.jpg,Net,net,0.173,21.1638915,-156.7361504,0.42,0.41,0.174,3.13,1.30,7.82,1인,S078
4400_7997_14641_1305,molokai_4400_7997_14641.jpg,PET_Bottle,pet_bottle,0.140,21.1638367,-156.7361965,0.43,0.41,0.173,0.34,0.29,0.57,1인,S078
4400_7997_14641_1306,molokai_4400_7997_14641.jpg,PET_Bottle,pet_bottle,0.110,21.1638446,-156.7362093,0.65,0.61,0.393,0.78,0.65,1.30,1인,S078
4400_7997_14641_1307,molokai_4400_7997_14641.jpg,Plastic_ETC,plastic_other,0.105,21.1638358,-156.7361533,0.50,0.39,0.197,0.47,0.31,1.57,1인,S078
444_1393_2974_1311,molokai_444_1393_2974.jpg,Plastic_ETC,plastic_other,0.415,21.2207758,-157.2456059,0.73,0.71,0.515,1.23,0.82,4.12,1인,S079
456_10663_12795_1312,molokai_456_10663_12795.jpg,Plastic_ETC,plastic_other,0.318,21.2185952,-157.2091157,1.10,1.02,1.116,2.68,1.79,8.93,1인,S080
456_10663_12795_1313,molokai_456_10663_12795.jpg,Rope,rope,0.158,21.2186018,-157.2091325,1.66,1.29,2.136,25.64,17.09,42.73,2인,S080
456_10663_12795_1314,molokai_456_10663_12795.jpg,Styrofoam_Piece,eps_fragment,0.141,21.2186184,-157.2091677,0.73,0.64,0.467,0.28,0.19,0.93,1인,S080
456_10663_12795_1315,molokai_456_10663_12795.jpg,Rope,rope,0.123,21.2186016,-157.2091123,1.22,0.97,1.181,14.17,9.45,23.62,2인,S080
456_10663_12795_1316,molokai_456_10663_12795.jpg,Net,net,0.123,21.2186023,-157.2091405,0.40,0.39,0.158,2.85,1.19,7.11,1인,S080
456_10663_12795_1317,molokai_456_10663_12795.jpg,Net,net,0.111,21.2186673,-157.2091866,0.48,0.39,0.189,3.41,1.42,8.52,1인,S080
456_10663_12795_1318,molokai_456_10663_12795.jpg,Rope,rope,0.104,21.2186121,-157.2091248,0.76,0.74,0.563,6.76,4.50,11.26,1인,S080
456_8480_11486_1325,molokai_456_8480_11486.jpg,Net,net,0.324,21.2189158,-157.2096361,0.43,0.39,0.168,3.03,1.26,7.58,1인,S081
456_8480_11486_1326,molokai_456_8480_11486.jpg,Plastic_ETC,plastic_other,0.271,21.2188151,-157.2095265,0.44,0.44,0.190,0.46,0.30,1.52,1인,S081
456_8480_11486_1327,molokai_456_8480_11486.jpg,Plastic_Buoy,plastic_buoy,0.244,21.2188505,-157.2095529,0.59,0.55,0.327,5.89,2.94,7.85,1인,S081
456_8480_11486_1328,molokai_456_8480_11486.jpg,Plastic_Buoy,plastic_buoy,0.234,21.2188226,-157.2095468,0.48,0.46,0.225,4.04,2.02,5.39,1인,S081
456_8480_11486_1329,molokai_456_8480_11486.jpg,Plastic_Buoy,plastic_buoy,0.158,21.2189072,-157.2096371,0.50,0.49,0.244,4.39,2.20,5.86,1인,S081
456_8480_11486_1330,molokai_456_8480_11486.jpg,Plastic_ETC,plastic_other,0.143,21.2188552,-157.2095412,0.69,0.68,0.468,1.12,0.75,3.74,1인,S081
4610_7864_710_1340,molokai_4610_7864_710.jpg,Plastic_Buoy_China,plastic_buoy,0.144,21.1636264,-156.7361500,0.53,0.52,0.273,4.91,2.46,6.55,1인,S082
4610_7864_710_1341,molokai_4610_7864_710.jpg,Net,net,0.109,21.1636266,-156.7362126,0.47,0.45,0.215,3.87,1.61,9.66,1인,S082
4610_8092_9157_1347,molokai_4610_8092_9157.jpg,PET_Bottle,pet_bottle,0.210,21.1620875,-156.7362008,0.63,0.39,0.244,0.48,0.40,0.80,1인,S083
4610_8092_9157_1348,molokai_4610_8092_9157.jpg,PET_Bottle,pet_bottle,0.112,21.1621333,-156.7361732,0.49,0.28,0.136,0.27,0.22,0.45,1인,S083
4610_8098_-87_1351,molokai_4610_8098_-87.jpg,PET_Bottle,pet_bottle,0.134,21.1637879,-156.7362047,0.65,0.28,0.184,0.36,0.30,0.61,1인,S082
4610_8378_13151_1355,molokai_4610_8378_13151.jpg,Plastic_Buoy_China,plastic_buoy,0.138,21.1614552,-156.7360830,0.57,0.51,0.295,5.31,2.66,7.08,1인,S084
4610_8378_13151_1356,molokai_4610_8378_13151.jpg,PET_Bottle,pet_bottle,0.129,21.1613804,-156.7360800,0.39,0.28,0.107,0.21,0.18,0.35,1인,S084
4610_8410_9353_1358,molokai_4610_8410_9353.jpg,Net,net,0.179,21.1621336,-156.7360849,0.52,0.49,0.253,4.56,1.90,11.39,1인,S083
4610_8410_9353_1359,molokai_4610_8410_9353.jpg,PET_Bottle,pet_bottle,0.175,21.1620697,-156.7360940,0.59,0.45,0.266,0.53,0.44,0.88,1인,S083
4610_8410_9353_1360,molokai_4610_8410_9353.jpg,PET_Bottle,pet_bottle,0.111,21.1621416,-156.7360880,0.51,0.47,0.242,0.48,0.40,0.80,1인,S083
5459_4239_12993_1365,molokai_5459_4239_12993.jpg,Plastic_ETC,plastic_other,0.215,21.1502662,-156.7115851,0.72,0.44,0.317,0.76,0.51,2.54,1인,S085
5459_4239_12993_1366,molokai_5459_4239_12993.jpg,Plastic_Buoy_China,plastic_buoy,0.152,21.1503013,-156.7115410,0.48,0.44,0.210,3.79,1.89,5.05,1인,S085
5459_4239_12993_1367,molokai_5459_4239_12993.jpg,Styrofoam_Piece,eps_fragment,0.149,21.1502625,-156.7115823,0.48,0.48,0.229,0.14,0.09,0.46,1인,S085
5459_4239_12993_1368,molokai_5459_4239_12993.jpg,Net,net,0.132,21.1503115,-156.7115632,0.51,0.38,0.194,3.49,1.46,8.74,1인,S085
5669_3598_3897_1376,molokai_5669_3598_3897.jpg,Styrofoam_Buoy,eps_buoy,0.501,21.1491983,-156.7117223,1.09,0.94,1.029,9.00,3.86,10.29,1인,S086
5669_3598_3897_1377,molokai_5669_3598_3897.jpg,Plastic_Buoy,plastic_buoy,0.220,21.1492080,-156.7117284,0.36,0.34,0.122,2.19,1.09,2.92,1인,S086
5669_3598_3897_1378,molokai_5669_3598_3897.jpg,Net,net,0.181,21.1491933,-156.7116711,0.50,0.48,0.239,4.30,1.79,10.76,1인,S086
5669_3598_3897_1379,molokai_5669_3598_3897.jpg,Net,net,0.136,21.1491803,-156.7116934,0.49,0.41,0.204,3.68,1.53,9.19,1인,S086
5669_3598_3897_1380,molokai_5669_3598_3897.jpg,Net,net,0.130,21.1492279,-156.7116928,0.37,0.36,0.132,2.38,0.99,5.95,1인,S086
5878_4869_10990_1385,molokai_5878_4869_10990.jpg,Styrofoam_Piece,eps_fragment,0.338,21.1452694,-156.7140940,0.53,0.53,0.281,0.17,0.11,0.56,1인,S087
5878_4869_10990_1386,molokai_5878_4869_10990.jpg,PET_Bottle,pet_bottle,0.308,21.1452039,-156.7140333,0.73,0.27,0.194,0.38,0.32,0.64,1인,S087
5878_4869_10990_1387,molokai_5878_4869_10990.jpg,Styrofoam_Piece,eps_fragment,0.286,21.1452047,-156.7140624,0.59,0.58,0.344,0.21,0.14,0.69,1인,S087
5878_4869_10990_1388,molokai_5878_4869_10990.jpg,Styrofoam_Piece,eps_fragment,0.258,21.1452345,-156.7140852,0.69,0.60,0.417,0.25,0.17,0.83,1인,S087
5878_4869_10990_1389,molokai_5878_4869_10990.jpg,Plastic_Buoy,plastic_buoy,0.227,21.1452919,-156.7139987,0.36,0.32,0.117,2.10,1.05,2.80,1인,S087
5878_4869_10990_1390,molokai_5878_4869_10990.jpg,Styrofoam_Piece,eps_fragment,0.169,21.1452668,-156.7140877,0.48,0.44,0.210,0.13,0.08,0.42,1인,S087
5878_4869_10990_1391,molokai_5878_4869_10990.jpg,Plastic_ETC,plastic_other,0.163,21.1452031,-156.7140245,0.67,0.65,0.434,1.04,0.69,3.47,1인,S087
5878_4869_10990_1392,molokai_5878_4869_10990.jpg,Plastic_Buoy,plastic_buoy,0.139,21.1451921,-156.7140812,0.36,0.35,0.127,2.28,1.14,3.05,1인,S087
5878_5000_11309_1396,molokai_5878_5000_11309.jpg,Styrofoam_Piece,eps_fragment,0.385,21.1451632,-156.7140209,0.71,0.63,0.446,0.27,0.18,0.89,1인,S087
5878_5000_11309_1397,molokai_5878_5000_11309.jpg,Styrofoam_Piece,eps_fragment,0.294,21.1452048,-156.7140623,0.60,0.58,0.348,0.21,0.14,0.70,1인,S087
5878_5000_11309_1398,molokai_5878_5000_11309.jpg,Styrofoam_Piece,eps_fragment,0.210,21.1451593,-156.7140278,0.51,0.26,0.131,0.08,0.05,0.26,1인,S087
5878_5000_11309_1399,molokai_5878_5000_11309.jpg,Styrofoam_Piece,eps_fragment,0.199,21.1451609,-156.7140440,0.64,0.63,0.402,0.24,0.16,0.80,1인,S087
5878_5000_11309_1400,molokai_5878_5000_11309.jpg,Styrofoam_Piece,eps_fragment,0.193,21.1451628,-156.7140370,0.43,0.43,0.186,0.11,0.07,0.37,1인,S087
5878_5000_11309_1401,molokai_5878_5000_11309.jpg,Styrofoam_Piece,eps_fragment,0.168,21.1451922,-156.7140811,0.36,0.35,0.127,0.08,0.05,0.25,1인,S087
5878_5000_11309_1402,molokai_5878_5000_11309.jpg,Styrofoam_Piece,eps_fragment,0.151,21.1452345,-156.7140849,0.68,0.64,0.439,0.26,0.18,0.88,1인,S087
5878_5000_11309_1403,molokai_5878_5000_11309.jpg,Plastic_Buoy,plastic_buoy,0.149,21.1452359,-156.7139781,0.66,0.63,0.419,7.54,3.77,10.05,1인,S087
5878_5000_11309_1404,molokai_5878_5000_11309.jpg,PET_Bottle,pet_bottle,0.141,21.1452038,-156.7140333,0.76,0.25,0.188,0.37,0.31,0.62,1인,S087
5878_5000_11309_1405,molokai_5878_5000_11309.jpg,Plastic_Buoy,plastic_buoy,0.123,21.1451810,-156.7140344,0.62,0.50,0.313,5.63,2.81,7.50,1인,S087
5878_5000_11309_1406,molokai_5878_5000_11309.jpg,Plastic_ETC,plastic_other,0.109,21.1452030,-156.7140244,0.68,0.67,0.458,1.10,0.73,3.66,1인,S087
5878_5000_11309_1407,molokai_5878_5000_11309.jpg,Net,net,0.107,21.1451986,-156.7139983,0.56,0.43,0.240,4.33,1.80,10.82,1인,S087
5878_5000_11309_1408,molokai_5878_5000_11309.jpg,Net,net,0.102,21.1452282,-156.7139803,0.51,0.46,0.235,4.24,1.77,10.60,1인,S087
5878_5623_7686_1416,molokai_5878_5623_7686.jpg,Styrofoam_Buoy,eps_buoy,0.359,21.1458320,-156.7139047,0.93,0.76,0.710,6.21,2.66,7.10,1인,S088
5878_5623_7686_1417,molokai_5878_5623_7686.jpg,Styrofoam_Piece,eps_fragment,0.240,21.1458550,-156.7139234,0.47,0.46,0.220,0.13,0.09,0.44,1인,S088
5878_5623_7686_1418,molokai_5878_5623_7686.jpg,Net,net,0.186,21.1458527,-156.7139118,0.43,0.30,0.129,2.32,0.97,5.80,1인,S088
5878_5651_7296_1420,molokai_5878_5651_7296.jpg,Styrofoam_Piece,eps_fragment,0.382,21.1458550,-156.7139235,0.47,0.46,0.213,0.13,0.09,0.43,1인,S088
5878_5651_7296_1421,molokai_5878_5651_7296.jpg,Net,net,0.347,21.1458528,-156.7139116,0.43,0.34,0.144,2.60,1.08,6.49,1인,S088
5878_5651_7296_1422,molokai_5878_5651_7296.jpg,Plastic_ETC,plastic_other,0.108,21.1459523,-156.7139525,0.84,0.52,0.442,1.06,0.71,3.54,1인,S088
5878_7643_3426_1427,molokai_5878_7643_3426.jpg,Styrofoam_Buoy,eps_buoy,0.480,21.1465988,-156.7134683,1.11,1.10,1.211,10.60,4.54,12.11,1인,S089
5878_7643_3426_1428,molokai_5878_7643_3426.jpg,Styrofoam_Buoy,eps_buoy,0.331,21.1465791,-156.7134814,0.95,0.93,0.884,7.74,3.32,8.84,1인,S089
5878_7643_3426_1429,molokai_5878_7643_3426.jpg,Styrofoam_Piece,eps_fragment,0.322,21.1465958,-156.7134526,0.57,0.51,0.289,0.17,0.12,0.58,1인,S089
5878_7643_3426_1430,molokai_5878_7643_3426.jpg,Plastic_Buoy,plastic_buoy,0.307,21.1465706,-156.7134653,0.40,0.39,0.154,2.78,1.39,3.70,1인,S089
5878_7643_3426_1431,molokai_5878_7643_3426.jpg,Styrofoam_Piece,eps_fragment,0.201,21.1465501,-156.7134941,0.55,0.54,0.301,0.18,0.12,0.60,1인,S089
5878_7777_3800_1434,molokai_5878_7777_3800.jpg,Plastic_Buoy,plastic_buoy,0.382,21.1464992,-156.7135297,0.50,0.46,0.230,4.13,2.07,5.51,1인,S089
5878_7777_3800_1435,molokai_5878_7777_3800.jpg,Plastic_Buoy,plastic_buoy,0.314,21.1465705,-156.7134652,0.40,0.39,0.156,2.81,1.40,3.75,1인,S089
5878_7777_3800_1436,molokai_5878_7777_3800.jpg,Styrofoam_Buoy,eps_buoy,0.265,21.1465791,-156.7134814,0.95,0.91,0.863,7.55,3.23,8.63,1인,S089
5878_7777_3800_1437,molokai_5878_7777_3800.jpg,Styrofoam_Buoy,eps_buoy,0.260,21.1465293,-156.7134796,0.91,0.89,0.814,7.13,3.05,8.14,1인,S089
5878_7777_3800_1438,molokai_5878_7777_3800.jpg,Styrofoam_Piece,eps_fragment,0.173,21.1465501,-156.7134942,0.55,0.53,0.289,0.17,0.12,0.58,1인,S089
5878_7777_3800_1439,molokai_5878_7777_3800.jpg,Plastic_Buoy,plastic_buoy,0.165,21.1464898,-156.7134898,0.44,0.44,0.190,3.43,1.71,4.57,1인,S089
5878_7777_3800_1440,molokai_5878_7777_3800.jpg,Plastic_ETC,plastic_other,0.148,21.1465778,-156.7134616,0.68,0.51,0.348,0.84,0.56,2.78,1인,S089
6506_9212_13221_1442,molokai_6506_9212_13221.jpg,Plastic_Buoy_China,plastic_buoy,0.210,21.1367355,-156.7189255,0.60,0.56,0.335,6.03,3.01,8.04,1인,S090
6506_9212_13221_1443,molokai_6506_9212_13221.jpg,Plastic_Buoy,plastic_buoy,0.175,21.1368020,-156.7189237,0.43,0.36,0.154,2.76,1.38,3.68,1인,S090
6506_9212_13221_1444,molokai_6506_9212_13221.jpg,Plastic_Buoy_China,plastic_buoy,0.138,21.1367381,-156.7189559,0.58,0.56,0.329,5.92,2.96,7.89,1인,S090
6506_9212_13221_1445,molokai_6506_9212_13221.jpg,Styrofoam_Buoy,eps_buoy,0.123,21.1367757,-156.7189150,1.19,0.95,1.129,9.88,4.23,11.29,1인,S090
6506_9212_13221_1446,molokai_6506_9212_13221.jpg,Net,net,0.102,21.1367333,-156.7189059,0.42,0.42,0.177,3.19,1.33,7.99,1인,S090
6507_-187_3956_1452,molokai_6507_-187_3956.jpg,Styrofoam_Buoy,eps_buoy,0.493,21.1384412,-156.7183912,1.14,1.04,1.188,10.39,4.45,11.88,1인,S091
6507_-187_3956_1453,molokai_6507_-187_3956.jpg,Plastic_Buoy,plastic_buoy,0.458,21.1384187,-156.7184152,0.52,0.51,0.267,4.80,2.40,6.40,1인,S091
6507_-187_3956_1454,molokai_6507_-187_3956.jpg,Net,net,0.223,21.1384812,-156.7183361,0.57,0.44,0.250,4.50,1.87,11.25,1인,S091
6507_-187_3956_1455,molokai_6507_-187_3956.jpg,Styrofoam_Piece,eps_fragment,0.208,21.1384445,-156.7184057,0.60,0.60,0.356,0.21,0.14,0.71,1인,S091
6507_-187_3956_1456,molokai_6507_-187_3956.jpg,PET_Bottle,pet_bottle,0.148,21.1384370,-156.7183576,0.52,0.24,0.126,0.25,0.21,0.42,1인,S091
6507_-187_3956_1457,molokai_6507_-187_3956.jpg,Styrofoam_Piece,eps_fragment,0.119,21.1383934,-156.7184140,0.79,0.39,0.308,0.18,0.12,0.62,1인,S091
6507_-187_3956_1458,molokai_6507_-187_3956.jpg,Net,net,0.103,21.1384437,-156.7183975,0.56,0.43,0.240,4.31,1.80,10.78,1인,S091
6507_127_3840_1465,molokai_6507_127_3840.jpg,Styrofoam_Buoy,eps_buoy,0.526,21.1384411,-156.7183893,1.17,0.66,0.773,6.76,2.90,7.73,1인,S091
6507_127_3840_1466,molokai_6507_127_3840.jpg,Net,net,0.135,21.1384812,-156.7183362,0.55,0.42,0.229,4.13,1.72,10.33,1인,S091
6507_127_3840_1467,molokai_6507_127_3840.jpg,Styrofoam_Buoy,eps_buoy,0.119,21.1384064,-156.7183520,1.38,0.51,0.706,6.18,2.65,7.06,1인,S091
6507_127_3840_1468,molokai_6507_127_3840.jpg,Plastic_ETC,plastic_other,0.117,21.1384075,-156.7183294,2.60,0.83,2.157,5.18,3.45,17.25,1인,S091
656_13945_5167_1479,molokai_656_13945_5167.jpg,Plastic_Buoy_China,plastic_buoy,0.312,21.2176116,-157.2374413,0.50,0.42,0.208,3.74,1.87,4.99,1인,S092
656_13945_5167_1480,molokai_656_13945_5167.jpg,Plastic_Buoy_China,plastic_buoy,0.255,21.2176109,-157.2374264,0.48,0.44,0.212,3.82,1.91,5.10,1인,S092
656_13945_5167_1481,molokai_656_13945_5167.jpg,Net,net,0.249,21.2175856,-157.2374466,0.42,0.41,0.172,3.10,1.29,7.76,1인,S092
656_13945_5167_1482,molokai_656_13945_5167.jpg,PET_Bottle,pet_bottle,0.246,21.2175297,-157.2373934,0.49,0.39,0.193,0.38,0.32,0.64,1인,S092
656_13945_5167_1483,molokai_656_13945_5167.jpg,Plastic_Buoy_China,plastic_buoy,0.184,21.2176279,-157.2374726,0.64,0.61,0.392,7.06,3.53,9.41,1인,S092
656_13945_5167_1484,molokai_656_13945_5167.jpg,Net,net,0.167,21.2175672,-157.2374710,0.44,0.41,0.182,3.27,1.36,8.17,1인,S092
656_13945_5167_1485,molokai_656_13945_5167.jpg,Plastic_Buoy_China,plastic_buoy,0.159,21.2175867,-157.2374978,0.52,0.52,0.272,4.90,2.45,6.54,1인,S092
656_13945_5167_1486,molokai_656_13945_5167.jpg,Net,net,0.150,21.2176275,-157.2374773,0.56,0.45,0.250,4.51,1.88,11.27,1인,S092
656_13945_5167_1487,molokai_656_13945_5167.jpg,Net,net,0.117,21.2175843,-157.2374311,0.41,0.41,0.167,3.00,1.25,7.50,1인,S092
656_13945_5167_1488,molokai_656_13945_5167.jpg,PET_Bottle,pet_bottle,0.107,21.2175777,-157.2374434,0.58,0.48,0.278,0.55,0.46,0.92,1인,S092
657_13079_5960_1499,molokai_657_13079_5960.jpg,Net,net,0.526,21.2173866,-157.2347072,0.57,0.40,0.227,4.09,1.71,10.24,1인,S093
657_13079_5960_1500,molokai_657_13079_5960.jpg,Plastic_Buoy,plastic_buoy,0.458,21.2173864,-157.2347115,0.49,0.43,0.213,3.83,1.92,5.11,1인,S093
657_13079_5960_1501,molokai_657_13079_5960.jpg,Plastic_Buoy,plastic_buoy,0.339,21.2173640,-157.2346970,0.51,0.49,0.247,4.45,2.23,5.94,1인,S093
657_13079_5960_1502,molokai_657_13079_5960.jpg,Styrofoam_Buoy,eps_buoy,0.284,21.2174085,-157.2346690,1.61,1.13,1.818,15.91,6.82,18.18,1인,S093
657_13079_5960_1503,molokai_657_13079_5960.jpg,PET_Bottle,pet_bottle,0.281,21.2173604,-157.2346962,0.59,0.59,0.348,0.69,0.57,1.15,1인,S093
657_13079_5960_1504,molokai_657_13079_5960.jpg,Plastic_Buoy,plastic_buoy,0.271,21.2173849,-157.2346742,0.41,0.41,0.167,3.01,1.51,4.02,1인,S093
657_13079_5960_1505,molokai_657_13079_5960.jpg,Net,net,0.270,21.2173733,-157.2347168,0.50,0.46,0.230,4.14,1.72,10.34,1인,S093
657_13079_5960_1506,molokai_657_13079_5960.jpg,Styrofoam_Piece,eps_fragment,0.267,21.2174020,-157.2346820,0.46,0.45,0.210,0.13,0.08,0.42,1인,S093
657_13079_5960_1507,molokai_657_13079_5960.jpg,Net,net,0.188,21.2173866,-157.2347032,0.42,0.38,0.161,2.89,1.21,7.23,1인,S093
657_13079_5960_1508,molokai_657_13079_5960.jpg,Plastic_Buoy,plastic_buoy,0.155,21.2173657,-157.2347175,0.40,0.39,0.156,2.82,1.41,3.75,1인,S093
657_13079_5960_1509,molokai_657_13079_5960.jpg,Plastic_Buoy_China,plastic_buoy,0.120,21.2174699,-157.2347009,0.55,0.25,0.138,2.48,1.24,3.30,1인,S093
658_10252_3904_1519,molokai_658_10252_3904.jpg,Plastic_Buoy,plastic_buoy,0.628,21.2177771,-157.2323324,0.62,0.55,0.340,6.12,3.06,8.17,1인,S094
658_10252_3904_1520,molokai_658_10252_3904.jpg,Plastic_Buoy_China,plastic_buoy,0.335,21.2178081,-157.2323979,0.49,0.44,0.216,3.88,1.94,5.18,1인,S094
658_10252_3904_1521,molokai_658_10252_3904.jpg,Plastic_ETC,plastic_other,0.270,21.2177606,-157.2323752,0.48,0.47,0.222,0.53,0.36,1.78,1인,S094
658_10252_3904_1522,molokai_658_10252_3904.jpg,PET_Bottle,pet_bottle,0.265,21.2177741,-157.2323723,0.51,0.37,0.190,0.38,0.31,0.63,1인,S094
658_10252_3904_1523,molokai_658_10252_3904.jpg,Plastic_Buoy,plastic_buoy,0.223,21.2177385,-157.2323958,0.35,0.35,0.123,2.21,1.11,2.95,1인,S094
658_10252_3904_1524,molokai_658_10252_3904.jpg,PET_Bottle,pet_bottle,0.201,21.2177544,-157.2323781,0.44,0.32,0.140,0.28,0.23,0.46,1인,S094
658_10252_3904_1525,molokai_658_10252_3904.jpg,PET_Bottle,pet_bottle,0.191,21.2177989,-157.2323977,0.49,0.38,0.185,0.37,0.30,0.61,1인,S094
658_10252_3904_1526,molokai_658_10252_3904.jpg,Plastic_Buoy,plastic_buoy,0.126,21.2177563,-157.2323889,0.30,0.29,0.087,1.56,0.78,2.09,1인,S094
660_-38_6770_1528,molokai_660_-38_6770.jpg,Plastic_ETC,plastic_other,0.117,21.2171518,-157.2286144,0.92,0.85,0.788,1.89,1.26,6.30,1인,S095
660_13942_7636_1535,molokai_660_13942_7636.jpg,Plastic_Buoy,plastic_buoy,0.350,21.2169631,-157.2259142,0.36,0.34,0.122,2.19,1.09,2.92,1인,S096
660_13942_7636_1536,molokai_660_13942_7636.jpg,Plastic_Buoy,plastic_buoy,0.281,21.2169964,-157.2258339,0.52,0.27,0.138,2.49,1.24,3.31,1인,S096
660_13942_7636_1537,molokai_660_13942_7636.jpg,Plastic_ETC,plastic_other,0.262,21.2170179,-157.2258938,0.64,0.52,0.333,0.80,0.53,2.67,1인,S096
660_13942_7636_1538,molokai_660_13942_7636.jpg,Plastic_ETC,plastic_other,0.144,21.2170678,-157.2259169,0.64,0.51,0.323,0.78,0.52,2.59,1인,S096
660_13942_7636_1539,molokai_660_13942_7636.jpg,PET_Bottle,pet_bottle,0.105,21.2169657,-157.2259172,0.69,0.50,0.347,0.69,0.57,1.14,1인,S096
660_14259_7754_1544,molokai_660_14259_7754.jpg,Plastic_Buoy,plastic_buoy,0.337,21.2169963,-157.2258330,0.49,0.45,0.221,3.97,1.99,5.30,1인,S096
660_14259_7754_1545,molokai_660_14259_7754.jpg,Plastic_Buoy,plastic_buoy,0.141,21.2170179,-157.2258927,0.51,0.38,0.196,3.53,1.77,4.71,1인,S096
660_14259_7754_1546,molokai_660_14259_7754.jpg,Net,net,0.130,21.2170422,-157.2258324,0.64,0.51,0.321,5.78,2.41,14.46,1인,S096
660_14259_7754_1547,molokai_660_14259_7754.jpg,Net,net,0.124,21.2170408,-157.2258072,0.56,0.51,0.282,5.08,2.12,12.69,1인,S096
660_14259_7754_1548,molokai_660_14259_7754.jpg,Plastic_Buoy,plastic_buoy,0.111,21.2169863,-157.2258502,0.30,0.27,0.080,1.44,0.72,1.91,1인,S096
660_14259_7754_1549,molokai_660_14259_7754.jpg,PET_Bottle,pet_bottle,0.104,21.2169566,-157.2258779,0.45,0.33,0.147,0.29,0.24,0.49,1인,S096
667_10167_8235_1554,molokai_667_10167_8235.jpg,Plastic_Buoy,plastic_buoy,0.121,21.2167044,-157.2063969,1.08,1.08,1.165,20.98,10.49,27.97,2인,S097
667_14644_9898_1557,molokai_667_14644_9898.jpg,Plastic_ETC,plastic_other,0.261,21.2163942,-157.2055593,0.66,0.59,0.394,0.95,0.63,3.15,1인,S098
667_14644_9898_1558,molokai_667_14644_9898.jpg,Plastic_ETC,plastic_other,0.105,21.2163984,-157.2055666,0.53,0.53,0.282,0.68,0.45,2.25,1인,S098
667_9834_8179_1559,molokai_667_9834_8179.jpg,Net,net,0.130,21.2167366,-157.2064536,0.38,0.35,0.135,2.43,1.01,6.08,1인,S097
667_9834_8179_1560,molokai_667_9834_8179.jpg,Plastic_Buoy,plastic_buoy,0.119,21.2167254,-157.2065090,0.56,0.47,0.265,4.77,2.39,6.36,1인,S097
6716_1402_14297_1567,molokai_6716_1402_14297.jpg,Plastic_Buoy_China,plastic_buoy,0.191,21.1338932,-156.7209910,0.70,0.69,0.487,8.76,4.38,11.69,1인,S099
6716_1402_14297_1568,molokai_6716_1402_14297.jpg,Styrofoam_Piece,eps_fragment,0.154,21.1338446,-156.7210301,0.67,0.44,0.297,0.18,0.12,0.59,1인,S099
6716_5012_10945_1571,molokai_6716_5012_10945.jpg,PET_Bottle,pet_bottle,0.187,21.1345415,-156.7202999,0.58,0.34,0.196,0.39,0.32,0.65,1인,S100
6716_8253_7922_1572,molokai_6716_8253_7922.jpg,Styrofoam_Piece,eps_fragment,0.368,21.1350656,-156.7196801,0.46,0.46,0.212,0.13,0.08,0.42,1인,S101
6716_8253_7922_1573,molokai_6716_8253_7922.jpg,Styrofoam_Piece,eps_fragment,0.233,21.1350378,-156.7197214,0.79,0.73,0.577,0.35,0.23,1.15,1인,S101
6716_9093_2931_1575,molokai_6716_9093_2931.jpg,Styrofoam_Buoy,eps_buoy,0.200,21.1359426,-156.7195558,1.04,0.88,0.917,8.02,3.44,9.17,1인,S102
6716_9093_2931_1576,molokai_6716_9093_2931.jpg,Plastic_Buoy,plastic_buoy,0.173,21.1359895,-156.7195389,0.36,0.29,0.103,1.85,0.93,2.47,1인,S102
6716_9093_2931_1577,molokai_6716_9093_2931.jpg,PET_Bottle,pet_bottle,0.153,21.1359079,-156.7195182,0.56,0.30,0.169,0.33,0.28,0.56,1인,S102
6716_9286_1856_1583,molokai_6716_9286_1856.jpg,Styrofoam_Piece,eps_fragment,0.189,21.1361263,-156.7194906,0.59,0.52,0.303,0.18,0.12,0.61,1인,S103
6716_9286_1856_1584,molokai_6716_9286_1856.jpg,Net,net,0.166,21.1360872,-156.7194626,0.52,0.27,0.140,2.51,1.05,6.28,1인,S102
6716_9286_1856_1585,molokai_6716_9286_1856.jpg,Net,net,0.119,21.1361083,-156.7195020,0.49,0.49,0.239,4.31,1.80,10.77,1인,S102
6716_9286_1856_1586,molokai_6716_9286_1856.jpg,Net,net,0.106,21.1361482,-156.7194404,0.67,0.51,0.339,6.10,2.54,15.26,1인,S103
6716_9465_4122_1594,molokai_6716_9465_4122.jpg,Net,net,0.225,21.1356681,-156.7194424,0.57,0.53,0.303,5.46,2.27,13.65,1인,S104
6716_9465_4122_1595,molokai_6716_9465_4122.jpg,Net,net,0.204,21.1356900,-156.7195161,0.51,0.44,0.227,4.09,1.70,10.21,1인,S104
6716_9465_4122_1596,molokai_6716_9465_4122.jpg,Plastic_Buoy_China,plastic_buoy,0.178,21.1356753,-156.7194940,0.49,0.48,0.235,4.23,2.11,5.63,1인,S104
6716_9465_4122_1597,molokai_6716_9465_4122.jpg,Plastic_ETC,plastic_other,0.132,21.1356856,-156.7195194,1.08,1.02,1.105,2.65,1.77,8.84,1인,S104
6716_9636_3432_1604,molokai_6716_9636_3432.jpg,PET_Bottle,pet_bottle,0.125,21.1358754,-156.7194524,0.55,0.30,0.165,0.33,0.27,0.54,1인,S102
6925_11530_4018_1607,molokai_6925_11530_4018.jpg,Styrofoam_Piece,eps_fragment,0.405,21.1330581,-156.7217717,0.57,0.56,0.324,0.19,0.13,0.65,1인,S105
6925_11530_4018_1608,molokai_6925_11530_4018.jpg,Styrofoam_Buoy,eps_buoy,0.252,21.1330278,-156.7217401,0.86,0.85,0.733,6.41,2.75,7.33,1인,S105
6925_11775_4768_1611,molokai_6925_11775_4768.jpg,Net,net,0.101,21.1329241,-156.7216931,0.32,0.16,0.050,0.90,0.38,2.26,1인,S106
6925_11855_3929_1618,molokai_6925_11855_3929.jpg,Plastic_ETC,plastic_other,0.423,21.1330333,-156.7217132,0.76,0.72,0.553,1.33,0.88,4.42,1인,S105
6925_11855_3929_1619,molokai_6925_11855_3929.jpg,Styrofoam_Piece,eps_fragment,0.251,21.1330580,-156.7217713,0.54,0.46,0.247,0.15,0.10,0.49,1인,S105
6925_11855_3929_1620,molokai_6925_11855_3929.jpg,Plastic_Buoy,plastic_buoy,0.247,21.1331028,-156.7216868,0.47,0.44,0.211,3.80,1.90,5.07,1인,S105
6925_11855_3929_1621,molokai_6925_11855_3929.jpg,Styrofoam_Buoy,eps_buoy,0.226,21.1330279,-156.7217401,0.85,0.83,0.706,6.17,2.65,7.06,1인,S105
6925_11855_3929_1622,molokai_6925_11855_3929.jpg,Styrofoam_Piece,eps_fragment,0.168,21.1330649,-156.7217114,0.65,0.61,0.394,0.24,0.16,0.79,1인,S105
6925_11855_3929_1623,molokai_6925_11855_3929.jpg,Plastic_Buoy,plastic_buoy,0.114,21.1330173,-156.7217419,0.58,0.40,0.233,4.19,2.09,5.58,1인,S105
6925_12230_3473_1628,molokai_6925_12230_3473.jpg,Styrofoam_Buoy,eps_buoy,0.286,21.1331612,-156.7216699,1.33,1.28,1.697,14.85,6.36,16.97,1인,S105
6925_12230_3473_1629,molokai_6925_12230_3473.jpg,Plastic_Buoy,plastic_buoy,0.275,21.1331028,-156.7216868,0.47,0.45,0.213,3.83,1.92,5.11,1인,S105
6925_12230_3473_1630,molokai_6925_12230_3473.jpg,Plastic_Buoy,plastic_buoy,0.187,21.1331407,-156.7216863,0.37,0.37,0.140,2.52,1.26,3.36,1인,S105
6925_12230_3473_1631,molokai_6925_12230_3473.jpg,Styrofoam_Piece,eps_fragment,0.172,21.1331396,-156.7216791,0.55,0.54,0.295,0.18,0.12,0.59,1인,S105
6925_12230_3473_1632,molokai_6925_12230_3473.jpg,Plastic_Buoy,plastic_buoy,0.157,21.1331808,-156.7216566,0.49,0.39,0.191,3.45,1.72,4.59,1인,S105
6925_12230_3473_1633,molokai_6925_12230_3473.jpg,Styrofoam_Buoy,eps_buoy,0.114,21.1331884,-156.7216507,0.73,0.63,0.464,4.06,1.74,4.64,1인,S105
6926_-118_936_1637,molokai_6926_-118_936.jpg,Styrofoam_Piece,eps_fragment,0.260,21.1336046,-156.7213510,0.70,0.62,0.434,0.26,0.17,0.87,1인,S107
6926_282_587_1639,molokai_6926_282_587.jpg,Styrofoam_Piece,eps_fragment,0.256,21.1337076,-156.7212114,0.78,0.64,0.498,0.30,0.20,1.00,1인,S107
7135_6719_4832_1643,molokai_7135_6719_4832.jpg,Plastic_Buoy_China,plastic_buoy,0.235,21.1302488,-156.7229647,0.66,0.44,0.290,5.23,2.61,6.97,1인,S108
7135_6719_4832_1644,molokai_7135_6719_4832.jpg,Net,net,0.186,21.1301776,-156.7229162,0.47,0.34,0.157,2.83,1.18,7.08,1인,S108
7135_6719_4832_1645,molokai_7135_6719_4832.jpg,Net,net,0.159,21.1302559,-156.7229623,0.54,0.50,0.272,4.89,2.04,12.23,1인,S108
7135_6719_4832_1646,molokai_7135_6719_4832.jpg,Net,net,0.151,21.1302187,-156.7229671,0.57,0.47,0.264,4.75,1.98,11.87,1인,S108
7135_6719_4832_1647,molokai_7135_6719_4832.jpg,Plastic_ETC,plastic_other,0.137,21.1302116,-156.7229190,0.84,0.81,0.677,1.63,1.08,5.42,1인,S108
7135_6719_4832_1648,molokai_7135_6719_4832.jpg,Net,net,0.103,21.1301938,-156.7229088,0.69,0.35,0.240,4.32,1.80,10.81,1인,S108
7135_6719_4832_1649,molokai_7135_6719_4832.jpg,Plastic_ETC,plastic_other,0.103,21.1301906,-156.7229038,0.98,0.47,0.464,1.11,0.74,3.71,1인,S108
7344_1570_8792_1655,molokai_7344_1570_8792.jpg,Plastic_ETC,plastic_other,0.168,21.1268461,-156.7268926,0.47,0.42,0.199,0.48,0.32,1.59,1인,S109
7344_874_9779_1661,molokai_7344_874_9779.jpg,Styrofoam_Piece,eps_fragment,0.204,21.1266694,-156.7270294,0.44,0.40,0.175,0.11,0.07,0.35,1인,S110
7344_874_9779_1662,molokai_7344_874_9779.jpg,Plastic_Buoy,plastic_buoy,0.124,21.1266969,-156.7270350,0.43,0.43,0.185,3.33,1.66,4.44,1인,S110
7344_874_9779_1663,molokai_7344_874_9779.jpg,Plastic_Buoy_China,plastic_buoy,0.123,21.1266532,-156.7270431,0.47,0.46,0.216,3.89,1.94,5.18,1인,S110
7552_8574_11975_1666,molokai_7552_8574_11975.jpg,Styrofoam_Piece,eps_fragment,0.422,21.1236051,-156.7311228,0.46,0.42,0.189,0.11,0.08,0.38,1인,S111
7552_8574_11975_1667,molokai_7552_8574_11975.jpg,Plastic_Buoy,plastic_buoy,0.316,21.1236549,-156.7312032,0.57,0.47,0.269,4.83,2.42,6.45,1인,S111
7762_7392_7788_1670,molokai_7762_7392_7788.jpg,Plastic_Buoy,plastic_buoy,0.140,21.1216246,-156.7316459,0.48,0.38,0.181,3.26,1.63,4.35,1인,S112
7971_10570_6719_1672,molokai_7971_10570_6719.jpg,Plastic_Buoy,plastic_buoy,0.767,21.1191343,-156.7334513,0.44,0.43,0.187,3.37,1.68,4.49,1인,S113
7971_10570_6719_1673,molokai_7971_10570_6719.jpg,Plastic_Buoy,plastic_buoy,0.185,21.1191755,-156.7334729,0.46,0.44,0.204,3.67,1.84,4.89,1인,S113
7971_10570_6719_1674,molokai_7971_10570_6719.jpg,Plastic_ETC,plastic_other,0.138,21.1191474,-156.7334602,0.60,0.54,0.322,0.77,0.51,2.57,1인,S113
7985_13620_14337_1679,molokai_7985_13620_14337.jpg,Net,net,0.392,21.1216907,-157.2991762,0.49,0.47,0.231,4.16,1.74,10.41,1인,S114
8196_3057_5234_1684,molokai_8196_3057_5234.jpg,Rope,rope,0.107,21.1206745,-157.2984939,1.25,0.95,1.192,14.31,9.54,23.85,2인,S115
8389_12982_4218_1686,molokai_8389_12982_4218.jpg,PET_Bottle,pet_bottle,0.109,21.1142936,-156.7393232,0.69,0.50,0.349,0.69,0.58,1.15,1인,S116
879_3230_4172_1690,molokai_879_3230_4172.jpg,Plastic_ETC,plastic_other,0.202,21.2146717,-157.2020002,0.68,0.55,0.373,0.90,0.60,2.99,1인,S117
879_3230_4172_1691,molokai_879_3230_4172.jpg,Net,net,0.182,21.2146346,-157.2020168,0.62,0.54,0.337,6.06,2.53,15.16,1인,S118
879_3230_4172_1692,molokai_879_3230_4172.jpg,Plastic_Buoy,plastic_buoy,0.137,21.2146956,-157.2020275,0.58,0.56,0.323,5.81,2.91,7.75,1인,S118
879_3230_4172_1693,molokai_879_3230_4172.jpg,Net,net,0.125,21.2147180,-157.2020055,0.47,0.36,0.169,3.04,1.27,7.61,1인,S118
879_3230_4172_1694,molokai_879_3230_4172.jpg,Net,net,0.105,21.2146419,-157.2019424,0.44,0.41,0.178,3.20,1.33,8.00,1인,S117
879_4055_4290_1696,molokai_879_4055_4290.jpg,Styrofoam_Buoy,eps_buoy,0.448,21.2146583,-157.2018188,1.63,1.31,2.146,18.78,8.05,21.46,1인,S117
879_4055_4290_1697,molokai_879_4055_4290.jpg,Net,net,0.241,21.2146654,-157.2017652,0.47,0.34,0.158,2.85,1.19,7.13,1인,S117
879_4055_4290_1698,molokai_879_4055_4290.jpg,Net,net,0.219,21.2146436,-157.2018243,0.48,0.45,0.213,3.83,1.60,9.57,1인,S117
879_4055_4290_1699,molokai_879_4055_4290.jpg,Plastic_Buoy,plastic_buoy,0.154,21.2146682,-157.2018224,0.49,0.49,0.241,4.35,2.17,5.80,1인,S117
879_4055_4290_1700,molokai_879_4055_4290.jpg,Net,net,0.124,21.2146798,-157.2018432,0.63,0.39,0.246,4.43,1.85,11.09,1인,S117
879_4055_4290_1701,molokai_879_4055_4290.jpg,Net,net,0.122,21.2146367,-157.2017646,0.43,0.35,0.152,2.74,1.14,6.85,1인,S117
879_4055_4290_1702,molokai_879_4055_4290.jpg,Net,net,0.105,21.2146281,-157.2018331,0.58,0.40,0.233,4.20,1.75,10.49,1인,S117
879_939_3346_1708,molokai_879_939_3346.jpg,Net,net,0.476,21.2148905,-157.2024505,0.56,0.43,0.240,4.33,1.80,10.82,1인,S119
879_939_3346_1709,molokai_879_939_3346.jpg,Plastic_ETC,plastic_other,0.184,21.2148454,-157.2024619,0.61,0.60,0.367,0.88,0.59,2.94,1인,S119
880_5947_5539_1712,molokai_880_5947_5539.jpg,Net,net,0.114,21.2144240,-157.1985208,0.53,0.53,0.281,5.06,2.11,12.64,1인,S120
880_6216_5862_1716,molokai_880_6216_5862.jpg,Styrofoam_Buoy,eps_buoy,0.458,21.2143208,-157.1984579,0.60,0.38,0.225,1.97,0.84,2.25,1인,S120
880_6216_5862_1717,molokai_880_6216_5862.jpg,Net,net,0.336,21.2143227,-157.1984622,0.48,0.44,0.210,3.77,1.57,9.43,1인,S120
880_6216_5862_1718,molokai_880_6216_5862.jpg,Plastic_Buoy,plastic_buoy,0.215,21.2143389,-157.1985176,0.46,0.45,0.209,3.76,1.88,5.01,1인,S120
880_6216_5862_1719,molokai_880_6216_5862.jpg,Styrofoam_Piece,eps_fragment,0.161,21.2143292,-157.1984760,0.49,0.33,0.163,0.10,0.07,0.33,1인,S120
880_6760_6787_1723,molokai_880_6760_6787.jpg,Styrofoam_Piece,eps_fragment,0.375,21.2141804,-157.1984023,0.66,0.55,0.361,0.22,0.14,0.72,1인,S121
880_6760_6787_1724,molokai_880_6760_6787.jpg,Plastic_Buoy,plastic_buoy,0.164,21.2141706,-157.1984149,0.45,0.45,0.200,3.61,1.80,4.81,1인,S121
880_6760_6787_1725,molokai_880_6760_6787.jpg,Styrofoam_Piece,eps_fragment,0.138,21.2141850,-157.1984156,0.39,0.38,0.149,0.09,0.06,0.30,1인,S121
880_7132_6983_1728,molokai_880_7132_6983.jpg,Plastic_ETC,plastic_other,0.315,21.2141354,-157.1983431,0.57,0.54,0.307,0.74,0.49,2.45,1인,S122
880_7132_6983_1729,molokai_880_7132_6983.jpg,Plastic_Buoy,plastic_buoy,0.263,21.2141158,-157.1982886,0.47,0.46,0.216,3.89,1.94,5.18,1인,S122
880_7132_6983_1730,molokai_880_7132_6983.jpg,Net,net,0.256,21.2141047,-157.1983043,0.46,0.43,0.199,3.58,1.49,8.96,1인,S122
880_7132_6983_1731,molokai_880_7132_6983.jpg,Net,net,0.242,21.2141192,-157.1982883,0.55,0.49,0.269,4.85,2.02,12.12,1인,S122
880_7132_6983_1732,molokai_880_7132_6983.jpg,Net,net,0.180,21.2141080,-157.1983135,0.42,0.35,0.147,2.65,1.11,6.63,1인,S122
880_7132_6983_1733,molokai_880_7132_6983.jpg,Styrofoam_Piece,eps_fragment,0.150,21.2141248,-157.1983289,0.68,0.52,0.351,0.21,0.14,0.70,1인,S122
880_7132_6983_1734,molokai_880_7132_6983.jpg,Styrofoam_Piece,eps_fragment,0.138,21.2141437,-157.1983158,0.51,0.39,0.198,0.12,0.08,0.40,1인,S122
880_7132_6983_1735,molokai_880_7132_6983.jpg,Plastic_ETC,plastic_other,0.132,21.2141194,-157.1983218,0.70,0.59,0.409,0.98,0.65,3.27,1인,S122
880_7132_6983_1736,molokai_880_7132_6983.jpg,Plastic_ETC,plastic_other,0.112,21.2141022,-157.1983857,3.05,1.10,3.349,8.04,5.36,26.79,2인,S121
880_7132_6983_1737,molokai_880_7132_6983.jpg,PET_Bottle,pet_bottle,0.112,21.2141385,-157.1983278,0.61,0.37,0.224,0.44,0.37,0.74,1인,S122
880_7132_6983_1738,molokai_880_7132_6983.jpg,Net,net,0.106,21.2141008,-157.1982877,0.45,0.43,0.193,3.47,1.45,8.68,1인,S122
880_7454_6879_1745,molokai_880_7454_6879.jpg,Styrofoam_Piece,eps_fragment,0.259,21.2141767,-157.1982398,0.70,0.59,0.407,0.24,0.16,0.81,1인,S122
880_7454_6879_1746,molokai_880_7454_6879.jpg,Styrofoam_Piece,eps_fragment,0.240,21.2141387,-157.1983097,0.52,0.36,0.187,0.11,0.07,0.37,1인,S122
880_7454_6879_1747,molokai_880_7454_6879.jpg,Plastic_Buoy,plastic_buoy,0.236,21.2141158,-157.1982886,0.48,0.46,0.223,4.02,2.01,5.35,1인,S122
880_7454_6879_1748,molokai_880_7454_6879.jpg,Styrofoam_Piece,eps_fragment,0.197,21.2141249,-157.1983289,0.70,0.57,0.400,0.24,0.16,0.80,1인,S122
880_7454_6879_1749,molokai_880_7454_6879.jpg,Net,net,0.190,21.2141348,-157.1982644,0.62,0.47,0.289,5.21,2.17,13.03,1인,S122
880_7454_6879_1750,molokai_880_7454_6879.jpg,Styrofoam_Piece,eps_fragment,0.172,21.2141144,-157.1982235,0.46,0.45,0.206,0.12,0.08,0.41,1인,S122
880_7454_6879_1751,molokai_880_7454_6879.jpg,Styrofoam_Piece,eps_fragment,0.164,21.2141437,-157.1983158,0.51,0.37,0.191,0.11,0.08,0.38,1인,S122
880_7454_6879_1752,molokai_880_7454_6879.jpg,PET_Bottle,pet_bottle,0.158,21.2141385,-157.1983277,0.61,0.35,0.211,0.42,0.35,0.70,1인,S122
880_7454_6879_1753,molokai_880_7454_6879.jpg,Net,net,0.158,21.2141308,-157.1982799,0.44,0.40,0.177,3.19,1.33,7.98,1인,S122
880_7454_6879_1754,molokai_880_7454_6879.jpg,Net,net,0.141,21.2141080,-157.1983136,0.43,0.33,0.142,2.56,1.07,6.41,1인,S122
880_7454_6879_1755,molokai_880_7454_6879.jpg,Plastic_ETC,plastic_other,0.128,21.2141192,-157.1983218,0.67,0.55,0.374,0.90,0.60,2.99,1인,S122
880_7454_6879_1756,molokai_880_7454_6879.jpg,PET_Bottle,pet_bottle,0.124,21.2141177,-157.1982828,0.61,0.45,0.276,0.55,0.46,0.91,1인,S122
880_7454_6879_1757,molokai_880_7454_6879.jpg,Net,net,0.105,21.2140968,-157.1982918,0.59,0.39,0.230,4.15,1.73,10.37,1인,S122
880_7589_7208_1760,molokai_880_7589_7208.jpg,Net,net,0.268,21.2141076,-157.1983137,0.49,0.46,0.225,4.04,1.69,10.11,1인,S122
880_7589_7208_1761,molokai_880_7589_7208.jpg,Styrofoam_Piece,eps_fragment,0.202,21.2141437,-157.1983155,0.55,0.32,0.178,0.11,0.07,0.36,1인,S122
880_7589_7208_1762,molokai_880_7589_7208.jpg,Net,net,0.198,21.2140764,-157.1982107,0.45,0.33,0.151,2.71,1.13,6.78,1인,S122
880_7589_7208_1763,molokai_880_7589_7208.jpg,PET_Bottle,pet_bottle,0.180,21.2141177,-157.1982828,0.59,0.44,0.260,0.52,0.43,0.86,1인,S122
880_7589_7208_1764,molokai_880_7589_7208.jpg,Plastic_Buoy,plastic_buoy,0.173,21.2141158,-157.1982886,0.48,0.48,0.229,4.13,2.06,5.51,1인,S122
880_7589_7208_1765,molokai_880_7589_7208.jpg,Net,net,0.169,21.2140700,-157.1982061,0.53,0.49,0.261,4.70,1.96,11.74,1인,S122
880_7589_7208_1766,molokai_880_7589_7208.jpg,Net,net,0.165,21.2141347,-157.1982644,0.62,0.50,0.309,5.56,2.32,13.90,1인,S122
880_7589_7208_1767,molokai_880_7589_7208.jpg,Styrofoam_Piece,eps_fragment,0.152,21.2141145,-157.1982234,0.44,0.44,0.197,0.12,0.08,0.39,1인,S122
880_7589_7208_1768,molokai_880_7589_7208.jpg,Net,net,0.149,21.2141048,-157.1983043,0.44,0.38,0.165,2.97,1.24,7.42,1인,S122
880_7589_7208_1769,molokai_880_7589_7208.jpg,Plastic_Buoy,plastic_buoy,0.144,21.2140927,-157.1982558,0.45,0.45,0.202,3.64,1.82,4.85,1인,S122
880_7589_7208_1770,molokai_880_7589_7208.jpg,Net,net,0.128,21.2141265,-157.1982467,0.49,0.44,0.216,3.89,1.62,9.74,1인,S122
880_7589_7208_1771,molokai_880_7589_7208.jpg,Plastic_Buoy_China,plastic_buoy,0.115,21.2140683,-157.1982623,0.43,0.40,0.171,3.07,1.53,4.09,1인,S122
880_7913_7250_1782,molokai_880_7913_7250.jpg,Styrofoam_Buoy,eps_buoy,0.610,21.2140797,-157.1981723,2.21,1.58,3.491,30.55,13.09,34.91,2인,S122
880_7913_7250_1783,molokai_880_7913_7250.jpg,Styrofoam_Buoy,eps_buoy,0.334,21.2140814,-157.1981497,1.23,1.00,1.232,10.78,4.62,12.32,1인,S122
880_7913_7250_1784,molokai_880_7913_7250.jpg,Plastic_ETC,plastic_other,0.282,21.2140525,-157.1981577,0.58,0.58,0.338,0.81,0.54,2.70,1인,S122
880_7913_7250_1785,molokai_880_7913_7250.jpg,Styrofoam_Piece,eps_fragment,0.241,21.2140709,-157.1981486,0.85,0.73,0.622,0.37,0.25,1.24,1인,S122
880_7913_7250_1786,molokai_880_7913_7250.jpg,Plastic_Buoy_China,plastic_buoy,0.233,21.2140399,-157.1981534,0.50,0.43,0.212,3.82,1.91,5.10,1인,S122
880_7913_7250_1787,molokai_880_7913_7250.jpg,Plastic_Buoy_China,plastic_buoy,0.207,21.2140515,-157.1981726,0.52,0.47,0.245,4.40,2.20,5.87,1인,S122
880_7913_7250_1788,molokai_880_7913_7250.jpg,PET_Bottle,pet_bottle,0.207,21.2140316,-157.1981570,0.68,0.61,0.417,0.83,0.69,1.38,1인,S122
880_7913_7250_1789,molokai_880_7913_7250.jpg,Styrofoam_Piece,eps_fragment,0.196,21.2141145,-157.1982235,0.46,0.45,0.210,0.13,0.08,0.42,1인,S122
880_7913_7250_1790,molokai_880_7913_7250.jpg,Net,net,0.184,21.2140699,-157.1982063,0.53,0.47,0.246,4.44,1.85,11.09,1인,S122
880_7913_7250_1791,molokai_880_7913_7250.jpg,Plastic_Buoy,plastic_buoy,0.152,21.2140462,-157.1981554,0.42,0.39,0.163,2.94,1.47,3.92,1인,S122
880_7913_7250_1792,molokai_880_7913_7250.jpg,Plastic_Buoy,plastic_buoy,0.146,21.2140328,-157.1981773,0.39,0.37,0.143,2.57,1.29,3.43,1인,S122
880_7913_7250_1793,molokai_880_7913_7250.jpg,Styrofoam_Piece,eps_fragment,0.127,21.2140637,-157.1981632,0.45,0.37,0.165,0.10,0.07,0.33,1인,S122
880_7913_7250_1794,molokai_880_7913_7250.jpg,Plastic_Buoy_China,plastic_buoy,0.119,21.2140638,-157.1982127,0.46,0.46,0.209,3.76,1.88,5.01,1인,S122
880_7913_7250_1795,molokai_880_7913_7250.jpg,Plastic_ETC,plastic_other,0.111,21.2140716,-157.1981892,1.22,1.21,1.469,3.52,2.35,11.75,1인,S122
880_7913_7250_1796,molokai_880_7913_7250.jpg,Rope,rope,0.109,21.2140713,-157.1981698,0.77,0.67,0.516,6.19,4.13,10.32,1인,S122
880_7913_7250_1797,molokai_880_7913_7250.jpg,Plastic_Buoy_China,plastic_buoy,0.106,21.2140468,-157.1981937,0.51,0.38,0.194,3.49,1.74,4.65,1인,S122
9435_438_6839_1803,molokai_9435_438_6839.jpg,Plastic_Buoy,plastic_buoy,0.227,21.1004629,-156.7534940,0.54,0.51,0.276,4.97,2.49,6.63,1인,S123
9435_438_6839_1804,molokai_9435_438_6839.jpg,Net,net,0.208,21.1004402,-156.7535158,0.49,0.43,0.211,3.80,1.58,9.49,1인,S123
9435_438_6839_1805,molokai_9435_438_6839.jpg,PET_Bottle,pet_bottle,0.127,21.1004060,-156.7534890,0.72,0.23,0.165,0.33,0.27,0.54,1인,S123
9435_438_6839_1806,molokai_9435_438_6839.jpg,Plastic_ETC,plastic_other,0.102,21.1005198,-156.7535532,0.35,0.35,0.124,0.30,0.20,0.99,1인,S123
9524_11512_8203_1808,molokai_9524_11512_8203.jpg,Styrofoam_Piece,eps_fragment,0.251,21.1007394,-157.1007496,1.19,0.90,1.075,0.65,0.43,2.15,1인,S124
9525_6557_9116_1812,molokai_9525_6557_9116.jpg,Plastic_ETC,plastic_other,0.108,21.1006976,-157.0987839,3.16,2.54,8.025,19.26,12.84,64.20,장비,S125
