{"type": "FeatureCollection", "features": [{"type": "Feature", "geometry": {"type": "Polygon", "coordinates": [[[-156.6619423971602, 21.00401567783824], [-156.6619361507839, 21.00401559199657], [-156.6619362099621, 21.004011794844402], [-156.66194245633824, 21.00401188068606], [-156.6619423971602, 21.00401567783824]]]}, "properties": {"item_id": "2796_11758_5655_1", "cls": "pet_bottle", "cls_raw": "PET_Bottle", "score": 0.13767801225185394, "area_m2": 0.2732613725960934, "weight_est_kg": 0.5410575177402649, "weight_lo_kg": 0.4508812647835541, "weight_hi_kg": 0.9017625295671082, "crew": "1인", "stop_id": "S001"}}, {"type": "Feature", "geometry": {"type": "Polygon", "coordinates": [[[-156.66193726682928, 21.00405644054387], [-156.66193281309953, 21.004056379337683], [-156.66193289697824, 21.004050997300197], [-156.66193735070786, 21.004051058506374], [-156.66193726682928, 21.00405644054387]]]}, "properties": {"item_id": "2796_11758_5655_2", "cls": "eps_fragment", "cls_raw": "Styrofoam_Piece", "score": 0.10459355264902115, "area_m2": 0.27616114057756375, "weight_est_kg": 0.16569668434653823, "weight_lo_kg": 0.1104644562310255, "weight_hi_kg": 0.5523222811551275, "crew": "1인", "stop_id": "S001"}}, {"type": "Feature", "geometry": {"type": "Polygon", "coordinates": [[[-157.3041917274378, 21.095676740644844], [-157.30418916435036, 21.09567671501339], [-157.30418920944095, 21.095672743999327], [-157.3041917725283, 21.095672769630788], [-157.3041917274378, 21.095676740644844]]]}, "properties": {"item_id": "10084_4591_8727_4", "cls": "net", "cls_raw": "Net", "score": 0.20485669374465942, "area_m2": 0.1170984484821849, "weight_est_kg": 2.107772072679328, "weight_lo_kg": 0.8782383636163869, "weight_hi_kg": 5.26943018169832, "crew": "1인", "stop_id": "S002"}}, {"type": "Feature", "geometry": {"type": "Polygon", "coordinates": [[[-157.29987991307866, 21.09400393370475], [-157.29987543622963, 21.094003888824183], [-157.29987548387115, 21.09399970344015], [-157.2998799607201, 21.093999748320694], [-157.29987991307866, 21.09400393370475]]]}, "properties": {"item_id": "10295_12458_2868_5", "cls": "net", "cls_raw": "Net", "score": 0.1720101535320282, "area_m2": 0.21557618976836793, "weight_est_kg": 3.880371415830622, "weight_lo_kg": 1.6168214232627593, "weight_hi_kg": 9.700928539576557, "crew": "1인", "stop_id": "S003"}}, {"type": "Feature", "geometry": {"type": "Polygon", "coordinates": [[[-157.29989258490713, 21.093947571525433], [-157.2998871465165, 21.093947517005898], [-157.29988727307497, 21.09393639853754], [-157.29989271146516, 21.09393645305705], [-157.29989258490713, 21.093947571525433]]]}, "properties": {"item_id": "10295_12458_2868_6", "cls": "eps_buoy", "cls_raw": "Styrofoam_Buoy", "score": 0.16935080289840698, "area_m2": 0.6956784351145714, "weight_est_kg": 6.087186307252499, "weight_lo_kg": 2.608794131679643, "weight_hi_kg": 6.956784351145714, "crew": "1인", "stop_id": "S003"}}, {"type": "Feature", "geometry": {"type": "Polygon", "coordinates": [[[-157.2997810964904, 21.09395114931391], [-157.29977610449876, 21.09395109926621], [-157.29977616333161, 21.093945930995403], [-157.29978115532307, 21.093945981043085], [-157.2997810964904, 21.09395114931391]]]}, "properties": {"item_id": "10295_12458_2868_7", "cls": "net", "cls_raw": "Net", "score": 0.13307181000709534, "area_m2": 0.29683310194022877, "weight_est_kg": 5.342995834924118, "weight_lo_kg": 2.226248264551716, "weight_hi_kg": 13.357489587310294, "crew": "1인", "stop_id": "S003"}}, {"type": "Feature", "geometry": {"type": "Polygon", "coordinates": [[[-157.29981125791267, 21.094001724194094], [-157.2998052715665, 21.094001664178325], [-157.29980531027923, 21.093998263344446], [-157.29981129662525, 21.0939983233602], [-157.29981125791267, 21.094001724194094]]]}, "properties": {"item_id": "10295_12458_2868_8", "cls": "net", "cls_raw": "Net", "score": 0.12216976284980774, "area_m2": 0.23422880735999205, "weight_est_kg": 4.2161185324798565, "weight_lo_kg": 1.7567160551999406, "weight_hi_kg": 10.540296331199642, "crew": "1인", "stop_id": "S003"}}, {"type": "Feature", "geometry": {"type": "Polygon", "coordinates": [[[-157.29389469149663, 21.094149172329782], [-157.29388285519704, 21.094149053251577], [-157.29388298083848, 21.094138054327253], [-157.29389481713721, 21.094138173405394], [-157.29389469149663, 21.094149172329782]]]}, "properties": {"item_id": "10297_13299_1531_20", "cls": "eps_buoy", "cls_raw": "Styrofoam_Buoy", "score": 0.10223715752363205, "area_m2": 1.497826421380415, "weight_est_kg": 13.10598118707863, "weight_lo_kg": 5.616849080176556, "weight_hi_kg": 14.978264213804152, "crew": "1인", "stop_id": "S004"}}, {"type": "Feature", "geometry": {"type": "Polygon", "coordinates": [[[-157.29587560619828, 21.093526256039254], [-157.29587086546408, 21.093526208402093], [-157.2958709102707, 21.093522281227905], [-157.2958756510048, 21.093522328865056], [-157.29587560619828, 21.093526256039254]]]}, "properties": {"item_id": "10297_3281_5202_24", "cls": "net", "cls_raw": "Net", "score": 0.2269069105386734, "area_m2": 0.2142012369707759, "weight_est_kg": 3.855622265473966, "weight_lo_kg": 1.6065092772808192, "weight_hi_kg": 9.639055663684916, "crew": "1인", "stop_id": "S005"}}, {"type": "Feature", "geometry": {"type": "Polygon", "coordinates": [[[-157.29583786409975, 21.093529870157944], [-157.29583323370272, 21.09352982362847], [-157.29583328199269, 21.093525591243182], [-157.2958379123896, 21.093525637772636], [-157.29583786409975, 21.093529870157944]]]}, "properties": {"item_id": "10297_3281_5202_25", "cls": "net", "cls_raw": "Net", "score": 0.1922977864742279, "area_m2": 0.2254756450415218, "weight_est_kg": 4.058561610747391, "weight_lo_kg": 1.6910673378114136, "weight_hi_kg": 10.146404026868481, "crew": "1인", "stop_id": "S005"}}, {"type": "Feature", "geometry": {"type": "Polygon", "coordinates": [[[-157.29580906263936, 21.09351828680645], [-157.2958002773454, 21.093518198524094], [-157.29580042498665, 21.093505258712042], [-157.29580921027986, 21.09350534699433], [-157.29580906263936, 21.09351828680645]]]}, "properties": {"item_id": "10297_3281_5202_26", "cls": "rope", "cls_raw": "Rope", "score": 0.1219707727432251, "area_m2": 1.307918016219464, "weight_est_kg": 15.695016194633565, "weight_lo_kg": 10.463344129755711, "weight_hi_kg": 26.158360324389278, "crew": "2인", "stop_id": "S005"}}, {"type": "Feature", "geometry": {"type": "Polygon", "coordinates": [[[-157.29584764364293, 21.09353393396129], [-157.29584205302515, 21.09353387778316], [-157.29584210238184, 21.09352955188529], [-157.29584769299942, 21.093529608063413], [-157.29584764364293, 21.09353393396129]]]}, "properties": {"item_id": "10297_3281_5202_27", "cls": "net", "cls_raw": "Net", "score": 0.11758653074502945, "area_m2": 0.2782481294841266, "weight_est_kg": 5.0084663307142785, "weight_lo_kg": 2.0868609711309496, "weight_hi_kg": 12.521165826785696, "crew": "1인", "stop_id": "S005"}}, {"type": "Feature", "geometry": {"type": "Polygon", "coordinates": [[[-157.29581724920808, 21.09350528253497], [-157.29581024855239, 21.09350521218665], [-157.29581031714972, 21.093499200031204], [-157.29581731780516, 21.093499270379503], [-157.29581724920808, 21.09350528253497]]]}, "properties": {"item_id": "10297_3281_5202_28", "cls": "rope", "cls_raw": "Rope", "score": 0.10851617902517319, "area_m2": 0.4842450723381053, "weight_est_kg": 5.810940868057264, "weight_lo_kg": 3.873960578704843, "weight_hi_kg": 9.684901446762106, "crew": "1인", "stop_id": "S005"}}, {"type": "Feature", "geometry": {"type": "Polygon", "coordinates": [[[-157.29587965719242, 21.09353440091928], [-157.29587484329332, 21.093534352547035], [-157.29587489119197, 21.09353015436064], [-157.2958797050909, 21.09353020273287], [-157.29587965719242, 21.09353440091928]]]}, "properties": {"item_id": "10297_3281_5202_29", "cls": "net", "cls_raw": "Net", "score": 0.10465886443853378, "area_m2": 0.23251708709379848, "weight_est_kg": 4.185307567688373, "weight_lo_kg": 1.7438781532034886, "weight_hi_kg": 10.463268919220932, "crew": "1인", "stop_id": "S005"}}, {"type": "Feature", "geometry": {"type": "Polygon", "coordinates": [[[-157.2958734277145, 21.093525904016758], [-157.29586530753258, 21.093525822421114], [-157.29586540676956, 21.093517124607683], [-157.29587352695097, 21.09351720620327], [-157.2958734277145, 21.093525904016758]]]}, "properties": {"item_id": "10297_3281_5202_30", "cls": "rope", "cls_raw": "Rope", "score": 0.1001773327589035, "area_m2": 0.8125910824762814, "weight_est_kg": 9.751092989715376, "weight_lo_kg": 6.500728659810251, "weight_hi_kg": 16.25182164952563, "crew": "1인", "stop_id": "S005"}}, {"type": "Feature", "geometry": {"type": "Polygon", "coordinates": [[[-157.1472051736535, 21.092674712046986], [-157.1472010710479, 21.092674667224568], [-157.14720113076248, 21.09266985342658], [-157.14720523336794, 21.092669898248996], [-157.1472051736535, 21.092674712046986]]]}, "properties": {"item_id": "10348_10449_1323_38", "cls": "plastic_other", "cls_raw": "Plastic_ETC", "score": 0.42643728852272034, "area_m2": 0.22725664924984856, "weight_est_kg": 0.5454159581996365, "weight_lo_kg": 0.36361063879975775, "weight_hi_kg": 1.8180531939987887, "crew": "1인", "stop_id": "S006"}}, {"type": "Feature", "geometry": {"type": "Polygon", "coordinates": [[[-157.1472157574007, 21.092635300943595], [-157.147196863597, 21.092635094522738], [-157.14719695913442, 21.092627392917777], [-157.14721585293717, 21.092627599338545], [-157.1472157574007, 21.092635300943595]]]}, "properties": {"item_id": "10348_10449_1323_39", "cls": "plastic_other", "cls_raw": "Plastic_ETC", "score": 0.10632752627134323, "area_m2": 1.6744405082468379, "weight_est_kg": 4.018657219792411, "weight_lo_kg": 2.679104813194941, "weight_hi_kg": 13.395524065974705, "crew": "1인", "stop_id": "S006"}}, {"type": "Feature", "geometry": {"type": "Polygon", "coordinates": [[[-157.27743322360635, 21.091394453177127], [-157.27741226007092, 21.09139424026089], [-157.2774126206088, 21.091362975459198], [-157.27743358413986, 21.091363188375094], [-157.27743322360635, 21.091394453177127]]]}, "properties": {"item_id": "10513_9033_1058_42", "cls": "plastic_other", "cls_raw": "Plastic_ETC", "score": 0.1327110230922699, "area_m2": 7.541034111456956, "weight_est_kg": 18.098481867496695, "weight_lo_kg": 12.06565457833113, "weight_hi_kg": 60.32827289165566, "crew": "장비", "stop_id": "S007"}}, {"type": "Feature", "geometry": {"type": "Polygon", "coordinates": [[[-157.2774752805942, 21.09137928058954], [-157.27746999740245, 21.091379226932375], [-157.27747004836635, 21.09137480734295], [-157.27747533155792, 21.091374861000116], [-157.2774752805942, 21.09137928058954]]]}, "properties": {"item_id": "10513_9033_1058_43", "cls": "net", "cls_raw": "Net", "score": 0.11975771188735962, "area_m2": 0.2686513436139297, "weight_est_kg": 4.8357241850507355, "weight_lo_kg": 2.014885077104473, "weight_hi_kg": 12.089310462626836, "crew": "1인", "stop_id": "S007"}}, {"type": "Feature", "geometry": {"type": "Polygon", "coordinates": [[[-157.19451016800664, 21.210169034529915], [-157.19450515784666, 21.21016898095018], [-157.19450521043296, 21.210164657111296], [-157.1945102205928, 21.21016471069102], [-157.19451016800664, 21.210169034529915]]]}, "properties": {"item_id": "1091_12326_13745_50", "cls": "net", "cls_raw": "Net", "score": 0.37063705921173096, "area_m2": 0.24907521167403687, "weight_est_kg": 4.483353810132663, "weight_lo_kg": 1.8680640875552768, "weight_hi_kg": 11.208384525331658, "crew": "1인", "stop_id": "S008"}}, {"type": "Feature", "geometry": {"type": "Polygon", "coordinates": [[[-157.19450352186755, 21.210164611335273], [-157.19449906239382, 21.210164563644533], [-157.19449911298244, 21.210160404075324], [-157.19450357245603, 21.210160451766054], [-157.19450352186755, 21.210164611335273]]]}, "properties": {"item_id": "1091_12326_13745_51", "cls": "plastic_buoy", "cls_raw": "Plastic_Buoy", "score": 0.16452845931053162, "area_m2": 0.21327570524220998, "weight_est_kg": 3.83896269435978, "weight_lo_kg": 1.91948134717989, "weight_hi_kg": 5.11861692581304, "crew": "1인", "stop_id": "S008"}}, {"type": "Feature", "geometry": {"type": "Polygon", "coordinates": [[[-157.19450482696726, 21.21020154487155], [-157.19450023452927, 21.210201495758817], [-157.1945002740242, 21.210198248354292], [-157.1945048664621, 21.210198297467016], [-157.19450482696726, 21.21020154487155]]]}, "properties": {"item_id": "1091_12326_13745_52", "cls": "net", "cls_raw": "Net", "score": 0.11319485306739807, "area_m2": 0.17147034140233486, "weight_est_kg": 3.0864661452420274, "weight_lo_kg": 1.2860275605175115, "weight_hi_kg": 7.716165363105069, "crew": "1인", "stop_id": "S008"}}, {"type": "Feature", "geometry": {"type": "Polygon", "coordinates": [[[-157.1944543495694, 21.210191224470474], [-157.1944500140529, 21.210191178104065], [-157.19445006081742, 21.21018733307376], [-157.19445439633384, 21.210187379440168], [-157.1944543495694, 21.210191224470474]]]}, "properties": {"item_id": "1091_12326_13745_53", "cls": "plastic_buoy", "cls_raw": "Plastic_Buoy", "score": 0.10417811572551727, "area_m2": 0.1916681638956546, "weight_est_kg": 3.450026950121783, "weight_lo_kg": 1.7250134750608914, "weight_hi_kg": 4.600035933495711, "crew": "1인", "stop_id": "S008"}}, {"type": "Feature", "geometry": {"type": "Polygon", "coordinates": [[[-157.19448844561217, 21.21016409603247], [-157.194482313589, 21.21016403045449], [-157.19448237978636, 21.210158587529207], [-157.19448851180928, 21.210158653107175], [-157.19448844561217, 21.21016409603247]]]}, "properties": {"item_id": "1091_12326_13745_54", "cls": "net", "cls_raw": "Net", "score": 0.10125885903835297, "area_m2": 0.38374753059009314, "weight_est_kg": 6.907455550621676, "weight_lo_kg": 2.8781064794256985, "weight_hi_kg": 17.268638876554192, "crew": "1인", "stop_id": "S008"}}, {"type": "Feature", "geometry": {"type": "Polygon", "coordinates": [[[-157.19433738809786, 21.21017486837071], [-157.19433290433585, 21.210174820415805], [-157.1943329513703, 21.21017095343682], [-157.1943374351322, 21.210171001391732], [-157.19433738809786, 21.21017486837071]]]}, "properties": {"item_id": "1091_12936_13816_60", "cls": "net", "cls_raw": "Net", "score": 0.24893784523010254, "area_m2": 0.19935348889832682, "weight_est_kg": 3.588362800169883, "weight_lo_kg": 1.4951511667374513, "weight_hi_kg": 8.970907000424706, "crew": "1인", "stop_id": "S009"}}, {"type": "Feature", "geometry": {"type": "Polygon", "coordinates": [[[-157.19440019950258, 21.21018398401791], [-157.19439565168037, 21.21018393537954], [-157.19439569064735, 21.210180731564357], [-157.1944002384695, 21.210180780202727], [-157.19440019950258, 21.21018398401791]]]}, "properties": {"item_id": "1091_12936_13816_61", "cls": "net", "cls_raw": "Net", "score": 0.22454610466957092, "area_m2": 0.1675252805054604, "weight_est_kg": 3.0154550490982865, "weight_lo_kg": 1.2564396037909529, "weight_hi_kg": 7.538637622745718, "crew": "1인", "stop_id": "S009"}}, {"type": "Feature", "geometry": {"type": "Polygon", "coordinates": [[[-157.19436808650264, 21.210141903339103], [-157.19436027450172, 21.21014181978932], [-157.1943603092932, 21.210138959329885], [-157.194368121294, 21.210139042879643], [-157.19436808650264, 21.210141903339103]]]}, "properties": {"item_id": "1091_12936_13816_62", "cls": "pet_bottle", "cls_raw": "PET_Bottle", "score": 0.13774199783802032, "area_m2": 0.25692575283652963, "weight_est_kg": 0.5087129906163286, "weight_lo_kg": 0.4239274921802739, "weight_hi_kg": 0.8478549843605478, "crew": "1인", "stop_id": "S009"}}, {"type": "Feature", "geometry": {"type": "Polygon", "coordinates": [[[-157.19442881337488, 21.210154213189636], [-157.19442451775728, 21.210154167249343], [-157.19442456026334, 21.21015067239866], [-157.19442885588086, 21.210150718338955], [-157.19442881337488, 21.210154213189636]]]}, "properties": {"item_id": "1091_12936_13816_63", "cls": "net", "cls_raw": "Net", "score": 0.11777283996343613, "area_m2": 0.17260911621902703, "weight_est_kg": 3.106964091942486, "weight_lo_kg": 1.2945683716427028, "weight_hi_kg": 7.767410229856216, "crew": "1인", "stop_id": "S009"}}, {"type": "Feature", "geometry": {"type": "Polygon", "coordinates": [[[-157.19438727180182, 21.210151446289206], [-157.1943811582956, 21.210151380905625], [-157.19438122087547, 21.21014623570768], [-157.19438733438147, 21.210146301091246], [-157.19438727180182, 21.210151446289206]]]}, "properties": {"item_id": "1091_12936_13816_64", "cls": "plastic_other", "cls_raw": "Plastic_ETC", "score": 0.1020977571606636, "area_m2": 0.3616612373710577, "weight_est_kg": 0.8679869696905385, "weight_lo_kg": 0.5786579797936924, "weight_hi_kg": 2.8932898989684617, "crew": "1인", "stop_id": "S009"}}, {"type": "Feature", "geometry": {"type": "Polygon", "coordinates": [[[-157.1943631727487, 21.21001091349643], [-157.19435245593033, 21.210010798879626], [-157.19435256417339, 21.210001899412667], [-157.1943632809911, 21.21000201402941], [-157.1943631727487, 21.21001091349643]]]}, "properties": {"item_id": "1091_12948_14472_72", "cls": "eps_buoy", "cls_raw": "Styrofoam_Buoy", "score": 0.2210313230752945, "area_m2": 1.09657868703631, "weight_est_kg": 9.59506351156771, "weight_lo_kg": 4.112170076386161, "weight_hi_kg": 10.965786870363099, "crew": "1인", "stop_id": "S009"}}, {"type": "Feature", "geometry": {"type": "Polygon", "coordinates": [[[-157.19436116405777, 21.210041043541505], [-157.19435673508383, 21.21004099617342], [-157.19435677945992, 21.21003734768036], [-157.19436120843383, 21.210037395048428], [-157.19436116405777, 21.210041043541505]]]}, "properties": {"item_id": "1091_12948_14472_73", "cls": "plastic_buoy", "cls_raw": "Plastic_Buoy", "score": 0.1707538366317749, "area_m2": 0.1857917821974024, "weight_est_kg": 3.344252079553243, "weight_lo_kg": 1.6721260397766216, "weight_hi_kg": 4.459002772737657, "crew": "1인", "stop_id": "S009"}}, {"type": "Feature", "geometry": {"type": "Polygon", "coordinates": [[[-157.1944339910722, 21.21008644365242], [-157.19442900614408, 21.210086390340436], [-157.19442905619624, 21.21008227502181], [-157.19443404112423, 21.210082328333772], [-157.1944339910722, 21.21008644365242]]]}, "properties": {"item_id": "1091_12948_14472_74", "cls": "net", "cls_raw": "Net", "score": 0.16229911148548126, "area_m2": 0.23586964293929089, "weight_est_kg": 4.245653572907236, "weight_lo_kg": 1.769022322044682, "weight_hi_kg": 10.61413393226809, "crew": "1인", "stop_id": "S009"}}, {"type": "Feature", "geometry": {"type": "Polygon", "coordinates": [[[-157.1944055603499, 21.209996515643745], [-157.19439293122232, 21.20999638057791], [-157.19439298201203, 21.209992204682216], [-157.19440561113927, 21.20999233974803], [-157.1944055603499, 21.209996515643745]]]}, "properties": {"item_id": "1091_12948_14472_75", "cls": "eps_buoy", "cls_raw": "Styrofoam_Buoy", "score": 0.14085616171360016, "area_m2": 0.6063633592443185, "weight_est_kg": 5.305679393387787, "weight_lo_kg": 2.2738625971661945, "weight_hi_kg": 6.0636335924431854, "crew": "1인", "stop_id": "S009"}}, {"type": "Feature", "geometry": {"type": "Polygon", "coordinates": [[[-157.19438519765495, 21.210045199843055], [-157.1943820346864, 21.210045166015423], [-157.19438207181807, 21.210042113103203], [-157.19438523478652, 21.210042146930835], [-157.19438519765495, 21.210045199843055]]]}, "properties": {"item_id": "1091_12948_14472_76", "cls": "plastic_buoy", "cls_raw": "Plastic_Buoy", "score": 0.13815242052078247, "area_m2": 0.11102454714330809, "weight_est_kg": 1.9984418485795454, "weight_lo_kg": 0.9992209242897727, "weight_hi_kg": 2.6645891314393944, "crew": "1인", "stop_id": "S009"}}, {"type": "Feature", "geometry": {"type": "Polygon", "coordinates": [[[-157.194413885361, 21.21007421582467], [-157.1944042267698, 21.210074112528343], [-157.19440431068952, 21.210067212689705], [-157.19441396928028, 21.210067315986], [-157.194413885361, 21.21007421582467]]]}, "properties": {"item_id": "1091_12948_14472_77", "cls": "rope", "cls_raw": "Rope", "score": 0.13803231716156006, "area_m2": 0.7662358191279736, "weight_est_kg": 9.194829829535681, "weight_lo_kg": 6.129886553023789, "weight_hi_kg": 15.324716382559473, "crew": "1인", "stop_id": "S009"}}, {"type": "Feature", "geometry": {"type": "Polygon", "coordinates": [[[-157.1943776851145, 21.210043288508203], [-157.1943736610722, 21.21004324547128], [-157.19437370342644, 21.210039763182582], [-157.19437772746863, 21.210039806219495], [-157.1943776851145, 21.210043288508203]]]}, "properties": {"item_id": "1091_12948_14472_78", "cls": "eps_fragment", "cls_raw": "Styrofoam_Piece", "score": 0.1170637309551239, "area_m2": 0.1611154322997136, "weight_est_kg": 0.09666925937982815, "weight_lo_kg": 0.06444617291988544, "weight_hi_kg": 0.3222308645994272, "crew": "1인", "stop_id": "S009"}}, {"type": "Feature", "geometry": {"type": "Polygon", "coordinates": [[[-156.78884416866677, 21.075946366452097], [-156.78883950013787, 21.075946305611502], [-156.78883954691122, 21.075943143864404], [-156.78884421544, 21.075943204704988], [-156.78884416866677, 21.075946366452097]]]}, "properties": {"item_id": "11312_13466_9852_87", "cls": "eps_fragment", "cls_raw": "Styrofoam_Piece", "score": 0.39409002661705017, "area_m2": 0.16994861705977965, "weight_est_kg": 0.10196917023586778, "weight_lo_kg": 0.06797944682391187, "weight_hi_kg": 0.33989723411955935, "crew": "1인", "stop_id": "S010"}}, {"type": "Feature", "geometry": {"type": "Polygon", "coordinates": [[[-156.78888108481115, 21.076003811080167], [-156.7888766772216, 21.07600375364099], [-156.7888767532138, 21.075998616709768], [-156.7888811608032, 21.075998674148938], [-156.78888108481115, 21.076003811080167]]]}, "properties": {"item_id": "11312_13466_9852_88", "cls": "eps_fragment", "cls_raw": "Styrofoam_Piece", "score": 0.13567745685577393, "area_m2": 0.26068447488254826, "weight_est_kg": 0.15641068492952895, "weight_lo_kg": 0.10427378995301931, "weight_hi_kg": 0.5213689497650965, "crew": "1인", "stop_id": "S010"}}, {"type": "Feature", "geometry": {"type": "Polygon", "coordinates": [[[-156.78884414326365, 21.075946361204515], [-156.78883963015568, 21.075946302389372], [-156.78883968157575, 21.07594282653519], [-156.7888441946836, 21.075942885350322], [-156.78884414326365, 21.075946361204515]]]}, "properties": {"item_id": "11312_13482_10243_90", "cls": "eps_fragment", "cls_raw": "Styrofoam_Piece", "score": 0.3934405446052551, "area_m2": 0.1806124672383519, "weight_est_kg": 0.10836748034301112, "weight_lo_kg": 0.07224498689534076, "weight_hi_kg": 0.3612249344767038, "crew": "1인", "stop_id": "S010"}}, {"type": "Feature", "geometry": {"type": "Polygon", "coordinates": [[[-156.78884530371056, 21.07593610082624], [-156.78884060108695, 21.07593603954137], [-156.78884064639948, 21.075932976535842], [-156.788845349023, 21.075933037820697], [-156.78884530371056, 21.07593610082624]]]}, "properties": {"item_id": "11312_13482_10243_91", "cls": "plastic_other", "cls_raw": "Plastic_ETC", "score": 0.120152547955513, "area_m2": 0.16584351145033188, "weight_est_kg": 0.39802442748079647, "weight_lo_kg": 0.26534961832053106, "weight_hi_kg": 1.326748091602655, "crew": "1인", "stop_id": "S010"}}, {"type": "Feature", "geometry": {"type": "Polygon", "coordinates": [[[-156.99055381780593, 21.077064652860358], [-156.99054316387023, 21.077064526688716], [-156.99054331022953, 21.0770536398044], [-156.99055396416446, 21.077053765975975], [-156.99055381780593, 21.077064652860358]]]}, "properties": {"item_id": "11453_234_3172_96", "cls": "eps_buoy", "cls_raw": "Styrofoam_Buoy", "score": 0.3433489501476288, "area_m2": 1.3350812325404549, "weight_est_kg": 11.681960784728979, "weight_lo_kg": 5.006554622026706, "weight_hi_kg": 13.350812325404549, "crew": "1인", "stop_id": "S011"}}, {"type": "Feature", "geometry": {"type": "Polygon", "coordinates": [[[-156.99060661054014, 21.076959444329376], [-156.99059809443452, 21.076959343478574], [-156.9905981494405, 21.07695525174473], [-156.9906066655459, 21.076955352595498], [-156.99060661054014, 21.076959444329376]]]}, "properties": {"item_id": "11453_234_3172_97", "cls": "pet_bottle", "cls_raw": "PET_Bottle", "score": 0.20367690920829773, "area_m2": 0.40109079934368563, "weight_est_kg": 0.7941597827004976, "weight_lo_kg": 0.6617998189170814, "weight_hi_kg": 1.3235996378341628, "crew": "1인", "stop_id": "S011"}}, {"type": "Feature", "geometry": {"type": "Polygon", "coordinates": [[[-156.9905901614422, 21.077065188607353], [-156.9905874086248, 21.07706515600715], [-156.99058746617786, 21.07706087484983], [-156.9905902189952, 21.077060907450036], [-156.9905901614422, 21.077065188607353]]]}, "properties": {"item_id": "11453_234_3172_98", "cls": "pet_bottle", "cls_raw": "PET_Bottle", "score": 0.12498578429222107, "area_m2": 0.13565399299192818, "weight_est_kg": 0.26859490612401776, "weight_lo_kg": 0.2238290884366815, "weight_hi_kg": 0.447658176873363, "crew": "1인", "stop_id": "S011"}}, {"type": "Feature", "geometry": {"type": "Polygon", "coordinates": [[[-156.99059453051194, 21.077013087228956], [-156.99058984411778, 21.077013031730587], [-156.9905898999107, 21.077008881487075], [-156.99059458630475, 21.07700893698543], [-156.99059453051194, 21.077013087228956]]]}, "properties": {"item_id": "11453_234_3172_99", "cls": "plastic_buoy", "cls_raw": "Plastic_Buoy", "score": 0.11805851012468338, "area_m2": 0.22387547990685303, "weight_est_kg": 4.029758638323354, "weight_lo_kg": 2.014879319161677, "weight_hi_kg": 5.373011517764473, "crew": "1인", "stop_id": "S011"}}, {"type": "Feature", "geometry": {"type": "Polygon", "coordinates": [[[-156.98151129433901, 21.073504673040425], [-156.9815053887948, 21.073504602797406], [-156.98150549940206, 21.073496410664216], [-156.981511404946, 21.073496480907213], [-156.98151129433901, 21.073504673040425]]]}, "properties": {"item_id": "11666_2647_6989_111", "cls": "plastic_other", "cls_raw": "Plastic_ETC", "score": 0.2501620650291443, "area_m2": 0.5568855435610842, "weight_est_kg": 1.3365253045466021, "weight_lo_kg": 0.8910168696977349, "weight_hi_kg": 4.455084348488674, "crew": "1인", "stop_id": "S012"}}, {"type": "Feature", "geometry": {"type": "Polygon", "coordinates": [[[-156.9815130179812, 21.073502501396504], [-156.9815094632231, 21.07350245911479], [-156.98150951575477, 21.07349856834919], [-156.98151307051276, 21.0734986106309], [-156.9815130179812, 21.073502501396504]]]}, "properties": {"item_id": "11666_2647_6989_112", "cls": "plastic_other", "cls_raw": "Plastic_ETC", "score": 0.1335269957780838, "area_m2": 0.15920405948761052, "weight_est_kg": 0.3820897427702652, "weight_lo_kg": 0.25472649518017687, "weight_hi_kg": 1.2736324759008841, "crew": "1인", "stop_id": "S012"}}, {"type": "Feature", "geometry": {"type": "Polygon", "coordinates": [[[-156.94517711063096, 21.063173687330877], [-156.94517146705314, 21.063173619021597], [-156.94517150407466, 21.06317092409716], [-156.94517714765237, 21.06317099240642], [-156.94517711063096, 21.063173687330877]]]}, "properties": {"item_id": "12518_12495_1444_114", "cls": "eps_fragment", "cls_raw": "Styrofoam_Piece", "score": 0.16170349717140198, "area_m2": 0.1750891665472153, "weight_est_kg": 0.10505349992832917, "weight_lo_kg": 0.07003566661888612, "weight_hi_kg": 0.3501783330944306, "crew": "1인", "stop_id": "S013"}}, {"type": "Feature", "geometry": {"type": "Polygon", "coordinates": [[[-156.83595193572603, 21.054348004693704], [-156.8359417922059, 21.054347875429066], [-156.83594187803962, 21.0543419402181], [-156.83595202155936, 21.054342069482708], [-156.83595193572603, 21.054348004693704]]]}, "properties": {"item_id": "12976_10500_13118_117", "cls": "plastic_other", "cls_raw": "Plastic_ETC", "score": 0.36009055376052856, "area_m2": 0.6932174437345796, "weight_est_kg": 1.6637218649629908, "weight_lo_kg": 1.1091479099753274, "weight_hi_kg": 5.545739549876637, "crew": "1인", "stop_id": "S014"}}, {"type": "Feature", "geometry": {"type": "Polygon", "coordinates": [[[-157.1943597287243, 21.209971737038874], [-157.1943550627115, 21.20997168713575], [-157.19435511205418, 21.209967630294578], [-157.19435977806685, 21.209967680197696], [-157.1943597287243, 21.209971737038874]]]}, "properties": {"item_id": "1301_8368_-104_118", "cls": "plastic_buoy", "cls_raw": "Plastic_Buoy", "score": 0.29358384013175964, "area_m2": 0.21764263608226123, "weight_est_kg": 3.9175674494807025, "weight_lo_kg": 1.9587837247403512, "weight_hi_kg": 5.22342326597427, "crew": "1인", "stop_id": "S009"}}, {"type": "Feature", "geometry": {"type": "Polygon", "coordinates": [[[-157.19428239766341, 21.209936542703606], [-157.1942777133945, 21.209936492603145], [-157.19427775824337, 21.209932805382643], [-157.1942824425122, 21.209932855483096], [-157.19428239766341, 21.209936542703606]]]}, "properties": {"item_id": "1301_8368_-104_119", "cls": "net", "cls_raw": "Net", "score": 0.23919104039669037, "area_m2": 0.19858713671559564, "weight_est_kg": 3.5745684608807213, "weight_lo_kg": 1.4894035253669673, "weight_hi_kg": 8.936421152201802, "crew": "1인", "stop_id": "S009"}}, {"type": "Feature", "geometry": {"type": "Polygon", "coordinates": [[[-157.19430988312067, 21.209897855362925], [-157.1943031009781, 21.20989778282589], [-157.19430313954172, 21.209894612292445], [-157.1943099216841, 21.209894684829464], [-157.19430988312067, 21.209897855362925]]]}, "properties": {"item_id": "1301_8368_-104_120", "cls": "net", "cls_raw": "Net", "score": 0.16717132925987244, "area_m2": 0.24723476424508412, "weight_est_kg": 4.450225756411514, "weight_lo_kg": 1.854260731838131, "weight_hi_kg": 11.125564391028783, "crew": "1인", "stop_id": "S009"}}, {"type": "Feature", "geometry": {"type": "Polygon", "coordinates": [[[-157.19427927883694, 21.209944069986154], [-157.1942744460396, 21.20994401829701], [-157.19427449891052, 21.209939671561564], [-157.19427933170766, 21.20993972325069], [-157.19427927883694, 21.209944069986154]]]}, "properties": {"item_id": "1301_8368_-104_121", "cls": "plastic_buoy", "cls_raw": "Plastic_Buoy_China", "score": 0.1641453057527542, "area_m2": 0.24153048661344526, "weight_est_kg": 4.347548759042015, "weight_lo_kg": 2.1737743795210074, "weight_hi_kg": 5.796731678722686, "crew": "1인", "stop_id": "S009"}}, {"type": "Feature", "geometry": {"type": "Polygon", "coordinates": [[[-157.1943502227739, 21.209962570947297], [-157.1943445916337, 21.209962510721788], [-157.19434463699776, 21.2099587810144], [-157.1943502681378, 21.20995884123989], [-157.1943502227739, 21.209962570947297]]]}, "properties": {"item_id": "1301_8368_-104_122", "cls": "plastic_buoy", "cls_raw": "Plastic_Buoy", "score": 0.15366405248641968, "area_m2": 0.2414800068854618, "weight_est_kg": 4.346640123938313, "weight_lo_kg": 2.1733200619691564, "weight_hi_kg": 5.795520165251084, "crew": "1인", "stop_id": "S009"}}, {"type": "Feature", "geometry": {"type": "Polygon", "coordinates": [[[-157.19421739937155, 21.20972965824215], [-157.19421238715807, 21.209729604632653], [-157.19421244267144, 21.209725040756158], [-157.19421745488475, 21.209725094365645], [-157.19421739937155, 21.20972965824215]]]}, "properties": {"item_id": "1301_8884_1171_133", "cls": "plastic_buoy", "cls_raw": "Plastic_Buoy", "score": 0.47260811924934387, "area_m2": 0.263011207032131, "weight_est_kg": 4.734201726578357, "weight_lo_kg": 2.3671008632891786, "weight_hi_kg": 6.312268968771144, "crew": "1인", "stop_id": "S015"}}, {"type": "Feature", "geometry": {"type": "Polygon", "coordinates": [[[-157.19419245224188, 21.20973071598277], [-157.19418782356306, 21.209730666474794], [-157.1941878735627, 21.209726555952177], [-157.19419250224138, 21.20972660546014], [-157.19419245224188, 21.20973071598277]]]}, "properties": {"item_id": "1301_8884_1171_134", "cls": "eps_fragment", "cls_raw": "Styrofoam_Piece", "score": 0.3392147123813629, "area_m2": 0.21875848575824414, "weight_est_kg": 0.1312550914549465, "weight_lo_kg": 0.08750339430329766, "weight_hi_kg": 0.43751697151648833, "crew": "1인", "stop_id": "S015"}}, {"type": "Feature", "geometry": {"type": "Polygon", "coordinates": [[[-157.1942301438646, 21.209730877015566], [-157.19422508618976, 21.20973082292021], [-157.1942251510538, 21.209725490269182], [-157.1942302087284, 21.209725544364534], [-157.1942301438646, 21.209730877015566]]]}, "properties": {"item_id": "1301_8884_1171_135", "cls": "eps_fragment", "cls_raw": "Styrofoam_Piece", "score": 0.33774811029434204, "area_m2": 0.3101022155045606, "weight_est_kg": 0.18606132930273633, "weight_lo_kg": 0.12404088620182424, "weight_hi_kg": 0.6202044310091213, "crew": "1인", "stop_id": "S015"}}, {"type": "Feature", "geometry": {"type": "Polygon", "coordinates": [[[-157.19420852940925, 21.2097269690369], [-157.19420401367245, 21.20972692073739], [-157.19420406552888, 21.209722657520352], [-157.19420858126563, 21.20972270581986], [-157.19420852940925, 21.2097269690369]]]}, "properties": {"item_id": "1301_8884_1171_136", "cls": "net", "cls_raw": "Net", "score": 0.31771931052207947, "area_m2": 0.22134865624451477, "weight_est_kg": 3.984275812401266, "weight_lo_kg": 1.6601149218338611, "weight_hi_kg": 9.960689531003164, "crew": "1인", "stop_id": "S015"}}, {"type": "Feature", "geometry": {"type": "Polygon", "coordinates": [[[-157.19422823581291, 21.209742158140216], [-157.19422413248347, 21.209742114252197], [-157.1942241785439, 21.209738327500915], [-157.1942282818732, 21.209738371388926], [-157.19422823581291, 21.209742158140216]]]}, "properties": {"item_id": "1301_8884_1171_137", "cls": "plastic_buoy", "cls_raw": "Plastic_Buoy", "score": 0.22587285935878754, "area_m2": 0.1786544903330011, "weight_est_kg": 3.2157808259940195, "weight_lo_kg": 1.6078904129970097, "weight_hi_kg": 4.287707767992027, "crew": "1인", "stop_id": "S015"}}, {"type": "Feature", "geometry": {"type": "Polygon", "coordinates": [[[-157.19417184164658, 21.209689137755845], [-157.19416653964407, 21.209689081045497], [-157.19416660182918, 21.209683968787807], [-157.19417190383152, 21.209684025498152], [-157.19417184164658, 21.209689137755845]]]}, "properties": {"item_id": "1301_8884_1171_138", "cls": "plastic_other", "cls_raw": "Plastic_ETC", "score": 0.12446983903646469, "area_m2": 0.31164747633925405, "weight_est_kg": 0.7479539432142097, "weight_lo_kg": 0.49863596214280653, "weight_hi_kg": 2.4931798107140324, "crew": "1인", "stop_id": "S015"}}, {"type": "Feature", "geometry": {"type": "Polygon", "coordinates": [[[-157.19423048744784, 21.209740232754097], [-157.19422698682416, 21.209740195312502], [-157.19422702775236, 21.209736830490936], [-157.19423052837593, 21.209736867932527], [-157.19423048744784, 21.209740232754097]]]}, "properties": {"item_id": "1301_8884_1171_139", "cls": "net", "cls_raw": "Net", "score": 0.12411395460367203, "area_m2": 0.13543104797597955, "weight_est_kg": 2.4377588635676317, "weight_lo_kg": 1.0157328598198465, "weight_hi_kg": 6.094397158919079, "crew": "1인", "stop_id": "S015"}}, {"type": "Feature", "geometry": {"type": "Polygon", "coordinates": [[[-157.1942085292793, 21.20972694202303], [-157.1942044804874, 21.209726898717875], [-157.19420452855022, 21.20972294738278], [-157.194208577342, 21.209722990687922], [-157.1942085292793, 21.20972694202303]]]}, "properties": {"item_id": "1301_9004_855_153", "cls": "net", "cls_raw": "Net", "score": 0.4872221052646637, "area_m2": 0.18394167644972484, "weight_est_kg": 3.310950176095047, "weight_lo_kg": 1.3795625733729364, "weight_hi_kg": 8.277375440237618, "crew": "1인", "stop_id": "S015"}}, {"type": "Feature", "geometry": {"type": "Polygon", "coordinates": [[[-157.1942173502427, 21.209729608631143], [-157.19421236012798, 21.209729555258015], [-157.19421241579366, 21.20972497885817], [-157.19421740590823, 21.209725032231294], [-157.1942173502427, 21.209729608631143]]]}, "properties": {"item_id": "1301_9004_855_154", "cls": "plastic_buoy", "cls_raw": "Plastic_Buoy", "score": 0.4712170660495758, "area_m2": 0.26257012103490723, "weight_est_kg": 4.72626217862833, "weight_lo_kg": 2.363131089314165, "weight_hi_kg": 6.301682904837774, "crew": "1인", "stop_id": "S015"}}, {"type": "Feature", "geometry": {"type": "Polygon", "coordinates": [[[-157.19423012463025, 21.209730897207027], [-157.19422508353756, 21.209730843289027], [-157.19422514784563, 21.209725556343788], [-157.19423018893812, 21.209725610261774], [-157.19423012463025, 21.209730897207027]]]}, "properties": {"item_id": "1301_9004_855_155", "cls": "eps_fragment", "cls_raw": "Styrofoam_Piece", "score": 0.3394845128059387, "area_m2": 0.3064363607092845, "weight_est_kg": 0.18386181642557067, "weight_lo_kg": 0.1225745442837138, "weight_hi_kg": 0.612872721418569, "crew": "1인", "stop_id": "S015"}}, {"type": "Feature", "geometry": {"type": "Polygon", "coordinates": [[[-157.1941922594234, 21.209730520996146], [-157.19418778131813, 21.209730473098688], [-157.19418782972468, 21.209726493542018], [-157.19419230782984, 21.209726541439462], [-157.1941922594234, 21.209730520996146]]]}, "properties": {"item_id": "1301_9004_855_156", "cls": "plastic_other", "cls_raw": "Plastic_ETC", "score": 0.15245874226093292, "area_m2": 0.204898987758103, "weight_est_kg": 0.4917575706194472, "weight_lo_kg": 0.3278383804129648, "weight_hi_kg": 1.639191902064824, "crew": "1인", "stop_id": "S015"}}, {"type": "Feature", "geometry": {"type": "Polygon", "coordinates": [[[-157.1942282381943, 21.20974210396983], [-157.19422417364865, 21.20974206049663], [-157.19422421772762, 21.209738436642493], [-157.1942282822732, 21.20973848011569], [-157.1942282381943, 21.20974210396983]]]}, "properties": {"item_id": "1301_9004_855_157", "cls": "plastic_buoy", "cls_raw": "Plastic_Buoy", "score": 0.11940032243728638, "area_m2": 0.16935323088164417, "weight_est_kg": 3.048358155869595, "weight_lo_kg": 1.5241790779347975, "weight_hi_kg": 4.0644775411594605, "crew": "1인", "stop_id": "S015"}}, {"type": "Feature", "geometry": {"type": "Polygon", "coordinates": [[[-157.1942137458591, 21.209819952517982], [-157.19420946925266, 21.20981990677613], [-157.1942095213953, 21.209815620039276], [-157.19421379800158, 21.209815665781118], [-157.1942137458591, 21.209819952517982]]]}, "properties": {"item_id": "1301_9004_855_158", "cls": "net", "cls_raw": "Net", "score": 0.11337916553020477, "area_m2": 0.21078352531039846, "weight_est_kg": 3.794103455587172, "weight_lo_kg": 1.5808764398279884, "weight_hi_kg": 9.485258638967931, "crew": "1인", "stop_id": "S015"}}, {"type": "Feature", "geometry": {"type": "Polygon", "coordinates": [[[-157.19416682519145, 21.209678325204045], [-157.1941628356052, 21.20967828253124], [-157.19416288285422, 21.209674398183974], [-157.19416687244032, 21.209674440856766], [-157.19416682519145, 21.209678325204045]]]}, "properties": {"item_id": "1301_9067_1550_167", "cls": "plastic_buoy", "cls_raw": "Plastic_Buoy", "score": 0.19255611300468445, "area_m2": 0.17817915236944992, "weight_est_kg": 3.207224742650099, "weight_lo_kg": 1.6036123713250494, "weight_hi_kg": 4.276299656866798, "crew": "1인", "stop_id": "S015"}}, {"type": "Feature", "geometry": {"type": "Polygon", "coordinates": [[[-157.1941571350387, 21.209673483242746], [-157.194146593625, 21.20967337049048], [-157.19414670236583, 21.20966443096272], [-157.1941572437789, 21.209664543714922], [-157.1941571350387, 21.209673483242746]]]}, "properties": {"item_id": "1301_9067_1550_168", "cls": "plastic_other", "cls_raw": "Plastic_ETC", "score": 0.17930078506469727, "area_m2": 1.083488833725153, "weight_est_kg": 2.600373200940367, "weight_lo_kg": 1.7335821339602449, "weight_hi_kg": 8.667910669801223, "crew": "1인", "stop_id": "S015"}}, {"type": "Feature", "geometry": {"type": "Polygon", "coordinates": [[[-157.19416278235792, 21.20963922409393], [-157.19415773605468, 21.20963917011837], [-157.19415779772876, 21.209634099884425], [-157.19416284403184, 21.20963415385997], [-157.19416278235792, 21.20963922409393]]]}, "properties": {"item_id": "1301_9067_1550_169", "cls": "eps_fragment", "cls_raw": "Styrofoam_Piece", "score": 0.15570272505283356, "area_m2": 0.2941795249342105, "weight_est_kg": 0.17650771496052628, "weight_lo_kg": 0.1176718099736842, "weight_hi_kg": 0.588359049868421, "crew": "1인", "stop_id": "S015"}}, {"type": "Feature", "geometry": {"type": "Polygon", "coordinates": [[[-157.1941718507381, 21.20968943330902], [-157.19416532432658, 21.20968936350233], [-157.1941653901485, 21.209683952266374], [-157.19417191655975, 21.20968402207305], [-157.1941718507381, 21.20968943330902]]]}, "properties": {"item_id": "1301_9067_1550_170", "cls": "eps_fragment", "cls_raw": "Styrofoam_Piece", "score": 0.12362157553434372, "area_m2": 0.4060522057845066, "weight_est_kg": 0.24363132347070396, "weight_lo_kg": 0.16242088231380264, "weight_hi_kg": 0.8121044115690134, "crew": "1인", "stop_id": "S015"}}, {"type": "Feature", "geometry": {"type": "Polygon", "coordinates": [[[-157.19417360921727, 21.20964454112427], [-157.1941700486628, 21.20964450304061], [-157.1941700874405, 21.209641315100292], [-157.19417364799486, 21.209641353183947], [-157.19417360921727, 21.20964454112427]]]}, "properties": {"item_id": "1301_9067_1550_171", "cls": "plastic_buoy", "cls_raw": "Plastic_Buoy", "score": 0.10926754772663116, "area_m2": 0.13050852698084084, "weight_est_kg": 2.349153485655135, "weight_lo_kg": 1.1745767428275675, "weight_hi_kg": 3.1322046475401804, "crew": "1인", "stop_id": "S015"}}, {"type": "Feature", "geometry": {"type": "Polygon", "coordinates": [[[-157.1941962952531, 21.209596828647584], [-157.19419132474636, 21.209596775483814], [-157.1941913680134, 21.20959321841903], [-157.19419633852004, 21.209593271582776], [-157.1941962952531, 21.209596828647584]]]}, "properties": {"item_id": "1301_9284_1938_179", "cls": "net", "cls_raw": "Net", "score": 0.14727512001991272, "area_m2": 0.20328421066788924, "weight_est_kg": 3.659115792022006, "weight_lo_kg": 1.5246315800091694, "weight_hi_kg": 9.147789480055016, "crew": "1인", "stop_id": "S015"}}, {"type": "Feature", "geometry": {"type": "Polygon", "coordinates": [[[-157.19416280881558, 21.209639274130208], [-157.19415765986892, 21.209639219056758], [-157.19415772345027, 21.209633992024038], [-157.19416287239676, 21.209634047097452], [-157.19416280881558, 21.209639274130208]]]}, "properties": {"item_id": "1301_9284_1938_180", "cls": "eps_fragment", "cls_raw": "Styrofoam_Piece", "score": 0.11991054564714432, "area_m2": 0.3094458840590046, "weight_est_kg": 0.18566753043540274, "weight_lo_kg": 0.12377835362360184, "weight_hi_kg": 0.6188917681180093, "crew": "1인", "stop_id": "S015"}}, {"type": "Feature", "geometry": {"type": "Polygon", "coordinates": [[[-157.1932864665662, 21.208157940836113], [-157.19328031216406, 21.208157874980007], [-157.19328039220164, 21.208151297774393], [-157.1932865466035, 21.20815136363049], [-157.1932864665662, 21.208157940836113]]]}, "properties": {"item_id": "1302_3671_9940_188", "cls": "plastic_other", "cls_raw": "Plastic_ETC", "score": 0.3600626289844513, "area_m2": 0.4654178794176543, "weight_est_kg": 1.1170029106023702, "weight_lo_kg": 0.7446686070682469, "weight_hi_kg": 3.7233430353412347, "crew": "1인", "stop_id": "S016"}}, {"type": "Feature", "geometry": {"type": "Polygon", "coordinates": [[[-157.1932729672284, 21.208161078163116], [-157.19326901908983, 21.208161035915158], [-157.19326906277482, 21.208157446060493], [-157.19327301091332, 21.20815748830844], [-157.1932729672284, 21.208161078163116]]]}, "properties": {"item_id": "1302_3671_9940_189", "cls": "eps_fragment", "cls_raw": "Styrofoam_Piece", "score": 0.35064563155174255, "area_m2": 0.16296150482300994, "weight_est_kg": 0.09777690289380596, "weight_lo_kg": 0.06518460192920397, "weight_hi_kg": 0.32592300964601995, "crew": "1인", "stop_id": "S016"}}, {"type": "Feature", "geometry": {"type": "Polygon", "coordinates": [[[-157.1932511918992, 21.208135906966216], [-157.1932462892618, 21.20813585450384], [-157.1932463471772, 21.208131095304537], [-157.19325124981444, 21.208131147766903], [-157.1932511918992, 21.208135906966216]]]}, "properties": {"item_id": "1302_3671_9940_190", "cls": "eps_fragment", "cls_raw": "Styrofoam_Piece", "score": 0.27247121930122375, "area_m2": 0.26827457740909566, "weight_est_kg": 0.16096474644545739, "weight_lo_kg": 0.10730983096363826, "weight_hi_kg": 0.5365491548181913, "crew": "1인", "stop_id": "S016"}}, {"type": "Feature", "geometry": {"type": "Polygon", "coordinates": [[[-157.19328647253607, 21.208142630150327], [-157.1932803570002, 21.20814256471015], [-157.1932804388936, 21.208135834992078], [-157.19328655442922, 21.208135900432243], [-157.19328647253607, 21.208142630150327]]]}, "properties": {"item_id": "1302_3671_9940_191", "cls": "eps_fragment", "cls_raw": "Styrofoam_Piece", "score": 0.26912373304367065, "area_m2": 0.4732026939303859, "weight_est_kg": 0.28392161635823154, "weight_lo_kg": 0.18928107757215434, "weight_hi_kg": 0.9464053878607719, "crew": "1인", "stop_id": "S016"}}, {"type": "Feature", "geometry": {"type": "Polygon", "coordinates": [[[-157.19330340338846, 21.20811250027665], [-157.1932972440506, 21.208112434368456], [-157.19329731193508, 21.20810685579428], [-157.19330347127274, 21.208106921702473], [-157.19330340338846, 21.20811250027665]]]}, "properties": {"item_id": "1302_3671_9940_192", "cls": "eps_fragment", "cls_raw": "Styrofoam_Piece", "score": 0.25204309821128845, "area_m2": 0.3950691661358861, "weight_est_kg": 0.23704149968153165, "weight_lo_kg": 0.15802766645435445, "weight_hi_kg": 0.7901383322717723, "crew": "1인", "stop_id": "S016"}}, {"type": "Feature", "geometry": {"type": "Polygon", "coordinates": [[[-157.19330043688487, 21.208176462470966], [-157.1932956089677, 21.208176410809486], [-157.1932956557387, 21.20817256730342], [-157.19330048365578, 21.20817261896489], [-157.19330043688487, 21.208176462470966]]]}, "properties": {"item_id": "1302_3671_9940_193", "cls": "eps_fragment", "cls_raw": "Styrofoam_Piece", "score": 0.22560733556747437, "area_m2": 0.2133551340457582, "weight_est_kg": 0.1280130804274549, "weight_lo_kg": 0.0853420536183033, "weight_hi_kg": 0.4267102680915164, "crew": "1인", "stop_id": "S016"}}, {"type": "Feature", "geometry": {"type": "Polygon", "coordinates": [[[-157.19333213400873, 21.20817610433915], [-157.19332634540794, 21.20817604239888], [-157.1933264135361, 21.208170443727095], [-157.19333220213667, 21.20817050566735], [-157.19333213400873, 21.20817610433915]]]}, "properties": {"item_id": "1302_3671_9940_194", "cls": "eps_fragment", "cls_raw": "Styrofoam_Piece", "score": 0.16568419337272644, "area_m2": 0.3726269893386395, "weight_est_kg": 0.2235761936031837, "weight_lo_kg": 0.14905079573545582, "weight_hi_kg": 0.7452539786772792, "crew": "1인", "stop_id": "S017"}}, {"type": "Feature", "geometry": {"type": "Polygon", "coordinates": [[[-157.19328110817105, 21.20814843383844], [-157.19327737902503, 21.208148393934067], [-157.19327741402498, 21.208145517766376], [-157.1932811431709, 21.208145557670733], [-157.19328110817105, 21.20814843383844]]]}, "properties": {"item_id": "1302_3671_9940_195", "cls": "eps_fragment", "cls_raw": "Styrofoam_Piece", "score": 0.16500887274742126, "area_m2": 0.12332166998091425, "weight_est_kg": 0.07399300198854855, "weight_lo_kg": 0.0493286679923657, "weight_hi_kg": 0.24664333996182852, "crew": "1인", "stop_id": "S016"}}, {"type": "Feature", "geometry": {"type": "Polygon", "coordinates": [[[-157.19329805573267, 21.208118319916217], [-157.1932914700017, 21.208118249445146], [-157.19329152209133, 21.208113968866552], [-157.19329810782213, 21.208114039337598], [-157.19329805573267, 21.208118319916217]]]}, "properties": {"item_id": "1302_3671_9940_196", "cls": "pet_bottle", "cls_raw": "PET_Bottle", "score": 0.14805452525615692, "area_m2": 0.3241323265612931, "weight_est_kg": 0.6417820065913603, "weight_lo_kg": 0.5348183388261336, "weight_hi_kg": 1.0696366776522672, "crew": "1인", "stop_id": "S016"}}, {"type": "Feature", "geometry": {"type": "Polygon", "coordinates": [[[-157.1932795806312, 21.208105383098275], [-157.1932730478032, 21.20810531319262], [-157.19327310374197, 21.208100716344635], [-157.1932796365698, 21.208100786250267], [-157.1932795806312, 21.208105383098275]]]}, "properties": {"item_id": "1302_3671_9940_197", "cls": "plastic_other", "cls_raw": "Plastic_ETC", "score": 0.13903146982192993, "area_m2": 0.34528466930099955, "weight_est_kg": 0.828683206322399, "weight_lo_kg": 0.5524554708815993, "weight_hi_kg": 2.7622773544079964, "crew": "1인", "stop_id": "S016"}}, {"type": "Feature", "geometry": {"type": "Polygon", "coordinates": [[[-157.19328836614204, 21.20810116242767], [-157.19328450939676, 21.20810112115814], [-157.19328454775842, 21.208097968716295], [-157.1932884045036, 21.20809800998581], [-157.19328836614204, 21.20810116242767]]]}, "properties": {"item_id": "1302_3671_9940_198", "cls": "plastic_buoy", "cls_raw": "Plastic_Buoy", "score": 0.12491601705551147, "area_m2": 0.13979253387454646, "weight_est_kg": 2.5162656097418363, "weight_lo_kg": 1.2581328048709182, "weight_hi_kg": 3.3550208129891153, "crew": "1인", "stop_id": "S016"}}, {"type": "Feature", "geometry": {"type": "Polygon", "coordinates": [[[-157.19330454284582, 21.208115415974557], [-157.19330031540753, 21.20811537073877], [-157.19330036230156, 21.20811151710016], [-157.19330458973974, 21.20811156233595], [-157.19330454284582, 21.208115415974557]]]}, "properties": {"item_id": "1302_3671_9940_199", "cls": "eps_fragment", "cls_raw": "Styrofoam_Piece", "score": 0.10404850542545319, "area_m2": 0.18731137415175322, "weight_est_kg": 0.11238682449105195, "weight_lo_kg": 0.07492454966070129, "weight_hi_kg": 0.37462274830350645, "crew": "1인", "stop_id": "S016"}}, {"type": "Feature", "geometry": {"type": "Polygon", "coordinates": [[[-157.1932728972715, 21.208161042342407], [-157.19326917662482, 21.208161002528787], [-157.1932692189817, 21.20815752181236], [-157.19327293962826, 21.20815756162598], [-157.1932728972715, 21.208161042342407]]]}, "properties": {"item_id": "1302_3918_9570_213", "cls": "eps_fragment", "cls_raw": "Styrofoam_Piece", "score": 0.3969862163066864, "area_m2": 0.14890279234353426, "weight_est_kg": 0.08934167540612055, "weight_lo_kg": 0.059561116937413706, "weight_hi_kg": 0.2978055846870685, "crew": "1인", "stop_id": "S016"}}, {"type": "Feature", "geometry": {"type": "Polygon", "coordinates": [[[-157.19328648773867, 21.208157923206883], [-157.19328032156284, 21.208157857224784], [-157.19328040218923, 21.208151231629035], [-157.1932865683648, 21.20815129761111], [-157.19328648773867, 21.208157923206883]]]}, "properties": {"item_id": "1302_3918_9570_214", "cls": "plastic_other", "cls_raw": "Plastic_ETC", "score": 0.3532957136631012, "area_m2": 0.4697389954538321, "weight_est_kg": 1.127373589089197, "weight_lo_kg": 0.7515823927261313, "weight_hi_kg": 3.757911963630657, "crew": "1인", "stop_id": "S016"}}, {"type": "Feature", "geometry": {"type": "Polygon", "coordinates": [[[-157.1933004886576, 21.208176476637313], [-157.19329565487413, 21.20817642491307], [-157.19329570203647, 21.208172549248438], [-157.19330053581982, 21.20817260097267], [-157.1933004886576, 21.208176476637313]]]}, "properties": {"item_id": "1302_3918_9570_215", "cls": "eps_fragment", "cls_raw": "Styrofoam_Piece", "score": 0.3424603044986725, "area_m2": 0.21540168609028446, "weight_est_kg": 0.12924101165417068, "weight_lo_kg": 0.08616067443611378, "weight_hi_kg": 0.43080337218056897, "crew": "1인", "stop_id": "S016"}}, {"type": "Feature", "geometry": {"type": "Polygon", "coordinates": [[[-157.19328641871735, 21.2081426138245], [-157.19328029883172, 21.208142548337772], [-157.19328037513708, 21.208136277827165], [-157.19328649502245, 21.208136343313875], [-157.19328641871735, 21.2081426138245]]]}, "properties": {"item_id": "1302_3918_9570_216", "cls": "eps_fragment", "cls_raw": "Styrofoam_Piece", "score": 0.3215661942958832, "area_m2": 0.4412269513965749, "weight_est_kg": 0.26473617083794493, "weight_lo_kg": 0.17649078055862996, "weight_hi_kg": 0.88245390279315, "crew": "1인", "stop_id": "S016"}}, {"type": "Feature", "geometry": {"type": "Polygon", "coordinates": [[[-157.19330292934492, 21.208191689058914], [-157.19329607908702, 21.20819161575725], [-157.19329614631073, 21.208186091509727], [-157.19330299656835, 21.208186164811373], [-157.19330292934492, 21.208191689058914]]]}, "properties": {"item_id": "1302_3918_9570_217", "cls": "eps_fragment", "cls_raw": "Styrofoam_Piece", "score": 0.2263040542602539, "area_m2": 0.4351066507280954, "weight_est_kg": 0.26106399043685724, "weight_lo_kg": 0.17404266029123816, "weight_hi_kg": 0.8702133014561908, "crew": "1인", "stop_id": "S017"}}, {"type": "Feature", "geometry": {"type": "Polygon", "coordinates": [[[-157.19329903520628, 21.20820900101564], [-157.19329211675054, 21.208208926984007], [-157.19329220269023, 21.20820186473604], [-157.1932991211456, 21.208201938767647], [-157.19329903520628, 21.20820900101564]]]}, "properties": {"item_id": "1302_3918_9570_218", "cls": "eps_buoy", "cls_raw": "Styrofoam_Buoy", "score": 0.18062464892864227, "area_m2": 0.5617819108070339, "weight_est_kg": 4.915591719561546, "weight_lo_kg": 2.1066821655263768, "weight_hi_kg": 5.617819108070339, "crew": "1인", "stop_id": "S017"}}, {"type": "Feature", "geometry": {"type": "Polygon", "coordinates": [[[-157.19325030697814, 21.20815703709792], [-157.19324579466542, 21.208156988812284], [-157.19324584001205, 21.208153262457675], [-157.19325035232464, 21.208153310743295], [-157.19325030697814, 21.20815703709792]]]}, "properties": {"item_id": "1302_3918_9570_219", "cls": "eps_fragment", "cls_raw": "Styrofoam_Piece", "score": 0.1620086133480072, "area_m2": 0.1933299609423164, "weight_est_kg": 0.11599797656538983, "weight_lo_kg": 0.07733198437692655, "weight_hi_kg": 0.38665992188463283, "crew": "1인", "stop_id": "S016"}}, {"type": "Feature", "geometry": {"type": "Polygon", "coordinates": [[[-157.19331750977648, 21.208175237055592], [-157.19331343069456, 21.208175193407502], [-157.19331352578453, 21.20816737910867], [-157.19331760486625, 21.208167422756745], [-157.19331750977648, 21.208175237055592]]]}, "properties": {"item_id": "1302_3918_9570_220", "cls": "eps_buoy", "cls_raw": "Styrofoam_Buoy", "score": 0.12293603271245956, "area_m2": 0.3664950867780464, "weight_est_kg": 3.2068320093079055, "weight_lo_kg": 1.3743565754176739, "weight_hi_kg": 3.6649508677804636, "crew": "1인", "stop_id": "S016"}}, {"type": "Feature", "geometry": {"type": "Polygon", "coordinates": [[[-157.19323039537244, 21.207952681322226], [-157.1932249781665, 21.207952623353265], [-157.19322503259565, 21.20794815064733], [-157.19323044980143, 21.207948208616276], [-157.19323039537244, 21.207952681322226]]]}, "properties": {"item_id": "1302_4126_10839_227", "cls": "eps_fragment", "cls_raw": "Styrofoam_Piece", "score": 0.5051715970039368, "area_m2": 0.2785877932936645, "weight_est_kg": 0.1671526759761987, "weight_lo_kg": 0.1114351173174658, "weight_hi_kg": 0.557175586587329, "crew": "1인", "stop_id": "S018"}}, {"type": "Feature", "geometry": {"type": "Polygon", "coordinates": [[[-157.19321862467174, 21.207952204213743], [-157.1932108001767, 21.20795212048403], [-157.19321087674288, 21.207945828719126], [-157.19321870123758, 21.20794591244882], [-157.19321862467174, 21.207952204213743]]]}, "properties": {"item_id": "1302_4126_10839_228", "cls": "eps_fragment", "cls_raw": "Styrofoam_Piece", "score": 0.3598925769329071, "area_m2": 0.5660375011415696, "weight_est_kg": 0.33962250068494176, "weight_lo_kg": 0.22641500045662785, "weight_hi_kg": 1.1320750022831392, "crew": "1인", "stop_id": "S018"}}, {"type": "Feature", "geometry": {"type": "Polygon", "coordinates": [[[-157.19322213859343, 21.207967568359642], [-157.19321372582405, 21.207967478334908], [-157.1932138221431, 21.2079595633866], [-157.193222234912, 21.20795965341129], [-157.19322213859343, 21.207967568359642]]]}, "properties": {"item_id": "1302_4126_10839_229", "cls": "eps_buoy", "cls_raw": "Styrofoam_Buoy", "score": 0.3177335858345032, "area_m2": 0.7656026328654999, "weight_est_kg": 6.699023037573124, "weight_lo_kg": 2.8710098732456246, "weight_hi_kg": 7.656026328655, "crew": "1인", "stop_id": "S018"}}, {"type": "Feature", "geometry": {"type": "Polygon", "coordinates": [[[-157.19318521155904, 21.207955609314514], [-157.1931811616186, 21.207955565975446], [-157.1931812126839, 21.207951369797268], [-157.1931852626242, 21.20795141313634], [-157.19318521155904, 21.207955609314514]]]}, "properties": {"item_id": "1302_4126_10839_230", "cls": "eps_fragment", "cls_raw": "Styrofoam_Piece", "score": 0.27673861384391785, "area_m2": 0.195397480911065, "weight_est_kg": 0.11723848854663901, "weight_lo_kg": 0.07815899236442601, "weight_hi_kg": 0.3907949618221301, "crew": "1인", "stop_id": "S018"}}, {"type": "Feature", "geometry": {"type": "Polygon", "coordinates": [[[-157.19322396043313, 21.208001439586152], [-157.19321969467347, 21.20800139393846], [-157.1932197411903, 21.207997571448477], [-157.1932240069498, 21.20799761709616], [-157.19322396043313, 21.208001439586152]]]}, "properties": {"item_id": "1302_4126_10839_231", "cls": "eps_fragment", "cls_raw": "Styrofoam_Piece", "score": 0.2704583704471588, "area_m2": 0.1874817473710049, "weight_est_kg": 0.11248904842260293, "weight_lo_kg": 0.07499269894840196, "weight_hi_kg": 0.37496349474200985, "crew": "1인", "stop_id": "S016"}}, {"type": "Feature", "geometry": {"type": "Polygon", "coordinates": [[[-157.19317142806332, 21.207977100087874], [-157.19316643011322, 21.207977046603535], [-157.19316648499418, 21.207972536923034], [-157.1931714829441, 21.20797259040737], [-157.19317142806332, 21.207977100087874]]]}, "properties": {"item_id": "1302_4126_10839_232", "cls": "eps_fragment", "cls_raw": "Styrofoam_Piece", "score": 0.23716160655021667, "area_m2": 0.2591516859651256, "weight_est_kg": 0.15549101157907536, "weight_lo_kg": 0.10366067438605026, "weight_hi_kg": 0.5183033719302512, "crew": "1인", "stop_id": "S018"}}, {"type": "Feature", "geometry": {"type": "Polygon", "coordinates": [[[-157.19322243528572, 21.207986978257743], [-157.19321663625328, 21.20798691620253], [-157.19321668960012, 21.207982532460832], [-157.19322248863241, 21.20798259451604], [-157.19322243528572, 21.207986978257743]]]}, "properties": {"item_id": "1302_4126_10839_233", "cls": "plastic_other", "cls_raw": "Plastic_ETC", "score": 0.1786542683839798, "area_m2": 0.29229190731055843, "weight_est_kg": 0.7015005775453402, "weight_lo_kg": 0.4676670516968935, "weight_hi_kg": 2.3383352584844674, "crew": "1인", "stop_id": "S016"}}, {"type": "Feature", "geometry": {"type": "Polygon", "coordinates": [[[-157.1932359612647, 21.208018832977334], [-157.19322936041416, 21.208018762342316], [-157.1932294282891, 21.20801318473427], [-157.19323602913943, 21.208013255369274], [-157.1932359612647, 21.208018832977334]]]}, "properties": {"item_id": "1302_4126_10839_234", "cls": "eps_fragment", "cls_raw": "Styrofoam_Piece", "score": 0.168327197432518, "area_m2": 0.42331542128735494, "weight_est_kg": 0.25398925277241297, "weight_lo_kg": 0.16932616851494198, "weight_hi_kg": 0.8466308425747099, "crew": "1인", "stop_id": "S016"}}, {"type": "Feature", "geometry": {"type": "Polygon", "coordinates": [[[-157.19322585400576, 21.207947506600696], [-157.19322236732197, 21.20794746928998], [-157.19322240619118, 21.207944275221315], [-157.19322589287492, 21.207944312532018], [-157.19322585400576, 21.207947506600696]]]}, "properties": {"item_id": "1302_4126_10839_235", "cls": "eps_fragment", "cls_raw": "Styrofoam_Piece", "score": 0.1503768414258957, "area_m2": 0.128048123860391, "weight_est_kg": 0.0768288743162346, "weight_lo_kg": 0.0512192495441564, "weight_hi_kg": 0.256096247720782, "crew": "1인", "stop_id": "S018"}}, {"type": "Feature", "geometry": {"type": "Polygon", "coordinates": [[[-157.19321613301946, 21.20799653950328], [-157.19321173105416, 21.207996492397864], [-157.19321177909467, 21.207992544713097], [-157.19321618105985, 21.207992591818506], [-157.19321613301946, 21.20799653950328]]]}, "properties": {"item_id": "1302_4126_10839_236", "cls": "net", "cls_raw": "Net", "score": 0.1044032871723175, "area_m2": 0.1998045397907992, "weight_est_kg": 3.5964817162343854, "weight_lo_kg": 1.4985340484309944, "weight_hi_kg": 8.991204290585964, "crew": "1인", "stop_id": "S016"}}, {"type": "Feature", "geometry": {"type": "Polygon", "coordinates": [[[-157.19325046144644, 21.208011737438248], [-157.19322024945555, 21.208011414143456], [-157.19322033977954, 21.208003991822057], [-157.19325055176895, 21.208004315116735], [-157.19325046144644, 21.208011737438248]]]}, "properties": {"item_id": "1302_4126_10839_237", "cls": "plastic_other", "cls_raw": "Plastic_ETC", "score": 0.10105656832456589, "area_m2": 2.578311124967679, "weight_est_kg": 6.1879466999224295, "weight_lo_kg": 4.125297799948287, "weight_hi_kg": 20.626488999741433, "crew": "1인", "stop_id": "S016"}}, {"type": "Feature", "geometry": {"type": "Polygon", "coordinates": [[[-157.1929877615023, 21.20794745227683], [-157.1929835600269, 21.20794740731125], [-157.1929836046194, 21.207943743419452], [-157.19298780609472, 21.20794378838501], [-157.1929877615023, 21.20794745227683]]]}, "properties": {"item_id": "1302_5035_11171_243", "cls": "eps_fragment", "cls_raw": "Styrofoam_Piece", "score": 0.31177157163619995, "area_m2": 0.17699499629740345, "weight_est_kg": 0.10619699777844208, "weight_lo_kg": 0.07079799851896137, "weight_hi_kg": 0.35398999259480696, "crew": "1인", "stop_id": "S018"}}, {"type": "Feature", "geometry": {"type": "Polygon", "coordinates": [[[-157.1930961128086, 21.207906942305396], [-157.19309107824537, 21.20790688842715], [-157.19309113181438, 21.20790248671649], [-157.19309616637747, 21.207902540594738], [-157.1930961128086, 21.207906942305396]]]}, "properties": {"item_id": "1302_5035_11171_244", "cls": "plastic_other", "cls_raw": "Plastic_ETC", "score": 0.30887162685394287, "area_m2": 0.2548002669443078, "weight_est_kg": 0.6115206406663387, "weight_lo_kg": 0.4076804271108925, "weight_hi_kg": 2.0384021355544624, "crew": "1인", "stop_id": "S018"}}, {"type": "Feature", "geometry": {"type": "Polygon", "coordinates": [[[-157.19304809844894, 21.207908113316076], [-157.19303769304355, 21.207908001957687], [-157.1930378348705, 21.207896348529324], [-157.1930482402751, 21.20789645988765], [-157.19304809844894, 21.207908113316076]]]}, "properties": {"item_id": "1302_5035_11171_245", "cls": "eps_buoy", "cls_raw": "Styrofoam_Buoy", "score": 0.2657672166824341, "area_m2": 1.3942136316004878, "weight_est_kg": 12.199369276504267, "weight_lo_kg": 5.228301118501829, "weight_hi_kg": 13.94213631600488, "crew": "1인", "stop_id": "S018"}}, {"type": "Feature", "geometry": {"type": "Polygon", "coordinates": [[[-157.1930906078667, 21.207915857177785], [-157.19308432649808, 21.20791578995637], [-157.1930844117241, 21.20790878705426], [-157.19309069309242, 21.207908854275658], [-157.1930906078667, 21.207915857177785]]]}, "properties": {"item_id": "1302_5035_11171_246", "cls": "eps_buoy", "cls_raw": "Styrofoam_Buoy", "score": 0.25415483117103577, "area_m2": 0.505765150435022, "weight_est_kg": 4.425445066306442, "weight_lo_kg": 1.8966193141313326, "weight_hi_kg": 5.05765150435022, "crew": "1인", "stop_id": "S018"}}, {"type": "Feature", "geometry": {"type": "Polygon", "coordinates": [[[-157.19309302818212, 21.207873451894883], [-157.19308726041388, 21.207873390170064], [-157.19308732490785, 21.2078680907698], [-157.19309309267587, 21.2078681524946], [-157.19309302818212, 21.207873451894883]]]}, "properties": {"item_id": "1302_5035_11171_247", "cls": "eps_fragment", "cls_raw": "Styrofoam_Piece", "score": 0.2174915224313736, "area_m2": 0.3514400156618037, "weight_est_kg": 0.21086400939708222, "weight_lo_kg": 0.1405760062647215, "weight_hi_kg": 0.7028800313236074, "crew": "1인", "stop_id": "S018"}}, {"type": "Feature", "geometry": {"type": "Polygon", "coordinates": [[[-157.192993429798, 21.20792333992163], [-157.19298631625324, 21.207923263790367], [-157.19298638627282, 21.20791751069508], [-157.1929934998173, 21.20791758682631], [-157.192993429798, 21.20792333992163]]]}, "properties": {"item_id": "1302_5035_11171_248", "cls": "plastic_other", "cls_raw": "Plastic_ETC", "score": 0.13982893526554108, "area_m2": 0.47054832314264544, "weight_est_kg": 1.129315975542349, "weight_lo_kg": 0.7528773170282327, "weight_hi_kg": 3.764386585141164, "crew": "1인", "stop_id": "S018"}}, {"type": "Feature", "geometry": {"type": "Polygon", "coordinates": [[[-157.1930702429991, 21.20784658595748], [-157.19306215450456, 21.207846499395934], [-157.19306217762178, 21.20784459990548], [-157.19307026611622, 21.207844686467027], [-157.1930702429991, 21.20784658595748]]]}, "properties": {"item_id": "1302_5035_11171_249", "cls": "pet_bottle", "cls_raw": "PET_Bottle", "score": 0.13921862840652466, "area_m2": 0.17665323095326044, "weight_est_kg": 0.3497733972874556, "weight_lo_kg": 0.2914778310728798, "weight_hi_kg": 0.5829556621457596, "crew": "1인", "stop_id": "S018"}}, {"type": "Feature", "geometry": {"type": "Polygon", "coordinates": [[[-157.19284466839136, 21.207661445322138], [-157.19284114804572, 21.207661407643663], [-157.19284119190283, 21.20765780440642], [-157.19284471224836, 21.207657842084878], [-157.19284466839136, 21.207661445322138]]]}, "properties": {"item_id": "1302_5904_12425_254", "cls": "eps_fragment", "cls_raw": "Styrofoam_Piece", "score": 0.5441890358924866, "area_m2": 0.14584635406736182, "weight_est_kg": 0.0875078124404171, "weight_lo_kg": 0.058338541626944726, "weight_hi_kg": 0.29169270813472364, "crew": "1인", "stop_id": "S019"}}, {"type": "Feature", "geometry": {"type": "Polygon", "coordinates": [[[-157.19292993174602, 21.20770947630154], [-157.1929254837268, 21.207709428696276], [-157.1929255596078, 21.207703194141565], [-157.1929300076268, 21.20770324174682], [-157.19292993174602, 21.20770947630154]]]}, "properties": {"item_id": "1302_5904_12425_255", "cls": "pet_bottle", "cls_raw": "PET_Bottle", "score": 0.5078948140144348, "area_m2": 0.31885213399705015, "weight_est_kg": 0.6313272253141592, "weight_lo_kg": 0.5261060210951327, "weight_hi_kg": 1.0522120421902654, "crew": "1인", "stop_id": "S020"}}, {"type": "Feature", "geometry": {"type": "Polygon", "coordinates": [[[-157.19286479432134, 21.207691473995588], [-157.19285269439294, 21.20769134449032], [-157.19285282595695, 21.20768053531873], [-157.19286492588444, 21.207680664823936], [-157.19286479432134, 21.207691473995588]]]}, "properties": {"item_id": "1302_5904_12425_256", "cls": "eps_buoy", "cls_raw": "Styrofoam_Buoy", "score": 0.43531838059425354, "area_m2": 1.5038084846202295, "weight_est_kg": 13.158324240427008, "weight_lo_kg": 5.639281817325861, "weight_hi_kg": 15.038084846202295, "crew": "1인", "stop_id": "S019"}}, {"type": "Feature", "geometry": {"type": "Polygon", "coordinates": [[[-157.19289435955432, 21.207707327193184], [-157.19288966957532, 21.207707276997333], [-157.19288971227422, 21.207703768831543], [-157.19289440225307, 21.207703819027383], [-157.19289435955432, 21.207707327193184]]]}, "properties": {"item_id": "1302_5904_12425_257", "cls": "eps_fragment", "cls_raw": "Styrofoam_Piece", "score": 0.3668539524078369, "area_m2": 0.18917696889643604, "weight_est_kg": 0.11350618133786163, "weight_lo_kg": 0.07567078755857441, "weight_hi_kg": 0.37835393779287213, "crew": "1인", "stop_id": "S020"}}, {"type": "Feature", "geometry": {"type": "Polygon", "coordinates": [[[-157.19290181896093, 21.207689041291715], [-157.19289484276175, 21.20768896662725], [-157.1928949198248, 21.207682635055363], [-157.19290189602367, 21.207682709719794], [-157.19290181896093, 21.207689041291715]]]}, "properties": {"item_id": "1302_5904_12425_258", "cls": "eps_buoy", "cls_raw": "Styrofoam_Buoy", "score": 0.3422865569591522, "area_m2": 0.5078643413991998, "weight_est_kg": 4.443812987242998, "weight_lo_kg": 1.904491280246999, "weight_hi_kg": 5.0786434139919985, "crew": "1인", "stop_id": "S019"}}, {"type": "Feature", "geometry": {"type": "Polygon", "coordinates": [[[-157.19288118355726, 21.207703662784276], [-157.1928753733452, 21.20770360059835], [-157.1928754451326, 21.207697702547833], [-157.19288125534442, 21.20769776473375], [-157.19288118355726, 21.207703662784276]]]}, "properties": {"item_id": "1302_5904_12425_259", "cls": "eps_fragment", "cls_raw": "Styrofoam_Piece", "score": 0.16996335983276367, "area_m2": 0.3940195258141543, "weight_est_kg": 0.23641171548849257, "weight_lo_kg": 0.1576078103256617, "weight_hi_kg": 0.7880390516283087, "crew": "1인", "stop_id": "S019"}}, {"type": "Feature", "geometry": {"type": "Polygon", "coordinates": [[[-157.19288289255525, 21.207678320129546], [-157.19287392892758, 21.207678224193124], [-157.19287403650767, 21.207669385407435], [-157.1928830001348, 21.207669481343807], [-157.19288289255525, 21.207678320129546]]]}, "properties": {"item_id": "1302_5904_12425_260", "cls": "plastic_buoy", "cls_raw": "Plastic_Buoy", "score": 0.1636781394481659, "area_m2": 0.910948361218202, "weight_est_kg": 16.397070501927637, "weight_lo_kg": 8.198535250963818, "weight_hi_kg": 21.86276066923685, "crew": "1인", "stop_id": "S019"}}, {"type": "Feature", "geometry": {"type": "Polygon", "coordinates": [[[-157.19292966375937, 21.20763301542672], [-157.1929259287189, 21.207632975452277], [-157.19292596238523, 21.20763020933819], [-157.19292969742565, 21.207630249312622], [-157.19292966375937, 21.20763301542672]]]}, "properties": {"item_id": "1302_5904_12425_261", "cls": "eps_fragment", "cls_raw": "Styrofoam_Piece", "score": 0.1417977660894394, "area_m2": 0.11879081328551443, "weight_est_kg": 0.07127448797130866, "weight_lo_kg": 0.04751632531420577, "weight_hi_kg": 0.23758162657102885, "crew": "1인", "stop_id": "S019"}}, {"type": "Feature", "geometry": {"type": "Polygon", "coordinates": [[[-157.19285695372005, 21.207660036191513], [-157.19285321214932, 21.20765999614553], [-157.1928532575867, 21.20765626304479], [-157.1928569991574, 21.207656303090772], [-157.19285695372005, 21.207660036191513]]]}, "properties": {"item_id": "1302_5904_12425_262", "cls": "plastic_buoy", "cls_raw": "Plastic_Buoy", "score": 0.12770074605941772, "area_m2": 0.16059835162166772, "weight_est_kg": 2.890770329190019, "weight_lo_kg": 1.4453851645950095, "weight_hi_kg": 3.854360438920025, "crew": "1인", "stop_id": "S019"}}, {"type": "Feature", "geometry": {"type": "Polygon", "coordinates": [[[-157.19287277790988, 21.207712412296434], [-157.19286803674498, 21.207712361552137], [-157.19286809062146, 21.207707935081874], [-157.1928728317862, 21.207707985826165], [-157.19287277790988, 21.207712412296434]]]}, "properties": {"item_id": "1302_5904_12425_263", "cls": "eps_fragment", "cls_raw": "Styrofoam_Piece", "score": 0.12768608331680298, "area_m2": 0.24130141181951795, "weight_est_kg": 0.14478084709171077, "weight_lo_kg": 0.09652056472780718, "weight_hi_kg": 0.4826028236390359, "crew": "1인", "stop_id": "S019"}}, {"type": "Feature", "geometry": {"type": "Polygon", "coordinates": [[[-157.19290847452442, 21.207732040132118], [-157.19290487148498, 21.207732001569827], [-157.19290490309962, 21.207729404071273], [-157.19290850613905, 21.207729442633553], [-157.19290847452442, 21.207732040132118]]]}, "properties": {"item_id": "1302_5904_12425_264", "cls": "eps_fragment", "cls_raw": "Styrofoam_Piece", "score": 0.11532285809516907, "area_m2": 0.10760724473095379, "weight_est_kg": 0.06456434683857228, "weight_lo_kg": 0.04304289789238151, "weight_hi_kg": 0.2152144894619076, "crew": "1인", "stop_id": "S020"}}, {"type": "Feature", "geometry": {"type": "Polygon", "coordinates": [[[-157.19284461574145, 21.207661443350805], [-157.19284114973223, 21.207661406253887], [-157.19284119332852, 21.207657824441917], [-157.19284465933768, 21.207657861538813], [-157.19284461574145, 21.207661443350805]]]}, "properties": {"item_id": "1302_5950_12785_270", "cls": "eps_fragment", "cls_raw": "Styrofoam_Piece", "score": 0.4341641962528229, "area_m2": 0.14274138694707125, "weight_est_kg": 0.08564483216824276, "weight_lo_kg": 0.05709655477882851, "weight_hi_kg": 0.2854827738941425, "crew": "1인", "stop_id": "S019"}}, {"type": "Feature", "geometry": {"type": "Polygon", "coordinates": [[[-157.1929297559537, 21.20763302272001], [-157.19292583919196, 21.207632980800685], [-157.19292587397996, 21.207630122525423], [-157.19292979074172, 21.207630164444737], [-157.1929297559537, 21.20763302272001]]]}, "properties": {"item_id": "1302_5950_12785_271", "cls": "eps_fragment", "cls_raw": "Styrofoam_Piece", "score": 0.3459014594554901, "area_m2": 0.12872078089447164, "weight_est_kg": 0.07723246853668297, "weight_lo_kg": 0.051488312357788654, "weight_hi_kg": 0.2574415617889433, "crew": "1인", "stop_id": "S019"}}, {"type": "Feature", "geometry": {"type": "Polygon", "coordinates": [[[-157.19287490498192, 21.207612058243985], [-157.19286818179987, 21.207611986286647], [-157.19286825837816, 21.207605694610862], [-157.19287498155995, 21.207605766568182], [-157.19287490498192, 21.207612058243985]]]}, "properties": {"item_id": "1302_5950_12785_272", "cls": "plastic_other", "cls_raw": "Plastic_ETC", "score": 0.2602374255657196, "area_m2": 0.486361005938174, "weight_est_kg": 1.1672664142516176, "weight_lo_kg": 0.7781776095010784, "weight_hi_kg": 3.890888047505392, "crew": "1인", "stop_id": "S019"}}, {"type": "Feature", "geometry": {"type": "Polygon", "coordinates": [[[-157.1928570149683, 21.20766001951979], [-157.19285324795746, 21.207659979201527], [-157.19285329317432, 21.207656264218823], [-157.19285706018508, 21.20765630453709], [-157.1928570149683, 21.20766001951979]]]}, "properties": {"item_id": "1302_5950_12785_273", "cls": "plastic_buoy", "cls_raw": "Plastic_Buoy", "score": 0.127462700009346, "area_m2": 0.1609055683494014, "weight_est_kg": 2.896300230289225, "weight_lo_kg": 1.4481501151446126, "weight_hi_kg": 3.8617336403856335, "crew": "1인", "stop_id": "S019"}}, {"type": "Feature", "geometry": {"type": "Polygon", "coordinates": [[[-157.19282388882812, 21.207653004527984], [-157.19282051108343, 21.207652968375374], [-157.19282054176162, 21.207650447927204], [-157.1928239195062, 21.207650484079803], [-157.19282388882812, 21.207653004527984]]]}, "properties": {"item_id": "1302_5950_12785_274", "cls": "eps_fragment", "cls_raw": "Styrofoam_Piece", "score": 0.10722791403532028, "area_m2": 0.09788632777335692, "weight_est_kg": 0.05873179666401415, "weight_lo_kg": 0.03915453110934276, "weight_hi_kg": 0.19577265554671386, "crew": "1인", "stop_id": "S019"}}, {"type": "Feature", "geometry": {"type": "Polygon", "coordinates": [[[-157.19277114266416, 21.207572731613336], [-157.19275597277624, 21.207572569242533], [-157.19275613236243, 21.207559458412327], [-157.19277130224907, 21.207559620783023], [-157.19277114266416, 21.207572731613336]]]}, "properties": {"item_id": "1302_6268_13050_276", "cls": "eps_buoy", "cls_raw": "Styrofoam_Buoy", "score": 0.39178377389907837, "area_m2": 2.286810997820469, "weight_est_kg": 20.009596230929102, "weight_lo_kg": 8.575541241826757, "weight_hi_kg": 22.86810997820469, "crew": "1인", "stop_id": "S019"}}, {"type": "Feature", "geometry": {"type": "Polygon", "coordinates": [[[-157.19281391684683, 21.20756381613816], [-157.19280733222377, 21.20756374566153], [-157.19280740964132, 21.20755738522886], [-157.1928139942641, 21.207557455705448], [-157.19281391684683, 21.20756381613816]]]}, "properties": {"item_id": "1302_6268_13050_277", "cls": "eps_fragment", "cls_raw": "Styrofoam_Piece", "score": 0.15863873064517975, "area_m2": 0.4815432394356732, "weight_est_kg": 0.2889259436614039, "weight_lo_kg": 0.19261729577426928, "weight_hi_kg": 0.9630864788713465, "crew": "1인", "stop_id": "S019"}}, {"type": "Feature", "geometry": {"type": "Polygon", "coordinates": [[[-157.19280778357017, 21.20759033570654], [-157.19279930695362, 21.20759024497907], [-157.19279940581995, 21.207582122416046], [-157.19280788243603, 21.20758221314347], [-157.19280778357017, 21.20759033570654]]]}, "properties": {"item_id": "1302_6268_13050_278", "cls": "pet_bottle", "cls_raw": "PET_Bottle", "score": 0.1343039721250534, "area_m2": 0.791650090116459, "weight_est_kg": 1.5674671784305887, "weight_lo_kg": 1.3062226486921575, "weight_hi_kg": 2.612445297384315, "crew": "1인", "stop_id": "S019"}}, {"type": "Feature", "geometry": {"type": "Polygon", "coordinates": [[[-157.1939481451344, 21.209323277049165], [-157.1939401573765, 21.209323191602433], [-157.19394024783566, 21.209315755714123], [-157.19394823559318, 21.209315841160823], [-157.1939481451344, 21.209323277049165]]]}, "properties": {"item_id": "1302_62_3190_280", "cls": "eps_buoy", "cls_raw": "Styrofoam_Buoy", "score": 0.198614239692688, "area_m2": 0.6829200481297282, "weight_est_kg": 5.975550421135121, "weight_lo_kg": 2.5609501804864805, "weight_hi_kg": 6.829200481297281, "crew": "1인", "stop_id": "S021"}}, {"type": "Feature", "geometry": {"type": "Polygon", "coordinates": [[[-157.19398838502428, 21.209357566828658], [-157.19398020586198, 21.209357479336248], [-157.1939802877371, 21.209350748933062], [-157.19398846689904, 21.20935083642543], [-157.19398838502428, 21.209357566828658]]]}, "properties": {"item_id": "1302_62_3190_281", "cls": "plastic_buoy", "cls_raw": "Plastic_Buoy", "score": 0.18049991130828857, "area_m2": 0.6329390636490368, "weight_est_kg": 11.392903145682663, "weight_lo_kg": 5.696451572841331, "weight_hi_kg": 15.190537527576884, "crew": "1인", "stop_id": "S021"}}, {"type": "Feature", "geometry": {"type": "Polygon", "coordinates": [[[-157.1940053284642, 21.20935851370414], [-157.19399982430295, 21.209358454826784], [-157.19399987585115, 21.209354217351237], [-157.19400538001221, 21.209354276228577], [-157.1940053284642, 21.20935851370414]]]}, "properties": {"item_id": "1302_62_3190_282", "cls": "eps_fragment", "cls_raw": "Styrofoam_Piece", "score": 0.14925900101661682, "area_m2": 0.2681700857163142, "weight_est_kg": 0.1609020514297885, "weight_lo_kg": 0.10726803428652566, "weight_hi_kg": 0.5363401714326284, "crew": "1인", "stop_id": "S021"}}, {"type": "Feature", "geometry": {"type": "Polygon", "coordinates": [[[-157.19394305520717, 21.209411337272368], [-157.193921995203, 21.209411111986842], [-157.19392214638503, 21.209398684764512], [-157.19394320638742, 21.209398910049885], [-157.19394305520717, 21.209411337272368]]]}, "properties": {"item_id": "1302_62_3190_283", "cls": "eps_buoy", "cls_raw": "Styrofoam_Buoy", "score": 0.1151992529630661, "area_m2": 3.0091537964917743, "weight_est_kg": 26.33009571930302, "weight_lo_kg": 11.284326736844152, "weight_hi_kg": 30.091537964917748, "crew": "2인", "stop_id": "S021"}}, {"type": "Feature", "geometry": {"type": "Polygon", "coordinates": [[[-157.19395742241414, 21.20933670073117], [-157.1939520360508, 21.20933664311242], [-157.19395210209484, 21.209331214155682], [-157.193957488458, 21.209331271774417], [-157.19395742241414, 21.20933670073117]]]}, "properties": {"item_id": "1302_62_3190_284", "cls": "plastic_buoy", "cls_raw": "Plastic_Buoy_China", "score": 0.10429758578538895, "area_m2": 0.33622042577275046, "weight_est_kg": 6.051967663909508, "weight_lo_kg": 3.025983831954754, "weight_hi_kg": 8.06929021854601, "crew": "1인", "stop_id": "S021"}}, {"type": "Feature", "geometry": {"type": "Polygon", "coordinates": [[[-157.1926854705099, 21.207472187953247], [-157.1926796261328, 21.20747212539542], [-157.19267968278294, 21.207467471471524], [-157.19268552715985, 21.207467534029337], [-157.1926854705099, 21.207472187953247]]]}, "properties": {"item_id": "1302_7076_13781_288", "cls": "eps_fragment", "cls_raw": "Styrofoam_Piece", "score": 0.4674191176891327, "area_m2": 0.3127343189858677, "weight_est_kg": 0.18764059139152062, "weight_lo_kg": 0.12509372759434706, "weight_hi_kg": 0.6254686379717355, "crew": "1인", "stop_id": "S019"}}, {"type": "Feature", "geometry": {"type": "Polygon", "coordinates": [[[-157.19266233772814, 21.207457465753507], [-157.1926503850173, 21.207457337810702], [-157.19265054424184, 21.207444257379944], [-157.19266249695164, 21.20744438532266], [-157.19266233772814, 21.207457465753507]]]}, "properties": {"item_id": "1302_7076_13781_289", "cls": "eps_buoy", "cls_raw": "Styrofoam_Buoy", "score": 0.4072495996952057, "area_m2": 1.7976558338400719, "weight_est_kg": 15.729488546100628, "weight_lo_kg": 6.741209376900269, "weight_hi_kg": 17.976558338400718, "crew": "1인", "stop_id": "S019"}}, {"type": "Feature", "geometry": {"type": "Polygon", "coordinates": [[[-157.19268059842722, 21.207408976618723], [-157.19267299086755, 21.207408895187854], [-157.1926730730493, 21.207402143787135], [-157.19268068060862, 21.207402225217976], [-157.19268059842722, 21.207408976618723]]]}, "properties": {"item_id": "1302_7076_13781_290", "cls": "eps_buoy", "cls_raw": "Styrofoam_Buoy", "score": 0.27176806330680847, "area_m2": 0.5905510859073675, "weight_est_kg": 5.167322001689465, "weight_lo_kg": 2.214566572152628, "weight_hi_kg": 5.905510859073675, "crew": "1인", "stop_id": "S019"}}, {"type": "Feature", "geometry": {"type": "Polygon", "coordinates": [[[-157.19269467046976, 21.2074848014646], [-157.19268861018244, 21.20748473659598], [-157.19268865611485, 21.20748096313917], [-157.19269471640197, 21.207481028007773], [-157.19269467046976, 21.2074848014646]]]}, "properties": {"item_id": "1302_7076_13781_291", "cls": "plastic_buoy", "cls_raw": "Plastic_Buoy_China", "score": 0.22691459953784943, "area_m2": 0.2629363258215786, "weight_est_kg": 4.732853864788415, "weight_lo_kg": 2.3664269323942073, "weight_hi_kg": 6.310471819717886, "crew": "1인", "stop_id": "S019"}}, {"type": "Feature", "geometry": {"type": "Polygon", "coordinates": [[[-157.1927036409332, 21.207395655348794], [-157.19269664225928, 21.2073955804364], [-157.19269670907528, 21.207390091290808], [-157.1927037077489, 21.207390166203187], [-157.1927036409332, 21.207395655348794]]]}, "properties": {"item_id": "1302_7076_13781_292", "cls": "plastic_other", "cls_raw": "Plastic_ETC", "score": 0.1970968097448349, "area_m2": 0.4417115467013026, "weight_est_kg": 1.0601077120831262, "weight_lo_kg": 0.7067384747220841, "weight_hi_kg": 3.533692373610421, "crew": "1인", "stop_id": "S022"}}, {"type": "Feature", "geometry": {"type": "Polygon", "coordinates": [[[-157.19267629688028, 21.20743055722445], [-157.19267114199536, 21.207430502046723], [-157.19267119741824, 21.207425948954416], [-157.192676352303, 21.207426004132124], [-157.19267629688028, 21.20743055722445]]]}, "properties": {"item_id": "1302_7076_13781_293", "cls": "eps_fragment", "cls_raw": "Styrofoam_Piece", "score": 0.1758863627910614, "area_m2": 0.26986315227455643, "weight_est_kg": 0.16191789136473386, "weight_lo_kg": 0.10794526090982257, "weight_hi_kg": 0.5397263045491129, "crew": "1인", "stop_id": "S019"}}, {"type": "Feature", "geometry": {"type": "Polygon", "coordinates": [[[-157.192665687218, 21.207421792743364], [-157.19266168871414, 21.207421749943283], [-157.19266173662896, 21.207417813669352], [-157.19266573513275, 21.207417856469426], [-157.192665687218, 21.207421792743364]]]}, "properties": {"item_id": "1302_7076_13781_294", "cls": "eps_fragment", "cls_raw": "Styrofoam_Piece", "score": 0.1626424789428711, "area_m2": 0.18096768213515008, "weight_est_kg": 0.10858060928109003, "weight_lo_kg": 0.07238707285406003, "weight_hi_kg": 0.36193536427030015, "crew": "1인", "stop_id": "S019"}}, {"type": "Feature", "geometry": {"type": "Polygon", "coordinates": [[[-157.19265688106304, 21.20744389125724], [-157.19264566767765, 21.207443771227968], [-157.1926457287197, 21.207438756585773], [-157.1926569421047, 21.207438876615022], [-157.19265688106304, 21.20744389125724]]]}, "properties": {"item_id": "1302_7076_13781_295", "cls": "plastic_other", "cls_raw": "Plastic_ETC", "score": 0.1529988944530487, "area_m2": 0.6465391512559471, "weight_est_kg": 1.551693963014273, "weight_lo_kg": 1.0344626420095153, "weight_hi_kg": 5.172313210047577, "crew": "1인", "stop_id": "S019"}}, {"type": "Feature", "geometry": {"type": "Polygon", "coordinates": [[[-157.19262178984906, 21.20737976285831], [-157.19261036544827, 21.20737964056822], [-157.19261050295563, 21.207368344431767], [-157.19262192735553, 21.20736846672178], [-157.19262178984906, 21.20737976285831]]]}, "properties": {"item_id": "1302_7076_13781_296", "cls": "eps_buoy", "cls_raw": "Styrofoam_Buoy", "score": 0.11044097691774368, "area_m2": 1.4838216104511133, "weight_est_kg": 12.983439091447242, "weight_lo_kg": 5.564331039191674, "weight_hi_kg": 14.838216104511135, "crew": "1인", "stop_id": "S023"}}, {"type": "Feature", "geometry": {"type": "Polygon", "coordinates": [[[-157.19256624252654, 21.207289001748414], [-157.1925603438443, 21.207288938605586], [-157.1925604135949, 21.207283208771994], [-157.1925663122769, 21.2072832719148], [-157.19256624252654, 21.207289001748414]]]}, "properties": {"item_id": "1302_7568_14668_298", "cls": "plastic_other", "cls_raw": "Plastic_ETC", "score": 0.38177797198295593, "area_m2": 0.38861148441294546, "weight_est_kg": 0.9326675625910691, "weight_lo_kg": 0.6217783750607128, "weight_hi_kg": 3.1088918753035637, "crew": "1인", "stop_id": "S023"}}, {"type": "Feature", "geometry": {"type": "Polygon", "coordinates": [[[-157.1925543208995, 21.207316503298017], [-157.19254970956968, 21.207316453935384], [-157.19254976337388, 21.20731203409116], [-157.19255437470355, 21.20731208345379], [-157.1925543208995, 21.207316503298017]]]}, "properties": {"item_id": "1302_7568_14668_299", "cls": "eps_fragment", "cls_raw": "Styrofoam_Piece", "score": 0.2513159513473511, "area_m2": 0.23434284110522133, "weight_est_kg": 0.1406057046631328, "weight_lo_kg": 0.09373713644208853, "weight_hi_kg": 0.46868568221044266, "crew": "1인", "stop_id": "S023"}}, {"type": "Feature", "geometry": {"type": "Polygon", "coordinates": [[[-157.19258484334836, 21.20728205465049], [-157.19258107650052, 21.20728201432848], [-157.19258113265587, 21.207277401254377], [-157.19258489950363, 21.207277441576387], [-157.19258484334836, 21.20728205465049]]]}, "properties": {"item_id": "1302_7568_14668_300", "cls": "eps_fragment", "cls_raw": "Styrofoam_Piece", "score": 0.23863700032234192, "area_m2": 0.19979615903650716, "weight_est_kg": 0.11987769542190428, "weight_lo_kg": 0.07991846361460286, "weight_hi_kg": 0.3995923180730143, "crew": "1인", "stop_id": "S023"}}, {"type": "Feature", "geometry": {"type": "Polygon", "coordinates": [[[-157.19258805270118, 21.207312475043796], [-157.19258370558182, 21.207312428510317], [-157.19258377072424, 21.207307077165098], [-157.19258811784343, 21.20730712369857], [-157.19258805270118, 21.207312475043796]]]}, "properties": {"item_id": "1302_7568_14668_301", "cls": "eps_fragment", "cls_raw": "Styrofoam_Piece", "score": 0.15449605882167816, "area_m2": 0.2674749220836175, "weight_est_kg": 0.1604849532501705, "weight_lo_kg": 0.106989968833447, "weight_hi_kg": 0.534949844167235, "crew": "1인", "stop_id": "S023"}}, {"type": "Feature", "geometry": {"type": "Polygon", "coordinates": [[[-157.19255097433637, 21.207317654789918], [-157.19254319594944, 21.20731757152484], [-157.19254327512553, 21.20731106748484], [-157.1925510535121, 21.207311150749906], [-157.19255097433637, 21.207317654789918]]]}, "properties": {"item_id": "1302_7568_14668_302", "cls": "plastic_other", "cls_raw": "Plastic_ETC", "score": 0.15285669267177582, "area_m2": 0.58168958445746, "weight_est_kg": 1.3960550026979042, "weight_lo_kg": 0.930703335131936, "weight_hi_kg": 4.65351667565968, "crew": "1인", "stop_id": "S023"}}, {"type": "Feature", "geometry": {"type": "Polygon", "coordinates": [[[-157.19252182027174, 21.20731118094592], [-157.19251597755908, 21.20731111840063], [-157.19251604573066, 21.20730551842514], [-157.19252188844308, 21.207305580970406], [-157.19252182027174, 21.20731118094592]]]}, "properties": {"item_id": "1302_7568_14668_303", "cls": "pet_bottle", "cls_raw": "PET_Bottle", "score": 0.15207405388355255, "area_m2": 0.3762003802434545, "weight_est_kg": 0.7448767528820398, "weight_lo_kg": 0.6207306274016999, "weight_hi_kg": 1.2414612548033999, "crew": "1인", "stop_id": "S023"}}, {"type": "Feature", "geometry": {"type": "Polygon", "coordinates": [[[-157.19211050233042, 21.20655402722254], [-157.19210423859204, 21.20655396015689], [-157.1921042844234, 21.206550196035508], [-157.19211054816162, 21.206550263101143], [-157.19211050233042, 21.20655402722254]]]}, "properties": {"item_id": "1512_10078_3657_305", "cls": "eps_fragment", "cls_raw": "Styrofoam_Piece", "score": 0.3258158564567566, "area_m2": 0.2710929211483079, "weight_est_kg": 0.16265575268898474, "weight_lo_kg": 0.10843716845932316, "weight_hi_kg": 0.5421858422966158, "crew": "1인", "stop_id": "S024"}}, {"type": "Feature", "geometry": {"type": "Polygon", "coordinates": [[[-157.19215029517517, 21.206579708572775], [-157.19214614064882, 21.206579664091354], [-157.19214619695208, 21.206575039812034], [-157.19215035147832, 21.206575084293437], [-157.19215029517517, 21.206579708572775]]]}, "properties": {"item_id": "1512_10078_3657_306", "cls": "plastic_buoy", "cls_raw": "Plastic_Buoy", "score": 0.2931917905807495, "area_m2": 0.220895276227788, "weight_est_kg": 3.976114972100184, "weight_lo_kg": 1.988057486050092, "weight_hi_kg": 5.301486629466912, "crew": "1인", "stop_id": "S024"}}, {"type": "Feature", "geometry": {"type": "Polygon", "coordinates": [[[-157.1921114463209, 21.206560380656985], [-157.19210494938542, 21.20656031109453], [-157.19210502483463, 21.206554114464574], [-157.19211152176985, 21.206554184027], [-157.1921114463209, 21.206560380656985]]]}, "properties": {"item_id": "1512_10078_3657_307", "cls": "eps_fragment", "cls_raw": "Styrofoam_Piece", "score": 0.2465125173330307, "area_m2": 0.46289772305723603, "weight_est_kg": 0.2777386338343416, "weight_lo_kg": 0.1851590892228944, "weight_hi_kg": 0.9257954461144722, "crew": "1인", "stop_id": "S024"}}, {"type": "Feature", "geometry": {"type": "Polygon", "coordinates": [[[-157.1920935982548, 21.206528289386032], [-157.19208872085485, 21.206528237163457], [-157.1920887813636, 21.20652326762721], [-157.19209365876338, 21.206523319849776], [-157.1920935982548, 21.206528289386032]]]}, "properties": {"item_id": "1512_10078_3657_308", "cls": "eps_fragment", "cls_raw": "Styrofoam_Piece", "score": 0.2341952621936798, "area_m2": 0.27869248616702325, "weight_est_kg": 0.16721549170021394, "weight_lo_kg": 0.11147699446680931, "weight_hi_kg": 0.5573849723340465, "crew": "1인", "stop_id": "S024"}}, {"type": "Feature", "geometry": {"type": "Polygon", "coordinates": [[[-157.1921409186356, 21.206575321608874], [-157.19213507335505, 21.20657525902466], [-157.19213514475894, 21.206569394542665], [-157.19214099003926, 21.206569457126868], [-157.1921409186356, 21.206575321608874]]]}, "properties": {"item_id": "1512_10078_3657_309", "cls": "plastic_other", "cls_raw": "Plastic_ETC", "score": 0.20538997650146484, "area_m2": 0.3941448789856445, "weight_est_kg": 0.9459477095655467, "weight_lo_kg": 0.6306318063770312, "weight_hi_kg": 3.153159031885156, "crew": "1인", "stop_id": "S024"}}, {"type": "Feature", "geometry": {"type": "Polygon", "coordinates": [[[-157.19205410558752, 21.206541629219476], [-157.1920502683297, 21.20654158813285], [-157.19205031329014, 21.20653789564591], [-157.1920541505479, 21.20653793673253], [-157.19205410558752, 21.206541629219476]]]}, "properties": {"item_id": "1512_10078_3657_310", "cls": "eps_fragment", "cls_raw": "Styrofoam_Piece", "score": 0.15314503014087677, "area_m2": 0.16291495662931677, "weight_est_kg": 0.09774897397759005, "weight_lo_kg": 0.06516598265172671, "weight_hi_kg": 0.32582991325863353, "crew": "1인", "stop_id": "S024"}}, {"type": "Feature", "geometry": {"type": "Polygon", "coordinates": [[[-157.1921184875412, 21.206574290207463], [-157.19211465166958, 21.206574249137084], [-157.19211468978713, 21.206571118535383], [-157.19211852565866, 21.20657115960575], [-157.1921184875412, 21.206574290207463]]]}, "properties": {"item_id": "1512_10078_3657_311", "cls": "eps_fragment", "cls_raw": "Styrofoam_Piece", "score": 0.14526377618312836, "area_m2": 0.13807427267435643, "weight_est_kg": 0.08284456360461386, "weight_lo_kg": 0.055229709069742575, "weight_hi_kg": 0.27614854534871286, "crew": "1인", "stop_id": "S024"}}, {"type": "Feature", "geometry": {"type": "Polygon", "coordinates": [[[-157.1920474675979, 21.20652870841233], [-157.19203749437284, 21.206528601625603], [-157.1920375810937, 21.206521479509462], [-157.1920475543183, 21.206521586296148], [-157.1920474675979, 21.20652870841233]]]}, "properties": {"item_id": "1512_10078_3657_312", "cls": "rope", "cls_raw": "Rope", "score": 0.12814508378505707, "area_m2": 0.8167059578182342, "weight_est_kg": 9.80047149381881, "weight_lo_kg": 6.5336476625458735, "weight_hi_kg": 16.334119156364686, "crew": "1인", "stop_id": "S024"}}, {"type": "Feature", "geometry": {"type": "Polygon", "coordinates": [[[-157.1921495052058, 21.20656178270214], [-157.1921426353098, 21.20656170914795], [-157.1921427043029, 21.206556042637384], [-157.19214957419865, 21.206556116191557], [-157.1921495052058, 21.20656178270214]]]}, "properties": {"item_id": "1512_10078_3657_313", "cls": "eps_fragment", "cls_raw": "Styrofoam_Piece", "score": 0.1257898211479187, "area_m2": 0.4475965937842796, "weight_est_kg": 0.2685579562705677, "weight_lo_kg": 0.17903863751371182, "weight_hi_kg": 0.8951931875685593, "crew": "1인", "stop_id": "S024"}}, {"type": "Feature", "geometry": {"type": "Polygon", "coordinates": [[[-157.1921224514582, 21.206522385084046], [-157.19211778946254, 21.206522335168614], [-157.1921178342446, 21.206518657189193], [-157.19212249624022, 21.20651870710461], [-157.1921224514582, 21.206522385084046]]]}, "properties": {"item_id": "1512_10078_3657_314", "cls": "eps_fragment", "cls_raw": "Styrofoam_Piece", "score": 0.10952772200107574, "area_m2": 0.19715245676045548, "weight_est_kg": 0.11829147405627329, "weight_lo_kg": 0.07886098270418221, "weight_hi_kg": 0.39430491352091096, "crew": "1인", "stop_id": "S024"}}, {"type": "Feature", "geometry": {"type": "Polygon", "coordinates": [[[-157.19189764738258, 21.20636648181303], [-157.19189117764785, 21.20636641253413], [-157.1918912641818, 21.20635930628205], [-157.19189773391625, 21.206359375560925], [-157.19189764738258, 21.20636648181303]]]}, "properties": {"item_id": "1512_10986_4514_324", "cls": "eps_buoy", "cls_raw": "Styrofoam_Buoy", "score": 0.3999004364013672, "area_m2": 0.5286261874349238, "weight_est_kg": 4.6254791400555835, "weight_lo_kg": 1.9823482028809642, "weight_hi_kg": 5.286261874349239, "crew": "1인", "stop_id": "S025"}}, {"type": "Feature", "geometry": {"type": "Polygon", "coordinates": [[[-157.19193157799697, 21.2064247394719], [-157.19192506555612, 21.206424669736837], [-157.1919251547747, 21.20641734290427], [-157.19193166721524, 21.2064174126393], [-157.19193157799697, 21.2064247394719]]]}, "properties": {"item_id": "1512_10986_4514_325", "cls": "eps_fragment", "cls_raw": "Styrofoam_Piece", "score": 0.30451491475105286, "area_m2": 0.5486324156091981, "weight_est_kg": 0.3291794493655188, "weight_lo_kg": 0.21945296624367922, "weight_hi_kg": 1.0972648312183961, "crew": "1인", "stop_id": "S024"}}, {"type": "Feature", "geometry": {"type": "Polygon", "coordinates": [[[-157.1919501449934, 21.20641788800371], [-157.19194375592545, 21.206417819590463], [-157.1919438274355, 21.206411946963566], [-157.1919502165032, 21.206412015376813], [-157.1919501449934, 21.20641788800371]]]}, "properties": {"item_id": "1512_10986_4514_326", "cls": "plastic_other", "cls_raw": "Plastic_ETC", "score": 0.2121862769126892, "area_m2": 0.43141111725579484, "weight_est_kg": 1.0353866814139077, "weight_lo_kg": 0.6902577876092718, "weight_hi_kg": 3.451288938046359, "crew": "1인", "stop_id": "S024"}}, {"type": "Feature", "geometry": {"type": "Polygon", "coordinates": [[[-157.1919722446541, 21.206431447830163], [-157.19196705673784, 21.206431392279345], [-157.19196713004584, 21.20642537192517], [-157.1919723179619, 21.206425427475974], [-157.1919722446541, 21.206431447830163]]]}, "properties": {"item_id": "1512_10986_4514_327", "cls": "eps_fragment", "cls_raw": "Styrofoam_Piece", "score": 0.17549645900726318, "area_m2": 0.35911732915920047, "weight_est_kg": 0.21547039749552027, "weight_lo_kg": 0.1436469316636802, "weight_hi_kg": 0.7182346583184009, "crew": "1인", "stop_id": "S024"}}, {"type": "Feature", "geometry": {"type": "Polygon", "coordinates": [[[-157.1919521392394, 21.206408135295835], [-157.19194742293536, 21.20640808479439], [-157.1919474676699, 21.206404411043007], [-157.19195218397388, 21.206404461544427], [-157.1919521392394, 21.206408135295835]]]}, "properties": {"item_id": "1512_10986_4514_328", "cls": "eps_fragment", "cls_raw": "Styrofoam_Piece", "score": 0.15137356519699097, "area_m2": 0.19922003071387592, "weight_est_kg": 0.11953201842832556, "weight_lo_kg": 0.07968801228555036, "weight_hi_kg": 0.3984400614277519, "crew": "1인", "stop_id": "S024"}}, {"type": "Feature", "geometry": {"type": "Polygon", "coordinates": [[[-157.19189509218393, 21.206379194722118], [-157.1918899276508, 21.206379139419425], [-157.19188997332475, 21.206375388637515], [-157.19189513785773, 21.206375443940207], [-157.19189509218393, 21.206379194722118]]]}, "properties": {"item_id": "1512_10986_4514_329", "cls": "eps_fragment", "cls_raw": "Styrofoam_Piece", "score": 0.13089598715305328, "area_m2": 0.22272780219918065, "weight_est_kg": 0.13363668131950837, "weight_lo_kg": 0.08909112087967226, "weight_hi_kg": 0.4454556043983613, "crew": "1인", "stop_id": "S025"}}, {"type": "Feature", "geometry": {"type": "Polygon", "coordinates": [[[-157.1916169486679, 21.206207334446084], [-157.19160986455347, 21.20620725857696], [-157.19160993946556, 21.20620110763214], [-157.19161702357974, 21.20620118350123], [-157.1916169486679, 21.206207334446084]]]}, "properties": {"item_id": "1512_12525_5596_337", "cls": "plastic_other", "cls_raw": "Plastic_ETC", "score": 0.4278865456581116, "area_m2": 0.5010136766732984, "weight_est_kg": 1.2024328240159161, "weight_lo_kg": 0.8016218826772775, "weight_hi_kg": 4.0081094133863875, "crew": "1인", "stop_id": "S026"}}, {"type": "Feature", "geometry": {"type": "Polygon", "coordinates": [[[-157.1916136580782, 21.206200082681335], [-157.1916079886121, 21.206200021962694], [-157.1916080313509, 21.20619651272943], [-157.19161370081693, 21.206196573448068], [-157.1916136580782, 21.206200082681335]]]}, "properties": {"item_id": "1512_12525_5596_338", "cls": "net", "cls_raw": "Net", "score": 0.2650776505470276, "area_m2": 0.22875816542660912, "weight_est_kg": 4.117646977678964, "weight_lo_kg": 1.7156862406995685, "weight_hi_kg": 10.29411744419741, "crew": "1인", "stop_id": "S026"}}, {"type": "Feature", "geometry": {"type": "Polygon", "coordinates": [[[-157.19163633451683, 21.206214787590966], [-157.19163235515109, 21.206214744973423], [-157.19163240395028, 21.206210738081058], [-157.1916363833159, 21.206210780698594], [-157.19163633451683, 21.206214787590966]]]}, "properties": {"item_id": "1512_12525_5596_339", "cls": "eps_fragment", "cls_raw": "Styrofoam_Piece", "score": 0.18358834087848663, "area_m2": 0.18333428283338332, "weight_est_kg": 0.11000056970003, "weight_lo_kg": 0.07333371313335334, "weight_hi_kg": 0.3666685656667667, "crew": "1인", "stop_id": "S026"}}, {"type": "Feature", "geometry": {"type": "Polygon", "coordinates": [[[-157.19162608221356, 21.206188545280295], [-157.19161330061993, 21.206188408393157], [-157.1916134374253, 21.206177175429193], [-157.19162621901796, 21.206177312316257], [-157.19162608221356, 21.206188545280295]]]}, "properties": {"item_id": "1512_12525_5596_340", "cls": "eps_buoy", "cls_raw": "Styrofoam_Buoy", "score": 0.14383898675441742, "area_m2": 1.6508271539215376, "weight_est_kg": 14.444737596813454, "weight_lo_kg": 6.190601827205765, "weight_hi_kg": 16.50827153921538, "crew": "1인", "stop_id": "S026"}}, {"type": "Feature", "geometry": {"type": "Polygon", "coordinates": [[[-157.19161651494545, 21.206201589550208], [-157.19161257854793, 21.2062015473924], [-157.19161262004306, 21.206198140269464], [-157.19161655644047, 21.20619818242727], [-157.19161651494545, 21.206201589550208]]]}, "properties": {"item_id": "1512_12525_5596_341", "cls": "eps_fragment", "cls_raw": "Styrofoam_Piece", "score": 0.12046867609024048, "area_m2": 0.15420872531835095, "weight_est_kg": 0.09252523519101055, "weight_lo_kg": 0.06168349012734038, "weight_hi_kg": 0.3084174506367019, "crew": "1인", "stop_id": "S026"}}, {"type": "Feature", "geometry": {"type": "Polygon", "coordinates": [[[-157.1925684630058, 21.207239717655863], [-157.19256490621538, 21.207239679582102], [-157.19256496359995, 21.207234965560694], [-157.1925685203903, 21.207235003634445], [-157.1925684630058, 21.207239717655863]]]}, "properties": {"item_id": "1512_7470_-246_347", "cls": "eps_fragment", "cls_raw": "Styrofoam_Piece", "score": 0.2343948483467102, "area_m2": 0.19278293581609748, "weight_est_kg": 0.11566976148965848, "weight_lo_kg": 0.077113174326439, "weight_hi_kg": 0.38556587163219497, "crew": "1인", "stop_id": "S023"}}, {"type": "Feature", "geometry": {"type": "Polygon", "coordinates": [[[-157.1925311478301, 21.20722234554692], [-157.19252487158306, 21.20722227836128], [-157.19252497669095, 21.207213644161378], [-157.19253125293756, 21.207213711346974], [-157.1925311478301, 21.20722234554692]]]}, "properties": {"item_id": "1512_7470_-246_348", "cls": "eps_fragment", "cls_raw": "Styrofoam_Piece", "score": 0.21419700980186462, "area_m2": 0.623075898683226, "weight_est_kg": 0.3738455392099356, "weight_lo_kg": 0.24923035947329042, "weight_hi_kg": 1.2461517973664522, "crew": "1인", "stop_id": "S023"}}, {"type": "Feature", "geometry": {"type": "Polygon", "coordinates": [[[-157.19255796647744, 21.20724017891893], [-157.19255333931466, 21.20724012938705], [-157.19255338735405, 21.207236183081385], [-157.1925580145167, 21.20723623261326], [-157.19255796647744, 21.20724017891893]]]}, "properties": {"item_id": "1512_7470_-246_349", "cls": "plastic_buoy", "cls_raw": "Plastic_Buoy", "score": 0.17973855137825012, "area_m2": 0.2099540519714877, "weight_est_kg": 3.7791729354867782, "weight_lo_kg": 1.8895864677433891, "weight_hi_kg": 5.038897247315705, "crew": "1인", "stop_id": "S023"}}, {"type": "Feature", "geometry": {"type": "Polygon", "coordinates": [[[-157.19252990177378, 21.20725351446896], [-157.19252125372822, 21.20725342189359], [-157.19252135893478, 21.20724477961308], [-157.1925300069799, 21.20724487218843], [-157.19252990177378, 21.20725351446896]]]}, "properties": {"item_id": "1512_7470_-246_350", "cls": "plastic_buoy", "cls_raw": "Plastic_Buoy", "score": 0.17200811207294464, "area_m2": 0.8593400772156465, "weight_est_kg": 15.468121389881638, "weight_lo_kg": 7.734060694940819, "weight_hi_kg": 20.62416185317552, "crew": "1인", "stop_id": "S023"}}, {"type": "Feature", "geometry": {"type": "Polygon", "coordinates": [[[-157.19243721481575, 21.20706480757255], [-157.1924310231718, 21.207064741289518], [-157.192431098758, 21.20705853244967], [-157.19243729040167, 21.20705859873267], [-157.19243721481575, 21.20706480757255]]]}, "properties": {"item_id": "1512_8255_789_353", "cls": "plastic_other", "cls_raw": "Plastic_ETC", "score": 0.4713701009750366, "area_m2": 0.4420137248040344, "weight_est_kg": 1.0608329395296825, "weight_lo_kg": 0.707221959686455, "weight_hi_kg": 3.5361097984322756, "crew": "1인", "stop_id": "S027"}}, {"type": "Feature", "geometry": {"type": "Polygon", "coordinates": [[[-157.19240246955297, 21.207020207233928], [-157.1923984611502, 21.207020164322284], [-157.19239850455514, 21.207016598986375], [-157.19240251295784, 21.207016641898008], [-157.19240246955297, 21.207020207233928]]]}, "properties": {"item_id": "1512_8255_789_354", "cls": "plastic_buoy", "cls_raw": "Plastic_Buoy", "score": 0.2474498152732849, "area_m2": 0.16432032188479215, "weight_est_kg": 2.9577657939262587, "weight_lo_kg": 1.4788828969631294, "weight_hi_kg": 3.9436877252350113, "crew": "1인", "stop_id": "S027"}}, {"type": "Feature", "geometry": {"type": "Polygon", "coordinates": [[[-157.19238740460943, 21.20703735272591], [-157.1923786427792, 21.20703725892587], [-157.19237873312682, 21.207029837748067], [-157.19238749495668, 21.20702993154807], [-157.19238740460943, 21.20703735272591]]]}, "properties": {"item_id": "1512_8255_789_355", "cls": "plastic_other", "cls_raw": "Plastic_ETC", "score": 0.2214096188545227, "area_m2": 0.7476306549312541, "weight_est_kg": 1.7943135718350098, "weight_lo_kg": 1.1962090478900067, "weight_hi_kg": 5.981045239450033, "crew": "1인", "stop_id": "S027"}}, {"type": "Feature", "geometry": {"type": "Polygon", "coordinates": [[[-157.1923894950065, 21.20705771756826], [-157.19238495143492, 21.207057668926993], [-157.1923850011389, 21.207053586220884], [-157.19238954471035, 21.207053634862145], [-157.1923894950065, 21.20705771756826]]]}, "properties": {"item_id": "1512_8255_789_356", "cls": "plastic_other", "cls_raw": "Plastic_ETC", "score": 0.11114601045846939, "area_m2": 0.21328723289077814, "weight_est_kg": 0.5118893589378675, "weight_lo_kg": 0.341259572625245, "weight_hi_kg": 1.7062978631262251, "crew": "1인", "stop_id": "S027"}}, {"type": "Feature", "geometry": {"type": "Polygon", "coordinates": [[[-157.19246494643102, 21.207062119146205], [-157.19242654850223, 21.207061708089892], [-157.1924266521369, 21.20705319529829], [-157.19246505006345, 21.20705360635442], [-157.19246494643102, 21.207062119146205]]]}, "properties": {"item_id": "1512_8255_789_357", "cls": "plastic_other", "cls_raw": "Plastic_ETC", "score": 0.10444823652505875, "area_m2": 3.7583665193541, "weight_est_kg": 9.020079646449839, "weight_lo_kg": 6.01338643096656, "weight_hi_kg": 30.0669321548328, "crew": "2인", "stop_id": "S027"}}, {"type": "Feature", "geometry": {"type": "Polygon", "coordinates": [[[-157.19238724595735, 21.20700489286406], [-157.1923781851508, 21.20700479586342], [-157.19237831568, 21.20699407414767], [-157.1923873764859, 21.206994171148267], [-157.19238724595735, 21.20700489286406]]]}, "properties": {"item_id": "1512_8524_1127_360", "cls": "eps_buoy", "cls_raw": "Styrofoam_Buoy", "score": 0.34954705834388733, "area_m2": 1.116993553579131, "weight_est_kg": 9.773693593817397, "weight_lo_kg": 4.1887258259217415, "weight_hi_kg": 11.169935535791312, "crew": "1인", "stop_id": "S027"}}, {"type": "Feature", "geometry": {"type": "Polygon", "coordinates": [[[-157.19238738918287, 21.207037256208938], [-157.19237857978788, 21.20703716189968], [-157.1923786687312, 21.207029856072147], [-157.19238747812577, 21.207029950381365], [-157.19238738918287, 21.207037256208938]]]}, "properties": {"item_id": "1512_8524_1127_361", "cls": "plastic_other", "cls_raw": "Plastic_ETC", "score": 0.2849586606025696, "area_m2": 0.7400054635720303, "weight_est_kg": 1.7760131125728729, "weight_lo_kg": 1.1840087417152485, "weight_hi_kg": 5.920043708576243, "crew": "1인", "stop_id": "S027"}}, {"type": "Feature", "geometry": {"type": "Polygon", "coordinates": [[[-157.19234580932968, 21.20696995528785], [-157.1923410093159, 21.20696990390016], [-157.19234104136697, 21.206967271266087], [-157.19234584138061, 21.20696732265377], [-157.19234580932968, 21.20696995528785]]]}, "properties": {"item_id": "1512_8524_1127_362", "cls": "eps_fragment", "cls_raw": "Styrofoam_Piece", "score": 0.2466694414615631, "area_m2": 0.14529565219882762, "weight_est_kg": 0.08717739131929657, "weight_lo_kg": 0.05811826087953105, "weight_hi_kg": 0.29059130439765524, "crew": "1인", "stop_id": "S027"}}, {"type": "Feature", "geometry": {"type": "Polygon", "coordinates": [[[-157.1923634870579, 21.206990519004844], [-157.19235400581144, 21.206990417501885], [-157.19235411890602, 21.206981127988247], [-157.19236360015188, 21.206981229491152], [-157.1923634870579, 21.206990519004844]]]}, "properties": {"item_id": "1512_8524_1127_363", "cls": "eps_buoy", "cls_raw": "Styrofoam_Buoy", "score": 0.1878567636013031, "area_m2": 1.012693416524185, "weight_est_kg": 8.861067394586618, "weight_lo_kg": 3.797600311965694, "weight_hi_kg": 10.12693416524185, "crew": "1인", "stop_id": "S027"}}, {"type": "Feature", "geometry": {"type": "Polygon", "coordinates": [[[-157.1923592967351, 21.206950993246238], [-157.19235444824028, 21.20695094133995], [-157.19235449267444, 21.206947291537737], [-157.19235934116915, 21.206947343444018], [-157.1923592967351, 21.206950993246238]]]}, "properties": {"item_id": "1512_8524_1127_364", "cls": "eps_fragment", "cls_raw": "Styrofoam_Piece", "score": 0.17114925384521484, "area_m2": 0.20346792418961812, "weight_est_kg": 0.12208075451377087, "weight_lo_kg": 0.08138716967584725, "weight_hi_kg": 0.40693584837923624, "crew": "1인", "stop_id": "S027"}}, {"type": "Feature", "geometry": {"type": "Polygon", "coordinates": [[[-157.19233560056924, 21.206948580956908], [-157.19232839655268, 21.20694850383217], [-157.19232847847223, 21.206941775097857], [-157.19233568248848, 21.206941852222553], [-157.19233560056924, 21.206948580956908]]]}, "properties": {"item_id": "1512_8524_1127_365", "cls": "eps_fragment", "cls_raw": "Styrofoam_Piece", "score": 0.12308958172798157, "area_m2": 0.5573497249604656, "weight_est_kg": 0.3344098349762794, "weight_lo_kg": 0.22293988998418626, "weight_hi_kg": 1.1146994499209313, "crew": "1인", "stop_id": "S027"}}, {"type": "Feature", "geometry": {"type": "Polygon", "coordinates": [[[-157.19236681802502, 21.206976590424627], [-157.19235929817077, 21.20697650991988], [-157.19235938897137, 21.206969051591027], [-157.19236690882522, 21.206969132095733], [-157.19236681802502, 21.206976590424627]]]}, "properties": {"item_id": "1512_8524_1127_366", "cls": "plastic_other", "cls_raw": "Plastic_ETC", "score": 0.1177142933011055, "area_m2": 0.6448676081003362, "weight_est_kg": 1.5476822594408068, "weight_lo_kg": 1.0317881729605378, "weight_hi_kg": 5.158940864802689, "crew": "1인", "stop_id": "S027"}}, {"type": "Feature", "geometry": {"type": "Polygon", "coordinates": [[[-157.19239004447428, 21.207057668016454], [-157.1923849642889, 21.20705761363046], [-157.19238501527678, 21.20705342546474], [-157.192390095462, 21.207053479850714], [-157.19239004447428, 21.207057668016454]]]}, "properties": {"item_id": "1512_8524_1127_367", "cls": "plastic_other", "cls_raw": "Plastic_ETC", "score": 0.11404474824666977, "area_m2": 0.24463736256739613, "weight_est_kg": 0.5871296701617507, "weight_lo_kg": 0.39141978010783385, "weight_hi_kg": 1.9570989005391692, "crew": "1인", "stop_id": "S027"}}, {"type": "Feature", "geometry": {"type": "Polygon", "coordinates": [[[-157.19239499434002, 21.20700443865184], [-157.19239142461217, 21.207004400436276], [-157.1923914626567, 21.20700127542345], [-157.19239503238447, 21.20700131363901], [-157.19239499434002, 21.20700443865184]]]}, "properties": {"item_id": "1512_8524_1127_368", "cls": "net", "cls_raw": "Net", "score": 0.11231440305709839, "area_m2": 0.12826448640826552, "weight_est_kg": 2.3087607553487794, "weight_lo_kg": 0.9619836480619914, "weight_hi_kg": 5.771901888371948, "crew": "1인", "stop_id": "S027"}}, {"type": "Feature", "geometry": {"type": "Polygon", "coordinates": [[[-157.19236784268207, 21.206979080995712], [-157.19236244433554, 21.206979023203104], [-157.19236250597413, 21.206973960226428], [-157.19236790432043, 21.20697401801902], [-157.19236784268207, 21.206979080995712]]]}, "properties": {"item_id": "1512_8524_1127_369", "cls": "eps_fragment", "cls_raw": "Styrofoam_Piece", "score": 0.10577299445867538, "area_m2": 0.31425796031959713, "weight_est_kg": 0.18855477619175828, "weight_lo_kg": 0.12570318412783885, "weight_hi_kg": 0.6285159206391943, "crew": "1인", "stop_id": "S027"}}, {"type": "Feature", "geometry": {"type": "Polygon", "coordinates": [[[-157.1921673803621, 21.206596758159005], [-157.1921623709169, 21.20659670452466], [-157.19216242859946, 21.206591966923483], [-157.1921674380445, 21.206592020557814], [-157.1921673803621, 21.206596758159005]]]}, "properties": {"item_id": "1512_9694_3394_373", "cls": "eps_fragment", "cls_raw": "Styrofoam_Piece", "score": 0.47080597281455994, "area_m2": 0.27287825363881213, "weight_est_kg": 0.16372695218328726, "weight_lo_kg": 0.10915130145552485, "weight_hi_kg": 0.5457565072776243, "crew": "1인", "stop_id": "S024"}}, {"type": "Feature", "geometry": {"type": "Polygon", "coordinates": [[[-157.19219151773405, 21.206613305476097], [-157.19218325800287, 21.20661321704315], [-157.19218333404032, 21.206606971846462], [-157.19219159377116, 21.206607060279385], [-157.19219151773405, 21.206613305476097]]]}, "properties": {"item_id": "1512_9694_3394_374", "cls": "plastic_other", "cls_raw": "Plastic_ETC", "score": 0.33235907554626465, "area_m2": 0.5931066209079309, "weight_est_kg": 1.423455890179034, "weight_lo_kg": 0.9489705934526894, "weight_hi_kg": 4.744852967263447, "crew": "1인", "stop_id": "S024"}}, {"type": "Feature", "geometry": {"type": "Polygon", "coordinates": [[[-157.19215120575916, 21.20657974796695], [-157.19214604790747, 21.20657969274321], [-157.19214610313918, 21.206575156474486], [-157.19215126099073, 21.206575211698212], [-157.19215120575916, 21.20657974796695]]]}, "properties": {"item_id": "1512_9694_3394_375", "cls": "plastic_buoy", "cls_raw": "Plastic_Buoy", "score": 0.32817062735557556, "area_m2": 0.269022421646185, "weight_est_kg": 4.84240358963133, "weight_lo_kg": 2.421201794815665, "weight_hi_kg": 6.456538119508441, "crew": "1인", "stop_id": "S024"}}, {"type": "Feature", "geometry": {"type": "Polygon", "coordinates": [[[-157.1921105802267, 21.20655392413574], [-157.19210410542797, 21.206553854810277], [-157.19210414898768, 21.2065502772601], [-157.19211062378625, 21.206550346585534], [-157.1921105802267, 21.20655392413574]]]}, "properties": {"item_id": "1512_9694_3394_376", "cls": "eps_fragment", "cls_raw": "Styrofoam_Piece", "score": 0.26512837409973145, "area_m2": 0.2663378907681173, "weight_est_kg": 0.1598027344608704, "weight_lo_kg": 0.10653515630724694, "weight_hi_kg": 0.5326757815362346, "crew": "1인", "stop_id": "S024"}}, {"type": "Feature", "geometry": {"type": "Polygon", "coordinates": [[[-157.19219363684337, 21.206618490776613], [-157.19218876384866, 21.206618438603908], [-157.192188812794, 21.206614418558793], [-157.19219368578857, 21.20661447073148], [-157.19219363684337, 21.206618490776613]]]}, "properties": {"item_id": "1512_9694_3394_377", "cls": "eps_fragment", "cls_raw": "Styrofoam_Piece", "score": 0.2580777406692505, "area_m2": 0.22524107261454693, "weight_est_kg": 0.13514464356872816, "weight_lo_kg": 0.09009642904581878, "weight_hi_kg": 0.45048214522909386, "crew": "1인", "stop_id": "S024"}}, {"type": "Feature", "geometry": {"type": "Polygon", "coordinates": [[[-157.19213755170387, 21.206623397437944], [-157.19212858351173, 21.206623301416908], [-157.19212864764856, 21.206618033817588], [-157.19213761584038, 21.206618129838585], [-157.19213755170387, 21.206623397437944]]]}, "properties": {"item_id": "1512_9694_3394_378", "cls": "pet_bottle", "cls_raw": "PET_Bottle", "score": 0.19332429766654968, "area_m2": 0.5431732504965224, "weight_est_kg": 1.0754830359831145, "weight_lo_kg": 0.8962358633192621, "weight_hi_kg": 1.7924717266385242, "crew": "1인", "stop_id": "S024"}}, {"type": "Feature", "geometry": {"type": "Polygon", "coordinates": [[[-157.19214095882617, 21.206575285229185], [-157.19213487225483, 21.20657522006151], [-157.1921349436893, 21.206569353067422], [-157.1921410302604, 21.20656941823507], [-157.19214095882617, 21.206575285229185]]]}, "properties": {"item_id": "1512_9694_3394_379", "cls": "plastic_other", "cls_raw": "Plastic_ETC", "score": 0.18550918996334076, "area_m2": 0.4105908260584898, "weight_est_kg": 0.9854179825403754, "weight_lo_kg": 0.6569453216935837, "weight_hi_kg": 3.2847266084679183, "crew": "1인", "stop_id": "S024"}}, {"type": "Feature", "geometry": {"type": "Polygon", "coordinates": [[[-157.19211147730877, 21.206560424991544], [-157.1921049838413, 21.206560355466205], [-157.1921050613186, 21.2065539922682], [-157.1921115547858, 21.206554061793515], [-157.19211147730877, 21.206560424991544]]]}, "properties": {"item_id": "1512_9694_3394_380", "cls": "eps_fragment", "cls_raw": "Styrofoam_Piece", "score": 0.15218611061573029, "area_m2": 0.4750868778825987, "weight_est_kg": 0.2850521267295592, "weight_lo_kg": 0.1900347511530395, "weight_hi_kg": 0.9501737557651974, "crew": "1인", "stop_id": "S024"}}, {"type": "Feature", "geometry": {"type": "Polygon", "coordinates": [[[-157.1921261033227, 21.20659204487203], [-157.19211856329218, 21.20659196414172], [-157.1921186449052, 21.206585261237258], [-157.19212618493538, 21.206585341967532], [-157.1921261033227, 21.20659204487203]]]}, "properties": {"item_id": "1512_9694_3394_381", "cls": "plastic_other", "cls_raw": "Plastic_ETC", "score": 0.14776583015918732, "area_m2": 0.5811081446708692, "weight_est_kg": 1.3946595472100862, "weight_lo_kg": 0.9297730314733909, "weight_hi_kg": 4.648865157366954, "crew": "1인", "stop_id": "S024"}}, {"type": "Feature", "geometry": {"type": "Polygon", "coordinates": [[[-157.19211848442478, 21.206574209632844], [-157.19211462264306, 21.20657416828505], [-157.1921146618563, 21.20657094769393], [-157.19211852363793, 21.20657098904172], [-157.19211848442478, 21.206574209632844]]]}, "properties": {"item_id": "1512_9694_3394_382", "cls": "eps_fragment", "cls_raw": "Styrofoam_Piece", "score": 0.14354270696640015, "area_m2": 0.14300268654826856, "weight_est_kg": 0.08580161192896113, "weight_lo_kg": 0.05720107461930742, "weight_hi_kg": 0.2860053730965372, "crew": "1인", "stop_id": "S024"}}, {"type": "Feature", "geometry": {"type": "Polygon", "coordinates": [[[-157.1921495298884, 21.20656179103157], [-157.1921426332153, 21.20656171719068], [-157.1921427040317, 21.206555900929278], [-157.1921496007046, 21.206555974770136], [-157.1921495298884, 21.20656179103157]]]}, "properties": {"item_id": "1512_9694_3394_383", "cls": "eps_fragment", "cls_raw": "Styrofoam_Piece", "score": 0.11954990029335022, "area_m2": 0.4612161076636268, "weight_est_kg": 0.27672966459817605, "weight_lo_kg": 0.18448644306545076, "weight_hi_kg": 0.9224322153272536, "crew": "1인", "stop_id": "S024"}}, {"type": "Feature", "geometry": {"type": "Polygon", "coordinates": [[[-157.19217678944705, 21.206607642678826], [-157.19215779310082, 21.206607439291904], [-157.19215788138342, 21.20660018846393], [-157.19217687772866, 21.206600391850785], [-157.19217678944705, 21.206607642678826]]]}, "properties": {"item_id": "1512_9694_3394_384", "cls": "plastic_other", "cls_raw": "Plastic_ETC", "score": 0.11017947643995285, "area_m2": 1.5837201557014349, "weight_est_kg": 3.8009283736834436, "weight_lo_kg": 2.533952249122296, "weight_hi_kg": 12.669761245611479, "crew": "1인", "stop_id": "S024"}}, {"type": "Feature", "geometry": {"type": "Polygon", "coordinates": [[[-157.19219922145246, 21.206617377606637], [-157.19219558659307, 21.20661733869016], [-157.1921956305312, 21.206613729892123], [-157.19219926539043, 21.206613768808595], [-157.19219922145246, 21.206617377606637]]]}, "properties": {"item_id": "1512_9694_3394_385", "cls": "eps_fragment", "cls_raw": "Styrofoam_Piece", "score": 0.10288271307945251, "area_m2": 0.1508241582275743, "weight_est_kg": 0.09049449493654459, "weight_lo_kg": 0.06032966329102972, "weight_hi_kg": 0.3016483164551486, "crew": "1인", "stop_id": "S024"}}, {"type": "Feature", "geometry": {"type": "Polygon", "coordinates": [[[-157.19093117532216, 21.205510731464663], [-157.19092630411296, 21.205510679276845], [-157.19092637340054, 21.2055049920993], [-157.19093124460954, 21.205505044287108], [-157.19093117532216, 21.205510731464663]]]}, "properties": {"item_id": "1513_1243_9230_389", "cls": "plastic_other", "cls_raw": "Plastic_ETC", "score": 0.46411871910095215, "area_m2": 0.3185356753707724, "weight_est_kg": 0.7644856208898537, "weight_lo_kg": 0.5096570805932358, "weight_hi_kg": 2.548285402966179, "crew": "1인", "stop_id": "S028"}}, {"type": "Feature", "geometry": {"type": "Polygon", "coordinates": [[[-157.1909722783373, 21.205523509361445], [-157.19096503501356, 21.20552343176158], [-157.19096510485613, 21.205517698911255], [-157.19097234817963, 21.205517776511098], [-157.1909722783373, 21.205523509361445]]]}, "properties": {"item_id": "1513_1243_9230_390", "cls": "eps_fragment", "cls_raw": "Styrofoam_Piece", "score": 0.4315113425254822, "area_m2": 0.47745556276308126, "weight_est_kg": 0.2864733376578487, "weight_lo_kg": 0.1909822251052325, "weight_hi_kg": 0.9549111255261626, "crew": "1인", "stop_id": "S029"}}, {"type": "Feature", "geometry": {"type": "Polygon", "coordinates": [[[-157.19093612476723, 21.205515388742214], [-157.19093057570933, 21.205515329292368], [-157.1909306328526, 21.20551063892087], [-157.1909361819103, 21.20551069837069], [-157.19093612476723, 21.205515388742214]]]}, "properties": {"item_id": "1513_1243_9230_391", "cls": "plastic_other", "cls_raw": "Plastic_ETC", "score": 0.3443683087825775, "area_m2": 0.2992616007850317, "weight_est_kg": 0.7182278418840761, "weight_lo_kg": 0.47881856125605077, "weight_hi_kg": 2.394092806280254, "crew": "1인", "stop_id": "S028"}}, {"type": "Feature", "geometry": {"type": "Polygon", "coordinates": [[[-157.1909024453055, 21.20553420367057], [-157.1908960968605, 21.205534135655167], [-157.19089616271393, 21.205528730453743], [-157.19090251115873, 21.20552879846913], [-157.1909024453055, 21.20553420367057]]]}, "properties": {"item_id": "1513_1243_9230_392", "cls": "eps_fragment", "cls_raw": "Styrofoam_Piece", "score": 0.2749888002872467, "area_m2": 0.39455150430510305, "weight_est_kg": 0.23673090258306184, "weight_lo_kg": 0.15782060172204124, "weight_hi_kg": 0.7891030086102062, "crew": "1인", "stop_id": "S028"}}, {"type": "Feature", "geometry": {"type": "Polygon", "coordinates": [[[-157.1909337532753, 21.20555381372451], [-157.19093081175956, 21.20555378221051], [-157.19093084286177, 21.20555122931504], [-157.1909337843775, 21.20555126082903], [-157.1909337532753, 21.20555381372451]]]}, "properties": {"item_id": "1513_1243_9230_393", "cls": "plastic_buoy", "cls_raw": "Plastic_Buoy", "score": 0.19574446976184845, "area_m2": 0.08634329106660843, "weight_est_kg": 1.5541792391989517, "weight_lo_kg": 0.7770896195994759, "weight_hi_kg": 2.0722389855986023, "crew": "1인", "stop_id": "S028"}}, {"type": "Feature", "geometry": {"type": "Polygon", "coordinates": [[[-157.1909200377315, 21.205520067163906], [-157.19091465243255, 21.205520009467982], [-157.19091470911403, 21.20551535704131], [-157.1909200944128, 21.205515414737228], [-157.1909200377315, 21.205520067163906]]]}, "properties": {"item_id": "1513_1243_9230_394", "cls": "net", "cls_raw": "Net", "score": 0.1923500895500183, "area_m2": 0.2880804872141004, "weight_est_kg": 5.1854487698538065, "weight_lo_kg": 2.160603654105753, "weight_hi_kg": 12.963621924634518, "crew": "1인", "stop_id": "S028"}}, {"type": "Feature", "geometry": {"type": "Polygon", "coordinates": [[[-157.19092206110432, 21.205556166665573], [-157.19091717138403, 21.205556114279076], [-157.19091720874917, 21.20555304734298], [-157.19092209846937, 21.20555309972947], [-157.19092206110432, 21.205556166665573]]]}, "properties": {"item_id": "1513_1243_9230_395", "cls": "eps_fragment", "cls_raw": "Styrofoam_Piece", "score": 0.18460136651992798, "area_m2": 0.17243011825685017, "weight_est_kg": 0.1034580709541101, "weight_lo_kg": 0.06897204730274006, "weight_hi_kg": 0.3448602365137004, "crew": "1인", "stop_id": "S028"}}, {"type": "Feature", "geometry": {"type": "Polygon", "coordinates": [[[-157.19088876834238, 21.205532461863363], [-157.1908802624626, 21.205532370733092], [-157.19088035267148, 21.20552496651513], [-157.19088885855084, 21.205525057645367], [-157.19088876834238, 21.205532461863363]]]}, "properties": {"item_id": "1513_1243_9230_396", "cls": "eps_fragment", "cls_raw": "Styrofoam_Piece", "score": 0.1795268952846527, "area_m2": 0.7241406131507766, "weight_est_kg": 0.4344843678904659, "weight_lo_kg": 0.28965624526031064, "weight_hi_kg": 1.4482812263015532, "crew": "1인", "stop_id": "S028"}}, {"type": "Feature", "geometry": {"type": "Polygon", "coordinates": [[[-157.19094871273973, 21.205529719587492], [-157.19094354568196, 21.205529664230575], [-157.19094359941445, 21.205525253792874], [-157.19094876647205, 21.20552530914978], [-157.19094871273973, 21.205529719587492]]]}, "properties": {"item_id": "1513_1243_9230_397", "cls": "eps_fragment", "cls_raw": "Styrofoam_Piece", "score": 0.1777629256248474, "area_m2": 0.2620290596143062, "weight_est_kg": 0.15721743576858374, "weight_lo_kg": 0.1048116238457225, "weight_hi_kg": 0.5240581192286125, "crew": "1인", "stop_id": "S028"}}, {"type": "Feature", "geometry": {"type": "Polygon", "coordinates": [[[-157.19090797752733, 21.20549647726529], [-157.19090262395835, 21.205496419908982], [-157.1909026875376, 21.205491201342006], [-157.19090804110644, 21.205491258698306], [-157.19090797752733, 21.20549647726529]]]}, "properties": {"item_id": "1513_1243_9230_398", "cls": "net", "cls_raw": "Net", "score": 0.15016520023345947, "area_m2": 0.3212323166132771, "weight_est_kg": 5.782181699038987, "weight_lo_kg": 2.4092423745995784, "weight_hi_kg": 14.455454247597471, "crew": "1인", "stop_id": "S028"}}, {"type": "Feature", "geometry": {"type": "Polygon", "coordinates": [[[-157.19090948037112, 21.205525936053736], [-157.1909047242337, 21.205525885098098], [-157.19090479161522, 21.205520354440146], [-157.1909095477525, 21.205520405395767], [-157.19090948037112, 21.205525936053736]]]}, "properties": {"item_id": "1513_1243_9230_399", "cls": "eps_fragment", "cls_raw": "Styrofoam_Piece", "score": 0.13730761408805847, "area_m2": 0.302451451778487, "weight_est_kg": 0.18147087106709217, "weight_lo_kg": 0.1209805807113948, "weight_hi_kg": 0.604902903556974, "crew": "1인", "stop_id": "S028"}}, {"type": "Feature", "geometry": {"type": "Polygon", "coordinates": [[[-157.19092380596553, 21.20548529608804], [-157.1909192939514, 21.205485247748317], [-157.19091934331115, 21.205481196275915], [-157.19092385532514, 21.20548124461563], [-157.19092380596553, 21.20548529608804]]]}, "properties": {"item_id": "1513_1243_9230_400", "cls": "net", "cls_raw": "Net", "score": 0.1284276396036148, "area_m2": 0.21018800246720767, "weight_est_kg": 3.783384044409738, "weight_lo_kg": 1.5764100185040577, "weight_hi_kg": 9.458460111024346, "crew": "1인", "stop_id": "S028"}}, {"type": "Feature", "geometry": {"type": "Polygon", "coordinates": [[[-157.1908661421693, 21.205565141520918], [-157.190860517884, 21.20556508126268], [-157.19086056325685, 21.205561357174542], [-157.19086618754199, 21.205561417432758], [-157.1908661421693, 21.205565141520918]]]}, "properties": {"item_id": "1513_1243_9230_401", "cls": "net", "cls_raw": "Net", "score": 0.12133240699768066, "area_m2": 0.2408306061536672, "weight_est_kg": 4.334950910766009, "weight_lo_kg": 1.806229546152504, "weight_hi_kg": 10.837377276915024, "crew": "1인", "stop_id": "S028"}}, {"type": "Feature", "geometry": {"type": "Polygon", "coordinates": [[[-157.19087621059634, 21.205478070394825], [-157.19087084442583, 21.20547801290254], [-157.19087090996547, 21.205472633516738], [-157.1908762761358, 21.20547269100902], [-157.19087621059634, 21.205478070394825]]]}, "properties": {"item_id": "1513_1243_9230_402", "cls": "plastic_buoy", "cls_raw": "Plastic_Buoy", "score": 0.11277421563863754, "area_m2": 0.3319111124039521, "weight_est_kg": 5.974400023271137, "weight_lo_kg": 2.9872000116355686, "weight_hi_kg": 7.965866697694851, "crew": "1인", "stop_id": "S028"}}, {"type": "Feature", "geometry": {"type": "Polygon", "coordinates": [[[-157.19096107876442, 21.205509322522776], [-157.19095624699605, 21.205509270758366], [-157.19095629920747, 21.205504985134965], [-157.1909611309757, 21.20550503689936], [-157.19096107876442, 21.205509322522776]]]}, "properties": {"item_id": "1513_1243_9230_403", "cls": "eps_fragment", "cls_raw": "Styrofoam_Piece", "score": 0.10632104426622391, "area_m2": 0.23809189370876505, "weight_est_kg": 0.14285513622525903, "weight_lo_kg": 0.09523675748350602, "weight_hi_kg": 0.4761837874175301, "crew": "1인", "stop_id": "S028"}}, {"type": "Feature", "geometry": {"type": "Polygon", "coordinates": [[[-157.1909295396428, 21.205513781293774], [-157.1909256208165, 21.205513739309293], [-157.19092566009425, 21.205510515368584], [-157.1909295789204, 21.205510557353048], [-157.1909295396428, 21.205513781293774]]]}, "properties": {"item_id": "1513_1243_9230_404", "cls": "plastic_buoy", "cls_raw": "Plastic_Buoy", "score": 0.10161338001489639, "area_m2": 0.14526719830337798, "weight_est_kg": 2.6148095694608036, "weight_lo_kg": 1.3074047847304018, "weight_hi_kg": 3.486412759281072, "crew": "1인", "stop_id": "S028"}}, {"type": "Feature", "geometry": {"type": "Polygon", "coordinates": [[[-157.19091758530072, 21.205445478615594], [-157.19091037272216, 21.20544540134301], [-157.19091044983625, 21.205439071793787], [-157.1909176624145, 21.205439149066354], [-157.19091758530072, 21.205445478615594]]]}, "properties": {"item_id": "1513_1268_9746_408", "cls": "plastic_other", "cls_raw": "Plastic_ETC", "score": 0.1526765525341034, "area_m2": 0.5249138651759737, "weight_est_kg": 1.2597932764223367, "weight_lo_kg": 0.8398621842815579, "weight_hi_kg": 4.19931092140779, "crew": "1인", "stop_id": "S028"}}, {"type": "Feature", "geometry": {"type": "Polygon", "coordinates": [[[-157.1909058788984, 21.205438394973008], [-157.19090093237782, 21.20543834197774], [-157.19090097516968, 21.205434829625737], [-157.1909059216902, 21.205434882620995], [-157.1909058788984, 21.205438394973008]]]}, "properties": {"item_id": "1513_1268_9746_409", "cls": "net", "cls_raw": "Net", "score": 0.13377298414707184, "area_m2": 0.19976646716599658, "weight_est_kg": 3.595796408987938, "weight_lo_kg": 1.4982485037449744, "weight_hi_kg": 8.989491022469846, "crew": "1인", "stop_id": "S028"}}, {"type": "Feature", "geometry": {"type": "Polygon", "coordinates": [[[-157.19087636059825, 21.205478101180894], [-157.19087077471085, 21.205478041334594], [-157.19087084145502, 21.205472563082317], [-157.19087642734223, 21.205472622928596], [-157.19087636059825, 21.205478101180894]]]}, "properties": {"item_id": "1513_1268_9746_410", "cls": "plastic_buoy", "cls_raw": "Plastic_Buoy", "score": 0.13138020038604736, "area_m2": 0.351851038154302, "weight_est_kg": 6.333318686777436, "weight_lo_kg": 3.166659343388718, "weight_hi_kg": 8.44442491570325, "crew": "1인", "stop_id": "S028"}}, {"type": "Feature", "geometry": {"type": "Polygon", "coordinates": [[[-157.1908890430296, 21.205433271605507], [-157.19088496953387, 21.205433227963123], [-157.19088501180443, 21.205429758428558], [-157.19088908530009, 21.20542980207093], [-157.1908890430296, 21.205433271605507]]]}, "properties": {"item_id": "1513_1268_9746_411", "cls": "net", "cls_raw": "Net", "score": 0.11422737687826157, "area_m2": 0.1625036951780723, "weight_est_kg": 2.925066513205301, "weight_lo_kg": 1.2187777138355425, "weight_hi_kg": 7.312666283013254, "crew": "1인", "stop_id": "S028"}}, {"type": "Feature", "geometry": {"type": "Polygon", "coordinates": [[[-157.19087021646385, 21.20541965476482], [-157.19086265700693, 21.20541957377387], [-157.19086272958106, 21.205413617014237], [-157.1908702890377, 21.205413698005152], [-157.19087021646385, 21.20541965476482]]]}, "properties": {"item_id": "1513_1268_9746_412", "cls": "eps_fragment", "cls_raw": "Styrofoam_Piece", "score": 0.10982459038496017, "area_m2": 0.5177564009965753, "weight_est_kg": 0.31065384059794515, "weight_lo_kg": 0.20710256039863012, "weight_hi_kg": 1.0355128019931505, "crew": "1인", "stop_id": "S028"}}, {"type": "Feature", "geometry": {"type": "Polygon", "coordinates": [[[-157.1909038036551, 21.205419945721832], [-157.1908975948274, 21.2054198792026], [-157.19089765683972, 21.205414789242216], [-157.19090386566722, 21.20541485576144], [-157.1909038036551, 21.205419945721832]]]}, "properties": {"item_id": "1513_1268_9746_413", "cls": "plastic_other", "cls_raw": "Plastic_ETC", "score": 0.10505656898021698, "area_m2": 0.36336977134952037, "weight_est_kg": 0.8720874512388488, "weight_lo_kg": 0.5813916341592327, "weight_hi_kg": 2.906958170796163, "crew": "1인", "stop_id": "S028"}}, {"type": "Feature", "geometry": {"type": "Polygon", "coordinates": [[[-157.1908096537192, 21.205458137686794], [-157.19080549438172, 21.20545809312273], [-157.1908055399185, 21.205454355670756], [-157.19080969925588, 21.205454400234803], [-157.1908096537192, 21.205458137686794]]]}, "properties": {"item_id": "1513_1734_9804_423", "cls": "plastic_buoy", "cls_raw": "Plastic_Buoy", "score": 0.32035723328590393, "area_m2": 0.17874113152925641, "weight_est_kg": 3.2173403675266155, "weight_lo_kg": 1.6086701837633077, "weight_hi_kg": 4.289787156702154, "crew": "1인", "stop_id": "S028"}}, {"type": "Feature", "geometry": {"type": "Polygon", "coordinates": [[[-157.19079263226124, 21.20544942558919], [-157.1907819160048, 21.205449310771584], [-157.1907820302766, 21.205439931975004], [-157.19079274653237, 21.205440046792553], [-157.19079263226124, 21.20544942558919]]]}, "properties": {"item_id": "1513_1734_9804_424", "cls": "eps_buoy", "cls_raw": "Styrofoam_Buoy", "score": 0.1519094705581665, "area_m2": 1.1556197893026363, "weight_est_kg": 10.111673156398068, "weight_lo_kg": 4.333574209884886, "weight_hi_kg": 11.556197893026363, "crew": "1인", "stop_id": "S028"}}, {"type": "Feature", "geometry": {"type": "Polygon", "coordinates": [[[-157.19087966409214, 21.205452169596253], [-157.19087590955198, 21.205452129370848], [-157.19087596346182, 21.20544770451931], [-157.1908797180019, 21.205447744744706], [-157.19087966409214, 21.205452169596253]]]}, "properties": {"item_id": "1513_1734_9804_425", "cls": "plastic_buoy", "cls_raw": "Plastic_Buoy", "score": 0.1264318972826004, "area_m2": 0.1910205831762412, "weight_est_kg": 3.4383704971723414, "weight_lo_kg": 1.7191852485861707, "weight_hi_kg": 4.5844939962297895, "crew": "1인", "stop_id": "S028"}}, {"type": "Feature", "geometry": {"type": "Polygon", "coordinates": [[[-157.19084700647292, 21.205429254832165], [-157.19084248159982, 21.20542920635272], [-157.19084253613724, 21.20542473006853], [-157.19084706101023, 21.20542477854796], [-157.19084700647292, 21.205429254832165]]]}, "properties": {"item_id": "1513_1734_9804_426", "cls": "net", "cls_raw": "Net", "score": 0.11445958912372589, "area_m2": 0.23288892878299777, "weight_est_kg": 4.19200071809396, "weight_lo_kg": 1.7466669658724834, "weight_hi_kg": 10.4800017952349, "crew": "1인", "stop_id": "S028"}}, {"type": "Feature", "geometry": {"type": "Polygon", "coordinates": [[[-157.1907694448856, 21.205405468325814], [-157.19076267370633, 21.205405395776367], [-157.19076275199652, 21.20539897020813], [-157.19076952317548, 21.205399042757552], [-157.1907694448856, 21.205405468325814]]]}, "properties": {"item_id": "1513_1734_9804_427", "cls": "pet_bottle", "cls_raw": "PET_Bottle", "score": 0.1139330267906189, "area_m2": 0.5002657206536583, "weight_est_kg": 0.9905261268942434, "weight_lo_kg": 0.8254384390785362, "weight_hi_kg": 1.6508768781570724, "crew": "1인", "stop_id": "S028"}}, {"type": "Feature", "geometry": {"type": "Polygon", "coordinates": [[[-157.1907202311891, 21.205351036825146], [-157.190713139078, 21.205350960835172], [-157.190713202371, 21.20534576626803], [-157.19072029448185, 21.205345842257977], [-157.1907202311891, 21.205351036825146]]]}, "properties": {"item_id": "1513_2110_10119_439", "cls": "plastic_other", "cls_raw": "Plastic_ETC", "score": 0.3303220272064209, "area_m2": 0.42359416283975637, "weight_est_kg": 1.0166259908154154, "weight_lo_kg": 0.6777506605436102, "weight_hi_kg": 3.388753302718051, "crew": "1인", "stop_id": "S028"}}, {"type": "Feature", "geometry": {"type": "Polygon", "coordinates": [[[-157.19072501627858, 21.205386977337678], [-157.19072110917668, 21.205386935474273], [-157.19072114981049, 21.20538360057678], [-157.1907250569123, 21.205383642440175], [-157.19072501627858, 21.205386977337678]]]}, "properties": {"item_id": "1513_2110_10119_440", "cls": "plastic_buoy", "cls_raw": "Plastic_Buoy", "score": 0.2727980315685272, "area_m2": 0.1498173786610737, "weight_est_kg": 2.696712815899326, "weight_lo_kg": 1.348356407949663, "weight_hi_kg": 3.5956170878657687, "crew": "1인", "stop_id": "S028"}}, {"type": "Feature", "geometry": {"type": "Polygon", "coordinates": [[[-157.19069916890143, 21.205374895493375], [-157.19069419448687, 21.205374842193294], [-157.19069425362113, 21.205369988997045], [-157.19069922803553, 21.20537004229712], [-157.19069916890143, 21.205374895493375]]]}, "properties": {"item_id": "1513_2110_10119_441", "cls": "plastic_other", "cls_raw": "Plastic_ETC", "score": 0.21180997788906097, "area_m2": 0.2775842623830531, "weight_est_kg": 0.6662022297193275, "weight_lo_kg": 0.444134819812885, "weight_hi_kg": 2.220674099064425, "crew": "1인", "stop_id": "S028"}}, {"type": "Feature", "geometry": {"type": "Polygon", "coordinates": [[[-157.19074388029853, 21.205381499345137], [-157.1907322062987, 21.205381374262863], [-157.1907323258231, 21.20537156459684], [-157.1907439998222, 21.205371689679048], [-157.19074388029853, 21.205381499345137]]]}, "properties": {"item_id": "1513_2110_10119_442", "cls": "plastic_other", "cls_raw": "Plastic_ETC", "score": 0.1511869579553604, "area_m2": 1.3167365193310672, "weight_est_kg": 3.160167646394561, "weight_lo_kg": 2.1067784309297073, "weight_hi_kg": 10.53389215464854, "crew": "1인", "stop_id": "S028"}}, {"type": "Feature", "geometry": {"type": "Polygon", "coordinates": [[[-157.19071916902882, 21.205354251950165], [-157.1907129243022, 21.205354185039663], [-157.19071297424387, 21.205350086241392], [-157.19071921897034, 21.205350153151894], [-157.19071916902882, 21.205354251950165]]]}, "properties": {"item_id": "1513_2110_10119_443", "cls": "eps_fragment", "cls_raw": "Styrofoam_Piece", "score": 0.1504792869091034, "area_m2": 0.29430323781080403, "weight_est_kg": 0.17658194268648242, "weight_lo_kg": 0.11772129512432161, "weight_hi_kg": 0.5886064756216081, "crew": "1인", "stop_id": "S028"}}, {"type": "Feature", "geometry": {"type": "Polygon", "coordinates": [[[-157.1907279083691, 21.205360755755848], [-157.19072282394382, 21.205360701277908], [-157.1907228647351, 21.205357353449195], [-157.1907279491603, 21.205357407927114], [-157.1907279083691, 21.205360755755848]]]}, "properties": {"item_id": "1513_2110_10119_444", "cls": "net", "cls_raw": "Net", "score": 0.13554410636425018, "area_m2": 0.1957177182555685, "weight_est_kg": 3.522918928600233, "weight_lo_kg": 1.4678828869167637, "weight_hi_kg": 8.807297321500583, "crew": "1인", "stop_id": "S028"}}, {"type": "Feature", "geometry": {"type": "Polygon", "coordinates": [[[-157.19080523266075, 21.205400388536397], [-157.19080078667767, 21.205400340901132], [-157.19080082318214, 21.20539734477818], [-157.1908052691651, 21.20539739241345], [-157.19080523266075, 21.205400388536397]]]}, "properties": {"item_id": "1513_2110_10119_445", "cls": "plastic_buoy", "cls_raw": "Plastic_Buoy", "score": 0.13347642123699188, "area_m2": 0.15316245638461864, "weight_est_kg": 2.7569242149231354, "weight_lo_kg": 1.3784621074615677, "weight_hi_kg": 3.6758989532308477, "crew": "1인", "stop_id": "S028"}}, {"type": "Feature", "geometry": {"type": "Polygon", "coordinates": [[[-157.19076946044146, 21.205405629891917], [-157.1907624371522, 21.205405554641253], [-157.19076251961047, 21.205398786977337], [-157.19076954289943, 21.205398862227973], [-157.19076946044146, 21.205405629891917]]]}, "properties": {"item_id": "1513_2110_10119_446", "cls": "pet_bottle", "cls_raw": "PET_Bottle", "score": 0.12923447787761688, "area_m2": 0.5465177009891214, "weight_est_kg": 1.0821050479584604, "weight_lo_kg": 0.9017542066320504, "weight_hi_kg": 1.8035084132641008, "crew": "1인", "stop_id": "S028"}}, {"type": "Feature", "geometry": {"type": "Polygon", "coordinates": [[[-157.19066061993772, 21.20529118775156], [-157.19065536349183, 21.205291131428528], [-157.19065541120898, 21.205287215309955], [-157.19066066765475, 21.205287271632972], [-157.19066061993772, 21.20529118775156]]]}, "properties": {"item_id": "1513_2427_10575_451", "cls": "net", "cls_raw": "Net", "score": 0.3259730041027069, "area_m2": 0.23668640045827546, "weight_est_kg": 4.260355208248958, "weight_lo_kg": 1.7751480034370661, "weight_hi_kg": 10.650888020622396, "crew": "1인", "stop_id": "S030"}}, {"type": "Feature", "geometry": {"type": "Polygon", "coordinates": [[[-157.19065471952769, 21.205278323176167], [-157.19065065970872, 21.205278279674925], [-157.19065071284282, 21.205273919000383], [-157.19065477266167, 21.20527396250161], [-157.19065471952769, 21.205278323176167]]]}, "properties": {"item_id": "1513_2427_10575_452", "cls": "plastic_buoy", "cls_raw": "Plastic_Buoy", "score": 0.2550373375415802, "area_m2": 0.20355681806807807, "weight_est_kg": 3.664022725225405, "weight_lo_kg": 1.8320113626127026, "weight_hi_kg": 4.885363633633874, "crew": "1인", "stop_id": "S030"}}, {"type": "Feature", "geometry": {"type": "Polygon", "coordinates": [[[-157.19068561368218, 21.205328191016687], [-157.1906801715514, 21.205328132704754], [-157.19068022960593, 21.20532336815018], [-157.1906856717365, 21.205323426462094], [-157.19068561368218, 21.205328191016687]]]}, "properties": {"item_id": "1513_2427_10575_453", "cls": "eps_fragment", "cls_raw": "Styrofoam_Piece", "score": 0.12165915220975876, "area_m2": 0.2981373816915597, "weight_est_kg": 0.17888242901493578, "weight_lo_kg": 0.11925495267662387, "weight_hi_kg": 0.5962747633831194, "crew": "1인", "stop_id": "S028"}}, {"type": "Feature", "geometry": {"type": "Polygon", "coordinates": [[[-157.19072029326276, 21.205351024232087], [-157.19071316551089, 21.20535094786025], [-157.19071322952226, 21.20534569433646], [-157.19072035727385, 21.205345770708284], [-157.19072029326276, 21.205351024232087]]]}, "properties": {"item_id": "1513_2503_10175_459", "cls": "plastic_other", "cls_raw": "Plastic_ETC", "score": 0.3829808235168457, "area_m2": 0.4305547132765081, "weight_est_kg": 1.0333313118636194, "weight_lo_kg": 0.6888875412424131, "weight_hi_kg": 3.444437706212065, "crew": "1인", "stop_id": "S028"}}, {"type": "Feature", "geometry": {"type": "Polygon", "coordinates": [[[-157.19069922839392, 21.205374892101005], [-157.1906942832044, 21.20537483911407], [-157.19069434068584, 21.205370121568805], [-157.19069928587518, 21.20537017455573], [-157.19069922839392, 21.205374892101005]]]}, "properties": {"item_id": "1513_2503_10175_460", "cls": "plastic_other", "cls_raw": "Plastic_ETC", "score": 0.2728455066680908, "area_m2": 0.2682403016925525, "weight_est_kg": 0.6437767240621259, "weight_lo_kg": 0.42918448270808396, "weight_hi_kg": 2.14592241354042, "crew": "1인", "stop_id": "S028"}}, {"type": "Feature", "geometry": {"type": "Polygon", "coordinates": [[[-157.19065804858235, 21.205389735981274], [-157.19065354587067, 21.205389687734286], [-157.19065359470815, 21.205385679697205], [-157.1906580974197, 21.205385727944172], [-157.19065804858235, 21.205389735981274]]]}, "properties": {"item_id": "1513_2503_10175_461", "cls": "net", "cls_raw": "Net", "score": 0.21362091600894928, "area_m2": 0.20750609616642385, "weight_est_kg": 3.7351097309956294, "weight_lo_kg": 1.556295721248179, "weight_hi_kg": 9.337774327489072, "crew": "1인", "stop_id": "S028"}}, {"type": "Feature", "geometry": {"type": "Polygon", "coordinates": [[[-157.19071442415574, 21.205349051488366], [-157.19070822034553, 21.205348985016094], [-157.1907082777152, 21.205344276598698], [-157.19071448152522, 21.20534434307095], [-157.19071442415574, 21.205349051488366]]]}, "properties": {"item_id": "1513_2503_10175_462", "cls": "net", "cls_raw": "Net", "score": 0.21202482283115387, "area_m2": 0.3358601980448604, "weight_est_kg": 6.045483564807487, "weight_lo_kg": 2.518951485336453, "weight_hi_kg": 15.113708912018717, "crew": "1인", "stop_id": "S028"}}, {"type": "Feature", "geometry": {"type": "Polygon", "coordinates": [[[-157.19061768580875, 21.205299513496332], [-157.19061229853196, 21.20529945577005], [-157.19061237261457, 21.20529337600477], [-157.19061775989113, 21.205293433731033], [-157.19061768580875, 21.205299513496332]]]}, "properties": {"item_id": "1513_2503_10175_463", "cls": "plastic_other", "cls_raw": "Plastic_ETC", "score": 0.18877045810222626, "area_m2": 0.3766009151936513, "weight_est_kg": 0.903842196464763, "weight_lo_kg": 0.6025614643098421, "weight_hi_kg": 3.012807321549211, "crew": "1인", "stop_id": "S030"}}, {"type": "Feature", "geometry": {"type": "Polygon", "coordinates": [[[-157.19072509058776, 21.205387043589475], [-157.1907210730588, 21.205387000542874], [-157.19072111441488, 21.205383606369043], [-157.19072513194374, 21.205383649415626], [-157.19072509058776, 21.205387043589475]]]}, "properties": {"item_id": "1513_2503_10175_464", "cls": "plastic_buoy", "cls_raw": "Plastic_Buoy", "score": 0.166392520070076, "area_m2": 0.15678989260498605, "weight_est_kg": 2.8222180668897487, "weight_lo_kg": 1.4111090334448744, "weight_hi_kg": 3.7629574225196656, "crew": "1인", "stop_id": "S028"}}, {"type": "Feature", "geometry": {"type": "Polygon", "coordinates": [[[-157.1906222450338, 21.20538352458402], [-157.1906171288202, 21.20538346976223], [-157.19061718426536, 21.205378919529224], [-157.19062230047882, 21.205378974351003], [-157.1906222450338, 21.20538352458402]]]}, "properties": {"item_id": "1513_2503_10175_465", "cls": "net", "cls_raw": "Net", "score": 0.1592831015586853, "area_m2": 0.2676747031957576, "weight_est_kg": 4.818144657523636, "weight_lo_kg": 2.007560273968182, "weight_hi_kg": 12.045361643809091, "crew": "1인", "stop_id": "S028"}}, {"type": "Feature", "geometry": {"type": "Polygon", "coordinates": [[[-157.19068565336764, 21.205328224915995], [-157.19068016906868, 21.20532816615223], [-157.19068022817814, 21.205323315017505], [-157.19068571247692, 21.205323373781248], [-157.19068565336764, 21.205328224915995]]]}, "properties": {"item_id": "1513_2503_10175_466", "cls": "eps_fragment", "cls_raw": "Styrofoam_Piece", "score": 0.15523786842823029, "area_m2": 0.30590713895864935, "weight_est_kg": 0.1835442833751896, "weight_lo_kg": 0.12236285558345975, "weight_hi_kg": 0.6118142779172987, "crew": "1인", "stop_id": "S028"}}, {"type": "Feature", "geometry": {"type": "Polygon", "coordinates": [[[-157.190704228793, 21.205367053559943], [-157.19070009995298, 21.20536700932021], [-157.1907001489507, 21.20536298802108], [-157.19070427779064, 21.205363032260806], [-157.190704228793, 21.205367053559943]]]}, "properties": {"item_id": "1513_2503_10175_467", "cls": "net", "cls_raw": "Net", "score": 0.1458861231803894, "area_m2": 0.19090595304970717, "weight_est_kg": 3.436307154894729, "weight_lo_kg": 1.4317946478728039, "weight_hi_kg": 8.590767887236822, "crew": "1인", "stop_id": "S028"}}, {"type": "Feature", "geometry": {"type": "Polygon", "coordinates": [[[-157.1907105896348, 21.20535880635441], [-157.19070623970282, 21.205358759745895], [-157.1907062748368, 21.20535587625033], [-157.19071062476868, 21.205355922858843], [-157.1907105896348, 21.20535880635441]]]}, "properties": {"item_id": "1513_2503_10175_468", "cls": "net", "cls_raw": "Net", "score": 0.11467567086219788, "area_m2": 0.1442204355776668, "weight_est_kg": 2.5959678403980027, "weight_lo_kg": 1.0816532668325012, "weight_hi_kg": 6.489919600995006, "crew": "1인", "stop_id": "S028"}}, {"type": "Feature", "geometry": {"type": "Polygon", "coordinates": [[[-157.19073457849836, 21.205380959625113], [-157.19073233801856, 21.20538093561921], [-157.19073242198795, 21.205374044042266], [-157.19073466246763, 21.205374068048165], [-157.19073457849836, 21.205380959625113]]]}, "properties": {"item_id": "1513_2503_10175_469", "cls": "eps_buoy", "cls_raw": "Styrofoam_Buoy", "score": 0.10613977164030075, "area_m2": 0.17753526069507689, "weight_est_kg": 1.5534335310819225, "weight_lo_kg": 0.6657572276065383, "weight_hi_kg": 1.775352606950769, "crew": "1인", "stop_id": "S028"}}, {"type": "Feature", "geometry": {"type": "Polygon", "coordinates": [[[-157.19071910934036, 21.205354223421644], [-157.19071297559472, 21.20535415770026], [-157.19071302513828, 21.20535009157729], [-157.19071915888372, 21.205350157298664], [-157.19071910934036, 21.205354223421644]]]}, "properties": {"item_id": "1513_2503_10175_470", "cls": "eps_fragment", "cls_raw": "Styrofoam_Piece", "score": 0.1013093814253807, "area_m2": 0.28676842662922714, "weight_est_kg": 0.17206105597753626, "weight_lo_kg": 0.11470737065169086, "weight_hi_kg": 0.5735368532584543, "crew": "1인", "stop_id": "S028"}}, {"type": "Feature", "geometry": {"type": "Polygon", "coordinates": [[[-157.19062848854864, 21.20526835168621], [-157.19062426875664, 21.205268306470217], [-157.19062430669348, 21.20526519306675], [-157.1906285264854, 21.205265238282745], [-157.19062848854864, 21.20526835168621]]]}, "properties": {"item_id": "1513_2947_10920_479", "cls": "net", "cls_raw": "Net", "score": 0.3091736137866974, "area_m2": 0.15106080796740975, "weight_est_kg": 2.7190945434133758, "weight_lo_kg": 1.1329560597555732, "weight_hi_kg": 6.797736358533439, "crew": "1인", "stop_id": "S030"}}, {"type": "Feature", "geometry": {"type": "Polygon", "coordinates": [[[-157.19061794359695, 21.205237755567435], [-157.19061343916775, 21.20523770730126], [-157.19061350027937, 21.205232692012988], [-157.1906180047084, 21.20523274027915], [-157.19061794359695, 21.205237755567435]]]}, "properties": {"item_id": "1513_2947_10920_480", "cls": "plastic_other", "cls_raw": "Plastic_ETC", "score": 0.24735093116760254, "area_m2": 0.25975332282899816, "weight_est_kg": 0.6234079747895955, "weight_lo_kg": 0.41560531652639704, "weight_hi_kg": 2.0780265826319857, "crew": "1인", "stop_id": "S031"}}, {"type": "Feature", "geometry": {"type": "Polygon", "coordinates": [[[-157.19055444611664, 21.20517120770939], [-157.19054941923721, 21.205171153843256], [-157.19054945983427, 21.20516782224219], [-157.19055448671358, 21.205167876108305], [-157.19055444611664, 21.20517120770939]]]}, "properties": {"item_id": "1513_2947_10920_481", "cls": "net", "cls_raw": "Net", "score": 0.16144059598445892, "area_m2": 0.19256490139668003, "weight_est_kg": 3.4661682251402404, "weight_lo_kg": 1.4442367604751003, "weight_hi_kg": 8.665420562850601, "crew": "1인", "stop_id": "S031"}}, {"type": "Feature", "geometry": {"type": "Polygon", "coordinates": [[[-157.19053780424576, 21.205161961608034], [-157.190533366986, 21.205161914059648], [-157.19053342361886, 21.205157266517407], [-157.1905378608785, 21.205157314065797], [-157.19053780424576, 21.205161961608034]]]}, "properties": {"item_id": "1513_2947_10920_482", "cls": "eps_fragment", "cls_raw": "Styrofoam_Piece", "score": 0.14104612171649933, "area_m2": 0.23711766163116627, "weight_est_kg": 0.14227059697869976, "weight_lo_kg": 0.0948470646524665, "weight_hi_kg": 0.47423532326233253, "crew": "1인", "stop_id": "S031"}}, {"type": "Feature", "geometry": {"type": "Polygon", "coordinates": [[[-157.190590519016, 21.205235261561267], [-157.1905861150464, 21.205235214370838], [-157.1905861650738, 21.205231108798518], [-157.1905905690433, 21.205231155988937], [-157.190590519016, 21.205235261561267]]]}, "properties": {"item_id": "1513_2947_10920_483", "cls": "plastic_buoy", "cls_raw": "Plastic_Buoy", "score": 0.12291897088289261, "area_m2": 0.20789473219221036, "weight_est_kg": 3.742105179459786, "weight_lo_kg": 1.871052589729893, "weight_hi_kg": 4.989473572613049, "crew": "1인", "stop_id": "S031"}}, {"type": "Feature", "geometry": {"type": "Polygon", "coordinates": [[[-157.19054508508108, 21.205213939265516], [-157.1905406449748, 21.205213891686704], [-157.190540696231, 21.20520968537119], [-157.19054513633716, 21.205209732949985], [-157.19054508508108, 21.205213939265516]]]}, "properties": {"item_id": "1513_2947_10920_484", "cls": "eps_fragment", "cls_raw": "Styrofoam_Piece", "score": 0.10183585435152054, "area_m2": 0.2147438634217319, "weight_est_kg": 0.12884631805303914, "weight_lo_kg": 0.08589754536869276, "weight_hi_kg": 0.4294877268434638, "crew": "1인", "stop_id": "S031"}}, {"type": "Feature", "geometry": {"type": "Polygon", "coordinates": [[[-157.19053962311364, 21.20521151444526], [-157.19053548950836, 21.205211470150694], [-157.1905355185536, 21.205209086574786], [-157.1905396521588, 21.205209130869342], [-157.19053962311364, 21.20521151444526]]]}, "properties": {"item_id": "1513_3271_11226_493", "cls": "net", "cls_raw": "Net", "score": 0.25128185749053955, "area_m2": 0.11328790533789919, "weight_est_kg": 2.0391822960821853, "weight_lo_kg": 0.849659290034244, "weight_hi_kg": 5.097955740205463, "crew": "1인", "stop_id": "S031"}}, {"type": "Feature", "geometry": {"type": "Polygon", "coordinates": [[[-157.19055453176102, 21.20517137432373], [-157.1905493421045, 21.205171318713344], [-157.19054938912552, 21.205167459931044], [-157.1905545787819, 21.20516751554141], [-157.19055453176102, 21.20517137432373]]]}, "properties": {"item_id": "1513_3271_11226_494", "cls": "net", "cls_raw": "Net", "score": 0.12598282098770142, "area_m2": 0.23025791046327113, "weight_est_kg": 4.14464238833888, "weight_lo_kg": 1.7269343284745335, "weight_hi_kg": 10.3616059708472, "crew": "1인", "stop_id": "S031"}}, {"type": "Feature", "geometry": {"type": "Polygon", "coordinates": [[[-157.19050966741213, 21.205114567322934], [-157.19050195715678, 21.20511448470084], [-157.19050200791546, 21.205110319284586], [-157.19050971817057, 21.205110401906655], [-157.19050966741213, 21.205114567322934]]]}, "properties": {"item_id": "1513_3271_11226_495", "cls": "plastic_other", "cls_raw": "Plastic_ETC", "score": 0.10542300343513489, "area_m2": 0.36927764745959873, "weight_est_kg": 0.8862663539030369, "weight_lo_kg": 0.5908442359353581, "weight_hi_kg": 2.95422117967679, "crew": "1인", "stop_id": "S031"}}, {"type": "Feature", "geometry": {"type": "Polygon", "coordinates": [[[-157.19053121270656, 21.205180883333565], [-157.1905258261162, 21.205180825612143], [-157.1905258742105, 21.205176878802842], [-157.19053126080073, 21.205176936524243], [-157.19053121270656, 21.205180883333565]]]}, "properties": {"item_id": "1513_3271_11226_496", "cls": "net", "cls_raw": "Net", "score": 0.10524807125329971, "area_m2": 0.24444758252507562, "weight_est_kg": 4.400056485451361, "weight_lo_kg": 1.8333568689380673, "weight_hi_kg": 11.000141213628403, "crew": "1인", "stop_id": "S031"}}, {"type": "Feature", "geometry": {"type": "Polygon", "coordinates": [[[-157.19052915281353, 21.205151568318975], [-157.19052277932272, 21.205151500022144], [-157.19052285230617, 21.205145510709404], [-157.19052922579672, 21.205145579006217], [-157.19052915281353, 21.205151568318975]]]}, "properties": {"item_id": "1513_3271_11226_497", "cls": "plastic_other", "cls_raw": "Plastic_ETC", "score": 0.10098446160554886, "area_m2": 0.438914662629475, "weight_est_kg": 1.05339519031074, "weight_lo_kg": 0.7022634602071599, "weight_hi_kg": 3.5113173010358, "crew": "1인", "stop_id": "S031"}}, {"type": "Feature", "geometry": {"type": "Polygon", "coordinates": [[[-157.1904482797304, 21.2051854616697], [-157.19044216654768, 21.205185396159255], [-157.19044222798564, 21.205180354551505], [-157.19044834116812, 21.205180420061932], [-157.1904482797304, 21.2051854616697]]]}, "properties": {"item_id": "1513_3506_10868_506", "cls": "plastic_other", "cls_raw": "Plastic_ETC", "score": 0.22858555614948273, "area_m2": 0.3543742079497264, "weight_est_kg": 0.8504980990793433, "weight_lo_kg": 0.5669987327195622, "weight_hi_kg": 2.8349936635978112, "crew": "1인", "stop_id": "S031"}}, {"type": "Feature", "geometry": {"type": "Polygon", "coordinates": [[[-157.1905311809204, 21.20523648873438], [-157.19052453580235, 21.205236417526695], [-157.19052461399588, 21.205230000679194], [-157.19053125911364, 21.205230071886856], [-157.1905311809204, 21.20523648873438]]]}, "properties": {"item_id": "1513_3506_10868_507", "cls": "plastic_other", "cls_raw": "Plastic_ETC", "score": 0.2278020977973938, "area_m2": 0.49028647207583376, "weight_est_kg": 1.176687532982001, "weight_lo_kg": 0.784458355321334, "weight_hi_kg": 3.92229177660667, "crew": "1인", "stop_id": "S031"}}, {"type": "Feature", "geometry": {"type": "Polygon", "coordinates": [[[-157.19053312100138, 21.205277830400295], [-157.19052884919856, 21.20527778462456], [-157.1905288876597, 21.20527462836113], [-157.1905331594624, 21.205274674136856], [-157.19053312100138, 21.205277830400295]]]}, "properties": {"item_id": "1513_3506_10868_508", "cls": "net", "cls_raw": "Net", "score": 0.22581149637699127, "area_m2": 0.15502788173522927, "weight_est_kg": 2.790501871234127, "weight_lo_kg": 1.1627091130142198, "weight_hi_kg": 6.976254678085317, "crew": "1인", "stop_id": "S031"}}, {"type": "Feature", "geometry": {"type": "Polygon", "coordinates": [[[-157.19051935907748, 21.205231317621045], [-157.19051423891946, 21.205231262754182], [-157.19051429418545, 21.205226727447915], [-157.19051941434333, 21.205226782314764], [-157.19051935907748, 21.205231317621045]]]}, "properties": {"item_id": "1513_3506_10868_509", "cls": "plastic_buoy", "cls_raw": "Plastic_Buoy", "score": 0.1492852121591568, "area_m2": 0.26700260392136055, "weight_est_kg": 4.80604687058449, "weight_lo_kg": 2.403023435292245, "weight_hi_kg": 6.408062494112653, "crew": "1인", "stop_id": "S031"}}, {"type": "Feature", "geometry": {"type": "Polygon", "coordinates": [[[-157.19053108412615, 21.205180820775276], [-157.19052578785872, 21.205180764021723], [-157.1905258347534, 21.20517691565721], [-157.1905311310207, 21.205176972410744], [-157.19053108412615, 21.205180820775276]]]}, "properties": {"item_id": "1513_3506_10868_510", "cls": "net", "cls_raw": "Net", "score": 0.14340288937091827, "area_m2": 0.23435367010837657, "weight_est_kg": 4.218366061950778, "weight_lo_kg": 1.7576525258128244, "weight_hi_kg": 10.545915154876946, "crew": "1인", "stop_id": "S031"}}, {"type": "Feature", "geometry": {"type": "Polygon", "coordinates": [[[-157.19053075755852, 21.205169793128718], [-157.1905241294475, 21.205169722103435], [-157.1905241856253, 21.205165111932775], [-157.1905308137361, 21.20516518295804], [-157.19053075755852, 21.205169793128718]]]}, "properties": {"item_id": "1513_3506_10868_511", "cls": "plastic_other", "cls_raw": "Plastic_ETC", "score": 0.13726435601711273, "area_m2": 0.35134393346318393, "weight_est_kg": 0.8432254403116414, "weight_lo_kg": 0.5621502935410942, "weight_hi_kg": 2.810751467705472, "crew": "1인", "stop_id": "S031"}}, {"type": "Feature", "geometry": {"type": "Polygon", "coordinates": [[[-157.1905395469855, 21.205211511242826], [-157.19053537007028, 21.205211466484155], [-157.19053539657835, 21.205209291118848], [-157.1905395734935, 21.205209335877505], [-157.1905395469855, 21.205211511242826]]]}, "properties": {"item_id": "1513_3506_10868_512", "cls": "net", "cls_raw": "Net", "score": 0.11041643470525742, "area_m2": 0.10447524936183158, "weight_est_kg": 1.8805544885129686, "weight_lo_kg": 0.7835643702137369, "weight_hi_kg": 4.701386221282421, "crew": "1인", "stop_id": "S031"}}, {"type": "Feature", "geometry": {"type": "Polygon", "coordinates": [[[-157.1904866049167, 21.205223398307407], [-157.19048216398744, 21.20522335071822], [-157.19048222357674, 21.20521846071317], [-157.1904866645059, 21.20521850830233], [-157.1904866049167, 21.205223398307407]]]}, "properties": {"item_id": "1513_3506_10868_513", "cls": "eps_fragment", "cls_raw": "Styrofoam_Piece", "score": 0.10608721524477005, "area_m2": 0.24969435343748575, "weight_est_kg": 0.14981661206249144, "weight_lo_kg": 0.0998777413749943, "weight_hi_kg": 0.4993887068749715, "crew": "1인", "stop_id": "S031"}}, {"type": "Feature", "geometry": {"type": "Polygon", "coordinates": [[[-157.19054341326938, 21.205214073116817], [-157.19054065434958, 21.20521404355307], [-157.19054070939373, 21.2052095263813], [-157.19054346831342, 21.20520955594504], [-157.19054341326938, 21.205214073116817]]]}, "properties": {"item_id": "1513_3506_10868_514", "cls": "eps_fragment", "cls_raw": "Styrofoam_Piece", "score": 0.10559171438217163, "area_m2": 0.1432950635239838, "weight_est_kg": 0.08597703811439027, "weight_lo_kg": 0.05731802540959352, "weight_hi_kg": 0.2865901270479676, "crew": "1인", "stop_id": "S031"}}, {"type": "Feature", "geometry": {"type": "Polygon", "coordinates": [[[-157.19041265541853, 21.205136227122075], [-157.19040701719672, 21.205136166700367], [-157.19040706173695, 21.205132511786147], [-157.19041269995859, 21.20513257220785], [-157.19041265541853, 21.205136227122075]]]}, "properties": {"item_id": "1513_3700_11273_520", "cls": "net", "cls_raw": "Net", "score": 0.15499937534332275, "area_m2": 0.23694370827084707, "weight_est_kg": 4.264986748875247, "weight_lo_kg": 1.7770778120313533, "weight_hi_kg": 10.66246687218812, "crew": "1인", "stop_id": "S031"}}, {"type": "Feature", "geometry": {"type": "Polygon", "coordinates": [[[-157.19044814783513, 21.2051854328221], [-157.19044214831953, 21.20518536852974], [-157.19044220641308, 21.205180601365775], [-157.19044820592845, 21.20518066565811], [-157.19044814783513, 21.2051854328221]]]}, "properties": {"item_id": "1513_3700_11273_521", "cls": "plastic_buoy", "cls_raw": "Plastic_Buoy", "score": 0.15367068350315094, "area_m2": 0.32885311089762276, "weight_est_kg": 5.9193559961572095, "weight_lo_kg": 2.9596779980786048, "weight_hi_kg": 7.892474661542946, "crew": "1인", "stop_id": "S031"}}, {"type": "Feature", "geometry": {"type": "Polygon", "coordinates": [[[-157.19041669335323, 21.20510126377422], [-157.1904117179611, 21.20510121045589], [-157.19041176677752, 21.205097204624018], [-157.19041674216948, 21.20509725794234], [-157.19041669335323, 21.20510126377422]]]}, "properties": {"item_id": "1513_3700_11273_522", "cls": "net", "cls_raw": "Net", "score": 0.14432919025421143, "area_m2": 0.22916377308374378, "weight_est_kg": 4.124947915507388, "weight_lo_kg": 1.7187282981280785, "weight_hi_kg": 10.31236978876847, "crew": "1인", "stop_id": "S031"}}, {"type": "Feature", "geometry": {"type": "Polygon", "coordinates": [[[-157.19050726384376, 21.205113848526253], [-157.19050210908293, 21.205113793288472], [-157.1905021430165, 21.205111008590713], [-157.19050729777726, 21.205111063828497], [-157.19050726384376, 21.205113848526253]]]}, "properties": {"item_id": "1513_3700_11273_523", "cls": "net", "cls_raw": "Net", "score": 0.13199058175086975, "area_m2": 0.16504882754259187, "weight_est_kg": 2.9708788957666536, "weight_lo_kg": 1.237866206569439, "weight_hi_kg": 7.427197239416634, "crew": "1인", "stop_id": "S031"}}, {"type": "Feature", "geometry": {"type": "Polygon", "coordinates": [[[-157.19043225226176, 21.20514141998995], [-157.19042779656968, 21.205141372241286], [-157.19042784267126, 21.20513758916139], [-157.1904322983632, 21.20513763691005], [-157.19043225226176, 21.20514141998995]]]}, "properties": {"item_id": "1513_3700_11273_524", "cls": "plastic_buoy", "cls_raw": "Plastic_Buoy", "score": 0.11838939040899277, "area_m2": 0.193814601481009, "weight_est_kg": 3.488662826658162, "weight_lo_kg": 1.744331413329081, "weight_hi_kg": 4.651550435544217, "crew": "1인", "stop_id": "S031"}}, {"type": "Feature", "geometry": {"type": "Polygon", "coordinates": [[[-157.19047661443386, 21.205133281541155], [-157.19046599475854, 21.205133167739834], [-157.1904660652696, 21.205127381501335], [-157.1904766849445, 21.205127495302627], [-157.19047661443386, 21.205133281541155]]]}, "properties": {"item_id": "1513_3700_11273_525", "cls": "rope", "cls_raw": "Rope", "score": 0.11368785053491592, "area_m2": 0.7065345195429292, "weight_est_kg": 8.47841423451515, "weight_lo_kg": 5.652276156343434, "weight_hi_kg": 14.130690390858586, "crew": "1인", "stop_id": "S031"}}, {"type": "Feature", "geometry": {"type": "Polygon", "coordinates": [[[-157.19030330956247, 21.20508360903764], [-157.19029947693664, 21.205083567963126], [-157.1902995238643, 21.205079717355652], [-157.19030335649003, 21.205079758430163], [-157.19030330956247, 21.20508360903764]]]}, "properties": {"item_id": "1513_4653_11760_532", "cls": "net", "cls_raw": "Net", "score": 0.3017113208770752, "area_m2": 0.1696882250670765, "weight_est_kg": 3.0543880512073773, "weight_lo_kg": 1.2726616880030739, "weight_hi_kg": 7.635970128018442, "crew": "1인", "stop_id": "S031"}}, {"type": "Feature", "geometry": {"type": "Polygon", "coordinates": [[[-157.190270954574, 21.205114279457185], [-157.19026649352256, 21.205114231646878], [-157.19026652174142, 21.20511191621682], [-157.19027098279284, 21.205111964027125], [-157.190270954574, 21.205114279457185]]]}, "properties": {"item_id": "1513_4653_11760_533", "cls": "net", "cls_raw": "Net", "score": 0.14748263359069824, "area_m2": 0.11876674942097784, "weight_est_kg": 2.137801489577601, "weight_lo_kg": 0.8907506206573339, "weight_hi_kg": 5.344503723944002, "crew": "1인", "stop_id": "S032"}}, {"type": "Feature", "geometry": {"type": "Polygon", "coordinates": [[[-157.19022193351896, 21.205040087184166], [-157.19021577123902, 21.205040021139677], [-157.19021584662048, 21.205033836051765], [-157.1902220089002, 21.205033902096215], [-157.19022193351896, 21.205040087184166]]]}, "properties": {"item_id": "1513_4653_11760_534", "cls": "plastic_other", "cls_raw": "Plastic_ETC", "score": 0.11968191713094711, "area_m2": 0.4382415060104028, "weight_est_kg": 1.0517796144249667, "weight_lo_kg": 0.7011864096166445, "weight_hi_kg": 3.5059320480832223, "crew": "1인", "stop_id": "S032"}}, {"type": "Feature", "geometry": {"type": "Polygon", "coordinates": [[[-157.1902267279604, 21.20507547964997], [-157.1902220383536, 21.20507542938901], [-157.19022210042223, 21.205070336619194], [-157.1902267900289, 21.20507038688014], [-157.1902267279604, 21.20507547964997]]]}, "properties": {"item_id": "1513_4653_11760_535", "cls": "plastic_buoy", "cls_raw": "Plastic_Buoy", "score": 0.10652528703212738, "area_m2": 0.2746101461977449, "weight_est_kg": 4.942982631559408, "weight_lo_kg": 2.471491315779704, "weight_hi_kg": 6.5906435087458775, "crew": "1인", "stop_id": "S032"}}, {"type": "Feature", "geometry": {"type": "Polygon", "coordinates": [[[-157.19017279339383, 21.20499892183643], [-157.1901652776811, 21.204998841284386], [-157.1901653664594, 21.204991557164895], [-157.1901728821718, 21.204991637716912], [-157.19017279339383, 21.20499892183643]]]}, "properties": {"item_id": "1513_4985_11918_545", "cls": "eps_buoy", "cls_raw": "Styrofoam_Buoy", "score": 0.3357722759246826, "area_m2": 0.6294678905786648, "weight_est_kg": 5.507844042563317, "weight_lo_kg": 2.360504589669993, "weight_hi_kg": 6.294678905786648, "crew": "1인", "stop_id": "S032"}}, {"type": "Feature", "geometry": {"type": "Polygon", "coordinates": [[[-157.19021482731162, 21.20507475694412], [-157.19020898976115, 21.205074694379604], [-157.19020903683477, 21.205070831987616], [-157.19021487438508, 21.205070894552104], [-157.19021482731162, 21.20507475694412]]]}, "properties": {"item_id": "1513_4985_11918_546", "cls": "net", "cls_raw": "Net", "score": 0.21083500981330872, "area_m2": 0.2592466211371768, "weight_est_kg": 4.666439180469182, "weight_lo_kg": 1.9443496585288258, "weight_hi_kg": 11.666097951172954, "crew": "1인", "stop_id": "S032"}}, {"type": "Feature", "geometry": {"type": "Polygon", "coordinates": [[[-157.19020115881452, 21.205029122333084], [-157.19019691781105, 21.205029076879477], [-157.19019696914515, 21.205024864931367], [-157.19020121014847, 21.205024910384957], [-157.19020115881452, 21.205029122333084]]]}, "properties": {"item_id": "1513_4985_11918_547", "cls": "plastic_buoy", "cls_raw": "Plastic_Buoy", "score": 0.18246136605739594, "area_m2": 0.20538933322136735, "weight_est_kg": 3.697007997984612, "weight_lo_kg": 1.848503998992306, "weight_hi_kg": 4.929343997312817, "crew": "1인", "stop_id": "S032"}}, {"type": "Feature", "geometry": {"type": "Polygon", "coordinates": [[[-157.19025024255447, 21.205071073076464], [-157.19024485416733, 21.205071015327043], [-157.1902449098568, 21.205066445912966], [-157.19025029824377, 21.205066503662366], [-157.19025024255447, 21.205071073076464]]]}, "properties": {"item_id": "1513_4985_11918_548", "cls": "net", "cls_raw": "Net", "score": 0.17914611101150513, "area_m2": 0.28310361106514514, "weight_est_kg": 5.095864999172612, "weight_lo_kg": 2.1232770829885887, "weight_hi_kg": 12.73966249793153, "crew": "1인", "stop_id": "S032"}}, {"type": "Feature", "geometry": {"type": "Polygon", "coordinates": [[[-157.1897651409153, 21.204621822413532], [-157.1897623720535, 21.204621792731146], [-157.1897624003405, 21.20461947230117], [-157.18976516920225, 21.204619501983554], [-157.1897651409153, 21.204621822413532]]]}, "properties": {"item_id": "1513_7140_13903_559", "cls": "plastic_buoy", "cls_raw": "Plastic_Buoy", "score": 0.23349173367023468, "area_m2": 0.0738749796390717, "weight_est_kg": 1.3297496335032906, "weight_lo_kg": 0.6648748167516453, "weight_hi_kg": 1.772999511337721, "crew": "1인", "stop_id": "S033"}}, {"type": "Feature", "geometry": {"type": "Polygon", "coordinates": [[[-157.18982006071252, 21.204618528466693], [-157.1898128878425, 21.204618451575307], [-157.18981298340955, 21.204610611822783], [-157.1898201562792, 21.204610688714148], [-157.18982006071252, 21.204618528466693]]]}, "properties": {"item_id": "1513_7140_13903_560", "cls": "plastic_other", "cls_raw": "Plastic_ETC", "score": 0.22238868474960327, "area_m2": 0.6465809800477442, "weight_est_kg": 1.551794352114586, "weight_lo_kg": 1.0345295680763908, "weight_hi_kg": 5.172647840381954, "crew": "1인", "stop_id": "S033"}}, {"type": "Feature", "geometry": {"type": "Polygon", "coordinates": [[[-157.18984986953373, 21.2046134321096], [-157.18983858426108, 21.20461331113615], [-157.18983866149145, 21.204606975526843], [-157.18984994676364, 21.20460709650025], [-157.18984986953373, 21.2046134321096]]]}, "properties": {"item_id": "1513_7140_13903_561", "cls": "plastic_other", "cls_raw": "Plastic_ETC", "score": 0.12402167916297913, "area_m2": 0.8221064509146095, "weight_est_kg": 1.9730554821950628, "weight_lo_kg": 1.3153703214633752, "weight_hi_kg": 6.576851607316877, "crew": "1인", "stop_id": "S033"}}, {"type": "Feature", "geometry": {"type": "Polygon", "coordinates": [[[-157.1897607559374, 21.204617155781314], [-157.18974159289212, 21.20461695035081], [-157.18974170082998, 21.204608096121554], [-157.1897608638741, 21.204608301551954], [-157.1897607559374, 21.204617155781314]]]}, "properties": {"item_id": "1513_7140_13903_562", "cls": "plastic_other", "cls_raw": "Plastic_ETC", "score": 0.11896461248397827, "area_m2": 1.9509356091981012, "weight_est_kg": 4.682245462075443, "weight_lo_kg": 3.121496974716962, "weight_hi_kg": 15.60748487358481, "crew": "1인", "stop_id": "S033"}}, {"type": "Feature", "geometry": {"type": "Polygon", "coordinates": [[[-157.18984237425659, 21.204676600102886], [-157.18983705414936, 21.20467654307326], [-157.18983710008087, 21.20467277508632], [-157.189842420188, 21.204672832115936], [-157.18984237425659, 21.204676600102886]]]}, "properties": {"item_id": "1513_7140_13903_563", "cls": "net", "cls_raw": "Net", "score": 0.10490746051073074, "area_m2": 0.2304927172033689, "weight_est_kg": 4.1488689096606395, "weight_lo_kg": 1.7286953790252668, "weight_hi_kg": 10.3721722741516, "crew": "1인", "stop_id": "S033"}}, {"type": "Feature", "geometry": {"type": "Polygon", "coordinates": [[[-157.189541960114, 21.20455264814243], [-157.18953827599654, 21.20455260864367], [-157.18953831746344, 21.204549207449418], [-157.18954200158083, 21.204549246948172], [-157.189541960114, 21.20455264814243]]]}, "properties": {"item_id": "1513_8435_14608_568", "cls": "plastic_buoy", "cls_raw": "Plastic_Buoy", "score": 0.5668218731880188, "area_m2": 0.14407639607790712, "weight_est_kg": 2.593375129402328, "weight_lo_kg": 1.296687564701164, "weight_hi_kg": 3.4578335058697713, "crew": "1인", "stop_id": "S034"}}, {"type": "Feature", "geometry": {"type": "Polygon", "coordinates": [[[-157.1895637934655, 21.20456237216257], [-157.18955828310635, 21.20456231308467], [-157.18955834843717, 21.20455695447151], [-157.1895638587962, 21.204557013549387], [-157.1895637934655, 21.20456237216257]]]}, "properties": {"item_id": "1513_8435_14608_569", "cls": "net", "cls_raw": "Net", "score": 0.15122759342193604, "area_m2": 0.33951597342797607, "weight_est_kg": 6.111287521703569, "weight_lo_kg": 2.5463698007098206, "weight_hi_kg": 15.278218804258922, "crew": "1인", "stop_id": "S034"}}, {"type": "Feature", "geometry": {"type": "Polygon", "coordinates": [[[-157.18958991253683, 21.20454060800327], [-157.1895846263844, 21.204540551330016], [-157.1895846899279, 21.204535339237378], [-157.18958997608016, 21.204535395910614], [-157.18958991253683, 21.20454060800327]]]}, "properties": {"item_id": "1513_8435_14608_570", "cls": "eps_fragment", "cls_raw": "Styrofoam_Piece", "score": 0.13080298900604248, "area_m2": 0.31679604641877535, "weight_est_kg": 0.1900776278512652, "weight_lo_kg": 0.12671841856751015, "weight_hi_kg": 0.6335920928375507, "crew": "1인", "stop_id": "S034"}}, {"type": "Feature", "geometry": {"type": "Polygon", "coordinates": [[[-157.18960150897414, 21.204592182079814], [-157.18959568553723, 21.204592119646556], [-157.18959576123922, 21.204585910245523], [-157.18960158467587, 21.204585972678764], [-157.18960150897414, 21.204592182079814]]]}, "properties": {"item_id": "1513_8435_14608_571", "cls": "plastic_buoy", "cls_raw": "Plastic_Buoy", "score": 0.12539435923099518, "area_m2": 0.41577356626110124, "weight_est_kg": 7.483924192699822, "weight_lo_kg": 3.741962096349911, "weight_hi_kg": 9.97856559026643, "crew": "1인", "stop_id": "S034"}}, {"type": "Feature", "geometry": {"type": "Polygon", "coordinates": [[[-157.18949635623395, 21.204540402179816], [-157.18948838713897, 21.204540316738033], [-157.18948848702732, 21.20453212393072], [-157.18949645612187, 21.204532209372466], [-157.18949635623395, 21.204540402179816]]]}, "properties": {"item_id": "1513_8435_14608_572", "cls": "pet_bottle", "cls_raw": "PET_Bottle", "score": 0.11980953067541122, "area_m2": 0.750705737304874, "weight_est_kg": 1.4863973598636504, "weight_lo_kg": 1.2386644665530422, "weight_hi_kg": 2.4773289331060844, "crew": "1인", "stop_id": "S034"}}, {"type": "Feature", "geometry": {"type": "Polygon", "coordinates": [[[-157.1894913734164, 21.204562325337967], [-157.18947869843808, 21.204562189440743], [-157.1894789304852, 21.2045431571344], [-157.18949160546188, 21.2045432930315], [-157.1894913734164, 21.204562325337967]]]}, "properties": {"item_id": "1513_8435_14608_573", "cls": "eps_buoy", "cls_raw": "Styrofoam_Buoy", "score": 0.11003286391496658, "area_m2": 2.7737452754623626, "weight_est_kg": 24.27027116029567, "weight_lo_kg": 10.40154478298386, "weight_hi_kg": 27.737452754623625, "crew": "2인", "stop_id": "S034"}}, {"type": "Feature", "geometry": {"type": "Polygon", "coordinates": [[[-157.19093099984408, 21.20551073090224], [-157.19092617641655, 21.205510679226308], [-157.19092624604664, 21.205504963937415], [-157.19093106947398, 21.205505015613326], [-157.19093099984408, 21.20551073090224]]]}, "properties": {"item_id": "1513_917_9253_577", "cls": "plastic_other", "cls_raw": "Plastic_ETC", "score": 0.43606075644493103, "area_m2": 0.31697021633394484, "weight_est_kg": 0.7607285192014677, "weight_lo_kg": 0.5071523461343118, "weight_hi_kg": 2.535761730671559, "crew": "1인", "stop_id": "S028"}}, {"type": "Feature", "geometry": {"type": "Polygon", "coordinates": [[[-157.19093617394992, 21.205515343259748], [-157.19093050859132, 21.205515282563923], [-157.19093056650777, 21.205510528726926], [-157.19093623186617, 21.20551058942274], [-157.19093617394992, 21.205515343259748]]]}, "properties": {"item_id": "1513_917_9253_578", "cls": "plastic_other", "cls_raw": "Plastic_ETC", "score": 0.381864070892334, "area_m2": 0.3096678966761405, "weight_est_kg": 0.743202952022737, "weight_lo_kg": 0.4954686346818248, "weight_hi_kg": 2.477343173409124, "crew": "1인", "stop_id": "S028"}}, {"type": "Feature", "geometry": {"type": "Polygon", "coordinates": [[[-157.1909723973757, 21.205523632385745], [-157.19096504923633, 21.205523553662974], [-157.190965122848, 21.20551751143357], [-157.19097247098708, 21.20551759015632], [-157.1909723973757, 21.205523632385745]]]}, "properties": {"item_id": "1513_917_9253_579", "cls": "eps_fragment", "cls_raw": "Styrofoam_Piece", "score": 0.295606791973114, "area_m2": 0.5105038834960537, "weight_est_kg": 0.3063023300976322, "weight_lo_kg": 0.20420155339842147, "weight_hi_kg": 1.0210077669921076, "crew": "1인", "stop_id": "S029"}}, {"type": "Feature", "geometry": {"type": "Polygon", "coordinates": [[[-157.1909221357203, 21.205556107017713], [-157.19091725064365, 21.205556054680958], [-157.19091728693027, 21.20555307626803], [-157.19092217200688, 21.205553128604766], [-157.1909221357203, 21.205556107017713]]]}, "properties": {"item_id": "1513_917_9253_580", "cls": "eps_fragment", "cls_raw": "Styrofoam_Piece", "score": 0.2692131996154785, "area_m2": 0.16729412176613195, "weight_est_kg": 0.10037647305967916, "weight_lo_kg": 0.06691764870645278, "weight_hi_kg": 0.3345882435322639, "crew": "1인", "stop_id": "S028"}}, {"type": "Feature", "geometry": {"type": "Polygon", "coordinates": [[[-157.19092018340672, 21.205520263936485], [-157.1909151284356, 21.20552020977957], [-157.19091518968557, 21.20551518236968], [-157.19092024465655, 21.20551523652658], [-157.19092018340672, 21.205520263936485]]]}, "properties": {"item_id": "1513_917_9253_581", "cls": "net", "cls_raw": "Net", "score": 0.2235756665468216, "area_m2": 0.2922048804760705, "weight_est_kg": 5.259687848569269, "weight_lo_kg": 2.191536603570529, "weight_hi_kg": 13.149219621423173, "crew": "1인", "stop_id": "S028"}}, {"type": "Feature", "geometry": {"type": "Polygon", "coordinates": [[[-157.19096103131318, 21.205509286925786], [-157.19095611943456, 21.205509234303122], [-157.19095617046437, 21.205505045669348], [-157.19096108234285, 21.205505098292004], [-157.19096103131318, 21.205509286925786]]]}, "properties": {"item_id": "1513_917_9253_582", "cls": "eps_fragment", "cls_raw": "Styrofoam_Piece", "score": 0.18799066543579102, "area_m2": 0.23656174554830706, "weight_est_kg": 0.1419370473289842, "weight_lo_kg": 0.09462469821932282, "weight_hi_kg": 0.47312349109661417, "crew": "1인", "stop_id": "S028"}}, {"type": "Feature", "geometry": {"type": "Polygon", "coordinates": [[[-157.19092787475844, 21.205486642672035], [-157.19091943701804, 21.205486552273904], [-157.19091950573127, 21.205480912257258], [-157.19092794347134, 21.20548100265536], [-157.19092787475844, 21.205486642672035]]]}, "properties": {"item_id": "1513_917_9253_583", "cls": "rope", "cls_raw": "Rope", "score": 0.1565646380186081, "area_m2": 0.5471811507345605, "weight_est_kg": 6.566173808814726, "weight_lo_kg": 4.377449205876484, "weight_hi_kg": 10.943623014691212, "crew": "1인", "stop_id": "S028"}}, {"type": "Feature", "geometry": {"type": "Polygon", "coordinates": [[[-157.1909337704827, 21.20555385566792], [-157.19093091496103, 21.20555382507523], [-157.19093094658783, 21.20555122912531], [-157.1909338021094, 21.205551259718], [-157.1909337704827, 21.20555385566792]]]}, "properties": {"item_id": "1513_917_9253_584", "cls": "plastic_buoy", "cls_raw": "Plastic_Buoy", "score": 0.1338593065738678, "area_m2": 0.08523268164845439, "weight_est_kg": 1.534188269672179, "weight_lo_kg": 0.7670941348360895, "weight_hi_kg": 2.0455843595629055, "crew": "1인", "stop_id": "S028"}}, {"type": "Feature", "geometry": {"type": "Polygon", "coordinates": [[[-157.1909630716921, 21.205566133506043], [-157.1909584296321, 21.205566083773995], [-157.1909584871869, 21.205561359564104], [-157.19096312924674, 21.20556140929614], [-157.1909630716921, 21.205566133506043]]]}, "properties": {"item_id": "1513_917_9253_585", "cls": "pet_bottle", "cls_raw": "PET_Bottle", "score": 0.12474140524864197, "area_m2": 0.25215307597524234, "weight_est_kg": 0.4992630904309798, "weight_lo_kg": 0.41605257535914986, "weight_hi_kg": 0.8321051507182997, "crew": "1인", "stop_id": "S029"}}, {"type": "Feature", "geometry": {"type": "Polygon", "coordinates": [[[-157.19098998603027, 21.205552846322643], [-157.19098504357316, 21.205552793373133], [-157.1909850950883, 21.205548564843262], [-157.1909900375453, 21.205548617792758], [-157.19098998603027, 21.205552846322643]]]}, "properties": {"item_id": "1513_917_9253_586", "cls": "plastic_buoy", "cls_raw": "Plastic_Buoy", "score": 0.1065395325422287, "area_m2": 0.24030160684144505, "weight_est_kg": 4.325428923146011, "weight_lo_kg": 2.1627144615730054, "weight_hi_kg": 5.767238564194682, "crew": "1인", "stop_id": "S029"}}, {"type": "Feature", "geometry": {"type": "Polygon", "coordinates": [[[-157.18843062720705, 21.20375572705083], [-157.18842514540643, 21.203755668244114], [-157.18842518931012, 21.203752069247248], [-157.1884306711106, 21.20375212805396], [-157.18843062720705, 21.20375572705083]]]}, "properties": {"item_id": "1723_14184_3561_601", "cls": "net", "cls_raw": "Net", "score": 0.28200864791870117, "area_m2": 0.2268482641578284, "weight_est_kg": 4.083268754840911, "weight_lo_kg": 1.7013619811837133, "weight_hi_kg": 10.208171887102278, "crew": "1인", "stop_id": "S035"}}, {"type": "Feature", "geometry": {"type": "Polygon", "coordinates": [[[-157.1884916460206, 21.20378633514455], [-157.1884865983678, 21.203786280996976], [-157.18848665236536, 21.203781854414142], [-157.18849170001803, 21.20378190856171], [-157.1884916460206, 21.20378633514455]]]}, "properties": {"item_id": "1723_14184_3561_602", "cls": "net", "cls_raw": "Net", "score": 0.23063212633132935, "area_m2": 0.2569145550984596, "weight_est_kg": 4.6244619917722725, "weight_lo_kg": 1.926859163238447, "weight_hi_kg": 11.56115497943068, "crew": "1인", "stop_id": "S035"}}, {"type": "Feature", "geometry": {"type": "Polygon", "coordinates": [[[-157.18844638920905, 21.203812401746617], [-157.18843897492124, 21.20381232220937], [-157.18843906213192, 21.203805173096246], [-157.1884464764194, 21.20380525263345], [-157.18844638920905, 21.203812401746617]]]}, "properties": {"item_id": "1723_14184_3561_603", "cls": "eps_fragment", "cls_raw": "Styrofoam_Piece", "score": 0.20295658707618713, "area_m2": 0.6094698099704111, "weight_est_kg": 0.36568188598224666, "weight_lo_kg": 0.24378792398816446, "weight_hi_kg": 1.2189396199408222, "crew": "1인", "stop_id": "S035"}}, {"type": "Feature", "geometry": {"type": "Polygon", "coordinates": [[[-157.18848588467623, 21.203779057629884], [-157.18848231830466, 21.203779019372337], [-157.18848236154045, 21.203775475021537], [-157.18848592791193, 21.20377551327909], [-157.18848588467623, 21.203779057629884]]]}, "properties": {"item_id": "1723_14184_3561_604", "cls": "net", "cls_raw": "Net", "score": 0.1999482810497284, "area_m2": 0.145342942679337, "weight_est_kg": 2.616172968228066, "weight_lo_kg": 1.0900720700950275, "weight_hi_kg": 6.5404324205701645, "crew": "1인", "stop_id": "S035"}}, {"type": "Feature", "geometry": {"type": "Polygon", "coordinates": [[[-157.18839645340643, 21.20371380338717], [-157.18839238189136, 21.203713759708712], [-157.1883924279206, 21.203709986532047], [-157.18839649943556, 21.203710030210484], [-157.18839645340643, 21.20371380338717]]]}, "properties": {"item_id": "1723_14573_4097_609", "cls": "eps_fragment", "cls_raw": "Styrofoam_Piece", "score": 0.2779123783111572, "area_m2": 0.17664204268459893, "weight_est_kg": 0.10598522561075935, "weight_lo_kg": 0.07065681707383958, "weight_hi_kg": 0.35328408536919786, "crew": "1인", "stop_id": "S035"}}, {"type": "Feature", "geometry": {"type": "Polygon", "coordinates": [[[-157.18835952224597, 21.203702026952985], [-157.18835167790542, 21.20370194279863], [-157.18835171572178, 21.203698842926386], [-157.18835956006217, 21.203698927080737], [-157.18835952224597, 21.203702026952985]]]}, "properties": {"item_id": "1723_14573_4097_610", "cls": "pet_bottle", "cls_raw": "PET_Bottle", "score": 0.22074361145496368, "area_m2": 0.2795961465836266, "weight_est_kg": 0.5536003702355806, "weight_lo_kg": 0.46133364186298387, "weight_hi_kg": 0.9226672837259677, "crew": "1인", "stop_id": "S035"}}, {"type": "Feature", "geometry": {"type": "Polygon", "coordinates": [[[-157.18840371959809, 21.203718301398776], [-157.1883988503589, 21.203718249162698], [-157.1883989038722, 21.203713862476057], [-157.18840377311122, 21.203713914712125], [-157.18840371959809, 21.203718301398776]]]}, "properties": {"item_id": "1723_14573_4097_611", "cls": "plastic_other", "cls_raw": "Plastic_ETC", "score": 0.18782258033752441, "area_m2": 0.24560013234621428, "weight_est_kg": 0.5894403176309142, "weight_lo_kg": 0.3929602117539428, "weight_hi_kg": 1.9648010587697142, "crew": "1인", "stop_id": "S035"}}, {"type": "Feature", "geometry": {"type": "Polygon", "coordinates": [[[-157.1883736291131, 21.203696716354337], [-157.1883710027027, 21.20369668817838], [-157.18837103247728, 21.20369424747765], [-157.18837365888768, 21.203694275653593], [-157.1883736291131, 21.203696716354337]]]}, "properties": {"item_id": "1723_14573_4097_612", "cls": "plastic_buoy", "cls_raw": "Plastic_Buoy", "score": 0.14899174869060516, "area_m2": 0.073706888508815, "weight_est_kg": 1.3267239931586698, "weight_lo_kg": 0.6633619965793349, "weight_hi_kg": 1.7689653242115602, "crew": "1인", "stop_id": "S035"}}, {"type": "Feature", "geometry": {"type": "Polygon", "coordinates": [[[-157.18837932722562, 21.203705818369226], [-157.1883756842059, 21.203705779287255], [-157.1883757224075, 21.20370264779803], [-157.1883793654271, 21.20370268688], [-157.18837932722562, 21.203705818369226]]]}, "properties": {"item_id": "1723_14573_4097_613", "cls": "plastic_buoy", "cls_raw": "Plastic_Buoy", "score": 0.14889249205589294, "area_m2": 0.13117267137769145, "weight_est_kg": 2.3611080847984462, "weight_lo_kg": 1.1805540423992231, "weight_hi_kg": 3.148144113064595, "crew": "1인", "stop_id": "S035"}}, {"type": "Feature", "geometry": {"type": "Polygon", "coordinates": [[[-157.1884177433637, 21.203742366668656], [-157.1884117383233, 21.20374230224839], [-157.1884117781584, 21.20373903679496], [-157.18841778319867, 21.20373910121523], [-157.1884177433637, 21.203742366668656]]]}, "properties": {"item_id": "1723_14573_4097_614", "cls": "net", "cls_raw": "Net", "score": 0.14278288185596466, "area_m2": 0.22547076006835343, "weight_est_kg": 4.058473681230361, "weight_lo_kg": 1.6910307005126508, "weight_hi_kg": 10.146184203075904, "crew": "1인", "stop_id": "S035"}}, {"type": "Feature", "geometry": {"type": "Polygon", "coordinates": [[[-157.18838537310685, 21.203712522918668], [-157.18837966578667, 21.20371246169122], [-157.1883797177706, 21.20370820041412], [-157.18838542509064, 21.20370826164154], [-157.18838537310685, 21.203712522918668]]]}, "properties": {"item_id": "1723_14573_4097_615", "cls": "plastic_other", "cls_raw": "Plastic_ETC", "score": 0.12491215765476227, "area_m2": 0.27964233269698413, "weight_est_kg": 0.6711415984727619, "weight_lo_kg": 0.44742773231517463, "weight_hi_kg": 2.237138661575873, "crew": "1인", "stop_id": "S035"}}, {"type": "Feature", "geometry": {"type": "Polygon", "coordinates": [[[-157.18842933826878, 21.20375582279211], [-157.18842525888718, 21.203755779030004], [-157.18842530943905, 21.20375163504862], [-157.18842938882054, 21.203751678810708], [-157.18842933826878, 21.20375582279211]]]}, "properties": {"item_id": "1723_14573_4097_616", "cls": "net", "cls_raw": "Net", "score": 0.12269433587789536, "area_m2": 0.19437610841696326, "weight_est_kg": 3.4987699515053388, "weight_lo_kg": 1.4578208131272246, "weight_hi_kg": 8.746924878763346, "crew": "1인", "stop_id": "S035"}}, {"type": "Feature", "geometry": {"type": "Polygon", "coordinates": [[[-157.18841787346994, 21.203742293124183], [-157.1884118381998, 21.203742228379625], [-157.18841187931218, 21.203738858219836], [-157.18841791458223, 21.203738922964394], [-157.18841787346994, 21.203742293124183]]]}, "properties": {"item_id": "1723_14584_3758_624", "cls": "net", "cls_raw": "Net", "score": 0.2930712401866913, "area_m2": 0.2338718810827121, "weight_est_kg": 4.209693859488818, "weight_lo_kg": 1.7540391081203408, "weight_hi_kg": 10.524234648722045, "crew": "1인", "stop_id": "S035"}}, {"type": "Feature", "geometry": {"type": "Polygon", "coordinates": [[[-157.18840366547238, 21.203718189703306], [-157.1883981152903, 21.203718130162216], [-157.18839815991961, 21.203714471734777], [-157.1884037101015, 21.203714531275864], [-157.18840366547238, 21.203718189703306]]]}, "properties": {"item_id": "1723_14584_3758_625", "cls": "net", "cls_raw": "Net", "score": 0.19289469718933105, "area_m2": 0.2334707887366994, "weight_est_kg": 4.202474197260589, "weight_lo_kg": 1.7510309155252457, "weight_hi_kg": 10.506185493151474, "crew": "1인", "stop_id": "S035"}}, {"type": "Feature", "geometry": {"type": "Polygon", "coordinates": [[[-157.18840194101057, 21.203822511641807], [-157.18839537802506, 21.203822441235218], [-157.18839543236683, 21.203817986668103], [-157.18840199535214, 21.203818057074674], [-157.18840194101057, 21.203822511641807]]]}, "properties": {"item_id": "1723_14584_3758_626", "cls": "net", "cls_raw": "Net", "score": 0.1025976613163948, "area_m2": 0.3361534182248541, "weight_est_kg": 6.050761528047373, "weight_lo_kg": 2.521150636686406, "weight_hi_kg": 15.126903820118434, "crew": "1인", "stop_id": "S035"}}, {"type": "Feature", "geometry": {"type": "Polygon", "coordinates": [[[-157.18940269315306, 21.204431784981892], [-157.18939486984453, 21.2044317010992], [-157.18939498785187, 21.204422022625515], [-157.18940281115988, 21.204422106508165], [-157.18940269315306, 21.204431784981892]]]}, "properties": {"item_id": "1723_9477_2_632", "cls": "plastic_other", "cls_raw": "Plastic_ETC", "score": 0.3027116656303406, "area_m2": 0.8706140626067597, "weight_est_kg": 2.089473750256223, "weight_lo_kg": 1.3929825001708154, "weight_hi_kg": 6.964912500854078, "crew": "1인", "stop_id": "S034"}}, {"type": "Feature", "geometry": {"type": "Polygon", "coordinates": [[[-157.18937984090806, 21.2044305461733], [-157.18937471867656, 21.204430491251305], [-157.18937479094242, 21.204424564371042], [-157.1893799131737, 21.204424619293015], [-157.18937984090806, 21.2044305461733]]]}, "properties": {"item_id": "1723_9477_2_633", "cls": "plastic_other", "cls_raw": "Plastic_ETC", "score": 0.16804994642734528, "area_m2": 0.34907095532425975, "weight_est_kg": 0.8377702927782233, "weight_lo_kg": 0.5585135285188156, "weight_hi_kg": 2.7925676425940784, "crew": "1인", "stop_id": "S034"}}, {"type": "Feature", "geometry": {"type": "Polygon", "coordinates": [[[-157.1883360688334, 21.203695384266684], [-157.188331122084, 21.203695331197157], [-157.18833116009202, 21.203692215648754], [-157.18833610684132, 21.20369226871828], [-157.1883360688334, 21.203695384266684]]]}, "properties": {"item_id": "1724_-247_4090_639", "cls": "pet_bottle", "cls_raw": "PET_Bottle", "score": 0.4403867721557617, "area_m2": 0.1772088419557058, "weight_est_kg": 0.3508735070722975, "weight_lo_kg": 0.2923945892269146, "weight_hi_kg": 0.5847891784538292, "crew": "1인", "stop_id": "S035"}}, {"type": "Feature", "geometry": {"type": "Polygon", "coordinates": [[[-157.18832400747596, 21.203752694273483], [-157.18831954952668, 21.20375264644746], [-157.18831959688166, 21.203748764758572], [-157.18832405483082, 21.20374881258457], [-157.18832400747596, 21.203752694273483]]]}, "properties": {"item_id": "1724_-247_4090_640", "cls": "net", "cls_raw": "Net", "score": 0.207048699259758, "area_m2": 0.19896957245474037, "weight_est_kg": 3.5814523041853263, "weight_lo_kg": 1.4922717934105527, "weight_hi_kg": 8.953630760463316, "crew": "1인", "stop_id": "S035"}}, {"type": "Feature", "geometry": {"type": "Polygon", "coordinates": [[[-157.18829764455202, 21.203693640592494], [-157.18829393031677, 21.203693600744746], [-157.1882939712322, 21.20369024694484], [-157.18829768546732, 21.203690286792586], [-157.18829764455202, 21.203693640592494]]]}, "properties": {"item_id": "1724_-247_4090_641", "cls": "net", "cls_raw": "Net", "score": 0.16006720066070557, "area_m2": 0.14323117308620198, "weight_est_kg": 2.5781611155516355, "weight_lo_kg": 1.0742337981465149, "weight_hi_kg": 6.445402788879089, "crew": "1인", "stop_id": "S035"}}, {"type": "Feature", "geometry": {"type": "Polygon", "coordinates": [[[-157.1883048365471, 21.20369063698799], [-157.18829857952002, 21.203690569860417], [-157.18829862826678, 21.20368657411957], [-157.18830488529372, 21.20368664124713], [-157.1883048365471, 21.20369063698799]]]}, "properties": {"item_id": "1724_-247_4090_642", "cls": "pet_bottle", "cls_raw": "PET_Bottle", "score": 0.1269908845424652, "area_m2": 0.28747253199673883, "weight_est_kg": 0.5691956133535429, "weight_lo_kg": 0.4743296777946191, "weight_hi_kg": 0.9486593555892382, "crew": "1인", "stop_id": "S035"}}, {"type": "Feature", "geometry": {"type": "Polygon", "coordinates": [[[-157.18833651883475, 21.20381048260311], [-157.1883307426813, 21.203810420635328], [-157.18833079133245, 21.203806432688456], [-157.18833656748572, 21.203806494656224], [-157.18833651883475, 21.20381048260311]]]}, "properties": {"item_id": "1724_-255_3764_648", "cls": "net", "cls_raw": "Net", "score": 0.20634843409061432, "area_m2": 0.2648614358157578, "weight_est_kg": 4.767505844683639, "weight_lo_kg": 1.9864607686181832, "weight_hi_kg": 11.9187646117091, "crew": "1인", "stop_id": "S035"}}, {"type": "Feature", "geometry": {"type": "Polygon", "coordinates": [[[-157.18803787782613, 21.203534574950744], [-157.1880313582669, 21.203534504996732], [-157.1880314339651, 21.20352830093182], [-157.18803795352403, 21.203528370885795], [-157.18803787782613, 21.203534574950744]]]}, "properties": {"item_id": "1724_1426_4958_651", "cls": "plastic_other", "cls_raw": "Plastic_ETC", "score": 0.360623836517334, "area_m2": 0.4650783781529628, "weight_est_kg": 1.1161881075671107, "weight_lo_kg": 0.7441254050447406, "weight_hi_kg": 3.7206270252237026, "crew": "1인", "stop_id": "S036"}}, {"type": "Feature", "geometry": {"type": "Polygon", "coordinates": [[[-157.18805230101722, 21.203586493963936], [-157.18804805703292, 21.203586448426844], [-157.1880481252611, 21.20358085655025], [-157.1880523692452, 21.20358090208733], [-157.18805230101722, 21.203586493963936]]]}, "properties": {"item_id": "1724_1426_4958_652", "cls": "pet_bottle", "cls_raw": "PET_Bottle", "score": 0.31504884362220764, "area_m2": 0.27287438683972953, "weight_est_kg": 0.5402912859426644, "weight_lo_kg": 0.4502427382855538, "weight_hi_kg": 0.9004854765711076, "crew": "1인", "stop_id": "S036"}}, {"type": "Feature", "geometry": {"type": "Polygon", "coordinates": [[[-157.18796458771334, 21.203534682864014], [-157.18795990425053, 21.20353463260906], [-157.18795994414035, 21.203531363452285], [-157.18796462760307, 21.203531413707232], [-157.18796458771334, 21.203534682864014]]]}, "properties": {"item_id": "1724_1426_4958_653", "cls": "plastic_other", "cls_raw": "Plastic_ETC", "score": 0.1699807196855545, "area_m2": 0.17604935646061504, "weight_est_kg": 0.42251845550547606, "weight_lo_kg": 0.2816789703369841, "weight_hi_kg": 1.4083948516849203, "crew": "1인", "stop_id": "S036"}}, {"type": "Feature", "geometry": {"type": "Polygon", "coordinates": [[[-157.1880133653839, 21.203532655322306], [-157.1880044780193, 21.203532559960706], [-157.18800460057994, 21.203522515296907], [-157.1880134879439, 21.203522610658453], [-157.1880133653839, 21.203532655322306]]]}, "properties": {"item_id": "1724_1426_4958_654", "cls": "pet_bottle", "cls_raw": "PET_Bottle", "score": 0.15962374210357666, "area_m2": 1.026455204129474, "weight_est_kg": 2.0323813041763588, "weight_lo_kg": 1.6936510868136323, "weight_hi_kg": 3.3873021736272646, "crew": "1인", "stop_id": "S036"}}, {"type": "Feature", "geometry": {"type": "Polygon", "coordinates": [[[-157.18803418833988, 21.203559745598252], [-157.18802881228422, 21.203559687913735], [-157.188028895364, 21.203552878882622], [-157.1880342714195, 21.203552936567124], [-157.18803418833988, 21.203559745598252]]]}, "properties": {"item_id": "1724_1426_4958_655", "cls": "plastic_other", "cls_raw": "Plastic_ETC", "score": 0.12464922666549683, "area_m2": 0.4209016122245344, "weight_est_kg": 1.0101638693388826, "weight_lo_kg": 0.6734425795592551, "weight_hi_kg": 3.367212897796276, "crew": "1인", "stop_id": "S036"}}, {"type": "Feature", "geometry": {"type": "Polygon", "coordinates": [[[-157.1868575778417, 21.203153211518355], [-157.1868532072937, 21.20315316459309], [-157.18685325077354, 21.203149603323357], [-157.18685762132145, 21.203149650248612], [-157.1868575778417, 21.203153211518355]]]}, "properties": {"item_id": "1724_7356_7370_664", "cls": "net", "cls_raw": "Net", "score": 0.13809087872505188, "area_m2": 0.17896743270461238, "weight_est_kg": 3.221413788683023, "weight_lo_kg": 1.342255745284593, "weight_hi_kg": 8.053534471707556, "crew": "1인", "stop_id": "S037"}}, {"type": "Feature", "geometry": {"type": "Polygon", "coordinates": [[[-157.1869334340231, 21.203091632345554], [-157.18692420925052, 21.203091533306182], [-157.1869243064287, 21.203083573468994], [-157.18693353120076, 21.203083672508313], [-157.1869334340231, 21.203091632345554]]]}, "properties": {"item_id": "1724_7356_7370_665", "cls": "plastic_other", "cls_raw": "Plastic_ETC", "score": 0.1093703955411911, "area_m2": 0.8442931000324201, "weight_est_kg": 2.0263034400778084, "weight_lo_kg": 1.3508689600518722, "weight_hi_kg": 6.754344800259361, "crew": "1인", "stop_id": "S037"}}, {"type": "Feature", "geometry": {"type": "Polygon", "coordinates": [[[-157.18666474962632, 21.20310029302299], [-157.18666000279416, 21.203100242052358], [-157.1866600378626, 21.203097370026807], [-157.18666478469464, 21.203097420997437], [-157.18666474962632, 21.20310029302299]]]}, "properties": {"item_id": "1724_8245_7681_674", "cls": "net", "cls_raw": "Net", "score": 0.26982924342155457, "area_m2": 0.1567565385178121, "weight_est_kg": 2.8216176933206176, "weight_lo_kg": 1.1756740388835907, "weight_hi_kg": 7.0540442333015445, "crew": "1인", "stop_id": "S038"}}, {"type": "Feature", "geometry": {"type": "Polygon", "coordinates": [[[-157.1866663290828, 21.20301661318663], [-157.18666071435862, 21.20301655289695], [-157.18666076430014, 21.203012462782674], [-157.18666637902416, 21.203012523072342], [-157.1866663290828, 21.20301661318663]]]}, "properties": {"item_id": "1724_8245_7681_675", "cls": "net", "cls_raw": "Net", "score": 0.2221428006887436, "area_m2": 0.2640569465757073, "weight_est_kg": 4.75302503836273, "weight_lo_kg": 1.9804270993178046, "weight_hi_kg": 11.882562595906828, "crew": "1인", "stop_id": "S038"}}, {"type": "Feature", "geometry": {"type": "Polygon", "coordinates": [[[-157.18675245828334, 21.20304728230734], [-157.18674856980786, 21.20304724055571], [-157.186748607761, 21.20304413212032], [-157.1867524962364, 21.203044173871948], [-157.18675245828334, 21.20304728230734]]]}, "properties": {"item_id": "1724_8245_7681_676", "cls": "net", "cls_raw": "Net", "score": 0.10125292837619781, "area_m2": 0.1389808013432073, "weight_est_kg": 2.5016544241777314, "weight_lo_kg": 1.042356010074055, "weight_hi_kg": 6.254136060444329, "crew": "1인", "stop_id": "S038"}}, {"type": "Feature", "geometry": {"type": "Polygon", "coordinates": [[[-157.18655503573163, 21.203027780313825], [-157.18654921279168, 21.20302771778451], [-157.18654925956338, 21.203023887506898], [-157.1865550825032, 21.20302395003622], [-157.18655503573163, 21.203027780313825]]]}, "properties": {"item_id": "1724_8740_7557_678", "cls": "pet_bottle", "cls_raw": "PET_Bottle", "score": 0.3749690353870392, "area_m2": 0.25645213236815145, "weight_est_kg": 0.5077752220889399, "weight_lo_kg": 0.4231460184074499, "weight_hi_kg": 0.8462920368148998, "crew": "1인", "stop_id": "S039"}}, {"type": "Feature", "geometry": {"type": "Polygon", "coordinates": [[[-157.1866471806795, 21.203109306166812], [-157.18664234336984, 21.203109254224113], [-157.18664238704605, 21.203105677278614], [-157.1866472243556, 21.203105729221292], [-157.1866471806795, 21.203109306166812]]]}, "properties": {"item_id": "1724_8740_7557_679", "cls": "net", "cls_raw": "Net", "score": 0.269650399684906, "area_m2": 0.19895263108318026, "weight_est_kg": 3.5811473594972445, "weight_lo_kg": 1.4921447331238522, "weight_hi_kg": 8.952868398743112, "crew": "1인", "stop_id": "S038"}}, {"type": "Feature", "geometry": {"type": "Polygon", "coordinates": [[[-157.18666474523388, 21.203100510725903], [-157.18666003255186, 21.20310046012196], [-157.1866600708585, 21.203097322897477], [-157.1866647835404, 21.203097373501414], [-157.18666474523388, 21.203100510725903]]]}, "properties": {"item_id": "1724_8740_7557_680", "cls": "net", "cls_raw": "Net", "score": 0.25311478972435, "area_m2": 0.16999933556248, "weight_est_kg": 3.0599880401246398, "weight_lo_kg": 1.2749950167186002, "weight_hi_kg": 7.6499701003116005, "crew": "1인", "stop_id": "S038"}}, {"type": "Feature", "geometry": {"type": "Polygon", "coordinates": [[[-157.18661561439765, 21.20303373120493], [-157.1866087677064, 21.203033657684532], [-157.1866088366093, 21.20302801483003], [-157.18661568330035, 21.203028088350408], [-157.18661561439765, 21.20303373120493]]]}, "properties": {"item_id": "1724_8740_7557_681", "cls": "pet_bottle", "cls_raw": "PET_Bottle", "score": 0.15943793952465057, "area_m2": 0.444235545446089, "weight_est_kg": 0.8795863799832562, "weight_lo_kg": 0.732988649986047, "weight_hi_kg": 1.465977299972094, "crew": "1인", "stop_id": "S039"}}, {"type": "Feature", "geometry": {"type": "Polygon", "coordinates": [[[-157.1866724978382, 21.203018453071643], [-157.1866505837325, 21.203018217762512], [-157.18665069067416, 21.203009459488904], [-157.18667260477858, 21.203009694797935], [-157.1866724978382, 21.203018453071643]]]}, "properties": {"item_id": "1724_8740_7557_682", "cls": "plastic_other", "cls_raw": "Plastic_ETC", "score": 0.13356108963489532, "area_m2": 2.206866125058186, "weight_est_kg": 5.296478700139646, "weight_lo_kg": 3.530985800093097, "weight_hi_kg": 17.654929000465486, "crew": "1인", "stop_id": "S038"}}, {"type": "Feature", "geometry": {"type": "Polygon", "coordinates": [[[-157.18661417679496, 21.203070577140462], [-157.18660427676406, 21.203070470832692], [-157.18660436170362, 21.20306351467985], [-157.186614261734, 21.203063620987564], [-157.18661417679496, 21.203070577140462]]]}, "properties": {"item_id": "1724_8740_7557_683", "cls": "plastic_other", "cls_raw": "Plastic_ETC", "score": 0.1158103421330452, "area_m2": 0.7918433395745338, "weight_est_kg": 1.900424014978881, "weight_lo_kg": 1.2669493433192542, "weight_hi_kg": 6.334746716596271, "crew": "1인", "stop_id": "S039"}}, {"type": "Feature", "geometry": {"type": "Polygon", "coordinates": [[[-157.18653199084002, 21.20305062635223], [-157.18652523582455, 21.203050553812854], [-157.18652530247962, 21.203045095307985], [-157.18653205749482, 21.20304516784734], [-157.18653199084002, 21.20305062635223]]]}, "properties": {"item_id": "1724_9381_7750_694", "cls": "pet_bottle", "cls_raw": "PET_Bottle", "score": 0.4073379933834076, "area_m2": 0.423968653302, "weight_est_kg": 0.8394579335379599, "weight_lo_kg": 0.6995482779483001, "weight_hi_kg": 1.3990965558966002, "crew": "1인", "stop_id": "S039"}}, {"type": "Feature", "geometry": {"type": "Polygon", "coordinates": [[[-157.1864461747652, 21.202982491990614], [-157.18644074387748, 21.202982433667923], [-157.18644080331183, 21.202977566690695], [-157.18644623419934, 21.20297762501337], [-157.1864461747652, 21.202982491990614]]]}, "properties": {"item_id": "1724_9381_7750_695", "cls": "plastic_buoy", "cls_raw": "Plastic_Buoy_China", "score": 0.365537166595459, "area_m2": 0.30392335238464274, "weight_est_kg": 5.470620342923569, "weight_lo_kg": 2.7353101714617845, "weight_hi_kg": 7.294160457231426, "crew": "1인", "stop_id": "S039"}}, {"type": "Feature", "geometry": {"type": "Polygon", "coordinates": [[[-157.18290635785115, 21.202332384079533], [-157.18290279456713, 21.202332345739396], [-157.18290283464333, 21.202329070252542], [-157.18290639792724, 21.202329108592668], [-157.18290635785115, 21.202332384079533]]]}, "properties": {"item_id": "1725_13156_9587_702", "cls": "plastic_buoy", "cls_raw": "Plastic_Buoy", "score": 0.15682511031627655, "area_m2": 0.13420349083099123, "weight_est_kg": 2.415662834957842, "weight_lo_kg": 1.207831417478921, "weight_hi_kg": 3.2208837799437893, "crew": "1인", "stop_id": "S040"}}, {"type": "Feature", "geometry": {"type": "Polygon", "coordinates": [[[-157.18291399095258, 21.202288047476916], [-157.18291006382364, 21.202288005222147], [-157.18291010609283, 21.202284550473827], [-157.1829140332217, 21.202284592728592], [-157.18291399095258, 21.202288047476916]]]}, "properties": {"item_id": "1725_13156_9587_703", "cls": "plastic_buoy", "cls_raw": "Plastic_Buoy", "score": 0.14982043206691742, "area_m2": 0.1560016562700659, "weight_est_kg": 2.8080298128611862, "weight_lo_kg": 1.4040149064305931, "weight_hi_kg": 3.744039750481582, "crew": "1인", "stop_id": "S040"}}, {"type": "Feature", "geometry": {"type": "Polygon", "coordinates": [[[-157.18288346152465, 21.202363566881356], [-157.18287986970918, 21.202363528233708], [-157.1828799147975, 21.20235984314983], [-157.18288350661285, 21.202359881797477], [-157.18288346152465, 21.202363566881356]]]}, "properties": {"item_id": "1725_13156_9587_704", "cls": "plastic_buoy", "cls_raw": "Plastic_Buoy", "score": 0.11939050257205963, "area_m2": 0.1521944532931229, "weight_est_kg": 2.739500159276212, "weight_lo_kg": 1.369750079638106, "weight_hi_kg": 3.6526668790349497, "crew": "1인", "stop_id": "S040"}}, {"type": "Feature", "geometry": {"type": "Polygon", "coordinates": [[[-157.18288059290947, 21.202270104969056], [-157.1828753596458, 21.202270048659628], [-157.18287540586647, 21.20226627101814], [-157.18288063913, 21.202266327327557], [-157.18288059290947, 21.202270104969056]]]}, "properties": {"item_id": "1725_13156_9587_705", "cls": "net", "cls_raw": "Net", "score": 0.10629435628652573, "area_m2": 0.2273165513218014, "weight_est_kg": 4.091697923792425, "weight_lo_kg": 1.7048741349135106, "weight_hi_kg": 10.229244809481063, "crew": "1인", "stop_id": "S040"}}, {"type": "Feature", "geometry": {"type": "Polygon", "coordinates": [[[-157.18282373855246, 21.202277685990172], [-157.18281818833566, 21.202277626268476], [-157.18281825752277, 21.202271971745418], [-157.18282380773937, 21.202272031467093], [-157.18282373855246, 21.202277685990172]]]}, "properties": {"item_id": "1725_13156_9587_706", "cls": "plastic_buoy", "cls_raw": "Plastic_Buoy", "score": 0.10260823369026184, "area_m2": 0.3608640644074383, "weight_est_kg": 6.495553159333889, "weight_lo_kg": 3.2477765796669447, "weight_hi_kg": 8.66073754577852, "crew": "1인", "stop_id": "S040"}}, {"type": "Feature", "geometry": {"type": "Polygon", "coordinates": [[[-157.18280902432116, 21.202214341781975], [-157.18280241696615, 21.20221427068479], [-157.18280250159205, 21.202207354419787], [-157.18280910894674, 21.202207425516956], [-157.18280902432116, 21.202214341781975]]]}, "properties": {"item_id": "1725_13394_10093_711", "cls": "eps_fragment", "cls_raw": "Styrofoam_Piece", "score": 0.2736632823944092, "area_m2": 0.5254569784791583, "weight_est_kg": 0.315274187087495, "weight_lo_kg": 0.21018279139166332, "weight_hi_kg": 1.0509139569583166, "crew": "1인", "stop_id": "S040"}}, {"type": "Feature", "geometry": {"type": "Polygon", "coordinates": [[[-157.1828336924139, 21.202209887348552], [-157.18282864075212, 21.202209832991873], [-157.18282869289246, 21.20220557162794], [-157.1828337445541, 21.202205625984604], [-157.1828336924139, 21.202209887348552]]]}, "properties": {"item_id": "1725_13394_10093_712", "cls": "eps_fragment", "cls_raw": "Styrofoam_Piece", "score": 0.1806294471025467, "area_m2": 0.24752598178094817, "weight_est_kg": 0.14851558906856888, "weight_lo_kg": 0.09901039271237927, "weight_hi_kg": 0.49505196356189635, "crew": "1인", "stop_id": "S040"}}, {"type": "Feature", "geometry": {"type": "Polygon", "coordinates": [[[-157.18279399201126, 21.20226908803205], [-157.1827892715483, 21.2022690372379], [-157.18278932288268, 21.20226484184865], [-157.18279404334552, 21.20226489264279], [-157.18279399201126, 21.20226908803205]]]}, "properties": {"item_id": "1725_13394_10093_713", "cls": "plastic_buoy", "cls_raw": "Plastic_Buoy", "score": 0.14221809804439545, "area_m2": 0.22771655338710245, "weight_est_kg": 4.098897960967844, "weight_lo_kg": 2.049448980483922, "weight_hi_kg": 5.465197281290459, "crew": "1인", "stop_id": "S040"}}, {"type": "Feature", "geometry": {"type": "Polygon", "coordinates": [[[-157.1828261747564, 21.202206215652136], [-157.18282235065539, 21.202206174504063], [-157.1828223927009, 21.202202738188024], [-157.18282621680186, 21.202202779336105], [-157.1828261747564, 21.202206215652136]]]}, "properties": {"item_id": "1725_13394_10093_714", "cls": "eps_fragment", "cls_raw": "Styrofoam_Piece", "score": 0.1341230720281601, "area_m2": 0.15109857473377167, "weight_est_kg": 0.090659144840263, "weight_lo_kg": 0.06043942989350867, "weight_hi_kg": 0.3021971494675434, "crew": "1인", "stop_id": "S040"}}, {"type": "Feature", "geometry": {"type": "Polygon", "coordinates": [[[-157.18278989262373, 21.202208799738617], [-157.18278514056382, 21.20220874860447], [-157.18278519739886, 21.202204103660243], [-157.18278994945862, 21.202204154794373], [-157.18278989262373, 21.202208799738617]]]}, "properties": {"item_id": "1725_13394_10093_715", "cls": "eps_fragment", "cls_raw": "Styrofoam_Piece", "score": 0.12706147134304047, "area_m2": 0.253805094242159, "weight_est_kg": 0.15228305654529542, "weight_lo_kg": 0.10152203769686362, "weight_hi_kg": 0.507610188484318, "crew": "1인", "stop_id": "S040"}}, {"type": "Feature", "geometry": {"type": "Polygon", "coordinates": [[[-157.18277651993918, 21.20225291450565], [-157.18277264569969, 21.202252872816853], [-157.18277271285027, 21.2022473848667], [-157.18277658708965, 21.202247426555488], [-157.18277651993918, 21.20225291450565]]]}, "properties": {"item_id": "1725_13394_10093_716", "cls": "plastic_buoy", "cls_raw": "Plastic_Buoy", "score": 0.1261197030544281, "area_m2": 0.24447498441642637, "weight_est_kg": 4.400549719495674, "weight_lo_kg": 2.200274859747837, "weight_hi_kg": 5.867399625994233, "crew": "1인", "stop_id": "S040"}}, {"type": "Feature", "geometry": {"type": "Polygon", "coordinates": [[[-157.18282352539904, 21.202277910137504], [-157.18281765344463, 21.202277846953816], [-157.18281772509, 21.202271991528534], [-157.18282359704412, 21.202272054712207], [-157.18282352539904, 21.202277910137504]]]}, "properties": {"item_id": "1725_13394_10093_717", "cls": "plastic_buoy", "cls_raw": "Plastic_Buoy", "score": 0.10774459689855576, "area_m2": 0.3953473433541185, "weight_est_kg": 7.116252180374132, "weight_lo_kg": 3.558126090187066, "weight_hi_kg": 9.488336240498844, "crew": "1인", "stop_id": "S040"}}, {"type": "Feature", "geometry": {"type": "Polygon", "coordinates": [[[-157.1827766565178, 21.20225356241459], [-157.18276845815404, 21.202253474195892], [-157.18276853375136, 21.202247295944364], [-157.18277673211477, 21.202247384163027], [-157.1827766565178, 21.20225356241459]]]}, "properties": {"item_id": "1725_13596_9775_722", "cls": "plastic_other", "cls_raw": "Plastic_ETC", "score": 0.21588075160980225, "area_m2": 0.5824123444320218, "weight_est_kg": 1.3977896266368521, "weight_lo_kg": 0.931859751091235, "weight_hi_kg": 4.659298755456175, "crew": "1인", "stop_id": "S040"}}, {"type": "Feature", "geometry": {"type": "Polygon", "coordinates": [[[-157.18278968382754, 21.202257332490305], [-157.18278649955602, 21.202257298226172], [-157.18278653906162, 21.202254069569484], [-157.18278972333303, 21.20225410383362], [-157.18278968382754, 21.202257332490305]]]}, "properties": {"item_id": "1725_13596_9775_723", "cls": "plastic_buoy", "cls_raw": "Plastic_Buoy", "score": 0.13016384840011597, "area_m2": 0.11821422390642719, "weight_est_kg": 2.127856030315689, "weight_lo_kg": 1.0639280151578445, "weight_hi_kg": 2.837141373754253, "crew": "1인", "stop_id": "S040"}}, {"type": "Feature", "geometry": {"type": "Polygon", "coordinates": [[[-157.18263063935854, 21.202292182281433], [-157.18262587812703, 21.202292131043944], [-157.18262592286587, 21.202288475019838], [-157.18263068409726, 21.202288526257323], [-157.18263063935854, 21.202292182281433]]]}, "properties": {"item_id": "1725_14232_9596_729", "cls": "net", "cls_raw": "Net", "score": 0.1830727458000183, "area_m2": 0.200154845178177, "weight_est_kg": 3.602787213207186, "weight_lo_kg": 1.5011613388363276, "weight_hi_kg": 9.006968033017964, "crew": "1인", "stop_id": "S041"}}, {"type": "Feature", "geometry": {"type": "Polygon", "coordinates": [[[-157.182692318446, 21.202291056595627], [-157.182687727082, 21.202291007187824], [-157.18268777190644, 21.202287344042098], [-157.18269236327032, 21.202287393449883], [-157.182692318446, 21.202291056595627]]]}, "properties": {"item_id": "1725_14232_9596_730", "cls": "net", "cls_raw": "Net", "score": 0.15021632611751556, "area_m2": 0.19338983917241134, "weight_est_kg": 3.4810171051034042, "weight_lo_kg": 1.450423793793085, "weight_hi_kg": 8.70254276275851, "crew": "1인", "stop_id": "S040"}}, {"type": "Feature", "geometry": {"type": "Polygon", "coordinates": [[[-157.18261420435738, 21.202270670011476], [-157.18261104409075, 21.202270636002336], [-157.18261108677154, 21.20226714818257], [-157.18261424703815, 21.202267182191704], [-157.18261420435738, 21.202270670011476]]]}, "properties": {"item_id": "1725_14232_9596_731", "cls": "plastic_buoy", "cls_raw": "Plastic_Buoy", "score": 0.13874438405036926, "area_m2": 0.12674055023196507, "weight_est_kg": 2.281329904175371, "weight_lo_kg": 1.1406649520876855, "weight_hi_kg": 3.0417732055671616, "crew": "1인", "stop_id": "S041"}}, {"type": "Feature", "geometry": {"type": "Polygon", "coordinates": [[[-157.1826305580432, 21.202292236353465], [-157.18262598204382, 21.202292187109332], [-157.18262602763994, 21.202288461030072], [-157.18263060363915, 21.202288510274194], [-157.1826305580432, 21.202292236353465]]]}, "properties": {"item_id": "1725_14532_9972_738", "cls": "net", "cls_raw": "Net", "score": 0.3324538767337799, "area_m2": 0.19605404296480333, "weight_est_kg": 3.5289727733664598, "weight_lo_kg": 1.470405322236025, "weight_hi_kg": 8.82243193341615, "crew": "1인", "stop_id": "S041"}}, {"type": "Feature", "geometry": {"type": "Polygon", "coordinates": [[[-157.18264417459042, 21.202234672649755], [-157.1826399606753, 21.202234627302584], [-157.18264000889988, 21.202230686384986], [-157.18264422281493, 21.202230731732136], [-157.18264417459042, 21.202234672649755]]]}, "properties": {"item_id": "1725_14532_9972_739", "cls": "net", "cls_raw": "Net", "score": 0.227787047624588, "area_m2": 0.19095061431829904, "weight_est_kg": 3.437111057729383, "weight_lo_kg": 1.432129607387243, "weight_hi_kg": 8.592777644323457, "crew": "1인", "stop_id": "S040"}}, {"type": "Feature", "geometry": {"type": "Polygon", "coordinates": [[[-157.18259720050065, 21.20225534549842], [-157.18259363259915, 21.20225530710219], [-157.18259367562382, 21.20225179121532], [-157.18259724352524, 21.20225182961155], [-157.18259720050065, 21.20225534549842]]]}, "properties": {"item_id": "1725_14532_9972_740", "cls": "plastic_buoy", "cls_raw": "Plastic_Buoy", "score": 0.15668657422065735, "area_m2": 0.14423997169736633, "weight_est_kg": 2.596319490552594, "weight_lo_kg": 1.298159745276297, "weight_hi_kg": 3.461759320736792, "crew": "1인", "stop_id": "S041"}}, {"type": "Feature", "geometry": {"type": "Polygon", "coordinates": [[[-157.1826006902599, 21.202272659373016], [-157.18259733808398, 21.20227262329837], [-157.18259737533683, 21.202269579068183], [-157.1826007275127, 21.202269615142818], [-157.1826006902599, 21.202272659373016]]]}, "properties": {"item_id": "1725_14532_9972_741", "cls": "plastic_buoy", "cls_raw": "Plastic_Buoy", "score": 0.13426916301250458, "area_m2": 0.11733892909216816, "weight_est_kg": 2.112100723659027, "weight_lo_kg": 1.0560503618295134, "weight_hi_kg": 2.816134298212036, "crew": "1인", "stop_id": "S041"}}, {"type": "Feature", "geometry": {"type": "Polygon", "coordinates": [[[-157.18267520500302, 21.202281667627442], [-157.18267134232303, 21.20228162606067], [-157.1826713888195, 21.202277826310958], [-157.18267525149935, 21.202277867877726], [-157.18267520500302, 21.202281667627442]]]}, "properties": {"item_id": "1725_14532_9972_742", "cls": "plastic_buoy", "cls_raw": "Plastic_Buoy", "score": 0.12256596982479095, "area_m2": 0.16876465018572753, "weight_est_kg": 3.0377637033430953, "weight_lo_kg": 1.5188818516715477, "weight_hi_kg": 4.050351604457461, "crew": "1인", "stop_id": "S040"}}, {"type": "Feature", "geometry": {"type": "Polygon", "coordinates": [[[-157.18260184978655, 21.202257965288226], [-157.18259788084464, 21.20225792257627], [-157.18259792320936, 21.202254460607822], [-157.18260189215124, 21.202254503319782], [-157.18260184978655, 21.202257965288226]]]}, "properties": {"item_id": "1725_14532_9972_743", "cls": "plastic_buoy", "cls_raw": "Plastic_Buoy", "score": 0.1171833947300911, "area_m2": 0.1579922278181111, "weight_est_kg": 2.8438601007259994, "weight_lo_kg": 1.4219300503629997, "weight_hi_kg": 3.7918134676346664, "crew": "1인", "stop_id": "S041"}}, {"type": "Feature", "geometry": {"type": "Polygon", "coordinates": [[[-157.1826142410103, 21.202270543654475], [-157.1826108489361, 21.20227050715074], [-157.18261089045217, 21.202267114512264], [-157.18261428252632, 21.202267151015988], [-157.1826142410103, 21.202270543654475]]]}, "properties": {"item_id": "1725_14532_9972_744", "cls": "plastic_buoy", "cls_raw": "Plastic_Buoy", "score": 0.1034703329205513, "area_m2": 0.13232465125623652, "weight_est_kg": 2.381843722612257, "weight_lo_kg": 1.1909218613061285, "weight_hi_kg": 3.1757916301496767, "crew": "1인", "stop_id": "S041"}}, {"type": "Feature", "geometry": {"type": "Polygon", "coordinates": [[[-157.1850473979123, 21.20281011000745], [-157.18504364112712, 21.20281006963221], [-157.18504368276552, 21.202806662525838], [-157.1850474395507, 21.202806702901068], [-157.1850473979123, 21.20281011000745]]]}, "properties": {"item_id": "1725_1843_7090_749", "cls": "plastic_buoy", "cls_raw": "Plastic_Buoy", "score": 0.19686812162399292, "area_m2": 0.14717605648640475, "weight_est_kg": 2.6491690167552853, "weight_lo_kg": 1.3245845083776426, "weight_hi_kg": 3.5322253556737144, "crew": "1인", "stop_id": "S042"}}, {"type": "Feature", "geometry": {"type": "Polygon", "coordinates": [[[-157.18503726919553, 21.202787885899138], [-157.1850347211689, 21.202787858514643], [-157.18503475922245, 21.20278474475752], [-157.18503730724905, 21.202784772141996], [-157.18503726919553, 21.202787885899138]]]}, "properties": {"item_id": "1725_1843_7090_750", "cls": "net", "cls_raw": "Net", "score": 0.12161076068878174, "area_m2": 0.09122710078956964, "weight_est_kg": 1.6420878142122535, "weight_lo_kg": 0.6842032559217722, "weight_hi_kg": 4.105219535530634, "crew": "1인", "stop_id": "S042"}}, {"type": "Feature", "geometry": {"type": "Polygon", "coordinates": [[[-157.18500823641833, 21.20277887314434], [-157.1850048668635, 21.20277883693004], [-157.18500491222176, 21.202775125516627], [-157.18500828177653, 21.202775161730912], [-157.18500823641833, 21.20277887314434]]]}, "properties": {"item_id": "1725_1843_7090_751", "cls": "net", "cls_raw": "Net", "score": 0.11356230825185776, "area_m2": 0.14379608965519663, "weight_est_kg": 2.5883296137935394, "weight_lo_kg": 1.0784706724139748, "weight_hi_kg": 6.470824034483849, "crew": "1인", "stop_id": "S042"}}, {"type": "Feature", "geometry": {"type": "Polygon", "coordinates": [[[-157.18507558172843, 21.202791159924715], [-157.18507215745086, 21.20279112312364], [-157.18507219629407, 21.202787944688502], [-157.18507562057155, 21.20278798148958], [-157.18507558172843, 21.202791159924715]]]}, "properties": {"item_id": "1725_1843_7090_752", "cls": "plastic_buoy", "cls_raw": "Plastic_Buoy", "score": 0.1038663238286972, "area_m2": 0.1251461404428197, "weight_est_kg": 2.252630527970754, "weight_lo_kg": 1.126315263985377, "weight_hi_kg": 3.0035073706276725, "crew": "1인", "stop_id": "S042"}}, {"type": "Feature", "geometry": {"type": "Polygon", "coordinates": [[[-157.18532130065762, 21.202805263567186], [-157.18531652440242, 21.202805212243163], [-157.18531657820571, 21.20280080907161], [-157.1853213544608, 21.202800860395623], [-157.18532130065762, 21.202805263567186]]]}, "properties": {"item_id": "1725_418_6804_756", "cls": "plastic_buoy", "cls_raw": "Plastic_Buoy", "score": 0.3443347215652466, "area_m2": 0.24181771745687772, "weight_est_kg": 4.352718914223798, "weight_lo_kg": 2.176359457111899, "weight_hi_kg": 5.803625218965066, "crew": "1인", "stop_id": "S043"}}, {"type": "Feature", "geometry": {"type": "Polygon", "coordinates": [[[-157.18530031884515, 21.202798999771797], [-157.18529538558232, 21.202798946760016], [-157.18529543794867, 21.2027946612369], [-157.18530037121133, 21.20279471424866], [-157.18530031884515, 21.202798999771797]]]}, "properties": {"item_id": "1725_418_6804_757", "cls": "plastic_buoy", "cls_raw": "Plastic_Buoy", "score": 0.27539435029029846, "area_m2": 0.24309336705213866, "weight_est_kg": 4.375680606938496, "weight_lo_kg": 2.187840303469248, "weight_hi_kg": 5.8342408092513285, "crew": "1인", "stop_id": "S043"}}, {"type": "Feature", "geometry": {"type": "Polygon", "coordinates": [[[-157.18538853879303, 21.20282036210654], [-157.18538488535043, 21.20282032284933], [-157.18538493966872, 21.202815877367403], [-157.18538859311127, 21.202815916624623], [-157.18538853879303, 21.20282036210654]]]}, "properties": {"item_id": "1725_418_6804_758", "cls": "plastic_buoy", "cls_raw": "Plastic_Buoy_China", "score": 0.1748722940683365, "area_m2": 0.1867480395466553, "weight_est_kg": 3.361464711839796, "weight_lo_kg": 1.680732355919898, "weight_hi_kg": 4.481952949119727, "crew": "1인", "stop_id": "S043"}}, {"type": "Feature", "geometry": {"type": "Polygon", "coordinates": [[[-157.18538845375645, 21.202815262033404], [-157.18538415146102, 21.202815215804094], [-157.18538420040562, 21.2028112101146], [-157.18538850270093, 21.202811256343903], [-157.18538845375645, 21.202815262033404]]]}, "properties": {"item_id": "1725_418_6804_759", "cls": "plastic_buoy", "cls_raw": "Plastic_Buoy_China", "score": 0.1682412326335907, "area_m2": 0.19815837474172268, "weight_est_kg": 3.566850745351008, "weight_lo_kg": 1.783425372675504, "weight_hi_kg": 4.755800993801345, "crew": "1인", "stop_id": "S043"}}, {"type": "Feature", "geometry": {"type": "Polygon", "coordinates": [[[-157.18535564439517, 21.20281559967983], [-157.1853497791473, 21.202815536655006], [-157.18534983524816, 21.20281094536944], [-157.18535570049593, 21.20281100839424], [-157.18535564439517, 21.20281559967983]]]}, "properties": {"item_id": "1725_418_6804_760", "cls": "net", "cls_raw": "Net", "score": 0.16239961981773376, "area_m2": 0.3096389760971839, "weight_est_kg": 5.573501569749309, "weight_lo_kg": 2.3222923207288795, "weight_hi_kg": 13.933753924373274, "crew": "1인", "stop_id": "S043"}}, {"type": "Feature", "geometry": {"type": "Polygon", "coordinates": [[[-157.18536557343867, 21.20279976301032], [-157.18535408585592, 21.202799639571445], [-157.1853542154711, 21.202789031858504], [-157.18536570305304, 21.20278915529731], [-157.18536557343867, 21.20279976301032]]]}, "properties": {"item_id": "1725_418_6804_761", "cls": "plastic_other", "cls_raw": "Plastic_ETC", "score": 0.11289622634649277, "area_m2": 1.4011524622414016, "weight_est_kg": 3.362765909379364, "weight_lo_kg": 2.2418439395862424, "weight_hi_kg": 11.209219697931212, "crew": "1인", "stop_id": "S043"}}, {"type": "Feature", "geometry": {"type": "Polygon", "coordinates": [[[-157.18527747910974, 21.20289838589354], [-157.18527226794103, 21.202898329894534], [-157.18527231564696, 21.20289442583718], [-157.18527752681553, 21.202894481836182], [-157.18527747910974, 21.20289838589354]]]}, "properties": {"item_id": "1725_418_6804_762", "cls": "net", "cls_raw": "Net", "score": 0.11214825510978699, "area_m2": 0.23393007630190105, "weight_est_kg": 4.210741373434219, "weight_lo_kg": 1.754475572264258, "weight_hi_kg": 10.526853433585545, "crew": "1인", "stop_id": "S043"}}, {"type": "Feature", "geometry": {"type": "Polygon", "coordinates": [[[-157.18536828165315, 21.202797458911803], [-157.18536482241078, 21.202797421740943], [-157.18536487909844, 21.202792782390574], [-157.18536833834074, 21.202792819561427], [-157.18536828165315, 21.202797458911803]]]}, "properties": {"item_id": "1725_418_6804_763", "cls": "net", "cls_raw": "Net", "score": 0.10020776838064194, "area_m2": 0.1845326216966372, "weight_est_kg": 3.321587190539469, "weight_lo_kg": 1.3839946627247792, "weight_hi_kg": 8.303967976348673, "crew": "1인", "stop_id": "S043"}}, {"type": "Feature", "geometry": {"type": "Polygon", "coordinates": [[[-157.18439692596576, 21.20272837356726], [-157.18439031319798, 21.20272830247265], [-157.18439039481848, 21.202721626172778], [-157.18439700758594, 21.20272169726738], [-157.18439692596576, 21.20272837356726]]]}, "properties": {"item_id": "1725_5319_7172_764", "cls": "plastic_other", "cls_raw": "Plastic_ETC", "score": 0.416074275970459, "area_m2": 0.5076387418718407, "weight_est_kg": 1.2183329804924177, "weight_lo_kg": 0.8122219869949452, "weight_hi_kg": 4.061109934974725, "crew": "1인", "stop_id": "S044"}}, {"type": "Feature", "geometry": {"type": "Polygon", "coordinates": [[[-157.1843280792559, 21.202763677975977], [-157.18432250113202, 21.2027636180026], [-157.18432256173605, 21.20275866097578], [-157.18432813985976, 21.202758720949138], [-157.1843280792559, 21.202763677975977]]]}, "properties": {"item_id": "1725_5319_7172_765", "cls": "plastic_other", "cls_raw": "Plastic_ETC", "score": 0.18782490491867065, "area_m2": 0.3179398831070259, "weight_est_kg": 0.7630557194568621, "weight_lo_kg": 0.5087038129712416, "weight_hi_kg": 2.5435190648562074, "crew": "1인", "stop_id": "S044"}}, {"type": "Feature", "geometry": {"type": "Polygon", "coordinates": [[[-157.18437482423906, 21.202761579266344], [-157.1843704302327, 21.20276153202528], [-157.18437046718122, 21.202758509790687], [-157.18437486118748, 21.20275855703175], [-157.18437482423906, 21.202761579266344]]]}, "properties": {"item_id": "1725_5319_7172_766", "cls": "net", "cls_raw": "Net", "score": 0.10136814415454865, "area_m2": 0.1526948615909002, "weight_est_kg": 2.7485075086362034, "weight_lo_kg": 1.1452114619317515, "weight_hi_kg": 6.871268771590509, "crew": "1인", "stop_id": "S044"}}, {"type": "Feature", "geometry": {"type": "Polygon", "coordinates": [[[-157.18431128693138, 21.20277410308794], [-157.18430404974578, 21.20277402527632], [-157.18430413283485, 21.202767229189835], [-157.18431137002008, 21.20276730700143], [-157.18431128693138, 21.20277410308794]]]}, "properties": {"item_id": "1725_5971_7236_769", "cls": "eps_buoy", "cls_raw": "Styrofoam_Buoy", "score": 0.3109961152076721, "area_m2": 0.5655410975219225, "weight_est_kg": 4.948484603316822, "weight_lo_kg": 2.1207791157072093, "weight_hi_kg": 5.655410975219225, "crew": "1인", "stop_id": "S044"}}, {"type": "Feature", "geometry": {"type": "Polygon", "coordinates": [[[-157.18420373031415, 21.202697150582594], [-157.18419926380162, 21.202697102557583], [-157.1841993116397, 21.202693189957472], [-157.18420377815212, 21.20269323798248], [-157.18420373031415, 21.202697150582594]]]}, "properties": {"item_id": "1725_5971_7236_770", "cls": "plastic_buoy", "cls_raw": "Plastic_Buoy", "score": 0.24127182364463806, "area_m2": 0.2009415989637874, "weight_est_kg": 3.616948781348173, "weight_lo_kg": 1.8084743906740866, "weight_hi_kg": 4.822598375130898, "crew": "1인", "stop_id": "S044"}}, {"type": "Feature", "geometry": {"type": "Polygon", "coordinates": [[[-157.1843198923606, 21.20273509563812], [-157.18431603129423, 21.202735054125622], [-157.18431607293547, 21.202731648145054], [-157.18431993400176, 21.20273168965755], [-157.1843198923606, 21.20273509563812]]]}, "properties": {"item_id": "1725_5971_7236_771", "cls": "plastic_buoy", "cls_raw": "Plastic_Buoy", "score": 0.16676338016986847, "area_m2": 0.15121159927550734, "weight_est_kg": 2.721808786959132, "weight_lo_kg": 1.360904393479566, "weight_hi_kg": 3.6290783826121764, "crew": "1인", "stop_id": "S044"}}, {"type": "Feature", "geometry": {"type": "Polygon", "coordinates": [[[-157.18430786178504, 21.202719736746666], [-157.18430351629615, 21.202719690025575], [-157.1843035648095, 21.20271572197445], [-157.1843079102983, 21.20271576869552], [-157.18430786178504, 21.202719736746666]]]}, "properties": {"item_id": "1725_5971_7236_772", "cls": "plastic_buoy", "cls_raw": "Plastic_Buoy", "score": 0.15706247091293335, "area_m2": 0.1982675436756135, "weight_est_kg": 3.568815786161043, "weight_lo_kg": 1.7844078930805214, "weight_hi_kg": 4.758421048214724, "crew": "1인", "stop_id": "S044"}}, {"type": "Feature", "geometry": {"type": "Polygon", "coordinates": [[[-157.18419969327076, 21.20279506371343], [-157.1841958966127, 21.202795022890633], [-157.1841959530327, 21.202790408421727], [-157.18419974969063, 21.202790449244517], [-157.18419969327076, 21.20279506371343]]]}, "properties": {"item_id": "1725_5971_7236_773", "cls": "plastic_buoy", "cls_raw": "Plastic_Buoy_China", "score": 0.15626822412014008, "area_m2": 0.20144605326583026, "weight_est_kg": 3.6260289587849446, "weight_lo_kg": 1.8130144793924723, "weight_hi_kg": 4.834705278379927, "crew": "1인", "stop_id": "S044"}}, {"type": "Feature", "geometry": {"type": "Polygon", "coordinates": [[[-157.18429642665257, 21.202713958650694], [-157.18429219037108, 21.202713913103484], [-157.18429223979015, 21.20270987099302], [-157.18429647607152, 21.202709916540222], [-157.18429642665257, 21.202713958650694]]]}, "properties": {"item_id": "1725_5971_7236_774", "cls": "plastic_buoy", "cls_raw": "Plastic_Buoy", "score": 0.14948377013206482, "area_m2": 0.19689229855691318, "weight_est_kg": 3.544061374024437, "weight_lo_kg": 1.7720306870122184, "weight_hi_kg": 4.725415165365916, "crew": "1인", "stop_id": "S044"}}, {"type": "Feature", "geometry": {"type": "Polygon", "coordinates": [[[-157.18421551159042, 21.202774616059145], [-157.18421059859804, 21.202774563233667], [-157.18421064905914, 21.202770436095175], [-157.18421556205138, 21.202770488920642], [-157.18421551159042, 21.202774616059145]]]}, "properties": {"item_id": "1725_5971_7236_775", "cls": "plastic_buoy", "cls_raw": "Plastic_Buoy", "score": 0.10257723927497864, "area_m2": 0.2331474883199317, "weight_est_kg": 4.196654789758771, "weight_lo_kg": 2.0983273948793855, "weight_hi_kg": 5.595539719678361, "crew": "1인", "stop_id": "S044"}}, {"type": "Feature", "geometry": {"type": "Polygon", "coordinates": [[[-157.18419871160125, 21.20268938839681], [-157.18419476413345, 21.202689345952603], [-157.18419481399735, 21.202685267672553], [-157.18419876146504, 21.202685310116753], [-157.18419871160125, 21.20268938839681]]]}, "properties": {"item_id": "1725_6148_7639_783", "cls": "net", "cls_raw": "Net", "score": 0.18779698014259338, "area_m2": 0.18511069010947773, "weight_est_kg": 3.331992421970599, "weight_lo_kg": 1.3883301758210829, "weight_hi_kg": 8.329981054926497, "crew": "1인", "stop_id": "S044"}}, {"type": "Feature", "geometry": {"type": "Polygon", "coordinates": [[[-157.18420353406032, 21.20269710376968], [-157.1841994406702, 21.202697059756574], [-157.18419948561825, 21.202693383527933], [-157.18420357900825, 21.202693427541035], [-157.18420353406032, 21.20269710376968]]]}, "properties": {"item_id": "1725_6148_7639_784", "cls": "plastic_buoy", "cls_raw": "Plastic_Buoy", "score": 0.1749725043773651, "area_m2": 0.17303003176455029, "weight_est_kg": 3.1145405717619052, "weight_lo_kg": 1.5572702858809526, "weight_hi_kg": 4.152720762349206, "crew": "1인", "stop_id": "S044"}}, {"type": "Feature", "geometry": {"type": "Polygon", "coordinates": [[[-157.18425009416296, 21.202660259511376], [-157.18424530019956, 21.202660207966925], [-157.1842453445634, 21.202656579422566], [-157.18425013852666, 21.20265663096701], [-157.18425009416296, 21.202660259511376]]]}, "properties": {"item_id": "1725_6148_7639_785", "cls": "net", "cls_raw": "Net", "score": 0.1449606865644455, "area_m2": 0.20001523144101105, "weight_est_kg": 3.6002741659381985, "weight_lo_kg": 1.500114235807583, "weight_hi_kg": 9.000685414845497, "crew": "1인", "stop_id": "S044"}}, {"type": "Feature", "geometry": {"type": "Polygon", "coordinates": [[[-157.18362518311704, 21.20258215542365], [-157.18362208477038, 21.202582122099024], [-157.18362211982222, 21.202579256161336], [-157.18362521816883, 21.20257928948596], [-157.18362518311704, 21.20258215542365]]]}, "properties": {"item_id": "1725_9034_8395_792", "cls": "plastic_buoy", "cls_raw": "Plastic_Buoy", "score": 0.17170408368110657, "area_m2": 0.10210175230952653, "weight_est_kg": 1.8378315415714774, "weight_lo_kg": 0.9189157707857387, "weight_hi_kg": 2.450442055428637, "crew": "1인", "stop_id": "S045"}}, {"type": "Feature", "geometry": {"type": "Polygon", "coordinates": [[[-157.18364016689205, 21.202569026523967], [-157.1836363126504, 21.20256898506958], [-157.18363636098968, 21.20256503267946], [-157.18364021523124, 21.202565074133833], [-157.18364016689205, 21.202569026523967]]]}, "properties": {"item_id": "1725_9034_8395_793", "cls": "plastic_buoy", "cls_raw": "Plastic_Buoy", "score": 0.10094385594129562, "area_m2": 0.1751601145528692, "weight_est_kg": 3.1528820619516456, "weight_lo_kg": 1.5764410309758228, "weight_hi_kg": 4.203842749268861, "crew": "1인", "stop_id": "S045"}}, {"type": "Feature", "geometry": {"type": "Polygon", "coordinates": [[[-157.18360539629177, 21.202582224609746], [-157.18360096165358, 21.202582176911946], [-157.1836010137149, 21.202577920275672], [-157.18360544835303, 21.202577967973465], [-157.18360539629177, 21.202582224609746]]]}, "properties": {"item_id": "1725_9472_8275_805", "cls": "plastic_buoy", "cls_raw": "Plastic_Buoy", "score": 0.46613094210624695, "area_m2": 0.21705070046787886, "weight_est_kg": 3.9069126084218193, "weight_lo_kg": 1.9534563042109097, "weight_hi_kg": 5.209216811229092, "crew": "1인", "stop_id": "S045"}}, {"type": "Feature", "geometry": {"type": "Polygon", "coordinates": [[[-157.18357157330428, 21.202530534547243], [-157.1835681355049, 21.20253049757057], [-157.18356817640588, 21.20252715348015], [-157.1835716142052, 21.202527190456813], [-157.18357157330428, 21.202530534547243]]]}, "properties": {"item_id": "1725_9472_8275_806", "cls": "plastic_buoy", "cls_raw": "Plastic_Buoy", "score": 0.3315439820289612, "area_m2": 0.13218895232680744, "weight_est_kg": 2.379401141882534, "weight_lo_kg": 1.189700570941267, "weight_hi_kg": 3.1725348558433786, "crew": "1인", "stop_id": "S045"}}, {"type": "Feature", "geometry": {"type": "Polygon", "coordinates": [[[-157.18353355717664, 21.202613562766548], [-157.18352372329477, 21.202613456991433], [-157.18352385924965, 21.20260234155057], [-157.18353369313078, 21.20260244732562], [-157.18353355717664, 21.202613562766548]]]}, "properties": {"item_id": "1725_9472_8275_807", "cls": "plastic_buoy", "cls_raw": "Plastic_Buoy", "score": 0.3181990683078766, "area_m2": 1.2568634052004062, "weight_est_kg": 22.62354129360731, "weight_lo_kg": 11.311770646803655, "weight_hi_kg": 30.164721724809752, "crew": "2인", "stop_id": "S045"}}, {"type": "Feature", "geometry": {"type": "Polygon", "coordinates": [[[-157.1835299031762, 21.20256922845264], [-157.18352616217624, 21.20256918821379], [-157.18352620663225, 21.202565553552517], [-157.18352994763214, 21.20256559379136], [-157.1835299031762, 21.20256922845264]]]}, "properties": {"item_id": "1725_9472_8275_808", "cls": "plastic_buoy", "cls_raw": "Plastic_Buoy", "score": 0.2445930391550064, "area_m2": 0.15634650487903665, "weight_est_kg": 2.8142370878226597, "weight_lo_kg": 1.4071185439113298, "weight_hi_kg": 3.7523161170968797, "crew": "1인", "stop_id": "S045"}}, {"type": "Feature", "geometry": {"type": "Polygon", "coordinates": [[[-157.18356639195616, 21.202545659932582], [-157.18356242711886, 21.202545617286987], [-157.18356247363852, 21.202541813825924], [-157.1835664384757, 21.202541856471512], [-157.18356639195616, 21.202545659932582]]]}, "properties": {"item_id": "1725_9472_8275_809", "cls": "plastic_buoy", "cls_raw": "Plastic_Buoy", "score": 0.1549825370311737, "area_m2": 0.17339673842196004, "weight_est_kg": 3.121141291595281, "weight_lo_kg": 1.5605706457976405, "weight_hi_kg": 4.161521722127041, "crew": "1인", "stop_id": "S045"}}, {"type": "Feature", "geometry": {"type": "Polygon", "coordinates": [[[-157.1835518291809, 21.202582654621004], [-157.18354684057306, 21.202582600963265], [-157.18354689215417, 21.202578383721423], [-157.18355188076183, 21.202578437379163], [-157.1835518291809, 21.202582654621004]]]}, "properties": {"item_id": "1725_9472_8275_810", "cls": "plastic_buoy", "cls_raw": "Plastic_Buoy", "score": 0.1492786854505539, "area_m2": 0.24190472473284652, "weight_est_kg": 4.354285045191237, "weight_lo_kg": 2.1771425225956187, "weight_hi_kg": 5.8057133935883165, "crew": "1인", "stop_id": "S045"}}, {"type": "Feature", "geometry": {"type": "Polygon", "coordinates": [[[-157.1835604569268, 21.202542032142055], [-157.18355602025616, 21.202541984421284], [-157.18355608199116, 21.20253693696645], [-157.1835605186616, 21.202536984687214], [-157.1835604569268, 21.202542032142055]]]}, "properties": {"item_id": "1725_9472_8275_811", "cls": "plastic_buoy", "cls_raw": "Plastic_Buoy", "score": 0.12964153289794922, "area_m2": 0.2574934700132056, "weight_est_kg": 4.634882460237701, "weight_lo_kg": 2.3174412301188503, "weight_hi_kg": 6.179843280316934, "crew": "1인", "stop_id": "S045"}}, {"type": "Feature", "geometry": {"type": "Polygon", "coordinates": [[[-157.1835670947253, 21.202536353968004], [-157.18356323106846, 21.20253631241074], [-157.18356326986034, 21.20253314076896], [-157.18356713351713, 21.202533182326235], [-157.1835670947253, 21.202536353968004]]]}, "properties": {"item_id": "1725_9472_8275_812", "cls": "net", "cls_raw": "Net", "score": 0.12508520483970642, "area_m2": 0.14090268939438982, "weight_est_kg": 2.536248409099017, "weight_lo_kg": 1.0567701704579238, "weight_hi_kg": 6.340621022747541, "crew": "1인", "stop_id": "S045"}}, {"type": "Feature", "geometry": {"type": "Polygon", "coordinates": [[[-157.1835737546045, 21.202527669784075], [-157.18356964835993, 21.202527625617712], [-157.18356969408487, 21.202523887110136], [-157.18357380032938, 21.202523931276488], [-157.1835737546045, 21.202527669784075]]]}, "properties": {"item_id": "1725_9472_8275_813", "cls": "plastic_buoy", "cls_raw": "Plastic_Buoy", "score": 0.11814383417367935, "area_m2": 0.17651422537569617, "weight_est_kg": 3.177256056762531, "weight_lo_kg": 1.5886280283812655, "weight_hi_kg": 4.236341409016708, "crew": "1인", "stop_id": "S045"}}, {"type": "Feature", "geometry": {"type": "Polygon", "coordinates": [[[-157.18364019210586, 21.202568990361502], [-157.1836362808482, 21.20256894829388], [-157.18363632873934, 21.20256503254207], [-157.18364023999692, 21.202565074609684], [-157.18364019210586, 21.202568990361502]]]}, "properties": {"item_id": "1725_9472_8275_814", "cls": "plastic_buoy", "cls_raw": "Plastic_Buoy", "score": 0.1174793466925621, "area_m2": 0.17610352908116486, "weight_est_kg": 3.1698635234609673, "weight_lo_kg": 1.5849317617304837, "weight_hi_kg": 4.226484697947957, "crew": "1인", "stop_id": "S045"}}, {"type": "Feature", "geometry": {"type": "Polygon", "coordinates": [[[-157.18347860602861, 21.202599915894496], [-157.1834737382795, 21.20259986353457], [-157.1834737947789, 21.202595244362907], [-157.18347866252788, 21.20259529672283], [-157.18347860602861, 21.202599915894496]]]}, "properties": {"item_id": "1725_9788_8295_830", "cls": "plastic_buoy", "cls_raw": "Plastic_Buoy", "score": 0.36661410331726074, "area_m2": 0.25854060173041093, "weight_est_kg": 4.653730831147397, "weight_lo_kg": 2.3268654155736983, "weight_hi_kg": 6.204974441529862, "crew": "1인", "stop_id": "S045"}}, {"type": "Feature", "geometry": {"type": "Polygon", "coordinates": [[[-157.1834965116877, 21.202604270634072], [-157.18349204252297, 21.20260422256199], [-157.18349209504086, 21.202599928864633], [-157.18349656420546, 21.202599976936703], [-157.1834965116877, 21.202604270634072]]]}, "properties": {"item_id": "1725_9788_8295_831", "cls": "plastic_buoy", "cls_raw": "Plastic_Buoy", "score": 0.3469897508621216, "area_m2": 0.22064507460934935, "weight_est_kg": 3.971611342968288, "weight_lo_kg": 1.985805671484144, "weight_hi_kg": 5.295481790624385, "crew": "1인", "stop_id": "S045"}}, {"type": "Feature", "geometry": {"type": "Polygon", "coordinates": [[[-157.18353354789167, 21.202610332234787], [-157.18352191443094, 21.20261020710302], [-157.18352200841153, 21.20260252341543], [-157.1835336418717, 21.202602648547153], [-157.18353354789167, 21.202610332234787]]]}, "properties": {"item_id": "1725_9788_8295_832", "cls": "plastic_buoy", "cls_raw": "Plastic_Buoy", "score": 0.33481454849243164, "area_m2": 1.027815208950894, "weight_est_kg": 18.500673761116094, "weight_lo_kg": 9.250336880558047, "weight_hi_kg": 24.667565014821456, "crew": "2인", "stop_id": "S045"}}, {"type": "Feature", "geometry": {"type": "Polygon", "coordinates": [[[-157.18350425455222, 21.202595408624294], [-157.1835000496766, 21.20259536339521], [-157.18350010112542, 21.202591157078295], [-157.1835043060009, 21.20259120230736], [-157.18350425455222, 21.202595408624294]]]}, "properties": {"item_id": "1725_9788_8295_833", "cls": "plastic_buoy", "cls_raw": "Plastic_Buoy", "score": 0.26146331429481506, "area_m2": 0.20337221126859473, "weight_est_kg": 3.660699802834705, "weight_lo_kg": 1.8303499014173525, "weight_hi_kg": 4.8809330704462734, "crew": "1인", "stop_id": "S045"}}, {"type": "Feature", "geometry": {"type": "Polygon", "coordinates": [[[-157.1835716203207, 21.202530558123733], [-157.18356817140057, 21.202530521027445], [-157.18356821281253, 21.202527135156014], [-157.1835716617326, 21.202527172252278], [-157.1835716203207, 21.202530558123733]]]}, "properties": {"item_id": "1725_9788_8295_834", "cls": "plastic_buoy", "cls_raw": "Plastic_Buoy", "score": 0.2538469135761261, "area_m2": 0.1342734731674528, "weight_est_kg": 2.41692251701415, "weight_lo_kg": 1.208461258507075, "weight_hi_kg": 3.222563356018868, "crew": "1인", "stop_id": "S045"}}, {"type": "Feature", "geometry": {"type": "Polygon", "coordinates": [[[-157.18352991470545, 21.20256923650948], [-157.18352617977138, 21.202569196335872], [-157.18352622444527, 21.202565543859787], [-157.18352995937929, 21.20256558403338], [-157.18352991470545, 21.20256923650948]]]}, "properties": {"item_id": "1725_9788_8295_835", "cls": "plastic_buoy", "cls_raw": "Plastic_Buoy", "score": 0.23151615262031555, "area_m2": 0.15685806441310965, "weight_est_kg": 2.8234451594359733, "weight_lo_kg": 1.4117225797179866, "weight_hi_kg": 3.7645935459146322, "crew": "1인", "stop_id": "S045"}}, {"type": "Feature", "geometry": {"type": "Polygon", "coordinates": [[[-157.1835161930941, 21.202591707804302], [-157.1835129458513, 21.20259167287609], [-157.18351298395947, 21.202588557230907], [-157.18351623120222, 21.202588592159113], [-157.1835161930941, 21.202591707804302]]]}, "properties": {"item_id": "1725_9788_8295_836", "cls": "plastic_buoy", "cls_raw": "Plastic_Buoy", "score": 0.21776284277439117, "area_m2": 0.11633200854810982, "weight_est_kg": 2.093976153865977, "weight_lo_kg": 1.0469880769329885, "weight_hi_kg": 2.7919682051546357, "crew": "1인", "stop_id": "S045"}}, {"type": "Feature", "geometry": {"type": "Polygon", "coordinates": [[[-157.18356043932522, 21.2025420182977], [-157.18355599735287, 21.2025419705199], [-157.18355605693887, 21.202537098765802], [-157.18356049891108, 21.202537146543584], [-157.18356043932522, 21.2025420182977]]]}, "properties": {"item_id": "1725_9788_8295_837", "cls": "plastic_buoy", "cls_raw": "Plastic_Buoy", "score": 0.18172790110111237, "area_m2": 0.2488271725804232, "weight_est_kg": 4.4788891064476175, "weight_lo_kg": 2.2394445532238088, "weight_hi_kg": 5.971852141930158, "crew": "1인", "stop_id": "S045"}}, {"type": "Feature", "geometry": {"type": "Polygon", "coordinates": [[[-157.18346654599523, 21.20260062140037], [-157.1834630100824, 21.202600583366095], [-157.18346309895753, 21.202593317323473], [-157.1834666348702, 21.202593355357724], [-157.18346654599523, 21.20260062140037]]]}, "properties": {"item_id": "1725_9788_8295_838", "cls": "eps_fragment", "cls_raw": "Styrofoam_Piece", "score": 0.17696699500083923, "area_m2": 0.2954173249796767, "weight_est_kg": 0.177250394987806, "weight_lo_kg": 0.11816692999187069, "weight_hi_kg": 0.5908346499593534, "crew": "1인", "stop_id": "S045"}}, {"type": "Feature", "geometry": {"type": "Polygon", "coordinates": [[[-157.1835215717335, 21.202597576933382], [-157.183517261904, 21.20259753057582], [-157.1835173126067, 21.202593385218897], [-157.1835216224361, 21.20259343157644], [-157.1835215717335, 21.202597576933382]]]}, "properties": {"item_id": "1725_9788_8295_839", "cls": "net", "cls_raw": "Net", "score": 0.17418533563613892, "area_m2": 0.20542744836961366, "weight_est_kg": 3.6976940706530455, "weight_lo_kg": 1.5407058627721024, "weight_hi_kg": 9.244235176632614, "crew": "1인", "stop_id": "S045"}}, {"type": "Feature", "geometry": {"type": "Polygon", "coordinates": [[[-157.18356705773053, 21.20253631920372], [-157.18356320142092, 21.20253627772547], [-157.18356323884723, 21.20253321773491], [-157.18356709515675, 21.202533259213155], [-157.18356705773053, 21.20253631920372]]]}, "properties": {"item_id": "1725_9788_8295_840", "cls": "net", "cls_raw": "Net", "score": 0.16692671179771423, "area_m2": 0.1356839844212273, "weight_est_kg": 2.4423117195820914, "weight_lo_kg": 1.0176298831592048, "weight_hi_kg": 6.105779298955229, "crew": "1인", "stop_id": "S045"}}, {"type": "Feature", "geometry": {"type": "Polygon", "coordinates": [[[-157.18353022759624, 21.202538071517726], [-157.18352531178041, 21.202538018642393], [-157.18352537213127, 21.20253308443735], [-157.18353028794687, 21.20253313731267], [-157.18353022759624, 21.202538071517726]]]}, "properties": {"item_id": "1725_9788_8295_841", "cls": "plastic_buoy", "cls_raw": "Plastic_Buoy", "score": 0.13745532929897308, "area_m2": 0.27890057594038026, "weight_est_kg": 5.020210366926844, "weight_lo_kg": 2.510105183463422, "weight_hi_kg": 6.693613822569127, "crew": "1인", "stop_id": "S045"}}, {"type": "Feature", "geometry": {"type": "Polygon", "coordinates": [[[-157.18348987485476, 21.202605217068893], [-157.18348606233306, 21.202605176059766], [-157.18348609497556, 21.20260250731711], [-157.18348990749723, 21.20260254832622], [-157.18348987485476, 21.202605217068893]]]}, "properties": {"item_id": "1725_9788_8295_842", "cls": "plastic_buoy", "cls_raw": "Plastic_Buoy", "score": 0.1364363729953766, "area_m2": 0.1169918130368285, "weight_est_kg": 2.105852634662913, "weight_lo_kg": 1.0529263173314565, "weight_hi_kg": 2.807803512883884, "crew": "1인", "stop_id": "S045"}}, {"type": "Feature", "geometry": {"type": "Polygon", "coordinates": [[[-157.18355176077097, 21.202582664326297], [-157.1835468133664, 21.20258261111174], [-157.1835468658032, 21.202578323906], [-157.1835518132076, 21.202578377120545], [-157.18355176077097, 21.202582664326297]]]}, "properties": {"item_id": "1725_9788_8295_843", "cls": "plastic_buoy", "cls_raw": "Plastic_Buoy", "score": 0.1236283928155899, "area_m2": 0.24388676260715822, "weight_est_kg": 4.389961726928848, "weight_lo_kg": 2.194980863464424, "weight_hi_kg": 5.853282302571797, "crew": "1인", "stop_id": "S045"}}, {"type": "Feature", "geometry": {"type": "Polygon", "coordinates": [[[-157.18348773810217, 21.20257884693831], [-157.1834843541424, 21.202578810538984], [-157.1834843901146, 21.202575869574837], [-157.1834877740743, 21.20257590597416], [-157.18348773810217, 21.20257884693831]]]}, "properties": {"item_id": "1725_9788_8295_844", "cls": "plastic_buoy", "cls_raw": "Plastic_Buoy", "score": 0.12158305197954178, "area_m2": 0.11443304282429678, "weight_est_kg": 2.059794770837342, "weight_lo_kg": 1.029897385418671, "weight_hi_kg": 2.7463930277831228, "crew": "1인", "stop_id": "S045"}}, {"type": "Feature", "geometry": {"type": "Polygon", "coordinates": [[[-157.1835146581862, 21.20255842232203], [-157.18351081599454, 21.202558380994404], [-157.18351085399087, 21.202555274493626], [-157.1835146961824, 21.202555315821243], [-157.1835146581862, 21.20255842232203]]]}, "properties": {"item_id": "1725_9788_8295_845", "cls": "plastic_buoy", "cls_raw": "Plastic_Buoy", "score": 0.1176011711359024, "area_m2": 0.13724200570586753, "weight_est_kg": 2.4703561027056153, "weight_lo_kg": 1.2351780513528077, "weight_hi_kg": 3.2938081369408208, "crew": "1인", "stop_id": "S045"}}, {"type": "Feature", "geometry": {"type": "Polygon", "coordinates": [[[-157.18356639297002, 21.202545672325076], [-157.1835624008686, 21.20254562938623], [-157.1835624473137, 21.20254183202146], [-157.183566439415, 21.2025418749603], [-157.18356639297002, 21.202545672325076]]]}, "properties": {"item_id": "1725_9788_8295_846", "cls": "plastic_buoy", "cls_raw": "Plastic_Buoy", "score": 0.11674267053604126, "area_m2": 0.17430926145878295, "weight_est_kg": 3.137566706258093, "weight_lo_kg": 1.5687833531290465, "weight_hi_kg": 4.183422275010791, "crew": "1인", "stop_id": "S045"}}, {"type": "Feature", "geometry": {"type": "Polygon", "coordinates": [[[-157.1835369475432, 21.202593310210162], [-157.1835308927748, 21.20259324508416], [-157.18353096747128, 21.20258713799577], [-157.18353702223942, 21.202587203121755], [-157.1835369475432, 21.202593310210162]]]}, "properties": {"item_id": "1725_9788_8295_847", "cls": "plastic_other", "cls_raw": "Plastic_ETC", "score": 0.1153905913233757, "area_m2": 0.4251754677706523, "weight_est_kg": 1.0204211226495654, "weight_lo_kg": 0.6802807484330436, "weight_hi_kg": 3.401403742165219, "crew": "1인", "stop_id": "S045"}}, {"type": "Feature", "geometry": {"type": "Polygon", "coordinates": [[[-157.1835653842069, 21.202542239226048], [-157.18355960240487, 21.202542177037202], [-157.1835596364974, 21.20253938962641], [-157.18356541829928, 21.202539451815237], [-157.1835653842069, 21.202542239226048]]]}, "properties": {"item_id": "1725_9788_8295_848", "cls": "pet_bottle", "cls_raw": "PET_Bottle", "score": 0.10828560590744019, "area_m2": 0.1853108225986822, "weight_est_kg": 0.36691542874539074, "weight_lo_kg": 0.30576285728782565, "weight_hi_kg": 0.6115257145756513, "crew": "1인", "stop_id": "S045"}}, {"type": "Feature", "geometry": {"type": "Polygon", "coordinates": [[[-157.1834664922302, 21.202609485677314], [-157.18346290166548, 21.20260944705516], [-157.18346296161727, 21.202604545661917], [-157.18346655218187, 21.20260458428406], [-157.1834664922302, 21.202609485677314]]]}, "properties": {"item_id": "1725_9788_8295_849", "cls": "plastic_buoy", "cls_raw": "Plastic_Buoy", "score": 0.10819023847579956, "area_m2": 0.20235724187926762, "weight_est_kg": 3.642430353826817, "weight_lo_kg": 1.8212151769134084, "weight_hi_kg": 4.856573805102424, "crew": "1인", "stop_id": "S045"}}, {"type": "Feature", "geometry": {"type": "Polygon", "coordinates": [[[-157.18253001609762, 21.202292941054896], [-157.18252639376718, 21.20229290207142], [-157.18252643034057, 21.20228991348504], [-157.18253005267093, 21.202289952468508], [-157.18253001609762, 21.202292941054896]]]}, "properties": {"item_id": "1726_-143_8972_858", "cls": "plastic_buoy", "cls_raw": "Plastic_Buoy", "score": 0.20011340081691742, "area_m2": 0.1244777374327492, "weight_est_kg": 2.2405992737894858, "weight_lo_kg": 1.1202996368947429, "weight_hi_kg": 2.9874656983859813, "crew": "1인", "stop_id": "S041"}}, {"type": "Feature", "geometry": {"type": "Polygon", "coordinates": [[[-157.18251085340643, 21.20232268470069], [-157.18250373363512, 21.202322608076827], [-157.1825038043981, 21.202316825776908], [-157.18251092416912, 21.202316902400746], [-157.18251085340643, 21.20232268470069]]]}, "properties": {"item_id": "1726_-143_8972_859", "cls": "eps_fragment", "cls_raw": "Styrofoam_Piece", "score": 0.10017970204353333, "area_m2": 0.47337398779627515, "weight_est_kg": 0.2840243926777651, "weight_lo_kg": 0.18934959511851007, "weight_hi_kg": 0.9467479755925503, "crew": "1인", "stop_id": "S046"}}, {"type": "Feature", "geometry": {"type": "Polygon", "coordinates": [[[-157.18223640123253, 21.202295923652468], [-157.182229647014, 21.202295850951828], [-157.18222967950845, 21.202293196106687], [-157.1822364337269, 21.202293268807313], [-157.18223640123253, 21.202295923652468]]]}, "properties": {"item_id": "1726_1215_8487_867", "cls": "net", "cls_raw": "Net", "score": 0.19079099595546722, "area_m2": 0.20618270955090878, "weight_est_kg": 3.711288771916358, "weight_lo_kg": 1.5463703216318159, "weight_hi_kg": 9.278221929790895, "crew": "1인", "stop_id": "S046"}}, {"type": "Feature", "geometry": {"type": "Polygon", "coordinates": [[[-157.18228084629294, 21.202331586042074], [-157.1822762841766, 21.202331536937805], [-157.18227632455273, 21.20232823807018], [-157.18228088666902, 21.20232828717443], [-157.18228084629294, 21.202331586042074]]]}, "properties": {"item_id": "1726_1215_8487_868", "cls": "net", "cls_raw": "Net", "score": 0.14580848813056946, "area_m2": 0.1730489879966212, "weight_est_kg": 3.114881783939181, "weight_lo_kg": 1.297867409974659, "weight_hi_kg": 7.7872044598479535, "crew": "1인", "stop_id": "S046"}}, {"type": "Feature", "geometry": {"type": "Polygon", "coordinates": [[[-157.18227711793492, 21.202318219418554], [-157.18227190524348, 21.202318163311748], [-157.18227194880967, 21.20231460381457], [-157.18227716150093, 21.20231465992138], [-157.18227711793492, 21.202318219418554]]]}, "properties": {"item_id": "1726_1215_8487_869", "cls": "net", "cls_raw": "Net", "score": 0.14036518335342407, "area_m2": 0.21334797391896781, "weight_est_kg": 3.8402635305414203, "weight_lo_kg": 1.6001098043922586, "weight_hi_kg": 9.600658826353552, "crew": "1인", "stop_id": "S046"}}, {"type": "Feature", "geometry": {"type": "Polygon", "coordinates": [[[-157.18223423383594, 21.20231105267636], [-157.18223135913482, 21.202311021733813], [-157.1822314006691, 21.202307628324384], [-157.18223427537015, 21.20230765926693], [-157.18223423383594, 21.20231105267636]]]}, "properties": {"item_id": "1726_1215_8487_870", "cls": "eps_fragment", "cls_raw": "Styrofoam_Piece", "score": 0.12789921462535858, "area_m2": 0.11216745197775765, "weight_est_kg": 0.06730047118665458, "weight_lo_kg": 0.04486698079110306, "weight_hi_kg": 0.22433490395551534, "crew": "1인", "stop_id": "S046"}}, {"type": "Feature", "geometry": {"type": "Polygon", "coordinates": [[[-157.18233815286106, 21.20233720713454], [-157.1823324552701, 21.202337145810528], [-157.1823325005507, 21.202333446120953], [-157.18233819814154, 21.20233350744496], [-157.18233815286106, 21.20233720713454]]]}, "properties": {"item_id": "1726_1215_8487_871", "cls": "net", "cls_raw": "Net", "score": 0.10414759814739227, "area_m2": 0.24237862977019015, "weight_est_kg": 4.362815335863423, "weight_lo_kg": 1.8178397232764263, "weight_hi_kg": 10.907038339658557, "crew": "1인", "stop_id": "S046"}}, {"type": "Feature", "geometry": {"type": "Polygon", "coordinates": [[[-157.18191454786142, 21.20241127707746], [-157.18190994665156, 21.202411227542278], [-157.18190998688996, 21.202407940603326], [-157.18191458809974, 21.202407990138493], [-157.18191454786142, 21.20241127707746]]]}, "properties": {"item_id": "1726_3477_8181_878", "cls": "net", "cls_raw": "Net", "score": 0.6021906733512878, "area_m2": 0.1739007459019743, "weight_est_kg": 3.130213426235537, "weight_lo_kg": 1.3042555942648073, "weight_hi_kg": 7.8255335655888425, "crew": "1인", "stop_id": "S047"}}, {"type": "Feature", "geometry": {"type": "Polygon", "coordinates": [[[-157.18191187655526, 21.202413409032864], [-157.1819081845656, 21.20241336928601], [-157.1819082255577, 21.202410020789017], [-157.18191191754727, 21.20241006053586], [-157.18191187655526, 21.202413409032864]]]}, "properties": {"item_id": "1726_3477_8181_879", "cls": "plastic_buoy", "cls_raw": "Plastic_Buoy", "score": 0.29994237422943115, "area_m2": 0.14215041975829557, "weight_est_kg": 2.55870755564932, "weight_lo_kg": 1.27935377782466, "weight_hi_kg": 3.4116100741990936, "crew": "1인", "stop_id": "S047"}}, {"type": "Feature", "geometry": {"type": "Polygon", "coordinates": [[[-157.18189287985365, 21.202414970499632], [-157.1818885904116, 21.20241492432029], [-157.18188863251333, 21.20241148521706], [-157.1818929219553, 21.202411531396393], [-157.18189287985365, 21.202414970499632]]]}, "properties": {"item_id": "1726_3477_8181_880", "cls": "plastic_buoy", "cls_raw": "Plastic_Buoy", "score": 0.17291362583637238, "area_m2": 0.16962262536962075, "weight_est_kg": 3.0532072566531734, "weight_lo_kg": 1.5266036283265867, "weight_hi_kg": 4.0709430088708976, "crew": "1인", "stop_id": "S047"}}, {"type": "Feature", "geometry": {"type": "Polygon", "coordinates": [[[-157.18189991694345, 21.20240914568321], [-157.18189514968543, 21.20240909435999], [-157.18189518272484, 21.202406395507552], [-157.18189994998278, 21.20240644683076], [-157.18189991694345, 21.20240914568321]]]}, "properties": {"item_id": "1726_3477_8181_881", "cls": "net", "cls_raw": "Net", "score": 0.1546088308095932, "area_m2": 0.14793998676542142, "weight_est_kg": 2.662919761777585, "weight_lo_kg": 1.1095499007406606, "weight_hi_kg": 6.657299404443964, "crew": "1인", "stop_id": "S047"}}, {"type": "Feature", "geometry": {"type": "Polygon", "coordinates": [[[-157.18180446981737, 21.202412216637907], [-157.18179939936624, 21.202412162047704], [-157.18179944405998, 21.202408511394022], [-157.18180451451101, 21.202408565984218], [-157.18180446981737, 21.202412216637907]]]}, "properties": {"item_id": "1726_3477_8181_882", "cls": "net", "cls_raw": "Net", "score": 0.13385708630084991, "area_m2": 0.21284088376169724, "weight_est_kg": 3.83113590771055, "weight_lo_kg": 1.5963066282127296, "weight_hi_kg": 9.577839769276375, "crew": "1인", "stop_id": "S048"}}, {"type": "Feature", "geometry": {"type": "Polygon", "coordinates": [[[-157.18177380747707, 21.202445079842626], [-157.18176933159722, 21.202445031652918], [-157.18176938591938, 21.202440594613794], [-157.1817738617991, 21.2024406428035], [-157.18177380747707, 21.202445079842626]]]}, "properties": {"item_id": "1726_3835_8259_886", "cls": "pet_bottle", "cls_raw": "PET_Bottle", "score": 0.12890738248825073, "area_m2": 0.2283544138035373, "weight_est_kg": 0.4521417393310038, "weight_lo_kg": 0.3767847827758366, "weight_hi_kg": 0.7535695655516732, "crew": "1인", "stop_id": "S048"}}, {"type": "Feature", "geometry": {"type": "Polygon", "coordinates": [[[-157.18182305785732, 21.202280751222172], [-157.18181918219963, 21.202280709496165], [-157.18181922791098, 21.20227697565526], [-157.18182310356858, 21.202277017381256], [-157.18182305785732, 21.202280751222172]]]}, "properties": {"item_id": "1726_3860_8767_893", "cls": "plastic_buoy", "cls_raw": "Plastic_Buoy", "score": 0.5507838726043701, "area_m2": 0.1663946667503979, "weight_est_kg": 2.9951040015071624, "weight_lo_kg": 1.4975520007535812, "weight_hi_kg": 3.9934720020095495, "crew": "1인", "stop_id": "S048"}}, {"type": "Feature", "geometry": {"type": "Polygon", "coordinates": [[[-157.1818311445379, 21.20228100129033], [-157.18182623858348, 21.202280948472204], [-157.18182628544085, 21.202277121004425], [-157.18183119139516, 21.202277173822548], [-157.1818311445379, 21.20228100129033]]]}, "properties": {"item_id": "1726_3860_8767_894", "cls": "net", "cls_raw": "Net", "score": 0.43764838576316833, "area_m2": 0.2159102350660205, "weight_est_kg": 3.886384231188369, "weight_lo_kg": 1.619326762995154, "weight_hi_kg": 9.715960577970922, "crew": "1인", "stop_id": "S048"}}, {"type": "Feature", "geometry": {"type": "Polygon", "coordinates": [[[-157.18184121319524, 21.202279143090728], [-157.18183727558954, 21.202279100698206], [-157.18183732294963, 21.202275232143936], [-157.18184126055525, 21.202275274536447], [-157.18184121319524, 21.202279143090728]]]}, "properties": {"item_id": "1726_3860_8767_895", "cls": "plastic_buoy", "cls_raw": "Plastic_Buoy", "score": 0.4035613238811493, "area_m2": 0.17515361148859068, "weight_est_kg": 3.1527650067946325, "weight_lo_kg": 1.5763825033973162, "weight_hi_kg": 4.203686675726177, "crew": "1인", "stop_id": "S048"}}, {"type": "Feature", "geometry": {"type": "Polygon", "coordinates": [[[-157.1817720007358, 21.202275930743212], [-157.18176716267288, 21.20227587865433], [-157.18176722338444, 21.202270919694033], [-157.1817720614472, 21.20227097178291], [-157.1817720007358, 21.202275930743212]]]}, "properties": {"item_id": "1726_3860_8767_896", "cls": "plastic_other", "cls_raw": "Plastic_ETC", "score": 0.39677348732948303, "area_m2": 0.2758673878730029, "weight_est_kg": 0.6620817308952069, "weight_lo_kg": 0.44138782059680465, "weight_hi_kg": 2.2069391029840233, "crew": "1인", "stop_id": "S048"}}, {"type": "Feature", "geometry": {"type": "Polygon", "coordinates": [[[-157.18181121256896, 21.202274324056532], [-157.18180115904323, 21.20227421581767], [-157.1818012347348, 21.202268033159882], [-157.18181128826015, 21.2022681413987], [-157.18181121256896, 21.202274324056532]]]}, "properties": {"item_id": "1726_3860_8767_897", "cls": "plastic_other", "cls_raw": "Plastic_ETC", "score": 0.32745760679244995, "area_m2": 0.7147132166864264, "weight_est_kg": 1.7153117200474233, "weight_lo_kg": 1.1435411466982823, "weight_hi_kg": 5.717705733491412, "crew": "1인", "stop_id": "S048"}}, {"type": "Feature", "geometry": {"type": "Polygon", "coordinates": [[[-157.18182933109338, 21.202272967527815], [-157.18181896174917, 21.202272855889884], [-157.18181903789483, 21.202266636081134], [-157.1818294072386, 21.202266747719026], [-157.18182933109338, 21.202272967527815]]]}, "properties": {"item_id": "1726_3860_8767_898", "cls": "plastic_other", "cls_raw": "Plastic_ETC", "score": 0.2919189929962158, "area_m2": 0.7415945452289636, "weight_est_kg": 1.7798269085495129, "weight_lo_kg": 1.1865512723663418, "weight_hi_kg": 5.932756361831709, "crew": "1인", "stop_id": "S048"}}, {"type": "Feature", "geometry": {"type": "Polygon", "coordinates": [[[-157.18174455787982, 21.202321345374077], [-157.18174027961447, 21.202321299311468], [-157.18174032763042, 21.202317377401265], [-157.1817446058957, 21.202317423463864], [-157.18174455787982, 21.202321345374077]]]}, "properties": {"item_id": "1726_3860_8767_899", "cls": "plastic_buoy", "cls_raw": "Plastic_Buoy", "score": 0.28412652015686035, "area_m2": 0.19293164505963348, "weight_est_kg": 3.4727696110734025, "weight_lo_kg": 1.7363848055367013, "weight_hi_kg": 4.630359481431204, "crew": "1인", "stop_id": "S048"}}, {"type": "Feature", "geometry": {"type": "Polygon", "coordinates": [[[-157.18182923506248, 21.20227512549327], [-157.18182579656704, 21.202275088473975], [-157.1818258308144, 21.20227229103393], [-157.18182926930982, 21.202272328053223], [-157.18182923506248, 21.20227512549327]]]}, "properties": {"item_id": "1726_3860_8767_900", "cls": "plastic_buoy", "cls_raw": "Plastic_Buoy", "score": 0.23841890692710876, "area_m2": 0.11060313507917291, "weight_est_kg": 1.9908564314251125, "weight_lo_kg": 0.9954282157125562, "weight_hi_kg": 2.6544752419001503, "crew": "1인", "stop_id": "S048"}}, {"type": "Feature", "geometry": {"type": "Polygon", "coordinates": [[[-157.1817314433835, 21.202341505091155], [-157.18172701963098, 21.202341457461756], [-157.18172706163432, 21.20233802669019], [-157.1817314853867, 21.202338074319577], [-157.1817314433835, 21.202341505091155]]]}, "properties": {"item_id": "1726_3860_8767_901", "cls": "net", "cls_raw": "Net", "score": 0.20416906476020813, "area_m2": 0.1745101441234784, "weight_est_kg": 3.1411825942226113, "weight_lo_kg": 1.308826080926088, "weight_hi_kg": 7.852956485556528, "crew": "1인", "stop_id": "S048"}}, {"type": "Feature", "geometry": {"type": "Polygon", "coordinates": [[[-157.18174181138863, 21.202282990415057], [-157.18173633817375, 21.202282931486824], [-157.18173639547723, 21.202278250981912], [-157.18174186869194, 21.20227830991014], [-157.18174181138863, 21.202282990415057]]]}, "properties": {"item_id": "1726_3860_8767_902", "cls": "plastic_buoy", "cls_raw": "Plastic_Buoy", "score": 0.16401606798171997, "area_m2": 0.29455976242430376, "weight_est_kg": 5.302075723637468, "weight_lo_kg": 2.651037861818734, "weight_hi_kg": 7.069434298183291, "crew": "1인", "stop_id": "S048"}}, {"type": "Feature", "geometry": {"type": "Polygon", "coordinates": [[[-157.18181120403466, 21.202276540676703], [-157.1818079548034, 21.20227650569471], [-157.18180798812634, 21.202273783791167], [-157.18181123735758, 21.202273818773165], [-157.18181120403466, 21.202276540676703]]]}, "properties": {"item_id": "1726_3860_8767_903", "cls": "plastic_buoy", "cls_raw": "Plastic_Buoy", "score": 0.16388078033924103, "area_m2": 0.10169311583044671, "weight_est_kg": 1.8304760849480408, "weight_lo_kg": 0.9152380424740204, "weight_hi_kg": 2.440634779930721, "crew": "1인", "stop_id": "S048"}}, {"type": "Feature", "geometry": {"type": "Polygon", "coordinates": [[[-157.18177822114737, 21.202262366023024], [-157.18177253567512, 21.20226230481074], [-157.1817725905774, 21.20225782034006], [-157.18177827604947, 21.20225788155232], [-157.18177822114737, 21.202262366023024]]]}, "properties": {"item_id": "1726_3860_8767_904", "cls": "eps_fragment", "cls_raw": "Styrofoam_Piece", "score": 0.13519461452960968, "area_m2": 0.29316761291481386, "weight_est_kg": 0.1759005677488883, "weight_lo_kg": 0.11726704516592554, "weight_hi_kg": 0.5863352258296277, "crew": "1인", "stop_id": "S048"}}, {"type": "Feature", "geometry": {"type": "Polygon", "coordinates": [[[-157.18178460053142, 21.202330874449714], [-157.18177918046143, 21.202330816094932], [-157.1817792419842, 21.202325790852832], [-157.18178466205404, 21.202325849207604], [-157.18178460053142, 21.202330874449714]]]}, "properties": {"item_id": "1726_3860_8767_905", "cls": "net", "cls_raw": "Net", "score": 0.12183719873428345, "area_m2": 0.313184269454408, "weight_est_kg": 5.637316850179344, "weight_lo_kg": 2.3488820209080603, "weight_hi_kg": 14.093292125448361, "crew": "1인", "stop_id": "S048"}}, {"type": "Feature", "geometry": {"type": "Polygon", "coordinates": [[[-157.18174457943613, 21.202321255131285], [-157.18174024331, 21.202321208445714], [-157.18174029030547, 21.202317369887982], [-157.1817446264315, 21.20231741657355], [-157.18174457943613, 21.202321255131285]]]}, "properties": {"item_id": "1726_4190_8403_917", "cls": "plastic_buoy", "cls_raw": "Plastic_Buoy", "score": 0.3013070225715637, "area_m2": 0.19138508379464136, "weight_est_kg": 3.444931508303544, "weight_lo_kg": 1.722465754151772, "weight_hi_kg": 4.593242011071394, "crew": "1인", "stop_id": "S048"}}, {"type": "Feature", "geometry": {"type": "Polygon", "coordinates": [[[-157.18167528715335, 21.202360170799448], [-157.18166923443445, 21.2023601056293], [-157.18166929239808, 21.20235537139362], [-157.1816753451168, 21.202355436563753], [-157.18167528715335, 21.202360170799448]]]}, "properties": {"item_id": "1726_4190_8403_918", "cls": "plastic_buoy", "cls_raw": "Plastic_Buoy", "score": 0.1694788932800293, "area_m2": 0.3294870929957255, "weight_est_kg": 5.930767673923059, "weight_lo_kg": 2.9653838369615295, "weight_hi_kg": 7.907690231897411, "crew": "1인", "stop_id": "S048"}}, {"type": "Feature", "geometry": {"type": "Polygon", "coordinates": [[[-157.18170089204898, 21.20232231147603], [-157.1816947886651, 21.202322245761387], [-157.1816948461023, 21.202317554453085], [-157.18170094948593, 21.202317620167715], [-157.18170089204898, 21.20232231147603]]]}, "properties": {"item_id": "1726_4190_8403_919", "cls": "net", "cls_raw": "Net", "score": 0.12912428379058838, "area_m2": 0.3292325621367319, "weight_est_kg": 5.926186118461175, "weight_lo_kg": 2.4692442160254897, "weight_hi_kg": 14.815465296152935, "crew": "1인", "stop_id": "S048"}}, {"type": "Feature", "geometry": {"type": "Polygon", "coordinates": [[[-157.18166777487235, 21.202376058684735], [-157.18166382101165, 21.202376016113], [-157.18166385722256, 21.20237305856615], [-157.18166781108314, 21.202373101137884], [-157.18166777487235, 21.202376058684735]]]}, "properties": {"item_id": "1726_4190_8403_920", "cls": "net", "cls_raw": "Net", "score": 0.10215224325656891, "area_m2": 0.13445934064689638, "weight_est_kg": 2.4202681316441343, "weight_lo_kg": 1.008445054851723, "weight_hi_kg": 6.0506703291103365, "crew": "1인", "stop_id": "S048"}}, {"type": "Feature", "geometry": {"type": "Polygon", "coordinates": [[[-157.18165395154404, 21.202333675866985], [-157.18164973610018, 21.202333630478478], [-157.18164978480127, 21.202329652809066], [-157.181654000245, 21.202329698197577], [-157.18165395154404, 21.202333675866985]]]}, "properties": {"item_id": "1726_4430_8790_933", "cls": "plastic_buoy", "cls_raw": "Plastic_Buoy", "score": 0.5863271951675415, "area_m2": 0.19280136651997587, "weight_est_kg": 3.4704245973595658, "weight_lo_kg": 1.7352122986797829, "weight_hi_kg": 4.627232796479421, "crew": "1인", "stop_id": "S048"}}, {"type": "Feature", "geometry": {"type": "Polygon", "coordinates": [[[-157.18163381849587, 21.202340494782618], [-157.18162979116408, 21.20234045141905], [-157.1816298376275, 21.20233665655659], [-157.1816338649592, 21.202336699920135], [-157.18163381849587, 21.202340494782618]]]}, "properties": {"item_id": "1726_4430_8790_934", "cls": "plastic_buoy", "cls_raw": "Plastic_Buoy", "score": 0.2916073203086853, "area_m2": 0.17573228435408966, "weight_est_kg": 3.163181118373614, "weight_lo_kg": 1.581590559186807, "weight_hi_kg": 4.2175748244981515, "crew": "1인", "stop_id": "S048"}}, {"type": "Feature", "geometry": {"type": "Polygon", "coordinates": [[[-157.18172698808056, 21.202299387534566], [-157.18171858942372, 21.20229929710823], [-157.18171867553704, 21.202292263507974], [-157.1817270741935, 21.202292353934283], [-157.18172698808056, 21.202299387534566]]]}, "properties": {"item_id": "1726_4430_8790_935", "cls": "rope", "cls_raw": "Rope", "score": 0.1144958958029747, "area_m2": 0.6792438190458168, "weight_est_kg": 8.150925828549802, "weight_lo_kg": 5.433950552366534, "weight_hi_kg": 13.584876380916336, "crew": "1인", "stop_id": "S048"}}, {"type": "Feature", "geometry": {"type": "Polygon", "coordinates": [[[-157.18171374062132, 21.20229517841638], [-157.181709360401, 21.202295131255305], [-157.18170941170987, 21.202290940447686], [-157.18171379193006, 21.20229098760875], [-157.18171374062132, 21.20229517841638]]]}, "properties": {"item_id": "1726_4430_8790_936", "cls": "plastic_buoy", "cls_raw": "Plastic_Buoy", "score": 0.11356659233570099, "area_m2": 0.21107260760223148, "weight_est_kg": 3.7993069368401664, "weight_lo_kg": 1.8996534684200832, "weight_hi_kg": 5.065742582453556, "crew": "1인", "stop_id": "S048"}}, {"type": "Feature", "geometry": {"type": "Polygon", "coordinates": [[[-157.17449571102188, 21.20228246496349], [-157.1744921777029, 21.202282426769763], [-157.17449222574436, 21.20227851835771], [-157.17449575906326, 21.20227855655142], [-157.17449571102188, 21.20228246496349]]]}, "properties": {"item_id": "1728_11809_8118_946", "cls": "plastic_buoy", "cls_raw": "Plastic_Buoy", "score": 0.27795907855033875, "area_m2": 0.15879064845297705, "weight_est_kg": 2.858231672153587, "weight_lo_kg": 1.4291158360767935, "weight_hi_kg": 3.810975562871449, "crew": "1인", "stop_id": "S049"}}, {"type": "Feature", "geometry": {"type": "Polygon", "coordinates": [[[-157.1744818541262, 21.202299859098595], [-157.17447497485827, 21.202299784735843], [-157.17447500957542, 21.20229696035371], [-157.17448188884325, 21.202297034716445], [-157.1744818541262, 21.202299859098595]]]}, "properties": {"item_id": "1728_11809_8118_947", "cls": "pet_bottle", "cls_raw": "PET_Bottle", "score": 0.17619118094444275, "area_m2": 0.22341244814401456, "weight_est_kg": 0.4423566473251488, "weight_lo_kg": 0.3686305394376241, "weight_hi_kg": 0.7372610788752482, "crew": "1인", "stop_id": "S049"}}, {"type": "Feature", "geometry": {"type": "Polygon", "coordinates": [[[-157.16748588365138, 21.200625450989264], [-157.16747984184252, 21.200625385432918], [-157.1674799116687, 21.20061972599648], [-157.16748595347732, 21.200619791552796], [-157.16748588365138, 21.200625450989264]]]}, "properties": {"item_id": "1941_3195_4946_952", "cls": "plastic_other", "cls_raw": "Plastic_ETC", "score": 0.22355081140995026, "area_m2": 0.393178776490786, "weight_est_kg": 0.9436290635778863, "weight_lo_kg": 0.6290860423852576, "weight_hi_kg": 3.145430211926288, "crew": "1인", "stop_id": "S050"}}, {"type": "Feature", "geometry": {"type": "Polygon", "coordinates": [[[-157.1674652854502, 21.200621248457498], [-157.16745477825597, 21.20062113444833], [-157.16745489103334, 21.20061199392359], [-157.16746539822688, 21.20061210793271], [-157.1674652854502, 21.200621248457498]]]}, "properties": {"item_id": "1941_3195_4946_953", "cls": "plastic_other", "cls_raw": "Plastic_ETC", "score": 0.16930070519447327, "area_m2": 1.1043527335676313, "weight_est_kg": 2.6504465605623153, "weight_lo_kg": 1.7669643737082104, "weight_hi_kg": 8.83482186854105, "crew": "1인", "stop_id": "S050"}}, {"type": "Feature", "geometry": {"type": "Polygon", "coordinates": [[[-157.167275609304, 21.200728990648592], [-157.16727296431466, 21.200728961945895], [-157.16727300488648, 21.200725673974887], [-157.16727564987576, 21.200725702677587], [-157.167275609304, 21.200728990648592]]]}, "properties": {"item_id": "1941_4582_4371_955", "cls": "plastic_buoy", "cls_raw": "Plastic_Buoy", "score": 0.14346708357334137, "area_m2": 0.1000003703596319, "weight_est_kg": 1.800006666473374, "weight_lo_kg": 0.900003333236687, "weight_hi_kg": 2.4000088886311657, "crew": "1인", "stop_id": "S051"}}, {"type": "Feature", "geometry": {"type": "Polygon", "coordinates": [[[-157.16431220402646, 21.200565879260644], [-157.1643070938375, 21.200565823716843], [-157.16430715691425, 21.20056072014842], [-157.16431226710304, 21.2005607756922], [-157.16431220402646, 21.200565879260644]]]}, "properties": {"item_id": "1942_4672_5083_957", "cls": "plastic_buoy", "cls_raw": "Plastic_Buoy_China", "score": 0.4128043055534363, "area_m2": 0.299890368983224, "weight_est_kg": 5.398026641698032, "weight_lo_kg": 2.699013320849016, "weight_hi_kg": 7.197368855597377, "crew": "1인", "stop_id": "S052"}}, {"type": "Feature", "geometry": {"type": "Polygon", "coordinates": [[[-157.14181677670916, 21.198985555843095], [-157.14181187102403, 21.198985501871462], [-157.14181193637626, 21.19898027782704], [-157.14181684206116, 21.198980331798655], [-157.14181677670916, 21.198985555843095]]]}, "properties": {"item_id": "1950_1652_12775_960", "cls": "plastic_buoy", "cls_raw": "Plastic_Buoy_China", "score": 0.3576534390449524, "area_m2": 0.29469565965158734, "weight_est_kg": 5.304521873728572, "weight_lo_kg": 2.652260936864286, "weight_hi_kg": 7.072695831638097, "crew": "1인", "stop_id": "S053"}}, {"type": "Feature", "geometry": {"type": "Polygon", "coordinates": [[[-157.1417962471643, 21.198930297290104], [-157.1417913513318, 21.19893024342639], [-157.1417914237214, 21.198924456878853], [-157.14179631955378, 21.198924510742543], [-157.1417962471643, 21.198930297290104]]]}, "properties": {"item_id": "1950_1652_12775_961", "cls": "plastic_other", "cls_raw": "Plastic_ETC", "score": 0.2199482023715973, "area_m2": 0.3257717787087773, "weight_est_kg": 0.7818522689010655, "weight_lo_kg": 0.5212348459340437, "weight_hi_kg": 2.606174229670219, "crew": "1인", "stop_id": "S053"}}, {"type": "Feature", "geometry": {"type": "Polygon", "coordinates": [[[-157.14181067078562, 21.198981183381267], [-157.1418046938427, 21.1989811176236], [-157.14180473867293, 21.19897753405063], [-157.14181071561575, 21.198977599808288], [-157.14181067078562, 21.198981183381267]]]}, "properties": {"item_id": "1950_1652_12775_962", "cls": "pet_bottle", "cls_raw": "PET_Bottle", "score": 0.16647250950336456, "area_m2": 0.2462989651686658, "weight_est_kg": 0.4876719510339583, "weight_lo_kg": 0.4063932925282986, "weight_hi_kg": 0.8127865850565972, "crew": "1인", "stop_id": "S053"}}, {"type": "Feature", "geometry": {"type": "Polygon", "coordinates": [[[-157.14185852605044, 21.198915330896007], [-157.14185516324412, 21.19891529389986], [-157.14185522519864, 21.198910341321536], [-157.14185858800485, 21.198910378317684], [-157.14185852605044, 21.198915330896007]]]}, "properties": {"item_id": "1950_1652_12775_963", "cls": "pet_bottle", "cls_raw": "PET_Bottle", "score": 0.13559210300445557, "area_m2": 0.19151402999614467, "weight_est_kg": 0.37919777939236643, "weight_lo_kg": 0.31599814949363875, "weight_hi_kg": 0.6319962989872775, "crew": "1인", "stop_id": "S053"}}, {"type": "Feature", "geometry": {"type": "Polygon", "coordinates": [[[-157.14176819917637, 21.198910776897083], [-157.14176369133034, 21.198910727301268], [-157.1417637440029, 21.19890651691983], [-157.14176825184882, 21.19890656651563], [-157.14176819917637, 21.198910776897083]]]}, "properties": {"item_id": "1950_1652_12775_964", "cls": "net", "cls_raw": "Net", "score": 0.10484927147626877, "area_m2": 0.21825186397289692, "weight_est_kg": 3.9285335515121442, "weight_lo_kg": 1.636888979796727, "weight_hi_kg": 9.821333878780361, "crew": "1인", "stop_id": "S053"}}, {"type": "Feature", "geometry": {"type": "Polygon", "coordinates": [[[-157.14162312312982, 21.198819596768423], [-157.1416165412699, 21.198819524348636], [-157.14161663117216, 21.198812338544943], [-157.14162321303175, 21.198812410964695], [-157.14162312312982, 21.198819596768423]]]}, "properties": {"item_id": "1950_2578_13383_969", "cls": "pet_bottle", "cls_raw": "PET_Bottle", "score": 0.37828144431114197, "area_m2": 0.543865818143026, "weight_est_kg": 1.0768543199231915, "weight_lo_kg": 0.897378599935993, "weight_hi_kg": 1.794757199871986, "crew": "1인", "stop_id": "S054"}}, {"type": "Feature", "geometry": {"type": "Polygon", "coordinates": [[[-157.14160408467694, 21.198815547813787], [-157.14159878258414, 21.19881548947463], [-157.1415988626812, 21.198809087449177], [-157.14160416477378, 21.198809145788317], [-157.14160408467694, 21.198815547813787]]]}, "properties": {"item_id": "1950_2578_13383_970", "cls": "plastic_other", "cls_raw": "Plastic_ETC", "score": 0.1352427750825882, "area_m2": 0.3903305312992112, "weight_est_kg": 0.9367932751181068, "weight_lo_kg": 0.6245288500787379, "weight_hi_kg": 3.1226442503936895, "crew": "1인", "stop_id": "S054"}}, {"type": "Feature", "geometry": {"type": "Polygon", "coordinates": [[[-157.14156758504362, 21.198836302874575], [-157.14156233441358, 21.19883624510048], [-157.1415623829417, 21.19883236641335], [-157.14156763357155, 21.198832424187422], [-157.14156758504362, 21.198836302874575]]]}, "properties": {"item_id": "1950_2578_13383_971", "cls": "pet_bottle", "cls_raw": "PET_Bottle", "score": 0.12925678491592407, "area_m2": 0.23418761768346882, "weight_est_kg": 0.46369148301326824, "weight_lo_kg": 0.38640956917772357, "weight_hi_kg": 0.7728191383554471, "crew": "1인", "stop_id": "S054"}}, {"type": "Feature", "geometry": {"type": "Polygon", "coordinates": [[[-157.14158849377907, 21.198834189647354], [-157.1415809189737, 21.198834106300637], [-157.14158101449513, 21.19882647151046], [-157.14158858930014, 21.19882655485714], [-157.14158849377907, 21.198834189647354]]]}, "properties": {"item_id": "1950_2578_13383_972", "cls": "pet_bottle", "cls_raw": "PET_Bottle", "score": 0.12163102626800537, "area_m2": 0.665022505283521, "weight_est_kg": 1.3167445604613717, "weight_lo_kg": 1.0972871337178098, "weight_hi_kg": 2.1945742674356197, "crew": "1인", "stop_id": "S054"}}, {"type": "Feature", "geometry": {"type": "Polygon", "coordinates": [[[-157.14140696784781, 21.198905699522864], [-157.14139607799862, 21.198905579688084], [-157.14139616795492, 21.198898390449386], [-157.1414070578036, 21.198898510284145], [-157.14140696784781, 21.198905699522864]]]}, "properties": {"item_id": "1950_3758_13192_977", "cls": "plastic_other", "cls_raw": "Plastic_ETC", "score": 0.13072407245635986, "area_m2": 0.9002692405266131, "weight_est_kg": 2.1606461772638714, "weight_lo_kg": 1.440430784842581, "weight_hi_kg": 7.202153924212905, "crew": "1인", "stop_id": "S055"}}, {"type": "Feature", "geometry": {"type": "Polygon", "coordinates": [[[-157.1413921688839, 21.19890555775612], [-157.14137396375367, 21.198905357420063], [-157.1413740348009, 21.198899679448573], [-157.1413922399304, 21.19889987978458], [-157.1413921688839, 21.19890555775612]]]}, "properties": {"item_id": "1950_3758_13192_978", "cls": "plastic_other", "cls_raw": "Plastic_ETC", "score": 0.1254405975341797, "area_m2": 1.1886517953646063, "weight_est_kg": 2.852764308875055, "weight_lo_kg": 1.9018428725833703, "weight_hi_kg": 9.50921436291685, "crew": "1인", "stop_id": "S055"}}, {"type": "Feature", "geometry": {"type": "Polygon", "coordinates": [[[-157.14142354267145, 21.198905903000423], [-157.14140940038828, 21.198905747376244], [-157.14140947971796, 21.198899407365012], [-157.14142362200053, 21.198899562989137], [-157.14142354267145, 21.198905903000423]]]}, "properties": {"item_id": "1950_3758_13192_979", "cls": "plastic_other", "cls_raw": "Plastic_ETC", "score": 0.11887414753437042, "area_m2": 1.0310439813554986, "weight_est_kg": 2.4745055552531965, "weight_lo_kg": 1.6496703701687978, "weight_hi_kg": 8.248351850843989, "crew": "1인", "stop_id": "S055"}}, {"type": "Feature", "geometry": {"type": "Polygon", "coordinates": [[[-157.1387644511365, 21.199191663720807], [-157.13875852503583, 21.199191598415005], [-157.1387585601078, 21.199188799509546], [-157.13876448620832, 21.199188864815323], [-157.1387644511365, 21.199191663720807]]]}, "properties": {"item_id": "1951_2379_6636_981", "cls": "pet_bottle", "cls_raw": "PET_Bottle", "score": 0.13617108762264252, "area_m2": 0.19073279847507446, "weight_est_kg": 0.37765094098064744, "weight_lo_kg": 0.31470911748387287, "weight_hi_kg": 0.6294182349677457, "crew": "1인", "stop_id": "S056"}}, {"type": "Feature", "geometry": {"type": "Polygon", "coordinates": [[[-157.13050243137786, 21.198514551532867], [-157.13049688507434, 21.198514490142532], [-157.13049695659527, 21.198508807475157], [-157.13050250289862, 21.198508868865474], [-157.13050243137786, 21.198514551532867]]]}, "properties": {"item_id": "1954_329_8123_985", "cls": "eps_fragment", "cls_raw": "Styrofoam_Piece", "score": 0.21937963366508484, "area_m2": 0.36243492690333784, "weight_est_kg": 0.2174609561420027, "weight_lo_kg": 0.14497397076133514, "weight_hi_kg": 0.7248698538066757, "crew": "1인", "stop_id": "S057"}}, {"type": "Feature", "geometry": {"type": "Polygon", "coordinates": [[[-157.13053073669371, 21.198528507070744], [-157.13052290172757, 21.198528420349117], [-157.13052298792692, 21.1985215713258], [-157.13053082289272, 21.198521658047387], [-157.13053073669371, 21.198528507070744]]]}, "properties": {"item_id": "1954_329_8123_986", "cls": "pet_bottle", "cls_raw": "PET_Bottle", "score": 0.11398478597402573, "area_m2": 0.6170777514783335, "weight_est_kg": 1.2218139479271004, "weight_lo_kg": 1.0181782899392504, "weight_hi_kg": 2.036356579878501, "crew": "1인", "stop_id": "S057"}}, {"type": "Feature", "geometry": {"type": "Polygon", "coordinates": [[[-157.1321116348869, 21.197937638601957], [-157.13210262880156, 21.197937539004325], [-157.13210269977935, 21.197931894473335], [-157.13211170586436, 21.197931994070945], [-157.1321116348869, 21.197937638601957]]]}, "properties": {"item_id": "2163_7021_2682_987", "cls": "plastic_other", "cls_raw": "Plastic_ETC", "score": 0.19230134785175323, "area_m2": 0.5845732654453777, "weight_est_kg": 1.4029758370689063, "weight_lo_kg": 0.9353172247126043, "weight_hi_kg": 4.6765861235630215, "crew": "1인", "stop_id": "S058"}}, {"type": "Feature", "geometry": {"type": "Polygon", "coordinates": [[[-157.13213619696032, 21.197899862901583], [-157.132101717264, 21.197899481596156], [-157.1321018325808, 21.197890310980526], [-157.13213631227495, 21.197890692285778], [-157.13213619696032, 21.197899862901583]]]}, "properties": {"item_id": "2163_7021_2682_988", "cls": "plastic_other", "cls_raw": "Plastic_ETC", "score": 0.16834141314029694, "area_m2": 3.636110385061214, "weight_est_kg": 8.726664924146913, "weight_lo_kg": 5.817776616097943, "weight_hi_kg": 29.088883080489715, "crew": "2인", "stop_id": "S058"}}, {"type": "Feature", "geometry": {"type": "Polygon", "coordinates": [[[-157.13213824861143, 21.197931821091675], [-157.13213363432078, 21.197931770063377], [-157.13213369275772, 21.197927122769237], [-157.13213830704822, 21.197927173797524], [-157.13213824861143, 21.197931821091675]]]}, "properties": {"item_id": "2163_7021_2682_989", "cls": "plastic_other", "cls_raw": "Plastic_ETC", "score": 0.13565945625305176, "area_m2": 0.24659265598511862, "weight_est_kg": 0.5918223743642846, "weight_lo_kg": 0.3945482495761898, "weight_hi_kg": 1.9727412478809492, "crew": "1인", "stop_id": "S058"}}, {"type": "Feature", "geometry": {"type": "Polygon", "coordinates": [[[-157.132047579234, 21.19798992550383], [-157.13204481895528, 21.19798989497705], [-157.13204489785863, 21.19798362037437], [-157.13204765813725, 21.197983650901136], [-157.132047579234, 21.19798992550383]]]}, "properties": {"item_id": "2163_7021_2682_990", "cls": "pet_bottle", "cls_raw": "PET_Bottle", "score": 0.12307599931955338, "area_m2": 0.199165485490163, "weight_est_kg": 0.39434766127052273, "weight_lo_kg": 0.32862305105876893, "weight_hi_kg": 0.6572461021175379, "crew": "1인", "stop_id": "S058"}}, {"type": "Feature", "geometry": {"type": "Polygon", "coordinates": [[[-157.13206478681175, 21.197888620973497], [-157.1320532713721, 21.197888493622056], [-157.13205337624078, 21.197880154105412], [-157.13206489167982, 21.197880281456793], [-157.13206478681175, 21.197888620973497]]]}, "properties": {"item_id": "2163_7021_2682_991", "cls": "plastic_other", "cls_raw": "Plastic_ETC", "score": 0.11187838017940521, "area_m2": 1.1043242291453244, "weight_est_kg": 2.650378149948778, "weight_lo_kg": 1.766918766632519, "weight_hi_kg": 8.834593833162595, "crew": "1인", "stop_id": "S058"}}, {"type": "Feature", "geometry": {"type": "Polygon", "coordinates": [[[-157.1228145376942, 21.196705540573824], [-157.1228078761373, 21.19670546654075], [-157.1228079362372, 21.196700710456422], [-157.12281459779388, 21.19670078448948], [-157.1228145376942, 21.196705540573824]]]}, "properties": {"item_id": "2166_10218_8963_996", "cls": "pet_bottle", "cls_raw": "PET_Bottle", "score": 0.45186665654182434, "area_m2": 0.36434137078532686, "weight_est_kg": 0.7213959141549471, "weight_lo_kg": 0.6011632617957893, "weight_hi_kg": 1.2023265235915785, "crew": "1인", "stop_id": "S059"}}, {"type": "Feature", "geometry": {"type": "Polygon", "coordinates": [[[-157.12286496632265, 21.196695883936606], [-157.1228563724686, 21.196695788431533], [-157.1228564691549, 21.19668813683299], [-157.12286506300853, 21.196688232338026], [-157.12286496632265, 21.196695883936606]]]}, "properties": {"item_id": "2166_10218_8963_997", "cls": "eps_buoy", "cls_raw": "Styrofoam_Buoy", "score": 0.39244890213012695, "area_m2": 0.756176806527564, "weight_est_kg": 6.616547057116184, "weight_lo_kg": 2.835663024478365, "weight_hi_kg": 7.561768065275641, "crew": "1인", "stop_id": "S059"}}, {"type": "Feature", "geometry": {"type": "Polygon", "coordinates": [[[-157.12286005774794, 21.19675156638014], [-157.1228545812517, 21.1967515055186], [-157.12285464199246, 21.19674669860966], [-157.12286011848852, 21.196746759471186], [-157.12286005774794, 21.19675156638014]]]}, "properties": {"item_id": "2166_10218_8963_998", "cls": "eps_fragment", "cls_raw": "Styrofoam_Piece", "score": 0.3899827301502228, "area_m2": 0.3027274004236616, "weight_est_kg": 0.18163644025419695, "weight_lo_kg": 0.12109096016946463, "weight_hi_kg": 0.6054548008473232, "crew": "1인", "stop_id": "S059"}}, {"type": "Feature", "geometry": {"type": "Polygon", "coordinates": [[[-157.12288076017268, 21.1967340405457], [-157.12287535187198, 21.19673398044273], [-157.12287542841653, 21.196727922780205], [-157.122880836717, 21.196727982883143], [-157.12288076017268, 21.1967340405457]]]}, "properties": {"item_id": "2166_10218_8963_999", "cls": "plastic_buoy", "cls_raw": "Plastic_Buoy", "score": 0.14094655215740204, "area_m2": 0.37674629426868683, "weight_est_kg": 6.781433296836362, "weight_lo_kg": 3.390716648418181, "weight_hi_kg": 9.041911062448484, "crew": "1인", "stop_id": "S059"}}, {"type": "Feature", "geometry": {"type": "Polygon", "coordinates": [[[-157.12284601241436, 21.196648277877532], [-157.12283487899495, 21.1966481541487], [-157.12283498948196, 21.196639410459973], [-157.12284612290074, 21.196639534188765], [-157.12284601241436, 21.196648277877532]]]}, "properties": {"item_id": "2166_10218_8963_1000", "cls": "eps_buoy", "cls_raw": "Styrofoam_Buoy", "score": 0.13277436792850494, "area_m2": 1.119454913878719, "weight_est_kg": 9.795230496438792, "weight_lo_kg": 4.1979559270451965, "weight_hi_kg": 11.194549138787192, "crew": "1인", "stop_id": "S059"}}, {"type": "Feature", "geometry": {"type": "Polygon", "coordinates": [[[-157.12283041425724, 21.196735063717124], [-157.12280412600208, 21.196734771563733], [-157.1228042457522, 21.196725295012516], [-157.1228305340057, 21.196725587165748], [-157.12283041425724, 21.196735063717124]]]}, "properties": {"item_id": "2166_10218_8963_1001", "cls": "plastic_other", "cls_raw": "Plastic_ETC", "score": 0.12591011822223663, "area_m2": 2.864805808833953, "weight_est_kg": 6.875533941201487, "weight_lo_kg": 4.5836892941343255, "weight_hi_kg": 22.918446470671626, "crew": "1인", "stop_id": "S059"}}, {"type": "Feature", "geometry": {"type": "Polygon", "coordinates": [[[-157.12290074786583, 21.19670005403522], [-157.1228917523302, 21.196699954068063], [-157.12289186073198, 21.19669137516053], [-157.12290085626708, 21.196691475127643], [-157.12290074786583, 21.19670005403522]]]}, "properties": {"item_id": "2166_10218_8963_1002", "cls": "eps_fragment", "cls_raw": "Styrofoam_Piece", "score": 0.10348289459943771, "area_m2": 0.8874465095235378, "weight_est_kg": 0.5324679057141226, "weight_lo_kg": 0.35497860380941515, "weight_hi_kg": 1.7748930190470757, "crew": "1인", "stop_id": "S059"}}, {"type": "Feature", "geometry": {"type": "Polygon", "coordinates": [[[-157.11793655963154, 21.196551025070768], [-157.11792699796666, 21.196550918531607], [-157.11792711155172, 21.196541953083457], [-157.117936673216, 21.196542059622566], [-157.11793655963154, 21.196551025070768]]]}, "properties": {"item_id": "2168_5695_7279_1009", "cls": "eps_buoy", "cls_raw": "Styrofoam_Buoy", "score": 0.41460347175598145, "area_m2": 0.9858063334527081, "weight_est_kg": 8.625805417711195, "weight_lo_kg": 3.696773750447655, "weight_hi_kg": 9.858063334527081, "crew": "1인", "stop_id": "S060"}}, {"type": "Feature", "geometry": {"type": "Polygon", "coordinates": [[[-157.11792343849362, 21.19651855185523], [-157.11791941346328, 21.19651850700685], [-157.11791945498973, 21.19651522926825], [-157.11792348001998, 21.196515274116617], [-157.11792343849362, 21.19651855185523]]]}, "properties": {"item_id": "2168_5695_7279_1010", "cls": "net", "cls_raw": "Net", "score": 0.3358067274093628, "area_m2": 0.15171539479497864, "weight_est_kg": 2.7308771063096153, "weight_lo_kg": 1.1378654609623398, "weight_hi_kg": 6.827192765774038, "crew": "1인", "stop_id": "S060"}}, {"type": "Feature", "geometry": {"type": "Polygon", "coordinates": [[[-157.1179632512104, 21.196551215904822], [-157.11795737021205, 21.196551150377836], [-157.11795744520705, 21.196545230808567], [-157.11796332620517, 21.196545296335533], [-157.1179632512104, 21.196551215904822]]]}, "properties": {"item_id": "2168_5695_7279_1011", "cls": "eps_buoy", "cls_raw": "Styrofoam_Buoy", "score": 0.2403479814529419, "area_m2": 0.4003383828402561, "weight_est_kg": 3.502960849852241, "weight_lo_kg": 1.5012689356509603, "weight_hi_kg": 4.003383828402561, "crew": "1인", "stop_id": "S060"}}, {"type": "Feature", "geometry": {"type": "Polygon", "coordinates": [[[-157.1179747171378, 21.196552825298596], [-157.11796907690126, 21.196552762454605], [-157.11796915155102, 21.1965468701026], [-157.1179747917873, 21.196546932946582], [-157.1179747171378, 21.196552825298596]]]}, "properties": {"item_id": "2168_5695_7279_1012", "cls": "eps_fragment", "cls_raw": "Styrofoam_Piece", "score": 0.23573926091194153, "area_m2": 0.3821836081144418, "weight_est_kg": 0.22931016486866507, "weight_lo_kg": 0.15287344324577673, "weight_hi_kg": 0.7643672162288837, "crew": "1인", "stop_id": "S061"}}, {"type": "Feature", "geometry": {"type": "Polygon", "coordinates": [[[-157.11793452653603, 21.19654121607061], [-157.117931097725, 21.19654117786572], [-157.11793113761314, 21.19653802942304], [-157.1179345664241, 21.196538067627927], [-157.11793452653603, 21.19654121607061]]]}, "properties": {"item_id": "2168_5695_7279_1013", "cls": "plastic_buoy", "cls_raw": "Plastic_Buoy", "score": 0.15482808649539948, "area_m2": 0.1241439194709371, "weight_est_kg": 2.234590550476868, "weight_lo_kg": 1.117295275238434, "weight_hi_kg": 2.9794540673024907, "crew": "1인", "stop_id": "S060"}}, {"type": "Feature", "geometry": {"type": "Polygon", "coordinates": [[[-157.11788539237, 21.1965773783489], [-157.1178808388955, 21.196577327611255], [-157.11788089394105, 21.196572982894654], [-157.11788544741535, 21.19657303363229], [-157.11788539237, 21.1965773783489]]]}, "properties": {"item_id": "2168_5695_7279_1014", "cls": "plastic_buoy", "cls_raw": "Plastic_Buoy", "score": 0.14965997636318207, "area_m2": 0.22750470783120083, "weight_est_kg": 4.095084740961615, "weight_lo_kg": 2.0475423704808073, "weight_hi_kg": 5.46011298794882, "crew": "1인", "stop_id": "S060"}}, {"type": "Feature", "geometry": {"type": "Polygon", "coordinates": [[[-157.11793648864463, 21.196550915285695], [-157.11792709492448, 21.196550810617833], [-157.1179272087369, 21.196541827222553], [-157.1179366024565, 21.19654193189037], [-157.11793648864463, 21.196550915285695]]]}, "properties": {"item_id": "2168_5865_7641_1024", "cls": "eps_buoy", "cls_raw": "Styrofoam_Buoy", "score": 0.4122016131877899, "area_m2": 0.9704299912042068, "weight_est_kg": 8.49126242303681, "weight_lo_kg": 3.6391124670157753, "weight_hi_kg": 9.70429991204207, "crew": "1인", "stop_id": "S060"}}, {"type": "Feature", "geometry": {"type": "Polygon", "coordinates": [[[-157.1179626200232, 21.19655116038888], [-157.11795758589022, 21.19655110429779], [-157.11795766090262, 21.1965451833547], [-157.11796269503543, 21.196545239445776], [-157.1179626200232, 21.19655116038888]]]}, "properties": {"item_id": "2168_5865_7641_1025", "cls": "eps_buoy", "cls_raw": "Styrofoam_Buoy", "score": 0.23029430210590363, "area_m2": 0.3427690797079624, "weight_est_kg": 2.999229447444671, "weight_lo_kg": 1.285384048904859, "weight_hi_kg": 3.4276907970796238, "crew": "1인", "stop_id": "S060"}}, {"type": "Feature", "geometry": {"type": "Polygon", "coordinates": [[[-157.11790650465917, 21.19646928754837], [-157.1179016030151, 21.19646923293204], [-157.11790164514179, 21.196465907836014], [-157.11790654678578, 21.196465962452336], [-157.11790650465917, 21.19646928754837]]]}, "properties": {"item_id": "2168_5865_7641_1026", "cls": "net", "cls_raw": "Net", "score": 0.15464429557323456, "area_m2": 0.18742706099753267, "weight_est_kg": 3.373687097955588, "weight_lo_kg": 1.4057029574814952, "weight_hi_kg": 8.43421774488897, "crew": "1인", "stop_id": "S060"}}, {"type": "Feature", "geometry": {"type": "Polygon", "coordinates": [[[-157.1178493536385, 21.196470856928123], [-157.11784048282377, 21.196470758082377], [-157.11784056314903, 21.196464418150097], [-157.11784943396336, 21.196464516995814], [-157.1178493536385, 21.196470856928123]]]}, "properties": {"item_id": "2168_5865_7641_1027", "cls": "plastic_other", "cls_raw": "Plastic_ETC", "score": 0.1386650949716568, "area_m2": 0.6467470879437146, "weight_est_kg": 1.552193011064915, "weight_lo_kg": 1.0347953407099433, "weight_hi_kg": 5.173976703549718, "crew": "1인", "stop_id": "S060"}}, {"type": "Feature", "geometry": {"type": "Polygon", "coordinates": [[[-157.11792320720508, 21.196518327341508], [-157.11791956664615, 21.196518286777046], [-157.1179196044087, 21.19651530612478], [-157.11792324496759, 21.196515346689225], [-157.11792320720508, 21.196518327341508]]]}, "properties": {"item_id": "2168_5865_7641_1028", "cls": "net", "cls_raw": "Net", "score": 0.13256269693374634, "area_m2": 0.12478591241839648, "weight_est_kg": 2.246146423531137, "weight_lo_kg": 0.9358943431379737, "weight_hi_kg": 5.615366058827841, "crew": "1인", "stop_id": "S060"}}, {"type": "Feature", "geometry": {"type": "Polygon", "coordinates": [[[-157.11793207337502, 21.196516684298153], [-157.1179280533287, 21.196516639505514], [-157.11792810416284, 21.196512627076256], [-157.11793212420903, 21.196512671868884], [-157.11793207337502, 21.196516684298153]]]}, "properties": {"item_id": "2168_5865_7641_1029", "cls": "plastic_buoy", "cls_raw": "Plastic_Buoy", "score": 0.11766596138477325, "area_m2": 0.1854917616546615, "weight_est_kg": 3.3388517097839068, "weight_lo_kg": 1.6694258548919534, "weight_hi_kg": 4.451802279711877, "crew": "1인", "stop_id": "S060"}}, {"type": "Feature", "geometry": {"type": "Polygon", "coordinates": [[[-157.11793447635412, 21.19654125365854], [-157.11793118357977, 21.196541216969436], [-157.1179312255507, 21.196537904128878], [-157.11793451832497, 21.196537940817986], [-157.11793447635412, 21.19654125365854]]]}, "properties": {"item_id": "2168_5865_7641_1030", "cls": "plastic_buoy", "cls_raw": "Plastic_Buoy", "score": 0.10900496691465378, "area_m2": 0.12544363033960895, "weight_est_kg": 2.257985346112961, "weight_lo_kg": 1.1289926730564805, "weight_hi_kg": 3.010647128150615, "crew": "1인", "stop_id": "S060"}}, {"type": "Feature", "geometry": {"type": "Polygon", "coordinates": [[[-157.1178068419545, 21.19656918648378], [-157.11780317226652, 21.19656914559214], [-157.11780322132228, 21.196565273802413], [-157.11780689101016, 21.19656531469404], [-157.1178068419545, 21.19656918648378]]]}, "properties": {"item_id": "2168_6362_7264_1035", "cls": "plastic_buoy", "cls_raw": "Plastic_Buoy", "score": 0.29302382469177246, "area_m2": 0.16339057256285436, "weight_est_kg": 2.941030306131378, "weight_lo_kg": 1.470515153065689, "weight_hi_kg": 3.9213737415085053, "crew": "1인", "stop_id": "S060"}}, {"type": "Feature", "geometry": {"type": "Polygon", "coordinates": [[[-157.11782562571256, 21.196540463900515], [-157.11782092770406, 21.196540411550792], [-157.11782098579096, 21.19653582691922], [-157.11782568379928, 21.196535879268936], [-157.11782562571256, 21.196540463900515]]]}, "properties": {"item_id": "2168_6362_7264_1036", "cls": "plastic_buoy", "cls_raw": "Plastic_Buoy", "score": 0.2136802077293396, "area_m2": 0.2476876786709447, "weight_est_kg": 4.458378216077005, "weight_lo_kg": 2.2291891080385025, "weight_hi_kg": 5.9445042881026735, "crew": "1인", "stop_id": "S060"}}, {"type": "Feature", "geometry": {"type": "Polygon", "coordinates": [[[-157.11778979411795, 21.19660412148694], [-157.11777681478168, 21.196603976855275], [-157.11777693155304, 21.196594760670425], [-157.1177899108885, 21.196594905302014], [-157.11778979411795, 21.19660412148694]]]}, "properties": {"item_id": "2168_6362_7264_1037", "cls": "rope", "cls_raw": "Rope", "score": 0.14455918967723846, "area_m2": 1.3755920760828693, "weight_est_kg": 16.50710491299443, "weight_lo_kg": 11.004736608662954, "weight_hi_kg": 27.511841521657388, "crew": "2인", "stop_id": "S060"}}, {"type": "Feature", "geometry": {"type": "Polygon", "coordinates": [[[-157.0822988405466, 21.190771453795605], [-157.08229539163776, 21.190771414647234], [-157.08229543308317, 21.19076820315878], [-157.082298881992, 21.19076824230715], [-157.0822988405466, 21.190771453795605]]]}, "properties": {"item_id": "2600_11335_9423_1038", "cls": "plastic_buoy", "cls_raw": "Plastic_Buoy", "score": 0.18035238981246948, "area_m2": 0.1273822065942306, "weight_est_kg": 2.2928797186961507, "weight_lo_kg": 1.1464398593480754, "weight_hi_kg": 3.0571729582615346, "crew": "1인", "stop_id": "S062"}}, {"type": "Feature", "geometry": {"type": "Polygon", "coordinates": [[[-157.0822717557742, 21.19070649496186], [-157.0822658976263, 21.19070642846554], [-157.08226593994362, 21.190703149458848], [-157.08227179809137, 21.19070321595516], [-157.0822717557742, 21.19070649496186]]]}, "properties": {"item_id": "2600_11335_9423_1039", "cls": "net", "cls_raw": "Net", "score": 0.1339983493089676, "area_m2": 0.22091414135998017, "weight_est_kg": 3.9764545444796426, "weight_lo_kg": 1.6568560601998514, "weight_hi_kg": 9.941136361199108, "crew": "1인", "stop_id": "S062"}}, {"type": "Feature", "geometry": {"type": "Polygon", "coordinates": [[[-157.08224668194407, 21.190748297585717], [-157.0822437457817, 21.190748264256634], [-157.08224379116382, 21.1907447478172], [-157.08224672732612, 21.19074478114628], [-157.08224668194407, 21.190748297585717]]]}, "properties": {"item_id": "2600_11335_9423_1040", "cls": "plastic_buoy", "cls_raw": "Plastic_Buoy", "score": 0.10570201277732849, "area_m2": 0.11874189733865827, "weight_est_kg": 2.137354152095849, "weight_lo_kg": 1.0686770760479245, "weight_hi_kg": 2.8498055361277985, "crew": "1인", "stop_id": "S062"}}, {"type": "Feature", "geometry": {"type": "Polygon", "coordinates": [[[-157.0822668059698, 21.19076477948206], [-157.08225898944534, 21.190764690755564], [-157.08225907936693, 21.1907577231186], [-157.08226689589102, 21.190757811845064], [-157.0822668059698, 21.19076477948206]]]}, "properties": {"item_id": "2600_11335_9423_1041", "cls": "plastic_other", "cls_raw": "Plastic_ETC", "score": 0.10086521506309509, "area_m2": 0.6263541019411452, "weight_est_kg": 1.5032498446587483, "weight_lo_kg": 1.0021665631058323, "weight_hi_kg": 5.010832815529161, "crew": "1인", "stop_id": "S062"}}, {"type": "Feature", "geometry": {"type": "Polygon", "coordinates": [[[-157.07939569257863, 21.18983690874445], [-157.0793917845002, 21.189836864318448], [-157.07939182785975, 21.18983350943206], [-157.07939573593808, 21.18983355385806], [-157.07939569257863, 21.18983690874445]]]}, "properties": {"item_id": "2601_11355_12582_1046", "cls": "net", "cls_raw": "Net", "score": 0.3653142750263214, "area_m2": 0.15078770682070425, "weight_est_kg": 2.7141787227726764, "weight_lo_kg": 1.130907801155282, "weight_hi_kg": 6.785446806931691, "crew": "1인", "stop_id": "S063"}}, {"type": "Feature", "geometry": {"type": "Polygon", "coordinates": [[[-157.0794245486336, 21.189832728269828], [-157.07941977261737, 21.189832673978152], [-157.0794198263521, 21.189828516259453], [-157.07942460236825, 21.189828570551118], [-157.0794245486336, 21.189832728269828]]]}, "properties": {"item_id": "2601_11355_12582_1047", "cls": "net", "cls_raw": "Net", "score": 0.30955809354782104, "area_m2": 0.2283735183399738, "weight_est_kg": 4.110723330119528, "weight_lo_kg": 1.7128013875498036, "weight_hi_kg": 10.27680832529882, "crew": "1인", "stop_id": "S063"}}, {"type": "Feature", "geometry": {"type": "Polygon", "coordinates": [[[-157.07943227908106, 21.1898296347134], [-157.07942877452805, 21.18982959487534], [-157.07942882706885, 21.18982552952146], [-157.0794323316218, 21.18982556935951], [-157.07943227908106, 21.1898296347134]]]}, "properties": {"item_id": "2601_11355_12582_1048", "cls": "net", "cls_raw": "Net", "score": 0.2802855670452118, "area_m2": 0.16385354534494107, "weight_est_kg": 2.949363816208939, "weight_lo_kg": 1.228901590087058, "weight_hi_kg": 7.373409540522348, "crew": "1인", "stop_id": "S063"}}, {"type": "Feature", "geometry": {"type": "Polygon", "coordinates": [[[-157.07936580702062, 21.18984424889938], [-157.07936118021658, 21.189844196302257], [-157.0793612365382, 21.189839838564605], [-157.0793658633421, 21.189839891161725], [-157.07936580702062, 21.18984424889938]]]}, "properties": {"item_id": "2601_11355_12582_1049", "cls": "net", "cls_raw": "Net", "score": 0.2571142315864563, "area_m2": 0.23188199525779285, "weight_est_kg": 4.173875914640271, "weight_lo_kg": 1.7391149644334465, "weight_hi_kg": 10.434689786600677, "crew": "1인", "stop_id": "S063"}}, {"type": "Feature", "geometry": {"type": "Polygon", "coordinates": [[[-157.07933997977895, 21.18984272234885], [-157.07933539676998, 21.189842670248876], [-157.07933545201638, 21.189838395759804], [-157.07934003502524, 21.18983844785976], [-157.07933997977895, 21.18984272234885]]]}, "properties": {"item_id": "2601_11355_12582_1050", "cls": "net", "cls_raw": "Net", "score": 0.16179679334163666, "area_m2": 0.22529926879709594, "weight_est_kg": 4.055386838347727, "weight_lo_kg": 1.6897445159782196, "weight_hi_kg": 10.138467095869316, "crew": "1인", "stop_id": "S063"}}, {"type": "Feature", "geometry": {"type": "Polygon", "coordinates": [[[-157.0793822971273, 21.189852315416974], [-157.07937783861485, 21.189852264733393], [-157.0793778863392, 21.189848572157043], [-157.07938234485152, 21.189848622840614], [-157.0793822971273, 21.189852315416974]]]}, "properties": {"item_id": "2601_11355_12582_1051", "cls": "plastic_other", "cls_raw": "Plastic_ETC", "score": 0.11945658177137375, "area_m2": 0.1893408307001465, "weight_est_kg": 0.45441799368035163, "weight_lo_kg": 0.3029453291202344, "weight_hi_kg": 1.514726645601172, "crew": "1인", "stop_id": "S063"}}, {"type": "Feature", "geometry": {"type": "Polygon", "coordinates": [[[-156.95012586765796, 21.18972823224614], [-156.9501156992895, 21.189728108868522], [-156.9501158232635, 21.1897191219103], [-156.95012599163138, 21.18971924528787], [-156.95012586765796, 21.18972823224614]]]}, "properties": {"item_id": "2646_7450_6455_1054", "cls": "eps_buoy", "cls_raw": "Styrofoam_Buoy", "score": 0.5683727860450745, "area_m2": 1.0511324302199114, "weight_est_kg": 9.197408764424225, "weight_lo_kg": 3.9417466133246677, "weight_hi_kg": 10.511324302199116, "crew": "1인", "stop_id": "S064"}}, {"type": "Feature", "geometry": {"type": "Polygon", "coordinates": [[[-156.9501640666968, 21.18973903235279], [-156.95015969124344, 21.1897389792644], [-156.9501597439857, 21.189735155865414], [-156.95016411943894, 21.1897352089538], [-156.9501640666968, 21.18973903235279]]]}, "properties": {"item_id": "2646_7450_6455_1055", "cls": "eps_fragment", "cls_raw": "Styrofoam_Piece", "score": 0.5676653981208801, "area_m2": 0.19242702333931938, "weight_est_kg": 0.11545621400359163, "weight_lo_kg": 0.07697080933572775, "weight_hi_kg": 0.38485404667863876, "crew": "1인", "stop_id": "S064"}}, {"type": "Feature", "geometry": {"type": "Polygon", "coordinates": [[[-156.95016075303442, 21.189721029167877], [-156.9501536611201, 21.189720943119884], [-156.9501537204087, 21.18971664516891], [-156.95016081232282, 21.18971673121689], [-156.95016075303442, 21.189721029167877]]]}, "properties": {"item_id": "2646_7450_6455_1056", "cls": "eps_fragment", "cls_raw": "Styrofoam_Piece", "score": 0.5185430645942688, "area_m2": 0.3506052177586533, "weight_est_kg": 0.21036313065519197, "weight_lo_kg": 0.1402420871034613, "weight_hi_kg": 0.7012104355173066, "crew": "1인", "stop_id": "S064"}}, {"type": "Feature", "geometry": {"type": "Polygon", "coordinates": [[[-156.95014243665412, 21.18970127626024], [-156.95013533299374, 21.189701190069027], [-156.95013542483136, 21.189694532629286], [-156.95014252849137, 21.189694618820468], [-156.95014243665412, 21.18970127626024]]]}, "properties": {"item_id": "2646_7450_6455_1057", "cls": "eps_fragment", "cls_raw": "Styrofoam_Piece", "score": 0.37237435579299927, "area_m2": 0.5439800056458871, "weight_est_kg": 0.3263880033875322, "weight_lo_kg": 0.21759200225835484, "weight_hi_kg": 1.0879600112917742, "crew": "1인", "stop_id": "S064"}}, {"type": "Feature", "geometry": {"type": "Polygon", "coordinates": [[[-156.95015119202424, 21.18972400991858], [-156.95014811208551, 21.189723972548755], [-156.95014814762308, 21.189721396368476], [-156.9501512275617, 21.189721433738292], [-156.95015119202424, 21.18972400991858]]]}, "properties": {"item_id": "2646_7450_6455_1058", "cls": "eps_fragment", "cls_raw": "Styrofoam_Piece", "score": 0.36067792773246765, "area_m2": 0.0912665755152929, "weight_est_kg": 0.05475994530917573, "weight_lo_kg": 0.036506630206117156, "weight_hi_kg": 0.1825331510305858, "crew": "1인", "stop_id": "S064"}}, {"type": "Feature", "geometry": {"type": "Polygon", "coordinates": [[[-156.95006811322997, 21.189739059425346], [-156.95006426184025, 21.18973901269335], [-156.95006430550586, 21.189735847426395], [-156.95006815689553, 21.189735894158385], [-156.95006811322997, 21.189739059425346]]]}, "properties": {"item_id": "2646_7450_6455_1059", "cls": "eps_fragment", "cls_raw": "Styrofoam_Piece", "score": 0.3422674536705017, "area_m2": 0.14022364339831975, "weight_est_kg": 0.08413418603899185, "weight_lo_kg": 0.0560894573593279, "weight_hi_kg": 0.2804472867966395, "crew": "1인", "stop_id": "S064"}}, {"type": "Feature", "geometry": {"type": "Polygon", "coordinates": [[[-156.95011285532465, 21.189750569980372], [-156.9501061756845, 21.189750488932624], [-156.95010625521113, 21.189744724029474], [-156.950112934851, 21.1897448050772], [-156.95011285532465, 21.189750569980372]]]}, "properties": {"item_id": "2646_7450_6455_1060", "cls": "plastic_buoy", "cls_raw": "Plastic_Buoy", "score": 0.302120566368103, "area_m2": 0.4429334313512949, "weight_est_kg": 7.972801764323309, "weight_lo_kg": 3.9864008821616546, "weight_hi_kg": 10.63040235243108, "crew": "1인", "stop_id": "S064"}}, {"type": "Feature", "geometry": {"type": "Polygon", "coordinates": [[[-156.95012588075636, 21.189688356366315], [-156.9501197219736, 21.18968828163907], [-156.95011983036528, 21.18968042422318], [-156.95012598914775, 21.18968049895038], [-156.95012588075636, 21.189688356366315]]]}, "properties": {"item_id": "2646_7450_6455_1061", "cls": "plastic_other", "cls_raw": "Plastic_ETC", "score": 0.25426891446113586, "area_m2": 0.5566320089878035, "weight_est_kg": 1.3359168215707284, "weight_lo_kg": 0.8906112143804856, "weight_hi_kg": 4.453056071902428, "crew": "1인", "stop_id": "S064"}}, {"type": "Feature", "geometry": {"type": "Polygon", "coordinates": [[[-156.95006450996587, 21.18974023267117], [-156.95005889394346, 21.189740164527326], [-156.95005895221192, 21.189735940730536], [-156.95006456823415, 21.18973600887437], [-156.95006450996587, 21.18974023267117]]]}, "properties": {"item_id": "2646_7450_6455_1062", "cls": "eps_fragment", "cls_raw": "Styrofoam_Piece", "score": 0.18743808567523956, "area_m2": 0.2728508314490996, "weight_est_kg": 0.16371049886945976, "weight_lo_kg": 0.10914033257963986, "weight_hi_kg": 0.5457016628981992, "crew": "1인", "stop_id": "S064"}}, {"type": "Feature", "geometry": {"type": "Polygon", "coordinates": [[[-156.95006243091885, 21.189737545482505], [-156.95005873262286, 21.189737500607997], [-156.9500588118914, 21.189731754542475], [-156.95006251018722, 21.189731799416965], [-156.95006243091885, 21.189737545482505]]]}, "properties": {"item_id": "2646_7450_6455_1063", "cls": "eps_buoy", "cls_raw": "Styrofoam_Buoy", "score": 0.14936323463916779, "area_m2": 0.24443628640478962, "weight_est_kg": 2.1388175060419092, "weight_lo_kg": 0.9166360740179611, "weight_hi_kg": 2.4443628640478963, "crew": "1인", "stop_id": "S064"}}, {"type": "Feature", "geometry": {"type": "Polygon", "coordinates": [[[-156.95007075350102, 21.189735402027637], [-156.95006022014505, 21.189735274217963], [-156.950060342323, 21.189726417697635], [-156.9500708756784, 21.189726545507256], [-156.95007075350102, 21.189735402027637]]]}, "properties": {"item_id": "2646_7450_6455_1064", "cls": "pet_bottle", "cls_raw": "PET_Bottle", "score": 0.12101934850215912, "area_m2": 1.073058334985642, "weight_est_kg": 2.124655503271571, "weight_lo_kg": 1.7705462527263094, "weight_hi_kg": 3.5410925054526188, "crew": "1인", "stop_id": "S064"}}, {"type": "Feature", "geometry": {"type": "Polygon", "coordinates": [[[-156.94916539421155, 21.188038743951886], [-156.94915911404746, 21.188038667720942], [-156.9491591939997, 21.18803287412848], [-156.94916547416352, 21.1880329503594], [-156.94916539421155, 21.188038743951886]]]}, "properties": {"item_id": "2856_8318_734_1068", "cls": "eps_fragment", "cls_raw": "Styrofoam_Piece", "score": 0.42093828320503235, "area_m2": 0.4185214688257106, "weight_est_kg": 0.25111288129542636, "weight_lo_kg": 0.16740858753028426, "weight_hi_kg": 0.8370429376514212, "crew": "1인", "stop_id": "S065"}}, {"type": "Feature", "geometry": {"type": "Polygon", "coordinates": [[[-156.9491325308782, 21.18799803481526], [-156.94912627425683, 21.187997958868987], [-156.9491263561513, 21.18799202461847], [-156.94913261277244, 21.187992100564724], [-156.9491325308782, 21.18799803481526]]]}, "properties": {"item_id": "2856_8318_734_1069", "cls": "eps_fragment", "cls_raw": "Styrofoam_Piece", "score": 0.37223732471466064, "area_m2": 0.42707553558356987, "weight_est_kg": 0.2562453213501419, "weight_lo_kg": 0.17083021423342795, "weight_hi_kg": 0.8541510711671397, "crew": "1인", "stop_id": "S065"}}, {"type": "Feature", "geometry": {"type": "Polygon", "coordinates": [[[-156.94917870890816, 21.188029659498223], [-156.9491740831381, 21.188029603349328], [-156.94917413767266, 21.18802565157284], [-156.9491787634426, 21.188025707721724], [-156.94917870890816, 21.188029659498223]]]}, "properties": {"item_id": "2856_8318_734_1070", "cls": "plastic_buoy", "cls_raw": "Plastic_Buoy", "score": 0.27734968066215515, "area_m2": 0.21026899619553147, "weight_est_kg": 3.7848419315195665, "weight_lo_kg": 1.8924209657597832, "weight_hi_kg": 5.046455908692755, "crew": "1인", "stop_id": "S065"}}, {"type": "Feature", "geometry": {"type": "Polygon", "coordinates": [[[-156.94915277887105, 21.18805123452599], [-156.94914737976652, 21.18805116898925], [-156.9491474560432, 21.188045641777652], [-156.9491528551475, 21.18804570731438], [-156.94915277887105, 21.18805123452599]]]}, "properties": {"item_id": "2856_8318_734_1071", "cls": "eps_fragment", "cls_raw": "Styrofoam_Piece", "score": 0.23210270702838898, "area_m2": 0.3432626951814291, "weight_est_kg": 0.20595761710885746, "weight_lo_kg": 0.13730507807257164, "weight_hi_kg": 0.6865253903628582, "crew": "1인", "stop_id": "S065"}}, {"type": "Feature", "geometry": {"type": "Polygon", "coordinates": [[[-156.94910975586313, 21.188000219963307], [-156.94910548146737, 21.18800016807781], [-156.94910552719753, 21.18799685440514], [-156.94910980159324, 21.187996906290632], [-156.94910975586313, 21.188000219963307]]]}, "properties": {"item_id": "2856_8318_734_1072", "cls": "plastic_buoy", "cls_raw": "Plastic_Buoy", "score": 0.22382308542728424, "area_m2": 0.16292333390715552, "weight_est_kg": 2.932620010328799, "weight_lo_kg": 1.4663100051643996, "weight_hi_kg": 3.9101600137717325, "crew": "1인", "stop_id": "S065"}}, {"type": "Feature", "geometry": {"type": "Polygon", "coordinates": [[[-156.94913407011234, 21.18803765557157], [-156.9491304424246, 21.188037611536714], [-156.9491304754242, 21.18803522031515], [-156.94913410311187, 21.18803526434999], [-156.94913407011234, 21.18803765557157]]]}, "properties": {"item_id": "2856_8318_734_1073", "cls": "eps_fragment", "cls_raw": "Styrofoam_Piece", "score": 0.21327219903469086, "area_m2": 0.09978115862609681, "weight_est_kg": 0.059868695175658085, "weight_lo_kg": 0.03991246345043872, "weight_hi_kg": 0.19956231725219362, "crew": "1인", "stop_id": "S065"}}, {"type": "Feature", "geometry": {"type": "Polygon", "coordinates": [[[-156.9491281381473, 21.18807498629991], [-156.94912059712422, 21.188074894762373], [-156.949120677565, 21.18806906589256], [-156.94912821858776, 21.188069157430075], [-156.9491281381473, 21.18807498629991]]]}, "properties": {"item_id": "2856_8318_734_1074", "cls": "plastic_other", "cls_raw": "Plastic_ETC", "score": 0.19957782328128815, "area_m2": 0.5056073167410622, "weight_est_kg": 1.2134575601785493, "weight_lo_kg": 0.8089717067856995, "weight_hi_kg": 4.0448585339284975, "crew": "1인", "stop_id": "S065"}}, {"type": "Feature", "geometry": {"type": "Polygon", "coordinates": [[[-156.94915987682035, 21.1880568218227], [-156.94915605360086, 21.188056775414918], [-156.94915609487262, 21.188053784740045], [-156.94915991809205, 21.18805383114782], [-156.94915987682035, 21.1880568218227]]]}, "properties": {"item_id": "2856_8318_734_1075", "cls": "plastic_buoy", "cls_raw": "Plastic_Buoy", "score": 0.199553444981575, "area_m2": 0.13152163300441988, "weight_est_kg": 2.3673893940795576, "weight_lo_kg": 1.1836946970397788, "weight_hi_kg": 3.156519192106077, "crew": "1인", "stop_id": "S065"}}, {"type": "Feature", "geometry": {"type": "Polygon", "coordinates": [[[-156.9491392020132, 21.18806571265461], [-156.94912897468345, 21.18806558850968], [-156.9491290808043, 21.18805789878248], [-156.94913930813354, 21.188058022927372], [-156.9491392020132, 21.18806571265461]]]}, "properties": {"item_id": "2856_8318_734_1076", "cls": "plastic_other", "cls_raw": "Plastic_ETC", "score": 0.17897270619869232, "area_m2": 0.9046319847644939, "weight_est_kg": 2.171116763434785, "weight_lo_kg": 1.4474111756231902, "weight_hi_kg": 7.237055878115952, "crew": "1인", "stop_id": "S065"}}, {"type": "Feature", "geometry": {"type": "Polygon", "coordinates": [[[-156.9491497833919, 21.188043480399532], [-156.94914534418533, 21.18804342651442], [-156.94914539024722, 21.188040088746483], [-156.9491498294537, 21.188040142631596], [-156.9491497833919, 21.188043480399532]]]}, "properties": {"item_id": "2856_8318_734_1077", "cls": "eps_fragment", "cls_raw": "Styrofoam_Piece", "score": 0.14649350941181183, "area_m2": 0.1704355925470885, "weight_est_kg": 0.1022613555282531, "weight_lo_kg": 0.0681742370188354, "weight_hi_kg": 0.340871185094177, "crew": "1인", "stop_id": "S065"}}, {"type": "Feature", "geometry": {"type": "Polygon", "coordinates": [[[-156.94915689107063, 21.188052782551328], [-156.94915121450606, 21.188052713646798], [-156.94915130648204, 21.188046048808243], [-156.94915698304635, 21.18804611771277], [-156.94915689107063, 21.188052782551328]]]}, "properties": {"item_id": "2856_8318_734_1078", "cls": "pet_bottle", "cls_raw": "PET_Bottle", "score": 0.11646638810634613, "area_m2": 0.4351850726120926, "weight_est_kg": 0.8616664437719433, "weight_lo_kg": 0.7180553698099528, "weight_hi_kg": 1.4361107396199055, "crew": "1인", "stop_id": "S065"}}, {"type": "Feature", "geometry": {"type": "Polygon", "coordinates": [[[-156.94917194966888, 21.1880384826844], [-156.94916823954696, 21.18803843764974], [-156.9491682794594, 21.1880355454554], [-156.94917198958126, 21.188035590490045], [-156.94917194966888, 21.1880384826844]]]}, "properties": {"item_id": "2856_8318_734_1079", "cls": "eps_fragment", "cls_raw": "Styrofoam_Piece", "score": 0.1109829843044281, "area_m2": 0.1234282183647369, "weight_est_kg": 0.07405693101884213, "weight_lo_kg": 0.04937128734589476, "weight_hi_kg": 0.24685643672947383, "crew": "1인", "stop_id": "S065"}}, {"type": "Feature", "geometry": {"type": "Polygon", "coordinates": [[[-156.94912596476425, 21.187969450909723], [-156.94912085589783, 21.187969388895404], [-156.9491209210827, 21.18796466546673], [-156.94912602994893, 21.187964727481027], [-156.94912596476425, 21.187969450909723]]]}, "properties": {"item_id": "2856_8484_1107_1084", "cls": "plastic_buoy", "cls_raw": "Plastic_Buoy", "score": 0.45105183124542236, "area_m2": 0.2775753752053264, "weight_est_kg": 4.996356753695875, "weight_lo_kg": 2.4981783768479375, "weight_hi_kg": 6.661809004927834, "crew": "1인", "stop_id": "S065"}}, {"type": "Feature", "geometry": {"type": "Polygon", "coordinates": [[[-156.94910256177866, 21.18797921340656], [-156.9490982165142, 21.18797916066066], [-156.9490982699665, 21.18797528744173], [-156.94910261523086, 21.1879753401876], [-156.94910256177866, 21.18797921340656]]]}, "properties": {"item_id": "2856_8484_1107_1085", "cls": "eps_fragment", "cls_raw": "Styrofoam_Piece", "score": 0.4195476174354553, "area_m2": 0.19359194192889698, "weight_est_kg": 0.11615516515733817, "weight_lo_kg": 0.07743677677155879, "weight_hi_kg": 0.387183883857794, "crew": "1인", "stop_id": "S065"}}, {"type": "Feature", "geometry": {"type": "Polygon", "coordinates": [[[-156.94909690487023, 21.187954483437235], [-156.94908883634722, 21.18795438549554], [-156.9490889384182, 21.187946989330715], [-156.9490970069408, 21.187947087272384], [-156.94909690487023, 21.187954483437235]]]}, "properties": {"item_id": "2856_8484_1107_1086", "cls": "eps_buoy", "cls_raw": "Styrofoam_Buoy", "score": 0.3450514078140259, "area_m2": 0.686435459733128, "weight_est_kg": 6.00631027266487, "weight_lo_kg": 2.5741329739992302, "weight_hi_kg": 6.864354597331281, "crew": "1인", "stop_id": "S065"}}, {"type": "Feature", "geometry": {"type": "Polygon", "coordinates": [[[-156.9491343364855, 21.187970471685126], [-156.94912921715905, 21.187970409544096], [-156.94912928298436, 21.187965639688624], [-156.94913440231062, 21.187965701829643], [-156.9491343364855, 21.187970471685126]]]}, "properties": {"item_id": "2856_8484_1107_1087", "cls": "plastic_other", "cls_raw": "Plastic_ETC", "score": 0.3321463167667389, "area_m2": 0.2808775737762937, "weight_est_kg": 0.6741061770631049, "weight_lo_kg": 0.4494041180420699, "weight_hi_kg": 2.2470205902103495, "crew": "1인", "stop_id": "S065"}}, {"type": "Feature", "geometry": {"type": "Polygon", "coordinates": [[[-156.94911746330283, 21.187962320166015], [-156.94911209274912, 21.187962254974934], [-156.94911215985468, 21.187957392387204], [-156.9491175304082, 21.18795745757827], [-156.94911746330283, 21.187962320166015]]]}, "properties": {"item_id": "2856_8484_1107_1088", "cls": "plastic_buoy", "cls_raw": "Plastic_Buoy", "score": 0.29376742243766785, "area_m2": 0.3003900661469025, "weight_est_kg": 5.407021190644245, "weight_lo_kg": 2.7035105953221223, "weight_hi_kg": 7.20936158752566, "crew": "1인", "stop_id": "S065"}}, {"type": "Feature", "geometry": {"type": "Polygon", "coordinates": [[[-156.94913247051585, 21.187998148223144], [-156.94912627309324, 21.18799807299546], [-156.94912635511795, 21.187992129309677], [-156.94913255254028, 21.18799220453734], [-156.94913247051585, 21.187998148223144]]]}, "properties": {"item_id": "2856_8484_1107_1089", "cls": "eps_fragment", "cls_raw": "Styrofoam_Piece", "score": 0.28428593277931213, "area_m2": 0.42370724987991026, "weight_est_kg": 0.2542243499279461, "weight_lo_kg": 0.16948289995196408, "weight_hi_kg": 0.8474144997598205, "crew": "1인", "stop_id": "S065"}}, {"type": "Feature", "geometry": {"type": "Polygon", "coordinates": [[[-156.94911162420127, 21.187962747538354], [-156.94910856927575, 21.1879627104557], [-156.94910860662438, 21.187960004111844], [-156.94911166154984, 21.18796004119448], [-156.94911162420127, 21.187962747538354]]]}, "properties": {"item_id": "2856_8484_1107_1090", "cls": "plastic_buoy", "cls_raw": "Plastic_Buoy", "score": 0.1741725504398346, "area_m2": 0.09510046843888019, "weight_est_kg": 1.7118084318998434, "weight_lo_kg": 0.8559042159499217, "weight_hi_kg": 2.282411242533125, "crew": "1인", "stop_id": "S065"}}, {"type": "Feature", "geometry": {"type": "Polygon", "coordinates": [[[-156.94912017273805, 21.187961107722305], [-156.94911648078798, 21.187961062907227], [-156.94911653269216, 21.187957301831158], [-156.94912022464214, 21.18795734664623], [-156.94912017273805, 21.187961107722305]]]}, "properties": {"item_id": "2856_8484_1107_1091", "cls": "eps_fragment", "cls_raw": "Styrofoam_Piece", "score": 0.15060044825077057, "area_m2": 0.15972282769086737, "weight_est_kg": 0.09583369661452042, "weight_lo_kg": 0.06388913107634694, "weight_hi_kg": 0.3194456553817348, "crew": "1인", "stop_id": "S065"}}, {"type": "Feature", "geometry": {"type": "Polygon", "coordinates": [[[-156.94910971324546, 21.18800013271468], [-156.94910539167398, 21.188000080256533], [-156.94910543757794, 21.18799675399065], [-156.94910975914934, 21.187996806448794], [-156.94910971324546, 21.18800013271468]]]}, "properties": {"item_id": "2856_8484_1107_1092", "cls": "plastic_buoy", "cls_raw": "Plastic_Buoy", "score": 0.13426794111728668, "area_m2": 0.1653474919095921, "weight_est_kg": 2.976254854372658, "weight_lo_kg": 1.488127427186329, "weight_hi_kg": 3.968339805830211, "crew": "1인", "stop_id": "S065"}}, {"type": "Feature", "geometry": {"type": "Polygon", "coordinates": [[[-156.94910107685192, 21.187962499722563], [-156.94909588190842, 21.187962436662644], [-156.94909594120136, 21.18795814022372], [-156.9491011361447, 21.18795820328362], [-156.94910107685192, 21.187962499722563]]]}, "properties": {"item_id": "2856_8484_1107_1093", "cls": "plastic_other", "cls_raw": "Plastic_ETC", "score": 0.11314097046852112, "area_m2": 0.2567370417476144, "weight_est_kg": 0.6161689001942746, "weight_lo_kg": 0.41077926679618304, "weight_hi_kg": 2.0538963339809153, "crew": "1인", "stop_id": "S065"}}, {"type": "Feature", "geometry": {"type": "Polygon", "coordinates": [[[-156.9489754791766, 21.18541839363016], [-156.94896886150744, 21.185418313303032], [-156.94896896410123, 21.185410878712112], [-156.94897558177004, 21.1854109590392], [-156.9489754791766, 21.18541839363016]]]}, "properties": {"item_id": "3066_6105_234_1099", "cls": "eps_fragment", "cls_raw": "Styrofoam_Piece", "score": 0.5381148457527161, "area_m2": 0.565937614953304, "weight_est_kg": 0.33956256897198234, "weight_lo_kg": 0.22637504598132158, "weight_hi_kg": 1.131875229906608, "crew": "1인", "stop_id": "S066"}}, {"type": "Feature", "geometry": {"type": "Polygon", "coordinates": [[[-156.94894573556303, 21.185366193384084], [-156.94893935643844, 21.185366115951513], [-156.94893943660833, 21.185360306408466], [-156.94894581573263, 21.185360383841008], [-156.94894573556303, 21.185366193384084]]]}, "properties": {"item_id": "3066_6105_234_1100", "cls": "eps_fragment", "cls_raw": "Styrofoam_Piece", "score": 0.3353935778141022, "area_m2": 0.42629442761822317, "weight_est_kg": 0.2557766565709339, "weight_lo_kg": 0.17051777104728927, "weight_hi_kg": 0.8525888552364463, "crew": "1인", "stop_id": "S066"}}, {"type": "Feature", "geometry": {"type": "Polygon", "coordinates": [[[-156.94902556960426, 21.185410677256318], [-156.94901951392913, 21.185410603752675], [-156.9490195911836, 21.185405005268272], [-156.94902564685847, 21.1854050787719], [-156.94902556960426, 21.185410677256318]]]}, "properties": {"item_id": "3066_6105_234_1101", "cls": "plastic_other", "cls_raw": "Plastic_ETC", "score": 0.2119826078414917, "area_m2": 0.3899774228936449, "weight_est_kg": 0.9359458149447477, "weight_lo_kg": 0.6239638766298319, "weight_hi_kg": 3.119819383149159, "crew": "1인", "stop_id": "S066"}}, {"type": "Feature", "geometry": {"type": "Polygon", "coordinates": [[[-157.01877790531387, 21.183591618471418], [-157.01877354212618, 21.18359156731735], [-157.0187736519229, 21.183583329402154], [-157.01877801511037, 21.18358338055621], [-157.01877790531387, 21.183591618471418]]]}, "properties": {"item_id": "3252_11092_38_1102", "cls": "eps_buoy", "cls_raw": "Styrofoam_Buoy", "score": 0.5098477602005005, "area_m2": 0.4134237710834576, "weight_est_kg": 3.6174579969802543, "weight_lo_kg": 1.5503391415629661, "weight_hi_kg": 4.134237710834576, "crew": "1인", "stop_id": "S067"}}, {"type": "Feature", "geometry": {"type": "Polygon", "coordinates": [[[-157.01879041698356, 21.18359966931126], [-157.0187857687396, 21.183599614815506], [-157.01878582981664, 21.183595032253326], [-157.01879047806045, 21.183595086749058], [-157.01879041698356, 21.18359966931126]]]}, "properties": {"item_id": "3252_11092_38_1103", "cls": "plastic_buoy", "cls_raw": "Plastic_Buoy", "score": 0.3133128583431244, "area_m2": 0.24500304622656233, "weight_est_kg": 4.410054832078122, "weight_lo_kg": 2.205027416039061, "weight_hi_kg": 5.880073109437496, "crew": "1인", "stop_id": "S067"}}, {"type": "Feature", "geometry": {"type": "Polygon", "coordinates": [[[-157.01881499547878, 21.183589094651147], [-157.01881102187778, 21.18358904806547], [-157.01881107818843, 21.183584823066695], [-157.0188150517893, 21.18358486965236], [-157.01881499547878, 21.183589094651147]]]}, "properties": {"item_id": "3252_11092_38_1104", "cls": "eps_fragment", "cls_raw": "Styrofoam_Piece", "score": 0.29822462797164917, "area_m2": 0.19310124108200105, "weight_est_kg": 0.11586074464920063, "weight_lo_kg": 0.07724049643280043, "weight_hi_kg": 0.3862024821640021, "crew": "1인", "stop_id": "S067"}}, {"type": "Feature", "geometry": {"type": "Polygon", "coordinates": [[[-157.01880372433072, 21.183584340667586], [-157.0187977563958, 21.183584270700344], [-157.01879783274802, 21.183578542012544], [-157.01880380068275, 21.18357861197978], [-157.01880372433072, 21.183584340667586]]]}, "properties": {"item_id": "3252_11092_38_1105", "cls": "eps_fragment", "cls_raw": "Styrofoam_Piece", "score": 0.24949896335601807, "area_m2": 0.39323618490705725, "weight_est_kg": 0.23594171094423436, "weight_lo_kg": 0.1572944739628229, "weight_hi_kg": 0.7864723698141146, "crew": "1인", "stop_id": "S067"}}, {"type": "Feature", "geometry": {"type": "Polygon", "coordinates": [[[-157.01884501415307, 21.183604080757124], [-157.01884084738012, 21.183604031907457], [-157.018840924847, 21.183598219466894], [-157.01884509161982, 21.18359826831654], [-157.01884501415307, 21.183604080757124]]]}, "properties": {"item_id": "3252_11092_38_1106", "cls": "eps_fragment", "cls_raw": "Styrofoam_Piece", "score": 0.2487882673740387, "area_m2": 0.2785688311756349, "weight_est_kg": 0.16714129870538094, "weight_lo_kg": 0.11142753247025397, "weight_hi_kg": 0.5571376623512698, "crew": "1인", "stop_id": "S067"}}, {"type": "Feature", "geometry": {"type": "Polygon", "coordinates": [[[-157.0188019489817, 21.183577710135484], [-157.0187981874747, 21.183577666036083], [-157.01879823999704, 21.183573725298], [-157.01880200150393, 21.183573769397388], [-157.0188019489817, 21.183577710135484]]]}, "properties": {"item_id": "3252_11092_38_1107", "cls": "eps_fragment", "cls_raw": "Styrofoam_Piece", "score": 0.1813407838344574, "area_m2": 0.17049580826763575, "weight_est_kg": 0.10229748496058144, "weight_lo_kg": 0.0681983233070543, "weight_hi_kg": 0.34099161653527155, "crew": "1인", "stop_id": "S067"}}, {"type": "Feature", "geometry": {"type": "Polygon", "coordinates": [[[-157.01882631038606, 21.183622573853224], [-157.01882306129474, 21.18362253576173], [-157.01882310203436, 21.183619479047472], [-157.01882635112563, 21.18361951713897], [-157.01882631038606, 21.183622573853224]]]}, "properties": {"item_id": "3252_11092_38_1108", "cls": "eps_fragment", "cls_raw": "Styrofoam_Piece", "score": 0.1666184514760971, "area_m2": 0.11423281488384164, "weight_est_kg": 0.06853968893030497, "weight_lo_kg": 0.045693125953536654, "weight_hi_kg": 0.2284656297676833, "crew": "1인", "stop_id": "S067"}}, {"type": "Feature", "geometry": {"type": "Polygon", "coordinates": [[[-157.01888858802565, 21.183601918550146], [-157.01888190548837, 21.18360184020829], [-157.0188819698027, 21.18359701452293], [-157.01888865233974, 21.183597092864773], [-157.01888858802565, 21.183601918550146]]]}, "properties": {"item_id": "3252_11092_38_1109", "cls": "pet_bottle", "cls_raw": "PET_Bottle", "score": 0.16362285614013672, "area_m2": 0.37091511954823414, "weight_est_kg": 0.7344119367055035, "weight_lo_kg": 0.6120099472545864, "weight_hi_kg": 1.2240198945091727, "crew": "1인", "stop_id": "S067"}}, {"type": "Feature", "geometry": {"type": "Polygon", "coordinates": [[[-157.01879668841107, 21.183599553545513], [-157.01879189842654, 21.18359949738817], [-157.01879195768296, 21.183595051411732], [-157.01879674766738, 21.183595107569055], [-157.01879668841107, 21.183599553545513]]]}, "properties": {"item_id": "3252_11092_38_1110", "cls": "eps_fragment", "cls_raw": "Styrofoam_Piece", "score": 0.15869875252246857, "area_m2": 0.244948885399164, "weight_est_kg": 0.1469693312394984, "weight_lo_kg": 0.09797955415966561, "weight_hi_kg": 0.4898977707983281, "crew": "1인", "stop_id": "S067"}}, {"type": "Feature", "geometry": {"type": "Polygon", "coordinates": [[[-157.01889216457047, 21.183594131786712], [-157.01888547282397, 21.183594053337057], [-157.0188855247585, 21.18359015653638], [-157.01889221650478, 21.183590234986017], [-157.01889216457047, 21.183594131786712]]]}, "properties": {"item_id": "3252_11092_38_1111", "cls": "pet_bottle", "cls_raw": "PET_Bottle", "score": 0.15779002010822296, "area_m2": 0.29993133259218185, "weight_est_kg": 0.59386403853252, "weight_lo_kg": 0.49488669877710006, "weight_hi_kg": 0.9897733975542001, "crew": "1인", "stop_id": "S067"}}, {"type": "Feature", "geometry": {"type": "Polygon", "coordinates": [[[-157.01889448746186, 21.183554757357562], [-157.0188868559204, 21.18355466789059], [-157.01888691991414, 21.183549866235296], [-157.01889455145533, 21.183549955702254], [-157.01889448746186, 21.183554757357562]]]}, "properties": {"item_id": "3252_11092_38_1112", "cls": "pet_bottle", "cls_raw": "PET_Bottle", "score": 0.15122294425964355, "area_m2": 0.42148053611899955, "weight_est_kg": 0.8345314615156191, "weight_lo_kg": 0.6954428845963493, "weight_hi_kg": 1.3908857691926986, "crew": "1인", "stop_id": "S067"}}, {"type": "Feature", "geometry": {"type": "Polygon", "coordinates": [[[-157.01880848655873, 21.183580570215636], [-157.01880408891162, 21.183580518658374], [-157.01880415021034, 21.18357591941835], [-157.0188085478573, 21.18357597097559], [-157.01880848655873, 21.183580570215636]]]}, "properties": {"item_id": "3252_11092_38_1113", "cls": "eps_fragment", "cls_raw": "Styrofoam_Piece", "score": 0.13614875078201294, "area_m2": 0.23263802220529137, "weight_est_kg": 0.13958281332317482, "weight_lo_kg": 0.09305520888211655, "weight_hi_kg": 0.46527604441058273, "crew": "1인", "stop_id": "S067"}}, {"type": "Feature", "geometry": {"type": "Polygon", "coordinates": [[[-157.0188312826734, 21.18358049665932], [-157.01882785882842, 21.183580456519223], [-157.0188279035486, 21.183577101123465], [-157.01883132739354, 21.183577141263548], [-157.0188312826734, 21.18358049665932]]]}, "properties": {"item_id": "3252_11092_38_1114", "cls": "eps_fragment", "cls_raw": "Styrofoam_Piece", "score": 0.13307642936706543, "area_m2": 0.13213932394984668, "weight_est_kg": 0.079283594369908, "weight_lo_kg": 0.05285572957993867, "weight_hi_kg": 0.26427864789969335, "crew": "1인", "stop_id": "S067"}}, {"type": "Feature", "geometry": {"type": "Polygon", "coordinates": [[[-157.01878252883932, 21.18358001782877], [-157.01877962463922, 21.183579983780007], [-157.01877966991879, 21.18357658649701], [-157.01878257411883, 21.183576620545775], [-157.01878252883932, 21.18358001782877]]]}, "properties": {"item_id": "3252_11092_38_1115", "cls": "eps_fragment", "cls_raw": "Styrofoam_Piece", "score": 0.12090127170085907, "area_m2": 0.11348344802859266, "weight_est_kg": 0.0680900688171556, "weight_lo_kg": 0.04539337921143707, "weight_hi_kg": 0.22696689605718534, "crew": "1인", "stop_id": "S067"}}, {"type": "Feature", "geometry": {"type": "Polygon", "coordinates": [[[-157.01887197475514, 21.18357244309653], [-157.01886831531067, 21.18357240019522], [-157.01886836418015, 21.18356873340012], [-157.0188720236245, 21.183568776301406], [-157.01887197475514, 21.18357244309653]]]}, "properties": {"item_id": "3252_11092_38_1116", "cls": "eps_fragment", "cls_raw": "Styrofoam_Piece", "score": 0.11828460544347763, "area_m2": 0.15433912664655705, "weight_est_kg": 0.09260347598793423, "weight_lo_kg": 0.061735650658622826, "weight_hi_kg": 0.30867825329311416, "crew": "1인", "stop_id": "S067"}}, {"type": "Feature", "geometry": {"type": "Polygon", "coordinates": [[[-156.99532300793177, 21.179721142178813], [-156.99531829397947, 21.179721086265808], [-156.9953183342139, 21.179718102275782], [-156.9953230481661, 21.179718158188773], [-156.99532300793177, 21.179721142178813]]]}, "properties": {"item_id": "3470_13542_5094_1123", "cls": "net", "cls_raw": "Net", "score": 0.4547417461872101, "area_m2": 0.16180067230765072, "weight_est_kg": 2.912412101537713, "weight_lo_kg": 1.2135050423073805, "weight_hi_kg": 7.281030253844282, "crew": "1인", "stop_id": "S068"}}, {"type": "Feature", "geometry": {"type": "Polygon", "coordinates": [[[-156.9953027636816, 21.179668113114698], [-156.99529842336557, 21.179668061633045], [-156.99529848664525, 21.179663368520337], [-156.99530282696117, 21.17966342000197], [-156.9953027636816, 21.179668113114698]]]}, "properties": {"item_id": "3470_13542_5094_1124", "cls": "net", "cls_raw": "Net", "score": 0.42271268367767334, "area_m2": 0.2343043078378425, "weight_est_kg": 4.217477541081165, "weight_lo_kg": 1.7572823087838187, "weight_hi_kg": 10.543693852702912, "crew": "1인", "stop_id": "S068"}}, {"type": "Feature", "geometry": {"type": "Polygon", "coordinates": [[[-156.99530867815955, 21.179676991900063], [-156.9953016763907, 21.179676908850375], [-156.99530176879085, 21.179670056023774], [-156.9953087705594, 21.179670139073433], [-156.99530867815955, 21.179676991900063]]]}, "properties": {"item_id": "3470_13542_5094_1125", "cls": "plastic_other", "cls_raw": "Plastic_ETC", "score": 0.19443382322788239, "area_m2": 0.5519190942944467, "weight_est_kg": 1.324605826306672, "weight_lo_kg": 0.8830705508711147, "weight_hi_kg": 4.415352754355574, "crew": "1인", "stop_id": "S068"}}, {"type": "Feature", "geometry": {"type": "Polygon", "coordinates": [[[-156.99536502385084, 21.179709353854655], [-156.9953605227919, 21.179709300467966], [-156.995360575874, 21.179705363543246], [-156.99536507693284, 21.179705416929917], [-156.99536502385084, 21.179709353854655]]]}, "properties": {"item_id": "3470_13542_5094_1126", "cls": "net", "cls_raw": "Net", "score": 0.16818825900554657, "area_m2": 0.2038306986663997, "weight_est_kg": 3.668952575995194, "weight_lo_kg": 1.5287302399979978, "weight_hi_kg": 9.172381439987985, "crew": "1인", "stop_id": "S068"}}, {"type": "Feature", "geometry": {"type": "Polygon", "coordinates": [[[-156.9952602419547, 21.179705353879633], [-156.99525626428368, 21.179705306698356], [-156.995256307151, 21.179702127538228], [-156.9952602848219, 21.17970217471951], [-156.9952602419547, 21.179705353879633]]]}, "properties": {"item_id": "3470_13542_5094_1127", "cls": "net", "cls_raw": "Net", "score": 0.12050024420022964, "area_m2": 0.14545850286487377, "weight_est_kg": 2.618253051567728, "weight_lo_kg": 1.0909387714865533, "weight_hi_kg": 6.54563262891932, "crew": "1인", "stop_id": "S068"}}, {"type": "Feature", "geometry": {"type": "Polygon", "coordinates": [[[-156.9953666674371, 21.179690081817718], [-156.99535735164403, 21.17968997132392], [-156.99535743809156, 21.17968355980157], [-156.9953667538842, 21.179683670295347], [-156.9953666674371, 21.179690081817718]]]}, "properties": {"item_id": "3470_13542_5094_1128", "cls": "plastic_other", "cls_raw": "Plastic_ETC", "score": 0.11456959694623947, "area_m2": 0.6870349538400614, "weight_est_kg": 1.6488838892161473, "weight_lo_kg": 1.0992559261440984, "weight_hi_kg": 5.496279630720492, "crew": "1인", "stop_id": "S068"}}, {"type": "Feature", "geometry": {"type": "Polygon", "coordinates": [[[-156.77106327723723, 21.175313839961774], [-156.77105883510987, 21.17531378138286], [-156.77105890012106, 21.17530944436276], [-156.7710633422483, 21.175309502941655], [-156.77106327723723, 21.175313839961774]]]}, "properties": {"item_id": "3548_8344_4812_1139", "cls": "eps_fragment", "cls_raw": "Styrofoam_Piece", "score": 0.3865402936935425, "area_m2": 0.22167624622588897, "weight_est_kg": 0.13300574773553336, "weight_lo_kg": 0.08867049849035559, "weight_hi_kg": 0.44335249245177794, "crew": "1인", "stop_id": "S069"}}, {"type": "Feature", "geometry": {"type": "Polygon", "coordinates": [[[-156.77112203280137, 21.175370232461074], [-156.7711157486577, 21.17537014959324], [-156.77111585380172, 21.175363135081685], [-156.77112213794507, 21.1753632179495], [-156.77112203280137, 21.175370232461074]]]}, "properties": {"item_id": "3548_8344_4812_1140", "cls": "plastic_other", "cls_raw": "Plastic_ETC", "score": 0.1301945596933365, "area_m2": 0.5072009477168999, "weight_est_kg": 1.2172822745205598, "weight_lo_kg": 0.81152151634704, "weight_hi_kg": 4.0576075817351995, "crew": "1인", "stop_id": "S069"}}, {"type": "Feature", "geometry": {"type": "Polygon", "coordinates": [[[-156.77108432701175, 21.175369854120976], [-156.77107830672472, 21.17536977473123], [-156.77107833753325, 21.17536771942609], [-156.77108435782017, 21.175367798815827], [-156.77108432701175, 21.175369854120976]]]}, "properties": {"item_id": "3548_8344_4812_1141", "cls": "pet_bottle", "cls_raw": "PET_Bottle", "score": 0.1106138676404953, "area_m2": 0.14237379042535367, "weight_est_kg": 0.2819001050422002, "weight_lo_kg": 0.23491675420183356, "weight_hi_kg": 0.4698335084036671, "crew": "1인", "stop_id": "S069"}}, {"type": "Feature", "geometry": {"type": "Polygon", "coordinates": [[[-156.77107318099874, 21.175349269191717], [-156.77106984719038, 21.17534922522851], [-156.77106991553785, 21.17534466562634], [-156.7710732493461, 21.175344709589545], [-156.77107318099874, 21.175349269191717]]]}, "properties": {"item_id": "3548_8344_4812_1142", "cls": "eps_fragment", "cls_raw": "Styrofoam_Piece", "score": 0.10777604579925537, "area_m2": 0.17490579187306265, "weight_est_kg": 0.10494347512383759, "weight_lo_kg": 0.06996231674922507, "weight_hi_kg": 0.3498115837461253, "crew": "1인", "stop_id": "S069"}}, {"type": "Feature", "geometry": {"type": "Polygon", "coordinates": [[[-156.76652439608523, 21.17557334617431], [-156.76651399272728, 21.175573208702687], [-156.76651409433225, 21.17556644434358], [-156.7665244976897, 21.17556658181515], [-156.76652439608523, 21.17557334617431]]]}, "properties": {"item_id": "3550_1782_4594_1145", "cls": "eps_buoy", "cls_raw": "Styrofoam_Buoy", "score": 0.3474855422973633, "area_m2": 0.8097274538250789, "weight_est_kg": 7.08511522096944, "weight_lo_kg": 3.036477951844046, "weight_hi_kg": 8.09727453825079, "crew": "1인", "stop_id": "S070"}}, {"type": "Feature", "geometry": {"type": "Polygon", "coordinates": [[[-156.76656004761045, 21.175579413643096], [-156.7665383949555, 21.17557912752527], [-156.76653863773305, 21.17556296440997], [-156.76656029038563, 21.175563250527553], [-156.76656004761045, 21.175579413643096]]]}, "properties": {"item_id": "3550_1782_4594_1146", "cls": "eps_buoy", "cls_raw": "Styrofoam_Buoy", "score": 0.30156469345092773, "area_m2": 4.026937232920038, "weight_est_kg": 35.23570078805033, "weight_lo_kg": 15.101014623450142, "weight_hi_kg": 40.26937232920038, "crew": "2인", "stop_id": "S070"}}, {"type": "Feature", "geometry": {"type": "Polygon", "coordinates": [[[-156.7665362291221, 21.175575685839828], [-156.76653177936288, 21.175575627040388], [-156.76653184243182, 21.175571428184544], [-156.76653629219092, 21.175571486983966], [-156.7665362291221, 21.175575685839828]]]}, "properties": {"item_id": "3550_1782_4594_1147", "cls": "plastic_buoy", "cls_raw": "Plastic_Buoy", "score": 0.26333773136138916, "area_m2": 0.21498399406676866, "weight_est_kg": 3.8697118932018357, "weight_lo_kg": 1.9348559466009179, "weight_hi_kg": 5.159615857602448, "crew": "1인", "stop_id": "S070"}}, {"type": "Feature", "geometry": {"type": "Polygon", "coordinates": [[[-156.76650505950775, 21.175549019867095], [-156.76650108387798, 21.175548967332162], [-156.76650113897455, 21.175545299290327], [-156.7665051146042, 21.17554535182525], [-156.76650505950775, 21.175549019867095]]]}, "properties": {"item_id": "3550_1782_4594_1148", "cls": "plastic_buoy", "cls_raw": "Plastic_Buoy", "score": 0.22801564633846283, "area_m2": 0.16779497829083798, "weight_est_kg": 3.0203096092350834, "weight_lo_kg": 1.5101548046175417, "weight_hi_kg": 4.027079478980112, "crew": "1인", "stop_id": "S070"}}, {"type": "Feature", "geometry": {"type": "Polygon", "coordinates": [[[-156.76650807270534, 21.17554639888154], [-156.76650352974292, 21.175546338849816], [-156.766503594086, 21.17554205521899], [-156.76650813704828, 21.1755421152507], [-156.76650807270534, 21.17554639888154]]]}, "properties": {"item_id": "3550_1782_4594_1149", "cls": "eps_fragment", "cls_raw": "Styrofoam_Piece", "score": 0.2113579958677292, "area_m2": 0.22391847667699655, "weight_est_kg": 0.13435108600619794, "weight_lo_kg": 0.08956739067079862, "weight_hi_kg": 0.4478369533539931, "crew": "1인", "stop_id": "S070"}}, {"type": "Feature", "geometry": {"type": "Polygon", "coordinates": [[[-156.76654766462792, 21.17555006976953], [-156.76654341413268, 21.17555001360352], [-156.76654347676123, 21.17554584404198], [-156.76654772725635, 21.175545900207975], [-156.76654766462792, 21.17555006976953]]]}, "properties": {"item_id": "3550_1782_4594_1150", "cls": "net", "cls_raw": "Net", "score": 0.20165212452411652, "area_m2": 0.20392413989310562, "weight_est_kg": 3.670634518075901, "weight_lo_kg": 1.529431049198292, "weight_hi_kg": 9.176586295189752, "crew": "1인", "stop_id": "S070"}}, {"type": "Feature", "geometry": {"type": "Polygon", "coordinates": [[[-156.76651517438862, 21.17551849299589], [-156.76651216616978, 21.175518453244788], [-156.76651225150093, 21.175512772302426], [-156.7665152597197, 21.175512812053498], [-156.76651517438862, 21.17551849299589]]]}, "properties": {"item_id": "3550_1782_4594_1151", "cls": "pet_bottle", "cls_raw": "PET_Bottle", "score": 0.19433629512786865, "area_m2": 0.19663854026799318, "weight_est_kg": 0.3893443097306265, "weight_lo_kg": 0.32445359144218877, "weight_hi_kg": 0.6489071828843775, "crew": "1인", "stop_id": "S070"}}, {"type": "Feature", "geometry": {"type": "Polygon", "coordinates": [[[-156.7665305181514, 21.17556567448508], [-156.7665048109912, 21.175565334786462], [-156.7665049271058, 21.17555760447455], [-156.76653063426468, 21.175557944173033], [-156.7665305181514, 21.17556567448508]]]}, "properties": {"item_id": "3550_1782_4594_1152", "cls": "plastic_other", "cls_raw": "Plastic_ETC", "score": 0.19230222702026367, "area_m2": 2.2865979785865265, "weight_est_kg": 5.4878351486076635, "weight_lo_kg": 3.658556765738443, "weight_hi_kg": 18.29278382869221, "crew": "1인", "stop_id": "S070"}}, {"type": "Feature", "geometry": {"type": "Polygon", "coordinates": [[[-156.76653006775618, 21.175570933765204], [-156.76652067317025, 21.175570809624023], [-156.7665208323573, 21.175560211695625], [-156.7665302269426, 21.175560335836757], [-156.76653006775618, 21.175570933765204]]]}, "properties": {"item_id": "3550_1782_4594_1153", "cls": "eps_buoy", "cls_raw": "Styrofoam_Buoy", "score": 0.16214889287948608, "area_m2": 1.1456113184097276, "weight_est_kg": 10.024099036085115, "weight_lo_kg": 4.296042444036479, "weight_hi_kg": 11.456113184097278, "crew": "1인", "stop_id": "S070"}}, {"type": "Feature", "geometry": {"type": "Polygon", "coordinates": [[[-156.76652818938754, 21.17554835553937], [-156.76652312126444, 21.17554828856865], [-156.766523182893, 21.17554418561927], [-156.76652825101596, 21.175544252589972], [-156.76652818938754, 21.17554835553937]]]}, "properties": {"item_id": "3550_1782_4594_1154", "cls": "eps_fragment", "cls_raw": "Styrofoam_Piece", "score": 0.12574493885040283, "area_m2": 0.2392665826827882, "weight_est_kg": 0.14355994960967292, "weight_lo_kg": 0.09570663307311529, "weight_hi_kg": 0.4785331653655764, "crew": "1인", "stop_id": "S070"}}, {"type": "Feature", "geometry": {"type": "Polygon", "coordinates": [[[-156.76651258016997, 21.1756278891215], [-156.7665090438152, 21.17562784239126], [-156.76650909858398, 21.175624196174514], [-156.76651263493864, 21.17562424290472], [-156.76651258016997, 21.1756278891215]]]}, "properties": {"item_id": "3550_1782_4594_1155", "cls": "net", "cls_raw": "Net", "score": 0.11763288080692291, "area_m2": 0.1483668320300426, "weight_est_kg": 2.670602976540767, "weight_lo_kg": 1.1127512402253197, "weight_hi_kg": 6.676507441351917, "crew": "1인", "stop_id": "S070"}}, {"type": "Feature", "geometry": {"type": "Polygon", "coordinates": [[[-156.76648931252723, 21.175545292511416], [-156.76648310263, 21.175545210451716], [-156.7664831928647, 21.175539203138772], [-156.76648940276172, 21.17553928519843], [-156.76648931252723, 21.175545292511416]]]}, "properties": {"item_id": "3550_1782_4594_1156", "cls": "plastic_other", "cls_raw": "Plastic_ETC", "score": 0.10850154608488083, "area_m2": 0.42924321501861745, "weight_est_kg": 1.0301837160446818, "weight_lo_kg": 0.686789144029788, "weight_hi_kg": 3.43394572014894, "crew": "1인", "stop_id": "S070"}}, {"type": "Feature", "geometry": {"type": "Polygon", "coordinates": [[[-156.76652438365267, 21.17557334942727], [-156.76651415439383, 21.17557321425622], [-156.7665142556698, 21.17556647179624], [-156.7665244849282, 21.175566606967234], [-156.76652438365267, 21.17557334942727]]]}, "properties": {"item_id": "3550_2157_4610_1165", "cls": "eps_buoy", "cls_raw": "Styrofoam_Buoy", "score": 0.38106679916381836, "area_m2": 0.7935991881219778, "weight_est_kg": 6.943992896067305, "weight_lo_kg": 2.975996955457417, "weight_hi_kg": 7.9359918812197785, "crew": "1인", "stop_id": "S070"}}, {"type": "Feature", "geometry": {"type": "Polygon", "coordinates": [[[-156.7665151370349, 21.175518428291074], [-156.7665122705728, 21.175518390413174], [-156.7665123539161, 21.175512841813347], [-156.7665152203781, 21.175512879691233], [-156.7665151370349, 21.175518428291074]]]}, "properties": {"item_id": "3550_2157_4610_1166", "cls": "pet_bottle", "cls_raw": "PET_Bottle", "score": 0.3010396659374237, "area_m2": 0.18300730855469483, "weight_est_kg": 0.3623544709382957, "weight_lo_kg": 0.3019620591152465, "weight_hi_kg": 0.603924118230493, "crew": "1인", "stop_id": "S070"}}, {"type": "Feature", "geometry": {"type": "Polygon", "coordinates": [[[-156.76651160021734, 21.175538385691738], [-156.76650695119608, 21.175538324258653], [-156.76650703349839, 21.17553284498218], [-156.76651168251948, 21.17553290641526], [-156.76651160021734, 21.175538385691738]]]}, "properties": {"item_id": "3550_2157_4610_1167", "cls": "pet_bottle", "cls_raw": "PET_Bottle", "score": 0.22221152484416962, "area_m2": 0.2931051975250972, "weight_est_kg": 0.5803482910996924, "weight_lo_kg": 0.4836235759164105, "weight_hi_kg": 0.967247151832821, "crew": "1인", "stop_id": "S070"}}, {"type": "Feature", "geometry": {"type": "Polygon", "coordinates": [[[-156.7665281328505, 21.175548335302935], [-156.76652312681398, 21.175548269152628], [-156.76652318801277, 21.175544194814286], [-156.76652819404922, 21.175544260964575], [-156.7665281328505, 21.175548335302935]]]}, "properties": {"item_id": "3550_2157_4610_1168", "cls": "eps_fragment", "cls_raw": "Styrofoam_Piece", "score": 0.2113090455532074, "area_m2": 0.2346874371319661, "weight_est_kg": 0.14081246227917965, "weight_lo_kg": 0.09387497485278644, "weight_hi_kg": 0.46937487426393226, "crew": "1인", "stop_id": "S070"}}, {"type": "Feature", "geometry": {"type": "Polygon", "coordinates": [[[-156.76650831556543, 21.17554641481173], [-156.76650351451724, 21.175546351369604], [-156.76650357883318, 21.175542069546257], [-156.76650837988117, 21.17554213298836], [-156.76650831556543, 21.17554641481173]]]}, "properties": {"item_id": "3550_2157_4610_1169", "cls": "eps_fragment", "cls_raw": "Styrofoam_Piece", "score": 0.18479566276073456, "area_m2": 0.2365394379020325, "weight_est_kg": 0.14192366274121948, "weight_lo_kg": 0.094615775160813, "weight_hi_kg": 0.473078875804065, "crew": "1인", "stop_id": "S070"}}, {"type": "Feature", "geometry": {"type": "Polygon", "coordinates": [[[-156.76653007135613, 21.17557080620608], [-156.7665207008229, 21.175570682382723], [-156.76652085987405, 21.175560093502725], [-156.7665302304066, 21.17556021732602], [-156.76653007135613, 21.17557080620608]]]}, "properties": {"item_id": "3550_2157_4610_1170", "cls": "eps_buoy", "cls_raw": "Styrofoam_Buoy", "score": 0.1815837025642395, "area_m2": 1.1417026339983611, "weight_est_kg": 9.98989804748566, "weight_lo_kg": 4.281384877493854, "weight_hi_kg": 11.417026339983611, "crew": "1인", "stop_id": "S070"}}, {"type": "Feature", "geometry": {"type": "Polygon", "coordinates": [[[-156.7665050554048, 21.175549038729013], [-156.7665011705586, 21.175548987393714], [-156.76650122611358, 21.175545288834176], [-156.76650511095966, 21.17554534016946], [-156.7665050554048, 21.175549038729013]]]}, "properties": {"item_id": "3550_2157_4610_1171", "cls": "plastic_buoy", "cls_raw": "Plastic_Buoy", "score": 0.17129309475421906, "area_m2": 0.16532753378753, "weight_est_kg": 2.97589560817554, "weight_lo_kg": 1.48794780408777, "weight_hi_kg": 3.9678608109007203, "crew": "1인", "stop_id": "S070"}}, {"type": "Feature", "geometry": {"type": "Polygon", "coordinates": [[[-156.7665289301408, 21.17556711842617], [-156.76650879367156, 21.1755668523397], [-156.76650891948924, 21.17555847603129], [-156.76652905595734, 21.175558742117644], [-156.7665289301408, 21.17556711842617]]]}, "properties": {"item_id": "3550_2157_4610_1172", "cls": "plastic_other", "cls_raw": "Plastic_ETC", "score": 0.15035417675971985, "area_m2": 1.9407726769265885, "weight_est_kg": 4.657854424623812, "weight_lo_kg": 3.1052362830825415, "weight_hi_kg": 15.52618141541271, "crew": "1인", "stop_id": "S070"}}, {"type": "Feature", "geometry": {"type": "Polygon", "coordinates": [[[-156.76652817788343, 21.175552815085176], [-156.76652500976112, 21.17555277322127], [-156.76652506006738, 21.17554942405569], [-156.76652822818966, 21.175549465919573], [-156.76652817788343, 21.175552815085176]]]}, "properties": {"item_id": "3550_2157_4610_1173", "cls": "plastic_buoy", "cls_raw": "Plastic_Buoy", "score": 0.14713211357593536, "area_m2": 0.1220892098238995, "weight_est_kg": 2.197605776830191, "weight_lo_kg": 1.0988028884150955, "weight_hi_kg": 2.930141035773588, "crew": "1인", "stop_id": "S070"}}, {"type": "Feature", "geometry": {"type": "Polygon", "coordinates": [[[-156.76646425507684, 21.175560896819338], [-156.7664581833167, 21.17556081658409], [-156.7664582732726, 21.175554827908098], [-156.7664643450325, 21.17555490814332], [-156.76646425507684, 21.175560896819338]]]}, "properties": {"item_id": "3550_2157_4610_1174", "cls": "plastic_other", "cls_raw": "Plastic_ETC", "score": 0.14001141488552094, "area_m2": 0.4183927583457079, "weight_est_kg": 1.004142620029699, "weight_lo_kg": 0.6694284133531326, "weight_hi_kg": 3.347142066765663, "crew": "1인", "stop_id": "S070"}}, {"type": "Feature", "geometry": {"type": "Polygon", "coordinates": [[[-156.76652943183973, 21.175519822073294], [-156.76652374922438, 21.1755197469827], [-156.76652380199988, 21.17551623342493], [-156.76652948461506, 21.175516308515494], [-156.76652943183973, 21.175519822073294]]]}, "properties": {"item_id": "3550_2157_4610_1175", "cls": "pet_bottle", "cls_raw": "PET_Bottle", "score": 0.12235371768474579, "area_m2": 0.22973870838066682, "weight_est_kg": 0.4548826425937203, "weight_lo_kg": 0.37906886882810026, "weight_hi_kg": 0.7581377376562005, "crew": "1인", "stop_id": "S070"}}, {"type": "Feature", "geometry": {"type": "Polygon", "coordinates": [[[-156.76645999592114, 21.175578583115325], [-156.76645312076195, 21.17557849226331], [-156.7664531721081, 21.17557507398398], [-156.76646004726712, 21.175575164835966], [-156.76645999592114, 21.175578583115325]]]}, "properties": {"item_id": "3550_2157_4610_1176", "cls": "pet_bottle", "cls_raw": "PET_Bottle", "score": 0.12224286049604416, "area_m2": 0.2704138912261204, "weight_est_kg": 0.5354195046277184, "weight_lo_kg": 0.4461829205230987, "weight_hi_kg": 0.8923658410461974, "crew": "1인", "stop_id": "S070"}}, {"type": "Feature", "geometry": {"type": "Polygon", "coordinates": [[[-156.7665207205128, 21.17554077433639], [-156.76651657316586, 21.175540719532744], [-156.76651666032956, 21.175534916585715], [-156.7665208076763, 21.175534971389343], [-156.7665207205128, 21.17554077433639]]]}, "properties": {"item_id": "3550_2157_4610_1177", "cls": "pet_bottle", "cls_raw": "PET_Bottle", "score": 0.10172391682863235, "area_m2": 0.27692217554531423, "weight_est_kg": 0.5483059075797221, "weight_lo_kg": 0.45692158964976853, "weight_hi_kg": 0.9138431792995371, "crew": "1인", "stop_id": "S070"}}, {"type": "Feature", "geometry": {"type": "Polygon", "coordinates": [[[-156.78274626568717, 21.17387287231559], [-156.78273992576098, 21.173872789153382], [-156.78274001336567, 21.173866913620728], [-156.78274635329154, 21.17386699678292], [-156.78274626568717, 21.17387287231559]]]}, "properties": {"item_id": "3754_7750_5080_1188", "cls": "plastic_other", "cls_raw": "Plastic_ETC", "score": 0.2376554012298584, "area_m2": 0.42861304029833, "weight_est_kg": 1.028671296715992, "weight_lo_kg": 0.6857808644773279, "weight_hi_kg": 3.4289043223866402, "crew": "1인", "stop_id": "S071"}}, {"type": "Feature", "geometry": {"type": "Polygon", "coordinates": [[[-156.7827552581197, 21.17387053322604], [-156.7827492417995, 21.17387045430897], [-156.78274928398125, 21.17386762522388], [-156.7827553003013, 21.173867704140946], [-156.7827552581197, 21.17387053322604]]]}, "properties": {"item_id": "3754_7750_5080_1189", "cls": "pet_bottle", "cls_raw": "PET_Bottle", "score": 0.10342521965503693, "area_m2": 0.19584427911048036, "weight_est_kg": 0.3877716726387511, "weight_lo_kg": 0.32314306053229264, "weight_hi_kg": 0.6462861210645853, "crew": "1인", "stop_id": "S071"}}, {"type": "Feature", "geometry": {"type": "Polygon", "coordinates": [[[-156.77987487761888, 21.172919344482008], [-156.77986970652432, 21.172919276566176], [-156.77986977366646, 21.17291477903763], [-156.77987494476082, 21.172914846953443], [-156.77987487761888, 21.172919344482008]]]}, "properties": {"item_id": "3755_7770_12596_1196", "cls": "eps_fragment", "cls_raw": "Styrofoam_Piece", "score": 0.4731546640396118, "area_m2": 0.26760533784634566, "weight_est_kg": 0.1605632027078074, "weight_lo_kg": 0.10704213513853826, "weight_hi_kg": 0.5352106756926913, "crew": "1인", "stop_id": "S072"}}, {"type": "Feature", "geometry": {"type": "Polygon", "coordinates": [[[-156.77985726860572, 21.17287875771406], [-156.7798537839854, 21.17287871194768], [-156.77985385151482, 21.172874188497058], [-156.77985733613502, 21.172874234263436], [-156.77985726860572, 21.17287875771406]]]}, "properties": {"item_id": "3755_7770_12596_1197", "cls": "eps_fragment", "cls_raw": "Styrofoam_Piece", "score": 0.26710692048072815, "area_m2": 0.1813693135500405, "weight_est_kg": 0.1088215881300243, "weight_lo_kg": 0.0725477254200162, "weight_hi_kg": 0.362738627100081, "crew": "1인", "stop_id": "S072"}}, {"type": "Feature", "geometry": {"type": "Polygon", "coordinates": [[[-156.77990937722723, 21.172965322940687], [-156.779905580411, 21.172965273074983], [-156.7799056184535, 21.172962724754452], [-156.77990941526969, 21.172962774620142], [-156.77990937722723, 21.172965322940687]]]}, "properties": {"item_id": "3755_7770_12596_1198", "cls": "eps_fragment", "cls_raw": "Styrofoam_Piece", "score": 0.18003936111927032, "area_m2": 0.11132990638728227, "weight_est_kg": 0.06679794383236935, "weight_lo_kg": 0.04453196255491291, "weight_hi_kg": 0.22265981277456454, "crew": "1인", "stop_id": "S072"}}, {"type": "Feature", "geometry": {"type": "Polygon", "coordinates": [[[-156.7798791637673, 21.172949427922862], [-156.77987145226857, 21.172949326642037], [-156.77987148784982, 21.172946943225035], [-156.77987919934844, 21.17294704450584], [-156.7798791637673, 21.172949427922862]]]}, "properties": {"item_id": "3755_7770_12596_1199", "cls": "pet_bottle", "cls_raw": "PET_Bottle", "score": 0.12887783348560333, "area_m2": 0.21148380010654816, "weight_est_kg": 0.41873792421096534, "weight_lo_kg": 0.3489482701758045, "weight_hi_kg": 0.697896540351609, "crew": "1인", "stop_id": "S072"}}, {"type": "Feature", "geometry": {"type": "Polygon", "coordinates": [[[-156.77987708059266, 21.172912635015287], [-156.77987178185487, 21.17291256542311], [-156.77987186837493, 21.172906769849778], [-156.77987716711252, 21.172906839441932], [-156.77987708059266, 21.172912635015287]]]}, "properties": {"item_id": "3755_7770_12596_1200", "cls": "pet_bottle", "cls_raw": "PET_Bottle", "score": 0.12299948185682297, "area_m2": 0.3533517273367329, "weight_est_kg": 0.6996364201267312, "weight_lo_kg": 0.5830303501056093, "weight_hi_kg": 1.1660607002112187, "crew": "1인", "stop_id": "S072"}}, {"type": "Feature", "geometry": {"type": "Polygon", "coordinates": [[[-156.77990046945933, 21.17293214214656], [-156.77989632234997, 21.17293208768011], [-156.77989639242176, 21.172927393851086], [-156.77990053953104, 21.172927448317527], [-156.77990046945933, 21.17293214214656]]]}, "properties": {"item_id": "3755_7770_12596_1201", "cls": "eps_fragment", "cls_raw": "Styrofoam_Piece", "score": 0.12168051302433014, "area_m2": 0.22398094412019454, "weight_est_kg": 0.13438856647211672, "weight_lo_kg": 0.08959237764807781, "weight_hi_kg": 0.4479618882403891, "crew": "1인", "stop_id": "S072"}}, {"type": "Feature", "geometry": {"type": "Polygon", "coordinates": [[[-156.77984013808782, 21.172955119298877], [-156.77983560128513, 21.172955059712653], [-156.7798356744806, 21.172950156782218], [-156.7798402112832, 21.17295021636841], [-156.77984013808782, 21.172955119298877]]]}, "properties": {"item_id": "3755_7770_12596_1202", "cls": "pet_bottle", "cls_raw": "PET_Bottle", "score": 0.1120539978146553, "area_m2": 0.25594338448277515, "weight_est_kg": 0.5067679012758948, "weight_lo_kg": 0.42230658439657903, "weight_hi_kg": 0.8446131687931581, "crew": "1인", "stop_id": "S072"}}, {"type": "Feature", "geometry": {"type": "Polygon", "coordinates": [[[-156.77976445103104, 21.172953283049612], [-156.7797598514468, 21.17295322263678], [-156.77975991108676, 21.172949227845216], [-156.77976451067087, 21.17294928825804], [-156.77976445103104, 21.172953283049612]]]}, "properties": {"item_id": "3755_8108_12325_1210", "cls": "eps_fragment", "cls_raw": "Styrofoam_Piece", "score": 0.24401044845581055, "area_m2": 0.21142241907721052, "weight_est_kg": 0.12685345144632632, "weight_lo_kg": 0.0845689676308842, "weight_hi_kg": 0.4228448381544211, "crew": "1인", "stop_id": "S072"}}, {"type": "Feature", "geometry": {"type": "Polygon", "coordinates": [[[-156.77986822990434, 21.172981774291124], [-156.77986425054283, 21.17298172202694], [-156.77986433275547, 21.172976215024416], [-156.77986831211683, 21.17297626728858], [-156.77986822990434, 21.172981774291124]]]}, "properties": {"item_id": "3755_8108_12325_1211", "cls": "pet_bottle", "cls_raw": "PET_Bottle", "score": 0.13838274776935577, "area_m2": 0.2521545816976738, "weight_est_kg": 0.4992660717613941, "weight_lo_kg": 0.41605505980116175, "weight_hi_kg": 0.8321101196023235, "crew": "1인", "stop_id": "S072"}}, {"type": "Feature", "geometry": {"type": "Polygon", "coordinates": [[[-156.77980098310354, 21.173013437400297], [-156.77979654577726, 21.173013379119453], [-156.77979660536715, 21.17300938762593], [-156.77980104269335, 21.17300944590677], [-156.77980098310354, 21.173013437400297]]]}, "properties": {"item_id": "3755_8108_12325_1212", "cls": "eps_fragment", "cls_raw": "Styrofoam_Piece", "score": 0.12416136264801025, "area_m2": 0.20379566022945045, "weight_est_kg": 0.12227739613767026, "weight_lo_kg": 0.08151826409178019, "weight_hi_kg": 0.40759132045890095, "crew": "1인", "stop_id": "S072"}}, {"type": "Feature", "geometry": {"type": "Polygon", "coordinates": [[[-156.77980090685034, 21.173000781366866], [-156.7797948663248, 21.173000702029242], [-156.77979493617954, 21.172996022969134], [-156.77980097670493, 21.172996102306733], [-156.77980090685034, 21.173000781366866]]]}, "properties": {"item_id": "3755_8108_12325_1213", "cls": "plastic_buoy", "cls_raw": "Plastic_Buoy", "score": 0.11694381386041641, "area_m2": 0.3252157188624952, "weight_est_kg": 5.8538829395249135, "weight_lo_kg": 2.9269414697624567, "weight_hi_kg": 7.805177252699885, "crew": "1인", "stop_id": "S072"}}, {"type": "Feature", "geometry": {"type": "Polygon", "coordinates": [[[-156.779773497095, 21.172947135511066], [-156.7797686536217, 21.172947071895162], [-156.77976870656883, 21.172943525383953], [-156.77977355004205, 21.172943588999843], [-156.779773497095, 21.172947135511066]]]}, "properties": {"item_id": "3755_8108_12325_1214", "cls": "plastic_buoy", "cls_raw": "Plastic_Buoy_China", "score": 0.11493253707885742, "area_m2": 0.19764989823107862, "weight_est_kg": 3.557698168159415, "weight_lo_kg": 1.7788490840797075, "weight_hi_kg": 4.743597557545887, "crew": "1인", "stop_id": "S072"}}, {"type": "Feature", "geometry": {"type": "Polygon", "coordinates": [[[-156.94371524888163, 21.172845739135447], [-156.9437058569671, 21.172845624895942], [-156.9437059053027, 21.172842128890533], [-156.94371529721698, 21.17284224313002], [-156.94371524888163, 21.172845739135447]]]}, "properties": {"item_id": "3908_11044_9786_1224", "cls": "pet_bottle", "cls_raw": "PET_Bottle", "score": 0.29630374908447266, "area_m2": 0.37772140803174964, "weight_est_kg": 0.7478883879028643, "weight_lo_kg": 0.623240323252387, "weight_hi_kg": 1.246480646504774, "crew": "1인", "stop_id": "S073"}}, {"type": "Feature", "geometry": {"type": "Polygon", "coordinates": [[[-156.94368451862528, 21.172814855308843], [-156.94367782028866, 21.17281477383187], [-156.94367789621427, 21.17280928236423], [-156.9436845945507, 21.17280936384118], [-156.94368451862528, 21.172814855308843]]]}, "properties": {"item_id": "3908_11044_9786_1225", "cls": "plastic_other", "cls_raw": "Plastic_ETC", "score": 0.10924118757247925, "area_m2": 0.423156361544246, "weight_est_kg": 1.0155752677061904, "weight_lo_kg": 0.6770501784707937, "weight_hi_kg": 3.385250892353968, "crew": "1인", "stop_id": "S073"}}, {"type": "Feature", "geometry": {"type": "Polygon", "coordinates": [[[-156.80826099111877, 21.172679411613633], [-156.80825498175818, 21.172679333699055], [-156.80825506503552, 21.172673682958322], [-156.80826107439592, 21.172673760872872], [-156.80826099111877, 21.172679411613633]]]}, "properties": {"item_id": "3955_10207_1017_1226", "cls": "pet_bottle", "cls_raw": "PET_Bottle", "score": 0.2828403115272522, "area_m2": 0.3907113619343417, "weight_est_kg": 0.7736084966299965, "weight_lo_kg": 0.6446737471916638, "weight_hi_kg": 1.2893474943833276, "crew": "1인", "stop_id": "S074"}}, {"type": "Feature", "geometry": {"type": "Polygon", "coordinates": [[[-156.80826725391202, 21.17269021230501], [-156.80826216311146, 21.172690146300248], [-156.80826222047907, 21.17268625363961], [-156.8082673112795, 21.172686319644367], [-156.80826725391202, 21.17269021230501]]]}, "properties": {"item_id": "3955_10207_1017_1227", "cls": "pet_bottle", "cls_raw": "PET_Bottle", "score": 0.21296542882919312, "area_m2": 0.2280105735175878, "weight_est_kg": 0.4514609355648238, "weight_lo_kg": 0.3762174463040199, "weight_hi_kg": 0.7524348926080398, "crew": "1인", "stop_id": "S074"}}, {"type": "Feature", "geometry": {"type": "Polygon", "coordinates": [[[-156.80825764899936, 21.172697738161197], [-156.80825160409276, 21.17269765978558], [-156.80825167750794, 21.1726926782491], [-156.80825772241434, 21.172692756624695], [-156.80825764899936, 21.172697738161197]]]}, "properties": {"item_id": "3955_10207_1017_1228", "cls": "pet_bottle", "cls_raw": "PET_Bottle", "score": 0.1493041068315506, "area_m2": 0.3464776732833054, "weight_est_kg": 0.6860257931009447, "weight_lo_kg": 0.571688160917454, "weight_hi_kg": 1.143376321834908, "crew": "1인", "stop_id": "S074"}}, {"type": "Feature", "geometry": {"type": "Polygon", "coordinates": [[[-156.8083459289679, 21.172656164612214], [-156.80834062473946, 21.1726560958428], [-156.80834065873472, 21.172653789017943], [-156.80834596296313, 21.17265385778735], [-156.8083459289679, 21.172656164612214]]]}, "properties": {"item_id": "3955_10207_1017_1229", "cls": "pet_bottle", "cls_raw": "PET_Bottle", "score": 0.1023847907781601, "area_m2": 0.14078593030016642, "weight_est_kg": 0.2787561419943295, "weight_lo_kg": 0.2322967849952746, "weight_hi_kg": 0.4645935699905492, "crew": "1인", "stop_id": "S074"}}, {"type": "Feature", "geometry": {"type": "Polygon", "coordinates": [[[-156.7991358504223, 21.17203139201765], [-156.7991313218314, 21.17203133305882], [-156.79913139029392, 21.172026706691074], [-156.79913591888467, 21.17202676564988], [-156.7991358504223, 21.17203139201765]]]}, "properties": {"item_id": "3958_12886_4117_1236", "cls": "eps_fragment", "cls_raw": "Styrofoam_Piece", "score": 0.4637698531150818, "area_m2": 0.24106426063148706, "weight_est_kg": 0.14463855637889222, "weight_lo_kg": 0.09642570425259482, "weight_hi_kg": 0.4821285212629742, "crew": "1인", "stop_id": "S075"}}, {"type": "Feature", "geometry": {"type": "Polygon", "coordinates": [[[-156.79908331386517, 21.171941023463035], [-156.7990787662827, 21.171940964255747], [-156.79907882639955, 21.17193690192712], [-156.79908337398192, 21.171936961134403], [-156.79908331386517, 21.171941023463035]]]}, "properties": {"item_id": "3958_12886_4117_1237", "cls": "plastic_buoy", "cls_raw": "Plastic_Buoy", "score": 0.3207768201828003, "area_m2": 0.21256194314961946, "weight_est_kg": 3.8261149766931504, "weight_lo_kg": 1.9130574883465752, "weight_hi_kg": 5.1014866355908675, "crew": "1인", "stop_id": "S075"}}, {"type": "Feature", "geometry": {"type": "Polygon", "coordinates": [[[-156.7991743690467, 21.172004547210538], [-156.7991710526961, 21.172004504034977], [-156.79917111628004, 21.172000207255163], [-156.79917443263056, 21.172000250430724], [-156.7991743690467, 21.172004547210538]]]}, "properties": {"item_id": "3958_12886_4117_1238", "cls": "pet_bottle", "cls_raw": "PET_Bottle", "score": 0.2545212507247925, "area_m2": 0.1639582126355206, "weight_est_kg": 0.3246372610183308, "weight_lo_kg": 0.270531050848609, "weight_hi_kg": 0.541062101697218, "crew": "1인", "stop_id": "S075"}}, {"type": "Feature", "geometry": {"type": "Polygon", "coordinates": [[[-156.799140580604, 21.172019547211413], [-156.7991369220938, 21.172019499580518], [-156.79913697862787, 21.172015679271706], [-156.79914063713795, 21.1720157269026], [-156.799140580604, 21.172019547211413]]]}, "properties": {"item_id": "3958_12886_4117_1239", "cls": "eps_fragment", "cls_raw": "Styrofoam_Piece", "score": 0.2428857684135437, "area_m2": 0.16081714676697076, "weight_est_kg": 0.09649028806018245, "weight_lo_kg": 0.06432685870678831, "weight_hi_kg": 0.3216342935339416, "crew": "1인", "stop_id": "S075"}}, {"type": "Feature", "geometry": {"type": "Polygon", "coordinates": [[[-156.79914560411012, 21.17199055895914], [-156.79914204777018, 21.171990512658578], [-156.79914209826987, 21.1719871001102], [-156.79914565460973, 21.17198714641075], [-156.79914560411012, 21.17199055895914]]]}, "properties": {"item_id": "3958_12886_4117_1240", "cls": "eps_fragment", "cls_raw": "Styrofoam_Piece", "score": 0.20241978764533997, "area_m2": 0.13964062394205223, "weight_est_kg": 0.08378437436523134, "weight_lo_kg": 0.0558562495768209, "weight_hi_kg": 0.27928124788410447, "crew": "1인", "stop_id": "S075"}}, {"type": "Feature", "geometry": {"type": "Polygon", "coordinates": [[[-156.7990672418955, 21.171970307773112], [-156.79906284739607, 21.17197025055841], [-156.79906291726408, 21.171965529345783], [-156.7990673117634, 21.171965586560475], [-156.7990672418955, 21.171970307773112]]]}, "properties": {"item_id": "3958_12886_4117_1241", "cls": "eps_fragment", "cls_raw": "Styrofoam_Piece", "score": 0.19168145954608917, "area_m2": 0.23872218073612422, "weight_est_kg": 0.14323330844167453, "weight_lo_kg": 0.09548887229444969, "weight_hi_kg": 0.47744436147224845, "crew": "1인", "stop_id": "S075"}}, {"type": "Feature", "geometry": {"type": "Polygon", "coordinates": [[[-156.7991751974328, 21.172013002901373], [-156.7991727894807, 21.172012971552267], [-156.7991728253082, 21.172010550454576], [-156.79917523326026, 21.172010581803686], [-156.7991751974328, 21.172013002901373]]]}, "properties": {"item_id": "3958_12886_4117_1242", "cls": "eps_fragment", "cls_raw": "Styrofoam_Piece", "score": 0.16036655008792877, "area_m2": 0.06707949207503618, "weight_est_kg": 0.0402476952450217, "weight_lo_kg": 0.026831796830014472, "weight_hi_kg": 0.13415898415007235, "crew": "1인", "stop_id": "S075"}}, {"type": "Feature", "geometry": {"type": "Polygon", "coordinates": [[[-156.79917464468036, 21.171996540816835], [-156.79916976346738, 21.171996477268355], [-156.79916979251283, 21.17199451448098], [-156.79917467372573, 21.17199457802946], [-156.79917464468036, 21.171996540816835]]]}, "properties": {"item_id": "3958_12886_4117_1243", "cls": "eps_fragment", "cls_raw": "Styrofoam_Piece", "score": 0.14721280336380005, "area_m2": 0.11023783384564277, "weight_est_kg": 0.06614270030738567, "weight_lo_kg": 0.044095133538257114, "weight_hi_kg": 0.22047566769128557, "crew": "1인", "stop_id": "S075"}}, {"type": "Feature", "geometry": {"type": "Polygon", "coordinates": [[[-156.7991241997096, 21.172004465486186], [-156.799120254285, 21.17200441411953], [-156.79912029582408, 21.172001607117007], [-156.79912424124868, 21.172001658483655], [-156.7991241997096, 21.172004465486186]]]}, "properties": {"item_id": "3958_12886_4117_1244", "cls": "eps_fragment", "cls_raw": "Styrofoam_Piece", "score": 0.14483767747879028, "area_m2": 0.12742839803549832, "weight_est_kg": 0.07645703882129899, "weight_lo_kg": 0.05097135921419933, "weight_hi_kg": 0.25485679607099665, "crew": "1인", "stop_id": "S075"}}, {"type": "Feature", "geometry": {"type": "Polygon", "coordinates": [[[-156.79908526540353, 21.171943268114024], [-156.79907999865702, 21.171943199543616], [-156.79908004565846, 21.1719400234715], [-156.79908531240488, 21.171940092041897], [-156.79908526540353, 21.171943268114024]]]}, "properties": {"item_id": "3958_12886_4117_1245", "cls": "plastic_other", "cls_raw": "Plastic_ETC", "score": 0.14378637075424194, "area_m2": 0.19246982001369012, "weight_est_kg": 0.4619275680328563, "weight_lo_kg": 0.3079517120219042, "weight_hi_kg": 1.539758560109521, "crew": "1인", "stop_id": "S075"}}, {"type": "Feature", "geometry": {"type": "Polygon", "coordinates": [[[-156.79916081767632, 21.172000788783347], [-156.7991563738917, 21.17200073092936], [-156.79915649096134, 21.17199281982331], [-156.79916093474574, 21.171992877677262], [-156.79916081767632, 21.172000788783347]]]}, "properties": {"item_id": "3958_12886_4117_1246", "cls": "eps_fragment", "cls_raw": "Styrofoam_Piece", "score": 0.128321573138237, "area_m2": 0.4045012497783712, "weight_est_kg": 0.24270074986702272, "weight_lo_kg": 0.16180049991134848, "weight_hi_kg": 0.8090024995567424, "crew": "1인", "stop_id": "S075"}}, {"type": "Feature", "geometry": {"type": "Polygon", "coordinates": [[[-156.79913575124053, 21.172031531478076], [-156.7991313146375, 21.172031473716856], [-156.79913138531268, 21.172026697826652], [-156.79913582191563, 21.172026755587844], [-156.79913575124053, 21.172031531478076]]]}, "properties": {"item_id": "3958_12935_3790_1253", "cls": "eps_fragment", "cls_raw": "Styrofoam_Piece", "score": 0.4888412654399872, "area_m2": 0.24380044447934723, "weight_est_kg": 0.14628026668760835, "weight_lo_kg": 0.09752017779173891, "weight_hi_kg": 0.48760088895869447, "crew": "1인", "stop_id": "S075"}}, {"type": "Feature", "geometry": {"type": "Polygon", "coordinates": [[[-156.79911267571035, 21.172054048842092], [-156.79910566022673, 21.17205395750472], [-156.7991057444482, 21.17204826629454], [-156.79911275993155, 21.172048357631894], [-156.79911267571035, 21.172054048842092]]]}, "properties": {"item_id": "3958_12935_3790_1254", "cls": "eps_fragment", "cls_raw": "Styrofoam_Piece", "score": 0.41527047753334045, "area_m2": 0.45940082694303486, "weight_est_kg": 0.2756404961658209, "weight_lo_kg": 0.18376033077721396, "weight_hi_kg": 0.9188016538860698, "crew": "1인", "stop_id": "S075"}}, {"type": "Feature", "geometry": {"type": "Polygon", "coordinates": [[[-156.79914336426262, 21.172081787874053], [-156.7991389091394, 21.172081729871813], [-156.79913896768863, 21.17207777339306], [-156.79914342281174, 21.172077831395285], [-156.79914336426262, 21.172081787874053]]]}, "properties": {"item_id": "3958_12935_3790_1255", "cls": "eps_fragment", "cls_raw": "Styrofoam_Piece", "score": 0.3200267553329468, "area_m2": 0.20281402775650298, "weight_est_kg": 0.12168841665390179, "weight_lo_kg": 0.08112561110260119, "weight_hi_kg": 0.40562805551300596, "crew": "1인", "stop_id": "S075"}}, {"type": "Feature", "geometry": {"type": "Polygon", "coordinates": [[[-156.79913381156982, 21.172054418934945], [-156.7991301123026, 21.172054370773207], [-156.79913016699535, 21.172050674907588], [-156.79913386626245, 21.172050723069308], [-156.79913381156982, 21.172054418934945]]]}, "properties": {"item_id": "3958_12935_3790_1256", "cls": "plastic_buoy", "cls_raw": "Plastic_Buoy", "score": 0.3033112585544586, "area_m2": 0.15731183471385574, "weight_est_kg": 2.831613024849403, "weight_lo_kg": 1.4158065124247015, "weight_hi_kg": 3.775484033132538, "crew": "1인", "stop_id": "S075"}}, {"type": "Feature", "geometry": {"type": "Polygon", "coordinates": [[[-156.7991406344273, 21.172019601277242], [-156.79913692077844, 21.172019552928486], [-156.79913697878703, 21.172015632974787], [-156.7991406924358, 21.172015681323536], [-156.7991406344273, 21.172019601277242]]]}, "properties": {"item_id": "3958_12935_3790_1257", "cls": "eps_fragment", "cls_raw": "Styrofoam_Piece", "score": 0.1979110687971115, "area_m2": 0.1674986794144331, "weight_est_kg": 0.10049920764865987, "weight_lo_kg": 0.06699947176577324, "weight_hi_kg": 0.3349973588288662, "crew": "1인", "stop_id": "S075"}}, {"type": "Feature", "geometry": {"type": "Polygon", "coordinates": [[[-156.79914928569892, 21.172058320335733], [-156.79914145880986, 21.17205821843601], [-156.7991414992252, 21.1720554873547], [-156.79914932611408, 21.17205558925441], [-156.79914928569892, 21.172058320335733]]]}, "properties": {"item_id": "3958_12935_3790_1258", "cls": "pet_bottle", "cls_raw": "PET_Bottle", "score": 0.171359583735466, "area_m2": 0.24595367075583488, "weight_est_kg": 0.48698826809655305, "weight_lo_kg": 0.4058235567471276, "weight_hi_kg": 0.8116471134942552, "crew": "1인", "stop_id": "S075"}}, {"type": "Feature", "geometry": {"type": "Polygon", "coordinates": [[[-156.79912422438048, 21.172004336291455], [-156.79912025062566, 21.172004284555968], [-156.79912029017507, 21.17200161200958], [-156.7991242639298, 21.172001663745064], [-156.79912422438048, 21.172004336291455]]]}, "properties": {"item_id": "3958_12935_3790_1259", "cls": "eps_fragment", "cls_raw": "Styrofoam_Piece", "score": 0.15919175744056702, "area_m2": 0.1221957176417416, "weight_est_kg": 0.07331743058504496, "weight_lo_kg": 0.04887828705669665, "weight_hi_kg": 0.2443914352834832, "crew": "1인", "stop_id": "S075"}}, {"type": "Feature", "geometry": {"type": "Polygon", "coordinates": [[[-156.79914800823641, 21.172079120095066], [-156.7991421250876, 21.172079043501185], [-156.7991421609273, 21.17207662162105], [-156.79914804407602, 21.17207669821492], [-156.79914800823641, 21.172079120095066]]]}, "properties": {"item_id": "3958_12935_3790_1260", "cls": "pet_bottle", "cls_raw": "PET_Bottle", "score": 0.13365355134010315, "area_m2": 0.1639426397388277, "weight_est_kg": 0.3246064266828788, "weight_lo_kg": 0.2705053555690657, "weight_hi_kg": 0.5410107111381314, "crew": "1인", "stop_id": "S075"}}, {"type": "Feature", "geometry": {"type": "Polygon", "coordinates": [[[-156.79916875848394, 21.172079406502007], [-156.79916309344253, 21.17207933274842], [-156.7991631624247, 21.172074671211153], [-156.7991688274659, 21.172074744964732], [-156.79916875848394, 21.172079406502007]]]}, "properties": {"item_id": "3958_12935_3790_1261", "cls": "pet_bottle", "cls_raw": "PET_Bottle", "score": 0.12932415306568146, "area_m2": 0.30385170525011473, "weight_est_kg": 0.6016263763952272, "weight_lo_kg": 0.5013553136626894, "weight_hi_kg": 1.0027106273253787, "crew": "1인", "stop_id": "S075"}}, {"type": "Feature", "geometry": {"type": "Polygon", "coordinates": [[[-156.79916091896106, 21.172000827218348], [-156.79915621880448, 21.172000766026635], [-156.79915633372255, 21.171993000315492], [-156.79916103387893, 21.171993061507173], [-156.79916091896106, 21.172000827218348]]]}, "properties": {"item_id": "3958_12935_3790_1262", "cls": "eps_fragment", "cls_raw": "Styrofoam_Piece", "score": 0.12881189584732056, "area_m2": 0.4199747864344269, "weight_est_kg": 0.25198487186065616, "weight_lo_kg": 0.16798991457377077, "weight_hi_kg": 0.8399495728688539, "crew": "1인", "stop_id": "S075"}}, {"type": "Feature", "geometry": {"type": "Polygon", "coordinates": [[[-156.799169109968, 21.17209612692155], [-156.7991669703753, 21.172096099066046], [-156.79916704234634, 21.172091235549743], [-156.79916918193894, 21.172091263405243], [-156.799169109968, 21.17209612692155]]]}, "properties": {"item_id": "3958_12935_3790_1263", "cls": "pet_bottle", "cls_raw": "PET_Bottle", "score": 0.11810503900051117, "area_m2": 0.11973217068612639, "weight_est_kg": 0.23706969795853025, "weight_lo_kg": 0.19755808163210856, "weight_hi_kg": 0.3951161632642171, "crew": "1인", "stop_id": "S075"}}, {"type": "Feature", "geometry": {"type": "Polygon", "coordinates": [[[-156.7990607208304, 21.172023367068768], [-156.799055570968, 21.172023300019184], [-156.79905562904332, 21.17201937570121], [-156.79906077890558, 21.172019442750784], [-156.7990607208304, 21.172023367068768]]]}, "properties": {"item_id": "3958_12935_3790_1264", "cls": "eps_fragment", "cls_raw": "Styrofoam_Piece", "score": 0.11367102712392807, "area_m2": 0.23253560791021405, "weight_est_kg": 0.13952136474612842, "weight_lo_kg": 0.09301424316408562, "weight_hi_kg": 0.46507121582042815, "crew": "1인", "stop_id": "S075"}}, {"type": "Feature", "geometry": {"type": "Polygon", "coordinates": [[[-156.79907115323638, 21.1720300304188], [-156.7990654483093, 21.172029956142776], [-156.7990655013492, 21.17202637206782], [-156.79907120627618, 21.172026446343846], [-156.79907115323638, 21.1720300304188]]]}, "properties": {"item_id": "3958_12935_3790_1265", "cls": "eps_fragment", "cls_raw": "Styrofoam_Piece", "score": 0.11334868520498276, "area_m2": 0.23526472212380056, "weight_est_kg": 0.14115883327428033, "weight_lo_kg": 0.09410588884952023, "weight_hi_kg": 0.4705294442476011, "crew": "1인", "stop_id": "S075"}}, {"type": "Feature", "geometry": {"type": "Polygon", "coordinates": [[[-156.92632562366668, 21.169198910775922], [-156.92631819670214, 21.169198819685374], [-156.9263182711057, 21.169193482390433], [-156.92632569806997, 21.16919357348096], [-156.92632562366668, 21.169198910775922]]]}, "properties": {"item_id": "4124_12349_13210_1273", "cls": "pet_bottle", "cls_raw": "PET_Bottle", "score": 0.7053888440132141, "area_m2": 0.45603474483501316, "weight_est_kg": 0.902948794773326, "weight_lo_kg": 0.7524573289777717, "weight_hi_kg": 1.5049146579555435, "crew": "1인", "stop_id": "S076"}}, {"type": "Feature", "geometry": {"type": "Polygon", "coordinates": [[[-156.92638296065235, 21.169247102229424], [-156.92637688403806, 21.169247027702646], [-156.92637693455123, 21.169243404077132], [-156.92638301116537, 21.169243478603892], [-156.92638296065235, 21.169247102229424]]]}, "properties": {"item_id": "4124_12349_13210_1274", "cls": "plastic_buoy", "cls_raw": "Plastic_Buoy", "score": 0.35649874806404114, "area_m2": 0.2533204162002239, "weight_est_kg": 4.55976749160403, "weight_lo_kg": 2.279883745802015, "weight_hi_kg": 6.079689988805374, "crew": "1인", "stop_id": "S076"}}, {"type": "Feature", "geometry": {"type": "Polygon", "coordinates": [[[-156.92635511932505, 21.16925058711967], [-156.92634813803156, 21.169250501496276], [-156.92634821038914, 21.16924531090898], [-156.92635519168235, 21.169245396532364], [-156.92635511932505, 21.16925058711967]]]}, "properties": {"item_id": "4124_12349_13210_1275", "cls": "plastic_other", "cls_raw": "Plastic_ETC", "score": 0.26999613642692566, "area_m2": 0.41688628916452747, "weight_est_kg": 1.0005270939948658, "weight_lo_kg": 0.6670180626632439, "weight_hi_kg": 3.33509031331622, "crew": "1인", "stop_id": "S076"}}, {"type": "Feature", "geometry": {"type": "Polygon", "coordinates": [[[-156.9263335072161, 21.169305624867352], [-156.92632724387977, 21.16930554804851], [-156.92632729262323, 21.169302051470044], [-156.9263335559594, 21.169302128288866], [-156.9263335072161, 21.169305624867352]]]}, "properties": {"item_id": "4124_12349_13210_1276", "cls": "pet_bottle", "cls_raw": "PET_Bottle", "score": 0.16379180550575256, "area_m2": 0.2519498372709073, "weight_est_kg": 0.4988606777963965, "weight_lo_kg": 0.4157172314969971, "weight_hi_kg": 0.8314344629939942, "crew": "1인", "stop_id": "S076"}}, {"type": "Feature", "geometry": {"type": "Polygon", "coordinates": [[[-156.92631712466206, 21.16930237964464], [-156.92630591136822, 21.169302242114124], [-156.92630604195656, 21.169292874540254], [-156.92631725524976, 21.1692930120707], [-156.92631712466206, 21.16930237964464]]]}, "properties": {"item_id": "4124_12349_13210_1277", "cls": "plastic_other", "cls_raw": "Plastic_ETC", "score": 0.13344497978687286, "area_m2": 1.208440919198396, "weight_est_kg": 2.900258206076151, "weight_lo_kg": 1.9335054707174337, "weight_hi_kg": 9.667527353587168, "crew": "1인", "stop_id": "S076"}}, {"type": "Feature", "geometry": {"type": "Polygon", "coordinates": [[[-156.73597631778486, 21.166781428481208], [-156.7359722232864, 21.166781373653563], [-156.73597227572904, 21.16677792785694], [-156.7359763702274, 21.16677798268457], [-156.73597631778486, 21.166781428481208]]]}, "properties": {"item_id": "4190_9462_13371_1279", "cls": "plastic_buoy", "cls_raw": "Plastic_Buoy", "score": 0.2311042696237564, "area_m2": 0.16235755454304102, "weight_est_kg": 2.922435981774738, "weight_lo_kg": 1.461217990887369, "weight_hi_kg": 3.8965813090329844, "crew": "1인", "stop_id": "S077"}}, {"type": "Feature", "geometry": {"type": "Polygon", "coordinates": [[[-156.73598017096114, 21.16677609109914], [-156.73597729068715, 21.166776052530736], [-156.7359773560852, 21.166771755473835], [-156.7359802363591, 21.166771794042234], [-156.73598017096114, 21.16677609109914]]]}, "properties": {"item_id": "4190_9462_13371_1280", "cls": "net", "cls_raw": "Net", "score": 0.124482162296772, "area_m2": 0.14242527725996573, "weight_est_kg": 2.563654990679383, "weight_lo_kg": 1.068189579449743, "weight_hi_kg": 6.409137476698458, "crew": "1인", "stop_id": "S077"}}, {"type": "Feature", "geometry": {"type": "Polygon", "coordinates": [[[-156.736027079459, 21.16672290045604], [-156.73602283877534, 21.1667228436723], [-156.7360228855092, 21.16671977289735], [-156.73602712619277, 21.16671982968109], [-156.736027079459, 21.16672290045604]]]}, "properties": {"item_id": "4190_9462_13371_1281", "cls": "plastic_other", "cls_raw": "Plastic_ETC", "score": 0.1210663765668869, "area_m2": 0.14985324648024742, "weight_est_kg": 0.35964779155259374, "weight_lo_kg": 0.23976519436839588, "weight_hi_kg": 1.1988259718419794, "crew": "1인", "stop_id": "S077"}}, {"type": "Feature", "geometry": {"type": "Polygon", "coordinates": [[[-156.73613214611944, 21.16401599653737], [-156.7361268746811, 21.16401592596215], [-156.73612692527385, 21.16401260100875], [-156.73613219671208, 21.164012671583958], [-156.73613214611944, 21.16401599653737]]]}, "properties": {"item_id": "4400_7961_13966_1286", "cls": "pet_bottle", "cls_raw": "PET_Bottle", "score": 0.20373785495758057, "area_m2": 0.20169943390307254, "weight_est_kg": 0.3993648791280836, "weight_lo_kg": 0.3328040659400697, "weight_hi_kg": 0.6656081318801395, "crew": "1인", "stop_id": "S078"}}, {"type": "Feature", "geometry": {"type": "Polygon", "coordinates": [[[-156.73620107304038, 21.1639521820485], [-156.73619705507141, 21.1639521282568], [-156.73619711440597, 21.163948228658523], [-156.73620113237482, 21.16394828245021], [-156.73620107304038, 21.1639521820485]]]}, "properties": {"item_id": "4400_7961_13966_1287", "cls": "plastic_buoy", "cls_raw": "Plastic_Buoy", "score": 0.1427450031042099, "area_m2": 0.1803086546332914, "weight_est_kg": 3.245555783399245, "weight_lo_kg": 1.6227778916996225, "weight_hi_kg": 4.327407711198994, "crew": "1인", "stop_id": "S078"}}, {"type": "Feature", "geometry": {"type": "Polygon", "coordinates": [[[-156.73619978237053, 21.163959923252953], [-156.73619577103966, 21.163959869550077], [-156.73619583033624, 21.16395597245357], [-156.73619984166695, 21.16395602615643], [-156.73619978237053, 21.163959923252953]]]}, "properties": {"item_id": "4400_7961_13966_1288", "cls": "plastic_buoy", "cls_raw": "Plastic_Buoy", "score": 0.12934011220932007, "area_m2": 0.17989527148617065, "weight_est_kg": 3.238114886751072, "weight_lo_kg": 1.619057443375536, "weight_hi_kg": 4.3174865156680955, "crew": "1인", "stop_id": "S078"}}, {"type": "Feature", "geometry": {"type": "Polygon", "coordinates": [[[-156.7361238112881, 21.163929547676908], [-156.7361194929508, 21.16392948986202], [-156.73611956860478, 21.163924517878318], [-156.73612388694193, 21.163924575693198], [-156.7361238112881, 21.163929547676908]]]}, "properties": {"item_id": "4400_7961_13966_1289", "cls": "net", "cls_raw": "Net", "score": 0.12757952511310577, "area_m2": 0.24707937657254456, "weight_est_kg": 4.4474287783058015, "weight_lo_kg": 1.8530953242940844, "weight_hi_kg": 11.118571945764504, "crew": "1인", "stop_id": "S078"}}, {"type": "Feature", "geometry": {"type": "Polygon", "coordinates": [[[-156.73613827789774, 21.16401378317986], [-156.73613300934977, 21.16401371264353], [-156.73613307312547, 21.164009521295267], [-156.73613834167332, 21.164009591831576], [-156.73613827789774, 21.16401378317986]]]}, "properties": {"item_id": "4400_7961_13966_1290", "cls": "pet_bottle", "cls_raw": "PET_Bottle", "score": 0.12150607258081436, "area_m2": 0.25411755949276704, "weight_est_kg": 0.5031527677956787, "weight_lo_kg": 0.41929397316306566, "weight_hi_kg": 0.8385879463261313, "crew": "1인", "stop_id": "S078"}}, {"type": "Feature", "geometry": {"type": "Polygon", "coordinates": [[[-156.73615860452202, 21.164007101196475], [-156.73615382818517, 21.164007037250563], [-156.73615389814688, 21.16400243931341], [-156.73615867448356, 21.164002503259308], [-156.73615860452202, 21.164007101196475]]]}, "properties": {"item_id": "4400_7961_13966_1291", "cls": "net", "cls_raw": "Net", "score": 0.11022857576608658, "area_m2": 0.25272486480417766, "weight_est_kg": 4.549047566475198, "weight_lo_kg": 1.8954364860313326, "weight_hi_kg": 11.372618916187996, "crew": "1인", "stop_id": "S078"}}, {"type": "Feature", "geometry": {"type": "Polygon", "coordinates": [[[-156.73614205895188, 21.16385335036656], [-156.7361356174723, 21.16385326412745], [-156.73613568467474, 21.163848847532265], [-156.73614212615414, 21.16384893377135], [-156.73614205895188, 21.16385335036656]]]}, "properties": {"item_id": "4400_7997_14641_1303", "cls": "pet_bottle", "cls_raw": "PET_Bottle", "score": 0.3599731922149658, "area_m2": 0.3273886931388151, "weight_est_kg": 0.6482296124148539, "weight_lo_kg": 0.5401913436790449, "weight_hi_kg": 1.0803826873580897, "crew": "1인", "stop_id": "S078"}}, {"type": "Feature", "geometry": {"type": "Polygon", "coordinates": [[[-156.7361524354267, 21.16389338852505], [-156.73614836156838, 21.163893333984056], [-156.73614841794767, 21.163889628681666], [-156.73615249180585, 21.163889683222646], [-156.7361524354267, 21.16389338852505]]]}, "properties": {"item_id": "4400_7997_14641_1304", "cls": "net", "cls_raw": "Net", "score": 0.17288486659526825, "area_m2": 0.17370803320606368, "weight_est_kg": 3.126744597709146, "weight_lo_kg": 1.3028102490454776, "weight_hi_kg": 7.816861494272866, "crew": "1인", "stop_id": "S078"}}, {"type": "Feature", "geometry": {"type": "Polygon", "coordinates": [[[-156.73619852818865, 21.16383857121272], [-156.73619441780335, 21.163838516183947], [-156.7361944734414, 21.16383485951011], [-156.7361985838266, 21.163834914538878], [-156.73619852818865, 21.16383857121272]]]}, "properties": {"item_id": "4400_7997_14641_1305", "cls": "pet_bottle", "cls_raw": "PET_Bottle", "score": 0.13980497419834137, "area_m2": 0.17296539046776557, "weight_est_kg": 0.3424714731261758, "weight_lo_kg": 0.2853928942718132, "weight_hi_kg": 0.5707857885436264, "crew": "1인", "stop_id": "S078"}}, {"type": "Feature", "geometry": {"type": "Polygon", "coordinates": [[[-156.7362121735684, 21.163847521982987], [-156.73620631179423, 21.16384744350749], [-156.73620640040818, 21.163841619546382], [-156.7362122621821, 21.163841698021866], [-156.7362121735684, 21.163847521982987]]]}, "properties": {"item_id": "4400_7997_14641_1306", "cls": "pet_bottle", "cls_raw": "PET_Bottle", "score": 0.10959591716527939, "area_m2": 0.39286014118278134, "weight_est_kg": 0.777863079541907, "weight_lo_kg": 0.6482192329515892, "weight_hi_kg": 1.2964384659031785, "crew": "1인", "stop_id": "S078"}}, {"type": "Feature", "geometry": {"type": "Polygon", "coordinates": [[[-156.73615512280406, 21.163838124453214], [-156.73615136100673, 21.163838074090286], [-156.73615143011273, 21.16383353235454], [-156.73615519190994, 21.163833582717466], [-156.73615512280406, 21.163838124453214]]]}, "properties": {"item_id": "4400_7997_14641_1307", "cls": "plastic_other", "cls_raw": "Plastic_ETC", "score": 0.10524240881204605, "area_m2": 0.19661096517159482, "weight_est_kg": 0.4718663164118275, "weight_lo_kg": 0.31457754427455176, "weight_hi_kg": 1.5728877213727588, "crew": "1인", "stop_id": "S078"}}, {"type": "Feature", "geometry": {"type": "Polygon", "coordinates": [[[-157.24560925971753, 21.220779093588998], [-157.2456024290355, 21.22077902258023], [-157.2456025065125, 21.22077247007324], [-157.24560933719425, 21.220772541081985], [-157.24560925971753, 21.220779093588998]]]}, "properties": {"item_id": "444_1393_2974_1311", "cls": "plastic_other", "cls_raw": "Plastic_ETC", "score": 0.4150709807872772, "area_m2": 0.5145484600783673, "weight_est_kg": 1.2349163041880815, "weight_lo_kg": 0.8232775361253877, "weight_hi_kg": 4.116387680626938, "crew": "1인", "stop_id": "S079"}}, {"type": "Feature", "geometry": {"type": "Polygon", "coordinates": [[[-157.20912094913206, 21.218599826015044], [-157.20911036622437, 21.218599713719357], [-157.20911047691408, 21.218590542135175], [-157.2091210598211, 21.218590654430802], [-157.20912094913206, 21.218599826015044]]]}, "properties": {"item_id": "456_10663_12795_1312", "cls": "plastic_other", "cls_raw": "Plastic_ETC", "score": 0.31784194707870483, "area_m2": 1.1159058596852214, "weight_est_kg": 2.6781740632445312, "weight_lo_kg": 1.7854493754963543, "weight_hi_kg": 8.927246877481771, "crew": "1인", "stop_id": "S080"}}, {"type": "Feature", "geometry": {"type": "Polygon", "coordinates": [[[-157.20914036836615, 21.21860765663232], [-157.2091243988189, 21.218607487180314], [-157.20912453925143, 21.21859585105953], [-157.20914050879745, 21.218596020511423], [-157.20914036836615, 21.21860765663232]]]}, "properties": {"item_id": "456_10663_12795_1313", "cls": "rope", "cls_raw": "Rope", "score": 0.15776841342449188, "area_m2": 2.1363823854928556, "weight_est_kg": 25.63658862591427, "weight_lo_kg": 17.091059083942845, "weight_hi_kg": 42.727647709857116, "crew": "2인", "stop_id": "S080"}}, {"type": "Feature", "geometry": {"type": "Polygon", "coordinates": [[[-157.20917072607276, 21.218621711368538], [-157.20916455468796, 21.218621645885552], [-157.20916463413053, 21.21861506320113], [-157.20917080551507, 21.218615128684082], [-157.20917072607276, 21.218621711368538]]]}, "properties": {"item_id": "456_10663_12795_1314", "cls": "eps_fragment", "cls_raw": "Styrofoam_Piece", "score": 0.14134187996387482, "area_m2": 0.4670504208878843, "weight_est_kg": 0.28023025253273054, "weight_lo_kg": 0.18682016835515372, "weight_hi_kg": 0.9341008417757686, "crew": "1인", "stop_id": "S080"}}, {"type": "Feature", "geometry": {"type": "Polygon", "coordinates": [[[-157.2091181071313, 21.21860606857523], [-157.20910639696103, 21.21860594431786], [-157.2091065028308, 21.218597172127573], [-157.20911821300038, 21.218597296384882], [-157.2091181071313, 21.21860606857523]]]}, "properties": {"item_id": "456_10663_12795_1315", "cls": "rope", "cls_raw": "Rope", "score": 0.12303801625967026, "area_m2": 1.1809987300637317, "weight_est_kg": 14.171984760764781, "weight_lo_kg": 9.447989840509853, "weight_hi_kg": 23.619974601274635, "crew": "2인", "stop_id": "S080"}}, {"type": "Feature", "geometry": {"type": "Polygon", "coordinates": [[[-157.2091423429784, 21.218604101477368], [-157.20913855444644, 21.218604061277645], [-157.20913859824645, 21.218600432017773], [-157.2091423867783, 21.21860047221749], [-157.2091423429784, 21.218604101477368]]]}, "properties": {"item_id": "456_10663_12795_1316", "cls": "net", "cls_raw": "Net", "score": 0.12290666252374649, "area_m2": 0.15807645553354377, "weight_est_kg": 2.845376199603788, "weight_lo_kg": 1.1855734165015783, "weight_hi_kg": 7.113440499009469, "crew": "1인", "stop_id": "S080"}}, {"type": "Feature", "geometry": {"type": "Polygon", "coordinates": [[[-157.20918886368068, 21.218669152337682], [-157.20918423542568, 21.218669103228894], [-157.2091842783507, 21.21866554638934], [-157.20918890660562, 21.218665595498123], [-157.20918886368068, 21.218669152337682]]]}, "properties": {"item_id": "456_10663_12795_1317", "cls": "net", "cls_raw": "Net", "score": 0.111173614859581, "area_m2": 0.18926029652995105, "weight_est_kg": 3.406685337539119, "weight_lo_kg": 1.419452223974633, "weight_hi_kg": 8.516713343847798, "crew": "1인", "stop_id": "S080"}}, {"type": "Feature", "geometry": {"type": "Polygon", "coordinates": [[[-157.20912842966942, 21.21861545535569], [-157.20912110650946, 21.21861537764968], [-157.20912118720216, 21.218608691536847], [-157.2091285103618, 21.21860876924282], [-157.20912842966942, 21.21861545535569]]]}, "properties": {"item_id": "456_10663_12795_1318", "cls": "rope", "cls_raw": "Rope", "score": 0.10368381440639496, "area_m2": 0.5629247805060354, "weight_est_kg": 6.755097366072425, "weight_lo_kg": 4.503398244048284, "weight_hi_kg": 11.25849561012071, "crew": "1인", "stop_id": "S080"}}, {"type": "Feature", "geometry": {"type": "Polygon", "coordinates": [[[-157.20963812601698, 21.218917572486955], [-157.20963397685824, 21.21891752847233], [-157.2096340194604, 21.218913997547716], [-157.20963816861902, 21.218914041562332], [-157.20963812601698, 21.218917572486955]]]}, "properties": {"item_id": "456_8480_11486_1325", "cls": "net", "cls_raw": "Net", "score": 0.3238222002983093, "area_m2": 0.1684323570255143, "weight_est_kg": 3.031782426459257, "weight_lo_kg": 1.2632426776913572, "weight_hi_kg": 7.579456066148143, "crew": "1인", "stop_id": "S081"}}, {"type": "Feature", "geometry": {"type": "Polygon", "coordinates": [[[-157.2095286083129, 21.218817047308697], [-157.20952440863138, 21.218817002755564], [-157.2095244561568, 21.218813064003015], [-157.20952865583817, 21.21881310855613], [-157.2095286083129, 21.218817047308697]]]}, "properties": {"item_id": "456_8480_11486_1326", "cls": "plastic_other", "cls_raw": "Plastic_ETC", "score": 0.2707868814468384, "area_m2": 0.19017456249003367, "weight_est_kg": 0.4564189499760808, "weight_lo_kg": 0.3042792999840539, "weight_hi_kg": 1.5213964999202694, "crew": "1인", "stop_id": "S081"}}, {"type": "Feature", "geometry": {"type": "Polygon", "coordinates": [[[-157.20955569426073, 21.218852983027958], [-157.20954999130043, 21.21885292252781], [-157.20955005150816, 21.218847932644504], [-157.20955575446825, 21.218847993144646], [-157.20955569426073, 21.218852983027958]]]}, "properties": {"item_id": "456_8480_11486_1327", "cls": "plastic_buoy", "cls_raw": "Plastic_Buoy", "score": 0.24394503235816956, "area_m2": 0.3271658703327992, "weight_est_kg": 5.888985665990385, "weight_lo_kg": 2.9444928329951927, "weight_hi_kg": 7.851980887987181, "crew": "1인", "stop_id": "S081"}}, {"type": "Feature", "geometry": {"type": "Polygon", "coordinates": [[[-157.20954910617476, 21.21882469566053], [-157.20954443520068, 21.21882464610815], [-157.2095444856844, 21.218820462134342], [-157.2095491566584, 21.218820511686715], [-157.20954910617476, 21.21882469566053]]]}, "properties": {"item_id": "456_8480_11486_1328", "cls": "plastic_buoy", "cls_raw": "Plastic_Buoy", "score": 0.23369695246219635, "area_m2": 0.22468483176236967, "weight_est_kg": 4.044326971722654, "weight_lo_kg": 2.022163485861327, "weight_hi_kg": 5.392435962296872, "crew": "1인", "stop_id": "S081"}}, {"type": "Feature", "geometry": {"type": "Polygon", "coordinates": [[[-157.20963946698225, 21.21890945016116], [-157.2096346751562, 21.21890939932911], [-157.20963472861246, 21.21890496879312], [-157.20963952043843, 21.218905019625165], [-157.20963946698225, 21.21890945016116]]]}, "properties": {"item_id": "456_8480_11486_1329", "cls": "plastic_buoy", "cls_raw": "Plastic_Buoy", "score": 0.15791471302509308, "area_m2": 0.2440812236043998, "weight_est_kg": 4.393462024879196, "weight_lo_kg": 2.196731012439598, "weight_hi_kg": 5.857949366505595, "crew": "1인", "stop_id": "S081"}}, {"type": "Feature", "geometry": {"type": "Polygon", "coordinates": [[[-157.209544394196, 21.218858374420748], [-157.20953786638566, 21.21885830516966], [-157.2095379415876, 21.218852072644168], [-157.2095444693977, 21.218852141895226], [-157.209544394196, 21.218858374420748]]]}, "properties": {"item_id": "456_8480_11486_1330", "cls": "plastic_other", "cls_raw": "Plastic_ETC", "score": 0.14260223507881165, "area_m2": 0.46774466269027887, "weight_est_kg": 1.1225871904566693, "weight_lo_kg": 0.7483914603044461, "weight_hi_kg": 3.7419573015222314, "crew": "1인", "stop_id": "S081"}}, {"type": "Feature", "geometry": {"type": "Polygon", "coordinates": [[[-156.73615255498018, 21.16362872770345], [-156.73614747377516, 21.16362865967674], [-156.7361475447993, 21.16362399183883], [-156.7361526260041, 21.163624059865512], [-156.73615255498018, 21.16362872770345]]]}, "properties": {"item_id": "4610_7864_710_1340", "cls": "plastic_buoy", "cls_raw": "Plastic_Buoy_China", "score": 0.14399772882461548, "area_m2": 0.27294400833856264, "weight_est_kg": 4.912992150094127, "weight_lo_kg": 2.4564960750470637, "weight_hi_kg": 6.550656200125504, "crew": "1인", "stop_id": "S082"}}, {"type": "Feature", "geometry": {"type": "Polygon", "coordinates": [[[-156.73621487286903, 21.163628643321413], [-156.73621031194244, 21.163628582261836], [-156.73621037419824, 21.163624490578655], [-156.7362149351247, 21.163624551638215], [-156.73621487286903, 21.163628643321413]]]}, "properties": {"item_id": "4610_7864_710_1341", "cls": "net", "cls_raw": "Net", "score": 0.10888321697711945, "area_m2": 0.21475640530893023, "weight_est_kg": 3.8656152955607443, "weight_lo_kg": 1.6106730398169768, "weight_hi_kg": 9.66403823890186, "crew": "1인", "stop_id": "S082"}}, {"type": "Feature", "geometry": {"type": "Polygon", "coordinates": [[[-156.73620259714238, 21.162090329939627], [-156.73619885213742, 21.16209027980592], [-156.7361989382521, 21.162084619604453], [-156.73620268325692, 21.162084669738146], [-156.73620259714238, 21.162090329939627]]]}, "properties": {"item_id": "4610_8092_9157_1347", "cls": "pet_bottle", "cls_raw": "PET_Bottle", "score": 0.2096935361623764, "area_m2": 0.243938162362675, "weight_est_kg": 0.48299756147809647, "weight_lo_kg": 0.40249796789841374, "weight_hi_kg": 0.8049959357968275, "crew": "1인", "stop_id": "S083"}}, {"type": "Feature", "geometry": {"type": "Polygon", "coordinates": [[[-156.7361745191998, 21.16213548231227], [-156.73617184522357, 21.16213544651573], [-156.73617191252515, 21.16213102293775], [-156.73617458650133, 21.162131058734285], [-156.7361745191998, 21.16213548231227]]]}, "properties": {"item_id": "4610_8092_9157_1348", "cls": "pet_bottle", "cls_raw": "PET_Bottle", "score": 0.11178402602672577, "area_m2": 0.13612145501753278, "weight_est_kg": 0.2695204809347149, "weight_lo_kg": 0.2246004007789291, "weight_hi_kg": 0.4492008015578582, "crew": "1인", "stop_id": "S083"}}, {"type": "Feature", "geometry": {"type": "Polygon", "coordinates": [[[-156.73620780866855, 21.16378923226162], [-156.73620156456522, 21.163789148667643], [-156.7362016035904, 21.16378658382048], [-156.73620784769363, 21.163786667414442], [-156.73620780866855, 21.16378923226162]]]}, "properties": {"item_id": "4610_8098_-87_1351", "cls": "pet_bottle", "cls_raw": "PET_Bottle", "score": 0.13425719738006592, "area_m2": 0.18429865456007485, "weight_est_kg": 0.3649113360289482, "weight_lo_kg": 0.3040927800241235, "weight_hi_kg": 0.608185560048247, "crew": "1인", "stop_id": "S082"}}, {"type": "Feature", "geometry": {"type": "Polygon", "coordinates": [[[-156.73608542556903, 21.16145777466481], [-156.73608047276142, 21.16145770836061], [-156.73608055151175, 21.1614525323076], [-156.73608550431922, 21.161452598611785], [-156.73608542556903, 21.16145777466481]]]}, "properties": {"item_id": "4610_8378_13151_1355", "cls": "plastic_buoy", "cls_raw": "Plastic_Buoy_China", "score": 0.1382380574941635, "area_m2": 0.29501732503541667, "weight_est_kg": 5.3103118506374996, "weight_lo_kg": 2.6551559253187498, "weight_hi_kg": 7.080415800850001, "crew": "1인", "stop_id": "S084"}}, {"type": "Feature", "geometry": {"type": "Polygon", "coordinates": [[[-156.73608179835057, 21.161381706247486], [-156.7360780867839, 21.161381656560103], [-156.7360781250283, 21.1613791428498], [-156.7360818365949, 21.161379192537183], [-156.73608179835057, 21.161381706247486]]]}, "properties": {"item_id": "4610_8378_13151_1356", "cls": "pet_bottle", "cls_raw": "PET_Bottle", "score": 0.12890459597110748, "area_m2": 0.10736681213383284, "weight_est_kg": 0.21258628802498902, "weight_lo_kg": 0.1771552400208242, "weight_hi_kg": 0.3543104800416484, "crew": "1인", "stop_id": "S084"}}, {"type": "Feature", "geometry": {"type": "Polygon", "coordinates": [[[-156.73608739194515, 21.16213588590487], [-156.73608239935598, 21.162135819066435], [-156.73608246640586, 21.162131412210318], [-156.73608745899483, 21.162131479048735], [-156.73608739194515, 21.16213588590487]]]}, "properties": {"item_id": "4610_8410_9353_1358", "cls": "net", "cls_raw": "Net", "score": 0.1792510449886322, "area_m2": 0.2531920696900327, "weight_est_kg": 4.557457254420589, "weight_lo_kg": 1.8989405226752456, "weight_hi_kg": 11.393643136051473, "crew": "1인", "stop_id": "S083"}}, {"type": "Feature", "geometry": {"type": "Polygon", "coordinates": [[[-156.73609677710084, 21.162071759499646], [-156.73609110428865, 21.162071683555194], [-156.73609116633793, 21.16206760532823], [-156.73609683915, 21.162067681272667], [-156.73609677710084, 21.162071759499646]]]}, "properties": {"item_id": "4610_8410_9353_1359", "cls": "pet_bottle", "cls_raw": "PET_Bottle", "score": 0.17503783106803894, "area_m2": 0.26623514124761943, "weight_est_kg": 0.5271455796702864, "weight_lo_kg": 0.4392879830585721, "weight_hi_kg": 0.8785759661171442, "crew": "1인", "stop_id": "S083"}}, {"type": "Feature", "geometry": {"type": "Polygon", "coordinates": [[[-156.73609041840476, 21.16214379693944], [-156.73608546813557, 21.162143730667648], [-156.73608553267306, 21.16213948893306], [-156.73609048294205, 21.162139555204853], [-156.73609041840476, 21.16214379693944]]]}, "properties": {"item_id": "4610_8410_9353_1360", "cls": "pet_bottle", "cls_raw": "PET_Bottle", "score": 0.11120514571666718, "area_m2": 0.24163936177297102, "weight_est_kg": 0.4784459363104826, "weight_lo_kg": 0.3987049469254022, "weight_hi_kg": 0.7974098938508044, "crew": "1인", "stop_id": "S083"}}, {"type": "Feature", "geometry": {"type": "Polygon", "coordinates": [[[-156.71158849548917, 21.150268208644437], [-156.71158154636166, 21.150268114647623], [-156.71158160737215, 21.150264145260074], [-156.71158855649946, 21.150264239256874], [-156.71158849548917, 21.150268208644437]]]}, "properties": {"item_id": "5459_4239_12993_1365", "cls": "plastic_other", "cls_raw": "Plastic_ETC", "score": 0.2147909700870514, "area_m2": 0.31746658846147796, "weight_est_kg": 0.7619198123075471, "weight_lo_kg": 0.5079465415383647, "weight_hi_kg": 2.5397327076918237, "crew": "1인", "stop_id": "S085"}}, {"type": "Feature", "geometry": {"type": "Polygon", "coordinates": [[[-156.7115433081897, 21.150303331895657], [-156.711538673949, 21.15030326920968], [-156.71153873459033, 21.15029932392203], [-156.7115433688309, 21.15029938660799], [-156.7115433081897, 21.150303331895657]]]}, "properties": {"item_id": "5459_4239_12993_1366", "cls": "plastic_buoy", "cls_raw": "Plastic_Buoy_China", "score": 0.15161488950252533, "area_m2": 0.21042698254888517, "weight_est_kg": 3.787685685879933, "weight_lo_kg": 1.8938428429399665, "weight_hi_kg": 5.050247581173244, "crew": "1인", "stop_id": "S085"}}, {"type": "Feature", "geometry": {"type": "Polygon", "coordinates": [[[-156.71158462298988, 21.15026462679834], [-156.71157997721372, 21.150264563957553], [-156.71158004314375, 21.150260274503616], [-156.71158468891974, 21.15026033734439], [-156.71158462298988, 21.15026462679834]]]}, "properties": {"item_id": "5459_4239_12993_1367", "cls": "eps_fragment", "cls_raw": "Styrofoam_Piece", "score": 0.14938856661319733, "area_m2": 0.2293530600607965, "weight_est_kg": 0.1376118360364779, "weight_lo_kg": 0.0917412240243186, "weight_hi_kg": 0.45870612012159306, "crew": "1인", "stop_id": "S085"}}, {"type": "Feature", "geometry": {"type": "Polygon", "coordinates": [[[-156.7115656364113, 21.150313229038147], [-156.71156075511067, 21.150313163010875], [-156.7115608082197, 21.150309707738725], [-156.7115656895202, 21.150309773765976], [-156.7115656364113, 21.150313229038147]]]}, "properties": {"item_id": "5459_4239_12993_1368", "cls": "net", "cls_raw": "Net", "score": 0.1319323033094406, "area_m2": 0.19411627321695146, "weight_est_kg": 3.4940929179051263, "weight_lo_kg": 1.455872049127136, "weight_hi_kg": 8.735232294762815, "crew": "1인", "stop_id": "S085"}}, {"type": "Feature", "geometry": {"type": "Polygon", "coordinates": [[[-156.71172675305155, 21.149203266562676], [-156.71171766027987, 21.149203143582437], [-156.71171781133094, 21.14919331495648], [-156.71172690410202, 21.14919343793667], [-156.71172675305155, 21.149203266562676]]]}, "properties": {"item_id": "5669_3598_3897_1376", "cls": "eps_buoy", "cls_raw": "Styrofoam_Buoy", "score": 0.5009818077087402, "area_m2": 1.0285757977249792, "weight_est_kg": 9.000038230093567, "weight_lo_kg": 3.857159241468672, "weight_hi_kg": 10.285757977249792, "crew": "1인", "stop_id": "S086"}}, {"type": "Feature", "geometry": {"type": "Polygon", "coordinates": [[[-156.71173005280104, 21.149209682722525], [-156.71172679580872, 21.14920963867163], [-156.71172684566088, 21.149206394871502], [-156.7117301026531, 21.149206438922384], [-156.71173005280104, 21.149209682722525]]]}, "properties": {"item_id": "5669_3598_3897_1377", "cls": "plastic_buoy", "cls_raw": "Plastic_Buoy", "score": 0.22014902532100677, "area_m2": 0.1215956397265498, "weight_est_kg": 2.1887215150778965, "weight_lo_kg": 1.0943607575389482, "weight_hi_kg": 2.9182953534371956, "crew": "1인", "stop_id": "S086"}}, {"type": "Feature", "geometry": {"type": "Polygon", "coordinates": [[[-156.7116734713716, 21.149195559430584], [-156.711668704226, 21.149195494953254], [-156.71166877120842, 21.149191136618427], [-156.71167353835386, 21.149191201095743], [-156.7116734713716, 21.149195559430584]]]}, "properties": {"item_id": "5669_3598_3897_1378", "cls": "net", "cls_raw": "Net", "score": 0.1810852289199829, "area_m2": 0.23912570719724874, "weight_est_kg": 4.304262729550477, "weight_lo_kg": 1.7934428039793655, "weight_hi_kg": 10.760656823876191, "crew": "1인", "stop_id": "S086"}}, {"type": "Feature", "geometry": {"type": "Polygon", "coordinates": [[[-156.71169579168625, 21.14918221743877], [-156.71169104275023, 21.149182153208386], [-156.7116911001978, 21.149178415235063], [-156.71169584913375, 21.149178479465437], [-156.71169579168625, 21.14918221743877]]]}, "properties": {"item_id": "5669_3598_3897_1379", "cls": "net", "cls_raw": "Net", "score": 0.1364917755126953, "area_m2": 0.20430537970667192, "weight_est_kg": 3.6774968347200945, "weight_lo_kg": 1.5322903478000396, "weight_hi_kg": 9.193742086800237, "crew": "1인", "stop_id": "S086"}}, {"type": "Feature", "geometry": {"type": "Polygon", "coordinates": [[[-156.71169455157371, 21.149229510070644], [-156.71169098508332, 21.149229461832988], [-156.71169103456143, 21.149226242422014], [-156.71169460105176, 21.14922629065965], [-156.71169455157371, 21.149229510070644]]]}, "properties": {"item_id": "5669_3598_3897_1380", "cls": "net", "cls_raw": "Net", "score": 0.12982060015201569, "area_m2": 0.1321492283135981, "weight_est_kg": 2.378686109644766, "weight_lo_kg": 0.9911192123519859, "weight_hi_kg": 5.946715274111914, "crew": "1인", "stop_id": "S086"}}, {"type": "Feature", "geometry": {"type": "Polygon", "coordinates": [[[-156.71409650566065, 21.14527184728382], [-156.71409140836687, 21.145271778424537], [-156.71409148179012, 21.145266994962533], [-156.71409657908376, 21.145267063821805], [-156.71409650566065, 21.14527184728382]]]}, "properties": {"item_id": "5878_4869_10990_1385", "cls": "eps_fragment", "cls_raw": "Styrofoam_Piece", "score": 0.33753207325935364, "area_m2": 0.28063318022643546, "weight_est_kg": 0.16837990813586126, "weight_lo_kg": 0.11225327209057419, "weight_hi_kg": 0.5612663604528709, "crew": "1인", "stop_id": "S087"}}, {"type": "Feature", "geometry": {"type": "Polygon", "coordinates": [[[-156.71403682597267, 21.14520515454541], [-156.71402982382938, 21.14520505995126], [-156.71402986082623, 21.14520264969432], [-156.7140368629694, 21.145202744288454], [-156.71403682597267, 21.14520515454541]]]}, "properties": {"item_id": "5878_4869_10990_1386", "cls": "pet_bottle", "cls_raw": "PET_Bottle", "score": 0.30783554911613464, "area_m2": 0.19424577802423115, "weight_est_kg": 0.3846066404879777, "weight_lo_kg": 0.3205055337399814, "weight_hi_kg": 0.6410110674799628, "crew": "1인", "stop_id": "S087"}}, {"type": "Feature", "geometry": {"type": "Polygon", "coordinates": [[[-156.71406512377615, 21.145207424243893], [-156.71405953691024, 21.14520734877012], [-156.714059618989, 21.145202001465652], [-156.71406520585467, 21.1452020769394], [-156.71406512377615, 21.145207424243893]]]}, "properties": {"item_id": "5878_4869_10990_1387", "cls": "eps_fragment", "cls_raw": "Styrofoam_Piece", "score": 0.28645503520965576, "area_m2": 0.3438431582034245, "weight_est_kg": 0.2063058949220547, "weight_lo_kg": 0.1375372632813698, "weight_hi_kg": 0.6876863164068491, "crew": "1인", "stop_id": "S087"}}, {"type": "Feature", "geometry": {"type": "Polygon", "coordinates": [[[-156.71408803250935, 21.14523760889913], [-156.71408222132806, 21.145237530395754], [-156.71408231706107, 21.14523129348375], [-156.7140881282421, 21.14523137198711], [-156.71408803250935, 21.14523760889913]]]}, "properties": {"item_id": "5878_4869_10990_1388", "cls": "eps_fragment", "cls_raw": "Styrofoam_Piece", "score": 0.2584021985530853, "area_m2": 0.4171489616633203, "weight_est_kg": 0.25028937699799214, "weight_lo_kg": 0.1668595846653281, "weight_hi_kg": 0.8342979233266407, "crew": "1인", "stop_id": "S087"}}, {"type": "Feature", "geometry": {"type": "Polygon", "coordinates": [[[-156.714000398132, 21.14529335731457], [-156.7139969305507, 21.145293310469064], [-156.71399697543254, 21.145290386579934], [-156.71400044301376, 21.14529043342544], [-156.714000398132, 21.14529335731457]]]}, "properties": {"item_id": "5878_4869_10990_1389", "cls": "plastic_buoy", "cls_raw": "Plastic_Buoy", "score": 0.2272661179304123, "area_m2": 0.11669293657748239, "weight_est_kg": 2.1004728583946832, "weight_lo_kg": 1.0502364291973416, "weight_hi_kg": 2.8006304778595776, "crew": "1인", "stop_id": "S087"}}, {"type": "Feature", "geometry": {"type": "Polygon", "coordinates": [[[-156.71408995838007, 21.145268792531027], [-156.71408536182122, 21.145268730436], [-156.71408542283547, 21.145264755418516], [-156.7140900193942, 21.14526481751354], [-156.71408995838007, 21.145268792531027]]]}, "properties": {"item_id": "5878_4869_10990_1390", "cls": "eps_fragment", "cls_raw": "Styrofoam_Piece", "score": 0.16855467855930328, "area_m2": 0.21029497819248597, "weight_est_kg": 0.12617698691549156, "weight_lo_kg": 0.08411799127699439, "weight_hi_kg": 0.42058995638497193, "crew": "1인", "stop_id": "S087"}}, {"type": "Feature", "geometry": {"type": "Polygon", "coordinates": [[[-156.71402757501923, 21.14520615756738], [-156.71402135419558, 21.14520607352799], [-156.71402144720568, 21.145200014161908], [-156.7140276680291, 21.145200098201265], [-156.71402757501923, 21.14520615756738]]]}, "properties": {"item_id": "5878_4869_10990_1391", "cls": "plastic_other", "cls_raw": "Plastic_ETC", "score": 0.16272367537021637, "area_m2": 0.43384274424620234, "weight_est_kg": 1.0412225861908855, "weight_lo_kg": 0.6941483907939238, "weight_hi_kg": 3.4707419539696187, "crew": "1인", "stop_id": "S087"}}, {"type": "Feature", "geometry": {"type": "Polygon", "coordinates": [[[-156.7140829497342, 21.14519373047935], [-156.71407945185808, 21.14519368322645], [-156.7140795002334, 21.14519053161976], [-156.71408299810946, 21.145190578872647], [-156.7140829497342, 21.14519373047935]]]}, "properties": {"item_id": "5878_4869_10990_1392", "cls": "plastic_buoy", "cls_raw": "Plastic_Buoy", "score": 0.13911688327789307, "area_m2": 0.12688015387060514, "weight_est_kg": 2.2838427696708923, "weight_lo_kg": 1.1419213848354461, "weight_hi_kg": 3.0451236928945233, "crew": "1인", "stop_id": "S087"}}, {"type": "Feature", "geometry": {"type": "Polygon", "coordinates": [[[-156.71402387509949, 21.145166428511992], [-156.7140178602947, 21.145166347255785], [-156.71401795908756, 21.145159911153417], [-156.71402397389215, 21.14515999240959], [-156.71402387509949, 21.145166428511992]]]}, "properties": {"item_id": "5878_5000_11309_1396", "cls": "eps_fragment", "cls_raw": "Styrofoam_Piece", "score": 0.38453084230422974, "area_m2": 0.44555554386385254, "weight_est_kg": 0.2673333263183115, "weight_lo_kg": 0.17822221754554102, "weight_hi_kg": 0.8911110877277051, "crew": "1인", "stop_id": "S087"}}, {"type": "Feature", "geometry": {"type": "Polygon", "coordinates": [[[-156.7140650663427, 21.14520749309832], [-156.71405945302126, 21.145207417267155], [-156.71405953568686, 21.145202031731397], [-156.7140651490081, 21.14520210756254], [-156.7140650663427, 21.14520749309832]]]}, "properties": {"item_id": "5878_5000_11309_1397", "cls": "eps_fragment", "cls_raw": "Styrofoam_Piece", "score": 0.2943781614303589, "area_m2": 0.347941356924238, "weight_est_kg": 0.2087648141545428, "weight_lo_kg": 0.1391765427696952, "weight_hi_kg": 0.695882713848476, "crew": "1인", "stop_id": "S087"}}, {"type": "Feature", "geometry": {"type": "Polygon", "coordinates": [[[-156.71403024681476, 21.145160456810913], [-156.71402534997972, 21.145160390657992], [-156.71402538560903, 21.14515806949348], [-156.71403028244399, 21.14515813564641], [-156.71403024681476, 21.145160456810913]]]}, "properties": {"item_id": "5878_5000_11309_1398", "cls": "eps_fragment", "cls_raw": "Styrofoam_Piece", "score": 0.21022680401802063, "area_m2": 0.13082139523031652, "weight_est_kg": 0.0784928371381899, "weight_lo_kg": 0.05232855809212661, "weight_hi_kg": 0.26164279046063305, "crew": "1인", "stop_id": "S087"}}, {"type": "Feature", "geometry": {"type": "Polygon", "coordinates": [[[-156.7140470059122, 21.1451637805789], [-156.71404081169842, 21.14516369689985], [-156.71404089831137, 21.14515805423149], [-156.7140470925249, 21.14515813791052], [-156.7140470059122, 21.1451637805789]]]}, "properties": {"item_id": "5878_5000_11309_1399", "cls": "eps_fragment", "cls_raw": "Styrofoam_Piece", "score": 0.19885681569576263, "area_m2": 0.402279663086009, "weight_est_kg": 0.2413677978516054, "weight_lo_kg": 0.1609118652344036, "weight_hi_kg": 0.804559326172018, "crew": "1인", "stop_id": "S087"}}, {"type": "Feature", "geometry": {"type": "Polygon", "coordinates": [[[-156.7140390100175, 21.145164812538685], [-156.7140348811682, 21.145164756760945], [-156.71403494120418, 21.145160845543174], [-156.71403907005336, 21.14516090132091], [-156.7140390100175, 21.145164812538685]]]}, "properties": {"item_id": "5878_5000_11309_1400", "cls": "eps_fragment", "cls_raw": "Styrofoam_Piece", "score": 0.1925930380821228, "area_m2": 0.185865332710776, "weight_est_kg": 0.11151919962646559, "weight_lo_kg": 0.0743461330843104, "weight_hi_kg": 0.371730665421552, "crew": "1인", "stop_id": "S087"}}, {"type": "Feature", "geometry": {"type": "Polygon", "coordinates": [[[-156.71408285719207, 21.14519380409823], [-156.71407938540727, 21.145193757197802], [-156.71407943408775, 21.145190585709532], [-156.7140829058725, 21.145190632609953], [-156.71408285719207, 21.14519380409823]]]}, "properties": {"item_id": "5878_5000_11309_1401", "cls": "eps_fragment", "cls_raw": "Styrofoam_Piece", "score": 0.1682160198688507, "area_m2": 0.12672816917898522, "weight_est_kg": 0.07603690150739113, "weight_lo_kg": 0.05069126767159409, "weight_hi_kg": 0.25345633835797043, "crew": "1인", "stop_id": "S087"}}, {"type": "Feature", "geometry": {"type": "Polygon", "coordinates": [[[-156.7140879974532, 21.145237590909133], [-156.71408180551228, 21.14523750726205], [-156.71408190006022, 21.145231347556514], [-156.71408809200088, 21.145231431203573], [-156.7140879974532, 21.145237590909133]]]}, "properties": {"item_id": "5878_5000_11309_1402", "cls": "eps_fragment", "cls_raw": "Styrofoam_Piece", "score": 0.15082553029060364, "area_m2": 0.43897913726818166, "weight_est_kg": 0.263387482360909, "weight_lo_kg": 0.17559165490727266, "weight_hi_kg": 0.8779582745363634, "crew": "1인", "stop_id": "S087"}}, {"type": "Feature", "geometry": {"type": "Polygon", "coordinates": [[[-156.71398126274076, 21.145238825592177], [-156.71397491364408, 21.14523873981805], [-156.7139750016236, 21.145233008306725], [-156.71398135072005, 21.14523309408083], [-156.71398126274076, 21.145238825592177]]]}, "properties": {"item_id": "5878_5000_11309_1403", "cls": "plastic_buoy", "cls_raw": "Plastic_Buoy", "score": 0.14877024292945862, "area_m2": 0.4188304829258285, "weight_est_kg": 7.538948692664912, "weight_lo_kg": 3.769474346332456, "weight_hi_kg": 10.051931590219885, "crew": "1인", "stop_id": "S087"}}, {"type": "Feature", "geometry": {"type": "Polygon", "coordinates": [[[-156.7140369164285, 21.14520500155393], [-156.7140295959846, 21.145204902659753], [-156.71402963025875, 21.145202669783174], [-156.71403695070254, 21.145202768677343], [-156.7140369164285, 21.14520500155393]]]}, "properties": {"item_id": "5878_5000_11309_1404", "cls": "pet_bottle", "cls_raw": "PET_Bottle", "score": 0.14149293303489685, "area_m2": 0.18813057649883988, "weight_est_kg": 0.37249854146770295, "weight_lo_kg": 0.3104154512230858, "weight_hi_kg": 0.6208309024461716, "crew": "1인", "stop_id": "S087"}}, {"type": "Feature", "geometry": {"type": "Polygon", "coordinates": [[[-156.71403682627857, 21.145183777497436], [-156.71403196649462, 21.145183711845174], [-156.71403205225843, 21.1451781245235], [-156.71403691204222, 21.14517819017574], [-156.71403682627857, 21.145183777497436]]]}, "properties": {"item_id": "5878_5000_11309_1405", "cls": "plastic_buoy", "cls_raw": "Plastic_Buoy", "score": 0.1229197308421135, "area_m2": 0.31252009712463213, "weight_est_kg": 5.625361748243378, "weight_lo_kg": 2.812680874121689, "weight_hi_kg": 7.500482330991172, "crew": "1인", "stop_id": "S087"}}, {"type": "Feature", "geometry": {"type": "Polygon", "coordinates": [[[-156.7140276386754, 21.145206072187925], [-156.7140211558572, 21.145205984609166], [-156.71402125005238, 21.14519984804212], [-156.71402773287025, 21.14519993562086], [-156.7140276386754, 21.145206072187925]]]}, "properties": {"item_id": "5878_5000_11309_1406", "cls": "plastic_other", "cls_raw": "Plastic_ETC", "score": 0.1089903712272644, "area_m2": 0.45787462598838596, "weight_est_kg": 1.0988991023721264, "weight_lo_kg": 0.7325994015814176, "weight_hi_kg": 3.6629970079070877, "crew": "1인", "stop_id": "S087"}}, {"type": "Feature", "geometry": {"type": "Polygon", "coordinates": [[[-156.7140009644149, 21.145200564063718], [-156.71399559652434, 21.145200491546095], [-156.7139956562616, 21.145196599862885], [-156.714001024152, 21.145196672380486], [-156.7140009644149, 21.145200564063718]]]}, "properties": {"item_id": "5878_5000_11309_1407", "cls": "net", "cls_raw": "Net", "score": 0.10746491700410843, "area_m2": 0.2404354047596882, "weight_est_kg": 4.327837285674388, "weight_lo_kg": 1.8032655356976617, "weight_hi_kg": 10.819593214185968, "crew": "1인", "stop_id": "S087"}}, {"type": "Feature", "geometry": {"type": "Polygon", "coordinates": [[[-156.71398250779873, 21.145230544568772], [-156.71397807621267, 21.145230484699635], [-156.71397814707453, 21.145225868327636], [-156.71398257866045, 21.145225928196762], [-156.71398250779873, 21.145230544568772]]]}, "properties": {"item_id": "5878_5000_11309_1408", "cls": "net", "cls_raw": "Net", "score": 0.10215827077627182, "area_m2": 0.23546003089774858, "weight_est_kg": 4.2382805561594745, "weight_lo_kg": 1.7659502317331146, "weight_hi_kg": 10.595701390398686, "crew": "1인", "stop_id": "S087"}}, {"type": "Feature", "geometry": {"type": "Polygon", "coordinates": [[[-156.71390827898531, 21.145836259477242], [-156.7139009498061, 21.14583616045709], [-156.71390107893538, 21.145827748738892], [-156.71390840811418, 21.145827847758994], [-156.71390827898531, 21.145836259477242]]]}, "properties": {"item_id": "5878_5623_7686_1416", "cls": "eps_buoy", "cls_raw": "Styrofoam_Buoy", "score": 0.358550101518631, "area_m2": 0.7095705461741755, "weight_est_kg": 6.208742279024035, "weight_lo_kg": 2.660889548153158, "weight_hi_kg": 7.095705461741756, "crew": "1인", "stop_id": "S088"}}, {"type": "Feature", "geometry": {"type": "Polygon", "coordinates": [[[-156.71392569870264, 21.14585710723203], [-156.7139211346554, 21.145857045570374], [-156.71392119893596, 21.14585285818215], [-156.71392576298314, 21.14585291984378], [-156.71392569870264, 21.14585710723203]]]}, "properties": {"item_id": "5878_5623_7686_1417", "cls": "eps_fragment", "cls_raw": "Styrofoam_Piece", "score": 0.2401195466518402, "area_m2": 0.2199625844002161, "weight_est_kg": 0.13197755064012964, "weight_lo_kg": 0.08798503376008643, "weight_hi_kg": 0.4399251688004322, "crew": "1인", "stop_id": "S088"}}, {"type": "Feature", "geometry": {"type": "Polygon", "coordinates": [[[-156.7139138632546, 21.145854131794863], [-156.71390974226924, 21.14585407611883], [-156.71390978396624, 21.145851359890838], [-156.71391390495154, 21.14585141556686], [-156.7139138632546, 21.145854131794863]]]}, "properties": {"item_id": "5878_5623_7686_1418", "cls": "net", "cls_raw": "Net", "score": 0.18594719469547272, "area_m2": 0.12883170717807912, "weight_est_kg": 2.3189707292054242, "weight_lo_kg": 0.9662378038355934, "weight_hi_kg": 5.79742682301356, "crew": "1인", "stop_id": "S088"}}, {"type": "Feature", "geometry": {"type": "Polygon", "coordinates": [[[-156.7139257138602, 21.14585706245697], [-156.71392121743227, 21.14585700170888], [-156.71392128056516, 21.14585288908598], [-156.71392577699294, 21.14585294983407], [-156.7139257138602, 21.14585706245697]]]}, "properties": {"item_id": "5878_5651_7296_1420", "cls": "eps_fragment", "cls_raw": "Styrofoam_Piece", "score": 0.38210633397102356, "area_m2": 0.21283447494510618, "weight_est_kg": 0.12770068496706372, "weight_lo_kg": 0.08513378997804247, "weight_hi_kg": 0.4256689498902124, "crew": "1인", "stop_id": "S088"}}, {"type": "Feature", "geometry": {"type": "Polygon", "coordinates": [[[-156.71391365448827, 21.145854334825614], [-156.71390954252504, 21.14585427927147], [-156.71390958930888, 21.14585123168004], [-156.713913701272, 21.14585128723417], [-156.71391365448827, 21.145854334825614]]]}, "properties": {"item_id": "5878_5651_7296_1421", "cls": "net", "cls_raw": "Net", "score": 0.3471910059452057, "area_m2": 0.14423193521800218, "weight_est_kg": 2.5961748339240387, "weight_lo_kg": 1.0817395141350163, "weight_hi_kg": 6.490437084810098, "crew": "1인", "stop_id": "S088"}}, {"type": "Feature", "geometry": {"type": "Polygon", "coordinates": [[[-156.71395652815212, 21.145954719621177], [-156.713948409351, 21.14595460993471], [-156.71394848203502, 21.145949875094743], [-156.71395660083593, 21.145949984781172], [-156.71395652815212, 21.145954719621177]]]}, "properties": {"item_id": "5878_5651_7296_1422", "cls": "plastic_other", "cls_raw": "Plastic_ETC", "score": 0.10821444541215897, "area_m2": 0.4424379427701555, "weight_est_kg": 1.0618510626483733, "weight_lo_kg": 0.7079007084322488, "weight_hi_kg": 3.539503542161244, "crew": "1인", "stop_id": "S088"}}, {"type": "Feature", "geometry": {"type": "Polygon", "coordinates": [[[-156.71347350184544, 21.146603779149338], [-156.71346286423656, 21.146603635399284], [-156.71346301612283, 21.146593743542823], [-156.713473653731, 21.14659388729281], [-156.71347350184544, 21.146603779149338]]]}, "properties": {"item_id": "5878_7643_3426_1427", "cls": "eps_buoy", "cls_raw": "Styrofoam_Buoy", "score": 0.4800778031349182, "area_m2": 1.2110872014167076, "weight_est_kg": 10.597013012396191, "weight_lo_kg": 4.541577005312654, "weight_hi_kg": 12.110872014167077, "crew": "1인", "stop_id": "S089"}}, {"type": "Feature", "geometry": {"type": "Polygon", "coordinates": [[[-156.71348592549072, 21.14658333445512], [-156.71347678053183, 21.146583210876614], [-156.71347690951308, 21.14657481068944], [-156.71348605447145, 21.146574934267882], [-156.71348592549072, 21.14658333445512]]]}, "properties": {"item_id": "5878_7643_3426_1428", "cls": "eps_buoy", "cls_raw": "Styrofoam_Buoy", "score": 0.33132657408714294, "area_m2": 0.8841467649938247, "weight_est_kg": 7.736284193695966, "weight_lo_kg": 3.3155503687268424, "weight_hi_kg": 8.841467649938247, "crew": "1인", "stop_id": "S089"}}, {"type": "Feature", "geometry": {"type": "Polygon", "coordinates": [[[-156.71345529475897, 21.146598157223657], [-156.7134498498493, 21.14659808364404], [-156.71344992059127, 21.146593476474123], [-156.71345536550078, 21.14659355005373], [-156.71345529475897, 21.146598157223657]]]}, "properties": {"item_id": "5878_7643_3426_1429", "cls": "eps_fragment", "cls_raw": "Styrofoam_Piece", "score": 0.32206812500953674, "area_m2": 0.28872110023503667, "weight_est_kg": 0.17323266014102198, "weight_lo_kg": 0.11548844009401467, "weight_hi_kg": 0.5774422004700733, "crew": "1인", "stop_id": "S089"}}, {"type": "Feature", "geometry": {"type": "Polygon", "coordinates": [[[-156.71346714510096, 21.146572338134995], [-156.7134633362211, 21.146572286664142], [-156.7134633902314, 21.146568769145713], [-156.71346719911114, 21.146568820616558], [-156.71346714510096, 21.146572338134995]]]}, "properties": {"item_id": "5878_7643_3426_1430", "cls": "plastic_buoy", "cls_raw": "Plastic_Buoy", "score": 0.30736836791038513, "area_m2": 0.15420105171206352, "weight_est_kg": 2.775618930817143, "weight_lo_kg": 1.3878094654085715, "weight_hi_kg": 3.700825241089525, "crew": "1인", "stop_id": "S089"}}, {"type": "Feature", "geometry": {"type": "Polygon", "coordinates": [[[-156.7134966791739, 21.14655264271173], [-156.71349143703063, 21.146552571873585], [-156.71349151367252, 21.146547580363077], [-156.71349675581558, 21.146547651201196], [-156.7134966791739, 21.14655264271173]]]}, "properties": {"item_id": "5878_7643_3426_1431", "cls": "eps_fragment", "cls_raw": "Styrofoam_Piece", "score": 0.20055340230464935, "area_m2": 0.3011581314325868, "weight_est_kg": 0.18069487885955207, "weight_lo_kg": 0.12046325257303472, "weight_hi_kg": 0.6023162628651736, "crew": "1인", "stop_id": "S089"}}, {"type": "Feature", "geometry": {"type": "Polygon", "coordinates": [[[-156.7135320323985, 21.1465013462926], [-156.71352721122756, 21.146501281144282], [-156.713527274791, 21.14649714132343], [-156.71353209596188, 21.14649720647172], [-156.7135320323985, 21.1465013462926]]]}, "properties": {"item_id": "5878_7777_3800_1434", "cls": "plastic_buoy", "cls_raw": "Plastic_Buoy", "score": 0.38241031765937805, "area_m2": 0.2297142441876641, "weight_est_kg": 4.134856395377954, "weight_lo_kg": 2.067428197688977, "weight_hi_kg": 5.513141860503938, "crew": "1인", "stop_id": "S089"}}, {"type": "Feature", "geometry": {"type": "Polygon", "coordinates": [[[-156.71346712342114, 21.14657227237849], [-156.71346324755604, 21.146572220002444], [-156.71346330128557, 21.14656872076758], [-156.7134671771506, 21.146568773143617], [-156.71346712342114, 21.14657227237849]]]}, "properties": {"item_id": "5878_7777_3800_1435", "cls": "plastic_buoy", "cls_raw": "Plastic_Buoy", "score": 0.31416887044906616, "area_m2": 0.15609731403890045, "weight_est_kg": 2.8097516527002084, "weight_lo_kg": 1.4048758263501042, "weight_hi_kg": 3.746335536933611, "crew": "1인", "stop_id": "S089"}}, {"type": "Feature", "geometry": {"type": "Polygon", "coordinates": [[[-156.713485865817, 21.146583254533404], [-156.7134767326293, 21.14658313111397], [-156.71347685862523, 21.146574925350436], [-156.7134859918125, 21.146575048769815], [-156.713485865817, 21.146583254533404]]]}, "properties": {"item_id": "5878_7777_3800_1436", "cls": "eps_buoy", "cls_raw": "Styrofoam_Buoy", "score": 0.2646893560886383, "area_m2": 0.8625713383351122, "weight_est_kg": 7.547499210432232, "weight_lo_kg": 3.234642518756671, "weight_hi_kg": 8.625713383351123, "crew": "1인", "stop_id": "S089"}}, {"type": "Feature", "geometry": {"type": "Polygon", "coordinates": [[[-156.71348381661846, 21.146533501926342], [-156.71347520685157, 21.146533385580174], [-156.71347533305092, 21.146525166553367], [-156.71348394281736, 21.146525282899486], [-156.71348381661846, 21.146533501926342]]]}, "properties": {"item_id": "5878_7777_3800_1437", "cls": "eps_buoy", "cls_raw": "Styrofoam_Buoy", "score": 0.26048076152801514, "area_m2": 0.8144521517337816, "weight_est_kg": 7.126456327670589, "weight_lo_kg": 3.054195569001681, "weight_hi_kg": 8.144521517337816, "crew": "1인", "stop_id": "S089"}}, {"type": "Feature", "geometry": {"type": "Polygon", "coordinates": [[[-156.71349667474715, 21.146552594684813], [-156.71349156391946, 21.14655252562117], [-156.7134916394703, 21.146547605167466], [-156.71349675029782, 21.146547674231087], [-156.71349667474715, 21.146552594684813]]]}, "properties": {"item_id": "5878_7777_3800_1438", "cls": "eps_fragment", "cls_raw": "Styrofoam_Piece", "score": 0.17297078669071198, "area_m2": 0.2894343747571625, "weight_est_kg": 0.1736606248542975, "weight_lo_kg": 0.115773749902865, "weight_hi_kg": 0.578868749514325, "crew": "1인", "stop_id": "S089"}}, {"type": "Feature", "geometry": {"type": "Polygon", "coordinates": [[[-156.71349187090286, 21.146491784318613], [-156.71348768029608, 21.14649172769013], [-156.71348774092505, 21.146487779058756], [-156.71349193153168, 21.146487835687232], [-156.71349187090286, 21.146491784318613]]]}, "properties": {"item_id": "5878_7777_3800_1439", "cls": "plastic_buoy", "cls_raw": "Plastic_Buoy", "score": 0.16534659266471863, "area_m2": 0.19044843134883452, "weight_est_kg": 3.428071764279021, "weight_lo_kg": 1.7140358821395105, "weight_hi_kg": 4.570762352372029, "crew": "1인", "stop_id": "S089"}}, {"type": "Feature", "geometry": {"type": "Polygon", "coordinates": [[[-156.71346406014246, 21.146580872969253], [-156.71345911086803, 21.146580806087698], [-156.71345920466732, 21.146574697251104], [-156.71346415394152, 21.146574764132637], [-156.71346406014246, 21.146580872969253]]]}, "properties": {"item_id": "5878_7777_3800_1440", "cls": "plastic_other", "cls_raw": "Plastic_ETC", "score": 0.1482936441898346, "area_m2": 0.3479795348112158, "weight_est_kg": 0.8351508835469179, "weight_lo_kg": 0.5567672556979453, "weight_hi_kg": 2.7838362784897264, "crew": "1인", "stop_id": "S089"}}, {"type": "Feature", "geometry": {"type": "Polygon", "coordinates": [[[-156.71892833651347, 21.13673801739672], [-156.7189225491672, 21.136737939406444], [-156.7189226261467, 21.136732911392052], [-156.7189284134928, 21.136732989382306], [-156.71892833651347, 21.13673801739672]]]}, "properties": {"item_id": "6506_9212_13221_1442", "cls": "plastic_buoy", "cls_raw": "Plastic_Buoy_China", "score": 0.21035587787628174, "area_m2": 0.3349303468585275, "weight_est_kg": 6.028746243453495, "weight_lo_kg": 3.0143731217267473, "weight_hi_kg": 8.038328324604661, "crew": "1인", "stop_id": "S090"}}, {"type": "Feature", "geometry": {"type": "Polygon", "coordinates": [[[-156.71892569530092, 21.136803670999296], [-156.71892156604656, 21.136803615353283], [-156.7189216154961, 21.136800385506557], [-156.71892574475038, 21.136800441152573], [-156.71892569530092, 21.136803670999296]]]}, "properties": {"item_id": "6506_9212_13221_1443", "cls": "plastic_buoy", "cls_raw": "Plastic_Buoy", "score": 0.17494551837444305, "area_m2": 0.15350830722154382, "weight_est_kg": 2.7631495299877886, "weight_lo_kg": 1.3815747649938943, "weight_hi_kg": 3.684199373317052, "crew": "1인", "stop_id": "S090"}}, {"type": "Feature", "geometry": {"type": "Polygon", "coordinates": [[[-156.71895860791201, 21.136740776835275], [-156.71895318254775, 21.136740703724037], [-156.71895326312628, 21.13673544056794], [-156.7189586884903, 21.136735513679152], [-156.71895860791201, 21.136740776835275]]]}, "properties": {"item_id": "6506_9212_13221_1444", "cls": "plastic_buoy", "cls_raw": "Plastic_Buoy_China", "score": 0.1379694789648056, "area_m2": 0.32866514084639725, "weight_est_kg": 5.91597253523515, "weight_lo_kg": 2.957986267617575, "weight_hi_kg": 7.8879633803135345, "crew": "1인", "stop_id": "S090"}}, {"type": "Feature", "geometry": {"type": "Polygon", "coordinates": [[[-156.71892069549713, 21.13678002688418], [-156.71890925641998, 21.136779872730216], [-156.71890938768638, 21.136771298966554], [-156.7189208267629, 21.136771453120435], [-156.71892069549713, 21.13678002688418]]]}, "properties": {"item_id": "6506_9212_13221_1445", "cls": "eps_buoy", "cls_raw": "Styrofoam_Buoy", "score": 0.12333695590496063, "area_m2": 1.1288621294439718, "weight_est_kg": 9.877543632634753, "weight_lo_kg": 4.233232985414894, "weight_hi_kg": 11.288621294439718, "crew": "1인", "stop_id": "S090"}}, {"type": "Feature", "geometry": {"type": "Polygon", "coordinates": [[[-156.71890792677564, 21.136735210632217], [-156.71890386211967, 21.13673515585645], [-156.71890392019876, 21.13673136237964], [-156.7189079848546, 21.136731417155403], [-156.71890792677564, 21.136735210632217]]]}, "properties": {"item_id": "6506_9212_13221_1446", "cls": "net", "cls_raw": "Net", "score": 0.101617731153965, "area_m2": 0.17747605404855202, "weight_est_kg": 3.194568972873936, "weight_lo_kg": 1.33107040536414, "weight_hi_kg": 7.986422432184841, "crew": "1인", "stop_id": "S090"}}, {"type": "Feature", "geometry": {"type": "Polygon", "coordinates": [[[-156.71839608166005, 21.138446436562493], [-156.71838608442502, 21.138446301799327], [-156.71838624252558, 21.138435978608207], [-156.71839623975995, 21.138436113371288], [-156.71839608166005, 21.138446436562493]]]}, "properties": {"item_id": "6507_-187_3956_1452", "cls": "eps_buoy", "cls_raw": "Styrofoam_Buoy", "score": 0.49300381541252136, "area_m2": 1.187867018223104, "weight_est_kg": 10.39383640945216, "weight_lo_kg": 4.454501318336639, "weight_hi_kg": 11.878670182231039, "crew": "1인", "stop_id": "S091"}}, {"type": "Feature", "geometry": {"type": "Polygon", "coordinates": [[[-156.71841766213763, 21.138421057945973], [-156.71841271820352, 21.138420991302304], [-156.7184127900175, 21.138416302138662], [-156.7184177339515, 21.138416368782316], [-156.71841766213763, 21.138421057945973]]]}, "properties": {"item_id": "6507_-187_3956_1453", "cls": "plastic_buoy", "cls_raw": "Plastic_Buoy", "score": 0.458395391702652, "area_m2": 0.2668345573545165, "weight_est_kg": 4.803022032381296, "weight_lo_kg": 2.401511016190648, "weight_hi_kg": 6.404029376508396, "crew": "1인", "stop_id": "S091"}}, {"type": "Feature", "geometry": {"type": "Polygon", "coordinates": [[[-156.71833884620722, 21.13848319661099], [-156.71833334227617, 21.138483122415874], [-156.71833340270047, 21.13847917710671], [-156.71833890663137, 21.138479251301817], [-156.71833884620722, 21.13848319661099]]]}, "properties": {"item_id": "6507_-187_3956_1454", "cls": "net", "cls_raw": "Net", "score": 0.22317977249622345, "area_m2": 0.24993547791248807, "weight_est_kg": 4.498838602424785, "weight_lo_kg": 1.8745160843436606, "weight_hi_kg": 11.247096506061963, "crew": "1인", "stop_id": "S091"}}, {"type": "Feature", "geometry": {"type": "Polygon", "coordinates": [[[-156.71840853579542, 21.138447206793177], [-156.7184027981455, 21.138447129449904], [-156.71840288080097, 21.13844173241525], [-156.71840861845067, 21.138441809758497], [-156.71840853579542, 21.138447206793177]]]}, "properties": {"item_id": "6507_-187_3956_1455", "cls": "eps_fragment", "cls_raw": "Styrofoam_Piece", "score": 0.20766377449035645, "area_m2": 0.35642092633256234, "weight_est_kg": 0.2138525557995374, "weight_lo_kg": 0.14256837053302493, "weight_hi_kg": 0.7128418526651247, "crew": "1인", "stop_id": "S091"}}, {"type": "Feature", "geometry": {"type": "Polygon", "coordinates": [[[-156.7183600568413, 21.13843813352676], [-156.71835504659458, 21.138438065987454], [-156.71835508001593, 21.138435883765307], [-156.7183600902626, 21.13843595130461], [-156.7183600568413, 21.13843813352676]]]}, "properties": {"item_id": "6507_-187_3956_1456", "cls": "pet_bottle", "cls_raw": "PET_Bottle", "score": 0.14761163294315338, "area_m2": 0.12584387075904158, "weight_est_kg": 0.24917086410290232, "weight_lo_kg": 0.2076423867524186, "weight_hi_kg": 0.4152847735048372, "crew": "1인", "stop_id": "S091"}}, {"type": "Feature", "geometry": {"type": "Polygon", "coordinates": [[[-156.71841579460124, 21.13839703970797], [-156.71841204774205, 21.13839698920075], [-156.71841215705257, 21.138389851660627], [-156.71841590391162, 21.13838990216782], [-156.71841579460124, 21.13839703970797]]]}, "properties": {"item_id": "6507_-187_3956_1457", "cls": "eps_fragment", "cls_raw": "Styrofoam_Piece", "score": 0.11946912854909897, "area_m2": 0.3078151704639961, "weight_est_kg": 0.18468910227839766, "weight_lo_kg": 0.12312606818559843, "weight_hi_kg": 0.6156303409279922, "crew": "1인", "stop_id": "S091"}}, {"type": "Feature", "geometry": {"type": "Polygon", "coordinates": [[[-156.71839947032794, 21.13844629892117], [-156.7183953580511, 21.13844624348766], [-156.71839543557408, 21.13844118159796], [-156.71839954785077, 21.138441237031454], [-156.71839947032794, 21.13844629892117]]]}, "properties": {"item_id": "6507_-187_3956_1458", "cls": "net", "cls_raw": "Net", "score": 0.10349854826927185, "area_m2": 0.2395901566744446, "weight_est_kg": 4.312622820140003, "weight_lo_kg": 1.7969261750583345, "weight_hi_kg": 10.781557050350008, "crew": "1인", "stop_id": "S091"}}, {"type": "Feature", "geometry": {"type": "Polygon", "coordinates": [[[-156.71839240425393, 21.138446386627205], [-156.71838605088826, 21.138446300983492], [-156.7183862127099, 21.13843573482607], [-156.7183925660751, 21.138435820469745], [-156.71839240425393, 21.138446386627205]]]}, "properties": {"item_id": "6507_127_3840_1465", "cls": "eps_buoy", "cls_raw": "Styrofoam_Buoy", "score": 0.5257818698883057, "area_m2": 0.772671481322689, "weight_est_kg": 6.760875461573529, "weight_lo_kg": 2.897518054960084, "weight_hi_kg": 7.7267148132268915, "crew": "1인", "stop_id": "S091"}}, {"type": "Feature", "geometry": {"type": "Polygon", "coordinates": [[[-156.71833879769324, 21.138483102268466], [-156.71833353138214, 21.13848303127656], [-156.71833358936456, 21.138479245406447], [-156.71833885567548, 21.138479316398342], [-156.71833879769324, 21.138483102268466]]]}, "properties": {"item_id": "6507_127_3840_1466", "cls": "net", "cls_raw": "Net", "score": 0.1351260393857956, "area_m2": 0.22948066524272898, "weight_est_kg": 4.130651974369122, "weight_lo_kg": 1.7211049893204675, "weight_hi_kg": 10.326629935922803, "crew": "1인", "stop_id": "S091"}}, {"type": "Feature", "geometry": {"type": "Polygon", "coordinates": [[[-156.7183585474151, 21.138408770408752], [-156.71834530658, 21.138408591918925], [-156.7183453775345, 21.138403959017083], [-156.71835861836914, 21.138404137506864], [-156.7183585474151, 21.138408770408752]]]}, "properties": {"item_id": "6507_127_3840_1467", "cls": "eps_buoy", "cls_raw": "Styrofoam_Buoy", "score": 0.11859457939863205, "area_m2": 0.7060615494849052, "weight_est_kg": 6.17803855799292, "weight_lo_kg": 2.6477308105683943, "weight_hi_kg": 7.060615494849053, "crew": "1인", "stop_id": "S091"}}, {"type": "Feature", "geometry": {"type": "Polygon", "coordinates": [[[-156.71834188106823, 21.138411411100613], [-156.71831689011387, 21.138411074212822], [-156.71831700494457, 21.138403576543944], [-156.71834199589773, 21.138403913431603], [-156.71834188106823, 21.138411411100613]]]}, "properties": {"item_id": "6507_127_3840_1468", "cls": "plastic_other", "cls_raw": "Plastic_ETC", "score": 0.11661185324192047, "area_m2": 2.156667496242165, "weight_est_kg": 5.176001990981195, "weight_lo_kg": 3.4506679939874636, "weight_hi_kg": 17.253339969937322, "crew": "1인", "stop_id": "S091"}}, {"type": "Feature", "geometry": {"type": "Polygon", "coordinates": [[[-157.23744364609604, 21.217613555328448], [-157.23743886786434, 21.217613505430744], [-157.23743891278687, 21.21760972315764], [-157.23744369101848, 21.217609773055322], [-157.23744364609604, 21.217613555328448]]]}, "properties": {"item_id": "656_13945_5167_1479", "cls": "plastic_buoy", "cls_raw": "Plastic_Buoy_China", "score": 0.3123188018798828, "area_m2": 0.2077723410934145, "weight_est_kg": 3.739902139681461, "weight_lo_kg": 1.8699510698407305, "weight_hi_kg": 4.986536186241948, "crew": "1인", "stop_id": "S092"}}, {"type": "Feature", "geometry": {"type": "Polygon", "coordinates": [[[-157.23742870875975, 21.21761290787999], [-157.23742407140182, 21.21761285945299], [-157.23742411873596, 21.21760887416707], [-157.2374287560938, 21.217608922594057], [-157.23742870875975, 21.21761290787999]]]}, "properties": {"item_id": "656_13945_5167_1480", "cls": "plastic_buoy", "cls_raw": "Plastic_Buoy_China", "score": 0.25467365980148315, "area_m2": 0.2124700662270122, "weight_est_kg": 3.8244611920862193, "weight_lo_kg": 1.9122305960431096, "weight_hi_kg": 5.099281589448293, "crew": "1인", "stop_id": "S092"}}, {"type": "Feature", "geometry": {"type": "Polygon", "coordinates": [[[-157.2374486291081, 21.217587530570462], [-157.23744461640618, 21.217587488667146], [-157.23744466081206, 21.21758374987945], [-157.23744867351385, 21.217583791782754], [-157.2374486291081, 21.217587530570462]]]}, "properties": {"item_id": "656_13945_5167_1481", "cls": "net", "cls_raw": "Net", "score": 0.24924589693546295, "area_m2": 0.172478678822512, "weight_est_kg": 3.1046162188052158, "weight_lo_kg": 1.29359009116884, "weight_hi_kg": 7.76154054701304, "crew": "1인", "stop_id": "S092"}}, {"type": "Feature", "geometry": {"type": "Polygon", "coordinates": [[[-157.23739529257503, 21.217531947747815], [-157.23739152550417, 21.217531908408436], [-157.23739157846612, 21.21752744935794], [-157.23739534553684, 21.21752748869731], [-157.23739529257503, 21.217531947747815]]]}, "properties": {"item_id": "656_13945_5167_1482", "cls": "pet_bottle", "cls_raw": "PET_Bottle", "score": 0.2462277114391327, "area_m2": 0.19311413972377175, "weight_est_kg": 0.3823659966530681, "weight_lo_kg": 0.3186383305442234, "weight_hi_kg": 0.6372766610884468, "crew": "1인", "stop_id": "S092"}}, {"type": "Feature", "geometry": {"type": "Polygon", "coordinates": [[[-157.23747550477506, 21.217630828970105], [-157.23746964196062, 21.21763076774748], [-157.23746971107965, 21.21762494814698], [-157.23747557389382, 21.21762500936959], [-157.23747550477506, 21.217630828970105]]]}, "properties": {"item_id": "656_13945_5167_1483", "cls": "plastic_buoy", "cls_raw": "Plastic_Buoy_China", "score": 0.1837148666381836, "area_m2": 0.3922535607777414, "weight_est_kg": 7.060564093999345, "weight_lo_kg": 3.5302820469996723, "weight_hi_kg": 9.414085458665793, "crew": "1인", "stop_id": "S092"}}, {"type": "Feature", "geometry": {"type": "Polygon", "coordinates": [[[-157.23747306740032, 21.21756907851944], [-157.23746882435356, 21.21756903421135], [-157.23746886857901, 21.217565310559973], [-157.23747311162566, 21.217565354868057], [-157.23747306740032, 21.21756907851944]]]}, "properties": {"item_id": "656_13945_5167_1484", "cls": "net", "cls_raw": "Net", "score": 0.16726867854595184, "area_m2": 0.18164129281639488, "weight_est_kg": 3.2695432706951078, "weight_lo_kg": 1.3623096961229615, "weight_hi_kg": 8.17385817673777, "crew": "1인", "stop_id": "S092"}}, {"type": "Feature", "geometry": {"type": "Polygon", "coordinates": [[[-157.23750032349068, 21.217589123573898], [-157.23749531798433, 21.217589071304577], [-157.23749537420238, 21.217584337847512], [-157.23750037970854, 21.21758439011683], [-157.23750032349068, 21.217589123573898]]]}, "properties": {"item_id": "656_13945_5167_1485", "cls": "plastic_buoy", "cls_raw": "Plastic_Buoy_China", "score": 0.15949195623397827, "area_m2": 0.27239186990912156, "weight_est_kg": 4.903053658364188, "weight_lo_kg": 2.451526829182094, "weight_hi_kg": 6.5374048778189175, "crew": "1인", "stop_id": "S092"}}, {"type": "Feature", "geometry": {"type": "Polygon", "coordinates": [[[-157.23747997457403, 21.21762954826629], [-157.23747460656958, 21.217629492210893], [-157.23747465477163, 21.21762543373993], [-157.23748002277594, 21.21762548979532], [-157.23747997457403, 21.21762954826629]]]}, "properties": {"item_id": "656_13945_5167_1486", "cls": "net", "cls_raw": "Net", "score": 0.15021595358848572, "area_m2": 0.25046260260044745, "weight_est_kg": 4.508326846808053, "weight_lo_kg": 1.878469519503356, "weight_hi_kg": 11.270817117020135, "crew": "1인", "stop_id": "S092"}}, {"type": "Feature", "geometry": {"type": "Polygon", "coordinates": [[[-157.23743301625058, 21.217586178222277], [-157.23742910183816, 21.21758613734501], [-157.23742914581936, 21.217582434342273], [-157.2374330602317, 21.217582475219526], [-157.23743301625058, 21.217586178222277]]]}, "properties": {"item_id": "656_13945_5167_1487", "cls": "net", "cls_raw": "Net", "score": 0.1171412393450737, "area_m2": 0.16664348298310713, "weight_est_kg": 2.9995826936959284, "weight_lo_kg": 1.2498261223733036, "weight_hi_kg": 7.498956734239821, "crew": "1인", "stop_id": "S092"}}, {"type": "Feature", "geometry": {"type": "Polygon", "coordinates": [[[-157.23744616262172, 21.217579930420516], [-157.2374405957594, 21.217579872287526], [-157.23744064738102, 21.217575525971633], [-157.2374462142432, 21.217575584104612], [-157.23744616262172, 21.217579930420516]]]}, "properties": {"item_id": "656_13945_5167_1488", "cls": "pet_bottle", "cls_raw": "PET_Bottle", "score": 0.10657458007335663, "area_m2": 0.27816309224366276, "weight_est_kg": 0.5507629226424522, "weight_lo_kg": 0.45896910220204357, "weight_hi_kg": 0.9179382044040871, "crew": "1인", "stop_id": "S092"}}, {"type": "Feature", "geometry": {"type": "Polygon", "coordinates": [[[-157.2347099225817, 21.217388398813963], [-157.23470446168957, 21.21738834169942], [-157.23470450479255, 21.217384718209328], [-157.23470996568457, 21.217384775323854], [-157.2347099225817, 21.217388398813963]]]}, "properties": {"item_id": "657_13079_5960_1499", "cls": "net", "cls_raw": "Net", "score": 0.526232898235321, "area_m2": 0.22748891907041957, "weight_est_kg": 4.094800543267552, "weight_lo_kg": 1.7061668930281468, "weight_hi_kg": 10.23700135816888, "crew": "1인", "stop_id": "S093"}}, {"type": "Feature", "geometry": {"type": "Polygon", "coordinates": [[[-157.23471352770883, 21.21738865831175], [-157.23470934818528, 21.217388614598935], [-157.2347094008681, 21.217384185761418], [-157.23471358039149, 21.21738422947422], [-157.23471352770883, 21.21738865831175]]]}, "properties": {"item_id": "657_13079_5960_1500", "cls": "plastic_buoy", "cls_raw": "Plastic_Buoy", "score": 0.45810580253601074, "area_m2": 0.2128070885837607, "weight_est_kg": 3.8305275945076924, "weight_lo_kg": 1.9152637972538462, "weight_hi_kg": 5.107370126010258, "crew": "1인", "stop_id": "S093"}}, {"type": "Feature", "geometry": {"type": "Polygon", "coordinates": [[[-157.23469943647132, 21.217366236622695], [-157.23469452497642, 21.217366185253947], [-157.23469457709461, 21.21736180390915], [-157.2346994885894, 21.217361855277883], [-157.23469943647132, 21.217366236622695]]]}, "properties": {"item_id": "657_13079_5960_1501", "cls": "plastic_buoy", "cls_raw": "Plastic_Buoy", "score": 0.3390020430088043, "area_m2": 0.24739491440063902, "weight_est_kg": 4.453108459211502, "weight_lo_kg": 2.226554229605751, "weight_hi_kg": 5.937477945615337, "crew": "1인", "stop_id": "S093"}}, {"type": "Feature", "geometry": {"type": "Polygon", "coordinates": [[[-157.23467434312403, 21.217415894889285], [-157.23466349806466, 21.21741578146007], [-157.2346636715104, 21.21740120094823], [-157.2346745165687, 21.21740131437736], [-157.23467434312403, 21.217415894889285]]]}, "properties": {"item_id": "657_13079_5960_1502", "cls": "eps_buoy", "cls_raw": "Styrofoam_Buoy", "score": 0.2838432192802429, "area_m2": 1.817917677480434, "weight_est_kg": 15.906779677953796, "weight_lo_kg": 6.817191290551627, "weight_hi_kg": 18.17917677480434, "crew": "1인", "stop_id": "S093"}}, {"type": "Feature", "geometry": {"type": "Polygon", "coordinates": [[[-157.2346990199129, 21.217363130820775], [-157.23469332215194, 21.217363071228547], [-157.23469338528983, 21.217357763511526], [-157.23469908305063, 21.21735782310374], [-157.2346990199129, 21.217363130820775]]]}, "properties": {"item_id": "657_13079_5960_1503", "cls": "pet_bottle", "cls_raw": "PET_Bottle", "score": 0.28097015619277954, "area_m2": 0.34768154106148774, "weight_est_kg": 0.6884094513017457, "weight_lo_kg": 0.5736745427514548, "weight_hi_kg": 1.1473490855029096, "crew": "1인", "stop_id": "S093"}}, {"type": "Feature", "geometry": {"type": "Polygon", "coordinates": [[[-157.23467616968907, 21.21738677102888], [-157.23467226379987, 21.21738673017709], [-157.23467230814728, 21.217383002143578], [-157.2346762140363, 21.217383042995372], [-157.23467616968907, 21.21738677102888]]]}, "properties": {"item_id": "657_13079_5960_1504", "cls": "plastic_buoy", "cls_raw": "Plastic_Buoy", "score": 0.2709674835205078, "area_m2": 0.1674053425193249, "weight_est_kg": 3.0132961653478483, "weight_lo_kg": 1.5066480826739241, "weight_hi_kg": 4.017728220463797, "crew": "1인", "stop_id": "S093"}}, {"type": "Feature", "geometry": {"type": "Polygon", "coordinates": [[[-157.23471921833766, 21.21737541183463], [-157.23471436780287, 21.217375361104008], [-157.23471441683117, 21.21737123946972], [-157.23471926736585, 21.21737129020032], [-157.23471921833766, 21.21737541183463]]]}, "properties": {"item_id": "657_13079_5960_1505", "cls": "net", "cls_raw": "Net", "score": 0.27005496621131897, "area_m2": 0.2298416252196406, "weight_est_kg": 4.137149253953531, "weight_lo_kg": 1.7238121891473046, "weight_hi_kg": 10.342873134883826, "crew": "1인", "stop_id": "S093"}}, {"type": "Feature", "geometry": {"type": "Polygon", "coordinates": [[[-157.2346841812138, 21.217404155742532], [-157.23467982810837, 21.217404110213472], [-157.23467987798426, 21.21739991741739], [-157.23468423108955, 21.217399962946445], [-157.2346841812138, 21.217404155742532]]]}, "properties": {"item_id": "657_13079_5960_1506", "cls": "eps_fragment", "cls_raw": "Styrofoam_Piece", "score": 0.26685068011283875, "area_m2": 0.20983235842292752, "weight_est_kg": 0.1258994150537565, "weight_lo_kg": 0.08393294336917101, "weight_hi_kg": 0.41966471684585505, "crew": "1인", "stop_id": "S093"}}, {"type": "Feature", "geometry": {"type": "Polygon", "coordinates": [[[-157.23470519499364, 21.217388370830413], [-157.2347011098795, 21.217388328104793], [-157.23470115058086, 21.2173849065138], [-157.23470523569495, 21.217384949239403], [-157.23470519499364, 21.217388370830413]]]}, "properties": {"item_id": "657_13079_5960_1507", "cls": "net", "cls_raw": "Net", "score": 0.18825459480285645, "area_m2": 0.16069481563572108, "weight_est_kg": 2.8925066814429794, "weight_lo_kg": 1.205211117267908, "weight_hi_kg": 7.2312667036074485, "crew": "1인", "stop_id": "S093"}}, {"type": "Feature", "geometry": {"type": "Polygon", "coordinates": [[[-157.23471940851763, 21.217367461048354], [-157.2347155162553, 21.217367420340114], [-157.2347155578328, 21.21736392506263], [-157.23471945009504, 21.217363965770865], [-157.23471940851763, 21.217367461048354]]]}, "properties": {"item_id": "657_13079_5960_1508", "cls": "plastic_buoy", "cls_raw": "Plastic_Buoy", "score": 0.15467514097690582, "area_m2": 0.15640599126223637, "weight_est_kg": 2.8153078427202547, "weight_lo_kg": 1.4076539213601273, "weight_hi_kg": 3.7537437902936728, "crew": "1인", "stop_id": "S093"}}, {"type": "Feature", "geometry": {"type": "Polygon", "coordinates": [[[-157.23470349046212, 21.21747106901101], [-157.23469820701663, 21.21747101375198], [-157.2346982339537, 21.217468749282233], [-157.23470351739908, 21.217468804541255], [-157.23470349046212, 21.21747106901101]]]}, "properties": {"item_id": "657_13079_5960_1509", "cls": "plastic_buoy", "cls_raw": "Plastic_Buoy_China", "score": 0.1203930452466011, "area_m2": 0.13754762317914207, "weight_est_kg": 2.475857217224557, "weight_lo_kg": 1.2379286086122785, "weight_hi_kg": 3.30114295629941, "crew": "1인", "stop_id": "S093"}}, {"type": "Feature", "geometry": {"type": "Polygon", "coordinates": [[[-157.23233502247533, 21.217779965907024], [-157.23232972056698, 21.217779910379782], [-157.23232978705906, 21.21777432829181], [-157.2323350889672, 21.21777438381903], [-157.23233502247533, 21.217779965907024]]]}, "properties": {"item_id": "658_10252_3904_1519", "cls": "plastic_buoy", "cls_raw": "Plastic_Buoy", "score": 0.6280966997146606, "area_m2": 0.34025025018015015, "weight_est_kg": 6.124504503242703, "weight_lo_kg": 3.0622522516213513, "weight_hi_kg": 8.166006004323604, "crew": "1인", "stop_id": "S094"}}, {"type": "Feature", "geometry": {"type": "Polygon", "coordinates": [[[-157.2324002294671, 21.21781009171837], [-157.23239553463512, 21.217810042550855], [-157.23239558223904, 21.217806046004902], [-157.23240027707087, 21.217806095172406], [-157.2324002294671, 21.21781009171837]]]}, "properties": {"item_id": "658_10252_3904_1520", "cls": "plastic_buoy", "cls_raw": "Plastic_Buoy_China", "score": 0.3348332345485687, "area_m2": 0.21571199983829403, "weight_est_kg": 3.8828159970892924, "weight_lo_kg": 1.9414079985446462, "weight_hi_kg": 5.177087996119058, "crew": "1인", "stop_id": "S094"}}, {"type": "Feature", "geometry": {"type": "Polygon", "coordinates": [[[-157.2323775000919, 21.21776271511547], [-157.23237291978734, 21.21776266714683], [-157.23237296997877, 21.21775845341001], [-157.2323775502832, 21.217758501378636], [-157.2323775000919, 21.21776271511547]]]}, "properties": {"item_id": "658_10252_3904_1521", "cls": "plastic_other", "cls_raw": "Plastic_ETC", "score": 0.2704769968986511, "area_m2": 0.22188674195712357, "weight_est_kg": 0.5325281806970965, "weight_lo_kg": 0.3550187871313977, "weight_hi_kg": 1.7750939356569886, "crew": "1인", "stop_id": "S094"}}, {"type": "Feature", "geometry": {"type": "Polygon", "coordinates": [[[-157.23237406661542, 21.21777639636817], [-157.23237052118156, 21.21777635923746], [-157.23237057656107, 21.21777170995304], [-157.2323741219948, 21.21777174708374], [-157.23237406661542, 21.21777639636817]]]}, "properties": {"item_id": "658_10252_3904_1522", "cls": "pet_bottle", "cls_raw": "PET_Bottle", "score": 0.26461344957351685, "area_m2": 0.18950691099022565, "weight_est_kg": 0.37522368376064674, "weight_lo_kg": 0.31268640313387236, "weight_hi_kg": 0.6253728062677447, "crew": "1인", "stop_id": "S094"}}, {"type": "Feature", "geometry": {"type": "Polygon", "coordinates": [[[-157.23239747158033, 21.21774009461355], [-157.2323941043319, 21.217740059349456], [-157.23239414214535, 21.21773688474002], [-157.23239750939373, 21.217736920004107], [-157.23239747158033, 21.21774009461355]]]}, "properties": {"item_id": "658_10252_3904_1523", "cls": "plastic_buoy", "cls_raw": "Plastic_Buoy", "score": 0.22346310317516327, "area_m2": 0.12289525262641979, "weight_est_kg": 2.212114547275556, "weight_lo_kg": 1.106057273637778, "weight_hi_kg": 2.949486063034075, "crew": "1인", "stop_id": "S094"}}, {"type": "Feature", "geometry": {"type": "Polygon", "coordinates": [[[-157.23238025171568, 21.217755820901477], [-157.23237600374907, 21.21775577641344], [-157.2323760380158, 21.217752899603166], [-157.23238028598232, 21.217752944091195], [-157.23238025171568, 21.217755820901477]]]}, "properties": {"item_id": "658_10252_3904_1524", "cls": "pet_bottle", "cls_raw": "PET_Bottle", "score": 0.2006378173828125, "area_m2": 0.14049534212354337, "weight_est_kg": 0.27818077740461583, "weight_lo_kg": 0.23181731450384657, "weight_hi_kg": 0.46363462900769314, "crew": "1인", "stop_id": "S094"}}, {"type": "Feature", "geometry": {"type": "Polygon", "coordinates": [[[-157.23240000265795, 21.21780059387971], [-157.2323952754943, 21.217800544373603], [-157.232395315978, 21.217797145596293], [-157.23240004314158, 21.21779719510239], [-157.23240000265795, 21.21780059387971]]]}, "properties": {"item_id": "658_10252_3904_1525", "cls": "pet_bottle", "cls_raw": "PET_Bottle", "score": 0.1908005028963089, "area_m2": 0.18471102510546267, "weight_est_kg": 0.36572782970881607, "weight_lo_kg": 0.30477319142401343, "weight_hi_kg": 0.6095463828480269, "crew": "1인", "stop_id": "S094"}}, {"type": "Feature", "geometry": {"type": "Polygon", "coordinates": [[[-157.23239027623313, 21.21775758800457], [-157.23238740946607, 21.21775755798172], [-157.23238744088098, 21.217754920574887], [-157.232390307648, 21.217754950597733], [-157.23239027623313, 21.21775758800457]]]}, "properties": {"item_id": "658_10252_3904_1526", "cls": "plastic_buoy", "cls_raw": "Plastic_Buoy", "score": 0.1256416141986847, "area_m2": 0.08692388473155274, "weight_est_kg": 1.5646299251679494, "weight_lo_kg": 0.7823149625839747, "weight_hi_kg": 2.0861732335572656, "crew": "1인", "stop_id": "S094"}}, {"type": "Feature", "geometry": {"type": "Polygon", "coordinates": [[[-157.2286188015095, 21.217155671411614], [-157.22860991147965, 21.21715557811201], [-157.2286100034694, 21.21714787144358], [-157.22861889349875, 21.217147964743155], [-157.2286188015095, 21.217155671411614]]]}, "properties": {"item_id": "660_-38_6770_1528", "cls": "plastic_other", "cls_raw": "Plastic_ETC", "score": 0.11695072799921036, "area_m2": 0.7876676274480392, "weight_est_kg": 1.890402305875294, "weight_lo_kg": 1.260268203916863, "weight_hi_kg": 6.3013410195843145, "crew": "1인", "stop_id": "S095"}}, {"type": "Feature", "geometry": {"type": "Polygon", "coordinates": [[[-157.2259159641826, 21.216964676073164], [-157.2259124806811, 21.21696463945881], [-157.22591251699475, 21.21696160179247], [-157.22591600049617, 21.216961638406815], [-157.2259159641826, 21.216964676073164]]]}, "properties": {"item_id": "660_13942_7636_1535", "cls": "plastic_buoy", "cls_raw": "Plastic_Buoy", "score": 0.3498615324497223, "area_m2": 0.1216552896023099, "weight_est_kg": 2.189795212841578, "weight_lo_kg": 1.094897606420789, "weight_hi_kg": 2.9197269504554377, "crew": "1인", "stop_id": "S096"}}, {"type": "Feature", "geometry": {"type": "Polygon", "coordinates": [[[-157.22583517973365, 21.216998749728564], [-157.2258326176974, 21.216998722798287], [-157.225832673739, 21.21699403508836], [-157.2258352357752, 21.21699406201863], [-157.22583517973365, 21.216998749728564]]]}, "properties": {"item_id": "660_13942_7636_1536", "cls": "plastic_buoy", "cls_raw": "Plastic_Buoy", "score": 0.28110021352767944, "area_m2": 0.13807685030702208, "weight_est_kg": 2.485383305526397, "weight_lo_kg": 1.2426916527631986, "weight_hi_kg": 3.31384440736853, "crew": "1인", "stop_id": "S096"}}, {"type": "Feature", "geometry": {"type": "Polygon", "coordinates": [[[-157.22589688865997, 21.217020278205382], [-157.22589073808348, 21.217020213557085], [-157.22589079441593, 21.217015501373194], [-157.2258969449922, 21.217015566021473], [-157.22589688865997, 21.217020278205382]]]}, "properties": {"item_id": "660_13942_7636_1537", "cls": "plastic_other", "cls_raw": "Plastic_ETC", "score": 0.26205137372016907, "area_m2": 0.3332060131371849, "weight_est_kg": 0.7996944315292437, "weight_lo_kg": 0.5331296210194959, "weight_hi_kg": 2.6656481050974796, "crew": "1인", "stop_id": "S096"}}, {"type": "Feature", "geometry": {"type": "Polygon", "coordinates": [[[-157.22591993704498, 21.217070131284114], [-157.22591378342722, 21.217070066604563], [-157.225913838032, 21.217065498887933], [-157.22591999164962, 21.21706556356746], [-157.22591993704498, 21.217070131284114]]]}, "properties": {"item_id": "660_13942_7636_1538", "cls": "plastic_other", "cls_raw": "Plastic_ETC", "score": 0.14394596219062805, "area_m2": 0.3231500999134837, "weight_est_kg": 0.7755602397923609, "weight_lo_kg": 0.5170401598615739, "weight_hi_kg": 2.5852007993078696, "crew": "1인", "stop_id": "S096"}}, {"type": "Feature", "geometry": {"type": "Polygon", "coordinates": [[[-157.22592052497473, 21.216968053223628], [-157.22591388970673, 21.216967983481833], [-157.22591394403247, 21.21696343908694], [-157.2259205793002, 21.21696350882873], [-157.22592052497473, 21.216968053223628]]]}, "properties": {"item_id": "660_13942_7636_1539", "cls": "pet_bottle", "cls_raw": "PET_Bottle", "score": 0.10492340475320816, "area_m2": 0.34666456017502817, "weight_est_kg": 0.6863958291465558, "weight_lo_kg": 0.5719965242887964, "weight_hi_kg": 1.1439930485775929, "crew": "1인", "stop_id": "S096"}}, {"type": "Feature", "geometry": {"type": "Polygon", "coordinates": [[[-157.22583528311776, 21.216998360425052], [-157.22583057940463, 21.216998310982984], [-157.22583062818308, 21.216994230819527], [-157.2258353318961, 21.216994280261584], [-157.22583528311776, 21.216998360425052]]]}, "properties": {"item_id": "660_14259_7754_1544", "cls": "plastic_buoy", "cls_raw": "Plastic_Buoy", "score": 0.3366061747074127, "area_m2": 0.22064457598930118, "weight_est_kg": 3.9716023678074213, "weight_lo_kg": 1.9858011839037106, "weight_hi_kg": 5.295469823743229, "crew": "1인", "stop_id": "S096"}}, {"type": "Feature", "geometry": {"type": "Polygon", "coordinates": [[[-157.22589457101896, 21.217020176863844], [-157.22589086735917, 21.217020137934906], [-157.22589092244945, 21.21701552965457], [-157.22589462610912, 21.217015568583516], [-157.22589457101896, 21.217020176863844]]]}, "properties": {"item_id": "660_14259_7754_1545", "cls": "plastic_buoy", "cls_raw": "Plastic_Buoy", "score": 0.14101701974868774, "area_m2": 0.1962206698643531, "weight_est_kg": 3.5319720575583555, "weight_lo_kg": 1.7659860287791778, "weight_hi_kg": 4.709296076744475, "crew": "1인", "stop_id": "S096"}}, {"type": "Feature", "geometry": {"type": "Polygon", "coordinates": [[[-157.22583541362266, 21.217044482210987], [-157.22582929083896, 21.21704441785252], [-157.22582934540844, 21.21703985330556], [-157.22583546819195, 21.217039917664007], [-157.22583541362266, 21.217044482210987]]]}, "properties": {"item_id": "660_14259_7754_1546", "cls": "net", "cls_raw": "Net", "score": 0.1297333538532257, "area_m2": 0.32130784956820846, "weight_est_kg": 5.783541292227752, "weight_lo_kg": 2.4098088717615633, "weight_hi_kg": 14.45885323056938, "crew": "1인", "stop_id": "S096"}}, {"type": "Feature", "geometry": {"type": "Polygon", "coordinates": [[[-157.2258098274515, 21.217043111842255], [-157.22580445970203, 21.217043055419385], [-157.22580451434274, 21.21703848497934], [-157.22580988209202, 21.21703854140219], [-157.2258098274515, 21.217043111842255]]]}, "properties": {"item_id": "660_14259_7754_1547", "cls": "net", "cls_raw": "Net", "score": 0.12353704124689102, "area_m2": 0.28204928704190557, "weight_est_kg": 5.076887166754299, "weight_lo_kg": 2.115369652814292, "weight_hi_kg": 12.69221791688575, "crew": "1인", "stop_id": "S096"}}, {"type": "Feature", "geometry": {"type": "Polygon", "coordinates": [[[-157.2258515069114, 21.216987697464393], [-157.2258489524468, 21.21698767061396], [-157.22584898491445, 21.21698495476767], [-157.22585153937902, 21.216984981618108], [-157.2258515069114, 21.216987697464393]]]}, "properties": {"item_id": "660_14259_7754_1548", "cls": "plastic_buoy", "cls_raw": "Plastic_Buoy", "score": 0.11132954061031342, "area_m2": 0.07975904903413847, "weight_est_kg": 1.4356628826144924, "weight_lo_kg": 0.7178314413072462, "weight_hi_kg": 1.9142171768193235, "crew": "1인", "stop_id": "S096"}}, {"type": "Feature", "geometry": {"type": "Polygon", "coordinates": [[[-157.22588008101226, 21.216958138180495], [-157.22587575920548, 21.216958092753973], [-157.22587579459284, 21.21695513263228], [-157.22588011639954, 21.216955178058793], [-157.22588008101226, 21.216958138180495]]]}, "properties": {"item_id": "660_14259_7754_1549", "cls": "pet_bottle", "cls_raw": "PET_Bottle", "score": 0.10417451709508896, "area_m2": 0.1470787321366735, "weight_est_kg": 0.2912158896306135, "weight_lo_kg": 0.2426799080255113, "weight_hi_kg": 0.4853598160510226, "crew": "1인", "stop_id": "S096"}}, {"type": "Feature", "geometry": {"type": "Polygon", "coordinates": [[[-157.20640198677597, 21.216709326928537], [-157.2063916252121, 21.21670921682245], [-157.20639174344214, 21.21669943435853], [-157.20640210500534, 21.21669954446456], [-157.20640198677597, 21.216709326928537]]]}, "properties": {"item_id": "667_10167_8235_1554", "cls": "plastic_buoy", "cls_raw": "Plastic_Buoy", "score": 0.12053876370191574, "area_m2": 1.1653556533101117, "weight_est_kg": 20.97640175958201, "weight_lo_kg": 10.488200879791005, "weight_hi_kg": 27.96853567944268, "crew": "2인", "stop_id": "S097"}}, {"type": "Feature", "geometry": {"type": "Polygon", "coordinates": [[[-157.2055625136053, 21.21639692640036], [-157.20555611564797, 21.21639685838218], [-157.20555618042616, 21.216391500985942], [-157.20556257838325, 21.216391569004113], [-157.2055625136053, 21.21639692640036]]]}, "properties": {"item_id": "667_14644_9898_1557", "cls": "plastic_other", "cls_raw": "Plastic_ETC", "score": 0.2614496946334839, "area_m2": 0.39407721646884936, "weight_est_kg": 0.9457853195252385, "weight_lo_kg": 0.630523546350159, "weight_hi_kg": 3.1526177317507953, "crew": "1인", "stop_id": "S098"}}, {"type": "Feature", "geometry": {"type": "Polygon", "coordinates": [[[-157.20556914445504, 21.216400820967287], [-157.20556402546828, 21.21640076654634], [-157.20556408333772, 21.21639598050869], [-157.20556920232428, 21.216396034929605], [-157.20556914445504, 21.216400820967287]]]}, "properties": {"item_id": "667_14644_9898_1558", "cls": "plastic_other", "cls_raw": "Plastic_ETC", "score": 0.10506840795278549, "area_m2": 0.28167371698028887, "weight_est_kg": 0.6760169207526933, "weight_lo_kg": 0.4506779471684622, "weight_hi_kg": 2.253389735842311, "crew": "1인", "stop_id": "S098"}}, {"type": "Feature", "geometry": {"type": "Polygon", "coordinates": [[[-157.20645532360132, 21.21673836181091], [-157.2064519090255, 21.21673832552738], [-157.20645195058728, 21.216734886559635], [-157.20645536516298, 21.216734922843163], [-157.20645532360132, 21.21673836181091]]]}, "properties": {"item_id": "667_9834_8179_1559", "cls": "net", "cls_raw": "Net", "score": 0.12951451539993286, "area_m2": 0.13500494348559156, "weight_est_kg": 2.430088982740648, "weight_lo_kg": 1.0125370761419368, "weight_hi_kg": 6.07522245685162, "crew": "1인", "stop_id": "S097"}}, {"type": "Feature", "geometry": {"type": "Polygon", "coordinates": [[[-157.2065117236427, 21.21672753434146], [-157.20650629370948, 21.216727476644405], [-157.2065063450264, 21.216723230368135], [-157.20651177495947, 21.21672328806517], [-157.2065117236427, 21.21672753434146]]]}, "properties": {"item_id": "667_9834_8179_1560", "cls": "plastic_buoy", "cls_raw": "Plastic_Buoy", "score": 0.11865311115980148, "area_m2": 0.26508646378859013, "weight_est_kg": 4.771556348194622, "weight_lo_kg": 2.385778174097311, "weight_hi_kg": 6.362075130926163, "crew": "1인", "stop_id": "S097"}}, {"type": "Feature", "geometry": {"type": "Polygon", "coordinates": [[[-156.72099429513884, 21.133896353326538], [-156.7209875147309, 21.133896262046534], [-156.72098761014487, 21.133890023387828], [-156.72099439055253, 21.133890114667807], [-156.72099429513884, 21.133896353326538]]]}, "properties": {"item_id": "6716_1402_14297_1567", "cls": "plastic_buoy", "cls_raw": "Plastic_Buoy_China", "score": 0.19063057005405426, "area_m2": 0.4868917870522755, "weight_est_kg": 8.764052166940958, "weight_lo_kg": 4.382026083470479, "weight_hi_kg": 11.685402889254611, "crew": "1인", "stop_id": "S099"}}, {"type": "Feature", "geometry": {"type": "Polygon", "coordinates": [[[-156.72103331815796, 21.13384659307922], [-156.7210268497455, 21.133846506001056], [-156.72102691076608, 21.133842516080716], [-156.7210333791784, 21.133842603158868], [-156.72103331815796, 21.13384659307922]]]}, "properties": {"item_id": "6716_1402_14297_1568", "cls": "eps_fragment", "cls_raw": "Styrofoam_Piece", "score": 0.15403133630752563, "area_m2": 0.29706223754890193, "weight_est_kg": 0.17823734252934115, "weight_lo_kg": 0.11882489501956077, "weight_hi_kg": 0.5941244750978039, "crew": "1인", "stop_id": "S099"}}, {"type": "Feature", "geometry": {"type": "Polygon", "coordinates": [[[-156.7203014579303, 21.134544154522235], [-156.7202981936623, 21.134544110563205], [-156.7202982733647, 21.13453890096235], [-156.7203015376326, 21.13453894492139], [-156.7203014579303, 21.134544154522235]]]}, "properties": {"item_id": "6716_5012_10945_1571", "cls": "pet_bottle", "cls_raw": "PET_Bottle", "score": 0.18676680326461792, "area_m2": 0.19573758240347003, "weight_est_kg": 0.3875604131588707, "weight_lo_kg": 0.32296701096572555, "weight_hi_kg": 0.6459340219314511, "crew": "1인", "stop_id": "S100"}}, {"type": "Feature", "geometry": {"type": "Polygon", "coordinates": [[[-156.71968230402155, 21.13506775208349], [-156.71967786219483, 21.13506769224908], [-156.7196779258027, 21.13506353588452], [-156.71968236762925, 21.13506359571892], [-156.71968230402155, 21.13506775208349]]]}, "properties": {"item_id": "6716_8253_7922_1572", "cls": "eps_fragment", "cls_raw": "Styrofoam_Piece", "score": 0.3684082329273224, "area_m2": 0.21249958507721936, "weight_est_kg": 0.12749975104633163, "weight_lo_kg": 0.08499983403088775, "weight_hi_kg": 0.4249991701544387, "crew": "1인", "stop_id": "S101"}}, {"type": "Feature", "geometry": {"type": "Polygon", "coordinates": [[[-156.71972513377315, 21.135041143179894], [-156.71971752587885, 21.135041040698376], [-156.7197176267033, 21.135034452342076], [-156.71972523459732, 21.13503455482356], [-156.71972513377315, 21.135041143179894]]]}, "properties": {"item_id": "6716_8253_7922_1573", "cls": "eps_fragment", "cls_raw": "Styrofoam_Piece", "score": 0.2334173321723938, "area_m2": 0.5769317505256775, "weight_est_kg": 0.3461590503154065, "weight_lo_kg": 0.23077270021027102, "weight_hi_kg": 1.153863501051355, "crew": "1인", "stop_id": "S101"}}, {"type": "Feature", "geometry": {"type": "Polygon", "coordinates": [[[-156.71956078162034, 21.135946650772887], [-156.7195507813732, 21.135946516050925], [-156.71955090330187, 21.135938549602553], [-156.7195609035485, 21.135938684324465], [-156.71956078162034, 21.135946650772887]]]}, "properties": {"item_id": "6716_9093_2931_1575", "cls": "eps_buoy", "cls_raw": "Styrofoam_Buoy", "score": 0.1999458223581314, "area_m2": 0.916971595097561, "weight_est_kg": 8.02350145710366, "weight_lo_kg": 3.4386434816158538, "weight_hi_kg": 9.16971595097561, "crew": "1인", "stop_id": "S102"}}, {"type": "Feature", "geometry": {"type": "Polygon", "coordinates": [[[-156.71954063016648, 21.135990769642646], [-156.71953716455025, 21.135990722953913], [-156.71953720401595, 21.135988144407076], [-156.7195406696321, 21.135988191095798], [-156.71954063016648, 21.135990769642646]]]}, "properties": {"item_id": "6716_9093_2931_1576", "cls": "plastic_buoy", "cls_raw": "Plastic_Buoy", "score": 0.17257905006408691, "area_m2": 0.10285745599272422, "weight_est_kg": 1.851434207869036, "weight_lo_kg": 0.925717103934518, "weight_hi_kg": 2.4685789438253813, "crew": "1인", "stop_id": "S102"}}, {"type": "Feature", "geometry": {"type": "Polygon", "coordinates": [[[-156.71951963837736, 21.13591043540486], [-156.7195167597786, 21.135910396624183], [-156.7195168377948, 21.135905299351947], [-156.71951971639342, 21.13590533813261], [-156.71951963837736, 21.13591043540486]]]}, "properties": {"item_id": "6716_9093_2931_1577", "cls": "pet_bottle", "cls_raw": "PET_Bottle", "score": 0.1525564193725586, "area_m2": 0.1688882716298523, "weight_est_kg": 0.33439877782710753, "weight_lo_kg": 0.27866564818925627, "weight_hi_kg": 0.5573312963785125, "crew": "1인", "stop_id": "S102"}}, {"type": "Feature", "geometry": {"type": "Polygon", "coordinates": [[[-156.71949333313393, 21.136128689025476], [-156.71948770019858, 21.13612861313664], [-156.7194877717891, 21.136123935804633], [-156.71949340472423, 21.13612401169345], [-156.71949333313393, 21.136128689025476]]]}, "properties": {"item_id": "6716_9286_1856_1583", "cls": "eps_fragment", "cls_raw": "Styrofoam_Piece", "score": 0.18867146968841553, "area_m2": 0.3032584296912708, "weight_est_kg": 0.18195505781476248, "weight_lo_kg": 0.12130337187650832, "weight_hi_kg": 0.6065168593825416, "crew": "1인", "stop_id": "S103"}}, {"type": "Feature", "geometry": {"type": "Polygon", "coordinates": [[[-156.71946503912392, 21.136088450979244], [-156.71946006069243, 21.136088383907378], [-156.71946009797466, 21.136085948114314], [-156.71946507640607, 21.13608601518616], [-156.71946503912392, 21.136088450979244]]]}, "properties": {"item_id": "6716_9286_1856_1584", "cls": "net", "cls_raw": "Net", "score": 0.16627654433250427, "area_m2": 0.1395767166138042, "weight_est_kg": 2.5123808990484755, "weight_lo_kg": 1.0468253746035316, "weight_hi_kg": 6.2809522476211885, "crew": "1인", "stop_id": "S102"}}, {"type": "Feature", "geometry": {"type": "Polygon", "coordinates": [[[-156.71950430912537, 21.136110547865897], [-156.71949958644666, 21.136110484240707], [-156.7194996538475, 21.13610608061247], [-156.7195043765261, 21.13610614423764], [-156.71950430912537, 21.136110547865897]]]}, "properties": {"item_id": "6716_9286_1856_1585", "cls": "net", "cls_raw": "Net", "score": 0.11904090642929077, "area_m2": 0.2393751242101787, "weight_est_kg": 4.308752235783216, "weight_lo_kg": 1.7953134315763404, "weight_hi_kg": 10.771880589458041, "crew": "1인", "stop_id": "S102"}}, {"type": "Feature", "geometry": {"type": "Polygon", "coordinates": [[[-156.7194435490194, 21.136150477982213], [-156.71943709714776, 21.13615039105839], [-156.71943716704135, 21.13614582470142], [-156.71944361891278, 21.136145911625224], [-156.7194435490194, 21.136150477982213]]]}, "properties": {"item_id": "6716_9286_1856_1586", "cls": "net", "cls_raw": "Net", "score": 0.10609837621450424, "area_m2": 0.3391059924066909, "weight_est_kg": 6.103907863320437, "weight_lo_kg": 2.5432949430501823, "weight_hi_kg": 15.25976965830109, "crew": "1인", "stop_id": "S103"}}, {"type": "Feature", "geometry": {"type": "Polygon", "coordinates": [[[-156.7194451449981, 21.13567052143882], [-156.71943963465887, 21.135670447201374], [-156.71943970784864, 21.135665665369196], [-156.7194452181877, 21.135665739606623], [-156.7194451449981, 21.13567052143882]]]}, "properties": {"item_id": "6716_9465_4122_1594", "cls": "net", "cls_raw": "Net", "score": 0.22463977336883545, "area_m2": 0.3032870917321005, "weight_est_kg": 5.459167651177809, "weight_lo_kg": 2.274653187990754, "weight_hi_kg": 13.647919127944522, "crew": "1인", "stop_id": "S104"}}, {"type": "Feature", "geometry": {"type": "Polygon", "coordinates": [[[-156.7195184848819, 21.13569198894703], [-156.71951356072665, 21.135691922608977], [-156.71951362202404, 21.13568791763918], [-156.71951854617913, 21.135687983977228], [-156.7195184848819, 21.13569198894703]]]}, "properties": {"item_id": "6716_9465_4122_1595", "cls": "net", "cls_raw": "Net", "score": 0.20406386256217957, "area_m2": 0.22699282757608272, "weight_est_kg": 4.085870896369489, "weight_lo_kg": 1.7024462068206205, "weight_hi_kg": 10.214677240923722, "crew": "1인", "stop_id": "S104"}}, {"type": "Feature", "geometry": {"type": "Polygon", "coordinates": [[[-156.7194963321002, 21.13567750981081], [-156.7194916799575, 21.13567744713674], [-156.71949174706643, 21.13567306249729], [-156.71949639920896, 21.135673125171362], [-156.7194963321002, 21.13567750981081]]]}, "properties": {"item_id": "6716_9465_4122_1596", "cls": "plastic_buoy", "cls_raw": "Plastic_Buoy_China", "score": 0.17841438949108124, "area_m2": 0.23478379556542506, "weight_est_kg": 4.226108320177651, "weight_lo_kg": 2.1130541600888253, "weight_hi_kg": 5.634811093570201, "crew": "1인", "stop_id": "S104"}}, {"type": "Feature", "geometry": {"type": "Polygon", "coordinates": [[[-156.71952454812288, 21.1356902667891], [-156.71951412576053, 21.135690126379586], [-156.71951426671782, 21.13568091668373], [-156.71952468907955, 21.13568105709317], [-156.71952454812288, 21.1356902667891]]]}, "properties": {"item_id": "6716_9465_4122_1597", "cls": "plastic_other", "cls_raw": "Plastic_ETC", "score": 0.131902813911438, "area_m2": 1.1048227682019536, "weight_est_kg": 2.6515746436846888, "weight_lo_kg": 1.7677164291231255, "weight_hi_kg": 8.838582145615629, "crew": "1인", "stop_id": "S104"}}, {"type": "Feature", "geometry": {"type": "Polygon", "coordinates": [[[-156.71945498049632, 21.135876799120382], [-156.7194497110076, 21.135876728127514], [-156.71944975267064, 21.135874006099833], [-156.71945502215928, 21.135874077092694], [-156.71945498049632, 21.135876799120382]]]}, "properties": {"item_id": "6716_9636_3432_1604", "cls": "pet_bottle", "cls_raw": "PET_Bottle", "score": 0.12529556453227997, "area_m2": 0.16509795035127928, "weight_est_kg": 0.326893941695533, "weight_lo_kg": 0.27241161807961084, "weight_hi_kg": 0.5448232361592217, "crew": "1인", "stop_id": "S102"}}, {"type": "Feature", "geometry": {"type": "Polygon", "coordinates": [[[-156.7217743739228, 21.133060698660838], [-156.72176894444127, 21.133060625594837], [-156.7217690235881, 21.133055448565553], [-156.72177445306946, 21.133055521631526], [-156.7217743739228, 21.133060698660838]]]}, "properties": {"item_id": "6925_11530_4018_1607", "cls": "eps_fragment", "cls_raw": "Styrofoam_Piece", "score": 0.40505993366241455, "area_m2": 0.32353874689951845, "weight_est_kg": 0.19412324813971107, "weight_lo_kg": 0.12941549875980737, "weight_hi_kg": 0.6470774937990369, "crew": "1인", "stop_id": "S105"}}, {"type": "Feature", "geometry": {"type": "Polygon", "coordinates": [[[-156.72174411697725, 21.133031752455267], [-156.72173587027865, 21.133031641475796], [-156.7217359882779, 21.133023923189686], [-156.72174423497606, 21.133024034169118], [-156.72174411697725, 21.133031752455267]]]}, "properties": {"item_id": "6925_11530_4018_1608", "cls": "eps_buoy", "cls_raw": "Styrofoam_Buoy", "score": 0.2516326904296875, "area_m2": 0.732636268280791, "weight_est_kg": 6.4105673474569205, "weight_lo_kg": 2.7473860060529662, "weight_hi_kg": 7.32636268280791, "crew": "1인", "stop_id": "S105"}}, {"type": "Feature", "geometry": {"type": "Polygon", "coordinates": [[[-156.72169456096813, 21.132924876533686], [-156.72169152882316, 21.132924835728094], [-156.72169155077935, 21.132923399604127], [-156.72169458292427, 21.132923440409723], [-156.72169456096813, 21.132924876533686]]]}, "properties": {"item_id": "6925_11775_4768_1611", "cls": "net", "cls_raw": "Net", "score": 0.10121482610702515, "area_m2": 0.05012214415075751, "weight_est_kg": 0.9021985947136352, "weight_lo_kg": 0.37591608113068137, "weight_hi_kg": 2.2554964867840877, "crew": "1인", "stop_id": "S106"}}, {"type": "Feature", "geometry": {"type": "Polygon", "coordinates": [[[-156.72171684392043, 21.1330366300969], [-156.72170948271005, 21.133036531032637], [-156.72170958241495, 21.133030009452348], [-156.721716943625, 21.133030108516568], [-156.72171684392043, 21.1330366300969]]]}, "properties": {"item_id": "6925_11855_3929_1618", "cls": "plastic_other", "cls_raw": "Plastic_ETC", "score": 0.42281320691108704, "area_m2": 0.5525727921697114, "weight_est_kg": 1.3261747012073075, "weight_lo_kg": 0.8841164674715384, "weight_hi_kg": 4.420582337357692, "crew": "1인", "stop_id": "S105"}}, {"type": "Feature", "geometry": {"type": "Polygon", "coordinates": [[[-156.7217734566911, 21.13306047838718], [-156.72176905709344, 21.133060419180588], [-156.7217691316781, 21.133055540564545], [-156.7217735312756, 21.13305559977111], [-156.7217734566911, 21.13306047838718]]]}, "properties": {"item_id": "6925_11855_3929_1619", "cls": "eps_fragment", "cls_raw": "Styrofoam_Piece", "score": 0.250591903924942, "area_m2": 0.24705686210452088, "weight_est_kg": 0.14823411726271252, "weight_lo_kg": 0.09882274484180836, "weight_hi_kg": 0.4941137242090418, "crew": "1인", "stop_id": "S105"}}, {"type": "Feature", "geometry": {"type": "Polygon", "coordinates": [[[-156.7216889259874, 21.133105006741314], [-156.72168464508383, 21.13310494912979], [-156.72168471059948, 21.133100663890932], [-156.72168899150293, 21.13310072150245], [-156.7216889259874, 21.133105006741314]]]}, "properties": {"item_id": "6925_11855_3929_1620", "cls": "plastic_buoy", "cls_raw": "Plastic_Buoy", "score": 0.24696867167949677, "area_m2": 0.21115322735915573, "weight_est_kg": 3.8007580924648026, "weight_lo_kg": 1.9003790462324013, "weight_hi_kg": 5.067677456619737, "crew": "1인", "stop_id": "S105"}}, {"type": "Feature", "geometry": {"type": "Polygon", "coordinates": [[[-156.7217441075928, 21.13303169115585], [-156.72173593132732, 21.133031581124232], [-156.7217360459448, 21.13302408403883], [-156.72174422220988, 21.13302419407041], [-156.7217441075928, 21.13303169115585]]]}, "properties": {"item_id": "6925_11855_3929_1621", "cls": "eps_buoy", "cls_raw": "Styrofoam_Buoy", "score": 0.22563816606998444, "area_m2": 0.7055614780488948, "weight_est_kg": 6.173662932927829, "weight_lo_kg": 2.645855542683355, "weight_hi_kg": 7.055614780488948, "crew": "1인", "stop_id": "S105"}}, {"type": "Feature", "geometry": {"type": "Polygon", "coordinates": [[[-156.72171426397838, 21.133067850531923], [-156.72170840947834, 21.133067771744226], [-156.721708498871, 21.13306192468783], [-156.72171435337083, 21.1330620034755], [-156.72171426397838, 21.133067850531923]]]}, "properties": {"item_id": "6925_11855_3929_1622", "cls": "eps_fragment", "cls_raw": "Styrofoam_Piece", "score": 0.16828975081443787, "area_m2": 0.39401652013081956, "weight_est_kg": 0.2364099120784917, "weight_lo_kg": 0.15760660805232782, "weight_hi_kg": 0.7880330402616392, "crew": "1인", "stop_id": "S105"}}, {"type": "Feature", "geometry": {"type": "Polygon", "coordinates": [[[-156.72174467115673, 21.133019200560163], [-156.72173911281573, 21.13301912575921], [-156.72173916841575, 21.13301548897957], [-156.72174472675658, 21.133015563780507], [-156.72174467115673, 21.133019200560163]]]}, "properties": {"item_id": "6925_11855_3929_1623", "cls": "plastic_buoy", "cls_raw": "Plastic_Buoy", "score": 0.11428947746753693, "area_m2": 0.23267494883548234, "weight_est_kg": 4.188149079038682, "weight_lo_kg": 2.094074539519341, "weight_hi_kg": 5.584198772051576, "crew": "1인", "stop_id": "S105"}}, {"type": "Feature", "geometry": {"type": "Polygon", "coordinates": [[[-156.72167598610523, 21.133167266188035], [-156.7216636903974, 21.133167100713298], [-156.7216638737446, 21.133155108510152], [-156.72167616945146, 21.133155273984794], [-156.72167598610523, 21.133167266188035]]]}, "properties": {"item_id": "6925_12230_3473_1628", "cls": "eps_buoy", "cls_raw": "Styrofoam_Buoy", "score": 0.2855074405670166, "area_m2": 1.6972256477654508, "weight_est_kg": 14.850724417947694, "weight_lo_kg": 6.364596179120441, "weight_hi_kg": 16.97225647765451, "crew": "1인", "stop_id": "S105"}}, {"type": "Feature", "geometry": {"type": "Polygon", "coordinates": [[[-156.72168896545764, 21.13310498172628], [-156.72168460445633, 21.13310492303682], [-156.72168466934787, 21.133100678619414], [-156.72168903034907, 21.13310073730887], [-156.72168896545764, 21.13310498172628]]]}, "properties": {"item_id": "6925_12230_3473_1629", "cls": "plastic_buoy", "cls_raw": "Plastic_Buoy", "score": 0.2752845585346222, "area_m2": 0.21305490913252118, "weight_est_kg": 3.8349883643853815, "weight_lo_kg": 1.9174941821926907, "weight_hi_kg": 5.113317819180509, "crew": "1인", "stop_id": "S105"}}, {"type": "Feature", "geometry": {"type": "Polygon", "coordinates": [[[-156.7216881080274, 21.133142409873766], [-156.72168450227247, 21.13314236134818], [-156.7216845537927, 21.13313899152825], [-156.72168815954748, 21.133139040053837], [-156.7216881080274, 21.133142409873766]]]}, "properties": {"item_id": "6925_12230_3473_1630", "cls": "plastic_buoy", "cls_raw": "Plastic_Buoy", "score": 0.1867462396621704, "area_m2": 0.13985887473157663, "weight_est_kg": 2.517459745168379, "weight_lo_kg": 1.2587298725841896, "weight_hi_kg": 3.3566129935578393, "crew": "1인", "stop_id": "S105"}}, {"type": "Feature", "geometry": {"type": "Polygon", "coordinates": [[[-156.7216817452656, 21.133142063645867], [-156.72167646182513, 21.133141992542065], [-156.72167653593678, 21.13313714508249], [-156.72168181937712, 21.133137216186256], [-156.7216817452656, 21.133142063645867]]]}, "properties": {"item_id": "6925_12230_3473_1631", "cls": "eps_fragment", "cls_raw": "Styrofoam_Piece", "score": 0.172452911734581, "area_m2": 0.29479367220788155, "weight_est_kg": 0.17687620332472895, "weight_lo_kg": 0.11791746888315262, "weight_hi_kg": 0.5895873444157631, "crew": "1인", "stop_id": "S105"}}, {"type": "Feature", "geometry": {"type": "Polygon", "coordinates": [[[-156.72165889431665, 21.133182617003502], [-156.72165419684387, 21.13318255378484], [-156.7216542509774, 21.133179013085776], [-156.72165894845008, 21.133179076304426], [-156.72165889431665, 21.133182617003502]]]}, "properties": {"item_id": "6925_12230_3473_1632", "cls": "plastic_buoy", "cls_raw": "Plastic_Buoy", "score": 0.15674272179603577, "area_m2": 0.19144336837911666, "weight_est_kg": 3.4459806308240997, "weight_lo_kg": 1.7229903154120498, "weight_hi_kg": 4.5946408410988, "crew": "1인", "stop_id": "S105"}}, {"type": "Feature", "geometry": {"type": "Polygon", "coordinates": [[[-156.72165416342216, 21.133191321546025], [-156.7216471244691, 21.13319122681541], [-156.72164721206002, 21.133185497798813], [-156.7216542510128, 21.1331855925294], [-156.72165416342216, 21.133191321546025]]]}, "properties": {"item_id": "6925_12230_3473_1633", "cls": "eps_buoy", "cls_raw": "Styrofoam_Buoy", "score": 0.11370754987001419, "area_m2": 0.4641679674355633, "weight_est_kg": 4.061469715061179, "weight_lo_kg": 1.7406298778833622, "weight_hi_kg": 4.6416796743556334, "crew": "1인", "stop_id": "S105"}}, {"type": "Feature", "geometry": {"type": "Polygon", "coordinates": [[[-156.7213543254719, 21.13360747106243], [-156.7213475817986, 21.133607380292318], [-156.72134766720106, 21.133601795270867], [-156.72135441087414, 21.133601886040957], [-156.7213543254719, 21.13360747106243]]]}, "properties": {"item_id": "6926_-118_936_1637", "cls": "eps_fragment", "cls_raw": "Styrofoam_Piece", "score": 0.2601741850376129, "area_m2": 0.43351824022625, "weight_est_kg": 0.26011094413575, "weight_lo_kg": 0.1734072960905, "weight_hi_kg": 0.8670364804525, "crew": "1인", "stop_id": "S107"}}, {"type": "Feature", "geometry": {"type": "Polygon", "coordinates": [[[-156.72121511454222, 21.133710474558928], [-156.72120758486477, 21.13371037320256], [-156.7212076727173, 21.13370462834001], [-156.7212152023945, 21.13370472969635], [-156.72121511454222, 21.133710474558928]]]}, "properties": {"item_id": "6926_282_587_1639", "cls": "eps_fragment", "cls_raw": "Styrofoam_Piece", "score": 0.255937784910202, "area_m2": 0.4978996396648083, "weight_est_kg": 0.298739783798885, "weight_lo_kg": 0.19915985586592333, "weight_hi_kg": 0.9957992793296166, "crew": "1인", "stop_id": "S107"}}, {"type": "Feature", "geometry": {"type": "Polygon", "coordinates": [[[-156.7229678747893, 21.13025081019909], [-156.72296154741127, 21.13025072510366], [-156.72296160833622, 21.130246737303267], [-156.7229679357141, 21.130246822398693], [-156.7229678747893, 21.13025081019909]]]}, "properties": {"item_id": "7135_6719_4832_1643", "cls": "plastic_buoy", "cls_raw": "Plastic_Buoy_China", "score": 0.2354992926120758, "area_m2": 0.2904369226367003, "weight_est_kg": 5.227864607460605, "weight_lo_kg": 2.6139323037303024, "weight_hi_kg": 6.970486143280807, "crew": "1인", "stop_id": "S108"}}, {"type": "Feature", "geometry": {"type": "Polygon", "coordinates": [[[-156.72291843578412, 21.13017915819156], [-156.72291392307383, 21.130179097500044], [-156.72291396934165, 21.130176069126332], [-156.7229184820518, 21.130176129817855], [-156.72291843578412, 21.13017915819156]]]}, "properties": {"item_id": "7135_6719_4832_1644", "cls": "net", "cls_raw": "Net", "score": 0.18560443818569183, "area_m2": 0.1573047309875879, "weight_est_kg": 2.831485157776582, "weight_lo_kg": 1.1797854824069094, "weight_hi_kg": 7.0787128944414555, "crew": "1인", "stop_id": "S108"}}, {"type": "Feature", "geometry": {"type": "Polygon", "coordinates": [[[-156.722964825446, 21.130258168295523], [-156.7229596421976, 21.130258098587124], [-156.72295971178272, 21.130253543947532], [-156.72296489503094, 21.13025361365591], [-156.722964825446, 21.130258168295523]]]}, "properties": {"item_id": "7135_6719_4832_1645", "cls": "net", "cls_raw": "Net", "score": 0.15873542428016663, "area_m2": 0.27173817563063696, "weight_est_kg": 4.891287161351466, "weight_lo_kg": 2.038036317229777, "weight_hi_kg": 12.228217903378663, "crew": "1인", "stop_id": "S108"}}, {"type": "Feature", "geometry": {"type": "Polygon", "coordinates": [[[-156.72296933514463, 21.130221267715086], [-156.72296485619228, 21.130221207478833], [-156.7229649343668, 21.130216090606723], [-156.72296941331896, 21.13021615084296], [-156.72296933514463, 21.130221267715086]]]}, "properties": {"item_id": "7135_6719_4832_1646", "cls": "net", "cls_raw": "Net", "score": 0.150985985994339, "area_m2": 0.26380056392259, "weight_est_kg": 4.748410150606619, "weight_lo_kg": 1.978504229419425, "weight_hi_kg": 11.871025376516549, "crew": "1인", "stop_id": "S108"}}, {"type": "Feature", "geometry": {"type": "Polygon", "coordinates": [[[-156.72292294314383, 21.13021525625046], [-156.72291485118947, 21.13021514742161], [-156.72291496227248, 21.130207876697348], [-156.7229230542264, 21.130207985526148], [-156.72292294314383, 21.13021525625046]]]}, "properties": {"item_id": "7135_6719_4832_1647", "cls": "plastic_other", "cls_raw": "Plastic_ETC", "score": 0.1365383267402649, "area_m2": 0.6772138960363163, "weight_est_kg": 1.625313350487159, "weight_lo_kg": 1.0835422336581062, "weight_hi_kg": 5.417711168290531, "crew": "1인", "stop_id": "S108"}}, {"type": "Feature", "geometry": {"type": "Polygon", "coordinates": [[[-156.7229120405053, 21.130195453279477], [-156.7229054123968, 21.130195364137588], [-156.72290546050655, 21.130192215217026], [-156.72291208861486, 21.130192304358903], [-156.7229120405053, 21.130195453279477]]]}, "properties": {"item_id": "7135_6719_4832_1648", "cls": "net", "cls_raw": "Net", "score": 0.10318395495414734, "area_m2": 0.24024045259958512, "weight_est_kg": 4.324328146792532, "weight_lo_kg": 1.8018033944968885, "weight_hi_kg": 10.81082036698133, "crew": "1인", "stop_id": "S108"}}, {"type": "Feature", "geometry": {"type": "Polygon", "coordinates": [[[-156.72290598918278, 21.130195103568358], [-156.72290143407906, 21.130195042306312], [-156.7229015692877, 21.1301861925261], [-156.72290612439113, 21.13018625378812], [-156.72290598918278, 21.130195103568358]]]}, "properties": {"item_id": "7135_6719_4832_1649", "cls": "plastic_other", "cls_raw": "Plastic_ETC", "score": 0.10251378268003464, "area_m2": 0.4640081218333205, "weight_est_kg": 1.1136194923999692, "weight_lo_kg": 0.7424129949333129, "weight_hi_kg": 3.7120649746665646, "crew": "1인", "stop_id": "S108"}}, {"type": "Feature", "geometry": {"type": "Polygon", "coordinates": [[[-156.72689453875373, 21.12684824945799], [-156.7268905135301, 21.126848195424216], [-156.72689057889303, 21.126843908976376], [-156.72689460411658, 21.126843963010135], [-156.72689453875373, 21.12684824945799]]]}, "properties": {"item_id": "7344_1570_8792_1655", "cls": "plastic_other", "cls_raw": "Plastic_ETC", "score": 0.16812436282634735, "area_m2": 0.19860471241479088, "weight_est_kg": 0.4766513097954981, "weight_lo_kg": 0.3177675398636654, "weight_hi_kg": 1.5888376993183273, "crew": "1인", "stop_id": "S109"}}, {"type": "Feature", "geometry": {"type": "Polygon", "coordinates": [[[-156.72703125891746, 21.126671433049086], [-156.7270273963834, 21.126671381202712], [-156.72702745650224, 21.126667438387933], [-156.72703131903617, 21.1266674902343], [-156.72703125891746, 21.126671433049086]]]}, "properties": {"item_id": "7344_874_9779_1661", "cls": "eps_fragment", "cls_raw": "Styrofoam_Piece", "score": 0.2038467973470688, "area_m2": 0.17529967575077599, "weight_est_kg": 0.10517980545046558, "weight_lo_kg": 0.07011987030031039, "weight_hi_kg": 0.350599351501552, "crew": "1인", "stop_id": "S110"}}, {"type": "Feature", "geometry": {"type": "Polygon", "coordinates": [[[-156.72703707491365, 21.12669884262454], [-156.72703295951786, 21.126698787384104], [-156.7270330190468, 21.126694883252892], [-156.72703713444247, 21.12669493849331], [-156.72703707491365, 21.12669884262454]]]}, "properties": {"item_id": "7344_874_9779_1662", "cls": "plastic_buoy", "cls_raw": "Plastic_Buoy", "score": 0.12368713319301605, "area_m2": 0.18494319068496054, "weight_est_kg": 3.3289774323292898, "weight_lo_kg": 1.6644887161646449, "weight_hi_kg": 4.438636576439053, "crew": "1인", "stop_id": "S110"}}, {"type": "Feature", "geometry": {"type": "Polygon", "coordinates": [[[-156.72704533156943, 21.126655261319392], [-156.72704077232035, 21.12665520012149], [-156.72704083504982, 21.126651086062974], [-156.72704539429878, 21.126651147260862], [-156.72704533156943, 21.126655261319392]]]}, "properties": {"item_id": "7344_874_9779_1663", "cls": "plastic_buoy", "cls_raw": "Plastic_Buoy_China", "score": 0.12263274937868118, "area_m2": 0.21590675849323868, "weight_est_kg": 3.8863216528782956, "weight_lo_kg": 1.9431608264391478, "weight_hi_kg": 5.181762203837728, "crew": "1인", "stop_id": "S110"}}, {"type": "Feature", "geometry": {"type": "Polygon", "coordinates": [[[-156.731124747153, 21.12360716714545], [-156.73112074707095, 21.12360711355589], [-156.73112080967812, 21.123602999473196], [-156.73112480976005, 21.123603053062762], [-156.731124747153, 21.12360716714545]]]}, "properties": {"item_id": "7552_8574_11975_1666", "cls": "eps_fragment", "cls_raw": "Styrofoam_Piece", "score": 0.42184534668922424, "area_m2": 0.18943081149469718, "weight_est_kg": 0.1136584868968183, "weight_lo_kg": 0.07577232459787887, "weight_hi_kg": 0.37886162298939435, "crew": "1인", "stop_id": "S111"}}, {"type": "Feature", "geometry": {"type": "Polygon", "coordinates": [[[-156.73120587626516, 21.12365707075213], [-156.7312004105134, 21.123656997529277], [-156.73120047547766, 21.123652728416765], [-156.7312059412293, 21.123652801639615], [-156.73120587626516, 21.12365707075213]]]}, "properties": {"item_id": "7552_8574_11975_1667", "cls": "plastic_buoy", "cls_raw": "Plastic_Buoy", "score": 0.31561070680618286, "area_m2": 0.2685938214534159, "weight_est_kg": 4.834688786161487, "weight_lo_kg": 2.4173443930807434, "weight_hi_kg": 6.446251714881982, "crew": "1인", "stop_id": "S111"}}, {"type": "Feature", "geometry": {"type": "Polygon", "coordinates": [[[-156.7316476642649, 21.121626783590983], [-156.73164401755008, 21.121626734750492], [-156.73164408327315, 21.12162241447341], [-156.73164772998786, 21.121622463313876], [-156.7316476642649, 21.121626783590983]]]}, "properties": {"item_id": "7762_7392_7788_1670", "cls": "plastic_buoy", "cls_raw": "Plastic_Buoy", "score": 0.13995608687400818, "area_m2": 0.18135413210396503, "weight_est_kg": 3.2643743778713703, "weight_lo_kg": 1.6321871889356852, "weight_hi_kg": 4.352499170495161, "crew": "1인", "stop_id": "S112"}}, {"type": "Feature", "geometry": {"type": "Polygon", "coordinates": [[[-156.7334533526423, 21.119136246340034], [-156.73344915085937, 21.119136190115725], [-156.73344920967008, 21.11913232063575], [-156.73345341145293, 21.119132376860048], [-156.7334533526423, 21.119136246340034]]]}, "properties": {"item_id": "7971_10570_6719_1672", "cls": "plastic_buoy", "cls_raw": "Plastic_Buoy", "score": 0.7672037482261658, "area_m2": 0.18715709894901167, "weight_est_kg": 3.36882778108221, "weight_lo_kg": 1.684413890541105, "weight_hi_kg": 4.49177037477628, "crew": "1인", "stop_id": "S113"}}, {"type": "Feature", "geometry": {"type": "Polygon", "coordinates": [[[-156.73347494648687, 21.119177610542774], [-156.7334706946778, 21.11917755364952], [-156.7334707580028, 21.11917338711995], [-156.7334750098117, 21.11917344401321], [-156.73347494648687, 21.119177610542774]]]}, "properties": {"item_id": "7971_10570_6719_1673", "cls": "plastic_buoy", "cls_raw": "Plastic_Buoy", "score": 0.18507914245128632, "area_m2": 0.20392392190849934, "weight_est_kg": 3.6706305943529878, "weight_lo_kg": 1.8353152971764939, "weight_hi_kg": 4.894174125803985, "crew": "1인", "stop_id": "S113"}}, {"type": "Feature", "geometry": {"type": "Polygon", "coordinates": [[[-156.7334627129875, 21.11915014873825], [-156.73345753814473, 21.1191500794936], [-156.73345762020176, 21.11914468049445], [-156.73346279504435, 21.11914474973908], [-156.7334627129875, 21.11915014873825]]]}, "properties": {"item_id": "7971_10570_6719_1674", "cls": "plastic_other", "cls_raw": "Plastic_ETC", "score": 0.13806693255901337, "area_m2": 0.3216106776417266, "weight_est_kg": 0.7718656263401438, "weight_lo_kg": 0.5145770842267626, "weight_hi_kg": 2.572885421133813, "crew": "1인", "stop_id": "S113"}}, {"type": "Feature", "geometry": {"type": "Polygon", "coordinates": [[[-157.2991785328427, 21.121692890356726], [-157.29917379659022, 21.1216928428055], [-157.2991738450208, 21.12168859598437], [-157.2991785812731, 21.121688643535588], [-157.2991785328427, 21.121692890356726]]]}, "properties": {"item_id": "7985_13620_14337_1679", "cls": "net", "cls_raw": "Net", "score": 0.3917228877544403, "area_m2": 0.23137318511023597, "weight_est_kg": 4.164717331984248, "weight_lo_kg": 1.73529888832677, "weight_hi_kg": 10.411793329960618, "crew": "1인", "stop_id": "S114"}}, {"type": "Feature", "geometry": {"type": "Polygon", "coordinates": [[[-157.29849839005934, 21.12068014434063], [-157.29848920340748, 21.120680052074665], [-157.29848933211915, 21.120668769440485], [-157.2984985187703, 21.120668861706402], [-157.29849839005934, 21.12068014434063]]]}, "properties": {"item_id": "8196_3057_5234_1684", "cls": "rope", "cls_raw": "Rope", "score": 0.1074364185333252, "area_m2": 1.192299003717155, "weight_est_kg": 14.30758804460586, "weight_lo_kg": 9.53839202973724, "weight_hi_kg": 23.8459800743431, "crew": "2인", "stop_id": "S115"}}, {"type": "Feature", "geometry": {"type": "Polygon", "coordinates": [[[-156.73932648525312, 21.11429589797035], [-156.73931980675363, 21.114295808853274], [-156.73931987546766, 21.114291274883957], [-156.73932655396695, 21.114291364001026], [-156.73932648525312, 21.11429589797035]]]}, "properties": {"item_id": "8389_12982_4218_1686", "cls": "pet_bottle", "cls_raw": "PET_Bottle", "score": 0.1093803197145462, "area_m2": 0.34856828112610894, "weight_est_kg": 0.6901651966296957, "weight_lo_kg": 0.5751376638580797, "weight_hi_kg": 1.1502753277161595, "crew": "1인", "stop_id": "S116"}}, {"type": "Feature", "geometry": {"type": "Polygon", "coordinates": [[[-157.20200285687946, 21.214674804440325], [-157.20199756084241, 21.214674748028862], [-157.20199763510794, 21.214668617609362], [-157.20200293114482, 21.21466867402081], [-157.20200285687946, 21.214674804440325]]]}, "properties": {"item_id": "879_3230_4172_1690", "cls": "plastic_other", "cls_raw": "Plastic_ETC", "score": 0.202293261885643, "area_m2": 0.37327944841692184, "weight_est_kg": 0.8958706762006124, "weight_lo_kg": 0.5972471174670749, "weight_hi_kg": 2.9862355873353748, "crew": "1인", "stop_id": "S117"}}, {"type": "Feature", "geometry": {"type": "Polygon", "coordinates": [[[-157.20201972885064, 21.21463708990408], [-157.20201371627647, 21.214637025861016], [-157.20201377530452, 21.21463215320423], [-157.2020197878785, 21.21463221724729], [-157.20201972885064, 21.21463708990408]]]}, "properties": {"item_id": "879_3230_4172_1691", "cls": "net", "cls_raw": "Net", "score": 0.18216438591480255, "area_m2": 0.3368365734816435, "weight_est_kg": 6.0630583226695824, "weight_lo_kg": 2.526274301112326, "weight_hi_kg": 15.157645806673955, "crew": "1인", "stop_id": "S118"}}, {"type": "Feature", "geometry": {"type": "Polygon", "coordinates": [[[-157.20203011943187, 21.214698255829067], [-157.20202476348197, 21.214698198780255], [-157.20202482700606, 21.21469295496924], [-157.20203018295572, 21.214693012018046], [-157.20203011943187, 21.214698255829067]]]}, "properties": {"item_id": "879_3230_4172_1692", "cls": "plastic_buoy", "cls_raw": "Plastic_Buoy", "score": 0.13681858777999878, "area_m2": 0.32290615708575227, "weight_est_kg": 5.8123108275435404, "weight_lo_kg": 2.9061554137717702, "weight_hi_kg": 7.749747770058055, "crew": "1인", "stop_id": "S118"}}, {"type": "Feature", "geometry": {"type": "Polygon", "coordinates": [[[-157.20200776446035, 21.21471960097745], [-157.2020031938309, 21.21471955229284], [-157.2020032328027, 21.21471633527559], [-157.20200780343202, 21.2147163839602], [-157.20200776446035, 21.21471960097745]]]}, "properties": {"item_id": "879_3230_4172_1693", "cls": "net", "cls_raw": "Net", "score": 0.12506036460399628, "area_m2": 0.16905271231648056, "weight_est_kg": 3.04294882169665, "weight_lo_kg": 1.2678953423736044, "weight_hi_kg": 7.607372054241624, "crew": "1인", "stop_id": "S118"}}, {"type": "Feature", "geometry": {"type": "Polygon", "coordinates": [[[-157.20194436363445, 21.21464392223839], [-157.20194043799492, 21.21464388042261], [-157.20194048573615, 21.21463993963404], [-157.20194441137556, 21.21463998144981], [-157.20194436363445, 21.21464392223839]]]}, "properties": {"item_id": "879_3230_4172_1694", "cls": "net", "cls_raw": "Net", "score": 0.10506527125835419, "area_m2": 0.1778633784652198, "weight_est_kg": 3.201540812373956, "weight_lo_kg": 1.3339753384891486, "weight_hi_kg": 8.00385203093489, "crew": "1인", "stop_id": "S117"}}, {"type": "Feature", "geometry": {"type": "Polygon", "coordinates": [[[-157.20182502915745, 21.21466576314579], [-157.20181238570225, 21.214665628458746], [-157.2018125645809, 21.21465086402376], [-157.20182520803482, 21.2146509987107], [-157.20182502915745, 21.21466576314579]]]}, "properties": {"item_id": "879_4055_4290_1696", "cls": "eps_buoy", "cls_raw": "Styrofoam_Buoy", "score": 0.44849658012390137, "area_m2": 2.1462266787593927, "weight_est_kg": 18.779483439144684, "weight_lo_kg": 8.048350045347723, "weight_hi_kg": 21.46226678759393, "crew": "1인", "stop_id": "S117"}}, {"type": "Feature", "geometry": {"type": "Polygon", "coordinates": [[[-157.20176739851271, 21.214667001934984], [-157.20176290841266, 21.21466695410184], [-157.2017629456045, 21.214663884416684], [-157.20176743570445, 21.21466393224984], [-157.20176739851271, 21.214667001934984]]]}, "properties": {"item_id": "879_4055_4290_1697", "cls": "net", "cls_raw": "Net", "score": 0.24101665616035461, "area_m2": 0.15846846675876738, "weight_est_kg": 2.8524324016578126, "weight_lo_kg": 1.1885135006907552, "weight_hi_kg": 7.131081004144533, "crew": "1인", "stop_id": "S117"}}, {"type": "Feature", "geometry": {"type": "Polygon", "coordinates": [[[-157.20182643024026, 21.214645815942973], [-157.2018221284117, 21.214645770117023], [-157.20182218052338, 21.21464146885137], [-157.2018264823518, 21.214641514677307], [-157.20182643024026, 21.214645815942973]]]}, "properties": {"item_id": "879_4055_4290_1698", "cls": "net", "cls_raw": "Net", "score": 0.2189706563949585, "area_m2": 0.2127366931945614, "weight_est_kg": 3.829260477502105, "weight_lo_kg": 1.5955251989592105, "weight_hi_kg": 9.573151193755262, "crew": "1인", "stop_id": "S117"}}, {"type": "Feature", "geometry": {"type": "Polygon", "coordinates": [[[-157.2018247814051, 21.21467047950315], [-157.20182003033065, 21.21467042889144], [-157.2018200838931, 21.21466600789019], [-157.20182483496743, 21.214666058501898], [-157.2018247814051, 21.21467047950315]]]}, "properties": {"item_id": "879_4055_4290_1699", "cls": "plastic_buoy", "cls_raw": "Plastic_Buoy", "score": 0.1544274240732193, "area_m2": 0.24149349714747112, "weight_est_kg": 4.346882948654479, "weight_lo_kg": 2.1734414743272397, "weight_hi_kg": 5.795843931539307, "crew": "1인", "stop_id": "S117"}}, {"type": "Feature", "geometry": {"type": "Polygon", "coordinates": [[[-157.2018461842282, 21.214681599376885], [-157.20184009243644, 21.21468153448365], [-157.20184013504806, 21.21467801731876], [-157.2018462268397, 21.214678082211982], [-157.2018461842282, 21.214681599376885]]]}, "properties": {"item_id": "879_4055_4290_1700", "cls": "net", "cls_raw": "Net", "score": 0.12378781288862228, "area_m2": 0.24633759819126289, "weight_est_kg": 4.434076767442732, "weight_lo_kg": 1.8475319864344717, "weight_hi_kg": 11.085191918606828, "crew": "1인", "stop_id": "S117"}}, {"type": "Feature", "geometry": {"type": "Polygon", "coordinates": [[[-157.2017666997699, 21.21463834572761], [-157.20176252806428, 21.214638301286367], [-157.2017625665427, 21.21463512540596], [-157.20176673824824, 21.21463516984721], [-157.2017666997699, 21.21463834572761]]]}, "properties": {"item_id": "879_4055_4290_1701", "cls": "net", "cls_raw": "Net", "score": 0.12150276452302933, "area_m2": 0.15232489292327375, "weight_est_kg": 2.7418480726189274, "weight_lo_kg": 1.1424366969245532, "weight_hi_kg": 6.854620181547318, "crew": "1인", "stop_id": "S117"}}, {"type": "Feature", "geometry": {"type": "Polygon", "coordinates": [[[-157.20183585912756, 21.21462991434164], [-157.20183024772638, 21.21462985456557], [-157.20183029149598, 21.21462624183269], [-157.20183590289702, 21.21462630160873], [-157.20183585912756, 21.21462991434164]]]}, "properties": {"item_id": "879_4055_4290_1702", "cls": "net", "cls_raw": "Net", "score": 0.10511782020330429, "area_m2": 0.23307744674688408, "weight_est_kg": 4.1953940414439135, "weight_lo_kg": 1.7480808506016305, "weight_hi_kg": 10.488485103609783, "crew": "1인", "stop_id": "S117"}}, {"type": "Feature", "geometry": {"type": "Polygon", "coordinates": [[[-157.20245323231373, 21.21489241733817], [-157.2024477918075, 21.21489235940193], [-157.20244783836299, 21.214888515450937], [-157.20245327886911, 21.21488857338717], [-157.20245323231373, 21.21489241733817]]]}, "properties": {"item_id": "879_939_3346_1708", "cls": "net", "cls_raw": "Net", "score": 0.4757620692253113, "area_m2": 0.24044136551661804, "weight_est_kg": 4.327944579299125, "weight_lo_kg": 1.8033102413746356, "weight_hi_kg": 10.819861448247812, "crew": "1인", "stop_id": "S119"}}, {"type": "Feature", "geometry": {"type": "Polygon", "coordinates": [[[-157.2024647685761, 21.21484813594918], [-157.20245896619525, 21.214848074159804], [-157.20245903290493, 21.214842566094138], [-157.20246483528553, 21.214842627883492], [-157.2024647685761, 21.21484813594918]]]}, "properties": {"item_id": "879_939_3346_1709", "cls": "plastic_other", "cls_raw": "Plastic_ETC", "score": 0.18376006186008453, "area_m2": 0.36744935617008995, "weight_est_kg": 0.8818784548082158, "weight_lo_kg": 0.5879189698721439, "weight_hi_kg": 2.93959484936072, "crew": "1인", "stop_id": "S119"}}, {"type": "Feature", "geometry": {"type": "Polygon", "coordinates": [[[-157.19852328607266, 21.214426363849313], [-157.19851816026093, 21.214426309145818], [-157.1985182181044, 21.2144215434926], [-157.19852334391595, 21.21442159819608], [-157.19852328607266, 21.214426363849313]]]}, "properties": {"item_id": "880_5947_5539_1712", "cls": "net", "cls_raw": "Net", "score": 0.11354580521583557, "area_m2": 0.28085382019437377, "weight_est_kg": 5.055368763498728, "weight_lo_kg": 2.1064036514578035, "weight_hi_kg": 12.63842190874682, "crew": "1인", "stop_id": "S120"}}, {"type": "Feature", "geometry": {"type": "Polygon", "coordinates": [[[-157.19845965914328, 21.214323563533952], [-157.19845603640513, 21.214323524870313], [-157.1984561020533, 21.21431811635296], [-157.19845972479132, 21.2143181550166], [-157.19845965914328, 21.214323563533952]]]}, "properties": {"item_id": "880_6216_5862_1716", "cls": "eps_buoy", "cls_raw": "Styrofoam_Buoy", "score": 0.45765647292137146, "area_m2": 0.22527383313333624, "weight_est_kg": 1.9711460399166918, "weight_lo_kg": 0.8447768742500108, "weight_hi_kg": 2.2527383313333624, "crew": "1인", "stop_id": "S120"}}, {"type": "Feature", "geometry": {"type": "Polygon", "coordinates": [[[-157.19846450081738, 21.21432474184906], [-157.1984598806138, 21.214324692540075], [-157.19845992851347, 21.21432074624688], [-157.19846454871697, 21.214320795555842], [-157.19846450081738, 21.21432474184906]]]}, "properties": {"item_id": "880_6216_5862_1717", "cls": "net", "cls_raw": "Net", "score": 0.33642110228538513, "area_m2": 0.20962642782931767, "weight_est_kg": 3.773275700927718, "weight_lo_kg": 1.5721982087198827, "weight_hi_kg": 9.433189252319295, "crew": "1인", "stop_id": "S120"}}, {"type": "Feature", "geometry": {"type": "Polygon", "coordinates": [[[-157.1985197095009, 21.21434100421117], [-157.19851537205477, 21.2143409579213], [-157.19851542291204, 21.214336767841285], [-157.19851976035807, 21.21433681413113], [-157.1985197095009, 21.21434100421117]]]}, "properties": {"item_id": "880_6216_5862_1718", "cls": "plastic_buoy", "cls_raw": "Plastic_Buoy", "score": 0.21488797664642334, "area_m2": 0.20895458863382763, "weight_est_kg": 3.7611825954088967, "weight_lo_kg": 1.8805912977044483, "weight_hi_kg": 5.014910127211863, "crew": "1인", "stop_id": "S120"}}, {"type": "Feature", "geometry": {"type": "Polygon", "coordinates": [[[-157.19847832717008, 21.214330690066564], [-157.19847360510707, 21.214330639670877], [-157.19847364165736, 21.214327628396806], [-157.19847836372026, 21.214327678792486], [-157.19847832717008, 21.214330690066564]]]}, "properties": {"item_id": "880_6216_5862_1719", "cls": "eps_fragment", "cls_raw": "Styrofoam_Piece", "score": 0.16087500751018524, "area_m2": 0.1634848868966509, "weight_est_kg": 0.09809093213799053, "weight_lo_kg": 0.06539395475866036, "weight_hi_kg": 0.32696977379330183, "crew": "1인", "stop_id": "S120"}}, {"type": "Feature", "geometry": {"type": "Polygon", "coordinates": [[[-157.1984054284374, 21.214182871143834], [-157.1983990530617, 21.214182803100947], [-157.19839911281932, 21.214177880007384], [-157.19840548819482, 21.21417794805025], [-157.1984054284374, 21.214182871143834]]]}, "properties": {"item_id": "880_6760_6787_1723", "cls": "eps_fragment", "cls_raw": "Styrofoam_Piece", "score": 0.3745415508747101, "area_m2": 0.36086094357976345, "weight_est_kg": 0.21651656614785808, "weight_lo_kg": 0.14434437743190537, "weight_hi_kg": 0.721721887159527, "crew": "1인", "stop_id": "S121"}}, {"type": "Feature", "geometry": {"type": "Polygon", "coordinates": [[[-157.1984170078745, 21.214172636425292], [-157.19841272001105, 21.214172590662265], [-157.19841276933965, 21.21416852672003], [-157.19841705720305, 21.214168572483036], [-157.1984170078745, 21.214172636425292]]]}, "properties": {"item_id": "880_6760_6787_1724", "cls": "plastic_buoy", "cls_raw": "Plastic_Buoy", "score": 0.1638919562101364, "area_m2": 0.2003477666378519, "weight_est_kg": 3.606259799481334, "weight_lo_kg": 1.803129899740667, "weight_hi_kg": 4.808346399308446, "crew": "1인", "stop_id": "S121"}}, {"type": "Feature", "geometry": {"type": "Polygon", "coordinates": [[[-157.19841745389027, 21.214186777342903], [-157.19841376749358, 21.21418673799914], [-157.19841381012773, 21.214183225581042], [-157.1984174965243, 21.2141832649248], [-157.19841745389027, 21.214186777342903]]]}, "properties": {"item_id": "880_6760_6787_1725", "cls": "eps_fragment", "cls_raw": "Styrofoam_Piece", "score": 0.13833020627498627, "area_m2": 0.14886899632219197, "weight_est_kg": 0.08932139779331519, "weight_lo_kg": 0.0595475985288768, "weight_hi_kg": 0.29773799264438394, "crew": "1인", "stop_id": "S121"}}, {"type": "Feature", "geometry": {"type": "Polygon", "coordinates": [[[-157.19834578770354, 21.214137846152898], [-157.19834032745092, 21.21413778787508], [-157.1983403867503, 21.214132902682472], [-157.1983458470027, 21.214132960960274], [-157.19834578770354, 21.214137846152898]]]}, "properties": {"item_id": "880_7132_6983_1728", "cls": "plastic_other", "cls_raw": "Plastic_ETC", "score": 0.31506094336509705, "area_m2": 0.30668362825520507, "weight_est_kg": 0.7360407078124921, "weight_lo_kg": 0.4906938052083281, "weight_hi_kg": 2.4534690260416405, "crew": "1인", "stop_id": "S122"}}, {"type": "Feature", "geometry": {"type": "Polygon", "coordinates": [[[-157.19829081101435, 21.214117889585626], [-157.1982862863046, 21.214117841291543], [-157.19828633667447, 21.214113691846727], [-157.19829086138407, 21.2141137401408], [-157.19829081101435, 21.214117889585626]]]}, "properties": {"item_id": "880_7132_6983_1729", "cls": "plastic_buoy", "cls_raw": "Plastic_Buoy", "score": 0.2631148397922516, "area_m2": 0.21586238245373368, "weight_est_kg": 3.885522884167206, "weight_lo_kg": 1.942761442083603, "weight_hi_kg": 5.180697178889608, "crew": "1인", "stop_id": "S122"}}, {"type": "Feature", "geometry": {"type": "Polygon", "coordinates": [[[-157.1983063719556, 21.214106806227992], [-157.19830223116918, 21.214106762032074], [-157.19830228193547, 21.21410257988978], [-157.19830642272177, 21.21410262408568], [-157.1983063719556, 21.214106806227992]]]}, "properties": {"item_id": "880_7132_6983_1730", "cls": "net", "cls_raw": "Net", "score": 0.2561120092868805, "area_m2": 0.1991030490994948, "weight_est_kg": 3.5838548837909063, "weight_lo_kg": 1.493272868246211, "weight_hi_kg": 8.959637209477266, "crew": "1인", "stop_id": "S122"}}, {"type": "Feature", "geometry": {"type": "Polygon", "coordinates": [[[-157.1982909620037, 21.21412144319972], [-157.198285652048, 21.21412138652436], [-157.19828570559775, 21.214116975125158], [-157.1982910155533, 21.214117031800505], [-157.1982909620037, 21.21412144319972]]]}, "properties": {"item_id": "880_7132_6983_1731", "cls": "net", "cls_raw": "Net", "score": 0.24183544516563416, "area_m2": 0.26931683015830055, "weight_est_kg": 4.84770294284941, "weight_lo_kg": 2.0198762261872543, "weight_hi_kg": 12.119257357123523, "crew": "1인", "stop_id": "S122"}}, {"type": "Feature", "geometry": {"type": "Polygon", "coordinates": [[[-157.19831548649603, 21.21410959328406], [-157.19831141923518, 21.214109549873122], [-157.1983114575028, 21.214106397358613], [-157.1983155247636, 21.214106440769548], [-157.19831548649603, 21.21410959328406]]]}, "properties": {"item_id": "880_7132_6983_1732", "cls": "net", "cls_raw": "Net", "score": 0.17983558773994446, "area_m2": 0.14741965159181444, "weight_est_kg": 2.65355372865266, "weight_lo_kg": 1.1056473869386083, "weight_hi_kg": 6.633884321631649, "crew": "1인", "stop_id": "S122"}}, {"type": "Feature", "geometry": {"type": "Polygon", "coordinates": [[[-157.19833213423516, 21.214127214582355], [-157.19832557892758, 21.214127144616402], [-157.1983256354916, 21.214122484800285], [-157.19833219079896, 21.214122554766234], [-157.19833213423516, 21.214127214582355]]]}, "properties": {"item_id": "880_7132_6983_1733", "cls": "eps_fragment", "cls_raw": "Styrofoam_Piece", "score": 0.1498119980096817, "area_m2": 0.3512028704346099, "weight_est_kg": 0.21072172226076596, "weight_lo_kg": 0.14048114817384397, "weight_hi_kg": 0.7024057408692198, "crew": "1인", "stop_id": "S122"}}, {"type": "Feature", "geometry": {"type": "Polygon", "coordinates": [[[-157.19831763018382, 21.214146067832104], [-157.1983139122219, 21.214146028149322], [-157.19831396851896, 21.214141390362144], [-157.19831768648075, 21.21414143004491], [-157.19831763018382, 21.214146067832104]]]}, "properties": {"item_id": "880_7132_6983_1734", "cls": "eps_fragment", "cls_raw": "Styrofoam_Piece", "score": 0.1376023292541504, "area_m2": 0.19824941077647068, "weight_est_kg": 0.11894964646588241, "weight_lo_kg": 0.07929976431058827, "weight_hi_kg": 0.39649882155294136, "crew": "1인", "stop_id": "S122"}}, {"type": "Feature", "geometry": {"type": "Polygon", "coordinates": [[[-157.19832516877793, 21.21412207498403], [-157.1983184392027, 21.214122003157815], [-157.19831850335646, 21.21411671811054], [-157.1983252329314, 21.214116789936735], [-157.19832516877793, 21.21412207498403]]]}, "properties": {"item_id": "880_7132_6983_1735", "cls": "plastic_other", "cls_raw": "Plastic_ETC", "score": 0.13159114122390747, "area_m2": 0.40891472441117194, "weight_est_kg": 0.9813953385868126, "weight_lo_kg": 0.654263559057875, "weight_hi_kg": 3.2713177952893755, "crew": "1인", "stop_id": "S122"}}, {"type": "Feature", "geometry": {"type": "Polygon", "coordinates": [[[-157.1984003110899, 21.214107286321337], [-157.19837098100385, 21.21410697328624], [-157.19837110156658, 21.214097040912847], [-157.19840043165067, 21.214097353947786], [-157.1984003110899, 21.214107286321337]]]}, "properties": {"item_id": "880_7132_6983_1736", "cls": "plastic_other", "cls_raw": "Plastic_ETC", "score": 0.11189344525337219, "area_m2": 3.3493660183482747, "weight_est_kg": 8.03847844403586, "weight_lo_kg": 5.358985629357241, "weight_hi_kg": 26.794928146786198, "crew": "2인", "stop_id": "S121"}}, {"type": "Feature", "geometry": {"type": "Polygon", "coordinates": [[[-157.19833075485835, 21.214140142008695], [-157.19832484963064, 21.214140078981075], [-157.19832488972426, 21.21413677602082], [-157.19833079495183, 21.214136839048415], [-157.19833075485835, 21.214140142008695]]]}, "properties": {"item_id": "880_7132_6983_1737", "cls": "pet_bottle", "cls_raw": "PET_Bottle", "score": 0.11156406998634338, "area_m2": 0.2242519160852393, "weight_est_kg": 0.44401879384877385, "weight_lo_kg": 0.3700156615406449, "weight_hi_kg": 0.7400313230812898, "crew": "1인", "stop_id": "S122"}}, {"type": "Feature", "geometry": {"type": "Polygon", "coordinates": [[[-157.19828980261815, 21.214102777778756], [-157.1982854722922, 21.214102731559393], [-157.19828551934256, 21.21409885557811], [-157.19828984966833, 21.214098901797446], [-157.19828980261815, 21.214102777778756]]]}, "properties": {"item_id": "880_7132_6983_1738", "cls": "net", "cls_raw": "Net", "score": 0.10581092536449432, "area_m2": 0.19297388873105076, "weight_est_kg": 3.4735299971589133, "weight_lo_kg": 1.4473041654828807, "weight_hi_kg": 8.683824992897284, "crew": "1인", "stop_id": "S122"}}, {"type": "Feature", "geometry": {"type": "Polygon", "coordinates": [[[-157.1982431563386, 21.214179413711165], [-157.1982364607964, 21.21417934224478], [-157.19823652505283, 21.214174048995847], [-157.1982432205948, 21.21417412046221], [-157.1982431563386, 21.214179413711165]]]}, "properties": {"item_id": "880_7454_6879_1745", "cls": "eps_fragment", "cls_raw": "Styrofoam_Piece", "score": 0.2592671811580658, "area_m2": 0.4074779982001602, "weight_est_kg": 0.2444867989200961, "weight_lo_kg": 0.1629911992800641, "weight_hi_kg": 0.8149559964003205, "crew": "1인", "stop_id": "S122"}}, {"type": "Feature", "geometry": {"type": "Polygon", "coordinates": [[[-157.19831143763398, 21.214141053179468], [-157.19830794952526, 21.21414101594984], [-157.19830800616612, 21.214136349850047], [-157.19831149427475, 21.214136387079662], [-157.19831143763398, 21.214141053179468]]]}, "properties": {"item_id": "880_7454_6879_1746", "cls": "eps_fragment", "cls_raw": "Styrofoam_Piece", "score": 0.23998713493347168, "area_m2": 0.1871286171913612, "weight_est_kg": 0.11227717031481671, "weight_lo_kg": 0.07485144687654448, "weight_hi_kg": 0.3742572343827224, "crew": "1인", "stop_id": "S122"}}, {"type": "Feature", "geometry": {"type": "Polygon", "coordinates": [[[-157.19829084154892, 21.214117934245134], [-157.19828622043516, 21.214117884922086], [-157.19828627140373, 21.214113686155503], [-157.19829089251735, 21.214113735478538], [-157.19829084154892, 21.214117934245134]]]}, "properties": {"item_id": "880_7454_6879_1747", "cls": "plastic_buoy", "cls_raw": "Plastic_Buoy", "score": 0.23646508157253265, "area_m2": 0.22308205597406208, "weight_est_kg": 4.015477007533117, "weight_lo_kg": 2.0077385037665585, "weight_hi_kg": 5.35396934337749, "crew": "1인", "stop_id": "S122"}}, {"type": "Feature", "geometry": {"type": "Polygon", "coordinates": [[[-157.19833229678312, 21.214127534767258], [-157.19832552127465, 21.214127462451053], [-157.19832558363834, 21.214122324850948], [-157.1983323591466, 21.21412239716713], [-157.19833229678312, 21.214127534767258]]]}, "properties": {"item_id": "880_7454_6879_1748", "cls": "eps_fragment", "cls_raw": "Styrofoam_Piece", "score": 0.19650505483150482, "area_m2": 0.40021963528404647, "weight_est_kg": 0.24013178117042788, "weight_lo_kg": 0.1600878541136186, "weight_hi_kg": 0.8004392705680929, "crew": "1인", "stop_id": "S122"}}, {"type": "Feature", "geometry": {"type": "Polygon", "coordinates": [[[-157.19826730429764, 21.214136925921313], [-157.19826135222027, 21.214136862391438], [-157.19826140356872, 21.214132632393678], [-157.19826735564592, 21.21413269592354], [-157.19826730429764, 21.214136925921313]]]}, "properties": {"item_id": "880_7454_6879_1749", "cls": "net", "cls_raw": "Net", "score": 0.1896437406539917, "area_m2": 0.2894708999694113, "weight_est_kg": 5.210476199449403, "weight_lo_kg": 2.171031749770585, "weight_hi_kg": 13.026190498623507, "crew": "1인", "stop_id": "S122"}}, {"type": "Feature", "geometry": {"type": "Polygon", "coordinates": [[[-157.19822560961845, 21.21411651186766], [-157.19822129518715, 21.214116465816286], [-157.1982213455816, 21.214112314497523], [-157.19822566001275, 21.214112360548874], [-157.19822560961845, 21.21411651186766]]]}, "properties": {"item_id": "880_7454_6879_1750", "cls": "eps_fragment", "cls_raw": "Styrofoam_Piece", "score": 0.17207969725131989, "area_m2": 0.20592350459103934, "weight_est_kg": 0.1235541027546236, "weight_lo_kg": 0.08236940183641574, "weight_hi_kg": 0.41184700918207867, "crew": "1인", "stop_id": "S122"}}, {"type": "Feature", "geometry": {"type": "Polygon", "coordinates": [[[-157.198317525842, 21.214146027663308], [-157.19831392268904, 21.214145989205907], [-157.19831397875927, 21.214141370101796], [-157.19831758191214, 21.214141408559172], [-157.198317525842, 21.214146027663308]]]}, "properties": {"item_id": "880_7454_6879_1751", "cls": "eps_fragment", "cls_raw": "Styrofoam_Piece", "score": 0.16351377964019775, "area_m2": 0.19135358479549275, "weight_est_kg": 0.11481215087729564, "weight_lo_kg": 0.0765414339181971, "weight_hi_kg": 0.38270716959098555, "crew": "1인", "stop_id": "S122"}}, {"type": "Feature", "geometry": {"type": "Polygon", "coordinates": [[[-157.19833062984173, 21.214140114521836], [-157.19832475280043, 21.214140051795056], [-157.1983247907448, 21.214136925892692], [-157.198330667786, 21.21413698861946], [-157.19833062984173, 21.214140114521836]]]}, "properties": {"item_id": "880_7454_6879_1752", "cls": "pet_bottle", "cls_raw": "PET_Bottle", "score": 0.1576787233352661, "area_m2": 0.2112177039862204, "weight_est_kg": 0.4182110538927164, "weight_lo_kg": 0.34850921157726367, "weight_hi_kg": 0.6970184231545273, "crew": "1인", "stop_id": "S122"}}, {"type": "Feature", "geometry": {"type": "Polygon", "coordinates": [[[-157.19828183265753, 21.21413286748939], [-157.1982779732055, 21.214132826295646], [-157.19827802170056, 21.21412883132037], [-157.19828188115247, 21.21412887251411], [-157.19828183265753, 21.21413286748939]]]}, "properties": {"item_id": "880_7454_6879_1753", "cls": "net", "cls_raw": "Net", "score": 0.1576312929391861, "area_m2": 0.17727028739456765, "weight_est_kg": 3.1908651731022175, "weight_lo_kg": 1.3295271554592574, "weight_hi_kg": 7.977162932755545, "crew": "1인", "stop_id": "S122"}}, {"type": "Feature", "geometry": {"type": "Polygon", "coordinates": [[[-157.1983156823318, 21.214109565307687], [-157.1983115510093, 21.214109521213008], [-157.19831158742545, 21.214106521227784], [-157.19831571874784, 21.214106565322464], [-157.1983156823318, 21.214109565307687]]]}, "properties": {"item_id": "880_7454_6879_1754", "cls": "net", "cls_raw": "Net", "score": 0.1413373053073883, "area_m2": 0.1424965897947904, "weight_est_kg": 2.5649386163062275, "weight_lo_kg": 1.068724423460928, "weight_hi_kg": 6.412346540765568, "crew": "1인", "stop_id": "S122"}}, {"type": "Feature", "geometry": {"type": "Polygon", "coordinates": [[[-157.19832497371237, 21.214121780880212], [-157.19831847789922, 21.214121711548984], [-157.19831853870363, 21.21411670242362], [-157.19832503451653, 21.214116771754824], [-157.19832497371237, 21.214121780880212]]]}, "properties": {"item_id": "880_7454_6879_1755", "cls": "plastic_other", "cls_raw": "Plastic_ETC", "score": 0.12801477313041687, "area_m2": 0.3741033921987748, "weight_est_kg": 0.8978481412770595, "weight_lo_kg": 0.5985654275180398, "weight_hi_kg": 2.992827137590199, "crew": "1인", "stop_id": "S122"}}, {"type": "Feature", "geometry": {"type": "Polygon", "coordinates": [[[-157.19828567810558, 21.214119728586823], [-157.19827977527717, 21.21411966558329], [-157.19827982472762, 21.214115591896025], [-157.19828572755586, 21.214115654899537], [-157.19828567810558, 21.214119728586823]]]}, "properties": {"item_id": "880_7454_6879_1756", "cls": "pet_bottle", "cls_raw": "PET_Bottle", "score": 0.12418916076421738, "area_m2": 0.27646750325269415, "weight_est_kg": 0.5474056564403343, "weight_lo_kg": 0.4561713803669454, "weight_hi_kg": 0.9123427607338908, "crew": "1인", "stop_id": "S122"}}, {"type": "Feature", "geometry": {"type": "Polygon", "coordinates": [[[-157.19829460357246, 21.214098622687303], [-157.19828892001692, 21.214098562024525], [-157.1982889628309, 21.214095035021764], [-157.1982946463863, 21.21409509568453], [-157.19829460357246, 21.214098622687303]]]}, "properties": {"item_id": "880_7454_6879_1757", "cls": "net", "cls_raw": "Net", "score": 0.10505055636167526, "area_m2": 0.2304741443634606, "weight_est_kg": 4.14853459854229, "weight_lo_kg": 1.7285560827259543, "weight_hi_kg": 10.371336496355726, "crew": "1인", "stop_id": "S122"}}, {"type": "Feature", "geometry": {"type": "Polygon", "coordinates": [[[-157.1983159907635, 21.21410972571051], [-157.1983112942638, 21.214109675583536], [-157.19831134477502, 21.214105514431086], [-157.1983160412746, 21.214105564558036], [-157.1983159907635, 21.21410972571051]]]}, "properties": {"item_id": "880_7589_7208_1760", "cls": "net", "cls_raw": "Net", "score": 0.2676331698894501, "area_m2": 0.22469022906577207, "weight_est_kg": 4.044424123183897, "weight_lo_kg": 1.6851767179932906, "weight_hi_kg": 10.111060307959743, "crew": "1인", "stop_id": "S122"}}, {"type": "Feature", "geometry": {"type": "Polygon", "coordinates": [[[-157.19831698020076, 21.2141461875093], [-157.19831386412025, 21.214146154250553], [-157.1983139243116, 21.214141195648253], [-157.19831704039197, 21.214141228907], [-157.19831698020076, 21.2141461875093]]]}, "properties": {"item_id": "880_7589_7208_1761", "cls": "eps_fragment", "cls_raw": "Styrofoam_Piece", "score": 0.20199717581272125, "area_m2": 0.17764954370794342, "weight_est_kg": 0.10658972622476603, "weight_lo_kg": 0.07105981748317737, "weight_hi_kg": 0.35529908741588684, "crew": "1인", "stop_id": "S122"}}, {"type": "Feature", "geometry": {"type": "Polygon", "coordinates": [[[-157.19821283305092, 21.214077897807755], [-157.19820847098316, 21.21407785124767], [-157.19820850746152, 21.21407484630177], [-157.19821286952921, 21.214074892861852], [-157.19821283305092, 21.214077897807755]]]}, "properties": {"item_id": "880_7589_7208_1762", "cls": "net", "cls_raw": "Net", "score": 0.19761709868907928, "area_m2": 0.15070423865322044, "weight_est_kg": 2.7126762957579675, "weight_lo_kg": 1.1302817898991533, "weight_hi_kg": 6.781690739394919, "crew": "1인", "stop_id": "S122"}}, {"type": "Feature", "geometry": {"type": "Polygon", "coordinates": [[[-157.19828558303388, 21.214119738887014], [-157.19827990281635, 21.214119678259515], [-157.1982799511897, 21.214115693299618], [-157.19828563140706, 21.214115753927114], [-157.19828558303388, 21.214119738887014]]]}, "properties": {"item_id": "880_7589_7208_1763", "cls": "pet_bottle", "cls_raw": "PET_Bottle", "score": 0.17951174080371857, "area_m2": 0.2602466599345854, "weight_est_kg": 0.515288386670479, "weight_lo_kg": 0.4294069888920659, "weight_hi_kg": 0.8588139777841318, "crew": "1인", "stop_id": "S122"}}, {"type": "Feature", "geometry": {"type": "Polygon", "coordinates": [[[-157.19829083881143, 21.214117946658206], [-157.1982862182973, 21.214117897341556], [-157.19828627071328, 21.21411357933843], [-157.1982908912273, 21.21411362865508], [-157.19829083881143, 21.214117946658206]]]}, "properties": {"item_id": "880_7589_7208_1764", "cls": "plastic_buoy", "cls_raw": "Plastic_Buoy", "score": 0.17274580895900726, "area_m2": 0.2293873717189405, "weight_est_kg": 4.1289726909409294, "weight_lo_kg": 2.0644863454704647, "weight_hi_kg": 5.505296921254573, "crew": "1인", "stop_id": "S122"}}, {"type": "Feature", "geometry": {"type": "Polygon", "coordinates": [[[-157.19820864647255, 21.214072206347463], [-157.19820354437522, 21.21407215188827], [-157.19820359836567, 21.214067704374326], [-157.19820870046289, 21.214067758833504], [-157.19820864647255, 21.214072206347463]]]}, "properties": {"item_id": "880_7589_7208_1765", "cls": "net", "cls_raw": "Net", "score": 0.16879431903362274, "area_m2": 0.2608930295825653, "weight_est_kg": 4.6960745324861755, "weight_lo_kg": 1.9566977218692396, "weight_hi_kg": 11.740186331215437, "crew": "1인", "stop_id": "S122"}}, {"type": "Feature", "geometry": {"type": "Polygon", "coordinates": [[[-157.19826731407503, 21.21413696898109], [-157.1982613758469, 21.214136905599034], [-157.1982614307647, 21.214132381566788], [-157.19826736899262, 21.21413244494883], [-157.19826731407503, 21.21413696898109]]]}, "properties": {"item_id": "880_7589_7208_1766", "cls": "net", "cls_raw": "Net", "score": 0.16494974493980408, "area_m2": 0.30887216619558855, "weight_est_kg": 5.5596989915205945, "weight_lo_kg": 2.3165412464669144, "weight_hi_kg": 13.899247478801485, "crew": "1인", "stop_id": "S122"}}, {"type": "Feature", "geometry": {"type": "Polygon", "coordinates": [[[-157.19822550308595, 21.21411650202866], [-157.1982212362336, 21.21411645648514], [-157.1982212848939, 21.214112448016508], [-157.19822555174616, 21.214112493560023], [-157.19822550308595, 21.21411650202866]]]}, "properties": {"item_id": "880_7589_7208_1767", "cls": "eps_fragment", "cls_raw": "Styrofoam_Piece", "score": 0.15151266753673553, "area_m2": 0.19664476533239006, "weight_est_kg": 0.11798685919943402, "weight_lo_kg": 0.07865790613295603, "weight_hi_kg": 0.3932895306647802, "crew": "1인", "stop_id": "S122"}}, {"type": "Feature", "geometry": {"type": "Polygon", "coordinates": [[[-157.19830612133384, 21.214106756275623], [-157.1983024968848, 21.214106717590738], [-157.19830254488946, 21.214102762952546], [-157.1983061693384, 21.214102801637424], [-157.19830612133384, 21.214106756275623]]]}, "properties": {"item_id": "880_7589_7208_1768", "cls": "net", "cls_raw": "Net", "score": 0.14868825674057007, "area_m2": 0.16479537719045206, "weight_est_kg": 2.966316789428137, "weight_lo_kg": 1.2359653289283905, "weight_hi_kg": 7.415791973570342, "crew": "1인", "stop_id": "S122"}}, {"type": "Feature", "geometry": {"type": "Polygon", "coordinates": [[[-157.19825787255806, 21.21409480063451], [-157.19825358506168, 21.214094754871493], [-157.19825363486683, 21.21409065201453], [-157.19825792236313, 21.214090697777536], [-157.19825787255806, 21.21409480063451]]]}, "properties": {"item_id": "880_7589_7208_1769", "cls": "plastic_buoy", "cls_raw": "Plastic_Buoy", "score": 0.1438334733247757, "area_m2": 0.2022490419567134, "weight_est_kg": 3.640482755220841, "weight_lo_kg": 1.8202413776104205, "weight_hi_kg": 4.853977006961122, "crew": "1인", "stop_id": "S122"}}, {"type": "Feature", "geometry": {"type": "Polygon", "coordinates": [[[-157.19824881341577, 21.214128710910284], [-157.19824457441436, 21.214128665664603], [-157.19824462830522, 21.214124226265692], [-157.19824886730652, 21.21412427151137], [-157.19824881341577, 21.214128710910284]]]}, "properties": {"item_id": "880_7589_7208_1770", "cls": "net", "cls_raw": "Net", "score": 0.1279311180114746, "area_m2": 0.21636348624458324, "weight_est_kg": 3.894542752402498, "weight_lo_kg": 1.6227261468343743, "weight_hi_kg": 9.736356881006245, "crew": "1인", "stop_id": "S122"}}, {"type": "Feature", "geometry": {"type": "Polygon", "coordinates": [[[-157.1982643151021, 21.214070083834024], [-157.1982602177221, 21.214070040100438], [-157.1982602616648, 21.214066420164663], [-157.19826435904474, 21.214066463898234], [-157.1982643151021, 21.214070083834024]]]}, "properties": {"item_id": "880_7589_7208_1771", "cls": "plastic_buoy", "cls_raw": "Plastic_Buoy_China", "score": 0.11521656066179276, "area_m2": 0.17053106663827367, "weight_est_kg": 3.0695591994889257, "weight_lo_kg": 1.5347795997444629, "weight_hi_kg": 4.092745599318568, "crew": "1인", "stop_id": "S122"}}, {"type": "Feature", "geometry": {"type": "Polygon", "coordinates": [[[-157.1981828578795, 21.214086914322586], [-157.19816159931136, 21.21408668740673], [-157.19816177272165, 21.214072402912063], [-157.19818303128775, 21.214072629827754], [-157.1981828578795, 21.214086914322586]]]}, "properties": {"item_id": "880_7913_7250_1782", "cls": "eps_buoy", "cls_raw": "Styrofoam_Buoy", "score": 0.6097824573516846, "area_m2": 3.491365253823373, "weight_est_kg": 30.549445970954515, "weight_lo_kg": 13.092619701837648, "weight_hi_kg": 34.913652538233734, "crew": "2인", "stop_id": "S122"}}, {"type": "Feature", "geometry": {"type": "Polygon", "coordinates": [[[-157.19815440987844, 21.21408705727055], [-157.1981447730557, 21.21408695440495], [-157.1981449080192, 21.21407583703155], [-157.19815454484123, 21.214075939897086], [-157.19815440987844, 21.21408705727055]]]}, "properties": {"item_id": "880_7913_7250_1783", "cls": "eps_buoy", "cls_raw": "Styrofoam_Buoy", "score": 0.3338998258113861, "area_m2": 1.2317780666831215, "weight_est_kg": 10.778058083477312, "weight_lo_kg": 4.619167750061705, "weight_hi_kg": 12.317780666831215, "crew": "1인", "stop_id": "S122"}}, {"type": "Feature", "geometry": {"type": "Polygon", "coordinates": [[[-157.19816045197533, 21.214055124228512], [-157.19815486341503, 21.214055064575305], [-157.1981549271832, 21.214049811751874], [-157.1981605157433, 21.214049871405066], [-157.19816045197533, 21.214055124228512]]]}, "properties": {"item_id": "880_7913_7250_1784", "cls": "plastic_other", "cls_raw": "Plastic_ETC", "score": 0.2823629379272461, "area_m2": 0.33751201483019627, "weight_est_kg": 0.8100288355924711, "weight_lo_kg": 0.540019223728314, "weight_hi_kg": 2.70009611864157, "crew": "1인", "stop_id": "S122"}}, {"type": "Feature", "geometry": {"type": "Polygon", "coordinates": [[[-157.1981526749438, 21.214074234775502], [-157.198144464007, 21.214074147130116], [-157.19814454400765, 21.214067557217184], [-157.1981527549441, 21.214067644862542], [-157.1981526749438, 21.214074234775502]]]}, "properties": {"item_id": "880_7913_7250_1785", "cls": "eps_fragment", "cls_raw": "Styrofoam_Piece", "score": 0.24079769849777222, "area_m2": 0.6221123559595699, "weight_est_kg": 0.37326741357574195, "weight_lo_kg": 0.24884494238382796, "weight_hi_kg": 1.2442247119191399, "crew": "1인", "stop_id": "S122"}}, {"type": "Feature", "geometry": {"type": "Polygon", "coordinates": [[[-157.19815575705093, 21.214041849823335], [-157.19815098376276, 21.21404179887239], [-157.1981510307463, 21.214037928667988], [-157.19815580403431, 21.21403797961893], [-157.19815575705093, 21.214041849823335]]]}, "properties": {"item_id": "880_7913_7250_1786", "cls": "plastic_buoy", "cls_raw": "Plastic_Buoy_China", "score": 0.23300889134407043, "area_m2": 0.21239685815578016, "weight_est_kg": 3.823143446804043, "weight_lo_kg": 1.9115717234020215, "weight_hi_kg": 5.097524595738724, "crew": "1인", "stop_id": "S122"}}, {"type": "Feature", "geometry": {"type": "Polygon", "coordinates": [[[-157.1981751074419, 21.21405364254639], [-157.19817012522714, 21.214053589365864], [-157.19817017704997, 21.21404932048631], [-157.19817515926457, 21.21404937366683], [-157.1981751074419, 21.21405364254639]]]}, "properties": {"item_id": "880_7913_7250_1787", "cls": "plastic_buoy", "cls_raw": "Plastic_Buoy_China", "score": 0.20716960728168488, "area_m2": 0.24453038601881383, "weight_est_kg": 4.401546948338649, "weight_lo_kg": 2.2007734741693246, "weight_hi_kg": 5.868729264451533, "crew": "1인", "stop_id": "S122"}}, {"type": "Feature", "geometry": {"type": "Polygon", "coordinates": [[[-157.19816026535528, 21.21403435448594], [-157.19815367531757, 21.21403428414283], [-157.19815374217424, 21.214028776905483], [-157.19816033221167, 21.214028847248574], [-157.19816026535528, 21.21403435448594]]]}, "properties": {"item_id": "880_7913_7250_1788", "cls": "pet_bottle", "cls_raw": "PET_Bottle", "score": 0.20705263316631317, "area_m2": 0.4172710393996083, "weight_est_kg": 0.8261966580112244, "weight_lo_kg": 0.6884972150093538, "weight_hi_kg": 1.3769944300187076, "crew": "1인", "stop_id": "S122"}}, {"type": "Feature", "geometry": {"type": "Polygon", "coordinates": [[[-157.19822574041882, 21.214116571172564], [-157.19822126899012, 21.214116523445433], [-157.19822131856634, 21.214112439527945], [-157.19822578999492, 21.214112487255054], [-157.19822574041882, 21.214116571172564]]]}, "properties": {"item_id": "880_7913_7250_1789", "cls": "eps_fragment", "cls_raw": "Styrofoam_Piece", "score": 0.19633103907108307, "area_m2": 0.20995177572374793, "weight_est_kg": 0.12597106543424874, "weight_lo_kg": 0.08398071028949917, "weight_hi_kg": 0.41990355144749586, "crew": "1인", "stop_id": "S122"}}, {"type": "Feature", "geometry": {"type": "Polygon", "coordinates": [[[-157.1982088164799, 21.214072087950896], [-157.19820375353785, 21.21407203390965], [-157.1982038049267, 21.214067800703976], [-157.1982088678686, 21.214067854745206], [-157.1982088164799, 21.214072087950896]]]}, "properties": {"item_id": "880_7913_7250_1790", "cls": "net", "cls_raw": "Net", "score": 0.1840963214635849, "area_m2": 0.24641590924567147, "weight_est_kg": 4.4354863664220865, "weight_lo_kg": 1.8481193193425363, "weight_hi_kg": 11.088715916055216, "crew": "1인", "stop_id": "S122"}}, {"type": "Feature", "geometry": {"type": "Polygon", "coordinates": [[[-157.19815734891145, 21.214048024257224], [-157.19815331567617, 21.214047981205763], [-157.19815335847127, 21.214044456011194], [-157.19815739170647, 21.21404449906265], [-157.19815734891145, 21.214048024257224]]]}, "properties": {"item_id": "880_7913_7250_1791", "cls": "plastic_buoy", "cls_raw": "Plastic_Buoy", "score": 0.1520398110151291, "area_m2": 0.16346815506223925, "weight_est_kg": 2.9424267911203064, "weight_lo_kg": 1.4712133955601532, "weight_hi_kg": 3.923235721493742, "crew": "1인", "stop_id": "S122"}}, {"type": "Feature", "geometry": {"type": "Polygon", "coordinates": [[[-157.19817917499628, 21.214034438852135], [-157.19817544216536, 21.214034399007755], [-157.19817548260275, 21.21403106799144], [-157.19817921543356, 21.214031107835805], [-157.19817917499628, 21.214034438852135]]]}, "properties": {"item_id": "880_7913_7250_1792", "cls": "plastic_buoy", "cls_raw": "Plastic_Buoy", "score": 0.14646297693252563, "area_m2": 0.14295903828743672, "weight_est_kg": 2.573262689173861, "weight_lo_kg": 1.2866313445869304, "weight_hi_kg": 3.4310169188984814, "crew": "1인", "stop_id": "S122"}}, {"type": "Feature", "geometry": {"type": "Polygon", "coordinates": [[[-157.19816530835374, 21.21406542540257], [-157.1981610146157, 21.214065379570627], [-157.19816105530822, 21.21406202756447], [-157.19816534904618, 21.214062073396402], [-157.19816530835374, 21.21406542540257]]]}, "properties": {"item_id": "880_7913_7250_1793", "cls": "eps_fragment", "cls_raw": "Styrofoam_Piece", "score": 0.12739282846450806, "area_m2": 0.1654766852260047, "weight_est_kg": 0.09928601113560281, "weight_lo_kg": 0.06619067409040189, "weight_hi_kg": 0.33095337045200945, "crew": "1인", "stop_id": "S122"}}, {"type": "Feature", "geometry": {"type": "Polygon", "coordinates": [[[-157.19821483171032, 21.214065916168554], [-157.1982104269665, 21.214065869153018], [-157.19821047699682, 21.21406174784181], [-157.19821488174054, 21.214061794857347], [-157.19821483171032, 21.214065916168554]]]}, "properties": {"item_id": "880_7913_7250_1794", "cls": "plastic_buoy", "cls_raw": "Plastic_Buoy_China", "score": 0.11911854147911072, "area_m2": 0.20871444054251134, "weight_est_kg": 3.7568599297652043, "weight_lo_kg": 1.8784299648826022, "weight_hi_kg": 5.009146573020272, "crew": "1인", "stop_id": "S122"}}, {"type": "Feature", "geometry": {"type": "Polygon", "coordinates": [[[-157.1981949809284, 21.214077122330334], [-157.19818326352043, 21.214076997258896], [-157.19818339586894, 21.21406609505338], [-157.19819511327603, 21.214066220124757], [-157.1981949809284, 21.214077122330334]]]}, "properties": {"item_id": "880_7913_7250_1795", "cls": "plastic_other", "cls_raw": "Plastic_ETC", "score": 0.11081968992948532, "area_m2": 1.468731222439177, "weight_est_kg": 3.524954933854025, "weight_lo_kg": 2.3499699559026834, "weight_hi_kg": 11.749849779513417, "crew": "1인", "stop_id": "S122"}}, {"type": "Feature", "geometry": {"type": "Polygon", "coordinates": [[[-157.19817348645225, 21.214074389289912], [-157.19816611857973, 21.214074310644513], [-157.19816619253086, 21.21406821897617], [-157.19817356040312, 21.214068297621544], [-157.19817348645225, 21.214074389289912]]]}, "properties": {"item_id": "880_7913_7250_1796", "cls": "rope", "cls_raw": "Rope", "score": 0.10898657888174057, "area_m2": 0.5160298016012996, "weight_est_kg": 6.192357619215596, "weight_lo_kg": 4.128238412810397, "weight_hi_kg": 10.320596032025993, "crew": "1인", "stop_id": "S122"}}, {"type": "Feature", "geometry": {"type": "Polygon", "coordinates": [[[-157.19819609624474, 21.2140485142108], [-157.19819120158132, 21.214048461965433], [-157.1981912433526, 21.214045021038917], [-157.19819613801587, 21.214045073284293], [-157.19819609624474, 21.2140485142108]]]}, "properties": {"item_id": "880_7913_7250_1797", "cls": "plastic_buoy", "cls_raw": "Plastic_Buoy_China", "score": 0.10587649047374725, "area_m2": 0.19363984279637378, "weight_est_kg": 3.485517170334728, "weight_lo_kg": 1.742758585167364, "weight_hi_kg": 4.647356227112971, "crew": "1인", "stop_id": "S122"}}, {"type": "Feature", "geometry": {"type": "Polygon", "coordinates": [[[-156.75349647491132, 21.100465398397933], [-156.75349154260223, 21.100465333029522], [-156.75349161581528, 21.100460468196218], [-156.75349654812422, 21.100460533564615], [-156.75349647491132, 21.100465398397933]]]}, "properties": {"item_id": "9435_438_6839_1803", "cls": "plastic_buoy", "cls_raw": "Plastic_Buoy", "score": 0.2266804575920105, "area_m2": 0.2762356111467571, "weight_est_kg": 4.9722410006416276, "weight_lo_kg": 2.4861205003208138, "weight_hi_kg": 6.62965466752217, "crew": "1인", "stop_id": "S123"}}, {"type": "Feature", "geometry": {"type": "Polygon", "coordinates": [[[-156.75351818384087, 21.100442168542784], [-156.7535134266, 21.100442105495233], [-156.75351348455578, 21.10043825442459], [-156.75351824179657, 21.100438317472136], [-156.75351818384087, 21.100442168542784]]]}, "properties": {"item_id": "9435_438_6839_1804", "cls": "net", "cls_raw": "Net", "score": 0.2076113522052765, "area_m2": 0.2109104503274488, "weight_est_kg": 3.796388105894078, "weight_lo_kg": 1.581828377455866, "weight_hi_kg": 9.490970264735196, "crew": "1인", "stop_id": "S123"}}, {"type": "Feature", "geometry": {"type": "Polygon", "coordinates": [[[-156.75349242507338, 21.10040706869979], [-156.75348549669286, 21.100406976877224], [-156.75348552778865, 21.100404910634325], [-156.75349245616908, 21.100405002456878], [-156.75349242507338, 21.10040706869979]]]}, "properties": {"item_id": "9435_438_6839_1805", "cls": "pet_bottle", "cls_raw": "PET_Bottle", "score": 0.12656445801258087, "area_m2": 0.16480663631562512, "weight_est_kg": 0.3263171399049377, "weight_lo_kg": 0.2719309499207815, "weight_hi_kg": 0.543861899841563, "crew": "1인", "stop_id": "S123"}}, {"type": "Feature", "geometry": {"type": "Polygon", "coordinates": [[[-156.75355491611245, 21.100521418907537], [-156.75355152249873, 21.100521373932704], [-156.75355157024038, 21.10051820153765], [-156.75355496385404, 21.100518246512475], [-156.75355491611245, 21.100521418907537]]]}, "properties": {"item_id": "9435_438_6839_1806", "cls": "plastic_other", "cls_raw": "Plastic_ETC", "score": 0.10163375735282898, "area_m2": 0.12393982953183172, "weight_est_kg": 0.2974555908763961, "weight_lo_kg": 0.19830372725093076, "weight_hi_kg": 0.9915186362546538, "crew": "1인", "stop_id": "S123"}}, {"type": "Feature", "geometry": {"type": "Polygon", "coordinates": [[[-157.10075389580763, 21.100744829141913], [-157.1007452325921, 21.100744732088316], [-157.10074536978712, 21.100733947564315], [-157.10075403300206, 21.100734044617862], [-157.10075389580763, 21.100744829141913]]]}, "properties": {"item_id": "9524_11512_8203_1808", "cls": "eps_fragment", "cls_raw": "Styrofoam_Piece", "score": 0.25064152479171753, "area_m2": 1.0751008570792961, "weight_est_kg": 0.6450605142475776, "weight_lo_kg": 0.43004034283171844, "weight_hi_kg": 2.1502017141585923, "crew": "1인", "stop_id": "S124"}}, {"type": "Feature", "geometry": {"type": "Polygon", "coordinates": [[[-157.098795974681, 21.10071198290154], [-157.09877155623317, 21.100711709059812], [-157.09877191993212, 21.10068314932358], [-157.09879633837528, 21.100683423164888], [-157.098795974681, 21.10071198290154]]]}, "properties": {"item_id": "9525_6557_9116_1812", "cls": "plastic_other", "cls_raw": "Plastic_ETC", "score": 0.1079285591840744, "area_m2": 8.024951986623314, "weight_est_kg": 19.259884767895954, "weight_lo_kg": 12.839923178597303, "weight_hi_kg": 64.19961589298651, "crew": "장비", "stop_id": "S125"}}]}