filename,island,lat,lon,epsg,px_m,split,n_labels
hawaii_1_10158_2619_22122.jpg,hawaii,19.7784211,-155.0891719,26905,0.020000000000001864,train,3
hawaii_1_11699_5374_23774.jpg,hawaii,19.8300320,-155.0850505,26905,0.02000000000000094,train,1
hawaii_1_11979_11396_8780.jpg,hawaii,19.8421733,-155.0847583,26905,0.020000000000000493,train,1
hawaii_1_1257_2569_16798.jpg,hawaii,19.4805346,-154.8211143,26905,0.019999999999999563,train,2
hawaii_1_12678_2276_14885.jpg,hawaii,19.8629742,-155.0912555,26905,0.02000000000000155,train,2
hawaii_1_13093_20136_13904.jpg,hawaii,19.8786617,-155.1104732,26905,0.020000000000000493,eval,3
hawaii_1_13649_3680_2952.jpg,hawaii,19.8992697,-155.1296507,26905,0.020000000000001343,train,1
hawaii_1_1537_9617_13997.jpg,hawaii,19.4904900,-154.8192660,26905,0.020000000000001652,train,1
hawaii_1_16009_14569_1247.jpg,hawaii,19.9786113,-155.2203479,26905,0.019999999999999275,eval,3
hawaii_1_16009_14918_1365.jpg,hawaii,19.9785908,-155.2202810,26905,0.019999999999999275,eval,4
hawaii_1_16010_6389_11168.jpg,hawaii,19.9768536,-155.2176072,26905,0.020000000000000493,train,3
hawaii_1_16425_10635_22683.jpg,hawaii,19.9886424,-155.2393974,26905,0.020000000000000805,train,1
hawaii_1_17944_3806_6579.jpg,hawaii,20.0413397,-155.3357102,26905,0.020000000000000493,train,2
hawaii_1_18770_18246_12570.jpg,hawaii,20.0685522,-155.3962018,26905,0.020000000000000493,eval,2
hawaii_1_18770_19110_12983.jpg,hawaii,20.0684799,-155.3960355,26905,0.020000000000000493,eval,3
hawaii_1_18770_19454_13447.jpg,hawaii,20.0683970,-155.3959685,26905,0.020000000000000493,eval,4
hawaii_1_19047_17617_17893.jpg,hawaii,20.0768317,-155.4099160,26905,0.020000000000000493,train,1
hawaii_1_19322_13899_9843.jpg,hawaii,20.0873930,-155.4332364,26905,0.020000000000000493,train,4
hawaii_1_19322_14025_8297.jpg,hawaii,20.0876725,-155.4332166,26905,0.020000000000000493,eval,13
hawaii_1_19322_14239_8791.jpg,hawaii,20.0875839,-155.4331743,26905,0.020000000000000493,eval,17
hawaii_1_19322_14367_8303.jpg,hawaii,20.0876723,-155.4331512,26905,0.020000000000000493,eval,15
hawaii_1_19322_14842_8362.jpg,hawaii,20.0876629,-155.4330603,26905,0.020000000000000493,train,8
hawaii_1_19322_15233_8304.jpg,hawaii,20.0876744,-155.4329857,26905,0.020000000000000493,eval,15
hawaii_1_19322_15624_8015.jpg,hawaii,20.0877276,-155.4329118,26905,0.020000000000000493,eval,9
hawaii_1_19322_16035_7802.jpg,hawaii,20.0877672,-155.4328338,26905,0.020000000000000493,train,3
hawaii_1_2658_12351_11117.jpg,hawaii,19.5287611,-154.8164968,26905,0.020000000000000493,train,2
hawaii_1_2794_12000_6071.jpg,hawaii,19.5342143,-154.8337098,26905,0.02,train,2
hawaii_1_2794_5604_1798.jpg,hawaii,19.5349738,-154.8349372,26905,0.02,eval,4
hawaii_1_2794_5686_2355.jpg,hawaii,19.5348734,-154.8349204,26905,0.02,train,17
hawaii_1_2794_6619_2330.jpg,hawaii,19.5348797,-154.8347427,26905,0.02,train,4
hawaii_1_2794_7833_3153.jpg,hawaii,19.5347334,-154.8345097,26905,0.02,eval,16
hawaii_1_2797_13587_17058.jpg,hawaii,19.5314535,-154.8207667,26905,0.020000000000000493,train,1
hawaii_1_2933_15947_12331.jpg,hawaii,19.5377521,-154.8382896,26905,0.020000000000000493,eval,7
hawaii_1_2933_17950_15735.jpg,hawaii,19.5371410,-154.8379010,26905,0.020000000000000493,train,6
hawaii_1_2933_18322_15954.jpg,hawaii,19.5371022,-154.8378297,26905,0.020000000000000493,train,7
hawaii_1_2933_18658_16149.jpg,hawaii,19.5370676,-154.8377652,26905,0.020000000000000493,train,4
hawaii_1_2933_19071_16592.jpg,hawaii,19.5369884,-154.8376856,26905,0.020000000000000493,train,6
hawaii_1_2933_7469_5936.jpg,hawaii,19.5388909,-154.8399182,26905,0.020000000000000493,train,19
hawaii_1_2933_7584_5598.jpg,hawaii,19.5389522,-154.8398969,26905,0.020000000000000493,train,14
hawaii_1_3071_15520_12997.jpg,hawaii,19.5422567,-154.8471451,26905,0.020000000000000417,train,15
hawaii_1_3071_7821_4407.jpg,hawaii,19.5437935,-154.8486298,26905,0.020000000000000417,train,4
hawaii_1_3484_1603_9933.jpg,hawaii,19.5555321,-154.8815083,26905,0.020000000000000493,train,2
hawaii_1_3759_17384_2303.jpg,hawaii,19.5672057,-154.9010169,26905,0.020000000000000493,train,2
hawaii_1_3898_20836_16604.jpg,hawaii,19.5692966,-154.9048597,26905,0.020000000000000493,eval,2
hawaii_1_6402_10262_20080.jpg,hawaii,19.6527346,-154.9795147,26905,0.019999999999999754,eval,2
hawaii_1_6541_7090_5839.jpg,hawaii,19.6599845,-154.9829409,26905,0.019999999999999837,train,2
hawaii_1_6541_8645_24300.jpg,hawaii,19.6566531,-154.9826034,26905,0.019999999999999837,eval,13
hawaii_1_6681_6022_17550.jpg,hawaii,19.6625879,-154.9825656,26905,0.020000000000003543,eval,3
hawaii_1_8480_12605_9518.jpg,hawaii,19.7233457,-155.0785015,26905,0.020000000000000493,train,1
hawaii_1_8638_978_5071.jpg,hawaii,19.7306558,-155.0001665,26905,0.020000000000000493,train,1
hawaii_1_8897_11785_20455.jpg,hawaii,19.7362664,-155.0912143,26905,0.020000000000000257,train,1
hawaii_1_8897_17590_8607.jpg,hawaii,19.7384193,-155.0901348,26905,0.020000000000000257,train,19
hawaii_1_8898_-150_8626.jpg,hawaii,19.7384164,-155.0900911,26905,0.02000000000000057,train,13
hawaii_1_976_3969_11502.jpg,hawaii,19.4720074,-154.8264074,26905,0.020000000000000493,train,1
hawaii_2_10219_1770_14368.jpg,hawaii,19.3984473,-154.9189501,26905,0.019999999999999536,train,4
hawaii_2_1035_9446_10164.jpg,hawaii,18.9683442,-155.6199734,26905,0.019999999999999633,train,1
hawaii_2_1036_16661_5786.jpg,hawaii,18.9692137,-155.6144034,26905,0.01999999999999962,train,3
hawaii_2_1037_10454_19975.jpg,hawaii,18.9667120,-155.6100881,26905,0.019999999999999758,train,4
hawaii_2_1037_14383_21329.jpg,hawaii,18.9664780,-155.6093386,26905,0.019999999999999758,train,1
hawaii_2_1037_17635_20343.jpg,hawaii,18.9666647,-155.6087242,26905,0.019999999999999758,train,1
hawaii_2_1038_18415_10185.jpg,hawaii,18.9685777,-155.6031513,26905,0.019999999999999758,train,7
hawaii_2_1038_2457_9367.jpg,hawaii,18.9686828,-155.6061823,26905,0.019999999999999758,train,1
hawaii_2_1038_25381_10807.jpg,hawaii,18.9684840,-155.6018275,26905,0.019999999999999758,eval,6
hawaii_2_1038_25999_10208.jpg,hawaii,18.9685938,-155.6017119,26905,0.019999999999999758,train,2
hawaii_2_1038_9519_6909.jpg,hawaii,18.9691455,-155.6048489,26905,0.019999999999999758,eval,4
hawaii_2_1038_9838_7033.jpg,hawaii,18.9691240,-155.6047880,26905,0.019999999999999758,train,4
hawaii_2_1109_11291_10883.jpg,hawaii,18.9725511,-155.5991106,26905,0.019999999999999758,train,3
hawaii_2_111_19097_-227.jpg,hawaii,19.0988104,-155.5352133,26905,0.01999999999999973,train,1
hawaii_2_116_16987_159.jpg,hawaii,18.9169116,-155.6680553,26905,0.019999999999999758,train,3
hawaii_2_1179_16434_7591.jpg,hawaii,18.9772326,-155.5959599,26905,0.019999999999999518,train,3
hawaii_2_1180_-69_7593.jpg,hawaii,18.9772333,-155.5958849,26905,0.02000000000000072,eval,1
hawaii_2_1180_1029_6469.jpg,hawaii,18.9774392,-155.5956797,26905,0.02000000000000072,train,6
hawaii_2_1180_1327_4304.jpg,hawaii,18.9778309,-155.5956292,26905,0.02000000000000072,train,1
hawaii_2_1180_1653_6577.jpg,hawaii,18.9774214,-155.5955609,26905,0.02000000000000072,eval,8
hawaii_2_1180_439_5366.jpg,hawaii,18.9776368,-155.5957948,26905,0.02000000000000072,train,1
hawaii_2_1215_20378_12511.jpg,hawaii,19.1290576,-155.5105123,26905,0.020000000000000233,eval,4
hawaii_2_1215_21117_11735.jpg,hawaii,19.1291997,-155.5103740,26905,0.020000000000000233,train,1
hawaii_2_1326_16246_10138.jpg,hawaii,19.1329732,-155.5053958,26905,0.019999999999999456,train,1
hawaii_2_1438_21318_1153.jpg,hawaii,19.1380163,-155.4920470,26905,0.020000000000000313,train,1
hawaii_2_1671_2915_16340.jpg,hawaii,19.0031573,-155.5867618,26905,0.02000000000000011,train,2
hawaii_2_1774_22050_4744.jpg,hawaii,19.1475987,-155.4538239,26905,0.020000000000000313,eval,1
hawaii_2_186_4485_5224.jpg,hawaii,18.9170860,-155.6687724,26905,0.01999999999999919,eval,2
hawaii_2_187_23363_5860.jpg,hawaii,18.9200195,-155.6614418,26905,0.019999999999999758,train,11
hawaii_2_187_23757_5753.jpg,hawaii,18.9200399,-155.6613674,26905,0.019999999999999758,eval,11
hawaii_2_1885_13140_6312.jpg,hawaii,19.1506163,-155.4491904,26905,0.019999999999999813,train,1
hawaii_2_1885_16885_750.jpg,hawaii,19.1516302,-155.4484936,26905,0.019999999999999813,train,2
hawaii_2_1908_8107_7952.jpg,hawaii,19.0157841,-155.8240751,26905,0.019999999999999768,train,1
hawaii_2_1973_10200_14017.jpg,hawaii,19.0208228,-155.8510405,26905,0.019999999999999758,train,3
hawaii_2_1973_12751_15793.jpg,hawaii,19.0205097,-155.8505508,26905,0.019999999999999758,train,1
hawaii_2_1973_13985_15290.jpg,hawaii,19.0206041,-155.8503181,26905,0.019999999999999758,train,1
hawaii_2_2237_6218_604.jpg,hawaii,19.0396724,-155.5574610,26905,0.020000000000000073,train,1
hawaii_2_2438_217_15172.jpg,hawaii,19.1654290,-155.4327492,26905,0.01999999999999948,train,1
hawaii_2_2518_3532_32.jpg,hawaii,19.0560119,-155.5527640,26905,0.01999999999999992,train,1
hawaii_2_2588_174_13210.jpg,hawaii,19.0576655,-155.5534271,26905,0.01999999999999971,train,7
hawaii_2_2588_20_13576.jpg,hawaii,19.0575990,-155.5534554,26905,0.01999999999999971,train,10
hawaii_2_2588_295_19847.jpg,hawaii,19.0564673,-155.5533858,26905,0.01999999999999971,train,1
hawaii_2_2588_510_20224.jpg,hawaii,19.0563998,-155.5533439,26905,0.01999999999999971,train,17
hawaii_2_2588_694_19884.jpg,hawaii,19.0564617,-155.5533099,26905,0.01999999999999971,train,15
hawaii_2_2588_926_20410.jpg,hawaii,19.0563673,-155.5532644,26905,0.01999999999999971,train,9
hawaii_2_2588_948_19515.jpg,hawaii,19.0565290,-155.5532627,26905,0.01999999999999971,train,3
hawaii_2_259_1109_11730.jpg,hawaii,18.9230970,-155.6548079,26905,0.02000000000000044,eval,14
hawaii_2_259_11517_20.jpg,hawaii,18.9252396,-155.6528665,26905,0.02000000000000044,eval,4
hawaii_2_259_2078_10755.jpg,hawaii,18.9232757,-155.6546268,26905,0.02000000000000044,train,1
hawaii_2_2658_1717_253.jpg,hawaii,19.0640511,-155.5532319,26905,0.02,eval,1
hawaii_2_2797_3192_16968.jpg,hawaii,19.0691049,-155.5541599,26905,0.019999999999999612,eval,8
hawaii_2_2797_3218_16589.jpg,hawaii,19.0691734,-155.5541560,26905,0.019999999999999612,train,8
hawaii_2_2797_3279_19212.jpg,hawaii,19.0687000,-155.5541372,26905,0.019999999999999612,eval,2
hawaii_2_2797_3618_4855.jpg,hawaii,19.0712933,-155.5541125,26905,0.019999999999999612,train,6
hawaii_2_2797_3759_5194.jpg,hawaii,19.0712325,-155.5540848,26905,0.019999999999999612,train,6
hawaii_2_2797_3797_7557.jpg,hawaii,19.0708059,-155.5540710,26905,0.019999999999999612,train,2
hawaii_2_2937_11551_12911.jpg,hawaii,19.0779040,-155.5555453,26905,0.019999999999999723,train,2
hawaii_2_2937_11645_12486.jpg,hawaii,19.0779810,-155.5555286,26905,0.019999999999999723,eval,11
hawaii_2_2937_16526_2157.jpg,hawaii,19.0798590,-155.5546302,26905,0.019999999999999723,eval,1
hawaii_2_3078_25909_6162.jpg,hawaii,19.0860582,-155.5489734,26905,0.019999999999999758,train,1
hawaii_2_3083_7894_17560.jpg,hawaii,19.0839781,-155.9071327,26905,0.020000000000000306,train,1
hawaii_2_323_8362_15435.jpg,hawaii,18.9260719,-155.6825104,26905,0.019999999999998134,train,1
hawaii_2_3362_12673_19150.jpg,hawaii,19.0997821,-155.9119590,26905,0.019999999999999532,train,2
hawaii_2_393_9808_12448.jpg,hawaii,18.9306418,-155.6833399,26905,0.019999999999999764,train,1
hawaii_2_44_8810_7131.jpg,hawaii,18.9114317,-155.6804251,26905,0.019999999999999758,eval,1
hawaii_2_472_12027_-49.jpg,hawaii,18.9376118,-155.6366047,26905,0.0199999999999999,train,1
hawaii_2_472_7504_3478.jpg,hawaii,18.9369627,-155.6374529,26905,0.0199999999999999,train,4
hawaii_2_4833_13240_13633.jpg,hawaii,19.1857164,-155.9076445,26905,0.019999999999999896,train,2
hawaii_2_4875_10338_1271.jpg,hawaii,19.2406151,-155.3235513,26905,0.020000000000000313,train,4
hawaii_2_4875_8173_1071.jpg,hawaii,19.2406460,-155.3239635,26905,0.020000000000000313,eval,1
hawaii_2_613_859_21292.jpg,hawaii,18.9418892,-155.6333379,26905,0.0199999999999996,eval,23
hawaii_2_613_908_20893.jpg,hawaii,18.9419614,-155.6333297,26905,0.0199999999999996,train,28
hawaii_2_663_26102_9791.jpg,hawaii,19.1133679,-155.5226176,26905,0.020000000000000313,train,1
hawaii_2_683_12274_13294.jpg,hawaii,18.9474248,-155.6299207,26905,0.019999999999999088,train,17
hawaii_2_683_13401_12561.jpg,hawaii,18.9475602,-155.6297090,26905,0.019999999999999088,eval,3
hawaii_2_754_10016_12057.jpg,hawaii,18.9517422,-155.6263004,26905,0.020000000000000448,eval,4
hawaii_2_754_12837_3540.jpg,hawaii,18.9532876,-155.6257891,26905,0.020000000000000448,train,2
hawaii_2_754_5346_15144.jpg,hawaii,18.9511722,-155.6271779,26905,0.020000000000000448,train,3
hawaii_2_754_5449_14780.jpg,hawaii,18.9512382,-155.6271594,26905,0.020000000000000448,train,7
hawaii_2_809_4148_2090.jpg,hawaii,18.9563894,-155.7092972,26905,0.020000000000000122,train,2
hawaii_2_885_25477_881.jpg,hawaii,19.1216256,-155.5101214,26905,0.020000000000000313,train,1
hawaii_2_895_15_361.jpg,hawaii,18.9619879,-155.6229049,26905,0.019999999999999206,eval,13
hawaii_2_895_8_39.jpg,hawaii,18.9620460,-155.6229072,26905,0.019999999999999206,train,14
hawaii_2_965_8073_15118.jpg,hawaii,18.9633867,-155.6213972,26905,0.020000000000000302,train,1
hawaii_2_995_14042_14515.jpg,hawaii,19.1223996,-155.5102931,26905,0.020000000000001062,eval,1
hawaii_3_132_3532_18147.jpg,hawaii,20.0355449,-155.8341724,26905,0.019994584074777378,train,1
hawaii_3_132_8448_28669.jpg,hawaii,20.0336611,-155.8331996,26905,0.019994584074777378,train,1
hawaii_3_3065_1658_2436.jpg,hawaii,19.4270291,-155.9177558,26905,0.019997284209589416,train,1
hawaii_3_3562_11981_11589.jpg,hawaii,19.4710112,-155.9221627,26905,0.019997486148909702,eval,5
hawaii_3_5714_8010_22011.jpg,hawaii,19.6797284,-156.0313150,26905,0.020001033615091597,eval,1
hawaii_3_6707_12295_9336.jpg,hawaii,19.7791381,-156.0453124,26905,0.020001510213124518,eval,1
hawaii_3_7021_3141_28112.jpg,hawaii,19.8036494,-156.0135722,26905,0.020000422743913962,train,1
hawaii_3_7659_5586_45559.jpg,hawaii,19.8559897,-155.9229090,26905,0.019997485463308803,train,1
hawaii_3_772_1370_42967.jpg,hawaii,19.2008591,-155.9057138,26905,0.01999687437754368,eval,1
hawaii_3_7862_11061_30346.jpg,hawaii,19.8765242,-155.9144480,26905,0.019997245068272468,train,1
hawaii_3_8786_7460_24269.jpg,hawaii,19.9609936,-155.8571661,26905,0.019995362704161634,eval,1
hawaii_4_1055_15304_10730.jpg,hawaii,20.0905821,-155.8731393,26905,0.019999999999999865,train,1
hawaii_4_1118_7620_15295.jpg,hawaii,20.0961088,-155.4523928,26905,0.020000000000000396,train,1
hawaii_4_1125_10309_4978.jpg,hawaii,20.0948602,-155.8752372,26905,0.02000000000000006,train,1
hawaii_4_1474_7880_8276.jpg,hawaii,20.1105111,-155.8827075,26905,0.019999999999999324,train,1
hawaii_4_150_21683_11256.jpg,hawaii,20.0484869,-155.8386307,26905,0.020000000000000143,train,1
hawaii_4_1865_8320_512.jpg,hawaii,20.1326003,-155.6054851,26905,0.020000000000000885,eval,1
hawaii_4_219_6918_2490.jpg,hawaii,20.0532679,-155.8433296,26905,0.020000000000001975,train,1
hawaii_4_2559_1757_11935.jpg,hawaii,20.1626217,-155.6495385,26905,0.02000000000000006,eval,5
hawaii_4_2627_13969_4351.jpg,hawaii,20.1671272,-155.6586947,26905,0.020000000000000472,train,1
hawaii_4_2628_4302_12485.jpg,hawaii,20.1657017,-155.6558272,26905,0.020000000000000396,train,1
hawaii_4_2696_16541_2112.jpg,hawaii,20.1707225,-155.6641889,26905,0.02000000000000057,train,1
hawaii_4_2697_19816_17295.jpg,hawaii,20.1680499,-155.6596235,26905,0.020000000000000396,train,1
hawaii_4_2697_7903_10057.jpg,hawaii,20.1693221,-155.6619233,26905,0.020000000000000396,train,1
hawaii_4_2766_3718_5488.jpg,hawaii,20.1733062,-155.6695150,26905,0.020000000000000396,train,2
hawaii_4_2903_13748_14590.jpg,hawaii,20.1779314,-155.6878469,26905,0.020000000000000396,train,3
hawaii_4_2972_19016_13570.jpg,hawaii,20.1813224,-155.6922366,26905,0.02000000000000025,train,2
hawaii_4_2972_19429_14066.jpg,hawaii,20.1812341,-155.6921561,26905,0.02000000000000025,train,2
hawaii_4_3151_9320_11131.jpg,hawaii,20.1882299,-155.9029397,26905,0.01999999999999994,train,1
hawaii_4_3456_9325_8665.jpg,hawaii,20.2045205,-155.7314745,26905,0.020000000000001347,train,3
hawaii_4_3456_9621_9581.jpg,hawaii,20.2043560,-155.7314150,26905,0.020000000000001347,eval,2
hawaii_4_3596_10218_16780.jpg,hawaii,20.2095755,-155.7332428,26905,0.020000000000000174,train,1
hawaii_4_359_19937_9204.jpg,hawaii,20.0585623,-155.8458636,26905,0.020000000000000146,train,2
hawaii_4_3945_20720_15586.jpg,hawaii,20.2260376,-155.7411451,26905,0.020000000000000396,eval,8
hawaii_4_4152_5679_1790.jpg,hawaii,20.2380001,-155.7634682,26905,0.02000000000000019,eval,4
hawaii_4_4152_6063_1865.jpg,hawaii,20.2379877,-155.7633945,26905,0.02000000000000019,eval,4
hawaii_4_4291_10155_13333.jpg,hawaii,20.2423548,-155.7703577,26905,0.020000000000000146,train,3
hawaii_4_4291_10374_10050.jpg,hawaii,20.2429481,-155.7703263,26905,0.020000000000000146,train,1
hawaii_4_4291_14409_14832.jpg,hawaii,20.2420971,-155.7695393,26905,0.020000000000000146,train,2
hawaii_4_4291_9553_11901.jpg,hawaii,20.2426115,-155.7704774,26905,0.020000000000000146,train,7
hawaii_4_4291_9566_12243.jpg,hawaii,20.2425498,-155.7704739,26905,0.020000000000000146,train,6
hawaii_4_4565_27216_3057.jpg,hawaii,20.2567112,-155.8077085,26905,0.020000000000000396,train,1
hawaii_4_4565_29949_9329.jpg,hawaii,20.2555875,-155.8071654,26905,0.020000000000000396,train,3
hawaii_4_4565_29967_10173.jpg,hawaii,20.2554352,-155.8071592,26905,0.020000000000000396,train,25
hawaii_4_4565_30025_9691.jpg,hawaii,20.2555223,-155.8071497,26905,0.020000000000000396,train,15
kahoolawe_104_12554_5552.jpg,maui,20.6029115,-156.5790517,26904,0.020000000000002485,train,1
kahoolawe_1054_9272_6921.jpg,maui,20.5603677,-156.6551378,26904,0.020000000000002485,eval,1
kahoolawe_105_5252_5425.jpg,maui,20.6029138,-156.5775751,26904,0.020000000000002485,train,1
kahoolawe_105_7849_5266.jpg,maui,20.6029355,-156.5770767,26904,0.020000000000002485,train,2
kahoolawe_106_13963_1814.jpg,maui,20.6035020,-156.5730179,26904,0.020000000000002485,train,9
kahoolawe_106_14304_2040.jpg,maui,20.6034603,-156.5729532,26904,0.020000000000002485,train,7
kahoolawe_106_2292_2668.jpg,maui,20.6033792,-156.5752584,26904,0.020000000000002485,train,3
kahoolawe_108_1207_4313.jpg,maui,20.6030043,-156.5697183,26904,0.020000000000002485,train,1
kahoolawe_108_14387_5054.jpg,maui,20.6028349,-156.5671930,26904,0.020000000000002485,train,6
kahoolawe_108_9783_3241.jpg,maui,20.6031747,-156.5680706,26904,0.020000000000002485,train,7
kahoolawe_108_9952_3576.jpg,maui,20.6031138,-156.5680392,26904,0.020000000000002485,train,8
kahoolawe_109_10612_10367.jpg,maui,20.6018453,-156.5650557,26904,0.020000000000002485,train,18
kahoolawe_109_10772_9963.jpg,maui,20.6019178,-156.5650238,26904,0.020000000000002485,train,11
kahoolawe_109_3385_5694.jpg,maui,20.6027086,-156.5664281,26904,0.020000000000002485,train,5
kahoolawe_1109_13964_7770.jpg,maui,20.5565835,-156.6715540,26904,0.020000000000002485,train,2
kahoolawe_110_-171_10511.jpg,maui,20.6012760,-156.5642559,26904,0.02000000000000157,train,1
kahoolawe_1112_599_5610.jpg,maui,20.5580349,-156.6654657,26904,0.020000000000002485,train,1
kahoolawe_1169_11766_3266.jpg,maui,20.5558755,-156.6748626,26904,0.020000000000002485,train,1
kahoolawe_1230_6027_10193.jpg,maui,20.5519309,-156.6760228,26904,0.020000000000003636,train,1
kahoolawe_1530_417_3780.jpg,kahoolawe,20.5397525,-156.6916630,26904,0.020000000000002485,train,1
kahoolawe_1577_7731_12088.jpg,kahoolawe,20.5363688,-156.5543848,26904,0.020000000000003793,train,4
kahoolawe_1577_8246_5659.jpg,kahoolawe,20.5375282,-156.5542676,26904,0.020000000000003793,eval,2
kahoolawe_1577_8274_14507.jpg,kahoolawe,20.5359306,-156.5542877,26904,0.020000000000003793,train,11
kahoolawe_1577_8556_3501.jpg,kahoolawe,20.5379170,-156.5542020,26904,0.020000000000003793,train,10
kahoolawe_1577_8626_5322.jpg,kahoolawe,20.5375881,-156.5541938,26904,0.020000000000003793,train,1
kahoolawe_1638_6157_130.jpg,kahoolawe,20.5358184,-156.5543069,26904,0.02000000000000258,train,11
kahoolawe_1638_6370_-216.jpg,kahoolawe,20.5358803,-156.5542651,26904,0.02000000000000258,train,19
kahoolawe_1638_6534_381.jpg,kahoolawe,20.5357720,-156.5542353,26904,0.02000000000000258,eval,15
kahoolawe_1638_7159_6360.jpg,kahoolawe,20.5346908,-156.5541327,26904,0.02000000000000258,eval,17
kahoolawe_1638_7398_1985.jpg,kahoolawe,20.5354801,-156.5540743,26904,0.02000000000000258,train,9
kahoolawe_1638_8094_7754.jpg,kahoolawe,20.5344365,-156.5539575,26904,0.02000000000000258,eval,7
kahoolawe_1638_8431_7221.jpg,kahoolawe,20.5345319,-156.5538914,26904,0.02000000000000258,eval,10
kahoolawe_1638_8459_7968.jpg,kahoolawe,20.5343969,-156.5538882,26904,0.02000000000000258,train,8
kahoolawe_1638_8542_3828.jpg,kahoolawe,20.5351442,-156.5538604,26904,0.02000000000000258,eval,2
kahoolawe_1639_-282_3928.jpg,kahoolawe,20.5351256,-156.5538235,26904,0.020000000000002485,train,5
kahoolawe_1639_10826_12035.jpg,kahoolawe,20.5336318,-156.5517176,26904,0.020000000000002485,train,12
kahoolawe_1639_11246_12127.jpg,kahoolawe,20.5336140,-156.5516374,26904,0.020000000000002485,train,13
kahoolawe_1639_12757_11809.jpg,kahoolawe,20.5336674,-156.5513469,26904,0.020000000000002485,train,11
kahoolawe_1639_1669_10871.jpg,kahoolawe,20.5338667,-156.5534694,26904,0.020000000000002485,eval,1
kahoolawe_1639_4036_7799.jpg,kahoolawe,20.5344150,-156.5530069,26904,0.020000000000002485,eval,2
kahoolawe_1639_4117_8879.jpg,kahoolawe,20.5342198,-156.5529945,26904,0.020000000000002485,train,1
kahoolawe_1639_4485_8830.jpg,kahoolawe,20.5342276,-156.5529238,26904,0.020000000000002485,train,1
kahoolawe_1639_4686_9252.jpg,kahoolawe,20.5341509,-156.5528865,26904,0.020000000000002485,train,7
kahoolawe_1639_8728_11306.jpg,kahoolawe,20.5337691,-156.5521177,26904,0.020000000000002485,eval,15
kahoolawe_1639_9152_11389.jpg,kahoolawe,20.5337530,-156.5520366,26904,0.020000000000002485,train,9
kahoolawe_1639_919_4479.jpg,kahoolawe,20.5350229,-156.5535948,26904,0.020000000000002485,train,1
kahoolawe_1639_9502_11443.jpg,kahoolawe,20.5337423,-156.5519697,26904,0.020000000000002485,train,6
kahoolawe_1639_9996_11950.jpg,kahoolawe,20.5336494,-156.5518765,26904,0.020000000000002485,train,7
kahoolawe_163_1001_6309.jpg,maui,20.6001779,-156.5870649,26904,0.020000000000002485,train,1
kahoolawe_163_8075_6509.jpg,maui,20.6001228,-156.5857089,26904,0.020000000000002485,train,1
kahoolawe_1640_3267_10492.jpg,kahoolawe,20.5338902,-156.5502869,26904,0.020000000000002485,train,4
kahoolawe_170_13312_983.jpg,maui,20.6008214,-156.5643673,26904,0.020000000000003983,train,2
kahoolawe_170_13658_966.jpg,maui,20.6008235,-156.5643009,26904,0.020000000000003983,train,2
kahoolawe_171_2617_5769.jpg,maui,20.5999482,-156.5637423,26904,0.020000000000002485,train,4
kahoolawe_171_2681_6077.jpg,maui,20.5998925,-156.5637309,26904,0.020000000000002485,eval,4
kahoolawe_171_44_1625.jpg,maui,20.6007034,-156.5642238,26904,0.020000000000002485,eval,7
kahoolawe_171_4702_6958.jpg,maui,20.5997279,-156.5633459,26904,0.020000000000002485,train,4
kahoolawe_171_496_1762.jpg,maui,20.6006775,-156.5641375,26904,0.020000000000002485,eval,3
kahoolawe_171_6621_8167.jpg,maui,20.5995044,-156.5629813,26904,0.020000000000002485,train,11
kahoolawe_171_8804_10617.jpg,maui,20.5990562,-156.5625698,26904,0.020000000000002485,eval,5
kahoolawe_171_8821_11029.jpg,maui,20.5989817,-156.5625677,26904,0.020000000000002485,eval,2
kahoolawe_2046_7043_6292.jpg,kahoolawe,20.5165223,-156.6102247,26904,0.020000000000002485,train,1
kahoolawe_2204_2955_12794.jpg,kahoolawe,20.5082083,-156.6830231,26904,0.020000000000002485,train,3
kahoolawe_222_13539_4087.jpg,maui,20.5979174,-156.5904497,26904,0.020000000000002485,eval,5
kahoolawe_233_13948_6276.jpg,maui,20.5970771,-156.5587377,26904,0.020000000000002485,eval,4
kahoolawe_233_3201_1513.jpg,maui,20.5979662,-156.5607848,26904,0.020000000000002485,train,3
kahoolawe_233_8422_3127.jpg,maui,20.5976606,-156.5597883,26904,0.020000000000002485,train,3
kahoolawe_234_2293_9036.jpg,maui,20.5965697,-156.5581042,26904,0.020000000000002485,eval,2
kahoolawe_234_6245_11329.jpg,maui,20.5961450,-156.5573530,26904,0.020000000000002485,train,2
kahoolawe_296_7847_5735.jpg,maui,20.5944017,-156.5541966,26904,0.020000000000002485,train,2
kahoolawe_296_8133_7112.jpg,maui,20.5941523,-156.5541457,26904,0.020000000000002485,train,3
kahoolawe_296_8188_6616.jpg,maui,20.5942417,-156.5541338,26904,0.020000000000002485,train,3
kahoolawe_296_9317_9166.jpg,maui,20.5937782,-156.5539246,26904,0.020000000000002485,train,1
kahoolawe_358_12098_7149.jpg,maui,20.5913858,-156.5505526,26904,0.020000000000002485,train,10
kahoolawe_419_6507_11166.jpg,maui,20.5879528,-156.5506519,26904,0.01999999999999855,train,1
kahoolawe_419_8286_13372.jpg,maui,20.5875496,-156.5503172,26904,0.01999999999999855,train,1
kahoolawe_758_12376_1187.jpg,maui,20.5745849,-156.6284354,26904,0.020000000000002485,eval,3
kahoolawe_817_13773_9250.jpg,maui,20.5704955,-156.6339838,26904,0.020000000000002485,eval,1
kahoolawe_877_9789_4098.jpg,maui,20.5687670,-156.6376510,26904,0.020000000000002485,train,1
kahoolawe_937_8410_1767.jpg,maui,20.5665223,-156.6408265,26904,0.020000000000002485,train,1
kauai_1_1097_338_22202.jpg,kauai,22.0705202,-159.3165970,26904,0.019999999999996975,eval,3
kauai_1_1097_347_22561.jpg,kauai,22.0704553,-159.3165951,26904,0.019999999999996975,train,3
kauai_1_1238_4754_38472.jpg,kauai,22.0889005,-159.3062557,26904,0.019999999999999858,train,1
kauai_1_1238_6210_3131.jpg,kauai,22.0952867,-159.3059872,26904,0.019999999999999858,train,1
kauai_1_1286_3322_7252.jpg,kauai,22.1016529,-159.3002096,26904,0.019999999999999858,train,1
kauai_1_1286_8153_3229.jpg,kauai,22.1023815,-159.2992745,26904,0.019999999999999858,train,1
kauai_1_1333_11722_2374.jpg,kauai,22.1096431,-159.2954219,26904,0.019999999999999858,train,3
kauai_1_1333_2432_29542.jpg,kauai,22.1047309,-159.2972130,26904,0.019999999999999858,train,1
kauai_1_1333_2929_29434.jpg,kauai,22.1047506,-159.2971167,26904,0.019999999999999858,train,1
kauai_1_1333_3255_28987.jpg,kauai,22.1048315,-159.2970537,26904,0.019999999999999858,train,1
kauai_1_1333_5494_20683.jpg,kauai,22.1063327,-159.2966227,26904,0.019999999999999858,eval,1
kauai_1_1425_7391_18422.jpg,kauai,22.1207269,-159.2954708,26904,0.019999999999998096,train,1
kauai_1_1472_7757_35459.jpg,kauai,22.1249697,-159.2930466,26904,0.019999999999999147,train,1
kauai_1_1472_8148_32846.jpg,kauai,22.1254419,-159.2929718,26904,0.019999999999999147,train,1
kauai_1_1472_8581_32752.jpg,kauai,22.1254591,-159.2928879,26904,0.019999999999999147,train,1
kauai_1_1517_1220_27694.jpg,kauai,22.1334694,-159.2948964,26904,0.02000000000000393,train,1
kauai_1_1517_2426_25649.jpg,kauai,22.1338394,-159.2946632,26904,0.02000000000000393,train,9
kauai_1_1518_-315_25572.jpg,kauai,22.1338533,-159.2946305,26904,0.020000000000000465,train,2
kauai_1_1518_1418_24575.jpg,kauai,22.1340341,-159.2942948,26904,0.020000000000000465,eval,1
kauai_1_1518_8312_871.jpg,kauai,22.1383195,-159.2929666,26904,0.020000000000000465,eval,1
kauai_1_1518_8957_-45.jpg,kauai,22.1384852,-159.2928419,26904,0.020000000000000465,eval,3
kauai_1_1564_2766_5469.jpg,kauai,22.1445868,-159.2940552,26904,0.01999999999999883,train,4
kauai_1_1564_4759_11000.jpg,kauai,22.1435881,-159.2936666,26904,0.01999999999999883,eval,1
kauai_1_1564_8047_21765.jpg,kauai,22.1416442,-159.2930249,26904,0.01999999999999883,eval,1
kauai_1_1564_8115_23845.jpg,kauai,22.1412684,-159.2930109,26904,0.01999999999999883,train,1
kauai_1_1609_11840_12333.jpg,kauai,22.1477143,-159.2954784,26904,0.019999999999999858,eval,2
kauai_1_1609_15399_21290.jpg,kauai,22.1460971,-159.2947848,26904,0.019999999999999858,eval,1
kauai_1_1609_4975_11746.jpg,kauai,22.1478179,-159.2968102,26904,0.019999999999999858,eval,2
kauai_1_1697_5531_19877.jpg,kauai,22.1632552,-159.3094427,26904,0.019999999999999858,train,1
kauai_1_1788_11240_7251.jpg,kauai,22.1797326,-159.3115486,26904,0.019999999999999858,train,1
kauai_1_1788_11598_19292.jpg,kauai,22.1775571,-159.3114744,26904,0.019999999999999858,train,4
kauai_1_1788_12694_14479.jpg,kauai,22.1784272,-159.3112636,26904,0.019999999999999858,train,2
kauai_1_1788_13326_15617.jpg,kauai,22.1782218,-159.3111406,26904,0.019999999999999858,train,6
kauai_1_1788_3203_30739.jpg,kauai,22.1754857,-159.3130984,26904,0.019999999999999858,train,4
kauai_1_1788_3402_31493.jpg,kauai,22.1753495,-159.3130595,26904,0.019999999999999858,train,1
kauai_1_1788_3438_28638.jpg,kauai,22.1758654,-159.3130536,26904,0.019999999999999858,eval,5
kauai_1_1788_3796_28065.jpg,kauai,22.1759691,-159.3129844,26904,0.019999999999999858,eval,6
kauai_1_1788_3845_28410.jpg,kauai,22.1759068,-159.3129748,26904,0.019999999999999858,eval,5
kauai_1_1788_4605_27714.jpg,kauai,22.1760328,-159.3128276,26904,0.019999999999999858,eval,2
kauai_1_1788_4623_27350.jpg,kauai,22.1760986,-159.3128243,26904,0.019999999999999858,train,8
kauai_1_1788_5046_27067.jpg,kauai,22.1761499,-159.3127423,26904,0.019999999999999858,train,12
kauai_1_1788_5108_24082.jpg,kauai,22.1766892,-159.3127315,26904,0.019999999999999858,train,13
kauai_1_1788_5140_25246.jpg,kauai,22.1764789,-159.3127248,26904,0.019999999999999858,train,2
kauai_1_1788_5345_24904.jpg,kauai,22.1765408,-159.3126852,26904,0.019999999999999858,eval,9
kauai_1_1788_5448_23981.jpg,kauai,22.1767076,-159.3126656,26904,0.019999999999999858,train,15
kauai_1_1788_5502_24580.jpg,kauai,22.1765994,-159.3126549,26904,0.019999999999999858,train,9
kauai_1_1788_5914_25570.jpg,kauai,22.1764207,-159.3125745,26904,0.019999999999999858,train,9
kauai_1_1788_6427_21596.jpg,kauai,22.1771389,-159.3124766,26904,0.019999999999999858,train,2
kauai_1_1788_6764_21441.jpg,kauai,22.1771670,-159.3124113,26904,0.019999999999999858,train,4
kauai_1_1788_8495_2588.jpg,kauai,22.1805741,-159.3120830,26904,0.019999999999999858,train,6
kauai_1_1788_8824_2525.jpg,kauai,22.1805856,-159.3120192,26904,0.019999999999999858,train,6
kauai_1_1788_9009_2917.jpg,kauai,22.1805149,-159.3119831,26904,0.019999999999999858,train,6
kauai_1_1788_9988_5861.jpg,kauai,22.1799833,-159.3117920,26904,0.019999999999999858,train,3
kauai_1_1833_1129_8849.jpg,kauai,22.1865340,-159.3167028,26904,0.019999999999999858,eval,8
kauai_1_1833_7287_11557.jpg,kauai,22.1860470,-159.3155070,26904,0.019999999999999858,train,2
kauai_1_1833_8504_11915.jpg,kauai,22.1859828,-159.3152707,26904,0.019999999999999858,eval,3
kauai_1_1834_1444_13993.jpg,kauai,22.1842611,-159.3134591,26904,0.02000000000000122,eval,1
kauai_1_1834_2232_16044.jpg,kauai,22.1838908,-159.3133054,26904,0.02000000000000122,train,5
kauai_1_1834_2934_16049.jpg,kauai,22.1838902,-159.3131692,26904,0.02000000000000122,train,2
kauai_1_1834_4268_21740.jpg,kauai,22.1828624,-159.3129081,26904,0.02000000000000122,train,3
kauai_1_1834_4397_21291.jpg,kauai,22.1829436,-159.3128833,26904,0.02000000000000122,train,2
kauai_1_1834_7472_28828.jpg,kauai,22.1815829,-159.3122837,26904,0.02000000000000122,train,1
kauai_1_1877_1865_14731.jpg,kauai,22.1904896,-159.3229241,26904,0.019999999999999858,train,3
kauai_1_1877_2905_15501.jpg,kauai,22.1903509,-159.3227220,26904,0.019999999999999858,train,1
kauai_1_1877_5727_19480.jpg,kauai,22.1896330,-159.3221728,26904,0.019999999999999858,train,3
kauai_1_1877_8041_21694.jpg,kauai,22.1892339,-159.3217230,26904,0.019999999999999858,train,3
kauai_1_1877_8204_22072.jpg,kauai,22.1891656,-159.3216912,26904,0.019999999999999858,eval,5
kauai_1_1877_9539_23090.jpg,kauai,22.1889822,-159.3214318,26904,0.019999999999999858,train,3
kauai_1_1920_3644_25809.jpg,kauai,22.1976389,-159.3321286,26904,0.019999999999999858,train,2
kauai_1_1920_6985_22982.jpg,kauai,22.1981510,-159.3314815,26904,0.019999999999999858,train,1
kauai_1_1920_9702_19027.jpg,kauai,22.1988667,-159.3309560,26904,0.019999999999999858,train,1
kauai_1_1963_5727_7035.jpg,kauai,22.2081121,-159.3412831,26904,0.019999999999999858,train,2
kauai_1_2004_13964_14543.jpg,kauai,22.2125889,-159.3555860,26904,0.019999999999999858,train,1
kauai_1_2005_9513_7476.jpg,kauai,22.2147061,-159.3532769,26904,0.019999999999999858,eval,3
kauai_1_2006_2646_10465.jpg,kauai,22.2140896,-159.3514298,26904,0.019999999999999858,train,3
kauai_1_2006_6137_8865.jpg,kauai,22.2143802,-159.3507531,26904,0.019999999999999858,train,2
kauai_1_2_1069_10764_13078.jpg,kauai,21.9758140,-159.3323737,26904,0.019999999999998685,train,1
kauai_1_2_1069_10817_15290.jpg,kauai,21.9754143,-159.3323625,26904,0.019999999999998685,train,1
kauai_1_2_1069_6054_514.jpg,kauai,21.9780823,-159.3332914,26904,0.019999999999998685,train,4
kauai_1_2_1129_7462_32285.jpg,kauai,21.9784625,-159.3334599,26904,0.020000000000000316,eval,3
kauai_1_2_1129_8093_33240.jpg,kauai,21.9782902,-159.3333372,26904,0.020000000000000316,train,2
kauai_1_2_1189_8686_29962.jpg,kauai,21.9850024,-159.3340176,26904,0.01999999999999925,train,1
kauai_1_2_1189_9269_29857.jpg,kauai,21.9850216,-159.3339047,26904,0.01999999999999925,eval,1
kauai_1_2_1248_14992_8598.jpg,kauai,21.9949789,-159.3364312,26904,0.01999999999999925,train,1
kauai_1_2_1309_15602_1364.jpg,kauai,21.9994123,-159.3327113,26904,0.01999999999999925,train,1
kauai_1_2_2995_10095_12199.jpg,kauai,22.1718891,-159.3124844,26904,0.01999999999999925,train,2
kauai_1_2_2995_12833_12488.jpg,kauai,22.1718379,-159.3119531,26904,0.01999999999999925,eval,1
kauai_1_2_2995_13557_13160.jpg,kauai,22.1717167,-159.3118124,26904,0.01999999999999925,train,3
kauai_1_2_331_16707_5606.jpg,kauai,21.9029378,-159.3972485,26904,0.01999999999999925,train,1
kauai_1_2_331_16785_5119.jpg,kauai,21.9030258,-159.3972336,26904,0.01999999999999925,train,2
kauai_1_2_332_10299_7359.jpg,kauai,21.9025969,-159.3948785,26904,0.01999999999999925,eval,4
kauai_1_2_332_10630_7297.jpg,kauai,21.9026083,-159.3948145,26904,0.01999999999999925,eval,4
kauai_1_2_3496_7594_6385.jpg,kauai,22.2259051,-159.4541896,26904,0.01999999999999925,train,2
kauai_1_2_706_-21_15319.jpg,kauai,21.9374378,-159.3464246,26904,0.01999999999999922,train,1
kauai_1_2_75_3630_10215.jpg,kauai,21.8742697,-159.4574447,26904,0.01999999999999925,train,1
kauai_1_2_764_1723_3392.jpg,kauai,21.9421535,-159.3505242,26904,0.01999999999999836,train,2
kauai_1_2_764_1725_7188.jpg,kauai,21.9414676,-159.3505221,26904,0.01999999999999836,eval,25
kauai_1_2_764_1739_6508.jpg,kauai,21.9415905,-159.3505197,26904,0.01999999999999836,train,13
kauai_1_2_764_1873_6875.jpg,kauai,21.9415242,-159.3504936,26904,0.01999999999999836,train,27
kauai_1_2_950_4572_9559.jpg,kauai,21.9599319,-159.3311447,26904,0.02000000000000156,train,4
kauai_1_2_950_4669_9908.jpg,kauai,21.9598688,-159.3311257,26904,0.02000000000000156,train,4
kauai_1_356_3990_6447.jpg,kauai,21.9590327,-159.3315042,26904,0.019999999999999157,train,2
kauai_1_3_1248_8715_11215.jpg,kauai,21.9911538,-159.3376192,26904,0.02021488429020265,eval,1
kauai_1_3_1248_9095_11341.jpg,kauai,21.9911309,-159.3375447,26904,0.02021488429020265,train,1
kauai_1_3_704_1064_295.jpg,kauai,21.9413576,-159.3505350,26904,0.02016305789995622,train,28
kauai_1_3_704_1136_-131.jpg,kauai,21.9414353,-159.3505211,26904,0.02016305789995622,train,18
kauai_1_3_704_1403_940.jpg,kauai,21.9412403,-159.3504685,26904,0.02016305789995622,train,36
kauai_1_3_704_1417_345.jpg,kauai,21.9413487,-159.3504661,26904,0.02016305789995622,train,17
kauai_1_3_704_1547_1750.jpg,kauai,21.9410928,-159.3504400,26904,0.02016305789995622,eval,13
kauai_1_3_704_1634_2079.jpg,kauai,21.9410329,-159.3504229,26904,0.02016305789995622,train,25
kauai_1_3_704_1966_2365.jpg,kauai,21.9409809,-159.3503580,26904,0.02016305789995622,train,21
kauai_1_3_704_1968_3113.jpg,kauai,21.9408446,-159.3503572,26904,0.02016305789995622,eval,20
kauai_1_3_704_2845_3639.jpg,kauai,21.9407491,-159.3501858,26904,0.02016305789995622,train,2
kauai_1_402_6754_25853.jpg,kauai,21.9633298,-159.3308314,26904,0.020000000000001635,train,1
kauai_1_402_7320_18807.jpg,kauai,21.9646032,-159.3307247,26904,0.020000000000001635,train,6
kauai_1_448_4262_34495.jpg,kauai,21.9688672,-159.3314743,26904,0.019999999999999858,eval,4
kauai_1_448_4576_34496.jpg,kauai,21.9688672,-159.3314135,26904,0.019999999999999858,train,3
kauai_1_448_4852_34916.jpg,kauai,21.9687914,-159.3313599,26904,0.019999999999999858,eval,3
kauai_1_448_6254_18471.jpg,kauai,21.9717634,-159.3310952,26904,0.019999999999999858,train,2
kauai_1_448_8719_25370.jpg,kauai,21.9705177,-159.3306148,26904,0.019999999999999858,train,2
kauai_1_631_12074_15133.jpg,kauai,22.0007630,-159.3332082,26904,0.019999999999999858,train,6
kauai_1_631_12076_15547.jpg,kauai,22.0006882,-159.3332076,26904,0.019999999999999858,train,4
kauai_1_631_14622_22614.jpg,kauai,21.9994123,-159.3327113,26904,0.019999999999999858,train,5
kauai_2_1202_9877_8793.jpg,kauai,22.0581748,-159.7826442,26904,0.02000000000000051,train,2
kauai_2_1262_4257_2475.jpg,kauai,22.0636135,-159.7837634,26904,0.01999999999999973,train,1
kauai_2_2_105_14573_4977.jpg,kauai,21.8912282,-159.5627235,26904,0.01999999999999979,train,7
kauai_2_2_105_15263_5020.jpg,kauai,21.8912209,-159.5625899,26904,0.01999999999999979,eval,11
kauai_2_2_105_15595_5086.jpg,kauai,21.8912091,-159.5625256,26904,0.01999999999999979,train,9
kauai_2_2_109_16004_638.jpg,kauai,21.8888735,-159.5455118,26904,0.01999999999999979,train,1
kauai_2_2_117_9979_3502.jpg,kauai,21.8884096,-159.5128255,26904,0.01999999999999979,train,3
kauai_2_2_271_13620_2706.jpg,kauai,21.9072953,-159.6222177,26904,0.01999999999999979,eval,5
kauai_2_2_271_8666_5668.jpg,kauai,21.9067565,-159.6231745,26904,0.01999999999999979,train,3
kauai_2_2_279_886_7804.jpg,kauai,21.9038841,-159.5908141,26904,0.019999999999999348,train,1
kauai_2_2_3008_575_16860.jpg,kauai,22.1476712,-159.7232957,26904,0.01999999999999979,train,1
kauai_2_2_447_19914_11391.jpg,kauai,21.9215376,-159.6377204,26904,0.019999999999998526,train,2
kauai_2_2_51_15134_675.jpg,kauai,21.8868003,-159.5372097,26904,0.01999999999999979,train,1
kauai_2_2_51_15888_1147.jpg,kauai,21.8867155,-159.5370634,26904,0.01999999999999979,train,1
kauai_2_2_741_9950_6421.jpg,kauai,21.9487787,-159.6650094,26904,0.019999999999999647,train,1
kauai_2_2_910_6663_474.jpg,kauai,21.9655238,-159.7127236,26904,0.01999999999999979,train,1
kauai_2_901_10555_15433.jpg,kauai,22.0354448,-159.7863770,26904,0.020000000000000562,train,1
lanai_1000_13758_12585.jpg,lanai,20.8059158,-156.8065100,26904,0.019999999999998668,train,1
lanai_1000_15156_9660.jpg,lanai,20.8064406,-156.8062339,26904,0.019999999999998668,train,1
lanai_1165_10183_7727.jpg,lanai,20.8252974,-156.9899599,26904,0.01999999999999913,train,1
lanai_1349_1039_5486.jpg,lanai,20.8355062,-156.8158566,26904,0.020000000000001364,train,1
lanai_1349_10703_20408.jpg,lanai,20.8327879,-156.8140392,26904,0.020000000000001364,train,1
lanai_1448_3332_-157.jpg,lanai,20.8445406,-156.8204541,26904,0.019999999999999574,train,2
lanai_1546_14059_5636.jpg,lanai,20.8515262,-156.8263743,26904,0.019999999999999386,train,1
lanai_1547_13244_18643.jpg,lanai,20.8491423,-156.8236519,26904,0.019999999999998255,train,3
lanai_1547_7736_14221.jpg,lanai,20.8499543,-156.8246986,26904,0.019999999999998255,eval,2
lanai_1547_8059_14520.jpg,lanai,20.8498995,-156.8246373,26904,0.019999999999998255,train,1
lanai_1547_957_7208.jpg,lanai,20.8512373,-156.8259827,26904,0.019999999999998255,train,3
lanai_1596_10167_343.jpg,lanai,20.8564977,-156.8293062,26904,0.02,eval,2
lanai_1596_10327_12.jpg,lanai,20.8565571,-156.8292746,26904,0.02,eval,2
lanai_1596_11409_460.jpg,lanai,20.8564735,-156.8290679,26904,0.02,eval,2
lanai_1596_9046_308.jpg,lanai,20.8565067,-156.8295215,26904,0.02,eval,6
lanai_1596_9054_-49.jpg,lanai,20.8565712,-156.8295190,26904,0.02,train,6
lanai_1596_9596_1620.jpg,lanai,20.8562685,-156.8294192,26904,0.02,train,2
lanai_1645_14107_3314.jpg,lanai,20.8599947,-156.8336679,26904,0.02,train,1
lanai_1645_18919_7066.jpg,lanai,20.8593054,-156.8327532,26904,0.02,train,3
lanai_1645_20678_8297.jpg,lanai,20.8590788,-156.8324184,26904,0.02,eval,1
lanai_1645_22539_9368.jpg,lanai,20.8588809,-156.8320636,26904,0.02,eval,9
lanai_1645_23946_9803.jpg,lanai,20.8587989,-156.8317944,26904,0.02,train,2
lanai_1645_24409_10719.jpg,lanai,20.8586324,-156.8317079,26904,0.02,train,2
lanai_1645_26284_12604.jpg,lanai,20.8582874,-156.8313525,26904,0.02,train,5
lanai_1645_26403_12926.jpg,lanai,20.8582289,-156.8313305,26904,0.02,train,5
lanai_1646_1993_10969.jpg,lanai,20.8577801,-156.8308585,26904,0.019999999999998127,eval,3
lanai_1646_2156_11413.jpg,lanai,20.8576995,-156.8308283,26904,0.019999999999998127,train,2
lanai_1646_2642_11157.jpg,lanai,20.8577446,-156.8307343,26904,0.019999999999998127,eval,2
lanai_1646_2849_11834.jpg,lanai,20.8576218,-156.8306963,26904,0.019999999999998127,train,2
lanai_1646_3625_12354.jpg,lanai,20.8575260,-156.8305485,26904,0.019999999999998127,train,5
lanai_1646_4192_13103.jpg,lanai,20.8573894,-156.8304415,26904,0.019999999999998127,train,3
lanai_1646_4932_13304.jpg,lanai,20.8573513,-156.8302999,26904,0.019999999999998127,eval,5
lanai_1646_581_9342.jpg,lanai,20.8580773,-156.8311255,26904,0.019999999999998127,train,8
lanai_1646_95_8900.jpg,lanai,20.8581583,-156.8312178,26904,0.019999999999998127,train,6
lanai_1646_966_10020.jpg,lanai,20.8579540,-156.8310533,26904,0.019999999999998127,train,5
lanai_1695_1646_13276.jpg,lanai,20.8619796,-156.8360340,26904,0.01999999999999746,train,1
lanai_1695_8957_19191.jpg,lanai,20.8608937,-156.8346447,26904,0.01999999999999746,train,2
lanai_1695_9288_19730.jpg,lanai,20.8607955,-156.8345825,26904,0.01999999999999746,train,2
lanai_1695_9536_20334.jpg,lanai,20.8606859,-156.8345364,26904,0.01999999999999746,train,1
lanai_169_3134_13774.jpg,lanai,20.7444181,-156.9717225,26904,0.019999999999998866,train,3
lanai_169_3483_13884.jpg,lanai,20.7443975,-156.9716557,26904,0.019999999999998866,train,4
lanai_1743_21494_7639.jpg,lanai,20.8672714,-156.8416777,26904,0.019999999999998772,train,2
lanai_1744_13744_18047.jpg,lanai,20.8653555,-156.8388301,26904,0.019999999999998734,train,4
lanai_1744_16628_21506.jpg,lanai,20.8647239,-156.8382849,26904,0.019999999999998734,eval,1
lanai_1744_2246_10333.jpg,lanai,20.8667765,-156.8410193,26904,0.019999999999998734,train,2
lanai_1744_7659_14089.jpg,lanai,20.8660850,-156.8399890,26904,0.019999999999998734,train,1
lanai_1793_10722_16618.jpg,lanai,20.8696637,-156.8445186,26904,0.02,train,1
lanai_1793_11063_16759.jpg,lanai,20.8696374,-156.8444534,26904,0.02,train,1
lanai_1793_12867_19196.jpg,lanai,20.8691930,-156.8441131,26904,0.02,train,2
lanai_1793_13967_18807.jpg,lanai,20.8692606,-156.8439008,26904,0.02,train,1
lanai_1793_7585_14159.jpg,lanai,20.8701154,-156.8451150,26904,0.02,train,5
lanai_1793_7948_14084.jpg,lanai,20.8701281,-156.8450451,26904,0.02,train,4
lanai_1841_14994_-284.jpg,lanai,20.8767968,-156.8526189,26904,0.020000000000000927,train,1
lanai_1841_15355_196.jpg,lanai,20.8767093,-156.8525507,26904,0.020000000000000927,eval,3
lanai_1842_15561_16262.jpg,lanai,20.8737590,-156.8486998,26904,0.02,train,1
lanai_1842_16931_18366.jpg,lanai,20.8733757,-156.8484419,26904,0.02,train,2
lanai_1842_18283_19183.jpg,lanai,20.8732249,-156.8481843,26904,0.02,train,2
lanai_1842_1888_5089.jpg,lanai,20.8758097,-156.8512982,26904,0.02,train,1
lanai_1842_239_4267.jpg,lanai,20.8759622,-156.8516130,26904,0.02,eval,3
lanai_1842_941_4471.jpg,lanai,20.8759236,-156.8514786,26904,0.02,train,1
lanai_186_22_7013.jpg,lanai,20.7443963,-156.8845098,26904,0.020000000000001038,train,1
lanai_1891_12911_17727.jpg,lanai,20.8775434,-156.8543248,26904,0.02,train,3
lanai_1891_13340_17923.jpg,lanai,20.8775070,-156.8542429,26904,0.02,train,10
lanai_1891_13771_17916.jpg,lanai,20.8775072,-156.8541601,26904,0.02,eval,5
lanai_1891_14857_18399.jpg,lanai,20.8774174,-156.8539526,26904,0.02,train,12
lanai_1891_18623_19051.jpg,lanai,20.8772905,-156.8532307,26904,0.02,train,1
lanai_1891_19942_19781.jpg,lanai,20.8771555,-156.8529791,26904,0.02,train,3
lanai_1891_20344_20394.jpg,lanai,20.8770439,-156.8529034,26904,0.02,train,3
lanai_1891_20473_21068.jpg,lanai,20.8769218,-156.8528804,26904,0.02,train,6
lanai_1891_21843_21731.jpg,lanai,20.8767988,-156.8526188,26904,0.02,train,2
lanai_1940_10296_7471.jpg,lanai,20.8834443,-156.8599135,26904,0.02,train,1
lanai_1940_7509_3312.jpg,lanai,20.8842020,-156.8604384,26904,0.02,eval,7
lanai_1940_7624_4047.jpg,lanai,20.8840690,-156.8604181,26904,0.02,train,1
lanai_1989_18571_11162.jpg,lanai,20.8868001,-156.8634455,26904,0.02,train,1
lanai_1989_23633_15510.jpg,lanai,20.8860028,-156.8624839,26904,0.02,train,1
lanai_1989_9111_2564.jpg,lanai,20.8883755,-156.8652414,26904,0.02,train,1
lanai_2038_14470_4661.jpg,lanai,20.8920262,-156.8693300,26904,0.02,train,3
lanai_2038_17754_7004.jpg,lanai,20.8915952,-156.8687049,26904,0.02,train,2
lanai_2038_19665_7860.jpg,lanai,20.8914360,-156.8683398,26904,0.02,train,3
lanai_2038_21606_9002.jpg,lanai,20.8912251,-156.8679697,26904,0.02,train,4
lanai_2038_24589_10938.jpg,lanai,20.8908684,-156.8674014,26904,0.02,eval,5
lanai_2039_-85_7128.jpg,lanai,20.8906487,-156.8669767,26904,0.01999999999999917,train,1
lanai_2039_1333_10866.jpg,lanai,20.8899702,-156.8667138,26904,0.01999999999999917,train,1
lanai_2051_7292_14264.jpg,lanai,20.8965389,-157.0597982,26904,0.019999999999997038,eval,4
lanai_2087_17822_9992.jpg,lanai,20.8950975,-156.8738127,26904,0.02,train,3
lanai_2087_17891_10355.jpg,lanai,20.8950318,-156.8738003,26904,0.02,train,2
lanai_2087_23483_16658.jpg,lanai,20.8938801,-156.8727417,26904,0.02,train,5
lanai_2087_24144_16485.jpg,lanai,20.8939098,-156.8726143,26904,0.02,train,1
lanai_2101_12580_21039.jpg,lanai,20.8992924,-157.0596732,26904,0.02000000000000068,eval,1
lanai_2137_1235_13742.jpg,lanai,20.8983022,-156.8769557,26904,0.0200000000000027,eval,4
lanai_2137_4630_17207.jpg,lanai,20.8976683,-156.8763121,26904,0.0200000000000027,train,1
lanai_2137_7109_19679.jpg,lanai,20.8972160,-156.8758419,26904,0.0200000000000027,train,2
lanai_2185_25433_3777.jpg,lanai,20.9042855,-156.8825615,26904,0.02,eval,4
lanai_2186_6254_11971.jpg,lanai,20.9027873,-156.8810985,26904,0.02000000000000196,eval,2
lanai_2186_6884_10984.jpg,lanai,20.9029641,-156.8809749,26904,0.02000000000000196,train,3
lanai_2186_7053_10625.jpg,lanai,20.9030285,-156.8809415,26904,0.02000000000000196,train,2
lanai_21_16730_6949.jpg,lanai,20.7335637,-156.9589265,26904,0.02,train,3
lanai_2235_8559_19515.jpg,lanai,20.9053547,-156.8857900,26904,0.02,eval,4
lanai_2377_14631_4273.jpg,lanai,20.9206400,-156.9257788,26904,0.02,train,3
lanai_2377_14726_3867.jpg,lanai,20.9207131,-156.9257595,26904,0.02,train,8
lanai_2377_15419_4305.jpg,lanai,20.9206324,-156.9256274,26904,0.02,train,3
lanai_2377_6037_3810.jpg,lanai,20.9207437,-156.9274295,26904,0.02,eval,1
lanai_2377_7230_4067.jpg,lanai,20.9206945,-156.9272008,26904,0.02,train,3
lanai_2377_8750_3890.jpg,lanai,20.9207229,-156.9269082,26904,0.02,train,14
lanai_2377_9033_4230.jpg,lanai,20.9206609,-156.9268547,26904,0.02,train,16
lanai_2377_9388_4020.jpg,lanai,20.9206980,-156.9267859,26904,0.02,eval,12
lanai_2378_13831_8459.jpg,lanai,20.9197504,-156.9207735,26904,0.02,eval,5
lanai_2378_7270_8608.jpg,lanai,20.9197389,-156.9220349,26904,0.02,train,3
lanai_2379_16691_5449.jpg,lanai,20.9195683,-156.9150549,26904,0.02,train,15
lanai_2379_18227_6271.jpg,lanai,20.9194163,-156.9147617,26904,0.02,eval,4
lanai_2379_2504_5970.jpg,lanai,20.9195075,-156.9177831,26904,0.02,train,1
lanai_2380_15515_12375.jpg,lanai,20.9178016,-156.9101342,26904,0.02,train,4
lanai_2380_17444_11247.jpg,lanai,20.9180008,-156.9097606,26904,0.02,train,4
lanai_2411_11711_386.jpg,lanai,20.9263118,-157.0090084,26904,0.02,train,1
lanai_2418_13539_10583.jpg,lanai,20.9240400,-156.9724856,26904,0.02,train,1
lanai_2418_25007_14160.jpg,lanai,20.9233678,-156.9702899,26904,0.02,train,4
lanai_2418_7200_10043.jpg,lanai,20.9241520,-156.9737028,26904,0.02,train,3
lanai_2418_8652_9752.jpg,lanai,20.9242012,-156.9734230,26904,0.02,train,1
lanai_2418_9029_9647.jpg,lanai,20.9242193,-156.9733502,26904,0.02,eval,2
lanai_2419_18605_7186.jpg,lanai,20.9236506,-156.9663453,26904,0.02,eval,1
lanai_2419_20589_7382.jpg,lanai,20.9236107,-156.9659645,26904,0.02,eval,1
lanai_2419_22208_8152.jpg,lanai,20.9234679,-156.9656551,26904,0.02,train,11
lanai_2420_18_7577.jpg,lanai,20.9235594,-156.9647484,26904,0.02,train,4
lanai_2420_2443_6496.jpg,lanai,20.9237490,-156.9642796,26904,0.02,train,1
lanai_2420_4928_6311.jpg,lanai,20.9237767,-156.9638015,26904,0.02,eval,4
lanai_2421_13274_7281.jpg,lanai,20.9229452,-156.9570367,26904,0.02,train,5
lanai_2421_16308_6736.jpg,lanai,20.9230367,-156.9564522,26904,0.02,eval,3
lanai_2421_16896_6688.jpg,lanai,20.9230440,-156.9563390,26904,0.02,eval,2
lanai_2422_13711_5782.jpg,lanai,20.9232035,-156.9517777,26904,0.02,train,5
lanai_2422_13866_6124.jpg,lanai,20.9231414,-156.9517487,26904,0.02,train,6
lanai_2422_17670_8491.jpg,lanai,20.9227051,-156.9510234,26904,0.02,eval,2
lanai_2422_26248_10526.jpg,lanai,20.9223178,-156.9493795,26904,0.02,train,4
lanai_2422_5697_6447.jpg,lanai,20.9231019,-156.9533198,26904,0.02,train,2
lanai_2422_7184_4432.jpg,lanai,20.9234624,-156.9530290,26904,0.02,train,2
lanai_2423_2038_8814.jpg,lanai,20.9223239,-156.9488623,26904,0.02,train,2
lanai_2423_20686_7530.jpg,lanai,20.9225127,-156.9452747,26904,0.02,train,12
lanai_2423_21084_7293.jpg,lanai,20.9225546,-156.9451976,26904,0.02,train,9
lanai_2423_21502_7253.jpg,lanai,20.9225608,-156.9451172,26904,0.02,train,7
lanai_2423_24439_6153.jpg,lanai,20.9227527,-156.9445499,26904,0.02,train,9
lanai_2423_24773_6191.jpg,lanai,20.9227450,-156.9444858,26904,0.02,eval,8
lanai_2423_24824_6576.jpg,lanai,20.9226754,-156.9444769,26904,0.02,train,7
lanai_2423_25757_6570.jpg,lanai,20.9226743,-156.9442976,26904,0.02,train,14
lanai_2423_5353_8557.jpg,lanai,20.9223627,-156.9482245,26904,0.02,eval,3
lanai_2424_2578_11183.jpg,lanai,20.9224708,-156.9435850,26904,0.02,train,2
lanai_2424_3317_11065.jpg,lanai,20.9224904,-156.9434427,26904,0.02,eval,4
lanai_2424_3663_11058.jpg,lanai,20.9224909,-156.9433762,26904,0.02,eval,9
lanai_2424_562_11101.jpg,lanai,20.9224903,-156.9439723,26904,0.02,train,9
lanai_2425_11209_12339.jpg,lanai,20.9230563,-156.9367463,26904,0.02,train,1
lanai_2425_11606_12535.jpg,lanai,20.9230199,-156.9366704,26904,0.02,train,2
lanai_2425_12485_12936.jpg,lanai,20.9229455,-156.9365025,26904,0.02,train,17
lanai_2425_7683_10328.jpg,lanai,20.9234276,-156.9374190,26904,0.02,train,2
lanai_2426_10269_8891.jpg,lanai,20.9220225,-156.9317697,26904,0.02,train,18
lanai_2426_14570_8793.jpg,lanai,20.9220301,-156.9309428,26904,0.02,eval,8
lanai_2426_14900_8767.jpg,lanai,20.9220341,-156.9308793,26904,0.02,train,8
lanai_2426_15376_8638.jpg,lanai,20.9220563,-156.9307875,26904,0.02,eval,8
lanai_2426_15593_8940.jpg,lanai,20.9220012,-156.9307465,26904,0.02,eval,9
lanai_2426_9932_8830.jpg,lanai,20.9220343,-156.9318343,26904,0.02,train,15
lanai_2463_10143_9655.jpg,lanai,20.9279381,-156.9989448,26904,0.02,train,2
lanai_2463_11704_9525.jpg,lanai,20.9279581,-156.9986444,26904,0.02,train,1
lanai_2463_16644_8602.jpg,lanai,20.9281136,-156.9976926,26904,0.02,train,1
lanai_2463_24074_8111.jpg,lanai,20.9281856,-156.9962631,26904,0.02,train,3
lanai_2463_26537_9420.jpg,lanai,20.9279436,-156.9957928,26904,0.02,eval,2
lanai_2463_5169_9634.jpg,lanai,20.9279531,-156.9999009,26904,0.02,train,1
lanai_2464_-299_9229.jpg,lanai,20.9279434,-156.9957805,26904,0.02,train,1
lanai_2465_11486_6295.jpg,lanai,20.9289733,-156.9883292,26904,0.02,eval,2
lanai_2465_12921_4862.jpg,lanai,20.9292289,-156.9880499,26904,0.02,train,2
lanai_2465_13318_5168.jpg,lanai,20.9291727,-156.9879743,26904,0.02,train,4
lanai_2465_14365_5257.jpg,lanai,20.9291543,-156.9877733,26904,0.02,eval,2
lanai_2465_16291_5632.jpg,lanai,20.9290822,-156.9874040,26904,0.02,eval,5
lanai_2465_18760_6692.jpg,lanai,20.9288851,-156.9869319,26904,0.02,train,1
lanai_2465_23732_8513.jpg,lanai,20.9285450,-156.9859805,26904,0.02,eval,2
lanai_2466_20589_14461.jpg,lanai,20.9272729,-156.9814301,26904,0.02,train,5
lanai_2466_3025_7882.jpg,lanai,20.9285010,-156.9847905,26904,0.02,train,4
lanai_2466_3876_8305.jpg,lanai,20.9284226,-156.9846279,26904,0.02,train,2
lanai_2466_4281_8422.jpg,lanai,20.9284006,-156.9845503,26904,0.02,train,5
lanai_2466_8617_9532.jpg,lanai,20.9281903,-156.9837195,26904,0.02,eval,2
lanai_2467_12239_11015.jpg,lanai,20.9265894,-156.9778729,26904,0.02,train,1
lanai_2467_8403_12282.jpg,lanai,20.9263693,-156.9786133,26904,0.02,train,2
lanai_267_12062_15361.jpg,lanai,20.7521890,-156.9802358,26904,0.02,train,3
lanai_267_12964_16532.jpg,lanai,20.7519754,-156.9800654,26904,0.02,eval,2
lanai_267_13301_17826.jpg,lanai,20.7517410,-156.9800038,26904,0.02,eval,1
lanai_267_2505_-6.jpg,lanai,20.7549859,-156.9820339,26904,0.02,train,1
lanai_267_2836_-34.jpg,lanai,20.7549902,-156.9819703,26904,0.02,train,1
lanai_26_10066_78.jpg,lanai,20.7345115,-156.9343682,26904,0.019999999999999036,train,1
lanai_466_10178_18159.jpg,lanai,20.7676606,-156.9855582,26904,0.019999999999998457,train,1
lanai_495_10952_17655.jpg,lanai,20.7653552,-156.8331440,26904,0.01999999999999867,train,1
lanai_496_14897_3504.jpg,lanai,20.7684081,-156.8296592,26904,0.019999999999999123,eval,2
lanai_546_18523_16042.jpg,lanai,20.7701086,-156.8286139,26904,0.020000000000002027,train,1
lanai_546_19226_8543.jpg,lanai,20.7714611,-156.8284595,26904,0.020000000000002027,eval,3
lanai_546_19262_14420.jpg,lanai,20.7703997,-156.8284678,26904,0.020000000000002027,train,4
lanai_82_17818_1424.jpg,lanai,20.7378531,-156.9018439,26904,0.02,train,1
maui_1037_3283_4036.jpg,maui,21.0228621,-156.6286213,26904,0.020000000000002485,eval,2
maui_10446_498_5868.jpg,maui,20.9203522,-156.4923847,26904,0.02000000000000145,train,2
maui_1044_1078_8004.jpg,maui,21.0218688,-156.6088651,26904,0.01999999999999667,eval,2
maui_1051_3605_1441.jpg,maui,21.0227601,-156.5880612,26904,0.020000000000005805,train,2
maui_1051_7316_4855.jpg,maui,21.0221336,-156.5873575,26904,0.020000000000005805,train,3
maui_10699_2821_10849.jpg,maui,20.9167383,-156.4919984,26904,0.020000000000003165,train,2
maui_10699_3217_11233.jpg,maui,20.9166678,-156.4919234,26904,0.020000000000003165,train,2
maui_10699_3228_13018.jpg,maui,20.9163455,-156.4919267,26904,0.020000000000003165,train,5
maui_10699_3892_7768.jpg,maui,20.9172915,-156.4917833,26904,0.020000000000003165,train,2
maui_10699_4006_8137.jpg,maui,20.9172245,-156.4917625,26904,0.020000000000003165,train,2
maui_10952_4950_7077.jpg,maui,20.9147051,-156.4916230,26904,0.020000000000002485,train,1
maui_10952_5880_9505.jpg,maui,20.9142642,-156.4914516,26904,0.020000000000002485,eval,1
maui_11205_8539_5722.jpg,maui,20.9122208,-156.4902453,26904,0.020000000000001246,train,2
maui_11229_7397_8819.jpg,maui,20.9097097,-156.4220504,26904,0.020000000000002485,train,1
maui_11301_7400_11633.jpg,maui,20.9068783,-156.2145629,26904,0.020000000000002485,eval,10
maui_11714_11753_11980.jpg,maui,20.9055491,-156.4818199,26904,0.020000000000002485,train,2
maui_11714_12306_13004.jpg,maui,20.9053627,-156.4817167,26904,0.020000000000002485,train,2
maui_11714_9924_9631.jpg,maui,20.9059784,-156.4821642,26904,0.020000000000002485,train,2
maui_12317_13498_906.jpg,maui,20.8977770,-156.2020312,26904,0.020000000000002485,train,1
maui_12403_5617_5814.jpg,maui,20.9014090,-156.6848626,26904,0.01999999999999821,train,1
maui_12827_1034_14578.jpg,maui,20.8897445,-156.1930472,26904,0.02000000000000414,eval,14
maui_12909_4607_6422.jpg,maui,20.8958848,-156.6851414,26904,0.019999999999999653,train,1
maui_12909_4767_7577.jpg,maui,20.8956758,-156.6851139,26904,0.019999999999999653,eval,2
maui_1305_4338_1680.jpg,maui,21.0199673,-156.5851878,26904,0.020000000000002485,train,1
maui_1305_5685_3606.jpg,maui,21.0196159,-156.5849344,26904,0.020000000000002485,train,3
maui_13080_1034_-202.jpg,maui,20.8897048,-156.1930480,26904,0.020000000000002485,train,4
maui_1560_1224_6088.jpg,maui,21.0163897,-156.5800744,26904,0.020000000000002485,eval,4
maui_1563_7152_4315.jpg,maui,21.0165701,-156.5702764,26904,0.020000000000002485,eval,10
maui_15882_5984_4920.jpg,maui,20.8580756,-156.1379418,26904,0.020000000000002485,train,3
maui_16644_7700_10430.jpg,maui,20.8488065,-156.1290099,26904,0.02,train,7
maui_16644_8175_11576.jpg,maui,20.8485982,-156.1289226,26904,0.02,train,8
maui_16644_8285_10166.jpg,maui,20.8488523,-156.1288967,26904,0.02,train,11
maui_17403_7469_9555.jpg,maui,20.8408378,-156.1288804,26904,0.020000000000001107,train,2
maui_18997_10324_1854.jpg,maui,20.8310612,-156.6389310,26904,0.020000000000002485,train,1
maui_18997_10767_1731.jpg,maui,20.8310822,-156.6388456,26904,0.020000000000002485,train,1
maui_18998_-258_5226.jpg,maui,20.8304406,-156.6380920,26904,0.020000000000002485,train,1
maui_18998_10293_14052.jpg,maui,20.8288190,-156.6360904,26904,0.020000000000002485,eval,1
maui_18998_9804_13607.jpg,maui,20.8289007,-156.6361831,26904,0.020000000000002485,train,1
maui_19252_3695_7661.jpg,maui,20.8272423,-156.6345011,26904,0.020000000000002485,train,2
maui_20266_6540_14257.jpg,maui,20.8151304,-156.6283813,26904,0.020000000000002485,train,1
maui_20519_11542_10037.jpg,maui,20.8131666,-156.6271572,26904,0.020000000000003113,train,1
maui_20519_6920_2083.jpg,maui,20.8146151,-156.6280223,26904,0.020000000000003113,train,2
maui_20519_9541_5928.jpg,maui,20.8139139,-156.6275299,26904,0.020000000000003113,eval,1
maui_2070_11565_-43.jpg,maui,21.0118854,-156.5664960,26904,0.020000000000001947,train,3
maui_2070_11949_106.jpg,maui,21.0118574,-156.5664226,26904,0.020000000000001947,train,2
maui_2073_10012_1768.jpg,maui,21.0114404,-156.5582700,26904,0.020000000000002485,train,1
maui_2073_9340_2509.jpg,maui,21.0113085,-156.5584014,26904,0.020000000000002485,train,1
maui_20773_10461_7101.jpg,maui,20.8109554,-156.6248124,26904,0.020000000000002485,train,2
maui_21028_2257_1752.jpg,maui,20.8091547,-156.6206543,26904,0.020000000000002485,train,1
maui_21028_611_713.jpg,maui,20.8093467,-156.6209674,26904,0.020000000000002485,train,2
maui_21029_7405_6333.jpg,maui,20.8082738,-156.6167983,26904,0.020000000000002485,train,2
maui_22821_2105_5109.jpg,maui,20.7884080,-156.5576351,26904,0.020000000000002485,eval,1
maui_22835_9041_1367.jpg,maui,20.7887643,-156.5150662,26904,0.020000000000005878,train,1
maui_23329_14355_1241.jpg,maui,20.7838660,-156.5495949,26904,0.020000000000002485,train,1
maui_23843_759_13208.jpg,maui,20.7759351,-156.5292911,26904,0.020000000000002485,eval,1
maui_24032_2217_3032.jpg,maui,20.7691328,-155.9848611,26904,0.020000000000002485,train,1
maui_24032_2861_2790.jpg,maui,20.7691743,-155.9847366,26904,0.020000000000002485,train,1
maui_24093_9334_7619.jpg,maui,20.7743973,-156.5363104,26904,0.020000000000002485,train,2
maui_24286_13166_12110.jpg,maui,20.7647000,-155.9799685,26904,0.020000000000002485,train,9
maui_24286_13950_10656.jpg,maui,20.7649597,-155.9798128,26904,0.020000000000002485,train,5
maui_24539_10310_-306.jpg,maui,20.7642433,-155.9805257,26904,0.020000000000002485,eval,2
maui_24539_10620_12.jpg,maui,20.7641849,-155.9804674,26904,0.020000000000002485,train,2
maui_25132_7520_8206.jpg,maui,20.7623306,-156.4590949,26904,0.020000000000002485,eval,1
maui_2580_4304_3037.jpg,maui,21.0057561,-156.5556651,26904,0.01999999999999864,train,20
maui_2580_4811_2953.jpg,maui,21.0057699,-156.5555674,26904,0.01999999999999864,train,24
maui_2580_4874_3271.jpg,maui,21.0057123,-156.5555562,26904,0.01999999999999864,eval,23
maui_26056_9698_11109.jpg,maui,20.7459836,-155.9832937,26904,0.020000000000005076,train,1
maui_26309_7419_4810.jpg,maui,20.7444213,-155.9837780,26904,0.01999999999999806,train,3
maui_26563_1544_13544.jpg,maui,20.7401175,-155.9826873,26904,0.01999999999999788,eval,1
maui_27827_764_1520.jpg,maui,20.7288055,-155.9859398,26904,0.020000000000002485,eval,1
maui_2796_11758_5655.jpg,molokai,21.0040677,-156.6619067,26904,0.020000000000002485,train,1
maui_2796_12979_6689.jpg,molokai,21.0038778,-156.6616749,26904,0.020000000000002485,train,1
maui_28838_4965_10512.jpg,maui,20.7163909,-155.9882577,26904,0.020000000000002485,train,1
maui_292_1518_8272.jpg,maui,21.0295826,-156.5884605,26904,0.019999999999999456,train,1
maui_29344_2500_14291.jpg,maui,20.7103032,-155.9888511,26904,0.02,train,3
maui_37140_10020_6022.jpg,maui,20.6301571,-156.1241939,26904,0.020000000000002485,eval,1
maui_37140_8700_5648.jpg,maui,20.6302288,-156.1244458,26904,0.020000000000002485,train,2
maui_37617_5206_6542.jpg,maui,20.6251228,-156.2086390,26904,0.020000000000002485,eval,1
maui_37618_1090_13524.jpg,maui,20.6247385,-156.2065586,26904,0.020000000000002485,train,1
maui_37869_-70_4641.jpg,maui,20.6237309,-156.2125532,26904,0.020000000000002485,eval,5
maui_37886_5350_13062.jpg,maui,20.6213976,-156.1626511,26904,0.020000000000002485,train,1
maui_38371_7153_31.jpg,maui,20.6193109,-156.2227555,26904,0.020000000000002485,train,12
maui_38371_7154_520.jpg,maui,20.6192227,-156.2227569,26904,0.020000000000002485,train,6
maui_38622_11407_12619.jpg,maui,20.6144104,-156.2277820,26904,0.020000000000002485,train,1
maui_39376_3483_2965.jpg,maui,20.6082845,-156.2437956,26904,0.020000000000002485,train,2
maui_41132_12147_10987.jpg,maui,20.5885388,-156.2856338,26904,0.020000000000002485,train,2
maui_41132_12672_9913.jpg,maui,20.5887311,-156.2855297,26904,0.020000000000002485,train,16
maui_41132_13324_10619.jpg,maui,20.5886017,-156.2854070,26904,0.020000000000002485,train,3
maui_41132_14573_3358.jpg,maui,20.5899087,-156.2851443,26904,0.020000000000002485,train,10
maui_41132_8333_10527.jpg,maui,20.5886333,-156.2863635,26904,0.020000000000002485,train,10
maui_41132_8646_10661.jpg,maui,20.5886082,-156.2863039,26904,0.020000000000002485,eval,15
maui_41132_8897_10298.jpg,maui,20.5886730,-156.2862546,26904,0.020000000000002485,train,8
maui_41133_-252_3348.jpg,maui,20.5899099,-156.2851107,26904,0.020000000000002485,train,26
maui_41133_109_3438.jpg,maui,20.5898926,-156.2850418,26904,0.020000000000002485,train,15
maui_41133_1736_2586.jpg,maui,20.5900415,-156.2847272,26904,0.020000000000002485,train,19
maui_41133_2098_1810.jpg,maui,20.5901805,-156.2846553,26904,0.020000000000002485,train,6
maui_41385_4140_2146.jpg,maui,20.5874511,-156.2871884,26904,0.020000000000002485,train,1
maui_41629_3317_5579.jpg,maui,20.5840132,-156.3132935,26904,0.020000000000002485,train,1
maui_41633_3844_9262.jpg,maui,20.5828182,-156.3017083,26904,0.020000000000002485,train,2
maui_41634_10212_8946.jpg,maui,20.5833679,-156.2976013,26904,0.020000000000002485,eval,5
maui_41635_2270_6482.jpg,maui,20.5841013,-156.2962350,26904,0.020000000000002485,train,2
maui_41635_4077_6365.jpg,maui,20.5841170,-156.2958883,26904,0.020000000000002485,train,2
maui_42105_4430_7419.jpg,maui,20.5800975,-156.3994375,26904,0.020000000000002485,train,1
maui_42365_13909_10800.jpg,maui,20.5764478,-156.3775478,26904,0.020000000000002485,eval,1
maui_4867_5247_2223.jpg,maui,20.9811044,-156.5266456,26904,0.020000000000004542,train,1
maui_5120_6200_9740.jpg,maui,20.9770358,-156.5264870,26904,0.02000000000000175,train,13
maui_5120_6299_9355.jpg,maui,20.9771050,-156.5264668,26904,0.02000000000000175,train,7
maui_5120_6361_8908.jpg,maui,20.9771856,-156.5264536,26904,0.02000000000000175,eval,4
maui_5373_4642_3584.jpg,maui,20.9754461,-156.5269935,26904,0.020000000000006787,eval,7
maui_5373_5029_13765.jpg,maui,20.9736069,-156.5269494,26904,0.020000000000006787,train,3
maui_6133_2887_3881.jpg,maui,20.9672479,-156.5257508,26904,0.019999999999997634,train,3
maui_6386_10144_10301.jpg,maui,20.9633604,-156.5244196,26904,0.020000000000002485,eval,2
maui_6386_13500_12433.jpg,maui,20.9629661,-156.5237809,26904,0.020000000000002485,eval,8
maui_6386_13771_12754.jpg,maui,20.9629074,-156.5237298,26904,0.020000000000002485,eval,9
maui_6386_3540_1799.jpg,maui,20.9649138,-156.5256637,26904,0.020000000000002485,train,3
maui_6386_3734_2247.jpg,maui,20.9648324,-156.5256278,26904,0.020000000000002485,eval,8
maui_6386_3853_2570.jpg,maui,20.9647738,-156.5256059,26904,0.020000000000002485,train,13
maui_6386_4879_4560.jpg,maui,20.9644116,-156.5254146,26904,0.020000000000002485,train,3
maui_6386_5185_5125.jpg,maui,20.9643088,-156.5253574,26904,0.020000000000002485,train,17
maui_6386_5517_5182.jpg,maui,20.9642975,-156.5252938,26904,0.020000000000002485,eval,18
maui_6386_5948_5537.jpg,maui,20.9642322,-156.5252120,26904,0.020000000000002485,eval,8
maui_6386_6170_5865.jpg,maui,20.9641724,-156.5251703,26904,0.020000000000002485,eval,4
maui_6386_6876_6638.jpg,maui,20.9640309,-156.5250369,26904,0.020000000000002485,train,8
maui_6640_4339_-136.jpg,maui,20.9625109,-156.5226658,26904,0.020000000000002485,train,1
maui_6894_6667_9646.jpg,maui,20.9579882,-156.5194090,26904,0.020000000000002485,train,2
maui_6894_7075_10470.jpg,maui,20.9578383,-156.5193330,26904,0.020000000000002485,eval,3
maui_7148_-13_1327.jpg,maui,20.9567587,-156.5178298,26904,0.020000000000002485,eval,1
maui_787_11091_5702.jpg,maui,21.0241484,-156.6184435,26904,0.020000000000002485,train,3
maui_787_11336_5242.jpg,maui,21.0242307,-156.6183951,26904,0.020000000000002485,train,4
maui_787_11461_5588.jpg,maui,21.0241679,-156.6183720,26904,0.020000000000002485,train,5
maui_787_8271_6933.jpg,maui,21.0239337,-156.6189893,26904,0.020000000000002485,train,1
maui_789_1720_5904.jpg,maui,21.0236668,-156.6144833,26904,0.020000000000002485,train,1
maui_7909_10284_3120.jpg,maui,20.9481976,-156.5102245,26904,0.020000000000002485,train,3
maui_8237_2126_1944.jpg,maui,20.9424328,-156.2956431,26904,0.020000000000002485,train,2
maui_8237_697_760.jpg,maui,20.9426509,-156.2959138,26904,0.020000000000002485,train,1
maui_8416_2035_7883.jpg,maui,20.9419025,-156.5090309,26904,0.019999999999999653,eval,1
maui_8485_10411_366.jpg,maui,20.9402128,-156.3085058,26904,0.020000000000002485,train,1
maui_8486_12057_3745.jpg,maui,20.9395523,-156.3053182,26904,0.020000000000002485,train,1
maui_8486_2267_3355.jpg,maui,20.9396524,-156.3071981,26904,0.020000000000002485,train,2
maui_8486_2734_3462.jpg,maui,20.9396317,-156.3071087,26904,0.020000000000002485,eval,1
maui_8486_8207_5298.jpg,maui,20.9392836,-156.3060630,26904,0.020000000000002485,train,1
maui_8502_5044_13345.jpg,maui,20.9371061,-156.2605827,26904,0.020000000000002485,eval,7
maui_8727_11029_10085.jpg,maui,20.9362461,-156.3401711,26904,0.020000000000002485,train,1
maui_8750_1926_2210.jpg,maui,20.9366489,-156.2756048,26904,0.020000000000002485,train,3
maui_8922_7297_2341.jpg,maui,20.9374674,-156.5077781,26904,0.020000000000003484,train,2
maui_9015_5734_13504.jpg,maui,20.9313349,-156.2403756,26904,0.020000000000002485,train,8
maui_9176_13579_5218.jpg,maui,20.9341846,-156.5040563,26904,0.020000000000002485,eval,2
maui_9176_7778_2298.jpg,maui,20.9347281,-156.5051624,26904,0.020000000000002485,train,1
molokai_10084_4591_8727.jpg,molokai,21.0956868,-157.3042131,26904,0.020000000000002485,eval,1
molokai_10295_12458_2868.jpg,molokai,21.0939916,-157.2998305,26904,0.020000000000002485,eval,2
molokai_10297_12967_1513.jpg,molokai,21.0941774,-157.2939555,26904,0.020000000000002485,eval,3
molokai_10297_13299_1531.jpg,molokai,21.0941735,-157.2938916,26904,0.020000000000002485,train,2
molokai_10297_3281_5202.jpg,molokai,21.0935298,-157.2958274,26904,0.020000000000002485,train,1
molokai_10348_10449_1323.jpg,molokai,21.0926719,-157.1472031,26904,0.020000000000002485,eval,1
molokai_10513_9033_1058.jpg,molokai,21.0913827,-157.2774203,26904,0.020000000000002485,train,1
molokai_10515_6758_2422.jpg,molokai,21.0910820,-157.2720870,26904,0.02,train,1
molokai_10517_2548_6487.jpg,molokai,21.0902971,-157.2671317,26904,0.020000000000002485,train,1
molokai_1091_12326_13745.jpg,molokai,21.2101625,-157.1945016,26904,0.020000000000002485,train,7
molokai_1091_12936_13816.jpg,molokai,21.2101484,-157.1943842,26904,0.020000000000002485,train,5
molokai_1091_12948_14472.jpg,molokai,21.2100299,-157.1943834,26904,0.020000000000002485,train,9
molokai_11312_13466_9852.jpg,molokai,21.0760014,-156.7888787,26904,0.020000000000002485,train,3
molokai_11312_13482_10243.jpg,molokai,21.0759308,-156.7888766,26904,0.020000000000002485,eval,3
molokai_11453_234_3172.jpg,molokai,21.0770074,-156.9905864,26904,0.020000000000002485,train,4
molokai_11453_884_3295.jpg,molokai,21.0769837,-156.9904617,26904,0.020000000000002485,train,1
molokai_11666_2647_6989.jpg,molokai,21.0735008,-156.9815092,26904,0.02000000000000184,eval,1
molokai_12518_12495_1444.jpg,molokai,21.0632280,-156.9451154,26904,0.020000000000002485,train,1
molokai_12950_3855_5483.jpg,molokai,21.0566786,-156.9122326,26904,0.020000000000002485,train,1
molokai_12976_10500_13118.jpg,molokai,21.0543446,-156.8359466,26904,0.020000000000002485,train,1
molokai_1301_8368_-104.jpg,molokai,21.2099526,-157.1943244,26904,0.019999999999997235,train,6
molokai_1301_8884_1171.jpg,molokai,21.2097213,-157.1942278,26904,0.019999999999997235,train,8
molokai_1301_9004_855.jpg,molokai,21.2097781,-157.1942040,26904,0.019999999999997235,train,5
molokai_1301_9067_1550.jpg,molokai,21.2096525,-157.1941934,26904,0.019999999999997235,eval,13
molokai_1301_9284_1938.jpg,molokai,21.2095819,-157.1941524,26904,0.019999999999997235,eval,10
molokai_1302_3671_9940.jpg,molokai,21.2081274,-157.1933040,26904,0.020000000000002485,eval,12
molokai_1302_3918_9570.jpg,molokai,21.2081937,-157.1932556,26904,0.020000000000002485,train,15
molokai_1302_4126_10839.jpg,molokai,21.2079640,-157.1932184,26904,0.020000000000002485,train,10
molokai_1302_5035_11171.jpg,molokai,21.2079022,-157.1930440,26904,0.020000000000002485,train,5
molokai_1302_5904_12425.jpg,molokai,21.2076739,-157.1928794,26904,0.020000000000002485,eval,8
molokai_1302_5950_12785.jpg,molokai,21.2076088,-157.1928713,26904,0.020000000000002485,eval,2
molokai_1302_6268_13050.jpg,molokai,21.2075603,-157.1928107,26904,0.020000000000002485,eval,2
molokai_1302_62_3190.jpg,molokai,21.2093540,-157.1939843,26904,0.020000000000002485,train,2
molokai_1302_7076_13781.jpg,molokai,21.2074266,-157.1926566,26904,0.020000000000002485,eval,7
molokai_1302_7568_14668.jpg,molokai,21.2072654,-157.1925638,26904,0.020000000000002485,train,2
molokai_1512_10078_3657.jpg,molokai,21.2065397,-157.1920891,26904,0.020000000000002485,eval,24
molokai_1512_10986_4514.jpg,molokai,21.2063830,-157.1919161,26904,0.020000000000002485,train,13
molokai_1512_12525_5596.jpg,molokai,21.2061844,-157.1916221,26904,0.020000000000002485,train,8
molokai_1512_7470_-246.jpg,molokai,21.2072500,-157.1925829,26904,0.020000000000002485,train,5
molokai_1512_8255_789.jpg,molokai,21.2070615,-157.1924340,26904,0.020000000000002485,train,8
molokai_1512_8524_1127.jpg,molokai,21.2069999,-157.1923829,26904,0.020000000000002485,train,11
molokai_1512_9694_3394.jpg,molokai,21.2065880,-157.1921625,26904,0.020000000000002485,eval,16
molokai_1513_1243_9230.jpg,molokai,21.2055204,-157.1909140,26904,0.020000000000002485,eval,34
molokai_1513_1268_9746.jpg,molokai,21.2054272,-157.1909103,26904,0.020000000000002485,eval,17
molokai_1513_1734_9804.jpg,molokai,21.2054157,-157.1908207,26904,0.020000000000002485,train,54
molokai_1513_2110_10119.jpg,molokai,21.2053580,-157.1907489,26904,0.020000000000002485,train,73
molokai_1513_2427_10575.jpg,molokai,21.2052750,-157.1906889,26904,0.020000000000002485,train,41
molokai_1513_2503_10175.jpg,molokai,21.2053471,-157.1906734,26904,0.020000000000002485,eval,44
molokai_1513_2947_10920.jpg,molokai,21.2052116,-157.1905895,26904,0.020000000000002485,train,22
molokai_1513_3271_11226.jpg,molokai,21.2051557,-157.1905278,26904,0.020000000000002485,eval,18
molokai_1513_3506_10868.jpg,molokai,21.2052199,-157.1904817,26904,0.020000000000002485,train,19
molokai_1513_3700_11273.jpg,molokai,21.2051463,-157.1904452,26904,0.020000000000002485,train,13
molokai_1513_4653_11760.jpg,molokai,21.2050564,-157.1902627,26904,0.020000000000002485,train,6
molokai_1513_4985_11918.jpg,molokai,21.2050272,-157.1901991,26904,0.020000000000002485,train,7
molokai_1513_7140_13903.jpg,molokai,21.2046642,-157.1897884,26904,0.020000000000002485,eval,2
molokai_1513_8435_14608.jpg,molokai,21.2045342,-157.1895406,26904,0.020000000000002485,train,2
molokai_1513_917_9253.jpg,molokai,21.2055169,-157.1909768,26904,0.020000000000002485,eval,28
molokai_1586_5207_2305.jpg,molokai,21.2043708,-156.9792423,26904,0.020000000000002485,train,1
molokai_1723_12084_1665.jpg,molokai,21.2041551,-157.1888423,26904,0.020000000000002485,train,1
molokai_1723_13442_3611.jpg,molokai,21.2038008,-157.1885850,26904,0.020000000000002485,train,12
molokai_1723_14184_3561.jpg,molokai,21.2038083,-157.1884420,26904,0.020000000000002485,train,11
molokai_1723_14573_4097.jpg,molokai,21.2037107,-157.1883682,26904,0.020000000000002485,train,16
molokai_1723_14584_3758.jpg,molokai,21.2037719,-157.1883654,26904,0.020000000000002485,train,13
molokai_1723_9477_2.jpg,molokai,21.2044609,-157.1893407,26904,0.020000000000002485,train,3
molokai_1724_-247_4090.jpg,molokai,21.2037116,-157.1883336,26904,0.020000000000002485,train,6
molokai_1724_-255_3764.jpg,molokai,21.2037705,-157.1883344,26904,0.020000000000002485,eval,4
molokai_1724_1426_4958.jpg,molokai,21.2035514,-157.1880132,26904,0.020000000000002485,train,9
molokai_1724_7356_7370.jpg,molokai,21.2031035,-157.1868764,26904,0.020000000000002485,train,4
molokai_1724_8245_7681.jpg,molokai,21.2030455,-157.1867059,26904,0.020000000000002485,train,9
molokai_1724_8740_7557.jpg,molokai,21.2030668,-157.1866103,26904,0.020000000000002485,train,12
molokai_1724_9381_7750.jpg,molokai,21.2030306,-157.1864872,26904,0.020000000000002485,eval,8
molokai_1725_13156_9587.jpg,molokai,21.2023121,-157.1828794,26904,0.020000000000002485,train,16
molokai_1725_13394_10093.jpg,molokai,21.2022202,-157.1828347,26904,0.020000000000002485,train,22
molokai_1725_13596_9775.jpg,molokai,21.2022772,-157.1827951,26904,0.020000000000002485,eval,13
molokai_1725_14232_9596.jpg,molokai,21.2023083,-157.1826722,26904,0.020000000000002485,eval,9
molokai_1725_14532_9972.jpg,molokai,21.2022397,-157.1826152,26904,0.020000000000002485,eval,13
molokai_1725_1843_7090.jpg,molokai,21.2027865,-157.1850528,26904,0.020000000000002485,train,17
molokai_1725_418_6804.jpg,molokai,21.2028411,-157.1853266,26904,0.020000000000002485,train,9
molokai_1725_5319_7172.jpg,molokai,21.2027645,-157.1843835,26904,0.020000000000002485,train,2
molokai_1725_5971_7236.jpg,molokai,21.2027516,-157.1842581,26904,0.020000000000002485,train,12
molokai_1725_6148_7639.jpg,molokai,21.2026785,-157.1842249,26904,0.020000000000002485,eval,20
molokai_1725_9034_8395.jpg,molokai,21.2025359,-157.1836707,26904,0.020000000000002485,train,12
molokai_1725_9472_8275.jpg,molokai,21.2025567,-157.1835861,26904,0.020000000000002485,train,82
molokai_1725_9788_8295.jpg,molokai,21.2025524,-157.1835252,26904,0.020000000000002485,train,77
molokai_1726_-143_8972.jpg,molokai,21.2022669,-157.1825523,26904,0.020000000000002485,train,4
molokai_1726_1215_8487.jpg,molokai,21.2023516,-157.1822897,26904,0.020000000000002485,train,6
molokai_1726_3477_8181.jpg,molokai,21.2024022,-157.1818533,26904,0.020000000000002485,train,7
molokai_1726_3835_8259.jpg,molokai,21.2023874,-157.1817845,26904,0.020000000000002485,eval,12
molokai_1726_3860_8767.jpg,molokai,21.2022956,-157.1817809,26904,0.020000000000002485,eval,27
molokai_1726_4190_8403.jpg,molokai,21.2023607,-157.1817165,26904,0.020000000000002485,train,17
molokai_1726_4430_8790.jpg,molokai,21.2022903,-157.1816711,26904,0.020000000000002485,train,18
molokai_1728_11809_8118.jpg,molokai,21.2022874,-157.1744709,26904,0.020000000000002485,train,2
molokai_1940_5274_4466.jpg,molokai,21.2007361,-157.1699710,26904,0.02000000000000093,train,1
molokai_1941_3195_4946.jpg,molokai,21.2006224,-157.1674825,26904,0.020000000000002485,train,1
molokai_1941_4582_4371.jpg,molokai,21.2007234,-157.1672141,26904,0.020000000000002485,train,1
molokai_1942_4672_5083.jpg,molokai,21.2005632,-157.1643094,26904,0.020000000000002485,eval,1
molokai_1943_189_184.jpg,molokai,21.2014260,-157.1622729,26904,0.020000000000002485,train,1
molokai_1944_11237_10965.jpg,molokai,21.1994241,-157.1572802,26904,0.020000000000002485,train,1
molokai_1950_1652_12775.jpg,molokai,21.1989275,-157.1417967,26904,0.020000000000002485,train,3
molokai_1950_2578_13383.jpg,molokai,21.1988158,-157.1416198,26904,0.020000000000002485,train,1
molokai_1950_3758_13192.jpg,molokai,21.1988478,-157.1413921,26904,0.020000000000002485,eval,1
molokai_1951_2379_6636.jpg,molokai,21.1991400,-157.1387647,26904,0.020000000000002485,train,1
molokai_1954_329_8123.jpg,molokai,21.1985117,-157.1304996,26904,0.020000000000002485,eval,1
molokai_2163_7021_2682.jpg,molokai,21.1979343,-157.1321071,26904,0.020000000000002485,train,1
molokai_2166_10218_8963.jpg,molokai,21.1966969,-157.1228392,26904,0.020000000000002485,train,5
molokai_2168_5695_7279.jpg,molokai,21.1965658,-157.1179335,26904,0.020000000000002485,train,22
molokai_2168_5865_7641.jpg,molokai,21.1965000,-157.1179016,26904,0.020000000000002485,train,18
molokai_2168_6362_7264.jpg,molokai,21.1965670,-157.1178051,26904,0.020000000000002485,train,1
molokai_2600_11335_9423.jpg,molokai,21.1907389,-157.0822519,26904,0.020000000000002485,train,5
molokai_2601_11355_12582.jpg,molokai,21.1898566,-157.0793703,26904,0.020000000000002485,train,12
molokai_2646_7450_6455.jpg,molokai,21.1897235,-156.9501205,26904,0.020000000000002485,train,3
molokai_2856_8318_734.jpg,molokai,21.1880358,-156.9491628,26904,0.020000000000001728,eval,8
molokai_2856_8484_1107.jpg,molokai,21.1879681,-156.9491317,26904,0.020000000000001728,train,9
molokai_3066_6105_234.jpg,molokai,21.1854145,-156.9489723,26904,0.01999999999999622,train,3
molokai_3252_11092_38.jpg,molokai,21.1835741,-157.0188354,26904,0.020000000000002485,train,5
molokai_3470_13542_5094.jpg,molokai,21.1796739,-156.9953054,26904,0.020000000000002485,train,1
molokai_3548_8344_4812.jpg,molokai,21.1753118,-156.7710613,26904,0.020000000000002485,train,1
molokai_3550_1782_4594.jpg,molokai,21.1755705,-156.7665443,26904,0.020000000000002485,train,31
molokai_3550_2157_4610.jpg,molokai,21.1755667,-156.7664721,26904,0.020000000000002485,eval,25
molokai_3754_10814_4390.jpg,molokai,21.1740251,-156.7821583,26904,0.020000000000002485,train,1
molokai_3754_7750_5080.jpg,molokai,21.1739083,-156.7827501,26904,0.020000000000002485,train,6
molokai_3755_6815_11922.jpg,molokai,21.1730414,-156.7800547,26904,0.020000000000002485,train,1
molokai_3755_7770_12596.jpg,molokai,21.1729173,-156.7798727,26904,0.020000000000002485,eval,1
molokai_3755_8108_12325.jpg,molokai,21.1729653,-156.7798069,26904,0.020000000000002485,train,2
molokai_3908_11044_9786.jpg,molokai,21.1727873,-156.9436634,26904,0.02000000000000269,train,3
molokai_3955_10207_1017.jpg,molokai,21.1726702,-156.8082905,26904,0.020000000000002485,eval,1
molokai_3958_12886_4117.jpg,molokai,21.1719912,-156.7991196,26904,0.020000000000002485,train,4
molokai_3958_12935_3790.jpg,molokai,21.1720501,-156.7991093,26904,0.020000000000002485,train,4
molokai_4124_12349_13210.jpg,molokai,21.1692481,-156.9263517,26904,0.020000000000002485,eval,2
molokai_4190_9462_13371.jpg,molokai,21.1667772,-156.7359981,26904,0.020000000000001395,train,7
molokai_4400_7961_13966.jpg,molokai,21.1639631,-156.7361779,26904,0.020000000000007043,eval,4
molokai_4400_7997_14641.jpg,molokai,21.1638411,-156.7361728,26904,0.020000000000007043,train,1
molokai_444_1393_2974.jpg,molokai,21.2207760,-157.2456058,26904,0.020000000000002485,train,1
molokai_456_10663_12795.jpg,molokai,21.2186192,-157.2091679,26904,0.020000000000002485,train,12
molokai_456_8480_11486.jpg,molokai,21.2188601,-157.2095855,26904,0.020000000000002485,eval,37
molokai_4610_7864_710.jpg,molokai,21.1636484,-156.7362009,26904,0.020000000000004077,train,2
molokai_4610_8092_9157.jpg,molokai,21.1621226,-156.7361803,26904,0.020000000000004077,eval,1
molokai_4610_8098_-87.jpg,molokai,21.1637918,-156.7361537,26904,0.020000000000004077,train,6
molokai_4610_8378_13151.jpg,molokai,21.1614007,-156.7361362,26904,0.020000000000004077,train,2
molokai_4610_8410_9353.jpg,molokai,21.1620864,-156.7361196,26904,0.020000000000004077,train,1
molokai_5459_4239_12993.jpg,molokai,21.1502626,-156.7115826,26904,0.020000000000002485,train,2
molokai_5669_3598_3897.jpg,molokai,21.1491982,-156.7117223,26904,0.020000000000002485,train,9
molokai_5878_4869_10990.jpg,molokai,21.1452397,-156.7140590,26904,0.020000000000001777,eval,22
molokai_5878_5000_11309.jpg,molokai,21.1451818,-156.7140347,26904,0.020000000000001777,eval,23
molokai_5878_5623_7686.jpg,molokai,21.1458344,-156.7139048,26904,0.020000000000001777,train,8
molokai_5878_5651_7296.jpg,molokai,21.1459047,-156.7138983,26904,0.020000000000001777,train,6
molokai_5878_6160_7775.jpg,molokai,21.1458169,-156.7138016,26904,0.020000000000001777,train,1
molokai_5878_7643_3426.jpg,molokai,21.1465983,-156.7135041,26904,0.020000000000001777,train,12
molokai_5878_7777_3800.jpg,molokai,21.1465304,-156.7134794,26904,0.020000000000001777,train,10
molokai_6506_9212_13221.jpg,molokai,21.1367752,-156.7189148,26904,0.020000000000000778,train,10
molokai_6507_-187_3956.jpg,molokai,21.1384414,-156.7183913,26904,0.020000000000002485,train,4
molokai_6507_127_3840.jpg,molokai,21.1384616,-156.7183306,26904,0.020000000000002485,train,2
molokai_656_13945_5167.jpg,molokai,21.2175854,-157.2374465,26904,0.019999999999999688,train,2
molokai_657_13079_5960.jpg,molokai,21.2174135,-157.2347249,26904,0.020000000000002485,eval,10
molokai_658_10252_3904.jpg,molokai,21.2177603,-157.2323756,26904,0.020000000000002485,eval,7
molokai_660_-38_6770.jpg,molokai,21.2172028,-157.2285851,26904,0.020000000000002485,train,1
molokai_660_13942_7636.jpg,molokai,21.2170181,-157.2258940,26904,0.020000000000002485,train,4
molokai_660_14259_7754.jpg,molokai,21.2169962,-157.2258332,26904,0.020000000000002485,train,2
molokai_667_10167_8235.jpg,molokai,21.2167039,-157.2063968,26904,0.020000000000002485,train,2
molokai_667_14644_9898.jpg,molokai,21.2163943,-157.2055381,26904,0.020000000000002485,train,1
molokai_667_9834_8179.jpg,molokai,21.2167147,-157.2064608,26904,0.020000000000002485,train,9
molokai_668_-318_9898.jpg,molokai,21.2163943,-157.2055308,26904,0.020000000000002485,none,0
molokai_6716_1402_14297.jpg,molokai,21.1339005,-156.7210425,26904,0.020000000000002485,train,1
molokai_6716_5012_10945.jpg,molokai,21.1344964,-156.7203384,26904,0.020000000000002485,train,9
molokai_6716_8253_7922.jpg,molokai,21.1350338,-156.7197063,26904,0.020000000000002485,eval,3
molokai_6716_9093_2931.jpg,molokai,21.1359328,-156.7195308,26904,0.020000000000002485,eval,8
molokai_6716_9286_1856.jpg,molokai,21.1361265,-156.7194907,26904,0.020000000000002485,eval,3
molokai_6716_9465_4122.jpg,molokai,21.1357168,-156.7194625,26904,0.020000000000002485,train,1
molokai_6716_9636_3432.jpg,molokai,21.1358410,-156.7194277,26904,0.020000000000002485,train,4
molokai_6925_11530_4018.jpg,molokai,21.1330577,-156.7217745,26904,0.0200000000000047,eval,7
molokai_6925_11775_4768.jpg,molokai,21.1329216,-156.7217294,26904,0.0200000000000047,eval,3
molokai_6925_11855_3929.jpg,molokai,21.1330729,-156.7217117,26904,0.0200000000000047,train,18
molokai_6925_12230_3473.jpg,molokai,21.1331543,-156.7216383,26904,0.0200000000000047,train,22
molokai_6926_-118_936.jpg,molokai,21.1336085,-156.7213395,26904,0.02000000000000438,train,8
molokai_6926_282_587.jpg,molokai,21.1336704,-156.7212616,26904,0.02000000000000438,train,4
molokai_7135_6719_4832.jpg,molokai,21.1302176,-156.7229627,26904,0.020000000000002485,train,1
molokai_7344_1570_8792.jpg,molokai,21.1268461,-156.7268927,26904,0.020000000000002485,eval,1
molokai_7344_874_9779.jpg,molokai,21.1266697,-156.7270293,26904,0.020000000000002485,train,1
molokai_7552_8574_11975.jpg,molokai,21.1236193,-156.7311461,26904,0.020000000000005718,eval,9
molokai_7762_7392_7788.jpg,molokai,21.1216728,-156.7316254,26904,0.020000000000002485,eval,9
molokai_7971_10570_6719.jpg,molokai,21.1191811,-156.7334432,26904,0.020000000000002998,train,7
molokai_7985_13620_14337.jpg,molokai,21.1217203,-157.2991434,26904,0.020000000000006214,train,1
molokai_8196_3057_5234.jpg,molokai,21.1206480,-157.2984488,26904,0.02000000000000188,train,1
molokai_8389_12982_4218.jpg,molokai,21.1142932,-156.7393231,26904,0.020000000000002485,train,1
molokai_879_3230_4172.jpg,molokai,21.2146812,-157.2019783,26904,0.020000000000002485,train,2
molokai_879_4055_4290.jpg,molokai,21.2146582,-157.2018196,26904,0.020000000000002485,train,2
molokai_879_939_3346.jpg,molokai,21.2148351,-157.2024178,26904,0.020000000000002485,train,2
molokai_880_5947_5539.jpg,molokai,21.2143979,-157.1985686,26904,0.020000000000002485,train,1
molokai_880_6216_5862.jpg,molokai,21.2143390,-157.1985175,26904,0.020000000000002485,train,3
molokai_880_6760_6787.jpg,molokai,21.2141708,-157.1984147,26904,0.020000000000002485,train,4
molokai_880_7132_6983.jpg,molokai,21.2141346,-157.1983435,26904,0.020000000000002485,eval,25
molokai_880_7454_6879.jpg,molokai,21.2141528,-157.1982813,26904,0.020000000000002485,eval,29
molokai_880_7589_7208.jpg,molokai,21.2140931,-157.1982560,26904,0.020000000000002485,train,30
molokai_880_7913_7250.jpg,molokai,21.2140848,-157.1981937,26904,0.020000000000002485,train,27
molokai_9435_438_6839.jpg,molokai,21.1004628,-156.7534942,26904,0.020000000000002485,train,2
molokai_9435_583_6449.jpg,molokai,21.1005329,-156.7534653,26904,0.020000000000002485,eval,2
molokai_9524_11512_8203.jpg,molokai,21.1007552,-157.1007001,26904,0.020000000000002485,train,1
molokai_9525_6557_9116.jpg,molokai,21.1007057,-157.0987672,26904,0.020000000000002485,train,1
niihau_1_1007_14025_13520.jpg,niihau,21.8939077,-160.2168072,26904,0.020000000000000472,eval,1
niihau_1_1089_19713_15015.jpg,niihau,21.9027632,-160.2062234,26904,0.020000000000000472,eval,2
niihau_1_1130_16634_16366.jpg,niihau,21.9070733,-160.2020767,26904,0.020000000000000472,train,3
niihau_1_1171_12004_16166.jpg,niihau,21.9116613,-160.1982324,26904,0.020000000000000472,eval,2
niihau_1_1171_13273_12690.jpg,niihau,21.9122911,-160.1979919,26904,0.020000000000000472,train,3
niihau_1_1171_13641_12824.jpg,niihau,21.9122674,-160.1979205,26904,0.020000000000000472,eval,3
niihau_1_1171_19103_2678.jpg,niihau,21.9141080,-160.1968784,26904,0.020000000000000472,train,7
niihau_1_1212_13145_14015.jpg,niihau,21.9166098,-160.1932734,26904,0.020000000000000472,eval,1
niihau_1_1253_11171_18841.jpg,niihau,21.9202934,-160.1889068,26904,0.020000000000000472,train,1
niihau_1_1253_21758_1273.jpg,niihau,21.9234819,-160.1868834,26904,0.020000000000000472,train,1
niihau_1_1253_23761_3032.jpg,niihau,21.9231670,-160.1864929,26904,0.020000000000000472,train,7
niihau_1_1254_197_3352.jpg,niihau,21.9231107,-160.1862754,26904,0.020000000000001728,train,3
niihau_1_1254_92_3028.jpg,niihau,21.9231691,-160.1862962,26904,0.020000000000001728,train,3
niihau_1_1294_12685_9724.jpg,niihau,21.9252991,-160.1838755,26904,0.020000000000000472,train,1
niihau_1_1294_19371_10077.jpg,niihau,21.9252446,-160.1825805,26904,0.020000000000000472,eval,1
niihau_1_1294_19721_10265.jpg,niihau,21.9252111,-160.1825124,26904,0.020000000000000472,train,1
niihau_1_1294_22470_9263.jpg,niihau,21.9253960,-160.1819817,26904,0.020000000000000472,eval,1
niihau_1_1296_2234_5745.jpg,niihau,21.9272733,-160.1763557,26904,0.019999999999999716,train,1
niihau_1_1296_23468_1411.jpg,niihau,21.9280856,-160.1722508,26904,0.019999999999999716,train,3
niihau_1_1337_10813_15698.jpg,niihau,21.9289385,-160.1699286,26904,0.020000000000000472,train,1
niihau_1_1419_19263_7383.jpg,niihau,21.9390704,-160.1588147,26904,0.020000000000000472,eval,7
niihau_1_1422_8437_145.jpg,niihau,21.9420671,-160.1465946,26904,0.020000000000000472,train,2
niihau_1_1463_10909_13296.jpg,niihau,21.9442516,-160.1413530,26904,0.020000000000000472,train,2
niihau_1_1464_7338_3709.jpg,niihau,21.9460119,-160.1372781,26904,0.020000000000000472,eval,1
niihau_1_1505_9294_13174.jpg,niihau,21.9488523,-160.1321342,26904,0.020000000000001225,train,1
niihau_1_1546_15798_13107.jpg,niihau,21.9534385,-160.1261373,26904,0.020000000000000472,eval,3
niihau_1_1546_16155_13210.jpg,niihau,21.9534204,-160.1260680,26904,0.020000000000000472,train,4
niihau_1_1546_7290_19351.jpg,niihau,21.9522992,-160.1277761,26904,0.020000000000000472,train,1
niihau_1_1546_9638_17976.jpg,niihau,21.9525507,-160.1273233,26904,0.020000000000000472,train,2
niihau_1_1587_21452_1289.jpg,niihau,21.9601374,-160.1203141,26904,0.020000000000000472,train,1
niihau_1_1587_5615_22087.jpg,niihau,21.9563591,-160.1233517,26904,0.020000000000000472,train,1
niihau_1_1587_7139_20367.jpg,niihau,21.9566719,-160.1230590,26904,0.020000000000000472,train,2
niihau_1_1587_7814_20141.jpg,niihau,21.9567136,-160.1229286,26904,0.020000000000000472,train,1
niihau_1_1628_1219_1830.jpg,niihau,21.9645692,-160.1194866,26904,0.01999999999999947,train,5
niihau_1_1628_1536_1697.jpg,niihau,21.9645936,-160.1194254,26904,0.01999999999999947,train,5
niihau_1_1708_19135_8696.jpg,niihau,21.9724045,-160.1153783,26904,0.020000000000001874,train,3
niihau_1_1749_4010_22485.jpg,niihau,21.9744449,-160.1142419,26904,0.02000000000000116,train,2
niihau_1_1749_6177_17104.jpg,niihau,21.9754199,-160.1138298,26904,0.02000000000000116,train,4
niihau_1_1829_19818_7193.jpg,niihau,21.9862790,-160.1107659,26904,0.020000000000000104,train,1
niihau_1_1910_13549_13783.jpg,niihau,21.9941565,-160.1077658,26904,0.020000000000000472,train,4
niihau_1_1910_14409_13802.jpg,niihau,21.9941542,-160.1075991,26904,0.020000000000000472,train,8
niihau_1_1910_14661_14129.jpg,niihau,21.9940955,-160.1075499,26904,0.020000000000000472,eval,10
niihau_1_1910_14745_14501.jpg,niihau,21.9940284,-160.1075331,26904,0.020000000000000472,eval,6
niihau_1_1910_14863_13038.jpg,niihau,21.9942928,-160.1075123,26904,0.020000000000000472,train,1
niihau_1_1910_15751_14036.jpg,niihau,21.9941137,-160.1073389,26904,0.020000000000000472,train,5
niihau_1_1910_16352_13624.jpg,niihau,21.9941889,-160.1072230,26904,0.020000000000000472,train,3
niihau_1_1910_17447_12656.jpg,niihau,21.9943652,-160.1070122,26904,0.020000000000000472,train,4
niihau_1_1910_18143_13151.jpg,niihau,21.9942767,-160.1068767,26904,0.020000000000000472,eval,4
niihau_1_1910_898_19874.jpg,niihau,21.9930396,-160.1102079,26904,0.020000000000000472,train,2
niihau_1_1912_127_4397.jpg,niihau,21.9958991,-160.1008152,26904,0.01999999999999901,eval,3
niihau_1_1920_11528_5860.jpg,niihau,21.9959014,-160.0603489,26904,0.020000000000000802,eval,6
niihau_1_1920_11836_5396.jpg,niihau,21.9959856,-160.0602899,26904,0.020000000000000802,train,17
niihau_1_1920_12055_5026.jpg,niihau,21.9960527,-160.0602479,26904,0.020000000000000802,train,10
niihau_1_1920_12348_5674.jpg,niihau,21.9959360,-160.0601903,26904,0.020000000000000802,eval,3
niihau_1_1920_12524_6327.jpg,niihau,21.9958182,-160.0601553,26904,0.020000000000000802,eval,7
niihau_1_1920_12577_5985.jpg,niihau,21.9958801,-160.0601455,26904,0.020000000000000802,eval,5
niihau_1_1920_17450_3490.jpg,niihau,21.9963369,-160.0592049,26904,0.020000000000000802,train,5
niihau_1_1920_18395_3804.jpg,niihau,21.9962814,-160.0590214,26904,0.020000000000000802,train,1
niihau_1_1920_18916_3934.jpg,niihau,21.9962586,-160.0589203,26904,0.020000000000000802,train,3
niihau_1_1920_19509_3968.jpg,niihau,21.9962532,-160.0588054,26904,0.020000000000000802,train,6
niihau_1_1920_9486_5165.jpg,niihau,21.9960244,-160.0607454,26904,0.020000000000000802,train,6
niihau_1_1920_9630_4848.jpg,niihau,21.9960818,-160.0607180,26904,0.020000000000000802,train,2
niihau_1_1951_5083_4810.jpg,niihau,21.9973728,-160.1046486,26904,0.020000000000000472,eval,1
niihau_1_1951_5112_3882.jpg,niihau,21.9975405,-160.1046443,26904,0.020000000000000472,train,1
niihau_1_1951_8691_8160.jpg,niihau,21.9967723,-160.1039450,26904,0.020000000000000472,eval,2
niihau_1_1953_13474_1562.jpg,niihau,22.0009842,-160.0934863,26904,0.019999999999999896,train,2
niihau_1_1953_2389_10013.jpg,niihau,21.9994431,-160.0956220,26904,0.019999999999999896,train,4
niihau_1_1956_-34_13892.jpg,niihau,21.9980011,-160.0817336,26904,0.020000000000000472,train,8
niihau_1_1956_10458_11579.jpg,niihau,21.9984324,-160.0797042,26904,0.020000000000000472,eval,1
niihau_1_1956_366_13563.jpg,niihau,21.9980610,-160.0816565,26904,0.020000000000000472,train,16
niihau_1_1957_13002_13336.jpg,niihau,21.9988234,-160.0744320,26904,0.020000000000000472,train,3
niihau_1_1957_1978_13333.jpg,niihau,21.9988100,-160.0765676,26904,0.020000000000000472,train,1
niihau_1_1957_20869_10324.jpg,niihau,21.9993776,-160.0729121,26904,0.020000000000000472,train,1
niihau_1_1958_1137_10787.jpg,niihau,21.9994597,-160.0719531,26904,0.020000000000000472,eval,1
niihau_1_1958_1457_10776.jpg,niihau,21.9994621,-160.0718912,26904,0.020000000000000472,train,2
niihau_1_1958_4255_8461.jpg,niihau,21.9998839,-160.0713523,26904,0.020000000000000472,train,1
niihau_1_1958_4394_8835.jpg,niihau,21.9998165,-160.0713248,26904,0.020000000000000472,eval,6
niihau_1_1959_10818_13285.jpg,niihau,21.9990518,-160.0652922,26904,0.020000000000000472,eval,5
niihau_1_1959_11219_13491.jpg,niihau,21.9990151,-160.0652143,26904,0.020000000000000472,train,1
niihau_1_1959_12065_12591.jpg,niihau,21.9991788,-160.0650516,26904,0.020000000000000472,train,7
niihau_1_1959_12103_12073.jpg,niihau,21.9992724,-160.0650449,26904,0.020000000000000472,train,2
niihau_1_1959_12169_12904.jpg,niihau,21.9991223,-160.0650310,26904,0.020000000000000472,train,9
niihau_1_1959_13116_13200.jpg,niihau,21.9990701,-160.0648471,26904,0.020000000000000472,eval,4
niihau_1_1959_13212_12798.jpg,niihau,21.9991428,-160.0648291,26904,0.020000000000000472,train,3
niihau_1_1959_13223_13609.jpg,niihau,21.9989963,-160.0648259,26904,0.020000000000000472,train,2
niihau_1_1959_13670_13809.jpg,niihau,21.9989607,-160.0647390,26904,0.020000000000000472,train,1
niihau_1_1959_14804_13236.jpg,niihau,21.9990657,-160.0645201,26904,0.020000000000000472,train,1
niihau_1_1959_15459_14395.jpg,niihau,21.9988571,-160.0643916,26904,0.020000000000000472,train,2
niihau_1_1959_2045_5602.jpg,niihau,22.0004288,-160.0670021,26904,0.020000000000000472,train,3
niihau_1_1959_3885_8205.jpg,niihau,21.9999608,-160.0666422,26904,0.020000000000000472,eval,6
niihau_1_1959_4396_6847.jpg,niihau,22.0002068,-160.0665450,26904,0.020000000000000472,train,10
niihau_1_1959_4679_7175.jpg,niihau,22.0001479,-160.0664897,26904,0.020000000000000472,train,21
niihau_1_1959_4705_7544.jpg,niihau,22.0000813,-160.0664842,26904,0.020000000000000472,train,13
niihau_1_1959_5269_8506.jpg,niihau,21.9999082,-160.0663736,26904,0.020000000000000472,eval,15
niihau_1_1959_5476_8059.jpg,niihau,21.9999892,-160.0663341,26904,0.020000000000000472,eval,10
niihau_1_1959_5711_8533.jpg,niihau,21.9999039,-160.0662880,26904,0.020000000000000472,train,19
niihau_1_1959_7251_10757.jpg,niihau,21.9995040,-160.0659866,26904,0.020000000000000472,train,2
niihau_1_1959_8804_11030.jpg,niihau,21.9994567,-160.0656854,26904,0.020000000000000472,train,3
niihau_1_1959_9143_11070.jpg,niihau,21.9994499,-160.0656197,26904,0.020000000000000472,eval,6
niihau_1_1959_9253_11394.jpg,niihau,21.9993915,-160.0655979,26904,0.020000000000000472,train,9
niihau_1_1959_9831_12576.jpg,niihau,21.9991787,-160.0654844,26904,0.020000000000000472,train,1
niihau_1_1960_1080_6589.jpg,niihau,21.9987958,-160.0623946,26904,0.01999999999999981,train,1
niihau_1_1960_1676_8354.jpg,niihau,21.9984777,-160.0622767,26904,0.01999999999999981,train,1
niihau_1_1960_1997_9575.jpg,niihau,21.9982575,-160.0622129,26904,0.01999999999999981,train,3
niihau_1_1960_2633_9841.jpg,niihau,21.9982103,-160.0620893,26904,0.01999999999999981,train,3
niihau_1_1960_2867_8620.jpg,niihau,21.9984311,-160.0620456,26904,0.01999999999999981,eval,4
niihau_1_1994_16686_13302.jpg,niihau,22.0034094,-160.0881002,26904,0.020000000000000472,train,5
niihau_1_1994_16823_12215.jpg,niihau,22.0036059,-160.0880751,26904,0.020000000000000472,train,2
niihau_1_1998_17802_3785.jpg,niihau,22.0022091,-160.0685183,26904,0.020000000000001187,train,1
niihau_1_1998_6682_5959.jpg,niihau,22.0018023,-160.0706696,26904,0.020000000000001187,train,2
niihau_1_201_15921_3111.jpg,niihau,21.8051494,-160.2405104,26904,0.020000000000000472,train,1
niihau_1_201_25860_6614.jpg,niihau,21.8045310,-160.2385823,26904,0.020000000000000472,train,2
niihau_1_282_1214_8105.jpg,niihau,21.8128144,-160.2424787,26904,0.020000000000000753,eval,1
niihau_1_361_8555_12897.jpg,niihau,21.8214221,-160.2458394,26904,0.020000000000001735,train,2
niihau_1_361_9180_16341.jpg,niihau,21.8208008,-160.2457131,26904,0.020000000000001735,train,3
niihau_1_361_9361_9299.jpg,niihau,21.8220733,-160.2456891,26904,0.020000000000001735,eval,4
niihau_1_361_9550_16467.jpg,niihau,21.8207786,-160.2456413,26904,0.020000000000001735,train,2
niihau_1_401_10018_4886.jpg,niihau,21.8273986,-160.2451251,26904,0.02,train,7
niihau_1_401_10109_4422.jpg,niihau,21.8274826,-160.2451082,26904,0.02,train,7
niihau_1_401_9709_4565.jpg,niihau,21.8274562,-160.2451854,26904,0.02,train,4
niihau_1_441_11574_13874.jpg,niihau,21.8303074,-160.2439694,26904,0.02000000000000188,train,6
niihau_1_441_11892_14074.jpg,niihau,21.8302717,-160.2439075,26904,0.02000000000000188,eval,6
niihau_1_441_13487_654.jpg,niihau,21.8326984,-160.2436199,26904,0.02000000000000188,eval,2
niihau_1_481_7968_6631.jpg,niihau,21.8361372,-160.2443009,26904,0.0200000000000023,train,2
niihau_1_521_1531_3607.jpg,niihau,21.8411921,-160.2463191,26904,0.01999999999999914,train,2
niihau_1_601_11934_12348.jpg,niihau,21.8478144,-160.2437301,26904,0.020000000000002526,train,1
niihau_1_683_16131_14511.jpg,niihau,21.8574012,-160.2351997,26904,0.020000000000000472,train,1
niihau_1_724_7532_842.jpg,niihau,21.8644173,-160.2321467,26904,0.01999999999999955,train,2
niihau_1_724_7546_5105.jpg,niihau,21.8636472,-160.2321374,26904,0.01999999999999955,train,1
niihau_1_804_2504_23196.jpg,niihau,21.8694188,-160.2331628,26904,0.01999999999999899,train,1
niihau_1_804_5758_13972.jpg,niihau,21.8710899,-160.2325474,26904,0.01999999999999899,train,1
niihau_1_844_9585_12329.jpg,niihau,21.8759157,-160.2318480,26904,0.020000000000000472,eval,2
niihau_1_884_12586_21274.jpg,niihau,21.8788430,-160.2292355,26904,0.019999999999999504,eval,4
niihau_1_925_11956_1052.jpg,niihau,21.8870391,-160.2267136,26904,0.019999999999999418,train,1
niihau_2_1090_7197_4511.jpg,niihau,21.9167717,-160.0805170,26904,0.020000000000000313,train,8
niihau_2_1090_7516_5416.jpg,niihau,21.9166086,-160.0804540,26904,0.020000000000000313,eval,10
niihau_2_1091_1896_27992.jpg,niihau,21.9125416,-160.0786519,26904,0.020000000000001704,train,9
niihau_2_1091_1945_28408.jpg,niihau,21.9124665,-160.0786419,26904,0.020000000000001704,eval,12
niihau_2_1091_2286_28703.jpg,niihau,21.9124136,-160.0785754,26904,0.020000000000001704,train,18
niihau_2_1091_4804_33026.jpg,niihau,21.9116358,-160.0780821,26904,0.020000000000001704,train,6
niihau_2_1139_8332_1045.jpg,niihau,21.9236905,-160.0823488,26904,0.020000000000006082,train,2
niihau_2_1139_8462_1394.jpg,niihau,21.9236276,-160.0823232,26904,0.020000000000006082,train,4
niihau_2_1140_-40_1416.jpg,niihau,21.9236239,-160.0822740,26904,0.020000000000001704,eval,1
niihau_2_1140_1546_11517.jpg,niihau,21.9218011,-160.0819531,26904,0.020000000000001704,eval,2
niihau_2_1140_265_4063.jpg,niihau,21.9231461,-160.0822113,26904,0.020000000000001704,train,5
niihau_2_1140_5921_29526.jpg,niihau,21.9185531,-160.0810815,26904,0.020000000000001704,train,15
niihau_2_1189_10182_32223.jpg,niihau,21.9243603,-160.0826300,26904,0.020000000000001156,train,1
niihau_2_1189_10447_33138.jpg,niihau,21.9241954,-160.0825775,26904,0.020000000000001156,train,2
niihau_2_1189_8303_8193.jpg,niihau,21.9286992,-160.0830267,26904,0.020000000000001156,train,7
niihau_2_1189_8950_26022.jpg,niihau,21.9254790,-160.0828770,26904,0.020000000000001156,train,3
niihau_2_1189_9832_400.jpg,niihau,21.9301091,-160.0827413,26904,0.020000000000001156,train,16
niihau_2_1239_9409_29747.jpg,niihau,21.9309052,-160.0825337,26904,0.020000000000005073,train,8
niihau_2_1240_1420_23841.jpg,niihau,21.9321831,-160.0820560,26904,0.020000000000001704,train,1
niihau_2_1240_5306_10571.jpg,niihau,21.9345855,-160.0813217,26904,0.020000000000001704,train,1
niihau_2_1290_10068_24832.jpg,niihau,21.9383199,-160.0803594,26904,0.020000000000001888,train,1
niihau_2_1290_12774_9172.jpg,niihau,21.9411525,-160.0798567,26904,0.020000000000001888,train,3
niihau_2_1341_1293_31351.jpg,niihau,21.9434557,-160.0790017,26904,0.020000000000001704,train,7
niihau_2_1341_2442_28116.jpg,niihau,21.9440416,-160.0787836,26904,0.020000000000001704,train,6
niihau_2_1341_3202_26636.jpg,niihau,21.9443099,-160.0786384,26904,0.020000000000001704,train,6
niihau_2_1341_3231_26265.jpg,niihau,21.9443770,-160.0786333,26904,0.020000000000001704,eval,7
niihau_2_1341_3707_25814.jpg,niihau,21.9444591,-160.0785418,26904,0.020000000000001704,train,15
niihau_2_1341_8337_9527.jpg,niihau,21.9474074,-160.0776673,26904,0.020000000000001704,train,3
niihau_2_1391_10034_17652.jpg,niihau,21.9522513,-160.0765693,26904,0.02000000000000457,eval,8
niihau_2_1391_10168_21147.jpg,niihau,21.9516200,-160.0765386,26904,0.02000000000000457,train,1
niihau_2_1391_10227_16842.jpg,niihau,21.9523978,-160.0765330,26904,0.02000000000000457,train,21
niihau_2_1391_10423_16050.jpg,niihau,21.9525412,-160.0764962,26904,0.02000000000000457,train,29
niihau_2_1391_10433_16405.jpg,niihau,21.9524770,-160.0764937,26904,0.02000000000000457,train,29
niihau_2_1391_10541_15695.jpg,niihau,21.9526054,-160.0764738,26904,0.02000000000000457,train,35
niihau_2_1391_10858_14287.jpg,niihau,21.9528602,-160.0764143,26904,0.02000000000000457,train,29
niihau_2_1391_10936_13267.jpg,niihau,21.9530446,-160.0764006,26904,0.02000000000000457,train,28
niihau_2_1391_10970_10278.jpg,niihau,21.9535846,-160.0763981,26904,0.02000000000000457,train,31
niihau_2_1391_10970_12368.jpg,niihau,21.9532070,-160.0763952,26904,0.02000000000000457,train,29
niihau_2_1391_10988_12905.jpg,niihau,21.9531101,-160.0763910,26904,0.02000000000000457,train,39
niihau_2_1391_10995_13850.jpg,niihau,21.9529393,-160.0763884,26904,0.02000000000000457,train,25
niihau_2_1391_11002_14653.jpg,niihau,21.9527943,-160.0763859,26904,0.02000000000000457,train,25
niihau_2_1391_11017_10986.jpg,niihau,21.9534568,-160.0763880,26904,0.02000000000000457,train,27
niihau_2_1391_11191_11822.jpg,niihau,21.9533060,-160.0763532,26904,0.02000000000000457,train,27
niihau_2_1391_11210_9216.jpg,niihau,21.9537768,-160.0763531,26904,0.02000000000000457,train,33
niihau_2_1391_11232_11353.jpg,niihau,21.9533908,-160.0763459,26904,0.02000000000000457,train,13
niihau_2_1391_11260_10677.jpg,niihau,21.9535129,-160.0763414,26904,0.02000000000000457,train,32
niihau_2_1391_11272_6711.jpg,niihau,21.9542294,-160.0763445,26904,0.02000000000000457,eval,13
niihau_2_1391_11272_9629.jpg,niihau,21.9537023,-160.0763405,26904,0.02000000000000457,train,51
niihau_2_1391_11304_10118.jpg,niihau,21.9536140,-160.0763336,26904,0.02000000000000457,train,39
niihau_2_1391_11310_12281.jpg,niihau,21.9532232,-160.0763295,26904,0.02000000000000457,eval,27
niihau_2_1391_11321_12911.jpg,niihau,21.9531094,-160.0763265,26904,0.02000000000000457,eval,34
niihau_2_1391_11349_7435.jpg,niihau,21.9540987,-160.0763286,26904,0.02000000000000457,train,10
niihau_2_1391_11380_7806.jpg,niihau,21.9540317,-160.0763220,26904,0.02000000000000457,train,6
niihau_2_1391_11407_7065.jpg,niihau,21.9541656,-160.0763178,26904,0.02000000000000457,eval,24
niihau_2_1391_11452_8852.jpg,niihau,21.9538429,-160.0763067,26904,0.02000000000000457,train,18
niihau_2_1391_11602_9287.jpg,niihau,21.9537645,-160.0762770,26904,0.02000000000000457,train,31
niihau_2_1391_11732_7280.jpg,niihau,21.9541272,-160.0762546,26904,0.02000000000000457,train,16
niihau_2_1391_11794_6928.jpg,niihau,21.9541909,-160.0762431,26904,0.02000000000000457,train,21
niihau_2_1391_11882_7880.jpg,niihau,21.9540190,-160.0762247,26904,0.02000000000000457,train,6
niihau_2_1391_11885_8335.jpg,niihau,21.9539368,-160.0762235,26904,0.02000000000000457,eval,5
niihau_2_1391_8393_28533.jpg,niihau,21.9502834,-160.0768723,26904,0.02000000000000457,train,1
niihau_2_1392_-135_7683.jpg,niihau,21.9540548,-160.0761938,26904,0.020000000000001704,eval,23
niihau_2_1392_-156_8032.jpg,niihau,21.9539917,-160.0761974,26904,0.020000000000001704,eval,28
niihau_2_1392_-285_8335.jpg,niihau,21.9539368,-160.0762220,26904,0.020000000000001704,eval,9
niihau_2_1392_-84_7311.jpg,niihau,21.9541221,-160.0761844,26904,0.020000000000001704,train,15
niihau_2_1392_12_6950.jpg,niihau,21.9541874,-160.0761663,26904,0.020000000000001704,train,18
niihau_2_1392_1451_2909.jpg,niihau,21.9549193,-160.0758932,26904,0.020000000000001704,eval,5
niihau_2_1392_1514_4035.jpg,niihau,21.9547159,-160.0758794,26904,0.020000000000001704,train,9
niihau_2_1392_1544_3710.jpg,niihau,21.9547747,-160.0758741,26904,0.020000000000001704,train,12
niihau_2_1392_1884_3793.jpg,niihau,21.9547601,-160.0758081,26904,0.020000000000001704,train,9
niihau_2_1442_7156_21213.jpg,niihau,21.9563655,-160.0747991,26904,0.020000000000001704,eval,8
niihau_2_1442_9018_20476.jpg,niihau,21.9565010,-160.0744395,26904,0.020000000000001704,train,7
niihau_2_1442_9457_19562.jpg,niihau,21.9566667,-160.0743557,26904,0.020000000000001704,eval,6
niihau_2_1443_13296_-153.jpg,niihau,21.9618125,-160.0704863,26904,0.020000000000001704,eval,2
niihau_2_1443_14650_2083.jpg,niihau,21.9614102,-160.0702210,26904,0.020000000000001704,train,7
niihau_2_1443_14996_2340.jpg,niihau,21.9613642,-160.0701537,26904,0.020000000000001704,train,3
niihau_2_1443_1542_19434.jpg,niihau,21.9582590,-160.0727362,26904,0.020000000000001704,train,12
niihau_2_1443_1642_19861.jpg,niihau,21.9581820,-160.0727162,26904,0.020000000000001704,train,7
niihau_2_1443_1932_19505.jpg,niihau,21.9582467,-160.0726605,26904,0.020000000000001704,train,9
niihau_2_1443_2007_18835.jpg,niihau,21.9583678,-160.0726469,26904,0.020000000000001704,train,8
niihau_2_1443_2361_19012.jpg,niihau,21.9583363,-160.0725781,26904,0.020000000000001704,train,15
niihau_2_1443_2704_18820.jpg,niihau,21.9583714,-160.0725120,26904,0.020000000000001704,train,4
niihau_2_1443_3440_19315.jpg,niihau,21.9582829,-160.0723687,26904,0.020000000000001704,train,15
niihau_2_1443_3535_19685.jpg,niihau,21.9582162,-160.0723498,26904,0.020000000000001704,train,17
niihau_2_1443_3937_18135.jpg,niihau,21.9584967,-160.0722741,26904,0.020000000000001704,train,6
niihau_2_1443_4167_19504.jpg,niihau,21.9582497,-160.0722277,26904,0.020000000000001704,train,6
niihau_2_1443_4170_17778.jpg,niihau,21.9585615,-160.0722295,26904,0.020000000000001704,train,20
niihau_2_1443_4231_19186.jpg,niihau,21.9583072,-160.0722157,26904,0.020000000000001704,eval,8
niihau_2_1443_4510_17340.jpg,niihau,21.9586411,-160.0721642,26904,0.020000000000001704,eval,4
niihau_2_1443_4603_19330.jpg,niihau,21.9582817,-160.0721435,26904,0.020000000000001704,eval,5
niihau_2_1443_4813_18567.jpg,niihau,21.9584198,-160.0721039,26904,0.020000000000001704,train,5
niihau_2_1443_6135_16330.jpg,niihau,21.9588256,-160.0718509,26904,0.020000000000001704,train,7
niihau_2_1443_8674_15430.jpg,niihau,21.9589914,-160.0713603,26904,0.020000000000001704,eval,6
niihau_2_1493_6569_32523.jpg,niihau,21.9621512,-160.0706023,26904,0.020000000000002044,train,2
niihau_2_1493_6768_32944.jpg,niihau,21.9620754,-160.0705632,26904,0.020000000000002044,train,1
niihau_2_1493_8503_17214.jpg,niihau,21.9649194,-160.0702485,26904,0.020000000000002044,train,2
niihau_2_1493_8744_21697.jpg,niihau,21.9641098,-160.0701957,26904,0.020000000000002044,train,2
niihau_2_1493_8972_20061.jpg,niihau,21.9644056,-160.0701538,26904,0.020000000000002044,train,5
niihau_2_1493_9310_20022.jpg,niihau,21.9644131,-160.0700884,26904,0.020000000000002044,train,10
niihau_2_1494_-225_27987.jpg,niihau,21.9630366,-160.0699497,26904,0.020000000000001704,train,5
niihau_2_1494_1184_11337.jpg,niihau,21.9660463,-160.0696993,26904,0.020000000000001704,eval,9
niihau_2_1494_1471_10148.jpg,niihau,21.9662615,-160.0696453,26904,0.020000000000001704,eval,5
niihau_2_1494_1635_9530.jpg,niihau,21.9663734,-160.0696144,26904,0.020000000000001704,train,7
niihau_2_1494_233_24750.jpg,niihau,21.9636219,-160.0698653,26904,0.020000000000001704,train,4
niihau_2_1494_2884_6732.jpg,niihau,21.9668804,-160.0693763,26904,0.020000000000001704,train,10
niihau_2_1494_3213_6532.jpg,niihau,21.9669170,-160.0693128,26904,0.020000000000001704,eval,10
niihau_2_1544_10027_19269.jpg,niihau,21.9691700,-160.0679692,26904,0.020000000000001007,train,35
niihau_2_1544_11561_16963.jpg,niihau,21.9695885,-160.0676752,26904,0.020000000000001007,train,13
niihau_2_1544_13990_14795.jpg,niihau,21.9699833,-160.0672077,26904,0.020000000000001007,eval,3
niihau_2_1544_15615_12955.jpg,niihau,21.9703177,-160.0668954,26904,0.020000000000001007,train,3
niihau_2_1544_15673_13276.jpg,niihau,21.9702598,-160.0668837,26904,0.020000000000001007,train,7
niihau_2_1544_9064_20501.jpg,niihau,21.9689462,-160.0681540,26904,0.020000000000001007,train,2
niihau_2_1544_9481_20388.jpg,niihau,21.9689671,-160.0680734,26904,0.020000000000001007,eval,5
niihau_2_1544_9577_19526.jpg,niihau,21.9691230,-160.0680560,26904,0.020000000000001007,train,21
niihau_2_1544_9911_19607.jpg,niihau,21.9691088,-160.0679912,26904,0.020000000000001007,eval,20
niihau_2_1545_10614_11714.jpg,niihau,21.9723150,-160.0647549,26904,0.020000000000001704,train,2
niihau_2_1545_10904_10860.jpg,niihau,21.9724697,-160.0646998,26904,0.020000000000001704,eval,27
niihau_2_1545_1099_22701.jpg,niihau,21.9703181,-160.0665830,26904,0.020000000000001704,train,9
niihau_2_1545_11001_11427.jpg,niihau,21.9723673,-160.0646803,26904,0.020000000000001704,train,12
niihau_2_1545_11010_12403.jpg,niihau,21.9721910,-160.0646772,26904,0.020000000000001704,train,5
niihau_2_1545_11043_10535.jpg,niihau,21.9725285,-160.0646733,26904,0.020000000000001704,eval,20
niihau_2_1545_1124_22315.jpg,niihau,21.9703879,-160.0665787,26904,0.020000000000001704,train,9
niihau_2_1545_11310_11886.jpg,niihau,21.9722848,-160.0646198,26904,0.020000000000001704,eval,6
niihau_2_1545_11966_8062.jpg,niihau,21.9729765,-160.0644979,26904,0.020000000000001704,train,7
niihau_2_1545_12811_1027.jpg,niihau,21.9742485,-160.0643437,26904,0.020000000000001704,train,2
niihau_2_1545_12887_1355.jpg,niihau,21.9741893,-160.0643285,26904,0.020000000000001704,eval,1
niihau_2_1545_13190_-309.jpg,niihau,21.9744903,-160.0642721,26904,0.020000000000001704,train,1
niihau_2_1545_3279_20174.jpg,niihau,21.9707774,-160.0661641,26904,0.020000000000001704,eval,7
niihau_2_1545_3734_20255.jpg,niihau,21.9707633,-160.0660759,26904,0.020000000000001704,train,11
niihau_2_1545_5511_19451.jpg,niihau,21.9709108,-160.0657328,26904,0.020000000000001704,eval,10
niihau_2_1545_5523_19072.jpg,niihau,21.9709793,-160.0657310,26904,0.020000000000001704,train,16
niihau_2_1545_6013_19325.jpg,niihau,21.9709342,-160.0656358,26904,0.020000000000001704,eval,7
niihau_2_1545_6124_19002.jpg,niihau,21.9709927,-160.0656147,26904,0.020000000000001704,train,11
niihau_2_1545_6191_17947.jpg,niihau,21.9711834,-160.0656031,26904,0.020000000000001704,train,33
niihau_2_1545_6449_18325.jpg,niihau,21.9711154,-160.0655527,26904,0.020000000000001704,eval,35
niihau_2_1545_6513_17664.jpg,niihau,21.9712349,-160.0655411,26904,0.020000000000001704,eval,23
niihau_2_1545_724_22079.jpg,niihau,21.9704300,-160.0666564,26904,0.020000000000001704,train,8
niihau_2_1545_754_22499.jpg,niihau,21.9703542,-160.0666501,26904,0.020000000000001704,train,9
niihau_2_1545_9461_15016.jpg,niihau,21.9717170,-160.0649737,26904,0.020000000000001704,train,16
niihau_2_1595_6476_13856.jpg,niihau,21.9745142,-160.0642736,26904,0.020000000000001444,train,2
niihau_2_1595_8490_10733.jpg,niihau,21.9750809,-160.0638877,26904,0.020000000000001444,train,4
niihau_2_1595_8845_9993.jpg,niihau,21.9752150,-160.0638200,26904,0.020000000000001444,train,5
niihau_2_1596_463_16733.jpg,niihau,21.9754356,-160.0635795,26904,0.020000000000001704,train,1
niihau_2_1597_-63_5169.jpg,niihau,21.9776612,-160.0605330,26904,0.020000000000001704,train,4
niihau_2_1597_10430_7104.jpg,niihau,21.9773248,-160.0584980,26904,0.020000000000001704,train,7
niihau_2_1597_10726_6243.jpg,niihau,21.9774807,-160.0584418,26904,0.020000000000001704,train,2
niihau_2_1597_11138_6707.jpg,niihau,21.9773974,-160.0583614,26904,0.020000000000001704,train,3
niihau_2_1597_11888_8118.jpg,niihau,21.9771434,-160.0582142,26904,0.020000000000001704,train,2
niihau_2_1597_12117_8815.jpg,niihau,21.9770178,-160.0581689,26904,0.020000000000001704,eval,1
niihau_2_1597_12880_10111.jpg,niihau,21.9767846,-160.0580194,26904,0.020000000000001704,train,1
niihau_2_1597_12972_11226.jpg,niihau,21.9765833,-160.0580001,26904,0.020000000000001704,train,1
niihau_2_1597_15073_11831.jpg,niihau,21.9764766,-160.0575923,26904,0.020000000000001704,train,2
niihau_2_1597_8789_7060.jpg,niihau,21.9773307,-160.0588159,26904,0.020000000000001704,train,12
niihau_2_1597_8827_6541.jpg,niihau,21.9774245,-160.0588092,26904,0.020000000000001704,train,6
niihau_2_1597_9249_7387.jpg,niihau,21.9772722,-160.0587264,26904,0.020000000000001704,train,7
niihau_2_1597_9587_6935.jpg,niihau,21.9773543,-160.0586615,26904,0.020000000000001704,eval,2
niihau_2_1597_9890_6138.jpg,niihau,21.9774986,-160.0586039,26904,0.020000000000001704,eval,1
niihau_2_1599_-211_22190.jpg,niihau,21.9767949,-160.0542254,26904,0.020000000000001704,train,7
niihau_2_1599_1323_21499.jpg,niihau,21.9769217,-160.0539292,26904,0.020000000000001704,train,2
niihau_2_1599_416_22056.jpg,niihau,21.9768199,-160.0541041,26904,0.020000000000001704,train,11
niihau_2_1599_991_21274.jpg,niihau,21.9769619,-160.0539938,26904,0.020000000000001704,train,2
niihau_2_1600_285_8319.jpg,niihau,21.9793218,-160.0509830,26904,0.01999999999999886,train,8
niihau_2_1600_808_8392.jpg,niihau,21.9793093,-160.0508816,26904,0.01999999999999886,eval,3
niihau_2_1649_10311_6881.jpg,niihau,21.9858841,-160.0513165,26904,0.020000000000001815,train,25
niihau_2_1649_10615_7355.jpg,niihau,21.9857989,-160.0512569,26904,0.020000000000001815,train,19
niihau_2_1649_8281_2949.jpg,niihau,21.9865919,-160.0517149,26904,0.020000000000001815,train,1
niihau_2_1649_8335_583.jpg,niihau,21.9870195,-160.0517076,26904,0.020000000000001815,train,5
niihau_2_1649_9625_4576.jpg,niihau,21.9862997,-160.0514524,26904,0.020000000000001815,train,5
niihau_2_1649_9924_6934.jpg,niihau,21.9858741,-160.0513913,26904,0.020000000000001815,eval,2
niihau_2_1650_4352_25659.jpg,niihau,21.9824985,-160.0502185,26904,0.020000000000000153,train,1
niihau_2_1650_4739_32925.jpg,niihau,21.9811863,-160.0501339,26904,0.020000000000000153,train,10
niihau_2_1650_4814_22207.jpg,niihau,21.9831227,-160.0501336,26904,0.020000000000000153,train,9
niihau_2_1650_4888_21861.jpg,niihau,21.9831853,-160.0501198,26904,0.020000000000000153,train,5
niihau_2_1650_4975_19349.jpg,niihau,21.9836393,-160.0501063,26904,0.020000000000000153,train,1
niihau_2_1650_5219_31759.jpg,niihau,21.9813976,-160.0500425,26904,0.020000000000000153,train,7
niihau_2_1650_5253_32312.jpg,niihau,21.9812977,-160.0500352,26904,0.020000000000000153,train,8
niihau_2_1650_5751_31105.jpg,niihau,21.9815164,-160.0499403,26904,0.020000000000000153,eval,13
niihau_2_1650_6129_30320.jpg,niihau,21.9816587,-160.0498681,26904,0.020000000000000153,train,15
niihau_2_1650_6237_29026.jpg,niihau,21.9818926,-160.0498489,26904,0.020000000000000153,train,12
niihau_2_1650_6246_29356.jpg,niihau,21.9818330,-160.0498468,26904,0.020000000000000153,eval,9
niihau_2_1650_6308_28643.jpg,niihau,21.9819619,-160.0498357,26904,0.020000000000000153,eval,6
niihau_2_1650_6730_28702.jpg,niihau,21.9819517,-160.0497539,26904,0.020000000000000153,eval,1
niihau_2_1698_12099_2438.jpg,niihau,21.9929689,-160.0548253,26904,0.020000000000003137,train,3
niihau_2_1698_12599_12221.jpg,niihau,21.9912022,-160.0547154,26904,0.020000000000003137,train,10
niihau_2_1698_12613_11860.jpg,niihau,21.9912674,-160.0547132,26904,0.020000000000003137,train,7
niihau_2_1698_12672_3942.jpg,niihau,21.9926979,-160.0547123,26904,0.020000000000003137,train,1
niihau_2_1698_12783_15993.jpg,niihau,21.9905209,-160.0546747,26904,0.020000000000003137,train,14
niihau_2_1698_13113_11468.jpg,niihau,21.9913388,-160.0546168,26904,0.020000000000003137,train,6
niihau_2_1698_13168_16041.jpg,niihau,21.9905127,-160.0546001,26904,0.020000000000003137,train,13
niihau_2_1698_13228_15654.jpg,niihau,21.9905827,-160.0545890,26904,0.020000000000003137,train,7
niihau_2_1698_13531_11191.jpg,niihau,21.9913894,-160.0545362,26904,0.020000000000003137,eval,5
niihau_2_1698_13821_15001.jpg,niihau,21.9907014,-160.0544750,26904,0.020000000000003137,eval,5
niihau_2_1698_14052_10497.jpg,niihau,21.9915154,-160.0544362,26904,0.020000000000003137,train,9
niihau_2_1698_14072_10107.jpg,niihau,21.9915859,-160.0544329,26904,0.020000000000003137,eval,15
niihau_2_1698_14084_6083.jpg,niihau,21.9923129,-160.0544359,26904,0.020000000000003137,train,20
niihau_2_1698_14169_14948.jpg,niihau,21.9907115,-160.0544076,26904,0.020000000000003137,train,4
niihau_2_1698_14207_6702.jpg,niihau,21.9922012,-160.0544113,26904,0.020000000000003137,train,23
niihau_2_1698_14386_10480.jpg,niihau,21.9915189,-160.0543715,26904,0.020000000000003137,train,4
niihau_2_1698_14386_9934.jpg,niihau,21.9916176,-160.0543723,26904,0.020000000000003137,eval,12
niihau_2_1698_14416_6333.jpg,niihau,21.9922682,-160.0543713,26904,0.020000000000003137,train,23
niihau_2_1698_14492_14397.jpg,niihau,21.9908114,-160.0543458,26904,0.020000000000003137,train,6
niihau_2_1698_14508_17251.jpg,niihau,21.9902958,-160.0543389,26904,0.020000000000003137,train,4
niihau_2_1698_14512_6981.jpg,niihau,21.9921512,-160.0543518,26904,0.020000000000003137,train,10
niihau_2_1699_-256_6981.jpg,niihau,21.9921512,-160.0543475,26904,0.020000000000001704,eval,13
niihau_2_1699_-277_10032.jpg,niihau,21.9916000,-160.0543475,26904,0.020000000000001704,train,4
niihau_2_1699_-295_14397.jpg,niihau,21.9908114,-160.0543452,26904,0.020000000000001704,train,2
niihau_2_1699_-93_16940.jpg,niihau,21.9903522,-160.0543027,26904,0.020000000000001704,train,29
niihau_2_1699_12104_31888.jpg,niihau,21.9876669,-160.0519200,26904,0.020000000000001704,train,12
niihau_2_1699_12292_31490.jpg,niihau,21.9877390,-160.0518842,26904,0.020000000000001704,eval,5
niihau_2_1699_12360_32285.jpg,niihau,21.9875955,-160.0518699,26904,0.020000000000001704,eval,15
niihau_2_1699_1256_16393.jpg,niihau,21.9904527,-160.0540421,26904,0.020000000000001704,train,18
niihau_2_1699_12764_33361.jpg,niihau,21.9874016,-160.0517902,26904,0.020000000000001704,eval,6
niihau_2_1699_12878_33778.jpg,niihau,21.9873264,-160.0517676,26904,0.020000000000001704,eval,10
niihau_2_1699_1442_16737.jpg,niihau,21.9903908,-160.0540056,26904,0.020000000000001704,train,11
niihau_2_1699_1581_13552.jpg,niihau,21.9909664,-160.0539829,26904,0.020000000000001704,train,2
niihau_2_1699_201_7738.jpg,niihau,21.9920150,-160.0542580,26904,0.020000000000001704,eval,17
niihau_2_1699_521_8641.jpg,niihau,21.9918523,-160.0541948,26904,0.020000000000001704,eval,4
niihau_2_1699_7629_22321.jpg,niihau,21.9893897,-160.0527996,26904,0.020000000000001704,train,5
niihau_2_1699_868_14775.jpg,niihau,21.9907446,-160.0541194,26904,0.020000000000001704,train,14
niihau_2_1699_888_16546.jpg,niihau,21.9904246,-160.0541132,26904,0.020000000000001704,eval,15
niihau_2_1699_8_7415.jpg,niihau,21.9920732,-160.0542958,26904,0.020000000000001704,train,21
niihau_2_1747_5890_10672.jpg,niihau,21.9956366,-160.0577922,26904,0.020000000000004653,eval,10
niihau_2_1748_1293_12474.jpg,niihau,21.9951227,-160.0572348,26904,0.020000000000001704,eval,1
niihau_2_1748_7027_15407.jpg,niihau,21.9946000,-160.0561200,26904,0.020000000000001704,eval,7
niihau_2_1748_787_11698.jpg,niihau,21.9952623,-160.0573338,26904,0.020000000000001704,eval,4
niihau_2_204_4348_7403.jpg,niihau,21.8082852,-160.1943573,26904,0.020000000000001704,eval,11
niihau_2_204_4549_7831.jpg,niihau,21.8082081,-160.1943178,26904,0.020000000000001704,train,45
niihau_2_204_4680_7316.jpg,niihau,21.8083014,-160.1942932,26904,0.020000000000001704,eval,11
niihau_2_204_6862_4641.jpg,niihau,21.8087877,-160.1938751,26904,0.020000000000001704,train,6
niihau_2_204_7251_4430.jpg,niihau,21.8088263,-160.1938002,26904,0.020000000000001704,train,3
niihau_2_204_8365_2562.jpg,niihau,21.8091653,-160.1935874,26904,0.020000000000001704,train,2
niihau_2_204_8523_20924.jpg,niihau,21.8058484,-160.1935294,26904,0.020000000000001704,train,1
niihau_2_204_9735_406.jpg,niihau,21.8095568,-160.1933256,26904,0.020000000000001704,train,2
niihau_2_305_7935_24980.jpg,niihau,21.8163734,-160.1901117,26904,0.02,eval,18
niihau_2_305_7958_24648.jpg,niihau,21.8164334,-160.1901078,26904,0.02,eval,21
niihau_2_306_6404_9243.jpg,niihau,21.8206096,-160.1877390,26904,0.020000000000001704,train,2
niihau_2_356_11223_13662.jpg,niihau,21.8240296,-160.1862156,26904,0.020000000000002117,eval,22
niihau_2_356_11655_14083.jpg,niihau,21.8239541,-160.1861314,26904,0.020000000000002117,train,15
niihau_2_356_7284_19889.jpg,niihau,21.8228991,-160.1869685,26904,0.020000000000002117,train,1
niihau_2_357_1857_22129.jpg,niihau,21.8246023,-160.1854903,26904,0.020000000000001704,train,1
niihau_2_357_2913_18589.jpg,niihau,21.8252432,-160.1852913,26904,0.020000000000001704,eval,47
niihau_2_357_3249_18529.jpg,niihau,21.8252546,-160.1852263,26904,0.020000000000001704,eval,9
niihau_2_408_14103_10563.jpg,niihau,21.8330356,-160.1800285,26904,0.020000000000001704,train,3
niihau_2_408_1845_25641.jpg,niihau,21.8302946,-160.1823780,26904,0.020000000000001704,train,19
niihau_2_408_2007_25184.jpg,niihau,21.8303774,-160.1823473,26904,0.020000000000001704,train,8
niihau_2_408_2209_25801.jpg,niihau,21.8302662,-160.1823073,26904,0.020000000000001704,train,39
niihau_2_408_2391_25163.jpg,niihau,21.8303818,-160.1822730,26904,0.020000000000001704,train,15
niihau_2_408_3285_27495.jpg,niihau,21.8299617,-160.1820966,26904,0.020000000000001704,train,3
niihau_2_408_4090_23800.jpg,niihau,21.8306303,-160.1819463,26904,0.020000000000001704,train,44
niihau_2_408_4259_23401.jpg,niihau,21.8307027,-160.1819142,26904,0.020000000000001704,eval,47
niihau_2_408_4335_23012.jpg,niihau,21.8307730,-160.1819001,26904,0.020000000000001704,eval,28
niihau_2_408_4430_23810.jpg,niihau,21.8306290,-160.1818805,26904,0.020000000000001704,eval,39
niihau_2_409_-95_5278.jpg,niihau,21.8339933,-160.1796221,26904,0.020000000000001704,train,6
niihau_2_409_3701_-285.jpg,niihau,21.8350035,-160.1788958,26904,0.020000000000001704,eval,3
niihau_2_459_10458_15277.jpg,niihau,21.8363734,-160.1775995,26904,0.020000000000001704,train,4
niihau_2_459_12026_13988.jpg,niihau,21.8366084,-160.1772980,26904,0.020000000000001704,train,3
niihau_2_459_12710_9276.jpg,niihau,21.8374606,-160.1771726,26904,0.020000000000001704,train,33
niihau_2_459_13182_8980.jpg,niihau,21.8375148,-160.1770817,26904,0.020000000000001704,train,10
niihau_2_459_13209_10892.jpg,niihau,21.8371694,-160.1770737,26904,0.020000000000001704,train,8
niihau_2_459_13860_7007.jpg,niihau,21.8378721,-160.1769535,26904,0.020000000000001704,train,14
niihau_2_459_13888_7345.jpg,niihau,21.8378111,-160.1769475,26904,0.020000000000001704,train,10
niihau_2_459_14310_6063.jpg,niihau,21.8380433,-160.1768678,26904,0.020000000000001704,eval,8
niihau_2_459_3917_22628.jpg,niihau,21.8350364,-160.1788543,26904,0.020000000000001704,eval,13
niihau_2_459_4842_22017.jpg,niihau,21.8351480,-160.1786762,26904,0.020000000000001704,train,5
niihau_2_459_4976_20196.jpg,niihau,21.8354772,-160.1786530,26904,0.020000000000001704,eval,11
niihau_2_459_5189_19805.jpg,niihau,21.8355481,-160.1786123,26904,0.020000000000001704,train,8
niihau_2_459_5961_20188.jpg,niihau,21.8354800,-160.1784624,26904,0.020000000000001704,train,3
niihau_2_459_6743_18618.jpg,niihau,21.8357647,-160.1783134,26904,0.020000000000001704,train,9
niihau_2_459_6837_18263.jpg,niihau,21.8358290,-160.1782957,26904,0.020000000000001704,eval,4
niihau_2_459_7443_17848.jpg,niihau,21.8359048,-160.1781791,26904,0.020000000000001704,train,12
niihau_2_459_7791_18162.jpg,niihau,21.8358485,-160.1781113,26904,0.020000000000001704,train,5
niihau_2_459_9731_15808.jpg,niihau,21.8362765,-160.1777394,26904,0.020000000000001704,train,3
niihau_2_510_7419_12308.jpg,niihau,21.8435447,-160.1738125,26904,0.02000000000000071,train,20
niihau_2_510_7698_13491.jpg,niihau,21.8433314,-160.1737567,26904,0.02000000000000071,train,28
niihau_2_510_7720_11277.jpg,niihau,21.8437314,-160.1737557,26904,0.02000000000000071,train,5
niihau_2_510_8017_13780.jpg,niihau,21.8432796,-160.1736946,26904,0.02000000000000071,eval,21
niihau_2_510_8019_17907.jpg,niihau,21.8425340,-160.1736881,26904,0.02000000000000071,train,2
niihau_2_510_8033_13446.jpg,niihau,21.8433400,-160.1736920,26904,0.02000000000000071,train,30
niihau_2_510_8104_11262.jpg,niihau,21.8437346,-160.1736815,26904,0.02000000000000071,train,24
niihau_2_510_8117_10903.jpg,niihau,21.8437995,-160.1736795,26904,0.02000000000000071,train,11
niihau_2_510_8349_17966.jpg,niihau,21.8425238,-160.1736242,26904,0.02000000000000071,train,2
niihau_2_510_8446_11178.jpg,niihau,21.8437503,-160.1736154,26904,0.02000000000000071,eval,22
niihau_2_510_8456_12609.jpg,niihau,21.8434917,-160.1736114,26904,0.02000000000000071,eval,18
niihau_2_510_9063_11305.jpg,niihau,21.8437282,-160.1734958,26904,0.02000000000000071,train,23
niihau_2_510_9291_10913.jpg,niihau,21.8437993,-160.1734523,26904,0.02000000000000071,train,16
niihau_2_510_9355_13527.jpg,niihau,21.8433271,-160.1734360,26904,0.02000000000000071,train,2
niihau_2_510_9460_11251.jpg,niihau,21.8437385,-160.1734191,26904,0.02000000000000071,train,17
niihau_2_510_9466_10599.jpg,niihau,21.8438563,-160.1734189,26904,0.02000000000000071,train,10
niihau_2_511_-214_21453.jpg,niihau,21.8437385,-160.1734175,26904,0.020000000000000143,train,6
niihau_2_511_-249_20952.jpg,niihau,21.8438289,-160.1734250,26904,0.020000000000000143,train,13
niihau_2_511_-309_23729.jpg,niihau,21.8433272,-160.1734326,26904,0.020000000000000143,train,2
niihau_2_511_1073_15311.jpg,niihau,21.8448498,-160.1731775,26904,0.020000000000000143,train,3
niihau_2_511_129_23025.jpg,niihau,21.8434550,-160.1733488,26904,0.020000000000000143,train,3
niihau_2_511_132_20268.jpg,niihau,21.8439530,-160.1733523,26904,0.020000000000000143,train,15
niihau_2_511_16_19835.jpg,niihau,21.8440311,-160.1733754,26904,0.020000000000000143,train,9
niihau_2_511_2823_18455.jpg,niihau,21.8442843,-160.1728343,26904,0.020000000000000143,eval,1
niihau_2_511_314_20788.jpg,niihau,21.8438593,-160.1733163,26904,0.020000000000000143,eval,13
niihau_2_511_5061_5758.jpg,niihau,21.8465811,-160.1724199,26904,0.020000000000000143,train,6
niihau_2_511_7752_2859.jpg,niihau,21.8471086,-160.1719034,26904,0.020000000000000143,train,9
niihau_2_511_775_13843.jpg,niihau,21.8451146,-160.1732374,26904,0.020000000000000143,train,14
niihau_2_511_8069_2845.jpg,niihau,21.8471115,-160.1718421,26904,0.020000000000000143,train,16
niihau_2_511_8964_2258.jpg,niihau,21.8472188,-160.1716698,26904,0.020000000000000143,train,21
niihau_2_511_9211_1670.jpg,niihau,21.8473254,-160.1716229,26904,0.020000000000000143,train,24
niihau_2_511_9324_2206.jpg,niihau,21.8472287,-160.1716002,26904,0.020000000000000143,train,17
niihau_2_511_9362_1338.jpg,niihau,21.8473856,-160.1715941,26904,0.020000000000000143,train,15
niihau_2_511_9595_1657.jpg,niihau,21.8473282,-160.1715486,26904,0.020000000000000143,train,18
niihau_2_51_10665_20220.jpg,niihau,21.7869973,-160.2024356,26904,0.020000000000002988,train,9
niihau_2_51_6938_12580.jpg,niihau,21.7883723,-160.2031680,26904,0.020000000000002988,eval,30
niihau_2_51_7288_12516.jpg,niihau,21.7883843,-160.2031004,26904,0.020000000000002988,train,23
niihau_2_51_7308_14354.jpg,niihau,21.7880523,-160.2030938,26904,0.020000000000002988,train,47
niihau_2_51_7558_13954.jpg,niihau,21.7881249,-160.2030460,26904,0.020000000000002988,eval,23
niihau_2_51_9456_18823.jpg,niihau,21.7872480,-160.2026715,26904,0.020000000000002988,train,1
niihau_2_561_10971_6673.jpg,niihau,21.8489183,-160.1702972,26904,0.020000000000000618,train,6
niihau_2_562_-84_27724.jpg,niihau,21.8489184,-160.1702564,26904,0.020000000000001704,train,12
niihau_2_562_11503_13778.jpg,niihau,21.8514538,-160.1680346,26904,0.020000000000001704,eval,8
niihau_2_562_12800_5297.jpg,niihau,21.8529877,-160.1677961,26904,0.020000000000001704,eval,3
niihau_2_562_12967_4876.jpg,niihau,21.8530640,-160.1677644,26904,0.020000000000001704,train,1
niihau_2_562_16036_3278.jpg,niihau,21.8533569,-160.1671728,26904,0.020000000000001704,train,2
niihau_2_562_2263_25053.jpg,niihau,21.8494042,-160.1698061,26904,0.020000000000001704,train,11
niihau_2_562_2265_24327.jpg,niihau,21.8495354,-160.1698068,26904,0.020000000000001704,eval,13
niihau_2_562_2597_24685.jpg,niihau,21.8494711,-160.1697421,26904,0.020000000000001704,eval,6
niihau_2_562_2611_24066.jpg,niihau,21.8495830,-160.1697403,26904,0.020000000000001704,train,20
niihau_2_562_3148_23362.jpg,niihau,21.8497109,-160.1696374,26904,0.020000000000001704,train,17
niihau_2_562_3513_23262.jpg,niihau,21.8497295,-160.1695669,26904,0.020000000000001704,eval,16
niihau_2_562_3968_22883.jpg,niihau,21.8497986,-160.1694794,26904,0.020000000000001704,eval,7
niihau_2_562_4864_22825.jpg,niihau,21.8498103,-160.1693061,26904,0.020000000000001704,train,9
niihau_2_562_5266_22958.jpg,niihau,21.8497868,-160.1692281,26904,0.020000000000001704,eval,7
niihau_2_562_8730_19909.jpg,niihau,21.8503424,-160.1685622,26904,0.020000000000001704,train,4
niihau_2_562_9129_19480.jpg,niihau,21.8504204,-160.1684857,26904,0.020000000000001704,eval,2
niihau_2_563_-295_3278.jpg,niihau,21.8533569,-160.1671713,26904,0.020000000000001402,eval,1
niihau_2_613_10724_17789.jpg,niihau,21.8570547,-160.1650687,26904,0.020000000000001704,eval,18
niihau_2_613_10973_17344.jpg,niihau,21.8571354,-160.1650212,26904,0.020000000000001704,eval,13
niihau_2_613_11269_16850.jpg,niihau,21.8572251,-160.1649646,26904,0.020000000000001704,train,9
niihau_2_613_11331_17183.jpg,niihau,21.8571650,-160.1649521,26904,0.020000000000001704,train,16
niihau_2_613_11594_16523.jpg,niihau,21.8572846,-160.1649022,26904,0.020000000000001704,eval,10
niihau_2_613_12667_15543.jpg,niihau,21.8574631,-160.1646960,26904,0.020000000000001704,eval,21
niihau_2_613_13229_14602.jpg,niihau,21.8576339,-160.1645886,26904,0.020000000000001704,train,22
niihau_2_613_5809_23465.jpg,niihau,21.8560225,-160.1660116,26904,0.020000000000001704,train,28
niihau_2_613_5826_23811.jpg,niihau,21.8559601,-160.1660078,26904,0.020000000000001704,eval,28
niihau_2_613_6248_23203.jpg,niihau,21.8560705,-160.1659270,26904,0.020000000000001704,train,19
niihau_2_613_6575_23129.jpg,niihau,21.8560843,-160.1658638,26904,0.020000000000001704,train,29
niihau_2_613_7075_23028.jpg,niihau,21.8561032,-160.1657672,26904,0.020000000000001704,train,26
niihau_2_613_9238_18926.jpg,niihau,21.8568472,-160.1653546,26904,0.020000000000001704,train,16
niihau_2_613_9526_18589.jpg,niihau,21.8569085,-160.1652994,26904,0.020000000000001704,train,12
niihau_2_614_2108_3526.jpg,niihau,21.8596420,-160.1635950,26904,0.020000000000001704,train,7
niihau_2_614_2244_3207.jpg,niihau,21.8596998,-160.1635691,26904,0.020000000000001704,train,11
niihau_2_614_6262_-33.jpg,niihau,21.8602906,-160.1627963,26904,0.020000000000001704,train,8
niihau_2_614_6584_62.jpg,niihau,21.8602739,-160.1627338,26904,0.020000000000001704,train,6
niihau_2_664_10764_14858.jpg,niihau,21.8617938,-160.1619371,26904,0.020000000000001704,train,12
niihau_2_664_10800_14466.jpg,niihau,21.8618647,-160.1619307,26904,0.020000000000001704,train,15
niihau_2_664_12621_7627.jpg,niihau,21.8631027,-160.1615883,26904,0.020000000000001704,eval,13
niihau_2_664_12701_7218.jpg,niihau,21.8631767,-160.1615734,26904,0.020000000000001704,train,6
niihau_2_664_12983_7640.jpg,niihau,21.8631008,-160.1615182,26904,0.020000000000001704,train,19
niihau_2_664_13529_9178.jpg,niihau,21.8628237,-160.1614103,26904,0.020000000000001704,train,1
niihau_2_664_14859_9123.jpg,niihau,21.8628355,-160.1611530,26904,0.020000000000001704,train,8
niihau_2_664_15447_6580.jpg,niihau,21.8632957,-160.1610429,26904,0.020000000000001704,eval,4
niihau_2_664_15763_6621.jpg,niihau,21.8632887,-160.1609817,26904,0.020000000000001704,eval,9
niihau_2_664_5863_16171.jpg,niihau,21.8615499,-160.1628837,26904,0.020000000000001704,train,10
niihau_2_664_6261_16162.jpg,niihau,21.8615521,-160.1628067,26904,0.020000000000001704,eval,6
niihau_2_664_6464_22885.jpg,niihau,21.8603378,-160.1627576,26904,0.020000000000001704,train,2
niihau_2_664_7378_21415.jpg,niihau,21.8606046,-160.1625828,26904,0.020000000000001704,eval,6
niihau_2_664_7635_15287.jpg,niihau,21.8617121,-160.1625421,26904,0.020000000000001704,train,5
niihau_2_664_7737_21409.jpg,niihau,21.8606062,-160.1625134,26904,0.020000000000001704,train,9
niihau_2_664_7822_16092.jpg,niihau,21.8615669,-160.1625047,26904,0.020000000000001704,train,6
niihau_2_664_8095_15639.jpg,niihau,21.8616491,-160.1624525,26904,0.020000000000001704,train,10
niihau_2_664_8937_18307.jpg,niihau,21.8611683,-160.1622857,26904,0.020000000000001704,eval,8
niihau_2_664_9628_13639.jpg,niihau,21.8620125,-160.1621588,26904,0.020000000000001704,train,7
niihau_2_665_10432_9198.jpg,niihau,21.8649551,-160.1588646,26904,0.020000000000001704,train,13
niihau_2_665_13017_6621.jpg,niihau,21.8654242,-160.1583680,26904,0.020000000000001704,eval,16
niihau_2_665_13022_7668.jpg,niihau,21.8652350,-160.1583656,26904,0.020000000000001704,eval,18
niihau_2_665_13345_7682.jpg,niihau,21.8652329,-160.1583030,26904,0.020000000000001704,train,23
niihau_2_665_13390_7274.jpg,niihau,21.8653067,-160.1582949,26904,0.020000000000001704,train,26
niihau_2_665_13466_6806.jpg,niihau,21.8653914,-160.1582809,26904,0.020000000000001704,train,15
niihau_2_665_13712_7136.jpg,niihau,21.8653321,-160.1582328,26904,0.020000000000001704,train,14
niihau_2_665_14330_6495.jpg,niihau,21.8654487,-160.1581141,26904,0.020000000000001704,train,25
niihau_2_665_14437_6146.jpg,niihau,21.8655119,-160.1580939,26904,0.020000000000001704,train,24
niihau_2_665_14596_3915.jpg,niihau,21.8659152,-160.1580664,26904,0.020000000000001704,train,1
niihau_2_665_14790_6258.jpg,niihau,21.8654922,-160.1580254,26904,0.020000000000001704,eval,13
niihau_2_665_2518_16591.jpg,niihau,21.8636087,-160.1603854,26904,0.020000000000001704,eval,21
niihau_2_665_2793_17025.jpg,niihau,21.8635307,-160.1603316,26904,0.020000000000001704,train,25
niihau_2_665_3119_15180.jpg,niihau,21.8638645,-160.1602712,26904,0.020000000000001704,train,10
niihau_2_665_3130_16839.jpg,niihau,21.8635648,-160.1602666,26904,0.020000000000001704,eval,28
niihau_2_665_3163_14856.jpg,niihau,21.8639230,-160.1602631,26904,0.020000000000001704,train,2
niihau_2_665_3752_16328.jpg,niihau,21.8636579,-160.1601470,26904,0.020000000000001704,train,15
niihau_2_665_375_20009.jpg,niihau,21.8629883,-160.1607952,26904,0.020000000000001704,train,18
niihau_2_665_3865_13213.jpg,niihau,21.8642208,-160.1601297,26904,0.020000000000001704,train,9
niihau_2_665_4199_13220.jpg,niihau,21.8642200,-160.1600650,26904,0.020000000000001704,train,14
niihau_2_665_4630_15790.jpg,niihau,21.8637563,-160.1599779,26904,0.020000000000001704,train,11
niihau_2_665_5013_15921.jpg,niihau,21.8637332,-160.1599035,26904,0.020000000000001704,train,6
niihau_2_665_7161_12670.jpg,niihau,21.8643234,-160.1594926,26904,0.020000000000001704,train,8
niihau_2_665_7273_13004.jpg,niihau,21.8642632,-160.1594704,26904,0.020000000000001704,train,9
niihau_2_665_7389_12286.jpg,niihau,21.8643931,-160.1594490,26904,0.020000000000001704,eval,15
niihau_2_666_3655_1594.jpg,niihau,21.8663418,-160.1570251,26904,0.020000000000001704,eval,8
niihau_2_666_386_4742.jpg,niihau,21.8657687,-160.1576531,26904,0.020000000000001704,train,18
niihau_2_666_4539_915.jpg,niihau,21.8664657,-160.1568550,26904,0.020000000000001704,eval,11
niihau_2_666_495_4348.jpg,niihau,21.8658400,-160.1576326,26904,0.020000000000001704,train,17
niihau_2_666_847_4338.jpg,niihau,21.8658423,-160.1575645,26904,0.020000000000001704,train,11
niihau_2_716_10655_9613.jpg,niihau,21.8673462,-160.1557294,26904,0.020000000000003355,train,16
niihau_2_716_10768_9951.jpg,niihau,21.8672853,-160.1557070,26904,0.020000000000003355,train,16
niihau_2_716_10983_9610.jpg,niihau,21.8673472,-160.1556659,26904,0.020000000000003355,eval,20
niihau_2_716_14892_7509.jpg,niihau,21.8677321,-160.1549124,26904,0.020000000000003355,train,10
niihau_2_716_14986_7923.jpg,niihau,21.8676574,-160.1548936,26904,0.020000000000003355,eval,21
niihau_2_716_15453_7248.jpg,niihau,21.8677800,-160.1548042,26904,0.020000000000003355,train,20
niihau_2_716_15482_7610.jpg,niihau,21.8677146,-160.1547981,26904,0.020000000000003355,train,34
niihau_2_716_15801_7680.jpg,niihau,21.8677024,-160.1547362,26904,0.020000000000003355,eval,33
niihau_2_716_6059_12969.jpg,niihau,21.8667337,-160.1566140,26904,0.020000000000003355,train,11
niihau_2_716_6391_12569.jpg,niihau,21.8668064,-160.1565503,26904,0.020000000000003355,train,20
niihau_2_719_14721_3972.jpg,niihau,21.8722977,-160.1454435,26904,0.020000000000001704,train,2
niihau_2_720_2121_785.jpg,niihau,21.8728785,-160.1447244,26904,0.020000000000001704,train,5
niihau_2_720_787_692.jpg,niihau,21.8728935,-160.1449828,26904,0.020000000000001704,train,12
niihau_2_770_12804_7496.jpg,niihau,21.8732908,-160.1426599,26904,0.020000000000001704,eval,17
niihau_2_770_8981_8354.jpg,niihau,21.8731307,-160.1433986,26904,0.020000000000001704,train,16
niihau_2_770_9206_7919.jpg,niihau,21.8732096,-160.1433557,26904,0.020000000000001704,train,14
niihau_2_770_9299_8252.jpg,niihau,21.8731495,-160.1433372,26904,0.020000000000001704,eval,16
niihau_2_771_4923_6607.jpg,niihau,21.8735827,-160.1410251,26904,0.020000000000001704,train,3
niihau_2_771_9296_7276.jpg,niihau,21.8734677,-160.1401778,26904,0.020000000000001704,train,1
niihau_2_775_10249_5171.jpg,niihau,21.8775228,-160.1273748,26904,0.020000000000001704,train,21
niihau_2_775_10367_4834.jpg,niihau,21.8775838,-160.1273524,26904,0.020000000000001704,train,14
niihau_2_775_8473_8295.jpg,niihau,21.8769561,-160.1277141,26904,0.020000000000001704,train,5
niihau_2_775_8809_8374.jpg,niihau,21.8769422,-160.1276490,26904,0.020000000000001704,eval,3
niihau_2_775_9449_6462.jpg,niihau,21.8772885,-160.1275278,26904,0.020000000000001704,train,15
niihau_2_775_9472_6089.jpg,niihau,21.8773559,-160.1275239,26904,0.020000000000001704,train,23
niihau_2_775_9738_5604.jpg,niihau,21.8774439,-160.1274731,26904,0.020000000000001704,eval,9
niihau_2_775_9851_5938.jpg,niihau,21.8773837,-160.1274507,26904,0.020000000000001704,train,8
niihau_2_776_4268_5362.jpg,niihau,21.8780496,-160.1253740,26904,0.020000000000001704,train,1
niihau_2_776_7656_10364.jpg,niihau,21.8771504,-160.1247111,26904,0.020000000000001704,train,1
niihau_2_779_11999_-7.jpg,niihau,21.8795341,-160.1144009,26904,0.020000000000001704,train,5
niihau_2_831_2295_3331.jpg,niihau,21.8809386,-160.1099647,26904,0.020000000000001704,train,10
niihau_2_831_840_1722.jpg,niihau,21.8812274,-160.1102486,26904,0.020000000000001704,train,8
niihau_2_834_7487_1113.jpg,niihau,21.8857365,-160.0995082,26904,0.020000000000001704,train,2
niihau_2_835_1600_4548.jpg,niihau,21.8851294,-160.0974802,26904,0.020000000000001704,train,2
niihau_2_835_625_3685.jpg,niihau,21.8852841,-160.0976702,26904,0.020000000000001704,train,1
niihau_2_887_14335_4588.jpg,niihau,21.8903330,-160.0887288,26904,0.020000000000001704,train,1
niihau_2_887_16053_4171.jpg,niihau,21.8904106,-160.0883968,26904,0.020000000000001704,train,2
niihau_2_888_-108_10078.jpg,niihau,21.8903718,-160.0883620,26904,0.020000000000001704,train,10
niihau_2_888_-123_9743.jpg,niihau,21.8904323,-160.0883654,26904,0.020000000000001704,train,9
niihau_2_940_2435_15151.jpg,niihau,21.8934599,-160.0815670,26904,0.020000000000001704,train,4
niihau_2_940_3978_13691.jpg,niihau,21.8937257,-160.0812703,26904,0.020000000000001704,train,2
niihau_2_940_6103_11449.jpg,niihau,21.8941334,-160.0808620,26904,0.020000000000001704,train,3
oahu_1_1100_2274_10832.jpg,oahu,21.3204146,-157.6721298,26904,0.0199999999999985,train,1
oahu_1_1266_3831_12614.jpg,oahu,21.3282724,-157.6884900,26904,0.0199999999999985,train,1
oahu_1_137_14734_10840.jpg,oahu,21.2611158,-157.7873272,26904,0.0199999999999985,eval,3
oahu_1_137_15101_10794.jpg,oahu,21.2611236,-157.7872564,26904,0.0199999999999985,train,2
oahu_1_1517_11598_14015.jpg,oahu,21.3469580,-157.7034618,26904,0.019999999999998685,train,1
oahu_1_158_18085_10125.jpg,oahu,21.2603636,-157.6988877,26904,0.019999999999997645,train,2
oahu_1_1771_2488_21631.jpg,oahu,21.3617519,-157.7093700,26904,0.020000000000001964,train,1
oahu_1_2026_18838_16250.jpg,oahu,21.3788213,-157.7058434,26904,0.01999999999999774,train,1
oahu_1_2607_11018_1266.jpg,oahu,21.4196043,-157.7658129,26904,0.020000000000000774,train,2
oahu_1_2777_8416_11334.jpg,oahu,21.4275167,-157.7642629,26904,0.019999999999993086,train,1
oahu_1_2852_5750_28852.jpg,oahu,21.4310368,-157.8060824,26904,0.020000000000001066,train,1
oahu_1_3200_16842_1203.jpg,oahu,21.4572906,-157.7727450,26904,0.0199999999999985,eval,2
oahu_1_3201_7711_4797.jpg,oahu,21.4566235,-157.7703263,26904,0.0199999999999985,train,1
oahu_1_3269_12817_16599.jpg,oahu,21.4603670,-157.8404833,26904,0.0199999999999985,train,2
oahu_1_3354_3938_4364.jpg,oahu,21.4679640,-157.8421370,26904,0.01999999999999843,train,1
oahu_1_3524_5799_5587.jpg,oahu,21.4784898,-157.8416946,26904,0.02000000000000392,train,1
oahu_1_3692_6106_15653.jpg,oahu,21.4874726,-157.8491729,26904,0.019999999999996857,train,1
oahu_1_3777_10477_8962.jpg,oahu,21.4940555,-157.8490437,26904,0.0199999999999985,train,1
oahu_1_3777_11018_9654.jpg,oahu,21.4939298,-157.8489403,26904,0.0199999999999985,train,5
oahu_1_3777_17541_25769.jpg,oahu,21.4910097,-157.8477040,26904,0.0199999999999985,train,2
oahu_1_3946_4573_11533.jpg,oahu,21.5038173,-157.8524921,26904,0.019999999999998123,train,1
oahu_1_3946_5911_24139.jpg,oahu,21.5015381,-157.8522517,26904,0.019999999999998123,eval,1
oahu_1_3946_9901_4710.jpg,oahu,21.5050429,-157.8514538,26904,0.019999999999998123,train,1
oahu_1_4033_20820_7083.jpg,oahu,21.5079369,-157.8427494,26904,0.0199999999999985,train,1
oahu_1_404_1365_-229.jpg,oahu,21.2799331,-157.7395719,26904,0.0199999999999985,train,3
oahu_2_1079_4443_15072.jpg,oahu,21.3654548,-158.1345260,26904,0.02000000000000196,train,1
oahu_2_1316_1886_18331.jpg,oahu,21.3805752,-158.1466119,26904,0.020000000000002533,eval,1
oahu_2_137_16360_8435.jpg,oahu,21.3001609,-158.0625610,26904,0.020000000000002533,train,1
oahu_2_144_7812_2488.jpg,oahu,21.3046086,-158.0369387,26904,0.020000000000002533,eval,1
oahu_2_204_3929_15030.jpg,oahu,21.3079895,-158.1155026,26904,0.02000000000000129,train,1
oahu_2_2106_2246_15514.jpg,oahu,21.4327561,-158.1851917,26904,0.02000000000000241,train,2
oahu_2_229_19126_5871.jpg,oahu,21.3081197,-158.0152751,26904,0.020000000000002533,train,5
oahu_2_230_1380_11081.jpg,oahu,21.3081435,-158.0148049,26904,0.020000000000002533,train,3
oahu_2_230_1970_10903.jpg,oahu,21.3081750,-158.0146909,26904,0.020000000000002533,eval,1
oahu_2_230_477_11604.jpg,oahu,21.3080500,-158.0149796,26904,0.020000000000002533,train,2
oahu_2_230_849_11376.jpg,oahu,21.3080908,-158.0149076,26904,0.020000000000002533,train,2
oahu_2_2499_42_14416.jpg,oahu,21.4598435,-158.2127385,26904,0.020000000000002533,train,1
oahu_2_317_10556_2152.jpg,oahu,21.3147998,-157.9857473,26904,0.020000000000002533,eval,1
oahu_2_3214_10545_1571.jpg,oahu,21.5091829,-158.2290821,26904,0.020000000000003234,train,1
oahu_2_3374_10370_1005.jpg,oahu,21.5197137,-158.2284248,26904,0.020000000000008167,eval,7
oahu_2_3374_10503_295.jpg,oahu,21.5198419,-158.2283985,26904,0.020000000000008167,eval,3
oahu_2_3374_9528_2646.jpg,oahu,21.5194180,-158.2285890,26904,0.020000000000008167,eval,3
oahu_2_3374_9883_1366.jpg,oahu,21.5196489,-158.2285192,26904,0.020000000000008167,train,3
oahu_2_3454_5950_5000.jpg,oahu,21.5242117,-158.2293002,26904,0.02000000000000583,train,1
oahu_2_362_10339_-68.jpg,oahu,21.3211767,-158.1207510,26904,0.02000000000000268,train,1
oahu_2_362_11133_1188.jpg,oahu,21.3209489,-158.1205992,26904,0.02000000000000268,eval,1
oahu_2_363_3977_18760.jpg,oahu,21.3177672,-158.1193270,26904,0.019999999999997187,train,1
oahu_2_4007_16347_15292.jpg,oahu,21.5589831,-158.2558389,26904,0.020000000000002533,eval,1
oahu_2_4242_13347_8059.jpg,oahu,21.5754787,-158.2758297,26904,0.020000000000002533,eval,1
oahu_2_4242_4220_8282.jpg,oahu,21.5754461,-158.2775930,26904,0.020000000000002533,train,1
oahu_2_4525_10_8225.jpg,oahu,21.5908424,-158.1106529,26904,0.019999999999999466,train,1
oahu_2_4605_4710_17423.jpg,oahu,21.5933640,-158.1097295,26904,0.020000000000002533,train,1
oahu_2_4605_9960_14614.jpg,oahu,21.5938661,-158.1087122,26904,0.020000000000002533,train,1
oahu_2_4606_15256_21486.jpg,oahu,21.5936252,-158.1037910,26904,0.020000000000002533,train,3
oahu_2_49_2300_7151.jpg,oahu,21.2953450,-158.0964346,26904,0.020000000000002533,train,1
oahu_2_5092_11291_10858.jpg,oahu,21.6237362,-158.0803113,26904,0.02,eval,1
oahu_2_54_18916_7858.jpg,oahu,21.2982591,-158.0737550,26904,0.020000000000002533,train,3
oahu_2_54_18991_8197.jpg,oahu,21.2981978,-158.0737409,26904,0.020000000000002533,eval,3
oahu_2_840_6659_5118.jpg,oahu,21.3515841,-158.1302869,26904,0.019999999999997416,train,1
oahu_3_4375_17299_27133.jpg,oahu,21.5282986,-157.8348907,26904,0.0199999999999985,eval,2
oahu_3_4543_20113_8355.jpg,oahu,21.5424948,-157.8426122,26904,0.0199999999999985,train,3
oahu_3_5550_1308_14716.jpg,oahu,21.6044748,-157.9002348,26904,0.01999999999999717,train,1
oahu_3_5550_3294_16270.jpg,oahu,21.6041915,-157.8998532,26904,0.01999999999999717,train,1
oahu_3_6055_10136_11771.jpg,oahu,21.6391347,-157.9182761,26904,0.02,train,3
oahu_3_6140_5126_23305.jpg,oahu,21.6424296,-157.9188725,26904,0.019999999999995972,train,1
oahu_3_6646_4804_20094.jpg,oahu,21.6749099,-157.9367625,26904,0.020000000000002703,train,2
oahu_3_6814_3656_26015.jpg,oahu,21.6851093,-157.9452962,26904,0.02000000000000027,train,1
oahu_3_6814_3784_28735.jpg,oahu,21.6846178,-157.9452750,26904,0.02000000000000027,eval,2
oahu_3_6897_10622_3504.jpg,oahu,21.6945956,-157.9522676,26904,0.0199999999999985,train,1
oahu_3_6897_10964_3418.jpg,oahu,21.6946108,-157.9522014,26904,0.0199999999999985,train,1
oahu_3_6897_16097_7548.jpg,oahu,21.6938583,-157.9512145,26904,0.0199999999999985,train,1
oahu_3_6897_16529_7949.jpg,oahu,21.6937854,-157.9511315,26904,0.0199999999999985,eval,1
oahu_3_7065_-67_13719.jpg,oahu,21.7035652,-157.9626570,26904,0.0199999999999985,train,1
oahu_3_7149_5944_14953.jpg,oahu,21.7076752,-157.9656594,26904,0.0199999999999985,train,2
