time_kst,time_utc,dir_deg,speed_mps,u,v,dir_ko
2026-07-28T00:00:00,2026-07-27T15:00:00,337.5,0.2649,-0.1014,0.2447,북북서
2026-07-28T00:01:00,2026-07-27T15:01:00,337.5,0.2746,-0.1051,0.2537,북북서
2026-07-28T00:02:00,2026-07-27T15:02:00,337.5,0.2842,-0.1088,0.2626,북북서
2026-07-28T00:03:00,2026-07-27T15:03:00,337.5,0.2937,-0.1124,0.2713,북북서
2026-07-28T00:04:00,2026-07-27T15:04:00,337.5,0.3033,-0.1161,0.2802,북북서
2026-07-28T00:05:00,2026-07-27T15:05:00,337.5,0.3128,-0.1197,0.289,북북서
2026-07-28T00:06:00,2026-07-27T15:06:00,337.5,0.3223,-0.1233,0.2978,북북서
2026-07-28T00:07:00,2026-07-27T15:07:00,337.5,0.3317,-0.1269,0.3065,북북서
2026-07-28T00:08:00,2026-07-27T15:08:00,337.5,0.3411,-0.1305,0.3151,북북서
2026-07-28T00:09:00,2026-07-27T15:09:00,337.5,0.3504,-0.1341,0.3237,북북서
2026-07-28T00:10:00,2026-07-27T15:10:00,337.5,0.3597,-0.1377,0.3323,북북서
2026-07-28T00:11:00,2026-07-27T15:11:00,337.5,0.3689,-0.1412,0.3408,북북서
2026-07-28T00:12:00,2026-07-27T15:12:00,337.5,0.3781,-0.1447,0.3493,북북서
2026-07-28T00:13:00,2026-07-27T15:13:00,337.5,0.3873,-0.1482,0.3578,북북서
2026-07-28T00:14:00,2026-07-27T15:14:00,337.5,0.3964,-0.1517,0.3662,북북서
2026-07-28T00:15:00,2026-07-27T15:15:00,337.5,0.4054,-0.1551,0.3745,북북서
2026-07-28T00:16:00,2026-07-27T15:16:00,337.5,0.4144,-0.1586,0.3829,북북서
2026-07-28T00:17:00,2026-07-27T15:17:00,337.5,0.4233,-0.162,0.3911,북북서
2026-07-28T00:18:00,2026-07-27T15:18:00,337.5,0.4321,-0.1654,0.3992,북북서
2026-07-28T00:19:00,2026-07-27T15:19:00,337.5,0.4409,-0.1687,0.4073,북북서
2026-07-28T00:20:00,2026-07-27T15:20:00,337.5,0.4497,-0.1721,0.4155,북북서
2026-07-28T00:21:00,2026-07-27T15:21:00,337.5,0.4583,-0.1754,0.4234,북북서
2026-07-28T00:22:00,2026-07-27T15:22:00,337.5,0.467,-0.1787,0.4315,북북서
2026-07-28T00:23:00,2026-07-27T15:23:00,337.5,0.4755,-0.182,0.4393,북북서
2026-07-28T00:24:00,2026-07-27T15:24:00,337.5,0.484,-0.1852,0.4472,북북서
2026-07-28T00:25:00,2026-07-27T15:25:00,337.5,0.4924,-0.1884,0.4549,북북서
2026-07-28T00:26:00,2026-07-27T15:26:00,337.5,0.5007,-0.1916,0.4626,북북서
2026-07-28T00:27:00,2026-07-27T15:27:00,337.5,0.509,-0.1948,0.4703,북북서
2026-07-28T00:28:00,2026-07-27T15:28:00,337.5,0.5172,-0.1979,0.4778,북북서
2026-07-28T00:29:00,2026-07-27T15:29:00,337.5,0.5254,-0.2011,0.4854,북북서
2026-07-28T00:30:00,2026-07-27T15:30:00,337.5,0.5335,-0.2042,0.4929,북북서
2026-07-28T00:31:00,2026-07-27T15:31:00,337.5,0.5415,-0.2072,0.5003,북북서
2026-07-28T00:32:00,2026-07-27T15:32:00,337.5,0.5494,-0.2102,0.5076,북북서
2026-07-28T00:33:00,2026-07-27T15:33:00,337.5,0.5572,-0.2132,0.5148,북북서
2026-07-28T00:34:00,2026-07-27T15:34:00,337.5,0.565,-0.2162,0.522,북북서
2026-07-28T00:35:00,2026-07-27T15:35:00,337.5,0.5727,-0.2192,0.5291,북북서
2026-07-28T00:36:00,2026-07-27T15:36:00,337.5,0.5804,-0.2221,0.5362,북북서
2026-07-28T00:37:00,2026-07-27T15:37:00,337.5,0.5879,-0.225,0.5431,북북서
2026-07-28T00:38:00,2026-07-27T15:38:00,337.5,0.5954,-0.2278,0.5501,북북서
2026-07-28T00:39:00,2026-07-27T15:39:00,337.5,0.6028,-0.2307,0.5569,북북서
2026-07-28T00:40:00,2026-07-27T15:40:00,337.5,0.6101,-0.2335,0.5637,북북서
2026-07-28T00:41:00,2026-07-27T15:41:00,337.5,0.6174,-0.2363,0.5704,북북서
2026-07-28T00:42:00,2026-07-27T15:42:00,337.5,0.6245,-0.239,0.577,북북서
2026-07-28T00:43:00,2026-07-27T15:43:00,337.5,0.6316,-0.2417,0.5835,북북서
2026-07-28T00:44:00,2026-07-27T15:44:00,337.5,0.6387,-0.2444,0.5901,북북서
2026-07-28T00:45:00,2026-07-27T15:45:00,337.5,0.6456,-0.2471,0.5965,북북서
2026-07-28T00:46:00,2026-07-27T15:46:00,337.5,0.6525,-0.2497,0.6028,북북서
2026-07-28T00:47:00,2026-07-27T15:47:00,337.5,0.6592,-0.2523,0.609,북북서
2026-07-28T00:48:00,2026-07-27T15:48:00,337.5,0.6659,-0.2548,0.6152,북북서
2026-07-28T00:49:00,2026-07-27T15:49:00,337.5,0.6726,-0.2574,0.6214,북북서
2026-07-28T00:50:00,2026-07-27T15:50:00,337.5,0.6791,-0.2599,0.6274,북북서
2026-07-28T00:51:00,2026-07-27T15:51:00,337.5,0.6856,-0.2624,0.6334,북북서
2026-07-28T00:52:00,2026-07-27T15:52:00,337.5,0.6919,-0.2648,0.6392,북북서
2026-07-28T00:53:00,2026-07-27T15:53:00,337.5,0.6982,-0.2672,0.6451,북북서
2026-07-28T00:54:00,2026-07-27T15:54:00,337.5,0.7044,-0.2696,0.6508,북북서
2026-07-28T00:55:00,2026-07-27T15:55:00,337.5,0.7106,-0.2719,0.6565,북북서
2026-07-28T00:56:00,2026-07-27T15:56:00,337.5,0.7166,-0.2742,0.6621,북북서
2026-07-28T00:57:00,2026-07-27T15:57:00,337.5,0.7226,-0.2765,0.6676,북북서
2026-07-28T00:58:00,2026-07-27T15:58:00,337.5,0.7285,-0.2788,0.673,북북서
2026-07-28T00:59:00,2026-07-27T15:59:00,337.5,0.7343,-0.281,0.6784,북북서
2026-07-28T01:00:00,2026-07-27T16:00:00,337.5,0.74,-0.2832,0.6837,북북서
2026-07-28T01:01:00,2026-07-27T16:01:00,337.5,0.7457,-0.2854,0.6889,북북서
2026-07-28T01:02:00,2026-07-27T16:02:00,337.5,0.7512,-0.2875,0.694,북북서
2026-07-28T01:03:00,2026-07-27T16:03:00,337.5,0.7567,-0.2896,0.6991,북북서
2026-07-28T01:04:00,2026-07-27T16:04:00,337.5,0.7621,-0.2916,0.7041,북북서
2026-07-28T01:05:00,2026-07-27T16:05:00,337.5,0.7674,-0.2937,0.709,북북서
2026-07-28T01:06:00,2026-07-27T16:06:00,337.5,0.7727,-0.2957,0.7139,북북서
2026-07-28T01:07:00,2026-07-27T16:07:00,337.5,0.7778,-0.2977,0.7186,북북서
2026-07-28T01:08:00,2026-07-27T16:08:00,337.5,0.7829,-0.2996,0.7233,북북서
2026-07-28T01:09:00,2026-07-27T16:09:00,337.5,0.7879,-0.3015,0.7279,북북서
2026-07-28T01:10:00,2026-07-27T16:10:00,337.5,0.7928,-0.3034,0.7325,북북서
2026-07-28T01:11:00,2026-07-27T16:11:00,337.5,0.7977,-0.3053,0.737,북북서
2026-07-28T01:12:00,2026-07-27T16:12:00,337.5,0.8024,-0.3071,0.7413,북북서
2026-07-28T01:13:00,2026-07-27T16:13:00,337.5,0.8071,-0.3089,0.7457,북북서
2026-07-28T01:14:00,2026-07-27T16:14:00,337.5,0.8117,-0.3106,0.7499,북북서
2026-07-28T01:15:00,2026-07-27T16:15:00,337.5,0.8162,-0.3123,0.7541,북북서
2026-07-28T01:16:00,2026-07-27T16:16:00,337.5,0.8206,-0.314,0.7581,북북서
2026-07-28T01:17:00,2026-07-27T16:17:00,337.5,0.825,-0.3157,0.7622,북북서
2026-07-28T01:18:00,2026-07-27T16:18:00,337.5,0.8293,-0.3174,0.7662,북북서
2026-07-28T01:19:00,2026-07-27T16:19:00,337.5,0.8335,-0.319,0.7701,북북서
2026-07-28T01:20:00,2026-07-27T16:20:00,337.5,0.8376,-0.3205,0.7738,북북서
2026-07-28T01:21:00,2026-07-27T16:21:00,337.5,0.8416,-0.3221,0.7775,북북서
2026-07-28T01:22:00,2026-07-27T16:22:00,337.5,0.8456,-0.3236,0.7812,북북서
2026-07-28T01:23:00,2026-07-27T16:23:00,337.5,0.8495,-0.3251,0.7848,북북서
2026-07-28T01:24:00,2026-07-27T16:24:00,337.5,0.8533,-0.3265,0.7883,북북서
2026-07-28T01:25:00,2026-07-27T16:25:00,337.5,0.8571,-0.328,0.7919,북북서
2026-07-28T01:26:00,2026-07-27T16:26:00,337.5,0.8607,-0.3294,0.7952,북북서
2026-07-28T01:27:00,2026-07-27T16:27:00,337.5,0.8643,-0.3308,0.7985,북북서
2026-07-28T01:28:00,2026-07-27T16:28:00,337.5,0.8678,-0.3321,0.8017,북북서
2026-07-28T01:29:00,2026-07-27T16:29:00,337.5,0.8713,-0.3334,0.805,북북서
2026-07-28T01:30:00,2026-07-27T16:30:00,337.5,0.8746,-0.3347,0.808,북북서
2026-07-28T01:31:00,2026-07-27T16:31:00,337.5,0.8779,-0.336,0.8111,북북서
2026-07-28T01:32:00,2026-07-27T16:32:00,337.5,0.8811,-0.3372,0.814,북북서
2026-07-28T01:33:00,2026-07-27T16:33:00,337.5,0.8843,-0.3384,0.817,북북서
2026-07-28T01:34:00,2026-07-27T16:34:00,337.5,0.8874,-0.3396,0.8199,북북서
2026-07-28T01:35:00,2026-07-27T16:35:00,337.5,0.8904,-0.3407,0.8226,북북서
2026-07-28T01:36:00,2026-07-27T16:36:00,337.5,0.8933,-0.3419,0.8253,북북서
2026-07-28T01:37:00,2026-07-27T16:37:00,337.5,0.8962,-0.343,0.828,북북서
2026-07-28T01:38:00,2026-07-27T16:38:00,337.5,0.899,-0.344,0.8306,북북서
2026-07-28T01:39:00,2026-07-27T16:39:00,337.5,0.9017,-0.3451,0.8331,북북서
2026-07-28T01:40:00,2026-07-27T16:40:00,337.5,0.9043,-0.3461,0.8355,북북서
2026-07-28T01:41:00,2026-07-27T16:41:00,337.5,0.9069,-0.3471,0.8379,북북서
2026-07-28T01:42:00,2026-07-27T16:42:00,337.5,0.9094,-0.348,0.8402,북북서
2026-07-28T01:43:00,2026-07-27T16:43:00,337.5,0.9119,-0.349,0.8425,북북서
2026-07-28T01:44:00,2026-07-27T16:44:00,337.5,0.9143,-0.3499,0.8447,북북서
2026-07-28T01:45:00,2026-07-27T16:45:00,337.5,0.9166,-0.3508,0.8468,북북서
2026-07-28T01:46:00,2026-07-27T16:46:00,337.5,0.9189,-0.3516,0.849,북북서
2026-07-28T01:47:00,2026-07-27T16:47:00,337.5,0.9211,-0.3525,0.851,북북서
2026-07-28T01:48:00,2026-07-27T16:48:00,337.5,0.9232,-0.3533,0.8529,북북서
2026-07-28T01:49:00,2026-07-27T16:49:00,337.5,0.9252,-0.3541,0.8548,북북서
2026-07-28T01:50:00,2026-07-27T16:50:00,337.5,0.9272,-0.3548,0.8566,북북서
2026-07-28T01:51:00,2026-07-27T16:51:00,337.5,0.9292,-0.3556,0.8585,북북서
2026-07-28T01:52:00,2026-07-27T16:52:00,337.5,0.9311,-0.3563,0.8602,북북서
2026-07-28T01:53:00,2026-07-27T16:53:00,337.5,0.9329,-0.357,0.8619,북북서
2026-07-28T01:54:00,2026-07-27T16:54:00,337.5,0.9346,-0.3577,0.8635,북북서
2026-07-28T01:55:00,2026-07-27T16:55:00,337.5,0.9363,-0.3583,0.865,북북서
2026-07-28T01:56:00,2026-07-27T16:56:00,337.5,0.9379,-0.3589,0.8665,북북서
2026-07-28T01:57:00,2026-07-27T16:57:00,337.5,0.9395,-0.3595,0.868,북북서
2026-07-28T01:58:00,2026-07-27T16:58:00,337.5,0.941,-0.3601,0.8694,북북서
2026-07-28T01:59:00,2026-07-27T16:59:00,337.5,0.9425,-0.3607,0.8708,북북서
2026-07-28T02:00:00,2026-07-27T17:00:00,337.5,0.9439,-0.3612,0.872,북북서
2026-07-28T02:01:00,2026-07-27T17:01:00,337.5,0.9452,-0.3617,0.8733,북북서
2026-07-28T02:02:00,2026-07-27T17:02:00,337.5,0.9465,-0.3622,0.8745,북북서
2026-07-28T02:03:00,2026-07-27T17:03:00,337.5,0.9477,-0.3627,0.8756,북북서
2026-07-28T02:04:00,2026-07-27T17:04:00,337.5,0.9489,-0.3631,0.8767,북북서
2026-07-28T02:05:00,2026-07-27T17:05:00,337.5,0.95,-0.3635,0.8777,북북서
2026-07-28T02:06:00,2026-07-27T17:06:00,337.5,0.9511,-0.364,0.8787,북북서
2026-07-28T02:07:00,2026-07-27T17:07:00,337.5,0.9521,-0.3644,0.8796,북북서
2026-07-28T02:08:00,2026-07-27T17:08:00,337.5,0.9531,-0.3647,0.8805,북북서
2026-07-28T02:09:00,2026-07-27T17:09:00,337.5,0.954,-0.3651,0.8814,북북서
2026-07-28T02:10:00,2026-07-27T17:10:00,337.5,0.9548,-0.3654,0.8821,북북서
2026-07-28T02:11:00,2026-07-27T17:11:00,337.5,0.9556,-0.3657,0.8829,북북서
2026-07-28T02:12:00,2026-07-27T17:12:00,337.5,0.9564,-0.366,0.8836,북북서
2026-07-28T02:13:00,2026-07-27T17:13:00,337.5,0.9571,-0.3663,0.8842,북북서
2026-07-28T02:14:00,2026-07-27T17:14:00,337.5,0.9577,-0.3665,0.8848,북북서
2026-07-28T02:15:00,2026-07-27T17:15:00,337.5,0.9583,-0.3667,0.8854,북북서
2026-07-28T02:16:00,2026-07-27T17:16:00,337.5,0.9588,-0.3669,0.8858,북북서
2026-07-28T02:17:00,2026-07-27T17:17:00,337.5,0.9593,-0.3671,0.8863,북북서
2026-07-28T02:18:00,2026-07-27T17:18:00,337.5,0.9598,-0.3673,0.8867,북북서
2026-07-28T02:19:00,2026-07-27T17:19:00,337.5,0.9602,-0.3675,0.8871,북북서
2026-07-28T02:20:00,2026-07-27T17:20:00,337.5,0.9605,-0.3676,0.8874,북북서
2026-07-28T02:21:00,2026-07-27T17:21:00,337.5,0.9608,-0.3677,0.8877,북북서
2026-07-28T02:22:00,2026-07-27T17:22:00,337.5,0.9611,-0.3678,0.8879,북북서
2026-07-28T02:23:00,2026-07-27T17:23:00,337.5,0.9613,-0.3679,0.8881,북북서
2026-07-28T02:24:00,2026-07-27T17:24:00,337.5,0.9615,-0.368,0.8883,북북서
2026-07-28T02:25:00,2026-07-27T17:25:00,337.5,0.9616,-0.368,0.8884,북북서
2026-07-28T02:26:00,2026-07-27T17:26:00,337.5,0.9616,-0.368,0.8884,북북서
2026-07-28T02:27:00,2026-07-27T17:27:00,337.5,0.9617,-0.368,0.8885,북북서
2026-07-28T02:28:00,2026-07-27T17:28:00,337.5,0.9616,-0.368,0.8884,북북서
2026-07-28T02:29:00,2026-07-27T17:29:00,337.5,0.9616,-0.368,0.8884,북북서
2026-07-28T02:30:00,2026-07-27T17:30:00,337.5,0.9615,-0.368,0.8883,북북서
2026-07-28T02:31:00,2026-07-27T17:31:00,337.5,0.9613,-0.3679,0.8881,북북서
2026-07-28T02:32:00,2026-07-27T17:32:00,337.5,0.9611,-0.3678,0.8879,북북서
2026-07-28T02:33:00,2026-07-27T17:33:00,337.5,0.9608,-0.3677,0.8877,북북서
2026-07-28T02:34:00,2026-07-27T17:34:00,337.5,0.9606,-0.3676,0.8875,북북서
2026-07-28T02:35:00,2026-07-27T17:35:00,337.5,0.9602,-0.3675,0.8871,북북서
2026-07-28T02:36:00,2026-07-27T17:36:00,337.5,0.9598,-0.3673,0.8867,북북서
2026-07-28T02:37:00,2026-07-27T17:37:00,337.5,0.9594,-0.3671,0.8864,북북서
2026-07-28T02:38:00,2026-07-27T17:38:00,337.5,0.9589,-0.367,0.8859,북북서
2026-07-28T02:39:00,2026-07-27T17:39:00,337.5,0.9584,-0.3668,0.8854,북북서
2026-07-28T02:40:00,2026-07-27T17:40:00,337.5,0.9579,-0.3666,0.885,북북서
2026-07-28T02:41:00,2026-07-27T17:41:00,337.5,0.9573,-0.3663,0.8844,북북서
2026-07-28T02:42:00,2026-07-27T17:42:00,337.5,0.9567,-0.3661,0.8839,북북서
2026-07-28T02:43:00,2026-07-27T17:43:00,337.5,0.956,-0.3658,0.8832,북북서
2026-07-28T02:44:00,2026-07-27T17:44:00,337.5,0.9552,-0.3655,0.8825,북북서
2026-07-28T02:45:00,2026-07-27T17:45:00,337.5,0.9545,-0.3653,0.8818,북북서
2026-07-28T02:46:00,2026-07-27T17:46:00,337.5,0.9537,-0.365,0.8811,북북서
2026-07-28T02:47:00,2026-07-27T17:47:00,337.5,0.9528,-0.3646,0.8803,북북서
2026-07-28T02:48:00,2026-07-27T17:48:00,337.5,0.9519,-0.3643,0.8794,북북서
2026-07-28T02:49:00,2026-07-27T17:49:00,337.5,0.951,-0.3639,0.8786,북북서
2026-07-28T02:50:00,2026-07-27T17:50:00,337.5,0.95,-0.3635,0.8777,북북서
2026-07-28T02:51:00,2026-07-27T17:51:00,337.5,0.949,-0.3632,0.8768,북북서
2026-07-28T02:52:00,2026-07-27T17:52:00,337.5,0.9479,-0.3627,0.8757,북북서
2026-07-28T02:53:00,2026-07-27T17:53:00,337.5,0.9468,-0.3623,0.8747,북북서
2026-07-28T02:54:00,2026-07-27T17:54:00,337.5,0.9457,-0.3619,0.8737,북북서
2026-07-28T02:55:00,2026-07-27T17:55:00,337.5,0.9445,-0.3614,0.8726,북북서
2026-07-28T02:56:00,2026-07-27T17:56:00,337.5,0.9432,-0.3609,0.8714,북북서
2026-07-28T02:57:00,2026-07-27T17:57:00,337.5,0.942,-0.3605,0.8703,북북서
2026-07-28T02:58:00,2026-07-27T17:58:00,337.5,0.9406,-0.36,0.869,북북서
2026-07-28T02:59:00,2026-07-27T17:59:00,337.5,0.9393,-0.3595,0.8678,북북서
2026-07-28T03:00:00,2026-07-27T18:00:00,337.5,0.9379,-0.3589,0.8665,북북서
2026-07-28T03:01:00,2026-07-27T18:01:00,337.5,0.9364,-0.3583,0.8651,북북서
2026-07-28T03:02:00,2026-07-27T18:02:00,337.5,0.9349,-0.3578,0.8637,북북서
2026-07-28T03:03:00,2026-07-27T18:03:00,337.5,0.9334,-0.3572,0.8623,북북서
2026-07-28T03:04:00,2026-07-27T18:04:00,337.5,0.9318,-0.3566,0.8609,북북서
2026-07-28T03:05:00,2026-07-27T18:05:00,337.5,0.9302,-0.356,0.8594,북북서
2026-07-28T03:06:00,2026-07-27T18:06:00,337.5,0.9285,-0.3553,0.8578,북북서
2026-07-28T03:07:00,2026-07-27T18:07:00,337.5,0.9268,-0.3547,0.8563,북북서
2026-07-28T03:08:00,2026-07-27T18:08:00,337.5,0.925,-0.354,0.8546,북북서
2026-07-28T03:09:00,2026-07-27T18:09:00,337.5,0.9232,-0.3533,0.8529,북북서
2026-07-28T03:10:00,2026-07-27T18:10:00,337.5,0.9214,-0.3526,0.8513,북북서
2026-07-28T03:11:00,2026-07-27T18:11:00,337.5,0.9195,-0.3519,0.8495,북북서
2026-07-28T03:12:00,2026-07-27T18:12:00,337.5,0.9175,-0.3511,0.8477,북북서
2026-07-28T03:13:00,2026-07-27T18:13:00,337.5,0.9156,-0.3504,0.8459,북북서
2026-07-28T03:14:00,2026-07-27T18:14:00,337.5,0.9135,-0.3496,0.844,북북서
2026-07-28T03:15:00,2026-07-27T18:15:00,337.5,0.9114,-0.3488,0.842,북북서
2026-07-28T03:16:00,2026-07-27T18:16:00,337.5,0.9093,-0.348,0.8401,북북서
2026-07-28T03:17:00,2026-07-27T18:17:00,337.5,0.9071,-0.3471,0.8381,북북서
2026-07-28T03:18:00,2026-07-27T18:18:00,337.5,0.9049,-0.3463,0.836,북북서
2026-07-28T03:19:00,2026-07-27T18:19:00,337.5,0.9027,-0.3454,0.834,북북서
2026-07-28T03:20:00,2026-07-27T18:20:00,337.5,0.9003,-0.3445,0.8318,북북서
2026-07-28T03:21:00,2026-07-27T18:21:00,337.5,0.898,-0.3436,0.8296,북북서
2026-07-28T03:22:00,2026-07-27T18:22:00,337.5,0.8956,-0.3427,0.8274,북북서
2026-07-28T03:23:00,2026-07-27T18:23:00,337.5,0.8931,-0.3418,0.8251,북북서
2026-07-28T03:24:00,2026-07-27T18:24:00,337.5,0.8906,-0.3408,0.8228,북북서
2026-07-28T03:25:00,2026-07-27T18:25:00,337.5,0.888,-0.3398,0.8204,북북서
2026-07-28T03:26:00,2026-07-27T18:26:00,337.5,0.8854,-0.3388,0.818,북북서
2026-07-28T03:27:00,2026-07-27T18:27:00,337.5,0.8827,-0.3378,0.8155,북북서
2026-07-28T03:28:00,2026-07-27T18:28:00,337.5,0.88,-0.3368,0.813,북북서
2026-07-28T03:29:00,2026-07-27T18:29:00,337.5,0.8773,-0.3357,0.8105,북북서
2026-07-28T03:30:00,2026-07-27T18:30:00,337.5,0.8744,-0.3346,0.8078,북북서
2026-07-28T03:31:00,2026-07-27T18:31:00,337.5,0.8716,-0.3335,0.8053,북북서
2026-07-28T03:32:00,2026-07-27T18:32:00,337.5,0.8687,-0.3324,0.8026,북북서
2026-07-28T03:33:00,2026-07-27T18:33:00,337.5,0.8657,-0.3313,0.7998,북북서
2026-07-28T03:34:00,2026-07-27T18:34:00,337.5,0.8627,-0.3301,0.797,북북서
2026-07-28T03:35:00,2026-07-27T18:35:00,337.5,0.8596,-0.329,0.7942,북북서
2026-07-28T03:36:00,2026-07-27T18:36:00,337.5,0.8564,-0.3277,0.7912,북북서
2026-07-28T03:37:00,2026-07-27T18:37:00,337.5,0.8532,-0.3265,0.7883,북북서
2026-07-28T03:38:00,2026-07-27T18:38:00,337.5,0.85,-0.3253,0.7853,북북서
2026-07-28T03:39:00,2026-07-27T18:39:00,337.5,0.8467,-0.324,0.7822,북북서
2026-07-28T03:40:00,2026-07-27T18:40:00,337.5,0.8434,-0.3228,0.7792,북북서
2026-07-28T03:41:00,2026-07-27T18:41:00,337.5,0.8399,-0.3214,0.776,북북서
2026-07-28T03:42:00,2026-07-27T18:42:00,337.5,0.8365,-0.3201,0.7728,북북서
2026-07-28T03:43:00,2026-07-27T18:43:00,337.5,0.8329,-0.3187,0.7695,북북서
2026-07-28T03:44:00,2026-07-27T18:44:00,337.5,0.8294,-0.3174,0.7663,북북서
2026-07-28T03:45:00,2026-07-27T18:45:00,337.5,0.8257,-0.316,0.7628,북북서
2026-07-28T03:46:00,2026-07-27T18:46:00,337.5,0.822,-0.3146,0.7594,북북서
2026-07-28T03:47:00,2026-07-27T18:47:00,337.5,0.8183,-0.3131,0.756,북북서
2026-07-28T03:48:00,2026-07-27T18:48:00,337.5,0.8145,-0.3117,0.7525,북북서
2026-07-28T03:49:00,2026-07-27T18:49:00,337.5,0.8106,-0.3102,0.7489,북북서
2026-07-28T03:50:00,2026-07-27T18:50:00,337.5,0.8067,-0.3087,0.7453,북북서
2026-07-28T03:51:00,2026-07-27T18:51:00,337.5,0.8027,-0.3072,0.7416,북북서
2026-07-28T03:52:00,2026-07-27T18:52:00,337.5,0.7986,-0.3056,0.7378,북북서
2026-07-28T03:53:00,2026-07-27T18:53:00,337.5,0.7945,-0.304,0.734,북북서
2026-07-28T03:54:00,2026-07-27T18:54:00,337.5,0.7903,-0.3024,0.7301,북북서
2026-07-28T03:55:00,2026-07-27T18:55:00,337.5,0.7861,-0.3008,0.7263,북북서
2026-07-28T03:56:00,2026-07-27T18:56:00,337.5,0.7818,-0.2992,0.7223,북북서
2026-07-28T03:57:00,2026-07-27T18:57:00,337.5,0.7774,-0.2975,0.7182,북북서
2026-07-28T03:58:00,2026-07-27T18:58:00,337.5,0.773,-0.2958,0.7142,북북서
2026-07-28T03:59:00,2026-07-27T18:59:00,337.5,0.7685,-0.2941,0.71,북북서
2026-07-28T04:00:00,2026-07-27T19:00:00,337.5,0.764,-0.2924,0.7058,북북서
2026-07-28T04:01:00,2026-07-27T19:01:00,337.5,0.7594,-0.2906,0.7016,북북서
2026-07-28T04:02:00,2026-07-27T19:02:00,337.5,0.7547,-0.2888,0.6973,북북서
2026-07-28T04:03:00,2026-07-27T19:03:00,337.5,0.75,-0.287,0.6929,북북서
2026-07-28T04:04:00,2026-07-27T19:04:00,337.5,0.7452,-0.2852,0.6885,북북서
2026-07-28T04:05:00,2026-07-27T19:05:00,337.5,0.7403,-0.2833,0.6839,북북서
2026-07-28T04:06:00,2026-07-27T19:06:00,337.5,0.7354,-0.2814,0.6794,북북서
2026-07-28T04:07:00,2026-07-27T19:07:00,337.5,0.7304,-0.2795,0.6748,북북서
2026-07-28T04:08:00,2026-07-27T19:08:00,337.5,0.7254,-0.2776,0.6702,북북서
2026-07-28T04:09:00,2026-07-27T19:09:00,337.5,0.7202,-0.2756,0.6654,북북서
2026-07-28T04:10:00,2026-07-27T19:10:00,337.5,0.715,-0.2736,0.6606,북북서
2026-07-28T04:11:00,2026-07-27T19:11:00,337.5,0.7098,-0.2716,0.6558,북북서
2026-07-28T04:12:00,2026-07-27T19:12:00,337.5,0.7045,-0.2696,0.6509,북북서
2026-07-28T04:13:00,2026-07-27T19:13:00,337.5,0.6991,-0.2675,0.6459,북북서
2026-07-28T04:14:00,2026-07-27T19:14:00,337.5,0.6937,-0.2655,0.6409,북북서
2026-07-28T04:15:00,2026-07-27T19:15:00,337.5,0.6881,-0.2633,0.6357,북북서
2026-07-28T04:16:00,2026-07-27T19:16:00,337.5,0.6826,-0.2612,0.6306,북북서
2026-07-28T04:17:00,2026-07-27T19:17:00,337.5,0.6769,-0.259,0.6254,북북서
2026-07-28T04:18:00,2026-07-27T19:18:00,337.5,0.6712,-0.2569,0.6201,북북서
2026-07-28T04:19:00,2026-07-27T19:19:00,337.5,0.6654,-0.2546,0.6147,북북서
2026-07-28T04:20:00,2026-07-27T19:20:00,337.5,0.6596,-0.2524,0.6094,북북서
2026-07-28T04:21:00,2026-07-27T19:21:00,337.5,0.6537,-0.2502,0.6039,북북서
2026-07-28T04:22:00,2026-07-27T19:22:00,337.5,0.6477,-0.2479,0.5984,북북서
2026-07-28T04:23:00,2026-07-27T19:23:00,337.5,0.6417,-0.2456,0.5929,북북서
2026-07-28T04:24:00,2026-07-27T19:24:00,337.5,0.6356,-0.2432,0.5872,북북서
2026-07-28T04:25:00,2026-07-27T19:25:00,337.5,0.6294,-0.2409,0.5815,북북서
2026-07-28T04:26:00,2026-07-27T19:26:00,337.5,0.6232,-0.2385,0.5758,북북서
2026-07-28T04:27:00,2026-07-27T19:27:00,337.5,0.6169,-0.2361,0.5699,북북서
2026-07-28T04:28:00,2026-07-27T19:28:00,337.5,0.6105,-0.2336,0.564,북북서
2026-07-28T04:29:00,2026-07-27T19:29:00,337.5,0.6041,-0.2312,0.5581,북북서
2026-07-28T04:30:00,2026-07-27T19:30:00,337.5,0.5976,-0.2287,0.5521,북북서
2026-07-28T04:31:00,2026-07-27T19:31:00,337.5,0.591,-0.2262,0.546,북북서
2026-07-28T04:32:00,2026-07-27T19:32:00,337.5,0.5844,-0.2236,0.5399,북북서
2026-07-28T04:33:00,2026-07-27T19:33:00,337.5,0.5777,-0.2211,0.5337,북북서
2026-07-28T04:34:00,2026-07-27T19:34:00,337.5,0.5709,-0.2185,0.5274,북북서
2026-07-28T04:35:00,2026-07-27T19:35:00,337.5,0.5641,-0.2159,0.5212,북북서
2026-07-28T04:36:00,2026-07-27T19:36:00,337.5,0.5572,-0.2132,0.5148,북북서
2026-07-28T04:37:00,2026-07-27T19:37:00,337.5,0.5503,-0.2106,0.5084,북북서
2026-07-28T04:38:00,2026-07-27T19:38:00,337.5,0.5432,-0.2079,0.5019,북북서
2026-07-28T04:39:00,2026-07-27T19:39:00,337.5,0.5362,-0.2052,0.4954,북북서
2026-07-28T04:40:00,2026-07-27T19:40:00,337.5,0.529,-0.2024,0.4887,북북서
2026-07-28T04:41:00,2026-07-27T19:41:00,337.5,0.5218,-0.1997,0.4821,북북서
2026-07-28T04:42:00,2026-07-27T19:42:00,337.5,0.5146,-0.1969,0.4754,북북서
2026-07-28T04:43:00,2026-07-27T19:43:00,337.5,0.5072,-0.1941,0.4686,북북서
2026-07-28T04:44:00,2026-07-27T19:44:00,337.5,0.4998,-0.1913,0.4618,북북서
2026-07-28T04:45:00,2026-07-27T19:45:00,337.5,0.4924,-0.1884,0.4549,북북서
2026-07-28T04:46:00,2026-07-27T19:46:00,337.5,0.4849,-0.1856,0.448,북북서
2026-07-28T04:47:00,2026-07-27T19:47:00,337.5,0.4773,-0.1827,0.441,북북서
2026-07-28T04:48:00,2026-07-27T19:48:00,337.5,0.4697,-0.1797,0.4339,북북서
2026-07-28T04:49:00,2026-07-27T19:49:00,337.5,0.462,-0.1768,0.4268,북북서
2026-07-28T04:50:00,2026-07-27T19:50:00,337.5,0.4542,-0.1738,0.4196,북북서
2026-07-28T04:51:00,2026-07-27T19:51:00,337.5,0.4464,-0.1708,0.4124,북북서
2026-07-28T04:52:00,2026-07-27T19:52:00,337.5,0.4386,-0.1678,0.4052,북북서
2026-07-28T04:53:00,2026-07-27T19:53:00,337.5,0.4306,-0.1648,0.3978,북북서
2026-07-28T04:54:00,2026-07-27T19:54:00,337.5,0.4227,-0.1618,0.3905,북북서
2026-07-28T04:55:00,2026-07-27T19:55:00,337.5,0.4146,-0.1587,0.383,북북서
2026-07-28T04:56:00,2026-07-27T19:56:00,337.5,0.4065,-0.1556,0.3756,북북서
2026-07-28T04:57:00,2026-07-27T19:57:00,337.5,0.3984,-0.1525,0.3681,북북서
2026-07-28T04:58:00,2026-07-27T19:58:00,337.5,0.3902,-0.1493,0.3605,북북서
2026-07-28T04:59:00,2026-07-27T19:59:00,337.5,0.382,-0.1462,0.3529,북북서
2026-07-28T05:00:00,2026-07-27T20:00:00,337.5,0.3737,-0.143,0.3453,북북서
2026-07-28T05:01:00,2026-07-27T20:01:00,337.5,0.3653,-0.1398,0.3375,북북서
2026-07-28T05:02:00,2026-07-27T20:02:00,337.5,0.3569,-0.1366,0.3297,북북서
2026-07-28T05:03:00,2026-07-27T20:03:00,337.5,0.3485,-0.1334,0.322,북북서
2026-07-28T05:04:00,2026-07-27T20:04:00,337.5,0.34,-0.1301,0.3141,북북서
2026-07-28T05:05:00,2026-07-27T20:05:00,337.5,0.3315,-0.1269,0.3063,북북서
2026-07-28T05:06:00,2026-07-27T20:06:00,337.5,0.3229,-0.1236,0.2983,북북서
2026-07-28T05:07:00,2026-07-27T20:07:00,337.5,0.3142,-0.1202,0.2903,북북서
2026-07-28T05:08:00,2026-07-27T20:08:00,337.5,0.3056,-0.1169,0.2823,북북서
2026-07-28T05:09:00,2026-07-27T20:09:00,337.5,0.2968,-0.1136,0.2742,북북서
2026-07-28T05:10:00,2026-07-27T20:10:00,337.5,0.2881,-0.1103,0.2662,북북서
2026-07-28T05:11:00,2026-07-27T20:11:00,337.5,0.2793,-0.1069,0.258,북북서
2026-07-28T05:12:00,2026-07-27T20:12:00,337.5,0.2704,-0.1035,0.2498,북북서
2026-07-28T05:13:00,2026-07-27T20:13:00,337.5,0.2616,-0.1001,0.2417,북북서
2026-07-28T05:14:00,2026-07-27T20:14:00,0,0.2527,0.0,0.2527,북
2026-07-28T05:15:00,2026-07-27T20:15:00,0,0.2437,0.0,0.2437,북
2026-07-28T05:16:00,2026-07-27T20:16:00,0,0.2347,0.0,0.2347,북
2026-07-28T05:17:00,2026-07-27T20:17:00,0,0.2257,0.0,0.2257,북
2026-07-28T05:18:00,2026-07-27T20:18:00,0,0.2167,0.0,0.2167,북
2026-07-28T05:19:00,2026-07-27T20:19:00,0,0.2076,0.0,0.2076,북
2026-07-28T05:20:00,2026-07-27T20:20:00,0,0.1985,0.0,0.1985,북
2026-07-28T05:21:00,2026-07-27T20:21:00,0,0.1894,0.0,0.1894,북
2026-07-28T05:22:00,2026-07-27T20:22:00,0,0.1803,0.0,0.1803,북
2026-07-28T05:23:00,2026-07-27T20:23:00,0,0.1712,0.0,0.1712,북
2026-07-28T05:24:00,2026-07-27T20:24:00,0,0.162,0.0,0.162,북
2026-07-28T05:25:00,2026-07-27T20:25:00,0,0.1529,0.0,0.1529,북
2026-07-28T05:26:00,2026-07-27T20:26:00,0,0.1438,0.0,0.1438,북
2026-07-28T05:27:00,2026-07-27T20:27:00,0,0.1346,0.0,0.1346,북
2026-07-28T05:28:00,2026-07-27T20:28:00,0,0.1255,0.0,0.1255,북
2026-07-28T05:29:00,2026-07-27T20:29:00,0,0.1165,0.0,0.1165,북
2026-07-28T05:30:00,2026-07-27T20:30:00,0,0.1074,0.0,0.1074,북
2026-07-28T05:31:00,2026-07-27T20:31:00,0,0.0985,0.0,0.0985,북
2026-07-28T05:32:00,2026-07-27T20:32:00,0,0.0897,0.0,0.0897,북
2026-07-28T05:33:00,2026-07-27T20:33:00,0,0.081,0.0,0.081,북
2026-07-28T05:34:00,2026-07-27T20:34:00,22.5,0.0725,0.0277,0.067,북북동
2026-07-28T05:35:00,2026-07-27T20:35:00,22.5,0.0644,0.0246,0.0595,북북동
2026-07-28T05:36:00,2026-07-27T20:36:00,22.5,0.0567,0.0217,0.0524,북북동
2026-07-28T05:37:00,2026-07-27T20:37:00,22.5,0.0497,0.019,0.0459,북북동
2026-07-28T05:38:00,2026-07-27T20:38:00,45,0.0437,0.0309,0.0309,북동
2026-07-28T05:39:00,2026-07-27T20:39:00,45,0.0392,0.0277,0.0277,북동
2026-07-28T05:40:00,2026-07-27T20:40:00,67.5,0.0368,0.034,0.0141,동북동
2026-07-28T05:41:00,2026-07-27T20:41:00,90,0.037,0.037,0.0,동
2026-07-28T05:42:00,2026-07-27T20:42:00,90,0.0396,0.0396,0.0,동
2026-07-28T05:43:00,2026-07-27T20:43:00,112.5,0.0442,0.0408,-0.0169,동남동
2026-07-28T05:44:00,2026-07-27T20:44:00,112.5,0.0504,0.0466,-0.0193,동남동
2026-07-28T05:45:00,2026-07-27T20:45:00,112.5,0.0575,0.0531,-0.022,동남동
2026-07-28T05:46:00,2026-07-27T20:46:00,135,0.0654,0.0462,-0.0462,남동
2026-07-28T05:47:00,2026-07-27T20:47:00,135,0.0737,0.0521,-0.0521,남동
2026-07-28T05:48:00,2026-07-27T20:48:00,135,0.0824,0.0583,-0.0583,남동
2026-07-28T05:49:00,2026-07-27T20:49:00,135,0.0913,0.0646,-0.0646,남동
2026-07-28T05:50:00,2026-07-27T20:50:00,135,0.1004,0.071,-0.071,남동
2026-07-28T05:51:00,2026-07-27T20:51:00,135,0.1096,0.0775,-0.0775,남동
2026-07-28T05:52:00,2026-07-27T20:52:00,135,0.1189,0.0841,-0.0841,남동
2026-07-28T05:53:00,2026-07-27T20:53:00,135,0.1283,0.0907,-0.0907,남동
2026-07-28T05:54:00,2026-07-27T20:54:00,157.5,0.1377,0.0527,-0.1272,남남동
2026-07-28T05:55:00,2026-07-27T20:55:00,157.5,0.1472,0.0563,-0.136,남남동
2026-07-28T05:56:00,2026-07-27T20:56:00,157.5,0.1567,0.06,-0.1448,남남동
2026-07-28T05:57:00,2026-07-27T20:57:00,157.5,0.1663,0.0636,-0.1536,남남동
2026-07-28T05:58:00,2026-07-27T20:58:00,157.5,0.1758,0.0673,-0.1624,남남동
2026-07-28T05:59:00,2026-07-27T20:59:00,157.5,0.1854,0.0709,-0.1713,남남동
2026-07-28T06:00:00,2026-07-27T21:00:00,157.5,0.195,0.0746,-0.1802,남남동
2026-07-28T06:01:00,2026-07-27T21:01:00,157.5,0.2046,0.0783,-0.189,남남동
2026-07-28T06:02:00,2026-07-27T21:02:00,157.5,0.2142,0.082,-0.1979,남남동
2026-07-28T06:03:00,2026-07-27T21:03:00,157.5,0.2239,0.0857,-0.2069,남남동
2026-07-28T06:04:00,2026-07-27T21:04:00,157.5,0.2335,0.0894,-0.2157,남남동
2026-07-28T06:05:00,2026-07-27T21:05:00,157.5,0.2431,0.093,-0.2246,남남동
2026-07-28T06:06:00,2026-07-27T21:06:00,157.5,0.2527,0.0967,-0.2335,남남동
2026-07-28T06:07:00,2026-07-27T21:07:00,157.5,0.2623,0.1004,-0.2423,남남동
2026-07-28T06:08:00,2026-07-27T21:08:00,157.5,0.2719,0.1041,-0.2512,남남동
2026-07-28T06:09:00,2026-07-27T21:09:00,157.5,0.2814,0.1077,-0.26,남남동
2026-07-28T06:10:00,2026-07-27T21:10:00,157.5,0.291,0.1114,-0.2688,남남동
2026-07-28T06:11:00,2026-07-27T21:11:00,157.5,0.3005,0.115,-0.2776,남남동
2026-07-28T06:12:00,2026-07-27T21:12:00,157.5,0.31,0.1186,-0.2864,남남동
2026-07-28T06:13:00,2026-07-27T21:13:00,157.5,0.3196,0.1223,-0.2953,남남동
2026-07-28T06:14:00,2026-07-27T21:14:00,157.5,0.329,0.1259,-0.304,남남동
2026-07-28T06:15:00,2026-07-27T21:15:00,157.5,0.3385,0.1295,-0.3127,남남동
2026-07-28T06:16:00,2026-07-27T21:16:00,157.5,0.3479,0.1331,-0.3214,남남동
2026-07-28T06:17:00,2026-07-27T21:17:00,157.5,0.3574,0.1368,-0.3302,남남동
2026-07-28T06:18:00,2026-07-27T21:18:00,157.5,0.3668,0.1404,-0.3389,남남동
2026-07-28T06:19:00,2026-07-27T21:19:00,157.5,0.3761,0.1439,-0.3475,남남동
2026-07-28T06:20:00,2026-07-27T21:20:00,157.5,0.3855,0.1475,-0.3562,남남동
2026-07-28T06:21:00,2026-07-27T21:21:00,157.5,0.3948,0.1511,-0.3647,남남동
2026-07-28T06:22:00,2026-07-27T21:22:00,157.5,0.4041,0.1546,-0.3733,남남동
2026-07-28T06:23:00,2026-07-27T21:23:00,157.5,0.4133,0.1582,-0.3818,남남동
2026-07-28T06:24:00,2026-07-27T21:24:00,157.5,0.4225,0.1617,-0.3903,남남동
2026-07-28T06:25:00,2026-07-27T21:25:00,157.5,0.4317,0.1652,-0.3988,남남동
2026-07-28T06:26:00,2026-07-27T21:26:00,157.5,0.4409,0.1687,-0.4073,남남동
2026-07-28T06:27:00,2026-07-27T21:27:00,157.5,0.45,0.1722,-0.4157,남남동
2026-07-28T06:28:00,2026-07-27T21:28:00,157.5,0.4591,0.1757,-0.4242,남남동
2026-07-28T06:29:00,2026-07-27T21:29:00,157.5,0.4681,0.1791,-0.4325,남남동
2026-07-28T06:30:00,2026-07-27T21:30:00,157.5,0.4771,0.1826,-0.4408,남남동
2026-07-28T06:31:00,2026-07-27T21:31:00,157.5,0.4861,0.186,-0.4491,남남동
2026-07-28T06:32:00,2026-07-27T21:32:00,157.5,0.495,0.1894,-0.4573,남남동
2026-07-28T06:33:00,2026-07-27T21:33:00,157.5,0.5039,0.1928,-0.4655,남남동
2026-07-28T06:34:00,2026-07-27T21:34:00,157.5,0.5128,0.1962,-0.4738,남남동
2026-07-28T06:35:00,2026-07-27T21:35:00,157.5,0.5216,0.1996,-0.4819,남남동
2026-07-28T06:36:00,2026-07-27T21:36:00,157.5,0.5304,0.203,-0.49,남남동
2026-07-28T06:37:00,2026-07-27T21:37:00,157.5,0.5391,0.2063,-0.4981,남남동
2026-07-28T06:38:00,2026-07-27T21:38:00,157.5,0.5478,0.2096,-0.5061,남남동
2026-07-28T06:39:00,2026-07-27T21:39:00,157.5,0.5565,0.213,-0.5141,남남동
2026-07-28T06:40:00,2026-07-27T21:40:00,157.5,0.5651,0.2163,-0.5221,남남동
2026-07-28T06:41:00,2026-07-27T21:41:00,157.5,0.5736,0.2195,-0.5299,남남동
2026-07-28T06:42:00,2026-07-27T21:42:00,157.5,0.5821,0.2228,-0.5378,남남동
2026-07-28T06:43:00,2026-07-27T21:43:00,157.5,0.5906,0.226,-0.5456,남남동
2026-07-28T06:44:00,2026-07-27T21:44:00,157.5,0.599,0.2292,-0.5534,남남동
2026-07-28T06:45:00,2026-07-27T21:45:00,157.5,0.6074,0.2324,-0.5612,남남동
2026-07-28T06:46:00,2026-07-27T21:46:00,157.5,0.6157,0.2356,-0.5688,남남동
2026-07-28T06:47:00,2026-07-27T21:47:00,157.5,0.624,0.2388,-0.5765,남남동
2026-07-28T06:48:00,2026-07-27T21:48:00,157.5,0.6322,0.2419,-0.5841,남남동
2026-07-28T06:49:00,2026-07-27T21:49:00,157.5,0.6404,0.2451,-0.5917,남남동
2026-07-28T06:50:00,2026-07-27T21:50:00,157.5,0.6485,0.2482,-0.5991,남남동
2026-07-28T06:51:00,2026-07-27T21:51:00,157.5,0.6566,0.2513,-0.6066,남남동
2026-07-28T06:52:00,2026-07-27T21:52:00,157.5,0.6646,0.2543,-0.614,남남동
2026-07-28T06:53:00,2026-07-27T21:53:00,157.5,0.6726,0.2574,-0.6214,남남동
2026-07-28T06:54:00,2026-07-27T21:54:00,157.5,0.6805,0.2604,-0.6287,남남동
2026-07-28T06:55:00,2026-07-27T21:55:00,157.5,0.6884,0.2634,-0.636,남남동
2026-07-28T06:56:00,2026-07-27T21:56:00,157.5,0.6962,0.2664,-0.6432,남남동
2026-07-28T06:57:00,2026-07-27T21:57:00,157.5,0.704,0.2694,-0.6504,남남동
2026-07-28T06:58:00,2026-07-27T21:58:00,157.5,0.7117,0.2724,-0.6575,남남동
2026-07-28T06:59:00,2026-07-27T21:59:00,157.5,0.7194,0.2753,-0.6646,남남동
2026-07-28T07:00:00,2026-07-27T22:00:00,157.5,0.727,0.2782,-0.6717,남남동
2026-07-28T07:01:00,2026-07-27T22:01:00,157.5,0.7345,0.2811,-0.6786,남남동
2026-07-28T07:02:00,2026-07-27T22:02:00,157.5,0.742,0.284,-0.6855,남남동
2026-07-28T07:03:00,2026-07-27T22:03:00,157.5,0.7495,0.2868,-0.6924,남남동
2026-07-28T07:04:00,2026-07-27T22:04:00,157.5,0.7569,0.2897,-0.6993,남남동
2026-07-28T07:05:00,2026-07-27T22:05:00,157.5,0.7642,0.2924,-0.706,남남동
2026-07-28T07:06:00,2026-07-27T22:06:00,157.5,0.7715,0.2952,-0.7128,남남동
2026-07-28T07:07:00,2026-07-27T22:07:00,157.5,0.7788,0.298,-0.7195,남남동
2026-07-28T07:08:00,2026-07-27T22:08:00,157.5,0.7859,0.3008,-0.7261,남남동
2026-07-28T07:09:00,2026-07-27T22:09:00,157.5,0.7931,0.3035,-0.7327,남남동
2026-07-28T07:10:00,2026-07-27T22:10:00,157.5,0.8001,0.3062,-0.7392,남남동
2026-07-28T07:11:00,2026-07-27T22:11:00,157.5,0.8072,0.3089,-0.7458,남남동
2026-07-28T07:12:00,2026-07-27T22:12:00,157.5,0.8141,0.3115,-0.7521,남남동
2026-07-28T07:13:00,2026-07-27T22:13:00,157.5,0.821,0.3142,-0.7585,남남동
2026-07-28T07:14:00,2026-07-27T22:14:00,157.5,0.8279,0.3168,-0.7649,남남동
2026-07-28T07:15:00,2026-07-27T22:15:00,157.5,0.8347,0.3194,-0.7712,남남동
2026-07-28T07:16:00,2026-07-27T22:16:00,157.5,0.8414,0.322,-0.7774,남남동
2026-07-28T07:17:00,2026-07-27T22:17:00,157.5,0.8481,0.3246,-0.7835,남남동
2026-07-28T07:18:00,2026-07-27T22:18:00,157.5,0.8548,0.3271,-0.7897,남남동
2026-07-28T07:19:00,2026-07-27T22:19:00,157.5,0.8614,0.3296,-0.7958,남남동
2026-07-28T07:20:00,2026-07-27T22:20:00,157.5,0.8679,0.3321,-0.8018,남남동
2026-07-28T07:21:00,2026-07-27T22:21:00,157.5,0.8744,0.3346,-0.8078,남남동
2026-07-28T07:22:00,2026-07-27T22:22:00,157.5,0.8808,0.3371,-0.8138,남남동
2026-07-28T07:23:00,2026-07-27T22:23:00,157.5,0.8872,0.3395,-0.8197,남남동
2026-07-28T07:24:00,2026-07-27T22:24:00,157.5,0.8935,0.3419,-0.8255,남남동
2026-07-28T07:25:00,2026-07-27T22:25:00,157.5,0.8997,0.3443,-0.8312,남남동
2026-07-28T07:26:00,2026-07-27T22:26:00,157.5,0.906,0.3467,-0.837,남남동
2026-07-28T07:27:00,2026-07-27T22:27:00,157.5,0.9121,0.349,-0.8427,남남동
2026-07-28T07:28:00,2026-07-27T22:28:00,157.5,0.9182,0.3514,-0.8483,남남동
2026-07-28T07:29:00,2026-07-27T22:29:00,157.5,0.9243,0.3537,-0.8539,남남동
2026-07-28T07:30:00,2026-07-27T22:30:00,157.5,0.9303,0.356,-0.8595,남남동
2026-07-28T07:31:00,2026-07-27T22:31:00,157.5,0.9362,0.3583,-0.8649,남남동
2026-07-28T07:32:00,2026-07-27T22:32:00,157.5,0.9421,0.3605,-0.8704,남남동
2026-07-28T07:33:00,2026-07-27T22:33:00,157.5,0.9479,0.3627,-0.8757,남남동
2026-07-28T07:34:00,2026-07-27T22:34:00,157.5,0.9537,0.365,-0.8811,남남동
2026-07-28T07:35:00,2026-07-27T22:35:00,157.5,0.9595,0.3672,-0.8865,남남동
2026-07-28T07:36:00,2026-07-27T22:36:00,157.5,0.9651,0.3693,-0.8916,남남동
2026-07-28T07:37:00,2026-07-27T22:37:00,157.5,0.9708,0.3715,-0.8969,남남동
2026-07-28T07:38:00,2026-07-27T22:38:00,157.5,0.9764,0.3737,-0.9021,남남동
2026-07-28T07:39:00,2026-07-27T22:39:00,157.5,0.9819,0.3758,-0.9072,남남동
2026-07-28T07:40:00,2026-07-27T22:40:00,157.5,0.9874,0.3779,-0.9122,남남동
2026-07-28T07:41:00,2026-07-27T22:41:00,157.5,0.9928,0.3799,-0.9172,남남동
2026-07-28T07:42:00,2026-07-27T22:42:00,157.5,0.9982,0.382,-0.9222,남남동
2026-07-28T07:43:00,2026-07-27T22:43:00,157.5,1.0035,0.384,-0.9271,남남동
2026-07-28T07:44:00,2026-07-27T22:44:00,157.5,1.0088,0.3861,-0.932,남남동
2026-07-28T07:45:00,2026-07-27T22:45:00,157.5,1.014,0.388,-0.9368,남남동
2026-07-28T07:46:00,2026-07-27T22:46:00,157.5,1.0192,0.39,-0.9416,남남동
2026-07-28T07:47:00,2026-07-27T22:47:00,157.5,1.0244,0.392,-0.9464,남남동
2026-07-28T07:48:00,2026-07-27T22:48:00,157.5,1.0295,0.394,-0.9511,남남동
2026-07-28T07:49:00,2026-07-27T22:49:00,157.5,1.0345,0.3959,-0.9558,남남동
2026-07-28T07:50:00,2026-07-27T22:50:00,157.5,1.0395,0.3978,-0.9604,남남동
2026-07-28T07:51:00,2026-07-27T22:51:00,157.5,1.0444,0.3997,-0.9649,남남동
2026-07-28T07:52:00,2026-07-27T22:52:00,157.5,1.0493,0.4015,-0.9694,남남동
2026-07-28T07:53:00,2026-07-27T22:53:00,157.5,1.0542,0.4034,-0.974,남남동
2026-07-28T07:54:00,2026-07-27T22:54:00,157.5,1.059,0.4053,-0.9784,남남동
2026-07-28T07:55:00,2026-07-27T22:55:00,157.5,1.0638,0.4071,-0.9828,남남동
2026-07-28T07:56:00,2026-07-27T22:56:00,157.5,1.0685,0.4089,-0.9872,남남동
2026-07-28T07:57:00,2026-07-27T22:57:00,157.5,1.0731,0.4107,-0.9914,남남동
2026-07-28T07:58:00,2026-07-27T22:58:00,157.5,1.0778,0.4125,-0.9958,남남동
2026-07-28T07:59:00,2026-07-27T22:59:00,157.5,1.0824,0.4142,-1.0,남남동
2026-07-28T08:00:00,2026-07-27T23:00:00,157.5,1.0869,0.4159,-1.0042,남남동
2026-07-28T08:01:00,2026-07-27T23:01:00,157.5,1.0914,0.4177,-1.0083,남남동
2026-07-28T08:02:00,2026-07-27T23:02:00,157.5,1.0958,0.4193,-1.0124,남남동
2026-07-28T08:03:00,2026-07-27T23:03:00,157.5,1.1002,0.421,-1.0165,남남동
2026-07-28T08:04:00,2026-07-27T23:04:00,157.5,1.1046,0.4227,-1.0205,남남동
2026-07-28T08:05:00,2026-07-27T23:05:00,180,1.1089,0.0,-1.1089,남
2026-07-28T08:06:00,2026-07-27T23:06:00,180,1.1132,0.0,-1.1132,남
2026-07-28T08:07:00,2026-07-27T23:07:00,180,1.1174,0.0,-1.1174,남
2026-07-28T08:08:00,2026-07-27T23:08:00,180,1.1216,0.0,-1.1216,남
2026-07-28T08:09:00,2026-07-27T23:09:00,180,1.1257,0.0,-1.1257,남
2026-07-28T08:10:00,2026-07-27T23:10:00,180,1.1299,0.0,-1.1299,남
2026-07-28T08:11:00,2026-07-27T23:11:00,180,1.1339,0.0,-1.1339,남
2026-07-28T08:12:00,2026-07-27T23:12:00,180,1.1379,0.0,-1.1379,남
2026-07-28T08:13:00,2026-07-27T23:13:00,180,1.1419,0.0,-1.1419,남
2026-07-28T08:14:00,2026-07-27T23:14:00,180,1.1458,0.0,-1.1458,남
2026-07-28T08:15:00,2026-07-27T23:15:00,180,1.1497,0.0,-1.1497,남
2026-07-28T08:16:00,2026-07-27T23:16:00,180,1.1536,0.0,-1.1536,남
2026-07-28T08:17:00,2026-07-27T23:17:00,180,1.1574,0.0,-1.1574,남
2026-07-28T08:18:00,2026-07-27T23:18:00,180,1.1612,0.0,-1.1612,남
2026-07-28T08:19:00,2026-07-27T23:19:00,180,1.1649,0.0,-1.1649,남
2026-07-28T08:20:00,2026-07-27T23:20:00,180,1.1686,0.0,-1.1686,남
2026-07-28T08:21:00,2026-07-27T23:21:00,180,1.1722,0.0,-1.1722,남
2026-07-28T08:22:00,2026-07-27T23:22:00,180,1.1759,0.0,-1.1759,남
2026-07-28T08:23:00,2026-07-27T23:23:00,180,1.1794,0.0,-1.1794,남
2026-07-28T08:24:00,2026-07-27T23:24:00,180,1.183,0.0,-1.183,남
2026-07-28T08:25:00,2026-07-27T23:25:00,180,1.1864,0.0,-1.1864,남
2026-07-28T08:26:00,2026-07-27T23:26:00,180,1.1899,0.0,-1.1899,남
2026-07-28T08:27:00,2026-07-27T23:27:00,180,1.1933,0.0,-1.1933,남
2026-07-28T08:28:00,2026-07-27T23:28:00,180,1.1967,0.0,-1.1967,남
2026-07-28T08:29:00,2026-07-27T23:29:00,180,1.2,0.0,-1.2,남
2026-07-28T08:30:00,2026-07-27T23:30:00,180,1.2033,0.0,-1.2033,남
2026-07-28T08:31:00,2026-07-27T23:31:00,180,1.2065,0.0,-1.2065,남
2026-07-28T08:32:00,2026-07-27T23:32:00,180,1.2097,0.0,-1.2097,남
2026-07-28T08:33:00,2026-07-27T23:33:00,180,1.2129,0.0,-1.2129,남
2026-07-28T08:34:00,2026-07-27T23:34:00,180,1.216,0.0,-1.216,남
2026-07-28T08:35:00,2026-07-27T23:35:00,180,1.2191,0.0,-1.2191,남
2026-07-28T08:36:00,2026-07-27T23:36:00,180,1.2221,0.0,-1.2221,남
2026-07-28T08:37:00,2026-07-27T23:37:00,180,1.2251,0.0,-1.2251,남
2026-07-28T08:38:00,2026-07-27T23:38:00,180,1.2281,0.0,-1.2281,남
2026-07-28T08:39:00,2026-07-27T23:39:00,180,1.231,0.0,-1.231,남
2026-07-28T08:40:00,2026-07-27T23:40:00,180,1.2339,0.0,-1.2339,남
2026-07-28T08:41:00,2026-07-27T23:41:00,180,1.2367,0.0,-1.2367,남
2026-07-28T08:42:00,2026-07-27T23:42:00,180,1.2395,0.0,-1.2395,남
2026-07-28T08:43:00,2026-07-27T23:43:00,180,1.2422,0.0,-1.2422,남
2026-07-28T08:44:00,2026-07-27T23:44:00,180,1.2449,0.0,-1.2449,남
2026-07-28T08:45:00,2026-07-27T23:45:00,180,1.2476,0.0,-1.2476,남
2026-07-28T08:46:00,2026-07-27T23:46:00,180,1.2502,0.0,-1.2502,남
2026-07-28T08:47:00,2026-07-27T23:47:00,180,1.2528,0.0,-1.2528,남
2026-07-28T08:48:00,2026-07-27T23:48:00,180,1.2553,0.0,-1.2553,남
2026-07-28T08:49:00,2026-07-27T23:49:00,180,1.2578,0.0,-1.2578,남
2026-07-28T08:50:00,2026-07-27T23:50:00,180,1.2603,0.0,-1.2603,남
2026-07-28T08:51:00,2026-07-27T23:51:00,180,1.2627,0.0,-1.2627,남
2026-07-28T08:52:00,2026-07-27T23:52:00,180,1.265,0.0,-1.265,남
2026-07-28T08:53:00,2026-07-27T23:53:00,180,1.2673,0.0,-1.2673,남
2026-07-28T08:54:00,2026-07-27T23:54:00,180,1.2696,0.0,-1.2696,남
2026-07-28T08:55:00,2026-07-27T23:55:00,180,1.2718,0.0,-1.2718,남
2026-07-28T08:56:00,2026-07-27T23:56:00,180,1.274,0.0,-1.274,남
2026-07-28T08:57:00,2026-07-27T23:57:00,180,1.2761,0.0,-1.2761,남
2026-07-28T08:58:00,2026-07-27T23:58:00,180,1.2782,0.0,-1.2782,남
2026-07-28T08:59:00,2026-07-27T23:59:00,180,1.2802,0.0,-1.2802,남
2026-07-28T09:00:00,2026-07-28T00:00:00,180,1.2822,0.0,-1.2822,남
2026-07-28T09:01:00,2026-07-28T00:01:00,180,1.2841,0.0,-1.2841,남
2026-07-28T09:02:00,2026-07-28T00:02:00,180,1.286,0.0,-1.286,남
2026-07-28T09:03:00,2026-07-28T00:03:00,180,1.2878,0.0,-1.2878,남
2026-07-28T09:04:00,2026-07-28T00:04:00,180,1.2896,0.0,-1.2896,남
2026-07-28T09:05:00,2026-07-28T00:05:00,180,1.2913,0.0,-1.2913,남
2026-07-28T09:06:00,2026-07-28T00:06:00,180,1.293,0.0,-1.293,남
2026-07-28T09:07:00,2026-07-28T00:07:00,180,1.2946,0.0,-1.2946,남
2026-07-28T09:08:00,2026-07-28T00:08:00,180,1.2962,0.0,-1.2962,남
2026-07-28T09:09:00,2026-07-28T00:09:00,180,1.2977,0.0,-1.2977,남
2026-07-28T09:10:00,2026-07-28T00:10:00,180,1.2991,0.0,-1.2991,남
2026-07-28T09:11:00,2026-07-28T00:11:00,180,1.3005,0.0,-1.3005,남
2026-07-28T09:12:00,2026-07-28T00:12:00,180,1.3019,0.0,-1.3019,남
2026-07-28T09:13:00,2026-07-28T00:13:00,180,1.3032,0.0,-1.3032,남
2026-07-28T09:14:00,2026-07-28T00:14:00,180,1.3044,0.0,-1.3044,남
2026-07-28T09:15:00,2026-07-28T00:15:00,180,1.3056,0.0,-1.3056,남
2026-07-28T09:16:00,2026-07-28T00:16:00,180,1.3067,0.0,-1.3067,남
2026-07-28T09:17:00,2026-07-28T00:17:00,180,1.3077,0.0,-1.3077,남
2026-07-28T09:18:00,2026-07-28T00:18:00,180,1.3087,0.0,-1.3087,남
2026-07-28T09:19:00,2026-07-28T00:19:00,180,1.3097,0.0,-1.3097,남
2026-07-28T09:20:00,2026-07-28T00:20:00,180,1.3106,0.0,-1.3106,남
2026-07-28T09:21:00,2026-07-28T00:21:00,180,1.3114,0.0,-1.3114,남
2026-07-28T09:22:00,2026-07-28T00:22:00,180,1.3121,0.0,-1.3121,남
2026-07-28T09:23:00,2026-07-28T00:23:00,180,1.3128,0.0,-1.3128,남
2026-07-28T09:24:00,2026-07-28T00:24:00,180,1.3134,0.0,-1.3134,남
2026-07-28T09:25:00,2026-07-28T00:25:00,180,1.314,0.0,-1.314,남
2026-07-28T09:26:00,2026-07-28T00:26:00,180,1.3145,0.0,-1.3145,남
2026-07-28T09:27:00,2026-07-28T00:27:00,180,1.3149,0.0,-1.3149,남
2026-07-28T09:28:00,2026-07-28T00:28:00,180,1.3152,0.0,-1.3152,남
2026-07-28T09:29:00,2026-07-28T00:29:00,180,1.3155,0.0,-1.3155,남
2026-07-28T09:30:00,2026-07-28T00:30:00,180,1.3157,0.0,-1.3157,남
2026-07-28T09:31:00,2026-07-28T00:31:00,180,1.3159,0.0,-1.3159,남
2026-07-28T09:32:00,2026-07-28T00:32:00,180,1.3159,0.0,-1.3159,남
2026-07-28T09:33:00,2026-07-28T00:33:00,180,1.3159,0.0,-1.3159,남
2026-07-28T09:34:00,2026-07-28T00:34:00,180,1.3159,0.0,-1.3159,남
2026-07-28T09:35:00,2026-07-28T00:35:00,180,1.3157,0.0,-1.3157,남
2026-07-28T09:36:00,2026-07-28T00:36:00,180,1.3155,0.0,-1.3155,남
2026-07-28T09:37:00,2026-07-28T00:37:00,180,1.3152,0.0,-1.3152,남
2026-07-28T09:38:00,2026-07-28T00:38:00,180,1.3148,0.0,-1.3148,남
2026-07-28T09:39:00,2026-07-28T00:39:00,180,1.3144,0.0,-1.3144,남
2026-07-28T09:40:00,2026-07-28T00:40:00,180,1.3139,0.0,-1.3139,남
2026-07-28T09:41:00,2026-07-28T00:41:00,180,1.3133,0.0,-1.3133,남
2026-07-28T09:42:00,2026-07-28T00:42:00,180,1.3126,0.0,-1.3126,남
2026-07-28T09:43:00,2026-07-28T00:43:00,180,1.3118,0.0,-1.3118,남
2026-07-28T09:44:00,2026-07-28T00:44:00,180,1.311,0.0,-1.311,남
2026-07-28T09:45:00,2026-07-28T00:45:00,180,1.3101,0.0,-1.3101,남
2026-07-28T09:46:00,2026-07-28T00:46:00,180,1.309,0.0,-1.309,남
2026-07-28T09:47:00,2026-07-28T00:47:00,180,1.308,0.0,-1.308,남
2026-07-28T09:48:00,2026-07-28T00:48:00,180,1.3068,0.0,-1.3068,남
2026-07-28T09:49:00,2026-07-28T00:49:00,180,1.3055,0.0,-1.3055,남
2026-07-28T09:50:00,2026-07-28T00:50:00,180,1.3042,0.0,-1.3042,남
2026-07-28T09:51:00,2026-07-28T00:51:00,180,1.3027,0.0,-1.3027,남
2026-07-28T09:52:00,2026-07-28T00:52:00,180,1.3012,0.0,-1.3012,남
2026-07-28T09:53:00,2026-07-28T00:53:00,180,1.2996,0.0,-1.2996,남
2026-07-28T09:54:00,2026-07-28T00:54:00,180,1.2979,0.0,-1.2979,남
2026-07-28T09:55:00,2026-07-28T00:55:00,180,1.2961,0.0,-1.2961,남
2026-07-28T09:56:00,2026-07-28T00:56:00,180,1.2942,0.0,-1.2942,남
2026-07-28T09:57:00,2026-07-28T00:57:00,180,1.2923,0.0,-1.2923,남
2026-07-28T09:58:00,2026-07-28T00:58:00,180,1.2902,0.0,-1.2902,남
2026-07-28T09:59:00,2026-07-28T00:59:00,180,1.2881,0.0,-1.2881,남
2026-07-28T10:00:00,2026-07-28T01:00:00,180,1.2858,0.0,-1.2858,남
2026-07-28T10:01:00,2026-07-28T01:01:00,180,1.2835,0.0,-1.2835,남
2026-07-28T10:02:00,2026-07-28T01:02:00,180,1.281,0.0,-1.281,남
2026-07-28T10:03:00,2026-07-28T01:03:00,180,1.2785,0.0,-1.2785,남
2026-07-28T10:04:00,2026-07-28T01:04:00,180,1.2759,0.0,-1.2759,남
2026-07-28T10:05:00,2026-07-28T01:05:00,180,1.2732,0.0,-1.2732,남
2026-07-28T10:06:00,2026-07-28T01:06:00,180,1.2704,0.0,-1.2704,남
2026-07-28T10:07:00,2026-07-28T01:07:00,180,1.2674,0.0,-1.2674,남
2026-07-28T10:08:00,2026-07-28T01:08:00,180,1.2644,0.0,-1.2644,남
2026-07-28T10:09:00,2026-07-28T01:09:00,180,1.2613,0.0,-1.2613,남
2026-07-28T10:10:00,2026-07-28T01:10:00,180,1.2581,0.0,-1.2581,남
2026-07-28T10:11:00,2026-07-28T01:11:00,180,1.2548,0.0,-1.2548,남
2026-07-28T10:12:00,2026-07-28T01:12:00,180,1.2514,0.0,-1.2514,남
2026-07-28T10:13:00,2026-07-28T01:13:00,180,1.2479,0.0,-1.2479,남
2026-07-28T10:14:00,2026-07-28T01:14:00,180,1.2442,0.0,-1.2442,남
2026-07-28T10:15:00,2026-07-28T01:15:00,180,1.2405,0.0,-1.2405,남
2026-07-28T10:16:00,2026-07-28T01:16:00,180,1.2367,0.0,-1.2367,남
2026-07-28T10:17:00,2026-07-28T01:17:00,180,1.2328,0.0,-1.2328,남
2026-07-28T10:18:00,2026-07-28T01:18:00,180,1.2288,0.0,-1.2288,남
2026-07-28T10:19:00,2026-07-28T01:19:00,180,1.2246,0.0,-1.2246,남
2026-07-28T10:20:00,2026-07-28T01:20:00,180,1.2204,0.0,-1.2204,남
2026-07-28T10:21:00,2026-07-28T01:21:00,180,1.2161,0.0,-1.2161,남
2026-07-28T10:22:00,2026-07-28T01:22:00,180,1.2116,0.0,-1.2116,남
2026-07-28T10:23:00,2026-07-28T01:23:00,180,1.2071,0.0,-1.2071,남
2026-07-28T10:24:00,2026-07-28T01:24:00,180,1.2025,0.0,-1.2025,남
2026-07-28T10:25:00,2026-07-28T01:25:00,180,1.1977,0.0,-1.1977,남
2026-07-28T10:26:00,2026-07-28T01:26:00,180,1.1928,0.0,-1.1928,남
2026-07-28T10:27:00,2026-07-28T01:27:00,180,1.1879,0.0,-1.1879,남
2026-07-28T10:28:00,2026-07-28T01:28:00,180,1.1828,0.0,-1.1828,남
2026-07-28T10:29:00,2026-07-28T01:29:00,180,1.1776,0.0,-1.1776,남
2026-07-28T10:30:00,2026-07-28T01:30:00,180,1.1724,0.0,-1.1724,남
2026-07-28T10:31:00,2026-07-28T01:31:00,180,1.167,0.0,-1.167,남
2026-07-28T10:32:00,2026-07-28T01:32:00,180,1.1615,0.0,-1.1615,남
2026-07-28T10:33:00,2026-07-28T01:33:00,180,1.1559,0.0,-1.1559,남
2026-07-28T10:34:00,2026-07-28T01:34:00,180,1.1502,0.0,-1.1502,남
2026-07-28T10:35:00,2026-07-28T01:35:00,180,1.1444,0.0,-1.1444,남
2026-07-28T10:36:00,2026-07-28T01:36:00,180,1.1385,0.0,-1.1385,남
2026-07-28T10:37:00,2026-07-28T01:37:00,180,1.1324,0.0,-1.1324,남
2026-07-28T10:38:00,2026-07-28T01:38:00,180,1.1263,0.0,-1.1263,남
2026-07-28T10:39:00,2026-07-28T01:39:00,180,1.1201,0.0,-1.1201,남
2026-07-28T10:40:00,2026-07-28T01:40:00,180,1.1137,0.0,-1.1137,남
2026-07-28T10:41:00,2026-07-28T01:41:00,180,1.1073,0.0,-1.1073,남
2026-07-28T10:42:00,2026-07-28T01:42:00,180,1.1008,0.0,-1.1008,남
2026-07-28T10:43:00,2026-07-28T01:43:00,180,1.0941,0.0,-1.0941,남
2026-07-28T10:44:00,2026-07-28T01:44:00,180,1.0874,0.0,-1.0874,남
2026-07-28T10:45:00,2026-07-28T01:45:00,180,1.0805,0.0,-1.0805,남
2026-07-28T10:46:00,2026-07-28T01:46:00,180,1.0735,0.0,-1.0735,남
2026-07-28T10:47:00,2026-07-28T01:47:00,180,1.0665,0.0,-1.0665,남
2026-07-28T10:48:00,2026-07-28T01:48:00,180,1.0593,0.0,-1.0593,남
2026-07-28T10:49:00,2026-07-28T01:49:00,180,1.052,0.0,-1.052,남
2026-07-28T10:50:00,2026-07-28T01:50:00,180,1.0447,0.0,-1.0447,남
2026-07-28T10:51:00,2026-07-28T01:51:00,180,1.0372,0.0,-1.0372,남
2026-07-28T10:52:00,2026-07-28T01:52:00,180,1.0296,0.0,-1.0296,남
2026-07-28T10:53:00,2026-07-28T01:53:00,180,1.0219,0.0,-1.0219,남
2026-07-28T10:54:00,2026-07-28T01:54:00,180,1.0142,0.0,-1.0142,남
2026-07-28T10:55:00,2026-07-28T01:55:00,180,1.0063,0.0,-1.0063,남
2026-07-28T10:56:00,2026-07-28T01:56:00,180,0.9983,0.0,-0.9983,남
2026-07-28T10:57:00,2026-07-28T01:57:00,180,0.9903,0.0,-0.9903,남
2026-07-28T10:58:00,2026-07-28T01:58:00,180,0.9821,0.0,-0.9821,남
2026-07-28T10:59:00,2026-07-28T01:59:00,180,0.9738,0.0,-0.9738,남
2026-07-28T11:00:00,2026-07-28T02:00:00,180,0.9655,0.0,-0.9655,남
2026-07-28T11:01:00,2026-07-28T02:01:00,180,0.957,0.0,-0.957,남
2026-07-28T11:02:00,2026-07-28T02:02:00,180,0.9485,0.0,-0.9485,남
2026-07-28T11:03:00,2026-07-28T02:03:00,180,0.9399,0.0,-0.9399,남
2026-07-28T11:04:00,2026-07-28T02:04:00,180,0.9311,0.0,-0.9311,남
2026-07-28T11:05:00,2026-07-28T02:05:00,180,0.9223,0.0,-0.9223,남
2026-07-28T11:06:00,2026-07-28T02:06:00,180,0.9134,0.0,-0.9134,남
2026-07-28T11:07:00,2026-07-28T02:07:00,180,0.9044,0.0,-0.9044,남
2026-07-28T11:08:00,2026-07-28T02:08:00,180,0.8953,0.0,-0.8953,남
2026-07-28T11:09:00,2026-07-28T02:09:00,180,0.8861,0.0,-0.8861,남
2026-07-28T11:10:00,2026-07-28T02:10:00,180,0.8769,0.0,-0.8769,남
2026-07-28T11:11:00,2026-07-28T02:11:00,180,0.8675,0.0,-0.8675,남
2026-07-28T11:12:00,2026-07-28T02:12:00,180,0.8581,0.0,-0.8581,남
2026-07-28T11:13:00,2026-07-28T02:13:00,180,0.8486,0.0,-0.8486,남
2026-07-28T11:14:00,2026-07-28T02:14:00,180,0.839,0.0,-0.839,남
2026-07-28T11:15:00,2026-07-28T02:15:00,180,0.8293,0.0,-0.8293,남
2026-07-28T11:16:00,2026-07-28T02:16:00,180,0.8196,0.0,-0.8196,남
2026-07-28T11:17:00,2026-07-28T02:17:00,180,0.8098,0.0,-0.8098,남
2026-07-28T11:18:00,2026-07-28T02:18:00,180,0.7999,0.0,-0.7999,남
2026-07-28T11:19:00,2026-07-28T02:19:00,180,0.7899,0.0,-0.7899,남
2026-07-28T11:20:00,2026-07-28T02:20:00,180,0.7798,0.0,-0.7798,남
2026-07-28T11:21:00,2026-07-28T02:21:00,180,0.7697,0.0,-0.7697,남
2026-07-28T11:22:00,2026-07-28T02:22:00,180,0.7595,0.0,-0.7595,남
2026-07-28T11:23:00,2026-07-28T02:23:00,180,0.7493,0.0,-0.7493,남
2026-07-28T11:24:00,2026-07-28T02:24:00,180,0.7389,0.0,-0.7389,남
2026-07-28T11:25:00,2026-07-28T02:25:00,180,0.7286,0.0,-0.7286,남
2026-07-28T11:26:00,2026-07-28T02:26:00,180,0.7181,0.0,-0.7181,남
2026-07-28T11:27:00,2026-07-28T02:27:00,180,0.7076,0.0,-0.7076,남
2026-07-28T11:28:00,2026-07-28T02:28:00,180,0.697,0.0,-0.697,남
2026-07-28T11:29:00,2026-07-28T02:29:00,180,0.6864,0.0,-0.6864,남
2026-07-28T11:30:00,2026-07-28T02:30:00,180,0.6757,0.0,-0.6757,남
2026-07-28T11:31:00,2026-07-28T02:31:00,180,0.6649,0.0,-0.6649,남
2026-07-28T11:32:00,2026-07-28T02:32:00,180,0.6541,0.0,-0.6541,남
2026-07-28T11:33:00,2026-07-28T02:33:00,180,0.6433,0.0,-0.6433,남
2026-07-28T11:34:00,2026-07-28T02:34:00,180,0.6324,0.0,-0.6324,남
2026-07-28T11:35:00,2026-07-28T02:35:00,180,0.6214,0.0,-0.6214,남
2026-07-28T11:36:00,2026-07-28T02:36:00,180,0.6104,0.0,-0.6104,남
2026-07-28T11:37:00,2026-07-28T02:37:00,180,0.5994,0.0,-0.5994,남
2026-07-28T11:38:00,2026-07-28T02:38:00,180,0.5883,0.0,-0.5883,남
2026-07-28T11:39:00,2026-07-28T02:39:00,180,0.5772,0.0,-0.5772,남
2026-07-28T11:40:00,2026-07-28T02:40:00,180,0.566,0.0,-0.566,남
2026-07-28T11:41:00,2026-07-28T02:41:00,180,0.5548,0.0,-0.5548,남
2026-07-28T11:42:00,2026-07-28T02:42:00,180,0.5436,0.0,-0.5436,남
2026-07-28T11:43:00,2026-07-28T02:43:00,180,0.5323,0.0,-0.5323,남
2026-07-28T11:44:00,2026-07-28T02:44:00,180,0.5211,0.0,-0.5211,남
2026-07-28T11:45:00,2026-07-28T02:45:00,180,0.5098,0.0,-0.5098,남
2026-07-28T11:46:00,2026-07-28T02:46:00,180,0.4984,0.0,-0.4984,남
2026-07-28T11:47:00,2026-07-28T02:47:00,180,0.4871,0.0,-0.4871,남
2026-07-28T11:48:00,2026-07-28T02:48:00,180,0.4757,0.0,-0.4757,남
2026-07-28T11:49:00,2026-07-28T02:49:00,180,0.4643,0.0,-0.4643,남
2026-07-28T11:50:00,2026-07-28T02:50:00,180,0.4529,0.0,-0.4529,남
2026-07-28T11:51:00,2026-07-28T02:51:00,180,0.4416,0.0,-0.4416,남
2026-07-28T11:52:00,2026-07-28T02:52:00,180,0.4302,0.0,-0.4302,남
2026-07-28T11:53:00,2026-07-28T02:53:00,180,0.4188,0.0,-0.4188,남
2026-07-28T11:54:00,2026-07-28T02:54:00,180,0.4074,0.0,-0.4074,남
2026-07-28T11:55:00,2026-07-28T02:55:00,180,0.396,0.0,-0.396,남
2026-07-28T11:56:00,2026-07-28T02:56:00,180,0.3846,0.0,-0.3846,남
2026-07-28T11:57:00,2026-07-28T02:57:00,180,0.3732,0.0,-0.3732,남
2026-07-28T11:58:00,2026-07-28T02:58:00,180,0.3619,0.0,-0.3619,남
2026-07-28T11:59:00,2026-07-28T02:59:00,180,0.3506,0.0,-0.3506,남
2026-07-28T12:00:00,2026-07-28T03:00:00,180,0.3393,0.0,-0.3393,남
2026-07-28T12:01:00,2026-07-28T03:01:00,180,0.3281,0.0,-0.3281,남
2026-07-28T12:02:00,2026-07-28T03:02:00,180,0.3169,0.0,-0.3169,남
2026-07-28T12:03:00,2026-07-28T03:03:00,180,0.3058,0.0,-0.3058,남
2026-07-28T12:04:00,2026-07-28T03:04:00,202.5,0.2948,-0.1128,-0.2724,남남서
2026-07-28T12:05:00,2026-07-28T03:05:00,202.5,0.2838,-0.1086,-0.2622,남남서
2026-07-28T12:06:00,2026-07-28T03:06:00,202.5,0.2729,-0.1044,-0.2521,남남서
2026-07-28T12:07:00,2026-07-28T03:07:00,202.5,0.2621,-0.1003,-0.2421,남남서
2026-07-28T12:08:00,2026-07-28T03:08:00,202.5,0.2514,-0.0962,-0.2323,남남서
2026-07-28T12:09:00,2026-07-28T03:09:00,202.5,0.2408,-0.0922,-0.2225,남남서
2026-07-28T12:10:00,2026-07-28T03:10:00,202.5,0.2304,-0.0882,-0.2129,남남서
2026-07-28T12:11:00,2026-07-28T03:11:00,202.5,0.2202,-0.0843,-0.2034,남남서
2026-07-28T12:12:00,2026-07-28T03:12:00,202.5,0.2101,-0.0804,-0.1941,남남서
2026-07-28T12:13:00,2026-07-28T03:13:00,202.5,0.2003,-0.0767,-0.1851,남남서
2026-07-28T12:14:00,2026-07-28T03:14:00,202.5,0.1907,-0.073,-0.1762,남남서
2026-07-28T12:15:00,2026-07-28T03:15:00,202.5,0.1815,-0.0695,-0.1677,남남서
2026-07-28T12:16:00,2026-07-28T03:16:00,202.5,0.1725,-0.066,-0.1594,남남서
2026-07-28T12:17:00,2026-07-28T03:17:00,225,0.164,-0.116,-0.116,남서
2026-07-28T12:18:00,2026-07-28T03:18:00,225,0.156,-0.1103,-0.1103,남서
2026-07-28T12:19:00,2026-07-28T03:19:00,225,0.1484,-0.1049,-0.1049,남서
2026-07-28T12:20:00,2026-07-28T03:20:00,225,0.1415,-0.1001,-0.1001,남서
2026-07-28T12:21:00,2026-07-28T03:21:00,225,0.1353,-0.0957,-0.0957,남서
2026-07-28T12:22:00,2026-07-28T03:22:00,225,0.1299,-0.0919,-0.0919,남서
2026-07-28T12:23:00,2026-07-28T03:23:00,247.5,0.1253,-0.1158,-0.048,서남서
2026-07-28T12:24:00,2026-07-28T03:24:00,247.5,0.1218,-0.1125,-0.0466,서남서
2026-07-28T12:25:00,2026-07-28T03:25:00,247.5,0.1193,-0.1102,-0.0457,서남서
2026-07-28T12:26:00,2026-07-28T03:26:00,247.5,0.1179,-0.1089,-0.0451,서남서
2026-07-28T12:27:00,2026-07-28T03:27:00,270,0.1177,-0.1177,-0.0,서
2026-07-28T12:28:00,2026-07-28T03:28:00,270,0.1186,-0.1186,-0.0,서
2026-07-28T12:29:00,2026-07-28T03:29:00,270,0.1207,-0.1207,-0.0,서
2026-07-28T12:30:00,2026-07-28T03:30:00,270,0.1238,-0.1238,-0.0,서
2026-07-28T12:31:00,2026-07-28T03:31:00,270,0.1278,-0.1278,-0.0,서
2026-07-28T12:32:00,2026-07-28T03:32:00,292.5,0.1327,-0.1226,0.0508,서북서
2026-07-28T12:33:00,2026-07-28T03:33:00,292.5,0.1384,-0.1279,0.053,서북서
2026-07-28T12:34:00,2026-07-28T03:34:00,292.5,0.1447,-0.1337,0.0554,서북서
2026-07-28T12:35:00,2026-07-28T03:35:00,292.5,0.1516,-0.1401,0.058,서북서
2026-07-28T12:36:00,2026-07-28T03:36:00,292.5,0.159,-0.1469,0.0608,서북서
2026-07-28T12:37:00,2026-07-28T03:37:00,292.5,0.1667,-0.154,0.0638,서북서
2026-07-28T12:38:00,2026-07-28T03:38:00,315,0.1749,-0.1237,0.1237,북서
2026-07-28T12:39:00,2026-07-28T03:39:00,315,0.1833,-0.1296,0.1296,북서
2026-07-28T12:40:00,2026-07-28T03:40:00,315,0.1919,-0.1357,0.1357,북서
2026-07-28T12:41:00,2026-07-28T03:41:00,315,0.2007,-0.1419,0.1419,북서
2026-07-28T12:42:00,2026-07-28T03:42:00,315,0.2097,-0.1483,0.1483,북서
2026-07-28T12:43:00,2026-07-28T03:43:00,315,0.2188,-0.1547,0.1547,북서
2026-07-28T12:44:00,2026-07-28T03:44:00,315,0.2281,-0.1613,0.1613,북서
2026-07-28T12:45:00,2026-07-28T03:45:00,315,0.2374,-0.1679,0.1679,북서
2026-07-28T12:46:00,2026-07-28T03:46:00,315,0.2468,-0.1745,0.1745,북서
2026-07-28T12:47:00,2026-07-28T03:47:00,315,0.2562,-0.1812,0.1812,북서
2026-07-28T12:48:00,2026-07-28T03:48:00,315,0.2657,-0.1879,0.1879,북서
2026-07-28T12:49:00,2026-07-28T03:49:00,315,0.2752,-0.1946,0.1946,북서
2026-07-28T12:50:00,2026-07-28T03:50:00,315,0.2847,-0.2013,0.2013,북서
2026-07-28T12:51:00,2026-07-28T03:51:00,315,0.2943,-0.2081,0.2081,북서
2026-07-28T12:52:00,2026-07-28T03:52:00,315,0.3038,-0.2148,0.2148,북서
2026-07-28T12:53:00,2026-07-28T03:53:00,315,0.3133,-0.2215,0.2215,북서
2026-07-28T12:54:00,2026-07-28T03:54:00,315,0.3228,-0.2283,0.2283,북서
2026-07-28T12:55:00,2026-07-28T03:55:00,337.5,0.3323,-0.1272,0.307,북북서
2026-07-28T12:56:00,2026-07-28T03:56:00,337.5,0.3417,-0.1308,0.3157,북북서
2026-07-28T12:57:00,2026-07-28T03:57:00,337.5,0.3511,-0.1344,0.3244,북북서
2026-07-28T12:58:00,2026-07-28T03:58:00,337.5,0.3605,-0.138,0.3331,북북서
2026-07-28T12:59:00,2026-07-28T03:59:00,337.5,0.3698,-0.1415,0.3417,북북서
2026-07-28T13:00:00,2026-07-28T04:00:00,337.5,0.3791,-0.1451,0.3502,북북서
2026-07-28T13:01:00,2026-07-28T04:01:00,337.5,0.3883,-0.1486,0.3587,북북서
2026-07-28T13:02:00,2026-07-28T04:02:00,337.5,0.3975,-0.1521,0.3672,북북서
2026-07-28T13:03:00,2026-07-28T04:03:00,337.5,0.4067,-0.1556,0.3757,북북서
2026-07-28T13:04:00,2026-07-28T04:04:00,337.5,0.4157,-0.1591,0.3841,북북서
2026-07-28T13:05:00,2026-07-28T04:05:00,337.5,0.4248,-0.1626,0.3925,북북서
2026-07-28T13:06:00,2026-07-28T04:06:00,337.5,0.4337,-0.166,0.4007,북북서
2026-07-28T13:07:00,2026-07-28T04:07:00,337.5,0.4426,-0.1694,0.4089,북북서
2026-07-28T13:08:00,2026-07-28T04:08:00,337.5,0.4514,-0.1727,0.417,북북서
2026-07-28T13:09:00,2026-07-28T04:09:00,337.5,0.4602,-0.1761,0.4252,북북서
2026-07-28T13:10:00,2026-07-28T04:10:00,337.5,0.4689,-0.1794,0.4332,북북서
2026-07-28T13:11:00,2026-07-28T04:11:00,337.5,0.4775,-0.1827,0.4412,북북서
2026-07-28T13:12:00,2026-07-28T04:12:00,337.5,0.4861,-0.186,0.4491,북북서
2026-07-28T13:13:00,2026-07-28T04:13:00,337.5,0.4946,-0.1893,0.457,북북서
2026-07-28T13:14:00,2026-07-28T04:14:00,337.5,0.503,-0.1925,0.4647,북북서
2026-07-28T13:15:00,2026-07-28T04:15:00,337.5,0.5113,-0.1957,0.4724,북북서
2026-07-28T13:16:00,2026-07-28T04:16:00,337.5,0.5195,-0.1988,0.48,북북서
2026-07-28T13:17:00,2026-07-28T04:17:00,337.5,0.5277,-0.2019,0.4875,북북서
2026-07-28T13:18:00,2026-07-28T04:18:00,337.5,0.5358,-0.205,0.495,북북서
2026-07-28T13:19:00,2026-07-28T04:19:00,337.5,0.5438,-0.2081,0.5024,북북서
2026-07-28T13:20:00,2026-07-28T04:20:00,337.5,0.5518,-0.2112,0.5098,북북서
2026-07-28T13:21:00,2026-07-28T04:21:00,337.5,0.5597,-0.2142,0.5171,북북서
2026-07-28T13:22:00,2026-07-28T04:22:00,337.5,0.5674,-0.2171,0.5242,북북서
2026-07-28T13:23:00,2026-07-28T04:23:00,337.5,0.5751,-0.2201,0.5313,북북서
2026-07-28T13:24:00,2026-07-28T04:24:00,337.5,0.5827,-0.223,0.5383,북북서
2026-07-28T13:25:00,2026-07-28T04:25:00,337.5,0.5903,-0.2259,0.5454,북북서
2026-07-28T13:26:00,2026-07-28T04:26:00,337.5,0.5977,-0.2287,0.5522,북북서
2026-07-28T13:27:00,2026-07-28T04:27:00,337.5,0.6051,-0.2316,0.559,북북서
2026-07-28T13:28:00,2026-07-28T04:28:00,337.5,0.6124,-0.2344,0.5658,북북서
2026-07-28T13:29:00,2026-07-28T04:29:00,337.5,0.6196,-0.2371,0.5724,북북서
2026-07-28T13:30:00,2026-07-28T04:30:00,337.5,0.6267,-0.2398,0.579,북북서
2026-07-28T13:31:00,2026-07-28T04:31:00,337.5,0.6337,-0.2425,0.5855,북북서
2026-07-28T13:32:00,2026-07-28T04:32:00,337.5,0.6407,-0.2452,0.5919,북북서
2026-07-28T13:33:00,2026-07-28T04:33:00,337.5,0.6475,-0.2478,0.5982,북북서
2026-07-28T13:34:00,2026-07-28T04:34:00,337.5,0.6543,-0.2504,0.6045,북북서
2026-07-28T13:35:00,2026-07-28T04:35:00,337.5,0.661,-0.253,0.6107,북북서
2026-07-28T13:36:00,2026-07-28T04:36:00,337.5,0.6675,-0.2554,0.6167,북북서
2026-07-28T13:37:00,2026-07-28T04:37:00,337.5,0.6741,-0.258,0.6228,북북서
2026-07-28T13:38:00,2026-07-28T04:38:00,337.5,0.6805,-0.2604,0.6287,북북서
2026-07-28T13:39:00,2026-07-28T04:39:00,337.5,0.6868,-0.2628,0.6345,북북서
2026-07-28T13:40:00,2026-07-28T04:40:00,337.5,0.693,-0.2652,0.6402,북북서
2026-07-28T13:41:00,2026-07-28T04:41:00,337.5,0.6992,-0.2676,0.646,북북서
2026-07-28T13:42:00,2026-07-28T04:42:00,337.5,0.7053,-0.2699,0.6516,북북서
2026-07-28T13:43:00,2026-07-28T04:43:00,337.5,0.7113,-0.2722,0.6572,북북서
2026-07-28T13:44:00,2026-07-28T04:44:00,337.5,0.7171,-0.2744,0.6625,북북서
2026-07-28T13:45:00,2026-07-28T04:45:00,337.5,0.723,-0.2767,0.668,북북서
2026-07-28T13:46:00,2026-07-28T04:46:00,337.5,0.7287,-0.2789,0.6732,북북서
2026-07-28T13:47:00,2026-07-28T04:47:00,337.5,0.7343,-0.281,0.6784,북북서
2026-07-28T13:48:00,2026-07-28T04:48:00,337.5,0.7399,-0.2831,0.6836,북북서
2026-07-28T13:49:00,2026-07-28T04:49:00,337.5,0.7453,-0.2852,0.6886,북북서
2026-07-28T13:50:00,2026-07-28T04:50:00,337.5,0.7507,-0.2873,0.6936,북북서
2026-07-28T13:51:00,2026-07-28T04:51:00,337.5,0.756,-0.2893,0.6985,북북서
2026-07-28T13:52:00,2026-07-28T04:52:00,337.5,0.7612,-0.2913,0.7033,북북서
2026-07-28T13:53:00,2026-07-28T04:53:00,337.5,0.7663,-0.2933,0.708,북북서
2026-07-28T13:54:00,2026-07-28T04:54:00,337.5,0.7713,-0.2952,0.7126,북북서
2026-07-28T13:55:00,2026-07-28T04:55:00,337.5,0.7762,-0.297,0.7171,북북서
2026-07-28T13:56:00,2026-07-28T04:56:00,337.5,0.7811,-0.2989,0.7216,북북서
2026-07-28T13:57:00,2026-07-28T04:57:00,337.5,0.7859,-0.3008,0.7261,북북서
2026-07-28T13:58:00,2026-07-28T04:58:00,337.5,0.7905,-0.3025,0.7303,북북서
2026-07-28T13:59:00,2026-07-28T04:59:00,337.5,0.7951,-0.3043,0.7346,북북서
2026-07-28T14:00:00,2026-07-28T05:00:00,337.5,0.7997,-0.306,0.7388,북북서
2026-07-28T14:01:00,2026-07-28T05:01:00,337.5,0.8041,-0.3077,0.7429,북북서
2026-07-28T14:02:00,2026-07-28T05:02:00,337.5,0.8084,-0.3094,0.7469,북북서
2026-07-28T14:03:00,2026-07-28T05:03:00,337.5,0.8127,-0.311,0.7508,북북서
2026-07-28T14:04:00,2026-07-28T05:04:00,337.5,0.8169,-0.3126,0.7547,북북서
2026-07-28T14:05:00,2026-07-28T05:05:00,337.5,0.821,-0.3142,0.7585,북북서
2026-07-28T14:06:00,2026-07-28T05:06:00,337.5,0.825,-0.3157,0.7622,북북서
2026-07-28T14:07:00,2026-07-28T05:07:00,337.5,0.8289,-0.3172,0.7658,북북서
2026-07-28T14:08:00,2026-07-28T05:08:00,337.5,0.8327,-0.3187,0.7693,북북서
2026-07-28T14:09:00,2026-07-28T05:09:00,337.5,0.8365,-0.3201,0.7728,북북서
2026-07-28T14:10:00,2026-07-28T05:10:00,337.5,0.8402,-0.3215,0.7762,북북서
2026-07-28T14:11:00,2026-07-28T05:11:00,337.5,0.8438,-0.3229,0.7796,북북서
2026-07-28T14:12:00,2026-07-28T05:12:00,337.5,0.8473,-0.3242,0.7828,북북서
2026-07-28T14:13:00,2026-07-28T05:13:00,337.5,0.8507,-0.3255,0.7859,북북서
2026-07-28T14:14:00,2026-07-28T05:14:00,337.5,0.8541,-0.3268,0.7891,북북서
2026-07-28T14:15:00,2026-07-28T05:15:00,337.5,0.8574,-0.3281,0.7921,북북서
2026-07-28T14:16:00,2026-07-28T05:16:00,337.5,0.8606,-0.3293,0.7951,북북서
2026-07-28T14:17:00,2026-07-28T05:17:00,337.5,0.8637,-0.3305,0.798,북북서
2026-07-28T14:18:00,2026-07-28T05:18:00,337.5,0.8667,-0.3317,0.8007,북북서
2026-07-28T14:19:00,2026-07-28T05:19:00,337.5,0.8697,-0.3328,0.8035,북북서
2026-07-28T14:20:00,2026-07-28T05:20:00,337.5,0.8726,-0.3339,0.8062,북북서
2026-07-28T14:21:00,2026-07-28T05:21:00,337.5,0.8754,-0.335,0.8088,북북서
2026-07-28T14:22:00,2026-07-28T05:22:00,337.5,0.8781,-0.336,0.8113,북북서
2026-07-28T14:23:00,2026-07-28T05:23:00,337.5,0.8807,-0.337,0.8137,북북서
2026-07-28T14:24:00,2026-07-28T05:24:00,337.5,0.8833,-0.338,0.8161,북북서
2026-07-28T14:25:00,2026-07-28T05:25:00,337.5,0.8858,-0.339,0.8184,북북서
2026-07-28T14:26:00,2026-07-28T05:26:00,337.5,0.8882,-0.3399,0.8206,북북서
2026-07-28T14:27:00,2026-07-28T05:27:00,337.5,0.8906,-0.3408,0.8228,북북서
2026-07-28T14:28:00,2026-07-28T05:28:00,337.5,0.8929,-0.3417,0.8249,북북서
2026-07-28T14:29:00,2026-07-28T05:29:00,337.5,0.895,-0.3425,0.8269,북북서
2026-07-28T14:30:00,2026-07-28T05:30:00,337.5,0.8972,-0.3433,0.8289,북북서
2026-07-28T14:31:00,2026-07-28T05:31:00,337.5,0.8992,-0.3441,0.8308,북북서
2026-07-28T14:32:00,2026-07-28T05:32:00,337.5,0.9012,-0.3449,0.8326,북북서
2026-07-28T14:33:00,2026-07-28T05:33:00,337.5,0.9031,-0.3456,0.8344,북북서
2026-07-28T14:34:00,2026-07-28T05:34:00,337.5,0.9049,-0.3463,0.836,북북서
2026-07-28T14:35:00,2026-07-28T05:35:00,337.5,0.9067,-0.347,0.8377,북북서
2026-07-28T14:36:00,2026-07-28T05:36:00,337.5,0.9083,-0.3476,0.8392,북북서
2026-07-28T14:37:00,2026-07-28T05:37:00,337.5,0.9099,-0.3482,0.8406,북북서
2026-07-28T14:38:00,2026-07-28T05:38:00,337.5,0.9115,-0.3488,0.8421,북북서
2026-07-28T14:39:00,2026-07-28T05:39:00,337.5,0.9129,-0.3494,0.8434,북북서
2026-07-28T14:40:00,2026-07-28T05:40:00,337.5,0.9143,-0.3499,0.8447,북북서
2026-07-28T14:41:00,2026-07-28T05:41:00,337.5,0.9157,-0.3504,0.846,북북서
2026-07-28T14:42:00,2026-07-28T05:42:00,337.5,0.9169,-0.3509,0.8471,북북서
2026-07-28T14:43:00,2026-07-28T05:43:00,337.5,0.9181,-0.3513,0.8482,북북서
2026-07-28T14:44:00,2026-07-28T05:44:00,337.5,0.9192,-0.3518,0.8492,북북서
2026-07-28T14:45:00,2026-07-28T05:45:00,337.5,0.9202,-0.3521,0.8502,북북서
2026-07-28T14:46:00,2026-07-28T05:46:00,337.5,0.9212,-0.3525,0.8511,북북서
2026-07-28T14:47:00,2026-07-28T05:47:00,337.5,0.9221,-0.3529,0.8519,북북서
2026-07-28T14:48:00,2026-07-28T05:48:00,337.5,0.9229,-0.3532,0.8526,북북서
2026-07-28T14:49:00,2026-07-28T05:49:00,337.5,0.9237,-0.3535,0.8534,북북서
2026-07-28T14:50:00,2026-07-28T05:50:00,337.5,0.9243,-0.3537,0.8539,북북서
2026-07-28T14:51:00,2026-07-28T05:51:00,337.5,0.925,-0.354,0.8546,북북서
2026-07-28T14:52:00,2026-07-28T05:52:00,337.5,0.9255,-0.3542,0.8551,북북서
2026-07-28T14:53:00,2026-07-28T05:53:00,337.5,0.926,-0.3544,0.8555,북북서
2026-07-28T14:54:00,2026-07-28T05:54:00,337.5,0.9264,-0.3545,0.8559,북북서
2026-07-28T14:55:00,2026-07-28T05:55:00,337.5,0.9267,-0.3546,0.8562,북북서
2026-07-28T14:56:00,2026-07-28T05:56:00,337.5,0.927,-0.3547,0.8564,북북서
2026-07-28T14:57:00,2026-07-28T05:57:00,337.5,0.9272,-0.3548,0.8566,북북서
2026-07-28T14:58:00,2026-07-28T05:58:00,337.5,0.9273,-0.3549,0.8567,북북서
2026-07-28T14:59:00,2026-07-28T05:59:00,337.5,0.9274,-0.3549,0.8568,북북서
2026-07-28T15:00:00,2026-07-28T06:00:00,337.5,0.9274,-0.3549,0.8568,북북서
2026-07-28T15:01:00,2026-07-28T06:01:00,337.5,0.9273,-0.3549,0.8567,북북서
2026-07-28T15:02:00,2026-07-28T06:02:00,337.5,0.9272,-0.3548,0.8566,북북서
2026-07-28T15:03:00,2026-07-28T06:03:00,337.5,0.927,-0.3547,0.8564,북북서
2026-07-28T15:04:00,2026-07-28T06:04:00,337.5,0.9267,-0.3546,0.8562,북북서
2026-07-28T15:05:00,2026-07-28T06:05:00,337.5,0.9264,-0.3545,0.8559,북북서
2026-07-28T15:06:00,2026-07-28T06:06:00,337.5,0.926,-0.3544,0.8555,북북서
2026-07-28T15:07:00,2026-07-28T06:07:00,337.5,0.9255,-0.3542,0.8551,북북서
2026-07-28T15:08:00,2026-07-28T06:08:00,337.5,0.9249,-0.3539,0.8545,북북서
2026-07-28T15:09:00,2026-07-28T06:09:00,337.5,0.9243,-0.3537,0.8539,북북서
2026-07-28T15:10:00,2026-07-28T06:10:00,337.5,0.9236,-0.3534,0.8533,북북서
2026-07-28T15:11:00,2026-07-28T06:11:00,337.5,0.9229,-0.3532,0.8526,북북서
2026-07-28T15:12:00,2026-07-28T06:12:00,337.5,0.922,-0.3528,0.8518,북북서
2026-07-28T15:13:00,2026-07-28T06:13:00,337.5,0.9211,-0.3525,0.851,북북서
2026-07-28T15:14:00,2026-07-28T06:14:00,337.5,0.9202,-0.3521,0.8502,북북서
2026-07-28T15:15:00,2026-07-28T06:15:00,337.5,0.9191,-0.3517,0.8491,북북서
2026-07-28T15:16:00,2026-07-28T06:16:00,337.5,0.918,-0.3513,0.8481,북북서
2026-07-28T15:17:00,2026-07-28T06:17:00,337.5,0.9169,-0.3509,0.8471,북북서
2026-07-28T15:18:00,2026-07-28T06:18:00,337.5,0.9156,-0.3504,0.8459,북북서
2026-07-28T15:19:00,2026-07-28T06:19:00,337.5,0.9143,-0.3499,0.8447,북북서
2026-07-28T15:20:00,2026-07-28T06:20:00,337.5,0.9129,-0.3494,0.8434,북북서
2026-07-28T15:21:00,2026-07-28T06:21:00,337.5,0.9115,-0.3488,0.8421,북북서
2026-07-28T15:22:00,2026-07-28T06:22:00,337.5,0.91,-0.3482,0.8407,북북서
2026-07-28T15:23:00,2026-07-28T06:23:00,337.5,0.9084,-0.3476,0.8393,북북서
2026-07-28T15:24:00,2026-07-28T06:24:00,337.5,0.9067,-0.347,0.8377,북북서
2026-07-28T15:25:00,2026-07-28T06:25:00,337.5,0.905,-0.3463,0.8361,북북서
2026-07-28T15:26:00,2026-07-28T06:26:00,337.5,0.9032,-0.3456,0.8344,북북서
2026-07-28T15:27:00,2026-07-28T06:27:00,337.5,0.9013,-0.3449,0.8327,북북서
2026-07-28T15:28:00,2026-07-28T06:28:00,337.5,0.8994,-0.3442,0.8309,북북서
2026-07-28T15:29:00,2026-07-28T06:29:00,337.5,0.8973,-0.3434,0.829,북북서
2026-07-28T15:30:00,2026-07-28T06:30:00,337.5,0.8953,-0.3426,0.8271,북북서
2026-07-28T15:31:00,2026-07-28T06:31:00,337.5,0.8931,-0.3418,0.8251,북북서
2026-07-28T15:32:00,2026-07-28T06:32:00,337.5,0.8908,-0.3409,0.823,북북서
2026-07-28T15:33:00,2026-07-28T06:33:00,337.5,0.8885,-0.34,0.8209,북북서
2026-07-28T15:34:00,2026-07-28T06:34:00,337.5,0.8862,-0.3391,0.8187,북북서
2026-07-28T15:35:00,2026-07-28T06:35:00,337.5,0.8837,-0.3382,0.8164,북북서
2026-07-28T15:36:00,2026-07-28T06:36:00,337.5,0.8812,-0.3372,0.8141,북북서
2026-07-28T15:37:00,2026-07-28T06:37:00,337.5,0.8786,-0.3362,0.8117,북북서
2026-07-28T15:38:00,2026-07-28T06:38:00,337.5,0.8759,-0.3352,0.8092,북북서
2026-07-28T15:39:00,2026-07-28T06:39:00,337.5,0.8731,-0.3341,0.8066,북북서
2026-07-28T15:40:00,2026-07-28T06:40:00,337.5,0.8703,-0.333,0.8041,북북서
2026-07-28T15:41:00,2026-07-28T06:41:00,337.5,0.8674,-0.3319,0.8014,북북서
2026-07-28T15:42:00,2026-07-28T06:42:00,337.5,0.8644,-0.3308,0.7986,북북서
2026-07-28T15:43:00,2026-07-28T06:43:00,337.5,0.8614,-0.3296,0.7958,북북서
2026-07-28T15:44:00,2026-07-28T06:44:00,337.5,0.8582,-0.3284,0.7929,북북서
2026-07-28T15:45:00,2026-07-28T06:45:00,337.5,0.855,-0.3272,0.7899,북북서
2026-07-28T15:46:00,2026-07-28T06:46:00,337.5,0.8517,-0.3259,0.7869,북북서
2026-07-28T15:47:00,2026-07-28T06:47:00,337.5,0.8483,-0.3246,0.7837,북북서
2026-07-28T15:48:00,2026-07-28T06:48:00,337.5,0.8449,-0.3233,0.7806,북북서
2026-07-28T15:49:00,2026-07-28T06:49:00,337.5,0.8414,-0.322,0.7774,북북서
2026-07-28T15:50:00,2026-07-28T06:50:00,337.5,0.8378,-0.3206,0.774,북북서
2026-07-28T15:51:00,2026-07-28T06:51:00,337.5,0.8341,-0.3192,0.7706,북북서
2026-07-28T15:52:00,2026-07-28T06:52:00,337.5,0.8303,-0.3177,0.7671,북북서
2026-07-28T15:53:00,2026-07-28T06:53:00,337.5,0.8265,-0.3163,0.7636,북북서
2026-07-28T15:54:00,2026-07-28T06:54:00,337.5,0.8226,-0.3148,0.76,북북서
2026-07-28T15:55:00,2026-07-28T06:55:00,337.5,0.8186,-0.3133,0.7563,북북서
2026-07-28T15:56:00,2026-07-28T06:56:00,337.5,0.8145,-0.3117,0.7525,북북서
2026-07-28T15:57:00,2026-07-28T06:57:00,337.5,0.8103,-0.3101,0.7486,북북서
2026-07-28T15:58:00,2026-07-28T06:58:00,337.5,0.8061,-0.3085,0.7447,북북서
2026-07-28T15:59:00,2026-07-28T06:59:00,337.5,0.8018,-0.3068,0.7408,북북서
2026-07-28T16:00:00,2026-07-28T07:00:00,337.5,0.7974,-0.3052,0.7367,북북서
2026-07-28T16:01:00,2026-07-28T07:01:00,337.5,0.7929,-0.3034,0.7325,북북서
2026-07-28T16:02:00,2026-07-28T07:02:00,337.5,0.7883,-0.3017,0.7283,북북서
2026-07-28T16:03:00,2026-07-28T07:03:00,337.5,0.7836,-0.2999,0.724,북북서
2026-07-28T16:04:00,2026-07-28T07:04:00,337.5,0.7789,-0.2981,0.7196,북북서
2026-07-28T16:05:00,2026-07-28T07:05:00,337.5,0.7741,-0.2962,0.7152,북북서
2026-07-28T16:06:00,2026-07-28T07:06:00,337.5,0.7692,-0.2944,0.7106,북북서
2026-07-28T16:07:00,2026-07-28T07:07:00,337.5,0.7642,-0.2924,0.706,북북서
2026-07-28T16:08:00,2026-07-28T07:08:00,337.5,0.7591,-0.2905,0.7013,북북서
2026-07-28T16:09:00,2026-07-28T07:09:00,337.5,0.7539,-0.2885,0.6965,북북서
2026-07-28T16:10:00,2026-07-28T07:10:00,337.5,0.7487,-0.2865,0.6917,북북서
2026-07-28T16:11:00,2026-07-28T07:11:00,337.5,0.7434,-0.2845,0.6868,북북서
2026-07-28T16:12:00,2026-07-28T07:12:00,337.5,0.7379,-0.2824,0.6817,북북서
2026-07-28T16:13:00,2026-07-28T07:13:00,337.5,0.7324,-0.2803,0.6766,북북서
2026-07-28T16:14:00,2026-07-28T07:14:00,337.5,0.7269,-0.2782,0.6716,북북서
2026-07-28T16:15:00,2026-07-28T07:15:00,337.5,0.7212,-0.276,0.6663,북북서
2026-07-28T16:16:00,2026-07-28T07:16:00,337.5,0.7154,-0.2738,0.6609,북북서
2026-07-28T16:17:00,2026-07-28T07:17:00,337.5,0.7096,-0.2716,0.6556,북북서
2026-07-28T16:18:00,2026-07-28T07:18:00,337.5,0.7037,-0.2693,0.6501,북북서
2026-07-28T16:19:00,2026-07-28T07:19:00,337.5,0.6976,-0.267,0.6445,북북서
2026-07-28T16:20:00,2026-07-28T07:20:00,337.5,0.6915,-0.2646,0.6389,북북서
2026-07-28T16:21:00,2026-07-28T07:21:00,337.5,0.6853,-0.2623,0.6331,북북서
2026-07-28T16:22:00,2026-07-28T07:22:00,337.5,0.6791,-0.2599,0.6274,북북서
2026-07-28T16:23:00,2026-07-28T07:23:00,337.5,0.6727,-0.2574,0.6215,북북서
2026-07-28T16:24:00,2026-07-28T07:24:00,337.5,0.6663,-0.255,0.6156,북북서
2026-07-28T16:25:00,2026-07-28T07:25:00,337.5,0.6597,-0.2525,0.6095,북북서
2026-07-28T16:26:00,2026-07-28T07:26:00,337.5,0.6531,-0.2499,0.6034,북북서
2026-07-28T16:27:00,2026-07-28T07:27:00,337.5,0.6464,-0.2474,0.5972,북북서
2026-07-28T16:28:00,2026-07-28T07:28:00,337.5,0.6396,-0.2448,0.5909,북북서
2026-07-28T16:29:00,2026-07-28T07:29:00,337.5,0.6327,-0.2421,0.5845,북북서
2026-07-28T16:30:00,2026-07-28T07:30:00,337.5,0.6257,-0.2394,0.5781,북북서
2026-07-28T16:31:00,2026-07-28T07:31:00,337.5,0.6187,-0.2368,0.5716,북북서
2026-07-28T16:32:00,2026-07-28T07:32:00,337.5,0.6115,-0.234,0.565,북북서
2026-07-28T16:33:00,2026-07-28T07:33:00,337.5,0.6043,-0.2313,0.5583,북북서
2026-07-28T16:34:00,2026-07-28T07:34:00,337.5,0.597,-0.2285,0.5516,북북서
2026-07-28T16:35:00,2026-07-28T07:35:00,337.5,0.5896,-0.2256,0.5447,북북서
2026-07-28T16:36:00,2026-07-28T07:36:00,337.5,0.5821,-0.2228,0.5378,북북서
2026-07-28T16:37:00,2026-07-28T07:37:00,337.5,0.5745,-0.2199,0.5308,북북서
2026-07-28T16:38:00,2026-07-28T07:38:00,337.5,0.5669,-0.2169,0.5237,북북서
2026-07-28T16:39:00,2026-07-28T07:39:00,337.5,0.5591,-0.214,0.5165,북북서
2026-07-28T16:40:00,2026-07-28T07:40:00,337.5,0.5513,-0.211,0.5093,북북서
2026-07-28T16:41:00,2026-07-28T07:41:00,337.5,0.5434,-0.208,0.502,북북서
2026-07-28T16:42:00,2026-07-28T07:42:00,337.5,0.5354,-0.2049,0.4946,북북서
2026-07-28T16:43:00,2026-07-28T07:43:00,337.5,0.5273,-0.2018,0.4872,북북서
2026-07-28T16:44:00,2026-07-28T07:44:00,337.5,0.5192,-0.1987,0.4797,북북서
2026-07-28T16:45:00,2026-07-28T07:45:00,337.5,0.5109,-0.1955,0.472,북북서
2026-07-28T16:46:00,2026-07-28T07:46:00,337.5,0.5026,-0.1923,0.4643,북북서
2026-07-28T16:47:00,2026-07-28T07:47:00,337.5,0.4942,-0.1891,0.4566,북북서
2026-07-28T16:48:00,2026-07-28T07:48:00,337.5,0.4857,-0.1859,0.4487,북북서
2026-07-28T16:49:00,2026-07-28T07:49:00,337.5,0.4771,-0.1826,0.4408,북북서
2026-07-28T16:50:00,2026-07-28T07:50:00,337.5,0.4685,-0.1793,0.4328,북북서
2026-07-28T16:51:00,2026-07-28T07:51:00,337.5,0.4598,-0.176,0.4248,북북서
2026-07-28T16:52:00,2026-07-28T07:52:00,337.5,0.451,-0.1726,0.4167,북북서
2026-07-28T16:53:00,2026-07-28T07:53:00,337.5,0.4421,-0.1692,0.4084,북북서
2026-07-28T16:54:00,2026-07-28T07:54:00,337.5,0.4331,-0.1657,0.4001,북북서
2026-07-28T16:55:00,2026-07-28T07:55:00,337.5,0.4241,-0.1623,0.3918,북북서
2026-07-28T16:56:00,2026-07-28T07:56:00,337.5,0.415,-0.1588,0.3834,북북서
2026-07-28T16:57:00,2026-07-28T07:57:00,337.5,0.4058,-0.1553,0.3749,북북서
2026-07-28T16:58:00,2026-07-28T07:58:00,337.5,0.3966,-0.1518,0.3664,북북서
2026-07-28T16:59:00,2026-07-28T07:59:00,337.5,0.3873,-0.1482,0.3578,북북서
2026-07-28T17:00:00,2026-07-28T08:00:00,337.5,0.3779,-0.1446,0.3491,북북서
2026-07-28T17:01:00,2026-07-28T08:01:00,337.5,0.3684,-0.141,0.3404,북북서
2026-07-28T17:02:00,2026-07-28T08:02:00,337.5,0.3589,-0.1373,0.3316,북북서
2026-07-28T17:03:00,2026-07-28T08:03:00,337.5,0.3493,-0.1337,0.3227,북북서
2026-07-28T17:04:00,2026-07-28T08:04:00,337.5,0.3397,-0.13,0.3138,북북서
2026-07-28T17:05:00,2026-07-28T08:05:00,337.5,0.33,-0.1263,0.3049,북북서
2026-07-28T17:06:00,2026-07-28T08:06:00,337.5,0.3202,-0.1225,0.2958,북북서
2026-07-28T17:07:00,2026-07-28T08:07:00,337.5,0.3104,-0.1188,0.2868,북북서
2026-07-28T17:08:00,2026-07-28T08:08:00,337.5,0.3005,-0.115,0.2776,북북서
2026-07-28T17:09:00,2026-07-28T08:09:00,337.5,0.2906,-0.1112,0.2685,북북서
2026-07-28T17:10:00,2026-07-28T08:10:00,337.5,0.2806,-0.1074,0.2592,북북서
2026-07-28T17:11:00,2026-07-28T08:11:00,337.5,0.2706,-0.1036,0.25,북북서
2026-07-28T17:12:00,2026-07-28T08:12:00,337.5,0.2606,-0.0997,0.2408,북북서
2026-07-28T17:13:00,2026-07-28T08:13:00,337.5,0.2505,-0.0959,0.2314,북북서
2026-07-28T17:14:00,2026-07-28T08:14:00,337.5,0.2403,-0.092,0.222,북북서
2026-07-28T17:15:00,2026-07-28T08:15:00,337.5,0.2302,-0.0881,0.2127,북북서
2026-07-28T17:16:00,2026-07-28T08:16:00,315,0.22,-0.1556,0.1556,북서
2026-07-28T17:17:00,2026-07-28T08:17:00,315,0.2098,-0.1484,0.1484,북서
2026-07-28T17:18:00,2026-07-28T08:18:00,315,0.1997,-0.1412,0.1412,북서
2026-07-28T17:19:00,2026-07-28T08:19:00,315,0.1895,-0.134,0.134,북서
2026-07-28T17:20:00,2026-07-28T08:20:00,315,0.1793,-0.1268,0.1268,북서
2026-07-28T17:21:00,2026-07-28T08:21:00,315,0.1692,-0.1196,0.1196,북서
2026-07-28T17:22:00,2026-07-28T08:22:00,315,0.1592,-0.1126,0.1126,북서
2026-07-28T17:23:00,2026-07-28T08:23:00,315,0.1492,-0.1055,0.1055,북서
2026-07-28T17:24:00,2026-07-28T08:24:00,315,0.1394,-0.0986,0.0986,북서
2026-07-28T17:25:00,2026-07-28T08:25:00,315,0.1297,-0.0917,0.0917,북서
2026-07-28T17:26:00,2026-07-28T08:26:00,315,0.1203,-0.0851,0.0851,북서
2026-07-28T17:27:00,2026-07-28T08:27:00,315,0.1111,-0.0786,0.0786,북서
2026-07-28T17:28:00,2026-07-28T08:28:00,292.5,0.1023,-0.0945,0.0391,서북서
2026-07-28T17:29:00,2026-07-28T08:29:00,292.5,0.094,-0.0868,0.036,서북서
2026-07-28T17:30:00,2026-07-28T08:30:00,292.5,0.0864,-0.0798,0.0331,서북서
2026-07-28T17:31:00,2026-07-28T08:31:00,292.5,0.0797,-0.0736,0.0305,서북서
2026-07-28T17:32:00,2026-07-28T08:32:00,270,0.0741,-0.0741,-0.0,서
2026-07-28T17:33:00,2026-07-28T08:33:00,270,0.07,-0.07,-0.0,서
2026-07-28T17:34:00,2026-07-28T08:34:00,270,0.0676,-0.0676,-0.0,서
2026-07-28T17:35:00,2026-07-28T08:35:00,247.5,0.0672,-0.0621,-0.0257,서남서
2026-07-28T17:36:00,2026-07-28T08:36:00,247.5,0.0687,-0.0635,-0.0263,서남서
2026-07-28T17:37:00,2026-07-28T08:37:00,225,0.0721,-0.051,-0.051,남서
2026-07-28T17:38:00,2026-07-28T08:38:00,225,0.0772,-0.0546,-0.0546,남서
2026-07-28T17:39:00,2026-07-28T08:39:00,225,0.0837,-0.0592,-0.0592,남서
2026-07-28T17:40:00,2026-07-28T08:40:00,202.5,0.0912,-0.0349,-0.0843,남남서
2026-07-28T17:41:00,2026-07-28T08:41:00,202.5,0.0996,-0.0381,-0.092,남남서
2026-07-28T17:42:00,2026-07-28T08:42:00,202.5,0.1086,-0.0416,-0.1003,남남서
2026-07-28T17:43:00,2026-07-28T08:43:00,202.5,0.1182,-0.0452,-0.1092,남남서
2026-07-28T17:44:00,2026-07-28T08:44:00,202.5,0.1282,-0.0491,-0.1184,남남서
2026-07-28T17:45:00,2026-07-28T08:45:00,202.5,0.1385,-0.053,-0.128,남남서
2026-07-28T17:46:00,2026-07-28T08:46:00,180,0.149,0.0,-0.149,남
2026-07-28T17:47:00,2026-07-28T08:47:00,180,0.1598,0.0,-0.1598,남
2026-07-28T17:48:00,2026-07-28T08:48:00,180,0.1707,0.0,-0.1707,남
2026-07-28T17:49:00,2026-07-28T08:49:00,180,0.1818,0.0,-0.1818,남
2026-07-28T17:50:00,2026-07-28T08:50:00,180,0.193,0.0,-0.193,남
2026-07-28T17:51:00,2026-07-28T08:51:00,180,0.2043,0.0,-0.2043,남
2026-07-28T17:52:00,2026-07-28T08:52:00,180,0.2157,0.0,-0.2157,남
2026-07-28T17:53:00,2026-07-28T08:53:00,180,0.2272,0.0,-0.2272,남
2026-07-28T17:54:00,2026-07-28T08:54:00,180,0.2387,0.0,-0.2387,남
2026-07-28T17:55:00,2026-07-28T08:55:00,180,0.2503,0.0,-0.2503,남
2026-07-28T17:56:00,2026-07-28T08:56:00,180,0.262,0.0,-0.262,남
2026-07-28T17:57:00,2026-07-28T08:57:00,180,0.2736,0.0,-0.2736,남
2026-07-28T17:58:00,2026-07-28T08:58:00,180,0.2854,0.0,-0.2854,남
2026-07-28T17:59:00,2026-07-28T08:59:00,180,0.2971,0.0,-0.2971,남
2026-07-28T18:00:00,2026-07-28T09:00:00,180,0.3089,0.0,-0.3089,남
2026-07-28T18:01:00,2026-07-28T09:01:00,180,0.3207,0.0,-0.3207,남
2026-07-28T18:02:00,2026-07-28T09:02:00,180,0.3325,0.0,-0.3325,남
2026-07-28T18:03:00,2026-07-28T09:03:00,180,0.3443,0.0,-0.3443,남
2026-07-28T18:04:00,2026-07-28T09:04:00,180,0.3561,0.0,-0.3561,남
2026-07-28T18:05:00,2026-07-28T09:05:00,180,0.3679,0.0,-0.3679,남
2026-07-28T18:06:00,2026-07-28T09:06:00,180,0.3797,0.0,-0.3797,남
2026-07-28T18:07:00,2026-07-28T09:07:00,180,0.3916,0.0,-0.3916,남
2026-07-28T18:08:00,2026-07-28T09:08:00,180,0.4034,0.0,-0.4034,남
2026-07-28T18:09:00,2026-07-28T09:09:00,180,0.4152,0.0,-0.4152,남
2026-07-28T18:10:00,2026-07-28T09:10:00,180,0.427,0.0,-0.427,남
2026-07-28T18:11:00,2026-07-28T09:11:00,180,0.4388,0.0,-0.4388,남
2026-07-28T18:12:00,2026-07-28T09:12:00,180,0.4506,0.0,-0.4506,남
2026-07-28T18:13:00,2026-07-28T09:13:00,180,0.4623,0.0,-0.4623,남
2026-07-28T18:14:00,2026-07-28T09:14:00,180,0.4741,0.0,-0.4741,남
2026-07-28T18:15:00,2026-07-28T09:15:00,180,0.4858,0.0,-0.4858,남
2026-07-28T18:16:00,2026-07-28T09:16:00,180,0.4975,0.0,-0.4975,남
2026-07-28T18:17:00,2026-07-28T09:17:00,180,0.5092,0.0,-0.5092,남
2026-07-28T18:18:00,2026-07-28T09:18:00,180,0.5208,0.0,-0.5208,남
2026-07-28T18:19:00,2026-07-28T09:19:00,180,0.5324,0.0,-0.5324,남
2026-07-28T18:20:00,2026-07-28T09:20:00,180,0.544,0.0,-0.544,남
2026-07-28T18:21:00,2026-07-28T09:21:00,180,0.5556,0.0,-0.5556,남
2026-07-28T18:22:00,2026-07-28T09:22:00,180,0.5671,0.0,-0.5671,남
2026-07-28T18:23:00,2026-07-28T09:23:00,180,0.5786,0.0,-0.5786,남
2026-07-28T18:24:00,2026-07-28T09:24:00,180,0.5901,0.0,-0.5901,남
2026-07-28T18:25:00,2026-07-28T09:25:00,180,0.6015,0.0,-0.6015,남
2026-07-28T18:26:00,2026-07-28T09:26:00,180,0.6128,0.0,-0.6128,남
2026-07-28T18:27:00,2026-07-28T09:27:00,180,0.6242,0.0,-0.6242,남
2026-07-28T18:28:00,2026-07-28T09:28:00,180,0.6355,0.0,-0.6355,남
2026-07-28T18:29:00,2026-07-28T09:29:00,180,0.6467,0.0,-0.6467,남
2026-07-28T18:30:00,2026-07-28T09:30:00,180,0.6579,0.0,-0.6579,남
2026-07-28T18:31:00,2026-07-28T09:31:00,180,0.669,0.0,-0.669,남
2026-07-28T18:32:00,2026-07-28T09:32:00,180,0.6801,0.0,-0.6801,남
2026-07-28T18:33:00,2026-07-28T09:33:00,180,0.6912,0.0,-0.6912,남
2026-07-28T18:34:00,2026-07-28T09:34:00,180,0.7021,0.0,-0.7021,남
2026-07-28T18:35:00,2026-07-28T09:35:00,180,0.7131,0.0,-0.7131,남
2026-07-28T18:36:00,2026-07-28T09:36:00,180,0.7239,0.0,-0.7239,남
2026-07-28T18:37:00,2026-07-28T09:37:00,180,0.7348,0.0,-0.7348,남
2026-07-28T18:38:00,2026-07-28T09:38:00,180,0.7455,0.0,-0.7455,남
2026-07-28T18:39:00,2026-07-28T09:39:00,180,0.7562,0.0,-0.7562,남
2026-07-28T18:40:00,2026-07-28T09:40:00,180,0.7668,0.0,-0.7668,남
2026-07-28T18:41:00,2026-07-28T09:41:00,180,0.7774,0.0,-0.7774,남
2026-07-28T18:42:00,2026-07-28T09:42:00,180,0.7879,0.0,-0.7879,남
2026-07-28T18:43:00,2026-07-28T09:43:00,180,0.7984,0.0,-0.7984,남
2026-07-28T18:44:00,2026-07-28T09:44:00,180,0.8087,0.0,-0.8087,남
2026-07-28T18:45:00,2026-07-28T09:45:00,180,0.819,0.0,-0.819,남
2026-07-28T18:46:00,2026-07-28T09:46:00,180,0.8293,0.0,-0.8293,남
2026-07-28T18:47:00,2026-07-28T09:47:00,180,0.8394,0.0,-0.8394,남
2026-07-28T18:48:00,2026-07-28T09:48:00,180,0.8495,0.0,-0.8495,남
2026-07-28T18:49:00,2026-07-28T09:49:00,180,0.8596,0.0,-0.8596,남
2026-07-28T18:50:00,2026-07-28T09:50:00,180,0.8695,0.0,-0.8695,남
2026-07-28T18:51:00,2026-07-28T09:51:00,180,0.8794,0.0,-0.8794,남
2026-07-28T18:52:00,2026-07-28T09:52:00,180,0.8892,0.0,-0.8892,남
2026-07-28T18:53:00,2026-07-28T09:53:00,180,0.8989,0.0,-0.8989,남
2026-07-28T18:54:00,2026-07-28T09:54:00,180,0.9085,0.0,-0.9085,남
2026-07-28T18:55:00,2026-07-28T09:55:00,180,0.9181,0.0,-0.9181,남
2026-07-28T18:56:00,2026-07-28T09:56:00,180,0.9276,0.0,-0.9276,남
2026-07-28T18:57:00,2026-07-28T09:57:00,180,0.937,0.0,-0.937,남
2026-07-28T18:58:00,2026-07-28T09:58:00,180,0.9463,0.0,-0.9463,남
2026-07-28T18:59:00,2026-07-28T09:59:00,180,0.9555,0.0,-0.9555,남
2026-07-28T19:00:00,2026-07-28T10:00:00,180,0.9647,0.0,-0.9647,남
2026-07-28T19:01:00,2026-07-28T10:01:00,180,0.9737,0.0,-0.9737,남
2026-07-28T19:02:00,2026-07-28T10:02:00,180,0.9827,0.0,-0.9827,남
2026-07-28T19:03:00,2026-07-28T10:03:00,180,0.9916,0.0,-0.9916,남
2026-07-28T19:04:00,2026-07-28T10:04:00,180,1.0004,0.0,-1.0004,남
2026-07-28T19:05:00,2026-07-28T10:05:00,180,1.0091,0.0,-1.0091,남
2026-07-28T19:06:00,2026-07-28T10:06:00,180,1.0178,0.0,-1.0178,남
2026-07-28T19:07:00,2026-07-28T10:07:00,180,1.0263,0.0,-1.0263,남
2026-07-28T19:08:00,2026-07-28T10:08:00,180,1.0348,0.0,-1.0348,남
2026-07-28T19:09:00,2026-07-28T10:09:00,180,1.0431,0.0,-1.0431,남
2026-07-28T19:10:00,2026-07-28T10:10:00,180,1.0514,0.0,-1.0514,남
2026-07-28T19:11:00,2026-07-28T10:11:00,180,1.0596,0.0,-1.0596,남
2026-07-28T19:12:00,2026-07-28T10:12:00,180,1.0677,0.0,-1.0677,남
2026-07-28T19:13:00,2026-07-28T10:13:00,180,1.0757,0.0,-1.0757,남
2026-07-28T19:14:00,2026-07-28T10:14:00,180,1.0836,0.0,-1.0836,남
2026-07-28T19:15:00,2026-07-28T10:15:00,180,1.0915,0.0,-1.0915,남
2026-07-28T19:16:00,2026-07-28T10:16:00,180,1.0992,0.0,-1.0992,남
2026-07-28T19:17:00,2026-07-28T10:17:00,180,1.1068,0.0,-1.1068,남
2026-07-28T19:18:00,2026-07-28T10:18:00,180,1.1144,0.0,-1.1144,남
2026-07-28T19:19:00,2026-07-28T10:19:00,180,1.1218,0.0,-1.1218,남
2026-07-28T19:20:00,2026-07-28T10:20:00,180,1.1292,0.0,-1.1292,남
2026-07-28T19:21:00,2026-07-28T10:21:00,180,1.1364,0.0,-1.1364,남
2026-07-28T19:22:00,2026-07-28T10:22:00,180,1.1436,0.0,-1.1436,남
2026-07-28T19:23:00,2026-07-28T10:23:00,180,1.1507,0.0,-1.1507,남
2026-07-28T19:24:00,2026-07-28T10:24:00,180,1.1577,0.0,-1.1577,남
2026-07-28T19:25:00,2026-07-28T10:25:00,180,1.1645,0.0,-1.1645,남
2026-07-28T19:26:00,2026-07-28T10:26:00,180,1.1713,0.0,-1.1713,남
2026-07-28T19:27:00,2026-07-28T10:27:00,180,1.178,0.0,-1.178,남
2026-07-28T19:28:00,2026-07-28T10:28:00,180,1.1846,0.0,-1.1846,남
2026-07-28T19:29:00,2026-07-28T10:29:00,180,1.1911,0.0,-1.1911,남
2026-07-28T19:30:00,2026-07-28T10:30:00,180,1.1975,0.0,-1.1975,남
2026-07-28T19:31:00,2026-07-28T10:31:00,180,1.2039,0.0,-1.2039,남
2026-07-28T19:32:00,2026-07-28T10:32:00,180,1.2101,0.0,-1.2101,남
2026-07-28T19:33:00,2026-07-28T10:33:00,180,1.2162,0.0,-1.2162,남
2026-07-28T19:34:00,2026-07-28T10:34:00,180,1.2222,0.0,-1.2222,남
2026-07-28T19:35:00,2026-07-28T10:35:00,180,1.2282,0.0,-1.2282,남
2026-07-28T19:36:00,2026-07-28T10:36:00,180,1.234,0.0,-1.234,남
2026-07-28T19:37:00,2026-07-28T10:37:00,180,1.2398,0.0,-1.2398,남
2026-07-28T19:38:00,2026-07-28T10:38:00,180,1.2454,0.0,-1.2454,남
2026-07-28T19:39:00,2026-07-28T10:39:00,180,1.251,0.0,-1.251,남
2026-07-28T19:40:00,2026-07-28T10:40:00,180,1.2565,0.0,-1.2565,남
2026-07-28T19:41:00,2026-07-28T10:41:00,180,1.2618,0.0,-1.2618,남
2026-07-28T19:42:00,2026-07-28T10:42:00,180,1.2671,0.0,-1.2671,남
2026-07-28T19:43:00,2026-07-28T10:43:00,180,1.2723,0.0,-1.2723,남
2026-07-28T19:44:00,2026-07-28T10:44:00,180,1.2774,0.0,-1.2774,남
2026-07-28T19:45:00,2026-07-28T10:45:00,180,1.2824,0.0,-1.2824,남
2026-07-28T19:46:00,2026-07-28T10:46:00,180,1.2873,0.0,-1.2873,남
2026-07-28T19:47:00,2026-07-28T10:47:00,180,1.2921,0.0,-1.2921,남
2026-07-28T19:48:00,2026-07-28T10:48:00,180,1.2969,0.0,-1.2969,남
2026-07-28T19:49:00,2026-07-28T10:49:00,180,1.3015,0.0,-1.3015,남
2026-07-28T19:50:00,2026-07-28T10:50:00,180,1.3061,0.0,-1.3061,남
2026-07-28T19:51:00,2026-07-28T10:51:00,180,1.3105,0.0,-1.3105,남
2026-07-28T19:52:00,2026-07-28T10:52:00,180,1.3149,0.0,-1.3149,남
2026-07-28T19:53:00,2026-07-28T10:53:00,180,1.3192,0.0,-1.3192,남
2026-07-28T19:54:00,2026-07-28T10:54:00,180,1.3234,0.0,-1.3234,남
2026-07-28T19:55:00,2026-07-28T10:55:00,180,1.3275,0.0,-1.3275,남
2026-07-28T19:56:00,2026-07-28T10:56:00,180,1.3315,0.0,-1.3315,남
2026-07-28T19:57:00,2026-07-28T10:57:00,180,1.3354,0.0,-1.3354,남
2026-07-28T19:58:00,2026-07-28T10:58:00,180,1.3393,0.0,-1.3393,남
2026-07-28T19:59:00,2026-07-28T10:59:00,180,1.343,0.0,-1.343,남
2026-07-28T20:00:00,2026-07-28T11:00:00,180,1.3467,0.0,-1.3467,남
2026-07-28T20:01:00,2026-07-28T11:01:00,180,1.3503,0.0,-1.3503,남
2026-07-28T20:02:00,2026-07-28T11:02:00,180,1.3538,0.0,-1.3538,남
2026-07-28T20:03:00,2026-07-28T11:03:00,180,1.3572,0.0,-1.3572,남
2026-07-28T20:04:00,2026-07-28T11:04:00,180,1.3606,0.0,-1.3606,남
2026-07-28T20:05:00,2026-07-28T11:05:00,180,1.3638,0.0,-1.3638,남
2026-07-28T20:06:00,2026-07-28T11:06:00,180,1.367,0.0,-1.367,남
2026-07-28T20:07:00,2026-07-28T11:07:00,180,1.3701,0.0,-1.3701,남
2026-07-28T20:08:00,2026-07-28T11:08:00,180,1.3731,0.0,-1.3731,남
2026-07-28T20:09:00,2026-07-28T11:09:00,180,1.376,0.0,-1.376,남
2026-07-28T20:10:00,2026-07-28T11:10:00,180,1.3789,0.0,-1.3789,남
2026-07-28T20:11:00,2026-07-28T11:11:00,180,1.3816,0.0,-1.3816,남
2026-07-28T20:12:00,2026-07-28T11:12:00,180,1.3843,0.0,-1.3843,남
2026-07-28T20:13:00,2026-07-28T11:13:00,180,1.387,0.0,-1.387,남
2026-07-28T20:14:00,2026-07-28T11:14:00,180,1.3895,0.0,-1.3895,남
2026-07-28T20:15:00,2026-07-28T11:15:00,180,1.392,0.0,-1.392,남
2026-07-28T20:16:00,2026-07-28T11:16:00,180,1.3944,0.0,-1.3944,남
2026-07-28T20:17:00,2026-07-28T11:17:00,180,1.3967,0.0,-1.3967,남
2026-07-28T20:18:00,2026-07-28T11:18:00,180,1.3989,0.0,-1.3989,남
2026-07-28T20:19:00,2026-07-28T11:19:00,180,1.4011,0.0,-1.4011,남
2026-07-28T20:20:00,2026-07-28T11:20:00,180,1.4032,0.0,-1.4032,남
2026-07-28T20:21:00,2026-07-28T11:21:00,180,1.4052,0.0,-1.4052,남
2026-07-28T20:22:00,2026-07-28T11:22:00,180,1.4071,0.0,-1.4071,남
2026-07-28T20:23:00,2026-07-28T11:23:00,180,1.409,0.0,-1.409,남
2026-07-28T20:24:00,2026-07-28T11:24:00,180,1.4108,0.0,-1.4108,남
2026-07-28T20:25:00,2026-07-28T11:25:00,180,1.4125,0.0,-1.4125,남
2026-07-28T20:26:00,2026-07-28T11:26:00,180,1.4142,0.0,-1.4142,남
2026-07-28T20:27:00,2026-07-28T11:27:00,180,1.4158,0.0,-1.4158,남
2026-07-28T20:28:00,2026-07-28T11:28:00,180,1.4173,0.0,-1.4173,남
2026-07-28T20:29:00,2026-07-28T11:29:00,180,1.4188,0.0,-1.4188,남
2026-07-28T20:30:00,2026-07-28T11:30:00,180,1.4202,0.0,-1.4202,남
2026-07-28T20:31:00,2026-07-28T11:31:00,180,1.4215,0.0,-1.4215,남
2026-07-28T20:32:00,2026-07-28T11:32:00,180,1.4228,0.0,-1.4228,남
2026-07-28T20:33:00,2026-07-28T11:33:00,180,1.424,0.0,-1.424,남
2026-07-28T20:34:00,2026-07-28T11:34:00,180,1.4251,0.0,-1.4251,남
2026-07-28T20:35:00,2026-07-28T11:35:00,180,1.4262,0.0,-1.4262,남
2026-07-28T20:36:00,2026-07-28T11:36:00,180,1.4272,0.0,-1.4272,남
2026-07-28T20:37:00,2026-07-28T11:37:00,180,1.4281,0.0,-1.4281,남
2026-07-28T20:38:00,2026-07-28T11:38:00,180,1.429,0.0,-1.429,남
2026-07-28T20:39:00,2026-07-28T11:39:00,180,1.4298,0.0,-1.4298,남
2026-07-28T20:40:00,2026-07-28T11:40:00,180,1.4306,0.0,-1.4306,남
2026-07-28T20:41:00,2026-07-28T11:41:00,180,1.4312,0.0,-1.4312,남
2026-07-28T20:42:00,2026-07-28T11:42:00,180,1.4319,0.0,-1.4319,남
2026-07-28T20:43:00,2026-07-28T11:43:00,180,1.4324,0.0,-1.4324,남
2026-07-28T20:44:00,2026-07-28T11:44:00,180,1.433,0.0,-1.433,남
2026-07-28T20:45:00,2026-07-28T11:45:00,180,1.4334,0.0,-1.4334,남
2026-07-28T20:46:00,2026-07-28T11:46:00,180,1.4338,0.0,-1.4338,남
2026-07-28T20:47:00,2026-07-28T11:47:00,180,1.4341,0.0,-1.4341,남
2026-07-28T20:48:00,2026-07-28T11:48:00,180,1.4344,0.0,-1.4344,남
2026-07-28T20:49:00,2026-07-28T11:49:00,180,1.4346,0.0,-1.4346,남
2026-07-28T20:50:00,2026-07-28T11:50:00,180,1.4348,0.0,-1.4348,남
2026-07-28T20:51:00,2026-07-28T11:51:00,180,1.4349,0.0,-1.4349,남
2026-07-28T20:52:00,2026-07-28T11:52:00,180,1.4349,0.0,-1.4349,남
2026-07-28T20:53:00,2026-07-28T11:53:00,180,1.4349,0.0,-1.4349,남
2026-07-28T20:54:00,2026-07-28T11:54:00,180,1.4349,0.0,-1.4349,남
2026-07-28T20:55:00,2026-07-28T11:55:00,180,1.4347,0.0,-1.4347,남
2026-07-28T20:56:00,2026-07-28T11:56:00,180,1.4346,0.0,-1.4346,남
2026-07-28T20:57:00,2026-07-28T11:57:00,180,1.4343,0.0,-1.4343,남
2026-07-28T20:58:00,2026-07-28T11:58:00,180,1.434,0.0,-1.434,남
2026-07-28T20:59:00,2026-07-28T11:59:00,180,1.4337,0.0,-1.4337,남
2026-07-28T21:00:00,2026-07-28T12:00:00,180,1.4333,0.0,-1.4333,남
2026-07-28T21:01:00,2026-07-28T12:01:00,180,1.4329,0.0,-1.4329,남
2026-07-28T21:02:00,2026-07-28T12:02:00,180,1.4324,0.0,-1.4324,남
2026-07-28T21:03:00,2026-07-28T12:03:00,180,1.4318,0.0,-1.4318,남
2026-07-28T21:04:00,2026-07-28T12:04:00,180,1.4312,0.0,-1.4312,남
2026-07-28T21:05:00,2026-07-28T12:05:00,180,1.4305,0.0,-1.4305,남
2026-07-28T21:06:00,2026-07-28T12:06:00,180,1.4298,0.0,-1.4298,남
2026-07-28T21:07:00,2026-07-28T12:07:00,180,1.429,0.0,-1.429,남
2026-07-28T21:08:00,2026-07-28T12:08:00,180,1.4282,0.0,-1.4282,남
2026-07-28T21:09:00,2026-07-28T12:09:00,180,1.4273,0.0,-1.4273,남
2026-07-28T21:10:00,2026-07-28T12:10:00,180,1.4264,0.0,-1.4264,남
2026-07-28T21:11:00,2026-07-28T12:11:00,180,1.4254,0.0,-1.4254,남
2026-07-28T21:12:00,2026-07-28T12:12:00,180,1.4243,0.0,-1.4243,남
2026-07-28T21:13:00,2026-07-28T12:13:00,180,1.4233,0.0,-1.4233,남
2026-07-28T21:14:00,2026-07-28T12:14:00,180,1.4221,0.0,-1.4221,남
2026-07-28T21:15:00,2026-07-28T12:15:00,180,1.4209,0.0,-1.4209,남
2026-07-28T21:16:00,2026-07-28T12:16:00,180,1.4196,0.0,-1.4196,남
2026-07-28T21:17:00,2026-07-28T12:17:00,180,1.4183,0.0,-1.4183,남
2026-07-28T21:18:00,2026-07-28T12:18:00,180,1.417,0.0,-1.417,남
2026-07-28T21:19:00,2026-07-28T12:19:00,180,1.4156,0.0,-1.4156,남
2026-07-28T21:20:00,2026-07-28T12:20:00,180,1.4141,0.0,-1.4141,남
2026-07-28T21:21:00,2026-07-28T12:21:00,180,1.4126,0.0,-1.4126,남
2026-07-28T21:22:00,2026-07-28T12:22:00,180,1.411,0.0,-1.411,남
2026-07-28T21:23:00,2026-07-28T12:23:00,180,1.4093,0.0,-1.4093,남
2026-07-28T21:24:00,2026-07-28T12:24:00,180,1.4077,0.0,-1.4077,남
2026-07-28T21:25:00,2026-07-28T12:25:00,180,1.4059,0.0,-1.4059,남
2026-07-28T21:26:00,2026-07-28T12:26:00,180,1.4041,0.0,-1.4041,남
2026-07-28T21:27:00,2026-07-28T12:27:00,180,1.4023,0.0,-1.4023,남
2026-07-28T21:28:00,2026-07-28T12:28:00,180,1.4003,0.0,-1.4003,남
2026-07-28T21:29:00,2026-07-28T12:29:00,180,1.3984,0.0,-1.3984,남
2026-07-28T21:30:00,2026-07-28T12:30:00,180,1.3964,0.0,-1.3964,남
2026-07-28T21:31:00,2026-07-28T12:31:00,180,1.3943,0.0,-1.3943,남
2026-07-28T21:32:00,2026-07-28T12:32:00,180,1.3921,0.0,-1.3921,남
2026-07-28T21:33:00,2026-07-28T12:33:00,180,1.3899,0.0,-1.3899,남
2026-07-28T21:34:00,2026-07-28T12:34:00,180,1.3877,0.0,-1.3877,남
2026-07-28T21:35:00,2026-07-28T12:35:00,180,1.3854,0.0,-1.3854,남
2026-07-28T21:36:00,2026-07-28T12:36:00,180,1.383,0.0,-1.383,남
2026-07-28T21:37:00,2026-07-28T12:37:00,180,1.3806,0.0,-1.3806,남
2026-07-28T21:38:00,2026-07-28T12:38:00,180,1.3781,0.0,-1.3781,남
2026-07-28T21:39:00,2026-07-28T12:39:00,180,1.3756,0.0,-1.3756,남
2026-07-28T21:40:00,2026-07-28T12:40:00,180,1.3729,0.0,-1.3729,남
2026-07-28T21:41:00,2026-07-28T12:41:00,180,1.3703,0.0,-1.3703,남
2026-07-28T21:42:00,2026-07-28T12:42:00,180,1.3676,0.0,-1.3676,남
2026-07-28T21:43:00,2026-07-28T12:43:00,180,1.3648,0.0,-1.3648,남
2026-07-28T21:44:00,2026-07-28T12:44:00,180,1.3619,0.0,-1.3619,남
2026-07-28T21:45:00,2026-07-28T12:45:00,180,1.359,0.0,-1.359,남
2026-07-28T21:46:00,2026-07-28T12:46:00,180,1.356,0.0,-1.356,남
2026-07-28T21:47:00,2026-07-28T12:47:00,180,1.353,0.0,-1.353,남
2026-07-28T21:48:00,2026-07-28T12:48:00,180,1.3499,0.0,-1.3499,남
2026-07-28T21:49:00,2026-07-28T12:49:00,180,1.3467,0.0,-1.3467,남
2026-07-28T21:50:00,2026-07-28T12:50:00,180,1.3435,0.0,-1.3435,남
2026-07-28T21:51:00,2026-07-28T12:51:00,180,1.3402,0.0,-1.3402,남
2026-07-28T21:52:00,2026-07-28T12:52:00,180,1.3368,0.0,-1.3368,남
2026-07-28T21:53:00,2026-07-28T12:53:00,180,1.3334,0.0,-1.3334,남
2026-07-28T21:54:00,2026-07-28T12:54:00,180,1.3299,0.0,-1.3299,남
2026-07-28T21:55:00,2026-07-28T12:55:00,180,1.3263,0.0,-1.3263,남
2026-07-28T21:56:00,2026-07-28T12:56:00,180,1.3227,0.0,-1.3227,남
2026-07-28T21:57:00,2026-07-28T12:57:00,180,1.319,0.0,-1.319,남
2026-07-28T21:58:00,2026-07-28T12:58:00,180,1.3152,0.0,-1.3152,남
2026-07-28T21:59:00,2026-07-28T12:59:00,180,1.3114,0.0,-1.3114,남
2026-07-28T22:00:00,2026-07-28T13:00:00,180,1.3075,0.0,-1.3075,남
2026-07-28T22:01:00,2026-07-28T13:01:00,180,1.3035,0.0,-1.3035,남
2026-07-28T22:02:00,2026-07-28T13:02:00,180,1.2995,0.0,-1.2995,남
2026-07-28T22:03:00,2026-07-28T13:03:00,180,1.2953,0.0,-1.2953,남
2026-07-28T22:04:00,2026-07-28T13:04:00,180,1.2911,0.0,-1.2911,남
2026-07-28T22:05:00,2026-07-28T13:05:00,180,1.2869,0.0,-1.2869,남
2026-07-28T22:06:00,2026-07-28T13:06:00,180,1.2825,0.0,-1.2825,남
2026-07-28T22:07:00,2026-07-28T13:07:00,180,1.2781,0.0,-1.2781,남
2026-07-28T22:08:00,2026-07-28T13:08:00,180,1.2736,0.0,-1.2736,남
2026-07-28T22:09:00,2026-07-28T13:09:00,180,1.2691,0.0,-1.2691,남
2026-07-28T22:10:00,2026-07-28T13:10:00,180,1.2644,0.0,-1.2644,남
2026-07-28T22:11:00,2026-07-28T13:11:00,180,1.2597,0.0,-1.2597,남
2026-07-28T22:12:00,2026-07-28T13:12:00,180,1.2549,0.0,-1.2549,남
2026-07-28T22:13:00,2026-07-28T13:13:00,180,1.25,0.0,-1.25,남
2026-07-28T22:14:00,2026-07-28T13:14:00,180,1.2451,0.0,-1.2451,남
2026-07-28T22:15:00,2026-07-28T13:15:00,180,1.2401,0.0,-1.2401,남
2026-07-28T22:16:00,2026-07-28T13:16:00,180,1.235,0.0,-1.235,남
2026-07-28T22:17:00,2026-07-28T13:17:00,180,1.2298,0.0,-1.2298,남
2026-07-28T22:18:00,2026-07-28T13:18:00,180,1.2245,0.0,-1.2245,남
2026-07-28T22:19:00,2026-07-28T13:19:00,180,1.2192,0.0,-1.2192,남
2026-07-28T22:20:00,2026-07-28T13:20:00,180,1.2138,0.0,-1.2138,남
2026-07-28T22:21:00,2026-07-28T13:21:00,180,1.2083,0.0,-1.2083,남
2026-07-28T22:22:00,2026-07-28T13:22:00,180,1.2027,0.0,-1.2027,남
2026-07-28T22:23:00,2026-07-28T13:23:00,180,1.197,0.0,-1.197,남
2026-07-28T22:24:00,2026-07-28T13:24:00,180,1.1913,0.0,-1.1913,남
2026-07-28T22:25:00,2026-07-28T13:25:00,180,1.1854,0.0,-1.1854,남
2026-07-28T22:26:00,2026-07-28T13:26:00,180,1.1795,0.0,-1.1795,남
2026-07-28T22:27:00,2026-07-28T13:27:00,180,1.1735,0.0,-1.1735,남
2026-07-28T22:28:00,2026-07-28T13:28:00,180,1.1674,0.0,-1.1674,남
2026-07-28T22:29:00,2026-07-28T13:29:00,180,1.1613,0.0,-1.1613,남
2026-07-28T22:30:00,2026-07-28T13:30:00,180,1.155,0.0,-1.155,남
2026-07-28T22:31:00,2026-07-28T13:31:00,180,1.1487,0.0,-1.1487,남
2026-07-28T22:32:00,2026-07-28T13:32:00,180,1.1423,0.0,-1.1423,남
2026-07-28T22:33:00,2026-07-28T13:33:00,180,1.1358,0.0,-1.1358,남
2026-07-28T22:34:00,2026-07-28T13:34:00,180,1.1292,0.0,-1.1292,남
2026-07-28T22:35:00,2026-07-28T13:35:00,180,1.1225,0.0,-1.1225,남
2026-07-28T22:36:00,2026-07-28T13:36:00,180,1.1158,0.0,-1.1158,남
2026-07-28T22:37:00,2026-07-28T13:37:00,180,1.1089,0.0,-1.1089,남
2026-07-28T22:38:00,2026-07-28T13:38:00,180,1.102,0.0,-1.102,남
2026-07-28T22:39:00,2026-07-28T13:39:00,180,1.095,0.0,-1.095,남
2026-07-28T22:40:00,2026-07-28T13:40:00,180,1.0879,0.0,-1.0879,남
2026-07-28T22:41:00,2026-07-28T13:41:00,180,1.0807,0.0,-1.0807,남
2026-07-28T22:42:00,2026-07-28T13:42:00,180,1.0734,0.0,-1.0734,남
2026-07-28T22:43:00,2026-07-28T13:43:00,180,1.0661,0.0,-1.0661,남
2026-07-28T22:44:00,2026-07-28T13:44:00,180,1.0586,0.0,-1.0586,남
2026-07-28T22:45:00,2026-07-28T13:45:00,180,1.0511,0.0,-1.0511,남
2026-07-28T22:46:00,2026-07-28T13:46:00,180,1.0435,0.0,-1.0435,남
2026-07-28T22:47:00,2026-07-28T13:47:00,180,1.0358,0.0,-1.0358,남
2026-07-28T22:48:00,2026-07-28T13:48:00,180,1.028,0.0,-1.028,남
2026-07-28T22:49:00,2026-07-28T13:49:00,180,1.0201,0.0,-1.0201,남
2026-07-28T22:50:00,2026-07-28T13:50:00,180,1.0121,0.0,-1.0121,남
2026-07-28T22:51:00,2026-07-28T13:51:00,180,1.0041,0.0,-1.0041,남
2026-07-28T22:52:00,2026-07-28T13:52:00,180,0.9959,0.0,-0.9959,남
2026-07-28T22:53:00,2026-07-28T13:53:00,180,0.9877,0.0,-0.9877,남
2026-07-28T22:54:00,2026-07-28T13:54:00,180,0.9794,0.0,-0.9794,남
2026-07-28T22:55:00,2026-07-28T13:55:00,180,0.971,0.0,-0.971,남
2026-07-28T22:56:00,2026-07-28T13:56:00,180,0.9625,0.0,-0.9625,남
2026-07-28T22:57:00,2026-07-28T13:57:00,180,0.954,0.0,-0.954,남
2026-07-28T22:58:00,2026-07-28T13:58:00,180,0.9453,0.0,-0.9453,남
2026-07-28T22:59:00,2026-07-28T13:59:00,180,0.9366,0.0,-0.9366,남
2026-07-28T23:00:00,2026-07-28T14:00:00,180,0.9278,0.0,-0.9278,남
2026-07-28T23:01:00,2026-07-28T14:01:00,180,0.9189,0.0,-0.9189,남
2026-07-28T23:02:00,2026-07-28T14:02:00,180,0.9099,0.0,-0.9099,남
2026-07-28T23:03:00,2026-07-28T14:03:00,180,0.9009,0.0,-0.9009,남
2026-07-28T23:04:00,2026-07-28T14:04:00,180,0.8917,0.0,-0.8917,남
2026-07-28T23:05:00,2026-07-28T14:05:00,180,0.8825,0.0,-0.8825,남
2026-07-28T23:06:00,2026-07-28T14:06:00,180,0.8732,0.0,-0.8732,남
2026-07-28T23:07:00,2026-07-28T14:07:00,180,0.8638,0.0,-0.8638,남
2026-07-28T23:08:00,2026-07-28T14:08:00,180,0.8543,0.0,-0.8543,남
2026-07-28T23:09:00,2026-07-28T14:09:00,180,0.8448,0.0,-0.8448,남
2026-07-28T23:10:00,2026-07-28T14:10:00,180,0.8352,0.0,-0.8352,남
2026-07-28T23:11:00,2026-07-28T14:11:00,180,0.8255,0.0,-0.8255,남
2026-07-28T23:12:00,2026-07-28T14:12:00,180,0.8157,0.0,-0.8157,남
2026-07-28T23:13:00,2026-07-28T14:13:00,180,0.8059,0.0,-0.8059,남
2026-07-28T23:14:00,2026-07-28T14:14:00,180,0.7959,0.0,-0.7959,남
2026-07-28T23:15:00,2026-07-28T14:15:00,180,0.7859,0.0,-0.7859,남
2026-07-28T23:16:00,2026-07-28T14:16:00,180,0.7758,0.0,-0.7758,남
2026-07-28T23:17:00,2026-07-28T14:17:00,180,0.7657,0.0,-0.7657,남
2026-07-28T23:18:00,2026-07-28T14:18:00,180,0.7555,0.0,-0.7555,남
2026-07-28T23:19:00,2026-07-28T14:19:00,180,0.7452,0.0,-0.7452,남
2026-07-28T23:20:00,2026-07-28T14:20:00,180,0.7348,0.0,-0.7348,남
2026-07-28T23:21:00,2026-07-28T14:21:00,180,0.7244,0.0,-0.7244,남
2026-07-28T23:22:00,2026-07-28T14:22:00,180,0.7139,0.0,-0.7139,남
2026-07-28T23:23:00,2026-07-28T14:23:00,180,0.7033,0.0,-0.7033,남
2026-07-28T23:24:00,2026-07-28T14:24:00,180,0.6927,0.0,-0.6927,남
2026-07-28T23:25:00,2026-07-28T14:25:00,180,0.682,0.0,-0.682,남
2026-07-28T23:26:00,2026-07-28T14:26:00,180,0.6713,0.0,-0.6713,남
2026-07-28T23:27:00,2026-07-28T14:27:00,180,0.6604,0.0,-0.6604,남
2026-07-28T23:28:00,2026-07-28T14:28:00,180,0.6496,0.0,-0.6496,남
2026-07-28T23:29:00,2026-07-28T14:29:00,180,0.6386,0.0,-0.6386,남
2026-07-28T23:30:00,2026-07-28T14:30:00,180,0.6276,0.0,-0.6276,남
2026-07-28T23:31:00,2026-07-28T14:31:00,180,0.6165,0.0,-0.6165,남
2026-07-28T23:32:00,2026-07-28T14:32:00,180,0.6054,0.0,-0.6054,남
2026-07-28T23:33:00,2026-07-28T14:33:00,180,0.5943,0.0,-0.5943,남
2026-07-28T23:34:00,2026-07-28T14:34:00,180,0.583,0.0,-0.583,남
2026-07-28T23:35:00,2026-07-28T14:35:00,180,0.5718,0.0,-0.5718,남
2026-07-28T23:36:00,2026-07-28T14:36:00,180,0.5604,0.0,-0.5604,남
2026-07-28T23:37:00,2026-07-28T14:37:00,180,0.5491,0.0,-0.5491,남
2026-07-28T23:38:00,2026-07-28T14:38:00,180,0.5376,0.0,-0.5376,남
2026-07-28T23:39:00,2026-07-28T14:39:00,180,0.5262,0.0,-0.5262,남
2026-07-28T23:40:00,2026-07-28T14:40:00,180,0.5146,0.0,-0.5146,남
2026-07-28T23:41:00,2026-07-28T14:41:00,180,0.5031,0.0,-0.5031,남
2026-07-28T23:42:00,2026-07-28T14:42:00,180,0.4915,0.0,-0.4915,남
2026-07-28T23:43:00,2026-07-28T14:43:00,180,0.4798,0.0,-0.4798,남
2026-07-28T23:44:00,2026-07-28T14:44:00,180,0.4682,0.0,-0.4682,남
2026-07-28T23:45:00,2026-07-28T14:45:00,180,0.4564,0.0,-0.4564,남
2026-07-28T23:46:00,2026-07-28T14:46:00,180,0.4447,0.0,-0.4447,남
2026-07-28T23:47:00,2026-07-28T14:47:00,180,0.4329,0.0,-0.4329,남
2026-07-28T23:48:00,2026-07-28T14:48:00,180,0.4211,0.0,-0.4211,남
2026-07-28T23:49:00,2026-07-28T14:49:00,180,0.4093,0.0,-0.4093,남
2026-07-28T23:50:00,2026-07-28T14:50:00,180,0.3974,0.0,-0.3974,남
2026-07-28T23:51:00,2026-07-28T14:51:00,180,0.3855,0.0,-0.3855,남
2026-07-28T23:52:00,2026-07-28T14:52:00,180,0.3736,0.0,-0.3736,남
2026-07-28T23:53:00,2026-07-28T14:53:00,180,0.3616,0.0,-0.3616,남
2026-07-28T23:54:00,2026-07-28T14:54:00,180,0.3497,0.0,-0.3497,남
2026-07-28T23:55:00,2026-07-28T14:55:00,180,0.3377,0.0,-0.3377,남
2026-07-28T23:56:00,2026-07-28T14:56:00,180,0.3257,0.0,-0.3257,남
2026-07-28T23:57:00,2026-07-28T14:57:00,180,0.3137,0.0,-0.3137,남
2026-07-28T23:58:00,2026-07-28T14:58:00,180,0.3017,0.0,-0.3017,남
2026-07-28T23:59:00,2026-07-28T14:59:00,180,0.2896,0.0,-0.2896,남
2026-07-29T00:00:00,2026-07-28T15:00:00,180,0.2776,0.0,-0.2776,남
2026-07-29T00:01:00,2026-07-28T15:01:00,180,0.2655,0.0,-0.2655,남
2026-07-29T00:02:00,2026-07-28T15:02:00,180,0.2535,0.0,-0.2535,남
2026-07-29T00:03:00,2026-07-28T15:03:00,180,0.2415,0.0,-0.2415,남
2026-07-29T00:04:00,2026-07-28T15:04:00,180,0.2295,0.0,-0.2295,남
2026-07-29T00:05:00,2026-07-28T15:05:00,180,0.2175,0.0,-0.2175,남
2026-07-29T00:06:00,2026-07-28T15:06:00,180,0.2055,0.0,-0.2055,남
2026-07-29T00:07:00,2026-07-28T15:07:00,180,0.1936,0.0,-0.1936,남
2026-07-29T00:08:00,2026-07-28T15:08:00,180,0.1817,0.0,-0.1817,남
2026-07-29T00:09:00,2026-07-28T15:09:00,180,0.1699,0.0,-0.1699,남
2026-07-29T00:10:00,2026-07-28T15:10:00,180,0.1581,0.0,-0.1581,남
2026-07-29T00:11:00,2026-07-28T15:11:00,180,0.1464,0.0,-0.1464,남
2026-07-29T00:12:00,2026-07-28T15:12:00,180,0.1347,0.0,-0.1347,남
2026-07-29T00:13:00,2026-07-28T15:13:00,180,0.1233,0.0,-0.1233,남
2026-07-29T00:14:00,2026-07-28T15:14:00,180,0.1119,0.0,-0.1119,남
2026-07-29T00:15:00,2026-07-28T15:15:00,202.5,0.1008,-0.0386,-0.0931,남남서
2026-07-29T00:16:00,2026-07-28T15:16:00,202.5,0.0899,-0.0344,-0.0831,남남서
2026-07-29T00:17:00,2026-07-28T15:17:00,202.5,0.0795,-0.0304,-0.0734,남남서
2026-07-29T00:18:00,2026-07-28T15:18:00,202.5,0.0696,-0.0266,-0.0643,남남서
2026-07-29T00:19:00,2026-07-28T15:19:00,202.5,0.0605,-0.0232,-0.0559,남남서
2026-07-29T00:20:00,2026-07-28T15:20:00,225,0.0528,-0.0373,-0.0373,남서
2026-07-29T00:21:00,2026-07-28T15:21:00,225,0.0468,-0.0331,-0.0331,남서
2026-07-29T00:22:00,2026-07-28T15:22:00,247.5,0.0435,-0.0402,-0.0166,서남서
2026-07-29T00:23:00,2026-07-28T15:23:00,270,0.0434,-0.0434,-0.0,서
2026-07-29T00:24:00,2026-07-28T15:24:00,270,0.0465,-0.0465,-0.0,서
2026-07-29T00:25:00,2026-07-28T15:25:00,292.5,0.0522,-0.0482,0.02,서북서
2026-07-29T00:26:00,2026-07-28T15:26:00,292.5,0.0598,-0.0552,0.0229,서북서
2026-07-29T00:27:00,2026-07-28T15:27:00,315,0.0686,-0.0485,0.0485,북서
2026-07-29T00:28:00,2026-07-28T15:28:00,315,0.0782,-0.0553,0.0553,북서
2026-07-29T00:29:00,2026-07-28T15:29:00,315,0.0883,-0.0624,0.0624,북서
2026-07-29T00:30:00,2026-07-28T15:30:00,315,0.0988,-0.0699,0.0699,북서
2026-07-29T00:31:00,2026-07-28T15:31:00,315,0.1095,-0.0774,0.0774,북서
2026-07-29T00:32:00,2026-07-28T15:32:00,337.5,0.1203,-0.046,0.1111,북북서
2026-07-29T00:33:00,2026-07-28T15:33:00,337.5,0.1313,-0.0502,0.1213,북북서
2026-07-29T00:34:00,2026-07-28T15:34:00,337.5,0.1423,-0.0545,0.1315,북북서
2026-07-29T00:35:00,2026-07-28T15:35:00,337.5,0.1534,-0.0587,0.1417,북북서
2026-07-29T00:36:00,2026-07-28T15:36:00,337.5,0.1645,-0.063,0.152,북북서
2026-07-29T00:37:00,2026-07-28T15:37:00,337.5,0.1756,-0.0672,0.1622,북북서
2026-07-29T00:38:00,2026-07-28T15:38:00,337.5,0.1867,-0.0714,0.1725,북북서
2026-07-29T00:39:00,2026-07-28T15:39:00,337.5,0.1977,-0.0757,0.1827,북북서
2026-07-29T00:40:00,2026-07-28T15:40:00,337.5,0.2088,-0.0799,0.1929,북북서
2026-07-29T00:41:00,2026-07-28T15:41:00,337.5,0.2198,-0.0841,0.2031,북북서
2026-07-29T00:42:00,2026-07-28T15:42:00,337.5,0.2308,-0.0883,0.2132,북북서
2026-07-29T00:43:00,2026-07-28T15:43:00,337.5,0.2418,-0.0925,0.2234,북북서
2026-07-29T00:44:00,2026-07-28T15:44:00,337.5,0.2527,-0.0967,0.2335,북북서
2026-07-29T00:45:00,2026-07-28T15:45:00,337.5,0.2636,-0.1009,0.2435,북북서
2026-07-29T00:46:00,2026-07-28T15:46:00,337.5,0.2744,-0.105,0.2535,북북서
2026-07-29T00:47:00,2026-07-28T15:47:00,337.5,0.2852,-0.1091,0.2635,북북서
2026-07-29T00:48:00,2026-07-28T15:48:00,337.5,0.2959,-0.1132,0.2734,북북서
2026-07-29T00:49:00,2026-07-28T15:49:00,337.5,0.3066,-0.1173,0.2833,북북서
2026-07-29T00:50:00,2026-07-28T15:50:00,337.5,0.3172,-0.1214,0.2931,북북서
2026-07-29T00:51:00,2026-07-28T15:51:00,337.5,0.3277,-0.1254,0.3028,북북서
2026-07-29T00:52:00,2026-07-28T15:52:00,337.5,0.3382,-0.1294,0.3125,북북서
2026-07-29T00:53:00,2026-07-28T15:53:00,337.5,0.3486,-0.1334,0.3221,북북서
2026-07-29T00:54:00,2026-07-28T15:54:00,337.5,0.3589,-0.1373,0.3316,북북서
2026-07-29T00:55:00,2026-07-28T15:55:00,337.5,0.3692,-0.1413,0.3411,북북서
2026-07-29T00:56:00,2026-07-28T15:56:00,337.5,0.3794,-0.1452,0.3505,북북서
2026-07-29T00:57:00,2026-07-28T15:57:00,337.5,0.3895,-0.1491,0.3599,북북서
2026-07-29T00:58:00,2026-07-28T15:58:00,337.5,0.3995,-0.1529,0.3691,북북서
2026-07-29T00:59:00,2026-07-28T15:59:00,337.5,0.4095,-0.1567,0.3783,북북서
2026-07-29T01:00:00,2026-07-28T16:00:00,337.5,0.4194,-0.1605,0.3875,북북서
2026-07-29T01:01:00,2026-07-28T16:01:00,337.5,0.4292,-0.1642,0.3965,북북서
2026-07-29T01:02:00,2026-07-28T16:02:00,337.5,0.439,-0.168,0.4056,북북서
2026-07-29T01:03:00,2026-07-28T16:03:00,337.5,0.4486,-0.1717,0.4145,북북서
2026-07-29T01:04:00,2026-07-28T16:04:00,337.5,0.4582,-0.1753,0.4233,북북서
2026-07-29T01:05:00,2026-07-28T16:05:00,337.5,0.4677,-0.179,0.4321,북북서
2026-07-29T01:06:00,2026-07-28T16:06:00,337.5,0.4771,-0.1826,0.4408,북북서
2026-07-29T01:07:00,2026-07-28T16:07:00,337.5,0.4864,-0.1861,0.4494,북북서
2026-07-29T01:08:00,2026-07-28T16:08:00,337.5,0.4957,-0.1897,0.458,북북서
2026-07-29T01:09:00,2026-07-28T16:09:00,337.5,0.5048,-0.1932,0.4664,북북서
2026-07-29T01:10:00,2026-07-28T16:10:00,337.5,0.5139,-0.1967,0.4748,북북서
2026-07-29T01:11:00,2026-07-28T16:11:00,337.5,0.5229,-0.2001,0.4831,북북서
2026-07-29T01:12:00,2026-07-28T16:12:00,337.5,0.5318,-0.2035,0.4913,북북서
2026-07-29T01:13:00,2026-07-28T16:13:00,337.5,0.5406,-0.2069,0.4994,북북서
2026-07-29T01:14:00,2026-07-28T16:14:00,337.5,0.5493,-0.2102,0.5075,북북서
2026-07-29T01:15:00,2026-07-28T16:15:00,337.5,0.5579,-0.2135,0.5154,북북서
2026-07-29T01:16:00,2026-07-28T16:16:00,337.5,0.5664,-0.2168,0.5233,북북서
2026-07-29T01:17:00,2026-07-28T16:17:00,337.5,0.5749,-0.22,0.5311,북북서
2026-07-29T01:18:00,2026-07-28T16:18:00,337.5,0.5832,-0.2232,0.5388,북북서
2026-07-29T01:19:00,2026-07-28T16:19:00,337.5,0.5915,-0.2264,0.5465,북북서
2026-07-29T01:20:00,2026-07-28T16:20:00,337.5,0.5996,-0.2295,0.554,북북서
2026-07-29T01:21:00,2026-07-28T16:21:00,337.5,0.6077,-0.2326,0.5614,북북서
2026-07-29T01:22:00,2026-07-28T16:22:00,337.5,0.6156,-0.2356,0.5687,북북서
2026-07-29T01:23:00,2026-07-28T16:23:00,337.5,0.6235,-0.2386,0.576,북북서
2026-07-29T01:24:00,2026-07-28T16:24:00,337.5,0.6313,-0.2416,0.5832,북북서
2026-07-29T01:25:00,2026-07-28T16:25:00,337.5,0.639,-0.2445,0.5904,북북서
2026-07-29T01:26:00,2026-07-28T16:26:00,337.5,0.6465,-0.2474,0.5973,북북서
2026-07-29T01:27:00,2026-07-28T16:27:00,337.5,0.654,-0.2503,0.6042,북북서
2026-07-29T01:28:00,2026-07-28T16:28:00,337.5,0.6614,-0.2531,0.6111,북북서
2026-07-29T01:29:00,2026-07-28T16:29:00,337.5,0.6687,-0.2559,0.6178,북북서
2026-07-29T01:30:00,2026-07-28T16:30:00,337.5,0.6759,-0.2587,0.6245,북북서
2026-07-29T01:31:00,2026-07-28T16:31:00,337.5,0.683,-0.2614,0.631,북북서
2026-07-29T01:32:00,2026-07-28T16:32:00,337.5,0.69,-0.2641,0.6375,북북서
2026-07-29T01:33:00,2026-07-28T16:33:00,337.5,0.6969,-0.2667,0.6439,북북서
2026-07-29T01:34:00,2026-07-28T16:34:00,337.5,0.7037,-0.2693,0.6501,북북서
2026-07-29T01:35:00,2026-07-28T16:35:00,337.5,0.7104,-0.2719,0.6563,북북서
2026-07-29T01:36:00,2026-07-28T16:36:00,337.5,0.717,-0.2744,0.6624,북북서
2026-07-29T01:37:00,2026-07-28T16:37:00,337.5,0.7235,-0.2769,0.6684,북북서
2026-07-29T01:38:00,2026-07-28T16:38:00,337.5,0.7299,-0.2793,0.6743,북북서
2026-07-29T01:39:00,2026-07-28T16:39:00,337.5,0.7362,-0.2817,0.6802,북북서
2026-07-29T01:40:00,2026-07-28T16:40:00,337.5,0.7425,-0.2841,0.686,북북서
2026-07-29T01:41:00,2026-07-28T16:41:00,337.5,0.7486,-0.2865,0.6916,북북서
2026-07-29T01:42:00,2026-07-28T16:42:00,337.5,0.7546,-0.2888,0.6972,북북서
2026-07-29T01:43:00,2026-07-28T16:43:00,337.5,0.7605,-0.291,0.7026,북북서
2026-07-29T01:44:00,2026-07-28T16:44:00,337.5,0.7664,-0.2933,0.7081,북북서
2026-07-29T01:45:00,2026-07-28T16:45:00,337.5,0.7721,-0.2955,0.7133,북북서
2026-07-29T01:46:00,2026-07-28T16:46:00,337.5,0.7777,-0.2976,0.7185,북북서
2026-07-29T01:47:00,2026-07-28T16:47:00,337.5,0.7833,-0.2998,0.7237,북북서
2026-07-29T01:48:00,2026-07-28T16:48:00,337.5,0.7887,-0.3018,0.7287,북북서
2026-07-29T01:49:00,2026-07-28T16:49:00,337.5,0.7941,-0.3039,0.7337,북북서
2026-07-29T01:50:00,2026-07-28T16:50:00,337.5,0.7993,-0.3059,0.7385,북북서
2026-07-29T01:51:00,2026-07-28T16:51:00,337.5,0.8045,-0.3079,0.7433,북북서
2026-07-29T01:52:00,2026-07-28T16:52:00,337.5,0.8095,-0.3098,0.7479,북북서
2026-07-29T01:53:00,2026-07-28T16:53:00,337.5,0.8145,-0.3117,0.7525,북북서
2026-07-29T01:54:00,2026-07-28T16:54:00,337.5,0.8194,-0.3136,0.757,북북서
2026-07-29T01:55:00,2026-07-28T16:55:00,337.5,0.8242,-0.3154,0.7615,북북서
2026-07-29T01:56:00,2026-07-28T16:56:00,337.5,0.8289,-0.3172,0.7658,북북서
2026-07-29T01:57:00,2026-07-28T16:57:00,337.5,0.8335,-0.319,0.7701,북북서
2026-07-29T01:58:00,2026-07-28T16:58:00,337.5,0.838,-0.3207,0.7742,북북서
2026-07-29T01:59:00,2026-07-28T16:59:00,337.5,0.8424,-0.3224,0.7783,북북서
2026-07-29T02:00:00,2026-07-28T17:00:00,337.5,0.8467,-0.324,0.7822,북북서
2026-07-29T02:01:00,2026-07-28T17:01:00,337.5,0.851,-0.3257,0.7862,북북서
2026-07-29T02:02:00,2026-07-28T17:02:00,337.5,0.8551,-0.3272,0.79,북북서
2026-07-29T02:03:00,2026-07-28T17:03:00,337.5,0.8592,-0.3288,0.7938,북북서
2026-07-29T02:04:00,2026-07-28T17:04:00,337.5,0.8632,-0.3303,0.7975,북북서
2026-07-29T02:05:00,2026-07-28T17:05:00,337.5,0.8671,-0.3318,0.8011,북북서
2026-07-29T02:06:00,2026-07-28T17:06:00,337.5,0.8709,-0.3333,0.8046,북북서
2026-07-29T02:07:00,2026-07-28T17:07:00,337.5,0.8746,-0.3347,0.808,북북서
2026-07-29T02:08:00,2026-07-28T17:08:00,337.5,0.8782,-0.3361,0.8114,북북서
2026-07-29T02:09:00,2026-07-28T17:09:00,337.5,0.8818,-0.3375,0.8147,북북서
2026-07-29T02:10:00,2026-07-28T17:10:00,337.5,0.8852,-0.3388,0.8178,북북서
2026-07-29T02:11:00,2026-07-28T17:11:00,337.5,0.8886,-0.3401,0.821,북북서
2026-07-29T02:12:00,2026-07-28T17:12:00,337.5,0.8919,-0.3413,0.824,북북서
2026-07-29T02:13:00,2026-07-28T17:13:00,337.5,0.8951,-0.3425,0.827,북북서
2026-07-29T02:14:00,2026-07-28T17:14:00,337.5,0.8983,-0.3438,0.8299,북북서
2026-07-29T02:15:00,2026-07-28T17:15:00,337.5,0.9013,-0.3449,0.8327,북북서
2026-07-29T02:16:00,2026-07-28T17:16:00,337.5,0.9043,-0.3461,0.8355,북북서
2026-07-29T02:17:00,2026-07-28T17:17:00,337.5,0.9072,-0.3472,0.8381,북북서
2026-07-29T02:18:00,2026-07-28T17:18:00,337.5,0.9101,-0.3483,0.8408,북북서
2026-07-29T02:19:00,2026-07-28T17:19:00,337.5,0.9128,-0.3493,0.8433,북북서
2026-07-29T02:20:00,2026-07-28T17:20:00,337.5,0.9155,-0.3503,0.8458,북북서
2026-07-29T02:21:00,2026-07-28T17:21:00,337.5,0.9181,-0.3513,0.8482,북북서
2026-07-29T02:22:00,2026-07-28T17:22:00,337.5,0.9206,-0.3523,0.8505,북북서
2026-07-29T02:23:00,2026-07-28T17:23:00,337.5,0.9231,-0.3533,0.8528,북북서
2026-07-29T02:24:00,2026-07-28T17:24:00,337.5,0.9255,-0.3542,0.8551,북북서
2026-07-29T02:25:00,2026-07-28T17:25:00,337.5,0.9278,-0.3551,0.8572,북북서
2026-07-29T02:26:00,2026-07-28T17:26:00,337.5,0.93,-0.3559,0.8592,북북서
2026-07-29T02:27:00,2026-07-28T17:27:00,337.5,0.9322,-0.3567,0.8612,북북서
2026-07-29T02:28:00,2026-07-28T17:28:00,337.5,0.9343,-0.3575,0.8632,북북서
2026-07-29T02:29:00,2026-07-28T17:29:00,337.5,0.9363,-0.3583,0.865,북북서
2026-07-29T02:30:00,2026-07-28T17:30:00,337.5,0.9383,-0.3591,0.8669,북북서
2026-07-29T02:31:00,2026-07-28T17:31:00,337.5,0.9402,-0.3598,0.8686,북북서
2026-07-29T02:32:00,2026-07-28T17:32:00,337.5,0.9421,-0.3605,0.8704,북북서
2026-07-29T02:33:00,2026-07-28T17:33:00,337.5,0.9438,-0.3612,0.872,북북서
2026-07-29T02:34:00,2026-07-28T17:34:00,337.5,0.9455,-0.3618,0.8735,북북서
2026-07-29T02:35:00,2026-07-28T17:35:00,337.5,0.9472,-0.3625,0.8751,북북서
2026-07-29T02:36:00,2026-07-28T17:36:00,337.5,0.9488,-0.3631,0.8766,북북서
2026-07-29T02:37:00,2026-07-28T17:37:00,337.5,0.9503,-0.3637,0.878,북북서
2026-07-29T02:38:00,2026-07-28T17:38:00,337.5,0.9517,-0.3642,0.8793,북북서
2026-07-29T02:39:00,2026-07-28T17:39:00,337.5,0.9531,-0.3647,0.8805,북북서
2026-07-29T02:40:00,2026-07-28T17:40:00,337.5,0.9545,-0.3653,0.8818,북북서
2026-07-29T02:41:00,2026-07-28T17:41:00,337.5,0.9558,-0.3658,0.883,북북서
2026-07-29T02:42:00,2026-07-28T17:42:00,337.5,0.957,-0.3662,0.8842,북북서
2026-07-29T02:43:00,2026-07-28T17:43:00,337.5,0.9582,-0.3667,0.8853,북북서
2026-07-29T02:44:00,2026-07-28T17:44:00,337.5,0.9593,-0.3671,0.8863,북북서
2026-07-29T02:45:00,2026-07-28T17:45:00,337.5,0.9603,-0.3675,0.8872,북북서
2026-07-29T02:46:00,2026-07-28T17:46:00,337.5,0.9614,-0.3679,0.8882,북북서
2026-07-29T02:47:00,2026-07-28T17:47:00,337.5,0.9623,-0.3683,0.889,북북서
2026-07-29T02:48:00,2026-07-28T17:48:00,337.5,0.9632,-0.3686,0.8899,북북서
2026-07-29T02:49:00,2026-07-28T17:49:00,337.5,0.964,-0.3689,0.8906,북북서
2026-07-29T02:50:00,2026-07-28T17:50:00,337.5,0.9648,-0.3692,0.8914,북북서
2026-07-29T02:51:00,2026-07-28T17:51:00,337.5,0.9656,-0.3695,0.8921,북북서
2026-07-29T02:52:00,2026-07-28T17:52:00,337.5,0.9663,-0.3698,0.8927,북북서
2026-07-29T02:53:00,2026-07-28T17:53:00,337.5,0.9669,-0.37,0.8933,북북서
2026-07-29T02:54:00,2026-07-28T17:54:00,337.5,0.9675,-0.3702,0.8939,북북서
2026-07-29T02:55:00,2026-07-28T17:55:00,337.5,0.9681,-0.3705,0.8944,북북서
2026-07-29T02:56:00,2026-07-28T17:56:00,337.5,0.9685,-0.3706,0.8948,북북서
2026-07-29T02:57:00,2026-07-28T17:57:00,337.5,0.969,-0.3708,0.8952,북북서
2026-07-29T02:58:00,2026-07-28T17:58:00,337.5,0.9694,-0.371,0.8956,북북서
2026-07-29T02:59:00,2026-07-28T17:59:00,337.5,0.9698,-0.3711,0.896,북북서
2026-07-29T03:00:00,2026-07-28T18:00:00,337.5,0.9701,-0.3712,0.8963,북북서
2026-07-29T03:01:00,2026-07-28T18:01:00,337.5,0.9703,-0.3713,0.8964,북북서
2026-07-29T03:02:00,2026-07-28T18:02:00,337.5,0.9706,-0.3714,0.8967,북북서
2026-07-29T03:03:00,2026-07-28T18:03:00,337.5,0.9707,-0.3715,0.8968,북북서
2026-07-29T03:04:00,2026-07-28T18:04:00,337.5,0.9709,-0.3715,0.897,북북서
2026-07-29T03:05:00,2026-07-28T18:05:00,337.5,0.9709,-0.3715,0.897,북북서
2026-07-29T03:06:00,2026-07-28T18:06:00,337.5,0.971,-0.3716,0.8971,북북서
2026-07-29T03:07:00,2026-07-28T18:07:00,337.5,0.971,-0.3716,0.8971,북북서
2026-07-29T03:08:00,2026-07-28T18:08:00,337.5,0.971,-0.3716,0.8971,북북서
2026-07-29T03:09:00,2026-07-28T18:09:00,337.5,0.9709,-0.3715,0.897,북북서
2026-07-29T03:10:00,2026-07-28T18:10:00,337.5,0.9708,-0.3715,0.8969,북북서
2026-07-29T03:11:00,2026-07-28T18:11:00,337.5,0.9706,-0.3714,0.8967,북북서
2026-07-29T03:12:00,2026-07-28T18:12:00,337.5,0.9704,-0.3714,0.8965,북북서
2026-07-29T03:13:00,2026-07-28T18:13:00,337.5,0.9701,-0.3712,0.8963,북북서
2026-07-29T03:14:00,2026-07-28T18:14:00,337.5,0.9699,-0.3712,0.8961,북북서
2026-07-29T03:15:00,2026-07-28T18:15:00,337.5,0.9695,-0.371,0.8957,북북서
2026-07-29T03:16:00,2026-07-28T18:16:00,337.5,0.9692,-0.3709,0.8954,북북서
2026-07-29T03:17:00,2026-07-28T18:17:00,337.5,0.9688,-0.3707,0.8951,북북서
2026-07-29T03:18:00,2026-07-28T18:18:00,337.5,0.9683,-0.3706,0.8946,북북서
2026-07-29T03:19:00,2026-07-28T18:19:00,337.5,0.9678,-0.3704,0.8941,북북서
2026-07-29T03:20:00,2026-07-28T18:20:00,337.5,0.9673,-0.3702,0.8937,북북서
2026-07-29T03:21:00,2026-07-28T18:21:00,337.5,0.9668,-0.37,0.8932,북북서
2026-07-29T03:22:00,2026-07-28T18:22:00,337.5,0.9662,-0.3697,0.8927,북북서
2026-07-29T03:23:00,2026-07-28T18:23:00,337.5,0.9655,-0.3695,0.892,북북서
2026-07-29T03:24:00,2026-07-28T18:24:00,337.5,0.9648,-0.3692,0.8914,북북서
2026-07-29T03:25:00,2026-07-28T18:25:00,337.5,0.9641,-0.3689,0.8907,북북서
2026-07-29T03:26:00,2026-07-28T18:26:00,337.5,0.9634,-0.3687,0.8901,북북서
2026-07-29T03:27:00,2026-07-28T18:27:00,337.5,0.9626,-0.3684,0.8893,북북서
2026-07-29T03:28:00,2026-07-28T18:28:00,337.5,0.9617,-0.368,0.8885,북북서
2026-07-29T03:29:00,2026-07-28T18:29:00,337.5,0.9609,-0.3677,0.8878,북북서
2026-07-29T03:30:00,2026-07-28T18:30:00,337.5,0.96,-0.3674,0.8869,북북서
2026-07-29T03:31:00,2026-07-28T18:31:00,337.5,0.959,-0.367,0.886,북북서
2026-07-29T03:32:00,2026-07-28T18:32:00,337.5,0.958,-0.3666,0.8851,북북서
2026-07-29T03:33:00,2026-07-28T18:33:00,337.5,0.957,-0.3662,0.8842,북북서
2026-07-29T03:34:00,2026-07-28T18:34:00,337.5,0.9559,-0.3658,0.8831,북북서
2026-07-29T03:35:00,2026-07-28T18:35:00,337.5,0.9548,-0.3654,0.8821,북북서
2026-07-29T03:36:00,2026-07-28T18:36:00,337.5,0.9537,-0.365,0.8811,북북서
2026-07-29T03:37:00,2026-07-28T18:37:00,337.5,0.9525,-0.3645,0.88,북북서
2026-07-29T03:38:00,2026-07-28T18:38:00,337.5,0.9513,-0.364,0.8789,북북서
2026-07-29T03:39:00,2026-07-28T18:39:00,337.5,0.95,-0.3635,0.8777,북북서
2026-07-29T03:40:00,2026-07-28T18:40:00,337.5,0.9487,-0.3631,0.8765,북북서
2026-07-29T03:41:00,2026-07-28T18:41:00,337.5,0.9474,-0.3626,0.8753,북북서
2026-07-29T03:42:00,2026-07-28T18:42:00,337.5,0.946,-0.362,0.874,북북서
2026-07-29T03:43:00,2026-07-28T18:43:00,337.5,0.9446,-0.3615,0.8727,북북서
2026-07-29T03:44:00,2026-07-28T18:44:00,337.5,0.9431,-0.3609,0.8713,북북서
2026-07-29T03:45:00,2026-07-28T18:45:00,337.5,0.9416,-0.3603,0.8699,북북서
2026-07-29T03:46:00,2026-07-28T18:46:00,337.5,0.94,-0.3597,0.8684,북북서
2026-07-29T03:47:00,2026-07-28T18:47:00,337.5,0.9385,-0.3591,0.8671,북북서
2026-07-29T03:48:00,2026-07-28T18:48:00,337.5,0.9368,-0.3585,0.8655,북북서
2026-07-29T03:49:00,2026-07-28T18:49:00,337.5,0.9351,-0.3578,0.8639,북북서
2026-07-29T03:50:00,2026-07-28T18:50:00,337.5,0.9334,-0.3572,0.8623,북북서
2026-07-29T03:51:00,2026-07-28T18:51:00,337.5,0.9317,-0.3565,0.8608,북북서
2026-07-29T03:52:00,2026-07-28T18:52:00,337.5,0.9298,-0.3558,0.859,북북서
2026-07-29T03:53:00,2026-07-28T18:53:00,337.5,0.928,-0.3551,0.8574,북북서
2026-07-29T03:54:00,2026-07-28T18:54:00,337.5,0.9261,-0.3544,0.8556,북북서
2026-07-29T03:55:00,2026-07-28T18:55:00,337.5,0.9241,-0.3536,0.8538,북북서
2026-07-29T03:56:00,2026-07-28T18:56:00,337.5,0.9221,-0.3529,0.8519,북북서
2026-07-29T03:57:00,2026-07-28T18:57:00,337.5,0.9201,-0.3521,0.8501,북북서
2026-07-29T03:58:00,2026-07-28T18:58:00,337.5,0.918,-0.3513,0.8481,북북서
2026-07-29T03:59:00,2026-07-28T18:59:00,337.5,0.9159,-0.3505,0.8462,북북서
2026-07-29T04:00:00,2026-07-28T19:00:00,337.5,0.9137,-0.3497,0.8441,북북서
2026-07-29T04:01:00,2026-07-28T19:01:00,337.5,0.9115,-0.3488,0.8421,북북서
2026-07-29T04:02:00,2026-07-28T19:02:00,337.5,0.9092,-0.3479,0.84,북북서
2026-07-29T04:03:00,2026-07-28T19:03:00,337.5,0.9068,-0.347,0.8378,북북서
2026-07-29T04:04:00,2026-07-28T19:04:00,337.5,0.9045,-0.3461,0.8356,북북서
2026-07-29T04:05:00,2026-07-28T19:05:00,337.5,0.902,-0.3452,0.8333,북북서
2026-07-29T04:06:00,2026-07-28T19:06:00,337.5,0.8995,-0.3442,0.831,북북서
2026-07-29T04:07:00,2026-07-28T19:07:00,337.5,0.897,-0.3433,0.8287,북북서
2026-07-29T04:08:00,2026-07-28T19:08:00,337.5,0.8944,-0.3423,0.8263,북북서
2026-07-29T04:09:00,2026-07-28T19:09:00,337.5,0.8918,-0.3413,0.8239,북북서
2026-07-29T04:10:00,2026-07-28T19:10:00,337.5,0.8891,-0.3402,0.8214,북북서
2026-07-29T04:11:00,2026-07-28T19:11:00,337.5,0.8863,-0.3392,0.8188,북북서
2026-07-29T04:12:00,2026-07-28T19:12:00,337.5,0.8835,-0.3381,0.8162,북북서
2026-07-29T04:13:00,2026-07-28T19:13:00,337.5,0.8806,-0.337,0.8136,북북서
2026-07-29T04:14:00,2026-07-28T19:14:00,337.5,0.8777,-0.3359,0.8109,북북서
2026-07-29T04:15:00,2026-07-28T19:15:00,337.5,0.8747,-0.3347,0.8081,북북서
2026-07-29T04:16:00,2026-07-28T19:16:00,337.5,0.8717,-0.3336,0.8053,북북서
2026-07-29T04:17:00,2026-07-28T19:17:00,337.5,0.8686,-0.3324,0.8025,북북서
2026-07-29T04:18:00,2026-07-28T19:18:00,337.5,0.8654,-0.3312,0.7995,북북서
2026-07-29T04:19:00,2026-07-28T19:19:00,337.5,0.8622,-0.3299,0.7966,북북서
2026-07-29T04:20:00,2026-07-28T19:20:00,337.5,0.8589,-0.3287,0.7935,북북서
2026-07-29T04:21:00,2026-07-28T19:21:00,337.5,0.8556,-0.3274,0.7905,북북서
2026-07-29T04:22:00,2026-07-28T19:22:00,337.5,0.8522,-0.3261,0.7873,북북서
2026-07-29T04:23:00,2026-07-28T19:23:00,337.5,0.8487,-0.3248,0.7841,북북서
2026-07-29T04:24:00,2026-07-28T19:24:00,337.5,0.8452,-0.3234,0.7809,북북서
2026-07-29T04:25:00,2026-07-28T19:25:00,337.5,0.8416,-0.3221,0.7775,북북서
2026-07-29T04:26:00,2026-07-28T19:26:00,337.5,0.838,-0.3207,0.7742,북북서
2026-07-29T04:27:00,2026-07-28T19:27:00,337.5,0.8343,-0.3193,0.7708,북북서
2026-07-29T04:28:00,2026-07-28T19:28:00,337.5,0.8305,-0.3178,0.7673,북북서
2026-07-29T04:29:00,2026-07-28T19:29:00,337.5,0.8266,-0.3163,0.7637,북북서
2026-07-29T04:30:00,2026-07-28T19:30:00,337.5,0.8227,-0.3148,0.7601,북북서
2026-07-29T04:31:00,2026-07-28T19:31:00,337.5,0.8187,-0.3133,0.7564,북북서
2026-07-29T04:32:00,2026-07-28T19:32:00,337.5,0.8147,-0.3118,0.7527,북북서
2026-07-29T04:33:00,2026-07-28T19:33:00,337.5,0.8106,-0.3102,0.7489,북북서
2026-07-29T04:34:00,2026-07-28T19:34:00,337.5,0.8064,-0.3086,0.745,북북서
2026-07-29T04:35:00,2026-07-28T19:35:00,337.5,0.8021,-0.307,0.741,북북서
2026-07-29T04:36:00,2026-07-28T19:36:00,337.5,0.7978,-0.3053,0.7371,북북서
2026-07-29T04:37:00,2026-07-28T19:37:00,337.5,0.7934,-0.3036,0.733,북북서
2026-07-29T04:38:00,2026-07-28T19:38:00,337.5,0.789,-0.3019,0.7289,북북서
2026-07-29T04:39:00,2026-07-28T19:39:00,337.5,0.7844,-0.3002,0.7247,북북서
2026-07-29T04:40:00,2026-07-28T19:40:00,337.5,0.7798,-0.2984,0.7204,북북서
2026-07-29T04:41:00,2026-07-28T19:41:00,337.5,0.7751,-0.2966,0.7161,북북서
2026-07-29T04:42:00,2026-07-28T19:42:00,337.5,0.7704,-0.2948,0.7118,북북서
2026-07-29T04:43:00,2026-07-28T19:43:00,337.5,0.7655,-0.2929,0.7072,북북서
2026-07-29T04:44:00,2026-07-28T19:44:00,337.5,0.7606,-0.2911,0.7027,북북서
2026-07-29T04:45:00,2026-07-28T19:45:00,337.5,0.7557,-0.2892,0.6982,북북서
2026-07-29T04:46:00,2026-07-28T19:46:00,337.5,0.7506,-0.2872,0.6935,북북서
2026-07-29T04:47:00,2026-07-28T19:47:00,337.5,0.7455,-0.2853,0.6888,북북서
2026-07-29T04:48:00,2026-07-28T19:48:00,337.5,0.7403,-0.2833,0.6839,북북서
2026-07-29T04:49:00,2026-07-28T19:49:00,337.5,0.735,-0.2813,0.6791,북북서
2026-07-29T04:50:00,2026-07-28T19:50:00,337.5,0.7297,-0.2792,0.6742,북북서
2026-07-29T04:51:00,2026-07-28T19:51:00,337.5,0.7242,-0.2771,0.6691,북북서
2026-07-29T04:52:00,2026-07-28T19:52:00,337.5,0.7187,-0.275,0.664,북북서
2026-07-29T04:53:00,2026-07-28T19:53:00,337.5,0.7131,-0.2729,0.6588,북북서
2026-07-29T04:54:00,2026-07-28T19:54:00,337.5,0.7075,-0.2707,0.6536,북북서
2026-07-29T04:55:00,2026-07-28T19:55:00,337.5,0.7018,-0.2686,0.6484,북북서
2026-07-29T04:56:00,2026-07-28T19:56:00,337.5,0.6959,-0.2663,0.6429,북북서
2026-07-29T04:57:00,2026-07-28T19:57:00,337.5,0.69,-0.2641,0.6375,북북서
2026-07-29T04:58:00,2026-07-28T19:58:00,337.5,0.6841,-0.2618,0.632,북북서
2026-07-29T04:59:00,2026-07-28T19:59:00,337.5,0.678,-0.2595,0.6264,북북서
2026-07-29T05:00:00,2026-07-28T20:00:00,337.5,0.6719,-0.2571,0.6208,북북서
2026-07-29T05:01:00,2026-07-28T20:01:00,337.5,0.6657,-0.2548,0.615,북북서
2026-07-29T05:02:00,2026-07-28T20:02:00,337.5,0.6594,-0.2523,0.6092,북북서
2026-07-29T05:03:00,2026-07-28T20:03:00,337.5,0.6531,-0.2499,0.6034,북북서
2026-07-29T05:04:00,2026-07-28T20:04:00,337.5,0.6466,-0.2474,0.5974,북북서
2026-07-29T05:05:00,2026-07-28T20:05:00,337.5,0.6401,-0.245,0.5914,북북서
2026-07-29T05:06:00,2026-07-28T20:06:00,337.5,0.6335,-0.2424,0.5853,북북서
2026-07-29T05:07:00,2026-07-28T20:07:00,337.5,0.6268,-0.2399,0.5791,북북서
2026-07-29T05:08:00,2026-07-28T20:08:00,337.5,0.6201,-0.2373,0.5729,북북서
2026-07-29T05:09:00,2026-07-28T20:09:00,337.5,0.6132,-0.2347,0.5665,북북서
2026-07-29T05:10:00,2026-07-28T20:10:00,337.5,0.6063,-0.232,0.5601,북북서
2026-07-29T05:11:00,2026-07-28T20:11:00,337.5,0.5994,-0.2294,0.5538,북북서
2026-07-29T05:12:00,2026-07-28T20:12:00,337.5,0.5923,-0.2267,0.5472,북북서
2026-07-29T05:13:00,2026-07-28T20:13:00,337.5,0.5851,-0.2239,0.5406,북북서
2026-07-29T05:14:00,2026-07-28T20:14:00,337.5,0.5779,-0.2212,0.5339,북북서
2026-07-29T05:15:00,2026-07-28T20:15:00,337.5,0.5706,-0.2184,0.5272,북북서
2026-07-29T05:16:00,2026-07-28T20:16:00,337.5,0.5632,-0.2155,0.5203,북북서
2026-07-29T05:17:00,2026-07-28T20:17:00,337.5,0.5558,-0.2127,0.5135,북북서
2026-07-29T05:18:00,2026-07-28T20:18:00,337.5,0.5483,-0.2098,0.5066,북북서
2026-07-29T05:19:00,2026-07-28T20:19:00,337.5,0.5407,-0.2069,0.4995,북북서
2026-07-29T05:20:00,2026-07-28T20:20:00,337.5,0.533,-0.204,0.4924,북북서
2026-07-29T05:21:00,2026-07-28T20:21:00,337.5,0.5252,-0.201,0.4852,북북서
2026-07-29T05:22:00,2026-07-28T20:22:00,337.5,0.5174,-0.198,0.478,북북서
2026-07-29T05:23:00,2026-07-28T20:23:00,337.5,0.5095,-0.195,0.4707,북북서
2026-07-29T05:24:00,2026-07-28T20:24:00,337.5,0.5015,-0.1919,0.4633,북북서
2026-07-29T05:25:00,2026-07-28T20:25:00,337.5,0.4935,-0.1889,0.4559,북북서
2026-07-29T05:26:00,2026-07-28T20:26:00,337.5,0.4853,-0.1857,0.4484,북북서
2026-07-29T05:27:00,2026-07-28T20:27:00,337.5,0.4771,-0.1826,0.4408,북북서
2026-07-29T05:28:00,2026-07-28T20:28:00,337.5,0.4689,-0.1794,0.4332,북북서
2026-07-29T05:29:00,2026-07-28T20:29:00,337.5,0.4605,-0.1762,0.4254,북북서
2026-07-29T05:30:00,2026-07-28T20:30:00,337.5,0.4521,-0.173,0.4177,북북서
2026-07-29T05:31:00,2026-07-28T20:31:00,337.5,0.4437,-0.1698,0.4099,북북서
2026-07-29T05:32:00,2026-07-28T20:32:00,337.5,0.4351,-0.1665,0.402,북북서
2026-07-29T05:33:00,2026-07-28T20:33:00,337.5,0.4265,-0.1632,0.394,북북서
2026-07-29T05:34:00,2026-07-28T20:34:00,337.5,0.4178,-0.1599,0.386,북북서
2026-07-29T05:35:00,2026-07-28T20:35:00,337.5,0.4091,-0.1566,0.378,북북서
2026-07-29T05:36:00,2026-07-28T20:36:00,337.5,0.4003,-0.1532,0.3698,북북서
2026-07-29T05:37:00,2026-07-28T20:37:00,337.5,0.3914,-0.1498,0.3616,북북서
2026-07-29T05:38:00,2026-07-28T20:38:00,337.5,0.3824,-0.1463,0.3533,북북서
2026-07-29T05:39:00,2026-07-28T20:39:00,337.5,0.3734,-0.1429,0.345,북북서
2026-07-29T05:40:00,2026-07-28T20:40:00,337.5,0.3644,-0.1394,0.3367,북북서
2026-07-29T05:41:00,2026-07-28T20:41:00,337.5,0.3552,-0.1359,0.3282,북북서
2026-07-29T05:42:00,2026-07-28T20:42:00,337.5,0.3461,-0.1324,0.3198,북북서
2026-07-29T05:43:00,2026-07-28T20:43:00,337.5,0.3368,-0.1289,0.3112,북북서
2026-07-29T05:44:00,2026-07-28T20:44:00,337.5,0.3275,-0.1253,0.3026,북북서
2026-07-29T05:45:00,2026-07-28T20:45:00,337.5,0.3182,-0.1218,0.294,북북서
2026-07-29T05:46:00,2026-07-28T20:46:00,337.5,0.3088,-0.1182,0.2853,북북서
2026-07-29T05:47:00,2026-07-28T20:47:00,337.5,0.2993,-0.1145,0.2765,북북서
2026-07-29T05:48:00,2026-07-28T20:48:00,337.5,0.2898,-0.1109,0.2677,북북서
2026-07-29T05:49:00,2026-07-28T20:49:00,337.5,0.2802,-0.1072,0.2589,북북서
2026-07-29T05:50:00,2026-07-28T20:50:00,337.5,0.2706,-0.1036,0.25,북북서
2026-07-29T05:51:00,2026-07-28T20:51:00,337.5,0.261,-0.0999,0.2411,북북서
2026-07-29T05:52:00,2026-07-28T20:52:00,337.5,0.2513,-0.0962,0.2322,북북서
2026-07-29T05:53:00,2026-07-28T20:53:00,0,0.2415,0.0,0.2415,북
2026-07-29T05:54:00,2026-07-28T20:54:00,0,0.2317,0.0,0.2317,북
2026-07-29T05:55:00,2026-07-28T20:55:00,0,0.2219,0.0,0.2219,북
2026-07-29T05:56:00,2026-07-28T20:56:00,0,0.2121,0.0,0.2121,북
2026-07-29T05:57:00,2026-07-28T20:57:00,0,0.2022,0.0,0.2022,북
2026-07-29T05:58:00,2026-07-28T20:58:00,0,0.1923,0.0,0.1923,북
2026-07-29T05:59:00,2026-07-28T20:59:00,0,0.1823,0.0,0.1823,북
2026-07-29T06:00:00,2026-07-28T21:00:00,0,0.1724,0.0,0.1724,북
2026-07-29T06:01:00,2026-07-28T21:01:00,0,0.1624,0.0,0.1624,북
2026-07-29T06:02:00,2026-07-28T21:02:00,0,0.1525,0.0,0.1525,북
2026-07-29T06:03:00,2026-07-28T21:03:00,0,0.1425,0.0,0.1425,북
2026-07-29T06:04:00,2026-07-28T21:04:00,0,0.1325,0.0,0.1325,북
2026-07-29T06:05:00,2026-07-28T21:05:00,0,0.1226,0.0,0.1226,북
2026-07-29T06:06:00,2026-07-28T21:06:00,0,0.1128,0.0,0.1128,북
2026-07-29T06:07:00,2026-07-28T21:07:00,0,0.103,0.0,0.103,북
2026-07-29T06:08:00,2026-07-28T21:08:00,0,0.0933,0.0,0.0933,북
2026-07-29T06:09:00,2026-07-28T21:09:00,0,0.0837,0.0,0.0837,북
2026-07-29T06:10:00,2026-07-28T21:10:00,0,0.0744,0.0,0.0744,북
2026-07-29T06:11:00,2026-07-28T21:11:00,22.5,0.0655,0.0251,0.0605,북북동
2026-07-29T06:12:00,2026-07-28T21:12:00,22.5,0.0571,0.0219,0.0528,북북동
2026-07-29T06:13:00,2026-07-28T21:13:00,22.5,0.0495,0.0189,0.0457,북북동
2026-07-29T06:14:00,2026-07-28T21:14:00,45,0.0432,0.0305,0.0305,북동
2026-07-29T06:15:00,2026-07-28T21:15:00,45,0.0388,0.0274,0.0274,북동
2026-07-29T06:16:00,2026-07-28T21:16:00,67.5,0.037,0.0342,0.0142,동북동
2026-07-29T06:17:00,2026-07-28T21:17:00,90,0.0383,0.0383,0.0,동
2026-07-29T06:18:00,2026-07-28T21:18:00,90,0.0423,0.0423,0.0,동
2026-07-29T06:19:00,2026-07-28T21:19:00,112.5,0.0484,0.0447,-0.0185,동남동
2026-07-29T06:20:00,2026-07-28T21:20:00,112.5,0.056,0.0517,-0.0214,동남동
2026-07-29T06:21:00,2026-07-28T21:21:00,135,0.0644,0.0455,-0.0455,남동
2026-07-29T06:22:00,2026-07-28T21:22:00,135,0.0735,0.052,-0.052,남동
2026-07-29T06:23:00,2026-07-28T21:23:00,135,0.083,0.0587,-0.0587,남동
2026-07-29T06:24:00,2026-07-28T21:24:00,135,0.0927,0.0655,-0.0655,남동
2026-07-29T06:25:00,2026-07-28T21:25:00,135,0.1027,0.0726,-0.0726,남동
2026-07-29T06:26:00,2026-07-28T21:26:00,135,0.1128,0.0798,-0.0798,남동
2026-07-29T06:27:00,2026-07-28T21:27:00,135,0.1231,0.087,-0.087,남동
2026-07-29T06:28:00,2026-07-28T21:28:00,135,0.1334,0.0943,-0.0943,남동
2026-07-29T06:29:00,2026-07-28T21:29:00,157.5,0.1438,0.055,-0.1329,남남동
2026-07-29T06:30:00,2026-07-28T21:30:00,157.5,0.1543,0.059,-0.1426,남남동
2026-07-29T06:31:00,2026-07-28T21:31:00,157.5,0.1648,0.0631,-0.1523,남남동
2026-07-29T06:32:00,2026-07-28T21:32:00,157.5,0.1754,0.0671,-0.162,남남동
2026-07-29T06:33:00,2026-07-28T21:33:00,157.5,0.1859,0.0711,-0.1717,남남동
2026-07-29T06:34:00,2026-07-28T21:34:00,157.5,0.1965,0.0752,-0.1815,남남동
2026-07-29T06:35:00,2026-07-28T21:35:00,157.5,0.2071,0.0793,-0.1913,남남동
2026-07-29T06:36:00,2026-07-28T21:36:00,157.5,0.2177,0.0833,-0.2011,남남동
2026-07-29T06:37:00,2026-07-28T21:37:00,157.5,0.2283,0.0874,-0.2109,남남동
2026-07-29T06:38:00,2026-07-28T21:38:00,157.5,0.2389,0.0914,-0.2207,남남동
2026-07-29T06:39:00,2026-07-28T21:39:00,157.5,0.2495,0.0955,-0.2305,남남동
2026-07-29T06:40:00,2026-07-28T21:40:00,157.5,0.2602,0.0996,-0.2404,남남동
2026-07-29T06:41:00,2026-07-28T21:41:00,157.5,0.2708,0.1036,-0.2502,남남동
2026-07-29T06:42:00,2026-07-28T21:42:00,157.5,0.2814,0.1077,-0.26,남남동
2026-07-29T06:43:00,2026-07-28T21:43:00,157.5,0.2919,0.1117,-0.2697,남남동
2026-07-29T06:44:00,2026-07-28T21:44:00,157.5,0.3025,0.1158,-0.2795,남남동
2026-07-29T06:45:00,2026-07-28T21:45:00,157.5,0.3131,0.1198,-0.2893,남남동
2026-07-29T06:46:00,2026-07-28T21:46:00,157.5,0.3236,0.1238,-0.299,남남동
2026-07-29T06:47:00,2026-07-28T21:47:00,157.5,0.3341,0.1279,-0.3087,남남동
2026-07-29T06:48:00,2026-07-28T21:48:00,157.5,0.3446,0.1319,-0.3184,남남동
2026-07-29T06:49:00,2026-07-28T21:49:00,157.5,0.3551,0.1359,-0.3281,남남동
2026-07-29T06:50:00,2026-07-28T21:50:00,157.5,0.3656,0.1399,-0.3378,남남동
2026-07-29T06:51:00,2026-07-28T21:51:00,157.5,0.376,0.1439,-0.3474,남남동
2026-07-29T06:52:00,2026-07-28T21:52:00,157.5,0.3864,0.1479,-0.357,남남동
2026-07-29T06:53:00,2026-07-28T21:53:00,157.5,0.3968,0.1518,-0.3666,남남동
2026-07-29T06:54:00,2026-07-28T21:54:00,157.5,0.4071,0.1558,-0.3761,남남동
2026-07-29T06:55:00,2026-07-28T21:55:00,157.5,0.4174,0.1597,-0.3856,남남동
2026-07-29T06:56:00,2026-07-28T21:56:00,157.5,0.4277,0.1637,-0.3951,남남동
2026-07-29T06:57:00,2026-07-28T21:57:00,157.5,0.438,0.1676,-0.4047,남남동
2026-07-29T06:58:00,2026-07-28T21:58:00,157.5,0.4482,0.1715,-0.4141,남남동
2026-07-29T06:59:00,2026-07-28T21:59:00,157.5,0.4584,0.1754,-0.4235,남남동
2026-07-29T07:00:00,2026-07-28T22:00:00,157.5,0.4685,0.1793,-0.4328,남남동
2026-07-29T07:01:00,2026-07-28T22:01:00,157.5,0.4786,0.1832,-0.4422,남남동
2026-07-29T07:02:00,2026-07-28T22:02:00,157.5,0.4887,0.187,-0.4515,남남동
2026-07-29T07:03:00,2026-07-28T22:03:00,157.5,0.4987,0.1908,-0.4607,남남동
2026-07-29T07:04:00,2026-07-28T22:04:00,157.5,0.5087,0.1947,-0.47,남남동
2026-07-29T07:05:00,2026-07-28T22:05:00,157.5,0.5186,0.1985,-0.4791,남남동
2026-07-29T07:06:00,2026-07-28T22:06:00,157.5,0.5285,0.2022,-0.4883,남남동
2026-07-29T07:07:00,2026-07-28T22:07:00,157.5,0.5384,0.206,-0.4974,남남동
2026-07-29T07:08:00,2026-07-28T22:08:00,157.5,0.5482,0.2098,-0.5065,남남동
2026-07-29T07:09:00,2026-07-28T22:09:00,157.5,0.558,0.2135,-0.5155,남남동
2026-07-29T07:10:00,2026-07-28T22:10:00,157.5,0.5677,0.2172,-0.5245,남남동
2026-07-29T07:11:00,2026-07-28T22:11:00,157.5,0.5774,0.221,-0.5334,남남동
2026-07-29T07:12:00,2026-07-28T22:12:00,157.5,0.587,0.2246,-0.5423,남남동
2026-07-29T07:13:00,2026-07-28T22:13:00,157.5,0.5965,0.2283,-0.5511,남남동
2026-07-29T07:14:00,2026-07-28T22:14:00,157.5,0.6061,0.2319,-0.56,남남동
2026-07-29T07:15:00,2026-07-28T22:15:00,157.5,0.6155,0.2355,-0.5686,남남동
2026-07-29T07:16:00,2026-07-28T22:16:00,157.5,0.625,0.2392,-0.5774,남남동
2026-07-29T07:17:00,2026-07-28T22:17:00,157.5,0.6343,0.2427,-0.586,남남동
2026-07-29T07:18:00,2026-07-28T22:18:00,157.5,0.6436,0.2463,-0.5946,남남동
2026-07-29T07:19:00,2026-07-28T22:19:00,157.5,0.6529,0.2499,-0.6032,남남동
2026-07-29T07:20:00,2026-07-28T22:20:00,157.5,0.6621,0.2534,-0.6117,남남동
2026-07-29T07:21:00,2026-07-28T22:21:00,157.5,0.6712,0.2569,-0.6201,남남동
2026-07-29T07:22:00,2026-07-28T22:22:00,157.5,0.6803,0.2603,-0.6285,남남동
2026-07-29T07:23:00,2026-07-28T22:23:00,157.5,0.6894,0.2638,-0.6369,남남동
2026-07-29T07:24:00,2026-07-28T22:24:00,157.5,0.6984,0.2673,-0.6452,남남동
2026-07-29T07:25:00,2026-07-28T22:25:00,157.5,0.7073,0.2707,-0.6535,남남동
2026-07-29T07:26:00,2026-07-28T22:26:00,157.5,0.7161,0.274,-0.6616,남남동
2026-07-29T07:27:00,2026-07-28T22:27:00,157.5,0.725,0.2774,-0.6698,남남동
2026-07-29T07:28:00,2026-07-28T22:28:00,157.5,0.7337,0.2808,-0.6779,남남동
2026-07-29T07:29:00,2026-07-28T22:29:00,157.5,0.7424,0.2841,-0.6859,남남동
2026-07-29T07:30:00,2026-07-28T22:30:00,157.5,0.751,0.2874,-0.6938,남남동
2026-07-29T07:31:00,2026-07-28T22:31:00,157.5,0.7596,0.2907,-0.7018,남남동
2026-07-29T07:32:00,2026-07-28T22:32:00,157.5,0.7681,0.2939,-0.7096,남남동
2026-07-29T07:33:00,2026-07-28T22:33:00,157.5,0.7766,0.2972,-0.7175,남남동
2026-07-29T07:34:00,2026-07-28T22:34:00,157.5,0.785,0.3004,-0.7252,남남동
2026-07-29T07:35:00,2026-07-28T22:35:00,157.5,0.7933,0.3036,-0.7329,남남동
2026-07-29T07:36:00,2026-07-28T22:36:00,157.5,0.8016,0.3068,-0.7406,남남동
2026-07-29T07:37:00,2026-07-28T22:37:00,157.5,0.8098,0.3099,-0.7482,남남동
2026-07-29T07:38:00,2026-07-28T22:38:00,157.5,0.818,0.313,-0.7557,남남동
2026-07-29T07:39:00,2026-07-28T22:39:00,157.5,0.826,0.3161,-0.7631,남남동
2026-07-29T07:40:00,2026-07-28T22:40:00,157.5,0.8341,0.3192,-0.7706,남남동
2026-07-29T07:41:00,2026-07-28T22:41:00,157.5,0.8421,0.3223,-0.778,남남동
2026-07-29T07:42:00,2026-07-28T22:42:00,157.5,0.85,0.3253,-0.7853,남남동
2026-07-29T07:43:00,2026-07-28T22:43:00,157.5,0.8578,0.3283,-0.7925,남남동
2026-07-29T07:44:00,2026-07-28T22:44:00,157.5,0.8656,0.3313,-0.7997,남남동
2026-07-29T07:45:00,2026-07-28T22:45:00,157.5,0.8733,0.3342,-0.8068,남남동
2026-07-29T07:46:00,2026-07-28T22:46:00,157.5,0.881,0.3371,-0.8139,남남동
2026-07-29T07:47:00,2026-07-28T22:47:00,157.5,0.8886,0.3401,-0.821,남남동
2026-07-29T07:48:00,2026-07-28T22:48:00,157.5,0.8962,0.343,-0.828,남남동
2026-07-29T07:49:00,2026-07-28T22:49:00,157.5,0.9036,0.3458,-0.8348,남남동
2026-07-29T07:50:00,2026-07-28T22:50:00,157.5,0.9111,0.3487,-0.8417,남남동
2026-07-29T07:51:00,2026-07-28T22:51:00,157.5,0.9184,0.3515,-0.8485,남남동
2026-07-29T07:52:00,2026-07-28T22:52:00,157.5,0.9258,0.3543,-0.8553,남남동
2026-07-29T07:53:00,2026-07-28T22:53:00,157.5,0.933,0.357,-0.862,남남동
2026-07-29T07:54:00,2026-07-28T22:54:00,157.5,0.9402,0.3598,-0.8686,남남동
2026-07-29T07:55:00,2026-07-28T22:55:00,157.5,0.9473,0.3625,-0.8752,남남동
2026-07-29T07:56:00,2026-07-28T22:56:00,157.5,0.9544,0.3652,-0.8818,남남동
2026-07-29T07:57:00,2026-07-28T22:57:00,157.5,0.9614,0.3679,-0.8882,남남동
2026-07-29T07:58:00,2026-07-28T22:58:00,157.5,0.9684,0.3706,-0.8947,남남동
2026-07-29T07:59:00,2026-07-28T22:59:00,157.5,0.9753,0.3732,-0.9011,남남동
2026-07-29T08:00:00,2026-07-28T23:00:00,157.5,0.9821,0.3758,-0.9073,남남동
2026-07-29T08:01:00,2026-07-28T23:01:00,157.5,0.9889,0.3784,-0.9136,남남동
2026-07-29T08:02:00,2026-07-28T23:02:00,157.5,0.9956,0.381,-0.9198,남남동
2026-07-29T08:03:00,2026-07-28T23:03:00,157.5,1.0023,0.3836,-0.926,남남동
2026-07-29T08:04:00,2026-07-28T23:04:00,157.5,1.0089,0.3861,-0.9321,남남동
2026-07-29T08:05:00,2026-07-28T23:05:00,157.5,1.0154,0.3886,-0.9381,남남동
2026-07-29T08:06:00,2026-07-28T23:06:00,157.5,1.0219,0.3911,-0.9441,남남동
2026-07-29T08:07:00,2026-07-28T23:07:00,157.5,1.0284,0.3936,-0.9501,남남동
2026-07-29T08:08:00,2026-07-28T23:08:00,157.5,1.0348,0.396,-0.956,남남동
2026-07-29T08:09:00,2026-07-28T23:09:00,157.5,1.0411,0.3984,-0.9619,남남동
2026-07-29T08:10:00,2026-07-28T23:10:00,157.5,1.0474,0.4008,-0.9677,남남동
2026-07-29T08:11:00,2026-07-28T23:11:00,157.5,1.0536,0.4032,-0.9734,남남동
2026-07-29T08:12:00,2026-07-28T23:12:00,157.5,1.0598,0.4056,-0.9791,남남동
2026-07-29T08:13:00,2026-07-28T23:13:00,157.5,1.066,0.4079,-0.9849,남남동
2026-07-29T08:14:00,2026-07-28T23:14:00,157.5,1.072,0.4102,-0.9904,남남동
2026-07-29T08:15:00,2026-07-28T23:15:00,157.5,1.0781,0.4126,-0.996,남남동
2026-07-29T08:16:00,2026-07-28T23:16:00,157.5,1.084,0.4148,-1.0015,남남동
2026-07-29T08:17:00,2026-07-28T23:17:00,157.5,1.09,0.4171,-1.007,남남동
2026-07-29T08:18:00,2026-07-28T23:18:00,157.5,1.0958,0.4193,-1.0124,남남동
2026-07-29T08:19:00,2026-07-28T23:19:00,157.5,1.1017,0.4216,-1.0178,남남동
2026-07-29T08:20:00,2026-07-28T23:20:00,157.5,1.1074,0.4238,-1.0231,남남동
2026-07-29T08:21:00,2026-07-28T23:21:00,157.5,1.1132,0.426,-1.0285,남남동
2026-07-29T08:22:00,2026-07-28T23:22:00,157.5,1.1189,0.4282,-1.0337,남남동
2026-07-29T08:23:00,2026-07-28T23:23:00,157.5,1.1245,0.4303,-1.0389,남남동
2026-07-29T08:24:00,2026-07-28T23:24:00,157.5,1.1301,0.4325,-1.0441,남남동
2026-07-29T08:25:00,2026-07-28T23:25:00,157.5,1.1356,0.4346,-1.0492,남남동
2026-07-29T08:26:00,2026-07-28T23:26:00,157.5,1.1411,0.4367,-1.0542,남남동
2026-07-29T08:27:00,2026-07-28T23:27:00,157.5,1.1466,0.4388,-1.0593,남남동
2026-07-29T08:28:00,2026-07-28T23:28:00,157.5,1.152,0.4409,-1.0643,남남동
2026-07-29T08:29:00,2026-07-28T23:29:00,180,1.1574,0.0,-1.1574,남
2026-07-29T08:30:00,2026-07-28T23:30:00,180,1.1627,0.0,-1.1627,남
2026-07-29T08:31:00,2026-07-28T23:31:00,180,1.168,0.0,-1.168,남
2026-07-29T08:32:00,2026-07-28T23:32:00,180,1.1732,0.0,-1.1732,남
2026-07-29T08:33:00,2026-07-28T23:33:00,180,1.1784,0.0,-1.1784,남
2026-07-29T08:34:00,2026-07-28T23:34:00,180,1.1836,0.0,-1.1836,남
2026-07-29T08:35:00,2026-07-28T23:35:00,180,1.1887,0.0,-1.1887,남
2026-07-29T08:36:00,2026-07-28T23:36:00,180,1.1938,0.0,-1.1938,남
2026-07-29T08:37:00,2026-07-28T23:37:00,180,1.1988,0.0,-1.1988,남
2026-07-29T08:38:00,2026-07-28T23:38:00,180,1.2038,0.0,-1.2038,남
2026-07-29T08:39:00,2026-07-28T23:39:00,180,1.2088,0.0,-1.2088,남
2026-07-29T08:40:00,2026-07-28T23:40:00,180,1.2137,0.0,-1.2137,남
2026-07-29T08:41:00,2026-07-28T23:41:00,180,1.2186,0.0,-1.2186,남
2026-07-29T08:42:00,2026-07-28T23:42:00,180,1.2234,0.0,-1.2234,남
2026-07-29T08:43:00,2026-07-28T23:43:00,180,1.2282,0.0,-1.2282,남
2026-07-29T08:44:00,2026-07-28T23:44:00,180,1.233,0.0,-1.233,남
2026-07-29T08:45:00,2026-07-28T23:45:00,180,1.2377,0.0,-1.2377,남
2026-07-29T08:46:00,2026-07-28T23:46:00,180,1.2424,0.0,-1.2424,남
2026-07-29T08:47:00,2026-07-28T23:47:00,180,1.2471,0.0,-1.2471,남
2026-07-29T08:48:00,2026-07-28T23:48:00,180,1.2517,0.0,-1.2517,남
2026-07-29T08:49:00,2026-07-28T23:49:00,180,1.2563,0.0,-1.2563,남
2026-07-29T08:50:00,2026-07-28T23:50:00,180,1.2609,0.0,-1.2609,남
2026-07-29T08:51:00,2026-07-28T23:51:00,180,1.2654,0.0,-1.2654,남
2026-07-29T08:52:00,2026-07-28T23:52:00,180,1.2699,0.0,-1.2699,남
2026-07-29T08:53:00,2026-07-28T23:53:00,180,1.2744,0.0,-1.2744,남
2026-07-29T08:54:00,2026-07-28T23:54:00,180,1.2788,0.0,-1.2788,남
2026-07-29T08:55:00,2026-07-28T23:55:00,180,1.2832,0.0,-1.2832,남
2026-07-29T08:56:00,2026-07-28T23:56:00,180,1.2875,0.0,-1.2875,남
2026-07-29T08:57:00,2026-07-28T23:57:00,180,1.2919,0.0,-1.2919,남
2026-07-29T08:58:00,2026-07-28T23:58:00,180,1.2962,0.0,-1.2962,남
2026-07-29T08:59:00,2026-07-28T23:59:00,180,1.3004,0.0,-1.3004,남
2026-07-29T09:00:00,2026-07-29T00:00:00,180,1.3046,0.0,-1.3046,남
2026-07-29T09:01:00,2026-07-29T00:01:00,180,1.3088,0.0,-1.3088,남
2026-07-29T09:02:00,2026-07-29T00:02:00,180,1.313,0.0,-1.313,남
2026-07-29T09:03:00,2026-07-29T00:03:00,180,1.3171,0.0,-1.3171,남
2026-07-29T09:04:00,2026-07-29T00:04:00,180,1.3212,0.0,-1.3212,남
2026-07-29T09:05:00,2026-07-29T00:05:00,180,1.3253,0.0,-1.3253,남
2026-07-29T09:06:00,2026-07-29T00:06:00,180,1.3294,0.0,-1.3294,남
2026-07-29T09:07:00,2026-07-29T00:07:00,180,1.3334,0.0,-1.3334,남
2026-07-29T09:08:00,2026-07-29T00:08:00,180,1.3373,0.0,-1.3373,남
2026-07-29T09:09:00,2026-07-29T00:09:00,180,1.3413,0.0,-1.3413,남
2026-07-29T09:10:00,2026-07-29T00:10:00,180,1.3452,0.0,-1.3452,남
2026-07-29T09:11:00,2026-07-29T00:11:00,180,1.3491,0.0,-1.3491,남
2026-07-29T09:12:00,2026-07-29T00:12:00,180,1.3529,0.0,-1.3529,남
2026-07-29T09:13:00,2026-07-29T00:13:00,180,1.3567,0.0,-1.3567,남
2026-07-29T09:14:00,2026-07-29T00:14:00,180,1.3605,0.0,-1.3605,남
2026-07-29T09:15:00,2026-07-29T00:15:00,180,1.3642,0.0,-1.3642,남
2026-07-29T09:16:00,2026-07-29T00:16:00,180,1.368,0.0,-1.368,남
2026-07-29T09:17:00,2026-07-29T00:17:00,180,1.3716,0.0,-1.3716,남
2026-07-29T09:18:00,2026-07-29T00:18:00,180,1.3753,0.0,-1.3753,남
2026-07-29T09:19:00,2026-07-29T00:19:00,180,1.3789,0.0,-1.3789,남
2026-07-29T09:20:00,2026-07-29T00:20:00,180,1.3825,0.0,-1.3825,남
2026-07-29T09:21:00,2026-07-29T00:21:00,180,1.386,0.0,-1.386,남
2026-07-29T09:22:00,2026-07-29T00:22:00,180,1.3895,0.0,-1.3895,남
2026-07-29T09:23:00,2026-07-29T00:23:00,180,1.393,0.0,-1.393,남
2026-07-29T09:24:00,2026-07-29T00:24:00,180,1.3964,0.0,-1.3964,남
2026-07-29T09:25:00,2026-07-29T00:25:00,180,1.3998,0.0,-1.3998,남
2026-07-29T09:26:00,2026-07-29T00:26:00,180,1.4032,0.0,-1.4032,남
2026-07-29T09:27:00,2026-07-29T00:27:00,180,1.4065,0.0,-1.4065,남
2026-07-29T09:28:00,2026-07-29T00:28:00,180,1.4098,0.0,-1.4098,남
2026-07-29T09:29:00,2026-07-29T00:29:00,180,1.413,0.0,-1.413,남
2026-07-29T09:30:00,2026-07-29T00:30:00,180,1.4163,0.0,-1.4163,남
2026-07-29T09:31:00,2026-07-29T00:31:00,180,1.4194,0.0,-1.4194,남
2026-07-29T09:32:00,2026-07-29T00:32:00,180,1.4226,0.0,-1.4226,남
2026-07-29T09:33:00,2026-07-29T00:33:00,180,1.4256,0.0,-1.4256,남
2026-07-29T09:34:00,2026-07-29T00:34:00,180,1.4287,0.0,-1.4287,남
2026-07-29T09:35:00,2026-07-29T00:35:00,180,1.4317,0.0,-1.4317,남
2026-07-29T09:36:00,2026-07-29T00:36:00,180,1.4347,0.0,-1.4347,남
2026-07-29T09:37:00,2026-07-29T00:37:00,180,1.4376,0.0,-1.4376,남
2026-07-29T09:38:00,2026-07-29T00:38:00,180,1.4404,0.0,-1.4404,남
2026-07-29T09:39:00,2026-07-29T00:39:00,180,1.4433,0.0,-1.4433,남
2026-07-29T09:40:00,2026-07-29T00:40:00,180,1.4461,0.0,-1.4461,남
2026-07-29T09:41:00,2026-07-29T00:41:00,180,1.4488,0.0,-1.4488,남
2026-07-29T09:42:00,2026-07-29T00:42:00,180,1.4515,0.0,-1.4515,남
2026-07-29T09:43:00,2026-07-29T00:43:00,180,1.4541,0.0,-1.4541,남
2026-07-29T09:44:00,2026-07-29T00:44:00,180,1.4567,0.0,-1.4567,남
2026-07-29T09:45:00,2026-07-29T00:45:00,180,1.4593,0.0,-1.4593,남
2026-07-29T09:46:00,2026-07-29T00:46:00,180,1.4617,0.0,-1.4617,남
2026-07-29T09:47:00,2026-07-29T00:47:00,180,1.4642,0.0,-1.4642,남
2026-07-29T09:48:00,2026-07-29T00:48:00,180,1.4666,0.0,-1.4666,남
2026-07-29T09:49:00,2026-07-29T00:49:00,180,1.4689,0.0,-1.4689,남
2026-07-29T09:50:00,2026-07-29T00:50:00,180,1.4712,0.0,-1.4712,남
2026-07-29T09:51:00,2026-07-29T00:51:00,180,1.4734,0.0,-1.4734,남
2026-07-29T09:52:00,2026-07-29T00:52:00,180,1.4755,0.0,-1.4755,남
2026-07-29T09:53:00,2026-07-29T00:53:00,180,1.4776,0.0,-1.4776,남
2026-07-29T09:54:00,2026-07-29T00:54:00,180,1.4797,0.0,-1.4797,남
2026-07-29T09:55:00,2026-07-29T00:55:00,180,1.4817,0.0,-1.4817,남
2026-07-29T09:56:00,2026-07-29T00:56:00,180,1.4836,0.0,-1.4836,남
2026-07-29T09:57:00,2026-07-29T00:57:00,180,1.4854,0.0,-1.4854,남
2026-07-29T09:58:00,2026-07-29T00:58:00,180,1.4872,0.0,-1.4872,남
2026-07-29T09:59:00,2026-07-29T00:59:00,180,1.489,0.0,-1.489,남
2026-07-29T10:00:00,2026-07-29T01:00:00,180,1.4906,0.0,-1.4906,남
2026-07-29T10:01:00,2026-07-29T01:01:00,180,1.4922,0.0,-1.4922,남
2026-07-29T10:02:00,2026-07-29T01:02:00,180,1.4938,0.0,-1.4938,남
2026-07-29T10:03:00,2026-07-29T01:03:00,180,1.4952,0.0,-1.4952,남
2026-07-29T10:04:00,2026-07-29T01:04:00,180,1.4966,0.0,-1.4966,남
2026-07-29T10:05:00,2026-07-29T01:05:00,180,1.4979,0.0,-1.4979,남
2026-07-29T10:06:00,2026-07-29T01:06:00,180,1.4992,0.0,-1.4992,남
2026-07-29T10:07:00,2026-07-29T01:07:00,180,1.5004,0.0,-1.5004,남
2026-07-29T10:08:00,2026-07-29T01:08:00,180,1.5015,0.0,-1.5015,남
2026-07-29T10:09:00,2026-07-29T01:09:00,180,1.5025,0.0,-1.5025,남
2026-07-29T10:10:00,2026-07-29T01:10:00,180,1.5034,0.0,-1.5034,남
2026-07-29T10:11:00,2026-07-29T01:11:00,180,1.5043,0.0,-1.5043,남
2026-07-29T10:12:00,2026-07-29T01:12:00,180,1.5051,0.0,-1.5051,남
2026-07-29T10:13:00,2026-07-29T01:13:00,180,1.5058,0.0,-1.5058,남
2026-07-29T10:14:00,2026-07-29T01:14:00,180,1.5064,0.0,-1.5064,남
2026-07-29T10:15:00,2026-07-29T01:15:00,180,1.5069,0.0,-1.5069,남
2026-07-29T10:16:00,2026-07-29T01:16:00,180,1.5074,0.0,-1.5074,남
2026-07-29T10:17:00,2026-07-29T01:17:00,180,1.5077,0.0,-1.5077,남
2026-07-29T10:18:00,2026-07-29T01:18:00,180,1.508,0.0,-1.508,남
2026-07-29T10:19:00,2026-07-29T01:19:00,180,1.5082,0.0,-1.5082,남
2026-07-29T10:20:00,2026-07-29T01:20:00,180,1.5083,0.0,-1.5083,남
2026-07-29T10:21:00,2026-07-29T01:21:00,180,1.5083,0.0,-1.5083,남
2026-07-29T10:22:00,2026-07-29T01:22:00,180,1.5082,0.0,-1.5082,남
2026-07-29T10:23:00,2026-07-29T01:23:00,180,1.5081,0.0,-1.5081,남
2026-07-29T10:24:00,2026-07-29T01:24:00,180,1.5078,0.0,-1.5078,남
2026-07-29T10:25:00,2026-07-29T01:25:00,180,1.5074,0.0,-1.5074,남
2026-07-29T10:26:00,2026-07-29T01:26:00,180,1.5069,0.0,-1.5069,남
2026-07-29T10:27:00,2026-07-29T01:27:00,180,1.5064,0.0,-1.5064,남
2026-07-29T10:28:00,2026-07-29T01:28:00,180,1.5057,0.0,-1.5057,남
2026-07-29T10:29:00,2026-07-29T01:29:00,180,1.505,0.0,-1.505,남
2026-07-29T10:30:00,2026-07-29T01:30:00,180,1.5041,0.0,-1.5041,남
2026-07-29T10:31:00,2026-07-29T01:31:00,180,1.5031,0.0,-1.5031,남
2026-07-29T10:32:00,2026-07-29T01:32:00,180,1.502,0.0,-1.502,남
2026-07-29T10:33:00,2026-07-29T01:33:00,180,1.5009,0.0,-1.5009,남
2026-07-29T10:34:00,2026-07-29T01:34:00,180,1.4996,0.0,-1.4996,남
2026-07-29T10:35:00,2026-07-29T01:35:00,180,1.4982,0.0,-1.4982,남
2026-07-29T10:36:00,2026-07-29T01:36:00,180,1.4967,0.0,-1.4967,남
2026-07-29T10:37:00,2026-07-29T01:37:00,180,1.4951,0.0,-1.4951,남
2026-07-29T10:38:00,2026-07-29T01:38:00,180,1.4934,0.0,-1.4934,남
2026-07-29T10:39:00,2026-07-29T01:39:00,180,1.4915,0.0,-1.4915,남
2026-07-29T10:40:00,2026-07-29T01:40:00,180,1.4896,0.0,-1.4896,남
2026-07-29T10:41:00,2026-07-29T01:41:00,180,1.4875,0.0,-1.4875,남
2026-07-29T10:42:00,2026-07-29T01:42:00,180,1.4854,0.0,-1.4854,남
2026-07-29T10:43:00,2026-07-29T01:43:00,180,1.4831,0.0,-1.4831,남
2026-07-29T10:44:00,2026-07-29T01:44:00,180,1.4807,0.0,-1.4807,남
2026-07-29T10:45:00,2026-07-29T01:45:00,180,1.4782,0.0,-1.4782,남
2026-07-29T10:46:00,2026-07-29T01:46:00,180,1.4755,0.0,-1.4755,남
2026-07-29T10:47:00,2026-07-29T01:47:00,180,1.4728,0.0,-1.4728,남
2026-07-29T10:48:00,2026-07-29T01:48:00,180,1.4699,0.0,-1.4699,남
2026-07-29T10:49:00,2026-07-29T01:49:00,180,1.4669,0.0,-1.4669,남
2026-07-29T10:50:00,2026-07-29T01:50:00,180,1.4638,0.0,-1.4638,남
2026-07-29T10:51:00,2026-07-29T01:51:00,180,1.4605,0.0,-1.4605,남
2026-07-29T10:52:00,2026-07-29T01:52:00,180,1.4571,0.0,-1.4571,남
2026-07-29T10:53:00,2026-07-29T01:53:00,180,1.4537,0.0,-1.4537,남
2026-07-29T10:54:00,2026-07-29T01:54:00,180,1.45,0.0,-1.45,남
2026-07-29T10:55:00,2026-07-29T01:55:00,180,1.4463,0.0,-1.4463,남
2026-07-29T10:56:00,2026-07-29T01:56:00,180,1.4424,0.0,-1.4424,남
2026-07-29T10:57:00,2026-07-29T01:57:00,180,1.4385,0.0,-1.4385,남
2026-07-29T10:58:00,2026-07-29T01:58:00,180,1.4343,0.0,-1.4343,남
2026-07-29T10:59:00,2026-07-29T01:59:00,180,1.4301,0.0,-1.4301,남
2026-07-29T11:00:00,2026-07-29T02:00:00,180,1.4257,0.0,-1.4257,남
2026-07-29T11:01:00,2026-07-29T02:01:00,180,1.4212,0.0,-1.4212,남
2026-07-29T11:02:00,2026-07-29T02:02:00,180,1.4166,0.0,-1.4166,남
2026-07-29T11:03:00,2026-07-29T02:03:00,180,1.4118,0.0,-1.4118,남
2026-07-29T11:04:00,2026-07-29T02:04:00,180,1.4069,0.0,-1.4069,남
2026-07-29T11:05:00,2026-07-29T02:05:00,180,1.4019,0.0,-1.4019,남
2026-07-29T11:06:00,2026-07-29T02:06:00,180,1.3968,0.0,-1.3968,남
2026-07-29T11:07:00,2026-07-29T02:07:00,180,1.3915,0.0,-1.3915,남
2026-07-29T11:08:00,2026-07-29T02:08:00,180,1.3861,0.0,-1.3861,남
2026-07-29T11:09:00,2026-07-29T02:09:00,180,1.3805,0.0,-1.3805,남
2026-07-29T11:10:00,2026-07-29T02:10:00,180,1.3749,0.0,-1.3749,남
2026-07-29T11:11:00,2026-07-29T02:11:00,180,1.3691,0.0,-1.3691,남
2026-07-29T11:12:00,2026-07-29T02:12:00,180,1.3631,0.0,-1.3631,남
2026-07-29T11:13:00,2026-07-29T02:13:00,180,1.3571,0.0,-1.3571,남
2026-07-29T11:14:00,2026-07-29T02:14:00,180,1.3509,0.0,-1.3509,남
2026-07-29T11:15:00,2026-07-29T02:15:00,180,1.3445,0.0,-1.3445,남
2026-07-29T11:16:00,2026-07-29T02:16:00,180,1.3381,0.0,-1.3381,남
2026-07-29T11:17:00,2026-07-29T02:17:00,180,1.3315,0.0,-1.3315,남
2026-07-29T11:18:00,2026-07-29T02:18:00,180,1.3248,0.0,-1.3248,남
2026-07-29T11:19:00,2026-07-29T02:19:00,180,1.3179,0.0,-1.3179,남
2026-07-29T11:20:00,2026-07-29T02:20:00,180,1.3109,0.0,-1.3109,남
2026-07-29T11:21:00,2026-07-29T02:21:00,180,1.3038,0.0,-1.3038,남
2026-07-29T11:22:00,2026-07-29T02:22:00,180,1.2966,0.0,-1.2966,남
2026-07-29T11:23:00,2026-07-29T02:23:00,180,1.2892,0.0,-1.2892,남
2026-07-29T11:24:00,2026-07-29T02:24:00,180,1.2817,0.0,-1.2817,남
2026-07-29T11:25:00,2026-07-29T02:25:00,180,1.2741,0.0,-1.2741,남
2026-07-29T11:26:00,2026-07-29T02:26:00,180,1.2663,0.0,-1.2663,남
2026-07-29T11:27:00,2026-07-29T02:27:00,180,1.2584,0.0,-1.2584,남
2026-07-29T11:28:00,2026-07-29T02:28:00,180,1.2504,0.0,-1.2504,남
2026-07-29T11:29:00,2026-07-29T02:29:00,180,1.2422,0.0,-1.2422,남
2026-07-29T11:30:00,2026-07-29T02:30:00,180,1.234,0.0,-1.234,남
2026-07-29T11:31:00,2026-07-29T02:31:00,180,1.2256,0.0,-1.2256,남
2026-07-29T11:32:00,2026-07-29T02:32:00,180,1.2171,0.0,-1.2171,남
2026-07-29T11:33:00,2026-07-29T02:33:00,180,1.2084,0.0,-1.2084,남
2026-07-29T11:34:00,2026-07-29T02:34:00,180,1.1996,0.0,-1.1996,남
2026-07-29T11:35:00,2026-07-29T02:35:00,180,1.1908,0.0,-1.1908,남
2026-07-29T11:36:00,2026-07-29T02:36:00,180,1.1817,0.0,-1.1817,남
2026-07-29T11:37:00,2026-07-29T02:37:00,180,1.1726,0.0,-1.1726,남
2026-07-29T11:38:00,2026-07-29T02:38:00,180,1.1634,0.0,-1.1634,남
2026-07-29T11:39:00,2026-07-29T02:39:00,180,1.154,0.0,-1.154,남
2026-07-29T11:40:00,2026-07-29T02:40:00,180,1.1445,0.0,-1.1445,남
2026-07-29T11:41:00,2026-07-29T02:41:00,180,1.1349,0.0,-1.1349,남
2026-07-29T11:42:00,2026-07-29T02:42:00,180,1.1252,0.0,-1.1252,남
2026-07-29T11:43:00,2026-07-29T02:43:00,180,1.1153,0.0,-1.1153,남
2026-07-29T11:44:00,2026-07-29T02:44:00,180,1.1054,0.0,-1.1054,남
2026-07-29T11:45:00,2026-07-29T02:45:00,180,1.0953,0.0,-1.0953,남
2026-07-29T11:46:00,2026-07-29T02:46:00,180,1.0852,0.0,-1.0852,남
2026-07-29T11:47:00,2026-07-29T02:47:00,180,1.0749,0.0,-1.0749,남
2026-07-29T11:48:00,2026-07-29T02:48:00,180,1.0645,0.0,-1.0645,남
2026-07-29T11:49:00,2026-07-29T02:49:00,180,1.054,0.0,-1.054,남
2026-07-29T11:50:00,2026-07-29T02:50:00,180,1.0434,0.0,-1.0434,남
2026-07-29T11:51:00,2026-07-29T02:51:00,180,1.0327,0.0,-1.0327,남
2026-07-29T11:52:00,2026-07-29T02:52:00,180,1.0219,0.0,-1.0219,남
2026-07-29T11:53:00,2026-07-29T02:53:00,180,1.011,0.0,-1.011,남
2026-07-29T11:54:00,2026-07-29T02:54:00,180,1.0,0.0,-1.0,남
2026-07-29T11:55:00,2026-07-29T02:55:00,180,0.9889,0.0,-0.9889,남
2026-07-29T11:56:00,2026-07-29T02:56:00,180,0.9777,0.0,-0.9777,남
2026-07-29T11:57:00,2026-07-29T02:57:00,180,0.9664,0.0,-0.9664,남
2026-07-29T11:58:00,2026-07-29T02:58:00,180,0.955,0.0,-0.955,남
2026-07-29T11:59:00,2026-07-29T02:59:00,180,0.9435,0.0,-0.9435,남
2026-07-29T12:00:00,2026-07-29T03:00:00,180,0.9319,0.0,-0.9319,남
2026-07-29T12:01:00,2026-07-29T03:01:00,180,0.9203,0.0,-0.9203,남
2026-07-29T12:02:00,2026-07-29T03:02:00,180,0.9085,0.0,-0.9085,남
2026-07-29T12:03:00,2026-07-29T03:03:00,180,0.8967,0.0,-0.8967,남
2026-07-29T12:04:00,2026-07-29T03:04:00,180,0.8848,0.0,-0.8848,남
2026-07-29T12:05:00,2026-07-29T03:05:00,180,0.8728,0.0,-0.8728,남
2026-07-29T12:06:00,2026-07-29T03:06:00,180,0.8608,0.0,-0.8608,남
2026-07-29T12:07:00,2026-07-29T03:07:00,180,0.8486,0.0,-0.8486,남
2026-07-29T12:08:00,2026-07-29T03:08:00,180,0.8364,0.0,-0.8364,남
2026-07-29T12:09:00,2026-07-29T03:09:00,180,0.8242,0.0,-0.8242,남
2026-07-29T12:10:00,2026-07-29T03:10:00,180,0.8118,0.0,-0.8118,남
2026-07-29T12:11:00,2026-07-29T03:11:00,180,0.7994,0.0,-0.7994,남
2026-07-29T12:12:00,2026-07-29T03:12:00,180,0.7869,0.0,-0.7869,남
2026-07-29T12:13:00,2026-07-29T03:13:00,180,0.7744,0.0,-0.7744,남
2026-07-29T12:14:00,2026-07-29T03:14:00,180,0.7618,0.0,-0.7618,남
2026-07-29T12:15:00,2026-07-29T03:15:00,180,0.7491,0.0,-0.7491,남
2026-07-29T12:16:00,2026-07-29T03:16:00,180,0.7364,0.0,-0.7364,남
2026-07-29T12:17:00,2026-07-29T03:17:00,180,0.7237,0.0,-0.7237,남
2026-07-29T12:18:00,2026-07-29T03:18:00,180,0.7109,0.0,-0.7109,남
2026-07-29T12:19:00,2026-07-29T03:19:00,180,0.698,0.0,-0.698,남
2026-07-29T12:20:00,2026-07-29T03:20:00,180,0.6851,0.0,-0.6851,남
2026-07-29T12:21:00,2026-07-29T03:21:00,180,0.6722,0.0,-0.6722,남
2026-07-29T12:22:00,2026-07-29T03:22:00,180,0.6592,0.0,-0.6592,남
2026-07-29T12:23:00,2026-07-29T03:23:00,180,0.6462,0.0,-0.6462,남
2026-07-29T12:24:00,2026-07-29T03:24:00,180,0.6331,0.0,-0.6331,남
2026-07-29T12:25:00,2026-07-29T03:25:00,180,0.62,0.0,-0.62,남
2026-07-29T12:26:00,2026-07-29T03:26:00,180,0.6069,0.0,-0.6069,남
2026-07-29T12:27:00,2026-07-29T03:27:00,180,0.5938,0.0,-0.5938,남
2026-07-29T12:28:00,2026-07-29T03:28:00,180,0.5807,0.0,-0.5807,남
2026-07-29T12:29:00,2026-07-29T03:29:00,180,0.5675,0.0,-0.5675,남
2026-07-29T12:30:00,2026-07-29T03:30:00,180,0.5543,0.0,-0.5543,남
2026-07-29T12:31:00,2026-07-29T03:31:00,180,0.5411,0.0,-0.5411,남
2026-07-29T12:32:00,2026-07-29T03:32:00,180,0.5279,0.0,-0.5279,남
2026-07-29T12:33:00,2026-07-29T03:33:00,180,0.5147,0.0,-0.5147,남
2026-07-29T12:34:00,2026-07-29T03:34:00,180,0.5015,0.0,-0.5015,남
2026-07-29T12:35:00,2026-07-29T03:35:00,180,0.4883,0.0,-0.4883,남
2026-07-29T12:36:00,2026-07-29T03:36:00,180,0.4751,0.0,-0.4751,남
2026-07-29T12:37:00,2026-07-29T03:37:00,180,0.462,0.0,-0.462,남
2026-07-29T12:38:00,2026-07-29T03:38:00,180,0.4488,0.0,-0.4488,남
2026-07-29T12:39:00,2026-07-29T03:39:00,180,0.4357,0.0,-0.4357,남
2026-07-29T12:40:00,2026-07-29T03:40:00,180,0.4226,0.0,-0.4226,남
2026-07-29T12:41:00,2026-07-29T03:41:00,180,0.4095,0.0,-0.4095,남
2026-07-29T12:42:00,2026-07-29T03:42:00,180,0.3965,0.0,-0.3965,남
2026-07-29T12:43:00,2026-07-29T03:43:00,180,0.3835,0.0,-0.3835,남
2026-07-29T12:44:00,2026-07-29T03:44:00,180,0.3706,0.0,-0.3706,남
2026-07-29T12:45:00,2026-07-29T03:45:00,180,0.3578,0.0,-0.3578,남
2026-07-29T12:46:00,2026-07-29T03:46:00,180,0.345,0.0,-0.345,남
2026-07-29T12:47:00,2026-07-29T03:47:00,180,0.3323,0.0,-0.3323,남
2026-07-29T12:48:00,2026-07-29T03:48:00,202.5,0.3197,-0.1223,-0.2954,남남서
2026-07-29T12:49:00,2026-07-29T03:49:00,202.5,0.3073,-0.1176,-0.2839,남남서
2026-07-29T12:50:00,2026-07-29T03:50:00,202.5,0.2949,-0.1129,-0.2725,남남서
2026-07-29T12:51:00,2026-07-29T03:51:00,202.5,0.2827,-0.1082,-0.2612,남남서
2026-07-29T12:52:00,2026-07-29T03:52:00,202.5,0.2706,-0.1036,-0.25,남남서
2026-07-29T12:53:00,2026-07-29T03:53:00,202.5,0.2587,-0.099,-0.239,남남서
2026-07-29T12:54:00,2026-07-29T03:54:00,202.5,0.247,-0.0945,-0.2282,남남서
2026-07-29T12:55:00,2026-07-29T03:55:00,202.5,0.2356,-0.0902,-0.2177,남남서
2026-07-29T12:56:00,2026-07-29T03:56:00,202.5,0.2244,-0.0859,-0.2073,남남서
2026-07-29T12:57:00,2026-07-29T03:57:00,202.5,0.2135,-0.0817,-0.1972,남남서
2026-07-29T12:58:00,2026-07-29T03:58:00,202.5,0.2029,-0.0776,-0.1875,남남서
2026-07-29T12:59:00,2026-07-29T03:59:00,202.5,0.1927,-0.0737,-0.178,남남서
2026-07-29T13:00:00,2026-07-29T04:00:00,202.5,0.183,-0.07,-0.1691,남남서
2026-07-29T13:01:00,2026-07-29T04:01:00,225,0.1738,-0.1229,-0.1229,남서
2026-07-29T13:02:00,2026-07-29T04:02:00,225,0.1653,-0.1169,-0.1169,남서
2026-07-29T13:03:00,2026-07-29T04:03:00,225,0.1574,-0.1113,-0.1113,남서
2026-07-29T13:04:00,2026-07-29T04:04:00,225,0.1503,-0.1063,-0.1063,남서
2026-07-29T13:05:00,2026-07-29T04:05:00,225,0.1441,-0.1019,-0.1019,남서
2026-07-29T13:06:00,2026-07-29T04:06:00,247.5,0.1389,-0.1283,-0.0532,서남서
2026-07-29T13:07:00,2026-07-29T04:07:00,247.5,0.1348,-0.1245,-0.0516,서남서
2026-07-29T13:08:00,2026-07-29T04:08:00,247.5,0.1319,-0.1219,-0.0505,서남서
2026-07-29T13:09:00,2026-07-29T04:09:00,247.5,0.1303,-0.1204,-0.0499,서남서
2026-07-29T13:10:00,2026-07-29T04:10:00,247.5,0.13,-0.1201,-0.0497,서남서
2026-07-29T13:11:00,2026-07-29T04:11:00,270,0.131,-0.131,-0.0,서
2026-07-29T13:12:00,2026-07-29T04:12:00,270,0.1332,-0.1332,-0.0,서
2026-07-29T13:13:00,2026-07-29T04:13:00,270,0.1366,-0.1366,-0.0,서
2026-07-29T13:14:00,2026-07-29T04:14:00,270,0.141,-0.141,-0.0,서
2026-07-29T13:15:00,2026-07-29T04:15:00,292.5,0.1464,-0.1353,0.056,서북서
2026-07-29T13:16:00,2026-07-29T04:16:00,292.5,0.1527,-0.1411,0.0584,서북서
2026-07-29T13:17:00,2026-07-29T04:17:00,292.5,0.1596,-0.1475,0.0611,서북서
2026-07-29T13:18:00,2026-07-29T04:18:00,292.5,0.1672,-0.1545,0.064,서북서
2026-07-29T13:19:00,2026-07-29T04:19:00,292.5,0.1753,-0.162,0.0671,서북서
2026-07-29T13:20:00,2026-07-29T04:20:00,292.5,0.1838,-0.1698,0.0703,서북서
2026-07-29T13:21:00,2026-07-29T04:21:00,315,0.1927,-0.1363,0.1363,북서
2026-07-29T13:22:00,2026-07-29T04:22:00,315,0.2019,-0.1428,0.1428,북서
2026-07-29T13:23:00,2026-07-29T04:23:00,315,0.2113,-0.1494,0.1494,북서
2026-07-29T13:24:00,2026-07-29T04:24:00,315,0.2209,-0.1562,0.1562,북서
2026-07-29T13:25:00,2026-07-29T04:25:00,315,0.2307,-0.1631,0.1631,북서
2026-07-29T13:26:00,2026-07-29T04:26:00,315,0.2407,-0.1702,0.1702,북서
2026-07-29T13:27:00,2026-07-29T04:27:00,315,0.2507,-0.1773,0.1773,북서
2026-07-29T13:28:00,2026-07-29T04:28:00,315,0.2608,-0.1844,0.1844,북서
2026-07-29T13:29:00,2026-07-29T04:29:00,315,0.271,-0.1916,0.1916,북서
2026-07-29T13:30:00,2026-07-29T04:30:00,315,0.2812,-0.1988,0.1988,북서
2026-07-29T13:31:00,2026-07-29T04:31:00,315,0.2914,-0.2061,0.2061,북서
2026-07-29T13:32:00,2026-07-29T04:32:00,315,0.3017,-0.2133,0.2133,북서
2026-07-29T13:33:00,2026-07-29T04:33:00,315,0.3119,-0.2205,0.2205,북서
2026-07-29T13:34:00,2026-07-29T04:34:00,315,0.3222,-0.2278,0.2278,북서
2026-07-29T13:35:00,2026-07-29T04:35:00,315,0.3324,-0.235,0.235,북서
2026-07-29T13:36:00,2026-07-29T04:36:00,315,0.3426,-0.2423,0.2423,북서
2026-07-29T13:37:00,2026-07-29T04:37:00,315,0.3527,-0.2494,0.2494,북서
2026-07-29T13:38:00,2026-07-29T04:38:00,315,0.3628,-0.2565,0.2565,북서
2026-07-29T13:39:00,2026-07-29T04:39:00,315,0.3729,-0.2637,0.2637,북서
2026-07-29T13:40:00,2026-07-29T04:40:00,337.5,0.3829,-0.1465,0.3538,북북서
2026-07-29T13:41:00,2026-07-29T04:41:00,337.5,0.3929,-0.1504,0.363,북북서
2026-07-29T13:42:00,2026-07-29T04:42:00,337.5,0.4028,-0.1541,0.3721,북북서
2026-07-29T13:43:00,2026-07-29T04:43:00,337.5,0.4126,-0.1579,0.3812,북북서
2026-07-29T13:44:00,2026-07-29T04:44:00,337.5,0.4224,-0.1616,0.3902,북북서
2026-07-29T13:45:00,2026-07-29T04:45:00,337.5,0.4321,-0.1654,0.3992,북북서
2026-07-29T13:46:00,2026-07-29T04:46:00,337.5,0.4418,-0.1691,0.4082,북북서
2026-07-29T13:47:00,2026-07-29T04:47:00,337.5,0.4513,-0.1727,0.4169,북북서
2026-07-29T13:48:00,2026-07-29T04:48:00,337.5,0.4608,-0.1763,0.4257,북북서
2026-07-29T13:49:00,2026-07-29T04:49:00,337.5,0.4702,-0.1799,0.4344,북북서
2026-07-29T13:50:00,2026-07-29T04:50:00,337.5,0.4795,-0.1835,0.443,북북서
2026-07-29T13:51:00,2026-07-29T04:51:00,337.5,0.4887,-0.187,0.4515,북북서
2026-07-29T13:52:00,2026-07-29T04:52:00,337.5,0.4979,-0.1905,0.46,북북서
2026-07-29T13:53:00,2026-07-29T04:53:00,337.5,0.5069,-0.194,0.4683,북북서
2026-07-29T13:54:00,2026-07-29T04:54:00,337.5,0.5159,-0.1974,0.4766,북북서
2026-07-29T13:55:00,2026-07-29T04:55:00,337.5,0.5248,-0.2008,0.4849,북북서
2026-07-29T13:56:00,2026-07-29T04:56:00,337.5,0.5336,-0.2042,0.493,북북서
2026-07-29T13:57:00,2026-07-29T04:57:00,337.5,0.5423,-0.2075,0.501,북북서
2026-07-29T13:58:00,2026-07-29T04:58:00,337.5,0.5509,-0.2108,0.509,북북서
2026-07-29T13:59:00,2026-07-29T04:59:00,337.5,0.5594,-0.2141,0.5168,북북서
2026-07-29T14:00:00,2026-07-29T05:00:00,337.5,0.5678,-0.2173,0.5246,북북서
2026-07-29T14:01:00,2026-07-29T05:01:00,337.5,0.5761,-0.2205,0.5322,북북서
2026-07-29T14:02:00,2026-07-29T05:02:00,337.5,0.5843,-0.2236,0.5398,북북서
2026-07-29T14:03:00,2026-07-29T05:03:00,337.5,0.5924,-0.2267,0.5473,북북서
2026-07-29T14:04:00,2026-07-29T05:04:00,337.5,0.6005,-0.2298,0.5548,북북서
2026-07-29T14:05:00,2026-07-29T05:05:00,337.5,0.6084,-0.2328,0.5621,북북서
2026-07-29T14:06:00,2026-07-29T05:06:00,337.5,0.6162,-0.2358,0.5693,북북서
2026-07-29T14:07:00,2026-07-29T05:07:00,337.5,0.624,-0.2388,0.5765,북북서
2026-07-29T14:08:00,2026-07-29T05:08:00,337.5,0.6316,-0.2417,0.5835,북북서
2026-07-29T14:09:00,2026-07-29T05:09:00,337.5,0.6391,-0.2446,0.5905,북북서
2026-07-29T14:10:00,2026-07-29T05:10:00,337.5,0.6466,-0.2474,0.5974,북북서
2026-07-29T14:11:00,2026-07-29T05:11:00,337.5,0.6539,-0.2502,0.6041,북북서
2026-07-29T14:12:00,2026-07-29T05:12:00,337.5,0.6611,-0.253,0.6108,북북서
2026-07-29T14:13:00,2026-07-29T05:13:00,337.5,0.6683,-0.2557,0.6174,북북서
2026-07-29T14:14:00,2026-07-29T05:14:00,337.5,0.6753,-0.2584,0.6239,북북서
2026-07-29T14:15:00,2026-07-29T05:15:00,337.5,0.6823,-0.2611,0.6304,북북서
2026-07-29T14:16:00,2026-07-29T05:16:00,337.5,0.6891,-0.2637,0.6366,북북서
2026-07-29T14:17:00,2026-07-29T05:17:00,337.5,0.6959,-0.2663,0.6429,북북서
2026-07-29T14:18:00,2026-07-29T05:18:00,337.5,0.7025,-0.2688,0.649,북북서
2026-07-29T14:19:00,2026-07-29T05:19:00,337.5,0.709,-0.2713,0.655,북북서
2026-07-29T14:20:00,2026-07-29T05:20:00,337.5,0.7155,-0.2738,0.661,북북서
2026-07-29T14:21:00,2026-07-29T05:21:00,337.5,0.7218,-0.2762,0.6669,북북서
2026-07-29T14:22:00,2026-07-29T05:22:00,337.5,0.7281,-0.2786,0.6727,북북서
2026-07-29T14:23:00,2026-07-29T05:23:00,337.5,0.7342,-0.281,0.6783,북북서
2026-07-29T14:24:00,2026-07-29T05:24:00,337.5,0.7403,-0.2833,0.6839,북북서
2026-07-29T14:25:00,2026-07-29T05:25:00,337.5,0.7462,-0.2856,0.6894,북북서
2026-07-29T14:26:00,2026-07-29T05:26:00,337.5,0.7521,-0.2878,0.6948,북북서
2026-07-29T14:27:00,2026-07-29T05:27:00,337.5,0.7578,-0.29,0.7001,북북서
2026-07-29T14:28:00,2026-07-29T05:28:00,337.5,0.7635,-0.2922,0.7054,북북서
2026-07-29T14:29:00,2026-07-29T05:29:00,337.5,0.7691,-0.2943,0.7106,북북서
2026-07-29T14:30:00,2026-07-29T05:30:00,337.5,0.7745,-0.2964,0.7155,북북서
2026-07-29T14:31:00,2026-07-29T05:31:00,337.5,0.7799,-0.2985,0.7205,북북서
2026-07-29T14:32:00,2026-07-29T05:32:00,337.5,0.7852,-0.3005,0.7254,북북서
2026-07-29T14:33:00,2026-07-29T05:33:00,337.5,0.7904,-0.3025,0.7302,북북서
2026-07-29T14:34:00,2026-07-29T05:34:00,337.5,0.7955,-0.3044,0.7349,북북서
2026-07-29T14:35:00,2026-07-29T05:35:00,337.5,0.8005,-0.3063,0.7396,북북서
2026-07-29T14:36:00,2026-07-29T05:36:00,337.5,0.8054,-0.3082,0.7441,북북서
2026-07-29T14:37:00,2026-07-29T05:37:00,337.5,0.8102,-0.3101,0.7485,북북서
2026-07-29T14:38:00,2026-07-29T05:38:00,337.5,0.8149,-0.3118,0.7529,북북서
2026-07-29T14:39:00,2026-07-29T05:39:00,337.5,0.8196,-0.3136,0.7572,북북서
2026-07-29T14:40:00,2026-07-29T05:40:00,337.5,0.8241,-0.3154,0.7614,북북서
2026-07-29T14:41:00,2026-07-29T05:41:00,337.5,0.8286,-0.3171,0.7655,북북서
2026-07-29T14:42:00,2026-07-29T05:42:00,337.5,0.8329,-0.3187,0.7695,북북서
2026-07-29T14:43:00,2026-07-29T05:43:00,337.5,0.8372,-0.3204,0.7735,북북서
2026-07-29T14:44:00,2026-07-29T05:44:00,337.5,0.8414,-0.322,0.7774,북북서
2026-07-29T14:45:00,2026-07-29T05:45:00,337.5,0.8455,-0.3236,0.7811,북북서
2026-07-29T14:46:00,2026-07-29T05:46:00,337.5,0.8495,-0.3251,0.7848,북북서
2026-07-29T14:47:00,2026-07-29T05:47:00,337.5,0.8534,-0.3266,0.7884,북북서
2026-07-29T14:48:00,2026-07-29T05:48:00,337.5,0.8573,-0.3281,0.792,북북서
2026-07-29T14:49:00,2026-07-29T05:49:00,337.5,0.861,-0.3295,0.7955,북북서
2026-07-29T14:50:00,2026-07-29T05:50:00,337.5,0.8647,-0.3309,0.7989,북북서
2026-07-29T14:51:00,2026-07-29T05:51:00,337.5,0.8683,-0.3323,0.8022,북북서
2026-07-29T14:52:00,2026-07-29T05:52:00,337.5,0.8718,-0.3336,0.8054,북북서
2026-07-29T14:53:00,2026-07-29T05:53:00,337.5,0.8752,-0.3349,0.8086,북북서
2026-07-29T14:54:00,2026-07-29T05:54:00,337.5,0.8785,-0.3362,0.8116,북북서
2026-07-29T14:55:00,2026-07-29T05:55:00,337.5,0.8818,-0.3375,0.8147,북북서
2026-07-29T14:56:00,2026-07-29T05:56:00,337.5,0.885,-0.3387,0.8176,북북서
2026-07-29T14:57:00,2026-07-29T05:57:00,337.5,0.8881,-0.3399,0.8205,북북서
2026-07-29T14:58:00,2026-07-29T05:58:00,337.5,0.8911,-0.341,0.8233,북북서
2026-07-29T14:59:00,2026-07-29T05:59:00,337.5,0.894,-0.3421,0.8259,북북서
2026-07-29T15:00:00,2026-07-29T06:00:00,337.5,0.8969,-0.3432,0.8286,북북서
2026-07-29T15:01:00,2026-07-29T06:01:00,337.5,0.8997,-0.3443,0.8312,북북서
2026-07-29T15:02:00,2026-07-29T06:02:00,337.5,0.9024,-0.3453,0.8337,북북서
2026-07-29T15:03:00,2026-07-29T06:03:00,337.5,0.905,-0.3463,0.8361,북북서
2026-07-29T15:04:00,2026-07-29T06:04:00,337.5,0.9076,-0.3473,0.8385,북북서
2026-07-29T15:05:00,2026-07-29T06:05:00,337.5,0.9101,-0.3483,0.8408,북북서
2026-07-29T15:06:00,2026-07-29T06:06:00,337.5,0.9125,-0.3492,0.843,북북서
2026-07-29T15:07:00,2026-07-29T06:07:00,337.5,0.9148,-0.3501,0.8452,북북서
2026-07-29T15:08:00,2026-07-29T06:08:00,337.5,0.9171,-0.351,0.8473,북북서
2026-07-29T15:09:00,2026-07-29T06:09:00,337.5,0.9192,-0.3518,0.8492,북북서
2026-07-29T15:10:00,2026-07-29T06:10:00,337.5,0.9214,-0.3526,0.8513,북북서
2026-07-29T15:11:00,2026-07-29T06:11:00,337.5,0.9234,-0.3534,0.8531,북북서
2026-07-29T15:12:00,2026-07-29T06:12:00,337.5,0.9254,-0.3541,0.855,북북서
2026-07-29T15:13:00,2026-07-29T06:13:00,337.5,0.9273,-0.3549,0.8567,북북서
2026-07-29T15:14:00,2026-07-29T06:14:00,337.5,0.9291,-0.3556,0.8584,북북서
2026-07-29T15:15:00,2026-07-29T06:15:00,337.5,0.9309,-0.3562,0.86,북북서
2026-07-29T15:16:00,2026-07-29T06:16:00,337.5,0.9325,-0.3569,0.8615,북북서
2026-07-29T15:17:00,2026-07-29T06:17:00,337.5,0.9342,-0.3575,0.8631,북북서
2026-07-29T15:18:00,2026-07-29T06:18:00,337.5,0.9357,-0.3581,0.8645,북북서
2026-07-29T15:19:00,2026-07-29T06:19:00,337.5,0.9372,-0.3587,0.8659,북북서
2026-07-29T15:20:00,2026-07-29T06:20:00,337.5,0.9386,-0.3592,0.8672,북북서
2026-07-29T15:21:00,2026-07-29T06:21:00,337.5,0.9399,-0.3597,0.8684,북북서
2026-07-29T15:22:00,2026-07-29T06:22:00,337.5,0.9412,-0.3602,0.8696,북북서
2026-07-29T15:23:00,2026-07-29T06:23:00,337.5,0.9424,-0.3606,0.8707,북북서
2026-07-29T15:24:00,2026-07-29T06:24:00,337.5,0.9436,-0.3611,0.8718,북북서
2026-07-29T15:25:00,2026-07-29T06:25:00,337.5,0.9447,-0.3615,0.8728,북북서
2026-07-29T15:26:00,2026-07-29T06:26:00,337.5,0.9457,-0.3619,0.8737,북북서
2026-07-29T15:27:00,2026-07-29T06:27:00,337.5,0.9466,-0.3622,0.8745,북북서
2026-07-29T15:28:00,2026-07-29T06:28:00,337.5,0.9475,-0.3626,0.8754,북북서
2026-07-29T15:29:00,2026-07-29T06:29:00,337.5,0.9483,-0.3629,0.8761,북북서
2026-07-29T15:30:00,2026-07-29T06:30:00,337.5,0.9491,-0.3632,0.8769,북북서
2026-07-29T15:31:00,2026-07-29T06:31:00,337.5,0.9497,-0.3634,0.8774,북북서
2026-07-29T15:32:00,2026-07-29T06:32:00,337.5,0.9504,-0.3637,0.8781,북북서
2026-07-29T15:33:00,2026-07-29T06:33:00,337.5,0.9509,-0.3639,0.8785,북북서
2026-07-29T15:34:00,2026-07-29T06:34:00,337.5,0.9514,-0.3641,0.879,북북서
2026-07-29T15:35:00,2026-07-29T06:35:00,337.5,0.9518,-0.3642,0.8793,북북서
2026-07-29T15:36:00,2026-07-29T06:36:00,337.5,0.9522,-0.3644,0.8797,북북서
2026-07-29T15:37:00,2026-07-29T06:37:00,337.5,0.9525,-0.3645,0.88,북북서
2026-07-29T15:38:00,2026-07-29T06:38:00,337.5,0.9527,-0.3646,0.8802,북북서
2026-07-29T15:39:00,2026-07-29T06:39:00,337.5,0.9529,-0.3647,0.8804,북북서
2026-07-29T15:40:00,2026-07-29T06:40:00,337.5,0.953,-0.3647,0.8805,북북서
2026-07-29T15:41:00,2026-07-29T06:41:00,337.5,0.953,-0.3647,0.8805,북북서
2026-07-29T15:42:00,2026-07-29T06:42:00,337.5,0.953,-0.3647,0.8805,북북서
2026-07-29T15:43:00,2026-07-29T06:43:00,337.5,0.9529,-0.3647,0.8804,북북서
2026-07-29T15:44:00,2026-07-29T06:44:00,337.5,0.9527,-0.3646,0.8802,북북서
2026-07-29T15:45:00,2026-07-29T06:45:00,337.5,0.9525,-0.3645,0.88,북북서
2026-07-29T15:46:00,2026-07-29T06:46:00,337.5,0.9522,-0.3644,0.8797,북북서
2026-07-29T15:47:00,2026-07-29T06:47:00,337.5,0.9519,-0.3643,0.8794,북북서
2026-07-29T15:48:00,2026-07-29T06:48:00,337.5,0.9515,-0.3641,0.8791,북북서
2026-07-29T15:49:00,2026-07-29T06:49:00,337.5,0.951,-0.3639,0.8786,북북서
2026-07-29T15:50:00,2026-07-29T06:50:00,337.5,0.9504,-0.3637,0.8781,북북서
2026-07-29T15:51:00,2026-07-29T06:51:00,337.5,0.9498,-0.3635,0.8775,북북서
2026-07-29T15:52:00,2026-07-29T06:52:00,337.5,0.9491,-0.3632,0.8769,북북서
2026-07-29T15:53:00,2026-07-29T06:53:00,337.5,0.9484,-0.3629,0.8762,북북서
2026-07-29T15:54:00,2026-07-29T06:54:00,337.5,0.9476,-0.3626,0.8755,북북서
2026-07-29T15:55:00,2026-07-29T06:55:00,337.5,0.9467,-0.3623,0.8746,북북서
2026-07-29T15:56:00,2026-07-29T06:56:00,337.5,0.9457,-0.3619,0.8737,북북서
2026-07-29T15:57:00,2026-07-29T06:57:00,337.5,0.9447,-0.3615,0.8728,북북서
2026-07-29T15:58:00,2026-07-29T06:58:00,337.5,0.9436,-0.3611,0.8718,북북서
2026-07-29T15:59:00,2026-07-29T06:59:00,337.5,0.9425,-0.3607,0.8708,북북서
2026-07-29T16:00:00,2026-07-29T07:00:00,337.5,0.9413,-0.3602,0.8696,북북서
2026-07-29T16:01:00,2026-07-29T07:01:00,337.5,0.94,-0.3597,0.8684,북북서
2026-07-29T16:02:00,2026-07-29T07:02:00,337.5,0.9386,-0.3592,0.8672,북북서
2026-07-29T16:03:00,2026-07-29T07:03:00,337.5,0.9372,-0.3587,0.8659,북북서
2026-07-29T16:04:00,2026-07-29T07:04:00,337.5,0.9357,-0.3581,0.8645,북북서
2026-07-29T16:05:00,2026-07-29T07:05:00,337.5,0.9341,-0.3575,0.863,북북서
2026-07-29T16:06:00,2026-07-29T07:06:00,337.5,0.9325,-0.3569,0.8615,북북서
2026-07-29T16:07:00,2026-07-29T07:07:00,337.5,0.9308,-0.3562,0.8599,북북서
2026-07-29T16:08:00,2026-07-29T07:08:00,337.5,0.929,-0.3555,0.8583,북북서
2026-07-29T16:09:00,2026-07-29T07:09:00,337.5,0.9271,-0.3548,0.8565,북북서
2026-07-29T16:10:00,2026-07-29T07:10:00,337.5,0.9252,-0.3541,0.8548,북북서
2026-07-29T16:11:00,2026-07-29T07:11:00,337.5,0.9232,-0.3533,0.8529,북북서
2026-07-29T16:12:00,2026-07-29T07:12:00,337.5,0.9211,-0.3525,0.851,북북서
2026-07-29T16:13:00,2026-07-29T07:13:00,337.5,0.919,-0.3517,0.849,북북서
2026-07-29T16:14:00,2026-07-29T07:14:00,337.5,0.9167,-0.3508,0.8469,북북서
2026-07-29T16:15:00,2026-07-29T07:15:00,337.5,0.9144,-0.3499,0.8448,북북서
2026-07-29T16:16:00,2026-07-29T07:16:00,337.5,0.9121,-0.349,0.8427,북북서
2026-07-29T16:17:00,2026-07-29T07:17:00,337.5,0.9096,-0.3481,0.8404,북북서
2026-07-29T16:18:00,2026-07-29T07:18:00,337.5,0.9071,-0.3471,0.8381,북북서
2026-07-29T16:19:00,2026-07-29T07:19:00,337.5,0.9044,-0.3461,0.8356,북북서
2026-07-29T16:20:00,2026-07-29T07:20:00,337.5,0.9018,-0.3451,0.8332,북북서
2026-07-29T16:21:00,2026-07-29T07:21:00,337.5,0.899,-0.344,0.8306,북북서
2026-07-29T16:22:00,2026-07-29T07:22:00,337.5,0.8961,-0.3429,0.8279,북북서
2026-07-29T16:23:00,2026-07-29T07:23:00,337.5,0.8932,-0.3418,0.8252,북북서
2026-07-29T16:24:00,2026-07-29T07:24:00,337.5,0.8902,-0.3407,0.8224,북북서
2026-07-29T16:25:00,2026-07-29T07:25:00,337.5,0.8871,-0.3395,0.8196,북북서
2026-07-29T16:26:00,2026-07-29T07:26:00,337.5,0.8839,-0.3383,0.8166,북북서
2026-07-29T16:27:00,2026-07-29T07:27:00,337.5,0.8806,-0.337,0.8136,북북서
2026-07-29T16:28:00,2026-07-29T07:28:00,337.5,0.8773,-0.3357,0.8105,북북서
2026-07-29T16:29:00,2026-07-29T07:29:00,337.5,0.8738,-0.3344,0.8073,북북서
2026-07-29T16:30:00,2026-07-29T07:30:00,337.5,0.8703,-0.333,0.8041,북북서
2026-07-29T16:31:00,2026-07-29T07:31:00,337.5,0.8667,-0.3317,0.8007,북북서
2026-07-29T16:32:00,2026-07-29T07:32:00,337.5,0.863,-0.3303,0.7973,북북서
2026-07-29T16:33:00,2026-07-29T07:33:00,337.5,0.8593,-0.3288,0.7939,북북서
2026-07-29T16:34:00,2026-07-29T07:34:00,337.5,0.8554,-0.3273,0.7903,북북서
2026-07-29T16:35:00,2026-07-29T07:35:00,337.5,0.8514,-0.3258,0.7866,북북서
2026-07-29T16:36:00,2026-07-29T07:36:00,337.5,0.8474,-0.3243,0.7829,북북서
2026-07-29T16:37:00,2026-07-29T07:37:00,337.5,0.8433,-0.3227,0.7791,북북서
2026-07-29T16:38:00,2026-07-29T07:38:00,337.5,0.839,-0.3211,0.7751,북북서
2026-07-29T16:39:00,2026-07-29T07:39:00,337.5,0.8347,-0.3194,0.7712,북북서
2026-07-29T16:40:00,2026-07-29T07:40:00,337.5,0.8303,-0.3177,0.7671,북북서
2026-07-29T16:41:00,2026-07-29T07:41:00,337.5,0.8258,-0.316,0.7629,북북서
2026-07-29T16:42:00,2026-07-29T07:42:00,337.5,0.8212,-0.3143,0.7587,북북서
2026-07-29T16:43:00,2026-07-29T07:43:00,337.5,0.8165,-0.3125,0.7543,북북서
2026-07-29T16:44:00,2026-07-29T07:44:00,337.5,0.8118,-0.3107,0.75,북북서
2026-07-29T16:45:00,2026-07-29T07:45:00,337.5,0.8069,-0.3088,0.7455,북북서
2026-07-29T16:46:00,2026-07-29T07:46:00,337.5,0.8019,-0.3069,0.7409,북북서
2026-07-29T16:47:00,2026-07-29T07:47:00,337.5,0.7969,-0.305,0.7362,북북서
2026-07-29T16:48:00,2026-07-29T07:48:00,337.5,0.7917,-0.303,0.7314,북북서
2026-07-29T16:49:00,2026-07-29T07:49:00,337.5,0.7864,-0.3009,0.7265,북북서
2026-07-29T16:50:00,2026-07-29T07:50:00,337.5,0.7811,-0.2989,0.7216,북북서
2026-07-29T16:51:00,2026-07-29T07:51:00,337.5,0.7756,-0.2968,0.7166,북북서
2026-07-29T16:52:00,2026-07-29T07:52:00,337.5,0.7701,-0.2947,0.7115,북북서
2026-07-29T16:53:00,2026-07-29T07:53:00,337.5,0.7644,-0.2925,0.7062,북북서
2026-07-29T16:54:00,2026-07-29T07:54:00,337.5,0.7587,-0.2903,0.7009,북북서
2026-07-29T16:55:00,2026-07-29T07:55:00,337.5,0.7528,-0.2881,0.6955,북북서
2026-07-29T16:56:00,2026-07-29T07:56:00,337.5,0.7469,-0.2858,0.69,북북서
2026-07-29T16:57:00,2026-07-29T07:57:00,337.5,0.7409,-0.2835,0.6845,북북서
2026-07-29T16:58:00,2026-07-29T07:58:00,337.5,0.7347,-0.2812,0.6788,북북서
2026-07-29T16:59:00,2026-07-29T07:59:00,337.5,0.7285,-0.2788,0.673,북북서
2026-07-29T17:00:00,2026-07-29T08:00:00,337.5,0.7221,-0.2763,0.6671,북북서
2026-07-29T17:01:00,2026-07-29T08:01:00,337.5,0.7157,-0.2739,0.6612,북북서
2026-07-29T17:02:00,2026-07-29T08:02:00,337.5,0.7091,-0.2714,0.6551,북북서
2026-07-29T17:03:00,2026-07-29T08:03:00,337.5,0.7025,-0.2688,0.649,북북서
2026-07-29T17:04:00,2026-07-29T08:04:00,337.5,0.6957,-0.2662,0.6427,북북서
2026-07-29T17:05:00,2026-07-29T08:05:00,337.5,0.6888,-0.2636,0.6364,북북서
2026-07-29T17:06:00,2026-07-29T08:06:00,337.5,0.6819,-0.261,0.63,북북서
2026-07-29T17:07:00,2026-07-29T08:07:00,337.5,0.6748,-0.2582,0.6234,북북서
2026-07-29T17:08:00,2026-07-29T08:08:00,337.5,0.6677,-0.2555,0.6169,북북서
2026-07-29T17:09:00,2026-07-29T08:09:00,337.5,0.6604,-0.2527,0.6101,북북서
2026-07-29T17:10:00,2026-07-29T08:10:00,337.5,0.653,-0.2499,0.6033,북북서
2026-07-29T17:11:00,2026-07-29T08:11:00,337.5,0.6456,-0.2471,0.5965,북북서
2026-07-29T17:12:00,2026-07-29T08:12:00,337.5,0.638,-0.2442,0.5894,북북서
2026-07-29T17:13:00,2026-07-29T08:13:00,337.5,0.6303,-0.2412,0.5823,북북서
2026-07-29T17:14:00,2026-07-29T08:14:00,337.5,0.6225,-0.2382,0.5751,북북서
2026-07-29T17:15:00,2026-07-29T08:15:00,337.5,0.6146,-0.2352,0.5678,북북서
2026-07-29T17:16:00,2026-07-29T08:16:00,337.5,0.6067,-0.2322,0.5605,북북서
2026-07-29T17:17:00,2026-07-29T08:17:00,337.5,0.5986,-0.2291,0.553,북북서
2026-07-29T17:18:00,2026-07-29T08:18:00,337.5,0.5904,-0.2259,0.5455,북북서
2026-07-29T17:19:00,2026-07-29T08:19:00,337.5,0.5821,-0.2228,0.5378,북북서
2026-07-29T17:20:00,2026-07-29T08:20:00,337.5,0.5737,-0.2195,0.53,북북서
2026-07-29T17:21:00,2026-07-29T08:21:00,337.5,0.5652,-0.2163,0.5222,북북서
2026-07-29T17:22:00,2026-07-29T08:22:00,337.5,0.5566,-0.213,0.5142,북북서
2026-07-29T17:23:00,2026-07-29T08:23:00,337.5,0.5479,-0.2097,0.5062,북북서
2026-07-29T17:24:00,2026-07-29T08:24:00,337.5,0.5391,-0.2063,0.4981,북북서
2026-07-29T17:25:00,2026-07-29T08:25:00,337.5,0.5302,-0.2029,0.4898,북북서
2026-07-29T17:26:00,2026-07-29T08:26:00,337.5,0.5212,-0.1995,0.4815,북북서
2026-07-29T17:27:00,2026-07-29T08:27:00,337.5,0.5121,-0.196,0.4731,북북서
2026-07-29T17:28:00,2026-07-29T08:28:00,337.5,0.5029,-0.1925,0.4646,북북서
2026-07-29T17:29:00,2026-07-29T08:29:00,337.5,0.4937,-0.1889,0.4561,북북서
2026-07-29T17:30:00,2026-07-29T08:30:00,337.5,0.4843,-0.1853,0.4474,북북서
2026-07-29T17:31:00,2026-07-29T08:31:00,337.5,0.4748,-0.1817,0.4387,북북서
2026-07-29T17:32:00,2026-07-29T08:32:00,337.5,0.4652,-0.178,0.4298,북북서
2026-07-29T17:33:00,2026-07-29T08:33:00,337.5,0.4555,-0.1743,0.4208,북북서
2026-07-29T17:34:00,2026-07-29T08:34:00,337.5,0.4458,-0.1706,0.4119,북북서
2026-07-29T17:35:00,2026-07-29T08:35:00,337.5,0.4359,-0.1668,0.4027,북북서
2026-07-29T17:36:00,2026-07-29T08:36:00,337.5,0.426,-0.163,0.3936,북북서
2026-07-29T17:37:00,2026-07-29T08:37:00,337.5,0.4159,-0.1592,0.3842,북북서
2026-07-29T17:38:00,2026-07-29T08:38:00,337.5,0.4058,-0.1553,0.3749,북북서
2026-07-29T17:39:00,2026-07-29T08:39:00,337.5,0.3956,-0.1514,0.3655,북북서
2026-07-29T17:40:00,2026-07-29T08:40:00,337.5,0.3853,-0.1474,0.356,북북서
2026-07-29T17:41:00,2026-07-29T08:41:00,337.5,0.3749,-0.1435,0.3464,북북서
2026-07-29T17:42:00,2026-07-29T08:42:00,337.5,0.3644,-0.1394,0.3367,북북서
2026-07-29T17:43:00,2026-07-29T08:43:00,337.5,0.3539,-0.1354,0.327,북북서
2026-07-29T17:44:00,2026-07-29T08:44:00,337.5,0.3432,-0.1313,0.3171,북북서
2026-07-29T17:45:00,2026-07-29T08:45:00,337.5,0.3325,-0.1272,0.3072,북북서
2026-07-29T17:46:00,2026-07-29T08:46:00,337.5,0.3217,-0.1231,0.2972,북북서
2026-07-29T17:47:00,2026-07-29T08:47:00,337.5,0.3109,-0.119,0.2872,북북서
2026-07-29T17:48:00,2026-07-29T08:48:00,337.5,0.2999,-0.1148,0.2771,북북서
2026-07-29T17:49:00,2026-07-29T08:49:00,337.5,0.2889,-0.1106,0.2669,북북서
2026-07-29T17:50:00,2026-07-29T08:50:00,337.5,0.2779,-0.1063,0.2567,북북서
2026-07-29T17:51:00,2026-07-29T08:51:00,337.5,0.2667,-0.1021,0.2464,북북서
2026-07-29T17:52:00,2026-07-29T08:52:00,337.5,0.2555,-0.0978,0.2361,북북서
2026-07-29T17:53:00,2026-07-29T08:53:00,337.5,0.2443,-0.0935,0.2257,북북서
2026-07-29T17:54:00,2026-07-29T08:54:00,337.5,0.233,-0.0892,0.2153,북북서
2026-07-29T17:55:00,2026-07-29T08:55:00,337.5,0.2216,-0.0848,0.2047,북북서
2026-07-29T17:56:00,2026-07-29T08:56:00,337.5,0.2103,-0.0805,0.1943,북북서
2026-07-29T17:57:00,2026-07-29T08:57:00,337.5,0.1989,-0.0761,0.1838,북북서
2026-07-29T17:58:00,2026-07-29T08:58:00,315,0.1874,-0.1325,0.1325,북서
2026-07-29T17:59:00,2026-07-29T08:59:00,315,0.176,-0.1245,0.1245,북서
2026-07-29T18:00:00,2026-07-29T09:00:00,315,0.1646,-0.1164,0.1164,북서
2026-07-29T18:01:00,2026-07-29T09:01:00,315,0.1532,-0.1083,0.1083,북서
2026-07-29T18:02:00,2026-07-29T09:02:00,315,0.1418,-0.1003,0.1003,북서
2026-07-29T18:03:00,2026-07-29T09:03:00,315,0.1305,-0.0923,0.0923,북서
2026-07-29T18:04:00,2026-07-29T09:04:00,315,0.1194,-0.0844,0.0844,북서
2026-07-29T18:05:00,2026-07-29T09:05:00,315,0.1085,-0.0767,0.0767,북서
2026-07-29T18:06:00,2026-07-29T09:06:00,315,0.0978,-0.0692,0.0692,북서
2026-07-29T18:07:00,2026-07-29T09:07:00,315,0.0875,-0.0619,0.0619,북서
2026-07-29T18:08:00,2026-07-29T09:08:00,292.5,0.0779,-0.072,0.0298,서북서
2026-07-29T18:09:00,2026-07-29T09:09:00,292.5,0.0691,-0.0638,0.0264,서북서
2026-07-29T18:10:00,2026-07-29T09:10:00,292.5,0.0617,-0.057,0.0236,서북서
2026-07-29T18:11:00,2026-07-29T09:11:00,270,0.0561,-0.0561,-0.0,서
2026-07-29T18:12:00,2026-07-29T09:12:00,270,0.053,-0.053,-0.0,서
2026-07-29T18:13:00,2026-07-29T09:13:00,247.5,0.0528,-0.0488,-0.0202,서남서
2026-07-29T18:14:00,2026-07-29T09:14:00,225,0.0557,-0.0394,-0.0394,남서
2026-07-29T18:15:00,2026-07-29T09:15:00,225,0.0612,-0.0433,-0.0433,남서
2026-07-29T18:16:00,2026-07-29T09:16:00,202.5,0.0687,-0.0263,-0.0635,남남서
2026-07-29T18:17:00,2026-07-29T09:17:00,202.5,0.0777,-0.0297,-0.0718,남남서
2026-07-29T18:18:00,2026-07-29T09:18:00,202.5,0.0877,-0.0336,-0.081,남남서
2026-07-29T18:19:00,2026-07-29T09:19:00,202.5,0.0984,-0.0377,-0.0909,남남서
2026-07-29T18:20:00,2026-07-29T09:20:00,202.5,0.1097,-0.042,-0.1013,남남서
2026-07-29T18:21:00,2026-07-29T09:21:00,180,0.1213,0.0,-0.1213,남
2026-07-29T18:22:00,2026-07-29T09:22:00,180,0.1333,0.0,-0.1333,남
2026-07-29T18:23:00,2026-07-29T09:23:00,180,0.1454,0.0,-0.1454,남
2026-07-29T18:24:00,2026-07-29T09:24:00,180,0.1578,0.0,-0.1578,남
2026-07-29T18:25:00,2026-07-29T09:25:00,180,0.1703,0.0,-0.1703,남
2026-07-29T18:26:00,2026-07-29T09:26:00,180,0.1829,0.0,-0.1829,남
2026-07-29T18:27:00,2026-07-29T09:27:00,180,0.1956,0.0,-0.1956,남
2026-07-29T18:28:00,2026-07-29T09:28:00,180,0.2084,0.0,-0.2084,남
2026-07-29T18:29:00,2026-07-29T09:29:00,180,0.2212,0.0,-0.2212,남
2026-07-29T18:30:00,2026-07-29T09:30:00,180,0.2342,0.0,-0.2342,남
2026-07-29T18:31:00,2026-07-29T09:31:00,180,0.2471,0.0,-0.2471,남
2026-07-29T18:32:00,2026-07-29T09:32:00,180,0.2601,0.0,-0.2601,남
2026-07-29T18:33:00,2026-07-29T09:33:00,180,0.2732,0.0,-0.2732,남
2026-07-29T18:34:00,2026-07-29T09:34:00,180,0.2863,0.0,-0.2863,남
2026-07-29T18:35:00,2026-07-29T09:35:00,180,0.2994,0.0,-0.2994,남
2026-07-29T18:36:00,2026-07-29T09:36:00,180,0.3125,0.0,-0.3125,남
2026-07-29T18:37:00,2026-07-29T09:37:00,180,0.3256,0.0,-0.3256,남
2026-07-29T18:38:00,2026-07-29T09:38:00,180,0.3388,0.0,-0.3388,남
2026-07-29T18:39:00,2026-07-29T09:39:00,180,0.3519,0.0,-0.3519,남
2026-07-29T18:40:00,2026-07-29T09:40:00,180,0.3651,0.0,-0.3651,남
2026-07-29T18:41:00,2026-07-29T09:41:00,180,0.3783,0.0,-0.3783,남
2026-07-29T18:42:00,2026-07-29T09:42:00,180,0.3914,0.0,-0.3914,남
2026-07-29T18:43:00,2026-07-29T09:43:00,180,0.4046,0.0,-0.4046,남
2026-07-29T18:44:00,2026-07-29T09:44:00,180,0.4178,0.0,-0.4178,남
2026-07-29T18:45:00,2026-07-29T09:45:00,180,0.4309,0.0,-0.4309,남
2026-07-29T18:46:00,2026-07-29T09:46:00,180,0.444,0.0,-0.444,남
2026-07-29T18:47:00,2026-07-29T09:47:00,180,0.4571,0.0,-0.4571,남
2026-07-29T18:48:00,2026-07-29T09:48:00,180,0.4702,0.0,-0.4702,남
2026-07-29T18:49:00,2026-07-29T09:49:00,180,0.4833,0.0,-0.4833,남
2026-07-29T18:50:00,2026-07-29T09:50:00,180,0.4964,0.0,-0.4964,남
2026-07-29T18:51:00,2026-07-29T09:51:00,180,0.5094,0.0,-0.5094,남
2026-07-29T18:52:00,2026-07-29T09:52:00,180,0.5224,0.0,-0.5224,남
2026-07-29T18:53:00,2026-07-29T09:53:00,180,0.5354,0.0,-0.5354,남
2026-07-29T18:54:00,2026-07-29T09:54:00,180,0.5484,0.0,-0.5484,남
2026-07-29T18:55:00,2026-07-29T09:55:00,180,0.5613,0.0,-0.5613,남
2026-07-29T18:56:00,2026-07-29T09:56:00,180,0.5741,0.0,-0.5741,남
2026-07-29T18:57:00,2026-07-29T09:57:00,180,0.587,0.0,-0.587,남
2026-07-29T18:58:00,2026-07-29T09:58:00,180,0.5998,0.0,-0.5998,남
2026-07-29T18:59:00,2026-07-29T09:59:00,180,0.6125,0.0,-0.6125,남
2026-07-29T19:00:00,2026-07-29T10:00:00,180,0.6253,0.0,-0.6253,남
2026-07-29T19:01:00,2026-07-29T10:01:00,180,0.6379,0.0,-0.6379,남
2026-07-29T19:02:00,2026-07-29T10:02:00,180,0.6505,0.0,-0.6505,남
2026-07-29T19:03:00,2026-07-29T10:03:00,180,0.6631,0.0,-0.6631,남
2026-07-29T19:04:00,2026-07-29T10:04:00,180,0.6756,0.0,-0.6756,남
2026-07-29T19:05:00,2026-07-29T10:05:00,180,0.6881,0.0,-0.6881,남
2026-07-29T19:06:00,2026-07-29T10:06:00,180,0.7005,0.0,-0.7005,남
2026-07-29T19:07:00,2026-07-29T10:07:00,157.5,0.7129,0.2728,-0.6586,남남동
2026-07-29T19:08:00,2026-07-29T10:08:00,157.5,0.7252,0.2775,-0.67,남남동
2026-07-29T19:09:00,2026-07-29T10:09:00,157.5,0.7374,0.2822,-0.6813,남남동
2026-07-29T19:10:00,2026-07-29T10:10:00,157.5,0.7496,0.2869,-0.6925,남남동
2026-07-29T19:11:00,2026-07-29T10:11:00,157.5,0.7617,0.2915,-0.7037,남남동
2026-07-29T19:12:00,2026-07-29T10:12:00,157.5,0.7737,0.2961,-0.7148,남남동
2026-07-29T19:13:00,2026-07-29T10:13:00,157.5,0.7857,0.3007,-0.7259,남남동
2026-07-29T19:14:00,2026-07-29T10:14:00,157.5,0.7976,0.3052,-0.7369,남남동
2026-07-29T19:15:00,2026-07-29T10:15:00,157.5,0.8094,0.3097,-0.7478,남남동
2026-07-29T19:16:00,2026-07-29T10:16:00,157.5,0.8212,0.3143,-0.7587,남남동
2026-07-29T19:17:00,2026-07-29T10:17:00,157.5,0.8329,0.3187,-0.7695,남남동
2026-07-29T19:18:00,2026-07-29T10:18:00,157.5,0.8445,0.3232,-0.7802,남남동
2026-07-29T19:19:00,2026-07-29T10:19:00,157.5,0.856,0.3276,-0.7908,남남동
2026-07-29T19:20:00,2026-07-29T10:20:00,157.5,0.8675,0.332,-0.8015,남남동
2026-07-29T19:21:00,2026-07-29T10:21:00,157.5,0.8789,0.3363,-0.812,남남동
2026-07-29T19:22:00,2026-07-29T10:22:00,157.5,0.8902,0.3407,-0.8224,남남동
2026-07-29T19:23:00,2026-07-29T10:23:00,157.5,0.9014,0.345,-0.8328,남남동
2026-07-29T19:24:00,2026-07-29T10:24:00,157.5,0.9125,0.3492,-0.843,남남동
2026-07-29T19:25:00,2026-07-29T10:25:00,157.5,0.9236,0.3534,-0.8533,남남동
2026-07-29T19:26:00,2026-07-29T10:26:00,157.5,0.9345,0.3576,-0.8634,남남동
2026-07-29T19:27:00,2026-07-29T10:27:00,157.5,0.9454,0.3618,-0.8734,남남동
2026-07-29T19:28:00,2026-07-29T10:28:00,157.5,0.9562,0.3659,-0.8834,남남동
2026-07-29T19:29:00,2026-07-29T10:29:00,157.5,0.9669,0.37,-0.8933,남남동
2026-07-29T19:30:00,2026-07-29T10:30:00,157.5,0.9775,0.3741,-0.9031,남남동
2026-07-29T19:31:00,2026-07-29T10:31:00,157.5,0.988,0.3781,-0.9128,남남동
2026-07-29T19:32:00,2026-07-29T10:32:00,157.5,0.9984,0.3821,-0.9224,남남동
2026-07-29T19:33:00,2026-07-29T10:33:00,157.5,1.0088,0.3861,-0.932,남남동
2026-07-29T19:34:00,2026-07-29T10:34:00,157.5,1.019,0.39,-0.9414,남남동
2026-07-29T19:35:00,2026-07-29T10:35:00,157.5,1.0292,0.3939,-0.9509,남남동
2026-07-29T19:36:00,2026-07-29T10:36:00,157.5,1.0392,0.3977,-0.9601,남남동
2026-07-29T19:37:00,2026-07-29T10:37:00,157.5,1.0492,0.4015,-0.9693,남남동
2026-07-29T19:38:00,2026-07-29T10:38:00,157.5,1.059,0.4053,-0.9784,남남동
2026-07-29T19:39:00,2026-07-29T10:39:00,157.5,1.0688,0.409,-0.9874,남남동
2026-07-29T19:40:00,2026-07-29T10:40:00,157.5,1.0784,0.4127,-0.9963,남남동
2026-07-29T19:41:00,2026-07-29T10:41:00,157.5,1.088,0.4164,-1.0052,남남동
2026-07-29T19:42:00,2026-07-29T10:42:00,157.5,1.0974,0.42,-1.0139,남남동
2026-07-29T19:43:00,2026-07-29T10:43:00,157.5,1.1068,0.4236,-1.0225,남남동
2026-07-29T19:44:00,2026-07-29T10:44:00,157.5,1.116,0.4271,-1.031,남남동
2026-07-29T19:45:00,2026-07-29T10:45:00,157.5,1.1252,0.4306,-1.0395,남남동
2026-07-29T19:46:00,2026-07-29T10:46:00,180,1.1342,0.0,-1.1342,남
2026-07-29T19:47:00,2026-07-29T10:47:00,180,1.1432,0.0,-1.1432,남
2026-07-29T19:48:00,2026-07-29T10:48:00,180,1.152,0.0,-1.152,남
2026-07-29T19:49:00,2026-07-29T10:49:00,180,1.1608,0.0,-1.1608,남
2026-07-29T19:50:00,2026-07-29T10:50:00,180,1.1694,0.0,-1.1694,남
2026-07-29T19:51:00,2026-07-29T10:51:00,180,1.1779,0.0,-1.1779,남
2026-07-29T19:52:00,2026-07-29T10:52:00,180,1.1864,0.0,-1.1864,남
2026-07-29T19:53:00,2026-07-29T10:53:00,180,1.1947,0.0,-1.1947,남
2026-07-29T19:54:00,2026-07-29T10:54:00,180,1.2029,0.0,-1.2029,남
2026-07-29T19:55:00,2026-07-29T10:55:00,180,1.211,0.0,-1.211,남
2026-07-29T19:56:00,2026-07-29T10:56:00,180,1.219,0.0,-1.219,남
2026-07-29T19:57:00,2026-07-29T10:57:00,180,1.2269,0.0,-1.2269,남
2026-07-29T19:58:00,2026-07-29T10:58:00,180,1.2347,0.0,-1.2347,남
2026-07-29T19:59:00,2026-07-29T10:59:00,180,1.2424,0.0,-1.2424,남
2026-07-29T20:00:00,2026-07-29T11:00:00,180,1.25,0.0,-1.25,남
2026-07-29T20:01:00,2026-07-29T11:01:00,180,1.2575,0.0,-1.2575,남
2026-07-29T20:02:00,2026-07-29T11:02:00,180,1.2648,0.0,-1.2648,남
2026-07-29T20:03:00,2026-07-29T11:03:00,180,1.2721,0.0,-1.2721,남
2026-07-29T20:04:00,2026-07-29T11:04:00,180,1.2793,0.0,-1.2793,남
2026-07-29T20:05:00,2026-07-29T11:05:00,180,1.2863,0.0,-1.2863,남
2026-07-29T20:06:00,2026-07-29T11:06:00,180,1.2933,0.0,-1.2933,남
2026-07-29T20:07:00,2026-07-29T11:07:00,180,1.3001,0.0,-1.3001,남
2026-07-29T20:08:00,2026-07-29T11:08:00,180,1.3069,0.0,-1.3069,남
2026-07-29T20:09:00,2026-07-29T11:09:00,180,1.3135,0.0,-1.3135,남
2026-07-29T20:10:00,2026-07-29T11:10:00,180,1.32,0.0,-1.32,남
2026-07-29T20:11:00,2026-07-29T11:11:00,180,1.3265,0.0,-1.3265,남
2026-07-29T20:12:00,2026-07-29T11:12:00,180,1.3328,0.0,-1.3328,남
2026-07-29T20:13:00,2026-07-29T11:13:00,180,1.339,0.0,-1.339,남
2026-07-29T20:14:00,2026-07-29T11:14:00,180,1.3452,0.0,-1.3452,남
2026-07-29T20:15:00,2026-07-29T11:15:00,180,1.3512,0.0,-1.3512,남
2026-07-29T20:16:00,2026-07-29T11:16:00,180,1.3571,0.0,-1.3571,남
2026-07-29T20:17:00,2026-07-29T11:17:00,180,1.3629,0.0,-1.3629,남
2026-07-29T20:18:00,2026-07-29T11:18:00,180,1.3686,0.0,-1.3686,남
2026-07-29T20:19:00,2026-07-29T11:19:00,180,1.3743,0.0,-1.3743,남
2026-07-29T20:20:00,2026-07-29T11:20:00,180,1.3798,0.0,-1.3798,남
2026-07-29T20:21:00,2026-07-29T11:21:00,180,1.3852,0.0,-1.3852,남
2026-07-29T20:22:00,2026-07-29T11:22:00,180,1.3905,0.0,-1.3905,남
2026-07-29T20:23:00,2026-07-29T11:23:00,180,1.3958,0.0,-1.3958,남
2026-07-29T20:24:00,2026-07-29T11:24:00,180,1.4009,0.0,-1.4009,남
2026-07-29T20:25:00,2026-07-29T11:25:00,180,1.406,0.0,-1.406,남
2026-07-29T20:26:00,2026-07-29T11:26:00,180,1.4109,0.0,-1.4109,남
2026-07-29T20:27:00,2026-07-29T11:27:00,180,1.4157,0.0,-1.4157,남
2026-07-29T20:28:00,2026-07-29T11:28:00,180,1.4205,0.0,-1.4205,남
2026-07-29T20:29:00,2026-07-29T11:29:00,180,1.4252,0.0,-1.4252,남
2026-07-29T20:30:00,2026-07-29T11:30:00,180,1.4297,0.0,-1.4297,남
2026-07-29T20:31:00,2026-07-29T11:31:00,180,1.4342,0.0,-1.4342,남
2026-07-29T20:32:00,2026-07-29T11:32:00,180,1.4386,0.0,-1.4386,남
2026-07-29T20:33:00,2026-07-29T11:33:00,180,1.4429,0.0,-1.4429,남
2026-07-29T20:34:00,2026-07-29T11:34:00,180,1.4471,0.0,-1.4471,남
2026-07-29T20:35:00,2026-07-29T11:35:00,180,1.4513,0.0,-1.4513,남
2026-07-29T20:36:00,2026-07-29T11:36:00,180,1.4553,0.0,-1.4553,남
2026-07-29T20:37:00,2026-07-29T11:37:00,180,1.4592,0.0,-1.4592,남
2026-07-29T20:38:00,2026-07-29T11:38:00,180,1.4631,0.0,-1.4631,남
2026-07-29T20:39:00,2026-07-29T11:39:00,180,1.4669,0.0,-1.4669,남
2026-07-29T20:40:00,2026-07-29T11:40:00,180,1.4706,0.0,-1.4706,남
2026-07-29T20:41:00,2026-07-29T11:41:00,180,1.4742,0.0,-1.4742,남
2026-07-29T20:42:00,2026-07-29T11:42:00,180,1.4777,0.0,-1.4777,남
2026-07-29T20:43:00,2026-07-29T11:43:00,180,1.4812,0.0,-1.4812,남
2026-07-29T20:44:00,2026-07-29T11:44:00,180,1.4846,0.0,-1.4846,남
2026-07-29T20:45:00,2026-07-29T11:45:00,180,1.4878,0.0,-1.4878,남
2026-07-29T20:46:00,2026-07-29T11:46:00,180,1.4911,0.0,-1.4911,남
2026-07-29T20:47:00,2026-07-29T11:47:00,180,1.4942,0.0,-1.4942,남
2026-07-29T20:48:00,2026-07-29T11:48:00,180,1.4973,0.0,-1.4973,남
2026-07-29T20:49:00,2026-07-29T11:49:00,180,1.5002,0.0,-1.5002,남
2026-07-29T20:50:00,2026-07-29T11:50:00,180,1.5032,0.0,-1.5032,남
2026-07-29T20:51:00,2026-07-29T11:51:00,180,1.506,0.0,-1.506,남
2026-07-29T20:52:00,2026-07-29T11:52:00,180,1.5088,0.0,-1.5088,남
2026-07-29T20:53:00,2026-07-29T11:53:00,180,1.5115,0.0,-1.5115,남
2026-07-29T20:54:00,2026-07-29T11:54:00,180,1.5141,0.0,-1.5141,남
2026-07-29T20:55:00,2026-07-29T11:55:00,180,1.5166,0.0,-1.5166,남
2026-07-29T20:56:00,2026-07-29T11:56:00,180,1.5191,0.0,-1.5191,남
2026-07-29T20:57:00,2026-07-29T11:57:00,180,1.5215,0.0,-1.5215,남
2026-07-29T20:58:00,2026-07-29T11:58:00,180,1.5239,0.0,-1.5239,남
2026-07-29T20:59:00,2026-07-29T11:59:00,180,1.5262,0.0,-1.5262,남
2026-07-29T21:00:00,2026-07-29T12:00:00,180,1.5284,0.0,-1.5284,남
2026-07-29T21:01:00,2026-07-29T12:01:00,180,1.5305,0.0,-1.5305,남
2026-07-29T21:02:00,2026-07-29T12:02:00,180,1.5326,0.0,-1.5326,남
2026-07-29T21:03:00,2026-07-29T12:03:00,180,1.5346,0.0,-1.5346,남
2026-07-29T21:04:00,2026-07-29T12:04:00,180,1.5366,0.0,-1.5366,남
2026-07-29T21:05:00,2026-07-29T12:05:00,180,1.5385,0.0,-1.5385,남
2026-07-29T21:06:00,2026-07-29T12:06:00,180,1.5403,0.0,-1.5403,남
2026-07-29T21:07:00,2026-07-29T12:07:00,180,1.5421,0.0,-1.5421,남
2026-07-29T21:08:00,2026-07-29T12:08:00,180,1.5438,0.0,-1.5438,남
2026-07-29T21:09:00,2026-07-29T12:09:00,180,1.5455,0.0,-1.5455,남
2026-07-29T21:10:00,2026-07-29T12:10:00,180,1.5471,0.0,-1.5471,남
2026-07-29T21:11:00,2026-07-29T12:11:00,180,1.5486,0.0,-1.5486,남
2026-07-29T21:12:00,2026-07-29T12:12:00,180,1.5501,0.0,-1.5501,남
2026-07-29T21:13:00,2026-07-29T12:13:00,180,1.5516,0.0,-1.5516,남
2026-07-29T21:14:00,2026-07-29T12:14:00,180,1.5529,0.0,-1.5529,남
2026-07-29T21:15:00,2026-07-29T12:15:00,180,1.5543,0.0,-1.5543,남
2026-07-29T21:16:00,2026-07-29T12:16:00,180,1.5555,0.0,-1.5555,남
2026-07-29T21:17:00,2026-07-29T12:17:00,180,1.5567,0.0,-1.5567,남
2026-07-29T21:18:00,2026-07-29T12:18:00,180,1.5579,0.0,-1.5579,남
2026-07-29T21:19:00,2026-07-29T12:19:00,180,1.559,0.0,-1.559,남
2026-07-29T21:20:00,2026-07-29T12:20:00,180,1.5601,0.0,-1.5601,남
2026-07-29T21:21:00,2026-07-29T12:21:00,180,1.5611,0.0,-1.5611,남
2026-07-29T21:22:00,2026-07-29T12:22:00,180,1.562,0.0,-1.562,남
2026-07-29T21:23:00,2026-07-29T12:23:00,180,1.563,0.0,-1.563,남
2026-07-29T21:24:00,2026-07-29T12:24:00,180,1.5638,0.0,-1.5638,남
2026-07-29T21:25:00,2026-07-29T12:25:00,180,1.5646,0.0,-1.5646,남
2026-07-29T21:26:00,2026-07-29T12:26:00,180,1.5654,0.0,-1.5654,남
2026-07-29T21:27:00,2026-07-29T12:27:00,180,1.5661,0.0,-1.5661,남
2026-07-29T21:28:00,2026-07-29T12:28:00,180,1.5668,0.0,-1.5668,남
2026-07-29T21:29:00,2026-07-29T12:29:00,180,1.5674,0.0,-1.5674,남
2026-07-29T21:30:00,2026-07-29T12:30:00,180,1.568,0.0,-1.568,남
2026-07-29T21:31:00,2026-07-29T12:31:00,180,1.5685,0.0,-1.5685,남
2026-07-29T21:32:00,2026-07-29T12:32:00,180,1.5689,0.0,-1.5689,남
2026-07-29T21:33:00,2026-07-29T12:33:00,180,1.5694,0.0,-1.5694,남
2026-07-29T21:34:00,2026-07-29T12:34:00,180,1.5698,0.0,-1.5698,남
2026-07-29T21:35:00,2026-07-29T12:35:00,180,1.5701,0.0,-1.5701,남
2026-07-29T21:36:00,2026-07-29T12:36:00,180,1.5704,0.0,-1.5704,남
2026-07-29T21:37:00,2026-07-29T12:37:00,180,1.5706,0.0,-1.5706,남
2026-07-29T21:38:00,2026-07-29T12:38:00,180,1.5708,0.0,-1.5708,남
2026-07-29T21:39:00,2026-07-29T12:39:00,180,1.571,0.0,-1.571,남
2026-07-29T21:40:00,2026-07-29T12:40:00,180,1.5711,0.0,-1.5711,남
2026-07-29T21:41:00,2026-07-29T12:41:00,180,1.5711,0.0,-1.5711,남
2026-07-29T21:42:00,2026-07-29T12:42:00,180,1.5712,0.0,-1.5712,남
2026-07-29T21:43:00,2026-07-29T12:43:00,180,1.5711,0.0,-1.5711,남
2026-07-29T21:44:00,2026-07-29T12:44:00,180,1.5711,0.0,-1.5711,남
2026-07-29T21:45:00,2026-07-29T12:45:00,180,1.5709,0.0,-1.5709,남
2026-07-29T21:46:00,2026-07-29T12:46:00,180,1.5708,0.0,-1.5708,남
2026-07-29T21:47:00,2026-07-29T12:47:00,180,1.5705,0.0,-1.5705,남
2026-07-29T21:48:00,2026-07-29T12:48:00,180,1.5703,0.0,-1.5703,남
2026-07-29T21:49:00,2026-07-29T12:49:00,180,1.57,0.0,-1.57,남
2026-07-29T21:50:00,2026-07-29T12:50:00,180,1.5696,0.0,-1.5696,남
2026-07-29T21:51:00,2026-07-29T12:51:00,180,1.5692,0.0,-1.5692,남
2026-07-29T21:52:00,2026-07-29T12:52:00,180,1.5688,0.0,-1.5688,남
2026-07-29T21:53:00,2026-07-29T12:53:00,180,1.5683,0.0,-1.5683,남
2026-07-29T21:54:00,2026-07-29T12:54:00,180,1.5677,0.0,-1.5677,남
2026-07-29T21:55:00,2026-07-29T12:55:00,180,1.5671,0.0,-1.5671,남
2026-07-29T21:56:00,2026-07-29T12:56:00,180,1.5665,0.0,-1.5665,남
2026-07-29T21:57:00,2026-07-29T12:57:00,180,1.5658,0.0,-1.5658,남
2026-07-29T21:58:00,2026-07-29T12:58:00,180,1.565,0.0,-1.565,남
2026-07-29T21:59:00,2026-07-29T12:59:00,180,1.5642,0.0,-1.5642,남
2026-07-29T22:00:00,2026-07-29T13:00:00,180,1.5634,0.0,-1.5634,남
2026-07-29T22:01:00,2026-07-29T13:01:00,180,1.5625,0.0,-1.5625,남
2026-07-29T22:02:00,2026-07-29T13:02:00,180,1.5616,0.0,-1.5616,남
2026-07-29T22:03:00,2026-07-29T13:03:00,180,1.5606,0.0,-1.5606,남
2026-07-29T22:04:00,2026-07-29T13:04:00,180,1.5595,0.0,-1.5595,남
2026-07-29T22:05:00,2026-07-29T13:05:00,180,1.5584,0.0,-1.5584,남
2026-07-29T22:06:00,2026-07-29T13:06:00,180,1.5572,0.0,-1.5572,남
2026-07-29T22:07:00,2026-07-29T13:07:00,180,1.556,0.0,-1.556,남
2026-07-29T22:08:00,2026-07-29T13:08:00,180,1.5548,0.0,-1.5548,남
2026-07-29T22:09:00,2026-07-29T13:09:00,180,1.5534,0.0,-1.5534,남
2026-07-29T22:10:00,2026-07-29T13:10:00,180,1.552,0.0,-1.552,남
2026-07-29T22:11:00,2026-07-29T13:11:00,180,1.5506,0.0,-1.5506,남
2026-07-29T22:12:00,2026-07-29T13:12:00,180,1.5491,0.0,-1.5491,남
2026-07-29T22:13:00,2026-07-29T13:13:00,180,1.5476,0.0,-1.5476,남
2026-07-29T22:14:00,2026-07-29T13:14:00,180,1.5459,0.0,-1.5459,남
2026-07-29T22:15:00,2026-07-29T13:15:00,180,1.5443,0.0,-1.5443,남
2026-07-29T22:16:00,2026-07-29T13:16:00,180,1.5425,0.0,-1.5425,남
2026-07-29T22:17:00,2026-07-29T13:17:00,180,1.5407,0.0,-1.5407,남
2026-07-29T22:18:00,2026-07-29T13:18:00,180,1.5389,0.0,-1.5389,남
2026-07-29T22:19:00,2026-07-29T13:19:00,180,1.5369,0.0,-1.5369,남
2026-07-29T22:20:00,2026-07-29T13:20:00,180,1.5349,0.0,-1.5349,남
2026-07-29T22:21:00,2026-07-29T13:21:00,180,1.5329,0.0,-1.5329,남
2026-07-29T22:22:00,2026-07-29T13:22:00,180,1.5308,0.0,-1.5308,남
2026-07-29T22:23:00,2026-07-29T13:23:00,180,1.5286,0.0,-1.5286,남
2026-07-29T22:24:00,2026-07-29T13:24:00,180,1.5263,0.0,-1.5263,남
2026-07-29T22:25:00,2026-07-29T13:25:00,180,1.524,0.0,-1.524,남
2026-07-29T22:26:00,2026-07-29T13:26:00,180,1.5216,0.0,-1.5216,남
2026-07-29T22:27:00,2026-07-29T13:27:00,180,1.5191,0.0,-1.5191,남
2026-07-29T22:28:00,2026-07-29T13:28:00,180,1.5166,0.0,-1.5166,남
2026-07-29T22:29:00,2026-07-29T13:29:00,180,1.514,0.0,-1.514,남
2026-07-29T22:30:00,2026-07-29T13:30:00,180,1.5113,0.0,-1.5113,남
2026-07-29T22:31:00,2026-07-29T13:31:00,180,1.5085,0.0,-1.5085,남
2026-07-29T22:32:00,2026-07-29T13:32:00,180,1.5057,0.0,-1.5057,남
2026-07-29T22:33:00,2026-07-29T13:33:00,180,1.5028,0.0,-1.5028,남
2026-07-29T22:34:00,2026-07-29T13:34:00,180,1.4998,0.0,-1.4998,남
2026-07-29T22:35:00,2026-07-29T13:35:00,180,1.4967,0.0,-1.4967,남
2026-07-29T22:36:00,2026-07-29T13:36:00,180,1.4936,0.0,-1.4936,남
2026-07-29T22:37:00,2026-07-29T13:37:00,180,1.4904,0.0,-1.4904,남
2026-07-29T22:38:00,2026-07-29T13:38:00,180,1.487,0.0,-1.487,남
2026-07-29T22:39:00,2026-07-29T13:39:00,180,1.4837,0.0,-1.4837,남
2026-07-29T22:40:00,2026-07-29T13:40:00,180,1.4802,0.0,-1.4802,남
2026-07-29T22:41:00,2026-07-29T13:41:00,180,1.4766,0.0,-1.4766,남
2026-07-29T22:42:00,2026-07-29T13:42:00,180,1.473,0.0,-1.473,남
2026-07-29T22:43:00,2026-07-29T13:43:00,180,1.4692,0.0,-1.4692,남
2026-07-29T22:44:00,2026-07-29T13:44:00,180,1.4654,0.0,-1.4654,남
2026-07-29T22:45:00,2026-07-29T13:45:00,180,1.4615,0.0,-1.4615,남
2026-07-29T22:46:00,2026-07-29T13:46:00,180,1.4575,0.0,-1.4575,남
2026-07-29T22:47:00,2026-07-29T13:47:00,180,1.4534,0.0,-1.4534,남
2026-07-29T22:48:00,2026-07-29T13:48:00,180,1.4493,0.0,-1.4493,남
2026-07-29T22:49:00,2026-07-29T13:49:00,180,1.445,0.0,-1.445,남
2026-07-29T22:50:00,2026-07-29T13:50:00,180,1.4406,0.0,-1.4406,남
2026-07-29T22:51:00,2026-07-29T13:51:00,180,1.4362,0.0,-1.4362,남
2026-07-29T22:52:00,2026-07-29T13:52:00,180,1.4316,0.0,-1.4316,남
2026-07-29T22:53:00,2026-07-29T13:53:00,180,1.427,0.0,-1.427,남
2026-07-29T22:54:00,2026-07-29T13:54:00,180,1.4222,0.0,-1.4222,남
2026-07-29T22:55:00,2026-07-29T13:55:00,180,1.4174,0.0,-1.4174,남
2026-07-29T22:56:00,2026-07-29T13:56:00,180,1.4125,0.0,-1.4125,남
2026-07-29T22:57:00,2026-07-29T13:57:00,180,1.4074,0.0,-1.4074,남
2026-07-29T22:58:00,2026-07-29T13:58:00,180,1.4023,0.0,-1.4023,남
2026-07-29T22:59:00,2026-07-29T13:59:00,180,1.397,0.0,-1.397,남
2026-07-29T23:00:00,2026-07-29T14:00:00,180,1.3917,0.0,-1.3917,남
2026-07-29T23:01:00,2026-07-29T14:01:00,180,1.3863,0.0,-1.3863,남
2026-07-29T23:02:00,2026-07-29T14:02:00,180,1.3807,0.0,-1.3807,남
2026-07-29T23:03:00,2026-07-29T14:03:00,180,1.3751,0.0,-1.3751,남
2026-07-29T23:04:00,2026-07-29T14:04:00,180,1.3693,0.0,-1.3693,남
2026-07-29T23:05:00,2026-07-29T14:05:00,180,1.3635,0.0,-1.3635,남
2026-07-29T23:06:00,2026-07-29T14:06:00,180,1.3575,0.0,-1.3575,남
2026-07-29T23:07:00,2026-07-29T14:07:00,180,1.3515,0.0,-1.3515,남
2026-07-29T23:08:00,2026-07-29T14:08:00,180,1.3453,0.0,-1.3453,남
2026-07-29T23:09:00,2026-07-29T14:09:00,180,1.339,0.0,-1.339,남
2026-07-29T23:10:00,2026-07-29T14:10:00,180,1.3326,0.0,-1.3326,남
2026-07-29T23:11:00,2026-07-29T14:11:00,180,1.3261,0.0,-1.3261,남
2026-07-29T23:12:00,2026-07-29T14:12:00,180,1.3195,0.0,-1.3195,남
2026-07-29T23:13:00,2026-07-29T14:13:00,180,1.3128,0.0,-1.3128,남
2026-07-29T23:14:00,2026-07-29T14:14:00,180,1.306,0.0,-1.306,남
2026-07-29T23:15:00,2026-07-29T14:15:00,180,1.2991,0.0,-1.2991,남
2026-07-29T23:16:00,2026-07-29T14:16:00,180,1.292,0.0,-1.292,남
2026-07-29T23:17:00,2026-07-29T14:17:00,180,1.2849,0.0,-1.2849,남
2026-07-29T23:18:00,2026-07-29T14:18:00,180,1.2776,0.0,-1.2776,남
2026-07-29T23:19:00,2026-07-29T14:19:00,180,1.2702,0.0,-1.2702,남
2026-07-29T23:20:00,2026-07-29T14:20:00,180,1.2628,0.0,-1.2628,남
2026-07-29T23:21:00,2026-07-29T14:21:00,180,1.2552,0.0,-1.2552,남
2026-07-29T23:22:00,2026-07-29T14:22:00,180,1.2475,0.0,-1.2475,남
2026-07-29T23:23:00,2026-07-29T14:23:00,180,1.2396,0.0,-1.2396,남
2026-07-29T23:24:00,2026-07-29T14:24:00,180,1.2317,0.0,-1.2317,남
2026-07-29T23:25:00,2026-07-29T14:25:00,180,1.2237,0.0,-1.2237,남
2026-07-29T23:26:00,2026-07-29T14:26:00,180,1.2155,0.0,-1.2155,남
2026-07-29T23:27:00,2026-07-29T14:27:00,180,1.2072,0.0,-1.2072,남
2026-07-29T23:28:00,2026-07-29T14:28:00,180,1.1989,0.0,-1.1989,남
2026-07-29T23:29:00,2026-07-29T14:29:00,180,1.1904,0.0,-1.1904,남
2026-07-29T23:30:00,2026-07-29T14:30:00,180,1.1818,0.0,-1.1818,남
2026-07-29T23:31:00,2026-07-29T14:31:00,180,1.1731,0.0,-1.1731,남
2026-07-29T23:32:00,2026-07-29T14:32:00,180,1.1642,0.0,-1.1642,남
2026-07-29T23:33:00,2026-07-29T14:33:00,180,1.1553,0.0,-1.1553,남
2026-07-29T23:34:00,2026-07-29T14:34:00,180,1.1462,0.0,-1.1462,남
2026-07-29T23:35:00,2026-07-29T14:35:00,180,1.1371,0.0,-1.1371,남
2026-07-29T23:36:00,2026-07-29T14:36:00,180,1.1278,0.0,-1.1278,남
2026-07-29T23:37:00,2026-07-29T14:37:00,180,1.1184,0.0,-1.1184,남
2026-07-29T23:38:00,2026-07-29T14:38:00,180,1.1089,0.0,-1.1089,남
2026-07-29T23:39:00,2026-07-29T14:39:00,180,1.0994,0.0,-1.0994,남
2026-07-29T23:40:00,2026-07-29T14:40:00,180,1.0896,0.0,-1.0896,남
2026-07-29T23:41:00,2026-07-29T14:41:00,180,1.0798,0.0,-1.0798,남
2026-07-29T23:42:00,2026-07-29T14:42:00,180,1.0699,0.0,-1.0699,남
2026-07-29T23:43:00,2026-07-29T14:43:00,180,1.0599,0.0,-1.0599,남
2026-07-29T23:44:00,2026-07-29T14:44:00,180,1.0498,0.0,-1.0498,남
2026-07-29T23:45:00,2026-07-29T14:45:00,180,1.0395,0.0,-1.0395,남
2026-07-29T23:46:00,2026-07-29T14:46:00,180,1.0292,0.0,-1.0292,남
2026-07-29T23:47:00,2026-07-29T14:47:00,180,1.0187,0.0,-1.0187,남
2026-07-29T23:48:00,2026-07-29T14:48:00,180,1.0082,0.0,-1.0082,남
2026-07-29T23:49:00,2026-07-29T14:49:00,180,0.9975,0.0,-0.9975,남
2026-07-29T23:50:00,2026-07-29T14:50:00,180,0.9868,0.0,-0.9868,남
2026-07-29T23:51:00,2026-07-29T14:51:00,180,0.9759,0.0,-0.9759,남
2026-07-29T23:52:00,2026-07-29T14:52:00,180,0.965,0.0,-0.965,남
2026-07-29T23:53:00,2026-07-29T14:53:00,180,0.9539,0.0,-0.9539,남
2026-07-29T23:54:00,2026-07-29T14:54:00,180,0.9428,0.0,-0.9428,남
2026-07-29T23:55:00,2026-07-29T14:55:00,180,0.9315,0.0,-0.9315,남
2026-07-29T23:56:00,2026-07-29T14:56:00,180,0.9202,0.0,-0.9202,남
2026-07-29T23:57:00,2026-07-29T14:57:00,180,0.9087,0.0,-0.9087,남
2026-07-29T23:58:00,2026-07-29T14:58:00,180,0.8972,0.0,-0.8972,남
2026-07-29T23:59:00,2026-07-29T14:59:00,180,0.8856,0.0,-0.8856,남
