time_kst,time_utc,dir_deg,speed_mps,u,v,dir_ko
2026-07-28T00:00:00,2026-07-27T15:00:00,45,0.6046,0.4275,0.4275,북동
2026-07-28T00:01:00,2026-07-27T15:01:00,45,0.6043,0.4273,0.4273,북동
2026-07-28T00:02:00,2026-07-27T15:02:00,45,0.604,0.4271,0.4271,북동
2026-07-28T00:03:00,2026-07-27T15:03:00,45,0.6036,0.4268,0.4268,북동
2026-07-28T00:04:00,2026-07-27T15:04:00,45,0.6032,0.4265,0.4265,북동
2026-07-28T00:05:00,2026-07-27T15:05:00,45,0.6028,0.4262,0.4262,북동
2026-07-28T00:06:00,2026-07-27T15:06:00,45,0.6023,0.4259,0.4259,북동
2026-07-28T00:07:00,2026-07-27T15:07:00,45,0.6019,0.4256,0.4256,북동
2026-07-28T00:08:00,2026-07-27T15:08:00,45,0.6013,0.4252,0.4252,북동
2026-07-28T00:09:00,2026-07-27T15:09:00,45,0.6008,0.4248,0.4248,북동
2026-07-28T00:10:00,2026-07-27T15:10:00,45,0.6002,0.4244,0.4244,북동
2026-07-28T00:11:00,2026-07-27T15:11:00,45,0.5996,0.424,0.424,북동
2026-07-28T00:12:00,2026-07-27T15:12:00,45,0.599,0.4236,0.4236,북동
2026-07-28T00:13:00,2026-07-27T15:13:00,45,0.5983,0.4231,0.4231,북동
2026-07-28T00:14:00,2026-07-27T15:14:00,45,0.5976,0.4226,0.4226,북동
2026-07-28T00:15:00,2026-07-27T15:15:00,45,0.5969,0.4221,0.4221,북동
2026-07-28T00:16:00,2026-07-27T15:16:00,45,0.5961,0.4215,0.4215,북동
2026-07-28T00:17:00,2026-07-27T15:17:00,45,0.5953,0.4209,0.4209,북동
2026-07-28T00:18:00,2026-07-27T15:18:00,45,0.5945,0.4204,0.4204,북동
2026-07-28T00:19:00,2026-07-27T15:19:00,45,0.5936,0.4197,0.4197,북동
2026-07-28T00:20:00,2026-07-27T15:20:00,45,0.5927,0.4191,0.4191,북동
2026-07-28T00:21:00,2026-07-27T15:21:00,45,0.5917,0.4184,0.4184,북동
2026-07-28T00:22:00,2026-07-27T15:22:00,45,0.5908,0.4178,0.4178,북동
2026-07-28T00:23:00,2026-07-27T15:23:00,45,0.5897,0.417,0.417,북동
2026-07-28T00:24:00,2026-07-27T15:24:00,45,0.5887,0.4163,0.4163,북동
2026-07-28T00:25:00,2026-07-27T15:25:00,45,0.5876,0.4155,0.4155,북동
2026-07-28T00:26:00,2026-07-27T15:26:00,45,0.5865,0.4147,0.4147,북동
2026-07-28T00:27:00,2026-07-27T15:27:00,45,0.5853,0.4139,0.4139,북동
2026-07-28T00:28:00,2026-07-27T15:28:00,45,0.5841,0.413,0.413,북동
2026-07-28T00:29:00,2026-07-27T15:29:00,45,0.5829,0.4122,0.4122,북동
2026-07-28T00:30:00,2026-07-27T15:30:00,45,0.5816,0.4113,0.4113,북동
2026-07-28T00:31:00,2026-07-27T15:31:00,45,0.5803,0.4103,0.4103,북동
2026-07-28T00:32:00,2026-07-27T15:32:00,45,0.579,0.4094,0.4094,북동
2026-07-28T00:33:00,2026-07-27T15:33:00,45,0.5776,0.4084,0.4084,북동
2026-07-28T00:34:00,2026-07-27T15:34:00,45,0.5762,0.4074,0.4074,북동
2026-07-28T00:35:00,2026-07-27T15:35:00,45,0.5748,0.4064,0.4064,북동
2026-07-28T00:36:00,2026-07-27T15:36:00,45,0.5733,0.4054,0.4054,북동
2026-07-28T00:37:00,2026-07-27T15:37:00,45,0.5717,0.4043,0.4043,북동
2026-07-28T00:38:00,2026-07-27T15:38:00,45,0.5702,0.4032,0.4032,북동
2026-07-28T00:39:00,2026-07-27T15:39:00,45,0.5686,0.4021,0.4021,북동
2026-07-28T00:40:00,2026-07-27T15:40:00,45,0.567,0.4009,0.4009,북동
2026-07-28T00:41:00,2026-07-27T15:41:00,45,0.5653,0.3997,0.3997,북동
2026-07-28T00:42:00,2026-07-27T15:42:00,45,0.5636,0.3985,0.3985,북동
2026-07-28T00:43:00,2026-07-27T15:43:00,45,0.5619,0.3973,0.3973,북동
2026-07-28T00:44:00,2026-07-27T15:44:00,45,0.5601,0.3961,0.3961,북동
2026-07-28T00:45:00,2026-07-27T15:45:00,45,0.5583,0.3948,0.3948,북동
2026-07-28T00:46:00,2026-07-27T15:46:00,45,0.5565,0.3935,0.3935,북동
2026-07-28T00:47:00,2026-07-27T15:47:00,45,0.5546,0.3922,0.3922,북동
2026-07-28T00:48:00,2026-07-27T15:48:00,45,0.5527,0.3908,0.3908,북동
2026-07-28T00:49:00,2026-07-27T15:49:00,45,0.5507,0.3894,0.3894,북동
2026-07-28T00:50:00,2026-07-27T15:50:00,45,0.5488,0.3881,0.3881,북동
2026-07-28T00:51:00,2026-07-27T15:51:00,45,0.5468,0.3866,0.3866,북동
2026-07-28T00:52:00,2026-07-27T15:52:00,45,0.5447,0.3852,0.3852,북동
2026-07-28T00:53:00,2026-07-27T15:53:00,45,0.5427,0.3837,0.3837,북동
2026-07-28T00:54:00,2026-07-27T15:54:00,45,0.5406,0.3823,0.3823,북동
2026-07-28T00:55:00,2026-07-27T15:55:00,45,0.5384,0.3807,0.3807,북동
2026-07-28T00:56:00,2026-07-27T15:56:00,45,0.5363,0.3792,0.3792,북동
2026-07-28T00:57:00,2026-07-27T15:57:00,45,0.5341,0.3777,0.3777,북동
2026-07-28T00:58:00,2026-07-27T15:58:00,45,0.5319,0.3761,0.3761,북동
2026-07-28T00:59:00,2026-07-27T15:59:00,45,0.5296,0.3745,0.3745,북동
2026-07-28T01:00:00,2026-07-27T16:00:00,45,0.5273,0.3729,0.3729,북동
2026-07-28T01:01:00,2026-07-27T16:01:00,45,0.525,0.3712,0.3712,북동
2026-07-28T01:02:00,2026-07-27T16:02:00,45,0.5227,0.3696,0.3696,북동
2026-07-28T01:03:00,2026-07-27T16:03:00,45,0.5203,0.3679,0.3679,북동
2026-07-28T01:04:00,2026-07-27T16:04:00,45,0.5179,0.3662,0.3662,북동
2026-07-28T01:05:00,2026-07-27T16:05:00,45,0.5155,0.3645,0.3645,북동
2026-07-28T01:06:00,2026-07-27T16:06:00,45,0.5131,0.3628,0.3628,북동
2026-07-28T01:07:00,2026-07-27T16:07:00,45,0.5106,0.361,0.361,북동
2026-07-28T01:08:00,2026-07-27T16:08:00,45,0.5081,0.3593,0.3593,북동
2026-07-28T01:09:00,2026-07-27T16:09:00,45,0.5056,0.3575,0.3575,북동
2026-07-28T01:10:00,2026-07-27T16:10:00,45,0.503,0.3557,0.3557,북동
2026-07-28T01:11:00,2026-07-27T16:11:00,45,0.5005,0.3539,0.3539,북동
2026-07-28T01:12:00,2026-07-27T16:12:00,45,0.4979,0.3521,0.3521,북동
2026-07-28T01:13:00,2026-07-27T16:13:00,45,0.4953,0.3502,0.3502,북동
2026-07-28T01:14:00,2026-07-27T16:14:00,45,0.4926,0.3483,0.3483,북동
2026-07-28T01:15:00,2026-07-27T16:15:00,45,0.49,0.3465,0.3465,북동
2026-07-28T01:16:00,2026-07-27T16:16:00,45,0.4873,0.3446,0.3446,북동
2026-07-28T01:17:00,2026-07-27T16:17:00,45,0.4846,0.3427,0.3427,북동
2026-07-28T01:18:00,2026-07-27T16:18:00,45,0.4819,0.3408,0.3408,북동
2026-07-28T01:19:00,2026-07-27T16:19:00,45,0.4792,0.3388,0.3388,북동
2026-07-28T01:20:00,2026-07-27T16:20:00,45,0.4764,0.3369,0.3369,북동
2026-07-28T01:21:00,2026-07-27T16:21:00,45,0.4737,0.335,0.335,북동
2026-07-28T01:22:00,2026-07-27T16:22:00,45,0.4709,0.333,0.333,북동
2026-07-28T01:23:00,2026-07-27T16:23:00,45,0.4681,0.331,0.331,북동
2026-07-28T01:24:00,2026-07-27T16:24:00,45,0.4653,0.329,0.329,북동
2026-07-28T01:25:00,2026-07-27T16:25:00,45,0.4624,0.327,0.327,북동
2026-07-28T01:26:00,2026-07-27T16:26:00,45,0.4596,0.325,0.325,북동
2026-07-28T01:27:00,2026-07-27T16:27:00,45,0.4567,0.3229,0.3229,북동
2026-07-28T01:28:00,2026-07-27T16:28:00,45,0.4539,0.321,0.321,북동
2026-07-28T01:29:00,2026-07-27T16:29:00,45,0.451,0.3189,0.3189,북동
2026-07-28T01:30:00,2026-07-27T16:30:00,45,0.4481,0.3169,0.3169,북동
2026-07-28T01:31:00,2026-07-27T16:31:00,45,0.4452,0.3148,0.3148,북동
2026-07-28T01:32:00,2026-07-27T16:32:00,45,0.4423,0.3128,0.3128,북동
2026-07-28T01:33:00,2026-07-27T16:33:00,45,0.4393,0.3106,0.3106,북동
2026-07-28T01:34:00,2026-07-27T16:34:00,45,0.4364,0.3086,0.3086,북동
2026-07-28T01:35:00,2026-07-27T16:35:00,45,0.4335,0.3065,0.3065,북동
2026-07-28T01:36:00,2026-07-27T16:36:00,45,0.4305,0.3044,0.3044,북동
2026-07-28T01:37:00,2026-07-27T16:37:00,45,0.4275,0.3023,0.3023,북동
2026-07-28T01:38:00,2026-07-27T16:38:00,45,0.4246,0.3002,0.3002,북동
2026-07-28T01:39:00,2026-07-27T16:39:00,45,0.4216,0.2981,0.2981,북동
2026-07-28T01:40:00,2026-07-27T16:40:00,45,0.4186,0.296,0.296,북동
2026-07-28T01:41:00,2026-07-27T16:41:00,45,0.4156,0.2939,0.2939,북동
2026-07-28T01:42:00,2026-07-27T16:42:00,45,0.4127,0.2918,0.2918,북동
2026-07-28T01:43:00,2026-07-27T16:43:00,45,0.4097,0.2897,0.2897,북동
2026-07-28T01:44:00,2026-07-27T16:44:00,45,0.4067,0.2876,0.2876,북동
2026-07-28T01:45:00,2026-07-27T16:45:00,45,0.4037,0.2855,0.2855,북동
2026-07-28T01:46:00,2026-07-27T16:46:00,45,0.4007,0.2833,0.2833,북동
2026-07-28T01:47:00,2026-07-27T16:47:00,45,0.3977,0.2812,0.2812,북동
2026-07-28T01:48:00,2026-07-27T16:48:00,45,0.3947,0.2791,0.2791,북동
2026-07-28T01:49:00,2026-07-27T16:49:00,45,0.3917,0.277,0.277,북동
2026-07-28T01:50:00,2026-07-27T16:50:00,45,0.3887,0.2749,0.2749,북동
2026-07-28T01:51:00,2026-07-27T16:51:00,45,0.3856,0.2727,0.2727,북동
2026-07-28T01:52:00,2026-07-27T16:52:00,45,0.3826,0.2705,0.2705,북동
2026-07-28T01:53:00,2026-07-27T16:53:00,45,0.3796,0.2684,0.2684,북동
2026-07-28T01:54:00,2026-07-27T16:54:00,45,0.3766,0.2663,0.2663,북동
2026-07-28T01:55:00,2026-07-27T16:55:00,45,0.3737,0.2642,0.2642,북동
2026-07-28T01:56:00,2026-07-27T16:56:00,45,0.3707,0.2621,0.2621,북동
2026-07-28T01:57:00,2026-07-27T16:57:00,45,0.3677,0.26,0.26,북동
2026-07-28T01:58:00,2026-07-27T16:58:00,45,0.3647,0.2579,0.2579,북동
2026-07-28T01:59:00,2026-07-27T16:59:00,45,0.3617,0.2558,0.2558,북동
2026-07-28T02:00:00,2026-07-27T17:00:00,45,0.3587,0.2536,0.2536,북동
2026-07-28T02:01:00,2026-07-27T17:01:00,45,0.3558,0.2516,0.2516,북동
2026-07-28T02:02:00,2026-07-27T17:02:00,45,0.3528,0.2495,0.2495,북동
2026-07-28T02:03:00,2026-07-27T17:03:00,22.5,0.3498,0.1339,0.3232,북북동
2026-07-28T02:04:00,2026-07-27T17:04:00,22.5,0.3469,0.1328,0.3205,북북동
2026-07-28T02:05:00,2026-07-27T17:05:00,22.5,0.3439,0.1316,0.3177,북북동
2026-07-28T02:06:00,2026-07-27T17:06:00,22.5,0.341,0.1305,0.315,북북동
2026-07-28T02:07:00,2026-07-27T17:07:00,22.5,0.3381,0.1294,0.3124,북북동
2026-07-28T02:08:00,2026-07-27T17:08:00,22.5,0.3351,0.1282,0.3096,북북동
2026-07-28T02:09:00,2026-07-27T17:09:00,22.5,0.3322,0.1271,0.3069,북북동
2026-07-28T02:10:00,2026-07-27T17:10:00,22.5,0.3293,0.126,0.3042,북북동
2026-07-28T02:11:00,2026-07-27T17:11:00,22.5,0.3264,0.1249,0.3016,북북동
2026-07-28T02:12:00,2026-07-27T17:12:00,22.5,0.3235,0.1238,0.2989,북북동
2026-07-28T02:13:00,2026-07-27T17:13:00,22.5,0.3207,0.1227,0.2963,북북동
2026-07-28T02:14:00,2026-07-27T17:14:00,22.5,0.3178,0.1216,0.2936,북북동
2026-07-28T02:15:00,2026-07-27T17:15:00,22.5,0.315,0.1205,0.291,북북동
2026-07-28T02:16:00,2026-07-27T17:16:00,22.5,0.3121,0.1194,0.2883,북북동
2026-07-28T02:17:00,2026-07-27T17:17:00,22.5,0.3093,0.1184,0.2858,북북동
2026-07-28T02:18:00,2026-07-27T17:18:00,22.5,0.3065,0.1173,0.2832,북북동
2026-07-28T02:19:00,2026-07-27T17:19:00,22.5,0.3037,0.1162,0.2806,북북동
2026-07-28T02:20:00,2026-07-27T17:20:00,22.5,0.3009,0.1151,0.278,북북동
2026-07-28T02:21:00,2026-07-27T17:21:00,22.5,0.2981,0.1141,0.2754,북북동
2026-07-28T02:22:00,2026-07-27T17:22:00,22.5,0.2953,0.113,0.2728,북북동
2026-07-28T02:23:00,2026-07-27T17:23:00,22.5,0.2926,0.112,0.2703,북북동
2026-07-28T02:24:00,2026-07-27T17:24:00,22.5,0.2898,0.1109,0.2677,북북동
2026-07-28T02:25:00,2026-07-27T17:25:00,22.5,0.2871,0.1099,0.2652,북북동
2026-07-28T02:26:00,2026-07-27T17:26:00,22.5,0.2844,0.1088,0.2628,북북동
2026-07-28T02:27:00,2026-07-27T17:27:00,22.5,0.2817,0.1078,0.2603,북북동
2026-07-28T02:28:00,2026-07-27T17:28:00,22.5,0.2791,0.1068,0.2579,북북동
2026-07-28T02:29:00,2026-07-27T17:29:00,22.5,0.2764,0.1058,0.2554,북북동
2026-07-28T02:30:00,2026-07-27T17:30:00,22.5,0.2738,0.1048,0.253,북북동
2026-07-28T02:31:00,2026-07-27T17:31:00,22.5,0.2711,0.1037,0.2505,북북동
2026-07-28T02:32:00,2026-07-27T17:32:00,22.5,0.2685,0.1028,0.2481,북북동
2026-07-28T02:33:00,2026-07-27T17:33:00,22.5,0.2659,0.1018,0.2457,북북동
2026-07-28T02:34:00,2026-07-27T17:34:00,22.5,0.2633,0.1008,0.2433,북북동
2026-07-28T02:35:00,2026-07-27T17:35:00,22.5,0.2608,0.0998,0.2409,북북동
2026-07-28T02:36:00,2026-07-27T17:36:00,22.5,0.2583,0.0988,0.2386,북북동
2026-07-28T02:37:00,2026-07-27T17:37:00,22.5,0.2557,0.0979,0.2362,북북동
2026-07-28T02:38:00,2026-07-27T17:38:00,22.5,0.2532,0.0969,0.2339,북북동
2026-07-28T02:39:00,2026-07-27T17:39:00,22.5,0.2508,0.096,0.2317,북북동
2026-07-28T02:40:00,2026-07-27T17:40:00,22.5,0.2483,0.095,0.2294,북북동
2026-07-28T02:41:00,2026-07-27T17:41:00,22.5,0.2459,0.0941,0.2272,북북동
2026-07-28T02:42:00,2026-07-27T17:42:00,22.5,0.2434,0.0931,0.2249,북북동
2026-07-28T02:43:00,2026-07-27T17:43:00,22.5,0.241,0.0922,0.2227,북북동
2026-07-28T02:44:00,2026-07-27T17:44:00,22.5,0.2387,0.0913,0.2205,북북동
2026-07-28T02:45:00,2026-07-27T17:45:00,22.5,0.2363,0.0904,0.2183,북북동
2026-07-28T02:46:00,2026-07-27T17:46:00,22.5,0.234,0.0895,0.2162,북북동
2026-07-28T02:47:00,2026-07-27T17:47:00,22.5,0.2317,0.0887,0.2141,북북동
2026-07-28T02:48:00,2026-07-27T17:48:00,22.5,0.2294,0.0878,0.2119,북북동
2026-07-28T02:49:00,2026-07-27T17:49:00,22.5,0.2272,0.0869,0.2099,북북동
2026-07-28T02:50:00,2026-07-27T17:50:00,22.5,0.2249,0.0861,0.2078,북북동
2026-07-28T02:51:00,2026-07-27T17:51:00,22.5,0.2227,0.0852,0.2057,북북동
2026-07-28T02:52:00,2026-07-27T17:52:00,22.5,0.2206,0.0844,0.2038,북북동
2026-07-28T02:53:00,2026-07-27T17:53:00,22.5,0.2184,0.0836,0.2018,북북동
2026-07-28T02:54:00,2026-07-27T17:54:00,22.5,0.2163,0.0828,0.1998,북북동
2026-07-28T02:55:00,2026-07-27T17:55:00,0,0.2142,0.0,0.2142,북
2026-07-28T02:56:00,2026-07-27T17:56:00,0,0.2121,0.0,0.2121,북
2026-07-28T02:57:00,2026-07-27T17:57:00,0,0.2101,0.0,0.2101,북
2026-07-28T02:58:00,2026-07-27T17:58:00,0,0.2081,0.0,0.2081,북
2026-07-28T02:59:00,2026-07-27T17:59:00,0,0.2061,0.0,0.2061,북
2026-07-28T03:00:00,2026-07-27T18:00:00,0,0.2042,0.0,0.2042,북
2026-07-28T03:01:00,2026-07-27T18:01:00,0,0.2023,0.0,0.2023,북
2026-07-28T03:02:00,2026-07-27T18:02:00,0,0.2005,0.0,0.2005,북
2026-07-28T03:03:00,2026-07-27T18:03:00,0,0.1986,0.0,0.1986,북
2026-07-28T03:04:00,2026-07-27T18:04:00,0,0.1969,0.0,0.1969,북
2026-07-28T03:05:00,2026-07-27T18:05:00,0,0.1951,0.0,0.1951,북
2026-07-28T03:06:00,2026-07-27T18:06:00,0,0.1934,0.0,0.1934,북
2026-07-28T03:07:00,2026-07-27T18:07:00,0,0.1917,0.0,0.1917,북
2026-07-28T03:08:00,2026-07-27T18:08:00,0,0.1901,0.0,0.1901,북
2026-07-28T03:09:00,2026-07-27T18:09:00,0,0.1885,0.0,0.1885,북
2026-07-28T03:10:00,2026-07-27T18:10:00,0,0.187,0.0,0.187,북
2026-07-28T03:11:00,2026-07-27T18:11:00,0,0.1855,0.0,0.1855,북
2026-07-28T03:12:00,2026-07-27T18:12:00,0,0.1841,0.0,0.1841,북
2026-07-28T03:13:00,2026-07-27T18:13:00,0,0.1827,0.0,0.1827,북
2026-07-28T03:14:00,2026-07-27T18:14:00,0,0.1814,0.0,0.1814,북
2026-07-28T03:15:00,2026-07-27T18:15:00,0,0.1801,0.0,0.1801,북
2026-07-28T03:16:00,2026-07-27T18:16:00,0,0.1789,0.0,0.1789,북
2026-07-28T03:17:00,2026-07-27T18:17:00,0,0.1777,0.0,0.1777,북
2026-07-28T03:18:00,2026-07-27T18:18:00,0,0.1766,0.0,0.1766,북
2026-07-28T03:19:00,2026-07-27T18:19:00,0,0.1756,0.0,0.1756,북
2026-07-28T03:20:00,2026-07-27T18:20:00,337.5,0.1746,-0.0668,0.1613,북북서
2026-07-28T03:21:00,2026-07-27T18:21:00,337.5,0.1737,-0.0665,0.1605,북북서
2026-07-28T03:22:00,2026-07-27T18:22:00,337.5,0.1728,-0.0661,0.1596,북북서
2026-07-28T03:23:00,2026-07-27T18:23:00,337.5,0.172,-0.0658,0.1589,북북서
2026-07-28T03:24:00,2026-07-27T18:24:00,337.5,0.1713,-0.0656,0.1583,북북서
2026-07-28T03:25:00,2026-07-27T18:25:00,337.5,0.1706,-0.0653,0.1576,북북서
2026-07-28T03:26:00,2026-07-27T18:26:00,337.5,0.1701,-0.0651,0.1572,북북서
2026-07-28T03:27:00,2026-07-27T18:27:00,337.5,0.1696,-0.0649,0.1567,북북서
2026-07-28T03:28:00,2026-07-27T18:28:00,337.5,0.1691,-0.0647,0.1562,북북서
2026-07-28T03:29:00,2026-07-27T18:29:00,337.5,0.1688,-0.0646,0.156,북북서
2026-07-28T03:30:00,2026-07-27T18:30:00,337.5,0.1685,-0.0645,0.1557,북북서
2026-07-28T03:31:00,2026-07-27T18:31:00,337.5,0.1683,-0.0644,0.1555,북북서
2026-07-28T03:32:00,2026-07-27T18:32:00,337.5,0.1682,-0.0644,0.1554,북북서
2026-07-28T03:33:00,2026-07-27T18:33:00,337.5,0.1681,-0.0643,0.1553,북북서
2026-07-28T03:34:00,2026-07-27T18:34:00,337.5,0.1682,-0.0644,0.1554,북북서
2026-07-28T03:35:00,2026-07-27T18:35:00,337.5,0.1683,-0.0644,0.1555,북북서
2026-07-28T03:36:00,2026-07-27T18:36:00,337.5,0.1685,-0.0645,0.1557,북북서
2026-07-28T03:37:00,2026-07-27T18:37:00,337.5,0.1688,-0.0646,0.156,북북서
2026-07-28T03:38:00,2026-07-27T18:38:00,315,0.1692,-0.1196,0.1196,북서
2026-07-28T03:39:00,2026-07-27T18:39:00,315,0.1696,-0.1199,0.1199,북서
2026-07-28T03:40:00,2026-07-27T18:40:00,315,0.1702,-0.1203,0.1203,북서
2026-07-28T03:41:00,2026-07-27T18:41:00,315,0.1708,-0.1208,0.1208,북서
2026-07-28T03:42:00,2026-07-27T18:42:00,315,0.1715,-0.1213,0.1213,북서
2026-07-28T03:43:00,2026-07-27T18:43:00,315,0.1723,-0.1218,0.1218,북서
2026-07-28T03:44:00,2026-07-27T18:44:00,315,0.1732,-0.1225,0.1225,북서
2026-07-28T03:45:00,2026-07-27T18:45:00,315,0.1742,-0.1232,0.1232,북서
2026-07-28T03:46:00,2026-07-27T18:46:00,315,0.1753,-0.124,0.124,북서
2026-07-28T03:47:00,2026-07-27T18:47:00,315,0.1764,-0.1247,0.1247,북서
2026-07-28T03:48:00,2026-07-27T18:48:00,315,0.1776,-0.1256,0.1256,북서
2026-07-28T03:49:00,2026-07-27T18:49:00,315,0.179,-0.1266,0.1266,북서
2026-07-28T03:50:00,2026-07-27T18:50:00,315,0.1803,-0.1275,0.1275,북서
2026-07-28T03:51:00,2026-07-27T18:51:00,315,0.1818,-0.1286,0.1286,북서
2026-07-28T03:52:00,2026-07-27T18:52:00,315,0.1834,-0.1297,0.1297,북서
2026-07-28T03:53:00,2026-07-27T18:53:00,315,0.185,-0.1308,0.1308,북서
2026-07-28T03:54:00,2026-07-27T18:54:00,315,0.1867,-0.132,0.132,북서
2026-07-28T03:55:00,2026-07-27T18:55:00,315,0.1885,-0.1333,0.1333,북서
2026-07-28T03:56:00,2026-07-27T18:56:00,315,0.1904,-0.1346,0.1346,북서
2026-07-28T03:57:00,2026-07-27T18:57:00,292.5,0.1924,-0.1778,0.0736,서북서
2026-07-28T03:58:00,2026-07-27T18:58:00,292.5,0.1944,-0.1796,0.0744,서북서
2026-07-28T03:59:00,2026-07-27T18:59:00,292.5,0.1965,-0.1815,0.0752,서북서
2026-07-28T04:00:00,2026-07-27T19:00:00,292.5,0.1986,-0.1835,0.076,서북서
2026-07-28T04:01:00,2026-07-27T19:01:00,292.5,0.2008,-0.1855,0.0768,서북서
2026-07-28T04:02:00,2026-07-27T19:02:00,292.5,0.2031,-0.1876,0.0777,서북서
2026-07-28T04:03:00,2026-07-27T19:03:00,292.5,0.2055,-0.1899,0.0786,서북서
2026-07-28T04:04:00,2026-07-27T19:04:00,292.5,0.2079,-0.1921,0.0796,서북서
2026-07-28T04:05:00,2026-07-27T19:05:00,292.5,0.2104,-0.1944,0.0805,서북서
2026-07-28T04:06:00,2026-07-27T19:06:00,292.5,0.213,-0.1968,0.0815,서북서
2026-07-28T04:07:00,2026-07-27T19:07:00,292.5,0.2156,-0.1992,0.0825,서북서
2026-07-28T04:08:00,2026-07-27T19:08:00,292.5,0.2182,-0.2016,0.0835,서북서
2026-07-28T04:09:00,2026-07-27T19:09:00,292.5,0.221,-0.2042,0.0846,서북서
2026-07-28T04:10:00,2026-07-27T19:10:00,292.5,0.2237,-0.2067,0.0856,서북서
2026-07-28T04:11:00,2026-07-27T19:11:00,292.5,0.2266,-0.2094,0.0867,서북서
2026-07-28T04:12:00,2026-07-27T19:12:00,292.5,0.2294,-0.2119,0.0878,서북서
2026-07-28T04:13:00,2026-07-27T19:13:00,292.5,0.2323,-0.2146,0.0889,서북서
2026-07-28T04:14:00,2026-07-27T19:14:00,292.5,0.2353,-0.2174,0.09,서북서
2026-07-28T04:15:00,2026-07-27T19:15:00,292.5,0.2383,-0.2202,0.0912,서북서
2026-07-28T04:16:00,2026-07-27T19:16:00,292.5,0.2414,-0.223,0.0924,서북서
2026-07-28T04:17:00,2026-07-27T19:17:00,292.5,0.2445,-0.2259,0.0936,서북서
2026-07-28T04:18:00,2026-07-27T19:18:00,292.5,0.2476,-0.2288,0.0948,서북서
2026-07-28T04:19:00,2026-07-27T19:19:00,292.5,0.2508,-0.2317,0.096,서북서
2026-07-28T04:20:00,2026-07-27T19:20:00,292.5,0.254,-0.2347,0.0972,서북서
2026-07-28T04:21:00,2026-07-27T19:21:00,292.5,0.2573,-0.2377,0.0985,서북서
2026-07-28T04:22:00,2026-07-27T19:22:00,292.5,0.2606,-0.2408,0.0997,서북서
2026-07-28T04:23:00,2026-07-27T19:23:00,292.5,0.2639,-0.2438,0.101,서북서
2026-07-28T04:24:00,2026-07-27T19:24:00,292.5,0.2673,-0.247,0.1023,서북서
2026-07-28T04:25:00,2026-07-27T19:25:00,292.5,0.2706,-0.25,0.1036,서북서
2026-07-28T04:26:00,2026-07-27T19:26:00,270,0.274,-0.274,-0.0,서
2026-07-28T04:27:00,2026-07-27T19:27:00,270,0.2775,-0.2775,-0.0,서
2026-07-28T04:28:00,2026-07-27T19:28:00,270,0.2809,-0.2809,-0.0,서
2026-07-28T04:29:00,2026-07-27T19:29:00,270,0.2844,-0.2844,-0.0,서
2026-07-28T04:30:00,2026-07-27T19:30:00,270,0.2879,-0.2879,-0.0,서
2026-07-28T04:31:00,2026-07-27T19:31:00,270,0.2914,-0.2914,-0.0,서
2026-07-28T04:32:00,2026-07-27T19:32:00,270,0.295,-0.295,-0.0,서
2026-07-28T04:33:00,2026-07-27T19:33:00,270,0.2985,-0.2985,-0.0,서
2026-07-28T04:34:00,2026-07-27T19:34:00,270,0.3021,-0.3021,-0.0,서
2026-07-28T04:35:00,2026-07-27T19:35:00,270,0.3057,-0.3057,-0.0,서
2026-07-28T04:36:00,2026-07-27T19:36:00,270,0.3093,-0.3093,-0.0,서
2026-07-28T04:37:00,2026-07-27T19:37:00,270,0.3129,-0.3129,-0.0,서
2026-07-28T04:38:00,2026-07-27T19:38:00,270,0.3165,-0.3165,-0.0,서
2026-07-28T04:39:00,2026-07-27T19:39:00,270,0.3202,-0.3202,-0.0,서
2026-07-28T04:40:00,2026-07-27T19:40:00,270,0.3238,-0.3238,-0.0,서
2026-07-28T04:41:00,2026-07-27T19:41:00,270,0.3274,-0.3274,-0.0,서
2026-07-28T04:42:00,2026-07-27T19:42:00,270,0.3311,-0.3311,-0.0,서
2026-07-28T04:43:00,2026-07-27T19:43:00,270,0.3347,-0.3347,-0.0,서
2026-07-28T04:44:00,2026-07-27T19:44:00,270,0.3384,-0.3384,-0.0,서
2026-07-28T04:45:00,2026-07-27T19:45:00,270,0.342,-0.342,-0.0,서
2026-07-28T04:46:00,2026-07-27T19:46:00,270,0.3456,-0.3456,-0.0,서
2026-07-28T04:47:00,2026-07-27T19:47:00,270,0.3493,-0.3493,-0.0,서
2026-07-28T04:48:00,2026-07-27T19:48:00,270,0.3529,-0.3529,-0.0,서
2026-07-28T04:49:00,2026-07-27T19:49:00,270,0.3565,-0.3565,-0.0,서
2026-07-28T04:50:00,2026-07-27T19:50:00,270,0.3602,-0.3602,-0.0,서
2026-07-28T04:51:00,2026-07-27T19:51:00,270,0.3638,-0.3638,-0.0,서
2026-07-28T04:52:00,2026-07-27T19:52:00,270,0.3674,-0.3674,-0.0,서
2026-07-28T04:53:00,2026-07-27T19:53:00,270,0.371,-0.371,-0.0,서
2026-07-28T04:54:00,2026-07-27T19:54:00,270,0.3745,-0.3745,-0.0,서
2026-07-28T04:55:00,2026-07-27T19:55:00,270,0.3781,-0.3781,-0.0,서
2026-07-28T04:56:00,2026-07-27T19:56:00,270,0.3816,-0.3816,-0.0,서
2026-07-28T04:57:00,2026-07-27T19:57:00,270,0.3852,-0.3852,-0.0,서
2026-07-28T04:58:00,2026-07-27T19:58:00,270,0.3887,-0.3887,-0.0,서
2026-07-28T04:59:00,2026-07-27T19:59:00,270,0.3922,-0.3922,-0.0,서
2026-07-28T05:00:00,2026-07-27T20:00:00,270,0.3956,-0.3956,-0.0,서
2026-07-28T05:01:00,2026-07-27T20:01:00,270,0.3991,-0.3991,-0.0,서
2026-07-28T05:02:00,2026-07-27T20:02:00,270,0.4025,-0.4025,-0.0,서
2026-07-28T05:03:00,2026-07-27T20:03:00,270,0.4059,-0.4059,-0.0,서
2026-07-28T05:04:00,2026-07-27T20:04:00,270,0.4092,-0.4092,-0.0,서
2026-07-28T05:05:00,2026-07-27T20:05:00,270,0.4126,-0.4126,-0.0,서
2026-07-28T05:06:00,2026-07-27T20:06:00,270,0.4159,-0.4159,-0.0,서
2026-07-28T05:07:00,2026-07-27T20:07:00,270,0.4192,-0.4192,-0.0,서
2026-07-28T05:08:00,2026-07-27T20:08:00,270,0.4224,-0.4224,-0.0,서
2026-07-28T05:09:00,2026-07-27T20:09:00,270,0.4256,-0.4256,-0.0,서
2026-07-28T05:10:00,2026-07-27T20:10:00,270,0.4288,-0.4288,-0.0,서
2026-07-28T05:11:00,2026-07-27T20:11:00,270,0.4319,-0.4319,-0.0,서
2026-07-28T05:12:00,2026-07-27T20:12:00,270,0.435,-0.435,-0.0,서
2026-07-28T05:13:00,2026-07-27T20:13:00,270,0.4381,-0.4381,-0.0,서
2026-07-28T05:14:00,2026-07-27T20:14:00,270,0.4411,-0.4411,-0.0,서
2026-07-28T05:15:00,2026-07-27T20:15:00,270,0.4441,-0.4441,-0.0,서
2026-07-28T05:16:00,2026-07-27T20:16:00,270,0.447,-0.447,-0.0,서
2026-07-28T05:17:00,2026-07-27T20:17:00,270,0.4499,-0.4499,-0.0,서
2026-07-28T05:18:00,2026-07-27T20:18:00,270,0.4528,-0.4528,-0.0,서
2026-07-28T05:19:00,2026-07-27T20:19:00,270,0.4556,-0.4556,-0.0,서
2026-07-28T05:20:00,2026-07-27T20:20:00,270,0.4584,-0.4584,-0.0,서
2026-07-28T05:21:00,2026-07-27T20:21:00,270,0.4611,-0.4611,-0.0,서
2026-07-28T05:22:00,2026-07-27T20:22:00,270,0.4637,-0.4637,-0.0,서
2026-07-28T05:23:00,2026-07-27T20:23:00,270,0.4663,-0.4663,-0.0,서
2026-07-28T05:24:00,2026-07-27T20:24:00,270,0.4689,-0.4689,-0.0,서
2026-07-28T05:25:00,2026-07-27T20:25:00,270,0.4714,-0.4714,-0.0,서
2026-07-28T05:26:00,2026-07-27T20:26:00,270,0.4739,-0.4739,-0.0,서
2026-07-28T05:27:00,2026-07-27T20:27:00,270,0.4763,-0.4763,-0.0,서
2026-07-28T05:28:00,2026-07-27T20:28:00,270,0.4786,-0.4786,-0.0,서
2026-07-28T05:29:00,2026-07-27T20:29:00,270,0.4809,-0.4809,-0.0,서
2026-07-28T05:30:00,2026-07-27T20:30:00,270,0.4831,-0.4831,-0.0,서
2026-07-28T05:31:00,2026-07-27T20:31:00,270,0.4853,-0.4853,-0.0,서
2026-07-28T05:32:00,2026-07-27T20:32:00,270,0.4874,-0.4874,-0.0,서
2026-07-28T05:33:00,2026-07-27T20:33:00,270,0.4895,-0.4895,-0.0,서
2026-07-28T05:34:00,2026-07-27T20:34:00,270,0.4914,-0.4914,-0.0,서
2026-07-28T05:35:00,2026-07-27T20:35:00,270,0.4934,-0.4934,-0.0,서
2026-07-28T05:36:00,2026-07-27T20:36:00,270,0.4952,-0.4952,-0.0,서
2026-07-28T05:37:00,2026-07-27T20:37:00,270,0.497,-0.497,-0.0,서
2026-07-28T05:38:00,2026-07-27T20:38:00,270,0.4988,-0.4988,-0.0,서
2026-07-28T05:39:00,2026-07-27T20:39:00,270,0.5004,-0.5004,-0.0,서
2026-07-28T05:40:00,2026-07-27T20:40:00,270,0.502,-0.502,-0.0,서
2026-07-28T05:41:00,2026-07-27T20:41:00,270,0.5036,-0.5036,-0.0,서
2026-07-28T05:42:00,2026-07-27T20:42:00,270,0.505,-0.505,-0.0,서
2026-07-28T05:43:00,2026-07-27T20:43:00,270,0.5064,-0.5064,-0.0,서
2026-07-28T05:44:00,2026-07-27T20:44:00,270,0.5077,-0.5077,-0.0,서
2026-07-28T05:45:00,2026-07-27T20:45:00,270,0.509,-0.509,-0.0,서
2026-07-28T05:46:00,2026-07-27T20:46:00,270,0.5102,-0.5102,-0.0,서
2026-07-28T05:47:00,2026-07-27T20:47:00,270,0.5113,-0.5113,-0.0,서
2026-07-28T05:48:00,2026-07-27T20:48:00,270,0.5123,-0.5123,-0.0,서
2026-07-28T05:49:00,2026-07-27T20:49:00,270,0.5133,-0.5133,-0.0,서
2026-07-28T05:50:00,2026-07-27T20:50:00,270,0.5142,-0.5142,-0.0,서
2026-07-28T05:51:00,2026-07-27T20:51:00,270,0.515,-0.515,-0.0,서
2026-07-28T05:52:00,2026-07-27T20:52:00,270,0.5157,-0.5157,-0.0,서
2026-07-28T05:53:00,2026-07-27T20:53:00,270,0.5164,-0.5164,-0.0,서
2026-07-28T05:54:00,2026-07-27T20:54:00,270,0.517,-0.517,-0.0,서
2026-07-28T05:55:00,2026-07-27T20:55:00,270,0.5175,-0.5175,-0.0,서
2026-07-28T05:56:00,2026-07-27T20:56:00,270,0.5179,-0.5179,-0.0,서
2026-07-28T05:57:00,2026-07-27T20:57:00,270,0.5183,-0.5183,-0.0,서
2026-07-28T05:58:00,2026-07-27T20:58:00,270,0.5186,-0.5186,-0.0,서
2026-07-28T05:59:00,2026-07-27T20:59:00,270,0.5188,-0.5188,-0.0,서
2026-07-28T06:00:00,2026-07-27T21:00:00,270,0.5189,-0.5189,-0.0,서
2026-07-28T06:01:00,2026-07-27T21:01:00,270,0.5189,-0.5189,-0.0,서
2026-07-28T06:02:00,2026-07-27T21:02:00,270,0.5189,-0.5189,-0.0,서
2026-07-28T06:03:00,2026-07-27T21:03:00,270,0.5188,-0.5188,-0.0,서
2026-07-28T06:04:00,2026-07-27T21:04:00,270,0.5186,-0.5186,-0.0,서
2026-07-28T06:05:00,2026-07-27T21:05:00,270,0.5183,-0.5183,-0.0,서
2026-07-28T06:06:00,2026-07-27T21:06:00,270,0.5179,-0.5179,-0.0,서
2026-07-28T06:07:00,2026-07-27T21:07:00,270,0.5175,-0.5175,-0.0,서
2026-07-28T06:08:00,2026-07-27T21:08:00,270,0.517,-0.517,-0.0,서
2026-07-28T06:09:00,2026-07-27T21:09:00,270,0.5164,-0.5164,-0.0,서
2026-07-28T06:10:00,2026-07-27T21:10:00,270,0.5157,-0.5157,-0.0,서
2026-07-28T06:11:00,2026-07-27T21:11:00,270,0.5149,-0.5149,-0.0,서
2026-07-28T06:12:00,2026-07-27T21:12:00,270,0.5141,-0.5141,-0.0,서
2026-07-28T06:13:00,2026-07-27T21:13:00,270,0.5132,-0.5132,-0.0,서
2026-07-28T06:14:00,2026-07-27T21:14:00,270,0.5122,-0.5122,-0.0,서
2026-07-28T06:15:00,2026-07-27T21:15:00,270,0.5111,-0.5111,-0.0,서
2026-07-28T06:16:00,2026-07-27T21:16:00,270,0.5099,-0.5099,-0.0,서
2026-07-28T06:17:00,2026-07-27T21:17:00,270,0.5087,-0.5087,-0.0,서
2026-07-28T06:18:00,2026-07-27T21:18:00,270,0.5074,-0.5074,-0.0,서
2026-07-28T06:19:00,2026-07-27T21:19:00,270,0.506,-0.506,-0.0,서
2026-07-28T06:20:00,2026-07-27T21:20:00,270,0.5045,-0.5045,-0.0,서
2026-07-28T06:21:00,2026-07-27T21:21:00,270,0.5029,-0.5029,-0.0,서
2026-07-28T06:22:00,2026-07-27T21:22:00,270,0.5013,-0.5013,-0.0,서
2026-07-28T06:23:00,2026-07-27T21:23:00,270,0.4996,-0.4996,-0.0,서
2026-07-28T06:24:00,2026-07-27T21:24:00,270,0.4978,-0.4978,-0.0,서
2026-07-28T06:25:00,2026-07-27T21:25:00,270,0.4959,-0.4959,-0.0,서
2026-07-28T06:26:00,2026-07-27T21:26:00,270,0.4939,-0.4939,-0.0,서
2026-07-28T06:27:00,2026-07-27T21:27:00,270,0.4919,-0.4919,-0.0,서
2026-07-28T06:28:00,2026-07-27T21:28:00,270,0.4898,-0.4898,-0.0,서
2026-07-28T06:29:00,2026-07-27T21:29:00,270,0.4876,-0.4876,-0.0,서
2026-07-28T06:30:00,2026-07-27T21:30:00,270,0.4854,-0.4854,-0.0,서
2026-07-28T06:31:00,2026-07-27T21:31:00,270,0.483,-0.483,-0.0,서
2026-07-28T06:32:00,2026-07-27T21:32:00,270,0.4806,-0.4806,-0.0,서
2026-07-28T06:33:00,2026-07-27T21:33:00,270,0.4781,-0.4781,-0.0,서
2026-07-28T06:34:00,2026-07-27T21:34:00,270,0.4756,-0.4756,-0.0,서
2026-07-28T06:35:00,2026-07-27T21:35:00,270,0.473,-0.473,-0.0,서
2026-07-28T06:36:00,2026-07-27T21:36:00,270,0.4703,-0.4703,-0.0,서
2026-07-28T06:37:00,2026-07-27T21:37:00,270,0.4675,-0.4675,-0.0,서
2026-07-28T06:38:00,2026-07-27T21:38:00,270,0.4646,-0.4646,-0.0,서
2026-07-28T06:39:00,2026-07-27T21:39:00,270,0.4617,-0.4617,-0.0,서
2026-07-28T06:40:00,2026-07-27T21:40:00,270,0.4588,-0.4588,-0.0,서
2026-07-28T06:41:00,2026-07-27T21:41:00,270,0.4557,-0.4557,-0.0,서
2026-07-28T06:42:00,2026-07-27T21:42:00,270,0.4526,-0.4526,-0.0,서
2026-07-28T06:43:00,2026-07-27T21:43:00,270,0.4494,-0.4494,-0.0,서
2026-07-28T06:44:00,2026-07-27T21:44:00,270,0.4462,-0.4462,-0.0,서
2026-07-28T06:45:00,2026-07-27T21:45:00,270,0.4429,-0.4429,-0.0,서
2026-07-28T06:46:00,2026-07-27T21:46:00,270,0.4395,-0.4395,-0.0,서
2026-07-28T06:47:00,2026-07-27T21:47:00,292.5,0.4361,-0.4029,0.1669,서북서
2026-07-28T06:48:00,2026-07-27T21:48:00,292.5,0.4326,-0.3997,0.1655,서북서
2026-07-28T06:49:00,2026-07-27T21:49:00,292.5,0.4291,-0.3964,0.1642,서북서
2026-07-28T06:50:00,2026-07-27T21:50:00,292.5,0.4255,-0.3931,0.1628,서북서
2026-07-28T06:51:00,2026-07-27T21:51:00,292.5,0.4218,-0.3897,0.1614,서북서
2026-07-28T06:52:00,2026-07-27T21:52:00,292.5,0.4181,-0.3863,0.16,서북서
2026-07-28T06:53:00,2026-07-27T21:53:00,292.5,0.4143,-0.3828,0.1585,서북서
2026-07-28T06:54:00,2026-07-27T21:54:00,292.5,0.4105,-0.3793,0.1571,서북서
2026-07-28T06:55:00,2026-07-27T21:55:00,292.5,0.4066,-0.3756,0.1556,서북서
2026-07-28T06:56:00,2026-07-27T21:56:00,292.5,0.4027,-0.372,0.1541,서북서
2026-07-28T06:57:00,2026-07-27T21:57:00,292.5,0.3987,-0.3684,0.1526,서북서
2026-07-28T06:58:00,2026-07-27T21:58:00,292.5,0.3947,-0.3647,0.151,서북서
2026-07-28T06:59:00,2026-07-27T21:59:00,292.5,0.3907,-0.361,0.1495,서북서
2026-07-28T07:00:00,2026-07-27T22:00:00,292.5,0.3866,-0.3572,0.1479,서북서
2026-07-28T07:01:00,2026-07-27T22:01:00,292.5,0.3824,-0.3533,0.1463,서북서
2026-07-28T07:02:00,2026-07-27T22:02:00,292.5,0.3782,-0.3494,0.1447,서북서
2026-07-28T07:03:00,2026-07-27T22:03:00,292.5,0.374,-0.3455,0.1431,서북서
2026-07-28T07:04:00,2026-07-27T22:04:00,292.5,0.3698,-0.3417,0.1415,서북서
2026-07-28T07:05:00,2026-07-27T22:05:00,292.5,0.3655,-0.3377,0.1399,서북서
2026-07-28T07:06:00,2026-07-27T22:06:00,292.5,0.3612,-0.3337,0.1382,서북서
2026-07-28T07:07:00,2026-07-27T22:07:00,292.5,0.3568,-0.3296,0.1365,서북서
2026-07-28T07:08:00,2026-07-27T22:08:00,292.5,0.3525,-0.3257,0.1349,서북서
2026-07-28T07:09:00,2026-07-27T22:09:00,292.5,0.3481,-0.3216,0.1332,서북서
2026-07-28T07:10:00,2026-07-27T22:10:00,292.5,0.3437,-0.3175,0.1315,서북서
2026-07-28T07:11:00,2026-07-27T22:11:00,292.5,0.3392,-0.3134,0.1298,서북서
2026-07-28T07:12:00,2026-07-27T22:12:00,292.5,0.3348,-0.3093,0.1281,서북서
2026-07-28T07:13:00,2026-07-27T22:13:00,292.5,0.3303,-0.3052,0.1264,서북서
2026-07-28T07:14:00,2026-07-27T22:14:00,292.5,0.3258,-0.301,0.1247,서북서
2026-07-28T07:15:00,2026-07-27T22:15:00,292.5,0.3213,-0.2968,0.123,서북서
2026-07-28T07:16:00,2026-07-27T22:16:00,292.5,0.3169,-0.2928,0.1213,서북서
2026-07-28T07:17:00,2026-07-27T22:17:00,292.5,0.3124,-0.2886,0.1196,서북서
2026-07-28T07:18:00,2026-07-27T22:18:00,292.5,0.3079,-0.2845,0.1178,서북서
2026-07-28T07:19:00,2026-07-27T22:19:00,292.5,0.3034,-0.2803,0.1161,서북서
2026-07-28T07:20:00,2026-07-27T22:20:00,292.5,0.2989,-0.2761,0.1144,서북서
2026-07-28T07:21:00,2026-07-27T22:21:00,292.5,0.2944,-0.272,0.1127,서북서
2026-07-28T07:22:00,2026-07-27T22:22:00,292.5,0.29,-0.2679,0.111,서북서
2026-07-28T07:23:00,2026-07-27T22:23:00,315,0.2856,-0.2019,0.2019,북서
2026-07-28T07:24:00,2026-07-27T22:24:00,315,0.2812,-0.1988,0.1988,북서
2026-07-28T07:25:00,2026-07-27T22:25:00,315,0.2768,-0.1957,0.1957,북서
2026-07-28T07:26:00,2026-07-27T22:26:00,315,0.2725,-0.1927,0.1927,북서
2026-07-28T07:27:00,2026-07-27T22:27:00,315,0.2682,-0.1896,0.1896,북서
2026-07-28T07:28:00,2026-07-27T22:28:00,315,0.2639,-0.1866,0.1866,북서
2026-07-28T07:29:00,2026-07-27T22:29:00,315,0.2597,-0.1836,0.1836,북서
2026-07-28T07:30:00,2026-07-27T22:30:00,315,0.2555,-0.1807,0.1807,북서
2026-07-28T07:31:00,2026-07-27T22:31:00,315,0.2514,-0.1778,0.1778,북서
2026-07-28T07:32:00,2026-07-27T22:32:00,315,0.2474,-0.1749,0.1749,북서
2026-07-28T07:33:00,2026-07-27T22:33:00,315,0.2434,-0.1721,0.1721,북서
2026-07-28T07:34:00,2026-07-27T22:34:00,315,0.2396,-0.1694,0.1694,북서
2026-07-28T07:35:00,2026-07-27T22:35:00,315,0.2358,-0.1667,0.1667,북서
2026-07-28T07:36:00,2026-07-27T22:36:00,315,0.2321,-0.1641,0.1641,북서
2026-07-28T07:37:00,2026-07-27T22:37:00,315,0.2285,-0.1616,0.1616,북서
2026-07-28T07:38:00,2026-07-27T22:38:00,315,0.225,-0.1591,0.1591,북서
2026-07-28T07:39:00,2026-07-27T22:39:00,315,0.2216,-0.1567,0.1567,북서
2026-07-28T07:40:00,2026-07-27T22:40:00,315,0.2183,-0.1544,0.1544,북서
2026-07-28T07:41:00,2026-07-27T22:41:00,337.5,0.2152,-0.0824,0.1988,북북서
2026-07-28T07:42:00,2026-07-27T22:42:00,337.5,0.2122,-0.0812,0.196,북북서
2026-07-28T07:43:00,2026-07-27T22:43:00,337.5,0.2093,-0.0801,0.1934,북북서
2026-07-28T07:44:00,2026-07-27T22:44:00,337.5,0.2066,-0.0791,0.1909,북북서
2026-07-28T07:45:00,2026-07-27T22:45:00,337.5,0.2041,-0.0781,0.1886,북북서
2026-07-28T07:46:00,2026-07-27T22:46:00,337.5,0.2018,-0.0772,0.1864,북북서
2026-07-28T07:47:00,2026-07-27T22:47:00,337.5,0.1996,-0.0764,0.1844,북북서
2026-07-28T07:48:00,2026-07-27T22:48:00,337.5,0.1976,-0.0756,0.1826,북북서
2026-07-28T07:49:00,2026-07-27T22:49:00,337.5,0.1958,-0.0749,0.1809,북북서
2026-07-28T07:50:00,2026-07-27T22:50:00,337.5,0.1941,-0.0743,0.1793,북북서
2026-07-28T07:51:00,2026-07-27T22:51:00,337.5,0.1927,-0.0737,0.178,북북서
2026-07-28T07:52:00,2026-07-27T22:52:00,337.5,0.1915,-0.0733,0.1769,북북서
2026-07-28T07:53:00,2026-07-27T22:53:00,0,0.1906,0.0,0.1906,북
2026-07-28T07:54:00,2026-07-27T22:54:00,0,0.1898,0.0,0.1898,북
2026-07-28T07:55:00,2026-07-27T22:55:00,0,0.1893,0.0,0.1893,북
2026-07-28T07:56:00,2026-07-27T22:56:00,0,0.1889,0.0,0.1889,북
2026-07-28T07:57:00,2026-07-27T22:57:00,0,0.1889,0.0,0.1889,북
2026-07-28T07:58:00,2026-07-27T22:58:00,0,0.189,0.0,0.189,북
2026-07-28T07:59:00,2026-07-27T22:59:00,0,0.1894,0.0,0.1894,북
2026-07-28T08:00:00,2026-07-27T23:00:00,0,0.1899,0.0,0.1899,북
2026-07-28T08:01:00,2026-07-27T23:01:00,0,0.1908,0.0,0.1908,북
2026-07-28T08:02:00,2026-07-27T23:02:00,0,0.1918,0.0,0.1918,북
2026-07-28T08:03:00,2026-07-27T23:03:00,22.5,0.193,0.0739,0.1783,북북동
2026-07-28T08:04:00,2026-07-27T23:04:00,22.5,0.1945,0.0744,0.1797,북북동
2026-07-28T08:05:00,2026-07-27T23:05:00,22.5,0.1961,0.075,0.1812,북북동
2026-07-28T08:06:00,2026-07-27T23:06:00,22.5,0.198,0.0758,0.1829,북북동
2026-07-28T08:07:00,2026-07-27T23:07:00,22.5,0.2001,0.0766,0.1849,북북동
2026-07-28T08:08:00,2026-07-27T23:08:00,22.5,0.2023,0.0774,0.1869,북북동
2026-07-28T08:09:00,2026-07-27T23:09:00,22.5,0.2047,0.0783,0.1891,북북동
2026-07-28T08:10:00,2026-07-27T23:10:00,22.5,0.2073,0.0793,0.1915,북북동
2026-07-28T08:11:00,2026-07-27T23:11:00,22.5,0.21,0.0804,0.194,북북동
2026-07-28T08:12:00,2026-07-27T23:12:00,22.5,0.213,0.0815,0.1968,북북동
2026-07-28T08:13:00,2026-07-27T23:13:00,22.5,0.216,0.0827,0.1996,북북동
2026-07-28T08:14:00,2026-07-27T23:14:00,22.5,0.2192,0.0839,0.2025,북북동
2026-07-28T08:15:00,2026-07-27T23:15:00,45,0.2225,0.1573,0.1573,북동
2026-07-28T08:16:00,2026-07-27T23:16:00,45,0.226,0.1598,0.1598,북동
2026-07-28T08:17:00,2026-07-27T23:17:00,45,0.2295,0.1623,0.1623,북동
2026-07-28T08:18:00,2026-07-27T23:18:00,45,0.2332,0.1649,0.1649,북동
2026-07-28T08:19:00,2026-07-27T23:19:00,45,0.237,0.1676,0.1676,북동
2026-07-28T08:20:00,2026-07-27T23:20:00,45,0.2409,0.1703,0.1703,북동
2026-07-28T08:21:00,2026-07-27T23:21:00,45,0.2448,0.1731,0.1731,북동
2026-07-28T08:22:00,2026-07-27T23:22:00,45,0.2489,0.176,0.176,북동
2026-07-28T08:23:00,2026-07-27T23:23:00,45,0.253,0.1789,0.1789,북동
2026-07-28T08:24:00,2026-07-27T23:24:00,45,0.2572,0.1819,0.1819,북동
2026-07-28T08:25:00,2026-07-27T23:25:00,45,0.2615,0.1849,0.1849,북동
2026-07-28T08:26:00,2026-07-27T23:26:00,45,0.2658,0.1879,0.1879,북동
2026-07-28T08:27:00,2026-07-27T23:27:00,45,0.2701,0.191,0.191,북동
2026-07-28T08:28:00,2026-07-27T23:28:00,45,0.2746,0.1942,0.1942,북동
2026-07-28T08:29:00,2026-07-27T23:29:00,45,0.279,0.1973,0.1973,북동
2026-07-28T08:30:00,2026-07-27T23:30:00,45,0.2836,0.2005,0.2005,북동
2026-07-28T08:31:00,2026-07-27T23:31:00,45,0.2881,0.2037,0.2037,북동
2026-07-28T08:32:00,2026-07-27T23:32:00,45,0.2927,0.207,0.207,북동
2026-07-28T08:33:00,2026-07-27T23:33:00,67.5,0.2973,0.2747,0.1138,동북동
2026-07-28T08:34:00,2026-07-27T23:34:00,67.5,0.302,0.279,0.1156,동북동
2026-07-28T08:35:00,2026-07-27T23:35:00,67.5,0.3066,0.2833,0.1173,동북동
2026-07-28T08:36:00,2026-07-27T23:36:00,67.5,0.3113,0.2876,0.1191,동북동
2026-07-28T08:37:00,2026-07-27T23:37:00,67.5,0.316,0.2919,0.1209,동북동
2026-07-28T08:38:00,2026-07-27T23:38:00,67.5,0.3207,0.2963,0.1227,동북동
2026-07-28T08:39:00,2026-07-27T23:39:00,67.5,0.3254,0.3006,0.1245,동북동
2026-07-28T08:40:00,2026-07-27T23:40:00,67.5,0.3302,0.3051,0.1264,동북동
2026-07-28T08:41:00,2026-07-27T23:41:00,67.5,0.3349,0.3094,0.1282,동북동
2026-07-28T08:42:00,2026-07-27T23:42:00,67.5,0.3396,0.3137,0.13,동북동
2026-07-28T08:43:00,2026-07-27T23:43:00,67.5,0.3444,0.3182,0.1318,동북동
2026-07-28T08:44:00,2026-07-27T23:44:00,67.5,0.3491,0.3225,0.1336,동북동
2026-07-28T08:45:00,2026-07-27T23:45:00,67.5,0.3538,0.3269,0.1354,동북동
2026-07-28T08:46:00,2026-07-27T23:46:00,67.5,0.3585,0.3312,0.1372,동북동
2026-07-28T08:47:00,2026-07-27T23:47:00,67.5,0.3633,0.3356,0.139,동북동
2026-07-28T08:48:00,2026-07-27T23:48:00,67.5,0.368,0.34,0.1408,동북동
2026-07-28T08:49:00,2026-07-27T23:49:00,67.5,0.3727,0.3443,0.1426,동북동
2026-07-28T08:50:00,2026-07-27T23:50:00,67.5,0.3773,0.3486,0.1444,동북동
2026-07-28T08:51:00,2026-07-27T23:51:00,67.5,0.382,0.3529,0.1462,동북동
2026-07-28T08:52:00,2026-07-27T23:52:00,67.5,0.3867,0.3573,0.148,동북동
2026-07-28T08:53:00,2026-07-27T23:53:00,67.5,0.3913,0.3615,0.1497,동북동
2026-07-28T08:54:00,2026-07-27T23:54:00,67.5,0.3959,0.3658,0.1515,동북동
2026-07-28T08:55:00,2026-07-27T23:55:00,67.5,0.4005,0.37,0.1533,동북동
2026-07-28T08:56:00,2026-07-27T23:56:00,67.5,0.4051,0.3743,0.155,동북동
2026-07-28T08:57:00,2026-07-27T23:57:00,67.5,0.4096,0.3784,0.1567,동북동
2026-07-28T08:58:00,2026-07-27T23:58:00,67.5,0.4141,0.3826,0.1585,동북동
2026-07-28T08:59:00,2026-07-27T23:59:00,67.5,0.4186,0.3867,0.1602,동북동
2026-07-28T09:00:00,2026-07-28T00:00:00,67.5,0.4231,0.3909,0.1619,동북동
2026-07-28T09:01:00,2026-07-28T00:01:00,67.5,0.4275,0.395,0.1636,동북동
2026-07-28T09:02:00,2026-07-28T00:02:00,67.5,0.4319,0.399,0.1653,동북동
2026-07-28T09:03:00,2026-07-28T00:03:00,67.5,0.4363,0.4031,0.167,동북동
2026-07-28T09:04:00,2026-07-28T00:04:00,67.5,0.4407,0.4072,0.1686,동북동
2026-07-28T09:05:00,2026-07-28T00:05:00,67.5,0.445,0.4111,0.1703,동북동
2026-07-28T09:06:00,2026-07-28T00:06:00,67.5,0.4493,0.4151,0.1719,동북동
2026-07-28T09:07:00,2026-07-28T00:07:00,67.5,0.4535,0.419,0.1735,동북동
2026-07-28T09:08:00,2026-07-28T00:08:00,67.5,0.4577,0.4229,0.1752,동북동
2026-07-28T09:09:00,2026-07-28T00:09:00,67.5,0.4619,0.4267,0.1768,동북동
2026-07-28T09:10:00,2026-07-28T00:10:00,67.5,0.4661,0.4306,0.1784,동북동
2026-07-28T09:11:00,2026-07-28T00:11:00,90,0.4702,0.4702,0.0,동
2026-07-28T09:12:00,2026-07-28T00:12:00,90,0.4742,0.4742,0.0,동
2026-07-28T09:13:00,2026-07-28T00:13:00,90,0.4783,0.4783,0.0,동
2026-07-28T09:14:00,2026-07-28T00:14:00,90,0.4823,0.4823,0.0,동
2026-07-28T09:15:00,2026-07-28T00:15:00,90,0.4862,0.4862,0.0,동
2026-07-28T09:16:00,2026-07-28T00:16:00,90,0.4902,0.4902,0.0,동
2026-07-28T09:17:00,2026-07-28T00:17:00,90,0.494,0.494,0.0,동
2026-07-28T09:18:00,2026-07-28T00:18:00,90,0.4979,0.4979,0.0,동
2026-07-28T09:19:00,2026-07-28T00:19:00,90,0.5017,0.5017,0.0,동
2026-07-28T09:20:00,2026-07-28T00:20:00,90,0.5054,0.5054,0.0,동
2026-07-28T09:21:00,2026-07-28T00:21:00,90,0.5092,0.5092,0.0,동
2026-07-28T09:22:00,2026-07-28T00:22:00,90,0.5128,0.5128,0.0,동
2026-07-28T09:23:00,2026-07-28T00:23:00,90,0.5165,0.5165,0.0,동
2026-07-28T09:24:00,2026-07-28T00:24:00,90,0.52,0.52,0.0,동
2026-07-28T09:25:00,2026-07-28T00:25:00,90,0.5236,0.5236,0.0,동
2026-07-28T09:26:00,2026-07-28T00:26:00,90,0.5271,0.5271,0.0,동
2026-07-28T09:27:00,2026-07-28T00:27:00,90,0.5306,0.5306,0.0,동
2026-07-28T09:28:00,2026-07-28T00:28:00,90,0.534,0.534,0.0,동
2026-07-28T09:29:00,2026-07-28T00:29:00,90,0.5373,0.5373,0.0,동
2026-07-28T09:30:00,2026-07-28T00:30:00,90,0.5407,0.5407,0.0,동
2026-07-28T09:31:00,2026-07-28T00:31:00,90,0.5439,0.5439,0.0,동
2026-07-28T09:32:00,2026-07-28T00:32:00,90,0.5472,0.5472,0.0,동
2026-07-28T09:33:00,2026-07-28T00:33:00,90,0.5504,0.5504,0.0,동
2026-07-28T09:34:00,2026-07-28T00:34:00,90,0.5535,0.5535,0.0,동
2026-07-28T09:35:00,2026-07-28T00:35:00,90,0.5566,0.5566,0.0,동
2026-07-28T09:36:00,2026-07-28T00:36:00,90,0.5597,0.5597,0.0,동
2026-07-28T09:37:00,2026-07-28T00:37:00,90,0.5627,0.5627,0.0,동
2026-07-28T09:38:00,2026-07-28T00:38:00,90,0.5656,0.5656,0.0,동
2026-07-28T09:39:00,2026-07-28T00:39:00,90,0.5686,0.5686,0.0,동
2026-07-28T09:40:00,2026-07-28T00:40:00,90,0.5714,0.5714,0.0,동
2026-07-28T09:41:00,2026-07-28T00:41:00,90,0.5743,0.5743,0.0,동
2026-07-28T09:42:00,2026-07-28T00:42:00,90,0.5771,0.5771,0.0,동
2026-07-28T09:43:00,2026-07-28T00:43:00,90,0.5798,0.5798,0.0,동
2026-07-28T09:44:00,2026-07-28T00:44:00,90,0.5825,0.5825,0.0,동
2026-07-28T09:45:00,2026-07-28T00:45:00,90,0.5851,0.5851,0.0,동
2026-07-28T09:46:00,2026-07-28T00:46:00,90,0.5877,0.5877,0.0,동
2026-07-28T09:47:00,2026-07-28T00:47:00,90,0.5903,0.5903,0.0,동
2026-07-28T09:48:00,2026-07-28T00:48:00,90,0.5928,0.5928,0.0,동
2026-07-28T09:49:00,2026-07-28T00:49:00,90,0.5953,0.5953,0.0,동
2026-07-28T09:50:00,2026-07-28T00:50:00,90,0.5977,0.5977,0.0,동
2026-07-28T09:51:00,2026-07-28T00:51:00,90,0.6001,0.6001,0.0,동
2026-07-28T09:52:00,2026-07-28T00:52:00,90,0.6024,0.6024,0.0,동
2026-07-28T09:53:00,2026-07-28T00:53:00,90,0.6047,0.6047,0.0,동
2026-07-28T09:54:00,2026-07-28T00:54:00,90,0.607,0.607,0.0,동
2026-07-28T09:55:00,2026-07-28T00:55:00,90,0.6092,0.6092,0.0,동
2026-07-28T09:56:00,2026-07-28T00:56:00,90,0.6113,0.6113,0.0,동
2026-07-28T09:57:00,2026-07-28T00:57:00,90,0.6134,0.6134,0.0,동
2026-07-28T09:58:00,2026-07-28T00:58:00,90,0.6155,0.6155,0.0,동
2026-07-28T09:59:00,2026-07-28T00:59:00,90,0.6176,0.6176,0.0,동
2026-07-28T10:00:00,2026-07-28T01:00:00,90,0.6196,0.6196,0.0,동
2026-07-28T10:01:00,2026-07-28T01:01:00,90,0.6215,0.6215,0.0,동
2026-07-28T10:02:00,2026-07-28T01:02:00,90,0.6234,0.6234,0.0,동
2026-07-28T10:03:00,2026-07-28T01:03:00,90,0.6253,0.6253,0.0,동
2026-07-28T10:04:00,2026-07-28T01:04:00,90,0.6271,0.6271,0.0,동
2026-07-28T10:05:00,2026-07-28T01:05:00,90,0.6289,0.6289,0.0,동
2026-07-28T10:06:00,2026-07-28T01:06:00,90,0.6307,0.6307,0.0,동
2026-07-28T10:07:00,2026-07-28T01:07:00,90,0.6324,0.6324,0.0,동
2026-07-28T10:08:00,2026-07-28T01:08:00,90,0.6341,0.6341,0.0,동
2026-07-28T10:09:00,2026-07-28T01:09:00,90,0.6357,0.6357,0.0,동
2026-07-28T10:10:00,2026-07-28T01:10:00,90,0.6373,0.6373,0.0,동
2026-07-28T10:11:00,2026-07-28T01:11:00,90,0.6389,0.6389,0.0,동
2026-07-28T10:12:00,2026-07-28T01:12:00,90,0.6404,0.6404,0.0,동
2026-07-28T10:13:00,2026-07-28T01:13:00,90,0.6419,0.6419,0.0,동
2026-07-28T10:14:00,2026-07-28T01:14:00,90,0.6433,0.6433,0.0,동
2026-07-28T10:15:00,2026-07-28T01:15:00,90,0.6448,0.6448,0.0,동
2026-07-28T10:16:00,2026-07-28T01:16:00,90,0.6462,0.6462,0.0,동
2026-07-28T10:17:00,2026-07-28T01:17:00,90,0.6475,0.6475,0.0,동
2026-07-28T10:18:00,2026-07-28T01:18:00,90,0.6488,0.6488,0.0,동
2026-07-28T10:19:00,2026-07-28T01:19:00,90,0.6501,0.6501,0.0,동
2026-07-28T10:20:00,2026-07-28T01:20:00,90,0.6514,0.6514,0.0,동
2026-07-28T10:21:00,2026-07-28T01:21:00,90,0.6526,0.6526,0.0,동
2026-07-28T10:22:00,2026-07-28T01:22:00,90,0.6538,0.6538,0.0,동
2026-07-28T10:23:00,2026-07-28T01:23:00,90,0.655,0.655,0.0,동
2026-07-28T10:24:00,2026-07-28T01:24:00,90,0.6561,0.6561,0.0,동
2026-07-28T10:25:00,2026-07-28T01:25:00,90,0.6572,0.6572,0.0,동
2026-07-28T10:26:00,2026-07-28T01:26:00,90,0.6583,0.6583,0.0,동
2026-07-28T10:27:00,2026-07-28T01:27:00,90,0.6594,0.6594,0.0,동
2026-07-28T10:28:00,2026-07-28T01:28:00,90,0.6604,0.6604,0.0,동
2026-07-28T10:29:00,2026-07-28T01:29:00,90,0.6614,0.6614,0.0,동
2026-07-28T10:30:00,2026-07-28T01:30:00,90,0.6624,0.6624,0.0,동
2026-07-28T10:31:00,2026-07-28T01:31:00,90,0.6634,0.6634,0.0,동
2026-07-28T10:32:00,2026-07-28T01:32:00,90,0.6643,0.6643,0.0,동
2026-07-28T10:33:00,2026-07-28T01:33:00,90,0.6652,0.6652,0.0,동
2026-07-28T10:34:00,2026-07-28T01:34:00,90,0.6661,0.6661,0.0,동
2026-07-28T10:35:00,2026-07-28T01:35:00,90,0.667,0.667,0.0,동
2026-07-28T10:36:00,2026-07-28T01:36:00,90,0.6678,0.6678,0.0,동
2026-07-28T10:37:00,2026-07-28T01:37:00,90,0.6686,0.6686,0.0,동
2026-07-28T10:38:00,2026-07-28T01:38:00,90,0.6694,0.6694,0.0,동
2026-07-28T10:39:00,2026-07-28T01:39:00,90,0.6702,0.6702,0.0,동
2026-07-28T10:40:00,2026-07-28T01:40:00,90,0.671,0.671,0.0,동
2026-07-28T10:41:00,2026-07-28T01:41:00,90,0.6717,0.6717,0.0,동
2026-07-28T10:42:00,2026-07-28T01:42:00,90,0.6724,0.6724,0.0,동
2026-07-28T10:43:00,2026-07-28T01:43:00,90,0.6731,0.6731,0.0,동
2026-07-28T10:44:00,2026-07-28T01:44:00,90,0.6738,0.6738,0.0,동
2026-07-28T10:45:00,2026-07-28T01:45:00,90,0.6745,0.6745,0.0,동
2026-07-28T10:46:00,2026-07-28T01:46:00,90,0.6752,0.6752,0.0,동
2026-07-28T10:47:00,2026-07-28T01:47:00,90,0.6758,0.6758,0.0,동
2026-07-28T10:48:00,2026-07-28T01:48:00,90,0.6764,0.6764,0.0,동
2026-07-28T10:49:00,2026-07-28T01:49:00,90,0.6771,0.6771,0.0,동
2026-07-28T10:50:00,2026-07-28T01:50:00,90,0.6777,0.6777,0.0,동
2026-07-28T10:51:00,2026-07-28T01:51:00,90,0.6782,0.6782,0.0,동
2026-07-28T10:52:00,2026-07-28T01:52:00,90,0.6788,0.6788,0.0,동
2026-07-28T10:53:00,2026-07-28T01:53:00,90,0.6794,0.6794,0.0,동
2026-07-28T10:54:00,2026-07-28T01:54:00,90,0.6799,0.6799,0.0,동
2026-07-28T10:55:00,2026-07-28T01:55:00,90,0.6805,0.6805,0.0,동
2026-07-28T10:56:00,2026-07-28T01:56:00,90,0.681,0.681,0.0,동
2026-07-28T10:57:00,2026-07-28T01:57:00,90,0.6815,0.6815,0.0,동
2026-07-28T10:58:00,2026-07-28T01:58:00,90,0.682,0.682,0.0,동
2026-07-28T10:59:00,2026-07-28T01:59:00,90,0.6825,0.6825,0.0,동
2026-07-28T11:00:00,2026-07-28T02:00:00,90,0.683,0.683,0.0,동
2026-07-28T11:01:00,2026-07-28T02:01:00,90,0.6835,0.6835,0.0,동
2026-07-28T11:02:00,2026-07-28T02:02:00,90,0.684,0.684,0.0,동
2026-07-28T11:03:00,2026-07-28T02:03:00,90,0.6844,0.6844,0.0,동
2026-07-28T11:04:00,2026-07-28T02:04:00,90,0.6849,0.6849,0.0,동
2026-07-28T11:05:00,2026-07-28T02:05:00,90,0.6853,0.6853,0.0,동
2026-07-28T11:06:00,2026-07-28T02:06:00,90,0.6858,0.6858,0.0,동
2026-07-28T11:07:00,2026-07-28T02:07:00,90,0.6862,0.6862,0.0,동
2026-07-28T11:08:00,2026-07-28T02:08:00,90,0.6866,0.6866,0.0,동
2026-07-28T11:09:00,2026-07-28T02:09:00,90,0.687,0.687,0.0,동
2026-07-28T11:10:00,2026-07-28T02:10:00,90,0.6874,0.6874,0.0,동
2026-07-28T11:11:00,2026-07-28T02:11:00,67.5,0.6878,0.6354,0.2632,동북동
2026-07-28T11:12:00,2026-07-28T02:12:00,67.5,0.6882,0.6358,0.2634,동북동
2026-07-28T11:13:00,2026-07-28T02:13:00,67.5,0.6886,0.6362,0.2635,동북동
2026-07-28T11:14:00,2026-07-28T02:14:00,67.5,0.689,0.6366,0.2637,동북동
2026-07-28T11:15:00,2026-07-28T02:15:00,67.5,0.6893,0.6368,0.2638,동북동
2026-07-28T11:16:00,2026-07-28T02:16:00,67.5,0.6897,0.6372,0.2639,동북동
2026-07-28T11:17:00,2026-07-28T02:17:00,67.5,0.69,0.6375,0.2641,동북동
2026-07-28T11:18:00,2026-07-28T02:18:00,67.5,0.6904,0.6378,0.2642,동북동
2026-07-28T11:19:00,2026-07-28T02:19:00,67.5,0.6907,0.6381,0.2643,동북동
2026-07-28T11:20:00,2026-07-28T02:20:00,67.5,0.691,0.6384,0.2644,동북동
2026-07-28T11:21:00,2026-07-28T02:21:00,67.5,0.6913,0.6387,0.2645,동북동
2026-07-28T11:22:00,2026-07-28T02:22:00,67.5,0.6916,0.639,0.2647,동북동
2026-07-28T11:23:00,2026-07-28T02:23:00,67.5,0.6919,0.6392,0.2648,동북동
2026-07-28T11:24:00,2026-07-28T02:24:00,67.5,0.6922,0.6395,0.2649,동북동
2026-07-28T11:25:00,2026-07-28T02:25:00,67.5,0.6925,0.6398,0.265,동북동
2026-07-28T11:26:00,2026-07-28T02:26:00,67.5,0.6927,0.64,0.2651,동북동
2026-07-28T11:27:00,2026-07-28T02:27:00,67.5,0.693,0.6402,0.2652,동북동
2026-07-28T11:28:00,2026-07-28T02:28:00,67.5,0.6932,0.6404,0.2653,동북동
2026-07-28T11:29:00,2026-07-28T02:29:00,67.5,0.6934,0.6406,0.2654,동북동
2026-07-28T11:30:00,2026-07-28T02:30:00,67.5,0.6937,0.6409,0.2655,동북동
2026-07-28T11:31:00,2026-07-28T02:31:00,67.5,0.6939,0.6411,0.2655,동북동
2026-07-28T11:32:00,2026-07-28T02:32:00,67.5,0.694,0.6412,0.2656,동북동
2026-07-28T11:33:00,2026-07-28T02:33:00,67.5,0.6942,0.6414,0.2657,동북동
2026-07-28T11:34:00,2026-07-28T02:34:00,67.5,0.6944,0.6415,0.2657,동북동
2026-07-28T11:35:00,2026-07-28T02:35:00,67.5,0.6945,0.6416,0.2658,동북동
2026-07-28T11:36:00,2026-07-28T02:36:00,67.5,0.6947,0.6418,0.2659,동북동
2026-07-28T11:37:00,2026-07-28T02:37:00,67.5,0.6948,0.6419,0.2659,동북동
2026-07-28T11:38:00,2026-07-28T02:38:00,67.5,0.6949,0.642,0.2659,동북동
2026-07-28T11:39:00,2026-07-28T02:39:00,67.5,0.695,0.6421,0.266,동북동
2026-07-28T11:40:00,2026-07-28T02:40:00,67.5,0.695,0.6421,0.266,동북동
2026-07-28T11:41:00,2026-07-28T02:41:00,67.5,0.6951,0.6422,0.266,동북동
2026-07-28T11:42:00,2026-07-28T02:42:00,67.5,0.6951,0.6422,0.266,동북동
2026-07-28T11:43:00,2026-07-28T02:43:00,67.5,0.6951,0.6422,0.266,동북동
2026-07-28T11:44:00,2026-07-28T02:44:00,67.5,0.6951,0.6422,0.266,동북동
2026-07-28T11:45:00,2026-07-28T02:45:00,67.5,0.6951,0.6422,0.266,동북동
2026-07-28T11:46:00,2026-07-28T02:46:00,67.5,0.6951,0.6422,0.266,동북동
2026-07-28T11:47:00,2026-07-28T02:47:00,67.5,0.695,0.6421,0.266,동북동
2026-07-28T11:48:00,2026-07-28T02:48:00,67.5,0.6949,0.642,0.2659,동북동
2026-07-28T11:49:00,2026-07-28T02:49:00,67.5,0.6948,0.6419,0.2659,동북동
2026-07-28T11:50:00,2026-07-28T02:50:00,67.5,0.6947,0.6418,0.2659,동북동
2026-07-28T11:51:00,2026-07-28T02:51:00,67.5,0.6945,0.6416,0.2658,동북동
2026-07-28T11:52:00,2026-07-28T02:52:00,67.5,0.6944,0.6415,0.2657,동북동
2026-07-28T11:53:00,2026-07-28T02:53:00,67.5,0.6941,0.6413,0.2656,동북동
2026-07-28T11:54:00,2026-07-28T02:54:00,67.5,0.6939,0.6411,0.2655,동북동
2026-07-28T11:55:00,2026-07-28T02:55:00,67.5,0.6937,0.6409,0.2655,동북동
2026-07-28T11:56:00,2026-07-28T02:56:00,67.5,0.6934,0.6406,0.2654,동북동
2026-07-28T11:57:00,2026-07-28T02:57:00,67.5,0.6931,0.6403,0.2652,동북동
2026-07-28T11:58:00,2026-07-28T02:58:00,67.5,0.6927,0.64,0.2651,동북동
2026-07-28T11:59:00,2026-07-28T02:59:00,67.5,0.6924,0.6397,0.265,동북동
2026-07-28T12:00:00,2026-07-28T03:00:00,67.5,0.692,0.6393,0.2648,동북동
2026-07-28T12:01:00,2026-07-28T03:01:00,67.5,0.6915,0.6389,0.2646,동북동
2026-07-28T12:02:00,2026-07-28T03:02:00,67.5,0.6911,0.6385,0.2645,동북동
2026-07-28T12:03:00,2026-07-28T03:03:00,67.5,0.6906,0.638,0.2643,동북동
2026-07-28T12:04:00,2026-07-28T03:04:00,67.5,0.6901,0.6376,0.2641,동북동
2026-07-28T12:05:00,2026-07-28T03:05:00,67.5,0.6895,0.637,0.2639,동북동
2026-07-28T12:06:00,2026-07-28T03:06:00,67.5,0.6889,0.6365,0.2636,동북동
2026-07-28T12:07:00,2026-07-28T03:07:00,67.5,0.6883,0.6359,0.2634,동북동
2026-07-28T12:08:00,2026-07-28T03:08:00,67.5,0.6876,0.6353,0.2631,동북동
2026-07-28T12:09:00,2026-07-28T03:09:00,67.5,0.687,0.6347,0.2629,동북동
2026-07-28T12:10:00,2026-07-28T03:10:00,67.5,0.6862,0.634,0.2626,동북동
2026-07-28T12:11:00,2026-07-28T03:11:00,67.5,0.6855,0.6333,0.2623,동북동
2026-07-28T12:12:00,2026-07-28T03:12:00,67.5,0.6847,0.6326,0.262,동북동
2026-07-28T12:13:00,2026-07-28T03:13:00,67.5,0.6838,0.6317,0.2617,동북동
2026-07-28T12:14:00,2026-07-28T03:14:00,67.5,0.683,0.631,0.2614,동북동
2026-07-28T12:15:00,2026-07-28T03:15:00,67.5,0.6821,0.6302,0.261,동북동
2026-07-28T12:16:00,2026-07-28T03:16:00,67.5,0.6811,0.6293,0.2606,동북동
2026-07-28T12:17:00,2026-07-28T03:17:00,67.5,0.6801,0.6283,0.2603,동북동
2026-07-28T12:18:00,2026-07-28T03:18:00,67.5,0.6791,0.6274,0.2599,동북동
2026-07-28T12:19:00,2026-07-28T03:19:00,67.5,0.678,0.6264,0.2595,동북동
2026-07-28T12:20:00,2026-07-28T03:20:00,67.5,0.6769,0.6254,0.259,동북동
2026-07-28T12:21:00,2026-07-28T03:21:00,67.5,0.6758,0.6244,0.2586,동북동
2026-07-28T12:22:00,2026-07-28T03:22:00,67.5,0.6746,0.6232,0.2582,동북동
2026-07-28T12:23:00,2026-07-28T03:23:00,67.5,0.6734,0.6221,0.2577,동북동
2026-07-28T12:24:00,2026-07-28T03:24:00,67.5,0.6721,0.6209,0.2572,동북동
2026-07-28T12:25:00,2026-07-28T03:25:00,67.5,0.6708,0.6197,0.2567,동북동
2026-07-28T12:26:00,2026-07-28T03:26:00,67.5,0.6695,0.6185,0.2562,동북동
2026-07-28T12:27:00,2026-07-28T03:27:00,67.5,0.6681,0.6172,0.2557,동북동
2026-07-28T12:28:00,2026-07-28T03:28:00,67.5,0.6666,0.6159,0.2551,동북동
2026-07-28T12:29:00,2026-07-28T03:29:00,67.5,0.6651,0.6145,0.2545,동북동
2026-07-28T12:30:00,2026-07-28T03:30:00,67.5,0.6636,0.6131,0.2539,동북동
2026-07-28T12:31:00,2026-07-28T03:31:00,67.5,0.6621,0.6117,0.2534,동북동
2026-07-28T12:32:00,2026-07-28T03:32:00,67.5,0.6605,0.6102,0.2528,동북동
2026-07-28T12:33:00,2026-07-28T03:33:00,67.5,0.6588,0.6087,0.2521,동북동
2026-07-28T12:34:00,2026-07-28T03:34:00,67.5,0.6571,0.6071,0.2515,동북동
2026-07-28T12:35:00,2026-07-28T03:35:00,67.5,0.6554,0.6055,0.2508,동북동
2026-07-28T12:36:00,2026-07-28T03:36:00,67.5,0.6536,0.6038,0.2501,동북동
2026-07-28T12:37:00,2026-07-28T03:37:00,67.5,0.6518,0.6022,0.2494,동북동
2026-07-28T12:38:00,2026-07-28T03:38:00,67.5,0.6499,0.6004,0.2487,동북동
2026-07-28T12:39:00,2026-07-28T03:39:00,67.5,0.648,0.5987,0.248,동북동
2026-07-28T12:40:00,2026-07-28T03:40:00,67.5,0.646,0.5968,0.2472,동북동
2026-07-28T12:41:00,2026-07-28T03:41:00,67.5,0.644,0.595,0.2464,동북동
2026-07-28T12:42:00,2026-07-28T03:42:00,67.5,0.642,0.5931,0.2457,동북동
2026-07-28T12:43:00,2026-07-28T03:43:00,67.5,0.6399,0.5912,0.2449,동북동
2026-07-28T12:44:00,2026-07-28T03:44:00,67.5,0.6378,0.5893,0.2441,동북동
2026-07-28T12:45:00,2026-07-28T03:45:00,67.5,0.6356,0.5872,0.2432,동북동
2026-07-28T12:46:00,2026-07-28T03:46:00,67.5,0.6334,0.5852,0.2424,동북동
2026-07-28T12:47:00,2026-07-28T03:47:00,67.5,0.6312,0.5832,0.2415,동북동
2026-07-28T12:48:00,2026-07-28T03:48:00,67.5,0.6289,0.581,0.2407,동북동
2026-07-28T12:49:00,2026-07-28T03:49:00,67.5,0.6265,0.5788,0.2398,동북동
2026-07-28T12:50:00,2026-07-28T03:50:00,67.5,0.6241,0.5766,0.2388,동북동
2026-07-28T12:51:00,2026-07-28T03:51:00,67.5,0.6217,0.5744,0.2379,동북동
2026-07-28T12:52:00,2026-07-28T03:52:00,67.5,0.6192,0.5721,0.237,동북동
2026-07-28T12:53:00,2026-07-28T03:53:00,67.5,0.6167,0.5698,0.236,동북동
2026-07-28T12:54:00,2026-07-28T03:54:00,45,0.6142,0.4343,0.4343,북동
2026-07-28T12:55:00,2026-07-28T03:55:00,45,0.6116,0.4325,0.4325,북동
2026-07-28T12:56:00,2026-07-28T03:56:00,45,0.609,0.4306,0.4306,북동
2026-07-28T12:57:00,2026-07-28T03:57:00,45,0.6063,0.4287,0.4287,북동
2026-07-28T12:58:00,2026-07-28T03:58:00,45,0.6036,0.4268,0.4268,북동
2026-07-28T12:59:00,2026-07-28T03:59:00,45,0.6008,0.4248,0.4248,북동
2026-07-28T13:00:00,2026-07-28T04:00:00,45,0.5981,0.4229,0.4229,북동
2026-07-28T13:01:00,2026-07-28T04:01:00,45,0.5952,0.4209,0.4209,북동
2026-07-28T13:02:00,2026-07-28T04:02:00,45,0.5924,0.4189,0.4189,북동
2026-07-28T13:03:00,2026-07-28T04:03:00,45,0.5895,0.4168,0.4168,북동
2026-07-28T13:04:00,2026-07-28T04:04:00,45,0.5865,0.4147,0.4147,북동
2026-07-28T13:05:00,2026-07-28T04:05:00,45,0.5836,0.4127,0.4127,북동
2026-07-28T13:06:00,2026-07-28T04:06:00,45,0.5806,0.4105,0.4105,북동
2026-07-28T13:07:00,2026-07-28T04:07:00,45,0.5775,0.4084,0.4084,북동
2026-07-28T13:08:00,2026-07-28T04:08:00,45,0.5744,0.4062,0.4062,북동
2026-07-28T13:09:00,2026-07-28T04:09:00,45,0.5713,0.404,0.404,북동
2026-07-28T13:10:00,2026-07-28T04:10:00,45,0.5682,0.4018,0.4018,북동
2026-07-28T13:11:00,2026-07-28T04:11:00,45,0.565,0.3995,0.3995,북동
2026-07-28T13:12:00,2026-07-28T04:12:00,45,0.5618,0.3973,0.3973,북동
2026-07-28T13:13:00,2026-07-28T04:13:00,45,0.5586,0.395,0.395,북동
2026-07-28T13:14:00,2026-07-28T04:14:00,45,0.5553,0.3927,0.3927,북동
2026-07-28T13:15:00,2026-07-28T04:15:00,45,0.552,0.3903,0.3903,북동
2026-07-28T13:16:00,2026-07-28T04:16:00,45,0.5487,0.388,0.388,북동
2026-07-28T13:17:00,2026-07-28T04:17:00,45,0.5453,0.3856,0.3856,북동
2026-07-28T13:18:00,2026-07-28T04:18:00,45,0.5419,0.3832,0.3832,북동
2026-07-28T13:19:00,2026-07-28T04:19:00,45,0.5385,0.3808,0.3808,북동
2026-07-28T13:20:00,2026-07-28T04:20:00,45,0.5351,0.3784,0.3784,북동
2026-07-28T13:21:00,2026-07-28T04:21:00,45,0.5316,0.3759,0.3759,북동
2026-07-28T13:22:00,2026-07-28T04:22:00,45,0.5281,0.3734,0.3734,북동
2026-07-28T13:23:00,2026-07-28T04:23:00,45,0.5246,0.3709,0.3709,북동
2026-07-28T13:24:00,2026-07-28T04:24:00,45,0.5211,0.3685,0.3685,북동
2026-07-28T13:25:00,2026-07-28T04:25:00,45,0.5175,0.3659,0.3659,북동
2026-07-28T13:26:00,2026-07-28T04:26:00,45,0.5139,0.3634,0.3634,북동
2026-07-28T13:27:00,2026-07-28T04:27:00,45,0.5103,0.3608,0.3608,북동
2026-07-28T13:28:00,2026-07-28T04:28:00,45,0.5067,0.3583,0.3583,북동
2026-07-28T13:29:00,2026-07-28T04:29:00,45,0.5031,0.3557,0.3557,북동
2026-07-28T13:30:00,2026-07-28T04:30:00,45,0.4994,0.3531,0.3531,북동
2026-07-28T13:31:00,2026-07-28T04:31:00,45,0.4958,0.3506,0.3506,북동
2026-07-28T13:32:00,2026-07-28T04:32:00,45,0.4921,0.348,0.348,북동
2026-07-28T13:33:00,2026-07-28T04:33:00,45,0.4883,0.3453,0.3453,북동
2026-07-28T13:34:00,2026-07-28T04:34:00,45,0.4846,0.3427,0.3427,북동
2026-07-28T13:35:00,2026-07-28T04:35:00,45,0.4809,0.34,0.34,북동
2026-07-28T13:36:00,2026-07-28T04:36:00,45,0.4771,0.3374,0.3374,북동
2026-07-28T13:37:00,2026-07-28T04:37:00,45,0.4734,0.3347,0.3347,북동
2026-07-28T13:38:00,2026-07-28T04:38:00,45,0.4696,0.3321,0.3321,북동
2026-07-28T13:39:00,2026-07-28T04:39:00,45,0.4658,0.3294,0.3294,북동
2026-07-28T13:40:00,2026-07-28T04:40:00,45,0.462,0.3267,0.3267,북동
2026-07-28T13:41:00,2026-07-28T04:41:00,45,0.4582,0.324,0.324,북동
2026-07-28T13:42:00,2026-07-28T04:42:00,45,0.4544,0.3213,0.3213,북동
2026-07-28T13:43:00,2026-07-28T04:43:00,45,0.4506,0.3186,0.3186,북동
2026-07-28T13:44:00,2026-07-28T04:44:00,45,0.4467,0.3159,0.3159,북동
2026-07-28T13:45:00,2026-07-28T04:45:00,45,0.4429,0.3132,0.3132,북동
2026-07-28T13:46:00,2026-07-28T04:46:00,45,0.4391,0.3105,0.3105,북동
2026-07-28T13:47:00,2026-07-28T04:47:00,45,0.4352,0.3077,0.3077,북동
2026-07-28T13:48:00,2026-07-28T04:48:00,45,0.4314,0.305,0.305,북동
2026-07-28T13:49:00,2026-07-28T04:49:00,45,0.4275,0.3023,0.3023,북동
2026-07-28T13:50:00,2026-07-28T04:50:00,45,0.4237,0.2996,0.2996,북동
2026-07-28T13:51:00,2026-07-28T04:51:00,45,0.4198,0.2968,0.2968,북동
2026-07-28T13:52:00,2026-07-28T04:52:00,45,0.416,0.2942,0.2942,북동
2026-07-28T13:53:00,2026-07-28T04:53:00,45,0.4121,0.2914,0.2914,북동
2026-07-28T13:54:00,2026-07-28T04:54:00,45,0.4083,0.2887,0.2887,북동
2026-07-28T13:55:00,2026-07-28T04:55:00,45,0.4044,0.286,0.286,북동
2026-07-28T13:56:00,2026-07-28T04:56:00,45,0.4006,0.2833,0.2833,북동
2026-07-28T13:57:00,2026-07-28T04:57:00,45,0.3968,0.2806,0.2806,북동
2026-07-28T13:58:00,2026-07-28T04:58:00,45,0.3929,0.2778,0.2778,북동
2026-07-28T13:59:00,2026-07-28T04:59:00,45,0.3891,0.2751,0.2751,북동
2026-07-28T14:00:00,2026-07-28T05:00:00,45,0.3853,0.2724,0.2724,북동
2026-07-28T14:01:00,2026-07-28T05:01:00,45,0.3815,0.2698,0.2698,북동
2026-07-28T14:02:00,2026-07-28T05:02:00,45,0.3777,0.2671,0.2671,북동
2026-07-28T14:03:00,2026-07-28T05:03:00,45,0.3739,0.2644,0.2644,북동
2026-07-28T14:04:00,2026-07-28T05:04:00,45,0.3701,0.2617,0.2617,북동
2026-07-28T14:05:00,2026-07-28T05:05:00,45,0.3664,0.2591,0.2591,북동
2026-07-28T14:06:00,2026-07-28T05:06:00,45,0.3626,0.2564,0.2564,북동
2026-07-28T14:07:00,2026-07-28T05:07:00,45,0.3589,0.2538,0.2538,북동
2026-07-28T14:08:00,2026-07-28T05:08:00,45,0.3551,0.2511,0.2511,북동
2026-07-28T14:09:00,2026-07-28T05:09:00,45,0.3514,0.2485,0.2485,북동
2026-07-28T14:10:00,2026-07-28T05:10:00,45,0.3477,0.2459,0.2459,북동
2026-07-28T14:11:00,2026-07-28T05:11:00,45,0.344,0.2432,0.2432,북동
2026-07-28T14:12:00,2026-07-28T05:12:00,45,0.3404,0.2407,0.2407,북동
2026-07-28T14:13:00,2026-07-28T05:13:00,45,0.3367,0.2381,0.2381,북동
2026-07-28T14:14:00,2026-07-28T05:14:00,45,0.3331,0.2355,0.2355,북동
2026-07-28T14:15:00,2026-07-28T05:15:00,45,0.3295,0.233,0.233,북동
2026-07-28T14:16:00,2026-07-28T05:16:00,45,0.3259,0.2304,0.2304,북동
2026-07-28T14:17:00,2026-07-28T05:17:00,45,0.3223,0.2279,0.2279,북동
2026-07-28T14:18:00,2026-07-28T05:18:00,45,0.3188,0.2254,0.2254,북동
2026-07-28T14:19:00,2026-07-28T05:19:00,45,0.3153,0.223,0.223,북동
2026-07-28T14:20:00,2026-07-28T05:20:00,45,0.3118,0.2205,0.2205,북동
2026-07-28T14:21:00,2026-07-28T05:21:00,45,0.3083,0.218,0.218,북동
2026-07-28T14:22:00,2026-07-28T05:22:00,45,0.3048,0.2155,0.2155,북동
2026-07-28T14:23:00,2026-07-28T05:23:00,45,0.3014,0.2131,0.2131,북동
2026-07-28T14:24:00,2026-07-28T05:24:00,22.5,0.298,0.114,0.2753,북북동
2026-07-28T14:25:00,2026-07-28T05:25:00,22.5,0.2946,0.1127,0.2722,북북동
2026-07-28T14:26:00,2026-07-28T05:26:00,22.5,0.2913,0.1115,0.2691,북북동
2026-07-28T14:27:00,2026-07-28T05:27:00,22.5,0.288,0.1102,0.2661,북북동
2026-07-28T14:28:00,2026-07-28T05:28:00,22.5,0.2847,0.1089,0.263,북북동
2026-07-28T14:29:00,2026-07-28T05:29:00,22.5,0.2814,0.1077,0.26,북북동
2026-07-28T14:30:00,2026-07-28T05:30:00,22.5,0.2782,0.1065,0.257,북북동
2026-07-28T14:31:00,2026-07-28T05:31:00,22.5,0.275,0.1052,0.2541,북북동
2026-07-28T14:32:00,2026-07-28T05:32:00,22.5,0.2718,0.104,0.2511,북북동
2026-07-28T14:33:00,2026-07-28T05:33:00,22.5,0.2687,0.1028,0.2482,북북동
2026-07-28T14:34:00,2026-07-28T05:34:00,22.5,0.2656,0.1016,0.2454,북북동
2026-07-28T14:35:00,2026-07-28T05:35:00,22.5,0.2625,0.1005,0.2425,북북동
2026-07-28T14:36:00,2026-07-28T05:36:00,22.5,0.2595,0.0993,0.2397,북북동
2026-07-28T14:37:00,2026-07-28T05:37:00,22.5,0.2565,0.0982,0.237,북북동
2026-07-28T14:38:00,2026-07-28T05:38:00,22.5,0.2535,0.097,0.2342,북북동
2026-07-28T14:39:00,2026-07-28T05:39:00,22.5,0.2506,0.0959,0.2315,북북동
2026-07-28T14:40:00,2026-07-28T05:40:00,22.5,0.2477,0.0948,0.2288,북북동
2026-07-28T14:41:00,2026-07-28T05:41:00,22.5,0.2448,0.0937,0.2262,북북동
2026-07-28T14:42:00,2026-07-28T05:42:00,22.5,0.242,0.0926,0.2236,북북동
2026-07-28T14:43:00,2026-07-28T05:43:00,22.5,0.2393,0.0916,0.2211,북북동
2026-07-28T14:44:00,2026-07-28T05:44:00,22.5,0.2365,0.0905,0.2185,북북동
2026-07-28T14:45:00,2026-07-28T05:45:00,22.5,0.2339,0.0895,0.2161,북북동
2026-07-28T14:46:00,2026-07-28T05:46:00,22.5,0.2312,0.0885,0.2136,북북동
2026-07-28T14:47:00,2026-07-28T05:47:00,22.5,0.2286,0.0875,0.2112,북북동
2026-07-28T14:48:00,2026-07-28T05:48:00,22.5,0.2261,0.0865,0.2089,북북동
2026-07-28T14:49:00,2026-07-28T05:49:00,22.5,0.2235,0.0855,0.2065,북북동
2026-07-28T14:50:00,2026-07-28T05:50:00,22.5,0.2211,0.0846,0.2043,북북동
2026-07-28T14:51:00,2026-07-28T05:51:00,22.5,0.2187,0.0837,0.2021,북북동
2026-07-28T14:52:00,2026-07-28T05:52:00,22.5,0.2163,0.0828,0.1998,북북동
2026-07-28T14:53:00,2026-07-28T05:53:00,22.5,0.214,0.0819,0.1977,북북동
2026-07-28T14:54:00,2026-07-28T05:54:00,22.5,0.2117,0.081,0.1956,북북동
2026-07-28T14:55:00,2026-07-28T05:55:00,22.5,0.2094,0.0801,0.1935,북북동
2026-07-28T14:56:00,2026-07-28T05:56:00,22.5,0.2073,0.0793,0.1915,북북동
2026-07-28T14:57:00,2026-07-28T05:57:00,0,0.2051,0.0,0.2051,북
2026-07-28T14:58:00,2026-07-28T05:58:00,0,0.2031,0.0,0.2031,북
2026-07-28T14:59:00,2026-07-28T05:59:00,0,0.2011,0.0,0.2011,북
2026-07-28T15:00:00,2026-07-28T06:00:00,0,0.1991,0.0,0.1991,북
2026-07-28T15:01:00,2026-07-28T06:01:00,0,0.1972,0.0,0.1972,북
2026-07-28T15:02:00,2026-07-28T06:02:00,0,0.1953,0.0,0.1953,북
2026-07-28T15:03:00,2026-07-28T06:03:00,0,0.1935,0.0,0.1935,북
2026-07-28T15:04:00,2026-07-28T06:04:00,0,0.1918,0.0,0.1918,북
2026-07-28T15:05:00,2026-07-28T06:05:00,0,0.1901,0.0,0.1901,북
2026-07-28T15:06:00,2026-07-28T06:06:00,0,0.1885,0.0,0.1885,북
2026-07-28T15:07:00,2026-07-28T06:07:00,0,0.1869,0.0,0.1869,북
2026-07-28T15:08:00,2026-07-28T06:08:00,0,0.1854,0.0,0.1854,북
2026-07-28T15:09:00,2026-07-28T06:09:00,0,0.184,0.0,0.184,북
2026-07-28T15:10:00,2026-07-28T06:10:00,0,0.1826,0.0,0.1826,북
2026-07-28T15:11:00,2026-07-28T06:11:00,0,0.1813,0.0,0.1813,북
2026-07-28T15:12:00,2026-07-28T06:12:00,0,0.18,0.0,0.18,북
2026-07-28T15:13:00,2026-07-28T06:13:00,0,0.1788,0.0,0.1788,북
2026-07-28T15:14:00,2026-07-28T06:14:00,0,0.1777,0.0,0.1777,북
2026-07-28T15:15:00,2026-07-28T06:15:00,0,0.1767,0.0,0.1767,북
2026-07-28T15:16:00,2026-07-28T06:16:00,0,0.1757,0.0,0.1757,북
2026-07-28T15:17:00,2026-07-28T06:17:00,0,0.1748,0.0,0.1748,북
2026-07-28T15:18:00,2026-07-28T06:18:00,337.5,0.1739,-0.0665,0.1607,북북서
2026-07-28T15:19:00,2026-07-28T06:19:00,337.5,0.1732,-0.0663,0.16,북북서
2026-07-28T15:20:00,2026-07-28T06:20:00,337.5,0.1724,-0.066,0.1593,북북서
2026-07-28T15:21:00,2026-07-28T06:21:00,337.5,0.1718,-0.0657,0.1587,북북서
2026-07-28T15:22:00,2026-07-28T06:22:00,337.5,0.1712,-0.0655,0.1582,북북서
2026-07-28T15:23:00,2026-07-28T06:23:00,337.5,0.1707,-0.0653,0.1577,북북서
2026-07-28T15:24:00,2026-07-28T06:24:00,337.5,0.1703,-0.0652,0.1573,북북서
2026-07-28T15:25:00,2026-07-28T06:25:00,337.5,0.17,-0.0651,0.1571,북북서
2026-07-28T15:26:00,2026-07-28T06:26:00,337.5,0.1697,-0.0649,0.1568,북북서
2026-07-28T15:27:00,2026-07-28T06:27:00,337.5,0.1695,-0.0649,0.1566,북북서
2026-07-28T15:28:00,2026-07-28T06:28:00,337.5,0.1694,-0.0648,0.1565,북북서
2026-07-28T15:29:00,2026-07-28T06:29:00,337.5,0.1693,-0.0648,0.1564,북북서
2026-07-28T15:30:00,2026-07-28T06:30:00,337.5,0.1693,-0.0648,0.1564,북북서
2026-07-28T15:31:00,2026-07-28T06:31:00,337.5,0.1694,-0.0648,0.1565,북북서
2026-07-28T15:32:00,2026-07-28T06:32:00,337.5,0.1696,-0.0649,0.1567,북북서
2026-07-28T15:33:00,2026-07-28T06:33:00,337.5,0.1698,-0.065,0.1569,북북서
2026-07-28T15:34:00,2026-07-28T06:34:00,337.5,0.1701,-0.0651,0.1572,북북서
2026-07-28T15:35:00,2026-07-28T06:35:00,337.5,0.1705,-0.0652,0.1575,북북서
2026-07-28T15:36:00,2026-07-28T06:36:00,315,0.1709,-0.1208,0.1208,북서
2026-07-28T15:37:00,2026-07-28T06:37:00,315,0.1714,-0.1212,0.1212,북서
2026-07-28T15:38:00,2026-07-28T06:38:00,315,0.172,-0.1216,0.1216,북서
2026-07-28T15:39:00,2026-07-28T06:39:00,315,0.1727,-0.1221,0.1221,북서
2026-07-28T15:40:00,2026-07-28T06:40:00,315,0.1734,-0.1226,0.1226,북서
2026-07-28T15:41:00,2026-07-28T06:41:00,315,0.1742,-0.1232,0.1232,북서
2026-07-28T15:42:00,2026-07-28T06:42:00,315,0.1751,-0.1238,0.1238,북서
2026-07-28T15:43:00,2026-07-28T06:43:00,315,0.1761,-0.1245,0.1245,북서
2026-07-28T15:44:00,2026-07-28T06:44:00,315,0.1771,-0.1252,0.1252,북서
2026-07-28T15:45:00,2026-07-28T06:45:00,315,0.1781,-0.1259,0.1259,북서
2026-07-28T15:46:00,2026-07-28T06:46:00,315,0.1793,-0.1268,0.1268,북서
2026-07-28T15:47:00,2026-07-28T06:47:00,315,0.1805,-0.1276,0.1276,북서
2026-07-28T15:48:00,2026-07-28T06:48:00,315,0.1818,-0.1286,0.1286,북서
2026-07-28T15:49:00,2026-07-28T06:49:00,315,0.1831,-0.1295,0.1295,북서
2026-07-28T15:50:00,2026-07-28T06:50:00,315,0.1845,-0.1305,0.1305,북서
2026-07-28T15:51:00,2026-07-28T06:51:00,315,0.186,-0.1315,0.1315,북서
2026-07-28T15:52:00,2026-07-28T06:52:00,315,0.1875,-0.1326,0.1326,북서
2026-07-28T15:53:00,2026-07-28T06:53:00,315,0.1891,-0.1337,0.1337,북서
2026-07-28T15:54:00,2026-07-28T06:54:00,315,0.1907,-0.1348,0.1348,북서
2026-07-28T15:55:00,2026-07-28T06:55:00,315,0.1924,-0.136,0.136,북서
2026-07-28T15:56:00,2026-07-28T06:56:00,292.5,0.1942,-0.1794,0.0743,서북서
2026-07-28T15:57:00,2026-07-28T06:57:00,292.5,0.196,-0.1811,0.075,서북서
2026-07-28T15:58:00,2026-07-28T06:58:00,292.5,0.1979,-0.1828,0.0757,서북서
2026-07-28T15:59:00,2026-07-28T06:59:00,292.5,0.1998,-0.1846,0.0765,서북서
2026-07-28T16:00:00,2026-07-28T07:00:00,292.5,0.2018,-0.1864,0.0772,서북서
2026-07-28T16:01:00,2026-07-28T07:01:00,292.5,0.2038,-0.1883,0.078,서북서
2026-07-28T16:02:00,2026-07-28T07:02:00,292.5,0.2059,-0.1902,0.0788,서북서
2026-07-28T16:03:00,2026-07-28T07:03:00,292.5,0.208,-0.1922,0.0796,서북서
2026-07-28T16:04:00,2026-07-28T07:04:00,292.5,0.2102,-0.1942,0.0804,서북서
2026-07-28T16:05:00,2026-07-28T07:05:00,292.5,0.2124,-0.1962,0.0813,서북서
2026-07-28T16:06:00,2026-07-28T07:06:00,292.5,0.2147,-0.1984,0.0822,서북서
2026-07-28T16:07:00,2026-07-28T07:07:00,292.5,0.217,-0.2005,0.083,서북서
2026-07-28T16:08:00,2026-07-28T07:08:00,292.5,0.2193,-0.2026,0.0839,서북서
2026-07-28T16:09:00,2026-07-28T07:09:00,292.5,0.2218,-0.2049,0.0849,서북서
2026-07-28T16:10:00,2026-07-28T07:10:00,292.5,0.2242,-0.2071,0.0858,서북서
2026-07-28T16:11:00,2026-07-28T07:11:00,292.5,0.2267,-0.2094,0.0868,서북서
2026-07-28T16:12:00,2026-07-28T07:12:00,292.5,0.2292,-0.2118,0.0877,서북서
2026-07-28T16:13:00,2026-07-28T07:13:00,292.5,0.2318,-0.2142,0.0887,서북서
2026-07-28T16:14:00,2026-07-28T07:14:00,292.5,0.2344,-0.2166,0.0897,서북서
2026-07-28T16:15:00,2026-07-28T07:15:00,292.5,0.237,-0.219,0.0907,서북서
2026-07-28T16:16:00,2026-07-28T07:16:00,292.5,0.2397,-0.2215,0.0917,서북서
2026-07-28T16:17:00,2026-07-28T07:17:00,292.5,0.2424,-0.2239,0.0928,서북서
2026-07-28T16:18:00,2026-07-28T07:18:00,292.5,0.2452,-0.2265,0.0938,서북서
2026-07-28T16:19:00,2026-07-28T07:19:00,292.5,0.2479,-0.229,0.0949,서북서
2026-07-28T16:20:00,2026-07-28T07:20:00,292.5,0.2507,-0.2316,0.0959,서북서
2026-07-28T16:21:00,2026-07-28T07:21:00,292.5,0.2536,-0.2343,0.097,서북서
2026-07-28T16:22:00,2026-07-28T07:22:00,292.5,0.2564,-0.2369,0.0981,서북서
2026-07-28T16:23:00,2026-07-28T07:23:00,270,0.2593,-0.2593,-0.0,서
2026-07-28T16:24:00,2026-07-28T07:24:00,270,0.2623,-0.2623,-0.0,서
2026-07-28T16:25:00,2026-07-28T07:25:00,270,0.2652,-0.2652,-0.0,서
2026-07-28T16:26:00,2026-07-28T07:26:00,270,0.2682,-0.2682,-0.0,서
2026-07-28T16:27:00,2026-07-28T07:27:00,270,0.2712,-0.2712,-0.0,서
2026-07-28T16:28:00,2026-07-28T07:28:00,270,0.2742,-0.2742,-0.0,서
2026-07-28T16:29:00,2026-07-28T07:29:00,270,0.2772,-0.2772,-0.0,서
2026-07-28T16:30:00,2026-07-28T07:30:00,270,0.2803,-0.2803,-0.0,서
2026-07-28T16:31:00,2026-07-28T07:31:00,270,0.2834,-0.2834,-0.0,서
2026-07-28T16:32:00,2026-07-28T07:32:00,270,0.2865,-0.2865,-0.0,서
2026-07-28T16:33:00,2026-07-28T07:33:00,270,0.2896,-0.2896,-0.0,서
2026-07-28T16:34:00,2026-07-28T07:34:00,270,0.2927,-0.2927,-0.0,서
2026-07-28T16:35:00,2026-07-28T07:35:00,270,0.2958,-0.2958,-0.0,서
2026-07-28T16:36:00,2026-07-28T07:36:00,270,0.299,-0.299,-0.0,서
2026-07-28T16:37:00,2026-07-28T07:37:00,270,0.3022,-0.3022,-0.0,서
2026-07-28T16:38:00,2026-07-28T07:38:00,270,0.3053,-0.3053,-0.0,서
2026-07-28T16:39:00,2026-07-28T07:39:00,270,0.3085,-0.3085,-0.0,서
2026-07-28T16:40:00,2026-07-28T07:40:00,270,0.3117,-0.3117,-0.0,서
2026-07-28T16:41:00,2026-07-28T07:41:00,270,0.3149,-0.3149,-0.0,서
2026-07-28T16:42:00,2026-07-28T07:42:00,270,0.3181,-0.3181,-0.0,서
2026-07-28T16:43:00,2026-07-28T07:43:00,270,0.3213,-0.3213,-0.0,서
2026-07-28T16:44:00,2026-07-28T07:44:00,270,0.3246,-0.3246,-0.0,서
2026-07-28T16:45:00,2026-07-28T07:45:00,270,0.3278,-0.3278,-0.0,서
2026-07-28T16:46:00,2026-07-28T07:46:00,270,0.331,-0.331,-0.0,서
2026-07-28T16:47:00,2026-07-28T07:47:00,270,0.3342,-0.3342,-0.0,서
2026-07-28T16:48:00,2026-07-28T07:48:00,270,0.3374,-0.3374,-0.0,서
2026-07-28T16:49:00,2026-07-28T07:49:00,270,0.3406,-0.3406,-0.0,서
2026-07-28T16:50:00,2026-07-28T07:50:00,270,0.3438,-0.3438,-0.0,서
2026-07-28T16:51:00,2026-07-28T07:51:00,270,0.347,-0.347,-0.0,서
2026-07-28T16:52:00,2026-07-28T07:52:00,270,0.3502,-0.3502,-0.0,서
2026-07-28T16:53:00,2026-07-28T07:53:00,270,0.3534,-0.3534,-0.0,서
2026-07-28T16:54:00,2026-07-28T07:54:00,270,0.3566,-0.3566,-0.0,서
2026-07-28T16:55:00,2026-07-28T07:55:00,270,0.3598,-0.3598,-0.0,서
2026-07-28T16:56:00,2026-07-28T07:56:00,270,0.3629,-0.3629,-0.0,서
2026-07-28T16:57:00,2026-07-28T07:57:00,270,0.3661,-0.3661,-0.0,서
2026-07-28T16:58:00,2026-07-28T07:58:00,270,0.3692,-0.3692,-0.0,서
2026-07-28T16:59:00,2026-07-28T07:59:00,270,0.3723,-0.3723,-0.0,서
2026-07-28T17:00:00,2026-07-28T08:00:00,270,0.3754,-0.3754,-0.0,서
2026-07-28T17:01:00,2026-07-28T08:01:00,270,0.3785,-0.3785,-0.0,서
2026-07-28T17:02:00,2026-07-28T08:02:00,270,0.3815,-0.3815,-0.0,서
2026-07-28T17:03:00,2026-07-28T08:03:00,270,0.3846,-0.3846,-0.0,서
2026-07-28T17:04:00,2026-07-28T08:04:00,270,0.3876,-0.3876,-0.0,서
2026-07-28T17:05:00,2026-07-28T08:05:00,270,0.3906,-0.3906,-0.0,서
2026-07-28T17:06:00,2026-07-28T08:06:00,270,0.3935,-0.3935,-0.0,서
2026-07-28T17:07:00,2026-07-28T08:07:00,270,0.3965,-0.3965,-0.0,서
2026-07-28T17:08:00,2026-07-28T08:08:00,270,0.3994,-0.3994,-0.0,서
2026-07-28T17:09:00,2026-07-28T08:09:00,270,0.4022,-0.4022,-0.0,서
2026-07-28T17:10:00,2026-07-28T08:10:00,270,0.4051,-0.4051,-0.0,서
2026-07-28T17:11:00,2026-07-28T08:11:00,270,0.4079,-0.4079,-0.0,서
2026-07-28T17:12:00,2026-07-28T08:12:00,270,0.4107,-0.4107,-0.0,서
2026-07-28T17:13:00,2026-07-28T08:13:00,270,0.4134,-0.4134,-0.0,서
2026-07-28T17:14:00,2026-07-28T08:14:00,270,0.4161,-0.4161,-0.0,서
2026-07-28T17:15:00,2026-07-28T08:15:00,270,0.4188,-0.4188,-0.0,서
2026-07-28T17:16:00,2026-07-28T08:16:00,270,0.4214,-0.4214,-0.0,서
2026-07-28T17:17:00,2026-07-28T08:17:00,270,0.424,-0.424,-0.0,서
2026-07-28T17:18:00,2026-07-28T08:18:00,270,0.4266,-0.4266,-0.0,서
2026-07-28T17:19:00,2026-07-28T08:19:00,270,0.4291,-0.4291,-0.0,서
2026-07-28T17:20:00,2026-07-28T08:20:00,270,0.4315,-0.4315,-0.0,서
2026-07-28T17:21:00,2026-07-28T08:21:00,270,0.434,-0.434,-0.0,서
2026-07-28T17:22:00,2026-07-28T08:22:00,270,0.4363,-0.4363,-0.0,서
2026-07-28T17:23:00,2026-07-28T08:23:00,270,0.4387,-0.4387,-0.0,서
2026-07-28T17:24:00,2026-07-28T08:24:00,270,0.4409,-0.4409,-0.0,서
2026-07-28T17:25:00,2026-07-28T08:25:00,270,0.4432,-0.4432,-0.0,서
2026-07-28T17:26:00,2026-07-28T08:26:00,270,0.4453,-0.4453,-0.0,서
2026-07-28T17:27:00,2026-07-28T08:27:00,270,0.4474,-0.4474,-0.0,서
2026-07-28T17:28:00,2026-07-28T08:28:00,270,0.4495,-0.4495,-0.0,서
2026-07-28T17:29:00,2026-07-28T08:29:00,270,0.4515,-0.4515,-0.0,서
2026-07-28T17:30:00,2026-07-28T08:30:00,270,0.4535,-0.4535,-0.0,서
2026-07-28T17:31:00,2026-07-28T08:31:00,270,0.4554,-0.4554,-0.0,서
2026-07-28T17:32:00,2026-07-28T08:32:00,270,0.4572,-0.4572,-0.0,서
2026-07-28T17:33:00,2026-07-28T08:33:00,270,0.459,-0.459,-0.0,서
2026-07-28T17:34:00,2026-07-28T08:34:00,270,0.4607,-0.4607,-0.0,서
2026-07-28T17:35:00,2026-07-28T08:35:00,270,0.4623,-0.4623,-0.0,서
2026-07-28T17:36:00,2026-07-28T08:36:00,270,0.4639,-0.4639,-0.0,서
2026-07-28T17:37:00,2026-07-28T08:37:00,270,0.4655,-0.4655,-0.0,서
2026-07-28T17:38:00,2026-07-28T08:38:00,270,0.4669,-0.4669,-0.0,서
2026-07-28T17:39:00,2026-07-28T08:39:00,270,0.4683,-0.4683,-0.0,서
2026-07-28T17:40:00,2026-07-28T08:40:00,270,0.4696,-0.4696,-0.0,서
2026-07-28T17:41:00,2026-07-28T08:41:00,270,0.4709,-0.4709,-0.0,서
2026-07-28T17:42:00,2026-07-28T08:42:00,270,0.4721,-0.4721,-0.0,서
2026-07-28T17:43:00,2026-07-28T08:43:00,270,0.4732,-0.4732,-0.0,서
2026-07-28T17:44:00,2026-07-28T08:44:00,270,0.4742,-0.4742,-0.0,서
2026-07-28T17:45:00,2026-07-28T08:45:00,270,0.4752,-0.4752,-0.0,서
2026-07-28T17:46:00,2026-07-28T08:46:00,270,0.4761,-0.4761,-0.0,서
2026-07-28T17:47:00,2026-07-28T08:47:00,270,0.4769,-0.4769,-0.0,서
2026-07-28T17:48:00,2026-07-28T08:48:00,270,0.4777,-0.4777,-0.0,서
2026-07-28T17:49:00,2026-07-28T08:49:00,270,0.4783,-0.4783,-0.0,서
2026-07-28T17:50:00,2026-07-28T08:50:00,270,0.4789,-0.4789,-0.0,서
2026-07-28T17:51:00,2026-07-28T08:51:00,270,0.4794,-0.4794,-0.0,서
2026-07-28T17:52:00,2026-07-28T08:52:00,270,0.4799,-0.4799,-0.0,서
2026-07-28T17:53:00,2026-07-28T08:53:00,270,0.4802,-0.4802,-0.0,서
2026-07-28T17:54:00,2026-07-28T08:54:00,270,0.4805,-0.4805,-0.0,서
2026-07-28T17:55:00,2026-07-28T08:55:00,270,0.4807,-0.4807,-0.0,서
2026-07-28T17:56:00,2026-07-28T08:56:00,270,0.4808,-0.4808,-0.0,서
2026-07-28T17:57:00,2026-07-28T08:57:00,270,0.4808,-0.4808,-0.0,서
2026-07-28T17:58:00,2026-07-28T08:58:00,270,0.4808,-0.4808,-0.0,서
2026-07-28T17:59:00,2026-07-28T08:59:00,270,0.4807,-0.4807,-0.0,서
2026-07-28T18:00:00,2026-07-28T09:00:00,270,0.4804,-0.4804,-0.0,서
2026-07-28T18:01:00,2026-07-28T09:01:00,270,0.4801,-0.4801,-0.0,서
2026-07-28T18:02:00,2026-07-28T09:02:00,270,0.4798,-0.4798,-0.0,서
2026-07-28T18:03:00,2026-07-28T09:03:00,270,0.4793,-0.4793,-0.0,서
2026-07-28T18:04:00,2026-07-28T09:04:00,270,0.4787,-0.4787,-0.0,서
2026-07-28T18:05:00,2026-07-28T09:05:00,270,0.4781,-0.4781,-0.0,서
2026-07-28T18:06:00,2026-07-28T09:06:00,270,0.4774,-0.4774,-0.0,서
2026-07-28T18:07:00,2026-07-28T09:07:00,270,0.4765,-0.4765,-0.0,서
2026-07-28T18:08:00,2026-07-28T09:08:00,270,0.4756,-0.4756,-0.0,서
2026-07-28T18:09:00,2026-07-28T09:09:00,270,0.4746,-0.4746,-0.0,서
2026-07-28T18:10:00,2026-07-28T09:10:00,270,0.4736,-0.4736,-0.0,서
2026-07-28T18:11:00,2026-07-28T09:11:00,270,0.4724,-0.4724,-0.0,서
2026-07-28T18:12:00,2026-07-28T09:12:00,270,0.4711,-0.4711,-0.0,서
2026-07-28T18:13:00,2026-07-28T09:13:00,270,0.4698,-0.4698,-0.0,서
2026-07-28T18:14:00,2026-07-28T09:14:00,270,0.4684,-0.4684,-0.0,서
2026-07-28T18:15:00,2026-07-28T09:15:00,270,0.4668,-0.4668,-0.0,서
2026-07-28T18:16:00,2026-07-28T09:16:00,270,0.4652,-0.4652,-0.0,서
2026-07-28T18:17:00,2026-07-28T09:17:00,270,0.4635,-0.4635,-0.0,서
2026-07-28T18:18:00,2026-07-28T09:18:00,270,0.4617,-0.4617,-0.0,서
2026-07-28T18:19:00,2026-07-28T09:19:00,270,0.4599,-0.4599,-0.0,서
2026-07-28T18:20:00,2026-07-28T09:20:00,270,0.4579,-0.4579,-0.0,서
2026-07-28T18:21:00,2026-07-28T09:21:00,270,0.4558,-0.4558,-0.0,서
2026-07-28T18:22:00,2026-07-28T09:22:00,270,0.4537,-0.4537,-0.0,서
2026-07-28T18:23:00,2026-07-28T09:23:00,270,0.4515,-0.4515,-0.0,서
2026-07-28T18:24:00,2026-07-28T09:24:00,270,0.4492,-0.4492,-0.0,서
2026-07-28T18:25:00,2026-07-28T09:25:00,270,0.4468,-0.4468,-0.0,서
2026-07-28T18:26:00,2026-07-28T09:26:00,270,0.4443,-0.4443,-0.0,서
2026-07-28T18:27:00,2026-07-28T09:27:00,270,0.4417,-0.4417,-0.0,서
2026-07-28T18:28:00,2026-07-28T09:28:00,270,0.439,-0.439,-0.0,서
2026-07-28T18:29:00,2026-07-28T09:29:00,270,0.4363,-0.4363,-0.0,서
2026-07-28T18:30:00,2026-07-28T09:30:00,270,0.4335,-0.4335,-0.0,서
2026-07-28T18:31:00,2026-07-28T09:31:00,270,0.4305,-0.4305,-0.0,서
2026-07-28T18:32:00,2026-07-28T09:32:00,270,0.4275,-0.4275,-0.0,서
2026-07-28T18:33:00,2026-07-28T09:33:00,270,0.4245,-0.4245,-0.0,서
2026-07-28T18:34:00,2026-07-28T09:34:00,270,0.4213,-0.4213,-0.0,서
2026-07-28T18:35:00,2026-07-28T09:35:00,270,0.418,-0.418,-0.0,서
2026-07-28T18:36:00,2026-07-28T09:36:00,270,0.4147,-0.4147,-0.0,서
2026-07-28T18:37:00,2026-07-28T09:37:00,270,0.4113,-0.4113,-0.0,서
2026-07-28T18:38:00,2026-07-28T09:38:00,270,0.4078,-0.4078,-0.0,서
2026-07-28T18:39:00,2026-07-28T09:39:00,270,0.4042,-0.4042,-0.0,서
2026-07-28T18:40:00,2026-07-28T09:40:00,270,0.4006,-0.4006,-0.0,서
2026-07-28T18:41:00,2026-07-28T09:41:00,270,0.3968,-0.3968,-0.0,서
2026-07-28T18:42:00,2026-07-28T09:42:00,270,0.393,-0.393,-0.0,서
2026-07-28T18:43:00,2026-07-28T09:43:00,270,0.3892,-0.3892,-0.0,서
2026-07-28T18:44:00,2026-07-28T09:44:00,270,0.3852,-0.3852,-0.0,서
2026-07-28T18:45:00,2026-07-28T09:45:00,270,0.3812,-0.3812,-0.0,서
2026-07-28T18:46:00,2026-07-28T09:46:00,270,0.3771,-0.3771,-0.0,서
2026-07-28T18:47:00,2026-07-28T09:47:00,270,0.3729,-0.3729,-0.0,서
2026-07-28T18:48:00,2026-07-28T09:48:00,270,0.3687,-0.3687,-0.0,서
2026-07-28T18:49:00,2026-07-28T09:49:00,270,0.3644,-0.3644,-0.0,서
2026-07-28T18:50:00,2026-07-28T09:50:00,270,0.36,-0.36,-0.0,서
2026-07-28T18:51:00,2026-07-28T09:51:00,270,0.3556,-0.3556,-0.0,서
2026-07-28T18:52:00,2026-07-28T09:52:00,270,0.3511,-0.3511,-0.0,서
2026-07-28T18:53:00,2026-07-28T09:53:00,270,0.3465,-0.3465,-0.0,서
2026-07-28T18:54:00,2026-07-28T09:54:00,270,0.3419,-0.3419,-0.0,서
2026-07-28T18:55:00,2026-07-28T09:55:00,270,0.3372,-0.3372,-0.0,서
2026-07-28T18:56:00,2026-07-28T09:56:00,270,0.3325,-0.3325,-0.0,서
2026-07-28T18:57:00,2026-07-28T09:57:00,270,0.3277,-0.3277,-0.0,서
2026-07-28T18:58:00,2026-07-28T09:58:00,270,0.3228,-0.3228,-0.0,서
2026-07-28T18:59:00,2026-07-28T09:59:00,270,0.3179,-0.3179,-0.0,서
2026-07-28T19:00:00,2026-07-28T10:00:00,270,0.313,-0.313,-0.0,서
2026-07-28T19:01:00,2026-07-28T10:01:00,270,0.308,-0.308,-0.0,서
2026-07-28T19:02:00,2026-07-28T10:02:00,270,0.3029,-0.3029,-0.0,서
2026-07-28T19:03:00,2026-07-28T10:03:00,270,0.2979,-0.2979,-0.0,서
2026-07-28T19:04:00,2026-07-28T10:04:00,270,0.2928,-0.2928,-0.0,서
2026-07-28T19:05:00,2026-07-28T10:05:00,270,0.2876,-0.2876,-0.0,서
2026-07-28T19:06:00,2026-07-28T10:06:00,270,0.2824,-0.2824,-0.0,서
2026-07-28T19:07:00,2026-07-28T10:07:00,270,0.2772,-0.2772,-0.0,서
2026-07-28T19:08:00,2026-07-28T10:08:00,270,0.272,-0.272,-0.0,서
2026-07-28T19:09:00,2026-07-28T10:09:00,270,0.2667,-0.2667,-0.0,서
2026-07-28T19:10:00,2026-07-28T10:10:00,270,0.2614,-0.2614,-0.0,서
2026-07-28T19:11:00,2026-07-28T10:11:00,292.5,0.2561,-0.2366,0.098,서북서
2026-07-28T19:12:00,2026-07-28T10:12:00,292.5,0.2508,-0.2317,0.096,서북서
2026-07-28T19:13:00,2026-07-28T10:13:00,292.5,0.2455,-0.2268,0.0939,서북서
2026-07-28T19:14:00,2026-07-28T10:14:00,292.5,0.2402,-0.2219,0.0919,서북서
2026-07-28T19:15:00,2026-07-28T10:15:00,292.5,0.2349,-0.217,0.0899,서북서
2026-07-28T19:16:00,2026-07-28T10:16:00,292.5,0.2296,-0.2121,0.0879,서북서
2026-07-28T19:17:00,2026-07-28T10:17:00,292.5,0.2243,-0.2072,0.0858,서북서
2026-07-28T19:18:00,2026-07-28T10:18:00,292.5,0.219,-0.2023,0.0838,서북서
2026-07-28T19:19:00,2026-07-28T10:19:00,292.5,0.2138,-0.1975,0.0818,서북서
2026-07-28T19:20:00,2026-07-28T10:20:00,292.5,0.2086,-0.1927,0.0798,서북서
2026-07-28T19:21:00,2026-07-28T10:21:00,292.5,0.2034,-0.1879,0.0778,서북서
2026-07-28T19:22:00,2026-07-28T10:22:00,292.5,0.1983,-0.1832,0.0759,서북서
2026-07-28T19:23:00,2026-07-28T10:23:00,292.5,0.1932,-0.1785,0.0739,서북서
2026-07-28T19:24:00,2026-07-28T10:24:00,292.5,0.1883,-0.174,0.0721,서북서
2026-07-28T19:25:00,2026-07-28T10:25:00,292.5,0.1834,-0.1694,0.0702,서북서
2026-07-28T19:26:00,2026-07-28T10:26:00,292.5,0.1786,-0.165,0.0683,서북서
2026-07-28T19:27:00,2026-07-28T10:27:00,292.5,0.1739,-0.1607,0.0665,서북서
2026-07-28T19:28:00,2026-07-28T10:28:00,292.5,0.1693,-0.1564,0.0648,서북서
2026-07-28T19:29:00,2026-07-28T10:29:00,315,0.1648,-0.1165,0.1165,북서
2026-07-28T19:30:00,2026-07-28T10:30:00,315,0.1605,-0.1135,0.1135,북서
2026-07-28T19:31:00,2026-07-28T10:31:00,315,0.1564,-0.1106,0.1106,북서
2026-07-28T19:32:00,2026-07-28T10:32:00,315,0.1524,-0.1078,0.1078,북서
2026-07-28T19:33:00,2026-07-28T10:33:00,315,0.1487,-0.1051,0.1051,북서
2026-07-28T19:34:00,2026-07-28T10:34:00,315,0.1452,-0.1027,0.1027,북서
2026-07-28T19:35:00,2026-07-28T10:35:00,315,0.1419,-0.1003,0.1003,북서
2026-07-28T19:36:00,2026-07-28T10:36:00,315,0.1389,-0.0982,0.0982,북서
2026-07-28T19:37:00,2026-07-28T10:37:00,315,0.1362,-0.0963,0.0963,북서
2026-07-28T19:38:00,2026-07-28T10:38:00,337.5,0.1338,-0.0512,0.1236,북북서
2026-07-28T19:39:00,2026-07-28T10:39:00,337.5,0.1317,-0.0504,0.1217,북북서
2026-07-28T19:40:00,2026-07-28T10:40:00,337.5,0.1299,-0.0497,0.12,북북서
2026-07-28T19:41:00,2026-07-28T10:41:00,337.5,0.1286,-0.0492,0.1188,북북서
2026-07-28T19:42:00,2026-07-28T10:42:00,337.5,0.1276,-0.0488,0.1179,북북서
2026-07-28T19:43:00,2026-07-28T10:43:00,337.5,0.127,-0.0486,0.1173,북북서
2026-07-28T19:44:00,2026-07-28T10:44:00,337.5,0.1268,-0.0485,0.1171,북북서
2026-07-28T19:45:00,2026-07-28T10:45:00,0,0.127,0.0,0.127,북
2026-07-28T19:46:00,2026-07-28T10:46:00,0,0.1275,0.0,0.1275,북
2026-07-28T19:47:00,2026-07-28T10:47:00,0,0.1285,0.0,0.1285,북
2026-07-28T19:48:00,2026-07-28T10:48:00,0,0.1299,0.0,0.1299,북
2026-07-28T19:49:00,2026-07-28T10:49:00,0,0.1316,0.0,0.1316,북
2026-07-28T19:50:00,2026-07-28T10:50:00,0,0.1337,0.0,0.1337,북
2026-07-28T19:51:00,2026-07-28T10:51:00,0,0.1362,0.0,0.1362,북
2026-07-28T19:52:00,2026-07-28T10:52:00,22.5,0.1389,0.0532,0.1283,북북동
2026-07-28T19:53:00,2026-07-28T10:53:00,22.5,0.142,0.0543,0.1312,북북동
2026-07-28T19:54:00,2026-07-28T10:54:00,22.5,0.1453,0.0556,0.1342,북북동
2026-07-28T19:55:00,2026-07-28T10:55:00,22.5,0.1489,0.057,0.1376,북북동
2026-07-28T19:56:00,2026-07-28T10:56:00,22.5,0.1528,0.0585,0.1412,북북동
2026-07-28T19:57:00,2026-07-28T10:57:00,22.5,0.1569,0.06,0.145,북북동
2026-07-28T19:58:00,2026-07-28T10:58:00,22.5,0.1611,0.0617,0.1488,북북동
2026-07-28T19:59:00,2026-07-28T10:59:00,22.5,0.1656,0.0634,0.153,북북동
2026-07-28T20:00:00,2026-07-28T11:00:00,22.5,0.1702,0.0651,0.1572,북북동
2026-07-28T20:01:00,2026-07-28T11:01:00,22.5,0.175,0.067,0.1617,북북동
2026-07-28T20:02:00,2026-07-28T11:02:00,45,0.1799,0.1272,0.1272,북동
2026-07-28T20:03:00,2026-07-28T11:03:00,45,0.185,0.1308,0.1308,북동
2026-07-28T20:04:00,2026-07-28T11:04:00,45,0.1901,0.1344,0.1344,북동
2026-07-28T20:05:00,2026-07-28T11:05:00,45,0.1954,0.1382,0.1382,북동
2026-07-28T20:06:00,2026-07-28T11:06:00,45,0.2007,0.1419,0.1419,북동
2026-07-28T20:07:00,2026-07-28T11:07:00,45,0.2061,0.1457,0.1457,북동
2026-07-28T20:08:00,2026-07-28T11:08:00,45,0.2116,0.1496,0.1496,북동
2026-07-28T20:09:00,2026-07-28T11:09:00,45,0.2172,0.1536,0.1536,북동
2026-07-28T20:10:00,2026-07-28T11:10:00,45,0.2228,0.1575,0.1575,북동
2026-07-28T20:11:00,2026-07-28T11:11:00,45,0.2284,0.1615,0.1615,북동
2026-07-28T20:12:00,2026-07-28T11:12:00,45,0.2341,0.1655,0.1655,북동
2026-07-28T20:13:00,2026-07-28T11:13:00,45,0.2399,0.1696,0.1696,북동
2026-07-28T20:14:00,2026-07-28T11:14:00,45,0.2456,0.1737,0.1737,북동
2026-07-28T20:15:00,2026-07-28T11:15:00,45,0.2514,0.1778,0.1778,북동
2026-07-28T20:16:00,2026-07-28T11:16:00,45,0.2572,0.1819,0.1819,북동
2026-07-28T20:17:00,2026-07-28T11:17:00,45,0.263,0.186,0.186,북동
2026-07-28T20:18:00,2026-07-28T11:18:00,45,0.2689,0.1901,0.1901,북동
2026-07-28T20:19:00,2026-07-28T11:19:00,45,0.2747,0.1942,0.1942,북동
2026-07-28T20:20:00,2026-07-28T11:20:00,67.5,0.2805,0.2591,0.1073,동북동
2026-07-28T20:21:00,2026-07-28T11:21:00,67.5,0.2863,0.2645,0.1096,동북동
2026-07-28T20:22:00,2026-07-28T11:22:00,67.5,0.2922,0.27,0.1118,동북동
2026-07-28T20:23:00,2026-07-28T11:23:00,67.5,0.298,0.2753,0.114,동북동
2026-07-28T20:24:00,2026-07-28T11:24:00,67.5,0.3038,0.2807,0.1163,동북동
2026-07-28T20:25:00,2026-07-28T11:25:00,67.5,0.3096,0.286,0.1185,동북동
2026-07-28T20:26:00,2026-07-28T11:26:00,67.5,0.3154,0.2914,0.1207,동북동
2026-07-28T20:27:00,2026-07-28T11:27:00,67.5,0.3211,0.2967,0.1229,동북동
2026-07-28T20:28:00,2026-07-28T11:28:00,67.5,0.3269,0.302,0.1251,동북동
2026-07-28T20:29:00,2026-07-28T11:29:00,67.5,0.3326,0.3073,0.1273,동북동
2026-07-28T20:30:00,2026-07-28T11:30:00,67.5,0.3383,0.3125,0.1295,동북동
2026-07-28T20:31:00,2026-07-28T11:31:00,67.5,0.344,0.3178,0.1316,동북동
2026-07-28T20:32:00,2026-07-28T11:32:00,67.5,0.3496,0.323,0.1338,동북동
2026-07-28T20:33:00,2026-07-28T11:33:00,67.5,0.3552,0.3282,0.1359,동북동
2026-07-28T20:34:00,2026-07-28T11:34:00,67.5,0.3608,0.3333,0.1381,동북동
2026-07-28T20:35:00,2026-07-28T11:35:00,67.5,0.3664,0.3385,0.1402,동북동
2026-07-28T20:36:00,2026-07-28T11:36:00,67.5,0.3719,0.3436,0.1423,동북동
2026-07-28T20:37:00,2026-07-28T11:37:00,67.5,0.3774,0.3487,0.1444,동북동
2026-07-28T20:38:00,2026-07-28T11:38:00,67.5,0.3828,0.3537,0.1465,동북동
2026-07-28T20:39:00,2026-07-28T11:39:00,67.5,0.3883,0.3587,0.1486,동북동
2026-07-28T20:40:00,2026-07-28T11:40:00,67.5,0.3936,0.3636,0.1506,동북동
2026-07-28T20:41:00,2026-07-28T11:41:00,67.5,0.399,0.3686,0.1527,동북동
2026-07-28T20:42:00,2026-07-28T11:42:00,67.5,0.4043,0.3735,0.1547,동북동
2026-07-28T20:43:00,2026-07-28T11:43:00,67.5,0.4095,0.3783,0.1567,동북동
2026-07-28T20:44:00,2026-07-28T11:44:00,67.5,0.4147,0.3831,0.1587,동북동
2026-07-28T20:45:00,2026-07-28T11:45:00,67.5,0.4199,0.3879,0.1607,동북동
2026-07-28T20:46:00,2026-07-28T11:46:00,67.5,0.425,0.3926,0.1626,동북동
2026-07-28T20:47:00,2026-07-28T11:47:00,67.5,0.4301,0.3974,0.1646,동북동
2026-07-28T20:48:00,2026-07-28T11:48:00,67.5,0.4351,0.402,0.1665,동북동
2026-07-28T20:49:00,2026-07-28T11:49:00,67.5,0.4401,0.4066,0.1684,동북동
2026-07-28T20:50:00,2026-07-28T11:50:00,67.5,0.445,0.4111,0.1703,동북동
2026-07-28T20:51:00,2026-07-28T11:51:00,67.5,0.4499,0.4157,0.1722,동북동
2026-07-28T20:52:00,2026-07-28T11:52:00,67.5,0.4547,0.4201,0.174,동북동
2026-07-28T20:53:00,2026-07-28T11:53:00,67.5,0.4595,0.4245,0.1758,동북동
2026-07-28T20:54:00,2026-07-28T11:54:00,67.5,0.4643,0.429,0.1777,동북동
2026-07-28T20:55:00,2026-07-28T11:55:00,67.5,0.469,0.4333,0.1795,동북동
2026-07-28T20:56:00,2026-07-28T11:56:00,67.5,0.4736,0.4375,0.1812,동북동
2026-07-28T20:57:00,2026-07-28T11:57:00,67.5,0.4782,0.4418,0.183,동북동
2026-07-28T20:58:00,2026-07-28T11:58:00,67.5,0.4827,0.446,0.1847,동북동
2026-07-28T20:59:00,2026-07-28T11:59:00,67.5,0.4872,0.4501,0.1864,동북동
2026-07-28T21:00:00,2026-07-28T12:00:00,67.5,0.4916,0.4542,0.1881,동북동
2026-07-28T21:01:00,2026-07-28T12:01:00,67.5,0.496,0.4582,0.1898,동북동
2026-07-28T21:02:00,2026-07-28T12:02:00,67.5,0.5003,0.4622,0.1915,동북동
2026-07-28T21:03:00,2026-07-28T12:03:00,67.5,0.5045,0.4661,0.1931,동북동
2026-07-28T21:04:00,2026-07-28T12:04:00,67.5,0.5087,0.47,0.1947,동북동
2026-07-28T21:05:00,2026-07-28T12:05:00,67.5,0.5129,0.4739,0.1963,동북동
2026-07-28T21:06:00,2026-07-28T12:06:00,67.5,0.517,0.4776,0.1978,동북동
2026-07-28T21:07:00,2026-07-28T12:07:00,67.5,0.521,0.4813,0.1994,동북동
2026-07-28T21:08:00,2026-07-28T12:08:00,67.5,0.525,0.485,0.2009,동북동
2026-07-28T21:09:00,2026-07-28T12:09:00,67.5,0.5289,0.4886,0.2024,동북동
2026-07-28T21:10:00,2026-07-28T12:10:00,90,0.5328,0.5328,0.0,동
2026-07-28T21:11:00,2026-07-28T12:11:00,90,0.5366,0.5366,0.0,동
2026-07-28T21:12:00,2026-07-28T12:12:00,90,0.5404,0.5404,0.0,동
2026-07-28T21:13:00,2026-07-28T12:13:00,90,0.5441,0.5441,0.0,동
2026-07-28T21:14:00,2026-07-28T12:14:00,90,0.5477,0.5477,0.0,동
2026-07-28T21:15:00,2026-07-28T12:15:00,90,0.5513,0.5513,0.0,동
2026-07-28T21:16:00,2026-07-28T12:16:00,90,0.5548,0.5548,0.0,동
2026-07-28T21:17:00,2026-07-28T12:17:00,90,0.5583,0.5583,0.0,동
2026-07-28T21:18:00,2026-07-28T12:18:00,90,0.5617,0.5617,0.0,동
2026-07-28T21:19:00,2026-07-28T12:19:00,90,0.5651,0.5651,0.0,동
2026-07-28T21:20:00,2026-07-28T12:20:00,90,0.5684,0.5684,0.0,동
2026-07-28T21:21:00,2026-07-28T12:21:00,90,0.5716,0.5716,0.0,동
2026-07-28T21:22:00,2026-07-28T12:22:00,90,0.5748,0.5748,0.0,동
2026-07-28T21:23:00,2026-07-28T12:23:00,90,0.5779,0.5779,0.0,동
2026-07-28T21:24:00,2026-07-28T12:24:00,90,0.581,0.581,0.0,동
2026-07-28T21:25:00,2026-07-28T12:25:00,90,0.584,0.584,0.0,동
2026-07-28T21:26:00,2026-07-28T12:26:00,90,0.5869,0.5869,0.0,동
2026-07-28T21:27:00,2026-07-28T12:27:00,90,0.5898,0.5898,0.0,동
2026-07-28T21:28:00,2026-07-28T12:28:00,90,0.5927,0.5927,0.0,동
2026-07-28T21:29:00,2026-07-28T12:29:00,90,0.5954,0.5954,0.0,동
2026-07-28T21:30:00,2026-07-28T12:30:00,90,0.5982,0.5982,0.0,동
2026-07-28T21:31:00,2026-07-28T12:31:00,90,0.6008,0.6008,0.0,동
2026-07-28T21:32:00,2026-07-28T12:32:00,90,0.6034,0.6034,0.0,동
2026-07-28T21:33:00,2026-07-28T12:33:00,90,0.606,0.606,0.0,동
2026-07-28T21:34:00,2026-07-28T12:34:00,90,0.6085,0.6085,0.0,동
2026-07-28T21:35:00,2026-07-28T12:35:00,90,0.6109,0.6109,0.0,동
2026-07-28T21:36:00,2026-07-28T12:36:00,90,0.6133,0.6133,0.0,동
2026-07-28T21:37:00,2026-07-28T12:37:00,90,0.6156,0.6156,0.0,동
2026-07-28T21:38:00,2026-07-28T12:38:00,90,0.6179,0.6179,0.0,동
2026-07-28T21:39:00,2026-07-28T12:39:00,90,0.6201,0.6201,0.0,동
2026-07-28T21:40:00,2026-07-28T12:40:00,90,0.6223,0.6223,0.0,동
2026-07-28T21:41:00,2026-07-28T12:41:00,90,0.6244,0.6244,0.0,동
2026-07-28T21:42:00,2026-07-28T12:42:00,90,0.6264,0.6264,0.0,동
2026-07-28T21:43:00,2026-07-28T12:43:00,90,0.6284,0.6284,0.0,동
2026-07-28T21:44:00,2026-07-28T12:44:00,90,0.6304,0.6304,0.0,동
2026-07-28T21:45:00,2026-07-28T12:45:00,90,0.6323,0.6323,0.0,동
2026-07-28T21:46:00,2026-07-28T12:46:00,90,0.6341,0.6341,0.0,동
2026-07-28T21:47:00,2026-07-28T12:47:00,90,0.6359,0.6359,0.0,동
2026-07-28T21:48:00,2026-07-28T12:48:00,90,0.6376,0.6376,0.0,동
2026-07-28T21:49:00,2026-07-28T12:49:00,90,0.6393,0.6393,0.0,동
2026-07-28T21:50:00,2026-07-28T12:50:00,90,0.6409,0.6409,0.0,동
2026-07-28T21:51:00,2026-07-28T12:51:00,90,0.6425,0.6425,0.0,동
2026-07-28T21:52:00,2026-07-28T12:52:00,90,0.644,0.644,0.0,동
2026-07-28T21:53:00,2026-07-28T12:53:00,90,0.6455,0.6455,0.0,동
2026-07-28T21:54:00,2026-07-28T12:54:00,90,0.6469,0.6469,0.0,동
2026-07-28T21:55:00,2026-07-28T12:55:00,90,0.6483,0.6483,0.0,동
2026-07-28T21:56:00,2026-07-28T12:56:00,90,0.6496,0.6496,0.0,동
2026-07-28T21:57:00,2026-07-28T12:57:00,90,0.6509,0.6509,0.0,동
2026-07-28T21:58:00,2026-07-28T12:58:00,90,0.6521,0.6521,0.0,동
2026-07-28T21:59:00,2026-07-28T12:59:00,90,0.6533,0.6533,0.0,동
2026-07-28T22:00:00,2026-07-28T13:00:00,90,0.6545,0.6545,0.0,동
2026-07-28T22:01:00,2026-07-28T13:01:00,90,0.6556,0.6556,0.0,동
2026-07-28T22:02:00,2026-07-28T13:02:00,90,0.6566,0.6566,0.0,동
2026-07-28T22:03:00,2026-07-28T13:03:00,90,0.6576,0.6576,0.0,동
2026-07-28T22:04:00,2026-07-28T13:04:00,90,0.6586,0.6586,0.0,동
2026-07-28T22:05:00,2026-07-28T13:05:00,90,0.6595,0.6595,0.0,동
2026-07-28T22:06:00,2026-07-28T13:06:00,90,0.6604,0.6604,0.0,동
2026-07-28T22:07:00,2026-07-28T13:07:00,90,0.6612,0.6612,0.0,동
2026-07-28T22:08:00,2026-07-28T13:08:00,90,0.662,0.662,0.0,동
2026-07-28T22:09:00,2026-07-28T13:09:00,90,0.6627,0.6627,0.0,동
2026-07-28T22:10:00,2026-07-28T13:10:00,90,0.6635,0.6635,0.0,동
2026-07-28T22:11:00,2026-07-28T13:11:00,90,0.6641,0.6641,0.0,동
2026-07-28T22:12:00,2026-07-28T13:12:00,90,0.6648,0.6648,0.0,동
2026-07-28T22:13:00,2026-07-28T13:13:00,90,0.6654,0.6654,0.0,동
2026-07-28T22:14:00,2026-07-28T13:14:00,90,0.6659,0.6659,0.0,동
2026-07-28T22:15:00,2026-07-28T13:15:00,90,0.6665,0.6665,0.0,동
2026-07-28T22:16:00,2026-07-28T13:16:00,90,0.667,0.667,0.0,동
2026-07-28T22:17:00,2026-07-28T13:17:00,90,0.6674,0.6674,0.0,동
2026-07-28T22:18:00,2026-07-28T13:18:00,90,0.6678,0.6678,0.0,동
2026-07-28T22:19:00,2026-07-28T13:19:00,90,0.6682,0.6682,0.0,동
2026-07-28T22:20:00,2026-07-28T13:20:00,90,0.6686,0.6686,0.0,동
2026-07-28T22:21:00,2026-07-28T13:21:00,90,0.6689,0.6689,0.0,동
2026-07-28T22:22:00,2026-07-28T13:22:00,90,0.6692,0.6692,0.0,동
2026-07-28T22:23:00,2026-07-28T13:23:00,90,0.6695,0.6695,0.0,동
2026-07-28T22:24:00,2026-07-28T13:24:00,90,0.6698,0.6698,0.0,동
2026-07-28T22:25:00,2026-07-28T13:25:00,90,0.67,0.67,0.0,동
2026-07-28T22:26:00,2026-07-28T13:26:00,90,0.6702,0.6702,0.0,동
2026-07-28T22:27:00,2026-07-28T13:27:00,90,0.6703,0.6703,0.0,동
2026-07-28T22:28:00,2026-07-28T13:28:00,90,0.6705,0.6705,0.0,동
2026-07-28T22:29:00,2026-07-28T13:29:00,90,0.6706,0.6706,0.0,동
2026-07-28T22:30:00,2026-07-28T13:30:00,90,0.6707,0.6707,0.0,동
2026-07-28T22:31:00,2026-07-28T13:31:00,90,0.6708,0.6708,0.0,동
2026-07-28T22:32:00,2026-07-28T13:32:00,90,0.6709,0.6709,0.0,동
2026-07-28T22:33:00,2026-07-28T13:33:00,90,0.6709,0.6709,0.0,동
2026-07-28T22:34:00,2026-07-28T13:34:00,90,0.6709,0.6709,0.0,동
2026-07-28T22:35:00,2026-07-28T13:35:00,90,0.6709,0.6709,0.0,동
2026-07-28T22:36:00,2026-07-28T13:36:00,90,0.6709,0.6709,0.0,동
2026-07-28T22:37:00,2026-07-28T13:37:00,90,0.6709,0.6709,0.0,동
2026-07-28T22:38:00,2026-07-28T13:38:00,90,0.6709,0.6709,0.0,동
2026-07-28T22:39:00,2026-07-28T13:39:00,90,0.6708,0.6708,0.0,동
2026-07-28T22:40:00,2026-07-28T13:40:00,90,0.6708,0.6708,0.0,동
2026-07-28T22:41:00,2026-07-28T13:41:00,90,0.6707,0.6707,0.0,동
2026-07-28T22:42:00,2026-07-28T13:42:00,90,0.6706,0.6706,0.0,동
2026-07-28T22:43:00,2026-07-28T13:43:00,90,0.6705,0.6705,0.0,동
2026-07-28T22:44:00,2026-07-28T13:44:00,90,0.6704,0.6704,0.0,동
2026-07-28T22:45:00,2026-07-28T13:45:00,90,0.6703,0.6703,0.0,동
2026-07-28T22:46:00,2026-07-28T13:46:00,90,0.6702,0.6702,0.0,동
2026-07-28T22:47:00,2026-07-28T13:47:00,90,0.6701,0.6701,0.0,동
2026-07-28T22:48:00,2026-07-28T13:48:00,90,0.67,0.67,0.0,동
2026-07-28T22:49:00,2026-07-28T13:49:00,90,0.6699,0.6699,0.0,동
2026-07-28T22:50:00,2026-07-28T13:50:00,90,0.6697,0.6697,0.0,동
2026-07-28T22:51:00,2026-07-28T13:51:00,90,0.6696,0.6696,0.0,동
2026-07-28T22:52:00,2026-07-28T13:52:00,90,0.6695,0.6695,0.0,동
2026-07-28T22:53:00,2026-07-28T13:53:00,90,0.6694,0.6694,0.0,동
2026-07-28T22:54:00,2026-07-28T13:54:00,90,0.6693,0.6693,0.0,동
2026-07-28T22:55:00,2026-07-28T13:55:00,90,0.6691,0.6691,0.0,동
2026-07-28T22:56:00,2026-07-28T13:56:00,90,0.669,0.669,0.0,동
2026-07-28T22:57:00,2026-07-28T13:57:00,90,0.6689,0.6689,0.0,동
2026-07-28T22:58:00,2026-07-28T13:58:00,90,0.6688,0.6688,0.0,동
2026-07-28T22:59:00,2026-07-28T13:59:00,90,0.6687,0.6687,0.0,동
2026-07-28T23:00:00,2026-07-28T14:00:00,90,0.6686,0.6686,0.0,동
2026-07-28T23:01:00,2026-07-28T14:01:00,90,0.6685,0.6685,0.0,동
2026-07-28T23:02:00,2026-07-28T14:02:00,90,0.6685,0.6685,0.0,동
2026-07-28T23:03:00,2026-07-28T14:03:00,90,0.6684,0.6684,0.0,동
2026-07-28T23:04:00,2026-07-28T14:04:00,67.5,0.6683,0.6174,0.2557,동북동
2026-07-28T23:05:00,2026-07-28T14:05:00,67.5,0.6683,0.6174,0.2557,동북동
2026-07-28T23:06:00,2026-07-28T14:06:00,67.5,0.6682,0.6173,0.2557,동북동
2026-07-28T23:07:00,2026-07-28T14:07:00,67.5,0.6682,0.6173,0.2557,동북동
2026-07-28T23:08:00,2026-07-28T14:08:00,67.5,0.6682,0.6173,0.2557,동북동
2026-07-28T23:09:00,2026-07-28T14:09:00,67.5,0.6682,0.6173,0.2557,동북동
2026-07-28T23:10:00,2026-07-28T14:10:00,67.5,0.6682,0.6173,0.2557,동북동
2026-07-28T23:11:00,2026-07-28T14:11:00,67.5,0.6682,0.6173,0.2557,동북동
2026-07-28T23:12:00,2026-07-28T14:12:00,67.5,0.6683,0.6174,0.2557,동북동
2026-07-28T23:13:00,2026-07-28T14:13:00,67.5,0.6683,0.6174,0.2557,동북동
2026-07-28T23:14:00,2026-07-28T14:14:00,67.5,0.6684,0.6175,0.2558,동북동
2026-07-28T23:15:00,2026-07-28T14:15:00,67.5,0.6685,0.6176,0.2558,동북동
2026-07-28T23:16:00,2026-07-28T14:16:00,67.5,0.6686,0.6177,0.2559,동북동
2026-07-28T23:17:00,2026-07-28T14:17:00,67.5,0.6687,0.6178,0.2559,동북동
2026-07-28T23:18:00,2026-07-28T14:18:00,67.5,0.6688,0.6179,0.2559,동북동
2026-07-28T23:19:00,2026-07-28T14:19:00,67.5,0.669,0.6181,0.256,동북동
2026-07-28T23:20:00,2026-07-28T14:20:00,67.5,0.6691,0.6182,0.2561,동북동
2026-07-28T23:21:00,2026-07-28T14:21:00,67.5,0.6693,0.6184,0.2561,동북동
2026-07-28T23:22:00,2026-07-28T14:22:00,67.5,0.6695,0.6185,0.2562,동북동
2026-07-28T23:23:00,2026-07-28T14:23:00,67.5,0.6697,0.6187,0.2563,동북동
2026-07-28T23:24:00,2026-07-28T14:24:00,67.5,0.6699,0.6189,0.2564,동북동
2026-07-28T23:25:00,2026-07-28T14:25:00,67.5,0.6701,0.6191,0.2564,동북동
2026-07-28T23:26:00,2026-07-28T14:26:00,67.5,0.6704,0.6194,0.2566,동북동
2026-07-28T23:27:00,2026-07-28T14:27:00,67.5,0.6706,0.6196,0.2566,동북동
2026-07-28T23:28:00,2026-07-28T14:28:00,67.5,0.6709,0.6198,0.2567,동북동
2026-07-28T23:29:00,2026-07-28T14:29:00,67.5,0.6712,0.6201,0.2569,동북동
2026-07-28T23:30:00,2026-07-28T14:30:00,67.5,0.6715,0.6204,0.257,동북동
2026-07-28T23:31:00,2026-07-28T14:31:00,67.5,0.6718,0.6207,0.2571,동북동
2026-07-28T23:32:00,2026-07-28T14:32:00,67.5,0.6722,0.621,0.2572,동북동
2026-07-28T23:33:00,2026-07-28T14:33:00,67.5,0.6725,0.6213,0.2574,동북동
2026-07-28T23:34:00,2026-07-28T14:34:00,67.5,0.6729,0.6217,0.2575,동북동
2026-07-28T23:35:00,2026-07-28T14:35:00,67.5,0.6733,0.622,0.2577,동북동
2026-07-28T23:36:00,2026-07-28T14:36:00,67.5,0.6736,0.6223,0.2578,동북동
2026-07-28T23:37:00,2026-07-28T14:37:00,67.5,0.674,0.6227,0.2579,동북동
2026-07-28T23:38:00,2026-07-28T14:38:00,67.5,0.6744,0.6231,0.2581,동북동
2026-07-28T23:39:00,2026-07-28T14:39:00,67.5,0.6749,0.6235,0.2583,동북동
2026-07-28T23:40:00,2026-07-28T14:40:00,67.5,0.6753,0.6239,0.2584,동북동
2026-07-28T23:41:00,2026-07-28T14:41:00,67.5,0.6757,0.6243,0.2586,동북동
2026-07-28T23:42:00,2026-07-28T14:42:00,67.5,0.6762,0.6247,0.2588,동북동
2026-07-28T23:43:00,2026-07-28T14:43:00,67.5,0.6766,0.6251,0.2589,동북동
2026-07-28T23:44:00,2026-07-28T14:44:00,67.5,0.6771,0.6256,0.2591,동북동
2026-07-28T23:45:00,2026-07-28T14:45:00,67.5,0.6775,0.6259,0.2593,동북동
2026-07-28T23:46:00,2026-07-28T14:46:00,67.5,0.678,0.6264,0.2595,동북동
2026-07-28T23:47:00,2026-07-28T14:47:00,67.5,0.6784,0.6268,0.2596,동북동
2026-07-28T23:48:00,2026-07-28T14:48:00,67.5,0.6789,0.6272,0.2598,동북동
2026-07-28T23:49:00,2026-07-28T14:49:00,67.5,0.6794,0.6277,0.26,동북동
2026-07-28T23:50:00,2026-07-28T14:50:00,67.5,0.6799,0.6281,0.2602,동북동
2026-07-28T23:51:00,2026-07-28T14:51:00,67.5,0.6803,0.6285,0.2603,동북동
2026-07-28T23:52:00,2026-07-28T14:52:00,67.5,0.6808,0.629,0.2605,동북동
2026-07-28T23:53:00,2026-07-28T14:53:00,67.5,0.6813,0.6294,0.2607,동북동
2026-07-28T23:54:00,2026-07-28T14:54:00,67.5,0.6818,0.6299,0.2609,동북동
2026-07-28T23:55:00,2026-07-28T14:55:00,67.5,0.6822,0.6303,0.2611,동북동
2026-07-28T23:56:00,2026-07-28T14:56:00,67.5,0.6827,0.6307,0.2613,동북동
2026-07-28T23:57:00,2026-07-28T14:57:00,67.5,0.6832,0.6312,0.2614,동북동
2026-07-28T23:58:00,2026-07-28T14:58:00,67.5,0.6836,0.6316,0.2616,동북동
2026-07-28T23:59:00,2026-07-28T14:59:00,67.5,0.6841,0.632,0.2618,동북동
2026-07-29T00:00:00,2026-07-28T15:00:00,67.5,0.6845,0.6324,0.2619,동북동
2026-07-29T00:01:00,2026-07-28T15:01:00,67.5,0.6849,0.6328,0.2621,동북동
2026-07-29T00:02:00,2026-07-28T15:02:00,67.5,0.6853,0.6331,0.2623,동북동
2026-07-29T00:03:00,2026-07-28T15:03:00,67.5,0.6857,0.6335,0.2624,동북동
2026-07-29T00:04:00,2026-07-28T15:04:00,67.5,0.6861,0.6339,0.2626,동북동
2026-07-29T00:05:00,2026-07-28T15:05:00,67.5,0.6865,0.6342,0.2627,동북동
2026-07-29T00:06:00,2026-07-28T15:06:00,67.5,0.6868,0.6345,0.2628,동북동
2026-07-29T00:07:00,2026-07-28T15:07:00,67.5,0.6872,0.6349,0.263,동북동
2026-07-29T00:08:00,2026-07-28T15:08:00,67.5,0.6875,0.6352,0.2631,동북동
2026-07-29T00:09:00,2026-07-28T15:09:00,67.5,0.6879,0.6355,0.2632,동북동
2026-07-29T00:10:00,2026-07-28T15:10:00,67.5,0.6882,0.6358,0.2634,동북동
2026-07-29T00:11:00,2026-07-28T15:11:00,67.5,0.6884,0.636,0.2634,동북동
2026-07-29T00:12:00,2026-07-28T15:12:00,67.5,0.6887,0.6363,0.2636,동북동
2026-07-29T00:13:00,2026-07-28T15:13:00,67.5,0.6889,0.6365,0.2636,동북동
2026-07-29T00:14:00,2026-07-28T15:14:00,67.5,0.6892,0.6367,0.2637,동북동
2026-07-29T00:15:00,2026-07-28T15:15:00,67.5,0.6893,0.6368,0.2638,동북동
2026-07-29T00:16:00,2026-07-28T15:16:00,67.5,0.6895,0.637,0.2639,동북동
2026-07-29T00:17:00,2026-07-28T15:17:00,67.5,0.6897,0.6372,0.2639,동북동
2026-07-29T00:18:00,2026-07-28T15:18:00,67.5,0.6898,0.6373,0.264,동북동
2026-07-29T00:19:00,2026-07-28T15:19:00,45,0.6899,0.4878,0.4878,북동
2026-07-29T00:20:00,2026-07-28T15:20:00,45,0.6899,0.4878,0.4878,북동
2026-07-29T00:21:00,2026-07-28T15:21:00,45,0.69,0.4879,0.4879,북동
2026-07-29T00:22:00,2026-07-28T15:22:00,45,0.69,0.4879,0.4879,북동
2026-07-29T00:23:00,2026-07-28T15:23:00,45,0.69,0.4879,0.4879,북동
2026-07-29T00:24:00,2026-07-28T15:24:00,45,0.6899,0.4878,0.4878,북동
2026-07-29T00:25:00,2026-07-28T15:25:00,45,0.6898,0.4878,0.4878,북동
2026-07-29T00:26:00,2026-07-28T15:26:00,45,0.6897,0.4877,0.4877,북동
2026-07-29T00:27:00,2026-07-28T15:27:00,45,0.6896,0.4876,0.4876,북동
2026-07-29T00:28:00,2026-07-28T15:28:00,45,0.6894,0.4875,0.4875,북동
2026-07-29T00:29:00,2026-07-28T15:29:00,45,0.6891,0.4873,0.4873,북동
2026-07-29T00:30:00,2026-07-28T15:30:00,45,0.6889,0.4871,0.4871,북동
2026-07-29T00:31:00,2026-07-28T15:31:00,45,0.6886,0.4869,0.4869,북동
2026-07-29T00:32:00,2026-07-28T15:32:00,45,0.6883,0.4867,0.4867,북동
2026-07-29T00:33:00,2026-07-28T15:33:00,45,0.6879,0.4864,0.4864,북동
2026-07-29T00:34:00,2026-07-28T15:34:00,45,0.6875,0.4861,0.4861,북동
2026-07-29T00:35:00,2026-07-28T15:35:00,45,0.6871,0.4859,0.4859,북동
2026-07-29T00:36:00,2026-07-28T15:36:00,45,0.6866,0.4855,0.4855,북동
2026-07-29T00:37:00,2026-07-28T15:37:00,45,0.6861,0.4851,0.4851,북동
2026-07-29T00:38:00,2026-07-28T15:38:00,45,0.6855,0.4847,0.4847,북동
2026-07-29T00:39:00,2026-07-28T15:39:00,45,0.6849,0.4843,0.4843,북동
2026-07-29T00:40:00,2026-07-28T15:40:00,45,0.6843,0.4839,0.4839,북동
2026-07-29T00:41:00,2026-07-28T15:41:00,45,0.6836,0.4834,0.4834,북동
2026-07-29T00:42:00,2026-07-28T15:42:00,45,0.6829,0.4829,0.4829,북동
2026-07-29T00:43:00,2026-07-28T15:43:00,45,0.6821,0.4823,0.4823,북동
2026-07-29T00:44:00,2026-07-28T15:44:00,45,0.6813,0.4818,0.4818,북동
2026-07-29T00:45:00,2026-07-28T15:45:00,45,0.6805,0.4812,0.4812,북동
2026-07-29T00:46:00,2026-07-28T15:46:00,45,0.6796,0.4805,0.4805,북동
2026-07-29T00:47:00,2026-07-28T15:47:00,45,0.6787,0.4799,0.4799,북동
2026-07-29T00:48:00,2026-07-28T15:48:00,45,0.6777,0.4792,0.4792,북동
2026-07-29T00:49:00,2026-07-28T15:49:00,45,0.6767,0.4785,0.4785,북동
2026-07-29T00:50:00,2026-07-28T15:50:00,45,0.6757,0.4778,0.4778,북동
2026-07-29T00:51:00,2026-07-28T15:51:00,45,0.6746,0.477,0.477,북동
2026-07-29T00:52:00,2026-07-28T15:52:00,45,0.6734,0.4762,0.4762,북동
2026-07-29T00:53:00,2026-07-28T15:53:00,45,0.6722,0.4753,0.4753,북동
2026-07-29T00:54:00,2026-07-28T15:54:00,45,0.671,0.4745,0.4745,북동
2026-07-29T00:55:00,2026-07-28T15:55:00,45,0.6698,0.4736,0.4736,북동
2026-07-29T00:56:00,2026-07-28T15:56:00,45,0.6684,0.4726,0.4726,북동
2026-07-29T00:57:00,2026-07-28T15:57:00,45,0.6671,0.4717,0.4717,북동
2026-07-29T00:58:00,2026-07-28T15:58:00,45,0.6657,0.4707,0.4707,북동
2026-07-29T00:59:00,2026-07-28T15:59:00,45,0.6642,0.4697,0.4697,북동
2026-07-29T01:00:00,2026-07-28T16:00:00,45,0.6628,0.4687,0.4687,북동
2026-07-29T01:01:00,2026-07-28T16:01:00,45,0.6612,0.4675,0.4675,북동
2026-07-29T01:02:00,2026-07-28T16:02:00,45,0.6597,0.4665,0.4665,북동
2026-07-29T01:03:00,2026-07-28T16:03:00,45,0.6581,0.4653,0.4653,북동
2026-07-29T01:04:00,2026-07-28T16:04:00,45,0.6564,0.4641,0.4641,북동
2026-07-29T01:05:00,2026-07-28T16:05:00,45,0.6547,0.4629,0.4629,북동
2026-07-29T01:06:00,2026-07-28T16:06:00,45,0.653,0.4617,0.4617,북동
2026-07-29T01:07:00,2026-07-28T16:07:00,45,0.6512,0.4605,0.4605,북동
2026-07-29T01:08:00,2026-07-28T16:08:00,45,0.6494,0.4592,0.4592,북동
2026-07-29T01:09:00,2026-07-28T16:09:00,45,0.6476,0.4579,0.4579,북동
2026-07-29T01:10:00,2026-07-28T16:10:00,45,0.6457,0.4566,0.4566,북동
2026-07-29T01:11:00,2026-07-28T16:11:00,45,0.6437,0.4552,0.4552,북동
2026-07-29T01:12:00,2026-07-28T16:12:00,45,0.6418,0.4538,0.4538,북동
2026-07-29T01:13:00,2026-07-28T16:13:00,45,0.6398,0.4524,0.4524,북동
2026-07-29T01:14:00,2026-07-28T16:14:00,45,0.6377,0.4509,0.4509,북동
2026-07-29T01:15:00,2026-07-28T16:15:00,45,0.6356,0.4494,0.4494,북동
2026-07-29T01:16:00,2026-07-28T16:16:00,45,0.6335,0.448,0.448,북동
2026-07-29T01:17:00,2026-07-28T16:17:00,45,0.6313,0.4464,0.4464,북동
2026-07-29T01:18:00,2026-07-28T16:18:00,45,0.6292,0.4449,0.4449,북동
2026-07-29T01:19:00,2026-07-28T16:19:00,45,0.6269,0.4433,0.4433,북동
2026-07-29T01:20:00,2026-07-28T16:20:00,45,0.6247,0.4417,0.4417,북동
2026-07-29T01:21:00,2026-07-28T16:21:00,45,0.6224,0.4401,0.4401,북동
2026-07-29T01:22:00,2026-07-28T16:22:00,45,0.62,0.4384,0.4384,북동
2026-07-29T01:23:00,2026-07-28T16:23:00,45,0.6177,0.4368,0.4368,북동
2026-07-29T01:24:00,2026-07-28T16:24:00,45,0.6153,0.4351,0.4351,북동
2026-07-29T01:25:00,2026-07-28T16:25:00,45,0.6128,0.4333,0.4333,북동
2026-07-29T01:26:00,2026-07-28T16:26:00,45,0.6104,0.4316,0.4316,북동
2026-07-29T01:27:00,2026-07-28T16:27:00,45,0.6079,0.4299,0.4299,북동
2026-07-29T01:28:00,2026-07-28T16:28:00,45,0.6054,0.4281,0.4281,북동
2026-07-29T01:29:00,2026-07-28T16:29:00,45,0.6028,0.4262,0.4262,북동
2026-07-29T01:30:00,2026-07-28T16:30:00,45,0.6002,0.4244,0.4244,북동
2026-07-29T01:31:00,2026-07-28T16:31:00,45,0.5976,0.4226,0.4226,북동
2026-07-29T01:32:00,2026-07-28T16:32:00,45,0.595,0.4207,0.4207,북동
2026-07-29T01:33:00,2026-07-28T16:33:00,45,0.5923,0.4188,0.4188,북동
2026-07-29T01:34:00,2026-07-28T16:34:00,45,0.5897,0.417,0.417,북동
2026-07-29T01:35:00,2026-07-28T16:35:00,45,0.587,0.4151,0.4151,북동
2026-07-29T01:36:00,2026-07-28T16:36:00,45,0.5842,0.4131,0.4131,북동
2026-07-29T01:37:00,2026-07-28T16:37:00,45,0.5815,0.4112,0.4112,북동
2026-07-29T01:38:00,2026-07-28T16:38:00,45,0.5787,0.4092,0.4092,북동
2026-07-29T01:39:00,2026-07-28T16:39:00,45,0.5759,0.4072,0.4072,북동
2026-07-29T01:40:00,2026-07-28T16:40:00,45,0.5731,0.4052,0.4052,북동
2026-07-29T01:41:00,2026-07-28T16:41:00,45,0.5702,0.4032,0.4032,북동
2026-07-29T01:42:00,2026-07-28T16:42:00,45,0.5674,0.4012,0.4012,북동
2026-07-29T01:43:00,2026-07-28T16:43:00,45,0.5645,0.3992,0.3992,북동
2026-07-29T01:44:00,2026-07-28T16:44:00,45,0.5616,0.3971,0.3971,북동
2026-07-29T01:45:00,2026-07-28T16:45:00,45,0.5587,0.3951,0.3951,북동
2026-07-29T01:46:00,2026-07-28T16:46:00,45,0.5558,0.393,0.393,북동
2026-07-29T01:47:00,2026-07-28T16:47:00,45,0.5528,0.3909,0.3909,북동
2026-07-29T01:48:00,2026-07-28T16:48:00,45,0.5498,0.3888,0.3888,북동
2026-07-29T01:49:00,2026-07-28T16:49:00,45,0.5469,0.3867,0.3867,북동
2026-07-29T01:50:00,2026-07-28T16:50:00,45,0.5439,0.3846,0.3846,북동
2026-07-29T01:51:00,2026-07-28T16:51:00,45,0.5409,0.3825,0.3825,북동
2026-07-29T01:52:00,2026-07-28T16:52:00,45,0.5379,0.3804,0.3804,북동
2026-07-29T01:53:00,2026-07-28T16:53:00,45,0.5349,0.3782,0.3782,북동
2026-07-29T01:54:00,2026-07-28T16:54:00,45,0.5318,0.376,0.376,북동
2026-07-29T01:55:00,2026-07-28T16:55:00,45,0.5288,0.3739,0.3739,북동
2026-07-29T01:56:00,2026-07-28T16:56:00,45,0.5257,0.3717,0.3717,북동
2026-07-29T01:57:00,2026-07-28T16:57:00,45,0.5227,0.3696,0.3696,북동
2026-07-29T01:58:00,2026-07-28T16:58:00,45,0.5196,0.3674,0.3674,북동
2026-07-29T01:59:00,2026-07-28T16:59:00,45,0.5165,0.3652,0.3652,북동
2026-07-29T02:00:00,2026-07-28T17:00:00,45,0.5134,0.363,0.363,북동
2026-07-29T02:01:00,2026-07-28T17:01:00,45,0.5104,0.3609,0.3609,북동
2026-07-29T02:02:00,2026-07-28T17:02:00,45,0.5073,0.3587,0.3587,북동
2026-07-29T02:03:00,2026-07-28T17:03:00,45,0.5042,0.3565,0.3565,북동
2026-07-29T02:04:00,2026-07-28T17:04:00,45,0.5011,0.3543,0.3543,북동
2026-07-29T02:05:00,2026-07-28T17:05:00,45,0.498,0.3521,0.3521,북동
2026-07-29T02:06:00,2026-07-28T17:06:00,45,0.4949,0.3499,0.3499,북동
2026-07-29T02:07:00,2026-07-28T17:07:00,45,0.4918,0.3478,0.3478,북동
2026-07-29T02:08:00,2026-07-28T17:08:00,45,0.4887,0.3456,0.3456,북동
2026-07-29T02:09:00,2026-07-28T17:09:00,45,0.4856,0.3434,0.3434,북동
2026-07-29T02:10:00,2026-07-28T17:10:00,45,0.4825,0.3412,0.3412,북동
2026-07-29T02:11:00,2026-07-28T17:11:00,45,0.4794,0.339,0.339,북동
2026-07-29T02:12:00,2026-07-28T17:12:00,45,0.4763,0.3368,0.3368,북동
2026-07-29T02:13:00,2026-07-28T17:13:00,45,0.4732,0.3346,0.3346,북동
2026-07-29T02:14:00,2026-07-28T17:14:00,45,0.4701,0.3324,0.3324,북동
2026-07-29T02:15:00,2026-07-28T17:15:00,45,0.467,0.3302,0.3302,북동
2026-07-29T02:16:00,2026-07-28T17:16:00,45,0.4639,0.328,0.328,북동
2026-07-29T02:17:00,2026-07-28T17:17:00,45,0.4608,0.3258,0.3258,북동
2026-07-29T02:18:00,2026-07-28T17:18:00,45,0.4577,0.3236,0.3236,북동
2026-07-29T02:19:00,2026-07-28T17:19:00,45,0.4547,0.3215,0.3215,북동
2026-07-29T02:20:00,2026-07-28T17:20:00,45,0.4516,0.3193,0.3193,북동
2026-07-29T02:21:00,2026-07-28T17:21:00,45,0.4485,0.3171,0.3171,북동
2026-07-29T02:22:00,2026-07-28T17:22:00,45,0.4455,0.315,0.315,북동
2026-07-29T02:23:00,2026-07-28T17:23:00,45,0.4424,0.3128,0.3128,북동
2026-07-29T02:24:00,2026-07-28T17:24:00,45,0.4394,0.3107,0.3107,북동
2026-07-29T02:25:00,2026-07-28T17:25:00,45,0.4364,0.3086,0.3086,북동
2026-07-29T02:26:00,2026-07-28T17:26:00,45,0.4333,0.3064,0.3064,북동
2026-07-29T02:27:00,2026-07-28T17:27:00,45,0.4303,0.3043,0.3043,북동
2026-07-29T02:28:00,2026-07-28T17:28:00,45,0.4273,0.3021,0.3021,북동
2026-07-29T02:29:00,2026-07-28T17:29:00,45,0.4243,0.3,0.3,북동
2026-07-29T02:30:00,2026-07-28T17:30:00,45,0.4213,0.2979,0.2979,북동
2026-07-29T02:31:00,2026-07-28T17:31:00,45,0.4184,0.2959,0.2959,북동
2026-07-29T02:32:00,2026-07-28T17:32:00,45,0.4154,0.2937,0.2937,북동
2026-07-29T02:33:00,2026-07-28T17:33:00,45,0.4124,0.2916,0.2916,북동
2026-07-29T02:34:00,2026-07-28T17:34:00,45,0.4095,0.2896,0.2896,북동
2026-07-29T02:35:00,2026-07-28T17:35:00,45,0.4066,0.2875,0.2875,북동
2026-07-29T02:36:00,2026-07-28T17:36:00,22.5,0.4036,0.1545,0.3729,북북동
2026-07-29T02:37:00,2026-07-28T17:37:00,22.5,0.4007,0.1533,0.3702,북북동
2026-07-29T02:38:00,2026-07-28T17:38:00,22.5,0.3978,0.1522,0.3675,북북동
2026-07-29T02:39:00,2026-07-28T17:39:00,22.5,0.3949,0.1511,0.3648,북북동
2026-07-29T02:40:00,2026-07-28T17:40:00,22.5,0.392,0.15,0.3622,북북동
2026-07-29T02:41:00,2026-07-28T17:41:00,22.5,0.3892,0.1489,0.3596,북북동
2026-07-29T02:42:00,2026-07-28T17:42:00,22.5,0.3863,0.1478,0.3569,북북동
2026-07-29T02:43:00,2026-07-28T17:43:00,22.5,0.3835,0.1468,0.3543,북북동
2026-07-29T02:44:00,2026-07-28T17:44:00,22.5,0.3806,0.1456,0.3516,북북동
2026-07-29T02:45:00,2026-07-28T17:45:00,22.5,0.3778,0.1446,0.349,북북동
2026-07-29T02:46:00,2026-07-28T17:46:00,22.5,0.375,0.1435,0.3465,북북동
2026-07-29T02:47:00,2026-07-28T17:47:00,22.5,0.3722,0.1424,0.3439,북북동
2026-07-29T02:48:00,2026-07-28T17:48:00,22.5,0.3694,0.1414,0.3413,북북동
2026-07-29T02:49:00,2026-07-28T17:49:00,22.5,0.3666,0.1403,0.3387,북북동
2026-07-29T02:50:00,2026-07-28T17:50:00,22.5,0.3639,0.1393,0.3362,북북동
2026-07-29T02:51:00,2026-07-28T17:51:00,22.5,0.3611,0.1382,0.3336,북북동
2026-07-29T02:52:00,2026-07-28T17:52:00,22.5,0.3584,0.1372,0.3311,북북동
2026-07-29T02:53:00,2026-07-28T17:53:00,22.5,0.3557,0.1361,0.3286,북북동
2026-07-29T02:54:00,2026-07-28T17:54:00,22.5,0.353,0.1351,0.3261,북북동
2026-07-29T02:55:00,2026-07-28T17:55:00,22.5,0.3502,0.134,0.3235,북북동
2026-07-29T02:56:00,2026-07-28T17:56:00,22.5,0.3476,0.133,0.3211,북북동
2026-07-29T02:57:00,2026-07-28T17:57:00,22.5,0.3449,0.132,0.3186,북북동
2026-07-29T02:58:00,2026-07-28T17:58:00,22.5,0.3422,0.131,0.3162,북북동
2026-07-29T02:59:00,2026-07-28T17:59:00,22.5,0.3396,0.13,0.3137,북북동
2026-07-29T03:00:00,2026-07-28T18:00:00,22.5,0.3369,0.1289,0.3113,북북동
2026-07-29T03:01:00,2026-07-28T18:01:00,22.5,0.3343,0.1279,0.3089,북북동
2026-07-29T03:02:00,2026-07-28T18:02:00,22.5,0.3316,0.1269,0.3064,북북동
2026-07-29T03:03:00,2026-07-28T18:03:00,22.5,0.329,0.1259,0.304,북북동
2026-07-29T03:04:00,2026-07-28T18:04:00,22.5,0.3264,0.1249,0.3016,북북동
2026-07-29T03:05:00,2026-07-28T18:05:00,22.5,0.3238,0.1239,0.2992,북북동
2026-07-29T03:06:00,2026-07-28T18:06:00,22.5,0.3213,0.123,0.2968,북북동
2026-07-29T03:07:00,2026-07-28T18:07:00,22.5,0.3187,0.122,0.2944,북북동
2026-07-29T03:08:00,2026-07-28T18:08:00,22.5,0.3161,0.121,0.292,북북동
2026-07-29T03:09:00,2026-07-28T18:09:00,22.5,0.3136,0.12,0.2897,북북동
2026-07-29T03:10:00,2026-07-28T18:10:00,22.5,0.311,0.119,0.2873,북북동
2026-07-29T03:11:00,2026-07-28T18:11:00,22.5,0.3085,0.1181,0.285,북북동
2026-07-29T03:12:00,2026-07-28T18:12:00,22.5,0.306,0.1171,0.2827,북북동
2026-07-29T03:13:00,2026-07-28T18:13:00,22.5,0.3035,0.1161,0.2804,북북동
2026-07-29T03:14:00,2026-07-28T18:14:00,22.5,0.301,0.1152,0.2781,북북동
2026-07-29T03:15:00,2026-07-28T18:15:00,22.5,0.2985,0.1142,0.2758,북북동
2026-07-29T03:16:00,2026-07-28T18:16:00,22.5,0.296,0.1133,0.2735,북북동
2026-07-29T03:17:00,2026-07-28T18:17:00,22.5,0.2935,0.1123,0.2712,북북동
2026-07-29T03:18:00,2026-07-28T18:18:00,22.5,0.291,0.1114,0.2688,북북동
2026-07-29T03:19:00,2026-07-28T18:19:00,22.5,0.2886,0.1104,0.2666,북북동
2026-07-29T03:20:00,2026-07-28T18:20:00,22.5,0.2861,0.1095,0.2643,북북동
2026-07-29T03:21:00,2026-07-28T18:21:00,22.5,0.2837,0.1086,0.2621,북북동
2026-07-29T03:22:00,2026-07-28T18:22:00,22.5,0.2813,0.1076,0.2599,북북동
2026-07-29T03:23:00,2026-07-28T18:23:00,22.5,0.2788,0.1067,0.2576,북북동
2026-07-29T03:24:00,2026-07-28T18:24:00,22.5,0.2764,0.1058,0.2554,북북동
2026-07-29T03:25:00,2026-07-28T18:25:00,22.5,0.274,0.1049,0.2531,북북동
2026-07-29T03:26:00,2026-07-28T18:26:00,22.5,0.2716,0.1039,0.2509,북북동
2026-07-29T03:27:00,2026-07-28T18:27:00,22.5,0.2693,0.1031,0.2488,북북동
2026-07-29T03:28:00,2026-07-28T18:28:00,22.5,0.2669,0.1021,0.2466,북북동
2026-07-29T03:29:00,2026-07-28T18:29:00,22.5,0.2645,0.1012,0.2444,북북동
2026-07-29T03:30:00,2026-07-28T18:30:00,22.5,0.2622,0.1003,0.2422,북북동
2026-07-29T03:31:00,2026-07-28T18:31:00,22.5,0.2598,0.0994,0.24,북북동
2026-07-29T03:32:00,2026-07-28T18:32:00,22.5,0.2575,0.0985,0.2379,북북동
2026-07-29T03:33:00,2026-07-28T18:33:00,22.5,0.2552,0.0977,0.2358,북북동
2026-07-29T03:34:00,2026-07-28T18:34:00,22.5,0.2529,0.0968,0.2336,북북동
2026-07-29T03:35:00,2026-07-28T18:35:00,22.5,0.2506,0.0959,0.2315,북북동
2026-07-29T03:36:00,2026-07-28T18:36:00,22.5,0.2483,0.095,0.2294,북북동
2026-07-29T03:37:00,2026-07-28T18:37:00,22.5,0.246,0.0941,0.2273,북북동
2026-07-29T03:38:00,2026-07-28T18:38:00,22.5,0.2438,0.0933,0.2252,북북동
2026-07-29T03:39:00,2026-07-28T18:39:00,22.5,0.2416,0.0925,0.2232,북북동
2026-07-29T03:40:00,2026-07-28T18:40:00,22.5,0.2393,0.0916,0.2211,북북동
2026-07-29T03:41:00,2026-07-28T18:41:00,0,0.2371,0.0,0.2371,북
2026-07-29T03:42:00,2026-07-28T18:42:00,0,0.2349,0.0,0.2349,북
2026-07-29T03:43:00,2026-07-28T18:43:00,0,0.2328,0.0,0.2328,북
2026-07-29T03:44:00,2026-07-28T18:44:00,0,0.2306,0.0,0.2306,북
2026-07-29T03:45:00,2026-07-28T18:45:00,0,0.2285,0.0,0.2285,북
2026-07-29T03:46:00,2026-07-28T18:46:00,0,0.2264,0.0,0.2264,북
2026-07-29T03:47:00,2026-07-28T18:47:00,0,0.2243,0.0,0.2243,북
2026-07-29T03:48:00,2026-07-28T18:48:00,0,0.2222,0.0,0.2222,북
2026-07-29T03:49:00,2026-07-28T18:49:00,0,0.2202,0.0,0.2202,북
2026-07-29T03:50:00,2026-07-28T18:50:00,0,0.2182,0.0,0.2182,북
2026-07-29T03:51:00,2026-07-28T18:51:00,0,0.2162,0.0,0.2162,북
2026-07-29T03:52:00,2026-07-28T18:52:00,0,0.2143,0.0,0.2143,북
2026-07-29T03:53:00,2026-07-28T18:53:00,0,0.2124,0.0,0.2124,북
2026-07-29T03:54:00,2026-07-28T18:54:00,0,0.2105,0.0,0.2105,북
2026-07-29T03:55:00,2026-07-28T18:55:00,0,0.2086,0.0,0.2086,북
2026-07-29T03:56:00,2026-07-28T18:56:00,0,0.2068,0.0,0.2068,북
2026-07-29T03:57:00,2026-07-28T18:57:00,0,0.2051,0.0,0.2051,북
2026-07-29T03:58:00,2026-07-28T18:58:00,0,0.2034,0.0,0.2034,북
2026-07-29T03:59:00,2026-07-28T18:59:00,0,0.2017,0.0,0.2017,북
2026-07-29T04:00:00,2026-07-28T19:00:00,0,0.2001,0.0,0.2001,북
2026-07-29T04:01:00,2026-07-28T19:01:00,0,0.1985,0.0,0.1985,북
2026-07-29T04:02:00,2026-07-28T19:02:00,0,0.197,0.0,0.197,북
2026-07-29T04:03:00,2026-07-28T19:03:00,0,0.1955,0.0,0.1955,북
2026-07-29T04:04:00,2026-07-28T19:04:00,0,0.1941,0.0,0.1941,북
2026-07-29T04:05:00,2026-07-28T19:05:00,0,0.1928,0.0,0.1928,북
2026-07-29T04:06:00,2026-07-28T19:06:00,0,0.1915,0.0,0.1915,북
2026-07-29T04:07:00,2026-07-28T19:07:00,337.5,0.1903,-0.0728,0.1758,북북서
2026-07-29T04:08:00,2026-07-28T19:08:00,337.5,0.1891,-0.0724,0.1747,북북서
2026-07-29T04:09:00,2026-07-28T19:09:00,337.5,0.1881,-0.072,0.1738,북북서
2026-07-29T04:10:00,2026-07-28T19:10:00,337.5,0.1871,-0.0716,0.1729,북북서
2026-07-29T04:11:00,2026-07-28T19:11:00,337.5,0.1862,-0.0713,0.172,북북서
2026-07-29T04:12:00,2026-07-28T19:12:00,337.5,0.1854,-0.0709,0.1713,북북서
2026-07-29T04:13:00,2026-07-28T19:13:00,337.5,0.1846,-0.0706,0.1705,북북서
2026-07-29T04:14:00,2026-07-28T19:14:00,337.5,0.184,-0.0704,0.17,북북서
2026-07-29T04:15:00,2026-07-28T19:15:00,337.5,0.1834,-0.0702,0.1694,북북서
2026-07-29T04:16:00,2026-07-28T19:16:00,337.5,0.183,-0.07,0.1691,북북서
2026-07-29T04:17:00,2026-07-28T19:17:00,337.5,0.1826,-0.0699,0.1687,북북서
2026-07-29T04:18:00,2026-07-28T19:18:00,337.5,0.1823,-0.0698,0.1684,북북서
2026-07-29T04:19:00,2026-07-28T19:19:00,337.5,0.1822,-0.0697,0.1683,북북서
2026-07-29T04:20:00,2026-07-28T19:20:00,337.5,0.1821,-0.0697,0.1682,북북서
2026-07-29T04:21:00,2026-07-28T19:21:00,337.5,0.1822,-0.0697,0.1683,북북서
2026-07-29T04:22:00,2026-07-28T19:22:00,337.5,0.1823,-0.0698,0.1684,북북서
2026-07-29T04:23:00,2026-07-28T19:23:00,337.5,0.1826,-0.0699,0.1687,북북서
2026-07-29T04:24:00,2026-07-28T19:24:00,315,0.183,-0.1294,0.1294,북서
2026-07-29T04:25:00,2026-07-28T19:25:00,315,0.1835,-0.1298,0.1298,북서
2026-07-29T04:26:00,2026-07-28T19:26:00,315,0.1841,-0.1302,0.1302,북서
2026-07-29T04:27:00,2026-07-28T19:27:00,315,0.1848,-0.1307,0.1307,북서
2026-07-29T04:28:00,2026-07-28T19:28:00,315,0.1857,-0.1313,0.1313,북서
2026-07-29T04:29:00,2026-07-28T19:29:00,315,0.1866,-0.1319,0.1319,북서
2026-07-29T04:30:00,2026-07-28T19:30:00,315,0.1877,-0.1327,0.1327,북서
2026-07-29T04:31:00,2026-07-28T19:31:00,315,0.1889,-0.1336,0.1336,북서
2026-07-29T04:32:00,2026-07-28T19:32:00,315,0.1902,-0.1345,0.1345,북서
2026-07-29T04:33:00,2026-07-28T19:33:00,315,0.1916,-0.1355,0.1355,북서
2026-07-29T04:34:00,2026-07-28T19:34:00,315,0.1931,-0.1365,0.1365,북서
2026-07-29T04:35:00,2026-07-28T19:35:00,315,0.1948,-0.1377,0.1377,북서
2026-07-29T04:36:00,2026-07-28T19:36:00,315,0.1965,-0.1389,0.1389,북서
2026-07-29T04:37:00,2026-07-28T19:37:00,315,0.1984,-0.1403,0.1403,북서
2026-07-29T04:38:00,2026-07-28T19:38:00,315,0.2003,-0.1416,0.1416,북서
2026-07-29T04:39:00,2026-07-28T19:39:00,315,0.2024,-0.1431,0.1431,북서
2026-07-29T04:40:00,2026-07-28T19:40:00,315,0.2046,-0.1447,0.1447,북서
2026-07-29T04:41:00,2026-07-28T19:41:00,292.5,0.2069,-0.1912,0.0792,서북서
2026-07-29T04:42:00,2026-07-28T19:42:00,292.5,0.2092,-0.1933,0.0801,서북서
2026-07-29T04:43:00,2026-07-28T19:43:00,292.5,0.2117,-0.1956,0.081,서북서
2026-07-29T04:44:00,2026-07-28T19:44:00,292.5,0.2143,-0.198,0.082,서북서
2026-07-29T04:45:00,2026-07-28T19:45:00,292.5,0.2169,-0.2004,0.083,서북서
2026-07-29T04:46:00,2026-07-28T19:46:00,292.5,0.2196,-0.2029,0.084,서북서
2026-07-29T04:47:00,2026-07-28T19:47:00,292.5,0.2225,-0.2056,0.0851,서북서
2026-07-29T04:48:00,2026-07-28T19:48:00,292.5,0.2254,-0.2082,0.0863,서북서
2026-07-29T04:49:00,2026-07-28T19:49:00,292.5,0.2284,-0.211,0.0874,서북서
2026-07-29T04:50:00,2026-07-28T19:50:00,292.5,0.2314,-0.2138,0.0886,서북서
2026-07-29T04:51:00,2026-07-28T19:51:00,292.5,0.2346,-0.2167,0.0898,서북서
2026-07-29T04:52:00,2026-07-28T19:52:00,292.5,0.2378,-0.2197,0.091,서북서
2026-07-29T04:53:00,2026-07-28T19:53:00,292.5,0.241,-0.2227,0.0922,서북서
2026-07-29T04:54:00,2026-07-28T19:54:00,292.5,0.2444,-0.2258,0.0935,서북서
2026-07-29T04:55:00,2026-07-28T19:55:00,292.5,0.2478,-0.2289,0.0948,서북서
2026-07-29T04:56:00,2026-07-28T19:56:00,292.5,0.2512,-0.2321,0.0961,서북서
2026-07-29T04:57:00,2026-07-28T19:57:00,292.5,0.2547,-0.2353,0.0975,서북서
2026-07-29T04:58:00,2026-07-28T19:58:00,292.5,0.2583,-0.2386,0.0988,서북서
2026-07-29T04:59:00,2026-07-28T19:59:00,292.5,0.2619,-0.242,0.1002,서북서
2026-07-29T05:00:00,2026-07-28T20:00:00,292.5,0.2656,-0.2454,0.1016,서북서
2026-07-29T05:01:00,2026-07-28T20:01:00,292.5,0.2693,-0.2488,0.1031,서북서
2026-07-29T05:02:00,2026-07-28T20:02:00,292.5,0.273,-0.2522,0.1045,서북서
2026-07-29T05:03:00,2026-07-28T20:03:00,292.5,0.2768,-0.2557,0.1059,서북서
2026-07-29T05:04:00,2026-07-28T20:04:00,292.5,0.2806,-0.2592,0.1074,서북서
2026-07-29T05:05:00,2026-07-28T20:05:00,292.5,0.2845,-0.2628,0.1089,서북서
2026-07-29T05:06:00,2026-07-28T20:06:00,292.5,0.2884,-0.2664,0.1104,서북서
2026-07-29T05:07:00,2026-07-28T20:07:00,270,0.2923,-0.2923,-0.0,서
2026-07-29T05:08:00,2026-07-28T20:08:00,270,0.2962,-0.2962,-0.0,서
2026-07-29T05:09:00,2026-07-28T20:09:00,270,0.3002,-0.3002,-0.0,서
2026-07-29T05:10:00,2026-07-28T20:10:00,270,0.3041,-0.3041,-0.0,서
2026-07-29T05:11:00,2026-07-28T20:11:00,270,0.3081,-0.3081,-0.0,서
2026-07-29T05:12:00,2026-07-28T20:12:00,270,0.3122,-0.3122,-0.0,서
2026-07-29T05:13:00,2026-07-28T20:13:00,270,0.3162,-0.3162,-0.0,서
2026-07-29T05:14:00,2026-07-28T20:14:00,270,0.3202,-0.3202,-0.0,서
2026-07-29T05:15:00,2026-07-28T20:15:00,270,0.3243,-0.3243,-0.0,서
2026-07-29T05:16:00,2026-07-28T20:16:00,270,0.3283,-0.3283,-0.0,서
2026-07-29T05:17:00,2026-07-28T20:17:00,270,0.3324,-0.3324,-0.0,서
2026-07-29T05:18:00,2026-07-28T20:18:00,270,0.3364,-0.3364,-0.0,서
2026-07-29T05:19:00,2026-07-28T20:19:00,270,0.3405,-0.3405,-0.0,서
2026-07-29T05:20:00,2026-07-28T20:20:00,270,0.3445,-0.3445,-0.0,서
2026-07-29T05:21:00,2026-07-28T20:21:00,270,0.3486,-0.3486,-0.0,서
2026-07-29T05:22:00,2026-07-28T20:22:00,270,0.3526,-0.3526,-0.0,서
2026-07-29T05:23:00,2026-07-28T20:23:00,270,0.3567,-0.3567,-0.0,서
2026-07-29T05:24:00,2026-07-28T20:24:00,270,0.3607,-0.3607,-0.0,서
2026-07-29T05:25:00,2026-07-28T20:25:00,270,0.3647,-0.3647,-0.0,서
2026-07-29T05:26:00,2026-07-28T20:26:00,270,0.3687,-0.3687,-0.0,서
2026-07-29T05:27:00,2026-07-28T20:27:00,270,0.3726,-0.3726,-0.0,서
2026-07-29T05:28:00,2026-07-28T20:28:00,270,0.3766,-0.3766,-0.0,서
2026-07-29T05:29:00,2026-07-28T20:29:00,270,0.3805,-0.3805,-0.0,서
2026-07-29T05:30:00,2026-07-28T20:30:00,270,0.3844,-0.3844,-0.0,서
2026-07-29T05:31:00,2026-07-28T20:31:00,270,0.3883,-0.3883,-0.0,서
2026-07-29T05:32:00,2026-07-28T20:32:00,270,0.3921,-0.3921,-0.0,서
2026-07-29T05:33:00,2026-07-28T20:33:00,270,0.396,-0.396,-0.0,서
2026-07-29T05:34:00,2026-07-28T20:34:00,270,0.3997,-0.3997,-0.0,서
2026-07-29T05:35:00,2026-07-28T20:35:00,270,0.4035,-0.4035,-0.0,서
2026-07-29T05:36:00,2026-07-28T20:36:00,270,0.4072,-0.4072,-0.0,서
2026-07-29T05:37:00,2026-07-28T20:37:00,270,0.4109,-0.4109,-0.0,서
2026-07-29T05:38:00,2026-07-28T20:38:00,270,0.4145,-0.4145,-0.0,서
2026-07-29T05:39:00,2026-07-28T20:39:00,270,0.4181,-0.4181,-0.0,서
2026-07-29T05:40:00,2026-07-28T20:40:00,270,0.4217,-0.4217,-0.0,서
2026-07-29T05:41:00,2026-07-28T20:41:00,270,0.4252,-0.4252,-0.0,서
2026-07-29T05:42:00,2026-07-28T20:42:00,270,0.4287,-0.4287,-0.0,서
2026-07-29T05:43:00,2026-07-28T20:43:00,270,0.4321,-0.4321,-0.0,서
2026-07-29T05:44:00,2026-07-28T20:44:00,270,0.4355,-0.4355,-0.0,서
2026-07-29T05:45:00,2026-07-28T20:45:00,270,0.4388,-0.4388,-0.0,서
2026-07-29T05:46:00,2026-07-28T20:46:00,270,0.4421,-0.4421,-0.0,서
2026-07-29T05:47:00,2026-07-28T20:47:00,270,0.4453,-0.4453,-0.0,서
2026-07-29T05:48:00,2026-07-28T20:48:00,270,0.4484,-0.4484,-0.0,서
2026-07-29T05:49:00,2026-07-28T20:49:00,270,0.4515,-0.4515,-0.0,서
2026-07-29T05:50:00,2026-07-28T20:50:00,270,0.4546,-0.4546,-0.0,서
2026-07-29T05:51:00,2026-07-28T20:51:00,270,0.4575,-0.4575,-0.0,서
2026-07-29T05:52:00,2026-07-28T20:52:00,270,0.4605,-0.4605,-0.0,서
2026-07-29T05:53:00,2026-07-28T20:53:00,270,0.4633,-0.4633,-0.0,서
2026-07-29T05:54:00,2026-07-28T20:54:00,270,0.4661,-0.4661,-0.0,서
2026-07-29T05:55:00,2026-07-28T20:55:00,270,0.4688,-0.4688,-0.0,서
2026-07-29T05:56:00,2026-07-28T20:56:00,270,0.4715,-0.4715,-0.0,서
2026-07-29T05:57:00,2026-07-28T20:57:00,270,0.4741,-0.4741,-0.0,서
2026-07-29T05:58:00,2026-07-28T20:58:00,270,0.4766,-0.4766,-0.0,서
2026-07-29T05:59:00,2026-07-28T20:59:00,270,0.479,-0.479,-0.0,서
2026-07-29T06:00:00,2026-07-28T21:00:00,270,0.4814,-0.4814,-0.0,서
2026-07-29T06:01:00,2026-07-28T21:01:00,270,0.4837,-0.4837,-0.0,서
2026-07-29T06:02:00,2026-07-28T21:02:00,270,0.4859,-0.4859,-0.0,서
2026-07-29T06:03:00,2026-07-28T21:03:00,270,0.4881,-0.4881,-0.0,서
2026-07-29T06:04:00,2026-07-28T21:04:00,270,0.4901,-0.4901,-0.0,서
2026-07-29T06:05:00,2026-07-28T21:05:00,270,0.4921,-0.4921,-0.0,서
2026-07-29T06:06:00,2026-07-28T21:06:00,270,0.4941,-0.4941,-0.0,서
2026-07-29T06:07:00,2026-07-28T21:07:00,270,0.4959,-0.4959,-0.0,서
2026-07-29T06:08:00,2026-07-28T21:08:00,270,0.4976,-0.4976,-0.0,서
2026-07-29T06:09:00,2026-07-28T21:09:00,270,0.4993,-0.4993,-0.0,서
2026-07-29T06:10:00,2026-07-28T21:10:00,270,0.5009,-0.5009,-0.0,서
2026-07-29T06:11:00,2026-07-28T21:11:00,270,0.5024,-0.5024,-0.0,서
2026-07-29T06:12:00,2026-07-28T21:12:00,270,0.5038,-0.5038,-0.0,서
2026-07-29T06:13:00,2026-07-28T21:13:00,270,0.5052,-0.5052,-0.0,서
2026-07-29T06:14:00,2026-07-28T21:14:00,270,0.5064,-0.5064,-0.0,서
2026-07-29T06:15:00,2026-07-28T21:15:00,270,0.5076,-0.5076,-0.0,서
2026-07-29T06:16:00,2026-07-28T21:16:00,270,0.5086,-0.5086,-0.0,서
2026-07-29T06:17:00,2026-07-28T21:17:00,270,0.5096,-0.5096,-0.0,서
2026-07-29T06:18:00,2026-07-28T21:18:00,270,0.5105,-0.5105,-0.0,서
2026-07-29T06:19:00,2026-07-28T21:19:00,270,0.5113,-0.5113,-0.0,서
2026-07-29T06:20:00,2026-07-28T21:20:00,270,0.512,-0.512,-0.0,서
2026-07-29T06:21:00,2026-07-28T21:21:00,270,0.5127,-0.5127,-0.0,서
2026-07-29T06:22:00,2026-07-28T21:22:00,270,0.5132,-0.5132,-0.0,서
2026-07-29T06:23:00,2026-07-28T21:23:00,270,0.5136,-0.5136,-0.0,서
2026-07-29T06:24:00,2026-07-28T21:24:00,270,0.514,-0.514,-0.0,서
2026-07-29T06:25:00,2026-07-28T21:25:00,270,0.5142,-0.5142,-0.0,서
2026-07-29T06:26:00,2026-07-28T21:26:00,270,0.5144,-0.5144,-0.0,서
2026-07-29T06:27:00,2026-07-28T21:27:00,270,0.5145,-0.5145,-0.0,서
2026-07-29T06:28:00,2026-07-28T21:28:00,270,0.5144,-0.5144,-0.0,서
2026-07-29T06:29:00,2026-07-28T21:29:00,270,0.5143,-0.5143,-0.0,서
2026-07-29T06:30:00,2026-07-28T21:30:00,270,0.5141,-0.5141,-0.0,서
2026-07-29T06:31:00,2026-07-28T21:31:00,270,0.5138,-0.5138,-0.0,서
2026-07-29T06:32:00,2026-07-28T21:32:00,270,0.5134,-0.5134,-0.0,서
2026-07-29T06:33:00,2026-07-28T21:33:00,270,0.5129,-0.5129,-0.0,서
2026-07-29T06:34:00,2026-07-28T21:34:00,270,0.5123,-0.5123,-0.0,서
2026-07-29T06:35:00,2026-07-28T21:35:00,270,0.5116,-0.5116,-0.0,서
2026-07-29T06:36:00,2026-07-28T21:36:00,270,0.5109,-0.5109,-0.0,서
2026-07-29T06:37:00,2026-07-28T21:37:00,270,0.51,-0.51,-0.0,서
2026-07-29T06:38:00,2026-07-28T21:38:00,270,0.509,-0.509,-0.0,서
2026-07-29T06:39:00,2026-07-28T21:39:00,270,0.508,-0.508,-0.0,서
2026-07-29T06:40:00,2026-07-28T21:40:00,270,0.5068,-0.5068,-0.0,서
2026-07-29T06:41:00,2026-07-28T21:41:00,270,0.5056,-0.5056,-0.0,서
2026-07-29T06:42:00,2026-07-28T21:42:00,270,0.5042,-0.5042,-0.0,서
2026-07-29T06:43:00,2026-07-28T21:43:00,270,0.5028,-0.5028,-0.0,서
2026-07-29T06:44:00,2026-07-28T21:44:00,270,0.5013,-0.5013,-0.0,서
2026-07-29T06:45:00,2026-07-28T21:45:00,270,0.4997,-0.4997,-0.0,서
2026-07-29T06:46:00,2026-07-28T21:46:00,270,0.4979,-0.4979,-0.0,서
2026-07-29T06:47:00,2026-07-28T21:47:00,270,0.4961,-0.4961,-0.0,서
2026-07-29T06:48:00,2026-07-28T21:48:00,270,0.4943,-0.4943,-0.0,서
2026-07-29T06:49:00,2026-07-28T21:49:00,270,0.4923,-0.4923,-0.0,서
2026-07-29T06:50:00,2026-07-28T21:50:00,270,0.4902,-0.4902,-0.0,서
2026-07-29T06:51:00,2026-07-28T21:51:00,270,0.488,-0.488,-0.0,서
2026-07-29T06:52:00,2026-07-28T21:52:00,270,0.4858,-0.4858,-0.0,서
2026-07-29T06:53:00,2026-07-28T21:53:00,270,0.4835,-0.4835,-0.0,서
2026-07-29T06:54:00,2026-07-28T21:54:00,270,0.481,-0.481,-0.0,서
2026-07-29T06:55:00,2026-07-28T21:55:00,270,0.4785,-0.4785,-0.0,서
2026-07-29T06:56:00,2026-07-28T21:56:00,270,0.476,-0.476,-0.0,서
2026-07-29T06:57:00,2026-07-28T21:57:00,270,0.4733,-0.4733,-0.0,서
2026-07-29T06:58:00,2026-07-28T21:58:00,270,0.4705,-0.4705,-0.0,서
2026-07-29T06:59:00,2026-07-28T21:59:00,270,0.4677,-0.4677,-0.0,서
2026-07-29T07:00:00,2026-07-28T22:00:00,270,0.4648,-0.4648,-0.0,서
2026-07-29T07:01:00,2026-07-28T22:01:00,270,0.4618,-0.4618,-0.0,서
2026-07-29T07:02:00,2026-07-28T22:02:00,270,0.4587,-0.4587,-0.0,서
2026-07-29T07:03:00,2026-07-28T22:03:00,270,0.4555,-0.4555,-0.0,서
2026-07-29T07:04:00,2026-07-28T22:04:00,270,0.4523,-0.4523,-0.0,서
2026-07-29T07:05:00,2026-07-28T22:05:00,270,0.449,-0.449,-0.0,서
2026-07-29T07:06:00,2026-07-28T22:06:00,270,0.4456,-0.4456,-0.0,서
2026-07-29T07:07:00,2026-07-28T22:07:00,270,0.4422,-0.4422,-0.0,서
2026-07-29T07:08:00,2026-07-28T22:08:00,270,0.4387,-0.4387,-0.0,서
2026-07-29T07:09:00,2026-07-28T22:09:00,270,0.4351,-0.4351,-0.0,서
2026-07-29T07:10:00,2026-07-28T22:10:00,292.5,0.4314,-0.3986,0.1651,서북서
2026-07-29T07:11:00,2026-07-28T22:11:00,292.5,0.4277,-0.3951,0.1637,서북서
2026-07-29T07:12:00,2026-07-28T22:12:00,292.5,0.4239,-0.3916,0.1622,서북서
2026-07-29T07:13:00,2026-07-28T22:13:00,292.5,0.42,-0.388,0.1607,서북서
2026-07-29T07:14:00,2026-07-28T22:14:00,292.5,0.4161,-0.3844,0.1592,서북서
2026-07-29T07:15:00,2026-07-28T22:15:00,292.5,0.4122,-0.3808,0.1577,서북서
2026-07-29T07:16:00,2026-07-28T22:16:00,292.5,0.4081,-0.377,0.1562,서북서
2026-07-29T07:17:00,2026-07-28T22:17:00,292.5,0.404,-0.3732,0.1546,서북서
2026-07-29T07:18:00,2026-07-28T22:18:00,292.5,0.3999,-0.3695,0.153,서북서
2026-07-29T07:19:00,2026-07-28T22:19:00,292.5,0.3957,-0.3656,0.1514,서북서
2026-07-29T07:20:00,2026-07-28T22:20:00,292.5,0.3915,-0.3617,0.1498,서북서
2026-07-29T07:21:00,2026-07-28T22:21:00,292.5,0.3872,-0.3577,0.1482,서북서
2026-07-29T07:22:00,2026-07-28T22:22:00,292.5,0.3829,-0.3538,0.1465,서북서
2026-07-29T07:23:00,2026-07-28T22:23:00,292.5,0.3785,-0.3497,0.1448,서북서
2026-07-29T07:24:00,2026-07-28T22:24:00,292.5,0.3741,-0.3456,0.1432,서북서
2026-07-29T07:25:00,2026-07-28T22:25:00,292.5,0.3696,-0.3415,0.1414,서북서
2026-07-29T07:26:00,2026-07-28T22:26:00,292.5,0.3651,-0.3373,0.1397,서북서
2026-07-29T07:27:00,2026-07-28T22:27:00,292.5,0.3606,-0.3332,0.138,서북서
2026-07-29T07:28:00,2026-07-28T22:28:00,292.5,0.3561,-0.329,0.1363,서북서
2026-07-29T07:29:00,2026-07-28T22:29:00,292.5,0.3515,-0.3247,0.1345,서북서
2026-07-29T07:30:00,2026-07-28T22:30:00,292.5,0.3469,-0.3205,0.1328,서북서
2026-07-29T07:31:00,2026-07-28T22:31:00,292.5,0.3423,-0.3162,0.131,서북서
2026-07-29T07:32:00,2026-07-28T22:32:00,292.5,0.3376,-0.3119,0.1292,서북서
2026-07-29T07:33:00,2026-07-28T22:33:00,292.5,0.333,-0.3077,0.1274,서북서
2026-07-29T07:34:00,2026-07-28T22:34:00,292.5,0.3283,-0.3033,0.1256,서북서
2026-07-29T07:35:00,2026-07-28T22:35:00,292.5,0.3237,-0.2991,0.1239,서북서
2026-07-29T07:36:00,2026-07-28T22:36:00,292.5,0.319,-0.2947,0.1221,서북서
2026-07-29T07:37:00,2026-07-28T22:37:00,292.5,0.3143,-0.2904,0.1203,서북서
2026-07-29T07:38:00,2026-07-28T22:38:00,292.5,0.3097,-0.2861,0.1185,서북서
2026-07-29T07:39:00,2026-07-28T22:39:00,292.5,0.305,-0.2818,0.1167,서북서
2026-07-29T07:40:00,2026-07-28T22:40:00,292.5,0.3004,-0.2775,0.115,서북서
2026-07-29T07:41:00,2026-07-28T22:41:00,292.5,0.2958,-0.2733,0.1132,서북서
2026-07-29T07:42:00,2026-07-28T22:42:00,292.5,0.2912,-0.269,0.1114,서북서
2026-07-29T07:43:00,2026-07-28T22:43:00,315,0.2866,-0.2027,0.2027,북서
2026-07-29T07:44:00,2026-07-28T22:44:00,315,0.2821,-0.1995,0.1995,북서
2026-07-29T07:45:00,2026-07-28T22:45:00,315,0.2776,-0.1963,0.1963,북서
2026-07-29T07:46:00,2026-07-28T22:46:00,315,0.2731,-0.1931,0.1931,북서
2026-07-29T07:47:00,2026-07-28T22:47:00,315,0.2687,-0.19,0.19,북서
2026-07-29T07:48:00,2026-07-28T22:48:00,315,0.2643,-0.1869,0.1869,북서
2026-07-29T07:49:00,2026-07-28T22:49:00,315,0.2601,-0.1839,0.1839,북서
2026-07-29T07:50:00,2026-07-28T22:50:00,315,0.2558,-0.1809,0.1809,북서
2026-07-29T07:51:00,2026-07-28T22:51:00,315,0.2517,-0.178,0.178,북서
2026-07-29T07:52:00,2026-07-28T22:52:00,315,0.2477,-0.1752,0.1752,북서
2026-07-29T07:53:00,2026-07-28T22:53:00,315,0.2437,-0.1723,0.1723,북서
2026-07-29T07:54:00,2026-07-28T22:54:00,315,0.2398,-0.1696,0.1696,북서
2026-07-29T07:55:00,2026-07-28T22:55:00,315,0.2361,-0.1669,0.1669,북서
2026-07-29T07:56:00,2026-07-28T22:56:00,315,0.2324,-0.1643,0.1643,북서
2026-07-29T07:57:00,2026-07-28T22:57:00,315,0.2289,-0.1619,0.1619,북서
2026-07-29T07:58:00,2026-07-28T22:58:00,315,0.2255,-0.1595,0.1595,북서
2026-07-29T07:59:00,2026-07-28T22:59:00,337.5,0.2223,-0.0851,0.2054,북북서
2026-07-29T08:00:00,2026-07-28T23:00:00,337.5,0.2192,-0.0839,0.2025,북북서
2026-07-29T08:01:00,2026-07-28T23:01:00,337.5,0.2163,-0.0828,0.1998,북북서
2026-07-29T08:02:00,2026-07-28T23:02:00,337.5,0.2135,-0.0817,0.1972,북북서
2026-07-29T08:03:00,2026-07-28T23:03:00,337.5,0.2109,-0.0807,0.1948,북북서
2026-07-29T08:04:00,2026-07-28T23:04:00,337.5,0.2086,-0.0798,0.1927,북북서
2026-07-29T08:05:00,2026-07-28T23:05:00,337.5,0.2063,-0.0789,0.1906,북북서
2026-07-29T08:06:00,2026-07-28T23:06:00,337.5,0.2043,-0.0782,0.1887,북북서
2026-07-29T08:07:00,2026-07-28T23:07:00,337.5,0.2026,-0.0775,0.1872,북북서
2026-07-29T08:08:00,2026-07-28T23:08:00,337.5,0.201,-0.0769,0.1857,북북서
2026-07-29T08:09:00,2026-07-28T23:09:00,337.5,0.1996,-0.0764,0.1844,북북서
2026-07-29T08:10:00,2026-07-28T23:10:00,337.5,0.1985,-0.076,0.1834,북북서
2026-07-29T08:11:00,2026-07-28T23:11:00,0,0.1976,0.0,0.1976,북
2026-07-29T08:12:00,2026-07-28T23:12:00,0,0.197,0.0,0.197,북
2026-07-29T08:13:00,2026-07-28T23:13:00,0,0.1966,0.0,0.1966,북
2026-07-29T08:14:00,2026-07-28T23:14:00,0,0.1964,0.0,0.1964,북
2026-07-29T08:15:00,2026-07-28T23:15:00,0,0.1965,0.0,0.1965,북
2026-07-29T08:16:00,2026-07-28T23:16:00,0,0.1968,0.0,0.1968,북
2026-07-29T08:17:00,2026-07-28T23:17:00,0,0.1974,0.0,0.1974,북
2026-07-29T08:18:00,2026-07-28T23:18:00,0,0.1982,0.0,0.1982,북
2026-07-29T08:19:00,2026-07-28T23:19:00,0,0.1993,0.0,0.1993,북
2026-07-29T08:20:00,2026-07-28T23:20:00,0,0.2006,0.0,0.2006,북
2026-07-29T08:21:00,2026-07-28T23:21:00,22.5,0.2021,0.0773,0.1867,북북동
2026-07-29T08:22:00,2026-07-28T23:22:00,22.5,0.2038,0.078,0.1883,북북동
2026-07-29T08:23:00,2026-07-28T23:23:00,22.5,0.2058,0.0788,0.1901,북북동
2026-07-29T08:24:00,2026-07-28T23:24:00,22.5,0.2079,0.0796,0.1921,북북동
2026-07-29T08:25:00,2026-07-28T23:25:00,22.5,0.2103,0.0805,0.1943,북북동
2026-07-29T08:26:00,2026-07-28T23:26:00,22.5,0.2129,0.0815,0.1967,북북동
2026-07-29T08:27:00,2026-07-28T23:27:00,22.5,0.2156,0.0825,0.1992,북북동
2026-07-29T08:28:00,2026-07-28T23:28:00,22.5,0.2185,0.0836,0.2019,북북동
2026-07-29T08:29:00,2026-07-28T23:29:00,22.5,0.2216,0.0848,0.2047,북북동
2026-07-29T08:30:00,2026-07-28T23:30:00,22.5,0.2249,0.0861,0.2078,북북동
2026-07-29T08:31:00,2026-07-28T23:31:00,22.5,0.2283,0.0874,0.2109,북북동
2026-07-29T08:32:00,2026-07-28T23:32:00,45,0.2318,0.1639,0.1639,북동
2026-07-29T08:33:00,2026-07-28T23:33:00,45,0.2355,0.1665,0.1665,북동
2026-07-29T08:34:00,2026-07-28T23:34:00,45,0.2393,0.1692,0.1692,북동
2026-07-29T08:35:00,2026-07-28T23:35:00,45,0.2432,0.172,0.172,북동
2026-07-29T08:36:00,2026-07-28T23:36:00,45,0.2473,0.1749,0.1749,북동
2026-07-29T08:37:00,2026-07-28T23:37:00,45,0.2514,0.1778,0.1778,북동
2026-07-29T08:38:00,2026-07-28T23:38:00,45,0.2557,0.1808,0.1808,북동
2026-07-29T08:39:00,2026-07-28T23:39:00,45,0.26,0.1838,0.1838,북동
2026-07-29T08:40:00,2026-07-28T23:40:00,45,0.2644,0.187,0.187,북동
2026-07-29T08:41:00,2026-07-28T23:41:00,45,0.2689,0.1901,0.1901,북동
2026-07-29T08:42:00,2026-07-28T23:42:00,45,0.2735,0.1934,0.1934,북동
2026-07-29T08:43:00,2026-07-28T23:43:00,45,0.2781,0.1966,0.1966,북동
2026-07-29T08:44:00,2026-07-28T23:44:00,45,0.2828,0.2,0.2,북동
2026-07-29T08:45:00,2026-07-28T23:45:00,45,0.2876,0.2034,0.2034,북동
2026-07-29T08:46:00,2026-07-28T23:46:00,45,0.2924,0.2068,0.2068,북동
2026-07-29T08:47:00,2026-07-28T23:47:00,45,0.2972,0.2102,0.2102,북동
2026-07-29T08:48:00,2026-07-28T23:48:00,45,0.3021,0.2136,0.2136,북동
2026-07-29T08:49:00,2026-07-28T23:49:00,45,0.307,0.2171,0.2171,북동
2026-07-29T08:50:00,2026-07-28T23:50:00,67.5,0.312,0.2883,0.1194,동북동
2026-07-29T08:51:00,2026-07-28T23:51:00,67.5,0.317,0.2929,0.1213,동북동
2026-07-29T08:52:00,2026-07-28T23:52:00,67.5,0.322,0.2975,0.1232,동북동
2026-07-29T08:53:00,2026-07-28T23:53:00,67.5,0.3271,0.3022,0.1252,동북동
2026-07-29T08:54:00,2026-07-28T23:54:00,67.5,0.3321,0.3068,0.1271,동북동
2026-07-29T08:55:00,2026-07-28T23:55:00,67.5,0.3372,0.3115,0.129,동북동
2026-07-29T08:56:00,2026-07-28T23:56:00,67.5,0.3423,0.3162,0.131,동북동
2026-07-29T08:57:00,2026-07-28T23:57:00,67.5,0.3474,0.321,0.1329,동북동
2026-07-29T08:58:00,2026-07-28T23:58:00,67.5,0.3525,0.3257,0.1349,동북동
2026-07-29T08:59:00,2026-07-28T23:59:00,67.5,0.3576,0.3304,0.1368,동북동
2026-07-29T09:00:00,2026-07-29T00:00:00,67.5,0.3627,0.3351,0.1388,동북동
2026-07-29T09:01:00,2026-07-29T00:01:00,67.5,0.3679,0.3399,0.1408,동북동
2026-07-29T09:02:00,2026-07-29T00:02:00,67.5,0.373,0.3446,0.1427,동북동
2026-07-29T09:03:00,2026-07-29T00:03:00,67.5,0.3781,0.3493,0.1447,동북동
2026-07-29T09:04:00,2026-07-29T00:04:00,67.5,0.3832,0.354,0.1466,동북동
2026-07-29T09:05:00,2026-07-29T00:05:00,67.5,0.3883,0.3587,0.1486,동북동
2026-07-29T09:06:00,2026-07-29T00:06:00,67.5,0.3934,0.3635,0.1505,동북동
2026-07-29T09:07:00,2026-07-29T00:07:00,67.5,0.3985,0.3682,0.1525,동북동
2026-07-29T09:08:00,2026-07-29T00:08:00,67.5,0.4036,0.3729,0.1545,동북동
2026-07-29T09:09:00,2026-07-29T00:09:00,67.5,0.4086,0.3775,0.1564,동북동
2026-07-29T09:10:00,2026-07-29T00:10:00,67.5,0.4137,0.3822,0.1583,동북동
2026-07-29T09:11:00,2026-07-29T00:11:00,67.5,0.4187,0.3868,0.1602,동북동
2026-07-29T09:12:00,2026-07-29T00:12:00,67.5,0.4237,0.3914,0.1621,동북동
2026-07-29T09:13:00,2026-07-29T00:13:00,67.5,0.4287,0.3961,0.1641,동북동
2026-07-29T09:14:00,2026-07-29T00:14:00,67.5,0.4337,0.4007,0.166,동북동
2026-07-29T09:15:00,2026-07-29T00:15:00,67.5,0.4386,0.4052,0.1678,동북동
2026-07-29T09:16:00,2026-07-29T00:16:00,67.5,0.4436,0.4098,0.1698,동북동
2026-07-29T09:17:00,2026-07-29T00:17:00,67.5,0.4485,0.4144,0.1716,동북동
2026-07-29T09:18:00,2026-07-29T00:18:00,67.5,0.4533,0.4188,0.1735,동북동
2026-07-29T09:19:00,2026-07-29T00:19:00,67.5,0.4582,0.4233,0.1753,동북동
2026-07-29T09:20:00,2026-07-29T00:20:00,67.5,0.463,0.4278,0.1772,동북동
2026-07-29T09:21:00,2026-07-29T00:21:00,67.5,0.4678,0.4322,0.179,동북동
2026-07-29T09:22:00,2026-07-29T00:22:00,67.5,0.4726,0.4366,0.1809,동북동
2026-07-29T09:23:00,2026-07-29T00:23:00,67.5,0.4773,0.441,0.1827,동북동
2026-07-29T09:24:00,2026-07-29T00:24:00,90,0.482,0.482,0.0,동
2026-07-29T09:25:00,2026-07-29T00:25:00,90,0.4867,0.4867,0.0,동
2026-07-29T09:26:00,2026-07-29T00:26:00,90,0.4914,0.4914,0.0,동
2026-07-29T09:27:00,2026-07-29T00:27:00,90,0.496,0.496,0.0,동
2026-07-29T09:28:00,2026-07-29T00:28:00,90,0.5006,0.5006,0.0,동
2026-07-29T09:29:00,2026-07-29T00:29:00,90,0.5051,0.5051,0.0,동
2026-07-29T09:30:00,2026-07-29T00:30:00,90,0.5096,0.5096,0.0,동
2026-07-29T09:31:00,2026-07-29T00:31:00,90,0.5141,0.5141,0.0,동
2026-07-29T09:32:00,2026-07-29T00:32:00,90,0.5185,0.5185,0.0,동
2026-07-29T09:33:00,2026-07-29T00:33:00,90,0.5229,0.5229,0.0,동
2026-07-29T09:34:00,2026-07-29T00:34:00,90,0.5273,0.5273,0.0,동
2026-07-29T09:35:00,2026-07-29T00:35:00,90,0.5316,0.5316,0.0,동
2026-07-29T09:36:00,2026-07-29T00:36:00,90,0.5359,0.5359,0.0,동
2026-07-29T09:37:00,2026-07-29T00:37:00,90,0.5402,0.5402,0.0,동
2026-07-29T09:38:00,2026-07-29T00:38:00,90,0.5444,0.5444,0.0,동
2026-07-29T09:39:00,2026-07-29T00:39:00,90,0.5485,0.5485,0.0,동
2026-07-29T09:40:00,2026-07-29T00:40:00,90,0.5527,0.5527,0.0,동
2026-07-29T09:41:00,2026-07-29T00:41:00,90,0.5567,0.5567,0.0,동
2026-07-29T09:42:00,2026-07-29T00:42:00,90,0.5608,0.5608,0.0,동
2026-07-29T09:43:00,2026-07-29T00:43:00,90,0.5648,0.5648,0.0,동
2026-07-29T09:44:00,2026-07-29T00:44:00,90,0.5688,0.5688,0.0,동
2026-07-29T09:45:00,2026-07-29T00:45:00,90,0.5727,0.5727,0.0,동
2026-07-29T09:46:00,2026-07-29T00:46:00,90,0.5766,0.5766,0.0,동
2026-07-29T09:47:00,2026-07-29T00:47:00,90,0.5804,0.5804,0.0,동
2026-07-29T09:48:00,2026-07-29T00:48:00,90,0.5842,0.5842,0.0,동
2026-07-29T09:49:00,2026-07-29T00:49:00,90,0.5879,0.5879,0.0,동
2026-07-29T09:50:00,2026-07-29T00:50:00,90,0.5916,0.5916,0.0,동
2026-07-29T09:51:00,2026-07-29T00:51:00,90,0.5953,0.5953,0.0,동
2026-07-29T09:52:00,2026-07-29T00:52:00,90,0.5989,0.5989,0.0,동
2026-07-29T09:53:00,2026-07-29T00:53:00,90,0.6025,0.6025,0.0,동
2026-07-29T09:54:00,2026-07-29T00:54:00,90,0.606,0.606,0.0,동
2026-07-29T09:55:00,2026-07-29T00:55:00,90,0.6095,0.6095,0.0,동
2026-07-29T09:56:00,2026-07-29T00:56:00,90,0.6129,0.6129,0.0,동
2026-07-29T09:57:00,2026-07-29T00:57:00,90,0.6163,0.6163,0.0,동
2026-07-29T09:58:00,2026-07-29T00:58:00,90,0.6197,0.6197,0.0,동
2026-07-29T09:59:00,2026-07-29T00:59:00,90,0.623,0.623,0.0,동
2026-07-29T10:00:00,2026-07-29T01:00:00,90,0.6262,0.6262,0.0,동
2026-07-29T10:01:00,2026-07-29T01:01:00,90,0.6295,0.6295,0.0,동
2026-07-29T10:02:00,2026-07-29T01:02:00,90,0.6326,0.6326,0.0,동
2026-07-29T10:03:00,2026-07-29T01:03:00,90,0.6357,0.6357,0.0,동
2026-07-29T10:04:00,2026-07-29T01:04:00,90,0.6388,0.6388,0.0,동
2026-07-29T10:05:00,2026-07-29T01:05:00,90,0.6418,0.6418,0.0,동
2026-07-29T10:06:00,2026-07-29T01:06:00,90,0.6448,0.6448,0.0,동
2026-07-29T10:07:00,2026-07-29T01:07:00,90,0.6478,0.6478,0.0,동
2026-07-29T10:08:00,2026-07-29T01:08:00,90,0.6507,0.6507,0.0,동
2026-07-29T10:09:00,2026-07-29T01:09:00,90,0.6535,0.6535,0.0,동
2026-07-29T10:10:00,2026-07-29T01:10:00,90,0.6563,0.6563,0.0,동
2026-07-29T10:11:00,2026-07-29T01:11:00,90,0.6591,0.6591,0.0,동
2026-07-29T10:12:00,2026-07-29T01:12:00,90,0.6618,0.6618,0.0,동
2026-07-29T10:13:00,2026-07-29T01:13:00,90,0.6644,0.6644,0.0,동
2026-07-29T10:14:00,2026-07-29T01:14:00,90,0.6671,0.6671,0.0,동
2026-07-29T10:15:00,2026-07-29T01:15:00,90,0.6696,0.6696,0.0,동
2026-07-29T10:16:00,2026-07-29T01:16:00,90,0.6722,0.6722,0.0,동
2026-07-29T10:17:00,2026-07-29T01:17:00,90,0.6747,0.6747,0.0,동
2026-07-29T10:18:00,2026-07-29T01:18:00,90,0.6771,0.6771,0.0,동
2026-07-29T10:19:00,2026-07-29T01:19:00,90,0.6795,0.6795,0.0,동
2026-07-29T10:20:00,2026-07-29T01:20:00,90,0.6819,0.6819,0.0,동
2026-07-29T10:21:00,2026-07-29T01:21:00,90,0.6842,0.6842,0.0,동
2026-07-29T10:22:00,2026-07-29T01:22:00,90,0.6864,0.6864,0.0,동
2026-07-29T10:23:00,2026-07-29T01:23:00,90,0.6887,0.6887,0.0,동
2026-07-29T10:24:00,2026-07-29T01:24:00,90,0.6909,0.6909,0.0,동
2026-07-29T10:25:00,2026-07-29T01:25:00,90,0.693,0.693,0.0,동
2026-07-29T10:26:00,2026-07-29T01:26:00,90,0.6951,0.6951,0.0,동
2026-07-29T10:27:00,2026-07-29T01:27:00,90,0.6972,0.6972,0.0,동
2026-07-29T10:28:00,2026-07-29T01:28:00,90,0.6992,0.6992,0.0,동
2026-07-29T10:29:00,2026-07-29T01:29:00,90,0.7012,0.7012,0.0,동
2026-07-29T10:30:00,2026-07-29T01:30:00,90,0.7031,0.7031,0.0,동
2026-07-29T10:31:00,2026-07-29T01:31:00,90,0.705,0.705,0.0,동
2026-07-29T10:32:00,2026-07-29T01:32:00,90,0.7069,0.7069,0.0,동
2026-07-29T10:33:00,2026-07-29T01:33:00,90,0.7087,0.7087,0.0,동
2026-07-29T10:34:00,2026-07-29T01:34:00,90,0.7105,0.7105,0.0,동
2026-07-29T10:35:00,2026-07-29T01:35:00,90,0.7123,0.7123,0.0,동
2026-07-29T10:36:00,2026-07-29T01:36:00,90,0.714,0.714,0.0,동
2026-07-29T10:37:00,2026-07-29T01:37:00,90,0.7157,0.7157,0.0,동
2026-07-29T10:38:00,2026-07-29T01:38:00,90,0.7173,0.7173,0.0,동
2026-07-29T10:39:00,2026-07-29T01:39:00,90,0.7189,0.7189,0.0,동
2026-07-29T10:40:00,2026-07-29T01:40:00,90,0.7205,0.7205,0.0,동
2026-07-29T10:41:00,2026-07-29T01:41:00,90,0.7221,0.7221,0.0,동
2026-07-29T10:42:00,2026-07-29T01:42:00,90,0.7236,0.7236,0.0,동
2026-07-29T10:43:00,2026-07-29T01:43:00,90,0.7251,0.7251,0.0,동
2026-07-29T10:44:00,2026-07-29T01:44:00,90,0.7265,0.7265,0.0,동
2026-07-29T10:45:00,2026-07-29T01:45:00,90,0.7279,0.7279,0.0,동
2026-07-29T10:46:00,2026-07-29T01:46:00,90,0.7293,0.7293,0.0,동
2026-07-29T10:47:00,2026-07-29T01:47:00,90,0.7307,0.7307,0.0,동
2026-07-29T10:48:00,2026-07-29T01:48:00,90,0.732,0.732,0.0,동
2026-07-29T10:49:00,2026-07-29T01:49:00,90,0.7333,0.7333,0.0,동
2026-07-29T10:50:00,2026-07-29T01:50:00,90,0.7346,0.7346,0.0,동
2026-07-29T10:51:00,2026-07-29T01:51:00,90,0.7359,0.7359,0.0,동
2026-07-29T10:52:00,2026-07-29T01:52:00,90,0.7371,0.7371,0.0,동
2026-07-29T10:53:00,2026-07-29T01:53:00,90,0.7383,0.7383,0.0,동
2026-07-29T10:54:00,2026-07-29T01:54:00,90,0.7395,0.7395,0.0,동
2026-07-29T10:55:00,2026-07-29T01:55:00,90,0.7406,0.7406,0.0,동
2026-07-29T10:56:00,2026-07-29T01:56:00,90,0.7418,0.7418,0.0,동
2026-07-29T10:57:00,2026-07-29T01:57:00,90,0.7429,0.7429,0.0,동
2026-07-29T10:58:00,2026-07-29T01:58:00,90,0.744,0.744,0.0,동
2026-07-29T10:59:00,2026-07-29T01:59:00,90,0.745,0.745,0.0,동
2026-07-29T11:00:00,2026-07-29T02:00:00,90,0.7461,0.7461,0.0,동
2026-07-29T11:01:00,2026-07-29T02:01:00,90,0.7471,0.7471,0.0,동
2026-07-29T11:02:00,2026-07-29T02:02:00,90,0.7481,0.7481,0.0,동
2026-07-29T11:03:00,2026-07-29T02:03:00,90,0.7491,0.7491,0.0,동
2026-07-29T11:04:00,2026-07-29T02:04:00,90,0.7501,0.7501,0.0,동
2026-07-29T11:05:00,2026-07-29T02:05:00,90,0.751,0.751,0.0,동
2026-07-29T11:06:00,2026-07-29T02:06:00,90,0.752,0.752,0.0,동
2026-07-29T11:07:00,2026-07-29T02:07:00,90,0.7529,0.7529,0.0,동
2026-07-29T11:08:00,2026-07-29T02:08:00,90,0.7538,0.7538,0.0,동
2026-07-29T11:09:00,2026-07-29T02:09:00,90,0.7547,0.7547,0.0,동
2026-07-29T11:10:00,2026-07-29T02:10:00,90,0.7556,0.7556,0.0,동
2026-07-29T11:11:00,2026-07-29T02:11:00,90,0.7565,0.7565,0.0,동
2026-07-29T11:12:00,2026-07-29T02:12:00,90,0.7574,0.7574,0.0,동
2026-07-29T11:13:00,2026-07-29T02:13:00,90,0.7582,0.7582,0.0,동
2026-07-29T11:14:00,2026-07-29T02:14:00,90,0.759,0.759,0.0,동
2026-07-29T11:15:00,2026-07-29T02:15:00,90,0.7599,0.7599,0.0,동
2026-07-29T11:16:00,2026-07-29T02:16:00,90,0.7607,0.7607,0.0,동
2026-07-29T11:17:00,2026-07-29T02:17:00,90,0.7615,0.7615,0.0,동
2026-07-29T11:18:00,2026-07-29T02:18:00,90,0.7623,0.7623,0.0,동
2026-07-29T11:19:00,2026-07-29T02:19:00,90,0.7631,0.7631,0.0,동
2026-07-29T11:20:00,2026-07-29T02:20:00,90,0.7639,0.7639,0.0,동
2026-07-29T11:21:00,2026-07-29T02:21:00,90,0.7647,0.7647,0.0,동
2026-07-29T11:22:00,2026-07-29T02:22:00,90,0.7654,0.7654,0.0,동
2026-07-29T11:23:00,2026-07-29T02:23:00,90,0.7662,0.7662,0.0,동
2026-07-29T11:24:00,2026-07-29T02:24:00,90,0.767,0.767,0.0,동
2026-07-29T11:25:00,2026-07-29T02:25:00,90,0.7677,0.7677,0.0,동
2026-07-29T11:26:00,2026-07-29T02:26:00,90,0.7685,0.7685,0.0,동
2026-07-29T11:27:00,2026-07-29T02:27:00,90,0.7692,0.7692,0.0,동
2026-07-29T11:28:00,2026-07-29T02:28:00,90,0.7699,0.7699,0.0,동
2026-07-29T11:29:00,2026-07-29T02:29:00,90,0.7707,0.7707,0.0,동
2026-07-29T11:30:00,2026-07-29T02:30:00,90,0.7714,0.7714,0.0,동
2026-07-29T11:31:00,2026-07-29T02:31:00,90,0.7721,0.7721,0.0,동
2026-07-29T11:32:00,2026-07-29T02:32:00,90,0.7728,0.7728,0.0,동
2026-07-29T11:33:00,2026-07-29T02:33:00,90,0.7735,0.7735,0.0,동
2026-07-29T11:34:00,2026-07-29T02:34:00,90,0.7742,0.7742,0.0,동
2026-07-29T11:35:00,2026-07-29T02:35:00,90,0.7749,0.7749,0.0,동
2026-07-29T11:36:00,2026-07-29T02:36:00,90,0.7756,0.7756,0.0,동
2026-07-29T11:37:00,2026-07-29T02:37:00,90,0.7763,0.7763,0.0,동
2026-07-29T11:38:00,2026-07-29T02:38:00,90,0.777,0.777,0.0,동
2026-07-29T11:39:00,2026-07-29T02:39:00,90,0.7777,0.7777,0.0,동
2026-07-29T11:40:00,2026-07-29T02:40:00,90,0.7784,0.7784,0.0,동
2026-07-29T11:41:00,2026-07-29T02:41:00,90,0.779,0.779,0.0,동
2026-07-29T11:42:00,2026-07-29T02:42:00,90,0.7797,0.7797,0.0,동
2026-07-29T11:43:00,2026-07-29T02:43:00,90,0.7804,0.7804,0.0,동
2026-07-29T11:44:00,2026-07-29T02:44:00,90,0.781,0.781,0.0,동
2026-07-29T11:45:00,2026-07-29T02:45:00,90,0.7816,0.7816,0.0,동
2026-07-29T11:46:00,2026-07-29T02:46:00,67.5,0.7823,0.7228,0.2994,동북동
2026-07-29T11:47:00,2026-07-29T02:47:00,67.5,0.7829,0.7233,0.2996,동북동
2026-07-29T11:48:00,2026-07-29T02:48:00,67.5,0.7835,0.7239,0.2998,동북동
2026-07-29T11:49:00,2026-07-29T02:49:00,67.5,0.7841,0.7244,0.3001,동북동
2026-07-29T11:50:00,2026-07-29T02:50:00,67.5,0.7847,0.725,0.3003,동북동
2026-07-29T11:51:00,2026-07-29T02:51:00,67.5,0.7853,0.7255,0.3005,동북동
2026-07-29T11:52:00,2026-07-29T02:52:00,67.5,0.7859,0.7261,0.3008,동북동
2026-07-29T11:53:00,2026-07-29T02:53:00,67.5,0.7865,0.7266,0.301,동북동
2026-07-29T11:54:00,2026-07-29T02:54:00,67.5,0.787,0.7271,0.3012,동북동
2026-07-29T11:55:00,2026-07-29T02:55:00,67.5,0.7876,0.7276,0.3014,동북동
2026-07-29T11:56:00,2026-07-29T02:56:00,67.5,0.7881,0.7281,0.3016,동북동
2026-07-29T11:57:00,2026-07-29T02:57:00,67.5,0.7887,0.7287,0.3018,동북동
2026-07-29T11:58:00,2026-07-29T02:58:00,67.5,0.7892,0.7291,0.302,동북동
2026-07-29T11:59:00,2026-07-29T02:59:00,67.5,0.7897,0.7296,0.3022,동북동
2026-07-29T12:00:00,2026-07-29T03:00:00,67.5,0.7901,0.73,0.3024,동북동
2026-07-29T12:01:00,2026-07-29T03:01:00,67.5,0.7906,0.7304,0.3025,동북동
2026-07-29T12:02:00,2026-07-29T03:02:00,67.5,0.7911,0.7309,0.3027,동북동
2026-07-29T12:03:00,2026-07-29T03:03:00,67.5,0.7915,0.7313,0.3029,동북동
2026-07-29T12:04:00,2026-07-29T03:04:00,67.5,0.7919,0.7316,0.303,동북동
2026-07-29T12:05:00,2026-07-29T03:05:00,67.5,0.7923,0.732,0.3032,동북동
2026-07-29T12:06:00,2026-07-29T03:06:00,67.5,0.7927,0.7324,0.3034,동북동
2026-07-29T12:07:00,2026-07-29T03:07:00,67.5,0.793,0.7326,0.3035,동북동
2026-07-29T12:08:00,2026-07-29T03:08:00,67.5,0.7934,0.733,0.3036,동북동
2026-07-29T12:09:00,2026-07-29T03:09:00,67.5,0.7937,0.7333,0.3037,동북동
2026-07-29T12:10:00,2026-07-29T03:10:00,67.5,0.794,0.7336,0.3039,동북동
2026-07-29T12:11:00,2026-07-29T03:11:00,67.5,0.7942,0.7337,0.3039,동북동
2026-07-29T12:12:00,2026-07-29T03:12:00,67.5,0.7945,0.734,0.304,동북동
2026-07-29T12:13:00,2026-07-29T03:13:00,67.5,0.7947,0.7342,0.3041,동북동
2026-07-29T12:14:00,2026-07-29T03:14:00,67.5,0.7949,0.7344,0.3042,동북동
2026-07-29T12:15:00,2026-07-29T03:15:00,67.5,0.7951,0.7346,0.3043,동북동
2026-07-29T12:16:00,2026-07-29T03:16:00,67.5,0.7952,0.7347,0.3043,동북동
2026-07-29T12:17:00,2026-07-29T03:17:00,67.5,0.7953,0.7348,0.3043,동북동
2026-07-29T12:18:00,2026-07-29T03:18:00,67.5,0.7954,0.7349,0.3044,동북동
2026-07-29T12:19:00,2026-07-29T03:19:00,67.5,0.7954,0.7349,0.3044,동북동
2026-07-29T12:20:00,2026-07-29T03:20:00,67.5,0.7954,0.7349,0.3044,동북동
2026-07-29T12:21:00,2026-07-29T03:21:00,67.5,0.7954,0.7349,0.3044,동북동
2026-07-29T12:22:00,2026-07-29T03:22:00,67.5,0.7954,0.7349,0.3044,동북동
2026-07-29T12:23:00,2026-07-29T03:23:00,67.5,0.7953,0.7348,0.3043,동북동
2026-07-29T12:24:00,2026-07-29T03:24:00,67.5,0.7952,0.7347,0.3043,동북동
2026-07-29T12:25:00,2026-07-29T03:25:00,67.5,0.795,0.7345,0.3042,동북동
2026-07-29T12:26:00,2026-07-29T03:26:00,67.5,0.7948,0.7343,0.3042,동북동
2026-07-29T12:27:00,2026-07-29T03:27:00,67.5,0.7946,0.7341,0.3041,동북동
2026-07-29T12:28:00,2026-07-29T03:28:00,67.5,0.7943,0.7338,0.304,동북동
2026-07-29T12:29:00,2026-07-29T03:29:00,67.5,0.794,0.7336,0.3039,동북동
2026-07-29T12:30:00,2026-07-29T03:30:00,67.5,0.7937,0.7333,0.3037,동북동
2026-07-29T12:31:00,2026-07-29T03:31:00,67.5,0.7933,0.7329,0.3036,동북동
2026-07-29T12:32:00,2026-07-29T03:32:00,67.5,0.7929,0.7325,0.3034,동북동
2026-07-29T12:33:00,2026-07-29T03:33:00,67.5,0.7924,0.7321,0.3032,동북동
2026-07-29T12:34:00,2026-07-29T03:34:00,67.5,0.7919,0.7316,0.303,동북동
2026-07-29T12:35:00,2026-07-29T03:35:00,67.5,0.7913,0.7311,0.3028,동북동
2026-07-29T12:36:00,2026-07-29T03:36:00,67.5,0.7907,0.7305,0.3026,동북동
2026-07-29T12:37:00,2026-07-29T03:37:00,67.5,0.7901,0.73,0.3024,동북동
2026-07-29T12:38:00,2026-07-29T03:38:00,67.5,0.7894,0.7293,0.3021,동북동
2026-07-29T12:39:00,2026-07-29T03:39:00,67.5,0.7887,0.7287,0.3018,동북동
2026-07-29T12:40:00,2026-07-29T03:40:00,67.5,0.7879,0.7279,0.3015,동북동
2026-07-29T12:41:00,2026-07-29T03:41:00,67.5,0.7871,0.7272,0.3012,동북동
2026-07-29T12:42:00,2026-07-29T03:42:00,67.5,0.7862,0.7264,0.3009,동북동
2026-07-29T12:43:00,2026-07-29T03:43:00,67.5,0.7853,0.7255,0.3005,동북동
2026-07-29T12:44:00,2026-07-29T03:44:00,67.5,0.7843,0.7246,0.3001,동북동
2026-07-29T12:45:00,2026-07-29T03:45:00,67.5,0.7833,0.7237,0.2998,동북동
2026-07-29T12:46:00,2026-07-29T03:46:00,67.5,0.7822,0.7227,0.2993,동북동
2026-07-29T12:47:00,2026-07-29T03:47:00,67.5,0.7811,0.7216,0.2989,동북동
2026-07-29T12:48:00,2026-07-29T03:48:00,67.5,0.78,0.7206,0.2985,동북동
2026-07-29T12:49:00,2026-07-29T03:49:00,67.5,0.7787,0.7194,0.298,동북동
2026-07-29T12:50:00,2026-07-29T03:50:00,67.5,0.7775,0.7183,0.2975,동북동
2026-07-29T12:51:00,2026-07-29T03:51:00,67.5,0.7762,0.7171,0.297,동북동
2026-07-29T12:52:00,2026-07-29T03:52:00,67.5,0.7748,0.7158,0.2965,동북동
2026-07-29T12:53:00,2026-07-29T03:53:00,67.5,0.7734,0.7145,0.296,동북동
2026-07-29T12:54:00,2026-07-29T03:54:00,67.5,0.7719,0.7131,0.2954,동북동
2026-07-29T12:55:00,2026-07-29T03:55:00,67.5,0.7704,0.7118,0.2948,동북동
2026-07-29T12:56:00,2026-07-29T03:56:00,67.5,0.7688,0.7103,0.2942,동북동
2026-07-29T12:57:00,2026-07-29T03:57:00,67.5,0.7672,0.7088,0.2936,동북동
2026-07-29T12:58:00,2026-07-29T03:58:00,67.5,0.7655,0.7072,0.2929,동북동
2026-07-29T12:59:00,2026-07-29T03:59:00,67.5,0.7638,0.7057,0.2923,동북동
2026-07-29T13:00:00,2026-07-29T04:00:00,67.5,0.762,0.704,0.2916,동북동
2026-07-29T13:01:00,2026-07-29T04:01:00,67.5,0.7602,0.7023,0.2909,동북동
2026-07-29T13:02:00,2026-07-29T04:02:00,67.5,0.7583,0.7006,0.2902,동북동
2026-07-29T13:03:00,2026-07-29T04:03:00,67.5,0.7564,0.6988,0.2895,동북동
2026-07-29T13:04:00,2026-07-29T04:04:00,67.5,0.7544,0.697,0.2887,동북동
2026-07-29T13:05:00,2026-07-29T04:05:00,67.5,0.7523,0.695,0.2879,동북동
2026-07-29T13:06:00,2026-07-29T04:06:00,67.5,0.7502,0.6931,0.2871,동북동
2026-07-29T13:07:00,2026-07-29T04:07:00,67.5,0.7481,0.6912,0.2863,동북동
2026-07-29T13:08:00,2026-07-29T04:08:00,67.5,0.7459,0.6891,0.2854,동북동
2026-07-29T13:09:00,2026-07-29T04:09:00,67.5,0.7436,0.687,0.2846,동북동
2026-07-29T13:10:00,2026-07-29T04:10:00,67.5,0.7413,0.6849,0.2837,동북동
2026-07-29T13:11:00,2026-07-29T04:11:00,67.5,0.739,0.6827,0.2828,동북동
2026-07-29T13:12:00,2026-07-29T04:12:00,67.5,0.7366,0.6805,0.2819,동북동
2026-07-29T13:13:00,2026-07-29T04:13:00,67.5,0.7341,0.6782,0.2809,동북동
2026-07-29T13:14:00,2026-07-29T04:14:00,67.5,0.7316,0.6759,0.28,동북동
2026-07-29T13:15:00,2026-07-29T04:15:00,67.5,0.7291,0.6736,0.279,동북동
2026-07-29T13:16:00,2026-07-29T04:16:00,67.5,0.7265,0.6712,0.278,동북동
2026-07-29T13:17:00,2026-07-29T04:17:00,67.5,0.7238,0.6687,0.277,동북동
2026-07-29T13:18:00,2026-07-29T04:18:00,67.5,0.7211,0.6662,0.276,동북동
2026-07-29T13:19:00,2026-07-29T04:19:00,67.5,0.7184,0.6637,0.2749,동북동
2026-07-29T13:20:00,2026-07-29T04:20:00,67.5,0.7156,0.6611,0.2738,동북동
2026-07-29T13:21:00,2026-07-29T04:21:00,67.5,0.7128,0.6585,0.2728,동북동
2026-07-29T13:22:00,2026-07-29T04:22:00,67.5,0.7099,0.6559,0.2717,동북동
2026-07-29T13:23:00,2026-07-29T04:23:00,67.5,0.7069,0.6531,0.2705,동북동
2026-07-29T13:24:00,2026-07-29T04:24:00,45,0.704,0.4978,0.4978,북동
2026-07-29T13:25:00,2026-07-29T04:25:00,45,0.7009,0.4956,0.4956,북동
2026-07-29T13:26:00,2026-07-29T04:26:00,45,0.6979,0.4935,0.4935,북동
2026-07-29T13:27:00,2026-07-29T04:27:00,45,0.6948,0.4913,0.4913,북동
2026-07-29T13:28:00,2026-07-29T04:28:00,45,0.6916,0.489,0.489,북동
2026-07-29T13:29:00,2026-07-29T04:29:00,45,0.6884,0.4868,0.4868,북동
2026-07-29T13:30:00,2026-07-29T04:30:00,45,0.6852,0.4845,0.4845,북동
2026-07-29T13:31:00,2026-07-29T04:31:00,45,0.6819,0.4822,0.4822,북동
2026-07-29T13:32:00,2026-07-29T04:32:00,45,0.6786,0.4798,0.4798,북동
2026-07-29T13:33:00,2026-07-29T04:33:00,45,0.6753,0.4775,0.4775,북동
2026-07-29T13:34:00,2026-07-29T04:34:00,45,0.6719,0.4751,0.4751,북동
2026-07-29T13:35:00,2026-07-29T04:35:00,45,0.6684,0.4726,0.4726,북동
2026-07-29T13:36:00,2026-07-29T04:36:00,45,0.665,0.4702,0.4702,북동
2026-07-29T13:37:00,2026-07-29T04:37:00,45,0.6615,0.4678,0.4678,북동
2026-07-29T13:38:00,2026-07-29T04:38:00,45,0.6579,0.4652,0.4652,북동
2026-07-29T13:39:00,2026-07-29T04:39:00,45,0.6544,0.4627,0.4627,북동
2026-07-29T13:40:00,2026-07-29T04:40:00,45,0.6508,0.4602,0.4602,북동
2026-07-29T13:41:00,2026-07-29T04:41:00,45,0.6471,0.4576,0.4576,북동
2026-07-29T13:42:00,2026-07-29T04:42:00,45,0.6435,0.455,0.455,북동
2026-07-29T13:43:00,2026-07-29T04:43:00,45,0.6398,0.4524,0.4524,북동
2026-07-29T13:44:00,2026-07-29T04:44:00,45,0.6361,0.4498,0.4498,북동
2026-07-29T13:45:00,2026-07-29T04:45:00,45,0.6323,0.4471,0.4471,북동
2026-07-29T13:46:00,2026-07-29T04:46:00,45,0.6285,0.4444,0.4444,북동
2026-07-29T13:47:00,2026-07-29T04:47:00,45,0.6247,0.4417,0.4417,북동
2026-07-29T13:48:00,2026-07-29T04:48:00,45,0.6209,0.439,0.439,북동
2026-07-29T13:49:00,2026-07-29T04:49:00,45,0.617,0.4363,0.4363,북동
2026-07-29T13:50:00,2026-07-29T04:50:00,45,0.6132,0.4336,0.4336,북동
2026-07-29T13:51:00,2026-07-29T04:51:00,45,0.6093,0.4308,0.4308,북동
2026-07-29T13:52:00,2026-07-29T04:52:00,45,0.6053,0.428,0.428,북동
2026-07-29T13:53:00,2026-07-29T04:53:00,45,0.6014,0.4253,0.4253,북동
2026-07-29T13:54:00,2026-07-29T04:54:00,45,0.5974,0.4224,0.4224,북동
2026-07-29T13:55:00,2026-07-29T04:55:00,45,0.5934,0.4196,0.4196,북동
2026-07-29T13:56:00,2026-07-29T04:56:00,45,0.5894,0.4168,0.4168,북동
2026-07-29T13:57:00,2026-07-29T04:57:00,45,0.5854,0.4139,0.4139,북동
2026-07-29T13:58:00,2026-07-29T04:58:00,45,0.5814,0.4111,0.4111,북동
2026-07-29T13:59:00,2026-07-29T04:59:00,45,0.5773,0.4082,0.4082,북동
2026-07-29T14:00:00,2026-07-29T05:00:00,45,0.5733,0.4054,0.4054,북동
2026-07-29T14:01:00,2026-07-29T05:01:00,45,0.5692,0.4025,0.4025,북동
2026-07-29T14:02:00,2026-07-29T05:02:00,45,0.5651,0.3996,0.3996,북동
2026-07-29T14:03:00,2026-07-29T05:03:00,45,0.561,0.3967,0.3967,북동
2026-07-29T14:04:00,2026-07-29T05:04:00,45,0.5569,0.3938,0.3938,북동
2026-07-29T14:05:00,2026-07-29T05:05:00,45,0.5528,0.3909,0.3909,북동
2026-07-29T14:06:00,2026-07-29T05:06:00,45,0.5487,0.388,0.388,북동
2026-07-29T14:07:00,2026-07-29T05:07:00,45,0.5446,0.3851,0.3851,북동
2026-07-29T14:08:00,2026-07-29T05:08:00,45,0.5404,0.3821,0.3821,북동
2026-07-29T14:09:00,2026-07-29T05:09:00,45,0.5363,0.3792,0.3792,북동
2026-07-29T14:10:00,2026-07-29T05:10:00,45,0.5321,0.3763,0.3763,북동
2026-07-29T14:11:00,2026-07-29T05:11:00,45,0.528,0.3734,0.3734,북동
2026-07-29T14:12:00,2026-07-29T05:12:00,45,0.5238,0.3704,0.3704,북동
2026-07-29T14:13:00,2026-07-29T05:13:00,45,0.5197,0.3675,0.3675,북동
2026-07-29T14:14:00,2026-07-29T05:14:00,45,0.5155,0.3645,0.3645,북동
2026-07-29T14:15:00,2026-07-29T05:15:00,45,0.5114,0.3616,0.3616,북동
2026-07-29T14:16:00,2026-07-29T05:16:00,45,0.5072,0.3586,0.3586,북동
2026-07-29T14:17:00,2026-07-29T05:17:00,45,0.5031,0.3557,0.3557,북동
2026-07-29T14:18:00,2026-07-29T05:18:00,45,0.499,0.3528,0.3528,북동
2026-07-29T14:19:00,2026-07-29T05:19:00,45,0.4948,0.3499,0.3499,북동
2026-07-29T14:20:00,2026-07-29T05:20:00,45,0.4907,0.347,0.347,북동
2026-07-29T14:21:00,2026-07-29T05:21:00,45,0.4866,0.3441,0.3441,북동
2026-07-29T14:22:00,2026-07-29T05:22:00,45,0.4824,0.3411,0.3411,북동
2026-07-29T14:23:00,2026-07-29T05:23:00,45,0.4783,0.3382,0.3382,북동
2026-07-29T14:24:00,2026-07-29T05:24:00,45,0.4742,0.3353,0.3353,북동
2026-07-29T14:25:00,2026-07-29T05:25:00,45,0.4701,0.3324,0.3324,북동
2026-07-29T14:26:00,2026-07-29T05:26:00,45,0.466,0.3295,0.3295,북동
2026-07-29T14:27:00,2026-07-29T05:27:00,45,0.462,0.3267,0.3267,북동
2026-07-29T14:28:00,2026-07-29T05:28:00,45,0.4579,0.3238,0.3238,북동
2026-07-29T14:29:00,2026-07-29T05:29:00,45,0.4539,0.321,0.321,북동
2026-07-29T14:30:00,2026-07-29T05:30:00,45,0.4498,0.3181,0.3181,북동
2026-07-29T14:31:00,2026-07-29T05:31:00,45,0.4458,0.3152,0.3152,북동
2026-07-29T14:32:00,2026-07-29T05:32:00,45,0.4418,0.3124,0.3124,북동
2026-07-29T14:33:00,2026-07-29T05:33:00,45,0.4378,0.3096,0.3096,북동
2026-07-29T14:34:00,2026-07-29T05:34:00,45,0.4338,0.3067,0.3067,북동
2026-07-29T14:35:00,2026-07-29T05:35:00,45,0.4298,0.3039,0.3039,북동
2026-07-29T14:36:00,2026-07-29T05:36:00,45,0.4259,0.3012,0.3012,북동
2026-07-29T14:37:00,2026-07-29T05:37:00,45,0.422,0.2984,0.2984,북동
2026-07-29T14:38:00,2026-07-29T05:38:00,45,0.4181,0.2956,0.2956,북동
2026-07-29T14:39:00,2026-07-29T05:39:00,45,0.4142,0.2929,0.2929,북동
2026-07-29T14:40:00,2026-07-29T05:40:00,45,0.4103,0.2901,0.2901,북동
2026-07-29T14:41:00,2026-07-29T05:41:00,45,0.4064,0.2874,0.2874,북동
2026-07-29T14:42:00,2026-07-29T05:42:00,45,0.4026,0.2847,0.2847,북동
2026-07-29T14:43:00,2026-07-29T05:43:00,45,0.3988,0.282,0.282,북동
2026-07-29T14:44:00,2026-07-29T05:44:00,45,0.395,0.2793,0.2793,북동
2026-07-29T14:45:00,2026-07-29T05:45:00,45,0.3912,0.2766,0.2766,북동
2026-07-29T14:46:00,2026-07-29T05:46:00,45,0.3875,0.274,0.274,북동
2026-07-29T14:47:00,2026-07-29T05:47:00,45,0.3838,0.2714,0.2714,북동
2026-07-29T14:48:00,2026-07-29T05:48:00,45,0.3801,0.2688,0.2688,북동
2026-07-29T14:49:00,2026-07-29T05:49:00,45,0.3764,0.2662,0.2662,북동
2026-07-29T14:50:00,2026-07-29T05:50:00,45,0.3727,0.2635,0.2635,북동
2026-07-29T14:51:00,2026-07-29T05:51:00,45,0.3691,0.261,0.261,북동
2026-07-29T14:52:00,2026-07-29T05:52:00,45,0.3655,0.2584,0.2584,북동
2026-07-29T14:53:00,2026-07-29T05:53:00,45,0.3619,0.2559,0.2559,북동
2026-07-29T14:54:00,2026-07-29T05:54:00,45,0.3583,0.2534,0.2534,북동
2026-07-29T14:55:00,2026-07-29T05:55:00,45,0.3548,0.2509,0.2509,북동
2026-07-29T14:56:00,2026-07-29T05:56:00,45,0.3513,0.2484,0.2484,북동
2026-07-29T14:57:00,2026-07-29T05:57:00,45,0.3478,0.2459,0.2459,북동
2026-07-29T14:58:00,2026-07-29T05:58:00,45,0.3444,0.2435,0.2435,북동
2026-07-29T14:59:00,2026-07-29T05:59:00,45,0.3409,0.2411,0.2411,북동
2026-07-29T15:00:00,2026-07-29T06:00:00,45,0.3375,0.2386,0.2386,북동
2026-07-29T15:01:00,2026-07-29T06:01:00,45,0.3341,0.2362,0.2362,북동
2026-07-29T15:02:00,2026-07-29T06:02:00,45,0.3308,0.2339,0.2339,북동
2026-07-29T15:03:00,2026-07-29T06:03:00,22.5,0.3275,0.1253,0.3026,북북동
2026-07-29T15:04:00,2026-07-29T06:04:00,22.5,0.3242,0.1241,0.2995,북북동
2026-07-29T15:05:00,2026-07-29T06:05:00,22.5,0.3209,0.1228,0.2965,북북동
2026-07-29T15:06:00,2026-07-29T06:06:00,22.5,0.3176,0.1215,0.2934,북북동
2026-07-29T15:07:00,2026-07-29T06:07:00,22.5,0.3144,0.1203,0.2905,북북동
2026-07-29T15:08:00,2026-07-29T06:08:00,22.5,0.3112,0.1191,0.2875,북북동
2026-07-29T15:09:00,2026-07-29T06:09:00,22.5,0.3081,0.1179,0.2846,북북동
2026-07-29T15:10:00,2026-07-29T06:10:00,22.5,0.3049,0.1167,0.2817,북북동
2026-07-29T15:11:00,2026-07-29T06:11:00,22.5,0.3018,0.1155,0.2788,북북동
2026-07-29T15:12:00,2026-07-29T06:12:00,22.5,0.2987,0.1143,0.276,북북동
2026-07-29T15:13:00,2026-07-29T06:13:00,22.5,0.2957,0.1132,0.2732,북북동
2026-07-29T15:14:00,2026-07-29T06:14:00,22.5,0.2926,0.112,0.2703,북북동
2026-07-29T15:15:00,2026-07-29T06:15:00,22.5,0.2896,0.1108,0.2676,북북동
2026-07-29T15:16:00,2026-07-29T06:16:00,22.5,0.2867,0.1097,0.2649,북북동
2026-07-29T15:17:00,2026-07-29T06:17:00,22.5,0.2837,0.1086,0.2621,북북동
2026-07-29T15:18:00,2026-07-29T06:18:00,22.5,0.2808,0.1075,0.2594,북북동
2026-07-29T15:19:00,2026-07-29T06:19:00,22.5,0.2779,0.1063,0.2567,북북동
2026-07-29T15:20:00,2026-07-29T06:20:00,22.5,0.2751,0.1053,0.2542,북북동
2026-07-29T15:21:00,2026-07-29T06:21:00,22.5,0.2722,0.1042,0.2515,북북동
2026-07-29T15:22:00,2026-07-29T06:22:00,22.5,0.2694,0.1031,0.2489,북북동
2026-07-29T15:23:00,2026-07-29T06:23:00,22.5,0.2666,0.102,0.2463,북북동
2026-07-29T15:24:00,2026-07-29T06:24:00,22.5,0.2639,0.101,0.2438,북북동
2026-07-29T15:25:00,2026-07-29T06:25:00,22.5,0.2612,0.1,0.2413,북북동
2026-07-29T15:26:00,2026-07-29T06:26:00,22.5,0.2585,0.0989,0.2388,북북동
2026-07-29T15:27:00,2026-07-29T06:27:00,22.5,0.2558,0.0979,0.2363,북북동
2026-07-29T15:28:00,2026-07-29T06:28:00,22.5,0.2532,0.0969,0.2339,북북동
2026-07-29T15:29:00,2026-07-29T06:29:00,22.5,0.2506,0.0959,0.2315,북북동
2026-07-29T15:30:00,2026-07-29T06:30:00,22.5,0.248,0.0949,0.2291,북북동
2026-07-29T15:31:00,2026-07-29T06:31:00,22.5,0.2455,0.0939,0.2268,북북동
2026-07-29T15:32:00,2026-07-29T06:32:00,22.5,0.243,0.093,0.2245,북북동
2026-07-29T15:33:00,2026-07-29T06:33:00,22.5,0.2405,0.092,0.2222,북북동
2026-07-29T15:34:00,2026-07-29T06:34:00,22.5,0.238,0.0911,0.2199,북북동
2026-07-29T15:35:00,2026-07-29T06:35:00,22.5,0.2356,0.0902,0.2177,북북동
2026-07-29T15:36:00,2026-07-29T06:36:00,22.5,0.2332,0.0892,0.2154,북북동
2026-07-29T15:37:00,2026-07-29T06:37:00,22.5,0.2309,0.0884,0.2133,북북동
2026-07-29T15:38:00,2026-07-29T06:38:00,22.5,0.2285,0.0874,0.2111,북북동
2026-07-29T15:39:00,2026-07-29T06:39:00,22.5,0.2262,0.0866,0.209,북북동
2026-07-29T15:40:00,2026-07-29T06:40:00,22.5,0.224,0.0857,0.2069,북북동
2026-07-29T15:41:00,2026-07-29T06:41:00,22.5,0.2218,0.0849,0.2049,북북동
2026-07-29T15:42:00,2026-07-29T06:42:00,0,0.2196,0.0,0.2196,북
2026-07-29T15:43:00,2026-07-29T06:43:00,0,0.2174,0.0,0.2174,북
2026-07-29T15:44:00,2026-07-29T06:44:00,0,0.2153,0.0,0.2153,북
2026-07-29T15:45:00,2026-07-29T06:45:00,0,0.2132,0.0,0.2132,북
2026-07-29T15:46:00,2026-07-29T06:46:00,0,0.2112,0.0,0.2112,북
2026-07-29T15:47:00,2026-07-29T06:47:00,0,0.2092,0.0,0.2092,북
2026-07-29T15:48:00,2026-07-29T06:48:00,0,0.2072,0.0,0.2072,북
2026-07-29T15:49:00,2026-07-29T06:49:00,0,0.2053,0.0,0.2053,북
2026-07-29T15:50:00,2026-07-29T06:50:00,0,0.2034,0.0,0.2034,북
2026-07-29T15:51:00,2026-07-29T06:51:00,0,0.2016,0.0,0.2016,북
2026-07-29T15:52:00,2026-07-29T06:52:00,0,0.1998,0.0,0.1998,북
2026-07-29T15:53:00,2026-07-29T06:53:00,0,0.1981,0.0,0.1981,북
2026-07-29T15:54:00,2026-07-29T06:54:00,0,0.1964,0.0,0.1964,북
2026-07-29T15:55:00,2026-07-29T06:55:00,0,0.1947,0.0,0.1947,북
2026-07-29T15:56:00,2026-07-29T06:56:00,0,0.1932,0.0,0.1932,북
2026-07-29T15:57:00,2026-07-29T06:57:00,0,0.1916,0.0,0.1916,북
2026-07-29T15:58:00,2026-07-29T06:58:00,0,0.1901,0.0,0.1901,북
2026-07-29T15:59:00,2026-07-29T06:59:00,0,0.1887,0.0,0.1887,북
2026-07-29T16:00:00,2026-07-29T07:00:00,0,0.1874,0.0,0.1874,북
2026-07-29T16:01:00,2026-07-29T07:01:00,0,0.1861,0.0,0.1861,북
2026-07-29T16:02:00,2026-07-29T07:02:00,0,0.1848,0.0,0.1848,북
2026-07-29T16:03:00,2026-07-29T07:03:00,0,0.1836,0.0,0.1836,북
2026-07-29T16:04:00,2026-07-29T07:04:00,337.5,0.1825,-0.0698,0.1686,북북서
2026-07-29T16:05:00,2026-07-29T07:05:00,337.5,0.1815,-0.0695,0.1677,북북서
2026-07-29T16:06:00,2026-07-29T07:06:00,337.5,0.1805,-0.0691,0.1668,북북서
2026-07-29T16:07:00,2026-07-29T07:07:00,337.5,0.1797,-0.0688,0.166,북북서
2026-07-29T16:08:00,2026-07-29T07:08:00,337.5,0.1788,-0.0684,0.1652,북북서
2026-07-29T16:09:00,2026-07-29T07:09:00,337.5,0.1781,-0.0682,0.1645,북북서
2026-07-29T16:10:00,2026-07-29T07:10:00,337.5,0.1774,-0.0679,0.1639,북북서
2026-07-29T16:11:00,2026-07-29T07:11:00,337.5,0.1769,-0.0677,0.1634,북북서
2026-07-29T16:12:00,2026-07-29T07:12:00,337.5,0.1764,-0.0675,0.163,북북서
2026-07-29T16:13:00,2026-07-29T07:13:00,337.5,0.176,-0.0674,0.1626,북북서
2026-07-29T16:14:00,2026-07-29T07:14:00,337.5,0.1757,-0.0672,0.1623,북북서
2026-07-29T16:15:00,2026-07-29T07:15:00,337.5,0.1754,-0.0671,0.162,북북서
2026-07-29T16:16:00,2026-07-29T07:16:00,337.5,0.1753,-0.0671,0.162,북북서
2026-07-29T16:17:00,2026-07-29T07:17:00,337.5,0.1753,-0.0671,0.162,북북서
2026-07-29T16:18:00,2026-07-29T07:18:00,337.5,0.1753,-0.0671,0.162,북북서
2026-07-29T16:19:00,2026-07-29T07:19:00,337.5,0.1755,-0.0672,0.1621,북북서
2026-07-29T16:20:00,2026-07-29T07:20:00,337.5,0.1757,-0.0672,0.1623,북북서
2026-07-29T16:21:00,2026-07-29T07:21:00,315,0.1761,-0.1245,0.1245,북서
2026-07-29T16:22:00,2026-07-29T07:22:00,315,0.1765,-0.1248,0.1248,북서
2026-07-29T16:23:00,2026-07-29T07:23:00,315,0.1771,-0.1252,0.1252,북서
2026-07-29T16:24:00,2026-07-29T07:24:00,315,0.1777,-0.1257,0.1257,북서
2026-07-29T16:25:00,2026-07-29T07:25:00,315,0.1785,-0.1262,0.1262,북서
2026-07-29T16:26:00,2026-07-29T07:26:00,315,0.1793,-0.1268,0.1268,북서
2026-07-29T16:27:00,2026-07-29T07:27:00,315,0.1803,-0.1275,0.1275,북서
2026-07-29T16:28:00,2026-07-29T07:28:00,315,0.1814,-0.1283,0.1283,북서
2026-07-29T16:29:00,2026-07-29T07:29:00,315,0.1825,-0.129,0.129,북서
2026-07-29T16:30:00,2026-07-29T07:30:00,315,0.1838,-0.13,0.13,북서
2026-07-29T16:31:00,2026-07-29T07:31:00,315,0.1852,-0.131,0.131,북서
2026-07-29T16:32:00,2026-07-29T07:32:00,315,0.1866,-0.1319,0.1319,북서
2026-07-29T16:33:00,2026-07-29T07:33:00,315,0.1882,-0.1331,0.1331,북서
2026-07-29T16:34:00,2026-07-29T07:34:00,315,0.1899,-0.1343,0.1343,북서
2026-07-29T16:35:00,2026-07-29T07:35:00,315,0.1916,-0.1355,0.1355,북서
2026-07-29T16:36:00,2026-07-29T07:36:00,315,0.1935,-0.1368,0.1368,북서
2026-07-29T16:37:00,2026-07-29T07:37:00,292.5,0.1955,-0.1806,0.0748,서북서
2026-07-29T16:38:00,2026-07-29T07:38:00,292.5,0.1975,-0.1825,0.0756,서북서
2026-07-29T16:39:00,2026-07-29T07:39:00,292.5,0.1997,-0.1845,0.0764,서북서
2026-07-29T16:40:00,2026-07-29T07:40:00,292.5,0.2019,-0.1865,0.0773,서북서
2026-07-29T16:41:00,2026-07-29T07:41:00,292.5,0.2042,-0.1887,0.0781,서북서
2026-07-29T16:42:00,2026-07-29T07:42:00,292.5,0.2066,-0.1909,0.0791,서북서
2026-07-29T16:43:00,2026-07-29T07:43:00,292.5,0.2091,-0.1932,0.08,서북서
2026-07-29T16:44:00,2026-07-29T07:44:00,292.5,0.2117,-0.1956,0.081,서북서
2026-07-29T16:45:00,2026-07-29T07:45:00,292.5,0.2144,-0.1981,0.082,서북서
2026-07-29T16:46:00,2026-07-29T07:46:00,292.5,0.2171,-0.2006,0.0831,서북서
2026-07-29T16:47:00,2026-07-29T07:47:00,292.5,0.2199,-0.2032,0.0842,서북서
2026-07-29T16:48:00,2026-07-29T07:48:00,292.5,0.2228,-0.2058,0.0853,서북서
2026-07-29T16:49:00,2026-07-29T07:49:00,292.5,0.2258,-0.2086,0.0864,서북서
2026-07-29T16:50:00,2026-07-29T07:50:00,292.5,0.2288,-0.2114,0.0876,서북서
2026-07-29T16:51:00,2026-07-29T07:51:00,292.5,0.2319,-0.2142,0.0887,서북서
2026-07-29T16:52:00,2026-07-29T07:52:00,292.5,0.2351,-0.2172,0.09,서북서
2026-07-29T16:53:00,2026-07-29T07:53:00,292.5,0.2383,-0.2202,0.0912,서북서
2026-07-29T16:54:00,2026-07-29T07:54:00,292.5,0.2416,-0.2232,0.0925,서북서
2026-07-29T16:55:00,2026-07-29T07:55:00,292.5,0.2449,-0.2263,0.0937,서북서
2026-07-29T16:56:00,2026-07-29T07:56:00,292.5,0.2483,-0.2294,0.095,서북서
2026-07-29T16:57:00,2026-07-29T07:57:00,292.5,0.2517,-0.2325,0.0963,서북서
2026-07-29T16:58:00,2026-07-29T07:58:00,292.5,0.2552,-0.2358,0.0977,서북서
2026-07-29T16:59:00,2026-07-29T07:59:00,270,0.2588,-0.2588,-0.0,서
2026-07-29T17:00:00,2026-07-29T08:00:00,270,0.2624,-0.2624,-0.0,서
2026-07-29T17:01:00,2026-07-29T08:01:00,270,0.266,-0.266,-0.0,서
2026-07-29T17:02:00,2026-07-29T08:02:00,270,0.2697,-0.2697,-0.0,서
2026-07-29T17:03:00,2026-07-29T08:03:00,270,0.2734,-0.2734,-0.0,서
2026-07-29T17:04:00,2026-07-29T08:04:00,270,0.2772,-0.2772,-0.0,서
2026-07-29T17:05:00,2026-07-29T08:05:00,270,0.2809,-0.2809,-0.0,서
2026-07-29T17:06:00,2026-07-29T08:06:00,270,0.2848,-0.2848,-0.0,서
2026-07-29T17:07:00,2026-07-29T08:07:00,270,0.2886,-0.2886,-0.0,서
2026-07-29T17:08:00,2026-07-29T08:08:00,270,0.2925,-0.2925,-0.0,서
2026-07-29T17:09:00,2026-07-29T08:09:00,270,0.2964,-0.2964,-0.0,서
2026-07-29T17:10:00,2026-07-29T08:10:00,270,0.3003,-0.3003,-0.0,서
2026-07-29T17:11:00,2026-07-29T08:11:00,270,0.3043,-0.3043,-0.0,서
2026-07-29T17:12:00,2026-07-29T08:12:00,270,0.3082,-0.3082,-0.0,서
2026-07-29T17:13:00,2026-07-29T08:13:00,270,0.3122,-0.3122,-0.0,서
2026-07-29T17:14:00,2026-07-29T08:14:00,270,0.3162,-0.3162,-0.0,서
2026-07-29T17:15:00,2026-07-29T08:15:00,270,0.3202,-0.3202,-0.0,서
2026-07-29T17:16:00,2026-07-29T08:16:00,270,0.3242,-0.3242,-0.0,서
2026-07-29T17:17:00,2026-07-29T08:17:00,270,0.3282,-0.3282,-0.0,서
2026-07-29T17:18:00,2026-07-29T08:18:00,270,0.3323,-0.3323,-0.0,서
2026-07-29T17:19:00,2026-07-29T08:19:00,270,0.3363,-0.3363,-0.0,서
2026-07-29T17:20:00,2026-07-29T08:20:00,270,0.3403,-0.3403,-0.0,서
2026-07-29T17:21:00,2026-07-29T08:21:00,270,0.3444,-0.3444,-0.0,서
2026-07-29T17:22:00,2026-07-29T08:22:00,270,0.3484,-0.3484,-0.0,서
2026-07-29T17:23:00,2026-07-29T08:23:00,270,0.3524,-0.3524,-0.0,서
2026-07-29T17:24:00,2026-07-29T08:24:00,270,0.3564,-0.3564,-0.0,서
2026-07-29T17:25:00,2026-07-29T08:25:00,270,0.3605,-0.3605,-0.0,서
2026-07-29T17:26:00,2026-07-29T08:26:00,270,0.3645,-0.3645,-0.0,서
2026-07-29T17:27:00,2026-07-29T08:27:00,270,0.3684,-0.3684,-0.0,서
2026-07-29T17:28:00,2026-07-29T08:28:00,270,0.3724,-0.3724,-0.0,서
2026-07-29T17:29:00,2026-07-29T08:29:00,270,0.3764,-0.3764,-0.0,서
2026-07-29T17:30:00,2026-07-29T08:30:00,270,0.3803,-0.3803,-0.0,서
2026-07-29T17:31:00,2026-07-29T08:31:00,270,0.3842,-0.3842,-0.0,서
2026-07-29T17:32:00,2026-07-29T08:32:00,270,0.3881,-0.3881,-0.0,서
2026-07-29T17:33:00,2026-07-29T08:33:00,270,0.392,-0.392,-0.0,서
2026-07-29T17:34:00,2026-07-29T08:34:00,270,0.3958,-0.3958,-0.0,서
2026-07-29T17:35:00,2026-07-29T08:35:00,270,0.3996,-0.3996,-0.0,서
2026-07-29T17:36:00,2026-07-29T08:36:00,270,0.4034,-0.4034,-0.0,서
2026-07-29T17:37:00,2026-07-29T08:37:00,270,0.4071,-0.4071,-0.0,서
2026-07-29T17:38:00,2026-07-29T08:38:00,270,0.4108,-0.4108,-0.0,서
2026-07-29T17:39:00,2026-07-29T08:39:00,270,0.4145,-0.4145,-0.0,서
2026-07-29T17:40:00,2026-07-29T08:40:00,270,0.4181,-0.4181,-0.0,서
2026-07-29T17:41:00,2026-07-29T08:41:00,270,0.4217,-0.4217,-0.0,서
2026-07-29T17:42:00,2026-07-29T08:42:00,270,0.4252,-0.4252,-0.0,서
2026-07-29T17:43:00,2026-07-29T08:43:00,270,0.4287,-0.4287,-0.0,서
2026-07-29T17:44:00,2026-07-29T08:44:00,270,0.4322,-0.4322,-0.0,서
2026-07-29T17:45:00,2026-07-29T08:45:00,270,0.4356,-0.4356,-0.0,서
2026-07-29T17:46:00,2026-07-29T08:46:00,270,0.439,-0.439,-0.0,서
2026-07-29T17:47:00,2026-07-29T08:47:00,270,0.4423,-0.4423,-0.0,서
2026-07-29T17:48:00,2026-07-29T08:48:00,270,0.4455,-0.4455,-0.0,서
2026-07-29T17:49:00,2026-07-29T08:49:00,270,0.4487,-0.4487,-0.0,서
2026-07-29T17:50:00,2026-07-29T08:50:00,270,0.4518,-0.4518,-0.0,서
2026-07-29T17:51:00,2026-07-29T08:51:00,270,0.4549,-0.4549,-0.0,서
2026-07-29T17:52:00,2026-07-29T08:52:00,270,0.4579,-0.4579,-0.0,서
2026-07-29T17:53:00,2026-07-29T08:53:00,270,0.4609,-0.4609,-0.0,서
2026-07-29T17:54:00,2026-07-29T08:54:00,270,0.4638,-0.4638,-0.0,서
2026-07-29T17:55:00,2026-07-29T08:55:00,270,0.4666,-0.4666,-0.0,서
2026-07-29T17:56:00,2026-07-29T08:56:00,270,0.4693,-0.4693,-0.0,서
2026-07-29T17:57:00,2026-07-29T08:57:00,270,0.472,-0.472,-0.0,서
2026-07-29T17:58:00,2026-07-29T08:58:00,270,0.4746,-0.4746,-0.0,서
2026-07-29T17:59:00,2026-07-29T08:59:00,270,0.4772,-0.4772,-0.0,서
2026-07-29T18:00:00,2026-07-29T09:00:00,270,0.4796,-0.4796,-0.0,서
2026-07-29T18:01:00,2026-07-29T09:01:00,270,0.482,-0.482,-0.0,서
2026-07-29T18:02:00,2026-07-29T09:02:00,270,0.4843,-0.4843,-0.0,서
2026-07-29T18:03:00,2026-07-29T09:03:00,270,0.4866,-0.4866,-0.0,서
2026-07-29T18:04:00,2026-07-29T09:04:00,270,0.4887,-0.4887,-0.0,서
2026-07-29T18:05:00,2026-07-29T09:05:00,270,0.4908,-0.4908,-0.0,서
2026-07-29T18:06:00,2026-07-29T09:06:00,270,0.4928,-0.4928,-0.0,서
2026-07-29T18:07:00,2026-07-29T09:07:00,270,0.4947,-0.4947,-0.0,서
2026-07-29T18:08:00,2026-07-29T09:08:00,270,0.4965,-0.4965,-0.0,서
2026-07-29T18:09:00,2026-07-29T09:09:00,270,0.4982,-0.4982,-0.0,서
2026-07-29T18:10:00,2026-07-29T09:10:00,270,0.4999,-0.4999,-0.0,서
2026-07-29T18:11:00,2026-07-29T09:11:00,270,0.5014,-0.5014,-0.0,서
2026-07-29T18:12:00,2026-07-29T09:12:00,270,0.5029,-0.5029,-0.0,서
2026-07-29T18:13:00,2026-07-29T09:13:00,270,0.5042,-0.5042,-0.0,서
2026-07-29T18:14:00,2026-07-29T09:14:00,270,0.5055,-0.5055,-0.0,서
2026-07-29T18:15:00,2026-07-29T09:15:00,270,0.5067,-0.5067,-0.0,서
2026-07-29T18:16:00,2026-07-29T09:16:00,270,0.5078,-0.5078,-0.0,서
2026-07-29T18:17:00,2026-07-29T09:17:00,270,0.5088,-0.5088,-0.0,서
2026-07-29T18:18:00,2026-07-29T09:18:00,270,0.5097,-0.5097,-0.0,서
2026-07-29T18:19:00,2026-07-29T09:19:00,270,0.5105,-0.5105,-0.0,서
2026-07-29T18:20:00,2026-07-29T09:20:00,270,0.5112,-0.5112,-0.0,서
2026-07-29T18:21:00,2026-07-29T09:21:00,270,0.5118,-0.5118,-0.0,서
2026-07-29T18:22:00,2026-07-29T09:22:00,270,0.5123,-0.5123,-0.0,서
2026-07-29T18:23:00,2026-07-29T09:23:00,270,0.5126,-0.5126,-0.0,서
2026-07-29T18:24:00,2026-07-29T09:24:00,270,0.5129,-0.5129,-0.0,서
2026-07-29T18:25:00,2026-07-29T09:25:00,270,0.5131,-0.5131,-0.0,서
2026-07-29T18:26:00,2026-07-29T09:26:00,270,0.5132,-0.5132,-0.0,서
2026-07-29T18:27:00,2026-07-29T09:27:00,270,0.5132,-0.5132,-0.0,서
2026-07-29T18:28:00,2026-07-29T09:28:00,270,0.513,-0.513,-0.0,서
2026-07-29T18:29:00,2026-07-29T09:29:00,270,0.5128,-0.5128,-0.0,서
2026-07-29T18:30:00,2026-07-29T09:30:00,270,0.5125,-0.5125,-0.0,서
2026-07-29T18:31:00,2026-07-29T09:31:00,270,0.512,-0.512,-0.0,서
2026-07-29T18:32:00,2026-07-29T09:32:00,270,0.5115,-0.5115,-0.0,서
2026-07-29T18:33:00,2026-07-29T09:33:00,270,0.5108,-0.5108,-0.0,서
2026-07-29T18:34:00,2026-07-29T09:34:00,270,0.51,-0.51,-0.0,서
2026-07-29T18:35:00,2026-07-29T09:35:00,270,0.5091,-0.5091,-0.0,서
2026-07-29T18:36:00,2026-07-29T09:36:00,270,0.5081,-0.5081,-0.0,서
2026-07-29T18:37:00,2026-07-29T09:37:00,270,0.507,-0.507,-0.0,서
2026-07-29T18:38:00,2026-07-29T09:38:00,270,0.5058,-0.5058,-0.0,서
2026-07-29T18:39:00,2026-07-29T09:39:00,270,0.5045,-0.5045,-0.0,서
2026-07-29T18:40:00,2026-07-29T09:40:00,270,0.5031,-0.5031,-0.0,서
2026-07-29T18:41:00,2026-07-29T09:41:00,270,0.5015,-0.5015,-0.0,서
2026-07-29T18:42:00,2026-07-29T09:42:00,270,0.4999,-0.4999,-0.0,서
2026-07-29T18:43:00,2026-07-29T09:43:00,270,0.4981,-0.4981,-0.0,서
2026-07-29T18:44:00,2026-07-29T09:44:00,270,0.4963,-0.4963,-0.0,서
2026-07-29T18:45:00,2026-07-29T09:45:00,270,0.4943,-0.4943,-0.0,서
2026-07-29T18:46:00,2026-07-29T09:46:00,270,0.4922,-0.4922,-0.0,서
2026-07-29T18:47:00,2026-07-29T09:47:00,270,0.49,-0.49,-0.0,서
2026-07-29T18:48:00,2026-07-29T09:48:00,270,0.4877,-0.4877,-0.0,서
2026-07-29T18:49:00,2026-07-29T09:49:00,270,0.4853,-0.4853,-0.0,서
2026-07-29T18:50:00,2026-07-29T09:50:00,270,0.4828,-0.4828,-0.0,서
2026-07-29T18:51:00,2026-07-29T09:51:00,270,0.4801,-0.4801,-0.0,서
2026-07-29T18:52:00,2026-07-29T09:52:00,270,0.4774,-0.4774,-0.0,서
2026-07-29T18:53:00,2026-07-29T09:53:00,270,0.4745,-0.4745,-0.0,서
2026-07-29T18:54:00,2026-07-29T09:54:00,270,0.4716,-0.4716,-0.0,서
2026-07-29T18:55:00,2026-07-29T09:55:00,270,0.4685,-0.4685,-0.0,서
2026-07-29T18:56:00,2026-07-29T09:56:00,270,0.4653,-0.4653,-0.0,서
2026-07-29T18:57:00,2026-07-29T09:57:00,270,0.4621,-0.4621,-0.0,서
2026-07-29T18:58:00,2026-07-29T09:58:00,270,0.4587,-0.4587,-0.0,서
2026-07-29T18:59:00,2026-07-29T09:59:00,270,0.4552,-0.4552,-0.0,서
2026-07-29T19:00:00,2026-07-29T10:00:00,270,0.4516,-0.4516,-0.0,서
2026-07-29T19:01:00,2026-07-29T10:01:00,270,0.4479,-0.4479,-0.0,서
2026-07-29T19:02:00,2026-07-29T10:02:00,270,0.4442,-0.4442,-0.0,서
2026-07-29T19:03:00,2026-07-29T10:03:00,270,0.4403,-0.4403,-0.0,서
2026-07-29T19:04:00,2026-07-29T10:04:00,270,0.4363,-0.4363,-0.0,서
2026-07-29T19:05:00,2026-07-29T10:05:00,270,0.4322,-0.4322,-0.0,서
2026-07-29T19:06:00,2026-07-29T10:06:00,270,0.428,-0.428,-0.0,서
2026-07-29T19:07:00,2026-07-29T10:07:00,270,0.4238,-0.4238,-0.0,서
2026-07-29T19:08:00,2026-07-29T10:08:00,270,0.4194,-0.4194,-0.0,서
2026-07-29T19:09:00,2026-07-29T10:09:00,270,0.4149,-0.4149,-0.0,서
2026-07-29T19:10:00,2026-07-29T10:10:00,270,0.4104,-0.4104,-0.0,서
2026-07-29T19:11:00,2026-07-29T10:11:00,270,0.4057,-0.4057,-0.0,서
2026-07-29T19:12:00,2026-07-29T10:12:00,270,0.401,-0.401,-0.0,서
2026-07-29T19:13:00,2026-07-29T10:13:00,270,0.3962,-0.3962,-0.0,서
2026-07-29T19:14:00,2026-07-29T10:14:00,270,0.3913,-0.3913,-0.0,서
2026-07-29T19:15:00,2026-07-29T10:15:00,270,0.3863,-0.3863,-0.0,서
2026-07-29T19:16:00,2026-07-29T10:16:00,270,0.3812,-0.3812,-0.0,서
2026-07-29T19:17:00,2026-07-29T10:17:00,270,0.3761,-0.3761,-0.0,서
2026-07-29T19:18:00,2026-07-29T10:18:00,270,0.3709,-0.3709,-0.0,서
2026-07-29T19:19:00,2026-07-29T10:19:00,270,0.3655,-0.3655,-0.0,서
2026-07-29T19:20:00,2026-07-29T10:20:00,270,0.3602,-0.3602,-0.0,서
2026-07-29T19:21:00,2026-07-29T10:21:00,270,0.3547,-0.3547,-0.0,서
2026-07-29T19:22:00,2026-07-29T10:22:00,270,0.3492,-0.3492,-0.0,서
2026-07-29T19:23:00,2026-07-29T10:23:00,270,0.3436,-0.3436,-0.0,서
2026-07-29T19:24:00,2026-07-29T10:24:00,270,0.338,-0.338,-0.0,서
2026-07-29T19:25:00,2026-07-29T10:25:00,270,0.3322,-0.3322,-0.0,서
2026-07-29T19:26:00,2026-07-29T10:26:00,270,0.3265,-0.3265,-0.0,서
2026-07-29T19:27:00,2026-07-29T10:27:00,270,0.3206,-0.3206,-0.0,서
2026-07-29T19:28:00,2026-07-29T10:28:00,270,0.3147,-0.3147,-0.0,서
2026-07-29T19:29:00,2026-07-29T10:29:00,270,0.3088,-0.3088,-0.0,서
2026-07-29T19:30:00,2026-07-29T10:30:00,270,0.3028,-0.3028,-0.0,서
2026-07-29T19:31:00,2026-07-29T10:31:00,270,0.2968,-0.2968,-0.0,서
2026-07-29T19:32:00,2026-07-29T10:32:00,270,0.2907,-0.2907,-0.0,서
2026-07-29T19:33:00,2026-07-29T10:33:00,270,0.2846,-0.2846,-0.0,서
2026-07-29T19:34:00,2026-07-29T10:34:00,270,0.2784,-0.2784,-0.0,서
2026-07-29T19:35:00,2026-07-29T10:35:00,270,0.2722,-0.2722,-0.0,서
2026-07-29T19:36:00,2026-07-29T10:36:00,270,0.266,-0.266,-0.0,서
2026-07-29T19:37:00,2026-07-29T10:37:00,270,0.2598,-0.2598,-0.0,서
2026-07-29T19:38:00,2026-07-29T10:38:00,270,0.2535,-0.2535,-0.0,서
2026-07-29T19:39:00,2026-07-29T10:39:00,270,0.2473,-0.2473,-0.0,서
2026-07-29T19:40:00,2026-07-29T10:40:00,292.5,0.241,-0.2227,0.0922,서북서
2026-07-29T19:41:00,2026-07-29T10:41:00,292.5,0.2348,-0.2169,0.0899,서북서
2026-07-29T19:42:00,2026-07-29T10:42:00,292.5,0.2285,-0.2111,0.0874,서북서
2026-07-29T19:43:00,2026-07-29T10:43:00,292.5,0.2223,-0.2054,0.0851,서북서
2026-07-29T19:44:00,2026-07-29T10:44:00,292.5,0.2161,-0.1997,0.0827,서북서
2026-07-29T19:45:00,2026-07-29T10:45:00,292.5,0.2099,-0.1939,0.0803,서북서
2026-07-29T19:46:00,2026-07-29T10:46:00,292.5,0.2038,-0.1883,0.078,서북서
2026-07-29T19:47:00,2026-07-29T10:47:00,292.5,0.1977,-0.1827,0.0757,서북서
2026-07-29T19:48:00,2026-07-29T10:48:00,292.5,0.1916,-0.177,0.0733,서북서
2026-07-29T19:49:00,2026-07-29T10:49:00,292.5,0.1857,-0.1716,0.0711,서북서
2026-07-29T19:50:00,2026-07-29T10:50:00,292.5,0.1799,-0.1662,0.0688,서북서
2026-07-29T19:51:00,2026-07-29T10:51:00,292.5,0.1741,-0.1608,0.0666,서북서
2026-07-29T19:52:00,2026-07-29T10:52:00,292.5,0.1685,-0.1557,0.0645,서북서
2026-07-29T19:53:00,2026-07-29T10:53:00,292.5,0.163,-0.1506,0.0624,서북서
2026-07-29T19:54:00,2026-07-29T10:54:00,292.5,0.1577,-0.1457,0.0603,서북서
2026-07-29T19:55:00,2026-07-29T10:55:00,315,0.1526,-0.1079,0.1079,북서
2026-07-29T19:56:00,2026-07-29T10:56:00,315,0.1477,-0.1044,0.1044,북서
2026-07-29T19:57:00,2026-07-29T10:57:00,315,0.143,-0.1011,0.1011,북서
2026-07-29T19:58:00,2026-07-29T10:58:00,315,0.1386,-0.098,0.098,북서
2026-07-29T19:59:00,2026-07-29T10:59:00,315,0.1345,-0.0951,0.0951,북서
2026-07-29T20:00:00,2026-07-29T11:00:00,315,0.1307,-0.0924,0.0924,북서
2026-07-29T20:01:00,2026-07-29T11:01:00,315,0.1273,-0.09,0.09,북서
2026-07-29T20:02:00,2026-07-29T11:02:00,315,0.1243,-0.0879,0.0879,북서
2026-07-29T20:03:00,2026-07-29T11:03:00,337.5,0.1218,-0.0466,0.1125,북북서
2026-07-29T20:04:00,2026-07-29T11:04:00,337.5,0.1197,-0.0458,0.1106,북북서
2026-07-29T20:05:00,2026-07-29T11:05:00,337.5,0.1181,-0.0452,0.1091,북북서
2026-07-29T20:06:00,2026-07-29T11:06:00,337.5,0.117,-0.0448,0.1081,북북서
2026-07-29T20:07:00,2026-07-29T11:07:00,337.5,0.1165,-0.0446,0.1076,북북서
2026-07-29T20:08:00,2026-07-29T11:08:00,0,0.1165,0.0,0.1165,북
2026-07-29T20:09:00,2026-07-29T11:09:00,0,0.117,0.0,0.117,북
2026-07-29T20:10:00,2026-07-29T11:10:00,0,0.1181,0.0,0.1181,북
2026-07-29T20:11:00,2026-07-29T11:11:00,0,0.1197,0.0,0.1197,북
2026-07-29T20:12:00,2026-07-29T11:12:00,0,0.1219,0.0,0.1219,북
2026-07-29T20:13:00,2026-07-29T11:13:00,0,0.1245,0.0,0.1245,북
2026-07-29T20:14:00,2026-07-29T11:14:00,22.5,0.1275,0.0488,0.1178,북북동
2026-07-29T20:15:00,2026-07-29T11:15:00,22.5,0.131,0.0501,0.121,북북동
2026-07-29T20:16:00,2026-07-29T11:16:00,22.5,0.1348,0.0516,0.1245,북북동
2026-07-29T20:17:00,2026-07-29T11:17:00,22.5,0.139,0.0532,0.1284,북북동
2026-07-29T20:18:00,2026-07-29T11:18:00,22.5,0.1435,0.0549,0.1326,북북동
2026-07-29T20:19:00,2026-07-29T11:19:00,22.5,0.1483,0.0568,0.137,북북동
2026-07-29T20:20:00,2026-07-29T11:20:00,22.5,0.1533,0.0587,0.1416,북북동
2026-07-29T20:21:00,2026-07-29T11:21:00,22.5,0.1586,0.0607,0.1465,북북동
2026-07-29T20:22:00,2026-07-29T11:22:00,45,0.1641,0.116,0.116,북동
2026-07-29T20:23:00,2026-07-29T11:23:00,45,0.1697,0.12,0.12,북동
2026-07-29T20:24:00,2026-07-29T11:24:00,45,0.1755,0.1241,0.1241,북동
2026-07-29T20:25:00,2026-07-29T11:25:00,45,0.1815,0.1283,0.1283,북동
2026-07-29T20:26:00,2026-07-29T11:26:00,45,0.1875,0.1326,0.1326,북동
2026-07-29T20:27:00,2026-07-29T11:27:00,45,0.1937,0.137,0.137,북동
2026-07-29T20:28:00,2026-07-29T11:28:00,45,0.2,0.1414,0.1414,북동
2026-07-29T20:29:00,2026-07-29T11:29:00,45,0.2063,0.1459,0.1459,북동
2026-07-29T20:30:00,2026-07-29T11:30:00,45,0.2127,0.1504,0.1504,북동
2026-07-29T20:31:00,2026-07-29T11:31:00,45,0.2192,0.155,0.155,북동
2026-07-29T20:32:00,2026-07-29T11:32:00,45,0.2258,0.1597,0.1597,북동
2026-07-29T20:33:00,2026-07-29T11:33:00,45,0.2323,0.1643,0.1643,북동
2026-07-29T20:34:00,2026-07-29T11:34:00,45,0.2389,0.1689,0.1689,북동
2026-07-29T20:35:00,2026-07-29T11:35:00,45,0.2456,0.1737,0.1737,북동
2026-07-29T20:36:00,2026-07-29T11:36:00,45,0.2522,0.1783,0.1783,북동
2026-07-29T20:37:00,2026-07-29T11:37:00,45,0.2589,0.1831,0.1831,북동
2026-07-29T20:38:00,2026-07-29T11:38:00,67.5,0.2656,0.2454,0.1016,동북동
2026-07-29T20:39:00,2026-07-29T11:39:00,67.5,0.2723,0.2516,0.1042,동북동
2026-07-29T20:40:00,2026-07-29T11:40:00,67.5,0.2789,0.2577,0.1067,동북동
2026-07-29T20:41:00,2026-07-29T11:41:00,67.5,0.2856,0.2639,0.1093,동북동
2026-07-29T20:42:00,2026-07-29T11:42:00,67.5,0.2923,0.27,0.1119,동북동
2026-07-29T20:43:00,2026-07-29T11:43:00,67.5,0.299,0.2762,0.1144,동북동
2026-07-29T20:44:00,2026-07-29T11:44:00,67.5,0.3056,0.2823,0.1169,동북동
2026-07-29T20:45:00,2026-07-29T11:45:00,67.5,0.3123,0.2885,0.1195,동북동
2026-07-29T20:46:00,2026-07-29T11:46:00,67.5,0.3189,0.2946,0.122,동북동
2026-07-29T20:47:00,2026-07-29T11:47:00,67.5,0.3255,0.3007,0.1246,동북동
2026-07-29T20:48:00,2026-07-29T11:48:00,67.5,0.332,0.3067,0.1271,동북동
2026-07-29T20:49:00,2026-07-29T11:49:00,67.5,0.3386,0.3128,0.1296,동북동
2026-07-29T20:50:00,2026-07-29T11:50:00,67.5,0.3451,0.3188,0.1321,동북동
2026-07-29T20:51:00,2026-07-29T11:51:00,67.5,0.3516,0.3248,0.1346,동북동
2026-07-29T20:52:00,2026-07-29T11:52:00,67.5,0.358,0.3307,0.137,동북동
2026-07-29T20:53:00,2026-07-29T11:53:00,67.5,0.3645,0.3368,0.1395,동북동
2026-07-29T20:54:00,2026-07-29T11:54:00,67.5,0.3708,0.3426,0.1419,동북동
2026-07-29T20:55:00,2026-07-29T11:55:00,67.5,0.3772,0.3485,0.1443,동북동
2026-07-29T20:56:00,2026-07-29T11:56:00,67.5,0.3835,0.3543,0.1468,동북동
2026-07-29T20:57:00,2026-07-29T11:57:00,67.5,0.3897,0.36,0.1491,동북동
2026-07-29T20:58:00,2026-07-29T11:58:00,67.5,0.396,0.3659,0.1515,동북동
2026-07-29T20:59:00,2026-07-29T11:59:00,67.5,0.4021,0.3715,0.1539,동북동
2026-07-29T21:00:00,2026-07-29T12:00:00,67.5,0.4083,0.3772,0.1562,동북동
2026-07-29T21:01:00,2026-07-29T12:01:00,67.5,0.4144,0.3829,0.1586,동북동
2026-07-29T21:02:00,2026-07-29T12:02:00,67.5,0.4204,0.3884,0.1609,동북동
2026-07-29T21:03:00,2026-07-29T12:03:00,67.5,0.4264,0.3939,0.1632,동북동
2026-07-29T21:04:00,2026-07-29T12:04:00,67.5,0.4323,0.3994,0.1654,동북동
2026-07-29T21:05:00,2026-07-29T12:05:00,67.5,0.4382,0.4048,0.1677,동북동
2026-07-29T21:06:00,2026-07-29T12:06:00,67.5,0.4441,0.4103,0.1699,동북동
2026-07-29T21:07:00,2026-07-29T12:07:00,67.5,0.4498,0.4156,0.1721,동북동
2026-07-29T21:08:00,2026-07-29T12:08:00,67.5,0.4556,0.4209,0.1744,동북동
2026-07-29T21:09:00,2026-07-29T12:09:00,67.5,0.4613,0.4262,0.1765,동북동
2026-07-29T21:10:00,2026-07-29T12:10:00,67.5,0.4669,0.4314,0.1787,동북동
2026-07-29T21:11:00,2026-07-29T12:11:00,67.5,0.4725,0.4365,0.1808,동북동
2026-07-29T21:12:00,2026-07-29T12:12:00,67.5,0.478,0.4416,0.1829,동북동
2026-07-29T21:13:00,2026-07-29T12:13:00,67.5,0.4835,0.4467,0.185,동북동
2026-07-29T21:14:00,2026-07-29T12:14:00,67.5,0.4889,0.4517,0.1871,동북동
2026-07-29T21:15:00,2026-07-29T12:15:00,67.5,0.4942,0.4566,0.1891,동북동
2026-07-29T21:16:00,2026-07-29T12:16:00,67.5,0.4995,0.4615,0.1912,동북동
2026-07-29T21:17:00,2026-07-29T12:17:00,67.5,0.5047,0.4663,0.1931,동북동
2026-07-29T21:18:00,2026-07-29T12:18:00,67.5,0.5099,0.4711,0.1951,동북동
2026-07-29T21:19:00,2026-07-29T12:19:00,67.5,0.515,0.4758,0.1971,동북동
2026-07-29T21:20:00,2026-07-29T12:20:00,90,0.5201,0.5201,0.0,동
2026-07-29T21:21:00,2026-07-29T12:21:00,90,0.5251,0.5251,0.0,동
2026-07-29T21:22:00,2026-07-29T12:22:00,90,0.5301,0.5301,0.0,동
2026-07-29T21:23:00,2026-07-29T12:23:00,90,0.5349,0.5349,0.0,동
2026-07-29T21:24:00,2026-07-29T12:24:00,90,0.5398,0.5398,0.0,동
2026-07-29T21:25:00,2026-07-29T12:25:00,90,0.5445,0.5445,0.0,동
2026-07-29T21:26:00,2026-07-29T12:26:00,90,0.5492,0.5492,0.0,동
2026-07-29T21:27:00,2026-07-29T12:27:00,90,0.5539,0.5539,0.0,동
2026-07-29T21:28:00,2026-07-29T12:28:00,90,0.5585,0.5585,0.0,동
2026-07-29T21:29:00,2026-07-29T12:29:00,90,0.563,0.563,0.0,동
2026-07-29T21:30:00,2026-07-29T12:30:00,90,0.5675,0.5675,0.0,동
2026-07-29T21:31:00,2026-07-29T12:31:00,90,0.5719,0.5719,0.0,동
2026-07-29T21:32:00,2026-07-29T12:32:00,90,0.5762,0.5762,0.0,동
2026-07-29T21:33:00,2026-07-29T12:33:00,90,0.5805,0.5805,0.0,동
2026-07-29T21:34:00,2026-07-29T12:34:00,90,0.5847,0.5847,0.0,동
2026-07-29T21:35:00,2026-07-29T12:35:00,90,0.5888,0.5888,0.0,동
2026-07-29T21:36:00,2026-07-29T12:36:00,90,0.5929,0.5929,0.0,동
2026-07-29T21:37:00,2026-07-29T12:37:00,90,0.597,0.597,0.0,동
2026-07-29T21:38:00,2026-07-29T12:38:00,90,0.6009,0.6009,0.0,동
2026-07-29T21:39:00,2026-07-29T12:39:00,90,0.6049,0.6049,0.0,동
2026-07-29T21:40:00,2026-07-29T12:40:00,90,0.6087,0.6087,0.0,동
2026-07-29T21:41:00,2026-07-29T12:41:00,90,0.6125,0.6125,0.0,동
2026-07-29T21:42:00,2026-07-29T12:42:00,90,0.6162,0.6162,0.0,동
2026-07-29T21:43:00,2026-07-29T12:43:00,90,0.6199,0.6199,0.0,동
2026-07-29T21:44:00,2026-07-29T12:44:00,90,0.6235,0.6235,0.0,동
2026-07-29T21:45:00,2026-07-29T12:45:00,90,0.627,0.627,0.0,동
2026-07-29T21:46:00,2026-07-29T12:46:00,90,0.6305,0.6305,0.0,동
2026-07-29T21:47:00,2026-07-29T12:47:00,90,0.6339,0.6339,0.0,동
2026-07-29T21:48:00,2026-07-29T12:48:00,90,0.6373,0.6373,0.0,동
2026-07-29T21:49:00,2026-07-29T12:49:00,90,0.6406,0.6406,0.0,동
2026-07-29T21:50:00,2026-07-29T12:50:00,90,0.6438,0.6438,0.0,동
2026-07-29T21:51:00,2026-07-29T12:51:00,90,0.647,0.647,0.0,동
2026-07-29T21:52:00,2026-07-29T12:52:00,90,0.6501,0.6501,0.0,동
2026-07-29T21:53:00,2026-07-29T12:53:00,90,0.6532,0.6532,0.0,동
2026-07-29T21:54:00,2026-07-29T12:54:00,90,0.6562,0.6562,0.0,동
2026-07-29T21:55:00,2026-07-29T12:55:00,90,0.6591,0.6591,0.0,동
2026-07-29T21:56:00,2026-07-29T12:56:00,90,0.662,0.662,0.0,동
2026-07-29T21:57:00,2026-07-29T12:57:00,90,0.6648,0.6648,0.0,동
2026-07-29T21:58:00,2026-07-29T12:58:00,90,0.6676,0.6676,0.0,동
2026-07-29T21:59:00,2026-07-29T12:59:00,90,0.6703,0.6703,0.0,동
2026-07-29T22:00:00,2026-07-29T13:00:00,90,0.673,0.673,0.0,동
2026-07-29T22:01:00,2026-07-29T13:01:00,90,0.6755,0.6755,0.0,동
2026-07-29T22:02:00,2026-07-29T13:02:00,90,0.6781,0.6781,0.0,동
2026-07-29T22:03:00,2026-07-29T13:03:00,90,0.6806,0.6806,0.0,동
2026-07-29T22:04:00,2026-07-29T13:04:00,90,0.683,0.683,0.0,동
2026-07-29T22:05:00,2026-07-29T13:05:00,90,0.6853,0.6853,0.0,동
2026-07-29T22:06:00,2026-07-29T13:06:00,90,0.6876,0.6876,0.0,동
2026-07-29T22:07:00,2026-07-29T13:07:00,90,0.6899,0.6899,0.0,동
2026-07-29T22:08:00,2026-07-29T13:08:00,90,0.6921,0.6921,0.0,동
2026-07-29T22:09:00,2026-07-29T13:09:00,90,0.6942,0.6942,0.0,동
2026-07-29T22:10:00,2026-07-29T13:10:00,90,0.6963,0.6963,0.0,동
2026-07-29T22:11:00,2026-07-29T13:11:00,90,0.6983,0.6983,0.0,동
2026-07-29T22:12:00,2026-07-29T13:12:00,90,0.7003,0.7003,0.0,동
2026-07-29T22:13:00,2026-07-29T13:13:00,90,0.7022,0.7022,0.0,동
2026-07-29T22:14:00,2026-07-29T13:14:00,90,0.7041,0.7041,0.0,동
2026-07-29T22:15:00,2026-07-29T13:15:00,90,0.7059,0.7059,0.0,동
2026-07-29T22:16:00,2026-07-29T13:16:00,90,0.7076,0.7076,0.0,동
2026-07-29T22:17:00,2026-07-29T13:17:00,90,0.7093,0.7093,0.0,동
2026-07-29T22:18:00,2026-07-29T13:18:00,90,0.711,0.711,0.0,동
2026-07-29T22:19:00,2026-07-29T13:19:00,90,0.7126,0.7126,0.0,동
2026-07-29T22:20:00,2026-07-29T13:20:00,90,0.7141,0.7141,0.0,동
2026-07-29T22:21:00,2026-07-29T13:21:00,90,0.7156,0.7156,0.0,동
2026-07-29T22:22:00,2026-07-29T13:22:00,90,0.7171,0.7171,0.0,동
2026-07-29T22:23:00,2026-07-29T13:23:00,90,0.7185,0.7185,0.0,동
2026-07-29T22:24:00,2026-07-29T13:24:00,90,0.7199,0.7199,0.0,동
2026-07-29T22:25:00,2026-07-29T13:25:00,90,0.7212,0.7212,0.0,동
2026-07-29T22:26:00,2026-07-29T13:26:00,90,0.7224,0.7224,0.0,동
2026-07-29T22:27:00,2026-07-29T13:27:00,90,0.7237,0.7237,0.0,동
2026-07-29T22:28:00,2026-07-29T13:28:00,90,0.7248,0.7248,0.0,동
2026-07-29T22:29:00,2026-07-29T13:29:00,90,0.726,0.726,0.0,동
2026-07-29T22:30:00,2026-07-29T13:30:00,90,0.727,0.727,0.0,동
2026-07-29T22:31:00,2026-07-29T13:31:00,90,0.7281,0.7281,0.0,동
2026-07-29T22:32:00,2026-07-29T13:32:00,90,0.7291,0.7291,0.0,동
2026-07-29T22:33:00,2026-07-29T13:33:00,90,0.73,0.73,0.0,동
2026-07-29T22:34:00,2026-07-29T13:34:00,90,0.7309,0.7309,0.0,동
2026-07-29T22:35:00,2026-07-29T13:35:00,90,0.7318,0.7318,0.0,동
2026-07-29T22:36:00,2026-07-29T13:36:00,90,0.7326,0.7326,0.0,동
2026-07-29T22:37:00,2026-07-29T13:37:00,90,0.7334,0.7334,0.0,동
2026-07-29T22:38:00,2026-07-29T13:38:00,90,0.7342,0.7342,0.0,동
2026-07-29T22:39:00,2026-07-29T13:39:00,90,0.7349,0.7349,0.0,동
2026-07-29T22:40:00,2026-07-29T13:40:00,90,0.7356,0.7356,0.0,동
2026-07-29T22:41:00,2026-07-29T13:41:00,90,0.7362,0.7362,0.0,동
2026-07-29T22:42:00,2026-07-29T13:42:00,90,0.7368,0.7368,0.0,동
2026-07-29T22:43:00,2026-07-29T13:43:00,90,0.7374,0.7374,0.0,동
2026-07-29T22:44:00,2026-07-29T13:44:00,90,0.7379,0.7379,0.0,동
2026-07-29T22:45:00,2026-07-29T13:45:00,90,0.7385,0.7385,0.0,동
2026-07-29T22:46:00,2026-07-29T13:46:00,90,0.7389,0.7389,0.0,동
2026-07-29T22:47:00,2026-07-29T13:47:00,90,0.7394,0.7394,0.0,동
2026-07-29T22:48:00,2026-07-29T13:48:00,90,0.7398,0.7398,0.0,동
2026-07-29T22:49:00,2026-07-29T13:49:00,90,0.7402,0.7402,0.0,동
2026-07-29T22:50:00,2026-07-29T13:50:00,90,0.7406,0.7406,0.0,동
2026-07-29T22:51:00,2026-07-29T13:51:00,90,0.7409,0.7409,0.0,동
2026-07-29T22:52:00,2026-07-29T13:52:00,90,0.7412,0.7412,0.0,동
2026-07-29T22:53:00,2026-07-29T13:53:00,90,0.7415,0.7415,0.0,동
2026-07-29T22:54:00,2026-07-29T13:54:00,90,0.7418,0.7418,0.0,동
2026-07-29T22:55:00,2026-07-29T13:55:00,90,0.742,0.742,0.0,동
2026-07-29T22:56:00,2026-07-29T13:56:00,90,0.7422,0.7422,0.0,동
2026-07-29T22:57:00,2026-07-29T13:57:00,90,0.7424,0.7424,0.0,동
2026-07-29T22:58:00,2026-07-29T13:58:00,90,0.7426,0.7426,0.0,동
2026-07-29T22:59:00,2026-07-29T13:59:00,90,0.7428,0.7428,0.0,동
2026-07-29T23:00:00,2026-07-29T14:00:00,90,0.743,0.743,0.0,동
2026-07-29T23:01:00,2026-07-29T14:01:00,90,0.7431,0.7431,0.0,동
2026-07-29T23:02:00,2026-07-29T14:02:00,90,0.7432,0.7432,0.0,동
2026-07-29T23:03:00,2026-07-29T14:03:00,90,0.7433,0.7433,0.0,동
2026-07-29T23:04:00,2026-07-29T14:04:00,90,0.7434,0.7434,0.0,동
2026-07-29T23:05:00,2026-07-29T14:05:00,90,0.7435,0.7435,0.0,동
2026-07-29T23:06:00,2026-07-29T14:06:00,90,0.7436,0.7436,0.0,동
2026-07-29T23:07:00,2026-07-29T14:07:00,90,0.7437,0.7437,0.0,동
2026-07-29T23:08:00,2026-07-29T14:08:00,90,0.7437,0.7437,0.0,동
2026-07-29T23:09:00,2026-07-29T14:09:00,90,0.7438,0.7438,0.0,동
2026-07-29T23:10:00,2026-07-29T14:10:00,90,0.7438,0.7438,0.0,동
2026-07-29T23:11:00,2026-07-29T14:11:00,90,0.7439,0.7439,0.0,동
2026-07-29T23:12:00,2026-07-29T14:12:00,90,0.7439,0.7439,0.0,동
2026-07-29T23:13:00,2026-07-29T14:13:00,90,0.744,0.744,0.0,동
2026-07-29T23:14:00,2026-07-29T14:14:00,90,0.744,0.744,0.0,동
2026-07-29T23:15:00,2026-07-29T14:15:00,90,0.7441,0.7441,0.0,동
2026-07-29T23:16:00,2026-07-29T14:16:00,90,0.7441,0.7441,0.0,동
2026-07-29T23:17:00,2026-07-29T14:17:00,90,0.7442,0.7442,0.0,동
2026-07-29T23:18:00,2026-07-29T14:18:00,90,0.7442,0.7442,0.0,동
2026-07-29T23:19:00,2026-07-29T14:19:00,90,0.7443,0.7443,0.0,동
2026-07-29T23:20:00,2026-07-29T14:20:00,90,0.7443,0.7443,0.0,동
2026-07-29T23:21:00,2026-07-29T14:21:00,90,0.7444,0.7444,0.0,동
2026-07-29T23:22:00,2026-07-29T14:22:00,90,0.7445,0.7445,0.0,동
2026-07-29T23:23:00,2026-07-29T14:23:00,90,0.7445,0.7445,0.0,동
2026-07-29T23:24:00,2026-07-29T14:24:00,90,0.7446,0.7446,0.0,동
2026-07-29T23:25:00,2026-07-29T14:25:00,90,0.7447,0.7447,0.0,동
2026-07-29T23:26:00,2026-07-29T14:26:00,90,0.7448,0.7448,0.0,동
2026-07-29T23:27:00,2026-07-29T14:27:00,90,0.745,0.745,0.0,동
2026-07-29T23:28:00,2026-07-29T14:28:00,90,0.7451,0.7451,0.0,동
2026-07-29T23:29:00,2026-07-29T14:29:00,90,0.7452,0.7452,0.0,동
2026-07-29T23:30:00,2026-07-29T14:30:00,90,0.7454,0.7454,0.0,동
2026-07-29T23:31:00,2026-07-29T14:31:00,90,0.7456,0.7456,0.0,동
2026-07-29T23:32:00,2026-07-29T14:32:00,90,0.7458,0.7458,0.0,동
2026-07-29T23:33:00,2026-07-29T14:33:00,90,0.746,0.746,0.0,동
2026-07-29T23:34:00,2026-07-29T14:34:00,90,0.7462,0.7462,0.0,동
2026-07-29T23:35:00,2026-07-29T14:35:00,90,0.7464,0.7464,0.0,동
2026-07-29T23:36:00,2026-07-29T14:36:00,90,0.7467,0.7467,0.0,동
2026-07-29T23:37:00,2026-07-29T14:37:00,90,0.747,0.747,0.0,동
2026-07-29T23:38:00,2026-07-29T14:38:00,90,0.7472,0.7472,0.0,동
2026-07-29T23:39:00,2026-07-29T14:39:00,90,0.7475,0.7475,0.0,동
2026-07-29T23:40:00,2026-07-29T14:40:00,90,0.7479,0.7479,0.0,동
2026-07-29T23:41:00,2026-07-29T14:41:00,67.5,0.7482,0.6912,0.2863,동북동
2026-07-29T23:42:00,2026-07-29T14:42:00,67.5,0.7486,0.6916,0.2865,동북동
2026-07-29T23:43:00,2026-07-29T14:43:00,67.5,0.749,0.692,0.2866,동북동
2026-07-29T23:44:00,2026-07-29T14:44:00,67.5,0.7494,0.6924,0.2868,동북동
2026-07-29T23:45:00,2026-07-29T14:45:00,67.5,0.7498,0.6927,0.2869,동북동
2026-07-29T23:46:00,2026-07-29T14:46:00,67.5,0.7502,0.6931,0.2871,동북동
2026-07-29T23:47:00,2026-07-29T14:47:00,67.5,0.7507,0.6936,0.2873,동북동
2026-07-29T23:48:00,2026-07-29T14:48:00,67.5,0.7511,0.6939,0.2874,동북동
2026-07-29T23:49:00,2026-07-29T14:49:00,67.5,0.7516,0.6944,0.2876,동북동
2026-07-29T23:50:00,2026-07-29T14:50:00,67.5,0.7521,0.6948,0.2878,동북동
2026-07-29T23:51:00,2026-07-29T14:51:00,67.5,0.7527,0.6954,0.288,동북동
2026-07-29T23:52:00,2026-07-29T14:52:00,67.5,0.7532,0.6959,0.2882,동북동
2026-07-29T23:53:00,2026-07-29T14:53:00,67.5,0.7538,0.6964,0.2885,동북동
2026-07-29T23:54:00,2026-07-29T14:54:00,67.5,0.7543,0.6969,0.2887,동북동
2026-07-29T23:55:00,2026-07-29T14:55:00,67.5,0.7549,0.6974,0.2889,동북동
2026-07-29T23:56:00,2026-07-29T14:56:00,67.5,0.7555,0.698,0.2891,동북동
2026-07-29T23:57:00,2026-07-29T14:57:00,67.5,0.7562,0.6986,0.2894,동북동
2026-07-29T23:58:00,2026-07-29T14:58:00,67.5,0.7568,0.6992,0.2896,동북동
2026-07-29T23:59:00,2026-07-29T14:59:00,67.5,0.7575,0.6998,0.2899,동북동
