island,lat,lon,bearing_deg,n_labels
hawaii,19.778432538554934,-155.08918424805876,66.26740513129431,3
hawaii,19.830043408808816,-155.08506290691204,60.68825642629315,1
hawaii,19.84218468504976,-155.08477069198534,59.430567238602976,1
hawaii,19.48054601946578,-154.82112659894258,100.28367760422145,2
hawaii,19.862985581017725,-155.0912678262917,56.93059529369907,2
hawaii,19.899281148460343,-155.12966308170326,50.85841930029545,1
hawaii,19.490501424275102,-154.81927830903734,99.41828092862124,1
hawaii,19.976864973904636,-155.2176196246916,37.08442050722596,3
hawaii,19.98865376478014,-155.23940974284304,34.22049857899265,1
hawaii,20.041351080102917,-155.33572257468828,21.47157410606161,2
hawaii,20.076843080223654,-155.40992838575306,12.268473323228648,1
hawaii,20.087404409756488,-155.43324877675013,9.518422129076498,4
hawaii,20.08767431636559,-155.43307267441898,9.532207989111782,8
hawaii,20.08777857823397,-155.4328462207314,9.554577802684548,3
hawaii,19.528772577288116,-154.81650910532346,96.13437205623899,2
hawaii,19.53422573535627,-154.83372208793074,95.80910901868026,2
hawaii,19.534884816426164,-154.83493275761919,95.76138742170053,17
hawaii,19.5348911381395,-154.83475503189652,95.7593477505755,4
hawaii,19.531464980664662,-154.82077903491165,95.9399599367008,1
hawaii,19.53715246851534,-154.83791332207463,95.58617771428027,6
hawaii,19.537113627367138,-154.83784199137463,95.58902745402202,7
hawaii,19.537079051997615,-154.8377775694116,95.59155615741895,4
hawaii,19.536999824728547,-154.8376979684443,95.59790308720022,6
hawaii,19.538902323395668,-154.83993048730127,95.44759986655515,19
hawaii,19.538963606103746,-154.83990926630813,95.44199979687005,14
hawaii,19.54226815680966,-154.84715742729003,95.20415932142123,15
hawaii,19.543804917357928,-154.84864214736407,95.07750669866044,4
hawaii,19.55554349257247,-154.88152059858874,94.22712144296736,2
hawaii,19.56721708870021,-154.90102922475407,93.2178490459504,2
hawaii,19.659995911166757,-154.9829532627672,83.23712517061512,2
hawaii,19.723357119764923,-155.07851387120698,73.47969295038018,1
hawaii,19.730667193419798,-155.0001788030784,75.05982867405999,1
hawaii,19.736277855012645,-155.09122662575922,71.35660364714636,1
hawaii,19.73843074544957,-155.09014716855722,71.12701519216648,19
hawaii,19.73842782351269,-155.09010344119574,71.12916915645764,13
hawaii,19.472018812266825,-154.82641974000248,101.08232447412644,1
hawaii,19.39845876017265,-154.91896241492287,109.59301635372123,4
hawaii,18.968355632675863,-155.61998570248593,188.481578739134,1
hawaii,18.96922505837939,-155.6144157740156,188.02631509421659,3
hawaii,18.966723335662717,-155.61010045752388,187.63401292920742,4
hawaii,18.966489359361237,-155.6093509734835,187.5684866072256,1
hawaii,18.966676094205244,-155.60873655408727,187.51923034720562,1
hawaii,18.96858912745369,-155.6031636197412,187.07305987869339,7
hawaii,18.968694221807322,-155.60619460168513,187.32929768433007,1
hawaii,18.96860520689292,-155.60172417742382,186.9520190919405,2
hawaii,18.96913537834313,-155.60480030476552,187.21698640260865,4
hawaii,18.97256253328823,-155.59912296091233,186.77487720413734,3
hawaii,19.098821816349403,-155.535225618059,181.63932199207676,1
hawaii,18.916922947613855,-155.66806764999018,191.54144524254025,3
hawaii,18.977244010738556,-155.59597224697347,186.55595430701263,3
hawaii,18.977450582379973,-155.59569201189993,186.53412972801027,6
hawaii,18.977842304842596,-155.5956415088349,186.53388345681648,1
hawaii,18.9776481779328,-155.5958070818973,186.54603674435884,1
hawaii,19.129211047254984,-155.51038633099623,178.89792954427264,1
hawaii,19.132984630964014,-155.50540811218568,178.31401015360007,1
hawaii,19.13802774209389,-155.49205933552315,176.73899430502433,1
hawaii,19.00316865316419,-155.58677416919107,186.01667302891818,2
hawaii,18.920030874324674,-155.66145416168183,191.0880970961273,11
hawaii,19.1506276526897,-155.44920276756872,171.55788785754226,1
hawaii,19.151641554108203,-155.44850596468356,171.4570216801435,2
hawaii,19.015795512605518,-155.82408742132117,206.12127180838425,1
hawaii,19.02083416252628,-155.851052805401,208.30169406282144,3
hawaii,19.020521018150593,-155.85056312643923,208.25338865054928,1
hawaii,19.020615439010463,-155.8503304490326,208.2404613898386,1
hawaii,19.039683836111497,-155.55747335118,183.60508699441948,1
hawaii,19.165440417811542,-155.4327615687942,169.2907416982507,1
hawaii,19.05602333355715,-155.55277633225703,183.24873534406802,1
hawaii,19.05767685383179,-155.55343946500122,183.32440146384806,7
hawaii,19.057610359478172,-155.5534676974953,183.32679492592828,10
hawaii,19.056478714177274,-155.55339813521886,183.3129988809028,1
hawaii,19.05641120371583,-155.55335626466538,183.30844464995664,17
hawaii,19.056473082036895,-155.55332226342423,183.30545514877844,15
hawaii,19.056378710983267,-155.55327675266668,183.30037885789542,9
hawaii,19.05654038098508,-155.5532750494422,183.30118989147516,3
hawaii,18.923287038929143,-155.65463912128095,190.61590157356108,1
hawaii,19.069184822176226,-155.55416833129192,183.47015583470383,8
hawaii,19.07130470505266,-155.55412484478578,183.4796124593556,6
hawaii,19.071243862294793,-155.55409712836473,183.476394145484,6
hawaii,19.070817271025696,-155.55408337078862,183.4722004718428,2
hawaii,19.077915397024224,-155.55555765599698,183.67110986181888,2
hawaii,19.086069613791512,-155.54898569838193,183.04138444164994,1
hawaii,19.083989497439358,-155.90714507309409,215.25242384552226,1
hawaii,18.926083241426984,-155.68252276721643,192.79964857023924,1
hawaii,19.0997934191051,-155.91197131675202,216.4352626770069,2
hawaii,18.930653186481738,-155.6833522186795,192.94767574702087,1
hawaii,18.93762314420536,-155.6366170075868,189.41718658716445,1
hawaii,18.936974092831765,-155.63746524654724,189.47532831711,4
hawaii,19.185727790623474,-155.9076569045917,221.39727573997394,2
hawaii,19.240626486839695,-155.32356365647036,152.75443567482648,4
hawaii,18.941972743950767,-155.6333420272834,189.21675991163227,28
hawaii,19.113379250199518,-155.5226299091317,180.29170668987982,1
hawaii,18.94743617960064,-155.62993306940487,189.01775588543296,17
hawaii,18.95329901826934,-155.62580146912973,188.76161951599644,2
hawaii,18.95118360388637,-155.62719022188304,188.84632842652775,3
hawaii,18.95124960622249,-155.6271717051444,188.84571004017178,7
hawaii,18.956400739674578,-155.70930957457648,195.48798163076347,2
hawaii,19.121637008556824,-155.5101337247385,178.88688244171158,1
hawaii,18.962057425982113,-155.6229194909089,188.64181957616233,14
hawaii,18.963398119697633,-155.62140953314008,188.53457907656704,1
hawaii,20.03555627581937,-155.834184834647,325.8021214103964,1
hawaii,20.033672497806663,-155.83321205310398,325.7692629185869,1
hawaii,19.4270404452816,-155.91776814427828,245.22339005099306,1
hawaii,19.803660702294046,-156.01358459792831,293.6531345266312,1
hawaii,19.856001095522956,-155.92292145513645,303.99734582581823,1
hawaii,19.876535544626407,-155.9144604642493,306.6553860454001,1
hawaii,20.090593465558538,-155.87315176815486,325.8573781759168,1
hawaii,20.096120158710587,-155.4524052608833,7.314051289605686,1
hawaii,20.094871525761587,-155.87524965482828,325.930784057613,1
hawaii,20.110522406155734,-155.8827199861466,326.20479715789526,1
hawaii,20.0484982268908,-155.83864317228412,326.20557724978056,1
hawaii,20.05327924654439,-155.84334201214344,326.09862942144355,1
hawaii,20.167138590370193,-155.65870709136718,347.02534410772597,1
hawaii,20.165713066522088,-155.65583959318352,347.253766941015,1
hawaii,20.170733870830695,-155.664201292942,346.6115983301762,1
hawaii,20.168061220273167,-155.6596359098088,346.9619149079001,1
hawaii,20.169333467401948,-155.661935758517,346.78324322122046,1
hawaii,20.173317549791566,-155.6695274261024,346.195935077469,2
hawaii,20.177942754076895,-155.68785935343314,344.69761034506405,3
hawaii,20.181333813039398,-155.6922490262898,344.4039168270456,2
hawaii,20.18124547989887,-155.69216852104117,344.4085976598517,2
hawaii,20.18824129394713,-155.9029521547093,328.4795966171579,1
hawaii,20.204531834436196,-155.73148694270085,341.7595619315614,3
hawaii,20.05857366579121,-155.84587606635114,326.1995112543432,2
hawaii,20.20958687853491,-155.73325522787673,341.7595739729463,1
hawaii,20.242366205514564,-155.77037016289114,339.83784898384386,3
hawaii,20.242959503146473,-155.77033878902373,339.8572788364938,1
hawaii,20.242108466175974,-155.76955172291687,339.89105082079493,2
hawaii,20.242622885664954,-155.77048989025732,339.8363921620582,7
hawaii,20.242561188314006,-155.77048630856737,339.83487716744213,6
hawaii,20.256722603174616,-155.80772094437117,337.5725514128951,1
hawaii,20.25559881714835,-155.8071778193624,337.5761234525357,3
hawaii,20.255446521380833,-155.8071716358663,337.57186439570233,25
hawaii,20.255533705211107,-155.8071621070109,337.5752222291857,15
kahoolawe,20.602923265912537,-156.5790637860162,28.694155660395154,1
kahoolawe,20.602925511730362,-156.57758722327196,29.83219220171827,1
kahoolawe,20.602947239400734,-156.5770887581952,30.200764541531612,2
kahoolawe,20.60351371559286,-156.57302998710279,32.898411907664126,9
kahoolawe,20.603471991055812,-156.57296524195468,32.96454788568383,7
kahoolawe,20.603390934369063,-156.57527050853034,31.34489310906656,3
kahoolawe,20.603016030979223,-156.56973036840586,35.42196017897021,1
kahoolawe,20.602846677743006,-156.56720505882214,37.171735395823475,6
kahoolawe,20.603186454796866,-156.56808273757036,36.42614337987044,7
kahoolawe,20.603125511902693,-156.56805128972545,36.47807201212481,8
kahoolawe,20.601857062191666,-156.56506777222884,39.05334309475677,18
kahoolawe,20.601929575104354,-156.56503593127294,39.034031112621506,11
kahoolawe,20.602720326979227,-156.56644022819026,37.727884305068756,5
kahoolawe,20.601287745430533,-156.56426798565658,39.859673639837865,1
kahoolawe,20.556595227706534,-156.67156612739285,276.5265066214979,2
kahoolawe,20.558046614769225,-156.66547780195228,278.80507406466444,1
kahoolawe,20.555887268990737,-156.6748747069428,275.53555475343325,1
kahoolawe,20.551942616154168,-156.67603487957513,271.7994826876234,1
kahoolawe,20.53976420096097,-156.69167507112968,262.37682595368443,1
kahoolawe,20.53638056527432,-156.5543968713861,104.6592881668314,4
kahoolawe,20.535942328191762,-156.55429973769253,105.08458263453036,11
kahoolawe,20.53792877859836,-156.5542140738502,103.01205570623483,10
kahoolawe,20.537599794451506,-156.55420588675813,103.35224665759466,1
kahoolawe,20.600189615892592,-156.58707699466225,23.154686646778032,1
kahoolawe,20.600134561144117,-156.5857210402867,24.39237172855087,1
kahoolawe,20.53583008717393,-156.5543189694938,105.20447854724665,11
kahoolawe,20.53589198377102,-156.55427714861653,105.13027567734798,19
kahoolawe,20.53549179601728,-156.55408642622737,105.48853269454247,9
kahoolawe,20.534408651255458,-156.55390024213668,106.53135881870656,8
kahoolawe,20.53513735314715,-156.55383554412663,105.78086880034539,5
kahoolawe,20.533643509477113,-156.5517297141473,106.68748275090195,12
kahoolawe,20.533625760913573,-156.55164947560345,106.6828887548254,13
kahoolawe,20.53367908607254,-156.55135894224648,106.55368351960908,11
kahoolawe,20.534231510179314,-156.55300658711346,106.46105535732903,1
kahoolawe,20.534239361464497,-156.5529359100121,106.43402426934608,1
kahoolawe,20.534162622317155,-156.5528985959167,106.49949374964899,7
kahoolawe,20.5337646819901,-156.55204871947012,106.65683654679407,9
kahoolawe,20.535034616392362,-156.55360692406063,105.82330034464314,1
kahoolawe,20.533753984263964,-156.55198178876824,106.64904065491106,6
kahoolawe,20.533661104276185,-156.55188855912928,106.71355838172406,7
kahoolawe,20.533901953571235,-156.55029903179067,106.06477181116702,4
kahoolawe,20.600833125088105,-156.56437936097004,40.0420203932058,2
kahoolawe,20.60083525955705,-156.56431296338454,40.08188254110058,2
kahoolawe,20.5999599756572,-156.563754348958,40.917146754560065,4
kahoolawe,20.59973965720075,-156.5633579464923,41.28483964550378,4
kahoolawe,20.599516175611427,-156.56299343443786,41.63417391680383,11
kahoolawe,20.516534012490386,-156.61023679098957,180.3795976746385,1
kahoolawe,20.508220067697927,-156.68303523012375,238.57809944296673,3
kahoolawe,20.59797792533753,-156.56079686776962,43.83915148741795,3
kahoolawe,20.59767237631217,-156.55980035307275,44.59628600914556,3
kahoolawe,20.596156723411564,-156.55736508452014,46.877624562784035,2
kahoolawe,20.59441340113997,-156.55420871039215,49.63006184793471,2
kahoolawe,20.594163999578257,-156.55415783700127,49.81495566417209,3
kahoolawe,20.594253406183824,-156.5541458617972,49.76388379636944,3
kahoolawe,20.593789925378836,-156.55393672333773,50.16644653872544,1
kahoolawe,20.59139749873386,-156.55056469089988,53.356381653015546,10
kahoolawe,20.58796450146018,-156.55066402905518,55.655051546392826,1
kahoolawe,20.58756136373823,-156.55032928422858,56.08881536906756,1
kahoolawe,20.568778762163056,-156.63766308708506,305.9410193431681,1
kahoolawe,20.566533982071345,-156.6408385905992,299.79464791878684,1
kauai,22.070466888594858,-159.31660749543997,89.84260094786941,3
kauai,22.08891202740814,-159.30626816350554,83.98674036814162,1
kauai,22.09529820747895,-159.30599964047357,81.99029268474982,1
kauai,22.101664421754172,-159.30022208337604,80.29459262484585,1
kauai,22.10239304249243,-159.29928690874695,80.12098318814066,1
kauai,22.10965464941086,-159.295434366583,78.18548630903695,3
kauai,22.104742488431203,-159.29722547015896,79.52527724640964,1
kauai,22.10476217786213,-159.29712914299597,79.5243386362186,1
kauai,22.104843059730896,-159.29706610086896,79.50369531165904,1
kauai,22.12073845134418,-159.29548325022037,75.01303064374423,1
kauai,22.12498119438858,-159.29305907469845,74.0027880374214,1
kauai,22.125453463675452,-159.2929842250976,73.87802162360174,1
kauai,22.125470598843833,-159.2929002894376,73.87949528395097,1
kauai,22.13348098575411,-159.29490879983805,71.53071793185404,1
kauai,22.133850911140318,-159.29467567816727,71.45009215657126,9
kauai,22.133864883134372,-159.29464293135786,71.44906700233673,2
kauai,22.144598343900892,-159.29406768577954,68.65001264826935,4
kauai,22.14127992687844,-159.29302335519233,69.61411170208362,1
kauai,22.16326674106682,-159.30945516320463,62.15806953857003,1
kauai,22.179744156566873,-159.31156103897578,57.85335406134885,1
kauai,22.177568664011975,-159.31148679224535,58.377995342607846,4
kauai,22.17843870615638,-159.3112760843039,58.200225250460846,2
kauai,22.178233321019288,-159.31115302363253,58.26556180787418,6
kauai,22.17549724424951,-159.31311083227257,58.653393393420856,4
kauai,22.17536108206075,-159.31307192538048,58.69155488278324,1
kauai,22.176110114070088,-159.31283671282029,58.54314207470844,8
kauai,22.1761614053659,-159.312754765249,58.54198111181972,12
kauai,22.176700772571348,-159.3127439305476,58.41405110122639,13
kauai,22.176490467382497,-159.31273725737236,58.46537540988078,2
kauai,22.17671914829691,-159.31267801168696,58.41864638358709,15
kauai,22.176610938203247,-159.31266729644273,58.44603449379713,9
kauai,22.176432213572813,-159.3125869739255,58.49982980642011,9
kauai,22.177150445799473,-159.312489040435,58.34126811514858,2
kauai,22.17717857728659,-159.31242372488867,58.34346331001507,4
kauai,22.1805856704079,-159.31209543449845,57.5822623724427,6
kauai,22.18059717577867,-159.3120316326217,57.588367072630035,6
kauai,22.18052641609053,-159.31199558571217,57.60992759105403,6
kauai,22.179994843782474,-159.31180448337852,57.7610179819186,3
kauai,22.18605854141156,-159.31551940454253,55.829287195322536,2
kauai,22.183902335267053,-159.3133178332239,56.639767773062545,5
kauai,22.183901693686675,-159.31318163789504,56.65910492635669,2
kauai,22.18287391465391,-159.31292055497647,56.93373629776255,3
kauai,22.182955090124683,-159.3128957077907,56.91837971813385,2
kauai,22.181594414240504,-159.31229612927783,57.318541661019765,1
kauai,22.190501150052963,-159.3229365216436,53.707797915433275,3
kauai,22.1903624230305,-159.32273442669253,53.77044466408353,1
kauai,22.189644563915255,-159.3221852731933,54.01799748075132,3
kauai,22.189245416089204,-159.32173541079308,54.17770912431456,3
kauai,22.1889937544703,-159.32144420280068,54.27947448048985,3
kauai,22.19765041317366,-159.3321410205825,50.628019626116725,2
kauai,22.198162527625293,-159.33149397832233,50.62362078368443,1
kauai,22.19887820503593,-159.33096848221223,50.55462733531283,1
kauai,22.208123659767832,-159.3412954997997,46.79781273217577,2
kauai,21.97582554706284,-159.33238608132206,121.2275177917574,1
kauai,21.97542588404566,-159.33237488374803,121.33349124971193,1
kauai,21.97809387149449,-159.33330381664123,120.74978981348534,4
kauai,21.978301752253397,-159.33334963412784,120.6997244060409,2
kauai,21.985013890354974,-159.33403001754309,118.92260536922788,1
kauai,21.994990420638484,-159.3364436663075,116.3298008267954,1
kauai,21.99942381067718,-159.33272373474114,114.47853628529236,1
kauai,22.171900610423943,-159.3124968369638,59.611309632944995,2
kauai,22.171728258381787,-159.31182485674358,59.742905418321016,3
kauai,21.902949290140935,-159.39726088293313,150.3189167748974,1
kauai,21.90303732221866,-159.3972460242055,150.30235653806915,2
kauai,22.225916589192842,-159.454202011503,15.227566587943443,2
kauai,21.937449387052787,-159.34643704952373,132.9663307378371,1
kauai,21.87428124078355,-159.45745716928553,168.61077409097652,1
kauai,21.942165023722744,-159.35053663089906,132.70451917988987,2
kauai,21.941602002533067,-159.3505321524077,132.82917731670886,13
kauai,21.941535744913335,-159.35050603727413,132.838923896835,27
kauai,21.959943399524157,-159.3311570856905,125.12129819307245,4
kauai,21.959880376857686,-159.33113815051226,125.13371044275544,4
kauai,22.212600394153576,-159.3555984951456,43.18075075039184,1
kauai,22.214101150475784,-159.35144224725488,43.6929761103641,3
kauai,22.21439170505384,-159.35076554314648,43.76539887476849,2
kauai,21.99114256234437,-159.33755730500678,117.64695005424016,1
kauai,21.94136927696111,-159.35054752740768,132.88384916685868,28
kauai,21.94144691935841,-159.35053365921016,132.8639486013234,18
kauai,21.941251906369295,-159.35048104798278,132.89720075180247,36
kauai,21.941360314515084,-159.3504785799941,132.87266273218972,17
kauai,21.94104448953315,-159.3504354357274,132.93447931336323,25
kauai,21.9409925217456,-159.35037048352106,132.93358575862567,21
kauai,21.94076077901557,-159.3501982864307,132.95200397592424,2
kauai,21.959044283013927,-159.33151664301198,125.39862052868347,2
kauai,21.963341365404798,-159.33084379315804,124.23092093247203,1
kauai,21.964614722119364,-159.33073710215305,123.89485848429536,6
kauai,21.96887870008449,-159.33142594342291,122.91469255774899,3
kauai,21.971774897457937,-159.33110760318897,122.11109560171485,2
kauai,21.97052928631017,-159.33062720337065,122.36343473914303,2
kauai,22.00077453779273,-159.33322058116605,114.12717617466984,6
kauai,22.000699733618195,-159.33322001888428,114.15019682148045,4
kauai,21.999423810677175,-159.33272373474114,114.47853628529344,5
kauai,22.05818635252829,-159.78265661898067,267.417726854356,2
kauai,22.06362499994749,-159.7837758964838,268.61135522975985,1
kauai,21.891239689003143,-159.56273597651813,198.01631550506028,7
kauai,21.891220670451784,-159.5625380373105,197.96134130488173,9
kauai,21.88888507008382,-159.54552420417886,193.11250635560575,1
kauai,21.888421123886552,-159.5128379240911,183.74871911010283,3
kauai,21.906768036887485,-159.62318698833178,214.96801938638743,3
kauai,21.903895597722965,-159.5908265791006,206.8730360706725,1
kauai,22.14768272805397,-159.7233081315349,290.57503070325436,1
kauai,21.921549089700832,-159.63773280734083,220.68947823980696,2
kauai,21.886811865703617,-159.53722211607473,190.6640369683026,1
kauai,21.88672705808496,-159.53707582421157,190.61827657780645,1
kauai,21.94879024504514,-159.66502183307253,231.60023511198412,1
kauai,21.965535296963782,-159.7127360162768,242.08178298663745,1
kauai,22.03545632261,-159.78638946906153,262.58436226238507,1
lanai,20.805927545881293,-156.8065221686272,102.78767786954825,1
lanai,20.806452319112076,-156.80624603821946,102.48835746430359,1
lanai,20.82530914446825,-156.98997203372653,265.89736499830246,1
lanai,20.835517942835704,-156.8158687336371,86.75503657902846,1
lanai,20.832799579136548,-156.81405129764934,88.38057855971681,1
lanai,20.844552329648863,-156.82046623353918,81.1093168709624,2
lanai,20.851537878555263,-156.82638646416635,76.17093676098762,1
lanai,20.849153982557947,-156.82366405019107,77.99055223936602,3
lanai,20.84991119725556,-156.8246494200438,77.40559174016693,1
lanai,20.85124897199397,-156.8259947963669,76.40421261867237,3
lanai,20.856582909496243,-156.82953115549316,72.54773003373396,6
lanai,20.85628019116867,-156.82943135449057,72.75249139112589,2
lanai,20.86000637412493,-156.8336800663236,69.59845034372864,1
lanai,20.859317107651194,-156.83276528610375,70.22276301580325,3
lanai,20.858810608317313,-156.83180657967705,70.73445701899368,2
lanai,20.858644064412644,-156.83172000018757,70.85510730344498,2
lanai,20.858299094845044,-156.8313646569508,71.1396889436486,5
lanai,20.858240656426922,-156.8313426287679,71.18023858895316,5
lanai,20.85771121920563,-156.83084043773772,71.6059847477216,2
lanai,20.85763350476952,-156.83070838987567,71.67942863323611,2
lanai,20.85753771008172,-156.83056065280243,71.76688507233655,5
lanai,20.857401070217918,-156.83045366221535,71.87167669321036,3
lanai,20.858089048109637,-156.83113766060336,71.31440339528285,8
lanai,20.858170050522904,-156.8312298858518,71.24616869460192,6
lanai,20.85796567334065,-156.83106545096285,71.40488356504414,5
lanai,20.74442981562116,-156.97173460010686,209.46952016409364,3
lanai,20.74440915844282,-156.97166785935374,209.431932628891,4
lanai,20.861991335989565,-156.836046126918,67.81896671330583,1
lanai,20.860905396531003,-156.8346567999121,68.82089479913151,2
lanai,20.860807255708746,-156.83459460123646,68.89623925466316,2
lanai,20.860697578585988,-156.83454851705145,68.97514206510886,1
lanai,20.86728307277575,-156.84168983167166,63.00621796519687,2
lanai,20.865367232984656,-156.83884221370926,65.00231636797662,4
lanai,20.86678817506227,-156.84103142621206,63.50666300963394,2
lanai,20.866096761539644,-156.84000111000464,64.23015291288692,1
lanai,20.8696754408004,-156.84453072561763,60.64309910626042,1
lanai,20.869649152298578,-156.8444655703938,60.68043825191182,1
lanai,20.86920469263827,-156.8441252359668,61.0645915035733,2
lanai,20.869272276971653,-156.84391288433451,61.09060112716969,1
lanai,20.870127099800943,-156.84512712412482,60.169392573814434,5
lanai,20.870139765101698,-156.84505718523354,60.18467216150452,4
lanai,20.876808521638036,-156.8526310092355,53.37300477406774,1
lanai,20.873770720378968,-156.8487118968127,56.69768448705821,1
lanai,20.873387452321317,-156.848454073856,57.0230342143829,2
lanai,20.873236643752524,-156.84819640012856,57.2079119667232,2
lanai,20.87582145883483,-156.85131035645244,54.48344143983627,1
lanai,20.875935348562994,-156.85149073028498,54.34483528724434,1
lanai,20.74440797776127,-156.88452189987277,158.82311512903755,1
lanai,20.87755512837856,-156.85433696152728,52.22875537331697,3
lanai,20.877518698646128,-156.85425503309014,52.28459105860446,10
lanai,20.877429080443413,-156.853964766753,52.45893762369019,12
lanai,20.87730225324887,-156.85324281354502,52.83340052607656,1
lanai,20.87716724175429,-156.85299124553174,53.015829288559644,3
lanai,20.877055571331365,-156.85291557617427,53.112122008973074,3
lanai,20.87693354370744,-156.85289251954927,53.192966738578434,6
lanai,20.876810508106757,-156.8526309809929,53.37185208668416,2
lanai,20.88345597137803,-156.8599255917124,46.4069426907879,1
lanai,20.884080734571356,-156.86043026966146,45.83282829207343,1
lanai,20.88681184078519,-156.86345763996601,42.92916137319685,1
lanai,20.886014477997392,-156.86249604174236,43.81572797777892,1
lanai,20.888387261132504,-156.8652535214789,41.230010313130435,1
lanai,20.892037886159986,-156.8693421001981,37.35061981983898,3
lanai,20.891606895119622,-156.86871699632667,37.883473615710955,2
lanai,20.891447730089222,-156.868351948125,38.15258874397182,3
lanai,20.891236843800517,-156.86798186536288,38.44736880627096,4
lanai,20.89066037192324,-156.86698884004636,39.24134821425065,1
lanai,20.8899819273408,-156.86672589005764,39.6966851226602,1
lanai,20.895109200040462,-156.8738247985903,33.538125927557076,3
lanai,20.895043480806464,-156.87381246239696,33.57182855739131,2
lanai,20.8938918462862,-156.8727538817629,34.649830872850316,5
lanai,20.893921506995333,-156.87262641651293,34.70961867939508,1
lanai,20.733575357976296,-156.9589386401077,200.67803349033196,3
lanai,20.897680009040734,-156.87632419878884,31.096239885412274,1
lanai,20.897227667328735,-156.87585407977144,31.539239877190482,2
lanai,20.90297577205043,-156.8809870135834,26.549469838961272,3
lanai,20.90304020125924,-156.88095362377916,26.548851356716625,2
lanai,20.920651752794242,-156.9257909069762,356.58318122539225,3
lanai,20.92072485276254,-156.92577163766714,356.59726137936326,8
lanai,20.920644133252498,-156.92563952401014,356.67201946492156,3
lanai,20.920706235025346,-156.92721295200394,355.74945155761344,3
lanai,20.920734652622617,-156.92692035070675,355.9225586586889,14
lanai,20.920672589436464,-156.9268667995594,355.951245395981,16
lanai,20.91975059747434,-156.92204709100778,358.7787604977777,3
lanai,20.919580054698713,-156.9150670410754,2.9463202558607122,15
lanai,20.919519247125134,-156.91779520781887,1.3186859025596505,1
lanai,20.91781334460696,-156.91014633494217,5.987138831900779,4
lanai,20.918012515465783,-156.90977274483922,6.19844228192494,4
lanai,20.926323521362793,-157.0090205288886,319.1802770317665,1
lanai,20.924051674010432,-156.9724977494267,332.4490857998198,1
lanai,20.92337946592543,-156.97030205952333,333.27585334224665,4
lanai,20.924163668284063,-156.97371492922093,331.93534063475494,3
lanai,20.924212909523455,-156.9734351166203,332.0717885637278,1
lanai,20.92347963078098,-156.96566727147467,335.4587427384699,11
lanai,20.923571057577607,-156.96476053598872,335.91091303120436,4
lanai,20.923760727455438,-156.9642917654677,336.17778603281135,1
lanai,20.92295691437679,-156.95704885677762,339.569162106783,5
lanai,20.92321522675297,-156.9517898342703,342.3204948247533,5
lanai,20.923153104515702,-156.95176088012423,342.32454873628495,6
lanai,20.922329533980452,-156.9493916620824,343.43079015277686,4
lanai,20.923113606376972,-156.95333189946638,341.5011417399628,2
lanai,20.92347408533563,-156.9530411278934,341.7177108600553,2
lanai,20.92233560223269,-156.94887443308056,343.70779208204874,2
lanai,20.922524380180796,-156.9452868264869,345.67098776780136,12
lanai,20.922566260962856,-156.94520974081604,345.719077801124,9
lanai,20.922572517649794,-156.94512929596314,345.76371607582695,7
lanai,20.92276437810339,-156.9445620474211,346.1001164805202,9
lanai,20.92268709408969,-156.94448908626586,346.12870087373824,7
lanai,20.922686017949058,-156.94430973378508,346.22625495722923,14
lanai,20.922482537737565,-156.94359715699343,346.58687474081904,2
lanai,20.922502014766362,-156.94398446208513,346.37762831475277,9
lanai,20.92306796944236,-156.9367584083131,350.44680797357614,1
lanai,20.923031650022697,-156.93668258337973,350.4855957572335,2
lanai,20.92295718820338,-156.93651461756488,350.57225382012587,17
lanai,20.923439341112754,-156.93743118967294,350.10945890109014,2
lanai,20.92203416533995,-156.93178185747584,353.1770558843471,18
lanai,20.92204577157211,-156.93089140806342,353.68918057244355,8
lanai,20.922045966562305,-156.93184648233392,353.14085806421537,15
lanai,20.927949828433118,-156.99895692207505,323.00530674796704,2
lanai,20.927969788244003,-156.99865654007456,323.11581563776974,1
lanai,20.928125346579964,-156.99770471144143,323.4935996007396,1
lanai,20.928197259477727,-156.99627526754165,324.02085613925635,3
lanai,20.92796482957604,-156.99991302112352,322.6775519724309,1
lanai,20.92795514548556,-156.99579264922932,324.1264481215699,1
lanai,20.929240591618864,-156.98806205992966,327.34001468890614,2
lanai,20.92918442748676,-156.98798648289002,327.35419818818616,4
lanai,20.92889685230063,-156.986944047584,327.6799025194518,1
lanai,20.927284582779208,-156.98144223570003,329.446970435872,5
lanai,20.928512664843513,-156.98480261096034,328.416165946528,4
lanai,20.92843433832377,-156.98464004663268,328.4600247529946,2
lanai,20.928412288454755,-156.9845624768714,328.48496805873214,5
lanai,20.926601054557544,-156.97788504695956,330.74888566331725,1
lanai,20.926380967426372,-156.97862549321414,330.38126276595005,2
lanai,20.734523222756284,-156.93438029234935,188.01294901282512,1
lanai,20.752200669358846,-156.9802478916209,215.89649299433984,3
lanai,20.75499759360225,-156.98204603809307,217.7106335451238,1
lanai,20.755001904113275,-156.98198241634017,217.68378609340104,1
lanai,20.767672302006023,-156.98557034728742,224.51654369454872,1
lanai,20.7653669210872,-156.83315610054242,128.52996455228163,1
lanai,20.770120340365054,-156.82862598214166,125.03630955142461,1
lanai,20.770411458711518,-156.82847990032144,124.86222103287906,4
lanai,20.73786481267039,-156.90185598635824,169.5710399662571,1
maui,20.92036393885378,-156.49239681668712,308.4089611682229,2
maui,21.02277187338539,-156.58807329502113,312.7191718403203,2
maui,21.022145344470733,-156.5873696028776,312.7167174330899,3
maui,20.916749995203553,-156.4920104899443,307.62767640457986,2
maui,20.916679549538532,-156.4919355532416,307.6237723046146,2
maui,20.916357253180443,-156.49193880311304,307.5466142964938,5
maui,20.91730321749894,-156.49179544121122,307.7955718322982,2
maui,20.91723627608109,-156.49177464515228,307.7833003504263,2
maui,20.91471687248611,-156.49163514758897,307.20606436596313,1
maui,20.912232542211495,-156.49025736949235,306.83880301913996,2
maui,20.909721418395215,-156.42206251136136,321.8903588390892,1
maui,20.90556086129369,-156.48183199689095,306.63888962399017,2
maui,20.905374421946824,-156.48172883545902,306.60904172477956,2
maui,20.905990130522305,-156.48217632488388,306.68809728883747,2
maui,20.897788729662423,-156.20204323035762,50.73353967618124,1
maui,20.901420676180035,-156.6848746758101,286.99933000646644,1
maui,20.89589651391962,-156.68515356379996,286.1107862013984,1
maui,21.019979032148736,-156.58519990195802,312.67863560369005,1
maui,21.019627611368985,-156.58494648572216,312.661352565169,3
maui,20.889716518564835,-156.19306004820078,54.97614244260865,4
maui,20.858087344867442,-156.13795384388933,72.0708628577986,3
maui,20.848818302060252,-156.1290219558898,75.43445400551155,7
maui,20.84860993233475,-156.1289346814769,75.50002663704339,8
maui,20.848864066334595,-156.12890872877665,75.42924039562115,11
maui,20.840849546869354,-156.1288924433338,77.74108408132611,2
maui,20.83107291076112,-156.63894309141932,276.1408437681042,1
maui,20.83109394705928,-156.63885766245335,276.14665597909215,1
maui,20.83045235590503,-156.6381040698317,276.03538509302405,1
maui,20.828912406397844,-156.63619520046657,275.7677625639696,1
maui,20.827254026607072,-156.63451316501275,275.4688360565571,2
maui,20.815142151459433,-156.62839343863195,273.1071647579634,1
maui,20.813178336358213,-156.62716933491586,272.71595856558736,1
maui,20.814626806544748,-156.62803444172965,273.005221881757,2
maui,21.011897096486873,-156.56650809831385,313.783218094565,3
maui,21.01186913819328,-156.56643469927945,313.78832547230564,2
maui,21.011452146865306,-156.5582821249219,314.7367775058165,1
maui,21.011320215892436,-156.55841351440233,314.7024155836151,1
maui,20.810967098839527,-156.62482454204434,272.27872049837555,2
maui,20.809166462304706,-156.62066636636288,271.9321209524436,1
maui,20.809358451493264,-156.62097950244976,271.97043600307586,2
maui,20.808285572531428,-156.61681036468946,271.7700335222021,2
maui,20.7887760548655,-156.51507831659976,266.2882914111815,1
maui,20.78387768754183,-156.549606987385,265.50962370979596,1
maui,20.7691445495655,-155.98487312227726,95.46293792500398,1
maui,20.76918605161312,-155.9847486853725,95.45367989190322,1
maui,20.774409014864766,-156.5363225277762,262.44206589474635,2
maui,20.76471175726634,-155.97998051218863,96.15537454365904,9
maui,20.764971507866008,-155.97982486619395,96.1077145016452,5
maui,20.764196638991493,-155.9804794309188,96.25336559929718,2
maui,21.00576786500521,-156.55567724186966,314.28496645116184,20
maui,21.00578163027287,-156.55557951339986,314.2992869950379,24
maui,20.74599534691838,-155.98330571046648,99.46029236377456,1
maui,20.744433062570938,-155.98379001309257,99.74215625655381,3
maui,21.004079456193995,-156.66191886811382,303.33345696454495,1
maui,21.003889528735836,-156.66168699980324,303.32734726565843,1
maui,20.716402708638572,-155.98826979436524,104.66458918328601,1
maui,21.029594375841665,-156.58847262494766,313.5372899759608,1
maui,20.710314950321226,-155.98886316103082,105.70754677982825,3
maui,20.630240556993396,-156.12445781434883,131.46032111767158,2
maui,20.62475027106391,-156.2065706328511,146.63897427387957,1
maui,20.62140934732363,-156.16266317288844,138.78429949123574,1
maui,20.619322677576374,-156.22276759060634,150.97755774261458,12
maui,20.61923440624063,-156.22276900053706,150.989748036974,6
maui,20.61442213121463,-156.22779407983438,152.75833728793168,1
maui,20.608296247852905,-156.2438076574229,157.2025456329667,2
maui,20.58855054037104,-156.28564584763254,168.90556669220894,2
maui,20.588742836461556,-156.28554177135015,168.87031267271743,16
maui,20.588613428471188,-156.28541903813525,168.84701822909926,3
maui,20.589920408549627,-156.285156390632,168.7149725898588,10
maui,20.588645055758217,-156.2863755295434,169.07889962335184,10
maui,20.58868469736305,-156.2862666777448,169.05030283792075,8
maui,20.589921686913414,-156.28512281052573,168.7066721988283,26
maui,20.589904353554118,-156.28505389324437,168.6906849701387,15
maui,20.590053256337832,-156.2847392673516,168.60571551684234,19
maui,20.590192248127167,-156.28466738934534,168.58073330148864,6
maui,20.58746282052816,-156.2872004796055,169.3388466604198,1
maui,20.58402498788748,-156.31330554826752,175.86697789317395,1
maui,20.58282998558916,-156.30172038729515,173.05942749930216,2
maui,20.584113035286595,-156.29624708840697,171.6847759736945,2
maui,20.584128739690186,-156.29590031745914,171.59995728208196,2
maui,20.580109216593062,-156.39944961297658,196.4493619864641,1
maui,20.981116137629286,-156.5266576833309,314.5722774035646,1
maui,20.977047547783204,-156.52649913726736,313.9447214633792,13
maui,20.977116780911494,-156.52647896198553,313.95885388661975,7
maui,20.973618584783562,-156.5269614764304,313.3178438604448,3
maui,20.967259668118707,-156.52576296104525,312.4262526366244,3
maui,20.964925572765825,-156.5256758364412,312.03823158587096,3
maui,20.964785499297598,-156.5256179647385,312.0224493428154,13
maui,20.964423351791876,-156.52542666764435,311.9876407708915,3
maui,20.964320489958737,-156.52536952955717,311.97814338794956,17
maui,20.964042605280465,-156.52504899408387,311.9767037000558,8
maui,20.962522636113928,-156.52267791966017,312.05995704670295,1
maui,20.95799994756232,-156.5194211145214,311.7416826458482,2
maui,21.0241600780186,-156.61845562980432,309.73615308578593,3
maui,21.02424247354898,-156.61840719555389,309.75123455497476,4
maui,21.024179664541286,-156.61838415044852,309.74559462665053,5
maui,21.02394541034465,-156.61900145673462,309.65594243142027,1
maui,21.02367852659421,-156.61449539026668,310.06529322829886,1
maui,20.948209349075988,-156.5102365606899,311.33596132618754,3
maui,20.942444517101936,-156.2956551965264,12.701969751680394,2
maui,20.942662598149592,-156.29592593889842,12.586396763475932,1
maui,20.94022450266452,-156.30851792628772,8.15009165212382,1
maui,20.939564032981316,-156.3053303286307,9.382883578312828,1
maui,20.939664148849083,-156.3072102029093,8.67308857702426,2
maui,20.939295383764648,-156.3060751179658,9.12169014043343,1
maui,20.93625789122614,-156.3401831956737,356.00358493201685,1
maui,20.936660653052538,-156.2756169163632,20.405547236833172,3
maui,20.937479115204045,-156.50779023164546,309.59675397259156,2
maui,20.93134665990695,-156.2403876604529,32.52942564937098,8
maui,20.934739849477037,-156.50517449319307,309.44756559457915,1
molokai,21.094185173255724,-157.29390379915264,262.020156222533,2
molokai,21.09354146554127,-157.295839577809,261.93487100019615,1
molokai,21.09139436213143,-157.27743251322653,260.86650242546347,1
molokai,21.091093704026157,-157.2720991557915,260.60531464938333,1
molokai,21.09030880874189,-157.26714391714742,260.23083811959043,1
molokai,21.21017414994151,-157.19451374724756,296.22162067350143,7
molokai,21.210160069486697,-157.19439640846105,296.2329087154453,5
molokai,21.21004155912166,-157.19439553818793,296.19942625309784,9
molokai,21.076013166393025,-156.78889079888665,104.05980416092768,3
molokai,21.077019070035835,-156.99059860035132,152.63249627354458,4
molokai,21.076995375068204,-156.99047382638554,152.5438025180208,1
molokai,21.063239752233343,-156.94512756609763,133.70910779474622,1
molokai,21.056690349305413,-156.91224472225943,126.10604648684244,1
molokai,21.054356280956302,-156.8359587145172,113.78028161962294,1
molokai,21.209964336274904,-157.1943365666459,296.1851968949505,6
molokai,21.209732984869223,-157.1942399789078,296.132071682294,8
molokai,21.209789813051618,-157.19421617101187,296.1513143890745,5
molokai,21.208205373876563,-157.19326782803878,295.82186608107276,15
molokai,21.207975740557146,-157.1932305540544,295.7606911625701,10
molokai,21.207913901647537,-157.19305620011642,295.76548236636125,5
molokai,21.20936566489207,-157.19399652120083,296.05920764169576,2
molokai,21.207277057693496,-157.19257600477272,295.64392563360985,2
molokai,21.206394733474557,-157.19192832099665,295.4716980747104,13
molokai,21.206196130244397,-157.19163427558127,295.4518751052867,8
molokai,21.207261726579542,-157.19259506967742,295.637021685362,5
molokai,21.207073168153496,-157.19244614632632,295.6017206280144,8
molokai,21.20701156452717,-157.1923950774257,295.5904823240024,11
molokai,21.205427405154946,-157.19083284524288,295.33069803864544,54
molokai,21.20536973452035,-157.1907611179195,295.32305658964185,73
molokai,21.205286718469246,-157.19070106480896,295.30643966412737,41
molokai,21.20522333205052,-157.1906016681451,295.300687090048,22
molokai,21.205231570460413,-157.1904938860885,295.31710575810456,19
molokai,21.205158019724742,-157.19045741164476,295.30018478975956,13
molokai,21.2050680916256,-157.19027492877942,295.29739305211285,6
molokai,21.205038868642184,-157.1902113309665,295.29704349780616,7
molokai,21.204545883160705,-157.18955275970598,295.2370030748323,2
molokai,21.20438250688737,-156.97925448855463,27.064908292720304,1
molokai,21.20416681547071,-157.18885446993136,295.21555178433925,1
molokai,21.203812527522302,-157.1885971983805,295.14355589713307,12
molokai,21.203820025376615,-157.18845417495095,295.16450341905295,11
molokai,21.203722410426227,-157.18838043243863,295.14498600599944,16
molokai,21.20378361716391,-157.18837756683004,295.1636555857689,13
molokai,21.20447256783951,-157.18935293140837,295.24131846735395,3
molokai,21.20372330282291,-157.18834574805277,295.1497932440553,6
molokai,21.203563069308867,-157.18802543225175,295.14381451667134,9
molokai,21.203115160251613,-157.18688860325003,295.15883470116427,4
molokai,21.203057149688483,-157.18671806380726,295.1638766256473,9
molokai,21.203078522559146,-157.18662245120328,295.18298142910953,12
molokai,21.202323802831035,-157.1828915925981,295.45462381618745,16
molokai,21.20223191720883,-157.1828468713319,295.4324691622312,22
molokai,21.20279823572478,-157.18506499962794,295.3056097498201,17
molokai,21.20285284180931,-157.18533882886038,295.2855178840416,9
molokai,21.20277622863621,-157.18439569004974,295.38897419739845,2
molokai,21.202763318969343,-157.18427025377642,295.40197983953306,12
molokai,21.202547639313384,-157.1836828690699,295.41560553419464,12
molokai,21.20256840606961,-157.1835982437299,295.43345278547724,82
molokai,21.202564139085826,-157.18353742525903,295.4404093598056,77
molokai,21.202278554792066,-157.18256448559995,295.4854175872491,4
molokai,21.20236333919756,-157.18230185880086,295.54754332358823,6
molokai,21.20241391827225,-157.18186551441258,295.62321675338967,7
molokai,21.202372342739746,-157.18172867942695,295.62928098779383,17
molokai,21.202301946166365,-157.18168331053576,295.6138081794552,18
molokai,21.202299053299882,-157.17448310815087,296.6447876085166,2
molokai,21.20074778545426,-157.1699831832386,296.82599626524063,1
molokai,21.200634095633088,-157.16749471353518,297.17649316122674,1
molokai,21.200735051007342,-157.16722629707598,297.2522186598618,1
molokai,21.20143769451241,-157.1622850599959,298.29201356484657,1
molokai,21.199435820583208,-157.15729239248938,298.4668468660218,1
molokai,21.198939226002512,-157.1418089162567,301.2475946182064,3
molokai,21.198827450953818,-157.14163194799872,301.2433060877044,1
molokai,21.19915168925963,-157.13877691158825,301.9709168111626,1
molokai,21.197945956702306,-157.1321193187499,303.0116678968463,1
molokai,21.196708629972107,-157.1228513371207,304.8125988950161,5
molokai,21.19657745163363,-157.11794572199872,306.0821248604349,22
molokai,21.19651170570506,-157.11791381030167,306.064069583499,18
molokai,21.196578729453115,-157.11781723120887,306.118454846365,1
molokai,21.190750597118765,-157.08226404848202,316.2885714001626,5
molokai,21.189868344801287,-157.07938252495563,317.2251323216509,12
molokai,21.189735180769308,-156.9501327071907,47.49135179463724,3
molokai,21.187979807922655,-156.9491438975483,48.7408847803074,9
molokai,21.18542621193537,-156.94898442991186,50.07950122323143,3
molokai,21.18358575606565,-157.01884757428382,1.14921203865282,5
molokai,21.17968560968093,-156.9953176011041,24.861643225580053,1
molokai,21.175323475488316,-156.7710734756602,78.95475165386506,1
molokai,21.175582259186587,-156.76655644542183,79.08640692235952,31
molokai,21.17403686102637,-156.78217049385748,78.77227825016666,1
molokai,21.173920003996404,-156.7827622287818,78.7740943633284,6
molokai,21.1730531059804,-156.78006686852711,79.11091482538774,1
molokai,21.17297706584027,-156.77981903037366,79.14063851236176,2
molokai,21.172799023162572,-156.9436755676502,58.986932678039466,3
molokai,21.17200291358852,-156.7991317566537,78.47648828683867,4
molokai,21.172061838919664,-156.79912144944373,78.46127945890112,4
molokai,21.166788956226622,-156.73601027974013,82.09328415704715,7
molokai,21.163852858954716,-156.73618492405635,82.71281641618208,1
molokai,21.22078771287015,-157.2456180021484,293.3354145568628,1
molokai,21.218630896682296,-157.20918007401394,296.6690223038827,12
molokai,21.16366016960077,-156.7362130784383,82.7531414687486,2
molokai,21.16380347907295,-156.7361658439299,82.7238158573333,6
molokai,21.161412400980694,-156.7361483132636,83.23395755392738,2
molokai,21.162098115079537,-156.736131719522,83.08807295474122,1
molokai,21.15027431529761,-156.71159470756254,85.96858707033726,2
molokai,21.14920992837471,-156.71173447036404,86.17786231112893,9
molokai,21.145846086013623,-156.71391689514138,86.82321569490438,8
molokai,21.14591643369181,-156.71391042486275,86.80920895439704,6
molokai,21.14582861926453,-156.71381378379004,86.82777668045622,1
molokai,21.146610040983653,-156.71351628910307,86.67473893044786,12
molokai,21.146542161040585,-156.7134915344901,86.68856477289091,10
molokai,21.13678690926259,-156.71892698518354,88.61558558402976,10
molokai,21.138453143756667,-156.71840346599453,88.2788778940178,4
molokai,21.138473274765165,-156.71834271145534,88.275128800473,2
molokai,21.217597050260256,-157.23745873675568,293.3574613202941,2
molokai,21.21721452748411,-157.22859726204015,294.1437038485348,1
molokai,21.21702982573021,-157.225906207368,294.3768876814409,4
molokai,21.21700787058158,-157.22584539954414,294.37781516503344,2
molokai,21.216715562362868,-157.20640900701704,296.5064116844383,2
molokai,21.216406026297545,-157.2055502610069,296.53025154932266,1
molokai,21.21672635865165,-157.2064730286091,296.5014030603113,9
molokai,21.133912183119456,-156.72105459426623,89.19619772761962,1
molokai,21.134508087293447,-156.72035055913656,89.07595819220865,9
molokai,21.13572854790686,-156.7194746820961,88.82927883638308,1
molokai,21.13585269524753,-156.7194398643281,88.8040531350274,4
molokai,21.133084634789142,-156.72172385823689,89.36478920069527,18
molokai,21.133166001890995,-156.72165042774165,89.34819536262916,22
molokai,21.133620172407834,-156.7213516569559,89.25544783883004,8
molokai,21.13368215391595,-156.7212737099683,89.24289930277394,4
molokai,21.130229321234253,-156.722974827942,89.95257565444928,1
molokai,21.126681448530636,-156.72704146570442,90.6957792709282,1
molokai,21.119192843591044,-156.73345530698813,92.31543710561914,7
molokai,21.121731978954546,-157.29915557369583,268.18130527847666,1
molokai,21.12065970497373,-157.29846101887262,267.9405107940729,1
molokai,21.114304944620613,-156.7393351922467,93.43088225999537,1
molokai,21.214692866635623,-157.20199045555768,296.5152683036056,2
molokai,21.21466986083153,-157.20183180143712,296.5290147456652,2
molokai,21.21484675794514,-157.20242994346538,296.50161595459775,2
molokai,21.21440957573245,-157.1985807892639,296.87313463214826,1
molokai,21.214350682932242,-157.1985296825036,296.8636242450485,3
molokai,21.214182492347707,-157.19842692505054,296.8308369536808,4
molokai,21.214104747590998,-157.19826816615404,296.83005726064715,30
molokai,21.21409649547344,-157.1982058494088,296.8358615428282,27
molokai,21.100474539826305,-156.75350635228554,96.77376672174387,2
molokai,21.100766912252126,-157.10071225389228,248.77900356235722,1
molokai,21.100717428193725,-157.0987793217778,248.2728791370921,1
niihau,21.90708476280528,-160.20208917946704,280.2827227206322,3
niihau,21.912302521836093,-160.1980044286115,289.233372058066,3
niihau,21.914119442129433,-160.19689086544687,292.41630574954183,7
niihau,21.920304864357025,-160.18891930073875,307.1158868506414,1
niihau,21.923493401871177,-160.18689586596048,313.2720634342447,1
niihau,21.923178429869015,-160.18650542369892,313.30425486155735,7
niihau,21.92312218640406,-160.186287903938,313.470463274607,3
niihau,21.92318057169764,-160.18630871835825,313.51996778754744,3
niihau,21.925310533619587,-160.18388801091692,318.79171536191956,1
niihau,21.925222602326624,-160.18252491698854,320.3548728500406,1
niihau,21.92728479581024,-160.17636822235562,330.8991862267013,1
niihau,21.92809711838384,-160.1722633091411,337.95378712618816,3
niihau,21.92894996052663,-160.16994107477416,342.32770394037306,1
niihau,21.94207862085222,-160.14660704091952,16.452692467402983,2
niihau,21.94426305545976,-160.14136544423204,21.33636556327656,2
niihau,21.948863739975117,-160.13214665529821,27.87373199473177,1
niihau,21.953431865015684,-160.12608051736248,30.49836949656543,4
niihau,21.9523106708362,-160.12778854777937,29.740869337049503,1
niihau,21.952562195721278,-160.12733580007114,29.96747653675743,2
niihau,21.960148852889386,-160.12032657771266,31.46617594874766,1
niihau,21.956370587811325,-160.12336416298658,31.09041927139168,1
niihau,21.95668333700579,-160.1230714625359,31.15189480616897,2
niihau,21.95672505939007,-160.1229410606562,31.22268980146862,1
niihau,21.964580662265107,-160.11949904358377,30.19430876742541,5
niihau,21.964605108288268,-160.11943783714614,30.222501467466202,5
niihau,21.97241597609857,-160.11539077655064,29.750545424840425,3
niihau,21.9744563804613,-160.11425440325704,29.685629635369878,2
niihau,21.97543134792094,-160.11384226436184,29.586130362622896,4
niihau,21.986290518080843,-160.1107783651905,27.890218167645514,1
niihau,21.99416801595303,-160.1077782532853,27.22764150238396,4
niihau,21.994165708512238,-160.10761163168897,27.302537277749536,8
niihau,21.994304324776557,-160.10752475659592,27.3068800920812,1
niihau,21.99412518989885,-160.10735133792937,27.42852795901456,5
niihau,21.994200406782085,-160.10723549289662,27.461317000242275,3
niihau,21.994376715122453,-160.10702473187698,27.510968808243433,4
niihau,21.993051061809208,-160.1102203777378,26.398216595690144,2
niihau,21.995997056571387,-160.0603023603336,43.93810726097905,17
niihau,21.996064175174485,-160.06026043236807,43.93013530678297,10
niihau,21.996348422408012,-160.05921736966957,44.14341221260605,5
niihau,21.996292877184786,-160.0590338820335,44.21201402040464,1
niihau,21.996270042987405,-160.05893277900694,44.24746774112043,3
niihau,21.99626464217562,-160.05881785683354,44.281620314467204,6
niihau,21.996035845496092,-160.0607579140021,43.795443571794976,6
niihau,21.99609329524486,-160.06073044409712,43.786247945841865,2
niihau,21.99755200626894,-160.1046568104833,27.761418058510912,1
niihau,22.000995690260645,-160.0934987806016,31.422400181088392,2
niihau,21.99945461399152,-160.09563449488044,30.984034644725455,4
niihau,21.998012580419687,-160.08174605494943,36.530718406487836,8
niihau,21.998072528348796,-160.08166901691703,36.54092816400913,16
niihau,21.998834923144216,-160.0744444919092,38.77047620665195,3
niihau,21.998821459646106,-160.07658010346933,38.06913858871576,1
niihau,21.999389047464984,-160.07292456186923,39.107102816009785,1
niihau,21.999473591732826,-160.07190363816866,39.41047770435756,2
niihau,21.999895360856886,-160.07136473851335,39.46297144658831,1
niihau,21.9990265817168,-160.06522673613583,41.60458006266725,1
niihau,21.999190240212528,-160.06506405949733,41.606392214527204,7
niihau,21.999283869924668,-160.06505739680046,41.58155014306453,2
niihau,21.999133824462206,-160.06504348987247,41.628740453593196,9
niihau,21.99915428650751,-160.06484157814128,41.68330510083365,3
niihau,21.99900778503437,-160.0648383532758,41.72634847441077,2
niihau,21.998972215259364,-160.0647514887327,41.7625456045202,1
niihau,21.999077159628325,-160.06453257796912,41.79772797860295,1
niihau,21.998868598197337,-160.06440412577922,41.8960181394969,2
niihau,22.00044025440578,-160.0670146259677,40.66160124035872,3
niihau,22.00021829560268,-160.0665574935462,40.86324535401718,10
niihau,22.0001593957,-160.0665022259804,40.8966774712801,21
niihau,22.000092764938856,-160.06649669059186,40.91722621492113,13
niihau,21.99991535956045,-160.0663004665965,41.027009704937655,19
niihau,21.999515511329562,-160.06599912612018,41.23198390618768,2
niihau,21.999468146495264,-160.06569790264166,41.33639238982016,3
niihau,21.9994029514736,-160.06561042879866,41.38137087604093,9
niihau,21.999190138874592,-160.06549686050752,41.476473429407065,1
niihau,21.998807292801374,-160.0624070500893,42.503175368776,1
niihau,21.99848917543528,-160.06228921550058,42.629669129275044,1
niihau,21.998268992078415,-160.06222538733246,42.712220442962575,3
niihau,21.99822173441615,-160.06210182130377,42.76202666512512,3
niihau,22.00342084916416,-160.08811265243844,32.819371038131465,5
niihau,22.003617401163567,-160.08808761008996,32.778922736953234,2
niihau,22.002220627696655,-160.0685307728769,39.701083292099554,1
niihau,22.00181382167373,-160.07068208424496,39.14421829613411,2
niihau,21.805160915563178,-160.24052291667937,218.23023857060886,1
niihau,21.804542518503546,-160.2385947682574,217.37738650584856,2
niihau,21.821433567247666,-160.24585186104926,225.39471843897206,2
niihau,21.820812313058155,-160.2457255551526,225.12691383788254,3
niihau,21.820790091110982,-160.24565377376868,225.09487787342337,2
niihau,21.82741008881826,-160.24513757453786,227.41908456934075,7
niihau,21.827494044342206,-160.24512069334398,227.44645721638747,7
niihau,21.827467627079738,-160.24519786183927,227.46192420412476,4
niihau,21.830318826173094,-160.24398184204495,228.19534050804813,6
niihau,21.83614870263093,-160.24431343239453,230.77835176937955,2
niihau,21.841203616620163,-160.24633157695982,233.72047878124005,2
niihau,21.847825880860686,-160.2437426106717,236.11917217076143,1
niihau,21.857412625856085,-160.23521220051794,238.60558212694974,1
niihau,21.8644288003924,-160.23215920999107,242.01853260583079,2
niihau,21.863658699482613,-160.2321498922439,241.50392528270783,1
niihau,21.869430286542332,-160.23317530405996,245.76025643740232,1
niihau,21.871101335099066,-160.2325598404102,246.76857995195905,1
niihau,21.887050529143373,-160.22672606520467,258.1861515003756,1
niihau,21.91678313145615,-160.0805294551851,77.17724221706544,8
niihau,21.912553060091135,-160.07866438888416,80.55587161553558,9
niihau,21.912425105078068,-160.07858791522088,80.65905611544997,18
niihau,21.911647302242557,-160.07809453696282,81.28640493748196,6
niihau,21.92370193999767,-160.08236132781533,71.78728421659196,2
niihau,21.923639055091023,-160.08233568039472,71.8380328153462,4
niihau,21.92315758404062,-160.08222380129428,72.20835393533287,5
niihau,21.918564621016895,-160.08109395060075,75.77119821193008,15
niihau,21.92437181877585,-160.0826425112001,71.2446594548449,1
niihau,21.924206852086815,-160.08258995130683,71.37459696331211,2
niihau,21.928710696708702,-160.08303917272767,68.09637473251286,7
niihau,21.925490524583502,-160.08288952775098,70.38992381135841,3
niihau,21.93012053414949,-160.08275376635657,67.20512260664367,16
niihau,21.93091666619208,-160.08254620395326,66.72223193055356,8
niihau,21.932194615342254,-160.0820684732263,65.99923621920738,1
niihau,21.934596931620682,-160.08133413240327,64.63896821742094,1
niihau,21.938331373865374,-160.0803718337784,62.57883305347923,1
niihau,21.941163960442125,-160.07986919748933,61.02827765387195,3
niihau,21.943467149612456,-160.07901415825017,59.95191315894476,7
niihau,21.94405304702827,-160.07879606483317,59.68549302777399,6
niihau,21.94432139063398,-160.0786509081782,59.57835494667688,6
niihau,21.94447053543508,-160.07855423518114,59.52399331117164,15
niihau,21.947418835071776,-160.07767981119633,58.16672000361319,3
niihau,21.951631494800257,-160.0765510995755,56.302990586025714,1
niihau,21.952409312711417,-160.0765455302995,55.908194042047285,21
niihau,21.95255264448935,-160.07650865029964,55.84728168416592,29
niihau,21.95248852274035,-160.07650623074665,55.88054382784952,29
niihau,21.95261692868079,-160.07648628128348,55.82186693681598,35
niihau,21.95287170079991,-160.0764268061727,55.71211808352524,29
niihau,21.953056073380278,-160.07641308813996,55.6236063857782,28
niihau,21.953596110409187,-160.07641056972466,55.35352022894955,31
niihau,21.953218530213967,-160.07640772659138,55.54364396166312,29
niihau,21.953121538428846,-160.07640351018748,55.59373459882346,39
niihau,21.952950823244162,-160.07640086905914,55.68050720461042,25
niihau,21.952805761831733,-160.0763984211085,55.754442200215976,25
niihau,21.95346826250585,-160.07640050448083,55.420715299945755,27
niihau,21.95331745123092,-160.07636567010564,55.50744197668456,27
niihau,21.95378827629153,-160.07636553548446,55.27200156913875,33
niihau,21.953402232978778,-160.0763583679494,55.46727575163624,13
niihau,21.953524394928305,-160.07635386497122,55.40755395397821,32
niihau,21.9537137422333,-160.0763529666152,55.313219978180314,51
niihau,21.953625439915303,-160.07634610424256,55.359518185928664,39
niihau,21.954110208803232,-160.07634103911678,55.119627072838966,10
niihau,21.95404322314423,-160.076334530899,55.155005482533056,6
niihau,21.953854343758447,-160.0763191643392,55.253939196293345,18
niihau,21.953775946832565,-160.07628952327806,55.30251531701771,31
niihau,21.954138697164584,-160.0762670771138,55.12923170238946,16
niihau,21.954202368286992,-160.07625554881358,55.10133738926419,21
niihau,21.954030491271034,-160.07623721158527,55.1925597564408,6
niihau,21.95029488404293,-160.076884794163,56.888140983609105,1
niihau,21.954133556018558,-160.0761969290149,55.15428595625275,15
niihau,21.954198896219918,-160.07617882838645,55.1276743040915,18
niihau,21.9547274267256,-160.07589191043377,54.95851173560976,9
niihau,21.95478617940424,-160.0758865424544,54.93132611849785,12
niihau,21.954771615863496,-160.0758205839397,54.959604177482504,9
niihau,21.956512469912667,-160.07445200484455,54.55018604479858,7
niihau,21.96142169969899,-160.07023351830728,53.592847308014825,7
niihau,21.961375706632015,-160.07016615970778,53.63386908431124,3
niihau,21.95827049584475,-160.07274865242078,54.2540737885754,12
niihau,21.958193480310488,-160.0727287065339,54.29620196724994,7
niihau,21.958258162272323,-160.07267302538366,54.28335608064759,9
niihau,21.958379299669996,-160.07265940872222,54.23116510372404,8
niihau,21.958347770513353,-160.07259060998686,54.26723341840153,15
niihau,21.95838289114024,-160.0725244419188,54.27144250578857,4
niihau,21.958294394956557,-160.07238123066537,54.357030462232046,15
niihau,21.958227670696793,-160.0723623305806,54.39394945601731,17
niihau,21.958508202814738,-160.0722865767978,54.28696208767218,6
niihau,21.95826116938033,-160.07224017735908,54.41612465389164,6
niihau,21.95857299322771,-160.07224193581658,54.27072281528831,20
niihau,21.9584312650326,-160.07211633729378,54.37530356359741,5
niihau,21.958837073774216,-160.07186333806862,54.26546403500947,7
niihau,21.96216266876251,-160.07061481405006,53.14710368934726,2
niihau,21.962086861944147,-160.07057570306304,53.192675060759825,1
niihau,21.964930842291512,-160.07026096547992,52.05192994977995,2
niihau,21.964121245484552,-160.07020822239468,52.41627130042025,2
niihau,21.964417093880957,-160.07016627793834,52.301664357570985,5
niihau,21.964424566273397,-160.07010086784413,52.31862543719359,10
niihau,21.963048047128353,-160.0699621452931,52.958093562736906,5
niihau,21.96638484545746,-160.0696268729741,51.63149108796273,7
niihau,21.963633423277592,-160.0698778209339,52.72901721939843,4
niihau,21.966891909284204,-160.06938875082028,51.49261221189016,10
niihau,21.96918147636871,-160.06798166591088,50.98226075975941,35
niihau,21.96960001207915,-160.06768766912975,50.90259694186312,13
niihau,21.970329204318894,-160.06690788151653,50.846204235837035,3
niihau,21.970271285281644,-160.06689621458514,50.872829991599815,7
niihau,21.96895768916666,-160.06816651888926,51.01670358840818,2
niihau,21.969134479613366,-160.06806847640428,50.974853599588414,21
niihau,21.97232649037193,-160.06476733586462,50.69828848622035,2
niihau,21.97032960842882,-160.06659545490646,50.94000362833344,9
niihau,21.972378826161812,-160.06469276507684,50.69995628503011,12
niihau,21.972202512664445,-160.06468970738567,50.76933264496927,5
niihau,21.97039937487574,-160.0665911335227,50.91350202697731,9
niihau,21.97298796145367,-160.06451038726732,50.518175210606955,7
niihau,21.97425997041436,-160.0643561924793,50.077088529100934,2
niihau,21.97450180901286,-160.06428458250795,50.0064926961262,1
niihau,21.970774819317352,-160.06608839229446,50.914871223771456,11
niihau,21.970990790680005,-160.06574348277957,50.93222917134244,16
niihau,21.97100419258358,-160.06562717165983,50.96150832642178,11
niihau,21.97119487378586,-160.0656156167197,50.8897481456068,33
niihau,21.97044150740601,-160.0666689261131,50.87335827879576,8
niihau,21.970365667714397,-160.0666625488892,50.905484548925585,9
niihau,21.971728500217772,-160.06498620994117,50.866723545509956,16
niihau,21.974525647425462,-160.06428611607873,49.99701497796002,2
niihau,21.97509237951109,-160.0639002255088,49.89676678530958,4
niihau,21.975226514061074,-160.06383246083985,49.866281746068296,5
niihau,21.97544704382412,-160.0635919765234,49.85414861517256,1
niihau,21.977672730768962,-160.06054549954078,49.911675450326356,4
niihau,21.97733627272754,-160.05851045815797,50.604463972753024,7
niihau,21.977492191530953,-160.05845427744535,50.56341105742729,2
niihau,21.977408879498604,-160.05837385348423,50.61589203310581,3
niihau,21.977154903656217,-160.05822669256892,50.74883429094689,2
niihau,21.97679608515482,-160.0580318789216,50.9332594693783,1
niihau,21.976594763062685,-160.0580125663935,51.01213835157881,1
niihau,21.976488085945313,-160.05760480486066,51.16290643015634,2
niihau,21.977342171538552,-160.05882837119015,50.514127496194874,12
niihau,21.977435982025725,-160.05882170609178,50.481890881188974,6
niihau,21.977283670211886,-160.05873883326464,50.56027173321229,7
niihau,21.976806406480907,-160.0542378747774,51.94967454254078,7
niihau,21.97693315161026,-160.05394166822592,51.98159332918067,2
niihau,21.976831395112335,-160.05411660678308,51.97249410439326,11
niihau,21.976973387421783,-160.05400627506572,51.9501120654279,2
niihau,21.97933327262871,-160.0509954655452,51.88924213518152,8
niihau,21.985895591044052,-160.05132893508252,49.57251848012078,25
niihau,21.98581033497421,-160.05126941724598,49.61608667074421,19
niihau,21.98660343043103,-160.05172739602756,49.2361883254859,1
niihau,21.987030941643354,-160.05172008583156,49.09852192758058,5
niihau,21.986311163432486,-160.05146488636478,49.40052037290474,5
niihau,21.98251000572383,-160.05023102699738,50.9879679789513,1
niihau,21.981197800477144,-160.0501464069537,51.45799246597585,10
niihau,21.983134221183978,-160.0501461243913,50.79828819454167,9
niihau,21.983196821717755,-160.050132250193,50.78070742186986,5
niihau,21.983650750668016,-160.05011873673536,50.631362714603654,1
niihau,21.981409046531002,-160.05005497991786,51.40866145843438,7
niihau,21.981309182964395,-160.0500476591846,51.44480362111756,8
niihau,21.981670145982154,-160.04988062362267,51.36346927305192,15
niihau,21.98190405556635,-160.04986142316335,51.288399569724675,12
niihau,21.99298042559274,-160.05483779084312,46.38072319056454,3
niihau,21.991213643746907,-160.05472786668034,46.959253988002786,10
niihau,21.991278879742197,-160.05472563678927,46.93942515299841,7
niihau,21.992709425522783,-160.0547247823617,46.494966729254315,1
niihau,21.990532420237816,-160.05468718602876,47.18448939358285,14
niihau,21.991350321507444,-160.05462930298913,46.94320615983713,6
niihau,21.990524227983357,-160.05461254222976,47.20731254605914,13
niihau,21.990594218450806,-160.05460143617418,47.1882465515273,7
niihau,21.991526912498728,-160.05444870137558,46.93695364928067,9
niihau,21.992324389238753,-160.05444839597865,46.689005891577835,20
niihau,21.990722936754395,-160.05442009421859,47.19679413324735,4
niihau,21.992212713351176,-160.0544237424418,46.730296274006264,23
niihau,21.991530399611307,-160.05438402330077,46.953373312366864,4
niihau,21.99227963743513,-160.05438374849638,46.7203806152192,23
niihau,21.990822883044626,-160.05435826024305,47.18206726442912,6
niihau,21.990307296861623,-160.05435135081333,47.34651825783919,4
niihau,21.99216268875284,-160.05436428662676,46.76191157166977,10
niihau,21.99161149379463,-160.05436001961047,46.93455663267957,4
niihau,21.990822886779732,-160.0543576791013,47.18222322611888,2
niihau,21.990363717693715,-160.0543151541684,47.33846611400372,29
niihau,21.987678364308156,-160.0519325239096,48.832508739917444,12
niihau,21.990464218443854,-160.05405456491653,47.37704191520095,18
niihau,21.990402302602067,-160.0540180751311,47.40641846361302,11
niihau,21.990977880508584,-160.0539953994283,47.231304143197576,2
niihau,21.989401187811175,-160.0528121268144,48.046648778331075,5
niihau,21.992084638046137,-160.05430830452366,46.80128495246436,21
niihau,21.99075604479446,-160.05413188527123,47.26423209114813,14
niihau,21.808219607154346,-160.19433027069672,199.13960095537308,45
niihau,21.808799136101378,-160.19388758027117,199.02198544428347,6
niihau,21.80883779863693,-160.1938126408088,198.99040848857916,3
niihau,21.809176822325547,-160.19359992490826,198.94488087704522,2
niihau,21.805859833702723,-160.19354186449266,198.2931280783617,1
niihau,21.809568232679695,-160.19333811351083,198.88332325356365,2
niihau,21.820621079063837,-160.18775149601362,197.97196711231385,2
niihau,21.823965585849702,-160.1861439082771,197.69424760554338,15
niihau,21.822910615031134,-160.1869809555886,197.9906208711363,1
niihau,21.82461372848819,-160.18550279428362,197.42615047912926,1
niihau,21.83304703370214,-160.1800409960671,195.5215023692611,3
niihau,21.830306114573105,-160.18239043174663,196.59849352291184,19
niihau,21.83038889919175,-160.18235976524267,196.5956386088935,8
niihau,21.83027771422473,-160.18231976432418,196.54260332627027,39
niihau,21.830393225380476,-160.18228549677852,196.5445054648418,15
niihau,21.829973173841857,-160.18210905565633,196.32736192516174,3
niihau,21.830641815370726,-160.18195878287494,196.37029394963653,44
niihau,21.83400476618427,-160.1796345601318,195.43190276477202,6
niihau,21.836384872321105,-160.1776119910956,194.4062991621275,4
niihau,21.83661990435246,-160.1773104942602,194.22011207273883,3
niihau,21.83747210301742,-160.17718511103593,194.30585755194724,33
niihau,21.83752622912892,-160.17709421747605,194.24510470943935,10
niihau,21.837180850894,-160.17708616536714,194.16354230586498,8
niihau,21.837883600806425,-160.17696594300588,194.22058812190073,14
niihau,21.837822577517183,-160.17696002520566,194.20244185515216,10
niihau,21.83515948599618,-160.1786886897906,194.97203150089172,5
niihau,21.835559578092923,-160.17862482215966,195.01163505878526,8
niihau,21.83549145379198,-160.17847487630542,194.88113884350142,3
niihau,21.8357761655243,-160.1783258866897,194.82897713583733,9
niihau,21.835916238531894,-160.17819157908184,194.75581942135244,12
niihau,21.835859993261177,-160.17812377759057,194.69087479048076,5
niihau,21.83628793938396,-160.1777518777577,194.4947540297397,3
niihau,21.787008765476003,-160.20244804336608,199.21678659101815,9
niihau,21.788395785379223,-160.2031128689301,199.71892254079253,23
niihau,21.78806376779585,-160.2031062289191,199.66212932340363,47
niihau,21.787259440278646,-160.2026840045606,199.35547419004033,1
niihau,21.843556170921506,-160.17382494662917,192.803439548287,20
niihau,21.84334283826188,-160.17376921304398,192.70705628081214,28
niihau,21.843742842562552,-160.17376822195283,192.79355261798662,5
niihau,21.842545500135994,-160.17370058353083,192.4757995059727,2
niihau,21.843351429168393,-160.17370445468094,192.65107727477866,30
niihau,21.843746081254906,-160.17369393730246,192.72748945547715,24
niihau,21.84381095492407,-160.1736919512717,192.7399170504799,11
niihau,21.842535295812365,-160.17363663965298,192.41724584897358,2
niihau,21.843739633595245,-160.1735083004343,192.55907070357918,23
niihau,21.843810764973465,-160.17346475891242,192.53521576372503,16
niihau,21.84333861634725,-160.1734485193454,192.41949310752224,2
niihau,21.843749935682776,-160.17343155769575,192.49218145925565,17
niihau,21.843867732142737,-160.1734313582096,192.51739145993514,10
niihau,21.8437499466975,-160.17343000963766,192.49078922783337,6
niihau,21.843840407538124,-160.17343752126072,192.51705298107998,13
niihau,21.843338641130256,-160.17344503622473,192.41638153914153,2
niihau,21.844861312270282,-160.17319002221953,192.51409127603742,3
niihau,21.843466426519836,-160.1733613184483,192.3684834393721,3
niihau,21.84396450131883,-160.17336480364463,192.4781462349733,15
niihau,21.84404256598219,-160.17338788908393,192.51591130842036,9
niihau,21.84659261456271,-160.17243238698543,192.1878379274476,6
niihau,21.845126106110108,-160.1732498526062,192.62776707324014,14
niihau,21.847120040120977,-160.1719159189262,191.80915906768047,9
niihau,21.84712300526289,-160.17185459627458,191.75072026472742,16
niihau,21.847230281502007,-160.1716822676607,191.60746364316944,21
niihau,21.84733684730989,-160.17163533617565,191.58485520887973,24
niihau,21.84724017063878,-160.1716126798982,191.54228664170577,17
niihau,21.847397032977668,-160.17160660478504,191.56988564092623,15
niihau,21.84733972381105,-160.17156104662894,191.51348111012328,18
niihau,21.84892980972013,-160.17030970664607,190.6088807468363,6
niihau,21.848929918863874,-160.1702688736252,190.56783317907505,12
niihau,21.853075474416695,-160.16777686035957,188.74198173274118,1
niihau,21.85336837001093,-160.16718529203513,188.13625892339763,2
niihau,21.849415676181607,-160.16981862323172,190.20934552753485,11
niihau,21.849594462272044,-160.16975273142575,190.1774820074161,20
niihau,21.84972238190396,-160.16964984886795,190.09742838627636,17
niihau,21.849821749970832,-160.16931856555644,189.77650827380353,9
niihau,21.850353849472445,-160.16857471768165,189.10439840540872,4
niihau,21.857236540201487,-160.16497710953138,186.1633756884971,9
niihau,21.857176466218444,-160.16496462302948,186.13947295569633,16
niihau,21.857645337479866,-160.16460109115258,185.7555828983789,22
niihau,21.85603402336348,-160.16602406088148,187.24507978654253,28
niihau,21.856081956404076,-160.16593948786914,187.1521399343461,19
niihau,21.85609577259952,-160.1658763138926,187.07904769612364,29
niihau,21.856114703280213,-160.16577969975987,186.96678576107828,26
niihau,21.856858718002503,-160.16536711817585,186.58452214958828,16
niihau,21.85691999342654,-160.16531187672823,186.5265266510741,12
niihau,21.859653426551297,-160.16360747920848,184.74239567922984,7
niihau,21.85971124195466,-160.1635816260965,184.71528897576704,11
niihau,21.86030205857002,-160.16280876360017,183.7559383521583,8
niihau,21.860285335781303,-160.1627463079026,183.6711102095973,6
niihau,21.861805308590885,-160.1619496025212,182.7115189918559,12
niihau,21.861876175291396,-160.16194320833236,182.70765547003268,15
niihau,21.86318817134863,-160.16158589437106,182.2890205631067,6
niihau,21.863112318721107,-160.16153070106014,182.20489817109794,19
niihau,21.862835212820485,-160.16142278422498,182.03431785529068,1
niihau,21.862846962722717,-160.16116546460552,181.6671556385521,8
niihau,21.861561416061775,-160.16289618375365,183.99895670697254,10
niihau,21.860349305206974,-160.16277005075867,183.70871750295765,2
niihau,21.861723536274,-160.162554537852,183.54340122487082,5
niihau,21.860617692928965,-160.16252584497107,183.40555303070744,9
niihau,21.861578362617614,-160.1625171701075,183.47853689190057,6
niihau,21.861660572929686,-160.16246499829222,183.41389846623144,10
niihau,21.862023979420204,-160.1621712374228,183.03658153163008,7
niihau,21.86496658187814,-160.15887706359183,178.296513766119,13
niihau,21.865244421957374,-160.1583155000484,177.42517354707184,23
niihau,21.865318191332822,-160.1583073854726,177.40729131432317,26
niihau,21.865402842313788,-160.15829335867002,177.37944772723336,15
niihau,21.86534356006113,-160.15824526754793,177.31031300117058,14
niihau,21.865460201986103,-160.1581265954595,177.119024825319,25
niihau,21.865523396906344,-160.15810639547453,177.08268549125467,24
niihau,21.865926659507032,-160.1580788737749,177.0053956517836,1
niihau,21.863542174973542,-160.16034406485994,180.5016865228324,25
niihau,21.863875931647147,-160.1602836656975,180.4174422975613,10
niihau,21.86393452452006,-160.1602756230977,180.4062661504777,2
niihau,21.862999798514775,-160.16080767431737,181.1602906193524,18
niihau,21.863669399703625,-160.16015948227215,180.23336268310976,15
niihau,21.86423230072343,-160.16014215935354,180.21128878032286,9
niihau,21.864231491172152,-160.16007750819014,180.1151967286513,14
niihau,21.863767789406253,-160.1599903436643,179.98583190420175,11
niihau,21.863744645041983,-160.15991602853643,179.87687312328922,6
niihau,21.864334887014536,-160.15950505750666,179.26229774876867,8
niihau,21.86427470002134,-160.15948289425367,179.2305660555619,9
niihau,21.865780151152485,-160.15766562632984,176.37834302111185,18
niihau,21.86585147832162,-160.15764510457032,176.33898018757145,17
niihau,21.86585376346772,-160.15757699371585,176.2331413838674,11
niihau,21.867357694019002,-160.1557418667952,173.09879372335138,16
niihau,21.867296785220407,-160.15571950520686,173.07569886594217,16
niihau,21.86774354681734,-160.15492489415934,171.69450480309627,10
niihau,21.86779145938734,-160.15481669700742,171.50755575714118,20
niihau,21.86772610073674,-160.15481055828445,171.5146122624834,34
niihau,21.86674516668787,-160.1566264935327,174.6229616556933,11
niihau,21.866817880622886,-160.15656282056102,174.51015402908638,20
niihau,21.872309179168607,-160.14545598543583,154.01881031822734,2
niihau,21.87288996600587,-160.1447369025117,152.4184736511089,5
niihau,21.872904972928065,-160.14499523021047,152.8049902775665,12
niihau,21.87314217155262,-160.14341109521908,150.18367529515638,16
niihau,21.873221060039686,-160.14336817273553,150.04690452660634,14
niihau,21.873594218733047,-160.14103758253512,146.32471017195218,3
niihau,21.873479218523578,-160.14019022947986,145.27611175620905,1
niihau,21.877534273567356,-160.12738727781934,126.59171545824347,21
niihau,21.87759531195005,-160.12736491652754,126.49835742153459,14
niihau,21.87696754195652,-160.1277265978296,127.56652332764378,5
niihau,21.877299983005244,-160.12754028995047,127.00607474656783,15
niihau,21.877367399260663,-160.12753636764802,126.92087210917441,23
niihau,21.877395180891153,-160.12746322437476,126.82519501734726,8
niihau,21.87806105497346,-160.1253864486192,124.3378404649626,1
niihau,21.877161877269167,-160.1247235954309,124.90571189534745,1
niihau,21.87954560319316,-160.1144134155181,115.80799662618995,5
niihau,21.880950091629636,-160.10997720883557,112.31539121342024,10
niihau,21.881238875154438,-160.1102610904889,112.1231562605816,8
niihau,21.885747997804128,-160.09952063573039,104.25059586729526,2
niihau,21.885140925208127,-160.09749270539007,104.3704266900462,2
niihau,21.885295577384888,-160.09768262740846,104.26855350700436,1
niihau,21.890344503964794,-160.08874123678797,98.30860989778586,1
niihau,21.890422038437286,-160.0884092454167,98.20510830259354,2
niihau,21.890383243430467,-160.08837449275154,98.23394521375599,10
niihau,21.890443745686483,-160.08837785571356,98.18322541624798,9
niihau,21.893471414042562,-160.0815795039009,95.12719005229405,4
niihau,21.893737141834826,-160.0812827983967,94.90109531175779,2
niihau,21.89414488612715,-160.08087449256288,94.55986384988194,3
oahu,21.320426230071746,-157.67214200341348,117.56819005508669,1
oahu,21.32828409757455,-157.68850224515515,117.58325956165316,1
oahu,21.261135286343503,-157.7872686811012,139.34645524133634,2
oahu,21.346969661831423,-157.70347399548538,115.55195450758094,1
oahu,21.260375237864103,-157.6988999209874,128.70642424897653,2
oahu,21.36176355725564,-157.70938226986348,113.25724079801955,1
oahu,21.37883294751302,-157.70585565831382,109.66424192195296,1
oahu,21.41961599938804,-157.7658251443027,104.18649824016495,2
oahu,21.427528346370597,-157.76427516021602,101.94530629653002,1
oahu,21.431048426485177,-157.8060946675671,103.53270778127529,1
oahu,21.45663510823377,-157.77033856204542,93.91853969352644,1
oahu,21.46037866469256,-157.84049557189456,94.23847246769992,2
oahu,21.46797561593692,-157.8421492749716,90.90407203371677,1
oahu,21.478501426928947,-157.8417068391812,86.22066107341129,1
oahu,21.487484246116857,-157.84918515991973,81.82692742007453,1
oahu,21.494067177318108,-157.8490559804487,78.82773879680713,1
oahu,21.493941437066294,-157.84895252771534,78.89320817693545,5
oahu,21.491021327980704,-157.84771623572814,80.30963720659292,2
oahu,21.503828954701145,-157.85250437399029,74.08615178289813,1
oahu,21.50505456611156,-157.8514660915014,73.66614527913396,1
oahu,21.507948510112804,-157.84276170703214,73.45153748441453,1
oahu,21.27994471124396,-157.73958415771324,130.34699520639288,3
oahu,21.36546639579695,-158.1345382295192,233.9879825037242,1
oahu,21.300172507520642,-158.06257324028485,204.3457684406422,1
oahu,21.30800109952175,-158.11551488430953,217.8997167614371,1
oahu,21.432767681875873,-158.1852039980474,258.9674702066093,2
oahu,21.30813130993903,-158.01528737738266,191.46811617677622,5
oahu,21.308155117880183,-158.01481713103118,191.32088305134178,3
oahu,21.308061641887377,-158.0149918679344,191.36982562065896,2
oahu,21.308102416891526,-158.0149198682097,191.3498221094991,2
oahu,21.459855096766624,-158.21275078714078,267.3183956236035,1
oahu,21.509194512708792,-158.2290943628916,279.59684339926594,1
oahu,21.519660546343356,-158.22853150090535,282.1182784246304,3
oahu,21.52422331934066,-158.22931248320003,283.15441088977184,1
oahu,21.32118830110529,-158.12076325298514,221.3567381921907,1
oahu,21.317778810901245,-158.1193392302562,220.42618502600223,1
oahu,21.57545772097181,-158.27760532943714,290.8456632316494,1
oahu,21.590854039559773,-158.11066522917324,314.8241227153357,1
oahu,21.593375612388613,-158.1097418047841,315.61882667327313,1
oahu,21.59387771014095,-158.10872445071703,315.96056976101164,1
oahu,21.593636814784045,-158.10380327890198,317.0200117037673,3
oahu,21.29535664274098,-158.0964468581651,211.819679873123,1
oahu,21.29827075864771,-158.073767292162,206.93647347116334,3
oahu,21.351595687940122,-158.13029921345696,229.7510160510627,1
oahu,21.542506462034794,-157.84262446683206,60.44014813419682,3
oahu,21.604486435052205,-157.90024707195417,28.892920054428487,1
oahu,21.604203142665803,-157.89986551466475,29.06001910594233,1
oahu,21.639146355568062,-157.91828837674828,18.753633274432445,3
oahu,21.642441244340862,-157.9188847592571,18.253541866126056,1
oahu,21.67492155857647,-157.93677477095605,11.105866650367147,2
oahu,21.6851209715954,-157.94530849099408,8.534958417249243,1
oahu,21.694607281018225,-157.95227991249135,6.551821350619207,1
oahu,21.694622400714017,-157.95221368614438,6.566899597369456,1
oahu,21.693869970467162,-157.9512267998913,6.820623536167602,1
oahu,21.70357686817219,-157.96266930701793,3.949911513236543,1
oahu,21.70768686263577,-157.96567165792385,3.210892954774465,2
hawaii,19.87867311421037,-155.11048555741078,54.15748696500418,3
hawaii,19.978622698470637,-155.22036031274766,36.70594709087658,3
hawaii,19.97860222287238,-155.2202933464209,36.71356756665767,4
hawaii,20.068563621339116,-155.39621420869938,13.975510180751314,2
hawaii,20.068491284670333,-155.39604795644425,13.9956188152521,3
hawaii,20.068408390418554,-155.39598094146615,14.005268490708147,4
hawaii,20.087683900278257,-155.43322900718306,9.51519515048534,13
hawaii,20.08759526353853,-155.43318672784758,9.521445461265557,17
hawaii,20.087683718151055,-155.43316362472183,9.52223715144919,15
hawaii,20.087685819668636,-155.43299810519946,9.540013906042134,15
hawaii,20.08773903420886,-155.43292418025564,9.546948264578589,9
hawaii,19.53498527980143,-154.8349495191105,95.75269789683801,4
hawaii,19.534744812101284,-154.8345220329749,95.7702552656092,16
hawaii,19.537763516513127,-154.83830194653595,95.53533776738112,7
hawaii,19.569308036399825,-154.90487203207618,93.03178808894029,2
hawaii,19.652745993746326,-154.9795270376724,84.08555052167299,2
hawaii,19.656664536286144,-154.98261577189794,83.61342884165464,13
hawaii,19.66259933686962,-154.9825779359384,82.95143305772217,3
hawaii,18.96849539896645,-155.60183978931846,186.96055873267053,6
hawaii,18.96915691677351,-155.60486119633288,187.22235789746398,4
hawaii,18.977244701204746,-155.59589726952618,186.54954764018794,1
hawaii,18.977432742150253,-155.5955732729894,186.52378266240405,8
hawaii,19.129069002322876,-155.51052461365973,178.9141054138379,4
hawaii,19.14761014290293,-155.45383622691276,172.15520367876843,1
hawaii,18.91709738974238,-155.6687846999195,191.59870874962778,2
hawaii,18.920051266433983,-155.6613797150377,191.08273012740838,11
hawaii,18.923108361795038,-155.65482018998947,190.62711115699082,14
hawaii,18.925250973940695,-155.65287884500316,190.51002881371105,4
hawaii,19.06406251194694,-155.55324418341718,183.3443209618778,1
hawaii,19.069116317012515,-155.55417222002697,183.47010306674878,8
hawaii,19.068711342664855,-155.55414948679382,183.46516331491773,2
hawaii,19.07799238753486,-155.555540980808,183.66993267263376,11
hawaii,19.079870367238957,-155.5546425775298,183.59029117093525,1
hawaii,18.911443041822388,-155.68043742123567,192.38032975338388,1
hawaii,19.240657378096824,-155.32397582221205,152.8013855586056,1
hawaii,18.941900567224806,-155.6333501949651,189.2164191261407,23
hawaii,18.947571567526825,-155.62972128061244,189.00250480706802,3
hawaii,18.95175356814704,-155.62631273235462,188.78263667106913,4
hawaii,18.961999303152513,-155.6229172527727,188.64085910162228,13
hawaii,19.12241094493834,-155.5103054139258,178.9044757434931,1
hawaii,19.471022579606853,-155.92217511300134,251.20015590725174,5
hawaii,19.679739755927802,-156.03132741001906,279.39940627135223,1
hawaii,19.779149442676857,-156.0453247784777,289.90032419825576,1
hawaii,19.20087043435733,-155.90572620442177,222.31541058453152,1
hawaii,19.961004990564142,-155.85717848188668,318.6560593110164,1
hawaii,20.13261169362096,-155.60549754493192,351.4006674103148,1
hawaii,20.162633099166506,-155.64955088268184,347.76120821979725,5
hawaii,20.20436735563854,-155.73142745391732,341.75971887801745,2
hawaii,20.22604892685475,-155.74115757961764,341.59304670332335,8
hawaii,20.238011477890204,-155.76348062760752,340.22588330728234,4
hawaii,20.23799909650277,-155.76340694398922,340.2310497629029,4
kahoolawe,20.56037938736125,-156.65514990408286,283.7938625366262,1
kahoolawe,20.537539974774827,-156.55427969275982,103.43146110901631,2
kahoolawe,20.535783747389218,-156.55424742814938,105.23322804795458,15
kahoolawe,20.53470250445432,-156.5541448018182,106.3036694342398,17
kahoolawe,20.534448278029632,-156.55396958893155,106.51092840469255,7
kahoolawe,20.53454360329692,-156.55390346353713,106.39687682616238,10
kahoolawe,20.535155933779055,-156.5538724420439,105.77196773751882,2
kahoolawe,20.533878465118395,-156.55348152924174,106.9422195723181,1
kahoolawe,20.534426731140297,-156.55301900974183,106.27145872038926,2
kahoolawe,20.533780816196632,-156.5521297507155,106.6632095602219,15
kahoolawe,20.59990419104187,-156.56374296055634,40.95581411397836,4
kahoolawe,20.600715158909445,-156.5642358498655,40.19629056038224,7
kahoolawe,20.600689201039597,-156.5641495678547,40.263969078806724,3
kahoolawe,20.599067908116528,-156.5625818634799,42.14142596133058,5
kahoolawe,20.598993472620045,-156.5625797867885,42.185952988019835,2
kahoolawe,20.597929123630955,-156.59046182321413,20.892212591110763,5
kahoolawe,20.5970888415435,-156.5587497725522,45.54242608177282,4
kahoolawe,20.596581445812408,-156.5581162952018,46.20439896950114,2
kahoolawe,20.574596602665558,-156.6284474490704,324.92060861865883,3
kahoolawe,20.57050726609719,-156.6339958835467,312.38652158862567,1
kauai,22.07053175187799,-159.31660938461036,89.82073230721528,3
kauai,22.106344270312928,-159.29663509670328,79.08477718192893,1
kauai,22.134045633485886,-159.29430720870855,71.42844547363802,1
kauai,22.13833102024403,-159.29297904696185,70.39582832484473,1
kauai,22.138496753124162,-159.2928542943232,70.36284431695162,3
kauai,22.143599666780503,-159.2936790627242,68.94680179877668,1
kauai,22.14165572987367,-159.29303732139505,69.51427248901882,1
kauai,22.14772580392023,-159.29549085809998,67.700927968207,2
kauai,22.146108650461137,-159.29479719074865,68.18768754026945,1
kauai,22.14782944927618,-159.29682260408254,67.54226800635911,2
kauai,22.17587695061189,-159.3130660838081,58.56796717171784,5
kauai,22.175980616399013,-159.31299686224256,58.55245400663364,6
kauai,22.175918298396763,-159.31298721840176,58.56876641220333,5
kauai,22.176044338098222,-159.31284005923047,58.55849949725484,2
kauai,22.176552337893227,-159.31269762457896,58.45594465411318,9
kauai,22.186545516926024,-159.3167152178354,55.54409616966791,8
kauai,22.185994313440887,-159.3152831494295,55.878085401485464,3
kauai,22.184272625359515,-159.31347153321155,56.532594901222296,1
kauai,22.189177179858145,-159.3217036308713,54.19811727242478,5
kauai,21.978474061750312,-159.33347227861668,120.67094178885645,3
kauai,21.985033092535936,-159.33391711400984,118.90063673177019,1
kauai,22.171849409903597,-159.3119655740294,59.694546229683624,1
kauai,21.90260842919218,-159.39489094773018,149.80434216661894,4
kauai,21.90261978567984,-159.3948268894395,149.78747462095157,4
kauai,21.94147912803406,-159.35053456280258,132.85696275787745,25
kauai,22.214717620940615,-159.3532893941353,43.212950146794924,3
kauai,21.99116542092957,-159.33763177317476,117.65092136271807,1
kauai,21.941104393419614,-159.35045256973262,132.92447662778488,13
kauai,21.94085624537209,-159.35036975924652,132.96361600813725,20
kauai,21.96887875798402,-159.3314867699958,122.92411076264318,4
kauai,21.9688029185947,-159.33137230236082,122.92595771005216,3
kauai,21.89123237605144,-159.56260236017954,197.97972827125392,11
kauai,21.907306848876047,-159.62223011099843,214.84724586516316,5
lanai,20.849965980848374,-156.82471069458057,77.36418983347215,2
lanai,20.85650940765559,-156.8293183447346,72.6314578042502,2
lanai,20.85656879160338,-156.8292867477434,72.60059433891001,2
lanai,20.856485252227387,-156.8290800380007,72.68909722571243,2
lanai,20.856518459883088,-156.82953361790726,72.58703693101052,6
lanai,20.859090525515157,-156.83243053153035,70.43323641952952,1
lanai,20.858892588282057,-156.83207576730877,70.62895277633925,9
lanai,20.857791796301154,-156.8308706028255,71.55029445090918,3
lanai,20.857756265548723,-156.83074640441194,71.59620127939525,2
lanai,20.857362969910263,-156.8303120151151,71.92196961916852,5
lanai,20.864735582742334,-156.83829704533568,65.5403702240967,1
lanai,20.876720968240278,-156.85256287682316,53.452061944084164,3
lanai,20.87597388325578,-156.8516250921981,54.26877123243679,3
lanai,20.87751892346653,-156.8541721995517,52.31936588482779,5
lanai,20.884213743952937,-156.8604504867044,45.75276286223357,7
lanai,20.89088007010212,-156.86741357240214,38.91443789400955,5
lanai,20.896550574416167,-157.059810308713,296.98946416544334,4
lanai,20.89930405630959,-157.05968532340756,297.96115340306477,1
lanai,20.898313863573886,-156.87696783090053,30.487314068797673,4
lanai,20.904297193350867,-156.88257366532514,25.211697862131984,4
lanai,20.902799030767362,-156.88111059300365,26.532341883183904,2
lanai,20.90536637320189,-156.88580217654422,22.981647255164148,4
lanai,20.920755432419096,-156.92744162208731,355.61758285165274,1
lanai,20.920709685849467,-156.92679804272524,355.9932864162373,12
lanai,20.919762150938723,-156.92078563235498,359.53131264132253,5
lanai,20.919428000045773,-156.91477386265362,3.12638740308131,4
lanai,20.924231012188322,-156.9733623940023,332.1086179222861,2
lanai,20.92366234354167,-156.96635748475074,335.1750706768508,1
lanai,20.92362240171259,-156.96597659803257,335.3454495538004,1
lanai,20.923788440813347,-156.963813647462,336.41292433656633,4
lanai,20.92304835985647,-156.95646433244107,339.8836315711972,3
lanai,20.92305567542546,-156.95635119062842,339.9425166491653,2
lanai,20.922716852026713,-156.95103549724456,342.6274049406614,2
lanai,20.922756742284292,-156.94449794079586,346.1338961441808,8
lanai,20.92237435797693,-156.94823660428065,344.0555358146582,3
lanai,20.922502136899276,-156.94345481865383,346.6676088197401,4
lanai,20.922502599780977,-156.94338829472272,346.7041422975252,9
lanai,20.922041844943795,-156.93095490306803,353.6524204395009,8
lanai,20.922067959401502,-156.9307995944195,353.74345256374556,8
lanai,20.922012913713147,-156.93075863299762,353.763296233148,9
lanai,20.927955289965816,-156.9958049518882,324.1220723531372,2
lanai,20.92898504011651,-156.98834136593888,327.16605056166054,2
lanai,20.92916598079563,-156.9877854331388,327.42639098788555,2
lanai,20.929093888897135,-156.98741610377698,327.54938374661253,5
lanai,20.928556698438154,-156.98599268144335,327.96058448773226,2
lanai,20.928201974517314,-156.9837316584459,328.7603583290886,2
lanai,20.75198714473875,-156.9800775135892,215.74497099302965,2
lanai,20.751752680770515,-156.98001591319652,215.63564905537962,1
lanai,20.76841983274401,-156.82967137214592,126.10735723906942,2
lanai,20.771472858326472,-156.82847163830755,124.37835821032257,3
maui,21.022873837590137,-156.62863342692947,308.60190513030966,2
maui,21.021880513965733,-156.60887721711865,310.40077436953646,2
maui,20.914275893694725,-156.4914637487396,307.12909166002913,1
maui,20.906890047145822,-156.21457501855227,45.26999918023233,10
maui,20.88975622799676,-156.1930593094738,54.96437070447291,14
maui,20.895687542492013,-156.68512601986185,286.07867708310164,2
maui,21.016401397326092,-156.58008648341934,312.78838918138706,4
maui,21.016581866733045,-156.57028849306894,313.95525881470974,10
maui,20.828830760240308,-156.63610253919208,275.7533136518005,1
maui,20.813925581877346,-156.6275419818387,272.86612177838833,1
maui,20.78841975906016,-156.55764724439504,266.8852794547023,1
maui,20.775946809485113,-156.5293032458765,262.64377870609235,1
maui,20.764255073333516,-155.98053776995667,96.24427420900247,2
maui,20.762342345623292,-156.4591069945687,252.67139300249548,1
maui,21.005724042071776,-156.5555683359703,314.29269025764654,23
maui,20.740129223588813,-155.98269937946316,100.44839311457764,1
maui,20.728817245384775,-155.98595185664968,102.47965648960127,1
maui,20.63016883624551,-156.12420600298717,131.43752285536812,1
maui,20.62513456664841,-156.20865107817997,147.02739957496772,1
maui,20.623742684128413,-156.21256521133733,148.08347605602592,5
maui,20.588619924581145,-156.28631595491305,169.06561365105415,15
maui,20.58337961202427,-156.29761339221258,172.04362580100246,5
maui,20.576459502643374,-156.37755987658022,191.2488225110453,1
maui,20.97719731108722,-156.52646571487833,313.97379818605435,4
maui,20.97545778738718,-156.52700561237177,313.6128808913561,7
maui,20.963372146104664,-156.52443173280662,311.9503299420849,2
maui,20.962977852551703,-156.5237930094817,311.9752304486229,8
maui,20.962919140870426,-156.5237418747853,311.97248387314096,9
maui,20.964844147327483,-156.5256398782907,312.0293968373794,8
maui,20.964309272070178,-156.52530588411366,311.9854807972917,18
maui,20.964243975544022,-156.52522409530542,311.9860899441593,8
maui,20.964184137195087,-156.52518239888084,311.98179412702916,4
maui,20.957850038116057,-156.51934514927652,311.72608195477443,3
maui,20.956770452846925,-156.51784188433047,311.75762339863246,1
maui,20.941914195668023,-156.5090429818065,310.2941735840907,1
maui,20.939643416864968,-156.30712081504086,8.707859343382324,1
maui,20.937117877668495,-156.26059474079486,25.322706455570085,7
maui,20.934196358116633,-156.50406843949045,309.51201797274143,2
molokai,21.095698504568322,-157.3042252574857,262.62783835157546,1
molokai,21.094003285124913,-157.29984267149064,262.1482091508878,2
molokai,21.094189067465333,-157.2939676636228,262.0228487419764,3
molokai,21.092683571088198,-157.14721525232486,252.54284492807966,1
molokai,21.075942520995586,-156.78888876507693,104.07735230057006,3
molokai,21.073512458632592,-156.981521335218,147.56858213794345,1
molokai,21.209664153507653,-157.19420556324533,296.11698347299,13
molokai,21.20959362652905,-157.1941646185242,296.1022517666464,10
molokai,21.20813905419047,-157.1933162163441,295.79654349883486,12
molokai,21.207685614990844,-157.19289157767295,295.72104136528645,8
molokai,21.207620497588245,-157.1928835089772,295.7033056117007,2
molokai,21.20757197818935,-157.19282284130065,295.69716424292466,2
molokai,21.207438280455918,-157.1926688189504,295.67851152200353,7
molokai,21.206551395896483,-157.1921013254594,295.4949045524321,24
molokai,21.20659969038227,-157.19217470911283,295.4994542138044,16
molokai,21.20553209315902,-157.19092615260377,295.3493351241749,34
molokai,21.205438842624808,-157.1909224728605,295.32243703173344,17
molokai,21.2053588088608,-157.19068554632406,295.32965145276324,44
molokai,21.20516739421677,-157.19053993679063,295.29223177305585,18
molokai,21.204675892842065,-157.18980063295336,295.24322722369914,2
molokai,21.205528611636527,-157.19098899341105,295.3401657701672,28
molokai,21.20378220078603,-157.18834657057752,295.167292067247,4
molokai,21.203042337580985,-157.18649941751704,295.1883518277618,8
molokai,21.20228893489838,-157.18280726278442,295.4554157085077,13
molokai,21.20231994726883,-157.1826843717339,295.48175291233264,9
molokai,21.20225141335139,-157.18262742190083,295.4684492480073,13
molokai,21.202690163572814,-157.1842370528773,295.38413942285837,20
molokai,21.202399087778442,-157.1817967350339,295.6281362171743,12
molokai,21.20230728236748,-157.18179304327,295.60030568984234,27
molokai,21.200574888323874,-157.16432156722428,297.66622706408026,1
molokai,21.198859447407422,-157.14140425551926,301.30275463876217,1
molokai,21.198523371325265,-157.13051177745822,303.6139494780543,1
molokai,21.18804755698865,-156.94917493254363,48.695265825909814,8
molokai,21.175578416056975,-156.7664842943554,79.09033621440273,25
molokai,21.172928985189092,-156.77988483163804,79.1495969484547,1
molokai,21.17268195648582,-156.80830261460284,77.80311810311025,1
molokai,21.169259793639323,-156.92636385368286,65.79595529116489,2
molokai,21.163974834980223,-156.73618999951117,82.68671417386054,4
molokai,21.21887178916756,-157.20959772590228,296.68072073135096,37
molokai,21.16213432584712,-156.73619239515293,83.0788859635079,1
molokai,21.14525145861086,-156.7140711773739,86.94065536226151,22
molokai,21.14519351763334,-156.71404684763976,86.952497899896,23
molokai,21.217425175106026,-157.23473706300055,293.5799657597388,10
molokai,21.217771993459714,-157.2323877805959,293.8958103232978,7
molokai,21.135045538326683,-156.71971844529625,88.9679937785611,3
molokai,21.135944566882635,-156.71954298605652,88.78486877001853,8
molokai,21.136138175205758,-156.71950287010446,88.74547311534559,3
molokai,21.133069406102067,-156.7217866526707,89.36779186495926,7
molokai,21.132933346596673,-156.72174157094847,89.39590534501468,3
molokai,21.126857870578476,-156.72690480281443,90.65848619858644,1
molokai,21.123630977844,-156.7311582782713,91.35419867989134,9
molokai,21.121684517248376,-156.7316375383656,91.77076475561392,9
molokai,21.21414632633062,-157.19835570013683,296.8301343974816,25
molokai,21.214164448680613,-157.19829344849956,296.8431617063483,29
molokai,21.100544592852252,-156.7534773915715,96.75711635836649,2
niihau,21.89391917650536,-160.21681971642315,263.42039708064294,1
niihau,21.902774656686514,-160.20623587133483,273.70064141388053,2
niihau,21.911672780550376,-160.19824485167806,288.2086248792514,2
niihau,21.912278833058302,-160.1979329821055,289.23255843464796,3
niihau,21.916621282128283,-160.19328593064316,298.2885202461656,1
niihau,21.925256077988035,-160.18259296335245,320.307292259179,1
niihau,21.925407444925977,-160.1819941596816,321.228954721561,1
niihau,21.93908183235972,-160.15882720798527,1.5948794554931283,7
niihau,21.946023361349358,-160.13729059070184,24.599457895376872,1
niihau,21.95344999876283,-160.12614980006876,30.438673012598144,3
niihau,21.994106963110777,-160.10756235684917,27.339082186443022,10
niihau,21.994039868356197,-160.1075455630387,27.363245071665176,6
niihau,21.99428819950104,-160.10688921210414,27.593048631473607,4
niihau,21.995910554909436,-160.10082766056956,29.78818979779612,3
niihau,21.995912844418694,-160.06036140314794,43.94627286031243,6
niihau,21.995947474145503,-160.06020280211112,43.98147264968168,3
niihau,21.995829723286768,-160.06016783052132,44.02666205828615,7
niihau,21.9958915755106,-160.06015802253734,44.01100111839594,5
niihau,21.997384318077103,-160.10466112995096,27.800222652296384,1
niihau,21.99678382081577,-160.1039575053984,28.247443742875987,2
niihau,21.998443838928736,-160.07971668665823,37.11379943217338,1
niihau,21.999471199272804,-160.07196561509397,39.39137620041606,1
niihau,21.999827970061954,-160.07133730315564,39.490647811072904,6
niihau,21.999063293081026,-160.0653046975923,41.57062816909303,5
niihau,21.999081540407378,-160.06485963346302,41.69879075760849,4
niihau,21.99997231554991,-160.06665465257126,40.903425134041925,6
niihau,21.999919680599483,-160.06638612975038,40.99983326231467,15
niihau,22.0000006963584,-160.0663466323698,40.988807887582084,10
niihau,21.999461346847607,-160.06563217588632,41.35813297474243,6
niihau,21.99844261413654,-160.0620581325554,42.71061867946656,4
niihau,21.81282584929371,-160.24249121476922,221.2829231118497,1
niihau,21.822084731557677,-160.2457015493082,225.582914454929,4
niihau,21.830283159580187,-160.24392000162948,228.1597977116699,6
niihau,21.83270984007673,-160.2436323566969,229.06904472334477,2
niihau,21.875927217585396,-160.2318605351867,250.1480030359108,2
niihau,21.878854519106397,-160.22924798369914,251.78318533163085,4
niihau,21.916620039015253,-160.08046645948556,77.30752236348644,10
niihau,21.912477967257253,-160.07865433625108,80.61249747783813,12
niihau,21.923635404238624,-160.0822864705805,71.85139846893628,1
niihau,21.92181257105576,-160.08196559684387,73.23425775462954,2
niihau,21.944388452523235,-160.07864579785533,59.54208816195285,7
niihau,21.95226273284612,-160.07658180476218,55.97109250039597,8
niihau,21.95424090919644,-160.0763569360329,55.04964089616135,13
niihau,21.953234679118697,-160.07634200000723,55.55654160631923,27
niihau,21.95312087703146,-160.0763390127743,55.61466495750392,34
niihau,21.954177126740362,-160.07633030998832,55.08984762998034,24
niihau,21.953948294605617,-160.07623601171895,55.2338171098973,5
niihau,21.9540662856484,-160.0762062998447,55.184683300509334,23
niihau,21.954003208530985,-160.0762098920719,55.21487677777981,28
niihau,21.95394830475641,-160.07623446241857,55.23430847475089,9
niihau,21.954930770397542,-160.075905642389,54.85415421535737,5
niihau,21.95637696385233,-160.07481160991438,54.50112694649221,8
niihau,21.956678149688745,-160.0743682266129,54.497418798710555,6
niihau,21.961823947488806,-160.07049877789797,53.33283936868753,2
niihau,21.95831870034574,-160.07222821358317,54.39305630860969,8
niihau,21.958652552415103,-160.07217668198012,54.2540422061773,4
niihau,21.95829315555754,-160.0721559736533,54.42724501107256,5
niihau,21.959002876739987,-160.0713728302238,54.339744140126754,6
niihau,21.96605782287459,-160.0697117781322,51.742930151475605,9
niihau,21.96627299034247,-160.06965780049632,51.66896364911969,5
niihau,21.966928456400392,-160.06932530039168,51.496905296023385,10
niihau,21.969994743135214,-160.06722013639774,50.88567260097415,3
niihau,21.968978629270808,-160.0680859055613,51.03278001711874,5
niihau,21.96912026695316,-160.0680036766517,51.000362073675376,20
niihau,21.972481138896768,-160.0647123165058,50.654518610714206,27
niihau,21.972540028228828,-160.06468583153838,50.639510158652286,20
niihau,21.972296291085623,-160.06463229724616,50.749800553463615,6
niihau,21.974200809176555,-160.06434103032083,50.104030840446285,1
niihau,21.97078888050352,-160.0661766286567,50.882939970482994,7
niihau,21.970922305213684,-160.0657452960987,50.95874674726838,10
niihau,21.970945699641266,-160.06564823545716,50.97835076295496,7
niihau,21.971126908433614,-160.06556513609053,50.93152237333703,35
niihau,21.971246405572362,-160.06555363107452,50.88786828640758,23
niihau,21.977029268969055,-160.0581814031599,50.807061757253564,1
niihau,21.97736575125107,-160.058673969734,50.54843246678951,2
niihau,21.977510116551045,-160.05861634759577,50.51200138851044,1
niihau,21.979320733078684,-160.05089406412384,51.919507165807545,3
niihau,21.985885535643078,-160.05140382931882,49.55632958973888,2
niihau,21.981527858391182,-160.04995279978843,51.39387130311701,13
niihau,21.981844448485358,-160.0498592413729,51.309307873190335,9
niihau,21.98197333683639,-160.0498481792024,51.26811865644174,6
niihau,21.981963200757598,-160.04976635848502,51.2923390729631,1
niihau,21.991400885110043,-160.05454870014302,46.949245299038864,5
niihau,21.990712928418557,-160.05448743585418,47.18172058966121,5
niihau,21.99159739512835,-160.054445347788,46.91585907486524,15
niihau,21.99162904042944,-160.05438475225353,46.92238987119737,12
niihau,21.99216271614535,-160.05436002488028,46.76305662805913,13
niihau,21.987750500906678,-160.05189663646885,48.81858561719764,5
niihau,21.98760695980879,-160.05188240553264,48.868801432546945,15
niihau,21.987413070214085,-160.0518027140691,48.95259567610407,6
niihau,21.987337876110455,-160.0517800759547,48.98294953846505,10
niihau,21.992026524886153,-160.05427048620942,46.82956189305668,17
niihau,21.991863786534484,-160.05420729183004,46.89724149385103,4
niihau,21.990436119278847,-160.05412564726473,47.36674973779685,15
niihau,21.995648051472088,-160.05780472426505,44.751056250401234,10
niihau,21.99513420930607,-160.0572472369013,45.06122358796455,1
niihau,21.99461148775601,-160.05613252553457,45.52814797213648,7
niihau,21.995273770059097,-160.05734629813824,44.99159631811557,4
niihau,21.80829664674493,-160.19436979707348,199.1749532417654,11
niihau,21.808312828368013,-160.1943056993305,199.1449297143815,11
niihau,21.816384872045667,-160.19012421324578,198.48342563905163,18
niihau,21.816444882001864,-160.1901202593555,198.49353518262504,21
niihau,21.82404104142855,-160.18622811855667,197.76419240983049,22
niihau,21.825254719643315,-160.18530374718776,197.43767227097914,47
niihau,21.825266025936333,-160.18523882667935,197.39810851681884,9
niihau,21.830714131546543,-160.18192667553316,196.3637870442689,47
niihau,21.830784512254247,-160.18191254781416,196.36954641680262,28
niihau,21.830640480051407,-160.18189298175972,196.3235569954626,39
niihau,21.835015009069554,-160.17890829647723,195.1078127558872,3
niihau,21.838054761947127,-160.17688026427294,194.18919099837,8
niihau,21.835047825921585,-160.17886676810173,195.08341361227465,13
niihau,21.835488646902125,-160.17866545781203,195.0271130596064,11
niihau,21.835840428535665,-160.17830822355842,194.82949896355763,4
niihau,21.788383730487347,-160.20318047319554,199.74548590443402,30
niihau,21.78813638225573,-160.20305847443805,199.6537884308578,23
niihau,21.843291067783174,-160.1737070581074,192.64036784456496,21
niihau,21.843761727391907,-160.1736278817281,192.6714922712854,22
niihau,21.843503221370423,-160.1736238359133,192.61174716301815,18
niihau,21.844295736135702,-160.17284674724644,192.07808704147814,1
niihau,21.84387081037752,-160.17332881844524,192.42546818992773,13
niihau,21.851465259567917,-160.16804709999653,188.74559484746237,8
niihau,21.852999188937833,-160.16780856003777,188.7630371649494,3
niihau,21.849546835805484,-160.169819303903,190.2360202688736,13
niihau,21.849482616455692,-160.1697545303475,190.15725267508705,6
niihau,21.84974094863268,-160.1695793627239,190.02880278811512,16
niihau,21.849810042131853,-160.16949187036062,189.95244924488009,7
niihau,21.849798274281877,-160.16924057673035,189.69179826462823,7
niihau,21.85043189851659,-160.1684981348324,189.0384042045933,2
niihau,21.853368380971595,-160.16718374386994,188.13453121137908,1
niihau,21.85706615784127,-160.16508120530895,186.26649117642893,18
niihau,21.857146890789373,-160.1650336694108,186.21993113649114,13
niihau,21.857296059539074,-160.16491469265733,186.09508553264945,10
niihau,21.85747457077252,-160.16470847467826,185.86549458075217,21
niihau,21.85597153932646,-160.16602026360354,187.23039452603217,28
niihau,21.863114173471725,-160.1616007794231,182.30585178829773,13
niihau,21.863307175534747,-160.16105538113766,181.52868880822646,4
niihau,21.863300199440197,-160.1609941643643,181.43978296482183,9
niihau,21.861563585440244,-160.16281917119002,183.89317070863237,6
niihau,21.860616118920834,-160.16259531372842,183.49884746394707,6
niihau,21.86117972911834,-160.1622981433592,183.14395510314372,8
niihau,21.865435653080436,-160.15838052662258,177.51076405312176,16
niihau,21.865246511746047,-160.15837803298544,177.5204871990511,18
niihau,21.8655036434099,-160.15803791349666,176.97910102965636,13
niihau,21.86362020543992,-160.16039792051458,180.58145371326353,21
niihau,21.863576236408075,-160.1602791151296,180.40736640664338,28
niihau,21.864404569844286,-160.15946149146603,179.19580050899697,15
niihau,21.866353303842743,-160.15703753335148,175.32973328375476,8
niihau,21.86647717137603,-160.15686743338298,175.04471181613474,11
niihau,21.86735868123127,-160.15567838994494,172.99672052507412,20
niihau,21.86766888216066,-160.15490609967136,171.6831596738524,21
niihau,21.867713887398423,-160.15474871704143,171.4181913175231,33
niihau,21.873302310078053,-160.14267239162234,148.94390992169883,17
niihau,21.873161025840062,-160.14334969345134,150.07487717554397,16
niihau,21.876953715130792,-160.12766145115276,127.52731156094109,3
niihau,21.877455371266596,-160.12748557026805,126.7708017683276,9
oahu,21.2611274846398,-157.78733948229655,139.35791768017776,3
oahu,21.457302206455317,-157.772757250014,93.76684541828934,2
oahu,21.501549706366298,-157.85226393683712,75.13592000783865,1
oahu,21.380586808959187,-158.14662413555513,240.03101547384372,1
oahu,21.304620193459993,-158.03695092720608,197.76903251010802,1
oahu,21.30818661266992,-158.01470315900735,191.2869172575509,1
oahu,21.314811458379225,-157.98575951755356,181.97808021674072,1
oahu,21.51972533911442,-158.22843711772336,282.1380940915164,7
oahu,21.51985350704188,-158.22841075834947,282.16970179196613,3
oahu,21.51942958581241,-158.22860127150372,282.0602869949977,3
oahu,21.320960560428027,-158.12061149589104,221.28264280322756,1
oahu,21.55899472498735,-158.25585117012585,289.1201323009177,1
oahu,21.575490358327407,-158.2758420286646,290.965068704518,1
oahu,21.62374782860297,-158.08032356067358,328.73214422074443,1
oahu,21.298209427559136,-158.07375321599048,206.92473891594517,3
oahu,21.528310250527348,-157.83490299719548,66.64356439376104,2
oahu,21.68462939859659,-157.94528732498097,8.559359277018359,2
oahu,21.69379699455431,-157.95114381260325,6.8423186600366535,1
